cell_id,true_label,pred_label_raw,pred_label_aligned
0,5.0,4,5.0
1,5.0,4,5.0
2,4.0,1,3.0
3,5.0,4,5.0
4,5.0,4,5.0
5,5.0,4,5.0
6,5.0,5,4.0
7,5.0,4,5.0
8,5.0,4,5.0
9,5.0,4,5.0
10,5.0,4,5.0
11,5.0,4,5.0
12,5.0,5,4.0
13,3.0,1,3.0
14,5.0,5,4.0
15,4.0,5,4.0
16,3.0,1,3.0
17,4.0,5,4.0
18,5.0,4,5.0
19,4.0,5,4.0
20,5.0,5,4.0
21,5.0,4,5.0
22,3.0,1,3.0
23,5.0,5,4.0
24,5.0,4,5.0
25,3.0,1,3.0
26,3.0,1,3.0
27,5.0,5,4.0
28,5.0,4,5.0
29,3.0,1,3.0
30,5.0,5,4.0
31,5.0,4,5.0
32,5.0,4,5.0
33,4.0,4,5.0
34,3.0,1,3.0
35,5.0,4,5.0
36,3.0,1,3.0
37,4.0,4,5.0
38,5.0,4,5.0
39,2.0,5,4.0
40,4.0,1,3.0
41,5.0,5,4.0
42,5.0,4,5.0
43,3.0,1,3.0
44,5.0,4,5.0
45,5.0,4,5.0
46,3.0,1,3.0
47,5.0,4,5.0
48,3.0,1,3.0
49,5.0,4,5.0
50,5.0,4,5.0
51,3.0,1,3.0
52,3.0,1,3.0
53,5.0,9,1.0
54,4.0,5,4.0
55,3.0,1,3.0
56,5.0,4,5.0
57,3.0,1,3.0
58,5.0,5,4.0
59,5.0,4,5.0
60,5.0,5,4.0
61,3.0,1,3.0
62,3.0,1,3.0
63,5.0,4,5.0
64,3.0,1,3.0
65,3.0,1,3.0
66,4.0,5,4.0
67,3.0,1,3.0
68,3.0,1,3.0
69,3.0,1,3.0
70,3.0,1,3.0
71,5.0,4,5.0
72,5.0,4,5.0
73,3.0,1,3.0
74,5.0,9,1.0
75,3.0,1,3.0
76,3.0,1,3.0
77,5.0,4,5.0
78,3.0,1,3.0
79,5.0,4,5.0
80,3.0,1,3.0
81,5.0,4,5.0
82,5.0,4,5.0
83,3.0,1,3.0
84,4.0,1,3.0
85,5.0,5,4.0
86,5.0,1,3.0
87,5.0,4,5.0
88,5.0,4,5.0
89,5.0,4,5.0
90,3.0,1,3.0
91,3.0,1,3.0
92,5.0,4,5.0
93,4.0,5,4.0
94,5.0,4,5.0
95,3.0,1,3.0
96,3.0,1,3.0
97,5.0,4,5.0
98,5.0,5,4.0
99,4.0,1,3.0
100,5.0,5,4.0
101,4.0,5,4.0
102,5.0,4,5.0
103,5.0,4,5.0
104,5.0,4,5.0
105,5.0,4,5.0
106,3.0,1,3.0
107,3.0,1,3.0
108,3.0,1,3.0
109,5.0,5,4.0
110,5.0,4,5.0
111,3.0,1,3.0
112,4.0,1,3.0
113,3.0,1,3.0
114,5.0,4,5.0
115,5.0,4,5.0
116,6.0,7,6.0
117,5.0,4,5.0
118,5.0,4,5.0
119,3.0,1,3.0
120,5.0,5,4.0
121,5.0,4,5.0
122,5.0,5,4.0
123,3.0,1,3.0
124,5.0,4,5.0
125,5.0,4,5.0
126,5.0,5,4.0
127,3.0,1,3.0
128,3.0,1,3.0
129,3.0,1,3.0
130,5.0,4,5.0
131,3.0,1,3.0
132,3.0,1,3.0
133,5.0,5,4.0
134,5.0,4,5.0
135,5.0,4,5.0
136,5.0,5,4.0
137,5.0,4,5.0
138,4.0,1,3.0
139,4.0,5,4.0
140,5.0,4,5.0
141,5.0,5,4.0
142,4.0,1,3.0
143,5.0,5,4.0
144,5.0,4,5.0
145,5.0,4,5.0
146,5.0,5,4.0
147,4.0,1,3.0
148,3.0,1,3.0
149,3.0,1,3.0
150,5.0,4,5.0
151,5.0,4,5.0
152,5.0,4,5.0
153,5.0,4,5.0
154,5.0,4,5.0
155,5.0,5,4.0
156,3.0,1,3.0
157,5.0,4,5.0
158,3.0,1,3.0
159,3.0,1,3.0
160,5.0,4,5.0
161,5.0,5,4.0
162,3.0,1,3.0
163,5.0,4,5.0
164,5.0,4,5.0
165,4.0,5,4.0
166,5.0,4,5.0
167,5.0,4,5.0
168,2.0,7,6.0
169,5.0,4,5.0
170,3.0,1,3.0
171,5.0,4,5.0
172,3.0,1,3.0
173,5.0,5,4.0
174,3.0,1,3.0
175,5.0,4,5.0
176,5.0,5,4.0
177,5.0,4,5.0
178,5.0,4,5.0
179,5.0,4,5.0
180,4.0,4,5.0
181,3.0,1,3.0
182,5.0,4,5.0
183,5.0,4,5.0
184,5.0,4,5.0
185,5.0,4,5.0
186,5.0,4,5.0
187,5.0,4,5.0
188,5.0,5,4.0
189,4.0,1,3.0
190,3.0,1,3.0
191,3.0,1,3.0
192,5.0,4,5.0
193,3.0,1,3.0
194,5.0,4,5.0
195,3.0,1,3.0
196,5.0,4,5.0
197,3.0,1,3.0
198,3.0,1,3.0
199,5.0,4,5.0
200,3.0,1,3.0
201,3.0,1,3.0
202,5.0,5,4.0
203,5.0,4,5.0
204,3.0,1,3.0
205,5.0,4,5.0
206,4.0,5,4.0
207,5.0,4,5.0
208,5.0,5,4.0
209,3.0,1,3.0
210,3.0,1,3.0
211,4.0,1,3.0
212,4.0,5,4.0
213,5.0,4,5.0
214,3.0,1,3.0
215,3.0,1,3.0
216,3.0,1,3.0
217,5.0,4,5.0
218,5.0,4,5.0
219,5.0,5,4.0
220,3.0,1,3.0
221,5.0,5,4.0
222,5.0,5,4.0
223,5.0,4,5.0
224,5.0,4,5.0
225,5.0,4,5.0
226,3.0,1,3.0
227,3.0,1,3.0
228,3.0,1,3.0
229,3.0,1,3.0
230,5.0,5,4.0
231,5.0,4,5.0
232,5.0,4,5.0
233,3.0,1,3.0
234,5.0,5,4.0
235,7.0,6,7.0
236,5.0,5,4.0
237,3.0,1,3.0
238,5.0,4,5.0
239,3.0,1,3.0
240,3.0,1,3.0
241,3.0,1,3.0
242,5.0,4,5.0
243,5.0,5,4.0
244,3.0,1,3.0
245,5.0,4,5.0
246,4.0,5,4.0
247,5.0,4,5.0
248,5.0,4,5.0
249,3.0,1,3.0
250,3.0,1,3.0
251,5.0,4,5.0
252,4.0,5,4.0
253,5.0,4,5.0
254,5.0,4,5.0
255,3.0,1,3.0
256,5.0,5,4.0
257,5.0,4,5.0
258,5.0,4,5.0
259,5.0,4,5.0
260,3.0,1,3.0
261,5.0,4,5.0
262,5.0,4,5.0
263,5.0,4,5.0
264,5.0,5,4.0
265,3.0,1,3.0
266,4.0,1,3.0
267,5.0,4,5.0
268,2.0,6,7.0
269,5.0,4,5.0
270,3.0,1,3.0
271,5.0,4,5.0
272,3.0,1,3.0
273,5.0,4,5.0
274,2.0,6,7.0
275,5.0,4,5.0
276,5.0,4,5.0
277,5.0,4,5.0
278,5.0,4,5.0
279,5.0,4,5.0
280,5.0,5,4.0
281,5.0,5,4.0
282,3.0,1,3.0
283,3.0,1,3.0
284,5.0,4,5.0
285,3.0,1,3.0
286,5.0,4,5.0
287,5.0,4,5.0
288,3.0,1,3.0
289,3.0,1,3.0
290,5.0,4,5.0
291,5.0,4,5.0
292,3.0,1,3.0
293,3.0,1,3.0
294,3.0,1,3.0
295,3.0,1,3.0
296,5.0,4,5.0
297,3.0,1,3.0
298,3.0,1,3.0
299,5.0,4,5.0
300,5.0,4,5.0
301,5.0,4,5.0
302,4.0,1,3.0
303,3.0,1,3.0
304,4.0,5,4.0
305,5.0,5,4.0
306,5.0,5,4.0
307,5.0,4,5.0
308,5.0,4,5.0
309,5.0,5,4.0
310,3.0,1,3.0
311,5.0,5,4.0
312,2.0,3,2.0
313,3.0,1,3.0
314,5.0,4,5.0
315,5.0,4,5.0
316,5.0,4,5.0
317,3.0,1,3.0
318,5.0,5,4.0
319,5.0,4,5.0
320,5.0,4,5.0
321,5.0,1,3.0
322,3.0,1,3.0
323,5.0,4,5.0
324,5.0,4,5.0
325,5.0,4,5.0
326,4.0,5,4.0
327,5.0,4,5.0
328,5.0,4,5.0
329,5.0,4,5.0
330,3.0,1,3.0
331,4.0,5,4.0
332,5.0,4,5.0
333,3.0,1,3.0
334,5.0,4,5.0
335,5.0,1,3.0
336,2.0,7,6.0
337,5.0,5,4.0
338,3.0,1,3.0
339,3.0,1,3.0
340,3.0,1,3.0
341,5.0,4,5.0
342,3.0,1,3.0
343,4.0,5,4.0
344,3.0,1,3.0
345,3.0,1,3.0
346,5.0,4,5.0
347,3.0,1,3.0
348,5.0,5,4.0
349,5.0,5,4.0
350,5.0,4,5.0
351,5.0,4,5.0
352,3.0,1,3.0
353,3.0,1,3.0
354,3.0,1,3.0
355,5.0,4,5.0
356,5.0,4,5.0
357,3.0,1,3.0
358,5.0,4,5.0
359,3.0,1,3.0
360,5.0,5,4.0
361,2.0,3,2.0
362,3.0,1,3.0
363,5.0,5,4.0
364,3.0,1,3.0
365,5.0,4,5.0
366,5.0,4,5.0
367,5.0,4,5.0
368,3.0,1,3.0
369,3.0,1,3.0
370,2.0,7,6.0
371,3.0,1,3.0
372,5.0,4,5.0
373,5.0,1,3.0
374,5.0,5,4.0
375,5.0,5,4.0
376,5.0,4,5.0
377,3.0,1,3.0
378,5.0,4,5.0
379,5.0,4,5.0
380,3.0,1,3.0
381,5.0,5,4.0
382,5.0,4,5.0
383,3.0,1,3.0
384,3.0,1,3.0
385,5.0,1,3.0
386,5.0,5,4.0
387,4.0,1,3.0
388,3.0,1,3.0
389,5.0,4,5.0
390,5.0,4,5.0
391,5.0,4,5.0
392,5.0,4,5.0
393,3.0,1,3.0
394,5.0,4,5.0
395,3.0,1,3.0
396,5.0,4,5.0
397,5.0,5,4.0
398,3.0,1,3.0
399,4.0,1,3.0
400,3.0,1,3.0
401,5.0,4,5.0
402,5.0,5,4.0
403,4.0,1,3.0
404,3.0,1,3.0
405,5.0,5,4.0
406,5.0,4,5.0
407,5.0,4,5.0
408,4.0,5,4.0
409,3.0,1,3.0
410,4.0,5,4.0
411,3.0,1,3.0
412,3.0,1,3.0
413,2.0,5,4.0
414,5.0,4,5.0
415,3.0,1,3.0
416,3.0,1,3.0
417,5.0,4,5.0
418,4.0,1,3.0
419,5.0,4,5.0
420,3.0,1,3.0
421,3.0,1,3.0
422,5.0,4,5.0
423,5.0,5,4.0
424,5.0,5,4.0
425,5.0,4,5.0
426,3.0,1,3.0
427,2.0,7,6.0
428,5.0,4,5.0
429,5.0,4,5.0
430,5.0,4,5.0
431,3.0,1,3.0
432,4.0,1,3.0
433,5.0,4,5.0
434,3.0,1,3.0
435,3.0,1,3.0
436,3.0,1,3.0
437,5.0,4,5.0
438,3.0,1,3.0
439,5.0,4,5.0
440,5.0,6,7.0
441,5.0,4,5.0
442,3.0,1,3.0
443,5.0,4,5.0
444,5.0,4,5.0
445,5.0,4,5.0
446,3.0,1,3.0
447,4.0,5,4.0
448,5.0,4,5.0
449,3.0,1,3.0
450,4.0,5,4.0
451,5.0,5,4.0
452,5.0,4,5.0
453,5.0,5,4.0
454,5.0,6,7.0
455,3.0,1,3.0
456,5.0,5,4.0
457,5.0,4,5.0
458,3.0,1,3.0
459,5.0,5,4.0
460,5.0,4,5.0
461,3.0,1,3.0
462,5.0,4,5.0
463,5.0,4,5.0
464,3.0,1,3.0
465,5.0,5,4.0
466,3.0,1,3.0
467,5.0,4,5.0
468,3.0,1,3.0
469,3.0,1,3.0
470,3.0,1,3.0
471,3.0,1,3.0
472,5.0,4,5.0
473,3.0,1,3.0
474,2.0,3,2.0
475,5.0,5,4.0
476,5.0,6,7.0
477,5.0,4,5.0
478,3.0,1,3.0
479,5.0,4,5.0
480,5.0,5,4.0
481,5.0,5,4.0
482,3.0,1,3.0
483,5.0,4,5.0
484,3.0,1,3.0
485,5.0,5,4.0
486,3.0,1,3.0
487,5.0,5,4.0
488,5.0,4,5.0
489,5.0,6,7.0
490,3.0,1,3.0
491,3.0,1,3.0
492,5.0,4,5.0
493,5.0,5,4.0
494,3.0,1,3.0
495,2.0,3,2.0
496,5.0,4,5.0
497,5.0,5,4.0
498,3.0,1,3.0
499,5.0,4,5.0
500,5.0,5,4.0
501,5.0,4,5.0
502,5.0,4,5.0
503,3.0,1,3.0
504,5.0,5,4.0
505,5.0,5,4.0
506,2.0,5,4.0
507,3.0,1,3.0
508,5.0,5,4.0
509,5.0,5,4.0
510,5.0,4,5.0
511,3.0,1,3.0
512,5.0,4,5.0
513,3.0,1,3.0
514,3.0,1,3.0
515,5.0,5,4.0
516,5.0,4,5.0
517,5.0,4,5.0
518,4.0,5,4.0
519,5.0,4,5.0
520,5.0,5,4.0
521,5.0,4,5.0
522,5.0,5,4.0
523,5.0,4,5.0
524,5.0,5,4.0
525,5.0,4,5.0
526,3.0,1,3.0
527,3.0,1,3.0
528,3.0,1,3.0
529,5.0,4,5.0
530,3.0,1,3.0
531,5.0,5,4.0
532,5.0,4,5.0
533,5.0,4,5.0
534,5.0,5,4.0
535,5.0,4,5.0
536,5.0,4,5.0
537,5.0,4,5.0
538,5.0,4,5.0
539,3.0,1,3.0
540,5.0,4,5.0
541,5.0,4,5.0
542,3.0,1,3.0
543,3.0,1,3.0
544,5.0,4,5.0
545,5.0,4,5.0
546,3.0,1,3.0
547,5.0,5,4.0
548,2.0,3,2.0
549,4.0,5,4.0
550,5.0,4,5.0
551,5.0,4,5.0
552,5.0,5,4.0
553,3.0,1,3.0
554,3.0,1,3.0
555,5.0,4,5.0
556,3.0,1,3.0
557,3.0,1,3.0
558,5.0,4,5.0
559,5.0,5,4.0
560,5.0,4,5.0
561,5.0,4,5.0
562,5.0,4,5.0
563,5.0,4,5.0
564,5.0,5,4.0
565,3.0,1,3.0
566,2.0,7,6.0
567,5.0,4,5.0
568,5.0,4,5.0
569,3.0,1,3.0
570,5.0,4,5.0
571,5.0,5,4.0
572,5.0,4,5.0
573,5.0,4,5.0
574,3.0,1,3.0
575,3.0,1,3.0
576,3.0,1,3.0
577,3.0,1,3.0
578,5.0,5,4.0
579,3.0,1,3.0
580,5.0,4,5.0
581,3.0,1,3.0
582,3.0,1,3.0
583,5.0,5,4.0
584,5.0,4,5.0
585,5.0,6,7.0
586,3.0,1,3.0
587,3.0,1,3.0
588,5.0,4,5.0
589,5.0,4,5.0
590,3.0,1,3.0
591,5.0,4,5.0
592,5.0,4,5.0
593,5.0,4,5.0
594,3.0,1,3.0
595,4.0,5,4.0
596,5.0,4,5.0
597,3.0,1,3.0
598,5.0,4,5.0
599,3.0,1,3.0
600,5.0,4,5.0
601,5.0,4,5.0
602,3.0,1,3.0
603,3.0,1,3.0
604,3.0,1,3.0
605,5.0,4,5.0
606,3.0,1,3.0
607,4.0,5,4.0
608,5.0,4,5.0
609,3.0,1,3.0
610,3.0,1,3.0
611,5.0,4,5.0
612,5.0,5,4.0
613,3.0,1,3.0
614,3.0,1,3.0
615,5.0,4,5.0
616,5.0,5,4.0
617,3.0,1,3.0
618,5.0,4,5.0
619,3.0,1,3.0
620,5.0,4,5.0
621,4.0,1,3.0
622,3.0,1,3.0
623,3.0,1,3.0
624,5.0,5,4.0
625,5.0,4,5.0
626,5.0,4,5.0
627,5.0,4,5.0
628,3.0,1,3.0
629,2.0,3,2.0
630,3.0,1,3.0
631,5.0,4,5.0
632,5.0,4,5.0
633,5.0,6,7.0
634,5.0,4,5.0
635,5.0,4,5.0
636,5.0,4,5.0
637,5.0,4,5.0
638,5.0,4,5.0
639,5.0,4,5.0
640,3.0,1,3.0
641,5.0,4,5.0
642,5.0,4,5.0
643,3.0,1,3.0
644,3.0,1,3.0
645,5.0,4,5.0
646,5.0,4,5.0
647,5.0,4,5.0
648,5.0,5,4.0
649,4.0,5,4.0
650,3.0,1,3.0
651,3.0,1,3.0
652,3.0,1,3.0
653,5.0,5,4.0
654,5.0,5,4.0
655,5.0,4,5.0
656,5.0,5,4.0
657,5.0,5,4.0
658,5.0,4,5.0
659,3.0,1,3.0
660,5.0,4,5.0
661,3.0,1,3.0
662,3.0,1,3.0
663,5.0,4,5.0
664,3.0,1,3.0
665,4.0,1,3.0
666,5.0,4,5.0
667,5.0,5,4.0
668,3.0,1,3.0
669,5.0,5,4.0
670,3.0,1,3.0
671,5.0,4,5.0
672,3.0,1,3.0
673,3.0,1,3.0
674,3.0,1,3.0
675,5.0,5,4.0
676,5.0,4,5.0
677,5.0,4,5.0
678,5.0,4,5.0
679,3.0,1,3.0
680,5.0,4,5.0
681,5.0,4,5.0
682,5.0,6,7.0
683,4.0,1,3.0
684,5.0,4,5.0
685,5.0,5,4.0
686,3.0,1,3.0
687,3.0,1,3.0
688,5.0,4,5.0
689,3.0,1,3.0
690,5.0,4,5.0
691,3.0,1,3.0
692,5.0,4,5.0
693,5.0,4,5.0
694,5.0,4,5.0
695,5.0,4,5.0
696,5.0,5,4.0
697,3.0,1,3.0
698,5.0,5,4.0
699,3.0,1,3.0
700,3.0,1,3.0
701,5.0,4,5.0
702,3.0,1,3.0
703,5.0,4,5.0
704,5.0,4,5.0
705,5.0,4,5.0
706,5.0,4,5.0
707,4.0,5,4.0
708,5.0,5,4.0
709,5.0,4,5.0
710,5.0,4,5.0
711,5.0,5,4.0
712,3.0,1,3.0
713,3.0,1,3.0
714,5.0,4,5.0
715,5.0,4,5.0
716,4.0,5,4.0
717,5.0,5,4.0
718,5.0,4,5.0
719,5.0,4,5.0
720,5.0,4,5.0
721,3.0,1,3.0
722,2.0,7,6.0
723,3.0,1,3.0
724,3.0,1,3.0
725,5.0,5,4.0
726,5.0,4,5.0
727,5.0,6,7.0
728,5.0,4,5.0
729,5.0,4,5.0
730,3.0,1,3.0
731,5.0,4,5.0
732,5.0,4,5.0
733,5.0,4,5.0
734,5.0,4,5.0
735,5.0,4,5.0
736,5.0,4,5.0
737,5.0,4,5.0
738,5.0,4,5.0
739,3.0,1,3.0
740,5.0,4,5.0
741,5.0,4,5.0
742,5.0,4,5.0
743,5.0,4,5.0
744,3.0,1,3.0
745,4.0,4,5.0
746,3.0,1,3.0
747,5.0,4,5.0
748,3.0,1,3.0
749,4.0,5,4.0
750,5.0,4,5.0
751,5.0,4,5.0
752,3.0,1,3.0
753,5.0,5,4.0
754,5.0,4,5.0
755,5.0,4,5.0
756,5.0,4,5.0
757,5.0,4,5.0
758,5.0,5,4.0
759,5.0,5,4.0
760,3.0,1,3.0
761,3.0,1,3.0
762,5.0,4,5.0
763,3.0,1,3.0
764,5.0,4,5.0
765,5.0,4,5.0
766,3.0,1,3.0
767,5.0,4,5.0
768,5.0,4,5.0
769,3.0,1,3.0
770,3.0,1,3.0
771,3.0,1,3.0
772,3.0,1,3.0
773,3.0,1,3.0
774,5.0,5,4.0
775,5.0,4,5.0
776,5.0,4,5.0
777,5.0,4,5.0
778,3.0,1,3.0
779,3.0,1,3.0
780,5.0,4,5.0
781,5.0,4,5.0
782,4.0,5,4.0
783,3.0,1,3.0
784,4.0,4,5.0
785,5.0,4,5.0
786,5.0,4,5.0
787,5.0,5,4.0
788,5.0,4,5.0
789,5.0,4,5.0
790,3.0,1,3.0
791,3.0,1,3.0
792,4.0,5,4.0
793,5.0,4,5.0
794,4.0,1,3.0
795,5.0,5,4.0
796,3.0,1,3.0
797,3.0,1,3.0
798,5.0,4,5.0
799,3.0,1,3.0
800,5.0,5,4.0
801,3.0,1,3.0
802,5.0,4,5.0
803,5.0,4,5.0
804,5.0,4,5.0
805,5.0,4,5.0
806,3.0,1,3.0
807,5.0,4,5.0
808,5.0,5,4.0
809,3.0,1,3.0
810,5.0,4,5.0
811,3.0,1,3.0
812,5.0,4,5.0
813,3.0,1,3.0
814,5.0,4,5.0
815,5.0,4,5.0
816,5.0,4,5.0
817,5.0,4,5.0
818,5.0,4,5.0
819,5.0,1,3.0
820,5.0,5,4.0
821,5.0,5,4.0
822,5.0,5,4.0
823,3.0,1,3.0
824,3.0,1,3.0
825,3.0,1,3.0
826,5.0,5,4.0
827,3.0,1,3.0
828,5.0,4,5.0
829,5.0,4,5.0
830,3.0,1,3.0
831,5.0,4,5.0
832,3.0,1,3.0
833,5.0,5,4.0
834,3.0,1,3.0
835,5.0,4,5.0
836,5.0,4,5.0
837,5.0,5,4.0
838,5.0,5,4.0
839,5.0,4,5.0
840,5.0,5,4.0
841,3.0,1,3.0
842,3.0,1,3.0
843,5.0,5,4.0
844,3.0,1,3.0
845,3.0,1,3.0
846,3.0,1,3.0
847,2.0,1,3.0
848,3.0,1,3.0
849,5.0,4,5.0
850,5.0,4,5.0
851,5.0,4,5.0
852,5.0,4,5.0
853,4.0,5,4.0
854,5.0,4,5.0
855,5.0,4,5.0
856,5.0,4,5.0
857,5.0,4,5.0
858,3.0,1,3.0
859,5.0,5,4.0
860,3.0,1,3.0
861,5.0,5,4.0
862,2.0,5,4.0
863,5.0,5,4.0
864,3.0,1,3.0
865,3.0,1,3.0
866,3.0,1,3.0
867,5.0,4,5.0
868,5.0,4,5.0
869,4.0,5,4.0
870,3.0,1,3.0
871,5.0,4,5.0
872,5.0,4,5.0
873,2.0,7,6.0
874,3.0,1,3.0
875,5.0,4,5.0
876,5.0,4,5.0
877,5.0,5,4.0
878,5.0,4,5.0
879,3.0,1,3.0
880,3.0,1,3.0
881,5.0,4,5.0
882,5.0,5,4.0
883,5.0,5,4.0
884,4.0,5,4.0
885,5.0,5,4.0
886,3.0,1,3.0
887,5.0,4,5.0
888,5.0,4,5.0
889,5.0,4,5.0
890,4.0,5,4.0
891,3.0,1,3.0
892,5.0,4,5.0
893,3.0,1,3.0
894,4.0,1,3.0
895,5.0,4,5.0
896,3.0,1,3.0
897,5.0,4,5.0
898,5.0,5,4.0
899,3.0,1,3.0
900,3.0,1,3.0
901,3.0,1,3.0
902,5.0,4,5.0
903,3.0,1,3.0
904,5.0,4,5.0
905,5.0,4,5.0
906,5.0,5,4.0
907,5.0,4,5.0
908,3.0,1,3.0
909,5.0,4,5.0
910,4.0,1,3.0
911,5.0,5,4.0
912,5.0,4,5.0
913,5.0,4,5.0
914,3.0,1,3.0
915,5.0,4,5.0
916,5.0,4,5.0
917,5.0,4,5.0
918,5.0,4,5.0
919,5.0,4,5.0
920,3.0,1,3.0
921,3.0,1,3.0
922,5.0,4,5.0
923,5.0,5,4.0
924,4.0,5,4.0
925,3.0,1,3.0
926,5.0,4,5.0
927,3.0,1,3.0
928,3.0,1,3.0
929,4.0,1,3.0
930,3.0,1,3.0
931,5.0,4,5.0
932,3.0,1,3.0
933,3.0,1,3.0
934,5.0,5,4.0
935,3.0,1,3.0
936,3.0,1,3.0
937,5.0,4,5.0
938,3.0,1,3.0
939,5.0,4,5.0
940,4.0,1,3.0
941,3.0,1,3.0
942,5.0,4,5.0
943,5.0,4,5.0
944,3.0,1,3.0
945,3.0,1,3.0
946,4.0,4,5.0
947,5.0,5,4.0
948,3.0,1,3.0
949,5.0,4,5.0
950,5.0,4,5.0
951,5.0,5,4.0
952,3.0,1,3.0
953,4.0,5,4.0
954,4.0,5,4.0
955,5.0,4,5.0
956,4.0,5,4.0
957,3.0,1,3.0
958,5.0,5,4.0
959,5.0,4,5.0
960,3.0,1,3.0
961,5.0,4,5.0
962,5.0,5,4.0
963,5.0,5,4.0
964,5.0,4,5.0
965,5.0,4,5.0
966,3.0,1,3.0
967,5.0,5,4.0
968,5.0,4,5.0
969,3.0,1,3.0
970,5.0,4,5.0
971,5.0,4,5.0
972,4.0,1,3.0
973,5.0,4,5.0
974,5.0,4,5.0
975,5.0,5,4.0
976,5.0,4,5.0
977,3.0,1,3.0
978,5.0,5,4.0
979,3.0,1,3.0
980,4.0,5,4.0
981,5.0,4,5.0
982,5.0,4,5.0
983,3.0,1,3.0
984,3.0,1,3.0
985,5.0,5,4.0
986,5.0,4,5.0
987,2.0,7,6.0
988,5.0,4,5.0
989,5.0,4,5.0
990,4.0,1,3.0
991,5.0,4,5.0
992,5.0,4,5.0
993,3.0,1,3.0
994,5.0,4,5.0
995,5.0,5,4.0
996,5.0,5,4.0
997,3.0,1,3.0
998,3.0,1,3.0
999,5.0,4,5.0
1000,3.0,1,3.0
1001,4.0,4,5.0
1002,4.0,1,3.0
1003,3.0,1,3.0
1004,5.0,5,4.0
1005,5.0,4,5.0
1006,5.0,4,5.0
1007,2.0,7,6.0
1008,5.0,4,5.0
1009,5.0,4,5.0
1010,3.0,1,3.0
1011,5.0,4,5.0
1012,5.0,4,5.0
1013,5.0,4,5.0
1014,5.0,5,4.0
1015,5.0,4,5.0
1016,5.0,4,5.0
1017,5.0,5,4.0
1018,5.0,4,5.0
1019,5.0,4,5.0
1020,5.0,4,5.0
1021,5.0,4,5.0
1022,5.0,5,4.0
1023,5.0,4,5.0
1024,5.0,4,5.0
1025,5.0,4,5.0
1026,5.0,5,4.0
1027,3.0,1,3.0
1028,5.0,4,5.0
1029,5.0,4,5.0
1030,5.0,4,5.0
1031,5.0,4,5.0
1032,3.0,1,3.0
1033,3.0,1,3.0
1034,3.0,1,3.0
1035,4.0,1,3.0
1036,3.0,1,3.0
1037,5.0,4,5.0
1038,3.0,1,3.0
1039,3.0,1,3.0
1040,3.0,1,3.0
1041,5.0,4,5.0
1042,3.0,1,3.0
1043,5.0,4,5.0
1044,5.0,5,4.0
1045,5.0,4,5.0
1046,5.0,4,5.0
1047,3.0,1,3.0
1048,5.0,5,4.0
1049,5.0,4,5.0
1050,5.0,4,5.0
1051,5.0,4,5.0
1052,4.0,5,4.0
1053,4.0,5,4.0
1054,3.0,1,3.0
1055,5.0,4,5.0
1056,5.0,4,5.0
1057,3.0,1,3.0
1058,5.0,4,5.0
1059,5.0,4,5.0
1060,5.0,4,5.0
1061,5.0,5,4.0
1062,5.0,4,5.0
1063,4.0,5,4.0
1064,5.0,5,4.0
1065,4.0,5,4.0
1066,5.0,5,4.0
1067,4.0,1,3.0
1068,5.0,4,5.0
1069,3.0,1,3.0
1070,5.0,5,4.0
1071,5.0,4,5.0
1072,5.0,4,5.0
1073,5.0,4,5.0
1074,3.0,1,3.0
1075,5.0,4,5.0
1076,3.0,1,3.0
1077,5.0,4,5.0
1078,3.0,1,3.0
1079,4.0,5,4.0
1080,3.0,1,3.0
1081,5.0,4,5.0
1082,5.0,5,4.0
1083,5.0,4,5.0
1084,3.0,1,3.0
1085,5.0,4,5.0
1086,5.0,4,5.0
1087,5.0,4,5.0
1088,5.0,5,4.0
1089,5.0,4,5.0
1090,4.0,1,3.0
1091,3.0,1,3.0
1092,5.0,5,4.0
1093,5.0,4,5.0
1094,3.0,1,3.0
1095,5.0,4,5.0
1096,3.0,1,3.0
1097,5.0,5,4.0
1098,5.0,4,5.0
1099,3.0,1,3.0
1100,3.0,1,3.0
1101,5.0,4,5.0
1102,4.0,5,4.0
1103,4.0,1,3.0
1104,3.0,1,3.0
1105,3.0,1,3.0
1106,5.0,4,5.0
1107,5.0,4,5.0
1108,5.0,4,5.0
1109,5.0,5,4.0
1110,5.0,4,5.0
1111,3.0,1,3.0
1112,3.0,1,3.0
1113,5.0,4,5.0
1114,5.0,4,5.0
1115,3.0,1,3.0
1116,3.0,1,3.0
1117,5.0,4,5.0
1118,5.0,5,4.0
1119,5.0,4,5.0
1120,3.0,1,3.0
1121,5.0,4,5.0
1122,2.0,3,2.0
1123,4.0,5,4.0
1124,5.0,4,5.0
1125,5.0,4,5.0
1126,7.0,6,7.0
1127,3.0,1,3.0
1128,3.0,1,3.0
1129,5.0,5,4.0
1130,5.0,4,5.0
1131,5.0,4,5.0
1132,3.0,1,3.0
1133,5.0,4,5.0
1134,5.0,4,5.0
1135,5.0,4,5.0
1136,3.0,1,3.0
1137,3.0,1,3.0
1138,5.0,4,5.0
1139,3.0,1,3.0
1140,2.0,7,6.0
1141,3.0,1,3.0
1142,3.0,1,3.0
1143,4.0,5,4.0
1144,5.0,4,5.0
1145,5.0,9,1.0
1146,4.0,5,4.0
1147,3.0,1,3.0
1148,5.0,4,5.0
1149,4.0,5,4.0
1150,3.0,1,3.0
1151,3.0,1,3.0
1152,5.0,4,5.0
1153,5.0,4,5.0
1154,5.0,4,5.0
1155,3.0,1,3.0
1156,3.0,1,3.0
1157,5.0,5,4.0
1158,5.0,5,4.0
1159,5.0,5,4.0
1160,5.0,5,4.0
1161,5.0,5,4.0
1162,5.0,5,4.0
1163,5.0,5,4.0
1164,5.0,5,4.0
1165,5.0,4,5.0
1166,5.0,4,5.0
1167,5.0,5,4.0
1168,4.0,1,3.0
1169,5.0,5,4.0
1170,5.0,5,4.0
1171,3.0,1,3.0
1172,3.0,1,3.0
1173,5.0,5,4.0
1174,5.0,4,5.0
1175,5.0,4,5.0
1176,3.0,1,3.0
1177,5.0,5,4.0
1178,5.0,4,5.0
1179,5.0,5,4.0
1180,3.0,1,3.0
1181,4.0,1,3.0
1182,3.0,1,3.0
1183,3.0,1,3.0
1184,5.0,4,5.0
1185,5.0,4,5.0
1186,5.0,4,5.0
1187,5.0,4,5.0
1188,5.0,4,5.0
1189,3.0,1,3.0
1190,3.0,1,3.0
1191,5.0,4,5.0
1192,5.0,4,5.0
1193,3.0,1,3.0
1194,5.0,5,4.0
1195,5.0,4,5.0
1196,5.0,5,4.0
1197,5.0,4,5.0
1198,3.0,1,3.0
1199,5.0,4,5.0
1200,5.0,4,5.0
1201,5.0,5,4.0
1202,3.0,1,3.0
1203,4.0,1,3.0
1204,5.0,5,4.0
1205,5.0,4,5.0
1206,5.0,4,5.0
1207,3.0,1,3.0
1208,5.0,5,4.0
1209,3.0,1,3.0
1210,5.0,5,4.0
1211,5.0,4,5.0
1212,5.0,6,7.0
1213,3.0,1,3.0
1214,5.0,5,4.0
1215,5.0,5,4.0
1216,5.0,5,4.0
1217,4.0,5,4.0
1218,4.0,5,4.0
1219,5.0,4,5.0
1220,5.0,4,5.0
1221,5.0,4,5.0
1222,3.0,1,3.0
1223,3.0,1,3.0
1224,4.0,5,4.0
1225,5.0,5,4.0
1226,5.0,4,5.0
1227,3.0,1,3.0
1228,3.0,1,3.0
1229,5.0,4,5.0
1230,5.0,4,5.0
1231,3.0,1,3.0
1232,5.0,5,4.0
1233,3.0,1,3.0
1234,5.0,5,4.0
1235,3.0,1,3.0
1236,5.0,4,5.0
1237,5.0,5,4.0
1238,5.0,5,4.0
1239,5.0,4,5.0
1240,5.0,5,4.0
1241,5.0,4,5.0
1242,5.0,4,5.0
1243,3.0,1,3.0
1244,5.0,4,5.0
1245,5.0,4,5.0
1246,3.0,1,3.0
1247,3.0,1,3.0
1248,5.0,4,5.0
1249,5.0,4,5.0
1250,5.0,4,5.0
1251,5.0,4,5.0
1252,5.0,5,4.0
1253,5.0,4,5.0
1254,5.0,4,5.0
1255,5.0,4,5.0
1256,5.0,4,5.0
1257,3.0,1,3.0
1258,5.0,4,5.0
1259,5.0,5,4.0
1260,5.0,4,5.0
1261,5.0,4,5.0
1262,5.0,4,5.0
1263,4.0,5,4.0
1264,5.0,4,5.0
1265,5.0,4,5.0
1266,5.0,4,5.0
1267,5.0,4,5.0
1268,5.0,5,4.0
1269,3.0,1,3.0
1270,3.0,1,3.0
1271,3.0,1,3.0
1272,3.0,1,3.0
1273,3.0,1,3.0
1274,3.0,1,3.0
1275,5.0,4,5.0
1276,3.0,1,3.0
1277,5.0,5,4.0
1278,4.0,5,4.0
1279,3.0,1,3.0
1280,5.0,4,5.0
1281,5.0,4,5.0
1282,2.0,7,6.0
1283,3.0,1,3.0
1284,5.0,4,5.0
1285,3.0,1,3.0
1286,5.0,6,7.0
1287,5.0,4,5.0
1288,3.0,1,3.0
1289,3.0,1,3.0
1290,5.0,4,5.0
1291,5.0,5,4.0
1292,4.0,5,4.0
1293,5.0,4,5.0
1294,4.0,5,4.0
1295,5.0,4,5.0
1296,5.0,4,5.0
1297,5.0,4,5.0
1298,3.0,1,3.0
1299,5.0,4,5.0
1300,5.0,5,4.0
1301,3.0,1,3.0
1302,3.0,1,3.0
1303,3.0,1,3.0
1304,3.0,1,3.0
1305,5.0,4,5.0
1306,5.0,4,5.0
1307,3.0,1,3.0
1308,5.0,5,4.0
1309,5.0,4,5.0
1310,3.0,1,3.0
1311,3.0,1,3.0
1312,5.0,4,5.0
1313,3.0,1,3.0
1314,5.0,4,5.0
1315,5.0,4,5.0
1316,5.0,4,5.0
1317,5.0,4,5.0
1318,5.0,5,4.0
1319,3.0,1,3.0
1320,3.0,1,3.0
1321,4.0,1,3.0
1322,3.0,1,3.0
1323,4.0,1,3.0
1324,3.0,1,3.0
1325,3.0,1,3.0
1326,2.0,7,6.0
1327,5.0,4,5.0
1328,5.0,4,5.0
1329,5.0,5,4.0
1330,3.0,1,3.0
1331,5.0,5,4.0
1332,3.0,1,3.0
1333,5.0,5,4.0
1334,5.0,5,4.0
1335,5.0,4,5.0
1336,5.0,5,4.0
1337,3.0,1,3.0
1338,4.0,1,3.0
1339,5.0,4,5.0
1340,3.0,1,3.0
1341,5.0,4,5.0
1342,3.0,1,3.0
1343,5.0,4,5.0
1344,5.0,4,5.0
1345,4.0,1,3.0
1346,5.0,4,5.0
1347,3.0,1,3.0
1348,3.0,1,3.0
1349,4.0,5,4.0
1350,5.0,4,5.0
1351,5.0,4,5.0
1352,3.0,1,3.0
1353,5.0,4,5.0
1354,4.0,5,4.0
1355,5.0,4,5.0
1356,5.0,4,5.0
1357,5.0,4,5.0
1358,5.0,4,5.0
1359,3.0,1,3.0
1360,5.0,5,4.0
1361,5.0,4,5.0
1362,5.0,4,5.0
1363,5.0,5,4.0
1364,5.0,5,4.0
1365,5.0,4,5.0
1366,3.0,1,3.0
1367,5.0,5,4.0
1368,5.0,4,5.0
1369,5.0,5,4.0
1370,5.0,4,5.0
1371,5.0,4,5.0
1372,5.0,4,5.0
1373,5.0,4,5.0
1374,5.0,4,5.0
1375,3.0,1,3.0
1376,5.0,4,5.0
1377,5.0,4,5.0
1378,5.0,4,5.0
1379,3.0,1,3.0
1380,5.0,5,4.0
1381,5.0,5,4.0
1382,5.0,4,5.0
1383,3.0,1,3.0
1384,5.0,4,5.0
1385,3.0,1,3.0
1386,5.0,5,4.0
1387,5.0,4,5.0
1388,3.0,1,3.0
1389,5.0,4,5.0
1390,3.0,1,3.0
1391,5.0,4,5.0
1392,5.0,4,5.0
1393,4.0,5,4.0
1394,3.0,1,3.0
1395,5.0,4,5.0
1396,3.0,1,3.0
1397,3.0,1,3.0
1398,5.0,5,4.0
1399,5.0,4,5.0
1400,3.0,1,3.0
1401,5.0,5,4.0
1402,3.0,1,3.0
1403,5.0,4,5.0
1404,2.0,7,6.0
1405,5.0,4,5.0
1406,5.0,5,4.0
1407,3.0,1,3.0
1408,5.0,4,5.0
1409,5.0,4,5.0
1410,5.0,4,5.0
1411,5.0,4,5.0
1412,5.0,4,5.0
1413,4.0,5,4.0
1414,5.0,4,5.0
1415,3.0,1,3.0
1416,5.0,4,5.0
1417,5.0,4,5.0
1418,3.0,1,3.0
1419,5.0,4,5.0
1420,5.0,5,4.0
1421,3.0,1,3.0
1422,5.0,4,5.0
1423,5.0,4,5.0
1424,5.0,4,5.0
1425,5.0,4,5.0
1426,5.0,5,4.0
1427,5.0,5,4.0
1428,3.0,1,3.0
1429,5.0,4,5.0
1430,4.0,5,4.0
1431,3.0,1,3.0
1432,5.0,4,5.0
1433,4.0,5,4.0
1434,5.0,4,5.0
1435,5.0,5,4.0
1436,4.0,5,4.0
1437,4.0,1,3.0
1438,4.0,5,4.0
1439,5.0,5,4.0
1440,4.0,1,3.0
1441,3.0,1,3.0
1442,5.0,4,5.0
1443,3.0,1,3.0
1444,3.0,1,3.0
1445,4.0,5,4.0
1446,5.0,4,5.0
1447,4.0,1,3.0
1448,5.0,4,5.0
1449,3.0,1,3.0
1450,4.0,1,3.0
1451,3.0,1,3.0
1452,5.0,5,4.0
1453,4.0,1,3.0
1454,5.0,4,5.0
1455,3.0,1,3.0
1456,3.0,1,3.0
1457,5.0,5,4.0
1458,3.0,1,3.0
1459,3.0,1,3.0
1460,3.0,1,3.0
1461,3.0,1,3.0
1462,3.0,1,3.0
1463,3.0,1,3.0
1464,4.0,5,4.0
1465,3.0,1,3.0
1466,3.0,1,3.0
1467,3.0,1,3.0
1468,3.0,1,3.0
1469,5.0,5,4.0
1470,3.0,1,3.0
1471,3.0,1,3.0
1472,3.0,1,3.0
1473,5.0,4,5.0
1474,3.0,1,3.0
1475,3.0,1,3.0
1476,3.0,1,3.0
1477,4.0,1,3.0
1478,5.0,5,4.0
1479,3.0,1,3.0
1480,3.0,1,3.0
1481,3.0,1,3.0
1482,5.0,4,5.0
1483,4.0,1,3.0
1484,3.0,1,3.0
1485,3.0,1,3.0
1486,3.0,1,3.0
1487,5.0,4,5.0
1488,3.0,1,3.0
1489,3.0,1,3.0
1490,5.0,5,4.0
1491,5.0,4,5.0
1492,3.0,1,3.0
1493,3.0,1,3.0
1494,3.0,1,3.0
1495,3.0,1,3.0
1496,3.0,1,3.0
1497,3.0,1,3.0
1498,5.0,4,5.0
1499,5.0,4,5.0
1500,3.0,1,3.0
1501,5.0,4,5.0
1502,3.0,1,3.0
1503,3.0,1,3.0
1504,3.0,1,3.0
1505,5.0,4,5.0
1506,3.0,1,3.0
1507,3.0,1,3.0
1508,5.0,4,5.0
1509,3.0,1,3.0
1510,5.0,4,5.0
1511,5.0,4,5.0
1512,3.0,1,3.0
1513,3.0,1,3.0
1514,3.0,1,3.0
1515,5.0,4,5.0
1516,3.0,1,3.0
1517,5.0,4,5.0
1518,5.0,5,4.0
1519,3.0,1,3.0
1520,3.0,1,3.0
1521,3.0,1,3.0
1522,3.0,1,3.0
1523,5.0,5,4.0
1524,3.0,1,3.0
1525,3.0,1,3.0
1526,3.0,1,3.0
1527,3.0,1,3.0
1528,3.0,1,3.0
1529,5.0,4,5.0
1530,5.0,4,5.0
1531,5.0,4,5.0
1532,3.0,1,3.0
1533,5.0,5,4.0
1534,4.0,5,4.0
1535,3.0,1,3.0
1536,3.0,1,3.0
1537,4.0,5,4.0
1538,3.0,1,3.0
1539,3.0,1,3.0
1540,3.0,1,3.0
1541,3.0,1,3.0
1542,5.0,4,5.0
1543,3.0,1,3.0
1544,5.0,4,5.0
1545,3.0,1,3.0
1546,3.0,1,3.0
1547,3.0,1,3.0
1548,5.0,5,4.0
1549,2.0,0,6.0
1550,3.0,1,3.0
1551,3.0,1,3.0
1552,3.0,1,3.0
1553,3.0,1,3.0
1554,3.0,1,3.0
1555,5.0,4,5.0
1556,3.0,1,3.0
1557,3.0,1,3.0
1558,5.0,4,5.0
1559,5.0,5,4.0
1560,4.0,5,4.0
1561,5.0,4,5.0
1562,3.0,1,3.0
1563,4.0,5,4.0
1564,4.0,5,4.0
1565,5.0,5,4.0
1566,4.0,1,3.0
1567,5.0,4,5.0
1568,3.0,1,3.0
1569,3.0,1,3.0
1570,3.0,1,3.0
1571,3.0,1,3.0
1572,4.0,5,4.0
1573,3.0,1,3.0
1574,5.0,5,4.0
1575,3.0,1,3.0
1576,3.0,1,3.0
1577,5.0,4,5.0
1578,5.0,4,5.0
1579,3.0,1,3.0
1580,3.0,1,3.0
1581,3.0,1,3.0
1582,3.0,1,3.0
1583,4.0,5,4.0
1584,3.0,1,3.0
1585,3.0,1,3.0
1586,2.0,1,3.0
1587,3.0,1,3.0
1588,3.0,1,3.0
1589,3.0,1,3.0
1590,3.0,1,3.0
1591,3.0,1,3.0
1592,3.0,1,3.0
1593,3.0,1,3.0
1594,3.0,1,3.0
1595,3.0,1,3.0
1596,3.0,1,3.0
1597,3.0,1,3.0
1598,5.0,4,5.0
1599,3.0,1,3.0
1600,3.0,1,3.0
1601,3.0,1,3.0
1602,3.0,1,3.0
1603,3.0,1,3.0
1604,3.0,1,3.0
1605,4.0,1,3.0
1606,3.0,1,3.0
1607,5.0,4,5.0
1608,3.0,1,3.0
1609,3.0,1,3.0
1610,3.0,1,3.0
1611,3.0,1,3.0
1612,5.0,4,5.0
1613,5.0,4,5.0
1614,3.0,1,3.0
1615,3.0,1,3.0
1616,5.0,4,5.0
1617,3.0,1,3.0
1618,5.0,5,4.0
1619,3.0,1,3.0
1620,3.0,1,3.0
1621,4.0,1,3.0
1622,3.0,1,3.0
1623,3.0,1,3.0
1624,3.0,1,3.0
1625,3.0,1,3.0
1626,3.0,1,3.0
1627,5.0,4,5.0
1628,4.0,1,3.0
1629,5.0,5,4.0
1630,5.0,4,5.0
1631,3.0,1,3.0
1632,5.0,5,4.0
1633,3.0,1,3.0
1634,3.0,1,3.0
1635,3.0,1,3.0
1636,3.0,1,3.0
1637,5.0,5,4.0
1638,3.0,1,3.0
1639,5.0,4,5.0
1640,3.0,1,3.0
1641,3.0,1,3.0
1642,3.0,1,3.0
1643,5.0,4,5.0
1644,5.0,4,5.0
1645,5.0,5,4.0
1646,5.0,4,5.0
1647,3.0,1,3.0
1648,3.0,1,3.0
1649,5.0,4,5.0
1650,5.0,4,5.0
1651,3.0,1,3.0
1652,5.0,4,5.0
1653,3.0,1,3.0
1654,3.0,1,3.0
1655,3.0,1,3.0
1656,3.0,1,3.0
1657,4.0,1,3.0
1658,3.0,1,3.0
1659,3.0,1,3.0
1660,3.0,1,3.0
1661,3.0,1,3.0
1662,3.0,1,3.0
1663,5.0,4,5.0
1664,3.0,1,3.0
1665,5.0,4,5.0
1666,3.0,1,3.0
1667,5.0,5,4.0
1668,5.0,4,5.0
1669,3.0,1,3.0
1670,3.0,1,3.0
1671,3.0,1,3.0
1672,3.0,1,3.0
1673,3.0,1,3.0
1674,4.0,5,4.0
1675,5.0,4,5.0
1676,4.0,5,4.0
1677,5.0,5,4.0
1678,5.0,4,5.0
1679,3.0,1,3.0
1680,4.0,5,4.0
1681,4.0,1,3.0
1682,5.0,5,4.0
1683,2.0,3,2.0
1684,5.0,5,4.0
1685,3.0,1,3.0
1686,5.0,5,4.0
1687,3.0,1,3.0
1688,3.0,1,3.0
1689,3.0,1,3.0
1690,3.0,1,3.0
1691,2.0,1,3.0
1692,3.0,1,3.0
1693,3.0,1,3.0
1694,5.0,4,5.0
1695,3.0,1,3.0
1696,3.0,1,3.0
1697,3.0,1,3.0
1698,3.0,1,3.0
1699,3.0,1,3.0
1700,3.0,1,3.0
1701,3.0,1,3.0
1702,3.0,1,3.0
1703,3.0,1,3.0
1704,3.0,1,3.0
1705,3.0,1,3.0
1706,3.0,1,3.0
1707,5.0,4,5.0
1708,5.0,5,4.0
1709,3.0,1,3.0
1710,3.0,1,3.0
1711,3.0,1,3.0
1712,4.0,1,3.0
1713,3.0,1,3.0
1714,5.0,4,5.0
1715,3.0,1,3.0
1716,4.0,5,4.0
1717,3.0,1,3.0
1718,3.0,1,3.0
1719,3.0,1,3.0
1720,5.0,4,5.0
1721,3.0,1,3.0
1722,3.0,1,3.0
1723,4.0,1,3.0
1724,3.0,1,3.0
1725,3.0,1,3.0
1726,3.0,1,3.0
1727,3.0,1,3.0
1728,3.0,1,3.0
1729,5.0,4,5.0
1730,5.0,4,5.0
1731,3.0,1,3.0
1732,4.0,4,5.0
1733,5.0,4,5.0
1734,3.0,1,3.0
1735,5.0,4,5.0
1736,3.0,1,3.0
1737,5.0,4,5.0
1738,3.0,1,3.0
1739,3.0,1,3.0
1740,3.0,1,3.0
1741,3.0,1,3.0
1742,3.0,1,3.0
1743,5.0,4,5.0
1744,5.0,4,5.0
1745,5.0,4,5.0
1746,3.0,1,3.0
1747,3.0,1,3.0
1748,3.0,1,3.0
1749,5.0,4,5.0
1750,3.0,1,3.0
1751,3.0,1,3.0
1752,3.0,1,3.0
1753,3.0,1,3.0
1754,3.0,1,3.0
1755,3.0,1,3.0
1756,5.0,4,5.0
1757,3.0,1,3.0
1758,3.0,1,3.0
1759,5.0,4,5.0
1760,5.0,5,4.0
1761,3.0,1,3.0
1762,3.0,1,3.0
1763,5.0,5,4.0
1764,3.0,1,3.0
1765,3.0,1,3.0
1766,4.0,1,3.0
1767,3.0,1,3.0
1768,3.0,1,3.0
1769,5.0,4,5.0
1770,3.0,1,3.0
1771,5.0,4,5.0
1772,5.0,4,5.0
1773,3.0,1,3.0
1774,3.0,1,3.0
1775,3.0,1,3.0
1776,4.0,1,3.0
1777,3.0,1,3.0
1778,5.0,4,5.0
1779,5.0,4,5.0
1780,3.0,1,3.0
1781,3.0,1,3.0
1782,3.0,1,3.0
1783,3.0,1,3.0
1784,5.0,4,5.0
1785,3.0,1,3.0
1786,3.0,1,3.0
1787,5.0,4,5.0
1788,3.0,1,3.0
1789,5.0,4,5.0
1790,3.0,1,3.0
1791,4.0,9,1.0
1792,5.0,4,5.0
1793,3.0,1,3.0
1794,5.0,4,5.0
1795,3.0,1,3.0
1796,3.0,1,3.0
1797,3.0,1,3.0
1798,3.0,1,3.0
1799,3.0,1,3.0
1800,5.0,6,7.0
1801,3.0,1,3.0
1802,5.0,4,5.0
1803,5.0,4,5.0
1804,3.0,1,3.0
1805,3.0,1,3.0
1806,3.0,1,3.0
1807,3.0,1,3.0
1808,3.0,1,3.0
1809,3.0,1,3.0
1810,5.0,4,5.0
1811,3.0,1,3.0
1812,5.0,4,5.0
1813,3.0,1,3.0
1814,5.0,4,5.0
1815,3.0,1,3.0
1816,5.0,4,5.0
1817,3.0,1,3.0
1818,3.0,1,3.0
1819,3.0,1,3.0
1820,5.0,4,5.0
1821,5.0,4,5.0
1822,5.0,4,5.0
1823,3.0,1,3.0
1824,3.0,1,3.0
1825,5.0,5,4.0
1826,3.0,1,3.0
1827,3.0,1,3.0
1828,4.0,5,4.0
1829,4.0,5,4.0
1830,5.0,5,4.0
1831,3.0,1,3.0
1832,3.0,1,3.0
1833,5.0,5,4.0
1834,3.0,1,3.0
1835,3.0,1,3.0
1836,5.0,4,5.0
1837,3.0,1,3.0
1838,5.0,4,5.0
1839,5.0,4,5.0
1840,3.0,1,3.0
1841,3.0,1,3.0
1842,3.0,1,3.0
1843,5.0,5,4.0
1844,2.0,0,6.0
1845,5.0,4,5.0
1846,3.0,1,3.0
1847,3.0,1,3.0
1848,5.0,4,5.0
1849,3.0,1,3.0
1850,5.0,4,5.0
1851,3.0,1,3.0
1852,3.0,1,3.0
1853,3.0,1,3.0
1854,3.0,1,3.0
1855,5.0,2,0.0
1856,3.0,1,3.0
1857,3.0,1,3.0
1858,3.0,1,3.0
1859,3.0,1,3.0
1860,3.0,1,3.0
1861,3.0,1,3.0
1862,3.0,1,3.0
1863,3.0,1,3.0
1864,3.0,1,3.0
1865,5.0,4,5.0
1866,3.0,1,3.0
1867,3.0,1,3.0
1868,3.0,1,3.0
1869,3.0,1,3.0
1870,4.0,5,4.0
1871,5.0,4,5.0
1872,5.0,5,4.0
1873,5.0,4,5.0
1874,3.0,1,3.0
1875,5.0,4,5.0
1876,3.0,1,3.0
1877,5.0,4,5.0
1878,3.0,1,3.0
1879,5.0,5,4.0
1880,4.0,5,4.0
1881,3.0,1,3.0
1882,5.0,4,5.0
1883,5.0,4,5.0
1884,5.0,5,4.0
1885,3.0,1,3.0
1886,5.0,4,5.0
1887,2.0,1,3.0
1888,3.0,1,3.0
1889,3.0,1,3.0
1890,3.0,1,3.0
1891,3.0,1,3.0
1892,5.0,4,5.0
1893,3.0,1,3.0
1894,3.0,1,3.0
1895,3.0,1,3.0
1896,3.0,1,3.0
1897,3.0,1,3.0
1898,5.0,4,5.0
1899,3.0,1,3.0
1900,4.0,5,4.0
1901,4.0,5,4.0
1902,5.0,4,5.0
1903,3.0,1,3.0
1904,4.0,5,4.0
1905,3.0,1,3.0
1906,5.0,5,4.0
1907,5.0,4,5.0
1908,5.0,4,5.0
1909,5.0,4,5.0
1910,4.0,5,4.0
1911,5.0,4,5.0
1912,4.0,4,5.0
1913,3.0,1,3.0
1914,3.0,1,3.0
1915,5.0,4,5.0
1916,5.0,4,5.0
1917,3.0,1,3.0
1918,4.0,5,4.0
1919,3.0,1,3.0
1920,3.0,1,3.0
1921,3.0,1,3.0
1922,3.0,1,3.0
1923,3.0,1,3.0
1924,3.0,1,3.0
1925,3.0,1,3.0
1926,3.0,1,3.0
1927,3.0,1,3.0
1928,3.0,1,3.0
1929,4.0,5,4.0
1930,3.0,1,3.0
1931,3.0,1,3.0
1932,3.0,1,3.0
1933,3.0,1,3.0
1934,5.0,4,5.0
1935,3.0,1,3.0
1936,3.0,1,3.0
1937,3.0,1,3.0
1938,5.0,5,4.0
1939,5.0,4,5.0
1940,5.0,5,4.0
1941,5.0,4,5.0
1942,5.0,4,5.0
1943,3.0,1,3.0
1944,3.0,1,3.0
1945,5.0,4,5.0
1946,3.0,1,3.0
1947,3.0,1,3.0
1948,3.0,1,3.0
1949,3.0,1,3.0
1950,5.0,4,5.0
1951,5.0,4,5.0
1952,3.0,1,3.0
1953,3.0,1,3.0
1954,3.0,1,3.0
1955,3.0,1,3.0
1956,5.0,4,5.0
1957,2.0,0,6.0
1958,5.0,4,5.0
1959,3.0,1,3.0
1960,3.0,1,3.0
1961,3.0,1,3.0
1962,3.0,1,3.0
1963,5.0,4,5.0
1964,5.0,5,4.0
1965,3.0,1,3.0
1966,3.0,1,3.0
1967,3.0,1,3.0
1968,3.0,1,3.0
1969,3.0,1,3.0
1970,3.0,1,3.0
1971,3.0,1,3.0
1972,2.0,1,3.0
1973,3.0,1,3.0
1974,3.0,1,3.0
1975,5.0,4,5.0
1976,3.0,1,3.0
1977,3.0,1,3.0
1978,3.0,1,3.0
1979,3.0,1,3.0
1980,3.0,1,3.0
1981,5.0,4,5.0
1982,3.0,1,3.0
1983,3.0,1,3.0
1984,3.0,1,3.0
1985,5.0,5,4.0
1986,5.0,4,5.0
1987,3.0,1,3.0
1988,3.0,1,3.0
1989,3.0,1,3.0
1990,5.0,5,4.0
1991,3.0,1,3.0
1992,4.0,5,4.0
1993,3.0,1,3.0
1994,3.0,1,3.0
1995,3.0,1,3.0
1996,3.0,1,3.0
1997,3.0,1,3.0
1998,4.0,5,4.0
1999,3.0,1,3.0
2000,3.0,1,3.0
2001,3.0,1,3.0
2002,3.0,1,3.0
2003,5.0,4,5.0
2004,5.0,5,4.0
2005,5.0,4,5.0
2006,5.0,4,5.0
2007,3.0,1,3.0
2008,3.0,1,3.0
2009,3.0,1,3.0
2010,3.0,1,3.0
2011,3.0,1,3.0
2012,3.0,1,3.0
2013,3.0,1,3.0
2014,5.0,4,5.0
2015,3.0,1,3.0
2016,5.0,4,5.0
2017,3.0,1,3.0
2018,3.0,1,3.0
2019,3.0,1,3.0
2020,5.0,5,4.0
2021,4.0,5,4.0
2022,5.0,5,4.0
2023,3.0,1,3.0
2024,3.0,1,3.0
2025,3.0,1,3.0
2026,5.0,4,5.0
2027,4.0,1,3.0
2028,4.0,5,4.0
2029,5.0,5,4.0
2030,5.0,4,5.0
2031,3.0,1,3.0
2032,3.0,1,3.0
2033,3.0,1,3.0
2034,5.0,4,5.0
2035,3.0,1,3.0
2036,4.0,1,3.0
2037,3.0,1,3.0
2038,5.0,4,5.0
2039,5.0,4,5.0
2040,3.0,1,3.0
2041,3.0,1,3.0
2042,3.0,1,3.0
2043,3.0,1,3.0
2044,3.0,1,3.0
2045,3.0,1,3.0
2046,3.0,1,3.0
2047,5.0,4,5.0
2048,5.0,4,5.0
2049,3.0,1,3.0
2050,3.0,1,3.0
2051,5.0,5,4.0
2052,3.0,1,3.0
2053,5.0,4,5.0
2054,4.0,1,3.0
2055,3.0,1,3.0
2056,5.0,4,5.0
2057,3.0,1,3.0
2058,3.0,1,3.0
2059,3.0,1,3.0
2060,5.0,5,4.0
2061,5.0,5,4.0
2062,3.0,1,3.0
2063,2.0,7,6.0
2064,3.0,1,3.0
2065,3.0,1,3.0
2066,5.0,5,4.0
2067,3.0,1,3.0
2068,5.0,4,5.0
2069,3.0,1,3.0
2070,3.0,1,3.0
2071,3.0,1,3.0
2072,3.0,1,3.0
2073,3.0,1,3.0
2074,3.0,1,3.0
2075,5.0,4,5.0
2076,3.0,1,3.0
2077,5.0,5,4.0
2078,3.0,1,3.0
2079,3.0,1,3.0
2080,3.0,1,3.0
2081,3.0,1,3.0
2082,3.0,1,3.0
2083,4.0,5,4.0
2084,5.0,4,5.0
2085,5.0,4,5.0
2086,5.0,4,5.0
2087,3.0,1,3.0
2088,5.0,4,5.0
2089,3.0,1,3.0
2090,3.0,1,3.0
2091,3.0,1,3.0
2092,3.0,1,3.0
2093,3.0,1,3.0
2094,3.0,1,3.0
2095,3.0,1,3.0
2096,3.0,1,3.0
2097,3.0,1,3.0
2098,3.0,1,3.0
2099,3.0,1,3.0
2100,2.0,7,6.0
2101,3.0,1,3.0
2102,3.0,1,3.0
2103,5.0,4,5.0
2104,3.0,1,3.0
2105,3.0,1,3.0
2106,3.0,1,3.0
2107,3.0,1,3.0
2108,3.0,1,3.0
2109,5.0,4,5.0
2110,3.0,1,3.0
2111,5.0,5,4.0
2112,5.0,4,5.0
2113,3.0,1,3.0
2114,5.0,4,5.0
2115,3.0,1,3.0
2116,3.0,1,3.0
2117,5.0,4,5.0
2118,3.0,1,3.0
2119,5.0,4,5.0
2120,4.0,1,3.0
2121,5.0,4,5.0
2122,4.0,5,4.0
2123,3.0,1,3.0
2124,3.0,1,3.0
2125,3.0,1,3.0
2126,5.0,4,5.0
2127,4.0,5,4.0
2128,3.0,1,3.0
2129,4.0,5,4.0
2130,5.0,5,4.0
2131,3.0,1,3.0
2132,4.0,1,3.0
2133,3.0,1,3.0
2134,3.0,1,3.0
2135,3.0,1,3.0
2136,5.0,5,4.0
2137,3.0,1,3.0
2138,5.0,5,4.0
2139,3.0,1,3.0
2140,3.0,1,3.0
2141,5.0,4,5.0
2142,3.0,1,3.0
2143,3.0,1,3.0
2144,5.0,4,5.0
2145,5.0,4,5.0
2146,3.0,1,3.0
2147,3.0,1,3.0
2148,3.0,1,3.0
2149,3.0,1,3.0
2150,3.0,1,3.0
2151,3.0,1,3.0
2152,3.0,1,3.0
2153,3.0,1,3.0
2154,3.0,1,3.0
2155,3.0,1,3.0
2156,3.0,1,3.0
2157,3.0,1,3.0
2158,3.0,1,3.0
2159,5.0,4,5.0
2160,5.0,5,4.0
2161,3.0,1,3.0
2162,3.0,1,3.0
2163,5.0,4,5.0
2164,3.0,1,3.0
2165,3.0,1,3.0
2166,5.0,4,5.0
2167,5.0,4,5.0
2168,4.0,5,4.0
2169,4.0,5,4.0
2170,3.0,1,3.0
2171,3.0,1,3.0
2172,4.0,5,4.0
2173,3.0,1,3.0
2174,3.0,1,3.0
2175,3.0,1,3.0
2176,3.0,1,3.0
2177,3.0,1,3.0
2178,3.0,1,3.0
2179,3.0,1,3.0
2180,5.0,4,5.0
2181,3.0,1,3.0
2182,4.0,1,3.0
2183,4.0,5,4.0
2184,3.0,1,3.0
2185,3.0,1,3.0
2186,3.0,1,3.0
2187,3.0,1,3.0
2188,3.0,1,3.0
2189,3.0,1,3.0
2190,3.0,1,3.0
2191,3.0,1,3.0
2192,3.0,1,3.0
2193,3.0,1,3.0
2194,5.0,4,5.0
2195,5.0,4,5.0
2196,5.0,4,5.0
2197,3.0,1,3.0
2198,3.0,1,3.0
2199,4.0,1,3.0
2200,3.0,1,3.0
2201,5.0,4,5.0
2202,3.0,1,3.0
2203,3.0,1,3.0
2204,4.0,5,4.0
2205,3.0,1,3.0
2206,3.0,1,3.0
2207,3.0,1,3.0
2208,3.0,1,3.0
2209,3.0,1,3.0
2210,3.0,1,3.0
2211,4.0,5,4.0
2212,3.0,1,3.0
2213,4.0,1,3.0
2214,5.0,4,5.0
2215,3.0,1,3.0
2216,5.0,4,5.0
2217,3.0,1,3.0
2218,4.0,5,4.0
2219,5.0,4,5.0
2220,3.0,1,3.0
2221,5.0,4,5.0
2222,3.0,1,3.0
2223,5.0,5,4.0
2224,3.0,1,3.0
2225,3.0,1,3.0
2226,3.0,1,3.0
2227,3.0,1,3.0
2228,5.0,4,5.0
2229,3.0,1,3.0
2230,3.0,1,3.0
2231,3.0,1,3.0
2232,3.0,1,3.0
2233,3.0,1,3.0
2234,3.0,1,3.0
2235,4.0,1,3.0
2236,5.0,4,5.0
2237,2.0,1,3.0
2238,4.0,5,4.0
2239,5.0,5,4.0
2240,5.0,4,5.0
2241,3.0,1,3.0
2242,3.0,1,3.0
2243,5.0,4,5.0
2244,3.0,1,3.0
2245,3.0,1,3.0
2246,5.0,5,4.0
2247,3.0,1,3.0
2248,3.0,1,3.0
2249,3.0,1,3.0
2250,3.0,1,3.0
2251,3.0,1,3.0
2252,3.0,1,3.0
2253,3.0,1,3.0
2254,5.0,4,5.0
2255,3.0,1,3.0
2256,5.0,4,5.0
2257,3.0,1,3.0
2258,2.0,3,2.0
2259,4.0,5,4.0
2260,4.0,1,3.0
2261,3.0,1,3.0
2262,3.0,1,3.0
2263,5.0,4,5.0
2264,3.0,1,3.0
2265,3.0,1,3.0
2266,3.0,1,3.0
2267,3.0,1,3.0
2268,3.0,1,3.0
2269,3.0,1,3.0
2270,2.0,0,6.0
2271,5.0,5,4.0
2272,3.0,1,3.0
2273,3.0,1,3.0
2274,3.0,1,3.0
2275,3.0,1,3.0
2276,3.0,1,3.0
2277,4.0,1,3.0
2278,3.0,1,3.0
2279,5.0,4,5.0
2280,5.0,4,5.0
2281,3.0,1,3.0
2282,3.0,1,3.0
2283,3.0,1,3.0
2284,3.0,1,3.0
2285,3.0,1,3.0
2286,3.0,1,3.0
2287,5.0,4,5.0
2288,5.0,4,5.0
2289,5.0,4,5.0
2290,3.0,1,3.0
2291,5.0,4,5.0
2292,3.0,1,3.0
2293,5.0,4,5.0
2294,3.0,1,3.0
2295,4.0,5,4.0
2296,4.0,5,4.0
2297,5.0,5,4.0
2298,5.0,4,5.0
2299,3.0,1,3.0
2300,3.0,1,3.0
2301,4.0,5,4.0
2302,3.0,1,3.0
2303,5.0,4,5.0
2304,5.0,4,5.0
2305,3.0,1,3.0
2306,5.0,4,5.0
2307,3.0,1,3.0
2308,5.0,4,5.0
2309,3.0,1,3.0
2310,3.0,1,3.0
2311,3.0,1,3.0
2312,5.0,4,5.0
2313,3.0,1,3.0
2314,3.0,1,3.0
2315,5.0,4,5.0
2316,3.0,1,3.0
2317,3.0,1,3.0
2318,3.0,1,3.0
2319,3.0,1,3.0
2320,3.0,1,3.0
2321,3.0,1,3.0
2322,5.0,4,5.0
2323,4.0,1,3.0
2324,5.0,4,5.0
2325,5.0,4,5.0
2326,3.0,1,3.0
2327,3.0,1,3.0
2328,4.0,4,5.0
2329,5.0,4,5.0
2330,3.0,1,3.0
2331,3.0,1,3.0
2332,3.0,1,3.0
2333,3.0,1,3.0
2334,3.0,1,3.0
2335,5.0,5,4.0
2336,3.0,1,3.0
2337,3.0,1,3.0
2338,5.0,5,4.0
2339,5.0,4,5.0
2340,3.0,1,3.0
2341,3.0,1,3.0
2342,3.0,1,3.0
2343,3.0,1,3.0
2344,3.0,1,3.0
2345,3.0,1,3.0
2346,5.0,4,5.0
2347,2.0,7,6.0
2348,4.0,5,4.0
2349,3.0,1,3.0
2350,3.0,1,3.0
2351,3.0,1,3.0
2352,3.0,1,3.0
2353,4.0,5,4.0
2354,3.0,1,3.0
2355,3.0,1,3.0
2356,4.0,5,4.0
2357,3.0,1,3.0
2358,4.0,1,3.0
2359,3.0,1,3.0
2360,3.0,1,3.0
2361,5.0,4,5.0
2362,3.0,1,3.0
2363,3.0,1,3.0
2364,3.0,1,3.0
2365,3.0,1,3.0
2366,3.0,1,3.0
2367,3.0,1,3.0
2368,3.0,1,3.0
2369,3.0,1,3.0
2370,3.0,1,3.0
2371,3.0,1,3.0
2372,3.0,1,3.0
2373,3.0,1,3.0
2374,5.0,5,4.0
2375,5.0,4,5.0
2376,5.0,5,4.0
2377,5.0,5,4.0
2378,3.0,1,3.0
2379,4.0,5,4.0
2380,3.0,1,3.0
2381,3.0,1,3.0
2382,5.0,5,4.0
2383,3.0,1,3.0
2384,3.0,1,3.0
2385,3.0,1,3.0
2386,3.0,1,3.0
2387,5.0,4,5.0
2388,3.0,1,3.0
2389,5.0,4,5.0
2390,3.0,1,3.0
2391,5.0,9,1.0
2392,3.0,1,3.0
2393,3.0,1,3.0
2394,3.0,1,3.0
2395,5.0,4,5.0
2396,5.0,4,5.0
2397,5.0,4,5.0
2398,3.0,1,3.0
2399,3.0,1,3.0
2400,3.0,1,3.0
2401,5.0,5,4.0
2402,3.0,1,3.0
2403,5.0,5,4.0
2404,3.0,1,3.0
2405,3.0,1,3.0
2406,3.0,1,3.0
2407,3.0,1,3.0
2408,5.0,4,5.0
2409,5.0,4,5.0
2410,3.0,1,3.0
2411,3.0,1,3.0
2412,3.0,1,3.0
2413,5.0,4,5.0
2414,3.0,1,3.0
2415,3.0,1,3.0
2416,3.0,1,3.0
2417,5.0,4,5.0
2418,5.0,4,5.0
2419,3.0,1,3.0
2420,3.0,1,3.0
2421,3.0,1,3.0
2422,2.0,1,3.0
2423,3.0,1,3.0
2424,3.0,1,3.0
2425,4.0,5,4.0
2426,3.0,1,3.0
2427,3.0,1,3.0
2428,3.0,1,3.0
2429,5.0,4,5.0
2430,3.0,1,3.0
2431,5.0,5,4.0
2432,5.0,4,5.0
2433,5.0,4,5.0
2434,3.0,1,3.0
2435,2.0,1,3.0
2436,3.0,1,3.0
2437,3.0,1,3.0
2438,4.0,5,4.0
2439,4.0,1,3.0
2440,3.0,1,3.0
2441,3.0,1,3.0
2442,3.0,1,3.0
2443,5.0,5,4.0
2444,3.0,1,3.0
2445,3.0,1,3.0
2446,4.0,5,4.0
2447,3.0,1,3.0
2448,4.0,5,4.0
2449,3.0,1,3.0
2450,3.0,1,3.0
2451,3.0,1,3.0
2452,5.0,4,5.0
2453,3.0,1,3.0
2454,3.0,1,3.0
2455,3.0,1,3.0
2456,3.0,1,3.0
2457,3.0,1,3.0
2458,5.0,4,5.0
2459,3.0,1,3.0
2460,3.0,1,3.0
2461,3.0,1,3.0
2462,4.0,1,3.0
2463,5.0,5,4.0
2464,3.0,1,3.0
2465,3.0,1,3.0
2466,3.0,1,3.0
2467,3.0,1,3.0
2468,3.0,1,3.0
2469,3.0,1,3.0
2470,3.0,1,3.0
2471,3.0,1,3.0
2472,3.0,1,3.0
2473,3.0,1,3.0
2474,5.0,4,5.0
2475,4.0,5,4.0
2476,5.0,4,5.0
2477,3.0,1,3.0
2478,3.0,1,3.0
2479,3.0,1,3.0
2480,3.0,1,3.0
2481,4.0,1,3.0
2482,3.0,1,3.0
2483,3.0,1,3.0
2484,3.0,1,3.0
2485,3.0,1,3.0
2486,4.0,5,4.0
2487,5.0,4,5.0
2488,3.0,1,3.0
2489,5.0,4,5.0
2490,4.0,1,3.0
2491,3.0,1,3.0
2492,2.0,3,2.0
2493,3.0,1,3.0
2494,5.0,4,5.0
2495,5.0,5,4.0
2496,5.0,4,5.0
2497,5.0,4,5.0
2498,5.0,4,5.0
2499,3.0,1,3.0
2500,5.0,4,5.0
2501,3.0,1,3.0
2502,5.0,5,4.0
2503,3.0,1,3.0
2504,3.0,1,3.0
2505,4.0,5,4.0
2506,3.0,1,3.0
2507,5.0,5,4.0
2508,3.0,1,3.0
2509,4.0,5,4.0
2510,3.0,1,3.0
2511,5.0,4,5.0
2512,3.0,1,3.0
2513,4.0,5,4.0
2514,3.0,1,3.0
2515,3.0,1,3.0
2516,3.0,1,3.0
2517,4.0,5,4.0
2518,3.0,1,3.0
2519,5.0,4,5.0
2520,3.0,1,3.0
2521,3.0,1,3.0
2522,3.0,1,3.0
2523,4.0,5,4.0
2524,5.0,4,5.0
2525,3.0,1,3.0
2526,3.0,1,3.0
2527,5.0,4,5.0
2528,5.0,4,5.0
2529,3.0,1,3.0
2530,3.0,1,3.0
2531,3.0,1,3.0
2532,3.0,1,3.0
2533,3.0,1,3.0
2534,3.0,1,3.0
2535,4.0,5,4.0
2536,3.0,1,3.0
2537,5.0,4,5.0
2538,3.0,1,3.0
2539,3.0,1,3.0
2540,3.0,1,3.0
2541,3.0,1,3.0
2542,5.0,4,5.0
2543,3.0,1,3.0
2544,3.0,1,3.0
2545,3.0,1,3.0
2546,5.0,4,5.0
2547,5.0,4,5.0
2548,4.0,1,3.0
2549,4.0,5,4.0
2550,3.0,1,3.0
2551,3.0,1,3.0
2552,3.0,1,3.0
2553,3.0,1,3.0
2554,3.0,1,3.0
2555,3.0,1,3.0
2556,4.0,5,4.0
2557,3.0,1,3.0
2558,4.0,5,4.0
2559,3.0,1,3.0
2560,3.0,1,3.0
2561,4.0,5,4.0
2562,5.0,4,5.0
2563,5.0,4,5.0
2564,5.0,4,5.0
2565,4.0,1,3.0
2566,3.0,1,3.0
2567,5.0,4,5.0
2568,5.0,4,5.0
2569,3.0,1,3.0
2570,5.0,5,4.0
2571,3.0,1,3.0
2572,3.0,1,3.0
2573,5.0,4,5.0
2574,3.0,1,3.0
2575,3.0,1,3.0
2576,3.0,1,3.0
2577,3.0,1,3.0
2578,3.0,1,3.0
2579,5.0,4,5.0
2580,5.0,4,5.0
2581,5.0,4,5.0
2582,3.0,1,3.0
2583,4.0,1,3.0
2584,4.0,5,4.0
2585,3.0,1,3.0
2586,3.0,1,3.0
2587,5.0,4,5.0
2588,4.0,1,3.0
2589,3.0,1,3.0
2590,3.0,1,3.0
2591,3.0,1,3.0
2592,3.0,1,3.0
2593,3.0,1,3.0
2594,5.0,5,4.0
2595,3.0,1,3.0
2596,5.0,5,4.0
2597,3.0,1,3.0
2598,4.0,1,3.0
2599,3.0,1,3.0
2600,3.0,1,3.0
2601,3.0,1,3.0
2602,3.0,1,3.0
2603,5.0,4,5.0
2604,3.0,1,3.0
2605,5.0,4,5.0
2606,3.0,1,3.0
2607,3.0,1,3.0
2608,3.0,1,3.0
2609,3.0,1,3.0
2610,3.0,1,3.0
2611,3.0,1,3.0
2612,5.0,4,5.0
2613,3.0,1,3.0
2614,5.0,4,5.0
2615,3.0,1,3.0
2616,3.0,1,3.0
2617,3.0,1,3.0
2618,3.0,1,3.0
2619,3.0,1,3.0
2620,3.0,1,3.0
2621,3.0,1,3.0
2622,3.0,1,3.0
2623,3.0,1,3.0
2624,3.0,1,3.0
2625,3.0,1,3.0
2626,5.0,4,5.0
2627,3.0,1,3.0
2628,5.0,4,5.0
2629,4.0,5,4.0
2630,4.0,1,3.0
2631,4.0,5,4.0
2632,5.0,4,5.0
2633,5.0,4,5.0
2634,5.0,6,7.0
2635,3.0,1,3.0
2636,3.0,1,3.0
2637,3.0,1,3.0
2638,3.0,1,3.0
2639,5.0,4,5.0
2640,5.0,4,5.0
2641,5.0,5,4.0
2642,3.0,1,3.0
2643,5.0,5,4.0
2644,2.0,3,2.0
2645,3.0,1,3.0
2646,3.0,1,3.0
2647,3.0,1,3.0
2648,3.0,1,3.0
2649,3.0,1,3.0
2650,3.0,1,3.0
2651,3.0,1,3.0
2652,5.0,4,5.0
2653,5.0,4,5.0
2654,5.0,4,5.0
2655,3.0,1,3.0
2656,3.0,1,3.0
2657,5.0,4,5.0
2658,3.0,1,3.0
2659,5.0,5,4.0
2660,3.0,1,3.0
2661,3.0,1,3.0
2662,3.0,1,3.0
2663,3.0,1,3.0
2664,3.0,1,3.0
2665,3.0,1,3.0
2666,5.0,4,5.0
2667,3.0,1,3.0
2668,3.0,1,3.0
2669,3.0,1,3.0
2670,4.0,5,4.0
2671,3.0,1,3.0
2672,3.0,1,3.0
2673,3.0,1,3.0
2674,3.0,1,3.0
2675,3.0,1,3.0
2676,3.0,1,3.0
2677,3.0,1,3.0
2678,5.0,6,7.0
2679,3.0,1,3.0
2680,3.0,1,3.0
2681,2.0,5,4.0
2682,3.0,1,3.0
2683,5.0,4,5.0
2684,3.0,1,3.0
2685,3.0,1,3.0
2686,3.0,1,3.0
2687,5.0,4,5.0
2688,3.0,1,3.0
2689,3.0,1,3.0
2690,3.0,1,3.0
2691,2.0,3,2.0
2692,3.0,1,3.0
2693,3.0,1,3.0
2694,3.0,1,3.0
2695,5.0,5,4.0
2696,3.0,1,3.0
2697,3.0,1,3.0
2698,3.0,1,3.0
2699,4.0,5,4.0
2700,3.0,1,3.0
2701,3.0,1,3.0
2702,5.0,4,5.0
2703,5.0,5,4.0
2704,3.0,1,3.0
2705,3.0,1,3.0
2706,5.0,5,4.0
2707,3.0,1,3.0
2708,3.0,1,3.0
2709,3.0,1,3.0
2710,4.0,5,4.0
2711,3.0,1,3.0
2712,3.0,1,3.0
2713,4.0,1,3.0
2714,5.0,4,5.0
2715,5.0,4,5.0
2716,3.0,1,3.0
2717,3.0,1,3.0
2718,3.0,1,3.0
2719,3.0,1,3.0
2720,3.0,1,3.0
2721,3.0,1,3.0
2722,3.0,1,3.0
2723,5.0,4,5.0
2724,5.0,4,5.0
2725,5.0,4,5.0
2726,3.0,1,3.0
2727,4.0,5,4.0
2728,3.0,1,3.0
2729,3.0,1,3.0
2730,4.0,5,4.0
2731,3.0,1,3.0
2732,3.0,1,3.0
2733,3.0,1,3.0
2734,5.0,4,5.0
2735,3.0,1,3.0
2736,3.0,1,3.0
2737,3.0,1,3.0
2738,3.0,1,3.0
2739,3.0,1,3.0
2740,5.0,5,4.0
2741,3.0,1,3.0
2742,3.0,1,3.0
2743,3.0,1,3.0
2744,3.0,1,3.0
2745,3.0,1,3.0
2746,3.0,1,3.0
2747,5.0,4,5.0
2748,3.0,1,3.0
2749,3.0,1,3.0
2750,3.0,1,3.0
2751,5.0,5,4.0
2752,5.0,4,5.0
2753,3.0,1,3.0
2754,3.0,1,3.0
2755,3.0,1,3.0
2756,3.0,1,3.0
2757,4.0,5,4.0
2758,5.0,4,5.0
2759,3.0,1,3.0
2760,4.0,1,3.0
2761,3.0,1,3.0
2762,5.0,5,4.0
2763,5.0,5,4.0
2764,3.0,1,3.0
2765,4.0,1,3.0
2766,3.0,1,3.0
2767,3.0,1,3.0
2768,3.0,1,3.0
2769,3.0,1,3.0
2770,3.0,1,3.0
2771,3.0,1,3.0
2772,3.0,1,3.0
2773,5.0,4,5.0
2774,3.0,1,3.0
2775,3.0,1,3.0
2776,5.0,5,4.0
2777,5.0,4,5.0
2778,3.0,1,3.0
2779,3.0,1,3.0
2780,3.0,1,3.0
2781,3.0,1,3.0
2782,3.0,1,3.0
2783,5.0,4,5.0
2784,3.0,1,3.0
2785,3.0,1,3.0
2786,3.0,1,3.0
2787,5.0,5,4.0
2788,3.0,1,3.0
2789,5.0,4,5.0
2790,4.0,1,3.0
2791,5.0,5,4.0
2792,5.0,4,5.0
2793,5.0,5,4.0
2794,3.0,1,3.0
2795,3.0,1,3.0
2796,3.0,1,3.0
2797,4.0,5,4.0
2798,5.0,4,5.0
2799,5.0,4,5.0
2800,3.0,1,3.0
2801,3.0,1,3.0
2802,5.0,4,5.0
2803,3.0,1,3.0
2804,3.0,1,3.0
2805,5.0,5,4.0
2806,5.0,4,5.0
2807,5.0,4,5.0
2808,3.0,1,3.0
2809,5.0,4,5.0
2810,3.0,1,3.0
2811,3.0,1,3.0
2812,5.0,5,4.0
2813,4.0,5,4.0
2814,5.0,4,5.0
2815,5.0,4,5.0
2816,4.0,4,5.0
2817,3.0,1,3.0
2818,3.0,1,3.0
2819,5.0,5,4.0
2820,3.0,1,3.0
2821,5.0,4,5.0
2822,5.0,5,4.0
2823,3.0,1,3.0
2824,3.0,1,3.0
2825,4.0,1,3.0
2826,4.0,5,4.0
2827,3.0,1,3.0
2828,3.0,1,3.0
2829,3.0,1,3.0
2830,5.0,4,5.0
2831,5.0,4,5.0
2832,3.0,1,3.0
2833,3.0,1,3.0
2834,5.0,4,5.0
2835,5.0,4,5.0
2836,3.0,1,3.0
2837,3.0,1,3.0
2838,3.0,1,3.0
2839,3.0,1,3.0
2840,4.0,1,3.0
2841,3.0,1,3.0
2842,3.0,1,3.0
2843,4.0,1,3.0
2844,5.0,4,5.0
2845,3.0,1,3.0
2846,3.0,1,3.0
2847,3.0,1,3.0
2848,3.0,1,3.0
2849,3.0,1,3.0
2850,3.0,1,3.0
2851,3.0,1,3.0
2852,3.0,1,3.0
2853,3.0,1,3.0
2854,3.0,1,3.0
2855,3.0,1,3.0
2856,3.0,1,3.0
2857,3.0,1,3.0
2858,3.0,1,3.0
2859,3.0,1,3.0
2860,4.0,5,4.0
2861,5.0,4,5.0
2862,3.0,1,3.0
2863,3.0,1,3.0
2864,3.0,1,3.0
2865,3.0,1,3.0
2866,4.0,5,4.0
2867,3.0,1,3.0
2868,3.0,1,3.0
2869,3.0,1,3.0
2870,3.0,1,3.0
2871,5.0,4,5.0
2872,4.0,1,3.0
2873,3.0,1,3.0
2874,4.0,5,4.0
2875,3.0,1,3.0
2876,3.0,1,3.0
2877,3.0,1,3.0
2878,3.0,1,3.0
2879,3.0,1,3.0
2880,3.0,1,3.0
2881,3.0,1,3.0
2882,3.0,1,3.0
2883,5.0,4,5.0
2884,5.0,4,5.0
2885,3.0,1,3.0
2886,3.0,1,3.0
2887,3.0,1,3.0
2888,3.0,1,3.0
2889,5.0,4,5.0
2890,4.0,5,4.0
2891,5.0,4,5.0
2892,3.0,1,3.0
2893,3.0,1,3.0
2894,3.0,1,3.0
2895,3.0,1,3.0
2896,3.0,1,3.0
2897,3.0,1,3.0
2898,3.0,1,3.0
2899,3.0,1,3.0
2900,3.0,1,3.0
2901,3.0,1,3.0
2902,3.0,1,3.0
2903,5.0,4,5.0
2904,3.0,1,3.0
2905,5.0,4,5.0
2906,3.0,1,3.0
2907,3.0,1,3.0
2908,3.0,1,3.0
2909,5.0,4,5.0
2910,3.0,1,3.0
2911,3.0,1,3.0
2912,3.0,1,3.0
2913,3.0,1,3.0
2914,3.0,1,3.0
2915,3.0,1,3.0
2916,3.0,1,3.0
2917,3.0,1,3.0
2918,3.0,1,3.0
2919,3.0,1,3.0
2920,3.0,1,3.0
2921,5.0,4,5.0
2922,3.0,1,3.0
2923,3.0,1,3.0
2924,2.0,3,2.0
2925,3.0,1,3.0
2926,3.0,1,3.0
2927,3.0,1,3.0
2928,3.0,1,3.0
2929,5.0,4,5.0
2930,3.0,1,3.0
2931,3.0,1,3.0
2932,5.0,4,5.0
2933,3.0,1,3.0
2934,3.0,1,3.0
2935,3.0,1,3.0
2936,4.0,5,4.0
2937,4.0,1,3.0
2938,4.0,5,4.0
2939,3.0,1,3.0
2940,3.0,1,3.0
2941,3.0,1,3.0
2942,3.0,1,3.0
2943,5.0,4,5.0
2944,4.0,5,4.0
2945,3.0,1,3.0
2946,3.0,1,3.0
2947,4.0,5,4.0
2948,4.0,5,4.0
2949,5.0,4,5.0
2950,3.0,1,3.0
2951,3.0,1,3.0
2952,3.0,1,3.0
2953,3.0,1,3.0
2954,5.0,5,4.0
2955,3.0,1,3.0
2956,3.0,1,3.0
2957,3.0,1,3.0
2958,5.0,5,4.0
2959,5.0,5,4.0
2960,3.0,1,3.0
2961,4.0,1,3.0
2962,5.0,4,5.0
2963,5.0,4,5.0
2964,3.0,1,3.0
2965,3.0,1,3.0
2966,5.0,4,5.0
2967,4.0,1,3.0
2968,3.0,1,3.0
2969,3.0,1,3.0
2970,3.0,1,3.0
2971,5.0,5,4.0
2972,3.0,1,3.0
2973,3.0,1,3.0
2974,5.0,4,5.0
2975,5.0,4,5.0
2976,5.0,5,4.0
2977,3.0,1,3.0
2978,3.0,1,3.0
2979,5.0,4,5.0
2980,5.0,5,4.0
2981,4.0,4,5.0
2982,3.0,1,3.0
2983,3.0,1,3.0
2984,3.0,1,3.0
2985,3.0,1,3.0
2986,3.0,1,3.0
2987,3.0,1,3.0
2988,5.0,4,5.0
2989,3.0,1,3.0
2990,3.0,1,3.0
2991,4.0,1,3.0
2992,3.0,1,3.0
2993,3.0,1,3.0
2994,3.0,1,3.0
2995,3.0,1,3.0
2996,3.0,1,3.0
2997,5.0,4,5.0
2998,3.0,1,3.0
2999,5.0,5,4.0
3000,3.0,1,3.0
3001,3.0,1,3.0
3002,3.0,1,3.0
3003,5.0,4,5.0
3004,3.0,1,3.0
3005,4.0,1,3.0
3006,3.0,1,3.0
3007,3.0,1,3.0
3008,5.0,5,4.0
3009,5.0,5,4.0
3010,2.0,3,2.0
3011,3.0,1,3.0
3012,3.0,1,3.0
3013,3.0,1,3.0
3014,5.0,5,4.0
3015,5.0,4,5.0
3016,3.0,1,3.0
3017,3.0,1,3.0
3018,3.0,1,3.0
3019,4.0,4,5.0
3020,5.0,4,5.0
3021,3.0,1,3.0
3022,3.0,1,3.0
3023,4.0,1,3.0
3024,5.0,4,5.0
3025,3.0,1,3.0
3026,5.0,4,5.0
3027,3.0,1,3.0
3028,3.0,1,3.0
3029,3.0,1,3.0
3030,5.0,4,5.0
3031,3.0,1,3.0
3032,5.0,4,5.0
3033,3.0,1,3.0
3034,4.0,1,3.0
3035,3.0,1,3.0
3036,5.0,4,5.0
3037,3.0,1,3.0
3038,3.0,1,3.0
3039,3.0,1,3.0
3040,3.0,1,3.0
3041,5.0,4,5.0
3042,3.0,1,3.0
3043,5.0,5,4.0
3044,5.0,4,5.0
3045,5.0,4,5.0
3046,3.0,1,3.0
3047,3.0,1,3.0
3048,3.0,1,3.0
3049,3.0,1,3.0
3050,3.0,1,3.0
3051,5.0,4,5.0
3052,3.0,1,3.0
3053,4.0,5,4.0
3054,4.0,1,3.0
3055,2.0,7,6.0
3056,3.0,1,3.0
3057,3.0,1,3.0
3058,5.0,4,5.0
3059,5.0,4,5.0
3060,3.0,1,3.0
3061,4.0,5,4.0
3062,3.0,1,3.0
3063,5.0,5,4.0
3064,4.0,5,4.0
3065,3.0,1,3.0
3066,5.0,4,5.0
3067,3.0,1,3.0
3068,3.0,1,3.0
3069,4.0,5,4.0
3070,4.0,1,3.0
3071,3.0,1,3.0
3072,5.0,4,5.0
3073,5.0,5,4.0
3074,3.0,1,3.0
3075,3.0,1,3.0
3076,5.0,9,1.0
3077,3.0,1,3.0
3078,5.0,4,5.0
3079,4.0,5,4.0
3080,3.0,1,3.0
3081,3.0,1,3.0
3082,3.0,1,3.0
3083,3.0,1,3.0
3084,3.0,1,3.0
3085,3.0,1,3.0
3086,3.0,1,3.0
3087,3.0,1,3.0
3088,5.0,4,5.0
3089,4.0,5,4.0
3090,3.0,1,3.0
3091,3.0,1,3.0
3092,5.0,4,5.0
3093,3.0,1,3.0
3094,5.0,4,5.0
3095,3.0,1,3.0
3096,3.0,1,3.0
3097,4.0,5,4.0
3098,5.0,4,5.0
3099,5.0,5,4.0
3100,5.0,5,4.0
3101,3.0,1,3.0
3102,3.0,1,3.0
3103,2.0,1,3.0
3104,5.0,4,5.0
3105,4.0,5,4.0
3106,3.0,1,3.0
3107,3.0,1,3.0
3108,3.0,1,3.0
3109,3.0,1,3.0
3110,5.0,5,4.0
3111,4.0,1,3.0
3112,3.0,1,3.0
3113,5.0,4,5.0
3114,4.0,1,3.0
3115,3.0,1,3.0
3116,3.0,1,3.0
3117,5.0,4,5.0
3118,5.0,4,5.0
3119,3.0,1,3.0
3120,5.0,4,5.0
3121,4.0,1,3.0
3122,3.0,1,3.0
3123,3.0,1,3.0
3124,5.0,4,5.0
3125,3.0,1,3.0
3126,4.0,1,3.0
3127,3.0,1,3.0
3128,3.0,1,3.0
3129,3.0,1,3.0
3130,3.0,1,3.0
3131,3.0,1,3.0
3132,5.0,4,5.0
3133,3.0,1,3.0
3134,3.0,1,3.0
3135,3.0,1,3.0
3136,3.0,1,3.0
3137,3.0,1,3.0
3138,3.0,1,3.0
3139,3.0,1,3.0
3140,3.0,1,3.0
3141,3.0,1,3.0
3142,3.0,1,3.0
3143,3.0,1,3.0
3144,3.0,1,3.0
3145,5.0,4,5.0
3146,4.0,5,4.0
3147,5.0,4,5.0
3148,3.0,1,3.0
3149,3.0,1,3.0
3150,3.0,1,3.0
3151,4.0,1,3.0
3152,5.0,4,5.0
3153,3.0,1,3.0
3154,5.0,5,4.0
3155,4.0,5,4.0
3156,3.0,1,3.0
3157,3.0,1,3.0
3158,3.0,1,3.0
3159,3.0,1,3.0
3160,5.0,4,5.0
3161,3.0,1,3.0
3162,5.0,5,4.0
3163,3.0,1,3.0
3164,3.0,1,3.0
3165,3.0,1,3.0
3166,3.0,1,3.0
3167,5.0,5,4.0
3168,3.0,1,3.0
3169,3.0,1,3.0
3170,3.0,1,3.0
3171,3.0,1,3.0
3172,3.0,1,3.0
3173,4.0,1,3.0
3174,3.0,1,3.0
3175,3.0,1,3.0
3176,3.0,1,3.0
3177,4.0,5,4.0
3178,3.0,1,3.0
3179,3.0,1,3.0
3180,3.0,1,3.0
3181,5.0,4,5.0
3182,3.0,1,3.0
3183,3.0,1,3.0
3184,3.0,1,3.0
3185,5.0,5,4.0
3186,4.0,5,4.0
3187,5.0,4,5.0
3188,3.0,1,3.0
3189,4.0,5,4.0
3190,5.0,4,5.0
3191,3.0,1,3.0
3192,5.0,5,4.0
3193,5.0,5,4.0
3194,5.0,4,5.0
3195,5.0,4,5.0
3196,5.0,4,5.0
3197,5.0,4,5.0
3198,3.0,1,3.0
3199,5.0,4,5.0
3200,3.0,1,3.0
3201,3.0,1,3.0
3202,3.0,1,3.0
3203,3.0,1,3.0
3204,3.0,1,3.0
3205,3.0,1,3.0
3206,5.0,4,5.0
3207,3.0,1,3.0
3208,3.0,1,3.0
3209,3.0,1,3.0
3210,3.0,1,3.0
3211,3.0,1,3.0
3212,3.0,1,3.0
3213,3.0,1,3.0
3214,3.0,1,3.0
3215,5.0,4,5.0
3216,5.0,4,5.0
3217,3.0,1,3.0
3218,5.0,4,5.0
3219,4.0,9,1.0
3220,5.0,4,5.0
3221,3.0,1,3.0
3222,3.0,1,3.0
3223,5.0,4,5.0
3224,2.0,3,2.0
3225,5.0,4,5.0
3226,3.0,1,3.0
3227,5.0,4,5.0
3228,3.0,1,3.0
3229,5.0,4,5.0
3230,3.0,1,3.0
3231,3.0,1,3.0
3232,5.0,4,5.0
3233,3.0,1,3.0
3234,3.0,1,3.0
3235,3.0,1,3.0
3236,3.0,1,3.0
3237,3.0,1,3.0
3238,5.0,4,5.0
3239,3.0,1,3.0
3240,3.0,1,3.0
3241,5.0,4,5.0
3242,3.0,1,3.0
3243,5.0,4,5.0
3244,5.0,4,5.0
3245,5.0,4,5.0
3246,3.0,1,3.0
3247,3.0,1,3.0
3248,3.0,1,3.0
3249,3.0,1,3.0
3250,3.0,1,3.0
3251,3.0,1,3.0
3252,5.0,4,5.0
3253,3.0,1,3.0
3254,3.0,1,3.0
3255,3.0,1,3.0
3256,3.0,1,3.0
3257,5.0,5,4.0
3258,3.0,1,3.0
3259,5.0,4,5.0
3260,3.0,1,3.0
3261,4.0,1,3.0
3262,3.0,1,3.0
3263,4.0,5,4.0
3264,3.0,1,3.0
3265,5.0,4,5.0
3266,3.0,1,3.0
3267,5.0,4,5.0
3268,4.0,1,3.0
3269,3.0,1,3.0
3270,3.0,1,3.0
3271,5.0,4,5.0
3272,3.0,1,3.0
3273,5.0,4,5.0
3274,3.0,1,3.0
3275,3.0,1,3.0
3276,5.0,5,4.0
3277,4.0,5,4.0
3278,5.0,4,5.0
3279,5.0,5,4.0
3280,3.0,1,3.0
3281,3.0,1,3.0
3282,3.0,1,3.0
3283,3.0,1,3.0
3284,3.0,1,3.0
3285,3.0,1,3.0
3286,3.0,1,3.0
3287,3.0,1,3.0
3288,4.0,5,4.0
3289,5.0,4,5.0
3290,5.0,4,5.0
3291,3.0,1,3.0
3292,3.0,1,3.0
3293,3.0,1,3.0
3294,5.0,4,5.0
3295,3.0,1,3.0
3296,3.0,1,3.0
3297,3.0,1,3.0
3298,3.0,1,3.0
3299,5.0,4,5.0
3300,5.0,4,5.0
3301,3.0,1,3.0
3302,5.0,4,5.0
3303,5.0,4,5.0
3304,5.0,4,5.0
3305,5.0,4,5.0
3306,3.0,1,3.0
3307,3.0,1,3.0
3308,3.0,1,3.0
3309,4.0,1,3.0
3310,5.0,4,5.0
3311,3.0,1,3.0
3312,3.0,1,3.0
3313,3.0,1,3.0
3314,3.0,1,3.0
3315,3.0,1,3.0
3316,3.0,1,3.0
3317,3.0,1,3.0
3318,3.0,1,3.0
3319,3.0,1,3.0
3320,5.0,5,4.0
3321,3.0,1,3.0
3322,4.0,1,3.0
3323,3.0,1,3.0
3324,3.0,1,3.0
3325,5.0,5,4.0
3326,5.0,4,5.0
3327,3.0,1,3.0
3328,3.0,1,3.0
3329,5.0,4,5.0
3330,3.0,1,3.0
3331,3.0,1,3.0
3332,3.0,1,3.0
3333,3.0,1,3.0
3334,3.0,1,3.0
3335,5.0,5,4.0
3336,3.0,1,3.0
3337,3.0,1,3.0
3338,3.0,1,3.0
3339,3.0,1,3.0
3340,4.0,5,4.0
3341,3.0,1,3.0
3342,5.0,4,5.0
3343,4.0,5,4.0
3344,3.0,1,3.0
3345,3.0,1,3.0
3346,3.0,1,3.0
3347,4.0,5,4.0
3348,3.0,1,3.0
3349,4.0,1,3.0
3350,3.0,1,3.0
3351,5.0,4,5.0
3352,3.0,1,3.0
3353,5.0,4,5.0
3354,5.0,4,5.0
3355,3.0,1,3.0
3356,4.0,5,4.0
3357,4.0,5,4.0
3358,3.0,1,3.0
3359,5.0,4,5.0
3360,3.0,1,3.0
3361,3.0,1,3.0
3362,4.0,5,4.0
3363,3.0,1,3.0
3364,5.0,5,4.0
3365,3.0,1,3.0
3366,3.0,1,3.0
3367,5.0,6,7.0
3368,5.0,5,4.0
3369,3.0,1,3.0
3370,5.0,4,5.0
3371,5.0,4,5.0
3372,5.0,4,5.0
3373,3.0,1,3.0
3374,5.0,4,5.0
3375,3.0,1,3.0
3376,3.0,1,3.0
3377,5.0,4,5.0
3378,3.0,1,3.0
3379,4.0,5,4.0
3380,3.0,1,3.0
3381,4.0,5,4.0
3382,4.0,5,4.0
3383,3.0,1,3.0
3384,3.0,1,3.0
3385,3.0,1,3.0
3386,5.0,4,5.0
3387,3.0,1,3.0
3388,5.0,5,4.0
3389,5.0,4,5.0
3390,5.0,4,5.0
3391,3.0,1,3.0
3392,5.0,4,5.0
3393,3.0,1,3.0
3394,3.0,1,3.0
3395,3.0,1,3.0
3396,5.0,4,5.0
3397,3.0,1,3.0
3398,3.0,1,3.0
3399,5.0,4,5.0
3400,4.0,4,5.0
3401,5.0,4,5.0
3402,3.0,1,3.0
3403,3.0,1,3.0
3404,5.0,4,5.0
3405,3.0,1,3.0
3406,3.0,1,3.0
3407,2.0,3,2.0
3408,5.0,4,5.0
3409,5.0,4,5.0
3410,5.0,4,5.0
3411,3.0,1,3.0
3412,3.0,1,3.0
3413,3.0,1,3.0
3414,5.0,4,5.0
3415,3.0,1,3.0
3416,3.0,1,3.0
3417,3.0,1,3.0
3418,3.0,1,3.0
3419,3.0,1,3.0
3420,5.0,4,5.0
3421,3.0,1,3.0
3422,3.0,1,3.0
3423,3.0,1,3.0
3424,5.0,4,5.0
3425,4.0,5,4.0
3426,5.0,4,5.0
3427,3.0,1,3.0
3428,4.0,5,4.0
3429,3.0,1,3.0
3430,5.0,4,5.0
3431,3.0,1,3.0
3432,5.0,4,5.0
3433,5.0,5,4.0
3434,3.0,1,3.0
3435,4.0,5,4.0
3436,3.0,1,3.0
3437,5.0,5,4.0
3438,3.0,1,3.0
3439,3.0,1,3.0
3440,4.0,1,3.0
3441,3.0,1,3.0
3442,3.0,1,3.0
3443,3.0,1,3.0
3444,3.0,1,3.0
3445,3.0,1,3.0
3446,3.0,1,3.0
3447,3.0,1,3.0
3448,4.0,1,3.0
3449,3.0,1,3.0
3450,4.0,1,3.0
3451,3.0,1,3.0
3452,4.0,5,4.0
3453,3.0,1,3.0
3454,2.0,1,3.0
3455,5.0,4,5.0
3456,3.0,1,3.0
3457,5.0,4,5.0
3458,5.0,4,5.0
3459,3.0,1,3.0
3460,5.0,5,4.0
3461,3.0,1,3.0
3462,3.0,1,3.0
3463,3.0,1,3.0
3464,3.0,1,3.0
3465,3.0,1,3.0
3466,3.0,1,3.0
3467,5.0,4,5.0
3468,5.0,4,5.0
3469,3.0,1,3.0
3470,5.0,4,5.0
3471,3.0,1,3.0
3472,5.0,4,5.0
3473,3.0,1,3.0
3474,3.0,1,3.0
3475,3.0,1,3.0
3476,3.0,1,3.0
3477,3.0,1,3.0
3478,3.0,1,3.0
3479,5.0,4,5.0
3480,3.0,1,3.0
3481,3.0,1,3.0
3482,3.0,1,3.0
3483,5.0,4,5.0
3484,4.0,1,3.0
3485,5.0,4,5.0
3486,4.0,5,4.0
3487,3.0,1,3.0
3488,5.0,4,5.0
3489,3.0,1,3.0
3490,3.0,1,3.0
3491,5.0,5,4.0
3492,5.0,4,5.0
3493,3.0,1,3.0
3494,3.0,1,3.0
3495,5.0,4,5.0
3496,3.0,1,3.0
3497,5.0,5,4.0
3498,3.0,1,3.0
3499,5.0,4,5.0
3500,3.0,1,3.0
3501,3.0,1,3.0
3502,5.0,4,5.0
3503,3.0,1,3.0
3504,4.0,5,4.0
3505,3.0,1,3.0
3506,3.0,1,3.0
3507,3.0,1,3.0
3508,3.0,1,3.0
3509,3.0,1,3.0
3510,3.0,1,3.0
3511,3.0,1,3.0
3512,3.0,1,3.0
3513,3.0,1,3.0
3514,3.0,1,3.0
3515,5.0,5,4.0
3516,3.0,1,3.0
3517,3.0,1,3.0
3518,3.0,1,3.0
3519,3.0,1,3.0
3520,3.0,1,3.0
3521,3.0,1,3.0
3522,3.0,1,3.0
3523,5.0,4,5.0
3524,3.0,1,3.0
3525,3.0,1,3.0
3526,3.0,1,3.0
3527,3.0,1,3.0
3528,5.0,4,5.0
3529,3.0,1,3.0
3530,5.0,4,5.0
3531,5.0,5,4.0
3532,3.0,1,3.0
3533,4.0,5,4.0
3534,5.0,4,5.0
3535,3.0,1,3.0
3536,3.0,1,3.0
3537,3.0,1,3.0
3538,5.0,5,4.0
3539,4.0,1,3.0
3540,3.0,1,3.0
3541,5.0,5,4.0
3542,5.0,4,5.0
3543,5.0,5,4.0
3544,3.0,1,3.0
3545,3.0,1,3.0
3546,5.0,4,5.0
3547,3.0,1,3.0
3548,3.0,1,3.0
3549,5.0,4,5.0
3550,3.0,1,3.0
3551,4.0,5,4.0
3552,5.0,4,5.0
3553,5.0,4,5.0
3554,4.0,1,3.0
3555,3.0,1,3.0
3556,3.0,1,3.0
3557,3.0,1,3.0
3558,3.0,1,3.0
3559,5.0,4,5.0
3560,5.0,4,5.0
3561,3.0,1,3.0
3562,3.0,1,3.0
3563,3.0,1,3.0
3564,3.0,1,3.0
3565,3.0,1,3.0
3566,3.0,1,3.0
3567,3.0,1,3.0
3568,5.0,4,5.0
3569,5.0,4,5.0
3570,5.0,4,5.0
3571,5.0,4,5.0
3572,5.0,4,5.0
3573,3.0,1,3.0
3574,4.0,5,4.0
3575,3.0,1,3.0
3576,3.0,1,3.0
3577,4.0,5,4.0
3578,5.0,4,5.0
3579,3.0,1,3.0
3580,3.0,1,3.0
3581,3.0,1,3.0
3582,3.0,1,3.0
3583,3.0,1,3.0
3584,3.0,1,3.0
3585,4.0,5,4.0
3586,3.0,1,3.0
3587,3.0,1,3.0
3588,3.0,1,3.0
3589,3.0,1,3.0
3590,4.0,5,4.0
3591,3.0,1,3.0
3592,3.0,1,3.0
3593,3.0,1,3.0
3594,3.0,1,3.0
3595,2.0,7,6.0
3596,3.0,1,3.0
3597,5.0,5,4.0
3598,3.0,1,3.0
3599,3.0,1,3.0
3600,3.0,1,3.0
3601,5.0,5,4.0
3602,5.0,5,4.0
3603,3.0,1,3.0
3604,3.0,1,3.0
3605,5.0,5,4.0
3606,5.0,5,4.0
3607,3.0,1,3.0
3608,3.0,1,3.0
3609,5.0,5,4.0
3610,3.0,1,3.0
3611,5.0,4,5.0
3612,3.0,1,3.0
3613,3.0,1,3.0
3614,3.0,1,3.0
3615,5.0,4,5.0
3616,3.0,1,3.0
3617,3.0,1,3.0
3618,5.0,4,5.0
3619,4.0,1,3.0
3620,5.0,4,5.0
3621,3.0,1,3.0
3622,3.0,1,3.0
3623,3.0,1,3.0
3624,5.0,5,4.0
3625,5.0,4,5.0
3626,5.0,4,5.0
3627,2.0,3,2.0
3628,3.0,1,3.0
3629,5.0,4,5.0
3630,3.0,1,3.0
3631,5.0,6,7.0
3632,5.0,4,5.0
3633,4.0,1,3.0
3634,5.0,4,5.0
3635,5.0,4,5.0
3636,5.0,4,5.0
3637,3.0,1,3.0
3638,5.0,4,5.0
3639,4.0,5,4.0
3640,3.0,1,3.0
3641,3.0,1,3.0
3642,5.0,4,5.0
3643,3.0,1,3.0
3644,3.0,1,3.0
3645,4.0,1,3.0
3646,3.0,1,3.0
3647,3.0,1,3.0
3648,5.0,4,5.0
3649,3.0,1,3.0
3650,5.0,4,5.0
3651,3.0,1,3.0
3652,3.0,1,3.0
3653,4.0,4,5.0
3654,3.0,1,3.0
3655,3.0,1,3.0
3656,4.0,5,4.0
3657,3.0,1,3.0
3658,3.0,1,3.0
3659,3.0,1,3.0
3660,4.0,5,4.0
3661,5.0,4,5.0
3662,4.0,5,4.0
3663,5.0,5,4.0
3664,3.0,1,3.0
3665,3.0,1,3.0
3666,3.0,1,3.0
3667,5.0,4,5.0
3668,3.0,1,3.0
3669,2.0,0,6.0
3670,3.0,1,3.0
3671,3.0,1,3.0
3672,3.0,1,3.0
3673,3.0,1,3.0
3674,3.0,1,3.0
3675,4.0,1,3.0
3676,3.0,1,3.0
3677,3.0,1,3.0
3678,4.0,5,4.0
3679,5.0,5,4.0
3680,3.0,1,3.0
3681,3.0,1,3.0
3682,5.0,4,5.0
3683,5.0,4,5.0
3684,3.0,1,3.0
3685,3.0,1,3.0
3686,3.0,1,3.0
3687,3.0,1,3.0
3688,3.0,1,3.0
3689,3.0,1,3.0
3690,3.0,1,3.0
3691,3.0,1,3.0
3692,5.0,5,4.0
3693,5.0,4,5.0
3694,3.0,1,3.0
3695,5.0,4,5.0
3696,4.0,1,3.0
3697,5.0,4,5.0
3698,4.0,5,4.0
3699,3.0,1,3.0
3700,5.0,4,5.0
3701,3.0,1,3.0
3702,4.0,1,3.0
3703,5.0,5,4.0
3704,3.0,1,3.0
3705,3.0,1,3.0
3706,3.0,1,3.0
3707,3.0,1,3.0
3708,5.0,5,4.0
3709,3.0,1,3.0
3710,3.0,1,3.0
3711,3.0,1,3.0
3712,3.0,1,3.0
3713,3.0,1,3.0
3714,5.0,5,4.0
3715,5.0,5,4.0
3716,3.0,1,3.0
3717,3.0,1,3.0
3718,3.0,1,3.0
3719,4.0,1,3.0
3720,4.0,1,3.0
3721,5.0,5,4.0
3722,3.0,1,3.0
3723,3.0,1,3.0
3724,3.0,1,3.0
3725,5.0,4,5.0
3726,5.0,5,4.0
3727,3.0,1,3.0
3728,5.0,4,5.0
3729,5.0,4,5.0
3730,5.0,4,5.0
3731,3.0,1,3.0
3732,3.0,1,3.0
3733,3.0,1,3.0
3734,3.0,1,3.0
3735,5.0,5,4.0
3736,3.0,1,3.0
3737,5.0,5,4.0
3738,3.0,1,3.0
3739,3.0,1,3.0
3740,3.0,1,3.0
3741,5.0,5,4.0
3742,5.0,4,5.0
3743,3.0,1,3.0
3744,3.0,1,3.0
3745,2.0,3,2.0
3746,5.0,4,5.0
3747,3.0,1,3.0
3748,5.0,4,5.0
3749,5.0,5,4.0
3750,3.0,1,3.0
3751,3.0,1,3.0
3752,3.0,1,3.0
3753,5.0,4,5.0
3754,5.0,5,4.0
3755,5.0,5,4.0
3756,3.0,1,3.0
3757,4.0,5,4.0
3758,4.0,5,4.0
3759,3.0,1,3.0
3760,3.0,1,3.0
3761,3.0,1,3.0
3762,3.0,1,3.0
3763,3.0,1,3.0
3764,5.0,5,4.0
3765,3.0,1,3.0
3766,3.0,1,3.0
3767,3.0,1,3.0
3768,3.0,1,3.0
3769,3.0,1,3.0
3770,5.0,5,4.0
3771,4.0,5,4.0
3772,3.0,1,3.0
3773,3.0,1,3.0
3774,4.0,1,3.0
3775,3.0,1,3.0
3776,4.0,5,4.0
3777,3.0,1,3.0
3778,3.0,1,3.0
3779,4.0,5,4.0
3780,3.0,1,3.0
3781,3.0,1,3.0
3782,3.0,1,3.0
3783,5.0,4,5.0
3784,3.0,1,3.0
3785,3.0,1,3.0
3786,4.0,5,4.0
3787,3.0,1,3.0
3788,3.0,1,3.0
3789,3.0,1,3.0
3790,3.0,1,3.0
3791,3.0,1,3.0
3792,3.0,1,3.0
3793,5.0,4,5.0
3794,3.0,1,3.0
3795,4.0,5,4.0
3796,5.0,4,5.0
3797,3.0,1,3.0
3798,3.0,1,3.0
3799,3.0,1,3.0
3800,5.0,5,4.0
3801,3.0,1,3.0
3802,3.0,1,3.0
3803,3.0,1,3.0
3804,3.0,1,3.0
3805,3.0,1,3.0
3806,3.0,1,3.0
3807,5.0,5,4.0
3808,4.0,1,3.0
3809,3.0,1,3.0
3810,4.0,1,3.0
3811,3.0,1,3.0
3812,5.0,4,5.0
3813,5.0,4,5.0
3814,3.0,1,3.0
3815,3.0,1,3.0
3816,3.0,1,3.0
3817,5.0,4,5.0
3818,3.0,1,3.0
3819,3.0,1,3.0
3820,5.0,4,5.0
3821,3.0,1,3.0
3822,3.0,1,3.0
3823,3.0,1,3.0
3824,3.0,1,3.0
3825,3.0,1,3.0
3826,3.0,1,3.0
3827,3.0,1,3.0
3828,3.0,1,3.0
3829,3.0,1,3.0
3830,3.0,1,3.0
3831,3.0,1,3.0
3832,2.0,5,4.0
3833,3.0,1,3.0
3834,3.0,1,3.0
3835,3.0,1,3.0
3836,5.0,5,4.0
3837,4.0,1,3.0
3838,3.0,1,3.0
3839,5.0,4,5.0
3840,3.0,1,3.0
3841,3.0,1,3.0
3842,3.0,1,3.0
3843,3.0,1,3.0
3844,4.0,1,3.0
3845,2.0,5,4.0
3846,3.0,1,3.0
3847,3.0,1,3.0
3848,3.0,1,3.0
3849,5.0,4,5.0
3850,3.0,1,3.0
3851,3.0,1,3.0
3852,5.0,4,5.0
3853,3.0,1,3.0
3854,3.0,1,3.0
3855,3.0,1,3.0
3856,3.0,1,3.0
3857,5.0,4,5.0
3858,3.0,1,3.0
3859,4.0,1,3.0
3860,3.0,1,3.0
3861,3.0,1,3.0
3862,3.0,1,3.0
3863,4.0,5,4.0
3864,3.0,1,3.0
3865,3.0,1,3.0
3866,3.0,1,3.0
3867,4.0,5,4.0
3868,6.0,6,7.0
3869,3.0,1,3.0
3870,3.0,1,3.0
3871,3.0,1,3.0
3872,3.0,1,3.0
3873,4.0,5,4.0
3874,3.0,1,3.0
3875,3.0,1,3.0
3876,3.0,1,3.0
3877,3.0,1,3.0
3878,5.0,4,5.0
3879,5.0,4,5.0
3880,3.0,1,3.0
3881,3.0,1,3.0
3882,3.0,1,3.0
3883,3.0,1,3.0
3884,3.0,1,3.0
3885,3.0,1,3.0
3886,5.0,4,5.0
3887,3.0,1,3.0
3888,3.0,1,3.0
3889,3.0,1,3.0
3890,3.0,1,3.0
3891,3.0,1,3.0
3892,4.0,1,3.0
3893,3.0,1,3.0
3894,3.0,1,3.0
3895,3.0,1,3.0
3896,3.0,1,3.0
3897,5.0,4,5.0
3898,3.0,1,3.0
3899,3.0,1,3.0
3900,5.0,5,4.0
3901,3.0,1,3.0
3902,3.0,1,3.0
3903,5.0,4,5.0
3904,3.0,1,3.0
3905,3.0,1,3.0
3906,3.0,1,3.0
3907,3.0,1,3.0
3908,3.0,1,3.0
3909,3.0,1,3.0
3910,5.0,4,5.0
3911,3.0,1,3.0
3912,3.0,1,3.0
3913,3.0,1,3.0
3914,5.0,4,5.0
3915,3.0,1,3.0
3916,5.0,4,5.0
3917,3.0,1,3.0
3918,3.0,1,3.0
3919,5.0,4,5.0
3920,3.0,1,3.0
3921,4.0,5,4.0
3922,5.0,4,5.0
3923,3.0,1,3.0
3924,3.0,1,3.0
3925,5.0,4,5.0
3926,3.0,1,3.0
3927,3.0,1,3.0
3928,3.0,1,3.0
3929,5.0,5,4.0
3930,3.0,1,3.0
3931,5.0,4,5.0
3932,3.0,1,3.0
3933,3.0,1,3.0
3934,5.0,4,5.0
3935,4.0,1,3.0
3936,3.0,1,3.0
3937,4.0,5,4.0
3938,3.0,1,3.0
3939,3.0,1,3.0
3940,5.0,4,5.0
3941,5.0,4,5.0
3942,3.0,1,3.0
3943,3.0,1,3.0
3944,5.0,4,5.0
3945,3.0,1,3.0
3946,3.0,1,3.0
3947,4.0,1,3.0
3948,3.0,1,3.0
3949,4.0,1,3.0
3950,3.0,1,3.0
3951,5.0,4,5.0
3952,5.0,4,5.0
3953,3.0,1,3.0
3954,5.0,4,5.0
3955,3.0,1,3.0
3956,3.0,1,3.0
3957,3.0,1,3.0
3958,3.0,1,3.0
3959,5.0,4,5.0
3960,3.0,1,3.0
3961,3.0,1,3.0
3962,3.0,1,3.0
3963,5.0,4,5.0
3964,3.0,1,3.0
3965,5.0,4,5.0
3966,3.0,1,3.0
3967,3.0,1,3.0
3968,4.0,1,3.0
3969,5.0,4,5.0
3970,3.0,1,3.0
3971,3.0,1,3.0
3972,4.0,5,4.0
3973,2.0,3,2.0
3974,3.0,1,3.0
3975,5.0,4,5.0
3976,3.0,1,3.0
3977,5.0,4,5.0
3978,4.0,5,4.0
3979,3.0,1,3.0
3980,4.0,5,4.0
3981,3.0,1,3.0
3982,3.0,1,3.0
3983,3.0,1,3.0
3984,5.0,5,4.0
3985,3.0,1,3.0
3986,3.0,1,3.0
3987,3.0,1,3.0
3988,3.0,1,3.0
3989,3.0,1,3.0
3990,5.0,4,5.0
3991,3.0,1,3.0
3992,3.0,1,3.0
3993,3.0,1,3.0
3994,3.0,1,3.0
3995,3.0,1,3.0
3996,3.0,1,3.0
3997,3.0,1,3.0
3998,3.0,1,3.0
3999,5.0,4,5.0
4000,3.0,1,3.0
4001,3.0,1,3.0
4002,3.0,1,3.0
4003,3.0,1,3.0
4004,5.0,5,4.0
4005,3.0,1,3.0
4006,3.0,1,3.0
4007,3.0,1,3.0
4008,3.0,1,3.0
4009,3.0,1,3.0
4010,5.0,4,5.0
4011,5.0,5,4.0
4012,5.0,4,5.0
4013,3.0,1,3.0
4014,4.0,5,4.0
4015,3.0,1,3.0
4016,3.0,1,3.0
4017,3.0,1,3.0
4018,5.0,5,4.0
4019,2.0,1,3.0
4020,3.0,1,3.0
4021,3.0,1,3.0
4022,3.0,1,3.0
4023,3.0,1,3.0
4024,3.0,1,3.0
4025,5.0,4,5.0
4026,3.0,1,3.0
4027,3.0,1,3.0
4028,3.0,1,3.0
4029,5.0,4,5.0
4030,5.0,4,5.0
4031,5.0,5,4.0
4032,5.0,4,5.0
4033,3.0,1,3.0
4034,5.0,5,4.0
4035,5.0,4,5.0
4036,4.0,5,4.0
4037,3.0,1,3.0
4038,5.0,4,5.0
4039,5.0,4,5.0
4040,4.0,5,4.0
4041,4.0,5,4.0
4042,3.0,1,3.0
4043,3.0,1,3.0
4044,3.0,1,3.0
4045,3.0,1,3.0
4046,3.0,1,3.0
4047,3.0,1,3.0
4048,3.0,1,3.0
4049,3.0,1,3.0
4050,5.0,4,5.0
4051,5.0,4,5.0
4052,4.0,5,4.0
4053,4.0,5,4.0
4054,3.0,1,3.0
4055,3.0,1,3.0
4056,3.0,1,3.0
4057,3.0,1,3.0
4058,3.0,1,3.0
4059,5.0,4,5.0
4060,3.0,1,3.0
4061,3.0,1,3.0
4062,5.0,5,4.0
4063,3.0,1,3.0
4064,3.0,1,3.0
4065,3.0,1,3.0
4066,3.0,1,3.0
4067,3.0,1,3.0
4068,3.0,1,3.0
4069,3.0,1,3.0
4070,3.0,1,3.0
4071,3.0,1,3.0
4072,3.0,1,3.0
4073,3.0,1,3.0
4074,3.0,1,3.0
4075,3.0,1,3.0
4076,3.0,1,3.0
4077,3.0,1,3.0
4078,5.0,4,5.0
4079,3.0,1,3.0
4080,5.0,4,5.0
4081,5.0,4,5.0
4082,5.0,4,5.0
4083,5.0,4,5.0
4084,3.0,1,3.0
4085,2.0,1,3.0
4086,3.0,1,3.0
4087,4.0,5,4.0
4088,3.0,1,3.0
4089,3.0,1,3.0
4090,5.0,5,4.0
4091,5.0,5,4.0
4092,4.0,5,4.0
4093,3.0,1,3.0
4094,2.0,7,6.0
4095,3.0,1,3.0
4096,4.0,5,4.0
4097,5.0,5,4.0
4098,5.0,4,5.0
4099,5.0,4,5.0
4100,3.0,1,3.0
4101,3.0,1,3.0
4102,3.0,1,3.0
4103,3.0,1,3.0
4104,3.0,1,3.0
4105,5.0,4,5.0
4106,5.0,4,5.0
4107,5.0,5,4.0
4108,5.0,4,5.0
4109,3.0,1,3.0
4110,3.0,1,3.0
4111,5.0,4,5.0
4112,4.0,1,3.0
4113,5.0,4,5.0
4114,3.0,1,3.0
4115,3.0,1,3.0
4116,5.0,4,5.0
4117,3.0,1,3.0
4118,5.0,4,5.0
4119,4.0,5,4.0
4120,3.0,1,3.0
4121,5.0,4,5.0
4122,3.0,1,3.0
4123,3.0,1,3.0
4124,3.0,1,3.0
4125,3.0,1,3.0
4126,3.0,1,3.0
4127,5.0,4,5.0
4128,5.0,5,4.0
4129,4.0,1,3.0
4130,3.0,1,3.0
4131,3.0,1,3.0
4132,3.0,1,3.0
4133,3.0,1,3.0
4134,4.0,5,4.0
4135,3.0,1,3.0
4136,5.0,4,5.0
4137,3.0,1,3.0
4138,5.0,4,5.0
4139,3.0,1,3.0
4140,3.0,1,3.0
4141,3.0,1,3.0
4142,3.0,1,3.0
4143,3.0,1,3.0
4144,5.0,5,4.0
4145,5.0,4,5.0
4146,3.0,1,3.0
4147,5.0,4,5.0
4148,3.0,1,3.0
4149,3.0,1,3.0
4150,3.0,1,3.0
4151,3.0,1,3.0
4152,3.0,1,3.0
4153,5.0,4,5.0
4154,5.0,4,5.0
4155,5.0,4,5.0
4156,2.0,1,3.0
4157,3.0,1,3.0
4158,3.0,1,3.0
4159,3.0,1,3.0
4160,4.0,5,4.0
4161,3.0,1,3.0
4162,5.0,4,5.0
4163,5.0,4,5.0
4164,3.0,1,3.0
4165,3.0,1,3.0
4166,3.0,1,3.0
4167,3.0,1,3.0
4168,5.0,4,5.0
4169,3.0,1,3.0
4170,3.0,1,3.0
4171,3.0,1,3.0
4172,3.0,1,3.0
4173,3.0,1,3.0
4174,3.0,1,3.0
4175,5.0,4,5.0
4176,3.0,1,3.0
4177,3.0,1,3.0
4178,3.0,1,3.0
4179,3.0,1,3.0
4180,5.0,4,5.0
4181,4.0,1,3.0
4182,3.0,1,3.0
4183,3.0,1,3.0
4184,3.0,1,3.0
4185,3.0,1,3.0
4186,5.0,4,5.0
4187,4.0,9,1.0
4188,3.0,1,3.0
4189,4.0,1,3.0
4190,3.0,1,3.0
4191,4.0,5,4.0
4192,3.0,1,3.0
4193,3.0,1,3.0
4194,3.0,1,3.0
4195,5.0,4,5.0
4196,3.0,1,3.0
4197,3.0,1,3.0
4198,5.0,4,5.0
4199,3.0,1,3.0
4200,3.0,1,3.0
4201,5.0,4,5.0
4202,3.0,1,3.0
4203,3.0,1,3.0
4204,4.0,1,3.0
4205,3.0,1,3.0
4206,4.0,5,4.0
4207,3.0,1,3.0
4208,3.0,1,3.0
4209,3.0,1,3.0
4210,5.0,4,5.0
4211,3.0,1,3.0
4212,3.0,1,3.0
4213,5.0,4,5.0
4214,3.0,1,3.0
4215,3.0,1,3.0
4216,3.0,1,3.0
4217,3.0,1,3.0
4218,3.0,1,3.0
4219,3.0,1,3.0
4220,3.0,1,3.0
4221,3.0,1,3.0
4222,3.0,1,3.0
4223,3.0,1,3.0
4224,5.0,4,5.0
4225,3.0,1,3.0
4226,3.0,1,3.0
4227,5.0,5,4.0
4228,4.0,5,4.0
4229,3.0,1,3.0
4230,5.0,4,5.0
4231,3.0,1,3.0
4232,3.0,1,3.0
4233,5.0,4,5.0
4234,5.0,4,5.0
4235,3.0,1,3.0
4236,3.0,1,3.0
4237,5.0,4,5.0
4238,5.0,4,5.0
4239,3.0,1,3.0
4240,3.0,1,3.0
4241,5.0,4,5.0
4242,3.0,1,3.0
4243,3.0,1,3.0
4244,5.0,4,5.0
4245,3.0,1,3.0
4246,5.0,4,5.0
4247,5.0,4,5.0
4248,3.0,1,3.0
4249,5.0,4,5.0
4250,3.0,1,3.0
4251,3.0,1,3.0
4252,3.0,1,3.0
4253,5.0,5,4.0
4254,3.0,1,3.0
4255,3.0,1,3.0
4256,5.0,4,5.0
4257,5.0,4,5.0
4258,5.0,4,5.0
4259,5.0,5,4.0
4260,5.0,4,5.0
4261,3.0,1,3.0
4262,5.0,4,5.0
4263,5.0,4,5.0
4264,5.0,4,5.0
4265,3.0,1,3.0
4266,5.0,4,5.0
4267,3.0,1,3.0
4268,5.0,4,5.0
4269,3.0,1,3.0
4270,3.0,1,3.0
4271,3.0,1,3.0
4272,3.0,1,3.0
4273,5.0,4,5.0
4274,5.0,4,5.0
4275,3.0,1,3.0
4276,5.0,4,5.0
4277,5.0,4,5.0
4278,3.0,1,3.0
4279,5.0,5,4.0
4280,5.0,4,5.0
4281,5.0,4,5.0
4282,5.0,4,5.0
4283,3.0,1,3.0
4284,5.0,4,5.0
4285,5.0,4,5.0
4286,3.0,1,3.0
4287,3.0,1,3.0
4288,3.0,1,3.0
4289,3.0,1,3.0
4290,5.0,4,5.0
4291,4.0,5,4.0
4292,5.0,5,4.0
4293,3.0,1,3.0
4294,3.0,1,3.0
4295,3.0,1,3.0
4296,3.0,1,3.0
4297,5.0,4,5.0
4298,3.0,1,3.0
4299,5.0,4,5.0
4300,3.0,1,3.0
4301,5.0,4,5.0
4302,3.0,1,3.0
4303,5.0,4,5.0
4304,3.0,1,3.0
4305,5.0,4,5.0
4306,3.0,1,3.0
4307,5.0,4,5.0
4308,4.0,5,4.0
4309,5.0,4,5.0
4310,3.0,1,3.0
4311,4.0,1,3.0
4312,3.0,1,3.0
4313,3.0,1,3.0
4314,3.0,1,3.0
4315,5.0,4,5.0
4316,5.0,4,5.0
4317,3.0,1,3.0
4318,3.0,1,3.0
4319,3.0,1,3.0
4320,3.0,1,3.0
4321,4.0,1,3.0
4322,5.0,4,5.0
4323,3.0,1,3.0
4324,3.0,1,3.0
4325,3.0,1,3.0
4326,5.0,5,4.0
4327,5.0,4,5.0
4328,3.0,1,3.0
4329,5.0,5,4.0
4330,4.0,1,3.0
4331,3.0,1,3.0
4332,3.0,1,3.0
4333,3.0,1,3.0
4334,5.0,4,5.0
4335,3.0,1,3.0
4336,5.0,5,4.0
4337,3.0,1,3.0
4338,3.0,1,3.0
4339,3.0,1,3.0
4340,3.0,1,3.0
4341,3.0,1,3.0
4342,5.0,4,5.0
4343,5.0,4,5.0
4344,5.0,4,5.0
4345,3.0,1,3.0
4346,5.0,4,5.0
4347,3.0,1,3.0
4348,3.0,1,3.0
4349,4.0,1,3.0
4350,3.0,1,3.0
4351,3.0,1,3.0
4352,3.0,1,3.0
4353,5.0,4,5.0
4354,5.0,5,4.0
4355,3.0,1,3.0
4356,3.0,1,3.0
4357,3.0,1,3.0
4358,3.0,1,3.0
4359,5.0,4,5.0
4360,4.0,1,3.0
4361,5.0,4,5.0
4362,3.0,1,3.0
4363,3.0,1,3.0
4364,3.0,1,3.0
4365,3.0,1,3.0
4366,5.0,4,5.0
4367,5.0,5,4.0
4368,3.0,1,3.0
4369,3.0,1,3.0
4370,5.0,4,5.0
4371,3.0,1,3.0
4372,3.0,1,3.0
4373,5.0,5,4.0
4374,5.0,4,5.0
4375,5.0,4,5.0
4376,3.0,1,3.0
4377,5.0,5,4.0
4378,3.0,1,3.0
4379,3.0,1,3.0
4380,3.0,1,3.0
4381,3.0,1,3.0
4382,5.0,5,4.0
4383,5.0,4,5.0
4384,5.0,4,5.0
4385,5.0,4,5.0
4386,5.0,4,5.0
4387,5.0,4,5.0
4388,3.0,1,3.0
4389,3.0,1,3.0
4390,3.0,1,3.0
4391,3.0,1,3.0
4392,3.0,1,3.0
4393,5.0,4,5.0
4394,3.0,1,3.0
4395,4.0,5,4.0
4396,3.0,1,3.0
4397,3.0,1,3.0
4398,3.0,1,3.0
4399,5.0,4,5.0
4400,5.0,4,5.0
4401,3.0,1,3.0
4402,3.0,1,3.0
4403,3.0,1,3.0
4404,5.0,4,5.0
4405,3.0,1,3.0
4406,5.0,4,5.0
4407,3.0,1,3.0
4408,4.0,1,3.0
4409,5.0,4,5.0
4410,4.0,5,4.0
4411,5.0,4,5.0
4412,3.0,1,3.0
4413,5.0,4,5.0
4414,3.0,1,3.0
4415,5.0,4,5.0
4416,3.0,1,3.0
4417,3.0,1,3.0
4418,3.0,1,3.0
4419,3.0,1,3.0
4420,5.0,4,5.0
4421,5.0,5,4.0
4422,4.0,5,4.0
4423,4.0,5,4.0
4424,3.0,1,3.0
4425,4.0,5,4.0
4426,3.0,1,3.0
4427,5.0,4,5.0
4428,3.0,1,3.0
4429,5.0,4,5.0
4430,5.0,4,5.0
4431,5.0,4,5.0
4432,3.0,1,3.0
4433,3.0,1,3.0
4434,5.0,4,5.0
4435,3.0,1,3.0
4436,5.0,5,4.0
4437,3.0,1,3.0
4438,3.0,1,3.0
4439,5.0,4,5.0
4440,3.0,1,3.0
4441,3.0,1,3.0
4442,3.0,1,3.0
4443,3.0,1,3.0
4444,3.0,1,3.0
4445,5.0,4,5.0
4446,3.0,1,3.0
4447,4.0,5,4.0
4448,3.0,1,3.0
4449,5.0,4,5.0
4450,3.0,1,3.0
4451,3.0,1,3.0
4452,3.0,1,3.0
4453,3.0,1,3.0
4454,3.0,1,3.0
4455,5.0,4,5.0
4456,3.0,1,3.0
4457,3.0,1,3.0
4458,3.0,1,3.0
4459,3.0,1,3.0
4460,3.0,1,3.0
4461,4.0,1,3.0
4462,5.0,4,5.0
4463,5.0,4,5.0
4464,3.0,1,3.0
4465,5.0,4,5.0
4466,3.0,1,3.0
4467,3.0,1,3.0
4468,3.0,1,3.0
4469,3.0,1,3.0
4470,3.0,1,3.0
4471,3.0,1,3.0
4472,5.0,4,5.0
4473,3.0,1,3.0
4474,5.0,5,4.0
4475,3.0,1,3.0
4476,4.0,1,3.0
4477,3.0,1,3.0
4478,3.0,1,3.0
4479,5.0,4,5.0
4480,3.0,1,3.0
4481,4.0,5,4.0
4482,3.0,1,3.0
4483,4.0,5,4.0
4484,5.0,5,4.0
4485,3.0,1,3.0
4486,3.0,1,3.0
4487,5.0,4,5.0
4488,5.0,4,5.0
4489,3.0,1,3.0
4490,4.0,1,3.0
4491,3.0,1,3.0
4492,5.0,4,5.0
4493,3.0,1,3.0
4494,3.0,1,3.0
4495,5.0,4,5.0
4496,3.0,1,3.0
4497,5.0,5,4.0
4498,3.0,1,3.0
4499,3.0,1,3.0
4500,3.0,1,3.0
4501,4.0,5,4.0
4502,3.0,1,3.0
4503,5.0,4,5.0
4504,3.0,1,3.0
4505,3.0,1,3.0
4506,3.0,1,3.0
4507,5.0,4,5.0
4508,3.0,1,3.0
4509,3.0,1,3.0
4510,4.0,5,4.0
4511,3.0,1,3.0
4512,3.0,1,3.0
4513,5.0,4,5.0
4514,3.0,1,3.0
4515,3.0,1,3.0
4516,3.0,1,3.0
4517,4.0,5,4.0
4518,3.0,1,3.0
4519,3.0,1,3.0
4520,5.0,4,5.0
4521,5.0,4,5.0
4522,3.0,1,3.0
4523,3.0,1,3.0
4524,4.0,1,3.0
4525,4.0,1,3.0
4526,5.0,4,5.0
4527,3.0,1,3.0
4528,5.0,4,5.0
4529,3.0,1,3.0
4530,3.0,1,3.0
4531,3.0,1,3.0
4532,3.0,1,3.0
4533,3.0,1,3.0
4534,4.0,1,3.0
4535,3.0,1,3.0
4536,5.0,4,5.0
4537,5.0,4,5.0
4538,3.0,1,3.0
4539,3.0,1,3.0
4540,3.0,1,3.0
4541,3.0,1,3.0
4542,3.0,1,3.0
4543,3.0,1,3.0
4544,3.0,1,3.0
4545,3.0,1,3.0
4546,5.0,4,5.0
4547,3.0,1,3.0
4548,3.0,1,3.0
4549,3.0,1,3.0
4550,4.0,1,3.0
4551,3.0,1,3.0
4552,3.0,1,3.0
4553,3.0,1,3.0
4554,3.0,1,3.0
4555,5.0,4,5.0
4556,3.0,1,3.0
4557,3.0,1,3.0
4558,3.0,1,3.0
4559,3.0,1,3.0
4560,3.0,1,3.0
4561,4.0,5,4.0
4562,4.0,5,4.0
4563,4.0,5,4.0
4564,3.0,1,3.0
4565,3.0,1,3.0
4566,3.0,1,3.0
4567,3.0,1,3.0
4568,3.0,1,3.0
4569,3.0,1,3.0
4570,3.0,1,3.0
4571,3.0,1,3.0
4572,3.0,1,3.0
4573,3.0,1,3.0
4574,3.0,1,3.0
4575,5.0,4,5.0
4576,3.0,1,3.0
4577,5.0,4,5.0
4578,3.0,1,3.0
4579,5.0,4,5.0
4580,3.0,1,3.0
4581,3.0,1,3.0
4582,4.0,5,4.0
4583,3.0,1,3.0
4584,5.0,4,5.0
4585,4.0,5,4.0
4586,3.0,1,3.0
4587,5.0,4,5.0
4588,3.0,1,3.0
4589,5.0,4,5.0
4590,5.0,4,5.0
4591,3.0,1,3.0
4592,5.0,4,5.0
4593,3.0,1,3.0
4594,3.0,1,3.0
4595,3.0,1,3.0
4596,3.0,1,3.0
4597,3.0,1,3.0
4598,3.0,1,3.0
4599,3.0,1,3.0
4600,3.0,1,3.0
4601,5.0,4,5.0
4602,3.0,1,3.0
4603,3.0,1,3.0
4604,3.0,1,3.0
4605,5.0,4,5.0
4606,3.0,1,3.0
4607,3.0,1,3.0
4608,5.0,4,5.0
4609,5.0,4,5.0
4610,3.0,1,3.0
4611,5.0,4,5.0
4612,3.0,1,3.0
4613,5.0,4,5.0
4614,3.0,1,3.0
4615,3.0,1,3.0
4616,3.0,1,3.0
4617,4.0,5,4.0
4618,3.0,1,3.0
4619,3.0,1,3.0
4620,5.0,4,5.0
4621,4.0,5,4.0
4622,5.0,4,5.0
4623,3.0,1,3.0
4624,2.0,6,7.0
4625,3.0,1,3.0
4626,3.0,1,3.0
4627,3.0,1,3.0
4628,5.0,4,5.0
4629,3.0,1,3.0
4630,3.0,1,3.0
4631,3.0,1,3.0
4632,5.0,4,5.0
4633,3.0,1,3.0
4634,4.0,5,4.0
4635,5.0,4,5.0
4636,3.0,1,3.0
4637,3.0,1,3.0
4638,3.0,1,3.0
4639,5.0,4,5.0
4640,5.0,4,5.0
4641,3.0,1,3.0
4642,3.0,1,3.0
4643,3.0,1,3.0
4644,5.0,4,5.0
4645,3.0,1,3.0
4646,5.0,4,5.0
4647,3.0,1,3.0
4648,3.0,1,3.0
4649,5.0,5,4.0
4650,5.0,4,5.0
4651,3.0,1,3.0
4652,3.0,1,3.0
4653,3.0,1,3.0
4654,3.0,1,3.0
4655,5.0,4,5.0
4656,3.0,1,3.0
4657,3.0,1,3.0
4658,5.0,4,5.0
4659,3.0,1,3.0
4660,3.0,1,3.0
4661,3.0,1,3.0
4662,5.0,4,5.0
4663,3.0,1,3.0
4664,3.0,1,3.0
4665,3.0,1,3.0
4666,5.0,5,4.0
4667,3.0,1,3.0
4668,3.0,1,3.0
4669,3.0,1,3.0
4670,3.0,1,3.0
4671,3.0,1,3.0
4672,5.0,4,5.0
4673,3.0,1,3.0
4674,4.0,5,4.0
4675,5.0,4,5.0
4676,3.0,1,3.0
4677,0.0,5,4.0
4678,3.0,1,3.0
4679,4.0,5,4.0
4680,3.0,1,3.0
4681,3.0,1,3.0
4682,4.0,5,4.0
4683,5.0,4,5.0
4684,3.0,1,3.0
4685,5.0,4,5.0
4686,3.0,1,3.0
4687,3.0,1,3.0
4688,3.0,1,3.0
4689,3.0,1,3.0
4690,3.0,1,3.0
4691,3.0,1,3.0
4692,3.0,1,3.0
4693,3.0,1,3.0
4694,3.0,1,3.0
4695,3.0,1,3.0
4696,3.0,1,3.0
4697,2.0,7,6.0
4698,3.0,1,3.0
4699,5.0,5,4.0
4700,3.0,1,3.0
4701,5.0,4,5.0
4702,3.0,1,3.0
4703,3.0,1,3.0
4704,3.0,1,3.0
4705,5.0,5,4.0
4706,3.0,1,3.0
4707,3.0,1,3.0
4708,5.0,4,5.0
4709,3.0,1,3.0
4710,3.0,1,3.0
4711,5.0,4,5.0
4712,5.0,4,5.0
4713,5.0,4,5.0
4714,3.0,1,3.0
4715,3.0,1,3.0
4716,3.0,1,3.0
4717,5.0,4,5.0
4718,3.0,1,3.0
4719,4.0,5,4.0
4720,3.0,1,3.0
4721,2.0,3,2.0
4722,5.0,4,5.0
4723,3.0,1,3.0
4724,3.0,1,3.0
4725,5.0,5,4.0
4726,5.0,4,5.0
4727,4.0,5,4.0
4728,5.0,4,5.0
4729,5.0,4,5.0
4730,3.0,1,3.0
4731,4.0,4,5.0
4732,3.0,1,3.0
4733,5.0,4,5.0
4734,3.0,1,3.0
4735,3.0,1,3.0
4736,3.0,1,3.0
4737,5.0,4,5.0
4738,3.0,1,3.0
4739,3.0,1,3.0
4740,3.0,1,3.0
4741,3.0,1,3.0
4742,3.0,1,3.0
4743,4.0,5,4.0
4744,3.0,1,3.0
4745,5.0,4,5.0
4746,3.0,1,3.0
4747,3.0,1,3.0
4748,3.0,1,3.0
4749,3.0,1,3.0
4750,3.0,1,3.0
4751,3.0,1,3.0
4752,5.0,5,4.0
4753,3.0,1,3.0
4754,3.0,1,3.0
4755,3.0,1,3.0
4756,4.0,5,4.0
4757,3.0,1,3.0
4758,3.0,1,3.0
4759,3.0,1,3.0
4760,5.0,4,5.0
4761,5.0,4,5.0
4762,2.0,3,2.0
4763,4.0,1,3.0
4764,3.0,1,3.0
4765,3.0,1,3.0
4766,5.0,4,5.0
4767,4.0,5,4.0
4768,3.0,1,3.0
4769,3.0,1,3.0
4770,3.0,1,3.0
4771,5.0,4,5.0
4772,2.0,7,6.0
4773,3.0,1,3.0
4774,5.0,5,4.0
4775,5.0,5,4.0
4776,5.0,4,5.0
4777,5.0,4,5.0
4778,3.0,1,3.0
4779,5.0,4,5.0
4780,5.0,4,5.0
4781,3.0,1,3.0
4782,3.0,1,3.0
4783,3.0,1,3.0
4784,3.0,1,3.0
4785,5.0,4,5.0
4786,3.0,1,3.0
4787,4.0,5,4.0
4788,5.0,5,4.0
4789,5.0,4,5.0
4790,5.0,4,5.0
4791,3.0,1,3.0
4792,5.0,4,5.0
4793,5.0,4,5.0
4794,3.0,1,3.0
4795,4.0,5,4.0
4796,3.0,1,3.0
4797,3.0,1,3.0
4798,5.0,5,4.0
4799,3.0,1,3.0
4800,5.0,4,5.0
4801,2.0,5,4.0
4802,5.0,4,5.0
4803,5.0,4,5.0
4804,3.0,1,3.0
4805,2.0,3,2.0
4806,3.0,1,3.0
4807,5.0,4,5.0
4808,3.0,1,3.0
4809,3.0,1,3.0
4810,3.0,1,3.0
4811,5.0,4,5.0
4812,5.0,4,5.0
4813,5.0,4,5.0
4814,5.0,4,5.0
4815,3.0,1,3.0
4816,5.0,4,5.0
4817,2.0,1,3.0
4818,3.0,1,3.0
4819,5.0,5,4.0
4820,3.0,1,3.0
4821,3.0,1,3.0
4822,5.0,4,5.0
4823,5.0,4,5.0
4824,3.0,1,3.0
4825,3.0,1,3.0
4826,4.0,5,4.0
4827,3.0,1,3.0
4828,3.0,1,3.0
4829,4.0,5,4.0
4830,4.0,1,3.0
4831,3.0,1,3.0
4832,3.0,1,3.0
4833,3.0,1,3.0
4834,5.0,4,5.0
4835,3.0,1,3.0
4836,3.0,1,3.0
4837,5.0,4,5.0
4838,3.0,1,3.0
4839,3.0,1,3.0
4840,3.0,1,3.0
4841,5.0,4,5.0
4842,3.0,1,3.0
4843,5.0,5,4.0
4844,5.0,4,5.0
4845,3.0,1,3.0
4846,3.0,1,3.0
4847,3.0,1,3.0
4848,4.0,1,3.0
4849,3.0,1,3.0
4850,3.0,1,3.0
4851,3.0,1,3.0
4852,3.0,1,3.0
4853,3.0,1,3.0
4854,3.0,1,3.0
4855,3.0,1,3.0
4856,3.0,1,3.0
4857,5.0,4,5.0
4858,5.0,4,5.0
4859,4.0,1,3.0
4860,3.0,1,3.0
4861,3.0,1,3.0
4862,5.0,4,5.0
4863,5.0,4,5.0
4864,3.0,1,3.0
4865,3.0,1,3.0
4866,3.0,1,3.0
4867,2.0,7,6.0
4868,5.0,4,5.0
4869,3.0,1,3.0
4870,3.0,1,3.0
4871,2.0,3,2.0
4872,4.0,1,3.0
4873,2.0,3,2.0
4874,3.0,1,3.0
4875,3.0,1,3.0
4876,4.0,5,4.0
4877,3.0,1,3.0
4878,3.0,1,3.0
4879,5.0,5,4.0
4880,3.0,1,3.0
4881,2.0,1,3.0
4882,3.0,1,3.0
4883,5.0,4,5.0
4884,3.0,1,3.0
4885,5.0,5,4.0
4886,3.0,1,3.0
4887,5.0,4,5.0
4888,5.0,4,5.0
4889,3.0,1,3.0
4890,4.0,5,4.0
4891,3.0,1,3.0
4892,5.0,4,5.0
4893,3.0,1,3.0
4894,4.0,5,4.0
4895,4.0,5,4.0
4896,3.0,1,3.0
4897,3.0,1,3.0
4898,3.0,1,3.0
4899,3.0,1,3.0
4900,3.0,1,3.0
4901,3.0,1,3.0
4902,5.0,4,5.0
4903,3.0,1,3.0
4904,3.0,1,3.0
4905,5.0,4,5.0
4906,5.0,4,5.0
4907,3.0,1,3.0
4908,3.0,1,3.0
4909,5.0,4,5.0
4910,3.0,1,3.0
4911,5.0,4,5.0
4912,3.0,1,3.0
4913,5.0,5,4.0
4914,3.0,1,3.0
4915,3.0,1,3.0
4916,3.0,1,3.0
4917,3.0,1,3.0
4918,3.0,1,3.0
4919,5.0,5,4.0
4920,3.0,1,3.0
4921,3.0,1,3.0
4922,3.0,1,3.0
4923,3.0,1,3.0
4924,5.0,4,5.0
4925,5.0,5,4.0
4926,3.0,1,3.0
4927,3.0,1,3.0
4928,3.0,1,3.0
4929,3.0,1,3.0
4930,3.0,1,3.0
4931,4.0,1,3.0
4932,3.0,1,3.0
4933,5.0,4,5.0
4934,4.0,4,5.0
4935,3.0,1,3.0
4936,3.0,1,3.0
4937,3.0,1,3.0
4938,5.0,4,5.0
4939,3.0,1,3.0
4940,3.0,1,3.0
4941,5.0,4,5.0
4942,3.0,1,3.0
4943,3.0,1,3.0
4944,2.0,5,4.0
4945,4.0,1,3.0
4946,3.0,1,3.0
4947,3.0,1,3.0
4948,4.0,5,4.0
4949,3.0,1,3.0
4950,3.0,1,3.0
4951,5.0,4,5.0
4952,3.0,1,3.0
4953,1.0,9,1.0
4954,5.0,4,5.0
4955,5.0,4,5.0
4956,5.0,4,5.0
4957,3.0,1,3.0
4958,3.0,1,3.0
4959,3.0,1,3.0
4960,5.0,4,5.0
4961,3.0,1,3.0
4962,5.0,5,4.0
4963,3.0,1,3.0
4964,5.0,4,5.0
4965,5.0,4,5.0
4966,3.0,1,3.0
4967,5.0,4,5.0
4968,3.0,1,3.0
4969,5.0,4,5.0
4970,3.0,1,3.0
4971,3.0,1,3.0
4972,5.0,5,4.0
4973,3.0,1,3.0
4974,3.0,1,3.0
4975,3.0,1,3.0
4976,3.0,1,3.0
4977,4.0,5,4.0
4978,5.0,4,5.0
4979,5.0,4,5.0
4980,3.0,1,3.0
4981,3.0,1,3.0
4982,3.0,1,3.0
4983,3.0,1,3.0
4984,4.0,1,3.0
4985,3.0,1,3.0
4986,5.0,4,5.0
4987,3.0,1,3.0
4988,4.0,1,3.0
4989,3.0,1,3.0
4990,5.0,4,5.0
4991,3.0,1,3.0
4992,3.0,1,3.0
4993,3.0,1,3.0
4994,3.0,1,3.0
4995,3.0,1,3.0
4996,3.0,1,3.0
4997,3.0,1,3.0
4998,4.0,5,4.0
4999,3.0,1,3.0
5000,5.0,4,5.0
5001,5.0,4,5.0
5002,3.0,1,3.0
5003,4.0,5,4.0
5004,5.0,4,5.0
5005,5.0,4,5.0
5006,5.0,4,5.0
5007,5.0,4,5.0
5008,5.0,4,5.0
5009,3.0,1,3.0
5010,3.0,1,3.0
5011,3.0,1,3.0
5012,3.0,1,3.0
5013,5.0,4,5.0
5014,3.0,1,3.0
5015,3.0,1,3.0
5016,5.0,4,5.0
5017,3.0,1,3.0
5018,3.0,1,3.0
5019,3.0,1,3.0
5020,3.0,1,3.0
5021,5.0,4,5.0
5022,5.0,4,5.0
5023,5.0,5,4.0
5024,3.0,1,3.0
5025,3.0,1,3.0
5026,5.0,4,5.0
5027,3.0,1,3.0
5028,5.0,4,5.0
5029,3.0,1,3.0
5030,5.0,4,5.0
5031,5.0,4,5.0
5032,4.0,5,4.0
5033,3.0,1,3.0
5034,3.0,1,3.0
5035,3.0,1,3.0
5036,3.0,1,3.0
5037,3.0,1,3.0
5038,3.0,1,3.0
5039,3.0,1,3.0
5040,3.0,1,3.0
5041,3.0,1,3.0
5042,3.0,1,3.0
5043,3.0,1,3.0
5044,3.0,1,3.0
5045,3.0,1,3.0
5046,5.0,4,5.0
5047,3.0,1,3.0
5048,3.0,1,3.0
5049,5.0,4,5.0
5050,3.0,1,3.0
5051,3.0,1,3.0
5052,3.0,1,3.0
5053,5.0,4,5.0
5054,5.0,5,4.0
5055,5.0,4,5.0
5056,3.0,1,3.0
5057,4.0,5,4.0
5058,3.0,1,3.0
5059,3.0,1,3.0
5060,5.0,4,5.0
5061,5.0,4,5.0
5062,3.0,1,3.0
5063,5.0,4,5.0
5064,4.0,1,3.0
5065,3.0,1,3.0
5066,3.0,1,3.0
5067,5.0,4,5.0
5068,4.0,5,4.0
5069,3.0,1,3.0
5070,2.0,1,3.0
5071,3.0,1,3.0
5072,3.0,1,3.0
5073,3.0,1,3.0
5074,3.0,1,3.0
5075,3.0,1,3.0
5076,3.0,1,3.0
5077,3.0,1,3.0
5078,3.0,1,3.0
5079,4.0,1,3.0
5080,3.0,1,3.0
5081,5.0,4,5.0
5082,3.0,1,3.0
5083,3.0,1,3.0
5084,5.0,5,4.0
5085,3.0,1,3.0
5086,3.0,1,3.0
5087,3.0,1,3.0
5088,3.0,1,3.0
5089,4.0,4,5.0
5090,3.0,1,3.0
5091,3.0,1,3.0
5092,3.0,1,3.0
5093,5.0,5,4.0
5094,3.0,1,3.0
5095,3.0,1,3.0
5096,3.0,1,3.0
5097,3.0,1,3.0
5098,3.0,1,3.0
5099,5.0,5,4.0
5100,3.0,1,3.0
5101,5.0,5,4.0
5102,3.0,1,3.0
5103,4.0,5,4.0
5104,5.0,4,5.0
5105,3.0,1,3.0
5106,3.0,1,3.0
5107,5.0,4,5.0
5108,5.0,4,5.0
5109,3.0,1,3.0
5110,3.0,1,3.0
5111,3.0,1,3.0
5112,4.0,1,3.0
5113,3.0,1,3.0
5114,3.0,1,3.0
5115,3.0,1,3.0
5116,3.0,1,3.0
5117,3.0,1,3.0
5118,3.0,1,3.0
5119,3.0,1,3.0
5120,5.0,5,4.0
5121,5.0,4,5.0
5122,3.0,1,3.0
5123,5.0,4,5.0
5124,4.0,1,3.0
5125,3.0,1,3.0
5126,3.0,1,3.0
5127,5.0,5,4.0
5128,5.0,4,5.0
5129,5.0,4,5.0
5130,3.0,1,3.0
5131,3.0,1,3.0
5132,3.0,1,3.0
5133,5.0,4,5.0
5134,3.0,1,3.0
5135,5.0,4,5.0
5136,5.0,4,5.0
5137,5.0,4,5.0
5138,3.0,1,3.0
5139,3.0,1,3.0
5140,5.0,4,5.0
5141,3.0,1,3.0
5142,3.0,1,3.0
5143,5.0,4,5.0
5144,3.0,1,3.0
5145,3.0,1,3.0
5146,3.0,1,3.0
5147,3.0,1,3.0
5148,5.0,4,5.0
5149,3.0,1,3.0
5150,3.0,1,3.0
5151,5.0,4,5.0
5152,4.0,1,3.0
5153,3.0,1,3.0
5154,4.0,5,4.0
5155,5.0,5,4.0
5156,3.0,1,3.0
5157,3.0,1,3.0
5158,3.0,1,3.0
5159,4.0,5,4.0
5160,3.0,1,3.0
5161,3.0,1,3.0
5162,3.0,1,3.0
5163,3.0,1,3.0
5164,5.0,4,5.0
5165,3.0,1,3.0
5166,3.0,1,3.0
5167,3.0,1,3.0
5168,5.0,4,5.0
5169,3.0,1,3.0
5170,5.0,4,5.0
5171,3.0,1,3.0
5172,3.0,1,3.0
5173,3.0,1,3.0
5174,3.0,1,3.0
5175,3.0,1,3.0
5176,5.0,5,4.0
5177,3.0,1,3.0
5178,3.0,1,3.0
5179,4.0,5,4.0
5180,5.0,4,5.0
5181,4.0,5,4.0
5182,3.0,1,3.0
5183,4.0,5,4.0
5184,3.0,1,3.0
5185,5.0,5,4.0
5186,3.0,1,3.0
5187,3.0,1,3.0
5188,3.0,1,3.0
5189,5.0,4,5.0
5190,5.0,4,5.0
5191,3.0,1,3.0
5192,5.0,4,5.0
5193,3.0,1,3.0
5194,5.0,5,4.0
5195,3.0,1,3.0
5196,3.0,1,3.0
5197,4.0,1,3.0
5198,3.0,1,3.0
5199,4.0,1,3.0
5200,3.0,1,3.0
5201,3.0,1,3.0
5202,4.0,5,4.0
5203,3.0,1,3.0
5204,3.0,1,3.0
5205,4.0,1,3.0
5206,3.0,1,3.0
5207,3.0,1,3.0
5208,5.0,4,5.0
5209,3.0,1,3.0
5210,4.0,1,3.0
5211,4.0,5,4.0
5212,3.0,1,3.0
5213,3.0,1,3.0
5214,4.0,5,4.0
5215,4.0,1,3.0
5216,3.0,1,3.0
5217,4.0,5,4.0
5218,3.0,1,3.0
5219,3.0,1,3.0
5220,4.0,5,4.0
5221,3.0,1,3.0
5222,3.0,1,3.0
5223,3.0,1,3.0
5224,5.0,5,4.0
5225,3.0,1,3.0
5226,5.0,4,5.0
5227,5.0,5,4.0
5228,5.0,4,5.0
5229,3.0,1,3.0
5230,5.0,4,5.0
5231,5.0,4,5.0
5232,3.0,1,3.0
5233,3.0,1,3.0
5234,3.0,1,3.0
5235,3.0,1,3.0
5236,5.0,4,5.0
5237,4.0,5,4.0
5238,5.0,4,5.0
5239,4.0,5,4.0
5240,3.0,1,3.0
5241,5.0,5,4.0
5242,3.0,1,3.0
5243,3.0,1,3.0
5244,3.0,1,3.0
5245,3.0,1,3.0
5246,3.0,1,3.0
5247,2.0,1,3.0
5248,3.0,1,3.0
5249,3.0,1,3.0
5250,5.0,4,5.0
5251,5.0,4,5.0
5252,3.0,1,3.0
5253,5.0,4,5.0
5254,5.0,4,5.0
5255,5.0,4,5.0
5256,3.0,1,3.0
5257,5.0,4,5.0
5258,3.0,1,3.0
5259,3.0,1,3.0
5260,3.0,1,3.0
5261,3.0,1,3.0
5262,5.0,4,5.0
5263,4.0,5,4.0
5264,4.0,9,1.0
5265,3.0,1,3.0
5266,3.0,1,3.0
5267,5.0,5,4.0
5268,3.0,1,3.0
5269,3.0,1,3.0
5270,3.0,1,3.0
5271,4.0,1,3.0
5272,3.0,1,3.0
5273,3.0,1,3.0
5274,3.0,1,3.0
5275,3.0,1,3.0
5276,3.0,1,3.0
5277,2.0,5,4.0
5278,3.0,1,3.0
5279,3.0,1,3.0
5280,4.0,1,3.0
5281,4.0,5,4.0
5282,3.0,1,3.0
5283,3.0,1,3.0
5284,3.0,1,3.0
5285,3.0,1,3.0
5286,3.0,1,3.0
5287,3.0,1,3.0
5288,3.0,1,3.0
5289,3.0,1,3.0
5290,4.0,1,3.0
5291,3.0,1,3.0
5292,4.0,1,3.0
5293,3.0,1,3.0
5294,3.0,1,3.0
5295,5.0,4,5.0
5296,5.0,4,5.0
5297,3.0,1,3.0
5298,3.0,1,3.0
5299,5.0,4,5.0
5300,3.0,1,3.0
5301,3.0,1,3.0
5302,4.0,5,4.0
5303,2.0,3,2.0
5304,3.0,1,3.0
5305,4.0,1,3.0
5306,3.0,1,3.0
5307,3.0,1,3.0
5308,4.0,5,4.0
5309,4.0,1,3.0
5310,5.0,4,5.0
5311,3.0,1,3.0
5312,5.0,4,5.0
5313,4.0,5,4.0
5314,3.0,1,3.0
5315,5.0,4,5.0
5316,5.0,4,5.0
5317,3.0,1,3.0
5318,3.0,1,3.0
5319,3.0,1,3.0
5320,3.0,1,3.0
5321,3.0,1,3.0
5322,3.0,1,3.0
5323,5.0,4,5.0
5324,3.0,1,3.0
5325,5.0,4,5.0
5326,3.0,1,3.0
5327,3.0,1,3.0
5328,5.0,4,5.0
5329,3.0,1,3.0
5330,3.0,1,3.0
5331,3.0,1,3.0
5332,3.0,1,3.0
5333,3.0,1,3.0
5334,5.0,4,5.0
5335,5.0,5,4.0
5336,3.0,1,3.0
5337,5.0,4,5.0
5338,3.0,1,3.0
5339,3.0,1,3.0
5340,5.0,4,5.0
5341,3.0,1,3.0
5342,3.0,1,3.0
5343,3.0,1,3.0
5344,3.0,1,3.0
5345,5.0,4,5.0
5346,3.0,1,3.0
5347,3.0,1,3.0
5348,3.0,1,3.0
5349,3.0,1,3.0
5350,3.0,1,3.0
5351,3.0,1,3.0
5352,3.0,1,3.0
5353,2.0,3,2.0
5354,3.0,1,3.0
5355,3.0,1,3.0
5356,3.0,1,3.0
5357,3.0,1,3.0
5358,3.0,1,3.0
5359,5.0,4,5.0
5360,3.0,1,3.0
5361,3.0,1,3.0
5362,3.0,1,3.0
5363,3.0,1,3.0
5364,5.0,9,1.0
5365,3.0,1,3.0
5366,5.0,5,4.0
5367,5.0,4,5.0
5368,3.0,1,3.0
5369,3.0,1,3.0
5370,3.0,1,3.0
5371,3.0,1,3.0
5372,2.0,3,2.0
5373,5.0,4,5.0
5374,3.0,1,3.0
5375,3.0,1,3.0
5376,3.0,1,3.0
5377,3.0,1,3.0
5378,3.0,1,3.0
5379,3.0,1,3.0
5380,3.0,1,3.0
5381,2.0,3,2.0
5382,3.0,1,3.0
5383,4.0,5,4.0
5384,5.0,4,5.0
5385,3.0,1,3.0
5386,3.0,1,3.0
5387,3.0,1,3.0
5388,3.0,1,3.0
5389,3.0,1,3.0
5390,3.0,1,3.0
5391,4.0,1,3.0
5392,3.0,1,3.0
5393,3.0,1,3.0
5394,3.0,1,3.0
5395,3.0,1,3.0
5396,3.0,1,3.0
5397,5.0,5,4.0
5398,5.0,4,5.0
5399,3.0,1,3.0
5400,3.0,1,3.0
5401,3.0,1,3.0
5402,5.0,4,5.0
5403,3.0,1,3.0
5404,3.0,1,3.0
5405,5.0,5,4.0
5406,3.0,1,3.0
5407,3.0,1,3.0
5408,3.0,1,3.0
5409,5.0,4,5.0
5410,3.0,1,3.0
5411,3.0,1,3.0
5412,3.0,1,3.0
5413,3.0,1,3.0
5414,3.0,1,3.0
5415,3.0,1,3.0
5416,3.0,1,3.0
5417,3.0,1,3.0
5418,5.0,4,5.0
5419,3.0,1,3.0
5420,4.0,5,4.0
5421,5.0,4,5.0
5422,3.0,1,3.0
5423,3.0,1,3.0
5424,5.0,4,5.0
5425,3.0,1,3.0
5426,4.0,5,4.0
5427,4.0,5,4.0
5428,3.0,1,3.0
5429,5.0,4,5.0
5430,5.0,5,4.0
5431,3.0,1,3.0
5432,3.0,1,3.0
5433,5.0,4,5.0
5434,3.0,1,3.0
5435,3.0,1,3.0
5436,3.0,1,3.0
5437,3.0,1,3.0
5438,3.0,1,3.0
5439,5.0,5,4.0
5440,3.0,1,3.0
5441,3.0,1,3.0
5442,5.0,5,4.0
5443,3.0,1,3.0
5444,5.0,5,4.0
5445,4.0,5,4.0
5446,3.0,1,3.0
5447,5.0,4,5.0
5448,3.0,1,3.0
5449,5.0,4,5.0
5450,3.0,1,3.0
5451,5.0,4,5.0
5452,3.0,1,3.0
5453,5.0,5,4.0
5454,3.0,1,3.0
5455,5.0,4,5.0
5456,5.0,4,5.0
5457,3.0,1,3.0
5458,3.0,1,3.0
5459,3.0,1,3.0
5460,5.0,4,5.0
5461,5.0,4,5.0
5462,3.0,1,3.0
5463,3.0,1,3.0
5464,4.0,5,4.0
5465,5.0,4,5.0
5466,5.0,4,5.0
5467,5.0,4,5.0
5468,5.0,4,5.0
5469,4.0,1,3.0
5470,3.0,1,3.0
5471,3.0,1,3.0
5472,3.0,1,3.0
5473,3.0,1,3.0
5474,3.0,1,3.0
5475,4.0,5,4.0
5476,5.0,4,5.0
5477,3.0,1,3.0
5478,3.0,1,3.0
5479,3.0,1,3.0
5480,4.0,5,4.0
5481,5.0,4,5.0
5482,3.0,1,3.0
5483,3.0,1,3.0
5484,3.0,1,3.0
5485,3.0,1,3.0
5486,3.0,1,3.0
5487,3.0,1,3.0
5488,4.0,5,4.0
5489,3.0,1,3.0
5490,3.0,1,3.0
5491,3.0,1,3.0
5492,3.0,1,3.0
5493,3.0,1,3.0
5494,3.0,1,3.0
5495,3.0,1,3.0
5496,5.0,4,5.0
5497,3.0,1,3.0
5498,3.0,1,3.0
5499,5.0,4,5.0
5500,3.0,1,3.0
5501,3.0,1,3.0
5502,3.0,1,3.0
5503,3.0,1,3.0
5504,3.0,1,3.0
5505,3.0,1,3.0
5506,3.0,1,3.0
5507,3.0,1,3.0
5508,3.0,1,3.0
5509,3.0,1,3.0
5510,3.0,1,3.0
5511,5.0,4,5.0
5512,3.0,1,3.0
5513,3.0,1,3.0
5514,3.0,1,3.0
5515,3.0,1,3.0
5516,3.0,1,3.0
5517,3.0,1,3.0
5518,3.0,1,3.0
5519,5.0,4,5.0
5520,5.0,4,5.0
5521,5.0,4,5.0
5522,3.0,1,3.0
5523,3.0,1,3.0
5524,5.0,4,5.0
5525,5.0,5,4.0
5526,3.0,1,3.0
5527,3.0,1,3.0
5528,3.0,1,3.0
5529,3.0,1,3.0
5530,3.0,1,3.0
5531,3.0,1,3.0
5532,3.0,1,3.0
5533,3.0,1,3.0
5534,4.0,5,4.0
5535,4.0,5,4.0
5536,4.0,5,4.0
5537,3.0,1,3.0
5538,5.0,4,5.0
5539,3.0,1,3.0
5540,5.0,5,4.0
5541,5.0,4,5.0
5542,3.0,1,3.0
5543,3.0,1,3.0
5544,3.0,1,3.0
5545,5.0,5,4.0
5546,3.0,1,3.0
5547,3.0,1,3.0
5548,4.0,5,4.0
5549,3.0,1,3.0
5550,3.0,1,3.0
5551,3.0,1,3.0
5552,3.0,1,3.0
5553,5.0,5,4.0
5554,3.0,1,3.0
5555,4.0,5,4.0
5556,5.0,4,5.0
5557,4.0,5,4.0
5558,5.0,4,5.0
5559,5.0,5,4.0
5560,3.0,1,3.0
5561,5.0,4,5.0
5562,3.0,1,3.0
5563,3.0,1,3.0
5564,3.0,1,3.0
5565,3.0,1,3.0
5566,3.0,1,3.0
5567,4.0,1,3.0
5568,3.0,1,3.0
5569,3.0,1,3.0
5570,3.0,1,3.0
5571,3.0,1,3.0
5572,3.0,1,3.0
5573,3.0,1,3.0
5574,6.0,7,6.0
5575,6.0,0,6.0
5576,6.0,0,6.0
5577,1.0,9,1.0
5578,6.0,0,6.0
5579,6.0,7,6.0
5580,6.0,0,6.0
5581,7.0,6,7.0
5582,6.0,7,6.0
5583,6.0,0,6.0
5584,6.0,0,6.0
5585,6.0,7,6.0
5586,6.0,6,7.0
5587,6.0,0,6.0
5588,6.0,0,6.0
5589,1.0,8,0.0
5590,6.0,6,7.0
5591,6.0,7,6.0
5592,6.0,0,6.0
5593,6.0,7,6.0
5594,6.0,7,6.0
5595,7.0,6,7.0
5596,6.0,0,6.0
5597,6.0,0,6.0
5598,6.0,0,6.0
5599,6.0,0,6.0
5600,6.0,7,6.0
5601,6.0,0,6.0
5602,6.0,0,6.0
5603,6.0,7,6.0
5604,6.0,7,6.0
5605,6.0,0,6.0
5606,6.0,7,6.0
5607,6.0,0,6.0
5608,6.0,7,6.0
5609,6.0,0,6.0
5610,6.0,0,6.0
5611,6.0,0,6.0
5612,1.0,9,1.0
5613,6.0,7,6.0
5614,6.0,0,6.0
5615,6.0,7,6.0
5616,6.0,7,6.0
5617,6.0,7,6.0
5618,6.0,7,6.0
5619,6.0,7,6.0
5620,6.0,0,6.0
5621,6.0,0,6.0
5622,6.0,0,6.0
5623,6.0,0,6.0
5624,6.0,7,6.0
5625,7.0,6,7.0
5626,6.0,0,6.0
5627,6.0,7,6.0
5628,6.0,7,6.0
5629,6.0,0,6.0
5630,6.0,0,6.0
5631,6.0,7,6.0
5632,6.0,0,6.0
5633,6.0,0,6.0
5634,6.0,0,6.0
5635,7.0,6,7.0
5636,6.0,0,6.0
5637,6.0,7,6.0
5638,6.0,0,6.0
5639,6.0,0,6.0
5640,6.0,7,6.0
5641,6.0,7,6.0
5642,6.0,7,6.0
5643,6.0,7,6.0
5644,6.0,0,6.0
5645,6.0,7,6.0
5646,6.0,0,6.0
5647,6.0,7,6.0
5648,7.0,6,7.0
5649,6.0,7,6.0
5650,6.0,7,6.0
5651,6.0,7,6.0
5652,6.0,0,6.0
5653,6.0,0,6.0
5654,6.0,7,6.0
5655,6.0,0,6.0
5656,6.0,0,6.0
5657,6.0,0,6.0
5658,3.0,1,3.0
5659,6.0,7,6.0
5660,6.0,0,6.0
5661,6.0,7,6.0
5662,6.0,0,6.0
5663,6.0,7,6.0
5664,6.0,0,6.0
5665,6.0,7,6.0
5666,6.0,7,6.0
5667,6.0,0,6.0
5668,6.0,7,6.0
5669,6.0,0,6.0
5670,6.0,7,6.0
5671,6.0,7,6.0
5672,6.0,0,6.0
5673,6.0,0,6.0
5674,6.0,7,6.0
5675,6.0,0,6.0
5676,6.0,7,6.0
5677,6.0,0,6.0
5678,6.0,0,6.0
5679,6.0,7,6.0
5680,6.0,0,6.0
5681,6.0,7,6.0
5682,6.0,7,6.0
5683,6.0,0,6.0
5684,6.0,7,6.0
5685,6.0,7,6.0
5686,6.0,0,6.0
5687,6.0,0,6.0
5688,6.0,7,6.0
5689,7.0,6,7.0
5690,6.0,0,6.0
5691,6.0,0,6.0
5692,6.0,0,6.0
5693,6.0,7,6.0
5694,6.0,7,6.0
5695,6.0,7,6.0
5696,6.0,0,6.0
5697,6.0,7,6.0
5698,6.0,7,6.0
5699,6.0,7,6.0
5700,6.0,0,6.0
5701,6.0,0,6.0
5702,6.0,0,6.0
5703,6.0,7,6.0
5704,6.0,0,6.0
5705,6.0,7,6.0
5706,6.0,0,6.0
5707,1.0,8,0.0
5708,7.0,6,7.0
5709,6.0,0,6.0
5710,6.0,7,6.0
5711,6.0,7,6.0
5712,6.0,0,6.0
5713,6.0,0,6.0
5714,6.0,0,6.0
5715,6.0,7,6.0
5716,6.0,0,6.0
5717,6.0,7,6.0
5718,6.0,7,6.0
5719,6.0,7,6.0
5720,6.0,7,6.0
5721,6.0,7,6.0
5722,6.0,0,6.0
5723,6.0,0,6.0
5724,6.0,0,6.0
5725,6.0,0,6.0
5726,6.0,7,6.0
5727,6.0,7,6.0
5728,6.0,0,6.0
5729,6.0,7,6.0
5730,1.0,6,7.0
5731,6.0,7,6.0
5732,6.0,0,6.0
5733,6.0,0,6.0
5734,6.0,0,6.0
5735,7.0,6,7.0
5736,6.0,0,6.0
5737,6.0,0,6.0
5738,6.0,7,6.0
5739,6.0,7,6.0
5740,6.0,0,6.0
5741,6.0,7,6.0
5742,6.0,7,6.0
5743,6.0,6,7.0
5744,6.0,7,6.0
5745,6.0,7,6.0
5746,6.0,0,6.0
5747,6.0,0,6.0
5748,6.0,7,6.0
5749,6.0,0,6.0
5750,6.0,7,6.0
5751,0.0,8,0.0
5752,6.0,7,6.0
5753,7.0,6,7.0
5754,6.0,7,6.0
5755,6.0,0,6.0
5756,6.0,0,6.0
5757,6.0,7,6.0
5758,6.0,0,6.0
5759,6.0,7,6.0
5760,6.0,7,6.0
5761,6.0,7,6.0
5762,6.0,7,6.0
5763,6.0,7,6.0
5764,6.0,7,6.0
5765,6.0,7,6.0
5766,6.0,7,6.0
5767,6.0,0,6.0
5768,6.0,0,6.0
5769,6.0,0,6.0
5770,6.0,7,6.0
5771,6.0,0,6.0
5772,6.0,7,6.0
5773,6.0,0,6.0
5774,6.0,7,6.0
5775,1.0,6,7.0
5776,6.0,0,6.0
5777,6.0,7,6.0
5778,6.0,7,6.0
5779,6.0,7,6.0
5780,6.0,0,6.0
5781,6.0,7,6.0
5782,6.0,7,6.0
5783,6.0,0,6.0
5784,6.0,0,6.0
5785,6.0,7,6.0
5786,6.0,7,6.0
5787,6.0,7,6.0
5788,6.0,0,6.0
5789,6.0,7,6.0
5790,1.0,6,7.0
5791,6.0,7,6.0
5792,6.0,7,6.0
5793,6.0,0,6.0
5794,6.0,7,6.0
5795,6.0,7,6.0
5796,6.0,0,6.0
5797,6.0,7,6.0
5798,6.0,0,6.0
5799,6.0,0,6.0
5800,6.0,0,6.0
5801,6.0,7,6.0
5802,6.0,0,6.0
5803,6.0,7,6.0
5804,6.0,7,6.0
5805,6.0,7,6.0
5806,7.0,6,7.0
5807,6.0,0,6.0
5808,6.0,7,6.0
5809,6.0,0,6.0
5810,6.0,0,6.0
5811,6.0,0,6.0
5812,6.0,7,6.0
5813,6.0,7,6.0
5814,6.0,0,6.0
5815,6.0,0,6.0
5816,6.0,7,6.0
5817,6.0,7,6.0
5818,6.0,0,6.0
5819,6.0,7,6.0
5820,6.0,0,6.0
5821,6.0,7,6.0
5822,6.0,7,6.0
5823,6.0,7,6.0
5824,6.0,0,6.0
5825,6.0,7,6.0
5826,6.0,7,6.0
5827,6.0,0,6.0
5828,6.0,7,6.0
5829,6.0,0,6.0
5830,6.0,0,6.0
5831,6.0,7,6.0
5832,6.0,0,6.0
5833,6.0,7,6.0
5834,6.0,7,6.0
5835,7.0,1,3.0
5836,6.0,7,6.0
5837,7.0,6,7.0
5838,6.0,0,6.0
5839,6.0,7,6.0
5840,6.0,7,6.0
5841,6.0,0,6.0
5842,6.0,0,6.0
5843,6.0,0,6.0
5844,6.0,0,6.0
5845,6.0,7,6.0
5846,6.0,0,6.0
5847,6.0,0,6.0
5848,6.0,0,6.0
5849,6.0,7,6.0
5850,6.0,7,6.0
5851,6.0,7,6.0
5852,6.0,0,6.0
5853,6.0,0,6.0
5854,6.0,7,6.0
5855,6.0,7,6.0
5856,6.0,7,6.0
5857,6.0,0,6.0
5858,6.0,7,6.0
5859,6.0,7,6.0
5860,6.0,0,6.0
5861,6.0,7,6.0
5862,6.0,7,6.0
5863,6.0,0,6.0
5864,6.0,0,6.0
5865,6.0,7,6.0
5866,6.0,0,6.0
5867,6.0,7,6.0
5868,6.0,7,6.0
5869,7.0,6,7.0
5870,6.0,0,6.0
5871,6.0,7,6.0
5872,6.0,0,6.0
5873,6.0,0,6.0
5874,7.0,6,7.0
5875,6.0,7,6.0
5876,6.0,7,6.0
5877,6.0,0,6.0
5878,6.0,0,6.0
5879,6.0,7,6.0
5880,6.0,0,6.0
5881,6.0,0,6.0
5882,6.0,0,6.0
5883,6.0,7,6.0
5884,6.0,7,6.0
5885,6.0,7,6.0
5886,7.0,6,7.0
5887,6.0,7,6.0
5888,6.0,7,6.0
5889,6.0,0,6.0
5890,7.0,6,7.0
5891,6.0,7,6.0
5892,6.0,7,6.0
5893,6.0,0,6.0
5894,6.0,0,6.0
5895,6.0,0,6.0
5896,6.0,0,6.0
5897,6.0,7,6.0
5898,6.0,7,6.0
5899,6.0,0,6.0
5900,6.0,7,6.0
5901,6.0,0,6.0
5902,6.0,0,6.0
5903,6.0,7,6.0
5904,6.0,7,6.0
5905,6.0,0,6.0
5906,6.0,0,6.0
5907,6.0,7,6.0
5908,6.0,7,6.0
5909,6.0,7,6.0
5910,6.0,7,6.0
5911,6.0,7,6.0
5912,6.0,0,6.0
5913,6.0,7,6.0
5914,6.0,7,6.0
5915,6.0,7,6.0
5916,6.0,1,3.0
5917,6.0,7,6.0
5918,6.0,7,6.0
5919,6.0,0,6.0
5920,1.0,6,7.0
5921,6.0,7,6.0
5922,6.0,0,6.0
5923,6.0,0,6.0
5924,0.0,8,0.0
5925,6.0,7,6.0
5926,6.0,0,6.0
5927,6.0,7,6.0
5928,6.0,7,6.0
5929,6.0,7,6.0
5930,6.0,7,6.0
5931,6.0,0,6.0
5932,6.0,7,6.0
5933,6.0,7,6.0
5934,6.0,0,6.0
5935,6.0,7,6.0
5936,6.0,7,6.0
5937,6.0,7,6.0
5938,6.0,0,6.0
5939,6.0,7,6.0
5940,6.0,0,6.0
5941,1.0,7,6.0
5942,6.0,6,7.0
5943,6.0,0,6.0
5944,6.0,6,7.0
5945,6.0,7,6.0
5946,6.0,7,6.0
5947,6.0,0,6.0
5948,7.0,6,7.0
5949,6.0,7,6.0
5950,6.0,0,6.0
5951,6.0,7,6.0
5952,6.0,0,6.0
5953,6.0,7,6.0
5954,6.0,7,6.0
5955,6.0,7,6.0
5956,6.0,7,6.0
5957,6.0,7,6.0
5958,6.0,7,6.0
5959,6.0,0,6.0
5960,6.0,7,6.0
5961,6.0,7,6.0
5962,0.0,8,0.0
5963,6.0,7,6.0
5964,6.0,7,6.0
5965,6.0,7,6.0
5966,6.0,0,6.0
5967,6.0,7,6.0
5968,6.0,0,6.0
5969,6.0,0,6.0
5970,6.0,7,6.0
5971,6.0,7,6.0
5972,6.0,7,6.0
5973,1.0,8,0.0
5974,6.0,7,6.0
5975,6.0,0,6.0
5976,6.0,7,6.0
5977,6.0,7,6.0
5978,6.0,7,6.0
5979,6.0,7,6.0
5980,6.0,0,6.0
5981,6.0,7,6.0
5982,6.0,0,6.0
5983,6.0,0,6.0
5984,6.0,7,6.0
5985,6.0,7,6.0
5986,6.0,0,6.0
5987,6.0,7,6.0
5988,6.0,0,6.0
5989,6.0,0,6.0
5990,6.0,7,6.0
5991,6.0,0,6.0
5992,6.0,0,6.0
5993,6.0,7,6.0
5994,6.0,7,6.0
5995,6.0,0,6.0
5996,6.0,0,6.0
5997,6.0,0,6.0
5998,6.0,7,6.0
5999,6.0,7,6.0
6000,6.0,7,6.0
6001,6.0,0,6.0
6002,6.0,0,6.0
6003,6.0,0,6.0
6004,6.0,7,6.0
6005,6.0,0,6.0
6006,6.0,7,6.0
6007,6.0,7,6.0
6008,6.0,7,6.0
6009,6.0,7,6.0
6010,6.0,0,6.0
6011,6.0,7,6.0
6012,6.0,7,6.0
6013,6.0,7,6.0
6014,0.0,8,0.0
6015,6.0,7,6.0
6016,6.0,0,6.0
6017,1.0,6,7.0
6018,1.0,6,7.0
6019,7.0,6,7.0
6020,6.0,7,6.0
6021,6.0,7,6.0
6022,1.0,6,7.0
6023,6.0,7,6.0
6024,1.0,5,4.0
6025,6.0,7,6.0
6026,6.0,7,6.0
6027,6.0,0,6.0
6028,6.0,0,6.0
6029,6.0,0,6.0
6030,6.0,7,6.0
6031,6.0,7,6.0
6032,6.0,0,6.0
6033,6.0,7,6.0
6034,6.0,7,6.0
6035,6.0,0,6.0
6036,6.0,0,6.0
6037,6.0,0,6.0
6038,6.0,0,6.0
6039,6.0,7,6.0
6040,6.0,0,6.0
6041,6.0,7,6.0
6042,1.0,6,7.0
6043,6.0,0,6.0
6044,6.0,7,6.0
6045,6.0,7,6.0
6046,6.0,7,6.0
6047,6.0,7,6.0
6048,6.0,7,6.0
6049,6.0,7,6.0
6050,6.0,7,6.0
6051,6.0,0,6.0
6052,6.0,0,6.0
6053,6.0,0,6.0
6054,6.0,0,6.0
6055,6.0,0,6.0
6056,6.0,7,6.0
6057,6.0,0,6.0
6058,6.0,0,6.0
6059,6.0,7,6.0
6060,6.0,7,6.0
6061,6.0,7,6.0
6062,6.0,7,6.0
6063,6.0,7,6.0
6064,6.0,7,6.0
6065,6.0,0,6.0
6066,6.0,0,6.0
6067,6.0,0,6.0
6068,6.0,0,6.0
6069,6.0,7,6.0
6070,6.0,7,6.0
6071,6.0,0,6.0
6072,6.0,7,6.0
6073,6.0,7,6.0
6074,7.0,6,7.0
6075,1.0,6,7.0
6076,6.0,0,6.0
6077,6.0,7,6.0
6078,6.0,7,6.0
6079,6.0,7,6.0
6080,6.0,7,6.0
6081,6.0,7,6.0
6082,6.0,0,6.0
6083,6.0,0,6.0
6084,6.0,7,6.0
6085,0.0,8,0.0
6086,6.0,0,6.0
6087,6.0,7,6.0
6088,6.0,0,6.0
6089,6.0,7,6.0
6090,7.0,6,7.0
6091,6.0,7,6.0
6092,6.0,0,6.0
6093,6.0,7,6.0
6094,6.0,7,6.0
6095,7.0,6,7.0
6096,6.0,7,6.0
6097,6.0,0,6.0
6098,6.0,0,6.0
6099,6.0,0,6.0
6100,6.0,7,6.0
6101,6.0,7,6.0
6102,6.0,7,6.0
6103,6.0,0,6.0
6104,6.0,7,6.0
6105,6.0,7,6.0
6106,6.0,0,6.0
6107,6.0,0,6.0
6108,6.0,7,6.0
6109,6.0,7,6.0
6110,1.0,6,7.0
6111,6.0,0,6.0
6112,6.0,7,6.0
6113,6.0,7,6.0
6114,0.0,8,0.0
6115,6.0,0,6.0
6116,6.0,0,6.0
6117,6.0,0,6.0
6118,1.0,6,7.0
6119,6.0,0,6.0
6120,6.0,0,6.0
6121,6.0,0,6.0
6122,6.0,7,6.0
6123,6.0,0,6.0
6124,6.0,7,6.0
6125,6.0,7,6.0
6126,6.0,7,6.0
6127,6.0,0,6.0
6128,6.0,7,6.0
6129,6.0,7,6.0
6130,6.0,0,6.0
6131,6.0,0,6.0
6132,6.0,7,6.0
6133,7.0,6,7.0
6134,6.0,7,6.0
6135,6.0,7,6.0
6136,6.0,7,6.0
6137,6.0,7,6.0
6138,6.0,7,6.0
6139,6.0,7,6.0
6140,6.0,0,6.0
6141,7.0,6,7.0
6142,6.0,7,6.0
6143,6.0,7,6.0
6144,6.0,7,6.0
6145,6.0,7,6.0
6146,6.0,7,6.0
6147,6.0,7,6.0
6148,6.0,7,6.0
6149,6.0,7,6.0
6150,6.0,0,6.0
6151,6.0,0,6.0
6152,6.0,0,6.0
6153,6.0,0,6.0
6154,6.0,0,6.0
6155,6.0,0,6.0
6156,6.0,7,6.0
6157,6.0,7,6.0
6158,6.0,7,6.0
6159,6.0,0,6.0
6160,6.0,7,6.0
6161,6.0,0,6.0
6162,6.0,7,6.0
6163,6.0,7,6.0
6164,6.0,7,6.0
6165,6.0,7,6.0
6166,6.0,0,6.0
6167,6.0,7,6.0
6168,6.0,7,6.0
6169,6.0,7,6.0
6170,6.0,7,6.0
6171,6.0,7,6.0
6172,6.0,7,6.0
6173,7.0,6,7.0
6174,6.0,7,6.0
6175,6.0,0,6.0
6176,6.0,0,6.0
6177,6.0,7,6.0
6178,6.0,0,6.0
6179,6.0,7,6.0
6180,6.0,0,6.0
6181,6.0,7,6.0
6182,6.0,0,6.0
6183,6.0,7,6.0
6184,6.0,7,6.0
6185,6.0,0,6.0
6186,6.0,7,6.0
6187,6.0,0,6.0
6188,0.0,8,0.0
6189,7.0,6,7.0
6190,7.0,6,7.0
6191,6.0,7,6.0
6192,6.0,7,6.0
6193,6.0,0,6.0
6194,6.0,0,6.0
6195,6.0,0,6.0
6196,6.0,0,6.0
6197,6.0,7,6.0
6198,6.0,7,6.0
6199,6.0,7,6.0
6200,6.0,7,6.0
6201,6.0,7,6.0
6202,6.0,7,6.0
6203,6.0,0,6.0
6204,6.0,7,6.0
6205,6.0,7,6.0
6206,6.0,7,6.0
6207,6.0,0,6.0
6208,6.0,7,6.0
6209,6.0,0,6.0
6210,6.0,0,6.0
6211,6.0,0,6.0
6212,1.0,6,7.0
6213,6.0,7,6.0
6214,6.0,7,6.0
6215,6.0,0,6.0
6216,6.0,7,6.0
6217,6.0,7,6.0
6218,6.0,7,6.0
6219,6.0,0,6.0
6220,6.0,0,6.0
6221,6.0,0,6.0
6222,6.0,7,6.0
6223,6.0,7,6.0
6224,6.0,7,6.0
6225,6.0,7,6.0
6226,6.0,7,6.0
6227,1.0,8,0.0
6228,6.0,0,6.0
6229,6.0,7,6.0
6230,6.0,7,6.0
6231,6.0,0,6.0
6232,6.0,7,6.0
6233,6.0,0,6.0
6234,6.0,7,6.0
6235,1.0,6,7.0
6236,6.0,0,6.0
6237,6.0,7,6.0
6238,6.0,0,6.0
6239,6.0,0,6.0
6240,6.0,7,6.0
6241,6.0,7,6.0
6242,6.0,7,6.0
6243,6.0,7,6.0
6244,6.0,7,6.0
6245,6.0,0,6.0
6246,6.0,7,6.0
6247,6.0,0,6.0
6248,6.0,0,6.0
6249,6.0,0,6.0
6250,6.0,7,6.0
6251,6.0,0,6.0
6252,6.0,0,6.0
6253,1.0,5,4.0
6254,6.0,0,6.0
6255,6.0,0,6.0
6256,6.0,7,6.0
6257,6.0,0,6.0
6258,6.0,0,6.0
6259,6.0,7,6.0
6260,1.0,6,7.0
6261,6.0,0,6.0
6262,1.0,6,7.0
6263,6.0,0,6.0
6264,6.0,0,6.0
6265,7.0,6,7.0
6266,6.0,0,6.0
6267,6.0,7,6.0
6268,6.0,0,6.0
6269,6.0,0,6.0
6270,6.0,7,6.0
6271,6.0,7,6.0
6272,6.0,7,6.0
6273,6.0,7,6.0
6274,6.0,0,6.0
6275,6.0,7,6.0
6276,6.0,7,6.0
6277,6.0,7,6.0
6278,6.0,7,6.0
6279,6.0,7,6.0
6280,6.0,0,6.0
6281,6.0,7,6.0
6282,6.0,0,6.0
6283,6.0,7,6.0
6284,6.0,7,6.0
6285,6.0,0,6.0
6286,6.0,0,6.0
6287,6.0,7,6.0
6288,6.0,7,6.0
6289,6.0,0,6.0
6290,6.0,7,6.0
6291,6.0,0,6.0
6292,6.0,0,6.0
6293,6.0,0,6.0
6294,6.0,7,6.0
6295,6.0,0,6.0
6296,6.0,7,6.0
6297,6.0,0,6.0
6298,6.0,0,6.0
6299,1.0,6,7.0
6300,6.0,0,6.0
6301,6.0,0,6.0
6302,6.0,7,6.0
6303,6.0,7,6.0
6304,6.0,7,6.0
6305,1.0,6,7.0
6306,6.0,7,6.0
6307,6.0,7,6.0
6308,6.0,7,6.0
6309,0.0,1,3.0
6310,6.0,0,6.0
6311,6.0,7,6.0
6312,6.0,7,6.0
6313,6.0,0,6.0
6314,6.0,0,6.0
6315,6.0,0,6.0
6316,6.0,0,6.0
6317,6.0,0,6.0
6318,6.0,0,6.0
6319,6.0,7,6.0
6320,6.0,7,6.0
6321,6.0,7,6.0
6322,6.0,7,6.0
6323,6.0,7,6.0
6324,6.0,0,6.0
6325,6.0,0,6.0
6326,6.0,7,6.0
6327,6.0,7,6.0
6328,6.0,7,6.0
6329,6.0,0,6.0
6330,6.0,7,6.0
6331,6.0,7,6.0
6332,7.0,6,7.0
6333,6.0,0,6.0
6334,6.0,0,6.0
6335,6.0,7,6.0
6336,6.0,0,6.0
6337,6.0,0,6.0
6338,6.0,7,6.0
6339,6.0,7,6.0
6340,0.0,8,0.0
6341,6.0,7,6.0
6342,6.0,7,6.0
6343,6.0,7,6.0
6344,6.0,0,6.0
6345,6.0,7,6.0
6346,6.0,0,6.0
6347,6.0,7,6.0
6348,6.0,7,6.0
6349,6.0,0,6.0
6350,6.0,0,6.0
6351,6.0,0,6.0
6352,6.0,7,6.0
6353,6.0,0,6.0
6354,6.0,0,6.0
6355,6.0,0,6.0
6356,6.0,0,6.0
6357,1.0,6,7.0
6358,6.0,0,6.0
6359,6.0,7,6.0
6360,6.0,0,6.0
6361,6.0,7,6.0
6362,6.0,7,6.0
6363,6.0,0,6.0
6364,6.0,0,6.0
6365,6.0,0,6.0
6366,6.0,0,6.0
6367,6.0,0,6.0
6368,6.0,7,6.0
6369,6.0,0,6.0
6370,7.0,6,7.0
6371,6.0,7,6.0
6372,6.0,7,6.0
6373,6.0,7,6.0
6374,6.0,7,6.0
6375,6.0,7,6.0
6376,6.0,0,6.0
6377,6.0,7,6.0
6378,6.0,7,6.0
6379,6.0,7,6.0
6380,6.0,7,6.0
6381,6.0,0,6.0
6382,6.0,7,6.0
6383,6.0,7,6.0
6384,6.0,0,6.0
6385,6.0,0,6.0
6386,6.0,0,6.0
6387,6.0,7,6.0
6388,6.0,7,6.0
6389,6.0,7,6.0
6390,6.0,0,6.0
6391,6.0,7,6.0
6392,6.0,0,6.0
6393,6.0,7,6.0
6394,6.0,7,6.0
6395,6.0,7,6.0
6396,6.0,0,6.0
6397,6.0,7,6.0
6398,7.0,6,7.0
6399,6.0,7,6.0
6400,6.0,0,6.0
6401,6.0,7,6.0
6402,6.0,7,6.0
6403,6.0,0,6.0
6404,6.0,7,6.0
6405,6.0,7,6.0
6406,6.0,0,6.0
6407,6.0,7,6.0
6408,6.0,0,6.0
6409,6.0,7,6.0
6410,6.0,0,6.0
6411,6.0,7,6.0
6412,6.0,7,6.0
6413,6.0,7,6.0
6414,6.0,0,6.0
6415,6.0,7,6.0
6416,6.0,7,6.0
6417,6.0,7,6.0
6418,6.0,0,6.0
6419,6.0,0,6.0
6420,6.0,0,6.0
6421,6.0,7,6.0
6422,6.0,0,6.0
6423,6.0,7,6.0
6424,6.0,7,6.0
6425,6.0,7,6.0
6426,6.0,0,6.0
6427,6.0,0,6.0
6428,6.0,0,6.0
6429,6.0,7,6.0
6430,6.0,7,6.0
6431,6.0,0,6.0
6432,1.0,6,7.0
6433,6.0,0,6.0
6434,6.0,7,6.0
6435,7.0,6,7.0
6436,6.0,0,6.0
6437,6.0,7,6.0
6438,6.0,0,6.0
6439,6.0,7,6.0
6440,7.0,6,7.0
6441,6.0,7,6.0
6442,6.0,0,6.0
6443,6.0,0,6.0
6444,6.0,7,6.0
6445,6.0,0,6.0
6446,6.0,0,6.0
6447,6.0,7,6.0
6448,6.0,7,6.0
6449,6.0,7,6.0
6450,6.0,7,6.0
6451,6.0,7,6.0
6452,6.0,0,6.0
6453,6.0,0,6.0
6454,6.0,0,6.0
6455,6.0,0,6.0
6456,6.0,7,6.0
6457,6.0,0,6.0
6458,6.0,0,6.0
6459,6.0,7,6.0
6460,6.0,0,6.0
6461,7.0,6,7.0
6462,7.0,6,7.0
6463,6.0,7,6.0
6464,6.0,7,6.0
6465,6.0,7,6.0
6466,6.0,0,6.0
6467,6.0,0,6.0
6468,6.0,7,6.0
6469,6.0,0,6.0
6470,6.0,0,6.0
6471,6.0,7,6.0
6472,6.0,7,6.0
6473,6.0,7,6.0
6474,6.0,0,6.0
6475,6.0,0,6.0
6476,6.0,0,6.0
6477,6.0,0,6.0
6478,6.0,7,6.0
6479,6.0,0,6.0
6480,6.0,7,6.0
6481,6.0,0,6.0
6482,6.0,0,6.0
6483,6.0,7,6.0
6484,6.0,7,6.0
6485,6.0,7,6.0
6486,6.0,7,6.0
6487,6.0,0,6.0
6488,6.0,7,6.0
6489,6.0,0,6.0
6490,6.0,7,6.0
6491,6.0,7,6.0
6492,6.0,0,6.0
6493,6.0,7,6.0
6494,6.0,7,6.0
6495,6.0,0,6.0
6496,6.0,7,6.0
6497,6.0,7,6.0
6498,6.0,0,6.0
6499,6.0,7,6.0
6500,6.0,0,6.0
6501,6.0,0,6.0
6502,6.0,0,6.0
6503,6.0,7,6.0
6504,6.0,0,6.0
6505,6.0,7,6.0
6506,6.0,7,6.0
6507,6.0,7,6.0
6508,6.0,7,6.0
6509,6.0,7,6.0
6510,6.0,0,6.0
6511,6.0,7,6.0
6512,6.0,0,6.0
6513,6.0,0,6.0
6514,6.0,7,6.0
6515,6.0,0,6.0
6516,6.0,7,6.0
6517,6.0,7,6.0
6518,6.0,7,6.0
6519,6.0,7,6.0
6520,6.0,0,6.0
6521,6.0,7,6.0
6522,6.0,0,6.0
6523,6.0,7,6.0
6524,6.0,0,6.0
6525,6.0,0,6.0
6526,6.0,0,6.0
6527,6.0,7,6.0
6528,6.0,0,6.0
6529,6.0,0,6.0
6530,6.0,7,6.0
6531,6.0,7,6.0
6532,6.0,7,6.0
6533,6.0,0,6.0
6534,6.0,7,6.0
6535,6.0,7,6.0
6536,6.0,7,6.0
6537,6.0,7,6.0
6538,6.0,7,6.0
6539,6.0,7,6.0
6540,6.0,7,6.0
6541,6.0,7,6.0
6542,6.0,7,6.0
6543,6.0,0,6.0
6544,6.0,0,6.0
6545,6.0,7,6.0
6546,7.0,6,7.0
6547,6.0,0,6.0
6548,6.0,7,6.0
6549,6.0,7,6.0
6550,6.0,7,6.0
6551,6.0,0,6.0
6552,6.0,7,6.0
6553,6.0,7,6.0
6554,6.0,7,6.0
6555,6.0,0,6.0
6556,6.0,7,6.0
6557,6.0,7,6.0
6558,6.0,0,6.0
6559,6.0,0,6.0
6560,6.0,0,6.0
6561,6.0,0,6.0
6562,6.0,7,6.0
6563,6.0,0,6.0
6564,7.0,6,7.0
6565,6.0,0,6.0
6566,6.0,0,6.0
6567,6.0,7,6.0
6568,7.0,6,7.0
6569,6.0,7,6.0
6570,6.0,0,6.0
6571,6.0,7,6.0
6572,6.0,0,6.0
6573,6.0,7,6.0
6574,6.0,7,6.0
6575,1.0,2,0.0
6576,6.0,7,6.0
6577,6.0,7,6.0
6578,6.0,7,6.0
6579,6.0,0,6.0
6580,6.0,7,6.0
6581,6.0,0,6.0
6582,6.0,7,6.0
6583,6.0,7,6.0
6584,6.0,0,6.0
6585,6.0,0,6.0
6586,0.0,8,0.0
6587,6.0,7,6.0
6588,6.0,0,6.0
6589,6.0,7,6.0
6590,6.0,0,6.0
6591,6.0,7,6.0
6592,6.0,0,6.0
6593,6.0,7,6.0
6594,6.0,7,6.0
6595,6.0,0,6.0
6596,6.0,7,6.0
6597,7.0,6,7.0
6598,6.0,0,6.0
6599,6.0,7,6.0
6600,6.0,0,6.0
6601,6.0,7,6.0
6602,6.0,0,6.0
6603,6.0,7,6.0
6604,6.0,7,6.0
6605,6.0,0,6.0
6606,6.0,0,6.0
6607,6.0,0,6.0
6608,6.0,7,6.0
6609,6.0,7,6.0
6610,1.0,8,0.0
6611,7.0,6,7.0
6612,6.0,0,6.0
6613,6.0,0,6.0
6614,6.0,7,6.0
6615,6.0,7,6.0
6616,6.0,7,6.0
6617,6.0,7,6.0
6618,6.0,7,6.0
6619,6.0,0,6.0
6620,6.0,7,6.0
6621,6.0,7,6.0
6622,6.0,7,6.0
6623,6.0,7,6.0
6624,6.0,0,6.0
6625,6.0,7,6.0
6626,6.0,7,6.0
6627,6.0,7,6.0
6628,6.0,0,6.0
6629,6.0,0,6.0
6630,6.0,0,6.0
6631,7.0,6,7.0
6632,6.0,7,6.0
6633,6.0,0,6.0
6634,6.0,0,6.0
6635,6.0,7,6.0
6636,6.0,0,6.0
6637,6.0,7,6.0
6638,6.0,7,6.0
6639,6.0,7,6.0
6640,6.0,7,6.0
6641,6.0,7,6.0
6642,6.0,7,6.0
6643,7.0,6,7.0
6644,6.0,7,6.0
6645,6.0,0,6.0
6646,6.0,7,6.0
6647,6.0,7,6.0
6648,6.0,0,6.0
6649,6.0,0,6.0
6650,6.0,0,6.0
6651,6.0,0,6.0
6652,6.0,7,6.0
6653,6.0,7,6.0
6654,6.0,7,6.0
6655,6.0,7,6.0
6656,6.0,0,6.0
6657,6.0,7,6.0
6658,6.0,7,6.0
6659,6.0,0,6.0
6660,6.0,7,6.0
6661,6.0,0,6.0
6662,6.0,0,6.0
6663,6.0,0,6.0
6664,6.0,7,6.0
6665,6.0,7,6.0
6666,6.0,0,6.0
6667,6.0,7,6.0
6668,6.0,0,6.0
6669,6.0,0,6.0
6670,6.0,7,6.0
6671,6.0,0,6.0
6672,6.0,0,6.0
6673,6.0,0,6.0
6674,6.0,0,6.0
6675,6.0,7,6.0
6676,6.0,0,6.0
6677,6.0,0,6.0
6678,6.0,0,6.0
6679,1.0,6,7.0
6680,6.0,7,6.0
6681,6.0,7,6.0
6682,6.0,0,6.0
6683,7.0,6,7.0
6684,6.0,7,6.0
6685,6.0,7,6.0
6686,6.0,0,6.0
6687,6.0,0,6.0
6688,6.0,7,6.0
6689,6.0,0,6.0
6690,0.0,8,0.0
6691,6.0,0,6.0
6692,6.0,7,6.0
6693,6.0,0,6.0
6694,6.0,0,6.0
6695,6.0,7,6.0
6696,6.0,0,6.0
6697,6.0,7,6.0
6698,6.0,0,6.0
6699,6.0,7,6.0
6700,6.0,7,6.0
6701,6.0,7,6.0
6702,6.0,6,7.0
6703,6.0,7,6.0
6704,6.0,7,6.0
6705,6.0,0,6.0
6706,6.0,0,6.0
6707,6.0,0,6.0
6708,6.0,0,6.0
6709,6.0,7,6.0
6710,6.0,0,6.0
6711,1.0,8,0.0
6712,6.0,7,6.0
6713,6.0,0,6.0
6714,6.0,0,6.0
6715,6.0,7,6.0
6716,1.0,6,7.0
6717,6.0,7,6.0
6718,6.0,0,6.0
6719,6.0,0,6.0
6720,6.0,0,6.0
6721,6.0,0,6.0
6722,6.0,0,6.0
6723,6.0,0,6.0
6724,6.0,0,6.0
6725,6.0,7,6.0
6726,6.0,7,6.0
6727,6.0,7,6.0
6728,6.0,0,6.0
6729,6.0,7,6.0
6730,6.0,7,6.0
6731,6.0,7,6.0
6732,7.0,6,7.0
6733,6.0,7,6.0
6734,6.0,0,6.0
6735,6.0,7,6.0
6736,6.0,7,6.0
6737,6.0,7,6.0
6738,6.0,0,6.0
6739,6.0,7,6.0
6740,6.0,0,6.0
6741,6.0,0,6.0
6742,6.0,7,6.0
6743,6.0,7,6.0
6744,6.0,7,6.0
6745,7.0,6,7.0
6746,6.0,7,6.0
6747,6.0,7,6.0
6748,6.0,7,6.0
6749,6.0,0,6.0
6750,1.0,6,7.0
6751,6.0,0,6.0
6752,6.0,0,6.0
6753,6.0,7,6.0
6754,6.0,7,6.0
6755,6.0,7,6.0
6756,6.0,7,6.0
6757,6.0,7,6.0
6758,6.0,7,6.0
6759,6.0,7,6.0
6760,6.0,7,6.0
6761,6.0,0,6.0
6762,6.0,7,6.0
6763,6.0,0,6.0
6764,6.0,7,6.0
6765,6.0,7,6.0
6766,6.0,0,6.0
6767,6.0,7,6.0
6768,6.0,7,6.0
6769,0.0,8,0.0
6770,6.0,7,6.0
6771,6.0,7,6.0
6772,6.0,1,3.0
6773,6.0,0,6.0
6774,6.0,0,6.0
6775,6.0,0,6.0
6776,6.0,7,6.0
6777,6.0,0,6.0
6778,7.0,6,7.0
6779,6.0,7,6.0
6780,6.0,7,6.0
6781,6.0,0,6.0
6782,6.0,7,6.0
6783,6.0,0,6.0
6784,6.0,7,6.0
6785,6.0,7,6.0
6786,6.0,7,6.0
6787,6.0,0,6.0
6788,6.0,7,6.0
6789,6.0,0,6.0
6790,6.0,7,6.0
6791,6.0,7,6.0
6792,6.0,7,6.0
6793,6.0,0,6.0
6794,6.0,7,6.0
6795,6.0,7,6.0
6796,6.0,0,6.0
6797,6.0,0,6.0
6798,6.0,7,6.0
6799,6.0,7,6.0
6800,6.0,0,6.0
6801,6.0,7,6.0
6802,6.0,7,6.0
6803,6.0,7,6.0
6804,6.0,7,6.0
6805,6.0,0,6.0
6806,6.0,7,6.0
6807,6.0,7,6.0
6808,6.0,0,6.0
6809,6.0,7,6.0
6810,1.0,8,0.0
6811,6.0,7,6.0
6812,6.0,7,6.0
6813,6.0,0,6.0
6814,6.0,7,6.0
6815,6.0,0,6.0
6816,6.0,7,6.0
6817,6.0,7,6.0
6818,6.0,7,6.0
6819,6.0,0,6.0
6820,6.0,0,6.0
6821,6.0,7,6.0
6822,6.0,0,6.0
6823,6.0,7,6.0
6824,6.0,7,6.0
6825,1.0,6,7.0
6826,6.0,7,6.0
6827,7.0,6,7.0
6828,6.0,0,6.0
6829,6.0,0,6.0
6830,6.0,0,6.0
6831,6.0,7,6.0
6832,6.0,0,6.0
6833,6.0,7,6.0
6834,6.0,7,6.0
6835,6.0,7,6.0
6836,6.0,0,6.0
6837,6.0,0,6.0
6838,6.0,0,6.0
6839,6.0,0,6.0
6840,6.0,0,6.0
6841,6.0,7,6.0
6842,7.0,6,7.0
6843,6.0,7,6.0
6844,6.0,7,6.0
6845,6.0,7,6.0
6846,6.0,0,6.0
6847,6.0,0,6.0
6848,6.0,7,6.0
6849,6.0,7,6.0
6850,6.0,0,6.0
6851,6.0,0,6.0
6852,6.0,7,6.0
6853,6.0,7,6.0
6854,1.0,6,7.0
6855,6.0,7,6.0
6856,1.0,8,0.0
6857,6.0,0,6.0
6858,6.0,7,6.0
6859,6.0,7,6.0
6860,6.0,7,6.0
6861,6.0,7,6.0
6862,6.0,7,6.0
6863,6.0,7,6.0
6864,1.0,6,7.0
6865,6.0,0,6.0
6866,6.0,7,6.0
6867,6.0,7,6.0
6868,6.0,7,6.0
6869,6.0,0,6.0
6870,6.0,7,6.0
6871,6.0,7,6.0
6872,6.0,0,6.0
6873,6.0,7,6.0
6874,6.0,0,6.0
6875,6.0,0,6.0
6876,6.0,7,6.0
6877,6.0,7,6.0
6878,6.0,7,6.0
6879,6.0,0,6.0
6880,6.0,0,6.0
6881,6.0,0,6.0
6882,6.0,7,6.0
6883,6.0,0,6.0
6884,6.0,7,6.0
6885,6.0,7,6.0
6886,6.0,0,6.0
6887,7.0,6,7.0
6888,6.0,0,6.0
6889,6.0,0,6.0
6890,6.0,0,6.0
6891,6.0,0,6.0
6892,6.0,7,6.0
6893,6.0,0,6.0
6894,6.0,0,6.0
6895,7.0,6,7.0
6896,6.0,7,6.0
6897,6.0,7,6.0
6898,6.0,7,6.0
6899,6.0,7,6.0
6900,6.0,7,6.0
6901,6.0,0,6.0
6902,6.0,7,6.0
6903,6.0,7,6.0
6904,6.0,7,6.0
6905,7.0,6,7.0
6906,6.0,7,6.0
6907,6.0,0,6.0
6908,6.0,0,6.0
6909,6.0,0,6.0
6910,6.0,0,6.0
6911,7.0,6,7.0
6912,6.0,7,6.0
6913,6.0,7,6.0
6914,6.0,7,6.0
6915,6.0,7,6.0
6916,6.0,7,6.0
6917,6.0,7,6.0
6918,6.0,0,6.0
6919,6.0,7,6.0
6920,1.0,5,4.0
6921,6.0,0,6.0
6922,6.0,1,3.0
6923,6.0,7,6.0
6924,6.0,7,6.0
6925,6.0,0,6.0
6926,6.0,0,6.0
6927,6.0,7,6.0
6928,6.0,7,6.0
6929,6.0,7,6.0
6930,6.0,0,6.0
6931,6.0,7,6.0
6932,6.0,7,6.0
6933,6.0,0,6.0
6934,6.0,0,6.0
6935,6.0,7,6.0
6936,6.0,0,6.0
6937,6.0,7,6.0
6938,6.0,7,6.0
6939,6.0,0,6.0
6940,6.0,7,6.0
6941,6.0,0,6.0
6942,6.0,0,6.0
6943,6.0,7,6.0
6944,6.0,7,6.0
6945,6.0,7,6.0
6946,6.0,7,6.0
6947,6.0,7,6.0
6948,6.0,7,6.0
6949,6.0,0,6.0
6950,6.0,7,6.0
6951,6.0,0,6.0
6952,6.0,7,6.0
6953,6.0,7,6.0
6954,6.0,7,6.0
6955,6.0,7,6.0
6956,6.0,7,6.0
6957,6.0,0,6.0
6958,6.0,7,6.0
6959,6.0,7,6.0
6960,6.0,7,6.0
6961,6.0,7,6.0
6962,6.0,0,6.0
6963,6.0,7,6.0
6964,6.0,7,6.0
6965,6.0,0,6.0
6966,6.0,0,6.0
6967,6.0,7,6.0
6968,6.0,7,6.0
6969,6.0,0,6.0
6970,6.0,0,6.0
6971,6.0,0,6.0
6972,6.0,0,6.0
6973,6.0,0,6.0
6974,6.0,7,6.0
6975,6.0,0,6.0
6976,6.0,7,6.0
6977,6.0,7,6.0
6978,6.0,7,6.0
6979,6.0,7,6.0
6980,6.0,0,6.0
6981,6.0,0,6.0
6982,6.0,0,6.0
6983,1.0,1,3.0
6984,6.0,7,6.0
6985,6.0,0,6.0
6986,6.0,7,6.0
6987,1.0,6,7.0
6988,6.0,7,6.0
6989,6.0,7,6.0
6990,6.0,7,6.0
6991,6.0,7,6.0
6992,7.0,6,7.0
6993,6.0,7,6.0
6994,7.0,6,7.0
6995,7.0,6,7.0
6996,6.0,7,6.0
6997,6.0,7,6.0
6998,6.0,7,6.0
6999,6.0,7,6.0
7000,7.0,6,7.0
7001,6.0,7,6.0
7002,6.0,7,6.0
7003,6.0,7,6.0
7004,6.0,7,6.0
7005,6.0,7,6.0
7006,6.0,7,6.0
7007,6.0,0,6.0
7008,6.0,7,6.0
7009,6.0,7,6.0
7010,6.0,0,6.0
7011,6.0,7,6.0
7012,6.0,7,6.0
7013,6.0,0,6.0
7014,6.0,0,6.0
7015,7.0,6,7.0
7016,6.0,7,6.0
7017,6.0,0,6.0
7018,6.0,7,6.0
7019,6.0,7,6.0
7020,6.0,7,6.0
7021,6.0,7,6.0
7022,7.0,6,7.0
7023,6.0,7,6.0
7024,6.0,7,6.0
7025,6.0,0,6.0
7026,6.0,7,6.0
7027,6.0,7,6.0
7028,6.0,0,6.0
7029,6.0,0,6.0
7030,6.0,0,6.0
7031,6.0,7,6.0
7032,0.0,8,0.0
7033,6.0,7,6.0
7034,6.0,0,6.0
7035,6.0,7,6.0
7036,6.0,0,6.0
7037,6.0,0,6.0
7038,6.0,7,6.0
7039,6.0,0,6.0
7040,6.0,7,6.0
7041,6.0,0,6.0
7042,6.0,7,6.0
7043,6.0,0,6.0
7044,6.0,7,6.0
7045,7.0,6,7.0
7046,6.0,0,6.0
7047,6.0,7,6.0
7048,6.0,0,6.0
7049,6.0,0,6.0
7050,6.0,0,6.0
7051,0.0,8,0.0
7052,6.0,7,6.0
7053,6.0,0,6.0
7054,6.0,7,6.0
7055,6.0,0,6.0
7056,6.0,7,6.0
7057,6.0,0,6.0
7058,6.0,7,6.0
7059,6.0,7,6.0
7060,6.0,7,6.0
7061,6.0,0,6.0
7062,6.0,0,6.0
7063,6.0,7,6.0
7064,6.0,0,6.0
7065,6.0,7,6.0
7066,6.0,0,6.0
7067,6.0,7,6.0
7068,6.0,0,6.0
7069,6.0,0,6.0
7070,6.0,7,6.0
7071,6.0,0,6.0
7072,6.0,7,6.0
7073,6.0,7,6.0
7074,6.0,7,6.0
7075,6.0,7,6.0
7076,6.0,7,6.0
7077,7.0,6,7.0
7078,6.0,7,6.0
7079,6.0,7,6.0
7080,6.0,7,6.0
7081,1.0,6,7.0
7082,6.0,7,6.0
7083,6.0,0,6.0
7084,6.0,0,6.0
7085,6.0,7,6.0
7086,6.0,0,6.0
7087,6.0,7,6.0
7088,6.0,0,6.0
7089,6.0,7,6.0
7090,6.0,0,6.0
7091,6.0,7,6.0
7092,7.0,6,7.0
7093,6.0,7,6.0
7094,6.0,0,6.0
7095,6.0,7,6.0
7096,6.0,7,6.0
7097,6.0,7,6.0
7098,7.0,6,7.0
7099,6.0,0,6.0
7100,6.0,7,6.0
7101,6.0,0,6.0
7102,6.0,7,6.0
7103,6.0,0,6.0
7104,6.0,0,6.0
7105,6.0,7,6.0
7106,6.0,7,6.0
7107,6.0,7,6.0
7108,6.0,7,6.0
7109,6.0,7,6.0
7110,6.0,0,6.0
7111,6.0,7,6.0
7112,6.0,0,6.0
7113,6.0,7,6.0
7114,6.0,7,6.0
7115,6.0,6,7.0
7116,6.0,0,6.0
7117,6.0,7,6.0
7118,6.0,0,6.0
7119,6.0,0,6.0
7120,6.0,7,6.0
7121,6.0,7,6.0
7122,6.0,0,6.0
7123,6.0,0,6.0
7124,6.0,7,6.0
7125,6.0,0,6.0
7126,1.0,8,0.0
7127,6.0,7,6.0
7128,6.0,7,6.0
7129,6.0,7,6.0
7130,6.0,7,6.0
7131,6.0,0,6.0
7132,6.0,7,6.0
7133,6.0,7,6.0
7134,6.0,7,6.0
7135,6.0,0,6.0
7136,6.0,7,6.0
7137,6.0,7,6.0
7138,6.0,7,6.0
7139,6.0,7,6.0
7140,6.0,0,6.0
7141,6.0,7,6.0
7142,6.0,7,6.0
7143,6.0,0,6.0
7144,6.0,7,6.0
7145,6.0,7,6.0
7146,6.0,7,6.0
7147,6.0,7,6.0
7148,6.0,0,6.0
7149,6.0,7,6.0
7150,6.0,7,6.0
7151,6.0,7,6.0
7152,6.0,7,6.0
7153,6.0,0,6.0
7154,6.0,7,6.0
7155,6.0,7,6.0
7156,6.0,7,6.0
7157,6.0,7,6.0
7158,6.0,0,6.0
7159,6.0,0,6.0
7160,6.0,7,6.0
7161,6.0,7,6.0
7162,6.0,7,6.0
7163,6.0,0,6.0
7164,6.0,7,6.0
7165,6.0,7,6.0
7166,6.0,0,6.0
7167,6.0,0,6.0
7168,6.0,7,6.0
7169,6.0,0,6.0
7170,6.0,7,6.0
7171,6.0,0,6.0
7172,6.0,7,6.0
7173,6.0,7,6.0
7174,6.0,7,6.0
7175,6.0,0,6.0
7176,6.0,0,6.0
7177,6.0,7,6.0
7178,6.0,7,6.0
7179,6.0,7,6.0
7180,6.0,7,6.0
7181,6.0,0,6.0
7182,6.0,0,6.0
7183,6.0,0,6.0
7184,6.0,7,6.0
7185,6.0,7,6.0
7186,6.0,7,6.0
7187,6.0,7,6.0
7188,6.0,7,6.0
7189,6.0,0,6.0
7190,6.0,0,6.0
7191,6.0,0,6.0
7192,6.0,7,6.0
7193,6.0,0,6.0
7194,6.0,7,6.0
7195,7.0,6,7.0
7196,6.0,0,6.0
7197,6.0,0,6.0
7198,7.0,6,7.0
7199,6.0,7,6.0
7200,6.0,0,6.0
7201,6.0,7,6.0
7202,6.0,0,6.0
7203,6.0,7,6.0
7204,6.0,7,6.0
7205,6.0,7,6.0
7206,6.0,7,6.0
7207,6.0,7,6.0
7208,6.0,7,6.0
7209,6.0,7,6.0
7210,6.0,7,6.0
7211,6.0,0,6.0
7212,6.0,0,6.0
7213,6.0,0,6.0
7214,6.0,0,6.0
7215,6.0,7,6.0
7216,6.0,7,6.0
7217,6.0,7,6.0
7218,6.0,0,6.0
7219,1.0,8,0.0
7220,6.0,0,6.0
7221,6.0,7,6.0
7222,6.0,7,6.0
7223,7.0,6,7.0
7224,6.0,0,6.0
7225,6.0,7,6.0
7226,6.0,7,6.0
7227,6.0,0,6.0
7228,6.0,0,6.0
7229,6.0,0,6.0
7230,6.0,0,6.0
7231,6.0,0,6.0
7232,6.0,0,6.0
7233,6.0,7,6.0
7234,1.0,6,7.0
7235,6.0,0,6.0
7236,6.0,0,6.0
7237,6.0,7,6.0
7238,6.0,7,6.0
7239,6.0,0,6.0
7240,6.0,7,6.0
7241,6.0,7,6.0
7242,6.0,0,6.0
7243,6.0,7,6.0
7244,6.0,0,6.0
7245,7.0,6,7.0
7246,6.0,7,6.0
7247,6.0,0,6.0
7248,6.0,7,6.0
7249,6.0,7,6.0
7250,6.0,7,6.0
7251,6.0,7,6.0
7252,6.0,7,6.0
7253,6.0,7,6.0
7254,6.0,7,6.0
7255,6.0,0,6.0
7256,6.0,0,6.0
7257,6.0,0,6.0
7258,6.0,0,6.0
7259,6.0,0,6.0
7260,6.0,7,6.0
7261,6.0,0,6.0
7262,6.0,0,6.0
7263,6.0,0,6.0
7264,6.0,7,6.0
7265,6.0,7,6.0
7266,6.0,0,6.0
7267,6.0,7,6.0
7268,7.0,6,7.0
7269,6.0,7,6.0
7270,6.0,7,6.0
7271,1.0,8,0.0
7272,6.0,0,6.0
7273,6.0,0,6.0
7274,7.0,6,7.0
7275,6.0,0,6.0
7276,6.0,0,6.0
7277,6.0,7,6.0
7278,6.0,7,6.0
7279,7.0,6,7.0
7280,6.0,7,6.0
7281,6.0,7,6.0
7282,6.0,0,6.0
7283,6.0,7,6.0
7284,6.0,7,6.0
7285,6.0,7,6.0
7286,6.0,0,6.0
7287,6.0,7,6.0
7288,6.0,0,6.0
7289,6.0,0,6.0
7290,6.0,0,6.0
7291,6.0,7,6.0
7292,6.0,7,6.0
7293,6.0,7,6.0
7294,6.0,0,6.0
7295,6.0,0,6.0
7296,6.0,7,6.0
7297,6.0,0,6.0
7298,7.0,6,7.0
7299,6.0,7,6.0
7300,6.0,7,6.0
7301,6.0,0,6.0
7302,6.0,7,6.0
7303,6.0,0,6.0
7304,6.0,0,6.0
7305,6.0,7,6.0
7306,6.0,0,6.0
7307,6.0,7,6.0
7308,6.0,7,6.0
7309,6.0,7,6.0
7310,6.0,7,6.0
7311,6.0,7,6.0
7312,6.0,0,6.0
7313,6.0,0,6.0
7314,6.0,7,6.0
7315,0.0,8,0.0
7316,6.0,7,6.0
7317,6.0,7,6.0
7318,6.0,0,6.0
7319,6.0,0,6.0
7320,6.0,7,6.0
7321,6.0,7,6.0
7322,6.0,7,6.0
7323,6.0,0,6.0
7324,6.0,0,6.0
7325,6.0,7,6.0
7326,6.0,0,6.0
7327,6.0,0,6.0
7328,6.0,0,6.0
7329,6.0,0,6.0
7330,6.0,0,6.0
7331,0.0,8,0.0
7332,6.0,7,6.0
7333,6.0,0,6.0
7334,6.0,7,6.0
7335,6.0,7,6.0
7336,6.0,7,6.0
7337,6.0,0,6.0
7338,6.0,0,6.0
7339,6.0,7,6.0
7340,6.0,0,6.0
7341,6.0,7,6.0
7342,6.0,7,6.0
7343,6.0,7,6.0
7344,6.0,7,6.0
7345,6.0,0,6.0
7346,6.0,0,6.0
7347,6.0,0,6.0
7348,6.0,0,6.0
7349,6.0,0,6.0
7350,7.0,6,7.0
7351,6.0,0,6.0
7352,6.0,0,6.0
7353,6.0,7,6.0
7354,6.0,0,6.0
7355,1.0,5,4.0
7356,6.0,7,6.0
7357,6.0,7,6.0
7358,6.0,7,6.0
7359,6.0,7,6.0
7360,6.0,7,6.0
7361,6.0,7,6.0
7362,6.0,7,6.0
7363,6.0,0,6.0
7364,6.0,7,6.0
7365,6.0,7,6.0
7366,1.0,6,7.0
7367,6.0,7,6.0
7368,6.0,7,6.0
7369,6.0,0,6.0
7370,6.0,7,6.0
7371,6.0,0,6.0
7372,6.0,0,6.0
7373,6.0,7,6.0
7374,6.0,7,6.0
7375,6.0,7,6.0
7376,6.0,7,6.0
7377,6.0,7,6.0
7378,6.0,7,6.0
7379,6.0,7,6.0
7380,6.0,0,6.0
7381,7.0,6,7.0
7382,6.0,0,6.0
7383,6.0,0,6.0
7384,6.0,7,6.0
7385,6.0,7,6.0
7386,7.0,6,7.0
7387,6.0,7,6.0
7388,6.0,0,6.0
7389,6.0,0,6.0
7390,7.0,6,7.0
7391,6.0,7,6.0
7392,6.0,0,6.0
7393,6.0,7,6.0
7394,6.0,0,6.0
7395,6.0,7,6.0
7396,6.0,0,6.0
7397,6.0,7,6.0
7398,6.0,7,6.0
7399,6.0,7,6.0
7400,6.0,7,6.0
7401,6.0,0,6.0
7402,6.0,7,6.0
7403,6.0,7,6.0
7404,6.0,7,6.0
7405,6.0,0,6.0
7406,6.0,7,6.0
7407,6.0,0,6.0
7408,6.0,7,6.0
7409,6.0,0,6.0
7410,6.0,0,6.0
7411,6.0,0,6.0
7412,6.0,7,6.0
7413,6.0,0,6.0
7414,6.0,0,6.0
7415,6.0,0,6.0
7416,6.0,7,6.0
7417,6.0,7,6.0
7418,6.0,0,6.0
7419,6.0,0,6.0
7420,6.0,7,6.0
7421,6.0,0,6.0
7422,6.0,0,6.0
7423,6.0,7,6.0
7424,6.0,0,6.0
7425,7.0,6,7.0
7426,6.0,0,6.0
7427,1.0,6,7.0
7428,6.0,7,6.0
7429,6.0,7,6.0
7430,6.0,0,6.0
7431,6.0,7,6.0
7432,6.0,7,6.0
7433,6.0,0,6.0
7434,6.0,0,6.0
7435,6.0,0,6.0
7436,6.0,0,6.0
7437,6.0,0,6.0
7438,6.0,7,6.0
7439,7.0,6,7.0
7440,6.0,7,6.0
7441,6.0,0,6.0
7442,6.0,0,6.0
7443,1.0,1,3.0
7444,7.0,6,7.0
7445,7.0,6,7.0
7446,6.0,7,6.0
7447,6.0,0,6.0
7448,6.0,0,6.0
7449,6.0,0,6.0
7450,6.0,7,6.0
7451,6.0,7,6.0
7452,6.0,0,6.0
7453,6.0,7,6.0
7454,6.0,0,6.0
7455,6.0,7,6.0
7456,6.0,7,6.0
7457,0.0,8,0.0
7458,6.0,7,6.0
7459,6.0,0,6.0
7460,6.0,7,6.0
7461,6.0,7,6.0
7462,6.0,7,6.0
7463,6.0,7,6.0
7464,6.0,0,6.0
7465,6.0,0,6.0
7466,6.0,0,6.0
7467,6.0,0,6.0
7468,6.0,0,6.0
7469,6.0,7,6.0
7470,6.0,7,6.0
7471,6.0,0,6.0
7472,6.0,7,6.0
7473,6.0,7,6.0
7474,6.0,7,6.0
7475,6.0,0,6.0
7476,6.0,7,6.0
7477,6.0,7,6.0
7478,6.0,0,6.0
7479,7.0,6,7.0
7480,6.0,0,6.0
7481,6.0,0,6.0
7482,6.0,0,6.0
7483,6.0,0,6.0
7484,6.0,0,6.0
7485,6.0,0,6.0
7486,6.0,0,6.0
7487,6.0,0,6.0
7488,6.0,7,6.0
7489,6.0,0,6.0
7490,6.0,7,6.0
7491,6.0,0,6.0
7492,6.0,7,6.0
7493,6.0,7,6.0
7494,6.0,7,6.0
7495,6.0,7,6.0
7496,6.0,0,6.0
7497,6.0,7,6.0
7498,6.0,7,6.0
7499,6.0,7,6.0
7500,6.0,0,6.0
7501,6.0,7,6.0
7502,6.0,7,6.0
7503,6.0,7,6.0
7504,6.0,7,6.0
7505,6.0,0,6.0
7506,6.0,7,6.0
7507,6.0,7,6.0
7508,6.0,0,6.0
7509,6.0,7,6.0
7510,6.0,0,6.0
7511,6.0,0,6.0
7512,6.0,0,6.0
7513,6.0,0,6.0
7514,6.0,7,6.0
7515,6.0,7,6.0
7516,6.0,7,6.0
7517,6.0,0,6.0
7518,6.0,7,6.0
7519,6.0,7,6.0
7520,6.0,0,6.0
7521,6.0,0,6.0
7522,6.0,7,6.0
7523,6.0,0,6.0
7524,6.0,7,6.0
7525,6.0,7,6.0
7526,6.0,7,6.0
7527,1.0,7,6.0
7528,6.0,0,6.0
7529,6.0,0,6.0
7530,6.0,7,6.0
7531,6.0,7,6.0
7532,6.0,0,6.0
7533,6.0,0,6.0
7534,6.0,0,6.0
7535,6.0,7,6.0
7536,6.0,0,6.0
7537,6.0,7,6.0
7538,6.0,7,6.0
7539,6.0,7,6.0
7540,1.0,6,7.0
7541,6.0,7,6.0
7542,6.0,0,6.0
7543,6.0,7,6.0
7544,6.0,7,6.0
7545,6.0,0,6.0
7546,6.0,7,6.0
7547,6.0,0,6.0
7548,6.0,7,6.0
7549,6.0,7,6.0
7550,7.0,6,7.0
7551,6.0,7,6.0
7552,6.0,7,6.0
7553,6.0,7,6.0
7554,6.0,7,6.0
7555,6.0,7,6.0
7556,7.0,6,7.0
7557,6.0,7,6.0
7558,6.0,7,6.0
7559,6.0,7,6.0
7560,6.0,7,6.0
7561,6.0,7,6.0
7562,6.0,7,6.0
7563,6.0,0,6.0
7564,6.0,0,6.0
7565,6.0,0,6.0
7566,6.0,0,6.0
7567,6.0,7,6.0
7568,6.0,7,6.0
7569,6.0,7,6.0
7570,6.0,7,6.0
7571,7.0,6,7.0
7572,6.0,0,6.0
7573,6.0,7,6.0
7574,6.0,0,6.0
7575,6.0,0,6.0
7576,6.0,0,6.0
7577,6.0,0,6.0
7578,6.0,0,6.0
7579,6.0,7,6.0
7580,6.0,7,6.0
7581,6.0,7,6.0
7582,6.0,0,6.0
7583,6.0,7,6.0
7584,6.0,7,6.0
7585,1.0,6,7.0
7586,6.0,0,6.0
7587,6.0,7,6.0
7588,6.0,7,6.0
7589,6.0,7,6.0
7590,6.0,7,6.0
7591,6.0,7,6.0
7592,6.0,7,6.0
7593,6.0,0,6.0
7594,1.0,6,7.0
7595,6.0,7,6.0
7596,6.0,0,6.0
7597,6.0,0,6.0
7598,6.0,7,6.0
7599,6.0,7,6.0
7600,6.0,7,6.0
7601,6.0,7,6.0
7602,6.0,7,6.0
7603,6.0,0,6.0
7604,6.0,0,6.0
7605,6.0,7,6.0
7606,6.0,7,6.0
7607,1.0,8,0.0
7608,6.0,0,6.0
7609,6.0,7,6.0
7610,6.0,7,6.0
7611,6.0,0,6.0
7612,6.0,7,6.0
7613,6.0,0,6.0
7614,6.0,0,6.0
7615,6.0,0,6.0
7616,6.0,7,6.0
7617,6.0,7,6.0
7618,6.0,0,6.0
7619,6.0,0,6.0
7620,6.0,0,6.0
7621,6.0,0,6.0
7622,6.0,7,6.0
7623,6.0,7,6.0
7624,6.0,0,6.0
7625,6.0,7,6.0
7626,6.0,0,6.0
7627,6.0,7,6.0
7628,6.0,7,6.0
7629,6.0,0,6.0
7630,6.0,7,6.0
7631,0.0,3,2.0
7632,6.0,7,6.0
7633,6.0,7,6.0
7634,6.0,7,6.0
7635,6.0,0,6.0
7636,6.0,7,6.0
7637,6.0,7,6.0
7638,6.0,0,6.0
7639,6.0,0,6.0
7640,7.0,6,7.0
7641,6.0,0,6.0
7642,6.0,7,6.0
7643,6.0,7,6.0
7644,6.0,0,6.0
7645,6.0,7,6.0
7646,6.0,7,6.0
7647,6.0,7,6.0
7648,6.0,0,6.0
7649,6.0,0,6.0
7650,6.0,7,6.0
7651,6.0,0,6.0
7652,6.0,7,6.0
7653,6.0,7,6.0
7654,6.0,0,6.0
7655,6.0,7,6.0
7656,6.0,7,6.0
7657,6.0,0,6.0
7658,6.0,0,6.0
7659,6.0,0,6.0
7660,6.0,7,6.0
7661,6.0,7,6.0
7662,6.0,0,6.0
7663,6.0,7,6.0
7664,6.0,0,6.0
7665,6.0,0,6.0
7666,6.0,0,6.0
7667,6.0,7,6.0
7668,6.0,7,6.0
7669,6.0,0,6.0
7670,6.0,0,6.0
7671,6.0,7,6.0
7672,6.0,0,6.0
7673,6.0,7,6.0
7674,6.0,7,6.0
7675,6.0,0,6.0
7676,6.0,0,6.0
7677,6.0,7,6.0
7678,6.0,7,6.0
7679,6.0,0,6.0
7680,6.0,7,6.0
7681,6.0,0,6.0
7682,6.0,0,6.0
7683,6.0,0,6.0
7684,6.0,0,6.0
7685,6.0,7,6.0
7686,6.0,7,6.0
7687,6.0,0,6.0
7688,6.0,7,6.0
7689,6.0,7,6.0
7690,6.0,7,6.0
7691,6.0,7,6.0
7692,6.0,0,6.0
7693,6.0,7,6.0
7694,6.0,7,6.0
7695,6.0,7,6.0
7696,7.0,6,7.0
7697,6.0,7,6.0
7698,6.0,7,6.0
7699,6.0,0,6.0
7700,6.0,0,6.0
7701,6.0,0,6.0
7702,6.0,0,6.0
7703,6.0,7,6.0
7704,7.0,6,7.0
7705,6.0,7,6.0
7706,6.0,7,6.0
7707,6.0,0,6.0
7708,6.0,7,6.0
7709,6.0,0,6.0
7710,6.0,7,6.0
7711,6.0,0,6.0
7712,6.0,7,6.0
7713,6.0,7,6.0
7714,6.0,0,6.0
7715,6.0,0,6.0
7716,6.0,0,6.0
7717,6.0,7,6.0
7718,6.0,7,6.0
7719,6.0,7,6.0
7720,6.0,7,6.0
7721,6.0,0,6.0
7722,6.0,0,6.0
7723,6.0,0,6.0
7724,6.0,7,6.0
7725,6.0,7,6.0
7726,7.0,6,7.0
7727,0.0,8,0.0
7728,6.0,0,6.0
7729,6.0,7,6.0
7730,6.0,7,6.0
7731,6.0,7,6.0
7732,6.0,7,6.0
7733,6.0,0,6.0
7734,7.0,6,7.0
7735,6.0,0,6.0
7736,6.0,7,6.0
7737,6.0,7,6.0
7738,6.0,7,6.0
7739,6.0,7,6.0
7740,6.0,7,6.0
7741,6.0,7,6.0
7742,6.0,0,6.0
7743,6.0,7,6.0
7744,6.0,0,6.0
7745,6.0,0,6.0
7746,6.0,0,6.0
7747,6.0,7,6.0
7748,6.0,0,6.0
7749,6.0,0,6.0
7750,6.0,7,6.0
7751,6.0,0,6.0
7752,6.0,0,6.0
7753,6.0,7,6.0
7754,6.0,7,6.0
7755,6.0,7,6.0
7756,6.0,7,6.0
7757,6.0,7,6.0
7758,6.0,0,6.0
7759,6.0,7,6.0
7760,6.0,0,6.0
7761,6.0,0,6.0
7762,6.0,7,6.0
7763,6.0,7,6.0
7764,6.0,7,6.0
7765,6.0,7,6.0
7766,6.0,7,6.0
7767,6.0,0,6.0
7768,6.0,7,6.0
7769,6.0,0,6.0
7770,6.0,7,6.0
7771,6.0,7,6.0
7772,6.0,0,6.0
7773,6.0,0,6.0
7774,6.0,7,6.0
7775,6.0,7,6.0
7776,6.0,7,6.0
7777,6.0,0,6.0
7778,6.0,0,6.0
7779,6.0,7,6.0
7780,6.0,7,6.0
7781,6.0,0,6.0
7782,6.0,0,6.0
7783,6.0,7,6.0
7784,6.0,7,6.0
7785,6.0,0,6.0
7786,6.0,0,6.0
7787,6.0,0,6.0
7788,6.0,7,6.0
7789,6.0,7,6.0
7790,6.0,7,6.0
7791,6.0,7,6.0
7792,6.0,7,6.0
7793,6.0,0,6.0
7794,6.0,0,6.0
7795,6.0,0,6.0
7796,6.0,0,6.0
7797,1.0,8,0.0
7798,6.0,0,6.0
7799,6.0,7,6.0
7800,6.0,7,6.0
7801,6.0,0,6.0
7802,6.0,7,6.0
7803,6.0,0,6.0
7804,7.0,6,7.0
7805,6.0,7,6.0
7806,6.0,0,6.0
7807,7.0,6,7.0
7808,6.0,0,6.0
7809,6.0,7,6.0
7810,6.0,7,6.0
7811,6.0,0,6.0
7812,1.0,8,0.0
7813,6.0,0,6.0
7814,6.0,7,6.0
7815,6.0,7,6.0
7816,6.0,0,6.0
7817,6.0,7,6.0
7818,6.0,0,6.0
7819,6.0,7,6.0
7820,6.0,7,6.0
7821,6.0,7,6.0
7822,6.0,7,6.0
7823,6.0,7,6.0
7824,6.0,7,6.0
7825,6.0,7,6.0
7826,6.0,7,6.0
7827,6.0,7,6.0
7828,6.0,7,6.0
7829,6.0,7,6.0
7830,6.0,0,6.0
7831,1.0,6,7.0
7832,6.0,7,6.0
7833,6.0,0,6.0
7834,6.0,7,6.0
7835,6.0,0,6.0
7836,6.0,7,6.0
7837,6.0,0,6.0
7838,6.0,0,6.0
7839,6.0,0,6.0
7840,6.0,7,6.0
7841,6.0,7,6.0
7842,6.0,0,6.0
7843,6.0,7,6.0
7844,6.0,7,6.0
7845,6.0,0,6.0
7846,6.0,7,6.0
7847,6.0,0,6.0
7848,6.0,0,6.0
7849,6.0,7,6.0
7850,6.0,7,6.0
7851,1.0,6,7.0
7852,6.0,7,6.0
7853,6.0,0,6.0
7854,6.0,7,6.0
7855,6.0,7,6.0
7856,6.0,0,6.0
7857,6.0,7,6.0
7858,6.0,0,6.0
7859,6.0,0,6.0
7860,6.0,7,6.0
7861,6.0,0,6.0
7862,6.0,7,6.0
7863,6.0,0,6.0
7864,6.0,7,6.0
7865,6.0,7,6.0
7866,6.0,7,6.0
7867,6.0,0,6.0
7868,6.0,0,6.0
7869,6.0,7,6.0
7870,7.0,6,7.0
7871,6.0,7,6.0
7872,6.0,7,6.0
7873,7.0,6,7.0
7874,6.0,7,6.0
7875,6.0,7,6.0
7876,6.0,7,6.0
7877,6.0,0,6.0
7878,6.0,0,6.0
7879,6.0,0,6.0
7880,6.0,0,6.0
7881,7.0,6,7.0
7882,6.0,7,6.0
7883,6.0,7,6.0
7884,6.0,7,6.0
7885,6.0,7,6.0
7886,6.0,7,6.0
7887,6.0,7,6.0
7888,6.0,7,6.0
7889,6.0,7,6.0
7890,6.0,0,6.0
7891,6.0,0,6.0
7892,6.0,7,6.0
7893,6.0,7,6.0
7894,6.0,0,6.0
7895,6.0,7,6.0
7896,6.0,7,6.0
7897,6.0,7,6.0
7898,6.0,0,6.0
7899,6.0,7,6.0
7900,6.0,0,6.0
7901,6.0,7,6.0
7902,6.0,7,6.0
7903,6.0,7,6.0
7904,6.0,7,6.0
7905,6.0,7,6.0
7906,6.0,0,6.0
7907,6.0,7,6.0
7908,6.0,7,6.0
7909,6.0,7,6.0
7910,6.0,7,6.0
7911,6.0,0,6.0
7912,6.0,0,6.0
7913,6.0,7,6.0
7914,6.0,7,6.0
7915,1.0,6,7.0
7916,6.0,7,6.0
7917,6.0,0,6.0
7918,6.0,7,6.0
7919,6.0,7,6.0
7920,6.0,7,6.0
7921,6.0,0,6.0
7922,6.0,0,6.0
7923,6.0,7,6.0
7924,6.0,7,6.0
7925,6.0,0,6.0
7926,6.0,7,6.0
7927,6.0,7,6.0
7928,6.0,7,6.0
7929,6.0,7,6.0
7930,6.0,0,6.0
7931,6.0,7,6.0
7932,6.0,0,6.0
7933,6.0,7,6.0
7934,6.0,0,6.0
7935,6.0,0,6.0
7936,6.0,7,6.0
7937,6.0,7,6.0
7938,6.0,7,6.0
7939,7.0,6,7.0
7940,6.0,0,6.0
7941,6.0,7,6.0
7942,6.0,0,6.0
7943,6.0,0,6.0
7944,6.0,0,6.0
7945,7.0,6,7.0
7946,6.0,7,6.0
7947,6.0,7,6.0
7948,6.0,7,6.0
7949,6.0,7,6.0
7950,6.0,7,6.0
7951,6.0,7,6.0
7952,6.0,0,6.0
7953,6.0,7,6.0
7954,6.0,0,6.0
7955,6.0,0,6.0
7956,6.0,7,6.0
7957,6.0,7,6.0
7958,6.0,0,6.0
7959,6.0,0,6.0
7960,6.0,7,6.0
7961,7.0,6,7.0
7962,1.0,8,0.0
7963,0.0,8,0.0
7964,6.0,7,6.0
7965,6.0,0,6.0
7966,6.0,0,6.0
7967,6.0,7,6.0
7968,6.0,7,6.0
7969,1.0,6,7.0
7970,6.0,7,6.0
7971,0.0,8,0.0
7972,6.0,7,6.0
7973,6.0,0,6.0
7974,6.0,7,6.0
7975,6.0,7,6.0
7976,6.0,7,6.0
7977,6.0,0,6.0
7978,6.0,7,6.0
7979,6.0,7,6.0
7980,6.0,7,6.0
7981,6.0,0,6.0
7982,6.0,7,6.0
7983,6.0,0,6.0
7984,6.0,0,6.0
7985,6.0,7,6.0
7986,6.0,7,6.0
7987,6.0,7,6.0
7988,6.0,0,6.0
7989,6.0,7,6.0
7990,6.0,7,6.0
7991,6.0,7,6.0
7992,6.0,0,6.0
7993,6.0,7,6.0
7994,6.0,0,6.0
7995,6.0,7,6.0
7996,6.0,7,6.0
7997,6.0,0,6.0
7998,6.0,7,6.0
7999,6.0,0,6.0
8000,6.0,6,7.0
8001,6.0,0,6.0
8002,6.0,7,6.0
8003,6.0,0,6.0
8004,6.0,0,6.0
8005,6.0,7,6.0
8006,0.0,8,0.0
8007,6.0,7,6.0
8008,6.0,7,6.0
8009,6.0,0,6.0
8010,6.0,7,6.0
8011,6.0,1,3.0
8012,6.0,0,6.0
8013,6.0,7,6.0
8014,6.0,7,6.0
8015,6.0,0,6.0
8016,6.0,0,6.0
8017,6.0,0,6.0
8018,6.0,7,6.0
8019,6.0,0,6.0
8020,6.0,7,6.0
8021,6.0,7,6.0
8022,6.0,7,6.0
8023,6.0,7,6.0
8024,6.0,7,6.0
8025,6.0,0,6.0
8026,6.0,0,6.0
8027,7.0,6,7.0
8028,6.0,7,6.0
8029,6.0,0,6.0
8030,6.0,0,6.0
8031,6.0,0,6.0
8032,6.0,0,6.0
8033,6.0,7,6.0
8034,6.0,7,6.0
8035,6.0,0,6.0
8036,7.0,6,7.0
8037,6.0,0,6.0
8038,6.0,7,6.0
8039,6.0,0,6.0
8040,6.0,7,6.0
8041,6.0,7,6.0
8042,6.0,0,6.0
8043,1.0,8,0.0
8044,6.0,7,6.0
8045,7.0,6,7.0
8046,6.0,7,6.0
8047,6.0,0,6.0
8048,6.0,7,6.0
8049,7.0,6,7.0
8050,0.0,8,0.0
8051,6.0,7,6.0
8052,6.0,0,6.0
8053,6.0,0,6.0
8054,6.0,0,6.0
8055,6.0,0,6.0
8056,6.0,7,6.0
8057,6.0,7,6.0
8058,0.0,8,0.0
8059,6.0,7,6.0
8060,6.0,0,6.0
8061,6.0,7,6.0
8062,6.0,7,6.0
8063,6.0,0,6.0
8064,6.0,7,6.0
8065,6.0,0,6.0
8066,6.0,7,6.0
8067,6.0,7,6.0
8068,6.0,0,6.0
8069,6.0,7,6.0
8070,1.0,6,7.0
8071,6.0,0,6.0
8072,6.0,7,6.0
8073,6.0,0,6.0
8074,6.0,0,6.0
8075,6.0,0,6.0
8076,6.0,7,6.0
8077,6.0,7,6.0
8078,6.0,0,6.0
8079,6.0,7,6.0
8080,1.0,8,0.0
8081,6.0,7,6.0
8082,6.0,7,6.0
8083,6.0,7,6.0
8084,6.0,0,6.0
8085,6.0,0,6.0
8086,6.0,0,6.0
8087,6.0,0,6.0
8088,6.0,0,6.0
8089,2.0,7,6.0
8090,6.0,7,6.0
8091,6.0,7,6.0
8092,6.0,7,6.0
8093,6.0,0,6.0
8094,6.0,7,6.0
8095,6.0,0,6.0
8096,6.0,0,6.0
8097,6.0,7,6.0
8098,6.0,0,6.0
8099,6.0,7,6.0
8100,6.0,0,6.0
8101,6.0,7,6.0
8102,6.0,0,6.0
8103,6.0,0,6.0
8104,6.0,7,6.0
8105,6.0,0,6.0
8106,6.0,7,6.0
8107,6.0,0,6.0
8108,1.0,6,7.0
8109,6.0,0,6.0
8110,6.0,0,6.0
8111,6.0,7,6.0
8112,7.0,6,7.0
8113,6.0,7,6.0
8114,6.0,7,6.0
8115,6.0,0,6.0
8116,6.0,0,6.0
8117,7.0,6,7.0
8118,6.0,7,6.0
8119,6.0,7,6.0
8120,6.0,0,6.0
8121,6.0,7,6.0
8122,6.0,7,6.0
8123,6.0,0,6.0
8124,6.0,7,6.0
8125,6.0,0,6.0
8126,6.0,0,6.0
8127,6.0,7,6.0
8128,7.0,6,7.0
8129,6.0,0,6.0
8130,6.0,7,6.0
8131,6.0,0,6.0
8132,6.0,0,6.0
8133,6.0,0,6.0
8134,6.0,0,6.0
8135,7.0,7,6.0
8136,6.0,7,6.0
8137,6.0,0,6.0
8138,6.0,0,6.0
8139,6.0,0,6.0
8140,6.0,7,6.0
8141,6.0,0,6.0
8142,6.0,0,6.0
8143,6.0,7,6.0
8144,7.0,6,7.0
8145,6.0,7,6.0
8146,6.0,7,6.0
8147,6.0,7,6.0
8148,6.0,7,6.0
8149,7.0,6,7.0
8150,6.0,7,6.0
8151,1.0,6,7.0
8152,6.0,7,6.0
8153,6.0,7,6.0
8154,6.0,7,6.0
8155,6.0,7,6.0
8156,6.0,7,6.0
8157,6.0,7,6.0
8158,6.0,7,6.0
8159,6.0,7,6.0
8160,6.0,0,6.0
8161,6.0,0,6.0
8162,6.0,7,6.0
8163,6.0,0,6.0
8164,6.0,0,6.0
8165,6.0,7,6.0
8166,1.0,1,3.0
8167,6.0,7,6.0
8168,6.0,0,6.0
8169,6.0,7,6.0
8170,6.0,0,6.0
8171,6.0,7,6.0
8172,6.0,7,6.0
8173,6.0,7,6.0
8174,6.0,7,6.0
8175,6.0,7,6.0
8176,6.0,7,6.0
8177,6.0,0,6.0
8178,6.0,7,6.0
8179,6.0,7,6.0
8180,6.0,7,6.0
8181,6.0,7,6.0
8182,6.0,7,6.0
8183,6.0,7,6.0
8184,1.0,6,7.0
8185,1.0,6,7.0
8186,6.0,7,6.0
8187,6.0,0,6.0
8188,6.0,7,6.0
8189,6.0,7,6.0
8190,6.0,7,6.0
8191,6.0,0,6.0
8192,6.0,0,6.0
8193,6.0,0,6.0
8194,6.0,0,6.0
8195,6.0,7,6.0
8196,6.0,0,6.0
8197,6.0,7,6.0
8198,6.0,0,6.0
8199,6.0,7,6.0
8200,6.0,7,6.0
8201,1.0,6,7.0
8202,6.0,7,6.0
8203,6.0,7,6.0
8204,6.0,7,6.0
8205,6.0,0,6.0
8206,6.0,0,6.0
8207,6.0,7,6.0
8208,6.0,7,6.0
8209,6.0,0,6.0
8210,6.0,0,6.0
8211,7.0,6,7.0
8212,6.0,0,6.0
8213,6.0,7,6.0
8214,6.0,0,6.0
8215,6.0,7,6.0
8216,6.0,7,6.0
8217,6.0,0,6.0
8218,6.0,7,6.0
8219,6.0,7,6.0
8220,6.0,0,6.0
8221,6.0,7,6.0
8222,6.0,0,6.0
8223,3.0,1,3.0
8224,6.0,7,6.0
8225,6.0,7,6.0
8226,6.0,0,6.0
8227,6.0,0,6.0
8228,6.0,0,6.0
8229,6.0,0,6.0
8230,6.0,0,6.0
8231,6.0,7,6.0
8232,6.0,7,6.0
8233,6.0,0,6.0
8234,6.0,7,6.0
8235,6.0,0,6.0
8236,6.0,7,6.0
8237,6.0,0,6.0
8238,6.0,7,6.0
8239,6.0,7,6.0
8240,6.0,0,6.0
8241,6.0,7,6.0
8242,6.0,0,6.0
8243,6.0,7,6.0
8244,6.0,7,6.0
8245,6.0,0,6.0
8246,6.0,7,6.0
8247,6.0,7,6.0
8248,6.0,0,6.0
8249,6.0,7,6.0
8250,6.0,7,6.0
8251,6.0,7,6.0
8252,6.0,7,6.0
8253,6.0,7,6.0
8254,6.0,7,6.0
8255,6.0,0,6.0
8256,6.0,0,6.0
8257,6.0,0,6.0
8258,6.0,7,6.0
8259,6.0,7,6.0
8260,6.0,0,6.0
8261,6.0,7,6.0
8262,6.0,7,6.0
8263,6.0,7,6.0
8264,6.0,0,6.0
8265,6.0,7,6.0
8266,6.0,0,6.0
8267,6.0,0,6.0
8268,6.0,0,6.0
8269,6.0,0,6.0
8270,6.0,7,6.0
8271,6.0,0,6.0
8272,6.0,0,6.0
8273,6.0,7,6.0
8274,6.0,0,6.0
8275,6.0,7,6.0
8276,6.0,0,6.0
8277,6.0,0,6.0
8278,6.0,7,6.0
8279,6.0,7,6.0
8280,6.0,7,6.0
8281,6.0,7,6.0
8282,6.0,7,6.0
8283,6.0,0,6.0
8284,6.0,7,6.0
8285,7.0,6,7.0
8286,6.0,7,6.0
8287,6.0,7,6.0
8288,6.0,0,6.0
8289,6.0,0,6.0
8290,6.0,7,6.0
8291,6.0,7,6.0
8292,6.0,7,6.0
8293,6.0,0,6.0
8294,6.0,7,6.0
8295,6.0,7,6.0
8296,6.0,7,6.0
8297,6.0,0,6.0
8298,6.0,7,6.0
8299,6.0,7,6.0
8300,6.0,7,6.0
8301,6.0,7,6.0
8302,7.0,6,7.0
8303,6.0,7,6.0
8304,6.0,0,6.0
8305,6.0,0,6.0
8306,6.0,0,6.0
8307,6.0,7,6.0
8308,6.0,7,6.0
8309,1.0,5,4.0
8310,6.0,7,6.0
8311,6.0,0,6.0
8312,6.0,7,6.0
8313,6.0,7,6.0
8314,6.0,7,6.0
8315,6.0,7,6.0
8316,6.0,7,6.0
8317,6.0,0,6.0
8318,7.0,6,7.0
8319,6.0,7,6.0
8320,6.0,0,6.0
8321,6.0,7,6.0
8322,6.0,7,6.0
8323,6.0,7,6.0
8324,6.0,0,6.0
8325,6.0,7,6.0
8326,6.0,0,6.0
8327,6.0,0,6.0
8328,6.0,0,6.0
8329,6.0,0,6.0
8330,1.0,6,7.0
8331,6.0,7,6.0
8332,6.0,7,6.0
8333,6.0,0,6.0
8334,6.0,0,6.0
8335,6.0,7,6.0
8336,6.0,7,6.0
8337,6.0,0,6.0
8338,6.0,0,6.0
8339,6.0,7,6.0
8340,6.0,7,6.0
8341,6.0,7,6.0
8342,6.0,7,6.0
8343,6.0,0,6.0
8344,6.0,0,6.0
8345,6.0,7,6.0
8346,6.0,0,6.0
8347,6.0,7,6.0
8348,6.0,7,6.0
8349,6.0,7,6.0
8350,6.0,7,6.0
8351,6.0,7,6.0
8352,6.0,0,6.0
8353,6.0,0,6.0
8354,6.0,7,6.0
8355,6.0,0,6.0
8356,6.0,0,6.0
8357,6.0,0,6.0
8358,6.0,7,6.0
8359,1.0,8,0.0
8360,6.0,7,6.0
8361,6.0,0,6.0
8362,6.0,7,6.0
8363,6.0,7,6.0
8364,6.0,0,6.0
8365,6.0,7,6.0
8366,6.0,7,6.0
8367,6.0,7,6.0
8368,6.0,7,6.0
8369,6.0,0,6.0
8370,6.0,0,6.0
8371,6.0,0,6.0
8372,6.0,7,6.0
8373,6.0,0,6.0
8374,6.0,7,6.0
8375,6.0,0,6.0
8376,6.0,7,6.0
8377,6.0,7,6.0
8378,6.0,7,6.0
8379,6.0,7,6.0
8380,6.0,7,6.0
8381,6.0,0,6.0
8382,6.0,7,6.0
8383,6.0,7,6.0
8384,7.0,6,7.0
8385,6.0,0,6.0
8386,6.0,0,6.0
8387,6.0,0,6.0
8388,6.0,7,6.0
8389,6.0,0,6.0
8390,6.0,7,6.0
8391,1.0,2,0.0
8392,6.0,0,6.0
8393,6.0,0,6.0
8394,6.0,7,6.0
8395,6.0,7,6.0
8396,6.0,0,6.0
8397,6.0,0,6.0
8398,6.0,0,6.0
8399,6.0,7,6.0
8400,6.0,7,6.0
8401,6.0,0,6.0
8402,6.0,7,6.0
8403,6.0,7,6.0
8404,6.0,7,6.0
8405,6.0,7,6.0
8406,6.0,0,6.0
8407,7.0,6,7.0
8408,6.0,0,6.0
8409,6.0,0,6.0
8410,6.0,0,6.0
8411,6.0,0,6.0
8412,6.0,7,6.0
8413,6.0,0,6.0
8414,6.0,7,6.0
8415,7.0,6,7.0
8416,6.0,7,6.0
8417,6.0,0,6.0
8418,6.0,0,6.0
8419,6.0,7,6.0
8420,7.0,6,7.0
8421,6.0,7,6.0
8422,6.0,7,6.0
8423,6.0,0,6.0
8424,6.0,7,6.0
8425,6.0,0,6.0
8426,6.0,7,6.0
8427,6.0,0,6.0
8428,6.0,0,6.0
8429,6.0,7,6.0
8430,6.0,7,6.0
8431,6.0,0,6.0
8432,6.0,7,6.0
8433,6.0,0,6.0
8434,6.0,0,6.0
8435,6.0,7,6.0
8436,6.0,0,6.0
8437,6.0,7,6.0
8438,6.0,7,6.0
8439,6.0,7,6.0
8440,6.0,7,6.0
8441,6.0,0,6.0
8442,6.0,7,6.0
8443,6.0,7,6.0
8444,6.0,0,6.0
8445,6.0,0,6.0
8446,6.0,7,6.0
8447,6.0,7,6.0
8448,6.0,7,6.0
8449,6.0,7,6.0
8450,6.0,0,6.0
8451,6.0,7,6.0
8452,7.0,6,7.0
8453,6.0,7,6.0
8454,6.0,7,6.0
8455,6.0,0,6.0
8456,6.0,0,6.0
8457,6.0,0,6.0
8458,6.0,0,6.0
8459,6.0,7,6.0
8460,6.0,0,6.0
8461,6.0,0,6.0
8462,6.0,0,6.0
8463,6.0,0,6.0
8464,6.0,7,6.0
8465,6.0,0,6.0
8466,6.0,0,6.0
8467,6.0,7,6.0
8468,6.0,0,6.0
8469,6.0,7,6.0
8470,6.0,7,6.0
8471,6.0,0,6.0
8472,1.0,8,0.0
8473,6.0,0,6.0
8474,6.0,0,6.0
8475,6.0,7,6.0
8476,6.0,7,6.0
8477,6.0,7,6.0
8478,6.0,6,7.0
8479,6.0,0,6.0
8480,6.0,7,6.0
8481,6.0,0,6.0
8482,6.0,7,6.0
8483,7.0,6,7.0
8484,6.0,0,6.0
8485,6.0,0,6.0
8486,6.0,7,6.0
8487,6.0,0,6.0
8488,6.0,7,6.0
8489,6.0,0,6.0
8490,6.0,0,6.0
8491,6.0,0,6.0
8492,6.0,7,6.0
8493,6.0,0,6.0
8494,6.0,0,6.0
8495,6.0,0,6.0
8496,6.0,0,6.0
8497,6.0,7,6.0
8498,6.0,0,6.0
8499,6.0,0,6.0
8500,7.0,6,7.0
8501,6.0,0,6.0
8502,6.0,0,6.0
8503,2.0,0,6.0
8504,1.0,6,7.0
8505,6.0,0,6.0
8506,6.0,7,6.0
8507,6.0,0,6.0
8508,6.0,7,6.0
8509,6.0,7,6.0
8510,6.0,7,6.0
8511,6.0,7,6.0
8512,6.0,7,6.0
8513,6.0,0,6.0
8514,0.0,8,0.0
8515,6.0,7,6.0
8516,6.0,0,6.0
8517,6.0,0,6.0
8518,0.0,8,0.0
8519,6.0,0,6.0
8520,6.0,7,6.0
8521,7.0,6,7.0
8522,6.0,7,6.0
8523,6.0,7,6.0
8524,6.0,7,6.0
8525,6.0,0,6.0
8526,6.0,7,6.0
8527,6.0,7,6.0
8528,6.0,7,6.0
8529,6.0,7,6.0
8530,6.0,0,6.0
8531,6.0,7,6.0
8532,6.0,0,6.0
8533,6.0,0,6.0
8534,6.0,0,6.0
8535,6.0,0,6.0
8536,6.0,7,6.0
8537,6.0,0,6.0
8538,6.0,0,6.0
8539,6.0,0,6.0
8540,6.0,0,6.0
8541,6.0,7,6.0
8542,6.0,0,6.0
8543,6.0,0,6.0
8544,6.0,0,6.0
8545,6.0,7,6.0
8546,6.0,7,6.0
8547,6.0,0,6.0
8548,6.0,7,6.0
8549,6.0,0,6.0
8550,6.0,7,6.0
8551,6.0,0,6.0
8552,7.0,6,7.0
8553,6.0,7,6.0
8554,6.0,0,6.0
8555,6.0,7,6.0
8556,6.0,7,6.0
8557,7.0,1,3.0
8558,6.0,7,6.0
8559,6.0,0,6.0
8560,6.0,0,6.0
8561,0.0,8,0.0
8562,6.0,7,6.0
8563,6.0,7,6.0
8564,6.0,0,6.0
8565,6.0,7,6.0
8566,6.0,0,6.0
8567,6.0,0,6.0
8568,6.0,7,6.0
8569,6.0,0,6.0
8570,6.0,0,6.0
8571,6.0,0,6.0
8572,6.0,0,6.0
8573,6.0,7,6.0
8574,6.0,0,6.0
8575,6.0,7,6.0
8576,6.0,7,6.0
8577,7.0,6,7.0
8578,6.0,0,6.0
8579,6.0,7,6.0
8580,6.0,7,6.0
8581,6.0,7,6.0
8582,6.0,0,6.0
8583,6.0,0,6.0
8584,1.0,8,0.0
8585,7.0,6,7.0
8586,6.0,7,6.0
8587,6.0,0,6.0
8588,6.0,0,6.0
8589,6.0,7,6.0
8590,6.0,0,6.0
8591,6.0,7,6.0
8592,6.0,7,6.0
8593,6.0,7,6.0
8594,6.0,7,6.0
8595,6.0,7,6.0
8596,6.0,7,6.0
8597,6.0,7,6.0
8598,6.0,7,6.0
8599,6.0,7,6.0
8600,6.0,7,6.0
8601,6.0,0,6.0
8602,6.0,0,6.0
8603,7.0,6,7.0
8604,6.0,7,6.0
8605,6.0,7,6.0
8606,6.0,0,6.0
8607,6.0,7,6.0
8608,6.0,0,6.0
8609,6.0,0,6.0
8610,6.0,7,6.0
8611,6.0,0,6.0
8612,6.0,0,6.0
8613,6.0,7,6.0
8614,6.0,0,6.0
8615,6.0,7,6.0
8616,6.0,0,6.0
8617,6.0,0,6.0
8618,6.0,7,6.0
8619,6.0,7,6.0
8620,6.0,7,6.0
8621,6.0,7,6.0
8622,6.0,7,6.0
8623,7.0,6,7.0
8624,6.0,0,6.0
8625,6.0,7,6.0
8626,6.0,7,6.0
8627,6.0,0,6.0
8628,6.0,0,6.0
8629,6.0,0,6.0
8630,6.0,0,6.0
8631,6.0,7,6.0
8632,6.0,0,6.0
8633,7.0,6,7.0
8634,6.0,7,6.0
8635,6.0,7,6.0
8636,6.0,7,6.0
8637,6.0,7,6.0
8638,6.0,7,6.0
8639,6.0,0,6.0
8640,6.0,7,6.0
8641,6.0,0,6.0
8642,6.0,7,6.0
8643,6.0,0,6.0
8644,6.0,0,6.0
8645,6.0,7,6.0
8646,6.0,7,6.0
8647,6.0,0,6.0
8648,6.0,0,6.0
8649,6.0,7,6.0
8650,6.0,0,6.0
8651,6.0,0,6.0
8652,6.0,0,6.0
8653,6.0,7,6.0
8654,6.0,0,6.0
8655,6.0,7,6.0
8656,7.0,6,7.0
8657,6.0,0,6.0
8658,6.0,0,6.0
8659,6.0,0,6.0
8660,6.0,7,6.0
8661,7.0,6,7.0
8662,6.0,7,6.0
8663,6.0,0,6.0
8664,6.0,0,6.0
8665,6.0,0,6.0
8666,6.0,7,6.0
8667,6.0,0,6.0
8668,6.0,0,6.0
8669,6.0,7,6.0
8670,7.0,6,7.0
8671,6.0,7,6.0
8672,6.0,1,3.0
8673,6.0,0,6.0
8674,6.0,7,6.0
8675,6.0,7,6.0
8676,6.0,0,6.0
8677,6.0,0,6.0
8678,6.0,7,6.0
8679,6.0,7,6.0
8680,1.0,8,0.0
8681,6.0,0,6.0
8682,6.0,7,6.0
8683,6.0,7,6.0
8684,6.0,7,6.0
8685,6.0,7,6.0
8686,6.0,7,6.0
8687,7.0,6,7.0
8688,6.0,7,6.0
8689,6.0,7,6.0
8690,6.0,7,6.0
8691,6.0,0,6.0
8692,6.0,7,6.0
8693,6.0,7,6.0
8694,1.0,6,7.0
8695,6.0,7,6.0
8696,6.0,0,6.0
8697,6.0,0,6.0
8698,6.0,7,6.0
8699,6.0,0,6.0
8700,6.0,0,6.0
8701,6.0,7,6.0
8702,6.0,7,6.0
8703,6.0,7,6.0
8704,6.0,7,6.0
8705,6.0,7,6.0
8706,6.0,7,6.0
8707,6.0,7,6.0
8708,6.0,7,6.0
8709,6.0,7,6.0
8710,6.0,0,6.0
8711,7.0,6,7.0
8712,6.0,0,6.0
8713,6.0,0,6.0
8714,6.0,0,6.0
8715,1.0,6,7.0
8716,6.0,0,6.0
8717,6.0,7,6.0
8718,0.0,8,0.0
8719,6.0,0,6.0
8720,6.0,7,6.0
8721,6.0,7,6.0
8722,6.0,7,6.0
8723,6.0,7,6.0
8724,6.0,0,6.0
8725,6.0,7,6.0
8726,6.0,0,6.0
8727,6.0,0,6.0
8728,6.0,0,6.0
8729,6.0,7,6.0
8730,6.0,7,6.0
8731,6.0,0,6.0
8732,6.0,0,6.0
8733,6.0,0,6.0
8734,6.0,7,6.0
8735,6.0,7,6.0
8736,7.0,6,7.0
8737,6.0,0,6.0
8738,6.0,7,6.0
8739,6.0,0,6.0
8740,6.0,7,6.0
8741,6.0,0,6.0
8742,6.0,7,6.0
8743,6.0,7,6.0
8744,6.0,0,6.0
8745,6.0,0,6.0
8746,6.0,0,6.0
8747,6.0,7,6.0
8748,6.0,7,6.0
8749,6.0,0,6.0
8750,6.0,7,6.0
8751,6.0,0,6.0
8752,6.0,0,6.0
8753,6.0,0,6.0
8754,6.0,0,6.0
8755,6.0,7,6.0
8756,6.0,7,6.0
8757,6.0,0,6.0
8758,1.0,6,7.0
8759,6.0,0,6.0
8760,6.0,7,6.0
8761,6.0,0,6.0
8762,6.0,0,6.0
8763,6.0,0,6.0
8764,6.0,7,6.0
8765,6.0,0,6.0
8766,7.0,6,7.0
8767,6.0,7,6.0
8768,6.0,7,6.0
8769,6.0,0,6.0
8770,6.0,0,6.0
8771,6.0,7,6.0
8772,6.0,0,6.0
8773,6.0,0,6.0
8774,6.0,7,6.0
8775,6.0,0,6.0
8776,6.0,0,6.0
8777,6.0,7,6.0
8778,6.0,0,6.0
8779,6.0,7,6.0
8780,6.0,7,6.0
8781,6.0,0,6.0
8782,6.0,7,6.0
8783,6.0,7,6.0
8784,6.0,0,6.0
8785,6.0,0,6.0
8786,6.0,7,6.0
8787,6.0,0,6.0
8788,6.0,7,6.0
8789,6.0,0,6.0
8790,6.0,0,6.0
8791,6.0,0,6.0
8792,6.0,0,6.0
8793,6.0,7,6.0
8794,1.0,8,0.0
8795,6.0,7,6.0
8796,6.0,7,6.0
8797,6.0,7,6.0
8798,6.0,7,6.0
8799,6.0,0,6.0
8800,6.0,0,6.0
8801,6.0,7,6.0
8802,6.0,7,6.0
8803,6.0,7,6.0
8804,6.0,7,6.0
8805,6.0,7,6.0
8806,6.0,0,6.0
8807,6.0,0,6.0
8808,6.0,0,6.0
8809,6.0,7,6.0
8810,6.0,7,6.0
8811,6.0,0,6.0
8812,6.0,7,6.0
8813,6.0,0,6.0
8814,6.0,7,6.0
8815,6.0,0,6.0
8816,6.0,0,6.0
8817,6.0,7,6.0
8818,6.0,7,6.0
8819,6.0,7,6.0
8820,6.0,7,6.0
8821,6.0,7,6.0
8822,6.0,0,6.0
8823,6.0,7,6.0
8824,6.0,7,6.0
8825,6.0,7,6.0
8826,6.0,0,6.0
8827,0.0,8,0.0
8828,6.0,7,6.0
8829,6.0,7,6.0
8830,6.0,0,6.0
8831,6.0,7,6.0
8832,6.0,7,6.0
8833,6.0,0,6.0
8834,6.0,0,6.0
8835,6.0,0,6.0
8836,6.0,7,6.0
8837,6.0,0,6.0
8838,7.0,6,7.0
8839,6.0,3,2.0
8840,6.0,7,6.0
8841,6.0,0,6.0
8842,6.0,7,6.0
8843,6.0,7,6.0
8844,6.0,7,6.0
8845,6.0,0,6.0
8846,6.0,7,6.0
8847,6.0,7,6.0
8848,6.0,7,6.0
8849,6.0,7,6.0
8850,6.0,7,6.0
8851,6.0,7,6.0
8852,6.0,7,6.0
8853,6.0,7,6.0
8854,6.0,7,6.0
8855,6.0,0,6.0
8856,6.0,7,6.0
8857,6.0,0,6.0
8858,6.0,0,6.0
8859,6.0,7,6.0
8860,6.0,0,6.0
8861,6.0,0,6.0
8862,6.0,0,6.0
8863,6.0,7,6.0
8864,6.0,0,6.0
8865,6.0,7,6.0
8866,6.0,7,6.0
8867,6.0,0,6.0
8868,6.0,7,6.0
8869,7.0,6,7.0
8870,6.0,0,6.0
8871,7.0,6,7.0
8872,6.0,7,6.0
8873,6.0,7,6.0
8874,6.0,0,6.0
8875,6.0,7,6.0
8876,6.0,7,6.0
8877,6.0,0,6.0
8878,6.0,0,6.0
8879,6.0,0,6.0
8880,6.0,7,6.0
8881,6.0,0,6.0
8882,6.0,0,6.0
8883,6.0,7,6.0
8884,6.0,0,6.0
8885,6.0,7,6.0
8886,6.0,0,6.0
8887,6.0,7,6.0
8888,6.0,0,6.0
8889,6.0,7,6.0
8890,6.0,0,6.0
8891,6.0,7,6.0
8892,6.0,7,6.0
8893,6.0,7,6.0
8894,6.0,7,6.0
8895,6.0,7,6.0
8896,6.0,0,6.0
8897,6.0,0,6.0
8898,7.0,6,7.0
8899,6.0,7,6.0
8900,6.0,7,6.0
8901,6.0,7,6.0
8902,6.0,7,6.0
8903,6.0,7,6.0
8904,6.0,7,6.0
8905,6.0,0,6.0
8906,6.0,7,6.0
8907,6.0,0,6.0
8908,6.0,7,6.0
8909,6.0,7,6.0
8910,6.0,0,6.0
8911,6.0,7,6.0
8912,6.0,0,6.0
8913,6.0,7,6.0
8914,6.0,7,6.0
8915,6.0,7,6.0
8916,6.0,0,6.0
8917,6.0,0,6.0
8918,6.0,7,6.0
8919,6.0,7,6.0
8920,7.0,6,7.0
8921,6.0,0,6.0
8922,6.0,0,6.0
8923,6.0,0,6.0
8924,6.0,0,6.0
8925,6.0,0,6.0
8926,6.0,0,6.0
8927,6.0,7,6.0
8928,7.0,6,7.0
8929,7.0,6,7.0
8930,6.0,7,6.0
8931,6.0,0,6.0
8932,6.0,0,6.0
8933,6.0,7,6.0
8934,6.0,0,6.0
8935,6.0,7,6.0
8936,6.0,7,6.0
8937,6.0,0,6.0
8938,7.0,6,7.0
8939,6.0,0,6.0
8940,6.0,7,6.0
8941,6.0,0,6.0
8942,6.0,7,6.0
8943,6.0,0,6.0
8944,6.0,7,6.0
8945,6.0,7,6.0
8946,6.0,0,6.0
8947,6.0,0,6.0
8948,6.0,7,6.0
8949,7.0,6,7.0
8950,6.0,7,6.0
8951,6.0,7,6.0
8952,6.0,0,6.0
8953,6.0,7,6.0
8954,6.0,0,6.0
8955,1.0,6,7.0
8956,6.0,0,6.0
8957,6.0,7,6.0
8958,6.0,7,6.0
8959,6.0,7,6.0
8960,6.0,7,6.0
8961,6.0,7,6.0
8962,6.0,7,6.0
8963,6.0,7,6.0
8964,7.0,6,7.0
8965,6.0,0,6.0
8966,6.0,0,6.0
8967,6.0,7,6.0
8968,6.0,7,6.0
8969,6.0,7,6.0
8970,6.0,0,6.0
8971,6.0,0,6.0
8972,6.0,0,6.0
8973,6.0,0,6.0
8974,6.0,7,6.0
8975,6.0,7,6.0
8976,6.0,7,6.0
8977,6.0,0,6.0
8978,6.0,7,6.0
8979,6.0,0,6.0
8980,6.0,7,6.0
8981,6.0,0,6.0
8982,6.0,7,6.0
8983,6.0,7,6.0
8984,6.0,0,6.0
8985,6.0,7,6.0
8986,6.0,7,6.0
8987,6.0,0,6.0
8988,6.0,7,6.0
8989,6.0,7,6.0
8990,6.0,7,6.0
8991,6.0,7,6.0
8992,6.0,0,6.0
8993,6.0,0,6.0
8994,6.0,0,6.0
8995,6.0,7,6.0
8996,6.0,7,6.0
8997,6.0,7,6.0
8998,6.0,0,6.0
8999,6.0,7,6.0
9000,0.0,8,0.0
9001,6.0,7,6.0
9002,6.0,7,6.0
9003,6.0,0,6.0
9004,6.0,7,6.0
9005,6.0,7,6.0
9006,6.0,7,6.0
9007,6.0,7,6.0
9008,6.0,0,6.0
9009,6.0,7,6.0
9010,6.0,0,6.0
9011,6.0,7,6.0
9012,7.0,6,7.0
9013,6.0,7,6.0
9014,6.0,7,6.0
9015,6.0,7,6.0
9016,6.0,7,6.0
9017,6.0,7,6.0
9018,6.0,0,6.0
9019,6.0,0,6.0
9020,6.0,7,6.0
9021,6.0,7,6.0
9022,0.0,8,0.0
9023,6.0,7,6.0
9024,6.0,7,6.0
9025,6.0,7,6.0
9026,6.0,7,6.0
9027,6.0,0,6.0
9028,6.0,0,6.0
9029,6.0,0,6.0
9030,6.0,7,6.0
9031,6.0,0,6.0
9032,6.0,7,6.0
9033,6.0,7,6.0
9034,6.0,7,6.0
9035,6.0,0,6.0
9036,6.0,7,6.0
9037,6.0,7,6.0
9038,6.0,0,6.0
9039,6.0,0,6.0
9040,6.0,7,6.0
9041,6.0,0,6.0
9042,6.0,7,6.0
9043,6.0,7,6.0
9044,6.0,0,6.0
9045,6.0,0,6.0
9046,6.0,7,6.0
9047,6.0,0,6.0
9048,6.0,7,6.0
9049,6.0,0,6.0
9050,6.0,7,6.0
9051,6.0,0,6.0
9052,6.0,7,6.0
9053,6.0,7,6.0
9054,6.0,7,6.0
9055,1.0,6,7.0
9056,6.0,7,6.0
9057,6.0,7,6.0
9058,6.0,7,6.0
9059,6.0,7,6.0
9060,6.0,0,6.0
9061,6.0,7,6.0
9062,6.0,7,6.0
9063,6.0,7,6.0
9064,7.0,6,7.0
9065,6.0,0,6.0
9066,6.0,7,6.0
9067,6.0,0,6.0
9068,6.0,7,6.0
9069,6.0,0,6.0
9070,6.0,0,6.0
9071,6.0,0,6.0
9072,1.0,6,7.0
9073,6.0,0,6.0
9074,6.0,7,6.0
9075,6.0,0,6.0
9076,6.0,0,6.0
9077,6.0,7,6.0
9078,7.0,6,7.0
9079,6.0,7,6.0
9080,6.0,0,6.0
9081,6.0,0,6.0
9082,6.0,7,6.0
9083,0.0,8,0.0
9084,6.0,7,6.0
9085,6.0,7,6.0
9086,6.0,0,6.0
9087,6.0,7,6.0
9088,6.0,0,6.0
9089,6.0,7,6.0
9090,6.0,7,6.0
9091,6.0,7,6.0
9092,6.0,7,6.0
9093,6.0,0,6.0
9094,6.0,7,6.0
9095,6.0,7,6.0
9096,6.0,7,6.0
9097,6.0,7,6.0
9098,6.0,0,6.0
9099,6.0,0,6.0
9100,6.0,7,6.0
9101,6.0,0,6.0
9102,6.0,0,6.0
9103,6.0,0,6.0
9104,6.0,7,6.0
9105,6.0,7,6.0
9106,6.0,7,6.0
9107,6.0,0,6.0
9108,6.0,7,6.0
9109,6.0,7,6.0
9110,6.0,0,6.0
9111,6.0,0,6.0
9112,6.0,7,6.0
9113,6.0,0,6.0
9114,6.0,0,6.0
9115,0.0,8,0.0
9116,6.0,7,6.0
9117,6.0,7,6.0
9118,6.0,0,6.0
9119,6.0,7,6.0
9120,6.0,0,6.0
9121,6.0,0,6.0
9122,6.0,0,6.0
9123,6.0,7,6.0
9124,6.0,7,6.0
9125,6.0,7,6.0
9126,6.0,0,6.0
9127,6.0,7,6.0
9128,6.0,0,6.0
9129,6.0,0,6.0
9130,1.0,8,0.0
9131,6.0,7,6.0
9132,6.0,7,6.0
9133,6.0,7,6.0
9134,6.0,0,6.0
9135,6.0,0,6.0
9136,6.0,7,6.0
9137,6.0,6,7.0
9138,6.0,0,6.0
9139,7.0,6,7.0
9140,6.0,0,6.0
9141,7.0,6,7.0
9142,6.0,0,6.0
9143,6.0,7,6.0
9144,6.0,7,6.0
9145,6.0,7,6.0
9146,6.0,7,6.0
9147,6.0,0,6.0
9148,6.0,7,6.0
9149,6.0,0,6.0
9150,1.0,1,3.0
9151,6.0,0,6.0
9152,1.0,7,6.0
9153,6.0,0,6.0
9154,6.0,7,6.0
9155,6.0,7,6.0
9156,6.0,7,6.0
9157,6.0,7,6.0
9158,6.0,0,6.0
9159,6.0,7,6.0
9160,6.0,7,6.0
9161,6.0,0,6.0
9162,6.0,7,6.0
9163,6.0,7,6.0
9164,6.0,7,6.0
9165,1.0,6,7.0
9166,6.0,0,6.0
9167,6.0,0,6.0
9168,6.0,0,6.0
9169,6.0,0,6.0
9170,6.0,7,6.0
9171,6.0,0,6.0
9172,6.0,7,6.0
9173,6.0,0,6.0
9174,6.0,0,6.0
9175,6.0,7,6.0
9176,6.0,0,6.0
9177,0.0,8,0.0
9178,6.0,7,6.0
9179,6.0,0,6.0
9180,6.0,7,6.0
9181,6.0,0,6.0
9182,6.0,0,6.0
9183,6.0,7,6.0
9184,6.0,0,6.0
9185,6.0,0,6.0
9186,6.0,0,6.0
9187,6.0,7,6.0
9188,6.0,7,6.0
9189,6.0,0,6.0
9190,6.0,7,6.0
9191,6.0,0,6.0
9192,6.0,0,6.0
9193,6.0,0,6.0
9194,6.0,0,6.0
9195,6.0,7,6.0
9196,6.0,0,6.0
9197,6.0,7,6.0
9198,6.0,7,6.0
9199,6.0,7,6.0
9200,6.0,0,6.0
9201,6.0,7,6.0
9202,6.0,7,6.0
9203,6.0,0,6.0
9204,6.0,0,6.0
9205,6.0,7,6.0
9206,6.0,0,6.0
9207,6.0,0,6.0
9208,6.0,7,6.0
9209,6.0,7,6.0
9210,1.0,6,7.0
9211,6.0,7,6.0
9212,1.0,6,7.0
9213,6.0,7,6.0
9214,6.0,0,6.0
9215,6.0,7,6.0
9216,6.0,0,6.0
9217,6.0,7,6.0
9218,6.0,7,6.0
9219,6.0,7,6.0
9220,6.0,7,6.0
9221,6.0,7,6.0
9222,6.0,0,6.0
9223,6.0,7,6.0
9224,6.0,7,6.0
9225,6.0,0,6.0
9226,6.0,7,6.0
9227,6.0,7,6.0
9228,6.0,7,6.0
9229,6.0,7,6.0
9230,6.0,0,6.0
9231,6.0,0,6.0
9232,6.0,7,6.0
9233,6.0,0,6.0
9234,6.0,0,6.0
9235,6.0,7,6.0
9236,7.0,6,7.0
9237,6.0,7,6.0
9238,6.0,7,6.0
9239,6.0,0,6.0
9240,7.0,6,7.0
9241,6.0,7,6.0
9242,6.0,0,6.0
9243,6.0,7,6.0
9244,6.0,0,6.0
9245,6.0,7,6.0
9246,1.0,8,0.0
9247,1.0,8,0.0
9248,6.0,7,6.0
9249,6.0,7,6.0
9250,6.0,0,6.0
9251,6.0,7,6.0
9252,6.0,0,6.0
9253,6.0,0,6.0
9254,6.0,0,6.0
9255,6.0,7,6.0
9256,6.0,7,6.0
9257,6.0,0,6.0
9258,6.0,7,6.0
9259,6.0,0,6.0
9260,6.0,7,6.0
9261,6.0,7,6.0
9262,6.0,0,6.0
9263,6.0,0,6.0
9264,6.0,0,6.0
9265,7.0,6,7.0
9266,6.0,7,6.0
9267,6.0,0,6.0
9268,6.0,7,6.0
9269,6.0,7,6.0
9270,6.0,0,6.0
9271,6.0,0,6.0
9272,1.0,6,7.0
9273,6.0,7,6.0
9274,1.0,6,7.0
9275,6.0,7,6.0
9276,6.0,0,6.0
9277,6.0,0,6.0
9278,6.0,7,6.0
9279,6.0,0,6.0
9280,6.0,0,6.0
9281,1.0,5,4.0
9282,6.0,7,6.0
9283,7.0,6,7.0
9284,6.0,0,6.0
9285,0.0,8,0.0
9286,6.0,7,6.0
9287,6.0,0,6.0
9288,6.0,7,6.0
9289,1.0,6,7.0
9290,7.0,6,7.0
9291,6.0,7,6.0
9292,0.0,8,0.0
9293,6.0,7,6.0
9294,1.0,6,7.0
9295,6.0,7,6.0
9296,6.0,0,6.0
9297,6.0,7,6.0
9298,6.0,7,6.0
9299,6.0,7,6.0
9300,6.0,0,6.0
9301,6.0,0,6.0
9302,6.0,7,6.0
9303,6.0,7,6.0
9304,6.0,7,6.0
9305,6.0,0,6.0
9306,6.0,0,6.0
9307,6.0,0,6.0
9308,6.0,0,6.0
9309,6.0,7,6.0
9310,6.0,0,6.0
9311,6.0,0,6.0
9312,6.0,7,6.0
9313,6.0,0,6.0
9314,6.0,7,6.0
9315,6.0,0,6.0
9316,6.0,7,6.0
9317,6.0,7,6.0
9318,6.0,7,6.0
9319,6.0,7,6.0
9320,6.0,7,6.0
9321,6.0,0,6.0
9322,6.0,7,6.0
9323,6.0,7,6.0
9324,6.0,0,6.0
9325,6.0,7,6.0
9326,6.0,0,6.0
9327,6.0,6,7.0
9328,0.0,8,0.0
9329,6.0,7,6.0
9330,1.0,8,0.0
9331,6.0,0,6.0
9332,6.0,7,6.0
9333,6.0,0,6.0
9334,0.0,8,0.0
9335,6.0,0,6.0
9336,6.0,7,6.0
9337,6.0,7,6.0
9338,6.0,0,6.0
9339,6.0,7,6.0
9340,6.0,7,6.0
9341,6.0,0,6.0
9342,6.0,7,6.0
9343,7.0,6,7.0
9344,6.0,7,6.0
9345,6.0,0,6.0
9346,6.0,7,6.0
9347,6.0,7,6.0
9348,6.0,0,6.0
9349,6.0,7,6.0
9350,7.0,6,7.0
9351,6.0,7,6.0
9352,6.0,7,6.0
9353,6.0,0,6.0
9354,6.0,7,6.0
9355,6.0,0,6.0
9356,6.0,0,6.0
9357,6.0,0,6.0
9358,6.0,0,6.0
9359,6.0,0,6.0
9360,6.0,0,6.0
9361,6.0,0,6.0
9362,6.0,0,6.0
9363,6.0,0,6.0
9364,6.0,0,6.0
9365,6.0,7,6.0
9366,6.0,7,6.0
9367,6.0,7,6.0
9368,6.0,0,6.0
9369,6.0,0,6.0
9370,6.0,7,6.0
9371,6.0,7,6.0
9372,6.0,7,6.0
9373,6.0,7,6.0
9374,6.0,7,6.0
9375,6.0,7,6.0
9376,6.0,7,6.0
9377,6.0,7,6.0
9378,6.0,7,6.0
9379,6.0,0,6.0
9380,6.0,0,6.0
9381,7.0,6,7.0
9382,6.0,0,6.0
9383,6.0,7,6.0
9384,6.0,7,6.0
9385,6.0,7,6.0
9386,6.0,7,6.0
9387,6.0,0,6.0
9388,6.0,7,6.0
9389,6.0,0,6.0
9390,6.0,0,6.0
9391,6.0,0,6.0
9392,6.0,0,6.0
9393,6.0,7,6.0
9394,6.0,0,6.0
9395,6.0,7,6.0
9396,6.0,0,6.0
9397,6.0,7,6.0
9398,6.0,7,6.0
9399,7.0,6,7.0
9400,6.0,7,6.0
9401,6.0,0,6.0
9402,6.0,7,6.0
9403,6.0,0,6.0
9404,6.0,0,6.0
9405,6.0,7,6.0
9406,6.0,0,6.0
9407,6.0,7,6.0
9408,7.0,6,7.0
9409,6.0,0,6.0
9410,6.0,0,6.0
9411,6.0,0,6.0
9412,6.0,7,6.0
9413,6.0,0,6.0
9414,6.0,0,6.0
9415,6.0,7,6.0
9416,6.0,7,6.0
9417,6.0,0,6.0
9418,6.0,0,6.0
9419,6.0,0,6.0
9420,6.0,7,6.0
9421,6.0,7,6.0
9422,6.0,0,6.0
9423,6.0,0,6.0
9424,6.0,7,6.0
9425,1.0,6,7.0
9426,6.0,7,6.0
9427,6.0,0,6.0
9428,6.0,7,6.0
9429,6.0,0,6.0
9430,6.0,0,6.0
9431,1.0,6,7.0
9432,6.0,7,6.0
9433,6.0,7,6.0
9434,6.0,0,6.0
9435,6.0,7,6.0
9436,6.0,7,6.0
9437,6.0,7,6.0
9438,6.0,7,6.0
9439,6.0,0,6.0
9440,6.0,0,6.0
9441,6.0,0,6.0
9442,6.0,7,6.0
9443,6.0,0,6.0
9444,1.0,8,0.0
9445,6.0,0,6.0
9446,6.0,0,6.0
9447,1.0,8,0.0
9448,6.0,0,6.0
9449,6.0,7,6.0
9450,6.0,0,6.0
9451,6.0,7,6.0
9452,7.0,6,7.0
9453,6.0,7,6.0
9454,6.0,7,6.0
9455,6.0,0,6.0
9456,6.0,0,6.0
9457,6.0,0,6.0
9458,6.0,0,6.0
9459,6.0,7,6.0
9460,6.0,7,6.0
9461,6.0,0,6.0
9462,6.0,0,6.0
9463,7.0,6,7.0
9464,7.0,6,7.0
9465,6.0,0,6.0
9466,6.0,7,6.0
9467,6.0,0,6.0
9468,6.0,0,6.0
9469,6.0,7,6.0
9470,7.0,6,7.0
9471,6.0,0,6.0
9472,6.0,7,6.0
9473,6.0,7,6.0
9474,6.0,0,6.0
9475,6.0,7,6.0
9476,6.0,7,6.0
9477,6.0,0,6.0
9478,6.0,0,6.0
9479,6.0,0,6.0
9480,6.0,0,6.0
9481,6.0,7,6.0
9482,6.0,7,6.0
9483,6.0,0,6.0
9484,6.0,7,6.0
9485,6.0,0,6.0
9486,6.0,7,6.0
9487,6.0,7,6.0
9488,6.0,7,6.0
9489,6.0,0,6.0
9490,6.0,7,6.0
9491,6.0,0,6.0
9492,6.0,7,6.0
9493,6.0,7,6.0
9494,6.0,7,6.0
9495,6.0,7,6.0
9496,6.0,7,6.0
9497,6.0,7,6.0
9498,6.0,7,6.0
9499,6.0,7,6.0
9500,6.0,7,6.0
9501,6.0,7,6.0
9502,6.0,7,6.0
9503,6.0,7,6.0
9504,6.0,0,6.0
9505,6.0,0,6.0
9506,6.0,7,6.0
9507,6.0,0,6.0
9508,6.0,7,6.0
9509,6.0,7,6.0
9510,1.0,6,7.0
9511,6.0,0,6.0
9512,6.0,0,6.0
9513,6.0,7,6.0
9514,6.0,0,6.0
9515,6.0,0,6.0
9516,6.0,7,6.0
9517,0.0,8,0.0
9518,6.0,0,6.0
9519,6.0,0,6.0
9520,6.0,0,6.0
9521,6.0,7,6.0
9522,6.0,7,6.0
9523,6.0,7,6.0
9524,6.0,0,6.0
9525,6.0,7,6.0
9526,6.0,0,6.0
9527,1.0,6,7.0
9528,6.0,7,6.0
9529,6.0,0,6.0
9530,6.0,0,6.0
9531,6.0,7,6.0
9532,6.0,0,6.0
9533,7.0,6,7.0
9534,1.0,6,7.0
9535,6.0,7,6.0
9536,6.0,0,6.0
9537,7.0,6,7.0
9538,6.0,0,6.0
9539,6.0,0,6.0
9540,6.0,7,6.0
9541,6.0,7,6.0
9542,6.0,7,6.0
9543,6.0,7,6.0
9544,6.0,0,6.0
9545,6.0,7,6.0
9546,6.0,0,6.0
9547,6.0,0,6.0
9548,6.0,7,6.0
9549,6.0,7,6.0
9550,6.0,0,6.0
9551,6.0,7,6.0
9552,6.0,0,6.0
9553,6.0,0,6.0
9554,6.0,0,6.0
9555,6.0,7,6.0
9556,6.0,0,6.0
9557,6.0,0,6.0
9558,6.0,7,6.0
9559,6.0,7,6.0
9560,6.0,0,6.0
9561,7.0,6,7.0
9562,6.0,7,6.0
9563,6.0,7,6.0
9564,6.0,7,6.0
9565,6.0,7,6.0
9566,6.0,7,6.0
9567,6.0,7,6.0
9568,6.0,7,6.0
9569,6.0,7,6.0
9570,6.0,0,6.0
9571,6.0,0,6.0
9572,6.0,7,6.0
9573,6.0,7,6.0
9574,6.0,7,6.0
9575,6.0,7,6.0
9576,6.0,0,6.0
9577,6.0,7,6.0
9578,0.0,8,0.0
9579,6.0,0,6.0
9580,6.0,0,6.0
9581,6.0,0,6.0
9582,6.0,0,6.0
9583,6.0,7,6.0
9584,6.0,7,6.0
9585,6.0,0,6.0
9586,6.0,7,6.0
9587,6.0,0,6.0
9588,6.0,0,6.0
9589,6.0,7,6.0
9590,6.0,7,6.0
9591,6.0,0,6.0
9592,6.0,7,6.0
9593,6.0,7,6.0
9594,6.0,0,6.0
9595,6.0,0,6.0
9596,6.0,7,6.0
9597,6.0,0,6.0
9598,6.0,7,6.0
9599,6.0,7,6.0
9600,6.0,0,6.0
9601,6.0,0,6.0
9602,6.0,0,6.0
9603,6.0,7,6.0
9604,6.0,0,6.0
9605,6.0,7,6.0
9606,6.0,0,6.0
9607,6.0,0,6.0
9608,6.0,0,6.0
9609,6.0,7,6.0
9610,6.0,7,6.0
9611,6.0,0,6.0
9612,6.0,7,6.0
9613,6.0,0,6.0
9614,6.0,0,6.0
9615,7.0,6,7.0
9616,6.0,0,6.0
9617,6.0,0,6.0
9618,6.0,0,6.0
9619,6.0,0,6.0
9620,6.0,7,6.0
9621,6.0,0,6.0
9622,6.0,0,6.0
9623,6.0,0,6.0
9624,6.0,0,6.0
9625,6.0,0,6.0
9626,6.0,0,6.0
9627,6.0,7,6.0
9628,6.0,0,6.0
9629,6.0,7,6.0
9630,6.0,0,6.0
9631,6.0,0,6.0
9632,6.0,7,6.0
9633,6.0,0,6.0
9634,6.0,0,6.0
9635,6.0,0,6.0
9636,6.0,7,6.0
9637,6.0,0,6.0
9638,6.0,7,6.0
9639,6.0,7,6.0
9640,6.0,7,6.0
9641,6.0,0,6.0
9642,7.0,6,7.0
9643,6.0,7,6.0
9644,6.0,0,6.0
9645,6.0,7,6.0
9646,7.0,6,7.0
9647,6.0,0,6.0
9648,6.0,7,6.0
9649,6.0,7,6.0
9650,6.0,0,6.0
9651,6.0,0,6.0
9652,6.0,0,6.0
9653,6.0,0,6.0
9654,6.0,7,6.0
9655,6.0,7,6.0
9656,7.0,6,7.0
9657,6.0,7,6.0
9658,6.0,0,6.0
9659,6.0,7,6.0
9660,6.0,0,6.0
9661,6.0,7,6.0
9662,6.0,7,6.0
9663,6.0,7,6.0
9664,6.0,0,6.0
9665,6.0,7,6.0
9666,6.0,7,6.0
9667,6.0,7,6.0
9668,6.0,7,6.0
9669,6.0,0,6.0
9670,6.0,0,6.0
9671,6.0,0,6.0
9672,6.0,0,6.0
9673,6.0,0,6.0
9674,6.0,7,6.0
9675,6.0,7,6.0
9676,1.0,5,4.0
9677,6.0,7,6.0
9678,6.0,0,6.0
9679,1.0,8,0.0
9680,6.0,7,6.0
9681,6.0,7,6.0
9682,6.0,7,6.0
9683,6.0,7,6.0
9684,6.0,7,6.0
9685,7.0,6,7.0
9686,6.0,0,6.0
9687,6.0,0,6.0
9688,6.0,7,6.0
9689,6.0,7,6.0
9690,6.0,7,6.0
9691,6.0,0,6.0
9692,7.0,6,7.0
9693,6.0,7,6.0
9694,7.0,6,7.0
9695,6.0,7,6.0
9696,6.0,7,6.0
9697,6.0,7,6.0
9698,6.0,7,6.0
9699,6.0,7,6.0
9700,6.0,0,6.0
9701,6.0,0,6.0
9702,6.0,7,6.0
9703,6.0,0,6.0
9704,7.0,6,7.0
9705,6.0,7,6.0
9706,6.0,0,6.0
9707,6.0,0,6.0
9708,6.0,7,6.0
9709,6.0,7,6.0
9710,6.0,0,6.0
9711,6.0,0,6.0
9712,6.0,7,6.0
9713,6.0,7,6.0
9714,6.0,0,6.0
9715,1.0,8,0.0
9716,6.0,7,6.0
9717,6.0,0,6.0
9718,6.0,0,6.0
9719,6.0,7,6.0
9720,6.0,7,6.0
9721,6.0,7,6.0
9722,6.0,7,6.0
9723,6.0,0,6.0
9724,6.0,0,6.0
9725,6.0,0,6.0
9726,6.0,0,6.0
9727,6.0,7,6.0
9728,6.0,7,6.0
9729,6.0,0,6.0
9730,6.0,7,6.0
9731,6.0,0,6.0
9732,6.0,7,6.0
9733,6.0,7,6.0
9734,6.0,7,6.0
9735,6.0,0,6.0
9736,6.0,0,6.0
9737,6.0,7,6.0
9738,6.0,0,6.0
9739,6.0,7,6.0
9740,6.0,7,6.0
9741,6.0,7,6.0
9742,6.0,0,6.0
9743,6.0,7,6.0
9744,6.0,7,6.0
9745,1.0,6,7.0
9746,6.0,7,6.0
9747,6.0,7,6.0
9748,6.0,0,6.0
9749,6.0,0,6.0
9750,6.0,0,6.0
9751,6.0,7,6.0
9752,6.0,7,6.0
9753,6.0,0,6.0
9754,1.0,6,7.0
9755,6.0,7,6.0
9756,6.0,7,6.0
9757,6.0,7,6.0
9758,6.0,7,6.0
9759,6.0,7,6.0
9760,6.0,0,6.0
9761,6.0,7,6.0
9762,6.0,0,6.0
9763,6.0,0,6.0
9764,6.0,0,6.0
9765,6.0,0,6.0
9766,6.0,7,6.0
9767,6.0,7,6.0
9768,6.0,0,6.0
9769,6.0,0,6.0
9770,6.0,0,6.0
9771,6.0,7,6.0
9772,6.0,0,6.0
9773,0.0,8,0.0
9774,6.0,0,6.0
9775,6.0,7,6.0
9776,6.0,0,6.0
9777,6.0,7,6.0
9778,6.0,0,6.0
9779,6.0,0,6.0
9780,6.0,7,6.0
9781,6.0,7,6.0
9782,6.0,0,6.0
9783,6.0,7,6.0
9784,6.0,0,6.0
9785,6.0,0,6.0
9786,6.0,7,6.0
9787,6.0,0,6.0
9788,6.0,7,6.0
9789,6.0,7,6.0
9790,6.0,0,6.0
9791,6.0,7,6.0
9792,6.0,0,6.0
9793,6.0,7,6.0
9794,6.0,7,6.0
9795,6.0,0,6.0
9796,6.0,7,6.0
9797,6.0,7,6.0
9798,6.0,7,6.0
9799,6.0,0,6.0
9800,6.0,7,6.0
9801,1.0,6,7.0
9802,6.0,7,6.0
9803,6.0,0,6.0
9804,6.0,7,6.0
9805,6.0,0,6.0
9806,6.0,0,6.0
9807,6.0,7,6.0
9808,6.0,0,6.0
9809,6.0,7,6.0
9810,6.0,0,6.0
9811,6.0,7,6.0
9812,6.0,7,6.0
9813,6.0,7,6.0
9814,6.0,0,6.0
9815,6.0,0,6.0
9816,6.0,7,6.0
9817,6.0,7,6.0
9818,1.0,8,0.0
9819,6.0,7,6.0
9820,6.0,7,6.0
9821,6.0,7,6.0
9822,6.0,7,6.0
9823,6.0,0,6.0
9824,6.0,7,6.0
9825,6.0,0,6.0
9826,6.0,7,6.0
9827,6.0,7,6.0
9828,6.0,7,6.0
9829,6.0,7,6.0
9830,6.0,7,6.0
9831,6.0,0,6.0
9832,6.0,7,6.0
9833,6.0,7,6.0
9834,6.0,7,6.0
9835,6.0,0,6.0
9836,6.0,0,6.0
9837,6.0,0,6.0
9838,6.0,0,6.0
9839,6.0,7,6.0
9840,6.0,0,6.0
9841,6.0,7,6.0
9842,6.0,0,6.0
9843,6.0,0,6.0
9844,6.0,7,6.0
9845,6.0,0,6.0
9846,6.0,7,6.0
9847,6.0,0,6.0
9848,1.0,6,7.0
9849,6.0,0,6.0
9850,6.0,0,6.0
9851,6.0,7,6.0
9852,6.0,7,6.0
9853,6.0,1,3.0
9854,6.0,0,6.0
9855,6.0,0,6.0
9856,6.0,0,6.0
9857,6.0,0,6.0
9858,6.0,0,6.0
9859,6.0,7,6.0
9860,6.0,0,6.0
9861,6.0,0,6.0
9862,6.0,0,6.0
9863,6.0,7,6.0
9864,6.0,7,6.0
9865,6.0,0,6.0
9866,6.0,7,6.0
9867,6.0,7,6.0
9868,6.0,7,6.0
9869,6.0,7,6.0
9870,6.0,0,6.0
9871,6.0,0,6.0
9872,6.0,7,6.0
9873,7.0,6,7.0
9874,1.0,6,7.0
9875,6.0,7,6.0
9876,6.0,0,6.0
9877,6.0,7,6.0
9878,6.0,0,6.0
9879,6.0,0,6.0
9880,6.0,7,6.0
9881,6.0,7,6.0
9882,6.0,7,6.0
9883,6.0,0,6.0
9884,6.0,7,6.0
9885,6.0,7,6.0
9886,7.0,6,7.0
9887,6.0,7,6.0
9888,6.0,0,6.0
9889,6.0,0,6.0
9890,6.0,0,6.0
9891,6.0,0,6.0
9892,6.0,7,6.0
9893,6.0,0,6.0
9894,6.0,7,6.0
9895,7.0,6,7.0
9896,6.0,7,6.0
9897,6.0,0,6.0
9898,6.0,0,6.0
9899,6.0,0,6.0
9900,6.0,0,6.0
9901,6.0,7,6.0
9902,6.0,0,6.0
9903,6.0,7,6.0
9904,6.0,0,6.0
9905,6.0,7,6.0
9906,6.0,7,6.0
9907,6.0,7,6.0
9908,6.0,7,6.0
9909,6.0,0,6.0
9910,6.0,0,6.0
9911,6.0,7,6.0
9912,6.0,1,3.0
9913,6.0,0,6.0
9914,7.0,1,3.0
9915,6.0,7,6.0
9916,6.0,0,6.0
9917,6.0,0,6.0
9918,6.0,7,6.0
9919,7.0,6,7.0
9920,6.0,0,6.0
9921,6.0,0,6.0
9922,6.0,0,6.0
9923,0.0,8,0.0
9924,6.0,7,6.0
9925,6.0,7,6.0
9926,6.0,0,6.0
9927,6.0,7,6.0
9928,6.0,7,6.0
9929,6.0,7,6.0
9930,6.0,0,6.0
9931,6.0,7,6.0
9932,6.0,0,6.0
9933,6.0,7,6.0
9934,6.0,7,6.0
9935,6.0,0,6.0
9936,6.0,7,6.0
9937,6.0,7,6.0
9938,6.0,7,6.0
9939,6.0,7,6.0
9940,6.0,7,6.0
9941,6.0,7,6.0
9942,6.0,0,6.0
9943,7.0,6,7.0
9944,6.0,0,6.0
9945,6.0,7,6.0
9946,6.0,0,6.0
9947,6.0,7,6.0
9948,6.0,0,6.0
9949,6.0,0,6.0
9950,6.0,7,6.0
9951,6.0,7,6.0
9952,6.0,0,6.0
9953,6.0,7,6.0
9954,6.0,7,6.0
9955,6.0,7,6.0
9956,1.0,8,0.0
9957,6.0,7,6.0
9958,6.0,0,6.0
9959,6.0,0,6.0
9960,1.0,8,0.0
9961,6.0,0,6.0
9962,6.0,0,6.0
9963,6.0,7,6.0
9964,6.0,0,6.0
9965,6.0,0,6.0
9966,6.0,0,6.0
9967,6.0,7,6.0
9968,6.0,7,6.0
9969,6.0,7,6.0
9970,6.0,0,6.0
9971,6.0,0,6.0
9972,6.0,0,6.0
9973,6.0,0,6.0
9974,6.0,7,6.0
9975,6.0,0,6.0
9976,6.0,7,6.0
9977,6.0,0,6.0
9978,6.0,7,6.0
9979,6.0,7,6.0
9980,6.0,7,6.0
9981,6.0,7,6.0
9982,6.0,7,6.0
9983,6.0,0,6.0
9984,6.0,0,6.0
9985,6.0,0,6.0
9986,6.0,0,6.0
9987,6.0,7,6.0
9988,6.0,7,6.0
9989,6.0,0,6.0
9990,6.0,0,6.0
9991,6.0,0,6.0
9992,6.0,7,6.0
9993,6.0,0,6.0
9994,1.0,8,0.0
9995,6.0,0,6.0
9996,6.0,7,6.0
9997,6.0,7,6.0
9998,6.0,7,6.0
9999,7.0,6,7.0
10000,6.0,7,6.0
10001,6.0,7,6.0
10002,6.0,7,6.0
10003,6.0,7,6.0
10004,6.0,7,6.0
10005,6.0,7,6.0
10006,6.0,0,6.0
10007,6.0,0,6.0
10008,6.0,0,6.0
10009,6.0,7,6.0
10010,7.0,6,7.0
10011,6.0,7,6.0
10012,6.0,7,6.0
10013,6.0,0,6.0
10014,6.0,0,6.0
10015,6.0,0,6.0
10016,6.0,7,6.0
10017,6.0,7,6.0
10018,6.0,7,6.0
10019,6.0,0,6.0
10020,6.0,7,6.0
10021,6.0,7,6.0
10022,7.0,6,7.0
10023,6.0,0,6.0
10024,6.0,0,6.0
10025,6.0,0,6.0
10026,6.0,7,6.0
10027,6.0,0,6.0
10028,6.0,0,6.0
10029,6.0,7,6.0
10030,7.0,6,7.0
10031,6.0,7,6.0
10032,6.0,0,6.0
10033,6.0,7,6.0
10034,6.0,7,6.0
10035,6.0,0,6.0
10036,6.0,7,6.0
10037,6.0,7,6.0
10038,6.0,0,6.0
10039,6.0,7,6.0
10040,6.0,7,6.0
10041,6.0,7,6.0
10042,6.0,0,6.0
10043,6.0,7,6.0
10044,7.0,6,7.0
10045,6.0,7,6.0
10046,6.0,7,6.0
10047,6.0,7,6.0
10048,6.0,0,6.0
10049,6.0,7,6.0
10050,6.0,7,6.0
10051,6.0,7,6.0
10052,6.0,0,6.0
10053,7.0,6,7.0
10054,6.0,7,6.0
10055,6.0,0,6.0
10056,6.0,0,6.0
10057,6.0,0,6.0
10058,6.0,7,6.0
10059,6.0,7,6.0
10060,6.0,0,6.0
10061,6.0,7,6.0
10062,6.0,7,6.0
10063,6.0,7,6.0
10064,6.0,7,6.0
10065,6.0,0,6.0
10066,6.0,0,6.0
10067,6.0,7,6.0
10068,6.0,7,6.0
10069,6.0,0,6.0
10070,6.0,0,6.0
10071,6.0,7,6.0
10072,6.0,7,6.0
10073,6.0,0,6.0
10074,1.0,6,7.0
10075,6.0,7,6.0
10076,6.0,7,6.0
10077,6.0,7,6.0
10078,7.0,6,7.0
10079,6.0,0,6.0
10080,1.0,6,7.0
10081,7.0,6,7.0
10082,6.0,7,6.0
10083,1.0,6,7.0
10084,6.0,0,6.0
10085,6.0,7,6.0
10086,6.0,0,6.0
10087,6.0,0,6.0
10088,6.0,7,6.0
10089,6.0,7,6.0
10090,6.0,7,6.0
10091,6.0,7,6.0
10092,6.0,7,6.0
10093,6.0,0,6.0
10094,6.0,7,6.0
10095,6.0,7,6.0
10096,6.0,7,6.0
10097,6.0,7,6.0
10098,6.0,0,6.0
10099,6.0,7,6.0
10100,6.0,7,6.0
10101,6.0,7,6.0
10102,6.0,7,6.0
10103,6.0,7,6.0
10104,6.0,7,6.0
10105,6.0,0,6.0
10106,6.0,7,6.0
10107,6.0,0,6.0
10108,6.0,0,6.0
10109,6.0,7,6.0
10110,1.0,8,0.0
10111,6.0,0,6.0
10112,7.0,6,7.0
10113,6.0,7,6.0
10114,6.0,7,6.0
10115,6.0,7,6.0
10116,6.0,7,6.0
10117,6.0,7,6.0
10118,6.0,0,6.0
10119,6.0,7,6.0
10120,1.0,1,3.0
10121,6.0,7,6.0
10122,1.0,8,0.0
10123,6.0,7,6.0
10124,6.0,0,6.0
10125,6.0,7,6.0
10126,6.0,7,6.0
10127,6.0,7,6.0
10128,6.0,7,6.0
10129,6.0,0,6.0
10130,6.0,7,6.0
10131,6.0,7,6.0
10132,6.0,7,6.0
10133,6.0,0,6.0
10134,6.0,0,6.0
10135,6.0,7,6.0
10136,6.0,0,6.0
10137,6.0,7,6.0
10138,6.0,0,6.0
10139,6.0,7,6.0
10140,6.0,7,6.0
10141,6.0,7,6.0
10142,6.0,7,6.0
10143,6.0,0,6.0
10144,6.0,0,6.0
10145,6.0,7,6.0
10146,6.0,0,6.0
10147,6.0,0,6.0
10148,6.0,7,6.0
10149,6.0,0,6.0
10150,6.0,7,6.0
10151,6.0,7,6.0
10152,6.0,0,6.0
10153,6.0,7,6.0
10154,6.0,7,6.0
10155,6.0,0,6.0
10156,6.0,0,6.0
10157,6.0,0,6.0
10158,6.0,7,6.0
10159,6.0,0,6.0
10160,6.0,7,6.0
10161,6.0,7,6.0
10162,6.0,0,6.0
10163,6.0,7,6.0
10164,6.0,0,6.0
10165,6.0,7,6.0
10166,6.0,0,6.0
10167,6.0,0,6.0
10168,6.0,7,6.0
10169,6.0,7,6.0
10170,6.0,0,6.0
10171,0.0,8,0.0
10172,6.0,0,6.0
10173,6.0,7,6.0
10174,6.0,0,6.0
10175,6.0,7,6.0
10176,6.0,7,6.0
10177,6.0,0,6.0
10178,6.0,0,6.0
10179,6.0,0,6.0
10180,6.0,0,6.0
10181,1.0,6,7.0
10182,6.0,7,6.0
10183,1.0,6,7.0
10184,6.0,0,6.0
10185,6.0,7,6.0
10186,6.0,7,6.0
10187,6.0,0,6.0
10188,6.0,0,6.0
10189,6.0,0,6.0
10190,6.0,7,6.0
10191,6.0,7,6.0
10192,6.0,7,6.0
10193,6.0,7,6.0
10194,6.0,7,6.0
10195,6.0,0,6.0
10196,6.0,7,6.0
10197,6.0,7,6.0
10198,6.0,7,6.0
10199,6.0,0,6.0
10200,6.0,0,6.0
10201,6.0,7,6.0
10202,6.0,0,6.0
10203,6.0,7,6.0
10204,6.0,0,6.0
10205,7.0,6,7.0
10206,6.0,0,6.0
10207,6.0,0,6.0
10208,6.0,7,6.0
10209,6.0,7,6.0
10210,6.0,7,6.0
10211,6.0,0,6.0
10212,6.0,7,6.0
10213,6.0,7,6.0
10214,6.0,7,6.0
10215,6.0,7,6.0
10216,6.0,7,6.0
10217,6.0,7,6.0
10218,7.0,6,7.0
10219,6.0,0,6.0
10220,7.0,6,7.0
10221,6.0,0,6.0
10222,6.0,7,6.0
10223,6.0,0,6.0
10224,6.0,7,6.0
10225,7.0,6,7.0
10226,6.0,7,6.0
10227,6.0,0,6.0
10228,6.0,0,6.0
10229,6.0,0,6.0
10230,6.0,0,6.0
10231,6.0,0,6.0
10232,6.0,0,6.0
10233,6.0,0,6.0
10234,6.0,7,6.0
10235,6.0,7,6.0
10236,6.0,0,6.0
10237,6.0,7,6.0
10238,1.0,6,7.0
10239,6.0,7,6.0
10240,6.0,7,6.0
10241,6.0,0,6.0
10242,6.0,7,6.0
10243,6.0,7,6.0
10244,6.0,7,6.0
10245,1.0,6,7.0
10246,6.0,7,6.0
10247,6.0,0,6.0
10248,6.0,7,6.0
10249,6.0,7,6.0
10250,6.0,7,6.0
10251,6.0,7,6.0
10252,6.0,0,6.0
10253,6.0,0,6.0
10254,6.0,0,6.0
10255,1.0,6,7.0
10256,6.0,7,6.0
10257,6.0,0,6.0
10258,6.0,7,6.0
10259,6.0,7,6.0
10260,7.0,6,7.0
10261,6.0,7,6.0
10262,6.0,7,6.0
10263,6.0,7,6.0
10264,6.0,7,6.0
10265,6.0,0,6.0
10266,6.0,0,6.0
10267,6.0,7,6.0
10268,1.0,8,0.0
10269,6.0,0,6.0
10270,6.0,0,6.0
10271,6.0,7,6.0
10272,6.0,7,6.0
10273,6.0,7,6.0
10274,7.0,6,7.0
10275,6.0,0,6.0
10276,7.0,6,7.0
10277,6.0,0,6.0
10278,7.0,6,7.0
10279,6.0,7,6.0
10280,6.0,0,6.0
10281,6.0,7,6.0
10282,6.0,0,6.0
10283,6.0,7,6.0
10284,6.0,0,6.0
10285,6.0,7,6.0
10286,7.0,6,7.0
10287,6.0,7,6.0
10288,1.0,6,7.0
10289,6.0,0,6.0
10290,6.0,7,6.0
10291,6.0,7,6.0
10292,6.0,7,6.0
10293,6.0,7,6.0
10294,6.0,0,6.0
10295,6.0,0,6.0
10296,6.0,7,6.0
10297,6.0,7,6.0
10298,7.0,6,7.0
10299,6.0,7,6.0
10300,1.0,6,7.0
10301,6.0,0,6.0
10302,6.0,0,6.0
10303,6.0,0,6.0
10304,6.0,7,6.0
10305,6.0,0,6.0
10306,6.0,7,6.0
10307,6.0,0,6.0
10308,6.0,3,2.0
10309,6.0,0,6.0
10310,6.0,7,6.0
10311,6.0,0,6.0
10312,6.0,7,6.0
10313,6.0,7,6.0
10314,6.0,0,6.0
10315,6.0,7,6.0
10316,6.0,0,6.0
10317,6.0,7,6.0
10318,6.0,7,6.0
10319,6.0,7,6.0
10320,6.0,0,6.0
10321,6.0,7,6.0
10322,6.0,0,6.0
10323,7.0,6,7.0
10324,6.0,7,6.0
10325,6.0,7,6.0
10326,6.0,0,6.0
10327,6.0,0,6.0
10328,6.0,7,6.0
10329,6.0,3,2.0
10330,6.0,7,6.0
10331,6.0,0,6.0
10332,6.0,0,6.0
10333,6.0,0,6.0
10334,6.0,7,6.0
10335,6.0,7,6.0
10336,6.0,0,6.0
10337,6.0,7,6.0
10338,1.0,6,7.0
10339,6.0,7,6.0
10340,6.0,7,6.0
10341,6.0,7,6.0
10342,6.0,0,6.0
10343,6.0,0,6.0
10344,6.0,7,6.0
10345,7.0,6,7.0
10346,6.0,7,6.0
10347,7.0,6,7.0
10348,6.0,7,6.0
10349,6.0,7,6.0
10350,6.0,7,6.0
10351,6.0,0,6.0
10352,6.0,0,6.0
10353,6.0,7,6.0
10354,7.0,6,7.0
10355,6.0,0,6.0
10356,6.0,7,6.0
10357,6.0,7,6.0
10358,6.0,0,6.0
10359,6.0,0,6.0
10360,6.0,0,6.0
10361,6.0,7,6.0
10362,7.0,6,7.0
10363,6.0,7,6.0
10364,6.0,7,6.0
10365,6.0,7,6.0
10366,6.0,7,6.0
10367,6.0,7,6.0
10368,6.0,7,6.0
10369,6.0,0,6.0
10370,6.0,0,6.0
10371,6.0,0,6.0
10372,6.0,7,6.0
10373,6.0,0,6.0
10374,6.0,7,6.0
10375,6.0,7,6.0
10376,6.0,7,6.0
10377,6.0,0,6.0
10378,6.0,0,6.0
10379,6.0,7,6.0
10380,6.0,7,6.0
10381,6.0,0,6.0
10382,6.0,0,6.0
10383,6.0,0,6.0
10384,6.0,0,6.0
10385,6.0,7,6.0
10386,6.0,7,6.0
10387,6.0,7,6.0
10388,6.0,7,6.0
10389,7.0,6,7.0
10390,6.0,7,6.0
10391,6.0,7,6.0
10392,6.0,0,6.0
10393,6.0,0,6.0
10394,6.0,7,6.0
10395,6.0,0,6.0
10396,6.0,0,6.0
10397,6.0,0,6.0
10398,6.0,0,6.0
10399,6.0,7,6.0
10400,6.0,7,6.0
10401,6.0,0,6.0
10402,6.0,0,6.0
10403,1.0,6,7.0
10404,6.0,7,6.0
10405,6.0,0,6.0
10406,1.0,8,0.0
10407,6.0,7,6.0
10408,6.0,7,6.0
10409,6.0,1,3.0
10410,6.0,7,6.0
10411,6.0,7,6.0
10412,6.0,7,6.0
10413,6.0,0,6.0
10414,6.0,7,6.0
10415,6.0,0,6.0
10416,6.0,7,6.0
10417,6.0,7,6.0
10418,6.0,7,6.0
10419,6.0,7,6.0
10420,6.0,7,6.0
10421,6.0,0,6.0
10422,6.0,7,6.0
10423,6.0,7,6.0
10424,6.0,7,6.0
10425,6.0,0,6.0
10426,6.0,0,6.0
10427,6.0,7,6.0
10428,6.0,7,6.0
10429,6.0,7,6.0
10430,6.0,7,6.0
10431,6.0,7,6.0
10432,6.0,7,6.0
10433,6.0,7,6.0
10434,6.0,0,6.0
10435,6.0,7,6.0
10436,6.0,0,6.0
10437,6.0,0,6.0
10438,6.0,7,6.0
10439,6.0,7,6.0
10440,6.0,7,6.0
10441,6.0,7,6.0
10442,6.0,0,6.0
10443,6.0,7,6.0
10444,6.0,0,6.0
10445,6.0,0,6.0
10446,6.0,7,6.0
10447,6.0,7,6.0
10448,6.0,0,6.0
10449,6.0,0,6.0
10450,6.0,7,6.0
10451,6.0,0,6.0
10452,6.0,0,6.0
10453,6.0,0,6.0
10454,6.0,7,6.0
10455,6.0,7,6.0
10456,6.0,7,6.0
10457,1.0,6,7.0
10458,6.0,0,6.0
10459,6.0,7,6.0
10460,6.0,7,6.0
10461,6.0,0,6.0
10462,6.0,7,6.0
10463,6.0,0,6.0
10464,6.0,0,6.0
10465,6.0,0,6.0
10466,6.0,7,6.0
10467,6.0,7,6.0
10468,6.0,7,6.0
10469,6.0,0,6.0
10470,7.0,6,7.0
10471,6.0,0,6.0
10472,6.0,7,6.0
10473,6.0,0,6.0
10474,6.0,0,6.0
10475,6.0,7,6.0
10476,6.0,7,6.0
10477,6.0,7,6.0
10478,6.0,7,6.0
10479,6.0,0,6.0
10480,6.0,7,6.0
10481,6.0,7,6.0
10482,6.0,0,6.0
10483,6.0,7,6.0
10484,6.0,0,6.0
10485,7.0,6,7.0
10486,6.0,7,6.0
10487,6.0,7,6.0
10488,6.0,7,6.0
10489,6.0,0,6.0
10490,6.0,0,6.0
10491,6.0,0,6.0
10492,6.0,0,6.0
10493,6.0,0,6.0
10494,1.0,6,7.0
10495,6.0,7,6.0
10496,6.0,0,6.0
10497,6.0,7,6.0
10498,6.0,7,6.0
10499,6.0,7,6.0
10500,6.0,0,6.0
10501,6.0,7,6.0
10502,6.0,7,6.0
10503,6.0,0,6.0
10504,6.0,0,6.0
10505,6.0,0,6.0
10506,6.0,7,6.0
10507,6.0,0,6.0
10508,6.0,0,6.0
10509,6.0,7,6.0
10510,6.0,0,6.0
10511,6.0,7,6.0
10512,6.0,0,6.0
10513,6.0,0,6.0
10514,6.0,7,6.0
10515,6.0,0,6.0
10516,6.0,0,6.0
10517,6.0,0,6.0
10518,6.0,0,6.0
10519,6.0,0,6.0
10520,6.0,7,6.0
10521,6.0,7,6.0
10522,1.0,8,0.0
10523,6.0,0,6.0
10524,6.0,0,6.0
10525,6.0,7,6.0
10526,6.0,0,6.0
10527,6.0,7,6.0
10528,6.0,0,6.0
10529,6.0,0,6.0
10530,6.0,7,6.0
10531,6.0,7,6.0
10532,6.0,0,6.0
10533,6.0,7,6.0
10534,6.0,0,6.0
10535,6.0,0,6.0
10536,6.0,7,6.0
10537,6.0,7,6.0
10538,6.0,7,6.0
10539,6.0,0,6.0
10540,6.0,7,6.0
10541,6.0,0,6.0
10542,6.0,0,6.0
10543,7.0,6,7.0
10544,6.0,7,6.0
10545,6.0,0,6.0
10546,6.0,0,6.0
10547,6.0,0,6.0
10548,6.0,0,6.0
10549,6.0,0,6.0
10550,6.0,7,6.0
10551,6.0,7,6.0
10552,6.0,7,6.0
10553,6.0,0,6.0
10554,6.0,7,6.0
10555,1.0,6,7.0
10556,6.0,7,6.0
10557,6.0,7,6.0
10558,6.0,0,6.0
10559,6.0,0,6.0
10560,6.0,7,6.0
10561,1.0,6,7.0
10562,6.0,0,6.0
10563,6.0,0,6.0
10564,6.0,0,6.0
10565,6.0,7,6.0
10566,6.0,7,6.0
10567,6.0,7,6.0
10568,6.0,0,6.0
10569,6.0,0,6.0
10570,6.0,0,6.0
10571,6.0,0,6.0
10572,6.0,0,6.0
10573,6.0,0,6.0
10574,6.0,0,6.0
10575,6.0,7,6.0
10576,6.0,0,6.0
10577,6.0,0,6.0
10578,6.0,0,6.0
10579,1.0,8,0.0
10580,6.0,7,6.0
10581,6.0,0,6.0
10582,6.0,7,6.0
10583,6.0,7,6.0
10584,6.0,7,6.0
10585,6.0,0,6.0
10586,6.0,0,6.0
10587,6.0,7,6.0
10588,6.0,7,6.0
10589,6.0,7,6.0
10590,6.0,0,6.0
10591,6.0,0,6.0
10592,6.0,7,6.0
10593,6.0,7,6.0
10594,1.0,6,7.0
10595,1.0,6,7.0
10596,6.0,7,6.0
10597,6.0,7,6.0
10598,6.0,0,6.0
10599,6.0,6,7.0
10600,7.0,6,7.0
10601,6.0,7,6.0
10602,6.0,7,6.0
10603,6.0,7,6.0
10604,6.0,7,6.0
10605,6.0,0,6.0
10606,6.0,0,6.0
10607,6.0,7,6.0
10608,6.0,0,6.0
10609,6.0,0,6.0
10610,6.0,7,6.0
10611,6.0,7,6.0
10612,6.0,7,6.0
10613,6.0,7,6.0
10614,6.0,0,6.0
10615,6.0,7,6.0
10616,6.0,0,6.0
10617,6.0,7,6.0
10618,6.0,7,6.0
10619,6.0,7,6.0
10620,6.0,7,6.0
10621,6.0,0,6.0
10622,6.0,7,6.0
10623,6.0,0,6.0
10624,6.0,7,6.0
10625,6.0,0,6.0
10626,6.0,7,6.0
10627,6.0,7,6.0
10628,6.0,7,6.0
10629,6.0,7,6.0
10630,6.0,0,6.0
10631,6.0,7,6.0
10632,6.0,7,6.0
10633,6.0,0,6.0
10634,6.0,7,6.0
10635,6.0,7,6.0
10636,6.0,7,6.0
10637,6.0,7,6.0
10638,6.0,7,6.0
10639,6.0,0,6.0
10640,6.0,7,6.0
10641,6.0,0,6.0
10642,6.0,0,6.0
10643,6.0,7,6.0
10644,6.0,7,6.0
10645,6.0,7,6.0
10646,6.0,7,6.0
10647,6.0,0,6.0
10648,6.0,0,6.0
10649,6.0,7,6.0
10650,6.0,0,6.0
10651,6.0,7,6.0
10652,6.0,0,6.0
10653,6.0,7,6.0
10654,6.0,0,6.0
10655,6.0,7,6.0
10656,6.0,0,6.0
10657,6.0,7,6.0
10658,6.0,0,6.0
10659,6.0,7,6.0
10660,6.0,0,6.0
10661,6.0,0,6.0
10662,6.0,7,6.0
10663,1.0,8,0.0
10664,6.0,0,6.0
10665,6.0,1,3.0
10666,6.0,7,6.0
10667,6.0,7,6.0
10668,6.0,7,6.0
10669,6.0,7,6.0
10670,6.0,0,6.0
10671,6.0,7,6.0
10672,6.0,0,6.0
10673,6.0,7,6.0
10674,6.0,0,6.0
10675,6.0,0,6.0
10676,6.0,7,6.0
10677,6.0,7,6.0
10678,6.0,7,6.0
10679,6.0,7,6.0
10680,6.0,7,6.0
10681,6.0,7,6.0
10682,6.0,7,6.0
10683,6.0,0,6.0
10684,6.0,7,6.0
10685,6.0,0,6.0
10686,6.0,7,6.0
10687,6.0,7,6.0
10688,6.0,7,6.0
10689,6.0,0,6.0
10690,6.0,7,6.0
10691,6.0,7,6.0
10692,6.0,7,6.0
10693,6.0,7,6.0
10694,6.0,0,6.0
10695,7.0,6,7.0
10696,6.0,7,6.0
10697,6.0,7,6.0
10698,6.0,7,6.0
10699,6.0,0,6.0
10700,6.0,0,6.0
10701,6.0,7,6.0
10702,6.0,7,6.0
10703,6.0,0,6.0
10704,6.0,7,6.0
10705,6.0,7,6.0
10706,6.0,7,6.0
10707,6.0,7,6.0
10708,6.0,7,6.0
10709,6.0,0,6.0
10710,6.0,0,6.0
10711,6.0,7,6.0
10712,6.0,7,6.0
10713,6.0,7,6.0
10714,6.0,7,6.0
10715,6.0,7,6.0
10716,6.0,7,6.0
10717,6.0,7,6.0
10718,6.0,7,6.0
10719,0.0,8,0.0
10720,6.0,7,6.0
10721,6.0,7,6.0
10722,6.0,7,6.0
10723,6.0,7,6.0
10724,6.0,7,6.0
10725,6.0,0,6.0
10726,6.0,7,6.0
10727,6.0,0,6.0
10728,6.0,7,6.0
10729,6.0,7,6.0
10730,6.0,0,6.0
10731,6.0,7,6.0
10732,6.0,7,6.0
10733,6.0,0,6.0
10734,6.0,7,6.0
10735,6.0,7,6.0
10736,6.0,0,6.0
10737,6.0,7,6.0
10738,6.0,7,6.0
10739,6.0,7,6.0
10740,6.0,7,6.0
10741,6.0,7,6.0
10742,6.0,7,6.0
10743,6.0,7,6.0
10744,6.0,0,6.0
10745,6.0,7,6.0
10746,6.0,7,6.0
10747,6.0,7,6.0
10748,6.0,0,6.0
10749,6.0,0,6.0
10750,6.0,0,6.0
10751,6.0,7,6.0
10752,6.0,0,6.0
10753,6.0,7,6.0
10754,6.0,7,6.0
10755,6.0,7,6.0
10756,6.0,0,6.0
10757,6.0,7,6.0
10758,6.0,7,6.0
10759,6.0,7,6.0
10760,6.0,7,6.0
10761,6.0,7,6.0
10762,6.0,7,6.0
10763,6.0,0,6.0
10764,6.0,0,6.0
10765,6.0,0,6.0
10766,6.0,7,6.0
10767,6.0,0,6.0
10768,6.0,0,6.0
10769,6.0,7,6.0
10770,6.0,7,6.0
10771,6.0,7,6.0
10772,1.0,6,7.0
10773,6.0,7,6.0
10774,6.0,7,6.0
10775,6.0,0,6.0
10776,6.0,7,6.0
10777,6.0,7,6.0
10778,6.0,7,6.0
10779,6.0,0,6.0
10780,6.0,7,6.0
10781,5.0,5,4.0
10782,6.0,7,6.0
10783,1.0,6,7.0
10784,6.0,7,6.0
10785,6.0,7,6.0
10786,6.0,7,6.0
10787,6.0,7,6.0
10788,6.0,7,6.0
10789,6.0,0,6.0
10790,6.0,7,6.0
10791,6.0,7,6.0
10792,6.0,7,6.0
10793,6.0,7,6.0
10794,6.0,7,6.0
10795,6.0,7,6.0
10796,6.0,7,6.0
10797,6.0,0,6.0
10798,6.0,7,6.0
10799,6.0,0,6.0
10800,6.0,0,6.0
10801,6.0,7,6.0
10802,6.0,7,6.0
10803,6.0,0,6.0
10804,6.0,7,6.0
10805,6.0,7,6.0
10806,6.0,0,6.0
10807,6.0,0,6.0
10808,6.0,0,6.0
10809,6.0,7,6.0
10810,6.0,0,6.0
10811,6.0,7,6.0
10812,6.0,7,6.0
10813,6.0,7,6.0
10814,6.0,0,6.0
10815,6.0,7,6.0
10816,6.0,7,6.0
10817,6.0,7,6.0
10818,6.0,0,6.0
10819,6.0,7,6.0
10820,6.0,7,6.0
10821,6.0,0,6.0
10822,6.0,7,6.0
10823,6.0,0,6.0
10824,6.0,7,6.0
10825,6.0,7,6.0
10826,6.0,0,6.0
10827,6.0,7,6.0
10828,1.0,8,0.0
10829,6.0,0,6.0
10830,6.0,7,6.0
10831,6.0,0,6.0
10832,0.0,8,0.0
10833,6.0,0,6.0
10834,6.0,0,6.0
10835,6.0,7,6.0
10836,1.0,6,7.0
10837,6.0,7,6.0
10838,6.0,0,6.0
10839,1.0,6,7.0
10840,6.0,0,6.0
10841,6.0,7,6.0
10842,6.0,7,6.0
10843,6.0,7,6.0
10844,6.0,7,6.0
10845,6.0,0,6.0
10846,6.0,0,6.0
10847,6.0,7,6.0
10848,6.0,7,6.0
10849,6.0,7,6.0
10850,6.0,0,6.0
10851,6.0,7,6.0
10852,6.0,7,6.0
10853,1.0,6,7.0
10854,7.0,6,7.0
10855,6.0,7,6.0
10856,6.0,0,6.0
10857,6.0,7,6.0
10858,6.0,0,6.0
10859,6.0,7,6.0
10860,6.0,7,6.0
10861,6.0,7,6.0
10862,6.0,7,6.0
10863,6.0,7,6.0
10864,6.0,0,6.0
10865,6.0,0,6.0
10866,6.0,7,6.0
10867,6.0,0,6.0
10868,6.0,7,6.0
10869,6.0,7,6.0
10870,6.0,0,6.0
10871,0.0,8,0.0
10872,6.0,7,6.0
10873,6.0,7,6.0
10874,6.0,0,6.0
10875,6.0,7,6.0
10876,6.0,0,6.0
10877,6.0,7,6.0
10878,6.0,7,6.0
10879,6.0,7,6.0
10880,6.0,0,6.0
10881,6.0,0,6.0
10882,6.0,0,6.0
10883,6.0,7,6.0
10884,6.0,7,6.0
10885,6.0,7,6.0
10886,6.0,7,6.0
10887,6.0,7,6.0
10888,6.0,7,6.0
10889,6.0,7,6.0
10890,6.0,0,6.0
10891,6.0,0,6.0
10892,6.0,7,6.0
10893,6.0,0,6.0
10894,6.0,7,6.0
10895,6.0,7,6.0
10896,6.0,0,6.0
10897,1.0,6,7.0
10898,6.0,0,6.0
10899,6.0,0,6.0
10900,6.0,7,6.0
10901,6.0,7,6.0
10902,6.0,0,6.0
10903,6.0,7,6.0
10904,1.0,8,0.0
10905,6.0,7,6.0
10906,6.0,7,6.0
10907,6.0,7,6.0
10908,6.0,7,6.0
10909,1.0,8,0.0
10910,6.0,0,6.0
10911,6.0,7,6.0
10912,6.0,7,6.0
10913,6.0,0,6.0
10914,6.0,7,6.0
10915,6.0,7,6.0
10916,6.0,0,6.0
10917,6.0,7,6.0
10918,6.0,0,6.0
10919,6.0,7,6.0
10920,6.0,7,6.0
10921,6.0,7,6.0
10922,6.0,7,6.0
10923,6.0,7,6.0
10924,6.0,7,6.0
10925,6.0,7,6.0
10926,6.0,0,6.0
10927,6.0,7,6.0
10928,6.0,0,6.0
10929,6.0,0,6.0
10930,6.0,0,6.0
10931,6.0,7,6.0
10932,6.0,7,6.0
10933,6.0,7,6.0
10934,6.0,0,6.0
10935,6.0,7,6.0
10936,6.0,7,6.0
10937,6.0,0,6.0
10938,6.0,7,6.0
10939,6.0,7,6.0
10940,6.0,7,6.0
10941,6.0,7,6.0
10942,6.0,7,6.0
10943,6.0,7,6.0
10944,6.0,0,6.0
10945,6.0,7,6.0
10946,6.0,7,6.0
10947,6.0,0,6.0
10948,6.0,0,6.0
10949,6.0,0,6.0
10950,6.0,7,6.0
10951,6.0,0,6.0
10952,6.0,7,6.0
10953,6.0,7,6.0
10954,6.0,7,6.0
10955,0.0,8,0.0
10956,6.0,7,6.0
10957,6.0,7,6.0
10958,6.0,0,6.0
10959,6.0,7,6.0
10960,6.0,7,6.0
10961,6.0,7,6.0
10962,6.0,0,6.0
10963,1.0,6,7.0
10964,6.0,0,6.0
10965,6.0,0,6.0
10966,6.0,7,6.0
10967,6.0,0,6.0
10968,6.0,7,6.0
10969,6.0,7,6.0
10970,6.0,0,6.0
10971,6.0,7,6.0
10972,6.0,0,6.0
10973,6.0,0,6.0
10974,6.0,7,6.0
10975,6.0,7,6.0
10976,6.0,7,6.0
10977,6.0,7,6.0
10978,6.0,7,6.0
10979,6.0,0,6.0
10980,6.0,7,6.0
10981,6.0,7,6.0
10982,1.0,6,7.0
10983,6.0,7,6.0
10984,6.0,0,6.0
10985,6.0,7,6.0
10986,6.0,7,6.0
10987,6.0,7,6.0
10988,6.0,7,6.0
10989,6.0,7,6.0
10990,6.0,7,6.0
10991,1.0,7,6.0
10992,6.0,0,6.0
10993,6.0,7,6.0
10994,1.0,6,7.0
10995,6.0,0,6.0
10996,6.0,7,6.0
10997,6.0,7,6.0
10998,6.0,7,6.0
10999,6.0,0,6.0
11000,6.0,7,6.0
11001,6.0,0,6.0
11002,6.0,7,6.0
11003,6.0,7,6.0
11004,6.0,7,6.0
11005,6.0,7,6.0
11006,6.0,7,6.0
11007,6.0,0,6.0
11008,6.0,7,6.0
11009,6.0,7,6.0
11010,6.0,0,6.0
11011,6.0,0,6.0
11012,6.0,7,6.0
11013,6.0,7,6.0
11014,6.0,7,6.0
11015,6.0,7,6.0
11016,6.0,7,6.0
11017,6.0,0,6.0
11018,6.0,0,6.0
11019,1.0,6,7.0
11020,6.0,7,6.0
11021,6.0,7,6.0
11022,6.0,7,6.0
11023,6.0,0,6.0
11024,6.0,7,6.0
11025,6.0,7,6.0
11026,6.0,7,6.0
11027,6.0,0,6.0
11028,6.0,0,6.0
11029,6.0,0,6.0
11030,6.0,0,6.0
11031,6.0,7,6.0
11032,6.0,7,6.0
11033,6.0,7,6.0
11034,6.0,0,6.0
11035,6.0,7,6.0
11036,6.0,7,6.0
11037,6.0,7,6.0
11038,6.0,7,6.0
11039,6.0,7,6.0
11040,6.0,7,6.0
11041,6.0,0,6.0
11042,6.0,0,6.0
11043,6.0,7,6.0
11044,6.0,7,6.0
11045,6.0,7,6.0
11046,6.0,7,6.0
11047,6.0,7,6.0
11048,6.0,7,6.0
11049,6.0,7,6.0
11050,6.0,0,6.0
11051,6.0,7,6.0
11052,6.0,0,6.0
11053,6.0,7,6.0
11054,6.0,7,6.0
11055,6.0,7,6.0
11056,6.0,7,6.0
11057,6.0,7,6.0
11058,6.0,7,6.0
11059,6.0,0,6.0
11060,6.0,0,6.0
11061,6.0,7,6.0
11062,6.0,0,6.0
11063,6.0,7,6.0
11064,6.0,7,6.0
11065,6.0,0,6.0
11066,6.0,7,6.0
11067,6.0,7,6.0
11068,6.0,7,6.0
11069,6.0,7,6.0
11070,7.0,6,7.0
11071,1.0,6,7.0
11072,6.0,7,6.0
11073,6.0,7,6.0
11074,6.0,0,6.0
11075,6.0,0,6.0
11076,6.0,0,6.0
11077,6.0,0,6.0
11078,6.0,7,6.0
11079,6.0,7,6.0
11080,6.0,0,6.0
11081,6.0,0,6.0
11082,6.0,7,6.0
11083,6.0,0,6.0
11084,6.0,0,6.0
11085,6.0,7,6.0
11086,6.0,7,6.0
11087,6.0,0,6.0
11088,6.0,7,6.0
11089,6.0,0,6.0
11090,6.0,0,6.0
11091,6.0,0,6.0
11092,6.0,7,6.0
11093,6.0,0,6.0
11094,6.0,7,6.0
11095,6.0,7,6.0
11096,6.0,0,6.0
11097,6.0,0,6.0
11098,6.0,0,6.0
11099,6.0,0,6.0
11100,6.0,0,6.0
11101,6.0,7,6.0
11102,6.0,7,6.0
11103,6.0,0,6.0
11104,6.0,7,6.0
11105,6.0,0,6.0
11106,6.0,7,6.0
11107,6.0,7,6.0
11108,1.0,8,0.0
11109,6.0,7,6.0
11110,6.0,0,6.0
11111,6.0,7,6.0
11112,6.0,7,6.0
11113,6.0,7,6.0
11114,6.0,0,6.0
11115,6.0,7,6.0
11116,6.0,7,6.0
11117,6.0,7,6.0
11118,6.0,7,6.0
11119,6.0,0,6.0
11120,6.0,0,6.0
11121,3.0,1,3.0
11122,6.0,0,6.0
11123,6.0,7,6.0
11124,6.0,7,6.0
11125,6.0,7,6.0
11126,6.0,7,6.0
11127,6.0,7,6.0
11128,6.0,7,6.0
11129,6.0,0,6.0
11130,6.0,0,6.0
11131,6.0,0,6.0
11132,6.0,0,6.0
11133,6.0,7,6.0
11134,6.0,7,6.0
11135,6.0,0,6.0
11136,1.0,6,7.0
11137,6.0,7,6.0
11138,6.0,0,6.0
11139,6.0,0,6.0
11140,6.0,0,6.0
11141,6.0,0,6.0
11142,6.0,0,6.0
11143,6.0,7,6.0
11144,6.0,7,6.0
11145,6.0,7,6.0
11146,6.0,7,6.0
11147,6.0,7,6.0
11148,6.0,0,6.0
11149,6.0,0,6.0
11150,6.0,0,6.0
11151,6.0,7,6.0
11152,6.0,0,6.0
11153,6.0,7,6.0
11154,6.0,7,6.0
11155,1.0,6,7.0
11156,6.0,7,6.0
11157,6.0,7,6.0
11158,6.0,7,6.0
11159,6.0,7,6.0
11160,6.0,7,6.0
11161,6.0,7,6.0
11162,6.0,0,6.0
11163,6.0,7,6.0
11164,6.0,7,6.0
11165,6.0,7,6.0
11166,6.0,0,6.0
11167,6.0,0,6.0
11168,6.0,7,6.0
11169,6.0,0,6.0
11170,6.0,7,6.0
11171,6.0,7,6.0
11172,6.0,7,6.0
11173,6.0,0,6.0
11174,6.0,7,6.0
11175,6.0,0,6.0
11176,6.0,7,6.0
11177,6.0,7,6.0
11178,6.0,0,6.0
11179,7.0,6,7.0
11180,6.0,7,6.0
11181,6.0,7,6.0
11182,6.0,0,6.0
11183,6.0,0,6.0
11184,6.0,7,6.0
11185,6.0,7,6.0
11186,6.0,0,6.0
11187,6.0,7,6.0
11188,6.0,7,6.0
11189,6.0,7,6.0
11190,1.0,6,7.0
11191,6.0,0,6.0
11192,6.0,7,6.0
11193,6.0,7,6.0
11194,6.0,0,6.0
11195,6.0,7,6.0
11196,6.0,7,6.0
11197,6.0,7,6.0
11198,6.0,7,6.0
11199,1.0,6,7.0
11200,6.0,7,6.0
11201,1.0,6,7.0
11202,6.0,0,6.0
11203,6.0,0,6.0
11204,6.0,0,6.0
11205,6.0,0,6.0
11206,6.0,7,6.0
11207,6.0,7,6.0
11208,6.0,0,6.0
11209,6.0,7,6.0
11210,6.0,7,6.0
11211,6.0,0,6.0
11212,6.0,7,6.0
11213,6.0,7,6.0
11214,6.0,7,6.0
11215,6.0,7,6.0
11216,6.0,0,6.0
11217,6.0,7,6.0
11218,6.0,0,6.0
11219,6.0,7,6.0
11220,6.0,7,6.0
11221,6.0,7,6.0
11222,6.0,7,6.0
11223,6.0,0,6.0
11224,6.0,7,6.0
11225,6.0,0,6.0
11226,6.0,0,6.0
11227,6.0,0,6.0
11228,6.0,7,6.0
11229,6.0,7,6.0
11230,6.0,7,6.0
11231,6.0,0,6.0
11232,6.0,7,6.0
11233,6.0,7,6.0
11234,6.0,7,6.0
11235,6.0,7,6.0
11236,6.0,7,6.0
11237,6.0,0,6.0
11238,6.0,7,6.0
11239,6.0,0,6.0
11240,6.0,0,6.0
11241,1.0,8,0.0
11242,6.0,0,6.0
11243,6.0,0,6.0
11244,6.0,0,6.0
11245,6.0,7,6.0
11246,1.0,6,7.0
11247,6.0,0,6.0
11248,6.0,0,6.0
11249,6.0,7,6.0
11250,6.0,7,6.0
11251,6.0,0,6.0
11252,6.0,7,6.0
11253,6.0,0,6.0
11254,6.0,7,6.0
11255,6.0,0,6.0
11256,6.0,7,6.0
11257,6.0,7,6.0
11258,6.0,7,6.0
11259,6.0,7,6.0
11260,6.0,7,6.0
11261,6.0,7,6.0
11262,6.0,7,6.0
11263,6.0,7,6.0
11264,6.0,7,6.0
11265,6.0,7,6.0
11266,6.0,7,6.0
11267,6.0,7,6.0
11268,6.0,7,6.0
11269,6.0,7,6.0
11270,6.0,7,6.0
11271,6.0,7,6.0
11272,6.0,7,6.0
11273,6.0,7,6.0
11274,6.0,7,6.0
11275,6.0,7,6.0
11276,0.0,8,0.0
11277,1.0,8,0.0
11278,6.0,7,6.0
11279,6.0,7,6.0
11280,6.0,7,6.0
11281,1.0,6,7.0
11282,6.0,7,6.0
11283,6.0,7,6.0
11284,6.0,7,6.0
11285,6.0,7,6.0
11286,1.0,9,1.0
11287,6.0,7,6.0
11288,6.0,0,6.0
11289,6.0,7,6.0
11290,6.0,7,6.0
11291,6.0,7,6.0
11292,6.0,7,6.0
11293,6.0,0,6.0
11294,6.0,7,6.0
11295,6.0,7,6.0
11296,6.0,7,6.0
11297,6.0,7,6.0
11298,6.0,7,6.0
11299,6.0,7,6.0
11300,6.0,7,6.0
11301,6.0,0,6.0
11302,6.0,0,6.0
11303,6.0,7,6.0
11304,7.0,6,7.0
11305,6.0,7,6.0
11306,6.0,7,6.0
11307,6.0,7,6.0
11308,6.0,7,6.0
11309,6.0,0,6.0
11310,6.0,7,6.0
11311,6.0,7,6.0
11312,6.0,7,6.0
11313,6.0,0,6.0
11314,6.0,0,6.0
11315,6.0,7,6.0
11316,6.0,7,6.0
11317,6.0,7,6.0
11318,6.0,7,6.0
11319,6.0,7,6.0
11320,6.0,7,6.0
11321,6.0,7,6.0
11322,6.0,7,6.0
11323,6.0,7,6.0
11324,6.0,7,6.0
11325,6.0,0,6.0
11326,6.0,7,6.0
11327,6.0,7,6.0
11328,6.0,0,6.0
11329,6.0,7,6.0
11330,6.0,7,6.0
11331,6.0,7,6.0
11332,6.0,7,6.0
11333,6.0,7,6.0
11334,6.0,0,6.0
11335,6.0,7,6.0
11336,6.0,7,6.0
11337,6.0,7,6.0
11338,6.0,0,6.0
11339,6.0,0,6.0
11340,7.0,6,7.0
11341,6.0,7,6.0
11342,6.0,7,6.0
11343,6.0,7,6.0
11344,6.0,0,6.0
11345,6.0,7,6.0
11346,6.0,7,6.0
11347,6.0,0,6.0
11348,6.0,0,6.0
11349,6.0,7,6.0
11350,6.0,7,6.0
11351,6.0,7,6.0
11352,6.0,7,6.0
11353,6.0,7,6.0
11354,6.0,7,6.0
11355,6.0,0,6.0
11356,6.0,7,6.0
11357,6.0,0,6.0
11358,6.0,7,6.0
11359,6.0,7,6.0
11360,6.0,7,6.0
11361,6.0,0,6.0
11362,6.0,7,6.0
11363,6.0,7,6.0
11364,6.0,7,6.0
11365,6.0,7,6.0
11366,1.0,6,7.0
11367,6.0,0,6.0
11368,6.0,0,6.0
11369,6.0,7,6.0
11370,6.0,7,6.0
11371,6.0,7,6.0
11372,6.0,7,6.0
11373,6.0,0,6.0
11374,6.0,7,6.0
11375,6.0,7,6.0
11376,6.0,0,6.0
11377,6.0,7,6.0
11378,6.0,0,6.0
11379,6.0,7,6.0
11380,6.0,7,6.0
11381,6.0,0,6.0
11382,6.0,7,6.0
11383,6.0,7,6.0
11384,6.0,7,6.0
11385,6.0,0,6.0
11386,6.0,0,6.0
11387,6.0,0,6.0
11388,6.0,7,6.0
11389,6.0,7,6.0
11390,6.0,7,6.0
11391,6.0,0,6.0
11392,6.0,7,6.0
11393,6.0,0,6.0
11394,6.0,7,6.0
11395,6.0,0,6.0
11396,6.0,7,6.0
11397,6.0,7,6.0
11398,6.0,7,6.0
11399,6.0,7,6.0
11400,6.0,7,6.0
11401,1.0,6,7.0
11402,6.0,7,6.0
11403,6.0,0,6.0
11404,6.0,7,6.0
11405,6.0,0,6.0
11406,6.0,7,6.0
11407,6.0,7,6.0
11408,6.0,7,6.0
11409,6.0,7,6.0
11410,6.0,7,6.0
11411,6.0,7,6.0
11412,6.0,7,6.0
11413,0.0,8,0.0
11414,6.0,0,6.0
11415,6.0,7,6.0
11416,6.0,7,6.0
11417,6.0,0,6.0
11418,6.0,7,6.0
11419,1.0,1,3.0
11420,6.0,7,6.0
11421,6.0,0,6.0
11422,6.0,7,6.0
11423,6.0,7,6.0
11424,6.0,7,6.0
11425,6.0,7,6.0
11426,6.0,7,6.0
11427,6.0,0,6.0
11428,6.0,7,6.0
11429,6.0,0,6.0
11430,6.0,0,6.0
11431,6.0,0,6.0
11432,6.0,7,6.0
11433,6.0,0,6.0
11434,6.0,0,6.0
11435,6.0,0,6.0
11436,6.0,0,6.0
11437,6.0,7,6.0
11438,6.0,7,6.0
11439,6.0,7,6.0
11440,6.0,0,6.0
11441,6.0,7,6.0
11442,6.0,0,6.0
11443,6.0,0,6.0
11444,6.0,7,6.0
11445,6.0,7,6.0
11446,6.0,7,6.0
11447,6.0,0,6.0
11448,6.0,0,6.0
11449,6.0,0,6.0
11450,6.0,7,6.0
11451,6.0,7,6.0
11452,6.0,7,6.0
11453,6.0,7,6.0
11454,6.0,7,6.0
11455,1.0,6,7.0
11456,6.0,0,6.0
11457,6.0,7,6.0
11458,6.0,0,6.0
11459,6.0,7,6.0
11460,7.0,6,7.0
11461,6.0,0,6.0
11462,6.0,7,6.0
11463,6.0,7,6.0
11464,6.0,7,6.0
11465,0.0,8,0.0
11466,6.0,7,6.0
11467,6.0,7,6.0
11468,6.0,7,6.0
11469,6.0,7,6.0
11470,6.0,0,6.0
11471,6.0,7,6.0
11472,6.0,7,6.0
11473,6.0,7,6.0
11474,6.0,7,6.0
11475,6.0,7,6.0
11476,6.0,7,6.0
11477,6.0,7,6.0
11478,6.0,7,6.0
11479,1.0,8,0.0
11480,6.0,7,6.0
11481,6.0,0,6.0
11482,6.0,7,6.0
11483,6.0,0,6.0
11484,6.0,7,6.0
11485,6.0,7,6.0
11486,6.0,7,6.0
11487,6.0,7,6.0
11488,6.0,7,6.0
11489,6.0,0,6.0
11490,6.0,0,6.0
11491,6.0,7,6.0
11492,6.0,7,6.0
11493,6.0,7,6.0
11494,6.0,7,6.0
11495,6.0,7,6.0
11496,6.0,0,6.0
11497,6.0,7,6.0
11498,6.0,0,6.0
11499,6.0,7,6.0
11500,6.0,0,6.0
11501,6.0,0,6.0
11502,6.0,7,6.0
11503,6.0,7,6.0
11504,6.0,7,6.0
11505,7.0,6,7.0
11506,6.0,0,6.0
11507,6.0,7,6.0
11508,6.0,7,6.0
11509,6.0,7,6.0
11510,6.0,7,6.0
11511,6.0,7,6.0
11512,6.0,7,6.0
11513,6.0,0,6.0
11514,6.0,0,6.0
11515,6.0,7,6.0
11516,6.0,0,6.0
11517,6.0,0,6.0
11518,6.0,7,6.0
11519,6.0,7,6.0
11520,6.0,0,6.0
11521,0.0,8,0.0
11522,6.0,0,6.0
11523,6.0,7,6.0
11524,1.0,6,7.0
11525,6.0,7,6.0
11526,6.0,7,6.0
11527,6.0,7,6.0
11528,6.0,7,6.0
11529,6.0,7,6.0
11530,6.0,7,6.0
11531,6.0,0,6.0
11532,6.0,0,6.0
11533,6.0,7,6.0
11534,6.0,0,6.0
11535,6.0,7,6.0
11536,6.0,0,6.0
11537,6.0,0,6.0
11538,6.0,7,6.0
11539,6.0,7,6.0
11540,6.0,7,6.0
11541,6.0,7,6.0
11542,6.0,7,6.0
11543,6.0,0,6.0
11544,6.0,7,6.0
11545,6.0,0,6.0
11546,6.0,7,6.0
11547,6.0,0,6.0
11548,6.0,7,6.0
11549,6.0,7,6.0
11550,6.0,7,6.0
11551,6.0,7,6.0
11552,6.0,0,6.0
11553,6.0,7,6.0
11554,6.0,6,7.0
11555,6.0,7,6.0
11556,6.0,7,6.0
11557,6.0,0,6.0
11558,6.0,7,6.0
11559,6.0,0,6.0
11560,6.0,0,6.0
11561,6.0,7,6.0
11562,6.0,7,6.0
11563,6.0,7,6.0
11564,6.0,7,6.0
11565,6.0,7,6.0
11566,6.0,0,6.0
11567,6.0,7,6.0
11568,7.0,6,7.0
11569,6.0,0,6.0
11570,6.0,7,6.0
11571,6.0,0,6.0
11572,6.0,7,6.0
11573,6.0,7,6.0
11574,6.0,7,6.0
11575,6.0,7,6.0
11576,6.0,0,6.0
11577,6.0,0,6.0
11578,6.0,7,6.0
11579,6.0,7,6.0
11580,6.0,7,6.0
11581,6.0,0,6.0
11582,6.0,7,6.0
11583,6.0,7,6.0
11584,6.0,7,6.0
11585,6.0,7,6.0
11586,6.0,7,6.0
11587,6.0,7,6.0
11588,6.0,0,6.0
11589,6.0,7,6.0
11590,6.0,7,6.0
11591,6.0,7,6.0
11592,6.0,7,6.0
11593,6.0,7,6.0
11594,6.0,7,6.0
11595,6.0,0,6.0
11596,6.0,0,6.0
11597,6.0,7,6.0
11598,6.0,7,6.0
11599,6.0,7,6.0
11600,6.0,0,6.0
11601,6.0,7,6.0
11602,6.0,7,6.0
11603,6.0,7,6.0
11604,6.0,7,6.0
11605,6.0,0,6.0
11606,6.0,0,6.0
11607,6.0,7,6.0
11608,6.0,0,6.0
11609,6.0,7,6.0
11610,6.0,0,6.0
11611,6.0,7,6.0
11612,6.0,7,6.0
11613,6.0,7,6.0
11614,6.0,0,6.0
11615,6.0,7,6.0
11616,6.0,7,6.0
11617,6.0,0,6.0
11618,6.0,7,6.0
11619,6.0,7,6.0
11620,6.0,0,6.0
11621,6.0,7,6.0
11622,7.0,6,7.0
11623,6.0,0,6.0
11624,6.0,7,6.0
11625,6.0,7,6.0
11626,6.0,7,6.0
11627,6.0,7,6.0
11628,6.0,7,6.0
11629,6.0,7,6.0
11630,6.0,7,6.0
11631,6.0,0,6.0
11632,6.0,7,6.0
11633,6.0,7,6.0
11634,6.0,0,6.0
11635,6.0,0,6.0
11636,6.0,0,6.0
11637,6.0,0,6.0
11638,7.0,6,7.0
11639,6.0,7,6.0
11640,0.0,8,0.0
11641,6.0,7,6.0
11642,6.0,0,6.0
11643,6.0,0,6.0
11644,1.0,6,7.0
11645,6.0,0,6.0
11646,6.0,7,6.0
11647,6.0,0,6.0
11648,6.0,0,6.0
11649,6.0,0,6.0
11650,6.0,7,6.0
11651,6.0,7,6.0
11652,6.0,7,6.0
11653,6.0,7,6.0
11654,6.0,7,6.0
11655,6.0,0,6.0
11656,6.0,7,6.0
11657,6.0,0,6.0
11658,6.0,7,6.0
11659,6.0,7,6.0
11660,6.0,0,6.0
11661,6.0,7,6.0
11662,6.0,0,6.0
11663,6.0,7,6.0
11664,6.0,0,6.0
11665,6.0,0,6.0
11666,6.0,7,6.0
11667,6.0,7,6.0
11668,6.0,0,6.0
11669,6.0,7,6.0
11670,6.0,7,6.0
11671,6.0,7,6.0
11672,6.0,7,6.0
11673,6.0,7,6.0
11674,6.0,0,6.0
11675,6.0,7,6.0
11676,6.0,7,6.0
11677,6.0,7,6.0
11678,6.0,0,6.0
11679,1.0,6,7.0
11680,6.0,7,6.0
11681,6.0,7,6.0
11682,6.0,0,6.0
11683,6.0,7,6.0
11684,6.0,7,6.0
11685,6.0,7,6.0
11686,6.0,7,6.0
11687,6.0,0,6.0
11688,6.0,7,6.0
11689,6.0,0,6.0
11690,6.0,7,6.0
11691,6.0,7,6.0
11692,6.0,7,6.0
11693,6.0,7,6.0
11694,6.0,7,6.0
11695,6.0,0,6.0
11696,0.0,1,3.0
11697,6.0,7,6.0
11698,6.0,7,6.0
11699,6.0,7,6.0
11700,6.0,7,6.0
11701,6.0,7,6.0
11702,6.0,7,6.0
11703,6.0,7,6.0
11704,6.0,7,6.0
11705,1.0,6,7.0
11706,6.0,7,6.0
11707,6.0,7,6.0
11708,6.0,7,6.0
11709,6.0,7,6.0
11710,6.0,7,6.0
11711,6.0,7,6.0
11712,6.0,7,6.0
11713,6.0,0,6.0
11714,6.0,0,6.0
11715,6.0,7,6.0
11716,6.0,7,6.0
11717,6.0,0,6.0
11718,6.0,0,6.0
11719,6.0,7,6.0
11720,6.0,7,6.0
11721,6.0,7,6.0
11722,6.0,7,6.0
11723,6.0,0,6.0
11724,6.0,7,6.0
11725,6.0,0,6.0
11726,6.0,7,6.0
11727,6.0,0,6.0
11728,6.0,0,6.0
11729,6.0,0,6.0
11730,6.0,7,6.0
11731,6.0,7,6.0
11732,6.0,0,6.0
11733,6.0,7,6.0
11734,6.0,0,6.0
11735,6.0,7,6.0
11736,6.0,7,6.0
11737,6.0,7,6.0
11738,6.0,7,6.0
11739,1.0,6,7.0
11740,6.0,7,6.0
11741,6.0,7,6.0
11742,6.0,7,6.0
11743,6.0,7,6.0
11744,6.0,0,6.0
11745,6.0,7,6.0
11746,6.0,7,6.0
11747,6.0,7,6.0
11748,6.0,7,6.0
11749,6.0,7,6.0
11750,6.0,7,6.0
11751,6.0,7,6.0
11752,6.0,7,6.0
11753,6.0,7,6.0
11754,6.0,7,6.0
11755,0.0,8,0.0
11756,6.0,7,6.0
11757,6.0,7,6.0
11758,6.0,0,6.0
11759,6.0,7,6.0
11760,6.0,0,6.0
11761,6.0,0,6.0
11762,6.0,7,6.0
11763,6.0,7,6.0
11764,6.0,7,6.0
11765,6.0,0,6.0
11766,6.0,7,6.0
11767,6.0,7,6.0
11768,6.0,7,6.0
11769,1.0,6,7.0
11770,6.0,0,6.0
11771,6.0,7,6.0
11772,6.0,0,6.0
11773,6.0,7,6.0
11774,6.0,0,6.0
11775,6.0,7,6.0
11776,6.0,7,6.0
11777,6.0,7,6.0
11778,6.0,7,6.0
11779,6.0,7,6.0
11780,6.0,7,6.0
11781,6.0,7,6.0
11782,6.0,7,6.0
11783,7.0,1,3.0
11784,6.0,7,6.0
11785,7.0,1,3.0
11786,6.0,7,6.0
11787,6.0,7,6.0
11788,6.0,0,6.0
11789,6.0,0,6.0
11790,6.0,7,6.0
11791,6.0,7,6.0
11792,6.0,7,6.0
11793,6.0,0,6.0
11794,6.0,7,6.0
11795,6.0,7,6.0
11796,6.0,7,6.0
11797,6.0,7,6.0
11798,6.0,7,6.0
11799,6.0,0,6.0
11800,6.0,7,6.0
11801,6.0,7,6.0
11802,6.0,0,6.0
11803,6.0,7,6.0
11804,6.0,7,6.0
11805,6.0,0,6.0
11806,6.0,7,6.0
11807,6.0,7,6.0
11808,6.0,0,6.0
11809,6.0,7,6.0
11810,6.0,7,6.0
11811,6.0,7,6.0
11812,6.0,7,6.0
11813,6.0,7,6.0
11814,6.0,7,6.0
11815,6.0,0,6.0
11816,7.0,6,7.0
11817,6.0,7,6.0
11818,6.0,7,6.0
11819,6.0,7,6.0
11820,6.0,7,6.0
11821,6.0,7,6.0
11822,6.0,7,6.0
11823,6.0,7,6.0
11824,6.0,0,6.0
11825,6.0,7,6.0
11826,6.0,7,6.0
11827,6.0,7,6.0
11828,6.0,7,6.0
11829,6.0,7,6.0
11830,6.0,7,6.0
11831,6.0,0,6.0
11832,6.0,7,6.0
11833,6.0,7,6.0
11834,6.0,0,6.0
11835,6.0,7,6.0
11836,6.0,7,6.0
11837,6.0,7,6.0
11838,6.0,7,6.0
11839,6.0,7,6.0
11840,6.0,7,6.0
11841,6.0,7,6.0
11842,1.0,8,0.0
11843,6.0,7,6.0
11844,6.0,7,6.0
11845,6.0,0,6.0
11846,6.0,7,6.0
11847,6.0,0,6.0
11848,6.0,7,6.0
11849,6.0,0,6.0
11850,6.0,7,6.0
11851,6.0,7,6.0
11852,6.0,7,6.0
11853,6.0,7,6.0
11854,6.0,7,6.0
11855,6.0,0,6.0
11856,6.0,7,6.0
11857,6.0,7,6.0
11858,6.0,7,6.0
11859,6.0,7,6.0
11860,6.0,0,6.0
11861,6.0,0,6.0
11862,6.0,7,6.0
11863,1.0,6,7.0
11864,7.0,6,7.0
11865,6.0,0,6.0
11866,6.0,7,6.0
11867,6.0,0,6.0
11868,6.0,7,6.0
11869,6.0,7,6.0
11870,6.0,0,6.0
11871,6.0,7,6.0
11872,6.0,0,6.0
11873,6.0,7,6.0
11874,6.0,7,6.0
11875,0.0,8,0.0
11876,6.0,7,6.0
11877,6.0,7,6.0
11878,6.0,7,6.0
11879,6.0,7,6.0
11880,6.0,7,6.0
11881,1.0,8,0.0
11882,6.0,7,6.0
11883,6.0,7,6.0
11884,0.0,8,0.0
11885,6.0,7,6.0
11886,6.0,7,6.0
11887,6.0,0,6.0
11888,6.0,7,6.0
11889,6.0,7,6.0
11890,6.0,7,6.0
11891,6.0,0,6.0
11892,6.0,0,6.0
11893,6.0,7,6.0
11894,6.0,7,6.0
11895,6.0,0,6.0
11896,6.0,7,6.0
11897,6.0,7,6.0
11898,6.0,7,6.0
11899,6.0,7,6.0
11900,6.0,7,6.0
11901,6.0,7,6.0
11902,6.0,7,6.0
11903,6.0,7,6.0
11904,6.0,7,6.0
11905,6.0,7,6.0
11906,6.0,0,6.0
11907,6.0,7,6.0
11908,6.0,7,6.0
11909,6.0,7,6.0
11910,6.0,7,6.0
11911,6.0,0,6.0
11912,6.0,7,6.0
11913,6.0,0,6.0
11914,6.0,7,6.0
11915,6.0,0,6.0
11916,6.0,7,6.0
11917,6.0,0,6.0
11918,6.0,7,6.0
11919,0.0,8,0.0
11920,6.0,0,6.0
11921,6.0,7,6.0
11922,6.0,0,6.0
11923,6.0,7,6.0
11924,6.0,0,6.0
11925,6.0,0,6.0
11926,6.0,7,6.0
11927,6.0,0,6.0
11928,6.0,0,6.0
11929,6.0,7,6.0
11930,6.0,0,6.0
11931,6.0,0,6.0
11932,6.0,0,6.0
11933,6.0,0,6.0
11934,6.0,7,6.0
11935,6.0,0,6.0
11936,6.0,7,6.0
11937,6.0,7,6.0
11938,6.0,7,6.0
11939,6.0,0,6.0
11940,6.0,0,6.0
11941,6.0,7,6.0
11942,6.0,0,6.0
11943,6.0,0,6.0
11944,6.0,7,6.0
11945,6.0,0,6.0
11946,6.0,7,6.0
11947,6.0,7,6.0
11948,6.0,7,6.0
11949,1.0,8,0.0
11950,6.0,7,6.0
11951,6.0,7,6.0
11952,6.0,7,6.0
11953,6.0,7,6.0
11954,6.0,0,6.0
11955,6.0,0,6.0
11956,6.0,7,6.0
11957,6.0,7,6.0
11958,6.0,7,6.0
11959,6.0,7,6.0
11960,6.0,7,6.0
11961,6.0,7,6.0
11962,6.0,7,6.0
11963,6.0,0,6.0
11964,6.0,0,6.0
11965,6.0,7,6.0
11966,6.0,7,6.0
11967,6.0,7,6.0
11968,6.0,7,6.0
11969,6.0,7,6.0
11970,6.0,7,6.0
11971,6.0,0,6.0
11972,6.0,7,6.0
11973,6.0,7,6.0
11974,6.0,7,6.0
11975,6.0,7,6.0
11976,6.0,7,6.0
11977,6.0,7,6.0
11978,6.0,7,6.0
11979,6.0,7,6.0
11980,6.0,7,6.0
11981,6.0,7,6.0
11982,6.0,0,6.0
11983,6.0,7,6.0
11984,6.0,7,6.0
11985,6.0,7,6.0
11986,6.0,7,6.0
11987,6.0,0,6.0
11988,6.0,0,6.0
11989,6.0,0,6.0
11990,6.0,7,6.0
11991,6.0,7,6.0
11992,6.0,7,6.0
11993,6.0,7,6.0
11994,6.0,0,6.0
11995,6.0,0,6.0
11996,6.0,0,6.0
11997,6.0,7,6.0
11998,6.0,0,6.0
11999,6.0,7,6.0
12000,6.0,0,6.0
12001,6.0,0,6.0
12002,6.0,7,6.0
12003,6.0,0,6.0
12004,6.0,0,6.0
12005,6.0,0,6.0
12006,6.0,0,6.0
12007,6.0,7,6.0
12008,6.0,7,6.0
12009,6.0,0,6.0
12010,6.0,0,6.0
12011,6.0,0,6.0
12012,7.0,6,7.0
12013,6.0,7,6.0
12014,6.0,7,6.0
12015,6.0,7,6.0
12016,6.0,7,6.0
12017,6.0,0,6.0
12018,6.0,7,6.0
12019,6.0,0,6.0
12020,6.0,7,6.0
12021,6.0,0,6.0
12022,6.0,0,6.0
12023,6.0,7,6.0
12024,6.0,7,6.0
12025,6.0,7,6.0
12026,6.0,7,6.0
12027,6.0,7,6.0
12028,6.0,7,6.0
12029,6.0,7,6.0
12030,6.0,7,6.0
12031,0.0,8,0.0
12032,6.0,0,6.0
12033,6.0,7,6.0
12034,6.0,7,6.0
12035,6.0,7,6.0
12036,6.0,7,6.0
12037,6.0,0,6.0
12038,6.0,7,6.0
12039,6.0,7,6.0
12040,6.0,7,6.0
12041,6.0,0,6.0
12042,6.0,7,6.0
12043,6.0,7,6.0
12044,6.0,7,6.0
12045,6.0,7,6.0
12046,6.0,7,6.0
12047,6.0,7,6.0
12048,6.0,0,6.0
12049,6.0,7,6.0
12050,6.0,7,6.0
12051,6.0,7,6.0
12052,6.0,7,6.0
12053,6.0,7,6.0
12054,6.0,7,6.0
12055,6.0,7,6.0
12056,6.0,7,6.0
12057,6.0,7,6.0
12058,6.0,7,6.0
12059,1.0,6,7.0
12060,6.0,0,6.0
12061,6.0,7,6.0
12062,6.0,7,6.0
12063,6.0,7,6.0
12064,6.0,0,6.0
12065,6.0,7,6.0
12066,6.0,7,6.0
12067,6.0,7,6.0
12068,6.0,0,6.0
12069,6.0,7,6.0
12070,6.0,0,6.0
12071,6.0,7,6.0
12072,6.0,0,6.0
12073,6.0,0,6.0
12074,6.0,0,6.0
12075,6.0,7,6.0
12076,6.0,7,6.0
12077,6.0,0,6.0
12078,6.0,7,6.0
12079,6.0,7,6.0
12080,6.0,0,6.0
12081,6.0,7,6.0
12082,6.0,7,6.0
12083,6.0,0,6.0
12084,6.0,0,6.0
12085,0.0,8,0.0
12086,6.0,0,6.0
12087,6.0,7,6.0
12088,6.0,0,6.0
12089,6.0,7,6.0
12090,6.0,7,6.0
12091,6.0,7,6.0
12092,6.0,7,6.0
12093,6.0,0,6.0
12094,6.0,7,6.0
12095,6.0,7,6.0
12096,6.0,0,6.0
12097,6.0,0,6.0
12098,0.0,8,0.0
12099,6.0,7,6.0
12100,6.0,7,6.0
12101,6.0,7,6.0
12102,6.0,0,6.0
12103,6.0,7,6.0
12104,6.0,0,6.0
12105,6.0,0,6.0
12106,6.0,7,6.0
12107,6.0,7,6.0
12108,6.0,7,6.0
12109,6.0,7,6.0
12110,6.0,7,6.0
12111,6.0,7,6.0
12112,6.0,0,6.0
12113,6.0,0,6.0
12114,6.0,7,6.0
12115,6.0,7,6.0
12116,6.0,7,6.0
12117,6.0,7,6.0
12118,6.0,7,6.0
12119,6.0,7,6.0
12120,6.0,7,6.0
12121,6.0,7,6.0
12122,6.0,7,6.0
12123,6.0,7,6.0
12124,6.0,7,6.0
12125,6.0,7,6.0
12126,6.0,7,6.0
12127,6.0,7,6.0
12128,6.0,7,6.0
12129,6.0,7,6.0
12130,6.0,7,6.0
12131,6.0,7,6.0
12132,6.0,7,6.0
12133,6.0,7,6.0
12134,6.0,7,6.0
12135,6.0,7,6.0
12136,6.0,7,6.0
12137,6.0,7,6.0
12138,6.0,7,6.0
12139,6.0,7,6.0
12140,6.0,7,6.0
12141,6.0,0,6.0
12142,6.0,7,6.0
12143,6.0,7,6.0
12144,6.0,7,6.0
12145,6.0,0,6.0
12146,6.0,7,6.0
12147,6.0,7,6.0
12148,6.0,7,6.0
12149,6.0,7,6.0
12150,6.0,7,6.0
12151,6.0,7,6.0
12152,6.0,7,6.0
12153,6.0,7,6.0
12154,6.0,0,6.0
12155,6.0,7,6.0
12156,6.0,7,6.0
12157,6.0,7,6.0
12158,6.0,7,6.0
12159,6.0,0,6.0
12160,6.0,7,6.0
12161,6.0,7,6.0
12162,6.0,7,6.0
12163,6.0,0,6.0
12164,6.0,0,6.0
12165,6.0,7,6.0
12166,6.0,7,6.0
12167,6.0,0,6.0
12168,6.0,7,6.0
12169,6.0,7,6.0
12170,6.0,0,6.0
12171,6.0,7,6.0
12172,6.0,7,6.0
12173,6.0,0,6.0
12174,6.0,7,6.0
12175,6.0,0,6.0
12176,6.0,0,6.0
12177,6.0,7,6.0
12178,6.0,7,6.0
12179,6.0,7,6.0
12180,6.0,7,6.0
12181,6.0,7,6.0
12182,6.0,0,6.0
12183,6.0,7,6.0
12184,6.0,7,6.0
12185,6.0,7,6.0
12186,6.0,7,6.0
12187,6.0,7,6.0
12188,1.0,6,7.0
12189,6.0,0,6.0
12190,6.0,7,6.0
12191,6.0,7,6.0
12192,6.0,7,6.0
12193,6.0,7,6.0
12194,6.0,0,6.0
12195,6.0,7,6.0
12196,6.0,0,6.0
12197,6.0,7,6.0
12198,6.0,0,6.0
12199,6.0,7,6.0
12200,7.0,6,7.0
12201,6.0,7,6.0
12202,6.0,7,6.0
12203,6.0,7,6.0
12204,6.0,7,6.0
12205,6.0,7,6.0
12206,6.0,7,6.0
12207,6.0,7,6.0
12208,6.0,7,6.0
12209,1.0,6,7.0
12210,6.0,7,6.0
12211,6.0,7,6.0
12212,6.0,7,6.0
12213,6.0,7,6.0
12214,6.0,7,6.0
12215,6.0,0,6.0
12216,6.0,0,6.0
12217,6.0,7,6.0
12218,6.0,7,6.0
12219,7.0,6,7.0
12220,6.0,7,6.0
12221,6.0,7,6.0
12222,6.0,0,6.0
12223,6.0,7,6.0
12224,6.0,7,6.0
12225,6.0,7,6.0
12226,6.0,0,6.0
12227,6.0,7,6.0
12228,6.0,7,6.0
12229,6.0,0,6.0
12230,6.0,7,6.0
12231,6.0,7,6.0
12232,6.0,7,6.0
12233,6.0,7,6.0
12234,7.0,6,7.0
12235,6.0,7,6.0
12236,6.0,0,6.0
12237,6.0,7,6.0
12238,6.0,7,6.0
12239,6.0,7,6.0
12240,6.0,7,6.0
12241,6.0,7,6.0
12242,6.0,0,6.0
12243,6.0,0,6.0
12244,6.0,0,6.0
12245,6.0,7,6.0
12246,6.0,7,6.0
12247,6.0,7,6.0
12248,6.0,7,6.0
12249,6.0,7,6.0
12250,6.0,7,6.0
12251,7.0,6,7.0
12252,6.0,7,6.0
12253,6.0,7,6.0
12254,6.0,7,6.0
12255,6.0,7,6.0
12256,5.0,6,7.0
12257,6.0,7,6.0
12258,6.0,7,6.0
12259,6.0,0,6.0
12260,6.0,7,6.0
12261,6.0,7,6.0
12262,6.0,7,6.0
12263,6.0,7,6.0
12264,6.0,7,6.0
12265,6.0,7,6.0
12266,7.0,6,7.0
12267,6.0,0,6.0
12268,6.0,7,6.0
12269,7.0,6,7.0
12270,6.0,7,6.0
12271,6.0,7,6.0
12272,7.0,6,7.0
12273,6.0,0,6.0
12274,6.0,0,6.0
12275,6.0,7,6.0
12276,6.0,0,6.0
12277,0.0,8,0.0
12278,6.0,7,6.0
12279,6.0,7,6.0
12280,6.0,0,6.0
12281,6.0,7,6.0
12282,6.0,7,6.0
12283,6.0,0,6.0
12284,6.0,7,6.0
12285,0.0,8,0.0
12286,6.0,0,6.0
12287,0.0,8,0.0
12288,6.0,7,6.0
12289,6.0,7,6.0
12290,6.0,7,6.0
12291,6.0,7,6.0
12292,6.0,7,6.0
12293,6.0,0,6.0
12294,6.0,7,6.0
12295,0.0,8,0.0
12296,6.0,7,6.0
12297,6.0,7,6.0
12298,6.0,0,6.0
12299,6.0,7,6.0
12300,6.0,0,6.0
12301,6.0,7,6.0
12302,6.0,7,6.0
12303,6.0,0,6.0
12304,6.0,7,6.0
12305,6.0,7,6.0
12306,6.0,0,6.0
12307,6.0,0,6.0
12308,6.0,7,6.0
12309,6.0,7,6.0
12310,6.0,7,6.0
12311,6.0,0,6.0
12312,6.0,0,6.0
12313,6.0,0,6.0
12314,6.0,7,6.0
12315,6.0,7,6.0
12316,6.0,7,6.0
12317,6.0,7,6.0
12318,6.0,7,6.0
12319,0.0,8,0.0
12320,6.0,0,6.0
12321,6.0,0,6.0
12322,6.0,7,6.0
12323,6.0,7,6.0
12324,6.0,7,6.0
12325,6.0,7,6.0
12326,6.0,7,6.0
12327,6.0,7,6.0
12328,6.0,7,6.0
12329,6.0,7,6.0
12330,6.0,0,6.0
12331,6.0,0,6.0
12332,6.0,7,6.0
12333,6.0,7,6.0
12334,6.0,7,6.0
12335,6.0,7,6.0
12336,6.0,7,6.0
12337,6.0,7,6.0
12338,6.0,0,6.0
12339,6.0,7,6.0
12340,6.0,0,6.0
12341,6.0,7,6.0
12342,6.0,0,6.0
12343,6.0,7,6.0
12344,6.0,7,6.0
12345,6.0,7,6.0
12346,6.0,7,6.0
12347,6.0,7,6.0
12348,6.0,7,6.0
12349,6.0,7,6.0
12350,6.0,0,6.0
12351,6.0,0,6.0
12352,6.0,7,6.0
12353,6.0,7,6.0
12354,6.0,7,6.0
12355,6.0,0,6.0
12356,6.0,7,6.0
12357,6.0,0,6.0
12358,6.0,7,6.0
12359,6.0,7,6.0
12360,6.0,7,6.0
12361,6.0,7,6.0
12362,6.0,7,6.0
12363,6.0,0,6.0
12364,6.0,7,6.0
12365,6.0,7,6.0
12366,6.0,0,6.0
12367,6.0,7,6.0
12368,6.0,7,6.0
12369,6.0,0,6.0
12370,6.0,0,6.0
12371,6.0,7,6.0
12372,6.0,7,6.0
12373,6.0,7,6.0
12374,6.0,7,6.0
12375,6.0,7,6.0
12376,6.0,0,6.0
12377,6.0,0,6.0
12378,6.0,7,6.0
12379,6.0,0,6.0
12380,6.0,7,6.0
12381,6.0,0,6.0
12382,6.0,7,6.0
12383,6.0,0,6.0
12384,6.0,7,6.0
12385,6.0,0,6.0
12386,6.0,7,6.0
12387,6.0,0,6.0
12388,6.0,7,6.0
12389,6.0,7,6.0
12390,6.0,0,6.0
12391,6.0,0,6.0
12392,6.0,7,6.0
12393,6.0,7,6.0
12394,6.0,7,6.0
12395,6.0,7,6.0
12396,6.0,7,6.0
12397,6.0,0,6.0
12398,6.0,7,6.0
12399,6.0,7,6.0
12400,6.0,0,6.0
12401,6.0,7,6.0
12402,6.0,0,6.0
12403,6.0,7,6.0
12404,6.0,7,6.0
12405,6.0,7,6.0
12406,6.0,7,6.0
12407,6.0,0,6.0
12408,6.0,0,6.0
12409,6.0,7,6.0
12410,6.0,0,6.0
12411,6.0,7,6.0
12412,6.0,7,6.0
12413,6.0,7,6.0
12414,6.0,7,6.0
12415,6.0,7,6.0
12416,6.0,7,6.0
12417,6.0,0,6.0
12418,6.0,7,6.0
12419,6.0,0,6.0
12420,6.0,0,6.0
12421,6.0,0,6.0
12422,6.0,7,6.0
12423,6.0,7,6.0
12424,6.0,7,6.0
12425,6.0,7,6.0
12426,6.0,7,6.0
12427,6.0,0,6.0
12428,6.0,0,6.0
12429,6.0,0,6.0
12430,6.0,0,6.0
12431,6.0,0,6.0
12432,6.0,0,6.0
12433,6.0,7,6.0
12434,6.0,7,6.0
12435,6.0,0,6.0
12436,6.0,7,6.0
12437,6.0,0,6.0
12438,6.0,0,6.0
12439,6.0,7,6.0
12440,6.0,7,6.0
12441,6.0,7,6.0
12442,6.0,7,6.0
12443,6.0,7,6.0
12444,6.0,7,6.0
12445,6.0,7,6.0
12446,6.0,0,6.0
12447,6.0,7,6.0
12448,6.0,7,6.0
12449,6.0,7,6.0
12450,6.0,7,6.0
12451,6.0,7,6.0
12452,6.0,7,6.0
12453,6.0,7,6.0
12454,6.0,7,6.0
12455,6.0,7,6.0
12456,6.0,7,6.0
12457,6.0,7,6.0
12458,6.0,7,6.0
12459,6.0,7,6.0
12460,6.0,0,6.0
12461,6.0,7,6.0
12462,6.0,7,6.0
12463,6.0,7,6.0
12464,1.0,6,7.0
12465,6.0,0,6.0
12466,6.0,7,6.0
12467,6.0,0,6.0
12468,6.0,7,6.0
12469,6.0,7,6.0
12470,6.0,0,6.0
12471,6.0,7,6.0
12472,6.0,7,6.0
12473,6.0,7,6.0
12474,6.0,0,6.0
12475,6.0,7,6.0
12476,6.0,0,6.0
12477,6.0,0,6.0
12478,6.0,7,6.0
12479,1.0,6,7.0
12480,6.0,0,6.0
12481,6.0,0,6.0
12482,6.0,7,6.0
12483,6.0,7,6.0
12484,6.0,7,6.0
12485,6.0,7,6.0
12486,6.0,7,6.0
12487,6.0,7,6.0
12488,6.0,7,6.0
12489,6.0,0,6.0
12490,6.0,7,6.0
12491,6.0,0,6.0
12492,6.0,0,6.0
12493,6.0,7,6.0
12494,6.0,0,6.0
12495,1.0,8,0.0
12496,6.0,7,6.0
12497,6.0,0,6.0
12498,6.0,0,6.0
12499,6.0,7,6.0
12500,6.0,0,6.0
12501,6.0,0,6.0
12502,6.0,0,6.0
12503,6.0,7,6.0
12504,6.0,7,6.0
12505,6.0,0,6.0
12506,6.0,7,6.0
12507,6.0,0,6.0
12508,6.0,7,6.0
12509,6.0,7,6.0
12510,6.0,7,6.0
12511,6.0,7,6.0
12512,6.0,0,6.0
12513,6.0,7,6.0
12514,6.0,7,6.0
12515,6.0,7,6.0
12516,6.0,7,6.0
12517,6.0,7,6.0
12518,6.0,7,6.0
12519,6.0,0,6.0
12520,6.0,7,6.0
12521,6.0,7,6.0
12522,6.0,7,6.0
12523,6.0,7,6.0
12524,6.0,7,6.0
12525,6.0,7,6.0
12526,6.0,0,6.0
12527,6.0,0,6.0
12528,6.0,7,6.0
12529,6.0,0,6.0
12530,6.0,7,6.0
12531,6.0,7,6.0
12532,6.0,0,6.0
12533,6.0,0,6.0
12534,6.0,0,6.0
12535,6.0,7,6.0
12536,6.0,7,6.0
12537,6.0,7,6.0
12538,6.0,7,6.0
12539,6.0,0,6.0
12540,6.0,7,6.0
12541,6.0,0,6.0
12542,6.0,0,6.0
12543,6.0,7,6.0
12544,6.0,0,6.0
12545,6.0,7,6.0
12546,6.0,7,6.0
12547,6.0,7,6.0
12548,6.0,7,6.0
12549,6.0,7,6.0
12550,6.0,0,6.0
12551,6.0,7,6.0
12552,1.0,6,7.0
12553,1.0,6,7.0
12554,1.0,6,7.0
12555,6.0,0,6.0
12556,6.0,7,6.0
12557,6.0,7,6.0
12558,6.0,0,6.0
12559,6.0,7,6.0
12560,6.0,0,6.0
12561,6.0,7,6.0
12562,6.0,0,6.0
12563,6.0,7,6.0
12564,6.0,7,6.0
12565,6.0,0,6.0
12566,6.0,7,6.0
12567,6.0,7,6.0
12568,6.0,7,6.0
12569,6.0,7,6.0
12570,6.0,0,6.0
12571,6.0,7,6.0
12572,6.0,7,6.0
12573,6.0,0,6.0
12574,7.0,6,7.0
12575,6.0,7,6.0
12576,6.0,7,6.0
12577,6.0,7,6.0
12578,6.0,7,6.0
12579,6.0,7,6.0
12580,6.0,0,6.0
12581,6.0,0,6.0
12582,6.0,0,6.0
12583,6.0,7,6.0
12584,6.0,7,6.0
12585,6.0,0,6.0
12586,6.0,7,6.0
12587,6.0,7,6.0
12588,6.0,7,6.0
12589,6.0,0,6.0
12590,6.0,7,6.0
12591,1.0,6,7.0
12592,6.0,7,6.0
12593,6.0,7,6.0
12594,6.0,0,6.0
12595,6.0,0,6.0
12596,6.0,0,6.0
12597,6.0,7,6.0
12598,6.0,7,6.0
12599,6.0,7,6.0
12600,6.0,7,6.0
12601,6.0,7,6.0
12602,6.0,7,6.0
12603,6.0,0,6.0
12604,6.0,7,6.0
12605,1.0,6,7.0
12606,6.0,7,6.0
12607,6.0,7,6.0
12608,6.0,7,6.0
12609,6.0,7,6.0
12610,6.0,0,6.0
12611,6.0,7,6.0
12612,6.0,0,6.0
12613,6.0,7,6.0
12614,1.0,6,7.0
12615,6.0,7,6.0
12616,7.0,6,7.0
12617,6.0,0,6.0
12618,6.0,0,6.0
12619,6.0,7,6.0
12620,6.0,7,6.0
12621,6.0,7,6.0
12622,6.0,7,6.0
12623,6.0,7,6.0
12624,6.0,7,6.0
12625,6.0,7,6.0
12626,6.0,7,6.0
12627,6.0,0,6.0
12628,6.0,7,6.0
12629,6.0,7,6.0
12630,6.0,7,6.0
12631,6.0,7,6.0
12632,6.0,7,6.0
12633,6.0,7,6.0
12634,6.0,0,6.0
12635,6.0,7,6.0
12636,6.0,0,6.0
12637,6.0,7,6.0
12638,7.0,6,7.0
12639,6.0,7,6.0
12640,6.0,7,6.0
12641,6.0,7,6.0
12642,6.0,7,6.0
12643,6.0,7,6.0
12644,6.0,7,6.0
12645,6.0,0,6.0
12646,6.0,7,6.0
12647,6.0,7,6.0
12648,6.0,7,6.0
12649,6.0,7,6.0
12650,6.0,0,6.0
12651,6.0,7,6.0
12652,6.0,0,6.0
12653,6.0,7,6.0
12654,6.0,0,6.0
12655,6.0,7,6.0
12656,6.0,7,6.0
12657,6.0,0,6.0
12658,6.0,7,6.0
12659,6.0,0,6.0
12660,6.0,0,6.0
12661,6.0,7,6.0
12662,6.0,7,6.0
12663,6.0,7,6.0
12664,6.0,0,6.0
12665,6.0,7,6.0
12666,0.0,8,0.0
12667,6.0,7,6.0
12668,1.0,6,7.0
12669,1.0,8,0.0
12670,6.0,7,6.0
12671,6.0,7,6.0
12672,6.0,7,6.0
12673,6.0,7,6.0
12674,6.0,0,6.0
12675,6.0,0,6.0
12676,6.0,0,6.0
12677,6.0,0,6.0
12678,6.0,7,6.0
12679,7.0,6,7.0
12680,6.0,7,6.0
12681,6.0,7,6.0
12682,6.0,0,6.0
12683,6.0,7,6.0
12684,6.0,7,6.0
12685,6.0,0,6.0
12686,6.0,7,6.0
12687,6.0,0,6.0
12688,6.0,7,6.0
12689,6.0,7,6.0
12690,6.0,7,6.0
12691,6.0,7,6.0
12692,6.0,0,6.0
12693,6.0,7,6.0
12694,6.0,7,6.0
12695,6.0,7,6.0
12696,6.0,7,6.0
12697,6.0,7,6.0
12698,6.0,7,6.0
12699,6.0,7,6.0
12700,6.0,7,6.0
12701,6.0,7,6.0
12702,6.0,7,6.0
12703,6.0,7,6.0
12704,6.0,0,6.0
12705,6.0,0,6.0
12706,1.0,6,7.0
12707,1.0,6,7.0
12708,6.0,7,6.0
12709,6.0,7,6.0
12710,6.0,7,6.0
12711,6.0,7,6.0
12712,6.0,7,6.0
12713,6.0,7,6.0
12714,6.0,0,6.0
12715,6.0,0,6.0
12716,6.0,7,6.0
12717,6.0,7,6.0
12718,6.0,0,6.0
12719,0.0,8,0.0
12720,6.0,0,6.0
12721,6.0,0,6.0
12722,0.0,8,0.0
12723,6.0,0,6.0
12724,6.0,7,6.0
12725,6.0,7,6.0
12726,6.0,7,6.0
12727,6.0,7,6.0
12728,6.0,7,6.0
12729,6.0,7,6.0
12730,6.0,7,6.0
12731,6.0,7,6.0
12732,6.0,7,6.0
12733,6.0,7,6.0
12734,6.0,7,6.0
12735,6.0,7,6.0
12736,6.0,0,6.0
12737,6.0,7,6.0
12738,6.0,7,6.0
12739,6.0,0,6.0
12740,6.0,7,6.0
12741,6.0,0,6.0
12742,1.0,6,7.0
12743,6.0,7,6.0
12744,6.0,0,6.0
12745,6.0,7,6.0
12746,6.0,0,6.0
12747,6.0,7,6.0
12748,6.0,0,6.0
12749,6.0,0,6.0
12750,6.0,0,6.0
12751,6.0,7,6.0
12752,6.0,7,6.0
12753,6.0,7,6.0
12754,6.0,7,6.0
12755,6.0,7,6.0
12756,6.0,7,6.0
12757,1.0,6,7.0
12758,1.0,6,7.0
12759,6.0,7,6.0
12760,6.0,0,6.0
12761,6.0,7,6.0
12762,6.0,7,6.0
12763,6.0,0,6.0
12764,6.0,7,6.0
12765,6.0,0,6.0
12766,7.0,6,7.0
12767,6.0,0,6.0
12768,6.0,7,6.0
12769,6.0,7,6.0
12770,6.0,7,6.0
12771,6.0,0,6.0
12772,6.0,7,6.0
12773,6.0,7,6.0
12774,6.0,7,6.0
12775,6.0,7,6.0
12776,6.0,7,6.0
12777,6.0,7,6.0
12778,6.0,7,6.0
12779,6.0,7,6.0
12780,6.0,0,6.0
12781,6.0,7,6.0
12782,0.0,8,0.0
12783,6.0,7,6.0
12784,6.0,0,6.0
12785,6.0,7,6.0
12786,6.0,7,6.0
12787,6.0,7,6.0
12788,6.0,7,6.0
12789,6.0,0,6.0
12790,6.0,7,6.0
12791,6.0,7,6.0
12792,6.0,0,6.0
12793,6.0,7,6.0
12794,6.0,0,6.0
12795,6.0,7,6.0
12796,7.0,6,7.0
12797,6.0,7,6.0
12798,6.0,7,6.0
12799,6.0,7,6.0
12800,6.0,0,6.0
12801,6.0,7,6.0
12802,6.0,7,6.0
12803,1.0,8,0.0
12804,6.0,7,6.0
12805,6.0,7,6.0
12806,6.0,7,6.0
12807,6.0,0,6.0
12808,6.0,0,6.0
12809,6.0,7,6.0
12810,6.0,7,6.0
12811,6.0,0,6.0
12812,6.0,7,6.0
12813,6.0,7,6.0
12814,6.0,7,6.0
12815,6.0,7,6.0
12816,6.0,7,6.0
12817,6.0,7,6.0
12818,6.0,0,6.0
12819,6.0,0,6.0
12820,6.0,7,6.0
12821,6.0,0,6.0
12822,6.0,7,6.0
12823,6.0,7,6.0
12824,6.0,7,6.0
12825,6.0,7,6.0
12826,6.0,7,6.0
12827,7.0,6,7.0
12828,6.0,0,6.0
12829,6.0,0,6.0
12830,6.0,0,6.0
12831,6.0,0,6.0
12832,6.0,7,6.0
12833,6.0,0,6.0
12834,6.0,0,6.0
12835,6.0,7,6.0
12836,6.0,0,6.0
12837,6.0,7,6.0
12838,6.0,7,6.0
12839,6.0,7,6.0
12840,6.0,7,6.0
12841,6.0,7,6.0
12842,6.0,7,6.0
12843,6.0,7,6.0
12844,7.0,7,6.0
12845,6.0,0,6.0
12846,6.0,0,6.0
12847,6.0,0,6.0
12848,6.0,0,6.0
12849,6.0,7,6.0
12850,6.0,7,6.0
12851,6.0,7,6.0
12852,6.0,7,6.0
12853,6.0,0,6.0
12854,6.0,7,6.0
12855,6.0,7,6.0
12856,6.0,0,6.0
12857,6.0,7,6.0
12858,6.0,0,6.0
12859,1.0,6,7.0
12860,1.0,6,7.0
12861,6.0,7,6.0
12862,6.0,0,6.0
12863,6.0,7,6.0
12864,6.0,7,6.0
12865,6.0,7,6.0
12866,6.0,7,6.0
12867,6.0,0,6.0
12868,6.0,0,6.0
12869,6.0,7,6.0
12870,6.0,0,6.0
12871,6.0,0,6.0
12872,6.0,0,6.0
12873,6.0,7,6.0
12874,6.0,0,6.0
12875,6.0,0,6.0
12876,0.0,8,0.0
12877,6.0,0,6.0
12878,6.0,7,6.0
12879,6.0,0,6.0
12880,6.0,7,6.0
12881,7.0,6,7.0
12882,6.0,0,6.0
12883,6.0,0,6.0
12884,6.0,0,6.0
12885,6.0,7,6.0
12886,6.0,7,6.0
12887,6.0,7,6.0
12888,6.0,7,6.0
12889,6.0,7,6.0
12890,6.0,7,6.0
12891,6.0,7,6.0
12892,6.0,7,6.0
12893,6.0,7,6.0
12894,6.0,7,6.0
12895,6.0,0,6.0
12896,6.0,0,6.0
12897,6.0,7,6.0
12898,6.0,0,6.0
12899,6.0,7,6.0
12900,6.0,7,6.0
12901,6.0,0,6.0
12902,6.0,0,6.0
12903,6.0,7,6.0
12904,6.0,7,6.0
12905,6.0,7,6.0
12906,6.0,0,6.0
12907,6.0,7,6.0
12908,6.0,7,6.0
12909,6.0,7,6.0
12910,6.0,7,6.0
12911,6.0,0,6.0
12912,6.0,7,6.0
12913,6.0,7,6.0
12914,6.0,0,6.0
12915,6.0,7,6.0
12916,6.0,0,6.0
12917,6.0,0,6.0
12918,6.0,7,6.0
12919,6.0,7,6.0
12920,6.0,7,6.0
12921,6.0,7,6.0
12922,6.0,7,6.0
12923,6.0,0,6.0
12924,6.0,0,6.0
12925,6.0,7,6.0
12926,6.0,0,6.0
12927,6.0,0,6.0
12928,1.0,6,7.0
12929,1.0,6,7.0
12930,6.0,7,6.0
12931,6.0,7,6.0
12932,6.0,7,6.0
12933,6.0,0,6.0
12934,6.0,0,6.0
12935,6.0,0,6.0
12936,6.0,7,6.0
12937,6.0,7,6.0
12938,6.0,0,6.0
12939,6.0,7,6.0
12940,6.0,0,6.0
12941,6.0,0,6.0
12942,6.0,7,6.0
12943,6.0,7,6.0
12944,6.0,0,6.0
12945,6.0,0,6.0
12946,6.0,7,6.0
12947,6.0,7,6.0
12948,6.0,0,6.0
12949,6.0,7,6.0
12950,6.0,0,6.0
12951,6.0,7,6.0
12952,7.0,6,7.0
12953,1.0,6,7.0
12954,6.0,7,6.0
12955,6.0,7,6.0
12956,6.0,0,6.0
12957,6.0,0,6.0
12958,6.0,7,6.0
12959,6.0,7,6.0
12960,6.0,7,6.0
12961,6.0,7,6.0
12962,6.0,7,6.0
12963,6.0,0,6.0
12964,6.0,7,6.0
12965,6.0,0,6.0
12966,6.0,0,6.0
12967,6.0,7,6.0
12968,6.0,7,6.0
12969,6.0,7,6.0
12970,6.0,7,6.0
12971,6.0,7,6.0
12972,6.0,7,6.0
12973,6.0,7,6.0
12974,6.0,7,6.0
12975,6.0,7,6.0
12976,6.0,7,6.0
12977,6.0,7,6.0
12978,6.0,0,6.0
12979,6.0,7,6.0
12980,1.0,6,7.0
12981,6.0,7,6.0
12982,6.0,7,6.0
12983,6.0,7,6.0
12984,6.0,7,6.0
12985,6.0,7,6.0
12986,6.0,0,6.0
12987,6.0,0,6.0
12988,6.0,0,6.0
12989,6.0,7,6.0
12990,0.0,8,0.0
12991,6.0,0,6.0
12992,6.0,7,6.0
12993,6.0,7,6.0
12994,6.0,7,6.0
12995,6.0,7,6.0
12996,6.0,7,6.0
12997,6.0,7,6.0
12998,6.0,7,6.0
12999,6.0,0,6.0
13000,6.0,7,6.0
13001,6.0,7,6.0
13002,6.0,7,6.0
13003,6.0,7,6.0
13004,6.0,0,6.0
13005,6.0,7,6.0
13006,6.0,0,6.0
13007,6.0,0,6.0
13008,6.0,7,6.0
13009,6.0,7,6.0
13010,6.0,0,6.0
13011,6.0,7,6.0
13012,6.0,7,6.0
13013,6.0,0,6.0
13014,6.0,7,6.0
13015,6.0,7,6.0
13016,6.0,7,6.0
13017,6.0,7,6.0
13018,6.0,7,6.0
13019,6.0,7,6.0
13020,6.0,7,6.0
13021,6.0,0,6.0
13022,7.0,6,7.0
13023,7.0,6,7.0
13024,6.0,7,6.0
13025,6.0,0,6.0
13026,6.0,7,6.0
13027,6.0,7,6.0
13028,6.0,7,6.0
13029,6.0,7,6.0
13030,6.0,7,6.0
13031,6.0,7,6.0
13032,6.0,7,6.0
13033,6.0,7,6.0
13034,6.0,0,6.0
13035,6.0,0,6.0
13036,6.0,7,6.0
13037,6.0,7,6.0
13038,6.0,7,6.0
13039,6.0,7,6.0
13040,6.0,7,6.0
13041,6.0,0,6.0
13042,6.0,7,6.0
13043,6.0,0,6.0
13044,6.0,0,6.0
13045,6.0,7,6.0
13046,6.0,0,6.0
13047,6.0,0,6.0
13048,6.0,0,6.0
13049,6.0,7,6.0
13050,6.0,0,6.0
13051,6.0,7,6.0
13052,6.0,7,6.0
13053,6.0,7,6.0
13054,6.0,7,6.0
13055,6.0,7,6.0
13056,6.0,7,6.0
13057,6.0,7,6.0
13058,6.0,7,6.0
13059,6.0,7,6.0
13060,6.0,7,6.0
13061,6.0,7,6.0
13062,7.0,6,7.0
13063,6.0,7,6.0
13064,6.0,0,6.0
13065,1.0,6,7.0
13066,6.0,7,6.0
13067,6.0,0,6.0
13068,6.0,0,6.0
13069,6.0,7,6.0
13070,1.0,6,7.0
13071,6.0,7,6.0
13072,6.0,7,6.0
13073,6.0,7,6.0
13074,6.0,7,6.0
13075,6.0,7,6.0
13076,6.0,7,6.0
13077,6.0,7,6.0
13078,6.0,7,6.0
13079,6.0,0,6.0
13080,6.0,7,6.0
13081,6.0,7,6.0
13082,6.0,0,6.0
13083,6.0,7,6.0
13084,6.0,0,6.0
13085,6.0,7,6.0
13086,1.0,2,0.0
13087,6.0,7,6.0
13088,6.0,0,6.0
13089,6.0,7,6.0
13090,6.0,7,6.0
13091,6.0,0,6.0
13092,6.0,0,6.0
13093,6.0,7,6.0
13094,6.0,7,6.0
13095,6.0,7,6.0
13096,6.0,7,6.0
13097,6.0,7,6.0
13098,6.0,7,6.0
13099,6.0,7,6.0
13100,6.0,7,6.0
13101,6.0,7,6.0
13102,6.0,0,6.0
13103,6.0,0,6.0
13104,6.0,0,6.0
13105,6.0,0,6.0
13106,6.0,0,6.0
13107,6.0,7,6.0
13108,6.0,7,6.0
13109,6.0,7,6.0
13110,6.0,7,6.0
13111,6.0,0,6.0
13112,6.0,7,6.0
13113,6.0,7,6.0
13114,6.0,0,6.0
13115,6.0,0,6.0
13116,6.0,7,6.0
13117,6.0,0,6.0
13118,6.0,7,6.0
13119,6.0,7,6.0
13120,6.0,0,6.0
13121,7.0,6,7.0
13122,6.0,7,6.0
13123,6.0,7,6.0
13124,6.0,0,6.0
13125,6.0,0,6.0
13126,6.0,7,6.0
13127,6.0,7,6.0
13128,6.0,7,6.0
13129,6.0,7,6.0
13130,6.0,7,6.0
13131,6.0,7,6.0
13132,6.0,7,6.0
13133,6.0,0,6.0
13134,6.0,7,6.0
13135,6.0,7,6.0
13136,6.0,7,6.0
13137,6.0,7,6.0
13138,6.0,7,6.0
13139,6.0,7,6.0
13140,0.0,8,0.0
13141,6.0,7,6.0
13142,6.0,7,6.0
13143,6.0,0,6.0
13144,6.0,7,6.0
13145,6.0,7,6.0
13146,6.0,7,6.0
13147,6.0,7,6.0
13148,6.0,7,6.0
13149,6.0,7,6.0
13150,6.0,0,6.0
13151,6.0,7,6.0
13152,6.0,7,6.0
13153,6.0,7,6.0
13154,6.0,0,6.0
13155,6.0,0,6.0
13156,6.0,7,6.0
13157,6.0,0,6.0
13158,6.0,7,6.0
13159,6.0,7,6.0
13160,6.0,0,6.0
13161,6.0,7,6.0
13162,6.0,7,6.0
13163,6.0,7,6.0
13164,6.0,7,6.0
13165,6.0,7,6.0
13166,6.0,7,6.0
13167,0.0,8,0.0
13168,7.0,6,7.0
13169,6.0,7,6.0
13170,6.0,0,6.0
13171,6.0,7,6.0
13172,0.0,6,7.0
13173,6.0,0,6.0
13174,6.0,7,6.0
13175,6.0,7,6.0
13176,6.0,0,6.0
13177,6.0,0,6.0
13178,6.0,0,6.0
13179,6.0,0,6.0
13180,6.0,7,6.0
13181,6.0,7,6.0
13182,6.0,7,6.0
13183,6.0,0,6.0
13184,6.0,7,6.0
13185,6.0,7,6.0
13186,6.0,0,6.0
13187,6.0,0,6.0
13188,6.0,0,6.0
13189,6.0,0,6.0
13190,6.0,0,6.0
13191,6.0,7,6.0
13192,6.0,0,6.0
13193,1.0,8,0.0
13194,6.0,7,6.0
13195,0.0,8,0.0
13196,6.0,7,6.0
13197,7.0,6,7.0
13198,6.0,7,6.0
13199,6.0,7,6.0
13200,6.0,0,6.0
13201,6.0,7,6.0
13202,6.0,7,6.0
13203,1.0,6,7.0
13204,6.0,7,6.0
13205,6.0,7,6.0
13206,6.0,7,6.0
13207,6.0,7,6.0
13208,6.0,7,6.0
13209,6.0,7,6.0
13210,6.0,7,6.0
13211,6.0,0,6.0
13212,6.0,7,6.0
13213,1.0,6,7.0
13214,6.0,0,6.0
13215,6.0,7,6.0
13216,6.0,7,6.0
13217,6.0,7,6.0
13218,6.0,0,6.0
13219,6.0,0,6.0
13220,6.0,0,6.0
13221,6.0,7,6.0
13222,6.0,0,6.0
13223,6.0,7,6.0
13224,6.0,0,6.0
13225,6.0,7,6.0
13226,6.0,7,6.0
13227,6.0,0,6.0
13228,6.0,7,6.0
13229,6.0,0,6.0
13230,6.0,7,6.0
13231,6.0,0,6.0
13232,6.0,7,6.0
13233,6.0,0,6.0
13234,6.0,7,6.0
13235,6.0,7,6.0
13236,6.0,0,6.0
13237,6.0,7,6.0
13238,6.0,0,6.0
13239,6.0,7,6.0
13240,6.0,7,6.0
13241,1.0,6,7.0
13242,6.0,0,6.0
13243,6.0,0,6.0
13244,6.0,7,6.0
13245,6.0,7,6.0
13246,6.0,7,6.0
13247,7.0,6,7.0
13248,6.0,7,6.0
13249,6.0,0,6.0
13250,6.0,7,6.0
13251,6.0,0,6.0
13252,6.0,0,6.0
13253,6.0,7,6.0
13254,6.0,0,6.0
13255,6.0,7,6.0
13256,6.0,7,6.0
13257,6.0,7,6.0
13258,6.0,7,6.0
13259,6.0,0,6.0
13260,6.0,0,6.0
13261,6.0,0,6.0
13262,6.0,0,6.0
13263,0.0,8,0.0
13264,7.0,6,7.0
13265,6.0,7,6.0
13266,6.0,7,6.0
13267,6.0,7,6.0
13268,6.0,0,6.0
13269,6.0,7,6.0
13270,6.0,0,6.0
13271,6.0,7,6.0
13272,6.0,7,6.0
13273,6.0,7,6.0
13274,6.0,0,6.0
13275,6.0,0,6.0
13276,6.0,7,6.0
13277,6.0,7,6.0
13278,6.0,7,6.0
13279,0.0,8,0.0
13280,1.0,5,4.0
13281,6.0,0,6.0
13282,6.0,7,6.0
13283,1.0,6,7.0
13284,6.0,7,6.0
13285,6.0,7,6.0
13286,6.0,7,6.0
13287,7.0,6,7.0
13288,6.0,7,6.0
13289,6.0,7,6.0
13290,6.0,7,6.0
13291,6.0,7,6.0
13292,6.0,0,6.0
13293,6.0,0,6.0
13294,6.0,0,6.0
13295,7.0,6,7.0
13296,6.0,7,6.0
13297,6.0,7,6.0
13298,6.0,0,6.0
13299,6.0,7,6.0
13300,0.0,8,0.0
13301,1.0,6,7.0
13302,6.0,0,6.0
13303,6.0,7,6.0
13304,0.0,8,0.0
13305,6.0,7,6.0
13306,6.0,7,6.0
13307,6.0,7,6.0
13308,6.0,0,6.0
13309,6.0,7,6.0
13310,1.0,8,0.0
13311,6.0,7,6.0
13312,7.0,6,7.0
13313,6.0,0,6.0
13314,6.0,0,6.0
13315,6.0,7,6.0
13316,6.0,7,6.0
13317,6.0,7,6.0
13318,6.0,7,6.0
13319,6.0,7,6.0
13320,6.0,7,6.0
13321,1.0,6,7.0
13322,6.0,0,6.0
13323,6.0,7,6.0
13324,6.0,0,6.0
13325,6.0,7,6.0
13326,6.0,0,6.0
13327,6.0,0,6.0
13328,6.0,0,6.0
13329,6.0,0,6.0
13330,6.0,0,6.0
13331,6.0,7,6.0
13332,6.0,0,6.0
13333,6.0,7,6.0
13334,6.0,7,6.0
13335,6.0,0,6.0
13336,6.0,0,6.0
13337,6.0,0,6.0
13338,6.0,7,6.0
13339,6.0,7,6.0
13340,6.0,7,6.0
13341,6.0,7,6.0
13342,6.0,7,6.0
13343,6.0,0,6.0
13344,6.0,7,6.0
13345,6.0,7,6.0
13346,6.0,7,6.0
13347,6.0,7,6.0
13348,6.0,7,6.0
13349,6.0,7,6.0
13350,6.0,7,6.0
13351,6.0,0,6.0
13352,6.0,7,6.0
13353,6.0,7,6.0
13354,6.0,7,6.0
13355,6.0,0,6.0
13356,6.0,0,6.0
13357,6.0,7,6.0
13358,6.0,0,6.0
13359,6.0,0,6.0
13360,6.0,0,6.0
13361,6.0,7,6.0
13362,1.0,7,6.0
13363,7.0,6,7.0
13364,6.0,7,6.0
13365,6.0,7,6.0
13366,6.0,7,6.0
13367,6.0,7,6.0
13368,6.0,7,6.0
13369,6.0,7,6.0
13370,6.0,7,6.0
13371,6.0,7,6.0
13372,6.0,7,6.0
13373,6.0,7,6.0
13374,6.0,7,6.0
13375,6.0,7,6.0
13376,7.0,6,7.0
13377,6.0,0,6.0
13378,6.0,7,6.0
13379,6.0,7,6.0
13380,6.0,7,6.0
13381,6.0,7,6.0
13382,6.0,0,6.0
13383,6.0,7,6.0
13384,6.0,7,6.0
13385,6.0,7,6.0
13386,6.0,7,6.0
13387,6.0,7,6.0
13388,6.0,7,6.0
13389,6.0,7,6.0
13390,6.0,0,6.0
13391,6.0,0,6.0
13392,6.0,7,6.0
13393,6.0,7,6.0
13394,1.0,6,7.0
13395,6.0,7,6.0
13396,6.0,8,0.0
13397,6.0,7,6.0
13398,6.0,7,6.0
13399,6.0,7,6.0
13400,6.0,7,6.0
13401,6.0,0,6.0
13402,6.0,0,6.0
13403,6.0,0,6.0
13404,6.0,7,6.0
13405,6.0,7,6.0
13406,6.0,7,6.0
13407,6.0,7,6.0
13408,6.0,7,6.0
13409,6.0,7,6.0
13410,6.0,7,6.0
13411,6.0,7,6.0
13412,6.0,0,6.0
13413,6.0,0,6.0
13414,6.0,7,6.0
13415,6.0,7,6.0
13416,6.0,0,6.0
13417,6.0,7,6.0
13418,6.0,7,6.0
13419,6.0,0,6.0
13420,6.0,0,6.0
13421,6.0,0,6.0
13422,6.0,7,6.0
13423,6.0,7,6.0
13424,6.0,7,6.0
13425,6.0,7,6.0
13426,6.0,7,6.0
13427,6.0,7,6.0
13428,6.0,7,6.0
13429,6.0,0,6.0
13430,6.0,7,6.0
13431,6.0,0,6.0
13432,6.0,7,6.0
13433,6.0,7,6.0
13434,6.0,7,6.0
13435,6.0,0,6.0
13436,6.0,0,6.0
13437,6.0,0,6.0
13438,6.0,0,6.0
13439,6.0,7,6.0
13440,6.0,7,6.0
13441,6.0,7,6.0
13442,6.0,7,6.0
13443,6.0,7,6.0
13444,6.0,7,6.0
13445,6.0,0,6.0
13446,6.0,7,6.0
13447,6.0,0,6.0
13448,7.0,6,7.0
13449,6.0,0,6.0
13450,6.0,0,6.0
13451,6.0,0,6.0
13452,1.0,6,7.0
13453,6.0,7,6.0
13454,6.0,0,6.0
13455,6.0,7,6.0
13456,6.0,7,6.0
13457,6.0,0,6.0
13458,6.0,0,6.0
13459,6.0,7,6.0
13460,6.0,0,6.0
13461,6.0,0,6.0
13462,6.0,7,6.0
13463,6.0,7,6.0
13464,1.0,6,7.0
13465,6.0,7,6.0
13466,6.0,0,6.0
13467,6.0,7,6.0
13468,6.0,0,6.0
13469,6.0,7,6.0
13470,6.0,7,6.0
13471,1.0,6,7.0
13472,6.0,7,6.0
13473,6.0,0,6.0
13474,6.0,0,6.0
13475,6.0,7,6.0
13476,6.0,7,6.0
13477,6.0,7,6.0
13478,6.0,7,6.0
13479,6.0,0,6.0
13480,6.0,7,6.0
13481,6.0,7,6.0
13482,6.0,7,6.0
13483,6.0,7,6.0
13484,6.0,0,6.0
13485,0.0,8,0.0
13486,6.0,0,6.0
13487,6.0,7,6.0
13488,6.0,0,6.0
13489,6.0,7,6.0
13490,6.0,7,6.0
13491,6.0,7,6.0
13492,6.0,7,6.0
13493,6.0,7,6.0
13494,6.0,7,6.0
13495,6.0,0,6.0
13496,6.0,7,6.0
13497,6.0,7,6.0
13498,6.0,7,6.0
13499,6.0,7,6.0
13500,6.0,7,6.0
13501,6.0,7,6.0
13502,6.0,7,6.0
13503,6.0,0,6.0
13504,6.0,7,6.0
13505,2.0,7,6.0
13506,6.0,7,6.0
13507,6.0,0,6.0
13508,7.0,6,7.0
13509,0.0,8,0.0
13510,6.0,0,6.0
13511,0.0,8,0.0
13512,6.0,0,6.0
13513,6.0,0,6.0
13514,6.0,7,6.0
13515,7.0,6,7.0
13516,6.0,0,6.0
13517,6.0,0,6.0
13518,6.0,7,6.0
13519,6.0,7,6.0
13520,6.0,7,6.0
13521,6.0,7,6.0
13522,6.0,7,6.0
13523,6.0,0,6.0
13524,6.0,7,6.0
13525,6.0,7,6.0
13526,6.0,0,6.0
13527,6.0,0,6.0
13528,6.0,0,6.0
13529,6.0,7,6.0
13530,6.0,7,6.0
13531,6.0,7,6.0
13532,6.0,7,6.0
13533,6.0,7,6.0
13534,6.0,7,6.0
13535,6.0,0,6.0
13536,6.0,7,6.0
13537,6.0,0,6.0
13538,6.0,0,6.0
13539,6.0,7,6.0
13540,6.0,0,6.0
13541,6.0,0,6.0
13542,6.0,7,6.0
13543,6.0,7,6.0
13544,6.0,7,6.0
13545,6.0,7,6.0
13546,1.0,8,0.0
13547,6.0,0,6.0
13548,6.0,7,6.0
13549,6.0,0,6.0
13550,6.0,7,6.0
13551,6.0,0,6.0
13552,6.0,7,6.0
13553,6.0,7,6.0
13554,6.0,0,6.0
13555,6.0,7,6.0
13556,6.0,7,6.0
13557,6.0,7,6.0
13558,6.0,0,6.0
13559,6.0,7,6.0
13560,6.0,7,6.0
13561,6.0,7,6.0
13562,6.0,7,6.0
13563,6.0,0,6.0
13564,6.0,7,6.0
13565,6.0,7,6.0
13566,6.0,0,6.0
13567,6.0,7,6.0
13568,6.0,7,6.0
13569,6.0,7,6.0
13570,6.0,7,6.0
13571,6.0,7,6.0
13572,6.0,7,6.0
13573,6.0,7,6.0
13574,6.0,0,6.0
13575,0.0,8,0.0
13576,6.0,7,6.0
13577,6.0,0,6.0
13578,6.0,7,6.0
13579,0.0,8,0.0
13580,6.0,7,6.0
13581,6.0,7,6.0
13582,6.0,7,6.0
13583,6.0,0,6.0
13584,6.0,7,6.0
13585,6.0,7,6.0
13586,6.0,7,6.0
13587,6.0,0,6.0
13588,6.0,7,6.0
13589,6.0,0,6.0
13590,6.0,7,6.0
13591,6.0,0,6.0
13592,6.0,0,6.0
13593,6.0,0,6.0
13594,6.0,7,6.0
13595,6.0,0,6.0
13596,6.0,0,6.0
13597,6.0,7,6.0
13598,6.0,0,6.0
13599,6.0,7,6.0
13600,6.0,7,6.0
13601,6.0,7,6.0
13602,6.0,7,6.0
13603,6.0,7,6.0
13604,6.0,7,6.0
13605,6.0,7,6.0
13606,6.0,7,6.0
13607,6.0,7,6.0
13608,6.0,7,6.0
13609,6.0,0,6.0
13610,6.0,7,6.0
13611,6.0,0,6.0
13612,6.0,0,6.0
13613,6.0,7,6.0
13614,6.0,7,6.0
13615,6.0,0,6.0
13616,6.0,7,6.0
13617,6.0,7,6.0
13618,6.0,7,6.0
13619,6.0,6,7.0
13620,6.0,7,6.0
13621,6.0,7,6.0
13622,6.0,7,6.0
13623,6.0,7,6.0
13624,6.0,7,6.0
13625,6.0,0,6.0
13626,6.0,7,6.0
13627,6.0,7,6.0
13628,6.0,7,6.0
13629,6.0,0,6.0
13630,6.0,0,6.0
13631,6.0,0,6.0
13632,0.0,8,0.0
13633,6.0,7,6.0
13634,6.0,7,6.0
13635,6.0,0,6.0
13636,6.0,7,6.0
13637,6.0,7,6.0
13638,6.0,7,6.0
13639,6.0,7,6.0
13640,6.0,7,6.0
13641,6.0,7,6.0
13642,6.0,0,6.0
13643,6.0,7,6.0
13644,6.0,7,6.0
13645,6.0,7,6.0
13646,6.0,7,6.0
13647,6.0,7,6.0
13648,6.0,7,6.0
13649,6.0,7,6.0
13650,6.0,0,6.0
13651,6.0,0,6.0
13652,6.0,7,6.0
13653,6.0,7,6.0
13654,6.0,7,6.0
13655,6.0,7,6.0
13656,6.0,0,6.0
13657,6.0,7,6.0
13658,6.0,7,6.0
13659,7.0,6,7.0
13660,6.0,7,6.0
13661,6.0,7,6.0
13662,6.0,7,6.0
13663,6.0,7,6.0
13664,6.0,7,6.0
13665,6.0,0,6.0
13666,6.0,7,6.0
13667,6.0,7,6.0
13668,6.0,0,6.0
13669,6.0,7,6.0
13670,6.0,7,6.0
13671,6.0,0,6.0
13672,6.0,7,6.0
13673,6.0,0,6.0
13674,6.0,7,6.0
13675,6.0,7,6.0
13676,6.0,0,6.0
13677,6.0,0,6.0
13678,6.0,7,6.0
13679,6.0,7,6.0
13680,6.0,0,6.0
13681,6.0,0,6.0
13682,6.0,7,6.0
13683,6.0,7,6.0
13684,6.0,7,6.0
13685,1.0,6,7.0
13686,6.0,7,6.0
13687,6.0,7,6.0
13688,6.0,7,6.0
13689,0.0,8,0.0
13690,6.0,7,6.0
13691,6.0,7,6.0
13692,6.0,7,6.0
13693,6.0,7,6.0
13694,6.0,7,6.0
13695,6.0,7,6.0
13696,6.0,7,6.0
13697,6.0,0,6.0
13698,6.0,7,6.0
13699,6.0,0,6.0
13700,6.0,7,6.0
13701,6.0,0,6.0
13702,6.0,7,6.0
13703,6.0,7,6.0
13704,6.0,7,6.0
13705,6.0,0,6.0
13706,6.0,7,6.0
13707,6.0,7,6.0
13708,6.0,7,6.0
13709,6.0,7,6.0
13710,6.0,7,6.0
13711,6.0,0,6.0
13712,6.0,0,6.0
13713,6.0,1,3.0
13714,6.0,7,6.0
13715,6.0,0,6.0
13716,6.0,0,6.0
13717,6.0,0,6.0
13718,6.0,0,6.0
13719,6.0,0,6.0
13720,6.0,0,6.0
13721,1.0,6,7.0
13722,6.0,7,6.0
13723,6.0,7,6.0
13724,6.0,0,6.0
13725,7.0,6,7.0
13726,6.0,7,6.0
13727,6.0,0,6.0
13728,6.0,0,6.0
13729,6.0,0,6.0
13730,6.0,0,6.0
13731,6.0,0,6.0
13732,6.0,7,6.0
13733,6.0,7,6.0
13734,6.0,7,6.0
13735,7.0,6,7.0
13736,6.0,7,6.0
13737,7.0,6,7.0
13738,6.0,7,6.0
13739,6.0,7,6.0
13740,6.0,7,6.0
13741,6.0,7,6.0
13742,6.0,0,6.0
13743,6.0,7,6.0
13744,6.0,7,6.0
13745,1.0,6,7.0
13746,6.0,7,6.0
13747,6.0,7,6.0
13748,6.0,7,6.0
13749,6.0,7,6.0
13750,6.0,7,6.0
13751,6.0,7,6.0
13752,6.0,0,6.0
13753,6.0,0,6.0
13754,6.0,7,6.0
13755,6.0,7,6.0
13756,6.0,7,6.0
13757,6.0,7,6.0
13758,6.0,7,6.0
13759,6.0,7,6.0
13760,6.0,7,6.0
13761,6.0,7,6.0
13762,6.0,7,6.0
13763,6.0,0,6.0
13764,6.0,7,6.0
13765,6.0,7,6.0
13766,6.0,0,6.0
13767,6.0,0,6.0
13768,6.0,7,6.0
13769,6.0,7,6.0
13770,6.0,7,6.0
13771,6.0,7,6.0
13772,0.0,8,0.0
13773,6.0,0,6.0
13774,0.0,8,0.0
13775,6.0,0,6.0
13776,6.0,0,6.0
13777,6.0,0,6.0
13778,6.0,7,6.0
13779,6.0,0,6.0
13780,6.0,7,6.0
13781,6.0,7,6.0
13782,6.0,0,6.0
13783,6.0,7,6.0
13784,6.0,0,6.0
13785,6.0,7,6.0
13786,6.0,7,6.0
13787,0.0,8,0.0
13788,6.0,7,6.0
13789,6.0,7,6.0
13790,6.0,0,6.0
13791,6.0,7,6.0
13792,6.0,7,6.0
13793,6.0,0,6.0
13794,6.0,0,6.0
13795,6.0,7,6.0
13796,6.0,7,6.0
13797,6.0,7,6.0
13798,6.0,7,6.0
13799,6.0,7,6.0
13800,6.0,7,6.0
13801,6.0,7,6.0
13802,6.0,7,6.0
13803,6.0,0,6.0
13804,6.0,0,6.0
13805,6.0,7,6.0
13806,6.0,7,6.0
13807,6.0,7,6.0
13808,6.0,7,6.0
13809,6.0,7,6.0
13810,6.0,7,6.0
13811,6.0,7,6.0
13812,6.0,0,6.0
13813,7.0,6,7.0
13814,6.0,7,6.0
13815,6.0,0,6.0
13816,6.0,0,6.0
13817,6.0,7,6.0
13818,6.0,0,6.0
13819,6.0,7,6.0
13820,6.0,0,6.0
13821,6.0,7,6.0
13822,6.0,0,6.0
13823,6.0,0,6.0
13824,1.0,6,7.0
13825,6.0,7,6.0
13826,7.0,6,7.0
13827,6.0,7,6.0
13828,6.0,0,6.0
13829,6.0,0,6.0
13830,6.0,0,6.0
13831,6.0,0,6.0
13832,6.0,7,6.0
13833,6.0,7,6.0
13834,6.0,7,6.0
13835,6.0,7,6.0
13836,6.0,0,6.0
13837,6.0,7,6.0
13838,6.0,7,6.0
13839,6.0,7,6.0
13840,6.0,0,6.0
13841,6.0,0,6.0
13842,6.0,7,6.0
13843,6.0,7,6.0
13844,6.0,7,6.0
13845,6.0,7,6.0
13846,6.0,7,6.0
13847,6.0,7,6.0
13848,6.0,7,6.0
13849,6.0,7,6.0
13850,6.0,7,6.0
13851,6.0,7,6.0
13852,6.0,0,6.0
13853,6.0,7,6.0
13854,6.0,0,6.0
13855,6.0,7,6.0
13856,6.0,7,6.0
13857,6.0,7,6.0
13858,6.0,0,6.0
13859,6.0,7,6.0
13860,6.0,7,6.0
13861,6.0,7,6.0
13862,6.0,0,6.0
13863,6.0,0,6.0
13864,6.0,7,6.0
13865,6.0,7,6.0
13866,6.0,7,6.0
13867,6.0,7,6.0
13868,6.0,7,6.0
13869,6.0,7,6.0
13870,6.0,7,6.0
13871,7.0,6,7.0
13872,6.0,0,6.0
13873,6.0,0,6.0
13874,6.0,7,6.0
13875,6.0,7,6.0
13876,6.0,7,6.0
13877,0.0,8,0.0
13878,6.0,7,6.0
13879,6.0,7,6.0
13880,6.0,0,6.0
13881,6.0,0,6.0
13882,6.0,7,6.0
13883,6.0,7,6.0
13884,6.0,7,6.0
13885,6.0,0,6.0
13886,1.0,6,7.0
13887,6.0,0,6.0
13888,0.0,8,0.0
13889,6.0,7,6.0
13890,6.0,0,6.0
13891,6.0,0,6.0
13892,6.0,7,6.0
13893,6.0,0,6.0
13894,6.0,7,6.0
13895,6.0,7,6.0
13896,6.0,0,6.0
13897,6.0,7,6.0
13898,6.0,7,6.0
13899,6.0,7,6.0
13900,6.0,0,6.0
13901,6.0,7,6.0
13902,6.0,7,6.0
13903,6.0,7,6.0
13904,6.0,7,6.0
13905,6.0,7,6.0
13906,7.0,6,7.0
13907,6.0,7,6.0
13908,6.0,7,6.0
13909,6.0,7,6.0
13910,6.0,7,6.0
13911,6.0,7,6.0
13912,0.0,8,0.0
13913,0.0,8,0.0
13914,0.0,9,1.0
13915,0.0,8,0.0
13916,0.0,8,0.0
13917,2.0,3,2.0
13918,0.0,8,0.0
13919,0.0,8,0.0
13920,2.0,3,2.0
13921,0.0,8,0.0
13922,0.0,8,0.0
13923,0.0,8,0.0
13924,0.0,8,0.0
13925,0.0,8,0.0
13926,2.0,3,2.0
13927,0.0,8,0.0
13928,0.0,8,0.0
13929,2.0,7,6.0
13930,0.0,8,0.0
13931,3.0,1,3.0
13932,0.0,8,0.0
13933,0.0,8,0.0
13934,0.0,8,0.0
13935,0.0,9,1.0
13936,0.0,9,1.0
13937,0.0,8,0.0
13938,0.0,8,0.0
13939,0.0,8,0.0
13940,2.0,3,2.0
13941,0.0,2,0.0
13942,2.0,3,2.0
13943,0.0,9,1.0
13944,0.0,8,0.0
13945,2.0,3,2.0
13946,0.0,8,0.0
13947,0.0,9,1.0
13948,0.0,2,0.0
13949,0.0,8,0.0
13950,0.0,2,0.0
13951,0.0,8,0.0
13952,0.0,9,1.0
13953,0.0,9,1.0
13954,0.0,9,1.0
13955,1.0,9,1.0
13956,0.0,8,0.0
13957,0.0,8,0.0
13958,2.0,3,2.0
13959,0.0,8,0.0
13960,0.0,8,0.0
13961,0.0,8,0.0
13962,2.0,3,2.0
13963,0.0,8,0.0
13964,0.0,9,1.0
13965,2.0,3,2.0
13966,1.0,9,1.0
13967,0.0,2,0.0
13968,0.0,8,0.0
13969,0.0,8,0.0
13970,0.0,8,0.0
13971,0.0,2,0.0
13972,0.0,8,0.0
13973,2.0,3,2.0
13974,2.0,3,2.0
13975,0.0,8,0.0
13976,0.0,8,0.0
13977,0.0,2,0.0
13978,0.0,8,0.0
13979,0.0,8,0.0
13980,0.0,8,0.0
13981,0.0,2,0.0
13982,0.0,8,0.0
13983,0.0,2,0.0
13984,0.0,2,0.0
13985,2.0,0,6.0
13986,0.0,2,0.0
13987,0.0,8,0.0
13988,0.0,8,0.0
13989,2.0,3,2.0
13990,0.0,8,0.0
13991,0.0,8,0.0
13992,2.0,3,2.0
13993,0.0,8,0.0
13994,0.0,8,0.0
13995,1.0,9,1.0
13996,0.0,9,1.0
13997,0.0,2,0.0
13998,1.0,9,1.0
13999,0.0,2,0.0
14000,0.0,8,0.0
14001,0.0,2,0.0
14002,0.0,8,0.0
14003,0.0,8,0.0
14004,2.0,3,2.0
14005,0.0,8,0.0
14006,0.0,8,0.0
14007,0.0,8,0.0
14008,2.0,3,2.0
14009,0.0,9,1.0
14010,0.0,8,0.0
14011,0.0,8,0.0
14012,2.0,3,2.0
14013,0.0,9,1.0
14014,0.0,9,1.0
14015,2.0,3,2.0
14016,2.0,3,2.0
14017,0.0,8,0.0
14018,2.0,9,1.0
14019,2.0,3,2.0
14020,0.0,8,0.0
14021,0.0,8,0.0
14022,1.0,9,1.0
14023,0.0,8,0.0
14024,0.0,8,0.0
14025,0.0,8,0.0
14026,0.0,9,1.0
14027,0.0,8,0.0
14028,0.0,8,0.0
14029,0.0,8,0.0
14030,0.0,2,0.0
14031,0.0,8,0.0
14032,0.0,9,1.0
14033,0.0,9,1.0
14034,0.0,8,0.0
14035,0.0,8,0.0
14036,0.0,8,0.0
14037,0.0,8,0.0
14038,0.0,8,0.0
14039,0.0,8,0.0
14040,0.0,8,0.0
14041,0.0,8,0.0
14042,0.0,9,1.0
14043,0.0,9,1.0
14044,0.0,8,0.0
14045,0.0,8,0.0
14046,2.0,0,6.0
14047,0.0,8,0.0
14048,0.0,8,0.0
14049,2.0,3,2.0
14050,0.0,8,0.0
14051,0.0,8,0.0
14052,0.0,8,0.0
14053,0.0,8,0.0
14054,0.0,8,0.0
14055,2.0,3,2.0
14056,0.0,8,0.0
14057,0.0,8,0.0
14058,0.0,2,0.0
14059,0.0,8,0.0
14060,0.0,8,0.0
14061,0.0,8,0.0
14062,0.0,8,0.0
14063,0.0,2,0.0
14064,0.0,8,0.0
14065,0.0,8,0.0
14066,0.0,2,0.0
14067,2.0,3,2.0
14068,0.0,2,0.0
14069,0.0,9,1.0
14070,2.0,3,2.0
14071,0.0,9,1.0
14072,0.0,2,0.0
14073,0.0,8,0.0
14074,0.0,9,1.0
14075,0.0,8,0.0
14076,0.0,8,0.0
14077,2.0,3,2.0
14078,0.0,8,0.0
14079,0.0,9,1.0
14080,0.0,8,0.0
14081,0.0,8,0.0
14082,0.0,8,0.0
14083,0.0,8,0.0
14084,0.0,2,0.0
14085,0.0,8,0.0
14086,0.0,9,1.0
14087,0.0,8,0.0
14088,0.0,9,1.0
14089,2.0,3,2.0
14090,2.0,3,2.0
14091,2.0,3,2.0
14092,2.0,3,2.0
14093,0.0,8,0.0
14094,0.0,8,0.0
14095,0.0,2,0.0
14096,0.0,2,0.0
14097,0.0,8,0.0
14098,0.0,8,0.0
14099,0.0,8,0.0
14100,0.0,8,0.0
14101,0.0,2,0.0
14102,2.0,3,2.0
14103,0.0,2,0.0
14104,2.0,3,2.0
14105,0.0,8,0.0
14106,2.0,3,2.0
14107,2.0,3,2.0
14108,0.0,8,0.0
14109,0.0,2,0.0
14110,2.0,3,2.0
14111,2.0,3,2.0
14112,0.0,8,0.0
14113,0.0,8,0.0
14114,0.0,9,1.0
14115,0.0,8,0.0
14116,2.0,3,2.0
14117,0.0,8,0.0
14118,2.0,3,2.0
14119,0.0,8,0.0
14120,0.0,9,1.0
14121,0.0,2,0.0
14122,0.0,8,0.0
14123,0.0,8,0.0
14124,0.0,8,0.0
14125,0.0,8,0.0
14126,0.0,8,0.0
14127,0.0,2,0.0
14128,0.0,8,0.0
14129,0.0,8,0.0
14130,0.0,8,0.0
14131,0.0,8,0.0
14132,0.0,2,0.0
14133,2.0,3,2.0
14134,0.0,8,0.0
14135,0.0,8,0.0
14136,0.0,2,0.0
14137,0.0,8,0.0
14138,0.0,9,1.0
14139,0.0,9,1.0
14140,0.0,2,0.0
14141,0.0,8,0.0
14142,0.0,8,0.0
14143,2.0,3,2.0
14144,0.0,8,0.0
14145,0.0,8,0.0
14146,0.0,8,0.0
14147,2.0,3,2.0
14148,0.0,2,0.0
14149,0.0,2,0.0
14150,1.0,9,1.0
14151,0.0,9,1.0
14152,2.0,3,2.0
14153,0.0,8,0.0
14154,0.0,2,0.0
14155,0.0,2,0.0
14156,2.0,3,2.0
14157,0.0,8,0.0
14158,0.0,8,0.0
14159,0.0,8,0.0
14160,0.0,2,0.0
14161,2.0,3,2.0
14162,2.0,3,2.0
14163,0.0,2,0.0
14164,2.0,3,2.0
14165,2.0,0,6.0
14166,1.0,9,1.0
14167,2.0,7,6.0
14168,0.0,2,0.0
14169,2.0,3,2.0
14170,2.0,3,2.0
14171,0.0,8,0.0
14172,2.0,3,2.0
14173,2.0,3,2.0
14174,0.0,9,1.0
14175,2.0,3,2.0
14176,0.0,8,0.0
14177,1.0,9,1.0
14178,0.0,8,0.0
14179,0.0,8,0.0
14180,0.0,8,0.0
14181,0.0,8,0.0
14182,0.0,8,0.0
14183,0.0,8,0.0
14184,0.0,8,0.0
14185,0.0,8,0.0
14186,0.0,8,0.0
14187,0.0,8,0.0
14188,0.0,8,0.0
14189,2.0,3,2.0
14190,0.0,8,0.0
14191,2.0,3,2.0
14192,2.0,3,2.0
14193,0.0,2,0.0
14194,2.0,3,2.0
14195,0.0,9,1.0
14196,1.0,9,1.0
14197,0.0,2,0.0
14198,0.0,8,0.0
14199,0.0,8,0.0
14200,0.0,8,0.0
14201,2.0,3,2.0
14202,0.0,8,0.0
14203,2.0,3,2.0
14204,0.0,2,0.0
14205,0.0,8,0.0
14206,2.0,3,2.0
14207,0.0,8,0.0
14208,0.0,8,0.0
14209,0.0,9,1.0
14210,0.0,8,0.0
14211,2.0,3,2.0
14212,0.0,9,1.0
14213,0.0,8,0.0
14214,0.0,2,0.0
14215,2.0,3,2.0
14216,0.0,8,0.0
14217,0.0,8,0.0
14218,2.0,3,2.0
14219,0.0,8,0.0
14220,0.0,8,0.0
14221,0.0,8,0.0
14222,0.0,8,0.0
14223,0.0,2,0.0
14224,0.0,8,0.0
14225,0.0,8,0.0
14226,0.0,8,0.0
14227,2.0,3,2.0
14228,1.0,9,1.0
14229,2.0,3,2.0
14230,0.0,8,0.0
14231,0.0,8,0.0
14232,0.0,8,0.0
14233,0.0,8,0.0
14234,0.0,9,1.0
14235,2.0,3,2.0
14236,2.0,3,2.0
14237,2.0,3,2.0
14238,1.0,9,1.0
14239,1.0,9,1.0
14240,0.0,2,0.0
14241,0.0,2,0.0
14242,2.0,3,2.0
14243,0.0,8,0.0
14244,1.0,9,1.0
14245,0.0,9,1.0
14246,0.0,9,1.0
14247,0.0,2,0.0
14248,0.0,8,0.0
14249,0.0,8,0.0
14250,0.0,8,0.0
14251,0.0,2,0.0
14252,0.0,9,1.0
14253,0.0,9,1.0
14254,0.0,2,0.0
14255,2.0,3,2.0
14256,0.0,8,0.0
14257,0.0,8,0.0
14258,0.0,8,0.0
14259,0.0,9,1.0
14260,2.0,3,2.0
14261,2.0,3,2.0
14262,0.0,2,0.0
14263,0.0,9,1.0
14264,0.0,2,0.0
14265,0.0,8,0.0
14266,0.0,8,0.0
14267,2.0,3,2.0
14268,0.0,8,0.0
14269,0.0,2,0.0
14270,0.0,8,0.0
14271,2.0,7,6.0
14272,2.0,3,2.0
14273,0.0,2,0.0
14274,0.0,8,0.0
14275,0.0,8,0.0
14276,0.0,2,0.0
14277,0.0,2,0.0
14278,0.0,2,0.0
14279,2.0,3,2.0
14280,1.0,9,1.0
14281,2.0,3,2.0
14282,0.0,8,0.0
14283,0.0,8,0.0
14284,0.0,8,0.0
14285,2.0,3,2.0
14286,0.0,8,0.0
14287,0.0,2,0.0
14288,0.0,8,0.0
14289,0.0,8,0.0
14290,1.0,9,1.0
14291,0.0,2,0.0
14292,0.0,2,0.0
14293,0.0,8,0.0
14294,0.0,2,0.0
14295,0.0,8,0.0
14296,2.0,3,2.0
14297,2.0,3,2.0
14298,0.0,2,0.0
14299,0.0,8,0.0
14300,0.0,8,0.0
14301,0.0,8,0.0
14302,0.0,8,0.0
14303,6.0,0,6.0
14304,0.0,9,1.0
14305,0.0,8,0.0
14306,2.0,3,2.0
14307,0.0,8,0.0
14308,0.0,8,0.0
14309,0.0,2,0.0
14310,2.0,3,2.0
14311,2.0,3,2.0
14312,0.0,8,0.0
14313,0.0,2,0.0
14314,0.0,8,0.0
14315,2.0,3,2.0
14316,2.0,3,2.0
14317,0.0,8,0.0
14318,2.0,3,2.0
14319,0.0,8,0.0
14320,2.0,3,2.0
14321,0.0,8,0.0
14322,0.0,8,0.0
14323,0.0,8,0.0
14324,0.0,8,0.0
14325,0.0,8,0.0
14326,0.0,8,0.0
14327,2.0,3,2.0
14328,0.0,9,1.0
14329,0.0,2,0.0
14330,0.0,8,0.0
14331,0.0,9,1.0
14332,0.0,8,0.0
14333,0.0,2,0.0
14334,0.0,8,0.0
14335,0.0,8,0.0
14336,0.0,8,0.0
14337,0.0,8,0.0
14338,0.0,8,0.0
14339,0.0,2,0.0
14340,0.0,2,0.0
14341,0.0,8,0.0
14342,0.0,8,0.0
14343,0.0,2,0.0
14344,2.0,3,2.0
14345,2.0,3,2.0
14346,0.0,8,0.0
14347,0.0,2,0.0
14348,0.0,8,0.0
14349,0.0,8,0.0
14350,0.0,8,0.0
14351,2.0,3,2.0
14352,0.0,8,0.0
14353,0.0,8,0.0
14354,0.0,8,0.0
14355,0.0,8,0.0
14356,2.0,3,2.0
14357,0.0,2,0.0
14358,0.0,9,1.0
14359,0.0,8,0.0
14360,0.0,2,0.0
14361,0.0,8,0.0
14362,0.0,9,1.0
14363,0.0,2,0.0
14364,0.0,8,0.0
14365,0.0,2,0.0
14366,0.0,9,1.0
14367,0.0,8,0.0
14368,0.0,8,0.0
14369,0.0,2,0.0
14370,0.0,9,1.0
14371,2.0,3,2.0
14372,2.0,3,2.0
14373,0.0,8,0.0
14374,2.0,3,2.0
14375,2.0,3,2.0
14376,0.0,9,1.0
14377,0.0,8,0.0
14378,0.0,2,0.0
14379,0.0,2,0.0
14380,0.0,8,0.0
14381,0.0,8,0.0
14382,0.0,8,0.0
14383,2.0,3,2.0
14384,0.0,2,0.0
14385,0.0,8,0.0
14386,0.0,8,0.0
14387,0.0,2,0.0
14388,0.0,8,0.0
14389,2.0,3,2.0
14390,0.0,9,1.0
14391,2.0,3,2.0
14392,2.0,3,2.0
14393,0.0,8,0.0
14394,0.0,2,0.0
14395,1.0,9,1.0
14396,0.0,8,0.0
14397,0.0,8,0.0
14398,0.0,8,0.0
14399,0.0,8,0.0
14400,0.0,8,0.0
14401,3.0,1,3.0
14402,0.0,2,0.0
14403,0.0,8,0.0
14404,2.0,3,2.0
14405,0.0,9,1.0
14406,0.0,1,3.0
14407,2.0,3,2.0
14408,0.0,2,0.0
14409,0.0,8,0.0
14410,0.0,8,0.0
14411,0.0,2,0.0
14412,2.0,3,2.0
14413,0.0,2,0.0
14414,2.0,3,2.0
14415,0.0,8,0.0
14416,0.0,2,0.0
14417,0.0,8,0.0
14418,0.0,2,0.0
14419,0.0,2,0.0
14420,2.0,3,2.0
14421,0.0,9,1.0
14422,0.0,8,0.0
14423,0.0,2,0.0
14424,0.0,8,0.0
14425,0.0,8,0.0
14426,0.0,8,0.0
14427,0.0,2,0.0
14428,0.0,9,1.0
14429,2.0,3,2.0
14430,2.0,3,2.0
14431,0.0,2,0.0
14432,2.0,3,2.0
14433,2.0,3,2.0
14434,0.0,8,0.0
14435,1.0,9,1.0
14436,0.0,8,0.0
14437,0.0,8,0.0
14438,0.0,8,0.0
14439,0.0,8,0.0
14440,2.0,3,2.0
14441,0.0,2,0.0
14442,0.0,8,0.0
14443,0.0,2,0.0
14444,0.0,8,0.0
14445,0.0,8,0.0
14446,0.0,8,0.0
14447,0.0,9,1.0
14448,2.0,3,2.0
14449,2.0,3,2.0
14450,2.0,3,2.0
14451,0.0,2,0.0
14452,0.0,8,0.0
14453,0.0,8,0.0
14454,0.0,8,0.0
14455,2.0,3,2.0
14456,0.0,8,0.0
14457,0.0,8,0.0
14458,0.0,8,0.0
14459,0.0,9,1.0
14460,0.0,8,0.0
14461,0.0,9,1.0
14462,2.0,3,2.0
14463,2.0,3,2.0
14464,0.0,8,0.0
14465,1.0,9,1.0
14466,2.0,3,2.0
14467,0.0,2,0.0
14468,2.0,3,2.0
14469,0.0,8,0.0
14470,0.0,2,0.0
14471,0.0,9,1.0
14472,0.0,8,0.0
14473,0.0,8,0.0
14474,0.0,8,0.0
14475,2.0,3,2.0
14476,0.0,8,0.0
14477,0.0,8,0.0
14478,0.0,8,0.0
14479,2.0,3,2.0
14480,0.0,2,0.0
14481,2.0,3,2.0
14482,0.0,8,0.0
14483,0.0,8,0.0
14484,2.0,3,2.0
14485,0.0,8,0.0
14486,0.0,8,0.0
14487,0.0,8,0.0
14488,0.0,8,0.0
14489,0.0,2,0.0
14490,0.0,8,0.0
14491,0.0,8,0.0
14492,0.0,8,0.0
14493,2.0,3,2.0
14494,0.0,8,0.0
14495,0.0,8,0.0
14496,2.0,3,2.0
14497,0.0,8,0.0
14498,0.0,2,0.0
14499,0.0,8,0.0
14500,0.0,8,0.0
14501,2.0,3,2.0
14502,0.0,8,0.0
14503,2.0,3,2.0
14504,0.0,8,0.0
14505,0.0,8,0.0
14506,0.0,8,0.0
14507,0.0,8,0.0
14508,2.0,3,2.0
14509,0.0,8,0.0
14510,0.0,2,0.0
14511,0.0,8,0.0
14512,3.0,1,3.0
14513,0.0,8,0.0
14514,0.0,2,0.0
14515,1.0,9,1.0
14516,0.0,2,0.0
14517,0.0,9,1.0
14518,0.0,8,0.0
14519,1.0,9,1.0
14520,2.0,3,2.0
14521,0.0,8,0.0
14522,1.0,9,1.0
14523,0.0,8,0.0
14524,0.0,2,0.0
14525,0.0,8,0.0
14526,0.0,8,0.0
14527,0.0,8,0.0
14528,0.0,8,0.0
14529,0.0,8,0.0
14530,0.0,8,0.0
14531,2.0,3,2.0
14532,0.0,2,0.0
14533,2.0,3,2.0
14534,0.0,8,0.0
14535,0.0,2,0.0
14536,0.0,8,0.0
14537,1.0,9,1.0
14538,0.0,8,0.0
14539,0.0,8,0.0
14540,0.0,8,0.0
14541,0.0,9,1.0
14542,0.0,8,0.0
14543,2.0,3,2.0
14544,0.0,8,0.0
14545,0.0,8,0.0
14546,0.0,8,0.0
14547,0.0,2,0.0
14548,0.0,8,0.0
14549,2.0,3,2.0
14550,0.0,8,0.0
14551,0.0,2,0.0
14552,0.0,8,0.0
14553,0.0,9,1.0
14554,0.0,8,0.0
14555,2.0,7,6.0
14556,2.0,3,2.0
14557,2.0,3,2.0
14558,2.0,3,2.0
14559,0.0,8,0.0
14560,2.0,3,2.0
14561,0.0,8,0.0
14562,0.0,2,0.0
14563,0.0,8,0.0
14564,0.0,8,0.0
14565,0.0,2,0.0
14566,2.0,3,2.0
14567,1.0,9,1.0
14568,0.0,8,0.0
14569,0.0,8,0.0
14570,0.0,8,0.0
14571,0.0,8,0.0
14572,0.0,2,0.0
14573,0.0,8,0.0
14574,0.0,8,0.0
14575,0.0,8,0.0
14576,0.0,2,0.0
14577,2.0,3,2.0
14578,0.0,8,0.0
14579,0.0,9,1.0
14580,0.0,8,0.0
14581,1.0,9,1.0
14582,0.0,2,0.0
14583,2.0,3,2.0
14584,0.0,9,1.0
14585,0.0,8,0.0
14586,0.0,8,0.0
14587,2.0,3,2.0
14588,1.0,9,1.0
14589,1.0,9,1.0
14590,0.0,8,0.0
14591,0.0,8,0.0
14592,0.0,8,0.0
14593,1.0,9,1.0
14594,0.0,8,0.0
14595,2.0,3,2.0
14596,0.0,8,0.0
14597,1.0,9,1.0
14598,0.0,9,1.0
14599,0.0,9,1.0
14600,0.0,8,0.0
14601,0.0,8,0.0
14602,0.0,8,0.0
14603,0.0,9,1.0
14604,0.0,8,0.0
14605,0.0,2,0.0
14606,0.0,2,0.0
14607,2.0,3,2.0
14608,0.0,8,0.0
14609,2.0,3,2.0
14610,0.0,8,0.0
14611,0.0,2,0.0
14612,0.0,8,0.0
14613,2.0,3,2.0
14614,0.0,8,0.0
14615,0.0,8,0.0
14616,0.0,2,0.0
14617,0.0,8,0.0
14618,0.0,9,1.0
14619,0.0,8,0.0
14620,0.0,8,0.0
14621,0.0,9,1.0
14622,0.0,8,0.0
14623,0.0,8,0.0
14624,0.0,9,1.0
14625,0.0,8,0.0
14626,0.0,8,0.0
14627,2.0,3,2.0
14628,0.0,8,0.0
14629,0.0,9,1.0
14630,0.0,8,0.0
14631,0.0,8,0.0
14632,0.0,8,0.0
14633,0.0,9,1.0
14634,0.0,9,1.0
14635,0.0,8,0.0
14636,0.0,9,1.0
14637,0.0,9,1.0
14638,2.0,3,2.0
14639,0.0,9,1.0
14640,2.0,3,2.0
14641,0.0,9,1.0
14642,0.0,8,0.0
14643,0.0,8,0.0
14644,0.0,2,0.0
14645,0.0,8,0.0
14646,0.0,8,0.0
14647,0.0,8,0.0
14648,0.0,8,0.0
14649,0.0,9,1.0
14650,0.0,2,0.0
14651,0.0,8,0.0
14652,2.0,3,2.0
14653,0.0,8,0.0
14654,0.0,9,1.0
14655,0.0,8,0.0
14656,0.0,9,1.0
14657,2.0,3,2.0
14658,0.0,2,0.0
14659,0.0,8,0.0
14660,0.0,9,1.0
14661,0.0,8,0.0
14662,1.0,9,1.0
14663,0.0,9,1.0
14664,0.0,2,0.0
14665,0.0,8,0.0
14666,2.0,3,2.0
14667,0.0,8,0.0
14668,2.0,3,2.0
14669,0.0,8,0.0
14670,0.0,8,0.0
14671,2.0,3,2.0
14672,0.0,8,0.0
14673,0.0,8,0.0
14674,0.0,8,0.0
14675,0.0,8,0.0
14676,0.0,8,0.0
14677,0.0,8,0.0
14678,0.0,9,1.0
14679,0.0,8,0.0
14680,0.0,8,0.0
14681,0.0,2,0.0
14682,0.0,9,1.0
14683,0.0,8,0.0
14684,0.0,8,0.0
14685,0.0,8,0.0
14686,2.0,0,6.0
14687,0.0,2,0.0
14688,0.0,8,0.0
14689,0.0,2,0.0
14690,0.0,8,0.0
14691,0.0,2,0.0
14692,0.0,8,0.0
14693,0.0,8,0.0
14694,0.0,8,0.0
14695,0.0,9,1.0
14696,0.0,8,0.0
14697,0.0,8,0.0
14698,2.0,3,2.0
14699,0.0,8,0.0
14700,0.0,8,0.0
14701,2.0,3,2.0
14702,0.0,2,0.0
14703,0.0,8,0.0
14704,0.0,8,0.0
14705,0.0,2,0.0
14706,2.0,3,2.0
14707,0.0,2,0.0
14708,0.0,8,0.0
14709,0.0,8,0.0
14710,0.0,8,0.0
14711,0.0,9,1.0
14712,0.0,8,0.0
14713,0.0,9,1.0
14714,1.0,9,1.0
14715,0.0,8,0.0
14716,0.0,2,0.0
14717,0.0,2,0.0
14718,0.0,8,0.0
14719,1.0,9,1.0
14720,0.0,8,0.0
14721,0.0,8,0.0
14722,0.0,8,0.0
14723,0.0,9,1.0
14724,2.0,3,2.0
14725,0.0,8,0.0
14726,0.0,8,0.0
14727,0.0,8,0.0
14728,0.0,8,0.0
14729,0.0,8,0.0
14730,0.0,8,0.0
14731,0.0,8,0.0
14732,2.0,3,2.0
14733,0.0,9,1.0
14734,0.0,9,1.0
14735,0.0,8,0.0
14736,0.0,8,0.0
14737,0.0,8,0.0
14738,0.0,8,0.0
14739,2.0,3,2.0
14740,0.0,8,0.0
14741,1.0,9,1.0
14742,0.0,8,0.0
14743,0.0,2,0.0
14744,0.0,2,0.0
14745,0.0,8,0.0
14746,2.0,3,2.0
14747,0.0,8,0.0
14748,0.0,9,1.0
14749,0.0,9,1.0
14750,2.0,3,2.0
14751,0.0,8,0.0
14752,0.0,2,0.0
14753,2.0,3,2.0
14754,0.0,8,0.0
14755,0.0,2,0.0
14756,0.0,8,0.0
14757,0.0,8,0.0
14758,2.0,3,2.0
14759,2.0,3,2.0
14760,0.0,9,1.0
14761,2.0,3,2.0
14762,2.0,0,6.0
14763,0.0,8,0.0
14764,0.0,8,0.0
14765,0.0,2,0.0
14766,0.0,8,0.0
14767,2.0,3,2.0
14768,0.0,2,0.0
14769,0.0,2,0.0
14770,0.0,2,0.0
14771,0.0,8,0.0
14772,2.0,3,2.0
14773,0.0,8,0.0
14774,2.0,3,2.0
14775,2.0,3,2.0
14776,0.0,2,0.0
14777,0.0,8,0.0
14778,2.0,3,2.0
14779,1.0,9,1.0
14780,0.0,9,1.0
14781,2.0,3,2.0
14782,0.0,8,0.0
14783,2.0,3,2.0
14784,0.0,8,0.0
14785,0.0,8,0.0
14786,0.0,8,0.0
14787,0.0,8,0.0
14788,2.0,3,2.0
14789,0.0,8,0.0
14790,2.0,3,2.0
14791,0.0,8,0.0
14792,0.0,9,1.0
14793,0.0,9,1.0
14794,0.0,2,0.0
14795,2.0,3,2.0
14796,0.0,8,0.0
14797,2.0,3,2.0
14798,0.0,8,0.0
14799,0.0,2,0.0
14800,0.0,9,1.0
14801,0.0,8,0.0
14802,0.0,9,1.0
14803,0.0,9,1.0
14804,0.0,8,0.0
14805,0.0,8,0.0
14806,0.0,8,0.0
14807,0.0,2,0.0
14808,2.0,3,2.0
14809,0.0,2,0.0
14810,0.0,2,0.0
14811,0.0,8,0.0
14812,2.0,3,2.0
14813,2.0,3,2.0
14814,0.0,9,1.0
14815,2.0,3,2.0
14816,0.0,8,0.0
14817,2.0,3,2.0
14818,0.0,9,1.0
14819,0.0,8,0.0
14820,0.0,8,0.0
14821,0.0,8,0.0
14822,1.0,9,1.0
14823,0.0,8,0.0
14824,0.0,2,0.0
14825,0.0,2,0.0
14826,0.0,9,1.0
14827,0.0,8,0.0
14828,0.0,2,0.0
14829,0.0,2,0.0
14830,0.0,2,0.0
14831,1.0,5,4.0
14832,0.0,2,0.0
14833,0.0,8,0.0
14834,0.0,8,0.0
14835,0.0,8,0.0
14836,2.0,3,2.0
14837,2.0,3,2.0
14838,2.0,3,2.0
14839,0.0,8,0.0
14840,0.0,8,0.0
14841,2.0,3,2.0
14842,0.0,9,1.0
14843,0.0,2,0.0
14844,2.0,3,2.0
14845,2.0,3,2.0
14846,0.0,8,0.0
14847,0.0,8,0.0
14848,0.0,8,0.0
14849,0.0,8,0.0
14850,1.0,9,1.0
14851,0.0,8,0.0
14852,0.0,8,0.0
14853,0.0,8,0.0
14854,0.0,8,0.0
14855,0.0,8,0.0
14856,0.0,8,0.0
14857,0.0,8,0.0
14858,0.0,2,0.0
14859,0.0,8,0.0
14860,0.0,2,0.0
14861,0.0,2,0.0
14862,0.0,8,0.0
14863,2.0,3,2.0
14864,2.0,3,2.0
14865,0.0,8,0.0
14866,0.0,8,0.0
14867,0.0,2,0.0
14868,0.0,8,0.0
14869,0.0,9,1.0
14870,0.0,2,0.0
14871,5.0,5,4.0
14872,0.0,2,0.0
14873,0.0,2,0.0
14874,0.0,2,0.0
14875,0.0,9,1.0
14876,0.0,8,0.0
14877,1.0,9,1.0
14878,0.0,2,0.0
14879,2.0,3,2.0
14880,0.0,8,0.0
14881,3.0,3,2.0
14882,0.0,8,0.0
14883,0.0,2,0.0
14884,0.0,2,0.0
14885,0.0,2,0.0
14886,2.0,3,2.0
14887,0.0,8,0.0
14888,0.0,8,0.0
14889,0.0,8,0.0
14890,0.0,2,0.0
14891,0.0,8,0.0
14892,0.0,8,0.0
14893,0.0,8,0.0
14894,2.0,3,2.0
14895,0.0,2,0.0
14896,0.0,9,1.0
14897,0.0,8,0.0
14898,0.0,8,0.0
14899,0.0,8,0.0
14900,0.0,9,1.0
14901,2.0,3,2.0
14902,0.0,8,0.0
14903,2.0,3,2.0
14904,2.0,3,2.0
14905,0.0,9,1.0
14906,0.0,8,0.0
14907,0.0,8,0.0
14908,2.0,3,2.0
14909,0.0,8,0.0
14910,0.0,2,0.0
14911,2.0,3,2.0
14912,0.0,2,0.0
14913,0.0,9,1.0
14914,0.0,8,0.0
14915,2.0,3,2.0
14916,0.0,9,1.0
14917,0.0,8,0.0
14918,0.0,8,0.0
14919,0.0,8,0.0
14920,0.0,8,0.0
14921,0.0,8,0.0
14922,0.0,8,0.0
14923,0.0,8,0.0
14924,0.0,8,0.0
14925,2.0,3,2.0
14926,0.0,8,0.0
14927,0.0,8,0.0
14928,0.0,8,0.0
14929,0.0,8,0.0
14930,2.0,3,2.0
14931,0.0,8,0.0
14932,0.0,8,0.0
14933,0.0,8,0.0
14934,2.0,3,2.0
14935,0.0,8,0.0
14936,0.0,2,0.0
14937,0.0,8,0.0
14938,2.0,0,6.0
14939,0.0,8,0.0
14940,0.0,2,0.0
14941,0.0,8,0.0
14942,0.0,8,0.0
14943,2.0,3,2.0
14944,2.0,3,2.0
14945,2.0,3,2.0
14946,0.0,8,0.0
14947,0.0,8,0.0
14948,0.0,2,0.0
14949,0.0,8,0.0
14950,0.0,8,0.0
14951,0.0,9,1.0
14952,0.0,9,1.0
14953,0.0,8,0.0
14954,0.0,8,0.0
14955,0.0,2,0.0
14956,0.0,8,0.0
14957,0.0,9,1.0
14958,0.0,8,0.0
14959,0.0,8,0.0
14960,0.0,8,0.0
14961,2.0,3,2.0
14962,0.0,9,1.0
14963,0.0,8,0.0
14964,0.0,8,0.0
14965,0.0,2,0.0
14966,0.0,8,0.0
14967,2.0,3,2.0
14968,2.0,3,2.0
14969,2.0,3,2.0
14970,2.0,3,2.0
14971,0.0,2,0.0
14972,0.0,8,0.0
14973,2.0,3,2.0
14974,2.0,3,2.0
14975,0.0,8,0.0
14976,0.0,8,0.0
14977,0.0,8,0.0
14978,0.0,8,0.0
14979,0.0,8,0.0
14980,0.0,8,0.0
14981,0.0,2,0.0
14982,0.0,8,0.0
14983,0.0,8,0.0
14984,0.0,8,0.0
14985,0.0,8,0.0
14986,0.0,8,0.0
14987,0.0,8,0.0
14988,2.0,3,2.0
14989,0.0,8,0.0
14990,0.0,8,0.0
14991,2.0,3,2.0
14992,0.0,9,1.0
14993,0.0,2,0.0
14994,2.0,3,2.0
14995,0.0,8,0.0
14996,0.0,8,0.0
14997,0.0,2,0.0
14998,1.0,9,1.0
14999,0.0,2,0.0
15000,0.0,2,0.0
15001,2.0,3,2.0
15002,0.0,8,0.0
15003,0.0,8,0.0
15004,0.0,8,0.0
15005,0.0,8,0.0
15006,0.0,8,0.0
15007,0.0,2,0.0
15008,2.0,3,2.0
15009,0.0,2,0.0
15010,2.0,3,2.0
15011,0.0,8,0.0
15012,0.0,2,0.0
15013,0.0,2,0.0
15014,0.0,8,0.0
15015,0.0,2,0.0
15016,0.0,8,0.0
15017,2.0,3,2.0
15018,0.0,8,0.0
15019,0.0,8,0.0
15020,0.0,8,0.0
15021,2.0,3,2.0
15022,0.0,8,0.0
15023,0.0,8,0.0
15024,0.0,8,0.0
15025,0.0,8,0.0
15026,0.0,2,0.0
15027,2.0,3,2.0
15028,0.0,8,0.0
15029,0.0,8,0.0
15030,0.0,8,0.0
15031,0.0,9,1.0
15032,0.0,9,1.0
15033,2.0,3,2.0
15034,0.0,8,0.0
15035,0.0,8,0.0
15036,2.0,3,2.0
15037,0.0,2,0.0
15038,0.0,2,0.0
15039,0.0,2,0.0
15040,0.0,9,1.0
15041,0.0,2,0.0
15042,0.0,8,0.0
15043,0.0,2,0.0
15044,0.0,8,0.0
15045,0.0,8,0.0
15046,2.0,3,2.0
15047,0.0,2,0.0
15048,0.0,2,0.0
15049,0.0,9,1.0
15050,2.0,3,2.0
15051,0.0,8,0.0
15052,0.0,8,0.0
15053,0.0,8,0.0
15054,0.0,8,0.0
15055,0.0,8,0.0
15056,0.0,8,0.0
15057,0.0,8,0.0
15058,0.0,8,0.0
15059,0.0,8,0.0
15060,0.0,8,0.0
15061,3.0,1,3.0
15062,3.0,1,3.0
15063,2.0,3,2.0
15064,0.0,8,0.0
15065,0.0,8,0.0
15066,0.0,8,0.0
15067,2.0,3,2.0
15068,0.0,8,0.0
15069,0.0,2,0.0
15070,0.0,8,0.0
15071,0.0,8,0.0
15072,2.0,3,2.0
15073,0.0,9,1.0
15074,0.0,2,0.0
15075,0.0,8,0.0
15076,0.0,8,0.0
15077,0.0,9,1.0
15078,0.0,8,0.0
15079,0.0,9,1.0
15080,0.0,8,0.0
15081,0.0,2,0.0
15082,2.0,3,2.0
15083,0.0,8,0.0
15084,1.0,9,1.0
15085,0.0,9,1.0
15086,0.0,8,0.0
15087,0.0,9,1.0
15088,0.0,8,0.0
15089,0.0,2,0.0
15090,0.0,2,0.0
15091,0.0,9,1.0
15092,0.0,8,0.0
15093,2.0,3,2.0
15094,0.0,2,0.0
15095,0.0,8,0.0
15096,0.0,8,0.0
15097,0.0,9,1.0
15098,2.0,3,2.0
15099,0.0,8,0.0
15100,0.0,8,0.0
15101,0.0,8,0.0
15102,2.0,3,2.0
15103,0.0,8,0.0
15104,1.0,9,1.0
15105,0.0,2,0.0
15106,1.0,9,1.0
15107,2.0,3,2.0
15108,2.0,3,2.0
15109,2.0,3,2.0
15110,0.0,8,0.0
15111,2.0,3,2.0
15112,0.0,8,0.0
15113,0.0,2,0.0
15114,2.0,3,2.0
15115,2.0,3,2.0
15116,0.0,8,0.0
15117,0.0,8,0.0
15118,0.0,8,0.0
15119,2.0,3,2.0
15120,1.0,9,1.0
15121,0.0,2,0.0
15122,0.0,8,0.0
15123,2.0,3,2.0
15124,0.0,8,0.0
15125,0.0,8,0.0
15126,0.0,8,0.0
15127,0.0,8,0.0
15128,0.0,8,0.0
15129,0.0,9,1.0
15130,0.0,8,0.0
15131,2.0,3,2.0
15132,0.0,2,0.0
15133,2.0,3,2.0
15134,0.0,8,0.0
15135,2.0,7,6.0
15136,0.0,2,0.0
15137,0.0,8,0.0
15138,2.0,3,2.0
15139,1.0,9,1.0
15140,0.0,9,1.0
15141,2.0,3,2.0
15142,0.0,9,1.0
15143,0.0,8,0.0
15144,0.0,2,0.0
15145,0.0,8,0.0
15146,0.0,2,0.0
15147,1.0,9,1.0
15148,0.0,8,0.0
15149,0.0,8,0.0
15150,0.0,8,0.0
15151,0.0,8,0.0
15152,0.0,8,0.0
15153,2.0,0,6.0
15154,2.0,3,2.0
15155,2.0,3,2.0
15156,0.0,9,1.0
15157,0.0,8,0.0
15158,0.0,8,0.0
15159,0.0,2,0.0
15160,0.0,9,1.0
15161,2.0,3,2.0
15162,0.0,8,0.0
15163,0.0,8,0.0
15164,0.0,8,0.0
15165,0.0,9,1.0
15166,0.0,8,0.0
15167,0.0,2,0.0
15168,0.0,8,0.0
15169,2.0,3,2.0
15170,0.0,8,0.0
15171,0.0,9,1.0
15172,2.0,3,2.0
15173,0.0,8,0.0
15174,0.0,8,0.0
15175,2.0,3,2.0
15176,0.0,9,1.0
15177,2.0,3,2.0
15178,2.0,3,2.0
15179,0.0,8,0.0
15180,0.0,8,0.0
15181,0.0,8,0.0
15182,2.0,3,2.0
15183,0.0,8,0.0
15184,1.0,9,1.0
15185,0.0,8,0.0
15186,0.0,2,0.0
15187,0.0,8,0.0
15188,0.0,9,1.0
15189,0.0,8,0.0
15190,0.0,2,0.0
15191,2.0,3,2.0
15192,0.0,8,0.0
15193,0.0,2,0.0
15194,0.0,8,0.0
15195,0.0,8,0.0
15196,0.0,9,1.0
15197,0.0,9,1.0
15198,0.0,8,0.0
15199,2.0,3,2.0
15200,0.0,8,0.0
15201,0.0,9,1.0
15202,0.0,8,0.0
15203,3.0,1,3.0
15204,0.0,1,3.0
15205,0.0,8,0.0
15206,0.0,8,0.0
15207,0.0,2,0.0
15208,0.0,8,0.0
15209,0.0,8,0.0
15210,0.0,8,0.0
15211,0.0,8,0.0
15212,2.0,3,2.0
15213,2.0,3,2.0
15214,0.0,2,0.0
15215,0.0,8,0.0
15216,2.0,3,2.0
15217,0.0,8,0.0
15218,0.0,8,0.0
15219,0.0,2,0.0
15220,0.0,9,1.0
15221,0.0,8,0.0
15222,0.0,8,0.0
15223,0.0,8,0.0
15224,0.0,9,1.0
15225,0.0,8,0.0
15226,0.0,2,0.0
15227,0.0,2,0.0
15228,2.0,3,2.0
15229,1.0,9,1.0
15230,0.0,8,0.0
15231,1.0,9,1.0
15232,2.0,3,2.0
15233,2.0,3,2.0
15234,0.0,2,0.0
15235,2.0,3,2.0
15236,0.0,2,0.0
15237,0.0,8,0.0
15238,0.0,8,0.0
15239,0.0,8,0.0
15240,0.0,2,0.0
15241,0.0,9,1.0
15242,0.0,8,0.0
15243,0.0,8,0.0
15244,0.0,9,1.0
15245,0.0,2,0.0
15246,0.0,8,0.0
15247,0.0,9,1.0
15248,0.0,8,0.0
15249,0.0,8,0.0
15250,2.0,3,2.0
15251,0.0,8,0.0
15252,0.0,8,0.0
15253,0.0,8,0.0
15254,2.0,3,2.0
15255,2.0,3,2.0
15256,2.0,3,2.0
15257,2.0,3,2.0
15258,1.0,9,1.0
15259,0.0,8,0.0
15260,0.0,8,0.0
15261,0.0,9,1.0
15262,0.0,8,0.0
15263,0.0,8,0.0
15264,0.0,8,0.0
15265,0.0,8,0.0
15266,2.0,3,2.0
15267,0.0,8,0.0
15268,0.0,8,0.0
15269,0.0,8,0.0
15270,0.0,2,0.0
15271,2.0,0,6.0
15272,2.0,3,2.0
15273,0.0,8,0.0
15274,0.0,2,0.0
15275,1.0,5,4.0
15276,0.0,8,0.0
15277,0.0,8,0.0
15278,0.0,2,0.0
15279,0.0,8,0.0
15280,0.0,8,0.0
15281,0.0,2,0.0
15282,2.0,3,2.0
15283,0.0,8,0.0
15284,0.0,2,0.0
15285,0.0,8,0.0
15286,3.0,1,3.0
15287,0.0,2,0.0
15288,2.0,3,2.0
15289,0.0,8,0.0
15290,2.0,0,6.0
15291,0.0,8,0.0
15292,0.0,8,0.0
15293,0.0,8,0.0
15294,0.0,8,0.0
15295,0.0,2,0.0
15296,0.0,8,0.0
15297,0.0,2,0.0
15298,0.0,8,0.0
15299,0.0,8,0.0
15300,2.0,3,2.0
15301,0.0,9,1.0
15302,0.0,8,0.0
15303,0.0,2,0.0
15304,0.0,9,1.0
15305,2.0,3,2.0
15306,3.0,1,3.0
15307,0.0,2,0.0
15308,2.0,3,2.0
15309,0.0,9,1.0
15310,0.0,8,0.0
15311,2.0,3,2.0
15312,2.0,3,2.0
15313,0.0,2,0.0
15314,2.0,3,2.0
15315,0.0,8,0.0
15316,0.0,8,0.0
15317,0.0,8,0.0
15318,0.0,9,1.0
15319,0.0,9,1.0
15320,2.0,3,2.0
15321,0.0,8,0.0
15322,0.0,2,0.0
15323,0.0,8,0.0
15324,2.0,3,2.0
15325,0.0,2,0.0
15326,0.0,2,0.0
15327,2.0,3,2.0
15328,0.0,8,0.0
15329,0.0,8,0.0
15330,0.0,8,0.0
15331,0.0,8,0.0
15332,2.0,3,2.0
15333,0.0,9,1.0
15334,0.0,8,0.0
15335,0.0,8,0.0
15336,0.0,9,1.0
15337,0.0,8,0.0
15338,0.0,8,0.0
15339,2.0,3,2.0
15340,0.0,8,0.0
15341,2.0,3,2.0
15342,2.0,3,2.0
15343,2.0,3,2.0
15344,0.0,8,0.0
15345,2.0,3,2.0
15346,0.0,2,0.0
15347,0.0,9,1.0
15348,0.0,8,0.0
15349,0.0,8,0.0
15350,0.0,8,0.0
15351,0.0,8,0.0
15352,0.0,8,0.0
15353,0.0,9,1.0
15354,2.0,3,2.0
15355,0.0,8,0.0
15356,0.0,2,0.0
15357,0.0,8,0.0
15358,0.0,2,0.0
15359,2.0,0,6.0
15360,0.0,8,0.0
15361,0.0,2,0.0
15362,0.0,8,0.0
15363,0.0,8,0.0
15364,0.0,9,1.0
15365,2.0,3,2.0
15366,2.0,3,2.0
15367,0.0,9,1.0
15368,2.0,3,2.0
15369,0.0,8,0.0
15370,2.0,3,2.0
15371,2.0,3,2.0
15372,0.0,8,0.0
15373,0.0,8,0.0
15374,0.0,8,0.0
15375,0.0,8,0.0
15376,0.0,8,0.0
15377,0.0,2,0.0
15378,0.0,8,0.0
15379,0.0,8,0.0
15380,0.0,8,0.0
15381,0.0,8,0.0
15382,2.0,3,2.0
15383,0.0,8,0.0
15384,0.0,9,1.0
15385,0.0,8,0.0
15386,0.0,9,1.0
15387,0.0,8,0.0
15388,0.0,8,0.0
15389,0.0,2,0.0
15390,0.0,2,0.0
15391,0.0,8,0.0
15392,0.0,8,0.0
15393,0.0,2,0.0
15394,0.0,8,0.0
15395,2.0,3,2.0
15396,0.0,8,0.0
15397,0.0,8,0.0
15398,1.0,9,1.0
15399,0.0,8,0.0
15400,0.0,2,0.0
15401,0.0,8,0.0
15402,0.0,8,0.0
15403,0.0,8,0.0
15404,0.0,8,0.0
15405,0.0,8,0.0
15406,0.0,8,0.0
15407,3.0,1,3.0
15408,0.0,9,1.0
15409,0.0,8,0.0
15410,2.0,3,2.0
15411,0.0,2,0.0
15412,2.0,3,2.0
15413,0.0,8,0.0
15414,0.0,8,0.0
15415,2.0,3,2.0
15416,2.0,3,2.0
15417,0.0,8,0.0
15418,0.0,9,1.0
15419,0.0,8,0.0
15420,2.0,3,2.0
15421,0.0,8,0.0
15422,0.0,8,0.0
15423,0.0,2,0.0
15424,0.0,8,0.0
15425,0.0,8,0.0
15426,0.0,8,0.0
15427,0.0,2,0.0
15428,1.0,9,1.0
15429,2.0,3,2.0
15430,0.0,8,0.0
15431,0.0,9,1.0
15432,2.0,3,2.0
15433,2.0,3,2.0
15434,0.0,8,0.0
15435,0.0,8,0.0
15436,0.0,8,0.0
15437,0.0,8,0.0
15438,0.0,9,1.0
15439,1.0,9,1.0
15440,0.0,8,0.0
15441,0.0,8,0.0
15442,0.0,9,1.0
15443,2.0,3,2.0
15444,2.0,3,2.0
15445,0.0,2,0.0
15446,0.0,8,0.0
15447,0.0,8,0.0
15448,0.0,2,0.0
15449,2.0,3,2.0
15450,0.0,9,1.0
15451,0.0,2,0.0
15452,0.0,2,0.0
15453,0.0,2,0.0
15454,0.0,2,0.0
15455,0.0,8,0.0
15456,0.0,8,0.0
15457,2.0,3,2.0
15458,0.0,2,0.0
15459,0.0,8,0.0
15460,0.0,2,0.0
15461,2.0,3,2.0
15462,0.0,8,0.0
15463,0.0,8,0.0
15464,0.0,8,0.0
15465,0.0,9,1.0
15466,0.0,8,0.0
15467,0.0,8,0.0
15468,0.0,8,0.0
15469,2.0,3,2.0
15470,0.0,8,0.0
15471,0.0,8,0.0
15472,0.0,2,0.0
15473,2.0,3,2.0
15474,1.0,9,1.0
15475,0.0,2,0.0
15476,2.0,3,2.0
15477,0.0,8,0.0
15478,0.0,8,0.0
15479,0.0,8,0.0
15480,1.0,9,1.0
15481,0.0,8,0.0
15482,0.0,9,1.0
15483,0.0,8,0.0
15484,0.0,8,0.0
15485,2.0,3,2.0
15486,0.0,2,0.0
15487,0.0,8,0.0
15488,0.0,9,1.0
15489,0.0,8,0.0
15490,0.0,8,0.0
15491,0.0,8,0.0
15492,0.0,8,0.0
15493,0.0,2,0.0
15494,0.0,8,0.0
15495,0.0,9,1.0
15496,0.0,2,0.0
15497,2.0,3,2.0
15498,0.0,9,1.0
15499,0.0,2,0.0
15500,0.0,8,0.0
15501,0.0,8,0.0
15502,0.0,9,1.0
15503,0.0,9,1.0
15504,0.0,8,0.0
15505,0.0,9,1.0
15506,0.0,8,0.0
15507,0.0,8,0.0
15508,2.0,3,2.0
15509,0.0,8,0.0
15510,0.0,8,0.0
15511,0.0,8,0.0
15512,2.0,3,2.0
15513,0.0,8,0.0
15514,0.0,8,0.0
15515,2.0,3,2.0
15516,0.0,9,1.0
15517,0.0,9,1.0
15518,0.0,2,0.0
15519,0.0,8,0.0
15520,0.0,9,1.0
15521,0.0,8,0.0
15522,0.0,9,1.0
15523,0.0,2,0.0
15524,0.0,8,0.0
15525,0.0,8,0.0
15526,0.0,8,0.0
15527,2.0,3,2.0
15528,2.0,3,2.0
15529,2.0,3,2.0
15530,2.0,3,2.0
15531,2.0,3,2.0
15532,2.0,3,2.0
15533,0.0,8,0.0
15534,1.0,9,1.0
15535,2.0,3,2.0
15536,2.0,3,2.0
15537,0.0,8,0.0
15538,1.0,9,1.0
15539,0.0,2,0.0
15540,0.0,2,0.0
15541,0.0,8,0.0
15542,2.0,3,2.0
15543,0.0,2,0.0
15544,2.0,3,2.0
15545,0.0,2,0.0
15546,0.0,8,0.0
15547,0.0,9,1.0
15548,2.0,3,2.0
15549,0.0,2,0.0
15550,0.0,8,0.0
15551,2.0,3,2.0
15552,2.0,3,2.0
15553,0.0,8,0.0
15554,2.0,3,2.0
15555,0.0,8,0.0
15556,0.0,2,0.0
15557,0.0,2,0.0
15558,2.0,3,2.0
15559,0.0,8,0.0
15560,0.0,8,0.0
15561,0.0,8,0.0
15562,3.0,1,3.0
15563,0.0,9,1.0
15564,0.0,8,0.0
15565,0.0,8,0.0
15566,2.0,3,2.0
15567,0.0,8,0.0
15568,0.0,8,0.0
15569,2.0,3,2.0
15570,0.0,8,0.0
15571,0.0,9,1.0
15572,0.0,2,0.0
15573,0.0,8,0.0
15574,0.0,8,0.0
15575,2.0,3,2.0
15576,0.0,8,0.0
15577,2.0,3,2.0
15578,0.0,2,0.0
15579,0.0,2,0.0
15580,0.0,2,0.0
15581,2.0,3,2.0
15582,0.0,8,0.0
15583,0.0,9,1.0
15584,0.0,8,0.0
15585,0.0,8,0.0
15586,0.0,8,0.0
15587,2.0,6,7.0
15588,0.0,8,0.0
15589,0.0,2,0.0
15590,0.0,8,0.0
15591,0.0,8,0.0
15592,1.0,9,1.0
15593,2.0,3,2.0
15594,0.0,8,0.0
15595,1.0,9,1.0
15596,2.0,3,2.0
15597,0.0,8,0.0
15598,2.0,3,2.0
15599,2.0,3,2.0
15600,0.0,8,0.0
15601,0.0,8,0.0
15602,0.0,8,0.0
15603,0.0,9,1.0
15604,2.0,3,2.0
15605,0.0,2,0.0
15606,2.0,3,2.0
15607,0.0,8,0.0
15608,0.0,8,0.0
15609,0.0,9,1.0
15610,0.0,8,0.0
15611,0.0,8,0.0
15612,0.0,8,0.0
15613,2.0,3,2.0
15614,0.0,8,0.0
15615,0.0,8,0.0
15616,0.0,8,0.0
15617,0.0,9,1.0
15618,0.0,8,0.0
15619,0.0,8,0.0
15620,0.0,8,0.0
15621,0.0,8,0.0
15622,0.0,8,0.0
15623,0.0,8,0.0
15624,0.0,8,0.0
15625,0.0,2,0.0
15626,2.0,3,2.0
15627,0.0,9,1.0
15628,0.0,2,0.0
15629,2.0,3,2.0
15630,0.0,8,0.0
15631,0.0,9,1.0
15632,0.0,8,0.0
15633,0.0,8,0.0
15634,0.0,8,0.0
15635,0.0,8,0.0
15636,0.0,9,1.0
15637,2.0,3,2.0
15638,0.0,2,0.0
15639,0.0,9,1.0
15640,0.0,8,0.0
15641,2.0,3,2.0
15642,0.0,8,0.0
15643,2.0,3,2.0
15644,0.0,2,0.0
15645,0.0,8,0.0
15646,0.0,8,0.0
15647,0.0,8,0.0
15648,0.0,8,0.0
15649,0.0,2,0.0
15650,2.0,3,2.0
15651,0.0,8,0.0
15652,0.0,8,0.0
15653,2.0,3,2.0
15654,2.0,3,2.0
15655,0.0,2,0.0
15656,2.0,3,2.0
15657,0.0,8,0.0
15658,0.0,8,0.0
15659,2.0,3,2.0
15660,0.0,8,0.0
15661,2.0,3,2.0
15662,0.0,8,0.0
15663,0.0,8,0.0
15664,2.0,3,2.0
15665,0.0,8,0.0
15666,0.0,8,0.0
15667,2.0,3,2.0
15668,0.0,8,0.0
15669,0.0,2,0.0
15670,0.0,8,0.0
15671,0.0,2,0.0
15672,2.0,3,2.0
15673,0.0,8,0.0
15674,0.0,8,0.0
15675,0.0,8,0.0
15676,0.0,8,0.0
15677,0.0,8,0.0
15678,0.0,8,0.0
15679,2.0,3,2.0
15680,1.0,9,1.0
15681,0.0,2,0.0
15682,0.0,9,1.0
15683,0.0,2,0.0
15684,0.0,8,0.0
15685,1.0,9,1.0
15686,2.0,3,2.0
15687,0.0,8,0.0
15688,2.0,3,2.0
15689,0.0,8,0.0
15690,0.0,8,0.0
15691,0.0,9,1.0
15692,0.0,8,0.0
15693,0.0,8,0.0
15694,0.0,8,0.0
15695,2.0,3,2.0
15696,0.0,2,0.0
15697,0.0,2,0.0
15698,0.0,8,0.0
15699,0.0,2,0.0
15700,0.0,9,1.0
15701,0.0,8,0.0
15702,0.0,8,0.0
15703,0.0,8,0.0
15704,0.0,8,0.0
15705,0.0,8,0.0
15706,0.0,2,0.0
15707,0.0,8,0.0
15708,2.0,3,2.0
15709,0.0,9,1.0
15710,2.0,3,2.0
15711,0.0,8,0.0
15712,0.0,8,0.0
15713,0.0,8,0.0
15714,0.0,2,0.0
15715,0.0,2,0.0
15716,0.0,8,0.0
15717,0.0,9,1.0
15718,0.0,8,0.0
15719,0.0,8,0.0
15720,2.0,3,2.0
15721,2.0,3,2.0
15722,2.0,3,2.0
15723,0.0,8,0.0
15724,0.0,8,0.0
15725,0.0,8,0.0
15726,2.0,3,2.0
15727,0.0,8,0.0
15728,0.0,8,0.0
15729,2.0,3,2.0
15730,0.0,8,0.0
15731,0.0,2,0.0
15732,1.0,9,1.0
15733,0.0,8,0.0
15734,0.0,9,1.0
15735,0.0,8,0.0
15736,0.0,2,0.0
15737,0.0,8,0.0
15738,0.0,8,0.0
15739,2.0,3,2.0
15740,0.0,8,0.0
15741,2.0,3,2.0
15742,0.0,8,0.0
15743,2.0,3,2.0
15744,0.0,8,0.0
15745,0.0,9,1.0
15746,2.0,3,2.0
15747,0.0,9,1.0
15748,0.0,2,0.0
15749,2.0,3,2.0
15750,0.0,2,0.0
15751,0.0,8,0.0
15752,2.0,3,2.0
15753,0.0,8,0.0
15754,0.0,8,0.0
15755,2.0,3,2.0
15756,2.0,3,2.0
15757,0.0,9,1.0
15758,0.0,9,1.0
15759,0.0,2,0.0
15760,0.0,8,0.0
15761,0.0,8,0.0
15762,0.0,8,0.0
15763,0.0,8,0.0
15764,2.0,3,2.0
15765,0.0,9,1.0
15766,2.0,3,2.0
15767,2.0,3,2.0
15768,0.0,8,0.0
15769,0.0,8,0.0
15770,0.0,8,0.0
15771,0.0,2,0.0
15772,0.0,8,0.0
15773,0.0,8,0.0
15774,0.0,8,0.0
15775,0.0,8,0.0
15776,0.0,9,1.0
15777,0.0,8,0.0
15778,0.0,8,0.0
15779,0.0,2,0.0
15780,0.0,8,0.0
15781,2.0,3,2.0
15782,0.0,8,0.0
15783,0.0,8,0.0
15784,2.0,3,2.0
15785,0.0,8,0.0
15786,2.0,0,6.0
15787,0.0,8,0.0
15788,0.0,8,0.0
15789,2.0,3,2.0
15790,0.0,8,0.0
15791,2.0,3,2.0
15792,0.0,8,0.0
15793,0.0,8,0.0
15794,0.0,8,0.0
15795,0.0,9,1.0
15796,0.0,8,0.0
15797,0.0,9,1.0
15798,0.0,8,0.0
15799,1.0,9,1.0
15800,2.0,3,2.0
15801,1.0,9,1.0
15802,0.0,8,0.0
15803,0.0,8,0.0
15804,0.0,8,0.0
15805,2.0,3,2.0
15806,0.0,8,0.0
15807,0.0,9,1.0
15808,0.0,8,0.0
15809,2.0,3,2.0
15810,0.0,8,0.0
15811,0.0,8,0.0
15812,0.0,8,0.0
15813,0.0,8,0.0
15814,1.0,9,1.0
15815,0.0,8,0.0
15816,2.0,3,2.0
15817,0.0,8,0.0
15818,0.0,8,0.0
15819,0.0,9,1.0
15820,0.0,8,0.0
15821,0.0,8,0.0
15822,0.0,8,0.0
15823,2.0,3,2.0
15824,0.0,8,0.0
15825,0.0,2,0.0
15826,0.0,8,0.0
15827,2.0,3,2.0
15828,0.0,8,0.0
15829,0.0,8,0.0
15830,0.0,8,0.0
15831,0.0,8,0.0
15832,0.0,8,0.0
15833,0.0,2,0.0
15834,0.0,8,0.0
15835,0.0,9,1.0
15836,0.0,2,0.0
15837,0.0,2,0.0
15838,0.0,2,0.0
15839,1.0,9,1.0
15840,2.0,3,2.0
15841,0.0,8,0.0
15842,0.0,8,0.0
15843,2.0,3,2.0
15844,2.0,3,2.0
15845,2.0,3,2.0
15846,0.0,8,0.0
15847,0.0,8,0.0
15848,0.0,2,0.0
15849,0.0,9,1.0
15850,0.0,8,0.0
15851,0.0,2,0.0
15852,2.0,3,2.0
15853,0.0,8,0.0
15854,2.0,3,2.0
15855,0.0,8,0.0
15856,0.0,8,0.0
15857,2.0,3,2.0
15858,0.0,9,1.0
15859,0.0,8,0.0
15860,0.0,8,0.0
15861,0.0,8,0.0
15862,0.0,9,1.0
15863,0.0,8,0.0
15864,0.0,8,0.0
15865,0.0,8,0.0
15866,0.0,8,0.0
15867,2.0,3,2.0
15868,0.0,8,0.0
15869,2.0,3,2.0
15870,0.0,8,0.0
15871,0.0,8,0.0
15872,0.0,8,0.0
15873,0.0,8,0.0
15874,0.0,9,1.0
15875,0.0,8,0.0
15876,0.0,8,0.0
15877,0.0,8,0.0
15878,0.0,8,0.0
15879,2.0,3,2.0
15880,0.0,8,0.0
15881,2.0,0,6.0
15882,3.0,1,3.0
15883,0.0,8,0.0
15884,0.0,8,0.0
15885,0.0,8,0.0
15886,3.0,1,3.0
15887,0.0,8,0.0
15888,0.0,9,1.0
15889,2.0,7,6.0
15890,0.0,8,0.0
15891,0.0,2,0.0
15892,0.0,8,0.0
15893,0.0,8,0.0
15894,0.0,8,0.0
15895,2.0,3,2.0
15896,0.0,8,0.0
15897,0.0,2,0.0
15898,2.0,3,2.0
15899,0.0,8,0.0
15900,0.0,8,0.0
15901,0.0,8,0.0
15902,0.0,2,0.0
15903,0.0,9,1.0
15904,0.0,8,0.0
15905,0.0,8,0.0
15906,0.0,8,0.0
15907,0.0,8,0.0
15908,0.0,8,0.0
15909,0.0,8,0.0
15910,2.0,3,2.0
15911,3.0,1,3.0
15912,0.0,8,0.0
15913,0.0,8,0.0
15914,0.0,9,1.0
15915,0.0,8,0.0
15916,0.0,2,0.0
15917,0.0,8,0.0
15918,0.0,8,0.0
15919,0.0,9,1.0
15920,1.0,5,4.0
15921,2.0,3,2.0
15922,2.0,3,2.0
15923,0.0,8,0.0
15924,1.0,9,1.0
15925,0.0,8,0.0
15926,0.0,2,0.0
15927,2.0,3,2.0
15928,0.0,8,0.0
15929,0.0,8,0.0
15930,0.0,8,0.0
15931,0.0,2,0.0
15932,0.0,8,0.0
15933,0.0,8,0.0
15934,0.0,8,0.0
15935,1.0,9,1.0
15936,0.0,8,0.0
15937,0.0,8,0.0
15938,2.0,3,2.0
15939,0.0,8,0.0
15940,2.0,3,2.0
15941,0.0,8,0.0
15942,0.0,9,1.0
15943,0.0,9,1.0
15944,0.0,8,0.0
15945,0.0,8,0.0
15946,0.0,2,0.0
15947,0.0,8,0.0
15948,0.0,2,0.0
15949,0.0,8,0.0
15950,2.0,3,2.0
15951,1.0,9,1.0
15952,2.0,3,2.0
15953,0.0,8,0.0
15954,2.0,3,2.0
15955,0.0,8,0.0
15956,0.0,2,0.0
15957,0.0,8,0.0
15958,2.0,3,2.0
15959,0.0,8,0.0
15960,0.0,2,0.0
15961,2.0,3,2.0
15962,0.0,8,0.0
15963,2.0,3,2.0
15964,0.0,2,0.0
15965,0.0,8,0.0
15966,0.0,2,0.0
15967,2.0,3,2.0
15968,0.0,8,0.0
15969,0.0,8,0.0
15970,0.0,9,1.0
15971,0.0,9,1.0
15972,2.0,3,2.0
15973,0.0,2,0.0
15974,0.0,8,0.0
15975,0.0,8,0.0
15976,0.0,9,1.0
15977,0.0,8,0.0
15978,2.0,3,2.0
15979,3.0,1,3.0
15980,1.0,9,1.0
15981,0.0,2,0.0
15982,0.0,2,0.0
15983,0.0,8,0.0
15984,0.0,8,0.0
15985,0.0,8,0.0
15986,0.0,2,0.0
15987,0.0,8,0.0
15988,2.0,3,2.0
15989,0.0,8,0.0
15990,0.0,8,0.0
15991,0.0,2,0.0
15992,0.0,8,0.0
15993,0.0,9,1.0
15994,0.0,8,0.0
15995,0.0,2,0.0
15996,0.0,8,0.0
15997,2.0,3,2.0
15998,0.0,8,0.0
15999,0.0,2,0.0
16000,0.0,8,0.0
16001,0.0,8,0.0
16002,0.0,2,0.0
16003,0.0,2,0.0
16004,0.0,8,0.0
16005,0.0,9,1.0
16006,0.0,8,0.0
16007,0.0,8,0.0
16008,0.0,2,0.0
16009,0.0,8,0.0
16010,0.0,2,0.0
16011,0.0,9,1.0
16012,0.0,8,0.0
16013,0.0,8,0.0
16014,2.0,3,2.0
16015,0.0,8,0.0
16016,0.0,2,0.0
16017,0.0,8,0.0
16018,0.0,2,0.0
16019,0.0,8,0.0
16020,0.0,2,0.0
16021,0.0,9,1.0
16022,0.0,8,0.0
16023,2.0,3,2.0
16024,2.0,3,2.0
16025,0.0,9,1.0
16026,0.0,8,0.0
16027,0.0,8,0.0
16028,0.0,8,0.0
16029,1.0,9,1.0
16030,0.0,2,0.0
16031,2.0,3,2.0
16032,2.0,3,2.0
16033,0.0,8,0.0
16034,0.0,8,0.0
16035,0.0,2,0.0
16036,2.0,3,2.0
16037,0.0,8,0.0
16038,0.0,9,1.0
16039,0.0,8,0.0
16040,5.0,9,1.0
16041,2.0,3,2.0
16042,0.0,8,0.0
16043,2.0,3,2.0
16044,2.0,3,2.0
16045,2.0,3,2.0
16046,2.0,3,2.0
16047,0.0,8,0.0
16048,2.0,3,2.0
16049,2.0,3,2.0
16050,2.0,3,2.0
16051,0.0,9,1.0
16052,1.0,9,1.0
16053,0.0,8,0.0
16054,0.0,8,0.0
16055,0.0,8,0.0
16056,0.0,8,0.0
16057,0.0,8,0.0
16058,0.0,8,0.0
16059,0.0,8,0.0
16060,2.0,3,2.0
16061,0.0,2,0.0
16062,0.0,8,0.0
16063,2.0,3,2.0
16064,0.0,8,0.0
16065,0.0,2,0.0
16066,0.0,2,0.0
16067,0.0,9,1.0
16068,0.0,2,0.0
16069,0.0,8,0.0
16070,0.0,9,1.0
16071,2.0,3,2.0
16072,0.0,2,0.0
16073,0.0,8,0.0
16074,0.0,9,1.0
16075,0.0,8,0.0
16076,0.0,8,0.0
16077,0.0,8,0.0
16078,2.0,3,2.0
16079,0.0,8,0.0
16080,0.0,8,0.0
16081,2.0,3,2.0
16082,2.0,3,2.0
16083,0.0,9,1.0
16084,0.0,2,0.0
16085,2.0,3,2.0
16086,0.0,8,0.0
16087,2.0,3,2.0
16088,0.0,8,0.0
16089,0.0,8,0.0
16090,0.0,8,0.0
16091,0.0,8,0.0
16092,0.0,8,0.0
16093,0.0,2,0.0
16094,0.0,9,1.0
16095,0.0,9,1.0
16096,0.0,9,1.0
16097,0.0,8,0.0
16098,0.0,8,0.0
16099,0.0,2,0.0
16100,0.0,8,0.0
16101,0.0,9,1.0
16102,0.0,2,0.0
16103,0.0,8,0.0
16104,0.0,2,0.0
16105,2.0,3,2.0
16106,0.0,8,0.0
16107,0.0,8,0.0
16108,0.0,9,1.0
16109,0.0,8,0.0
16110,0.0,8,0.0
16111,0.0,2,0.0
16112,0.0,8,0.0
16113,2.0,3,2.0
16114,0.0,8,0.0
16115,1.0,9,1.0
16116,0.0,8,0.0
16117,0.0,8,0.0
16118,0.0,2,0.0
16119,0.0,8,0.0
16120,2.0,3,2.0
16121,0.0,9,1.0
16122,2.0,3,2.0
16123,0.0,8,0.0
16124,2.0,3,2.0
16125,2.0,3,2.0
16126,0.0,8,0.0
16127,0.0,2,0.0
16128,0.0,2,0.0
16129,0.0,2,0.0
16130,0.0,8,0.0
16131,0.0,9,1.0
16132,0.0,2,0.0
16133,0.0,8,0.0
16134,2.0,3,2.0
16135,0.0,8,0.0
16136,0.0,8,0.0
16137,3.0,1,3.0
16138,2.0,3,2.0
16139,0.0,8,0.0
16140,0.0,8,0.0
16141,0.0,8,0.0
16142,0.0,8,0.0
16143,0.0,8,0.0
16144,0.0,8,0.0
16145,0.0,8,0.0
16146,0.0,8,0.0
16147,0.0,8,0.0
16148,0.0,8,0.0
16149,0.0,8,0.0
16150,2.0,3,2.0
16151,0.0,2,0.0
16152,0.0,8,0.0
16153,1.0,9,1.0
16154,0.0,8,0.0
16155,0.0,8,0.0
16156,0.0,8,0.0
16157,0.0,8,0.0
16158,2.0,3,2.0
16159,0.0,8,0.0
16160,0.0,8,0.0
16161,0.0,2,0.0
16162,0.0,8,0.0
16163,0.0,8,0.0
16164,0.0,2,0.0
16165,0.0,8,0.0
16166,0.0,8,0.0
16167,0.0,9,1.0
16168,0.0,8,0.0
16169,0.0,2,0.0
16170,0.0,9,1.0
16171,0.0,2,0.0
16172,0.0,8,0.0
16173,3.0,1,3.0
16174,0.0,9,1.0
16175,0.0,9,1.0
16176,0.0,9,1.0
16177,0.0,8,0.0
16178,0.0,8,0.0
16179,0.0,8,0.0
16180,0.0,9,1.0
16181,2.0,3,2.0
16182,0.0,8,0.0
16183,2.0,3,2.0
16184,0.0,9,1.0
16185,0.0,2,0.0
16186,0.0,8,0.0
16187,0.0,8,0.0
16188,0.0,2,0.0
16189,2.0,3,2.0
16190,2.0,3,2.0
16191,0.0,8,0.0
16192,0.0,8,0.0
16193,2.0,3,2.0
16194,0.0,8,0.0
16195,0.0,8,0.0
16196,0.0,8,0.0
16197,2.0,3,2.0
16198,0.0,8,0.0
16199,0.0,8,0.0
16200,0.0,9,1.0
16201,0.0,2,0.0
16202,0.0,2,0.0
16203,0.0,2,0.0
16204,0.0,2,0.0
16205,0.0,8,0.0
16206,0.0,2,0.0
16207,0.0,8,0.0
16208,0.0,8,0.0
16209,0.0,8,0.0
16210,0.0,8,0.0
16211,0.0,8,0.0
16212,0.0,8,0.0
16213,0.0,8,0.0
16214,0.0,8,0.0
16215,0.0,8,0.0
16216,2.0,3,2.0
16217,0.0,8,0.0
16218,0.0,8,0.0
16219,0.0,8,0.0
16220,0.0,2,0.0
16221,0.0,8,0.0
16222,0.0,8,0.0
16223,0.0,8,0.0
16224,2.0,3,2.0
16225,0.0,8,0.0
16226,0.0,8,0.0
16227,0.0,9,1.0
16228,0.0,2,0.0
16229,2.0,3,2.0
16230,0.0,8,0.0
16231,0.0,2,0.0
16232,1.0,9,1.0
16233,0.0,9,1.0
16234,2.0,3,2.0
16235,0.0,8,0.0
16236,0.0,8,0.0
16237,0.0,8,0.0
16238,0.0,2,0.0
16239,0.0,9,1.0
16240,0.0,8,0.0
16241,0.0,8,0.0
16242,0.0,2,0.0
16243,0.0,8,0.0
16244,0.0,8,0.0
16245,2.0,3,2.0
16246,2.0,3,2.0
16247,2.0,3,2.0
16248,0.0,8,0.0
16249,0.0,8,0.0
16250,0.0,8,0.0
16251,0.0,2,0.0
16252,0.0,8,0.0
16253,0.0,8,0.0
16254,2.0,3,2.0
16255,2.0,3,2.0
16256,0.0,8,0.0
16257,0.0,8,0.0
16258,2.0,3,2.0
16259,0.0,8,0.0
16260,2.0,3,2.0
16261,0.0,8,0.0
16262,2.0,3,2.0
16263,2.0,3,2.0
16264,2.0,3,2.0
16265,0.0,8,0.0
16266,2.0,3,2.0
16267,2.0,3,2.0
16268,0.0,2,0.0
16269,2.0,3,2.0
16270,0.0,8,0.0
16271,0.0,2,0.0
16272,0.0,9,1.0
16273,0.0,8,0.0
16274,0.0,8,0.0
16275,1.0,9,1.0
16276,0.0,2,0.0
16277,0.0,9,1.0
16278,2.0,3,2.0
16279,0.0,8,0.0
16280,0.0,8,0.0
16281,1.0,9,1.0
16282,0.0,8,0.0
16283,0.0,8,0.0
16284,0.0,8,0.0
16285,0.0,9,1.0
16286,0.0,8,0.0
16287,0.0,8,0.0
16288,0.0,9,1.0
16289,0.0,2,0.0
16290,0.0,8,0.0
16291,2.0,3,2.0
16292,0.0,2,0.0
16293,0.0,9,1.0
16294,0.0,8,0.0
16295,0.0,2,0.0
16296,2.0,3,2.0
16297,0.0,2,0.0
16298,1.0,9,1.0
16299,0.0,9,1.0
16300,0.0,9,1.0
16301,0.0,9,1.0
16302,1.0,9,1.0
16303,0.0,2,0.0
16304,3.0,1,3.0
16305,2.0,3,2.0
16306,2.0,3,2.0
16307,0.0,8,0.0
16308,0.0,8,0.0
16309,2.0,3,2.0
16310,0.0,9,1.0
16311,2.0,3,2.0
16312,3.0,1,3.0
16313,0.0,8,0.0
16314,0.0,8,0.0
16315,0.0,2,0.0
16316,0.0,5,4.0
16317,0.0,8,0.0
16318,0.0,8,0.0
16319,0.0,8,0.0
16320,0.0,8,0.0
16321,0.0,8,0.0
16322,0.0,8,0.0
16323,0.0,8,0.0
16324,0.0,8,0.0
16325,0.0,9,1.0
16326,0.0,9,1.0
16327,0.0,8,0.0
16328,0.0,9,1.0
16329,0.0,8,0.0
16330,0.0,8,0.0
16331,0.0,8,0.0
16332,0.0,8,0.0
16333,0.0,8,0.0
16334,0.0,8,0.0
16335,2.0,0,6.0
16336,2.0,3,2.0
16337,0.0,8,0.0
16338,1.0,9,1.0
16339,0.0,9,1.0
16340,0.0,8,0.0
16341,0.0,2,0.0
16342,0.0,8,0.0
16343,0.0,9,1.0
16344,0.0,8,0.0
16345,0.0,8,0.0
16346,0.0,8,0.0
16347,0.0,2,0.0
16348,0.0,8,0.0
16349,0.0,2,0.0
16350,0.0,2,0.0
16351,0.0,8,0.0
16352,0.0,2,0.0
16353,2.0,3,2.0
16354,0.0,8,0.0
16355,2.0,3,2.0
16356,0.0,2,0.0
16357,0.0,2,0.0
16358,0.0,9,1.0
16359,0.0,8,0.0
16360,0.0,2,0.0
16361,2.0,3,2.0
16362,0.0,9,1.0
16363,2.0,3,2.0
16364,0.0,9,1.0
16365,2.0,3,2.0
16366,0.0,9,1.0
16367,1.0,9,1.0
16368,0.0,2,0.0
16369,0.0,8,0.0
16370,0.0,9,1.0
16371,0.0,2,0.0
16372,0.0,2,0.0
16373,0.0,9,1.0
16374,0.0,2,0.0
16375,0.0,8,0.0
16376,0.0,8,0.0
16377,0.0,2,0.0
16378,0.0,2,0.0
16379,2.0,3,2.0
16380,0.0,8,0.0
16381,0.0,8,0.0
16382,0.0,9,1.0
16383,0.0,8,0.0
16384,2.0,3,2.0
16385,0.0,8,0.0
16386,0.0,8,0.0
16387,0.0,8,0.0
16388,2.0,3,2.0
16389,0.0,8,0.0
16390,0.0,8,0.0
16391,2.0,3,2.0
16392,0.0,8,0.0
16393,2.0,3,2.0
16394,1.0,9,1.0
16395,0.0,9,1.0
16396,0.0,8,0.0
16397,2.0,7,6.0
16398,0.0,9,1.0
16399,1.0,9,1.0
16400,3.0,1,3.0
16401,2.0,3,2.0
16402,0.0,2,0.0
16403,0.0,8,0.0
16404,2.0,3,2.0
16405,0.0,8,0.0
16406,2.0,3,2.0
16407,0.0,8,0.0
16408,2.0,3,2.0
16409,2.0,3,2.0
16410,0.0,8,0.0
16411,0.0,9,1.0
16412,0.0,5,4.0
16413,1.0,9,1.0
16414,0.0,8,0.0
16415,0.0,8,0.0
16416,2.0,3,2.0
16417,0.0,8,0.0
16418,0.0,2,0.0
16419,0.0,8,0.0
16420,0.0,8,0.0
16421,0.0,2,0.0
16422,0.0,8,0.0
16423,2.0,3,2.0
16424,0.0,2,0.0
16425,0.0,8,0.0
16426,2.0,3,2.0
16427,0.0,9,1.0
16428,0.0,8,0.0
16429,2.0,3,2.0
16430,2.0,3,2.0
16431,2.0,3,2.0
16432,0.0,9,1.0
16433,0.0,8,0.0
16434,2.0,3,2.0
16435,1.0,9,1.0
16436,0.0,2,0.0
16437,0.0,8,0.0
16438,2.0,3,2.0
16439,0.0,8,0.0
16440,0.0,8,0.0
16441,0.0,8,0.0
16442,0.0,2,0.0
16443,2.0,3,2.0
16444,0.0,2,0.0
16445,2.0,3,2.0
16446,0.0,8,0.0
16447,0.0,8,0.0
16448,0.0,8,0.0
16449,0.0,9,1.0
16450,2.0,3,2.0
16451,0.0,8,0.0
16452,2.0,3,2.0
16453,1.0,9,1.0
16454,2.0,3,2.0
16455,0.0,8,0.0
16456,2.0,3,2.0
16457,0.0,8,0.0
16458,1.0,9,1.0
16459,0.0,8,0.0
16460,0.0,8,0.0
16461,0.0,8,0.0
16462,0.0,2,0.0
16463,0.0,2,0.0
16464,0.0,8,0.0
16465,0.0,8,0.0
16466,0.0,8,0.0
16467,0.0,1,3.0
16468,1.0,9,1.0
16469,2.0,3,2.0
16470,2.0,3,2.0
16471,0.0,8,0.0
16472,1.0,9,1.0
16473,0.0,8,0.0
16474,0.0,9,1.0
16475,2.0,3,2.0
16476,0.0,2,0.0
16477,0.0,8,0.0
16478,0.0,8,0.0
16479,0.0,2,0.0
16480,2.0,3,2.0
16481,0.0,8,0.0
16482,0.0,8,0.0
16483,0.0,8,0.0
16484,0.0,2,0.0
16485,2.0,3,2.0
16486,0.0,2,0.0
16487,0.0,9,1.0
16488,2.0,3,2.0
16489,0.0,2,0.0
16490,0.0,8,0.0
16491,2.0,3,2.0
16492,2.0,3,2.0
16493,0.0,2,0.0
16494,0.0,8,0.0
16495,2.0,3,2.0
16496,3.0,1,3.0
16497,0.0,2,0.0
16498,0.0,2,0.0
16499,0.0,8,0.0
16500,0.0,8,0.0
16501,0.0,2,0.0
16502,0.0,8,0.0
16503,0.0,8,0.0
16504,0.0,8,0.0
16505,0.0,9,1.0
16506,2.0,3,2.0
16507,1.0,9,1.0
16508,0.0,2,0.0
16509,2.0,3,2.0
16510,0.0,2,0.0
16511,2.0,3,2.0
16512,0.0,2,0.0
16513,0.0,2,0.0
16514,2.0,3,2.0
16515,0.0,8,0.0
16516,0.0,9,1.0
16517,0.0,9,1.0
16518,0.0,2,0.0
16519,0.0,8,0.0
16520,0.0,8,0.0
16521,0.0,9,1.0
16522,0.0,8,0.0
16523,0.0,9,1.0
16524,1.0,9,1.0
16525,0.0,2,0.0
16526,0.0,8,0.0
16527,2.0,3,2.0
16528,0.0,2,0.0
16529,0.0,2,0.0
16530,0.0,2,0.0
16531,2.0,3,2.0
16532,0.0,2,0.0
16533,2.0,3,2.0
16534,0.0,2,0.0
16535,2.0,3,2.0
16536,0.0,2,0.0
16537,0.0,2,0.0
16538,0.0,8,0.0
16539,0.0,9,1.0
16540,0.0,8,0.0
16541,0.0,2,0.0
16542,0.0,9,1.0
16543,0.0,9,1.0
16544,0.0,2,0.0
16545,0.0,9,1.0
16546,2.0,3,2.0
16547,0.0,2,0.0
16548,0.0,9,1.0
16549,0.0,2,0.0
16550,0.0,2,0.0
16551,0.0,9,1.0
16552,0.0,8,0.0
16553,2.0,3,2.0
16554,0.0,2,0.0
16555,0.0,8,0.0
16556,0.0,8,0.0
16557,0.0,9,1.0
16558,0.0,9,1.0
16559,0.0,8,0.0
16560,2.0,3,2.0
16561,2.0,3,2.0
16562,0.0,9,1.0
16563,1.0,9,1.0
16564,0.0,9,1.0
16565,0.0,8,0.0
16566,0.0,9,1.0
16567,2.0,3,2.0
16568,2.0,3,2.0
16569,2.0,3,2.0
16570,0.0,8,0.0
16571,0.0,9,1.0
16572,2.0,3,2.0
16573,0.0,8,0.0
16574,0.0,8,0.0
16575,0.0,9,1.0
16576,0.0,2,0.0
16577,2.0,3,2.0
16578,2.0,3,2.0
16579,2.0,3,2.0
16580,0.0,2,0.0
16581,0.0,8,0.0
16582,2.0,3,2.0
16583,2.0,3,2.0
16584,0.0,8,0.0
16585,0.0,2,0.0
16586,2.0,3,2.0
16587,0.0,8,0.0
16588,0.0,8,0.0
16589,2.0,3,2.0
16590,0.0,8,0.0
16591,2.0,3,2.0
16592,2.0,3,2.0
16593,0.0,2,0.0
16594,0.0,2,0.0
16595,0.0,2,0.0
16596,0.0,8,0.0
16597,0.0,9,1.0
16598,0.0,8,0.0
16599,2.0,3,2.0
16600,2.0,3,2.0
16601,0.0,2,0.0
16602,1.0,5,4.0
16603,2.0,3,2.0
16604,2.0,3,2.0
16605,2.0,3,2.0
16606,0.0,2,0.0
16607,0.0,8,0.0
16608,0.0,9,1.0
16609,0.0,8,0.0
16610,0.0,2,0.0
16611,2.0,3,2.0
16612,0.0,8,0.0
16613,2.0,3,2.0
16614,2.0,3,2.0
16615,0.0,8,0.0
16616,0.0,2,0.0
16617,0.0,8,0.0
16618,0.0,2,0.0
16619,1.0,9,1.0
16620,2.0,3,2.0
16621,0.0,2,0.0
16622,0.0,2,0.0
16623,0.0,8,0.0
16624,2.0,3,2.0
16625,0.0,2,0.0
16626,0.0,8,0.0
16627,0.0,8,0.0
16628,0.0,9,1.0
16629,3.0,1,3.0
16630,0.0,9,1.0
16631,0.0,8,0.0
16632,0.0,9,1.0
16633,0.0,8,0.0
16634,0.0,8,0.0
16635,0.0,2,0.0
16636,0.0,2,0.0
16637,0.0,9,1.0
16638,0.0,8,0.0
16639,0.0,8,0.0
16640,0.0,2,0.0
16641,0.0,2,0.0
16642,0.0,8,0.0
16643,0.0,9,1.0
16644,0.0,8,0.0
16645,0.0,9,1.0
16646,2.0,3,2.0
16647,0.0,2,0.0
16648,0.0,8,0.0
16649,1.0,5,4.0
16650,0.0,2,0.0
16651,0.0,8,0.0
16652,0.0,8,0.0
16653,0.0,9,1.0
16654,0.0,8,0.0
16655,0.0,8,0.0
16656,0.0,9,1.0
16657,0.0,9,1.0
16658,0.0,2,0.0
16659,0.0,9,1.0
16660,0.0,8,0.0
16661,0.0,8,0.0
16662,0.0,9,1.0
16663,1.0,9,1.0
16664,2.0,3,2.0
16665,0.0,8,0.0
16666,0.0,8,0.0
16667,0.0,9,1.0
16668,0.0,2,0.0
16669,2.0,3,2.0
16670,2.0,3,2.0
16671,2.0,3,2.0
16672,2.0,3,2.0
16673,0.0,8,0.0
16674,0.0,9,1.0
16675,0.0,8,0.0
16676,2.0,3,2.0
16677,0.0,8,0.0
16678,0.0,9,1.0
16679,2.0,3,2.0
16680,1.0,9,1.0
16681,2.0,3,2.0
16682,0.0,8,0.0
16683,0.0,2,0.0
16684,0.0,2,0.0
16685,0.0,2,0.0
16686,0.0,2,0.0
16687,0.0,9,1.0
16688,0.0,8,0.0
16689,0.0,9,1.0
16690,0.0,2,0.0
16691,0.0,2,0.0
16692,2.0,3,2.0
16693,0.0,2,0.0
16694,0.0,9,1.0
16695,0.0,9,1.0
16696,0.0,9,1.0
16697,2.0,3,2.0
16698,0.0,2,0.0
16699,0.0,9,1.0
16700,0.0,2,0.0
16701,2.0,3,2.0
16702,0.0,8,0.0
16703,2.0,3,2.0
16704,0.0,2,0.0
16705,2.0,3,2.0
16706,0.0,9,1.0
16707,2.0,3,2.0
16708,0.0,8,0.0
16709,0.0,8,0.0
16710,0.0,8,0.0
16711,3.0,1,3.0
16712,2.0,3,2.0
16713,0.0,8,0.0
16714,0.0,5,4.0
16715,0.0,9,1.0
16716,1.0,9,1.0
16717,0.0,9,1.0
16718,0.0,8,0.0
16719,0.0,8,0.0
16720,0.0,8,0.0
16721,0.0,8,0.0
16722,2.0,3,2.0
16723,0.0,9,1.0
16724,2.0,3,2.0
16725,0.0,8,0.0
16726,0.0,2,0.0
16727,0.0,9,1.0
16728,0.0,8,0.0
16729,0.0,2,0.0
16730,0.0,9,1.0
16731,0.0,9,1.0
16732,0.0,9,1.0
16733,2.0,3,2.0
16734,2.0,3,2.0
16735,1.0,9,1.0
16736,0.0,9,1.0
16737,0.0,9,1.0
16738,0.0,8,0.0
16739,0.0,2,0.0
16740,2.0,3,2.0
16741,0.0,8,0.0
16742,0.0,2,0.0
16743,2.0,3,2.0
16744,0.0,9,1.0
16745,2.0,3,2.0
16746,0.0,9,1.0
16747,5.0,9,1.0
16748,0.0,2,0.0
16749,0.0,2,0.0
16750,0.0,2,0.0
16751,1.0,9,1.0
16752,0.0,2,0.0
16753,2.0,3,2.0
16754,0.0,2,0.0
16755,0.0,9,1.0
16756,2.0,3,2.0
16757,0.0,8,0.0
16758,0.0,9,1.0
16759,0.0,8,0.0
16760,0.0,9,1.0
16761,1.0,9,1.0
16762,0.0,2,0.0
16763,0.0,2,0.0
16764,0.0,8,0.0
16765,0.0,8,0.0
16766,0.0,8,0.0
16767,0.0,2,0.0
16768,0.0,2,0.0
16769,0.0,2,0.0
16770,0.0,8,0.0
16771,0.0,8,0.0
16772,0.0,8,0.0
16773,2.0,3,2.0
16774,0.0,8,0.0
16775,0.0,2,0.0
16776,0.0,2,0.0
16777,0.0,2,0.0
16778,0.0,9,1.0
16779,0.0,2,0.0
16780,0.0,9,1.0
16781,0.0,8,0.0
16782,0.0,2,0.0
16783,0.0,2,0.0
16784,2.0,3,2.0
16785,2.0,3,2.0
16786,0.0,9,1.0
16787,0.0,8,0.0
16788,0.0,2,0.0
16789,2.0,3,2.0
16790,0.0,9,1.0
16791,0.0,8,0.0
16792,0.0,8,0.0
16793,0.0,9,1.0
16794,0.0,9,1.0
16795,1.0,9,1.0
16796,0.0,8,0.0
16797,0.0,2,0.0
16798,0.0,8,0.0
16799,2.0,3,2.0
16800,0.0,2,0.0
16801,0.0,8,0.0
16802,0.0,9,1.0
16803,0.0,8,0.0
16804,0.0,2,0.0
16805,0.0,8,0.0
16806,0.0,9,1.0
16807,0.0,9,1.0
16808,0.0,8,0.0
16809,2.0,3,2.0
16810,0.0,2,0.0
16811,0.0,9,1.0
16812,0.0,8,0.0
16813,2.0,3,2.0
16814,0.0,8,0.0
16815,0.0,8,0.0
16816,0.0,9,1.0
16817,2.0,3,2.0
16818,0.0,8,0.0
16819,2.0,3,2.0
16820,0.0,8,0.0
16821,2.0,3,2.0
16822,0.0,8,0.0
16823,0.0,2,0.0
16824,2.0,3,2.0
16825,0.0,8,0.0
16826,0.0,8,0.0
16827,0.0,2,0.0
16828,0.0,2,0.0
16829,0.0,8,0.0
16830,0.0,9,1.0
16831,1.0,9,1.0
16832,0.0,5,4.0
16833,0.0,2,0.0
16834,2.0,3,2.0
16835,0.0,9,1.0
16836,0.0,9,1.0
16837,2.0,3,2.0
16838,2.0,3,2.0
16839,0.0,2,0.0
16840,2.0,3,2.0
16841,1.0,9,1.0
16842,2.0,3,2.0
16843,2.0,3,2.0
16844,2.0,3,2.0
16845,0.0,8,0.0
16846,0.0,9,1.0
16847,2.0,3,2.0
16848,0.0,8,0.0
16849,2.0,3,2.0
16850,0.0,9,1.0
16851,0.0,8,0.0
16852,0.0,8,0.0
16853,0.0,2,0.0
16854,0.0,8,0.0
16855,0.0,9,1.0
16856,2.0,3,2.0
16857,2.0,3,2.0
16858,0.0,2,0.0
16859,0.0,8,0.0
16860,0.0,9,1.0
16861,0.0,2,0.0
16862,0.0,8,0.0
16863,0.0,9,1.0
16864,0.0,8,0.0
16865,0.0,9,1.0
16866,0.0,8,0.0
16867,2.0,3,2.0
16868,0.0,8,0.0
16869,2.0,1,3.0
16870,1.0,9,1.0
16871,0.0,2,0.0
16872,0.0,8,0.0
16873,0.0,9,1.0
16874,0.0,8,0.0
16875,0.0,2,0.0
16876,2.0,3,2.0
16877,2.0,3,2.0
16878,2.0,3,2.0
16879,0.0,8,0.0
16880,0.0,2,0.0
16881,0.0,8,0.0
16882,2.0,3,2.0
16883,3.0,1,3.0
16884,0.0,2,0.0
16885,2.0,3,2.0
16886,2.0,3,2.0
16887,1.0,9,1.0
16888,2.0,3,2.0
16889,0.0,8,0.0
16890,0.0,9,1.0
16891,2.0,3,2.0
16892,1.0,9,1.0
16893,1.0,9,1.0
16894,0.0,9,1.0
16895,0.0,9,1.0
16896,2.0,3,2.0
16897,0.0,2,0.0
16898,1.0,9,1.0
16899,0.0,9,1.0
16900,0.0,9,1.0
16901,0.0,9,1.0
16902,0.0,8,0.0
16903,0.0,9,1.0
16904,0.0,2,0.0
16905,0.0,2,0.0
16906,0.0,9,1.0
16907,0.0,9,1.0
16908,0.0,8,0.0
16909,0.0,9,1.0
16910,2.0,3,2.0
16911,2.0,3,2.0
16912,0.0,9,1.0
16913,0.0,9,1.0
16914,0.0,9,1.0
16915,2.0,3,2.0
16916,2.0,3,2.0
16917,2.0,3,2.0
16918,0.0,2,0.0
16919,0.0,8,0.0
16920,0.0,2,0.0
16921,0.0,2,0.0
16922,2.0,3,2.0
16923,0.0,9,1.0
16924,0.0,2,0.0
16925,2.0,9,1.0
16926,3.0,1,3.0
16927,0.0,2,0.0
16928,0.0,9,1.0
16929,0.0,8,0.0
16930,0.0,2,0.0
16931,0.0,8,0.0
16932,0.0,8,0.0
16933,0.0,2,0.0
16934,0.0,8,0.0
16935,2.0,3,2.0
16936,0.0,9,1.0
16937,0.0,8,0.0
16938,0.0,9,1.0
16939,0.0,9,1.0
16940,2.0,3,2.0
16941,0.0,8,0.0
16942,0.0,9,1.0
16943,2.0,3,2.0
16944,0.0,8,0.0
16945,1.0,9,1.0
16946,0.0,8,0.0
16947,2.0,3,2.0
16948,0.0,2,0.0
16949,1.0,9,1.0
16950,0.0,2,0.0
16951,0.0,2,0.0
16952,0.0,2,0.0
16953,2.0,3,2.0
16954,0.0,8,0.0
16955,0.0,8,0.0
16956,0.0,8,0.0
16957,1.0,9,1.0
16958,0.0,2,0.0
16959,0.0,8,0.0
16960,0.0,8,0.0
16961,2.0,3,2.0
16962,0.0,2,0.0
16963,0.0,9,1.0
16964,2.0,3,2.0
16965,0.0,2,0.0
16966,0.0,9,1.0
16967,0.0,8,0.0
16968,0.0,8,0.0
16969,0.0,9,1.0
16970,0.0,8,0.0
16971,0.0,2,0.0
16972,0.0,2,0.0
16973,0.0,2,0.0
16974,0.0,2,0.0
16975,0.0,9,1.0
16976,0.0,2,0.0
16977,0.0,2,0.0
16978,2.0,3,2.0
16979,0.0,8,0.0
16980,0.0,8,0.0
16981,0.0,8,0.0
16982,0.0,9,1.0
16983,0.0,2,0.0
16984,0.0,9,1.0
16985,0.0,8,0.0
16986,2.0,3,2.0
16987,3.0,1,3.0
16988,2.0,3,2.0
16989,2.0,3,2.0
16990,0.0,8,0.0
16991,0.0,9,1.0
16992,0.0,8,0.0
16993,0.0,2,0.0
16994,2.0,3,2.0
16995,2.0,3,2.0
16996,0.0,2,0.0
16997,1.0,9,1.0
16998,0.0,9,1.0
16999,2.0,7,6.0
17000,0.0,8,0.0
17001,0.0,2,0.0
17002,2.0,3,2.0
17003,0.0,8,0.0
17004,0.0,8,0.0
17005,0.0,2,0.0
17006,0.0,8,0.0
17007,0.0,8,0.0
17008,2.0,3,2.0
17009,0.0,8,0.0
17010,0.0,9,1.0
17011,0.0,9,1.0
17012,0.0,8,0.0
17013,2.0,3,2.0
17014,1.0,9,1.0
17015,0.0,8,0.0
17016,0.0,8,0.0
17017,2.0,3,2.0
17018,1.0,9,1.0
17019,0.0,9,1.0
17020,0.0,8,0.0
17021,2.0,3,2.0
17022,2.0,3,2.0
17023,0.0,8,0.0
17024,0.0,8,0.0
17025,2.0,3,2.0
17026,0.0,9,1.0
17027,0.0,9,1.0
17028,0.0,9,1.0
17029,0.0,8,0.0
17030,0.0,8,0.0
17031,0.0,9,1.0
17032,0.0,9,1.0
17033,2.0,3,2.0
17034,0.0,9,1.0
17035,2.0,3,2.0
17036,0.0,2,0.0
17037,0.0,8,0.0
17038,0.0,8,0.0
17039,0.0,8,0.0
17040,2.0,3,2.0
17041,0.0,9,1.0
17042,0.0,9,1.0
17043,0.0,8,0.0
17044,0.0,9,1.0
17045,1.0,9,1.0
17046,0.0,8,0.0
17047,0.0,8,0.0
17048,0.0,8,0.0
17049,0.0,2,0.0
17050,0.0,2,0.0
17051,2.0,3,2.0
17052,0.0,8,0.0
17053,0.0,9,1.0
17054,0.0,2,0.0
17055,2.0,3,2.0
17056,0.0,8,0.0
17057,0.0,2,0.0
17058,0.0,2,0.0
17059,0.0,9,1.0
17060,2.0,3,2.0
17061,1.0,9,1.0
17062,1.0,9,1.0
17063,0.0,8,0.0
17064,0.0,2,0.0
17065,0.0,8,0.0
17066,0.0,2,0.0
17067,0.0,8,0.0
17068,2.0,3,2.0
17069,2.0,3,2.0
17070,0.0,8,0.0
17071,0.0,2,0.0
17072,0.0,2,0.0
17073,0.0,8,0.0
17074,0.0,8,0.0
17075,0.0,2,0.0
17076,0.0,2,0.0
17077,0.0,2,0.0
17078,0.0,8,0.0
17079,0.0,9,1.0
17080,2.0,3,2.0
17081,0.0,9,1.0
17082,0.0,2,0.0
17083,0.0,2,0.0
17084,2.0,3,2.0
17085,2.0,3,2.0
17086,0.0,9,1.0
17087,2.0,3,2.0
17088,0.0,9,1.0
17089,0.0,5,4.0
17090,2.0,3,2.0
17091,0.0,2,0.0
17092,0.0,8,0.0
17093,2.0,3,2.0
17094,0.0,2,0.0
17095,2.0,3,2.0
17096,0.0,8,0.0
17097,0.0,2,0.0
17098,0.0,9,1.0
17099,0.0,2,0.0
17100,0.0,8,0.0
17101,0.0,2,0.0
17102,0.0,8,0.0
17103,2.0,3,2.0
17104,2.0,3,2.0
17105,2.0,3,2.0
17106,0.0,8,0.0
17107,0.0,8,0.0
17108,0.0,8,0.0
17109,0.0,2,0.0
17110,0.0,8,0.0
17111,0.0,5,4.0
17112,0.0,2,0.0
17113,0.0,8,0.0
17114,0.0,8,0.0
17115,0.0,8,0.0
17116,0.0,8,0.0
17117,0.0,2,0.0
17118,0.0,8,0.0
17119,2.0,3,2.0
17120,0.0,2,0.0
17121,0.0,8,0.0
17122,0.0,9,1.0
17123,0.0,2,0.0
17124,0.0,8,0.0
17125,0.0,9,1.0
17126,0.0,9,1.0
17127,0.0,9,1.0
17128,0.0,2,0.0
17129,0.0,2,0.0
17130,0.0,2,0.0
17131,0.0,2,0.0
17132,0.0,2,0.0
17133,0.0,2,0.0
17134,0.0,8,0.0
17135,0.0,8,0.0
17136,0.0,9,1.0
17137,2.0,3,2.0
17138,0.0,2,0.0
17139,0.0,9,1.0
17140,0.0,9,1.0
17141,2.0,3,2.0
17142,0.0,2,0.0
17143,2.0,3,2.0
17144,0.0,9,1.0
17145,0.0,2,0.0
17146,0.0,2,0.0
17147,0.0,9,1.0
17148,0.0,9,1.0
17149,2.0,3,2.0
17150,0.0,9,1.0
17151,0.0,9,1.0
17152,0.0,8,0.0
17153,0.0,9,1.0
17154,2.0,3,2.0
17155,0.0,8,0.0
17156,2.0,3,2.0
17157,0.0,2,0.0
17158,0.0,9,1.0
17159,2.0,3,2.0
17160,0.0,8,0.0
17161,0.0,9,1.0
17162,0.0,9,1.0
17163,0.0,9,1.0
17164,1.0,9,1.0
17165,0.0,2,0.0
17166,0.0,2,0.0
17167,0.0,9,1.0
17168,0.0,2,0.0
17169,2.0,3,2.0
17170,0.0,8,0.0
17171,0.0,2,0.0
17172,0.0,2,0.0
17173,0.0,2,0.0
17174,0.0,9,1.0
17175,0.0,9,1.0
17176,0.0,2,0.0
17177,0.0,9,1.0
17178,0.0,9,1.0
17179,0.0,2,0.0
17180,0.0,2,0.0
17181,0.0,2,0.0
17182,2.0,3,2.0
17183,2.0,3,2.0
17184,0.0,8,0.0
17185,0.0,8,0.0
17186,2.0,3,2.0
17187,2.0,7,6.0
17188,0.0,8,0.0
17189,2.0,3,2.0
17190,0.0,9,1.0
17191,1.0,9,1.0
17192,2.0,3,2.0
17193,0.0,2,0.0
17194,0.0,8,0.0
17195,0.0,9,1.0
17196,0.0,2,0.0
17197,0.0,8,0.0
17198,0.0,2,0.0
17199,0.0,8,0.0
17200,0.0,8,0.0
17201,2.0,3,2.0
17202,0.0,8,0.0
17203,0.0,2,0.0
17204,2.0,3,2.0
17205,0.0,9,1.0
17206,0.0,9,1.0
17207,0.0,9,1.0
17208,0.0,8,0.0
17209,0.0,9,1.0
17210,0.0,8,0.0
17211,0.0,8,0.0
17212,0.0,9,1.0
17213,2.0,3,2.0
17214,0.0,8,0.0
17215,0.0,8,0.0
17216,0.0,2,0.0
17217,0.0,8,0.0
17218,0.0,8,0.0
17219,0.0,9,1.0
17220,0.0,9,1.0
17221,2.0,3,2.0
17222,0.0,8,0.0
17223,0.0,9,1.0
17224,0.0,9,1.0
17225,0.0,5,4.0
17226,2.0,3,2.0
17227,0.0,9,1.0
17228,0.0,9,1.0
17229,2.0,3,2.0
17230,0.0,2,0.0
17231,2.0,7,6.0
17232,0.0,2,0.0
17233,2.0,3,2.0
17234,0.0,8,0.0
17235,0.0,9,1.0
17236,2.0,3,2.0
17237,0.0,9,1.0
17238,0.0,9,1.0
17239,0.0,9,1.0
17240,0.0,8,0.0
17241,0.0,9,1.0
17242,0.0,8,0.0
17243,2.0,3,2.0
17244,0.0,8,0.0
17245,0.0,9,1.0
17246,0.0,8,0.0
17247,0.0,2,0.0
17248,2.0,3,2.0
17249,0.0,9,1.0
17250,0.0,8,0.0
17251,1.0,9,1.0
17252,0.0,9,1.0
17253,0.0,9,1.0
17254,0.0,9,1.0
17255,0.0,2,0.0
17256,0.0,9,1.0
17257,0.0,8,0.0
17258,0.0,9,1.0
17259,0.0,9,1.0
17260,1.0,9,1.0
17261,0.0,8,0.0
17262,0.0,9,1.0
17263,2.0,3,2.0
17264,0.0,9,1.0
17265,2.0,3,2.0
17266,0.0,8,0.0
17267,0.0,8,0.0
17268,0.0,8,0.0
17269,0.0,8,0.0
17270,2.0,3,2.0
17271,0.0,2,0.0
17272,0.0,8,0.0
17273,0.0,2,0.0
17274,0.0,9,1.0
17275,0.0,2,0.0
17276,0.0,8,0.0
17277,0.0,8,0.0
17278,0.0,9,1.0
17279,0.0,2,0.0
17280,0.0,9,1.0
17281,2.0,3,2.0
17282,0.0,8,0.0
17283,0.0,9,1.0
17284,0.0,2,0.0
17285,0.0,9,1.0
17286,0.0,9,1.0
17287,2.0,3,2.0
17288,0.0,9,1.0
17289,0.0,8,0.0
17290,0.0,8,0.0
17291,0.0,2,0.0
17292,2.0,3,2.0
17293,0.0,2,0.0
17294,2.0,3,2.0
17295,0.0,8,0.0
17296,1.0,9,1.0
17297,0.0,8,0.0
17298,0.0,2,0.0
17299,2.0,3,2.0
17300,0.0,2,0.0
17301,2.0,3,2.0
17302,1.0,9,1.0
17303,2.0,3,2.0
17304,0.0,8,0.0
17305,2.0,3,2.0
17306,2.0,3,2.0
17307,0.0,9,1.0
17308,2.0,3,2.0
17309,0.0,9,1.0
17310,0.0,9,1.0
17311,0.0,8,0.0
17312,0.0,2,0.0
17313,0.0,2,0.0
17314,0.0,2,0.0
17315,3.0,1,3.0
17316,0.0,9,1.0
17317,0.0,9,1.0
17318,0.0,8,0.0
17319,0.0,9,1.0
17320,0.0,9,1.0
17321,0.0,8,0.0
17322,1.0,9,1.0
17323,1.0,9,1.0
17324,0.0,2,0.0
17325,0.0,9,1.0
17326,2.0,3,2.0
17327,2.0,3,2.0
17328,0.0,8,0.0
17329,0.0,8,0.0
17330,0.0,2,0.0
17331,0.0,8,0.0
17332,2.0,3,2.0
17333,0.0,8,0.0
17334,2.0,3,2.0
17335,0.0,9,1.0
17336,0.0,8,0.0
17337,0.0,9,1.0
17338,0.0,8,0.0
17339,0.0,2,0.0
17340,2.0,3,2.0
17341,1.0,9,1.0
17342,0.0,8,0.0
17343,0.0,9,1.0
17344,0.0,2,0.0
17345,2.0,3,2.0
17346,2.0,3,2.0
17347,0.0,8,0.0
17348,2.0,3,2.0
17349,0.0,8,0.0
17350,2.0,3,2.0
17351,2.0,3,2.0
17352,2.0,3,2.0
17353,3.0,1,3.0
17354,2.0,3,2.0
17355,0.0,9,1.0
17356,2.0,3,2.0
17357,0.0,8,0.0
17358,1.0,9,1.0
17359,0.0,2,0.0
17360,0.0,8,0.0
17361,2.0,3,2.0
17362,0.0,8,0.0
17363,0.0,2,0.0
17364,0.0,9,1.0
17365,0.0,2,0.0
17366,0.0,8,0.0
17367,0.0,8,0.0
17368,2.0,3,2.0
17369,0.0,8,0.0
17370,0.0,9,1.0
17371,1.0,9,1.0
17372,0.0,2,0.0
17373,0.0,8,0.0
17374,0.0,2,0.0
17375,0.0,9,1.0
17376,2.0,3,2.0
17377,0.0,8,0.0
17378,0.0,2,0.0
17379,2.0,3,2.0
17380,0.0,9,1.0
17381,1.0,9,1.0
17382,0.0,2,0.0
17383,0.0,8,0.0
17384,0.0,9,1.0
17385,0.0,2,0.0
17386,0.0,2,0.0
17387,0.0,2,0.0
17388,0.0,2,0.0
17389,0.0,2,0.0
17390,0.0,8,0.0
17391,2.0,3,2.0
17392,0.0,9,1.0
17393,0.0,9,1.0
17394,2.0,3,2.0
17395,0.0,2,0.0
17396,0.0,8,0.0
17397,1.0,9,1.0
17398,2.0,3,2.0
17399,0.0,9,1.0
17400,0.0,2,0.0
17401,2.0,3,2.0
17402,0.0,9,1.0
17403,2.0,3,2.0
17404,0.0,9,1.0
17405,0.0,9,1.0
17406,0.0,8,0.0
17407,0.0,8,0.0
17408,0.0,9,1.0
17409,2.0,3,2.0
17410,0.0,8,0.0
17411,0.0,2,0.0
17412,0.0,2,0.0
17413,2.0,3,2.0
17414,0.0,2,0.0
17415,0.0,8,0.0
17416,0.0,9,1.0
17417,0.0,8,0.0
17418,1.0,9,1.0
17419,0.0,8,0.0
17420,0.0,2,0.0
17421,1.0,9,1.0
17422,0.0,8,0.0
17423,2.0,3,2.0
17424,0.0,9,1.0
17425,1.0,9,1.0
17426,2.0,3,2.0
17427,2.0,3,2.0
17428,0.0,8,0.0
17429,0.0,9,1.0
17430,0.0,9,1.0
17431,0.0,2,0.0
17432,2.0,3,2.0
17433,0.0,2,0.0
17434,0.0,9,1.0
17435,0.0,8,0.0
17436,0.0,9,1.0
17437,0.0,9,1.0
17438,0.0,9,1.0
17439,0.0,8,0.0
17440,0.0,8,0.0
17441,0.0,8,0.0
17442,0.0,9,1.0
17443,0.0,2,0.0
17444,0.0,8,0.0
17445,0.0,9,1.0
17446,0.0,8,0.0
17447,2.0,3,2.0
17448,2.0,3,2.0
17449,1.0,9,1.0
17450,0.0,9,1.0
17451,0.0,8,0.0
17452,0.0,2,0.0
17453,0.0,2,0.0
17454,2.0,3,2.0
17455,0.0,2,0.0
17456,0.0,2,0.0
17457,0.0,2,0.0
17458,0.0,2,0.0
17459,2.0,3,2.0
17460,0.0,8,0.0
17461,0.0,8,0.0
17462,2.0,3,2.0
17463,2.0,3,2.0
17464,2.0,3,2.0
17465,0.0,8,0.0
17466,0.0,2,0.0
17467,2.0,3,2.0
17468,1.0,9,1.0
17469,2.0,3,2.0
17470,0.0,8,0.0
17471,2.0,3,2.0
17472,0.0,9,1.0
17473,0.0,2,0.0
17474,0.0,9,1.0
17475,0.0,8,0.0
17476,0.0,2,0.0
17477,0.0,9,1.0
17478,0.0,2,0.0
17479,2.0,3,2.0
17480,0.0,8,0.0
17481,0.0,8,0.0
17482,2.0,3,2.0
17483,0.0,9,1.0
17484,0.0,2,0.0
17485,0.0,9,1.0
17486,1.0,9,1.0
17487,2.0,3,2.0
17488,0.0,2,0.0
17489,0.0,9,1.0
17490,0.0,2,0.0
17491,2.0,3,2.0
17492,0.0,8,0.0
17493,2.0,3,2.0
17494,0.0,8,0.0
17495,0.0,8,0.0
17496,0.0,8,0.0
17497,0.0,8,0.0
17498,0.0,8,0.0
17499,2.0,3,2.0
17500,1.0,9,1.0
17501,0.0,2,0.0
17502,0.0,9,1.0
17503,0.0,8,0.0
17504,2.0,3,2.0
17505,0.0,2,0.0
17506,2.0,3,2.0
17507,0.0,2,0.0
17508,2.0,3,2.0
17509,1.0,9,1.0
17510,2.0,3,2.0
17511,3.0,9,1.0
17512,2.0,3,2.0
17513,0.0,8,0.0
17514,1.0,9,1.0
17515,2.0,3,2.0
17516,0.0,2,0.0
17517,2.0,3,2.0
17518,0.0,8,0.0
17519,0.0,8,0.0
17520,0.0,9,1.0
17521,0.0,8,0.0
17522,0.0,8,0.0
17523,2.0,3,2.0
17524,0.0,2,0.0
17525,0.0,9,1.0
17526,0.0,8,0.0
17527,0.0,9,1.0
17528,0.0,9,1.0
17529,2.0,3,2.0
17530,1.0,9,1.0
17531,0.0,2,0.0
17532,0.0,8,0.0
17533,2.0,3,2.0
17534,3.0,1,3.0
17535,0.0,2,0.0
17536,0.0,2,0.0
17537,0.0,2,0.0
17538,0.0,8,0.0
17539,0.0,8,0.0
17540,2.0,3,2.0
17541,2.0,3,2.0
17542,2.0,3,2.0
17543,0.0,8,0.0
17544,0.0,2,0.0
17545,0.0,8,0.0
17546,0.0,8,0.0
17547,0.0,9,1.0
17548,0.0,8,0.0
17549,0.0,8,0.0
17550,0.0,9,1.0
17551,0.0,9,1.0
17552,0.0,2,0.0
17553,1.0,9,1.0
17554,2.0,3,2.0
17555,2.0,3,2.0
17556,1.0,9,1.0
17557,0.0,9,1.0
17558,0.0,9,1.0
17559,0.0,8,0.0
17560,0.0,2,0.0
17561,0.0,9,1.0
17562,0.0,8,0.0
17563,2.0,3,2.0
17564,0.0,2,0.0
17565,3.0,1,3.0
17566,2.0,3,2.0
17567,2.0,3,2.0
17568,0.0,8,0.0
17569,2.0,3,2.0
17570,0.0,2,0.0
17571,2.0,3,2.0
17572,0.0,9,1.0
17573,0.0,2,0.0
17574,0.0,8,0.0
17575,0.0,8,0.0
17576,0.0,9,1.0
17577,0.0,8,0.0
17578,2.0,3,2.0
17579,2.0,3,2.0
17580,0.0,8,0.0
17581,0.0,9,1.0
17582,0.0,8,0.0
17583,0.0,2,0.0
17584,0.0,8,0.0
17585,0.0,9,1.0
17586,0.0,8,0.0
17587,0.0,9,1.0
17588,0.0,8,0.0
17589,0.0,8,0.0
17590,0.0,8,0.0
17591,1.0,9,1.0
17592,0.0,8,0.0
17593,0.0,8,0.0
17594,0.0,2,0.0
17595,0.0,9,1.0
17596,2.0,3,2.0
17597,0.0,9,1.0
17598,0.0,8,0.0
17599,2.0,3,2.0
17600,2.0,3,2.0
17601,0.0,9,1.0
17602,0.0,9,1.0
17603,0.0,8,0.0
17604,0.0,8,0.0
17605,2.0,3,2.0
17606,0.0,9,1.0
17607,0.0,9,1.0
17608,2.0,3,2.0
17609,0.0,9,1.0
17610,0.0,2,0.0
17611,0.0,9,1.0
17612,2.0,3,2.0
17613,1.0,9,1.0
17614,0.0,9,1.0
17615,0.0,2,0.0
17616,0.0,8,0.0
17617,2.0,3,2.0
17618,0.0,9,1.0
17619,0.0,2,0.0
17620,2.0,3,2.0
17621,0.0,9,1.0
17622,1.0,9,1.0
17623,0.0,2,0.0
17624,2.0,3,2.0
17625,0.0,9,1.0
17626,0.0,9,1.0
17627,0.0,2,0.0
17628,0.0,8,0.0
17629,2.0,3,2.0
17630,0.0,2,0.0
17631,2.0,3,2.0
17632,1.0,9,1.0
17633,0.0,9,1.0
17634,0.0,9,1.0
17635,2.0,3,2.0
17636,2.0,3,2.0
17637,2.0,3,2.0
17638,0.0,8,0.0
17639,0.0,9,1.0
17640,0.0,8,0.0
17641,0.0,8,0.0
17642,2.0,3,2.0
17643,0.0,8,0.0
17644,0.0,8,0.0
17645,0.0,8,0.0
17646,0.0,9,1.0
17647,0.0,8,0.0
17648,2.0,3,2.0
17649,0.0,2,0.0
17650,0.0,8,0.0
17651,2.0,3,2.0
17652,3.0,1,3.0
17653,0.0,9,1.0
17654,1.0,9,1.0
17655,0.0,8,0.0
17656,0.0,2,0.0
17657,0.0,9,1.0
17658,0.0,9,1.0
17659,0.0,8,0.0
17660,0.0,9,1.0
17661,2.0,3,2.0
17662,0.0,1,3.0
17663,0.0,8,0.0
17664,2.0,3,2.0
17665,0.0,5,4.0
17666,0.0,8,0.0
17667,2.0,3,2.0
17668,2.0,3,2.0
17669,0.0,8,0.0
17670,0.0,2,0.0
17671,0.0,2,0.0
17672,0.0,9,1.0
17673,0.0,8,0.0
17674,0.0,2,0.0
17675,0.0,9,1.0
17676,0.0,2,0.0
17677,0.0,8,0.0
17678,2.0,3,2.0
17679,0.0,8,0.0
17680,0.0,2,0.0
17681,0.0,8,0.0
17682,0.0,9,1.0
17683,0.0,8,0.0
17684,0.0,8,0.0
17685,0.0,8,0.0
17686,2.0,3,2.0
17687,0.0,2,0.0
17688,0.0,2,0.0
17689,2.0,3,2.0
17690,0.0,8,0.0
17691,0.0,8,0.0
17692,0.0,9,1.0
17693,0.0,8,0.0
17694,1.0,9,1.0
17695,3.0,1,3.0
17696,0.0,9,1.0
17697,0.0,2,0.0
17698,1.0,9,1.0
17699,0.0,8,0.0
17700,0.0,2,0.0
17701,2.0,3,2.0
17702,0.0,8,0.0
17703,0.0,8,0.0
17704,0.0,2,0.0
17705,0.0,2,0.0
17706,0.0,2,0.0
17707,0.0,8,0.0
17708,0.0,8,0.0
17709,1.0,1,3.0
17710,0.0,9,1.0
17711,1.0,9,1.0
17712,2.0,0,6.0
17713,0.0,2,0.0
17714,2.0,3,2.0
17715,0.0,2,0.0
17716,0.0,2,0.0
17717,0.0,9,1.0
17718,0.0,8,0.0
17719,0.0,9,1.0
17720,0.0,8,0.0
17721,0.0,9,1.0
17722,0.0,2,0.0
17723,2.0,5,4.0
17724,2.0,3,2.0
17725,0.0,2,0.0
17726,2.0,3,2.0
17727,0.0,2,0.0
17728,0.0,8,0.0
17729,2.0,3,2.0
17730,0.0,8,0.0
17731,2.0,3,2.0
17732,0.0,9,1.0
17733,0.0,9,1.0
17734,0.0,2,0.0
17735,0.0,9,1.0
17736,0.0,2,0.0
17737,1.0,9,1.0
17738,0.0,8,0.0
17739,0.0,2,0.0
17740,0.0,9,1.0
17741,0.0,8,0.0
17742,3.0,3,2.0
17743,0.0,8,0.0
17744,0.0,8,0.0
17745,0.0,8,0.0
17746,0.0,2,0.0
17747,0.0,9,1.0
17748,0.0,8,0.0
17749,0.0,2,0.0
17750,0.0,9,1.0
17751,0.0,2,0.0
17752,0.0,9,1.0
17753,0.0,8,0.0
17754,0.0,8,0.0
17755,0.0,8,0.0
17756,0.0,8,0.0
17757,2.0,3,2.0
17758,0.0,2,0.0
17759,2.0,3,2.0
17760,0.0,2,0.0
17761,0.0,8,0.0
17762,0.0,2,0.0
17763,0.0,8,0.0
17764,0.0,2,0.0
17765,2.0,5,4.0
17766,0.0,9,1.0
17767,0.0,2,0.0
17768,0.0,2,0.0
17769,2.0,3,2.0
17770,0.0,9,1.0
17771,0.0,8,0.0
17772,0.0,8,0.0
17773,2.0,3,2.0
17774,2.0,3,2.0
17775,0.0,9,1.0
17776,0.0,8,0.0
17777,0.0,8,0.0
17778,0.0,8,0.0
17779,0.0,8,0.0
17780,0.0,2,0.0
17781,3.0,1,3.0
17782,0.0,8,0.0
17783,0.0,8,0.0
17784,0.0,8,0.0
17785,0.0,8,0.0
17786,0.0,8,0.0
17787,0.0,8,0.0
17788,0.0,8,0.0
17789,0.0,8,0.0
17790,2.0,3,2.0
17791,0.0,2,0.0
17792,0.0,9,1.0
17793,2.0,3,2.0
17794,0.0,8,0.0
17795,0.0,8,0.0
17796,0.0,9,1.0
17797,0.0,2,0.0
17798,0.0,2,0.0
17799,2.0,3,2.0
17800,0.0,9,1.0
17801,0.0,8,0.0
17802,2.0,3,2.0
17803,2.0,3,2.0
17804,2.0,3,2.0
17805,0.0,2,0.0
17806,0.0,9,1.0
17807,0.0,9,1.0
17808,1.0,9,1.0
17809,1.0,9,1.0
17810,0.0,8,0.0
17811,0.0,9,1.0
17812,0.0,2,0.0
17813,2.0,7,6.0
17814,0.0,8,0.0
17815,2.0,3,2.0
17816,0.0,8,0.0
17817,2.0,3,2.0
17818,1.0,9,1.0
17819,0.0,9,1.0
17820,0.0,9,1.0
17821,1.0,9,1.0
17822,0.0,2,0.0
17823,0.0,8,0.0
17824,2.0,3,2.0
17825,2.0,3,2.0
17826,0.0,9,1.0
17827,0.0,8,0.0
17828,0.0,9,1.0
17829,0.0,2,0.0
17830,0.0,9,1.0
17831,0.0,2,0.0
17832,0.0,8,0.0
17833,0.0,9,1.0
17834,2.0,3,2.0
17835,0.0,2,0.0
17836,0.0,9,1.0
17837,0.0,2,0.0
17838,2.0,3,2.0
17839,2.0,3,2.0
17840,0.0,8,0.0
17841,0.0,8,0.0
17842,2.0,3,2.0
17843,0.0,8,0.0
17844,0.0,8,0.0
17845,0.0,9,1.0
17846,0.0,9,1.0
17847,0.0,9,1.0
17848,0.0,9,1.0
17849,2.0,3,2.0
17850,0.0,8,0.0
17851,0.0,2,0.0
17852,3.0,1,3.0
17853,1.0,9,1.0
17854,0.0,8,0.0
17855,0.0,2,0.0
17856,2.0,3,2.0
17857,0.0,8,0.0
17858,0.0,9,1.0
17859,3.0,1,3.0
17860,0.0,8,0.0
17861,0.0,9,1.0
17862,0.0,9,1.0
17863,2.0,3,2.0
17864,2.0,3,2.0
17865,2.0,3,2.0
17866,0.0,9,1.0
17867,0.0,8,0.0
17868,2.0,3,2.0
17869,2.0,3,2.0
17870,0.0,9,1.0
17871,0.0,2,0.0
17872,0.0,2,0.0
17873,2.0,3,2.0
17874,0.0,8,0.0
17875,0.0,9,1.0
17876,0.0,8,0.0
17877,2.0,3,2.0
17878,2.0,3,2.0
17879,0.0,9,1.0
17880,2.0,3,2.0
17881,0.0,8,0.0
17882,0.0,2,0.0
17883,3.0,1,3.0
17884,0.0,8,0.0
17885,0.0,8,0.0
17886,2.0,3,2.0
17887,1.0,9,1.0
17888,0.0,8,0.0
17889,2.0,3,2.0
17890,0.0,2,0.0
17891,0.0,8,0.0
17892,0.0,2,0.0
17893,0.0,8,0.0
17894,0.0,8,0.0
17895,2.0,3,2.0
17896,2.0,3,2.0
17897,0.0,2,0.0
17898,2.0,3,2.0
17899,0.0,9,1.0
17900,1.0,9,1.0
17901,0.0,9,1.0
17902,0.0,8,0.0
17903,2.0,3,2.0
17904,0.0,2,0.0
17905,0.0,2,0.0
17906,2.0,3,2.0
17907,0.0,8,0.0
17908,0.0,9,1.0
17909,0.0,9,1.0
17910,2.0,3,2.0
17911,2.0,3,2.0
17912,2.0,3,2.0
17913,0.0,2,0.0
17914,2.0,3,2.0
17915,2.0,3,2.0
17916,0.0,2,0.0
17917,0.0,9,1.0
17918,0.0,9,1.0
17919,2.0,3,2.0
17920,0.0,2,0.0
17921,0.0,8,0.0
17922,0.0,2,0.0
17923,0.0,9,1.0
17924,0.0,2,0.0
17925,0.0,8,0.0
17926,1.0,9,1.0
17927,0.0,2,0.0
17928,0.0,2,0.0
17929,0.0,8,0.0
17930,0.0,8,0.0
17931,2.0,3,2.0
17932,0.0,2,0.0
17933,0.0,9,1.0
17934,2.0,3,2.0
17935,0.0,8,0.0
17936,2.0,3,2.0
17937,0.0,9,1.0
17938,0.0,9,1.0
17939,0.0,2,0.0
17940,1.0,9,1.0
17941,2.0,3,2.0
17942,0.0,8,0.0
17943,0.0,2,0.0
17944,2.0,3,2.0
17945,2.0,3,2.0
17946,0.0,9,1.0
17947,2.0,3,2.0
17948,1.0,9,1.0
17949,2.0,3,2.0
17950,0.0,9,1.0
17951,0.0,8,0.0
17952,0.0,8,0.0
17953,1.0,9,1.0
17954,2.0,7,6.0
17955,2.0,3,2.0
17956,2.0,3,2.0
17957,0.0,9,1.0
17958,0.0,8,0.0
17959,0.0,9,1.0
17960,0.0,8,0.0
17961,2.0,3,2.0
17962,0.0,9,1.0
17963,0.0,9,1.0
17964,0.0,8,0.0
17965,0.0,8,0.0
17966,2.0,3,2.0
17967,0.0,8,0.0
17968,3.0,1,3.0
17969,1.0,9,1.0
17970,2.0,3,2.0
17971,0.0,9,1.0
17972,0.0,9,1.0
17973,0.0,2,0.0
17974,2.0,3,2.0
17975,0.0,2,0.0
17976,0.0,8,0.0
17977,3.0,1,3.0
17978,0.0,5,4.0
17979,0.0,8,0.0
17980,0.0,8,0.0
17981,0.0,2,0.0
17982,2.0,3,2.0
17983,0.0,9,1.0
17984,2.0,3,2.0
17985,0.0,2,0.0
17986,0.0,8,0.0
17987,0.0,9,1.0
17988,2.0,3,2.0
17989,0.0,8,0.0
17990,0.0,8,0.0
17991,2.0,3,2.0
17992,2.0,3,2.0
17993,0.0,9,1.0
17994,1.0,9,1.0
17995,2.0,3,2.0
17996,0.0,8,0.0
17997,0.0,2,0.0
17998,0.0,9,1.0
17999,2.0,3,2.0
18000,0.0,8,0.0
18001,0.0,9,1.0
18002,2.0,3,2.0
18003,0.0,8,0.0
18004,1.0,9,1.0
18005,2.0,3,2.0
18006,0.0,8,0.0
18007,0.0,8,0.0
18008,0.0,8,0.0
18009,0.0,2,0.0
18010,2.0,3,2.0
18011,0.0,2,0.0
18012,0.0,9,1.0
18013,1.0,9,1.0
18014,0.0,2,0.0
18015,2.0,3,2.0
18016,1.0,9,1.0
18017,0.0,9,1.0
18018,0.0,2,0.0
18019,0.0,9,1.0
18020,0.0,2,0.0
18021,0.0,8,0.0
18022,0.0,2,0.0
18023,1.0,9,1.0
18024,0.0,9,1.0
18025,0.0,8,0.0
18026,0.0,9,1.0
18027,0.0,8,0.0
18028,0.0,9,1.0
18029,0.0,2,0.0
18030,0.0,9,1.0
18031,2.0,3,2.0
18032,2.0,0,6.0
18033,0.0,2,0.0
18034,0.0,8,0.0
18035,0.0,8,0.0
18036,2.0,3,2.0
18037,2.0,3,2.0
18038,0.0,8,0.0
18039,0.0,8,0.0
18040,0.0,9,1.0
18041,2.0,3,2.0
18042,0.0,8,0.0
18043,0.0,9,1.0
18044,0.0,2,0.0
18045,0.0,2,0.0
18046,0.0,2,0.0
18047,0.0,9,1.0
18048,0.0,8,0.0
18049,0.0,8,0.0
18050,2.0,3,2.0
18051,0.0,2,0.0
18052,2.0,3,2.0
18053,0.0,9,1.0
18054,0.0,8,0.0
18055,0.0,8,0.0
18056,0.0,9,1.0
18057,0.0,2,0.0
18058,1.0,9,1.0
18059,2.0,3,2.0
18060,0.0,8,0.0
18061,0.0,8,0.0
18062,0.0,2,0.0
18063,0.0,2,0.0
18064,2.0,3,2.0
18065,0.0,9,1.0
18066,2.0,3,2.0
18067,0.0,8,0.0
18068,0.0,9,1.0
18069,0.0,2,0.0
18070,2.0,3,2.0
18071,0.0,2,0.0
18072,0.0,8,0.0
18073,1.0,9,1.0
18074,0.0,5,4.0
18075,0.0,9,1.0
18076,0.0,2,0.0
18077,0.0,2,0.0
18078,2.0,0,6.0
18079,0.0,9,1.0
18080,0.0,2,0.0
18081,0.0,8,0.0
18082,2.0,3,2.0
18083,0.0,8,0.0
18084,0.0,8,0.0
18085,0.0,8,0.0
18086,0.0,2,0.0
18087,0.0,8,0.0
18088,3.0,1,3.0
18089,2.0,3,2.0
18090,2.0,3,2.0
18091,2.0,3,2.0
18092,2.0,3,2.0
18093,0.0,2,0.0
18094,2.0,3,2.0
18095,2.0,3,2.0
18096,0.0,9,1.0
18097,2.0,3,2.0
18098,0.0,9,1.0
18099,0.0,9,1.0
18100,0.0,8,0.0
18101,2.0,3,2.0
18102,2.0,3,2.0
18103,0.0,9,1.0
18104,2.0,3,2.0
18105,2.0,3,2.0
18106,0.0,8,0.0
18107,0.0,8,0.0
18108,0.0,8,0.0
18109,2.0,3,2.0
18110,2.0,3,2.0
18111,0.0,8,0.0
18112,0.0,9,1.0
18113,0.0,8,0.0
18114,2.0,3,2.0
18115,0.0,9,1.0
18116,0.0,9,1.0
18117,2.0,3,2.0
18118,0.0,8,0.0
18119,0.0,8,0.0
18120,2.0,3,2.0
18121,0.0,2,0.0
18122,1.0,9,1.0
18123,0.0,8,0.0
18124,0.0,2,0.0
18125,0.0,9,1.0
18126,0.0,9,1.0
18127,2.0,3,2.0
18128,0.0,2,0.0
18129,0.0,9,1.0
18130,0.0,2,0.0
18131,2.0,3,2.0
18132,0.0,2,0.0
18133,0.0,2,0.0
18134,0.0,2,0.0
18135,0.0,9,1.0
18136,0.0,8,0.0
18137,0.0,8,0.0
18138,0.0,2,0.0
18139,0.0,2,0.0
18140,3.0,1,3.0
18141,0.0,2,0.0
18142,0.0,8,0.0
18143,2.0,3,2.0
18144,2.0,3,2.0
18145,0.0,9,1.0
18146,0.0,8,0.0
18147,0.0,8,0.0
18148,2.0,3,2.0
18149,2.0,3,2.0
18150,2.0,3,2.0
18151,2.0,3,2.0
18152,0.0,9,1.0
18153,0.0,9,1.0
18154,0.0,8,0.0
18155,0.0,9,1.0
18156,2.0,3,2.0
18157,0.0,2,0.0
18158,0.0,8,0.0
18159,0.0,9,1.0
18160,0.0,2,0.0
18161,2.0,3,2.0
18162,0.0,9,1.0
18163,2.0,3,2.0
18164,0.0,8,0.0
18165,0.0,8,0.0
18166,1.0,9,1.0
18167,0.0,8,0.0
18168,0.0,9,1.0
18169,0.0,8,0.0
18170,0.0,8,0.0
18171,0.0,8,0.0
18172,2.0,3,2.0
18173,0.0,9,1.0
18174,0.0,9,1.0
18175,0.0,8,0.0
18176,0.0,8,0.0
18177,0.0,9,1.0
18178,2.0,3,2.0
18179,0.0,2,0.0
18180,1.0,9,1.0
18181,0.0,8,0.0
18182,2.0,3,2.0
18183,2.0,3,2.0
18184,0.0,8,0.0
18185,1.0,9,1.0
18186,0.0,9,1.0
18187,0.0,2,0.0
18188,0.0,8,0.0
18189,2.0,3,2.0
18190,2.0,3,2.0
18191,0.0,8,0.0
18192,0.0,2,0.0
18193,2.0,3,2.0
18194,0.0,8,0.0
18195,0.0,8,0.0
18196,0.0,2,0.0
18197,0.0,8,0.0
18198,0.0,9,1.0
18199,0.0,8,0.0
18200,0.0,9,1.0
18201,2.0,3,2.0
18202,0.0,2,0.0
18203,0.0,9,1.0
18204,0.0,8,0.0
18205,0.0,2,0.0
18206,0.0,8,0.0
18207,0.0,8,0.0
18208,0.0,9,1.0
18209,0.0,9,1.0
18210,0.0,2,0.0
18211,0.0,2,0.0
18212,2.0,3,2.0
18213,0.0,9,1.0
18214,0.0,2,0.0
18215,0.0,9,1.0
18216,0.0,2,0.0
18217,0.0,2,0.0
18218,0.0,8,0.0
18219,5.0,5,4.0
18220,0.0,8,0.0
18221,0.0,2,0.0
18222,0.0,9,1.0
18223,2.0,3,2.0
18224,1.0,9,1.0
18225,3.0,1,3.0
18226,0.0,2,0.0
18227,2.0,3,2.0
18228,0.0,8,0.0
18229,0.0,9,1.0
18230,0.0,2,0.0
18231,0.0,8,0.0
18232,0.0,8,0.0
18233,0.0,9,1.0
18234,2.0,3,2.0
18235,0.0,8,0.0
18236,0.0,9,1.0
18237,0.0,8,0.0
18238,0.0,9,1.0
18239,0.0,2,0.0
18240,0.0,8,0.0
18241,0.0,2,0.0
18242,0.0,8,0.0
18243,0.0,9,1.0
18244,0.0,2,0.0
18245,2.0,3,2.0
18246,0.0,2,0.0
18247,0.0,2,0.0
18248,0.0,2,0.0
18249,1.0,9,1.0
18250,2.0,3,2.0
18251,2.0,3,2.0
18252,2.0,3,2.0
18253,0.0,8,0.0
18254,2.0,3,2.0
18255,0.0,2,0.0
18256,0.0,8,0.0
18257,2.0,3,2.0
18258,0.0,8,0.0
18259,2.0,3,2.0
18260,0.0,9,1.0
18261,2.0,3,2.0
18262,0.0,8,0.0
18263,0.0,2,0.0
18264,0.0,8,0.0
18265,0.0,2,0.0
18266,0.0,9,1.0
18267,0.0,2,0.0
18268,2.0,3,2.0
18269,0.0,9,1.0
18270,0.0,2,0.0
18271,0.0,8,0.0
18272,0.0,2,0.0
18273,2.0,3,2.0
18274,0.0,8,0.0
18275,0.0,8,0.0
18276,0.0,9,1.0
18277,0.0,2,0.0
18278,0.0,2,0.0
18279,0.0,8,0.0
18280,2.0,3,2.0
18281,2.0,3,2.0
18282,0.0,2,0.0
18283,0.0,8,0.0
18284,0.0,8,0.0
18285,0.0,8,0.0
18286,0.0,9,1.0
18287,0.0,9,1.0
18288,0.0,1,3.0
18289,0.0,2,0.0
18290,0.0,2,0.0
18291,0.0,8,0.0
18292,2.0,3,2.0
18293,0.0,9,1.0
18294,0.0,9,1.0
18295,2.0,3,2.0
18296,0.0,9,1.0
18297,2.0,3,2.0
18298,0.0,8,0.0
18299,0.0,2,0.0
18300,0.0,2,0.0
18301,2.0,3,2.0
18302,0.0,8,0.0
18303,0.0,8,0.0
18304,0.0,9,1.0
18305,0.0,9,1.0
18306,0.0,2,0.0
18307,0.0,8,0.0
18308,0.0,8,0.0
18309,2.0,3,2.0
18310,0.0,8,0.0
18311,0.0,8,0.0
18312,0.0,9,1.0
18313,0.0,2,0.0
18314,2.0,3,2.0
18315,0.0,9,1.0
18316,2.0,3,2.0
18317,0.0,9,1.0
18318,0.0,8,0.0
18319,0.0,2,0.0
18320,0.0,2,0.0
18321,3.0,1,3.0
18322,0.0,2,0.0
18323,0.0,8,0.0
18324,2.0,3,2.0
18325,0.0,8,0.0
18326,0.0,2,0.0
18327,0.0,9,1.0
18328,0.0,9,1.0
18329,0.0,8,0.0
18330,0.0,2,0.0
18331,0.0,2,0.0
18332,1.0,9,1.0
18333,0.0,8,0.0
18334,0.0,9,1.0
18335,0.0,9,1.0
18336,0.0,2,0.0
18337,0.0,2,0.0
18338,0.0,9,1.0
18339,0.0,9,1.0
18340,2.0,3,2.0
18341,2.0,3,2.0
18342,0.0,8,0.0
18343,0.0,2,0.0
18344,2.0,3,2.0
18345,0.0,8,0.0
18346,0.0,8,0.0
18347,2.0,3,2.0
18348,0.0,8,0.0
18349,1.0,9,1.0
18350,0.0,2,0.0
18351,0.0,8,0.0
18352,2.0,3,2.0
18353,0.0,2,0.0
18354,0.0,8,0.0
18355,2.0,3,2.0
18356,0.0,2,0.0
18357,0.0,9,1.0
18358,2.0,3,2.0
18359,1.0,9,1.0
18360,0.0,8,0.0
18361,1.0,9,1.0
18362,2.0,3,2.0
18363,0.0,8,0.0
18364,0.0,2,0.0
18365,2.0,3,2.0
18366,0.0,8,0.0
18367,0.0,2,0.0
18368,0.0,8,0.0
18369,0.0,8,0.0
18370,0.0,9,1.0
18371,0.0,8,0.0
18372,0.0,8,0.0
18373,0.0,8,0.0
18374,0.0,9,1.0
18375,2.0,3,2.0
18376,2.0,3,2.0
18377,0.0,9,1.0
18378,0.0,8,0.0
18379,0.0,2,0.0
18380,0.0,8,0.0
18381,0.0,8,0.0
18382,0.0,8,0.0
18383,1.0,9,1.0
18384,2.0,3,2.0
18385,0.0,8,0.0
18386,2.0,3,2.0
18387,0.0,8,0.0
18388,0.0,2,0.0
18389,2.0,3,2.0
18390,3.0,9,1.0
18391,1.0,9,1.0
18392,1.0,9,1.0
18393,2.0,3,2.0
18394,0.0,2,0.0
18395,0.0,8,0.0
18396,0.0,8,0.0
18397,1.0,9,1.0
18398,2.0,3,2.0
18399,1.0,9,1.0
18400,0.0,8,0.0
18401,3.0,1,3.0
18402,0.0,9,1.0
18403,1.0,3,2.0
18404,2.0,3,2.0
18405,0.0,8,0.0
18406,0.0,9,1.0
18407,3.0,1,3.0
18408,0.0,2,0.0
18409,0.0,2,0.0
18410,0.0,9,1.0
18411,0.0,9,1.0
18412,0.0,2,0.0
18413,1.0,9,1.0
18414,1.0,9,1.0
18415,2.0,3,2.0
18416,0.0,9,1.0
18417,0.0,8,0.0
18418,0.0,2,0.0
18419,0.0,8,0.0
18420,0.0,2,0.0
18421,0.0,8,0.0
18422,0.0,8,0.0
18423,0.0,8,0.0
18424,3.0,9,1.0
18425,2.0,3,2.0
18426,0.0,8,0.0
18427,1.0,9,1.0
18428,0.0,8,0.0
18429,0.0,9,1.0
18430,0.0,8,0.0
18431,1.0,9,1.0
18432,0.0,8,0.0
18433,2.0,3,2.0
18434,3.0,9,1.0
18435,0.0,5,4.0
18436,2.0,3,2.0
18437,0.0,9,1.0
18438,0.0,8,0.0
18439,0.0,8,0.0
18440,0.0,2,0.0
18441,0.0,8,0.0
18442,0.0,9,1.0
18443,0.0,9,1.0
18444,2.0,3,2.0
18445,2.0,3,2.0
18446,1.0,9,1.0
18447,0.0,9,1.0
18448,0.0,9,1.0
18449,0.0,2,0.0
18450,0.0,8,0.0
18451,2.0,3,2.0
18452,2.0,3,2.0
18453,2.0,3,2.0
18454,2.0,3,2.0
18455,0.0,2,0.0
18456,0.0,8,0.0
18457,0.0,9,1.0
18458,0.0,8,0.0
18459,2.0,3,2.0
18460,3.0,1,3.0
18461,0.0,9,1.0
18462,0.0,9,1.0
18463,0.0,2,0.0
18464,0.0,8,0.0
18465,2.0,3,2.0
18466,2.0,3,2.0
18467,2.0,3,2.0
18468,0.0,9,1.0
18469,0.0,8,0.0
18470,0.0,9,1.0
18471,0.0,2,0.0
18472,0.0,9,1.0
18473,0.0,8,0.0
18474,0.0,8,0.0
18475,0.0,9,1.0
18476,0.0,8,0.0
18477,0.0,9,1.0
18478,0.0,9,1.0
18479,0.0,8,0.0
18480,0.0,9,1.0
18481,2.0,3,2.0
18482,0.0,8,0.0
18483,0.0,8,0.0
18484,0.0,9,1.0
18485,0.0,2,0.0
18486,0.0,2,0.0
18487,0.0,2,0.0
18488,0.0,8,0.0
18489,0.0,9,1.0
18490,0.0,2,0.0
18491,3.0,1,3.0
18492,2.0,3,2.0
18493,1.0,9,1.0
18494,0.0,2,0.0
18495,0.0,9,1.0
18496,0.0,8,0.0
18497,1.0,9,1.0
18498,0.0,2,0.0
18499,0.0,9,1.0
18500,2.0,3,2.0
18501,0.0,8,0.0
18502,0.0,9,1.0
18503,2.0,3,2.0
18504,2.0,3,2.0
18505,0.0,2,0.0
18506,0.0,8,0.0
18507,0.0,9,1.0
18508,1.0,9,1.0
18509,0.0,8,0.0
18510,0.0,9,1.0
18511,0.0,2,0.0
18512,0.0,8,0.0
18513,0.0,8,0.0
18514,0.0,8,0.0
18515,0.0,9,1.0
18516,0.0,9,1.0
18517,0.0,9,1.0
18518,0.0,9,1.0
18519,0.0,9,1.0
18520,0.0,9,1.0
18521,0.0,9,1.0
18522,0.0,8,0.0
18523,0.0,8,0.0
18524,0.0,9,1.0
18525,0.0,2,0.0
18526,2.0,3,2.0
18527,0.0,2,0.0
18528,0.0,9,1.0
18529,2.0,3,2.0
18530,0.0,2,0.0
18531,2.0,3,2.0
18532,0.0,8,0.0
18533,0.0,2,0.0
18534,0.0,9,1.0
18535,2.0,3,2.0
18536,0.0,2,0.0
18537,0.0,2,0.0
18538,0.0,8,0.0
18539,0.0,8,0.0
18540,0.0,9,1.0
18541,0.0,8,0.0
18542,0.0,2,0.0
18543,2.0,3,2.0
18544,2.0,3,2.0
18545,0.0,2,0.0
18546,0.0,2,0.0
18547,2.0,3,2.0
18548,0.0,8,0.0
18549,0.0,8,0.0
18550,0.0,8,0.0
18551,0.0,8,0.0
18552,0.0,8,0.0
18553,0.0,9,1.0
18554,0.0,9,1.0
18555,0.0,8,0.0
18556,2.0,3,2.0
18557,0.0,8,0.0
18558,0.0,2,0.0
18559,0.0,8,0.0
18560,2.0,3,2.0
18561,2.0,3,2.0
18562,0.0,9,1.0
18563,0.0,9,1.0
18564,2.0,3,2.0
18565,0.0,9,1.0
18566,0.0,9,1.0
18567,0.0,8,0.0
18568,2.0,3,2.0
18569,0.0,8,0.0
18570,2.0,3,2.0
18571,0.0,2,0.0
18572,2.0,3,2.0
18573,0.0,2,0.0
18574,2.0,3,2.0
18575,0.0,2,0.0
18576,2.0,3,2.0
18577,0.0,8,0.0
18578,2.0,3,2.0
18579,0.0,2,0.0
18580,0.0,8,0.0
18581,0.0,9,1.0
18582,2.0,3,2.0
18583,2.0,3,2.0
18584,0.0,8,0.0
18585,0.0,2,0.0
18586,0.0,2,0.0
18587,2.0,3,2.0
18588,0.0,9,1.0
18589,2.0,3,2.0
18590,0.0,8,0.0
18591,2.0,3,2.0
18592,1.0,9,1.0
18593,2.0,3,2.0
18594,2.0,3,2.0
18595,0.0,8,0.0
18596,0.0,9,1.0
18597,0.0,8,0.0
18598,0.0,9,1.0
18599,0.0,9,1.0
18600,0.0,2,0.0
18601,0.0,2,0.0
18602,0.0,8,0.0
18603,2.0,3,2.0
18604,0.0,9,1.0
18605,2.0,3,2.0
18606,0.0,9,1.0
18607,0.0,2,0.0
18608,2.0,3,2.0
18609,0.0,2,0.0
18610,0.0,2,0.0
18611,0.0,2,0.0
18612,0.0,2,0.0
18613,0.0,8,0.0
18614,0.0,8,0.0
18615,0.0,9,1.0
18616,0.0,8,0.0
18617,1.0,9,1.0
18618,0.0,8,0.0
18619,0.0,2,0.0
18620,0.0,2,0.0
18621,0.0,8,0.0
18622,2.0,3,2.0
18623,2.0,3,2.0
18624,0.0,2,0.0
18625,0.0,2,0.0
18626,2.0,3,2.0
18627,5.0,9,1.0
18628,2.0,3,2.0
18629,0.0,8,0.0
18630,2.0,3,2.0
18631,0.0,9,1.0
18632,0.0,2,0.0
18633,0.0,9,1.0
18634,0.0,2,0.0
18635,0.0,8,0.0
18636,0.0,2,0.0
18637,0.0,9,1.0
18638,0.0,2,0.0
18639,0.0,8,0.0
18640,0.0,8,0.0
18641,0.0,2,0.0
18642,0.0,9,1.0
18643,0.0,9,1.0
18644,2.0,3,2.0
18645,0.0,9,1.0
18646,0.0,8,0.0
18647,0.0,9,1.0
18648,0.0,8,0.0
18649,0.0,9,1.0
18650,1.0,9,1.0
18651,0.0,9,1.0
18652,1.0,9,1.0
18653,0.0,9,1.0
18654,2.0,3,2.0
18655,2.0,3,2.0
18656,0.0,9,1.0
18657,0.0,2,0.0
18658,2.0,3,2.0
18659,2.0,3,2.0
18660,0.0,8,0.0
18661,2.0,3,2.0
18662,2.0,3,2.0
18663,2.0,3,2.0
18664,2.0,3,2.0
18665,0.0,8,0.0
18666,2.0,3,2.0
18667,0.0,8,0.0
18668,0.0,8,0.0
18669,0.0,8,0.0
18670,0.0,8,0.0
18671,0.0,8,0.0
18672,0.0,2,0.0
18673,0.0,9,1.0
18674,0.0,8,0.0
18675,0.0,8,0.0
18676,0.0,8,0.0
18677,0.0,9,1.0
18678,0.0,8,0.0
18679,2.0,3,2.0
18680,2.0,3,2.0
18681,0.0,9,1.0
18682,0.0,8,0.0
18683,0.0,9,1.0
18684,0.0,2,0.0
18685,0.0,8,0.0
18686,0.0,2,0.0
18687,0.0,9,1.0
18688,2.0,3,2.0
18689,0.0,8,0.0
18690,0.0,2,0.0
18691,2.0,3,2.0
18692,0.0,8,0.0
18693,0.0,8,0.0
18694,0.0,2,0.0
18695,1.0,9,1.0
18696,1.0,9,1.0
18697,2.0,3,2.0
18698,0.0,9,1.0
18699,0.0,8,0.0
18700,0.0,2,0.0
18701,0.0,8,0.0
18702,0.0,8,0.0
18703,0.0,8,0.0
18704,0.0,8,0.0
18705,2.0,3,2.0
18706,2.0,3,2.0
18707,2.0,3,2.0
18708,0.0,2,0.0
18709,0.0,2,0.0
18710,0.0,2,0.0
18711,0.0,9,1.0
18712,3.0,1,3.0
18713,0.0,9,1.0
18714,0.0,8,0.0
18715,0.0,2,0.0
18716,0.0,9,1.0
18717,0.0,2,0.0
18718,0.0,8,0.0
18719,0.0,8,0.0
18720,2.0,3,2.0
18721,0.0,8,0.0
18722,0.0,2,0.0
18723,0.0,8,0.0
18724,0.0,9,1.0
18725,2.0,3,2.0
18726,2.0,3,2.0
18727,0.0,2,0.0
18728,2.0,3,2.0
18729,2.0,3,2.0
18730,2.0,3,2.0
18731,2.0,3,2.0
18732,0.0,9,1.0
18733,2.0,3,2.0
18734,2.0,3,2.0
18735,2.0,3,2.0
18736,3.0,1,3.0
18737,0.0,8,0.0
18738,0.0,8,0.0
18739,0.0,8,0.0
18740,2.0,3,2.0
18741,0.0,8,0.0
18742,0.0,2,0.0
18743,0.0,9,1.0
18744,0.0,2,0.0
18745,0.0,8,0.0
18746,2.0,3,2.0
18747,1.0,9,1.0
18748,2.0,3,2.0
18749,0.0,9,1.0
18750,0.0,8,0.0
18751,0.0,8,0.0
18752,0.0,9,1.0
18753,2.0,3,2.0
18754,0.0,5,4.0
18755,0.0,8,0.0
18756,1.0,9,1.0
18757,0.0,8,0.0
18758,0.0,8,0.0
18759,2.0,3,2.0
18760,2.0,3,2.0
18761,0.0,8,0.0
18762,2.0,3,2.0
18763,2.0,3,2.0
18764,0.0,2,0.0
18765,2.0,3,2.0
18766,0.0,8,0.0
18767,2.0,3,2.0
18768,0.0,9,1.0
18769,0.0,9,1.0
18770,0.0,9,1.0
18771,2.0,3,2.0
18772,2.0,3,2.0
18773,0.0,9,1.0
18774,0.0,8,0.0
18775,2.0,3,2.0
18776,2.0,3,2.0
18777,2.0,3,2.0
18778,0.0,2,0.0
18779,2.0,3,2.0
18780,2.0,3,2.0
18781,0.0,8,0.0
18782,0.0,8,0.0
18783,2.0,3,2.0
18784,2.0,3,2.0
18785,2.0,3,2.0
18786,0.0,8,0.0
18787,2.0,3,2.0
18788,0.0,2,0.0
18789,0.0,2,0.0
18790,2.0,3,2.0
18791,2.0,3,2.0
18792,0.0,8,0.0
18793,0.0,8,0.0
18794,0.0,2,0.0
18795,2.0,3,2.0
18796,0.0,8,0.0
18797,3.0,1,3.0
18798,0.0,2,0.0
18799,0.0,2,0.0
18800,2.0,3,2.0
18801,0.0,9,1.0
18802,0.0,9,1.0
18803,0.0,9,1.0
18804,0.0,8,0.0
18805,2.0,3,2.0
18806,0.0,8,0.0
18807,2.0,3,2.0
18808,0.0,9,1.0
18809,2.0,3,2.0
18810,0.0,8,0.0
18811,0.0,8,0.0
18812,2.0,3,2.0
18813,2.0,3,2.0
18814,0.0,8,0.0
18815,0.0,2,0.0
18816,0.0,2,0.0
18817,0.0,2,0.0
18818,0.0,8,0.0
18819,3.0,1,3.0
18820,0.0,9,1.0
18821,0.0,9,1.0
18822,0.0,9,1.0
18823,0.0,9,1.0
18824,0.0,2,0.0
18825,0.0,2,0.0
18826,0.0,2,0.0
18827,0.0,2,0.0
18828,0.0,8,0.0
18829,0.0,2,0.0
18830,0.0,2,0.0
18831,0.0,8,0.0
18832,2.0,3,2.0
18833,0.0,8,0.0
18834,0.0,8,0.0
18835,0.0,8,0.0
18836,0.0,9,1.0
18837,2.0,3,2.0
18838,0.0,9,1.0
18839,0.0,8,0.0
18840,0.0,2,0.0
18841,1.0,9,1.0
18842,0.0,9,1.0
18843,0.0,9,1.0
18844,0.0,2,0.0
18845,0.0,8,0.0
18846,2.0,3,2.0
18847,0.0,2,0.0
18848,2.0,3,2.0
18849,2.0,3,2.0
18850,0.0,9,1.0
18851,0.0,2,0.0
18852,1.0,9,1.0
18853,0.0,8,0.0
18854,0.0,8,0.0
18855,0.0,2,0.0
18856,0.0,8,0.0
18857,0.0,8,0.0
18858,0.0,9,1.0
18859,0.0,8,0.0
18860,0.0,9,1.0
18861,0.0,2,0.0
18862,0.0,8,0.0
18863,0.0,8,0.0
18864,0.0,8,0.0
18865,0.0,8,0.0
18866,0.0,2,0.0
18867,0.0,8,0.0
18868,2.0,3,2.0
18869,0.0,8,0.0
18870,0.0,9,1.0
18871,2.0,3,2.0
18872,2.0,3,2.0
18873,0.0,2,0.0
18874,2.0,3,2.0
18875,0.0,8,0.0
18876,0.0,2,0.0
18877,2.0,3,2.0
18878,0.0,9,1.0
18879,0.0,2,0.0
18880,0.0,2,0.0
18881,2.0,3,2.0
18882,0.0,9,1.0
18883,0.0,2,0.0
18884,3.0,1,3.0
18885,3.0,1,3.0
18886,0.0,8,0.0
18887,2.0,3,2.0
18888,0.0,8,0.0
18889,0.0,9,1.0
18890,0.0,8,0.0
18891,0.0,8,0.0
18892,2.0,3,2.0
18893,0.0,2,0.0
18894,2.0,3,2.0
18895,0.0,9,1.0
18896,2.0,3,2.0
18897,0.0,8,0.0
18898,0.0,2,0.0
18899,2.0,3,2.0
18900,0.0,9,1.0
18901,0.0,8,0.0
18902,0.0,2,0.0
18903,0.0,2,0.0
18904,0.0,2,0.0
18905,2.0,3,2.0
18906,0.0,8,0.0
18907,0.0,9,1.0
18908,0.0,9,1.0
18909,2.0,3,2.0
18910,0.0,8,0.0
18911,0.0,9,1.0
18912,0.0,2,0.0
18913,2.0,3,2.0
18914,0.0,9,1.0
18915,2.0,3,2.0
18916,2.0,3,2.0
18917,0.0,9,1.0
18918,2.0,3,2.0
18919,0.0,2,0.0
18920,0.0,9,1.0
18921,2.0,3,2.0
18922,2.0,3,2.0
18923,0.0,2,0.0
18924,0.0,8,0.0
18925,2.0,3,2.0
18926,1.0,9,1.0
18927,1.0,9,1.0
18928,1.0,9,1.0
18929,0.0,8,0.0
18930,0.0,8,0.0
18931,0.0,8,0.0
18932,0.0,2,0.0
18933,1.0,9,1.0
18934,3.0,1,3.0
18935,0.0,8,0.0
18936,0.0,8,0.0
18937,2.0,3,2.0
18938,1.0,9,1.0
18939,2.0,3,2.0
18940,2.0,3,2.0
18941,0.0,9,1.0
18942,0.0,9,1.0
18943,0.0,9,1.0
18944,0.0,8,0.0
18945,0.0,8,0.0
18946,3.0,1,3.0
18947,2.0,3,2.0
18948,0.0,8,0.0
18949,0.0,2,0.0
18950,0.0,8,0.0
18951,0.0,9,1.0
18952,0.0,8,0.0
18953,0.0,8,0.0
18954,0.0,9,1.0
18955,0.0,8,0.0
18956,0.0,8,0.0
18957,0.0,2,0.0
18958,2.0,3,2.0
18959,0.0,9,1.0
18960,0.0,9,1.0
18961,0.0,8,0.0
18962,0.0,8,0.0
18963,0.0,9,1.0
18964,2.0,3,2.0
18965,0.0,9,1.0
18966,2.0,3,2.0
18967,2.0,3,2.0
18968,0.0,8,0.0
18969,0.0,8,0.0
18970,2.0,3,2.0
18971,2.0,3,2.0
18972,2.0,3,2.0
18973,3.0,1,3.0
18974,0.0,9,1.0
18975,0.0,2,0.0
18976,0.0,8,0.0
18977,0.0,2,0.0
18978,0.0,2,0.0
18979,0.0,2,0.0
18980,1.0,9,1.0
18981,0.0,2,0.0
18982,3.0,1,3.0
18983,0.0,8,0.0
18984,0.0,2,0.0
18985,1.0,9,1.0
18986,0.0,8,0.0
18987,2.0,3,2.0
18988,2.0,3,2.0
18989,0.0,8,0.0
18990,0.0,8,0.0
18991,0.0,2,0.0
18992,0.0,2,0.0
18993,0.0,8,0.0
18994,0.0,8,0.0
18995,0.0,8,0.0
18996,0.0,2,0.0
18997,0.0,2,0.0
18998,0.0,2,0.0
18999,0.0,2,0.0
19000,2.0,3,2.0
19001,0.0,9,1.0
19002,0.0,9,1.0
19003,0.0,8,0.0
19004,0.0,9,1.0
19005,1.0,9,1.0
19006,2.0,3,2.0
19007,2.0,3,2.0
19008,0.0,2,0.0
19009,0.0,8,0.0
19010,2.0,3,2.0
19011,0.0,2,0.0
19012,0.0,2,0.0
19013,2.0,3,2.0
19014,0.0,8,0.0
19015,1.0,9,1.0
19016,0.0,8,0.0
19017,0.0,2,0.0
19018,0.0,2,0.0
19019,0.0,9,1.0
19020,0.0,9,1.0
19021,0.0,2,0.0
19022,0.0,2,0.0
19023,2.0,3,2.0
19024,0.0,2,0.0
19025,0.0,8,0.0
19026,0.0,2,0.0
19027,0.0,8,0.0
19028,0.0,2,0.0
19029,0.0,8,0.0
19030,2.0,3,2.0
19031,0.0,9,1.0
19032,0.0,2,0.0
19033,0.0,9,1.0
19034,0.0,2,0.0
19035,0.0,2,0.0
19036,0.0,8,0.0
19037,0.0,8,0.0
19038,0.0,9,1.0
19039,0.0,9,1.0
19040,0.0,2,0.0
19041,2.0,3,2.0
19042,0.0,2,0.0
19043,0.0,2,0.0
19044,0.0,9,1.0
19045,0.0,9,1.0
19046,2.0,3,2.0
19047,2.0,3,2.0
19048,0.0,2,0.0
19049,0.0,8,0.0
19050,0.0,9,1.0
19051,0.0,8,0.0
19052,2.0,3,2.0
19053,0.0,8,0.0
19054,0.0,8,0.0
19055,0.0,8,0.0
19056,2.0,3,2.0
19057,0.0,2,0.0
19058,0.0,8,0.0
19059,0.0,8,0.0
19060,0.0,2,0.0
19061,0.0,9,1.0
19062,0.0,9,1.0
19063,0.0,8,0.0
19064,2.0,3,2.0
19065,2.0,3,2.0
19066,0.0,2,0.0
19067,0.0,8,0.0
19068,2.0,3,2.0
19069,2.0,3,2.0
19070,3.0,1,3.0
19071,4.0,1,3.0
19072,2.0,3,2.0
19073,3.0,1,3.0
19074,2.0,3,2.0
19075,3.0,1,3.0
19076,5.0,5,4.0
19077,3.0,1,3.0
19078,2.0,3,2.0
19079,3.0,1,3.0
19080,3.0,1,3.0
19081,5.0,5,4.0
19082,2.0,3,2.0
19083,3.0,1,3.0
19084,3.0,1,3.0
19085,5.0,5,4.0
19086,5.0,9,1.0
19087,3.0,1,3.0
19088,3.0,1,3.0
19089,4.0,1,3.0
19090,3.0,1,3.0
19091,3.0,1,3.0
19092,3.0,1,3.0
19093,3.0,1,3.0
19094,2.0,3,2.0
19095,5.0,5,4.0
19096,2.0,3,2.0
19097,2.0,3,2.0
19098,2.0,3,2.0
19099,3.0,1,3.0
19100,4.0,1,3.0
19101,3.0,1,3.0
19102,3.0,1,3.0
19103,2.0,3,2.0
19104,5.0,5,4.0
19105,5.0,9,1.0
19106,5.0,5,4.0
19107,5.0,5,4.0
19108,3.0,1,3.0
19109,3.0,1,3.0
19110,3.0,1,3.0
19111,3.0,1,3.0
19112,3.0,1,3.0
19113,3.0,1,3.0
19114,3.0,1,3.0
19115,3.0,1,3.0
19116,3.0,1,3.0
19117,2.0,3,2.0
19118,3.0,1,3.0
19119,5.0,5,4.0
19120,2.0,3,2.0
19121,3.0,1,3.0
19122,4.0,1,3.0
19123,3.0,1,3.0
19124,3.0,1,3.0
19125,3.0,1,3.0
19126,2.0,3,2.0
19127,4.0,1,3.0
19128,3.0,1,3.0
19129,3.0,1,3.0
19130,3.0,1,3.0
19131,3.0,1,3.0
19132,3.0,1,3.0
19133,2.0,3,2.0
19134,4.0,1,3.0
19135,5.0,5,4.0
19136,2.0,3,2.0
19137,5.0,5,4.0
19138,3.0,1,3.0
19139,5.0,5,4.0
19140,3.0,1,3.0
19141,3.0,1,3.0
19142,5.0,5,4.0
19143,5.0,5,4.0
19144,3.0,1,3.0
19145,3.0,1,3.0
19146,3.0,1,3.0
19147,4.0,5,4.0
19148,3.0,1,3.0
19149,5.0,5,4.0
19150,4.0,1,3.0
19151,5.0,5,4.0
19152,3.0,1,3.0
19153,3.0,1,3.0
19154,3.0,1,3.0
19155,4.0,1,3.0
19156,3.0,1,3.0
19157,2.0,3,2.0
19158,3.0,1,3.0
19159,3.0,1,3.0
19160,4.0,1,3.0
19161,3.0,1,3.0
19162,2.0,3,2.0
19163,2.0,3,2.0
19164,5.0,5,4.0
19165,4.0,1,3.0
19166,2.0,3,2.0
19167,2.0,3,2.0
19168,4.0,1,3.0
19169,3.0,1,3.0
19170,3.0,1,3.0
19171,2.0,3,2.0
19172,3.0,1,3.0
19173,3.0,1,3.0
19174,5.0,5,4.0
19175,3.0,1,3.0
19176,2.0,3,2.0
19177,3.0,1,3.0
19178,3.0,1,3.0
19179,3.0,1,3.0
19180,3.0,1,3.0
19181,3.0,1,3.0
19182,2.0,3,2.0
19183,3.0,1,3.0
19184,2.0,3,2.0
19185,3.0,1,3.0
19186,3.0,1,3.0
19187,4.0,5,4.0
19188,5.0,5,4.0
19189,3.0,1,3.0
19190,3.0,1,3.0
19191,3.0,1,3.0
19192,4.0,1,3.0
19193,4.0,1,3.0
19194,2.0,3,2.0
19195,2.0,5,4.0
19196,3.0,1,3.0
19197,3.0,1,3.0
19198,5.0,5,4.0
19199,2.0,3,2.0
19200,2.0,3,2.0
19201,3.0,1,3.0
19202,5.0,5,4.0
19203,4.0,1,3.0
19204,5.0,5,4.0
19205,4.0,1,3.0
19206,4.0,1,3.0
19207,3.0,1,3.0
19208,2.0,3,2.0
19209,3.0,1,3.0
19210,3.0,1,3.0
19211,3.0,1,3.0
19212,2.0,3,2.0
19213,3.0,1,3.0
19214,5.0,5,4.0
19215,3.0,1,3.0
19216,2.0,3,2.0
19217,2.0,3,2.0
19218,2.0,3,2.0
19219,2.0,3,2.0
19220,3.0,1,3.0
19221,3.0,1,3.0
19222,3.0,1,3.0
19223,4.0,1,3.0
19224,2.0,3,2.0
19225,3.0,1,3.0
19226,2.0,3,2.0
19227,4.0,1,3.0
19228,2.0,3,2.0
19229,2.0,3,2.0
19230,2.0,3,2.0
19231,2.0,3,2.0
19232,3.0,1,3.0
19233,3.0,1,3.0
19234,3.0,1,3.0
19235,4.0,1,3.0
19236,3.0,1,3.0
19237,5.0,5,4.0
19238,4.0,1,3.0
19239,3.0,1,3.0
19240,2.0,3,2.0
19241,5.0,5,4.0
19242,2.0,3,2.0
19243,2.0,3,2.0
19244,3.0,1,3.0
19245,5.0,5,4.0
19246,3.0,1,3.0
19247,3.0,1,3.0
19248,3.0,1,3.0
19249,4.0,1,3.0
19250,5.0,9,1.0
19251,3.0,1,3.0
19252,2.0,3,2.0
19253,3.0,1,3.0
19254,5.0,5,4.0
19255,3.0,1,3.0
19256,4.0,5,4.0
19257,3.0,1,3.0
19258,3.0,1,3.0
19259,4.0,1,3.0
19260,2.0,3,2.0
19261,5.0,5,4.0
19262,4.0,5,4.0
19263,3.0,1,3.0
19264,4.0,1,3.0
19265,3.0,1,3.0
19266,3.0,1,3.0
19267,4.0,1,3.0
19268,3.0,1,3.0
19269,4.0,1,3.0
19270,2.0,3,2.0
19271,2.0,5,4.0
19272,5.0,5,4.0
19273,2.0,3,2.0
19274,2.0,3,2.0
19275,2.0,3,2.0
19276,5.0,5,4.0
19277,5.0,5,4.0
19278,5.0,5,4.0
19279,3.0,1,3.0
19280,3.0,1,3.0
19281,3.0,1,3.0
19282,4.0,1,3.0
19283,3.0,1,3.0
19284,5.0,5,4.0
19285,3.0,1,3.0
19286,2.0,3,2.0
19287,5.0,5,4.0
19288,5.0,5,4.0
19289,5.0,5,4.0
19290,5.0,9,1.0
19291,2.0,3,2.0
19292,4.0,1,3.0
19293,2.0,3,2.0
19294,2.0,3,2.0
19295,4.0,1,3.0
19296,2.0,3,2.0
19297,4.0,5,4.0
19298,2.0,3,2.0
19299,2.0,3,2.0
19300,3.0,1,3.0
19301,2.0,3,2.0
19302,3.0,1,3.0
19303,3.0,1,3.0
19304,5.0,5,4.0
19305,2.0,3,2.0
19306,5.0,5,4.0
19307,4.0,1,3.0
19308,3.0,1,3.0
19309,3.0,1,3.0
19310,4.0,1,3.0
19311,3.0,1,3.0
19312,2.0,3,2.0
19313,3.0,1,3.0
19314,5.0,5,4.0
19315,3.0,1,3.0
19316,2.0,3,2.0
19317,3.0,1,3.0
19318,3.0,1,3.0
19319,3.0,1,3.0
19320,3.0,1,3.0
19321,3.0,1,3.0
19322,2.0,3,2.0
19323,3.0,1,3.0
19324,5.0,5,4.0
19325,4.0,1,3.0
19326,2.0,3,2.0
19327,3.0,1,3.0
19328,3.0,1,3.0
19329,2.0,3,2.0
19330,3.0,1,3.0
19331,3.0,1,3.0
19332,3.0,1,3.0
19333,3.0,1,3.0
19334,5.0,5,4.0
19335,4.0,1,3.0
19336,2.0,3,2.0
19337,3.0,1,3.0
19338,5.0,5,4.0
19339,2.0,3,2.0
19340,3.0,1,3.0
19341,3.0,1,3.0
19342,3.0,1,3.0
19343,3.0,1,3.0
19344,5.0,5,4.0
19345,3.0,1,3.0
19346,3.0,1,3.0
19347,5.0,5,4.0
19348,5.0,4,5.0
19349,2.0,3,2.0
19350,3.0,1,3.0
19351,3.0,1,3.0
19352,3.0,1,3.0
19353,5.0,5,4.0
19354,3.0,1,3.0
19355,3.0,1,3.0
19356,3.0,1,3.0
19357,4.0,1,3.0
19358,5.0,5,4.0
19359,3.0,1,3.0
19360,5.0,4,5.0
19361,2.0,3,2.0
19362,5.0,5,4.0
19363,3.0,1,3.0
19364,4.0,1,3.0
19365,5.0,5,4.0
19366,3.0,1,3.0
19367,2.0,3,2.0
19368,4.0,1,3.0
19369,4.0,1,3.0
19370,3.0,1,3.0
19371,4.0,1,3.0
19372,3.0,1,3.0
19373,3.0,1,3.0
19374,3.0,1,3.0
19375,5.0,5,4.0
19376,2.0,3,2.0
19377,4.0,1,3.0
19378,3.0,1,3.0
19379,3.0,1,3.0
19380,3.0,1,3.0
19381,2.0,3,2.0
19382,3.0,1,3.0
19383,2.0,3,2.0
19384,2.0,3,2.0
19385,3.0,1,3.0
19386,2.0,3,2.0
19387,2.0,3,2.0
19388,3.0,1,3.0
19389,2.0,3,2.0
19390,3.0,1,3.0
19391,2.0,5,4.0
19392,4.0,1,3.0
19393,5.0,5,4.0
19394,2.0,3,2.0
19395,3.0,1,3.0
19396,3.0,1,3.0
19397,3.0,1,3.0
19398,5.0,5,4.0
19399,3.0,1,3.0
19400,5.0,5,4.0
19401,5.0,5,4.0
19402,4.0,1,3.0
19403,4.0,1,3.0
19404,3.0,1,3.0
19405,3.0,1,3.0
19406,3.0,1,3.0
19407,3.0,1,3.0
19408,2.0,3,2.0
19409,2.0,3,2.0
19410,5.0,5,4.0
19411,2.0,3,2.0
19412,5.0,5,4.0
19413,3.0,1,3.0
19414,4.0,1,3.0
19415,5.0,5,4.0
19416,3.0,1,3.0
19417,5.0,5,4.0
19418,3.0,1,3.0
19419,3.0,1,3.0
19420,3.0,1,3.0
19421,2.0,3,2.0
19422,2.0,3,2.0
19423,3.0,1,3.0
19424,4.0,1,3.0
19425,2.0,3,2.0
19426,3.0,1,3.0
19427,2.0,3,2.0
19428,5.0,5,4.0
19429,3.0,1,3.0
19430,2.0,3,2.0
19431,5.0,5,4.0
19432,2.0,3,2.0
19433,2.0,5,4.0
19434,2.0,3,2.0
19435,2.0,3,2.0
19436,3.0,1,3.0
19437,4.0,1,3.0
19438,2.0,3,2.0
19439,3.0,1,3.0
19440,4.0,1,3.0
19441,3.0,1,3.0
19442,3.0,1,3.0
19443,2.0,3,2.0
19444,3.0,1,3.0
19445,2.0,3,2.0
19446,3.0,1,3.0
19447,2.0,5,4.0
19448,3.0,1,3.0
19449,3.0,1,3.0
19450,3.0,1,3.0
19451,5.0,5,4.0
19452,3.0,1,3.0
19453,2.0,3,2.0
19454,3.0,1,3.0
19455,5.0,5,4.0
19456,4.0,5,4.0
19457,5.0,5,4.0
19458,3.0,1,3.0
19459,3.0,1,3.0
19460,3.0,1,3.0
19461,2.0,1,3.0
19462,2.0,3,2.0
19463,3.0,1,3.0
19464,3.0,1,3.0
19465,3.0,1,3.0
19466,3.0,1,3.0
19467,2.0,3,2.0
19468,3.0,1,3.0
19469,3.0,1,3.0
19470,3.0,1,3.0
19471,3.0,1,3.0
19472,2.0,3,2.0
19473,3.0,1,3.0
19474,2.0,3,2.0
19475,3.0,1,3.0
19476,3.0,1,3.0
19477,2.0,3,2.0
19478,2.0,3,2.0
19479,3.0,1,3.0
19480,3.0,1,3.0
19481,3.0,1,3.0
19482,3.0,1,3.0
19483,3.0,1,3.0
19484,2.0,3,2.0
19485,3.0,1,3.0
19486,3.0,1,3.0
19487,3.0,1,3.0
19488,3.0,1,3.0
19489,3.0,1,3.0
19490,2.0,3,2.0
19491,2.0,3,2.0
19492,4.0,1,3.0
19493,4.0,5,4.0
19494,2.0,1,3.0
19495,4.0,1,3.0
19496,2.0,3,2.0
19497,3.0,1,3.0
19498,3.0,1,3.0
19499,3.0,1,3.0
19500,5.0,5,4.0
19501,5.0,5,4.0
19502,3.0,1,3.0
19503,3.0,1,3.0
19504,3.0,1,3.0
19505,4.0,1,3.0
19506,3.0,1,3.0
19507,3.0,1,3.0
19508,3.0,1,3.0
19509,4.0,1,3.0
19510,3.0,1,3.0
19511,2.0,3,2.0
19512,2.0,3,2.0
19513,2.0,3,2.0
19514,2.0,3,2.0
19515,3.0,1,3.0
19516,3.0,1,3.0
19517,3.0,1,3.0
19518,2.0,3,2.0
19519,2.0,3,2.0
19520,4.0,1,3.0
19521,5.0,5,4.0
19522,3.0,1,3.0
19523,3.0,1,3.0
19524,3.0,1,3.0
19525,2.0,3,2.0
19526,5.0,5,4.0
19527,2.0,3,2.0
19528,5.0,5,4.0
19529,3.0,1,3.0
19530,2.0,3,2.0
19531,2.0,3,2.0
19532,3.0,1,3.0
19533,5.0,5,4.0
19534,2.0,3,2.0
19535,3.0,1,3.0
19536,3.0,1,3.0
19537,2.0,3,2.0
19538,3.0,1,3.0
19539,2.0,3,2.0
19540,3.0,1,3.0
19541,2.0,3,2.0
19542,4.0,1,3.0
19543,2.0,3,2.0
19544,2.0,3,2.0
19545,4.0,1,3.0
19546,5.0,5,4.0
19547,3.0,1,3.0
19548,3.0,1,3.0
19549,2.0,3,2.0
19550,2.0,3,2.0
19551,3.0,1,3.0
19552,5.0,5,4.0
19553,2.0,3,2.0
19554,3.0,1,3.0
19555,4.0,1,3.0
19556,3.0,1,3.0
19557,2.0,1,3.0
19558,3.0,1,3.0
19559,2.0,3,2.0
19560,2.0,3,2.0
19561,2.0,3,2.0
19562,3.0,1,3.0
19563,2.0,3,2.0
19564,3.0,1,3.0
19565,5.0,5,4.0
19566,2.0,3,2.0
19567,3.0,1,3.0
19568,4.0,1,3.0
19569,3.0,1,3.0
19570,2.0,3,2.0
19571,3.0,1,3.0
19572,5.0,5,4.0
19573,3.0,1,3.0
19574,2.0,3,2.0
19575,3.0,1,3.0
19576,5.0,5,4.0
19577,4.0,1,3.0
19578,4.0,1,3.0
19579,3.0,1,3.0
19580,4.0,1,3.0
19581,3.0,1,3.0
19582,3.0,1,3.0
19583,3.0,1,3.0
19584,3.0,1,3.0
19585,3.0,1,3.0
19586,2.0,3,2.0
19587,2.0,3,2.0
19588,3.0,5,4.0
19589,2.0,3,2.0
19590,5.0,5,4.0
19591,5.0,5,4.0
19592,2.0,3,2.0
19593,3.0,1,3.0
19594,3.0,1,3.0
19595,3.0,1,3.0
19596,3.0,1,3.0
19597,4.0,1,3.0
19598,3.0,1,3.0
19599,3.0,1,3.0
19600,3.0,1,3.0
19601,5.0,4,5.0
19602,2.0,3,2.0
19603,3.0,1,3.0
19604,5.0,5,4.0
19605,3.0,1,3.0
19606,4.0,1,3.0
19607,3.0,1,3.0
19608,3.0,1,3.0
19609,3.0,1,3.0
19610,3.0,1,3.0
19611,3.0,1,3.0
19612,4.0,1,3.0
19613,2.0,3,2.0
19614,4.0,1,3.0
19615,3.0,1,3.0
19616,5.0,5,4.0
19617,5.0,5,4.0
19618,2.0,3,2.0
19619,3.0,1,3.0
19620,2.0,3,2.0
19621,5.0,5,4.0
19622,3.0,1,3.0
19623,3.0,1,3.0
19624,5.0,5,4.0
19625,5.0,5,4.0
19626,3.0,1,3.0
19627,5.0,5,4.0
19628,5.0,5,4.0
19629,2.0,3,2.0
19630,4.0,1,3.0
19631,2.0,3,2.0
19632,5.0,4,5.0
19633,3.0,1,3.0
19634,5.0,4,5.0
19635,5.0,9,1.0
19636,3.0,1,3.0
19637,3.0,1,3.0
19638,4.0,1,3.0
19639,2.0,3,2.0
19640,5.0,4,5.0
19641,3.0,1,3.0
19642,3.0,1,3.0
19643,3.0,1,3.0
19644,3.0,1,3.0
19645,5.0,5,4.0
19646,2.0,3,2.0
19647,3.0,1,3.0
19648,3.0,1,3.0
19649,3.0,1,3.0
19650,2.0,3,2.0
19651,4.0,1,3.0
19652,3.0,1,3.0
19653,3.0,1,3.0
19654,3.0,1,3.0
19655,5.0,5,4.0
19656,5.0,5,4.0
19657,2.0,3,2.0
19658,2.0,3,2.0
19659,3.0,1,3.0
19660,3.0,1,3.0
19661,2.0,3,2.0
19662,4.0,1,3.0
19663,5.0,5,4.0
19664,3.0,1,3.0
19665,3.0,1,3.0
19666,5.0,5,4.0
19667,3.0,1,3.0
19668,2.0,3,2.0
19669,2.0,3,2.0
19670,3.0,1,3.0
19671,5.0,5,4.0
19672,5.0,5,4.0
19673,3.0,1,3.0
19674,3.0,1,3.0
19675,5.0,5,4.0
19676,3.0,1,3.0
19677,3.0,1,3.0
19678,2.0,5,4.0
19679,4.0,1,3.0
19680,3.0,1,3.0
19681,3.0,1,3.0
19682,4.0,1,3.0
19683,3.0,1,3.0
19684,3.0,1,3.0
19685,3.0,1,3.0
19686,2.0,3,2.0
19687,3.0,1,3.0
19688,2.0,3,2.0
19689,4.0,5,4.0
19690,2.0,3,2.0
19691,3.0,1,3.0
19692,3.0,1,3.0
19693,5.0,5,4.0
19694,3.0,1,3.0
19695,2.0,3,2.0
19696,3.0,1,3.0
19697,5.0,4,5.0
19698,3.0,1,3.0
19699,2.0,3,2.0
19700,4.0,1,3.0
19701,3.0,1,3.0
19702,3.0,1,3.0
19703,3.0,1,3.0
19704,3.0,1,3.0
19705,3.0,1,3.0
19706,3.0,1,3.0
19707,3.0,1,3.0
19708,4.0,1,3.0
19709,2.0,3,2.0
19710,3.0,1,3.0
19711,3.0,1,3.0
19712,3.0,1,3.0
19713,3.0,1,3.0
19714,4.0,1,3.0
19715,3.0,1,3.0
19716,3.0,1,3.0
19717,2.0,3,2.0
19718,4.0,1,3.0
19719,3.0,1,3.0
19720,2.0,1,3.0
19721,4.0,1,3.0
19722,3.0,1,3.0
19723,4.0,1,3.0
19724,5.0,5,4.0
19725,3.0,1,3.0
19726,3.0,1,3.0
19727,2.0,3,2.0
19728,5.0,5,4.0
19729,2.0,3,2.0
19730,2.0,3,2.0
19731,3.0,1,3.0
19732,3.0,1,3.0
19733,3.0,1,3.0
19734,2.0,3,2.0
19735,3.0,1,3.0
19736,5.0,5,4.0
19737,2.0,3,2.0
19738,3.0,1,3.0
19739,5.0,4,5.0
19740,3.0,1,3.0
19741,4.0,1,3.0
19742,4.0,1,3.0
19743,3.0,1,3.0
19744,2.0,3,2.0
19745,3.0,1,3.0
19746,2.0,3,2.0
19747,5.0,5,4.0
19748,5.0,5,4.0
19749,3.0,1,3.0
19750,3.0,1,3.0
19751,3.0,1,3.0
19752,3.0,1,3.0
19753,2.0,3,2.0
19754,4.0,1,3.0
19755,5.0,5,4.0
19756,3.0,1,3.0
19757,2.0,3,2.0
19758,4.0,1,3.0
19759,3.0,1,3.0
19760,5.0,4,5.0
19761,4.0,1,3.0
19762,2.0,3,2.0
19763,2.0,3,2.0
19764,2.0,3,2.0
19765,2.0,3,2.0
19766,3.0,1,3.0
19767,5.0,5,4.0
19768,2.0,3,2.0
19769,5.0,9,1.0
19770,2.0,3,2.0
19771,5.0,5,4.0
19772,4.0,1,3.0
19773,3.0,1,3.0
19774,4.0,5,4.0
19775,3.0,1,3.0
19776,2.0,3,2.0
19777,3.0,1,3.0
19778,3.0,1,3.0
19779,5.0,5,4.0
19780,2.0,3,2.0
19781,5.0,5,4.0
19782,2.0,3,2.0
19783,2.0,3,2.0
19784,3.0,1,3.0
19785,2.0,3,2.0
19786,5.0,5,4.0
19787,3.0,1,3.0
19788,5.0,5,4.0
19789,2.0,3,2.0
19790,5.0,5,4.0
19791,3.0,1,3.0
19792,2.0,3,2.0
19793,3.0,1,3.0
19794,3.0,1,3.0
19795,3.0,1,3.0
19796,3.0,1,3.0
19797,3.0,1,3.0
19798,3.0,1,3.0
19799,5.0,5,4.0
19800,2.0,5,4.0
19801,2.0,3,2.0
19802,4.0,1,3.0
19803,2.0,3,2.0
19804,5.0,5,4.0
19805,2.0,5,4.0
19806,5.0,5,4.0
19807,3.0,1,3.0
19808,5.0,5,4.0
19809,3.0,1,3.0
19810,3.0,1,3.0
19811,4.0,1,3.0
19812,3.0,1,3.0
19813,3.0,1,3.0
19814,2.0,3,2.0
19815,5.0,4,5.0
19816,3.0,1,3.0
19817,2.0,3,2.0
19818,3.0,1,3.0
19819,2.0,3,2.0
19820,2.0,3,2.0
19821,3.0,1,3.0
19822,3.0,1,3.0
19823,4.0,1,3.0
19824,2.0,3,2.0
19825,3.0,1,3.0
19826,5.0,5,4.0
19827,3.0,1,3.0
19828,5.0,5,4.0
19829,5.0,5,4.0
19830,3.0,1,3.0
19831,4.0,1,3.0
19832,5.0,5,4.0
19833,2.0,3,2.0
19834,3.0,1,3.0
19835,5.0,5,4.0
19836,2.0,3,2.0
19837,5.0,5,4.0
19838,3.0,1,3.0
19839,3.0,1,3.0
19840,2.0,1,3.0
19841,2.0,5,4.0
19842,3.0,1,3.0
19843,3.0,1,3.0
19844,5.0,5,4.0
19845,4.0,1,3.0
19846,4.0,1,3.0
19847,2.0,3,2.0
19848,3.0,1,3.0
19849,5.0,5,4.0
19850,5.0,5,4.0
19851,3.0,1,3.0
19852,2.0,3,2.0
19853,3.0,1,3.0
19854,3.0,1,3.0
19855,4.0,5,4.0
19856,3.0,1,3.0
19857,2.0,3,2.0
19858,2.0,3,2.0
19859,3.0,1,3.0
19860,5.0,5,4.0
19861,3.0,1,3.0
19862,5.0,5,4.0
19863,5.0,5,4.0
19864,3.0,1,3.0
19865,5.0,5,4.0
19866,2.0,3,2.0
19867,2.0,3,2.0
19868,3.0,1,3.0
19869,3.0,1,3.0
19870,4.0,1,3.0
19871,3.0,1,3.0
19872,4.0,1,3.0
19873,4.0,1,3.0
19874,3.0,1,3.0
19875,3.0,1,3.0
19876,2.0,3,2.0
19877,5.0,5,4.0
19878,3.0,1,3.0
19879,3.0,1,3.0
19880,3.0,1,3.0
19881,3.0,1,3.0
19882,3.0,1,3.0
19883,5.0,5,4.0
19884,5.0,5,4.0
19885,5.0,9,1.0
19886,3.0,1,3.0
19887,5.0,5,4.0
19888,5.0,5,4.0
19889,2.0,3,2.0
19890,3.0,1,3.0
19891,2.0,3,2.0
19892,2.0,3,2.0
19893,2.0,3,2.0
19894,3.0,1,3.0
19895,3.0,1,3.0
19896,3.0,1,3.0
19897,3.0,1,3.0
19898,2.0,3,2.0
19899,5.0,5,4.0
19900,3.0,1,3.0
19901,4.0,5,4.0
19902,5.0,5,4.0
19903,2.0,3,2.0
19904,2.0,3,2.0
19905,3.0,1,3.0
19906,5.0,5,4.0
19907,2.0,3,2.0
19908,3.0,1,3.0
19909,4.0,1,3.0
19910,3.0,1,3.0
19911,5.0,5,4.0
19912,2.0,3,2.0
19913,2.0,3,2.0
19914,3.0,1,3.0
19915,2.0,3,2.0
19916,3.0,1,3.0
19917,2.0,3,2.0
19918,2.0,3,2.0
19919,4.0,1,3.0
19920,3.0,1,3.0
19921,3.0,1,3.0
19922,4.0,1,3.0
19923,5.0,5,4.0
19924,3.0,1,3.0
19925,2.0,3,2.0
19926,5.0,5,4.0
19927,3.0,1,3.0
19928,3.0,1,3.0
19929,2.0,3,2.0
19930,3.0,1,3.0
19931,4.0,1,3.0
19932,4.0,1,3.0
19933,5.0,5,4.0
19934,3.0,1,3.0
19935,3.0,1,3.0
19936,2.0,3,2.0
19937,2.0,3,2.0
19938,5.0,5,4.0
19939,3.0,1,3.0
19940,2.0,3,2.0
19941,3.0,1,3.0
19942,3.0,1,3.0
19943,2.0,3,2.0
19944,4.0,1,3.0
19945,2.0,3,2.0
19946,5.0,5,4.0
19947,3.0,1,3.0
19948,3.0,1,3.0
19949,3.0,1,3.0
19950,4.0,1,3.0
19951,2.0,3,2.0
19952,4.0,5,4.0
19953,3.0,1,3.0
19954,3.0,1,3.0
19955,3.0,1,3.0
19956,3.0,1,3.0
19957,2.0,3,2.0
19958,2.0,3,2.0
19959,4.0,1,3.0
19960,5.0,5,4.0
19961,4.0,1,3.0
19962,3.0,1,3.0
19963,5.0,5,4.0
19964,3.0,1,3.0
19965,2.0,3,2.0
19966,3.0,1,3.0
19967,2.0,3,2.0
19968,2.0,3,2.0
19969,5.0,5,4.0
19970,3.0,1,3.0
19971,2.0,3,2.0
19972,3.0,1,3.0
19973,2.0,3,2.0
19974,3.0,1,3.0
19975,5.0,5,4.0
19976,3.0,1,3.0
19977,2.0,3,2.0
19978,2.0,3,2.0
19979,2.0,3,2.0
19980,3.0,1,3.0
19981,3.0,1,3.0
19982,4.0,1,3.0
19983,5.0,5,4.0
19984,5.0,5,4.0
19985,3.0,1,3.0
19986,3.0,1,3.0
19987,2.0,3,2.0
19988,2.0,1,3.0
19989,3.0,1,3.0
19990,3.0,1,3.0
19991,5.0,5,4.0
19992,3.0,1,3.0
19993,3.0,1,3.0
19994,2.0,3,2.0
19995,3.0,1,3.0
19996,2.0,3,2.0
19997,3.0,1,3.0
19998,5.0,5,4.0
19999,4.0,9,1.0
20000,4.0,1,3.0
20001,4.0,1,3.0
20002,4.0,1,3.0
20003,3.0,1,3.0
20004,2.0,3,2.0
20005,3.0,1,3.0
20006,2.0,3,2.0
20007,3.0,1,3.0
20008,5.0,5,4.0
20009,3.0,1,3.0
20010,3.0,1,3.0
20011,5.0,5,4.0
20012,3.0,1,3.0
20013,2.0,3,2.0
20014,3.0,1,3.0
20015,3.0,1,3.0
20016,3.0,1,3.0
20017,4.0,1,3.0
20018,3.0,1,3.0
20019,3.0,1,3.0
20020,3.0,1,3.0
20021,5.0,5,4.0
20022,2.0,3,2.0
20023,2.0,3,2.0
20024,5.0,5,4.0
20025,5.0,5,4.0
20026,2.0,3,2.0
20027,3.0,1,3.0
20028,3.0,1,3.0
20029,3.0,1,3.0
20030,5.0,5,4.0
20031,3.0,1,3.0
20032,4.0,1,3.0
20033,3.0,1,3.0
20034,2.0,3,2.0
20035,4.0,1,3.0
20036,2.0,3,2.0
20037,2.0,3,2.0
20038,3.0,1,3.0
20039,2.0,3,2.0
20040,5.0,5,4.0
20041,3.0,1,3.0
20042,3.0,1,3.0
20043,3.0,1,3.0
20044,2.0,3,2.0
20045,5.0,5,4.0
20046,3.0,1,3.0
20047,3.0,1,3.0
20048,2.0,3,2.0
20049,3.0,1,3.0
20050,3.0,1,3.0
20051,3.0,1,3.0
20052,2.0,1,3.0
20053,2.0,3,2.0
20054,4.0,5,4.0
20055,3.0,1,3.0
20056,3.0,1,3.0
20057,5.0,5,4.0
20058,3.0,1,3.0
20059,3.0,1,3.0
20060,3.0,1,3.0
20061,3.0,1,3.0
20062,3.0,1,3.0
20063,2.0,5,4.0
20064,4.0,5,4.0
20065,4.0,1,3.0
20066,4.0,1,3.0
20067,4.0,1,3.0
20068,3.0,1,3.0
20069,3.0,1,3.0
20070,3.0,1,3.0
20071,2.0,3,2.0
20072,5.0,5,4.0
20073,3.0,1,3.0
20074,4.0,1,3.0
20075,3.0,1,3.0
20076,2.0,3,2.0
20077,3.0,1,3.0
20078,3.0,1,3.0
20079,3.0,1,3.0
20080,2.0,3,2.0
20081,3.0,1,3.0
20082,3.0,1,3.0
20083,4.0,1,3.0
20084,5.0,5,4.0
20085,3.0,1,3.0
20086,3.0,1,3.0
20087,5.0,5,4.0
20088,5.0,5,4.0
20089,2.0,1,3.0
20090,4.0,1,3.0
20091,3.0,1,3.0
20092,2.0,3,2.0
20093,4.0,5,4.0
20094,4.0,1,3.0
20095,2.0,3,2.0
20096,4.0,1,3.0
20097,5.0,5,4.0
20098,3.0,1,3.0
20099,3.0,1,3.0
20100,2.0,3,2.0
20101,3.0,1,3.0
20102,5.0,5,4.0
20103,3.0,1,3.0
20104,5.0,5,4.0
20105,3.0,1,3.0
20106,3.0,1,3.0
20107,3.0,1,3.0
20108,3.0,1,3.0
20109,3.0,1,3.0
20110,5.0,4,5.0
20111,3.0,1,3.0
20112,3.0,1,3.0
20113,4.0,5,4.0
20114,3.0,1,3.0
20115,4.0,1,3.0
20116,2.0,3,2.0
20117,2.0,3,2.0
20118,2.0,3,2.0
20119,3.0,1,3.0
20120,3.0,1,3.0
20121,5.0,5,4.0
20122,3.0,1,3.0
20123,2.0,3,2.0
20124,2.0,3,2.0
20125,3.0,1,3.0
20126,3.0,1,3.0
20127,4.0,1,3.0
20128,4.0,1,3.0
20129,3.0,1,3.0
20130,5.0,5,4.0
20131,3.0,1,3.0
20132,3.0,1,3.0
20133,4.0,1,3.0
20134,3.0,1,3.0
20135,3.0,1,3.0
20136,2.0,3,2.0
20137,3.0,1,3.0
20138,3.0,1,3.0
20139,4.0,1,3.0
20140,3.0,1,3.0
20141,2.0,5,4.0
20142,4.0,1,3.0
20143,2.0,3,2.0
20144,3.0,1,3.0
20145,3.0,1,3.0
20146,3.0,1,3.0
20147,2.0,3,2.0
20148,3.0,1,3.0
20149,5.0,5,4.0
20150,5.0,5,4.0
20151,3.0,1,3.0
20152,2.0,3,2.0
20153,2.0,3,2.0
20154,3.0,1,3.0
20155,3.0,1,3.0
20156,4.0,1,3.0
20157,2.0,3,2.0
20158,3.0,1,3.0
20159,3.0,1,3.0
20160,5.0,5,4.0
20161,3.0,1,3.0
20162,2.0,3,2.0
20163,2.0,3,2.0
20164,3.0,1,3.0
20165,4.0,1,3.0
20166,5.0,5,4.0
20167,3.0,1,3.0
20168,3.0,1,3.0
20169,2.0,3,2.0
20170,2.0,3,2.0
20171,3.0,1,3.0
20172,3.0,1,3.0
20173,2.0,0,6.0
20174,3.0,1,3.0
20175,3.0,1,3.0
20176,4.0,1,3.0
20177,2.0,3,2.0
20178,3.0,1,3.0
20179,3.0,1,3.0
20180,3.0,1,3.0
20181,3.0,1,3.0
20182,3.0,1,3.0
20183,3.0,1,3.0
20184,3.0,1,3.0
20185,3.0,1,3.0
20186,5.0,5,4.0
20187,5.0,5,4.0
20188,2.0,3,2.0
20189,2.0,3,2.0
20190,3.0,1,3.0
20191,3.0,1,3.0
20192,2.0,3,2.0
20193,2.0,3,2.0
20194,2.0,3,2.0
20195,3.0,1,3.0
20196,4.0,1,3.0
20197,3.0,1,3.0
20198,3.0,1,3.0
20199,3.0,1,3.0
20200,5.0,5,4.0
20201,3.0,1,3.0
20202,4.0,1,3.0
20203,3.0,1,3.0
20204,3.0,1,3.0
20205,2.0,3,2.0
20206,3.0,1,3.0
20207,3.0,1,3.0
20208,4.0,1,3.0
20209,3.0,1,3.0
20210,5.0,5,4.0
20211,2.0,3,2.0
20212,3.0,1,3.0
20213,4.0,1,3.0
20214,3.0,1,3.0
20215,2.0,3,2.0
20216,3.0,1,3.0
20217,3.0,1,3.0
20218,5.0,5,4.0
20219,3.0,1,3.0
20220,5.0,5,4.0
20221,3.0,1,3.0
20222,5.0,5,4.0
20223,2.0,1,3.0
20224,5.0,5,4.0
20225,2.0,3,2.0
20226,3.0,1,3.0
20227,4.0,1,3.0
20228,3.0,1,3.0
20229,3.0,1,3.0
20230,3.0,1,3.0
20231,4.0,1,3.0
20232,4.0,1,3.0
20233,3.0,1,3.0
20234,3.0,1,3.0
20235,4.0,1,3.0
20236,4.0,1,3.0
20237,5.0,5,4.0
20238,3.0,1,3.0
20239,2.0,3,2.0
20240,3.0,1,3.0
20241,2.0,3,2.0
20242,2.0,3,2.0
20243,2.0,3,2.0
20244,3.0,1,3.0
20245,3.0,1,3.0
20246,3.0,1,3.0
20247,2.0,3,2.0
20248,2.0,5,4.0
20249,3.0,1,3.0
20250,4.0,1,3.0
20251,3.0,1,3.0
20252,5.0,5,4.0
20253,3.0,1,3.0
20254,5.0,5,4.0
20255,3.0,1,3.0
20256,3.0,1,3.0
20257,3.0,1,3.0
20258,2.0,3,2.0
20259,2.0,5,4.0
20260,2.0,5,4.0
20261,3.0,1,3.0
20262,3.0,1,3.0
20263,3.0,1,3.0
20264,3.0,1,3.0
20265,2.0,3,2.0
20266,5.0,5,4.0
20267,3.0,1,3.0
20268,3.0,1,3.0
20269,3.0,1,3.0
20270,5.0,5,4.0
20271,3.0,1,3.0
20272,3.0,1,3.0
20273,4.0,1,3.0
20274,5.0,5,4.0
20275,3.0,1,3.0
20276,3.0,1,3.0
20277,5.0,5,4.0
20278,4.0,5,4.0
20279,5.0,5,4.0
20280,2.0,3,2.0
20281,5.0,5,4.0
20282,3.0,1,3.0
20283,5.0,5,4.0
20284,3.0,1,3.0
20285,4.0,1,3.0
20286,3.0,1,3.0
20287,5.0,5,4.0
20288,4.0,1,3.0
20289,3.0,1,3.0
20290,5.0,5,4.0
20291,3.0,1,3.0
20292,4.0,1,3.0
20293,3.0,1,3.0
20294,3.0,1,3.0
20295,5.0,5,4.0
20296,2.0,3,2.0
20297,3.0,1,3.0
20298,5.0,5,4.0
20299,3.0,1,3.0
20300,5.0,5,4.0
20301,2.0,3,2.0
20302,3.0,1,3.0
20303,2.0,3,2.0
20304,3.0,1,3.0
20305,5.0,5,4.0
20306,2.0,3,2.0
20307,3.0,1,3.0
20308,2.0,3,2.0
20309,4.0,1,3.0
20310,2.0,3,2.0
20311,3.0,1,3.0
20312,2.0,5,4.0
20313,3.0,1,3.0
20314,2.0,3,2.0
20315,3.0,1,3.0
20316,3.0,1,3.0
20317,2.0,3,2.0
20318,3.0,1,3.0
20319,3.0,1,3.0
20320,2.0,3,2.0
20321,3.0,1,3.0
20322,2.0,3,2.0
20323,3.0,1,3.0
20324,2.0,3,2.0
20325,5.0,5,4.0
20326,5.0,5,4.0
20327,3.0,1,3.0
20328,3.0,1,3.0
20329,3.0,1,3.0
20330,3.0,1,3.0
20331,3.0,1,3.0
20332,3.0,1,3.0
20333,2.0,3,2.0
20334,3.0,1,3.0
20335,3.0,1,3.0
20336,3.0,1,3.0
20337,3.0,1,3.0
20338,5.0,5,4.0
20339,5.0,4,5.0
20340,3.0,1,3.0
20341,2.0,3,2.0
20342,2.0,3,2.0
20343,4.0,1,3.0
20344,3.0,1,3.0
20345,2.0,3,2.0
20346,2.0,3,2.0
20347,2.0,3,2.0
20348,5.0,5,4.0
20349,4.0,1,3.0
20350,2.0,3,2.0
20351,3.0,1,3.0
20352,2.0,3,2.0
20353,2.0,3,2.0
20354,3.0,1,3.0
20355,5.0,5,4.0
20356,4.0,1,3.0
20357,5.0,5,4.0
20358,5.0,5,4.0
20359,3.0,1,3.0
20360,3.0,1,3.0
20361,3.0,1,3.0
20362,3.0,1,3.0
20363,3.0,1,3.0
20364,3.0,1,3.0
20365,3.0,1,3.0
20366,3.0,1,3.0
20367,2.0,3,2.0
20368,4.0,1,3.0
20369,5.0,5,4.0
20370,3.0,1,3.0
20371,5.0,5,4.0
20372,5.0,5,4.0
20373,3.0,1,3.0
20374,5.0,5,4.0
20375,4.0,1,3.0
20376,4.0,1,3.0
20377,2.0,3,2.0
20378,2.0,7,6.0
20379,2.0,3,2.0
20380,2.0,1,3.0
20381,3.0,1,3.0
20382,3.0,1,3.0
20383,3.0,1,3.0
20384,4.0,1,3.0
20385,3.0,1,3.0
20386,3.0,1,3.0
20387,3.0,1,3.0
20388,3.0,1,3.0
20389,3.0,1,3.0
20390,4.0,1,3.0
20391,2.0,3,2.0
20392,2.0,3,2.0
20393,2.0,3,2.0
20394,2.0,3,2.0
20395,4.0,1,3.0
20396,5.0,5,4.0
20397,3.0,1,3.0
20398,5.0,5,4.0
20399,3.0,1,3.0
20400,3.0,1,3.0
20401,2.0,3,2.0
20402,5.0,5,4.0
20403,3.0,1,3.0
20404,2.0,3,2.0
20405,3.0,1,3.0
20406,3.0,1,3.0
20407,2.0,1,3.0
20408,4.0,1,3.0
20409,4.0,1,3.0
20410,3.0,1,3.0
20411,3.0,1,3.0
20412,2.0,5,4.0
20413,5.0,5,4.0
20414,3.0,1,3.0
20415,3.0,1,3.0
20416,4.0,1,3.0
20417,2.0,3,2.0
20418,3.0,1,3.0
20419,5.0,5,4.0
20420,3.0,1,3.0
20421,2.0,3,2.0
20422,3.0,1,3.0
20423,2.0,3,2.0
20424,3.0,1,3.0
20425,3.0,1,3.0
20426,3.0,1,3.0
20427,3.0,1,3.0
20428,3.0,1,3.0
20429,4.0,1,3.0
20430,3.0,1,3.0
20431,3.0,1,3.0
20432,3.0,1,3.0
20433,3.0,1,3.0
20434,2.0,3,2.0
20435,2.0,3,2.0
20436,3.0,1,3.0
20437,3.0,1,3.0
20438,4.0,5,4.0
20439,3.0,1,3.0
20440,3.0,1,3.0
20441,2.0,3,2.0
20442,5.0,5,4.0
20443,3.0,1,3.0
20444,3.0,1,3.0
20445,3.0,1,3.0
20446,5.0,5,4.0
20447,5.0,5,4.0
20448,2.0,5,4.0
20449,3.0,1,3.0
20450,2.0,3,2.0
20451,3.0,1,3.0
20452,2.0,3,2.0
20453,3.0,1,3.0
20454,3.0,1,3.0
20455,2.0,3,2.0
20456,3.0,1,3.0
20457,3.0,1,3.0
20458,4.0,1,3.0
20459,3.0,1,3.0
20460,3.0,1,3.0
20461,5.0,5,4.0
20462,3.0,1,3.0
20463,5.0,5,4.0
20464,3.0,1,3.0
20465,3.0,1,3.0
20466,2.0,3,2.0
20467,5.0,5,4.0
20468,3.0,1,3.0
20469,3.0,1,3.0
20470,2.0,3,2.0
20471,4.0,1,3.0
20472,5.0,5,4.0
20473,3.0,1,3.0
20474,3.0,1,3.0
20475,2.0,3,2.0
20476,2.0,3,2.0
20477,4.0,1,3.0
20478,3.0,1,3.0
20479,3.0,1,3.0
20480,3.0,1,3.0
20481,3.0,1,3.0
20482,4.0,1,3.0
20483,3.0,1,3.0
20484,5.0,5,4.0
20485,5.0,5,4.0
20486,5.0,5,4.0
20487,3.0,1,3.0
20488,5.0,5,4.0
20489,3.0,1,3.0
20490,3.0,1,3.0
20491,3.0,1,3.0
20492,4.0,1,3.0
20493,5.0,5,4.0
20494,3.0,1,3.0
20495,2.0,3,2.0
20496,3.0,1,3.0
20497,3.0,1,3.0
20498,2.0,5,4.0
20499,3.0,1,3.0
20500,5.0,5,4.0
20501,2.0,3,2.0
20502,3.0,1,3.0
20503,2.0,3,2.0
20504,3.0,1,3.0
20505,3.0,1,3.0
20506,5.0,4,5.0
20507,5.0,5,4.0
20508,2.0,3,2.0
20509,3.0,1,3.0
20510,3.0,1,3.0
20511,3.0,1,3.0
20512,4.0,1,3.0
20513,3.0,1,3.0
20514,5.0,5,4.0
20515,2.0,3,2.0
20516,2.0,3,2.0
20517,3.0,1,3.0
20518,2.0,3,2.0
20519,3.0,1,3.0
20520,5.0,5,4.0
20521,4.0,1,3.0
20522,2.0,3,2.0
20523,2.0,3,2.0
20524,5.0,5,4.0
20525,2.0,3,2.0
20526,3.0,1,3.0
20527,5.0,5,4.0
20528,5.0,4,5.0
20529,5.0,5,4.0
20530,3.0,1,3.0
20531,5.0,5,4.0
20532,4.0,1,3.0
20533,2.0,3,2.0
20534,5.0,5,4.0
20535,5.0,5,4.0
20536,2.0,3,2.0
20537,4.0,5,4.0
20538,4.0,1,3.0
20539,3.0,1,3.0
20540,4.0,1,3.0
20541,4.0,1,3.0
20542,2.0,3,2.0
20543,2.0,3,2.0
20544,3.0,1,3.0
20545,3.0,1,3.0
20546,2.0,3,2.0
20547,3.0,1,3.0
20548,3.0,1,3.0
20549,5.0,5,4.0
20550,3.0,1,3.0
20551,3.0,1,3.0
20552,3.0,1,3.0
20553,2.0,3,2.0
20554,4.0,1,3.0
20555,3.0,1,3.0
20556,2.0,3,2.0
20557,4.0,5,4.0
20558,2.0,3,2.0
20559,3.0,1,3.0
20560,3.0,1,3.0
20561,3.0,1,3.0
20562,3.0,1,3.0
20563,4.0,1,3.0
20564,3.0,1,3.0
20565,2.0,3,2.0
20566,5.0,5,4.0
20567,3.0,1,3.0
20568,5.0,5,4.0
20569,2.0,3,2.0
20570,2.0,3,2.0
20571,3.0,1,3.0
20572,5.0,5,4.0
20573,4.0,1,3.0
20574,2.0,3,2.0
20575,3.0,1,3.0
20576,2.0,3,2.0
20577,5.0,5,4.0
20578,5.0,5,4.0
20579,5.0,5,4.0
20580,2.0,3,2.0
20581,3.0,1,3.0
20582,2.0,3,2.0
20583,3.0,1,3.0
20584,3.0,1,3.0
20585,2.0,3,2.0
20586,2.0,3,2.0
20587,3.0,1,3.0
20588,3.0,1,3.0
20589,2.0,3,2.0
20590,2.0,3,2.0
20591,5.0,5,4.0
20592,3.0,1,3.0
20593,3.0,1,3.0
20594,4.0,1,3.0
20595,3.0,1,3.0
20596,4.0,1,3.0
20597,2.0,3,2.0
20598,3.0,1,3.0
20599,3.0,1,3.0
20600,5.0,5,4.0
20601,3.0,1,3.0
20602,3.0,1,3.0
20603,5.0,5,4.0
20604,4.0,1,3.0
20605,5.0,5,4.0
20606,3.0,1,3.0
20607,2.0,3,2.0
20608,3.0,1,3.0
20609,5.0,5,4.0
20610,4.0,1,3.0
20611,3.0,1,3.0
20612,2.0,3,2.0
20613,4.0,1,3.0
20614,5.0,5,4.0
20615,5.0,5,4.0
20616,4.0,1,3.0
20617,3.0,1,3.0
20618,2.0,3,2.0
20619,3.0,1,3.0
20620,3.0,1,3.0
20621,3.0,1,3.0
20622,3.0,1,3.0
20623,3.0,1,3.0
20624,5.0,5,4.0
20625,3.0,1,3.0
20626,3.0,1,3.0
20627,3.0,1,3.0
20628,2.0,3,2.0
20629,3.0,1,3.0
20630,5.0,5,4.0
20631,2.0,5,4.0
20632,3.0,1,3.0
20633,3.0,1,3.0
20634,4.0,5,4.0
20635,3.0,1,3.0
20636,4.0,1,3.0
20637,5.0,5,4.0
20638,4.0,1,3.0
20639,5.0,5,4.0
20640,2.0,3,2.0
20641,3.0,1,3.0
20642,2.0,3,2.0
20643,4.0,1,3.0
20644,3.0,1,3.0
20645,5.0,5,4.0
20646,4.0,1,3.0
20647,4.0,1,3.0
20648,4.0,1,3.0
20649,2.0,3,2.0
20650,3.0,1,3.0
20651,3.0,1,3.0
20652,3.0,1,3.0
20653,5.0,5,4.0
20654,3.0,1,3.0
20655,3.0,1,3.0
20656,5.0,5,4.0
20657,5.0,5,4.0
20658,3.0,1,3.0
20659,5.0,5,4.0
20660,3.0,1,3.0
20661,3.0,1,3.0
20662,3.0,1,3.0
20663,3.0,1,3.0
20664,3.0,1,3.0
20665,3.0,1,3.0
20666,5.0,5,4.0
20667,3.0,1,3.0
20668,3.0,1,3.0
20669,3.0,1,3.0
20670,1.0,9,1.0
20671,5.0,5,4.0
20672,3.0,1,3.0
20673,3.0,1,3.0
20674,2.0,3,2.0
20675,5.0,5,4.0
20676,2.0,3,2.0
20677,5.0,5,4.0
20678,2.0,3,2.0
20679,3.0,1,3.0
20680,2.0,3,2.0
20681,3.0,1,3.0
20682,2.0,3,2.0
20683,2.0,3,2.0
20684,3.0,1,3.0
20685,4.0,1,3.0
20686,3.0,1,3.0
20687,2.0,3,2.0
20688,2.0,3,2.0
20689,3.0,1,3.0
20690,2.0,3,2.0
20691,3.0,1,3.0
20692,4.0,5,4.0
20693,3.0,1,3.0
20694,3.0,1,3.0
20695,2.0,1,3.0
20696,2.0,3,2.0
20697,2.0,5,4.0
20698,4.0,1,3.0
20699,4.0,1,3.0
20700,2.0,3,2.0
20701,3.0,1,3.0
20702,5.0,5,4.0
20703,2.0,3,2.0
20704,3.0,1,3.0
20705,3.0,1,3.0
20706,3.0,1,3.0
20707,4.0,1,3.0
20708,5.0,5,4.0
20709,4.0,1,3.0
20710,3.0,9,1.0
20711,3.0,1,3.0
20712,5.0,5,4.0
20713,3.0,1,3.0
20714,2.0,3,2.0
20715,2.0,3,2.0
20716,3.0,1,3.0
20717,4.0,1,3.0
20718,3.0,1,3.0
20719,2.0,3,2.0
20720,3.0,1,3.0
20721,3.0,1,3.0
20722,3.0,1,3.0
20723,4.0,1,3.0
20724,5.0,5,4.0
20725,3.0,1,3.0
20726,3.0,1,3.0
20727,3.0,1,3.0
20728,2.0,3,2.0
20729,3.0,1,3.0
20730,4.0,1,3.0
20731,3.0,1,3.0
20732,3.0,1,3.0
20733,3.0,1,3.0
20734,3.0,1,3.0
20735,5.0,5,4.0
20736,4.0,1,3.0
20737,3.0,1,3.0
20738,2.0,3,2.0
20739,4.0,1,3.0
20740,5.0,5,4.0
20741,5.0,5,4.0
20742,5.0,5,4.0
20743,3.0,1,3.0
20744,3.0,1,3.0
20745,2.0,3,2.0
20746,3.0,1,3.0
20747,2.0,3,2.0
20748,3.0,1,3.0
20749,4.0,1,3.0
20750,2.0,3,2.0
20751,3.0,1,3.0
20752,2.0,3,2.0
20753,2.0,3,2.0
20754,3.0,1,3.0
20755,3.0,1,3.0
20756,3.0,1,3.0
20757,2.0,3,2.0
20758,2.0,3,2.0
20759,5.0,5,4.0
20760,5.0,5,4.0
20761,5.0,5,4.0
20762,5.0,5,4.0
20763,4.0,1,3.0
20764,3.0,1,3.0
20765,4.0,1,3.0
20766,3.0,1,3.0
20767,2.0,3,2.0
20768,3.0,1,3.0
20769,5.0,5,4.0
20770,3.0,1,3.0
20771,3.0,1,3.0
20772,3.0,1,3.0
20773,4.0,5,4.0
20774,3.0,1,3.0
20775,5.0,5,4.0
20776,3.0,1,3.0
20777,3.0,1,3.0
20778,2.0,3,2.0
20779,2.0,3,2.0
20780,3.0,1,3.0
20781,2.0,3,2.0
20782,3.0,1,3.0
20783,2.0,3,2.0
20784,5.0,5,4.0
20785,3.0,1,3.0
20786,2.0,3,2.0
20787,2.0,3,2.0
20788,2.0,3,2.0
20789,2.0,3,2.0
20790,5.0,5,4.0
20791,4.0,1,3.0
20792,5.0,5,4.0
20793,2.0,3,2.0
20794,4.0,1,3.0
20795,3.0,1,3.0
20796,3.0,1,3.0
20797,4.0,1,3.0
20798,4.0,1,3.0
20799,4.0,1,3.0
20800,2.0,3,2.0
20801,5.0,5,4.0
20802,5.0,4,5.0
20803,3.0,1,3.0
20804,3.0,1,3.0
20805,3.0,1,3.0
20806,3.0,1,3.0
20807,3.0,1,3.0
20808,2.0,3,2.0
20809,3.0,1,3.0
20810,3.0,1,3.0
20811,5.0,5,4.0
20812,5.0,5,4.0
20813,3.0,1,3.0
20814,3.0,1,3.0
20815,2.0,3,2.0
20816,2.0,3,2.0
20817,5.0,5,4.0
20818,2.0,3,2.0
20819,3.0,1,3.0
20820,3.0,1,3.0
20821,3.0,1,3.0
20822,3.0,1,3.0
20823,3.0,1,3.0
20824,5.0,5,4.0
20825,3.0,1,3.0
20826,3.0,1,3.0
20827,2.0,3,2.0
20828,2.0,3,2.0
20829,3.0,1,3.0
20830,2.0,3,2.0
20831,5.0,5,4.0
20832,5.0,5,4.0
20833,2.0,5,4.0
20834,4.0,1,3.0
20835,3.0,1,3.0
20836,4.0,1,3.0
20837,4.0,1,3.0
20838,3.0,1,3.0
20839,5.0,5,4.0
20840,5.0,5,4.0
20841,5.0,5,4.0
20842,4.0,5,4.0
20843,5.0,5,4.0
20844,2.0,3,2.0
20845,3.0,1,3.0
20846,2.0,3,2.0
20847,3.0,1,3.0
20848,4.0,5,4.0
20849,2.0,3,2.0
20850,4.0,1,3.0
20851,2.0,3,2.0
20852,3.0,1,3.0
20853,3.0,1,3.0
20854,5.0,5,4.0
20855,2.0,3,2.0
20856,2.0,3,2.0
20857,3.0,1,3.0
20858,3.0,1,3.0
20859,5.0,5,4.0
20860,4.0,1,3.0
20861,3.0,1,3.0
20862,5.0,5,4.0
20863,2.0,3,2.0
20864,5.0,5,4.0
20865,5.0,5,4.0
20866,5.0,5,4.0
20867,3.0,1,3.0
20868,3.0,1,3.0
20869,2.0,3,2.0
20870,3.0,1,3.0
20871,5.0,5,4.0
20872,5.0,5,4.0
20873,2.0,3,2.0
20874,3.0,1,3.0
20875,5.0,5,4.0
20876,3.0,1,3.0
20877,5.0,5,4.0
20878,3.0,1,3.0
20879,3.0,1,3.0
20880,3.0,1,3.0
20881,3.0,1,3.0
20882,3.0,1,3.0
20883,5.0,5,4.0
20884,5.0,5,4.0
20885,3.0,1,3.0
20886,2.0,3,2.0
20887,2.0,3,2.0
20888,3.0,1,3.0
20889,4.0,1,3.0
20890,5.0,5,4.0
20891,3.0,1,3.0
20892,5.0,4,5.0
20893,3.0,1,3.0
20894,3.0,1,3.0
20895,5.0,5,4.0
20896,3.0,1,3.0
20897,4.0,1,3.0
20898,3.0,1,3.0
20899,3.0,1,3.0
20900,5.0,5,4.0
20901,3.0,1,3.0
20902,3.0,1,3.0
20903,3.0,1,3.0
20904,2.0,3,2.0
20905,5.0,5,4.0
20906,3.0,1,3.0
20907,3.0,1,3.0
20908,3.0,1,3.0
20909,2.0,3,2.0
20910,4.0,1,3.0
20911,3.0,1,3.0
20912,3.0,1,3.0
20913,3.0,1,3.0
20914,5.0,5,4.0
20915,2.0,3,2.0
20916,3.0,1,3.0
20917,3.0,1,3.0
20918,3.0,1,3.0
20919,3.0,1,3.0
20920,4.0,1,3.0
20921,5.0,5,4.0
20922,3.0,1,3.0
20923,3.0,1,3.0
20924,4.0,1,3.0
20925,3.0,1,3.0
20926,3.0,1,3.0
20927,2.0,3,2.0
20928,3.0,1,3.0
20929,3.0,1,3.0
20930,2.0,3,2.0
20931,3.0,1,3.0
20932,2.0,3,2.0
20933,2.0,3,2.0
20934,4.0,1,3.0
20935,3.0,1,3.0
20936,4.0,1,3.0
20937,4.0,1,3.0
20938,2.0,3,2.0
20939,1.0,5,4.0
20940,3.0,1,3.0
20941,3.0,1,3.0
20942,5.0,5,4.0
20943,5.0,1,3.0
20944,2.0,3,2.0
20945,3.0,1,3.0
20946,2.0,3,2.0
20947,5.0,1,3.0
20948,2.0,3,2.0
20949,3.0,1,3.0
20950,4.0,1,3.0
20951,3.0,1,3.0
20952,3.0,1,3.0
20953,3.0,1,3.0
20954,3.0,1,3.0
20955,3.0,1,3.0
20956,3.0,1,3.0
20957,3.0,1,3.0
20958,3.0,1,3.0
20959,5.0,5,4.0
20960,4.0,1,3.0
20961,5.0,5,4.0
20962,2.0,3,2.0
20963,3.0,1,3.0
20964,3.0,1,3.0
20965,3.0,1,3.0
20966,5.0,5,4.0
20967,5.0,5,4.0
20968,3.0,1,3.0
20969,5.0,5,4.0
20970,2.0,5,4.0
20971,3.0,1,3.0
20972,2.0,3,2.0
20973,4.0,1,3.0
20974,4.0,1,3.0
20975,4.0,5,4.0
20976,2.0,3,2.0
20977,3.0,1,3.0
20978,4.0,5,4.0
20979,5.0,5,4.0
20980,2.0,3,2.0
20981,3.0,1,3.0
20982,4.0,1,3.0
20983,3.0,1,3.0
20984,3.0,1,3.0
20985,2.0,3,2.0
20986,2.0,3,2.0
20987,3.0,1,3.0
20988,3.0,1,3.0
20989,3.0,1,3.0
20990,3.0,1,3.0
20991,4.0,1,3.0
20992,3.0,1,3.0
20993,3.0,1,3.0
20994,2.0,5,4.0
20995,2.0,1,3.0
20996,4.0,1,3.0
20997,3.0,1,3.0
20998,2.0,3,2.0
20999,2.0,3,2.0
21000,4.0,1,3.0
21001,4.0,1,3.0
21002,5.0,5,4.0
21003,3.0,1,3.0
21004,3.0,1,3.0
21005,3.0,1,3.0
21006,5.0,9,1.0
21007,3.0,1,3.0
21008,3.0,1,3.0
21009,5.0,5,4.0
21010,3.0,1,3.0
21011,3.0,1,3.0
21012,2.0,3,2.0
21013,3.0,1,3.0
21014,2.0,3,2.0
21015,3.0,1,3.0
21016,5.0,5,4.0
21017,2.0,3,2.0
21018,3.0,1,3.0
21019,3.0,1,3.0
21020,3.0,1,3.0
21021,4.0,1,3.0
21022,4.0,1,3.0
21023,5.0,5,4.0
21024,3.0,1,3.0
21025,5.0,5,4.0
21026,3.0,1,3.0
21027,5.0,5,4.0
21028,3.0,1,3.0
21029,4.0,9,1.0
21030,4.0,1,3.0
21031,2.0,3,2.0
21032,4.0,1,3.0
21033,2.0,3,2.0
21034,2.0,3,2.0
21035,3.0,1,3.0
21036,3.0,1,3.0
21037,3.0,1,3.0
21038,3.0,1,3.0
21039,3.0,1,3.0
21040,2.0,3,2.0
21041,4.0,1,3.0
21042,2.0,3,2.0
21043,3.0,1,3.0
21044,5.0,5,4.0
21045,4.0,5,4.0
21046,3.0,1,3.0
21047,2.0,3,2.0
21048,3.0,1,3.0
21049,3.0,1,3.0
21050,3.0,1,3.0
21051,5.0,5,4.0
21052,3.0,1,3.0
21053,3.0,1,3.0
21054,3.0,1,3.0
21055,2.0,3,2.0
21056,3.0,1,3.0
21057,3.0,1,3.0
21058,3.0,1,3.0
21059,5.0,5,4.0
21060,3.0,1,3.0
21061,3.0,1,3.0
21062,5.0,5,4.0
21063,3.0,1,3.0
21064,3.0,1,3.0
21065,4.0,1,3.0
21066,2.0,3,2.0
21067,5.0,5,4.0
21068,3.0,1,3.0
21069,5.0,5,4.0
21070,3.0,1,3.0
21071,3.0,1,3.0
21072,2.0,3,2.0
21073,2.0,3,2.0
21074,3.0,1,3.0
21075,2.0,3,2.0
21076,2.0,3,2.0
21077,3.0,1,3.0
21078,3.0,1,3.0
21079,4.0,1,3.0
21080,3.0,1,3.0
21081,5.0,9,1.0
21082,3.0,1,3.0
21083,5.0,5,4.0
21084,5.0,5,4.0
21085,5.0,5,4.0
21086,4.0,1,3.0
21087,2.0,3,2.0
21088,4.0,1,3.0
21089,5.0,5,4.0
21090,3.0,1,3.0
21091,4.0,1,3.0
21092,3.0,1,3.0
21093,3.0,1,3.0
21094,4.0,1,3.0
21095,3.0,1,3.0
21096,3.0,1,3.0
21097,5.0,5,4.0
21098,3.0,1,3.0
21099,2.0,3,2.0
21100,5.0,5,4.0
21101,3.0,1,3.0
21102,2.0,3,2.0
21103,3.0,1,3.0
21104,3.0,1,3.0
21105,3.0,1,3.0
21106,3.0,1,3.0
21107,2.0,3,2.0
21108,3.0,1,3.0
21109,3.0,1,3.0
21110,3.0,1,3.0
21111,4.0,1,3.0
21112,2.0,3,2.0
21113,4.0,5,4.0
21114,2.0,3,2.0
21115,3.0,1,3.0
21116,5.0,5,4.0
21117,3.0,1,3.0
21118,5.0,5,4.0
21119,3.0,1,3.0
21120,2.0,3,2.0
21121,3.0,1,3.0
21122,5.0,5,4.0
21123,5.0,5,4.0
21124,3.0,1,3.0
21125,2.0,3,2.0
21126,2.0,3,2.0
21127,3.0,1,3.0
21128,3.0,1,3.0
21129,5.0,5,4.0
21130,2.0,3,2.0
21131,3.0,1,3.0
21132,5.0,5,4.0
21133,3.0,1,3.0
21134,4.0,1,3.0
21135,5.0,5,4.0
21136,3.0,1,3.0
21137,4.0,5,4.0
21138,3.0,1,3.0
21139,2.0,3,2.0
21140,3.0,1,3.0
21141,5.0,5,4.0
21142,2.0,3,2.0
21143,5.0,5,4.0
21144,3.0,1,3.0
21145,5.0,5,4.0
21146,3.0,1,3.0
21147,3.0,1,3.0
21148,3.0,1,3.0
21149,2.0,3,2.0
21150,3.0,1,3.0
21151,5.0,5,4.0
21152,5.0,5,4.0
21153,5.0,5,4.0
21154,5.0,5,4.0
21155,2.0,3,2.0
21156,4.0,1,3.0
21157,2.0,3,2.0
21158,2.0,3,2.0
21159,3.0,1,3.0
21160,4.0,1,3.0
21161,3.0,1,3.0
21162,4.0,1,3.0
21163,3.0,1,3.0
21164,2.0,3,2.0
21165,5.0,5,4.0
21166,3.0,1,3.0
21167,2.0,3,2.0
21168,4.0,1,3.0
21169,3.0,1,3.0
21170,3.0,1,3.0
21171,2.0,3,2.0
21172,4.0,1,3.0
21173,3.0,1,3.0
21174,3.0,1,3.0
21175,3.0,1,3.0
21176,3.0,1,3.0
21177,2.0,3,2.0
21178,5.0,5,4.0
21179,2.0,3,2.0
21180,5.0,5,4.0
21181,3.0,1,3.0
21182,3.0,1,3.0
21183,2.0,3,2.0
21184,3.0,1,3.0
21185,3.0,1,3.0
21186,2.0,3,2.0
21187,4.0,9,1.0
21188,5.0,5,4.0
21189,3.0,1,3.0
21190,5.0,5,4.0
21191,2.0,3,2.0
21192,3.0,1,3.0
21193,5.0,5,4.0
21194,3.0,1,3.0
21195,2.0,3,2.0
21196,3.0,1,3.0
21197,3.0,1,3.0
21198,3.0,1,3.0
21199,3.0,1,3.0
21200,4.0,1,3.0
21201,3.0,1,3.0
21202,3.0,1,3.0
21203,3.0,1,3.0
21204,4.0,1,3.0
21205,3.0,1,3.0
21206,2.0,3,2.0
21207,5.0,5,4.0
21208,3.0,1,3.0
21209,2.0,3,2.0
21210,2.0,3,2.0
21211,2.0,3,2.0
21212,3.0,1,3.0
21213,3.0,1,3.0
21214,3.0,1,3.0
21215,3.0,1,3.0
21216,2.0,3,2.0
21217,4.0,1,3.0
21218,3.0,1,3.0
21219,3.0,1,3.0
21220,3.0,1,3.0
21221,5.0,5,4.0
21222,5.0,5,4.0
21223,3.0,1,3.0
21224,3.0,1,3.0
21225,5.0,5,4.0
21226,3.0,1,3.0
21227,3.0,1,3.0
21228,3.0,1,3.0
21229,3.0,1,3.0
21230,4.0,1,3.0
21231,3.0,1,3.0
21232,3.0,1,3.0
21233,3.0,1,3.0
21234,3.0,1,3.0
21235,3.0,1,3.0
21236,3.0,1,3.0
21237,2.0,3,2.0
21238,5.0,5,4.0
21239,3.0,1,3.0
21240,5.0,5,4.0
21241,3.0,1,3.0
21242,3.0,1,3.0
21243,3.0,1,3.0
21244,3.0,1,3.0
21245,5.0,9,1.0
21246,4.0,1,3.0
21247,3.0,1,3.0
21248,5.0,5,4.0
21249,3.0,1,3.0
21250,3.0,1,3.0
21251,3.0,1,3.0
21252,3.0,1,3.0
21253,5.0,5,4.0
21254,3.0,1,3.0
21255,3.0,1,3.0
21256,4.0,5,4.0
21257,3.0,1,3.0
21258,3.0,1,3.0
21259,2.0,3,2.0
21260,2.0,3,2.0
21261,3.0,1,3.0
21262,3.0,1,3.0
21263,4.0,1,3.0
21264,3.0,1,3.0
21265,2.0,3,2.0
21266,2.0,3,2.0
21267,3.0,1,3.0
21268,3.0,1,3.0
21269,3.0,1,3.0
21270,2.0,1,3.0
21271,5.0,1,3.0
21272,4.0,1,3.0
21273,4.0,1,3.0
21274,3.0,1,3.0
21275,2.0,3,2.0
21276,3.0,1,3.0
21277,2.0,3,2.0
21278,5.0,5,4.0
21279,3.0,1,3.0
21280,2.0,3,2.0
21281,3.0,1,3.0
21282,2.0,3,2.0
21283,3.0,1,3.0
21284,2.0,7,6.0
21285,2.0,3,2.0
21286,3.0,1,3.0
21287,3.0,1,3.0
21288,4.0,1,3.0
21289,3.0,1,3.0
21290,3.0,1,3.0
21291,3.0,1,3.0
21292,3.0,1,3.0
21293,3.0,1,3.0
21294,3.0,1,3.0
21295,3.0,1,3.0
21296,2.0,3,2.0
21297,3.0,1,3.0
21298,3.0,1,3.0
21299,3.0,1,3.0
21300,4.0,1,3.0
21301,3.0,1,3.0
21302,3.0,1,3.0
21303,5.0,5,4.0
21304,3.0,1,3.0
21305,3.0,1,3.0
21306,3.0,1,3.0
21307,3.0,1,3.0
21308,3.0,1,3.0
21309,3.0,1,3.0
21310,3.0,1,3.0
21311,5.0,5,4.0
21312,5.0,5,4.0
21313,3.0,1,3.0
21314,3.0,1,3.0
21315,3.0,1,3.0
21316,3.0,1,3.0
21317,5.0,5,4.0
21318,3.0,1,3.0
21319,3.0,1,3.0
21320,5.0,5,4.0
21321,2.0,3,2.0
21322,4.0,5,4.0
21323,5.0,5,4.0
21324,5.0,5,4.0
21325,3.0,1,3.0
21326,3.0,1,3.0
21327,3.0,1,3.0
21328,3.0,1,3.0
21329,5.0,5,4.0
21330,3.0,1,3.0
21331,2.0,3,2.0
21332,2.0,3,2.0
21333,5.0,5,4.0
21334,3.0,1,3.0
21335,3.0,1,3.0
21336,5.0,9,1.0
21337,3.0,1,3.0
21338,4.0,1,3.0
21339,3.0,1,3.0
21340,5.0,5,4.0
21341,2.0,3,2.0
21342,5.0,5,4.0
21343,3.0,1,3.0
21344,2.0,3,2.0
21345,3.0,1,3.0
21346,3.0,1,3.0
21347,3.0,1,3.0
21348,3.0,1,3.0
21349,3.0,1,3.0
21350,3.0,1,3.0
21351,3.0,1,3.0
21352,2.0,3,2.0
21353,3.0,1,3.0
21354,3.0,1,3.0
21355,3.0,1,3.0
21356,2.0,3,2.0
21357,2.0,1,3.0
21358,2.0,3,2.0
21359,3.0,1,3.0
21360,3.0,1,3.0
21361,3.0,1,3.0
21362,3.0,1,3.0
21363,3.0,1,3.0
21364,5.0,5,4.0
21365,3.0,1,3.0
21366,5.0,5,4.0
21367,2.0,3,2.0
21368,5.0,5,4.0
21369,3.0,1,3.0
21370,3.0,9,1.0
21371,3.0,1,3.0
21372,5.0,5,4.0
21373,5.0,5,4.0
21374,2.0,3,2.0
21375,3.0,1,3.0
21376,3.0,1,3.0
21377,3.0,1,3.0
21378,3.0,1,3.0
21379,2.0,3,2.0
21380,3.0,1,3.0
21381,5.0,5,4.0
21382,3.0,1,3.0
21383,3.0,1,3.0
21384,3.0,1,3.0
21385,5.0,9,1.0
21386,3.0,1,3.0
21387,3.0,1,3.0
21388,3.0,1,3.0
21389,3.0,1,3.0
21390,3.0,1,3.0
21391,3.0,1,3.0
21392,2.0,1,3.0
21393,3.0,1,3.0
21394,5.0,5,4.0
21395,5.0,5,4.0
21396,3.0,1,3.0
21397,5.0,6,7.0
21398,2.0,3,2.0
21399,5.0,5,4.0
21400,3.0,1,3.0
21401,3.0,1,3.0
21402,5.0,5,4.0
21403,4.0,1,3.0
21404,4.0,1,3.0
21405,2.0,1,3.0
21406,5.0,5,4.0
21407,3.0,1,3.0
21408,3.0,1,3.0
21409,2.0,3,2.0
21410,3.0,1,3.0
21411,2.0,3,2.0
21412,3.0,1,3.0
21413,3.0,1,3.0
21414,3.0,1,3.0
21415,3.0,1,3.0
21416,3.0,1,3.0
21417,3.0,1,3.0
21418,3.0,1,3.0
21419,2.0,3,2.0
21420,3.0,1,3.0
21421,3.0,1,3.0
21422,3.0,1,3.0
21423,5.0,5,4.0
21424,4.0,1,3.0
21425,3.0,1,3.0
21426,3.0,1,3.0
21427,3.0,1,3.0
21428,2.0,3,2.0
21429,3.0,1,3.0
21430,2.0,3,2.0
21431,3.0,1,3.0
21432,3.0,1,3.0
21433,3.0,1,3.0
21434,3.0,1,3.0
21435,3.0,1,3.0
21436,3.0,1,3.0
21437,3.0,1,3.0
21438,3.0,1,3.0
21439,5.0,5,4.0
21440,5.0,5,4.0
21441,3.0,1,3.0
21442,5.0,5,4.0
21443,3.0,1,3.0
21444,3.0,1,3.0
21445,2.0,3,2.0
21446,3.0,1,3.0
21447,3.0,1,3.0
21448,5.0,5,4.0
21449,2.0,3,2.0
21450,2.0,3,2.0
21451,5.0,5,4.0
21452,3.0,1,3.0
21453,2.0,3,2.0
21454,3.0,1,3.0
21455,3.0,1,3.0
21456,3.0,1,3.0
21457,3.0,1,3.0
21458,3.0,1,3.0
21459,3.0,1,3.0
21460,5.0,5,4.0
21461,2.0,3,2.0
21462,2.0,3,2.0
21463,3.0,1,3.0
21464,5.0,5,4.0
21465,4.0,1,3.0
21466,3.0,1,3.0
21467,3.0,1,3.0
21468,4.0,1,3.0
21469,3.0,1,3.0
21470,5.0,5,4.0
21471,5.0,9,1.0
21472,3.0,1,3.0
21473,2.0,3,2.0
21474,2.0,3,2.0
21475,3.0,1,3.0
21476,5.0,5,4.0
21477,2.0,3,2.0
21478,5.0,5,4.0
21479,3.0,1,3.0
21480,3.0,1,3.0
21481,3.0,1,3.0
21482,3.0,1,3.0
21483,5.0,5,4.0
21484,3.0,1,3.0
21485,3.0,1,3.0
21486,3.0,1,3.0
21487,4.0,1,3.0
21488,3.0,1,3.0
21489,3.0,1,3.0
21490,3.0,1,3.0
21491,4.0,1,3.0
21492,3.0,1,3.0
21493,3.0,1,3.0
21494,2.0,3,2.0
21495,2.0,3,2.0
21496,3.0,1,3.0
21497,2.0,3,2.0
21498,3.0,1,3.0
21499,3.0,1,3.0
21500,3.0,1,3.0
21501,3.0,1,3.0
21502,3.0,1,3.0
21503,3.0,1,3.0
21504,2.0,0,6.0
21505,3.0,1,3.0
21506,5.0,5,4.0
21507,3.0,1,3.0
21508,4.0,1,3.0
21509,3.0,1,3.0
21510,5.0,5,4.0
21511,3.0,1,3.0
21512,3.0,1,3.0
21513,3.0,1,3.0
21514,3.0,1,3.0
21515,3.0,1,3.0
21516,3.0,1,3.0
21517,3.0,1,3.0
21518,3.0,1,3.0
21519,3.0,1,3.0
21520,3.0,1,3.0
21521,3.0,1,3.0
21522,3.0,1,3.0
21523,3.0,1,3.0
21524,4.0,1,3.0
21525,3.0,1,3.0
21526,3.0,1,3.0
21527,4.0,1,3.0
21528,5.0,5,4.0
21529,3.0,1,3.0
21530,5.0,5,4.0
21531,2.0,3,2.0
21532,3.0,1,3.0
21533,3.0,1,3.0
21534,4.0,1,3.0
21535,3.0,1,3.0
21536,3.0,1,3.0
21537,3.0,1,3.0
21538,3.0,1,3.0
21539,5.0,5,4.0
21540,2.0,3,2.0
21541,3.0,1,3.0
21542,4.0,1,3.0
21543,3.0,1,3.0
21544,3.0,1,3.0
21545,5.0,5,4.0
21546,3.0,1,3.0
21547,3.0,1,3.0
21548,3.0,1,3.0
21549,4.0,1,3.0
21550,3.0,1,3.0
21551,4.0,1,3.0
21552,3.0,1,3.0
21553,3.0,1,3.0
21554,5.0,5,4.0
21555,2.0,3,2.0
21556,5.0,5,4.0
21557,3.0,1,3.0
21558,5.0,5,4.0
21559,3.0,1,3.0
21560,3.0,1,3.0
21561,2.0,3,2.0
21562,3.0,1,3.0
21563,3.0,1,3.0
21564,5.0,5,4.0
21565,4.0,5,4.0
21566,3.0,1,3.0
21567,4.0,1,3.0
21568,3.0,1,3.0
21569,3.0,1,3.0
21570,3.0,1,3.0
21571,3.0,1,3.0
21572,3.0,1,3.0
21573,3.0,1,3.0
21574,5.0,4,5.0
21575,2.0,3,2.0
21576,5.0,5,4.0
21577,4.0,1,3.0
21578,3.0,1,3.0
21579,2.0,3,2.0
21580,2.0,3,2.0
21581,3.0,1,3.0
21582,2.0,3,2.0
21583,3.0,1,3.0
21584,5.0,5,4.0
21585,3.0,1,3.0
21586,4.0,1,3.0
21587,3.0,1,3.0
21588,3.0,1,3.0
21589,5.0,5,4.0
21590,5.0,5,4.0
21591,3.0,1,3.0
21592,4.0,1,3.0
21593,5.0,5,4.0
21594,3.0,1,3.0
21595,2.0,3,2.0
21596,3.0,1,3.0
21597,2.0,3,2.0
21598,3.0,1,3.0
21599,3.0,1,3.0
21600,3.0,1,3.0
21601,3.0,1,3.0
21602,3.0,1,3.0
21603,4.0,1,3.0
21604,3.0,1,3.0
21605,5.0,9,1.0
21606,3.0,1,3.0
21607,3.0,1,3.0
21608,3.0,1,3.0
21609,4.0,1,3.0
21610,2.0,3,2.0
21611,3.0,1,3.0
21612,5.0,5,4.0
21613,4.0,1,3.0
21614,5.0,5,4.0
21615,3.0,1,3.0
21616,3.0,1,3.0
21617,2.0,3,2.0
21618,2.0,6,7.0
21619,2.0,3,2.0
21620,4.0,1,3.0
21621,2.0,3,2.0
21622,3.0,1,3.0
21623,3.0,1,3.0
21624,2.0,1,3.0
21625,3.0,1,3.0
21626,4.0,9,1.0
21627,3.0,1,3.0
21628,5.0,4,5.0
21629,3.0,1,3.0
21630,2.0,3,2.0
21631,5.0,5,4.0
21632,2.0,3,2.0
21633,3.0,1,3.0
21634,2.0,3,2.0
21635,4.0,1,3.0
21636,5.0,5,4.0
21637,3.0,1,3.0
21638,3.0,1,3.0
21639,3.0,1,3.0
21640,3.0,1,3.0
21641,2.0,3,2.0
21642,3.0,1,3.0
21643,3.0,1,3.0
21644,5.0,5,4.0
21645,3.0,1,3.0
21646,4.0,1,3.0
21647,5.0,5,4.0
21648,3.0,1,3.0
21649,5.0,5,4.0
21650,3.0,1,3.0
21651,3.0,1,3.0
21652,3.0,1,3.0
21653,3.0,1,3.0
21654,3.0,1,3.0
21655,3.0,1,3.0
21656,3.0,1,3.0
21657,3.0,1,3.0
21658,3.0,1,3.0
21659,3.0,1,3.0
21660,3.0,1,3.0
21661,2.0,7,6.0
21662,3.0,1,3.0
21663,2.0,3,2.0
21664,3.0,1,3.0
21665,3.0,1,3.0
21666,5.0,5,4.0
21667,5.0,5,4.0
21668,3.0,1,3.0
21669,3.0,1,3.0
21670,5.0,5,4.0
21671,2.0,3,2.0
21672,3.0,1,3.0
21673,3.0,1,3.0
21674,3.0,1,3.0
21675,2.0,3,2.0
21676,5.0,5,4.0
21677,3.0,1,3.0
21678,2.0,3,2.0
21679,3.0,1,3.0
21680,3.0,1,3.0
21681,3.0,1,3.0
21682,3.0,1,3.0
21683,5.0,5,4.0
21684,5.0,5,4.0
21685,3.0,1,3.0
21686,3.0,1,3.0
21687,3.0,1,3.0
21688,3.0,1,3.0
21689,2.0,1,3.0
21690,3.0,1,3.0
21691,3.0,1,3.0
21692,3.0,1,3.0
21693,5.0,5,4.0
21694,3.0,1,3.0
21695,3.0,1,3.0
21696,3.0,1,3.0
21697,3.0,1,3.0
21698,3.0,1,3.0
21699,3.0,1,3.0
21700,3.0,1,3.0
21701,3.0,1,3.0
21702,4.0,9,1.0
21703,3.0,1,3.0
21704,4.0,1,3.0
21705,3.0,1,3.0
21706,2.0,3,2.0
21707,3.0,1,3.0
21708,3.0,1,3.0
21709,5.0,5,4.0
21710,4.0,1,3.0
21711,2.0,3,2.0
21712,4.0,1,3.0
21713,3.0,1,3.0
21714,4.0,5,4.0
21715,3.0,1,3.0
21716,5.0,5,4.0
21717,3.0,1,3.0
21718,3.0,1,3.0
21719,3.0,1,3.0
21720,3.0,1,3.0
21721,3.0,1,3.0
21722,2.0,3,2.0
21723,3.0,1,3.0
21724,3.0,1,3.0
21725,3.0,1,3.0
21726,3.0,1,3.0
21727,3.0,1,3.0
21728,5.0,5,4.0
21729,3.0,1,3.0
21730,3.0,1,3.0
21731,3.0,1,3.0
21732,3.0,1,3.0
21733,3.0,1,3.0
21734,3.0,1,3.0
21735,3.0,1,3.0
21736,3.0,1,3.0
21737,2.0,7,6.0
21738,3.0,1,3.0
21739,3.0,1,3.0
21740,4.0,1,3.0
21741,4.0,1,3.0
21742,3.0,1,3.0
21743,3.0,1,3.0
21744,3.0,1,3.0
21745,3.0,1,3.0
21746,4.0,1,3.0
21747,4.0,1,3.0
21748,4.0,1,3.0
21749,3.0,1,3.0
21750,2.0,3,2.0
21751,3.0,1,3.0
21752,5.0,5,4.0
21753,3.0,1,3.0
21754,5.0,5,4.0
21755,3.0,1,3.0
21756,3.0,1,3.0
21757,3.0,1,3.0
21758,3.0,1,3.0
21759,3.0,1,3.0
21760,3.0,1,3.0
21761,3.0,1,3.0
21762,3.0,1,3.0
21763,3.0,1,3.0
21764,4.0,1,3.0
21765,3.0,1,3.0
21766,5.0,5,4.0
21767,3.0,1,3.0
21768,2.0,3,2.0
21769,3.0,1,3.0
21770,5.0,5,4.0
21771,3.0,1,3.0
21772,3.0,1,3.0
21773,2.0,5,4.0
21774,3.0,1,3.0
21775,3.0,1,3.0
21776,3.0,1,3.0
21777,3.0,1,3.0
21778,3.0,1,3.0
21779,4.0,1,3.0
21780,5.0,5,4.0
21781,3.0,1,3.0
21782,3.0,1,3.0
21783,4.0,1,3.0
21784,3.0,1,3.0
21785,3.0,1,3.0
21786,5.0,5,4.0
21787,3.0,1,3.0
21788,3.0,1,3.0
21789,5.0,5,4.0
21790,3.0,1,3.0
21791,3.0,1,3.0
21792,3.0,1,3.0
21793,4.0,1,3.0
21794,3.0,1,3.0
21795,3.0,1,3.0
21796,3.0,1,3.0
21797,2.0,3,2.0
21798,3.0,1,3.0
21799,3.0,1,3.0
21800,3.0,1,3.0
21801,3.0,1,3.0
21802,2.0,5,4.0
21803,2.0,3,2.0
21804,4.0,1,3.0
21805,3.0,1,3.0
21806,3.0,1,3.0
21807,3.0,1,3.0
21808,5.0,4,5.0
21809,3.0,1,3.0
21810,3.0,1,3.0
21811,5.0,5,4.0
21812,5.0,5,4.0
21813,3.0,1,3.0
21814,3.0,1,3.0
21815,3.0,1,3.0
21816,3.0,1,3.0
21817,3.0,1,3.0
21818,3.0,1,3.0
21819,3.0,1,3.0
21820,3.0,1,3.0
21821,3.0,1,3.0
21822,3.0,1,3.0
21823,3.0,1,3.0
21824,5.0,5,4.0
21825,4.0,1,3.0
21826,3.0,1,3.0
21827,4.0,1,3.0
21828,2.0,3,2.0
21829,2.0,3,2.0
21830,2.0,3,2.0
21831,5.0,9,1.0
21832,3.0,1,3.0
21833,3.0,1,3.0
21834,3.0,1,3.0
21835,2.0,1,3.0
21836,2.0,1,3.0
21837,3.0,1,3.0
21838,3.0,1,3.0
21839,2.0,3,2.0
21840,3.0,1,3.0
21841,3.0,1,3.0
21842,3.0,1,3.0
21843,4.0,1,3.0
21844,3.0,1,3.0
21845,3.0,1,3.0
21846,3.0,1,3.0
21847,3.0,1,3.0
21848,3.0,1,3.0
21849,2.0,3,2.0
21850,3.0,1,3.0
21851,5.0,5,4.0
21852,3.0,1,3.0
21853,3.0,1,3.0
21854,5.0,5,4.0
21855,5.0,5,4.0
21856,4.0,1,3.0
21857,3.0,1,3.0
21858,3.0,1,3.0
21859,2.0,3,2.0
21860,3.0,1,3.0
21861,3.0,1,3.0
21862,5.0,5,4.0
21863,3.0,1,3.0
21864,3.0,1,3.0
21865,3.0,1,3.0
21866,3.0,1,3.0
21867,3.0,1,3.0
21868,3.0,1,3.0
21869,4.0,1,3.0
21870,3.0,1,3.0
21871,3.0,1,3.0
21872,5.0,5,4.0
21873,3.0,1,3.0
21874,4.0,1,3.0
21875,3.0,1,3.0
21876,3.0,1,3.0
21877,4.0,1,3.0
21878,3.0,1,3.0
21879,3.0,1,3.0
21880,3.0,1,3.0
21881,5.0,5,4.0
21882,3.0,1,3.0
21883,3.0,1,3.0
21884,5.0,5,4.0
21885,3.0,1,3.0
21886,5.0,5,4.0
21887,3.0,1,3.0
21888,2.0,3,2.0
21889,2.0,3,2.0
21890,3.0,1,3.0
21891,3.0,1,3.0
21892,2.0,3,2.0
21893,5.0,5,4.0
21894,3.0,1,3.0
21895,5.0,5,4.0
21896,3.0,1,3.0
21897,3.0,1,3.0
21898,5.0,5,4.0
21899,3.0,1,3.0
21900,4.0,5,4.0
21901,3.0,1,3.0
21902,3.0,1,3.0
21903,3.0,1,3.0
21904,3.0,1,3.0
21905,3.0,1,3.0
21906,3.0,1,3.0
21907,3.0,1,3.0
21908,4.0,1,3.0
21909,5.0,5,4.0
21910,3.0,1,3.0
21911,3.0,1,3.0
21912,3.0,1,3.0
21913,3.0,1,3.0
21914,3.0,1,3.0
21915,3.0,1,3.0
21916,2.0,1,3.0
21917,3.0,1,3.0
21918,3.0,1,3.0
21919,3.0,1,3.0
21920,3.0,1,3.0
21921,3.0,1,3.0
21922,3.0,1,3.0
21923,3.0,1,3.0
21924,3.0,1,3.0
21925,3.0,1,3.0
21926,5.0,5,4.0
21927,5.0,5,4.0
21928,5.0,5,4.0
21929,3.0,1,3.0
21930,3.0,1,3.0
21931,5.0,5,4.0
21932,5.0,5,4.0
21933,3.0,1,3.0
21934,3.0,1,3.0
21935,4.0,1,3.0
21936,3.0,1,3.0
21937,3.0,1,3.0
21938,4.0,1,3.0
21939,3.0,1,3.0
21940,3.0,1,3.0
21941,2.0,1,3.0
21942,5.0,5,4.0
21943,2.0,3,2.0
21944,3.0,1,3.0
21945,3.0,1,3.0
21946,3.0,1,3.0
21947,3.0,1,3.0
21948,3.0,1,3.0
21949,3.0,1,3.0
21950,3.0,1,3.0
21951,4.0,1,3.0
21952,5.0,5,4.0
21953,3.0,1,3.0
21954,3.0,1,3.0
21955,3.0,1,3.0
21956,5.0,5,4.0
21957,2.0,3,2.0
21958,3.0,1,3.0
21959,3.0,1,3.0
21960,3.0,1,3.0
21961,4.0,1,3.0
21962,3.0,1,3.0
21963,3.0,1,3.0
21964,2.0,3,2.0
21965,3.0,1,3.0
21966,4.0,1,3.0
21967,4.0,1,3.0
21968,3.0,1,3.0
21969,3.0,1,3.0
21970,5.0,9,1.0
21971,3.0,1,3.0
21972,3.0,1,3.0
21973,3.0,1,3.0
21974,3.0,1,3.0
21975,4.0,1,3.0
21976,5.0,5,4.0
21977,2.0,3,2.0
21978,2.0,3,2.0
21979,2.0,5,4.0
21980,5.0,5,4.0
21981,2.0,3,2.0
21982,3.0,1,3.0
21983,5.0,5,4.0
21984,3.0,1,3.0
21985,3.0,1,3.0
21986,3.0,1,3.0
21987,5.0,5,4.0
21988,3.0,1,3.0
21989,3.0,1,3.0
21990,5.0,5,4.0
21991,3.0,1,3.0
21992,3.0,1,3.0
21993,3.0,1,3.0
21994,3.0,1,3.0
21995,3.0,1,3.0
21996,3.0,1,3.0
21997,2.0,3,2.0
21998,3.0,1,3.0
21999,3.0,1,3.0
22000,4.0,1,3.0
22001,5.0,5,4.0
22002,3.0,1,3.0
22003,3.0,1,3.0
22004,3.0,1,3.0
22005,3.0,1,3.0
22006,3.0,1,3.0
22007,2.0,3,2.0
22008,4.0,1,3.0
22009,3.0,1,3.0
22010,3.0,1,3.0
22011,3.0,1,3.0
22012,3.0,1,3.0
22013,3.0,1,3.0
22014,2.0,3,2.0
22015,3.0,1,3.0
22016,3.0,1,3.0
22017,2.0,3,2.0
22018,3.0,1,3.0
22019,3.0,1,3.0
22020,3.0,1,3.0
22021,3.0,1,3.0
22022,3.0,1,3.0
22023,2.0,3,2.0
22024,3.0,1,3.0
22025,5.0,5,4.0
22026,4.0,1,3.0
22027,3.0,1,3.0
22028,3.0,1,3.0
22029,2.0,3,2.0
22030,3.0,1,3.0
22031,3.0,1,3.0
22032,2.0,3,2.0
22033,2.0,3,2.0
22034,2.0,3,2.0
22035,3.0,1,3.0
22036,5.0,5,4.0
22037,2.0,3,2.0
22038,3.0,1,3.0
22039,3.0,1,3.0
22040,3.0,1,3.0
22041,3.0,1,3.0
22042,5.0,5,4.0
22043,3.0,1,3.0
22044,2.0,3,2.0
22045,3.0,1,3.0
22046,3.0,1,3.0
22047,3.0,1,3.0
22048,5.0,5,4.0
22049,3.0,1,3.0
22050,5.0,5,4.0
22051,2.0,3,2.0
22052,3.0,1,3.0
22053,3.0,1,3.0
22054,3.0,1,3.0
22055,3.0,1,3.0
22056,5.0,5,4.0
22057,3.0,1,3.0
22058,3.0,1,3.0
22059,3.0,1,3.0
22060,3.0,1,3.0
22061,5.0,5,4.0
22062,5.0,5,4.0
22063,2.0,3,2.0
22064,2.0,3,2.0
22065,3.0,1,3.0
22066,3.0,1,3.0
22067,5.0,5,4.0
22068,3.0,1,3.0
22069,5.0,5,4.0
22070,3.0,1,3.0
22071,3.0,1,3.0
22072,3.0,1,3.0
22073,5.0,5,4.0
22074,2.0,3,2.0
22075,3.0,1,3.0
22076,3.0,1,3.0
22077,3.0,1,3.0
22078,3.0,1,3.0
22079,3.0,1,3.0
22080,3.0,1,3.0
22081,3.0,1,3.0
22082,5.0,5,4.0
22083,5.0,5,4.0
22084,5.0,5,4.0
22085,3.0,1,3.0
22086,3.0,1,3.0
22087,2.0,1,3.0
22088,3.0,1,3.0
22089,5.0,5,4.0
22090,4.0,1,3.0
22091,2.0,3,2.0
22092,2.0,3,2.0
22093,3.0,1,3.0
22094,3.0,1,3.0
22095,2.0,3,2.0
22096,3.0,1,3.0
22097,3.0,1,3.0
22098,4.0,1,3.0
22099,2.0,3,2.0
22100,3.0,1,3.0
22101,5.0,5,4.0
22102,3.0,1,3.0
22103,3.0,1,3.0
22104,3.0,1,3.0
22105,4.0,1,3.0
22106,3.0,1,3.0
22107,5.0,4,5.0
22108,5.0,5,4.0
22109,5.0,5,4.0
22110,3.0,1,3.0
22111,5.0,5,4.0
22112,2.0,3,2.0
22113,3.0,1,3.0
22114,3.0,1,3.0
22115,4.0,1,3.0
22116,4.0,1,3.0
22117,3.0,1,3.0
22118,3.0,1,3.0
22119,3.0,1,3.0
22120,4.0,1,3.0
22121,3.0,1,3.0
22122,3.0,1,3.0
22123,2.0,3,2.0
22124,3.0,1,3.0
22125,3.0,1,3.0
22126,3.0,1,3.0
22127,3.0,1,3.0
22128,3.0,1,3.0
22129,3.0,1,3.0
22130,3.0,1,3.0
22131,2.0,3,2.0
22132,2.0,3,2.0
22133,5.0,5,4.0
22134,2.0,3,2.0
22135,5.0,5,4.0
22136,5.0,5,4.0
22137,3.0,1,3.0
22138,3.0,1,3.0
22139,5.0,5,4.0
22140,5.0,5,4.0
22141,4.0,1,3.0
22142,3.0,1,3.0
22143,3.0,1,3.0
22144,3.0,1,3.0
22145,3.0,1,3.0
22146,3.0,1,3.0
22147,4.0,1,3.0
22148,5.0,5,4.0
22149,2.0,1,3.0
22150,2.0,3,2.0
22151,3.0,1,3.0
22152,3.0,1,3.0
22153,3.0,1,3.0
22154,5.0,9,1.0
22155,4.0,1,3.0
22156,3.0,1,3.0
22157,3.0,1,3.0
22158,3.0,1,3.0
22159,5.0,5,4.0
22160,3.0,1,3.0
22161,3.0,1,3.0
22162,3.0,1,3.0
22163,3.0,1,3.0
22164,5.0,5,4.0
22165,4.0,1,3.0
22166,3.0,1,3.0
22167,5.0,5,4.0
22168,3.0,1,3.0
22169,3.0,1,3.0
22170,3.0,1,3.0
22171,2.0,3,2.0
22172,3.0,1,3.0
22173,4.0,1,3.0
22174,3.0,1,3.0
22175,2.0,3,2.0
22176,3.0,1,3.0
22177,5.0,5,4.0
22178,3.0,1,3.0
22179,4.0,1,3.0
22180,2.0,3,2.0
22181,5.0,5,4.0
22182,3.0,1,3.0
22183,3.0,1,3.0
22184,3.0,1,3.0
22185,5.0,5,4.0
22186,3.0,1,3.0
22187,5.0,5,4.0
22188,5.0,5,4.0
22189,3.0,1,3.0
22190,3.0,1,3.0
22191,2.0,3,2.0
22192,3.0,1,3.0
22193,2.0,3,2.0
22194,3.0,1,3.0
22195,3.0,1,3.0
22196,2.0,3,2.0
22197,5.0,5,4.0
22198,3.0,1,3.0
22199,3.0,1,3.0
22200,3.0,1,3.0
22201,3.0,1,3.0
22202,3.0,1,3.0
22203,2.0,3,2.0
22204,3.0,1,3.0
22205,3.0,1,3.0
22206,2.0,1,3.0
22207,3.0,1,3.0
22208,2.0,3,2.0
22209,5.0,5,4.0
22210,3.0,1,3.0
22211,4.0,1,3.0
22212,3.0,1,3.0
22213,3.0,1,3.0
22214,3.0,1,3.0
22215,3.0,1,3.0
22216,3.0,1,3.0
22217,3.0,1,3.0
22218,3.0,1,3.0
22219,4.0,1,3.0
22220,5.0,5,4.0
22221,3.0,1,3.0
22222,3.0,1,3.0
22223,3.0,1,3.0
22224,3.0,1,3.0
22225,3.0,1,3.0
22226,2.0,3,2.0
22227,3.0,1,3.0
22228,5.0,5,4.0
22229,3.0,1,3.0
22230,3.0,1,3.0
22231,3.0,1,3.0
22232,3.0,1,3.0
22233,2.0,3,2.0
22234,3.0,1,3.0
22235,3.0,1,3.0
22236,3.0,1,3.0
22237,5.0,5,4.0
22238,3.0,1,3.0
22239,3.0,1,3.0
22240,5.0,5,4.0
22241,3.0,1,3.0
22242,5.0,5,4.0
22243,5.0,5,4.0
22244,3.0,1,3.0
22245,3.0,1,3.0
22246,3.0,1,3.0
22247,3.0,1,3.0
22248,3.0,1,3.0
22249,3.0,1,3.0
22250,5.0,5,4.0
22251,5.0,5,4.0
22252,3.0,1,3.0
22253,5.0,4,5.0
22254,3.0,1,3.0
22255,3.0,1,3.0
22256,3.0,1,3.0
22257,5.0,5,4.0
22258,3.0,1,3.0
22259,5.0,5,4.0
22260,5.0,5,4.0
22261,3.0,1,3.0
22262,2.0,3,2.0
22263,2.0,3,2.0
22264,3.0,1,3.0
22265,5.0,5,4.0
22266,3.0,1,3.0
22267,3.0,1,3.0
22268,3.0,1,3.0
22269,3.0,1,3.0
22270,3.0,1,3.0
22271,3.0,1,3.0
22272,3.0,1,3.0
22273,2.0,3,2.0
22274,3.0,1,3.0
22275,4.0,1,3.0
22276,2.0,3,2.0
22277,3.0,1,3.0
22278,3.0,1,3.0
22279,3.0,1,3.0
22280,3.0,1,3.0
22281,3.0,1,3.0
22282,5.0,5,4.0
22283,3.0,1,3.0
22284,3.0,1,3.0
22285,5.0,5,4.0
22286,5.0,9,1.0
22287,2.0,3,2.0
22288,3.0,1,3.0
22289,2.0,3,2.0
22290,4.0,1,3.0
22291,2.0,3,2.0
22292,3.0,1,3.0
22293,2.0,3,2.0
22294,5.0,5,4.0
22295,2.0,3,2.0
22296,3.0,1,3.0
22297,5.0,5,4.0
22298,3.0,1,3.0
22299,3.0,1,3.0
22300,3.0,1,3.0
22301,3.0,1,3.0
22302,5.0,5,4.0
22303,3.0,1,3.0
22304,3.0,1,3.0
22305,3.0,1,3.0
22306,3.0,1,3.0
22307,5.0,5,4.0
22308,3.0,1,3.0
22309,5.0,5,4.0
22310,2.0,3,2.0
22311,3.0,1,3.0
22312,3.0,1,3.0
22313,5.0,5,4.0
22314,3.0,1,3.0
22315,3.0,1,3.0
22316,5.0,9,1.0
22317,2.0,3,2.0
22318,4.0,1,3.0
22319,3.0,1,3.0
22320,2.0,3,2.0
22321,5.0,5,4.0
22322,2.0,3,2.0
22323,5.0,5,4.0
22324,3.0,1,3.0
22325,5.0,5,4.0
22326,2.0,3,2.0
22327,3.0,1,3.0
22328,3.0,1,3.0
22329,4.0,1,3.0
22330,5.0,5,4.0
22331,3.0,1,3.0
22332,3.0,1,3.0
22333,3.0,1,3.0
22334,3.0,1,3.0
22335,3.0,1,3.0
22336,4.0,1,3.0
22337,3.0,1,3.0
22338,3.0,1,3.0
22339,2.0,3,2.0
22340,3.0,1,3.0
22341,5.0,5,4.0
22342,5.0,5,4.0
22343,3.0,1,3.0
22344,3.0,1,3.0
22345,3.0,1,3.0
22346,3.0,1,3.0
22347,2.0,3,2.0
22348,3.0,1,3.0
22349,2.0,3,2.0
22350,3.0,1,3.0
22351,3.0,1,3.0
22352,5.0,5,4.0
22353,3.0,1,3.0
22354,3.0,1,3.0
22355,2.0,3,2.0
22356,3.0,1,3.0
22357,5.0,9,1.0
22358,4.0,1,3.0
22359,3.0,1,3.0
22360,2.0,3,2.0
22361,5.0,5,4.0
22362,3.0,1,3.0
22363,4.0,1,3.0
22364,3.0,1,3.0
22365,3.0,1,3.0
22366,2.0,3,2.0
22367,2.0,3,2.0
22368,3.0,1,3.0
22369,4.0,1,3.0
22370,3.0,1,3.0
22371,3.0,1,3.0
22372,3.0,1,3.0
22373,3.0,1,3.0
22374,3.0,1,3.0
22375,3.0,1,3.0
22376,3.0,1,3.0
22377,3.0,1,3.0
22378,4.0,5,4.0
22379,3.0,1,3.0
22380,3.0,1,3.0
22381,5.0,5,4.0
22382,3.0,1,3.0
22383,3.0,1,3.0
22384,2.0,3,2.0
22385,3.0,1,3.0
22386,2.0,1,3.0
22387,3.0,1,3.0
22388,2.0,3,2.0
22389,5.0,5,4.0
22390,3.0,1,3.0
22391,2.0,3,2.0
22392,5.0,5,4.0
22393,2.0,3,2.0
22394,2.0,3,2.0
22395,5.0,5,4.0
22396,3.0,1,3.0
22397,4.0,1,3.0
22398,2.0,3,2.0
22399,5.0,5,4.0
22400,2.0,3,2.0
22401,4.0,1,3.0
22402,3.0,1,3.0
22403,4.0,1,3.0
22404,5.0,5,4.0
22405,5.0,5,4.0
22406,3.0,1,3.0
22407,2.0,3,2.0
22408,3.0,1,3.0
22409,2.0,3,2.0
22410,3.0,1,3.0
22411,2.0,3,2.0
22412,3.0,1,3.0
22413,3.0,1,3.0
22414,3.0,1,3.0
22415,3.0,1,3.0
22416,3.0,1,3.0
22417,3.0,1,3.0
22418,5.0,5,4.0
22419,3.0,1,3.0
22420,3.0,1,3.0
22421,4.0,1,3.0
22422,3.0,1,3.0
22423,4.0,1,3.0
22424,3.0,1,3.0
22425,3.0,1,3.0
22426,2.0,3,2.0
22427,3.0,1,3.0
22428,2.0,3,2.0
22429,2.0,3,2.0
22430,3.0,1,3.0
22431,5.0,5,4.0
22432,3.0,1,3.0
22433,2.0,3,2.0
22434,4.0,1,3.0
22435,4.0,1,3.0
22436,5.0,5,4.0
22437,3.0,1,3.0
22438,3.0,1,3.0
22439,3.0,1,3.0
22440,4.0,1,3.0
22441,4.0,1,3.0
22442,3.0,1,3.0
22443,3.0,1,3.0
22444,4.0,1,3.0
22445,4.0,1,3.0
22446,3.0,1,3.0
22447,3.0,1,3.0
22448,3.0,1,3.0
22449,3.0,1,3.0
22450,2.0,7,6.0
22451,3.0,1,3.0
22452,3.0,1,3.0
22453,2.0,3,2.0
22454,3.0,1,3.0
22455,3.0,1,3.0
22456,3.0,1,3.0
22457,3.0,1,3.0
22458,3.0,1,3.0
22459,2.0,3,2.0
22460,2.0,3,2.0
22461,3.0,1,3.0
22462,3.0,1,3.0
22463,3.0,1,3.0
22464,3.0,1,3.0
22465,3.0,1,3.0
22466,3.0,1,3.0
22467,2.0,3,2.0
22468,3.0,1,3.0
22469,3.0,1,3.0
22470,2.0,3,2.0
22471,2.0,3,2.0
22472,5.0,5,4.0
22473,3.0,1,3.0
22474,2.0,3,2.0
22475,3.0,1,3.0
22476,5.0,5,4.0
22477,2.0,3,2.0
22478,3.0,1,3.0
22479,3.0,1,3.0
22480,5.0,5,4.0
22481,3.0,1,3.0
22482,3.0,1,3.0
22483,5.0,5,4.0
22484,3.0,1,3.0
22485,4.0,1,3.0
22486,3.0,1,3.0
22487,2.0,3,2.0
22488,2.0,3,2.0
22489,3.0,1,3.0
22490,3.0,1,3.0
22491,3.0,1,3.0
22492,3.0,1,3.0
22493,3.0,1,3.0
22494,3.0,1,3.0
22495,3.0,1,3.0
22496,3.0,1,3.0
22497,4.0,1,3.0
22498,3.0,1,3.0
22499,5.0,5,4.0
22500,4.0,1,3.0
22501,2.0,3,2.0
22502,3.0,1,3.0
22503,3.0,1,3.0
22504,3.0,1,3.0
22505,3.0,1,3.0
22506,3.0,1,3.0
22507,2.0,3,2.0
22508,3.0,1,3.0
22509,3.0,1,3.0
22510,4.0,3,2.0
22511,3.0,1,3.0
22512,3.0,1,3.0
22513,3.0,1,3.0
22514,3.0,1,3.0
22515,5.0,9,1.0
22516,3.0,1,3.0
22517,4.0,1,3.0
22518,3.0,1,3.0
22519,3.0,1,3.0
22520,3.0,1,3.0
22521,3.0,1,3.0
22522,3.0,1,3.0
22523,3.0,1,3.0
22524,5.0,5,4.0
22525,3.0,1,3.0
22526,4.0,1,3.0
22527,3.0,1,3.0
22528,3.0,1,3.0
22529,3.0,1,3.0
22530,2.0,1,3.0
22531,3.0,1,3.0
22532,3.0,1,3.0
22533,3.0,1,3.0
22534,4.0,5,4.0
22535,3.0,1,3.0
22536,5.0,5,4.0
22537,2.0,3,2.0
22538,3.0,1,3.0
22539,3.0,1,3.0
22540,3.0,1,3.0
22541,3.0,1,3.0
22542,3.0,1,3.0
22543,3.0,1,3.0
22544,2.0,3,2.0
22545,3.0,1,3.0
22546,3.0,1,3.0
22547,4.0,1,3.0
22548,3.0,1,3.0
22549,3.0,1,3.0
22550,2.0,3,2.0
22551,4.0,1,3.0
22552,3.0,1,3.0
22553,5.0,5,4.0
22554,3.0,1,3.0
22555,3.0,1,3.0
22556,3.0,1,3.0
22557,5.0,5,4.0
22558,5.0,5,4.0
22559,5.0,5,4.0
22560,5.0,5,4.0
22561,3.0,1,3.0
22562,4.0,1,3.0
22563,5.0,5,4.0
22564,3.0,1,3.0
22565,3.0,1,3.0
22566,3.0,1,3.0
22567,3.0,1,3.0
22568,2.0,3,2.0
22569,3.0,1,3.0
22570,5.0,5,4.0
22571,3.0,1,3.0
22572,3.0,1,3.0
22573,3.0,1,3.0
22574,2.0,3,2.0
22575,3.0,1,3.0
22576,2.0,7,6.0
22577,3.0,1,3.0
22578,3.0,1,3.0
22579,3.0,1,3.0
22580,3.0,1,3.0
22581,3.0,1,3.0
22582,3.0,1,3.0
22583,3.0,1,3.0
22584,3.0,1,3.0
22585,4.0,1,3.0
22586,3.0,1,3.0
22587,5.0,5,4.0
22588,3.0,1,3.0
22589,3.0,1,3.0
22590,3.0,1,3.0
22591,5.0,5,4.0
22592,3.0,1,3.0
22593,3.0,1,3.0
22594,5.0,5,4.0
22595,3.0,1,3.0
22596,3.0,1,3.0
22597,5.0,5,4.0
22598,3.0,1,3.0
22599,3.0,1,3.0
22600,3.0,1,3.0
22601,4.0,1,3.0
22602,3.0,1,3.0
22603,2.0,3,2.0
22604,3.0,1,3.0
22605,3.0,1,3.0
22606,3.0,1,3.0
22607,5.0,5,4.0
22608,3.0,1,3.0
22609,2.0,3,2.0
22610,3.0,1,3.0
22611,2.0,3,2.0
22612,5.0,5,4.0
22613,3.0,1,3.0
22614,3.0,1,3.0
22615,3.0,1,3.0
22616,5.0,5,4.0
22617,3.0,1,3.0
22618,2.0,3,2.0
22619,3.0,1,3.0
22620,4.0,1,3.0
22621,3.0,1,3.0
22622,3.0,1,3.0
22623,3.0,1,3.0
22624,5.0,5,4.0
22625,5.0,5,4.0
22626,3.0,1,3.0
22627,3.0,1,3.0
22628,5.0,5,4.0
22629,4.0,1,3.0
22630,3.0,1,3.0
22631,3.0,1,3.0
22632,3.0,1,3.0
22633,3.0,1,3.0
22634,5.0,5,4.0
22635,3.0,1,3.0
22636,3.0,1,3.0
22637,3.0,1,3.0
22638,5.0,5,4.0
22639,5.0,5,4.0
22640,2.0,3,2.0
22641,4.0,1,3.0
22642,3.0,1,3.0
22643,5.0,5,4.0
22644,3.0,1,3.0
22645,5.0,5,4.0
22646,4.0,1,3.0
22647,3.0,1,3.0
22648,3.0,1,3.0
22649,4.0,1,3.0
22650,2.0,3,2.0
22651,2.0,3,2.0
22652,2.0,3,2.0
22653,3.0,1,3.0
22654,3.0,1,3.0
22655,3.0,1,3.0
22656,3.0,1,3.0
22657,3.0,1,3.0
22658,2.0,3,2.0
22659,3.0,1,3.0
22660,2.0,3,2.0
22661,2.0,3,2.0
22662,3.0,1,3.0
22663,2.0,7,6.0
22664,3.0,1,3.0
22665,3.0,1,3.0
22666,3.0,1,3.0
22667,3.0,1,3.0
22668,3.0,1,3.0
22669,3.0,1,3.0
22670,3.0,1,3.0
22671,5.0,5,4.0
22672,3.0,1,3.0
22673,3.0,1,3.0
22674,2.0,3,2.0
22675,3.0,1,3.0
22676,3.0,1,3.0
22677,3.0,1,3.0
22678,3.0,1,3.0
22679,3.0,1,3.0
22680,3.0,1,3.0
22681,4.0,1,3.0
22682,3.0,1,3.0
22683,3.0,1,3.0
22684,3.0,1,3.0
22685,3.0,1,3.0
22686,2.0,3,2.0
22687,5.0,5,4.0
22688,4.0,1,3.0
22689,3.0,1,3.0
22690,3.0,1,3.0
22691,5.0,5,4.0
22692,4.0,1,3.0
22693,3.0,1,3.0
22694,3.0,1,3.0
22695,3.0,1,3.0
22696,3.0,1,3.0
22697,4.0,1,3.0
22698,3.0,1,3.0
22699,5.0,5,4.0
22700,2.0,3,2.0
22701,5.0,5,4.0
22702,3.0,1,3.0
22703,3.0,1,3.0
22704,4.0,1,3.0
22705,3.0,1,3.0
22706,4.0,1,3.0
22707,3.0,1,3.0
22708,3.0,1,3.0
22709,3.0,1,3.0
22710,3.0,1,3.0
22711,5.0,5,4.0
22712,2.0,3,2.0
22713,3.0,1,3.0
22714,3.0,1,3.0
22715,4.0,1,3.0
22716,3.0,1,3.0
22717,3.0,1,3.0
22718,2.0,1,3.0
22719,3.0,1,3.0
22720,2.0,3,2.0
22721,3.0,1,3.0
22722,3.0,1,3.0
22723,3.0,1,3.0
22724,5.0,5,4.0
22725,3.0,1,3.0
22726,3.0,1,3.0
22727,4.0,1,3.0
22728,3.0,1,3.0
22729,3.0,1,3.0
22730,2.0,3,2.0
22731,2.0,1,3.0
22732,4.0,5,4.0
22733,3.0,1,3.0
22734,5.0,5,4.0
22735,4.0,1,3.0
22736,3.0,1,3.0
22737,2.0,1,3.0
22738,3.0,1,3.0
22739,3.0,1,3.0
22740,3.0,1,3.0
22741,3.0,1,3.0
22742,2.0,3,2.0
22743,3.0,1,3.0
22744,2.0,3,2.0
22745,2.0,3,2.0
22746,2.0,3,2.0
22747,3.0,1,3.0
22748,5.0,5,4.0
22749,5.0,5,4.0
22750,3.0,1,3.0
22751,3.0,1,3.0
22752,2.0,3,2.0
22753,3.0,1,3.0
22754,3.0,1,3.0
22755,3.0,1,3.0
22756,3.0,1,3.0
22757,2.0,3,2.0
22758,2.0,3,2.0
22759,4.0,1,3.0
22760,3.0,1,3.0
22761,2.0,3,2.0
22762,5.0,5,4.0
22763,5.0,5,4.0
22764,3.0,1,3.0
22765,3.0,1,3.0
22766,2.0,3,2.0
22767,2.0,3,2.0
22768,3.0,1,3.0
22769,3.0,1,3.0
22770,3.0,1,3.0
22771,5.0,5,4.0
22772,3.0,1,3.0
22773,3.0,1,3.0
22774,3.0,1,3.0
22775,3.0,1,3.0
22776,3.0,1,3.0
22777,3.0,1,3.0
22778,2.0,3,2.0
22779,5.0,5,4.0
22780,2.0,3,2.0
22781,3.0,1,3.0
22782,3.0,1,3.0
22783,3.0,1,3.0
22784,3.0,1,3.0
22785,2.0,3,2.0
22786,3.0,1,3.0
22787,3.0,1,3.0
22788,2.0,3,2.0
22789,5.0,5,4.0
22790,3.0,1,3.0
22791,5.0,5,4.0
22792,3.0,1,3.0
22793,2.0,3,2.0
22794,3.0,1,3.0
22795,3.0,1,3.0
22796,3.0,1,3.0
22797,3.0,1,3.0
22798,3.0,1,3.0
22799,2.0,3,2.0
22800,2.0,3,2.0
22801,4.0,1,3.0
22802,3.0,1,3.0
22803,5.0,5,4.0
22804,4.0,5,4.0
22805,5.0,5,4.0
22806,3.0,1,3.0
22807,3.0,1,3.0
22808,5.0,5,4.0
22809,2.0,3,2.0
22810,3.0,1,3.0
22811,3.0,1,3.0
22812,5.0,5,4.0
22813,4.0,1,3.0
22814,5.0,5,4.0
22815,3.0,1,3.0
22816,2.0,3,2.0
22817,5.0,5,4.0
22818,3.0,1,3.0
22819,3.0,1,3.0
22820,3.0,1,3.0
22821,3.0,1,3.0
22822,4.0,1,3.0
22823,3.0,1,3.0
22824,3.0,1,3.0
22825,3.0,1,3.0
22826,3.0,1,3.0
22827,3.0,1,3.0
22828,3.0,1,3.0
22829,3.0,1,3.0
22830,4.0,9,1.0
22831,3.0,1,3.0
22832,5.0,5,4.0
22833,3.0,1,3.0
22834,3.0,1,3.0
22835,3.0,1,3.0
22836,3.0,1,3.0
22837,3.0,1,3.0
22838,5.0,5,4.0
22839,3.0,1,3.0
22840,3.0,1,3.0
22841,3.0,1,3.0
22842,3.0,1,3.0
22843,2.0,3,2.0
22844,3.0,1,3.0
22845,5.0,5,4.0
22846,2.0,3,2.0
22847,2.0,3,2.0
22848,3.0,1,3.0
22849,3.0,1,3.0
22850,3.0,1,3.0
22851,2.0,3,2.0
22852,3.0,1,3.0
22853,3.0,1,3.0
22854,5.0,5,4.0
22855,3.0,1,3.0
22856,5.0,5,4.0
22857,5.0,5,4.0
22858,3.0,1,3.0
22859,3.0,1,3.0
22860,5.0,5,4.0
22861,5.0,5,4.0
22862,3.0,1,3.0
22863,3.0,1,3.0
22864,3.0,1,3.0
22865,3.0,1,3.0
22866,3.0,1,3.0
22867,2.0,3,2.0
22868,3.0,1,3.0
22869,3.0,1,3.0
22870,3.0,1,3.0
22871,3.0,1,3.0
22872,3.0,1,3.0
22873,3.0,1,3.0
22874,4.0,1,3.0
22875,3.0,1,3.0
22876,2.0,3,2.0
22877,3.0,1,3.0
22878,5.0,5,4.0
22879,3.0,1,3.0
22880,5.0,5,4.0
22881,3.0,1,3.0
22882,5.0,5,4.0
22883,2.0,3,2.0
22884,4.0,1,3.0
22885,3.0,1,3.0
22886,3.0,1,3.0
22887,5.0,5,4.0
22888,3.0,1,3.0
22889,3.0,1,3.0
22890,3.0,1,3.0
22891,3.0,1,3.0
22892,3.0,1,3.0
22893,2.0,3,2.0
22894,2.0,3,2.0
22895,3.0,1,3.0
22896,2.0,3,2.0
22897,3.0,1,3.0
22898,4.0,1,3.0
22899,5.0,5,4.0
22900,3.0,1,3.0
22901,2.0,3,2.0
22902,3.0,1,3.0
22903,3.0,1,3.0
22904,5.0,5,4.0
22905,3.0,1,3.0
22906,2.0,3,2.0
22907,3.0,1,3.0
22908,3.0,1,3.0
22909,3.0,1,3.0
22910,3.0,1,3.0
22911,3.0,1,3.0
22912,5.0,5,4.0
22913,3.0,1,3.0
22914,3.0,1,3.0
22915,2.0,3,2.0
22916,2.0,3,2.0
22917,3.0,1,3.0
22918,5.0,5,4.0
22919,5.0,5,4.0
22920,3.0,1,3.0
22921,3.0,1,3.0
22922,5.0,5,4.0
22923,3.0,1,3.0
22924,3.0,1,3.0
22925,3.0,1,3.0
22926,3.0,1,3.0
22927,2.0,3,2.0
22928,3.0,1,3.0
22929,3.0,1,3.0
22930,3.0,1,3.0
22931,3.0,1,3.0
22932,3.0,1,3.0
22933,4.0,1,3.0
22934,3.0,1,3.0
22935,5.0,5,4.0
22936,3.0,1,3.0
22937,3.0,1,3.0
22938,3.0,1,3.0
22939,4.0,1,3.0
22940,4.0,1,3.0
22941,3.0,1,3.0
22942,4.0,1,3.0
22943,2.0,3,2.0
22944,5.0,5,4.0
22945,3.0,1,3.0
22946,3.0,1,3.0
22947,3.0,1,3.0
22948,3.0,1,3.0
22949,5.0,5,4.0
22950,3.0,1,3.0
22951,5.0,4,5.0
22952,3.0,1,3.0
22953,2.0,1,3.0
22954,2.0,3,2.0
22955,5.0,5,4.0
22956,4.0,5,4.0
22957,3.0,1,3.0
22958,3.0,1,3.0
22959,3.0,1,3.0
22960,3.0,1,3.0
22961,3.0,1,3.0
22962,3.0,1,3.0
22963,3.0,1,3.0
22964,3.0,1,3.0
22965,3.0,1,3.0
22966,3.0,1,3.0
22967,3.0,1,3.0
22968,4.0,1,3.0
22969,3.0,1,3.0
22970,3.0,1,3.0
22971,3.0,1,3.0
22972,2.0,3,2.0
22973,3.0,1,3.0
22974,3.0,1,3.0
22975,5.0,5,4.0
22976,3.0,1,3.0
22977,3.0,1,3.0
22978,3.0,1,3.0
22979,5.0,5,4.0
22980,3.0,1,3.0
22981,3.0,1,3.0
22982,3.0,1,3.0
22983,3.0,1,3.0
22984,3.0,1,3.0
22985,3.0,1,3.0
22986,3.0,1,3.0
22987,3.0,1,3.0
22988,3.0,1,3.0
22989,5.0,5,4.0
22990,5.0,5,4.0
22991,3.0,1,3.0
22992,5.0,5,4.0
22993,3.0,1,3.0
22994,3.0,1,3.0
22995,3.0,1,3.0
22996,3.0,1,3.0
22997,3.0,1,3.0
22998,3.0,1,3.0
22999,5.0,5,4.0
23000,3.0,1,3.0
23001,3.0,1,3.0
23002,3.0,1,3.0
23003,3.0,1,3.0
23004,3.0,1,3.0
23005,3.0,1,3.0
23006,3.0,1,3.0
23007,2.0,3,2.0
23008,3.0,1,3.0
23009,3.0,1,3.0
23010,4.0,1,3.0
23011,3.0,1,3.0
23012,3.0,1,3.0
23013,3.0,1,3.0
23014,2.0,3,2.0
23015,5.0,4,5.0
23016,4.0,1,3.0
23017,3.0,1,3.0
23018,3.0,1,3.0
23019,4.0,1,3.0
23020,2.0,7,6.0
23021,3.0,1,3.0
23022,2.0,3,2.0
23023,3.0,1,3.0
23024,5.0,5,4.0
23025,5.0,5,4.0
23026,3.0,1,3.0
23027,3.0,1,3.0
23028,2.0,7,6.0
23029,3.0,1,3.0
23030,3.0,1,3.0
23031,4.0,5,4.0
23032,5.0,5,4.0
23033,3.0,1,3.0
23034,3.0,1,3.0
23035,5.0,5,4.0
23036,5.0,5,4.0
23037,3.0,1,3.0
23038,4.0,1,3.0
23039,3.0,1,3.0
23040,3.0,1,3.0
23041,5.0,5,4.0
23042,3.0,1,3.0
23043,2.0,7,6.0
23044,3.0,1,3.0
23045,3.0,1,3.0
23046,3.0,1,3.0
23047,1.0,9,1.0
23048,3.0,1,3.0
23049,3.0,1,3.0
23050,3.0,1,3.0
23051,5.0,5,4.0
23052,3.0,1,3.0
23053,3.0,1,3.0
23054,3.0,1,3.0
23055,3.0,1,3.0
23056,2.0,3,2.0
23057,2.0,0,6.0
23058,5.0,5,4.0
23059,2.0,3,2.0
23060,4.0,1,3.0
23061,3.0,1,3.0
23062,3.0,1,3.0
23063,3.0,1,3.0
23064,3.0,1,3.0
23065,2.0,3,2.0
23066,3.0,1,3.0
23067,3.0,1,3.0
23068,2.0,7,6.0
23069,4.0,1,3.0
23070,4.0,1,3.0
23071,3.0,1,3.0
23072,5.0,5,4.0
23073,5.0,5,4.0
23074,2.0,3,2.0
23075,3.0,1,3.0
23076,4.0,9,1.0
23077,3.0,1,3.0
23078,2.0,3,2.0
23079,4.0,1,3.0
23080,3.0,1,3.0
23081,5.0,5,4.0
23082,3.0,1,3.0
23083,5.0,1,3.0
23084,5.0,5,4.0
23085,3.0,1,3.0
23086,3.0,1,3.0
23087,2.0,3,2.0
23088,2.0,3,2.0
23089,3.0,1,3.0
23090,3.0,1,3.0
23091,5.0,5,4.0
23092,3.0,1,3.0
23093,3.0,1,3.0
23094,3.0,1,3.0
23095,3.0,1,3.0
23096,3.0,1,3.0
23097,3.0,1,3.0
23098,5.0,5,4.0
23099,3.0,1,3.0
23100,3.0,1,3.0
23101,3.0,1,3.0
23102,3.0,1,3.0
23103,3.0,1,3.0
23104,3.0,1,3.0
23105,3.0,1,3.0
23106,3.0,1,3.0
23107,5.0,5,4.0
23108,2.0,3,2.0
23109,3.0,1,3.0
23110,3.0,1,3.0
23111,7.0,6,7.0
23112,3.0,1,3.0
23113,3.0,1,3.0
23114,5.0,5,4.0
23115,3.0,1,3.0
23116,5.0,5,4.0
23117,3.0,1,3.0
23118,3.0,1,3.0
23119,5.0,5,4.0
23120,3.0,1,3.0
23121,2.0,7,6.0
23122,5.0,5,4.0
23123,5.0,5,4.0
23124,3.0,1,3.0
23125,3.0,1,3.0
23126,3.0,1,3.0
23127,5.0,5,4.0
23128,3.0,1,3.0
23129,4.0,1,3.0
23130,2.0,3,2.0
23131,5.0,5,4.0
23132,4.0,1,3.0
23133,3.0,1,3.0
23134,3.0,1,3.0
23135,4.0,1,3.0
23136,3.0,1,3.0
23137,3.0,1,3.0
23138,3.0,1,3.0
23139,3.0,1,3.0
23140,3.0,1,3.0
23141,3.0,1,3.0
23142,4.0,1,3.0
23143,3.0,1,3.0
23144,2.0,3,2.0
23145,3.0,1,3.0
23146,4.0,1,3.0
23147,3.0,1,3.0
23148,4.0,5,4.0
23149,3.0,1,3.0
23150,2.0,1,3.0
23151,2.0,3,2.0
23152,3.0,1,3.0
23153,5.0,6,7.0
23154,3.0,1,3.0
23155,5.0,5,4.0
23156,3.0,1,3.0
23157,5.0,5,4.0
23158,5.0,5,4.0
23159,2.0,3,2.0
23160,3.0,1,3.0
23161,4.0,1,3.0
23162,3.0,1,3.0
23163,3.0,1,3.0
23164,3.0,1,3.0
23165,3.0,1,3.0
23166,5.0,5,4.0
23167,5.0,4,5.0
23168,4.0,1,3.0
23169,2.0,3,2.0
23170,5.0,1,3.0
23171,3.0,1,3.0
23172,3.0,1,3.0
23173,3.0,1,3.0
23174,5.0,5,4.0
23175,3.0,1,3.0
23176,3.0,3,2.0
23177,3.0,1,3.0
23178,5.0,5,4.0
23179,3.0,1,3.0
23180,4.0,1,3.0
23181,3.0,1,3.0
23182,5.0,5,4.0
23183,4.0,1,3.0
