cell_id,true_label,pred_label_raw,pred_label_aligned
0,5,5,5
1,5,5,5
2,4,5,5
3,5,5,5
4,5,5,5
5,5,5,5
6,5,5,5
7,5,5,5
8,5,5,5
9,5,5,5
10,5,5,5
11,5,5,5
12,5,5,5
13,3,0,3
14,5,5,5
15,4,5,5
16,3,0,3
17,4,5,5
18,5,5,5
19,4,5,5
20,5,5,5
21,5,5,5
22,3,0,3
23,5,5,5
24,5,5,5
25,3,0,3
26,3,0,3
27,5,5,5
28,5,5,5
29,3,0,3
30,5,5,5
31,5,5,5
32,5,5,5
33,4,5,5
34,3,0,3
35,5,5,5
36,3,0,3
37,4,5,5
38,5,5,5
39,2,4,2
40,4,5,5
41,5,5,5
42,5,5,5
43,3,0,3
44,5,5,5
45,5,5,5
46,3,0,3
47,5,5,5
48,3,0,3
49,5,5,5
50,5,5,5
51,3,3,4
52,3,0,3
53,5,5,5
54,4,5,5
55,3,0,3
56,5,5,5
57,3,0,3
58,5,5,5
59,5,5,5
60,5,5,5
61,3,0,3
62,3,0,3
63,5,5,5
64,3,0,3
65,3,0,3
66,4,5,5
67,3,0,3
68,3,0,3
69,3,0,3
70,3,3,4
71,5,5,5
72,5,5,5
73,3,3,4
74,5,5,5
75,3,0,3
76,3,0,3
77,5,5,5
78,3,0,3
79,5,5,5
80,3,0,3
81,5,5,5
82,5,5,5
83,3,0,3
84,4,5,5
85,5,5,5
86,5,5,5
87,5,5,5
88,5,5,5
89,5,5,5
90,3,0,3
91,3,0,3
92,5,5,5
93,4,5,5
94,5,5,5
95,3,0,3
96,3,0,3
97,5,5,5
98,5,5,5
99,4,5,5
100,5,5,5
101,4,5,5
102,5,5,5
103,5,5,5
104,5,5,5
105,5,5,5
106,3,0,3
107,3,0,3
108,3,0,3
109,5,5,5
110,5,5,5
111,3,0,3
112,4,3,4
113,3,0,3
114,5,5,5
115,5,5,5
116,6,6,6
117,5,5,5
118,5,5,5
119,3,0,3
120,5,5,5
121,5,5,5
122,5,5,5
123,3,0,3
124,5,5,5
125,5,5,5
126,5,5,5
127,3,0,3
128,3,0,3
129,3,0,3
130,5,5,5
131,3,0,3
132,3,0,3
133,5,5,5
134,5,5,5
135,5,5,5
136,5,5,5
137,5,5,5
138,4,5,5
139,4,5,5
140,5,5,5
141,5,5,5
142,4,5,5
143,5,5,5
144,5,5,5
145,5,5,5
146,5,5,5
147,4,5,5
148,3,0,3
149,3,0,3
150,5,5,5
151,5,5,5
152,5,5,5
153,5,5,5
154,5,5,5
155,5,5,5
156,3,0,3
157,5,5,5
158,3,0,3
159,3,0,3
160,5,5,5
161,5,5,5
162,3,0,3
163,5,5,5
164,5,5,5
165,4,5,5
166,5,5,5
167,5,5,5
168,2,4,2
169,5,5,5
170,3,0,3
171,5,5,5
172,3,0,3
173,5,5,5
174,3,0,3
175,5,5,5
176,5,5,5
177,5,5,5
178,5,5,5
179,5,5,5
180,4,5,5
181,3,0,3
182,5,5,5
183,5,5,5
184,5,5,5
185,5,5,5
186,5,5,5
187,5,5,5
188,5,5,5
189,4,5,5
190,3,0,3
191,3,0,3
192,5,5,5
193,3,0,3
194,5,5,5
195,3,0,3
196,5,5,5
197,3,0,3
198,3,0,3
199,5,5,5
200,3,0,3
201,3,0,3
202,5,5,5
203,5,5,5
204,3,0,3
205,5,5,5
206,4,5,5
207,5,5,5
208,5,5,5
209,3,0,3
210,3,0,3
211,4,5,5
212,4,5,5
213,5,5,5
214,3,0,3
215,3,3,4
216,3,0,3
217,5,5,5
218,5,5,5
219,5,5,5
220,3,0,3
221,5,5,5
222,5,5,5
223,5,5,5
224,5,5,5
225,5,5,5
226,3,0,3
227,3,3,4
228,3,0,3
229,3,0,3
230,5,5,5
231,5,5,5
232,5,5,5
233,3,0,3
234,5,5,5
235,7,1,7
236,5,5,5
237,3,0,3
238,5,5,5
239,3,0,3
240,3,0,3
241,3,0,3
242,5,5,5
243,5,5,5
244,3,0,3
245,5,5,5
246,4,5,5
247,5,5,5
248,5,5,5
249,3,0,3
250,3,3,4
251,5,5,5
252,4,5,5
253,5,5,5
254,5,5,5
255,3,0,3
256,5,5,5
257,5,5,5
258,5,5,5
259,5,5,5
260,3,0,3
261,5,5,5
262,5,5,5
263,5,5,5
264,5,5,5
265,3,3,4
266,4,5,5
267,5,5,5
268,2,1,7
269,5,5,5
270,3,0,3
271,5,5,5
272,3,0,3
273,5,5,5
274,2,4,2
275,5,5,5
276,5,5,5
277,5,5,5
278,5,5,5
279,5,5,5
280,5,5,5
281,5,5,5
282,3,0,3
283,3,0,3
284,5,5,5
285,3,0,3
286,5,5,5
287,5,5,5
288,3,3,4
289,3,0,3
290,5,5,5
291,5,5,5
292,3,0,3
293,3,0,3
294,3,0,3
295,3,0,3
296,5,5,5
297,3,0,3
298,3,3,4
299,5,5,5
300,5,5,5
301,5,5,5
302,4,5,5
303,3,0,3
304,4,5,5
305,5,5,5
306,5,5,5
307,5,5,5
308,5,5,5
309,5,5,5
310,3,0,3
311,5,5,5
312,2,4,2
313,3,0,3
314,5,5,5
315,5,5,5
316,5,5,5
317,3,0,3
318,5,5,5
319,5,5,5
320,5,5,5
321,5,5,5
322,3,0,3
323,5,5,5
324,5,5,5
325,5,5,5
326,4,5,5
327,5,5,5
328,5,5,5
329,5,5,5
330,3,0,3
331,4,5,5
332,5,5,5
333,3,0,3
334,5,5,5
335,5,5,5
336,2,4,2
337,5,5,5
338,3,0,3
339,3,0,3
340,3,0,3
341,5,5,5
342,3,0,3
343,4,5,5
344,3,0,3
345,3,0,3
346,5,5,5
347,3,0,3
348,5,5,5
349,5,5,5
350,5,5,5
351,5,5,5
352,3,0,3
353,3,0,3
354,3,0,3
355,5,5,5
356,5,5,5
357,3,0,3
358,5,5,5
359,3,3,4
360,5,5,5
361,2,4,2
362,3,0,3
363,5,5,5
364,3,0,3
365,5,5,5
366,5,5,5
367,5,5,5
368,3,0,3
369,3,0,3
370,2,4,2
371,3,0,3
372,5,5,5
373,5,5,5
374,5,5,5
375,5,5,5
376,5,5,5
377,3,0,3
378,5,5,5
379,5,5,5
380,3,0,3
381,5,5,5
382,5,5,5
383,3,0,3
384,3,0,3
385,5,5,5
386,5,5,5
387,4,5,5
388,3,0,3
389,5,5,5
390,5,5,5
391,5,5,5
392,5,5,5
393,3,0,3
394,5,5,5
395,3,0,3
396,5,5,5
397,5,5,5
398,3,0,3
399,4,3,4
400,3,0,3
401,5,5,5
402,5,5,5
403,4,5,5
404,3,0,3
405,5,5,5
406,5,5,5
407,5,5,5
408,4,5,5
409,3,0,3
410,4,5,5
411,3,0,3
412,3,0,3
413,2,4,2
414,5,5,5
415,3,0,3
416,3,0,3
417,5,5,5
418,4,5,5
419,5,5,5
420,3,0,3
421,3,0,3
422,5,5,5
423,5,5,5
424,5,5,5
425,5,5,5
426,3,0,3
427,2,4,2
428,5,5,5
429,5,5,5
430,5,5,5
431,3,3,4
432,4,5,5
433,5,5,5
434,3,3,4
435,3,0,3
436,3,0,3
437,5,5,5
438,3,0,3
439,5,5,5
440,5,5,5
441,5,5,5
442,3,0,3
443,5,5,5
444,5,5,5
445,5,5,5
446,3,0,3
447,4,5,5
448,5,5,5
449,3,0,3
450,4,5,5
451,5,5,5
452,5,5,5
453,5,5,5
454,5,5,5
455,3,0,3
456,5,5,5
457,5,5,5
458,3,0,3
459,5,5,5
460,5,5,5
461,3,0,3
462,5,5,5
463,5,5,5
464,3,0,3
465,5,5,5
466,3,0,3
467,5,5,5
468,3,3,4
469,3,0,3
470,3,0,3
471,3,0,3
472,5,5,5
473,3,0,3
474,2,4,2
475,5,5,5
476,5,5,5
477,5,5,5
478,3,0,3
479,5,5,5
480,5,5,5
481,5,5,5
482,3,0,3
483,5,5,5
484,3,3,4
485,5,5,5
486,3,0,3
487,5,5,5
488,5,5,5
489,5,5,5
490,3,0,3
491,3,3,4
492,5,5,5
493,5,5,5
494,3,0,3
495,2,4,2
496,5,5,5
497,5,5,5
498,3,0,3
499,5,5,5
500,5,5,5
501,5,5,5
502,5,5,5
503,3,0,3
504,5,5,5
505,5,5,5
506,2,4,2
507,3,0,3
508,5,5,5
509,5,5,5
510,5,5,5
511,3,0,3
512,5,5,5
513,3,0,3
514,3,0,3
515,5,5,5
516,5,5,5
517,5,5,5
518,4,5,5
519,5,5,5
520,5,5,5
521,5,5,5
522,5,5,5
523,5,5,5
524,5,5,5
525,5,5,5
526,3,0,3
527,3,0,3
528,3,0,3
529,5,5,5
530,3,0,3
531,5,5,5
532,5,5,5
533,5,5,5
534,5,5,5
535,5,5,5
536,5,5,5
537,5,5,5
538,5,5,5
539,3,0,3
540,5,5,5
541,5,5,5
542,3,3,4
543,3,3,4
544,5,5,5
545,5,5,5
546,3,0,3
547,5,5,5
548,2,4,2
549,4,5,5
550,5,5,5
551,5,5,5
552,5,5,5
553,3,0,3
554,3,3,4
555,5,5,5
556,3,0,3
557,3,0,3
558,5,5,5
559,5,5,5
560,5,5,5
561,5,5,5
562,5,5,5
563,5,5,5
564,5,5,5
565,3,0,3
566,2,4,2
567,5,5,5
568,5,5,5
569,3,0,3
570,5,5,5
571,5,5,5
572,5,5,5
573,5,5,5
574,3,0,3
575,3,0,3
576,3,0,3
577,3,0,3
578,5,5,5
579,3,0,3
580,5,5,5
581,3,0,3
582,3,0,3
583,5,5,5
584,5,5,5
585,5,5,5
586,3,0,3
587,3,0,3
588,5,5,5
589,5,5,5
590,3,0,3
591,5,5,5
592,5,5,5
593,5,5,5
594,3,0,3
595,4,5,5
596,5,5,5
597,3,0,3
598,5,5,5
599,3,0,3
600,5,5,5
601,5,5,5
602,3,0,3
603,3,5,5
604,3,0,3
605,5,5,5
606,3,0,3
607,4,5,5
608,5,5,5
609,3,0,3
610,3,0,3
611,5,5,5
612,5,5,5
613,3,3,4
614,3,0,3
615,5,5,5
616,5,5,5
617,3,0,3
618,5,5,5
619,3,0,3
620,5,5,5
621,4,3,4
622,3,0,3
623,3,0,3
624,5,5,5
625,5,5,5
626,5,5,5
627,5,5,5
628,3,0,3
629,2,4,2
630,3,0,3
631,5,5,5
632,5,5,5
633,5,5,5
634,5,5,5
635,5,5,5
636,5,5,5
637,5,5,5
638,5,5,5
639,5,5,5
640,3,0,3
641,5,5,5
642,5,5,5
643,3,0,3
644,3,0,3
645,5,5,5
646,5,5,5
647,5,5,5
648,5,5,5
649,4,5,5
650,3,0,3
651,3,0,3
652,3,0,3
653,5,5,5
654,5,5,5
655,5,5,5
656,5,5,5
657,5,5,5
658,5,5,5
659,3,3,4
660,5,5,5
661,3,0,3
662,3,0,3
663,5,5,5
664,3,0,3
665,4,5,5
666,5,5,5
667,5,5,5
668,3,0,3
669,5,5,5
670,3,0,3
671,5,5,5
672,3,0,3
673,3,3,4
674,3,0,3
675,5,5,5
676,5,5,5
677,5,5,5
678,5,5,5
679,3,0,3
680,5,5,5
681,5,5,5
682,5,5,5
683,4,5,5
684,5,5,5
685,5,5,5
686,3,0,3
687,3,0,3
688,5,5,5
689,3,0,3
690,5,5,5
691,3,0,3
692,5,5,5
693,5,5,5
694,5,5,5
695,5,5,5
696,5,5,5
697,3,0,3
698,5,5,5
699,3,0,3
700,3,0,3
701,5,5,5
702,3,0,3
703,5,5,5
704,5,5,5
705,5,5,5
706,5,5,5
707,4,5,5
708,5,5,5
709,5,5,5
710,5,5,5
711,5,5,5
712,3,0,3
713,3,0,3
714,5,5,5
715,5,5,5
716,4,5,5
717,5,5,5
718,5,5,5
719,5,5,5
720,5,5,5
721,3,0,3
722,2,4,2
723,3,0,3
724,3,0,3
725,5,5,5
726,5,5,5
727,5,5,5
728,5,5,5
729,5,5,5
730,3,0,3
731,5,5,5
732,5,5,5
733,5,5,5
734,5,5,5
735,5,5,5
736,5,5,5
737,5,5,5
738,5,5,5
739,3,0,3
740,5,5,5
741,5,5,5
742,5,5,5
743,5,5,5
744,3,0,3
745,4,5,5
746,3,0,3
747,5,5,5
748,3,0,3
749,4,5,5
750,5,5,5
751,5,5,5
752,3,0,3
753,5,5,5
754,5,5,5
755,5,5,5
756,5,5,5
757,5,5,5
758,5,5,5
759,5,5,5
760,3,3,4
761,3,0,3
762,5,5,5
763,3,0,3
764,5,5,5
765,5,5,5
766,3,0,3
767,5,5,5
768,5,5,5
769,3,0,3
770,3,0,3
771,3,0,3
772,3,0,3
773,3,0,3
774,5,5,5
775,5,5,5
776,5,5,5
777,5,5,5
778,3,0,3
779,3,0,3
780,5,5,5
781,5,5,5
782,4,5,5
783,3,0,3
784,4,5,5
785,5,5,5
786,5,5,5
787,5,5,5
788,5,5,5
789,5,5,5
790,3,0,3
791,3,0,3
792,4,5,5
793,5,5,5
794,4,5,5
795,5,5,5
796,3,0,3
797,3,0,3
798,5,5,5
799,3,0,3
800,5,5,5
801,3,0,3
802,5,5,5
803,5,5,5
804,5,5,5
805,5,5,5
806,3,0,3
807,5,5,5
808,5,5,5
809,3,0,3
810,5,5,5
811,3,0,3
812,5,5,5
813,3,0,3
814,5,5,5
815,5,5,5
816,5,5,5
817,5,5,5
818,5,5,5
819,5,5,5
820,5,5,5
821,5,5,5
822,5,5,5
823,3,0,3
824,3,0,3
825,3,0,3
826,5,5,5
827,3,0,3
828,5,5,5
829,5,5,5
830,3,0,3
831,5,5,5
832,3,0,3
833,5,5,5
834,3,0,3
835,5,5,5
836,5,5,5
837,5,5,5
838,5,5,5
839,5,5,5
840,5,5,5
841,3,0,3
842,3,0,3
843,5,5,5
844,3,0,3
845,3,0,3
846,3,0,3
847,2,4,2
848,3,0,3
849,5,5,5
850,5,5,5
851,5,5,5
852,5,5,5
853,4,5,5
854,5,5,5
855,5,5,5
856,5,5,5
857,5,5,5
858,3,0,3
859,5,5,5
860,3,3,4
861,5,5,5
862,2,4,2
863,5,5,5
864,3,0,3
865,3,0,3
866,3,0,3
867,5,5,5
868,5,5,5
869,4,5,5
870,3,0,3
871,5,5,5
872,5,5,5
873,2,4,2
874,3,3,4
875,5,5,5
876,5,5,5
877,5,5,5
878,5,5,5
879,3,0,3
880,3,0,3
881,5,5,5
882,5,5,5
883,5,5,5
884,4,5,5
885,5,5,5
886,3,0,3
887,5,5,5
888,5,5,5
889,5,5,5
890,4,5,5
891,3,0,3
892,5,5,5
893,3,0,3
894,4,5,5
895,5,5,5
896,3,0,3
897,5,5,5
898,5,5,5
899,3,0,3
900,3,0,3
901,3,0,3
902,5,5,5
903,3,0,3
904,5,5,5
905,5,5,5
906,5,5,5
907,5,5,5
908,3,0,3
909,5,5,5
910,4,5,5
911,5,5,5
912,5,5,5
913,5,5,5
914,3,0,3
915,5,5,5
916,5,5,5
917,5,5,5
918,5,5,5
919,5,5,5
920,3,0,3
921,3,0,3
922,5,5,5
923,5,5,5
924,4,5,5
925,3,0,3
926,5,5,5
927,3,0,3
928,3,0,3
929,4,5,5
930,3,0,3
931,5,5,5
932,3,0,3
933,3,0,3
934,5,5,5
935,3,0,3
936,3,0,3
937,5,5,5
938,3,0,3
939,5,5,5
940,4,5,5
941,3,0,3
942,5,5,5
943,5,5,5
944,3,0,3
945,3,0,3
946,4,5,5
947,5,5,5
948,3,0,3
949,5,5,5
950,5,5,5
951,5,5,5
952,3,0,3
953,4,5,5
954,4,5,5
955,5,5,5
956,4,5,5
957,3,0,3
958,5,5,5
959,5,5,5
960,3,0,3
961,5,5,5
962,5,5,5
963,5,5,5
964,5,5,5
965,5,5,5
966,3,0,3
967,5,5,5
968,5,5,5
969,3,0,3
970,5,5,5
971,5,5,5
972,4,5,5
973,5,5,5
974,5,5,5
975,5,5,5
976,5,5,5
977,3,0,3
978,5,5,5
979,3,0,3
980,4,5,5
981,5,5,5
982,5,5,5
983,3,0,3
984,3,0,3
985,5,5,5
986,5,5,5
987,2,4,2
988,5,5,5
989,5,5,5
990,4,5,5
991,5,5,5
992,5,5,5
993,3,0,3
994,5,5,5
995,5,5,5
996,5,5,5
997,3,0,3
998,3,0,3
999,5,5,5
1000,3,0,3
1001,4,5,5
1002,4,5,5
1003,3,0,3
1004,5,5,5
1005,5,5,5
1006,5,5,5
1007,2,4,2
1008,5,5,5
1009,5,5,5
1010,3,0,3
1011,5,5,5
1012,5,5,5
1013,5,5,5
1014,5,5,5
1015,5,5,5
1016,5,5,5
1017,5,5,5
1018,5,5,5
1019,5,5,5
1020,5,5,5
1021,5,5,5
1022,5,5,5
1023,5,5,5
1024,5,5,5
1025,5,5,5
1026,5,5,5
1027,3,0,3
1028,5,5,5
1029,5,5,5
1030,5,5,5
1031,5,5,5
1032,3,0,3
1033,3,0,3
1034,3,0,3
1035,4,5,5
1036,3,0,3
1037,5,5,5
1038,3,0,3
1039,3,0,3
1040,3,0,3
1041,5,5,5
1042,3,0,3
1043,5,5,5
1044,5,5,5
1045,5,5,5
1046,5,5,5
1047,3,0,3
1048,5,5,5
1049,5,5,5
1050,5,5,5
1051,5,5,5
1052,4,5,5
1053,4,5,5
1054,3,0,3
1055,5,5,5
1056,5,5,5
1057,3,0,3
1058,5,5,5
1059,5,5,5
1060,5,5,5
1061,5,5,5
1062,5,5,5
1063,4,5,5
1064,5,5,5
1065,4,5,5
1066,5,5,5
1067,4,5,5
1068,5,5,5
1069,3,0,3
1070,5,5,5
1071,5,5,5
1072,5,5,5
1073,5,5,5
1074,3,0,3
1075,5,5,5
1076,3,0,3
1077,5,5,5
1078,3,0,3
1079,4,5,5
1080,3,0,3
1081,5,5,5
1082,5,5,5
1083,5,5,5
1084,3,0,3
1085,5,5,5
1086,5,5,5
1087,5,5,5
1088,5,5,5
1089,5,5,5
1090,4,5,5
1091,3,0,3
1092,5,5,5
1093,5,5,5
1094,3,0,3
1095,5,5,5
1096,3,0,3
1097,5,5,5
1098,5,5,5
1099,3,3,4
1100,3,0,3
1101,5,5,5
1102,4,5,5
1103,4,5,5
1104,3,0,3
1105,3,0,3
1106,5,5,5
1107,5,5,5
1108,5,5,5
1109,5,5,5
1110,5,5,5
1111,3,0,3
1112,3,0,3
1113,5,5,5
1114,5,5,5
1115,3,0,3
1116,3,0,3
1117,5,5,5
1118,5,5,5
1119,5,5,5
1120,3,0,3
1121,5,5,5
1122,2,4,2
1123,4,5,5
1124,5,5,5
1125,5,5,5
1126,7,1,7
1127,3,0,3
1128,3,0,3
1129,5,5,5
1130,5,5,5
1131,5,5,5
1132,3,0,3
1133,5,5,5
1134,5,5,5
1135,5,5,5
1136,3,3,4
1137,3,0,3
1138,5,5,5
1139,3,0,3
1140,2,4,2
1141,3,0,3
1142,3,0,3
1143,4,5,5
1144,5,5,5
1145,5,5,5
1146,4,5,5
1147,3,0,3
1148,5,5,5
1149,4,5,5
1150,3,0,3
1151,3,0,3
1152,5,5,5
1153,5,5,5
1154,5,5,5
1155,3,0,3
1156,3,0,3
1157,5,5,5
1158,5,5,5
1159,5,5,5
1160,5,5,5
1161,5,5,5
1162,5,5,5
1163,5,5,5
1164,5,5,5
1165,5,5,5
1166,5,5,5
1167,5,5,5
1168,4,5,5
1169,5,5,5
1170,5,5,5
1171,3,0,3
1172,3,0,3
1173,5,5,5
1174,5,5,5
1175,5,5,5
1176,3,0,3
1177,5,5,5
1178,5,5,5
1179,5,5,5
1180,3,0,3
1181,4,5,5
1182,3,0,3
1183,3,0,3
1184,5,5,5
1185,5,5,5
1186,5,5,5
1187,5,5,5
1188,5,5,5
1189,3,0,3
1190,3,0,3
1191,5,5,5
1192,5,5,5
1193,3,0,3
1194,5,5,5
1195,5,5,5
1196,5,5,5
1197,5,5,5
1198,3,0,3
1199,5,5,5
1200,5,5,5
1201,5,5,5
1202,3,0,3
1203,4,5,5
1204,5,5,5
1205,5,5,5
1206,5,5,5
1207,3,0,3
1208,5,5,5
1209,3,0,3
1210,5,5,5
1211,5,5,5
1212,5,5,5
1213,3,3,4
1214,5,5,5
1215,5,5,5
1216,5,5,5
1217,4,5,5
1218,4,5,5
1219,5,5,5
1220,5,5,5
1221,5,5,5
1222,3,0,3
1223,3,0,3
1224,4,5,5
1225,5,5,5
1226,5,5,5
1227,3,0,3
1228,3,0,3
1229,5,5,5
1230,5,5,5
1231,3,0,3
1232,5,5,5
1233,3,0,3
1234,5,5,5
1235,3,0,3
1236,5,5,5
1237,5,5,5
1238,5,5,5
1239,5,5,5
1240,5,5,5
1241,5,5,5
1242,5,5,5
1243,3,0,3
1244,5,5,5
1245,5,5,5
1246,3,0,3
1247,3,0,3
1248,5,5,5
1249,5,5,5
1250,5,5,5
1251,5,5,5
1252,5,5,5
1253,5,5,5
1254,5,5,5
1255,5,5,5
1256,5,5,5
1257,3,0,3
1258,5,5,5
1259,5,5,5
1260,5,5,5
1261,5,5,5
1262,5,5,5
1263,4,5,5
1264,5,5,5
1265,5,5,5
1266,5,5,5
1267,5,5,5
1268,5,5,5
1269,3,0,3
1270,3,0,3
1271,3,0,3
1272,3,0,3
1273,3,0,3
1274,3,0,3
1275,5,5,5
1276,3,0,3
1277,5,5,5
1278,4,5,5
1279,3,0,3
1280,5,5,5
1281,5,5,5
1282,2,4,2
1283,3,0,3
1284,5,5,5
1285,3,0,3
1286,5,5,5
1287,5,5,5
1288,3,0,3
1289,3,0,3
1290,5,5,5
1291,5,5,5
1292,4,5,5
1293,5,5,5
1294,4,5,5
1295,5,5,5
1296,5,5,5
1297,5,5,5
1298,3,0,3
1299,5,5,5
1300,5,5,5
1301,3,0,3
1302,3,0,3
1303,3,0,3
1304,3,0,3
1305,5,5,5
1306,5,5,5
1307,3,0,3
1308,5,5,5
1309,5,5,5
1310,3,0,3
1311,3,0,3
1312,5,5,5
1313,3,0,3
1314,5,5,5
1315,5,5,5
1316,5,5,5
1317,5,5,5
1318,5,5,5
1319,3,0,3
1320,3,0,3
1321,4,3,4
1322,3,0,3
1323,4,5,5
1324,3,0,3
1325,3,0,3
1326,2,4,2
1327,5,5,5
1328,5,5,5
1329,5,5,5
1330,3,0,3
1331,5,5,5
1332,3,0,3
1333,5,5,5
1334,5,5,5
1335,5,5,5
1336,5,5,5
1337,3,0,3
1338,4,5,5
1339,5,5,5
1340,3,0,3
1341,5,5,5
1342,3,0,3
1343,5,5,5
1344,5,5,5
1345,4,5,5
1346,5,5,5
1347,3,0,3
1348,3,0,3
1349,4,5,5
1350,5,5,5
1351,5,5,5
1352,3,0,3
1353,5,5,5
1354,4,5,5
1355,5,5,5
1356,5,5,5
1357,5,5,5
1358,5,5,5
1359,3,0,3
1360,5,5,5
1361,5,5,5
1362,5,5,5
1363,5,5,5
1364,5,5,5
1365,5,5,5
1366,3,0,3
1367,5,5,5
1368,5,5,5
1369,5,5,5
1370,5,5,5
1371,5,5,5
1372,5,5,5
1373,5,5,5
1374,5,5,5
1375,3,0,3
1376,5,5,5
1377,5,5,5
1378,5,5,5
1379,3,0,3
1380,5,5,5
1381,5,5,5
1382,5,5,5
1383,3,0,3
1384,5,5,5
1385,3,0,3
1386,5,5,5
1387,5,5,5
1388,3,0,3
1389,5,5,5
1390,3,0,3
1391,5,5,5
1392,5,5,5
1393,4,5,5
1394,3,0,3
1395,5,5,5
1396,3,0,3
1397,3,3,4
1398,5,5,5
1399,5,5,5
1400,3,0,3
1401,5,5,5
1402,3,0,3
1403,5,5,5
1404,2,4,2
1405,5,5,5
1406,5,5,5
1407,3,0,3
1408,5,5,5
1409,5,5,5
1410,5,5,5
1411,5,5,5
1412,5,5,5
1413,4,5,5
1414,5,5,5
1415,3,0,3
1416,5,5,5
1417,5,5,5
1418,3,0,3
1419,5,5,5
1420,5,5,5
1421,3,0,3
1422,5,5,5
1423,5,5,5
1424,5,5,5
1425,5,5,5
1426,5,5,5
1427,5,5,5
1428,3,0,3
1429,5,5,5
1430,4,5,5
1431,3,0,3
1432,5,5,5
1433,4,5,5
1434,5,5,5
1435,5,5,5
1436,4,5,5
1437,4,5,5
1438,4,5,5
1439,5,5,5
1440,4,0,3
1441,3,0,3
1442,5,5,5
1443,3,0,3
1444,3,0,3
1445,4,5,5
1446,5,5,5
1447,4,5,5
1448,5,5,5
1449,3,0,3
1450,4,5,5
1451,3,0,3
1452,5,5,5
1453,4,5,5
1454,5,5,5
1455,3,0,3
1456,3,0,3
1457,5,5,5
1458,3,0,3
1459,3,0,3
1460,3,0,3
1461,3,0,3
1462,3,0,3
1463,3,0,3
1464,4,5,5
1465,3,0,3
1466,3,0,3
1467,3,0,3
1468,3,0,3
1469,5,5,5
1470,3,0,3
1471,3,0,3
1472,3,3,4
1473,5,5,5
1474,3,0,3
1475,3,0,3
1476,3,0,3
1477,4,5,5
1478,5,5,5
1479,3,0,3
1480,3,0,3
1481,3,0,3
1482,5,5,5
1483,4,5,5
1484,3,0,3
1485,3,0,3
1486,3,0,3
1487,5,5,5
1488,3,0,3
1489,3,0,3
1490,5,5,5
1491,5,5,5
1492,3,0,3
1493,3,0,3
1494,3,0,3
1495,3,0,3
1496,3,0,3
1497,3,0,3
1498,5,5,5
1499,5,5,5
1500,3,0,3
1501,5,5,5
1502,3,0,3
1503,3,0,3
1504,3,0,3
1505,5,5,5
1506,3,0,3
1507,3,0,3
1508,5,5,5
1509,3,0,3
1510,5,5,5
1511,5,5,5
1512,3,0,3
1513,3,0,3
1514,3,0,3
1515,5,5,5
1516,3,0,3
1517,5,5,5
1518,5,5,5
1519,3,0,3
1520,3,0,3
1521,3,0,3
1522,3,0,3
1523,5,5,5
1524,3,0,3
1525,3,0,3
1526,3,0,3
1527,3,0,3
1528,3,0,3
1529,5,5,5
1530,5,5,5
1531,5,5,5
1532,3,0,3
1533,5,5,5
1534,4,5,5
1535,3,0,3
1536,3,0,3
1537,4,5,5
1538,3,0,3
1539,3,0,3
1540,3,0,3
1541,3,0,3
1542,5,5,5
1543,3,0,3
1544,5,5,5
1545,3,0,3
1546,3,0,3
1547,3,0,3
1548,5,5,5
1549,2,4,2
1550,3,0,3
1551,3,0,3
1552,3,0,3
1553,3,0,3
1554,3,0,3
1555,5,5,5
1556,3,0,3
1557,3,0,3
1558,5,5,5
1559,5,5,5
1560,4,5,5
1561,5,5,5
1562,3,0,3
1563,4,5,5
1564,4,5,5
1565,5,5,5
1566,4,5,5
1567,5,5,5
1568,3,0,3
1569,3,0,3
1570,3,0,3
1571,3,0,3
1572,4,5,5
1573,3,0,3
1574,5,5,5
1575,3,0,3
1576,3,0,3
1577,5,5,5
1578,5,5,5
1579,3,0,3
1580,3,3,4
1581,3,0,3
1582,3,0,3
1583,4,5,5
1584,3,0,3
1585,3,0,3
1586,2,4,2
1587,3,0,3
1588,3,0,3
1589,3,0,3
1590,3,0,3
1591,3,0,3
1592,3,0,3
1593,3,0,3
1594,3,0,3
1595,3,0,3
1596,3,0,3
1597,3,0,3
1598,5,5,5
1599,3,0,3
1600,3,0,3
1601,3,0,3
1602,3,0,3
1603,3,0,3
1604,3,0,3
1605,4,5,5
1606,3,0,3
1607,5,5,5
1608,3,0,3
1609,3,0,3
1610,3,0,3
1611,3,0,3
1612,5,5,5
1613,5,5,5
1614,3,0,3
1615,3,0,3
1616,5,5,5
1617,3,0,3
1618,5,5,5
1619,3,0,3
1620,3,0,3
1621,4,5,5
1622,3,0,3
1623,3,0,3
1624,3,0,3
1625,3,0,3
1626,3,0,3
1627,5,5,5
1628,4,5,5
1629,5,5,5
1630,5,5,5
1631,3,0,3
1632,5,5,5
1633,3,0,3
1634,3,0,3
1635,3,0,3
1636,3,0,3
1637,5,5,5
1638,3,0,3
1639,5,5,5
1640,3,0,3
1641,3,0,3
1642,3,0,3
1643,5,5,5
1644,5,5,5
1645,5,5,5
1646,5,5,5
1647,3,0,3
1648,3,0,3
1649,5,5,5
1650,5,5,5
1651,3,0,3
1652,5,5,5
1653,3,0,3
1654,3,0,3
1655,3,0,3
1656,3,0,3
1657,4,5,5
1658,3,0,3
1659,3,0,3
1660,3,0,3
1661,3,0,3
1662,3,0,3
1663,5,5,5
1664,3,0,3
1665,5,5,5
1666,3,0,3
1667,5,5,5
1668,5,5,5
1669,3,0,3
1670,3,0,3
1671,3,0,3
1672,3,0,3
1673,3,0,3
1674,4,5,5
1675,5,5,5
1676,4,5,5
1677,5,5,5
1678,5,5,5
1679,3,0,3
1680,4,5,5
1681,4,5,5
1682,5,5,5
1683,2,4,2
1684,5,5,5
1685,3,0,3
1686,5,5,5
1687,3,0,3
1688,3,0,3
1689,3,0,3
1690,3,0,3
1691,2,4,2
1692,3,0,3
1693,3,0,3
1694,5,5,5
1695,3,0,3
1696,3,0,3
1697,3,0,3
1698,3,0,3
1699,3,0,3
1700,3,0,3
1701,3,0,3
1702,3,0,3
1703,3,0,3
1704,3,0,3
1705,3,0,3
1706,3,0,3
1707,5,5,5
1708,5,5,5
1709,3,0,3
1710,3,0,3
1711,3,0,3
1712,4,5,5
1713,3,0,3
1714,5,5,5
1715,3,0,3
1716,4,5,5
1717,3,0,3
1718,3,0,3
1719,3,0,3
1720,5,5,5
1721,3,0,3
1722,3,0,3
1723,4,5,5
1724,3,0,3
1725,3,0,3
1726,3,0,3
1727,3,0,3
1728,3,0,3
1729,5,5,5
1730,5,5,5
1731,3,0,3
1732,4,5,5
1733,5,5,5
1734,3,0,3
1735,5,5,5
1736,3,0,3
1737,5,5,5
1738,3,0,3
1739,3,0,3
1740,3,0,3
1741,3,0,3
1742,3,0,3
1743,5,5,5
1744,5,5,5
1745,5,5,5
1746,3,0,3
1747,3,0,3
1748,3,0,3
1749,5,5,5
1750,3,0,3
1751,3,0,3
1752,3,0,3
1753,3,0,3
1754,3,0,3
1755,3,0,3
1756,5,5,5
1757,3,0,3
1758,3,0,3
1759,5,5,5
1760,5,5,5
1761,3,0,3
1762,3,0,3
1763,5,5,5
1764,3,0,3
1765,3,0,3
1766,4,5,5
1767,3,0,3
1768,3,0,3
1769,5,5,5
1770,3,0,3
1771,5,5,5
1772,5,5,5
1773,3,0,3
1774,3,0,3
1775,3,0,3
1776,4,5,5
1777,3,0,3
1778,5,5,5
1779,5,5,5
1780,3,0,3
1781,3,0,3
1782,3,0,3
1783,3,0,3
1784,5,5,5
1785,3,0,3
1786,3,0,3
1787,5,5,5
1788,3,0,3
1789,5,5,5
1790,3,0,3
1791,4,5,5
1792,5,5,5
1793,3,3,4
1794,5,5,5
1795,3,0,3
1796,3,0,3
1797,3,0,3
1798,3,0,3
1799,3,0,3
1800,5,5,5
1801,3,0,3
1802,5,5,5
1803,5,5,5
1804,3,0,3
1805,3,0,3
1806,3,0,3
1807,3,0,3
1808,3,0,3
1809,3,0,3
1810,5,5,5
1811,3,0,3
1812,5,5,5
1813,3,0,3
1814,5,5,5
1815,3,0,3
1816,5,5,5
1817,3,0,3
1818,3,0,3
1819,3,0,3
1820,5,5,5
1821,5,5,5
1822,5,5,5
1823,3,0,3
1824,3,0,3
1825,5,5,5
1826,3,0,3
1827,3,0,3
1828,4,5,5
1829,4,5,5
1830,5,5,5
1831,3,0,3
1832,3,0,3
1833,5,5,5
1834,3,0,3
1835,3,0,3
1836,5,5,5
1837,3,0,3
1838,5,5,5
1839,5,5,5
1840,3,0,3
1841,3,0,3
1842,3,0,3
1843,5,5,5
1844,2,4,2
1845,5,5,5
1846,3,0,3
1847,3,0,3
1848,5,5,5
1849,3,3,4
1850,5,5,5
1851,3,0,3
1852,3,0,3
1853,3,0,3
1854,3,0,3
1855,5,5,5
1856,3,0,3
1857,3,0,3
1858,3,0,3
1859,3,0,3
1860,3,0,3
1861,3,0,3
1862,3,0,3
1863,3,0,3
1864,3,0,3
1865,5,5,5
1866,3,0,3
1867,3,0,3
1868,3,0,3
1869,3,0,3
1870,4,5,5
1871,5,5,5
1872,5,5,5
1873,5,5,5
1874,3,0,3
1875,5,5,5
1876,3,0,3
1877,5,5,5
1878,3,0,3
1879,5,5,5
1880,4,5,5
1881,3,0,3
1882,5,5,5
1883,5,5,5
1884,5,5,5
1885,3,0,3
1886,5,5,5
1887,2,0,3
1888,3,0,3
1889,3,0,3
1890,3,0,3
1891,3,0,3
1892,5,5,5
1893,3,0,3
1894,3,0,3
1895,3,0,3
1896,3,0,3
1897,3,0,3
1898,5,5,5
1899,3,0,3
1900,4,5,5
1901,4,5,5
1902,5,5,5
1903,3,0,3
1904,4,5,5
1905,3,0,3
1906,5,5,5
1907,5,5,5
1908,5,5,5
1909,5,5,5
1910,4,5,5
1911,5,5,5
1912,4,5,5
1913,3,0,3
1914,3,0,3
1915,5,5,5
1916,5,5,5
1917,3,0,3
1918,4,5,5
1919,3,3,4
1920,3,0,3
1921,3,0,3
1922,3,0,3
1923,3,0,3
1924,3,0,3
1925,3,0,3
1926,3,0,3
1927,3,0,3
1928,3,0,3
1929,4,5,5
1930,3,0,3
1931,3,0,3
1932,3,0,3
1933,3,0,3
1934,5,5,5
1935,3,0,3
1936,3,0,3
1937,3,0,3
1938,5,5,5
1939,5,5,5
1940,5,5,5
1941,5,5,5
1942,5,5,5
1943,3,0,3
1944,3,0,3
1945,5,5,5
1946,3,0,3
1947,3,0,3
1948,3,0,3
1949,3,0,3
1950,5,5,5
1951,5,5,5
1952,3,0,3
1953,3,0,3
1954,3,0,3
1955,3,0,3
1956,5,5,5
1957,2,4,2
1958,5,5,5
1959,3,0,3
1960,3,0,3
1961,3,0,3
1962,3,0,3
1963,5,5,5
1964,5,5,5
1965,3,0,3
1966,3,0,3
1967,3,0,3
1968,3,0,3
1969,3,0,3
1970,3,0,3
1971,3,0,3
1972,2,4,2
1973,3,3,4
1974,3,0,3
1975,5,5,5
1976,3,0,3
1977,3,0,3
1978,3,0,3
1979,3,0,3
1980,3,0,3
1981,5,5,5
1982,3,0,3
1983,3,0,3
1984,3,0,3
1985,5,5,5
1986,5,5,5
1987,3,0,3
1988,3,0,3
1989,3,0,3
1990,5,5,5
1991,3,0,3
1992,4,5,5
1993,3,0,3
1994,3,0,3
1995,3,0,3
1996,3,0,3
1997,3,0,3
1998,4,5,5
1999,3,0,3
2000,3,0,3
2001,3,0,3
2002,3,0,3
2003,5,5,5
2004,5,5,5
2005,5,5,5
2006,5,5,5
2007,3,0,3
2008,3,0,3
2009,3,0,3
2010,3,0,3
2011,3,0,3
2012,3,0,3
2013,3,0,3
2014,5,5,5
2015,3,0,3
2016,5,5,5
2017,3,0,3
2018,3,0,3
2019,3,0,3
2020,5,5,5
2021,4,5,5
2022,5,5,5
2023,3,0,3
2024,3,0,3
2025,3,0,3
2026,5,5,5
2027,4,5,5
2028,4,5,5
2029,5,5,5
2030,5,5,5
2031,3,0,3
2032,3,0,3
2033,3,0,3
2034,5,5,5
2035,3,0,3
2036,4,5,5
2037,3,0,3
2038,5,5,5
2039,5,5,5
2040,3,0,3
2041,3,0,3
2042,3,0,3
2043,3,0,3
2044,3,0,3
2045,3,0,3
2046,3,0,3
2047,5,5,5
2048,5,5,5
2049,3,0,3
2050,3,0,3
2051,5,5,5
2052,3,0,3
2053,5,5,5
2054,4,5,5
2055,3,0,3
2056,5,5,5
2057,3,0,3
2058,3,0,3
2059,3,0,3
2060,5,5,5
2061,5,5,5
2062,3,0,3
2063,2,4,2
2064,3,0,3
2065,3,0,3
2066,5,5,5
2067,3,0,3
2068,5,5,5
2069,3,0,3
2070,3,0,3
2071,3,0,3
2072,3,0,3
2073,3,0,3
2074,3,0,3
2075,5,5,5
2076,3,0,3
2077,5,5,5
2078,3,0,3
2079,3,0,3
2080,3,0,3
2081,3,0,3
2082,3,0,3
2083,4,5,5
2084,5,5,5
2085,5,5,5
2086,5,5,5
2087,3,0,3
2088,5,5,5
2089,3,3,4
2090,3,0,3
2091,3,0,3
2092,3,0,3
2093,3,0,3
2094,3,0,3
2095,3,0,3
2096,3,0,3
2097,3,0,3
2098,3,0,3
2099,3,0,3
2100,2,4,2
2101,3,0,3
2102,3,0,3
2103,5,5,5
2104,3,0,3
2105,3,0,3
2106,3,0,3
2107,3,0,3
2108,3,0,3
2109,5,5,5
2110,3,0,3
2111,5,5,5
2112,5,5,5
2113,3,0,3
2114,5,5,5
2115,3,0,3
2116,3,0,3
2117,5,5,5
2118,3,0,3
2119,5,5,5
2120,4,5,5
2121,5,5,5
2122,4,5,5
2123,3,0,3
2124,3,0,3
2125,3,0,3
2126,5,5,5
2127,4,5,5
2128,3,0,3
2129,4,5,5
2130,5,5,5
2131,3,0,3
2132,4,5,5
2133,3,0,3
2134,3,0,3
2135,3,0,3
2136,5,5,5
2137,3,0,3
2138,5,5,5
2139,3,0,3
2140,3,0,3
2141,5,5,5
2142,3,0,3
2143,3,0,3
2144,5,5,5
2145,5,5,5
2146,3,0,3
2147,3,0,3
2148,3,0,3
2149,3,0,3
2150,3,0,3
2151,3,0,3
2152,3,0,3
2153,3,3,4
2154,3,0,3
2155,3,0,3
2156,3,0,3
2157,3,0,3
2158,3,0,3
2159,5,5,5
2160,5,5,5
2161,3,0,3
2162,3,0,3
2163,5,5,5
2164,3,0,3
2165,3,0,3
2166,5,5,5
2167,5,5,5
2168,4,5,5
2169,4,5,5
2170,3,0,3
2171,3,0,3
2172,4,5,5
2173,3,0,3
2174,3,0,3
2175,3,0,3
2176,3,0,3
2177,3,0,3
2178,3,0,3
2179,3,0,3
2180,5,5,5
2181,3,0,3
2182,4,5,5
2183,4,5,5
2184,3,0,3
2185,3,0,3
2186,3,0,3
2187,3,0,3
2188,3,0,3
2189,3,0,3
2190,3,0,3
2191,3,0,3
2192,3,0,3
2193,3,0,3
2194,5,5,5
2195,5,5,5
2196,5,5,5
2197,3,0,3
2198,3,0,3
2199,4,5,5
2200,3,0,3
2201,5,5,5
2202,3,0,3
2203,3,0,3
2204,4,5,5
2205,3,0,3
2206,3,0,3
2207,3,0,3
2208,3,0,3
2209,3,0,3
2210,3,0,3
2211,4,5,5
2212,3,0,3
2213,4,5,5
2214,5,5,5
2215,3,0,3
2216,5,5,5
2217,3,0,3
2218,4,5,5
2219,5,5,5
2220,3,0,3
2221,5,5,5
2222,3,0,3
2223,5,5,5
2224,3,0,3
2225,3,0,3
2226,3,0,3
2227,3,0,3
2228,5,5,5
2229,3,0,3
2230,3,3,4
2231,3,0,3
2232,3,0,3
2233,3,0,3
2234,3,0,3
2235,4,5,5
2236,5,5,5
2237,2,4,2
2238,4,5,5
2239,5,5,5
2240,5,5,5
2241,3,0,3
2242,3,0,3
2243,5,5,5
2244,3,0,3
2245,3,0,3
2246,5,5,5
2247,3,0,3
2248,3,0,3
2249,3,0,3
2250,3,0,3
2251,3,0,3
2252,3,0,3
2253,3,0,3
2254,5,5,5
2255,3,0,3
2256,5,5,5
2257,3,0,3
2258,2,4,2
2259,4,5,5
2260,4,5,5
2261,3,0,3
2262,3,0,3
2263,5,5,5
2264,3,0,3
2265,3,0,3
2266,3,0,3
2267,3,0,3
2268,3,0,3
2269,3,0,3
2270,2,4,2
2271,5,5,5
2272,3,0,3
2273,3,0,3
2274,3,0,3
2275,3,0,3
2276,3,0,3
2277,4,5,5
2278,3,0,3
2279,5,5,5
2280,5,5,5
2281,3,0,3
2282,3,0,3
2283,3,0,3
2284,3,0,3
2285,3,0,3
2286,3,0,3
2287,5,5,5
2288,5,5,5
2289,5,5,5
2290,3,0,3
2291,5,5,5
2292,3,0,3
2293,5,5,5
2294,3,0,3
2295,4,5,5
2296,4,5,5
2297,5,5,5
2298,5,5,5
2299,3,0,3
2300,3,0,3
2301,4,5,5
2302,3,0,3
2303,5,5,5
2304,5,5,5
2305,3,0,3
2306,5,5,5
2307,3,0,3
2308,5,5,5
2309,3,0,3
2310,3,0,3
2311,3,0,3
2312,5,5,5
2313,3,0,3
2314,3,0,3
2315,5,5,5
2316,3,0,3
2317,3,0,3
2318,3,0,3
2319,3,0,3
2320,3,0,3
2321,3,0,3
2322,5,5,5
2323,4,5,5
2324,5,5,5
2325,5,5,5
2326,3,0,3
2327,3,0,3
2328,4,5,5
2329,5,5,5
2330,3,0,3
2331,3,0,3
2332,3,0,3
2333,3,0,3
2334,3,0,3
2335,5,5,5
2336,3,0,3
2337,3,0,3
2338,5,5,5
2339,5,5,5
2340,3,0,3
2341,3,0,3
2342,3,0,3
2343,3,0,3
2344,3,0,3
2345,3,0,3
2346,5,5,5
2347,2,4,2
2348,4,5,5
2349,3,0,3
2350,3,0,3
2351,3,0,3
2352,3,0,3
2353,4,5,5
2354,3,0,3
2355,3,0,3
2356,4,5,5
2357,3,0,3
2358,4,5,5
2359,3,0,3
2360,3,0,3
2361,5,5,5
2362,3,0,3
2363,3,0,3
2364,3,0,3
2365,3,0,3
2366,3,0,3
2367,3,0,3
2368,3,0,3
2369,3,0,3
2370,3,0,3
2371,3,0,3
2372,3,0,3
2373,3,0,3
2374,5,5,5
2375,5,5,5
2376,5,5,5
2377,5,5,5
2378,3,0,3
2379,4,5,5
2380,3,0,3
2381,3,0,3
2382,5,5,5
2383,3,0,3
2384,3,0,3
2385,3,0,3
2386,3,0,3
2387,5,5,5
2388,3,0,3
2389,5,5,5
2390,3,0,3
2391,5,5,5
2392,3,0,3
2393,3,0,3
2394,3,0,3
2395,5,5,5
2396,5,5,5
2397,5,5,5
2398,3,0,3
2399,3,0,3
2400,3,0,3
2401,5,5,5
2402,3,0,3
2403,5,5,5
2404,3,0,3
2405,3,0,3
2406,3,0,3
2407,3,0,3
2408,5,5,5
2409,5,5,5
2410,3,0,3
2411,3,0,3
2412,3,0,3
2413,5,5,5
2414,3,0,3
2415,3,0,3
2416,3,0,3
2417,5,5,5
2418,5,5,5
2419,3,0,3
2420,3,0,3
2421,3,0,3
2422,2,4,2
2423,3,0,3
2424,3,0,3
2425,4,5,5
2426,3,0,3
2427,3,0,3
2428,3,0,3
2429,5,5,5
2430,3,0,3
2431,5,5,5
2432,5,5,5
2433,5,5,5
2434,3,0,3
2435,2,0,3
2436,3,0,3
2437,3,3,4
2438,4,5,5
2439,4,5,5
2440,3,0,3
2441,3,0,3
2442,3,0,3
2443,5,5,5
2444,3,0,3
2445,3,0,3
2446,4,5,5
2447,3,0,3
2448,4,5,5
2449,3,0,3
2450,3,0,3
2451,3,0,3
2452,5,5,5
2453,3,0,3
2454,3,0,3
2455,3,0,3
2456,3,0,3
2457,3,0,3
2458,5,5,5
2459,3,0,3
2460,3,0,3
2461,3,0,3
2462,4,5,5
2463,5,5,5
2464,3,0,3
2465,3,0,3
2466,3,0,3
2467,3,0,3
2468,3,0,3
2469,3,0,3
2470,3,0,3
2471,3,0,3
2472,3,0,3
2473,3,0,3
2474,5,5,5
2475,4,5,5
2476,5,5,5
2477,3,0,3
2478,3,0,3
2479,3,0,3
2480,3,0,3
2481,4,5,5
2482,3,0,3
2483,3,0,3
2484,3,0,3
2485,3,0,3
2486,4,5,5
2487,5,5,5
2488,3,0,3
2489,5,5,5
2490,4,5,5
2491,3,0,3
2492,2,4,2
2493,3,0,3
2494,5,5,5
2495,5,5,5
2496,5,5,5
2497,5,5,5
2498,5,5,5
2499,3,0,3
2500,5,5,5
2501,3,0,3
2502,5,5,5
2503,3,0,3
2504,3,0,3
2505,4,5,5
2506,3,0,3
2507,5,5,5
2508,3,0,3
2509,4,5,5
2510,3,0,3
2511,5,5,5
2512,3,0,3
2513,4,5,5
2514,3,0,3
2515,3,0,3
2516,3,0,3
2517,4,5,5
2518,3,0,3
2519,5,5,5
2520,3,0,3
2521,3,0,3
2522,3,0,3
2523,4,5,5
2524,5,5,5
2525,3,0,3
2526,3,0,3
2527,5,5,5
2528,5,5,5
2529,3,0,3
2530,3,0,3
2531,3,0,3
2532,3,0,3
2533,3,0,3
2534,3,0,3
2535,4,5,5
2536,3,0,3
2537,5,5,5
2538,3,0,3
2539,3,0,3
2540,3,0,3
2541,3,0,3
2542,5,5,5
2543,3,0,3
2544,3,0,3
2545,3,0,3
2546,5,5,5
2547,5,5,5
2548,4,5,5
2549,4,5,5
2550,3,0,3
2551,3,0,3
2552,3,0,3
2553,3,0,3
2554,3,0,3
2555,3,0,3
2556,4,5,5
2557,3,0,3
2558,4,5,5
2559,3,0,3
2560,3,0,3
2561,4,5,5
2562,5,5,5
2563,5,5,5
2564,5,5,5
2565,4,5,5
2566,3,0,3
2567,5,5,5
2568,5,5,5
2569,3,0,3
2570,5,5,5
2571,3,0,3
2572,3,0,3
2573,5,5,5
2574,3,0,3
2575,3,0,3
2576,3,0,3
2577,3,0,3
2578,3,0,3
2579,5,5,5
2580,5,5,5
2581,5,5,5
2582,3,0,3
2583,4,5,5
2584,4,5,5
2585,3,0,3
2586,3,0,3
2587,5,5,5
2588,4,5,5
2589,3,0,3
2590,3,0,3
2591,3,0,3
2592,3,0,3
2593,3,0,3
2594,5,5,5
2595,3,0,3
2596,5,5,5
2597,3,0,3
2598,4,0,3
2599,3,0,3
2600,3,0,3
2601,3,0,3
2602,3,0,3
2603,5,5,5
2604,3,0,3
2605,5,5,5
2606,3,0,3
2607,3,0,3
2608,3,0,3
2609,3,0,3
2610,3,0,3
2611,3,0,3
2612,5,5,5
2613,3,0,3
2614,5,5,5
2615,3,3,4
2616,3,0,3
2617,3,0,3
2618,3,0,3
2619,3,0,3
2620,3,0,3
2621,3,0,3
2622,3,0,3
2623,3,0,3
2624,3,0,3
2625,3,0,3
2626,5,5,5
2627,3,0,3
2628,5,5,5
2629,4,5,5
2630,4,5,5
2631,4,5,5
2632,5,5,5
2633,5,5,5
2634,5,1,7
2635,3,0,3
2636,3,0,3
2637,3,0,3
2638,3,0,3
2639,5,5,5
2640,5,5,5
2641,5,5,5
2642,3,0,3
2643,5,5,5
2644,2,4,2
2645,3,0,3
2646,3,0,3
2647,3,0,3
2648,3,0,3
2649,3,0,3
2650,3,0,3
2651,3,0,3
2652,5,5,5
2653,5,5,5
2654,5,5,5
2655,3,0,3
2656,3,0,3
2657,5,5,5
2658,3,0,3
2659,5,5,5
2660,3,0,3
2661,3,0,3
2662,3,0,3
2663,3,0,3
2664,3,0,3
2665,3,0,3
2666,5,5,5
2667,3,3,4
2668,3,0,3
2669,3,0,3
2670,4,5,5
2671,3,0,3
2672,3,0,3
2673,3,0,3
2674,3,0,3
2675,3,0,3
2676,3,0,3
2677,3,0,3
2678,5,5,5
2679,3,0,3
2680,3,0,3
2681,2,4,2
2682,3,0,3
2683,5,5,5
2684,3,0,3
2685,3,0,3
2686,3,0,3
2687,5,5,5
2688,3,0,3
2689,3,0,3
2690,3,0,3
2691,2,4,2
2692,3,0,3
2693,3,0,3
2694,3,0,3
2695,5,5,5
2696,3,0,3
2697,3,0,3
2698,3,0,3
2699,4,5,5
2700,3,0,3
2701,3,0,3
2702,5,5,5
2703,5,5,5
2704,3,0,3
2705,3,0,3
2706,5,5,5
2707,3,0,3
2708,3,0,3
2709,3,0,3
2710,4,5,5
2711,3,0,3
2712,3,0,3
2713,4,5,5
2714,5,5,5
2715,5,5,5
2716,3,0,3
2717,3,0,3
2718,3,0,3
2719,3,0,3
2720,3,0,3
2721,3,0,3
2722,3,0,3
2723,5,5,5
2724,5,5,5
2725,5,5,5
2726,3,0,3
2727,4,5,5
2728,3,0,3
2729,3,0,3
2730,4,5,5
2731,3,0,3
2732,3,0,3
2733,3,0,3
2734,5,5,5
2735,3,0,3
2736,3,0,3
2737,3,0,3
2738,3,0,3
2739,3,0,3
2740,5,5,5
2741,3,0,3
2742,3,0,3
2743,3,3,4
2744,3,0,3
2745,3,0,3
2746,3,0,3
2747,5,5,5
2748,3,0,3
2749,3,0,3
2750,3,0,3
2751,5,5,5
2752,5,5,5
2753,3,0,3
2754,3,0,3
2755,3,0,3
2756,3,0,3
2757,4,5,5
2758,5,5,5
2759,3,0,3
2760,4,5,5
2761,3,0,3
2762,5,5,5
2763,5,5,5
2764,3,0,3
2765,4,5,5
2766,3,0,3
2767,3,0,3
2768,3,0,3
2769,3,0,3
2770,3,0,3
2771,3,0,3
2772,3,0,3
2773,5,5,5
2774,3,0,3
2775,3,0,3
2776,5,5,5
2777,5,5,5
2778,3,0,3
2779,3,0,3
2780,3,0,3
2781,3,0,3
2782,3,0,3
2783,5,5,5
2784,3,0,3
2785,3,0,3
2786,3,0,3
2787,5,5,5
2788,3,0,3
2789,5,5,5
2790,4,5,5
2791,5,5,5
2792,5,5,5
2793,5,5,5
2794,3,0,3
2795,3,0,3
2796,3,0,3
2797,4,5,5
2798,5,5,5
2799,5,5,5
2800,3,0,3
2801,3,0,3
2802,5,5,5
2803,3,0,3
2804,3,0,3
2805,5,5,5
2806,5,5,5
2807,5,5,5
2808,3,0,3
2809,5,5,5
2810,3,0,3
2811,3,0,3
2812,5,5,5
2813,4,5,5
2814,5,5,5
2815,5,5,5
2816,4,5,5
2817,3,0,3
2818,3,0,3
2819,5,5,5
2820,3,0,3
2821,5,5,5
2822,5,5,5
2823,3,0,3
2824,3,0,3
2825,4,5,5
2826,4,5,5
2827,3,0,3
2828,3,0,3
2829,3,0,3
2830,5,5,5
2831,5,5,5
2832,3,0,3
2833,3,0,3
2834,5,5,5
2835,5,5,5
2836,3,0,3
2837,3,0,3
2838,3,0,3
2839,3,0,3
2840,4,5,5
2841,3,0,3
2842,3,0,3
2843,4,5,5
2844,5,5,5
2845,3,0,3
2846,3,0,3
2847,3,0,3
2848,3,3,4
2849,3,0,3
2850,3,0,3
2851,3,3,4
2852,3,0,3
2853,3,0,3
2854,3,0,3
2855,3,0,3
2856,3,0,3
2857,3,0,3
2858,3,0,3
2859,3,0,3
2860,4,5,5
2861,5,5,5
2862,3,0,3
2863,3,0,3
2864,3,0,3
2865,3,0,3
2866,4,5,5
2867,3,0,3
2868,3,0,3
2869,3,0,3
2870,3,0,3
2871,5,5,5
2872,4,5,5
2873,3,0,3
2874,4,5,5
2875,3,0,3
2876,3,0,3
2877,3,0,3
2878,3,0,3
2879,3,0,3
2880,3,0,3
2881,3,0,3
2882,3,0,3
2883,5,5,5
2884,5,5,5
2885,3,0,3
2886,3,0,3
2887,3,0,3
2888,3,0,3
2889,5,5,5
2890,4,5,5
2891,5,5,5
2892,3,0,3
2893,3,0,3
2894,3,0,3
2895,3,0,3
2896,3,0,3
2897,3,0,3
2898,3,0,3
2899,3,0,3
2900,3,0,3
2901,3,0,3
2902,3,0,3
2903,5,5,5
2904,3,0,3
2905,5,5,5
2906,3,0,3
2907,3,0,3
2908,3,0,3
2909,5,5,5
2910,3,0,3
2911,3,0,3
2912,3,0,3
2913,3,0,3
2914,3,0,3
2915,3,0,3
2916,3,0,3
2917,3,0,3
2918,3,0,3
2919,3,0,3
2920,3,0,3
2921,5,5,5
2922,3,0,3
2923,3,0,3
2924,2,4,2
2925,3,0,3
2926,3,0,3
2927,3,0,3
2928,3,0,3
2929,5,5,5
2930,3,0,3
2931,3,0,3
2932,5,5,5
2933,3,0,3
2934,3,0,3
2935,3,0,3
2936,4,5,5
2937,4,5,5
2938,4,5,5
2939,3,0,3
2940,3,0,3
2941,3,0,3
2942,3,3,4
2943,5,5,5
2944,4,5,5
2945,3,0,3
2946,3,0,3
2947,4,5,5
2948,4,5,5
2949,5,5,5
2950,3,0,3
2951,3,0,3
2952,3,0,3
2953,3,0,3
2954,5,5,5
2955,3,0,3
2956,3,0,3
2957,3,0,3
2958,5,5,5
2959,5,5,5
2960,3,0,3
2961,4,5,5
2962,5,5,5
2963,5,5,5
2964,3,0,3
2965,3,0,3
2966,5,5,5
2967,4,5,5
2968,3,0,3
2969,3,0,3
2970,3,0,3
2971,5,5,5
2972,3,0,3
2973,3,0,3
2974,5,5,5
2975,5,5,5
2976,5,5,5
2977,3,0,3
2978,3,0,3
2979,5,5,5
2980,5,5,5
2981,4,5,5
2982,3,0,3
2983,3,0,3
2984,3,0,3
2985,3,0,3
2986,3,0,3
2987,3,0,3
2988,5,5,5
2989,3,0,3
2990,3,0,3
2991,4,5,5
2992,3,0,3
2993,3,0,3
2994,3,0,3
2995,3,0,3
2996,3,0,3
2997,5,5,5
2998,3,0,3
2999,5,5,5
3000,3,0,3
3001,3,0,3
3002,3,0,3
3003,5,5,5
3004,3,0,3
3005,4,5,5
3006,3,0,3
3007,3,0,3
3008,5,5,5
3009,5,5,5
3010,2,4,2
3011,3,0,3
3012,3,0,3
3013,3,0,3
3014,5,5,5
3015,5,5,5
3016,3,0,3
3017,3,0,3
3018,3,0,3
3019,4,5,5
3020,5,5,5
3021,3,0,3
3022,3,0,3
3023,4,5,5
3024,5,5,5
3025,3,0,3
3026,5,5,5
3027,3,0,3
3028,3,0,3
3029,3,0,3
3030,5,5,5
3031,3,0,3
3032,5,5,5
3033,3,0,3
3034,4,5,5
3035,3,0,3
3036,5,5,5
3037,3,0,3
3038,3,0,3
3039,3,0,3
3040,3,0,3
3041,5,5,5
3042,3,0,3
3043,5,5,5
3044,5,5,5
3045,5,5,5
3046,3,0,3
3047,3,0,3
3048,3,0,3
3049,3,0,3
3050,3,0,3
3051,5,5,5
3052,3,0,3
3053,4,5,5
3054,4,5,5
3055,2,4,2
3056,3,0,3
3057,3,0,3
3058,5,5,5
3059,5,5,5
3060,3,0,3
3061,4,5,5
3062,3,0,3
3063,5,5,5
3064,4,5,5
3065,3,0,3
3066,5,5,5
3067,3,0,3
3068,3,0,3
3069,4,5,5
3070,4,5,5
3071,3,0,3
3072,5,5,5
3073,5,5,5
3074,3,0,3
3075,3,0,3
3076,5,5,5
3077,3,0,3
3078,5,5,5
3079,4,5,5
3080,3,0,3
3081,3,0,3
3082,3,0,3
3083,3,0,3
3084,3,0,3
3085,3,0,3
3086,3,0,3
3087,3,0,3
3088,5,5,5
3089,4,5,5
3090,3,0,3
3091,3,0,3
3092,5,5,5
3093,3,0,3
3094,5,5,5
3095,3,0,3
3096,3,0,3
3097,4,5,5
3098,5,5,5
3099,5,5,5
3100,5,5,5
3101,3,0,3
3102,3,0,3
3103,2,4,2
3104,5,5,5
3105,4,5,5
3106,3,0,3
3107,3,0,3
3108,3,0,3
3109,3,0,3
3110,5,5,5
3111,4,5,5
3112,3,0,3
3113,5,5,5
3114,4,5,5
3115,3,0,3
3116,3,0,3
3117,5,5,5
3118,5,5,5
3119,3,0,3
3120,5,5,5
3121,4,5,5
3122,3,0,3
3123,3,0,3
3124,5,5,5
3125,3,0,3
3126,4,5,5
3127,3,0,3
3128,3,0,3
3129,3,0,3
3130,3,0,3
3131,3,0,3
3132,5,5,5
3133,3,0,3
3134,3,0,3
3135,3,0,3
3136,3,0,3
3137,3,0,3
3138,3,0,3
3139,3,0,3
3140,3,0,3
3141,3,0,3
3142,3,0,3
3143,3,0,3
3144,3,0,3
3145,5,5,5
3146,4,5,5
3147,5,5,5
3148,3,0,3
3149,3,0,3
3150,3,0,3
3151,4,5,5
3152,5,5,5
3153,3,0,3
3154,5,5,5
3155,4,5,5
3156,3,0,3
3157,3,0,3
3158,3,0,3
3159,3,0,3
3160,5,5,5
3161,3,0,3
3162,5,5,5
3163,3,0,3
3164,3,0,3
3165,3,0,3
3166,3,0,3
3167,5,5,5
3168,3,0,3
3169,3,3,4
3170,3,0,3
3171,3,3,4
3172,3,0,3
3173,4,5,5
3174,3,0,3
3175,3,0,3
3176,3,0,3
3177,4,5,5
3178,3,0,3
3179,3,0,3
3180,3,0,3
3181,5,5,5
3182,3,0,3
3183,3,0,3
3184,3,0,3
3185,5,5,5
3186,4,5,5
3187,5,5,5
3188,3,0,3
3189,4,5,5
3190,5,5,5
3191,3,0,3
3192,5,5,5
3193,5,5,5
3194,5,5,5
3195,5,5,5
3196,5,5,5
3197,5,5,5
3198,3,0,3
3199,5,5,5
3200,3,0,3
3201,3,0,3
3202,3,0,3
3203,3,0,3
3204,3,0,3
3205,3,0,3
3206,5,5,5
3207,3,0,3
3208,3,0,3
3209,3,0,3
3210,3,0,3
3211,3,0,3
3212,3,0,3
3213,3,0,3
3214,3,0,3
3215,5,5,5
3216,5,5,5
3217,3,0,3
3218,5,5,5
3219,4,5,5
3220,5,5,5
3221,3,0,3
3222,3,0,3
3223,5,5,5
3224,2,4,2
3225,5,5,5
3226,3,0,3
3227,5,5,5
3228,3,0,3
3229,5,5,5
3230,3,0,3
3231,3,0,3
3232,5,5,5
3233,3,0,3
3234,3,3,4
3235,3,0,3
3236,3,0,3
3237,3,0,3
3238,5,5,5
3239,3,0,3
3240,3,0,3
3241,5,5,5
3242,3,0,3
3243,5,5,5
3244,5,5,5
3245,5,5,5
3246,3,0,3
3247,3,0,3
3248,3,0,3
3249,3,0,3
3250,3,0,3
3251,3,0,3
3252,5,5,5
3253,3,0,3
3254,3,0,3
3255,3,0,3
3256,3,0,3
3257,5,5,5
3258,3,0,3
3259,5,5,5
3260,3,0,3
3261,4,5,5
3262,3,0,3
3263,4,5,5
3264,3,0,3
3265,5,5,5
3266,3,0,3
3267,5,5,5
3268,4,5,5
3269,3,0,3
3270,3,0,3
3271,5,5,5
3272,3,0,3
3273,5,5,5
3274,3,0,3
3275,3,0,3
3276,5,5,5
3277,4,5,5
3278,5,5,5
3279,5,5,5
3280,3,0,3
3281,3,0,3
3282,3,0,3
3283,3,0,3
3284,3,0,3
3285,3,0,3
3286,3,0,3
3287,3,0,3
3288,4,5,5
3289,5,5,5
3290,5,5,5
3291,3,0,3
3292,3,0,3
3293,3,0,3
3294,5,5,5
3295,3,0,3
3296,3,0,3
3297,3,0,3
3298,3,0,3
3299,5,5,5
3300,5,5,5
3301,3,0,3
3302,5,5,5
3303,5,5,5
3304,5,5,5
3305,5,5,5
3306,3,0,3
3307,3,0,3
3308,3,0,3
3309,4,5,5
3310,5,5,5
3311,3,0,3
3312,3,0,3
3313,3,0,3
3314,3,0,3
3315,3,0,3
3316,3,0,3
3317,3,0,3
3318,3,0,3
3319,3,0,3
3320,5,5,5
3321,3,0,3
3322,4,5,5
3323,3,0,3
3324,3,0,3
3325,5,5,5
3326,5,5,5
3327,3,0,3
3328,3,0,3
3329,5,5,5
3330,3,0,3
3331,3,0,3
3332,3,0,3
3333,3,0,3
3334,3,0,3
3335,5,5,5
3336,3,0,3
3337,3,0,3
3338,3,0,3
3339,3,0,3
3340,4,5,5
3341,3,0,3
3342,5,5,5
3343,4,5,5
3344,3,0,3
3345,3,0,3
3346,3,0,3
3347,4,5,5
3348,3,0,3
3349,4,5,5
3350,3,0,3
3351,5,5,5
3352,3,0,3
3353,5,5,5
3354,5,5,5
3355,3,0,3
3356,4,5,5
3357,4,5,5
3358,3,0,3
3359,5,5,5
3360,3,0,3
3361,3,0,3
3362,4,5,5
3363,3,0,3
3364,5,5,5
3365,3,0,3
3366,3,0,3
3367,5,5,5
3368,5,5,5
3369,3,0,3
3370,5,5,5
3371,5,5,5
3372,5,5,5
3373,3,0,3
3374,5,5,5
3375,3,0,3
3376,3,0,3
3377,5,5,5
3378,3,0,3
3379,4,5,5
3380,3,0,3
3381,4,5,5
3382,4,5,5
3383,3,0,3
3384,3,0,3
3385,3,0,3
3386,5,5,5
3387,3,0,3
3388,5,5,5
3389,5,5,5
3390,5,5,5
3391,3,0,3
3392,5,5,5
3393,3,0,3
3394,3,0,3
3395,3,0,3
3396,5,5,5
3397,3,0,3
3398,3,0,3
3399,5,5,5
3400,4,5,5
3401,5,5,5
3402,3,0,3
3403,3,0,3
3404,5,5,5
3405,3,0,3
3406,3,0,3
3407,2,4,2
3408,5,5,5
3409,5,5,5
3410,5,5,5
3411,3,0,3
3412,3,0,3
3413,3,0,3
3414,5,5,5
3415,3,0,3
3416,3,0,3
3417,3,3,4
3418,3,0,3
3419,3,0,3
3420,5,5,5
3421,3,0,3
3422,3,0,3
3423,3,0,3
3424,5,5,5
3425,4,5,5
3426,5,5,5
3427,3,0,3
3428,4,5,5
3429,3,0,3
3430,5,5,5
3431,3,0,3
3432,5,5,5
3433,5,5,5
3434,3,0,3
3435,4,5,5
3436,3,0,3
3437,5,5,5
3438,3,0,3
3439,3,0,3
3440,4,5,5
3441,3,0,3
3442,3,0,3
3443,3,0,3
3444,3,0,3
3445,3,0,3
3446,3,0,3
3447,3,0,3
3448,4,5,5
3449,3,0,3
3450,4,5,5
3451,3,0,3
3452,4,5,5
3453,3,0,3
3454,2,0,3
3455,5,5,5
3456,3,0,3
3457,5,5,5
3458,5,5,5
3459,3,0,3
3460,5,5,5
3461,3,0,3
3462,3,0,3
3463,3,0,3
3464,3,0,3
3465,3,0,3
3466,3,0,3
3467,5,5,5
3468,5,5,5
3469,3,0,3
3470,5,5,5
3471,3,0,3
3472,5,5,5
3473,3,0,3
3474,3,0,3
3475,3,0,3
3476,3,0,3
3477,3,3,4
3478,3,0,3
3479,5,5,5
3480,3,0,3
3481,3,0,3
3482,3,0,3
3483,5,5,5
3484,4,5,5
3485,5,5,5
3486,4,5,5
3487,3,0,3
3488,5,5,5
3489,3,0,3
3490,3,0,3
3491,5,5,5
3492,5,5,5
3493,3,0,3
3494,3,0,3
3495,5,5,5
3496,3,0,3
3497,5,5,5
3498,3,0,3
3499,5,5,5
3500,3,0,3
3501,3,0,3
3502,5,5,5
3503,3,0,3
3504,4,5,5
3505,3,0,3
3506,3,0,3
3507,3,0,3
3508,3,0,3
3509,3,0,3
3510,3,0,3
3511,3,0,3
3512,3,0,3
3513,3,0,3
3514,3,0,3
3515,5,5,5
3516,3,0,3
3517,3,0,3
3518,3,0,3
3519,3,0,3
3520,3,0,3
3521,3,0,3
3522,3,0,3
3523,5,5,5
3524,3,0,3
3525,3,0,3
3526,3,0,3
3527,3,0,3
3528,5,5,5
3529,3,0,3
3530,5,5,5
3531,5,5,5
3532,3,0,3
3533,4,5,5
3534,5,5,5
3535,3,0,3
3536,3,0,3
3537,3,0,3
3538,5,5,5
3539,4,5,5
3540,3,0,3
3541,5,5,5
3542,5,5,5
3543,5,5,5
3544,3,0,3
3545,3,0,3
3546,5,5,5
3547,3,0,3
3548,3,0,3
3549,5,5,5
3550,3,0,3
3551,4,5,5
3552,5,5,5
3553,5,5,5
3554,4,5,5
3555,3,0,3
3556,3,0,3
3557,3,0,3
3558,3,0,3
3559,5,5,5
3560,5,5,5
3561,3,3,4
3562,3,0,3
3563,3,0,3
3564,3,0,3
3565,3,0,3
3566,3,0,3
3567,3,0,3
3568,5,5,5
3569,5,5,5
3570,5,5,5
3571,5,5,5
3572,5,5,5
3573,3,0,3
3574,4,5,5
3575,3,0,3
3576,3,0,3
3577,4,5,5
3578,5,5,5
3579,3,0,3
3580,3,0,3
3581,3,0,3
3582,3,0,3
3583,3,0,3
3584,3,0,3
3585,4,5,5
3586,3,0,3
3587,3,0,3
3588,3,0,3
3589,3,0,3
3590,4,5,5
3591,3,0,3
3592,3,0,3
3593,3,0,3
3594,3,0,3
3595,2,4,2
3596,3,0,3
3597,5,5,5
3598,3,3,4
3599,3,0,3
3600,3,0,3
3601,5,5,5
3602,5,5,5
3603,3,0,3
3604,3,0,3
3605,5,5,5
3606,5,5,5
3607,3,0,3
3608,3,0,3
3609,5,5,5
3610,3,0,3
3611,5,5,5
3612,3,0,3
3613,3,0,3
3614,3,0,3
3615,5,5,5
3616,3,0,3
3617,3,0,3
3618,5,5,5
3619,4,5,5
3620,5,5,5
3621,3,0,3
3622,3,0,3
3623,3,0,3
3624,5,5,5
3625,5,5,5
3626,5,5,5
3627,2,4,2
3628,3,0,3
3629,5,5,5
3630,3,0,3
3631,5,5,5
3632,5,5,5
3633,4,5,5
3634,5,5,5
3635,5,5,5
3636,5,5,5
3637,3,0,3
3638,5,5,5
3639,4,5,5
3640,3,0,3
3641,3,0,3
3642,5,5,5
3643,3,0,3
3644,3,0,3
3645,4,5,5
3646,3,0,3
3647,3,0,3
3648,5,5,5
3649,3,0,3
3650,5,5,5
3651,3,0,3
3652,3,0,3
3653,4,5,5
3654,3,0,3
3655,3,0,3
3656,4,5,5
3657,3,0,3
3658,3,0,3
3659,3,0,3
3660,4,5,5
3661,5,5,5
3662,4,5,5
3663,5,5,5
3664,3,0,3
3665,3,0,3
3666,3,0,3
3667,5,5,5
3668,3,0,3
3669,2,4,2
3670,3,0,3
3671,3,0,3
3672,3,0,3
3673,3,0,3
3674,3,0,3
3675,4,5,5
3676,3,0,3
3677,3,0,3
3678,4,5,5
3679,5,5,5
3680,3,0,3
3681,3,0,3
3682,5,5,5
3683,5,5,5
3684,3,0,3
3685,3,0,3
3686,3,0,3
3687,3,0,3
3688,3,0,3
3689,3,0,3
3690,3,0,3
3691,3,0,3
3692,5,5,5
3693,5,5,5
3694,3,0,3
3695,5,5,5
3696,4,5,5
3697,5,5,5
3698,4,5,5
3699,3,0,3
3700,5,5,5
3701,3,0,3
3702,4,5,5
3703,5,5,5
3704,3,0,3
3705,3,0,3
3706,3,0,3
3707,3,0,3
3708,5,5,5
3709,3,0,3
3710,3,0,3
3711,3,0,3
3712,3,0,3
3713,3,0,3
3714,5,5,5
3715,5,5,5
3716,3,0,3
3717,3,0,3
3718,3,0,3
3719,4,0,3
3720,4,5,5
3721,5,5,5
3722,3,0,3
3723,3,0,3
3724,3,0,3
3725,5,5,5
3726,5,5,5
3727,3,0,3
3728,5,5,5
3729,5,5,5
3730,5,5,5
3731,3,0,3
3732,3,0,3
3733,3,0,3
3734,3,0,3
3735,5,5,5
3736,3,0,3
3737,5,5,5
3738,3,0,3
3739,3,0,3
3740,3,0,3
3741,5,5,5
3742,5,5,5
3743,3,0,3
3744,3,0,3
3745,2,4,2
3746,5,5,5
3747,3,0,3
3748,5,5,5
3749,5,5,5
3750,3,0,3
3751,3,0,3
3752,3,0,3
3753,5,5,5
3754,5,5,5
3755,5,5,5
3756,3,0,3
3757,4,5,5
3758,4,5,5
3759,3,0,3
3760,3,0,3
3761,3,0,3
3762,3,0,3
3763,3,0,3
3764,5,5,5
3765,3,0,3
3766,3,0,3
3767,3,0,3
3768,3,0,3
3769,3,0,3
3770,5,5,5
3771,4,5,5
3772,3,0,3
3773,3,0,3
3774,4,5,5
3775,3,0,3
3776,4,5,5
3777,3,0,3
3778,3,0,3
3779,4,5,5
3780,3,3,4
3781,3,0,3
3782,3,0,3
3783,5,5,5
3784,3,0,3
3785,3,0,3
3786,4,5,5
3787,3,0,3
3788,3,0,3
3789,3,0,3
3790,3,0,3
3791,3,0,3
3792,3,0,3
3793,5,5,5
3794,3,0,3
3795,4,5,5
3796,5,5,5
3797,3,0,3
3798,3,0,3
3799,3,0,3
3800,5,5,5
3801,3,0,3
3802,3,0,3
3803,3,0,3
3804,3,0,3
3805,3,0,3
3806,3,0,3
3807,5,5,5
3808,4,5,5
3809,3,0,3
3810,4,5,5
3811,3,0,3
3812,5,5,5
3813,5,5,5
3814,3,0,3
3815,3,0,3
3816,3,0,3
3817,5,5,5
3818,3,0,3
3819,3,0,3
3820,5,5,5
3821,3,0,3
3822,3,0,3
3823,3,0,3
3824,3,0,3
3825,3,0,3
3826,3,0,3
3827,3,0,3
3828,3,0,3
3829,3,0,3
3830,3,0,3
3831,3,0,3
3832,2,4,2
3833,3,0,3
3834,3,0,3
3835,3,0,3
3836,5,5,5
3837,4,5,5
3838,3,0,3
3839,5,5,5
3840,3,0,3
3841,3,0,3
3842,3,0,3
3843,3,0,3
3844,4,5,5
3845,2,4,2
3846,3,3,4
3847,3,0,3
3848,3,0,3
3849,5,5,5
3850,3,0,3
3851,3,0,3
3852,5,5,5
3853,3,0,3
3854,3,0,3
3855,3,0,3
3856,3,0,3
3857,5,5,5
3858,3,0,3
3859,4,5,5
3860,3,0,3
3861,3,0,3
3862,3,0,3
3863,4,5,5
3864,3,0,3
3865,3,0,3
3866,3,0,3
3867,4,5,5
3868,6,1,7
3869,3,0,3
3870,3,0,3
3871,3,0,3
3872,3,0,3
3873,4,5,5
3874,3,0,3
3875,3,0,3
3876,3,0,3
3877,3,0,3
3878,5,5,5
3879,5,5,5
3880,3,0,3
3881,3,0,3
3882,3,0,3
3883,3,0,3
3884,3,0,3
3885,3,0,3
3886,5,5,5
3887,3,0,3
3888,3,0,3
3889,3,0,3
3890,3,0,3
3891,3,0,3
3892,4,5,5
3893,3,0,3
3894,3,0,3
3895,3,0,3
3896,3,0,3
3897,5,5,5
3898,3,0,3
3899,3,0,3
3900,5,5,5
3901,3,0,3
3902,3,0,3
3903,5,5,5
3904,3,0,3
3905,3,0,3
3906,3,0,3
3907,3,0,3
3908,3,0,3
3909,3,0,3
3910,5,5,5
3911,3,0,3
3912,3,0,3
3913,3,0,3
3914,5,5,5
3915,3,0,3
3916,5,5,5
3917,3,0,3
3918,3,0,3
3919,5,5,5
3920,3,0,3
3921,4,5,5
3922,5,5,5
3923,3,0,3
3924,3,0,3
3925,5,5,5
3926,3,0,3
3927,3,0,3
3928,3,0,3
3929,5,5,5
3930,3,0,3
3931,5,5,5
3932,3,3,4
3933,3,0,3
3934,5,5,5
3935,4,5,5
3936,3,0,3
3937,4,5,5
3938,3,0,3
3939,3,0,3
3940,5,5,5
3941,5,5,5
3942,3,0,3
3943,3,0,3
3944,5,5,5
3945,3,0,3
3946,3,0,3
3947,4,5,5
3948,3,0,3
3949,4,5,5
3950,3,0,3
3951,5,5,5
3952,5,5,5
3953,3,0,3
3954,5,5,5
3955,3,0,3
3956,3,0,3
3957,3,0,3
3958,3,0,3
3959,5,5,5
3960,3,0,3
3961,3,0,3
3962,3,0,3
3963,5,5,5
3964,3,0,3
3965,5,5,5
3966,3,0,3
3967,3,0,3
3968,4,5,5
3969,5,5,5
3970,3,0,3
3971,3,0,3
3972,4,5,5
3973,2,4,2
3974,3,0,3
3975,5,5,5
3976,3,0,3
3977,5,5,5
3978,4,5,5
3979,3,0,3
3980,4,5,5
3981,3,0,3
3982,3,0,3
3983,3,0,3
3984,5,5,5
3985,3,0,3
3986,3,0,3
3987,3,0,3
3988,3,0,3
3989,3,0,3
3990,5,5,5
3991,3,0,3
3992,3,0,3
3993,3,0,3
3994,3,0,3
3995,3,0,3
3996,3,0,3
3997,3,0,3
3998,3,0,3
3999,5,5,5
4000,3,0,3
4001,3,0,3
4002,3,0,3
4003,3,0,3
4004,5,5,5
4005,3,0,3
4006,3,0,3
4007,3,0,3
4008,3,0,3
4009,3,3,4
4010,5,5,5
4011,5,5,5
4012,5,5,5
4013,3,0,3
4014,4,5,5
4015,3,0,3
4016,3,0,3
4017,3,0,3
4018,5,5,5
4019,2,4,2
4020,3,3,4
4021,3,0,3
4022,3,0,3
4023,3,0,3
4024,3,0,3
4025,5,5,5
4026,3,0,3
4027,3,0,3
4028,3,0,3
4029,5,5,5
4030,5,5,5
4031,5,5,5
4032,5,5,5
4033,3,0,3
4034,5,5,5
4035,5,5,5
4036,4,5,5
4037,3,0,3
4038,5,5,5
4039,5,5,5
4040,4,5,5
4041,4,5,5
4042,3,0,3
4043,3,0,3
4044,3,0,3
4045,3,0,3
4046,3,0,3
4047,3,0,3
4048,3,0,3
4049,3,0,3
4050,5,5,5
4051,5,5,5
4052,4,5,5
4053,4,5,5
4054,3,0,3
4055,3,0,3
4056,3,0,3
4057,3,0,3
4058,3,0,3
4059,5,5,5
4060,3,0,3
4061,3,0,3
4062,5,5,5
4063,3,0,3
4064,3,0,3
4065,3,0,3
4066,3,0,3
4067,3,0,3
4068,3,0,3
4069,3,0,3
4070,3,0,3
4071,3,0,3
4072,3,0,3
4073,3,0,3
4074,3,0,3
4075,3,0,3
4076,3,0,3
4077,3,0,3
4078,5,5,5
4079,3,0,3
4080,5,5,5
4081,5,5,5
4082,5,5,5
4083,5,5,5
4084,3,0,3
4085,2,4,2
4086,3,0,3
4087,4,5,5
4088,3,0,3
4089,3,0,3
4090,5,5,5
4091,5,5,5
4092,4,5,5
4093,3,0,3
4094,2,4,2
4095,3,0,3
4096,4,5,5
4097,5,5,5
4098,5,5,5
4099,5,5,5
4100,3,0,3
4101,3,0,3
4102,3,0,3
4103,3,0,3
4104,3,0,3
4105,5,5,5
4106,5,5,5
4107,5,5,5
4108,5,5,5
4109,3,0,3
4110,3,0,3
4111,5,5,5
4112,4,5,5
4113,5,5,5
4114,3,0,3
4115,3,0,3
4116,5,5,5
4117,3,0,3
4118,5,5,5
4119,4,5,5
4120,3,0,3
4121,5,5,5
4122,3,3,4
4123,3,0,3
4124,3,0,3
4125,3,0,3
4126,3,0,3
4127,5,5,5
4128,5,5,5
4129,4,5,5
4130,3,0,3
4131,3,0,3
4132,3,0,3
4133,3,0,3
4134,4,5,5
4135,3,0,3
4136,5,5,5
4137,3,0,3
4138,5,5,5
4139,3,0,3
4140,3,0,3
4141,3,0,3
4142,3,0,3
4143,3,0,3
4144,5,5,5
4145,5,5,5
4146,3,0,3
4147,5,5,5
4148,3,0,3
4149,3,0,3
4150,3,0,3
4151,3,0,3
4152,3,0,3
4153,5,5,5
4154,5,5,5
4155,5,5,5
4156,2,0,3
4157,3,0,3
4158,3,0,3
4159,3,0,3
4160,4,5,5
4161,3,0,3
4162,5,5,5
4163,5,5,5
4164,3,0,3
4165,3,0,3
4166,3,0,3
4167,3,0,3
4168,5,5,5
4169,3,0,3
4170,3,0,3
4171,3,0,3
4172,3,0,3
4173,3,0,3
4174,3,0,3
4175,5,5,5
4176,3,3,4
4177,3,0,3
4178,3,0,3
4179,3,0,3
4180,5,5,5
4181,4,5,5
4182,3,0,3
4183,3,0,3
4184,3,0,3
4185,3,0,3
4186,5,5,5
4187,4,5,5
4188,3,0,3
4189,4,5,5
4190,3,0,3
4191,4,5,5
4192,3,0,3
4193,3,0,3
4194,3,0,3
4195,5,5,5
4196,3,0,3
4197,3,0,3
4198,5,5,5
4199,3,0,3
4200,3,0,3
4201,5,5,5
4202,3,0,3
4203,3,0,3
4204,4,5,5
4205,3,0,3
4206,4,5,5
4207,3,0,3
4208,3,0,3
4209,3,0,3
4210,5,5,5
4211,3,0,3
4212,3,0,3
4213,5,5,5
4214,3,0,3
4215,3,0,3
4216,3,0,3
4217,3,0,3
4218,3,0,3
4219,3,0,3
4220,3,0,3
4221,3,0,3
4222,3,0,3
4223,3,0,3
4224,5,5,5
4225,3,0,3
4226,3,0,3
4227,5,5,5
4228,4,5,5
4229,3,0,3
4230,5,5,5
4231,3,0,3
4232,3,0,3
4233,5,5,5
4234,5,5,5
4235,3,0,3
4236,3,0,3
4237,5,5,5
4238,5,5,5
4239,3,0,3
4240,3,0,3
4241,5,5,5
4242,3,0,3
4243,3,0,3
4244,5,5,5
4245,3,0,3
4246,5,5,5
4247,5,5,5
4248,3,0,3
4249,5,5,5
4250,3,0,3
4251,3,0,3
4252,3,0,3
4253,5,5,5
4254,3,0,3
4255,3,0,3
4256,5,5,5
4257,5,5,5
4258,5,5,5
4259,5,5,5
4260,5,5,5
4261,3,0,3
4262,5,5,5
4263,5,5,5
4264,5,5,5
4265,3,0,3
4266,5,5,5
4267,3,0,3
4268,5,5,5
4269,3,0,3
4270,3,0,3
4271,3,0,3
4272,3,0,3
4273,5,5,5
4274,5,5,5
4275,3,0,3
4276,5,5,5
4277,5,5,5
4278,3,0,3
4279,5,5,5
4280,5,5,5
4281,5,5,5
4282,5,5,5
4283,3,0,3
4284,5,5,5
4285,5,5,5
4286,3,0,3
4287,3,0,3
4288,3,0,3
4289,3,0,3
4290,5,5,5
4291,4,5,5
4292,5,5,5
4293,3,0,3
4294,3,0,3
4295,3,0,3
4296,3,0,3
4297,5,5,5
4298,3,0,3
4299,5,5,5
4300,3,0,3
4301,5,5,5
4302,3,3,4
4303,5,5,5
4304,3,0,3
4305,5,5,5
4306,3,0,3
4307,5,5,5
4308,4,5,5
4309,5,5,5
4310,3,0,3
4311,4,5,5
4312,3,0,3
4313,3,0,3
4314,3,0,3
4315,5,5,5
4316,5,5,5
4317,3,0,3
4318,3,0,3
4319,3,0,3
4320,3,3,4
4321,4,5,5
4322,5,5,5
4323,3,0,3
4324,3,0,3
4325,3,0,3
4326,5,5,5
4327,5,5,5
4328,3,0,3
4329,5,5,5
4330,4,5,5
4331,3,0,3
4332,3,0,3
4333,3,0,3
4334,5,5,5
4335,3,0,3
4336,5,5,5
4337,3,0,3
4338,3,0,3
4339,3,0,3
4340,3,0,3
4341,3,0,3
4342,5,5,5
4343,5,5,5
4344,5,5,5
4345,3,0,3
4346,5,5,5
4347,3,0,3
4348,3,0,3
4349,4,5,5
4350,3,0,3
4351,3,0,3
4352,3,0,3
4353,5,5,5
4354,5,5,5
4355,3,0,3
4356,3,0,3
4357,3,0,3
4358,3,0,3
4359,5,5,5
4360,4,0,3
4361,5,5,5
4362,3,0,3
4363,3,0,3
4364,3,0,3
4365,3,0,3
4366,5,5,5
4367,5,5,5
4368,3,0,3
4369,3,0,3
4370,5,5,5
4371,3,0,3
4372,3,0,3
4373,5,5,5
4374,5,5,5
4375,5,5,5
4376,3,0,3
4377,5,5,5
4378,3,0,3
4379,3,0,3
4380,3,0,3
4381,3,0,3
4382,5,5,5
4383,5,5,5
4384,5,5,5
4385,5,5,5
4386,5,5,5
4387,5,5,5
4388,3,0,3
4389,3,0,3
4390,3,0,3
4391,3,0,3
4392,3,0,3
4393,5,5,5
4394,3,0,3
4395,4,5,5
4396,3,0,3
4397,3,0,3
4398,3,0,3
4399,5,5,5
4400,5,5,5
4401,3,3,4
4402,3,0,3
4403,3,0,3
4404,5,5,5
4405,3,0,3
4406,5,5,5
4407,3,0,3
4408,4,5,5
4409,5,5,5
4410,4,5,5
4411,5,5,5
4412,3,0,3
4413,5,5,5
4414,3,0,3
4415,5,5,5
4416,3,0,3
4417,3,0,3
4418,3,0,3
4419,3,0,3
4420,5,5,5
4421,5,5,5
4422,4,5,5
4423,4,5,5
4424,3,0,3
4425,4,5,5
4426,3,0,3
4427,5,5,5
4428,3,0,3
4429,5,5,5
4430,5,5,5
4431,5,5,5
4432,3,0,3
4433,3,0,3
4434,5,5,5
4435,3,0,3
4436,5,5,5
4437,3,0,3
4438,3,0,3
4439,5,5,5
4440,3,0,3
4441,3,0,3
4442,3,0,3
4443,3,0,3
4444,3,0,3
4445,5,5,5
4446,3,0,3
4447,4,5,5
4448,3,0,3
4449,5,5,5
4450,3,0,3
4451,3,0,3
4452,3,0,3
4453,3,0,3
4454,3,0,3
4455,5,5,5
4456,3,0,3
4457,3,0,3
4458,3,0,3
4459,3,0,3
4460,3,0,3
4461,4,5,5
4462,5,5,5
4463,5,5,5
4464,3,0,3
4465,5,5,5
4466,3,0,3
4467,3,0,3
4468,3,0,3
4469,3,0,3
4470,3,0,3
4471,3,0,3
4472,5,5,5
4473,3,0,3
4474,5,5,5
4475,3,0,3
4476,4,5,5
4477,3,0,3
4478,3,0,3
4479,5,5,5
4480,3,0,3
4481,4,5,5
4482,3,0,3
4483,4,5,5
4484,5,5,5
4485,3,0,3
4486,3,0,3
4487,5,5,5
4488,5,5,5
4489,3,3,4
4490,4,5,5
4491,3,0,3
4492,5,5,5
4493,3,0,3
4494,3,0,3
4495,5,5,5
4496,3,0,3
4497,5,5,5
4498,3,0,3
4499,3,0,3
4500,3,0,3
4501,4,5,5
4502,3,0,3
4503,5,5,5
4504,3,0,3
4505,3,0,3
4506,3,0,3
4507,5,5,5
4508,3,0,3
4509,3,0,3
4510,4,5,5
4511,3,0,3
4512,3,0,3
4513,5,5,5
4514,3,0,3
4515,3,0,3
4516,3,0,3
4517,4,5,5
4518,3,0,3
4519,3,0,3
4520,5,5,5
4521,5,5,5
4522,3,0,3
4523,3,0,3
4524,4,5,5
4525,4,5,5
4526,5,5,5
4527,3,0,3
4528,5,5,5
4529,3,0,3
4530,3,0,3
4531,3,0,3
4532,3,0,3
4533,3,0,3
4534,4,5,5
4535,3,0,3
4536,5,5,5
4537,5,5,5
4538,3,0,3
4539,3,0,3
4540,3,0,3
4541,3,0,3
4542,3,0,3
4543,3,0,3
4544,3,0,3
4545,3,0,3
4546,5,5,5
4547,3,0,3
4548,3,0,3
4549,3,0,3
4550,4,5,5
4551,3,0,3
4552,3,0,3
4553,3,0,3
4554,3,0,3
4555,5,5,5
4556,3,0,3
4557,3,0,3
4558,3,0,3
4559,3,0,3
4560,3,0,3
4561,4,5,5
4562,4,5,5
4563,4,5,5
4564,3,0,3
4565,3,0,3
4566,3,0,3
4567,3,0,3
4568,3,0,3
4569,3,0,3
4570,3,0,3
4571,3,0,3
4572,3,0,3
4573,3,0,3
4574,3,0,3
4575,5,5,5
4576,3,0,3
4577,5,5,5
4578,3,0,3
4579,5,5,5
4580,3,0,3
4581,3,0,3
4582,4,5,5
4583,3,0,3
4584,5,5,5
4585,4,5,5
4586,3,0,3
4587,5,5,5
4588,3,0,3
4589,5,5,5
4590,5,5,5
4591,3,0,3
4592,5,5,5
4593,3,0,3
4594,3,0,3
4595,3,0,3
4596,3,0,3
4597,3,0,3
4598,3,0,3
4599,3,0,3
4600,3,0,3
4601,5,5,5
4602,3,0,3
4603,3,0,3
4604,3,0,3
4605,5,5,5
4606,3,0,3
4607,3,0,3
4608,5,5,5
4609,5,5,5
4610,3,0,3
4611,5,5,5
4612,3,0,3
4613,5,5,5
4614,3,0,3
4615,3,0,3
4616,3,0,3
4617,4,5,5
4618,3,0,3
4619,3,0,3
4620,5,5,5
4621,4,5,5
4622,5,5,5
4623,3,0,3
4624,2,1,7
4625,3,0,3
4626,3,0,3
4627,3,0,3
4628,5,5,5
4629,3,0,3
4630,3,0,3
4631,3,0,3
4632,5,5,5
4633,3,0,3
4634,4,5,5
4635,5,5,5
4636,3,0,3
4637,3,0,3
4638,3,0,3
4639,5,5,5
4640,5,5,5
4641,3,0,3
4642,3,0,3
4643,3,0,3
4644,5,5,5
4645,3,3,4
4646,5,5,5
4647,3,0,3
4648,3,0,3
4649,5,5,5
4650,5,5,5
4651,3,0,3
4652,3,0,3
4653,3,0,3
4654,3,0,3
4655,5,5,5
4656,3,0,3
4657,3,0,3
4658,5,5,5
4659,3,0,3
4660,3,0,3
4661,3,0,3
4662,5,5,5
4663,3,0,3
4664,3,0,3
4665,3,0,3
4666,5,5,5
4667,3,0,3
4668,3,0,3
4669,3,0,3
4670,3,0,3
4671,3,0,3
4672,5,5,5
4673,3,0,3
4674,4,5,5
4675,5,5,5
4676,3,0,3
4677,0,5,5
4678,3,0,3
4679,4,5,5
4680,3,0,3
4681,3,0,3
4682,4,5,5
4683,5,5,5
4684,3,0,3
4685,5,5,5
4686,3,0,3
4687,3,0,3
4688,3,0,3
4689,3,0,3
4690,3,0,3
4691,3,0,3
4692,3,0,3
4693,3,0,3
4694,3,0,3
4695,3,0,3
4696,3,0,3
4697,2,4,2
4698,3,0,3
4699,5,5,5
4700,3,0,3
4701,5,5,5
4702,3,0,3
4703,3,0,3
4704,3,0,3
4705,5,5,5
4706,3,0,3
4707,3,0,3
4708,5,5,5
4709,3,0,3
4710,3,0,3
4711,5,5,5
4712,5,5,5
4713,5,5,5
4714,3,0,3
4715,3,0,3
4716,3,0,3
4717,5,5,5
4718,3,0,3
4719,4,5,5
4720,3,0,3
4721,2,4,2
4722,5,5,5
4723,3,0,3
4724,3,0,3
4725,5,5,5
4726,5,5,5
4727,4,5,5
4728,5,5,5
4729,5,5,5
4730,3,0,3
4731,4,5,5
4732,3,0,3
4733,5,5,5
4734,3,0,3
4735,3,0,3
4736,3,0,3
4737,5,5,5
4738,3,0,3
4739,3,0,3
4740,3,0,3
4741,3,0,3
4742,3,0,3
4743,4,5,5
4744,3,0,3
4745,5,5,5
4746,3,0,3
4747,3,3,4
4748,3,0,3
4749,3,0,3
4750,3,0,3
4751,3,0,3
4752,5,5,5
4753,3,0,3
4754,3,0,3
4755,3,0,3
4756,4,5,5
4757,3,0,3
4758,3,0,3
4759,3,0,3
4760,5,5,5
4761,5,5,5
4762,2,4,2
4763,4,5,5
4764,3,0,3
4765,3,0,3
4766,5,5,5
4767,4,5,5
4768,3,0,3
4769,3,0,3
4770,3,0,3
4771,5,5,5
4772,2,4,2
4773,3,0,3
4774,5,5,5
4775,5,5,5
4776,5,5,5
4777,5,5,5
4778,3,0,3
4779,5,5,5
4780,5,5,5
4781,3,0,3
4782,3,0,3
4783,3,0,3
4784,3,0,3
4785,5,5,5
4786,3,0,3
4787,4,5,5
4788,5,5,5
4789,5,5,5
4790,5,5,5
4791,3,0,3
4792,5,5,5
4793,5,5,5
4794,3,0,3
4795,4,5,5
4796,3,0,3
4797,3,0,3
4798,5,5,5
4799,3,0,3
4800,5,5,5
4801,2,4,2
4802,5,5,5
4803,5,5,5
4804,3,0,3
4805,2,4,2
4806,3,0,3
4807,5,5,5
4808,3,0,3
4809,3,0,3
4810,3,0,3
4811,5,5,5
4812,5,5,5
4813,5,5,5
4814,5,5,5
4815,3,0,3
4816,5,5,5
4817,2,1,7
4818,3,0,3
4819,5,5,5
4820,3,0,3
4821,3,0,3
4822,5,5,5
4823,5,5,5
4824,3,0,3
4825,3,0,3
4826,4,5,5
4827,3,0,3
4828,3,0,3
4829,4,5,5
4830,4,5,5
4831,3,0,3
4832,3,0,3
4833,3,0,3
4834,5,5,5
4835,3,0,3
4836,3,0,3
4837,5,5,5
4838,3,0,3
4839,3,0,3
4840,3,0,3
4841,5,5,5
4842,3,0,3
4843,5,5,5
4844,5,5,5
4845,3,0,3
4846,3,0,3
4847,3,0,3
4848,4,5,5
4849,3,0,3
4850,3,0,3
4851,3,0,3
4852,3,0,3
4853,3,0,3
4854,3,0,3
4855,3,0,3
4856,3,0,3
4857,5,5,5
4858,5,5,5
4859,4,5,5
4860,3,0,3
4861,3,0,3
4862,5,5,5
4863,5,5,5
4864,3,0,3
4865,3,0,3
4866,3,0,3
4867,2,4,2
4868,5,5,5
4869,3,0,3
4870,3,0,3
4871,2,4,2
4872,4,5,5
4873,2,4,2
4874,3,0,3
4875,3,0,3
4876,4,5,5
4877,3,0,3
4878,3,0,3
4879,5,5,5
4880,3,0,3
4881,2,0,3
4882,3,0,3
4883,5,5,5
4884,3,0,3
4885,5,5,5
4886,3,0,3
4887,5,5,5
4888,5,5,5
4889,3,0,3
4890,4,5,5
4891,3,0,3
4892,5,5,5
4893,3,0,3
4894,4,5,5
4895,4,5,5
4896,3,0,3
4897,3,0,3
4898,3,0,3
4899,3,0,3
4900,3,0,3
4901,3,0,3
4902,5,5,5
4903,3,0,3
4904,3,0,3
4905,5,5,5
4906,5,5,5
4907,3,0,3
4908,3,0,3
4909,5,5,5
4910,3,0,3
4911,5,5,5
4912,3,0,3
4913,5,5,5
4914,3,0,3
4915,3,0,3
4916,3,0,3
4917,3,0,3
4918,3,0,3
4919,5,5,5
4920,3,0,3
4921,3,0,3
4922,3,0,3
4923,3,0,3
4924,5,5,5
4925,5,5,5
4926,3,0,3
4927,3,0,3
4928,3,0,3
4929,3,0,3
4930,3,0,3
4931,4,5,5
4932,3,0,3
4933,5,5,5
4934,4,5,5
4935,3,0,3
4936,3,0,3
4937,3,0,3
4938,5,5,5
4939,3,0,3
4940,3,0,3
4941,5,5,5
4942,3,0,3
4943,3,0,3
4944,2,5,5
4945,4,5,5
4946,3,0,3
4947,3,0,3
4948,4,5,5
4949,3,0,3
4950,3,0,3
4951,5,5,5
4952,3,0,3
4953,1,2,0
4954,5,5,5
4955,5,5,5
4956,5,5,5
4957,3,0,3
4958,3,0,3
4959,3,0,3
4960,5,5,5
4961,3,0,3
4962,5,5,5
4963,3,0,3
4964,5,5,5
4965,5,5,5
4966,3,0,3
4967,5,5,5
4968,3,0,3
4969,5,5,5
4970,3,0,3
4971,3,0,3
4972,5,5,5
4973,3,0,3
4974,3,0,3
4975,3,0,3
4976,3,0,3
4977,4,5,5
4978,5,5,5
4979,5,5,5
4980,3,0,3
4981,3,0,3
4982,3,0,3
4983,3,0,3
4984,4,5,5
4985,3,0,3
4986,5,5,5
4987,3,0,3
4988,4,5,5
4989,3,0,3
4990,5,5,5
4991,3,0,3
4992,3,0,3
4993,3,0,3
4994,3,0,3
4995,3,0,3
4996,3,0,3
4997,3,0,3
4998,4,5,5
4999,3,0,3
5000,5,5,5
5001,5,5,5
5002,3,0,3
5003,4,5,5
5004,5,5,5
5005,5,5,5
5006,5,5,5
5007,5,5,5
5008,5,5,5
5009,3,0,3
5010,3,0,3
5011,3,0,3
5012,3,0,3
5013,5,5,5
5014,3,0,3
5015,3,0,3
5016,5,5,5
5017,3,0,3
5018,3,0,3
5019,3,0,3
5020,3,0,3
5021,5,5,5
5022,5,5,5
5023,5,5,5
5024,3,0,3
5025,3,0,3
5026,5,5,5
5027,3,0,3
5028,5,5,5
5029,3,0,3
5030,5,5,5
5031,5,5,5
5032,4,5,5
5033,3,0,3
5034,3,0,3
5035,3,0,3
5036,3,0,3
5037,3,0,3
5038,3,0,3
5039,3,0,3
5040,3,3,4
5041,3,0,3
5042,3,0,3
5043,3,0,3
5044,3,0,3
5045,3,0,3
5046,5,5,5
5047,3,0,3
5048,3,0,3
5049,5,5,5
5050,3,0,3
5051,3,0,3
5052,3,0,3
5053,5,5,5
5054,5,5,5
5055,5,5,5
5056,3,0,3
5057,4,5,5
5058,3,0,3
5059,3,0,3
5060,5,5,5
5061,5,5,5
5062,3,0,3
5063,5,5,5
5064,4,5,5
5065,3,0,3
5066,3,0,3
5067,5,5,5
5068,4,5,5
5069,3,0,3
5070,2,4,2
5071,3,0,3
5072,3,0,3
5073,3,0,3
5074,3,0,3
5075,3,0,3
5076,3,0,3
5077,3,0,3
5078,3,0,3
5079,4,5,5
5080,3,0,3
5081,5,5,5
5082,3,0,3
5083,3,0,3
5084,5,5,5
5085,3,0,3
5086,3,0,3
5087,3,0,3
5088,3,0,3
5089,4,5,5
5090,3,0,3
5091,3,0,3
5092,3,0,3
5093,5,5,5
5094,3,0,3
5095,3,0,3
5096,3,0,3
5097,3,0,3
5098,3,0,3
5099,5,5,5
5100,3,0,3
5101,5,5,5
5102,3,0,3
5103,4,5,5
5104,5,5,5
5105,3,0,3
5106,3,0,3
5107,5,5,5
5108,5,5,5
5109,3,0,3
5110,3,0,3
5111,3,0,3
5112,4,5,5
5113,3,0,3
5114,3,0,3
5115,3,0,3
5116,3,0,3
5117,3,0,3
5118,3,0,3
5119,3,0,3
5120,5,5,5
5121,5,5,5
5122,3,0,3
5123,5,5,5
5124,4,5,5
5125,3,3,4
5126,3,0,3
5127,5,5,5
5128,5,5,5
5129,5,5,5
5130,3,3,4
5131,3,0,3
5132,3,0,3
5133,5,5,5
5134,3,0,3
5135,5,5,5
5136,5,5,5
5137,5,5,5
5138,3,0,3
5139,3,0,3
5140,5,5,5
5141,3,0,3
5142,3,0,3
5143,5,5,5
5144,3,0,3
5145,3,0,3
5146,3,0,3
5147,3,0,3
5148,5,5,5
5149,3,0,3
5150,3,0,3
5151,5,5,5
5152,4,3,4
5153,3,0,3
5154,4,5,5
5155,5,5,5
5156,3,0,3
5157,3,0,3
5158,3,0,3
5159,4,5,5
5160,3,0,3
5161,3,0,3
5162,3,0,3
5163,3,0,3
5164,5,5,5
5165,3,0,3
5166,3,0,3
5167,3,0,3
5168,5,5,5
5169,3,0,3
5170,5,5,5
5171,3,0,3
5172,3,0,3
5173,3,0,3
5174,3,0,3
5175,3,0,3
5176,5,5,5
5177,3,0,3
5178,3,0,3
5179,4,5,5
5180,5,5,5
5181,4,5,5
5182,3,0,3
5183,4,5,5
5184,3,0,3
5185,5,5,5
5186,3,0,3
5187,3,0,3
5188,3,0,3
5189,5,5,5
5190,5,5,5
5191,3,0,3
5192,5,5,5
5193,3,0,3
5194,5,5,5
5195,3,0,3
5196,3,0,3
5197,4,5,5
5198,3,0,3
5199,4,5,5
5200,3,0,3
5201,3,0,3
5202,4,5,5
5203,3,0,3
5204,3,0,3
5205,4,5,5
5206,3,0,3
5207,3,0,3
5208,5,5,5
5209,3,0,3
5210,4,0,3
5211,4,5,5
5212,3,0,3
5213,3,0,3
5214,4,5,5
5215,4,5,5
5216,3,0,3
5217,4,5,5
5218,3,0,3
5219,3,0,3
5220,4,5,5
5221,3,0,3
5222,3,0,3
5223,3,0,3
5224,5,5,5
5225,3,0,3
5226,5,5,5
5227,5,5,5
5228,5,5,5
5229,3,0,3
5230,5,5,5
5231,5,5,5
5232,3,0,3
5233,3,0,3
5234,3,0,3
5235,3,0,3
5236,5,5,5
5237,4,5,5
5238,5,5,5
5239,4,5,5
5240,3,0,3
5241,5,5,5
5242,3,0,3
5243,3,0,3
5244,3,0,3
5245,3,0,3
5246,3,0,3
5247,2,4,2
5248,3,0,3
5249,3,0,3
5250,5,5,5
5251,5,5,5
5252,3,0,3
5253,5,5,5
5254,5,5,5
5255,5,5,5
5256,3,0,3
5257,5,5,5
5258,3,0,3
5259,3,0,3
5260,3,0,3
5261,3,0,3
5262,5,5,5
5263,4,5,5
5264,4,5,5
5265,3,0,3
5266,3,0,3
5267,5,5,5
5268,3,0,3
5269,3,0,3
5270,3,0,3
5271,4,5,5
5272,3,0,3
5273,3,3,4
5274,3,0,3
5275,3,0,3
5276,3,0,3
5277,2,5,5
5278,3,0,3
5279,3,0,3
5280,4,5,5
5281,4,5,5
5282,3,0,3
5283,3,0,3
5284,3,0,3
5285,3,0,3
5286,3,0,3
5287,3,0,3
5288,3,0,3
5289,3,0,3
5290,4,5,5
5291,3,0,3
5292,4,5,5
5293,3,0,3
5294,3,0,3
5295,5,5,5
5296,5,5,5
5297,3,0,3
5298,3,0,3
5299,5,5,5
5300,3,0,3
5301,3,0,3
5302,4,5,5
5303,2,4,2
5304,3,0,3
5305,4,5,5
5306,3,0,3
5307,3,0,3
5308,4,5,5
5309,4,5,5
5310,5,5,5
5311,3,0,3
5312,5,5,5
5313,4,5,5
5314,3,0,3
5315,5,5,5
5316,5,5,5
5317,3,0,3
5318,3,0,3
5319,3,0,3
5320,3,0,3
5321,3,0,3
5322,3,0,3
5323,5,5,5
5324,3,0,3
5325,5,5,5
5326,3,0,3
5327,3,0,3
5328,5,5,5
5329,3,0,3
5330,3,0,3
5331,3,0,3
5332,3,0,3
5333,3,0,3
5334,5,5,5
5335,5,5,5
5336,3,0,3
5337,5,5,5
5338,3,0,3
5339,3,0,3
5340,5,5,5
5341,3,0,3
5342,3,0,3
5343,3,0,3
5344,3,0,3
5345,5,5,5
5346,3,0,3
5347,3,0,3
5348,3,0,3
5349,3,0,3
5350,3,0,3
5351,3,0,3
5352,3,0,3
5353,2,4,2
5354,3,3,4
5355,3,0,3
5356,3,0,3
5357,3,0,3
5358,3,0,3
5359,5,5,5
5360,3,0,3
5361,3,0,3
5362,3,0,3
5363,3,0,3
5364,5,5,5
5365,3,0,3
5366,5,5,5
5367,5,5,5
5368,3,0,3
5369,3,0,3
5370,3,0,3
5371,3,0,3
5372,2,4,2
5373,5,5,5
5374,3,0,3
5375,3,0,3
5376,3,0,3
5377,3,0,3
5378,3,0,3
5379,3,0,3
5380,3,0,3
5381,2,4,2
5382,3,0,3
5383,4,5,5
5384,5,5,5
5385,3,0,3
5386,3,0,3
5387,3,0,3
5388,3,0,3
5389,3,0,3
5390,3,0,3
5391,4,5,5
5392,3,0,3
5393,3,0,3
5394,3,0,3
5395,3,0,3
5396,3,0,3
5397,5,5,5
5398,5,5,5
5399,3,0,3
5400,3,0,3
5401,3,0,3
5402,5,5,5
5403,3,0,3
5404,3,0,3
5405,5,5,5
5406,3,0,3
5407,3,0,3
5408,3,0,3
5409,5,5,5
5410,3,0,3
5411,3,0,3
5412,3,0,3
5413,3,3,4
5414,3,0,3
5415,3,0,3
5416,3,0,3
5417,3,0,3
5418,5,5,5
5419,3,0,3
5420,4,5,5
5421,5,5,5
5422,3,0,3
5423,3,0,3
5424,5,5,5
5425,3,0,3
5426,4,5,5
5427,4,5,5
5428,3,0,3
5429,5,5,5
5430,5,5,5
5431,3,0,3
5432,3,0,3
5433,5,5,5
5434,3,0,3
5435,3,0,3
5436,3,0,3
5437,3,0,3
5438,3,0,3
5439,5,5,5
5440,3,0,3
5441,3,0,3
5442,5,5,5
5443,3,0,3
5444,5,5,5
5445,4,5,5
5446,3,0,3
5447,5,5,5
5448,3,0,3
5449,5,5,5
5450,3,0,3
5451,5,5,5
5452,3,0,3
5453,5,5,5
5454,3,0,3
5455,5,5,5
5456,5,5,5
5457,3,0,3
5458,3,0,3
5459,3,0,3
5460,5,5,5
5461,5,5,5
5462,3,0,3
5463,3,0,3
5464,4,5,5
5465,5,5,5
5466,5,5,5
5467,5,5,5
5468,5,5,5
5469,4,5,5
5470,3,0,3
5471,3,0,3
5472,3,0,3
5473,3,0,3
5474,3,0,3
5475,4,5,5
5476,5,5,5
5477,3,0,3
5478,3,0,3
5479,3,0,3
5480,4,5,5
5481,5,5,5
5482,3,0,3
5483,3,0,3
5484,3,0,3
5485,3,0,3
5486,3,0,3
5487,3,0,3
5488,4,5,5
5489,3,0,3
5490,3,0,3
5491,3,0,3
5492,3,0,3
5493,3,0,3
5494,3,0,3
5495,3,0,3
5496,5,5,5
5497,3,0,3
5498,3,0,3
5499,5,5,5
5500,3,0,3
5501,3,0,3
5502,3,0,3
5503,3,0,3
5504,3,0,3
5505,3,0,3
5506,3,0,3
5507,3,0,3
5508,3,0,3
5509,3,0,3
5510,3,0,3
5511,5,5,5
5512,3,0,3
5513,3,0,3
5514,3,0,3
5515,3,0,3
5516,3,0,3
5517,3,0,3
5518,3,3,4
5519,5,5,5
5520,5,5,5
5521,5,5,5
5522,3,0,3
5523,3,0,3
5524,5,5,5
5525,5,5,5
5526,3,0,3
5527,3,0,3
5528,3,0,3
5529,3,0,3
5530,3,0,3
5531,3,0,3
5532,3,0,3
5533,3,0,3
5534,4,5,5
5535,4,5,5
5536,4,5,5
5537,3,0,3
5538,5,5,5
5539,3,0,3
5540,5,5,5
5541,5,5,5
5542,3,0,3
5543,3,0,3
5544,3,0,3
5545,5,5,5
5546,3,0,3
5547,3,0,3
5548,4,5,5
5549,3,0,3
5550,3,0,3
5551,3,0,3
5552,3,0,3
5553,5,5,5
5554,3,0,3
5555,4,5,5
5556,5,5,5
5557,4,5,5
5558,5,5,5
5559,5,5,5
5560,3,0,3
5561,5,5,5
5562,3,0,3
5563,3,0,3
5564,3,0,3
5565,3,0,3
5566,3,0,3
5567,4,5,5
5568,3,0,3
5569,3,3,4
5570,3,0,3
5571,3,0,3
5572,3,0,3
5573,3,0,3
5574,6,6,6
5575,6,6,6
5576,6,6,6
5577,1,5,5
5578,6,6,6
5579,6,6,6
5580,6,6,6
5581,7,1,7
5582,6,6,6
5583,6,6,6
5584,6,6,6
5585,6,6,6
5586,6,1,7
5587,6,6,6
5588,6,6,6
5589,1,5,5
5590,6,1,7
5591,6,6,6
5592,6,6,6
5593,6,6,6
5594,6,6,6
5595,7,1,7
5596,6,6,6
5597,6,6,6
5598,6,6,6
5599,6,6,6
5600,6,6,6
5601,6,6,6
5602,6,6,6
5603,6,6,6
5604,6,6,6
5605,6,6,6
5606,6,6,6
5607,6,6,6
5608,6,6,6
5609,6,6,6
5610,6,6,6
5611,6,6,6
5612,1,5,5
5613,6,6,6
5614,6,6,6
5615,6,6,6
5616,6,6,6
5617,6,6,6
5618,6,6,6
5619,6,6,6
5620,6,6,6
5621,6,6,6
5622,6,6,6
5623,6,6,6
5624,6,6,6
5625,7,1,7
5626,6,6,6
5627,6,6,6
5628,6,6,6
5629,6,6,6
5630,6,6,6
5631,6,6,6
5632,6,6,6
5633,6,6,6
5634,6,6,6
5635,7,1,7
5636,6,6,6
5637,6,6,6
5638,6,6,6
5639,6,6,6
5640,6,6,6
5641,6,6,6
5642,6,6,6
5643,6,6,6
5644,6,6,6
5645,6,6,6
5646,6,6,6
5647,6,6,6
5648,7,1,7
5649,6,6,6
5650,6,6,6
5651,6,6,6
5652,6,6,6
5653,6,6,6
5654,6,6,6
5655,6,6,6
5656,6,1,7
5657,6,6,6
5658,3,0,3
5659,6,6,6
5660,6,6,6
5661,6,6,6
5662,6,6,6
5663,6,6,6
5664,6,6,6
5665,6,6,6
5666,6,6,6
5667,6,6,6
5668,6,6,6
5669,6,6,6
5670,6,1,7
5671,6,6,6
5672,6,6,6
5673,6,6,6
5674,6,6,6
5675,6,6,6
5676,6,6,6
5677,6,6,6
5678,6,6,6
5679,6,6,6
5680,6,6,6
5681,6,6,6
5682,6,6,6
5683,6,6,6
5684,6,6,6
5685,6,6,6
5686,6,6,6
5687,6,6,6
5688,6,6,6
5689,7,1,7
5690,6,6,6
5691,6,6,6
5692,6,6,6
5693,6,1,7
5694,6,6,6
5695,6,6,6
5696,6,6,6
5697,6,6,6
5698,6,6,6
5699,6,6,6
5700,6,6,6
5701,6,6,6
5702,6,6,6
5703,6,6,6
5704,6,6,6
5705,6,6,6
5706,6,6,6
5707,1,5,5
5708,7,1,7
5709,6,6,6
5710,6,6,6
5711,6,6,6
5712,6,6,6
5713,6,6,6
5714,6,6,6
5715,6,6,6
5716,6,6,6
5717,6,6,6
5718,6,6,6
5719,6,6,6
5720,6,6,6
5721,6,6,6
5722,6,6,6
5723,6,6,6
5724,6,6,6
5725,6,6,6
5726,6,6,6
5727,6,6,6
5728,6,6,6
5729,6,6,6
5730,1,5,5
5731,6,6,6
5732,6,6,6
5733,6,6,6
5734,6,6,6
5735,7,1,7
5736,6,6,6
5737,6,6,6
5738,6,6,6
5739,6,6,6
5740,6,6,6
5741,6,6,6
5742,6,6,6
5743,6,1,7
5744,6,6,6
5745,6,6,6
5746,6,6,6
5747,6,6,6
5748,6,6,6
5749,6,6,6
5750,6,6,6
5751,0,2,0
5752,6,6,6
5753,7,1,7
5754,6,6,6
5755,6,6,6
5756,6,6,6
5757,6,6,6
5758,6,6,6
5759,6,6,6
5760,6,6,6
5761,6,6,6
5762,6,6,6
5763,6,6,6
5764,6,6,6
5765,6,6,6
5766,6,6,6
5767,6,6,6
5768,6,6,6
5769,6,6,6
5770,6,6,6
5771,6,6,6
5772,6,6,6
5773,6,6,6
5774,6,1,7
5775,1,6,6
5776,6,6,6
5777,6,6,6
5778,6,6,6
5779,6,6,6
5780,6,6,6
5781,6,1,7
5782,6,6,6
5783,6,6,6
5784,6,6,6
5785,6,6,6
5786,6,6,6
5787,6,6,6
5788,6,6,6
5789,6,6,6
5790,1,5,5
5791,6,6,6
5792,6,6,6
5793,6,6,6
5794,6,6,6
5795,6,1,7
5796,6,6,6
5797,6,6,6
5798,6,6,6
5799,6,6,6
5800,6,6,6
5801,6,6,6
5802,6,6,6
5803,6,6,6
5804,6,6,6
5805,6,6,6
5806,7,1,7
5807,6,6,6
5808,6,6,6
5809,6,6,6
5810,6,6,6
5811,6,6,6
5812,6,6,6
5813,6,6,6
5814,6,6,6
5815,6,6,6
5816,6,6,6
5817,6,6,6
5818,6,6,6
5819,6,6,6
5820,6,6,6
5821,6,6,6
5822,6,6,6
5823,6,6,6
5824,6,6,6
5825,6,6,6
5826,6,6,6
5827,6,6,6
5828,6,6,6
5829,6,6,6
5830,6,6,6
5831,6,6,6
5832,6,6,6
5833,6,6,6
5834,6,6,6
5835,7,1,7
5836,6,6,6
5837,7,1,7
5838,6,1,7
5839,6,6,6
5840,6,6,6
5841,6,1,7
5842,6,1,7
5843,6,6,6
5844,6,6,6
5845,6,6,6
5846,6,6,6
5847,6,6,6
5848,6,6,6
5849,6,6,6
5850,6,1,7
5851,6,6,6
5852,6,6,6
5853,6,6,6
5854,6,6,6
5855,6,6,6
5856,6,6,6
5857,6,6,6
5858,6,6,6
5859,6,1,7
5860,6,6,6
5861,6,6,6
5862,6,6,6
5863,6,6,6
5864,6,6,6
5865,6,6,6
5866,6,6,6
5867,6,6,6
5868,6,6,6
5869,7,1,7
5870,6,6,6
5871,6,6,6
5872,6,6,6
5873,6,6,6
5874,7,1,7
5875,6,1,7
5876,6,6,6
5877,6,6,6
5878,6,6,6
5879,6,6,6
5880,6,6,6
5881,6,6,6
5882,6,6,6
5883,6,6,6
5884,6,6,6
5885,6,6,6
5886,7,1,7
5887,6,6,6
5888,6,6,6
5889,6,6,6
5890,7,1,7
5891,6,6,6
5892,6,6,6
5893,6,6,6
5894,6,6,6
5895,6,6,6
5896,6,6,6
5897,6,6,6
5898,6,6,6
5899,6,6,6
5900,6,6,6
5901,6,6,6
5902,6,6,6
5903,6,6,6
5904,6,6,6
5905,6,6,6
5906,6,6,6
5907,6,6,6
5908,6,6,6
5909,6,1,7
5910,6,6,6
5911,6,6,6
5912,6,6,6
5913,6,6,6
5914,6,6,6
5915,6,6,6
5916,6,1,7
5917,6,6,6
5918,6,6,6
5919,6,6,6
5920,1,5,5
5921,6,6,6
5922,6,6,6
5923,6,6,6
5924,0,2,0
5925,6,6,6
5926,6,1,7
5927,6,6,6
5928,6,6,6
5929,6,6,6
5930,6,1,7
5931,6,6,6
5932,6,6,6
5933,6,1,7
5934,6,6,6
5935,6,6,6
5936,6,6,6
5937,6,6,6
5938,6,6,6
5939,6,6,6
5940,6,6,6
5941,1,6,6
5942,6,1,7
5943,6,6,6
5944,6,1,7
5945,6,6,6
5946,6,6,6
5947,6,6,6
5948,7,1,7
5949,6,6,6
5950,6,6,6
5951,6,6,6
5952,6,6,6
5953,6,6,6
5954,6,6,6
5955,6,6,6
5956,6,6,6
5957,6,6,6
5958,6,6,6
5959,6,6,6
5960,6,6,6
5961,6,6,6
5962,0,2,0
5963,6,6,6
5964,6,6,6
5965,6,1,7
5966,6,6,6
5967,6,6,6
5968,6,6,6
5969,6,1,7
5970,6,6,6
5971,6,6,6
5972,6,6,6
5973,1,6,6
5974,6,6,6
5975,6,6,6
5976,6,6,6
5977,6,6,6
5978,6,6,6
5979,6,6,6
5980,6,6,6
5981,6,6,6
5982,6,6,6
5983,6,6,6
5984,6,6,6
5985,6,6,6
5986,6,6,6
5987,6,6,6
5988,6,6,6
5989,6,6,6
5990,6,6,6
5991,6,6,6
5992,6,6,6
5993,6,6,6
5994,6,1,7
5995,6,6,6
5996,6,6,6
5997,6,6,6
5998,6,6,6
5999,6,6,6
6000,6,6,6
6001,6,6,6
6002,6,6,6
6003,6,6,6
6004,6,6,6
6005,6,6,6
6006,6,6,6
6007,6,1,7
6008,6,6,6
6009,6,1,7
6010,6,6,6
6011,6,6,6
6012,6,6,6
6013,6,6,6
6014,0,2,0
6015,6,6,6
6016,6,6,6
6017,1,5,5
6018,1,6,6
6019,7,1,7
6020,6,6,6
6021,6,6,6
6022,1,5,5
6023,6,6,6
6024,1,5,5
6025,6,6,6
6026,6,6,6
6027,6,6,6
6028,6,6,6
6029,6,6,6
6030,6,6,6
6031,6,6,6
6032,6,6,6
6033,6,6,6
6034,6,6,6
6035,6,6,6
6036,6,6,6
6037,6,6,6
6038,6,6,6
6039,6,6,6
6040,6,6,6
6041,6,1,7
6042,1,5,5
6043,6,6,6
6044,6,6,6
6045,6,6,6
6046,6,6,6
6047,6,6,6
6048,6,6,6
6049,6,6,6
6050,6,6,6
6051,6,6,6
6052,6,6,6
6053,6,6,6
6054,6,6,6
6055,6,6,6
6056,6,6,6
6057,6,6,6
6058,6,6,6
6059,6,6,6
6060,6,6,6
6061,6,6,6
6062,6,6,6
6063,6,6,6
6064,6,6,6
6065,6,6,6
6066,6,6,6
6067,6,6,6
6068,6,6,6
6069,6,6,6
6070,6,6,6
6071,6,6,6
6072,6,1,7
6073,6,6,6
6074,7,1,7
6075,1,5,5
6076,6,6,6
6077,6,6,6
6078,6,6,6
6079,6,6,6
6080,6,6,6
6081,6,6,6
6082,6,6,6
6083,6,6,6
6084,6,6,6
6085,0,2,0
6086,6,6,6
6087,6,6,6
6088,6,1,7
6089,6,6,6
6090,7,1,7
6091,6,6,6
6092,6,6,6
6093,6,6,6
6094,6,6,6
6095,7,1,7
6096,6,6,6
6097,6,6,6
6098,6,6,6
6099,6,6,6
6100,6,6,6
6101,6,6,6
6102,6,6,6
6103,6,6,6
6104,6,6,6
6105,6,6,6
6106,6,6,6
6107,6,6,6
6108,6,6,6
6109,6,6,6
6110,1,5,5
6111,6,6,6
6112,6,6,6
6113,6,6,6
6114,0,2,0
6115,6,6,6
6116,6,6,6
6117,6,1,7
6118,1,5,5
6119,6,6,6
6120,6,1,7
6121,6,6,6
6122,6,6,6
6123,6,6,6
6124,6,6,6
6125,6,6,6
6126,6,6,6
6127,6,6,6
6128,6,6,6
6129,6,6,6
6130,6,6,6
6131,6,6,6
6132,6,6,6
6133,7,1,7
6134,6,6,6
6135,6,6,6
6136,6,6,6
6137,6,6,6
6138,6,6,6
6139,6,6,6
6140,6,6,6
6141,7,1,7
6142,6,6,6
6143,6,6,6
6144,6,6,6
6145,6,6,6
6146,6,6,6
6147,6,6,6
6148,6,6,6
6149,6,6,6
6150,6,6,6
6151,6,6,6
6152,6,6,6
6153,6,6,6
6154,6,6,6
6155,6,6,6
6156,6,6,6
6157,6,6,6
6158,6,6,6
6159,6,6,6
6160,6,6,6
6161,6,6,6
6162,6,6,6
6163,6,6,6
6164,6,6,6
6165,6,1,7
6166,6,6,6
6167,6,6,6
6168,6,6,6
6169,6,6,6
6170,6,6,6
6171,6,6,6
6172,6,6,6
6173,7,1,7
6174,6,6,6
6175,6,6,6
6176,6,6,6
6177,6,6,6
6178,6,6,6
6179,6,6,6
6180,6,1,7
6181,6,6,6
6182,6,1,7
6183,6,6,6
6184,6,6,6
6185,6,6,6
6186,6,6,6
6187,6,6,6
6188,0,2,0
6189,7,1,7
6190,7,1,7
6191,6,6,6
6192,6,6,6
6193,6,6,6
6194,6,6,6
6195,6,6,6
6196,6,6,6
6197,6,6,6
6198,6,6,6
6199,6,6,6
6200,6,6,6
6201,6,6,6
6202,6,6,6
6203,6,6,6
6204,6,6,6
6205,6,6,6
6206,6,6,6
6207,6,6,6
6208,6,6,6
6209,6,6,6
6210,6,6,6
6211,6,6,6
6212,1,5,5
6213,6,6,6
6214,6,6,6
6215,6,6,6
6216,6,6,6
6217,6,6,6
6218,6,6,6
6219,6,1,7
6220,6,6,6
6221,6,6,6
6222,6,6,6
6223,6,6,6
6224,6,6,6
6225,6,6,6
6226,6,6,6
6227,1,5,5
6228,6,6,6
6229,6,6,6
6230,6,6,6
6231,6,6,6
6232,6,1,7
6233,6,6,6
6234,6,6,6
6235,1,5,5
6236,6,6,6
6237,6,6,6
6238,6,6,6
6239,6,6,6
6240,6,6,6
6241,6,6,6
6242,6,6,6
6243,6,6,6
6244,6,6,6
6245,6,6,6
6246,6,6,6
6247,6,6,6
6248,6,6,6
6249,6,6,6
6250,6,6,6
6251,6,6,6
6252,6,1,7
6253,1,5,5
6254,6,6,6
6255,6,6,6
6256,6,6,6
6257,6,6,6
6258,6,6,6
6259,6,6,6
6260,1,5,5
6261,6,6,6
6262,1,6,6
6263,6,6,6
6264,6,6,6
6265,7,1,7
6266,6,6,6
6267,6,6,6
6268,6,6,6
6269,6,6,6
6270,6,6,6
6271,6,6,6
6272,6,6,6
6273,6,6,6
6274,6,6,6
6275,6,6,6
6276,6,6,6
6277,6,6,6
6278,6,6,6
6279,6,6,6
6280,6,6,6
6281,6,6,6
6282,6,6,6
6283,6,6,6
6284,6,6,6
6285,6,6,6
6286,6,6,6
6287,6,6,6
6288,6,6,6
6289,6,6,6
6290,6,6,6
6291,6,6,6
6292,6,6,6
6293,6,6,6
6294,6,6,6
6295,6,6,6
6296,6,6,6
6297,6,6,6
6298,6,6,6
6299,1,5,5
6300,6,1,7
6301,6,6,6
6302,6,1,7
6303,6,6,6
6304,6,6,6
6305,1,5,5
6306,6,1,7
6307,6,6,6
6308,6,6,6
6309,0,5,5
6310,6,6,6
6311,6,6,6
6312,6,6,6
6313,6,6,6
6314,6,6,6
6315,6,6,6
6316,6,6,6
6317,6,6,6
6318,6,6,6
6319,6,6,6
6320,6,6,6
6321,6,6,6
6322,6,6,6
6323,6,6,6
6324,6,6,6
6325,6,6,6
6326,6,6,6
6327,6,6,6
6328,6,6,6
6329,6,6,6
6330,6,6,6
6331,6,6,6
6332,7,1,7
6333,6,6,6
6334,6,6,6
6335,6,6,6
6336,6,6,6
6337,6,6,6
6338,6,6,6
6339,6,1,7
6340,0,2,0
6341,6,6,6
6342,6,1,7
6343,6,6,6
6344,6,6,6
6345,6,6,6
6346,6,6,6
6347,6,6,6
6348,6,6,6
6349,6,6,6
6350,6,6,6
6351,6,6,6
6352,6,1,7
6353,6,6,6
6354,6,6,6
6355,6,6,6
6356,6,6,6
6357,1,5,5
6358,6,6,6
6359,6,6,6
6360,6,6,6
6361,6,6,6
6362,6,6,6
6363,6,6,6
6364,6,6,6
6365,6,6,6
6366,6,6,6
6367,6,6,6
6368,6,6,6
6369,6,6,6
6370,7,1,7
6371,6,6,6
6372,6,6,6
6373,6,6,6
6374,6,6,6
6375,6,6,6
6376,6,6,6
6377,6,6,6
6378,6,6,6
6379,6,6,6
6380,6,6,6
6381,6,1,7
6382,6,6,6
6383,6,6,6
6384,6,6,6
6385,6,6,6
6386,6,6,6
6387,6,6,6
6388,6,6,6
6389,6,6,6
6390,6,6,6
6391,6,6,6
6392,6,6,6
6393,6,6,6
6394,6,6,6
6395,6,6,6
6396,6,6,6
6397,6,6,6
6398,7,1,7
6399,6,6,6
6400,6,6,6
6401,6,6,6
6402,6,6,6
6403,6,6,6
6404,6,6,6
6405,6,6,6
6406,6,1,7
6407,6,6,6
6408,6,6,6
6409,6,6,6
6410,6,6,6
6411,6,6,6
6412,6,6,6
6413,6,6,6
6414,6,6,6
6415,6,6,6
6416,6,6,6
6417,6,6,6
6418,6,6,6
6419,6,6,6
6420,6,6,6
6421,6,6,6
6422,6,6,6
6423,6,6,6
6424,6,6,6
6425,6,6,6
6426,6,6,6
6427,6,6,6
6428,6,6,6
6429,6,6,6
6430,6,6,6
6431,6,6,6
6432,1,5,5
6433,6,6,6
6434,6,1,7
6435,7,1,7
6436,6,6,6
6437,6,6,6
6438,6,6,6
6439,6,6,6
6440,7,1,7
6441,6,6,6
6442,6,6,6
6443,6,6,6
6444,6,6,6
6445,6,6,6
6446,6,6,6
6447,6,6,6
6448,6,6,6
6449,6,6,6
6450,6,6,6
6451,6,6,6
6452,6,6,6
6453,6,6,6
6454,6,6,6
6455,6,6,6
6456,6,6,6
6457,6,6,6
6458,6,6,6
6459,6,6,6
6460,6,6,6
6461,7,1,7
6462,7,1,7
6463,6,1,7
6464,6,6,6
6465,6,6,6
6466,6,6,6
6467,6,1,7
6468,6,6,6
6469,6,6,6
6470,6,6,6
6471,6,6,6
6472,6,1,7
6473,6,1,7
6474,6,6,6
6475,6,6,6
6476,6,1,7
6477,6,6,6
6478,6,6,6
6479,6,6,6
6480,6,6,6
6481,6,6,6
6482,6,6,6
6483,6,1,7
6484,6,6,6
6485,6,6,6
6486,6,6,6
6487,6,6,6
6488,6,6,6
6489,6,6,6
6490,6,6,6
6491,6,6,6
6492,6,6,6
6493,6,1,7
6494,6,6,6
6495,6,6,6
6496,6,6,6
6497,6,6,6
6498,6,6,6
6499,6,6,6
6500,6,6,6
6501,6,6,6
6502,6,6,6
6503,6,6,6
6504,6,6,6
6505,6,6,6
6506,6,6,6
6507,6,6,6
6508,6,6,6
6509,6,6,6
6510,6,1,7
6511,6,6,6
6512,6,6,6
6513,6,6,6
6514,6,6,6
6515,6,6,6
6516,6,6,6
6517,6,6,6
6518,6,6,6
6519,6,6,6
6520,6,1,7
6521,6,6,6
6522,6,6,6
6523,6,6,6
6524,6,6,6
6525,6,6,6
6526,6,6,6
6527,6,6,6
6528,6,6,6
6529,6,6,6
6530,6,6,6
6531,6,6,6
6532,6,6,6
6533,6,6,6
6534,6,6,6
6535,6,6,6
6536,6,6,6
6537,6,6,6
6538,6,6,6
6539,6,6,6
6540,6,6,6
6541,6,6,6
6542,6,6,6
6543,6,6,6
6544,6,6,6
6545,6,6,6
6546,7,1,7
6547,6,6,6
6548,6,6,6
6549,6,1,7
6550,6,6,6
6551,6,6,6
6552,6,6,6
6553,6,6,6
6554,6,6,6
6555,6,6,6
6556,6,6,6
6557,6,6,6
6558,6,6,6
6559,6,6,6
6560,6,6,6
6561,6,6,6
6562,6,1,7
6563,6,6,6
6564,7,1,7
6565,6,6,6
6566,6,6,6
6567,6,1,7
6568,7,1,7
6569,6,6,6
6570,6,6,6
6571,6,6,6
6572,6,6,6
6573,6,6,6
6574,6,6,6
6575,1,5,5
6576,6,6,6
6577,6,6,6
6578,6,6,6
6579,6,6,6
6580,6,6,6
6581,6,6,6
6582,6,6,6
6583,6,6,6
6584,6,6,6
6585,6,6,6
6586,0,2,0
6587,6,6,6
6588,6,6,6
6589,6,6,6
6590,6,6,6
6591,6,6,6
6592,6,6,6
6593,6,6,6
6594,6,6,6
6595,6,6,6
6596,6,6,6
6597,7,1,7
6598,6,6,6
6599,6,6,6
6600,6,6,6
6601,6,6,6
6602,6,6,6
6603,6,6,6
6604,6,6,6
6605,6,6,6
6606,6,6,6
6607,6,6,6
6608,6,1,7
6609,6,6,6
6610,1,5,5
6611,7,1,7
6612,6,6,6
6613,6,6,6
6614,6,6,6
6615,6,6,6
6616,6,6,6
6617,6,6,6
6618,6,6,6
6619,6,6,6
6620,6,6,6
6621,6,6,6
6622,6,6,6
6623,6,6,6
6624,6,6,6
6625,6,6,6
6626,6,6,6
6627,6,6,6
6628,6,6,6
6629,6,6,6
6630,6,6,6
6631,7,1,7
6632,6,6,6
6633,6,6,6
6634,6,6,6
6635,6,6,6
6636,6,6,6
6637,6,6,6
6638,6,6,6
6639,6,6,6
6640,6,6,6
6641,6,6,6
6642,6,6,6
6643,7,1,7
6644,6,6,6
6645,6,6,6
6646,6,6,6
6647,6,6,6
6648,6,6,6
6649,6,6,6
6650,6,1,7
6651,6,6,6
6652,6,6,6
6653,6,6,6
6654,6,6,6
6655,6,6,6
6656,6,6,6
6657,6,6,6
6658,6,6,6
6659,6,6,6
6660,6,6,6
6661,6,6,6
6662,6,6,6
6663,6,6,6
6664,6,6,6
6665,6,6,6
6666,6,6,6
6667,6,6,6
6668,6,6,6
6669,6,6,6
6670,6,6,6
6671,6,6,6
6672,6,6,6
6673,6,6,6
6674,6,6,6
6675,6,6,6
6676,6,6,6
6677,6,6,6
6678,6,6,6
6679,1,6,6
6680,6,6,6
6681,6,6,6
6682,6,6,6
6683,7,1,7
6684,6,6,6
6685,6,6,6
6686,6,6,6
6687,6,6,6
6688,6,6,6
6689,6,6,6
6690,0,2,0
6691,6,6,6
6692,6,6,6
6693,6,6,6
6694,6,6,6
6695,6,6,6
6696,6,6,6
6697,6,6,6
6698,6,6,6
6699,6,6,6
6700,6,6,6
6701,6,6,6
6702,6,1,7
6703,6,6,6
6704,6,6,6
6705,6,6,6
6706,6,6,6
6707,6,6,6
6708,6,6,6
6709,6,1,7
6710,6,6,6
6711,1,6,6
6712,6,6,6
6713,6,6,6
6714,6,6,6
6715,6,6,6
6716,1,5,5
6717,6,6,6
6718,6,6,6
6719,6,6,6
6720,6,6,6
6721,6,6,6
6722,6,6,6
6723,6,6,6
6724,6,6,6
6725,6,6,6
6726,6,6,6
6727,6,6,6
6728,6,6,6
6729,6,1,7
6730,6,6,6
6731,6,6,6
6732,7,1,7
6733,6,6,6
6734,6,6,6
6735,6,6,6
6736,6,6,6
6737,6,1,7
6738,6,6,6
6739,6,6,6
6740,6,6,6
6741,6,6,6
6742,6,6,6
6743,6,6,6
6744,6,6,6
6745,7,1,7
6746,6,6,6
6747,6,6,6
6748,6,6,6
6749,6,6,6
6750,1,5,5
6751,6,6,6
6752,6,6,6
6753,6,6,6
6754,6,6,6
6755,6,6,6
6756,6,6,6
6757,6,6,6
6758,6,6,6
6759,6,6,6
6760,6,6,6
6761,6,6,6
6762,6,6,6
6763,6,6,6
6764,6,6,6
6765,6,6,6
6766,6,6,6
6767,6,6,6
6768,6,6,6
6769,0,2,0
6770,6,6,6
6771,6,1,7
6772,6,6,6
6773,6,6,6
6774,6,6,6
6775,6,6,6
6776,6,6,6
6777,6,6,6
6778,7,1,7
6779,6,6,6
6780,6,6,6
6781,6,6,6
6782,6,6,6
6783,6,6,6
6784,6,6,6
6785,6,6,6
6786,6,6,6
6787,6,6,6
6788,6,6,6
6789,6,6,6
6790,6,6,6
6791,6,6,6
6792,6,6,6
6793,6,6,6
6794,6,6,6
6795,6,6,6
6796,6,6,6
6797,6,6,6
6798,6,6,6
6799,6,1,7
6800,6,6,6
6801,6,6,6
6802,6,6,6
6803,6,6,6
6804,6,6,6
6805,6,6,6
6806,6,6,6
6807,6,6,6
6808,6,1,7
6809,6,6,6
6810,1,5,5
6811,6,6,6
6812,6,6,6
6813,6,6,6
6814,6,6,6
6815,6,6,6
6816,6,6,6
6817,6,6,6
6818,6,6,6
6819,6,6,6
6820,6,6,6
6821,6,6,6
6822,6,6,6
6823,6,6,6
6824,6,1,7
6825,1,5,5
6826,6,6,6
6827,7,1,7
6828,6,6,6
6829,6,6,6
6830,6,6,6
6831,6,6,6
6832,6,6,6
6833,6,6,6
6834,6,6,6
6835,6,6,6
6836,6,6,6
6837,6,6,6
6838,6,6,6
6839,6,6,6
6840,6,6,6
6841,6,6,6
6842,7,1,7
6843,6,6,6
6844,6,6,6
6845,6,6,6
6846,6,6,6
6847,6,6,6
6848,6,6,6
6849,6,6,6
6850,6,6,6
6851,6,6,6
6852,6,6,6
6853,6,6,6
6854,1,5,5
6855,6,6,6
6856,1,5,5
6857,6,6,6
6858,6,6,6
6859,6,6,6
6860,6,6,6
6861,6,6,6
6862,6,6,6
6863,6,6,6
6864,1,5,5
6865,6,6,6
6866,6,1,7
6867,6,1,7
6868,6,6,6
6869,6,6,6
6870,6,6,6
6871,6,6,6
6872,6,6,6
6873,6,1,7
6874,6,6,6
6875,6,6,6
6876,6,6,6
6877,6,6,6
6878,6,6,6
6879,6,6,6
6880,6,6,6
6881,6,6,6
6882,6,6,6
6883,6,6,6
6884,6,6,6
6885,6,6,6
6886,6,6,6
6887,7,1,7
6888,6,6,6
6889,6,6,6
6890,6,6,6
6891,6,6,6
6892,6,6,6
6893,6,6,6
6894,6,6,6
6895,7,1,7
6896,6,6,6
6897,6,6,6
6898,6,6,6
6899,6,6,6
6900,6,6,6
6901,6,6,6
6902,6,6,6
6903,6,6,6
6904,6,6,6
6905,7,1,7
6906,6,6,6
6907,6,6,6
6908,6,6,6
6909,6,6,6
6910,6,6,6
6911,7,1,7
6912,6,6,6
6913,6,6,6
6914,6,6,6
6915,6,1,7
6916,6,6,6
6917,6,6,6
6918,6,6,6
6919,6,6,6
6920,1,5,5
6921,6,6,6
6922,6,1,7
6923,6,6,6
6924,6,6,6
6925,6,6,6
6926,6,1,7
6927,6,6,6
6928,6,6,6
6929,6,6,6
6930,6,6,6
6931,6,6,6
6932,6,6,6
6933,6,6,6
6934,6,6,6
6935,6,6,6
6936,6,6,6
6937,6,6,6
6938,6,6,6
6939,6,6,6
6940,6,6,6
6941,6,6,6
6942,6,6,6
6943,6,6,6
6944,6,6,6
6945,6,6,6
6946,6,6,6
6947,6,6,6
6948,6,1,7
6949,6,6,6
6950,6,6,6
6951,6,6,6
6952,6,6,6
6953,6,6,6
6954,6,6,6
6955,6,6,6
6956,6,6,6
6957,6,6,6
6958,6,6,6
6959,6,6,6
6960,6,6,6
6961,6,6,6
6962,6,6,6
6963,6,6,6
6964,6,6,6
6965,6,6,6
6966,6,6,6
6967,6,6,6
6968,6,6,6
6969,6,6,6
6970,6,6,6
6971,6,6,6
6972,6,6,6
6973,6,6,6
6974,6,6,6
6975,6,6,6
6976,6,6,6
6977,6,6,6
6978,6,6,6
6979,6,6,6
6980,6,6,6
6981,6,6,6
6982,6,6,6
6983,1,2,0
6984,6,6,6
6985,6,6,6
6986,6,6,6
6987,1,5,5
6988,6,6,6
6989,6,6,6
6990,6,6,6
6991,6,6,6
6992,7,1,7
6993,6,6,6
6994,7,1,7
6995,7,1,7
6996,6,6,6
6997,6,6,6
6998,6,6,6
6999,6,6,6
7000,7,1,7
7001,6,6,6
7002,6,6,6
7003,6,6,6
7004,6,6,6
7005,6,6,6
7006,6,6,6
7007,6,6,6
7008,6,6,6
7009,6,6,6
7010,6,6,6
7011,6,6,6
7012,6,6,6
7013,6,1,7
7014,6,6,6
7015,7,1,7
7016,6,1,7
7017,6,6,6
7018,6,6,6
7019,6,6,6
7020,6,6,6
7021,6,6,6
7022,7,1,7
7023,6,6,6
7024,6,6,6
7025,6,6,6
7026,6,6,6
7027,6,6,6
7028,6,6,6
7029,6,6,6
7030,6,6,6
7031,6,6,6
7032,0,2,0
7033,6,6,6
7034,6,6,6
7035,6,6,6
7036,6,6,6
7037,6,6,6
7038,6,6,6
7039,6,6,6
7040,6,6,6
7041,6,6,6
7042,6,6,6
7043,6,6,6
7044,6,6,6
7045,7,1,7
7046,6,6,6
7047,6,6,6
7048,6,6,6
7049,6,6,6
7050,6,6,6
7051,0,2,0
7052,6,6,6
7053,6,6,6
7054,6,6,6
7055,6,6,6
7056,6,6,6
7057,6,6,6
7058,6,6,6
7059,6,6,6
7060,6,6,6
7061,6,6,6
7062,6,6,6
7063,6,6,6
7064,6,6,6
7065,6,6,6
7066,6,6,6
7067,6,6,6
7068,6,6,6
7069,6,6,6
7070,6,6,6
7071,6,6,6
7072,6,6,6
7073,6,6,6
7074,6,6,6
7075,6,6,6
7076,6,1,7
7077,7,1,7
7078,6,6,6
7079,6,6,6
7080,6,6,6
7081,1,5,5
7082,6,6,6
7083,6,6,6
7084,6,6,6
7085,6,6,6
7086,6,6,6
7087,6,6,6
7088,6,6,6
7089,6,6,6
7090,6,6,6
7091,6,6,6
7092,7,1,7
7093,6,6,6
7094,6,6,6
7095,6,6,6
7096,6,6,6
7097,6,6,6
7098,7,1,7
7099,6,6,6
7100,6,6,6
7101,6,6,6
7102,6,6,6
7103,6,6,6
7104,6,6,6
7105,6,6,6
7106,6,6,6
7107,6,1,7
7108,6,6,6
7109,6,6,6
7110,6,6,6
7111,6,6,6
7112,6,6,6
7113,6,1,7
7114,6,6,6
7115,6,1,7
7116,6,6,6
7117,6,6,6
7118,6,6,6
7119,6,6,6
7120,6,6,6
7121,6,6,6
7122,6,6,6
7123,6,6,6
7124,6,6,6
7125,6,6,6
7126,1,6,6
7127,6,6,6
7128,6,6,6
7129,6,6,6
7130,6,6,6
7131,6,6,6
7132,6,6,6
7133,6,6,6
7134,6,6,6
7135,6,6,6
7136,6,6,6
7137,6,6,6
7138,6,6,6
7139,6,6,6
7140,6,6,6
7141,6,6,6
7142,6,6,6
7143,6,6,6
7144,6,6,6
7145,6,6,6
7146,6,6,6
7147,6,6,6
7148,6,6,6
7149,6,6,6
7150,6,6,6
7151,6,6,6
7152,6,6,6
7153,6,6,6
7154,6,6,6
7155,6,6,6
7156,6,6,6
7157,6,6,6
7158,6,6,6
7159,6,6,6
7160,6,6,6
7161,6,6,6
7162,6,6,6
7163,6,6,6
7164,6,6,6
7165,6,6,6
7166,6,6,6
7167,6,6,6
7168,6,6,6
7169,6,6,6
7170,6,6,6
7171,6,1,7
7172,6,6,6
7173,6,6,6
7174,6,6,6
7175,6,6,6
7176,6,6,6
7177,6,6,6
7178,6,6,6
7179,6,6,6
7180,6,1,7
7181,6,6,6
7182,6,6,6
7183,6,6,6
7184,6,6,6
7185,6,6,6
7186,6,6,6
7187,6,6,6
7188,6,6,6
7189,6,6,6
7190,6,1,7
7191,6,6,6
7192,6,6,6
7193,6,6,6
7194,6,6,6
7195,7,1,7
7196,6,6,6
7197,6,6,6
7198,7,1,7
7199,6,6,6
7200,6,6,6
7201,6,6,6
7202,6,6,6
7203,6,6,6
7204,6,6,6
7205,6,6,6
7206,6,6,6
7207,6,6,6
7208,6,6,6
7209,6,6,6
7210,6,6,6
7211,6,6,6
7212,6,6,6
7213,6,6,6
7214,6,6,6
7215,6,6,6
7216,6,6,6
7217,6,6,6
7218,6,6,6
7219,1,5,5
7220,6,6,6
7221,6,6,6
7222,6,6,6
7223,7,1,7
7224,6,6,6
7225,6,6,6
7226,6,6,6
7227,6,6,6
7228,6,6,6
7229,6,6,6
7230,6,6,6
7231,6,6,6
7232,6,6,6
7233,6,6,6
7234,1,5,5
7235,6,6,6
7236,6,6,6
7237,6,6,6
7238,6,6,6
7239,6,6,6
7240,6,6,6
7241,6,6,6
7242,6,6,6
7243,6,6,6
7244,6,6,6
7245,7,1,7
7246,6,6,6
7247,6,6,6
7248,6,6,6
7249,6,6,6
7250,6,6,6
7251,6,6,6
7252,6,6,6
7253,6,6,6
7254,6,6,6
7255,6,6,6
7256,6,1,7
7257,6,6,6
7258,6,6,6
7259,6,6,6
7260,6,6,6
7261,6,6,6
7262,6,6,6
7263,6,6,6
7264,6,6,6
7265,6,6,6
7266,6,6,6
7267,6,6,6
7268,7,1,7
7269,6,6,6
7270,6,6,6
7271,1,6,6
7272,6,6,6
7273,6,6,6
7274,7,1,7
7275,6,6,6
7276,6,6,6
7277,6,6,6
7278,6,1,7
7279,7,1,7
7280,6,6,6
7281,6,6,6
7282,6,6,6
7283,6,6,6
7284,6,6,6
7285,6,6,6
7286,6,6,6
7287,6,1,7
7288,6,6,6
7289,6,6,6
7290,6,6,6
7291,6,6,6
7292,6,6,6
7293,6,6,6
7294,6,6,6
7295,6,6,6
7296,6,6,6
7297,6,6,6
7298,7,1,7
7299,6,6,6
7300,6,6,6
7301,6,6,6
7302,6,6,6
7303,6,6,6
7304,6,6,6
7305,6,6,6
7306,6,6,6
7307,6,6,6
7308,6,6,6
7309,6,6,6
7310,6,6,6
7311,6,6,6
7312,6,6,6
7313,6,6,6
7314,6,6,6
7315,0,2,0
7316,6,6,6
7317,6,6,6
7318,6,6,6
7319,6,6,6
7320,6,6,6
7321,6,6,6
7322,6,6,6
7323,6,6,6
7324,6,6,6
7325,6,6,6
7326,6,6,6
7327,6,6,6
7328,6,6,6
7329,6,6,6
7330,6,6,6
7331,0,2,0
7332,6,6,6
7333,6,6,6
7334,6,6,6
7335,6,6,6
7336,6,6,6
7337,6,6,6
7338,6,6,6
7339,6,6,6
7340,6,6,6
7341,6,6,6
7342,6,6,6
7343,6,6,6
7344,6,6,6
7345,6,6,6
7346,6,6,6
7347,6,6,6
7348,6,6,6
7349,6,6,6
7350,7,1,7
7351,6,6,6
7352,6,6,6
7353,6,6,6
7354,6,6,6
7355,1,5,5
7356,6,6,6
7357,6,6,6
7358,6,6,6
7359,6,6,6
7360,6,6,6
7361,6,6,6
7362,6,6,6
7363,6,6,6
7364,6,6,6
7365,6,6,6
7366,1,5,5
7367,6,6,6
7368,6,1,7
7369,6,1,7
7370,6,6,6
7371,6,6,6
7372,6,6,6
7373,6,6,6
7374,6,6,6
7375,6,6,6
7376,6,6,6
7377,6,6,6
7378,6,6,6
7379,6,6,6
7380,6,6,6
7381,7,1,7
7382,6,6,6
7383,6,6,6
7384,6,6,6
7385,6,6,6
7386,7,1,7
7387,6,6,6
7388,6,6,6
7389,6,6,6
7390,7,1,7
7391,6,6,6
7392,6,6,6
7393,6,6,6
7394,6,6,6
7395,6,6,6
7396,6,6,6
7397,6,6,6
7398,6,6,6
7399,6,6,6
7400,6,6,6
7401,6,6,6
7402,6,6,6
7403,6,6,6
7404,6,6,6
7405,6,6,6
7406,6,6,6
7407,6,6,6
7408,6,6,6
7409,6,6,6
7410,6,6,6
7411,6,6,6
7412,6,6,6
7413,6,6,6
7414,6,6,6
7415,6,6,6
7416,6,6,6
7417,6,6,6
7418,6,6,6
7419,6,6,6
7420,6,6,6
7421,6,6,6
7422,6,6,6
7423,6,6,6
7424,6,6,6
7425,7,1,7
7426,6,6,6
7427,1,5,5
7428,6,1,7
7429,6,6,6
7430,6,6,6
7431,6,6,6
7432,6,6,6
7433,6,6,6
7434,6,6,6
7435,6,6,6
7436,6,6,6
7437,6,6,6
7438,6,6,6
7439,7,1,7
7440,6,1,7
7441,6,6,6
7442,6,6,6
7443,1,5,5
7444,7,1,7
7445,7,1,7
7446,6,6,6
7447,6,6,6
7448,6,6,6
7449,6,6,6
7450,6,6,6
7451,6,6,6
7452,6,6,6
7453,6,6,6
7454,6,6,6
7455,6,6,6
7456,6,6,6
7457,0,2,0
7458,6,6,6
7459,6,6,6
7460,6,6,6
7461,6,6,6
7462,6,6,6
7463,6,6,6
7464,6,6,6
7465,6,6,6
7466,6,6,6
7467,6,6,6
7468,6,6,6
7469,6,6,6
7470,6,6,6
7471,6,6,6
7472,6,6,6
7473,6,6,6
7474,6,6,6
7475,6,6,6
7476,6,6,6
7477,6,6,6
7478,6,6,6
7479,7,1,7
7480,6,6,6
7481,6,6,6
7482,6,6,6
7483,6,6,6
7484,6,6,6
7485,6,6,6
7486,6,6,6
7487,6,6,6
7488,6,6,6
7489,6,6,6
7490,6,6,6
7491,6,6,6
7492,6,6,6
7493,6,6,6
7494,6,6,6
7495,6,6,6
7496,6,6,6
7497,6,6,6
7498,6,6,6
7499,6,6,6
7500,6,6,6
7501,6,6,6
7502,6,6,6
7503,6,6,6
7504,6,6,6
7505,6,6,6
7506,6,6,6
7507,6,6,6
7508,6,6,6
7509,6,6,6
7510,6,6,6
7511,6,6,6
7512,6,6,6
7513,6,6,6
7514,6,6,6
7515,6,6,6
7516,6,6,6
7517,6,6,6
7518,6,6,6
7519,6,6,6
7520,6,6,6
7521,6,6,6
7522,6,6,6
7523,6,1,7
7524,6,6,6
7525,6,6,6
7526,6,6,6
7527,1,6,6
7528,6,6,6
7529,6,6,6
7530,6,6,6
7531,6,6,6
7532,6,6,6
7533,6,6,6
7534,6,6,6
7535,6,6,6
7536,6,6,6
7537,6,6,6
7538,6,6,6
7539,6,6,6
7540,1,5,5
7541,6,6,6
7542,6,6,6
7543,6,6,6
7544,6,6,6
7545,6,6,6
7546,6,6,6
7547,6,6,6
7548,6,1,7
7549,6,6,6
7550,7,1,7
7551,6,6,6
7552,6,6,6
7553,6,6,6
7554,6,6,6
7555,6,6,6
7556,7,1,7
7557,6,6,6
7558,6,6,6
7559,6,6,6
7560,6,6,6
7561,6,6,6
7562,6,6,6
7563,6,6,6
7564,6,6,6
7565,6,6,6
7566,6,6,6
7567,6,6,6
7568,6,6,6
7569,6,1,7
7570,6,6,6
7571,7,1,7
7572,6,6,6
7573,6,1,7
7574,6,6,6
7575,6,6,6
7576,6,6,6
7577,6,6,6
7578,6,6,6
7579,6,6,6
7580,6,6,6
7581,6,6,6
7582,6,6,6
7583,6,6,6
7584,6,6,6
7585,1,5,5
7586,6,6,6
7587,6,6,6
7588,6,6,6
7589,6,6,6
7590,6,6,6
7591,6,6,6
7592,6,6,6
7593,6,6,6
7594,1,5,5
7595,6,6,6
7596,6,6,6
7597,6,6,6
7598,6,6,6
7599,6,6,6
7600,6,6,6
7601,6,6,6
7602,6,6,6
7603,6,6,6
7604,6,6,6
7605,6,6,6
7606,6,6,6
7607,1,5,5
7608,6,6,6
7609,6,6,6
7610,6,6,6
7611,6,6,6
7612,6,6,6
7613,6,6,6
7614,6,6,6
7615,6,6,6
7616,6,6,6
7617,6,6,6
7618,6,6,6
7619,6,6,6
7620,6,6,6
7621,6,1,7
7622,6,6,6
7623,6,6,6
7624,6,6,6
7625,6,6,6
7626,6,6,6
7627,6,6,6
7628,6,6,6
7629,6,6,6
7630,6,6,6
7631,0,2,0
7632,6,6,6
7633,6,1,7
7634,6,6,6
7635,6,6,6
7636,6,6,6
7637,6,6,6
7638,6,6,6
7639,6,6,6
7640,7,1,7
7641,6,6,6
7642,6,6,6
7643,6,6,6
7644,6,6,6
7645,6,6,6
7646,6,6,6
7647,6,6,6
7648,6,6,6
7649,6,6,6
7650,6,6,6
7651,6,6,6
7652,6,6,6
7653,6,6,6
7654,6,6,6
7655,6,6,6
7656,6,6,6
7657,6,6,6
7658,6,6,6
7659,6,6,6
7660,6,6,6
7661,6,6,6
7662,6,6,6
7663,6,6,6
7664,6,6,6
7665,6,6,6
7666,6,6,6
7667,6,6,6
7668,6,6,6
7669,6,6,6
7670,6,6,6
7671,6,6,6
7672,6,6,6
7673,6,6,6
7674,6,6,6
7675,6,6,6
7676,6,6,6
7677,6,6,6
7678,6,6,6
7679,6,6,6
7680,6,6,6
7681,6,6,6
7682,6,6,6
7683,6,6,6
7684,6,6,6
7685,6,6,6
7686,6,6,6
7687,6,6,6
7688,6,6,6
7689,6,6,6
7690,6,6,6
7691,6,6,6
7692,6,6,6
7693,6,6,6
7694,6,6,6
7695,6,6,6
7696,7,1,7
7697,6,6,6
7698,6,6,6
7699,6,6,6
7700,6,6,6
7701,6,1,7
7702,6,6,6
7703,6,6,6
7704,7,1,7
7705,6,1,7
7706,6,6,6
7707,6,6,6
7708,6,6,6
7709,6,6,6
7710,6,6,6
7711,6,6,6
7712,6,6,6
7713,6,6,6
7714,6,6,6
7715,6,6,6
7716,6,6,6
7717,6,1,7
7718,6,6,6
7719,6,6,6
7720,6,6,6
7721,6,6,6
7722,6,6,6
7723,6,6,6
7724,6,6,6
7725,6,6,6
7726,7,1,7
7727,0,2,0
7728,6,6,6
7729,6,1,7
7730,6,6,6
7731,6,6,6
7732,6,6,6
7733,6,6,6
7734,7,1,7
7735,6,6,6
7736,6,6,6
7737,6,6,6
7738,6,6,6
7739,6,6,6
7740,6,6,6
7741,6,6,6
7742,6,1,7
7743,6,6,6
7744,6,6,6
7745,6,6,6
7746,6,6,6
7747,6,6,6
7748,6,6,6
7749,6,6,6
7750,6,6,6
7751,6,6,6
7752,6,6,6
7753,6,6,6
7754,6,6,6
7755,6,6,6
7756,6,6,6
7757,6,6,6
7758,6,6,6
7759,6,6,6
7760,6,6,6
7761,6,6,6
7762,6,6,6
7763,6,6,6
7764,6,6,6
7765,6,6,6
7766,6,6,6
7767,6,6,6
7768,6,6,6
7769,6,6,6
7770,6,1,7
7771,6,6,6
7772,6,6,6
7773,6,6,6
7774,6,6,6
7775,6,6,6
7776,6,6,6
7777,6,6,6
7778,6,6,6
7779,6,6,6
7780,6,6,6
7781,6,6,6
7782,6,6,6
7783,6,1,7
7784,6,6,6
7785,6,6,6
7786,6,6,6
7787,6,6,6
7788,6,1,7
7789,6,6,6
7790,6,6,6
7791,6,6,6
7792,6,6,6
7793,6,6,6
7794,6,6,6
7795,6,1,7
7796,6,6,6
7797,1,5,5
7798,6,6,6
7799,6,6,6
7800,6,6,6
7801,6,6,6
7802,6,6,6
7803,6,6,6
7804,7,1,7
7805,6,6,6
7806,6,6,6
7807,7,1,7
7808,6,6,6
7809,6,6,6
7810,6,6,6
7811,6,6,6
7812,1,5,5
7813,6,6,6
7814,6,6,6
7815,6,6,6
7816,6,6,6
7817,6,6,6
7818,6,6,6
7819,6,6,6
7820,6,6,6
7821,6,6,6
7822,6,6,6
7823,6,6,6
7824,6,6,6
7825,6,6,6
7826,6,1,7
7827,6,6,6
7828,6,6,6
7829,6,6,6
7830,6,6,6
7831,1,5,5
7832,6,6,6
7833,6,6,6
7834,6,6,6
7835,6,6,6
7836,6,6,6
7837,6,6,6
7838,6,6,6
7839,6,6,6
7840,6,1,7
7841,6,6,6
7842,6,1,7
7843,6,6,6
7844,6,6,6
7845,6,6,6
7846,6,6,6
7847,6,6,6
7848,6,6,6
7849,6,6,6
7850,6,6,6
7851,1,5,5
7852,6,1,7
7853,6,6,6
7854,6,6,6
7855,6,6,6
7856,6,6,6
7857,6,6,6
7858,6,6,6
7859,6,6,6
7860,6,6,6
7861,6,6,6
7862,6,6,6
7863,6,6,6
7864,6,6,6
7865,6,6,6
7866,6,6,6
7867,6,6,6
7868,6,6,6
7869,6,6,6
7870,7,1,7
7871,6,6,6
7872,6,6,6
7873,7,1,7
7874,6,6,6
7875,6,6,6
7876,6,6,6
7877,6,6,6
7878,6,6,6
7879,6,6,6
7880,6,6,6
7881,7,1,7
7882,6,6,6
7883,6,6,6
7884,6,6,6
7885,6,6,6
7886,6,6,6
7887,6,6,6
7888,6,6,6
7889,6,6,6
7890,6,6,6
7891,6,6,6
7892,6,6,6
7893,6,6,6
7894,6,1,7
7895,6,6,6
7896,6,6,6
7897,6,6,6
7898,6,6,6
7899,6,6,6
7900,6,6,6
7901,6,6,6
7902,6,6,6
7903,6,6,6
7904,6,6,6
7905,6,6,6
7906,6,6,6
7907,6,6,6
7908,6,6,6
7909,6,6,6
7910,6,6,6
7911,6,6,6
7912,6,6,6
7913,6,6,6
7914,6,6,6
7915,1,5,5
7916,6,6,6
7917,6,6,6
7918,6,6,6
7919,6,6,6
7920,6,6,6
7921,6,6,6
7922,6,6,6
7923,6,6,6
7924,6,6,6
7925,6,6,6
7926,6,6,6
7927,6,6,6
7928,6,6,6
7929,6,6,6
7930,6,6,6
7931,6,6,6
7932,6,6,6
7933,6,6,6
7934,6,1,7
7935,6,6,6
7936,6,6,6
7937,6,6,6
7938,6,6,6
7939,7,1,7
7940,6,6,6
7941,6,6,6
7942,6,6,6
7943,6,6,6
7944,6,6,6
7945,7,1,7
7946,6,6,6
7947,6,6,6
7948,6,6,6
7949,6,6,6
7950,6,1,7
7951,6,6,6
7952,6,6,6
7953,6,6,6
7954,6,6,6
7955,6,6,6
7956,6,6,6
7957,6,6,6
7958,6,6,6
7959,6,6,6
7960,6,6,6
7961,7,1,7
7962,1,5,5
7963,0,2,0
7964,6,6,6
7965,6,6,6
7966,6,6,6
7967,6,6,6
7968,6,6,6
7969,1,5,5
7970,6,6,6
7971,0,2,0
7972,6,6,6
7973,6,6,6
7974,6,6,6
7975,6,6,6
7976,6,6,6
7977,6,6,6
7978,6,6,6
7979,6,6,6
7980,6,6,6
7981,6,6,6
7982,6,1,7
7983,6,6,6
7984,6,6,6
7985,6,6,6
7986,6,6,6
7987,6,6,6
7988,6,6,6
7989,6,6,6
7990,6,6,6
7991,6,1,7
7992,6,6,6
7993,6,6,6
7994,6,6,6
7995,6,6,6
7996,6,6,6
7997,6,6,6
7998,6,6,6
7999,6,6,6
8000,6,1,7
8001,6,6,6
8002,6,6,6
8003,6,6,6
8004,6,6,6
8005,6,6,6
8006,0,2,0
8007,6,6,6
8008,6,6,6
8009,6,6,6
8010,6,6,6
8011,6,1,7
8012,6,6,6
8013,6,1,7
8014,6,6,6
8015,6,6,6
8016,6,1,7
8017,6,6,6
8018,6,6,6
8019,6,6,6
8020,6,6,6
8021,6,6,6
8022,6,6,6
8023,6,6,6
8024,6,6,6
8025,6,6,6
8026,6,6,6
8027,7,1,7
8028,6,6,6
8029,6,6,6
8030,6,6,6
8031,6,6,6
8032,6,6,6
8033,6,6,6
8034,6,6,6
8035,6,6,6
8036,7,1,7
8037,6,6,6
8038,6,6,6
8039,6,6,6
8040,6,6,6
8041,6,6,6
8042,6,6,6
8043,1,5,5
8044,6,6,6
8045,7,1,7
8046,6,6,6
8047,6,6,6
8048,6,6,6
8049,7,1,7
8050,0,2,0
8051,6,6,6
8052,6,6,6
8053,6,6,6
8054,6,6,6
8055,6,6,6
8056,6,6,6
8057,6,6,6
8058,0,2,0
8059,6,6,6
8060,6,6,6
8061,6,6,6
8062,6,6,6
8063,6,6,6
8064,6,6,6
8065,6,6,6
8066,6,6,6
8067,6,6,6
8068,6,6,6
8069,6,6,6
8070,1,5,5
8071,6,6,6
8072,6,6,6
8073,6,6,6
8074,6,6,6
8075,6,6,6
8076,6,6,6
8077,6,6,6
8078,6,6,6
8079,6,6,6
8080,1,6,6
8081,6,6,6
8082,6,6,6
8083,6,6,6
8084,6,6,6
8085,6,6,6
8086,6,6,6
8087,6,6,6
8088,6,6,6
8089,2,6,6
8090,6,6,6
8091,6,6,6
8092,6,6,6
8093,6,6,6
8094,6,6,6
8095,6,6,6
8096,6,6,6
8097,6,6,6
8098,6,6,6
8099,6,6,6
8100,6,6,6
8101,6,1,7
8102,6,6,6
8103,6,6,6
8104,6,6,6
8105,6,6,6
8106,6,6,6
8107,6,6,6
8108,1,5,5
8109,6,6,6
8110,6,6,6
8111,6,6,6
8112,7,1,7
8113,6,6,6
8114,6,6,6
8115,6,6,6
8116,6,6,6
8117,7,1,7
8118,6,6,6
8119,6,6,6
8120,6,6,6
8121,6,6,6
8122,6,6,6
8123,6,6,6
8124,6,6,6
8125,6,6,6
8126,6,6,6
8127,6,6,6
8128,7,1,7
8129,6,6,6
8130,6,6,6
8131,6,6,6
8132,6,6,6
8133,6,6,6
8134,6,6,6
8135,7,1,7
8136,6,6,6
8137,6,6,6
8138,6,6,6
8139,6,6,6
8140,6,6,6
8141,6,6,6
8142,6,6,6
8143,6,6,6
8144,7,1,7
8145,6,6,6
8146,6,6,6
8147,6,6,6
8148,6,6,6
8149,7,1,7
8150,6,6,6
8151,1,6,6
8152,6,6,6
8153,6,6,6
8154,6,6,6
8155,6,6,6
8156,6,6,6
8157,6,6,6
8158,6,6,6
8159,6,6,6
8160,6,6,6
8161,6,6,6
8162,6,6,6
8163,6,6,6
8164,6,6,6
8165,6,6,6
8166,1,5,5
8167,6,6,6
8168,6,6,6
8169,6,6,6
8170,6,6,6
8171,6,1,7
8172,6,6,6
8173,6,6,6
8174,6,6,6
8175,6,6,6
8176,6,6,6
8177,6,6,6
8178,6,6,6
8179,6,6,6
8180,6,6,6
8181,6,6,6
8182,6,6,6
8183,6,6,6
8184,1,5,5
8185,1,5,5
8186,6,6,6
8187,6,6,6
8188,6,6,6
8189,6,6,6
8190,6,6,6
8191,6,6,6
8192,6,6,6
8193,6,6,6
8194,6,6,6
8195,6,6,6
8196,6,6,6
8197,6,6,6
8198,6,6,6
8199,6,6,6
8200,6,6,6
8201,1,6,6
8202,6,6,6
8203,6,6,6
8204,6,6,6
8205,6,6,6
8206,6,6,6
8207,6,6,6
8208,6,6,6
8209,6,6,6
8210,6,6,6
8211,7,1,7
8212,6,6,6
8213,6,6,6
8214,6,6,6
8215,6,6,6
8216,6,6,6
8217,6,6,6
8218,6,6,6
8219,6,6,6
8220,6,6,6
8221,6,6,6
8222,6,6,6
8223,3,0,3
8224,6,1,7
8225,6,6,6
8226,6,6,6
8227,6,6,6
8228,6,6,6
8229,6,1,7
8230,6,6,6
8231,6,6,6
8232,6,6,6
8233,6,6,6
8234,6,6,6
8235,6,6,6
8236,6,6,6
8237,6,6,6
8238,6,6,6
8239,6,6,6
8240,6,6,6
8241,6,6,6
8242,6,6,6
8243,6,6,6
8244,6,1,7
8245,6,6,6
8246,6,6,6
8247,6,6,6
8248,6,6,6
8249,6,6,6
8250,6,6,6
8251,6,6,6
8252,6,6,6
8253,6,6,6
8254,6,6,6
8255,6,6,6
8256,6,6,6
8257,6,6,6
8258,6,6,6
8259,6,6,6
8260,6,6,6
8261,6,6,6
8262,6,6,6
8263,6,6,6
8264,6,6,6
8265,6,6,6
8266,6,6,6
8267,6,6,6
8268,6,6,6
8269,6,6,6
8270,6,6,6
8271,6,1,7
8272,6,6,6
8273,6,6,6
8274,6,6,6
8275,6,6,6
8276,6,6,6
8277,6,6,6
8278,6,6,6
8279,6,6,6
8280,6,6,6
8281,6,6,6
8282,6,6,6
8283,6,6,6
8284,6,6,6
8285,7,1,7
8286,6,6,6
8287,6,6,6
8288,6,6,6
8289,6,6,6
8290,6,6,6
8291,6,6,6
8292,6,6,6
8293,6,1,7
8294,6,6,6
8295,6,6,6
8296,6,6,6
8297,6,6,6
8298,6,6,6
8299,6,6,6
8300,6,6,6
8301,6,6,6
8302,7,1,7
8303,6,6,6
8304,6,6,6
8305,6,6,6
8306,6,6,6
8307,6,6,6
8308,6,6,6
8309,1,5,5
8310,6,1,7
8311,6,6,6
8312,6,6,6
8313,6,6,6
8314,6,6,6
8315,6,6,6
8316,6,6,6
8317,6,6,6
8318,7,1,7
8319,6,6,6
8320,6,6,6
8321,6,6,6
8322,6,6,6
8323,6,6,6
8324,6,6,6
8325,6,6,6
8326,6,6,6
8327,6,6,6
8328,6,6,6
8329,6,6,6
8330,1,6,6
8331,6,6,6
8332,6,6,6
8333,6,6,6
8334,6,6,6
8335,6,6,6
8336,6,6,6
8337,6,6,6
8338,6,6,6
8339,6,6,6
8340,6,6,6
8341,6,6,6
8342,6,6,6
8343,6,1,7
8344,6,6,6
8345,6,6,6
8346,6,6,6
8347,6,6,6
8348,6,6,6
8349,6,6,6
8350,6,6,6
8351,6,1,7
8352,6,6,6
8353,6,6,6
8354,6,6,6
8355,6,6,6
8356,6,6,6
8357,6,6,6
8358,6,6,6
8359,1,5,5
8360,6,1,7
8361,6,6,6
8362,6,6,6
8363,6,6,6
8364,6,6,6
8365,6,6,6
8366,6,6,6
8367,6,6,6
8368,6,6,6
8369,6,6,6
8370,6,6,6
8371,6,6,6
8372,6,6,6
8373,6,6,6
8374,6,6,6
8375,6,6,6
8376,6,6,6
8377,6,6,6
8378,6,6,6
8379,6,6,6
8380,6,6,6
8381,6,6,6
8382,6,6,6
8383,6,6,6
8384,7,1,7
8385,6,6,6
8386,6,6,6
8387,6,6,6
8388,6,1,7
8389,6,6,6
8390,6,6,6
8391,1,5,5
8392,6,6,6
8393,6,6,6
8394,6,6,6
8395,6,6,6
8396,6,6,6
8397,6,1,7
8398,6,6,6
8399,6,6,6
8400,6,6,6
8401,6,6,6
8402,6,1,7
8403,6,1,7
8404,6,6,6
8405,6,6,6
8406,6,6,6
8407,7,1,7
8408,6,6,6
8409,6,6,6
8410,6,6,6
8411,6,6,6
8412,6,6,6
8413,6,6,6
8414,6,6,6
8415,7,1,7
8416,6,6,6
8417,6,6,6
8418,6,6,6
8419,6,6,6
8420,7,1,7
8421,6,6,6
8422,6,6,6
8423,6,6,6
8424,6,6,6
8425,6,6,6
8426,6,6,6
8427,6,6,6
8428,6,6,6
8429,6,6,6
8430,6,6,6
8431,6,6,6
8432,6,6,6
8433,6,6,6
8434,6,6,6
8435,6,6,6
8436,6,6,6
8437,6,6,6
8438,6,6,6
8439,6,6,6
8440,6,6,6
8441,6,6,6
8442,6,6,6
8443,6,6,6
8444,6,6,6
8445,6,6,6
8446,6,6,6
8447,6,6,6
8448,6,6,6
8449,6,6,6
8450,6,6,6
8451,6,6,6
8452,7,1,7
8453,6,6,6
8454,6,6,6
8455,6,6,6
8456,6,6,6
8457,6,6,6
8458,6,6,6
8459,6,6,6
8460,6,6,6
8461,6,6,6
8462,6,6,6
8463,6,6,6
8464,6,6,6
8465,6,6,6
8466,6,6,6
8467,6,6,6
8468,6,6,6
8469,6,6,6
8470,6,6,6
8471,6,6,6
8472,1,5,5
8473,6,6,6
8474,6,6,6
8475,6,6,6
8476,6,6,6
8477,6,6,6
8478,6,6,6
8479,6,6,6
8480,6,6,6
8481,6,6,6
8482,6,6,6
8483,7,1,7
8484,6,6,6
8485,6,6,6
8486,6,6,6
8487,6,6,6
8488,6,6,6
8489,6,6,6
8490,6,6,6
8491,6,6,6
8492,6,6,6
8493,6,6,6
8494,6,6,6
8495,6,6,6
8496,6,6,6
8497,6,6,6
8498,6,6,6
8499,6,6,6
8500,7,1,7
8501,6,6,6
8502,6,6,6
8503,2,6,6
8504,1,5,5
8505,6,6,6
8506,6,6,6
8507,6,6,6
8508,6,6,6
8509,6,6,6
8510,6,6,6
8511,6,6,6
8512,6,6,6
8513,6,6,6
8514,0,2,0
8515,6,6,6
8516,6,1,7
8517,6,6,6
8518,0,2,0
8519,6,6,6
8520,6,6,6
8521,7,1,7
8522,6,6,6
8523,6,6,6
8524,6,6,6
8525,6,6,6
8526,6,6,6
8527,6,6,6
8528,6,6,6
8529,6,6,6
8530,6,6,6
8531,6,6,6
8532,6,6,6
8533,6,6,6
8534,6,6,6
8535,6,6,6
8536,6,6,6
8537,6,6,6
8538,6,6,6
8539,6,6,6
8540,6,6,6
8541,6,6,6
8542,6,6,6
8543,6,6,6
8544,6,6,6
8545,6,6,6
8546,6,6,6
8547,6,6,6
8548,6,6,6
8549,6,6,6
8550,6,6,6
8551,6,6,6
8552,7,1,7
8553,6,6,6
8554,6,6,6
8555,6,6,6
8556,6,6,6
8557,7,1,7
8558,6,6,6
8559,6,6,6
8560,6,6,6
8561,0,2,0
8562,6,6,6
8563,6,6,6
8564,6,6,6
8565,6,6,6
8566,6,6,6
8567,6,6,6
8568,6,6,6
8569,6,6,6
8570,6,6,6
8571,6,6,6
8572,6,6,6
8573,6,6,6
8574,6,6,6
8575,6,6,6
8576,6,6,6
8577,7,1,7
8578,6,6,6
8579,6,6,6
8580,6,6,6
8581,6,6,6
8582,6,6,6
8583,6,6,6
8584,1,6,6
8585,7,1,7
8586,6,6,6
8587,6,6,6
8588,6,6,6
8589,6,6,6
8590,6,6,6
8591,6,6,6
8592,6,6,6
8593,6,6,6
8594,6,6,6
8595,6,6,6
8596,6,6,6
8597,6,6,6
8598,6,6,6
8599,6,6,6
8600,6,6,6
8601,6,6,6
8602,6,6,6
8603,7,1,7
8604,6,6,6
8605,6,6,6
8606,6,6,6
8607,6,6,6
8608,6,6,6
8609,6,6,6
8610,6,6,6
8611,6,6,6
8612,6,6,6
8613,6,6,6
8614,6,6,6
8615,6,6,6
8616,6,6,6
8617,6,6,6
8618,6,6,6
8619,6,6,6
8620,6,6,6
8621,6,6,6
8622,6,6,6
8623,7,1,7
8624,6,6,6
8625,6,6,6
8626,6,1,7
8627,6,6,6
8628,6,6,6
8629,6,6,6
8630,6,6,6
8631,6,6,6
8632,6,6,6
8633,7,1,7
8634,6,6,6
8635,6,6,6
8636,6,6,6
8637,6,6,6
8638,6,6,6
8639,6,6,6
8640,6,6,6
8641,6,6,6
8642,6,6,6
8643,6,1,7
8644,6,6,6
8645,6,6,6
8646,6,6,6
8647,6,6,6
8648,6,6,6
8649,6,6,6
8650,6,6,6
8651,6,6,6
8652,6,6,6
8653,6,6,6
8654,6,6,6
8655,6,6,6
8656,7,1,7
8657,6,6,6
8658,6,6,6
8659,6,6,6
8660,6,6,6
8661,7,1,7
8662,6,6,6
8663,6,6,6
8664,6,6,6
8665,6,1,7
8666,6,6,6
8667,6,6,6
8668,6,6,6
8669,6,6,6
8670,7,1,7
8671,6,6,6
8672,6,1,7
8673,6,6,6
8674,6,6,6
8675,6,6,6
8676,6,6,6
8677,6,6,6
8678,6,6,6
8679,6,6,6
8680,1,5,5
8681,6,6,6
8682,6,6,6
8683,6,6,6
8684,6,6,6
8685,6,6,6
8686,6,1,7
8687,7,1,7
8688,6,6,6
8689,6,6,6
8690,6,6,6
8691,6,6,6
8692,6,6,6
8693,6,6,6
8694,1,5,5
8695,6,6,6
8696,6,6,6
8697,6,6,6
8698,6,6,6
8699,6,6,6
8700,6,6,6
8701,6,6,6
8702,6,6,6
8703,6,6,6
8704,6,6,6
8705,6,6,6
8706,6,6,6
8707,6,6,6
8708,6,6,6
8709,6,6,6
8710,6,1,7
8711,7,1,7
8712,6,6,6
8713,6,6,6
8714,6,6,6
8715,1,5,5
8716,6,6,6
8717,6,6,6
8718,0,2,0
8719,6,6,6
8720,6,6,6
8721,6,6,6
8722,6,6,6
8723,6,6,6
8724,6,6,6
8725,6,1,7
8726,6,6,6
8727,6,6,6
8728,6,6,6
8729,6,6,6
8730,6,6,6
8731,6,6,6
8732,6,6,6
8733,6,6,6
8734,6,6,6
8735,6,6,6
8736,7,1,7
8737,6,6,6
8738,6,6,6
8739,6,6,6
8740,6,6,6
8741,6,6,6
8742,6,6,6
8743,6,6,6
8744,6,6,6
8745,6,6,6
8746,6,6,6
8747,6,6,6
8748,6,1,7
8749,6,6,6
8750,6,6,6
8751,6,6,6
8752,6,6,6
8753,6,6,6
8754,6,6,6
8755,6,6,6
8756,6,6,6
8757,6,6,6
8758,1,5,5
8759,6,6,6
8760,6,1,7
8761,6,6,6
8762,6,6,6
8763,6,6,6
8764,6,6,6
8765,6,6,6
8766,7,1,7
8767,6,1,7
8768,6,6,6
8769,6,6,6
8770,6,6,6
8771,6,6,6
8772,6,6,6
8773,6,6,6
8774,6,6,6
8775,6,6,6
8776,6,6,6
8777,6,6,6
8778,6,6,6
8779,6,6,6
8780,6,6,6
8781,6,6,6
8782,6,6,6
8783,6,6,6
8784,6,6,6
8785,6,6,6
8786,6,6,6
8787,6,6,6
8788,6,6,6
8789,6,1,7
8790,6,6,6
8791,6,6,6
8792,6,6,6
8793,6,6,6
8794,1,5,5
8795,6,6,6
8796,6,6,6
8797,6,6,6
8798,6,6,6
8799,6,6,6
8800,6,6,6
8801,6,6,6
8802,6,6,6
8803,6,6,6
8804,6,6,6
8805,6,6,6
8806,6,6,6
8807,6,6,6
8808,6,6,6
8809,6,1,7
8810,6,6,6
8811,6,6,6
8812,6,6,6
8813,6,6,6
8814,6,6,6
8815,6,6,6
8816,6,6,6
8817,6,6,6
8818,6,1,7
8819,6,6,6
8820,6,6,6
8821,6,6,6
8822,6,6,6
8823,6,6,6
8824,6,6,6
8825,6,6,6
8826,6,6,6
8827,0,5,5
8828,6,6,6
8829,6,6,6
8830,6,6,6
8831,6,6,6
8832,6,6,6
8833,6,6,6
8834,6,6,6
8835,6,6,6
8836,6,6,6
8837,6,6,6
8838,7,1,7
8839,6,6,6
8840,6,6,6
8841,6,6,6
8842,6,6,6
8843,6,6,6
8844,6,6,6
8845,6,6,6
8846,6,6,6
8847,6,6,6
8848,6,6,6
8849,6,6,6
8850,6,6,6
8851,6,6,6
8852,6,6,6
8853,6,6,6
8854,6,6,6
8855,6,6,6
8856,6,6,6
8857,6,6,6
8858,6,6,6
8859,6,6,6
8860,6,6,6
8861,6,6,6
8862,6,6,6
8863,6,6,6
8864,6,6,6
8865,6,6,6
8866,6,6,6
8867,6,6,6
8868,6,6,6
8869,7,1,7
8870,6,6,6
8871,7,1,7
8872,6,6,6
8873,6,6,6
8874,6,6,6
8875,6,6,6
8876,6,6,6
8877,6,6,6
8878,6,6,6
8879,6,6,6
8880,6,6,6
8881,6,6,6
8882,6,6,6
8883,6,6,6
8884,6,6,6
8885,6,6,6
8886,6,6,6
8887,6,6,6
8888,6,6,6
8889,6,6,6
8890,6,6,6
8891,6,6,6
8892,6,6,6
8893,6,6,6
8894,6,6,6
8895,6,6,6
8896,6,6,6
8897,6,6,6
8898,7,1,7
8899,6,6,6
8900,6,6,6
8901,6,6,6
8902,6,6,6
8903,6,6,6
8904,6,6,6
8905,6,6,6
8906,6,1,7
8907,6,6,6
8908,6,6,6
8909,6,6,6
8910,6,6,6
8911,6,6,6
8912,6,6,6
8913,6,4,2
8914,6,6,6
8915,6,6,6
8916,6,6,6
8917,6,1,7
8918,6,1,7
8919,6,6,6
8920,7,1,7
8921,6,6,6
8922,6,6,6
8923,6,6,6
8924,6,6,6
8925,6,6,6
8926,6,6,6
8927,6,6,6
8928,7,1,7
8929,7,1,7
8930,6,6,6
8931,6,6,6
8932,6,6,6
8933,6,6,6
8934,6,6,6
8935,6,6,6
8936,6,1,7
8937,6,6,6
8938,7,1,7
8939,6,6,6
8940,6,6,6
8941,6,6,6
8942,6,6,6
8943,6,6,6
8944,6,6,6
8945,6,6,6
8946,6,6,6
8947,6,6,6
8948,6,6,6
8949,7,1,7
8950,6,6,6
8951,6,6,6
8952,6,6,6
8953,6,6,6
8954,6,6,6
8955,1,5,5
8956,6,6,6
8957,6,6,6
8958,6,6,6
8959,6,6,6
8960,6,6,6
8961,6,6,6
8962,6,6,6
8963,6,6,6
8964,7,1,7
8965,6,6,6
8966,6,6,6
8967,6,6,6
8968,6,6,6
8969,6,6,6
8970,6,6,6
8971,6,6,6
8972,6,6,6
8973,6,6,6
8974,6,6,6
8975,6,6,6
8976,6,6,6
8977,6,6,6
8978,6,6,6
8979,6,6,6
8980,6,6,6
8981,6,6,6
8982,6,6,6
8983,6,6,6
8984,6,6,6
8985,6,6,6
8986,6,6,6
8987,6,6,6
8988,6,6,6
8989,6,1,7
8990,6,1,7
8991,6,6,6
8992,6,6,6
8993,6,6,6
8994,6,6,6
8995,6,6,6
8996,6,6,6
8997,6,6,6
8998,6,6,6
8999,6,6,6
9000,0,2,0
9001,6,6,6
9002,6,6,6
9003,6,6,6
9004,6,6,6
9005,6,6,6
9006,6,6,6
9007,6,6,6
9008,6,6,6
9009,6,6,6
9010,6,6,6
9011,6,6,6
9012,7,1,7
9013,6,6,6
9014,6,6,6
9015,6,6,6
9016,6,6,6
9017,6,6,6
9018,6,6,6
9019,6,6,6
9020,6,6,6
9021,6,6,6
9022,0,2,0
9023,6,6,6
9024,6,6,6
9025,6,6,6
9026,6,6,6
9027,6,6,6
9028,6,6,6
9029,6,6,6
9030,6,6,6
9031,6,6,6
9032,6,6,6
9033,6,6,6
9034,6,6,6
9035,6,6,6
9036,6,6,6
9037,6,6,6
9038,6,6,6
9039,6,6,6
9040,6,6,6
9041,6,6,6
9042,6,6,6
9043,6,6,6
9044,6,6,6
9045,6,6,6
9046,6,6,6
9047,6,6,6
9048,6,6,6
9049,6,6,6
9050,6,6,6
9051,6,6,6
9052,6,6,6
9053,6,6,6
9054,6,1,7
9055,1,6,6
9056,6,1,7
9057,6,6,6
9058,6,6,6
9059,6,6,6
9060,6,6,6
9061,6,6,6
9062,6,6,6
9063,6,6,6
9064,7,1,7
9065,6,6,6
9066,6,6,6
9067,6,6,6
9068,6,6,6
9069,6,6,6
9070,6,6,6
9071,6,6,6
9072,1,6,6
9073,6,6,6
9074,6,6,6
9075,6,6,6
9076,6,6,6
9077,6,6,6
9078,7,1,7
9079,6,6,6
9080,6,6,6
9081,6,6,6
9082,6,1,7
9083,0,2,0
9084,6,6,6
9085,6,6,6
9086,6,6,6
9087,6,6,6
9088,6,6,6
9089,6,6,6
9090,6,6,6
9091,6,6,6
9092,6,6,6
9093,6,6,6
9094,6,6,6
9095,6,6,6
9096,6,6,6
9097,6,6,6
9098,6,6,6
9099,6,6,6
9100,6,6,6
9101,6,6,6
9102,6,6,6
9103,6,6,6
9104,6,6,6
9105,6,1,7
9106,6,6,6
9107,6,6,6
9108,6,6,6
9109,6,6,6
9110,6,6,6
9111,6,6,6
9112,6,6,6
9113,6,6,6
9114,6,6,6
9115,0,2,0
9116,6,6,6
9117,6,6,6
9118,6,6,6
9119,6,6,6
9120,6,6,6
9121,6,6,6
9122,6,6,6
9123,6,1,7
9124,6,6,6
9125,6,6,6
9126,6,6,6
9127,6,6,6
9128,6,6,6
9129,6,6,6
9130,1,6,6
9131,6,6,6
9132,6,6,6
9133,6,6,6
9134,6,6,6
9135,6,6,6
9136,6,6,6
9137,6,1,7
9138,6,1,7
9139,7,1,7
9140,6,6,6
9141,7,1,7
9142,6,6,6
9143,6,1,7
9144,6,6,6
9145,6,6,6
9146,6,6,6
9147,6,6,6
9148,6,6,6
9149,6,6,6
9150,1,6,6
9151,6,6,6
9152,1,6,6
9153,6,6,6
9154,6,6,6
9155,6,6,6
9156,6,6,6
9157,6,6,6
9158,6,6,6
9159,6,6,6
9160,6,6,6
9161,6,6,6
9162,6,6,6
9163,6,6,6
9164,6,6,6
9165,1,5,5
9166,6,6,6
9167,6,6,6
9168,6,6,6
9169,6,6,6
9170,6,6,6
9171,6,6,6
9172,6,1,7
9173,6,6,6
9174,6,6,6
9175,6,6,6
9176,6,6,6
9177,0,5,5
9178,6,6,6
9179,6,6,6
9180,6,6,6
9181,6,6,6
9182,6,6,6
9183,6,6,6
9184,6,6,6
9185,6,6,6
9186,6,6,6
9187,6,6,6
9188,6,6,6
9189,6,6,6
9190,6,6,6
9191,6,6,6
9192,6,6,6
9193,6,6,6
9194,6,6,6
9195,6,6,6
9196,6,6,6
9197,6,6,6
9198,6,6,6
9199,6,6,6
9200,6,6,6
9201,6,6,6
9202,6,6,6
9203,6,6,6
9204,6,6,6
9205,6,6,6
9206,6,6,6
9207,6,6,6
9208,6,6,6
9209,6,6,6
9210,1,5,5
9211,6,6,6
9212,1,5,5
9213,6,6,6
9214,6,6,6
9215,6,6,6
9216,6,6,6
9217,6,6,6
9218,6,6,6
9219,6,1,7
9220,6,6,6
9221,6,6,6
9222,6,6,6
9223,6,6,6
9224,6,6,6
9225,6,6,6
9226,6,6,6
9227,6,6,6
9228,6,6,6
9229,6,6,6
9230,6,6,6
9231,6,6,6
9232,6,6,6
9233,6,6,6
9234,6,6,6
9235,6,6,6
9236,7,1,7
9237,6,6,6
9238,6,6,6
9239,6,6,6
9240,7,1,7
9241,6,6,6
9242,6,6,6
9243,6,6,6
9244,6,6,6
9245,6,6,6
9246,1,5,5
9247,1,5,5
9248,6,6,6
9249,6,6,6
9250,6,6,6
9251,6,6,6
9252,6,6,6
9253,6,6,6
9254,6,6,6
9255,6,6,6
9256,6,6,6
9257,6,6,6
9258,6,6,6
9259,6,6,6
9260,6,6,6
9261,6,6,6
9262,6,6,6
9263,6,6,6
9264,6,6,6
9265,7,1,7
9266,6,6,6
9267,6,6,6
9268,6,6,6
9269,6,6,6
9270,6,6,6
9271,6,6,6
9272,1,5,5
9273,6,6,6
9274,1,6,6
9275,6,6,6
9276,6,6,6
9277,6,6,6
9278,6,6,6
9279,6,6,6
9280,6,6,6
9281,1,5,5
9282,6,1,7
9283,7,1,7
9284,6,6,6
9285,0,2,0
9286,6,6,6
9287,6,6,6
9288,6,6,6
9289,1,5,5
9290,7,1,7
9291,6,6,6
9292,0,6,6
9293,6,6,6
9294,1,5,5
9295,6,6,6
9296,6,6,6
9297,6,6,6
9298,6,6,6
9299,6,6,6
9300,6,6,6
9301,6,6,6
9302,6,6,6
9303,6,6,6
9304,6,6,6
9305,6,6,6
9306,6,1,7
9307,6,6,6
9308,6,6,6
9309,6,6,6
9310,6,6,6
9311,6,6,6
9312,6,6,6
9313,6,1,7
9314,6,1,7
9315,6,6,6
9316,6,6,6
9317,6,6,6
9318,6,6,6
9319,6,6,6
9320,6,6,6
9321,6,6,6
9322,6,6,6
9323,6,6,6
9324,6,6,6
9325,6,6,6
9326,6,6,6
9327,6,6,6
9328,0,2,0
9329,6,6,6
9330,1,6,6
9331,6,6,6
9332,6,1,7
9333,6,6,6
9334,0,2,0
9335,6,6,6
9336,6,6,6
9337,6,1,7
9338,6,6,6
9339,6,6,6
9340,6,6,6
9341,6,6,6
9342,6,6,6
9343,7,1,7
9344,6,6,6
9345,6,6,6
9346,6,6,6
9347,6,6,6
9348,6,6,6
9349,6,6,6
9350,7,1,7
9351,6,6,6
9352,6,6,6
9353,6,6,6
9354,6,6,6
9355,6,6,6
9356,6,6,6
9357,6,1,7
9358,6,6,6
9359,6,6,6
9360,6,6,6
9361,6,6,6
9362,6,6,6
9363,6,6,6
9364,6,6,6
9365,6,1,7
9366,6,6,6
9367,6,6,6
9368,6,6,6
9369,6,6,6
9370,6,6,6
9371,6,6,6
9372,6,6,6
9373,6,6,6
9374,6,6,6
9375,6,6,6
9376,6,6,6
9377,6,6,6
9378,6,6,6
9379,6,6,6
9380,6,6,6
9381,7,1,7
9382,6,6,6
9383,6,6,6
9384,6,1,7
9385,6,6,6
9386,6,1,7
9387,6,6,6
9388,6,6,6
9389,6,6,6
9390,6,6,6
9391,6,6,6
9392,6,6,6
9393,6,6,6
9394,6,6,6
9395,6,6,6
9396,6,6,6
9397,6,6,6
9398,6,6,6
9399,7,1,7
9400,6,6,6
9401,6,6,6
9402,6,6,6
9403,6,6,6
9404,6,6,6
9405,6,6,6
9406,6,6,6
9407,6,6,6
9408,7,1,7
9409,6,6,6
9410,6,6,6
9411,6,6,6
9412,6,6,6
9413,6,6,6
9414,6,6,6
9415,6,6,6
9416,6,6,6
9417,6,6,6
9418,6,6,6
9419,6,6,6
9420,6,6,6
9421,6,6,6
9422,6,6,6
9423,6,6,6
9424,6,6,6
9425,1,5,5
9426,6,6,6
9427,6,6,6
9428,6,6,6
9429,6,6,6
9430,6,6,6
9431,1,5,5
9432,6,6,6
9433,6,6,6
9434,6,6,6
9435,6,6,6
9436,6,6,6
9437,6,6,6
9438,6,6,6
9439,6,6,6
9440,6,6,6
9441,6,6,6
9442,6,6,6
9443,6,6,6
9444,1,5,5
9445,6,6,6
9446,6,6,6
9447,1,5,5
9448,6,6,6
9449,6,6,6
9450,6,6,6
9451,6,6,6
9452,7,1,7
9453,6,6,6
9454,6,6,6
9455,6,6,6
9456,6,6,6
9457,6,6,6
9458,6,6,6
9459,6,6,6
9460,6,6,6
9461,6,6,6
9462,6,6,6
9463,7,1,7
9464,7,1,7
9465,6,6,6
9466,6,6,6
9467,6,6,6
9468,6,6,6
9469,6,6,6
9470,7,1,7
9471,6,6,6
9472,6,6,6
9473,6,6,6
9474,6,1,7
9475,6,6,6
9476,6,6,6
9477,6,6,6
9478,6,6,6
9479,6,6,6
9480,6,6,6
9481,6,6,6
9482,6,6,6
9483,6,6,6
9484,6,6,6
9485,6,6,6
9486,6,1,7
9487,6,6,6
9488,6,6,6
9489,6,6,6
9490,6,6,6
9491,6,6,6
9492,6,6,6
9493,6,6,6
9494,6,1,7
9495,6,6,6
9496,6,6,6
9497,6,6,6
9498,6,6,6
9499,6,6,6
9500,6,6,6
9501,6,6,6
9502,6,6,6
9503,6,6,6
9504,6,6,6
9505,6,6,6
9506,6,1,7
9507,6,6,6
9508,6,6,6
9509,6,6,6
9510,1,5,5
9511,6,6,6
9512,6,6,6
9513,6,6,6
9514,6,6,6
9515,6,6,6
9516,6,6,6
9517,0,2,0
9518,6,6,6
9519,6,6,6
9520,6,6,6
9521,6,6,6
9522,6,6,6
9523,6,6,6
9524,6,6,6
9525,6,6,6
9526,6,6,6
9527,1,5,5
9528,6,1,7
9529,6,6,6
9530,6,6,6
9531,6,6,6
9532,6,6,6
9533,7,1,7
9534,1,5,5
9535,6,6,6
9536,6,6,6
9537,7,1,7
9538,6,6,6
9539,6,6,6
9540,6,6,6
9541,6,6,6
9542,6,6,6
9543,6,6,6
9544,6,6,6
9545,6,6,6
9546,6,6,6
9547,6,6,6
9548,6,6,6
9549,6,6,6
9550,6,6,6
9551,6,6,6
9552,6,6,6
9553,6,6,6
9554,6,6,6
9555,6,6,6
9556,6,1,7
9557,6,6,6
9558,6,6,6
9559,6,6,6
9560,6,6,6
9561,7,1,7
9562,6,6,6
9563,6,6,6
9564,6,6,6
9565,6,6,6
9566,6,6,6
9567,6,6,6
9568,6,6,6
9569,6,6,6
9570,6,6,6
9571,6,6,6
9572,6,6,6
9573,6,6,6
9574,6,6,6
9575,6,6,6
9576,6,6,6
9577,6,6,6
9578,0,2,0
9579,6,6,6
9580,6,6,6
9581,6,6,6
9582,6,6,6
9583,6,6,6
9584,6,6,6
9585,6,6,6
9586,6,6,6
9587,6,6,6
9588,6,6,6
9589,6,6,6
9590,6,6,6
9591,6,6,6
9592,6,6,6
9593,6,6,6
9594,6,6,6
9595,6,6,6
9596,6,6,6
9597,6,6,6
9598,6,6,6
9599,6,6,6
9600,6,6,6
9601,6,6,6
9602,6,6,6
9603,6,6,6
9604,6,6,6
9605,6,6,6
9606,6,6,6
9607,6,6,6
9608,6,6,6
9609,6,6,6
9610,6,6,6
9611,6,6,6
9612,6,1,7
9613,6,6,6
9614,6,6,6
9615,7,1,7
9616,6,6,6
9617,6,6,6
9618,6,6,6
9619,6,6,6
9620,6,6,6
9621,6,6,6
9622,6,6,6
9623,6,6,6
9624,6,6,6
9625,6,6,6
9626,6,6,6
9627,6,6,6
9628,6,6,6
9629,6,6,6
9630,6,6,6
9631,6,6,6
9632,6,6,6
9633,6,6,6
9634,6,6,6
9635,6,6,6
9636,6,6,6
9637,6,6,6
9638,6,6,6
9639,6,6,6
9640,6,6,6
9641,6,6,6
9642,7,1,7
9643,6,1,7
9644,6,6,6
9645,6,6,6
9646,7,1,7
9647,6,6,6
9648,6,6,6
9649,6,1,7
9650,6,6,6
9651,6,1,7
9652,6,6,6
9653,6,6,6
9654,6,6,6
9655,6,1,7
9656,7,1,7
9657,6,6,6
9658,6,6,6
9659,6,6,6
9660,6,6,6
9661,6,6,6
9662,6,6,6
9663,6,6,6
9664,6,6,6
9665,6,6,6
9666,6,6,6
9667,6,6,6
9668,6,6,6
9669,6,6,6
9670,6,6,6
9671,6,6,6
9672,6,6,6
9673,6,6,6
9674,6,6,6
9675,6,1,7
9676,1,5,5
9677,6,6,6
9678,6,6,6
9679,1,5,5
9680,6,6,6
9681,6,6,6
9682,6,6,6
9683,6,6,6
9684,6,6,6
9685,7,1,7
9686,6,6,6
9687,6,6,6
9688,6,6,6
9689,6,6,6
9690,6,6,6
9691,6,6,6
9692,7,1,7
9693,6,6,6
9694,7,1,7
9695,6,6,6
9696,6,6,6
9697,6,6,6
9698,6,6,6
9699,6,6,6
9700,6,6,6
9701,6,6,6
9702,6,6,6
9703,6,6,6
9704,7,1,7
9705,6,6,6
9706,6,6,6
9707,6,6,6
9708,6,6,6
9709,6,6,6
9710,6,6,6
9711,6,6,6
9712,6,6,6
9713,6,1,7
9714,6,6,6
9715,1,6,6
9716,6,6,6
9717,6,6,6
9718,6,6,6
9719,6,6,6
9720,6,6,6
9721,6,6,6
9722,6,6,6
9723,6,6,6
9724,6,6,6
9725,6,1,7
9726,6,6,6
9727,6,6,6
9728,6,6,6
9729,6,6,6
9730,6,6,6
9731,6,6,6
9732,6,6,6
9733,6,6,6
9734,6,6,6
9735,6,6,6
9736,6,6,6
9737,6,6,6
9738,6,6,6
9739,6,6,6
9740,6,6,6
9741,6,6,6
9742,6,6,6
9743,6,6,6
9744,6,6,6
9745,1,5,5
9746,6,6,6
9747,6,1,7
9748,6,6,6
9749,6,6,6
9750,6,6,6
9751,6,6,6
9752,6,6,6
9753,6,6,6
9754,1,5,5
9755,6,6,6
9756,6,6,6
9757,6,6,6
9758,6,6,6
9759,6,6,6
9760,6,1,7
9761,6,6,6
9762,6,6,6
9763,6,6,6
9764,6,6,6
9765,6,6,6
9766,6,6,6
9767,6,6,6
9768,6,6,6
9769,6,6,6
9770,6,6,6
9771,6,6,6
9772,6,6,6
9773,0,2,0
9774,6,6,6
9775,6,6,6
9776,6,6,6
9777,6,1,7
9778,6,6,6
9779,6,6,6
9780,6,6,6
9781,6,6,6
9782,6,6,6
9783,6,6,6
9784,6,6,6
9785,6,6,6
9786,6,6,6
9787,6,6,6
9788,6,6,6
9789,6,6,6
9790,6,6,6
9791,6,6,6
9792,6,6,6
9793,6,6,6
9794,6,6,6
9795,6,6,6
9796,6,6,6
9797,6,6,6
9798,6,6,6
9799,6,6,6
9800,6,6,6
9801,1,5,5
9802,6,6,6
9803,6,6,6
9804,6,6,6
9805,6,6,6
9806,6,6,6
9807,6,6,6
9808,6,6,6
9809,6,6,6
9810,6,6,6
9811,6,6,6
9812,6,6,6
9813,6,6,6
9814,6,6,6
9815,6,1,7
9816,6,6,6
9817,6,6,6
9818,1,5,5
9819,6,6,6
9820,6,6,6
9821,6,6,6
9822,6,1,7
9823,6,6,6
9824,6,6,6
9825,6,6,6
9826,6,6,6
9827,6,6,6
9828,6,6,6
9829,6,6,6
9830,6,6,6
9831,6,6,6
9832,6,6,6
9833,6,1,7
9834,6,6,6
9835,6,6,6
9836,6,6,6
9837,6,6,6
9838,6,6,6
9839,6,6,6
9840,6,6,6
9841,6,6,6
9842,6,6,6
9843,6,6,6
9844,6,6,6
9845,6,6,6
9846,6,6,6
9847,6,6,6
9848,1,6,6
9849,6,6,6
9850,6,6,6
9851,6,6,6
9852,6,6,6
9853,6,1,7
9854,6,6,6
9855,6,6,6
9856,6,6,6
9857,6,6,6
9858,6,6,6
9859,6,6,6
9860,6,6,6
9861,6,6,6
9862,6,6,6
9863,6,6,6
9864,6,6,6
9865,6,6,6
9866,6,6,6
9867,6,6,6
9868,6,6,6
9869,6,6,6
9870,6,6,6
9871,6,6,6
9872,6,6,6
9873,7,1,7
9874,1,5,5
9875,6,1,7
9876,6,6,6
9877,6,6,6
9878,6,6,6
9879,6,6,6
9880,6,6,6
9881,6,6,6
9882,6,6,6
9883,6,6,6
9884,6,6,6
9885,6,6,6
9886,7,1,7
9887,6,6,6
9888,6,6,6
9889,6,6,6
9890,6,6,6
9891,6,6,6
9892,6,6,6
9893,6,6,6
9894,6,6,6
9895,7,1,7
9896,6,6,6
9897,6,6,6
9898,6,6,6
9899,6,6,6
9900,6,6,6
9901,6,1,7
9902,6,6,6
9903,6,6,6
9904,6,6,6
9905,6,6,6
9906,6,6,6
9907,6,6,6
9908,6,6,6
9909,6,6,6
9910,6,1,7
9911,6,6,6
9912,6,1,7
9913,6,6,6
9914,7,1,7
9915,6,1,7
9916,6,6,6
9917,6,6,6
9918,6,6,6
9919,7,1,7
9920,6,6,6
9921,6,6,6
9922,6,6,6
9923,0,2,0
9924,6,6,6
9925,6,6,6
9926,6,6,6
9927,6,6,6
9928,6,6,6
9929,6,6,6
9930,6,6,6
9931,6,6,6
9932,6,1,7
9933,6,6,6
9934,6,1,7
9935,6,6,6
9936,6,6,6
9937,6,6,6
9938,6,6,6
9939,6,6,6
9940,6,6,6
9941,6,6,6
9942,6,6,6
9943,7,1,7
9944,6,6,6
9945,6,6,6
9946,6,6,6
9947,6,6,6
9948,6,6,6
9949,6,6,6
9950,6,6,6
9951,6,6,6
9952,6,6,6
9953,6,6,6
9954,6,6,6
9955,6,6,6
9956,1,2,0
9957,6,6,6
9958,6,6,6
9959,6,1,7
9960,1,5,5
9961,6,6,6
9962,6,6,6
9963,6,6,6
9964,6,6,6
9965,6,6,6
9966,6,6,6
9967,6,6,6
9968,6,6,6
9969,6,6,6
9970,6,6,6
9971,6,6,6
9972,6,6,6
9973,6,6,6
9974,6,6,6
9975,6,6,6
9976,6,1,7
9977,6,6,6
9978,6,1,7
9979,6,1,7
9980,6,6,6
9981,6,1,7
9982,6,6,6
9983,6,6,6
9984,6,6,6
9985,6,6,6
9986,6,6,6
9987,6,6,6
9988,6,6,6
9989,6,6,6
9990,6,6,6
9991,6,6,6
9992,6,6,6
9993,6,6,6
9994,1,5,5
9995,6,6,6
9996,6,6,6
9997,6,6,6
9998,6,6,6
9999,7,1,7
10000,6,6,6
10001,6,6,6
10002,6,6,6
10003,6,6,6
10004,6,6,6
10005,6,6,6
10006,6,6,6
10007,6,6,6
10008,6,6,6
10009,6,6,6
10010,7,1,7
10011,6,6,6
10012,6,6,6
10013,6,6,6
10014,6,6,6
10015,6,6,6
10016,6,6,6
10017,6,6,6
10018,6,6,6
10019,6,6,6
10020,6,6,6
10021,6,6,6
10022,7,1,7
10023,6,6,6
10024,6,6,6
10025,6,6,6
10026,6,6,6
10027,6,6,6
10028,6,6,6
10029,6,6,6
10030,7,1,7
10031,6,1,7
10032,6,6,6
10033,6,6,6
10034,6,1,7
10035,6,6,6
10036,6,6,6
10037,6,6,6
10038,6,6,6
10039,6,6,6
10040,6,6,6
10041,6,6,6
10042,6,6,6
10043,6,6,6
10044,7,1,7
10045,6,6,6
10046,6,6,6
10047,6,6,6
10048,6,6,6
10049,6,6,6
10050,6,6,6
10051,6,6,6
10052,6,6,6
10053,7,1,7
10054,6,6,6
10055,6,6,6
10056,6,6,6
10057,6,6,6
10058,6,6,6
10059,6,6,6
10060,6,6,6
10061,6,6,6
10062,6,6,6
10063,6,6,6
10064,6,6,6
10065,6,6,6
10066,6,6,6
10067,6,6,6
10068,6,6,6
10069,6,6,6
10070,6,6,6
10071,6,6,6
10072,6,6,6
10073,6,6,6
10074,1,5,5
10075,6,6,6
10076,6,6,6
10077,6,6,6
10078,7,1,7
10079,6,6,6
10080,1,6,6
10081,7,1,7
10082,6,6,6
10083,1,5,5
10084,6,6,6
10085,6,6,6
10086,6,6,6
10087,6,6,6
10088,6,6,6
10089,6,6,6
10090,6,6,6
10091,6,6,6
10092,6,6,6
10093,6,6,6
10094,6,6,6
10095,6,6,6
10096,6,6,6
10097,6,6,6
10098,6,6,6
10099,6,6,6
10100,6,6,6
10101,6,6,6
10102,6,6,6
10103,6,6,6
10104,6,6,6
10105,6,6,6
10106,6,6,6
10107,6,6,6
10108,6,6,6
10109,6,6,6
10110,1,5,5
10111,6,6,6
10112,7,1,7
10113,6,6,6
10114,6,6,6
10115,6,1,7
10116,6,6,6
10117,6,6,6
10118,6,6,6
10119,6,6,6
10120,1,5,5
10121,6,6,6
10122,1,5,5
10123,6,6,6
10124,6,6,6
10125,6,6,6
10126,6,1,7
10127,6,6,6
10128,6,6,6
10129,6,6,6
10130,6,6,6
10131,6,6,6
10132,6,6,6
10133,6,6,6
10134,6,6,6
10135,6,6,6
10136,6,6,6
10137,6,6,6
10138,6,6,6
10139,6,6,6
10140,6,6,6
10141,6,6,6
10142,6,6,6
10143,6,6,6
10144,6,6,6
10145,6,1,7
10146,6,6,6
10147,6,6,6
10148,6,6,6
10149,6,6,6
10150,6,6,6
10151,6,6,6
10152,6,6,6
10153,6,6,6
10154,6,6,6
10155,6,6,6
10156,6,6,6
10157,6,6,6
10158,6,6,6
10159,6,6,6
10160,6,6,6
10161,6,6,6
10162,6,6,6
10163,6,6,6
10164,6,6,6
10165,6,6,6
10166,6,6,6
10167,6,6,6
10168,6,6,6
10169,6,6,6
10170,6,6,6
10171,0,2,0
10172,6,6,6
10173,6,6,6
10174,6,6,6
10175,6,6,6
10176,6,6,6
10177,6,6,6
10178,6,6,6
10179,6,6,6
10180,6,6,6
10181,1,5,5
10182,6,6,6
10183,1,5,5
10184,6,6,6
10185,6,6,6
10186,6,6,6
10187,6,6,6
10188,6,6,6
10189,6,6,6
10190,6,6,6
10191,6,6,6
10192,6,6,6
10193,6,6,6
10194,6,6,6
10195,6,6,6
10196,6,6,6
10197,6,6,6
10198,6,6,6
10199,6,6,6
10200,6,6,6
10201,6,6,6
10202,6,6,6
10203,6,6,6
10204,6,6,6
10205,7,1,7
10206,6,6,6
10207,6,6,6
10208,6,6,6
10209,6,6,6
10210,6,6,6
10211,6,6,6
10212,6,6,6
10213,6,6,6
10214,6,6,6
10215,6,6,6
10216,6,6,6
10217,6,6,6
10218,7,1,7
10219,6,6,6
10220,7,1,7
10221,6,6,6
10222,6,6,6
10223,6,6,6
10224,6,6,6
10225,7,1,7
10226,6,6,6
10227,6,6,6
10228,6,6,6
10229,6,6,6
10230,6,6,6
10231,6,6,6
10232,6,6,6
10233,6,6,6
10234,6,6,6
10235,6,6,6
10236,6,6,6
10237,6,6,6
10238,1,5,5
10239,6,6,6
10240,6,6,6
10241,6,6,6
10242,6,6,6
10243,6,6,6
10244,6,6,6
10245,1,5,5
10246,6,6,6
10247,6,6,6
10248,6,6,6
10249,6,6,6
10250,6,6,6
10251,6,6,6
10252,6,6,6
10253,6,6,6
10254,6,6,6
10255,1,6,6
10256,6,6,6
10257,6,6,6
10258,6,6,6
10259,6,6,6
10260,7,1,7
10261,6,6,6
10262,6,6,6
10263,6,6,6
10264,6,6,6
10265,6,6,6
10266,6,6,6
10267,6,6,6
10268,1,5,5
10269,6,6,6
10270,6,6,6
10271,6,6,6
10272,6,6,6
10273,6,1,7
10274,7,1,7
10275,6,6,6
10276,7,1,7
10277,6,6,6
10278,7,1,7
10279,6,6,6
10280,6,6,6
10281,6,6,6
10282,6,6,6
10283,6,6,6
10284,6,6,6
10285,6,1,7
10286,7,1,7
10287,6,6,6
10288,1,5,5
10289,6,6,6
10290,6,6,6
10291,6,6,6
10292,6,1,7
10293,6,6,6
10294,6,6,6
10295,6,6,6
10296,6,6,6
10297,6,6,6
10298,7,1,7
10299,6,6,6
10300,1,5,5
10301,6,6,6
10302,6,6,6
10303,6,6,6
10304,6,6,6
10305,6,6,6
10306,6,6,6
10307,6,6,6
10308,6,6,6
10309,6,6,6
10310,6,6,6
10311,6,6,6
10312,6,6,6
10313,6,6,6
10314,6,6,6
10315,6,6,6
10316,6,6,6
10317,6,6,6
10318,6,6,6
10319,6,6,6
10320,6,6,6
10321,6,6,6
10322,6,6,6
10323,7,1,7
10324,6,6,6
10325,6,6,6
10326,6,6,6
10327,6,1,7
10328,6,6,6
10329,6,1,7
10330,6,6,6
10331,6,6,6
10332,6,6,6
10333,6,6,6
10334,6,6,6
10335,6,6,6
10336,6,6,6
10337,6,6,6
10338,1,5,5
10339,6,6,6
10340,6,6,6
10341,6,6,6
10342,6,6,6
10343,6,6,6
10344,6,6,6
10345,7,1,7
10346,6,6,6
10347,7,1,7
10348,6,6,6
10349,6,6,6
10350,6,6,6
10351,6,6,6
10352,6,6,6
10353,6,6,6
10354,7,1,7
10355,6,6,6
10356,6,6,6
10357,6,6,6
10358,6,6,6
10359,6,6,6
10360,6,6,6
10361,6,6,6
10362,7,1,7
10363,6,6,6
10364,6,6,6
10365,6,6,6
10366,6,6,6
10367,6,6,6
10368,6,6,6
10369,6,6,6
10370,6,6,6
10371,6,6,6
10372,6,6,6
10373,6,6,6
10374,6,6,6
10375,6,1,7
10376,6,6,6
10377,6,6,6
10378,6,6,6
10379,6,6,6
10380,6,6,6
10381,6,6,6
10382,6,1,7
10383,6,6,6
10384,6,6,6
10385,6,6,6
10386,6,6,6
10387,6,6,6
10388,6,6,6
10389,7,1,7
10390,6,6,6
10391,6,6,6
10392,6,6,6
10393,6,6,6
10394,6,6,6
10395,6,6,6
10396,6,6,6
10397,6,6,6
10398,6,6,6
10399,6,6,6
10400,6,6,6
10401,6,6,6
10402,6,6,6
10403,1,5,5
10404,6,6,6
10405,6,6,6
10406,1,5,5
10407,6,1,7
10408,6,6,6
10409,6,1,7
10410,6,6,6
10411,6,6,6
10412,6,6,6
10413,6,6,6
10414,6,6,6
10415,6,6,6
10416,6,6,6
10417,6,6,6
10418,6,6,6
10419,6,6,6
10420,6,6,6
10421,6,6,6
10422,6,6,6
10423,6,6,6
10424,6,6,6
10425,6,1,7
10426,6,6,6
10427,6,6,6
10428,6,6,6
10429,6,6,6
10430,6,6,6
10431,6,6,6
10432,6,6,6
10433,6,6,6
10434,6,6,6
10435,6,6,6
10436,6,6,6
10437,6,6,6
10438,6,6,6
10439,6,6,6
10440,6,6,6
10441,6,6,6
10442,6,6,6
10443,6,6,6
10444,6,6,6
10445,6,6,6
10446,6,6,6
10447,6,6,6
10448,6,6,6
10449,6,6,6
10450,6,6,6
10451,6,6,6
10452,6,6,6
10453,6,6,6
10454,6,6,6
10455,6,6,6
10456,6,6,6
10457,1,5,5
10458,6,6,6
10459,6,1,7
10460,6,6,6
10461,6,6,6
10462,6,6,6
10463,6,6,6
10464,6,6,6
10465,6,6,6
10466,6,6,6
10467,6,6,6
10468,6,6,6
10469,6,6,6
10470,7,1,7
10471,6,6,6
10472,6,6,6
10473,6,6,6
10474,6,6,6
10475,6,6,6
10476,6,6,6
10477,6,6,6
10478,6,6,6
10479,6,6,6
10480,6,6,6
10481,6,6,6
10482,6,6,6
10483,6,6,6
10484,6,6,6
10485,7,1,7
10486,6,6,6
10487,6,6,6
10488,6,6,6
10489,6,6,6
10490,6,6,6
10491,6,6,6
10492,6,6,6
10493,6,6,6
10494,1,6,6
10495,6,6,6
10496,6,6,6
10497,6,6,6
10498,6,1,7
10499,6,6,6
10500,6,6,6
10501,6,6,6
10502,6,6,6
10503,6,6,6
10504,6,1,7
10505,6,6,6
10506,6,1,7
10507,6,6,6
10508,6,6,6
10509,6,6,6
10510,6,6,6
10511,6,6,6
10512,6,6,6
10513,6,6,6
10514,6,6,6
10515,6,6,6
10516,6,6,6
10517,6,6,6
10518,6,6,6
10519,6,6,6
10520,6,6,6
10521,6,6,6
10522,1,2,0
10523,6,6,6
10524,6,6,6
10525,6,6,6
10526,6,6,6
10527,6,6,6
10528,6,6,6
10529,6,6,6
10530,6,6,6
10531,6,6,6
10532,6,6,6
10533,6,6,6
10534,6,6,6
10535,6,6,6
10536,6,6,6
10537,6,6,6
10538,6,6,6
10539,6,6,6
10540,6,6,6
10541,6,6,6
10542,6,6,6
10543,7,1,7
10544,6,6,6
10545,6,6,6
10546,6,6,6
10547,6,6,6
10548,6,1,7
10549,6,6,6
10550,6,6,6
10551,6,6,6
10552,6,6,6
10553,6,6,6
10554,6,6,6
10555,1,5,5
10556,6,6,6
10557,6,6,6
10558,6,6,6
10559,6,6,6
10560,6,6,6
10561,1,5,5
10562,6,1,7
10563,6,6,6
10564,6,6,6
10565,6,6,6
10566,6,6,6
10567,6,6,6
10568,6,6,6
10569,6,6,6
10570,6,6,6
10571,6,6,6
10572,6,6,6
10573,6,6,6
10574,6,6,6
10575,6,6,6
10576,6,6,6
10577,6,6,6
10578,6,6,6
10579,1,6,6
10580,6,6,6
10581,6,1,7
10582,6,6,6
10583,6,6,6
10584,6,6,6
10585,6,6,6
10586,6,6,6
10587,6,6,6
10588,6,6,6
10589,6,6,6
10590,6,6,6
10591,6,6,6
10592,6,6,6
10593,6,6,6
10594,1,5,5
10595,1,5,5
10596,6,6,6
10597,6,1,7
10598,6,6,6
10599,6,1,7
10600,7,1,7
10601,6,6,6
10602,6,6,6
10603,6,6,6
10604,6,6,6
10605,6,6,6
10606,6,6,6
10607,6,6,6
10608,6,6,6
10609,6,6,6
10610,6,6,6
10611,6,6,6
10612,6,6,6
10613,6,6,6
10614,6,6,6
10615,6,6,6
10616,6,6,6
10617,6,6,6
10618,6,6,6
10619,6,6,6
10620,6,6,6
10621,6,6,6
10622,6,6,6
10623,6,6,6
10624,6,6,6
10625,6,6,6
10626,6,6,6
10627,6,6,6
10628,6,6,6
10629,6,6,6
10630,6,6,6
10631,6,6,6
10632,6,6,6
10633,6,6,6
10634,6,6,6
10635,6,6,6
10636,6,6,6
10637,6,6,6
10638,6,6,6
10639,6,6,6
10640,6,6,6
10641,6,6,6
10642,6,6,6
10643,6,6,6
10644,6,6,6
10645,6,6,6
10646,6,6,6
10647,6,6,6
10648,6,6,6
10649,6,6,6
10650,6,6,6
10651,6,6,6
10652,6,6,6
10653,6,6,6
10654,6,6,6
10655,6,6,6
10656,6,6,6
10657,6,6,6
10658,6,6,6
10659,6,6,6
10660,6,6,6
10661,6,6,6
10662,6,6,6
10663,1,5,5
10664,6,6,6
10665,6,6,6
10666,6,6,6
10667,6,6,6
10668,6,6,6
10669,6,6,6
10670,6,6,6
10671,6,6,6
10672,6,6,6
10673,6,6,6
10674,6,6,6
10675,6,6,6
10676,6,6,6
10677,6,6,6
10678,6,6,6
10679,6,6,6
10680,6,6,6
10681,6,6,6
10682,6,6,6
10683,6,6,6
10684,6,6,6
10685,6,6,6
10686,6,6,6
10687,6,6,6
10688,6,6,6
10689,6,6,6
10690,6,6,6
10691,6,6,6
10692,6,6,6
10693,6,6,6
10694,6,6,6
10695,7,1,7
10696,6,6,6
10697,6,6,6
10698,6,6,6
10699,6,6,6
10700,6,6,6
10701,6,6,6
10702,6,1,7
10703,6,6,6
10704,6,6,6
10705,6,6,6
10706,6,6,6
10707,6,6,6
10708,6,6,6
10709,6,6,6
10710,6,6,6
10711,6,6,6
10712,6,6,6
10713,6,6,6
10714,6,6,6
10715,6,6,6
10716,6,6,6
10717,6,6,6
10718,6,6,6
10719,0,2,0
10720,6,6,6
10721,6,6,6
10722,6,1,7
10723,6,6,6
10724,6,6,6
10725,6,6,6
10726,6,6,6
10727,6,6,6
10728,6,6,6
10729,6,6,6
10730,6,6,6
10731,6,6,6
10732,6,6,6
10733,6,6,6
10734,6,6,6
10735,6,6,6
10736,6,6,6
10737,6,6,6
10738,6,6,6
10739,6,6,6
10740,6,6,6
10741,6,6,6
10742,6,6,6
10743,6,6,6
10744,6,6,6
10745,6,6,6
10746,6,6,6
10747,6,6,6
10748,6,6,6
10749,6,6,6
10750,6,6,6
10751,6,6,6
10752,6,6,6
10753,6,6,6
10754,6,6,6
10755,6,6,6
10756,6,6,6
10757,6,6,6
10758,6,6,6
10759,6,6,6
10760,6,6,6
10761,6,6,6
10762,6,6,6
10763,6,6,6
10764,6,6,6
10765,6,6,6
10766,6,6,6
10767,6,6,6
10768,6,6,6
10769,6,6,6
10770,6,6,6
10771,6,6,6
10772,1,5,5
10773,6,6,6
10774,6,6,6
10775,6,6,6
10776,6,6,6
10777,6,6,6
10778,6,6,6
10779,6,6,6
10780,6,6,6
10781,5,5,5
10782,6,6,6
10783,1,5,5
10784,6,6,6
10785,6,6,6
10786,6,6,6
10787,6,6,6
10788,6,1,7
10789,6,6,6
10790,6,6,6
10791,6,6,6
10792,6,6,6
10793,6,6,6
10794,6,6,6
10795,6,6,6
10796,6,6,6
10797,6,6,6
10798,6,6,6
10799,6,6,6
10800,6,6,6
10801,6,6,6
10802,6,6,6
10803,6,6,6
10804,6,1,7
10805,6,6,6
10806,6,6,6
10807,6,6,6
10808,6,6,6
10809,6,6,6
10810,6,6,6
10811,6,6,6
10812,6,6,6
10813,6,6,6
10814,6,6,6
10815,6,6,6
10816,6,6,6
10817,6,6,6
10818,6,6,6
10819,6,6,6
10820,6,6,6
10821,6,6,6
10822,6,6,6
10823,6,6,6
10824,6,6,6
10825,6,6,6
10826,6,6,6
10827,6,6,6
10828,1,5,5
10829,6,6,6
10830,6,6,6
10831,6,6,6
10832,0,2,0
10833,6,6,6
10834,6,6,6
10835,6,6,6
10836,1,5,5
10837,6,6,6
10838,6,6,6
10839,1,6,6
10840,6,6,6
10841,6,6,6
10842,6,6,6
10843,6,6,6
10844,6,6,6
10845,6,6,6
10846,6,6,6
10847,6,6,6
10848,6,6,6
10849,6,6,6
10850,6,6,6
10851,6,6,6
10852,6,6,6
10853,1,5,5
10854,7,1,7
10855,6,6,6
10856,6,6,6
10857,6,6,6
10858,6,6,6
10859,6,6,6
10860,6,6,6
10861,6,6,6
10862,6,6,6
10863,6,6,6
10864,6,6,6
10865,6,6,6
10866,6,6,6
10867,6,6,6
10868,6,6,6
10869,6,6,6
10870,6,6,6
10871,0,2,0
10872,6,1,7
10873,6,6,6
10874,6,6,6
10875,6,6,6
10876,6,6,6
10877,6,6,6
10878,6,6,6
10879,6,6,6
10880,6,6,6
10881,6,6,6
10882,6,6,6
10883,6,6,6
10884,6,6,6
10885,6,6,6
10886,6,6,6
10887,6,6,6
10888,6,6,6
10889,6,6,6
10890,6,6,6
10891,6,6,6
10892,6,6,6
10893,6,6,6
10894,6,6,6
10895,6,6,6
10896,6,6,6
10897,1,5,5
10898,6,6,6
10899,6,6,6
10900,6,6,6
10901,6,6,6
10902,6,6,6
10903,6,6,6
10904,1,5,5
10905,6,6,6
10906,6,6,6
10907,6,6,6
10908,6,6,6
10909,1,5,5
10910,6,6,6
10911,6,6,6
10912,6,6,6
10913,6,6,6
10914,6,6,6
10915,6,6,6
10916,6,6,6
10917,6,6,6
10918,6,6,6
10919,6,6,6
10920,6,6,6
10921,6,6,6
10922,6,6,6
10923,6,6,6
10924,6,6,6
10925,6,6,6
10926,6,6,6
10927,6,6,6
10928,6,6,6
10929,6,6,6
10930,6,6,6
10931,6,6,6
10932,6,6,6
10933,6,6,6
10934,6,6,6
10935,6,6,6
10936,6,6,6
10937,6,6,6
10938,6,6,6
10939,6,6,6
10940,6,6,6
10941,6,6,6
10942,6,6,6
10943,6,6,6
10944,6,6,6
10945,6,6,6
10946,6,6,6
10947,6,1,7
10948,6,6,6
10949,6,6,6
10950,6,6,6
10951,6,6,6
10952,6,6,6
10953,6,6,6
10954,6,6,6
10955,0,2,0
10956,6,6,6
10957,6,6,6
10958,6,6,6
10959,6,6,6
10960,6,6,6
10961,6,6,6
10962,6,6,6
10963,1,6,6
10964,6,6,6
10965,6,6,6
10966,6,6,6
10967,6,6,6
10968,6,6,6
10969,6,6,6
10970,6,6,6
10971,6,6,6
10972,6,6,6
10973,6,6,6
10974,6,6,6
10975,6,6,6
10976,6,6,6
10977,6,6,6
10978,6,6,6
10979,6,6,6
10980,6,6,6
10981,6,6,6
10982,1,5,5
10983,6,6,6
10984,6,6,6
10985,6,6,6
10986,6,6,6
10987,6,6,6
10988,6,6,6
10989,6,6,6
10990,6,6,6
10991,1,6,6
10992,6,6,6
10993,6,6,6
10994,1,5,5
10995,6,6,6
10996,6,6,6
10997,6,6,6
10998,6,6,6
10999,6,6,6
11000,6,6,6
11001,6,6,6
11002,6,6,6
11003,6,6,6
11004,6,6,6
11005,6,6,6
11006,6,6,6
11007,6,6,6
11008,6,6,6
11009,6,6,6
11010,6,6,6
11011,6,6,6
11012,6,6,6
11013,6,6,6
11014,6,6,6
11015,6,6,6
11016,6,6,6
11017,6,6,6
11018,6,6,6
11019,1,5,5
11020,6,6,6
11021,6,6,6
11022,6,6,6
11023,6,6,6
11024,6,6,6
11025,6,6,6
11026,6,6,6
11027,6,6,6
11028,6,6,6
11029,6,6,6
11030,6,6,6
11031,6,6,6
11032,6,6,6
11033,6,6,6
11034,6,6,6
11035,6,6,6
11036,6,6,6
11037,6,6,6
11038,6,6,6
11039,6,6,6
11040,6,6,6
11041,6,6,6
11042,6,6,6
11043,6,6,6
11044,6,6,6
11045,6,6,6
11046,6,6,6
11047,6,6,6
11048,6,6,6
11049,6,6,6
11050,6,6,6
11051,6,6,6
11052,6,6,6
11053,6,6,6
11054,6,6,6
11055,6,6,6
11056,6,6,6
11057,6,6,6
11058,6,6,6
11059,6,6,6
11060,6,6,6
11061,6,6,6
11062,6,6,6
11063,6,6,6
11064,6,6,6
11065,6,6,6
11066,6,6,6
11067,6,6,6
11068,6,6,6
11069,6,6,6
11070,7,1,7
11071,1,5,5
11072,6,6,6
11073,6,6,6
11074,6,6,6
11075,6,6,6
11076,6,6,6
11077,6,6,6
11078,6,6,6
11079,6,6,6
11080,6,6,6
11081,6,6,6
11082,6,6,6
11083,6,6,6
11084,6,6,6
11085,6,1,7
11086,6,6,6
11087,6,6,6
11088,6,6,6
11089,6,6,6
11090,6,6,6
11091,6,6,6
11092,6,6,6
11093,6,6,6
11094,6,6,6
11095,6,6,6
11096,6,6,6
11097,6,6,6
11098,6,6,6
11099,6,6,6
11100,6,6,6
11101,6,6,6
11102,6,6,6
11103,6,6,6
11104,6,6,6
11105,6,6,6
11106,6,6,6
11107,6,6,6
11108,1,5,5
11109,6,6,6
11110,6,6,6
11111,6,6,6
11112,6,6,6
11113,6,6,6
11114,6,6,6
11115,6,6,6
11116,6,6,6
11117,6,6,6
11118,6,6,6
11119,6,6,6
11120,6,6,6
11121,3,0,3
11122,6,6,6
11123,6,6,6
11124,6,6,6
11125,6,6,6
11126,6,6,6
11127,6,6,6
11128,6,6,6
11129,6,6,6
11130,6,6,6
11131,6,6,6
11132,6,6,6
11133,6,6,6
11134,6,6,6
11135,6,6,6
11136,1,5,5
11137,6,6,6
11138,6,6,6
11139,6,6,6
11140,6,6,6
11141,6,6,6
11142,6,6,6
11143,6,6,6
11144,6,6,6
11145,6,6,6
11146,6,6,6
11147,6,6,6
11148,6,6,6
11149,6,6,6
11150,6,6,6
11151,6,6,6
11152,6,6,6
11153,6,6,6
11154,6,6,6
11155,1,5,5
11156,6,6,6
11157,6,6,6
11158,6,6,6
11159,6,6,6
11160,6,6,6
11161,6,6,6
11162,6,6,6
11163,6,6,6
11164,6,6,6
11165,6,6,6
11166,6,6,6
11167,6,6,6
11168,6,6,6
11169,6,6,6
11170,6,6,6
11171,6,6,6
11172,6,6,6
11173,6,6,6
11174,6,6,6
11175,6,6,6
11176,6,6,6
11177,6,6,6
11178,6,6,6
11179,7,1,7
11180,6,6,6
11181,6,6,6
11182,6,6,6
11183,6,6,6
11184,6,6,6
11185,6,6,6
11186,6,6,6
11187,6,6,6
11188,6,6,6
11189,6,6,6
11190,1,5,5
11191,6,6,6
11192,6,6,6
11193,6,1,7
11194,6,6,6
11195,6,6,6
11196,6,6,6
11197,6,6,6
11198,6,6,6
11199,1,5,5
11200,6,6,6
11201,1,5,5
11202,6,6,6
11203,6,6,6
11204,6,6,6
11205,6,6,6
11206,6,6,6
11207,6,6,6
11208,6,6,6
11209,6,6,6
11210,6,6,6
11211,6,6,6
11212,6,6,6
11213,6,6,6
11214,6,6,6
11215,6,6,6
11216,6,6,6
11217,6,6,6
11218,6,6,6
11219,6,6,6
11220,6,6,6
11221,6,6,6
11222,6,6,6
11223,6,6,6
11224,6,6,6
11225,6,6,6
11226,6,6,6
11227,6,6,6
11228,6,6,6
11229,6,6,6
11230,6,6,6
11231,6,6,6
11232,6,6,6
11233,6,6,6
11234,6,6,6
11235,6,6,6
11236,6,6,6
11237,6,6,6
11238,6,6,6
11239,6,6,6
11240,6,6,6
11241,1,6,6
11242,6,6,6
11243,6,6,6
11244,6,6,6
11245,6,6,6
11246,1,5,5
11247,6,6,6
11248,6,6,6
11249,6,6,6
11250,6,6,6
11251,6,6,6
11252,6,6,6
11253,6,6,6
11254,6,6,6
11255,6,6,6
11256,6,6,6
11257,6,6,6
11258,6,6,6
11259,6,6,6
11260,6,6,6
11261,6,6,6
11262,6,6,6
11263,6,6,6
11264,6,6,6
11265,6,6,6
11266,6,1,7
11267,6,6,6
11268,6,6,6
11269,6,6,6
11270,6,6,6
11271,6,6,6
11272,6,6,6
11273,6,6,6
11274,6,6,6
11275,6,6,6
11276,0,2,0
11277,1,5,5
11278,6,6,6
11279,6,6,6
11280,6,6,6
11281,1,5,5
11282,6,6,6
11283,6,6,6
11284,6,6,6
11285,6,6,6
11286,1,5,5
11287,6,6,6
11288,6,6,6
11289,6,6,6
11290,6,6,6
11291,6,6,6
11292,6,6,6
11293,6,6,6
11294,6,6,6
11295,6,6,6
11296,6,6,6
11297,6,6,6
11298,6,6,6
11299,6,6,6
11300,6,6,6
11301,6,6,6
11302,6,6,6
11303,6,6,6
11304,7,1,7
11305,6,6,6
11306,6,6,6
11307,6,6,6
11308,6,6,6
11309,6,6,6
11310,6,6,6
11311,6,6,6
11312,6,6,6
11313,6,6,6
11314,6,6,6
11315,6,6,6
11316,6,6,6
11317,6,6,6
11318,6,6,6
11319,6,6,6
11320,6,6,6
11321,6,6,6
11322,6,6,6
11323,6,6,6
11324,6,6,6
11325,6,6,6
11326,6,6,6
11327,6,6,6
11328,6,6,6
11329,6,6,6
11330,6,6,6
11331,6,6,6
11332,6,6,6
11333,6,6,6
11334,6,6,6
11335,6,6,6
11336,6,6,6
11337,6,6,6
11338,6,6,6
11339,6,6,6
11340,7,1,7
11341,6,6,6
11342,6,6,6
11343,6,6,6
11344,6,6,6
11345,6,6,6
11346,6,6,6
11347,6,6,6
11348,6,6,6
11349,6,6,6
11350,6,6,6
11351,6,6,6
11352,6,6,6
11353,6,6,6
11354,6,6,6
11355,6,6,6
11356,6,6,6
11357,6,6,6
11358,6,6,6
11359,6,6,6
11360,6,6,6
11361,6,6,6
11362,6,6,6
11363,6,6,6
11364,6,6,6
11365,6,6,6
11366,1,5,5
11367,6,6,6
11368,6,6,6
11369,6,6,6
11370,6,6,6
11371,6,6,6
11372,6,6,6
11373,6,6,6
11374,6,6,6
11375,6,6,6
11376,6,6,6
11377,6,6,6
11378,6,6,6
11379,6,6,6
11380,6,6,6
11381,6,6,6
11382,6,6,6
11383,6,6,6
11384,6,6,6
11385,6,6,6
11386,6,6,6
11387,6,6,6
11388,6,6,6
11389,6,6,6
11390,6,6,6
11391,6,6,6
11392,6,1,7
11393,6,6,6
11394,6,6,6
11395,6,6,6
11396,6,6,6
11397,6,6,6
11398,6,6,6
11399,6,6,6
11400,6,6,6
11401,1,5,5
11402,6,6,6
11403,6,6,6
11404,6,6,6
11405,6,6,6
11406,6,6,6
11407,6,6,6
11408,6,6,6
11409,6,6,6
11410,6,6,6
11411,6,6,6
11412,6,6,6
11413,0,2,0
11414,6,6,6
11415,6,6,6
11416,6,6,6
11417,6,6,6
11418,6,6,6
11419,1,5,5
11420,6,6,6
11421,6,6,6
11422,6,6,6
11423,6,6,6
11424,6,6,6
11425,6,6,6
11426,6,6,6
11427,6,6,6
11428,6,6,6
11429,6,6,6
11430,6,6,6
11431,6,6,6
11432,6,6,6
11433,6,6,6
11434,6,6,6
11435,6,6,6
11436,6,6,6
11437,6,6,6
11438,6,6,6
11439,6,1,7
11440,6,6,6
11441,6,6,6
11442,6,6,6
11443,6,6,6
11444,6,6,6
11445,6,6,6
11446,6,6,6
11447,6,6,6
11448,6,6,6
11449,6,6,6
11450,6,6,6
11451,6,6,6
11452,6,6,6
11453,6,6,6
11454,6,6,6
11455,1,5,5
11456,6,6,6
11457,6,6,6
11458,6,6,6
11459,6,6,6
11460,7,1,7
11461,6,6,6
11462,6,6,6
11463,6,6,6
11464,6,6,6
11465,0,2,0
11466,6,6,6
11467,6,6,6
11468,6,6,6
11469,6,6,6
11470,6,6,6
11471,6,6,6
11472,6,6,6
11473,6,6,6
11474,6,6,6
11475,6,6,6
11476,6,6,6
11477,6,6,6
11478,6,6,6
11479,1,2,0
11480,6,6,6
11481,6,6,6
11482,6,6,6
11483,6,6,6
11484,6,6,6
11485,6,6,6
11486,6,6,6
11487,6,6,6
11488,6,6,6
11489,6,6,6
11490,6,6,6
11491,6,6,6
11492,6,6,6
11493,6,6,6
11494,6,6,6
11495,6,6,6
11496,6,6,6
11497,6,6,6
11498,6,6,6
11499,6,6,6
11500,6,6,6
11501,6,6,6
11502,6,6,6
11503,6,6,6
11504,6,6,6
11505,7,1,7
11506,6,6,6
11507,6,6,6
11508,6,6,6
11509,6,6,6
11510,6,1,7
11511,6,6,6
11512,6,6,6
11513,6,6,6
11514,6,6,6
11515,6,6,6
11516,6,6,6
11517,6,6,6
11518,6,6,6
11519,6,6,6
11520,6,1,7
11521,0,2,0
11522,6,6,6
11523,6,6,6
11524,1,5,5
11525,6,6,6
11526,6,6,6
11527,6,6,6
11528,6,6,6
11529,6,6,6
11530,6,6,6
11531,6,6,6
11532,6,6,6
11533,6,6,6
11534,6,6,6
11535,6,6,6
11536,6,6,6
11537,6,6,6
11538,6,6,6
11539,6,6,6
11540,6,6,6
11541,6,6,6
11542,6,6,6
11543,6,6,6
11544,6,6,6
11545,6,6,6
11546,6,6,6
11547,6,6,6
11548,6,6,6
11549,6,6,6
11550,6,6,6
11551,6,6,6
11552,6,6,6
11553,6,6,6
11554,6,1,7
11555,6,6,6
11556,6,6,6
11557,6,6,6
11558,6,6,6
11559,6,6,6
11560,6,6,6
11561,6,6,6
11562,6,6,6
11563,6,6,6
11564,6,6,6
11565,6,6,6
11566,6,6,6
11567,6,6,6
11568,7,1,7
11569,6,6,6
11570,6,6,6
11571,6,6,6
11572,6,6,6
11573,6,6,6
11574,6,6,6
11575,6,6,6
11576,6,6,6
11577,6,6,6
11578,6,6,6
11579,6,6,6
11580,6,6,6
11581,6,6,6
11582,6,6,6
11583,6,6,6
11584,6,6,6
11585,6,6,6
11586,6,6,6
11587,6,6,6
11588,6,6,6
11589,6,6,6
11590,6,6,6
11591,6,6,6
11592,6,6,6
11593,6,6,6
11594,6,6,6
11595,6,6,6
11596,6,6,6
11597,6,6,6
11598,6,6,6
11599,6,6,6
11600,6,6,6
11601,6,6,6
11602,6,6,6
11603,6,6,6
11604,6,6,6
11605,6,6,6
11606,6,6,6
11607,6,6,6
11608,6,6,6
11609,6,6,6
11610,6,6,6
11611,6,6,6
11612,6,6,6
11613,6,6,6
11614,6,6,6
11615,6,6,6
11616,6,6,6
11617,6,6,6
11618,6,6,6
11619,6,6,6
11620,6,6,6
11621,6,6,6
11622,7,1,7
11623,6,6,6
11624,6,6,6
11625,6,6,6
11626,6,6,6
11627,6,6,6
11628,6,6,6
11629,6,6,6
11630,6,6,6
11631,6,6,6
11632,6,6,6
11633,6,6,6
11634,6,6,6
11635,6,6,6
11636,6,6,6
11637,6,6,6
11638,7,1,7
11639,6,6,6
11640,0,2,0
11641,6,6,6
11642,6,6,6
11643,6,6,6
11644,1,5,5
11645,6,6,6
11646,6,6,6
11647,6,6,6
11648,6,6,6
11649,6,6,6
11650,6,6,6
11651,6,6,6
11652,6,6,6
11653,6,6,6
11654,6,6,6
11655,6,6,6
11656,6,6,6
11657,6,6,6
11658,6,6,6
11659,6,6,6
11660,6,6,6
11661,6,6,6
11662,6,6,6
11663,6,6,6
11664,6,6,6
11665,6,6,6
11666,6,6,6
11667,6,6,6
11668,6,6,6
11669,6,6,6
11670,6,6,6
11671,6,6,6
11672,6,6,6
11673,6,6,6
11674,6,6,6
11675,6,6,6
11676,6,6,6
11677,6,6,6
11678,6,6,6
11679,1,5,5
11680,6,6,6
11681,6,6,6
11682,6,6,6
11683,6,6,6
11684,6,6,6
11685,6,6,6
11686,6,6,6
11687,6,6,6
11688,6,6,6
11689,6,6,6
11690,6,6,6
11691,6,6,6
11692,6,6,6
11693,6,6,6
11694,6,6,6
11695,6,6,6
11696,0,2,0
11697,6,6,6
11698,6,6,6
11699,6,6,6
11700,6,6,6
11701,6,6,6
11702,6,6,6
11703,6,6,6
11704,6,6,6
11705,1,5,5
11706,6,6,6
11707,6,6,6
11708,6,6,6
11709,6,6,6
11710,6,6,6
11711,6,6,6
11712,6,6,6
11713,6,6,6
11714,6,6,6
11715,6,6,6
11716,6,6,6
11717,6,6,6
11718,6,6,6
11719,6,6,6
11720,6,6,6
11721,6,6,6
11722,6,6,6
11723,6,6,6
11724,6,6,6
11725,6,6,6
11726,6,6,6
11727,6,6,6
11728,6,6,6
11729,6,6,6
11730,6,6,6
11731,6,6,6
11732,6,6,6
11733,6,6,6
11734,6,6,6
11735,6,6,6
11736,6,6,6
11737,6,6,6
11738,6,6,6
11739,1,5,5
11740,6,6,6
11741,6,6,6
11742,6,6,6
11743,6,6,6
11744,6,6,6
11745,6,6,6
11746,6,6,6
11747,6,6,6
11748,6,6,6
11749,6,6,6
11750,6,6,6
11751,6,6,6
11752,6,6,6
11753,6,6,6
11754,6,6,6
11755,0,2,0
11756,6,6,6
11757,6,6,6
11758,6,6,6
11759,6,6,6
11760,6,6,6
11761,6,6,6
11762,6,6,6
11763,6,6,6
11764,6,6,6
11765,6,6,6
11766,6,6,6
11767,6,6,6
11768,6,6,6
11769,1,5,5
11770,6,6,6
11771,6,6,6
11772,6,6,6
11773,6,6,6
11774,6,6,6
11775,6,6,6
11776,6,6,6
11777,6,6,6
11778,6,6,6
11779,6,6,6
11780,6,6,6
11781,6,6,6
11782,6,6,6
11783,7,1,7
11784,6,6,6
11785,7,1,7
11786,6,6,6
11787,6,6,6
11788,6,6,6
11789,6,6,6
11790,6,6,6
11791,6,6,6
11792,6,6,6
11793,6,6,6
11794,6,6,6
11795,6,6,6
11796,6,6,6
11797,6,6,6
11798,6,6,6
11799,6,6,6
11800,6,6,6
11801,6,6,6
11802,6,6,6
11803,6,6,6
11804,6,6,6
11805,6,6,6
11806,6,6,6
11807,6,6,6
11808,6,6,6
11809,6,6,6
11810,6,6,6
11811,6,6,6
11812,6,6,6
11813,6,6,6
11814,6,6,6
11815,6,6,6
11816,7,1,7
11817,6,6,6
11818,6,6,6
11819,6,6,6
11820,6,6,6
11821,6,6,6
11822,6,6,6
11823,6,6,6
11824,6,6,6
11825,6,6,6
11826,6,6,6
11827,6,6,6
11828,6,6,6
11829,6,6,6
11830,6,6,6
11831,6,6,6
11832,6,6,6
11833,6,6,6
11834,6,6,6
11835,6,6,6
11836,6,6,6
11837,6,6,6
11838,6,6,6
11839,6,6,6
11840,6,6,6
11841,6,6,6
11842,1,2,0
11843,6,6,6
11844,6,6,6
11845,6,6,6
11846,6,6,6
11847,6,6,6
11848,6,6,6
11849,6,6,6
11850,6,6,6
11851,6,6,6
11852,6,6,6
11853,6,6,6
11854,6,6,6
11855,6,6,6
11856,6,6,6
11857,6,6,6
11858,6,6,6
11859,6,6,6
11860,6,6,6
11861,6,6,6
11862,6,6,6
11863,1,5,5
11864,7,1,7
11865,6,6,6
11866,6,6,6
11867,6,6,6
11868,6,6,6
11869,6,6,6
11870,6,6,6
11871,6,6,6
11872,6,6,6
11873,6,6,6
11874,6,6,6
11875,0,2,0
11876,6,6,6
11877,6,6,6
11878,6,6,6
11879,6,6,6
11880,6,6,6
11881,1,5,5
11882,6,6,6
11883,6,6,6
11884,0,2,0
11885,6,6,6
11886,6,6,6
11887,6,6,6
11888,6,6,6
11889,6,6,6
11890,6,6,6
11891,6,6,6
11892,6,6,6
11893,6,6,6
11894,6,6,6
11895,6,6,6
11896,6,6,6
11897,6,6,6
11898,6,6,6
11899,6,6,6
11900,6,6,6
11901,6,6,6
11902,6,6,6
11903,6,6,6
11904,6,6,6
11905,6,6,6
11906,6,6,6
11907,6,6,6
11908,6,6,6
11909,6,6,6
11910,6,6,6
11911,6,6,6
11912,6,6,6
11913,6,6,6
11914,6,6,6
11915,6,6,6
11916,6,6,6
11917,6,6,6
11918,6,6,6
11919,0,2,0
11920,6,6,6
11921,6,6,6
11922,6,6,6
11923,6,6,6
11924,6,6,6
11925,6,6,6
11926,6,6,6
11927,6,6,6
11928,6,6,6
11929,6,6,6
11930,6,6,6
11931,6,6,6
11932,6,6,6
11933,6,6,6
11934,6,6,6
11935,6,6,6
11936,6,6,6
11937,6,6,6
11938,6,6,6
11939,6,6,6
11940,6,6,6
11941,6,6,6
11942,6,6,6
11943,6,6,6
11944,6,6,6
11945,6,6,6
11946,6,6,6
11947,6,6,6
11948,6,6,6
11949,1,5,5
11950,6,6,6
11951,6,6,6
11952,6,6,6
11953,6,6,6
11954,6,6,6
11955,6,6,6
11956,6,6,6
11957,6,6,6
11958,6,6,6
11959,6,6,6
11960,6,6,6
11961,6,6,6
11962,6,6,6
11963,6,6,6
11964,6,6,6
11965,6,6,6
11966,6,6,6
11967,6,6,6
11968,6,6,6
11969,6,6,6
11970,6,6,6
11971,6,6,6
11972,6,6,6
11973,6,6,6
11974,6,6,6
11975,6,6,6
11976,6,6,6
11977,6,6,6
11978,6,6,6
11979,6,6,6
11980,6,6,6
11981,6,6,6
11982,6,6,6
11983,6,6,6
11984,6,6,6
11985,6,6,6
11986,6,6,6
11987,6,6,6
11988,6,6,6
11989,6,6,6
11990,6,6,6
11991,6,6,6
11992,6,6,6
11993,6,6,6
11994,6,6,6
11995,6,6,6
11996,6,6,6
11997,6,6,6
11998,6,6,6
11999,6,6,6
12000,6,6,6
12001,6,6,6
12002,6,6,6
12003,6,6,6
12004,6,6,6
12005,6,6,6
12006,6,6,6
12007,6,6,6
12008,6,6,6
12009,6,6,6
12010,6,6,6
12011,6,6,6
12012,7,1,7
12013,6,6,6
12014,6,6,6
12015,6,6,6
12016,6,6,6
12017,6,6,6
12018,6,6,6
12019,6,6,6
12020,6,6,6
12021,6,6,6
12022,6,6,6
12023,6,6,6
12024,6,6,6
12025,6,6,6
12026,6,6,6
12027,6,6,6
12028,6,6,6
12029,6,6,6
12030,6,6,6
12031,0,2,0
12032,6,6,6
12033,6,6,6
12034,6,6,6
12035,6,6,6
12036,6,6,6
12037,6,6,6
12038,6,6,6
12039,6,6,6
12040,6,6,6
12041,6,6,6
12042,6,6,6
12043,6,6,6
12044,6,6,6
12045,6,6,6
12046,6,6,6
12047,6,6,6
12048,6,6,6
12049,6,6,6
12050,6,6,6
12051,6,6,6
12052,6,6,6
12053,6,6,6
12054,6,6,6
12055,6,6,6
12056,6,6,6
12057,6,6,6
12058,6,6,6
12059,1,5,5
12060,6,6,6
12061,6,6,6
12062,6,6,6
12063,6,6,6
12064,6,6,6
12065,6,6,6
12066,6,6,6
12067,6,6,6
12068,6,6,6
12069,6,1,7
12070,6,6,6
12071,6,6,6
12072,6,6,6
12073,6,6,6
12074,6,6,6
12075,6,6,6
12076,6,6,6
12077,6,6,6
12078,6,6,6
12079,6,6,6
12080,6,6,6
12081,6,6,6
12082,6,6,6
12083,6,6,6
12084,6,6,6
12085,0,2,0
12086,6,6,6
12087,6,6,6
12088,6,6,6
12089,6,6,6
12090,6,6,6
12091,6,6,6
12092,6,6,6
12093,6,6,6
12094,6,6,6
12095,6,6,6
12096,6,6,6
12097,6,6,6
12098,0,2,0
12099,6,6,6
12100,6,6,6
12101,6,6,6
12102,6,6,6
12103,6,6,6
12104,6,6,6
12105,6,6,6
12106,6,6,6
12107,6,6,6
12108,6,6,6
12109,6,6,6
12110,6,6,6
12111,6,6,6
12112,6,6,6
12113,6,6,6
12114,6,6,6
12115,6,6,6
12116,6,6,6
12117,6,6,6
12118,6,6,6
12119,6,6,6
12120,6,6,6
12121,6,6,6
12122,6,6,6
12123,6,6,6
12124,6,6,6
12125,6,6,6
12126,6,6,6
12127,6,6,6
12128,6,6,6
12129,6,6,6
12130,6,6,6
12131,6,6,6
12132,6,6,6
12133,6,6,6
12134,6,6,6
12135,6,6,6
12136,6,6,6
12137,6,6,6
12138,6,6,6
12139,6,6,6
12140,6,6,6
12141,6,6,6
12142,6,6,6
12143,6,6,6
12144,6,6,6
12145,6,6,6
12146,6,6,6
12147,6,6,6
12148,6,6,6
12149,6,6,6
12150,6,6,6
12151,6,6,6
12152,6,6,6
12153,6,6,6
12154,6,6,6
12155,6,6,6
12156,6,6,6
12157,6,6,6
12158,6,6,6
12159,6,6,6
12160,6,6,6
12161,6,6,6
12162,6,6,6
12163,6,6,6
12164,6,6,6
12165,6,6,6
12166,6,6,6
12167,6,6,6
12168,6,6,6
12169,6,6,6
12170,6,6,6
12171,6,6,6
12172,6,6,6
12173,6,6,6
12174,6,6,6
12175,6,6,6
12176,6,6,6
12177,6,6,6
12178,6,6,6
12179,6,6,6
12180,6,6,6
12181,6,6,6
12182,6,1,7
12183,6,6,6
12184,6,6,6
12185,6,1,7
12186,6,6,6
12187,6,6,6
12188,1,5,5
12189,6,6,6
12190,6,6,6
12191,6,6,6
12192,6,6,6
12193,6,6,6
12194,6,6,6
12195,6,6,6
12196,6,6,6
12197,6,6,6
12198,6,6,6
12199,6,1,7
12200,7,1,7
12201,6,6,6
12202,6,6,6
12203,6,6,6
12204,6,6,6
12205,6,6,6
12206,6,6,6
12207,6,6,6
12208,6,6,6
12209,1,5,5
12210,6,6,6
12211,6,6,6
12212,6,6,6
12213,6,6,6
12214,6,6,6
12215,6,6,6
12216,6,6,6
12217,6,6,6
12218,6,6,6
12219,7,1,7
12220,6,6,6
12221,6,6,6
12222,6,6,6
12223,6,6,6
12224,6,6,6
12225,6,6,6
12226,6,6,6
12227,6,6,6
12228,6,6,6
12229,6,6,6
12230,6,6,6
12231,6,6,6
12232,6,6,6
12233,6,6,6
12234,7,1,7
12235,6,6,6
12236,6,6,6
12237,6,6,6
12238,6,6,6
12239,6,6,6
12240,6,6,6
12241,6,6,6
12242,6,6,6
12243,6,6,6
12244,6,6,6
12245,6,6,6
12246,6,6,6
12247,6,1,7
12248,6,6,6
12249,6,6,6
12250,6,6,6
12251,7,1,7
12252,6,6,6
12253,6,6,6
12254,6,6,6
12255,6,6,6
12256,5,5,5
12257,6,6,6
12258,6,6,6
12259,6,6,6
12260,6,6,6
12261,6,6,6
12262,6,6,6
12263,6,6,6
12264,6,6,6
12265,6,6,6
12266,7,1,7
12267,6,6,6
12268,6,6,6
12269,7,1,7
12270,6,6,6
12271,6,6,6
12272,7,1,7
12273,6,6,6
12274,6,6,6
12275,6,6,6
12276,6,6,6
12277,0,2,0
12278,6,6,6
12279,6,6,6
12280,6,6,6
12281,6,6,6
12282,6,6,6
12283,6,6,6
12284,6,6,6
12285,0,2,0
12286,6,6,6
12287,0,2,0
12288,6,6,6
12289,6,6,6
12290,6,6,6
12291,6,6,6
12292,6,6,6
12293,6,6,6
12294,6,6,6
12295,0,2,0
12296,6,6,6
12297,6,6,6
12298,6,6,6
12299,6,6,6
12300,6,6,6
12301,6,6,6
12302,6,6,6
12303,6,6,6
12304,6,6,6
12305,6,6,6
12306,6,6,6
12307,6,6,6
12308,6,6,6
12309,6,6,6
12310,6,6,6
12311,6,6,6
12312,6,6,6
12313,6,6,6
12314,6,6,6
12315,6,6,6
12316,6,6,6
12317,6,6,6
12318,6,6,6
12319,0,2,0
12320,6,6,6
12321,6,6,6
12322,6,6,6
12323,6,6,6
12324,6,6,6
12325,6,6,6
12326,6,6,6
12327,6,6,6
12328,6,6,6
12329,6,6,6
12330,6,6,6
12331,6,6,6
12332,6,6,6
12333,6,6,6
12334,6,6,6
12335,6,6,6
12336,6,6,6
12337,6,6,6
12338,6,6,6
12339,6,6,6
12340,6,6,6
12341,6,6,6
12342,6,6,6
12343,6,6,6
12344,6,6,6
12345,6,6,6
12346,6,6,6
12347,6,6,6
12348,6,6,6
12349,6,6,6
12350,6,6,6
12351,6,6,6
12352,6,6,6
12353,6,6,6
12354,6,6,6
12355,6,6,6
12356,6,6,6
12357,6,6,6
12358,6,6,6
12359,6,6,6
12360,6,6,6
12361,6,6,6
12362,6,6,6
12363,6,6,6
12364,6,6,6
12365,6,6,6
12366,6,6,6
12367,6,6,6
12368,6,6,6
12369,6,6,6
12370,6,6,6
12371,6,1,7
12372,6,6,6
12373,6,6,6
12374,6,6,6
12375,6,6,6
12376,6,6,6
12377,6,6,6
12378,6,6,6
12379,6,6,6
12380,6,6,6
12381,6,6,6
12382,6,6,6
12383,6,6,6
12384,6,6,6
12385,6,6,6
12386,6,6,6
12387,6,6,6
12388,6,6,6
12389,6,6,6
12390,6,6,6
12391,6,6,6
12392,6,6,6
12393,6,6,6
12394,6,6,6
12395,6,6,6
12396,6,6,6
12397,6,6,6
12398,6,6,6
12399,6,6,6
12400,6,6,6
12401,6,6,6
12402,6,6,6
12403,6,6,6
12404,6,6,6
12405,6,6,6
12406,6,6,6
12407,6,6,6
12408,6,6,6
12409,6,6,6
12410,6,6,6
12411,6,6,6
12412,6,6,6
12413,6,6,6
12414,6,6,6
12415,6,6,6
12416,6,6,6
12417,6,6,6
12418,6,6,6
12419,6,6,6
12420,6,6,6
12421,6,6,6
12422,6,6,6
12423,6,6,6
12424,6,6,6
12425,6,6,6
12426,6,6,6
12427,6,6,6
12428,6,6,6
12429,6,6,6
12430,6,6,6
12431,6,6,6
12432,6,6,6
12433,6,6,6
12434,6,6,6
12435,6,6,6
12436,6,6,6
12437,6,6,6
12438,6,6,6
12439,6,1,7
12440,6,6,6
12441,6,1,7
12442,6,6,6
12443,6,6,6
12444,6,6,6
12445,6,6,6
12446,6,6,6
12447,6,6,6
12448,6,6,6
12449,6,6,6
12450,6,6,6
12451,6,6,6
12452,6,6,6
12453,6,6,6
12454,6,6,6
12455,6,6,6
12456,6,6,6
12457,6,6,6
12458,6,6,6
12459,6,6,6
12460,6,6,6
12461,6,6,6
12462,6,6,6
12463,6,6,6
12464,1,5,5
12465,6,6,6
12466,6,6,6
12467,6,6,6
12468,6,6,6
12469,6,6,6
12470,6,6,6
12471,6,6,6
12472,6,6,6
12473,6,6,6
12474,6,6,6
12475,6,6,6
12476,6,6,6
12477,6,6,6
12478,6,6,6
12479,1,5,5
12480,6,6,6
12481,6,6,6
12482,6,6,6
12483,6,6,6
12484,6,6,6
12485,6,6,6
12486,6,6,6
12487,6,6,6
12488,6,6,6
12489,6,6,6
12490,6,6,6
12491,6,6,6
12492,6,6,6
12493,6,6,6
12494,6,6,6
12495,1,5,5
12496,6,6,6
12497,6,6,6
12498,6,6,6
12499,6,6,6
12500,6,6,6
12501,6,6,6
12502,6,6,6
12503,6,6,6
12504,6,6,6
12505,6,6,6
12506,6,6,6
12507,6,6,6
12508,6,6,6
12509,6,6,6
12510,6,6,6
12511,6,6,6
12512,6,6,6
12513,6,6,6
12514,6,6,6
12515,6,6,6
12516,6,6,6
12517,6,6,6
12518,6,6,6
12519,6,6,6
12520,6,6,6
12521,6,6,6
12522,6,6,6
12523,6,6,6
12524,6,6,6
12525,6,6,6
12526,6,6,6
12527,6,6,6
12528,6,6,6
12529,6,6,6
12530,6,6,6
12531,6,6,6
12532,6,6,6
12533,6,6,6
12534,6,6,6
12535,6,6,6
12536,6,6,6
12537,6,6,6
12538,6,6,6
12539,6,6,6
12540,6,6,6
12541,6,6,6
12542,6,6,6
12543,6,6,6
12544,6,6,6
12545,6,6,6
12546,6,6,6
12547,6,6,6
12548,6,6,6
12549,6,6,6
12550,6,6,6
12551,6,6,6
12552,1,6,6
12553,1,5,5
12554,1,5,5
12555,6,6,6
12556,6,6,6
12557,6,6,6
12558,6,6,6
12559,6,6,6
12560,6,6,6
12561,6,6,6
12562,6,6,6
12563,6,6,6
12564,6,6,6
12565,6,6,6
12566,6,6,6
12567,6,6,6
12568,6,6,6
12569,6,6,6
12570,6,6,6
12571,6,6,6
12572,6,6,6
12573,6,6,6
12574,7,1,7
12575,6,6,6
12576,6,6,6
12577,6,6,6
12578,6,6,6
12579,6,6,6
12580,6,6,6
12581,6,6,6
12582,6,6,6
12583,6,6,6
12584,6,6,6
12585,6,6,6
12586,6,1,7
12587,6,6,6
12588,6,6,6
12589,6,6,6
12590,6,6,6
12591,1,6,6
12592,6,6,6
12593,6,6,6
12594,6,6,6
12595,6,6,6
12596,6,6,6
12597,6,6,6
12598,6,6,6
12599,6,6,6
12600,6,6,6
12601,6,6,6
12602,6,6,6
12603,6,6,6
12604,6,6,6
12605,1,5,5
12606,6,6,6
12607,6,6,6
12608,6,6,6
12609,6,6,6
12610,6,6,6
12611,6,6,6
12612,6,6,6
12613,6,6,6
12614,1,5,5
12615,6,6,6
12616,7,1,7
12617,6,6,6
12618,6,6,6
12619,6,6,6
12620,6,6,6
12621,6,6,6
12622,6,6,6
12623,6,6,6
12624,6,6,6
12625,6,6,6
12626,6,6,6
12627,6,1,7
12628,6,6,6
12629,6,6,6
12630,6,6,6
12631,6,6,6
12632,6,6,6
12633,6,6,6
12634,6,6,6
12635,6,6,6
12636,6,6,6
12637,6,6,6
12638,7,1,7
12639,6,6,6
12640,6,6,6
12641,6,6,6
12642,6,1,7
12643,6,6,6
12644,6,6,6
12645,6,6,6
12646,6,6,6
12647,6,6,6
12648,6,6,6
12649,6,6,6
12650,6,6,6
12651,6,6,6
12652,6,6,6
12653,6,6,6
12654,6,6,6
12655,6,6,6
12656,6,6,6
12657,6,6,6
12658,6,6,6
12659,6,6,6
12660,6,6,6
12661,6,6,6
12662,6,6,6
12663,6,6,6
12664,6,6,6
12665,6,6,6
12666,0,2,0
12667,6,6,6
12668,1,6,6
12669,1,5,5
12670,6,6,6
12671,6,6,6
12672,6,6,6
12673,6,6,6
12674,6,6,6
12675,6,6,6
12676,6,6,6
12677,6,6,6
12678,6,6,6
12679,7,1,7
12680,6,6,6
12681,6,1,7
12682,6,6,6
12683,6,1,7
12684,6,6,6
12685,6,6,6
12686,6,6,6
12687,6,6,6
12688,6,6,6
12689,6,6,6
12690,6,6,6
12691,6,6,6
12692,6,6,6
12693,6,6,6
12694,6,6,6
12695,6,6,6
12696,6,6,6
12697,6,6,6
12698,6,6,6
12699,6,6,6
12700,6,6,6
12701,6,6,6
12702,6,6,6
12703,6,6,6
12704,6,6,6
12705,6,6,6
12706,1,5,5
12707,1,6,6
12708,6,6,6
12709,6,6,6
12710,6,6,6
12711,6,6,6
12712,6,6,6
12713,6,6,6
12714,6,6,6
12715,6,6,6
12716,6,6,6
12717,6,6,6
12718,6,6,6
12719,0,2,0
12720,6,6,6
12721,6,6,6
12722,0,2,0
12723,6,6,6
12724,6,6,6
12725,6,6,6
12726,6,6,6
12727,6,6,6
12728,6,6,6
12729,6,6,6
12730,6,6,6
12731,6,6,6
12732,6,6,6
12733,6,6,6
12734,6,6,6
12735,6,6,6
12736,6,6,6
12737,6,6,6
12738,6,6,6
12739,6,6,6
12740,6,6,6
12741,6,6,6
12742,1,5,5
12743,6,6,6
12744,6,6,6
12745,6,6,6
12746,6,6,6
12747,6,6,6
12748,6,6,6
12749,6,6,6
12750,6,6,6
12751,6,6,6
12752,6,6,6
12753,6,6,6
12754,6,6,6
12755,6,6,6
12756,6,6,6
12757,1,5,5
12758,1,5,5
12759,6,6,6
12760,6,6,6
12761,6,6,6
12762,6,6,6
12763,6,6,6
12764,6,6,6
12765,6,6,6
12766,7,1,7
12767,6,6,6
12768,6,6,6
12769,6,6,6
12770,6,6,6
12771,6,6,6
12772,6,6,6
12773,6,6,6
12774,6,6,6
12775,6,6,6
12776,6,6,6
12777,6,6,6
12778,6,6,6
12779,6,6,6
12780,6,6,6
12781,6,6,6
12782,0,2,0
12783,6,6,6
12784,6,6,6
12785,6,6,6
12786,6,6,6
12787,6,6,6
12788,6,6,6
12789,6,6,6
12790,6,6,6
12791,6,6,6
12792,6,6,6
12793,6,6,6
12794,6,6,6
12795,6,6,6
12796,7,1,7
12797,6,6,6
12798,6,6,6
12799,6,6,6
12800,6,6,6
12801,6,6,6
12802,6,6,6
12803,1,5,5
12804,6,6,6
12805,6,6,6
12806,6,6,6
12807,6,6,6
12808,6,6,6
12809,6,6,6
12810,6,6,6
12811,6,6,6
12812,6,6,6
12813,6,6,6
12814,6,6,6
12815,6,6,6
12816,6,6,6
12817,6,6,6
12818,6,6,6
12819,6,6,6
12820,6,6,6
12821,6,6,6
12822,6,6,6
12823,6,6,6
12824,6,6,6
12825,6,6,6
12826,6,6,6
12827,7,1,7
12828,6,6,6
12829,6,6,6
12830,6,6,6
12831,6,6,6
12832,6,6,6
12833,6,6,6
12834,6,6,6
12835,6,6,6
12836,6,6,6
12837,6,6,6
12838,6,6,6
12839,6,6,6
12840,6,6,6
12841,6,6,6
12842,6,6,6
12843,6,6,6
12844,7,1,7
12845,6,6,6
12846,6,6,6
12847,6,6,6
12848,6,6,6
12849,6,6,6
12850,6,6,6
12851,6,6,6
12852,6,6,6
12853,6,6,6
12854,6,6,6
12855,6,6,6
12856,6,6,6
12857,6,6,6
12858,6,6,6
12859,1,5,5
12860,1,5,5
12861,6,6,6
12862,6,6,6
12863,6,6,6
12864,6,6,6
12865,6,6,6
12866,6,6,6
12867,6,6,6
12868,6,6,6
12869,6,6,6
12870,6,6,6
12871,6,6,6
12872,6,6,6
12873,6,6,6
12874,6,6,6
12875,6,6,6
12876,0,2,0
12877,6,6,6
12878,6,6,6
12879,6,6,6
12880,6,6,6
12881,7,1,7
12882,6,6,6
12883,6,6,6
12884,6,6,6
12885,6,6,6
12886,6,6,6
12887,6,6,6
12888,6,6,6
12889,6,6,6
12890,6,6,6
12891,6,6,6
12892,6,6,6
12893,6,6,6
12894,6,6,6
12895,6,6,6
12896,6,6,6
12897,6,6,6
12898,6,6,6
12899,6,6,6
12900,6,6,6
12901,6,6,6
12902,6,6,6
12903,6,6,6
12904,6,6,6
12905,6,6,6
12906,6,6,6
12907,6,6,6
12908,6,6,6
12909,6,6,6
12910,6,6,6
12911,6,6,6
12912,6,6,6
12913,6,6,6
12914,6,6,6
12915,6,6,6
12916,6,6,6
12917,6,6,6
12918,6,6,6
12919,6,6,6
12920,6,6,6
12921,6,6,6
12922,6,6,6
12923,6,6,6
12924,6,6,6
12925,6,6,6
12926,6,6,6
12927,6,6,6
12928,1,5,5
12929,1,5,5
12930,6,6,6
12931,6,6,6
12932,6,6,6
12933,6,6,6
12934,6,6,6
12935,6,6,6
12936,6,6,6
12937,6,6,6
12938,6,6,6
12939,6,6,6
12940,6,6,6
12941,6,6,6
12942,6,6,6
12943,6,6,6
12944,6,6,6
12945,6,6,6
12946,6,6,6
12947,6,6,6
12948,6,6,6
12949,6,6,6
12950,6,6,6
12951,6,6,6
12952,7,1,7
12953,1,5,5
12954,6,6,6
12955,6,6,6
12956,6,6,6
12957,6,6,6
12958,6,6,6
12959,6,6,6
12960,6,6,6
12961,6,6,6
12962,6,6,6
12963,6,6,6
12964,6,6,6
12965,6,6,6
12966,6,6,6
12967,6,6,6
12968,6,6,6
12969,6,6,6
12970,6,6,6
12971,6,6,6
12972,6,6,6
12973,6,6,6
12974,6,6,6
12975,6,6,6
12976,6,6,6
12977,6,6,6
12978,6,6,6
12979,6,6,6
12980,1,5,5
12981,6,6,6
12982,6,6,6
12983,6,6,6
12984,6,6,6
12985,6,6,6
12986,6,6,6
12987,6,6,6
12988,6,6,6
12989,6,6,6
12990,0,2,0
12991,6,6,6
12992,6,6,6
12993,6,6,6
12994,6,6,6
12995,6,6,6
12996,6,6,6
12997,6,6,6
12998,6,6,6
12999,6,6,6
13000,6,6,6
13001,6,6,6
13002,6,6,6
13003,6,6,6
13004,6,6,6
13005,6,6,6
13006,6,6,6
13007,6,6,6
13008,6,6,6
13009,6,6,6
13010,6,6,6
13011,6,6,6
13012,6,6,6
13013,6,6,6
13014,6,6,6
13015,6,6,6
13016,6,6,6
13017,6,6,6
13018,6,6,6
13019,6,6,6
13020,6,6,6
13021,6,6,6
13022,7,1,7
13023,7,1,7
13024,6,6,6
13025,6,6,6
13026,6,6,6
13027,6,6,6
13028,6,6,6
13029,6,6,6
13030,6,6,6
13031,6,6,6
13032,6,6,6
13033,6,6,6
13034,6,6,6
13035,6,6,6
13036,6,6,6
13037,6,6,6
13038,6,6,6
13039,6,6,6
13040,6,6,6
13041,6,6,6
13042,6,6,6
13043,6,6,6
13044,6,6,6
13045,6,6,6
13046,6,6,6
13047,6,6,6
13048,6,6,6
13049,6,6,6
13050,6,6,6
13051,6,6,6
13052,6,6,6
13053,6,6,6
13054,6,6,6
13055,6,6,6
13056,6,6,6
13057,6,6,6
13058,6,6,6
13059,6,6,6
13060,6,6,6
13061,6,6,6
13062,7,1,7
13063,6,1,7
13064,6,6,6
13065,1,5,5
13066,6,6,6
13067,6,6,6
13068,6,6,6
13069,6,6,6
13070,1,5,5
13071,6,6,6
13072,6,6,6
13073,6,6,6
13074,6,6,6
13075,6,6,6
13076,6,6,6
13077,6,6,6
13078,6,6,6
13079,6,6,6
13080,6,6,6
13081,6,6,6
13082,6,6,6
13083,6,6,6
13084,6,6,6
13085,6,6,6
13086,1,5,5
13087,6,6,6
13088,6,6,6
13089,6,6,6
13090,6,6,6
13091,6,6,6
13092,6,6,6
13093,6,6,6
13094,6,6,6
13095,6,6,6
13096,6,6,6
13097,6,6,6
13098,6,6,6
13099,6,6,6
13100,6,6,6
13101,6,6,6
13102,6,6,6
13103,6,1,7
13104,6,6,6
13105,6,6,6
13106,6,6,6
13107,6,6,6
13108,6,6,6
13109,6,6,6
13110,6,6,6
13111,6,6,6
13112,6,6,6
13113,6,1,7
13114,6,6,6
13115,6,6,6
13116,6,6,6
13117,6,6,6
13118,6,6,6
13119,6,6,6
13120,6,6,6
13121,7,1,7
13122,6,6,6
13123,6,6,6
13124,6,6,6
13125,6,6,6
13126,6,6,6
13127,6,6,6
13128,6,6,6
13129,6,6,6
13130,6,6,6
13131,6,1,7
13132,6,6,6
13133,6,6,6
13134,6,6,6
13135,6,6,6
13136,6,6,6
13137,6,6,6
13138,6,6,6
13139,6,6,6
13140,0,2,0
13141,6,6,6
13142,6,6,6
13143,6,6,6
13144,6,6,6
13145,6,6,6
13146,6,6,6
13147,6,6,6
13148,6,6,6
13149,6,6,6
13150,6,6,6
13151,6,6,6
13152,6,6,6
13153,6,6,6
13154,6,6,6
13155,6,6,6
13156,6,6,6
13157,6,6,6
13158,6,6,6
13159,6,6,6
13160,6,6,6
13161,6,6,6
13162,6,6,6
13163,6,6,6
13164,6,6,6
13165,6,6,6
13166,6,6,6
13167,0,2,0
13168,7,1,7
13169,6,6,6
13170,6,6,6
13171,6,6,6
13172,0,2,0
13173,6,6,6
13174,6,1,7
13175,6,6,6
13176,6,6,6
13177,6,6,6
13178,6,6,6
13179,6,6,6
13180,6,6,6
13181,6,6,6
13182,6,6,6
13183,6,6,6
13184,6,6,6
13185,6,6,6
13186,6,6,6
13187,6,6,6
13188,6,6,6
13189,6,6,6
13190,6,6,6
13191,6,6,6
13192,6,6,6
13193,1,6,6
13194,6,6,6
13195,0,2,0
13196,6,6,6
13197,7,1,7
13198,6,6,6
13199,6,1,7
13200,6,6,6
13201,6,6,6
13202,6,6,6
13203,1,5,5
13204,6,6,6
13205,6,1,7
13206,6,6,6
13207,6,6,6
13208,6,6,6
13209,6,6,6
13210,6,6,6
13211,6,6,6
13212,6,6,6
13213,1,5,5
13214,6,6,6
13215,6,6,6
13216,6,6,6
13217,6,6,6
13218,6,6,6
13219,6,6,6
13220,6,6,6
13221,6,6,6
13222,6,6,6
13223,6,6,6
13224,6,6,6
13225,6,6,6
13226,6,6,6
13227,6,6,6
13228,6,6,6
13229,6,6,6
13230,6,6,6
13231,6,6,6
13232,6,6,6
13233,6,1,7
13234,6,6,6
13235,6,6,6
13236,6,6,6
13237,6,6,6
13238,6,6,6
13239,6,6,6
13240,6,6,6
13241,1,5,5
13242,6,6,6
13243,6,6,6
13244,6,6,6
13245,6,6,6
13246,6,6,6
13247,7,1,7
13248,6,6,6
13249,6,6,6
13250,6,6,6
13251,6,6,6
13252,6,6,6
13253,6,6,6
13254,6,6,6
13255,6,6,6
13256,6,6,6
13257,6,6,6
13258,6,6,6
13259,6,6,6
13260,6,6,6
13261,6,6,6
13262,6,6,6
13263,0,2,0
13264,7,1,7
13265,6,6,6
13266,6,6,6
13267,6,6,6
13268,6,6,6
13269,6,6,6
13270,6,1,7
13271,6,6,6
13272,6,6,6
13273,6,6,6
13274,6,6,6
13275,6,6,6
13276,6,6,6
13277,6,6,6
13278,6,6,6
13279,0,2,0
13280,1,5,5
13281,6,6,6
13282,6,6,6
13283,1,5,5
13284,6,6,6
13285,6,6,6
13286,6,6,6
13287,7,1,7
13288,6,6,6
13289,6,6,6
13290,6,6,6
13291,6,6,6
13292,6,6,6
13293,6,6,6
13294,6,6,6
13295,7,1,7
13296,6,6,6
13297,6,6,6
13298,6,6,6
13299,6,6,6
13300,0,2,0
13301,1,5,5
13302,6,6,6
13303,6,6,6
13304,0,2,0
13305,6,6,6
13306,6,6,6
13307,6,6,6
13308,6,6,6
13309,6,6,6
13310,1,5,5
13311,6,6,6
13312,7,1,7
13313,6,6,6
13314,6,6,6
13315,6,6,6
13316,6,6,6
13317,6,6,6
13318,6,6,6
13319,6,6,6
13320,6,6,6
13321,1,5,5
13322,6,6,6
13323,6,6,6
13324,6,6,6
13325,6,6,6
13326,6,6,6
13327,6,6,6
13328,6,6,6
13329,6,6,6
13330,6,6,6
13331,6,6,6
13332,6,6,6
13333,6,6,6
13334,6,6,6
13335,6,6,6
13336,6,6,6
13337,6,6,6
13338,6,6,6
13339,6,6,6
13340,6,6,6
13341,6,6,6
13342,6,6,6
13343,6,6,6
13344,6,6,6
13345,6,6,6
13346,6,6,6
13347,6,6,6
13348,6,6,6
13349,6,6,6
13350,6,6,6
13351,6,6,6
13352,6,6,6
13353,6,6,6
13354,6,6,6
13355,6,6,6
13356,6,6,6
13357,6,6,6
13358,6,6,6
13359,6,6,6
13360,6,6,6
13361,6,6,6
13362,1,6,6
13363,7,1,7
13364,6,6,6
13365,6,6,6
13366,6,6,6
13367,6,6,6
13368,6,6,6
13369,6,6,6
13370,6,6,6
13371,6,6,6
13372,6,6,6
13373,6,6,6
13374,6,6,6
13375,6,6,6
13376,7,1,7
13377,6,6,6
13378,6,6,6
13379,6,6,6
13380,6,6,6
13381,6,6,6
13382,6,6,6
13383,6,6,6
13384,6,6,6
13385,6,6,6
13386,6,6,6
13387,6,6,6
13388,6,6,6
13389,6,6,6
13390,6,6,6
13391,6,6,6
13392,6,6,6
13393,6,6,6
13394,1,5,5
13395,6,6,6
13396,6,6,6
13397,6,6,6
13398,6,6,6
13399,6,6,6
13400,6,6,6
13401,6,6,6
13402,6,6,6
13403,6,6,6
13404,6,6,6
13405,6,6,6
13406,6,6,6
13407,6,6,6
13408,6,6,6
13409,6,6,6
13410,6,6,6
13411,6,6,6
13412,6,6,6
13413,6,6,6
13414,6,6,6
13415,6,6,6
13416,6,6,6
13417,6,6,6
13418,6,6,6
13419,6,6,6
13420,6,6,6
13421,6,6,6
13422,6,6,6
13423,6,6,6
13424,6,6,6
13425,6,6,6
13426,6,6,6
13427,6,6,6
13428,6,6,6
13429,6,6,6
13430,6,6,6
13431,6,6,6
13432,6,6,6
13433,6,6,6
13434,6,6,6
13435,6,6,6
13436,6,6,6
13437,6,6,6
13438,6,6,6
13439,6,6,6
13440,6,6,6
13441,6,6,6
13442,6,6,6
13443,6,6,6
13444,6,6,6
13445,6,6,6
13446,6,6,6
13447,6,6,6
13448,7,1,7
13449,6,6,6
13450,6,6,6
13451,6,6,6
13452,1,5,5
13453,6,6,6
13454,6,6,6
13455,6,6,6
13456,6,6,6
13457,6,6,6
13458,6,6,6
13459,6,6,6
13460,6,6,6
13461,6,6,6
13462,6,6,6
13463,6,6,6
13464,1,5,5
13465,6,6,6
13466,6,6,6
13467,6,6,6
13468,6,6,6
13469,6,6,6
13470,6,6,6
13471,1,6,6
13472,6,6,6
13473,6,6,6
13474,6,6,6
13475,6,6,6
13476,6,6,6
13477,6,6,6
13478,6,6,6
13479,6,6,6
13480,6,6,6
13481,6,6,6
13482,6,6,6
13483,6,6,6
13484,6,6,6
13485,0,2,0
13486,6,6,6
13487,6,6,6
13488,6,6,6
13489,6,6,6
13490,6,6,6
13491,6,6,6
13492,6,6,6
13493,6,6,6
13494,6,6,6
13495,6,6,6
13496,6,6,6
13497,6,6,6
13498,6,6,6
13499,6,6,6
13500,6,6,6
13501,6,6,6
13502,6,6,6
13503,6,6,6
13504,6,6,6
13505,2,4,2
13506,6,6,6
13507,6,6,6
13508,7,1,7
13509,0,2,0
13510,6,6,6
13511,0,2,0
13512,6,6,6
13513,6,6,6
13514,6,6,6
13515,7,1,7
13516,6,6,6
13517,6,6,6
13518,6,6,6
13519,6,6,6
13520,6,6,6
13521,6,6,6
13522,6,6,6
13523,6,6,6
13524,6,6,6
13525,6,6,6
13526,6,6,6
13527,6,6,6
13528,6,6,6
13529,6,6,6
13530,6,6,6
13531,6,1,7
13532,6,6,6
13533,6,6,6
13534,6,6,6
13535,6,6,6
13536,6,6,6
13537,6,6,6
13538,6,6,6
13539,6,6,6
13540,6,6,6
13541,6,6,6
13542,6,6,6
13543,6,6,6
13544,6,6,6
13545,6,6,6
13546,1,6,6
13547,6,6,6
13548,6,6,6
13549,6,6,6
13550,6,6,6
13551,6,6,6
13552,6,6,6
13553,6,6,6
13554,6,6,6
13555,6,6,6
13556,6,6,6
13557,6,6,6
13558,6,6,6
13559,6,6,6
13560,6,6,6
13561,6,6,6
13562,6,6,6
13563,6,6,6
13564,6,6,6
13565,6,6,6
13566,6,6,6
13567,6,6,6
13568,6,6,6
13569,6,6,6
13570,6,6,6
13571,6,6,6
13572,6,6,6
13573,6,6,6
13574,6,6,6
13575,0,2,0
13576,6,6,6
13577,6,6,6
13578,6,6,6
13579,0,5,5
13580,6,6,6
13581,6,6,6
13582,6,6,6
13583,6,6,6
13584,6,6,6
13585,6,6,6
13586,6,6,6
13587,6,6,6
13588,6,6,6
13589,6,6,6
13590,6,6,6
13591,6,6,6
13592,6,6,6
13593,6,6,6
13594,6,6,6
13595,6,6,6
13596,6,6,6
13597,6,6,6
13598,6,6,6
13599,6,6,6
13600,6,6,6
13601,6,6,6
13602,6,6,6
13603,6,6,6
13604,6,6,6
13605,6,6,6
13606,6,6,6
13607,6,1,7
13608,6,6,6
13609,6,6,6
13610,6,6,6
13611,6,6,6
13612,6,6,6
13613,6,6,6
13614,6,6,6
13615,6,6,6
13616,6,6,6
13617,6,6,6
13618,6,6,6
13619,6,1,7
13620,6,6,6
13621,6,6,6
13622,6,6,6
13623,6,6,6
13624,6,6,6
13625,6,6,6
13626,6,6,6
13627,6,6,6
13628,6,6,6
13629,6,6,6
13630,6,6,6
13631,6,6,6
13632,0,2,0
13633,6,6,6
13634,6,6,6
13635,6,6,6
13636,6,6,6
13637,6,6,6
13638,6,6,6
13639,6,6,6
13640,6,6,6
13641,6,6,6
13642,6,6,6
13643,6,6,6
13644,6,6,6
13645,6,6,6
13646,6,6,6
13647,6,6,6
13648,6,6,6
13649,6,6,6
13650,6,6,6
13651,6,6,6
13652,6,6,6
13653,6,6,6
13654,6,6,6
13655,6,6,6
13656,6,6,6
13657,6,6,6
13658,6,6,6
13659,7,1,7
13660,6,6,6
13661,6,6,6
13662,6,6,6
13663,6,6,6
13664,6,6,6
13665,6,6,6
13666,6,6,6
13667,6,6,6
13668,6,6,6
13669,6,6,6
13670,6,6,6
13671,6,6,6
13672,6,6,6
13673,6,6,6
13674,6,6,6
13675,6,6,6
13676,6,6,6
13677,6,6,6
13678,6,6,6
13679,6,6,6
13680,6,6,6
13681,6,6,6
13682,6,6,6
13683,6,6,6
13684,6,6,6
13685,1,5,5
13686,6,6,6
13687,6,6,6
13688,6,6,6
13689,0,2,0
13690,6,6,6
13691,6,6,6
13692,6,6,6
13693,6,6,6
13694,6,6,6
13695,6,6,6
13696,6,6,6
13697,6,6,6
13698,6,6,6
13699,6,6,6
13700,6,6,6
13701,6,6,6
13702,6,6,6
13703,6,6,6
13704,6,6,6
13705,6,6,6
13706,6,6,6
13707,6,6,6
13708,6,6,6
13709,6,6,6
13710,6,6,6
13711,6,6,6
13712,6,6,6
13713,6,6,6
13714,6,6,6
13715,6,6,6
13716,6,6,6
13717,6,6,6
13718,6,6,6
13719,6,6,6
13720,6,6,6
13721,1,5,5
13722,6,6,6
13723,6,6,6
13724,6,6,6
13725,7,1,7
13726,6,6,6
13727,6,6,6
13728,6,6,6
13729,6,6,6
13730,6,6,6
13731,6,6,6
13732,6,6,6
13733,6,6,6
13734,6,6,6
13735,7,1,7
13736,6,6,6
13737,7,1,7
13738,6,6,6
13739,6,6,6
13740,6,6,6
13741,6,6,6
13742,6,6,6
13743,6,6,6
13744,6,6,6
13745,1,5,5
13746,6,6,6
13747,6,6,6
13748,6,6,6
13749,6,6,6
13750,6,6,6
13751,6,6,6
13752,6,6,6
13753,6,6,6
13754,6,6,6
13755,6,6,6
13756,6,6,6
13757,6,6,6
13758,6,6,6
13759,6,6,6
13760,6,6,6
13761,6,6,6
13762,6,6,6
13763,6,6,6
13764,6,6,6
13765,6,6,6
13766,6,6,6
13767,6,6,6
13768,6,6,6
13769,6,6,6
13770,6,6,6
13771,6,6,6
13772,0,2,0
13773,6,6,6
13774,0,2,0
13775,6,6,6
13776,6,6,6
13777,6,6,6
13778,6,6,6
13779,6,6,6
13780,6,6,6
13781,6,6,6
13782,6,6,6
13783,6,6,6
13784,6,6,6
13785,6,6,6
13786,6,6,6
13787,0,2,0
13788,6,6,6
13789,6,6,6
13790,6,6,6
13791,6,6,6
13792,6,6,6
13793,6,6,6
13794,6,6,6
13795,6,6,6
13796,6,6,6
13797,6,6,6
13798,6,6,6
13799,6,6,6
13800,6,6,6
13801,6,6,6
13802,6,6,6
13803,6,6,6
13804,6,6,6
13805,6,6,6
13806,6,6,6
13807,6,6,6
13808,6,6,6
13809,6,6,6
13810,6,6,6
13811,6,6,6
13812,6,6,6
13813,7,1,7
13814,6,6,6
13815,6,6,6
13816,6,6,6
13817,6,6,6
13818,6,6,6
13819,6,6,6
13820,6,6,6
13821,6,6,6
13822,6,6,6
13823,6,6,6
13824,1,5,5
13825,6,6,6
13826,7,1,7
13827,6,6,6
13828,6,6,6
13829,6,6,6
13830,6,6,6
13831,6,6,6
13832,6,6,6
13833,6,6,6
13834,6,6,6
13835,6,6,6
13836,6,6,6
13837,6,6,6
13838,6,6,6
13839,6,6,6
13840,6,6,6
13841,6,6,6
13842,6,6,6
13843,6,6,6
13844,6,6,6
13845,6,6,6
13846,6,6,6
13847,6,6,6
13848,6,6,6
13849,6,6,6
13850,6,6,6
13851,6,6,6
13852,6,6,6
13853,6,6,6
13854,6,6,6
13855,6,6,6
13856,6,6,6
13857,6,6,6
13858,6,6,6
13859,6,6,6
13860,6,6,6
13861,6,6,6
13862,6,6,6
13863,6,6,6
13864,6,6,6
13865,6,6,6
13866,6,6,6
13867,6,6,6
13868,6,6,6
13869,6,6,6
13870,6,6,6
13871,7,1,7
13872,6,6,6
13873,6,6,6
13874,6,6,6
13875,6,6,6
13876,6,6,6
13877,0,5,5
13878,6,6,6
13879,6,6,6
13880,6,6,6
13881,6,6,6
13882,6,6,6
13883,6,6,6
13884,6,6,6
13885,6,6,6
13886,1,5,5
13887,6,6,6
13888,0,2,0
13889,6,6,6
13890,6,6,6
13891,6,6,6
13892,6,6,6
13893,6,6,6
13894,6,6,6
13895,6,6,6
13896,6,6,6
13897,6,6,6
13898,6,6,6
13899,6,6,6
13900,6,6,6
13901,6,6,6
13902,6,6,6
13903,6,6,6
13904,6,6,6
13905,6,6,6
13906,7,1,7
13907,6,6,6
13908,6,6,6
13909,6,6,6
13910,6,6,6
13911,6,6,6
13912,0,2,0
13913,0,2,0
13914,0,2,0
13915,0,2,0
13916,0,2,0
13917,2,4,2
13918,0,2,0
13919,0,2,0
13920,2,4,2
13921,0,2,0
13922,0,2,0
13923,0,2,0
13924,0,2,0
13925,0,2,0
13926,2,4,2
13927,0,2,0
13928,0,2,0
13929,2,1,7
13930,0,2,0
13931,3,0,3
13932,0,2,0
13933,0,2,0
13934,0,2,0
13935,0,2,0
13936,0,2,0
13937,0,2,0
13938,0,2,0
13939,0,2,0
13940,2,4,2
13941,0,2,0
13942,2,4,2
13943,0,2,0
13944,0,2,0
13945,2,4,2
13946,0,2,0
13947,0,2,0
13948,0,2,0
13949,0,2,0
13950,0,2,0
13951,0,2,0
13952,0,2,0
13953,0,2,0
13954,0,2,0
13955,1,2,0
13956,0,2,0
13957,0,2,0
13958,2,4,2
13959,0,2,0
13960,0,2,0
13961,0,2,0
13962,2,4,2
13963,0,2,0
13964,0,2,0
13965,2,4,2
13966,1,2,0
13967,0,2,0
13968,0,2,0
13969,0,2,0
13970,0,2,0
13971,0,2,0
13972,0,2,0
13973,2,4,2
13974,2,4,2
13975,0,2,0
13976,0,2,0
13977,0,2,0
13978,0,2,0
13979,0,2,0
13980,0,2,0
13981,0,2,0
13982,0,2,0
13983,0,2,0
13984,0,2,0
13985,2,4,2
13986,0,2,0
13987,0,2,0
13988,0,2,0
13989,2,4,2
13990,0,2,0
13991,0,2,0
13992,2,4,2
13993,0,2,0
13994,0,2,0
13995,1,2,0
13996,0,2,0
13997,0,2,0
13998,1,2,0
13999,0,2,0
14000,0,2,0
14001,0,2,0
14002,0,2,0
14003,0,2,0
14004,2,4,2
14005,0,2,0
14006,0,2,0
14007,0,2,0
14008,2,4,2
14009,0,2,0
14010,0,2,0
14011,0,2,0
14012,2,4,2
14013,0,2,0
14014,0,2,0
14015,2,4,2
14016,2,4,2
14017,0,2,0
14018,2,0,3
14019,2,4,2
14020,0,2,0
14021,0,2,0
14022,1,2,0
14023,0,2,0
14024,0,2,0
14025,0,2,0
14026,0,2,0
14027,0,2,0
14028,0,2,0
14029,0,2,0
14030,0,2,0
14031,0,2,0
14032,0,2,0
14033,0,2,0
14034,0,2,0
14035,0,2,0
14036,0,2,0
14037,0,2,0
14038,0,2,0
14039,0,2,0
14040,0,2,0
14041,0,2,0
14042,0,2,0
14043,0,2,0
14044,0,2,0
14045,0,2,0
14046,2,4,2
14047,0,2,0
14048,0,2,0
14049,2,4,2
14050,0,2,0
14051,0,2,0
14052,0,2,0
14053,0,2,0
14054,0,2,0
14055,2,4,2
14056,0,2,0
14057,0,2,0
14058,0,2,0
14059,0,2,0
14060,0,2,0
14061,0,2,0
14062,0,2,0
14063,0,2,0
14064,0,2,0
14065,0,2,0
14066,0,2,0
14067,2,4,2
14068,0,2,0
14069,0,2,0
14070,2,4,2
14071,0,2,0
14072,0,2,0
14073,0,2,0
14074,0,2,0
14075,0,2,0
14076,0,2,0
14077,2,4,2
14078,0,2,0
14079,0,2,0
14080,0,2,0
14081,0,2,0
14082,0,2,0
14083,0,2,0
14084,0,2,0
14085,0,2,0
14086,0,2,0
14087,0,2,0
14088,0,2,0
14089,2,4,2
14090,2,4,2
14091,2,4,2
14092,2,4,2
14093,0,2,0
14094,0,2,0
14095,0,2,0
14096,0,2,0
14097,0,2,0
14098,0,2,0
14099,0,2,0
14100,0,2,0
14101,0,2,0
14102,2,4,2
14103,0,2,0
14104,2,4,2
14105,0,2,0
14106,2,4,2
14107,2,4,2
14108,0,2,0
14109,0,2,0
14110,2,4,2
14111,2,4,2
14112,0,2,0
14113,0,2,0
14114,0,2,0
14115,0,2,0
14116,2,4,2
14117,0,2,0
14118,2,4,2
14119,0,2,0
14120,0,2,0
14121,0,2,0
14122,0,2,0
14123,0,2,0
14124,0,2,0
14125,0,2,0
14126,0,2,0
14127,0,2,0
14128,0,2,0
14129,0,2,0
14130,0,2,0
14131,0,2,0
14132,0,2,0
14133,2,4,2
14134,0,2,0
14135,0,2,0
14136,0,2,0
14137,0,2,0
14138,0,2,0
14139,0,2,0
14140,0,2,0
14141,0,2,0
14142,0,2,0
14143,2,4,2
14144,0,2,0
14145,0,2,0
14146,0,2,0
14147,2,4,2
14148,0,2,0
14149,0,2,0
14150,1,2,0
14151,0,2,0
14152,2,4,2
14153,0,2,0
14154,0,2,0
14155,0,2,0
14156,2,4,2
14157,0,2,0
14158,0,2,0
14159,0,2,0
14160,0,2,0
14161,2,4,2
14162,2,4,2
14163,0,2,0
14164,2,4,2
14165,2,4,2
14166,1,2,0
14167,2,4,2
14168,0,2,0
14169,2,4,2
14170,2,4,2
14171,0,2,0
14172,2,4,2
14173,2,4,2
14174,0,2,0
14175,2,4,2
14176,0,2,0
14177,1,2,0
14178,0,2,0
14179,0,2,0
14180,0,2,0
14181,0,2,0
14182,0,2,0
14183,0,2,0
14184,0,2,0
14185,0,2,0
14186,0,2,0
14187,0,2,0
14188,0,2,0
14189,2,4,2
14190,0,2,0
14191,2,4,2
14192,2,4,2
14193,0,2,0
14194,2,4,2
14195,0,2,0
14196,1,2,0
14197,0,2,0
14198,0,2,0
14199,0,2,0
14200,0,2,0
14201,2,4,2
14202,0,2,0
14203,2,4,2
14204,0,2,0
14205,0,2,0
14206,2,4,2
14207,0,2,0
14208,0,2,0
14209,0,2,0
14210,0,2,0
14211,2,4,2
14212,0,2,0
14213,0,2,0
14214,0,2,0
14215,2,4,2
14216,0,2,0
14217,0,2,0
14218,2,4,2
14219,0,2,0
14220,0,2,0
14221,0,2,0
14222,0,2,0
14223,0,2,0
14224,0,2,0
14225,0,2,0
14226,0,2,0
14227,2,4,2
14228,1,2,0
14229,2,4,2
14230,0,2,0
14231,0,2,0
14232,0,2,0
14233,0,2,0
14234,0,2,0
14235,2,4,2
14236,2,4,2
14237,2,4,2
14238,1,2,0
14239,1,2,0
14240,0,2,0
14241,0,2,0
14242,2,4,2
14243,0,2,0
14244,1,2,0
14245,0,2,0
14246,0,2,0
14247,0,2,0
14248,0,2,0
14249,0,2,0
14250,0,2,0
14251,0,2,0
14252,0,2,0
14253,0,2,0
14254,0,2,0
14255,2,4,2
14256,0,2,0
14257,0,2,0
14258,0,2,0
14259,0,2,0
14260,2,4,2
14261,2,4,2
14262,0,2,0
14263,0,2,0
14264,0,2,0
14265,0,2,0
14266,0,2,0
14267,2,4,2
14268,0,2,0
14269,0,2,0
14270,0,2,0
14271,2,4,2
14272,2,4,2
14273,0,2,0
14274,0,2,0
14275,0,2,0
14276,0,2,0
14277,0,2,0
14278,0,2,0
14279,2,4,2
14280,1,2,0
14281,2,4,2
14282,0,2,0
14283,0,2,0
14284,0,2,0
14285,2,4,2
14286,0,2,0
14287,0,2,0
14288,0,2,0
14289,0,2,0
14290,1,2,0
14291,0,2,0
14292,0,2,0
14293,0,2,0
14294,0,2,0
14295,0,2,0
14296,2,4,2
14297,2,4,2
14298,0,2,0
14299,0,2,0
14300,0,2,0
14301,0,2,0
14302,0,2,0
14303,6,1,7
14304,0,2,0
14305,0,2,0
14306,2,4,2
14307,0,2,0
14308,0,2,0
14309,0,2,0
14310,2,4,2
14311,2,4,2
14312,0,2,0
14313,0,2,0
14314,0,2,0
14315,2,4,2
14316,2,4,2
14317,0,2,0
14318,2,4,2
14319,0,2,0
14320,2,4,2
14321,0,2,0
14322,0,2,0
14323,0,2,0
14324,0,2,0
14325,0,2,0
14326,0,2,0
14327,2,4,2
14328,0,2,0
14329,0,2,0
14330,0,2,0
14331,0,2,0
14332,0,2,0
14333,0,2,0
14334,0,2,0
14335,0,2,0
14336,0,2,0
14337,0,2,0
14338,0,2,0
14339,0,2,0
14340,0,2,0
14341,0,2,0
14342,0,2,0
14343,0,2,0
14344,2,4,2
14345,2,4,2
14346,0,2,0
14347,0,2,0
14348,0,2,0
14349,0,2,0
14350,0,2,0
14351,2,4,2
14352,0,2,0
14353,0,2,0
14354,0,2,0
14355,0,2,0
14356,2,4,2
14357,0,2,0
14358,0,2,0
14359,0,2,0
14360,0,2,0
14361,0,2,0
14362,0,2,0
14363,0,2,0
14364,0,2,0
14365,0,2,0
14366,0,2,0
14367,0,2,0
14368,0,2,0
14369,0,2,0
14370,0,2,0
14371,2,4,2
14372,2,4,2
14373,0,2,0
14374,2,4,2
14375,2,4,2
14376,0,2,0
14377,0,2,0
14378,0,2,0
14379,0,2,0
14380,0,2,0
14381,0,2,0
14382,0,2,0
14383,2,4,2
14384,0,2,0
14385,0,2,0
14386,0,2,0
14387,0,2,0
14388,0,2,0
14389,2,4,2
14390,0,2,0
14391,2,4,2
14392,2,4,2
14393,0,2,0
14394,0,2,0
14395,1,2,0
14396,0,2,0
14397,0,2,0
14398,0,2,0
14399,0,2,0
14400,0,2,0
14401,3,0,3
14402,0,2,0
14403,0,2,0
14404,2,4,2
14405,0,2,0
14406,0,2,0
14407,2,4,2
14408,0,2,0
14409,0,2,0
14410,0,2,0
14411,0,2,0
14412,2,4,2
14413,0,2,0
14414,2,4,2
14415,0,2,0
14416,0,2,0
14417,0,2,0
14418,0,2,0
14419,0,2,0
14420,2,4,2
14421,0,2,0
14422,0,2,0
14423,0,2,0
14424,0,2,0
14425,0,2,0
14426,0,2,0
14427,0,2,0
14428,0,2,0
14429,2,4,2
14430,2,4,2
14431,0,2,0
14432,2,4,2
14433,2,4,2
14434,0,2,0
14435,1,2,0
14436,0,2,0
14437,0,2,0
14438,0,2,0
14439,0,2,0
14440,2,4,2
14441,0,2,0
14442,0,2,0
14443,0,2,0
14444,0,2,0
14445,0,2,0
14446,0,2,0
14447,0,2,0
14448,2,4,2
14449,2,4,2
14450,2,4,2
14451,0,2,0
14452,0,2,0
14453,0,2,0
14454,0,2,0
14455,2,4,2
14456,0,2,0
14457,0,2,0
14458,0,2,0
14459,0,2,0
14460,0,2,0
14461,0,2,0
14462,2,4,2
14463,2,4,2
14464,0,2,0
14465,1,2,0
14466,2,4,2
14467,0,2,0
14468,2,4,2
14469,0,2,0
14470,0,2,0
14471,0,2,0
14472,0,2,0
14473,0,2,0
14474,0,2,0
14475,2,4,2
14476,0,2,0
14477,0,2,0
14478,0,2,0
14479,2,4,2
14480,0,2,0
14481,2,4,2
14482,0,2,0
14483,0,2,0
14484,2,4,2
14485,0,2,0
14486,0,2,0
14487,0,2,0
14488,0,2,0
14489,0,2,0
14490,0,2,0
14491,0,2,0
14492,0,2,0
14493,2,4,2
14494,0,2,0
14495,0,2,0
14496,2,4,2
14497,0,2,0
14498,0,2,0
14499,0,2,0
14500,0,2,0
14501,2,4,2
14502,0,2,0
14503,2,4,2
14504,0,2,0
14505,0,2,0
14506,0,2,0
14507,0,2,0
14508,2,4,2
14509,0,2,0
14510,0,2,0
14511,0,2,0
14512,3,0,3
14513,0,2,0
14514,0,2,0
14515,1,2,0
14516,0,2,0
14517,0,2,0
14518,0,2,0
14519,1,2,0
14520,2,4,2
14521,0,2,0
14522,1,2,0
14523,0,2,0
14524,0,2,0
14525,0,2,0
14526,0,2,0
14527,0,2,0
14528,0,2,0
14529,0,2,0
14530,0,2,0
14531,2,4,2
14532,0,2,0
14533,2,4,2
14534,0,2,0
14535,0,2,0
14536,0,2,0
14537,1,2,0
14538,0,2,0
14539,0,2,0
14540,0,2,0
14541,0,2,0
14542,0,2,0
14543,2,4,2
14544,0,2,0
14545,0,2,0
14546,0,2,0
14547,0,2,0
14548,0,2,0
14549,2,4,2
14550,0,2,0
14551,0,2,0
14552,0,2,0
14553,0,2,0
14554,0,2,0
14555,2,4,2
14556,2,4,2
14557,2,4,2
14558,2,4,2
14559,0,2,0
14560,2,4,2
14561,0,2,0
14562,0,2,0
14563,0,2,0
14564,0,2,0
14565,0,2,0
14566,2,4,2
14567,1,2,0
14568,0,2,0
14569,0,2,0
14570,0,2,0
14571,0,2,0
14572,0,2,0
14573,0,2,0
14574,0,2,0
14575,0,2,0
14576,0,2,0
14577,2,4,2
14578,0,2,0
14579,0,2,0
14580,0,2,0
14581,1,2,0
14582,0,2,0
14583,2,4,2
14584,0,2,0
14585,0,2,0
14586,0,2,0
14587,2,4,2
14588,1,2,0
14589,1,2,0
14590,0,2,0
14591,0,2,0
14592,0,2,0
14593,1,2,0
14594,0,2,0
14595,2,4,2
14596,0,2,0
14597,1,2,0
14598,0,2,0
14599,0,2,0
14600,0,2,0
14601,0,2,0
14602,0,2,0
14603,0,2,0
14604,0,2,0
14605,0,2,0
14606,0,2,0
14607,2,4,2
14608,0,2,0
14609,2,4,2
14610,0,2,0
14611,0,2,0
14612,0,2,0
14613,2,4,2
14614,0,2,0
14615,0,2,0
14616,0,2,0
14617,0,2,0
14618,0,2,0
14619,0,2,0
14620,0,2,0
14621,0,2,0
14622,0,2,0
14623,0,2,0
14624,0,2,0
14625,0,2,0
14626,0,2,0
14627,2,4,2
14628,0,2,0
14629,0,2,0
14630,0,2,0
14631,0,2,0
14632,0,2,0
14633,0,2,0
14634,0,2,0
14635,0,2,0
14636,0,2,0
14637,0,2,0
14638,2,4,2
14639,0,2,0
14640,2,4,2
14641,0,2,0
14642,0,2,0
14643,0,2,0
14644,0,2,0
14645,0,2,0
14646,0,2,0
14647,0,2,0
14648,0,2,0
14649,0,2,0
14650,0,2,0
14651,0,2,0
14652,2,4,2
14653,0,2,0
14654,0,2,0
14655,0,2,0
14656,0,2,0
14657,2,4,2
14658,0,2,0
14659,0,2,0
14660,0,2,0
14661,0,2,0
14662,1,2,0
14663,0,2,0
14664,0,2,0
14665,0,2,0
14666,2,4,2
14667,0,2,0
14668,2,4,2
14669,0,2,0
14670,0,2,0
14671,2,4,2
14672,0,2,0
14673,0,2,0
14674,0,2,0
14675,0,2,0
14676,0,2,0
14677,0,2,0
14678,0,2,0
14679,0,2,0
14680,0,2,0
14681,0,2,0
14682,0,2,0
14683,0,2,0
14684,0,2,0
14685,0,2,0
14686,2,4,2
14687,0,2,0
14688,0,2,0
14689,0,2,0
14690,0,2,0
14691,0,2,0
14692,0,2,0
14693,0,2,0
14694,0,2,0
14695,0,2,0
14696,0,2,0
14697,0,2,0
14698,2,4,2
14699,0,2,0
14700,0,2,0
14701,2,4,2
14702,0,2,0
14703,0,2,0
14704,0,2,0
14705,0,2,0
14706,2,4,2
14707,0,2,0
14708,0,2,0
14709,0,2,0
14710,0,2,0
14711,0,2,0
14712,0,2,0
14713,0,2,0
14714,1,2,0
14715,0,2,0
14716,0,2,0
14717,0,2,0
14718,0,2,0
14719,1,2,0
14720,0,2,0
14721,0,2,0
14722,0,2,0
14723,0,2,0
14724,2,4,2
14725,0,2,0
14726,0,2,0
14727,0,2,0
14728,0,2,0
14729,0,2,0
14730,0,2,0
14731,0,2,0
14732,2,4,2
14733,0,2,0
14734,0,2,0
14735,0,2,0
14736,0,2,0
14737,0,2,0
14738,0,2,0
14739,2,4,2
14740,0,2,0
14741,1,2,0
14742,0,2,0
14743,0,2,0
14744,0,2,0
14745,0,2,0
14746,2,4,2
14747,0,2,0
14748,0,2,0
14749,0,2,0
14750,2,4,2
14751,0,2,0
14752,0,2,0
14753,2,4,2
14754,0,2,0
14755,0,2,0
14756,0,2,0
14757,0,2,0
14758,2,4,2
14759,2,4,2
14760,0,2,0
14761,2,4,2
14762,2,4,2
14763,0,2,0
14764,0,2,0
14765,0,2,0
14766,0,2,0
14767,2,4,2
14768,0,2,0
14769,0,2,0
14770,0,2,0
14771,0,2,0
14772,2,4,2
14773,0,2,0
14774,2,4,2
14775,2,4,2
14776,0,2,0
14777,0,2,0
14778,2,4,2
14779,1,2,0
14780,0,2,0
14781,2,4,2
14782,0,2,0
14783,2,4,2
14784,0,2,0
14785,0,2,0
14786,0,2,0
14787,0,2,0
14788,2,4,2
14789,0,2,0
14790,2,4,2
14791,0,2,0
14792,0,2,0
14793,0,2,0
14794,0,2,0
14795,2,4,2
14796,0,2,0
14797,2,4,2
14798,0,2,0
14799,0,2,0
14800,0,2,0
14801,0,2,0
14802,0,2,0
14803,0,2,0
14804,0,2,0
14805,0,2,0
14806,0,2,0
14807,0,2,0
14808,2,4,2
14809,0,2,0
14810,0,2,0
14811,0,2,0
14812,2,4,2
14813,2,4,2
14814,0,2,0
14815,2,4,2
14816,0,2,0
14817,2,4,2
14818,0,2,0
14819,0,2,0
14820,0,2,0
14821,0,2,0
14822,1,2,0
14823,0,2,0
14824,0,2,0
14825,0,2,0
14826,0,2,0
14827,0,2,0
14828,0,2,0
14829,0,2,0
14830,0,2,0
14831,1,2,0
14832,0,2,0
14833,0,2,0
14834,0,2,0
14835,0,2,0
14836,2,4,2
14837,2,4,2
14838,2,4,2
14839,0,2,0
14840,0,2,0
14841,2,4,2
14842,0,2,0
14843,0,2,0
14844,2,4,2
14845,2,4,2
14846,0,2,0
14847,0,2,0
14848,0,2,0
14849,0,2,0
14850,1,2,0
14851,0,2,0
14852,0,2,0
14853,0,2,0
14854,0,2,0
14855,0,2,0
14856,0,2,0
14857,0,2,0
14858,0,2,0
14859,0,2,0
14860,0,2,0
14861,0,2,0
14862,0,2,0
14863,2,4,2
14864,2,4,2
14865,0,2,0
14866,0,2,0
14867,0,2,0
14868,0,2,0
14869,0,2,0
14870,0,2,0
14871,5,5,5
14872,0,2,0
14873,0,2,0
14874,0,2,0
14875,0,2,0
14876,0,2,0
14877,1,2,0
14878,0,2,0
14879,2,4,2
14880,0,2,0
14881,3,0,3
14882,0,2,0
14883,0,2,0
14884,0,2,0
14885,0,2,0
14886,2,4,2
14887,0,2,0
14888,0,2,0
14889,0,2,0
14890,0,2,0
14891,0,2,0
14892,0,2,0
14893,0,2,0
14894,2,4,2
14895,0,2,0
14896,0,2,0
14897,0,2,0
14898,0,2,0
14899,0,2,0
14900,0,2,0
14901,2,4,2
14902,0,2,0
14903,2,4,2
14904,2,4,2
14905,0,2,0
14906,0,2,0
14907,0,2,0
14908,2,4,2
14909,0,2,0
14910,0,2,0
14911,2,4,2
14912,0,2,0
14913,0,2,0
14914,0,2,0
14915,2,4,2
14916,0,2,0
14917,0,2,0
14918,0,2,0
14919,0,2,0
14920,0,2,0
14921,0,2,0
14922,0,2,0
14923,0,2,0
14924,0,2,0
14925,2,4,2
14926,0,2,0
14927,0,2,0
14928,0,2,0
14929,0,2,0
14930,2,4,2
14931,0,2,0
14932,0,2,0
14933,0,2,0
14934,2,4,2
14935,0,2,0
14936,0,2,0
14937,0,2,0
14938,2,4,2
14939,0,2,0
14940,0,2,0
14941,0,2,0
14942,0,2,0
14943,2,4,2
14944,2,4,2
14945,2,4,2
14946,0,2,0
14947,0,2,0
14948,0,2,0
14949,0,2,0
14950,0,2,0
14951,0,2,0
14952,0,2,0
14953,0,2,0
14954,0,2,0
14955,0,2,0
14956,0,2,0
14957,0,2,0
14958,0,2,0
14959,0,2,0
14960,0,2,0
14961,2,4,2
14962,0,2,0
14963,0,2,0
14964,0,2,0
14965,0,2,0
14966,0,2,0
14967,2,4,2
14968,2,4,2
14969,2,4,2
14970,2,4,2
14971,0,2,0
14972,0,2,0
14973,2,4,2
14974,2,4,2
14975,0,2,0
14976,0,2,0
14977,0,2,0
14978,0,2,0
14979,0,2,0
14980,0,2,0
14981,0,2,0
14982,0,2,0
14983,0,2,0
14984,0,2,0
14985,0,2,0
14986,0,2,0
14987,0,2,0
14988,2,4,2
14989,0,2,0
14990,0,2,0
14991,2,4,2
14992,0,2,0
14993,0,2,0
14994,2,4,2
14995,0,2,0
14996,0,2,0
14997,0,2,0
14998,1,2,0
14999,0,2,0
15000,0,2,0
15001,2,4,2
15002,0,2,0
15003,0,2,0
15004,0,2,0
15005,0,2,0
15006,0,2,0
15007,0,2,0
15008,2,4,2
15009,0,2,0
15010,2,4,2
15011,0,2,0
15012,0,2,0
15013,0,2,0
15014,0,2,0
15015,0,2,0
15016,0,2,0
15017,2,4,2
15018,0,2,0
15019,0,2,0
15020,0,2,0
15021,2,4,2
15022,0,2,0
15023,0,2,0
15024,0,2,0
15025,0,2,0
15026,0,2,0
15027,2,4,2
15028,0,2,0
15029,0,2,0
15030,0,2,0
15031,0,2,0
15032,0,2,0
15033,2,4,2
15034,0,2,0
15035,0,2,0
15036,2,4,2
15037,0,2,0
15038,0,2,0
15039,0,2,0
15040,0,2,0
15041,0,2,0
15042,0,2,0
15043,0,2,0
15044,0,2,0
15045,0,2,0
15046,2,4,2
15047,0,2,0
15048,0,2,0
15049,0,2,0
15050,2,4,2
15051,0,2,0
15052,0,2,0
15053,0,2,0
15054,0,2,0
15055,0,2,0
15056,0,2,0
15057,0,2,0
15058,0,2,0
15059,0,2,0
15060,0,2,0
15061,3,0,3
15062,3,0,3
15063,2,4,2
15064,0,2,0
15065,0,2,0
15066,0,2,0
15067,2,4,2
15068,0,2,0
15069,0,2,0
15070,0,2,0
15071,0,2,0
15072,2,4,2
15073,0,2,0
15074,0,2,0
15075,0,2,0
15076,0,2,0
15077,0,2,0
15078,0,2,0
15079,0,2,0
15080,0,2,0
15081,0,2,0
15082,2,4,2
15083,0,2,0
15084,1,2,0
15085,0,2,0
15086,0,2,0
15087,0,2,0
15088,0,2,0
15089,0,2,0
15090,0,2,0
15091,0,2,0
15092,0,2,0
15093,2,4,2
15094,0,2,0
15095,0,2,0
15096,0,2,0
15097,0,2,0
15098,2,4,2
15099,0,2,0
15100,0,2,0
15101,0,2,0
15102,2,4,2
15103,0,2,0
15104,1,2,0
15105,0,2,0
15106,1,2,0
15107,2,4,2
15108,2,4,2
15109,2,4,2
15110,0,2,0
15111,2,4,2
15112,0,2,0
15113,0,2,0
15114,2,4,2
15115,2,4,2
15116,0,2,0
15117,0,2,0
15118,0,2,0
15119,2,4,2
15120,1,2,0
15121,0,2,0
15122,0,2,0
15123,2,4,2
15124,0,2,0
15125,0,2,0
15126,0,2,0
15127,0,2,0
15128,0,2,0
15129,0,2,0
15130,0,2,0
15131,2,4,2
15132,0,2,0
15133,2,4,2
15134,0,2,0
15135,2,4,2
15136,0,2,0
15137,0,2,0
15138,2,4,2
15139,1,2,0
15140,0,2,0
15141,2,4,2
15142,0,2,0
15143,0,2,0
15144,0,2,0
15145,0,2,0
15146,0,2,0
15147,1,2,0
15148,0,2,0
15149,0,2,0
15150,0,2,0
15151,0,2,0
15152,0,2,0
15153,2,4,2
15154,2,4,2
15155,2,4,2
15156,0,2,0
15157,0,2,0
15158,0,2,0
15159,0,2,0
15160,0,2,0
15161,2,4,2
15162,0,2,0
15163,0,2,0
15164,0,2,0
15165,0,2,0
15166,0,2,0
15167,0,2,0
15168,0,2,0
15169,2,4,2
15170,0,2,0
15171,0,2,0
15172,2,4,2
15173,0,2,0
15174,0,2,0
15175,2,4,2
15176,0,2,0
15177,2,4,2
15178,2,4,2
15179,0,2,0
15180,0,2,0
15181,0,2,0
15182,2,4,2
15183,0,2,0
15184,1,2,0
15185,0,2,0
15186,0,2,0
15187,0,2,0
15188,0,2,0
15189,0,2,0
15190,0,2,0
15191,2,4,2
15192,0,2,0
15193,0,2,0
15194,0,2,0
15195,0,2,0
15196,0,2,0
15197,0,2,0
15198,0,2,0
15199,2,4,2
15200,0,2,0
15201,0,2,0
15202,0,2,0
15203,3,0,3
15204,0,2,0
15205,0,2,0
15206,0,2,0
15207,0,2,0
15208,0,2,0
15209,0,2,0
15210,0,2,0
15211,0,2,0
15212,2,4,2
15213,2,4,2
15214,0,2,0
15215,0,2,0
15216,2,4,2
15217,0,2,0
15218,0,2,0
15219,0,2,0
15220,0,2,0
15221,0,2,0
15222,0,2,0
15223,0,2,0
15224,0,2,0
15225,0,2,0
15226,0,2,0
15227,0,2,0
15228,2,4,2
15229,1,2,0
15230,0,2,0
15231,1,2,0
15232,2,4,2
15233,2,4,2
15234,0,2,0
15235,2,4,2
15236,0,2,0
15237,0,2,0
15238,0,2,0
15239,0,2,0
15240,0,2,0
15241,0,2,0
15242,0,2,0
15243,0,2,0
15244,0,2,0
15245,0,2,0
15246,0,2,0
15247,0,2,0
15248,0,2,0
15249,0,2,0
15250,2,4,2
15251,0,2,0
15252,0,2,0
15253,0,2,0
15254,2,4,2
15255,2,4,2
15256,2,4,2
15257,2,4,2
15258,1,2,0
15259,0,2,0
15260,0,2,0
15261,0,2,0
15262,0,2,0
15263,0,2,0
15264,0,2,0
15265,0,2,0
15266,2,4,2
15267,0,2,0
15268,0,2,0
15269,0,2,0
15270,0,2,0
15271,2,4,2
15272,2,4,2
15273,0,2,0
15274,0,2,0
15275,1,2,0
15276,0,2,0
15277,0,2,0
15278,0,2,0
15279,0,2,0
15280,0,2,0
15281,0,2,0
15282,2,4,2
15283,0,2,0
15284,0,2,0
15285,0,2,0
15286,3,0,3
15287,0,2,0
15288,2,4,2
15289,0,2,0
15290,2,4,2
15291,0,2,0
15292,0,2,0
15293,0,2,0
15294,0,2,0
15295,0,2,0
15296,0,2,0
15297,0,2,0
15298,0,2,0
15299,0,2,0
15300,2,4,2
15301,0,2,0
15302,0,2,0
15303,0,2,0
15304,0,2,0
15305,2,4,2
15306,3,0,3
15307,0,2,0
15308,2,4,2
15309,0,2,0
15310,0,2,0
15311,2,4,2
15312,2,4,2
15313,0,2,0
15314,2,4,2
15315,0,2,0
15316,0,2,0
15317,0,2,0
15318,0,2,0
15319,0,2,0
15320,2,4,2
15321,0,2,0
15322,0,2,0
15323,0,2,0
15324,2,4,2
15325,0,2,0
15326,0,2,0
15327,2,4,2
15328,0,2,0
15329,0,2,0
15330,0,2,0
15331,0,2,0
15332,2,4,2
15333,0,2,0
15334,0,2,0
15335,0,2,0
15336,0,2,0
15337,0,2,0
15338,0,2,0
15339,2,4,2
15340,0,2,0
15341,2,4,2
15342,2,4,2
15343,2,4,2
15344,0,2,0
15345,2,4,2
15346,0,2,0
15347,0,2,0
15348,0,2,0
15349,0,2,0
15350,0,2,0
15351,0,2,0
15352,0,2,0
15353,0,2,0
15354,2,4,2
15355,0,2,0
15356,0,2,0
15357,0,2,0
15358,0,2,0
15359,2,4,2
15360,0,2,0
15361,0,2,0
15362,0,2,0
15363,0,2,0
15364,0,2,0
15365,2,4,2
15366,2,4,2
15367,0,2,0
15368,2,4,2
15369,0,2,0
15370,2,4,2
15371,2,4,2
15372,0,2,0
15373,0,2,0
15374,0,2,0
15375,0,2,0
15376,0,2,0
15377,0,2,0
15378,0,2,0
15379,0,2,0
15380,0,2,0
15381,0,2,0
15382,2,4,2
15383,0,2,0
15384,0,2,0
15385,0,2,0
15386,0,2,0
15387,0,2,0
15388,0,2,0
15389,0,2,0
15390,0,2,0
15391,0,2,0
15392,0,2,0
15393,0,2,0
15394,0,2,0
15395,2,4,2
15396,0,2,0
15397,0,2,0
15398,1,2,0
15399,0,2,0
15400,0,2,0
15401,0,2,0
15402,0,2,0
15403,0,2,0
15404,0,2,0
15405,0,2,0
15406,0,2,0
15407,3,0,3
15408,0,2,0
15409,0,2,0
15410,2,4,2
15411,0,2,0
15412,2,4,2
15413,0,2,0
15414,0,2,0
15415,2,4,2
15416,2,4,2
15417,0,2,0
15418,0,2,0
15419,0,2,0
15420,2,4,2
15421,0,2,0
15422,0,2,0
15423,0,2,0
15424,0,2,0
15425,0,2,0
15426,0,2,0
15427,0,2,0
15428,1,2,0
15429,2,4,2
15430,0,2,0
15431,0,2,0
15432,2,4,2
15433,2,4,2
15434,0,2,0
15435,0,2,0
15436,0,2,0
15437,0,2,0
15438,0,2,0
15439,1,2,0
15440,0,2,0
15441,0,2,0
15442,0,2,0
15443,2,4,2
15444,2,4,2
15445,0,2,0
15446,0,2,0
15447,0,2,0
15448,0,2,0
15449,2,4,2
15450,0,2,0
15451,0,2,0
15452,0,2,0
15453,0,2,0
15454,0,2,0
15455,0,2,0
15456,0,2,0
15457,2,4,2
15458,0,2,0
15459,0,2,0
15460,0,2,0
15461,2,4,2
15462,0,2,0
15463,0,2,0
15464,0,2,0
15465,0,2,0
15466,0,2,0
15467,0,2,0
15468,0,2,0
15469,2,4,2
15470,0,2,0
15471,0,2,0
15472,0,2,0
15473,2,4,2
15474,1,2,0
15475,0,2,0
15476,2,4,2
15477,0,2,0
15478,0,2,0
15479,0,2,0
15480,1,2,0
15481,0,2,0
15482,0,2,0
15483,0,2,0
15484,0,2,0
15485,2,4,2
15486,0,2,0
15487,0,2,0
15488,0,2,0
15489,0,2,0
15490,0,2,0
15491,0,2,0
15492,0,2,0
15493,0,2,0
15494,0,2,0
15495,0,2,0
15496,0,2,0
15497,2,4,2
15498,0,2,0
15499,0,2,0
15500,0,2,0
15501,0,2,0
15502,0,2,0
15503,0,2,0
15504,0,2,0
15505,0,2,0
15506,0,2,0
15507,0,2,0
15508,2,4,2
15509,0,2,0
15510,0,2,0
15511,0,2,0
15512,2,4,2
15513,0,2,0
15514,0,2,0
15515,2,4,2
15516,0,2,0
15517,0,2,0
15518,0,2,0
15519,0,2,0
15520,0,2,0
15521,0,2,0
15522,0,2,0
15523,0,2,0
15524,0,2,0
15525,0,2,0
15526,0,2,0
15527,2,4,2
15528,2,4,2
15529,2,4,2
15530,2,4,2
15531,2,4,2
15532,2,4,2
15533,0,2,0
15534,1,2,0
15535,2,4,2
15536,2,4,2
15537,0,2,0
15538,1,2,0
15539,0,2,0
15540,0,2,0
15541,0,2,0
15542,2,4,2
15543,0,2,0
15544,2,4,2
15545,0,2,0
15546,0,2,0
15547,0,2,0
15548,2,4,2
15549,0,2,0
15550,0,2,0
15551,2,4,2
15552,2,4,2
15553,0,2,0
15554,2,4,2
15555,0,2,0
15556,0,2,0
15557,0,2,0
15558,2,4,2
15559,0,2,0
15560,0,2,0
15561,0,2,0
15562,3,0,3
15563,0,2,0
15564,0,2,0
15565,0,2,0
15566,2,4,2
15567,0,2,0
15568,0,2,0
15569,2,4,2
15570,0,2,0
15571,0,2,0
15572,0,2,0
15573,0,2,0
15574,0,2,0
15575,2,4,2
15576,0,2,0
15577,2,4,2
15578,0,2,0
15579,0,2,0
15580,0,2,0
15581,2,4,2
15582,0,2,0
15583,0,2,0
15584,0,2,0
15585,0,2,0
15586,0,2,0
15587,2,4,2
15588,0,2,0
15589,0,2,0
15590,0,2,0
15591,0,2,0
15592,1,2,0
15593,2,4,2
15594,0,2,0
15595,1,2,0
15596,2,4,2
15597,0,2,0
15598,2,4,2
15599,2,4,2
15600,0,2,0
15601,0,2,0
15602,0,2,0
15603,0,2,0
15604,2,4,2
15605,0,2,0
15606,2,4,2
15607,0,2,0
15608,0,2,0
15609,0,2,0
15610,0,2,0
15611,0,2,0
15612,0,2,0
15613,2,4,2
15614,0,2,0
15615,0,2,0
15616,0,2,0
15617,0,2,0
15618,0,2,0
15619,0,2,0
15620,0,2,0
15621,0,2,0
15622,0,2,0
15623,0,2,0
15624,0,2,0
15625,0,2,0
15626,2,4,2
15627,0,2,0
15628,0,2,0
15629,2,4,2
15630,0,2,0
15631,0,2,0
15632,0,2,0
15633,0,2,0
15634,0,2,0
15635,0,2,0
15636,0,2,0
15637,2,4,2
15638,0,2,0
15639,0,2,0
15640,0,2,0
15641,2,4,2
15642,0,2,0
15643,2,4,2
15644,0,2,0
15645,0,2,0
15646,0,2,0
15647,0,2,0
15648,0,2,0
15649,0,2,0
15650,2,4,2
15651,0,2,0
15652,0,2,0
15653,2,4,2
15654,2,4,2
15655,0,2,0
15656,2,4,2
15657,0,2,0
15658,0,2,0
15659,2,4,2
15660,0,2,0
15661,2,4,2
15662,0,2,0
15663,0,2,0
15664,2,4,2
15665,0,2,0
15666,0,2,0
15667,2,4,2
15668,0,2,0
15669,0,2,0
15670,0,2,0
15671,0,2,0
15672,2,4,2
15673,0,2,0
15674,0,2,0
15675,0,2,0
15676,0,2,0
15677,0,2,0
15678,0,2,0
15679,2,4,2
15680,1,2,0
15681,0,2,0
15682,0,2,0
15683,0,2,0
15684,0,2,0
15685,1,2,0
15686,2,4,2
15687,0,2,0
15688,2,4,2
15689,0,2,0
15690,0,2,0
15691,0,2,0
15692,0,2,0
15693,0,2,0
15694,0,2,0
15695,2,4,2
15696,0,2,0
15697,0,2,0
15698,0,2,0
15699,0,2,0
15700,0,2,0
15701,0,2,0
15702,0,2,0
15703,0,2,0
15704,0,2,0
15705,0,2,0
15706,0,2,0
15707,0,2,0
15708,2,4,2
15709,0,2,0
15710,2,4,2
15711,0,2,0
15712,0,2,0
15713,0,2,0
15714,0,2,0
15715,0,2,0
15716,0,2,0
15717,0,2,0
15718,0,2,0
15719,0,2,0
15720,2,4,2
15721,2,4,2
15722,2,4,2
15723,0,2,0
15724,0,2,0
15725,0,2,0
15726,2,4,2
15727,0,2,0
15728,0,2,0
15729,2,4,2
15730,0,2,0
15731,0,2,0
15732,1,2,0
15733,0,2,0
15734,0,2,0
15735,0,2,0
15736,0,2,0
15737,0,2,0
15738,0,2,0
15739,2,4,2
15740,0,2,0
15741,2,4,2
15742,0,2,0
15743,2,4,2
15744,0,2,0
15745,0,2,0
15746,2,4,2
15747,0,2,0
15748,0,2,0
15749,2,4,2
15750,0,2,0
15751,0,2,0
15752,2,4,2
15753,0,2,0
15754,0,2,0
15755,2,4,2
15756,2,4,2
15757,0,2,0
15758,0,2,0
15759,0,2,0
15760,0,2,0
15761,0,2,0
15762,0,2,0
15763,0,2,0
15764,2,4,2
15765,0,2,0
15766,2,4,2
15767,2,4,2
15768,0,2,0
15769,0,2,0
15770,0,2,0
15771,0,2,0
15772,0,2,0
15773,0,2,0
15774,0,2,0
15775,0,2,0
15776,0,2,0
15777,0,2,0
15778,0,2,0
15779,0,2,0
15780,0,2,0
15781,2,4,2
15782,0,2,0
15783,0,2,0
15784,2,4,2
15785,0,2,0
15786,2,4,2
15787,0,2,0
15788,0,2,0
15789,2,4,2
15790,0,2,0
15791,2,4,2
15792,0,2,0
15793,0,2,0
15794,0,2,0
15795,0,2,0
15796,0,2,0
15797,0,2,0
15798,0,2,0
15799,1,2,0
15800,2,4,2
15801,1,2,0
15802,0,2,0
15803,0,2,0
15804,0,2,0
15805,2,4,2
15806,0,2,0
15807,0,2,0
15808,0,2,0
15809,2,4,2
15810,0,2,0
15811,0,2,0
15812,0,2,0
15813,0,2,0
15814,1,2,0
15815,0,2,0
15816,2,4,2
15817,0,2,0
15818,0,2,0
15819,0,2,0
15820,0,2,0
15821,0,2,0
15822,0,2,0
15823,2,4,2
15824,0,2,0
15825,0,2,0
15826,0,2,0
15827,2,4,2
15828,0,2,0
15829,0,2,0
15830,0,2,0
15831,0,2,0
15832,0,2,0
15833,0,2,0
15834,0,2,0
15835,0,2,0
15836,0,2,0
15837,0,2,0
15838,0,2,0
15839,1,2,0
15840,2,4,2
15841,0,2,0
15842,0,2,0
15843,2,4,2
15844,2,4,2
15845,2,4,2
15846,0,2,0
15847,0,2,0
15848,0,2,0
15849,0,2,0
15850,0,2,0
15851,0,2,0
15852,2,4,2
15853,0,2,0
15854,2,4,2
15855,0,2,0
15856,0,2,0
15857,2,4,2
15858,0,2,0
15859,0,2,0
15860,0,2,0
15861,0,2,0
15862,0,2,0
15863,0,2,0
15864,0,2,0
15865,0,2,0
15866,0,2,0
15867,2,4,2
15868,0,2,0
15869,2,4,2
15870,0,2,0
15871,0,2,0
15872,0,2,0
15873,0,2,0
15874,0,2,0
15875,0,2,0
15876,0,2,0
15877,0,2,0
15878,0,2,0
15879,2,4,2
15880,0,2,0
15881,2,4,2
15882,3,0,3
15883,0,2,0
15884,0,2,0
15885,0,2,0
15886,3,0,3
15887,0,2,0
15888,0,2,0
15889,2,4,2
15890,0,2,0
15891,0,2,0
15892,0,2,0
15893,0,2,0
15894,0,2,0
15895,2,4,2
15896,0,2,0
15897,0,2,0
15898,2,4,2
15899,0,2,0
15900,0,2,0
15901,0,2,0
15902,0,2,0
15903,0,2,0
15904,0,2,0
15905,0,2,0
15906,0,2,0
15907,0,2,0
15908,0,2,0
15909,0,2,0
15910,2,4,2
15911,3,0,3
15912,0,2,0
15913,0,2,0
15914,0,2,0
15915,0,2,0
15916,0,2,0
15917,0,2,0
15918,0,2,0
15919,0,2,0
15920,1,2,0
15921,2,4,2
15922,2,4,2
15923,0,2,0
15924,1,2,0
15925,0,2,0
15926,0,2,0
15927,2,4,2
15928,0,2,0
15929,0,2,0
15930,0,2,0
15931,0,2,0
15932,0,2,0
15933,0,2,0
15934,0,2,0
15935,1,2,0
15936,0,2,0
15937,0,2,0
15938,2,4,2
15939,0,2,0
15940,2,4,2
15941,0,2,0
15942,0,2,0
15943,0,2,0
15944,0,2,0
15945,0,2,0
15946,0,2,0
15947,0,2,0
15948,0,2,0
15949,0,2,0
15950,2,4,2
15951,1,2,0
15952,2,4,2
15953,0,2,0
15954,2,4,2
15955,0,2,0
15956,0,2,0
15957,0,2,0
15958,2,4,2
15959,0,2,0
15960,0,2,0
15961,2,4,2
15962,0,2,0
15963,2,4,2
15964,0,2,0
15965,0,2,0
15966,0,2,0
15967,2,4,2
15968,0,2,0
15969,0,2,0
15970,0,2,0
15971,0,2,0
15972,2,4,2
15973,0,2,0
15974,0,2,0
15975,0,2,0
15976,0,2,0
15977,0,2,0
15978,2,4,2
15979,3,0,3
15980,1,2,0
15981,0,2,0
15982,0,2,0
15983,0,2,0
15984,0,2,0
15985,0,2,0
15986,0,2,0
15987,0,2,0
15988,2,4,2
15989,0,2,0
15990,0,2,0
15991,0,2,0
15992,0,2,0
15993,0,2,0
15994,0,2,0
15995,0,2,0
15996,0,2,0
15997,2,4,2
15998,0,2,0
15999,0,2,0
16000,0,2,0
16001,0,2,0
16002,0,2,0
16003,0,2,0
16004,0,2,0
16005,0,2,0
16006,0,2,0
16007,0,2,0
16008,0,2,0
16009,0,2,0
16010,0,2,0
16011,0,2,0
16012,0,2,0
16013,0,2,0
16014,2,4,2
16015,0,2,0
16016,0,2,0
16017,0,2,0
16018,0,2,0
16019,0,2,0
16020,0,2,0
16021,0,2,0
16022,0,2,0
16023,2,4,2
16024,2,4,2
16025,0,2,0
16026,0,2,0
16027,0,2,0
16028,0,2,0
16029,1,2,0
16030,0,2,0
16031,2,4,2
16032,2,4,2
16033,0,2,0
16034,0,2,0
16035,0,2,0
16036,2,4,2
16037,0,2,0
16038,0,2,0
16039,0,2,0
16040,5,2,0
16041,2,4,2
16042,0,2,0
16043,2,4,2
16044,2,4,2
16045,2,4,2
16046,2,4,2
16047,0,2,0
16048,2,4,2
16049,2,4,2
16050,2,4,2
16051,0,2,0
16052,1,2,0
16053,0,2,0
16054,0,2,0
16055,0,2,0
16056,0,2,0
16057,0,2,0
16058,0,2,0
16059,0,2,0
16060,2,4,2
16061,0,2,0
16062,0,2,0
16063,2,4,2
16064,0,2,0
16065,0,2,0
16066,0,2,0
16067,0,2,0
16068,0,2,0
16069,0,2,0
16070,0,2,0
16071,2,4,2
16072,0,2,0
16073,0,2,0
16074,0,2,0
16075,0,2,0
16076,0,2,0
16077,0,2,0
16078,2,4,2
16079,0,2,0
16080,0,2,0
16081,2,4,2
16082,2,4,2
16083,0,2,0
16084,0,2,0
16085,2,4,2
16086,0,2,0
16087,2,4,2
16088,0,2,0
16089,0,2,0
16090,0,2,0
16091,0,2,0
16092,0,2,0
16093,0,2,0
16094,0,2,0
16095,0,2,0
16096,0,2,0
16097,0,2,0
16098,0,2,0
16099,0,2,0
16100,0,2,0
16101,0,2,0
16102,0,2,0
16103,0,2,0
16104,0,2,0
16105,2,4,2
16106,0,2,0
16107,0,2,0
16108,0,2,0
16109,0,2,0
16110,0,2,0
16111,0,2,0
16112,0,2,0
16113,2,4,2
16114,0,2,0
16115,1,2,0
16116,0,2,0
16117,0,2,0
16118,0,2,0
16119,0,2,0
16120,2,4,2
16121,0,2,0
16122,2,4,2
16123,0,2,0
16124,2,4,2
16125,2,4,2
16126,0,2,0
16127,0,2,0
16128,0,2,0
16129,0,2,0
16130,0,2,0
16131,0,2,0
16132,0,2,0
16133,0,2,0
16134,2,4,2
16135,0,2,0
16136,0,2,0
16137,3,0,3
16138,2,4,2
16139,0,2,0
16140,0,2,0
16141,0,2,0
16142,0,2,0
16143,0,2,0
16144,0,2,0
16145,0,2,0
16146,0,2,0
16147,0,2,0
16148,0,2,0
16149,0,2,0
16150,2,4,2
16151,0,2,0
16152,0,2,0
16153,1,2,0
16154,0,2,0
16155,0,2,0
16156,0,2,0
16157,0,2,0
16158,2,4,2
16159,0,2,0
16160,0,2,0
16161,0,2,0
16162,0,2,0
16163,0,2,0
16164,0,2,0
16165,0,2,0
16166,0,2,0
16167,0,2,0
16168,0,2,0
16169,0,2,0
16170,0,2,0
16171,0,2,0
16172,0,2,0
16173,3,0,3
16174,0,2,0
16175,0,2,0
16176,0,2,0
16177,0,2,0
16178,0,2,0
16179,0,2,0
16180,0,2,0
16181,2,4,2
16182,0,2,0
16183,2,4,2
16184,0,2,0
16185,0,2,0
16186,0,2,0
16187,0,2,0
16188,0,2,0
16189,2,4,2
16190,2,4,2
16191,0,2,0
16192,0,2,0
16193,2,4,2
16194,0,2,0
16195,0,2,0
16196,0,2,0
16197,2,4,2
16198,0,2,0
16199,0,2,0
16200,0,2,0
16201,0,2,0
16202,0,2,0
16203,0,2,0
16204,0,2,0
16205,0,2,0
16206,0,2,0
16207,0,2,0
16208,0,2,0
16209,0,2,0
16210,0,2,0
16211,0,2,0
16212,0,2,0
16213,0,2,0
16214,0,2,0
16215,0,2,0
16216,2,4,2
16217,0,2,0
16218,0,2,0
16219,0,2,0
16220,0,2,0
16221,0,2,0
16222,0,2,0
16223,0,2,0
16224,2,4,2
16225,0,2,0
16226,0,2,0
16227,0,2,0
16228,0,2,0
16229,2,4,2
16230,0,2,0
16231,0,2,0
16232,1,2,0
16233,0,2,0
16234,2,4,2
16235,0,2,0
16236,0,2,0
16237,0,2,0
16238,0,2,0
16239,0,2,0
16240,0,2,0
16241,0,2,0
16242,0,2,0
16243,0,2,0
16244,0,2,0
16245,2,4,2
16246,2,4,2
16247,2,4,2
16248,0,2,0
16249,0,2,0
16250,0,2,0
16251,0,2,0
16252,0,2,0
16253,0,2,0
16254,2,4,2
16255,2,4,2
16256,0,2,0
16257,0,2,0
16258,2,4,2
16259,0,2,0
16260,2,4,2
16261,0,2,0
16262,2,4,2
16263,2,4,2
16264,2,4,2
16265,0,2,0
16266,2,4,2
16267,2,4,2
16268,0,2,0
16269,2,4,2
16270,0,2,0
16271,0,2,0
16272,0,2,0
16273,0,2,0
16274,0,2,0
16275,1,2,0
16276,0,2,0
16277,0,2,0
16278,2,4,2
16279,0,2,0
16280,0,2,0
16281,1,2,0
16282,0,2,0
16283,0,2,0
16284,0,2,0
16285,0,2,0
16286,0,2,0
16287,0,2,0
16288,0,2,0
16289,0,2,0
16290,0,2,0
16291,2,4,2
16292,0,2,0
16293,0,2,0
16294,0,2,0
16295,0,2,0
16296,2,4,2
16297,0,2,0
16298,1,2,0
16299,0,2,0
16300,0,2,0
16301,0,2,0
16302,1,2,0
16303,0,2,0
16304,3,0,3
16305,2,4,2
16306,2,4,2
16307,0,2,0
16308,0,2,0
16309,2,4,2
16310,0,2,0
16311,2,4,2
16312,3,0,3
16313,0,2,0
16314,0,2,0
16315,0,2,0
16316,0,2,0
16317,0,2,0
16318,0,2,0
16319,0,2,0
16320,0,2,0
16321,0,2,0
16322,0,2,0
16323,0,2,0
16324,0,2,0
16325,0,2,0
16326,0,2,0
16327,0,2,0
16328,0,2,0
16329,0,2,0
16330,0,2,0
16331,0,2,0
16332,0,2,0
16333,0,2,0
16334,0,2,0
16335,2,4,2
16336,2,4,2
16337,0,2,0
16338,1,2,0
16339,0,2,0
16340,0,2,0
16341,0,2,0
16342,0,2,0
16343,0,2,0
16344,0,2,0
16345,0,2,0
16346,0,2,0
16347,0,2,0
16348,0,2,0
16349,0,2,0
16350,0,2,0
16351,0,2,0
16352,0,2,0
16353,2,4,2
16354,0,2,0
16355,2,4,2
16356,0,2,0
16357,0,2,0
16358,0,2,0
16359,0,2,0
16360,0,2,0
16361,2,4,2
16362,0,2,0
16363,2,4,2
16364,0,2,0
16365,2,4,2
16366,0,2,0
16367,1,2,0
16368,0,2,0
16369,0,2,0
16370,0,2,0
16371,0,2,0
16372,0,2,0
16373,0,2,0
16374,0,2,0
16375,0,2,0
16376,0,2,0
16377,0,2,0
16378,0,2,0
16379,2,4,2
16380,0,2,0
16381,0,2,0
16382,0,2,0
16383,0,2,0
16384,2,4,2
16385,0,2,0
16386,0,2,0
16387,0,2,0
16388,2,4,2
16389,0,2,0
16390,0,2,0
16391,2,4,2
16392,0,2,0
16393,2,4,2
16394,1,2,0
16395,0,2,0
16396,0,2,0
16397,2,4,2
16398,0,2,0
16399,1,2,0
16400,3,0,3
16401,2,4,2
16402,0,2,0
16403,0,2,0
16404,2,4,2
16405,0,2,0
16406,2,4,2
16407,0,2,0
16408,2,4,2
16409,2,4,2
16410,0,2,0
16411,0,2,0
16412,0,2,0
16413,1,2,0
16414,0,2,0
16415,0,2,0
16416,2,4,2
16417,0,2,0
16418,0,2,0
16419,0,2,0
16420,0,2,0
16421,0,2,0
16422,0,2,0
16423,2,4,2
16424,0,2,0
16425,0,2,0
16426,2,4,2
16427,0,2,0
16428,0,2,0
16429,2,4,2
16430,2,4,2
16431,2,4,2
16432,0,2,0
16433,0,2,0
16434,2,4,2
16435,1,2,0
16436,0,2,0
16437,0,2,0
16438,2,4,2
16439,0,2,0
16440,0,2,0
16441,0,2,0
16442,0,2,0
16443,2,4,2
16444,0,2,0
16445,2,4,2
16446,0,2,0
16447,0,2,0
16448,0,2,0
16449,0,2,0
16450,2,4,2
16451,0,2,0
16452,2,4,2
16453,1,2,0
16454,2,4,2
16455,0,2,0
16456,2,4,2
16457,0,2,0
16458,1,2,0
16459,0,2,0
16460,0,2,0
16461,0,2,0
16462,0,2,0
16463,0,2,0
16464,0,2,0
16465,0,2,0
16466,0,2,0
16467,0,2,0
16468,1,2,0
16469,2,4,2
16470,2,4,2
16471,0,2,0
16472,1,2,0
16473,0,2,0
16474,0,2,0
16475,2,4,2
16476,0,2,0
16477,0,2,0
16478,0,2,0
16479,0,2,0
16480,2,4,2
16481,0,2,0
16482,0,2,0
16483,0,2,0
16484,0,2,0
16485,2,4,2
16486,0,2,0
16487,0,2,0
16488,2,4,2
16489,0,2,0
16490,0,2,0
16491,2,4,2
16492,2,4,2
16493,0,2,0
16494,0,2,0
16495,2,4,2
16496,3,0,3
16497,0,2,0
16498,0,2,0
16499,0,2,0
16500,0,2,0
16501,0,2,0
16502,0,2,0
16503,0,2,0
16504,0,2,0
16505,0,2,0
16506,2,4,2
16507,1,2,0
16508,0,2,0
16509,2,4,2
16510,0,2,0
16511,2,4,2
16512,0,2,0
16513,0,2,0
16514,2,4,2
16515,0,2,0
16516,0,2,0
16517,0,2,0
16518,0,2,0
16519,0,2,0
16520,0,2,0
16521,0,2,0
16522,0,2,0
16523,0,2,0
16524,1,2,0
16525,0,2,0
16526,0,2,0
16527,2,4,2
16528,0,2,0
16529,0,2,0
16530,0,2,0
16531,2,4,2
16532,0,2,0
16533,2,4,2
16534,0,2,0
16535,2,4,2
16536,0,2,0
16537,0,2,0
16538,0,2,0
16539,0,2,0
16540,0,2,0
16541,0,2,0
16542,0,2,0
16543,0,2,0
16544,0,2,0
16545,0,2,0
16546,2,4,2
16547,0,2,0
16548,0,2,0
16549,0,2,0
16550,0,2,0
16551,0,2,0
16552,0,2,0
16553,2,4,2
16554,0,2,0
16555,0,2,0
16556,0,2,0
16557,0,2,0
16558,0,2,0
16559,0,2,0
16560,2,4,2
16561,2,4,2
16562,0,2,0
16563,1,2,0
16564,0,2,0
16565,0,2,0
16566,0,2,0
16567,2,4,2
16568,2,4,2
16569,2,4,2
16570,0,2,0
16571,0,2,0
16572,2,4,2
16573,0,2,0
16574,0,2,0
16575,0,2,0
16576,0,2,0
16577,2,4,2
16578,2,4,2
16579,2,4,2
16580,0,2,0
16581,0,2,0
16582,2,4,2
16583,2,4,2
16584,0,2,0
16585,0,2,0
16586,2,4,2
16587,0,2,0
16588,0,2,0
16589,2,4,2
16590,0,2,0
16591,2,4,2
16592,2,4,2
16593,0,2,0
16594,0,2,0
16595,0,2,0
16596,0,2,0
16597,0,2,0
16598,0,2,0
16599,2,4,2
16600,2,4,2
16601,0,2,0
16602,1,2,0
16603,2,4,2
16604,2,4,2
16605,2,4,2
16606,0,2,0
16607,0,2,0
16608,0,2,0
16609,0,2,0
16610,0,2,0
16611,2,4,2
16612,0,2,0
16613,2,4,2
16614,2,4,2
16615,0,2,0
16616,0,2,0
16617,0,2,0
16618,0,2,0
16619,1,2,0
16620,2,4,2
16621,0,2,0
16622,0,2,0
16623,0,2,0
16624,2,4,2
16625,0,2,0
16626,0,2,0
16627,0,2,0
16628,0,2,0
16629,3,0,3
16630,0,2,0
16631,0,2,0
16632,0,2,0
16633,0,2,0
16634,0,2,0
16635,0,2,0
16636,0,2,0
16637,0,2,0
16638,0,2,0
16639,0,2,0
16640,0,2,0
16641,0,2,0
16642,0,2,0
16643,0,2,0
16644,0,2,0
16645,0,2,0
16646,2,4,2
16647,0,2,0
16648,0,2,0
16649,1,2,0
16650,0,2,0
16651,0,2,0
16652,0,2,0
16653,0,2,0
16654,0,2,0
16655,0,2,0
16656,0,2,0
16657,0,2,0
16658,0,2,0
16659,0,2,0
16660,0,2,0
16661,0,2,0
16662,0,2,0
16663,1,2,0
16664,2,4,2
16665,0,2,0
16666,0,2,0
16667,0,2,0
16668,0,2,0
16669,2,4,2
16670,2,4,2
16671,2,4,2
16672,2,4,2
16673,0,2,0
16674,0,2,0
16675,0,2,0
16676,2,4,2
16677,0,2,0
16678,0,2,0
16679,2,4,2
16680,1,2,0
16681,2,4,2
16682,0,2,0
16683,0,2,0
16684,0,2,0
16685,0,2,0
16686,0,2,0
16687,0,2,0
16688,0,2,0
16689,0,2,0
16690,0,2,0
16691,0,2,0
16692,2,4,2
16693,0,2,0
16694,0,2,0
16695,0,2,0
16696,0,2,0
16697,2,4,2
16698,0,2,0
16699,0,2,0
16700,0,2,0
16701,2,4,2
16702,0,2,0
16703,2,4,2
16704,0,2,0
16705,2,4,2
16706,0,2,0
16707,2,4,2
16708,0,2,0
16709,0,2,0
16710,0,2,0
16711,3,0,3
16712,2,4,2
16713,0,2,0
16714,0,2,0
16715,0,2,0
16716,1,2,0
16717,0,2,0
16718,0,2,0
16719,0,2,0
16720,0,2,0
16721,0,2,0
16722,2,4,2
16723,0,2,0
16724,2,4,2
16725,0,2,0
16726,0,2,0
16727,0,2,0
16728,0,2,0
16729,0,2,0
16730,0,2,0
16731,0,2,0
16732,0,2,0
16733,2,4,2
16734,2,4,2
16735,1,2,0
16736,0,2,0
16737,0,2,0
16738,0,2,0
16739,0,2,0
16740,2,4,2
16741,0,2,0
16742,0,2,0
16743,2,4,2
16744,0,2,0
16745,2,4,2
16746,0,2,0
16747,5,5,5
16748,0,2,0
16749,0,2,0
16750,0,2,0
16751,1,2,0
16752,0,2,0
16753,2,4,2
16754,0,2,0
16755,0,2,0
16756,2,4,2
16757,0,2,0
16758,0,2,0
16759,0,2,0
16760,0,2,0
16761,1,2,0
16762,0,2,0
16763,0,2,0
16764,0,2,0
16765,0,2,0
16766,0,2,0
16767,0,2,0
16768,0,2,0
16769,0,2,0
16770,0,2,0
16771,0,2,0
16772,0,2,0
16773,2,4,2
16774,0,2,0
16775,0,2,0
16776,0,2,0
16777,0,2,0
16778,0,2,0
16779,0,2,0
16780,0,2,0
16781,0,2,0
16782,0,2,0
16783,0,2,0
16784,2,4,2
16785,2,4,2
16786,0,2,0
16787,0,2,0
16788,0,2,0
16789,2,4,2
16790,0,2,0
16791,0,2,0
16792,0,2,0
16793,0,2,0
16794,0,2,0
16795,1,2,0
16796,0,2,0
16797,0,2,0
16798,0,2,0
16799,2,4,2
16800,0,2,0
16801,0,2,0
16802,0,2,0
16803,0,2,0
16804,0,2,0
16805,0,2,0
16806,0,2,0
16807,0,2,0
16808,0,2,0
16809,2,4,2
16810,0,2,0
16811,0,2,0
16812,0,2,0
16813,2,4,2
16814,0,2,0
16815,0,2,0
16816,0,2,0
16817,2,4,2
16818,0,2,0
16819,2,4,2
16820,0,2,0
16821,2,4,2
16822,0,2,0
16823,0,2,0
16824,2,4,2
16825,0,2,0
16826,0,2,0
16827,0,2,0
16828,0,2,0
16829,0,2,0
16830,0,2,0
16831,1,2,0
16832,0,2,0
16833,0,2,0
16834,2,4,2
16835,0,2,0
16836,0,2,0
16837,2,4,2
16838,2,4,2
16839,0,2,0
16840,2,4,2
16841,1,2,0
16842,2,4,2
16843,2,4,2
16844,2,4,2
16845,0,2,0
16846,0,2,0
16847,2,4,2
16848,0,2,0
16849,2,4,2
16850,0,2,0
16851,0,2,0
16852,0,2,0
16853,0,2,0
16854,0,2,0
16855,0,2,0
16856,2,4,2
16857,2,4,2
16858,0,2,0
16859,0,2,0
16860,0,2,0
16861,0,2,0
16862,0,2,0
16863,0,2,0
16864,0,2,0
16865,0,2,0
16866,0,2,0
16867,2,4,2
16868,0,2,0
16869,2,4,2
16870,1,2,0
16871,0,2,0
16872,0,2,0
16873,0,2,0
16874,0,2,0
16875,0,2,0
16876,2,4,2
16877,2,4,2
16878,2,4,2
16879,0,2,0
16880,0,2,0
16881,0,2,0
16882,2,4,2
16883,3,0,3
16884,0,2,0
16885,2,4,2
16886,2,4,2
16887,1,2,0
16888,2,4,2
16889,0,2,0
16890,0,2,0
16891,2,4,2
16892,1,2,0
16893,1,2,0
16894,0,2,0
16895,0,2,0
16896,2,4,2
16897,0,2,0
16898,1,2,0
16899,0,2,0
16900,0,2,0
16901,0,2,0
16902,0,2,0
16903,0,2,0
16904,0,2,0
16905,0,2,0
16906,0,2,0
16907,0,2,0
16908,0,2,0
16909,0,2,0
16910,2,4,2
16911,2,4,2
16912,0,2,0
16913,0,2,0
16914,0,2,0
16915,2,4,2
16916,2,4,2
16917,2,4,2
16918,0,2,0
16919,0,2,0
16920,0,2,0
16921,0,2,0
16922,2,4,2
16923,0,2,0
16924,0,2,0
16925,2,4,2
16926,3,0,3
16927,0,2,0
16928,0,2,0
16929,0,2,0
16930,0,2,0
16931,0,2,0
16932,0,2,0
16933,0,2,0
16934,0,2,0
16935,2,4,2
16936,0,2,0
16937,0,2,0
16938,0,2,0
16939,0,2,0
16940,2,4,2
16941,0,2,0
16942,0,2,0
16943,2,4,2
16944,0,2,0
16945,1,2,0
16946,0,2,0
16947,2,4,2
16948,0,2,0
16949,1,2,0
16950,0,2,0
16951,0,2,0
16952,0,2,0
16953,2,4,2
16954,0,2,0
16955,0,2,0
16956,0,2,0
16957,1,2,0
16958,0,2,0
16959,0,2,0
16960,0,2,0
16961,2,4,2
16962,0,2,0
16963,0,2,0
16964,2,4,2
16965,0,2,0
16966,0,2,0
16967,0,2,0
16968,0,2,0
16969,0,2,0
16970,0,2,0
16971,0,2,0
16972,0,2,0
16973,0,2,0
16974,0,2,0
16975,0,2,0
16976,0,2,0
16977,0,2,0
16978,2,4,2
16979,0,2,0
16980,0,2,0
16981,0,2,0
16982,0,2,0
16983,0,2,0
16984,0,2,0
16985,0,2,0
16986,2,4,2
16987,3,0,3
16988,2,4,2
16989,2,4,2
16990,0,2,0
16991,0,2,0
16992,0,2,0
16993,0,2,0
16994,2,4,2
16995,2,4,2
16996,0,2,0
16997,1,2,0
16998,0,2,0
16999,2,4,2
17000,0,2,0
17001,0,2,0
17002,2,4,2
17003,0,2,0
17004,0,2,0
17005,0,2,0
17006,0,2,0
17007,0,2,0
17008,2,4,2
17009,0,2,0
17010,0,2,0
17011,0,2,0
17012,0,2,0
17013,2,4,2
17014,1,2,0
17015,0,2,0
17016,0,2,0
17017,2,4,2
17018,1,2,0
17019,0,2,0
17020,0,2,0
17021,2,4,2
17022,2,4,2
17023,0,2,0
17024,0,2,0
17025,2,4,2
17026,0,2,0
17027,0,2,0
17028,0,2,0
17029,0,2,0
17030,0,2,0
17031,0,2,0
17032,0,2,0
17033,2,4,2
17034,0,2,0
17035,2,4,2
17036,0,2,0
17037,0,2,0
17038,0,2,0
17039,0,2,0
17040,2,4,2
17041,0,2,0
17042,0,2,0
17043,0,2,0
17044,0,2,0
17045,1,2,0
17046,0,2,0
17047,0,2,0
17048,0,2,0
17049,0,2,0
17050,0,2,0
17051,2,4,2
17052,0,2,0
17053,0,2,0
17054,0,2,0
17055,2,4,2
17056,0,2,0
17057,0,2,0
17058,0,2,0
17059,0,2,0
17060,2,4,2
17061,1,2,0
17062,1,2,0
17063,0,2,0
17064,0,2,0
17065,0,2,0
17066,0,2,0
17067,0,2,0
17068,2,4,2
17069,2,4,2
17070,0,2,0
17071,0,2,0
17072,0,2,0
17073,0,2,0
17074,0,2,0
17075,0,2,0
17076,0,2,0
17077,0,2,0
17078,0,2,0
17079,0,2,0
17080,2,4,2
17081,0,2,0
17082,0,2,0
17083,0,2,0
17084,2,4,2
17085,2,4,2
17086,0,2,0
17087,2,4,2
17088,0,2,0
17089,0,2,0
17090,2,4,2
17091,0,2,0
17092,0,2,0
17093,2,4,2
17094,0,2,0
17095,2,4,2
17096,0,2,0
17097,0,2,0
17098,0,2,0
17099,0,2,0
17100,0,2,0
17101,0,2,0
17102,0,2,0
17103,2,4,2
17104,2,4,2
17105,2,4,2
17106,0,2,0
17107,0,2,0
17108,0,2,0
17109,0,2,0
17110,0,2,0
17111,0,2,0
17112,0,2,0
17113,0,2,0
17114,0,2,0
17115,0,2,0
17116,0,2,0
17117,0,2,0
17118,0,2,0
17119,2,4,2
17120,0,2,0
17121,0,2,0
17122,0,2,0
17123,0,2,0
17124,0,2,0
17125,0,2,0
17126,0,2,0
17127,0,2,0
17128,0,2,0
17129,0,2,0
17130,0,2,0
17131,0,2,0
17132,0,2,0
17133,0,2,0
17134,0,2,0
17135,0,2,0
17136,0,2,0
17137,2,4,2
17138,0,2,0
17139,0,2,0
17140,0,2,0
17141,2,4,2
17142,0,2,0
17143,2,4,2
17144,0,2,0
17145,0,2,0
17146,0,2,0
17147,0,2,0
17148,0,2,0
17149,2,4,2
17150,0,2,0
17151,0,2,0
17152,0,2,0
17153,0,2,0
17154,2,4,2
17155,0,2,0
17156,2,4,2
17157,0,2,0
17158,0,2,0
17159,2,4,2
17160,0,2,0
17161,0,2,0
17162,0,2,0
17163,0,2,0
17164,1,2,0
17165,0,2,0
17166,0,2,0
17167,0,2,0
17168,0,2,0
17169,2,4,2
17170,0,2,0
17171,0,2,0
17172,0,2,0
17173,0,2,0
17174,0,2,0
17175,0,2,0
17176,0,2,0
17177,0,2,0
17178,0,2,0
17179,0,2,0
17180,0,2,0
17181,0,2,0
17182,2,4,2
17183,2,4,2
17184,0,2,0
17185,0,2,0
17186,2,4,2
17187,2,4,2
17188,0,2,0
17189,2,4,2
17190,0,2,0
17191,1,2,0
17192,2,4,2
17193,0,2,0
17194,0,2,0
17195,0,2,0
17196,0,2,0
17197,0,2,0
17198,0,2,0
17199,0,2,0
17200,0,2,0
17201,2,4,2
17202,0,2,0
17203,0,2,0
17204,2,4,2
17205,0,2,0
17206,0,2,0
17207,0,2,0
17208,0,2,0
17209,0,2,0
17210,0,2,0
17211,0,2,0
17212,0,2,0
17213,2,4,2
17214,0,2,0
17215,0,2,0
17216,0,2,0
17217,0,2,0
17218,0,2,0
17219,0,2,0
17220,0,2,0
17221,2,4,2
17222,0,2,0
17223,0,2,0
17224,0,2,0
17225,0,2,0
17226,2,4,2
17227,0,2,0
17228,0,2,0
17229,2,4,2
17230,0,2,0
17231,2,4,2
17232,0,2,0
17233,2,4,2
17234,0,2,0
17235,0,2,0
17236,2,4,2
17237,0,2,0
17238,0,2,0
17239,0,2,0
17240,0,2,0
17241,0,2,0
17242,0,2,0
17243,2,4,2
17244,0,2,0
17245,0,2,0
17246,0,2,0
17247,0,2,0
17248,2,4,2
17249,0,2,0
17250,0,2,0
17251,1,2,0
17252,0,2,0
17253,0,2,0
17254,0,2,0
17255,0,2,0
17256,0,2,0
17257,0,2,0
17258,0,2,0
17259,0,2,0
17260,1,2,0
17261,0,2,0
17262,0,2,0
17263,2,4,2
17264,0,2,0
17265,2,4,2
17266,0,2,0
17267,0,2,0
17268,0,2,0
17269,0,2,0
17270,2,4,2
17271,0,2,0
17272,0,2,0
17273,0,2,0
17274,0,2,0
17275,0,2,0
17276,0,2,0
17277,0,2,0
17278,0,2,0
17279,0,2,0
17280,0,2,0
17281,2,4,2
17282,0,2,0
17283,0,2,0
17284,0,2,0
17285,0,2,0
17286,0,2,0
17287,2,4,2
17288,0,2,0
17289,0,2,0
17290,0,2,0
17291,0,2,0
17292,2,4,2
17293,0,2,0
17294,2,4,2
17295,0,2,0
17296,1,2,0
17297,0,2,0
17298,0,2,0
17299,2,4,2
17300,0,2,0
17301,2,4,2
17302,1,2,0
17303,2,4,2
17304,0,2,0
17305,2,4,2
17306,2,4,2
17307,0,2,0
17308,2,4,2
17309,0,2,0
17310,0,2,0
17311,0,2,0
17312,0,2,0
17313,0,2,0
17314,0,2,0
17315,3,0,3
17316,0,2,0
17317,0,2,0
17318,0,2,0
17319,0,2,0
17320,0,2,0
17321,0,2,0
17322,1,2,0
17323,1,2,0
17324,0,2,0
17325,0,2,0
17326,2,4,2
17327,2,4,2
17328,0,2,0
17329,0,2,0
17330,0,2,0
17331,0,2,0
17332,2,4,2
17333,0,2,0
17334,2,4,2
17335,0,2,0
17336,0,2,0
17337,0,2,0
17338,0,2,0
17339,0,2,0
17340,2,4,2
17341,1,2,0
17342,0,2,0
17343,0,2,0
17344,0,2,0
17345,2,4,2
17346,2,4,2
17347,0,2,0
17348,2,4,2
17349,0,2,0
17350,2,4,2
17351,2,4,2
17352,2,4,2
17353,3,0,3
17354,2,4,2
17355,0,2,0
17356,2,4,2
17357,0,2,0
17358,1,2,0
17359,0,2,0
17360,0,2,0
17361,2,4,2
17362,0,2,0
17363,0,2,0
17364,0,2,0
17365,0,2,0
17366,0,2,0
17367,0,2,0
17368,2,4,2
17369,0,2,0
17370,0,2,0
17371,1,2,0
17372,0,2,0
17373,0,2,0
17374,0,2,0
17375,0,2,0
17376,2,4,2
17377,0,2,0
17378,0,2,0
17379,2,4,2
17380,0,2,0
17381,1,2,0
17382,0,2,0
17383,0,2,0
17384,0,2,0
17385,0,2,0
17386,0,2,0
17387,0,2,0
17388,0,2,0
17389,0,2,0
17390,0,2,0
17391,2,4,2
17392,0,2,0
17393,0,2,0
17394,2,4,2
17395,0,2,0
17396,0,2,0
17397,1,2,0
17398,2,4,2
17399,0,2,0
17400,0,2,0
17401,2,4,2
17402,0,2,0
17403,2,4,2
17404,0,2,0
17405,0,2,0
17406,0,2,0
17407,0,2,0
17408,0,2,0
17409,2,4,2
17410,0,2,0
17411,0,2,0
17412,0,2,0
17413,2,4,2
17414,0,2,0
17415,0,2,0
17416,0,2,0
17417,0,2,0
17418,1,0,3
17419,0,2,0
17420,0,2,0
17421,1,2,0
17422,0,2,0
17423,2,4,2
17424,0,2,0
17425,1,2,0
17426,2,4,2
17427,2,4,2
17428,0,2,0
17429,0,2,0
17430,0,2,0
17431,0,2,0
17432,2,4,2
17433,0,2,0
17434,0,2,0
17435,0,2,0
17436,0,2,0
17437,0,2,0
17438,0,2,0
17439,0,2,0
17440,0,2,0
17441,0,2,0
17442,0,2,0
17443,0,2,0
17444,0,2,0
17445,0,2,0
17446,0,2,0
17447,2,4,2
17448,2,4,2
17449,1,2,0
17450,0,2,0
17451,0,2,0
17452,0,2,0
17453,0,2,0
17454,2,4,2
17455,0,2,0
17456,0,2,0
17457,0,2,0
17458,0,2,0
17459,2,4,2
17460,0,2,0
17461,0,2,0
17462,2,4,2
17463,2,4,2
17464,2,4,2
17465,0,2,0
17466,0,2,0
17467,2,4,2
17468,1,2,0
17469,2,4,2
17470,0,2,0
17471,2,4,2
17472,0,2,0
17473,0,2,0
17474,0,2,0
17475,0,2,0
17476,0,2,0
17477,0,2,0
17478,0,2,0
17479,2,4,2
17480,0,2,0
17481,0,2,0
17482,2,4,2
17483,0,2,0
17484,0,2,0
17485,0,2,0
17486,1,2,0
17487,2,4,2
17488,0,2,0
17489,0,2,0
17490,0,2,0
17491,2,4,2
17492,0,2,0
17493,2,4,2
17494,0,2,0
17495,0,2,0
17496,0,2,0
17497,0,2,0
17498,0,2,0
17499,2,4,2
17500,1,2,0
17501,0,2,0
17502,0,2,0
17503,0,2,0
17504,2,4,2
17505,0,2,0
17506,2,4,2
17507,0,2,0
17508,2,4,2
17509,1,2,0
17510,2,4,2
17511,3,0,3
17512,2,4,2
17513,0,2,0
17514,1,2,0
17515,2,4,2
17516,0,2,0
17517,2,4,2
17518,0,2,0
17519,0,2,0
17520,0,2,0
17521,0,2,0
17522,0,2,0
17523,2,4,2
17524,0,2,0
17525,0,2,0
17526,0,2,0
17527,0,2,0
17528,0,2,0
17529,2,4,2
17530,1,2,0
17531,0,2,0
17532,0,2,0
17533,2,4,2
17534,3,0,3
17535,0,2,0
17536,0,2,0
17537,0,2,0
17538,0,2,0
17539,0,2,0
17540,2,4,2
17541,2,4,2
17542,2,4,2
17543,0,2,0
17544,0,2,0
17545,0,2,0
17546,0,2,0
17547,0,2,0
17548,0,2,0
17549,0,2,0
17550,0,2,0
17551,0,2,0
17552,0,2,0
17553,1,2,0
17554,2,4,2
17555,2,4,2
17556,1,2,0
17557,0,2,0
17558,0,2,0
17559,0,2,0
17560,0,2,0
17561,0,2,0
17562,0,2,0
17563,2,4,2
17564,0,2,0
17565,3,0,3
17566,2,4,2
17567,2,4,2
17568,0,2,0
17569,2,4,2
17570,0,2,0
17571,2,4,2
17572,0,2,0
17573,0,2,0
17574,0,2,0
17575,0,2,0
17576,0,2,0
17577,0,2,0
17578,2,4,2
17579,2,4,2
17580,0,2,0
17581,0,2,0
17582,0,2,0
17583,0,2,0
17584,0,2,0
17585,0,2,0
17586,0,2,0
17587,0,2,0
17588,0,2,0
17589,0,2,0
17590,0,2,0
17591,1,2,0
17592,0,2,0
17593,0,2,0
17594,0,2,0
17595,0,2,0
17596,2,4,2
17597,0,2,0
17598,0,2,0
17599,2,4,2
17600,2,4,2
17601,0,2,0
17602,0,2,0
17603,0,2,0
17604,0,2,0
17605,2,4,2
17606,0,2,0
17607,0,2,0
17608,2,4,2
17609,0,2,0
17610,0,2,0
17611,0,2,0
17612,2,4,2
17613,1,2,0
17614,0,2,0
17615,0,2,0
17616,0,2,0
17617,2,4,2
17618,0,2,0
17619,0,2,0
17620,2,4,2
17621,0,2,0
17622,1,2,0
17623,0,2,0
17624,2,4,2
17625,0,2,0
17626,0,2,0
17627,0,2,0
17628,0,2,0
17629,2,4,2
17630,0,2,0
17631,2,4,2
17632,1,2,0
17633,0,2,0
17634,0,2,0
17635,2,4,2
17636,2,4,2
17637,2,4,2
17638,0,2,0
17639,0,2,0
17640,0,2,0
17641,0,2,0
17642,2,4,2
17643,0,2,0
17644,0,2,0
17645,0,2,0
17646,0,2,0
17647,0,2,0
17648,2,4,2
17649,0,2,0
17650,0,2,0
17651,2,4,2
17652,3,0,3
17653,0,2,0
17654,1,2,0
17655,0,2,0
17656,0,2,0
17657,0,2,0
17658,0,2,0
17659,0,2,0
17660,0,2,0
17661,2,4,2
17662,0,2,0
17663,0,2,0
17664,2,4,2
17665,0,2,0
17666,0,2,0
17667,2,4,2
17668,2,4,2
17669,0,2,0
17670,0,2,0
17671,0,2,0
17672,0,2,0
17673,0,2,0
17674,0,2,0
17675,0,2,0
17676,0,2,0
17677,0,2,0
17678,2,4,2
17679,0,2,0
17680,0,2,0
17681,0,2,0
17682,0,2,0
17683,0,2,0
17684,0,2,0
17685,0,2,0
17686,2,4,2
17687,0,2,0
17688,0,2,0
17689,2,4,2
17690,0,2,0
17691,0,2,0
17692,0,2,0
17693,0,2,0
17694,1,2,0
17695,3,0,3
17696,0,2,0
17697,0,2,0
17698,1,2,0
17699,0,2,0
17700,0,2,0
17701,2,4,2
17702,0,2,0
17703,0,2,0
17704,0,2,0
17705,0,2,0
17706,0,2,0
17707,0,2,0
17708,0,2,0
17709,1,2,0
17710,0,2,0
17711,1,2,0
17712,2,4,2
17713,0,2,0
17714,2,4,2
17715,0,2,0
17716,0,2,0
17717,0,2,0
17718,0,2,0
17719,0,2,0
17720,0,2,0
17721,0,2,0
17722,0,2,0
17723,2,4,2
17724,2,4,2
17725,0,2,0
17726,2,4,2
17727,0,2,0
17728,0,2,0
17729,2,4,2
17730,0,2,0
17731,2,4,2
17732,0,2,0
17733,0,2,0
17734,0,2,0
17735,0,2,0
17736,0,2,0
17737,1,2,0
17738,0,2,0
17739,0,2,0
17740,0,2,0
17741,0,2,0
17742,3,0,3
17743,0,2,0
17744,0,2,0
17745,0,2,0
17746,0,2,0
17747,0,2,0
17748,0,2,0
17749,0,2,0
17750,0,2,0
17751,0,2,0
17752,0,2,0
17753,0,2,0
17754,0,2,0
17755,0,2,0
17756,0,2,0
17757,2,4,2
17758,0,2,0
17759,2,4,2
17760,0,2,0
17761,0,2,0
17762,0,2,0
17763,0,2,0
17764,0,2,0
17765,2,4,2
17766,0,2,0
17767,0,2,0
17768,0,2,0
17769,2,4,2
17770,0,2,0
17771,0,2,0
17772,0,2,0
17773,2,4,2
17774,2,4,2
17775,0,2,0
17776,0,2,0
17777,0,2,0
17778,0,2,0
17779,0,2,0
17780,0,2,0
17781,3,0,3
17782,0,2,0
17783,0,2,0
17784,0,2,0
17785,0,2,0
17786,0,2,0
17787,0,2,0
17788,0,2,0
17789,0,2,0
17790,2,4,2
17791,0,2,0
17792,0,2,0
17793,2,4,2
17794,0,2,0
17795,0,2,0
17796,0,2,0
17797,0,2,0
17798,0,2,0
17799,2,4,2
17800,0,2,0
17801,0,2,0
17802,2,4,2
17803,2,4,2
17804,2,4,2
17805,0,2,0
17806,0,2,0
17807,0,2,0
17808,1,2,0
17809,1,2,0
17810,0,2,0
17811,0,2,0
17812,0,2,0
17813,2,4,2
17814,0,2,0
17815,2,4,2
17816,0,2,0
17817,2,4,2
17818,1,2,0
17819,0,2,0
17820,0,2,0
17821,1,2,0
17822,0,2,0
17823,0,2,0
17824,2,4,2
17825,2,4,2
17826,0,2,0
17827,0,2,0
17828,0,2,0
17829,0,2,0
17830,0,2,0
17831,0,2,0
17832,0,2,0
17833,0,2,0
17834,2,4,2
17835,0,2,0
17836,0,2,0
17837,0,2,0
17838,2,4,2
17839,2,4,2
17840,0,2,0
17841,0,2,0
17842,2,4,2
17843,0,2,0
17844,0,2,0
17845,0,2,0
17846,0,2,0
17847,0,2,0
17848,0,2,0
17849,2,4,2
17850,0,2,0
17851,0,2,0
17852,3,0,3
17853,1,2,0
17854,0,2,0
17855,0,2,0
17856,2,4,2
17857,0,2,0
17858,0,2,0
17859,3,0,3
17860,0,2,0
17861,0,2,0
17862,0,2,0
17863,2,4,2
17864,2,4,2
17865,2,4,2
17866,0,2,0
17867,0,2,0
17868,2,4,2
17869,2,4,2
17870,0,2,0
17871,0,2,0
17872,0,2,0
17873,2,4,2
17874,0,2,0
17875,0,2,0
17876,0,2,0
17877,2,4,2
17878,2,4,2
17879,0,2,0
17880,2,4,2
17881,0,2,0
17882,0,2,0
17883,3,0,3
17884,0,2,0
17885,0,2,0
17886,2,4,2
17887,1,2,0
17888,0,2,0
17889,2,4,2
17890,0,2,0
17891,0,2,0
17892,0,2,0
17893,0,2,0
17894,0,2,0
17895,2,4,2
17896,2,4,2
17897,0,2,0
17898,2,4,2
17899,0,2,0
17900,1,2,0
17901,0,2,0
17902,0,2,0
17903,2,4,2
17904,0,2,0
17905,0,2,0
17906,2,4,2
17907,0,2,0
17908,0,2,0
17909,0,2,0
17910,2,4,2
17911,2,4,2
17912,2,4,2
17913,0,2,0
17914,2,4,2
17915,2,4,2
17916,0,2,0
17917,0,2,0
17918,0,2,0
17919,2,4,2
17920,0,2,0
17921,0,2,0
17922,0,2,0
17923,0,2,0
17924,0,2,0
17925,0,2,0
17926,1,2,0
17927,0,2,0
17928,0,2,0
17929,0,2,0
17930,0,2,0
17931,2,4,2
17932,0,2,0
17933,0,2,0
17934,2,4,2
17935,0,2,0
17936,2,4,2
17937,0,2,0
17938,0,2,0
17939,0,2,0
17940,1,2,0
17941,2,4,2
17942,0,2,0
17943,0,2,0
17944,2,4,2
17945,2,4,2
17946,0,2,0
17947,2,4,2
17948,1,2,0
17949,2,4,2
17950,0,2,0
17951,0,2,0
17952,0,2,0
17953,1,2,0
17954,2,4,2
17955,2,4,2
17956,2,4,2
17957,0,2,0
17958,0,2,0
17959,0,2,0
17960,0,2,0
17961,2,4,2
17962,0,2,0
17963,0,2,0
17964,0,2,0
17965,0,2,0
17966,2,4,2
17967,0,2,0
17968,3,0,3
17969,1,2,0
17970,2,4,2
17971,0,2,0
17972,0,2,0
17973,0,2,0
17974,2,4,2
17975,0,2,0
17976,0,2,0
17977,3,0,3
17978,0,2,0
17979,0,2,0
17980,0,2,0
17981,0,2,0
17982,2,4,2
17983,0,2,0
17984,2,4,2
17985,0,2,0
17986,0,2,0
17987,0,2,0
17988,2,4,2
17989,0,2,0
17990,0,2,0
17991,2,4,2
17992,2,4,2
17993,0,2,0
17994,1,2,0
17995,2,4,2
17996,0,2,0
17997,0,2,0
17998,0,2,0
17999,2,4,2
18000,0,2,0
18001,0,2,0
18002,2,4,2
18003,0,2,0
18004,1,2,0
18005,2,4,2
18006,0,2,0
18007,0,2,0
18008,0,2,0
18009,0,2,0
18010,2,4,2
18011,0,2,0
18012,0,2,0
18013,1,2,0
18014,0,2,0
18015,2,4,2
18016,1,2,0
18017,0,2,0
18018,0,2,0
18019,0,2,0
18020,0,2,0
18021,0,2,0
18022,0,2,0
18023,1,2,0
18024,0,2,0
18025,0,2,0
18026,0,2,0
18027,0,2,0
18028,0,2,0
18029,0,2,0
18030,0,2,0
18031,2,4,2
18032,2,4,2
18033,0,2,0
18034,0,2,0
18035,0,2,0
18036,2,4,2
18037,2,4,2
18038,0,2,0
18039,0,2,0
18040,0,2,0
18041,2,4,2
18042,0,2,0
18043,0,2,0
18044,0,2,0
18045,0,2,0
18046,0,2,0
18047,0,2,0
18048,0,2,0
18049,0,2,0
18050,2,4,2
18051,0,2,0
18052,2,4,2
18053,0,2,0
18054,0,2,0
18055,0,2,0
18056,0,2,0
18057,0,2,0
18058,1,2,0
18059,2,4,2
18060,0,2,0
18061,0,2,0
18062,0,2,0
18063,0,2,0
18064,2,4,2
18065,0,2,0
18066,2,4,2
18067,0,2,0
18068,0,2,0
18069,0,2,0
18070,2,4,2
18071,0,2,0
18072,0,2,0
18073,1,2,0
18074,0,2,0
18075,0,2,0
18076,0,2,0
18077,0,2,0
18078,2,4,2
18079,0,2,0
18080,0,2,0
18081,0,2,0
18082,2,4,2
18083,0,2,0
18084,0,2,0
18085,0,2,0
18086,0,2,0
18087,0,2,0
18088,3,0,3
18089,2,4,2
18090,2,4,2
18091,2,4,2
18092,2,4,2
18093,0,2,0
18094,2,4,2
18095,2,4,2
18096,0,2,0
18097,2,4,2
18098,0,2,0
18099,0,2,0
18100,0,2,0
18101,2,4,2
18102,2,4,2
18103,0,2,0
18104,2,4,2
18105,2,4,2
18106,0,2,0
18107,0,2,0
18108,0,2,0
18109,2,4,2
18110,2,4,2
18111,0,2,0
18112,0,2,0
18113,0,2,0
18114,2,4,2
18115,0,2,0
18116,0,2,0
18117,2,4,2
18118,0,2,0
18119,0,2,0
18120,2,4,2
18121,0,2,0
18122,1,2,0
18123,0,2,0
18124,0,2,0
18125,0,2,0
18126,0,2,0
18127,2,4,2
18128,0,2,0
18129,0,2,0
18130,0,2,0
18131,2,4,2
18132,0,2,0
18133,0,2,0
18134,0,2,0
18135,0,2,0
18136,0,2,0
18137,0,2,0
18138,0,2,0
18139,0,2,0
18140,3,0,3
18141,0,2,0
18142,0,2,0
18143,2,4,2
18144,2,4,2
18145,0,2,0
18146,0,2,0
18147,0,2,0
18148,2,4,2
18149,2,4,2
18150,2,4,2
18151,2,4,2
18152,0,2,0
18153,0,2,0
18154,0,2,0
18155,0,2,0
18156,2,4,2
18157,0,2,0
18158,0,2,0
18159,0,2,0
18160,0,2,0
18161,2,4,2
18162,0,2,0
18163,2,4,2
18164,0,2,0
18165,0,2,0
18166,1,2,0
18167,0,2,0
18168,0,2,0
18169,0,2,0
18170,0,2,0
18171,0,2,0
18172,2,4,2
18173,0,2,0
18174,0,2,0
18175,0,2,0
18176,0,2,0
18177,0,2,0
18178,2,4,2
18179,0,2,0
18180,1,2,0
18181,0,2,0
18182,2,4,2
18183,2,4,2
18184,0,2,0
18185,1,2,0
18186,0,2,0
18187,0,2,0
18188,0,2,0
18189,2,4,2
18190,2,4,2
18191,0,2,0
18192,0,2,0
18193,2,4,2
18194,0,2,0
18195,0,2,0
18196,0,2,0
18197,0,2,0
18198,0,2,0
18199,0,2,0
18200,0,2,0
18201,2,4,2
18202,0,2,0
18203,0,2,0
18204,0,2,0
18205,0,2,0
18206,0,2,0
18207,0,2,0
18208,0,2,0
18209,0,2,0
18210,0,2,0
18211,0,2,0
18212,2,4,2
18213,0,2,0
18214,0,2,0
18215,0,2,0
18216,0,2,0
18217,0,2,0
18218,0,2,0
18219,5,5,5
18220,0,2,0
18221,0,2,0
18222,0,2,0
18223,2,4,2
18224,1,2,0
18225,3,0,3
18226,0,2,0
18227,2,4,2
18228,0,2,0
18229,0,2,0
18230,0,2,0
18231,0,2,0
18232,0,2,0
18233,0,2,0
18234,2,4,2
18235,0,2,0
18236,0,2,0
18237,0,2,0
18238,0,2,0
18239,0,2,0
18240,0,2,0
18241,0,2,0
18242,0,2,0
18243,0,2,0
18244,0,2,0
18245,2,4,2
18246,0,2,0
18247,0,2,0
18248,0,2,0
18249,1,2,0
18250,2,4,2
18251,2,4,2
18252,2,4,2
18253,0,2,0
18254,2,4,2
18255,0,2,0
18256,0,2,0
18257,2,4,2
18258,0,2,0
18259,2,4,2
18260,0,2,0
18261,2,4,2
18262,0,2,0
18263,0,2,0
18264,0,2,0
18265,0,2,0
18266,0,2,0
18267,0,2,0
18268,2,4,2
18269,0,2,0
18270,0,2,0
18271,0,2,0
18272,0,2,0
18273,2,4,2
18274,0,2,0
18275,0,2,0
18276,0,2,0
18277,0,2,0
18278,0,2,0
18279,0,2,0
18280,2,4,2
18281,2,4,2
18282,0,2,0
18283,0,2,0
18284,0,2,0
18285,0,2,0
18286,0,2,0
18287,0,2,0
18288,0,2,0
18289,0,2,0
18290,0,2,0
18291,0,2,0
18292,2,4,2
18293,0,2,0
18294,0,2,0
18295,2,4,2
18296,0,2,0
18297,2,4,2
18298,0,2,0
18299,0,2,0
18300,0,2,0
18301,2,4,2
18302,0,2,0
18303,0,2,0
18304,0,2,0
18305,0,2,0
18306,0,2,0
18307,0,2,0
18308,0,2,0
18309,2,4,2
18310,0,2,0
18311,0,2,0
18312,0,2,0
18313,0,2,0
18314,2,4,2
18315,0,2,0
18316,2,4,2
18317,0,2,0
18318,0,2,0
18319,0,2,0
18320,0,2,0
18321,3,0,3
18322,0,2,0
18323,0,2,0
18324,2,4,2
18325,0,2,0
18326,0,2,0
18327,0,2,0
18328,0,2,0
18329,0,2,0
18330,0,2,0
18331,0,2,0
18332,1,2,0
18333,0,2,0
18334,0,2,0
18335,0,2,0
18336,0,2,0
18337,0,2,0
18338,0,2,0
18339,0,2,0
18340,2,4,2
18341,2,4,2
18342,0,2,0
18343,0,2,0
18344,2,4,2
18345,0,2,0
18346,0,2,0
18347,2,4,2
18348,0,2,0
18349,1,2,0
18350,0,2,0
18351,0,2,0
18352,2,4,2
18353,0,2,0
18354,0,2,0
18355,2,4,2
18356,0,2,0
18357,0,2,0
18358,2,4,2
18359,1,2,0
18360,0,2,0
18361,1,2,0
18362,2,4,2
18363,0,2,0
18364,0,2,0
18365,2,4,2
18366,0,2,0
18367,0,2,0
18368,0,2,0
18369,0,2,0
18370,0,2,0
18371,0,2,0
18372,0,2,0
18373,0,2,0
18374,0,2,0
18375,2,4,2
18376,2,4,2
18377,0,2,0
18378,0,2,0
18379,0,2,0
18380,0,2,0
18381,0,2,0
18382,0,2,0
18383,1,2,0
18384,2,4,2
18385,0,2,0
18386,2,4,2
18387,0,2,0
18388,0,2,0
18389,2,4,2
18390,3,0,3
18391,1,2,0
18392,1,2,0
18393,2,4,2
18394,0,2,0
18395,0,2,0
18396,0,2,0
18397,1,2,0
18398,2,4,2
18399,1,2,0
18400,0,2,0
18401,3,0,3
18402,0,2,0
18403,1,0,3
18404,2,4,2
18405,0,2,0
18406,0,2,0
18407,3,0,3
18408,0,2,0
18409,0,2,0
18410,0,2,0
18411,0,2,0
18412,0,2,0
18413,1,2,0
18414,1,2,0
18415,2,4,2
18416,0,2,0
18417,0,2,0
18418,0,2,0
18419,0,2,0
18420,0,2,0
18421,0,2,0
18422,0,2,0
18423,0,2,0
18424,3,0,3
18425,2,4,2
18426,0,2,0
18427,1,2,0
18428,0,2,0
18429,0,2,0
18430,0,2,0
18431,1,2,0
18432,0,2,0
18433,2,4,2
18434,3,0,3
18435,0,2,0
18436,2,4,2
18437,0,2,0
18438,0,2,0
18439,0,2,0
18440,0,2,0
18441,0,2,0
18442,0,2,0
18443,0,2,0
18444,2,4,2
18445,2,4,2
18446,1,2,0
18447,0,2,0
18448,0,2,0
18449,0,2,0
18450,0,2,0
18451,2,4,2
18452,2,4,2
18453,2,4,2
18454,2,4,2
18455,0,2,0
18456,0,2,0
18457,0,2,0
18458,0,2,0
18459,2,4,2
18460,3,0,3
18461,0,2,0
18462,0,2,0
18463,0,2,0
18464,0,2,0
18465,2,4,2
18466,2,4,2
18467,2,4,2
18468,0,2,0
18469,0,2,0
18470,0,2,0
18471,0,2,0
18472,0,2,0
18473,0,2,0
18474,0,2,0
18475,0,2,0
18476,0,2,0
18477,0,2,0
18478,0,2,0
18479,0,2,0
18480,0,2,0
18481,2,4,2
18482,0,2,0
18483,0,2,0
18484,0,2,0
18485,0,2,0
18486,0,2,0
18487,0,2,0
18488,0,2,0
18489,0,2,0
18490,0,2,0
18491,3,0,3
18492,2,4,2
18493,1,2,0
18494,0,2,0
18495,0,2,0
18496,0,2,0
18497,1,2,0
18498,0,2,0
18499,0,2,0
18500,2,4,2
18501,0,2,0
18502,0,2,0
18503,2,4,2
18504,2,4,2
18505,0,2,0
18506,0,2,0
18507,0,2,0
18508,1,2,0
18509,0,2,0
18510,0,2,0
18511,0,2,0
18512,0,2,0
18513,0,2,0
18514,0,2,0
18515,0,2,0
18516,0,2,0
18517,0,2,0
18518,0,2,0
18519,0,2,0
18520,0,2,0
18521,0,2,0
18522,0,2,0
18523,0,2,0
18524,0,2,0
18525,0,2,0
18526,2,4,2
18527,0,2,0
18528,0,2,0
18529,2,4,2
18530,0,2,0
18531,2,4,2
18532,0,2,0
18533,0,2,0
18534,0,2,0
18535,2,4,2
18536,0,2,0
18537,0,2,0
18538,0,2,0
18539,0,2,0
18540,0,2,0
18541,0,2,0
18542,0,2,0
18543,2,4,2
18544,2,4,2
18545,0,2,0
18546,0,2,0
18547,2,4,2
18548,0,2,0
18549,0,2,0
18550,0,2,0
18551,0,2,0
18552,0,2,0
18553,0,2,0
18554,0,2,0
18555,0,2,0
18556,2,4,2
18557,0,2,0
18558,0,2,0
18559,0,2,0
18560,2,4,2
18561,2,4,2
18562,0,2,0
18563,0,2,0
18564,2,4,2
18565,0,2,0
18566,0,2,0
18567,0,2,0
18568,2,4,2
18569,0,2,0
18570,2,4,2
18571,0,2,0
18572,2,4,2
18573,0,2,0
18574,2,4,2
18575,0,2,0
18576,2,4,2
18577,0,2,0
18578,2,4,2
18579,0,2,0
18580,0,2,0
18581,0,2,0
18582,2,4,2
18583,2,4,2
18584,0,2,0
18585,0,2,0
18586,0,2,0
18587,2,4,2
18588,0,2,0
18589,2,4,2
18590,0,2,0
18591,2,4,2
18592,1,2,0
18593,2,4,2
18594,2,4,2
18595,0,2,0
18596,0,2,0
18597,0,2,0
18598,0,2,0
18599,0,2,0
18600,0,2,0
18601,0,2,0
18602,0,2,0
18603,2,4,2
18604,0,2,0
18605,2,4,2
18606,0,2,0
18607,0,2,0
18608,2,4,2
18609,0,2,0
18610,0,2,0
18611,0,2,0
18612,0,2,0
18613,0,2,0
18614,0,2,0
18615,0,2,0
18616,0,2,0
18617,1,2,0
18618,0,2,0
18619,0,2,0
18620,0,2,0
18621,0,2,0
18622,2,4,2
18623,2,4,2
18624,0,2,0
18625,0,2,0
18626,2,4,2
18627,5,5,5
18628,2,4,2
18629,0,2,0
18630,2,4,2
18631,0,2,0
18632,0,2,0
18633,0,2,0
18634,0,2,0
18635,0,2,0
18636,0,2,0
18637,0,2,0
18638,0,2,0
18639,0,2,0
18640,0,2,0
18641,0,2,0
18642,0,2,0
18643,0,2,0
18644,2,4,2
18645,0,2,0
18646,0,2,0
18647,0,2,0
18648,0,2,0
18649,0,2,0
18650,1,2,0
18651,0,2,0
18652,1,2,0
18653,0,2,0
18654,2,4,2
18655,2,4,2
18656,0,2,0
18657,0,2,0
18658,2,4,2
18659,2,4,2
18660,0,2,0
18661,2,4,2
18662,2,4,2
18663,2,4,2
18664,2,4,2
18665,0,2,0
18666,2,4,2
18667,0,2,0
18668,0,2,0
18669,0,2,0
18670,0,2,0
18671,0,2,0
18672,0,2,0
18673,0,2,0
18674,0,2,0
18675,0,2,0
18676,0,2,0
18677,0,2,0
18678,0,2,0
18679,2,4,2
18680,2,4,2
18681,0,2,0
18682,0,2,0
18683,0,2,0
18684,0,2,0
18685,0,2,0
18686,0,2,0
18687,0,2,0
18688,2,4,2
18689,0,2,0
18690,0,2,0
18691,2,4,2
18692,0,2,0
18693,0,2,0
18694,0,2,0
18695,1,2,0
18696,1,2,0
18697,2,4,2
18698,0,2,0
18699,0,2,0
18700,0,2,0
18701,0,2,0
18702,0,2,0
18703,0,2,0
18704,0,2,0
18705,2,4,2
18706,2,4,2
18707,2,4,2
18708,0,2,0
18709,0,2,0
18710,0,2,0
18711,0,2,0
18712,3,0,3
18713,0,2,0
18714,0,2,0
18715,0,2,0
18716,0,2,0
18717,0,2,0
18718,0,2,0
18719,0,2,0
18720,2,4,2
18721,0,2,0
18722,0,2,0
18723,0,2,0
18724,0,2,0
18725,2,4,2
18726,2,4,2
18727,0,2,0
18728,2,4,2
18729,2,4,2
18730,2,4,2
18731,2,4,2
18732,0,2,0
18733,2,4,2
18734,2,4,2
18735,2,4,2
18736,3,0,3
18737,0,2,0
18738,0,2,0
18739,0,2,0
18740,2,4,2
18741,0,2,0
18742,0,2,0
18743,0,2,0
18744,0,2,0
18745,0,2,0
18746,2,4,2
18747,1,2,0
18748,2,4,2
18749,0,2,0
18750,0,2,0
18751,0,2,0
18752,0,2,0
18753,2,4,2
18754,0,2,0
18755,0,2,0
18756,1,2,0
18757,0,2,0
18758,0,2,0
18759,2,4,2
18760,2,4,2
18761,0,2,0
18762,2,4,2
18763,2,4,2
18764,0,2,0
18765,2,4,2
18766,0,2,0
18767,2,4,2
18768,0,2,0
18769,0,2,0
18770,0,2,0
18771,2,4,2
18772,2,4,2
18773,0,2,0
18774,0,2,0
18775,2,4,2
18776,2,4,2
18777,2,4,2
18778,0,2,0
18779,2,4,2
18780,2,4,2
18781,0,2,0
18782,0,2,0
18783,2,4,2
18784,2,4,2
18785,2,4,2
18786,0,2,0
18787,2,4,2
18788,0,2,0
18789,0,2,0
18790,2,4,2
18791,2,4,2
18792,0,2,0
18793,0,2,0
18794,0,2,0
18795,2,4,2
18796,0,2,0
18797,3,0,3
18798,0,2,0
18799,0,2,0
18800,2,4,2
18801,0,2,0
18802,0,2,0
18803,0,2,0
18804,0,2,0
18805,2,4,2
18806,0,2,0
18807,2,4,2
18808,0,2,0
18809,2,4,2
18810,0,2,0
18811,0,2,0
18812,2,4,2
18813,2,4,2
18814,0,2,0
18815,0,2,0
18816,0,2,0
18817,0,2,0
18818,0,2,0
18819,3,0,3
18820,0,2,0
18821,0,2,0
18822,0,2,0
18823,0,2,0
18824,0,2,0
18825,0,2,0
18826,0,2,0
18827,0,2,0
18828,0,2,0
18829,0,2,0
18830,0,2,0
18831,0,2,0
18832,2,4,2
18833,0,2,0
18834,0,2,0
18835,0,2,0
18836,0,2,0
18837,2,4,2
18838,0,2,0
18839,0,2,0
18840,0,2,0
18841,1,2,0
18842,0,2,0
18843,0,2,0
18844,0,2,0
18845,0,2,0
18846,2,4,2
18847,0,2,0
18848,2,4,2
18849,2,4,2
18850,0,2,0
18851,0,2,0
18852,1,2,0
18853,0,2,0
18854,0,2,0
18855,0,2,0
18856,0,2,0
18857,0,2,0
18858,0,2,0
18859,0,2,0
18860,0,2,0
18861,0,2,0
18862,0,2,0
18863,0,2,0
18864,0,2,0
18865,0,2,0
18866,0,2,0
18867,0,2,0
18868,2,4,2
18869,0,2,0
18870,0,2,0
18871,2,4,2
18872,2,4,2
18873,0,2,0
18874,2,4,2
18875,0,2,0
18876,0,2,0
18877,2,4,2
18878,0,2,0
18879,0,2,0
18880,0,2,0
18881,2,4,2
18882,0,2,0
18883,0,2,0
18884,3,0,3
18885,3,0,3
18886,0,2,0
18887,2,4,2
18888,0,2,0
18889,0,2,0
18890,0,2,0
18891,0,2,0
18892,2,4,2
18893,0,2,0
18894,2,4,2
18895,0,2,0
18896,2,4,2
18897,0,2,0
18898,0,2,0
18899,2,4,2
18900,0,2,0
18901,0,2,0
18902,0,2,0
18903,0,2,0
18904,0,2,0
18905,2,4,2
18906,0,2,0
18907,0,2,0
18908,0,2,0
18909,2,4,2
18910,0,2,0
18911,0,2,0
18912,0,2,0
18913,2,4,2
18914,0,2,0
18915,2,4,2
18916,2,4,2
18917,0,2,0
18918,2,4,2
18919,0,2,0
18920,0,2,0
18921,2,4,2
18922,2,4,2
18923,0,2,0
18924,0,2,0
18925,2,4,2
18926,1,2,0
18927,1,2,0
18928,1,2,0
18929,0,2,0
18930,0,2,0
18931,0,2,0
18932,0,2,0
18933,1,2,0
18934,3,0,3
18935,0,2,0
18936,0,2,0
18937,2,4,2
18938,1,2,0
18939,2,4,2
18940,2,4,2
18941,0,2,0
18942,0,2,0
18943,0,2,0
18944,0,2,0
18945,0,2,0
18946,3,0,3
18947,2,4,2
18948,0,2,0
18949,0,2,0
18950,0,2,0
18951,0,2,0
18952,0,2,0
18953,0,2,0
18954,0,2,0
18955,0,2,0
18956,0,2,0
18957,0,2,0
18958,2,4,2
18959,0,2,0
18960,0,2,0
18961,0,2,0
18962,0,2,0
18963,0,2,0
18964,2,4,2
18965,0,2,0
18966,2,4,2
18967,2,4,2
18968,0,2,0
18969,0,2,0
18970,2,4,2
18971,2,4,2
18972,2,4,2
18973,3,0,3
18974,0,2,0
18975,0,2,0
18976,0,2,0
18977,0,2,0
18978,0,2,0
18979,0,2,0
18980,1,2,0
18981,0,2,0
18982,3,0,3
18983,0,2,0
18984,0,2,0
18985,1,2,0
18986,0,2,0
18987,2,4,2
18988,2,4,2
18989,0,2,0
18990,0,2,0
18991,0,2,0
18992,0,2,0
18993,0,2,0
18994,0,2,0
18995,0,2,0
18996,0,2,0
18997,0,2,0
18998,0,2,0
18999,0,2,0
19000,2,4,2
19001,0,2,0
19002,0,2,0
19003,0,2,0
19004,0,2,0
19005,1,2,0
19006,2,4,2
19007,2,4,2
19008,0,2,0
19009,0,2,0
19010,2,4,2
19011,0,2,0
19012,0,2,0
19013,2,4,2
19014,0,2,0
19015,1,2,0
19016,0,2,0
19017,0,2,0
19018,0,2,0
19019,0,2,0
19020,0,2,0
19021,0,2,0
19022,0,2,0
19023,2,4,2
19024,0,2,0
19025,0,2,0
19026,0,2,0
19027,0,2,0
19028,0,2,0
19029,0,2,0
19030,2,4,2
19031,0,2,0
19032,0,2,0
19033,0,2,0
19034,0,2,0
19035,0,2,0
19036,0,2,0
19037,0,2,0
19038,0,2,0
19039,0,2,0
19040,0,2,0
19041,2,4,2
19042,0,2,0
19043,0,2,0
19044,0,2,0
19045,0,2,0
19046,2,4,2
19047,2,4,2
19048,0,2,0
19049,0,2,0
19050,0,2,0
19051,0,2,0
19052,2,4,2
19053,0,2,0
19054,0,2,0
19055,0,2,0
19056,2,4,2
19057,0,2,0
19058,0,2,0
19059,0,2,0
19060,0,2,0
19061,0,2,0
19062,0,2,0
19063,0,2,0
19064,2,4,2
19065,2,4,2
19066,0,2,0
19067,0,2,0
19068,2,4,2
19069,2,4,2
19070,3,3,4
19071,4,3,4
19072,2,4,2
19073,3,3,4
19074,2,4,2
19075,3,3,4
19076,5,5,5
19077,3,3,4
19078,2,4,2
19079,3,3,4
19080,3,3,4
19081,5,5,5
19082,2,4,2
19083,3,3,4
19084,3,3,4
19085,5,5,5
19086,5,5,5
19087,3,3,4
19088,3,3,4
19089,4,3,4
19090,3,3,4
19091,3,3,4
19092,3,3,4
19093,3,3,4
19094,2,4,2
19095,5,5,5
19096,2,4,2
19097,2,4,2
19098,2,4,2
19099,3,3,4
19100,4,3,4
19101,3,3,4
19102,3,0,3
19103,2,4,2
19104,5,5,5
19105,5,5,5
19106,5,5,5
19107,5,5,5
19108,3,3,4
19109,3,3,4
19110,3,3,4
19111,3,3,4
19112,3,3,4
19113,3,3,4
19114,3,3,4
19115,3,3,4
19116,3,3,4
19117,2,4,2
19118,3,3,4
19119,5,5,5
19120,2,4,2
19121,3,3,4
19122,4,3,4
19123,3,3,4
19124,3,3,4
19125,3,3,4
19126,2,4,2
19127,4,3,4
19128,3,3,4
19129,3,3,4
19130,3,3,4
19131,3,3,4
19132,3,3,4
19133,2,4,2
19134,4,3,4
19135,5,5,5
19136,2,4,2
19137,5,5,5
19138,3,3,4
19139,5,5,5
19140,3,3,4
19141,3,3,4
19142,5,5,5
19143,5,5,5
19144,3,3,4
19145,3,3,4
19146,3,3,4
19147,4,3,4
19148,3,3,4
19149,5,5,5
19150,4,3,4
19151,5,5,5
19152,3,3,4
19153,3,3,4
19154,3,3,4
19155,4,3,4
19156,3,3,4
19157,2,4,2
19158,3,3,4
19159,3,3,4
19160,4,3,4
19161,3,3,4
19162,2,4,2
19163,2,4,2
19164,5,5,5
19165,4,3,4
19166,2,4,2
19167,2,4,2
19168,4,3,4
19169,3,3,4
19170,3,3,4
19171,2,4,2
19172,3,3,4
19173,3,3,4
19174,5,5,5
19175,3,3,4
19176,2,4,2
19177,3,3,4
19178,3,3,4
19179,3,3,4
19180,3,3,4
19181,3,3,4
19182,2,4,2
19183,3,3,4
19184,2,4,2
19185,3,3,4
19186,3,3,4
19187,4,3,4
19188,5,5,5
19189,3,3,4
19190,3,3,4
19191,3,3,4
19192,4,3,4
19193,4,3,4
19194,2,4,2
19195,2,4,2
19196,3,3,4
19197,3,3,4
19198,5,5,5
19199,2,4,2
19200,2,4,2
19201,3,3,4
19202,5,5,5
19203,4,3,4
19204,5,5,5
19205,4,3,4
19206,4,3,4
19207,3,3,4
19208,2,4,2
19209,3,3,4
19210,3,3,4
19211,3,3,4
19212,2,4,2
19213,3,3,4
19214,5,5,5
19215,3,3,4
19216,2,4,2
19217,2,4,2
19218,2,4,2
19219,2,4,2
19220,3,3,4
19221,3,3,4
19222,3,3,4
19223,4,3,4
19224,2,4,2
19225,3,3,4
19226,2,4,2
19227,4,3,4
19228,2,4,2
19229,2,4,2
19230,2,4,2
19231,2,4,2
19232,3,3,4
19233,3,3,4
19234,3,3,4
19235,4,3,4
19236,3,3,4
19237,5,5,5
19238,4,3,4
19239,3,3,4
19240,2,4,2
19241,5,5,5
19242,2,4,2
19243,2,4,2
19244,3,3,4
19245,5,5,5
19246,3,3,4
19247,3,3,4
19248,3,3,4
19249,4,3,4
19250,5,5,5
19251,3,3,4
19252,2,4,2
19253,3,3,4
19254,5,5,5
19255,3,3,4
19256,4,3,4
19257,3,3,4
19258,3,3,4
19259,4,3,4
19260,2,4,2
19261,5,5,5
19262,4,3,4
19263,3,3,4
19264,4,3,4
19265,3,3,4
19266,3,3,4
19267,4,3,4
19268,3,3,4
19269,4,3,4
19270,2,4,2
19271,2,4,2
19272,5,5,5
19273,2,4,2
19274,2,4,2
19275,2,4,2
19276,5,5,5
19277,5,5,5
19278,5,5,5
19279,3,3,4
19280,3,3,4
19281,3,3,4
19282,4,3,4
19283,3,3,4
19284,5,5,5
19285,3,3,4
19286,2,4,2
19287,5,5,5
19288,5,5,5
19289,5,5,5
19290,5,5,5
19291,2,4,2
19292,4,3,4
19293,2,4,2
19294,2,4,2
19295,4,3,4
19296,2,4,2
19297,4,3,4
19298,2,4,2
19299,2,4,2
19300,3,3,4
19301,2,4,2
19302,3,3,4
19303,3,3,4
19304,5,5,5
19305,2,4,2
19306,5,5,5
19307,4,3,4
19308,3,3,4
19309,3,3,4
19310,4,3,4
19311,3,3,4
19312,2,4,2
19313,3,3,4
19314,5,5,5
19315,3,3,4
19316,2,4,2
19317,3,3,4
19318,3,3,4
19319,3,3,4
19320,3,3,4
19321,3,3,4
19322,2,4,2
19323,3,3,4
19324,5,5,5
19325,4,3,4
19326,2,4,2
19327,3,3,4
19328,3,3,4
19329,2,4,2
19330,3,3,4
19331,3,3,4
19332,3,3,4
19333,3,3,4
19334,5,5,5
19335,4,3,4
19336,2,4,2
19337,3,3,4
19338,5,5,5
19339,2,4,2
19340,3,3,4
19341,3,3,4
19342,3,3,4
19343,3,3,4
19344,5,5,5
19345,3,3,4
19346,3,3,4
19347,5,5,5
19348,5,5,5
19349,2,4,2
19350,3,3,4
19351,3,3,4
19352,3,3,4
19353,5,5,5
19354,3,3,4
19355,3,3,4
19356,3,3,4
19357,4,3,4
19358,5,5,5
19359,3,3,4
19360,5,5,5
19361,2,4,2
19362,5,5,5
19363,3,3,4
19364,4,3,4
19365,5,5,5
19366,3,3,4
19367,2,4,2
19368,4,3,4
19369,4,3,4
19370,3,3,4
19371,4,3,4
19372,3,3,4
19373,3,3,4
19374,3,3,4
19375,5,5,5
19376,2,4,2
19377,4,3,4
19378,3,3,4
19379,3,3,4
19380,3,3,4
19381,2,4,2
19382,3,3,4
19383,2,4,2
19384,2,4,2
19385,3,3,4
19386,2,4,2
19387,2,4,2
19388,3,3,4
19389,2,4,2
19390,3,3,4
19391,2,4,2
19392,4,3,4
19393,5,5,5
19394,2,4,2
19395,3,3,4
19396,3,3,4
19397,3,3,4
19398,5,5,5
19399,3,3,4
19400,5,5,5
19401,5,5,5
19402,4,3,4
19403,4,3,4
19404,3,3,4
19405,3,3,4
19406,3,3,4
19407,3,3,4
19408,2,4,2
19409,2,4,2
19410,5,5,5
19411,2,4,2
19412,5,5,5
19413,3,3,4
19414,4,3,4
19415,5,5,5
19416,3,3,4
19417,5,5,5
19418,3,3,4
19419,3,3,4
19420,3,3,4
19421,2,4,2
19422,2,4,2
19423,3,3,4
19424,4,3,4
19425,2,4,2
19426,3,3,4
19427,2,4,2
19428,5,5,5
19429,3,3,4
19430,2,4,2
19431,5,5,5
19432,2,4,2
19433,2,4,2
19434,2,4,2
19435,2,4,2
19436,3,3,4
19437,4,3,4
19438,2,4,2
19439,3,3,4
19440,4,3,4
19441,3,3,4
19442,3,3,4
19443,2,4,2
19444,3,3,4
19445,2,4,2
19446,3,3,4
19447,2,4,2
19448,3,3,4
19449,3,3,4
19450,3,3,4
19451,5,5,5
19452,3,3,4
19453,2,4,2
19454,3,3,4
19455,5,5,5
19456,4,3,4
19457,5,5,5
19458,3,3,4
19459,3,3,4
19460,3,3,4
19461,2,4,2
19462,2,4,2
19463,3,3,4
19464,3,3,4
19465,3,3,4
19466,3,3,4
19467,2,4,2
19468,3,3,4
19469,3,3,4
19470,3,3,4
19471,3,3,4
19472,2,4,2
19473,3,3,4
19474,2,4,2
19475,3,3,4
19476,3,0,3
19477,2,4,2
19478,2,4,2
19479,3,3,4
19480,3,3,4
19481,3,3,4
19482,3,3,4
19483,3,3,4
19484,2,4,2
19485,3,3,4
19486,3,3,4
19487,3,3,4
19488,3,3,4
19489,3,3,4
19490,2,4,2
19491,2,4,2
19492,4,3,4
19493,4,3,4
19494,2,4,2
19495,4,3,4
19496,2,4,2
19497,3,3,4
19498,3,3,4
19499,3,3,4
19500,5,5,5
19501,5,5,5
19502,3,3,4
19503,3,3,4
19504,3,3,4
19505,4,3,4
19506,3,3,4
19507,3,3,4
19508,3,3,4
19509,4,3,4
19510,3,3,4
19511,2,4,2
19512,2,4,2
19513,2,4,2
19514,2,4,2
19515,3,3,4
19516,3,3,4
19517,3,3,4
19518,2,4,2
19519,2,4,2
19520,4,3,4
19521,5,5,5
19522,3,3,4
19523,3,3,4
19524,3,3,4
19525,2,4,2
19526,5,5,5
19527,2,4,2
19528,5,5,5
19529,3,3,4
19530,2,4,2
19531,2,4,2
19532,3,3,4
19533,5,5,5
19534,2,4,2
19535,3,3,4
19536,3,3,4
19537,2,4,2
19538,3,3,4
19539,2,4,2
19540,3,3,4
19541,2,4,2
19542,4,3,4
19543,2,4,2
19544,2,4,2
19545,4,3,4
19546,5,5,5
19547,3,3,4
19548,3,3,4
19549,2,4,2
19550,2,4,2
19551,3,3,4
19552,5,5,5
19553,2,4,2
19554,3,3,4
19555,4,3,4
19556,3,3,4
19557,2,4,2
19558,3,3,4
19559,2,4,2
19560,2,4,2
19561,2,4,2
19562,3,3,4
19563,2,4,2
19564,3,3,4
19565,5,5,5
19566,2,4,2
19567,3,3,4
19568,4,3,4
19569,3,3,4
19570,2,4,2
19571,3,3,4
19572,5,5,5
19573,3,3,4
19574,2,4,2
19575,3,3,4
19576,5,5,5
19577,4,3,4
19578,4,3,4
19579,3,3,4
19580,4,3,4
19581,3,3,4
19582,3,3,4
19583,3,3,4
19584,3,3,4
19585,3,3,4
19586,2,4,2
19587,2,4,2
19588,3,3,4
19589,2,4,2
19590,5,5,5
19591,5,5,5
19592,2,4,2
19593,3,3,4
19594,3,3,4
19595,3,3,4
19596,3,3,4
19597,4,3,4
19598,3,3,4
19599,3,3,4
19600,3,3,4
19601,5,5,5
19602,2,4,2
19603,3,3,4
19604,5,5,5
19605,3,3,4
19606,4,3,4
19607,3,3,4
19608,3,3,4
19609,3,3,4
19610,3,0,3
19611,3,3,4
19612,4,3,4
19613,2,4,2
19614,4,3,4
19615,3,3,4
19616,5,5,5
19617,5,5,5
19618,2,4,2
19619,3,3,4
19620,2,4,2
19621,5,5,5
19622,3,3,4
19623,3,3,4
19624,5,5,5
19625,5,5,5
19626,3,3,4
19627,5,5,5
19628,5,5,5
19629,2,4,2
19630,4,3,4
19631,2,4,2
19632,5,5,5
19633,3,3,4
19634,5,5,5
19635,5,5,5
19636,3,3,4
19637,3,3,4
19638,4,3,4
19639,2,4,2
19640,5,5,5
19641,3,3,4
19642,3,3,4
19643,3,3,4
19644,3,3,4
19645,5,5,5
19646,2,4,2
19647,3,3,4
19648,3,3,4
19649,3,3,4
19650,2,4,2
19651,4,3,4
19652,3,3,4
19653,3,3,4
19654,3,3,4
19655,5,5,5
19656,5,5,5
19657,2,4,2
19658,2,4,2
19659,3,3,4
19660,3,3,4
19661,2,4,2
19662,4,3,4
19663,5,5,5
19664,3,3,4
19665,3,3,4
19666,5,5,5
19667,3,3,4
19668,2,4,2
19669,2,4,2
19670,3,3,4
19671,5,5,5
19672,5,5,5
19673,3,3,4
19674,3,3,4
19675,5,5,5
19676,3,3,4
19677,3,3,4
19678,2,4,2
19679,4,3,4
19680,3,3,4
19681,3,3,4
19682,4,3,4
19683,3,3,4
19684,3,3,4
19685,3,3,4
19686,2,4,2
19687,3,3,4
19688,2,4,2
19689,4,3,4
19690,2,4,2
19691,3,3,4
19692,3,3,4
19693,5,5,5
19694,3,3,4
19695,2,4,2
19696,3,3,4
19697,5,5,5
19698,3,3,4
19699,2,4,2
19700,4,3,4
19701,3,3,4
19702,3,3,4
19703,3,3,4
19704,3,3,4
19705,3,3,4
19706,3,3,4
19707,3,3,4
19708,4,3,4
19709,2,4,2
19710,3,3,4
19711,3,3,4
19712,3,3,4
19713,3,3,4
19714,4,3,4
19715,3,3,4
19716,3,3,4
19717,2,4,2
19718,4,3,4
19719,3,3,4
19720,2,4,2
19721,4,3,4
19722,3,3,4
19723,4,3,4
19724,5,5,5
19725,3,3,4
19726,3,3,4
19727,2,4,2
19728,5,5,5
19729,2,4,2
19730,2,4,2
19731,3,3,4
19732,3,3,4
19733,3,3,4
19734,2,4,2
19735,3,3,4
19736,5,5,5
19737,2,4,2
19738,3,3,4
19739,5,5,5
19740,3,3,4
19741,4,3,4
19742,4,3,4
19743,3,3,4
19744,2,4,2
19745,3,3,4
19746,2,4,2
19747,5,5,5
19748,5,5,5
19749,3,3,4
19750,3,3,4
19751,3,3,4
19752,3,3,4
19753,2,4,2
19754,4,3,4
19755,5,5,5
19756,3,3,4
19757,2,4,2
19758,4,3,4
19759,3,3,4
19760,5,5,5
19761,4,3,4
19762,2,4,2
19763,2,4,2
19764,2,4,2
19765,2,4,2
19766,3,3,4
19767,5,5,5
19768,2,4,2
19769,5,5,5
19770,2,4,2
19771,5,5,5
19772,4,3,4
19773,3,3,4
19774,4,3,4
19775,3,3,4
19776,2,4,2
19777,3,3,4
19778,3,3,4
19779,5,5,5
19780,2,4,2
19781,5,5,5
19782,2,4,2
19783,2,4,2
19784,3,3,4
19785,2,4,2
19786,5,5,5
19787,3,3,4
19788,5,5,5
19789,2,4,2
19790,5,5,5
19791,3,3,4
19792,2,4,2
19793,3,3,4
19794,3,3,4
19795,3,3,4
19796,3,3,4
19797,3,3,4
19798,3,3,4
19799,5,5,5
19800,2,4,2
19801,2,4,2
19802,4,3,4
19803,2,4,2
19804,5,5,5
19805,2,4,2
19806,5,5,5
19807,3,3,4
19808,5,5,5
19809,3,3,4
19810,3,3,4
19811,4,3,4
19812,3,3,4
19813,3,3,4
19814,2,4,2
19815,5,5,5
19816,3,3,4
19817,2,4,2
19818,3,3,4
19819,2,4,2
19820,2,4,2
19821,3,3,4
19822,3,3,4
19823,4,3,4
19824,2,4,2
19825,3,3,4
19826,5,5,5
19827,3,3,4
19828,5,5,5
19829,5,5,5
19830,3,3,4
19831,4,3,4
19832,5,5,5
19833,2,4,2
19834,3,3,4
19835,5,5,5
19836,2,4,2
19837,5,5,5
19838,3,3,4
19839,3,3,4
19840,2,4,2
19841,2,4,2
19842,3,3,4
19843,3,3,4
19844,5,5,5
19845,4,3,4
19846,4,3,4
19847,2,4,2
19848,3,3,4
19849,5,5,5
19850,5,5,5
19851,3,3,4
19852,2,4,2
19853,3,3,4
19854,3,3,4
19855,4,3,4
19856,3,3,4
19857,2,4,2
19858,2,4,2
19859,3,3,4
19860,5,5,5
19861,3,3,4
19862,5,5,5
19863,5,5,5
19864,3,3,4
19865,5,5,5
19866,2,4,2
19867,2,4,2
19868,3,3,4
19869,3,3,4
19870,4,3,4
19871,3,3,4
19872,4,3,4
19873,4,3,4
19874,3,3,4
19875,3,3,4
19876,2,4,2
19877,5,5,5
19878,3,3,4
19879,3,3,4
19880,3,3,4
19881,3,3,4
19882,3,3,4
19883,5,5,5
19884,5,5,5
19885,5,5,5
19886,3,3,4
19887,5,5,5
19888,5,5,5
19889,2,4,2
19890,3,3,4
19891,2,4,2
19892,2,4,2
19893,2,4,2
19894,3,3,4
19895,3,3,4
19896,3,3,4
19897,3,3,4
19898,2,4,2
19899,5,5,5
19900,3,3,4
19901,4,3,4
19902,5,5,5
19903,2,4,2
19904,2,4,2
19905,3,3,4
19906,5,5,5
19907,2,4,2
19908,3,3,4
19909,4,3,4
19910,3,3,4
19911,5,5,5
19912,2,4,2
19913,2,4,2
19914,3,3,4
19915,2,4,2
19916,3,3,4
19917,2,4,2
19918,2,4,2
19919,4,3,4
19920,3,3,4
19921,3,3,4
19922,4,3,4
19923,5,5,5
19924,3,3,4
19925,2,4,2
19926,5,5,5
19927,3,3,4
19928,3,3,4
19929,2,4,2
19930,3,3,4
19931,4,3,4
19932,4,3,4
19933,5,5,5
19934,3,3,4
19935,3,3,4
19936,2,4,2
19937,2,4,2
19938,5,5,5
19939,3,3,4
19940,2,4,2
19941,3,3,4
19942,3,3,4
19943,2,4,2
19944,4,3,4
19945,2,4,2
19946,5,5,5
19947,3,3,4
19948,3,3,4
19949,3,3,4
19950,4,3,4
19951,2,4,2
19952,4,3,4
19953,3,3,4
19954,3,3,4
19955,3,3,4
19956,3,3,4
19957,2,4,2
19958,2,4,2
19959,4,3,4
19960,5,5,5
19961,4,3,4
19962,3,3,4
19963,5,5,5
19964,3,3,4
19965,2,4,2
19966,3,3,4
19967,2,4,2
19968,2,4,2
19969,5,5,5
19970,3,3,4
19971,2,4,2
19972,3,3,4
19973,2,4,2
19974,3,3,4
19975,5,5,5
19976,3,3,4
19977,2,4,2
19978,2,4,2
19979,2,4,2
19980,3,3,4
19981,3,3,4
19982,4,3,4
19983,5,5,5
19984,5,5,5
19985,3,3,4
19986,3,3,4
19987,2,4,2
19988,2,3,4
19989,3,3,4
19990,3,3,4
19991,5,5,5
19992,3,3,4
19993,3,3,4
19994,2,4,2
19995,3,3,4
19996,2,4,2
19997,3,3,4
19998,5,5,5
19999,4,3,4
20000,4,3,4
20001,4,3,4
20002,4,3,4
20003,3,3,4
20004,2,4,2
20005,3,3,4
20006,2,4,2
20007,3,3,4
20008,5,5,5
20009,3,3,4
20010,3,3,4
20011,5,5,5
20012,3,3,4
20013,2,4,2
20014,3,3,4
20015,3,3,4
20016,3,3,4
20017,4,3,4
20018,3,3,4
20019,3,3,4
20020,3,3,4
20021,5,5,5
20022,2,4,2
20023,2,4,2
20024,5,5,5
20025,5,5,5
20026,2,4,2
20027,3,3,4
20028,3,3,4
20029,3,3,4
20030,5,5,5
20031,3,3,4
20032,4,3,4
20033,3,3,4
20034,2,4,2
20035,4,3,4
20036,2,4,2
20037,2,4,2
20038,3,3,4
20039,2,4,2
20040,5,5,5
20041,3,3,4
20042,3,3,4
20043,3,3,4
20044,2,4,2
20045,5,5,5
20046,3,3,4
20047,3,3,4
20048,2,4,2
20049,3,3,4
20050,3,3,4
20051,3,3,4
20052,2,4,2
20053,2,4,2
20054,4,3,4
20055,3,3,4
20056,3,3,4
20057,5,5,5
20058,3,3,4
20059,3,3,4
20060,3,3,4
20061,3,3,4
20062,3,3,4
20063,2,4,2
20064,4,3,4
20065,4,3,4
20066,4,3,4
20067,4,3,4
20068,3,3,4
20069,3,3,4
20070,3,3,4
20071,2,4,2
20072,5,5,5
20073,3,3,4
20074,4,3,4
20075,3,3,4
20076,2,4,2
20077,3,3,4
20078,3,3,4
20079,3,3,4
20080,2,3,4
20081,3,3,4
20082,3,3,4
20083,4,3,4
20084,5,5,5
20085,3,3,4
20086,3,3,4
20087,5,5,5
20088,5,5,5
20089,2,4,2
20090,4,3,4
20091,3,3,4
20092,2,4,2
20093,4,3,4
20094,4,3,4
20095,2,4,2
20096,4,3,4
20097,5,5,5
20098,3,3,4
20099,3,3,4
20100,2,4,2
20101,3,3,4
20102,5,5,5
20103,3,3,4
20104,5,5,5
20105,3,3,4
20106,3,3,4
20107,3,3,4
20108,3,3,4
20109,3,3,4
20110,5,5,5
20111,3,0,3
20112,3,3,4
20113,4,3,4
20114,3,3,4
20115,4,3,4
20116,2,4,2
20117,2,4,2
20118,2,4,2
20119,3,3,4
20120,3,3,4
20121,5,5,5
20122,3,3,4
20123,2,4,2
20124,2,4,2
20125,3,3,4
20126,3,3,4
20127,4,3,4
20128,4,3,4
20129,3,3,4
20130,5,5,5
20131,3,3,4
20132,3,3,4
20133,4,3,4
20134,3,3,4
20135,3,3,4
20136,2,4,2
20137,3,3,4
20138,3,3,4
20139,4,3,4
20140,3,3,4
20141,2,4,2
20142,4,3,4
20143,2,4,2
20144,3,3,4
20145,3,3,4
20146,3,3,4
20147,2,4,2
20148,3,3,4
20149,5,5,5
20150,5,5,5
20151,3,3,4
20152,2,4,2
20153,2,4,2
20154,3,3,4
20155,3,3,4
20156,4,3,4
20157,2,4,2
20158,3,3,4
20159,3,3,4
20160,5,5,5
20161,3,3,4
20162,2,4,2
20163,2,4,2
20164,3,3,4
20165,4,3,4
20166,5,5,5
20167,3,3,4
20168,3,3,4
20169,2,4,2
20170,2,4,2
20171,3,3,4
20172,3,3,4
20173,2,4,2
20174,3,3,4
20175,3,3,4
20176,4,3,4
20177,2,4,2
20178,3,3,4
20179,3,3,4
20180,3,3,4
20181,3,3,4
20182,3,3,4
20183,3,3,4
20184,3,3,4
20185,3,3,4
20186,5,5,5
20187,5,5,5
20188,2,4,2
20189,2,4,2
20190,3,3,4
20191,3,3,4
20192,2,4,2
20193,2,4,2
20194,2,4,2
20195,3,3,4
20196,4,3,4
20197,3,3,4
20198,3,3,4
20199,3,3,4
20200,5,5,5
20201,3,3,4
20202,4,3,4
20203,3,3,4
20204,3,3,4
20205,2,4,2
20206,3,3,4
20207,3,3,4
20208,4,3,4
20209,3,3,4
20210,5,5,5
20211,2,4,2
20212,3,3,4
20213,4,3,4
20214,3,3,4
20215,2,4,2
20216,3,3,4
20217,3,3,4
20218,5,5,5
20219,3,3,4
20220,5,5,5
20221,3,3,4
20222,5,5,5
20223,2,4,2
20224,5,5,5
20225,2,4,2
20226,3,3,4
20227,4,3,4
20228,3,3,4
20229,3,3,4
20230,3,3,4
20231,4,3,4
20232,4,3,4
20233,3,3,4
20234,3,3,4
20235,4,3,4
20236,4,3,4
20237,5,5,5
20238,3,3,4
20239,2,4,2
20240,3,3,4
20241,2,4,2
20242,2,4,2
20243,2,4,2
20244,3,3,4
20245,3,3,4
20246,3,3,4
20247,2,4,2
20248,2,4,2
20249,3,3,4
20250,4,3,4
20251,3,3,4
20252,5,5,5
20253,3,3,4
20254,5,5,5
20255,3,3,4
20256,3,3,4
20257,3,3,4
20258,2,4,2
20259,2,4,2
20260,2,4,2
20261,3,3,4
20262,3,3,4
20263,3,3,4
20264,3,3,4
20265,2,4,2
20266,5,5,5
20267,3,3,4
20268,3,3,4
20269,3,3,4
20270,5,5,5
20271,3,3,4
20272,3,3,4
20273,4,3,4
20274,5,5,5
20275,3,3,4
20276,3,3,4
20277,5,5,5
20278,4,3,4
20279,5,5,5
20280,2,4,2
20281,5,5,5
20282,3,3,4
20283,5,5,5
20284,3,3,4
20285,4,3,4
20286,3,3,4
20287,5,5,5
20288,4,3,4
20289,3,3,4
20290,5,5,5
20291,3,3,4
20292,4,3,4
20293,3,3,4
20294,3,3,4
20295,5,5,5
20296,2,4,2
20297,3,3,4
20298,5,5,5
20299,3,3,4
20300,5,5,5
20301,2,4,2
20302,3,3,4
20303,2,4,2
20304,3,3,4
20305,5,5,5
20306,2,4,2
20307,3,3,4
20308,2,4,2
20309,4,3,4
20310,2,4,2
20311,3,3,4
20312,2,4,2
20313,3,3,4
20314,2,4,2
20315,3,3,4
20316,3,3,4
20317,2,4,2
20318,3,3,4
20319,3,3,4
20320,2,4,2
20321,3,3,4
20322,2,4,2
20323,3,3,4
20324,2,4,2
20325,5,5,5
20326,5,5,5
20327,3,3,4
20328,3,3,4
20329,3,3,4
20330,3,3,4
20331,3,3,4
20332,3,3,4
20333,2,4,2
20334,3,3,4
20335,3,3,4
20336,3,3,4
20337,3,3,4
20338,5,5,5
20339,5,5,5
20340,3,3,4
20341,2,4,2
20342,2,4,2
20343,4,3,4
20344,3,3,4
20345,2,4,2
20346,2,4,2
20347,2,4,2
20348,5,5,5
20349,4,3,4
20350,2,4,2
20351,3,3,4
20352,2,4,2
20353,2,4,2
20354,3,3,4
20355,5,5,5
20356,4,3,4
20357,5,5,5
20358,5,5,5
20359,3,3,4
20360,3,3,4
20361,3,3,4
20362,3,3,4
20363,3,3,4
20364,3,3,4
20365,3,3,4
20366,3,3,4
20367,2,4,2
20368,4,3,4
20369,5,5,5
20370,3,3,4
20371,5,5,5
20372,5,5,5
20373,3,3,4
20374,5,5,5
20375,4,3,4
20376,4,3,4
20377,2,4,2
20378,2,4,2
20379,2,4,2
20380,2,4,2
20381,3,3,4
20382,3,3,4
20383,3,3,4
20384,4,3,4
20385,3,3,4
20386,3,3,4
20387,3,3,4
20388,3,3,4
20389,3,3,4
20390,4,3,4
20391,2,4,2
20392,2,4,2
20393,2,4,2
20394,2,4,2
20395,4,3,4
20396,5,5,5
20397,3,3,4
20398,5,5,5
20399,3,3,4
20400,3,3,4
20401,2,4,2
20402,5,5,5
20403,3,3,4
20404,2,4,2
20405,3,3,4
20406,3,3,4
20407,2,4,2
20408,4,3,4
20409,4,3,4
20410,3,3,4
20411,3,3,4
20412,2,4,2
20413,5,5,5
20414,3,3,4
20415,3,3,4
20416,4,3,4
20417,2,4,2
20418,3,3,4
20419,5,5,5
20420,3,3,4
20421,2,4,2
20422,3,3,4
20423,2,4,2
20424,3,3,4
20425,3,3,4
20426,3,3,4
20427,3,3,4
20428,3,3,4
20429,4,3,4
20430,3,3,4
20431,3,3,4
20432,3,3,4
20433,3,3,4
20434,2,4,2
20435,2,4,2
20436,3,3,4
20437,3,3,4
20438,4,5,5
20439,3,3,4
20440,3,3,4
20441,2,4,2
20442,5,5,5
20443,3,3,4
20444,3,3,4
20445,3,3,4
20446,5,5,5
20447,5,5,5
20448,2,4,2
20449,3,3,4
20450,2,4,2
20451,3,3,4
20452,2,4,2
20453,3,3,4
20454,3,3,4
20455,2,4,2
20456,3,3,4
20457,3,3,4
20458,4,3,4
20459,3,3,4
20460,3,3,4
20461,5,3,4
20462,3,3,4
20463,5,5,5
20464,3,3,4
20465,3,3,4
20466,2,4,2
20467,5,5,5
20468,3,3,4
20469,3,3,4
20470,2,4,2
20471,4,3,4
20472,5,5,5
20473,3,3,4
20474,3,3,4
20475,2,4,2
20476,2,4,2
20477,4,3,4
20478,3,3,4
20479,3,3,4
20480,3,3,4
20481,3,3,4
20482,4,3,4
20483,3,3,4
20484,5,5,5
20485,5,5,5
20486,5,5,5
20487,3,3,4
20488,5,5,5
20489,3,3,4
20490,3,3,4
20491,3,3,4
20492,4,3,4
20493,5,5,5
20494,3,3,4
20495,2,4,2
20496,3,3,4
20497,3,3,4
20498,2,4,2
20499,3,3,4
20500,5,5,5
20501,2,4,2
20502,3,3,4
20503,2,4,2
20504,3,3,4
20505,3,3,4
20506,5,5,5
20507,5,5,5
20508,2,4,2
20509,3,3,4
20510,3,3,4
20511,3,3,4
20512,4,3,4
20513,3,3,4
20514,5,5,5
20515,2,4,2
20516,2,4,2
20517,3,3,4
20518,2,4,2
20519,3,3,4
20520,5,5,5
20521,4,3,4
20522,2,4,2
20523,2,4,2
20524,5,5,5
20525,2,4,2
20526,3,3,4
20527,5,5,5
20528,5,5,5
20529,5,5,5
20530,3,3,4
20531,5,5,5
20532,4,3,4
20533,2,4,2
20534,5,5,5
20535,5,5,5
20536,2,4,2
20537,4,3,4
20538,4,3,4
20539,3,3,4
20540,4,3,4
20541,4,3,4
20542,2,4,2
20543,2,4,2
20544,3,3,4
20545,3,3,4
20546,2,4,2
20547,3,3,4
20548,3,3,4
20549,5,5,5
20550,3,3,4
20551,3,3,4
20552,3,3,4
20553,2,4,2
20554,4,3,4
20555,3,3,4
20556,2,4,2
20557,4,3,4
20558,2,4,2
20559,3,3,4
20560,3,3,4
20561,3,3,4
20562,3,3,4
20563,4,3,4
20564,3,3,4
20565,2,4,2
20566,5,5,5
20567,3,3,4
20568,5,5,5
20569,2,4,2
20570,2,4,2
20571,3,3,4
20572,5,5,5
20573,4,3,4
20574,2,4,2
20575,3,3,4
20576,2,4,2
20577,5,5,5
20578,5,5,5
20579,5,5,5
20580,2,4,2
20581,3,3,4
20582,2,4,2
20583,3,3,4
20584,3,3,4
20585,2,4,2
20586,2,4,2
20587,3,3,4
20588,3,3,4
20589,2,4,2
20590,2,4,2
20591,5,5,5
20592,3,3,4
20593,3,3,4
20594,4,3,4
20595,3,3,4
20596,4,3,4
20597,2,4,2
20598,3,3,4
20599,3,3,4
20600,5,5,5
20601,3,3,4
20602,3,3,4
20603,5,5,5
20604,4,3,4
20605,5,5,5
20606,3,3,4
20607,2,4,2
20608,3,3,4
20609,5,5,5
20610,4,3,4
20611,3,3,4
20612,2,4,2
20613,4,3,4
20614,5,5,5
20615,5,5,5
20616,4,3,4
20617,3,3,4
20618,2,4,2
20619,3,3,4
20620,3,3,4
20621,3,3,4
20622,3,3,4
20623,3,3,4
20624,5,5,5
20625,3,3,4
20626,3,3,4
20627,3,3,4
20628,2,4,2
20629,3,3,4
20630,5,5,5
20631,2,4,2
20632,3,3,4
20633,3,3,4
20634,4,3,4
20635,3,3,4
20636,4,3,4
20637,5,5,5
20638,4,3,4
20639,5,5,5
20640,2,4,2
20641,3,3,4
20642,2,4,2
20643,4,3,4
20644,3,3,4
20645,5,5,5
20646,4,3,4
20647,4,3,4
20648,4,3,4
20649,2,4,2
20650,3,3,4
20651,3,3,4
20652,3,3,4
20653,5,5,5
20654,3,3,4
20655,3,3,4
20656,5,5,5
20657,5,5,5
20658,3,3,4
20659,5,5,5
20660,3,3,4
20661,3,3,4
20662,3,3,4
20663,3,3,4
20664,3,3,4
20665,3,3,4
20666,5,5,5
20667,3,3,4
20668,3,3,4
20669,3,3,4
20670,1,2,0
20671,5,5,5
20672,3,3,4
20673,3,3,4
20674,2,4,2
20675,5,5,5
20676,2,4,2
20677,5,5,5
20678,2,4,2
20679,3,3,4
20680,2,4,2
20681,3,3,4
20682,2,4,2
20683,2,4,2
20684,3,3,4
20685,4,3,4
20686,3,3,4
20687,2,4,2
20688,2,4,2
20689,3,3,4
20690,2,4,2
20691,3,3,4
20692,4,3,4
20693,3,3,4
20694,3,3,4
20695,2,4,2
20696,2,4,2
20697,2,4,2
20698,4,3,4
20699,4,3,4
20700,2,4,2
20701,3,3,4
20702,5,5,5
20703,2,4,2
20704,3,3,4
20705,3,3,4
20706,3,3,4
20707,4,3,4
20708,5,5,5
20709,4,3,4
20710,3,3,4
20711,3,3,4
20712,5,5,5
20713,3,3,4
20714,2,4,2
20715,2,4,2
20716,3,3,4
20717,4,3,4
20718,3,3,4
20719,2,4,2
20720,3,3,4
20721,3,3,4
20722,3,3,4
20723,4,3,4
20724,5,5,5
20725,3,3,4
20726,3,3,4
20727,3,3,4
20728,2,4,2
20729,3,3,4
20730,4,3,4
20731,3,3,4
20732,3,3,4
20733,3,3,4
20734,3,3,4
20735,5,5,5
20736,4,3,4
20737,3,3,4
20738,2,4,2
20739,4,3,4
20740,5,5,5
20741,5,5,5
20742,5,5,5
20743,3,3,4
20744,3,3,4
20745,2,4,2
20746,3,3,4
20747,2,4,2
20748,3,3,4
20749,4,3,4
20750,2,4,2
20751,3,3,4
20752,2,4,2
20753,2,4,2
20754,3,3,4
20755,3,3,4
20756,3,3,4
20757,2,4,2
20758,2,4,2
20759,5,5,5
20760,5,5,5
20761,5,5,5
20762,5,5,5
20763,4,3,4
20764,3,3,4
20765,4,3,4
20766,3,3,4
20767,2,4,2
20768,3,3,4
20769,5,5,5
20770,3,3,4
20771,3,3,4
20772,3,3,4
20773,4,3,4
20774,3,3,4
20775,5,5,5
20776,3,3,4
20777,3,3,4
20778,2,4,2
20779,2,4,2
20780,3,3,4
20781,2,4,2
20782,3,3,4
20783,2,4,2
20784,5,5,5
20785,3,3,4
20786,2,4,2
20787,2,4,2
20788,2,4,2
20789,2,4,2
20790,5,5,5
20791,4,3,4
20792,5,5,5
20793,2,4,2
20794,4,3,4
20795,3,3,4
20796,3,3,4
20797,4,3,4
20798,4,3,4
20799,4,3,4
20800,2,4,2
20801,5,5,5
20802,5,5,5
20803,3,3,4
20804,3,3,4
20805,3,3,4
20806,3,3,4
20807,3,3,4
20808,2,4,2
20809,3,3,4
20810,3,3,4
20811,5,5,5
20812,5,5,5
20813,3,3,4
20814,3,3,4
20815,2,4,2
20816,2,4,2
20817,5,5,5
20818,2,4,2
20819,3,3,4
20820,3,3,4
20821,3,3,4
20822,3,3,4
20823,3,3,4
20824,5,5,5
20825,3,3,4
20826,3,3,4
20827,2,4,2
20828,2,4,2
20829,3,3,4
20830,2,4,2
20831,5,5,5
20832,5,5,5
20833,2,4,2
20834,4,3,4
20835,3,3,4
20836,4,3,4
20837,4,3,4
20838,3,3,4
20839,5,5,5
20840,5,5,5
20841,5,5,5
20842,4,3,4
20843,5,5,5
20844,2,4,2
20845,3,3,4
20846,2,4,2
20847,3,3,4
20848,4,3,4
20849,2,4,2
20850,4,3,4
20851,2,4,2
20852,3,3,4
20853,3,3,4
20854,5,5,5
20855,2,4,2
20856,2,4,2
20857,3,3,4
20858,3,3,4
20859,5,5,5
20860,4,3,4
20861,3,3,4
20862,5,5,5
20863,2,4,2
20864,5,5,5
20865,5,5,5
20866,5,5,5
20867,3,3,4
20868,3,3,4
20869,2,4,2
20870,3,3,4
20871,5,5,5
20872,5,5,5
20873,2,4,2
20874,3,3,4
20875,5,5,5
20876,3,3,4
20877,5,5,5
20878,3,3,4
20879,3,3,4
20880,3,3,4
20881,3,3,4
20882,3,3,4
20883,5,5,5
20884,5,5,5
20885,3,3,4
20886,2,4,2
20887,2,4,2
20888,3,3,4
20889,4,3,4
20890,5,5,5
20891,3,3,4
20892,5,5,5
20893,3,3,4
20894,3,3,4
20895,5,5,5
20896,3,3,4
20897,4,3,4
20898,3,3,4
20899,3,3,4
20900,5,5,5
20901,3,3,4
20902,3,3,4
20903,3,3,4
20904,2,4,2
20905,5,5,5
20906,3,3,4
20907,3,3,4
20908,3,3,4
20909,2,4,2
20910,4,3,4
20911,3,3,4
20912,3,3,4
20913,3,3,4
20914,5,5,5
20915,2,4,2
20916,3,3,4
20917,3,3,4
20918,3,3,4
20919,3,3,4
20920,4,3,4
20921,5,5,5
20922,3,3,4
20923,3,3,4
20924,4,3,4
20925,3,3,4
20926,3,3,4
20927,2,4,2
20928,3,3,4
20929,3,3,4
20930,2,4,2
20931,3,3,4
20932,2,4,2
20933,2,4,2
20934,4,3,4
20935,3,3,4
20936,4,3,4
20937,4,3,4
20938,2,4,2
20939,1,2,0
20940,3,3,4
20941,3,3,4
20942,5,5,5
20943,5,5,5
20944,2,4,2
20945,3,3,4
20946,2,4,2
20947,5,5,5
20948,2,4,2
20949,3,3,4
20950,4,3,4
20951,3,3,4
20952,3,3,4
20953,3,3,4
20954,3,3,4
20955,3,3,4
20956,3,3,4
20957,3,3,4
20958,3,3,4
20959,5,5,5
20960,4,3,4
20961,5,5,5
20962,2,4,2
20963,3,3,4
20964,3,3,4
20965,3,3,4
20966,5,5,5
20967,5,5,5
20968,3,3,4
20969,5,5,5
20970,2,4,2
20971,3,3,4
20972,2,4,2
20973,4,3,4
20974,4,3,4
20975,4,3,4
20976,2,4,2
20977,3,3,4
20978,4,3,4
20979,5,5,5
20980,2,4,2
20981,3,3,4
20982,4,3,4
20983,3,3,4
20984,3,3,4
20985,2,4,2
20986,2,4,2
20987,3,3,4
20988,3,3,4
20989,3,3,4
20990,3,3,4
20991,4,3,4
20992,3,3,4
20993,3,3,4
20994,2,4,2
20995,2,4,2
20996,4,3,4
20997,3,3,4
20998,2,4,2
20999,2,4,2
21000,4,3,4
21001,4,3,4
21002,5,5,5
21003,3,3,4
21004,3,3,4
21005,3,3,4
21006,5,5,5
21007,3,3,4
21008,3,3,4
21009,5,5,5
21010,3,3,4
21011,3,3,4
21012,2,4,2
21013,3,3,4
21014,2,4,2
21015,3,3,4
21016,5,5,5
21017,2,4,2
21018,3,3,4
21019,3,3,4
21020,3,3,4
21021,4,3,4
21022,4,3,4
21023,5,5,5
21024,3,3,4
21025,5,5,5
21026,3,3,4
21027,5,5,5
21028,3,3,4
21029,4,3,4
21030,4,3,4
21031,2,4,2
21032,4,3,4
21033,2,4,2
21034,2,4,2
21035,3,3,4
21036,3,3,4
21037,3,3,4
21038,3,3,4
21039,3,3,4
21040,2,4,2
21041,4,3,4
21042,2,4,2
21043,3,3,4
21044,5,5,5
21045,4,3,4
21046,3,3,4
21047,2,4,2
21048,3,3,4
21049,3,3,4
21050,3,3,4
21051,5,5,5
21052,3,3,4
21053,3,3,4
21054,3,3,4
21055,2,4,2
21056,3,3,4
21057,3,3,4
21058,3,3,4
21059,5,5,5
21060,3,3,4
21061,3,3,4
21062,5,5,5
21063,3,3,4
21064,3,3,4
21065,4,3,4
21066,2,4,2
21067,5,5,5
21068,3,3,4
21069,5,5,5
21070,3,3,4
21071,3,3,4
21072,2,4,2
21073,2,4,2
21074,3,3,4
21075,2,4,2
21076,2,4,2
21077,3,0,3
21078,3,3,4
21079,4,3,4
21080,3,3,4
21081,5,5,5
21082,3,3,4
21083,5,5,5
21084,5,5,5
21085,5,5,5
21086,4,3,4
21087,2,4,2
21088,4,3,4
21089,5,5,5
21090,3,3,4
21091,4,3,4
21092,3,3,4
21093,3,3,4
21094,4,3,4
21095,3,3,4
21096,3,3,4
21097,5,5,5
21098,3,3,4
21099,2,4,2
21100,5,5,5
21101,3,3,4
21102,2,4,2
21103,3,3,4
21104,3,0,3
21105,3,3,4
21106,3,3,4
21107,2,4,2
21108,3,3,4
21109,3,3,4
21110,3,3,4
21111,4,3,4
21112,2,4,2
21113,4,3,4
21114,2,4,2
21115,3,3,4
21116,5,3,4
21117,3,3,4
21118,5,5,5
21119,3,3,4
21120,2,4,2
21121,3,3,4
21122,5,5,5
21123,5,5,5
21124,3,3,4
21125,2,4,2
21126,2,4,2
21127,3,3,4
21128,3,3,4
21129,5,5,5
21130,2,4,2
21131,3,3,4
21132,5,5,5
21133,3,3,4
21134,4,3,4
21135,5,5,5
21136,3,3,4
21137,4,3,4
21138,3,3,4
21139,2,4,2
21140,3,3,4
21141,5,5,5
21142,2,4,2
21143,5,5,5
21144,3,3,4
21145,5,5,5
21146,3,3,4
21147,3,3,4
21148,3,3,4
21149,2,4,2
21150,3,3,4
21151,5,5,5
21152,5,5,5
21153,5,5,5
21154,5,5,5
21155,2,4,2
21156,4,3,4
21157,2,4,2
21158,2,4,2
21159,3,3,4
21160,4,3,4
21161,3,3,4
21162,4,3,4
21163,3,3,4
21164,2,4,2
21165,5,5,5
21166,3,3,4
21167,2,4,2
21168,4,3,4
21169,3,3,4
21170,3,3,4
21171,2,4,2
21172,4,3,4
21173,3,3,4
21174,3,3,4
21175,3,3,4
21176,3,3,4
21177,2,4,2
21178,5,5,5
21179,2,4,2
21180,5,5,5
21181,3,3,4
21182,3,3,4
21183,2,4,2
21184,3,3,4
21185,3,3,4
21186,2,4,2
21187,4,3,4
21188,5,5,5
21189,3,3,4
21190,5,5,5
21191,2,4,2
21192,3,3,4
21193,5,5,5
21194,3,3,4
21195,2,4,2
21196,3,3,4
21197,3,3,4
21198,3,3,4
21199,3,3,4
21200,4,3,4
21201,3,3,4
21202,3,3,4
21203,3,3,4
21204,4,3,4
21205,3,3,4
21206,2,4,2
21207,5,5,5
21208,3,3,4
21209,2,4,2
21210,2,4,2
21211,2,4,2
21212,3,3,4
21213,3,3,4
21214,3,3,4
21215,3,3,4
21216,2,4,2
21217,4,3,4
21218,3,3,4
21219,3,3,4
21220,3,3,4
21221,5,5,5
21222,5,5,5
21223,3,3,4
21224,3,3,4
21225,5,5,5
21226,3,3,4
21227,3,3,4
21228,3,3,4
21229,3,3,4
21230,4,3,4
21231,3,3,4
21232,3,3,4
21233,3,3,4
21234,3,3,4
21235,3,3,4
21236,3,3,4
21237,2,4,2
21238,5,5,5
21239,3,3,4
21240,5,5,5
21241,3,3,4
21242,3,3,4
21243,3,3,4
21244,3,3,4
21245,5,5,5
21246,4,3,4
21247,3,3,4
21248,5,5,5
21249,3,3,4
21250,3,3,4
21251,3,3,4
21252,3,3,4
21253,5,5,5
21254,3,3,4
21255,3,3,4
21256,4,3,4
21257,3,3,4
21258,3,3,4
21259,2,4,2
21260,2,4,2
21261,3,3,4
21262,3,3,4
21263,4,3,4
21264,3,3,4
21265,2,4,2
21266,2,4,2
21267,3,3,4
21268,3,3,4
21269,3,3,4
21270,2,4,2
21271,5,3,4
21272,4,3,4
21273,4,3,4
21274,3,3,4
21275,2,4,2
21276,3,3,4
21277,2,4,2
21278,5,5,5
21279,3,3,4
21280,2,4,2
21281,3,3,4
21282,2,4,2
21283,3,3,4
21284,2,4,2
21285,2,4,2
21286,3,3,4
21287,3,3,4
21288,4,3,4
21289,3,3,4
21290,3,3,4
21291,3,3,4
21292,3,3,4
21293,3,3,4
21294,3,3,4
21295,3,3,4
21296,2,4,2
21297,3,3,4
21298,3,3,4
21299,3,3,4
21300,4,3,4
21301,3,3,4
21302,3,3,4
21303,5,5,5
21304,3,3,4
21305,3,3,4
21306,3,3,4
21307,3,3,4
21308,3,3,4
21309,3,3,4
21310,3,3,4
21311,5,5,5
21312,5,5,5
21313,3,3,4
21314,3,3,4
21315,3,3,4
21316,3,3,4
21317,5,5,5
21318,3,3,4
21319,3,3,4
21320,5,5,5
21321,2,4,2
21322,4,3,4
21323,5,5,5
21324,5,5,5
21325,3,3,4
21326,3,3,4
21327,3,3,4
21328,3,3,4
21329,5,5,5
21330,3,3,4
21331,2,4,2
21332,2,4,2
21333,5,5,5
21334,3,3,4
21335,3,3,4
21336,5,5,5
21337,3,3,4
21338,4,3,4
21339,3,3,4
21340,5,5,5
21341,2,4,2
21342,5,5,5
21343,3,3,4
21344,2,4,2
21345,3,3,4
21346,3,3,4
21347,3,3,4
21348,3,3,4
21349,3,3,4
21350,3,3,4
21351,3,3,4
21352,2,4,2
21353,3,3,4
21354,3,3,4
21355,3,3,4
21356,2,4,2
21357,2,4,2
21358,2,4,2
21359,3,3,4
21360,3,3,4
21361,3,3,4
21362,3,3,4
21363,3,3,4
21364,5,5,5
21365,3,3,4
21366,5,5,5
21367,2,4,2
21368,5,5,5
21369,3,3,4
21370,3,3,4
21371,3,3,4
21372,5,5,5
21373,5,5,5
21374,2,4,2
21375,3,3,4
21376,3,3,4
21377,3,3,4
21378,3,3,4
21379,2,4,2
21380,3,3,4
21381,5,5,5
21382,3,3,4
21383,3,3,4
21384,3,3,4
21385,5,5,5
21386,3,3,4
21387,3,3,4
21388,3,3,4
21389,3,3,4
21390,3,3,4
21391,3,3,4
21392,2,4,2
21393,3,3,4
21394,5,5,5
21395,5,5,5
21396,3,3,4
21397,5,5,5
21398,2,4,2
21399,5,5,5
21400,3,3,4
21401,3,3,4
21402,5,5,5
21403,4,3,4
21404,4,3,4
21405,2,4,2
21406,5,5,5
21407,3,3,4
21408,3,3,4
21409,2,4,2
21410,3,3,4
21411,2,4,2
21412,3,3,4
21413,3,3,4
21414,3,3,4
21415,3,3,4
21416,3,3,4
21417,3,3,4
21418,3,3,4
21419,2,4,2
21420,3,3,4
21421,3,3,4
21422,3,3,4
21423,5,5,5
21424,4,3,4
21425,3,3,4
21426,3,3,4
21427,3,3,4
21428,2,4,2
21429,3,3,4
21430,2,4,2
21431,3,3,4
21432,3,3,4
21433,3,3,4
21434,3,3,4
21435,3,3,4
21436,3,3,4
21437,3,3,4
21438,3,3,4
21439,5,5,5
21440,5,5,5
21441,3,3,4
21442,5,5,5
21443,3,3,4
21444,3,3,4
21445,2,4,2
21446,3,3,4
21447,3,3,4
21448,5,5,5
21449,2,4,2
21450,2,4,2
21451,5,5,5
21452,3,3,4
21453,2,4,2
21454,3,3,4
21455,3,3,4
21456,3,3,4
21457,3,3,4
21458,3,3,4
21459,3,3,4
21460,5,5,5
21461,2,4,2
21462,2,4,2
21463,3,3,4
21464,5,5,5
21465,4,3,4
21466,3,3,4
21467,3,3,4
21468,4,3,4
21469,3,3,4
21470,5,5,5
21471,5,5,5
21472,3,3,4
21473,2,4,2
21474,2,4,2
21475,3,3,4
21476,5,5,5
21477,2,4,2
21478,5,5,5
21479,3,3,4
21480,3,3,4
21481,3,3,4
21482,3,3,4
21483,5,5,5
21484,3,3,4
21485,3,3,4
21486,3,3,4
21487,4,3,4
21488,3,3,4
21489,3,3,4
21490,3,3,4
21491,4,3,4
21492,3,3,4
21493,3,3,4
21494,2,4,2
21495,2,4,2
21496,3,3,4
21497,2,4,2
21498,3,3,4
21499,3,3,4
21500,3,3,4
21501,3,3,4
21502,3,3,4
21503,3,3,4
21504,2,4,2
21505,3,3,4
21506,5,5,5
21507,3,3,4
21508,4,3,4
21509,3,3,4
21510,5,5,5
21511,3,3,4
21512,3,3,4
21513,3,3,4
21514,3,3,4
21515,3,3,4
21516,3,3,4
21517,3,3,4
21518,3,3,4
21519,3,3,4
21520,3,3,4
21521,3,3,4
21522,3,3,4
21523,3,3,4
21524,4,3,4
21525,3,3,4
21526,3,3,4
21527,4,3,4
21528,5,5,5
21529,3,3,4
21530,5,5,5
21531,2,4,2
21532,3,3,4
21533,3,3,4
21534,4,3,4
21535,3,3,4
21536,3,3,4
21537,3,3,4
21538,3,3,4
21539,5,5,5
21540,2,4,2
21541,3,3,4
21542,4,3,4
21543,3,3,4
21544,3,3,4
21545,5,5,5
21546,3,3,4
21547,3,3,4
21548,3,3,4
21549,4,3,4
21550,3,3,4
21551,4,3,4
21552,3,3,4
21553,3,3,4
21554,5,5,5
21555,2,4,2
21556,5,5,5
21557,3,3,4
21558,5,5,5
21559,3,3,4
21560,3,3,4
21561,2,4,2
21562,3,3,4
21563,3,3,4
21564,5,5,5
21565,4,3,4
21566,3,3,4
21567,4,3,4
21568,3,3,4
21569,3,3,4
21570,3,3,4
21571,3,3,4
21572,3,3,4
21573,3,3,4
21574,5,5,5
21575,2,4,2
21576,5,5,5
21577,4,3,4
21578,3,3,4
21579,2,4,2
21580,2,4,2
21581,3,3,4
21582,2,4,2
21583,3,3,4
21584,5,5,5
21585,3,3,4
21586,4,3,4
21587,3,3,4
21588,3,3,4
21589,5,5,5
21590,5,5,5
21591,3,3,4
21592,4,3,4
21593,5,5,5
21594,3,3,4
21595,2,4,2
21596,3,3,4
21597,2,4,2
21598,3,3,4
21599,3,3,4
21600,3,3,4
21601,3,3,4
21602,3,3,4
21603,4,3,4
21604,3,3,4
21605,5,5,5
21606,3,3,4
21607,3,3,4
21608,3,3,4
21609,4,3,4
21610,2,4,2
21611,3,3,4
21612,5,5,5
21613,4,3,4
21614,5,5,5
21615,3,3,4
21616,3,3,4
21617,2,4,2
21618,2,4,2
21619,2,4,2
21620,4,3,4
21621,2,4,2
21622,3,3,4
21623,3,3,4
21624,2,4,2
21625,3,3,4
21626,4,3,4
21627,3,3,4
21628,5,5,5
21629,3,3,4
21630,2,4,2
21631,5,5,5
21632,2,4,2
21633,3,3,4
21634,2,4,2
21635,4,3,4
21636,5,5,5
21637,3,3,4
21638,3,3,4
21639,3,3,4
21640,3,3,4
21641,2,4,2
21642,3,3,4
21643,3,3,4
21644,5,5,5
21645,3,3,4
21646,4,3,4
21647,5,5,5
21648,3,3,4
21649,5,5,5
21650,3,3,4
21651,3,3,4
21652,3,3,4
21653,3,3,4
21654,3,3,4
21655,3,3,4
21656,3,3,4
21657,3,3,4
21658,3,3,4
21659,3,3,4
21660,3,3,4
21661,2,4,2
21662,3,3,4
21663,2,4,2
21664,3,3,4
21665,3,3,4
21666,5,5,5
21667,5,5,5
21668,3,3,4
21669,3,3,4
21670,5,5,5
21671,2,4,2
21672,3,3,4
21673,3,3,4
21674,3,3,4
21675,2,4,2
21676,5,5,5
21677,3,3,4
21678,2,4,2
21679,3,3,4
21680,3,3,4
21681,3,3,4
21682,3,3,4
21683,5,5,5
21684,5,5,5
21685,3,3,4
21686,3,3,4
21687,3,3,4
21688,3,3,4
21689,2,4,2
21690,3,3,4
21691,3,3,4
21692,3,0,3
21693,5,5,5
21694,3,3,4
21695,3,3,4
21696,3,3,4
21697,3,3,4
21698,3,3,4
21699,3,3,4
21700,3,3,4
21701,3,3,4
21702,4,3,4
21703,3,3,4
21704,4,3,4
21705,3,3,4
21706,2,4,2
21707,3,3,4
21708,3,3,4
21709,5,5,5
21710,4,3,4
21711,2,4,2
21712,4,3,4
21713,3,3,4
21714,4,3,4
21715,3,3,4
21716,5,5,5
21717,3,3,4
21718,3,3,4
21719,3,3,4
21720,3,3,4
21721,3,3,4
21722,2,4,2
21723,3,3,4
21724,3,3,4
21725,3,3,4
21726,3,3,4
21727,3,3,4
21728,5,5,5
21729,3,3,4
21730,3,3,4
21731,3,3,4
21732,3,3,4
21733,3,3,4
21734,3,3,4
21735,3,3,4
21736,3,3,4
21737,2,4,2
21738,3,3,4
21739,3,3,4
21740,4,3,4
21741,4,3,4
21742,3,3,4
21743,3,3,4
21744,3,3,4
21745,3,3,4
21746,4,3,4
21747,4,3,4
21748,4,3,4
21749,3,3,4
21750,2,4,2
21751,3,3,4
21752,5,5,5
21753,3,3,4
21754,5,5,5
21755,3,3,4
21756,3,3,4
21757,3,3,4
21758,3,3,4
21759,3,3,4
21760,3,3,4
21761,3,3,4
21762,3,3,4
21763,3,3,4
21764,4,3,4
21765,3,3,4
21766,5,5,5
21767,3,3,4
21768,2,4,2
21769,3,3,4
21770,5,5,5
21771,3,3,4
21772,3,3,4
21773,2,4,2
21774,3,3,4
21775,3,3,4
21776,3,3,4
21777,3,3,4
21778,3,3,4
21779,4,3,4
21780,5,5,5
21781,3,3,4
21782,3,3,4
21783,4,3,4
21784,3,3,4
21785,3,3,4
21786,5,5,5
21787,3,3,4
21788,3,3,4
21789,5,5,5
21790,3,3,4
21791,3,3,4
21792,3,3,4
21793,4,3,4
21794,3,3,4
21795,3,3,4
21796,3,3,4
21797,2,4,2
21798,3,3,4
21799,3,3,4
21800,3,3,4
21801,3,3,4
21802,2,4,2
21803,2,4,2
21804,4,3,4
21805,3,3,4
21806,3,3,4
21807,3,3,4
21808,5,5,5
21809,3,3,4
21810,3,3,4
21811,5,5,5
21812,5,5,5
21813,3,3,4
21814,3,3,4
21815,3,3,4
21816,3,3,4
21817,3,3,4
21818,3,3,4
21819,3,3,4
21820,3,3,4
21821,3,3,4
21822,3,3,4
21823,3,3,4
21824,5,5,5
21825,4,3,4
21826,3,3,4
21827,4,3,4
21828,2,4,2
21829,2,4,2
21830,2,4,2
21831,5,5,5
21832,3,3,4
21833,3,3,4
21834,3,3,4
21835,2,4,2
21836,2,4,2
21837,3,3,4
21838,3,3,4
21839,2,4,2
21840,3,3,4
21841,3,3,4
21842,3,3,4
21843,4,3,4
21844,3,3,4
21845,3,3,4
21846,3,3,4
21847,3,3,4
21848,3,3,4
21849,2,4,2
21850,3,3,4
21851,5,5,5
21852,3,3,4
21853,3,3,4
21854,5,5,5
21855,5,5,5
21856,4,3,4
21857,3,3,4
21858,3,3,4
21859,2,4,2
21860,3,3,4
21861,3,3,4
21862,5,5,5
21863,3,3,4
21864,3,3,4
21865,3,3,4
21866,3,3,4
21867,3,3,4
21868,3,3,4
21869,4,3,4
21870,3,3,4
21871,3,3,4
21872,5,5,5
21873,3,3,4
21874,4,3,4
21875,3,3,4
21876,3,3,4
21877,4,3,4
21878,3,3,4
21879,3,3,4
21880,3,3,4
21881,5,5,5
21882,3,3,4
21883,3,3,4
21884,5,5,5
21885,3,3,4
21886,5,5,5
21887,3,3,4
21888,2,4,2
21889,2,4,2
21890,3,3,4
21891,3,3,4
21892,2,4,2
21893,5,5,5
21894,3,3,4
21895,5,5,5
21896,3,3,4
21897,3,3,4
21898,5,5,5
21899,3,3,4
21900,4,3,4
21901,3,3,4
21902,3,3,4
21903,3,3,4
21904,3,3,4
21905,3,3,4
21906,3,3,4
21907,3,3,4
21908,4,3,4
21909,5,5,5
21910,3,3,4
21911,3,3,4
21912,3,3,4
21913,3,3,4
21914,3,3,4
21915,3,3,4
21916,2,4,2
21917,3,3,4
21918,3,3,4
21919,3,3,4
21920,3,3,4
21921,3,3,4
21922,3,3,4
21923,3,3,4
21924,3,3,4
21925,3,3,4
21926,5,5,5
21927,5,5,5
21928,5,5,5
21929,3,3,4
21930,3,3,4
21931,5,5,5
21932,5,5,5
21933,3,3,4
21934,3,3,4
21935,4,3,4
21936,3,3,4
21937,3,3,4
21938,4,3,4
21939,3,3,4
21940,3,3,4
21941,2,4,2
21942,5,5,5
21943,2,4,2
21944,3,3,4
21945,3,3,4
21946,3,3,4
21947,3,3,4
21948,3,3,4
21949,3,3,4
21950,3,3,4
21951,4,3,4
21952,5,5,5
21953,3,3,4
21954,3,3,4
21955,3,3,4
21956,5,5,5
21957,2,4,2
21958,3,3,4
21959,3,3,4
21960,3,3,4
21961,4,3,4
21962,3,3,4
21963,3,0,3
21964,2,4,2
21965,3,3,4
21966,4,3,4
21967,4,3,4
21968,3,3,4
21969,3,3,4
21970,5,5,5
21971,3,3,4
21972,3,3,4
21973,3,3,4
21974,3,3,4
21975,4,3,4
21976,5,5,5
21977,2,4,2
21978,2,4,2
21979,2,4,2
21980,5,5,5
21981,2,4,2
21982,3,3,4
21983,5,5,5
21984,3,3,4
21985,3,3,4
21986,3,3,4
21987,5,5,5
21988,3,3,4
21989,3,3,4
21990,5,5,5
21991,3,3,4
21992,3,3,4
21993,3,3,4
21994,3,3,4
21995,3,3,4
21996,3,3,4
21997,2,4,2
21998,3,3,4
21999,3,3,4
22000,4,3,4
22001,5,3,4
22002,3,3,4
22003,3,3,4
22004,3,3,4
22005,3,3,4
22006,3,3,4
22007,2,4,2
22008,4,3,4
22009,3,3,4
22010,3,3,4
22011,3,3,4
22012,3,3,4
22013,3,3,4
22014,2,4,2
22015,3,3,4
22016,3,3,4
22017,2,4,2
22018,3,3,4
22019,3,3,4
22020,3,3,4
22021,3,3,4
22022,3,3,4
22023,2,4,2
22024,3,3,4
22025,5,5,5
22026,4,3,4
22027,3,3,4
22028,3,3,4
22029,2,4,2
22030,3,3,4
22031,3,3,4
22032,2,4,2
22033,2,4,2
22034,2,4,2
22035,3,3,4
22036,5,5,5
22037,2,4,2
22038,3,3,4
22039,3,3,4
22040,3,3,4
22041,3,3,4
22042,5,5,5
22043,3,3,4
22044,2,4,2
22045,3,3,4
22046,3,3,4
22047,3,3,4
22048,5,5,5
22049,3,3,4
22050,5,5,5
22051,2,4,2
22052,3,3,4
22053,3,3,4
22054,3,3,4
22055,3,3,4
22056,5,5,5
22057,3,3,4
22058,3,3,4
22059,3,3,4
22060,3,3,4
22061,5,5,5
22062,5,5,5
22063,2,4,2
22064,2,4,2
22065,3,3,4
22066,3,3,4
22067,5,5,5
22068,3,3,4
22069,5,5,5
22070,3,3,4
22071,3,3,4
22072,3,3,4
22073,5,5,5
22074,2,4,2
22075,3,3,4
22076,3,3,4
22077,3,3,4
22078,3,3,4
22079,3,3,4
22080,3,3,4
22081,3,3,4
22082,5,5,5
22083,5,5,5
22084,5,5,5
22085,3,3,4
22086,3,3,4
22087,2,4,2
22088,3,3,4
22089,5,5,5
22090,4,3,4
22091,2,4,2
22092,2,4,2
22093,3,3,4
22094,3,3,4
22095,2,4,2
22096,3,3,4
22097,3,3,4
22098,4,3,4
22099,2,4,2
22100,3,3,4
22101,5,5,5
22102,3,3,4
22103,3,3,4
22104,3,3,4
22105,4,3,4
22106,3,3,4
22107,5,5,5
22108,5,5,5
22109,5,5,5
22110,3,3,4
22111,5,5,5
22112,2,4,2
22113,3,3,4
22114,3,3,4
22115,4,3,4
22116,4,3,4
22117,3,3,4
22118,3,3,4
22119,3,3,4
22120,4,3,4
22121,3,3,4
22122,3,3,4
22123,2,4,2
22124,3,3,4
22125,3,3,4
22126,3,3,4
22127,3,3,4
22128,3,3,4
22129,3,3,4
22130,3,3,4
22131,2,4,2
22132,2,4,2
22133,5,5,5
22134,2,4,2
22135,5,5,5
22136,5,5,5
22137,3,3,4
22138,3,3,4
22139,5,5,5
22140,5,5,5
22141,4,3,4
22142,3,3,4
22143,3,3,4
22144,3,3,4
22145,3,3,4
22146,3,3,4
22147,4,3,4
22148,5,5,5
22149,2,4,2
22150,2,4,2
22151,3,3,4
22152,3,3,4
22153,3,3,4
22154,5,5,5
22155,4,3,4
22156,3,3,4
22157,3,3,4
22158,3,3,4
22159,5,5,5
22160,3,3,4
22161,3,3,4
22162,3,3,4
22163,3,3,4
22164,5,5,5
22165,4,3,4
22166,3,3,4
22167,5,5,5
22168,3,3,4
22169,3,3,4
22170,3,3,4
22171,2,4,2
22172,3,3,4
22173,4,3,4
22174,3,3,4
22175,2,4,2
22176,3,3,4
22177,5,5,5
22178,3,3,4
22179,4,3,4
22180,2,4,2
22181,5,5,5
22182,3,3,4
22183,3,3,4
22184,3,3,4
22185,5,5,5
22186,3,3,4
22187,5,5,5
22188,5,5,5
22189,3,3,4
22190,3,3,4
22191,2,4,2
22192,3,3,4
22193,2,4,2
22194,3,3,4
22195,3,3,4
22196,2,4,2
22197,5,5,5
22198,3,3,4
22199,3,3,4
22200,3,3,4
22201,3,3,4
22202,3,3,4
22203,2,4,2
22204,3,3,4
22205,3,3,4
22206,2,4,2
22207,3,3,4
22208,2,4,2
22209,5,5,5
22210,3,3,4
22211,4,3,4
22212,3,3,4
22213,3,0,3
22214,3,3,4
22215,3,3,4
22216,3,3,4
22217,3,3,4
22218,3,3,4
22219,4,3,4
22220,5,5,5
22221,3,3,4
22222,3,3,4
22223,3,3,4
22224,3,3,4
22225,3,3,4
22226,2,4,2
22227,3,3,4
22228,5,5,5
22229,3,3,4
22230,3,3,4
22231,3,3,4
22232,3,3,4
22233,2,4,2
22234,3,3,4
22235,3,3,4
22236,3,3,4
22237,5,5,5
22238,3,3,4
22239,3,3,4
22240,5,5,5
22241,3,3,4
22242,5,5,5
22243,5,5,5
22244,3,3,4
22245,3,3,4
22246,3,3,4
22247,3,3,4
22248,3,3,4
22249,3,3,4
22250,5,5,5
22251,5,5,5
22252,3,3,4
22253,5,5,5
22254,3,3,4
22255,3,3,4
22256,3,3,4
22257,5,5,5
22258,3,3,4
22259,5,5,5
22260,5,5,5
22261,3,3,4
22262,2,4,2
22263,2,4,2
22264,3,3,4
22265,5,5,5
22266,3,3,4
22267,3,3,4
22268,3,3,4
22269,3,3,4
22270,3,3,4
22271,3,3,4
22272,3,3,4
22273,2,4,2
22274,3,3,4
22275,4,3,4
22276,2,4,2
22277,3,3,4
22278,3,3,4
22279,3,3,4
22280,3,3,4
22281,3,3,4
22282,5,5,5
22283,3,3,4
22284,3,3,4
22285,5,5,5
22286,5,3,4
22287,2,4,2
22288,3,3,4
22289,2,4,2
22290,4,3,4
22291,2,4,2
22292,3,3,4
22293,2,4,2
22294,5,5,5
22295,2,4,2
22296,3,3,4
22297,5,5,5
22298,3,3,4
22299,3,3,4
22300,3,3,4
22301,3,3,4
22302,5,5,5
22303,3,3,4
22304,3,3,4
22305,3,3,4
22306,3,3,4
22307,5,5,5
22308,3,3,4
22309,5,5,5
22310,2,4,2
22311,3,3,4
22312,3,3,4
22313,5,5,5
22314,3,3,4
22315,3,3,4
22316,5,5,5
22317,2,4,2
22318,4,3,4
22319,3,3,4
22320,2,4,2
22321,5,5,5
22322,2,4,2
22323,5,5,5
22324,3,3,4
22325,5,5,5
22326,2,4,2
22327,3,3,4
22328,3,3,4
22329,4,3,4
22330,5,5,5
22331,3,3,4
22332,3,3,4
22333,3,3,4
22334,3,3,4
22335,3,3,4
22336,4,3,4
22337,3,3,4
22338,3,3,4
22339,2,4,2
22340,3,3,4
22341,5,5,5
22342,5,5,5
22343,3,3,4
22344,3,3,4
22345,3,3,4
22346,3,3,4
22347,2,4,2
22348,3,3,4
22349,2,4,2
22350,3,3,4
22351,3,3,4
22352,5,5,5
22353,3,3,4
22354,3,3,4
22355,2,4,2
22356,3,3,4
22357,5,5,5
22358,4,3,4
22359,3,3,4
22360,2,4,2
22361,5,5,5
22362,3,3,4
22363,4,3,4
22364,3,3,4
22365,3,3,4
22366,2,4,2
22367,2,4,2
22368,3,3,4
22369,4,3,4
22370,3,3,4
22371,3,3,4
22372,3,3,4
22373,3,3,4
22374,3,3,4
22375,3,3,4
22376,3,3,4
22377,3,3,4
22378,4,3,4
22379,3,3,4
22380,3,3,4
22381,5,5,5
22382,3,3,4
22383,3,3,4
22384,2,4,2
22385,3,3,4
22386,2,4,2
22387,3,3,4
22388,2,4,2
22389,5,5,5
22390,3,3,4
22391,2,4,2
22392,5,5,5
22393,2,4,2
22394,2,4,2
22395,5,5,5
22396,3,3,4
22397,4,3,4
22398,2,4,2
22399,5,5,5
22400,2,4,2
22401,4,3,4
22402,3,3,4
22403,4,3,4
22404,5,5,5
22405,5,5,5
22406,3,3,4
22407,2,4,2
22408,3,3,4
22409,2,4,2
22410,3,3,4
22411,2,4,2
22412,3,3,4
22413,3,3,4
22414,3,3,4
22415,3,3,4
22416,3,3,4
22417,3,3,4
22418,5,5,5
22419,3,3,4
22420,3,3,4
22421,4,3,4
22422,3,3,4
22423,4,3,4
22424,3,3,4
22425,3,3,4
22426,2,4,2
22427,3,3,4
22428,2,4,2
22429,2,4,2
22430,3,3,4
22431,5,5,5
22432,3,3,4
22433,2,4,2
22434,4,3,4
22435,4,3,4
22436,5,5,5
22437,3,3,4
22438,3,3,4
22439,3,3,4
22440,4,3,4
22441,4,3,4
22442,3,3,4
22443,3,3,4
22444,4,3,4
22445,4,3,4
22446,3,3,4
22447,3,3,4
22448,3,3,4
22449,3,3,4
22450,2,4,2
22451,3,3,4
22452,3,3,4
22453,2,4,2
22454,3,3,4
22455,3,3,4
22456,3,3,4
22457,3,3,4
22458,3,3,4
22459,2,4,2
22460,2,4,2
22461,3,3,4
22462,3,3,4
22463,3,3,4
22464,3,3,4
22465,3,3,4
22466,3,3,4
22467,2,4,2
22468,3,3,4
22469,3,3,4
22470,2,4,2
22471,2,4,2
22472,5,5,5
22473,3,3,4
22474,2,4,2
22475,3,3,4
22476,5,5,5
22477,2,4,2
22478,3,3,4
22479,3,3,4
22480,5,5,5
22481,3,3,4
22482,3,3,4
22483,5,5,5
22484,3,3,4
22485,4,3,4
22486,3,3,4
22487,2,4,2
22488,2,4,2
22489,3,3,4
22490,3,3,4
22491,3,3,4
22492,3,3,4
22493,3,3,4
22494,3,3,4
22495,3,3,4
22496,3,3,4
22497,4,3,4
22498,3,3,4
22499,5,5,5
22500,4,3,4
22501,2,4,2
22502,3,3,4
22503,3,3,4
22504,3,3,4
22505,3,3,4
22506,3,3,4
22507,2,4,2
22508,3,3,4
22509,3,3,4
22510,4,3,4
22511,3,3,4
22512,3,3,4
22513,3,3,4
22514,3,3,4
22515,5,5,5
22516,3,3,4
22517,4,3,4
22518,3,3,4
22519,3,3,4
22520,3,3,4
22521,3,3,4
22522,3,3,4
22523,3,3,4
22524,5,5,5
22525,3,3,4
22526,4,3,4
22527,3,3,4
22528,3,3,4
22529,3,3,4
22530,2,4,2
22531,3,3,4
22532,3,3,4
22533,3,3,4
22534,4,3,4
22535,3,3,4
22536,5,5,5
22537,2,4,2
22538,3,3,4
22539,3,3,4
22540,3,3,4
22541,3,3,4
22542,3,3,4
22543,3,3,4
22544,2,4,2
22545,3,3,4
22546,3,3,4
22547,4,3,4
22548,3,3,4
22549,3,3,4
22550,2,4,2
22551,4,3,4
22552,3,3,4
22553,5,5,5
22554,3,3,4
22555,3,3,4
22556,3,3,4
22557,5,5,5
22558,5,5,5
22559,5,5,5
22560,5,5,5
22561,3,3,4
22562,4,3,4
22563,5,5,5
22564,3,3,4
22565,3,3,4
22566,3,3,4
22567,3,3,4
22568,2,4,2
22569,3,3,4
22570,5,5,5
22571,3,3,4
22572,3,3,4
22573,3,3,4
22574,2,4,2
22575,3,3,4
22576,2,4,2
22577,3,3,4
22578,3,3,4
22579,3,3,4
22580,3,3,4
22581,3,3,4
22582,3,3,4
22583,3,3,4
22584,3,3,4
22585,4,3,4
22586,3,3,4
22587,5,5,5
22588,3,3,4
22589,3,3,4
22590,3,3,4
22591,5,5,5
22592,3,3,4
22593,3,3,4
22594,5,5,5
22595,3,3,4
22596,3,3,4
22597,5,5,5
22598,3,3,4
22599,3,3,4
22600,3,3,4
22601,4,3,4
22602,3,3,4
22603,2,4,2
22604,3,3,4
22605,3,3,4
22606,3,3,4
22607,5,5,5
22608,3,3,4
22609,2,4,2
22610,3,3,4
22611,2,4,2
22612,5,5,5
22613,3,3,4
22614,3,3,4
22615,3,3,4
22616,5,5,5
22617,3,3,4
22618,2,4,2
22619,3,3,4
22620,4,3,4
22621,3,3,4
22622,3,3,4
22623,3,3,4
22624,5,5,5
22625,5,5,5
22626,3,3,4
22627,3,3,4
22628,5,5,5
22629,4,3,4
22630,3,3,4
22631,3,3,4
22632,3,3,4
22633,3,3,4
22634,5,5,5
22635,3,3,4
22636,3,3,4
22637,3,3,4
22638,5,5,5
22639,5,5,5
22640,2,4,2
22641,4,3,4
22642,3,3,4
22643,5,5,5
22644,3,3,4
22645,5,5,5
22646,4,3,4
22647,3,3,4
22648,3,3,4
22649,4,3,4
22650,2,4,2
22651,2,4,2
22652,2,4,2
22653,3,3,4
22654,3,3,4
22655,3,3,4
22656,3,3,4
22657,3,3,4
22658,2,4,2
22659,3,3,4
22660,2,4,2
22661,2,4,2
22662,3,3,4
22663,2,4,2
22664,3,3,4
22665,3,3,4
22666,3,3,4
22667,3,3,4
22668,3,3,4
22669,3,3,4
22670,3,3,4
22671,5,5,5
22672,3,3,4
22673,3,3,4
22674,2,4,2
22675,3,3,4
22676,3,3,4
22677,3,3,4
22678,3,3,4
22679,3,3,4
22680,3,3,4
22681,4,3,4
22682,3,3,4
22683,3,3,4
22684,3,3,4
22685,3,3,4
22686,2,4,2
22687,5,5,5
22688,4,3,4
22689,3,3,4
22690,3,3,4
22691,5,5,5
22692,4,3,4
22693,3,3,4
22694,3,3,4
22695,3,3,4
22696,3,3,4
22697,4,3,4
22698,3,3,4
22699,5,5,5
22700,2,4,2
22701,5,5,5
22702,3,3,4
22703,3,3,4
22704,4,3,4
22705,3,3,4
22706,4,3,4
22707,3,3,4
22708,3,3,4
22709,3,3,4
22710,3,3,4
22711,5,5,5
22712,2,4,2
22713,3,3,4
22714,3,3,4
22715,4,3,4
22716,3,3,4
22717,3,3,4
22718,2,4,2
22719,3,3,4
22720,2,4,2
22721,3,3,4
22722,3,3,4
22723,3,3,4
22724,5,5,5
22725,3,3,4
22726,3,3,4
22727,4,3,4
22728,3,3,4
22729,3,3,4
22730,2,4,2
22731,2,4,2
22732,4,3,4
22733,3,3,4
22734,5,5,5
22735,4,3,4
22736,3,3,4
22737,2,4,2
22738,3,3,4
22739,3,3,4
22740,3,3,4
22741,3,3,4
22742,2,4,2
22743,3,3,4
22744,2,4,2
22745,2,4,2
22746,2,4,2
22747,3,3,4
22748,5,5,5
22749,5,5,5
22750,3,3,4
22751,3,3,4
22752,2,4,2
22753,3,3,4
22754,3,3,4
22755,3,3,4
22756,3,3,4
22757,2,4,2
22758,2,4,2
22759,4,3,4
22760,3,3,4
22761,2,4,2
22762,5,5,5
22763,5,5,5
22764,3,3,4
22765,3,3,4
22766,2,4,2
22767,2,4,2
22768,3,3,4
22769,3,3,4
22770,3,3,4
22771,5,5,5
22772,3,3,4
22773,3,3,4
22774,3,3,4
22775,3,3,4
22776,3,3,4
22777,3,3,4
22778,2,4,2
22779,5,5,5
22780,2,4,2
22781,3,3,4
22782,3,3,4
22783,3,3,4
22784,3,3,4
22785,2,4,2
22786,3,3,4
22787,3,3,4
22788,2,4,2
22789,5,5,5
22790,3,3,4
22791,5,5,5
22792,3,3,4
22793,2,4,2
22794,3,3,4
22795,3,3,4
22796,3,3,4
22797,3,3,4
22798,3,3,4
22799,2,4,2
22800,2,4,2
22801,4,3,4
22802,3,3,4
22803,5,5,5
22804,4,3,4
22805,5,5,5
22806,3,3,4
22807,3,3,4
22808,5,5,5
22809,2,4,2
22810,3,3,4
22811,3,3,4
22812,5,5,5
22813,4,3,4
22814,5,5,5
22815,3,3,4
22816,2,4,2
22817,5,5,5
22818,3,3,4
22819,3,3,4
22820,3,3,4
22821,3,3,4
22822,4,3,4
22823,3,3,4
22824,3,3,4
22825,3,3,4
22826,3,3,4
22827,3,3,4
22828,3,3,4
22829,3,3,4
22830,4,3,4
22831,3,3,4
22832,5,5,5
22833,3,3,4
22834,3,3,4
22835,3,3,4
22836,3,3,4
22837,3,3,4
22838,5,5,5
22839,3,3,4
22840,3,3,4
22841,3,3,4
22842,3,3,4
22843,2,4,2
22844,3,3,4
22845,5,5,5
22846,2,4,2
22847,2,4,2
22848,3,3,4
22849,3,3,4
22850,3,3,4
22851,2,4,2
22852,3,3,4
22853,3,3,4
22854,5,5,5
22855,3,3,4
22856,5,5,5
22857,5,5,5
22858,3,3,4
22859,3,3,4
22860,5,5,5
22861,5,5,5
22862,3,3,4
22863,3,3,4
22864,3,3,4
22865,3,3,4
22866,3,3,4
22867,2,4,2
22868,3,3,4
22869,3,3,4
22870,3,3,4
22871,3,3,4
22872,3,3,4
22873,3,3,4
22874,4,3,4
22875,3,3,4
22876,2,4,2
22877,3,3,4
22878,5,5,5
22879,3,3,4
22880,5,5,5
22881,3,3,4
22882,5,5,5
22883,2,4,2
22884,4,3,4
22885,3,3,4
22886,3,3,4
22887,5,5,5
22888,3,3,4
22889,3,3,4
22890,3,3,4
22891,3,3,4
22892,3,3,4
22893,2,4,2
22894,2,4,2
22895,3,3,4
22896,2,4,2
22897,3,3,4
22898,4,3,4
22899,5,5,5
22900,3,3,4
22901,2,4,2
22902,3,3,4
22903,3,3,4
22904,5,5,5
22905,3,3,4
22906,2,4,2
22907,3,3,4
22908,3,3,4
22909,3,3,4
22910,3,3,4
22911,3,3,4
22912,5,5,5
22913,3,3,4
22914,3,3,4
22915,2,4,2
22916,2,4,2
22917,3,3,4
22918,5,5,5
22919,5,5,5
22920,3,3,4
22921,3,3,4
22922,5,5,5
22923,3,3,4
22924,3,3,4
22925,3,3,4
22926,3,3,4
22927,2,4,2
22928,3,3,4
22929,3,3,4
22930,3,3,4
22931,3,3,4
22932,3,3,4
22933,4,3,4
22934,3,3,4
22935,5,5,5
22936,3,3,4
22937,3,3,4
22938,3,3,4
22939,4,3,4
22940,4,3,4
22941,3,3,4
22942,4,3,4
22943,2,4,2
22944,5,5,5
22945,3,3,4
22946,3,3,4
22947,3,3,4
22948,3,3,4
22949,5,5,5
22950,3,3,4
22951,5,5,5
22952,3,3,4
22953,2,4,2
22954,2,4,2
22955,5,5,5
22956,4,3,4
22957,3,3,4
22958,3,3,4
22959,3,3,4
22960,3,3,4
22961,3,3,4
22962,3,3,4
22963,3,3,4
22964,3,3,4
22965,3,3,4
22966,3,3,4
22967,3,3,4
22968,4,3,4
22969,3,3,4
22970,3,3,4
22971,3,3,4
22972,2,4,2
22973,3,3,4
22974,3,3,4
22975,5,5,5
22976,3,3,4
22977,3,3,4
22978,3,3,4
22979,5,5,5
22980,3,3,4
22981,3,3,4
22982,3,3,4
22983,3,3,4
22984,3,3,4
22985,3,3,4
22986,3,3,4
22987,3,3,4
22988,3,3,4
22989,5,5,5
22990,5,5,5
22991,3,3,4
22992,5,5,5
22993,3,3,4
22994,3,3,4
22995,3,3,4
22996,3,3,4
22997,3,3,4
22998,3,3,4
22999,5,5,5
23000,3,3,4
23001,3,3,4
23002,3,3,4
23003,3,3,4
23004,3,3,4
23005,3,3,4
23006,3,3,4
23007,2,4,2
23008,3,3,4
23009,3,3,4
23010,4,3,4
23011,3,3,4
23012,3,3,4
23013,3,3,4
23014,2,4,2
23015,5,5,5
23016,4,3,4
23017,3,3,4
23018,3,3,4
23019,4,3,4
23020,2,4,2
23021,3,3,4
23022,2,4,2
23023,3,3,4
23024,5,5,5
23025,5,5,5
23026,3,3,4
23027,3,3,4
23028,2,4,2
23029,3,3,4
23030,3,3,4
23031,4,3,4
23032,5,5,5
23033,3,3,4
23034,3,3,4
23035,5,5,5
23036,5,5,5
23037,3,3,4
23038,4,3,4
23039,3,3,4
23040,3,3,4
23041,5,5,5
23042,3,3,4
23043,2,4,2
23044,3,3,4
23045,3,3,4
23046,3,3,4
23047,1,5,5
23048,3,3,4
23049,3,3,4
23050,3,3,4
23051,5,5,5
23052,3,3,4
23053,3,3,4
23054,3,3,4
23055,3,3,4
23056,2,4,2
23057,2,4,2
23058,5,5,5
23059,2,4,2
23060,4,3,4
23061,3,3,4
23062,3,3,4
23063,3,3,4
23064,3,3,4
23065,2,4,2
23066,3,3,4
23067,3,3,4
23068,2,4,2
23069,4,3,4
23070,4,3,4
23071,3,0,3
23072,5,5,5
23073,5,5,5
23074,2,4,2
23075,3,3,4
23076,4,3,4
23077,3,3,4
23078,2,4,2
23079,4,3,4
23080,3,3,4
23081,5,5,5
23082,3,3,4
23083,5,5,5
23084,5,5,5
23085,3,3,4
23086,3,3,4
23087,2,4,2
23088,2,4,2
23089,3,3,4
23090,3,3,4
23091,5,5,5
23092,3,3,4
23093,3,3,4
23094,3,3,4
23095,3,3,4
23096,3,3,4
23097,3,3,4
23098,5,5,5
23099,3,3,4
23100,3,3,4
23101,3,3,4
23102,3,3,4
23103,3,3,4
23104,3,3,4
23105,3,3,4
23106,3,3,4
23107,5,5,5
23108,2,4,2
23109,3,3,4
23110,3,3,4
23111,7,1,7
23112,3,3,4
23113,3,3,4
23114,5,5,5
23115,3,3,4
23116,5,5,5
23117,3,3,4
23118,3,3,4
23119,5,5,5
23120,3,3,4
23121,2,4,2
23122,5,5,5
23123,5,5,5
23124,3,3,4
23125,3,3,4
23126,3,3,4
23127,5,5,5
23128,3,3,4
23129,4,3,4
23130,2,4,2
23131,5,5,5
23132,4,3,4
23133,3,3,4
23134,3,3,4
23135,4,3,4
23136,3,3,4
23137,3,3,4
23138,3,3,4
23139,3,3,4
23140,3,3,4
23141,3,3,4
23142,4,3,4
23143,3,3,4
23144,2,4,2
23145,3,3,4
23146,4,3,4
23147,3,3,4
23148,4,3,4
23149,3,3,4
23150,2,4,2
23151,2,4,2
23152,3,3,4
23153,5,5,5
23154,3,3,4
23155,5,5,5
23156,3,3,4
23157,5,5,5
23158,5,5,5
23159,2,4,2
23160,3,3,4
23161,4,3,4
23162,3,3,4
23163,3,3,4
23164,3,3,4
23165,3,3,4
23166,5,5,5
23167,5,5,5
23168,4,3,4
23169,2,4,2
23170,5,5,5
23171,3,3,4
23172,3,3,4
23173,3,3,4
23174,5,5,5
23175,3,3,4
23176,3,3,4
23177,3,3,4
23178,5,5,5
23179,3,3,4
23180,4,3,4
23181,3,3,4
23182,5,5,5
23183,4,3,4
