"","assigned_cluster"
"cond_A_cell1",1
"cond_A_cell2",1
"cond_A_cell3",1
"cond_A_cell4",1
"cond_A_cell5",1
"cond_A_cell6",1
"cond_A_cell7",1
"cond_A_cell8",1
"cond_A_cell9",1
"cond_A_cell10",1
"cond_A_cell11",1
"cond_A_cell12",1
"cond_A_cell13",1
"cond_A_cell14",1
"cond_A_cell15",1
"cond_A_cell16",1
"cond_A_cell17",1
"cond_A_cell18",1
"cond_A_cell19",1
"cond_A_cell20",1
"cond_A_cell21",1
"cond_A_cell22",1
"cond_A_cell23",1
"cond_A_cell24",1
"cond_A_cell25",1
"cond_A_cell26",1
"cond_A_cell27",1
"cond_A_cell28",1
"cond_A_cell29",1
"cond_A_cell30",1
"cond_A_cell31",1
"cond_A_cell32",1
"cond_A_cell33",1
"cond_A_cell34",1
"cond_A_cell35",1
"cond_A_cell36",1
"cond_A_cell37",1
"cond_A_cell38",1
"cond_A_cell39",1
"cond_A_cell40",1
"cond_A_cell41",1
"cond_A_cell42",1
"cond_A_cell43",1
"cond_A_cell44",1
"cond_A_cell45",1
"cond_A_cell46",1
"cond_A_cell47",1
"cond_A_cell48",1
"cond_A_cell49",1
"cond_A_cell50",1
"cond_A_cell51",1
"cond_A_cell52",1
"cond_A_cell53",1
"cond_A_cell54",1
"cond_A_cell55",1
"cond_A_cell56",1
"cond_A_cell57",1
"cond_A_cell58",1
"cond_A_cell59",1
"cond_A_cell60",1
"cond_A_cell61",1
"cond_A_cell62",1
"cond_A_cell63",1
"cond_A_cell64",1
"cond_A_cell65",1
"cond_A_cell66",1
"cond_A_cell67",1
"cond_A_cell68",1
"cond_A_cell69",1
"cond_A_cell70",1
"cond_A_cell71",1
"cond_A_cell72",1
"cond_A_cell73",1
"cond_A_cell74",1
"cond_A_cell75",1
"cond_A_cell76",1
"cond_A_cell77",1
"cond_A_cell78",1
"cond_A_cell79",1
"cond_A_cell80",1
"cond_A_cell81",1
"cond_A_cell82",1
"cond_A_cell83",1
"cond_A_cell84",1
"cond_A_cell85",1
"cond_A_cell86",1
"cond_A_cell87",1
"cond_A_cell88",1
"cond_A_cell89",1
"cond_A_cell90",1
"cond_A_cell91",1
"cond_A_cell92",1
"cond_A_cell93",1
"cond_A_cell94",1
"cond_A_cell95",1
"cond_A_cell96",1
"cond_A_cell97",1
"cond_A_cell98",1
"cond_A_cell99",1
"cond_A_cell100",1
"cond_A_cell101",1
"cond_A_cell102",1
"cond_A_cell103",1
"cond_A_cell104",1
"cond_A_cell105",1
"cond_A_cell106",1
"cond_A_cell107",1
"cond_A_cell108",1
"cond_A_cell109",1
"cond_A_cell110",1
"cond_A_cell111",1
"cond_A_cell112",1
"cond_A_cell113",1
"cond_A_cell114",1
"cond_A_cell115",1
"cond_A_cell116",1
"cond_A_cell117",1
"cond_A_cell118",1
"cond_A_cell119",1
"cond_A_cell120",1
"cond_A_cell121",1
"cond_A_cell122",1
"cond_A_cell123",1
"cond_A_cell124",1
"cond_A_cell125",1
"cond_A_cell126",1
"cond_A_cell127",1
"cond_A_cell128",1
"cond_A_cell129",1
"cond_A_cell130",1
"cond_A_cell131",1
"cond_A_cell132",1
"cond_A_cell133",1
"cond_A_cell134",1
"cond_A_cell135",1
"cond_A_cell136",1
"cond_A_cell137",1
"cond_A_cell138",1
"cond_A_cell139",1
"cond_A_cell140",1
"cond_A_cell141",1
"cond_A_cell142",1
"cond_A_cell143",1
"cond_A_cell144",1
"cond_A_cell145",1
"cond_A_cell146",1
"cond_A_cell147",1
"cond_A_cell148",1
"cond_A_cell149",1
"cond_A_cell150",1
"cond_A_cell151",1
"cond_A_cell152",1
"cond_A_cell153",1
"cond_A_cell154",1
"cond_A_cell155",1
"cond_A_cell156",1
"cond_A_cell157",1
"cond_A_cell158",1
"cond_A_cell159",1
"cond_A_cell160",1
"cond_A_cell161",1
"cond_A_cell162",1
"cond_A_cell163",1
"cond_A_cell164",1
"cond_A_cell165",1
"cond_A_cell166",1
"cond_A_cell167",1
"cond_A_cell168",1
"cond_A_cell169",1
"cond_A_cell170",1
"cond_A_cell171",1
"cond_A_cell172",1
"cond_A_cell173",1
"cond_A_cell174",1
"cond_A_cell175",1
"cond_A_cell176",1
"cond_A_cell177",1
"cond_A_cell178",1
"cond_A_cell179",1
"cond_A_cell180",1
"cond_A_cell181",1
"cond_A_cell182",1
"cond_A_cell183",1
"cond_A_cell184",1
"cond_A_cell185",1
"cond_A_cell186",1
"cond_A_cell187",1
"cond_A_cell188",1
"cond_A_cell189",1
"cond_A_cell190",1
"cond_A_cell191",1
"cond_A_cell192",1
"cond_A_cell193",1
"cond_A_cell194",1
"cond_A_cell195",1
"cond_A_cell196",1
"cond_A_cell197",1
"cond_A_cell198",1
"cond_A_cell199",1
"cond_A_cell200",1
"cond_A_cell201",1
"cond_A_cell202",1
"cond_A_cell203",1
"cond_A_cell204",1
"cond_A_cell205",1
"cond_A_cell206",1
"cond_A_cell207",1
"cond_A_cell208",1
"cond_A_cell209",1
"cond_A_cell210",1
"cond_A_cell211",1
"cond_A_cell212",1
"cond_A_cell213",1
"cond_A_cell214",1
"cond_A_cell215",1
"cond_A_cell216",1
"cond_A_cell217",1
"cond_A_cell218",1
"cond_A_cell219",1
"cond_A_cell220",1
"cond_A_cell221",1
"cond_A_cell222",1
"cond_A_cell223",1
"cond_A_cell224",1
"cond_A_cell225",1
"cond_A_cell226",1
"cond_A_cell227",1
"cond_A_cell228",1
"cond_A_cell229",1
"cond_A_cell230",1
"cond_A_cell231",1
"cond_A_cell232",1
"cond_A_cell233",1
"cond_A_cell234",1
"cond_A_cell235",1
"cond_A_cell236",1
"cond_A_cell237",1
"cond_A_cell238",1
"cond_A_cell239",1
"cond_A_cell240",1
"cond_A_cell241",1
"cond_A_cell242",1
"cond_A_cell243",1
"cond_A_cell244",1
"cond_A_cell245",1
"cond_A_cell246",1
"cond_A_cell247",1
"cond_A_cell248",1
"cond_A_cell249",1
"cond_A_cell250",1
"cond_A_cell251",1
"cond_A_cell252",1
"cond_A_cell253",1
"cond_A_cell254",1
"cond_A_cell255",1
"cond_A_cell256",1
"cond_A_cell257",1
"cond_A_cell258",1
"cond_A_cell259",1
"cond_A_cell260",1
"cond_A_cell261",1
"cond_A_cell262",1
"cond_A_cell263",1
"cond_A_cell264",1
"cond_A_cell265",1
"cond_A_cell266",1
"cond_A_cell267",1
"cond_A_cell268",1
"cond_A_cell269",1
"cond_A_cell270",1
"cond_A_cell271",1
"cond_A_cell272",1
"cond_A_cell273",1
"cond_A_cell274",1
"cond_A_cell275",1
"cond_A_cell276",1
"cond_A_cell277",1
"cond_A_cell278",1
"cond_A_cell279",1
"cond_A_cell280",1
"cond_A_cell281",1
"cond_A_cell282",1
"cond_A_cell283",1
"cond_A_cell284",1
"cond_A_cell285",1
"cond_A_cell286",1
"cond_A_cell287",1
"cond_A_cell288",1
"cond_A_cell289",1
"cond_A_cell290",1
"cond_A_cell291",1
"cond_A_cell292",1
"cond_A_cell293",1
"cond_A_cell294",1
"cond_A_cell295",1
"cond_A_cell296",1
"cond_A_cell297",1
"cond_A_cell298",1
"cond_A_cell299",1
"cond_A_cell300",1
"cond_A_cell301",1
"cond_A_cell302",1
"cond_A_cell303",1
"cond_A_cell304",1
"cond_A_cell305",1
"cond_A_cell306",1
"cond_A_cell307",1
"cond_A_cell308",1
"cond_A_cell309",1
"cond_A_cell310",1
"cond_A_cell311",1
"cond_A_cell312",1
"cond_A_cell313",1
"cond_A_cell314",1
"cond_A_cell315",1
"cond_A_cell316",1
"cond_A_cell317",1
"cond_A_cell318",1
"cond_A_cell319",1
"cond_A_cell320",1
"cond_A_cell321",1
"cond_A_cell322",1
"cond_A_cell323",1
"cond_A_cell324",1
"cond_A_cell325",1
"cond_A_cell326",1
"cond_A_cell327",1
"cond_A_cell328",1
"cond_A_cell329",1
"cond_A_cell330",1
"cond_A_cell331",1
"cond_A_cell332",1
"cond_A_cell333",1
"cond_A_cell334",1
"cond_A_cell335",1
"cond_A_cell336",1
"cond_A_cell337",1
"cond_A_cell338",1
"cond_A_cell339",1
"cond_A_cell340",1
"cond_A_cell341",1
"cond_A_cell342",1
"cond_A_cell343",1
"cond_A_cell344",1
"cond_A_cell345",1
"cond_A_cell346",1
"cond_A_cell347",1
"cond_A_cell348",1
"cond_A_cell349",1
"cond_A_cell350",1
"cond_A_cell351",1
"cond_A_cell352",1
"cond_A_cell353",1
"cond_A_cell354",1
"cond_A_cell355",1
"cond_A_cell356",1
"cond_A_cell357",1
"cond_A_cell358",1
"cond_A_cell359",1
"cond_A_cell360",1
"cond_A_cell361",1
"cond_A_cell362",1
"cond_A_cell363",1
"cond_A_cell364",1
"cond_A_cell365",1
"cond_A_cell366",1
"cond_A_cell367",1
"cond_A_cell368",1
"cond_A_cell369",1
"cond_A_cell370",1
"cond_A_cell371",1
"cond_A_cell372",1
"cond_A_cell373",1
"cond_A_cell374",1
"cond_A_cell375",1
"cond_A_cell376",1
"cond_A_cell377",1
"cond_A_cell378",1
"cond_A_cell379",1
"cond_A_cell380",1
"cond_A_cell381",1
"cond_A_cell382",1
"cond_A_cell383",1
"cond_A_cell384",1
"cond_A_cell385",1
"cond_A_cell386",1
"cond_A_cell387",1
"cond_A_cell388",1
"cond_A_cell389",1
"cond_A_cell390",1
"cond_A_cell391",1
"cond_A_cell392",1
"cond_A_cell393",1
"cond_A_cell394",1
"cond_A_cell395",1
"cond_A_cell396",1
"cond_A_cell397",1
"cond_A_cell398",1
"cond_A_cell399",1
"cond_A_cell400",1
"cond_A_cell401",1
"cond_A_cell402",1
"cond_A_cell403",1
"cond_A_cell404",1
"cond_A_cell405",1
"cond_A_cell406",1
"cond_A_cell407",1
"cond_A_cell408",1
"cond_A_cell409",1
"cond_A_cell410",1
"cond_A_cell411",1
"cond_A_cell412",1
"cond_A_cell413",1
"cond_A_cell414",1
"cond_A_cell415",1
"cond_A_cell416",1
"cond_A_cell417",1
"cond_A_cell418",1
"cond_A_cell419",1
"cond_A_cell420",1
"cond_A_cell421",1
"cond_A_cell422",1
"cond_A_cell423",1
"cond_A_cell424",1
"cond_A_cell425",1
"cond_A_cell426",1
"cond_A_cell427",1
"cond_A_cell428",1
"cond_A_cell429",1
"cond_A_cell430",1
"cond_A_cell431",1
"cond_A_cell432",1
"cond_A_cell433",1
"cond_A_cell434",1
"cond_A_cell435",1
"cond_A_cell436",1
"cond_A_cell437",1
"cond_A_cell438",1
"cond_A_cell439",1
"cond_A_cell440",1
"cond_A_cell441",1
"cond_A_cell442",1
"cond_A_cell443",1
"cond_A_cell444",1
"cond_A_cell445",1
"cond_A_cell446",1
"cond_A_cell447",1
"cond_A_cell448",1
"cond_A_cell449",1
"cond_A_cell450",1
"cond_A_cell451",1
"cond_A_cell452",1
"cond_A_cell453",1
"cond_A_cell454",1
"cond_A_cell455",1
"cond_A_cell456",1
"cond_A_cell457",1
"cond_A_cell458",1
"cond_A_cell459",1
"cond_A_cell460",1
"cond_A_cell461",1
"cond_A_cell462",1
"cond_A_cell463",1
"cond_A_cell464",1
"cond_A_cell465",1
"cond_A_cell466",1
"cond_A_cell467",1
"cond_A_cell468",1
"cond_A_cell469",1
"cond_A_cell470",1
"cond_A_cell471",1
"cond_A_cell472",1
"cond_A_cell473",1
"cond_A_cell474",1
"cond_A_cell475",1
"cond_A_cell476",1
"cond_A_cell477",1
"cond_A_cell478",1
"cond_A_cell479",1
"cond_A_cell480",1
"cond_A_cell481",1
"cond_A_cell482",1
"cond_A_cell483",1
"cond_A_cell484",1
"cond_A_cell485",1
"cond_A_cell486",1
"cond_A_cell487",1
"cond_A_cell488",1
"cond_A_cell489",1
"cond_A_cell490",1
"cond_A_cell491",1
"cond_A_cell492",1
"cond_A_cell493",1
"cond_A_cell494",1
"cond_A_cell495",1
"cond_A_cell496",1
"cond_A_cell497",1
"cond_A_cell498",1
"cond_A_cell499",1
"cond_A_cell500",1
"cond_A_cell501",1
"cond_A_cell502",1
"cond_A_cell503",1
"cond_A_cell504",1
"cond_A_cell505",1
"cond_A_cell506",1
"cond_A_cell507",1
"cond_A_cell508",1
"cond_A_cell509",1
"cond_A_cell510",1
"cond_A_cell511",1
"cond_A_cell512",1
"cond_A_cell513",1
"cond_A_cell514",1
"cond_A_cell515",1
"cond_A_cell516",1
"cond_A_cell517",1
"cond_A_cell518",1
"cond_A_cell519",1
"cond_A_cell520",1
"cond_A_cell521",1
"cond_A_cell522",1
"cond_A_cell523",1
"cond_A_cell524",1
"cond_A_cell525",1
"cond_A_cell526",1
"cond_A_cell527",1
"cond_A_cell528",1
"cond_A_cell529",1
"cond_A_cell530",1
"cond_A_cell531",1
"cond_A_cell532",1
"cond_A_cell533",1
"cond_A_cell534",1
"cond_A_cell535",1
"cond_A_cell536",1
"cond_A_cell537",1
"cond_A_cell538",1
"cond_A_cell539",1
"cond_A_cell540",1
"cond_A_cell541",1
"cond_A_cell542",1
"cond_A_cell543",1
"cond_A_cell544",1
"cond_A_cell545",1
"cond_A_cell546",1
"cond_A_cell547",1
"cond_A_cell548",1
"cond_A_cell549",1
"cond_A_cell550",1
"cond_A_cell551",1
"cond_A_cell552",1
"cond_A_cell553",1
"cond_A_cell554",1
"cond_A_cell555",1
"cond_A_cell556",1
"cond_A_cell557",1
"cond_A_cell558",1
"cond_A_cell559",1
"cond_A_cell560",1
"cond_A_cell561",1
"cond_A_cell562",1
"cond_A_cell563",1
"cond_A_cell564",1
"cond_A_cell565",1
"cond_A_cell566",1
"cond_A_cell567",1
"cond_A_cell568",1
"cond_A_cell569",1
"cond_A_cell570",1
"cond_A_cell571",1
"cond_A_cell572",1
"cond_A_cell573",1
"cond_A_cell574",1
"cond_A_cell575",1
"cond_A_cell576",1
"cond_A_cell577",1
"cond_A_cell578",1
"cond_A_cell579",1
"cond_A_cell580",1
"cond_A_cell581",1
"cond_A_cell582",1
"cond_A_cell583",1
"cond_A_cell584",1
"cond_A_cell585",1
"cond_A_cell586",1
"cond_A_cell587",1
"cond_A_cell588",1
"cond_A_cell589",1
"cond_A_cell590",1
"cond_A_cell591",1
"cond_A_cell592",1
"cond_A_cell593",1
"cond_A_cell594",1
"cond_A_cell595",1
"cond_A_cell596",1
"cond_A_cell597",1
"cond_A_cell598",1
"cond_A_cell599",1
"cond_A_cell600",1
"cond_A_cell601",1
"cond_A_cell602",1
"cond_A_cell603",1
"cond_A_cell604",1
"cond_A_cell605",1
"cond_A_cell606",1
"cond_A_cell607",1
"cond_A_cell608",1
"cond_A_cell609",1
"cond_A_cell610",1
"cond_A_cell611",1
"cond_A_cell612",1
"cond_A_cell613",1
"cond_A_cell614",1
"cond_A_cell615",1
"cond_A_cell616",1
"cond_A_cell617",1
"cond_A_cell618",1
"cond_A_cell619",1
"cond_A_cell620",1
"cond_A_cell621",1
"cond_A_cell622",1
"cond_A_cell623",1
"cond_A_cell624",1
"cond_A_cell625",1
"cond_A_cell626",1
"cond_A_cell627",1
"cond_A_cell628",1
"cond_A_cell629",1
"cond_A_cell630",1
"cond_A_cell631",1
"cond_A_cell632",1
"cond_A_cell633",1
"cond_A_cell634",1
"cond_A_cell635",1
"cond_A_cell636",1
"cond_A_cell637",1
"cond_A_cell638",1
"cond_A_cell639",1
"cond_A_cell640",1
"cond_A_cell641",1
"cond_A_cell642",1
"cond_A_cell643",1
"cond_A_cell644",1
"cond_A_cell645",1
"cond_A_cell646",1
"cond_A_cell647",1
"cond_A_cell648",1
"cond_A_cell649",1
"cond_A_cell650",1
"cond_A_cell651",1
"cond_A_cell652",1
"cond_A_cell653",1
"cond_A_cell654",1
"cond_A_cell655",1
"cond_A_cell656",1
"cond_A_cell657",1
"cond_A_cell658",1
"cond_A_cell659",1
"cond_A_cell660",1
"cond_A_cell661",1
"cond_A_cell662",1
"cond_A_cell663",1
"cond_A_cell664",1
"cond_A_cell665",1
"cond_A_cell666",1
"cond_A_cell667",1
"cond_A_cell668",1
"cond_A_cell669",1
"cond_A_cell670",1
"cond_A_cell671",1
"cond_A_cell672",1
"cond_A_cell673",1
"cond_A_cell674",1
"cond_A_cell675",1
"cond_A_cell676",1
"cond_A_cell677",1
"cond_A_cell678",1
"cond_A_cell679",1
"cond_A_cell680",1
"cond_A_cell681",1
"cond_A_cell682",1
"cond_A_cell683",1
"cond_A_cell684",1
"cond_A_cell685",1
"cond_A_cell686",1
"cond_A_cell687",1
"cond_A_cell688",1
"cond_A_cell689",1
"cond_A_cell690",1
"cond_A_cell691",1
"cond_A_cell692",1
"cond_A_cell693",1
"cond_A_cell694",1
"cond_A_cell695",1
"cond_A_cell696",1
"cond_A_cell697",1
"cond_A_cell698",1
"cond_A_cell699",1
"cond_A_cell700",1
"cond_A_cell701",1
"cond_A_cell702",1
"cond_A_cell703",1
"cond_A_cell704",1
"cond_A_cell705",1
"cond_A_cell706",1
"cond_A_cell707",1
"cond_A_cell708",1
"cond_A_cell709",1
"cond_A_cell710",1
"cond_A_cell711",1
"cond_A_cell712",1
"cond_A_cell713",1
"cond_A_cell714",1
"cond_A_cell715",1
"cond_A_cell716",1
"cond_A_cell717",1
"cond_A_cell718",1
"cond_A_cell719",1
"cond_A_cell720",1
"cond_A_cell721",1
"cond_A_cell722",1
"cond_A_cell723",1
"cond_A_cell724",1
"cond_A_cell725",1
"cond_A_cell726",1
"cond_A_cell727",1
"cond_A_cell728",1
"cond_A_cell729",1
"cond_A_cell730",1
"cond_A_cell731",1
"cond_A_cell732",1
"cond_A_cell733",1
"cond_A_cell734",1
"cond_A_cell735",1
"cond_A_cell736",1
"cond_A_cell737",1
"cond_A_cell738",1
"cond_A_cell739",1
"cond_A_cell740",1
"cond_A_cell741",1
"cond_A_cell742",1
"cond_A_cell743",1
"cond_A_cell744",1
"cond_A_cell745",1
"cond_A_cell746",1
"cond_A_cell747",1
"cond_A_cell748",1
"cond_A_cell749",1
"cond_A_cell750",1
"cond_A_cell751",1
"cond_A_cell752",1
"cond_A_cell753",1
"cond_A_cell754",1
"cond_A_cell755",1
"cond_A_cell756",1
"cond_A_cell757",1
"cond_A_cell758",1
"cond_A_cell759",1
"cond_A_cell760",1
"cond_A_cell761",1
"cond_A_cell762",1
"cond_A_cell763",1
"cond_A_cell764",1
"cond_A_cell765",1
"cond_A_cell766",1
"cond_A_cell767",1
"cond_A_cell768",1
"cond_A_cell769",1
"cond_A_cell770",1
"cond_A_cell771",1
"cond_A_cell772",1
"cond_A_cell773",1
"cond_A_cell774",1
"cond_A_cell775",1
"cond_A_cell776",1
"cond_A_cell777",1
"cond_A_cell778",1
"cond_A_cell779",1
"cond_A_cell780",1
"cond_A_cell781",1
"cond_A_cell782",1
"cond_A_cell783",1
"cond_A_cell784",1
"cond_A_cell785",1
"cond_A_cell786",1
"cond_A_cell787",1
"cond_A_cell788",1
"cond_A_cell789",1
"cond_A_cell790",1
"cond_A_cell791",1
"cond_A_cell792",1
"cond_A_cell793",1
"cond_A_cell794",1
"cond_A_cell795",1
"cond_A_cell796",1
"cond_A_cell797",1
"cond_A_cell798",1
"cond_A_cell799",1
"cond_A_cell800",1
"cond_A_cell801",1
"cond_A_cell802",1
"cond_A_cell803",1
"cond_A_cell804",1
"cond_A_cell805",1
"cond_A_cell806",1
"cond_A_cell807",1
"cond_A_cell808",1
"cond_A_cell809",1
"cond_A_cell810",1
"cond_A_cell811",1
"cond_A_cell812",1
"cond_A_cell813",1
"cond_A_cell814",1
"cond_A_cell815",1
"cond_A_cell816",1
"cond_A_cell817",1
"cond_A_cell818",1
"cond_A_cell819",1
"cond_A_cell820",1
"cond_A_cell821",1
"cond_A_cell822",1
"cond_A_cell823",1
"cond_A_cell824",1
"cond_A_cell825",1
"cond_A_cell826",1
"cond_A_cell827",1
"cond_A_cell828",1
"cond_A_cell829",1
"cond_A_cell830",1
"cond_A_cell831",1
"cond_A_cell832",1
"cond_A_cell833",1
"cond_A_cell834",1
"cond_A_cell835",1
"cond_A_cell836",1
"cond_A_cell837",1
"cond_A_cell838",1
"cond_A_cell839",1
"cond_A_cell840",1
"cond_A_cell841",1
"cond_A_cell842",1
"cond_A_cell843",1
"cond_A_cell844",1
"cond_A_cell845",1
"cond_A_cell846",1
"cond_A_cell847",1
"cond_A_cell848",1
"cond_A_cell849",1
"cond_A_cell850",1
"cond_A_cell851",1
"cond_A_cell852",1
"cond_A_cell853",1
"cond_A_cell854",1
"cond_A_cell855",1
"cond_A_cell856",1
"cond_A_cell857",1
"cond_A_cell858",1
"cond_A_cell859",1
"cond_A_cell860",1
"cond_A_cell861",1
"cond_A_cell862",1
"cond_A_cell863",1
"cond_A_cell864",1
"cond_A_cell865",1
"cond_A_cell866",1
"cond_A_cell867",1
"cond_A_cell868",1
"cond_A_cell869",1
"cond_A_cell870",1
"cond_A_cell871",1
"cond_A_cell872",1
"cond_A_cell873",1
"cond_A_cell874",1
"cond_A_cell875",1
"cond_A_cell876",1
"cond_A_cell877",1
"cond_A_cell878",1
"cond_A_cell879",1
"cond_A_cell880",1
"cond_A_cell881",1
"cond_A_cell882",1
"cond_A_cell883",1
"cond_A_cell884",1
"cond_A_cell885",1
"cond_A_cell886",1
"cond_A_cell887",1
"cond_A_cell888",1
"cond_A_cell889",1
"cond_A_cell890",1
"cond_A_cell891",1
"cond_A_cell892",1
"cond_A_cell893",1
"cond_A_cell894",1
"cond_A_cell895",1
"cond_A_cell896",1
"cond_A_cell897",1
"cond_A_cell898",1
"cond_A_cell899",1
"cond_A_cell900",1
"cond_A_cell901",1
"cond_A_cell902",1
"cond_A_cell903",1
"cond_A_cell904",1
"cond_A_cell905",1
"cond_A_cell906",1
"cond_A_cell907",1
"cond_A_cell908",1
"cond_A_cell909",1
"cond_A_cell910",1
"cond_A_cell911",1
"cond_A_cell912",1
"cond_A_cell913",1
"cond_A_cell914",1
"cond_A_cell915",1
"cond_A_cell916",1
"cond_A_cell917",1
"cond_A_cell918",1
"cond_A_cell919",1
"cond_A_cell920",1
"cond_A_cell921",1
"cond_A_cell922",1
"cond_A_cell923",1
"cond_A_cell924",1
"cond_A_cell925",1
"cond_A_cell926",1
"cond_A_cell927",1
"cond_A_cell928",1
"cond_A_cell929",1
"cond_A_cell930",1
"cond_A_cell931",1
"cond_A_cell932",1
"cond_A_cell933",1
"cond_A_cell934",1
"cond_A_cell935",1
"cond_A_cell936",1
"cond_A_cell937",1
"cond_A_cell938",1
"cond_A_cell939",1
"cond_A_cell940",1
"cond_A_cell941",1
"cond_A_cell942",1
"cond_A_cell943",1
"cond_A_cell944",1
"cond_A_cell945",1
"cond_A_cell946",1
"cond_A_cell947",1
"cond_A_cell948",1
"cond_A_cell949",1
"cond_A_cell950",1
"cond_A_cell951",1
"cond_A_cell952",1
"cond_A_cell953",1
"cond_A_cell954",1
"cond_A_cell955",1
"cond_A_cell956",1
"cond_A_cell957",1
"cond_A_cell958",1
"cond_A_cell959",1
"cond_A_cell960",1
"cond_A_cell961",1
"cond_A_cell962",1
"cond_A_cell963",1
"cond_A_cell964",1
"cond_A_cell965",1
"cond_A_cell966",1
"cond_A_cell967",1
"cond_A_cell968",1
"cond_A_cell969",1
"cond_A_cell970",1
"cond_A_cell971",1
"cond_A_cell972",1
"cond_A_cell973",1
"cond_A_cell974",1
"cond_A_cell975",1
"cond_A_cell976",1
"cond_A_cell977",1
"cond_A_cell978",1
"cond_A_cell979",1
"cond_A_cell980",1
"cond_A_cell981",1
"cond_A_cell982",1
"cond_A_cell983",1
"cond_A_cell984",1
"cond_A_cell985",1
"cond_A_cell986",1
"cond_A_cell987",1
"cond_A_cell988",1
"cond_A_cell989",1
"cond_A_cell990",1
"cond_A_cell991",1
"cond_A_cell992",1
"cond_A_cell993",1
"cond_A_cell994",1
"cond_A_cell995",1
"cond_A_cell996",1
"cond_A_cell997",1
"cond_A_cell998",1
"cond_A_cell999",1
"cond_A_cell1000",1
"cond_A_cell1001",1
"cond_A_cell1002",1
"cond_A_cell1003",1
"cond_A_cell1004",1
"cond_A_cell1005",1
"cond_A_cell1006",1
"cond_A_cell1007",1
"cond_A_cell1008",1
"cond_A_cell1009",1
"cond_A_cell1010",1
"cond_A_cell1011",1
"cond_A_cell1012",1
"cond_A_cell1013",1
"cond_A_cell1014",1
"cond_A_cell1015",1
"cond_A_cell1016",1
"cond_A_cell1017",1
"cond_A_cell1018",1
"cond_A_cell1019",1
"cond_A_cell1020",1
"cond_A_cell1021",1
"cond_A_cell1022",1
"cond_A_cell1023",1
"cond_A_cell1024",1
"cond_A_cell1025",1
"cond_A_cell1026",1
"cond_A_cell1027",1
"cond_A_cell1028",1
"cond_A_cell1029",1
"cond_A_cell1030",1
"cond_A_cell1031",1
"cond_A_cell1032",1
"cond_A_cell1033",1
"cond_A_cell1034",1
"cond_A_cell1035",1
"cond_A_cell1036",1
"cond_A_cell1037",1
"cond_A_cell1038",1
"cond_A_cell1039",1
"cond_A_cell1040",1
"cond_A_cell1041",1
"cond_A_cell1042",1
"cond_A_cell1043",1
"cond_A_cell1044",1
"cond_A_cell1045",1
"cond_A_cell1046",1
"cond_A_cell1047",1
"cond_A_cell1048",1
"cond_A_cell1049",1
"cond_A_cell1050",1
"cond_A_cell1051",1
"cond_A_cell1052",1
"cond_A_cell1053",1
"cond_A_cell1054",1
"cond_A_cell1055",1
"cond_A_cell1056",1
"cond_A_cell1057",1
"cond_A_cell1058",1
"cond_A_cell1059",1
"cond_A_cell1060",1
"cond_A_cell1061",1
"cond_A_cell1062",1
"cond_A_cell1063",1
"cond_A_cell1064",1
"cond_A_cell1065",1
"cond_A_cell1066",1
"cond_A_cell1067",1
"cond_A_cell1068",1
"cond_A_cell1069",1
"cond_A_cell1070",1
"cond_A_cell1071",1
"cond_A_cell1072",1
"cond_A_cell1073",1
"cond_A_cell1074",1
"cond_A_cell1075",1
"cond_A_cell1076",1
"cond_A_cell1077",1
"cond_A_cell1078",1
"cond_A_cell1079",1
"cond_A_cell1080",1
"cond_A_cell1081",1
"cond_A_cell1082",1
"cond_A_cell1083",1
"cond_A_cell1084",1
"cond_A_cell1085",1
"cond_A_cell1086",1
"cond_A_cell1087",1
"cond_A_cell1088",1
"cond_A_cell1089",1
"cond_A_cell1090",1
"cond_A_cell1091",1
"cond_A_cell1092",1
"cond_A_cell1093",1
"cond_A_cell1094",1
"cond_A_cell1095",1
"cond_A_cell1096",1
"cond_A_cell1097",1
"cond_A_cell1098",1
"cond_A_cell1099",1
"cond_A_cell1100",1
"cond_A_cell1101",1
"cond_A_cell1102",1
"cond_A_cell1103",1
"cond_A_cell1104",1
"cond_A_cell1105",1
"cond_A_cell1106",1
"cond_A_cell1107",1
"cond_A_cell1108",1
"cond_A_cell1109",1
"cond_A_cell1110",1
"cond_A_cell1111",1
"cond_A_cell1112",1
"cond_A_cell1113",1
"cond_A_cell1114",1
"cond_A_cell1115",1
"cond_A_cell1116",1
"cond_A_cell1117",1
"cond_A_cell1118",1
"cond_A_cell1119",1
"cond_A_cell1120",1
"cond_A_cell1121",1
"cond_A_cell1122",1
"cond_A_cell1123",1
"cond_A_cell1124",1
"cond_A_cell1125",1
"cond_A_cell1126",1
"cond_A_cell1127",1
"cond_A_cell1128",1
"cond_A_cell1129",1
"cond_A_cell1130",1
"cond_A_cell1131",1
"cond_A_cell1132",1
"cond_A_cell1133",1
"cond_A_cell1134",1
"cond_A_cell1135",1
"cond_A_cell1136",1
"cond_A_cell1137",1
"cond_A_cell1138",1
"cond_A_cell1139",1
"cond_A_cell1140",1
"cond_A_cell1141",1
"cond_A_cell1142",1
"cond_A_cell1143",1
"cond_A_cell1144",1
"cond_A_cell1145",1
"cond_A_cell1146",1
"cond_A_cell1147",1
"cond_A_cell1148",1
"cond_A_cell1149",1
"cond_A_cell1150",1
"cond_A_cell1151",1
"cond_A_cell1152",1
"cond_A_cell1153",1
"cond_A_cell1154",1
"cond_A_cell1155",1
"cond_A_cell1156",1
"cond_A_cell1157",1
"cond_A_cell1158",1
"cond_A_cell1159",1
"cond_A_cell1160",1
"cond_A_cell1161",1
"cond_A_cell1162",1
"cond_A_cell1163",1
"cond_A_cell1164",1
"cond_A_cell1165",1
"cond_A_cell1166",1
"cond_A_cell1167",1
"cond_A_cell1168",1
"cond_A_cell1169",1
"cond_A_cell1170",1
"cond_A_cell1171",1
"cond_A_cell1172",1
"cond_A_cell1173",1
"cond_A_cell1174",1
"cond_A_cell1175",1
"cond_A_cell1176",1
"cond_A_cell1177",1
"cond_A_cell1178",1
"cond_A_cell1179",1
"cond_A_cell1180",1
"cond_A_cell1181",1
"cond_A_cell1182",1
"cond_A_cell1183",1
"cond_A_cell1184",1
"cond_A_cell1185",1
"cond_A_cell1186",1
"cond_A_cell1187",1
"cond_A_cell1188",1
"cond_A_cell1189",1
"cond_A_cell1190",1
"cond_A_cell1191",1
"cond_A_cell1192",1
"cond_A_cell1193",1
"cond_A_cell1194",1
"cond_A_cell1195",1
"cond_A_cell1196",1
"cond_A_cell1197",1
"cond_A_cell1198",1
"cond_A_cell1199",1
"cond_A_cell1200",1
"cond_A_cell1201",1
"cond_A_cell1202",1
"cond_A_cell1203",1
"cond_A_cell1204",1
"cond_A_cell1205",1
"cond_A_cell1206",1
"cond_A_cell1207",1
"cond_A_cell1208",1
"cond_A_cell1209",1
"cond_A_cell1210",1
"cond_A_cell1211",1
"cond_A_cell1212",1
"cond_A_cell1213",1
"cond_A_cell1214",1
"cond_A_cell1215",1
"cond_A_cell1216",1
"cond_A_cell1217",1
"cond_A_cell1218",1
"cond_A_cell1219",1
"cond_A_cell1220",1
"cond_A_cell1221",1
"cond_A_cell1222",1
"cond_A_cell1223",1
"cond_A_cell1224",1
"cond_A_cell1225",1
"cond_A_cell1226",1
"cond_A_cell1227",1
"cond_A_cell1228",1
"cond_A_cell1229",1
"cond_A_cell1230",1
"cond_A_cell1231",1
"cond_A_cell1232",1
"cond_A_cell1233",1
"cond_A_cell1234",1
"cond_A_cell1235",1
"cond_A_cell1236",1
"cond_A_cell1237",1
"cond_A_cell1238",1
"cond_A_cell1239",1
"cond_A_cell1240",1
"cond_A_cell1241",1
"cond_A_cell1242",1
"cond_A_cell1243",1
"cond_A_cell1244",1
"cond_A_cell1245",1
"cond_A_cell1246",1
"cond_A_cell1247",1
"cond_A_cell1248",1
"cond_A_cell1249",1
"cond_A_cell1250",1
"cond_A_cell1251",1
"cond_A_cell1252",1
"cond_A_cell1253",1
"cond_A_cell1254",1
"cond_A_cell1255",1
"cond_A_cell1256",1
"cond_A_cell1257",1
"cond_A_cell1258",1
"cond_A_cell1259",1
"cond_A_cell1260",1
"cond_A_cell1261",1
"cond_A_cell1262",1
"cond_A_cell1263",1
"cond_A_cell1264",1
"cond_A_cell1265",1
"cond_A_cell1266",1
"cond_A_cell1267",1
"cond_A_cell1268",1
"cond_A_cell1269",1
"cond_A_cell1270",1
"cond_A_cell1271",1
"cond_A_cell1272",1
"cond_A_cell1273",1
"cond_A_cell1274",1
"cond_A_cell1275",1
"cond_A_cell1276",1
"cond_A_cell1277",1
"cond_A_cell1278",1
"cond_A_cell1279",1
"cond_A_cell1280",1
"cond_A_cell1281",1
"cond_A_cell1282",1
"cond_A_cell1283",1
"cond_A_cell1284",1
"cond_A_cell1285",1
"cond_A_cell1286",1
"cond_A_cell1287",1
"cond_A_cell1288",1
"cond_A_cell1289",1
"cond_A_cell1290",1
"cond_A_cell1291",1
"cond_A_cell1292",1
"cond_A_cell1293",1
"cond_A_cell1294",1
"cond_A_cell1295",1
"cond_A_cell1296",1
"cond_A_cell1297",1
"cond_A_cell1298",1
"cond_A_cell1299",1
"cond_A_cell1300",1
"cond_A_cell1301",1
"cond_A_cell1302",1
"cond_A_cell1303",1
"cond_A_cell1304",1
"cond_A_cell1305",1
"cond_A_cell1306",1
"cond_A_cell1307",1
"cond_A_cell1308",1
"cond_A_cell1309",1
"cond_A_cell1310",1
"cond_A_cell1311",1
"cond_A_cell1312",1
"cond_A_cell1313",1
"cond_A_cell1314",1
"cond_A_cell1315",1
"cond_A_cell1316",1
"cond_A_cell1317",1
"cond_A_cell1318",1
"cond_A_cell1319",1
"cond_A_cell1320",1
"cond_A_cell1321",1
"cond_A_cell1322",1
"cond_A_cell1323",1
"cond_A_cell1324",1
"cond_A_cell1325",1
"cond_A_cell1326",1
"cond_A_cell1327",1
"cond_A_cell1328",1
"cond_A_cell1329",1
"cond_A_cell1330",1
"cond_A_cell1331",1
"cond_A_cell1332",1
"cond_A_cell1333",1
"cond_A_cell1334",1
"cond_A_cell1335",1
"cond_A_cell1336",1
"cond_A_cell1337",1
"cond_A_cell1338",1
"cond_A_cell1339",1
"cond_A_cell1340",1
"cond_A_cell1341",1
"cond_A_cell1342",1
"cond_A_cell1343",1
"cond_A_cell1344",1
"cond_A_cell1345",1
"cond_A_cell1346",1
"cond_A_cell1347",1
"cond_A_cell1348",1
"cond_A_cell1349",1
"cond_A_cell1350",1
"cond_A_cell1351",1
"cond_A_cell1352",1
"cond_A_cell1353",1
"cond_A_cell1354",1
"cond_A_cell1355",1
"cond_A_cell1356",1
"cond_A_cell1357",1
"cond_A_cell1358",1
"cond_A_cell1359",1
"cond_A_cell1360",1
"cond_A_cell1361",1
"cond_A_cell1362",1
"cond_A_cell1363",1
"cond_A_cell1364",1
"cond_A_cell1365",1
"cond_A_cell1366",1
"cond_A_cell1367",1
"cond_A_cell1368",1
"cond_A_cell1369",1
"cond_A_cell1370",1
"cond_A_cell1371",1
"cond_A_cell1372",1
"cond_A_cell1373",1
"cond_A_cell1374",1
"cond_A_cell1375",1
"cond_A_cell1376",1
"cond_A_cell1377",1
"cond_A_cell1378",1
"cond_A_cell1379",1
"cond_A_cell1380",1
"cond_A_cell1381",1
"cond_A_cell1382",1
"cond_A_cell1383",1
"cond_A_cell1384",1
"cond_A_cell1385",1
"cond_A_cell1386",1
"cond_A_cell1387",1
"cond_A_cell1388",1
"cond_A_cell1389",1
"cond_A_cell1390",1
"cond_A_cell1391",1
"cond_A_cell1392",1
"cond_A_cell1393",1
"cond_A_cell1394",1
"cond_A_cell1395",1
"cond_A_cell1396",1
"cond_A_cell1397",1
"cond_A_cell1398",1
"cond_A_cell1399",1
"cond_A_cell1400",1
"cond_A_cell1401",1
"cond_A_cell1402",1
"cond_A_cell1403",1
"cond_A_cell1404",1
"cond_A_cell1405",1
"cond_A_cell1406",1
"cond_A_cell1407",1
"cond_A_cell1408",1
"cond_A_cell1409",1
"cond_A_cell1410",1
"cond_A_cell1411",1
"cond_A_cell1412",1
"cond_A_cell1413",1
"cond_A_cell1414",1
"cond_A_cell1415",1
"cond_A_cell1416",1
"cond_A_cell1417",1
"cond_A_cell1418",1
"cond_A_cell1419",1
"cond_A_cell1420",1
"cond_A_cell1421",1
"cond_A_cell1422",1
"cond_A_cell1423",1
"cond_A_cell1424",1
"cond_A_cell1425",1
"cond_A_cell1426",1
"cond_A_cell1427",1
"cond_A_cell1428",1
"cond_A_cell1429",1
"cond_A_cell1430",1
"cond_A_cell1431",1
"cond_A_cell1432",1
"cond_A_cell1433",1
"cond_A_cell1434",1
"cond_A_cell1435",1
"cond_A_cell1436",1
"cond_A_cell1437",1
"cond_A_cell1438",1
"cond_A_cell1439",1
"cond_A_cell1440",1
"cond_A_cell1441",1
"cond_A_cell1442",1
"cond_A_cell1443",1
"cond_A_cell1444",1
"cond_A_cell1445",1
"cond_A_cell1446",1
"cond_A_cell1447",1
"cond_A_cell1448",1
"cond_A_cell1449",1
"cond_A_cell1450",1
"cond_A_cell1451",1
"cond_A_cell1452",1
"cond_A_cell1453",1
"cond_A_cell1454",1
"cond_A_cell1455",1
"cond_A_cell1456",1
"cond_A_cell1457",1
"cond_A_cell1458",1
"cond_A_cell1459",1
"cond_A_cell1460",1
"cond_A_cell1461",1
"cond_A_cell1462",1
"cond_A_cell1463",1
"cond_A_cell1464",1
"cond_A_cell1465",1
"cond_A_cell1466",1
"cond_A_cell1467",1
"cond_A_cell1468",1
"cond_A_cell1469",1
"cond_A_cell1470",1
"cond_A_cell1471",1
"cond_A_cell1472",1
"cond_A_cell1473",1
"cond_A_cell1474",1
"cond_A_cell1475",1
"cond_A_cell1476",1
"cond_A_cell1477",1
"cond_A_cell1478",1
"cond_A_cell1479",1
"cond_A_cell1480",1
"cond_A_cell1481",1
"cond_A_cell1482",1
"cond_A_cell1483",1
"cond_A_cell1484",1
"cond_A_cell1485",1
"cond_A_cell1486",1
"cond_A_cell1487",1
"cond_A_cell1488",1
"cond_A_cell1489",1
"cond_A_cell1490",1
"cond_A_cell1491",1
"cond_A_cell1492",1
"cond_A_cell1493",1
"cond_A_cell1494",1
"cond_A_cell1495",1
"cond_A_cell1496",1
"cond_A_cell1497",1
"cond_A_cell1498",1
"cond_A_cell1499",1
"cond_A_cell1500",1
"cond_A_cell1501",1
"cond_A_cell1502",1
"cond_A_cell1503",1
"cond_A_cell1504",1
"cond_A_cell1505",1
"cond_A_cell1506",1
"cond_A_cell1507",1
"cond_A_cell1508",1
"cond_A_cell1509",1
"cond_A_cell1510",1
"cond_A_cell1511",1
"cond_A_cell1512",1
"cond_A_cell1513",1
"cond_A_cell1514",1
"cond_A_cell1515",1
"cond_A_cell1516",1
"cond_A_cell1517",1
"cond_A_cell1518",1
"cond_A_cell1519",1
"cond_A_cell1520",1
"cond_A_cell1521",1
"cond_A_cell1522",1
"cond_A_cell1523",1
"cond_A_cell1524",1
"cond_A_cell1525",1
"cond_A_cell1526",1
"cond_A_cell1527",1
"cond_A_cell1528",1
"cond_A_cell1529",1
"cond_A_cell1530",1
"cond_A_cell1531",1
"cond_A_cell1532",1
"cond_A_cell1533",1
"cond_A_cell1534",1
"cond_A_cell1535",1
"cond_A_cell1536",1
"cond_A_cell1537",1
"cond_A_cell1538",1
"cond_A_cell1539",1
"cond_A_cell1540",1
"cond_A_cell1541",1
"cond_A_cell1542",1
"cond_A_cell1543",1
"cond_A_cell1544",1
"cond_A_cell1545",1
"cond_A_cell1546",1
"cond_A_cell1547",1
"cond_A_cell1548",1
"cond_A_cell1549",1
"cond_A_cell1550",1
"cond_A_cell1551",1
"cond_A_cell1552",1
"cond_A_cell1553",1
"cond_A_cell1554",1
"cond_A_cell1555",1
"cond_A_cell1556",1
"cond_A_cell1557",1
"cond_A_cell1558",1
"cond_A_cell1559",1
"cond_A_cell1560",1
"cond_A_cell1561",1
"cond_A_cell1562",1
"cond_A_cell1563",1
"cond_A_cell1564",1
"cond_A_cell1565",1
"cond_A_cell1566",1
"cond_A_cell1567",1
"cond_A_cell1568",1
"cond_A_cell1569",1
"cond_A_cell1570",1
"cond_A_cell1571",1
"cond_A_cell1572",1
"cond_A_cell1573",1
"cond_A_cell1574",1
"cond_A_cell1575",1
"cond_A_cell1576",1
"cond_A_cell1577",1
"cond_A_cell1578",1
"cond_A_cell1579",1
"cond_A_cell1580",1
"cond_A_cell1581",1
"cond_A_cell1582",1
"cond_A_cell1583",1
"cond_A_cell1584",1
"cond_A_cell1585",1
"cond_A_cell1586",1
"cond_A_cell1587",1
"cond_A_cell1588",1
"cond_A_cell1589",1
"cond_A_cell1590",1
"cond_A_cell1591",1
"cond_A_cell1592",1
"cond_A_cell1593",1
"cond_A_cell1594",1
"cond_A_cell1595",1
"cond_A_cell1596",1
"cond_A_cell1597",1
"cond_A_cell1598",1
"cond_A_cell1599",1
"cond_A_cell1600",1
"cond_A_cell1601",1
"cond_A_cell1602",1
"cond_A_cell1603",1
"cond_A_cell1604",1
"cond_A_cell1605",1
"cond_A_cell1606",1
"cond_A_cell1607",1
"cond_A_cell1608",1
"cond_A_cell1609",1
"cond_A_cell1610",1
"cond_A_cell1611",1
"cond_A_cell1612",1
"cond_A_cell1613",1
"cond_A_cell1614",1
"cond_A_cell1615",1
"cond_A_cell1616",1
"cond_A_cell1617",1
"cond_A_cell1618",1
"cond_A_cell1619",1
"cond_A_cell1620",1
"cond_A_cell1621",1
"cond_A_cell1622",1
"cond_A_cell1623",1
"cond_A_cell1624",1
"cond_A_cell1625",1
"cond_A_cell1626",1
"cond_A_cell1627",1
"cond_A_cell1628",1
"cond_A_cell1629",1
"cond_A_cell1630",1
"cond_A_cell1631",1
"cond_A_cell1632",1
"cond_A_cell1633",1
"cond_A_cell1634",1
"cond_A_cell1635",1
"cond_A_cell1636",1
"cond_A_cell1637",1
"cond_A_cell1638",1
"cond_A_cell1639",1
"cond_A_cell1640",1
"cond_A_cell1641",1
"cond_A_cell1642",1
"cond_A_cell1643",1
"cond_A_cell1644",1
"cond_A_cell1645",1
"cond_A_cell1646",1
"cond_A_cell1647",1
"cond_A_cell1648",1
"cond_A_cell1649",1
"cond_A_cell1650",1
"cond_A_cell1651",1
"cond_A_cell1652",1
"cond_A_cell1653",1
"cond_A_cell1654",1
"cond_A_cell1655",1
"cond_A_cell1656",1
"cond_A_cell1657",1
"cond_A_cell1658",1
"cond_A_cell1659",1
"cond_A_cell1660",1
"cond_A_cell1661",1
"cond_A_cell1662",1
"cond_A_cell1663",1
"cond_A_cell1664",1
"cond_A_cell1665",1
"cond_A_cell1666",1
"cond_A_cell1667",1
"cond_A_cell1668",1
"cond_A_cell1669",1
"cond_A_cell1670",1
"cond_A_cell1671",1
"cond_A_cell1672",1
"cond_A_cell1673",1
"cond_A_cell1674",1
"cond_A_cell1675",1
"cond_A_cell1676",1
"cond_A_cell1677",1
"cond_A_cell1678",1
"cond_A_cell1679",1
"cond_A_cell1680",1
"cond_A_cell1681",1
"cond_A_cell1682",1
"cond_A_cell1683",1
"cond_A_cell1684",1
"cond_A_cell1685",1
"cond_A_cell1686",1
"cond_A_cell1687",1
"cond_A_cell1688",1
"cond_A_cell1689",1
"cond_A_cell1690",1
"cond_A_cell1691",1
"cond_A_cell1692",1
"cond_A_cell1693",1
"cond_A_cell1694",1
"cond_A_cell1695",1
"cond_A_cell1696",1
"cond_A_cell1697",1
"cond_A_cell1698",1
"cond_A_cell1699",1
"cond_A_cell1700",1
"cond_A_cell1701",1
"cond_A_cell1702",1
"cond_A_cell1703",1
"cond_A_cell1704",1
"cond_A_cell1705",1
"cond_A_cell1706",1
"cond_A_cell1707",1
"cond_A_cell1708",1
"cond_A_cell1709",1
"cond_A_cell1710",1
"cond_A_cell1711",1
"cond_A_cell1712",1
"cond_A_cell1713",1
"cond_A_cell1714",1
"cond_A_cell1715",1
"cond_A_cell1716",1
"cond_A_cell1717",1
"cond_A_cell1718",1
"cond_A_cell1719",1
"cond_A_cell1720",1
"cond_A_cell1721",1
"cond_A_cell1722",1
"cond_A_cell1723",1
"cond_A_cell1724",1
"cond_A_cell1725",1
"cond_A_cell1726",1
"cond_A_cell1727",1
"cond_A_cell1728",1
"cond_A_cell1729",1
"cond_A_cell1730",1
"cond_A_cell1731",1
"cond_A_cell1732",1
"cond_A_cell1733",1
"cond_A_cell1734",1
"cond_A_cell1735",1
"cond_A_cell1736",1
"cond_A_cell1737",1
"cond_A_cell1738",1
"cond_A_cell1739",1
"cond_A_cell1740",1
"cond_A_cell1741",1
"cond_A_cell1742",1
"cond_A_cell1743",1
"cond_A_cell1744",1
"cond_A_cell1745",1
"cond_A_cell1746",1
"cond_A_cell1747",1
"cond_A_cell1748",1
"cond_A_cell1749",1
"cond_A_cell1750",1
"cond_A_cell1751",1
"cond_A_cell1752",1
"cond_A_cell1753",1
"cond_A_cell1754",1
"cond_A_cell1755",1
"cond_A_cell1756",1
"cond_A_cell1757",1
"cond_A_cell1758",1
"cond_A_cell1759",1
"cond_A_cell1760",1
"cond_A_cell1761",1
"cond_A_cell1762",1
"cond_A_cell1763",1
"cond_A_cell1764",1
"cond_A_cell1765",1
"cond_A_cell1766",1
"cond_A_cell1767",1
"cond_A_cell1768",1
"cond_A_cell1769",1
"cond_A_cell1770",1
"cond_A_cell1771",1
"cond_A_cell1772",1
"cond_A_cell1773",1
"cond_A_cell1774",1
"cond_A_cell1775",1
"cond_A_cell1776",1
"cond_A_cell1777",1
"cond_A_cell1778",1
"cond_A_cell1779",1
"cond_A_cell1780",1
"cond_A_cell1781",1
"cond_A_cell1782",1
"cond_A_cell1783",1
"cond_A_cell1784",1
"cond_A_cell1785",1
"cond_A_cell1786",1
"cond_A_cell1787",1
"cond_A_cell1788",1
"cond_A_cell1789",1
"cond_A_cell1790",1
"cond_A_cell1791",1
"cond_A_cell1792",1
"cond_A_cell1793",1
"cond_A_cell1794",1
"cond_A_cell1795",1
"cond_A_cell1796",1
"cond_A_cell1797",1
"cond_A_cell1798",1
"cond_A_cell1799",1
"cond_A_cell1800",1
"cond_A_cell1801",1
"cond_A_cell1802",1
"cond_A_cell1803",1
"cond_A_cell1804",1
"cond_A_cell1805",1
"cond_A_cell1806",1
"cond_A_cell1807",1
"cond_A_cell1808",1
"cond_A_cell1809",1
"cond_A_cell1810",1
"cond_A_cell1811",1
"cond_A_cell1812",1
"cond_A_cell1813",1
"cond_A_cell1814",1
"cond_A_cell1815",1
"cond_A_cell1816",1
"cond_A_cell1817",1
"cond_A_cell1818",1
"cond_A_cell1819",1
"cond_A_cell1820",1
"cond_A_cell1821",1
"cond_A_cell1822",1
"cond_A_cell1823",1
"cond_A_cell1824",1
"cond_A_cell1825",1
"cond_A_cell1826",1
"cond_A_cell1827",1
"cond_A_cell1828",1
"cond_A_cell1829",1
"cond_A_cell1830",1
"cond_A_cell1831",1
"cond_A_cell1832",1
"cond_A_cell1833",1
"cond_A_cell1834",1
"cond_A_cell1835",1
"cond_A_cell1836",1
"cond_A_cell1837",1
"cond_A_cell1838",1
"cond_A_cell1839",1
"cond_A_cell1840",1
"cond_A_cell1841",1
"cond_A_cell1842",1
"cond_A_cell1843",1
"cond_A_cell1844",1
"cond_A_cell1845",1
"cond_A_cell1846",1
"cond_A_cell1847",1
"cond_A_cell1848",1
"cond_A_cell1849",1
"cond_A_cell1850",1
"cond_A_cell1851",1
"cond_A_cell1852",1
"cond_A_cell1853",1
"cond_A_cell1854",1
"cond_A_cell1855",1
"cond_A_cell1856",1
"cond_A_cell1857",1
"cond_A_cell1858",1
"cond_A_cell1859",1
"cond_A_cell1860",1
"cond_A_cell1861",1
"cond_A_cell1862",1
"cond_A_cell1863",1
"cond_A_cell1864",1
"cond_A_cell1865",1
"cond_A_cell1866",1
"cond_A_cell1867",1
"cond_A_cell1868",1
"cond_A_cell1869",1
"cond_A_cell1870",1
"cond_A_cell1871",1
"cond_A_cell1872",1
"cond_A_cell1873",1
"cond_A_cell1874",1
"cond_A_cell1875",1
"cond_A_cell1876",1
"cond_A_cell1877",1
"cond_A_cell1878",1
"cond_A_cell1879",1
"cond_A_cell1880",1
"cond_A_cell1881",1
"cond_A_cell1882",1
"cond_A_cell1883",1
"cond_A_cell1884",1
"cond_A_cell1885",1
"cond_A_cell1886",1
"cond_A_cell1887",1
"cond_A_cell1888",1
"cond_A_cell1889",1
"cond_A_cell1890",1
"cond_A_cell1891",1
"cond_A_cell1892",1
"cond_A_cell1893",1
"cond_A_cell1894",1
"cond_A_cell1895",1
"cond_A_cell1896",1
"cond_A_cell1897",1
"cond_A_cell1898",1
"cond_A_cell1899",1
"cond_A_cell1900",1
"cond_A_cell1901",1
"cond_A_cell1902",1
"cond_A_cell1903",1
"cond_A_cell1904",1
"cond_A_cell1905",1
"cond_A_cell1906",1
"cond_A_cell1907",1
"cond_A_cell1908",1
"cond_A_cell1909",1
"cond_A_cell1910",1
"cond_A_cell1911",1
"cond_A_cell1912",1
"cond_A_cell1913",1
"cond_A_cell1914",1
"cond_A_cell1915",1
"cond_A_cell1916",1
"cond_A_cell1917",1
"cond_A_cell1918",1
"cond_A_cell1919",1
"cond_A_cell1920",1
"cond_A_cell1921",1
"cond_A_cell1922",1
"cond_A_cell1923",1
"cond_A_cell1924",1
"cond_A_cell1925",1
"cond_A_cell1926",1
"cond_A_cell1927",1
"cond_A_cell1928",1
"cond_A_cell1929",1
"cond_A_cell1930",1
"cond_A_cell1931",1
"cond_A_cell1932",1
"cond_A_cell1933",1
"cond_A_cell1934",1
"cond_A_cell1935",1
"cond_A_cell1936",1
"cond_A_cell1937",1
"cond_A_cell1938",1
"cond_A_cell1939",1
"cond_A_cell1940",1
"cond_A_cell1941",1
"cond_A_cell1942",1
"cond_A_cell1943",1
"cond_A_cell1944",1
"cond_A_cell1945",1
"cond_A_cell1946",1
"cond_A_cell1947",1
"cond_A_cell1948",1
"cond_A_cell1949",1
"cond_A_cell1950",1
"cond_A_cell1951",1
"cond_A_cell1952",1
"cond_A_cell1953",1
"cond_A_cell1954",1
"cond_A_cell1955",1
"cond_A_cell1956",1
"cond_A_cell1957",1
"cond_A_cell1958",1
"cond_A_cell1959",1
"cond_A_cell1960",1
"cond_A_cell1961",1
"cond_A_cell1962",1
"cond_A_cell1963",1
"cond_A_cell1964",1
"cond_A_cell1965",1
"cond_A_cell1966",1
"cond_A_cell1967",1
"cond_A_cell1968",1
"cond_A_cell1969",1
"cond_A_cell1970",1
"cond_A_cell1971",1
"cond_A_cell1972",1
"cond_A_cell1973",1
"cond_A_cell1974",1
"cond_A_cell1975",1
"cond_A_cell1976",1
"cond_A_cell1977",1
"cond_A_cell1978",1
"cond_A_cell1979",1
"cond_A_cell1980",1
"cond_A_cell1981",1
"cond_A_cell1982",1
"cond_A_cell1983",1
"cond_A_cell1984",1
"cond_A_cell1985",1
"cond_A_cell1986",1
"cond_A_cell1987",1
"cond_A_cell1988",1
"cond_A_cell1989",1
"cond_A_cell1990",1
"cond_A_cell1991",1
"cond_A_cell1992",1
"cond_A_cell1993",1
"cond_A_cell1994",1
"cond_A_cell1995",1
"cond_A_cell1996",1
"cond_A_cell1997",1
"cond_A_cell1998",1
"cond_A_cell1999",1
"cond_A_cell2000",1
"cond_A_cell2001",1
"cond_A_cell2002",1
"cond_A_cell2003",1
"cond_A_cell2004",1
"cond_A_cell2005",1
"cond_A_cell2006",1
"cond_A_cell2007",1
"cond_A_cell2008",1
"cond_A_cell2009",1
"cond_A_cell2010",1
"cond_A_cell2011",1
"cond_A_cell2012",1
"cond_A_cell2013",1
"cond_A_cell2014",1
"cond_A_cell2015",1
"cond_A_cell2016",1
"cond_A_cell2017",1
"cond_A_cell2018",1
"cond_A_cell2019",1
"cond_A_cell2020",1
"cond_A_cell2021",1
"cond_A_cell2022",1
"cond_A_cell2023",1
"cond_A_cell2024",1
"cond_A_cell2025",1
"cond_A_cell2026",1
"cond_A_cell2027",1
"cond_A_cell2028",1
"cond_A_cell2029",1
"cond_A_cell2030",1
"cond_A_cell2031",1
"cond_A_cell2032",1
"cond_A_cell2033",1
"cond_A_cell2034",1
"cond_A_cell2035",1
"cond_A_cell2036",1
"cond_A_cell2037",1
"cond_A_cell2038",1
"cond_A_cell2039",1
"cond_A_cell2040",1
"cond_A_cell2041",1
"cond_A_cell2042",1
"cond_A_cell2043",1
"cond_A_cell2044",1
"cond_A_cell2045",1
"cond_A_cell2046",1
"cond_A_cell2047",1
"cond_A_cell2048",1
"cond_A_cell2049",1
"cond_A_cell2050",1
"cond_A_cell2051",1
"cond_A_cell2052",1
"cond_A_cell2053",1
"cond_A_cell2054",1
"cond_A_cell2055",1
"cond_A_cell2056",1
"cond_A_cell2057",1
"cond_A_cell2058",1
"cond_A_cell2059",1
"cond_A_cell2060",1
"cond_A_cell2061",1
"cond_A_cell2062",1
"cond_A_cell2063",1
"cond_A_cell2064",1
"cond_A_cell2065",1
"cond_A_cell2066",1
"cond_A_cell2067",1
"cond_A_cell2068",1
"cond_A_cell2069",1
"cond_A_cell2070",1
"cond_A_cell2071",1
"cond_A_cell2072",1
"cond_A_cell2073",1
"cond_A_cell2074",1
"cond_A_cell2075",1
"cond_A_cell2076",1
"cond_A_cell2077",1
"cond_A_cell2078",1
"cond_A_cell2079",1
"cond_A_cell2080",1
"cond_A_cell2081",1
"cond_A_cell2082",1
"cond_A_cell2083",1
"cond_A_cell2084",1
"cond_A_cell2085",1
"cond_A_cell2086",1
"cond_A_cell2087",1
"cond_A_cell2088",1
"cond_A_cell2089",1
"cond_A_cell2090",1
"cond_A_cell2091",1
"cond_A_cell2092",1
"cond_A_cell2093",1
"cond_A_cell2094",1
"cond_A_cell2095",1
"cond_A_cell2096",1
"cond_A_cell2097",1
"cond_A_cell2098",1
"cond_A_cell2099",1
"cond_A_cell2100",1
"cond_A_cell2101",1
"cond_A_cell2102",1
"cond_A_cell2103",1
"cond_A_cell2104",1
"cond_A_cell2105",1
"cond_A_cell2106",1
"cond_A_cell2107",1
"cond_A_cell2108",1
"cond_A_cell2109",1
"cond_A_cell2110",1
"cond_A_cell2111",1
"cond_A_cell2112",1
"cond_A_cell2113",1
"cond_A_cell2114",1
"cond_A_cell2115",1
"cond_A_cell2116",1
"cond_A_cell2117",1
"cond_A_cell2118",1
"cond_A_cell2119",1
"cond_A_cell2120",1
"cond_A_cell2121",1
"cond_A_cell2122",1
"cond_A_cell2123",1
"cond_A_cell2124",1
"cond_A_cell2125",1
"cond_A_cell2126",1
"cond_A_cell2127",1
"cond_A_cell2128",1
"cond_A_cell2129",1
"cond_A_cell2130",1
"cond_A_cell2131",1
"cond_A_cell2132",1
"cond_A_cell2133",1
"cond_A_cell2134",1
"cond_A_cell2135",1
"cond_A_cell2136",1
"cond_A_cell2137",1
"cond_A_cell2138",1
"cond_A_cell2139",1
"cond_A_cell2140",1
"cond_A_cell2141",1
"cond_A_cell2142",1
"cond_A_cell2143",1
"cond_A_cell2144",1
"cond_A_cell2145",1
"cond_A_cell2146",1
"cond_A_cell2147",1
"cond_A_cell2148",1
"cond_A_cell2149",1
"cond_A_cell2150",1
"cond_A_cell2151",1
"cond_A_cell2152",1
"cond_A_cell2153",1
"cond_A_cell2154",1
"cond_A_cell2155",1
"cond_A_cell2156",1
"cond_A_cell2157",1
"cond_A_cell2158",1
"cond_A_cell2159",1
"cond_A_cell2160",1
"cond_A_cell2161",1
"cond_A_cell2162",1
"cond_A_cell2163",1
"cond_A_cell2164",1
"cond_A_cell2165",1
"cond_A_cell2166",1
"cond_A_cell2167",1
"cond_A_cell2168",1
"cond_A_cell2169",1
"cond_A_cell2170",1
"cond_A_cell2171",1
"cond_A_cell2172",1
"cond_A_cell2173",1
"cond_A_cell2174",1
"cond_A_cell2175",1
"cond_A_cell2176",1
"cond_A_cell2177",1
"cond_A_cell2178",1
"cond_A_cell2179",1
"cond_A_cell2180",1
"cond_A_cell2181",1
"cond_A_cell2182",1
"cond_A_cell2183",1
"cond_A_cell2184",1
"cond_A_cell2185",1
"cond_A_cell2186",1
"cond_A_cell2187",1
"cond_A_cell2188",1
"cond_A_cell2189",1
"cond_A_cell2190",1
"cond_A_cell2191",1
"cond_A_cell2192",1
"cond_A_cell2193",1
"cond_A_cell2194",1
"cond_A_cell2195",1
"cond_A_cell2196",1
"cond_A_cell2197",1
"cond_A_cell2198",1
"cond_A_cell2199",1
"cond_A_cell2200",1
"cond_A_cell2201",1
"cond_A_cell2202",1
"cond_A_cell2203",1
"cond_A_cell2204",1
"cond_A_cell2205",1
"cond_A_cell2206",1
"cond_A_cell2207",1
"cond_A_cell2208",1
"cond_A_cell2209",1
"cond_A_cell2210",1
"cond_A_cell2211",1
"cond_A_cell2212",1
"cond_A_cell2213",1
"cond_A_cell2214",1
"cond_A_cell2215",1
"cond_A_cell2216",1
"cond_A_cell2217",1
"cond_A_cell2218",1
"cond_A_cell2219",1
"cond_A_cell2220",1
"cond_A_cell2221",1
"cond_A_cell2222",1
"cond_A_cell2223",1
"cond_A_cell2224",1
"cond_A_cell2225",1
"cond_A_cell2226",1
"cond_A_cell2227",1
"cond_A_cell2228",1
"cond_A_cell2229",1
"cond_A_cell2230",1
"cond_A_cell2231",1
"cond_A_cell2232",1
"cond_A_cell2233",1
"cond_A_cell2234",1
"cond_A_cell2235",1
"cond_A_cell2236",1
"cond_A_cell2237",1
"cond_A_cell2238",1
"cond_A_cell2239",1
"cond_A_cell2240",1
"cond_A_cell2241",1
"cond_A_cell2242",1
"cond_A_cell2243",1
"cond_A_cell2244",1
"cond_A_cell2245",1
"cond_A_cell2246",1
"cond_A_cell2247",1
"cond_A_cell2248",1
"cond_A_cell2249",1
"cond_A_cell2250",1
"cond_A_cell2251",1
"cond_A_cell2252",1
"cond_A_cell2253",1
"cond_A_cell2254",1
"cond_A_cell2255",1
"cond_A_cell2256",1
"cond_A_cell2257",1
"cond_A_cell2258",1
"cond_A_cell2259",1
"cond_A_cell2260",1
"cond_A_cell2261",1
"cond_A_cell2262",1
"cond_A_cell2263",1
"cond_A_cell2264",1
"cond_A_cell2265",1
"cond_A_cell2266",1
"cond_A_cell2267",1
"cond_A_cell2268",1
"cond_A_cell2269",1
"cond_A_cell2270",1
"cond_A_cell2271",1
"cond_A_cell2272",1
"cond_A_cell2273",1
"cond_A_cell2274",1
"cond_A_cell2275",1
"cond_A_cell2276",1
"cond_A_cell2277",1
"cond_A_cell2278",1
"cond_A_cell2279",1
"cond_A_cell2280",1
"cond_A_cell2281",1
"cond_A_cell2282",1
"cond_A_cell2283",1
"cond_A_cell2284",1
"cond_A_cell2285",1
"cond_A_cell2286",1
"cond_A_cell2287",1
"cond_A_cell2288",1
"cond_A_cell2289",1
"cond_A_cell2290",1
"cond_A_cell2291",1
"cond_A_cell2292",1
"cond_A_cell2293",1
"cond_A_cell2294",1
"cond_A_cell2295",1
"cond_A_cell2296",1
"cond_A_cell2297",1
"cond_A_cell2298",1
"cond_A_cell2299",1
"cond_A_cell2300",1
"cond_A_cell2301",1
"cond_A_cell2302",1
"cond_A_cell2303",1
"cond_A_cell2304",1
"cond_A_cell2305",1
"cond_A_cell2306",1
"cond_A_cell2307",1
"cond_A_cell2308",1
"cond_A_cell2309",1
"cond_A_cell2310",1
"cond_A_cell2311",1
"cond_A_cell2312",1
"cond_A_cell2313",1
"cond_A_cell2314",1
"cond_A_cell2315",1
"cond_A_cell2316",1
"cond_A_cell2317",1
"cond_A_cell2318",1
"cond_A_cell2319",1
"cond_A_cell2320",1
"cond_A_cell2321",1
"cond_A_cell2322",1
"cond_A_cell2323",1
"cond_A_cell2324",1
"cond_A_cell2325",1
"cond_A_cell2326",1
"cond_A_cell2327",1
"cond_A_cell2328",1
"cond_A_cell2329",1
"cond_A_cell2330",1
"cond_A_cell2331",1
"cond_A_cell2332",1
"cond_A_cell2333",1
"cond_A_cell2334",1
"cond_A_cell2335",1
"cond_A_cell2336",1
"cond_A_cell2337",1
"cond_A_cell2338",1
"cond_A_cell2339",1
"cond_A_cell2340",1
"cond_A_cell2341",1
"cond_A_cell2342",1
"cond_A_cell2343",1
"cond_A_cell2344",1
"cond_A_cell2345",1
"cond_A_cell2346",1
"cond_A_cell2347",1
"cond_A_cell2348",1
"cond_A_cell2349",1
"cond_A_cell2350",1
"cond_A_cell2351",1
"cond_A_cell2352",1
"cond_A_cell2353",1
"cond_A_cell2354",1
"cond_A_cell2355",1
"cond_A_cell2356",1
"cond_A_cell2357",1
"cond_A_cell2358",1
"cond_A_cell2359",1
"cond_A_cell2360",1
"cond_A_cell2361",1
"cond_A_cell2362",1
"cond_A_cell2363",1
"cond_A_cell2364",1
"cond_A_cell2365",1
"cond_A_cell2366",1
"cond_A_cell2367",1
"cond_A_cell2368",1
"cond_A_cell2369",1
"cond_A_cell2370",1
"cond_A_cell2371",1
"cond_A_cell2372",1
"cond_A_cell2373",1
"cond_A_cell2374",1
"cond_A_cell2375",1
"cond_A_cell2376",1
"cond_A_cell2377",1
"cond_A_cell2378",1
"cond_A_cell2379",1
"cond_A_cell2380",1
"cond_A_cell2381",1
"cond_A_cell2382",1
"cond_A_cell2383",1
"cond_A_cell2384",1
"cond_A_cell2385",1
"cond_A_cell2386",1
"cond_A_cell2387",1
"cond_A_cell2388",1
"cond_A_cell2389",1
"cond_A_cell2390",1
"cond_A_cell2391",1
"cond_A_cell2392",1
"cond_A_cell2393",1
"cond_A_cell2394",1
"cond_A_cell2395",1
"cond_A_cell2396",1
"cond_A_cell2397",1
"cond_A_cell2398",1
"cond_A_cell2399",1
"cond_A_cell2400",1
"cond_A_cell2401",1
"cond_A_cell2402",1
"cond_A_cell2403",1
"cond_A_cell2404",1
"cond_A_cell2405",1
"cond_A_cell2406",1
"cond_A_cell2407",1
"cond_A_cell2408",1
"cond_A_cell2409",1
"cond_A_cell2410",1
"cond_A_cell2411",1
"cond_A_cell2412",1
"cond_A_cell2413",1
"cond_A_cell2414",1
"cond_A_cell2415",1
"cond_A_cell2416",1
"cond_A_cell2417",1
"cond_A_cell2418",1
"cond_A_cell2419",1
"cond_A_cell2420",1
"cond_A_cell2421",1
"cond_A_cell2422",1
"cond_A_cell2423",1
"cond_A_cell2424",1
"cond_A_cell2425",1
"cond_A_cell2426",1
"cond_A_cell2427",1
"cond_A_cell2428",1
"cond_A_cell2429",1
"cond_A_cell2430",1
"cond_A_cell2431",1
"cond_A_cell2432",1
"cond_A_cell2433",1
"cond_A_cell2434",1
"cond_A_cell2435",1
"cond_A_cell2436",1
"cond_A_cell2437",1
"cond_A_cell2438",1
"cond_A_cell2439",1
"cond_A_cell2440",1
"cond_A_cell2441",1
"cond_A_cell2442",1
"cond_A_cell2443",1
"cond_A_cell2444",1
"cond_A_cell2445",1
"cond_A_cell2446",1
"cond_A_cell2447",1
"cond_A_cell2448",1
"cond_A_cell2449",1
"cond_A_cell2450",1
"cond_A_cell2451",1
"cond_A_cell2452",1
"cond_A_cell2453",1
"cond_A_cell2454",1
"cond_A_cell2455",1
"cond_A_cell2456",1
"cond_A_cell2457",1
"cond_A_cell2458",1
"cond_A_cell2459",1
"cond_A_cell2460",1
"cond_A_cell2461",1
"cond_A_cell2462",1
"cond_A_cell2463",1
"cond_A_cell2464",1
"cond_A_cell2465",1
"cond_A_cell2466",1
"cond_A_cell2467",1
"cond_A_cell2468",1
"cond_A_cell2469",1
"cond_A_cell2470",1
"cond_A_cell2471",1
"cond_A_cell2472",1
"cond_A_cell2473",1
"cond_A_cell2474",1
"cond_A_cell2475",1
"cond_A_cell2476",1
"cond_A_cell2477",1
"cond_A_cell2478",1
"cond_A_cell2479",1
"cond_A_cell2480",1
"cond_A_cell2481",1
"cond_A_cell2482",1
"cond_A_cell2483",1
"cond_A_cell2484",1
"cond_A_cell2485",1
"cond_A_cell2486",1
"cond_A_cell2487",1
"cond_A_cell2488",1
"cond_A_cell2489",1
"cond_A_cell2490",1
"cond_A_cell2491",1
"cond_A_cell2492",1
"cond_A_cell2493",1
"cond_A_cell2494",1
"cond_A_cell2495",1
"cond_A_cell2496",1
"cond_A_cell2497",1
"cond_A_cell2498",1
"cond_A_cell2499",1
"cond_A_cell2500",1
"cond_A_cell2501",1
"cond_A_cell2502",1
"cond_A_cell2503",1
"cond_A_cell2504",1
"cond_A_cell2505",1
"cond_A_cell2506",1
"cond_A_cell2507",1
"cond_A_cell2508",1
"cond_A_cell2509",1
"cond_A_cell2510",1
"cond_A_cell2511",1
"cond_A_cell2512",1
"cond_A_cell2513",1
"cond_A_cell2514",1
"cond_A_cell2515",1
"cond_A_cell2516",1
"cond_A_cell2517",1
"cond_A_cell2518",1
"cond_A_cell2519",1
"cond_A_cell2520",1
"cond_A_cell2521",1
"cond_A_cell2522",1
"cond_A_cell2523",1
"cond_A_cell2524",1
"cond_A_cell2525",1
"cond_A_cell2526",1
"cond_A_cell2527",1
"cond_A_cell2528",1
"cond_A_cell2529",1
"cond_A_cell2530",1
"cond_A_cell2531",1
"cond_A_cell2532",1
"cond_A_cell2533",1
"cond_A_cell2534",1
"cond_A_cell2535",1
"cond_A_cell2536",1
"cond_A_cell2537",1
"cond_A_cell2538",1
"cond_A_cell2539",1
"cond_A_cell2540",1
"cond_A_cell2541",1
"cond_A_cell2542",1
"cond_A_cell2543",1
"cond_A_cell2544",1
"cond_A_cell2545",1
"cond_A_cell2546",1
"cond_A_cell2547",1
"cond_A_cell2548",1
"cond_A_cell2549",1
"cond_A_cell2550",1
"cond_A_cell2551",1
"cond_A_cell2552",1
"cond_A_cell2553",1
"cond_A_cell2554",1
"cond_A_cell2555",1
"cond_A_cell2556",1
"cond_A_cell2557",1
"cond_A_cell2558",1
"cond_A_cell2559",1
"cond_A_cell2560",1
"cond_A_cell2561",1
"cond_A_cell2562",1
"cond_A_cell2563",1
"cond_A_cell2564",1
"cond_A_cell2565",1
"cond_A_cell2566",1
"cond_A_cell2567",1
"cond_A_cell2568",1
"cond_A_cell2569",1
"cond_A_cell2570",1
"cond_A_cell2571",1
"cond_A_cell2572",1
"cond_A_cell2573",1
"cond_A_cell2574",1
"cond_A_cell2575",1
"cond_A_cell2576",1
"cond_A_cell2577",1
"cond_A_cell2578",1
"cond_A_cell2579",1
"cond_A_cell2580",1
"cond_A_cell2581",1
"cond_A_cell2582",1
"cond_A_cell2583",1
"cond_A_cell2584",1
"cond_A_cell2585",1
"cond_A_cell2586",1
"cond_A_cell2587",1
"cond_A_cell2588",1
"cond_A_cell2589",1
"cond_A_cell2590",1
"cond_A_cell2591",1
"cond_A_cell2592",1
"cond_A_cell2593",1
"cond_A_cell2594",1
"cond_A_cell2595",1
"cond_A_cell2596",1
"cond_A_cell2597",1
"cond_A_cell2598",1
"cond_A_cell2599",1
"cond_A_cell2600",1
"cond_A_cell2601",1
"cond_A_cell2602",1
"cond_A_cell2603",1
"cond_A_cell2604",1
"cond_A_cell2605",1
"cond_A_cell2606",1
"cond_A_cell2607",1
"cond_A_cell2608",1
"cond_A_cell2609",1
"cond_A_cell2610",1
"cond_A_cell2611",1
"cond_A_cell2612",1
"cond_A_cell2613",1
"cond_A_cell2614",1
"cond_A_cell2615",1
"cond_A_cell2616",1
"cond_A_cell2617",1
"cond_A_cell2618",1
"cond_A_cell2619",1
"cond_A_cell2620",1
"cond_A_cell2621",1
"cond_A_cell2622",1
"cond_A_cell2623",1
"cond_A_cell2624",1
"cond_A_cell2625",1
"cond_A_cell2626",1
"cond_A_cell2627",1
"cond_A_cell2628",1
"cond_A_cell2629",1
"cond_A_cell2630",1
"cond_A_cell2631",1
"cond_A_cell2632",1
"cond_A_cell2633",1
"cond_A_cell2634",1
"cond_A_cell2635",1
"cond_A_cell2636",1
"cond_A_cell2637",1
"cond_A_cell2638",1
"cond_A_cell2639",1
"cond_A_cell2640",1
"cond_A_cell2641",1
"cond_A_cell2642",1
"cond_A_cell2643",1
"cond_A_cell2644",1
"cond_A_cell2645",1
"cond_A_cell2646",1
"cond_A_cell2647",1
"cond_A_cell2648",1
"cond_A_cell2649",1
"cond_A_cell2650",1
"cond_A_cell2651",1
"cond_A_cell2652",1
"cond_A_cell2653",1
"cond_A_cell2654",1
"cond_A_cell2655",1
"cond_A_cell2656",1
"cond_A_cell2657",1
"cond_A_cell2658",1
"cond_A_cell2659",1
"cond_A_cell2660",1
"cond_A_cell2661",1
"cond_A_cell2662",1
"cond_A_cell2663",1
"cond_A_cell2664",1
"cond_A_cell2665",1
"cond_A_cell2666",1
"cond_A_cell2667",1
"cond_A_cell2668",1
"cond_A_cell2669",1
"cond_A_cell2670",1
"cond_A_cell2671",1
"cond_A_cell2672",1
"cond_A_cell2673",1
"cond_A_cell2674",1
"cond_A_cell2675",1
"cond_A_cell2676",1
"cond_A_cell2677",1
"cond_A_cell2678",1
"cond_A_cell2679",1
"cond_A_cell2680",1
"cond_A_cell2681",1
"cond_A_cell2682",1
"cond_A_cell2683",1
"cond_A_cell2684",1
"cond_A_cell2685",1
"cond_A_cell2686",1
"cond_A_cell2687",1
"cond_A_cell2688",1
"cond_A_cell2689",1
"cond_A_cell2690",1
"cond_A_cell2691",1
"cond_A_cell2692",1
"cond_A_cell2693",1
"cond_A_cell2694",1
"cond_A_cell2695",1
"cond_A_cell2696",1
"cond_A_cell2697",1
"cond_A_cell2698",1
"cond_A_cell2699",1
"cond_A_cell2700",1
"cond_A_cell2701",1
"cond_A_cell2702",1
"cond_A_cell2703",1
"cond_A_cell2704",1
"cond_A_cell2705",1
"cond_A_cell2706",1
"cond_A_cell2707",1
"cond_A_cell2708",1
"cond_A_cell2709",1
"cond_A_cell2710",1
"cond_A_cell2711",1
"cond_A_cell2712",1
"cond_A_cell2713",1
"cond_A_cell2714",1
"cond_A_cell2715",1
"cond_A_cell2716",1
"cond_A_cell2717",1
"cond_A_cell2718",1
"cond_A_cell2719",1
"cond_A_cell2720",1
"cond_A_cell2721",1
"cond_A_cell2722",1
"cond_A_cell2723",1
"cond_A_cell2724",1
"cond_A_cell2725",1
"cond_A_cell2726",1
"cond_A_cell2727",1
"cond_A_cell2728",1
"cond_A_cell2729",1
"cond_A_cell2730",1
"cond_A_cell2731",1
"cond_A_cell2732",1
"cond_A_cell2733",1
"cond_A_cell2734",1
"cond_A_cell2735",1
"cond_A_cell2736",1
"cond_A_cell2737",1
"cond_A_cell2738",1
"cond_A_cell2739",1
"cond_A_cell2740",1
"cond_A_cell2741",1
"cond_A_cell2742",1
"cond_A_cell2743",1
"cond_A_cell2744",1
"cond_A_cell2745",1
"cond_A_cell2746",1
"cond_A_cell2747",1
"cond_A_cell2748",1
"cond_A_cell2749",1
"cond_A_cell2750",1
"cond_A_cell2751",1
"cond_A_cell2752",1
"cond_A_cell2753",1
"cond_A_cell2754",1
"cond_A_cell2755",1
"cond_A_cell2756",1
"cond_A_cell2757",1
"cond_A_cell2758",1
"cond_A_cell2759",1
"cond_A_cell2760",1
"cond_A_cell2761",1
"cond_A_cell2762",1
"cond_A_cell2763",1
"cond_A_cell2764",1
"cond_A_cell2765",1
"cond_A_cell2766",1
"cond_A_cell2767",1
"cond_A_cell2768",1
"cond_A_cell2769",1
"cond_A_cell2770",1
"cond_A_cell2771",1
"cond_A_cell2772",1
"cond_A_cell2773",1
"cond_A_cell2774",1
"cond_A_cell2775",1
"cond_A_cell2776",1
"cond_A_cell2777",1
"cond_A_cell2778",1
"cond_A_cell2779",1
"cond_A_cell2780",1
"cond_A_cell2781",1
"cond_A_cell2782",1
"cond_A_cell2783",1
"cond_A_cell2784",1
"cond_A_cell2785",1
"cond_A_cell2786",1
"cond_A_cell2787",1
"cond_A_cell2788",1
"cond_A_cell2789",1
"cond_A_cell2790",1
"cond_A_cell2791",1
"cond_A_cell2792",1
"cond_A_cell2793",1
"cond_A_cell2794",1
"cond_A_cell2795",1
"cond_A_cell2796",1
"cond_A_cell2797",1
"cond_A_cell2798",1
"cond_A_cell2799",1
"cond_A_cell2800",1
"cond_A_cell2801",1
"cond_A_cell2802",1
"cond_A_cell2803",1
"cond_A_cell2804",1
"cond_A_cell2805",1
"cond_A_cell2806",1
"cond_A_cell2807",1
"cond_A_cell2808",1
"cond_A_cell2809",1
"cond_A_cell2810",1
"cond_A_cell2811",1
"cond_A_cell2812",1
"cond_A_cell2813",1
"cond_A_cell2814",1
"cond_A_cell2815",1
"cond_A_cell2816",1
"cond_A_cell2817",1
"cond_A_cell2818",1
"cond_A_cell2819",1
"cond_A_cell2820",1
"cond_A_cell2821",1
"cond_A_cell2822",1
"cond_A_cell2823",1
"cond_A_cell2824",1
"cond_A_cell2825",1
"cond_A_cell2826",1
"cond_A_cell2827",1
"cond_A_cell2828",1
"cond_A_cell2829",1
"cond_A_cell2830",1
"cond_A_cell2831",1
"cond_A_cell2832",1
"cond_A_cell2833",1
"cond_A_cell2834",1
"cond_A_cell2835",1
"cond_A_cell2836",1
"cond_A_cell2837",1
"cond_A_cell2838",1
"cond_A_cell2839",1
"cond_A_cell2840",1
"cond_A_cell2841",1
"cond_A_cell2842",1
"cond_A_cell2843",1
"cond_A_cell2844",1
"cond_A_cell2845",1
"cond_A_cell2846",1
"cond_A_cell2847",1
"cond_A_cell2848",1
"cond_A_cell2849",1
"cond_A_cell2850",1
"cond_A_cell2851",1
"cond_A_cell2852",1
"cond_A_cell2853",1
"cond_A_cell2854",1
"cond_A_cell2855",1
"cond_A_cell2856",1
"cond_A_cell2857",1
"cond_A_cell2858",1
"cond_A_cell2859",1
"cond_A_cell2860",1
"cond_A_cell2861",1
"cond_A_cell2862",1
"cond_A_cell2863",1
"cond_A_cell2864",1
"cond_A_cell2865",1
"cond_A_cell2866",1
"cond_A_cell2867",1
"cond_A_cell2868",1
"cond_A_cell2869",1
"cond_A_cell2870",1
"cond_A_cell2871",1
"cond_A_cell2872",1
"cond_A_cell2873",1
"cond_A_cell2874",1
"cond_A_cell2875",1
"cond_A_cell2876",1
"cond_A_cell2877",1
"cond_A_cell2878",1
"cond_A_cell2879",1
"cond_A_cell2880",1
"cond_B_cell1",2
"cond_B_cell2",2
"cond_B_cell3",2
"cond_B_cell4",2
"cond_B_cell5",2
"cond_B_cell6",2
"cond_B_cell7",2
"cond_B_cell8",2
"cond_B_cell9",2
"cond_B_cell10",2
"cond_B_cell11",2
"cond_B_cell12",2
"cond_B_cell13",2
"cond_B_cell14",2
"cond_B_cell15",2
"cond_B_cell16",2
"cond_B_cell17",2
"cond_B_cell18",2
"cond_B_cell19",2
"cond_B_cell20",2
"cond_B_cell21",2
"cond_B_cell22",2
"cond_B_cell23",2
"cond_B_cell24",2
"cond_B_cell25",2
"cond_B_cell26",2
"cond_B_cell27",2
"cond_B_cell28",2
"cond_B_cell29",2
"cond_B_cell30",2
"cond_B_cell31",2
"cond_B_cell32",2
"cond_B_cell33",2
"cond_B_cell34",2
"cond_B_cell35",2
"cond_B_cell36",2
"cond_B_cell37",2
"cond_B_cell38",2
"cond_B_cell39",2
"cond_B_cell40",2
"cond_B_cell41",2
"cond_B_cell42",2
"cond_B_cell43",2
"cond_B_cell44",2
"cond_B_cell45",2
"cond_B_cell46",2
"cond_B_cell47",2
"cond_B_cell48",2
"cond_B_cell49",2
"cond_B_cell50",2
"cond_B_cell51",2
"cond_B_cell52",2
"cond_B_cell53",2
"cond_B_cell54",2
"cond_B_cell55",2
"cond_B_cell56",2
"cond_B_cell57",2
"cond_B_cell58",2
"cond_B_cell59",2
"cond_B_cell60",2
"cond_B_cell61",2
"cond_B_cell62",2
"cond_B_cell63",2
"cond_B_cell64",2
"cond_B_cell65",2
"cond_B_cell66",2
"cond_B_cell67",2
"cond_B_cell68",2
"cond_B_cell69",2
"cond_B_cell70",2
"cond_B_cell71",2
"cond_B_cell72",2
"cond_B_cell73",2
"cond_B_cell74",2
"cond_B_cell75",2
"cond_B_cell76",2
"cond_B_cell77",2
"cond_B_cell78",2
"cond_B_cell79",2
"cond_B_cell80",2
"cond_B_cell81",2
"cond_B_cell82",2
"cond_B_cell83",2
"cond_B_cell84",2
"cond_B_cell85",2
"cond_B_cell86",2
"cond_B_cell87",2
"cond_B_cell88",2
"cond_B_cell89",2
"cond_B_cell90",2
"cond_B_cell91",2
"cond_B_cell92",2
"cond_B_cell93",2
"cond_B_cell94",2
"cond_B_cell95",2
"cond_B_cell96",2
"cond_B_cell97",2
"cond_B_cell98",2
"cond_B_cell99",2
"cond_B_cell100",2
"cond_B_cell101",2
"cond_B_cell102",2
"cond_B_cell103",2
"cond_B_cell104",2
"cond_B_cell105",2
"cond_B_cell106",2
"cond_B_cell107",2
"cond_B_cell108",2
"cond_B_cell109",2
"cond_B_cell110",2
"cond_B_cell111",2
"cond_B_cell112",2
"cond_B_cell113",2
"cond_B_cell114",2
"cond_B_cell115",2
"cond_B_cell116",2
"cond_B_cell117",2
"cond_B_cell118",2
"cond_B_cell119",2
"cond_B_cell120",2
"cond_B_cell121",2
"cond_B_cell122",2
"cond_B_cell123",2
"cond_B_cell124",2
"cond_B_cell125",2
"cond_B_cell126",2
"cond_B_cell127",2
"cond_B_cell128",2
"cond_B_cell129",2
"cond_B_cell130",2
"cond_B_cell131",2
"cond_B_cell132",2
"cond_B_cell133",2
"cond_B_cell134",2
"cond_B_cell135",2
"cond_B_cell136",2
"cond_B_cell137",2
"cond_B_cell138",2
"cond_B_cell139",2
"cond_B_cell140",2
"cond_B_cell141",2
"cond_B_cell142",2
"cond_B_cell143",2
"cond_B_cell144",2
"cond_B_cell145",2
"cond_B_cell146",2
"cond_B_cell147",2
"cond_B_cell148",2
"cond_B_cell149",2
"cond_B_cell150",2
"cond_B_cell151",2
"cond_B_cell152",2
"cond_B_cell153",2
"cond_B_cell154",2
"cond_B_cell155",2
"cond_B_cell156",2
"cond_B_cell157",2
"cond_B_cell158",2
"cond_B_cell159",2
"cond_B_cell160",2
"cond_B_cell161",2
"cond_B_cell162",2
"cond_B_cell163",2
"cond_B_cell164",2
"cond_B_cell165",2
"cond_B_cell166",2
"cond_B_cell167",2
"cond_B_cell168",2
"cond_B_cell169",2
"cond_B_cell170",2
"cond_B_cell171",2
"cond_B_cell172",2
"cond_B_cell173",2
"cond_B_cell174",2
"cond_B_cell175",2
"cond_B_cell176",2
"cond_B_cell177",2
"cond_B_cell178",2
"cond_B_cell179",2
"cond_B_cell180",2
"cond_B_cell181",2
"cond_B_cell182",2
"cond_B_cell183",2
"cond_B_cell184",2
"cond_B_cell185",2
"cond_B_cell186",2
"cond_B_cell187",2
"cond_B_cell188",2
"cond_B_cell189",2
"cond_B_cell190",2
"cond_B_cell191",2
"cond_B_cell192",2
"cond_B_cell193",2
"cond_B_cell194",2
"cond_B_cell195",2
"cond_B_cell196",2
"cond_B_cell197",2
"cond_B_cell198",2
"cond_B_cell199",2
"cond_B_cell200",2
"cond_B_cell201",2
"cond_B_cell202",2
"cond_B_cell203",2
"cond_B_cell204",2
"cond_B_cell205",2
"cond_B_cell206",2
"cond_B_cell207",2
"cond_B_cell208",2
"cond_B_cell209",2
"cond_B_cell210",2
"cond_B_cell211",2
"cond_B_cell212",2
"cond_B_cell213",2
"cond_B_cell214",2
"cond_B_cell215",2
"cond_B_cell216",2
"cond_B_cell217",2
"cond_B_cell218",2
"cond_B_cell219",2
"cond_B_cell220",2
"cond_B_cell221",2
"cond_B_cell222",2
"cond_B_cell223",2
"cond_B_cell224",2
"cond_B_cell225",2
"cond_B_cell226",2
"cond_B_cell227",2
"cond_B_cell228",2
"cond_B_cell229",2
"cond_B_cell230",2
"cond_B_cell231",2
"cond_B_cell232",2
"cond_B_cell233",2
"cond_B_cell234",2
"cond_B_cell235",2
"cond_B_cell236",2
"cond_B_cell237",2
"cond_B_cell238",2
"cond_B_cell239",2
"cond_B_cell240",2
"cond_B_cell241",2
"cond_B_cell242",2
"cond_B_cell243",2
"cond_B_cell244",2
"cond_B_cell245",2
"cond_B_cell246",2
"cond_B_cell247",2
"cond_B_cell248",2
"cond_B_cell249",2
"cond_B_cell250",2
"cond_B_cell251",2
"cond_B_cell252",2
"cond_B_cell253",2
"cond_B_cell254",2
"cond_B_cell255",2
"cond_B_cell256",2
"cond_B_cell257",2
"cond_B_cell258",2
"cond_B_cell259",2
"cond_B_cell260",2
"cond_B_cell261",2
"cond_B_cell262",2
"cond_B_cell263",2
"cond_B_cell264",2
"cond_B_cell265",2
"cond_B_cell266",2
"cond_B_cell267",2
"cond_B_cell268",2
"cond_B_cell269",2
"cond_B_cell270",2
"cond_B_cell271",2
"cond_B_cell272",2
"cond_B_cell273",2
"cond_B_cell274",2
"cond_B_cell275",2
"cond_B_cell276",2
"cond_B_cell277",2
"cond_B_cell278",2
"cond_B_cell279",2
"cond_B_cell280",2
"cond_B_cell281",2
"cond_B_cell282",2
"cond_B_cell283",2
"cond_B_cell284",2
"cond_B_cell285",2
"cond_B_cell286",2
"cond_B_cell287",2
"cond_B_cell288",2
"cond_B_cell289",2
"cond_B_cell290",2
"cond_B_cell291",2
"cond_B_cell292",2
"cond_B_cell293",2
"cond_B_cell294",2
"cond_B_cell295",2
"cond_B_cell296",2
"cond_B_cell297",2
"cond_B_cell298",2
"cond_B_cell299",2
"cond_B_cell300",2
"cond_B_cell301",2
"cond_B_cell302",2
"cond_B_cell303",2
"cond_B_cell304",2
"cond_B_cell305",2
"cond_B_cell306",2
"cond_B_cell307",2
"cond_B_cell308",2
"cond_B_cell309",2
"cond_B_cell310",2
"cond_B_cell311",2
"cond_B_cell312",2
"cond_B_cell313",2
"cond_B_cell314",2
"cond_B_cell315",2
"cond_B_cell316",2
"cond_B_cell317",2
"cond_B_cell318",2
"cond_B_cell319",2
"cond_B_cell320",2
"cond_B_cell321",2
"cond_B_cell322",2
"cond_B_cell323",2
"cond_B_cell324",2
"cond_B_cell325",2
"cond_B_cell326",2
"cond_B_cell327",2
"cond_B_cell328",2
"cond_B_cell329",2
"cond_B_cell330",2
"cond_B_cell331",2
"cond_B_cell332",2
"cond_B_cell333",2
"cond_B_cell334",2
"cond_B_cell335",2
"cond_B_cell336",2
"cond_B_cell337",2
"cond_B_cell338",2
"cond_B_cell339",2
"cond_B_cell340",2
"cond_B_cell341",2
"cond_B_cell342",2
"cond_B_cell343",2
"cond_B_cell344",2
"cond_B_cell345",2
"cond_B_cell346",2
"cond_B_cell347",2
"cond_B_cell348",2
"cond_B_cell349",2
"cond_B_cell350",2
"cond_B_cell351",2
"cond_B_cell352",2
"cond_B_cell353",2
"cond_B_cell354",2
"cond_B_cell355",2
"cond_B_cell356",2
"cond_B_cell357",2
"cond_B_cell358",2
"cond_B_cell359",2
"cond_B_cell360",2
"cond_B_cell361",2
"cond_B_cell362",2
"cond_B_cell363",2
"cond_B_cell364",2
"cond_B_cell365",2
"cond_B_cell366",2
"cond_B_cell367",2
"cond_B_cell368",2
"cond_B_cell369",2
"cond_B_cell370",2
"cond_B_cell371",2
"cond_B_cell372",2
"cond_B_cell373",2
"cond_B_cell374",2
"cond_B_cell375",2
"cond_B_cell376",2
"cond_B_cell377",2
"cond_B_cell378",2
"cond_B_cell379",2
"cond_B_cell380",2
"cond_B_cell381",2
"cond_B_cell382",2
"cond_B_cell383",2
"cond_B_cell384",2
"cond_B_cell385",2
"cond_B_cell386",2
"cond_B_cell387",2
"cond_B_cell388",2
"cond_B_cell389",2
"cond_B_cell390",2
"cond_B_cell391",2
"cond_B_cell392",2
"cond_B_cell393",2
"cond_B_cell394",2
"cond_B_cell395",2
"cond_B_cell396",2
"cond_B_cell397",2
"cond_B_cell398",2
"cond_B_cell399",2
"cond_B_cell400",2
"cond_B_cell401",2
"cond_B_cell402",2
"cond_B_cell403",2
"cond_B_cell404",2
"cond_B_cell405",2
"cond_B_cell406",2
"cond_B_cell407",2
"cond_B_cell408",2
"cond_B_cell409",2
"cond_B_cell410",2
"cond_B_cell411",2
"cond_B_cell412",2
"cond_B_cell413",2
"cond_B_cell414",2
"cond_B_cell415",2
"cond_B_cell416",2
"cond_B_cell417",2
"cond_B_cell418",2
"cond_B_cell419",2
"cond_B_cell420",2
"cond_B_cell421",2
"cond_B_cell422",2
"cond_B_cell423",2
"cond_B_cell424",2
"cond_B_cell425",2
"cond_B_cell426",2
"cond_B_cell427",2
"cond_B_cell428",2
"cond_B_cell429",2
"cond_B_cell430",2
"cond_B_cell431",2
"cond_B_cell432",2
"cond_B_cell433",2
"cond_B_cell434",2
"cond_B_cell435",2
"cond_B_cell436",2
"cond_B_cell437",2
"cond_B_cell438",2
"cond_B_cell439",2
"cond_B_cell440",2
"cond_B_cell441",2
"cond_B_cell442",2
"cond_B_cell443",2
"cond_B_cell444",2
"cond_B_cell445",2
"cond_B_cell446",2
"cond_B_cell447",2
"cond_B_cell448",2
"cond_B_cell449",2
"cond_B_cell450",2
"cond_B_cell451",2
"cond_B_cell452",2
"cond_B_cell453",2
"cond_B_cell454",2
"cond_B_cell455",2
"cond_B_cell456",2
"cond_B_cell457",2
"cond_B_cell458",2
"cond_B_cell459",2
"cond_B_cell460",2
"cond_B_cell461",2
"cond_B_cell462",2
"cond_B_cell463",2
"cond_B_cell464",2
"cond_B_cell465",2
"cond_B_cell466",2
"cond_B_cell467",2
"cond_B_cell468",2
"cond_B_cell469",2
"cond_B_cell470",2
"cond_B_cell471",2
"cond_B_cell472",2
"cond_B_cell473",2
"cond_B_cell474",2
"cond_B_cell475",2
"cond_B_cell476",2
"cond_B_cell477",2
"cond_B_cell478",2
"cond_B_cell479",2
"cond_B_cell480",2
"cond_B_cell481",2
"cond_B_cell482",2
"cond_B_cell483",2
"cond_B_cell484",2
"cond_B_cell485",2
"cond_B_cell486",2
"cond_B_cell487",2
"cond_B_cell488",2
"cond_B_cell489",2
"cond_B_cell490",2
"cond_B_cell491",2
"cond_B_cell492",2
"cond_B_cell493",2
"cond_B_cell494",2
"cond_B_cell495",2
"cond_B_cell496",2
"cond_B_cell497",2
"cond_B_cell498",2
"cond_B_cell499",2
"cond_B_cell500",2
"cond_B_cell501",2
"cond_B_cell502",2
"cond_B_cell503",2
"cond_B_cell504",2
"cond_B_cell505",2
"cond_B_cell506",2
"cond_B_cell507",2
"cond_B_cell508",2
"cond_B_cell509",2
"cond_B_cell510",2
"cond_B_cell511",2
"cond_B_cell512",2
"cond_B_cell513",2
"cond_B_cell514",2
"cond_B_cell515",2
"cond_B_cell516",2
"cond_B_cell517",2
"cond_B_cell518",2
"cond_B_cell519",2
"cond_B_cell520",2
"cond_B_cell521",2
"cond_B_cell522",2
"cond_B_cell523",2
"cond_B_cell524",2
"cond_B_cell525",2
"cond_B_cell526",2
"cond_B_cell527",2
"cond_B_cell528",2
"cond_B_cell529",2
"cond_B_cell530",2
"cond_B_cell531",2
"cond_B_cell532",2
"cond_B_cell533",2
"cond_B_cell534",2
"cond_B_cell535",2
"cond_B_cell536",2
"cond_B_cell537",2
"cond_B_cell538",2
"cond_B_cell539",2
"cond_B_cell540",2
"cond_B_cell541",2
"cond_B_cell542",2
"cond_B_cell543",2
"cond_B_cell544",2
"cond_B_cell545",2
"cond_B_cell546",2
"cond_B_cell547",2
"cond_B_cell548",2
"cond_B_cell549",2
"cond_B_cell550",2
"cond_B_cell551",2
"cond_B_cell552",2
"cond_B_cell553",2
"cond_B_cell554",2
"cond_B_cell555",2
"cond_B_cell556",2
"cond_B_cell557",2
"cond_B_cell558",2
"cond_B_cell559",2
"cond_B_cell560",2
"cond_B_cell561",2
"cond_B_cell562",2
"cond_B_cell563",2
"cond_B_cell564",2
"cond_B_cell565",2
"cond_B_cell566",2
"cond_B_cell567",2
"cond_B_cell568",2
"cond_B_cell569",2
"cond_B_cell570",2
"cond_B_cell571",2
"cond_B_cell572",2
"cond_B_cell573",2
"cond_B_cell574",2
"cond_B_cell575",2
"cond_B_cell576",2
"cond_B_cell577",2
"cond_B_cell578",2
"cond_B_cell579",2
"cond_B_cell580",2
"cond_B_cell581",2
"cond_B_cell582",2
"cond_B_cell583",2
"cond_B_cell584",2
"cond_B_cell585",2
"cond_B_cell586",2
"cond_B_cell587",2
"cond_B_cell588",2
"cond_B_cell589",2
"cond_B_cell590",2
"cond_B_cell591",2
"cond_B_cell592",2
"cond_B_cell593",2
"cond_B_cell594",2
"cond_B_cell595",2
"cond_B_cell596",2
"cond_B_cell597",2
"cond_B_cell598",2
"cond_B_cell599",2
"cond_B_cell600",2
"cond_B_cell601",2
"cond_B_cell602",2
"cond_B_cell603",2
"cond_B_cell604",2
"cond_B_cell605",2
"cond_B_cell606",2
"cond_B_cell607",2
"cond_B_cell608",2
"cond_B_cell609",2
"cond_B_cell610",2
"cond_B_cell611",2
"cond_B_cell612",2
"cond_B_cell613",2
"cond_B_cell614",2
"cond_B_cell615",2
"cond_B_cell616",2
"cond_B_cell617",2
"cond_B_cell618",2
"cond_B_cell619",2
"cond_B_cell620",2
"cond_B_cell621",2
"cond_B_cell622",2
"cond_B_cell623",2
"cond_B_cell624",2
"cond_B_cell625",2
"cond_B_cell626",2
"cond_B_cell627",2
"cond_B_cell628",2
"cond_B_cell629",2
"cond_B_cell630",2
"cond_B_cell631",2
"cond_B_cell632",2
"cond_B_cell633",2
"cond_B_cell634",2
"cond_B_cell635",2
"cond_B_cell636",2
"cond_B_cell637",2
"cond_B_cell638",2
"cond_B_cell639",2
"cond_B_cell640",2
"cond_B_cell641",2
"cond_B_cell642",2
"cond_B_cell643",2
"cond_B_cell644",2
"cond_B_cell645",2
"cond_B_cell646",2
"cond_B_cell647",2
"cond_B_cell648",2
"cond_B_cell649",2
"cond_B_cell650",2
"cond_B_cell651",2
"cond_B_cell652",2
"cond_B_cell653",2
"cond_B_cell654",2
"cond_B_cell655",2
"cond_B_cell656",2
"cond_B_cell657",2
"cond_B_cell658",2
"cond_B_cell659",2
"cond_B_cell660",2
"cond_B_cell661",2
"cond_B_cell662",2
"cond_B_cell663",2
"cond_B_cell664",2
"cond_B_cell665",2
"cond_B_cell666",2
"cond_B_cell667",2
"cond_B_cell668",2
"cond_B_cell669",2
"cond_B_cell670",2
"cond_B_cell671",2
"cond_B_cell672",2
"cond_B_cell673",2
"cond_B_cell674",2
"cond_B_cell675",2
"cond_B_cell676",2
"cond_B_cell677",2
"cond_B_cell678",2
"cond_B_cell679",2
"cond_B_cell680",2
"cond_B_cell681",2
"cond_B_cell682",2
"cond_B_cell683",2
"cond_B_cell684",2
"cond_B_cell685",2
"cond_B_cell686",2
"cond_B_cell687",2
"cond_B_cell688",2
"cond_B_cell689",2
"cond_B_cell690",2
"cond_B_cell691",2
"cond_B_cell692",2
"cond_B_cell693",2
"cond_B_cell694",2
"cond_B_cell695",2
"cond_B_cell696",2
"cond_B_cell697",2
"cond_B_cell698",2
"cond_B_cell699",2
"cond_B_cell700",2
"cond_B_cell701",2
"cond_B_cell702",2
"cond_B_cell703",2
"cond_B_cell704",2
"cond_B_cell705",2
"cond_B_cell706",2
"cond_B_cell707",2
"cond_B_cell708",2
"cond_B_cell709",2
"cond_B_cell710",2
"cond_B_cell711",2
"cond_B_cell712",2
"cond_B_cell713",2
"cond_B_cell714",2
"cond_B_cell715",2
"cond_B_cell716",2
"cond_B_cell717",2
"cond_B_cell718",2
"cond_B_cell719",2
"cond_B_cell720",2
"cond_B_cell721",2
"cond_B_cell722",2
"cond_B_cell723",2
"cond_B_cell724",2
"cond_B_cell725",2
"cond_B_cell726",2
"cond_B_cell727",2
"cond_B_cell728",2
"cond_B_cell729",2
"cond_B_cell730",2
"cond_B_cell731",2
"cond_B_cell732",2
"cond_B_cell733",2
"cond_B_cell734",2
"cond_B_cell735",2
"cond_B_cell736",2
"cond_B_cell737",2
"cond_B_cell738",2
"cond_B_cell739",2
"cond_B_cell740",2
"cond_B_cell741",2
"cond_B_cell742",2
"cond_B_cell743",2
"cond_B_cell744",2
"cond_B_cell745",2
"cond_B_cell746",2
"cond_B_cell747",2
"cond_B_cell748",2
"cond_B_cell749",2
"cond_B_cell750",2
"cond_B_cell751",2
"cond_B_cell752",2
"cond_B_cell753",2
"cond_B_cell754",2
"cond_B_cell755",2
"cond_B_cell756",2
"cond_B_cell757",2
"cond_B_cell758",2
"cond_B_cell759",2
"cond_B_cell760",2
"cond_B_cell761",2
"cond_B_cell762",2
"cond_B_cell763",2
"cond_B_cell764",2
"cond_B_cell765",2
"cond_B_cell766",2
"cond_B_cell767",2
"cond_B_cell768",2
"cond_B_cell769",2
"cond_B_cell770",2
"cond_B_cell771",2
"cond_B_cell772",2
"cond_B_cell773",2
"cond_B_cell774",2
"cond_B_cell775",2
"cond_B_cell776",2
"cond_B_cell777",2
"cond_B_cell778",2
"cond_B_cell779",2
"cond_B_cell780",2
"cond_B_cell781",2
"cond_B_cell782",2
"cond_B_cell783",2
"cond_B_cell784",2
"cond_B_cell785",2
"cond_B_cell786",2
"cond_B_cell787",2
"cond_B_cell788",2
"cond_B_cell789",2
"cond_B_cell790",2
"cond_B_cell791",2
"cond_B_cell792",2
"cond_B_cell793",2
"cond_B_cell794",2
"cond_B_cell795",2
"cond_B_cell796",2
"cond_B_cell797",2
"cond_B_cell798",2
"cond_B_cell799",2
"cond_B_cell800",2
"cond_B_cell801",2
"cond_B_cell802",2
"cond_B_cell803",2
"cond_B_cell804",2
"cond_B_cell805",2
"cond_B_cell806",2
"cond_B_cell807",2
"cond_B_cell808",2
"cond_B_cell809",2
"cond_B_cell810",2
"cond_B_cell811",2
"cond_B_cell812",2
"cond_B_cell813",2
"cond_B_cell814",2
"cond_B_cell815",2
"cond_B_cell816",2
"cond_B_cell817",2
"cond_B_cell818",2
"cond_B_cell819",2
"cond_B_cell820",2
"cond_B_cell821",2
"cond_B_cell822",2
"cond_B_cell823",2
"cond_B_cell824",2
"cond_B_cell825",2
"cond_B_cell826",2
"cond_B_cell827",2
"cond_B_cell828",2
"cond_B_cell829",2
"cond_B_cell830",2
"cond_B_cell831",2
"cond_B_cell832",2
"cond_B_cell833",2
"cond_B_cell834",2
"cond_B_cell835",2
"cond_B_cell836",2
"cond_B_cell837",2
"cond_B_cell838",2
"cond_B_cell839",2
"cond_B_cell840",2
"cond_B_cell841",2
"cond_B_cell842",2
"cond_B_cell843",2
"cond_B_cell844",2
"cond_B_cell845",2
"cond_B_cell846",2
"cond_B_cell847",2
"cond_B_cell848",2
"cond_B_cell849",2
"cond_B_cell850",2
"cond_B_cell851",2
"cond_B_cell852",2
"cond_B_cell853",2
"cond_B_cell854",2
"cond_B_cell855",2
"cond_B_cell856",2
"cond_B_cell857",2
"cond_B_cell858",2
"cond_B_cell859",2
"cond_B_cell860",2
"cond_B_cell861",2
"cond_B_cell862",2
"cond_B_cell863",2
"cond_B_cell864",2
"cond_B_cell865",2
"cond_B_cell866",2
"cond_B_cell867",2
"cond_B_cell868",2
"cond_B_cell869",2
"cond_B_cell870",2
"cond_B_cell871",2
"cond_B_cell872",2
"cond_B_cell873",2
"cond_B_cell874",2
"cond_B_cell875",2
"cond_B_cell876",2
"cond_B_cell877",2
"cond_B_cell878",2
"cond_B_cell879",2
"cond_B_cell880",2
"cond_B_cell881",2
"cond_B_cell882",2
"cond_B_cell883",2
"cond_B_cell884",2
"cond_B_cell885",2
"cond_B_cell886",2
"cond_B_cell887",2
"cond_B_cell888",2
"cond_B_cell889",2
"cond_B_cell890",2
"cond_B_cell891",2
"cond_B_cell892",2
"cond_B_cell893",2
"cond_B_cell894",2
"cond_B_cell895",2
"cond_B_cell896",2
"cond_B_cell897",2
"cond_B_cell898",2
"cond_B_cell899",2
"cond_B_cell900",2
"cond_B_cell901",2
"cond_B_cell902",2
"cond_B_cell903",2
"cond_B_cell904",2
"cond_B_cell905",2
"cond_B_cell906",2
"cond_B_cell907",2
"cond_B_cell908",2
"cond_B_cell909",2
"cond_B_cell910",2
"cond_B_cell911",2
"cond_B_cell912",2
"cond_B_cell913",2
"cond_B_cell914",2
"cond_B_cell915",2
"cond_B_cell916",2
"cond_B_cell917",2
"cond_B_cell918",2
"cond_B_cell919",2
"cond_B_cell920",2
"cond_B_cell921",2
"cond_B_cell922",2
"cond_B_cell923",2
"cond_B_cell924",2
"cond_B_cell925",2
"cond_B_cell926",2
"cond_B_cell927",2
"cond_B_cell928",2
"cond_B_cell929",2
"cond_B_cell930",2
"cond_B_cell931",2
"cond_B_cell932",2
"cond_B_cell933",2
"cond_B_cell934",2
"cond_B_cell935",2
"cond_B_cell936",2
"cond_B_cell937",2
"cond_B_cell938",2
"cond_B_cell939",2
"cond_B_cell940",2
"cond_B_cell941",2
"cond_B_cell942",2
"cond_B_cell943",2
"cond_B_cell944",2
"cond_B_cell945",2
"cond_B_cell946",2
"cond_B_cell947",2
"cond_B_cell948",2
"cond_B_cell949",2
"cond_B_cell950",2
"cond_B_cell951",2
"cond_B_cell952",2
"cond_B_cell953",2
"cond_B_cell954",2
"cond_B_cell955",2
"cond_B_cell956",2
"cond_B_cell957",2
"cond_B_cell958",2
"cond_B_cell959",2
"cond_B_cell960",2
"cond_B_cell961",2
"cond_B_cell962",2
"cond_B_cell963",2
"cond_B_cell964",2
"cond_B_cell965",2
"cond_B_cell966",2
"cond_B_cell967",2
"cond_B_cell968",2
"cond_B_cell969",2
"cond_B_cell970",2
"cond_B_cell971",2
"cond_B_cell972",2
"cond_B_cell973",2
"cond_B_cell974",2
"cond_B_cell975",2
"cond_B_cell976",2
"cond_B_cell977",2
"cond_B_cell978",2
"cond_B_cell979",2
"cond_B_cell980",2
"cond_B_cell981",2
"cond_B_cell982",2
"cond_B_cell983",2
"cond_B_cell984",2
"cond_B_cell985",2
"cond_B_cell986",2
"cond_B_cell987",2
"cond_B_cell988",2
"cond_B_cell989",2
"cond_B_cell990",2
"cond_B_cell991",2
"cond_B_cell992",2
"cond_B_cell993",2
"cond_B_cell994",2
"cond_B_cell995",2
"cond_B_cell996",2
"cond_B_cell997",2
"cond_B_cell998",2
"cond_B_cell999",2
"cond_B_cell1000",2
"cond_B_cell1001",2
"cond_B_cell1002",2
"cond_B_cell1003",2
"cond_B_cell1004",2
"cond_B_cell1005",2
"cond_B_cell1006",2
"cond_B_cell1007",2
"cond_B_cell1008",2
"cond_B_cell1009",2
"cond_B_cell1010",2
"cond_B_cell1011",2
"cond_B_cell1012",2
"cond_B_cell1013",2
"cond_B_cell1014",2
"cond_B_cell1015",2
"cond_B_cell1016",2
"cond_B_cell1017",2
"cond_B_cell1018",2
"cond_B_cell1019",2
"cond_B_cell1020",2
"cond_B_cell1021",2
"cond_B_cell1022",2
"cond_B_cell1023",2
"cond_B_cell1024",2
"cond_B_cell1025",2
"cond_B_cell1026",2
"cond_B_cell1027",2
"cond_B_cell1028",2
"cond_B_cell1029",2
"cond_B_cell1030",2
"cond_B_cell1031",2
"cond_B_cell1032",2
"cond_B_cell1033",2
"cond_B_cell1034",2
"cond_B_cell1035",2
"cond_B_cell1036",2
"cond_B_cell1037",2
"cond_B_cell1038",2
"cond_B_cell1039",2
"cond_B_cell1040",2
"cond_B_cell1041",2
"cond_B_cell1042",2
"cond_B_cell1043",2
"cond_B_cell1044",2
"cond_B_cell1045",2
"cond_B_cell1046",2
"cond_B_cell1047",2
"cond_B_cell1048",2
"cond_B_cell1049",2
"cond_B_cell1050",2
"cond_B_cell1051",2
"cond_B_cell1052",2
"cond_B_cell1053",2
"cond_B_cell1054",2
"cond_B_cell1055",2
"cond_B_cell1056",2
"cond_B_cell1057",2
"cond_B_cell1058",2
"cond_B_cell1059",2
"cond_B_cell1060",2
"cond_B_cell1061",2
"cond_B_cell1062",2
"cond_B_cell1063",2
"cond_B_cell1064",2
"cond_B_cell1065",2
"cond_B_cell1066",2
"cond_B_cell1067",2
"cond_B_cell1068",2
"cond_B_cell1069",2
"cond_B_cell1070",2
"cond_B_cell1071",2
"cond_B_cell1072",2
"cond_B_cell1073",2
"cond_B_cell1074",2
"cond_B_cell1075",2
"cond_B_cell1076",2
"cond_B_cell1077",2
"cond_B_cell1078",2
"cond_B_cell1079",2
"cond_B_cell1080",2
"cond_B_cell1081",2
"cond_B_cell1082",2
"cond_B_cell1083",2
"cond_B_cell1084",2
"cond_B_cell1085",2
"cond_B_cell1086",2
"cond_B_cell1087",2
"cond_B_cell1088",2
"cond_B_cell1089",2
"cond_B_cell1090",2
"cond_B_cell1091",2
"cond_B_cell1092",2
"cond_B_cell1093",2
"cond_B_cell1094",2
"cond_B_cell1095",2
"cond_B_cell1096",2
"cond_B_cell1097",2
"cond_B_cell1098",2
"cond_B_cell1099",2
"cond_B_cell1100",2
"cond_B_cell1101",2
"cond_B_cell1102",2
"cond_B_cell1103",2
"cond_B_cell1104",2
"cond_B_cell1105",2
"cond_B_cell1106",2
"cond_B_cell1107",2
"cond_B_cell1108",2
"cond_B_cell1109",2
"cond_B_cell1110",2
"cond_B_cell1111",2
"cond_B_cell1112",2
"cond_B_cell1113",2
"cond_B_cell1114",2
"cond_B_cell1115",2
"cond_B_cell1116",2
"cond_B_cell1117",2
"cond_B_cell1118",2
"cond_B_cell1119",2
"cond_B_cell1120",2
"cond_B_cell1121",2
"cond_B_cell1122",2
"cond_B_cell1123",2
"cond_B_cell1124",2
"cond_B_cell1125",2
"cond_B_cell1126",2
"cond_B_cell1127",2
"cond_B_cell1128",2
"cond_B_cell1129",2
"cond_B_cell1130",2
"cond_B_cell1131",2
"cond_B_cell1132",2
"cond_B_cell1133",2
"cond_B_cell1134",2
"cond_B_cell1135",2
"cond_B_cell1136",2
"cond_B_cell1137",2
"cond_B_cell1138",2
"cond_B_cell1139",2
"cond_B_cell1140",2
"cond_B_cell1141",2
"cond_B_cell1142",2
"cond_B_cell1143",2
"cond_B_cell1144",2
"cond_B_cell1145",2
"cond_B_cell1146",2
"cond_B_cell1147",2
"cond_B_cell1148",2
"cond_B_cell1149",2
"cond_B_cell1150",2
"cond_B_cell1151",2
"cond_B_cell1152",2
"cond_B_cell1153",2
"cond_B_cell1154",2
"cond_B_cell1155",2
"cond_B_cell1156",2
"cond_B_cell1157",2
"cond_B_cell1158",2
"cond_B_cell1159",2
"cond_B_cell1160",2
"cond_B_cell1161",2
"cond_B_cell1162",2
"cond_B_cell1163",2
"cond_B_cell1164",2
"cond_B_cell1165",2
"cond_B_cell1166",2
"cond_B_cell1167",2
"cond_B_cell1168",2
"cond_B_cell1169",2
"cond_B_cell1170",2
"cond_B_cell1171",2
"cond_B_cell1172",2
"cond_B_cell1173",2
"cond_B_cell1174",2
"cond_B_cell1175",2
"cond_B_cell1176",2
"cond_B_cell1177",2
"cond_B_cell1178",2
"cond_B_cell1179",2
"cond_B_cell1180",2
"cond_B_cell1181",2
"cond_B_cell1182",2
"cond_B_cell1183",2
"cond_B_cell1184",2
"cond_B_cell1185",2
"cond_B_cell1186",2
"cond_B_cell1187",2
"cond_B_cell1188",2
"cond_B_cell1189",2
"cond_B_cell1190",2
"cond_B_cell1191",2
"cond_B_cell1192",2
"cond_B_cell1193",2
"cond_B_cell1194",2
"cond_B_cell1195",2
"cond_B_cell1196",2
"cond_B_cell1197",2
"cond_B_cell1198",2
"cond_B_cell1199",2
"cond_B_cell1200",2
"cond_B_cell1201",2
"cond_B_cell1202",2
"cond_B_cell1203",2
"cond_B_cell1204",2
"cond_B_cell1205",2
"cond_B_cell1206",2
"cond_B_cell1207",2
"cond_B_cell1208",2
"cond_B_cell1209",2
"cond_B_cell1210",2
"cond_B_cell1211",2
"cond_B_cell1212",2
"cond_B_cell1213",2
"cond_B_cell1214",2
"cond_B_cell1215",2
"cond_B_cell1216",2
"cond_B_cell1217",2
"cond_B_cell1218",2
"cond_B_cell1219",2
"cond_B_cell1220",2
"cond_B_cell1221",2
"cond_B_cell1222",2
"cond_B_cell1223",2
"cond_B_cell1224",2
"cond_B_cell1225",2
"cond_B_cell1226",2
"cond_B_cell1227",2
"cond_B_cell1228",2
"cond_B_cell1229",2
"cond_B_cell1230",2
"cond_B_cell1231",2
"cond_B_cell1232",2
"cond_B_cell1233",2
"cond_B_cell1234",2
"cond_B_cell1235",2
"cond_B_cell1236",2
"cond_B_cell1237",2
"cond_B_cell1238",2
"cond_B_cell1239",2
"cond_B_cell1240",2
"cond_B_cell1241",2
"cond_B_cell1242",2
"cond_B_cell1243",2
"cond_B_cell1244",2
"cond_B_cell1245",2
"cond_B_cell1246",2
"cond_B_cell1247",2
"cond_B_cell1248",2
"cond_B_cell1249",2
"cond_B_cell1250",2
"cond_B_cell1251",2
"cond_B_cell1252",2
"cond_B_cell1253",2
"cond_B_cell1254",2
"cond_B_cell1255",2
"cond_B_cell1256",2
"cond_B_cell1257",2
"cond_B_cell1258",2
"cond_B_cell1259",2
"cond_B_cell1260",2
"cond_B_cell1261",2
"cond_B_cell1262",2
"cond_B_cell1263",2
"cond_B_cell1264",2
"cond_B_cell1265",2
"cond_B_cell1266",2
"cond_B_cell1267",2
"cond_B_cell1268",2
"cond_B_cell1269",2
"cond_B_cell1270",2
"cond_B_cell1271",2
"cond_B_cell1272",2
"cond_B_cell1273",2
"cond_B_cell1274",2
"cond_B_cell1275",2
"cond_B_cell1276",2
"cond_B_cell1277",2
"cond_B_cell1278",2
"cond_B_cell1279",2
"cond_B_cell1280",2
"cond_B_cell1281",2
"cond_B_cell1282",2
"cond_B_cell1283",2
"cond_B_cell1284",2
"cond_B_cell1285",2
"cond_B_cell1286",2
"cond_B_cell1287",2
"cond_B_cell1288",2
"cond_B_cell1289",2
"cond_B_cell1290",2
"cond_B_cell1291",2
"cond_B_cell1292",2
"cond_B_cell1293",2
"cond_B_cell1294",2
"cond_B_cell1295",2
"cond_B_cell1296",2
"cond_B_cell1297",2
"cond_B_cell1298",2
"cond_B_cell1299",2
"cond_B_cell1300",2
"cond_B_cell1301",2
"cond_B_cell1302",2
"cond_B_cell1303",2
"cond_B_cell1304",2
"cond_B_cell1305",2
"cond_B_cell1306",2
"cond_B_cell1307",2
"cond_B_cell1308",2
"cond_B_cell1309",2
"cond_B_cell1310",2
"cond_B_cell1311",2
"cond_B_cell1312",2
"cond_B_cell1313",2
"cond_B_cell1314",2
"cond_B_cell1315",2
"cond_B_cell1316",2
"cond_B_cell1317",2
"cond_B_cell1318",2
"cond_B_cell1319",2
"cond_B_cell1320",2
"cond_B_cell1321",2
"cond_B_cell1322",2
"cond_B_cell1323",2
"cond_B_cell1324",2
"cond_B_cell1325",2
"cond_B_cell1326",2
"cond_B_cell1327",2
"cond_B_cell1328",2
"cond_B_cell1329",2
"cond_B_cell1330",2
"cond_B_cell1331",2
"cond_B_cell1332",2
"cond_B_cell1333",2
"cond_B_cell1334",2
"cond_B_cell1335",2
"cond_B_cell1336",2
"cond_B_cell1337",2
"cond_B_cell1338",2
"cond_B_cell1339",2
"cond_B_cell1340",2
"cond_B_cell1341",2
"cond_B_cell1342",2
"cond_B_cell1343",2
"cond_B_cell1344",2
"cond_B_cell1345",2
"cond_B_cell1346",2
"cond_B_cell1347",2
"cond_B_cell1348",2
"cond_B_cell1349",2
"cond_B_cell1350",2
"cond_B_cell1351",2
"cond_B_cell1352",2
"cond_B_cell1353",2
"cond_B_cell1354",2
"cond_B_cell1355",2
"cond_B_cell1356",2
"cond_B_cell1357",2
"cond_B_cell1358",2
"cond_B_cell1359",2
"cond_B_cell1360",2
"cond_B_cell1361",2
"cond_B_cell1362",2
"cond_B_cell1363",2
"cond_B_cell1364",2
"cond_B_cell1365",2
"cond_B_cell1366",2
"cond_B_cell1367",2
"cond_B_cell1368",2
"cond_B_cell1369",2
"cond_B_cell1370",2
"cond_B_cell1371",2
"cond_B_cell1372",2
"cond_B_cell1373",2
"cond_B_cell1374",2
"cond_B_cell1375",2
"cond_B_cell1376",2
"cond_B_cell1377",2
"cond_B_cell1378",2
"cond_B_cell1379",2
"cond_B_cell1380",2
"cond_B_cell1381",2
"cond_B_cell1382",2
"cond_B_cell1383",2
"cond_B_cell1384",2
"cond_B_cell1385",2
"cond_B_cell1386",2
"cond_B_cell1387",2
"cond_B_cell1388",2
"cond_B_cell1389",2
"cond_B_cell1390",2
"cond_B_cell1391",2
"cond_B_cell1392",2
"cond_B_cell1393",2
"cond_B_cell1394",2
"cond_B_cell1395",2
"cond_B_cell1396",2
"cond_B_cell1397",2
"cond_B_cell1398",2
"cond_B_cell1399",2
"cond_B_cell1400",2
"cond_B_cell1401",2
"cond_B_cell1402",2
"cond_B_cell1403",2
"cond_B_cell1404",2
"cond_B_cell1405",2
"cond_B_cell1406",2
"cond_B_cell1407",2
"cond_B_cell1408",2
"cond_B_cell1409",2
"cond_B_cell1410",2
"cond_B_cell1411",2
"cond_B_cell1412",2
"cond_B_cell1413",2
"cond_B_cell1414",2
"cond_B_cell1415",2
"cond_B_cell1416",2
"cond_B_cell1417",2
"cond_B_cell1418",2
"cond_B_cell1419",2
"cond_B_cell1420",2
"cond_B_cell1421",2
"cond_B_cell1422",2
"cond_B_cell1423",2
"cond_B_cell1424",2
"cond_B_cell1425",2
"cond_B_cell1426",2
"cond_B_cell1427",2
"cond_B_cell1428",2
"cond_B_cell1429",2
"cond_B_cell1430",2
"cond_B_cell1431",2
"cond_B_cell1432",2
"cond_B_cell1433",2
"cond_B_cell1434",2
"cond_B_cell1435",2
"cond_B_cell1436",2
"cond_B_cell1437",2
"cond_B_cell1438",2
"cond_B_cell1439",2
"cond_B_cell1440",2
"cond_B_cell1441",2
"cond_B_cell1442",2
"cond_B_cell1443",2
"cond_B_cell1444",2
"cond_B_cell1445",2
"cond_B_cell1446",2
"cond_B_cell1447",2
"cond_B_cell1448",2
"cond_B_cell1449",2
"cond_B_cell1450",2
"cond_B_cell1451",2
"cond_B_cell1452",2
"cond_B_cell1453",2
"cond_B_cell1454",2
"cond_B_cell1455",2
"cond_B_cell1456",2
"cond_B_cell1457",2
"cond_B_cell1458",2
"cond_B_cell1459",2
"cond_B_cell1460",2
"cond_B_cell1461",2
"cond_B_cell1462",2
"cond_B_cell1463",2
"cond_B_cell1464",2
"cond_B_cell1465",2
"cond_B_cell1466",2
"cond_B_cell1467",2
"cond_B_cell1468",2
"cond_B_cell1469",2
"cond_B_cell1470",2
"cond_B_cell1471",2
"cond_B_cell1472",2
"cond_B_cell1473",2
"cond_B_cell1474",2
"cond_B_cell1475",2
"cond_B_cell1476",2
"cond_B_cell1477",2
"cond_B_cell1478",2
"cond_B_cell1479",2
"cond_B_cell1480",2
"cond_B_cell1481",2
"cond_B_cell1482",2
"cond_B_cell1483",2
"cond_B_cell1484",2
"cond_B_cell1485",2
"cond_B_cell1486",2
"cond_B_cell1487",2
"cond_B_cell1488",2
"cond_B_cell1489",2
"cond_B_cell1490",2
"cond_B_cell1491",2
"cond_B_cell1492",2
"cond_B_cell1493",2
"cond_B_cell1494",2
"cond_B_cell1495",2
"cond_B_cell1496",2
"cond_B_cell1497",2
"cond_B_cell1498",2
"cond_B_cell1499",2
"cond_B_cell1500",2
"cond_B_cell1501",2
"cond_B_cell1502",2
"cond_B_cell1503",2
"cond_B_cell1504",2
"cond_B_cell1505",2
"cond_B_cell1506",2
"cond_B_cell1507",2
"cond_B_cell1508",2
"cond_B_cell1509",2
"cond_B_cell1510",2
"cond_B_cell1511",2
"cond_B_cell1512",2
"cond_B_cell1513",2
"cond_B_cell1514",2
"cond_B_cell1515",2
"cond_B_cell1516",2
"cond_B_cell1517",2
"cond_B_cell1518",2
"cond_B_cell1519",2
"cond_B_cell1520",2
"cond_B_cell1521",2
"cond_B_cell1522",2
"cond_B_cell1523",2
"cond_B_cell1524",2
"cond_B_cell1525",2
"cond_B_cell1526",2
"cond_B_cell1527",2
"cond_B_cell1528",2
"cond_B_cell1529",2
"cond_B_cell1530",2
"cond_B_cell1531",2
"cond_B_cell1532",2
"cond_B_cell1533",2
"cond_B_cell1534",2
"cond_B_cell1535",2
"cond_B_cell1536",2
"cond_B_cell1537",2
"cond_B_cell1538",2
"cond_B_cell1539",2
"cond_B_cell1540",2
"cond_B_cell1541",2
"cond_B_cell1542",2
"cond_B_cell1543",2
"cond_B_cell1544",2
"cond_B_cell1545",2
"cond_B_cell1546",2
"cond_B_cell1547",2
"cond_B_cell1548",2
"cond_B_cell1549",2
"cond_B_cell1550",2
"cond_B_cell1551",2
"cond_B_cell1552",2
"cond_B_cell1553",2
"cond_B_cell1554",2
"cond_B_cell1555",2
"cond_B_cell1556",2
"cond_B_cell1557",2
"cond_B_cell1558",2
"cond_B_cell1559",2
"cond_B_cell1560",2
"cond_B_cell1561",2
"cond_B_cell1562",2
"cond_B_cell1563",2
"cond_B_cell1564",2
"cond_B_cell1565",2
"cond_B_cell1566",2
"cond_B_cell1567",2
"cond_B_cell1568",2
"cond_B_cell1569",2
"cond_B_cell1570",2
"cond_B_cell1571",2
"cond_B_cell1572",2
"cond_B_cell1573",2
"cond_B_cell1574",2
"cond_B_cell1575",2
"cond_B_cell1576",2
"cond_B_cell1577",2
"cond_B_cell1578",2
"cond_B_cell1579",2
"cond_B_cell1580",2
"cond_B_cell1581",2
"cond_B_cell1582",2
"cond_B_cell1583",2
"cond_B_cell1584",2
"cond_B_cell1585",2
"cond_B_cell1586",2
"cond_B_cell1587",2
"cond_B_cell1588",2
"cond_B_cell1589",2
"cond_B_cell1590",2
"cond_B_cell1591",2
"cond_B_cell1592",2
"cond_B_cell1593",2
"cond_B_cell1594",2
"cond_B_cell1595",2
"cond_B_cell1596",2
"cond_B_cell1597",2
"cond_B_cell1598",2
"cond_B_cell1599",2
"cond_B_cell1600",2
"cond_B_cell1601",2
"cond_B_cell1602",2
"cond_B_cell1603",2
"cond_B_cell1604",2
"cond_B_cell1605",2
"cond_B_cell1606",2
"cond_B_cell1607",2
"cond_B_cell1608",2
"cond_B_cell1609",2
"cond_B_cell1610",2
"cond_B_cell1611",2
"cond_B_cell1612",2
"cond_B_cell1613",2
"cond_B_cell1614",2
"cond_B_cell1615",2
"cond_B_cell1616",2
"cond_B_cell1617",2
"cond_B_cell1618",2
"cond_B_cell1619",2
"cond_B_cell1620",2
"cond_B_cell1621",2
"cond_B_cell1622",2
"cond_B_cell1623",2
"cond_B_cell1624",2
"cond_B_cell1625",2
"cond_B_cell1626",2
"cond_B_cell1627",2
"cond_B_cell1628",2
"cond_B_cell1629",2
"cond_B_cell1630",2
"cond_B_cell1631",2
"cond_B_cell1632",2
"cond_B_cell1633",2
"cond_B_cell1634",2
"cond_B_cell1635",2
"cond_B_cell1636",2
"cond_B_cell1637",2
"cond_B_cell1638",2
"cond_B_cell1639",2
"cond_B_cell1640",2
"cond_B_cell1641",2
"cond_B_cell1642",2
"cond_B_cell1643",2
"cond_B_cell1644",2
"cond_B_cell1645",2
"cond_B_cell1646",2
"cond_B_cell1647",2
"cond_B_cell1648",2
"cond_B_cell1649",2
"cond_B_cell1650",2
"cond_B_cell1651",2
"cond_B_cell1652",2
"cond_B_cell1653",2
"cond_B_cell1654",2
"cond_B_cell1655",2
"cond_B_cell1656",2
"cond_B_cell1657",2
"cond_B_cell1658",2
"cond_B_cell1659",2
"cond_B_cell1660",2
"cond_B_cell1661",2
"cond_B_cell1662",2
"cond_B_cell1663",2
"cond_B_cell1664",2
"cond_B_cell1665",2
"cond_B_cell1666",2
"cond_B_cell1667",2
"cond_B_cell1668",2
"cond_B_cell1669",2
"cond_B_cell1670",2
"cond_B_cell1671",2
"cond_B_cell1672",2
"cond_B_cell1673",2
"cond_B_cell1674",2
"cond_B_cell1675",2
"cond_B_cell1676",2
"cond_B_cell1677",2
"cond_B_cell1678",2
"cond_B_cell1679",2
"cond_B_cell1680",2
"cond_B_cell1681",2
"cond_B_cell1682",2
"cond_B_cell1683",2
"cond_B_cell1684",2
"cond_B_cell1685",2
"cond_B_cell1686",2
"cond_B_cell1687",2
"cond_B_cell1688",2
"cond_B_cell1689",2
"cond_B_cell1690",2
"cond_B_cell1691",2
"cond_B_cell1692",2
"cond_B_cell1693",2
"cond_B_cell1694",2
"cond_B_cell1695",2
"cond_B_cell1696",2
"cond_B_cell1697",2
"cond_B_cell1698",2
"cond_B_cell1699",2
"cond_B_cell1700",2
"cond_B_cell1701",2
"cond_B_cell1702",2
"cond_B_cell1703",2
"cond_B_cell1704",2
"cond_B_cell1705",2
"cond_B_cell1706",2
"cond_B_cell1707",2
"cond_B_cell1708",2
"cond_B_cell1709",2
"cond_B_cell1710",2
"cond_B_cell1711",2
"cond_B_cell1712",2
"cond_B_cell1713",2
"cond_B_cell1714",2
"cond_B_cell1715",2
"cond_B_cell1716",2
"cond_B_cell1717",2
"cond_B_cell1718",2
"cond_B_cell1719",2
"cond_B_cell1720",2
"cond_B_cell1721",2
"cond_B_cell1722",2
"cond_B_cell1723",2
"cond_B_cell1724",2
"cond_B_cell1725",2
"cond_B_cell1726",2
"cond_B_cell1727",2
"cond_B_cell1728",2
"cond_B_cell1729",2
"cond_B_cell1730",2
"cond_B_cell1731",2
"cond_B_cell1732",2
"cond_B_cell1733",2
"cond_B_cell1734",2
"cond_B_cell1735",2
"cond_B_cell1736",2
"cond_B_cell1737",2
"cond_B_cell1738",2
"cond_B_cell1739",2
"cond_B_cell1740",2
"cond_B_cell1741",2
"cond_B_cell1742",2
"cond_B_cell1743",2
"cond_B_cell1744",2
"cond_B_cell1745",2
"cond_B_cell1746",2
"cond_B_cell1747",2
"cond_B_cell1748",2
"cond_B_cell1749",2
"cond_B_cell1750",2
"cond_B_cell1751",2
"cond_B_cell1752",2
"cond_B_cell1753",2
"cond_B_cell1754",2
"cond_B_cell1755",2
"cond_B_cell1756",2
"cond_B_cell1757",2
"cond_B_cell1758",2
"cond_B_cell1759",2
"cond_B_cell1760",2
"cond_B_cell1761",2
"cond_B_cell1762",2
"cond_B_cell1763",2
"cond_B_cell1764",2
"cond_B_cell1765",2
"cond_B_cell1766",2
"cond_B_cell1767",2
"cond_B_cell1768",2
"cond_B_cell1769",2
"cond_B_cell1770",2
"cond_B_cell1771",2
"cond_B_cell1772",2
"cond_B_cell1773",2
"cond_B_cell1774",2
"cond_B_cell1775",2
"cond_B_cell1776",2
"cond_B_cell1777",2
"cond_B_cell1778",2
"cond_B_cell1779",2
"cond_B_cell1780",2
"cond_B_cell1781",2
"cond_B_cell1782",2
"cond_B_cell1783",2
"cond_B_cell1784",2
"cond_B_cell1785",2
"cond_B_cell1786",2
"cond_B_cell1787",2
"cond_B_cell1788",2
"cond_B_cell1789",2
"cond_B_cell1790",2
"cond_B_cell1791",2
"cond_B_cell1792",2
"cond_B_cell1793",2
"cond_B_cell1794",2
"cond_B_cell1795",2
"cond_B_cell1796",2
"cond_B_cell1797",2
"cond_B_cell1798",2
"cond_B_cell1799",2
"cond_B_cell1800",2
"cond_B_cell1801",2
"cond_B_cell1802",2
"cond_B_cell1803",2
"cond_B_cell1804",2
"cond_B_cell1805",2
"cond_B_cell1806",2
"cond_B_cell1807",2
"cond_B_cell1808",2
"cond_B_cell1809",2
"cond_B_cell1810",2
"cond_B_cell1811",2
"cond_B_cell1812",2
"cond_B_cell1813",2
"cond_B_cell1814",2
"cond_B_cell1815",2
"cond_B_cell1816",2
"cond_B_cell1817",2
"cond_B_cell1818",2
"cond_B_cell1819",2
"cond_B_cell1820",2
"cond_B_cell1821",2
"cond_B_cell1822",2
"cond_B_cell1823",2
"cond_B_cell1824",2
"cond_B_cell1825",2
"cond_B_cell1826",2
"cond_B_cell1827",2
"cond_B_cell1828",2
"cond_B_cell1829",2
"cond_B_cell1830",2
"cond_B_cell1831",2
"cond_B_cell1832",2
"cond_B_cell1833",2
"cond_B_cell1834",2
"cond_B_cell1835",2
"cond_B_cell1836",2
"cond_B_cell1837",2
"cond_B_cell1838",2
"cond_B_cell1839",2
"cond_B_cell1840",2
"cond_B_cell1841",2
"cond_B_cell1842",2
"cond_B_cell1843",2
"cond_B_cell1844",2
"cond_B_cell1845",2
"cond_B_cell1846",2
"cond_B_cell1847",2
"cond_B_cell1848",2
"cond_B_cell1849",2
"cond_B_cell1850",2
"cond_B_cell1851",2
"cond_B_cell1852",2
"cond_B_cell1853",2
"cond_B_cell1854",2
"cond_B_cell1855",2
"cond_B_cell1856",2
"cond_B_cell1857",2
"cond_B_cell1858",2
"cond_B_cell1859",2
"cond_B_cell1860",2
"cond_B_cell1861",2
"cond_B_cell1862",2
"cond_B_cell1863",2
"cond_B_cell1864",2
"cond_B_cell1865",2
"cond_B_cell1866",2
"cond_B_cell1867",2
"cond_B_cell1868",2
"cond_B_cell1869",2
"cond_B_cell1870",2
"cond_B_cell1871",2
"cond_B_cell1872",2
"cond_B_cell1873",2
"cond_B_cell1874",2
"cond_B_cell1875",2
"cond_B_cell1876",2
"cond_B_cell1877",2
"cond_B_cell1878",2
"cond_B_cell1879",2
"cond_B_cell1880",2
"cond_B_cell1881",2
"cond_B_cell1882",2
"cond_B_cell1883",2
"cond_B_cell1884",2
"cond_B_cell1885",2
"cond_B_cell1886",2
"cond_B_cell1887",2
"cond_B_cell1888",2
"cond_B_cell1889",2
"cond_B_cell1890",2
"cond_B_cell1891",2
"cond_B_cell1892",2
"cond_B_cell1893",2
"cond_B_cell1894",2
"cond_B_cell1895",2
"cond_B_cell1896",2
"cond_B_cell1897",2
"cond_B_cell1898",2
"cond_B_cell1899",2
"cond_B_cell1900",2
"cond_B_cell1901",2
"cond_B_cell1902",2
"cond_B_cell1903",2
"cond_B_cell1904",2
"cond_B_cell1905",2
"cond_B_cell1906",2
"cond_B_cell1907",2
"cond_B_cell1908",2
"cond_B_cell1909",2
"cond_B_cell1910",2
"cond_B_cell1911",2
"cond_B_cell1912",2
"cond_B_cell1913",2
"cond_B_cell1914",2
"cond_B_cell1915",2
"cond_B_cell1916",2
"cond_B_cell1917",2
"cond_B_cell1918",2
"cond_B_cell1919",2
"cond_B_cell1920",2
"cond_B_cell1921",2
"cond_B_cell1922",2
"cond_B_cell1923",2
"cond_B_cell1924",2
"cond_B_cell1925",2
"cond_B_cell1926",2
"cond_B_cell1927",2
"cond_B_cell1928",2
"cond_B_cell1929",2
"cond_B_cell1930",2
"cond_B_cell1931",2
"cond_B_cell1932",2
"cond_B_cell1933",2
"cond_B_cell1934",2
"cond_B_cell1935",2
"cond_B_cell1936",2
"cond_B_cell1937",2
"cond_B_cell1938",2
"cond_B_cell1939",2
"cond_B_cell1940",2
"cond_B_cell1941",2
"cond_B_cell1942",2
"cond_B_cell1943",2
"cond_B_cell1944",2
"cond_B_cell1945",2
"cond_B_cell1946",2
"cond_B_cell1947",2
"cond_B_cell1948",2
"cond_B_cell1949",2
"cond_B_cell1950",2
"cond_B_cell1951",2
"cond_B_cell1952",2
"cond_B_cell1953",2
"cond_B_cell1954",2
"cond_B_cell1955",2
"cond_B_cell1956",2
"cond_B_cell1957",2
"cond_B_cell1958",2
"cond_B_cell1959",2
"cond_B_cell1960",2
"cond_B_cell1961",2
"cond_B_cell1962",2
"cond_B_cell1963",2
"cond_B_cell1964",2
"cond_B_cell1965",2
"cond_B_cell1966",2
"cond_B_cell1967",2
"cond_B_cell1968",2
"cond_B_cell1969",2
"cond_B_cell1970",2
"cond_B_cell1971",2
"cond_B_cell1972",2
"cond_B_cell1973",2
"cond_B_cell1974",2
"cond_B_cell1975",2
"cond_B_cell1976",2
"cond_B_cell1977",2
"cond_B_cell1978",2
"cond_B_cell1979",2
"cond_B_cell1980",2
"cond_B_cell1981",2
"cond_B_cell1982",2
"cond_B_cell1983",2
"cond_B_cell1984",2
"cond_B_cell1985",2
"cond_B_cell1986",2
"cond_B_cell1987",2
"cond_B_cell1988",2
"cond_B_cell1989",2
"cond_B_cell1990",2
"cond_B_cell1991",2
"cond_B_cell1992",2
"cond_B_cell1993",2
"cond_B_cell1994",2
"cond_B_cell1995",2
"cond_B_cell1996",2
"cond_B_cell1997",2
"cond_B_cell1998",2
"cond_B_cell1999",2
"cond_B_cell2000",2
"cond_B_cell2001",2
"cond_B_cell2002",2
"cond_B_cell2003",2
"cond_B_cell2004",2
"cond_B_cell2005",2
"cond_B_cell2006",2
"cond_B_cell2007",2
"cond_B_cell2008",2
"cond_B_cell2009",2
"cond_B_cell2010",2
"cond_B_cell2011",2
"cond_B_cell2012",2
"cond_B_cell2013",2
"cond_B_cell2014",2
"cond_B_cell2015",2
"cond_B_cell2016",2
"cond_B_cell2017",2
"cond_B_cell2018",2
"cond_B_cell2019",2
"cond_B_cell2020",2
"cond_B_cell2021",2
"cond_B_cell2022",2
"cond_B_cell2023",2
"cond_B_cell2024",2
"cond_B_cell2025",2
"cond_B_cell2026",2
"cond_B_cell2027",2
"cond_B_cell2028",2
"cond_B_cell2029",2
"cond_B_cell2030",2
"cond_B_cell2031",2
"cond_B_cell2032",2
"cond_B_cell2033",2
"cond_B_cell2034",2
"cond_B_cell2035",2
"cond_B_cell2036",2
"cond_B_cell2037",2
"cond_B_cell2038",2
"cond_B_cell2039",2
"cond_B_cell2040",2
"cond_B_cell2041",2
"cond_B_cell2042",2
"cond_B_cell2043",2
"cond_B_cell2044",2
"cond_B_cell2045",2
"cond_B_cell2046",2
"cond_B_cell2047",2
"cond_B_cell2048",2
"cond_B_cell2049",2
"cond_B_cell2050",2
"cond_B_cell2051",2
"cond_B_cell2052",2
"cond_B_cell2053",2
"cond_B_cell2054",2
"cond_B_cell2055",2
"cond_B_cell2056",2
"cond_B_cell2057",2
"cond_B_cell2058",2
"cond_B_cell2059",2
"cond_B_cell2060",2
"cond_B_cell2061",2
"cond_B_cell2062",2
"cond_B_cell2063",2
"cond_B_cell2064",2
"cond_B_cell2065",2
"cond_B_cell2066",2
"cond_B_cell2067",2
"cond_B_cell2068",2
"cond_B_cell2069",2
"cond_B_cell2070",2
"cond_B_cell2071",2
"cond_B_cell2072",2
"cond_B_cell2073",2
"cond_B_cell2074",2
"cond_B_cell2075",2
"cond_B_cell2076",2
"cond_B_cell2077",2
"cond_B_cell2078",2
"cond_B_cell2079",2
"cond_B_cell2080",2
"cond_B_cell2081",2
"cond_B_cell2082",2
"cond_B_cell2083",2
"cond_B_cell2084",2
"cond_B_cell2085",2
"cond_B_cell2086",2
"cond_B_cell2087",2
"cond_B_cell2088",2
"cond_B_cell2089",2
"cond_B_cell2090",2
"cond_B_cell2091",2
"cond_B_cell2092",2
"cond_B_cell2093",2
"cond_B_cell2094",2
"cond_B_cell2095",2
"cond_B_cell2096",2
"cond_B_cell2097",2
"cond_B_cell2098",2
"cond_B_cell2099",2
"cond_B_cell2100",2
"cond_B_cell2101",2
"cond_B_cell2102",2
"cond_B_cell2103",2
"cond_B_cell2104",2
"cond_B_cell2105",2
"cond_B_cell2106",2
"cond_B_cell2107",2
"cond_B_cell2108",2
"cond_B_cell2109",2
"cond_B_cell2110",2
"cond_B_cell2111",2
"cond_B_cell2112",2
"cond_B_cell2113",2
"cond_B_cell2114",2
"cond_B_cell2115",2
"cond_B_cell2116",2
"cond_B_cell2117",2
"cond_B_cell2118",2
"cond_B_cell2119",2
"cond_B_cell2120",2
"cond_B_cell2121",2
"cond_B_cell2122",2
"cond_B_cell2123",2
"cond_B_cell2124",2
"cond_B_cell2125",2
"cond_B_cell2126",2
"cond_B_cell2127",2
"cond_B_cell2128",2
"cond_B_cell2129",2
"cond_B_cell2130",2
"cond_B_cell2131",2
"cond_B_cell2132",2
"cond_B_cell2133",2
"cond_B_cell2134",2
"cond_B_cell2135",2
"cond_B_cell2136",2
"cond_B_cell2137",2
"cond_B_cell2138",2
"cond_B_cell2139",2
"cond_B_cell2140",2
"cond_B_cell2141",2
"cond_B_cell2142",2
"cond_B_cell2143",2
"cond_B_cell2144",2
"cond_B_cell2145",2
"cond_B_cell2146",2
"cond_B_cell2147",2
"cond_B_cell2148",2
"cond_B_cell2149",2
"cond_B_cell2150",2
"cond_B_cell2151",2
"cond_B_cell2152",2
"cond_B_cell2153",2
"cond_B_cell2154",2
"cond_B_cell2155",2
"cond_B_cell2156",2
"cond_B_cell2157",2
"cond_B_cell2158",2
"cond_B_cell2159",2
"cond_B_cell2160",2
"cond_B_cell2161",2
"cond_B_cell2162",2
"cond_B_cell2163",2
"cond_B_cell2164",2
"cond_B_cell2165",2
"cond_B_cell2166",2
"cond_B_cell2167",2
"cond_B_cell2168",2
"cond_B_cell2169",2
"cond_B_cell2170",2
"cond_B_cell2171",2
"cond_B_cell2172",2
"cond_B_cell2173",2
"cond_B_cell2174",2
"cond_B_cell2175",2
"cond_B_cell2176",2
"cond_B_cell2177",2
"cond_B_cell2178",2
"cond_B_cell2179",2
"cond_B_cell2180",2
"cond_B_cell2181",2
"cond_B_cell2182",2
"cond_B_cell2183",2
"cond_B_cell2184",2
"cond_B_cell2185",2
"cond_B_cell2186",2
"cond_B_cell2187",2
"cond_B_cell2188",2
"cond_B_cell2189",2
"cond_B_cell2190",2
"cond_B_cell2191",2
"cond_B_cell2192",2
"cond_B_cell2193",2
"cond_B_cell2194",2
"cond_B_cell2195",2
"cond_B_cell2196",2
"cond_B_cell2197",2
"cond_B_cell2198",2
"cond_B_cell2199",2
"cond_B_cell2200",2
"cond_B_cell2201",2
"cond_B_cell2202",2
"cond_B_cell2203",2
"cond_B_cell2204",2
"cond_B_cell2205",2
"cond_B_cell2206",2
"cond_B_cell2207",2
"cond_B_cell2208",2
"cond_B_cell2209",2
"cond_B_cell2210",2
"cond_B_cell2211",2
"cond_B_cell2212",2
"cond_B_cell2213",2
"cond_B_cell2214",2
"cond_B_cell2215",2
"cond_B_cell2216",2
"cond_B_cell2217",2
"cond_B_cell2218",2
"cond_B_cell2219",2
"cond_B_cell2220",2
"cond_B_cell2221",2
"cond_B_cell2222",2
"cond_B_cell2223",2
"cond_B_cell2224",2
"cond_B_cell2225",2
"cond_B_cell2226",2
"cond_B_cell2227",2
"cond_B_cell2228",2
"cond_B_cell2229",2
"cond_B_cell2230",2
"cond_B_cell2231",2
"cond_B_cell2232",2
"cond_B_cell2233",2
"cond_B_cell2234",2
"cond_B_cell2235",2
"cond_B_cell2236",2
"cond_B_cell2237",2
"cond_B_cell2238",2
"cond_B_cell2239",2
"cond_B_cell2240",2
"cond_B_cell2241",2
"cond_B_cell2242",2
"cond_B_cell2243",2
"cond_B_cell2244",2
"cond_B_cell2245",2
"cond_B_cell2246",2
"cond_B_cell2247",2
"cond_B_cell2248",2
"cond_B_cell2249",2
"cond_B_cell2250",2
"cond_B_cell2251",2
"cond_B_cell2252",2
"cond_B_cell2253",2
"cond_B_cell2254",2
"cond_B_cell2255",2
"cond_B_cell2256",2
"cond_B_cell2257",2
"cond_B_cell2258",2
"cond_B_cell2259",2
"cond_B_cell2260",2
"cond_B_cell2261",2
"cond_B_cell2262",2
"cond_B_cell2263",2
"cond_B_cell2264",2
"cond_B_cell2265",2
"cond_B_cell2266",2
"cond_B_cell2267",2
"cond_B_cell2268",2
"cond_B_cell2269",2
"cond_B_cell2270",2
"cond_B_cell2271",2
"cond_B_cell2272",2
"cond_B_cell2273",2
"cond_B_cell2274",2
"cond_B_cell2275",2
"cond_B_cell2276",2
"cond_B_cell2277",2
"cond_B_cell2278",2
"cond_B_cell2279",2
"cond_B_cell2280",2
"cond_B_cell2281",2
"cond_B_cell2282",2
"cond_B_cell2283",2
"cond_B_cell2284",2
"cond_B_cell2285",2
"cond_B_cell2286",2
"cond_B_cell2287",2
"cond_B_cell2288",2
"cond_B_cell2289",2
"cond_B_cell2290",2
"cond_B_cell2291",2
"cond_B_cell2292",2
"cond_B_cell2293",2
"cond_B_cell2294",2
"cond_B_cell2295",2
"cond_B_cell2296",2
"cond_B_cell2297",2
"cond_B_cell2298",2
"cond_B_cell2299",2
"cond_B_cell2300",2
"cond_B_cell2301",2
"cond_B_cell2302",2
"cond_B_cell2303",2
"cond_B_cell2304",2
"cond_B_cell2305",2
"cond_B_cell2306",2
"cond_B_cell2307",2
"cond_B_cell2308",2
"cond_B_cell2309",2
"cond_B_cell2310",2
"cond_B_cell2311",2
"cond_B_cell2312",2
"cond_B_cell2313",2
"cond_B_cell2314",2
"cond_B_cell2315",2
"cond_B_cell2316",2
"cond_B_cell2317",2
"cond_B_cell2318",2
"cond_B_cell2319",2
"cond_B_cell2320",2
"cond_B_cell2321",2
"cond_B_cell2322",2
"cond_B_cell2323",2
"cond_B_cell2324",2
"cond_B_cell2325",2
"cond_B_cell2326",2
"cond_B_cell2327",2
"cond_B_cell2328",2
"cond_B_cell2329",2
"cond_B_cell2330",2
"cond_B_cell2331",2
"cond_B_cell2332",2
"cond_B_cell2333",2
"cond_B_cell2334",2
"cond_B_cell2335",2
"cond_B_cell2336",2
"cond_B_cell2337",2
"cond_B_cell2338",2
"cond_B_cell2339",2
"cond_B_cell2340",2
"cond_B_cell2341",2
"cond_B_cell2342",2
"cond_B_cell2343",2
"cond_B_cell2344",2
"cond_B_cell2345",2
"cond_B_cell2346",2
"cond_B_cell2347",2
"cond_B_cell2348",2
"cond_B_cell2349",2
"cond_B_cell2350",2
"cond_B_cell2351",2
"cond_B_cell2352",2
"cond_B_cell2353",2
"cond_B_cell2354",2
"cond_B_cell2355",2
"cond_B_cell2356",2
"cond_B_cell2357",2
"cond_B_cell2358",2
"cond_B_cell2359",2
"cond_B_cell2360",2
"cond_B_cell2361",2
"cond_B_cell2362",2
"cond_B_cell2363",2
"cond_B_cell2364",2
"cond_B_cell2365",2
"cond_B_cell2366",2
"cond_B_cell2367",2
"cond_B_cell2368",2
"cond_B_cell2369",2
"cond_B_cell2370",2
"cond_B_cell2371",2
"cond_B_cell2372",2
"cond_B_cell2373",2
"cond_B_cell2374",2
"cond_B_cell2375",2
"cond_B_cell2376",2
"cond_B_cell2377",2
"cond_B_cell2378",2
"cond_B_cell2379",2
"cond_B_cell2380",2
"cond_B_cell2381",2
"cond_B_cell2382",2
"cond_B_cell2383",2
"cond_B_cell2384",2
"cond_B_cell2385",2
"cond_B_cell2386",2
"cond_B_cell2387",2
"cond_B_cell2388",2
"cond_B_cell2389",2
"cond_B_cell2390",2
"cond_B_cell2391",2
"cond_B_cell2392",2
"cond_B_cell2393",2
"cond_B_cell2394",2
"cond_B_cell2395",2
"cond_B_cell2396",2
"cond_B_cell2397",2
"cond_B_cell2398",2
"cond_B_cell2399",2
"cond_B_cell2400",2
"cond_B_cell2401",2
"cond_B_cell2402",2
"cond_B_cell2403",2
"cond_B_cell2404",2
"cond_B_cell2405",2
"cond_B_cell2406",2
"cond_B_cell2407",2
"cond_B_cell2408",2
"cond_B_cell2409",2
"cond_B_cell2410",2
"cond_B_cell2411",2
"cond_B_cell2412",2
"cond_B_cell2413",2
"cond_B_cell2414",2
"cond_B_cell2415",2
"cond_B_cell2416",2
"cond_B_cell2417",2
"cond_B_cell2418",2
"cond_B_cell2419",2
"cond_B_cell2420",2
"cond_B_cell2421",2
"cond_B_cell2422",2
"cond_B_cell2423",2
"cond_B_cell2424",2
"cond_B_cell2425",2
"cond_B_cell2426",2
"cond_B_cell2427",2
"cond_B_cell2428",2
"cond_B_cell2429",2
"cond_B_cell2430",2
"cond_B_cell2431",2
"cond_B_cell2432",2
"cond_B_cell2433",2
"cond_B_cell2434",2
"cond_B_cell2435",2
"cond_B_cell2436",2
"cond_B_cell2437",2
"cond_B_cell2438",2
"cond_B_cell2439",2
"cond_B_cell2440",2
"cond_B_cell2441",2
"cond_B_cell2442",2
"cond_B_cell2443",2
"cond_B_cell2444",2
"cond_B_cell2445",2
"cond_B_cell2446",2
"cond_B_cell2447",2
"cond_B_cell2448",2
"cond_B_cell2449",2
"cond_B_cell2450",2
"cond_B_cell2451",2
"cond_B_cell2452",2
"cond_B_cell2453",2
"cond_B_cell2454",2
"cond_B_cell2455",2
"cond_B_cell2456",2
"cond_B_cell2457",2
"cond_B_cell2458",2
"cond_B_cell2459",2
"cond_B_cell2460",2
"cond_B_cell2461",2
"cond_B_cell2462",2
"cond_B_cell2463",2
"cond_B_cell2464",2
"cond_B_cell2465",2
"cond_B_cell2466",2
"cond_B_cell2467",2
"cond_B_cell2468",2
"cond_B_cell2469",2
"cond_B_cell2470",2
"cond_B_cell2471",2
"cond_B_cell2472",2
"cond_B_cell2473",2
"cond_B_cell2474",2
"cond_B_cell2475",2
"cond_B_cell2476",2
"cond_B_cell2477",2
"cond_B_cell2478",2
"cond_B_cell2479",2
"cond_B_cell2480",2
"cond_B_cell2481",2
"cond_B_cell2482",2
"cond_B_cell2483",2
"cond_B_cell2484",2
"cond_B_cell2485",2
"cond_B_cell2486",2
"cond_B_cell2487",2
"cond_B_cell2488",2
"cond_B_cell2489",2
"cond_B_cell2490",2
"cond_B_cell2491",2
"cond_B_cell2492",2
"cond_B_cell2493",2
"cond_B_cell2494",2
"cond_B_cell2495",2
"cond_B_cell2496",2
"cond_B_cell2497",2
"cond_B_cell2498",2
"cond_B_cell2499",2
"cond_B_cell2500",2
"cond_B_cell2501",2
"cond_B_cell2502",2
"cond_B_cell2503",2
"cond_B_cell2504",2
"cond_B_cell2505",2
"cond_B_cell2506",2
"cond_B_cell2507",2
"cond_B_cell2508",2
"cond_B_cell2509",2
"cond_B_cell2510",2
"cond_B_cell2511",2
"cond_B_cell2512",2
"cond_B_cell2513",2
"cond_B_cell2514",2
"cond_B_cell2515",2
"cond_B_cell2516",2
"cond_B_cell2517",2
"cond_B_cell2518",2
"cond_B_cell2519",2
"cond_B_cell2520",2
"cond_B_cell2521",2
"cond_B_cell2522",2
"cond_B_cell2523",2
"cond_B_cell2524",2
"cond_B_cell2525",2
"cond_B_cell2526",2
"cond_B_cell2527",2
"cond_B_cell2528",2
"cond_B_cell2529",2
"cond_B_cell2530",2
"cond_B_cell2531",2
"cond_B_cell2532",2
"cond_B_cell2533",2
"cond_B_cell2534",2
"cond_B_cell2535",2
"cond_B_cell2536",2
"cond_B_cell2537",2
"cond_B_cell2538",2
"cond_B_cell2539",2
"cond_B_cell2540",2
"cond_B_cell2541",2
"cond_B_cell2542",2
"cond_B_cell2543",2
"cond_B_cell2544",2
"cond_B_cell2545",2
"cond_B_cell2546",2
"cond_B_cell2547",2
"cond_B_cell2548",2
"cond_B_cell2549",2
"cond_B_cell2550",2
"cond_B_cell2551",2
"cond_B_cell2552",2
"cond_B_cell2553",2
"cond_B_cell2554",2
"cond_B_cell2555",2
"cond_B_cell2556",2
"cond_B_cell2557",2
"cond_B_cell2558",2
"cond_B_cell2559",2
"cond_B_cell2560",2
"cond_B_cell2561",2
"cond_B_cell2562",2
"cond_B_cell2563",2
"cond_B_cell2564",2
"cond_B_cell2565",2
"cond_B_cell2566",2
"cond_B_cell2567",2
"cond_B_cell2568",2
"cond_B_cell2569",2
"cond_B_cell2570",2
"cond_B_cell2571",2
"cond_B_cell2572",2
"cond_B_cell2573",2
"cond_B_cell2574",2
"cond_B_cell2575",2
"cond_B_cell2576",2
"cond_B_cell2577",2
"cond_B_cell2578",2
"cond_B_cell2579",2
"cond_B_cell2580",2
"cond_B_cell2581",2
"cond_B_cell2582",2
"cond_B_cell2583",2
"cond_B_cell2584",2
"cond_B_cell2585",2
"cond_B_cell2586",2
"cond_B_cell2587",2
"cond_B_cell2588",2
"cond_B_cell2589",2
"cond_B_cell2590",2
"cond_B_cell2591",2
"cond_B_cell2592",2
"cond_B_cell2593",2
"cond_B_cell2594",2
"cond_B_cell2595",2
"cond_B_cell2596",2
"cond_B_cell2597",2
"cond_B_cell2598",2
"cond_B_cell2599",2
"cond_B_cell2600",2
"cond_B_cell2601",2
"cond_B_cell2602",2
"cond_B_cell2603",2
"cond_B_cell2604",2
"cond_B_cell2605",2
"cond_B_cell2606",2
"cond_B_cell2607",2
"cond_B_cell2608",2
"cond_B_cell2609",2
"cond_B_cell2610",2
"cond_B_cell2611",2
"cond_B_cell2612",2
"cond_B_cell2613",2
"cond_B_cell2614",2
"cond_B_cell2615",2
"cond_B_cell2616",2
"cond_B_cell2617",2
"cond_B_cell2618",2
"cond_B_cell2619",2
"cond_B_cell2620",2
"cond_B_cell2621",2
"cond_B_cell2622",2
"cond_B_cell2623",2
"cond_B_cell2624",2
"cond_B_cell2625",2
"cond_B_cell2626",2
"cond_B_cell2627",2
"cond_B_cell2628",2
"cond_B_cell2629",2
"cond_B_cell2630",2
"cond_B_cell2631",2
"cond_B_cell2632",2
"cond_B_cell2633",2
"cond_B_cell2634",2
"cond_B_cell2635",2
"cond_B_cell2636",2
"cond_B_cell2637",2
"cond_B_cell2638",2
"cond_B_cell2639",2
"cond_B_cell2640",2
"cond_B_cell2641",2
"cond_B_cell2642",2
"cond_B_cell2643",2
"cond_B_cell2644",2
"cond_B_cell2645",2
"cond_B_cell2646",2
"cond_B_cell2647",2
"cond_B_cell2648",2
"cond_B_cell2649",2
"cond_B_cell2650",2
"cond_B_cell2651",2
"cond_B_cell2652",2
"cond_B_cell2653",2
"cond_B_cell2654",2
"cond_B_cell2655",2
"cond_B_cell2656",2
"cond_B_cell2657",2
"cond_B_cell2658",2
"cond_B_cell2659",2
"cond_B_cell2660",2
"cond_B_cell2661",2
"cond_B_cell2662",2
"cond_B_cell2663",2
"cond_B_cell2664",2
"cond_B_cell2665",2
"cond_B_cell2666",2
"cond_B_cell2667",2
"cond_B_cell2668",2
"cond_B_cell2669",2
"cond_B_cell2670",2
"cond_B_cell2671",2
"cond_B_cell2672",2
"cond_B_cell2673",2
"cond_B_cell2674",2
"cond_B_cell2675",2
"cond_B_cell2676",2
"cond_B_cell2677",2
"cond_B_cell2678",2
"cond_B_cell2679",2
"cond_B_cell2680",2
"cond_B_cell2681",2
"cond_B_cell2682",2
"cond_B_cell2683",2
"cond_B_cell2684",2
"cond_B_cell2685",2
"cond_B_cell2686",2
"cond_B_cell2687",2
"cond_B_cell2688",2
"cond_B_cell2689",2
"cond_B_cell2690",2
"cond_B_cell2691",2
"cond_B_cell2692",2
"cond_B_cell2693",2
"cond_B_cell2694",2
"cond_B_cell2695",2
"cond_B_cell2696",2
"cond_B_cell2697",2
"cond_B_cell2698",2
"cond_B_cell2699",2
"cond_B_cell2700",2
"cond_B_cell2701",2
"cond_B_cell2702",2
"cond_B_cell2703",2
"cond_B_cell2704",2
"cond_B_cell2705",2
"cond_B_cell2706",2
"cond_B_cell2707",2
"cond_B_cell2708",2
"cond_B_cell2709",2
"cond_B_cell2710",2
"cond_B_cell2711",2
"cond_B_cell2712",2
"cond_B_cell2713",2
"cond_B_cell2714",2
"cond_B_cell2715",2
"cond_B_cell2716",2
"cond_B_cell2717",2
"cond_B_cell2718",2
"cond_B_cell2719",2
"cond_B_cell2720",2
"cond_B_cell2721",2
"cond_B_cell2722",2
"cond_B_cell2723",2
"cond_B_cell2724",2
"cond_B_cell2725",2
"cond_B_cell2726",2
"cond_B_cell2727",2
"cond_B_cell2728",2
"cond_B_cell2729",2
"cond_B_cell2730",2
"cond_B_cell2731",2
"cond_B_cell2732",2
"cond_B_cell2733",2
"cond_B_cell2734",2
"cond_B_cell2735",2
"cond_B_cell2736",2
"cond_B_cell2737",2
"cond_B_cell2738",2
"cond_B_cell2739",2
"cond_B_cell2740",2
"cond_B_cell2741",2
"cond_B_cell2742",2
"cond_B_cell2743",2
"cond_B_cell2744",2
"cond_B_cell2745",2
"cond_B_cell2746",2
"cond_B_cell2747",2
"cond_B_cell2748",2
"cond_B_cell2749",2
"cond_B_cell2750",2
"cond_B_cell2751",2
"cond_B_cell2752",2
"cond_B_cell2753",2
"cond_B_cell2754",2
"cond_B_cell2755",2
"cond_B_cell2756",2
"cond_B_cell2757",2
"cond_B_cell2758",2
"cond_B_cell2759",2
"cond_B_cell2760",2
"cond_B_cell2761",2
"cond_B_cell2762",2
"cond_B_cell2763",2
"cond_B_cell2764",2
"cond_B_cell2765",2
"cond_B_cell2766",2
"cond_B_cell2767",2
"cond_B_cell2768",2
"cond_B_cell2769",2
"cond_B_cell2770",2
"cond_B_cell2771",2
"cond_B_cell2772",2
"cond_B_cell2773",2
"cond_B_cell2774",2
"cond_B_cell2775",2
"cond_B_cell2776",2
"cond_B_cell2777",2
"cond_B_cell2778",2
"cond_B_cell2779",2
"cond_B_cell2780",2
"cond_B_cell2781",2
"cond_B_cell2782",2
"cond_B_cell2783",2
"cond_B_cell2784",2
"cond_B_cell2785",2
"cond_B_cell2786",2
"cond_B_cell2787",2
"cond_B_cell2788",2
"cond_B_cell2789",2
"cond_B_cell2790",2
"cond_B_cell2791",2
"cond_B_cell2792",2
"cond_B_cell2793",2
"cond_B_cell2794",2
"cond_B_cell2795",2
"cond_B_cell2796",2
"cond_B_cell2797",2
"cond_B_cell2798",2
"cond_B_cell2799",2
"cond_B_cell2800",2
"cond_B_cell2801",2
"cond_B_cell2802",2
"cond_B_cell2803",2
"cond_B_cell2804",2
"cond_B_cell2805",2
"cond_B_cell2806",2
"cond_B_cell2807",2
"cond_B_cell2808",2
"cond_B_cell2809",2
"cond_B_cell2810",2
"cond_B_cell2811",2
"cond_B_cell2812",2
"cond_B_cell2813",2
"cond_B_cell2814",2
"cond_B_cell2815",2
"cond_B_cell2816",2
"cond_B_cell2817",2
"cond_B_cell2818",2
"cond_B_cell2819",2
"cond_B_cell2820",2
"cond_B_cell2821",2
"cond_B_cell2822",2
"cond_B_cell2823",2
"cond_B_cell2824",2
"cond_B_cell2825",2
"cond_B_cell2826",2
"cond_B_cell2827",2
"cond_B_cell2828",2
"cond_B_cell2829",2
"cond_B_cell2830",2
"cond_B_cell2831",2
"cond_B_cell2832",2
"cond_B_cell2833",2
"cond_B_cell2834",2
"cond_B_cell2835",2
"cond_B_cell2836",2
"cond_B_cell2837",2
"cond_B_cell2838",2
"cond_B_cell2839",2
"cond_B_cell2840",2
"cond_B_cell2841",2
"cond_B_cell2842",2
"cond_B_cell2843",2
"cond_B_cell2844",2
"cond_B_cell2845",2
"cond_B_cell2846",2
"cond_B_cell2847",2
"cond_B_cell2848",2
"cond_B_cell2849",2
"cond_B_cell2850",2
"cond_B_cell2851",2
"cond_B_cell2852",2
"cond_B_cell2853",2
"cond_B_cell2854",2
"cond_B_cell2855",2
"cond_B_cell2856",2
"cond_B_cell2857",2
"cond_B_cell2858",2
"cond_B_cell2859",2
"cond_B_cell2860",2
"cond_B_cell2861",2
"cond_B_cell2862",2
"cond_B_cell2863",2
"cond_B_cell2864",2
"cond_B_cell2865",2
"cond_B_cell2866",2
"cond_B_cell2867",2
"cond_B_cell2868",2
"cond_B_cell2869",2
"cond_B_cell2870",2
"cond_B_cell2871",2
"cond_B_cell2872",2
"cond_B_cell2873",2
"cond_B_cell2874",2
"cond_B_cell2875",2
"cond_B_cell2876",2
"cond_B_cell2877",2
"cond_B_cell2878",2
"cond_B_cell2879",2
"cond_B_cell2880",2
"cond_B_cell2881",2
"cond_B_cell2882",2
"cond_B_cell2883",2
"cond_B_cell2884",2
"cond_B_cell2885",2
"cond_B_cell2886",2
"cond_B_cell2887",2
"cond_B_cell2888",2
"cond_B_cell2889",2
"cond_B_cell2890",2
"cond_B_cell2891",2
"cond_B_cell2892",2
"cond_B_cell2893",2
"cond_B_cell2894",2
"cond_B_cell2895",2
"cond_B_cell2896",2
"cond_B_cell2897",2
"cond_B_cell2898",2
"cond_B_cell2899",2
"cond_B_cell2900",2
"cond_B_cell2901",2
"cond_B_cell2902",2
"cond_B_cell2903",2
"cond_B_cell2904",2
"cond_B_cell2905",2
"cond_B_cell2906",2
"cond_B_cell2907",2
"cond_B_cell2908",2
"cond_B_cell2909",2
"cond_B_cell2910",2
"cond_B_cell2911",2
"cond_B_cell2912",2
"cond_B_cell2913",2
"cond_B_cell2914",2
"cond_B_cell2915",2
"cond_B_cell2916",2
"cond_B_cell2917",2
"cond_B_cell2918",2
"cond_B_cell2919",2
"cond_B_cell2920",2
"cond_B_cell2921",2
"cond_B_cell2922",2
"cond_B_cell2923",2
"cond_B_cell2924",2
"cond_B_cell2925",2
"cond_B_cell2926",2
"cond_B_cell2927",2
"cond_B_cell2928",2
"cond_B_cell2929",2
"cond_B_cell2930",2
"cond_B_cell2931",2
"cond_B_cell2932",2
"cond_B_cell2933",2
"cond_B_cell2934",2
"cond_B_cell2935",2
"cond_B_cell2936",2
"cond_B_cell2937",2
"cond_B_cell2938",2
"cond_B_cell2939",2
"cond_B_cell2940",2
"cond_B_cell2941",2
"cond_B_cell2942",2
"cond_B_cell2943",2
"cond_B_cell2944",2
"cond_B_cell2945",2
"cond_B_cell2946",2
"cond_B_cell2947",2
"cond_B_cell2948",2
"cond_B_cell2949",2
"cond_B_cell2950",2
"cond_B_cell2951",2
"cond_B_cell2952",2
"cond_B_cell2953",2
"cond_B_cell2954",2
"cond_B_cell2955",2
"cond_B_cell2956",2
"cond_B_cell2957",2
"cond_B_cell2958",2
"cond_B_cell2959",2
"cond_B_cell2960",2
"cond_B_cell2961",2
"cond_B_cell2962",2
"cond_B_cell2963",2
"cond_B_cell2964",2
"cond_B_cell2965",2
"cond_B_cell2966",2
"cond_B_cell2967",2
"cond_B_cell2968",2
"cond_B_cell2969",2
"cond_B_cell2970",2
"cond_B_cell2971",2
"cond_B_cell2972",2
"cond_B_cell2973",2
"cond_B_cell2974",2
"cond_B_cell2975",2
"cond_B_cell2976",2
"cond_B_cell2977",2
"cond_B_cell2978",2
"cond_B_cell2979",2
"cond_B_cell2980",2
"cond_B_cell2981",2
"cond_B_cell2982",2
"cond_B_cell2983",2
"cond_B_cell2984",2
"cond_B_cell2985",2
"cond_B_cell2986",2
"cond_B_cell2987",2
"cond_B_cell2988",2
"cond_B_cell2989",2
"cond_B_cell2990",2
"cond_B_cell2991",2
"cond_B_cell2992",2
"cond_B_cell2993",2
"cond_B_cell2994",2
"cond_B_cell2995",2
"cond_B_cell2996",2
"cond_B_cell2997",2
"cond_B_cell2998",2
"cond_B_cell2999",2
"cond_B_cell3000",2
"cond_B_cell3001",2
"cond_B_cell3002",2
"cond_B_cell3003",2
"cond_B_cell3004",2
"cond_B_cell3005",2
"cond_B_cell3006",2
"cond_B_cell3007",2
"cond_B_cell3008",2
"cond_B_cell3009",2
"cond_B_cell3010",2
"cond_B_cell3011",2
"cond_B_cell3012",2
"cond_B_cell3013",2
"cond_B_cell3014",2
"cond_B_cell3015",2
"cond_B_cell3016",2
"cond_B_cell3017",2
"cond_B_cell3018",2
"cond_B_cell3019",2
"cond_B_cell3020",2
"cond_B_cell3021",2
"cond_B_cell3022",2
"cond_B_cell3023",2
"cond_B_cell3024",2
"cond_B_cell3025",2
"cond_B_cell3026",2
"cond_B_cell3027",2
"cond_B_cell3028",2
"cond_B_cell3029",2
"cond_B_cell3030",2
"cond_B_cell3031",2
"cond_B_cell3032",2
"cond_B_cell3033",2
"cond_B_cell3034",2
"cond_B_cell3035",2
"cond_B_cell3036",2
"cond_B_cell3037",2
"cond_B_cell3038",2
"cond_B_cell3039",2
"cond_B_cell3040",2
"cond_B_cell3041",2
"cond_B_cell3042",2
"cond_B_cell3043",2
"cond_B_cell3044",2
"cond_B_cell3045",2
"cond_B_cell3046",2
"cond_B_cell3047",2
"cond_B_cell3048",2
"cond_B_cell3049",2
"cond_B_cell3050",2
"cond_B_cell3051",2
"cond_B_cell3052",2
"cond_B_cell3053",2
"cond_B_cell3054",2
"cond_B_cell3055",2
"cond_B_cell3056",2
"cond_B_cell3057",2
"cond_B_cell3058",2
"cond_B_cell3059",2
"cond_B_cell3060",2
"cond_B_cell3061",2
"cond_B_cell3062",2
"cond_B_cell3063",2
"cond_B_cell3064",2
"cond_B_cell3065",2
"cond_B_cell3066",2
"cond_B_cell3067",2
"cond_B_cell3068",2
"cond_B_cell3069",2
"cond_B_cell3070",2
"cond_B_cell3071",2
"cond_B_cell3072",2
"cond_B_cell3073",2
"cond_B_cell3074",2
"cond_B_cell3075",2
"cond_B_cell3076",2
"cond_B_cell3077",2
"cond_B_cell3078",2
"cond_B_cell3079",2
"cond_B_cell3080",2
"cond_B_cell3081",2
"cond_B_cell3082",2
"cond_B_cell3083",2
"cond_B_cell3084",2
"cond_B_cell3085",2
"cond_B_cell3086",2
"cond_B_cell3087",2
"cond_B_cell3088",2
"cond_B_cell3089",2
"cond_B_cell3090",2
"cond_B_cell3091",2
"cond_B_cell3092",2
"cond_B_cell3093",2
"cond_B_cell3094",2
"cond_B_cell3095",2
"cond_B_cell3096",2
"cond_B_cell3097",2
"cond_B_cell3098",2
"cond_B_cell3099",2
"cond_B_cell3100",2
"cond_B_cell3101",2
"cond_B_cell3102",2
"cond_B_cell3103",2
"cond_B_cell3104",2
"cond_B_cell3105",2
"cond_B_cell3106",2
"cond_B_cell3107",2
"cond_B_cell3108",2
"cond_B_cell3109",2
"cond_B_cell3110",2
"cond_B_cell3111",2
"cond_B_cell3112",2
"cond_B_cell3113",2
"cond_B_cell3114",2
"cond_B_cell3115",2
"cond_B_cell3116",2
"cond_B_cell3117",2
"cond_B_cell3118",2
"cond_B_cell3119",2
"cond_B_cell3120",2
"cond_B_cell3121",2
"cond_B_cell3122",2
"cond_B_cell3123",2
"cond_B_cell3124",2
"cond_B_cell3125",2
"cond_B_cell3126",2
"cond_B_cell3127",2
"cond_B_cell3128",2
"cond_B_cell3129",2
"cond_B_cell3130",2
"cond_B_cell3131",2
"cond_B_cell3132",2
"cond_B_cell3133",2
"cond_B_cell3134",2
"cond_B_cell3135",2
"cond_B_cell3136",2
"cond_B_cell3137",2
"cond_B_cell3138",2
"cond_B_cell3139",2
"cond_B_cell3140",2
"cond_B_cell3141",2
"cond_B_cell3142",2
"cond_B_cell3143",2
"cond_B_cell3144",2
"cond_B_cell3145",2
"cond_B_cell3146",2
"cond_B_cell3147",2
"cond_B_cell3148",2
"cond_B_cell3149",2
"cond_B_cell3150",2
"cond_B_cell3151",2
"cond_B_cell3152",2
"cond_B_cell3153",2
"cond_B_cell3154",2
"cond_B_cell3155",2
"cond_B_cell3156",2
"cond_B_cell3157",2
"cond_B_cell3158",2
"cond_B_cell3159",2
"cond_B_cell3160",2
"cond_B_cell3161",2
"cond_B_cell3162",2
"cond_B_cell3163",2
"cond_B_cell3164",2
"cond_B_cell3165",2
"cond_B_cell3166",2
"cond_B_cell3167",2
"cond_B_cell3168",2
"cond_B_cell3169",2
"cond_B_cell3170",2
"cond_B_cell3171",2
"cond_B_cell3172",2
"cond_B_cell3173",2
"cond_B_cell3174",2
"cond_B_cell3175",2
"cond_B_cell3176",2
"cond_B_cell3177",2
"cond_B_cell3178",2
"cond_B_cell3179",2
"cond_B_cell3180",2
"cond_B_cell3181",2
"cond_B_cell3182",2
"cond_B_cell3183",2
"cond_B_cell3184",2
"cond_B_cell3185",2
"cond_B_cell3186",2
"cond_B_cell3187",2
"cond_B_cell3188",2
"cond_B_cell3189",2
"cond_B_cell3190",2
"cond_B_cell3191",2
"cond_B_cell3192",2
"cond_B_cell3193",2
"cond_B_cell3194",2
"cond_B_cell3195",2
"cond_B_cell3196",2
"cond_B_cell3197",2
"cond_B_cell3198",2
"cond_B_cell3199",2
"cond_B_cell3200",2
"cond_B_cell3201",2
"cond_B_cell3202",2
"cond_B_cell3203",2
"cond_B_cell3204",2
"cond_B_cell3205",2
"cond_B_cell3206",2
"cond_B_cell3207",2
"cond_B_cell3208",2
"cond_B_cell3209",2
"cond_B_cell3210",2
"cond_B_cell3211",2
"cond_B_cell3212",2
"cond_B_cell3213",2
"cond_B_cell3214",2
"cond_B_cell3215",2
"cond_B_cell3216",2
"cond_B_cell3217",2
"cond_B_cell3218",2
"cond_B_cell3219",2
"cond_B_cell3220",2
"cond_B_cell3221",2
"cond_B_cell3222",2
"cond_B_cell3223",2
"cond_B_cell3224",2
"cond_B_cell3225",2
"cond_B_cell3226",2
"cond_B_cell3227",2
"cond_B_cell3228",2
"cond_B_cell3229",2
"cond_B_cell3230",2
"cond_B_cell3231",2
"cond_B_cell3232",2
"cond_B_cell3233",2
"cond_B_cell3234",2
"cond_B_cell3235",2
"cond_B_cell3236",2
"cond_B_cell3237",2
"cond_B_cell3238",2
"cond_B_cell3239",2
"cond_B_cell3240",2
"cond_B_cell3241",2
"cond_B_cell3242",2
"cond_B_cell3243",2
"cond_B_cell3244",2
"cond_B_cell3245",2
"cond_B_cell3246",2
"cond_B_cell3247",2
"cond_B_cell3248",2
"cond_B_cell3249",2
"cond_B_cell3250",2
"cond_B_cell3251",2
"cond_B_cell3252",2
"cond_B_cell3253",2
"cond_B_cell3254",2
"cond_B_cell3255",2
"cond_B_cell3256",2
"cond_B_cell3257",2
"cond_B_cell3258",2
"cond_B_cell3259",2
"cond_B_cell3260",2
"cond_B_cell3261",2
"cond_B_cell3262",2
"cond_B_cell3263",2
"cond_B_cell3264",2
"cond_B_cell3265",2
"cond_B_cell3266",2
"cond_B_cell3267",2
"cond_B_cell3268",2
"cond_B_cell3269",2
"cond_B_cell3270",2
"cond_B_cell3271",2
"cond_B_cell3272",2
"cond_B_cell3273",2
"cond_B_cell3274",2
"cond_B_cell3275",2
"cond_B_cell3276",2
"cond_B_cell3277",2
"cond_B_cell3278",2
"cond_B_cell3279",2
"cond_B_cell3280",2
"cond_B_cell3281",2
"cond_B_cell3282",2
"cond_B_cell3283",2
"cond_B_cell3284",2
"cond_B_cell3285",2
"cond_B_cell3286",2
"cond_B_cell3287",2
"cond_B_cell3288",2
"cond_B_cell3289",2
"cond_B_cell3290",2
"cond_B_cell3291",2
"cond_B_cell3292",2
"cond_B_cell3293",2
"cond_B_cell3294",2
"cond_B_cell3295",2
"cond_B_cell3296",2
"cond_B_cell3297",2
"cond_B_cell3298",2
"cond_B_cell3299",2
"cond_B_cell3300",2
"cond_B_cell3301",2
"cond_B_cell3302",2
"cond_B_cell3303",2
"cond_B_cell3304",2
"cond_B_cell3305",2
"cond_B_cell3306",2
"cond_B_cell3307",2
"cond_B_cell3308",2
"cond_B_cell3309",2
"cond_B_cell3310",2
"cond_B_cell3311",2
"cond_B_cell3312",2
"cond_B_cell3313",2
"cond_B_cell3314",2
"cond_B_cell3315",2
"cond_B_cell3316",2
"cond_B_cell3317",2
"cond_B_cell3318",2
"cond_B_cell3319",2
"cond_B_cell3320",2
"cond_B_cell3321",2
"cond_B_cell3322",2
"cond_B_cell3323",2
"cond_B_cell3324",2
"cond_B_cell3325",2
"cond_B_cell3326",2
"cond_B_cell3327",2
"cond_B_cell3328",2
"cond_B_cell3329",2
"cond_B_cell3330",2
"cond_B_cell3331",2
"cond_B_cell3332",2
"cond_B_cell3333",2
"cond_B_cell3334",2
"cond_B_cell3335",2
"cond_B_cell3336",2
"cond_B_cell3337",2
"cond_B_cell3338",2
"cond_B_cell3339",2
"cond_B_cell3340",2
"cond_B_cell3341",2
"cond_B_cell3342",2
"cond_B_cell3343",2
"cond_B_cell3344",2
"cond_B_cell3345",2
"cond_B_cell3346",2
"cond_B_cell3347",2
"cond_B_cell3348",2
"cond_B_cell3349",2
"cond_B_cell3350",2
"cond_B_cell3351",2
"cond_B_cell3352",2
"cond_B_cell3353",2
"cond_B_cell3354",2
"cond_B_cell3355",2
"cond_B_cell3356",2
"cond_B_cell3357",2
"cond_B_cell3358",2
"cond_B_cell3359",2
"cond_B_cell3360",2
"cond_B_cell3361",2
"cond_B_cell3362",2
"cond_B_cell3363",2
"cond_B_cell3364",2
"cond_B_cell3365",2
"cond_B_cell3366",2
"cond_B_cell3367",2
"cond_B_cell3368",2
"cond_B_cell3369",2
"cond_B_cell3370",2
"cond_B_cell3371",2
"cond_B_cell3372",2
"cond_B_cell3373",2
"cond_B_cell3374",2
"cond_B_cell3375",2
"cond_B_cell3376",2
"cond_B_cell3377",2
"cond_B_cell3378",2
"cond_B_cell3379",2
"cond_B_cell3380",2
"cond_B_cell3381",2
"cond_B_cell3382",2
"cond_B_cell3383",2
"cond_B_cell3384",2
"cond_B_cell3385",2
"cond_B_cell3386",2
"cond_B_cell3387",2
"cond_B_cell3388",2
"cond_B_cell3389",2
"cond_B_cell3390",2
"cond_B_cell3391",2
"cond_B_cell3392",2
"cond_B_cell3393",2
"cond_B_cell3394",2
"cond_B_cell3395",2
"cond_B_cell3396",2
"cond_B_cell3397",2
"cond_B_cell3398",2
"cond_B_cell3399",2
"cond_B_cell3400",2
"cond_B_cell3401",2
"cond_B_cell3402",2
"cond_B_cell3403",2
"cond_B_cell3404",2
"cond_B_cell3405",2
"cond_B_cell3406",2
"cond_B_cell3407",2
"cond_B_cell3408",2
"cond_B_cell3409",2
"cond_B_cell3410",2
"cond_B_cell3411",2
"cond_B_cell3412",2
"cond_B_cell3413",2
"cond_B_cell3414",2
"cond_B_cell3415",2
"cond_B_cell3416",2
"cond_B_cell3417",2
"cond_B_cell3418",2
"cond_B_cell3419",2
"cond_B_cell3420",2
"cond_B_cell3421",2
"cond_B_cell3422",2
"cond_B_cell3423",2
"cond_B_cell3424",2
"cond_B_cell3425",2
"cond_B_cell3426",2
"cond_B_cell3427",2
"cond_B_cell3428",2
"cond_B_cell3429",2
"cond_B_cell3430",2
"cond_B_cell3431",2
"cond_B_cell3432",2
"cond_B_cell3433",2
"cond_B_cell3434",2
"cond_B_cell3435",2
"cond_B_cell3436",2
"cond_C_cell1",3
"cond_C_cell2",3
"cond_C_cell3",3
"cond_C_cell4",3
"cond_C_cell5",3
"cond_C_cell6",3
"cond_C_cell7",3
"cond_C_cell8",3
"cond_C_cell9",3
"cond_C_cell10",3
"cond_C_cell11",3
"cond_C_cell12",3
"cond_C_cell13",3
"cond_C_cell14",3
"cond_C_cell15",3
"cond_C_cell16",3
"cond_C_cell17",3
"cond_C_cell18",3
"cond_C_cell19",3
"cond_C_cell20",3
"cond_C_cell21",3
"cond_C_cell22",3
"cond_C_cell23",3
"cond_C_cell24",3
"cond_C_cell25",3
"cond_C_cell26",3
"cond_C_cell27",3
"cond_C_cell28",3
"cond_C_cell29",3
"cond_C_cell30",3
"cond_C_cell31",3
"cond_C_cell32",3
"cond_C_cell33",3
"cond_C_cell34",3
"cond_C_cell35",3
"cond_C_cell36",3
"cond_C_cell37",3
"cond_C_cell38",3
"cond_C_cell39",3
"cond_C_cell40",3
"cond_C_cell41",3
"cond_C_cell42",3
"cond_C_cell43",3
"cond_C_cell44",3
"cond_C_cell45",3
"cond_C_cell46",3
"cond_C_cell47",3
"cond_C_cell48",3
"cond_C_cell49",3
"cond_C_cell50",3
"cond_C_cell51",3
"cond_C_cell52",3
"cond_C_cell53",3
"cond_C_cell54",3
"cond_C_cell55",3
"cond_C_cell56",3
"cond_C_cell57",3
"cond_C_cell58",3
"cond_C_cell59",3
"cond_C_cell60",3
"cond_C_cell61",3
"cond_C_cell62",3
"cond_C_cell63",3
"cond_C_cell64",3
"cond_C_cell65",3
"cond_C_cell66",3
"cond_C_cell67",3
"cond_C_cell68",3
"cond_C_cell69",3
"cond_C_cell70",3
"cond_C_cell71",3
"cond_C_cell72",3
"cond_C_cell73",3
"cond_C_cell74",3
"cond_C_cell75",3
"cond_C_cell76",3
"cond_C_cell77",3
"cond_C_cell78",3
"cond_C_cell79",3
"cond_C_cell80",3
"cond_C_cell81",3
"cond_C_cell82",3
"cond_C_cell83",3
"cond_C_cell84",3
"cond_C_cell85",3
"cond_C_cell86",3
"cond_C_cell87",3
"cond_C_cell88",3
"cond_C_cell89",3
"cond_C_cell90",3
"cond_C_cell91",3
"cond_C_cell92",3
"cond_C_cell93",3
"cond_C_cell94",3
"cond_C_cell95",3
"cond_C_cell96",3
"cond_C_cell97",3
"cond_C_cell98",3
"cond_C_cell99",3
"cond_C_cell100",3
"cond_C_cell101",3
"cond_C_cell102",3
"cond_C_cell103",3
"cond_C_cell104",3
"cond_C_cell105",3
"cond_C_cell106",3
"cond_C_cell107",3
"cond_C_cell108",3
"cond_C_cell109",3
"cond_C_cell110",3
"cond_C_cell111",3
"cond_C_cell112",3
"cond_C_cell113",3
"cond_C_cell114",3
"cond_C_cell115",3
"cond_C_cell116",3
"cond_C_cell117",3
"cond_C_cell118",3
"cond_C_cell119",3
"cond_C_cell120",3
"cond_C_cell121",3
"cond_C_cell122",3
"cond_C_cell123",3
"cond_C_cell124",3
"cond_C_cell125",3
"cond_C_cell126",3
"cond_C_cell127",3
"cond_C_cell128",3
"cond_C_cell129",3
"cond_C_cell130",3
"cond_C_cell131",3
"cond_C_cell132",3
"cond_C_cell133",3
"cond_C_cell134",3
"cond_C_cell135",3
"cond_C_cell136",3
"cond_C_cell137",3
"cond_C_cell138",3
"cond_C_cell139",3
"cond_C_cell140",3
"cond_C_cell141",3
"cond_C_cell142",3
"cond_C_cell143",3
"cond_C_cell144",3
"cond_C_cell145",3
"cond_C_cell146",3
"cond_C_cell147",3
"cond_C_cell148",3
"cond_C_cell149",3
"cond_C_cell150",3
"cond_C_cell151",3
"cond_C_cell152",3
"cond_C_cell153",3
"cond_C_cell154",3
"cond_C_cell155",3
"cond_C_cell156",3
"cond_C_cell157",3
"cond_C_cell158",3
"cond_C_cell159",3
"cond_C_cell160",3
"cond_C_cell161",3
"cond_C_cell162",3
"cond_C_cell163",3
"cond_C_cell164",3
"cond_C_cell165",3
"cond_C_cell166",3
"cond_C_cell167",3
"cond_C_cell168",3
"cond_C_cell169",3
"cond_C_cell170",3
"cond_C_cell171",3
"cond_C_cell172",3
"cond_C_cell173",3
"cond_C_cell174",3
"cond_C_cell175",3
"cond_C_cell176",3
"cond_C_cell177",3
"cond_C_cell178",3
"cond_C_cell179",3
"cond_C_cell180",3
"cond_C_cell181",3
"cond_C_cell182",3
"cond_C_cell183",3
"cond_C_cell184",3
"cond_C_cell185",3
"cond_C_cell186",3
"cond_C_cell187",3
"cond_C_cell188",3
"cond_C_cell189",3
"cond_C_cell190",3
"cond_C_cell191",3
"cond_C_cell192",3
"cond_C_cell193",3
"cond_C_cell194",3
"cond_C_cell195",3
"cond_C_cell196",3
"cond_C_cell197",3
"cond_C_cell198",3
"cond_C_cell199",3
"cond_C_cell200",3
"cond_C_cell201",3
"cond_C_cell202",3
"cond_C_cell203",3
"cond_C_cell204",3
"cond_C_cell205",3
"cond_C_cell206",3
"cond_C_cell207",3
"cond_C_cell208",3
"cond_C_cell209",3
"cond_C_cell210",3
"cond_C_cell211",3
"cond_C_cell212",3
"cond_C_cell213",3
"cond_C_cell214",3
"cond_C_cell215",3
"cond_C_cell216",3
"cond_C_cell217",3
"cond_C_cell218",3
"cond_C_cell219",3
"cond_C_cell220",3
"cond_C_cell221",3
"cond_C_cell222",3
"cond_C_cell223",3
"cond_C_cell224",3
"cond_C_cell225",3
"cond_C_cell226",3
"cond_C_cell227",3
"cond_C_cell228",3
"cond_C_cell229",3
"cond_C_cell230",3
"cond_C_cell231",3
"cond_C_cell232",3
"cond_C_cell233",3
"cond_C_cell234",3
"cond_C_cell235",3
"cond_C_cell236",3
"cond_C_cell237",3
"cond_C_cell238",3
"cond_C_cell239",3
"cond_C_cell240",3
"cond_C_cell241",3
"cond_C_cell242",3
"cond_C_cell243",3
"cond_C_cell244",3
"cond_C_cell245",3
"cond_C_cell246",3
"cond_C_cell247",3
"cond_C_cell248",3
"cond_C_cell249",3
"cond_C_cell250",3
"cond_C_cell251",3
"cond_C_cell252",3
"cond_C_cell253",3
"cond_C_cell254",3
"cond_C_cell255",3
"cond_C_cell256",3
"cond_C_cell257",3
"cond_C_cell258",3
"cond_C_cell259",3
"cond_C_cell260",3
"cond_C_cell261",3
"cond_C_cell262",3
"cond_C_cell263",3
"cond_C_cell264",3
"cond_C_cell265",3
"cond_C_cell266",3
"cond_C_cell267",3
"cond_C_cell268",3
"cond_C_cell269",3
"cond_C_cell270",3
"cond_C_cell271",3
"cond_C_cell272",3
"cond_C_cell273",3
"cond_C_cell274",3
"cond_C_cell275",3
"cond_C_cell276",3
"cond_C_cell277",3
"cond_C_cell278",3
"cond_C_cell279",3
"cond_C_cell280",3
"cond_C_cell281",3
"cond_C_cell282",3
"cond_C_cell283",3
"cond_C_cell284",3
"cond_C_cell285",3
"cond_C_cell286",3
"cond_C_cell287",3
"cond_C_cell288",3
"cond_C_cell289",3
"cond_C_cell290",3
"cond_C_cell291",3
"cond_C_cell292",3
"cond_C_cell293",3
"cond_C_cell294",3
"cond_C_cell295",3
"cond_C_cell296",3
"cond_C_cell297",3
"cond_C_cell298",3
"cond_C_cell299",3
"cond_C_cell300",3
"cond_C_cell301",3
"cond_C_cell302",3
"cond_C_cell303",3
"cond_C_cell304",3
"cond_C_cell305",3
"cond_C_cell306",3
"cond_C_cell307",3
"cond_C_cell308",3
"cond_C_cell309",3
"cond_C_cell310",3
"cond_C_cell311",3
"cond_C_cell312",3
"cond_C_cell313",3
"cond_C_cell314",3
"cond_C_cell315",3
"cond_C_cell316",3
"cond_C_cell317",3
"cond_C_cell318",3
"cond_C_cell319",3
"cond_C_cell320",3
"cond_C_cell321",3
"cond_C_cell322",3
"cond_C_cell323",3
"cond_C_cell324",3
"cond_C_cell325",3
"cond_C_cell326",3
"cond_C_cell327",3
"cond_C_cell328",3
"cond_C_cell329",3
"cond_C_cell330",3
"cond_C_cell331",3
"cond_C_cell332",3
"cond_C_cell333",3
"cond_C_cell334",3
"cond_C_cell335",3
"cond_C_cell336",3
"cond_C_cell337",3
"cond_C_cell338",3
"cond_C_cell339",3
"cond_C_cell340",3
"cond_C_cell341",3
"cond_C_cell342",3
"cond_C_cell343",3
"cond_C_cell344",3
"cond_C_cell345",3
"cond_C_cell346",3
"cond_C_cell347",3
"cond_C_cell348",3
"cond_C_cell349",3
"cond_C_cell350",3
"cond_C_cell351",3
"cond_C_cell352",3
"cond_C_cell353",3
"cond_C_cell354",3
"cond_C_cell355",3
"cond_C_cell356",3
"cond_C_cell357",3
"cond_C_cell358",3
"cond_C_cell359",3
"cond_C_cell360",3
"cond_C_cell361",3
"cond_C_cell362",3
"cond_C_cell363",3
"cond_C_cell364",3
"cond_C_cell365",3
"cond_C_cell366",3
"cond_C_cell367",3
"cond_C_cell368",3
"cond_D_cell1",4
"cond_D_cell2",4
"cond_D_cell3",4
"cond_D_cell4",4
"cond_D_cell5",4
"cond_D_cell6",4
"cond_D_cell7",4
"cond_D_cell8",4
"cond_D_cell9",4
"cond_D_cell10",4
"cond_D_cell11",4
"cond_D_cell12",4
"cond_D_cell13",4
"cond_D_cell14",4
"cond_D_cell15",4
"cond_D_cell16",4
"cond_D_cell17",4
"cond_D_cell18",4
"cond_D_cell19",4
"cond_D_cell20",4
"cond_D_cell21",4
"cond_D_cell22",4
"cond_D_cell23",4
"cond_D_cell24",4
"cond_D_cell25",4
"cond_D_cell26",4
"cond_D_cell27",4
"cond_D_cell28",4
"cond_D_cell29",4
"cond_D_cell30",4
"cond_D_cell31",4
"cond_D_cell32",4
"cond_D_cell33",4
"cond_D_cell34",4
"cond_D_cell35",4
"cond_D_cell36",4
"cond_D_cell37",4
"cond_D_cell38",4
"cond_D_cell39",4
"cond_D_cell40",4
"cond_D_cell41",4
"cond_D_cell42",4
"cond_D_cell43",4
"cond_D_cell44",4
"cond_D_cell45",4
"cond_D_cell46",4
"cond_D_cell47",4
"cond_D_cell48",4
"cond_D_cell49",4
"cond_D_cell50",4
"cond_D_cell51",4
"cond_D_cell52",4
"cond_D_cell53",4
"cond_D_cell54",4
"cond_D_cell55",4
"cond_D_cell56",4
"cond_D_cell57",4
"cond_D_cell58",4
"cond_D_cell59",4
"cond_D_cell60",4
"cond_D_cell61",4
"cond_D_cell62",4
"cond_D_cell63",4
"cond_D_cell64",4
"cond_D_cell65",4
"cond_D_cell66",4
"cond_D_cell67",4
"cond_D_cell68",4
"cond_D_cell69",4
"cond_D_cell70",4
"cond_D_cell71",4
"cond_D_cell72",4
"cond_D_cell73",4
"cond_D_cell74",4
"cond_D_cell75",4
"cond_D_cell76",4
"cond_D_cell77",4
"cond_D_cell78",4
"cond_D_cell79",4
"cond_D_cell80",4
"cond_D_cell81",4
"cond_D_cell82",4
"cond_D_cell83",4
"cond_D_cell84",4
"cond_D_cell85",4
"cond_D_cell86",4
"cond_D_cell87",4
"cond_D_cell88",4
"cond_D_cell89",4
"cond_D_cell90",4
"cond_D_cell91",4
"cond_D_cell92",4
