cell_id,true_label,pred_label_raw,pred_label_aligned
0,0,1,0
1,4,2,1
2,0,1,0
3,0,1,0
4,0,1,0
5,0,1,0
6,0,1,0
7,1,2,1
8,1,2,1
9,0,1,0
10,0,1,0
11,0,1,0
12,3,3,4
13,0,1,0
14,0,1,0
15,0,1,0
16,0,1,0
17,0,1,0
18,0,2,1
19,1,2,1
20,1,2,1
21,1,2,1
22,0,1,0
23,2,0,2
24,0,1,0
25,0,1,0
26,0,1,0
27,0,1,0
28,0,1,0
29,0,1,0
30,0,1,0
31,0,1,0
32,1,2,1
33,0,1,0
34,0,1,0
35,0,1,0
36,0,1,0
37,0,1,0
38,1,2,1
39,0,1,0
40,0,1,0
41,0,1,0
42,0,1,0
43,0,1,0
44,1,2,1
45,0,1,0
46,0,1,0
47,4,2,1
48,1,2,1
49,1,2,1
50,0,1,0
51,0,1,0
52,0,1,0
53,0,1,0
54,1,2,1
55,0,1,0
56,0,1,0
57,0,1,0
58,1,2,1
59,1,2,1
60,0,1,0
61,0,2,1
62,0,1,0
63,0,1,0
64,0,1,0
65,3,4,3
66,0,1,0
67,0,1,0
68,1,2,1
69,0,1,0
70,0,1,0
71,1,2,1
72,0,1,0
73,0,1,0
74,0,1,0
75,0,1,0
76,1,2,1
77,0,1,0
78,0,1,0
79,0,1,0
80,0,1,0
81,0,1,0
82,1,2,1
83,0,1,0
84,0,1,0
85,0,1,0
86,1,2,1
87,1,2,1
88,0,1,0
89,0,1,0
90,3,4,3
91,0,1,0
92,0,1,0
93,0,1,0
94,0,1,0
95,0,1,0
96,0,1,0
97,3,1,0
98,1,2,1
99,3,4,3
100,0,1,0
101,0,1,0
102,1,2,1
103,0,1,0
104,0,1,0
105,0,1,0
106,0,1,0
107,1,2,1
108,1,2,1
109,0,1,0
110,0,1,0
111,0,1,0
112,0,1,0
113,0,1,0
114,1,2,1
115,0,1,0
116,0,1,0
117,1,2,1
118,0,1,0
119,0,1,0
120,0,1,0
121,0,1,0
122,0,1,0
123,0,1,0
124,0,1,0
125,0,1,0
126,0,1,0
127,0,1,0
128,0,1,0
129,0,1,0
130,1,2,1
131,0,1,0
132,0,1,0
133,1,2,1
134,0,1,0
135,0,1,0
136,1,2,1
137,0,1,0
138,0,1,0
139,0,1,0
140,0,1,0
141,0,1,0
142,3,4,3
143,0,1,0
144,1,2,1
145,0,1,0
146,0,1,0
147,0,1,0
148,0,1,0
149,0,1,0
150,0,1,0
151,0,1,0
152,0,1,0
153,0,1,0
154,0,1,0
155,0,1,0
156,0,1,0
157,0,1,0
158,0,1,0
159,1,2,1
160,1,2,1
161,0,1,0
162,0,1,0
163,0,1,0
164,0,1,0
165,0,1,0
166,0,1,0
167,3,4,3
168,0,1,0
169,0,1,0
170,3,4,3
171,3,3,4
172,0,1,0
173,3,4,3
174,1,2,1
175,0,1,0
176,0,1,0
177,0,1,0
178,0,1,0
179,1,2,1
180,3,4,3
181,0,1,0
182,0,1,0
183,0,1,0
184,1,2,1
185,1,2,1
186,0,1,0
187,0,1,0
188,1,2,1
189,0,1,0
190,3,4,3
191,2,0,2
192,1,2,1
193,0,1,0
194,0,1,0
195,0,1,0
196,0,1,0
197,0,1,0
198,0,1,0
199,0,1,0
200,4,2,1
201,1,2,1
202,0,1,0
203,1,2,1
204,0,1,0
205,4,2,1
206,0,1,0
207,0,1,0
208,0,1,0
209,0,1,0
210,4,2,1
211,4,2,1
212,0,1,0
213,3,3,4
214,0,1,0
215,0,1,0
216,1,2,1
217,2,0,2
218,0,1,0
219,0,1,0
220,0,1,0
221,3,4,3
222,0,1,0
223,0,1,0
224,1,2,1
225,0,1,0
226,0,1,0
227,1,2,1
228,0,1,0
229,0,1,0
230,0,1,0
231,1,2,1
232,1,2,1
233,0,1,0
234,0,1,0
235,0,1,0
236,1,2,1
237,0,1,0
238,0,1,0
239,1,2,1
240,0,1,0
241,0,1,0
242,0,1,0
243,0,1,0
244,0,1,0
245,0,1,0
246,1,2,1
247,0,1,0
248,1,2,1
249,0,1,0
250,0,1,0
251,0,1,0
252,0,1,0
253,1,2,1
254,0,1,0
255,3,4,3
256,0,1,0
257,0,1,0
258,0,1,0
259,0,1,0
260,0,1,0
261,0,1,0
262,1,2,1
263,0,1,0
264,4,2,1
265,0,1,0
266,0,1,0
267,0,1,0
268,0,1,0
269,0,1,0
270,1,2,1
271,0,1,0
272,1,2,1
273,0,1,0
274,1,2,1
275,0,1,0
276,0,1,0
277,0,1,0
278,0,1,0
279,0,1,0
280,1,2,1
281,0,1,0
282,0,1,0
283,1,2,1
284,0,1,0
285,0,1,0
286,1,2,1
287,0,1,0
288,0,2,1
289,3,4,3
290,0,1,0
291,0,1,0
292,2,0,2
293,0,1,0
294,0,1,0
295,0,1,0
296,0,1,0
297,0,1,0
298,0,1,0
299,0,1,0
300,0,1,0
301,0,1,0
302,0,1,0
303,0,1,0
304,0,1,0
305,0,1,0
306,0,1,0
307,0,1,0
308,0,1,0
309,0,1,0
310,0,1,0
311,0,1,0
312,0,1,0
313,0,1,0
314,0,1,0
315,0,1,0
316,0,1,0
317,1,2,1
318,0,1,0
319,0,1,0
320,0,1,0
321,1,2,1
322,0,1,0
323,0,1,0
324,0,1,0
325,4,2,1
326,0,1,0
327,0,1,0
328,0,1,0
329,1,2,1
330,0,1,0
331,0,1,0
332,0,1,0
333,0,1,0
334,0,1,0
335,0,1,0
336,0,1,0
337,0,1,0
338,0,1,0
339,0,1,0
340,0,1,0
341,3,3,4
342,3,4,3
343,3,3,4
344,0,1,0
345,0,1,0
346,0,1,0
347,0,1,0
348,1,2,1
349,1,2,1
350,1,2,1
351,0,1,0
352,0,1,0
353,0,1,0
354,0,1,0
355,0,1,0
356,0,1,0
357,1,2,1
358,0,1,0
359,0,1,0
360,0,1,0
361,0,1,0
362,0,1,0
363,0,1,0
364,1,2,1
365,0,1,0
366,0,1,0
367,0,1,0
368,0,1,0
369,1,2,1
370,0,1,0
371,0,1,0
372,0,1,0
373,0,1,0
374,0,1,0
375,0,1,0
376,0,1,0
377,0,1,0
378,1,2,1
379,0,1,0
380,0,1,0
381,0,1,0
382,0,1,0
383,0,1,0
384,1,2,1
385,3,3,4
386,0,1,0
387,3,3,4
388,0,1,0
389,0,1,0
390,0,1,0
391,0,1,0
392,0,1,0
393,0,1,0
394,0,1,0
395,0,1,0
396,1,2,1
397,0,1,0
398,0,1,0
399,0,1,0
400,0,1,0
401,0,1,0
402,0,1,0
403,0,1,0
404,0,1,0
405,1,2,1
406,0,1,0
407,1,2,1
408,0,1,0
409,0,1,0
410,0,1,0
411,0,1,0
412,1,2,1
413,0,1,0
414,0,1,0
415,0,1,0
416,0,1,0
417,0,1,0
418,0,1,0
419,0,1,0
420,1,2,1
421,1,2,1
422,0,1,0
423,0,1,0
424,0,1,0
425,0,1,0
426,0,1,0
427,0,1,0
428,0,1,0
429,0,1,0
430,3,3,4
431,0,1,0
432,4,2,1
433,0,1,0
434,0,1,0
435,0,1,0
436,3,3,4
437,3,4,3
438,3,4,3
439,1,2,1
440,0,1,0
441,0,1,0
442,1,2,1
443,0,1,0
444,0,1,0
445,1,2,1
446,1,2,1
447,0,1,0
448,0,1,0
449,3,4,3
450,0,1,0
451,4,2,1
452,0,1,0
453,0,1,0
454,2,0,2
455,0,1,0
456,0,1,0
457,0,1,0
458,1,2,1
459,0,1,0
460,0,1,0
461,3,4,3
462,0,1,0
463,4,2,1
464,0,1,0
465,0,1,0
466,0,1,0
467,3,4,3
468,0,1,0
469,0,1,0
470,0,1,0
471,1,2,1
472,1,2,1
473,0,1,0
474,0,1,0
475,0,1,0
476,0,1,0
477,0,1,0
478,0,1,0
479,1,2,1
480,0,1,0
481,0,1,0
482,3,3,4
483,0,1,0
484,0,1,0
485,0,1,0
486,0,1,0
487,0,1,0
488,1,2,1
489,0,1,0
490,1,2,1
491,0,1,0
492,0,1,0
493,4,2,1
494,0,1,0
495,0,1,0
496,1,2,1
497,0,1,0
498,0,2,1
499,0,1,0
500,0,1,0
501,1,2,1
502,1,2,1
503,0,1,0
504,0,1,0
505,0,1,0
506,0,1,0
507,0,1,0
508,0,1,0
509,0,1,0
510,0,1,0
511,0,1,0
512,0,1,0
513,0,1,0
514,1,2,1
515,1,2,1
516,1,2,1
517,0,1,0
518,0,1,0
519,0,1,0
520,0,1,0
521,1,2,1
522,0,1,0
523,1,2,1
524,0,1,0
525,0,1,0
526,0,1,0
527,0,1,0
528,0,1,0
529,1,2,1
530,0,1,0
531,1,2,1
532,1,2,1
533,1,2,1
534,0,1,0
535,0,1,0
536,0,1,0
537,0,1,0
538,1,2,1
539,0,1,0
540,0,1,0
541,3,4,3
542,1,2,1
543,1,2,1
544,0,1,0
545,0,1,0
546,1,2,1
547,0,1,0
548,0,1,0
549,0,1,0
550,0,1,0
551,1,2,1
552,0,1,0
553,3,4,3
554,0,1,0
555,0,1,0
556,0,1,0
557,1,2,1
558,0,1,0
559,0,2,1
560,0,1,0
561,0,1,0
562,0,1,0
563,0,1,0
564,0,1,0
565,0,1,0
566,0,1,0
567,3,4,3
568,2,0,2
569,0,1,0
570,0,1,0
571,0,1,0
572,0,1,0
573,0,1,0
574,0,1,0
575,1,2,1
576,0,1,0
577,0,1,0
578,0,1,0
579,0,1,0
580,0,1,0
581,0,1,0
582,0,1,0
583,0,1,0
584,0,1,0
585,4,2,1
586,3,3,4
587,0,1,0
588,0,1,0
589,1,2,1
590,1,2,1
591,0,1,0
592,0,1,0
593,0,1,0
594,0,1,0
595,0,1,0
596,1,2,1
597,0,1,0
598,0,1,0
599,0,1,0
600,1,2,1
601,1,2,1
602,0,1,0
603,0,1,0
604,0,1,0
605,0,1,0
606,3,3,4
607,1,2,1
608,0,1,0
609,1,2,1
610,0,1,0
611,0,1,0
612,0,1,0
613,0,1,0
614,0,1,0
615,0,1,0
616,0,1,0
617,0,1,0
618,0,1,0
619,0,1,0
620,3,4,3
621,0,1,0
622,3,4,3
623,0,1,0
624,4,2,1
625,0,1,0
626,0,1,0
627,0,1,0
628,1,2,1
629,1,2,1
630,1,2,1
631,0,1,0
632,1,2,1
633,1,2,1
634,0,1,0
635,0,1,0
636,1,2,1
637,0,1,0
638,1,2,1
639,0,1,0
640,0,1,0
641,1,2,1
642,1,2,1
643,0,1,0
644,0,1,0
645,0,1,0
646,0,1,0
647,3,3,4
648,0,1,0
649,3,3,4
650,0,1,0
651,0,1,0
652,0,1,0
653,1,2,1
654,0,1,0
655,0,1,0
656,0,1,0
657,0,1,0
658,0,1,0
659,1,2,1
660,0,1,0
661,3,4,3
662,0,1,0
663,0,1,0
664,1,2,1
665,0,1,0
666,0,1,0
667,0,1,0
668,0,1,0
669,1,2,1
670,0,1,0
671,0,1,0
672,0,1,0
673,3,3,4
674,0,1,0
675,1,2,1
676,0,1,0
677,1,2,1
678,0,1,0
679,0,1,0
680,1,2,1
681,1,2,1
682,0,1,0
683,0,1,0
684,0,1,0
685,0,1,0
686,0,1,0
687,0,1,0
688,0,1,0
689,0,1,0
690,0,1,0
691,0,1,0
692,1,2,1
693,0,1,0
694,4,2,1
695,0,1,0
696,0,1,0
697,0,1,0
698,0,1,0
699,0,1,0
700,0,1,0
701,0,1,0
702,0,1,0
703,0,1,0
704,0,1,0
705,0,1,0
706,0,1,0
707,1,2,1
708,0,1,0
709,0,1,0
710,0,1,0
711,0,1,0
712,0,1,0
713,0,1,0
714,0,1,0
715,0,1,0
716,0,1,0
717,0,1,0
718,4,2,1
719,0,1,0
720,1,2,1
721,1,2,1
722,0,1,0
723,0,1,0
724,0,1,0
725,0,1,0
726,0,1,0
727,0,1,0
728,3,4,3
729,3,4,3
730,0,1,0
731,0,1,0
732,0,1,0
733,3,4,3
734,0,1,0
735,1,2,1
736,1,2,1
737,0,1,0
738,0,1,0
739,0,1,0
740,1,2,1
741,0,1,0
742,0,1,0
743,0,1,0
744,0,1,0
745,1,2,1
746,0,1,0
747,0,1,0
748,4,2,1
749,0,1,0
750,0,1,0
751,0,1,0
752,0,1,0
753,0,1,0
754,0,1,0
755,0,1,0
756,1,2,1
757,0,1,0
758,0,1,0
759,0,1,0
760,0,1,0
761,1,2,1
762,0,1,0
763,4,2,1
764,0,1,0
765,1,2,1
766,0,1,0
767,0,1,0
768,0,2,1
769,0,1,0
770,0,1,0
771,1,2,1
772,0,1,0
773,0,1,0
774,0,1,0
775,0,1,0
776,0,1,0
777,0,1,0
778,1,2,1
779,0,1,0
780,0,1,0
781,0,1,0
782,0,1,0
783,0,1,0
784,1,2,1
785,0,1,0
786,1,2,1
787,1,2,1
788,0,1,0
789,0,1,0
790,0,1,0
791,0,1,0
792,0,1,0
793,0,1,0
794,1,2,1
795,0,1,0
796,0,1,0
797,0,1,0
798,1,2,1
799,0,2,1
800,0,1,0
801,0,1,0
802,0,1,0
803,0,1,0
804,0,1,0
805,0,1,0
806,0,1,0
807,0,1,0
808,3,3,4
809,0,1,0
810,0,1,0
811,0,1,0
812,0,1,0
813,1,2,1
814,0,1,0
815,0,1,0
816,0,1,0
817,0,1,0
818,0,1,0
819,0,1,0
820,0,1,0
821,1,2,1
822,0,1,0
823,0,1,0
824,0,1,0
825,0,1,0
826,0,1,0
827,4,2,1
828,0,1,0
829,0,1,0
830,0,1,0
831,1,2,1
832,0,1,0
833,1,2,1
834,0,1,0
835,0,1,0
836,2,0,2
837,0,1,0
838,0,1,0
839,0,1,0
840,0,1,0
841,0,1,0
842,0,1,0
843,0,1,0
844,4,2,1
845,1,2,1
846,0,1,0
847,4,2,1
848,1,2,1
849,1,2,1
850,0,1,0
851,0,1,0
852,0,1,0
853,3,4,3
854,0,1,0
855,0,1,0
856,1,2,1
857,0,1,0
858,1,2,1
859,1,2,1
860,0,1,0
861,0,1,0
862,0,1,0
863,3,4,3
864,0,1,0
865,0,1,0
866,0,1,0
867,1,2,1
868,0,1,0
869,0,1,0
870,1,2,1
871,0,1,0
872,0,1,0
873,0,1,0
874,0,1,0
875,0,1,0
876,4,2,1
877,0,1,0
878,0,1,0
879,1,2,1
880,0,1,0
881,0,1,0
882,1,2,1
883,0,1,0
884,0,1,0
885,3,4,3
886,1,2,1
887,0,1,0
888,0,1,0
889,0,1,0
890,0,1,0
891,0,1,0
892,3,4,3
893,1,2,1
894,0,1,0
895,0,1,0
896,0,1,0
897,0,1,0
898,0,1,0
899,0,1,0
900,0,1,0
901,0,1,0
902,1,2,1
903,0,1,0
904,0,1,0
905,0,1,0
906,0,1,0
907,3,3,4
908,0,1,0
909,0,1,0
910,0,1,0
911,0,1,0
912,0,1,0
913,0,1,0
914,0,1,0
915,0,1,0
916,1,2,1
917,0,1,0
918,0,1,0
919,0,1,0
920,0,1,0
921,1,2,1
922,3,4,3
923,0,1,0
924,0,1,0
925,0,1,0
926,0,1,0
927,0,1,0
928,0,1,0
929,0,1,0
930,1,2,1
931,0,1,0
932,0,1,0
933,0,1,0
934,0,1,0
935,0,1,0
936,0,1,0
937,1,2,1
938,0,1,0
939,0,1,0
940,0,1,0
941,0,1,0
942,0,1,0
943,0,2,1
944,0,1,0
945,0,1,0
946,4,2,1
947,4,2,1
948,4,2,1
949,1,2,1
950,0,1,0
951,0,1,0
952,0,1,0
953,0,1,0
954,0,1,0
955,0,1,0
956,0,1,0
957,0,1,0
958,0,1,0
959,0,1,0
960,1,2,1
961,0,1,0
962,0,1,0
963,0,1,0
964,0,1,0
965,4,2,1
966,1,2,1
967,1,2,1
968,1,2,1
969,0,1,0
970,1,2,1
971,0,1,0
972,0,1,0
973,1,2,1
974,0,1,0
975,0,1,0
976,0,1,0
977,0,1,0
978,0,1,0
979,0,1,0
980,1,2,1
981,0,1,0
982,0,1,0
983,0,1,0
984,4,2,1
985,0,1,0
986,0,1,0
987,2,0,2
988,0,1,0
989,1,2,1
990,0,1,0
991,1,2,1
992,0,1,0
993,0,1,0
994,3,4,3
995,0,1,0
996,0,1,0
997,3,4,3
998,3,4,3
999,0,1,0
1000,0,1,0
1001,0,1,0
1002,1,2,1
1003,3,3,4
1004,0,1,0
1005,0,1,0
1006,0,1,0
1007,0,1,0
1008,1,2,1
1009,1,2,1
1010,0,1,0
1011,0,1,0
1012,3,4,3
1013,0,1,0
1014,0,1,0
1015,0,1,0
1016,0,1,0
1017,0,1,0
1018,0,1,0
1019,0,1,0
1020,1,2,1
1021,1,2,1
1022,0,1,0
1023,0,1,0
1024,4,2,1
1025,0,1,0
1026,1,2,1
1027,0,1,0
1028,1,2,1
1029,3,4,3
1030,0,1,0
1031,0,1,0
1032,4,2,1
1033,0,1,0
1034,0,1,0
1035,0,1,0
1036,3,4,3
1037,0,1,0
1038,1,2,1
1039,1,2,1
1040,0,1,0
1041,0,1,0
1042,0,1,0
1043,0,1,0
1044,1,2,1
1045,0,1,0
1046,3,4,3
1047,3,3,4
1048,0,1,0
1049,0,1,0
1050,0,1,0
1051,0,1,0
1052,0,1,0
1053,0,1,0
1054,3,4,3
1055,0,1,0
1056,1,2,1
1057,0,1,0
1058,4,2,1
1059,0,1,0
1060,0,1,0
1061,1,2,1
1062,0,1,0
1063,0,1,0
1064,1,2,1
1065,0,1,0
1066,0,1,0
1067,0,1,0
1068,1,2,1
1069,0,1,0
1070,1,2,1
1071,0,1,0
1072,0,1,0
1073,0,1,0
1074,1,2,1
1075,3,3,4
1076,0,1,0
1077,1,2,1
1078,0,1,0
1079,0,1,0
1080,0,1,0
1081,0,1,0
1082,0,1,0
1083,3,3,4
1084,0,1,0
1085,1,2,1
1086,0,1,0
1087,0,1,0
1088,4,2,1
1089,0,1,0
1090,3,4,3
1091,0,1,0
1092,0,1,0
1093,0,1,0
1094,0,1,0
1095,0,1,0
1096,0,1,0
1097,0,1,0
1098,0,1,0
1099,0,1,0
1100,0,1,0
1101,0,1,0
1102,0,1,0
1103,0,1,0
1104,1,2,1
1105,0,1,0
1106,0,1,0
1107,1,2,1
1108,0,1,0
1109,0,1,0
1110,0,1,0
1111,0,1,0
1112,1,2,1
1113,1,2,1
1114,0,1,0
1115,0,1,0
1116,3,4,3
1117,0,1,0
1118,1,2,1
1119,0,1,0
1120,0,1,0
1121,0,1,0
1122,0,1,0
1123,0,1,0
1124,1,2,1
1125,3,4,3
1126,0,1,0
1127,0,1,0
1128,0,1,0
1129,0,1,0
1130,0,1,0
1131,1,2,1
1132,3,3,4
1133,1,2,1
1134,0,1,0
1135,0,1,0
1136,0,1,0
1137,0,1,0
1138,0,1,0
1139,1,2,1
1140,4,2,1
1141,0,1,0
1142,0,1,0
1143,3,3,4
1144,0,1,0
1145,0,1,0
1146,0,1,0
1147,0,1,0
1148,0,1,0
1149,0,1,0
1150,0,1,0
1151,0,1,0
1152,0,1,0
1153,0,1,0
1154,3,4,3
1155,1,2,1
1156,0,1,0
1157,0,1,0
1158,0,1,0
1159,0,1,0
1160,0,1,0
1161,0,1,0
1162,1,2,1
1163,0,1,0
1164,1,2,1
1165,0,1,0
1166,0,1,0
1167,1,2,1
1168,0,1,0
1169,1,2,1
1170,0,1,0
1171,3,3,4
1172,4,2,1
1173,0,1,0
1174,0,1,0
1175,3,3,4
1176,0,1,0
1177,1,2,1
1178,0,1,0
1179,3,4,3
1180,1,2,1
1181,0,1,0
1182,1,2,1
1183,0,1,0
1184,0,1,0
1185,0,1,0
1186,1,2,1
1187,0,1,0
1188,0,1,0
1189,1,2,1
1190,0,1,0
1191,0,1,0
1192,0,1,0
1193,0,1,0
1194,1,2,1
1195,1,2,1
1196,0,1,0
1197,1,2,1
1198,0,1,0
1199,0,1,0
1200,0,1,0
1201,0,1,0
1202,3,4,3
1203,1,2,1
1204,0,1,0
1205,0,1,0
1206,0,1,0
1207,0,1,0
1208,0,1,0
1209,0,1,0
1210,0,1,0
1211,0,1,0
1212,0,1,0
1213,0,1,0
1214,0,2,1
1215,0,1,0
1216,0,1,0
1217,0,1,0
1218,1,2,1
1219,0,1,0
1220,0,1,0
1221,0,1,0
1222,0,1,0
1223,0,1,0
1224,0,1,0
1225,0,1,0
1226,1,2,1
1227,0,1,0
1228,0,1,0
1229,0,1,0
1230,0,1,0
1231,0,1,0
1232,0,1,0
1233,0,1,0
1234,0,1,0
1235,0,1,0
1236,0,1,0
1237,3,3,4
1238,0,1,0
1239,0,1,0
1240,1,2,1
1241,0,1,0
1242,1,2,1
1243,0,1,0
1244,0,1,0
1245,0,1,0
1246,1,2,1
1247,1,2,1
1248,0,1,0
1249,0,1,0
1250,4,2,1
1251,0,1,0
1252,1,2,1
1253,0,1,0
1254,0,1,0
1255,0,1,0
1256,0,1,0
1257,0,1,0
1258,0,1,0
1259,3,4,3
1260,0,1,0
1261,0,1,0
1262,0,1,0
1263,0,1,0
1264,1,2,1
1265,0,1,0
1266,1,2,1
1267,0,1,0
1268,0,1,0
1269,4,2,1
1270,1,2,1
1271,1,2,1
1272,0,1,0
1273,1,2,1
1274,0,1,0
1275,3,3,4
1276,0,1,0
1277,0,1,0
1278,4,2,1
1279,0,1,0
1280,0,1,0
1281,1,2,1
1282,0,1,0
1283,0,1,0
1284,0,1,0
1285,0,1,0
1286,0,1,0
1287,0,1,0
1288,1,2,1
1289,2,0,2
1290,0,1,0
1291,0,1,0
1292,1,2,1
1293,1,2,1
1294,3,3,4
1295,0,1,0
1296,0,1,0
1297,0,1,0
1298,0,1,0
1299,0,1,0
1300,0,1,0
1301,3,4,3
1302,0,1,0
1303,0,1,0
1304,0,1,0
1305,0,1,0
1306,0,1,0
1307,3,4,3
1308,0,1,0
1309,0,1,0
1310,0,1,0
1311,0,1,0
1312,0,1,0
1313,1,2,1
1314,3,4,3
1315,0,1,0
1316,0,1,0
1317,3,1,0
1318,0,1,0
1319,0,1,0
1320,3,3,4
1321,0,1,0
1322,0,1,0
1323,0,1,0
1324,0,1,0
1325,3,4,3
1326,0,1,0
1327,0,1,0
1328,0,1,0
1329,0,1,0
1330,0,1,0
1331,0,1,0
1332,0,1,0
1333,0,1,0
1334,0,1,0
1335,0,1,0
1336,0,1,0
1337,3,4,3
1338,0,1,0
1339,0,1,0
1340,0,1,0
1341,2,0,2
1342,4,2,1
1343,1,2,1
1344,0,1,0
1345,0,1,0
1346,0,1,0
1347,4,2,1
1348,0,1,0
1349,0,1,0
1350,0,1,0
1351,0,1,0
1352,0,1,0
1353,3,4,3
1354,0,1,0
1355,0,1,0
1356,0,1,0
1357,0,1,0
1358,1,2,1
1359,0,1,0
1360,0,1,0
1361,1,2,1
1362,0,1,0
1363,0,1,0
1364,1,2,1
1365,0,1,0
1366,3,3,4
1367,0,1,0
1368,0,1,0
1369,0,1,0
1370,0,1,0
1371,3,4,3
1372,0,1,0
1373,0,1,0
1374,0,1,0
1375,0,1,0
1376,0,1,0
1377,1,2,1
1378,1,2,1
1379,0,1,0
1380,0,1,0
1381,3,3,4
1382,0,1,0
1383,0,1,0
1384,3,3,4
1385,0,1,0
1386,0,1,0
1387,3,4,3
1388,0,1,0
1389,0,1,0
1390,1,2,1
1391,0,1,0
1392,0,1,0
1393,4,2,1
1394,0,1,0
1395,0,1,0
1396,0,1,0
1397,0,1,0
1398,0,1,0
1399,1,2,1
1400,3,4,3
1401,1,2,1
1402,1,2,1
1403,0,4,3
1404,4,2,1
1405,0,1,0
1406,0,1,0
1407,0,1,0
1408,1,2,1
1409,0,1,0
1410,0,1,0
1411,0,1,0
1412,0,1,0
1413,0,1,0
1414,3,4,3
1415,1,2,1
1416,1,2,1
1417,3,1,0
1418,0,1,0
1419,1,2,1
1420,0,1,0
1421,0,1,0
1422,0,1,0
1423,0,1,0
1424,0,1,0
1425,0,1,0
1426,1,2,1
1427,1,2,1
1428,1,2,1
1429,0,1,0
1430,1,2,1
1431,3,3,4
1432,0,1,0
1433,0,1,0
1434,1,2,1
1435,0,1,0
1436,3,3,4
1437,0,1,0
1438,0,1,0
1439,1,2,1
1440,0,1,0
1441,0,1,0
1442,0,1,0
1443,0,1,0
1444,0,2,1
1445,0,1,0
1446,1,2,1
1447,0,1,0
1448,0,1,0
1449,1,2,1
1450,0,1,0
1451,0,1,0
1452,0,1,0
1453,0,1,0
1454,0,1,0
1455,3,3,4
1456,1,2,1
1457,0,1,0
1458,0,1,0
1459,1,2,1
1460,1,2,1
1461,0,1,0
1462,0,1,0
1463,0,1,0
1464,0,1,0
1465,1,1,0
1466,0,1,0
1467,3,4,3
1468,0,1,0
1469,0,1,0
1470,0,1,0
1471,0,1,0
1472,3,3,4
1473,0,1,0
1474,1,2,1
1475,1,2,1
1476,0,1,0
1477,0,1,0
1478,0,1,0
1479,0,1,0
1480,0,1,0
1481,0,1,0
1482,0,1,0
1483,0,1,0
1484,0,1,0
1485,0,1,0
1486,1,2,1
1487,0,1,0
1488,0,1,0
1489,0,1,0
1490,1,2,1
1491,0,1,0
1492,0,1,0
1493,0,1,0
1494,1,2,1
1495,1,2,1
1496,0,1,0
1497,3,3,4
1498,0,1,0
1499,0,1,0
1500,1,2,1
1501,0,1,0
1502,0,1,0
1503,0,1,0
1504,1,2,1
1505,0,1,0
1506,0,1,0
1507,0,1,0
1508,0,1,0
1509,0,1,0
1510,1,2,1
1511,1,2,1
1512,3,4,3
1513,0,1,0
1514,1,2,1
1515,0,1,0
1516,0,1,0
1517,0,1,0
1518,0,1,0
1519,0,1,0
1520,0,1,0
1521,0,1,0
1522,1,2,1
1523,0,1,0
1524,0,1,0
1525,0,1,0
1526,1,2,1
1527,0,1,0
1528,3,4,3
1529,1,2,1
1530,0,1,0
1531,3,3,4
1532,0,1,0
1533,0,1,0
1534,0,1,0
1535,3,3,4
1536,0,1,0
1537,0,1,0
1538,1,2,1
1539,0,1,0
1540,0,1,0
1541,0,1,0
1542,0,1,0
1543,0,1,0
1544,3,4,3
1545,0,1,0
1546,0,1,0
1547,0,1,0
1548,0,1,0
1549,0,1,0
1550,0,1,0
1551,0,1,0
1552,0,1,0
1553,0,1,0
1554,0,1,0
1555,3,4,3
1556,0,1,0
1557,3,2,1
1558,0,1,0
1559,0,1,0
1560,0,1,0
1561,4,2,1
1562,3,4,3
1563,0,1,0
1564,0,1,0
1565,0,1,0
1566,0,1,0
1567,0,1,0
1568,1,2,1
1569,0,1,0
1570,0,1,0
1571,0,1,0
1572,0,1,0
1573,0,1,0
1574,0,1,0
1575,0,1,0
1576,0,1,0
1577,0,1,0
1578,0,1,0
1579,0,1,0
1580,0,1,0
1581,0,1,0
1582,0,1,0
1583,1,2,1
1584,0,1,0
1585,0,1,0
1586,0,1,0
1587,0,1,0
1588,0,1,0
1589,1,2,1
1590,0,1,0
1591,0,1,0
1592,0,1,0
1593,0,1,0
1594,0,1,0
1595,0,1,0
1596,1,2,1
1597,0,1,0
1598,0,1,0
1599,0,1,0
1600,3,3,4
1601,0,1,0
1602,1,2,1
1603,0,1,0
1604,1,2,1
1605,0,1,0
1606,0,1,0
1607,0,1,0
1608,3,4,3
1609,1,2,1
1610,1,2,1
1611,0,1,0
1612,1,2,1
1613,0,1,0
1614,4,2,1
1615,3,4,3
1616,0,1,0
1617,0,1,0
1618,1,2,1
1619,1,2,1
1620,3,3,4
1621,0,2,1
1622,0,1,0
1623,0,1,0
1624,0,1,0
1625,1,2,1
1626,0,1,0
1627,1,2,1
1628,0,1,0
1629,1,2,1
1630,0,1,0
1631,0,1,0
1632,0,1,0
1633,1,2,1
1634,0,1,0
1635,0,1,0
1636,0,1,0
1637,0,1,0
1638,0,1,0
1639,1,2,1
1640,0,1,0
1641,0,1,0
1642,0,1,0
1643,0,1,0
1644,1,2,1
1645,0,1,0
1646,0,1,0
1647,0,1,0
1648,3,1,0
1649,0,1,0
1650,0,1,0
1651,0,1,0
1652,0,1,0
1653,0,1,0
1654,0,1,0
1655,1,2,1
1656,0,1,0
1657,0,1,0
1658,0,1,0
1659,0,1,0
1660,3,3,4
1661,0,1,0
1662,0,1,0
1663,0,1,0
1664,3,3,4
1665,0,1,0
1666,0,1,0
1667,1,2,1
1668,0,1,0
1669,0,1,0
1670,3,3,4
1671,0,1,0
1672,3,4,3
1673,1,2,1
1674,0,1,0
1675,0,1,0
1676,0,1,0
1677,3,4,3
1678,1,2,1
1679,1,2,1
1680,0,1,0
1681,0,1,0
1682,3,3,4
1683,0,1,0
1684,0,1,0
1685,1,2,1
1686,0,1,0
1687,0,1,0
1688,1,2,1
1689,1,2,1
1690,0,1,0
1691,0,1,0
1692,1,2,1
1693,1,2,1
1694,1,2,1
1695,4,2,1
1696,1,2,1
1697,0,1,0
1698,0,1,0
1699,0,1,0
1700,0,1,0
1701,0,1,0
1702,0,1,0
1703,0,1,0
1704,3,3,4
1705,3,4,3
1706,0,1,0
1707,0,1,0
1708,0,1,0
1709,0,1,0
1710,1,2,1
1711,1,2,1
1712,0,1,0
1713,0,1,0
1714,0,1,0
1715,0,1,0
1716,3,4,3
1717,0,1,0
1718,0,1,0
1719,0,1,0
1720,0,1,0
1721,0,1,0
1722,0,1,0
1723,0,1,0
1724,0,1,0
1725,0,1,0
1726,0,1,0
1727,0,1,0
1728,0,1,0
1729,1,2,1
1730,0,1,0
1731,0,1,0
1732,0,1,0
1733,0,1,0
1734,1,2,1
1735,0,1,0
1736,0,1,0
1737,0,1,0
1738,0,1,0
1739,1,2,1
1740,1,2,1
1741,0,1,0
1742,4,2,1
1743,3,4,3
1744,0,1,0
1745,0,1,0
1746,0,1,0
1747,0,1,0
1748,1,2,1
1749,0,1,0
1750,3,4,3
1751,0,1,0
1752,0,1,0
1753,0,1,0
1754,0,1,0
1755,0,1,0
1756,0,1,0
1757,0,1,0
1758,0,1,0
1759,0,1,0
1760,0,1,0
1761,1,2,1
1762,1,2,1
1763,0,1,0
1764,0,1,0
1765,0,2,1
1766,0,1,0
1767,0,1,0
1768,0,1,0
1769,0,1,0
1770,3,3,4
1771,2,0,2
1772,1,2,1
1773,0,1,0
1774,1,2,1
1775,0,1,0
1776,0,1,0
1777,0,1,0
1778,0,1,0
1779,0,1,0
1780,0,1,0
1781,0,1,0
1782,0,1,0
1783,0,1,0
1784,0,1,0
1785,1,2,1
1786,0,1,0
1787,0,1,0
1788,0,1,0
1789,0,1,0
1790,0,1,0
1791,1,2,1
1792,0,1,0
1793,0,1,0
1794,0,1,0
1795,0,1,0
1796,0,1,0
1797,1,2,1
1798,0,1,0
1799,1,2,1
1800,0,1,0
1801,0,1,0
1802,0,1,0
1803,0,1,0
1804,0,1,0
1805,0,1,0
1806,0,1,0
1807,0,1,0
1808,0,1,0
1809,0,1,0
1810,1,2,1
1811,0,1,0
1812,0,1,0
1813,1,2,1
1814,1,2,1
1815,1,2,1
1816,1,2,1
1817,0,1,0
1818,4,2,1
1819,3,3,4
1820,0,1,0
1821,0,1,0
1822,1,2,1
1823,0,1,0
1824,0,1,0
1825,1,2,1
1826,3,3,4
1827,0,1,0
1828,0,1,0
1829,0,1,0
1830,0,1,0
1831,0,1,0
1832,0,1,0
1833,0,1,0
1834,0,1,0
1835,1,2,1
1836,0,1,0
1837,0,1,0
1838,0,1,0
1839,1,2,1
1840,0,1,0
1841,0,1,0
1842,1,2,1
1843,0,1,0
1844,0,1,0
1845,0,1,0
1846,0,1,0
1847,3,2,1
1848,0,1,0
1849,0,1,0
1850,0,1,0
1851,0,4,3
1852,0,1,0
1853,3,4,3
1854,0,1,0
1855,0,1,0
1856,1,2,1
1857,0,1,0
1858,0,1,0
1859,1,2,1
1860,0,1,0
1861,0,1,0
1862,0,1,0
1863,0,1,0
1864,4,2,1
1865,0,1,0
1866,0,1,0
1867,0,1,0
1868,0,1,0
1869,0,1,0
1870,0,1,0
1871,1,2,1
1872,0,1,0
1873,1,2,1
1874,0,1,0
1875,0,1,0
1876,1,2,1
1877,0,1,0
1878,1,2,1
1879,0,1,0
1880,0,1,0
1881,0,1,0
1882,1,2,1
1883,0,1,0
1884,3,4,3
1885,0,1,0
1886,0,1,0
1887,3,3,4
1888,0,1,0
1889,0,1,0
1890,0,1,0
1891,0,1,0
1892,0,1,0
1893,0,1,0
1894,0,1,0
1895,0,1,0
1896,0,1,0
1897,0,1,0
1898,1,2,1
1899,1,2,1
1900,0,1,0
1901,0,1,0
1902,0,1,0
1903,0,1,0
1904,0,1,0
1905,0,1,0
1906,0,1,0
1907,0,1,0
1908,0,1,0
1909,1,2,1
1910,0,1,0
1911,1,2,1
1912,0,1,0
1913,0,1,0
1914,0,1,0
1915,0,1,0
1916,0,1,0
1917,3,4,3
1918,0,1,0
1919,1,2,1
1920,3,4,3
1921,0,1,0
1922,0,1,0
1923,0,1,0
1924,0,1,0
1925,0,1,0
1926,0,1,0
1927,0,1,0
1928,1,2,1
1929,4,2,1
1930,0,1,0
1931,0,1,0
1932,0,1,0
1933,0,1,0
1934,0,1,0
1935,0,1,0
1936,1,2,1
1937,0,1,0
1938,0,1,0
1939,0,1,0
1940,0,1,0
1941,0,1,0
1942,3,3,4
1943,3,3,4
1944,0,1,0
1945,1,2,1
1946,0,1,0
1947,0,1,0
1948,0,1,0
1949,0,1,0
1950,1,2,1
1951,0,1,0
1952,4,2,1
1953,0,1,0
1954,0,1,0
1955,0,1,0
1956,1,2,1
1957,0,1,0
1958,4,2,1
1959,3,3,4
1960,0,1,0
1961,3,4,3
1962,0,1,0
1963,0,1,0
1964,1,2,1
1965,0,1,0
1966,0,1,0
1967,2,0,2
1968,0,1,0
1969,1,2,1
1970,0,1,0
1971,0,1,0
1972,0,1,0
1973,3,3,4
1974,3,4,3
1975,0,1,0
1976,0,1,0
1977,0,1,0
1978,0,1,0
1979,0,1,0
1980,0,1,0
1981,0,1,0
1982,0,1,0
1983,0,1,0
1984,0,1,0
1985,0,1,0
1986,0,1,0
1987,1,2,1
1988,0,1,0
1989,0,1,0
1990,0,1,0
1991,0,1,0
1992,3,4,3
1993,0,1,0
1994,0,1,0
1995,0,1,0
1996,1,2,1
1997,0,1,0
1998,0,1,0
1999,0,1,0
2000,0,1,0
2001,0,1,0
2002,0,1,0
2003,3,3,4
2004,0,1,0
2005,0,1,0
2006,1,2,1
2007,0,1,0
2008,0,1,0
2009,0,1,0
2010,0,1,0
2011,0,1,0
2012,0,1,0
2013,0,1,0
2014,0,1,0
2015,0,1,0
2016,3,3,4
2017,3,4,3
2018,0,1,0
2019,0,1,0
2020,1,2,1
2021,0,1,0
2022,0,1,0
2023,0,1,0
2024,0,1,0
2025,0,1,0
2026,4,2,1
2027,0,1,0
2028,0,1,0
2029,3,4,3
2030,0,1,0
2031,0,1,0
2032,1,2,1
2033,1,2,1
2034,0,1,0
2035,0,1,0
2036,0,1,0
2037,0,1,0
2038,0,1,0
2039,0,1,0
2040,0,1,0
2041,0,1,0
2042,0,1,0
2043,0,1,0
2044,0,1,0
2045,0,1,0
2046,0,1,0
2047,0,1,0
2048,0,1,0
2049,1,2,1
2050,0,1,0
2051,1,2,1
2052,0,1,0
2053,1,2,1
2054,0,1,0
2055,0,1,0
2056,1,2,1
2057,0,1,0
2058,1,2,1
2059,0,1,0
2060,0,1,0
2061,0,1,0
2062,0,1,0
2063,3,4,3
2064,0,1,0
2065,0,1,0
2066,4,2,1
2067,0,1,0
2068,0,1,0
2069,0,1,0
2070,1,2,1
2071,1,2,1
2072,1,2,1
2073,0,1,0
2074,0,1,0
2075,0,1,0
2076,0,1,0
2077,0,1,0
2078,1,2,1
2079,0,1,0
2080,0,1,0
2081,0,1,0
2082,0,1,0
2083,1,2,1
2084,0,1,0
2085,0,1,0
2086,0,1,0
2087,0,1,0
2088,1,2,1
2089,0,1,0
2090,0,1,0
2091,1,2,1
2092,0,2,1
2093,0,1,0
2094,0,1,0
2095,1,2,1
2096,0,1,0
2097,0,1,0
2098,0,1,0
2099,0,1,0
2100,0,1,0
2101,0,1,0
2102,0,1,0
2103,0,1,0
2104,1,2,1
2105,0,1,0
2106,0,1,0
2107,0,1,0
2108,0,2,1
2109,0,1,0
2110,1,2,1
2111,0,2,1
2112,0,1,0
2113,1,2,1
2114,0,1,0
2115,0,1,0
2116,1,2,1
2117,0,1,0
2118,0,1,0
2119,0,1,0
2120,0,1,0
2121,0,1,0
2122,0,1,0
2123,0,1,0
2124,0,1,0
2125,0,1,0
2126,0,1,0
2127,0,1,0
2128,1,2,1
2129,0,1,0
2130,0,1,0
2131,0,1,0
2132,0,1,0
2133,0,1,0
2134,0,1,0
2135,0,1,0
2136,0,1,0
2137,0,1,0
2138,0,1,0
2139,3,4,3
2140,0,1,0
2141,0,1,0
2142,1,2,1
2143,0,1,0
2144,0,1,0
2145,0,1,0
2146,0,1,0
2147,0,1,0
2148,0,1,0
2149,1,2,1
2150,4,2,1
2151,0,1,0
2152,0,1,0
2153,3,4,3
2154,0,1,0
2155,0,1,0
2156,0,1,0
2157,0,1,0
2158,3,3,4
2159,1,2,1
2160,0,1,0
2161,1,2,1
2162,0,1,0
2163,1,2,1
2164,0,1,0
2165,0,1,0
2166,1,2,1
2167,0,1,0
2168,1,2,1
2169,0,1,0
2170,0,1,0
2171,0,1,0
2172,0,1,0
2173,0,1,0
2174,0,1,0
2175,0,1,0
2176,0,1,0
2177,0,1,0
2178,1,2,1
2179,0,1,0
2180,0,1,0
2181,0,1,0
2182,1,2,1
2183,0,1,0
2184,0,1,0
2185,0,1,0
2186,0,1,0
2187,0,1,0
2188,0,1,0
2189,0,1,0
2190,0,1,0
2191,0,1,0
2192,0,1,0
2193,4,2,1
2194,0,1,0
2195,0,1,0
2196,0,1,0
2197,0,1,0
2198,0,1,0
2199,0,1,0
2200,0,1,0
2201,0,1,0
2202,0,1,0
2203,0,1,0
2204,0,1,0
2205,0,1,0
2206,0,1,0
2207,0,1,0
2208,0,1,0
2209,0,1,0
2210,0,1,0
2211,1,2,1
2212,0,1,0
2213,3,4,3
2214,3,3,4
2215,1,2,1
2216,0,1,0
2217,0,1,0
2218,0,1,0
2219,0,1,0
2220,0,1,0
2221,0,1,0
2222,0,1,0
2223,0,1,0
2224,0,1,0
2225,0,1,0
2226,0,1,0
2227,0,1,0
2228,3,4,3
2229,1,2,1
2230,0,1,0
2231,0,1,0
2232,1,2,1
2233,0,1,0
2234,1,2,1
2235,0,1,0
2236,0,1,0
2237,0,1,0
2238,0,1,0
2239,0,1,0
2240,0,1,0
2241,0,1,0
2242,0,1,0
2243,0,1,0
2244,0,1,0
2245,0,1,0
2246,0,1,0
2247,1,2,1
2248,4,2,1
2249,4,2,1
2250,0,1,0
2251,0,1,0
2252,0,1,0
2253,1,2,1
2254,0,1,0
2255,0,1,0
2256,0,1,0
2257,0,1,0
2258,0,1,0
2259,0,1,0
2260,0,1,0
2261,0,1,0
2262,3,4,3
2263,0,1,0
2264,1,2,1
2265,0,1,0
2266,0,1,0
2267,0,1,0
2268,0,1,0
2269,0,1,0
2270,0,1,0
2271,3,3,4
2272,0,1,0
2273,3,3,4
2274,0,1,0
2275,0,1,0
2276,1,2,1
2277,0,1,0
2278,1,2,1
2279,1,2,1
2280,0,1,0
2281,0,1,0
2282,0,1,0
2283,0,4,3
2284,0,1,0
2285,0,1,0
2286,4,2,1
2287,1,2,1
2288,0,1,0
2289,0,1,0
2290,0,1,0
2291,0,1,0
2292,4,2,1
2293,1,2,1
2294,0,1,0
2295,0,1,0
2296,0,1,0
2297,1,2,1
2298,0,1,0
2299,0,1,0
2300,0,1,0
2301,0,1,0
2302,0,1,0
2303,1,2,1
2304,0,1,0
2305,0,1,0
2306,0,1,0
2307,1,2,1
2308,0,1,0
2309,1,2,1
2310,0,1,0
2311,0,1,0
2312,0,1,0
2313,0,1,0
2314,0,1,0
2315,1,2,1
2316,0,1,0
2317,0,1,0
2318,1,2,1
2319,3,4,3
2320,1,2,1
2321,0,1,0
2322,4,2,1
2323,0,1,0
2324,0,1,0
2325,4,2,1
2326,0,1,0
2327,0,1,0
2328,0,1,0
2329,0,1,0
2330,0,1,0
2331,1,2,1
2332,0,1,0
2333,0,1,0
2334,0,1,0
2335,0,1,0
2336,0,1,0
2337,0,1,0
2338,1,2,1
2339,0,1,0
2340,1,2,1
2341,3,3,4
2342,0,1,0
2343,1,2,1
2344,0,1,0
2345,4,2,1
2346,0,1,0
2347,0,1,0
2348,0,1,0
2349,3,3,4
2350,0,1,0
2351,0,1,0
2352,0,1,0
2353,0,1,0
2354,1,2,1
2355,0,1,0
2356,0,1,0
2357,0,1,0
2358,3,4,3
2359,0,1,0
2360,3,3,4
2361,0,1,0
2362,0,1,0
2363,1,2,1
2364,0,1,0
2365,0,1,0
2366,3,4,3
2367,0,1,0
2368,4,2,1
2369,0,1,0
2370,4,2,1
2371,0,1,0
2372,0,1,0
2373,3,4,3
2374,0,1,0
2375,0,1,0
2376,1,2,1
2377,0,1,0
2378,0,1,0
2379,0,1,0
2380,4,2,1
2381,0,1,0
2382,0,1,0
2383,4,2,1
2384,0,1,0
2385,0,1,0
2386,1,2,1
2387,1,2,1
2388,1,2,1
2389,1,2,1
2390,1,2,1
2391,1,2,1
2392,4,2,1
2393,0,1,0
2394,1,2,1
2395,0,1,0
2396,0,1,0
2397,0,1,0
2398,3,3,4
2399,0,1,0
2400,0,1,0
2401,0,1,0
2402,0,1,0
2403,1,2,1
2404,0,1,0
2405,0,1,0
2406,0,1,0
2407,0,1,0
2408,0,1,0
2409,0,1,0
2410,0,1,0
2411,0,1,0
2412,0,1,0
2413,0,1,0
2414,0,1,0
2415,1,2,1
2416,1,2,1
2417,0,1,0
2418,3,4,3
2419,1,2,1
2420,0,1,0
2421,0,1,0
2422,0,1,0
2423,0,1,0
2424,3,3,4
2425,0,1,0
2426,4,2,1
2427,1,2,1
2428,0,1,0
2429,1,2,1
2430,0,1,0
2431,0,1,0
2432,0,1,0
2433,3,4,3
2434,1,2,1
2435,0,1,0
2436,0,1,0
2437,0,1,0
2438,0,1,0
2439,0,1,0
2440,0,1,0
2441,0,1,0
2442,0,1,0
2443,0,1,0
2444,0,1,0
2445,0,1,0
2446,0,1,0
2447,0,1,0
2448,0,1,0
2449,0,1,0
2450,0,1,0
2451,0,1,0
2452,0,1,0
2453,0,1,0
2454,1,2,1
2455,0,1,0
2456,0,1,0
2457,0,1,0
2458,1,2,1
2459,0,1,0
2460,0,1,0
2461,0,1,0
2462,4,2,1
2463,1,2,1
2464,0,1,0
2465,0,1,0
2466,0,1,0
2467,0,1,0
2468,1,2,1
2469,0,1,0
2470,0,1,0
2471,0,1,0
2472,0,1,0
2473,0,1,0
2474,0,1,0
2475,3,4,3
2476,1,2,1
2477,0,1,0
2478,0,1,0
2479,0,1,0
2480,0,1,0
2481,0,1,0
2482,0,1,0
2483,0,1,0
2484,0,2,1
2485,0,1,0
2486,0,1,0
2487,0,1,0
2488,0,1,0
2489,0,1,0
2490,1,2,1
2491,0,1,0
2492,0,1,0
2493,1,2,1
2494,0,1,0
2495,1,2,1
2496,0,1,0
2497,0,1,0
2498,0,1,0
2499,0,1,0
2500,0,1,0
2501,3,4,3
2502,1,2,1
2503,0,1,0
2504,0,1,0
2505,0,1,0
2506,0,1,0
2507,0,1,0
2508,0,1,0
2509,0,1,0
2510,0,1,0
2511,3,3,4
2512,0,1,0
2513,0,1,0
2514,0,1,0
2515,0,1,0
2516,0,1,0
2517,1,2,1
2518,0,1,0
2519,0,1,0
2520,3,3,4
2521,0,1,0
2522,0,1,0
2523,0,1,0
2524,0,1,0
2525,0,1,0
2526,0,1,0
2527,1,2,1
2528,0,1,0
2529,0,1,0
2530,0,1,0
2531,0,1,0
2532,3,1,0
2533,1,2,1
2534,0,1,0
2535,0,1,0
2536,0,1,0
2537,0,1,0
2538,0,1,0
2539,1,2,1
2540,0,1,0
2541,0,1,0
2542,0,1,0
2543,3,4,3
2544,0,1,0
2545,0,1,0
2546,0,1,0
2547,0,1,0
2548,1,2,1
2549,0,1,0
2550,0,1,0
2551,1,2,1
2552,3,4,3
2553,0,1,0
2554,0,1,0
2555,0,1,0
2556,0,1,0
2557,0,1,0
2558,1,2,1
2559,1,2,1
2560,0,1,0
2561,0,1,0
2562,0,1,0
2563,0,1,0
2564,1,2,1
2565,0,1,0
2566,0,1,0
2567,0,1,0
2568,0,1,0
2569,0,1,0
2570,0,1,0
2571,1,2,1
2572,0,1,0
2573,3,3,4
2574,1,2,1
2575,3,1,0
2576,3,3,4
2577,1,2,1
2578,3,4,3
2579,0,1,0
2580,1,2,1
2581,0,1,0
2582,0,1,0
2583,0,1,0
2584,3,4,3
2585,0,1,0
2586,0,1,0
2587,0,1,0
2588,0,1,0
2589,0,1,0
2590,0,1,0
2591,0,1,0
2592,1,2,1
2593,0,1,0
2594,0,1,0
2595,1,2,1
2596,0,1,0
2597,0,1,0
2598,0,1,0
2599,1,2,1
2600,0,1,0
2601,0,1,0
2602,1,2,1
2603,3,3,4
2604,0,1,0
2605,0,1,0
2606,0,1,0
2607,0,1,0
2608,0,1,0
2609,1,2,1
2610,0,1,0
2611,0,1,0
2612,0,1,0
2613,0,1,0
2614,0,1,0
2615,0,1,0
2616,1,2,1
2617,0,1,0
2618,0,1,0
2619,0,1,0
2620,1,2,1
2621,0,1,0
2622,1,2,1
2623,1,2,1
2624,1,2,1
2625,0,1,0
2626,0,1,0
2627,0,1,0
2628,1,2,1
2629,0,1,0
2630,0,1,0
2631,0,1,0
2632,0,1,0
2633,0,1,0
2634,1,2,1
2635,0,1,0
2636,1,2,1
2637,0,1,0
2638,0,1,0
2639,0,1,0
2640,0,1,0
2641,0,1,0
2642,0,1,0
2643,0,1,0
2644,0,1,0
2645,1,2,1
2646,3,3,4
2647,0,1,0
2648,3,1,0
2649,1,2,1
2650,3,1,0
2651,3,4,3
2652,0,1,0
2653,4,2,1
2654,1,2,1
2655,0,1,0
2656,0,1,0
2657,0,1,0
2658,0,1,0
2659,4,2,1
2660,0,1,0
2661,0,1,0
2662,0,1,0
2663,1,2,1
2664,0,1,0
2665,0,1,0
2666,0,1,0
2667,3,4,3
2668,1,2,1
2669,0,1,0
2670,0,1,0
2671,0,1,0
2672,1,2,1
2673,0,1,0
2674,0,1,0
2675,0,2,1
2676,1,2,1
2677,0,1,0
2678,0,1,0
2679,0,1,0
2680,0,1,0
2681,0,1,0
2682,0,1,0
2683,0,1,0
2684,0,1,0
2685,0,1,0
2686,0,1,0
2687,0,1,0
2688,0,1,0
2689,0,1,0
2690,0,1,0
2691,0,1,0
2692,0,1,0
2693,0,1,0
2694,0,1,0
2695,0,1,0
2696,0,1,0
2697,0,1,0
2698,0,1,0
2699,0,1,0
2700,0,1,0
2701,0,1,0
2702,0,1,0
2703,0,1,0
2704,0,1,0
2705,0,1,0
2706,1,2,1
2707,0,1,0
2708,0,1,0
2709,3,3,4
2710,0,1,0
2711,0,1,0
2712,0,1,0
2713,0,1,0
2714,0,1,0
2715,0,1,0
2716,0,1,0
2717,0,1,0
2718,0,1,0
2719,0,1,0
2720,1,2,1
2721,0,1,0
2722,0,1,0
2723,1,2,1
2724,0,1,0
2725,0,1,0
2726,0,1,0
2727,0,1,0
2728,3,3,4
2729,2,0,2
2730,0,1,0
2731,0,1,0
2732,0,1,0
2733,1,2,1
2734,0,1,0
2735,0,1,0
2736,1,2,1
2737,0,1,0
2738,0,1,0
2739,0,1,0
2740,0,1,0
2741,3,4,3
2742,4,2,1
2743,3,4,3
2744,0,1,0
2745,1,2,1
2746,0,1,0
2747,3,4,3
2748,1,2,1
2749,0,1,0
2750,2,0,2
2751,1,2,1
2752,0,1,0
2753,0,1,0
2754,0,1,0
2755,0,1,0
2756,0,1,0
2757,0,1,0
2758,0,1,0
2759,0,1,0
2760,1,2,1
2761,0,1,0
2762,0,1,0
2763,1,2,1
2764,0,1,0
2765,0,1,0
2766,0,1,0
2767,0,1,0
2768,0,1,0
2769,0,1,0
2770,0,1,0
2771,0,1,0
2772,1,2,1
2773,0,1,0
2774,0,1,0
2775,0,1,0
2776,0,1,0
2777,1,2,1
2778,0,1,0
2779,0,1,0
2780,0,1,0
2781,0,1,0
2782,0,1,0
2783,0,1,0
2784,0,1,0
2785,0,1,0
2786,0,1,0
2787,0,1,0
2788,0,1,0
2789,1,2,1
2790,4,2,1
2791,0,1,0
2792,0,1,0
2793,3,4,3
2794,0,1,0
2795,0,1,0
2796,0,1,0
2797,1,2,1
2798,1,2,1
2799,1,2,1
2800,0,1,0
2801,0,1,0
2802,0,1,0
2803,1,2,1
2804,0,1,0
2805,3,3,4
2806,1,2,1
2807,0,1,0
2808,0,1,0
2809,0,1,0
2810,0,1,0
2811,0,1,0
2812,0,1,0
2813,1,2,1
2814,0,1,0
2815,0,1,0
2816,0,1,0
2817,0,1,0
2818,0,1,0
2819,0,1,0
2820,0,1,0
2821,0,1,0
2822,1,2,1
2823,0,1,0
2824,1,2,1
2825,0,1,0
2826,0,1,0
2827,0,1,0
2828,0,1,0
2829,0,1,0
2830,1,2,1
2831,1,2,1
2832,0,1,0
2833,0,1,0
2834,0,1,0
2835,0,1,0
2836,0,1,0
2837,1,2,1
2838,0,1,0
2839,1,2,1
2840,1,2,1
2841,0,1,0
2842,0,1,0
2843,0,1,0
2844,3,3,4
2845,0,1,0
2846,0,1,0
2847,0,1,0
2848,0,1,0
2849,0,1,0
2850,0,1,0
2851,0,1,0
2852,0,1,0
2853,0,1,0
2854,1,2,1
2855,0,2,1
2856,3,4,3
2857,0,1,0
2858,0,1,0
2859,0,1,0
2860,0,1,0
2861,0,1,0
2862,0,1,0
2863,1,2,1
2864,0,1,0
2865,1,2,1
2866,0,1,0
2867,0,1,0
2868,3,3,4
2869,0,1,0
2870,4,2,1
2871,0,1,0
2872,0,1,0
2873,0,1,0
2874,0,1,0
2875,0,1,0
2876,0,1,0
2877,0,1,0
2878,1,2,1
2879,1,2,1
2880,0,1,0
2881,0,1,0
2882,0,1,0
2883,0,1,0
2884,0,1,0
2885,0,1,0
2886,0,1,0
2887,0,1,0
2888,0,1,0
2889,1,2,1
2890,0,1,0
2891,0,1,0
2892,0,1,0
2893,1,2,1
2894,0,1,0
2895,0,1,0
2896,0,1,0
2897,1,2,1
2898,3,3,4
2899,0,1,0
2900,3,3,4
2901,3,3,4
2902,1,2,1
2903,0,1,0
2904,0,1,0
2905,3,4,3
2906,0,1,0
2907,0,1,0
2908,1,2,1
2909,0,1,0
2910,0,1,0
2911,1,2,1
2912,0,1,0
2913,3,3,4
2914,0,1,0
2915,0,1,0
2916,0,1,0
2917,0,1,0
2918,0,2,1
2919,0,1,0
2920,0,1,0
2921,0,1,0
2922,0,1,0
2923,0,1,0
2924,0,1,0
2925,0,1,0
2926,0,1,0
2927,1,2,1
2928,3,3,4
2929,0,1,0
2930,0,1,0
2931,0,1,0
2932,0,1,0
2933,0,1,0
2934,1,2,1
2935,0,1,0
2936,0,1,0
2937,0,1,0
2938,0,1,0
2939,0,1,0
2940,1,2,1
2941,0,1,0
2942,0,1,0
2943,1,2,1
2944,1,2,1
2945,1,2,1
2946,2,0,2
2947,0,1,0
2948,1,2,1
2949,1,2,1
2950,0,1,0
2951,0,1,0
2952,0,1,0
2953,0,1,0
2954,0,1,0
2955,0,1,0
2956,0,1,0
2957,0,1,0
2958,0,1,0
2959,0,1,0
2960,0,1,0
2961,0,1,0
2962,1,2,1
2963,0,1,0
2964,1,2,1
2965,0,1,0
2966,0,1,0
2967,1,2,1
2968,0,1,0
2969,0,1,0
2970,1,2,1
2971,0,1,0
2972,1,2,1
2973,0,1,0
2974,0,1,0
2975,0,1,0
2976,0,1,0
2977,0,1,0
2978,3,3,4
2979,0,1,0
2980,0,1,0
2981,0,1,0
2982,1,2,1
2983,0,1,0
2984,0,1,0
2985,1,2,1
2986,0,1,0
2987,1,2,1
2988,0,1,0
2989,1,2,1
2990,0,1,0
2991,0,1,0
2992,0,1,0
2993,0,1,0
2994,1,2,1
2995,0,1,0
2996,0,1,0
2997,0,1,0
2998,0,1,0
2999,0,1,0
3000,0,1,0
3001,0,1,0
3002,0,1,0
3003,3,4,3
3004,1,2,1
3005,0,1,0
3006,0,1,0
3007,1,2,1
3008,0,1,0
3009,0,1,0
3010,0,1,0
3011,0,1,0
3012,0,1,0
3013,0,1,0
3014,1,2,1
3015,1,2,1
3016,0,2,1
3017,0,1,0
3018,0,1,0
3019,0,1,0
3020,0,1,0
3021,0,1,0
3022,4,2,1
3023,0,1,0
3024,0,1,0
3025,0,1,0
3026,0,1,0
3027,0,1,0
3028,3,4,3
3029,4,2,1
3030,0,1,0
3031,0,1,0
3032,0,1,0
3033,0,1,0
3034,1,2,1
3035,0,1,0
3036,1,2,1
3037,0,1,0
3038,0,1,0
3039,0,1,0
3040,1,2,1
3041,0,1,0
3042,3,4,3
3043,0,1,0
3044,0,1,0
3045,0,1,0
3046,4,2,1
3047,0,1,0
3048,0,1,0
3049,3,4,3
3050,0,1,0
3051,0,1,0
3052,3,4,3
3053,0,1,0
3054,0,1,0
3055,0,1,0
3056,0,1,0
3057,0,1,0
3058,4,2,1
3059,0,1,0
3060,0,1,0
3061,1,2,1
3062,2,0,2
3063,0,1,0
3064,1,2,1
3065,0,1,0
3066,4,2,1
3067,0,1,0
3068,0,1,0
3069,0,1,0
3070,1,2,1
3071,0,1,0
3072,0,2,1
3073,0,1,0
3074,0,1,0
3075,0,1,0
3076,0,1,0
3077,0,1,0
3078,0,1,0
3079,0,1,0
3080,1,2,1
3081,0,1,0
3082,0,1,0
3083,0,1,0
3084,0,1,0
3085,0,1,0
3086,0,1,0
3087,0,1,0
3088,0,1,0
3089,1,2,1
3090,1,2,1
3091,0,1,0
3092,0,1,0
3093,0,1,0
3094,0,1,0
3095,0,1,0
3096,0,1,0
3097,0,1,0
3098,4,2,1
3099,1,2,1
3100,0,1,0
3101,0,1,0
3102,3,4,3
3103,0,1,0
3104,0,1,0
3105,0,1,0
3106,0,1,0
3107,0,1,0
3108,0,1,0
3109,0,1,0
3110,0,1,0
3111,0,1,0
3112,0,1,0
3113,0,1,0
3114,3,4,3
3115,0,1,0
3116,0,1,0
3117,0,1,0
3118,0,1,0
3119,0,1,0
3120,0,1,0
3121,0,1,0
3122,2,0,2
3123,0,1,0
3124,0,1,0
3125,0,1,0
3126,0,1,0
3127,0,1,0
3128,0,1,0
3129,0,1,0
3130,0,1,0
3131,3,3,4
3132,0,1,0
3133,0,1,0
3134,0,1,0
3135,0,1,0
3136,3,4,3
3137,0,1,0
3138,1,2,1
3139,0,1,0
3140,1,2,1
3141,0,1,0
3142,0,1,0
3143,0,1,0
3144,0,1,0
3145,3,4,3
3146,1,2,1
3147,0,1,0
3148,0,1,0
3149,0,1,0
3150,0,1,0
3151,1,2,1
3152,0,1,0
3153,0,1,0
3154,0,1,0
3155,0,1,0
3156,0,1,0
3157,0,1,0
3158,0,1,0
3159,0,1,0
3160,0,1,0
3161,0,1,0
3162,0,1,0
3163,0,1,0
3164,0,1,0
3165,1,2,1
3166,0,1,0
3167,0,1,0
3168,0,1,0
3169,0,1,0
3170,0,1,0
3171,0,1,0
3172,1,2,1
3173,0,1,0
3174,0,1,0
3175,0,1,0
3176,0,1,0
3177,0,1,0
3178,0,1,0
3179,0,1,0
3180,0,1,0
3181,1,2,1
3182,1,2,1
3183,1,2,1
3184,0,1,0
3185,1,2,1
3186,0,1,0
3187,0,1,0
3188,0,1,0
3189,0,1,0
3190,0,1,0
3191,0,1,0
3192,1,2,1
3193,0,1,0
3194,1,2,1
3195,0,1,0
3196,0,1,0
3197,0,1,0
3198,0,1,0
3199,0,1,0
3200,0,1,0
3201,0,1,0
3202,3,3,4
3203,0,1,0
3204,1,2,1
3205,1,2,1
3206,0,1,0
3207,0,1,0
3208,0,1,0
3209,3,4,3
3210,0,1,0
3211,2,0,2
3212,0,1,0
3213,0,1,0
3214,0,1,0
3215,3,4,3
3216,0,1,0
3217,0,1,0
3218,0,1,0
3219,0,1,0
3220,0,1,0
3221,0,1,0
3222,0,1,0
3223,0,1,0
3224,0,1,0
3225,0,1,0
3226,0,1,0
3227,0,1,0
3228,0,1,0
3229,1,2,1
3230,0,1,0
3231,0,1,0
3232,4,2,1
3233,0,1,0
3234,0,1,0
3235,0,1,0
3236,0,1,0
3237,0,1,0
3238,0,1,0
3239,0,1,0
3240,0,1,0
3241,0,1,0
3242,0,1,0
3243,0,1,0
3244,0,1,0
3245,0,1,0
3246,0,1,0
3247,3,3,4
3248,1,2,1
3249,0,1,0
3250,0,1,0
3251,3,4,3
3252,0,1,0
3253,1,2,1
3254,1,2,1
3255,0,1,0
3256,0,1,0
3257,4,2,1
3258,0,1,0
3259,0,1,0
3260,0,1,0
3261,0,1,0
3262,0,1,0
3263,0,1,0
3264,0,1,0
3265,0,1,0
3266,0,1,0
3267,0,1,0
3268,0,1,0
3269,1,2,1
3270,0,1,0
3271,1,2,1
3272,0,1,0
3273,0,1,0
3274,0,2,1
3275,0,1,0
3276,1,2,1
3277,1,2,1
3278,4,2,1
3279,0,1,0
3280,0,1,0
3281,0,1,0
3282,0,1,0
3283,0,1,0
3284,0,1,0
3285,0,1,0
3286,0,1,0
3287,1,2,1
3288,3,2,1
3289,2,0,2
3290,0,1,0
3291,1,2,1
3292,1,2,1
3293,1,2,1
3294,0,1,0
3295,1,2,1
3296,0,1,0
3297,1,2,1
3298,0,1,0
3299,1,2,1
3300,0,1,0
3301,1,2,1
3302,0,1,0
3303,0,1,0
3304,0,1,0
3305,1,2,1
3306,0,1,0
3307,0,1,0
3308,0,1,0
3309,0,1,0
3310,0,1,0
3311,0,1,0
3312,0,1,0
3313,0,1,0
3314,0,1,0
3315,0,1,0
3316,0,1,0
3317,3,4,3
3318,3,3,4
3319,0,1,0
3320,0,1,0
3321,0,1,0
3322,0,1,0
3323,0,1,0
3324,0,1,0
3325,0,1,0
3326,0,1,0
3327,0,1,0
3328,0,1,0
3329,0,1,0
3330,0,1,0
3331,0,1,0
3332,0,1,0
3333,0,1,0
3334,0,1,0
3335,0,1,0
3336,4,2,1
3337,1,2,1
3338,0,1,0
3339,0,1,0
3340,0,1,0
3341,0,1,0
3342,1,2,1
3343,0,1,0
3344,0,1,0
3345,0,1,0
3346,0,1,0
3347,1,2,1
3348,0,1,0
3349,0,1,0
3350,0,1,0
3351,0,1,0
3352,0,1,0
3353,0,1,0
3354,3,3,4
3355,0,1,0
3356,0,1,0
3357,0,1,0
3358,1,2,1
3359,3,4,3
3360,3,4,3
3361,0,1,0
3362,0,1,0
3363,0,1,0
3364,1,2,1
3365,0,1,0
3366,0,1,0
3367,0,1,0
3368,0,1,0
3369,1,2,1
3370,0,1,0
3371,0,1,0
3372,0,1,0
3373,0,1,0
3374,0,1,0
3375,0,1,0
3376,0,1,0
3377,0,1,0
3378,1,2,1
3379,0,1,0
3380,1,2,1
3381,3,4,3
3382,0,1,0
3383,0,1,0
3384,1,2,1
3385,0,1,0
3386,0,1,0
3387,0,1,0
3388,0,1,0
3389,0,1,0
3390,0,1,0
3391,0,1,0
3392,1,2,1
3393,0,1,0
3394,0,1,0
3395,0,1,0
3396,0,1,0
3397,0,1,0
3398,0,1,0
3399,0,1,0
3400,0,1,0
3401,1,2,1
3402,0,1,0
3403,1,2,1
3404,0,1,0
3405,0,1,0
3406,0,1,0
3407,0,1,0
3408,0,1,0
3409,0,1,0
3410,2,0,2
3411,3,4,3
3412,0,1,0
3413,0,1,0
3414,0,1,0
3415,4,2,1
3416,0,1,0
3417,0,1,0
3418,0,1,0
3419,0,1,0
3420,0,1,0
3421,0,1,0
3422,0,1,0
3423,1,2,1
3424,0,1,0
3425,3,3,4
3426,0,1,0
3427,0,1,0
3428,0,1,0
3429,0,1,0
3430,1,2,1
3431,0,1,0
3432,0,1,0
3433,0,1,0
3434,4,2,1
3435,0,1,0
3436,0,1,0
3437,0,1,0
3438,0,1,0
3439,0,1,0
3440,0,1,0
3441,0,1,0
3442,0,1,0
3443,1,2,1
3444,0,1,0
3445,0,1,0
3446,3,3,4
3447,1,2,1
3448,0,1,0
3449,1,2,1
3450,1,2,1
3451,0,1,0
3452,0,1,0
3453,0,1,0
3454,0,1,0
3455,0,1,0
3456,0,1,0
3457,0,1,0
3458,0,1,0
3459,0,1,0
3460,0,1,0
3461,3,4,3
3462,1,2,1
3463,0,1,0
3464,0,1,0
3465,0,1,0
3466,1,2,1
3467,0,1,0
3468,0,1,0
3469,3,4,3
3470,0,1,0
3471,0,1,0
3472,0,1,0
3473,1,2,1
3474,0,1,0
3475,0,1,0
3476,0,1,0
3477,0,1,0
3478,1,2,1
3479,0,1,0
3480,1,2,1
3481,1,2,1
3482,0,1,0
3483,3,4,3
3484,0,1,0
3485,0,1,0
3486,1,2,1
3487,0,1,0
3488,0,1,0
3489,1,2,1
3490,0,1,0
3491,0,1,0
3492,0,1,0
3493,3,4,3
3494,1,2,1
3495,1,2,1
3496,3,4,3
3497,0,1,0
3498,0,1,0
3499,0,1,0
3500,1,2,1
3501,1,2,1
3502,0,1,0
3503,0,1,0
3504,1,2,1
3505,0,1,0
3506,0,1,0
3507,4,2,1
3508,0,1,0
3509,0,1,0
3510,4,2,1
3511,1,2,1
3512,0,1,0
3513,0,1,0
3514,0,1,0
3515,0,1,0
3516,0,1,0
3517,0,1,0
3518,0,1,0
3519,0,1,0
3520,0,1,0
3521,1,2,1
3522,0,1,0
3523,0,1,0
3524,0,1,0
3525,0,1,0
3526,0,1,0
3527,0,1,0
3528,1,2,1
3529,1,2,1
3530,3,4,3
3531,0,1,0
3532,0,1,0
3533,1,2,1
3534,0,1,0
3535,1,2,1
3536,1,2,1
3537,0,1,0
3538,1,2,1
3539,0,1,0
3540,0,1,0
3541,3,4,3
3542,0,1,0
3543,3,3,4
3544,0,2,1
3545,0,1,0
3546,0,1,0
3547,0,1,0
3548,0,1,0
3549,0,1,0
3550,1,2,1
3551,1,2,1
3552,0,1,0
3553,1,2,1
3554,0,1,0
3555,4,2,1
3556,1,2,1
3557,0,1,0
3558,1,2,1
3559,0,1,0
3560,0,1,0
3561,3,1,0
3562,4,2,1
3563,0,1,0
3564,1,2,1
3565,1,2,1
3566,1,2,1
3567,4,2,1
3568,0,1,0
3569,1,2,1
3570,4,2,1
3571,1,2,1
3572,0,1,0
3573,0,1,0
3574,0,1,0
3575,0,1,0
3576,0,1,0
3577,0,1,0
3578,0,1,0
3579,0,1,0
3580,1,2,1
3581,0,1,0
3582,0,1,0
3583,0,1,0
3584,0,1,0
3585,0,1,0
3586,0,1,0
3587,0,1,0
3588,1,2,1
3589,0,1,0
3590,0,1,0
3591,1,2,1
3592,1,2,1
3593,0,1,0
3594,0,1,0
3595,0,1,0
3596,0,2,1
3597,0,1,0
3598,0,1,0
3599,0,1,0
3600,3,4,3
3601,1,2,1
3602,1,2,1
3603,0,1,0
3604,1,2,1
3605,0,1,0
3606,0,1,0
3607,1,2,1
3608,3,4,3
3609,1,2,1
3610,1,2,1
3611,0,1,0
3612,1,2,1
3613,0,1,0
3614,0,1,0
3615,0,1,0
3616,0,1,0
3617,1,2,1
3618,0,1,0
3619,0,1,0
3620,0,1,0
3621,1,2,1
3622,0,1,0
3623,1,2,1
3624,1,2,1
3625,0,1,0
3626,0,1,0
3627,0,1,0
3628,0,2,1
3629,3,4,3
3630,0,1,0
3631,0,1,0
3632,1,2,1
3633,0,1,0
3634,0,1,0
3635,0,1,0
3636,0,1,0
3637,0,1,0
3638,1,2,1
3639,0,2,1
3640,0,1,0
3641,1,2,1
3642,1,2,1
3643,1,2,1
3644,0,1,0
3645,1,2,1
3646,0,1,0
3647,4,2,1
3648,1,2,1
3649,0,1,0
3650,0,1,0
3651,0,1,0
3652,1,2,1
3653,0,1,0
3654,0,1,0
3655,0,1,0
3656,0,1,0
3657,0,1,0
3658,0,1,0
3659,0,1,0
3660,1,2,1
3661,0,1,0
3662,3,4,3
3663,1,2,1
3664,0,1,0
3665,3,4,3
3666,0,1,0
3667,0,1,0
3668,0,1,0
3669,0,1,0
3670,0,1,0
3671,0,1,0
3672,1,2,1
3673,0,1,0
3674,0,1,0
3675,1,2,1
3676,1,2,1
3677,0,1,0
3678,1,2,1
3679,0,1,0
3680,0,1,0
3681,0,1,0
3682,0,1,0
3683,1,2,1
3684,0,1,0
3685,1,2,1
3686,0,1,0
3687,0,1,0
3688,0,1,0
3689,0,1,0
3690,1,2,1
3691,1,2,1
3692,0,2,1
3693,0,1,0
3694,0,1,0
3695,0,1,0
3696,0,1,0
3697,0,1,0
3698,1,2,1
3699,0,1,0
3700,1,2,1
3701,0,1,0
3702,1,2,1
3703,0,1,0
3704,0,1,0
3705,0,1,0
3706,1,2,1
3707,0,1,0
3708,0,1,0
3709,0,1,0
3710,1,2,1
3711,0,1,0
3712,4,2,1
3713,3,1,0
3714,0,1,0
3715,0,1,0
3716,0,1,0
3717,0,1,0
3718,0,1,0
3719,1,2,1
3720,0,1,0
3721,0,1,0
3722,0,1,0
3723,0,1,0
3724,1,2,1
3725,4,2,1
3726,0,1,0
3727,0,1,0
3728,1,2,1
3729,4,2,1
3730,1,2,1
3731,0,1,0
3732,1,2,1
3733,0,1,0
3734,1,2,1
3735,0,1,0
3736,0,1,0
3737,0,1,0
3738,0,1,0
3739,0,1,0
3740,0,1,0
3741,0,1,0
3742,0,1,0
3743,0,1,0
3744,0,1,0
3745,3,4,3
3746,0,1,0
3747,1,2,1
3748,1,2,1
3749,0,1,0
3750,0,1,0
3751,0,1,0
3752,0,1,0
3753,1,2,1
3754,0,1,0
3755,0,1,0
3756,1,2,1
3757,0,1,0
3758,0,1,0
3759,0,1,0
3760,0,1,0
3761,0,1,0
3762,1,2,1
3763,1,2,1
3764,0,1,0
3765,0,1,0
3766,0,1,0
3767,0,1,0
3768,4,2,1
3769,0,1,0
3770,0,1,0
3771,0,1,0
3772,0,1,0
3773,1,2,1
3774,4,2,1
3775,0,1,0
3776,1,2,1
3777,0,1,0
3778,0,1,0
3779,0,1,0
3780,0,1,0
3781,0,1,0
3782,0,1,0
3783,1,2,1
3784,0,1,0
3785,0,1,0
3786,0,1,0
3787,0,1,0
3788,1,2,1
3789,0,1,0
3790,0,1,0
3791,1,2,1
3792,0,1,0
3793,1,2,1
3794,0,1,0
3795,3,4,3
3796,0,1,0
3797,1,2,1
3798,1,2,1
3799,0,1,0
3800,0,1,0
3801,0,1,0
3802,0,1,0
3803,0,1,0
3804,0,1,0
3805,1,2,1
3806,0,2,1
3807,3,1,0
3808,0,1,0
3809,0,1,0
3810,0,1,0
3811,0,1,0
3812,0,1,0
3813,0,1,0
3814,0,1,0
3815,0,1,0
3816,1,2,1
3817,0,1,0
3818,0,1,0
3819,0,1,0
3820,0,1,0
3821,1,2,1
3822,1,2,1
3823,0,1,0
3824,1,2,1
3825,0,1,0
3826,0,2,1
3827,0,1,0
3828,0,1,0
3829,0,1,0
3830,0,1,0
3831,0,1,0
3832,1,2,1
3833,0,1,0
3834,0,1,0
3835,0,1,0
3836,1,2,1
3837,0,1,0
3838,0,1,0
3839,0,1,0
3840,0,1,0
3841,0,1,0
3842,3,3,4
3843,0,1,0
3844,1,2,1
3845,0,1,0
3846,1,2,1
3847,1,2,1
3848,0,1,0
3849,0,1,0
3850,1,2,1
3851,0,1,0
3852,0,1,0
3853,3,4,3
3854,0,1,0
3855,0,1,0
3856,0,1,0
3857,1,2,1
3858,0,1,0
3859,1,2,1
3860,1,2,1
3861,1,2,1
3862,0,1,0
3863,0,1,0
3864,1,2,1
3865,1,2,1
3866,3,4,3
3867,0,1,0
3868,0,1,0
3869,1,2,1
3870,1,2,1
3871,1,2,1
3872,0,1,0
3873,0,1,0
3874,1,2,1
3875,0,1,0
3876,0,1,0
3877,0,1,0
3878,0,1,0
3879,0,1,0
3880,0,1,0
3881,0,1,0
3882,0,1,0
3883,0,1,0
3884,0,1,0
3885,0,1,0
3886,0,1,0
3887,1,2,1
3888,1,2,1
3889,0,1,0
3890,0,1,0
3891,0,1,0
3892,0,1,0
3893,0,1,0
3894,0,1,0
3895,0,1,0
3896,0,1,0
3897,3,4,3
3898,1,2,1
3899,0,1,0
3900,0,1,0
3901,0,1,0
3902,0,1,0
3903,0,1,0
3904,0,2,1
3905,0,1,0
3906,0,1,0
3907,1,2,1
3908,0,1,0
3909,1,2,1
3910,0,1,0
3911,0,1,0
3912,0,1,0
3913,0,1,0
3914,0,1,0
3915,1,2,1
3916,0,1,0
3917,0,1,0
3918,1,2,1
3919,0,1,0
3920,1,2,1
3921,0,1,0
3922,1,2,1
3923,1,2,1
3924,0,1,0
3925,0,1,0
3926,0,1,0
3927,1,2,1
3928,3,4,3
3929,0,1,0
3930,0,1,0
3931,0,1,0
3932,0,1,0
3933,0,1,0
3934,0,1,0
3935,0,1,0
3936,1,2,1
3937,1,2,1
3938,0,1,0
3939,1,2,1
3940,0,1,0
3941,0,1,0
3942,0,1,0
3943,0,1,0
3944,0,1,0
3945,0,1,0
3946,0,1,0
3947,1,2,1
3948,0,1,0
3949,0,1,0
3950,4,2,1
3951,0,1,0
3952,0,1,0
3953,1,2,1
3954,0,1,0
3955,0,1,0
3956,1,2,1
3957,0,1,0
3958,0,1,0
3959,1,2,1
3960,0,1,0
3961,0,1,0
3962,0,1,0
3963,0,1,0
3964,0,1,0
3965,0,1,0
3966,0,1,0
3967,0,1,0
3968,0,1,0
3969,0,1,0
3970,0,1,0
3971,1,2,1
3972,0,1,0
3973,0,1,0
3974,0,1,0
3975,0,1,0
3976,0,1,0
3977,0,1,0
3978,0,1,0
3979,1,2,1
3980,0,1,0
3981,0,1,0
3982,1,2,1
3983,3,4,3
3984,1,2,1
3985,1,2,1
3986,1,2,1
3987,0,1,0
3988,3,4,3
3989,1,2,1
3990,0,1,0
3991,1,2,1
3992,0,1,0
3993,0,1,0
3994,1,2,1
3995,1,2,1
3996,4,2,1
3997,0,2,1
3998,0,1,0
3999,0,1,0
4000,0,1,0
4001,0,1,0
4002,0,1,0
4003,1,2,1
4004,0,1,0
4005,0,1,0
4006,0,1,0
4007,1,2,1
4008,1,2,1
4009,0,1,0
4010,0,1,0
4011,0,1,0
4012,0,1,0
4013,0,1,0
4014,0,1,0
4015,0,1,0
4016,1,2,1
4017,0,1,0
4018,0,1,0
4019,0,1,0
4020,0,1,0
4021,0,1,0
4022,0,2,1
4023,0,1,0
4024,0,1,0
4025,0,1,0
4026,0,1,0
4027,0,1,0
4028,0,1,0
4029,1,2,1
4030,1,2,1
4031,0,1,0
4032,0,1,0
4033,0,1,0
4034,1,2,1
4035,1,2,1
4036,0,1,0
4037,0,1,0
4038,0,2,1
4039,0,1,0
4040,1,2,1
4041,3,4,3
4042,0,1,0
4043,1,2,1
4044,0,2,1
4045,0,1,0
4046,0,1,0
4047,0,1,0
4048,0,1,0
4049,0,1,0
4050,1,2,1
4051,0,1,0
4052,1,2,1
4053,0,1,0
4054,0,1,0
4055,0,1,0
4056,0,1,0
4057,0,1,0
4058,0,1,0
4059,0,1,0
4060,0,1,0
4061,0,1,0
4062,2,0,2
4063,0,1,0
4064,1,2,1
4065,0,1,0
4066,1,2,1
4067,0,1,0
4068,0,1,0
4069,3,3,4
4070,0,1,0
4071,0,1,0
4072,0,1,0
4073,0,1,0
4074,0,1,0
4075,0,1,0
4076,0,1,0
4077,0,1,0
4078,1,2,1
4079,0,1,0
4080,3,4,3
4081,1,2,1
4082,0,1,0
4083,0,1,0
4084,0,1,0
4085,0,1,0
4086,0,1,0
4087,0,1,0
4088,0,1,0
4089,0,1,0
4090,0,1,0
4091,0,1,0
4092,0,1,0
4093,3,4,3
4094,1,2,1
4095,4,2,1
4096,0,1,0
4097,0,1,0
4098,0,1,0
4099,0,1,0
4100,0,1,0
4101,0,1,0
4102,1,2,1
4103,0,1,0
4104,1,2,1
4105,1,2,1
4106,0,1,0
4107,0,1,0
4108,0,1,0
4109,1,2,1
4110,0,1,0
4111,1,2,1
4112,0,1,0
4113,0,1,0
4114,1,2,1
4115,0,1,0
4116,0,2,1
4117,0,1,0
4118,1,2,1
4119,1,2,1
4120,3,3,4
4121,0,1,0
4122,1,2,1
4123,0,1,0
4124,0,1,0
4125,1,2,1
4126,0,1,0
4127,0,1,0
4128,0,1,0
4129,0,1,0
4130,1,2,1
4131,0,1,0
4132,0,1,0
4133,0,1,0
4134,3,3,4
4135,0,1,0
4136,1,2,1
4137,0,1,0
4138,0,1,0
4139,0,1,0
4140,0,1,0
4141,0,1,0
4142,0,1,0
4143,0,1,0
4144,0,1,0
4145,1,2,1
4146,1,2,1
4147,0,1,0
4148,0,1,0
4149,1,2,1
4150,0,1,0
4151,1,2,1
4152,0,1,0
4153,0,1,0
4154,0,1,0
4155,0,1,0
4156,0,1,0
4157,1,2,1
4158,0,1,0
4159,0,1,0
4160,0,1,0
4161,3,4,3
4162,0,1,0
4163,0,1,0
4164,0,1,0
4165,0,1,0
4166,0,1,0
4167,0,1,0
4168,0,1,0
4169,0,1,0
4170,0,1,0
4171,0,1,0
4172,0,1,0
4173,0,1,0
4174,0,1,0
4175,3,1,0
4176,0,1,0
4177,0,1,0
4178,0,1,0
4179,4,2,1
4180,0,1,0
4181,0,1,0
4182,1,2,1
4183,0,1,0
4184,0,1,0
4185,0,1,0
4186,1,2,1
4187,4,2,1
4188,0,1,0
4189,0,1,0
4190,0,1,0
4191,0,1,0
4192,1,2,1
4193,0,1,0
4194,0,1,0
4195,1,2,1
4196,0,1,0
4197,0,1,0
4198,3,4,3
4199,1,2,1
4200,1,2,1
4201,0,1,0
4202,0,1,0
4203,1,2,1
4204,0,1,0
4205,0,1,0
4206,0,1,0
4207,0,1,0
4208,0,1,0
4209,0,1,0
4210,1,2,1
4211,0,1,0
4212,1,2,1
4213,0,1,0
4214,0,1,0
4215,0,1,0
4216,0,1,0
4217,0,1,0
4218,4,2,1
4219,0,1,0
4220,0,1,0
4221,1,2,1
4222,0,1,0
4223,0,1,0
4224,1,2,1
4225,1,2,1
4226,0,1,0
4227,1,2,1
4228,3,3,4
4229,0,1,0
4230,0,1,0
4231,0,1,0
4232,3,4,3
4233,0,1,0
4234,0,1,0
4235,0,1,0
4236,0,1,0
4237,0,1,0
4238,0,1,0
4239,1,2,1
4240,1,2,1
4241,1,2,1
4242,0,1,0
4243,0,2,1
4244,0,1,0
4245,3,3,4
4246,0,1,0
4247,1,2,1
4248,0,1,0
4249,0,1,0
4250,0,1,0
4251,1,2,1
4252,0,1,0
4253,3,4,3
4254,1,2,1
4255,0,1,0
4256,0,1,0
4257,3,4,3
4258,1,2,1
4259,1,2,1
4260,0,1,0
4261,2,0,2
4262,0,1,0
4263,0,1,0
4264,4,2,1
4265,1,2,1
4266,0,1,0
4267,0,2,1
4268,0,1,0
4269,0,1,0
4270,0,1,0
4271,0,1,0
4272,0,1,0
4273,1,2,1
4274,0,1,0
4275,0,1,0
4276,0,1,0
4277,0,1,0
4278,0,1,0
4279,0,1,0
4280,0,1,0
4281,1,2,1
4282,0,1,0
4283,0,1,0
4284,0,1,0
4285,0,1,0
4286,0,1,0
4287,3,3,4
4288,0,1,0
4289,0,1,0
4290,0,1,0
4291,0,1,0
4292,0,1,0
4293,1,2,1
4294,0,1,0
4295,0,2,1
4296,0,1,0
4297,4,2,1
4298,0,1,0
4299,1,2,1
4300,4,2,1
4301,0,1,0
4302,1,2,1
4303,0,1,0
4304,0,1,0
4305,0,1,0
4306,0,1,0
4307,0,1,0
4308,0,1,0
4309,0,1,0
4310,0,1,0
4311,0,1,0
4312,0,1,0
4313,0,1,0
4314,3,4,3
4315,1,2,1
4316,0,1,0
4317,0,1,0
4318,1,2,1
4319,1,2,1
4320,0,1,0
4321,0,1,0
4322,1,2,1
4323,0,1,0
4324,4,2,1
4325,1,2,1
4326,1,2,1
4327,0,1,0
4328,0,1,0
4329,0,1,0
4330,0,1,0
4331,4,2,1
4332,0,1,0
4333,0,1,0
4334,0,1,0
4335,0,1,0
4336,4,2,1
4337,1,2,1
4338,0,1,0
4339,0,1,0
4340,0,1,0
4341,0,1,0
4342,0,1,0
4343,0,1,0
4344,0,1,0
4345,3,4,3
4346,1,2,1
4347,0,1,0
4348,1,2,1
4349,0,1,0
4350,0,1,0
4351,0,1,0
4352,0,1,0
4353,0,1,0
4354,0,1,0
4355,0,1,0
4356,3,3,4
4357,0,1,0
4358,0,1,0
4359,0,1,0
4360,0,1,0
4361,4,2,1
4362,0,1,0
4363,0,1,0
4364,0,1,0
4365,0,1,0
4366,0,1,0
4367,0,1,0
4368,1,2,1
4369,1,2,1
4370,0,1,0
4371,0,1,0
4372,3,4,3
4373,0,1,0
4374,1,2,1
4375,0,1,0
4376,4,2,1
4377,0,1,0
4378,0,1,0
4379,4,2,1
4380,0,1,0
4381,0,1,0
4382,0,1,0
4383,0,1,0
4384,0,1,0
4385,0,1,0
4386,0,1,0
4387,0,1,0
4388,1,2,1
4389,0,1,0
4390,0,1,0
4391,3,4,3
4392,0,1,0
4393,0,1,0
4394,1,2,1
4395,0,1,0
4396,0,1,0
4397,1,2,1
4398,0,1,0
4399,0,1,0
4400,0,1,0
4401,0,1,0
4402,0,2,1
4403,0,1,0
4404,0,1,0
4405,0,1,0
4406,0,1,0
4407,0,1,0
4408,0,1,0
4409,0,1,0
4410,0,1,0
4411,0,1,0
4412,0,1,0
4413,0,1,0
4414,0,1,0
4415,0,1,0
4416,0,1,0
4417,0,2,1
4418,0,1,0
4419,0,1,0
4420,2,0,2
4421,0,1,0
4422,0,1,0
4423,0,1,0
4424,1,2,1
4425,0,1,0
4426,0,1,0
4427,0,1,0
4428,0,1,0
4429,0,2,1
4430,0,1,0
4431,0,1,0
4432,0,1,0
4433,0,1,0
4434,1,2,1
4435,0,1,0
4436,0,1,0
4437,1,2,1
4438,0,1,0
4439,0,1,0
4440,0,1,0
4441,0,1,0
4442,0,1,0
4443,0,1,0
4444,0,1,0
4445,1,2,1
4446,0,1,0
4447,0,2,1
4448,0,1,0
4449,0,2,1
4450,0,1,0
4451,0,1,0
4452,1,2,1
4453,0,1,0
4454,0,1,0
4455,0,1,0
4456,0,1,0
4457,0,1,0
4458,0,2,1
4459,1,2,1
4460,0,1,0
4461,0,1,0
4462,0,1,0
4463,0,1,0
4464,1,2,1
4465,0,2,1
4466,0,1,0
4467,1,2,1
4468,0,1,0
4469,4,2,1
4470,0,1,0
4471,0,1,0
4472,1,2,1
4473,0,1,0
4474,0,1,0
4475,0,1,0
4476,0,1,0
4477,0,1,0
4478,0,1,0
4479,0,1,0
4480,0,1,0
4481,0,1,0
4482,0,1,0
4483,1,2,1
4484,1,2,1
4485,0,1,0
4486,0,1,0
4487,4,2,1
4488,1,2,1
4489,0,1,0
4490,1,2,1
4491,0,1,0
4492,1,2,1
4493,0,1,0
4494,0,1,0
4495,0,1,0
4496,1,2,1
4497,0,1,0
4498,0,1,0
4499,0,1,0
4500,0,1,0
4501,1,2,1
4502,3,4,3
4503,0,1,0
4504,3,4,3
4505,0,1,0
4506,0,1,0
4507,1,2,1
4508,0,1,0
4509,0,1,0
4510,0,1,0
4511,0,1,0
4512,0,1,0
4513,0,1,0
4514,0,1,0
4515,1,2,1
4516,0,1,0
4517,0,1,0
4518,0,1,0
4519,1,2,1
4520,0,1,0
4521,0,1,0
4522,0,1,0
4523,0,1,0
4524,0,1,0
4525,0,1,0
4526,0,1,0
4527,0,1,0
4528,0,2,1
4529,0,1,0
4530,0,1,0
4531,1,2,1
4532,1,2,1
4533,0,1,0
4534,0,1,0
4535,0,1,0
4536,1,2,1
4537,0,1,0
4538,1,2,1
4539,1,2,1
4540,0,1,0
4541,0,1,0
4542,0,1,0
4543,1,2,1
4544,0,1,0
4545,0,1,0
4546,0,1,0
4547,0,1,0
4548,3,4,3
4549,0,1,0
4550,0,1,0
4551,0,1,0
4552,1,2,1
4553,0,1,0
4554,0,1,0
4555,0,1,0
4556,0,1,0
4557,3,4,3
4558,0,1,0
4559,0,1,0
4560,0,1,0
4561,0,1,0
4562,1,2,1
4563,0,1,0
4564,0,1,0
4565,0,1,0
4566,0,1,0
4567,0,1,0
4568,1,2,1
4569,3,3,4
4570,0,1,0
4571,1,2,1
4572,0,1,0
4573,0,1,0
4574,0,1,0
4575,1,2,1
4576,0,1,0
4577,0,1,0
4578,3,4,3
4579,1,2,1
4580,0,1,0
4581,0,1,0
4582,0,1,0
4583,0,1,0
4584,0,1,0
4585,0,1,0
4586,1,2,1
4587,4,2,1
4588,0,1,0
4589,0,1,0
4590,0,1,0
4591,0,1,0
4592,0,1,0
4593,0,1,0
4594,3,4,3
4595,4,2,1
4596,0,1,0
4597,1,2,1
4598,0,1,0
4599,1,2,1
4600,1,2,1
4601,0,1,0
4602,0,1,0
4603,0,1,0
4604,3,4,3
4605,0,1,0
4606,0,1,0
4607,0,1,0
4608,0,1,0
4609,0,1,0
4610,1,2,1
4611,0,1,0
4612,0,1,0
4613,3,4,3
4614,1,2,1
4615,1,2,1
4616,0,1,0
4617,0,1,0
4618,0,1,0
4619,0,1,0
4620,0,1,0
4621,0,1,0
4622,1,2,1
4623,0,1,0
4624,0,1,0
4625,0,1,0
4626,1,2,1
4627,0,1,0
4628,0,1,0
4629,0,1,0
4630,0,1,0
4631,0,1,0
4632,0,1,0
4633,0,2,1
4634,0,1,0
4635,1,2,1
4636,0,1,0
4637,0,1,0
4638,0,1,0
4639,0,1,0
4640,1,2,1
4641,0,1,0
4642,0,1,0
4643,3,4,3
4644,1,2,1
4645,0,1,0
4646,3,4,3
4647,0,1,0
4648,3,4,3
4649,0,1,0
4650,0,1,0
4651,1,2,1
4652,3,1,0
4653,4,2,1
4654,0,1,0
4655,0,1,0
4656,0,1,0
4657,0,1,0
4658,4,2,1
4659,0,1,0
4660,0,1,0
4661,0,1,0
4662,0,1,0
4663,0,1,0
4664,1,2,1
4665,4,2,1
4666,0,1,0
4667,1,2,1
4668,0,1,0
4669,1,2,1
4670,0,1,0
4671,1,2,1
4672,1,2,1
4673,0,1,0
4674,0,1,0
4675,0,1,0
4676,0,1,0
4677,0,1,0
4678,0,1,0
4679,0,1,0
4680,0,1,0
4681,0,1,0
4682,0,1,0
4683,0,1,0
4684,0,1,0
4685,0,1,0
4686,0,1,0
4687,0,1,0
4688,0,1,0
4689,0,2,1
4690,0,1,0
4691,0,1,0
4692,4,2,1
4693,0,1,0
4694,0,1,0
4695,0,2,1
4696,0,1,0
4697,0,2,1
4698,1,2,1
4699,0,1,0
4700,1,2,1
4701,4,2,1
4702,1,2,1
4703,1,2,1
4704,1,2,1
4705,0,1,0
4706,1,2,1
4707,0,1,0
4708,0,1,0
4709,1,2,1
4710,4,2,1
4711,1,2,1
4712,0,1,0
4713,0,1,0
4714,1,2,1
4715,1,2,1
4716,0,1,0
4717,0,1,0
4718,0,1,0
4719,4,2,1
4720,0,1,0
4721,4,2,1
4722,0,1,0
4723,0,1,0
4724,0,1,0
4725,0,1,0
4726,0,1,0
4727,4,2,1
4728,0,1,0
4729,0,1,0
4730,0,1,0
4731,1,2,1
4732,0,1,0
4733,1,2,1
4734,3,4,3
4735,1,2,1
4736,0,1,0
4737,0,1,0
4738,1,2,1
4739,1,2,1
4740,0,1,0
4741,0,1,0
4742,0,1,0
4743,0,1,0
4744,1,2,1
4745,0,1,0
4746,0,1,0
4747,0,1,0
4748,3,4,3
4749,1,2,1
4750,0,1,0
4751,1,2,1
4752,0,1,0
4753,1,2,1
4754,0,1,0
4755,0,1,0
4756,1,2,1
4757,0,1,0
4758,1,2,1
4759,0,1,0
4760,0,1,0
4761,0,1,0
4762,0,1,0
4763,1,2,1
4764,0,1,0
4765,0,1,0
4766,1,2,1
4767,0,1,0
4768,1,2,1
4769,0,1,0
4770,0,1,0
4771,0,1,0
4772,0,1,0
4773,1,2,1
4774,1,2,1
4775,0,1,0
4776,1,2,1
4777,3,4,3
4778,0,1,0
4779,1,2,1
4780,0,1,0
4781,1,2,1
4782,1,2,1
4783,1,2,1
4784,0,1,0
4785,0,1,0
4786,0,1,0
4787,0,1,0
4788,0,1,0
4789,0,1,0
4790,0,1,0
4791,0,1,0
4792,1,2,1
4793,0,2,1
4794,0,1,0
4795,1,2,1
4796,0,1,0
4797,0,1,0
4798,3,4,3
4799,3,1,0
4800,1,2,1
4801,0,1,0
4802,0,1,0
4803,0,1,0
4804,0,1,0
4805,0,1,0
4806,0,1,0
4807,0,2,1
4808,0,1,0
4809,3,3,4
4810,0,1,0
4811,0,1,0
4812,0,1,0
4813,0,1,0
4814,0,1,0
4815,0,1,0
4816,1,2,1
4817,0,1,0
4818,0,1,0
4819,0,1,0
4820,0,1,0
4821,0,1,0
4822,0,1,0
4823,4,2,1
4824,0,1,0
4825,0,1,0
4826,0,1,0
4827,0,1,0
4828,0,1,0
4829,0,1,0
4830,0,1,0
4831,0,1,0
4832,0,1,0
4833,4,2,1
4834,3,4,3
4835,0,1,0
4836,0,1,0
4837,1,2,1
4838,0,1,0
4839,0,1,0
4840,1,2,1
4841,0,1,0
4842,3,4,3
4843,0,1,0
4844,0,1,0
4845,1,2,1
4846,1,2,1
4847,0,1,0
4848,0,1,0
4849,0,1,0
4850,0,1,0
4851,0,1,0
4852,1,2,1
4853,1,2,1
4854,0,2,1
4855,0,1,0
4856,0,1,0
4857,0,1,0
4858,0,1,0
4859,1,2,1
4860,0,1,0
4861,3,1,0
4862,0,1,0
4863,0,1,0
4864,1,2,1
4865,0,1,0
4866,0,1,0
4867,0,1,0
4868,1,2,1
4869,0,1,0
4870,0,1,0
4871,1,2,1
4872,0,1,0
4873,0,1,0
4874,0,1,0
4875,0,1,0
4876,0,1,0
4877,0,1,0
4878,0,1,0
4879,0,1,0
4880,0,1,0
4881,1,2,1
4882,0,1,0
4883,0,1,0
4884,1,2,1
4885,0,1,0
4886,1,2,1
4887,1,2,1
4888,0,1,0
4889,1,2,1
4890,0,1,0
4891,0,1,0
4892,0,1,0
4893,1,2,1
4894,0,1,0
4895,0,1,0
4896,1,2,1
4897,0,1,0
4898,1,2,1
4899,0,1,0
4900,0,1,0
4901,0,1,0
4902,0,1,0
4903,0,1,0
4904,0,1,0
4905,1,2,1
4906,3,4,3
4907,0,1,0
4908,0,1,0
4909,0,1,0
4910,0,1,0
4911,0,1,0
4912,0,1,0
4913,0,1,0
4914,0,1,0
4915,0,1,0
4916,0,1,0
4917,0,1,0
4918,0,2,1
4919,0,1,0
4920,0,1,0
4921,4,2,1
4922,0,1,0
4923,0,1,0
4924,0,1,0
4925,0,1,0
4926,0,1,0
4927,0,1,0
4928,3,4,3
4929,0,1,0
4930,0,1,0
4931,1,2,1
4932,0,1,0
4933,0,1,0
4934,1,2,1
4935,1,2,1
4936,0,1,0
4937,0,1,0
4938,0,1,0
4939,0,1,0
4940,0,1,0
4941,0,1,0
4942,1,2,1
4943,0,1,0
4944,0,1,0
4945,0,1,0
4946,1,2,1
4947,0,1,0
4948,0,1,0
4949,1,2,1
4950,0,1,0
4951,0,1,0
4952,0,1,0
4953,0,1,0
4954,0,1,0
4955,1,2,1
4956,0,1,0
4957,1,2,1
4958,0,1,0
4959,1,2,1
4960,3,4,3
4961,0,1,0
4962,0,1,0
4963,1,2,1
4964,0,1,0
4965,0,1,0
4966,0,1,0
4967,0,1,0
4968,0,1,0
4969,0,1,0
4970,0,1,0
4971,0,1,0
4972,1,2,1
4973,0,1,0
4974,0,1,0
4975,1,2,1
4976,0,1,0
4977,0,1,0
4978,0,1,0
4979,1,2,1
4980,0,1,0
4981,0,1,0
4982,0,1,0
4983,0,1,0
4984,0,1,0
4985,0,1,0
4986,0,1,0
4987,1,2,1
4988,0,1,0
4989,0,1,0
4990,0,1,0
4991,0,1,0
4992,0,1,0
4993,1,2,1
4994,0,1,0
4995,0,1,0
4996,1,2,1
4997,0,1,0
4998,0,1,0
4999,0,1,0
5000,0,2,1
5001,0,1,0
5002,0,1,0
5003,0,1,0
5004,0,1,0
5005,0,1,0
5006,0,1,0
5007,0,1,0
5008,0,1,0
5009,0,1,0
5010,1,2,1
5011,0,1,0
5012,0,1,0
5013,0,1,0
5014,0,2,1
5015,0,1,0
5016,0,1,0
5017,0,1,0
5018,1,2,1
5019,0,1,0
5020,0,1,0
5021,0,1,0
5022,1,2,1
5023,0,1,0
5024,0,1,0
5025,0,1,0
5026,0,1,0
5027,0,1,0
5028,0,1,0
5029,0,1,0
5030,0,1,0
5031,0,1,0
5032,0,1,0
5033,0,1,0
5034,0,1,0
5035,0,1,0
5036,1,2,1
5037,0,1,0
5038,0,1,0
5039,0,1,0
5040,0,1,0
5041,0,2,1
5042,0,1,0
5043,0,1,0
5044,0,1,0
5045,0,1,0
5046,1,2,1
5047,1,2,1
5048,1,2,1
5049,0,1,0
5050,0,1,0
5051,0,1,0
5052,1,2,1
5053,3,4,3
5054,0,1,0
5055,0,1,0
5056,0,1,0
5057,0,1,0
5058,1,2,1
5059,0,1,0
5060,1,2,1
5061,0,1,0
5062,0,1,0
5063,0,1,0
5064,1,2,1
5065,1,2,1
5066,0,1,0
5067,0,1,0
5068,1,2,1
5069,1,2,1
5070,0,1,0
5071,0,1,0
5072,1,2,1
5073,0,1,0
5074,0,1,0
5075,4,2,1
5076,0,1,0
5077,0,1,0
5078,1,2,1
5079,0,1,0
5080,0,1,0
5081,0,1,0
5082,0,1,0
5083,1,2,1
5084,0,1,0
5085,0,1,0
5086,3,4,3
5087,0,1,0
5088,0,1,0
5089,0,1,0
5090,0,1,0
5091,1,2,1
5092,0,1,0
5093,0,1,0
5094,1,2,1
5095,0,1,0
5096,0,1,0
5097,0,1,0
5098,0,1,0
5099,0,1,0
5100,0,1,0
5101,0,1,0
5102,0,1,0
5103,0,1,0
5104,0,1,0
5105,1,2,1
5106,0,1,0
5107,0,1,0
5108,0,1,0
5109,1,2,1
5110,0,1,0
5111,1,2,1
5112,0,1,0
5113,0,1,0
5114,0,1,0
5115,0,1,0
5116,1,2,1
5117,0,1,0
5118,0,1,0
5119,0,1,0
5120,0,1,0
5121,0,1,0
5122,1,2,1
5123,0,1,0
5124,0,1,0
5125,1,2,1
5126,0,1,0
5127,1,2,1
5128,1,2,1
5129,0,2,1
5130,3,4,3
5131,1,2,1
5132,1,2,1
5133,0,1,0
5134,1,2,1
5135,3,4,3
5136,0,1,0
5137,0,1,0
5138,0,1,0
5139,1,2,1
5140,0,1,0
5141,0,1,0
5142,0,1,0
5143,0,1,0
5144,0,1,0
5145,0,1,0
5146,1,2,1
5147,0,1,0
5148,0,1,0
5149,3,3,4
5150,0,1,0
5151,1,2,1
5152,0,1,0
5153,1,2,1
5154,1,2,1
5155,0,1,0
5156,1,2,1
5157,1,2,1
5158,0,1,0
5159,0,1,0
5160,0,1,0
5161,0,1,0
5162,0,1,0
5163,0,1,0
5164,0,1,0
5165,0,2,1
5166,0,1,0
5167,0,1,0
5168,0,1,0
5169,0,1,0
5170,0,1,0
5171,0,1,0
5172,0,1,0
5173,0,1,0
5174,0,1,0
5175,0,1,0
5176,0,1,0
5177,0,1,0
5178,0,1,0
5179,0,1,0
5180,0,1,0
5181,0,1,0
5182,0,1,0
5183,0,1,0
5184,0,1,0
5185,0,1,0
5186,0,1,0
5187,0,1,0
5188,1,2,1
5189,0,1,0
5190,0,1,0
5191,1,2,1
5192,0,1,0
5193,1,2,1
5194,0,1,0
5195,0,1,0
5196,0,1,0
5197,4,2,1
5198,0,1,0
5199,1,2,1
5200,0,1,0
5201,0,1,0
5202,1,2,1
5203,0,1,0
5204,3,4,3
5205,0,1,0
5206,0,1,0
5207,0,1,0
5208,1,2,1
5209,0,1,0
5210,0,1,0
5211,0,1,0
5212,1,2,1
5213,4,2,1
5214,0,1,0
5215,0,1,0
5216,0,1,0
5217,0,1,0
5218,3,3,4
5219,0,1,0
5220,0,1,0
5221,0,1,0
5222,1,2,1
5223,0,1,0
5224,0,1,0
5225,0,1,0
5226,3,3,4
5227,0,1,0
5228,0,1,0
5229,1,2,1
5230,0,1,0
5231,0,1,0
5232,3,3,4
5233,0,1,0
5234,0,1,0
5235,0,1,0
5236,0,1,0
5237,0,1,0
5238,0,1,0
5239,0,1,0
5240,2,0,2
5241,0,1,0
5242,0,2,1
5243,1,2,1
5244,1,2,1
5245,0,1,0
5246,0,1,0
5247,0,1,0
5248,1,2,1
5249,4,2,1
5250,0,1,0
5251,0,1,0
5252,0,1,0
5253,0,1,0
5254,0,1,0
5255,0,1,0
5256,0,1,0
5257,0,1,0
5258,0,1,0
5259,0,1,0
5260,0,1,0
5261,0,1,0
5262,0,1,0
5263,0,1,0
5264,1,2,1
5265,0,1,0
5266,0,1,0
5267,0,1,0
5268,0,1,0
5269,0,1,0
5270,1,2,1
5271,1,2,1
5272,3,1,0
5273,1,2,1
5274,0,1,0
5275,1,2,1
5276,1,2,1
5277,1,2,1
5278,0,1,0
5279,1,2,1
5280,0,1,0
5281,3,4,3
5282,3,4,3
5283,0,1,0
5284,0,1,0
5285,3,3,4
5286,0,1,0
5287,3,2,1
5288,0,1,0
5289,2,0,2
5290,0,1,0
5291,1,2,1
5292,0,1,0
5293,1,2,1
5294,1,2,1
5295,1,2,1
5296,0,1,0
5297,0,1,0
5298,0,1,0
5299,4,2,1
5300,0,1,0
5301,3,4,3
5302,0,2,1
5303,1,2,1
5304,1,2,1
5305,4,2,1
5306,0,1,0
5307,0,1,0
5308,1,2,1
5309,0,1,0
5310,0,1,0
5311,0,1,0
5312,0,1,0
5313,4,2,1
5314,0,1,0
5315,1,2,1
5316,1,2,1
5317,3,4,3
5318,1,2,1
5319,0,1,0
5320,0,1,0
5321,0,1,0
5322,0,1,0
5323,0,1,0
5324,3,4,3
5325,0,1,0
5326,0,1,0
5327,0,1,0
5328,1,2,1
5329,1,2,1
5330,0,1,0
5331,0,1,0
5332,0,2,1
5333,0,1,0
5334,0,1,0
5335,0,1,0
5336,0,1,0
5337,0,1,0
5338,0,1,0
5339,1,2,1
5340,0,1,0
5341,0,1,0
5342,0,1,0
5343,1,2,1
5344,0,1,0
5345,0,1,0
5346,0,1,0
5347,1,2,1
5348,0,1,0
5349,3,4,3
5350,0,1,0
5351,0,1,0
5352,0,1,0
5353,0,1,0
5354,1,2,1
5355,0,1,0
5356,0,1,0
5357,0,1,0
5358,0,1,0
5359,0,1,0
5360,3,4,3
5361,0,1,0
5362,0,1,0
5363,1,2,1
5364,4,2,1
5365,0,1,0
5366,0,1,0
5367,0,1,0
5368,0,1,0
5369,0,1,0
5370,0,1,0
5371,4,2,1
5372,0,2,1
5373,0,1,0
5374,0,1,0
5375,0,1,0
5376,1,2,1
5377,4,2,1
5378,0,1,0
5379,0,1,0
5380,0,1,0
5381,0,1,0
5382,0,1,0
5383,0,1,0
5384,0,1,0
5385,0,1,0
5386,1,2,1
5387,1,2,1
5388,1,2,1
5389,1,2,1
5390,0,1,0
5391,1,2,1
5392,1,2,1
5393,0,1,0
5394,0,1,0
5395,0,1,0
5396,1,2,1
5397,0,1,0
5398,0,1,0
5399,0,1,0
5400,0,1,0
5401,0,1,0
5402,1,2,1
5403,3,3,4
5404,0,1,0
5405,2,0,2
5406,0,1,0
5407,1,2,1
5408,0,1,0
5409,0,1,0
5410,1,2,1
5411,0,1,0
5412,1,2,1
5413,0,1,0
5414,1,2,1
5415,0,1,0
5416,1,2,1
5417,0,1,0
5418,0,1,0
5419,1,2,1
5420,0,1,0
5421,1,2,1
5422,3,4,3
5423,0,1,0
5424,0,1,0
5425,1,2,1
5426,0,1,0
5427,0,1,0
5428,1,2,1
5429,0,1,0
5430,0,1,0
5431,0,1,0
5432,0,1,0
5433,0,1,0
5434,4,2,1
5435,0,1,0
5436,0,1,0
5437,0,1,0
5438,0,1,0
5439,0,1,0
5440,1,2,1
5441,0,1,0
5442,1,2,1
5443,0,1,0
5444,1,2,1
5445,4,2,1
5446,0,1,0
5447,0,1,0
5448,0,1,0
5449,1,2,1
5450,1,2,1
5451,0,1,0
5452,1,2,1
5453,1,2,1
5454,1,2,1
5455,1,2,1
5456,0,1,0
5457,0,1,0
5458,0,1,0
5459,0,1,0
5460,1,2,1
5461,4,2,1
5462,0,1,0
5463,0,1,0
5464,0,1,0
5465,0,1,0
5466,0,1,0
5467,0,1,0
5468,1,2,1
5469,0,1,0
5470,1,2,1
5471,0,1,0
5472,1,4,3
5473,0,2,1
5474,0,1,0
5475,0,1,0
5476,0,1,0
5477,0,2,1
5478,0,1,0
5479,1,2,1
5480,1,2,1
5481,0,1,0
5482,0,1,0
5483,0,1,0
5484,0,1,0
5485,0,1,0
5486,0,1,0
5487,1,2,1
5488,0,1,0
5489,0,1,0
5490,1,2,1
5491,1,2,1
5492,0,1,0
5493,1,2,1
5494,0,1,0
5495,0,1,0
5496,0,1,0
5497,0,1,0
5498,1,2,1
5499,0,2,1
5500,1,2,1
5501,0,1,0
5502,0,1,0
5503,0,1,0
5504,0,1,0
5505,0,1,0
5506,1,2,1
5507,0,1,0
5508,0,1,0
5509,0,1,0
5510,0,1,0
5511,1,2,1
5512,1,2,1
5513,0,1,0
5514,0,1,0
5515,0,1,0
5516,0,1,0
5517,0,1,0
5518,0,1,0
5519,0,1,0
5520,0,1,0
5521,1,2,1
5522,1,2,1
5523,0,1,0
5524,0,1,0
5525,0,1,0
5526,1,2,1
5527,4,2,1
5528,0,1,0
5529,1,2,1
5530,0,1,0
5531,0,1,0
5532,0,1,0
5533,0,1,0
5534,0,1,0
5535,0,1,0
5536,0,1,0
5537,0,1,0
5538,0,1,0
5539,4,2,1
5540,0,1,0
5541,1,2,1
5542,0,1,0
5543,0,1,0
5544,0,1,0
5545,1,2,1
5546,0,1,0
5547,3,4,3
5548,0,1,0
5549,0,1,0
5550,0,1,0
5551,0,1,0
5552,0,1,0
5553,0,1,0
5554,0,1,0
5555,1,2,1
5556,3,4,3
5557,0,1,0
5558,0,1,0
5559,0,1,0
5560,0,1,0
5561,0,1,0
5562,0,1,0
5563,1,2,1
5564,1,2,1
5565,0,1,0
5566,0,1,0
5567,0,1,0
5568,1,2,1
5569,0,1,0
5570,0,1,0
5571,0,1,0
5572,0,1,0
5573,0,1,0
5574,0,1,0
5575,0,1,0
5576,1,2,1
5577,0,1,0
5578,0,1,0
5579,4,2,1
5580,0,1,0
5581,0,3,4
5582,0,1,0
5583,0,1,0
5584,0,1,0
5585,0,1,0
5586,0,1,0
5587,0,2,1
5588,0,1,0
5589,0,1,0
5590,0,1,0
5591,1,2,1
5592,0,1,0
5593,0,1,0
5594,0,1,0
5595,0,1,0
5596,0,1,0
5597,0,1,0
5598,0,1,0
5599,1,2,1
5600,0,1,0
5601,0,1,0
5602,0,1,0
5603,0,1,0
5604,0,1,0
5605,1,2,1
5606,0,1,0
5607,1,2,1
5608,0,1,0
5609,3,4,3
5610,1,2,1
5611,1,2,1
5612,0,1,0
5613,0,1,0
5614,0,1,0
5615,0,1,0
5616,0,1,0
5617,0,1,0
5618,3,4,3
5619,1,2,1
5620,1,2,1
5621,0,1,0
5622,0,1,0
5623,0,2,1
5624,0,2,1
5625,0,1,0
5626,0,1,0
5627,1,2,1
5628,1,2,1
5629,0,1,0
5630,0,1,0
5631,0,1,0
5632,1,2,1
5633,0,1,0
5634,0,1,0
5635,0,1,0
5636,0,1,0
5637,0,1,0
5638,0,1,0
5639,0,1,0
5640,0,1,0
5641,0,1,0
5642,0,1,0
5643,0,1,0
5644,0,1,0
5645,0,1,0
5646,1,2,1
5647,0,2,1
5648,0,1,0
5649,0,1,0
5650,0,1,0
5651,0,1,0
5652,0,1,0
5653,0,1,0
5654,0,1,0
5655,0,1,0
5656,0,1,0
5657,0,1,0
5658,0,1,0
5659,0,1,0
5660,0,1,0
5661,0,1,0
5662,1,2,1
5663,0,1,0
5664,0,1,0
5665,0,1,0
5666,1,2,1
5667,1,2,1
5668,0,1,0
5669,1,2,1
5670,0,1,0
5671,0,1,0
5672,1,2,1
5673,0,1,0
5674,0,1,0
5675,2,0,2
5676,0,2,1
5677,1,2,1
5678,0,1,0
5679,0,1,0
5680,0,1,0
5681,0,1,0
5682,0,1,0
5683,0,1,0
5684,0,1,0
5685,1,2,1
5686,0,1,0
5687,3,4,3
5688,1,2,1
5689,0,1,0
5690,3,4,3
5691,1,2,1
5692,0,1,0
5693,0,1,0
5694,1,2,1
5695,0,1,0
5696,0,1,0
5697,1,2,1
5698,0,1,0
5699,0,1,0
5700,0,1,0
5701,0,1,0
5702,0,1,0
5703,0,1,0
5704,0,1,0
5705,0,1,0
5706,0,1,0
5707,3,2,1
5708,0,1,0
5709,0,1,0
5710,0,1,0
5711,0,1,0
5712,0,1,0
5713,0,1,0
5714,1,2,1
5715,0,1,0
5716,0,1,0
5717,0,1,0
5718,0,1,0
5719,1,2,1
5720,0,1,0
5721,0,1,0
5722,1,2,1
5723,0,1,0
5724,0,1,0
5725,0,1,0
5726,0,1,0
5727,0,1,0
5728,0,1,0
5729,0,1,0
5730,0,1,0
5731,0,1,0
5732,0,1,0
5733,0,2,1
5734,0,1,0
5735,1,2,1
5736,3,4,3
5737,0,1,0
5738,0,1,0
5739,0,1,0
5740,1,2,1
5741,0,1,0
5742,3,4,3
5743,0,1,0
5744,0,1,0
5745,1,2,1
5746,0,1,0
5747,0,1,0
5748,1,2,1
5749,0,1,0
5750,0,1,0
5751,0,1,0
5752,0,1,0
5753,0,1,0
5754,0,1,0
5755,0,1,0
5756,3,4,3
5757,0,1,0
5758,1,2,1
5759,0,1,0
5760,1,2,1
5761,0,1,0
5762,1,2,1
5763,1,2,1
5764,3,4,3
5765,1,2,1
5766,0,1,0
5767,1,2,1
5768,1,2,1
5769,3,4,3
5770,0,1,0
5771,0,1,0
5772,0,1,0
5773,0,1,0
5774,0,1,0
5775,0,1,0
5776,3,4,3
5777,4,2,1
5778,0,1,0
5779,0,1,0
5780,1,2,1
5781,0,1,0
5782,0,1,0
5783,1,2,1
5784,0,1,0
5785,4,2,1
5786,0,1,0
5787,1,2,1
5788,0,1,0
5789,0,1,0
5790,0,1,0
5791,0,1,0
5792,1,2,1
5793,0,1,0
5794,1,2,1
5795,0,1,0
5796,0,1,0
5797,0,1,0
5798,0,1,0
5799,0,1,0
5800,1,2,1
5801,0,1,0
5802,0,1,0
5803,0,1,0
5804,1,2,1
5805,0,1,0
5806,0,1,0
5807,4,2,1
5808,0,1,0
5809,1,2,1
5810,0,1,0
5811,0,1,0
5812,1,2,1
5813,1,2,1
5814,0,1,0
5815,0,1,0
5816,1,2,1
5817,0,1,0
5818,1,2,1
5819,0,2,1
5820,0,1,0
5821,0,2,1
5822,1,2,1
5823,3,4,3
5824,0,1,0
5825,0,1,0
5826,0,1,0
5827,0,1,0
5828,0,1,0
5829,1,2,1
5830,1,2,1
5831,3,4,3
5832,0,1,0
5833,0,1,0
5834,0,1,0
5835,0,1,0
5836,1,2,1
5837,0,1,0
5838,0,1,0
5839,0,1,0
5840,4,2,1
5841,1,2,1
5842,4,2,1
5843,0,1,0
5844,0,1,0
5845,0,1,0
5846,0,1,0
5847,0,1,0
5848,0,1,0
5849,0,1,0
5850,0,1,0
5851,0,1,0
5852,0,1,0
5853,0,1,0
5854,0,1,0
5855,0,1,0
5856,0,1,0
5857,0,1,0
5858,0,1,0
5859,1,2,1
5860,0,1,0
5861,1,2,1
5862,0,1,0
5863,1,2,1
5864,0,1,0
5865,0,1,0
5866,0,1,0
5867,0,1,0
5868,0,1,0
5869,0,1,0
5870,1,2,1
5871,0,1,0
5872,0,1,0
5873,0,1,0
5874,0,1,0
5875,0,1,0
5876,0,1,0
5877,0,1,0
5878,0,1,0
5879,0,1,0
5880,1,2,1
5881,1,2,1
5882,0,1,0
5883,0,1,0
5884,0,1,0
5885,0,1,0
5886,0,1,0
5887,0,1,0
5888,0,1,0
5889,0,1,0
5890,0,1,0
5891,1,2,1
5892,0,1,0
5893,0,1,0
5894,0,1,0
5895,1,2,1
5896,0,1,0
5897,1,2,1
5898,0,1,0
5899,0,1,0
5900,0,1,0
5901,0,1,0
5902,1,2,1
5903,0,1,0
5904,0,1,0
5905,1,2,1
5906,0,1,0
5907,0,1,0
5908,0,1,0
5909,0,1,0
5910,0,1,0
5911,1,2,1
5912,0,1,0
5913,0,1,0
5914,0,1,0
5915,0,1,0
5916,1,2,1
5917,0,1,0
5918,0,2,1
5919,0,1,0
5920,1,2,1
5921,0,1,0
5922,0,1,0
5923,1,2,1
5924,0,1,0
5925,0,1,0
5926,0,1,0
5927,0,1,0
5928,0,1,0
5929,0,1,0
5930,0,1,0
5931,1,2,1
5932,0,1,0
5933,1,2,1
5934,1,2,1
5935,0,1,0
5936,0,1,0
5937,0,1,0
5938,0,1,0
5939,0,1,0
5940,0,1,0
5941,0,1,0
5942,0,1,0
5943,0,1,0
5944,0,1,0
5945,0,1,0
5946,1,2,1
5947,0,1,0
5948,0,1,0
5949,1,2,1
5950,0,2,1
5951,0,1,0
5952,1,2,1
5953,0,1,0
5954,1,2,1
5955,0,1,0
5956,0,1,0
5957,1,2,1
5958,1,2,1
5959,0,1,0
5960,0,1,0
5961,0,1,0
5962,0,1,0
5963,1,2,1
5964,4,2,1
5965,0,1,0
5966,0,1,0
5967,3,4,3
5968,0,1,0
5969,1,2,1
5970,0,1,0
5971,0,1,0
5972,0,1,0
5973,1,2,1
5974,0,1,0
5975,0,1,0
5976,0,1,0
5977,3,4,3
5978,0,1,0
5979,1,2,1
5980,1,2,1
5981,0,1,0
5982,1,2,1
5983,0,1,0
5984,1,2,1
5985,0,1,0
5986,1,2,1
5987,0,1,0
5988,4,2,1
5989,0,1,0
5990,0,1,0
5991,0,1,0
5992,0,1,0
5993,0,1,0
5994,3,4,3
5995,0,1,0
5996,1,2,1
5997,0,1,0
5998,4,2,1
5999,0,1,0
6000,0,1,0
6001,0,2,1
6002,3,4,3
6003,0,1,0
6004,3,4,3
6005,0,1,0
6006,0,1,0
6007,0,1,0
6008,0,1,0
6009,1,2,1
6010,1,2,1
6011,0,1,0
6012,0,1,0
6013,0,1,0
6014,0,1,0
6015,0,1,0
6016,0,1,0
6017,0,1,0
6018,0,1,0
6019,1,2,1
6020,1,2,1
6021,0,1,0
6022,0,1,0
6023,1,2,1
6024,0,1,0
6025,4,2,1
6026,1,2,1
6027,1,2,1
6028,0,1,0
6029,0,1,0
6030,1,2,1
6031,1,2,1
6032,0,1,0
6033,0,1,0
6034,0,1,0
6035,0,1,0
6036,1,2,1
6037,0,1,0
6038,4,2,1
6039,3,3,4
6040,0,1,0
6041,0,1,0
6042,0,1,0
6043,0,1,0
6044,4,2,1
6045,0,1,0
6046,0,1,0
6047,0,1,0
6048,0,1,0
6049,1,2,1
6050,0,1,0
6051,1,2,1
6052,0,1,0
6053,0,1,0
6054,0,1,0
6055,0,1,0
6056,0,1,0
6057,1,2,1
6058,1,2,1
6059,0,1,0
6060,0,1,0
6061,0,1,0
6062,0,1,0
6063,1,2,1
6064,0,1,0
6065,0,1,0
6066,0,1,0
6067,0,1,0
6068,0,1,0
6069,3,3,4
6070,0,1,0
6071,0,1,0
6072,0,1,0
6073,1,2,1
6074,1,2,1
6075,0,1,0
6076,0,1,0
6077,1,2,1
6078,0,1,0
6079,0,1,0
6080,0,1,0
6081,1,2,1
6082,1,2,1
6083,0,1,0
6084,0,1,0
6085,0,1,0
6086,0,1,0
6087,3,4,3
6088,0,1,0
6089,0,1,0
6090,0,1,0
6091,0,1,0
6092,0,1,0
6093,1,2,1
6094,0,1,0
6095,0,1,0
6096,0,1,0
6097,0,1,0
6098,0,1,0
6099,4,2,1
6100,0,1,0
6101,0,1,0
6102,0,1,0
6103,1,2,1
6104,1,2,1
6105,0,1,0
6106,0,1,0
6107,0,1,0
6108,1,2,1
6109,0,1,0
6110,0,1,0
6111,0,1,0
6112,0,1,0
6113,0,1,0
6114,1,2,1
6115,0,1,0
6116,0,1,0
6117,1,2,1
6118,0,1,0
6119,0,1,0
6120,3,4,3
6121,0,1,0
6122,0,1,0
6123,1,2,1
6124,1,2,1
6125,0,1,0
6126,1,2,1
6127,0,1,0
6128,0,1,0
6129,0,1,0
6130,0,1,0
6131,0,1,0
6132,1,2,1
6133,0,1,0
6134,0,1,0
6135,0,1,0
6136,1,2,1
6137,0,1,0
6138,0,1,0
6139,4,2,1
6140,4,2,1
6141,3,4,3
6142,0,1,0
6143,0,1,0
6144,1,2,1
6145,0,1,0
6146,0,1,0
6147,0,1,0
6148,0,1,0
6149,0,1,0
6150,3,4,3
6151,1,2,1
6152,0,1,0
6153,0,1,0
6154,0,1,0
6155,0,1,0
6156,0,1,0
6157,0,1,0
6158,0,1,0
6159,0,1,0
6160,0,2,1
6161,0,1,0
6162,0,1,0
6163,0,1,0
6164,1,2,1
6165,0,1,0
6166,0,1,0
6167,0,1,0
6168,0,1,0
6169,0,1,0
6170,0,1,0
6171,0,2,1
6172,1,2,1
6173,0,1,0
6174,0,1,0
6175,0,1,0
6176,2,0,2
6177,0,1,0
6178,0,1,0
6179,0,1,0
6180,0,1,0
6181,0,1,0
6182,0,1,0
6183,0,1,0
6184,0,1,0
6185,0,1,0
6186,0,1,0
6187,1,2,1
6188,0,1,0
6189,1,2,1
6190,0,1,0
6191,0,1,0
6192,0,1,0
6193,0,1,0
6194,0,1,0
6195,0,1,0
6196,0,1,0
6197,0,1,0
6198,1,2,1
6199,0,1,0
6200,1,2,1
6201,0,1,0
6202,0,1,0
6203,1,2,1
6204,1,2,1
6205,0,1,0
6206,1,2,1
6207,0,1,0
6208,0,1,0
6209,1,2,1
6210,1,2,1
6211,3,4,3
6212,1,2,1
6213,0,1,0
6214,0,1,0
6215,3,3,4
6216,0,1,0
6217,0,1,0
6218,0,2,1
6219,0,1,0
6220,0,1,0
6221,1,2,1
6222,0,1,0
6223,0,1,0
6224,0,1,0
6225,0,1,0
6226,0,1,0
6227,0,1,0
6228,1,2,1
6229,1,2,1
6230,0,1,0
6231,0,1,0
6232,0,1,0
6233,0,1,0
6234,0,1,0
6235,0,1,0
6236,0,1,0
6237,0,1,0
6238,0,1,0
6239,1,2,1
6240,0,1,0
6241,1,2,1
6242,0,1,0
6243,0,1,0
6244,0,1,0
6245,0,1,0
6246,0,1,0
6247,0,1,0
6248,0,1,0
6249,0,1,0
6250,0,1,0
6251,0,1,0
6252,0,1,0
6253,0,1,0
6254,0,1,0
6255,4,2,1
6256,0,1,0
6257,0,1,0
6258,0,1,0
6259,1,2,1
6260,4,2,1
6261,1,2,1
6262,1,2,1
6263,0,1,0
6264,0,1,0
6265,0,1,0
6266,0,1,0
6267,0,1,0
6268,0,1,0
6269,0,1,0
6270,0,1,0
6271,1,2,1
6272,0,1,0
6273,0,1,0
6274,0,1,0
6275,1,2,1
6276,0,1,0
6277,0,1,0
6278,0,1,0
6279,4,2,1
6280,1,2,1
6281,0,1,0
6282,0,1,0
6283,3,4,3
6284,1,2,1
6285,1,2,1
6286,0,1,0
6287,3,3,4
6288,0,1,0
6289,1,2,1
6290,0,1,0
6291,1,2,1
6292,0,1,0
6293,0,1,0
6294,0,1,0
6295,0,1,0
6296,0,1,0
6297,0,1,0
6298,0,1,0
6299,4,2,1
6300,0,1,0
6301,0,1,0
6302,0,1,0
6303,1,2,1
6304,0,1,0
6305,0,1,0
6306,1,2,1
6307,0,1,0
6308,0,1,0
6309,1,2,1
6310,1,2,1
6311,0,1,0
6312,0,1,0
6313,0,1,0
6314,0,1,0
6315,0,1,0
6316,1,2,1
6317,1,2,1
6318,1,2,1
6319,0,1,0
6320,0,1,0
6321,0,1,0
6322,3,3,4
6323,0,1,0
6324,3,4,3
6325,0,1,0
6326,0,1,0
6327,0,1,0
6328,0,1,0
6329,0,1,0
6330,1,2,1
6331,0,1,0
6332,0,1,0
6333,1,2,1
6334,1,2,1
6335,0,1,0
6336,1,2,1
6337,0,1,0
6338,0,1,0
6339,0,1,0
6340,0,1,0
6341,0,1,0
6342,1,2,1
6343,0,1,0
6344,0,2,1
6345,0,1,0
6346,1,2,1
6347,3,3,4
6348,0,1,0
6349,0,1,0
6350,1,2,1
6351,0,1,0
6352,0,1,0
6353,1,2,1
6354,0,1,0
6355,0,1,0
6356,0,1,0
6357,1,2,1
6358,1,2,1
6359,0,1,0
6360,0,1,0
6361,1,2,1
6362,0,1,0
6363,0,1,0
6364,1,2,1
6365,0,1,0
6366,0,1,0
6367,0,1,0
6368,0,1,0
6369,0,1,0
6370,0,1,0
6371,0,1,0
6372,0,1,0
6373,0,1,0
6374,0,1,0
6375,0,1,0
6376,1,2,1
6377,0,1,0
6378,0,1,0
6379,0,1,0
6380,0,1,0
6381,0,1,0
6382,0,1,0
6383,0,1,0
6384,1,2,1
6385,0,1,0
6386,0,1,0
6387,0,1,0
6388,0,1,0
6389,0,1,0
6390,0,1,0
6391,0,1,0
6392,1,2,1
6393,0,1,0
6394,0,1,0
6395,0,1,0
6396,0,1,0
6397,0,1,0
6398,0,1,0
6399,0,1,0
6400,0,1,0
6401,0,1,0
6402,0,1,0
6403,0,1,0
6404,0,2,1
6405,0,1,0
6406,1,2,1
6407,0,1,0
6408,1,2,1
6409,0,1,0
6410,0,1,0
6411,1,2,1
6412,0,1,0
6413,0,1,0
6414,2,0,2
6415,0,1,0
6416,0,1,0
6417,0,1,0
6418,4,2,1
6419,0,1,0
6420,0,1,0
6421,0,1,0
6422,1,2,1
6423,0,2,1
6424,4,2,1
6425,0,1,0
6426,0,1,0
6427,0,1,0
6428,0,1,0
6429,0,1,0
6430,0,1,0
6431,1,2,1
6432,0,1,0
6433,1,2,1
6434,0,1,0
6435,0,1,0
6436,1,2,1
6437,0,1,0
6438,1,2,1
6439,1,2,1
6440,1,2,1
6441,0,1,0
6442,1,2,1
6443,0,1,0
6444,0,1,0
6445,0,1,0
6446,0,1,0
6447,0,1,0
6448,0,1,0
6449,3,4,3
6450,0,1,0
6451,0,1,0
6452,0,1,0
6453,0,2,1
6454,0,1,0
6455,0,1,0
6456,0,1,0
6457,0,1,0
6458,0,1,0
6459,0,1,0
6460,0,2,1
6461,0,1,0
6462,0,1,0
6463,0,1,0
6464,0,1,0
6465,3,4,3
6466,1,2,1
6467,0,1,0
6468,0,1,0
6469,0,1,0
6470,0,1,0
6471,0,1,0
6472,0,1,0
6473,0,1,0
6474,0,1,0
6475,0,1,0
6476,1,2,1
6477,1,2,1
6478,0,1,0
6479,0,1,0
6480,4,2,1
6481,0,1,0
6482,0,1,0
6483,0,1,0
6484,3,4,3
6485,0,1,0
6486,0,1,0
6487,1,2,1
6488,1,2,1
6489,3,4,3
6490,0,1,0
6491,0,1,0
6492,0,1,0
6493,0,1,0
6494,0,1,0
6495,0,1,0
6496,0,1,0
6497,0,1,0
6498,0,1,0
6499,1,2,1
6500,3,4,3
6501,0,1,0
6502,0,1,0
6503,0,1,0
6504,0,1,0
6505,0,1,0
6506,0,1,0
6507,1,2,1
6508,0,1,0
6509,0,1,0
6510,0,1,0
6511,0,1,0
6512,0,1,0
6513,0,1,0
6514,0,1,0
6515,0,1,0
6516,0,1,0
6517,0,1,0
6518,1,2,1
6519,0,1,0
6520,0,1,0
6521,2,0,2
6522,0,1,0
6523,0,1,0
6524,1,2,1
6525,0,1,0
6526,1,2,1
6527,1,2,1
6528,0,1,0
6529,0,1,0
6530,0,1,0
6531,0,1,0
6532,0,1,0
6533,0,1,0
6534,0,1,0
6535,0,1,0
6536,0,1,0
6537,0,1,0
6538,0,1,0
6539,1,2,1
6540,0,1,0
6541,0,1,0
6542,1,2,1
6543,0,1,0
6544,1,2,1
6545,1,2,1
6546,0,1,0
6547,0,2,1
6548,0,1,0
6549,0,1,0
6550,0,1,0
6551,1,2,1
6552,1,2,1
6553,3,4,3
6554,0,1,0
6555,0,1,0
6556,0,1,0
6557,3,4,3
6558,0,1,0
6559,1,2,1
6560,0,1,0
6561,0,2,1
6562,0,1,0
6563,0,1,0
6564,0,1,0
6565,0,1,0
6566,0,1,0
6567,0,1,0
6568,1,2,1
6569,0,1,0
6570,0,1,0
6571,0,1,0
6572,0,1,0
6573,0,1,0
6574,1,2,1
6575,0,1,0
6576,0,1,0
6577,0,1,0
6578,0,1,0
6579,1,2,1
6580,0,1,0
6581,0,1,0
6582,0,1,0
6583,0,1,0
6584,1,2,1
6585,0,1,0
6586,1,2,1
6587,0,1,0
6588,0,1,0
6589,0,1,0
6590,3,4,3
6591,0,1,0
6592,1,2,1
6593,1,2,1
6594,0,1,0
6595,1,2,1
6596,1,2,1
6597,0,1,0
6598,1,2,1
6599,0,1,0
6600,0,1,0
6601,0,1,0
6602,0,1,0
6603,0,2,1
6604,0,1,0
6605,1,2,1
6606,0,1,0
6607,0,2,1
6608,1,2,1
6609,0,1,0
6610,0,1,0
6611,0,1,0
6612,1,2,1
6613,0,1,0
6614,0,1,0
6615,0,1,0
6616,0,1,0
6617,3,4,3
6618,1,2,1
6619,1,2,1
6620,1,2,1
6621,1,2,1
6622,0,1,0
6623,0,1,0
6624,0,1,0
6625,0,1,0
6626,0,1,0
6627,0,1,0
6628,0,1,0
6629,1,2,1
6630,1,2,1
6631,1,2,1
6632,0,1,0
6633,1,2,1
6634,0,1,0
6635,1,2,1
6636,1,2,1
6637,1,2,1
6638,0,1,0
6639,0,1,0
6640,1,2,1
6641,0,1,0
6642,0,1,0
6643,0,1,0
6644,1,2,1
6645,0,1,0
6646,0,1,0
6647,0,1,0
6648,1,2,1
6649,0,1,0
6650,1,2,1
6651,1,2,1
6652,1,2,1
6653,1,2,1
6654,0,1,0
6655,0,1,0
6656,0,2,1
6657,0,1,0
6658,0,1,0
6659,0,1,0
6660,0,1,0
6661,1,2,1
6662,0,1,0
6663,1,2,1
6664,0,1,0
6665,1,2,1
6666,0,1,0
6667,0,1,0
6668,1,2,1
6669,0,1,0
6670,1,2,1
6671,0,1,0
6672,0,1,0
6673,1,2,1
6674,0,1,0
6675,1,2,1
6676,0,1,0
6677,0,1,0
6678,3,4,3
6679,0,1,0
6680,1,2,1
6681,0,1,0
6682,1,2,1
6683,1,2,1
6684,1,2,1
6685,0,1,0
6686,0,1,0
6687,0,1,0
6688,0,1,0
6689,0,1,0
6690,1,2,1
6691,0,1,0
6692,0,1,0
6693,3,4,3
6694,0,2,1
6695,1,2,1
6696,0,1,0
6697,0,1,0
6698,0,1,0
6699,0,1,0
6700,0,1,0
6701,1,2,1
6702,0,1,0
6703,0,1,0
6704,0,1,0
6705,0,1,0
6706,4,2,1
6707,0,1,0
6708,0,1,0
6709,0,1,0
6710,1,2,1
6711,1,2,1
6712,0,1,0
6713,0,1,0
6714,0,1,0
6715,0,1,0
6716,3,4,3
6717,0,1,0
6718,0,1,0
6719,0,1,0
6720,0,1,0
6721,0,1,0
6722,0,1,0
6723,4,2,1
6724,4,2,1
6725,0,2,1
6726,1,2,1
6727,0,1,0
6728,1,2,1
6729,0,1,0
6730,0,1,0
6731,0,1,0
6732,0,1,0
6733,0,1,0
6734,0,1,0
6735,4,2,1
6736,0,1,0
6737,1,2,1
6738,0,1,0
6739,0,1,0
6740,1,2,1
6741,0,1,0
6742,0,1,0
6743,0,1,0
6744,0,1,0
6745,1,2,1
6746,1,2,1
6747,0,1,0
6748,0,1,0
6749,0,1,0
6750,0,1,0
6751,0,1,0
6752,0,1,0
6753,0,1,0
6754,1,2,1
6755,1,2,1
6756,0,1,0
6757,0,1,0
6758,0,1,0
6759,0,1,0
6760,0,1,0
6761,0,1,0
6762,0,1,0
6763,0,4,3
6764,4,2,1
6765,0,1,0
6766,0,1,0
6767,1,2,1
6768,4,2,1
6769,1,2,1
6770,4,2,1
6771,0,1,0
6772,0,1,0
6773,0,1,0
6774,0,1,0
6775,1,2,1
6776,1,2,1
6777,0,1,0
6778,1,2,1
6779,0,1,0
6780,0,1,0
6781,0,1,0
6782,3,4,3
6783,0,1,0
6784,1,2,1
6785,1,2,1
6786,0,1,0
6787,0,1,0
6788,0,1,0
6789,0,1,0
6790,0,1,0
6791,0,1,0
6792,0,1,0
6793,0,1,0
6794,3,4,3
6795,0,1,0
6796,0,1,0
6797,0,1,0
6798,0,2,1
6799,1,2,1
6800,0,1,0
6801,0,1,0
6802,1,2,1
6803,3,3,4
6804,0,1,0
6805,0,1,0
6806,1,2,1
6807,0,1,0
6808,0,1,0
6809,0,1,0
6810,0,1,0
6811,1,2,1
6812,1,2,1
6813,3,4,3
6814,0,1,0
6815,1,2,1
6816,0,1,0
6817,0,1,0
6818,3,3,4
6819,0,1,0
6820,0,1,0
6821,0,1,0
6822,0,1,0
6823,0,1,0
6824,0,1,0
6825,0,1,0
6826,0,1,0
6827,0,1,0
6828,1,2,1
6829,0,1,0
6830,0,1,0
6831,0,1,0
6832,0,1,0
6833,0,1,0
6834,0,1,0
6835,4,2,1
6836,1,2,1
6837,0,1,0
6838,0,1,0
6839,0,1,0
6840,0,1,0
6841,0,1,0
6842,0,1,0
6843,0,1,0
6844,0,1,0
6845,0,1,0
6846,0,1,0
6847,0,1,0
6848,0,1,0
6849,0,1,0
6850,0,1,0
6851,1,2,1
6852,0,1,0
6853,0,1,0
6854,0,1,0
6855,0,1,0
6856,0,1,0
6857,0,1,0
6858,0,1,0
6859,0,1,0
6860,3,4,3
6861,0,1,0
6862,0,1,0
6863,4,2,1
6864,0,1,0
6865,0,1,0
6866,0,1,0
6867,0,1,0
6868,0,1,0
6869,0,1,0
6870,0,1,0
6871,0,2,1
6872,1,2,1
6873,0,1,0
6874,0,1,0
6875,0,1,0
6876,0,1,0
6877,1,2,1
6878,0,1,0
6879,0,1,0
6880,0,1,0
6881,0,1,0
6882,0,1,0
6883,2,0,2
6884,1,2,1
6885,3,4,3
6886,4,2,1
6887,0,1,0
6888,0,1,0
6889,0,1,0
6890,0,1,0
6891,0,1,0
6892,0,1,0
6893,0,1,0
6894,0,1,0
6895,0,1,0
6896,0,1,0
6897,1,2,1
6898,0,1,0
6899,0,1,0
6900,1,2,1
6901,0,1,0
6902,1,2,1
6903,0,1,0
6904,0,1,0
6905,0,1,0
6906,0,1,0
6907,1,2,1
6908,1,2,1
6909,0,1,0
6910,0,1,0
6911,0,1,0
6912,0,1,0
6913,0,1,0
6914,0,1,0
6915,0,1,0
6916,0,1,0
6917,0,1,0
6918,0,1,0
6919,0,1,0
6920,0,1,0
6921,0,1,0
6922,0,1,0
6923,0,1,0
6924,1,2,1
6925,0,1,0
6926,0,1,0
6927,0,1,0
6928,0,1,0
6929,4,2,1
6930,0,1,0
6931,0,1,0
6932,0,1,0
6933,0,1,0
6934,1,2,1
6935,0,1,0
6936,0,1,0
6937,0,1,0
6938,0,1,0
6939,1,2,1
6940,0,1,0
6941,3,4,3
6942,1,2,1
6943,0,1,0
6944,0,1,0
6945,1,2,1
6946,0,1,0
6947,1,2,1
6948,0,1,0
6949,1,2,1
6950,0,1,0
6951,0,1,0
6952,0,1,0
6953,0,1,0
6954,0,1,0
6955,0,1,0
6956,1,2,1
6957,0,1,0
6958,0,1,0
6959,1,2,1
6960,1,2,1
6961,1,2,1
6962,0,1,0
6963,0,1,0
6964,0,1,0
6965,0,1,0
6966,1,2,1
6967,0,1,0
6968,0,1,0
6969,0,2,1
6970,0,1,0
6971,1,2,1
6972,0,1,0
6973,0,1,0
6974,0,1,0
6975,0,1,0
6976,0,1,0
6977,0,1,0
6978,0,1,0
6979,0,1,0
6980,1,2,1
6981,0,1,0
6982,0,1,0
6983,0,1,0
6984,0,1,0
6985,0,1,0
6986,1,2,1
6987,0,1,0
6988,0,1,0
6989,0,1,0
6990,0,1,0
6991,0,1,0
6992,0,1,0
6993,0,1,0
6994,0,1,0
6995,0,1,0
6996,0,1,0
6997,1,2,1
6998,0,1,0
6999,1,2,1
7000,3,4,3
7001,0,1,0
7002,0,1,0
7003,0,1,0
7004,0,1,0
7005,0,1,0
7006,0,1,0
7007,0,1,0
7008,0,1,0
7009,0,2,1
7010,0,1,0
7011,1,2,1
7012,0,1,0
7013,0,1,0
7014,1,2,1
7015,0,1,0
7016,0,1,0
7017,0,1,0
7018,0,1,0
7019,0,1,0
7020,0,1,0
7021,1,2,1
7022,3,4,3
7023,1,2,1
7024,2,0,2
7025,0,1,0
7026,0,1,0
7027,0,1,0
7028,1,2,1
7029,0,1,0
7030,0,1,0
7031,1,2,1
7032,0,1,0
7033,0,1,0
7034,0,1,0
7035,0,1,0
7036,0,1,0
7037,0,1,0
7038,1,2,1
7039,1,2,1
7040,0,1,0
7041,0,1,0
7042,0,1,0
7043,0,1,0
7044,4,2,1
7045,3,1,0
7046,0,1,0
7047,1,2,1
7048,0,1,0
7049,0,1,0
7050,0,1,0
7051,0,1,0
7052,3,3,4
7053,1,2,1
7054,4,2,1
7055,1,2,1
7056,1,2,1
7057,0,1,0
7058,0,1,0
7059,1,2,1
7060,0,1,0
7061,0,1,0
7062,0,1,0
7063,1,2,1
7064,0,1,0
7065,3,4,3
7066,0,1,0
7067,1,2,1
7068,0,1,0
7069,0,1,0
7070,0,1,0
7071,0,1,0
7072,0,1,0
7073,0,1,0
7074,0,1,0
7075,0,1,0
7076,0,1,0
7077,0,2,1
7078,0,1,0
7079,0,1,0
7080,0,1,0
7081,0,1,0
7082,0,1,0
7083,0,1,0
7084,1,2,1
7085,0,1,0
7086,1,2,1
7087,0,1,0
7088,0,1,0
7089,1,2,1
7090,3,4,3
7091,1,2,1
7092,1,2,1
7093,1,2,1
7094,0,1,0
7095,0,1,0
7096,0,1,0
7097,0,1,0
7098,0,1,0
7099,0,1,0
7100,0,1,0
7101,3,4,3
7102,2,0,2
7103,0,1,0
7104,1,2,1
7105,0,1,0
7106,1,2,1
7107,0,1,0
7108,0,1,0
7109,1,2,1
7110,0,1,0
7111,0,1,0
7112,0,1,0
7113,1,2,1
7114,0,1,0
7115,0,1,0
7116,0,1,0
7117,1,2,1
7118,0,1,0
7119,0,1,0
7120,0,1,0
7121,0,1,0
7122,3,4,3
7123,0,1,0
7124,0,1,0
7125,3,4,3
7126,1,2,1
7127,1,2,1
7128,0,1,0
7129,1,2,1
7130,0,1,0
7131,1,2,1
7132,0,1,0
7133,0,1,0
7134,0,1,0
7135,0,1,0
7136,0,1,0
7137,0,2,1
7138,0,1,0
7139,0,1,0
7140,1,2,1
7141,0,1,0
7142,0,1,0
7143,0,1,0
7144,0,2,1
7145,0,1,0
7146,1,2,1
7147,0,1,0
7148,0,1,0
7149,0,1,0
7150,0,1,0
7151,1,2,1
7152,1,2,1
7153,1,2,1
7154,1,2,1
7155,3,1,0
7156,0,1,0
7157,1,2,1
7158,0,1,0
7159,1,2,1
7160,0,1,0
7161,0,1,0
7162,0,1,0
7163,1,2,1
7164,1,2,1
7165,0,1,0
7166,0,1,0
7167,0,1,0
7168,0,1,0
7169,0,1,0
7170,0,1,0
7171,0,1,0
7172,1,2,1
7173,1,2,1
7174,0,1,0
7175,0,1,0
7176,0,1,0
7177,0,1,0
7178,1,2,1
7179,0,1,0
7180,1,2,1
7181,0,1,0
7182,0,1,0
7183,1,2,1
7184,0,1,0
7185,0,1,0
7186,1,2,1
7187,1,2,1
7188,0,1,0
7189,1,2,1
7190,1,2,1
7191,0,1,0
7192,1,2,1
7193,0,1,0
7194,0,1,0
7195,1,2,1
7196,0,1,0
7197,0,1,0
7198,0,1,0
7199,3,3,4
7200,0,1,0
7201,1,2,1
7202,0,1,0
7203,0,1,0
7204,0,1,0
7205,1,2,1
7206,0,1,0
7207,3,4,3
7208,0,1,0
7209,0,1,0
7210,0,1,0
7211,0,1,0
7212,3,4,3
7213,3,2,1
7214,4,2,1
7215,0,1,0
7216,0,1,0
7217,0,1,0
7218,0,1,0
7219,0,1,0
7220,0,1,0
7221,1,2,1
7222,3,4,3
7223,1,2,1
7224,0,1,0
7225,0,1,0
7226,1,2,1
7227,0,1,0
7228,0,1,0
7229,0,1,0
7230,0,1,0
7231,4,2,1
7232,0,1,0
7233,0,1,0
7234,0,1,0
7235,1,2,1
7236,0,1,0
7237,0,1,0
7238,0,2,1
7239,3,4,3
7240,0,1,0
7241,0,1,0
7242,1,2,1
7243,0,1,0
7244,0,1,0
7245,0,2,1
7246,0,1,0
7247,0,1,0
7248,0,1,0
7249,0,1,0
7250,0,1,0
7251,0,1,0
7252,0,1,0
7253,0,1,0
7254,1,2,1
7255,4,2,1
7256,1,2,1
7257,0,1,0
7258,0,1,0
7259,0,1,0
7260,0,1,0
7261,0,1,0
7262,1,2,1
7263,1,2,1
7264,0,1,0
7265,0,1,0
7266,0,1,0
7267,1,2,1
7268,1,2,1
7269,1,2,1
7270,0,1,0
7271,3,4,3
7272,0,1,0
7273,0,1,0
7274,0,1,0
7275,0,1,0
7276,1,2,1
7277,0,1,0
7278,0,1,0
7279,3,4,3
7280,0,1,0
7281,0,1,0
7282,0,1,0
7283,0,1,0
7284,0,1,0
7285,4,2,1
7286,0,1,0
7287,0,1,0
7288,1,2,1
7289,0,1,0
7290,0,1,0
7291,0,1,0
7292,0,1,0
7293,0,1,0
7294,0,1,0
7295,0,1,0
7296,0,1,0
7297,1,2,1
7298,0,1,0
7299,1,2,1
7300,0,1,0
7301,1,2,1
7302,0,1,0
7303,0,1,0
7304,0,1,0
7305,1,2,1
7306,0,1,0
7307,0,1,0
7308,0,1,0
7309,0,2,1
7310,1,2,1
7311,1,2,1
7312,0,1,0
7313,0,1,0
7314,0,1,0
7315,4,2,1
7316,0,1,0
7317,0,1,0
7318,0,1,0
7319,1,2,1
7320,0,1,0
7321,1,2,1
7322,0,1,0
7323,0,1,0
7324,0,1,0
7325,1,2,1
7326,1,2,1
7327,1,2,1
7328,0,1,0
7329,1,2,1
7330,0,1,0
7331,0,1,0
7332,4,2,1
7333,0,1,0
7334,1,2,1
7335,0,1,0
7336,0,1,0
7337,0,1,0
7338,0,1,0
7339,0,1,0
7340,1,2,1
7341,0,1,0
7342,0,1,0
7343,0,1,0
7344,1,2,1
7345,4,2,1
7346,3,4,3
7347,0,1,0
7348,0,1,0
7349,0,1,0
7350,1,2,1
7351,0,1,0
7352,0,1,0
7353,0,1,0
7354,0,1,0
7355,3,4,3
7356,0,2,1
7357,1,2,1
7358,0,1,0
7359,0,1,0
7360,0,1,0
7361,0,1,0
7362,0,1,0
7363,1,2,1
7364,0,1,0
7365,1,2,1
7366,0,1,0
7367,0,1,0
7368,0,4,3
7369,0,1,0
7370,1,2,1
7371,0,1,0
7372,0,1,0
7373,0,1,0
7374,1,2,1
7375,0,1,0
7376,0,1,0
7377,0,1,0
7378,0,1,0
7379,0,1,0
7380,0,1,0
7381,0,1,0
7382,4,2,1
7383,0,1,0
7384,0,1,0
7385,0,1,0
7386,1,2,1
7387,0,1,0
7388,3,4,3
7389,0,1,0
7390,0,1,0
7391,0,1,0
7392,0,1,0
7393,0,1,0
7394,0,1,0
7395,0,1,0
7396,0,1,0
7397,3,4,3
7398,0,1,0
7399,1,2,1
7400,0,1,0
7401,0,1,0
7402,4,2,1
7403,0,1,0
7404,0,1,0
7405,1,2,1
7406,1,2,1
7407,0,2,1
7408,0,1,0
7409,0,1,0
7410,1,2,1
7411,1,2,1
7412,1,2,1
7413,0,1,0
7414,1,2,1
7415,0,1,0
7416,0,1,0
7417,0,1,0
7418,0,1,0
7419,0,1,0
7420,0,4,3
7421,0,1,0
7422,0,1,0
7423,0,1,0
7424,0,1,0
7425,0,1,0
7426,1,2,1
7427,1,2,1
7428,0,1,0
7429,0,1,0
7430,0,1,0
7431,0,1,0
7432,0,1,0
7433,0,1,0
7434,0,1,0
7435,0,1,0
7436,0,1,0
7437,3,3,4
7438,1,2,1
7439,0,1,0
7440,1,2,1
7441,3,1,0
7442,4,2,1
7443,0,1,0
7444,0,1,0
7445,0,1,0
7446,0,2,1
7447,0,1,0
7448,0,1,0
7449,0,1,0
7450,0,1,0
7451,0,1,0
7452,0,1,0
7453,0,1,0
7454,0,1,0
7455,0,1,0
7456,1,2,1
7457,0,1,0
7458,0,1,0
7459,1,2,1
7460,0,1,0
7461,0,1,0
7462,0,1,0
7463,0,1,0
7464,0,1,0
7465,0,1,0
7466,1,2,1
7467,1,2,1
7468,0,1,0
7469,0,1,0
7470,1,2,1
7471,0,1,0
7472,0,1,0
7473,0,1,0
7474,0,1,0
7475,0,1,0
7476,0,1,0
7477,1,2,1
7478,0,1,0
7479,0,1,0
7480,0,1,0
7481,1,2,1
7482,1,2,1
7483,0,1,0
7484,0,1,0
7485,0,1,0
7486,0,1,0
7487,0,1,0
7488,0,1,0
7489,0,1,0
7490,1,2,1
7491,0,1,0
7492,0,1,0
7493,1,2,1
7494,1,2,1
7495,0,1,0
7496,2,0,2
7497,0,1,0
7498,0,1,0
7499,1,2,1
7500,0,1,0
7501,1,2,1
7502,1,2,1
7503,0,2,1
7504,0,1,0
7505,0,1,0
7506,1,2,1
7507,0,1,0
7508,0,1,0
7509,0,1,0
7510,0,1,0
7511,0,1,0
7512,3,3,4
7513,0,1,0
7514,1,2,1
7515,1,2,1
7516,1,2,1
7517,0,1,0
7518,4,2,1
7519,1,2,1
7520,1,2,1
7521,0,1,0
7522,1,2,1
7523,3,4,3
7524,1,2,1
7525,0,1,0
7526,0,1,0
7527,1,2,1
7528,1,2,1
7529,0,1,0
7530,0,1,0
7531,0,1,0
7532,0,1,0
7533,0,1,0
7534,0,1,0
7535,0,1,0
7536,0,1,0
7537,0,1,0
7538,0,1,0
7539,0,1,0
7540,0,1,0
7541,0,1,0
7542,4,2,1
7543,0,1,0
7544,0,1,0
7545,0,1,0
7546,0,1,0
7547,0,1,0
7548,0,1,0
7549,0,2,1
7550,1,2,1
7551,1,2,1
7552,0,2,1
7553,1,2,1
7554,0,1,0
7555,1,2,1
7556,1,2,1
7557,1,2,1
7558,0,1,0
7559,0,1,0
7560,1,2,1
7561,0,1,0
7562,1,2,1
7563,0,1,0
7564,0,1,0
7565,0,1,0
7566,1,2,1
7567,0,1,0
7568,1,2,1
7569,0,1,0
7570,1,2,1
7571,1,2,1
7572,0,1,0
7573,0,1,0
7574,0,1,0
7575,0,1,0
7576,0,1,0
7577,0,1,0
7578,0,1,0
7579,1,2,1
7580,0,1,0
7581,2,0,2
7582,0,1,0
7583,3,3,4
7584,0,1,0
7585,0,1,0
7586,0,1,0
7587,0,1,0
7588,0,1,0
7589,0,1,0
7590,0,1,0
7591,0,1,0
7592,0,1,0
7593,1,2,1
7594,1,2,1
7595,0,1,0
7596,0,1,0
7597,0,1,0
7598,0,1,0
7599,0,1,0
7600,0,1,0
7601,1,2,1
7602,1,2,1
7603,0,1,0
7604,0,1,0
7605,0,1,0
7606,0,1,0
7607,0,1,0
7608,0,1,0
7609,0,1,0
7610,0,1,0
7611,1,2,1
7612,0,1,0
7613,0,1,0
7614,1,2,1
7615,0,1,0
7616,1,2,1
7617,1,2,1
7618,0,1,0
7619,1,2,1
7620,0,1,0
7621,0,1,0
7622,3,4,3
7623,0,1,0
7624,0,1,0
7625,0,1,0
7626,0,1,0
7627,0,1,0
7628,0,1,0
7629,0,1,0
7630,0,1,0
7631,0,1,0
7632,1,2,1
7633,0,1,0
7634,0,1,0
7635,0,1,0
7636,0,3,4
7637,1,2,1
7638,3,4,3
7639,0,1,0
7640,0,1,0
7641,1,2,1
7642,1,2,1
7643,0,1,0
7644,0,1,0
7645,0,1,0
7646,1,2,1
7647,0,1,0
7648,0,1,0
7649,0,1,0
7650,0,1,0
7651,0,1,0
7652,0,1,0
7653,1,2,1
7654,4,2,1
7655,1,2,1
7656,1,2,1
7657,0,1,0
7658,0,1,0
7659,0,1,0
7660,0,1,0
7661,0,1,0
7662,0,1,0
7663,0,1,0
7664,0,1,0
7665,0,1,0
7666,0,1,0
7667,1,2,1
7668,1,2,1
7669,1,2,1
7670,0,1,0
7671,3,4,3
7672,0,1,0
7673,1,2,1
7674,0,1,0
7675,0,1,0
7676,0,1,0
7677,0,2,1
7678,0,1,0
7679,0,1,0
7680,0,1,0
7681,0,1,0
7682,4,2,1
7683,0,1,0
7684,0,1,0
7685,0,1,0
7686,0,1,0
7687,0,1,0
7688,0,1,0
7689,0,1,0
7690,0,1,0
7691,1,2,1
7692,0,1,0
7693,0,1,0
7694,0,1,0
7695,0,1,0
7696,1,2,1
7697,3,3,4
7698,1,2,1
7699,1,2,1
7700,0,1,0
7701,0,1,0
7702,0,1,0
7703,0,1,0
7704,0,1,0
7705,0,1,0
7706,0,1,0
7707,0,1,0
7708,0,1,0
7709,1,2,1
7710,0,1,0
7711,0,1,0
7712,1,2,1
7713,0,1,0
7714,0,1,0
7715,1,2,1
7716,0,1,0
7717,4,2,1
7718,0,1,0
7719,0,1,0
7720,1,2,1
7721,0,1,0
7722,0,1,0
7723,0,1,0
7724,0,1,0
7725,0,1,0
7726,0,1,0
7727,0,1,0
7728,0,1,0
7729,0,1,0
7730,0,1,0
7731,0,1,0
7732,0,1,0
7733,1,2,1
7734,0,1,0
7735,0,1,0
7736,0,1,0
7737,0,1,0
7738,1,2,1
7739,1,2,1
7740,1,2,1
7741,1,2,1
7742,1,2,1
7743,0,1,0
7744,0,1,0
7745,0,1,0
7746,0,1,0
7747,0,1,0
7748,0,1,0
7749,0,1,0
7750,0,1,0
7751,0,1,0
7752,1,2,1
7753,0,1,0
7754,0,1,0
7755,0,1,0
7756,0,1,0
7757,0,1,0
7758,0,1,0
7759,0,1,0
7760,4,2,1
7761,1,2,1
7762,0,1,0
7763,0,1,0
7764,0,1,0
7765,0,1,0
7766,0,1,0
7767,0,1,0
7768,0,1,0
7769,0,1,0
7770,0,1,0
7771,0,1,0
7772,0,1,0
7773,0,1,0
7774,0,1,0
7775,0,1,0
7776,1,2,1
7777,0,1,0
7778,0,1,0
7779,0,1,0
7780,0,1,0
7781,1,2,1
7782,0,1,0
7783,0,1,0
7784,0,1,0
7785,0,1,0
7786,0,1,0
7787,0,1,0
7788,0,1,0
7789,1,2,1
7790,0,1,0
7791,4,2,1
7792,0,1,0
7793,0,1,0
7794,1,2,1
7795,0,1,0
7796,0,1,0
7797,0,2,1
7798,0,1,0
7799,0,1,0
7800,1,2,1
7801,0,1,0
7802,1,2,1
7803,0,1,0
7804,0,1,0
7805,0,1,0
7806,0,1,0
7807,1,2,1
7808,0,1,0
7809,1,2,1
7810,1,2,1
7811,0,1,0
7812,1,2,1
7813,1,2,1
7814,1,2,1
7815,0,1,0
7816,0,1,0
7817,0,1,0
7818,0,1,0
7819,4,2,1
7820,0,1,0
7821,0,1,0
7822,1,2,1
7823,0,1,0
7824,0,1,0
7825,0,1,0
7826,1,2,1
7827,1,2,1
7828,1,2,1
7829,0,1,0
7830,0,1,0
7831,3,4,3
7832,0,1,0
7833,0,1,0
7834,0,1,0
7835,0,1,0
7836,0,1,0
7837,0,1,0
7838,0,1,0
7839,0,1,0
7840,0,1,0
7841,4,2,1
7842,1,2,1
7843,4,2,1
7844,0,1,0
7845,0,1,0
7846,1,2,1
7847,0,1,0
7848,0,1,0
7849,0,1,0
7850,1,2,1
7851,0,1,0
7852,1,2,1
7853,0,1,0
7854,0,1,0
7855,0,1,0
7856,1,2,1
7857,1,2,1
7858,0,1,0
7859,0,1,0
7860,0,1,0
7861,0,1,0
7862,1,2,1
7863,0,1,0
7864,0,1,0
7865,1,2,1
7866,0,1,0
7867,0,1,0
7868,0,1,0
7869,1,2,1
7870,2,0,2
7871,0,1,0
7872,0,1,0
7873,0,1,0
7874,0,1,0
7875,1,2,1
7876,1,2,1
7877,1,2,1
7878,0,1,0
7879,0,1,0
7880,0,1,0
7881,0,1,0
7882,0,1,0
7883,0,1,0
7884,0,1,0
7885,0,1,0
7886,0,1,0
7887,0,1,0
7888,0,1,0
7889,1,2,1
7890,3,4,3
7891,0,1,0
7892,0,1,0
7893,0,1,0
7894,0,1,0
7895,0,1,0
7896,0,2,1
7897,0,2,1
7898,0,1,0
7899,1,2,1
7900,1,2,1
7901,0,1,0
7902,0,1,0
7903,0,1,0
7904,1,2,1
7905,0,1,0
7906,1,2,1
7907,0,1,0
7908,0,1,0
7909,0,1,0
7910,0,1,0
7911,0,1,0
7912,3,4,3
7913,0,1,0
7914,0,1,0
7915,3,3,4
7916,1,2,1
7917,1,2,1
7918,1,2,1
7919,0,1,0
7920,0,1,0
7921,0,1,0
7922,0,1,0
7923,3,4,3
7924,0,1,0
7925,0,1,0
7926,0,1,0
7927,0,1,0
7928,0,1,0
7929,1,2,1
7930,1,2,1
7931,0,1,0
7932,0,1,0
7933,0,1,0
7934,0,1,0
7935,0,1,0
7936,0,1,0
7937,0,1,0
7938,3,4,3
7939,0,1,0
7940,1,2,1
7941,0,1,0
7942,0,1,0
7943,1,2,1
7944,0,1,0
7945,0,1,0
7946,0,1,0
7947,0,1,0
7948,0,1,0
7949,0,1,0
7950,0,1,0
7951,0,1,0
7952,0,1,0
7953,0,1,0
7954,1,2,1
7955,1,2,1
7956,4,2,1
7957,0,1,0
7958,0,1,0
7959,1,2,1
7960,0,1,0
7961,1,2,1
7962,0,1,0
7963,0,1,0
7964,1,2,1
7965,1,2,1
7966,0,1,0
7967,0,1,0
7968,0,1,0
7969,0,1,0
7970,1,2,1
7971,1,2,1
7972,1,2,1
7973,1,2,1
7974,0,1,0
7975,0,1,0
7976,0,1,0
7977,0,1,0
7978,1,2,1
7979,0,1,0
7980,1,2,1
7981,0,1,0
7982,0,1,0
7983,1,2,1
7984,0,1,0
7985,0,1,0
7986,0,1,0
7987,0,1,0
7988,0,1,0
7989,1,2,1
7990,1,2,1
7991,0,1,0
7992,0,1,0
7993,1,2,1
7994,0,1,0
7995,3,4,3
7996,0,2,1
7997,3,4,3
7998,0,1,0
7999,0,1,0
8000,0,1,0
8001,0,1,0
8002,1,2,1
8003,1,2,1
8004,0,1,0
8005,4,2,1
8006,0,1,0
8007,0,1,0
8008,0,1,0
8009,0,1,0
8010,1,2,1
8011,0,1,0
8012,0,1,0
8013,1,2,1
8014,0,1,0
8015,0,1,0
8016,1,2,1
8017,0,1,0
8018,0,1,0
8019,1,2,1
8020,0,1,0
8021,1,2,1
8022,0,1,0
8023,0,1,0
8024,0,1,0
8025,0,1,0
8026,1,2,1
8027,1,2,1
8028,0,1,0
8029,0,1,0
8030,4,2,1
8031,1,2,1
8032,0,1,0
8033,0,1,0
8034,0,1,0
8035,0,1,0
8036,0,1,0
8037,0,1,0
8038,2,0,2
8039,0,1,0
8040,0,1,0
8041,0,1,0
8042,1,2,1
8043,3,4,3
8044,0,1,0
8045,0,1,0
8046,0,1,0
8047,1,2,1
8048,0,1,0
8049,0,1,0
8050,1,2,1
8051,0,1,0
8052,0,1,0
8053,0,1,0
8054,1,2,1
8055,0,2,1
8056,0,1,0
8057,0,1,0
8058,0,1,0
8059,0,1,0
8060,1,2,1
8061,0,1,0
8062,0,1,0
8063,1,2,1
8064,1,2,1
8065,0,1,0
8066,1,2,1
8067,1,2,1
8068,0,1,0
8069,3,4,3
8070,0,1,0
8071,0,1,0
8072,0,1,0
8073,0,2,1
8074,0,1,0
8075,0,1,0
8076,0,1,0
8077,0,1,0
8078,3,3,4
8079,4,2,1
8080,0,1,0
8081,0,1,0
8082,0,1,0
8083,0,1,0
8084,0,1,0
8085,0,1,0
8086,0,1,0
8087,0,1,0
8088,0,1,0
8089,0,1,0
8090,1,2,1
8091,1,2,1
8092,0,1,0
8093,0,1,0
8094,1,2,1
8095,0,1,0
8096,0,1,0
8097,1,2,1
8098,0,1,0
8099,0,1,0
8100,1,2,1
8101,0,1,0
8102,1,2,1
8103,0,1,0
8104,0,1,0
8105,1,2,1
8106,0,1,0
8107,0,1,0
8108,0,1,0
8109,0,1,0
8110,1,2,1
8111,0,1,0
8112,0,1,0
8113,0,2,1
8114,1,2,1
8115,0,1,0
8116,0,2,1
8117,1,2,1
8118,0,1,0
8119,0,1,0
8120,0,1,0
8121,1,2,1
8122,0,1,0
8123,0,2,1
8124,0,1,0
8125,1,2,1
8126,0,1,0
8127,0,1,0
8128,0,1,0
8129,0,1,0
8130,0,1,0
8131,0,1,0
8132,1,2,1
8133,0,1,0
8134,0,1,0
8135,0,1,0
8136,1,2,1
8137,0,1,0
8138,0,1,0
8139,0,1,0
8140,0,1,0
8141,0,1,0
8142,0,1,0
8143,0,1,0
8144,0,1,0
8145,1,2,1
8146,1,2,1
8147,0,1,0
8148,0,1,0
8149,0,1,0
8150,0,2,1
8151,0,1,0
8152,0,1,0
8153,1,2,1
8154,4,2,1
8155,0,1,0
8156,0,1,0
8157,0,1,0
8158,1,2,1
8159,1,2,1
8160,0,1,0
8161,1,2,1
8162,0,1,0
8163,0,1,0
8164,0,1,0
8165,0,2,1
8166,0,1,0
8167,0,1,0
8168,0,1,0
8169,0,1,0
8170,0,1,0
8171,0,1,0
8172,3,3,4
8173,0,1,0
8174,0,1,0
8175,0,1,0
8176,4,2,1
8177,1,2,1
8178,0,1,0
8179,0,1,0
8180,0,1,0
8181,0,1,0
8182,2,0,2
8183,1,2,1
8184,0,1,0
8185,0,1,0
8186,0,1,0
8187,1,2,1
8188,0,1,0
8189,3,4,3
8190,1,2,1
8191,0,1,0
8192,0,1,0
8193,0,1,0
8194,0,1,0
8195,0,1,0
8196,0,1,0
8197,0,1,0
8198,0,1,0
8199,0,1,0
8200,0,1,0
8201,0,1,0
8202,0,1,0
8203,0,1,0
8204,0,1,0
8205,1,2,1
8206,0,1,0
8207,1,2,1
8208,0,1,0
8209,0,1,0
8210,0,1,0
8211,0,1,0
8212,0,1,0
8213,0,1,0
8214,0,1,0
8215,0,1,0
8216,0,1,0
8217,0,1,0
8218,0,1,0
8219,0,2,1
8220,1,2,1
8221,0,1,0
8222,0,1,0
8223,0,1,0
8224,1,2,1
8225,0,1,0
8226,0,1,0
8227,0,1,0
8228,0,1,0
8229,0,1,0
8230,0,1,0
8231,0,1,0
8232,0,1,0
8233,0,1,0
8234,0,1,0
8235,1,2,1
8236,3,4,3
8237,0,1,0
8238,0,1,0
8239,0,1,0
8240,4,2,1
8241,0,1,0
8242,0,1,0
8243,0,1,0
8244,1,2,1
8245,0,1,0
8246,0,1,0
8247,0,1,0
8248,0,1,0
8249,0,1,0
8250,0,1,0
8251,0,1,0
8252,1,2,1
8253,0,1,0
8254,0,1,0
8255,1,2,1
8256,0,1,0
8257,0,1,0
8258,0,1,0
8259,0,1,0
8260,0,1,0
8261,0,1,0
8262,0,1,0
8263,1,2,1
8264,1,2,1
8265,1,2,1
8266,4,2,1
8267,0,1,0
8268,0,1,0
8269,0,1,0
8270,1,2,1
8271,1,2,1
8272,0,1,0
8273,3,4,3
8274,1,2,1
8275,1,2,1
8276,0,1,0
8277,1,2,1
8278,0,1,0
8279,0,1,0
8280,0,1,0
8281,3,4,3
8282,0,1,0
8283,0,1,0
8284,0,1,0
8285,1,2,1
8286,3,4,3
8287,1,2,1
8288,0,1,0
8289,0,1,0
8290,0,1,0
8291,1,2,1
8292,0,1,0
8293,0,1,0
8294,0,1,0
8295,0,1,0
8296,0,1,0
8297,1,2,1
8298,0,1,0
8299,0,1,0
8300,1,2,1
8301,0,1,0
8302,0,1,0
8303,0,1,0
8304,0,1,0
8305,0,1,0
8306,0,1,0
8307,1,2,1
8308,0,1,0
8309,1,2,1
8310,0,1,0
8311,0,1,0
8312,1,2,1
8313,0,1,0
8314,0,1,0
8315,0,1,0
8316,1,2,1
8317,0,1,0
8318,0,1,0
8319,0,1,0
8320,0,1,0
8321,1,2,1
8322,3,4,3
8323,0,1,0
8324,0,1,0
8325,0,1,0
8326,0,1,0
8327,0,1,0
8328,0,1,0
8329,0,1,0
8330,0,1,0
8331,0,1,0
8332,0,1,0
8333,1,2,1
8334,0,1,0
8335,0,1,0
8336,0,1,0
8337,0,1,0
8338,0,1,0
8339,1,2,1
8340,0,1,0
8341,1,2,1
8342,0,1,0
8343,1,2,1
8344,0,1,0
8345,0,1,0
8346,1,2,1
8347,0,1,0
8348,0,1,0
8349,0,1,0
8350,0,1,0
8351,0,1,0
8352,0,1,0
8353,0,1,0
8354,0,1,0
8355,0,2,1
8356,0,1,0
8357,0,1,0
8358,0,1,0
8359,1,2,1
8360,3,1,0
8361,1,2,1
8362,0,1,0
8363,0,1,0
8364,0,1,0
8365,0,1,0
8366,1,2,1
8367,1,2,1
8368,0,1,0
8369,0,1,0
8370,0,1,0
8371,0,1,0
8372,1,2,1
8373,0,1,0
8374,1,2,1
8375,0,1,0
8376,0,1,0
8377,0,1,0
8378,3,4,3
8379,0,1,0
8380,0,1,0
8381,0,1,0
8382,4,2,1
8383,1,2,1
8384,0,1,0
8385,0,1,0
8386,0,1,0
8387,1,2,1
8388,3,4,3
8389,0,1,0
8390,0,1,0
8391,0,1,0
8392,0,1,0
8393,0,1,0
8394,0,1,0
8395,0,1,0
8396,0,1,0
8397,1,2,1
8398,1,2,1
8399,0,1,0
8400,1,2,1
8401,3,3,4
8402,0,1,0
8403,1,2,1
8404,0,1,0
8405,0,1,0
8406,0,1,0
8407,0,1,0
8408,1,2,1
8409,1,2,1
8410,1,2,1
8411,0,1,0
8412,1,2,1
8413,4,2,1
8414,0,1,0
8415,0,1,0
8416,0,1,0
8417,0,1,0
8418,0,1,0
8419,0,1,0
8420,0,1,0
8421,0,1,0
8422,0,1,0
8423,0,1,0
8424,0,1,0
8425,0,2,1
8426,0,1,0
8427,1,2,1
8428,0,1,0
8429,0,1,0
8430,0,1,0
8431,0,1,0
8432,3,3,4
8433,0,1,0
8434,0,1,0
8435,1,2,1
8436,1,2,1
8437,0,1,0
8438,0,1,0
8439,0,1,0
8440,0,1,0
8441,1,2,1
8442,1,2,1
8443,0,1,0
8444,1,2,1
8445,1,2,1
8446,0,1,0
8447,0,1,0
8448,1,2,1
8449,0,1,0
8450,0,1,0
8451,0,1,0
8452,0,1,0
8453,1,2,1
8454,1,2,1
8455,1,2,1
8456,0,1,0
8457,1,2,1
8458,0,1,0
8459,0,1,0
8460,1,2,1
8461,0,1,0
8462,0,1,0
8463,0,1,0
8464,0,1,0
8465,1,2,1
8466,0,1,0
8467,1,2,1
8468,1,2,1
8469,0,1,0
8470,0,1,0
8471,0,1,0
8472,0,1,0
8473,0,1,0
8474,0,1,0
8475,0,1,0
8476,0,1,0
8477,0,1,0
8478,0,1,0
8479,3,3,4
8480,0,1,0
8481,0,1,0
8482,3,4,3
8483,1,2,1
8484,0,2,1
8485,1,2,1
8486,0,1,0
8487,0,2,1
8488,0,1,0
8489,0,1,0
8490,0,1,0
8491,0,1,0
8492,0,1,0
8493,0,1,0
8494,0,1,0
8495,0,1,0
8496,1,2,1
8497,1,2,1
8498,0,1,0
8499,0,1,0
8500,0,1,0
8501,0,1,0
8502,0,1,0
8503,0,1,0
8504,0,1,0
8505,1,2,1
8506,1,2,1
8507,1,2,1
8508,0,1,0
8509,3,3,4
8510,0,1,0
8511,1,2,1
8512,0,1,0
8513,0,1,0
8514,0,1,0
8515,1,2,1
8516,0,1,0
8517,0,1,0
8518,1,2,1
8519,3,4,3
8520,1,2,1
8521,1,2,1
8522,0,1,0
8523,1,2,1
8524,0,1,0
8525,0,1,0
8526,1,2,1
8527,1,2,1
8528,0,1,0
8529,0,1,0
8530,0,1,0
8531,0,1,0
8532,0,1,0
8533,3,1,0
8534,1,2,1
8535,0,1,0
8536,0,1,0
8537,0,1,0
8538,0,1,0
8539,0,1,0
8540,1,2,1
8541,0,1,0
8542,0,1,0
8543,0,1,0
8544,0,1,0
8545,0,1,0
8546,0,1,0
8547,1,2,1
8548,0,1,0
8549,0,1,0
8550,0,1,0
8551,0,1,0
8552,0,1,0
8553,0,1,0
8554,0,1,0
8555,1,2,1
8556,1,2,1
8557,0,1,0
8558,0,1,0
8559,0,1,0
8560,0,1,0
8561,1,2,1
8562,0,1,0
8563,0,1,0
8564,4,2,1
8565,0,1,0
8566,0,1,0
8567,0,1,0
8568,1,2,1
8569,0,1,0
8570,0,1,0
8571,1,2,1
8572,0,1,0
8573,0,1,0
8574,0,1,0
8575,1,2,1
8576,0,1,0
8577,0,1,0
8578,1,2,1
8579,3,4,3
8580,0,1,0
8581,1,2,1
8582,0,1,0
8583,0,1,0
8584,0,1,0
8585,0,1,0
8586,0,1,0
8587,0,1,0
8588,0,1,0
8589,0,1,0
8590,0,1,0
8591,1,2,1
8592,0,1,0
8593,0,1,0
8594,0,1,0
8595,1,2,1
8596,0,1,0
8597,0,1,0
8598,0,1,0
8599,1,2,1
8600,0,1,0
8601,0,1,0
8602,0,1,0
8603,0,1,0
8604,0,1,0
8605,0,1,0
8606,1,2,1
8607,0,1,0
8608,0,1,0
8609,0,1,0
8610,3,4,3
8611,0,1,0
8612,1,2,1
8613,1,2,1
8614,1,2,1
8615,0,1,0
8616,0,1,0
8617,0,1,0
8618,0,1,0
8619,0,1,0
8620,0,1,0
8621,0,1,0
8622,0,1,0
8623,1,2,1
8624,1,2,1
8625,1,2,1
8626,1,2,1
8627,0,1,0
8628,0,1,0
8629,0,1,0
8630,1,2,1
8631,0,1,0
8632,0,1,0
8633,0,1,0
8634,0,1,0
8635,0,1,0
8636,0,1,0
8637,0,1,0
8638,0,1,0
8639,0,1,0
8640,0,1,0
8641,1,2,1
8642,0,1,0
8643,1,2,1
8644,0,1,0
8645,0,1,0
8646,0,1,0
8647,1,2,1
8648,0,1,0
8649,1,2,1
8650,0,1,0
8651,0,1,0
8652,0,1,0
8653,0,1,0
8654,0,1,0
8655,0,2,1
8656,0,1,0
8657,1,2,1
8658,0,1,0
8659,1,2,1
8660,0,1,0
8661,0,1,0
8662,1,2,1
8663,0,1,0
8664,3,4,3
8665,0,1,0
8666,1,2,1
8667,1,2,1
8668,4,2,1
8669,1,2,1
8670,1,2,1
8671,0,1,0
8672,0,1,0
8673,1,2,1
8674,0,1,0
8675,0,2,1
8676,0,1,0
8677,1,2,1
8678,0,1,0
8679,0,2,1
8680,0,1,0
8681,0,1,0
8682,0,1,0
8683,0,1,0
8684,0,1,0
8685,0,1,0
8686,0,1,0
8687,0,1,0
8688,0,1,0
8689,0,1,0
8690,0,1,0
8691,0,1,0
8692,1,2,1
8693,0,1,0
8694,0,1,0
8695,1,2,1
8696,0,1,0
8697,4,2,1
8698,1,2,1
8699,0,1,0
8700,0,1,0
8701,1,2,1
8702,0,1,0
8703,1,2,1
8704,1,2,1
8705,1,2,1
8706,0,1,0
8707,0,1,0
8708,0,1,0
8709,0,1,0
8710,0,1,0
8711,0,1,0
8712,0,1,0
8713,1,2,1
8714,0,1,0
8715,4,2,1
8716,0,1,0
8717,1,2,1
8718,0,1,0
8719,1,2,1
8720,0,1,0
8721,0,1,0
8722,0,1,0
8723,0,1,0
8724,1,2,1
8725,3,4,3
8726,1,2,1
8727,0,1,0
8728,0,1,0
8729,1,2,1
8730,0,1,0
8731,1,2,1
8732,0,1,0
8733,0,1,0
8734,0,1,0
8735,1,2,1
8736,0,1,0
8737,0,1,0
8738,0,1,0
8739,0,1,0
8740,3,3,4
8741,1,2,1
8742,0,1,0
8743,0,1,0
8744,1,2,1
8745,4,2,1
8746,0,1,0
8747,3,3,4
8748,0,2,1
8749,0,1,0
8750,0,1,0
8751,3,4,3
8752,0,1,0
8753,1,2,1
8754,1,2,1
8755,3,4,3
8756,0,1,0
8757,1,2,1
8758,0,1,0
8759,0,1,0
8760,0,1,0
8761,3,4,3
8762,0,1,0
8763,0,1,0
8764,3,4,3
8765,1,2,1
8766,0,1,0
8767,0,1,0
8768,0,1,0
8769,0,1,0
8770,0,1,0
8771,1,2,1
8772,3,4,3
8773,0,1,0
8774,0,1,0
8775,0,1,0
8776,0,1,0
8777,0,1,0
8778,0,1,0
8779,0,1,0
8780,0,1,0
8781,0,1,0
8782,0,1,0
8783,0,1,0
8784,0,1,0
8785,0,1,0
8786,0,1,0
8787,1,2,1
8788,1,2,1
8789,0,1,0
8790,0,1,0
8791,0,1,0
8792,0,2,1
8793,0,1,0
8794,0,1,0
8795,0,1,0
8796,0,1,0
8797,0,1,0
8798,1,2,1
8799,0,1,0
8800,0,1,0
8801,1,2,1
8802,0,1,0
8803,1,2,1
8804,0,1,0
8805,1,2,1
8806,0,1,0
8807,0,1,0
8808,0,1,0
8809,0,1,0
8810,1,2,1
8811,0,1,0
8812,0,1,0
8813,0,1,0
8814,2,0,2
8815,0,1,0
8816,1,2,1
8817,0,1,0
8818,0,1,0
8819,0,1,0
8820,0,1,0
8821,0,1,0
8822,0,1,0
8823,0,1,0
8824,4,2,1
8825,4,2,1
8826,0,1,0
8827,0,1,0
8828,0,1,0
8829,1,2,1
8830,1,2,1
8831,0,1,0
8832,0,1,0
8833,1,2,1
8834,0,1,0
8835,0,1,0
8836,0,1,0
8837,0,1,0
8838,1,2,1
8839,3,4,3
8840,0,1,0
8841,1,2,1
8842,0,1,0
8843,0,1,0
8844,1,2,1
8845,0,1,0
8846,0,1,0
8847,0,1,0
8848,0,1,0
8849,0,1,0
8850,0,1,0
8851,0,1,0
8852,0,1,0
8853,0,1,0
8854,0,1,0
8855,1,2,1
8856,4,2,1
8857,0,1,0
8858,0,1,0
8859,3,4,3
8860,0,1,0
8861,0,1,0
8862,0,1,0
8863,0,1,0
8864,1,2,1
8865,0,1,0
8866,0,1,0
8867,0,1,0
8868,0,1,0
8869,1,2,1
8870,1,2,1
8871,0,1,0
8872,0,1,0
8873,0,1,0
8874,0,1,0
8875,1,2,1
8876,1,2,1
8877,0,1,0
8878,0,1,0
8879,1,2,1
8880,0,1,0
8881,1,2,1
8882,0,1,0
8883,0,1,0
8884,0,1,0
8885,0,1,0
8886,0,1,0
8887,0,1,0
8888,0,1,0
8889,1,2,1
8890,0,1,0
8891,0,1,0
8892,0,1,0
8893,0,1,0
8894,0,1,0
8895,0,1,0
8896,4,2,1
8897,2,0,2
8898,0,1,0
8899,0,1,0
8900,1,2,1
8901,1,2,1
8902,1,2,1
8903,0,1,0
8904,0,1,0
8905,1,2,1
8906,0,1,0
8907,0,1,0
8908,0,1,0
8909,0,1,0
8910,0,1,0
8911,0,1,0
8912,4,2,1
8913,0,1,0
8914,0,1,0
8915,0,1,0
8916,0,1,0
8917,0,1,0
8918,0,1,0
8919,0,1,0
8920,0,1,0
8921,0,1,0
8922,1,2,1
8923,0,1,0
8924,0,1,0
8925,1,2,1
8926,0,1,0
8927,0,1,0
8928,0,1,0
8929,0,1,0
8930,0,1,0
8931,1,2,1
8932,0,1,0
8933,0,1,0
8934,0,1,0
8935,0,1,0
8936,0,1,0
8937,0,1,0
8938,0,1,0
8939,0,1,0
8940,0,1,0
8941,0,1,0
8942,1,2,1
8943,1,2,1
8944,0,1,0
8945,1,2,1
8946,0,1,0
8947,0,1,0
8948,0,1,0
8949,0,1,0
8950,1,2,1
8951,1,2,1
8952,0,1,0
8953,1,2,1
8954,0,1,0
8955,0,1,0
8956,0,1,0
8957,0,2,1
8958,0,1,0
8959,0,1,0
8960,1,2,1
8961,0,1,0
8962,1,2,1
8963,0,1,0
8964,0,1,0
8965,0,1,0
8966,4,2,1
8967,0,1,0
8968,0,1,0
8969,0,1,0
8970,1,2,1
8971,1,2,1
8972,0,1,0
8973,0,1,0
8974,0,1,0
8975,0,1,0
8976,1,2,1
8977,0,1,0
8978,3,3,4
8979,0,1,0
8980,1,2,1
8981,1,2,1
8982,4,2,1
8983,0,1,0
8984,0,1,0
8985,0,1,0
8986,1,2,1
8987,0,1,0
8988,0,1,0
8989,0,1,0
8990,0,1,0
8991,0,1,0
8992,1,2,1
8993,4,2,1
8994,1,2,1
8995,0,1,0
8996,0,1,0
8997,0,2,1
8998,1,2,1
8999,0,1,0
9000,1,2,1
9001,0,1,0
9002,4,2,1
9003,0,1,0
9004,0,1,0
9005,0,1,0
9006,0,1,0
9007,1,2,1
9008,1,2,1
9009,0,1,0
9010,1,2,1
9011,1,2,1
9012,0,1,0
9013,0,1,0
9014,1,2,1
9015,0,1,0
9016,1,2,1
9017,0,1,0
9018,0,1,0
9019,0,1,0
9020,0,1,0
9021,0,1,0
9022,0,1,0
9023,0,1,0
9024,0,1,0
9025,0,1,0
9026,3,3,4
9027,1,2,1
9028,1,2,1
9029,0,2,1
9030,0,1,0
9031,1,2,1
9032,0,1,0
9033,1,2,1
9034,0,1,0
9035,0,1,0
9036,0,1,0
9037,0,1,0
9038,1,2,1
9039,0,1,0
9040,0,1,0
9041,0,1,0
9042,0,1,0
9043,0,1,0
9044,0,1,0
9045,0,1,0
9046,0,1,0
9047,0,1,0
9048,1,2,1
9049,1,2,1
9050,4,2,1
9051,0,1,0
9052,1,2,1
9053,1,2,1
9054,0,1,0
9055,1,2,1
9056,0,1,0
9057,1,2,1
9058,0,1,0
9059,1,2,1
9060,1,2,1
9061,0,1,0
9062,0,1,0
9063,0,1,0
9064,0,1,0
9065,0,1,0
9066,0,1,0
9067,0,1,0
9068,0,1,0
9069,0,1,0
9070,0,1,0
9071,0,1,0
9072,0,1,0
9073,0,1,0
9074,1,2,1
9075,0,1,0
9076,0,1,0
9077,0,1,0
9078,0,1,0
9079,1,2,1
9080,0,1,0
9081,0,1,0
9082,3,4,3
9083,0,1,0
9084,0,1,0
9085,0,1,0
9086,1,2,1
9087,0,1,0
9088,0,1,0
9089,0,1,0
9090,4,2,1
9091,0,1,0
9092,0,1,0
9093,0,1,0
9094,0,1,0
9095,0,1,0
9096,0,1,0
9097,0,1,0
9098,0,1,0
9099,1,2,1
9100,0,1,0
9101,0,1,0
9102,0,1,0
9103,3,4,3
9104,1,2,1
9105,0,1,0
9106,0,1,0
9107,0,1,0
9108,0,1,0
9109,0,1,0
9110,1,2,1
9111,0,1,0
9112,1,2,1
9113,0,2,1
9114,3,4,3
9115,0,1,0
9116,0,1,0
9117,0,1,0
9118,1,2,1
9119,1,2,1
9120,0,1,0
9121,0,1,0
9122,1,2,1
9123,1,2,1
9124,1,2,1
9125,0,1,0
9126,0,1,0
9127,0,1,0
9128,0,1,0
9129,0,1,0
9130,0,1,0
9131,0,1,0
9132,1,2,1
9133,3,4,3
9134,0,1,0
9135,0,1,0
9136,0,1,0
9137,4,2,1
9138,0,1,0
9139,1,2,1
9140,0,1,0
9141,0,1,0
9142,0,1,0
9143,1,2,1
9144,0,1,0
9145,0,1,0
9146,1,2,1
9147,0,1,0
9148,0,1,0
9149,1,2,1
9150,0,1,0
9151,4,2,1
9152,1,2,1
9153,0,1,0
9154,1,2,1
9155,0,1,0
9156,0,1,0
9157,1,2,1
9158,0,1,0
9159,0,1,0
9160,1,2,1
9161,0,1,0
9162,0,1,0
9163,0,1,0
9164,0,2,1
9165,0,1,0
9166,1,2,1
9167,0,1,0
9168,0,1,0
9169,0,1,0
9170,4,2,1
9171,0,1,0
9172,0,1,0
9173,3,1,0
9174,1,2,1
9175,0,1,0
9176,1,2,1
9177,1,2,1
9178,0,1,0
9179,0,1,0
9180,0,1,0
9181,0,1,0
9182,0,1,0
9183,0,1,0
9184,0,1,0
9185,0,1,0
9186,0,1,0
9187,0,1,0
9188,0,1,0
9189,0,1,0
9190,0,1,0
9191,0,1,0
9192,0,1,0
9193,0,1,0
9194,1,2,1
9195,0,1,0
9196,1,2,1
9197,1,2,1
9198,0,1,0
9199,0,1,0
9200,0,1,0
9201,0,1,0
9202,0,1,0
9203,0,1,0
9204,0,1,0
9205,1,2,1
9206,0,2,1
9207,0,1,0
9208,0,1,0
9209,0,1,0
9210,1,2,1
9211,0,1,0
9212,1,2,1
9213,1,2,1
9214,0,1,0
9215,0,1,0
9216,0,1,0
9217,0,1,0
9218,0,1,0
9219,0,1,0
9220,0,1,0
9221,0,1,0
9222,0,1,0
9223,1,2,1
9224,3,4,3
9225,0,1,0
9226,0,1,0
9227,1,2,1
9228,0,1,0
9229,1,2,1
9230,0,1,0
9231,1,2,1
9232,0,1,0
9233,1,2,1
9234,1,2,1
9235,0,1,0
9236,1,2,1
9237,0,1,0
9238,1,2,1
9239,0,1,0
9240,0,1,0
9241,1,2,1
9242,0,1,0
9243,1,2,1
9244,0,1,0
9245,0,1,0
9246,0,1,0
9247,1,2,1
9248,1,2,1
9249,1,2,1
9250,0,1,0
9251,1,2,1
9252,0,1,0
9253,0,1,0
9254,0,1,0
9255,0,1,0
9256,0,1,0
9257,1,2,1
9258,1,2,1
9259,0,1,0
9260,1,2,1
9261,4,2,1
9262,1,2,1
9263,0,1,0
9264,1,2,1
9265,0,1,0
9266,0,1,0
9267,0,1,0
9268,1,2,1
9269,1,2,1
9270,0,1,0
9271,0,1,0
9272,1,2,1
9273,3,4,3
9274,1,2,1
9275,0,1,0
9276,0,1,0
9277,0,1,0
9278,0,1,0
9279,0,1,0
9280,0,2,1
9281,0,1,0
9282,0,1,0
9283,1,2,1
9284,0,1,0
9285,0,1,0
9286,0,1,0
9287,1,2,1
9288,3,3,4
9289,1,2,1
9290,0,1,0
9291,0,1,0
9292,3,4,3
9293,0,1,0
9294,0,1,0
9295,0,1,0
9296,4,2,1
9297,0,1,0
9298,0,1,0
9299,0,1,0
9300,0,1,0
9301,1,2,1
9302,0,1,0
9303,0,1,0
9304,1,2,1
9305,0,1,0
9306,1,2,1
9307,0,1,0
9308,0,1,0
9309,1,2,1
9310,0,1,0
9311,0,1,0
9312,0,1,0
9313,0,1,0
9314,1,2,1
9315,1,2,1
9316,0,1,0
9317,0,1,0
9318,0,1,0
9319,0,1,0
9320,3,4,3
9321,1,2,1
9322,0,1,0
9323,0,1,0
9324,0,1,0
9325,1,2,1
9326,0,1,0
9327,0,1,0
9328,0,1,0
9329,0,1,0
9330,0,1,0
9331,1,2,1
9332,0,1,0
9333,0,1,0
9334,0,1,0
9335,0,1,0
9336,0,1,0
9337,1,2,1
9338,0,1,0
9339,2,0,2
9340,0,1,0
9341,1,2,1
9342,3,4,3
9343,0,1,0
9344,0,1,0
9345,1,2,1
9346,1,2,1
9347,0,1,0
9348,0,1,0
9349,0,1,0
9350,3,4,3
9351,0,1,0
9352,0,2,1
9353,0,1,0
9354,3,4,3
9355,0,1,0
9356,0,1,0
9357,1,2,1
9358,1,2,1
9359,0,1,0
9360,1,2,1
9361,4,2,1
9362,0,1,0
9363,1,2,1
9364,3,4,3
9365,0,1,0
9366,1,2,1
9367,0,1,0
9368,0,1,0
9369,1,2,1
9370,0,1,0
9371,0,1,0
9372,1,2,1
9373,1,2,1
9374,0,1,0
9375,0,1,0
9376,0,1,0
9377,0,1,0
9378,1,2,1
9379,0,1,0
9380,1,2,1
9381,0,1,0
9382,1,2,1
9383,0,1,0
9384,0,1,0
9385,1,2,1
9386,0,1,0
9387,0,1,0
9388,3,4,3
9389,0,1,0
9390,0,1,0
9391,0,1,0
9392,0,1,0
9393,0,1,0
9394,0,1,0
9395,0,1,0
9396,0,1,0
9397,0,1,0
9398,0,1,0
9399,1,2,1
9400,1,2,1
9401,0,1,0
9402,1,2,1
9403,0,1,0
9404,1,2,1
9405,0,1,0
9406,1,2,1
9407,0,1,0
9408,0,2,1
9409,0,1,0
9410,0,1,0
9411,1,2,1
9412,0,1,0
9413,0,1,0
9414,1,2,1
9415,0,2,1
9416,0,1,0
9417,1,2,1
9418,0,1,0
9419,0,1,0
9420,0,1,0
9421,0,1,0
9422,0,1,0
9423,0,1,0
9424,0,1,0
9425,0,1,0
9426,0,1,0
9427,0,1,0
9428,0,1,0
9429,0,1,0
9430,0,1,0
9431,0,1,0
9432,0,1,0
9433,0,1,0
9434,1,2,1
9435,0,1,0
9436,0,1,0
9437,0,1,0
9438,0,1,0
9439,0,1,0
9440,0,1,0
9441,0,1,0
9442,1,2,1
9443,3,3,4
9444,1,2,1
9445,0,1,0
9446,0,1,0
9447,0,1,0
9448,0,1,0
9449,0,1,0
9450,0,1,0
9451,1,2,1
9452,0,1,0
9453,0,1,0
9454,1,2,1
9455,0,1,0
9456,1,2,1
9457,0,1,0
9458,1,2,1
9459,0,1,0
9460,0,1,0
9461,3,3,4
9462,0,1,0
9463,0,2,1
9464,3,4,3
9465,0,1,0
9466,1,2,1
9467,1,2,1
9468,3,4,3
9469,0,1,0
9470,0,1,0
9471,0,1,0
9472,0,1,0
9473,0,1,0
9474,0,1,0
9475,1,2,1
9476,0,1,0
9477,0,1,0
9478,0,1,0
9479,1,2,1
9480,1,2,1
9481,1,2,1
9482,0,1,0
9483,0,1,0
9484,0,1,0
9485,0,1,0
9486,3,4,3
9487,1,2,1
9488,0,1,0
9489,0,1,0
9490,0,1,0
9491,1,2,1
9492,0,1,0
9493,1,2,1
9494,1,2,1
9495,0,1,0
9496,0,1,0
9497,0,1,0
9498,1,2,1
9499,3,4,3
9500,4,2,1
9501,0,1,0
9502,1,2,1
9503,0,1,0
9504,0,1,0
9505,1,2,1
9506,2,0,2
9507,0,1,0
9508,0,1,0
9509,0,1,0
9510,0,1,0
9511,0,1,0
9512,1,2,1
9513,0,2,1
9514,0,1,0
9515,0,1,0
9516,0,1,0
9517,1,2,1
9518,1,2,1
9519,0,1,0
9520,0,1,0
9521,0,1,0
9522,0,1,0
9523,0,1,0
9524,0,1,0
9525,0,1,0
9526,0,1,0
9527,0,1,0
9528,0,1,0
9529,0,1,0
9530,1,2,1
9531,0,1,0
9532,0,1,0
9533,1,2,1
9534,1,2,1
9535,3,4,3
9536,0,1,0
9537,0,1,0
9538,0,1,0
9539,0,1,0
9540,0,1,0
9541,0,1,0
9542,0,1,0
9543,0,1,0
9544,0,1,0
9545,1,2,1
9546,0,1,0
9547,0,1,0
9548,0,1,0
9549,0,1,0
9550,1,2,1
9551,3,3,4
