cell_id,true_label,pred_label_raw,pred_label_aligned
0,8,0,8
1,7,2,7
2,6,6,0
3,7,2,7
4,7,1,4
5,8,8,3
6,6,4,6
7,6,4,6
8,6,1,4
9,7,2,7
10,7,2,7
11,7,2,7
12,5,1,4
13,8,4,6
14,7,2,7
15,7,2,7
16,6,1,4
17,1,4,6
18,6,4,6
19,6,4,6
20,6,4,6
21,2,3,2
22,7,4,6
23,6,4,6
24,6,7,1
25,6,6,0
26,6,4,6
27,1,4,6
28,6,4,6
29,6,4,6
30,6,4,6
31,8,0,8
32,6,4,6
33,6,6,0
34,6,4,6
35,6,4,6
36,6,4,6
37,6,4,6
38,6,1,4
39,6,4,6
40,6,4,6
41,6,4,6
42,6,4,6
43,6,4,6
44,6,4,6
45,8,4,6
46,7,2,7
47,6,4,6
48,6,4,6
49,6,4,6
50,6,4,6
51,6,4,6
52,6,4,6
53,6,1,4
54,6,4,6
55,2,3,2
56,6,4,6
57,7,2,7
58,6,4,6
59,6,4,6
60,5,5,5
61,2,3,2
62,6,4,6
63,6,4,6
64,6,4,6
65,6,4,6
66,6,4,6
67,6,4,6
68,6,4,6
69,6,4,6
70,8,0,8
71,6,1,4
72,7,2,7
73,6,4,6
74,6,4,6
75,6,1,4
76,6,4,6
77,6,4,6
78,6,4,6
79,6,4,6
80,7,7,1
81,6,4,6
82,1,4,6
83,6,4,6
84,6,4,6
85,8,1,4
86,6,1,4
87,6,4,6
88,5,5,5
89,8,4,6
90,7,4,6
91,6,4,6
92,6,4,6
93,6,4,6
94,5,7,1
95,5,5,5
96,7,2,7
97,6,4,6
98,8,0,8
99,7,6,0
100,6,4,6
101,6,4,6
102,6,4,6
103,7,2,7
104,6,4,6
105,6,4,6
106,5,7,1
107,0,6,0
108,6,4,6
109,8,8,3
110,2,3,2
111,6,4,6
112,6,4,6
113,6,4,6
114,7,4,6
115,6,4,6
116,6,4,6
117,5,4,6
118,8,4,6
119,6,4,6
120,6,1,4
121,7,2,7
122,6,4,6
123,6,4,6
124,6,1,4
125,6,4,6
126,6,4,6
127,6,1,4
128,7,6,0
129,6,4,6
130,8,0,8
131,6,4,6
132,8,0,8
133,6,4,6
134,6,4,6
135,6,4,6
136,6,4,6
137,8,4,6
138,6,1,4
139,7,2,7
140,7,2,7
141,6,4,6
142,6,4,6
143,6,4,6
144,6,1,4
145,6,4,6
146,6,4,6
147,6,1,4
148,6,4,6
149,6,4,6
150,6,4,6
151,5,4,6
152,6,4,6
153,6,4,6
154,5,5,5
155,6,4,6
156,6,4,6
157,6,4,6
158,8,1,4
159,6,4,6
160,7,2,7
161,7,2,7
162,6,4,6
163,8,0,8
164,7,2,7
165,7,2,7
166,1,1,4
167,8,0,8
168,6,4,6
169,6,4,6
170,6,4,6
171,6,4,6
172,6,4,6
173,6,4,6
174,6,1,4
175,5,5,5
176,6,4,6
177,6,7,1
178,1,4,6
179,7,2,7
180,6,4,6
181,6,4,6
182,8,0,8
183,5,5,5
184,4,6,0
185,6,4,6
186,5,3,2
187,7,2,7
188,6,4,6
189,6,4,6
190,6,4,6
191,6,6,0
192,6,1,4
193,8,0,8
194,6,4,6
195,6,4,6
196,6,1,4
197,8,0,8
198,6,1,4
199,6,4,6
200,1,4,6
201,1,3,2
202,6,4,6
203,7,1,4
204,6,4,6
205,6,4,6
206,6,4,6
207,1,4,6
208,7,2,7
209,6,4,6
210,1,3,2
211,6,4,6
212,6,1,4
213,8,0,8
214,5,5,5
215,6,4,6
216,6,4,6
217,6,4,6
218,6,1,4
219,6,4,6
220,6,4,6
221,2,4,6
222,6,1,4
223,2,7,1
224,7,2,7
225,5,4,6
226,6,4,6
227,6,4,6
228,6,4,6
229,4,4,6
230,6,1,4
231,6,4,6
232,8,0,8
233,6,1,4
234,6,4,6
235,2,4,6
236,6,4,6
237,2,3,2
238,7,2,7
239,1,3,2
240,6,4,6
241,6,4,6
242,6,4,6
243,8,1,4
244,6,4,6
245,8,0,8
246,6,4,6
247,6,4,6
248,1,4,6
249,6,4,6
250,6,1,4
251,6,4,6
252,6,4,6
253,1,1,4
254,6,4,6
255,6,4,6
256,6,4,6
257,6,4,6
258,6,4,6
259,6,4,6
260,2,1,4
261,1,4,6
262,2,4,6
263,7,4,6
264,6,1,4
265,6,1,4
266,6,4,6
267,6,4,6
268,6,6,0
269,6,4,6
270,2,3,2
271,6,4,6
272,6,4,6
273,5,4,6
274,6,4,6
275,5,5,5
276,8,4,6
277,8,0,8
278,6,4,6
279,6,4,6
280,7,2,7
281,6,1,4
282,6,4,6
283,6,4,6
284,1,4,6
285,6,4,6
286,6,4,6
287,6,4,6
288,6,1,4
289,6,4,6
290,6,1,4
291,6,7,1
292,6,4,6
293,6,1,4
294,6,4,6
295,6,1,4
296,6,4,6
297,7,2,7
298,8,0,8
299,6,4,6
300,6,4,6
301,5,4,6
302,8,0,8
303,6,4,6
304,6,7,1
305,6,4,6
306,6,1,4
307,7,2,7
308,6,4,6
309,6,6,0
310,6,4,6
311,6,4,6
312,7,2,7
313,1,4,6
314,1,4,6
315,7,2,7
316,6,4,6
317,6,4,6
318,6,4,6
319,6,4,6
320,8,1,4
321,6,4,6
322,6,4,6
323,7,2,7
324,6,4,6
325,6,4,6
326,2,3,2
327,8,4,6
328,6,1,4
329,5,4,6
330,6,4,6
331,2,3,2
332,1,4,6
333,6,4,6
334,5,5,5
335,2,3,2
336,6,4,6
337,5,4,6
338,6,4,6
339,6,1,4
340,8,0,8
341,1,4,6
342,6,4,6
343,6,4,6
344,6,7,1
345,2,4,6
346,6,4,6
347,6,4,6
348,8,4,6
349,6,4,6
350,6,1,4
351,6,4,6
352,8,0,8
353,5,4,6
354,6,1,4
355,6,4,6
356,6,4,6
357,8,4,6
358,6,1,4
359,6,4,6
360,1,4,6
361,6,4,6
362,6,4,6
363,6,4,6
364,6,4,6
365,6,4,6
366,2,3,2
367,6,4,6
368,6,4,6
369,8,1,4
370,6,4,6
371,6,4,6
372,6,4,6
373,6,4,6
374,6,4,6
375,6,4,6
376,6,4,6
377,6,1,4
378,7,2,7
379,1,7,1
380,6,4,6
381,6,1,4
382,6,4,6
383,6,4,6
384,6,1,4
385,8,1,4
386,6,1,4
387,6,4,6
388,6,4,6
389,6,4,6
390,7,4,6
391,6,4,6
392,6,4,6
393,6,4,6
394,6,4,6
395,6,4,6
396,7,2,7
397,6,4,6
398,6,4,6
399,6,4,6
400,8,7,1
401,5,5,5
402,7,2,7
403,6,4,6
404,6,4,6
405,6,4,6
406,7,2,7
407,6,4,6
408,8,0,8
409,6,4,6
410,6,4,6
411,2,3,2
412,8,4,6
413,6,1,4
414,5,5,5
415,1,3,2
416,6,4,6
417,8,4,6
418,6,4,6
419,7,2,7
420,6,6,0
421,6,4,6
422,6,4,6
423,6,4,6
424,6,1,4
425,2,3,2
426,6,4,6
427,6,4,6
428,6,3,2
429,6,4,6
430,2,4,6
431,6,4,6
432,6,4,6
433,1,4,6
434,7,2,7
435,6,4,6
436,6,4,6
437,6,4,6
438,6,4,6
439,7,2,7
440,8,1,4
441,6,4,6
442,6,4,6
443,8,0,8
444,6,1,4
445,1,3,2
446,6,4,6
447,2,4,6
448,6,4,6
449,6,4,6
450,6,4,6
451,8,4,6
452,5,7,1
453,5,4,6
454,6,1,4
455,6,1,4
456,6,1,4
457,5,7,1
458,6,4,6
459,6,4,6
460,6,1,4
461,6,4,6
462,8,0,8
463,1,4,6
464,6,1,4
465,6,4,6
466,6,4,6
467,6,4,6
468,6,4,6
469,8,1,4
470,4,2,7
471,6,4,6
472,6,4,6
473,6,1,4
474,8,0,8
475,6,4,6
476,6,4,6
477,5,5,5
478,6,4,6
479,8,4,6
480,6,4,6
481,6,1,4
482,5,5,5
483,6,1,4
484,6,4,6
485,6,4,6
486,6,4,6
487,6,4,6
488,6,4,6
489,6,4,6
490,1,4,6
491,6,1,4
492,6,4,6
493,6,4,6
494,6,4,6
495,6,4,6
496,8,4,6
497,2,3,2
498,6,4,6
499,6,4,6
500,6,4,6
501,6,4,6
502,6,4,6
503,6,1,4
504,1,4,6
505,6,4,6
506,2,3,2
507,6,1,4
508,5,5,5
509,6,1,4
510,6,1,4
511,8,7,1
512,6,4,6
513,6,4,6
514,6,4,6
515,6,1,4
516,6,4,6
517,6,4,6
518,6,4,6
519,5,5,5
520,6,4,6
521,6,4,6
522,6,4,6
523,1,4,6
524,6,4,6
525,7,2,7
526,7,2,7
527,2,3,2
528,6,1,4
529,6,4,6
530,7,2,7
531,6,4,6
532,5,5,5
533,6,4,6
534,2,4,6
535,6,4,6
536,6,4,6
537,6,4,6
538,5,1,4
539,6,4,6
540,6,4,6
541,5,5,5
542,7,4,6
543,6,4,6
544,2,4,6
545,2,1,4
546,6,4,6
547,6,4,6
548,6,1,4
549,5,5,5
550,6,4,6
551,8,0,8
552,6,4,6
553,6,4,6
554,6,4,6
555,6,4,6
556,6,4,6
557,6,1,4
558,6,4,6
559,7,4,6
560,5,4,6
561,8,0,8
562,6,1,4
563,1,4,6
564,6,4,6
565,8,4,6
566,6,4,6
567,6,4,6
568,6,4,6
569,5,4,6
570,7,2,7
571,7,2,7
572,6,4,6
573,8,4,6
574,5,5,5
575,6,4,6
576,6,4,6
577,6,4,6
578,6,4,6
579,6,4,6
580,1,4,6
581,6,4,6
582,5,4,6
583,7,2,7
584,2,3,2
585,5,4,6
586,6,4,6
587,6,4,6
588,6,4,6
589,6,4,6
590,6,1,4
591,6,4,6
592,6,4,6
593,6,1,4
594,6,4,6
595,6,4,6
596,8,0,8
597,6,4,6
598,6,4,6
599,6,1,4
600,6,1,4
601,8,4,6
602,7,2,7
603,8,4,6
604,6,1,4
605,6,6,0
606,6,1,4
607,6,4,6
608,6,4,6
609,6,4,6
610,6,1,4
611,6,4,6
612,2,3,2
613,6,4,6
614,6,4,6
615,6,4,6
616,6,4,6
617,5,5,5
618,6,4,6
619,6,4,6
620,8,4,6
621,6,4,6
622,7,2,7
623,6,6,0
624,6,4,6
625,6,4,6
626,6,4,6
627,8,4,6
628,6,4,6
629,6,4,6
630,6,4,6
631,6,4,6
632,6,4,6
633,6,4,6
634,6,1,4
635,5,5,5
636,8,0,8
637,1,4,6
638,8,8,3
639,6,4,6
640,6,4,6
641,8,1,4
642,2,3,2
643,6,4,6
644,6,4,6
645,6,1,4
646,8,4,6
647,2,3,2
648,6,1,4
649,7,2,7
650,6,4,6
651,7,4,6
652,5,4,6
653,6,4,6
654,6,1,4
655,6,4,6
656,8,0,8
657,8,0,8
658,2,4,6
659,6,4,6
660,1,4,6
661,7,2,7
662,6,4,6
663,6,1,4
664,1,7,1
665,6,4,6
666,6,4,6
667,7,2,7
668,8,4,6
669,4,1,4
670,8,0,8
671,6,4,6
672,6,4,6
673,1,3,2
674,8,4,6
675,8,4,6
676,6,1,4
677,2,4,6
678,6,4,6
679,6,4,6
680,6,4,6
681,5,4,6
682,6,4,6
683,2,3,2
684,5,5,5
685,6,4,6
686,6,4,6
687,8,1,4
688,8,4,6
689,6,1,4
690,6,4,6
691,6,4,6
692,6,1,4
693,6,4,6
694,6,4,6
695,6,1,4
696,8,0,8
697,2,3,2
698,6,4,6
699,2,3,2
700,7,2,7
701,6,4,6
702,6,4,6
703,8,4,6
704,8,0,8
705,6,4,6
706,6,4,6
707,7,2,7
708,6,4,6
709,6,4,6
710,6,4,6
711,6,1,4
712,6,4,6
713,6,4,6
714,2,3,2
715,1,7,1
716,6,6,0
717,6,4,6
718,6,4,6
719,6,4,6
720,8,0,8
721,6,1,4
722,5,5,5
723,6,4,6
724,1,7,1
725,6,4,6
726,6,4,6
727,6,6,0
728,5,4,6
729,6,4,6
730,6,4,6
731,6,4,6
732,6,4,6
733,5,1,4
734,6,4,6
735,6,1,4
736,6,4,6
737,6,4,6
738,6,4,6
739,6,4,6
740,6,4,6
741,6,4,6
742,6,4,6
743,6,1,4
744,8,4,6
745,5,5,5
746,6,4,6
747,6,4,6
748,5,5,5
749,2,7,1
750,6,1,4
751,2,3,2
752,6,4,6
753,6,4,6
754,6,4,6
755,6,4,6
756,2,4,6
757,6,4,6
758,6,4,6
759,6,4,6
760,5,5,5
761,6,4,6
762,6,4,6
763,6,4,6
764,8,0,8
765,6,4,6
766,6,4,6
767,6,4,6
768,5,4,6
769,2,3,2
770,6,4,6
771,6,4,6
772,6,4,6
773,6,4,6
774,8,0,8
775,6,4,6
776,6,4,6
777,7,4,6
778,6,4,6
779,5,5,5
780,6,4,6
781,5,4,6
782,6,4,6
783,6,4,6
784,1,4,6
785,1,4,6
786,6,4,6
787,6,4,6
788,6,4,6
789,8,4,6
790,7,2,7
791,6,4,6
792,6,4,6
793,6,4,6
794,6,4,6
795,8,0,8
796,6,4,6
797,6,4,6
798,7,2,7
799,7,2,7
800,7,2,7
801,6,4,6
802,6,4,6
803,6,4,6
804,6,4,6
805,6,4,6
806,6,4,6
807,6,4,6
808,6,4,6
809,6,4,6
810,8,4,6
811,5,3,2
812,8,0,8
813,6,4,6
814,6,4,6
815,6,4,6
816,6,4,6
817,1,1,4
818,6,4,6
819,6,4,6
820,7,2,7
821,6,4,6
822,8,4,6
823,7,2,7
824,6,4,6
825,6,4,6
826,3,7,1
827,8,0,8
828,5,5,5
829,6,4,6
830,5,5,5
831,7,2,7
832,6,4,6
833,2,4,6
834,7,2,7
835,6,1,4
836,7,2,7
837,7,2,7
838,5,1,4
839,6,4,6
840,2,4,6
841,7,2,7
842,6,4,6
843,6,4,6
844,7,4,6
845,6,4,6
846,6,4,6
847,6,4,6
848,7,2,7
849,6,4,6
850,8,0,8
851,6,4,6
852,6,4,6
853,7,2,7
854,6,4,6
855,6,4,6
856,6,4,6
857,6,4,6
858,1,4,6
859,5,4,6
860,6,3,2
861,6,4,6
862,6,4,6
863,5,4,6
864,6,4,6
865,6,4,6
866,6,4,6
867,6,4,6
868,6,4,6
869,6,4,6
870,1,4,6
871,4,6,0
872,6,4,6
873,8,0,8
874,6,4,6
875,6,4,6
876,6,4,6
877,6,4,6
878,6,4,6
879,6,4,6
880,8,4,6
881,6,4,6
882,5,5,5
883,7,2,7
884,6,4,6
885,8,4,6
886,5,4,6
887,6,4,6
888,6,4,6
889,6,4,6
890,6,4,6
891,1,3,2
892,8,0,8
893,8,0,8
894,6,1,4
895,6,4,6
896,8,0,8
897,6,4,6
898,6,4,6
899,6,4,6
900,8,4,6
901,6,1,4
902,1,7,1
903,6,4,6
904,6,4,6
905,6,4,6
906,7,2,7
907,6,4,6
908,6,1,4
909,1,4,6
910,6,4,6
911,6,4,6
912,6,4,6
913,6,4,6
914,7,2,7
915,6,1,4
916,7,2,7
917,6,4,6
918,4,4,6
919,6,4,6
920,6,4,6
921,6,1,4
922,6,4,6
923,8,0,8
924,6,1,4
925,6,4,6
926,6,1,4
927,6,4,6
928,7,4,6
929,6,4,6
930,6,4,6
931,6,4,6
932,8,4,6
933,6,4,6
934,6,4,6
935,6,4,6
936,6,4,6
937,6,4,6
938,6,4,6
939,2,3,2
940,6,4,6
941,6,4,6
942,2,4,6
943,6,4,6
944,7,4,6
945,6,1,4
946,6,4,6
947,3,7,1
948,6,4,6
949,6,4,6
950,6,4,6
951,6,1,4
952,6,4,6
953,6,4,6
954,6,4,6
955,8,4,6
956,6,4,6
957,6,4,6
958,6,4,6
959,2,4,6
960,7,2,7
961,7,2,7
962,8,0,8
963,8,4,6
964,5,1,4
965,2,4,6
966,6,4,6
967,6,4,6
968,6,4,6
969,6,4,6
970,7,2,7
971,6,4,6
972,6,6,0
973,8,1,4
974,6,1,4
975,6,4,6
976,5,5,5
977,2,3,2
978,1,4,6
979,8,1,4
980,6,4,6
981,7,6,0
982,6,4,6
983,6,4,6
984,6,4,6
985,6,4,6
986,6,4,6
987,6,4,6
988,6,4,6
989,2,3,2
990,6,4,6
991,6,4,6
992,6,4,6
993,5,4,6
994,6,4,6
995,4,6,0
996,6,1,4
997,6,4,6
998,6,4,6
999,6,4,6
1000,6,6,0
1001,2,3,2
1002,6,4,6
1003,6,4,6
1004,6,4,6
1005,6,4,6
1006,7,2,7
1007,6,4,6
1008,2,3,2
1009,6,4,6
1010,6,1,4
1011,8,1,4
1012,6,4,6
1013,6,4,6
1014,6,4,6
1015,6,4,6
1016,7,4,6
1017,8,4,6
1018,6,4,6
1019,6,4,6
1020,6,2,7
1021,6,1,4
1022,6,4,6
1023,6,4,6
1024,8,0,8
1025,5,5,5
1026,6,4,6
1027,6,4,6
1028,6,4,6
1029,6,4,6
1030,6,1,4
1031,6,1,4
1032,1,1,4
1033,4,4,6
1034,1,6,0
1035,5,7,1
1036,8,0,8
1037,6,1,4
1038,6,4,6
1039,6,4,6
1040,6,4,6
1041,3,7,1
1042,6,1,4
1043,5,5,5
1044,2,3,2
1045,6,4,6
1046,6,4,6
1047,6,4,6
1048,7,2,7
1049,6,4,6
1050,6,4,6
1051,6,4,6
1052,6,4,6
1053,6,4,6
1054,6,4,6
1055,6,4,6
1056,6,4,6
1057,6,4,6
1058,1,4,6
1059,6,6,0
1060,6,4,6
1061,1,4,6
1062,2,3,2
1063,6,4,6
1064,6,4,6
1065,6,4,6
1066,5,4,6
1067,7,2,7
1068,6,4,6
1069,6,4,6
1070,7,6,0
1071,6,4,6
1072,5,5,5
1073,6,4,6
1074,1,4,6
1075,6,4,6
1076,8,1,4
1077,6,4,6
1078,6,4,6
1079,8,4,6
1080,2,3,2
1081,3,7,1
1082,6,4,6
1083,2,3,2
1084,6,4,6
1085,6,4,6
1086,6,4,6
1087,6,4,6
1088,6,4,6
1089,6,6,0
1090,8,0,8
1091,8,1,4
1092,6,4,6
1093,2,3,2
1094,6,1,4
1095,6,4,6
1096,6,4,6
1097,1,4,6
1098,8,0,8
1099,7,2,7
1100,6,4,6
1101,6,4,6
1102,6,4,6
1103,2,3,2
1104,8,0,8
1105,2,7,1
1106,6,4,6
1107,1,4,6
1108,6,4,6
1109,7,2,7
1110,6,1,4
1111,6,4,6
1112,8,0,8
1113,1,4,6
1114,6,4,6
1115,2,4,6
1116,6,1,4
1117,6,4,6
1118,6,4,6
1119,7,4,6
1120,8,1,4
1121,5,5,5
1122,7,2,7
1123,1,4,6
1124,7,4,6
1125,6,4,6
1126,6,4,6
1127,3,7,1
1128,6,4,6
1129,7,2,7
1130,6,4,6
1131,5,5,5
1132,6,4,6
1133,6,6,0
1134,6,1,4
1135,6,1,4
1136,5,4,6
1137,6,4,6
1138,6,4,6
1139,8,0,8
1140,1,4,6
1141,6,4,6
1142,6,4,6
1143,6,4,6
1144,6,4,6
1145,6,4,6
1146,6,4,6
1147,2,4,6
1148,7,2,7
1149,2,3,2
1150,8,1,4
1151,6,4,6
1152,6,1,4
1153,1,4,6
1154,6,1,4
1155,6,4,6
1156,2,4,6
1157,6,4,6
1158,7,2,7
1159,6,4,6
1160,6,4,6
1161,6,4,6
1162,6,1,4
1163,6,4,6
1164,6,4,6
1165,2,3,2
1166,6,4,6
1167,8,4,6
1168,6,4,6
1169,6,4,6
1170,6,4,6
1171,8,0,8
1172,8,7,1
1173,6,4,6
1174,1,1,4
1175,6,4,6
1176,6,4,6
1177,7,2,7
1178,6,1,4
1179,7,2,7
1180,5,5,5
1181,6,1,4
1182,6,4,6
1183,6,1,4
1184,6,4,6
1185,6,4,6
1186,6,4,6
1187,6,4,6
1188,6,4,6
1189,6,4,6
1190,7,2,7
1191,6,4,6
1192,6,4,6
1193,6,4,6
1194,2,3,2
1195,6,4,6
1196,8,0,8
1197,6,4,6
1198,6,1,4
1199,8,4,6
1200,1,4,6
1201,6,4,6
1202,6,4,6
1203,6,1,4
1204,6,4,6
1205,6,1,4
1206,6,4,6
1207,6,6,0
1208,5,5,5
1209,7,7,1
1210,2,3,2
1211,1,4,6
1212,6,4,6
1213,6,4,6
1214,6,4,6
1215,2,3,2
1216,2,4,6
1217,6,4,6
1218,8,0,8
1219,8,1,4
1220,8,4,6
1221,6,4,6
1222,6,4,6
1223,6,4,6
1224,6,4,6
1225,6,4,6
1226,6,4,6
1227,2,4,6
1228,6,4,6
1229,6,4,6
1230,5,4,6
1231,8,7,1
1232,5,5,5
1233,6,1,4
1234,7,1,4
1235,7,2,7
1236,2,3,2
1237,6,4,6
1238,6,4,6
1239,6,4,6
1240,6,4,6
1241,6,1,4
1242,6,4,6
1243,6,4,6
1244,6,4,6
1245,6,1,4
1246,6,6,0
1247,2,1,4
1248,6,4,6
1249,6,4,6
1250,8,7,1
1251,2,3,2
1252,2,3,2
1253,5,5,5
1254,6,4,6
1255,6,4,6
1256,8,8,3
1257,6,4,6
1258,6,4,6
1259,7,2,7
1260,6,4,6
1261,5,5,5
1262,6,4,6
1263,6,4,6
1264,6,4,6
1265,8,8,3
1266,7,4,6
1267,6,4,6
1268,8,0,8
1269,6,6,0
1270,6,4,6
1271,5,5,5
1272,6,4,6
1273,6,4,6
1274,6,1,4
1275,2,4,6
1276,8,8,3
1277,6,4,6
1278,6,4,6
1279,6,4,6
1280,2,7,1
1281,1,3,2
1282,6,4,6
1283,2,3,2
1284,6,4,6
1285,2,4,6
1286,8,4,6
1287,2,3,2
1288,6,4,6
1289,2,3,2
1290,2,3,2
1291,6,4,6
1292,6,4,6
1293,6,4,6
1294,6,1,4
1295,6,4,6
1296,6,4,6
1297,7,2,7
1298,6,4,6
1299,4,6,0
1300,6,4,6
1301,6,4,6
1302,4,1,4
1303,6,4,6
1304,6,1,4
1305,6,4,6
1306,6,4,6
1307,6,4,6
1308,6,4,6
1309,7,2,7
1310,5,1,4
1311,6,1,4
1312,6,4,6
1313,6,4,6
1314,7,7,1
1315,6,4,6
1316,6,4,6
1317,6,4,6
1318,6,4,6
1319,7,2,7
1320,5,5,5
1321,6,4,6
1322,6,4,6
1323,6,6,0
1324,5,4,6
1325,6,4,6
1326,8,8,3
1327,2,3,2
1328,5,1,4
1329,6,1,4
1330,6,4,6
1331,2,3,2
1332,6,4,6
1333,6,1,4
1334,6,4,6
1335,6,4,6
1336,6,4,6
1337,6,4,6
1338,6,4,6
1339,6,4,6
1340,6,4,6
1341,6,1,4
1342,6,4,6
1343,6,1,4
1344,6,4,6
1345,6,4,6
1346,6,4,6
1347,2,3,2
1348,6,1,4
1349,6,4,6
1350,7,2,7
1351,2,3,2
1352,6,4,6
1353,6,1,4
1354,6,1,4
1355,2,3,2
1356,8,7,1
1357,1,4,6
1358,6,4,6
1359,6,4,6
1360,6,4,6
1361,6,4,6
1362,7,2,7
1363,6,4,6
1364,6,1,4
1365,6,4,6
1366,7,2,7
1367,8,0,8
1368,6,4,6
1369,4,4,6
1370,8,7,1
1371,6,4,6
1372,2,3,2
1373,6,4,6
1374,6,1,4
1375,6,4,6
1376,6,4,6
1377,6,4,6
1378,1,4,6
1379,6,6,0
1380,6,4,6
1381,6,1,4
1382,6,4,6
1383,6,4,6
1384,6,4,6
1385,6,4,6
1386,1,3,2
1387,6,4,6
1388,2,4,6
1389,7,4,6
1390,8,8,3
1391,6,1,4
1392,6,4,6
1393,6,4,6
1394,7,2,7
1395,6,4,6
1396,6,4,6
1397,5,7,1
1398,6,4,6
1399,6,4,6
1400,1,4,6
1401,1,3,2
1402,5,7,1
1403,6,4,6
1404,1,4,6
1405,6,4,6
1406,6,4,6
1407,5,4,6
1408,7,2,7
1409,6,1,4
1410,6,4,6
1411,6,1,4
1412,6,4,6
1413,6,4,6
1414,6,4,6
1415,7,7,1
1416,6,4,6
1417,6,4,6
1418,6,4,6
1419,2,3,2
1420,2,3,2
1421,7,2,7
1422,6,4,6
1423,6,4,6
1424,6,4,6
1425,6,1,4
1426,6,4,6
1427,6,4,6
1428,6,1,4
1429,6,4,6
1430,1,4,6
1431,6,4,6
1432,6,4,6
1433,6,4,6
1434,8,4,6
1435,6,4,6
1436,6,1,4
1437,6,4,6
1438,6,4,6
1439,5,5,5
1440,8,1,4
1441,6,4,6
1442,8,0,8
1443,6,4,6
1444,6,4,6
1445,6,4,6
1446,6,4,6
1447,6,4,6
1448,6,1,4
1449,5,1,4
1450,6,4,6
1451,2,4,6
1452,2,3,2
1453,6,4,6
1454,6,4,6
1455,6,4,6
1456,7,7,1
1457,6,4,6
1458,5,1,4
1459,7,2,7
1460,6,4,6
1461,6,1,4
1462,6,1,4
1463,8,1,4
1464,8,7,1
1465,6,4,6
1466,6,4,6
1467,8,0,8
1468,8,1,4
1469,7,2,7
1470,7,2,7
1471,6,4,6
1472,6,4,6
1473,6,4,6
1474,6,4,6
1475,6,4,6
1476,3,7,1
1477,6,4,6
1478,6,4,6
1479,5,5,5
1480,6,4,6
1481,6,4,6
1482,6,4,6
1483,6,4,6
1484,8,0,8
1485,2,4,6
1486,6,4,6
1487,8,1,4
1488,8,0,8
1489,6,4,6
1490,6,1,4
1491,6,4,6
1492,7,2,7
1493,6,4,6
1494,8,4,6
1495,6,4,6
1496,6,4,6
1497,6,4,6
1498,8,1,4
1499,6,4,6
1500,6,4,6
1501,7,6,0
1502,6,6,0
1503,5,4,6
1504,6,4,6
1505,6,4,6
1506,6,4,6
1507,6,4,6
1508,6,4,6
1509,6,4,6
1510,6,4,6
1511,6,4,6
1512,5,3,2
1513,6,4,6
1514,6,4,6
1515,6,4,6
1516,7,2,7
1517,5,4,6
1518,6,1,4
1519,8,4,6
1520,5,4,6
1521,6,4,6
1522,7,2,7
1523,6,4,6
1524,6,4,6
1525,8,0,8
1526,1,4,6
1527,8,1,4
1528,6,4,6
1529,6,4,6
1530,6,4,6
1531,6,4,6
1532,6,4,6
1533,7,4,6
1534,8,4,6
1535,6,4,6
1536,6,4,6
1537,6,4,6
1538,4,1,4
1539,6,4,6
1540,6,4,6
1541,8,0,8
1542,6,4,6
1543,4,1,4
1544,6,4,6
1545,6,4,6
1546,6,1,4
1547,7,2,7
1548,1,6,0
1549,8,0,8
1550,6,4,6
1551,6,4,6
1552,6,4,6
1553,6,4,6
1554,6,4,6
1555,7,2,7
1556,6,4,6
1557,6,4,6
1558,6,4,6
1559,6,4,6
1560,6,4,6
1561,6,4,6
1562,8,0,8
1563,6,4,6
1564,8,0,8
1565,6,4,6
1566,6,4,6
1567,7,2,7
1568,5,4,6
1569,2,4,6
1570,6,4,6
1571,6,1,4
1572,7,2,7
1573,5,4,6
1574,6,4,6
1575,6,4,6
1576,6,1,4
1577,6,4,6
1578,6,1,4
1579,6,4,6
1580,6,6,0
1581,6,7,1
1582,6,4,6
1583,6,4,6
1584,6,4,6
1585,2,3,2
1586,1,4,6
1587,6,4,6
1588,6,4,6
1589,6,4,6
1590,6,1,4
1591,6,4,6
1592,6,4,6
1593,6,1,4
1594,6,1,4
1595,6,0,8
1596,6,4,6
1597,7,4,6
1598,1,1,4
1599,6,1,4
1600,6,4,6
1601,8,0,8
1602,8,0,8
1603,6,4,6
1604,6,4,6
1605,6,4,6
1606,6,4,6
1607,6,4,6
1608,2,4,6
1609,6,4,6
1610,6,4,6
1611,6,4,6
1612,6,4,6
1613,2,4,6
1614,6,4,6
1615,8,4,6
1616,6,4,6
1617,6,4,6
1618,6,1,4
1619,6,1,4
1620,4,2,7
1621,6,1,4
1622,8,0,8
1623,6,1,4
1624,6,4,6
1625,8,0,8
1626,6,1,4
1627,6,6,0
1628,7,2,7
1629,6,1,4
1630,5,3,2
1631,8,1,4
1632,8,0,8
1633,6,1,4
1634,6,4,6
1635,5,7,1
1636,6,1,4
1637,7,6,0
1638,8,0,8
1639,6,4,6
1640,2,4,6
1641,7,2,7
1642,2,1,4
1643,5,5,5
1644,2,3,2
1645,6,6,0
1646,6,4,6
1647,7,1,4
1648,6,4,6
1649,6,4,6
1650,6,1,4
1651,6,4,6
1652,6,1,4
1653,6,6,0
1654,6,4,6
1655,6,1,4
1656,6,5,5
1657,6,1,4
1658,6,6,0
1659,5,5,5
1660,6,4,6
1661,8,0,8
1662,0,6,0
1663,8,7,1
1664,0,6,0
1665,4,6,0
1666,6,1,4
1667,8,0,8
1668,6,4,6
1669,5,5,5
1670,6,4,6
1671,6,1,4
1672,8,1,4
1673,4,6,0
1674,6,4,6
1675,6,1,4
1676,6,4,6
1677,5,5,5
1678,6,1,4
1679,8,0,8
1680,2,7,1
1681,6,4,6
1682,8,1,4
1683,2,1,4
1684,6,4,6
1685,8,2,7
1686,8,1,4
1687,8,8,3
1688,6,4,6
1689,2,3,2
1690,5,5,5
1691,5,5,5
1692,6,4,6
1693,6,6,0
1694,5,5,5
1695,6,1,4
1696,5,1,4
1697,8,6,0
1698,2,3,2
1699,4,4,6
1700,5,5,5
1701,8,0,8
1702,8,0,8
1703,6,4,6
1704,8,4,6
1705,6,4,6
1706,6,1,4
1707,8,1,4
1708,8,0,8
1709,7,2,7
1710,6,4,6
1711,8,1,4
1712,8,4,6
1713,6,6,0
1714,2,4,6
1715,6,1,4
1716,6,1,4
1717,8,1,4
1718,7,2,7
1719,8,0,8
1720,8,0,8
1721,6,1,4
1722,8,0,8
1723,6,4,6
1724,7,2,7
1725,3,7,1
1726,6,6,0
1727,5,5,5
1728,8,0,8
1729,6,1,4
1730,6,1,4
1731,2,3,2
1732,7,4,6
1733,8,0,8
1734,6,1,4
1735,6,6,0
1736,6,1,4
1737,6,6,0
1738,6,4,6
1739,8,1,4
1740,8,0,8
1741,8,8,3
1742,7,2,7
1743,8,1,4
1744,2,4,6
1745,2,6,0
1746,6,6,0
1747,7,2,7
1748,6,1,4
1749,6,1,4
1750,8,8,3
1751,6,1,4
1752,6,1,4
1753,5,5,5
1754,8,0,8
1755,6,1,4
1756,6,4,6
1757,8,0,8
1758,2,3,2
1759,6,4,6
1760,6,4,6
1761,6,2,7
1762,6,4,6
1763,8,0,8
1764,6,6,0
1765,8,4,6
1766,6,1,4
1767,8,0,8
1768,6,4,6
1769,8,0,8
1770,6,1,4
1771,7,2,7
1772,6,6,0
1773,7,2,7
1774,2,4,6
1775,7,2,7
1776,8,0,8
1777,6,6,0
1778,8,0,8
1779,7,2,7
1780,8,7,1
1781,8,0,8
1782,1,3,2
1783,8,0,8
1784,6,4,6
1785,2,3,2
1786,2,3,2
1787,8,8,3
1788,6,1,4
1789,2,3,2
1790,7,2,7
1791,8,8,3
1792,6,1,4
1793,8,0,8
1794,8,8,3
1795,7,2,7
1796,2,3,2
1797,6,4,6
1798,2,8,3
1799,6,4,6
1800,8,1,4
1801,8,7,1
1802,2,3,2
1803,8,0,8
1804,7,2,7
1805,5,5,5
1806,6,2,7
1807,8,0,8
1808,7,2,7
1809,5,5,5
1810,6,7,1
1811,7,2,7
1812,6,6,0
1813,8,1,4
1814,7,2,7
1815,2,3,2
1816,8,1,4
1817,2,3,2
1818,6,4,6
1819,2,3,2
1820,6,4,6
1821,6,4,6
1822,8,7,1
1823,7,2,7
1824,2,3,2
1825,2,3,2
1826,2,3,2
1827,5,5,5
1828,4,7,1
1829,6,6,0
1830,8,0,8
1831,8,6,0
1832,7,2,7
1833,6,7,1
1834,6,1,4
1835,7,2,7
1836,6,1,4
1837,6,1,4
1838,6,6,0
1839,6,1,4
1840,2,3,2
1841,7,2,7
1842,7,2,7
1843,3,7,1
1844,7,2,7
1845,6,4,6
1846,5,5,5
1847,6,1,4
1848,2,3,2
1849,2,3,2
1850,2,3,2
1851,8,1,4
1852,6,4,6
1853,8,0,8
1854,7,2,7
1855,7,2,7
1856,7,2,7
1857,6,6,0
1858,5,5,5
1859,6,4,6
1860,6,1,4
1861,8,1,4
1862,5,5,5
1863,7,2,7
1864,5,1,4
1865,6,4,6
1866,6,1,4
1867,2,3,2
1868,2,8,3
1869,1,4,6
1870,8,8,3
1871,6,1,4
1872,4,4,6
1873,6,1,4
1874,6,4,6
1875,8,0,8
1876,6,4,6
1877,5,5,5
1878,6,4,6
1879,8,0,8
1880,2,1,4
1881,6,4,6
1882,8,4,6
1883,8,0,8
1884,3,7,1
1885,2,3,2
1886,8,0,8
1887,2,3,2
1888,2,3,2
1889,6,1,4
1890,6,1,4
1891,0,6,0
1892,6,4,6
1893,7,2,7
1894,6,1,4
1895,5,5,5
1896,7,2,7
1897,8,0,8
1898,6,1,4
1899,2,3,2
1900,5,3,2
1901,7,2,7
1902,2,3,2
1903,7,2,7
1904,4,6,0
1905,2,3,2
1906,2,3,2
1907,2,3,2
1908,7,2,7
1909,5,5,5
1910,6,4,6
1911,2,3,2
1912,8,1,4
1913,8,0,8
1914,1,4,6
1915,4,1,4
1916,6,4,6
1917,0,6,0
1918,8,4,6
1919,8,0,8
1920,7,6,0
1921,1,4,6
1922,6,4,6
1923,8,6,0
1924,5,7,1
1925,4,4,6
1926,2,3,2
1927,5,5,5
1928,8,1,4
1929,2,3,2
1930,0,6,0
1931,2,3,2
1932,8,8,3
1933,5,5,5
1934,8,0,8
1935,6,1,4
1936,6,7,1
1937,6,4,6
1938,5,5,5
1939,2,3,2
1940,8,8,3
1941,5,5,5
1942,6,6,0
1943,4,6,0
1944,8,0,8
1945,8,0,8
1946,1,3,2
1947,8,0,8
1948,6,1,4
1949,8,0,8
1950,6,1,4
1951,8,0,8
1952,6,1,4
1953,8,0,8
1954,7,2,7
1955,5,5,5
1956,2,3,2
1957,6,1,4
1958,6,7,1
1959,8,4,6
1960,2,3,2
1961,6,4,6
1962,8,0,8
1963,7,2,7
1964,8,0,8
1965,7,2,7
1966,7,2,7
1967,2,3,2
1968,2,3,2
1969,7,7,1
1970,7,2,7
1971,8,0,8
1972,7,2,7
1973,7,2,7
1974,5,5,5
1975,8,4,6
1976,7,2,7
1977,8,4,6
1978,8,0,8
1979,7,2,7
1980,2,3,2
1981,2,3,2
1982,6,4,6
1983,7,2,7
1984,7,2,7
1985,8,0,8
1986,8,8,3
1987,1,4,6
1988,8,1,4
1989,5,5,5
1990,5,5,5
1991,7,2,7
1992,2,3,2
1993,6,1,4
1994,7,2,7
1995,6,6,0
1996,2,7,1
1997,5,5,5
1998,2,3,2
1999,6,1,4
2000,2,3,2
2001,6,4,6
2002,6,1,4
2003,6,6,0
2004,6,1,4
2005,4,6,0
2006,8,0,8
2007,7,2,7
2008,6,1,4
2009,7,2,7
2010,6,1,4
2011,6,4,6
2012,8,0,8
2013,6,1,4
2014,2,3,2
2015,7,2,7
2016,6,1,4
2017,8,4,6
2018,8,0,8
2019,8,0,8
2020,4,6,0
2021,8,0,8
2022,6,1,4
2023,6,4,6
2024,6,6,0
2025,7,2,7
2026,2,4,6
2027,8,0,8
2028,5,5,5
2029,6,4,6
2030,6,6,0
2031,2,3,2
2032,2,7,1
2033,2,4,6
2034,2,3,2
2035,2,3,2
2036,7,2,7
2037,8,0,8
2038,8,0,8
2039,5,7,1
2040,2,3,2
2041,8,8,3
2042,6,4,6
2043,8,0,8
2044,8,0,8
2045,5,5,5
2046,5,5,5
2047,7,2,7
2048,4,1,4
2049,2,3,2
2050,6,1,4
2051,5,5,5
2052,6,1,4
2053,2,3,2
2054,2,3,2
2055,5,5,5
2056,5,5,5
2057,2,3,2
2058,8,1,4
2059,6,8,3
2060,6,4,6
2061,5,5,5
2062,5,5,5
2063,5,3,2
2064,8,8,3
2065,6,4,6
2066,5,5,5
2067,5,5,5
2068,6,1,4
2069,8,0,8
2070,7,2,7
2071,6,4,6
2072,5,7,1
2073,2,3,2
2074,6,4,6
2075,8,0,8
2076,2,3,2
2077,7,2,7
2078,7,2,7
2079,6,4,6
2080,7,2,7
2081,6,1,4
2082,2,3,2
2083,6,4,6
2084,3,7,1
2085,8,8,3
2086,6,4,6
2087,6,2,7
2088,5,5,5
2089,7,2,7
2090,2,3,2
2091,6,6,0
2092,1,2,7
2093,7,6,0
2094,8,0,8
2095,2,4,6
2096,7,2,7
2097,6,1,4
2098,5,3,2
2099,7,2,7
2100,5,5,5
2101,2,3,2
2102,8,0,8
2103,2,3,2
2104,5,5,5
2105,6,1,4
2106,6,1,4
2107,2,6,0
2108,5,5,5
2109,2,3,2
2110,8,0,8
2111,1,4,6
2112,2,3,2
2113,5,5,5
2114,6,6,0
2115,6,4,6
2116,6,4,6
2117,6,6,0
2118,8,1,4
2119,7,2,7
2120,0,6,0
2121,7,2,7
2122,8,6,0
2123,6,6,0
2124,8,0,8
2125,2,7,1
2126,8,0,8
2127,8,0,8
2128,2,3,2
2129,2,3,2
2130,8,0,8
2131,6,4,6
2132,6,1,4
2133,6,1,4
2134,6,1,4
2135,8,0,8
2136,8,0,8
2137,7,2,7
2138,8,0,8
2139,5,5,5
2140,6,6,0
2141,7,2,7
2142,2,3,2
2143,8,8,3
2144,7,4,6
2145,5,5,5
2146,8,0,8
2147,6,4,6
2148,8,8,3
2149,5,4,6
2150,7,2,7
2151,6,7,1
2152,8,0,8
2153,5,5,5
2154,7,2,7
2155,8,0,8
2156,8,0,8
2157,2,4,6
2158,6,4,6
2159,7,2,7
2160,8,0,8
2161,1,7,1
2162,0,6,0
2163,6,1,4
2164,6,7,1
2165,6,1,4
2166,5,5,5
2167,5,1,4
2168,7,2,7
2169,6,4,6
2170,6,1,4
2171,6,4,6
2172,6,4,6
2173,8,0,8
2174,8,0,8
2175,6,6,0
2176,1,4,6
2177,4,6,0
2178,7,2,7
2179,1,4,6
2180,7,2,7
2181,4,4,6
2182,8,0,8
2183,8,0,8
2184,8,4,6
2185,6,1,4
2186,6,1,4
2187,6,6,0
2188,6,2,7
2189,6,1,4
2190,8,0,8
2191,6,4,6
2192,8,1,4
2193,7,7,1
2194,8,0,8
2195,6,4,6
2196,8,0,8
2197,8,0,8
2198,5,5,5
2199,2,1,4
2200,8,0,8
2201,2,3,2
2202,5,5,5
2203,8,0,8
2204,2,3,2
2205,8,0,8
2206,6,4,6
2207,8,8,3
2208,1,2,7
2209,7,2,7
2210,8,0,8
2211,1,7,1
2212,7,2,7
2213,6,6,0
2214,5,5,5
2215,6,1,4
2216,7,2,7
2217,7,6,0
2218,7,2,7
2219,7,2,7
2220,7,2,7
2221,1,4,6
2222,4,1,4
2223,2,3,2
2224,8,0,8
2225,7,2,7
2226,5,5,5
2227,6,1,4
2228,8,0,8
2229,5,5,5
2230,2,3,2
2231,6,7,1
2232,6,6,0
2233,8,1,4
2234,8,0,8
2235,2,3,2
2236,6,4,6
2237,8,0,8
2238,5,5,5
2239,4,6,0
2240,2,3,2
2241,6,6,0
2242,8,0,8
2243,5,5,5
2244,7,2,7
2245,7,2,7
2246,8,8,3
2247,6,1,4
2248,8,4,6
2249,8,0,8
2250,8,7,1
2251,3,7,1
2252,8,1,4
2253,6,6,0
2254,6,7,1
2255,6,4,6
2256,6,1,4
2257,2,3,2
2258,8,0,8
2259,8,0,8
2260,6,1,4
2261,5,4,6
2262,4,6,0
2263,8,0,8
2264,6,4,6
2265,6,6,0
2266,8,0,8
2267,5,5,5
2268,6,1,4
2269,8,0,8
2270,5,5,5
2271,7,2,7
2272,2,3,2
2273,6,1,4
2274,1,3,2
2275,6,4,6
2276,8,1,4
2277,6,1,4
2278,6,2,7
2279,6,4,6
2280,6,1,4
2281,5,3,2
2282,4,2,7
2283,2,3,2
2284,7,2,7
2285,5,5,5
2286,4,2,7
2287,7,2,7
2288,7,2,7
2289,6,4,6
2290,6,7,1
2291,6,1,4
2292,7,2,7
2293,8,0,8
2294,6,4,6
2295,5,5,5
2296,2,3,2
2297,1,4,6
2298,8,0,8
2299,8,0,8
2300,7,2,7
2301,7,2,7
2302,8,1,4
2303,2,3,2
2304,5,5,5
2305,8,8,3
2306,7,7,1
2307,2,4,6
2308,7,2,7
2309,6,8,3
2310,8,0,8
2311,6,6,0
2312,8,7,1
2313,5,5,5
2314,5,7,1
2315,7,2,7
2316,8,8,3
2317,2,3,2
2318,6,1,4
2319,6,4,6
2320,6,4,6
2321,1,4,6
2322,8,0,8
2323,6,4,6
2324,8,0,8
2325,1,7,1
2326,5,5,5
2327,2,1,4
2328,1,4,6
2329,8,0,8
2330,6,4,6
2331,8,0,8
2332,1,4,6
2333,6,7,1
2334,8,0,8
2335,6,6,0
2336,2,2,7
2337,6,7,1
2338,2,4,6
2339,6,4,6
2340,1,1,4
2341,5,5,5
2342,6,7,1
2343,5,5,5
2344,2,1,4
2345,8,8,3
2346,8,0,8
2347,6,1,4
2348,2,3,2
2349,8,8,3
2350,8,1,4
2351,5,4,6
2352,2,4,6
2353,7,2,7
2354,8,0,8
2355,6,6,0
2356,7,2,7
2357,8,0,8
2358,8,0,8
2359,5,4,6
2360,8,8,3
2361,7,2,7
2362,5,5,5
2363,7,2,7
2364,6,6,0
2365,8,0,8
2366,8,4,6
2367,1,4,6
2368,8,0,8
2369,5,5,5
2370,5,5,5
2371,6,1,4
2372,8,0,8
2373,8,0,8
2374,8,0,8
2375,5,4,6
2376,8,1,4
2377,1,4,6
2378,7,2,7
2379,7,2,7
2380,8,0,8
2381,6,7,1
2382,7,1,4
2383,2,4,6
2384,6,7,1
2385,6,1,4
2386,5,5,5
2387,2,7,1
2388,8,0,8
2389,3,4,6
2390,5,5,5
2391,6,6,0
2392,6,4,6
2393,8,8,3
2394,8,0,8
2395,6,8,3
2396,6,1,4
2397,8,0,8
2398,1,4,6
2399,8,0,8
2400,8,7,1
2401,7,2,7
2402,8,0,8
2403,5,5,5
2404,2,3,2
2405,2,3,2
2406,6,6,0
2407,1,3,2
2408,2,3,2
2409,6,6,0
2410,7,2,7
2411,6,4,6
2412,5,5,5
2413,8,0,8
2414,6,4,6
2415,2,3,2
2416,6,1,4
2417,0,6,0
2418,8,0,8
2419,2,3,2
2420,7,2,7
2421,8,8,3
2422,5,5,5
2423,5,7,1
2424,8,0,8
2425,6,6,0
2426,8,0,8
2427,6,6,0
2428,7,7,1
2429,8,0,8
2430,6,4,6
2431,6,4,6
2432,7,2,7
2433,2,3,2
2434,6,1,4
2435,2,3,2
2436,2,3,2
2437,5,5,5
2438,6,4,6
2439,2,3,2
2440,8,0,8
2441,5,5,5
2442,8,1,4
2443,8,7,1
2444,6,4,6
2445,8,0,8
2446,5,5,5
2447,6,4,6
2448,2,3,2
2449,6,7,1
2450,6,1,4
2451,8,0,8
2452,8,0,8
2453,2,3,2
2454,6,6,0
2455,7,2,7
2456,8,8,3
2457,6,4,6
2458,6,6,0
2459,2,4,6
2460,7,2,7
2461,2,3,2
2462,7,2,7
2463,0,6,0
2464,7,2,7
2465,6,1,4
2466,6,4,6
2467,8,0,8
2468,2,3,2
2469,7,2,7
2470,1,7,1
2471,2,3,2
2472,8,8,3
2473,6,1,4
2474,5,5,5
2475,8,7,1
2476,6,4,6
2477,6,1,4
2478,6,4,6
2479,6,7,1
2480,8,0,8
2481,6,4,6
2482,8,7,1
2483,8,0,8
2484,8,7,1
2485,2,3,2
2486,7,2,7
2487,8,0,8
2488,8,0,8
2489,8,0,8
2490,6,7,1
2491,5,5,5
2492,8,0,8
2493,7,2,7
2494,8,0,8
2495,5,5,5
2496,2,3,2
2497,1,4,6
2498,2,4,6
2499,8,0,8
2500,6,1,4
2501,7,2,7
2502,8,0,8
2503,8,0,8
2504,6,1,4
2505,7,2,7
2506,6,4,6
2507,7,2,7
2508,6,4,6
2509,7,2,7
2510,2,3,2
2511,6,4,6
2512,6,6,0
2513,5,5,5
2514,7,2,7
2515,5,5,5
2516,6,4,6
2517,7,2,7
2518,6,1,4
2519,8,0,8
2520,4,2,7
2521,6,1,4
2522,6,4,6
2523,6,1,4
2524,5,5,5
2525,8,0,8
2526,2,7,1
2527,4,6,0
2528,7,6,0
2529,6,4,6
2530,7,2,7
2531,6,6,0
2532,2,3,2
2533,8,0,8
2534,2,3,2
2535,8,8,3
2536,2,3,2
2537,5,5,5
2538,2,3,2
2539,8,4,6
2540,5,7,1
2541,6,7,1
2542,6,4,6
2543,6,6,0
2544,5,4,6
2545,6,1,4
2546,7,2,7
2547,6,1,4
2548,6,7,1
2549,6,6,0
2550,6,1,4
2551,6,4,6
2552,7,2,7
2553,8,0,8
2554,8,4,6
2555,2,3,2
2556,8,7,1
2557,8,0,8
2558,8,7,1
2559,6,4,6
2560,1,4,6
2561,7,6,0
2562,6,4,6
2563,8,0,8
2564,5,2,7
2565,4,4,6
2566,6,6,0
2567,2,3,2
2568,6,1,4
2569,6,1,4
2570,2,3,2
2571,6,1,4
2572,7,2,7
2573,8,0,8
2574,6,1,4
2575,2,3,2
2576,6,1,4
2577,6,1,4
2578,2,4,6
2579,6,1,4
2580,8,0,8
2581,6,6,0
2582,2,3,2
2583,1,7,1
2584,5,5,5
2585,8,0,8
2586,6,7,1
2587,6,4,6
2588,8,0,8
2589,7,2,7
2590,6,4,6
2591,8,7,1
2592,8,8,3
2593,6,1,4
2594,8,0,8
2595,6,1,4
2596,7,2,7
2597,5,5,5
2598,8,1,4
2599,7,2,7
2600,6,7,1
2601,4,6,0
2602,8,0,8
2603,8,2,7
2604,8,0,8
2605,6,4,6
2606,7,2,7
2607,2,3,2
2608,6,1,4
2609,6,6,0
2610,8,0,8
2611,8,8,3
2612,1,4,6
2613,1,3,2
2614,8,0,8
2615,6,1,4
2616,5,5,5
2617,8,0,8
2618,6,1,4
2619,8,0,8
2620,5,5,5
2621,6,6,0
2622,8,0,8
2623,1,3,2
2624,8,0,8
2625,6,1,4
2626,7,2,7
2627,1,7,1
2628,1,4,6
2629,6,1,4
2630,8,4,6
2631,2,3,2
2632,8,0,8
2633,6,1,4
2634,6,4,6
2635,8,8,3
2636,6,1,4
2637,8,0,8
2638,8,1,4
2639,8,7,1
2640,6,4,6
2641,6,1,4
2642,6,1,4
2643,7,2,7
2644,4,6,0
2645,8,8,3
2646,8,0,8
2647,6,7,1
2648,8,4,6
2649,1,7,1
2650,1,3,2
2651,8,0,8
2652,8,0,8
2653,7,2,7
2654,5,5,5
2655,7,2,7
2656,7,2,7
2657,5,5,5
2658,8,1,4
2659,6,1,4
2660,8,8,3
2661,7,2,7
2662,8,0,8
2663,2,3,2
2664,1,4,6
2665,6,1,4
2666,7,2,7
2667,2,3,2
2668,6,4,6
2669,7,6,0
2670,8,0,8
2671,8,0,8
2672,6,4,6
2673,6,1,4
2674,7,2,7
2675,2,4,6
2676,6,6,0
2677,7,2,7
2678,8,0,8
2679,8,0,8
2680,6,4,6
2681,2,3,2
2682,8,0,8
2683,5,5,5
2684,8,7,1
2685,8,0,8
2686,8,0,8
2687,6,1,4
2688,2,3,2
2689,2,3,2
2690,8,0,8
2691,8,0,8
2692,6,6,0
2693,5,5,5
2694,7,2,7
2695,2,3,2
2696,2,5,5
2697,6,1,4
2698,8,0,8
2699,6,2,7
2700,2,4,6
2701,6,1,4
2702,6,1,4
2703,8,1,4
2704,1,4,6
2705,6,4,6
2706,2,7,1
2707,6,1,4
2708,6,4,6
2709,2,3,2
2710,4,6,0
2711,5,1,4
2712,7,2,7
2713,6,7,1
2714,8,0,8
2715,6,1,4
2716,7,2,7
2717,6,1,4
2718,8,0,8
2719,7,7,1
2720,6,4,6
2721,7,2,7
2722,8,0,8
2723,8,0,8
2724,7,1,4
2725,4,6,0
2726,6,1,4
2727,8,1,4
2728,2,3,2
2729,2,4,6
2730,7,2,7
2731,6,4,6
2732,7,4,6
2733,5,5,5
2734,7,2,7
2735,7,2,7
2736,2,3,2
2737,0,6,0
2738,6,6,0
2739,7,7,1
2740,7,4,6
2741,2,3,2
2742,4,4,6
2743,6,1,4
2744,8,0,8
2745,8,0,8
2746,6,7,1
2747,1,7,1
2748,6,4,6
2749,6,1,4
2750,7,2,7
2751,8,2,7
2752,6,1,4
2753,8,0,8
2754,6,1,4
2755,2,3,2
2756,7,2,7
2757,2,3,2
2758,6,0,8
2759,6,1,4
2760,8,0,8
2761,5,5,5
2762,1,4,6
2763,2,3,2
2764,6,4,6
2765,8,4,6
2766,8,8,3
2767,8,8,3
2768,6,1,4
2769,1,7,1
2770,7,2,7
2771,6,4,6
2772,6,7,1
2773,8,0,8
2774,7,2,7
2775,7,2,7
2776,6,4,6
2777,8,0,8
2778,6,1,4
2779,2,3,2
2780,2,3,2
2781,7,2,7
2782,6,6,0
2783,4,7,1
2784,8,0,8
2785,2,3,2
2786,8,0,8
2787,7,2,7
2788,8,4,6
2789,7,2,7
2790,1,4,6
2791,8,0,8
2792,6,4,6
2793,6,1,4
2794,5,5,5
2795,7,6,0
2796,5,3,2
2797,6,1,4
2798,3,7,1
2799,7,2,7
2800,6,6,0
2801,2,3,2
2802,6,4,6
2803,8,4,6
2804,8,8,3
2805,5,4,6
2806,7,2,7
2807,8,0,8
2808,8,0,8
2809,6,6,0
2810,7,2,7
2811,3,7,1
2812,6,6,0
2813,6,2,7
2814,8,0,8
2815,6,1,4
2816,8,0,8
2817,6,4,6
2818,0,6,0
2819,6,1,4
2820,8,1,4
2821,6,4,6
2822,8,0,8
2823,7,2,7
2824,6,7,1
2825,6,1,4
2826,8,0,8
2827,7,2,7
2828,5,4,6
2829,5,5,5
2830,6,4,6
2831,8,0,8
2832,7,2,7
2833,6,4,6
2834,6,1,4
2835,6,7,1
2836,8,1,4
2837,8,0,8
2838,4,1,4
2839,8,0,8
2840,6,8,3
2841,8,1,4
2842,7,2,7
2843,7,2,7
2844,6,1,4
2845,8,4,6
2846,6,4,6
2847,2,3,2
2848,1,4,6
2849,7,2,7
2850,8,0,8
2851,7,2,7
2852,5,3,2
2853,6,1,4
2854,6,1,4
2855,8,0,8
2856,5,5,5
2857,4,6,0
2858,5,5,5
2859,7,2,7
2860,7,2,7
2861,2,3,2
2862,6,4,6
2863,7,2,7
2864,8,0,8
2865,7,2,7
2866,8,0,8
2867,6,1,4
2868,1,7,1
2869,2,3,2
2870,6,6,0
2871,6,2,7
2872,8,0,8
2873,5,5,5
2874,2,3,2
2875,2,3,2
2876,2,3,2
2877,5,5,5
2878,7,2,7
2879,6,1,4
2880,6,1,4
2881,8,1,4
2882,5,5,5
2883,4,6,0
2884,8,0,8
2885,8,0,8
2886,1,4,6
2887,5,5,5
2888,2,3,2
2889,7,2,7
2890,4,2,7
2891,2,3,2
2892,2,3,2
2893,8,4,6
2894,7,2,7
2895,7,7,1
2896,8,0,8
2897,6,1,4
2898,5,7,1
2899,7,2,7
2900,8,1,4
2901,5,4,6
2902,2,3,2
2903,2,3,2
2904,7,2,7
2905,6,6,0
2906,8,8,3
2907,8,1,4
2908,2,3,2
2909,7,2,7
2910,6,6,0
2911,6,1,4
2912,8,0,8
2913,2,3,2
2914,8,0,8
2915,7,2,7
2916,6,6,0
2917,8,0,8
2918,5,5,5
2919,7,2,7
2920,8,0,8
2921,7,2,7
2922,5,5,5
2923,7,2,7
2924,2,3,2
2925,8,8,3
2926,7,2,7
2927,6,1,4
2928,2,3,2
2929,6,1,4
2930,5,5,5
2931,2,3,2
2932,7,2,7
2933,5,6,0
2934,7,2,7
2935,1,3,2
2936,8,0,8
2937,7,2,7
2938,2,3,2
2939,2,3,2
2940,7,2,7
2941,6,1,4
2942,7,2,7
2943,6,1,4
2944,2,3,2
2945,5,5,5
2946,7,2,7
2947,5,5,5
2948,4,6,0
2949,6,4,6
2950,6,1,4
2951,2,3,2
2952,1,7,1
2953,6,1,4
2954,5,5,5
2955,6,1,4
2956,7,2,7
2957,6,4,6
2958,2,3,2
2959,6,1,4
2960,8,0,8
2961,6,6,0
2962,8,0,8
2963,8,0,8
2964,6,8,3
2965,7,2,7
2966,6,7,1
2967,7,2,7
2968,2,3,2
2969,8,0,8
2970,6,6,0
2971,6,4,6
2972,7,2,7
2973,6,6,0
2974,6,1,4
2975,6,7,1
2976,4,6,0
2977,7,2,7
2978,6,4,6
2979,5,5,5
2980,5,5,5
2981,6,1,4
2982,6,4,6
2983,3,7,1
2984,8,0,8
2985,2,4,6
2986,7,2,7
2987,6,0,8
2988,6,6,0
2989,7,2,7
2990,5,5,5
2991,8,0,8
2992,6,1,4
2993,7,2,7
2994,8,0,8
2995,5,4,6
2996,8,0,8
2997,8,0,8
2998,6,6,0
2999,8,8,3
3000,6,4,6
3001,8,0,8
3002,5,5,5
3003,2,3,2
3004,6,1,4
3005,6,6,0
3006,7,2,7
3007,8,0,8
3008,6,2,7
3009,1,4,6
3010,6,4,6
3011,2,3,2
3012,8,0,8
3013,6,6,0
3014,2,3,2
3015,2,3,2
3016,6,1,4
3017,5,5,5
3018,5,5,5
3019,2,3,2
3020,8,0,8
3021,8,0,8
3022,6,4,6
3023,6,6,0
3024,5,5,5
3025,2,3,2
3026,6,1,4
3027,5,4,6
3028,8,6,0
3029,8,0,8
3030,8,0,8
3031,6,6,0
3032,6,7,1
3033,6,6,0
3034,8,1,4
3035,8,0,8
3036,6,4,6
3037,2,7,1
3038,8,7,1
3039,4,1,4
3040,5,5,5
3041,7,2,7
3042,6,7,1
3043,8,8,3
3044,2,3,2
3045,8,0,8
3046,8,0,8
3047,7,2,7
3048,8,0,8
3049,2,3,2
3050,2,3,2
3051,5,3,2
3052,7,7,1
3053,8,0,8
3054,5,3,2
3055,6,6,0
3056,8,1,4
3057,5,5,5
3058,8,1,4
3059,2,3,2
3060,6,6,0
3061,5,4,6
3062,2,3,2
3063,2,3,2
3064,5,5,5
3065,6,1,4
3066,7,2,7
3067,6,7,1
3068,8,0,8
3069,6,4,6
3070,7,7,1
3071,5,5,5
3072,0,6,0
3073,6,4,6
3074,6,4,6
3075,7,2,7
3076,7,2,7
3077,7,6,0
3078,8,1,4
3079,6,4,6
3080,6,1,4
3081,2,3,2
3082,7,2,7
3083,8,2,7
3084,2,3,2
3085,6,1,4
3086,6,6,0
3087,7,2,7
3088,8,0,8
3089,7,2,7
3090,6,1,4
3091,7,2,7
3092,6,1,4
3093,1,4,6
3094,5,5,5
3095,6,1,4
3096,6,1,4
3097,7,2,7
3098,6,4,6
3099,6,1,4
3100,8,2,7
3101,2,3,2
3102,8,4,6
3103,8,0,8
3104,6,6,0
3105,6,1,4
3106,8,8,3
3107,8,8,3
3108,6,4,6
3109,6,4,6
3110,6,4,6
3111,7,2,7
3112,6,1,4
3113,7,2,7
3114,8,0,8
3115,6,6,0
3116,8,0,8
3117,6,6,0
3118,6,1,4
3119,8,0,8
3120,6,4,6
3121,8,0,8
3122,5,5,5
3123,7,2,7
3124,6,1,4
3125,2,3,2
3126,2,4,6
3127,8,0,8
3128,6,7,1
3129,7,7,1
3130,2,3,2
3131,8,0,8
3132,8,1,4
3133,8,0,8
3134,7,2,7
3135,6,8,3
3136,8,0,8
3137,8,0,8
3138,6,4,6
3139,2,3,2
3140,7,6,0
3141,2,3,2
3142,8,7,1
3143,6,4,6
3144,8,0,8
3145,6,7,1
3146,7,4,6
3147,6,4,6
3148,8,4,6
3149,8,0,8
3150,8,7,1
3151,8,0,8
3152,8,1,4
3153,7,2,7
3154,0,6,0
3155,5,2,7
3156,6,4,6
3157,8,0,8
3158,8,1,4
3159,7,2,7
3160,2,3,2
3161,8,0,8
3162,8,4,6
3163,7,2,7
3164,8,0,8
3165,6,6,0
3166,7,2,7
3167,2,3,2
3168,8,0,8
3169,7,1,4
3170,8,0,8
3171,8,1,4
3172,7,2,7
3173,6,4,6
3174,7,2,7
3175,6,4,6
3176,1,3,2
3177,8,0,8
3178,3,7,1
3179,7,1,4
3180,5,5,5
3181,7,2,7
3182,0,6,0
3183,7,2,7
3184,2,3,2
3185,2,3,2
3186,6,4,6
3187,8,7,1
3188,4,1,4
3189,2,3,2
3190,6,6,0
3191,2,3,2
3192,6,1,4
3193,6,2,7
3194,7,2,7
3195,5,5,5
3196,6,7,1
3197,8,0,8
3198,2,4,6
3199,6,4,6
3200,8,0,8
3201,5,5,5
3202,6,1,4
3203,6,6,0
3204,5,5,5
3205,7,2,7
3206,6,1,4
3207,8,4,6
3208,8,0,8
3209,6,3,2
3210,2,3,2
3211,8,1,4
3212,7,2,7
3213,8,0,8
3214,7,6,0
3215,7,2,7
3216,5,5,5
3217,2,3,2
3218,6,7,1
3219,7,2,7
3220,6,7,1
3221,6,1,4
3222,1,3,2
3223,6,6,0
3224,6,1,4
3225,5,5,5
3226,0,6,0
3227,4,4,6
3228,2,3,2
3229,6,1,4
3230,8,0,8
3231,8,1,4
3232,6,1,4
3233,2,3,2
3234,6,6,0
3235,6,1,4
3236,7,2,7
3237,7,2,7
3238,1,4,6
3239,8,0,8
3240,6,1,4
3241,7,2,7
3242,6,1,4
3243,8,0,8
3244,8,6,0
3245,7,2,7
3246,7,2,7
3247,7,2,7
3248,6,1,4
3249,1,7,1
3250,7,2,7
3251,8,0,8
3252,7,2,7
3253,8,0,8
3254,5,5,5
3255,6,6,0
3256,2,3,2
3257,6,1,4
3258,6,6,0
3259,7,1,4
3260,8,1,4
3261,2,3,2
3262,2,3,2
3263,2,3,2
3264,7,2,7
3265,6,4,6
3266,7,2,7
3267,4,1,4
3268,8,1,4
3269,6,1,4
3270,2,3,2
3271,5,3,2
3272,6,1,4
3273,6,1,4
3274,8,0,8
3275,6,6,0
3276,8,0,8
3277,6,1,4
3278,7,8,3
3279,5,5,5
3280,7,2,7
3281,4,7,1
3282,6,4,6
3283,8,0,8
3284,6,6,0
3285,6,1,4
3286,5,4,6
3287,5,3,2
3288,2,3,2
3289,5,5,5
3290,6,1,4
3291,6,1,4
3292,7,2,7
3293,6,7,1
3294,7,2,7
3295,7,2,7
3296,7,2,7
3297,8,1,4
3298,2,4,6
3299,6,6,0
3300,0,6,0
3301,6,1,4
3302,6,4,6
3303,8,0,8
3304,1,7,1
3305,6,4,6
3306,8,1,4
3307,6,1,4
3308,8,1,4
3309,6,1,4
3310,7,2,7
3311,8,0,8
3312,3,7,1
3313,2,3,2
3314,6,6,0
3315,3,7,1
3316,8,0,8
3317,8,1,4
3318,6,6,0
3319,8,0,8
3320,2,3,2
3321,6,1,4
3322,5,5,5
3323,8,0,8
3324,5,5,5
3325,2,3,2
3326,6,6,0
3327,6,6,0
3328,8,0,8
3329,7,6,0
3330,7,2,7
3331,6,7,1
3332,6,7,1
3333,6,4,6
3334,6,7,1
3335,6,1,4
3336,2,3,2
3337,2,3,2
3338,8,1,4
3339,5,5,5
3340,5,5,5
3341,7,2,7
3342,8,0,8
3343,6,6,0
3344,2,3,2
3345,8,0,8
3346,8,0,8
3347,1,7,1
3348,7,2,7
3349,6,4,6
3350,6,1,4
3351,8,0,8
3352,8,0,8
3353,8,0,8
3354,8,0,8
3355,7,2,7
3356,5,5,5
3357,7,2,7
3358,2,3,2
3359,6,6,0
3360,2,3,2
3361,2,3,2
3362,4,7,1
3363,2,3,2
3364,6,4,6
3365,3,7,1
3366,1,7,1
3367,6,2,7
3368,6,1,4
3369,4,4,6
3370,6,1,4
3371,1,3,2
3372,6,6,0
3373,2,3,2
3374,6,1,4
3375,2,3,2
3376,2,3,2
3377,8,0,8
3378,6,1,4
3379,7,2,7
3380,0,6,0
3381,6,4,6
3382,6,1,4
3383,7,2,7
3384,6,4,6
3385,5,7,1
3386,6,6,0
3387,7,2,7
3388,5,5,5
3389,2,3,2
3390,4,6,0
3391,8,0,8
3392,1,4,6
3393,8,0,8
3394,7,2,7
3395,5,4,6
3396,6,7,1
3397,2,3,2
3398,2,3,2
3399,8,0,8
3400,2,1,4
3401,6,1,4
3402,2,7,1
3403,6,1,4
3404,4,6,0
3405,8,0,8
3406,8,0,8
3407,7,2,7
3408,6,4,6
3409,8,0,8
3410,6,4,6
3411,1,7,1
3412,5,5,5
3413,7,6,0
3414,6,4,6
3415,2,3,2
3416,2,3,2
3417,2,3,2
3418,5,5,5
3419,6,6,0
3420,6,6,0
3421,2,3,2
3422,6,4,6
3423,6,6,0
3424,2,3,2
3425,4,4,6
3426,8,7,1
3427,2,3,2
3428,8,0,8
3429,2,3,2
3430,1,4,6
3431,7,2,7
3432,2,4,6
3433,6,1,4
3434,6,1,4
3435,7,2,7
3436,7,7,1
3437,5,7,1
3438,0,6,0
3439,6,1,4
3440,7,2,7
3441,8,0,8
3442,5,5,5
3443,7,2,7
3444,5,5,5
3445,8,0,8
3446,8,0,8
3447,4,1,4
3448,6,7,1
3449,5,5,5
3450,8,0,8
3451,5,4,6
3452,6,3,2
3453,8,1,4
3454,7,2,7
3455,7,2,7
3456,8,0,8
3457,2,3,2
3458,1,4,6
3459,8,8,3
3460,2,3,2
3461,2,3,2
3462,6,6,0
3463,1,7,1
3464,5,5,5
3465,8,4,6
3466,6,6,0
3467,2,3,2
3468,5,5,5
3469,6,7,1
3470,5,5,5
3471,7,2,7
3472,7,2,7
3473,7,2,7
3474,3,7,1
3475,5,5,5
3476,6,1,4
3477,5,5,5
3478,7,2,7
3479,5,3,2
3480,8,0,8
3481,8,8,3
3482,7,2,7
3483,6,4,6
3484,2,1,4
3485,8,0,8
3486,7,2,7
3487,8,0,8
3488,6,1,4
3489,7,2,7
3490,6,7,1
3491,8,0,8
3492,7,2,7
3493,7,2,7
3494,1,7,1
3495,2,3,2
3496,5,1,4
3497,2,3,2
3498,2,3,2
3499,8,4,6
3500,6,6,0
3501,6,1,4
3502,6,7,1
3503,6,4,6
3504,8,0,8
3505,2,4,6
3506,1,7,1
3507,2,3,2
3508,8,0,8
3509,8,0,8
3510,2,3,2
3511,8,0,8
3512,8,0,8
3513,5,5,5
3514,8,0,8
3515,6,1,4
3516,8,0,8
3517,7,2,7
3518,6,1,4
3519,7,2,7
3520,7,2,7
3521,6,1,4
3522,2,3,2
3523,8,0,8
3524,6,7,1
3525,7,2,7
3526,8,0,8
3527,6,4,6
3528,8,7,1
3529,6,1,4
3530,6,1,4
3531,6,4,6
3532,6,6,0
3533,7,2,7
3534,5,5,5
3535,6,1,4
3536,6,1,4
3537,2,3,2
3538,7,4,6
3539,8,0,8
3540,6,1,4
3541,5,3,2
3542,2,3,2
3543,5,4,6
3544,3,7,1
3545,7,2,7
3546,5,5,5
3547,7,2,7
3548,8,0,8
3549,8,7,1
3550,7,2,7
3551,2,3,2
3552,7,2,7
3553,7,2,7
3554,6,4,6
3555,2,4,6
3556,2,3,2
3557,8,0,8
3558,8,0,8
3559,7,6,0
3560,8,0,8
3561,8,0,8
3562,2,3,2
3563,7,2,7
3564,8,0,8
3565,7,2,7
3566,6,6,0
3567,6,1,4
3568,6,6,0
3569,5,3,2
3570,8,0,8
3571,7,2,7
3572,8,1,4
3573,6,6,0
3574,2,3,2
3575,1,4,6
3576,7,2,7
3577,5,5,5
3578,2,3,2
3579,8,0,8
3580,5,7,1
3581,7,2,7
3582,6,1,4
3583,7,2,7
3584,1,4,6
3585,8,0,8
3586,8,8,3
3587,2,3,2
3588,8,4,6
3589,8,4,6
3590,8,0,8
3591,6,1,4
3592,5,5,5
3593,8,7,1
3594,6,4,6
3595,6,6,0
3596,6,1,4
3597,8,0,8
3598,1,7,1
3599,6,4,6
3600,7,2,7
3601,7,1,4
3602,7,2,7
3603,7,2,7
3604,6,1,4
3605,6,1,4
3606,7,2,7
3607,5,3,2
3608,1,7,1
3609,6,1,4
3610,6,1,4
3611,7,2,7
3612,6,4,6
3613,2,3,2
3614,4,7,1
3615,5,5,5
3616,7,2,7
3617,7,2,7
3618,2,3,2
3619,6,1,4
3620,8,0,8
3621,8,0,8
3622,7,2,7
3623,8,0,8
3624,8,0,8
3625,5,4,6
3626,7,2,7
3627,8,8,3
3628,8,0,8
3629,2,3,2
3630,7,2,7
3631,8,0,8
3632,6,4,6
3633,8,1,4
3634,8,0,8
3635,8,1,4
3636,5,5,5
3637,6,4,6
3638,8,8,3
3639,8,0,8
3640,8,8,3
3641,8,0,8
3642,8,0,8
3643,6,4,6
3644,8,4,6
3645,8,0,8
3646,7,2,7
3647,6,1,4
3648,8,0,8
3649,8,0,8
3650,2,3,2
3651,4,6,0
3652,5,4,6
3653,8,0,8
3654,7,2,7
3655,5,5,5
3656,6,1,4
3657,2,3,2
3658,2,8,3
3659,8,0,8
3660,6,6,0
3661,7,2,7
3662,5,4,6
3663,1,3,2
3664,2,3,2
3665,7,2,7
3666,5,5,5
3667,2,3,2
3668,6,4,6
3669,2,3,2
3670,8,7,1
3671,7,2,7
3672,8,8,3
3673,2,3,2
3674,8,0,8
3675,2,3,2
3676,6,4,6
3677,6,4,6
3678,6,4,6
3679,6,1,4
3680,7,2,7
3681,7,2,7
3682,6,4,6
3683,8,1,4
3684,2,7,1
3685,2,3,2
3686,6,1,4
3687,6,1,4
3688,7,6,0
3689,7,2,7
3690,4,6,0
3691,6,4,6
3692,2,3,2
3693,6,1,4
3694,6,4,6
3695,7,1,4
3696,7,6,0
3697,2,8,3
3698,6,1,4
3699,5,7,1
3700,7,2,7
3701,2,3,2
3702,8,4,6
3703,6,1,4
3704,8,0,8
3705,7,2,7
3706,2,7,1
3707,2,4,6
3708,7,2,7
3709,8,4,6
3710,7,2,7
3711,7,2,7
3712,8,1,4
3713,8,0,8
3714,7,2,7
3715,7,2,7
3716,5,5,5
3717,2,3,2
3718,5,5,5
3719,5,5,5
3720,6,4,6
3721,8,0,8
3722,6,4,6
3723,2,3,2
3724,8,0,8
3725,8,0,8
3726,6,1,4
3727,8,0,8
3728,2,3,2
3729,8,1,4
3730,8,1,4
3731,5,5,5
3732,6,1,4
3733,5,5,5
3734,2,3,2
3735,8,0,8
3736,6,4,6
3737,6,1,4
3738,6,4,6
3739,8,0,8
3740,7,2,7
3741,6,1,4
3742,8,0,8
3743,8,8,3
3744,2,3,2
3745,4,6,0
3746,2,3,2
3747,7,1,4
3748,2,3,2
3749,8,0,8
3750,6,7,1
3751,6,6,0
3752,2,3,2
3753,8,0,8
3754,5,5,5
3755,2,3,2
3756,4,2,7
3757,8,0,8
3758,2,1,4
3759,8,0,8
3760,6,6,0
3761,1,3,2
3762,2,3,2
3763,7,2,7
3764,8,4,6
3765,5,1,4
3766,6,1,4
3767,2,3,2
3768,6,4,6
3769,6,1,4
3770,2,1,4
3771,6,1,4
3772,5,5,5
3773,6,7,1
3774,2,3,2
3775,5,5,5
3776,6,6,0
3777,8,7,1
3778,8,0,8
3779,5,5,5
3780,8,1,4
3781,1,3,2
3782,2,3,2
3783,7,7,1
3784,1,4,6
3785,8,0,8
3786,7,2,7
3787,8,0,8
3788,2,4,6
3789,7,2,7
3790,8,1,4
3791,6,4,6
3792,6,4,6
3793,2,3,2
3794,2,3,2
3795,6,4,6
3796,5,5,5
3797,2,3,2
3798,6,6,0
3799,2,3,2
3800,6,1,4
3801,2,3,2
3802,6,1,4
3803,7,2,7
3804,8,0,8
3805,7,2,7
3806,6,1,4
3807,2,3,2
3808,6,1,4
3809,6,4,6
3810,6,7,1
3811,7,2,7
3812,8,1,4
3813,6,4,6
3814,1,1,4
3815,7,2,7
3816,6,1,4
3817,4,6,0
3818,7,2,7
3819,8,1,4
3820,6,1,4
3821,8,7,1
3822,8,0,8
3823,6,4,6
3824,2,7,1
3825,8,0,8
3826,2,3,2
3827,6,1,4
3828,8,0,8
3829,5,5,5
3830,8,1,4
3831,6,2,7
3832,7,2,7
3833,2,3,2
3834,2,4,6
3835,3,7,1
3836,5,5,5
3837,6,4,6
3838,2,3,2
3839,2,3,2
3840,8,8,3
3841,2,3,2
3842,7,2,7
3843,6,1,4
3844,8,0,8
3845,7,2,7
3846,7,2,7
3847,2,3,2
3848,8,7,1
3849,6,1,4
3850,6,4,6
3851,8,0,8
3852,5,5,5
3853,6,6,0
3854,2,3,2
3855,5,5,5
3856,8,0,8
3857,6,4,6
3858,7,2,7
3859,7,2,7
3860,1,3,2
3861,8,0,8
3862,7,7,1
3863,1,3,2
3864,7,2,7
3865,8,0,8
3866,7,2,7
3867,6,6,0
3868,7,2,7
3869,8,0,8
3870,2,3,2
3871,7,2,7
3872,2,3,2
3873,7,2,7
3874,8,4,6
3875,8,2,7
3876,8,0,8
3877,2,3,2
3878,8,1,4
3879,6,1,4
3880,8,0,8
3881,8,1,4
3882,6,4,6
3883,7,2,7
3884,6,4,6
3885,7,2,7
3886,8,8,3
3887,2,3,2
3888,6,6,0
3889,6,4,6
3890,8,0,8
3891,8,4,6
3892,7,2,7
3893,2,3,2
3894,2,1,4
3895,8,0,8
3896,6,6,0
3897,5,5,5
3898,8,6,0
3899,8,0,8
3900,6,1,4
3901,5,5,5
3902,6,1,4
3903,8,0,8
3904,8,0,8
3905,2,4,6
3906,1,4,6
3907,7,1,4
3908,8,0,8
3909,6,6,0
3910,8,1,4
3911,6,4,6
3912,4,2,7
3913,0,6,0
3914,1,8,3
3915,7,2,7
3916,8,0,8
3917,8,0,8
3918,6,4,6
3919,7,2,7
3920,5,5,5
3921,8,0,8
3922,2,4,6
3923,5,3,2
3924,8,1,4
3925,7,2,7
3926,6,4,6
3927,8,0,8
3928,7,2,7
3929,6,0,8
3930,7,2,7
3931,2,3,2
3932,7,2,7
3933,6,1,4
3934,1,4,6
3935,2,3,2
3936,8,0,8
3937,8,7,1
3938,6,1,4
3939,6,4,6
3940,8,0,8
3941,6,6,0
3942,2,3,2
3943,2,3,2
3944,6,4,6
3945,7,2,7
3946,8,8,3
3947,8,1,4
3948,6,1,4
3949,8,0,8
3950,7,2,7
3951,8,0,8
3952,7,6,0
3953,5,5,5
3954,8,7,1
3955,2,1,4
3956,6,4,6
3957,6,1,4
3958,8,0,8
3959,5,5,5
3960,8,0,8
3961,6,1,4
3962,6,1,4
3963,7,2,7
3964,8,0,8
3965,6,4,6
3966,2,4,6
3967,1,7,1
3968,8,8,3
3969,7,2,7
3970,6,7,1
3971,2,3,2
3972,5,4,6
3973,6,1,4
3974,3,7,1
3975,7,4,6
3976,2,3,2
3977,7,2,7
3978,6,1,4
3979,2,3,2
3980,8,4,6
3981,6,6,0
3982,7,2,7
3983,7,2,7
3984,7,6,0
3985,8,0,8
3986,4,1,4
3987,7,2,7
3988,8,0,8
3989,6,6,0
3990,6,4,6
3991,7,2,7
3992,8,1,4
3993,8,0,8
3994,6,4,6
3995,7,2,7
3996,6,1,4
3997,6,6,0
3998,5,5,5
3999,7,2,7
4000,1,7,1
4001,7,2,7
4002,2,1,4
4003,4,6,0
4004,2,1,4
4005,8,8,3
4006,6,4,6
4007,5,4,6
4008,8,0,8
4009,7,2,7
4010,5,5,5
4011,2,3,2
4012,2,3,2
4013,8,8,3
4014,8,8,3
4015,6,4,6
4016,6,1,4
4017,8,7,1
4018,2,3,2
4019,7,2,7
4020,2,3,2
4021,6,1,4
4022,8,8,3
4023,6,6,0
4024,8,1,4
4025,8,8,3
4026,5,5,5
4027,7,4,6
4028,2,4,6
4029,5,4,6
4030,6,6,0
4031,2,3,2
4032,8,1,4
4033,7,2,7
4034,5,1,4
4035,6,6,0
4036,6,4,6
4037,7,2,7
4038,6,1,4
4039,6,6,0
4040,8,6,0
4041,5,5,5
4042,6,1,4
4043,6,1,4
4044,6,1,4
4045,8,0,8
4046,1,7,1
4047,2,3,2
4048,5,3,2
4049,6,1,4
4050,6,4,6
4051,8,0,8
4052,1,4,6
4053,6,1,4
4054,7,2,7
4055,4,7,1
4056,4,6,0
4057,6,4,6
4058,8,6,0
4059,6,4,6
4060,2,4,6
4061,8,0,8
4062,8,6,0
4063,5,7,1
4064,5,5,5
4065,5,5,5
4066,8,8,3
4067,6,1,4
4068,6,4,6
4069,7,2,7
4070,1,4,6
4071,5,5,5
4072,6,4,6
4073,6,4,6
4074,8,0,8
4075,8,0,8
4076,6,0,8
4077,7,6,0
4078,6,1,4
4079,6,6,0
4080,2,3,2
4081,8,1,4
4082,8,8,3
4083,8,0,8
4084,6,2,7
4085,2,4,6
4086,8,7,1
4087,6,4,6
4088,1,4,6
4089,6,1,4
4090,7,2,7
4091,6,6,0
4092,1,8,3
4093,6,7,1
4094,1,7,1
4095,2,3,2
4096,8,0,8
4097,2,3,2
4098,4,1,4
4099,5,5,5
4100,2,3,2
4101,8,0,8
4102,2,3,2
4103,6,4,6
4104,8,1,4
4105,5,4,6
4106,2,3,2
4107,8,0,8
4108,8,0,8
4109,6,6,0
4110,6,1,4
4111,6,1,4
4112,8,0,8
4113,6,6,0
4114,8,8,3
4115,6,4,6
4116,7,2,7
4117,6,2,7
4118,8,0,8
4119,8,1,4
4120,6,6,0
4121,6,4,6
4122,1,4,6
4123,6,1,4
4124,6,1,4
4125,8,8,3
4126,5,5,5
4127,2,3,2
4128,7,2,7
4129,5,5,5
4130,5,7,1
4131,7,6,0
4132,8,1,4
4133,8,0,8
4134,1,4,6
4135,5,3,2
4136,6,1,4
4137,5,4,6
4138,6,1,4
4139,7,2,7
4140,8,0,8
4141,8,0,8
4142,8,0,8
4143,2,3,2
4144,7,2,7
4145,6,4,6
4146,2,3,2
4147,6,1,4
4148,1,4,6
4149,7,6,0
4150,8,0,8
4151,7,2,7
4152,5,7,1
4153,7,7,1
4154,5,5,5
4155,8,4,6
4156,7,2,7
4157,5,5,5
4158,8,6,0
4159,7,2,7
4160,6,8,3
4161,7,2,7
4162,5,2,7
4163,1,7,1
4164,7,2,7
4165,7,2,7
4166,8,0,8
4167,5,5,5
4168,6,1,4
4169,3,7,1
4170,2,3,2
4171,6,4,6
4172,2,3,2
4173,5,7,1
4174,5,5,5
4175,6,1,4
4176,6,7,1
4177,6,6,0
4178,8,0,8
4179,2,3,2
4180,7,2,7
4181,8,2,7
4182,6,6,0
4183,6,1,4
4184,8,0,8
4185,8,0,8
4186,2,3,2
4187,6,6,0
4188,1,7,1
4189,7,2,7
4190,7,2,7
4191,8,0,8
4192,6,4,6
4193,7,2,7
4194,7,6,0
4195,1,4,6
4196,2,3,2
4197,5,7,1
4198,1,3,2
4199,7,2,7
4200,7,2,7
4201,2,3,2
4202,6,4,6
4203,7,2,7
4204,8,8,3
4205,6,7,1
4206,2,3,2
4207,6,1,4
4208,8,0,8
4209,7,1,4
4210,3,7,1
4211,2,3,2
4212,8,0,8
4213,8,0,8
4214,7,2,7
4215,8,0,8
4216,2,3,2
4217,6,4,6
4218,6,1,4
4219,6,1,4
4220,6,6,0
4221,5,7,1
4222,8,0,8
4223,6,1,4
4224,8,0,8
4225,2,3,2
4226,8,0,8
4227,7,2,7
4228,7,2,7
4229,6,6,0
4230,2,3,2
4231,7,6,0
4232,8,0,8
4233,7,2,7
4234,2,4,6
4235,6,1,4
4236,8,0,8
4237,8,0,8
4238,6,1,4
4239,6,1,4
4240,2,3,2
4241,7,2,7
4242,1,5,5
4243,6,1,4
4244,8,0,8
4245,8,0,8
4246,8,0,8
4247,8,0,8
4248,2,3,2
4249,8,8,3
4250,2,3,2
4251,7,2,7
4252,6,1,4
4253,6,6,0
4254,6,4,6
4255,2,3,2
4256,1,7,1
4257,6,4,6
4258,2,3,2
4259,8,0,8
4260,7,2,7
4261,8,0,8
4262,8,0,8
4263,7,2,7
4264,2,3,2
4265,6,4,6
4266,2,3,2
4267,6,7,1
4268,2,1,4
4269,5,5,5
4270,6,6,0
4271,6,1,4
4272,2,3,2
4273,8,0,8
4274,6,4,6
4275,6,4,6
4276,6,6,0
4277,8,1,4
4278,4,6,0
4279,5,5,5
4280,7,2,7
4281,6,1,4
4282,8,0,8
4283,1,6,0
4284,5,5,5
4285,6,7,1
4286,8,0,8
4287,8,0,8
4288,4,6,0
4289,2,3,2
4290,6,6,0
4291,7,4,6
4292,8,0,8
4293,6,6,0
4294,8,1,4
4295,6,1,4
4296,5,5,5
4297,2,3,2
4298,4,6,0
4299,4,6,0
4300,8,0,8
4301,8,8,3
4302,5,4,6
4303,8,0,8
4304,6,4,6
4305,6,1,4
4306,6,4,6
4307,7,2,7
4308,5,5,5
4309,7,2,7
4310,7,2,7
4311,8,1,4
4312,8,0,8
4313,8,7,1
4314,6,1,4
4315,7,2,7
4316,1,7,1
4317,7,2,7
4318,8,1,4
4319,2,3,2
4320,5,5,5
4321,8,4,6
4322,8,0,8
4323,0,6,0
4324,7,2,7
4325,7,2,7
4326,4,6,0
4327,6,4,6
4328,6,1,4
4329,2,3,2
4330,7,2,7
4331,7,2,7
4332,6,4,6
4333,6,1,4
4334,8,0,8
4335,8,7,1
4336,6,1,4
4337,7,2,7
4338,6,6,0
4339,8,8,3
4340,6,1,4
4341,6,4,6
4342,6,6,0
4343,7,2,7
4344,8,6,0
4345,8,0,8
4346,6,4,6
4347,6,1,4
4348,6,4,6
4349,8,0,8
4350,7,7,1
4351,5,5,5
4352,6,4,6
4353,8,0,8
4354,8,0,8
4355,6,2,7
4356,6,7,1
4357,7,2,7
4358,2,3,2
4359,8,0,8
4360,8,8,3
4361,7,2,7
4362,8,7,1
4363,4,6,0
4364,5,8,3
4365,4,7,1
4366,8,8,3
4367,8,2,7
4368,7,2,7
4369,5,5,5
4370,8,1,4
4371,6,4,6
4372,2,7,1
4373,1,7,1
4374,2,3,2
4375,6,4,6
4376,6,1,4
4377,8,7,1
4378,2,3,2
4379,6,4,6
4380,5,5,5
4381,5,5,5
4382,7,2,7
4383,6,2,7
4384,6,1,4
4385,6,1,4
4386,2,3,2
4387,8,0,8
4388,7,2,7
4389,2,3,2
4390,8,0,8
4391,6,4,6
4392,6,7,1
4393,6,2,7
4394,8,0,8
4395,8,0,8
4396,5,8,3
4397,6,6,0
4398,8,0,8
4399,5,5,5
4400,5,5,5
4401,6,6,0
4402,6,1,4
4403,7,2,7
4404,2,3,2
4405,6,1,4
4406,6,1,4
4407,2,3,2
4408,7,2,7
4409,8,0,8
4410,8,1,4
4411,4,6,0
4412,6,1,4
4413,8,0,8
4414,5,5,5
4415,8,7,1
4416,6,4,6
4417,8,0,8
4418,4,6,0
4419,8,0,8
4420,7,2,7
4421,6,1,4
4422,6,1,4
4423,5,4,6
4424,8,0,8
4425,6,1,4
4426,7,1,4
4427,7,2,7
4428,2,3,2
4429,8,0,8
4430,2,3,2
4431,5,5,5
4432,5,4,6
4433,6,4,6
4434,8,0,8
4435,2,3,2
4436,8,0,8
4437,8,0,8
4438,8,8,3
4439,2,3,2
4440,8,8,3
4441,1,3,2
4442,2,3,2
4443,8,1,4
4444,5,5,5
4445,6,6,0
4446,2,3,2
4447,8,0,8
4448,8,0,8
4449,6,1,4
4450,6,7,1
4451,6,6,0
4452,1,3,2
4453,7,2,7
4454,8,1,4
4455,6,1,4
4456,6,6,0
4457,2,3,2
4458,6,1,4
4459,4,6,0
4460,2,3,2
4461,8,0,8
4462,1,3,2
4463,8,7,1
4464,6,6,0
4465,8,0,8
4466,8,0,8
4467,7,2,7
4468,6,6,0
4469,8,2,7
4470,5,5,5
4471,6,1,4
4472,7,2,7
4473,8,0,8
4474,4,6,0
4475,6,4,6
4476,7,2,7
4477,6,1,4
4478,7,1,4
4479,6,1,4
4480,7,2,7
4481,7,7,1
4482,7,2,7
4483,8,4,6
4484,7,6,0
4485,6,4,6
4486,6,6,0
4487,8,0,8
4488,6,4,6
4489,2,3,2
4490,8,0,8
4491,8,7,1
4492,8,8,3
4493,6,7,1
4494,6,6,0
4495,5,5,5
4496,6,1,4
4497,5,5,5
4498,8,0,8
4499,7,7,1
4500,2,4,6
4501,6,1,4
4502,5,5,5
4503,7,2,7
4504,1,3,2
4505,5,5,5
4506,7,2,7
4507,8,0,8
4508,7,2,7
4509,6,1,4
4510,8,0,8
4511,8,0,8
4512,2,3,2
4513,1,3,2
4514,2,4,6
4515,8,0,8
4516,5,4,6
4517,6,4,6
4518,6,6,0
4519,8,8,3
4520,8,8,3
4521,7,1,4
4522,6,6,0
4523,5,3,2
4524,6,2,7
4525,6,1,4
4526,7,2,7
4527,2,3,2
4528,8,8,3
4529,2,3,2
4530,7,2,7
4531,6,6,0
4532,8,0,8
4533,5,5,5
4534,5,5,5
4535,7,2,7
4536,6,1,4
4537,8,8,3
4538,6,6,0
4539,8,1,4
4540,2,3,2
4541,8,0,8
4542,2,3,2
4543,6,6,0
4544,6,6,0
4545,7,2,7
4546,7,2,7
4547,8,0,8
4548,2,7,1
4549,8,0,8
4550,6,6,0
4551,1,7,1
4552,7,2,7
4553,8,1,4
4554,6,7,1
4555,8,0,8
4556,5,5,5
4557,5,1,4
4558,6,1,4
4559,7,2,7
4560,8,1,4
4561,4,6,0
4562,2,3,2
4563,6,1,4
4564,5,5,5
4565,6,1,4
4566,6,4,6
4567,5,5,5
4568,8,0,8
4569,8,8,3
4570,8,0,8
4571,6,1,4
4572,7,2,7
4573,8,1,4
4574,8,0,8
4575,7,2,7
4576,7,2,7
4577,8,0,8
4578,5,5,5
4579,4,6,0
4580,0,6,0
4581,2,3,2
4582,1,7,1
4583,6,4,6
4584,2,3,2
4585,2,7,1
4586,2,3,2
4587,4,6,0
4588,6,4,6
4589,6,4,6
4590,2,3,2
4591,2,3,2
4592,7,1,4
4593,8,8,3
4594,6,4,6
4595,7,2,7
4596,6,4,6
4597,8,0,8
4598,2,4,6
4599,8,7,1
4600,2,3,2
4601,8,1,4
4602,2,3,2
4603,8,0,8
4604,7,2,7
4605,6,6,0
4606,6,1,4
4607,8,0,8
4608,4,7,1
4609,7,2,7
4610,8,0,8
4611,5,5,5
4612,6,1,4
4613,6,7,1
4614,6,4,6
4615,7,2,7
4616,8,8,3
4617,8,8,3
4618,2,4,6
4619,6,6,0
4620,6,1,4
4621,7,2,7
4622,6,7,1
4623,2,3,2
4624,8,1,4
4625,2,3,2
4626,8,6,0
4627,7,2,7
4628,7,1,4
4629,4,6,0
4630,6,1,4
4631,2,3,2
4632,7,7,1
4633,4,1,4
4634,8,0,8
4635,8,8,3
4636,7,4,6
4637,7,1,4
4638,6,7,1
4639,1,4,6
4640,2,3,2
4641,1,4,6
4642,6,1,4
4643,2,3,2
4644,2,3,2
4645,2,3,2
4646,8,0,8
4647,2,3,2
4648,7,7,1
4649,7,2,7
4650,5,5,5
4651,7,2,7
4652,6,1,4
4653,8,0,8
4654,2,3,2
4655,7,2,7
4656,1,3,2
4657,5,3,2
4658,8,0,8
4659,2,3,2
4660,8,7,1
4661,2,3,2
4662,4,1,4
4663,8,8,3
4664,6,4,6
4665,8,0,8
4666,7,2,7
4667,8,7,1
4668,6,4,6
4669,5,5,5
4670,8,0,8
4671,7,6,0
4672,8,4,6
4673,7,2,7
4674,6,4,6
4675,5,5,5
4676,8,0,8
4677,5,4,6
4678,8,8,3
4679,7,2,7
4680,8,1,4
4681,5,4,6
4682,2,3,2
4683,8,0,8
4684,7,2,7
4685,6,6,0
4686,7,2,7
4687,8,6,0
4688,8,0,8
4689,8,1,4
4690,6,1,4
4691,4,6,0
4692,6,4,6
4693,5,7,1
4694,6,4,6
4695,8,0,8
4696,2,3,2
4697,7,4,6
4698,7,2,7
4699,6,4,6
4700,7,2,7
4701,8,7,1
4702,5,5,5
4703,8,0,8
4704,5,5,5
4705,8,7,1
4706,5,7,1
4707,7,2,7
4708,8,8,3
4709,1,3,2
4710,2,3,2
4711,5,5,5
4712,0,6,0
4713,7,4,6
4714,6,4,6
4715,2,3,2
4716,1,4,6
4717,1,4,6
4718,6,1,4
4719,7,2,7
4720,6,4,6
4721,1,3,2
4722,6,1,4
4723,7,2,7
4724,7,2,7
4725,6,1,4
4726,8,0,8
4727,2,3,2
4728,6,2,7
4729,8,0,8
4730,7,2,7
4731,5,5,5
4732,8,0,8
4733,8,0,8
4734,5,5,5
4735,6,6,0
4736,5,5,5
4737,7,2,7
4738,6,4,6
4739,6,4,6
4740,1,4,6
4741,6,1,4
4742,8,0,8
4743,6,4,6
4744,6,1,4
4745,6,1,4
4746,7,2,7
4747,5,7,1
4748,8,4,6
4749,7,2,7
4750,8,7,1
4751,7,2,7
4752,8,0,8
4753,8,0,8
4754,2,3,2
4755,6,1,4
4756,7,8,3
4757,8,0,8
4758,8,0,8
4759,2,3,2
4760,6,1,4
4761,8,6,0
4762,7,2,7
4763,8,4,6
4764,2,3,2
4765,6,1,4
4766,5,3,2
4767,7,4,6
4768,6,1,4
4769,2,4,6
4770,7,2,7
4771,2,4,6
4772,7,2,7
4773,8,0,8
4774,8,0,8
4775,6,4,6
4776,7,2,7
4777,7,2,7
4778,7,2,7
4779,7,2,7
4780,7,2,7
4781,8,1,4
4782,8,8,3
4783,6,4,6
4784,7,2,7
4785,2,3,2
4786,7,2,7
4787,1,7,1
4788,7,2,7
4789,2,3,2
4790,7,2,7
4791,5,3,2
4792,6,1,4
4793,6,6,0
4794,6,4,6
4795,8,0,8
4796,6,4,6
4797,2,5,5
4798,6,4,6
4799,6,4,6
4800,7,2,7
4801,2,3,2
4802,8,0,8
4803,2,3,2
4804,6,6,0
4805,6,1,4
4806,7,2,7
4807,5,5,5
4808,6,6,0
4809,6,1,4
4810,6,4,6
4811,6,4,6
4812,1,4,6
4813,8,0,8
4814,8,1,4
4815,8,0,8
4816,7,2,7
4817,5,3,2
4818,6,6,0
4819,8,0,8
4820,6,1,4
4821,8,0,8
4822,2,3,2
4823,6,1,4
4824,8,8,3
4825,6,1,4
4826,6,1,4
4827,6,6,0
4828,8,7,1
4829,7,2,7
4830,6,6,0
4831,6,4,6
4832,6,4,6
4833,5,5,5
4834,2,3,2
4835,7,2,7
4836,7,2,7
4837,7,2,7
4838,6,6,0
4839,7,2,7
4840,6,1,4
4841,8,1,4
4842,7,2,7
4843,5,7,1
4844,2,4,6
4845,7,7,1
4846,2,4,6
4847,6,6,0
4848,7,2,7
4849,5,5,5
4850,6,1,4
4851,1,7,1
4852,7,2,7
4853,6,1,4
4854,6,1,4
4855,6,6,0
4856,6,6,0
4857,7,2,7
4858,5,5,5
4859,7,2,7
4860,6,1,4
4861,6,6,0
4862,6,1,4
4863,8,0,8
4864,8,0,8
4865,8,4,6
4866,8,0,8
4867,7,2,7
4868,6,1,4
4869,8,0,8
4870,2,3,2
4871,5,4,6
4872,6,6,0
4873,6,4,6
4874,5,5,5
4875,5,7,1
4876,6,6,0
4877,5,3,2
4878,6,6,0
4879,8,1,4
4880,4,2,7
4881,7,1,4
4882,7,2,7
4883,7,2,7
4884,7,2,7
4885,6,4,6
4886,8,0,8
4887,6,4,6
4888,8,0,8
4889,6,6,0
4890,6,6,0
4891,7,2,7
4892,8,0,8
4893,2,3,2
4894,7,2,7
4895,8,0,8
4896,8,1,4
4897,5,5,5
4898,6,1,4
4899,6,7,1
4900,2,3,2
4901,1,7,1
4902,6,6,0
4903,6,2,7
4904,5,7,1
4905,8,0,8
4906,1,3,2
4907,2,3,2
4908,8,0,8
4909,5,5,5
4910,7,2,7
4911,6,6,0
4912,2,3,2
4913,8,8,3
4914,5,5,5
4915,2,3,2
4916,2,3,2
4917,6,1,4
4918,8,0,8
4919,2,4,6
4920,8,0,8
4921,5,7,1
4922,6,1,4
4923,2,3,2
4924,8,0,8
4925,7,6,0
4926,0,6,0
4927,8,0,8
4928,5,5,5
4929,4,6,0
4930,1,3,2
4931,7,2,7
4932,6,6,0
4933,2,3,2
4934,6,1,4
4935,8,0,8
4936,6,7,1
4937,6,4,6
4938,6,4,6
4939,5,5,5
4940,6,1,4
4941,5,5,5
4942,8,0,8
4943,2,3,2
4944,8,8,3
4945,6,4,6
4946,2,3,2
4947,7,2,7
4948,8,0,8
4949,8,0,8
4950,7,2,7
4951,4,6,0
4952,6,4,6
4953,5,5,5
4954,2,3,2
4955,2,3,2
4956,6,1,4
4957,8,6,0
4958,6,1,4
4959,6,4,6
4960,6,1,4
4961,5,5,5
4962,5,5,5
4963,6,4,6
4964,6,1,4
4965,5,3,2
4966,7,2,7
4967,6,6,0
4968,5,7,1
4969,6,6,0
4970,2,4,6
4971,1,3,2
4972,6,2,7
4973,7,2,7
4974,2,3,2
4975,6,6,0
4976,8,0,8
4977,8,0,8
4978,7,2,7
4979,6,4,6
4980,2,3,2
4981,5,5,5
4982,2,3,2
4983,2,3,2
4984,2,3,2
4985,6,1,4
4986,6,1,4
4987,6,1,4
4988,8,1,4
4989,8,0,8
4990,5,5,5
4991,1,4,6
4992,7,2,7
4993,6,6,0
4994,8,0,8
4995,8,0,8
4996,8,8,3
4997,8,6,0
4998,6,6,0
4999,2,3,2
5000,8,1,4
5001,5,4,6
5002,6,8,3
5003,2,3,2
5004,8,1,4
5005,6,1,4
5006,8,0,8
5007,8,1,4
5008,8,0,8
5009,6,1,4
5010,7,2,7
5011,5,5,5
5012,8,0,8
5013,2,3,2
5014,8,0,8
5015,6,1,4
5016,4,1,4
5017,7,2,7
5018,7,2,7
5019,5,5,5
5020,6,2,7
5021,2,3,2
5022,7,2,7
5023,7,6,0
5024,2,3,2
5025,7,2,7
5026,2,3,2
5027,4,2,7
5028,7,6,0
5029,6,4,6
5030,1,4,6
5031,5,5,5
5032,7,7,1
5033,5,5,5
5034,5,5,5
5035,2,3,2
5036,2,3,2
5037,6,4,6
5038,2,7,1
5039,6,4,6
5040,5,5,5
5041,6,6,0
5042,8,0,8
5043,5,5,5
5044,2,3,2
5045,7,7,1
5046,7,2,7
5047,7,2,7
5048,6,1,4
5049,7,2,7
5050,6,4,6
5051,8,0,8
5052,6,1,4
5053,8,0,8
5054,6,7,1
5055,5,5,5
5056,6,6,0
5057,7,2,7
5058,8,1,4
5059,5,6,0
5060,8,1,4
5061,8,1,4
5062,8,0,8
5063,5,5,5
5064,8,8,3
5065,8,0,8
5066,8,0,8
5067,8,0,8
5068,2,4,6
5069,7,2,7
5070,2,3,2
5071,2,3,2
5072,5,5,5
5073,1,4,6
5074,6,6,0
5075,5,5,5
5076,7,2,7
5077,6,6,0
5078,7,2,7
5079,2,6,0
5080,7,2,7
5081,6,3,2
5082,6,1,4
5083,7,2,7
5084,8,4,6
5085,8,0,8
5086,2,1,4
5087,6,1,4
5088,7,2,7
5089,6,7,1
5090,8,0,8
5091,8,0,8
5092,3,7,1
5093,8,0,8
5094,7,2,7
5095,2,3,2
5096,7,2,7
5097,8,8,3
5098,8,0,8
5099,6,7,1
5100,6,2,7
5101,7,2,7
5102,8,4,6
5103,7,2,7
5104,7,2,7
5105,6,4,6
5106,7,2,7
5107,6,1,4
5108,2,3,2
5109,8,8,3
5110,7,2,7
5111,5,5,5
5112,6,7,1
5113,8,0,8
5114,6,7,1
5115,8,0,8
5116,7,2,7
5117,7,2,7
5118,1,4,6
5119,7,2,7
5120,2,3,2
5121,6,4,6
5122,7,2,7
5123,8,0,8
5124,8,0,8
5125,8,1,4
5126,6,1,4
5127,4,1,4
5128,6,6,0
5129,8,1,4
5130,7,2,7
5131,2,3,2
5132,7,2,7
5133,8,4,6
5134,8,0,8
5135,6,1,4
5136,6,4,6
5137,7,2,7
5138,1,3,2
5139,8,1,4
5140,7,2,7
5141,2,3,2
5142,8,0,8
5143,2,3,2
5144,7,2,7
5145,2,3,2
5146,8,0,8
5147,8,8,3
5148,8,7,1
5149,7,2,7
5150,2,3,2
5151,8,0,8
5152,7,2,7
5153,8,0,8
5154,7,2,7
5155,7,2,7
5156,1,4,6
5157,6,3,2
5158,8,0,8
5159,8,7,1
5160,7,2,7
5161,8,0,8
5162,7,2,7
5163,5,5,5
5164,8,4,6
5165,2,3,2
5166,7,6,0
5167,2,4,6
5168,3,7,1
5169,6,1,4
5170,6,6,0
5171,2,3,2
5172,2,3,2
5173,5,5,5
5174,6,4,6
5175,6,4,6
5176,8,8,3
5177,2,3,2
5178,2,3,2
5179,2,3,2
5180,8,0,8
5181,2,3,2
5182,6,4,6
5183,6,4,6
5184,5,5,5
5185,7,2,7
5186,8,1,4
5187,7,2,7
5188,6,4,6
5189,8,0,8
5190,8,0,8
5191,7,2,7
5192,6,1,4
5193,8,4,6
5194,8,0,8
5195,8,0,8
5196,2,3,2
5197,5,5,5
5198,5,5,5
5199,6,4,6
5200,5,5,5
5201,5,5,5
5202,5,5,5
5203,1,4,6
5204,6,6,0
5205,6,6,0
5206,4,7,1
5207,8,0,8
5208,1,4,6
5209,8,1,4
5210,2,3,2
5211,5,5,5
5212,5,5,5
5213,2,3,2
5214,8,0,8
5215,8,1,4
5216,8,0,8
5217,8,0,8
5218,6,1,4
5219,7,6,0
5220,6,6,0
5221,6,6,0
5222,6,1,4
5223,6,1,4
5224,6,1,4
5225,2,3,2
5226,7,2,7
5227,4,6,0
5228,8,0,8
5229,2,3,2
5230,6,1,4
5231,7,2,7
5232,8,0,8
5233,2,3,2
5234,1,4,6
5235,1,7,1
5236,6,4,6
5237,6,7,1
5238,6,6,0
5239,8,0,8
5240,8,0,8
5241,7,2,7
5242,2,3,2
5243,6,4,6
5244,1,7,1
5245,6,1,4
5246,8,0,8
5247,3,7,1
5248,6,1,4
5249,6,1,4
5250,8,1,4
5251,8,0,8
5252,7,2,7
5253,5,5,5
5254,8,0,8
5255,6,4,6
5256,6,7,1
5257,8,7,1
5258,6,4,6
5259,7,6,0
5260,2,1,4
5261,8,0,8
5262,6,1,4
5263,7,7,1
5264,2,3,2
5265,8,0,8
5266,8,0,8
5267,6,1,4
5268,7,6,0
5269,2,3,2
5270,8,0,8
5271,8,0,8
5272,8,1,4
5273,8,0,8
5274,8,0,8
5275,7,6,0
5276,8,1,4
5277,5,5,5
5278,6,4,6
5279,5,5,5
5280,8,0,8
5281,1,3,2
5282,5,5,5
5283,8,0,8
5284,6,6,0
5285,6,1,4
5286,8,0,8
5287,6,4,6
5288,2,3,2
5289,6,7,1
5290,7,7,1
5291,8,0,8
5292,5,5,5
5293,7,2,7
5294,5,5,5
5295,7,2,7
5296,8,0,8
5297,8,0,8
5298,8,0,8
5299,0,6,0
5300,5,5,5
5301,7,2,7
5302,5,5,5
5303,6,7,1
5304,8,0,8
5305,6,1,4
5306,5,5,5
5307,8,0,8
5308,6,1,4
5309,8,0,8
5310,6,6,0
5311,2,3,2
5312,2,3,2
5313,8,0,8
5314,6,4,6
5315,6,4,6
5316,8,0,8
5317,2,3,2
5318,6,4,6
5319,7,2,7
5320,8,0,8
5321,1,3,2
5322,8,0,8
5323,6,6,0
5324,8,0,8
5325,5,5,5
5326,5,5,5
5327,4,6,0
5328,6,1,4
5329,7,2,7
5330,6,7,1
5331,2,3,2
5332,6,4,6
5333,8,0,8
5334,6,6,0
5335,8,0,8
5336,8,1,4
5337,6,1,4
5338,2,3,2
5339,7,2,7
5340,4,6,0
5341,6,6,0
5342,6,6,0
5343,2,3,2
5344,5,5,5
5345,7,2,7
5346,8,0,8
5347,6,8,3
5348,4,2,7
5349,8,0,8
5350,2,4,6
5351,8,0,8
5352,6,4,6
5353,2,3,2
5354,6,1,4
5355,8,0,8
5356,6,6,0
5357,6,4,6
5358,8,0,8
5359,6,1,4
5360,2,3,2
5361,5,5,5
5362,6,4,6
5363,2,3,2
5364,6,1,4
5365,2,4,6
5366,7,2,7
5367,7,2,7
5368,8,8,3
5369,2,3,2
5370,8,8,3
5371,7,2,7
5372,7,2,7
5373,7,6,0
5374,6,1,4
5375,2,3,2
5376,8,0,8
5377,7,2,7
5378,4,1,4
5379,2,3,2
5380,6,6,0
5381,2,3,2
5382,8,0,8
5383,1,3,2
5384,3,7,1
5385,6,1,4
5386,6,4,6
5387,8,0,8
5388,7,2,7
5389,5,5,5
5390,6,1,4
5391,6,1,4
5392,5,5,5
5393,8,0,8
5394,8,0,8
5395,3,7,1
5396,4,6,0
5397,8,0,8
5398,7,2,7
5399,7,2,7
5400,8,0,8
5401,6,3,2
5402,8,0,8
5403,2,3,2
5404,6,1,4
5405,7,2,7
5406,1,4,6
5407,8,1,4
5408,8,1,4
5409,2,3,2
5410,7,2,7
5411,2,3,2
5412,8,0,8
5413,8,0,8
5414,7,2,7
5415,6,4,6
5416,5,5,5
5417,7,2,7
5418,8,0,8
5419,6,6,0
5420,7,7,1
5421,7,2,7
5422,7,2,7
5423,8,0,8
5424,5,5,5
5425,2,3,2
5426,7,2,7
5427,7,2,7
5428,2,7,1
5429,2,3,2
5430,7,2,7
5431,2,3,2
5432,6,6,0
5433,8,7,1
5434,1,3,2
5435,8,0,8
5436,8,0,8
5437,6,6,0
5438,8,8,3
5439,6,7,1
5440,6,7,1
5441,2,3,2
5442,8,8,3
5443,8,0,8
5444,6,4,6
5445,6,6,0
5446,8,0,8
5447,8,0,8
5448,7,4,6
5449,7,2,7
5450,2,3,2
5451,7,7,1
5452,2,3,2
5453,2,3,2
5454,5,5,5
5455,5,4,6
5456,8,0,8
5457,6,2,7
5458,5,5,5
5459,2,3,2
5460,8,1,4
5461,8,4,6
5462,8,0,8
5463,1,4,6
5464,8,0,8
5465,2,3,2
5466,2,4,6
5467,6,2,7
5468,6,1,4
5469,1,7,1
5470,6,1,4
5471,1,7,1
5472,7,2,7
5473,6,6,0
5474,8,4,6
5475,4,4,6
5476,6,6,0
5477,8,0,8
5478,6,4,6
5479,7,2,7
5480,6,2,7
5481,6,1,4
5482,7,1,4
5483,4,4,6
5484,6,4,6
5485,8,0,8
5486,5,5,5
5487,6,1,4
5488,6,1,4
5489,1,5,5
5490,8,0,8
5491,5,5,5
5492,6,6,0
5493,6,6,0
5494,5,7,1
5495,7,2,7
5496,7,2,7
5497,1,3,2
5498,2,3,2
5499,8,0,8
5500,5,7,1
5501,7,2,7
5502,2,3,2
5503,2,3,2
5504,8,0,8
5505,7,2,7
5506,8,0,8
5507,6,1,4
5508,7,2,7
5509,2,3,2
5510,1,4,6
5511,8,0,8
5512,7,2,7
5513,1,7,1
5514,7,2,7
5515,7,2,7
5516,4,1,4
5517,8,4,6
5518,7,2,7
5519,6,4,6
5520,8,0,8
5521,2,3,2
5522,8,0,8
5523,2,3,2
5524,6,1,4
5525,6,1,4
5526,6,1,4
5527,7,2,7
5528,8,0,8
5529,7,2,7
5530,8,0,8
5531,8,8,3
5532,8,0,8
5533,5,3,2
5534,7,2,7
5535,6,6,0
5536,8,1,4
5537,2,3,2
5538,6,1,4
5539,8,1,4
5540,2,3,2
5541,8,0,8
5542,8,0,8
5543,6,7,1
5544,7,2,7
5545,8,1,4
5546,7,2,7
5547,8,0,8
5548,8,0,8
5549,5,5,5
5550,7,2,7
5551,5,5,5
5552,6,6,0
5553,3,7,1
5554,6,4,6
5555,7,2,7
5556,8,1,4
5557,6,4,6
5558,2,3,2
5559,5,5,5
5560,1,4,6
5561,7,4,6
5562,6,6,0
5563,6,6,0
5564,8,0,8
5565,8,0,8
5566,2,7,1
5567,2,3,2
5568,8,0,8
5569,6,7,1
5570,8,1,4
5571,7,2,7
5572,8,7,1
5573,8,0,8
5574,6,1,4
5575,8,0,8
5576,7,2,7
5577,2,3,2
5578,8,0,8
5579,2,3,2
5580,8,0,8
5581,7,2,7
5582,5,5,5
5583,8,7,1
5584,8,0,8
5585,7,2,7
5586,2,3,2
5587,3,7,1
5588,6,1,4
5589,5,3,2
5590,7,2,7
5591,2,3,2
5592,6,1,4
5593,4,7,1
5594,2,3,2
5595,7,2,7
5596,6,2,7
5597,7,2,7
5598,2,3,2
5599,2,3,2
5600,5,5,5
5601,5,2,7
5602,7,1,4
5603,8,0,8
5604,7,7,1
5605,8,8,3
5606,8,8,3
5607,6,1,4
5608,5,5,5
5609,7,2,7
5610,2,3,2
5611,8,0,8
5612,8,8,3
5613,6,1,4
5614,6,6,0
5615,8,1,4
5616,2,7,1
5617,3,7,1
5618,6,7,1
5619,7,6,0
5620,8,0,8
5621,7,7,1
5622,8,8,3
5623,7,2,7
5624,8,0,8
5625,7,2,7
5626,5,5,5
5627,8,0,8
5628,6,4,6
5629,7,2,7
5630,8,1,4
5631,2,4,6
5632,8,0,8
5633,7,7,1
5634,2,3,2
5635,8,0,8
5636,6,4,6
5637,1,3,2
5638,8,0,8
5639,8,8,3
5640,8,0,8
5641,1,7,1
5642,7,2,7
5643,7,2,7
5644,7,2,7
5645,8,0,8
5646,6,4,6
5647,5,5,5
5648,8,7,1
5649,5,5,5
5650,5,5,5
5651,8,0,8
5652,8,8,3
5653,8,0,8
5654,2,3,2
5655,5,5,5
5656,8,0,8
5657,7,2,7
5658,6,6,0
5659,7,2,7
5660,6,7,1
5661,6,6,0
5662,6,1,4
5663,7,2,7
5664,6,4,6
5665,8,0,8
5666,8,0,8
5667,2,7,1
5668,8,8,3
5669,7,2,7
5670,8,0,8
5671,7,2,7
5672,7,2,7
5673,8,0,8
5674,6,6,0
5675,6,1,4
5676,6,4,6
5677,8,7,1
5678,1,7,1
5679,2,3,2
5680,6,1,4
5681,8,0,8
5682,8,0,8
5683,2,3,2
5684,6,2,7
5685,2,3,2
5686,8,8,3
5687,4,1,4
5688,8,8,3
5689,4,1,4
5690,3,3,2
5691,8,4,6
5692,7,1,4
5693,8,0,8
5694,8,8,3
5695,6,1,4
5696,8,6,0
5697,4,7,1
5698,2,3,2
5699,6,1,4
5700,6,1,4
5701,6,1,4
5702,2,3,2
5703,7,2,7
5704,6,1,4
5705,2,3,2
5706,6,4,6
5707,8,0,8
5708,7,2,7
5709,6,4,6
5710,8,0,8
5711,8,8,3
5712,8,8,3
5713,6,1,4
5714,6,1,4
5715,6,1,4
5716,2,3,2
5717,8,0,8
5718,8,0,8
5719,2,3,2
5720,5,5,5
5721,2,3,2
5722,5,5,5
5723,6,1,4
5724,5,3,2
5725,6,1,4
5726,1,4,6
5727,8,0,8
5728,8,0,8
5729,6,6,0
5730,6,4,6
5731,4,6,0
5732,7,2,7
5733,8,0,8
5734,7,2,7
5735,2,3,2
5736,7,2,7
5737,6,4,6
5738,7,2,7
5739,6,4,6
5740,7,6,0
5741,6,1,4
5742,7,2,7
5743,6,4,6
5744,8,0,8
5745,6,1,4
5746,6,6,0
5747,8,0,8
5748,7,2,7
5749,5,4,6
5750,7,2,7
5751,6,4,6
5752,4,1,4
5753,5,5,5
5754,6,4,6
5755,2,3,2
5756,2,3,2
5757,5,5,5
5758,8,1,4
5759,7,4,6
5760,8,0,8
5761,6,4,6
5762,1,4,6
5763,8,0,8
5764,2,4,6
5765,6,1,4
5766,7,6,0
5767,6,1,4
5768,2,3,2
5769,8,1,4
5770,6,4,6
5771,6,7,1
5772,8,0,8
5773,6,2,7
5774,5,7,1
5775,5,5,5
5776,2,4,6
5777,5,5,5
5778,8,0,8
5779,2,3,2
5780,7,2,7
5781,2,3,2
5782,6,7,1
5783,5,5,5
5784,2,3,2
5785,8,0,8
5786,7,2,7
5787,4,1,4
5788,8,8,3
5789,2,4,6
5790,5,5,5
5791,7,2,7
5792,8,7,1
5793,6,1,4
5794,7,2,7
5795,4,2,7
5796,8,8,3
5797,6,6,0
5798,6,1,4
5799,1,4,6
5800,5,3,2
5801,6,4,6
5802,8,0,8
5803,7,2,7
5804,8,4,6
5805,8,0,8
5806,7,2,7
5807,3,7,1
5808,2,3,2
5809,6,4,6
5810,2,3,2
5811,1,7,1
5812,2,3,2
5813,1,7,1
5814,8,0,8
5815,6,6,0
5816,8,2,7
5817,6,1,4
5818,5,7,1
5819,1,3,2
5820,2,3,2
5821,7,6,0
5822,8,0,8
5823,6,4,6
5824,7,2,7
5825,6,8,3
5826,2,7,1
5827,3,7,1
5828,7,7,1
5829,5,5,5
5830,2,3,2
5831,2,3,2
5832,7,6,0
5833,2,3,2
5834,2,3,2
5835,6,1,4
5836,2,3,2
5837,8,0,8
5838,6,4,6
5839,6,1,4
5840,8,0,8
5841,1,7,1
5842,2,3,2
5843,6,4,6
5844,6,6,0
5845,6,1,4
5846,5,5,5
5847,7,2,7
5848,8,4,6
5849,8,0,8
5850,8,0,8
5851,6,4,6
5852,1,7,1
5853,8,0,8
5854,7,6,0
5855,2,3,2
5856,6,6,0
5857,2,3,2
5858,8,0,8
5859,8,0,8
5860,6,6,0
5861,5,5,5
5862,5,5,5
5863,6,4,6
5864,2,3,2
5865,5,5,5
5866,6,4,6
5867,6,7,1
5868,6,1,4
5869,7,2,7
5870,6,1,4
5871,4,7,1
5872,7,2,7
5873,8,7,1
5874,6,1,4
5875,5,5,5
5876,8,1,4
5877,8,0,8
5878,2,3,2
5879,2,3,2
5880,8,0,8
5881,6,1,4
5882,2,3,2
5883,6,4,6
5884,6,4,6
5885,7,2,7
5886,4,1,4
5887,8,4,6
5888,8,8,3
5889,8,0,8
5890,6,4,6
5891,2,3,2
5892,5,5,5
5893,1,4,6
5894,8,0,8
5895,8,0,8
5896,6,8,3
5897,8,0,8
5898,8,1,4
5899,8,0,8
5900,7,2,7
5901,2,3,2
5902,6,2,7
5903,2,3,2
5904,7,2,7
5905,5,5,5
5906,1,4,6
5907,2,3,2
5908,8,7,1
5909,2,3,2
5910,6,4,6
5911,1,3,2
5912,8,1,4
5913,6,1,4
5914,2,3,2
5915,8,0,8
5916,6,1,4
5917,8,0,8
5918,7,6,0
5919,7,1,4
5920,7,2,7
5921,3,7,1
5922,8,0,8
5923,7,2,7
5924,1,7,1
5925,8,7,1
5926,1,4,6
5927,7,2,7
5928,6,4,6
5929,6,1,4
5930,1,7,1
5931,8,1,4
5932,2,3,2
5933,7,2,7
5934,8,0,8
5935,7,2,7
5936,7,2,7
5937,1,7,1
5938,7,2,7
5939,8,0,8
5940,8,0,8
5941,8,2,7
5942,7,2,7
5943,6,6,0
5944,2,3,2
5945,7,2,7
5946,8,1,4
5947,2,3,2
5948,8,4,6
5949,5,5,5
5950,6,6,0
5951,2,4,6
5952,6,4,6
5953,6,1,4
5954,6,4,6
5955,8,8,3
5956,8,0,8
5957,6,6,0
5958,6,4,6
5959,2,3,2
5960,6,1,4
5961,6,6,0
5962,6,4,6
5963,6,4,6
5964,7,2,7
5965,7,2,7
5966,8,0,8
5967,4,6,0
5968,8,0,8
5969,2,3,2
5970,2,3,2
5971,7,4,6
5972,6,1,4
5973,5,3,2
5974,6,4,6
5975,8,0,8
5976,6,1,4
5977,6,1,4
5978,2,3,2
5979,7,2,7
5980,8,1,4
5981,6,1,4
5982,8,0,8
5983,8,8,3
5984,6,6,0
5985,8,1,4
5986,6,1,4
5987,2,1,4
5988,2,3,2
5989,6,6,0
5990,7,2,7
5991,8,0,8
5992,7,2,7
5993,7,1,4
5994,6,1,4
5995,6,4,6
5996,8,0,8
5997,6,1,4
5998,5,5,5
5999,1,7,1
6000,2,3,2
6001,7,2,7
6002,5,5,5
6003,2,3,2
6004,8,4,6
6005,2,3,2
6006,7,2,7
6007,1,4,6
6008,4,6,0
6009,6,1,4
6010,2,3,2
6011,8,1,4
6012,7,6,0
6013,6,4,6
6014,8,0,8
6015,0,6,0
6016,8,0,8
6017,8,8,3
6018,7,2,7
6019,1,7,1
6020,6,7,1
6021,8,0,8
6022,6,1,4
6023,6,4,6
6024,2,3,2
6025,7,2,7
6026,2,4,6
6027,8,1,4
6028,2,3,2
6029,8,0,8
6030,7,6,0
6031,6,4,6
6032,7,2,7
6033,2,7,1
6034,8,0,8
6035,8,8,3
6036,7,2,7
6037,6,4,6
6038,2,3,2
6039,7,2,7
6040,7,2,7
6041,8,0,8
6042,2,3,2
6043,6,4,6
6044,5,5,5
6045,7,2,7
6046,2,3,2
6047,5,5,5
6048,7,1,4
6049,8,8,3
6050,8,0,8
6051,8,0,8
6052,2,1,4
6053,5,5,5
6054,8,0,8
6055,5,5,5
6056,6,1,4
6057,6,1,4
6058,8,1,4
6059,8,0,8
6060,6,3,2
6061,5,5,5
6062,5,5,5
6063,6,8,3
6064,5,5,5
6065,2,3,2
6066,7,4,6
6067,6,1,4
6068,7,2,7
6069,5,7,1
6070,2,3,2
6071,6,1,4
6072,8,4,6
6073,5,5,5
6074,7,2,7
6075,2,4,6
6076,2,3,2
6077,2,3,2
6078,6,6,0
6079,8,0,8
6080,6,4,6
6081,0,6,0
6082,6,1,4
6083,2,7,1
6084,8,0,8
6085,2,3,2
6086,8,0,8
6087,5,5,5
6088,6,4,6
6089,2,3,2
6090,6,6,0
6091,6,1,4
6092,8,0,8
6093,5,5,5
6094,8,0,8
6095,6,1,4
6096,7,2,7
6097,1,7,1
6098,2,3,2
6099,5,5,5
6100,5,7,1
6101,4,6,0
6102,6,7,1
6103,8,0,8
6104,2,3,2
6105,5,1,4
6106,6,1,4
6107,6,1,4
6108,8,0,8
6109,8,0,8
6110,8,1,4
6111,5,7,1
6112,8,8,3
6113,4,2,7
6114,6,4,6
6115,6,7,1
6116,7,2,7
6117,8,0,8
6118,2,7,1
6119,6,4,6
6120,8,0,8
6121,6,4,6
6122,8,0,8
6123,4,6,0
6124,8,0,8
6125,2,1,4
6126,6,1,4
6127,6,1,4
6128,6,1,4
6129,2,3,2
6130,8,0,8
6131,7,2,7
6132,7,2,7
6133,2,3,2
6134,8,0,8
6135,8,0,8
6136,6,1,4
6137,6,4,6
6138,6,7,1
6139,0,6,0
6140,8,8,3
6141,7,2,7
6142,5,5,5
6143,7,2,7
6144,7,2,7
6145,8,0,8
6146,8,0,8
6147,8,0,8
6148,1,7,1
6149,2,3,2
6150,8,0,8
6151,6,6,0
6152,8,0,8
6153,5,7,1
6154,7,2,7
6155,8,0,8
6156,7,2,7
6157,5,5,5
6158,6,1,4
6159,2,3,2
6160,1,4,6
6161,5,5,5
6162,8,0,8
6163,7,2,7
6164,7,2,7
6165,8,0,8
6166,2,3,2
6167,3,4,6
6168,2,3,2
6169,8,0,8
6170,7,2,7
6171,8,4,6
6172,6,4,6
6173,1,7,1
6174,7,2,7
6175,8,8,3
6176,4,6,0
6177,8,0,8
6178,1,8,3
6179,8,8,3
6180,6,4,6
6181,6,1,4
6182,2,1,4
6183,6,4,6
6184,7,2,7
6185,7,2,7
6186,6,1,4
6187,7,2,7
6188,6,4,6
6189,8,0,8
6190,2,3,2
6191,2,3,2
6192,1,7,1
6193,7,2,7
6194,1,4,6
6195,6,4,6
6196,7,2,7
6197,7,7,1
6198,8,0,8
6199,6,4,6
6200,6,1,4
6201,6,6,0
6202,1,1,4
6203,2,3,2
6204,8,1,4
6205,2,3,2
6206,7,2,7
6207,8,0,8
6208,5,1,4
6209,7,2,7
6210,5,5,5
6211,6,4,6
6212,5,5,5
6213,7,2,7
6214,6,4,6
6215,4,6,0
6216,2,3,2
6217,6,1,4
6218,6,4,6
6219,6,1,4
6220,6,1,4
6221,8,0,8
6222,8,4,6
6223,7,2,7
6224,5,1,4
6225,4,6,0
6226,8,0,8
6227,6,1,4
6228,7,2,7
6229,8,0,8
6230,6,1,4
6231,8,8,3
6232,5,5,5
6233,7,2,7
6234,3,7,1
6235,5,4,6
6236,6,4,6
6237,8,0,8
6238,5,4,6
6239,0,6,0
6240,2,4,6
6241,8,8,3
6242,8,1,4
6243,6,4,6
6244,8,0,8
6245,2,3,2
6246,2,3,2
6247,6,1,4
6248,1,8,3
6249,6,1,4
6250,1,3,2
6251,6,4,6
6252,1,7,1
6253,8,7,1
6254,7,2,7
6255,6,7,1
6256,1,7,1
6257,1,1,4
6258,7,2,7
6259,8,8,3
6260,8,0,8
6261,8,7,1
6262,6,4,6
6263,5,5,5
6264,7,6,0
6265,7,2,7
6266,4,2,7
6267,8,0,8
6268,8,0,8
6269,6,7,1
6270,5,4,6
6271,2,3,2
6272,8,0,8
6273,4,6,0
6274,7,6,0
6275,6,1,4
6276,7,2,7
6277,6,1,4
6278,6,7,1
6279,8,1,4
6280,2,3,2
6281,7,2,7
6282,6,1,4
6283,2,3,2
6284,8,0,8
6285,7,2,7
6286,5,5,5
6287,8,0,8
6288,6,4,6
6289,2,3,2
6290,6,4,6
6291,6,1,4
6292,8,0,8
6293,8,0,8
6294,2,3,2
6295,7,7,1
6296,0,6,0
6297,2,4,6
6298,7,2,7
6299,5,5,5
6300,8,0,8
6301,7,2,7
6302,8,0,8
6303,6,7,1
6304,6,4,6
6305,7,2,7
6306,2,3,2
6307,8,0,8
6308,8,0,8
6309,5,5,5
6310,7,2,7
6311,8,1,4
6312,6,4,6
6313,6,6,0
6314,7,2,7
6315,2,3,2
6316,7,2,7
6317,6,1,4
6318,8,0,8
6319,2,3,2
6320,6,4,6
6321,2,3,2
6322,8,0,8
6323,7,2,7
6324,3,4,6
6325,2,3,2
6326,2,3,2
6327,8,4,6
6328,6,1,4
6329,6,1,4
6330,2,3,2
6331,8,0,8
6332,6,1,4
6333,8,8,3
6334,7,7,1
6335,8,8,3
6336,7,2,7
6337,7,2,7
6338,8,0,8
6339,5,5,5
6340,1,7,1
6341,8,8,3
6342,8,0,8
6343,8,0,8
6344,4,2,7
6345,6,4,6
6346,6,7,1
6347,2,3,2
6348,6,4,6
6349,5,5,5
6350,2,3,2
6351,7,2,7
6352,7,4,6
6353,8,0,8
6354,6,4,6
6355,5,5,5
6356,2,3,2
6357,6,1,4
6358,8,0,8
6359,2,3,2
6360,5,5,5
6361,5,5,5
6362,2,3,2
6363,5,3,2
6364,6,4,6
6365,6,4,6
6366,8,6,0
6367,8,1,4
6368,6,4,6
6369,8,8,3
6370,6,6,0
6371,1,3,2
6372,5,3,2
6373,6,4,6
6374,2,4,6
6375,5,5,5
6376,4,2,7
6377,6,1,4
6378,7,2,7
6379,6,1,4
6380,2,1,4
6381,6,4,6
6382,6,6,0
6383,6,1,4
6384,8,0,8
6385,8,0,8
6386,8,0,8
6387,6,4,6
6388,2,3,2
6389,7,2,7
6390,2,3,2
6391,2,3,2
6392,8,8,3
6393,6,8,3
6394,7,2,7
6395,2,3,2
6396,7,2,7
6397,8,0,8
6398,7,2,7
6399,7,4,6
6400,2,3,2
6401,6,6,0
6402,6,2,7
6403,6,6,0
6404,8,0,8
6405,5,5,5
6406,6,4,6
6407,8,0,8
6408,8,1,4
6409,7,2,7
6410,8,0,8
6411,2,3,2
6412,6,4,6
6413,8,0,8
6414,8,0,8
6415,8,0,8
6416,7,2,7
6417,7,2,7
6418,7,2,7
6419,2,3,2
6420,6,1,4
6421,8,0,8
6422,1,4,6
6423,7,7,1
6424,2,3,2
6425,8,1,4
6426,6,1,4
6427,8,0,8
6428,5,3,2
6429,1,4,6
6430,6,1,4
6431,5,7,1
6432,6,4,6
6433,1,7,1
6434,2,4,6
6435,6,4,6
6436,2,3,2
6437,4,1,4
6438,7,2,7
6439,8,0,8
6440,6,6,0
6441,8,1,4
6442,8,7,1
6443,2,3,2
6444,2,3,2
6445,6,4,6
6446,8,0,8
6447,6,1,4
6448,2,3,2
6449,8,8,3
6450,6,4,6
6451,7,2,7
6452,8,0,8
6453,2,3,2
6454,8,7,1
6455,6,1,4
6456,1,1,4
6457,7,2,7
6458,2,3,2
6459,6,6,0
6460,6,1,4
6461,6,6,0
6462,6,1,4
6463,6,4,6
6464,5,5,5
6465,6,7,1
6466,2,4,6
6467,8,0,8
6468,6,7,1
6469,8,0,8
6470,7,2,7
6471,7,2,7
6472,7,2,7
6473,8,0,8
6474,8,8,3
6475,5,3,2
6476,7,2,7
6477,5,4,6
6478,7,2,7
6479,7,2,7
6480,2,3,2
6481,6,7,1
6482,8,4,6
6483,7,7,1
6484,8,0,8
6485,8,1,4
6486,2,3,2
6487,6,4,6
6488,8,7,1
6489,2,3,2
6490,2,2,7
6491,8,0,8
6492,7,2,7
6493,6,1,4
6494,7,2,7
6495,8,0,8
6496,6,4,6
6497,7,2,7
6498,6,1,4
6499,2,3,2
6500,6,1,4
6501,5,5,5
6502,7,7,1
6503,6,2,7
6504,6,7,1
6505,5,5,5
6506,8,0,8
6507,7,2,7
6508,2,3,2
6509,6,4,6
6510,2,3,2
6511,2,3,2
6512,2,3,2
6513,8,0,8
6514,8,0,8
6515,7,2,7
6516,6,1,4
6517,2,7,1
6518,6,4,6
6519,6,6,0
6520,5,5,5
6521,6,1,4
6522,5,5,5
6523,7,2,7
6524,8,0,8
6525,6,4,6
6526,6,1,4
6527,6,1,4
6528,6,4,6
6529,8,0,8
6530,6,1,4
6531,6,6,0
6532,8,0,8
6533,8,0,8
6534,6,1,4
6535,5,5,5
6536,8,0,8
6537,2,3,2
6538,8,0,8
6539,6,4,6
6540,8,7,1
6541,4,2,7
6542,8,0,8
6543,6,2,7
6544,2,3,2
6545,5,5,5
6546,8,0,8
6547,6,6,0
6548,8,0,8
6549,7,2,7
6550,7,2,7
6551,6,7,1
6552,7,2,7
6553,6,6,0
6554,8,0,8
6555,6,8,3
6556,2,3,2
6557,2,3,2
6558,2,3,2
6559,7,2,7
6560,5,7,1
6561,6,7,1
6562,8,8,3
6563,8,0,8
6564,7,7,1
6565,8,7,1
6566,5,3,2
6567,2,3,2
6568,2,3,2
6569,7,2,7
6570,2,4,6
6571,8,4,6
6572,7,2,7
6573,6,4,6
6574,2,3,2
6575,6,4,6
6576,2,3,2
6577,2,3,2
6578,2,3,2
6579,6,1,4
6580,5,5,5
6581,6,4,6
6582,8,0,8
6583,7,2,7
6584,5,5,5
6585,6,1,4
6586,7,2,7
6587,1,4,6
6588,8,0,8
6589,5,5,5
6590,7,6,0
6591,8,8,3
6592,1,4,6
6593,5,5,5
6594,6,6,0
6595,8,7,1
6596,8,0,8
6597,6,1,4
6598,7,2,7
6599,2,3,2
6600,2,3,2
6601,6,4,6
6602,2,3,2
6603,8,0,8
6604,8,8,3
6605,7,2,7
6606,8,0,8
6607,8,0,8
6608,8,0,8
6609,2,3,2
6610,8,0,8
6611,8,4,6
6612,2,3,2
6613,8,8,3
6614,2,3,2
6615,8,7,1
6616,8,0,8
6617,7,2,7
6618,8,4,6
6619,7,2,7
6620,6,7,1
6621,8,0,8
6622,6,4,6
6623,6,6,0
6624,8,0,8
6625,6,1,4
6626,6,1,4
6627,7,2,7
6628,2,3,2
6629,8,0,8
6630,8,7,1
6631,2,3,2
6632,6,1,4
6633,2,3,2
6634,7,2,7
6635,4,6,0
6636,8,8,3
6637,7,2,7
6638,8,0,8
6639,8,0,8
6640,8,0,8
6641,2,3,2
6642,3,7,1
6643,8,0,8
6644,8,1,4
6645,8,0,8
6646,8,0,8
6647,7,2,7
6648,7,2,7
6649,8,7,1
6650,8,0,8
6651,8,7,1
6652,8,8,3
6653,2,3,2
6654,5,5,5
6655,1,3,2
6656,6,1,4
6657,8,0,8
6658,6,1,4
6659,5,5,5
6660,5,5,5
6661,8,0,8
6662,8,0,8
6663,3,7,1
6664,7,2,7
6665,7,2,7
6666,8,7,1
6667,8,0,8
6668,7,2,7
6669,5,5,5
6670,6,7,1
6671,6,7,1
6672,8,0,8
6673,5,5,5
6674,7,2,7
6675,1,4,6
6676,8,0,8
6677,1,4,6
6678,6,1,4
6679,4,6,0
6680,8,0,8
6681,8,0,8
6682,2,3,2
6683,7,2,7
6684,7,7,1
6685,7,2,7
6686,8,0,8
6687,8,0,8
6688,8,0,8
6689,8,0,8
6690,5,4,6
6691,3,7,1
6692,5,5,5
6693,8,0,8
6694,6,6,0
6695,5,5,5
6696,8,8,3
6697,6,6,0
6698,7,1,4
6699,6,1,4
6700,8,0,8
6701,8,0,8
6702,8,0,8
6703,5,5,5
6704,2,3,2
6705,7,8,3
6706,7,2,7
6707,6,1,4
6708,8,0,8
6709,7,6,0
6710,2,3,2
6711,6,4,6
6712,4,6,0
6713,8,4,6
6714,7,2,7
6715,8,0,8
6716,2,3,2
6717,6,1,4
6718,7,2,7
6719,2,4,6
6720,8,0,8
6721,8,0,8
6722,6,4,6
6723,8,0,8
6724,5,5,5
6725,4,6,0
6726,6,4,6
6727,8,7,1
6728,8,0,8
6729,7,2,7
6730,5,5,5
6731,5,5,5
6732,8,6,0
6733,7,2,7
6734,1,7,1
6735,7,2,7
6736,7,2,7
6737,8,0,8
6738,2,3,2
6739,8,0,8
6740,6,1,4
6741,7,2,7
6742,8,0,8
6743,8,0,8
6744,4,1,4
6745,8,0,8
6746,7,6,0
6747,6,4,6
6748,8,8,3
6749,7,1,4
6750,1,3,2
6751,8,0,8
6752,8,7,1
6753,7,7,1
6754,2,3,2
6755,8,4,6
6756,8,0,8
6757,5,5,5
6758,8,0,8
6759,8,8,3
6760,6,4,6
6761,6,1,4
6762,2,7,1
6763,7,7,1
6764,6,1,4
6765,7,2,7
6766,7,2,7
6767,2,3,2
6768,6,1,4
6769,8,0,8
6770,4,1,4
6771,8,0,8
6772,2,3,2
6773,8,8,3
6774,7,2,7
6775,7,2,7
6776,6,8,3
6777,6,1,4
6778,7,7,1
6779,7,2,7
6780,7,7,1
6781,8,8,3
6782,4,6,0
6783,6,6,0
6784,8,8,3
6785,7,2,7
6786,2,1,4
6787,7,2,7
6788,6,6,0
6789,2,3,2
6790,6,8,3
6791,6,4,6
6792,6,7,1
6793,8,8,3
6794,7,2,7
6795,6,1,4
6796,6,1,4
6797,8,0,8
6798,8,0,8
6799,3,7,1
6800,8,0,8
6801,6,4,6
6802,5,5,5
6803,8,0,8
6804,8,8,3
6805,8,1,4
6806,8,0,8
6807,8,0,8
6808,5,5,5
6809,8,0,8
6810,2,3,2
6811,8,1,4
6812,1,3,2
6813,5,5,5
6814,6,6,0
6815,5,4,6
6816,7,2,7
6817,8,0,8
6818,5,7,1
6819,7,2,7
6820,8,0,8
6821,6,6,0
6822,1,3,2
6823,2,3,2
6824,7,2,7
6825,8,0,8
6826,8,0,8
6827,6,1,4
6828,5,5,5
6829,7,7,1
6830,8,0,8
6831,2,3,2
6832,8,0,8
6833,6,4,6
6834,8,0,8
6835,5,5,5
6836,8,0,8
6837,8,0,8
6838,2,8,3
6839,8,8,3
6840,6,1,4
6841,2,3,2
6842,6,4,6
6843,8,0,8
6844,7,7,1
6845,5,5,5
6846,2,3,2
6847,6,2,7
6848,2,3,2
6849,4,6,0
6850,6,7,1
6851,6,4,6
6852,7,2,7
6853,8,8,3
6854,8,0,8
6855,8,0,8
6856,8,0,8
6857,8,0,8
6858,5,1,4
6859,7,2,7
6860,8,0,8
6861,7,2,7
6862,8,0,8
6863,8,0,8
6864,8,0,8
6865,2,3,2
6866,2,3,2
6867,8,8,3
6868,6,7,1
6869,3,7,1
6870,2,3,2
6871,4,6,0
6872,8,1,4
6873,7,2,7
6874,6,1,4
6875,2,3,2
6876,8,0,8
6877,4,4,6
6878,4,1,4
6879,4,6,0
6880,6,1,4
6881,6,4,6
6882,8,0,8
6883,7,2,7
6884,5,5,5
6885,8,1,4
6886,7,2,7
6887,7,6,0
6888,8,4,6
6889,7,2,7
6890,7,2,7
6891,8,0,8
6892,8,0,8
6893,8,1,4
6894,7,8,3
6895,7,2,7
6896,1,7,1
6897,5,3,2
6898,6,7,1
6899,5,5,5
6900,4,1,4
6901,7,7,1
6902,2,3,2
6903,8,0,8
6904,5,5,5
6905,8,0,8
6906,5,5,5
6907,8,0,8
6908,2,3,2
6909,4,1,4
6910,7,2,7
6911,6,6,0
6912,8,0,8
6913,5,4,6
6914,5,8,3
6915,7,2,7
6916,7,2,7
6917,2,3,2
6918,6,4,6
6919,2,3,2
6920,2,3,2
6921,7,2,7
6922,2,3,2
6923,7,7,1
6924,6,1,4
6925,6,4,6
6926,8,0,8
6927,8,8,3
6928,7,2,7
6929,1,1,4
6930,6,2,7
6931,6,4,6
6932,6,6,0
6933,2,3,2
6934,6,1,4
6935,8,0,8
6936,5,5,5
6937,8,0,8
6938,0,6,0
6939,5,5,5
6940,6,1,4
6941,8,8,3
6942,2,3,2
6943,8,0,8
6944,1,7,1
6945,4,1,4
6946,8,8,3
6947,6,1,4
6948,5,5,5
6949,5,5,5
6950,6,4,6
6951,6,4,6
6952,6,4,6
6953,7,8,3
6954,8,0,8
6955,8,0,8
6956,2,3,2
6957,6,6,0
6958,6,1,4
6959,6,6,0
6960,1,5,5
6961,5,7,1
6962,2,3,2
6963,8,0,8
6964,7,2,7
6965,8,0,8
6966,8,0,8
6967,7,2,7
6968,8,0,8
6969,6,8,3
6970,6,4,6
6971,2,7,1
6972,8,0,8
6973,8,0,8
6974,7,2,7
6975,7,2,7
6976,8,8,3
6977,6,1,4
6978,7,7,1
6979,8,6,0
6980,8,0,8
6981,7,8,3
6982,1,4,6
6983,8,0,8
6984,6,1,4
6985,6,1,4
6986,7,6,0
6987,7,2,7
6988,6,7,1
6989,7,2,7
6990,8,8,3
6991,6,2,7
6992,8,7,1
6993,5,7,1
6994,5,5,5
6995,8,0,8
6996,6,7,1
6997,8,0,8
6998,8,4,6
6999,8,0,8
7000,6,4,6
7001,8,0,8
7002,5,5,5
7003,6,1,4
7004,8,0,8
7005,1,3,2
7006,2,3,2
7007,7,2,7
7008,6,4,6
7009,6,1,4
7010,5,5,5
7011,8,0,8
7012,7,2,7
7013,6,6,0
7014,8,8,3
7015,8,0,8
7016,8,0,8
7017,1,3,2
7018,6,2,7
7019,8,0,8
7020,8,0,8
7021,7,2,7
7022,7,2,7
7023,8,0,8
7024,2,3,2
7025,8,8,3
7026,8,0,8
7027,5,5,5
7028,7,2,7
7029,7,2,7
7030,2,3,2
7031,6,6,0
7032,6,7,1
7033,2,3,2
7034,7,2,7
7035,2,3,2
7036,8,1,4
7037,8,0,8
7038,8,0,8
7039,8,8,3
7040,8,0,8
7041,6,8,3
7042,6,6,0
7043,6,1,4
7044,8,0,8
7045,8,0,8
7046,3,7,1
7047,8,0,8
7048,5,4,6
7049,6,1,4
7050,5,5,5
7051,7,2,7
7052,6,4,6
7053,6,1,4
7054,8,0,8
7055,8,8,3
7056,6,4,6
7057,2,3,2
7058,2,3,2
7059,3,7,1
7060,2,3,2
7061,8,0,8
7062,8,0,8
7063,8,7,1
7064,5,4,6
7065,1,4,6
7066,2,3,2
7067,7,8,3
7068,2,1,4
7069,6,7,1
7070,8,1,4
7071,5,5,5
7072,6,1,4
7073,4,1,4
7074,2,3,2
7075,5,5,5
7076,6,4,6
7077,2,3,2
7078,8,1,4
7079,8,0,8
7080,5,5,5
7081,6,1,4
7082,8,3,2
7083,7,7,1
7084,8,0,8
7085,8,0,8
7086,6,6,0
7087,7,2,7
7088,1,3,2
7089,4,6,0
7090,2,3,2
7091,2,3,2
7092,6,6,0
7093,8,0,8
7094,8,0,8
7095,6,1,4
7096,7,2,7
7097,4,6,0
7098,2,3,2
7099,7,2,7
7100,6,6,0
7101,5,5,5
7102,6,1,4
7103,7,7,1
7104,2,3,2
7105,8,0,8
7106,7,2,7
7107,7,2,7
7108,2,3,2
7109,2,3,2
7110,8,8,3
7111,2,3,2
7112,5,5,5
7113,6,1,4
7114,7,2,7
7115,5,5,5
7116,8,3,2
7117,7,2,7
7118,8,0,8
7119,8,8,3
7120,5,7,1
7121,6,6,0
7122,8,8,3
7123,8,0,8
7124,6,1,4
7125,8,0,8
7126,7,2,7
7127,6,1,4
7128,7,2,7
7129,8,7,1
7130,8,0,8
7131,8,6,0
7132,7,2,7
7133,7,2,7
7134,2,3,2
7135,8,0,8
7136,6,6,0
7137,6,4,6
7138,8,8,3
7139,6,4,6
7140,5,5,5
7141,8,8,3
7142,8,8,3
7143,5,7,1
7144,7,2,7
7145,8,7,1
7146,7,2,7
7147,6,2,7
7148,2,3,2
7149,5,7,1
7150,6,1,4
7151,6,4,6
7152,6,4,6
7153,8,0,8
7154,7,2,7
7155,8,0,8
7156,7,6,0
7157,7,2,7
7158,2,3,2
7159,6,4,6
7160,2,8,3
7161,6,6,0
7162,8,0,8
7163,7,6,0
7164,2,4,6
7165,8,1,4
7166,8,0,8
7167,6,7,1
7168,6,7,1
7169,6,1,4
7170,4,6,0
7171,7,2,7
7172,6,1,4
7173,2,3,2
7174,5,5,5
7175,5,4,6
7176,2,3,2
7177,8,0,8
7178,6,2,7
7179,5,5,5
7180,8,8,3
7181,6,1,4
7182,6,1,4
7183,6,1,4
7184,8,0,8
7185,8,0,8
7186,5,5,5
7187,8,0,8
7188,8,0,8
7189,7,2,7
7190,8,8,3
7191,2,3,2
7192,2,3,2
7193,7,2,7
7194,7,8,3
7195,5,5,5
7196,6,7,1
7197,5,5,5
7198,8,0,8
7199,7,2,7
7200,7,2,7
7201,7,2,7
7202,6,1,4
7203,6,3,2
7204,2,3,2
7205,7,3,2
7206,8,6,0
7207,6,2,7
7208,6,1,4
7209,8,8,3
7210,8,0,8
7211,7,2,7
7212,6,1,4
7213,8,0,8
7214,2,3,2
7215,4,6,0
7216,6,1,4
7217,2,3,2
7218,4,1,4
7219,7,2,7
7220,7,2,7
7221,8,0,8
7222,2,3,2
7223,5,5,5
7224,6,8,3
7225,2,4,6
7226,8,0,8
7227,7,2,7
7228,6,1,4
7229,8,8,3
7230,6,8,3
7231,6,4,6
7232,2,3,2
7233,8,0,8
7234,2,3,2
7235,7,2,7
7236,6,6,0
7237,6,4,6
7238,8,0,8
7239,8,8,3
7240,7,2,7
7241,6,7,1
7242,8,0,8
7243,7,2,7
7244,7,7,1
7245,2,3,2
7246,7,2,7
7247,7,2,7
7248,7,2,7
7249,7,2,7
7250,2,3,2
7251,8,0,8
7252,5,5,5
7253,5,5,5
7254,5,3,2
7255,7,2,7
7256,6,7,1
7257,6,4,6
7258,3,7,1
7259,6,1,4
7260,7,8,3
7261,8,0,8
7262,8,0,8
7263,8,4,6
7264,6,6,0
7265,6,4,6
7266,2,3,2
7267,7,2,7
7268,1,4,6
7269,4,6,0
7270,2,4,6
7271,7,2,7
7272,7,2,7
7273,2,3,2
7274,7,2,7
7275,8,7,1
7276,6,7,1
7277,6,1,4
7278,7,2,7
7279,7,2,7
7280,2,3,2
7281,5,5,5
7282,6,4,6
7283,6,1,4
7284,7,2,7
7285,7,2,7
7286,6,6,0
7287,2,3,2
7288,8,0,8
7289,7,2,7
7290,8,0,8
7291,6,1,4
7292,2,4,6
7293,6,1,4
7294,2,4,6
7295,6,6,0
7296,6,7,1
7297,6,4,6
7298,6,1,4
7299,6,4,6
7300,6,4,6
7301,4,6,0
7302,7,6,0
7303,6,1,4
7304,6,1,4
7305,5,5,5
7306,8,0,8
7307,2,3,2
7308,8,4,6
7309,6,1,4
7310,8,0,8
7311,1,7,1
7312,1,7,1
7313,7,2,7
7314,8,0,8
7315,6,1,4
7316,5,5,5
7317,6,1,4
7318,6,6,0
7319,5,5,5
7320,2,3,2
7321,2,3,2
7322,6,4,6
7323,8,8,3
7324,7,2,7
7325,7,2,7
7326,6,1,4
7327,7,2,7
7328,5,5,5
7329,1,8,3
7330,8,0,8
7331,6,7,1
7332,6,4,6
7333,2,3,2
7334,8,0,8
7335,7,2,7
7336,7,2,7
7337,8,0,8
7338,8,7,1
7339,7,2,7
7340,1,3,2
7341,6,7,1
7342,5,5,5
7343,8,0,8
7344,6,4,6
7345,2,3,2
7346,8,0,8
7347,7,2,7
7348,8,0,8
7349,8,7,1
7350,2,3,2
7351,8,0,8
7352,7,2,7
7353,8,0,8
7354,6,4,6
7355,2,7,1
7356,6,1,4
7357,6,4,6
7358,7,2,7
7359,3,7,1
7360,2,3,2
7361,7,2,7
7362,2,8,3
7363,2,3,2
7364,5,7,1
7365,6,4,6
7366,2,6,0
7367,7,2,7
7368,8,0,8
7369,6,7,1
7370,2,3,2
7371,2,3,2
7372,7,2,7
7373,8,7,1
7374,0,4,6
7375,2,3,2
7376,8,8,3
7377,8,0,8
7378,7,2,7
7379,5,5,5
7380,2,8,3
7381,8,0,8
7382,6,1,4
7383,4,6,0
7384,7,2,7
7385,6,6,0
7386,6,6,0
7387,7,2,7
7388,5,5,5
7389,7,2,7
7390,6,1,4
7391,7,2,7
7392,8,0,8
7393,8,1,4
7394,8,0,8
7395,6,1,4
7396,6,6,0
7397,8,0,8
7398,2,3,2
7399,7,2,7
7400,6,1,4
7401,8,0,8
7402,8,8,3
7403,5,5,5
7404,6,4,6
7405,2,3,2
7406,8,0,8
7407,8,8,3
7408,7,2,7
7409,5,5,5
7410,8,0,8
7411,7,2,7
7412,2,3,2
7413,5,5,5
7414,8,4,6
7415,8,1,4
7416,1,4,6
7417,0,6,0
7418,6,4,6
7419,6,6,0
7420,1,7,1
7421,2,7,1
7422,7,4,6
7423,7,2,7
7424,6,4,6
7425,8,4,6
7426,6,7,1
7427,1,4,6
7428,2,3,2
7429,6,6,0
7430,6,1,4
7431,8,0,8
7432,7,2,7
7433,2,3,2
7434,8,7,1
7435,7,2,7
7436,7,2,7
7437,8,0,8
7438,7,1,4
7439,5,5,5
7440,2,3,2
7441,7,2,7
7442,8,0,8
7443,8,0,8
7444,7,2,7
7445,6,7,1
7446,6,7,1
7447,7,2,7
7448,6,1,4
7449,3,7,1
7450,8,8,3
7451,6,4,6
7452,2,3,2
7453,2,3,2
7454,6,6,0
7455,7,2,7
7456,8,0,8
7457,5,5,5
7458,1,4,6
7459,8,0,8
7460,7,2,7
7461,5,5,5
7462,6,4,6
7463,8,0,8
7464,8,8,3
7465,8,0,8
7466,8,0,8
7467,2,3,2
7468,6,6,0
7469,2,3,2
7470,8,8,3
7471,8,4,6
7472,0,6,0
7473,8,0,8
7474,8,3,2
7475,5,1,4
7476,4,2,7
7477,7,2,7
7478,6,6,0
7479,6,6,0
7480,6,1,4
7481,6,7,1
7482,8,0,8
7483,8,0,8
7484,5,5,5
7485,2,3,2
7486,8,4,6
7487,5,5,5
7488,2,3,2
7489,6,1,4
7490,8,4,6
7491,8,0,8
7492,7,2,7
7493,2,3,2
7494,6,1,4
7495,8,7,1
7496,8,0,8
7497,6,6,0
7498,6,6,0
7499,8,0,8
7500,7,2,7
7501,2,1,4
7502,6,7,1
7503,5,7,1
7504,5,5,5
7505,8,0,8
7506,6,4,6
7507,8,7,1
7508,8,7,1
7509,8,0,8
7510,8,0,8
7511,7,2,7
7512,7,2,7
7513,2,3,2
7514,2,3,2
7515,7,2,7
7516,8,0,8
7517,6,4,6
7518,7,2,7
7519,2,3,2
7520,2,3,2
7521,7,2,7
7522,8,0,8
7523,7,2,7
7524,6,1,4
7525,8,0,8
7526,7,1,4
7527,7,2,7
7528,1,4,6
7529,2,3,2
7530,8,8,3
7531,7,2,7
7532,7,2,7
7533,5,5,5
7534,8,1,4
7535,7,2,7
7536,8,0,8
7537,6,6,0
7538,8,0,8
7539,6,6,0
7540,7,6,0
7541,6,4,6
7542,5,5,5
7543,5,5,5
7544,6,6,0
7545,5,5,5
7546,6,6,0
7547,7,2,7
7548,2,4,6
7549,5,5,5
7550,2,3,2
7551,4,4,6
7552,8,0,8
7553,6,6,0
7554,6,7,1
7555,6,1,4
7556,2,3,2
7557,5,5,5
7558,8,8,3
7559,2,3,2
7560,7,2,7
7561,6,1,4
7562,6,1,4
7563,7,2,7
7564,5,5,5
7565,8,0,8
7566,8,0,8
7567,7,2,7
7568,8,8,3
7569,8,0,8
7570,3,7,1
7571,5,5,5
7572,6,6,0
7573,2,3,2
7574,8,0,8
7575,6,0,8
7576,6,6,0
7577,2,6,0
7578,7,2,7
7579,6,6,0
7580,2,3,2
7581,8,8,3
7582,8,0,8
7583,6,7,1
7584,8,0,8
7585,2,1,4
7586,7,7,1
7587,8,7,1
7588,0,6,0
7589,6,4,6
7590,5,4,6
7591,8,0,8
7592,7,2,7
7593,6,1,4
7594,5,5,5
7595,7,2,7
7596,8,0,8
7597,5,3,2
7598,8,1,4
7599,5,5,5
7600,8,0,8
7601,8,0,8
7602,8,0,8
7603,8,4,6
7604,6,1,4
7605,5,5,5
7606,8,0,8
7607,6,4,6
7608,7,6,0
7609,5,5,5
7610,8,0,8
7611,6,4,6
7612,7,2,7
7613,8,8,3
7614,2,3,2
7615,8,0,8
7616,6,1,4
7617,8,0,8
7618,8,4,6
7619,7,2,7
7620,6,7,1
7621,7,2,7
7622,5,5,5
7623,7,2,7
7624,7,2,7
7625,5,5,5
7626,8,0,8
7627,2,3,2
7628,7,2,7
7629,5,5,5
7630,2,3,2
7631,2,3,2
7632,5,5,5
7633,6,1,4
7634,2,3,2
7635,4,1,4
7636,7,2,7
7637,8,8,3
7638,5,5,5
7639,6,4,6
7640,2,3,2
7641,8,0,8
7642,7,2,7
7643,8,8,3
7644,8,0,8
7645,7,6,0
7646,2,3,2
7647,7,8,3
7648,7,2,7
7649,6,4,6
7650,6,1,4
7651,2,3,2
7652,8,0,8
7653,3,7,1
7654,7,2,7
7655,2,3,2
7656,2,3,2
7657,8,0,8
7658,1,4,6
7659,2,3,2
7660,7,2,7
7661,6,6,0
7662,6,4,6
7663,1,3,2
7664,7,2,7
7665,6,4,6
7666,8,0,8
7667,6,6,0
7668,6,1,4
7669,2,3,2
7670,7,6,0
7671,8,1,4
7672,8,0,8
7673,8,0,8
7674,6,6,0
7675,7,2,7
7676,8,1,4
7677,2,3,2
7678,8,0,8
7679,7,2,7
7680,6,1,4
7681,6,6,0
7682,6,1,4
7683,5,5,5
7684,7,2,7
7685,6,1,4
7686,2,3,2
7687,5,5,5
7688,5,5,5
7689,6,1,4
7690,8,0,8
7691,8,8,3
7692,2,3,2
7693,6,6,0
7694,6,4,6
7695,5,4,6
7696,8,8,3
7697,7,2,7
7698,5,7,1
7699,6,6,0
7700,2,4,6
7701,6,6,0
7702,5,5,5
7703,6,3,2
7704,2,3,2
7705,2,3,2
7706,8,0,8
7707,6,2,7
7708,6,4,6
7709,2,3,2
7710,8,0,8
7711,2,1,4
7712,6,1,4
7713,7,2,7
7714,5,5,5
7715,5,5,5
7716,1,4,6
7717,2,3,2
7718,7,2,7
7719,2,3,2
7720,8,7,1
7721,6,4,6
7722,4,6,0
7723,2,1,4
7724,6,4,6
7725,5,5,5
7726,6,3,2
7727,5,5,5
7728,8,0,8
7729,8,8,3
7730,1,3,2
7731,7,2,7
7732,8,0,8
7733,7,2,7
7734,7,2,7
7735,8,8,3
7736,6,7,1
7737,7,1,4
7738,8,2,7
7739,7,2,7
7740,7,2,7
7741,6,6,0
7742,6,4,6
7743,1,7,1
7744,6,6,0
7745,7,2,7
7746,7,2,7
7747,8,0,8
7748,8,0,8
7749,3,7,1
7750,5,5,5
7751,0,6,0
7752,1,3,2
7753,8,0,8
7754,1,4,6
7755,8,1,4
7756,6,1,4
7757,2,3,2
7758,8,4,6
7759,7,2,7
7760,2,3,2
7761,8,0,8
7762,2,3,2
7763,7,2,7
7764,2,3,2
7765,8,0,8
7766,8,0,8
7767,8,1,4
7768,8,0,8
7769,7,7,1
7770,6,6,0
7771,8,0,8
7772,8,0,8
7773,6,7,1
7774,5,5,5
7775,4,7,1
7776,8,0,8
7777,6,1,4
7778,4,4,6
7779,6,4,6
7780,7,1,4
7781,1,4,6
7782,2,3,2
7783,2,3,2
7784,2,3,2
7785,2,3,2
7786,6,4,6
7787,1,4,6
7788,8,8,3
7789,7,2,7
7790,2,3,2
7791,2,3,2
7792,8,0,8
7793,2,3,2
7794,6,6,0
7795,2,3,2
7796,6,1,4
7797,6,1,4
7798,8,0,8
7799,6,6,0
7800,0,6,0
7801,6,4,6
7802,8,4,6
7803,8,4,6
7804,8,0,8
7805,8,0,8
7806,7,2,7
7807,5,8,3
7808,2,3,2
7809,6,1,4
7810,6,1,4
7811,2,3,2
7812,6,6,0
7813,8,7,1
7814,7,2,7
7815,8,0,8
7816,7,2,7
7817,7,2,7
7818,8,0,8
7819,7,2,7
7820,8,6,0
7821,5,5,5
7822,8,8,3
7823,3,4,6
7824,8,4,6
7825,2,3,2
7826,7,2,7
7827,2,3,2
7828,7,2,7
7829,2,3,2
7830,7,2,7
7831,8,0,8
7832,5,5,5
7833,6,7,1
7834,6,2,7
7835,8,1,4
7836,2,3,2
7837,6,6,0
7838,7,2,7
7839,6,1,4
7840,7,2,7
7841,6,6,0
7842,5,5,5
7843,8,1,4
7844,8,0,8
7845,8,8,3
7846,2,3,2
7847,5,5,5
7848,8,0,8
7849,7,2,7
7850,6,1,4
7851,5,5,5
7852,7,6,0
7853,5,5,5
7854,8,0,8
7855,5,5,5
7856,6,1,4
7857,6,4,6
7858,6,6,0
7859,6,4,6
7860,2,3,2
7861,6,1,4
7862,5,3,2
7863,6,4,6
7864,4,6,0
7865,6,1,4
7866,8,0,8
7867,5,5,5
7868,2,3,2
7869,8,0,8
7870,6,6,0
7871,6,1,4
7872,5,5,5
7873,6,6,0
7874,6,6,0
7875,6,1,4
7876,2,4,6
7877,5,5,5
7878,8,0,8
7879,5,5,5
7880,5,5,5
7881,4,4,6
7882,2,3,2
7883,7,2,7
7884,8,0,8
7885,2,3,2
7886,7,2,7
7887,6,1,4
7888,7,6,0
7889,6,1,4
7890,4,7,1
7891,6,1,4
7892,2,3,2
7893,2,3,2
7894,8,0,8
7895,4,2,7
7896,7,2,7
7897,7,2,7
7898,8,0,8
7899,4,1,4
7900,8,0,8
7901,3,7,1
7902,7,2,7
7903,8,8,3
7904,2,3,2
7905,8,0,8
7906,6,6,0
7907,1,7,1
7908,7,2,7
7909,7,2,7
7910,2,3,2
7911,7,2,7
7912,8,4,6
7913,7,7,1
7914,7,2,7
7915,1,3,2
7916,6,1,4
7917,2,3,2
7918,8,8,3
7919,7,2,7
7920,8,0,8
7921,2,3,2
7922,8,0,8
7923,6,1,4
7924,2,3,2
7925,2,3,2
7926,8,0,8
7927,8,0,8
7928,7,2,7
7929,8,4,6
7930,8,0,8
7931,6,4,6
7932,6,1,4
7933,2,3,2
7934,4,6,0
7935,2,3,2
7936,8,1,4
7937,6,1,4
7938,8,8,3
7939,5,5,5
7940,7,2,7
7941,2,3,2
7942,7,2,7
7943,7,2,7
7944,8,8,3
7945,8,8,3
7946,6,2,7
7947,7,2,7
7948,6,6,0
7949,7,2,7
7950,5,7,1
7951,6,1,4
7952,7,2,7
7953,8,7,1
7954,6,1,4
7955,1,3,2
7956,7,2,7
7957,6,6,0
7958,8,0,8
7959,6,1,4
7960,8,0,8
7961,6,1,4
7962,2,4,6
7963,6,1,4
7964,2,3,2
7965,6,1,4
7966,5,5,5
7967,2,3,2
7968,8,0,8
7969,1,1,4
7970,7,2,7
7971,7,2,7
7972,2,1,4
7973,6,6,0
7974,6,4,6
7975,5,5,5
7976,0,6,0
7977,6,6,0
7978,2,3,2
7979,7,2,7
7980,4,6,0
7981,7,2,7
7982,8,0,8
7983,6,3,2
7984,7,2,7
7985,5,5,5
7986,7,2,7
7987,7,2,7
7988,5,5,5
7989,6,4,6
7990,5,5,5
7991,0,6,0
7992,1,7,1
7993,6,6,0
7994,8,0,8
7995,2,3,2
7996,6,1,4
7997,7,7,1
7998,8,6,0
7999,8,0,8
8000,6,7,1
8001,5,5,5
8002,8,0,8
8003,6,1,4
8004,7,2,7
8005,6,6,0
8006,7,2,7
8007,7,2,7
8008,8,0,8
8009,8,0,8
8010,5,3,2
8011,8,0,8
8012,8,8,3
8013,5,5,5
8014,3,7,1
8015,6,1,4
8016,8,0,8
8017,5,5,5
8018,8,0,8
8019,6,2,7
8020,2,3,2
8021,2,3,2
8022,6,4,6
8023,8,0,8
8024,6,4,6
8025,7,2,7
8026,2,3,2
8027,8,0,8
8028,2,3,2
8029,8,0,8
8030,2,3,2
8031,8,0,8
8032,7,7,1
8033,6,1,4
8034,8,8,3
8035,2,3,2
8036,8,0,8
8037,5,5,5
8038,8,0,8
8039,6,1,4
8040,5,5,5
8041,8,0,8
8042,5,5,5
8043,8,0,8
8044,2,3,2
8045,3,1,4
8046,6,1,4
8047,5,5,5
8048,6,1,4
8049,2,4,6
8050,0,6,0
8051,8,0,8
8052,6,4,6
8053,7,2,7
8054,7,2,7
8055,2,3,2
8056,6,1,4
8057,6,4,6
8058,8,0,8
8059,8,8,3
8060,6,1,4
8061,2,4,6
8062,8,1,4
8063,6,4,6
8064,6,6,0
8065,8,0,8
8066,7,2,7
8067,5,5,5
8068,2,1,4
8069,6,4,6
8070,2,5,5
8071,7,2,7
8072,8,0,8
8073,7,2,7
8074,7,2,7
8075,5,4,6
8076,6,1,4
8077,2,3,2
8078,7,2,7
8079,8,0,8
8080,8,7,1
8081,5,5,5
8082,6,1,4
8083,8,8,3
8084,6,4,6
8085,8,0,8
8086,6,6,0
8087,1,7,1
8088,6,6,0
8089,8,1,4
8090,7,2,7
8091,8,4,6
8092,8,7,1
8093,5,5,5
8094,6,6,0
8095,7,2,7
8096,7,2,7
8097,8,8,3
8098,8,0,8
8099,8,0,8
8100,0,6,0
8101,2,4,6
8102,8,8,3
8103,6,4,6
8104,1,7,1
8105,2,3,2
8106,7,2,7
8107,6,1,4
8108,8,8,3
8109,3,7,1
8110,6,4,6
8111,2,3,2
8112,1,7,1
8113,7,2,7
8114,7,2,7
8115,2,7,1
8116,6,7,1
8117,8,0,8
8118,6,1,4
8119,2,3,2
8120,8,7,1
8121,8,0,8
8122,6,1,4
8123,2,3,2
8124,5,5,5
8125,8,0,8
8126,5,1,4
8127,5,7,1
8128,6,4,6
8129,8,0,8
8130,2,3,2
8131,8,0,8
8132,7,2,7
8133,6,7,1
8134,8,0,8
8135,2,3,2
8136,5,5,5
8137,8,0,8
8138,2,3,2
8139,2,3,2
8140,1,4,6
8141,2,3,2
8142,8,0,8
8143,2,3,2
8144,2,3,2
8145,2,3,2
8146,6,1,4
8147,8,0,8
8148,5,5,5
8149,8,0,8
8150,1,4,6
8151,7,2,7
8152,8,7,1
8153,5,4,6
8154,8,0,8
8155,8,0,8
8156,6,4,6
8157,8,0,8
8158,8,0,8
8159,2,3,2
8160,8,8,3
8161,6,1,4
8162,1,7,1
8163,2,3,2
8164,7,2,7
8165,5,5,5
8166,6,4,6
8167,6,4,6
8168,8,0,8
8169,7,2,7
8170,6,6,0
8171,5,5,5
8172,5,5,5
8173,5,5,5
8174,4,2,7
8175,5,7,1
8176,5,5,5
8177,7,2,7
8178,2,3,2
8179,6,7,1
8180,2,3,2
8181,8,0,8
8182,8,1,4
8183,5,5,5
8184,1,7,1
8185,6,6,0
8186,7,2,7
8187,6,4,6
8188,8,0,8
8189,7,7,1
8190,6,6,0
8191,4,7,1
8192,7,2,7
8193,2,3,2
8194,7,2,7
8195,6,1,4
8196,8,0,8
8197,7,1,4
8198,5,5,5
8199,6,1,4
8200,5,5,5
8201,2,3,2
8202,8,0,8
8203,8,7,1
8204,5,5,5
8205,8,0,8
8206,8,0,8
8207,1,2,7
8208,2,3,2
8209,7,2,7
8210,8,0,8
8211,6,1,4
8212,8,0,8
8213,5,5,5
8214,8,0,8
8215,7,7,1
8216,6,1,4
8217,8,0,8
8218,8,7,1
8219,1,8,3
8220,8,0,8
8221,5,5,5
8222,7,7,1
8223,6,4,6
8224,6,8,3
8225,2,4,6
8226,6,6,0
8227,7,2,7
8228,8,1,4
8229,8,7,1
8230,8,0,8
8231,2,3,2
8232,6,4,6
8233,6,6,0
8234,7,2,7
8235,2,3,2
8236,8,0,8
8237,7,2,7
8238,6,1,4
8239,8,1,4
8240,3,4,6
8241,5,5,5
8242,8,8,3
8243,6,4,6
8244,6,6,0
8245,2,3,2
8246,7,2,7
8247,5,5,5
8248,6,4,6
8249,8,1,4
8250,5,7,1
8251,5,3,2
8252,8,0,8
8253,1,4,6
8254,5,5,5
8255,0,6,0
8256,8,0,8
8257,7,2,7
8258,8,8,3
8259,2,3,2
8260,5,5,5
8261,5,7,1
8262,2,3,2
8263,2,3,2
8264,1,7,1
8265,6,4,6
8266,2,3,2
8267,5,5,5
8268,5,5,5
8269,1,3,2
8270,8,0,8
8271,6,1,4
8272,8,1,4
8273,6,4,6
8274,7,2,7
8275,2,3,2
8276,6,1,4
8277,2,3,2
8278,8,0,8
8279,4,7,1
8280,7,2,7
8281,2,3,2
8282,6,4,6
8283,6,1,4
8284,5,3,2
8285,7,6,0
8286,7,2,7
8287,8,1,4
8288,1,3,2
8289,6,1,4
8290,7,2,7
8291,2,3,2
8292,6,6,0
8293,4,1,4
8294,5,5,5
8295,8,0,8
8296,1,7,1
8297,7,2,7
8298,3,7,1
8299,8,0,8
8300,8,4,6
8301,3,7,1
8302,6,1,4
8303,2,4,6
8304,8,8,3
8305,6,6,0
8306,8,8,3
8307,2,3,2
8308,8,1,4
8309,7,2,7
8310,8,0,8
8311,1,4,6
8312,5,5,5
8313,8,0,8
8314,2,3,2
8315,8,0,8
8316,7,2,7
8317,2,1,4
8318,7,2,7
8319,1,4,6
8320,2,3,2
8321,8,8,3
8322,0,6,0
8323,7,2,7
8324,8,0,8
8325,4,1,4
8326,6,1,4
8327,7,2,7
8328,2,3,2
8329,6,1,4
8330,8,0,8
8331,7,2,7
8332,8,0,8
8333,8,8,3
8334,5,5,5
8335,6,2,7
8336,8,0,8
8337,6,1,4
8338,5,5,5
8339,8,0,8
8340,8,1,4
8341,8,6,0
8342,5,5,5
8343,8,0,8
8344,8,0,8
8345,7,2,7
8346,8,0,8
8347,7,2,7
8348,8,0,8
8349,4,6,0
8350,8,1,4
8351,8,0,8
8352,7,2,7
8353,7,2,7
8354,2,3,2
8355,6,5,5
8356,5,5,5
8357,8,0,8
8358,5,5,5
8359,7,2,7
8360,5,3,2
8361,1,0,8
8362,5,5,5
8363,8,0,8
8364,8,0,8
8365,2,3,2
8366,8,1,4
8367,5,5,5
8368,2,3,2
8369,6,6,0
8370,5,7,1
8371,7,2,7
8372,6,4,6
8373,5,5,5
8374,2,3,2
8375,2,3,2
8376,8,0,8
8377,2,3,2
8378,8,0,8
8379,2,3,2
8380,2,6,0
8381,7,8,3
8382,2,3,2
8383,8,8,3
8384,2,3,2
8385,8,0,8
8386,5,5,5
8387,2,3,2
8388,5,5,5
8389,8,1,4
8390,6,4,6
8391,2,3,2
8392,8,0,8
8393,7,2,7
8394,8,0,8
8395,2,3,2
8396,6,8,3
8397,2,3,2
8398,2,3,2
8399,8,7,1
8400,7,7,1
8401,7,2,7
8402,2,3,2
8403,8,0,8
8404,6,4,6
8405,7,2,7
8406,6,7,1
8407,7,2,7
8408,6,1,4
8409,7,7,1
8410,7,2,7
8411,5,5,5
8412,8,0,8
8413,2,3,2
8414,6,7,1
8415,6,1,4
8416,6,7,1
8417,5,5,5
8418,2,3,2
8419,2,3,2
8420,2,7,1
8421,5,5,5
8422,8,0,8
8423,8,8,3
8424,8,0,8
8425,3,7,1
8426,2,3,2
8427,5,5,5
8428,5,3,2
8429,8,0,8
8430,6,4,6
8431,6,1,4
8432,7,2,7
8433,8,6,0
8434,5,5,5
8435,8,0,8
8436,7,2,7
8437,8,0,8
8438,8,0,8
8439,6,4,6
8440,8,0,8
8441,8,4,6
8442,2,3,2
8443,8,0,8
8444,7,2,7
8445,8,0,8
8446,8,4,6
8447,6,1,4
8448,8,0,8
8449,7,2,7
8450,7,2,7
8451,8,0,8
8452,6,1,4
8453,7,1,4
8454,8,0,8
8455,6,1,4
8456,7,2,7
8457,8,1,4
8458,7,2,7
8459,6,7,1
8460,6,1,4
8461,6,1,4
8462,8,0,8
8463,1,3,2
8464,8,0,8
8465,7,2,7
8466,6,7,1
8467,2,3,2
8468,8,8,3
8469,2,3,2
8470,6,1,4
8471,8,0,8
8472,7,2,7
8473,6,6,0
8474,5,5,5
8475,6,6,0
8476,8,0,8
8477,2,3,2
8478,2,3,2
8479,6,2,7
8480,8,0,8
8481,6,4,6
8482,8,0,8
8483,7,2,7
8484,7,2,7
8485,8,0,8
8486,6,4,6
8487,2,3,2
8488,2,3,2
8489,8,0,8
8490,7,6,0
8491,8,0,8
8492,7,1,4
8493,2,3,2
8494,8,8,3
8495,7,2,7
8496,6,4,6
8497,8,0,8
8498,2,4,6
8499,2,3,2
8500,6,1,4
8501,7,6,0
8502,7,2,7
8503,7,2,7
8504,7,2,7
8505,8,0,8
8506,8,8,3
8507,8,0,8
8508,7,2,7
8509,8,8,3
8510,8,0,8
8511,7,2,7
8512,6,6,0
8513,8,1,4
8514,6,1,4
8515,2,3,2
8516,0,6,0
8517,8,8,3
8518,7,2,7
8519,8,8,3
8520,5,5,5
8521,8,0,8
8522,7,2,7
8523,2,3,2
8524,1,7,1
8525,7,2,7
8526,8,8,3
8527,8,0,8
8528,7,2,7
8529,8,0,8
8530,8,0,8
8531,8,0,8
8532,8,0,8
8533,2,3,2
8534,6,1,4
8535,8,0,8
8536,6,1,4
8537,8,0,8
8538,6,1,4
8539,5,5,5
8540,7,2,7
8541,1,4,6
8542,8,0,8
8543,6,4,6
8544,6,3,2
8545,5,5,5
8546,2,3,2
8547,6,1,4
8548,8,0,8
8549,5,5,5
8550,8,4,6
8551,2,3,2
8552,2,3,2
8553,6,4,6
8554,8,0,8
8555,2,3,2
8556,2,3,2
8557,8,0,8
8558,7,2,7
8559,8,0,8
8560,2,3,2
8561,6,1,4
8562,6,1,4
8563,8,0,8
8564,8,4,6
8565,2,3,2
8566,6,1,4
8567,8,0,8
8568,7,2,7
8569,6,2,7
8570,7,7,1
8571,2,2,7
8572,2,3,2
8573,7,2,7
8574,7,2,7
8575,2,3,2
8576,8,0,8
8577,8,0,8
8578,4,1,4
8579,6,4,6
8580,8,0,8
8581,7,2,7
8582,5,5,5
8583,8,0,8
8584,8,0,8
8585,7,6,0
8586,7,2,7
8587,5,7,1
8588,7,2,7
8589,2,3,2
8590,5,5,5
8591,6,4,6
8592,2,3,2
8593,7,2,7
8594,6,1,4
8595,7,2,7
8596,2,3,2
8597,7,2,7
8598,8,1,4
8599,6,6,0
8600,2,7,1
8601,6,1,4
8602,7,2,7
8603,7,2,7
8604,8,0,8
8605,8,0,8
8606,7,2,7
8607,5,5,5
8608,3,7,1
8609,8,0,8
8610,5,5,5
8611,6,1,4
8612,2,3,2
8613,2,3,2
8614,8,7,1
8615,8,8,3
8616,8,0,8
8617,7,2,7
8618,7,2,7
8619,1,4,6
8620,6,4,6
8621,5,5,5
8622,6,6,0
8623,2,3,2
8624,5,5,5
8625,6,1,4
8626,2,1,4
8627,6,2,7
8628,6,4,6
8629,8,8,3
8630,8,0,8
8631,5,1,4
8632,5,5,5
8633,8,8,3
8634,8,0,8
8635,7,2,7
8636,5,5,5
8637,6,2,7
8638,7,2,7
8639,8,0,8
8640,6,1,4
8641,8,0,8
8642,7,2,7
8643,6,6,0
8644,8,0,8
8645,5,5,5
8646,6,1,4
8647,5,5,5
8648,8,0,8
8649,8,7,1
8650,7,2,7
8651,8,0,8
8652,8,0,8
8653,8,0,8
8654,5,5,5
8655,8,1,4
8656,8,8,3
8657,8,6,0
8658,1,3,2
8659,6,1,4
8660,2,7,1
8661,5,5,5
8662,8,8,3
8663,6,1,4
8664,5,5,5
8665,8,2,7
8666,8,8,3
8667,8,0,8
8668,7,6,0
8669,2,1,4
8670,8,4,6
8671,2,7,1
8672,6,4,6
8673,8,0,8
8674,7,2,7
8675,6,4,6
8676,8,1,4
8677,2,3,2
8678,8,8,3
8679,5,5,5
8680,2,3,2
8681,8,8,3
8682,8,8,3
8683,7,2,7
8684,7,2,7
8685,6,8,3
8686,5,5,5
8687,5,5,5
8688,7,2,7
8689,8,0,8
8690,7,2,7
8691,7,2,7
8692,6,7,1
8693,7,4,6
8694,5,3,2
8695,8,0,8
8696,8,0,8
8697,2,3,2
8698,8,0,8
8699,5,5,5
8700,6,1,4
8701,8,0,8
8702,6,6,0
8703,6,4,6
8704,8,0,8
8705,7,2,7
8706,6,1,4
8707,8,4,6
8708,1,4,6
8709,8,8,3
8710,2,3,2
8711,7,2,7
8712,1,4,6
8713,6,1,4
8714,6,1,4
8715,2,3,2
8716,7,2,7
8717,1,7,1
8718,7,2,7
8719,6,4,6
8720,7,2,7
8721,7,2,7
8722,8,0,8
8723,7,2,7
8724,6,3,2
8725,2,3,2
8726,7,2,7
8727,1,1,4
8728,8,0,8
8729,6,4,6
8730,7,2,7
8731,2,3,2
8732,2,3,2
8733,5,5,5
8734,2,3,2
8735,6,7,1
8736,2,3,2
8737,8,0,8
8738,5,5,5
8739,2,3,2
8740,6,4,6
8741,3,7,1
8742,1,3,2
8743,8,0,8
8744,2,3,2
8745,8,0,8
8746,7,2,7
8747,7,2,7
8748,0,6,0
8749,4,1,4
8750,2,3,2
8751,8,0,8
8752,2,3,2
8753,6,1,4
8754,5,5,5
8755,2,3,2
8756,2,6,0
8757,6,4,6
8758,8,0,8
8759,2,3,2
8760,8,0,8
8761,6,1,4
8762,7,2,7
8763,6,4,6
8764,7,2,7
8765,6,1,4
8766,7,2,7
8767,5,5,5
8768,6,4,6
8769,6,4,6
8770,8,1,4
8771,7,2,7
8772,7,2,7
8773,8,0,8
8774,7,2,7
8775,7,2,7
8776,7,2,7
8777,6,1,4
8778,6,4,6
8779,7,2,7
8780,2,3,2
8781,2,3,2
8782,7,2,7
8783,6,1,4
8784,5,5,5
8785,7,7,1
8786,2,7,1
8787,8,4,6
8788,2,3,2
8789,6,4,6
8790,7,2,7
8791,4,8,3
8792,6,4,6
8793,2,3,2
8794,8,0,8
8795,7,2,7
8796,5,7,1
8797,6,7,1
8798,8,0,8
8799,8,4,6
8800,5,5,5
8801,2,3,2
8802,7,2,7
8803,2,3,2
8804,8,0,8
8805,8,7,1
8806,7,2,7
8807,8,1,4
8808,2,3,2
8809,6,1,4
8810,2,3,2
8811,5,5,5
8812,1,3,2
8813,8,0,8
8814,8,0,8
8815,7,2,7
8816,8,0,8
8817,8,1,4
8818,8,7,1
8819,7,2,7
8820,5,5,5
8821,5,5,5
8822,6,4,6
8823,7,2,7
8824,8,0,8
8825,2,3,2
8826,8,0,8
8827,7,2,7
8828,5,3,2
8829,5,7,1
8830,8,0,8
8831,8,8,3
8832,7,2,7
8833,8,0,8
8834,8,8,3
8835,6,1,4
8836,7,7,1
8837,6,8,3
8838,6,6,0
8839,2,3,2
8840,2,3,2
8841,8,8,3
8842,5,5,5
8843,5,5,5
8844,5,5,5
8845,2,3,2
8846,1,7,1
8847,6,6,0
8848,6,1,4
8849,8,8,3
8850,5,5,5
8851,8,8,3
8852,6,4,6
8853,6,6,0
8854,8,8,3
8855,8,0,8
8856,7,2,7
8857,2,3,2
8858,8,0,8
8859,5,5,5
8860,8,0,8
8861,5,5,5
8862,8,8,3
8863,4,6,0
8864,5,5,5
8865,5,5,5
8866,7,2,7
8867,1,7,1
8868,2,3,2
8869,7,6,0
8870,2,3,2
8871,8,0,8
8872,6,1,4
8873,5,5,5
8874,2,3,2
8875,6,1,4
8876,7,2,7
8877,7,2,7
8878,8,0,8
8879,7,2,7
8880,6,2,7
8881,6,7,1
8882,4,2,7
8883,7,2,7
8884,7,2,7
8885,8,8,3
8886,8,0,8
8887,7,2,7
8888,6,4,6
8889,2,3,2
8890,6,1,4
8891,7,2,7
8892,2,4,6
8893,2,3,2
8894,2,4,6
8895,8,0,8
8896,6,4,6
8897,8,1,4
8898,6,7,1
8899,8,0,8
8900,4,6,0
8901,5,5,5
8902,6,1,4
8903,8,4,6
8904,2,8,3
8905,8,8,3
8906,6,4,6
8907,7,1,4
8908,6,6,0
8909,7,2,7
8910,7,6,0
8911,8,8,3
8912,6,1,4
8913,8,0,8
8914,2,3,2
8915,5,5,5
8916,5,5,5
8917,8,0,8
8918,7,6,0
8919,8,0,8
8920,7,6,0
8921,7,2,7
8922,6,4,6
8923,8,0,8
8924,6,6,0
8925,6,4,6
8926,2,3,2
8927,8,8,3
8928,4,7,1
8929,8,0,8
8930,4,6,0
8931,8,0,8
8932,2,3,2
8933,7,2,7
8934,5,5,5
8935,7,2,7
8936,6,6,0
8937,8,1,4
8938,7,2,7
8939,6,1,4
8940,3,4,6
8941,8,0,8
8942,6,6,0
8943,7,2,7
8944,8,0,8
8945,8,0,8
8946,7,2,7
8947,8,0,8
8948,8,0,8
8949,5,5,5
8950,8,0,8
8951,7,7,1
8952,7,2,7
8953,6,6,0
8954,8,7,1
8955,8,1,4
8956,8,0,8
8957,2,8,3
8958,2,3,2
8959,8,0,8
8960,5,5,5
8961,6,7,1
8962,6,4,6
8963,6,7,1
8964,6,4,6
8965,2,3,2
8966,6,2,7
8967,7,2,7
8968,8,0,8
8969,5,5,5
8970,8,0,8
8971,8,0,8
8972,6,6,0
8973,2,3,2
8974,2,3,2
8975,7,6,0
8976,6,1,4
8977,6,4,6
8978,8,1,4
8979,6,1,4
8980,5,5,5
8981,2,3,2
8982,2,3,2
8983,7,2,7
8984,1,7,1
8985,6,1,4
8986,1,7,1
8987,6,1,4
8988,8,0,8
8989,7,2,7
8990,8,0,8
8991,7,2,7
8992,5,3,2
8993,2,3,2
8994,4,6,0
8995,6,6,0
8996,8,0,8
8997,2,6,0
8998,7,2,7
8999,6,3,2
9000,8,2,7
9001,8,0,8
9002,2,8,3
9003,2,3,2
9004,8,0,8
9005,8,7,1
9006,8,0,8
9007,2,3,2
9008,8,0,8
9009,5,5,5
9010,8,8,3
9011,1,4,6
9012,5,5,5
9013,8,0,8
9014,5,5,5
9015,3,7,1
9016,8,7,1
9017,7,2,7
9018,7,2,7
9019,8,8,3
9020,7,2,7
9021,8,0,8
9022,6,1,4
9023,6,1,4
9024,1,4,6
9025,8,0,8
9026,1,7,1
9027,0,6,0
9028,8,6,0
9029,2,3,2
9030,7,2,7
9031,2,4,6
9032,8,0,8
9033,8,1,4
9034,6,6,0
9035,7,2,7
9036,1,3,2
9037,5,5,5
9038,2,3,2
9039,8,7,1
9040,2,4,6
9041,7,6,0
9042,8,0,8
9043,6,4,6
9044,2,7,1
9045,6,1,4
9046,5,5,5
9047,6,4,6
9048,6,0,8
9049,5,5,5
9050,7,2,7
9051,6,4,6
9052,7,8,3
9053,5,5,5
9054,6,1,4
9055,8,0,8
9056,6,7,1
9057,7,2,7
9058,7,2,7
9059,6,1,4
9060,6,6,0
9061,6,1,4
9062,5,5,5
9063,2,3,2
9064,8,0,8
9065,7,2,7
9066,5,5,5
9067,3,7,1
9068,7,2,7
9069,2,3,2
9070,7,2,7
9071,6,4,6
9072,6,6,0
9073,7,2,7
9074,2,3,2
9075,8,0,8
9076,5,5,5
9077,2,3,2
9078,8,0,8
9079,8,4,6
9080,8,0,8
9081,1,4,6
9082,2,3,2
9083,2,3,2
9084,5,5,5
9085,5,5,5
9086,6,0,8
9087,2,3,2
9088,7,2,7
9089,8,8,3
9090,7,2,7
9091,7,2,7
9092,7,2,7
9093,2,3,2
9094,5,4,6
9095,8,0,8
9096,8,0,8
9097,2,3,2
9098,5,5,5
9099,7,6,0
9100,6,1,4
9101,7,2,7
9102,8,8,3
9103,2,3,2
9104,8,6,0
9105,8,0,8
9106,7,7,1
9107,8,0,8
9108,7,1,4
9109,6,4,6
9110,2,3,2
9111,8,4,6
9112,8,6,0
9113,7,6,0
9114,8,0,8
9115,8,8,3
9116,8,0,8
9117,5,5,5
9118,5,5,5
9119,8,0,8
9120,2,3,2
9121,2,3,2
9122,8,0,8
9123,7,2,7
9124,8,0,8
9125,8,0,8
9126,2,3,2
9127,2,3,2
9128,2,3,2
9129,8,0,8
9130,8,0,8
9131,7,2,7
9132,6,1,4
9133,6,1,4
9134,8,0,8
9135,7,6,0
9136,8,8,3
9137,3,7,1
9138,7,8,3
9139,7,2,7
9140,8,0,8
9141,5,5,5
9142,7,2,7
9143,6,1,4
9144,2,3,2
9145,3,7,1
9146,7,2,7
9147,5,5,5
9148,5,5,5
9149,6,2,7
9150,5,5,5
9151,8,0,8
9152,8,0,8
9153,5,5,5
9154,7,2,7
9155,8,7,1
9156,7,2,7
9157,7,2,7
9158,1,7,1
9159,6,1,4
9160,7,2,7
9161,1,4,6
9162,6,1,4
9163,6,1,4
9164,2,3,2
9165,2,3,2
9166,7,2,7
9167,7,2,7
9168,8,0,8
9169,1,8,3
9170,7,2,7
9171,6,7,1
9172,8,4,6
9173,8,8,3
9174,7,2,7
9175,2,3,2
9176,6,1,4
9177,5,7,1
9178,8,0,8
9179,7,2,7
9180,5,5,5
9181,8,1,4
9182,8,0,8
9183,8,0,8
9184,6,1,4
9185,7,2,7
9186,5,5,5
9187,6,6,0
9188,8,0,8
9189,7,2,7
9190,8,0,8
9191,2,3,2
9192,2,3,2
9193,8,0,8
9194,7,2,7
9195,8,0,8
9196,5,5,5
9197,8,0,8
9198,1,7,1
9199,6,7,1
9200,2,7,1
9201,8,8,3
9202,5,5,5
9203,1,5,5
9204,7,2,7
9205,8,0,8
9206,8,0,8
9207,7,2,7
9208,5,5,5
9209,6,4,6
9210,6,1,4
9211,4,6,0
9212,5,5,5
9213,7,2,7
9214,8,8,3
9215,1,7,1
9216,2,6,0
9217,8,8,3
9218,6,6,0
9219,2,3,2
9220,2,3,2
9221,7,2,7
9222,2,3,2
9223,7,2,7
9224,8,0,8
9225,8,0,8
9226,6,1,4
9227,8,0,8
9228,3,7,1
9229,7,2,7
9230,7,2,7
9231,8,0,8
9232,6,1,4
9233,2,3,2
9234,8,0,8
9235,7,6,0
9236,6,4,6
9237,6,1,4
9238,1,5,5
9239,6,4,6
9240,7,2,7
9241,6,1,4
9242,5,5,5
9243,8,0,8
9244,2,3,2
9245,2,3,2
9246,8,1,4
9247,2,3,2
9248,8,8,3
9249,8,8,3
9250,2,3,2
9251,1,4,6
9252,6,6,0
9253,7,2,7
9254,2,3,2
9255,2,3,2
9256,5,4,6
9257,6,6,0
9258,2,3,2
9259,8,0,8
9260,2,3,2
9261,7,2,7
9262,6,7,1
9263,8,8,3
9264,2,3,2
9265,2,0,8
9266,7,7,1
9267,6,6,0
9268,8,0,8
9269,0,6,0
9270,6,1,4
9271,5,5,5
9272,5,5,5
9273,7,6,0
9274,2,3,2
9275,8,1,4
9276,8,8,3
9277,6,4,6
9278,2,3,2
9279,4,6,0
9280,5,5,5
9281,7,2,7
9282,7,2,7
9283,7,1,4
9284,6,1,4
9285,7,2,7
9286,8,0,8
9287,8,7,1
9288,5,5,5
9289,6,1,4
9290,6,6,0
9291,5,5,5
9292,7,2,7
9293,7,7,1
9294,8,1,4
9295,8,0,8
9296,8,1,4
9297,2,3,2
9298,6,4,6
9299,2,3,2
9300,8,1,4
9301,8,8,3
9302,5,3,2
9303,5,5,5
9304,7,2,7
9305,2,3,2
9306,1,7,1
9307,2,3,2
9308,6,7,1
9309,2,3,2
9310,2,3,2
9311,6,6,0
9312,6,1,4
9313,2,7,1
9314,2,3,2
9315,2,3,2
9316,0,6,0
9317,7,2,7
9318,8,4,6
9319,8,0,8
9320,7,2,7
9321,6,6,0
9322,1,3,2
9323,6,6,0
9324,2,3,2
9325,2,3,2
9326,7,2,7
9327,8,0,8
9328,2,8,3
9329,8,0,8
9330,2,3,2
9331,8,8,3
9332,8,0,8
9333,8,0,8
9334,7,2,7
9335,6,1,4
9336,1,3,2
9337,8,0,8
9338,7,2,7
9339,6,7,1
9340,5,5,5
9341,6,1,4
9342,6,4,6
9343,8,0,8
9344,7,2,7
9345,7,2,7
9346,8,0,8
9347,7,2,7
9348,8,0,8
9349,7,2,7
9350,2,3,2
9351,2,4,6
9352,2,3,2
9353,8,0,8
9354,7,2,7
9355,2,3,2
9356,6,1,4
9357,7,2,7
9358,7,2,7
9359,2,7,1
9360,6,1,4
9361,6,4,6
9362,1,4,6
9363,8,0,8
9364,6,4,6
9365,7,2,7
9366,5,5,5
9367,7,2,7
9368,7,2,7
9369,7,2,7
9370,8,0,8
9371,6,6,0
9372,5,5,5
9373,8,4,6
9374,6,4,6
9375,8,0,8
9376,7,2,7
9377,8,8,3
9378,6,6,0
9379,8,0,8
9380,7,2,7
9381,4,4,6
9382,8,0,8
9383,5,5,5
9384,4,6,0
9385,8,0,8
9386,8,0,8
9387,5,5,5
9388,5,7,1
9389,5,5,5
9390,7,2,7
9391,7,2,7
9392,7,2,7
9393,8,0,8
9394,6,4,6
9395,8,0,8
9396,8,0,8
9397,8,0,8
9398,7,2,7
9399,7,2,7
9400,6,1,4
9401,7,2,7
9402,2,3,2
9403,4,6,0
9404,7,2,7
9405,2,3,2
9406,2,3,2
9407,2,3,2
9408,6,4,6
9409,7,2,7
9410,8,7,1
9411,8,0,8
9412,6,1,4
9413,5,7,1
9414,3,7,1
9415,2,3,2
9416,8,0,8
9417,5,5,5
9418,5,5,5
9419,8,0,8
9420,6,4,6
9421,8,0,8
9422,8,0,8
9423,8,1,4
9424,8,1,4
9425,8,1,4
9426,6,4,6
9427,6,1,4
9428,2,8,3
9429,8,7,1
9430,7,2,7
9431,8,0,8
9432,8,8,3
9433,8,1,4
9434,8,0,8
9435,6,1,4
9436,8,0,8
9437,2,3,2
9438,0,6,0
9439,8,0,8
9440,8,0,8
9441,8,6,0
9442,6,6,0
9443,5,5,5
9444,7,2,7
9445,7,2,7
9446,8,0,8
9447,8,0,8
9448,8,8,3
9449,6,7,1
9450,8,0,8
9451,5,5,5
9452,8,0,8
9453,8,0,8
9454,2,3,2
9455,6,1,4
9456,4,1,4
9457,8,0,8
9458,8,8,3
9459,2,3,2
9460,2,3,2
9461,7,2,7
9462,7,2,7
9463,5,5,5
9464,5,5,5
9465,8,4,6
9466,2,3,2
9467,1,4,6
9468,7,2,7
9469,5,5,5
9470,8,0,8
9471,7,2,7
9472,6,1,4
9473,6,1,4
9474,6,7,1
9475,5,5,5
9476,8,7,1
9477,1,4,6
9478,3,7,1
9479,7,2,7
9480,2,3,2
9481,6,4,6
9482,5,7,1
9483,8,8,3
9484,6,1,4
9485,6,4,6
9486,6,1,4
9487,8,0,8
9488,1,3,2
9489,8,0,8
9490,5,5,5
9491,8,4,6
9492,8,8,3
9493,7,6,0
9494,2,3,2
9495,6,1,4
9496,7,7,1
9497,7,2,7
9498,6,4,6
9499,7,7,1
9500,7,6,0
9501,8,7,1
9502,2,7,1
9503,7,2,7
9504,2,3,2
9505,5,7,1
9506,6,4,6
9507,2,3,2
9508,7,2,7
9509,6,4,6
9510,7,2,7
9511,2,3,2
9512,1,4,6
9513,7,2,7
9514,6,1,4
9515,8,0,8
9516,6,4,6
9517,5,7,1
9518,6,6,0
9519,1,4,6
9520,0,6,0
9521,6,2,7
9522,7,7,1
9523,7,2,7
9524,6,1,4
9525,1,2,7
9526,2,3,2
9527,7,2,7
9528,5,5,5
9529,6,6,0
9530,2,3,2
9531,5,5,5
9532,2,7,1
9533,8,0,8
9534,8,0,8
9535,6,1,4
9536,5,5,5
9537,8,8,3
9538,6,6,0
9539,1,4,6
9540,7,2,7
9541,6,6,0
9542,6,1,4
9543,7,2,7
9544,7,2,7
9545,8,0,8
9546,8,0,8
9547,5,7,1
9548,7,2,7
9549,7,2,7
9550,6,6,0
9551,6,1,4
9552,7,2,7
9553,7,2,7
9554,6,4,6
9555,6,7,1
9556,7,6,0
9557,2,4,6
9558,8,1,4
9559,2,3,2
9560,2,3,2
9561,7,2,7
9562,4,6,0
9563,7,2,7
9564,7,2,7
9565,2,1,4
9566,2,3,2
9567,6,6,0
9568,8,0,8
9569,7,2,7
9570,6,1,4
9571,6,7,1
9572,5,5,5
9573,7,2,7
9574,2,7,1
9575,1,4,6
9576,6,6,0
9577,5,5,5
9578,8,8,3
9579,6,7,1
9580,2,7,1
9581,6,1,4
9582,8,0,8
9583,4,7,1
9584,2,3,2
9585,2,3,2
9586,7,6,0
9587,8,1,4
9588,8,4,6
9589,2,7,1
9590,5,5,5
9591,5,5,5
9592,5,5,5
9593,7,2,7
9594,8,0,8
9595,7,2,7
9596,8,7,1
9597,5,4,6
9598,7,2,7
9599,7,2,7
9600,6,4,6
9601,0,6,0
9602,2,3,2
9603,6,0,8
9604,8,1,4
9605,2,3,2
9606,8,1,4
9607,7,7,1
9608,6,3,2
9609,7,2,7
9610,6,7,1
9611,8,0,8
9612,8,0,8
9613,8,1,4
9614,1,7,1
9615,2,3,2
9616,6,1,4
9617,8,0,8
9618,8,0,8
9619,7,2,7
9620,8,0,8
9621,5,7,1
9622,6,4,6
9623,2,3,2
9624,6,6,0
9625,8,8,3
9626,6,1,4
9627,5,3,2
9628,8,7,1
9629,2,3,2
9630,8,0,8
9631,7,1,4
9632,5,5,5
9633,8,0,8
9634,6,4,6
9635,1,4,6
9636,1,4,6
9637,2,3,2
9638,5,7,1
9639,7,2,7
9640,8,0,8
9641,2,3,2
9642,6,4,6
9643,2,3,2
9644,6,1,4
9645,7,1,4
9646,2,3,2
9647,8,0,8
9648,6,4,6
9649,8,0,8
9650,8,0,8
9651,6,7,1
9652,8,0,8
9653,8,0,8
9654,8,0,8
9655,2,3,2
9656,5,5,5
9657,7,6,0
9658,6,1,4
9659,8,0,8
9660,6,6,0
9661,8,0,8
9662,7,1,4
9663,8,1,4
9664,6,4,6
9665,6,4,6
9666,8,0,8
9667,8,8,3
9668,7,2,7
9669,5,5,5
9670,8,0,8
9671,7,2,7
9672,5,3,2
9673,8,0,8
9674,5,4,6
9675,6,1,4
9676,1,4,6
9677,6,7,1
9678,5,4,6
9679,7,2,7
9680,7,1,4
9681,8,0,8
9682,5,5,5
9683,2,0,8
9684,3,7,1
9685,4,7,1
9686,7,6,0
9687,1,7,1
9688,8,0,8
9689,7,2,7
9690,5,5,5
9691,7,2,7
9692,2,3,2
9693,6,4,6
9694,2,3,2
9695,2,3,2
9696,8,0,8
9697,4,7,1
9698,5,4,6
9699,7,2,7
9700,7,1,4
9701,6,6,0
9702,7,1,4
9703,6,1,4
9704,7,2,7
9705,5,4,6
9706,6,6,0
9707,6,1,4
9708,5,7,1
9709,5,5,5
9710,7,2,7
9711,8,8,3
9712,8,8,3
9713,6,6,0
9714,7,2,7
9715,8,0,8
9716,7,1,4
9717,5,5,5
9718,2,3,2
9719,7,0,8
9720,2,3,2
9721,7,7,1
9722,5,5,5
9723,6,6,0
9724,7,2,7
9725,6,1,4
9726,6,1,4
9727,8,0,8
9728,2,3,2
9729,6,1,4
9730,2,3,2
9731,6,7,1
9732,6,4,6
9733,6,7,1
9734,7,2,7
9735,7,2,7
9736,2,3,2
9737,2,3,2
9738,6,4,6
9739,4,7,1
9740,8,0,8
9741,6,7,1
9742,7,6,0
9743,6,4,6
9744,1,4,6
9745,4,7,1
9746,2,4,6
9747,2,3,2
9748,7,2,7
9749,6,1,4
9750,7,2,7
9751,5,3,2
9752,5,5,5
9753,6,4,6
9754,2,3,2
9755,7,2,7
9756,7,6,0
9757,7,2,7
9758,2,7,1
9759,8,0,8
9760,2,3,2
9761,5,5,5
9762,7,2,7
9763,7,2,7
9764,8,6,0
9765,2,3,2
9766,8,0,8
9767,6,1,4
9768,8,8,3
9769,8,0,8
9770,2,4,6
9771,8,0,8
9772,5,4,6
9773,7,2,7
9774,8,0,8
9775,6,1,4
9776,2,3,2
9777,8,0,8
9778,7,2,7
9779,7,2,7
9780,8,0,8
9781,2,3,2
9782,6,1,4
9783,8,0,8
9784,8,0,8
9785,6,7,1
9786,7,2,7
9787,7,2,7
9788,7,7,1
9789,2,3,2
9790,8,7,1
9791,2,3,2
9792,7,2,7
9793,8,0,8
9794,6,4,6
9795,5,5,5
9796,6,1,4
9797,6,4,6
9798,4,6,0
9799,6,1,4
9800,6,1,4
9801,7,2,7
9802,6,4,6
9803,4,6,0
9804,6,6,0
9805,8,0,8
9806,5,4,6
9807,7,2,7
9808,7,2,7
9809,5,5,5
9810,8,4,6
9811,7,2,7
9812,7,7,1
9813,8,1,4
9814,8,7,1
9815,6,4,6
9816,8,0,8
9817,2,3,2
9818,6,1,4
9819,6,6,0
9820,2,3,2
9821,2,3,2
9822,6,1,4
9823,8,8,3
9824,5,5,5
9825,5,4,6
9826,6,1,4
9827,8,0,8
9828,1,4,6
9829,8,7,1
9830,8,0,8
9831,6,1,4
9832,2,3,2
9833,2,3,2
9834,6,6,0
9835,6,4,6
9836,6,1,4
9837,5,4,6
9838,5,5,5
9839,2,3,2
9840,6,1,4
9841,8,0,8
9842,2,4,6
9843,5,5,5
9844,6,7,1
9845,5,7,1
9846,7,2,7
9847,7,2,7
9848,8,0,8
9849,7,2,7
9850,2,3,2
9851,8,8,3
9852,6,1,4
9853,6,6,0
9854,1,4,6
9855,7,2,7
9856,8,0,8
9857,2,3,2
9858,5,5,5
9859,8,1,4
9860,2,3,2
9861,7,2,7
9862,6,4,6
9863,1,1,4
9864,8,0,8
9865,8,1,4
9866,5,7,1
9867,6,4,6
9868,6,1,4
9869,6,2,7
9870,2,4,6
9871,8,8,3
9872,5,5,5
9873,2,4,6
9874,7,2,7
9875,8,0,8
9876,6,6,0
9877,2,3,2
9878,2,3,2
9879,8,0,8
9880,8,1,4
9881,6,6,0
9882,4,6,0
9883,6,6,0
9884,2,3,2
9885,6,1,4
9886,8,8,3
9887,7,2,7
9888,6,4,6
9889,6,4,6
9890,8,0,8
9891,8,8,3
9892,8,0,8
9893,2,3,2
9894,6,1,4
9895,8,0,8
9896,6,6,0
9897,2,3,2
9898,7,2,7
9899,7,1,4
9900,7,2,7
9901,7,2,7
9902,6,4,6
9903,5,5,5
9904,7,2,7
9905,8,7,1
9906,8,1,4
9907,6,1,4
9908,5,5,5
9909,8,6,0
9910,5,4,6
9911,8,0,8
9912,7,2,7
9913,8,1,4
9914,8,0,8
9915,7,2,7
9916,6,4,6
9917,6,1,4
9918,6,1,4
9919,8,0,8
9920,7,4,6
9921,8,0,8
9922,8,8,3
9923,8,0,8
9924,6,6,0
9925,5,5,5
9926,8,0,8
9927,8,0,8
9928,7,2,7
9929,8,0,8
9930,6,4,6
9931,6,1,4
9932,6,1,4
9933,8,0,8
9934,7,2,7
9935,5,4,6
9936,7,2,7
9937,8,6,0
9938,2,3,2
9939,5,5,5
9940,6,4,6
9941,6,7,1
9942,1,7,1
9943,6,7,1
9944,6,1,4
9945,7,2,7
9946,5,4,6
9947,5,7,1
9948,8,0,8
9949,6,7,1
9950,8,7,1
9951,6,4,6
9952,2,3,2
9953,6,6,0
9954,2,3,2
9955,6,4,6
9956,4,1,4
9957,8,8,3
9958,8,0,8
9959,6,1,4
9960,2,4,6
9961,6,6,0
9962,8,0,8
9963,2,3,2
9964,8,0,8
9965,7,2,7
9966,2,3,2
9967,6,6,0
9968,2,3,2
9969,3,7,1
9970,2,3,2
9971,7,6,0
9972,7,2,7
9973,2,3,2
9974,6,4,6
9975,2,3,2
9976,8,0,8
9977,7,2,7
9978,2,3,2
9979,2,3,2
9980,6,1,4
9981,4,6,0
9982,2,3,2
9983,8,8,3
9984,7,2,7
9985,5,5,5
9986,2,3,2
9987,3,7,1
9988,2,3,2
9989,6,6,0
9990,8,0,8
9991,6,6,0
9992,2,3,2
9993,8,0,8
9994,8,0,8
9995,7,2,7
9996,8,0,8
9997,6,1,4
9998,1,7,1
9999,1,3,2
10000,6,7,1
10001,2,3,2
10002,2,3,2
10003,6,6,0
10004,6,4,6
10005,6,1,4
10006,8,0,8
10007,7,2,7
10008,7,2,7
10009,5,5,5
10010,6,4,6
10011,8,8,3
10012,7,6,0
10013,8,8,3
10014,6,7,1
10015,7,2,7
10016,8,1,4
10017,8,0,8
10018,7,2,7
10019,1,0,8
10020,2,3,2
10021,8,4,6
10022,2,3,2
10023,6,4,6
10024,8,8,3
10025,6,1,4
10026,7,2,7
10027,8,1,4
10028,5,5,5
10029,2,3,2
10030,2,3,2
10031,2,3,2
10032,0,6,0
10033,8,0,8
10034,4,6,0
10035,7,2,7
10036,2,3,2
10037,7,6,0
10038,8,0,8
10039,8,0,8
10040,6,4,6
10041,8,0,8
10042,2,3,2
10043,7,2,7
10044,8,8,3
10045,7,2,7
10046,5,7,1
10047,6,1,4
10048,2,3,2
10049,6,2,7
10050,6,1,4
10051,5,5,5
10052,6,6,0
10053,2,3,2
10054,7,2,7
10055,6,6,0
10056,2,3,2
10057,5,4,6
10058,6,1,4
10059,8,0,8
10060,7,2,7
10061,8,0,8
10062,6,7,1
10063,5,5,5
10064,6,1,4
10065,8,8,3
10066,5,5,5
10067,8,0,8
10068,6,7,1
10069,7,2,7
10070,8,1,4
10071,2,3,2
10072,2,3,2
10073,6,4,6
10074,4,6,0
10075,2,3,2
10076,8,0,8
10077,8,0,8
10078,4,6,0
10079,6,1,4
10080,5,1,4
10081,6,2,7
10082,5,5,5
10083,5,7,1
10084,7,2,7
10085,6,4,6
10086,6,6,0
10087,7,2,7
10088,2,3,2
10089,2,3,2
10090,8,8,3
10091,8,6,0
10092,2,7,1
10093,7,2,7
10094,6,6,0
10095,7,2,7
10096,1,7,1
10097,8,0,8
10098,7,2,7
10099,4,1,4
10100,8,8,3
10101,6,4,6
10102,5,3,2
10103,6,1,4
10104,8,0,8
10105,6,4,6
10106,8,8,3
10107,7,2,7
10108,8,8,3
10109,7,6,0
10110,2,1,4
10111,7,2,7
10112,8,0,8
10113,8,8,3
10114,1,7,1
10115,2,3,2
10116,2,3,2
10117,2,3,2
10118,2,3,2
10119,8,7,1
10120,8,7,1
10121,8,0,8
10122,0,6,0
10123,2,4,6
10124,2,3,2
10125,1,7,1
10126,6,1,4
10127,7,7,1
10128,7,2,7
10129,7,2,7
10130,7,2,7
10131,6,4,6
10132,5,5,5
10133,8,0,8
10134,8,0,8
10135,8,1,4
10136,8,0,8
10137,8,0,8
10138,8,0,8
10139,6,6,0
10140,8,0,8
10141,6,1,4
10142,8,8,3
10143,6,1,4
10144,8,1,4
10145,7,2,7
10146,1,7,1
10147,2,3,2
10148,2,3,2
10149,8,0,8
10150,5,5,5
10151,6,1,4
10152,5,4,6
10153,6,4,6
10154,6,4,6
10155,6,1,4
10156,6,6,0
10157,6,1,4
10158,1,4,6
10159,2,4,6
10160,8,0,8
10161,2,3,2
10162,8,8,3
10163,6,1,4
10164,7,2,7
10165,8,0,8
10166,8,1,4
10167,2,4,6
10168,2,3,2
10169,2,3,2
10170,8,0,8
10171,7,2,7
10172,7,2,7
10173,2,3,2
10174,6,1,4
10175,2,3,2
10176,2,3,2
10177,8,0,8
10178,1,7,1
10179,8,0,8
10180,6,4,6
10181,6,1,4
10182,8,0,8
10183,7,2,7
10184,6,1,4
10185,7,2,7
10186,6,4,6
10187,7,2,7
10188,7,2,7
10189,2,1,4
10190,7,6,0
10191,5,4,6
10192,6,1,4
10193,6,6,0
10194,2,3,2
10195,3,7,1
10196,8,8,3
10197,7,2,7
10198,8,0,8
10199,5,5,5
10200,2,3,2
10201,5,4,6
10202,6,7,1
10203,8,8,3
10204,6,1,4
10205,1,1,4
10206,8,0,8
10207,6,1,4
10208,6,1,4
10209,2,3,2
10210,7,2,7
10211,5,5,5
10212,7,2,7
10213,5,5,5
10214,8,0,8
10215,1,7,1
10216,8,4,6
10217,8,0,8
10218,6,1,4
10219,2,3,2
10220,8,8,3
10221,8,0,8
10222,2,3,2
10223,8,8,3
10224,5,4,6
10225,6,6,0
10226,1,7,1
10227,2,3,2
10228,6,6,0
10229,8,0,8
10230,7,2,7
10231,6,1,4
10232,6,6,0
10233,6,4,6
10234,5,5,5
10235,8,7,1
10236,8,8,3
10237,8,0,8
10238,6,1,4
10239,6,1,4
10240,5,5,5
10241,6,1,4
10242,8,1,4
10243,6,6,0
10244,5,4,6
10245,8,8,3
10246,5,5,5
10247,6,7,1
10248,8,8,3
10249,8,0,8
10250,8,8,3
10251,8,0,8
10252,5,5,5
10253,8,0,8
10254,5,5,5
10255,5,5,5
10256,7,6,0
10257,5,7,1
10258,2,3,2
10259,4,7,1
10260,1,7,1
10261,7,2,7
10262,7,2,7
10263,5,3,2
10264,6,1,4
10265,7,2,7
10266,6,4,6
10267,1,7,1
10268,2,3,2
10269,6,6,0
10270,7,2,7
10271,2,3,2
10272,8,0,8
10273,7,7,1
10274,8,1,4
10275,6,6,0
10276,7,2,7
10277,3,7,1
10278,8,4,6
10279,5,5,5
10280,8,1,4
10281,8,0,8
10282,6,7,1
10283,6,4,6
10284,6,1,4
10285,7,2,7
10286,8,0,8
10287,8,0,8
10288,6,4,6
10289,6,1,4
10290,5,7,1
10291,8,0,8
10292,8,0,8
10293,8,0,8
10294,7,2,7
10295,4,1,4
10296,1,7,1
10297,2,3,2
10298,8,0,8
10299,6,7,1
10300,5,5,5
10301,2,3,2
10302,8,0,8
10303,7,2,7
10304,6,1,4
10305,6,1,4
10306,1,4,6
10307,2,3,2
10308,8,0,8
10309,2,3,2
10310,7,2,7
10311,7,2,7
10312,6,7,1
10313,6,1,4
10314,8,4,6
10315,5,5,5
10316,6,1,4
10317,8,0,8
10318,7,2,7
10319,6,1,4
10320,6,1,4
10321,5,3,2
10322,7,2,7
10323,7,1,4
10324,8,8,3
10325,7,2,7
10326,5,5,5
10327,8,8,3
10328,6,4,6
10329,2,3,2
10330,2,3,2
10331,5,5,5
10332,2,3,2
10333,8,0,8
10334,8,0,8
10335,6,1,4
10336,8,8,3
10337,8,0,8
10338,6,1,4
10339,8,7,1
10340,6,1,4
10341,8,4,6
10342,7,1,4
10343,6,1,4
10344,8,1,4
10345,7,2,7
10346,7,2,7
10347,7,2,7
10348,7,7,1
10349,8,0,8
10350,0,6,0
10351,8,0,8
10352,6,4,6
10353,6,7,1
10354,8,1,4
10355,5,5,5
10356,7,2,7
10357,6,1,4
10358,6,1,4
10359,4,6,0
10360,7,7,1
10361,6,4,6
10362,8,8,3
10363,6,6,0
10364,6,6,0
10365,6,1,4
10366,5,5,5
10367,5,7,1
10368,5,5,5
10369,2,3,2
10370,8,8,3
10371,6,1,4
10372,4,4,6
10373,6,1,4
10374,8,0,8
10375,7,2,7
10376,6,7,1
10377,5,4,6
10378,8,0,8
10379,6,4,6
10380,6,1,4
10381,8,1,4
10382,7,2,7
10383,8,0,8
10384,8,0,8
10385,6,6,0
10386,2,3,2
10387,2,3,2
10388,7,2,7
10389,8,0,8
10390,8,0,8
10391,7,2,7
10392,2,3,2
10393,5,5,5
10394,7,1,4
10395,6,6,0
10396,7,2,7
10397,8,8,3
10398,0,6,0
10399,8,8,3
10400,2,3,2
10401,2,3,2
10402,8,0,8
10403,2,3,2
10404,6,6,0
10405,4,6,0
10406,8,0,8
10407,8,6,0
10408,5,5,5
10409,2,3,2
10410,5,5,5
10411,7,2,7
10412,2,3,2
10413,8,0,8
10414,8,0,8
10415,6,1,4
10416,7,2,7
10417,6,1,4
10418,2,4,6
10419,6,1,4
10420,0,6,0
10421,6,6,0
10422,6,4,6
10423,7,2,7
10424,2,7,1
10425,8,0,8
10426,6,1,4
10427,7,7,1
10428,6,1,4
10429,2,3,2
10430,6,4,6
10431,1,7,1
10432,7,2,7
10433,2,1,4
10434,6,6,0
10435,8,1,4
10436,8,1,4
10437,1,3,2
10438,7,6,0
10439,7,2,7
10440,2,3,2
10441,8,1,4
10442,2,3,2
10443,2,3,2
10444,7,6,0
10445,8,0,8
10446,8,0,8
10447,6,1,4
10448,2,4,6
10449,8,8,3
10450,5,5,5
10451,2,3,2
10452,7,2,7
10453,8,1,4
10454,8,0,8
10455,2,3,2
10456,6,4,6
10457,2,3,2
10458,6,1,4
10459,7,2,7
10460,8,0,8
10461,2,3,2
10462,8,0,8
10463,2,3,2
10464,6,4,6
10465,8,1,4
10466,7,6,0
10467,6,4,6
10468,8,8,3
10469,6,6,0
10470,8,8,3
10471,1,7,1
10472,8,0,8
10473,8,4,6
10474,6,4,6
10475,4,4,6
10476,4,2,7
10477,6,4,6
10478,5,5,5
10479,7,2,7
10480,6,4,6
10481,2,3,2
10482,7,2,7
10483,8,8,3
10484,5,5,5
10485,7,6,0
10486,6,1,4
10487,1,7,1
10488,6,6,0
10489,4,1,4
10490,8,8,3
10491,8,0,8
10492,5,5,5
10493,8,0,8
10494,5,5,5
10495,7,2,7
10496,7,4,6
10497,6,1,4
10498,8,0,8
10499,8,0,8
10500,4,1,4
10501,7,2,7
10502,2,3,2
10503,7,2,7
10504,6,1,4
10505,5,5,5
10506,2,3,2
10507,8,0,8
10508,8,0,8
10509,4,6,0
10510,2,3,2
10511,8,8,3
10512,8,0,8
10513,7,2,7
10514,7,2,7
10515,5,5,5
10516,2,3,2
10517,6,6,0
10518,5,1,4
10519,1,1,4
10520,6,7,1
10521,5,5,5
10522,2,3,2
10523,6,6,0
10524,6,2,7
10525,6,7,1
10526,4,1,4
10527,8,8,3
10528,7,7,1
10529,6,7,1
10530,8,0,8
10531,5,5,5
10532,6,1,4
10533,1,4,6
10534,8,8,3
10535,6,6,0
10536,6,1,4
10537,8,1,4
10538,8,8,3
10539,7,2,7
10540,7,7,1
10541,5,7,1
10542,5,5,5
10543,8,8,3
10544,5,5,5
10545,8,0,8
10546,4,6,0
10547,6,4,6
10548,8,0,8
10549,2,3,2
10550,2,3,2
10551,7,2,7
10552,2,3,2
10553,8,8,3
10554,8,8,3
10555,8,8,3
10556,8,0,8
10557,1,7,1
10558,6,6,0
10559,8,8,3
10560,8,4,6
10561,6,1,4
10562,6,6,0
10563,2,3,2
10564,6,1,4
10565,8,8,3
10566,4,6,0
10567,7,7,1
10568,8,0,8
10569,6,1,4
10570,5,5,5
10571,7,2,7
10572,5,5,5
10573,8,0,8
10574,6,6,0
10575,7,2,7
10576,5,5,5
10577,3,7,1
10578,8,0,8
10579,5,5,5
10580,6,4,6
10581,5,4,6
10582,7,6,0
10583,1,7,1
10584,2,3,2
10585,5,1,4
10586,6,4,6
10587,2,3,2
10588,8,0,8
10589,8,0,8
10590,7,2,7
10591,6,1,4
10592,8,0,8
10593,7,2,7
10594,6,6,0
10595,6,1,4
10596,8,6,0
10597,6,1,4
10598,2,3,2
10599,6,1,4
10600,6,4,6
10601,6,1,4
10602,8,1,4
10603,8,0,8
10604,6,1,4
10605,5,5,5
10606,8,4,6
10607,8,1,4
10608,7,2,7
10609,8,8,3
10610,2,3,2
10611,5,3,2
10612,5,5,5
10613,2,2,7
10614,6,1,4
10615,6,6,0
10616,8,0,8
10617,7,2,7
10618,2,3,2
10619,1,7,1
10620,6,1,4
10621,8,8,3
10622,4,6,0
10623,6,4,6
10624,8,0,8
10625,7,2,7
10626,4,6,0
10627,7,2,7
10628,4,6,0
10629,8,0,8
10630,2,3,2
10631,6,6,0
10632,7,2,7
10633,7,2,7
10634,8,8,3
10635,8,0,8
10636,5,5,5
10637,1,4,6
10638,2,7,1
10639,8,8,3
10640,7,6,0
10641,2,3,2
10642,6,4,6
10643,8,0,8
10644,2,3,2
10645,8,8,3
10646,8,0,8
10647,5,5,5
10648,7,2,7
10649,6,6,0
10650,8,8,3
10651,8,0,8
10652,8,8,3
10653,8,1,4
10654,7,2,7
10655,8,8,3
10656,8,0,8
10657,6,7,1
10658,6,6,0
10659,2,8,3
10660,4,1,4
10661,8,0,8
10662,8,8,3
10663,2,3,2
10664,2,3,2
10665,1,4,6
10666,7,2,7
10667,2,3,2
10668,8,0,8
10669,8,0,8
10670,7,2,7
10671,8,1,4
10672,8,1,4
10673,2,3,2
10674,3,7,1
10675,6,8,3
10676,8,0,8
10677,6,1,4
10678,8,8,3
10679,8,1,4
10680,8,0,8
10681,8,0,8
10682,6,1,4
10683,2,7,1
10684,6,1,4
10685,5,5,5
10686,8,0,8
10687,7,2,7
10688,8,8,3
10689,8,0,8
10690,6,1,4
10691,2,3,2
10692,8,0,8
10693,8,0,8
10694,5,5,5
10695,8,0,8
10696,6,1,4
10697,6,4,6
10698,6,1,4
10699,7,6,0
10700,8,8,3
10701,2,3,2
10702,8,8,3
10703,8,1,4
10704,6,4,6
10705,6,1,4
10706,7,2,7
10707,8,8,3
10708,8,1,4
10709,5,5,5
10710,2,3,2
10711,6,6,0
10712,6,6,0
10713,8,8,3
10714,8,0,8
10715,5,5,5
10716,8,0,8
10717,7,2,7
10718,2,3,2
10719,2,7,1
10720,2,3,2
10721,8,8,3
10722,7,1,4
10723,6,1,4
10724,8,0,8
10725,4,6,0
10726,7,2,7
10727,8,1,4
10728,5,1,4
10729,8,0,8
10730,5,5,5
10731,2,3,2
10732,8,8,3
10733,6,1,4
10734,6,6,0
10735,6,6,0
10736,6,1,4
10737,2,4,6
10738,7,2,7
10739,8,8,3
10740,8,1,4
10741,6,4,6
10742,1,1,4
10743,2,7,1
10744,5,5,5
10745,4,6,0
10746,5,5,5
10747,6,6,0
10748,6,1,4
10749,2,3,2
10750,5,7,1
10751,8,0,8
10752,5,5,5
10753,5,5,5
10754,7,2,7
10755,8,0,8
10756,8,1,4
10757,6,1,4
10758,1,7,1
10759,5,5,5
10760,6,4,6
10761,7,2,7
10762,6,1,4
10763,6,1,4
10764,6,4,6
10765,6,1,4
10766,8,0,8
10767,2,3,2
10768,2,3,2
10769,8,8,3
10770,6,2,7
10771,2,3,2
10772,5,5,5
10773,8,0,8
10774,5,5,5
10775,5,5,5
10776,2,3,2
10777,8,8,3
10778,8,1,4
10779,6,1,4
10780,7,2,7
10781,2,3,2
10782,7,2,7
10783,6,6,0
10784,8,0,8
10785,7,2,7
10786,5,4,6
10787,7,2,7
10788,7,7,1
10789,2,3,2
10790,2,3,2
10791,5,5,5
10792,7,2,7
10793,8,8,3
10794,2,7,1
10795,8,1,4
10796,2,4,6
10797,2,3,2
10798,1,4,6
10799,1,7,1
10800,6,2,7
10801,5,5,5
10802,2,3,2
10803,8,0,8
10804,5,5,5
10805,6,1,4
10806,8,1,4
10807,5,1,4
10808,3,7,1
10809,6,1,4
10810,5,5,5
10811,7,2,7
10812,2,1,4
10813,8,0,8
10814,5,5,5
10815,2,3,2
10816,3,7,1
10817,7,2,7
10818,6,6,0
10819,8,0,8
10820,8,8,3
10821,7,2,7
10822,6,4,6
10823,8,0,8
10824,6,1,4
10825,6,1,4
10826,2,3,2
10827,6,1,4
10828,6,2,7
10829,2,3,2
10830,7,1,4
10831,8,0,8
10832,2,7,1
10833,5,5,5
10834,6,7,1
10835,1,1,4
10836,4,1,4
10837,2,3,2
10838,8,8,3
10839,6,1,4
10840,6,1,4
10841,6,1,4
10842,8,0,8
10843,6,4,6
10844,7,2,7
10845,1,7,1
10846,4,4,6
10847,6,1,4
10848,6,1,4
10849,5,7,1
10850,6,1,4
10851,6,1,4
10852,8,0,8
10853,7,2,7
10854,7,6,0
10855,8,1,4
10856,8,0,8
10857,2,3,2
10858,8,8,3
10859,8,8,3
10860,7,2,7
10861,6,1,4
10862,5,5,5
10863,6,1,4
10864,2,3,2
10865,6,4,6
10866,6,4,6
10867,5,5,5
10868,8,8,3
10869,8,0,8
10870,2,1,4
10871,8,0,8
10872,6,4,6
10873,8,0,8
10874,6,1,4
10875,2,3,2
10876,3,7,1
10877,7,2,7
10878,7,6,0
10879,6,6,0
10880,6,4,6
10881,8,1,4
10882,8,0,8
10883,8,0,8
10884,2,4,6
10885,2,4,6
10886,7,2,7
10887,8,1,4
10888,8,1,4
10889,8,0,8
10890,6,4,6
10891,6,4,6
10892,7,2,7
10893,7,2,7
10894,6,6,0
10895,8,8,3
10896,2,7,1
10897,6,4,6
10898,2,3,2
10899,5,5,5
10900,1,4,6
10901,6,6,0
10902,7,2,7
10903,5,5,5
10904,6,6,0
10905,2,7,1
10906,1,7,1
10907,6,4,6
10908,6,6,0
10909,6,4,6
10910,8,0,8
10911,6,4,6
10912,4,6,0
10913,2,3,2
10914,6,6,0
10915,2,3,2
10916,8,8,3
10917,6,1,4
10918,7,2,7
10919,6,1,4
10920,2,3,2
10921,6,1,4
10922,8,1,4
10923,0,6,0
10924,3,7,1
10925,8,8,3
10926,6,1,4
10927,8,1,4
10928,2,3,2
10929,7,1,4
10930,6,4,6
10931,8,1,4
10932,6,6,0
10933,8,0,8
10934,7,6,0
10935,8,0,8
10936,0,6,0
10937,8,1,4
10938,6,1,4
10939,8,8,3
10940,0,6,0
10941,8,0,8
10942,5,5,5
10943,8,0,8
10944,2,3,2
10945,6,4,6
10946,6,4,6
10947,8,8,3
10948,6,4,6
10949,8,0,8
10950,8,1,4
10951,7,2,7
10952,8,0,8
10953,7,2,7
10954,8,0,8
10955,6,1,4
10956,1,3,2
10957,8,0,8
10958,2,3,2
10959,6,1,4
10960,6,1,4
10961,7,2,7
10962,6,1,4
10963,5,3,2
10964,7,2,7
10965,8,0,8
10966,6,1,4
10967,8,0,8
10968,6,1,4
10969,1,7,1
10970,6,1,4
10971,5,5,5
10972,6,6,0
10973,6,7,1
10974,8,8,3
10975,7,2,7
10976,6,4,6
10977,5,4,6
10978,6,6,0
10979,7,7,1
10980,8,8,3
10981,8,8,3
10982,7,2,7
10983,7,2,7
10984,8,8,3
10985,8,1,4
10986,8,6,0
10987,8,0,8
10988,8,4,6
10989,6,4,6
10990,7,2,7
10991,4,6,0
10992,5,5,5
10993,7,2,7
10994,7,2,7
10995,2,3,2
10996,8,4,6
10997,5,5,5
10998,6,1,4
10999,6,1,4
11000,8,1,4
11001,8,0,8
11002,8,8,3
11003,8,0,8
11004,6,4,6
11005,8,8,3
11006,7,2,7
11007,7,6,0
11008,8,4,6
11009,6,4,6
11010,6,1,4
11011,6,1,4
11012,8,8,3
11013,2,3,2
11014,8,8,3
11015,5,4,6
11016,6,4,6
11017,5,5,5
11018,8,1,4
11019,8,0,8
11020,6,4,6
11021,2,3,2
11022,6,1,4
11023,6,4,6
11024,7,4,6
11025,1,3,2
11026,5,5,5
11027,8,0,8
11028,6,1,4
11029,6,4,6
11030,6,4,6
11031,6,4,6
11032,7,6,0
11033,5,5,5
11034,8,0,8
11035,8,0,8
11036,8,1,4
11037,8,8,3
11038,2,3,2
11039,8,0,8
11040,8,0,8
11041,5,7,1
11042,6,4,6
11043,6,4,6
11044,2,3,2
11045,6,2,7
11046,6,1,4
11047,7,2,7
11048,6,1,4
11049,5,5,5
11050,5,5,5
11051,8,0,8
11052,8,0,8
11053,2,3,2
11054,7,2,7
11055,6,4,6
11056,7,2,7
11057,6,6,0
11058,5,5,5
11059,7,2,7
11060,8,0,8
11061,2,3,2
11062,6,4,6
11063,8,0,8
11064,2,7,1
11065,6,6,0
11066,5,5,5
11067,8,8,3
11068,6,1,4
11069,3,7,1
11070,7,1,4
11071,8,8,3
11072,8,8,3
11073,6,1,4
11074,2,3,2
11075,6,4,6
11076,6,6,0
11077,7,2,7
11078,6,4,6
11079,6,1,4
11080,6,4,6
11081,5,3,2
11082,8,0,8
11083,8,1,4
11084,6,1,4
11085,7,2,7
11086,6,1,4
11087,7,2,7
11088,2,3,2
11089,7,2,7
11090,5,3,2
11091,8,0,8
11092,2,7,1
11093,7,1,4
11094,8,0,8
11095,6,1,4
11096,8,0,8
11097,2,3,2
11098,6,1,4
11099,5,5,5
11100,2,7,1
11101,8,8,3
11102,5,5,5
11103,8,0,8
11104,6,2,7
11105,8,8,3
11106,8,0,8
11107,8,8,3
11108,6,2,7
11109,2,3,2
11110,8,0,8
11111,6,6,0
11112,7,2,7
11113,6,1,4
11114,6,1,4
11115,6,1,4
11116,6,4,6
11117,6,6,0
11118,8,0,8
11119,2,1,4
11120,0,6,0
11121,6,4,6
11122,7,2,7
11123,0,6,0
11124,5,1,4
11125,2,3,2
11126,6,4,6
11127,8,1,4
11128,7,2,7
11129,7,2,7
11130,6,4,6
11131,6,3,2
11132,6,1,4
11133,4,1,4
11134,5,5,5
11135,6,4,6
11136,6,1,4
11137,6,4,6
11138,4,1,4
11139,8,0,8
11140,8,0,8
11141,6,1,4
11142,2,3,2
11143,8,0,8
11144,0,6,0
11145,8,0,8
11146,5,1,4
11147,8,8,3
11148,6,1,4
11149,8,8,3
11150,5,5,5
11151,7,4,6
11152,6,6,0
11153,2,3,2
11154,2,3,2
11155,2,3,2
11156,2,3,2
11157,6,6,0
11158,8,0,8
11159,0,6,0
11160,5,5,5
11161,6,1,4
11162,8,1,4
11163,2,3,2
11164,8,0,8
11165,8,8,3
11166,8,6,0
11167,7,2,7
11168,6,1,4
11169,6,6,0
11170,2,7,1
11171,8,0,8
11172,8,0,8
11173,2,3,2
11174,5,5,5
11175,6,1,4
11176,7,2,7
11177,7,2,7
11178,8,8,3
11179,6,1,4
11180,7,2,7
11181,6,1,4
11182,3,7,1
11183,8,1,4
11184,2,3,2
11185,6,8,3
11186,2,5,5
11187,5,5,5
11188,7,7,1
11189,2,3,2
11190,6,6,0
11191,8,0,8
11192,6,4,6
11193,8,0,8
11194,7,2,7
11195,7,2,7
11196,6,1,4
11197,2,7,1
11198,2,3,2
11199,6,4,6
11200,6,4,6
11201,6,4,6
11202,6,4,6
11203,5,5,5
11204,2,3,2
11205,5,8,3
11206,7,2,7
11207,8,1,4
11208,7,6,0
11209,5,3,2
11210,8,8,3
11211,2,3,2
11212,6,4,6
11213,6,1,4
11214,8,0,8
11215,8,0,8
11216,6,4,6
11217,8,0,8
11218,8,0,8
11219,8,8,3
11220,7,2,7
11221,2,3,2
11222,6,1,4
11223,8,0,8
11224,6,4,6
11225,6,1,4
11226,6,1,4
11227,7,7,1
11228,1,8,3
11229,7,2,7
11230,7,2,7
11231,6,4,6
11232,2,7,1
11233,6,6,0
11234,5,5,5
11235,8,0,8
11236,8,8,3
11237,2,3,2
11238,6,6,0
11239,5,5,5
11240,8,8,3
11241,7,2,7
11242,5,5,5
11243,2,3,2
11244,6,1,4
11245,2,3,2
11246,6,4,6
11247,7,6,0
11248,5,5,5
11249,6,6,0
11250,8,0,8
11251,8,0,8
11252,6,1,4
11253,7,2,7
11254,7,2,7
11255,5,5,5
11256,7,2,7
11257,8,8,3
11258,7,2,7
11259,2,3,2
11260,8,1,4
11261,7,7,1
11262,6,4,6
11263,7,2,7
11264,8,0,8
11265,6,4,6
11266,8,1,4
11267,2,7,1
11268,6,1,4
11269,6,1,4
11270,6,1,4
11271,1,8,3
11272,8,0,8
11273,8,0,8
11274,7,6,0
11275,7,2,7
11276,8,0,8
11277,8,0,8
11278,6,6,0
11279,6,4,6
11280,8,0,8
11281,6,4,6
11282,6,1,4
11283,7,2,7
11284,8,1,4
11285,2,3,2
11286,6,1,4
11287,6,1,4
11288,8,8,3
11289,6,4,6
11290,7,7,1
11291,5,5,5
11292,5,5,5
11293,6,4,6
11294,6,1,4
11295,4,6,0
11296,8,0,8
11297,6,4,6
11298,8,8,3
11299,2,4,6
11300,7,2,7
11301,6,1,4
11302,6,4,6
11303,8,8,3
11304,6,6,0
11305,7,6,0
11306,6,1,4
11307,2,3,2
11308,5,5,5
11309,6,1,4
11310,6,1,4
11311,6,4,6
11312,6,1,4
11313,2,3,2
11314,5,5,5
11315,8,8,3
11316,2,8,3
11317,8,8,3
11318,8,0,8
11319,5,1,4
11320,2,3,2
11321,5,5,5
11322,6,4,6
11323,8,0,8
11324,2,3,2
11325,7,1,4
11326,2,3,2
11327,6,4,6
11328,6,1,4
11329,2,4,6
11330,6,4,6
11331,6,4,6
11332,6,1,4
11333,6,4,6
11334,8,1,4
11335,2,3,2
11336,7,2,7
11337,6,4,6
11338,6,4,6
11339,8,0,8
11340,5,1,4
11341,8,1,4
11342,7,2,7
11343,2,3,2
11344,7,6,0
11345,7,2,7
11346,2,3,2
11347,5,5,5
11348,4,6,0
11349,6,1,4
11350,6,1,4
11351,7,2,7
11352,7,6,0
11353,2,3,2
11354,8,1,4
11355,8,8,3
11356,6,7,1
11357,8,8,3
11358,2,3,2
11359,1,7,1
11360,5,5,5
11361,5,5,5
11362,2,3,2
11363,6,6,0
11364,8,0,8
11365,2,1,4
11366,8,1,4
11367,5,5,5
11368,2,4,6
11369,8,8,3
11370,8,8,3
11371,6,4,6
11372,8,8,3
11373,8,8,3
11374,8,0,8
11375,6,4,6
11376,6,1,4
11377,1,3,2
11378,6,6,0
11379,8,0,8
11380,5,4,6
11381,6,8,3
11382,6,4,6
11383,2,3,2
11384,7,1,4
11385,8,8,3
11386,5,3,2
11387,8,8,3
11388,7,1,4
11389,6,1,4
11390,6,1,4
11391,5,5,5
11392,6,4,6
11393,6,4,6
11394,2,3,2
11395,1,4,6
11396,2,1,4
11397,7,4,6
11398,7,2,7
11399,5,5,5
11400,8,1,4
11401,1,7,1
11402,6,6,0
11403,6,1,4
11404,4,1,4
11405,8,1,4
11406,2,3,2
11407,2,3,2
11408,6,6,0
11409,6,4,6
11410,6,1,4
11411,2,3,2
11412,2,3,2
11413,6,1,4
11414,8,1,4
11415,6,6,0
11416,4,6,0
11417,4,6,0
11418,7,2,7
11419,6,4,6
11420,8,0,8
11421,5,5,5
11422,6,4,6
11423,6,1,4
11424,1,7,1
11425,6,1,4
11426,7,2,7
11427,8,8,3
11428,7,2,7
11429,8,4,6
11430,0,6,0
11431,6,1,4
11432,5,5,5
11433,6,4,6
11434,8,8,3
11435,6,1,4
11436,8,8,3
11437,5,5,5
11438,3,7,1
11439,8,0,8
11440,7,2,7
11441,8,0,8
11442,2,3,2
11443,8,0,8
11444,5,5,5
11445,7,6,0
11446,7,2,7
11447,6,1,4
11448,8,0,8
11449,4,4,6
11450,8,4,6
11451,6,1,4
11452,8,8,3
11453,8,0,8
11454,6,1,4
11455,5,4,6
11456,6,6,0
11457,6,1,4
11458,2,8,3
11459,6,4,6
11460,6,1,4
11461,6,4,6
11462,6,1,4
11463,2,1,4
11464,6,4,6
11465,6,4,6
11466,6,1,4
11467,6,1,4
11468,2,3,2
11469,8,0,8
11470,6,4,6
11471,5,5,5
11472,8,8,3
11473,6,1,4
11474,2,4,6
11475,8,8,3
11476,6,1,4
11477,7,2,7
11478,6,6,0
11479,1,1,4
11480,5,3,2
11481,6,4,6
11482,6,4,6
11483,2,3,2
11484,2,3,2
11485,7,2,7
11486,8,0,8
11487,6,6,0
11488,6,1,4
11489,6,1,4
11490,8,0,8
11491,6,1,4
11492,6,4,6
11493,6,4,6
11494,8,0,8
11495,8,8,3
11496,7,7,1
11497,6,6,0
11498,5,5,5
11499,6,1,4
11500,5,5,5
11501,7,2,7
11502,6,4,6
11503,8,0,8
11504,7,2,7
11505,8,1,4
11506,7,2,7
11507,6,1,4
11508,8,0,8
11509,6,1,4
11510,8,8,3
11511,2,3,2
11512,6,4,6
11513,5,1,4
11514,6,4,6
11515,6,1,4
11516,8,8,3
11517,5,3,2
11518,6,6,0
11519,7,2,7
11520,2,4,6
11521,7,2,7
11522,6,6,0
11523,2,3,2
11524,5,5,5
11525,7,2,7
11526,8,8,3
11527,8,1,4
11528,6,1,4
11529,2,4,6
11530,2,3,2
11531,5,3,2
11532,2,4,6
11533,6,4,6
11534,8,8,3
11535,8,8,3
11536,8,4,6
11537,8,0,8
11538,7,2,7
11539,2,3,2
11540,6,4,6
11541,6,2,7
11542,8,0,8
11543,0,6,0
11544,8,0,8
11545,6,6,0
11546,3,7,1
11547,2,7,1
11548,1,4,6
11549,8,0,8
11550,6,1,4
11551,8,0,8
11552,7,7,1
11553,6,7,1
11554,6,4,6
11555,0,6,0
11556,8,7,1
11557,6,1,4
11558,6,4,6
11559,7,2,7
11560,6,4,6
11561,6,1,4
11562,6,1,4
11563,8,0,8
11564,5,5,5
11565,7,2,7
11566,7,2,7
11567,5,5,5
11568,5,5,5
11569,2,3,2
11570,8,1,4
11571,5,5,5
11572,2,3,2
11573,0,6,0
11574,6,6,0
11575,8,8,3
11576,6,1,4
11577,6,4,6
11578,6,4,6
11579,6,1,4
11580,6,1,4
11581,6,1,4
11582,2,7,1
11583,6,4,6
11584,7,2,7
11585,6,1,4
11586,6,1,4
11587,8,8,3
11588,6,4,6
11589,5,5,5
11590,6,4,6
11591,6,4,6
11592,8,0,8
11593,8,0,8
11594,8,0,8
11595,2,3,2
11596,8,8,3
11597,8,4,6
11598,7,2,7
11599,8,0,8
11600,7,2,7
11601,8,8,3
11602,6,1,4
11603,6,4,6
11604,2,3,2
11605,2,7,1
11606,6,4,6
11607,6,4,6
11608,6,6,0
11609,2,3,2
11610,6,4,6
11611,8,0,8
11612,0,6,0
11613,8,0,8
11614,6,1,4
11615,5,5,5
11616,6,4,6
11617,6,1,4
11618,8,1,4
11619,7,2,7
11620,8,0,8
11621,6,4,6
11622,0,6,0
11623,7,2,7
11624,5,1,4
11625,8,8,3
11626,2,3,2
11627,8,0,8
11628,5,5,5
11629,6,1,4
11630,8,1,4
11631,6,6,0
11632,6,4,6
11633,6,7,1
11634,2,3,2
11635,4,6,0
11636,7,2,7
11637,2,4,6
11638,2,3,2
11639,2,3,2
11640,5,5,5
11641,2,4,6
11642,7,2,7
11643,8,0,8
11644,6,1,4
11645,5,7,1
11646,2,3,2
11647,5,5,5
11648,8,0,8
11649,2,3,2
11650,8,0,8
11651,8,0,8
11652,8,0,8
11653,6,6,0
11654,6,1,4
11655,5,5,5
11656,6,1,4
11657,6,6,0
11658,6,4,6
11659,8,0,8
11660,7,2,7
11661,7,6,0
11662,6,4,6
11663,6,1,4
11664,8,8,3
11665,6,1,4
11666,6,6,0
11667,6,4,6
11668,6,1,4
11669,7,2,7
11670,8,0,8
11671,6,6,0
11672,2,3,2
11673,7,2,7
11674,5,5,5
11675,8,0,8
11676,8,8,3
11677,7,1,4
11678,8,0,8
11679,7,2,7
11680,6,1,4
11681,8,8,3
11682,8,0,8
11683,2,3,2
11684,2,4,6
11685,6,1,4
11686,6,1,4
11687,8,1,4
11688,6,1,4
11689,5,4,6
11690,8,0,8
11691,8,1,4
11692,6,1,4
11693,6,1,4
11694,2,3,2
11695,6,4,6
11696,6,1,4
11697,6,4,6
11698,6,1,4
11699,6,1,4
11700,6,4,6
11701,6,1,4
11702,6,4,6
11703,5,5,5
11704,8,8,3
11705,8,1,4
11706,6,1,4
11707,2,3,2
11708,8,0,8
11709,8,0,8
11710,6,1,4
11711,8,1,4
11712,8,1,4
11713,6,4,6
11714,1,4,6
11715,6,4,6
11716,6,6,0
11717,6,1,4
11718,6,1,4
11719,6,4,6
11720,6,4,6
11721,2,3,2
11722,6,6,0
11723,6,1,4
11724,8,0,8
11725,6,4,6
11726,2,3,2
11727,8,1,4
11728,8,0,8
11729,8,0,8
11730,2,7,1
11731,6,1,4
11732,6,4,6
11733,8,0,8
11734,8,0,8
11735,3,7,1
11736,1,7,1
11737,2,3,2
11738,6,4,6
11739,4,6,0
11740,7,2,7
11741,6,4,6
11742,8,1,4
11743,8,1,4
11744,6,1,4
11745,5,4,6
11746,6,1,4
11747,8,8,3
11748,6,4,6
11749,2,3,2
11750,8,0,8
11751,8,1,4
11752,2,4,6
11753,7,2,7
11754,6,4,6
11755,5,5,5
11756,6,4,6
11757,6,6,0
11758,2,3,2
11759,8,1,4
11760,6,4,6
11761,6,4,6
11762,6,4,6
11763,8,0,8
11764,2,3,2
11765,8,1,4
11766,2,3,2
11767,6,1,4
11768,6,1,4
11769,6,6,0
11770,0,6,0
11771,7,2,7
11772,6,1,4
11773,2,4,6
11774,4,6,0
11775,5,5,5
11776,6,1,4
11777,8,1,4
11778,6,2,7
11779,8,8,3
11780,6,6,0
11781,6,6,0
11782,5,4,6
11783,5,5,5
11784,6,4,6
11785,6,1,4
11786,8,0,8
11787,7,2,7
11788,7,2,7
11789,6,4,6
11790,6,6,0
11791,6,1,4
11792,4,1,4
11793,7,2,7
11794,6,4,6
11795,8,0,8
11796,6,1,4
11797,6,4,6
11798,6,1,4
11799,8,0,8
11800,2,3,2
11801,8,6,0
11802,6,1,4
11803,8,8,3
11804,2,3,2
11805,3,7,1
11806,8,0,8
11807,8,1,4
11808,7,2,7
11809,7,2,7
11810,2,7,1
11811,8,0,8
11812,8,0,8
11813,6,1,4
11814,8,0,8
11815,8,8,3
11816,8,0,8
11817,2,3,2
11818,7,2,7
11819,5,5,5
11820,5,5,5
11821,7,6,0
11822,8,0,8
11823,2,3,2
11824,6,1,4
11825,8,8,3
11826,8,0,8
11827,6,4,6
11828,6,1,4
11829,6,1,4
11830,6,6,0
11831,2,3,2
11832,6,1,4
11833,4,1,4
11834,8,0,8
11835,6,6,0
11836,6,6,0
11837,8,1,4
11838,2,3,2
11839,7,2,7
11840,6,1,4
11841,8,0,8
11842,8,6,0
11843,6,1,4
11844,2,3,2
11845,8,0,8
11846,6,1,4
11847,6,1,4
11848,8,7,1
11849,6,4,6
11850,7,2,7
11851,8,6,0
11852,6,1,4
11853,8,0,8
11854,6,4,6
11855,6,4,6
11856,6,1,4
11857,6,4,6
11858,6,1,4
11859,5,3,2
11860,2,3,2
11861,8,8,3
11862,6,1,4
11863,6,4,6
11864,6,4,6
11865,0,6,0
11866,8,0,8
11867,6,1,4
11868,5,5,5
11869,8,0,8
11870,7,2,7
11871,6,6,0
11872,2,3,2
11873,8,8,3
11874,7,2,7
11875,8,0,8
11876,6,1,4
11877,5,4,6
11878,6,6,0
11879,2,3,2
11880,7,2,7
11881,6,4,6
11882,8,0,8
11883,6,6,0
11884,7,2,7
11885,8,8,3
11886,7,2,7
11887,6,1,4
11888,8,1,4
11889,8,8,3
11890,6,1,4
11891,7,2,7
11892,7,2,7
11893,5,5,5
11894,6,1,4
11895,6,1,4
11896,6,1,4
11897,6,6,0
11898,6,4,6
11899,6,1,4
11900,8,1,4
11901,8,1,4
11902,6,4,6
11903,6,1,4
11904,2,3,2
11905,7,6,0
11906,6,1,4
11907,6,1,4
11908,6,1,4
11909,6,4,6
11910,6,1,4
11911,5,5,5
11912,6,4,6
11913,6,1,4
11914,6,7,1
11915,8,0,8
11916,8,0,8
11917,5,5,5
11918,8,0,8
11919,1,4,6
11920,8,0,8
11921,6,4,6
11922,7,2,7
11923,6,1,4
11924,6,1,4
11925,6,1,4
11926,2,1,4
11927,7,2,7
11928,6,4,6
11929,2,4,6
11930,6,4,6
11931,6,1,4
11932,6,1,4
11933,1,7,1
11934,6,1,4
11935,6,1,4
11936,5,5,5
11937,8,0,8
11938,4,1,4
11939,1,7,1
11940,8,0,8
11941,7,6,0
11942,6,6,0
11943,2,4,6
11944,8,1,4
11945,5,5,5
11946,6,1,4
11947,8,8,3
11948,2,4,6
11949,6,6,0
11950,0,6,0
11951,3,7,1
11952,7,2,7
11953,8,8,3
11954,2,3,2
11955,8,0,8
11956,8,8,3
11957,8,6,0
11958,0,6,0
11959,5,5,5
11960,8,0,8
11961,6,6,0
11962,6,1,4
11963,5,4,6
11964,2,3,2
11965,6,1,4
11966,6,1,4
11967,5,5,5
11968,6,1,4
11969,6,4,6
11970,6,6,0
11971,7,2,7
11972,5,5,5
11973,0,6,0
11974,5,5,5
11975,6,4,6
11976,1,4,6
11977,5,5,5
11978,8,1,4
11979,8,0,8
11980,6,4,6
11981,6,4,6
11982,5,5,5
11983,8,6,0
11984,8,0,8
11985,8,8,3
11986,6,4,6
11987,6,4,6
11988,1,7,1
11989,8,8,3
11990,6,4,6
11991,6,4,6
11992,6,4,6
11993,6,6,0
11994,6,6,0
11995,5,5,5
11996,8,0,8
11997,6,4,6
11998,6,1,4
11999,8,8,3
12000,6,6,0
12001,1,7,1
12002,2,1,4
12003,6,1,4
12004,8,8,3
12005,8,0,8
12006,6,4,6
12007,6,6,0
12008,7,2,7
12009,8,8,3
12010,2,4,6
12011,7,2,7
12012,8,0,8
12013,5,5,5
12014,8,8,3
12015,5,5,5
12016,8,1,4
12017,4,6,0
12018,2,3,2
12019,8,8,3
12020,2,3,2
12021,8,8,3
12022,5,5,5
12023,6,4,6
12024,8,1,4
12025,8,0,8
12026,3,7,1
12027,6,4,6
12028,6,4,6
12029,2,7,1
12030,6,6,0
12031,2,3,2
12032,5,5,5
12033,6,4,6
12034,5,4,6
12035,8,1,4
12036,6,6,0
12037,8,0,8
12038,8,0,8
12039,8,0,8
12040,7,2,7
12041,8,8,3
12042,6,1,4
12043,8,1,4
12044,8,0,8
12045,7,2,7
12046,6,4,6
12047,8,8,3
12048,6,4,6
12049,5,5,5
12050,7,6,0
12051,8,8,3
12052,2,3,2
12053,8,0,8
12054,6,1,4
12055,6,4,6
12056,6,6,0
12057,2,3,2
12058,5,4,6
12059,8,0,8
12060,6,1,4
12061,3,7,1
12062,8,8,3
12063,6,4,6
12064,6,1,4
12065,8,0,8
12066,8,0,8
12067,6,1,4
12068,6,2,7
12069,6,6,0
12070,6,1,4
12071,6,1,4
12072,8,0,8
12073,6,2,7
12074,2,4,6
12075,8,8,3
12076,6,1,4
12077,6,4,6
12078,2,7,1
12079,6,1,4
12080,6,6,0
12081,6,4,6
12082,6,1,4
12083,8,0,8
12084,7,2,7
12085,6,1,4
12086,6,4,6
12087,1,4,6
12088,6,4,6
12089,6,6,0
12090,6,1,4
12091,6,4,6
12092,0,6,0
12093,8,0,8
12094,6,4,6
12095,2,4,6
12096,7,2,7
12097,6,6,0
12098,8,1,4
12099,8,4,6
12100,6,1,4
12101,8,1,4
12102,6,6,0
12103,8,0,8
12104,2,3,2
12105,8,0,8
12106,0,6,0
12107,2,1,4
12108,4,1,4
12109,6,4,6
12110,6,4,6
12111,6,1,4
12112,5,5,5
12113,6,4,6
12114,2,3,2
12115,8,7,1
12116,6,4,6
12117,5,5,5
12118,6,6,0
12119,4,6,0
12120,6,1,4
12121,4,6,0
12122,6,4,6
12123,8,0,8
12124,6,4,6
12125,6,1,4
12126,8,1,4
12127,6,1,4
12128,6,1,4
12129,5,5,5
12130,8,0,8
12131,8,8,3
12132,5,5,5
12133,2,3,2
12134,6,1,4
12135,7,2,7
12136,8,1,4
12137,7,2,7
12138,8,8,3
12139,6,2,7
12140,5,5,5
12141,6,4,6
12142,7,2,7
12143,8,1,4
12144,6,6,0
12145,8,8,3
12146,6,6,0
12147,8,1,4
12148,4,4,6
12149,6,7,1
12150,6,6,0
12151,2,3,2
12152,6,1,4
12153,7,2,7
12154,8,0,8
12155,6,4,6
12156,6,7,1
12157,8,1,4
12158,6,7,1
12159,8,1,4
12160,6,4,6
12161,0,6,0
12162,6,4,6
12163,6,4,6
12164,8,0,8
12165,6,1,4
12166,6,6,0
12167,8,0,8
12168,6,1,4
12169,2,3,2
12170,6,1,4
12171,2,3,2
12172,6,6,0
12173,5,5,5
12174,7,2,7
12175,7,2,7
12176,6,4,6
12177,4,6,0
12178,8,8,3
12179,4,6,0
12180,6,4,6
12181,6,1,4
12182,8,0,8
12183,7,2,7
12184,8,0,8
12185,6,1,4
12186,8,0,8
12187,2,3,2
12188,6,1,4
12189,6,1,4
12190,6,1,4
12191,6,1,4
12192,8,8,3
12193,6,1,4
12194,7,2,7
12195,8,1,4
12196,6,1,4
12197,8,1,4
12198,8,1,4
12199,6,1,4
12200,1,4,6
12201,6,4,6
12202,6,1,4
12203,8,1,4
12204,5,5,5
12205,2,3,2
12206,6,4,6
12207,6,1,4
12208,6,1,4
12209,8,0,8
12210,6,6,0
12211,8,0,8
12212,6,1,4
12213,6,4,6
12214,6,4,6
12215,6,6,0
12216,2,3,2
12217,6,4,6
12218,6,4,6
12219,6,4,6
12220,6,1,4
12221,6,4,6
12222,8,0,8
12223,6,1,4
12224,6,1,4
12225,4,1,4
12226,6,1,4
12227,6,4,6
12228,6,4,6
12229,6,4,6
12230,8,0,8
12231,8,0,8
12232,7,2,7
12233,5,4,6
12234,6,1,4
12235,6,1,4
12236,6,1,4
12237,6,1,4
12238,6,1,4
12239,6,1,4
12240,6,4,6
12241,6,1,4
12242,7,2,7
12243,6,4,6
12244,6,4,6
12245,5,4,6
12246,6,1,4
12247,6,4,6
12248,6,4,6
12249,6,4,6
12250,6,4,6
12251,6,1,4
12252,6,1,4
12253,6,1,4
12254,6,4,6
12255,6,4,6
12256,6,4,6
12257,8,0,8
12258,6,4,6
12259,6,1,4
12260,6,1,4
12261,6,1,4
12262,0,6,0
12263,8,1,4
12264,6,1,4
12265,6,1,4
12266,7,2,7
12267,6,1,4
12268,6,1,4
12269,6,1,4
12270,1,4,6
12271,8,0,8
12272,6,4,6
12273,6,4,6
12274,6,1,4
12275,8,0,8
12276,6,1,4
12277,6,1,4
12278,7,2,7
12279,1,7,1
12280,6,1,4
12281,6,1,4
12282,0,6,0
12283,8,1,4
12284,6,4,6
12285,6,4,6
12286,6,4,6
12287,6,6,0
12288,6,1,4
12289,6,4,6
12290,6,1,4
12291,6,1,4
12292,6,4,6
12293,6,4,6
12294,6,1,4
12295,6,1,4
12296,6,4,6
12297,6,4,6
12298,8,0,8
12299,8,0,8
12300,6,4,6
12301,8,4,6
12302,6,4,6
12303,6,4,6
12304,7,2,7
12305,7,2,7
12306,6,1,4
12307,6,1,4
12308,6,1,4
12309,7,7,1
12310,6,4,6
12311,6,1,4
12312,1,7,1
12313,6,4,6
12314,5,5,5
12315,6,4,6
12316,6,1,4
12317,8,1,4
12318,6,1,4
12319,6,1,4
12320,6,4,6
12321,6,1,4
12322,6,4,6
12323,6,4,6
12324,6,1,4
12325,1,7,1
12326,0,6,0
12327,8,8,3
12328,2,4,6
12329,6,7,1
12330,6,1,4
12331,2,4,6
12332,6,4,6
12333,6,1,4
12334,6,4,6
12335,7,6,0
12336,6,1,4
12337,6,4,6
12338,6,4,6
12339,6,4,6
12340,7,2,7
12341,5,5,5
12342,6,4,6
12343,5,5,5
12344,7,2,7
12345,6,4,6
12346,6,1,4
12347,6,4,6
12348,8,1,4
12349,6,1,4
12350,6,4,6
12351,6,4,6
12352,6,4,6
12353,8,8,3
12354,7,2,7
12355,1,7,1
12356,0,6,0
12357,1,7,1
12358,6,1,4
12359,6,1,4
12360,6,6,0
12361,7,7,1
12362,4,6,0
12363,6,1,4
12364,6,4,6
12365,6,4,6
12366,6,4,6
12367,6,7,1
12368,7,1,4
12369,6,4,6
12370,6,4,6
12371,6,4,6
12372,5,5,5
12373,6,4,6
12374,6,1,4
12375,6,4,6
12376,8,0,8
12377,6,4,6
12378,6,4,6
12379,6,4,6
12380,6,4,6
12381,6,1,4
12382,6,4,6
12383,6,4,6
12384,6,4,6
12385,8,4,6
12386,6,4,6
12387,6,4,6
12388,6,1,4
12389,8,0,8
12390,6,4,6
12391,6,1,4
12392,5,5,5
12393,6,1,4
12394,6,4,6
12395,6,4,6
12396,6,1,4
12397,8,1,4
12398,6,1,4
12399,6,1,4
12400,6,4,6
12401,6,1,4
12402,6,1,4
12403,6,4,6
12404,6,1,4
12405,6,4,6
12406,2,3,2
12407,6,4,6
12408,8,0,8
12409,6,4,6
12410,6,1,4
12411,6,4,6
12412,6,6,0
12413,6,1,4
12414,6,1,4
12415,6,4,6
12416,6,1,4
12417,6,1,4
12418,8,0,8
12419,6,1,4
12420,6,4,6
12421,6,4,6
12422,6,1,4
12423,8,0,8
12424,8,0,8
12425,8,0,8
12426,6,4,6
12427,6,4,6
12428,6,7,1
12429,7,2,7
12430,5,5,5
12431,6,1,4
12432,6,1,4
12433,8,0,8
12434,0,6,0
12435,0,6,0
12436,6,1,4
12437,8,0,8
12438,7,2,7
12439,6,1,4
12440,8,0,8
12441,7,2,7
12442,6,4,6
12443,1,1,4
12444,6,1,4
12445,4,4,6
12446,6,4,6
12447,6,1,4
12448,6,4,6
12449,6,4,6
12450,6,4,6
12451,6,4,6
12452,6,4,6
12453,6,1,4
12454,0,6,0
12455,8,1,4
12456,6,4,6
12457,2,4,6
12458,8,1,4
12459,8,0,8
12460,6,1,4
12461,6,4,6
12462,6,4,6
12463,6,1,4
12464,6,1,4
12465,6,4,6
12466,6,4,6
12467,6,4,6
12468,6,4,6
12469,6,4,6
12470,6,6,0
12471,6,4,6
12472,8,8,3
12473,6,4,6
12474,5,1,4
12475,8,1,4
12476,1,4,6
12477,8,0,8
12478,6,1,4
12479,6,4,6
12480,6,1,4
12481,6,4,6
12482,6,4,6
12483,6,1,4
12484,6,4,6
12485,6,4,6
12486,6,6,0
12487,6,4,6
12488,6,1,4
12489,6,1,4
12490,6,4,6
12491,6,4,6
12492,7,2,7
12493,8,8,3
12494,6,1,4
12495,6,4,6
12496,7,2,7
12497,6,7,1
12498,6,1,4
12499,1,4,6
12500,6,4,6
12501,8,1,4
12502,7,2,7
12503,6,4,6
12504,1,7,1
12505,6,1,4
12506,6,1,4
12507,6,4,6
12508,6,4,6
12509,6,4,6
12510,6,1,4
12511,6,4,6
12512,6,4,6
12513,6,4,6
12514,6,4,6
12515,6,4,6
12516,6,4,6
12517,7,1,4
12518,6,1,4
12519,6,1,4
12520,6,4,6
12521,6,1,4
12522,6,1,4
12523,0,6,0
12524,6,1,4
12525,0,6,0
12526,7,2,7
12527,6,4,6
12528,6,1,4
12529,8,0,8
12530,4,1,4
12531,8,0,8
12532,6,4,6
12533,6,4,6
12534,6,1,4
12535,6,1,4
12536,6,5,5
12537,8,1,4
12538,6,1,4
12539,6,4,6
12540,6,4,6
12541,3,7,1
12542,6,7,1
12543,6,1,4
12544,7,7,1
12545,6,1,4
12546,8,0,8
12547,6,1,4
12548,5,5,5
12549,6,1,4
12550,6,4,6
12551,6,4,6
12552,6,1,4
12553,7,1,4
12554,6,1,4
12555,6,1,4
12556,6,4,6
12557,7,2,7
12558,7,2,7
12559,7,2,7
12560,7,2,7
12561,6,1,4
12562,6,4,6
12563,6,1,4
12564,7,2,7
12565,6,1,4
12566,6,1,4
12567,6,1,4
12568,6,1,4
12569,6,1,4
12570,7,2,7
12571,6,4,6
12572,6,6,0
12573,6,1,4
12574,6,1,4
12575,8,1,4
12576,8,1,4
12577,6,1,4
12578,6,1,4
12579,6,4,6
12580,6,1,4
12581,6,4,6
12582,6,4,6
12583,5,5,5
12584,6,6,0
12585,8,0,8
12586,8,0,8
12587,6,4,6
12588,6,4,6
12589,6,4,6
12590,1,4,6
12591,6,6,0
12592,6,1,4
12593,6,4,6
12594,8,1,4
12595,5,1,4
12596,5,5,5
12597,6,4,6
12598,6,4,6
12599,6,4,6
12600,6,4,6
12601,7,1,4
12602,6,1,4
12603,6,1,4
12604,7,2,7
12605,6,4,6
12606,8,0,8
12607,6,1,4
12608,2,3,2
12609,6,4,6
12610,6,4,6
12611,6,4,6
12612,6,4,6
12613,6,1,4
12614,6,4,6
12615,6,1,4
12616,6,1,4
12617,6,4,6
12618,5,5,5
12619,6,1,4
12620,6,1,4
12621,6,1,4
12622,6,1,4
12623,7,2,7
12624,7,2,7
12625,6,4,6
12626,8,8,3
12627,6,4,6
12628,8,8,3
12629,6,1,4
12630,1,7,1
12631,2,3,2
12632,6,4,6
12633,0,6,0
12634,6,6,0
12635,6,4,6
12636,6,1,4
12637,6,1,4
12638,6,4,6
12639,6,4,6
12640,8,0,8
12641,6,1,4
12642,8,0,8
12643,8,0,8
12644,6,4,6
12645,6,4,6
12646,6,1,4
12647,6,1,4
12648,6,4,6
12649,8,0,8
12650,6,4,6
12651,8,1,4
12652,3,7,1
12653,6,4,6
12654,8,0,8
12655,6,7,1
12656,6,1,4
12657,5,5,5
12658,5,4,6
12659,6,4,6
12660,3,1,4
12661,4,6,0
12662,6,1,4
12663,8,0,8
12664,8,0,8
12665,6,4,6
12666,5,4,6
12667,6,4,6
12668,7,4,6
12669,6,1,4
12670,6,4,6
12671,6,1,4
12672,1,4,6
12673,0,6,0
12674,6,4,6
12675,6,4,6
12676,6,1,4
12677,6,4,6
12678,6,4,6
12679,6,4,6
12680,6,1,4
12681,6,4,6
12682,4,6,0
12683,6,4,6
12684,6,1,4
12685,6,1,4
12686,8,8,3
12687,8,0,8
12688,6,1,4
12689,6,4,6
12690,8,1,4
12691,8,1,4
12692,6,4,6
12693,6,4,6
12694,6,4,6
12695,5,5,5
12696,6,4,6
12697,6,1,4
12698,8,4,6
12699,6,1,4
12700,6,4,6
12701,6,4,6
12702,6,4,6
12703,6,1,4
12704,6,1,4
12705,1,7,1
12706,6,1,4
12707,6,4,6
12708,6,4,6
12709,7,2,7
12710,6,1,4
12711,6,1,4
12712,6,1,4
12713,6,4,6
12714,4,6,0
12715,6,4,6
12716,6,4,6
12717,6,4,6
12718,8,0,8
12719,6,1,4
12720,6,4,6
12721,6,4,6
12722,6,4,6
12723,8,0,8
12724,7,2,7
12725,7,2,7
12726,6,4,6
12727,6,4,6
12728,6,4,6
12729,8,4,6
12730,6,1,4
12731,6,4,6
12732,7,7,1
12733,8,0,8
12734,6,1,4
12735,6,1,4
12736,5,5,5
12737,6,4,6
12738,5,5,5
12739,0,6,0
12740,6,4,6
12741,6,4,6
12742,8,1,4
12743,8,1,4
12744,6,1,4
12745,8,0,8
12746,6,1,4
12747,6,1,4
12748,6,1,4
12749,2,3,2
12750,6,1,4
12751,8,8,3
12752,5,5,5
12753,6,4,6
12754,6,7,1
12755,8,0,8
12756,8,1,4
12757,6,7,1
12758,6,1,4
12759,6,6,0
12760,6,4,6
12761,6,4,6
12762,6,4,6
12763,6,1,4
12764,8,8,3
12765,8,6,0
12766,8,4,6
12767,2,7,1
12768,6,1,4
12769,0,6,0
12770,6,1,4
12771,5,5,5
12772,2,4,6
12773,6,4,6
12774,6,4,6
12775,6,4,6
12776,6,1,4
12777,7,2,7
12778,8,0,8
12779,6,1,4
12780,6,4,6
12781,6,4,6
12782,6,4,6
12783,6,4,6
12784,4,1,4
12785,1,7,1
12786,8,0,8
12787,6,4,6
12788,6,4,6
12789,6,1,4
12790,6,4,6
12791,6,1,4
12792,8,0,8
12793,8,4,6
12794,6,4,6
12795,6,7,1
12796,6,1,4
12797,6,1,4
12798,6,4,6
12799,6,4,6
12800,7,4,6
12801,6,1,4
12802,6,1,4
12803,7,2,7
12804,6,4,6
12805,6,1,4
12806,6,1,4
12807,6,1,4
12808,6,4,6
12809,6,1,4
12810,6,1,4
12811,6,4,6
12812,6,4,6
12813,6,1,4
12814,0,6,0
12815,8,0,8
12816,2,3,2
12817,6,4,6
12818,6,1,4
12819,6,4,6
12820,6,4,6
12821,6,1,4
12822,7,2,7
12823,6,6,0
12824,6,1,4
12825,6,4,6
12826,6,1,4
12827,5,5,5
12828,6,1,4
12829,6,1,4
12830,2,3,2
12831,6,4,6
12832,6,1,4
12833,6,4,6
12834,6,1,4
12835,2,3,2
12836,6,4,6
12837,8,1,4
12838,8,8,3
12839,6,4,6
12840,8,0,8
12841,7,2,7
12842,6,1,4
12843,6,1,4
12844,6,4,6
12845,6,7,1
12846,6,4,6
12847,6,4,6
12848,7,2,7
12849,8,8,3
12850,8,0,8
12851,6,1,4
12852,7,2,7
12853,6,4,6
12854,6,4,6
12855,6,4,6
12856,6,8,3
12857,6,4,6
12858,7,2,7
12859,6,4,6
12860,6,1,4
12861,6,4,6
12862,6,1,4
12863,6,6,0
12864,6,1,4
12865,6,4,6
12866,6,4,6
12867,0,6,0
12868,6,1,4
12869,6,1,4
12870,6,4,6
12871,7,2,7
12872,6,8,3
12873,6,7,1
12874,8,0,8
12875,6,6,0
12876,6,4,6
12877,6,1,4
12878,4,4,6
12879,6,4,6
12880,6,6,0
12881,6,4,6
12882,6,6,0
12883,5,5,5
12884,6,6,0
12885,8,0,8
12886,6,4,6
12887,2,4,6
12888,6,1,4
12889,6,7,1
12890,6,4,6
12891,5,5,5
12892,6,4,6
12893,6,1,4
12894,6,1,4
12895,6,1,4
12896,7,2,7
12897,5,5,5
12898,6,0,8
12899,6,1,4
12900,6,1,4
12901,6,6,0
12902,6,4,6
12903,6,4,6
12904,8,4,6
12905,6,4,6
12906,6,4,6
12907,6,4,6
12908,6,4,6
12909,8,1,4
12910,5,5,5
12911,6,4,6
12912,6,4,6
12913,6,4,6
12914,6,4,6
12915,6,8,3
12916,6,4,6
12917,6,4,6
12918,7,2,7
12919,6,6,0
12920,6,1,4
12921,7,2,7
12922,6,4,6
12923,6,1,4
12924,8,0,8
12925,6,1,4
12926,6,4,6
12927,6,4,6
12928,6,4,6
12929,6,4,6
12930,6,4,6
12931,7,2,7
12932,6,4,6
12933,6,4,6
12934,8,0,8
12935,6,1,4
12936,6,7,1
12937,6,4,6
12938,6,4,6
12939,6,6,0
12940,6,4,6
12941,6,4,6
12942,6,1,4
12943,6,4,6
12944,6,6,0
12945,7,2,7
12946,6,4,6
12947,6,4,6
12948,6,4,6
12949,6,6,0
12950,6,6,0
12951,5,4,6
12952,6,4,6
12953,6,4,6
12954,6,4,6
12955,7,2,7
12956,6,6,0
12957,6,4,6
12958,6,4,6
12959,6,4,6
12960,6,1,4
12961,6,7,1
12962,6,4,6
12963,5,5,5
12964,6,7,1
12965,5,5,5
12966,8,4,6
12967,6,1,4
12968,7,2,7
12969,6,4,6
12970,6,4,6
12971,6,4,6
12972,6,4,6
12973,6,1,4
12974,6,4,6
12975,6,4,6
12976,4,4,6
12977,6,6,0
12978,6,6,0
12979,7,2,7
12980,8,8,3
12981,6,4,6
12982,6,4,6
12983,6,4,6
12984,6,1,4
12985,6,1,4
12986,8,0,8
12987,8,1,4
12988,7,2,7
12989,6,6,0
12990,6,4,6
12991,6,4,6
12992,8,0,8
12993,8,0,8
12994,6,6,0
12995,6,4,6
12996,6,4,6
12997,2,3,2
12998,6,7,1
12999,6,4,6
13000,4,6,0
13001,8,8,3
13002,6,4,6
13003,6,1,4
13004,6,4,6
13005,5,5,5
13006,8,8,3
13007,6,1,4
13008,2,3,2
13009,6,6,0
13010,6,4,6
13011,6,4,6
13012,6,4,6
13013,7,7,1
13014,6,1,4
13015,6,4,6
13016,6,1,4
13017,6,4,6
13018,6,4,6
13019,6,1,4
13020,6,1,4
13021,0,6,0
13022,6,4,6
13023,7,2,7
13024,1,4,6
13025,5,5,5
13026,6,1,4
13027,2,3,2
13028,6,7,1
13029,6,8,3
13030,8,0,8
13031,8,8,3
13032,6,4,6
13033,8,8,3
13034,7,2,7
13035,6,6,0
13036,6,4,6
13037,8,0,8
13038,6,1,4
13039,6,1,4
13040,6,1,4
13041,6,4,6
13042,6,8,3
13043,6,1,4
13044,8,4,6
13045,6,4,6
13046,6,4,6
13047,8,0,8
13048,6,1,4
13049,7,2,7
13050,6,4,6
13051,6,4,6
13052,6,4,6
13053,8,0,8
13054,6,1,4
13055,6,4,6
13056,6,4,6
13057,8,0,8
13058,6,4,6
13059,6,4,6
13060,6,4,6
13061,7,2,7
13062,2,7,1
13063,6,1,4
13064,8,8,3
13065,6,4,6
13066,6,4,6
13067,6,4,6
13068,5,5,5
13069,1,4,6
13070,6,4,6
13071,6,4,6
13072,6,6,0
13073,6,4,6
13074,5,5,5
13075,2,7,1
13076,6,6,0
13077,6,4,6
13078,6,4,6
13079,8,0,8
13080,6,4,6
13081,6,4,6
13082,6,6,0
13083,6,1,4
13084,8,4,6
13085,6,4,6
13086,6,4,6
13087,7,2,7
13088,8,1,4
13089,6,6,0
13090,6,4,6
13091,6,4,6
13092,6,6,0
13093,6,4,6
13094,8,8,3
13095,7,2,7
13096,6,4,6
13097,6,4,6
13098,6,4,6
13099,6,4,6
13100,8,0,8
13101,6,4,6
13102,6,1,4
13103,6,4,6
13104,6,7,1
13105,6,4,6
13106,6,1,4
13107,2,3,2
13108,6,6,0
13109,6,7,1
13110,6,1,4
13111,6,4,6
13112,6,7,1
13113,6,4,6
13114,6,4,6
13115,6,4,6
13116,6,4,6
13117,6,6,0
13118,6,1,4
13119,6,1,4
13120,6,1,4
13121,6,1,4
13122,6,7,1
13123,6,1,4
13124,6,6,0
13125,1,7,1
13126,8,0,8
13127,6,4,6
13128,6,6,0
13129,6,6,0
13130,6,4,6
13131,6,1,4
13132,0,6,0
13133,8,8,3
13134,8,8,3
13135,8,0,8
13136,6,4,6
13137,6,4,6
13138,7,2,7
13139,6,4,6
13140,2,3,2
13141,5,5,5
13142,6,4,6
13143,6,1,4
13144,6,7,1
13145,6,7,1
13146,6,6,0
13147,6,6,0
13148,6,2,7
13149,7,2,7
13150,6,4,6
13151,6,7,1
13152,6,4,6
13153,6,7,1
13154,6,1,4
13155,6,7,1
13156,6,1,4
13157,8,8,3
13158,6,6,0
13159,1,7,1
13160,8,0,8
13161,5,5,5
13162,5,5,5
13163,6,2,7
13164,6,1,4
13165,6,6,0
13166,6,4,6
13167,8,0,8
13168,6,4,6
13169,8,0,8
13170,7,2,7
13171,6,4,6
13172,6,7,1
13173,6,1,4
13174,6,7,1
13175,6,7,1
13176,6,7,1
13177,8,0,8
13178,6,8,3
13179,6,1,4
