cell_id,true_label,pred_label_raw,pred_label_aligned
0,8,1,8
1,7,0,6
2,6,0,6
3,7,0,6
4,7,0,6
5,8,1,8
6,6,0,6
7,6,0,6
8,6,0,6
9,7,0,6
10,7,0,6
11,7,0,6
12,5,3,5
13,8,1,8
14,7,0,6
15,7,0,6
16,6,0,6
17,1,0,6
18,6,0,6
19,6,0,6
20,6,0,6
21,2,2,2
22,7,0,6
23,6,0,6
24,6,0,6
25,6,1,8
26,6,1,8
27,1,0,6
28,6,0,6
29,6,0,6
30,6,0,6
31,8,1,8
32,6,0,6
33,6,0,6
34,6,0,6
35,6,1,8
36,6,0,6
37,6,1,8
38,6,1,8
39,6,0,6
40,6,0,6
41,6,0,6
42,6,1,8
43,6,0,6
44,6,0,6
45,8,1,8
46,7,0,6
47,6,1,8
48,6,0,6
49,6,1,8
50,6,0,6
51,6,0,6
52,6,0,6
53,6,0,6
54,6,0,6
55,2,1,8
56,6,0,6
57,7,0,6
58,6,0,6
59,6,0,6
60,5,3,5
61,2,2,2
62,6,0,6
63,6,0,6
64,6,0,6
65,6,3,5
66,6,2,2
67,6,0,6
68,6,0,6
69,6,0,6
70,8,1,8
71,6,2,2
72,7,0,6
73,6,0,6
74,6,0,6
75,6,0,6
76,6,1,8
77,6,8,7
78,6,1,8
79,6,2,2
80,7,0,6
81,6,0,6
82,1,0,6
83,6,0,6
84,6,0,6
85,8,1,8
86,6,0,6
87,6,0,6
88,5,3,5
89,8,1,8
90,7,0,6
91,6,0,6
92,6,0,6
93,6,0,6
94,5,3,5
95,5,3,5
96,7,0,6
97,6,0,6
98,8,1,8
99,7,0,6
100,6,0,6
101,6,0,6
102,6,0,6
103,7,0,6
104,6,2,2
105,6,0,6
106,5,3,5
107,0,7,0
108,6,0,6
109,8,1,8
110,2,2,2
111,6,1,8
112,6,0,6
113,6,2,2
114,7,0,6
115,6,1,8
116,6,1,8
117,5,3,5
118,8,1,8
119,6,0,6
120,6,1,8
121,7,0,6
122,6,1,8
123,6,0,6
124,6,0,6
125,6,1,8
126,6,0,6
127,6,1,8
128,7,0,6
129,6,0,6
130,8,1,8
131,6,0,6
132,8,1,8
133,6,0,6
134,6,0,6
135,6,0,6
136,6,0,6
137,8,0,6
138,6,0,6
139,7,0,6
140,7,0,6
141,6,1,8
142,6,0,6
143,6,0,6
144,6,1,8
145,6,0,6
146,6,1,8
147,6,1,8
148,6,0,6
149,6,0,6
150,6,1,8
151,5,3,5
152,6,0,6
153,6,2,2
154,5,3,5
155,6,0,6
156,6,0,6
157,6,0,6
158,8,1,8
159,6,1,8
160,7,0,6
161,7,0,6
162,6,0,6
163,8,1,8
164,7,0,6
165,7,0,6
166,1,4,1
167,8,1,8
168,6,0,6
169,6,0,6
170,6,0,6
171,6,0,6
172,6,0,6
173,6,0,6
174,6,1,8
175,5,3,5
176,6,2,2
177,6,0,6
178,1,0,6
179,7,0,6
180,6,1,8
181,6,0,6
182,8,1,8
183,5,3,5
184,4,5,4
185,6,0,6
186,5,0,6
187,7,0,6
188,6,0,6
189,6,0,6
190,6,0,6
191,6,0,6
192,6,1,8
193,8,1,8
194,6,1,8
195,6,1,8
196,6,1,8
197,8,1,8
198,6,0,6
199,6,0,6
200,1,4,1
201,1,4,1
202,6,0,6
203,7,0,6
204,6,1,8
205,6,0,6
206,6,0,6
207,1,0,6
208,7,0,6
209,6,3,5
210,1,2,2
211,6,0,6
212,6,1,8
213,8,1,8
214,5,3,5
215,6,0,6
216,6,0,6
217,6,0,6
218,6,1,8
219,6,1,8
220,6,4,1
221,2,1,8
222,6,0,6
223,2,0,6
224,7,0,6
225,5,3,5
226,6,0,6
227,6,0,6
228,6,0,6
229,4,5,4
230,6,0,6
231,6,2,2
232,8,1,8
233,6,0,6
234,6,0,6
235,2,2,2
236,6,0,6
237,2,0,6
238,7,0,6
239,1,0,6
240,6,1,8
241,6,0,6
242,6,0,6
243,8,1,8
244,6,0,6
245,8,1,8
246,6,0,6
247,6,0,6
248,1,4,1
249,6,0,6
250,6,0,6
251,6,0,6
252,6,0,6
253,1,4,1
254,6,0,6
255,6,1,8
256,6,0,6
257,6,0,6
258,6,2,2
259,6,0,6
260,2,2,2
261,1,4,1
262,2,0,6
263,7,0,6
264,6,0,6
265,6,0,6
266,6,0,6
267,6,0,6
268,6,0,6
269,6,5,4
270,2,2,2
271,6,0,6
272,6,0,6
273,5,0,6
274,6,0,6
275,5,0,6
276,8,1,8
277,8,1,8
278,6,3,5
279,6,0,6
280,7,0,6
281,6,2,2
282,6,1,8
283,6,0,6
284,1,4,1
285,6,1,8
286,6,0,6
287,6,0,6
288,6,0,6
289,6,0,6
290,6,0,6
291,6,1,8
292,6,0,6
293,6,0,6
294,6,0,6
295,6,0,6
296,6,0,6
297,7,0,6
298,8,8,7
299,6,1,8
300,6,0,6
301,5,0,6
302,8,1,8
303,6,0,6
304,6,0,6
305,6,1,8
306,6,0,6
307,7,0,6
308,6,0,6
309,6,0,6
310,6,1,8
311,6,0,6
312,7,2,2
313,1,0,6
314,1,4,1
315,7,0,6
316,6,0,6
317,6,0,6
318,6,1,8
319,6,1,8
320,8,1,8
321,6,0,6
322,6,2,2
323,7,0,6
324,6,0,6
325,6,0,6
326,2,2,2
327,8,1,8
328,6,0,6
329,5,0,6
330,6,0,6
331,2,2,2
332,1,4,1
333,6,0,6
334,5,3,5
335,2,2,2
336,6,0,6
337,5,3,5
338,6,0,6
339,6,1,8
340,8,1,8
341,1,0,6
342,6,0,6
343,6,0,6
344,6,1,8
345,2,0,6
346,6,1,8
347,6,1,8
348,8,0,6
349,6,0,6
350,6,0,6
351,6,0,6
352,8,1,8
353,5,3,5
354,6,0,6
355,6,1,8
356,6,0,6
357,8,1,8
358,6,0,6
359,6,0,6
360,1,4,1
361,6,3,5
362,6,0,6
363,6,1,8
364,6,0,6
365,6,0,6
366,2,2,2
367,6,0,6
368,6,0,6
369,8,1,8
370,6,0,6
371,6,2,2
372,6,0,6
373,6,0,6
374,6,1,8
375,6,0,6
376,6,0,6
377,6,0,6
378,7,0,6
379,1,3,5
380,6,0,6
381,6,1,8
382,6,0,6
383,6,0,6
384,6,0,6
385,8,1,8
386,6,0,6
387,6,0,6
388,6,0,6
389,6,0,6
390,7,0,6
391,6,0,6
392,6,0,6
393,6,1,8
394,6,0,6
395,6,0,6
396,7,0,6
397,6,0,6
398,6,0,6
399,6,0,6
400,8,1,8
401,5,3,5
402,7,0,6
403,6,8,7
404,6,0,6
405,6,0,6
406,7,0,6
407,6,0,6
408,8,1,8
409,6,5,4
410,6,0,6
411,2,2,2
412,8,1,8
413,6,0,6
414,5,3,5
415,1,4,1
416,6,0,6
417,8,1,8
418,6,0,6
419,7,0,6
420,6,0,6
421,6,0,6
422,6,1,8
423,6,0,6
424,6,0,6
425,2,2,2
426,6,0,6
427,6,0,6
428,6,2,2
429,6,0,6
430,2,2,2
431,6,0,6
432,6,0,6
433,1,4,1
434,7,0,6
435,6,0,6
436,6,0,6
437,6,2,2
438,6,0,6
439,7,0,6
440,8,1,8
441,6,0,6
442,6,0,6
443,8,1,8
444,6,0,6
445,1,2,2
446,6,0,6
447,2,2,2
448,6,1,8
449,6,0,6
450,6,0,6
451,8,1,8
452,5,3,5
453,5,3,5
454,6,1,8
455,6,1,8
456,6,1,8
457,5,3,5
458,6,0,6
459,6,1,8
460,6,0,6
461,6,0,6
462,8,1,8
463,1,0,6
464,6,0,6
465,6,2,2
466,6,0,6
467,6,0,6
468,6,0,6
469,8,1,8
470,4,5,4
471,6,1,8
472,6,1,8
473,6,0,6
474,8,1,8
475,6,0,6
476,6,0,6
477,5,0,6
478,6,0,6
479,8,1,8
480,6,0,6
481,6,0,6
482,5,3,5
483,6,0,6
484,6,0,6
485,6,1,8
486,6,0,6
487,6,0,6
488,6,1,8
489,6,0,6
490,1,4,1
491,6,1,8
492,6,0,6
493,6,0,6
494,6,0,6
495,6,1,8
496,8,1,8
497,2,2,2
498,6,0,6
499,6,0,6
500,6,1,8
501,6,0,6
502,6,0,6
503,6,2,2
504,1,4,1
505,6,0,6
506,2,2,2
507,6,0,6
508,5,3,5
509,6,0,6
510,6,1,8
511,8,1,8
512,6,0,6
513,6,1,8
514,6,1,8
515,6,1,8
516,6,0,6
517,6,0,6
518,6,1,8
519,5,3,5
520,6,0,6
521,6,0,6
522,6,0,6
523,1,0,6
524,6,0,6
525,7,0,6
526,7,0,6
527,2,2,2
528,6,1,8
529,6,2,2
530,7,0,6
531,6,0,6
532,5,3,5
533,6,2,2
534,2,2,2
535,6,0,6
536,6,0,6
537,6,0,6
538,5,3,5
539,6,2,2
540,6,1,8
541,5,3,5
542,7,0,6
543,6,0,6
544,2,2,2
545,2,0,6
546,6,1,8
547,6,1,8
548,6,1,8
549,5,3,5
550,6,0,6
551,8,1,8
552,6,0,6
553,6,0,6
554,6,0,6
555,6,0,6
556,6,0,6
557,6,0,6
558,6,1,8
559,7,0,6
560,5,3,5
561,8,1,8
562,6,0,6
563,1,4,1
564,6,0,6
565,8,0,6
566,6,1,8
567,6,3,5
568,6,0,6
569,5,1,8
570,7,0,6
571,7,0,6
572,6,2,2
573,8,0,6
574,5,3,5
575,6,0,6
576,6,0,6
577,6,0,6
578,6,0,6
579,6,0,6
580,1,4,1
581,6,0,6
582,5,3,5
583,7,0,6
584,2,2,2
585,5,0,6
586,6,2,2
587,6,1,8
588,6,0,6
589,6,1,8
590,6,1,8
591,6,0,6
592,6,0,6
593,6,0,6
594,6,0,6
595,6,0,6
596,8,1,8
597,6,0,6
598,6,0,6
599,6,0,6
600,6,0,6
601,8,1,8
602,7,0,6
603,8,1,8
604,6,0,6
605,6,0,6
606,6,4,1
607,6,0,6
608,6,1,8
609,6,0,6
610,6,0,6
611,6,0,6
612,2,2,2
613,6,0,6
614,6,1,8
615,6,0,6
616,6,0,6
617,5,3,5
618,6,0,6
619,6,0,6
620,8,1,8
621,6,0,6
622,7,0,6
623,6,0,6
624,6,1,8
625,6,0,6
626,6,0,6
627,8,1,8
628,6,3,5
629,6,0,6
630,6,0,6
631,6,0,6
632,6,0,6
633,6,0,6
634,6,1,8
635,5,3,5
636,8,0,6
637,1,4,1
638,8,1,8
639,6,0,6
640,6,0,6
641,8,1,8
642,2,2,2
643,6,1,8
644,6,0,6
645,6,0,6
646,8,1,8
647,2,2,2
648,6,1,8
649,7,0,6
650,6,0,6
651,7,0,6
652,5,3,5
653,6,0,6
654,6,0,6
655,6,1,8
656,8,1,8
657,8,1,8
658,2,0,6
659,6,0,6
660,1,4,1
661,7,0,6
662,6,0,6
663,6,3,5
664,1,4,1
665,6,0,6
666,6,0,6
667,7,0,6
668,8,1,8
669,4,5,4
670,8,0,6
671,6,0,6
672,6,1,8
673,1,2,2
674,8,0,6
675,8,0,6
676,6,0,6
677,2,2,2
678,6,0,6
679,6,0,6
680,6,0,6
681,5,3,5
682,6,0,6
683,2,2,2
684,5,3,5
685,6,1,8
686,6,0,6
687,8,1,8
688,8,0,6
689,6,0,6
690,6,0,6
691,6,0,6
692,6,0,6
693,6,1,8
694,6,0,6
695,6,0,6
696,8,1,8
697,2,3,5
698,6,0,6
699,2,2,2
700,7,0,6
701,6,0,6
702,6,1,8
703,8,1,8
704,8,1,8
705,6,0,6
706,6,0,6
707,7,0,6
708,6,0,6
709,6,1,8
710,6,0,6
711,6,3,5
712,6,0,6
713,6,5,4
714,2,2,2
715,1,4,1
716,6,0,6
717,6,0,6
718,6,2,2
719,6,0,6
720,8,0,6
721,6,0,6
722,5,0,6
723,6,1,8
724,1,4,1
725,6,0,6
726,6,0,6
727,6,0,6
728,5,3,5
729,6,0,6
730,6,0,6
731,6,3,5
732,6,0,6
733,5,3,5
734,6,0,6
735,6,0,6
736,6,0,6
737,6,0,6
738,6,0,6
739,6,0,6
740,6,0,6
741,6,0,6
742,6,1,8
743,6,0,6
744,8,1,8
745,5,3,5
746,6,0,6
747,6,1,8
748,5,3,5
749,2,2,2
750,6,1,8
751,2,2,2
752,6,0,6
753,6,0,6
754,6,1,8
755,6,0,6
756,2,2,2
757,6,1,8
758,6,1,8
759,6,0,6
760,5,0,6
761,6,1,8
762,6,1,8
763,6,2,2
764,8,0,6
765,6,0,6
766,6,0,6
767,6,1,8
768,5,3,5
769,2,2,2
770,6,1,8
771,6,0,6
772,6,0,6
773,6,0,6
774,8,1,8
775,6,0,6
776,6,0,6
777,7,0,6
778,6,0,6
779,5,3,5
780,6,0,6
781,5,3,5
782,6,0,6
783,6,0,6
784,1,0,6
785,1,1,8
786,6,0,6
787,6,0,6
788,6,0,6
789,8,0,6
790,7,0,6
791,6,1,8
792,6,0,6
793,6,0,6
794,6,0,6
795,8,1,8
796,6,0,6
797,6,0,6
798,7,0,6
799,7,0,6
800,7,0,6
801,6,1,8
802,6,0,6
803,6,0,6
804,6,0,6
805,6,1,8
806,6,1,8
807,6,0,6
808,6,1,8
809,6,0,6
810,8,0,6
811,5,3,5
812,8,2,2
813,6,0,6
814,6,0,6
815,6,0,6
816,6,0,6
817,1,0,6
818,6,0,6
819,6,2,2
820,7,0,6
821,6,1,8
822,8,1,8
823,7,0,6
824,6,0,6
825,6,1,8
826,3,6,3
827,8,1,8
828,5,3,5
829,6,0,6
830,5,3,5
831,7,0,6
832,6,0,6
833,2,2,2
834,7,0,6
835,6,0,6
836,7,0,6
837,7,0,6
838,5,0,6
839,6,0,6
840,2,2,2
841,7,0,6
842,6,0,6
843,6,0,6
844,7,0,6
845,6,2,2
846,6,0,6
847,6,1,8
848,7,0,6
849,6,2,2
850,8,1,8
851,6,0,6
852,6,0,6
853,7,0,6
854,6,1,8
855,6,1,8
856,6,0,6
857,6,0,6
858,1,4,1
859,5,3,5
860,6,3,5
861,6,0,6
862,6,1,8
863,5,3,5
864,6,0,6
865,6,0,6
866,6,0,6
867,6,0,6
868,6,1,8
869,6,0,6
870,1,4,1
871,4,0,6
872,6,0,6
873,8,1,8
874,6,0,6
875,6,0,6
876,6,3,5
877,6,2,2
878,6,0,6
879,6,0,6
880,8,1,8
881,6,0,6
882,5,3,5
883,7,0,6
884,6,0,6
885,8,1,8
886,5,3,5
887,6,0,6
888,6,0,6
889,6,0,6
890,6,0,6
891,1,2,2
892,8,1,8
893,8,1,8
894,6,0,6
895,6,1,8
896,8,1,8
897,6,0,6
898,6,1,8
899,6,0,6
900,8,1,8
901,6,0,6
902,1,4,1
903,6,0,6
904,6,0,6
905,6,0,6
906,7,0,6
907,6,0,6
908,6,1,8
909,1,0,6
910,6,0,6
911,6,0,6
912,6,0,6
913,6,0,6
914,7,0,6
915,6,0,6
916,7,0,6
917,6,0,6
918,4,0,6
919,6,3,5
920,6,0,6
921,6,1,8
922,6,0,6
923,8,1,8
924,6,1,8
925,6,0,6
926,6,0,6
927,6,1,8
928,7,0,6
929,6,0,6
930,6,0,6
931,6,0,6
932,8,1,8
933,6,0,6
934,6,0,6
935,6,1,8
936,6,0,6
937,6,0,6
938,6,0,6
939,2,2,2
940,6,0,6
941,6,0,6
942,2,0,6
943,6,0,6
944,7,0,6
945,6,0,6
946,6,1,8
947,3,6,3
948,6,0,6
949,6,6,3
950,6,2,2
951,6,0,6
952,6,0,6
953,6,0,6
954,6,0,6
955,8,1,8
956,6,1,8
957,6,0,6
958,6,0,6
959,2,2,2
960,7,0,6
961,7,0,6
962,8,1,8
963,8,1,8
964,5,0,6
965,2,2,2
966,6,0,6
967,6,1,8
968,6,0,6
969,6,0,6
970,7,0,6
971,6,0,6
972,6,0,6
973,8,1,8
974,6,1,8
975,6,0,6
976,5,3,5
977,2,1,8
978,1,4,1
979,8,1,8
980,6,0,6
981,7,0,6
982,6,0,6
983,6,0,6
984,6,0,6
985,6,0,6
986,6,0,6
987,6,0,6
988,6,1,8
989,2,2,2
990,6,0,6
991,6,0,6
992,6,0,6
993,5,0,6
994,6,0,6
995,4,5,4
996,6,0,6
997,6,0,6
998,6,0,6
999,6,0,6
1000,6,0,6
1001,2,1,8
1002,6,0,6
1003,6,0,6
1004,6,0,6
1005,6,1,8
1006,7,0,6
1007,6,1,8
1008,2,2,2
1009,6,1,8
1010,6,1,8
1011,8,0,6
1012,6,1,8
1013,6,1,8
1014,6,0,6
1015,6,0,6
1016,7,1,8
1017,8,0,6
1018,6,0,6
1019,6,0,6
1020,6,0,6
1021,6,0,6
1022,6,0,6
1023,6,0,6
1024,8,0,6
1025,5,3,5
1026,6,0,6
1027,6,0,6
1028,6,0,6
1029,6,0,6
1030,6,0,6
1031,6,0,6
1032,1,4,1
1033,4,5,4
1034,1,2,2
1035,5,3,5
1036,8,1,8
1037,6,0,6
1038,6,0,6
1039,6,0,6
1040,6,0,6
1041,3,6,3
1042,6,0,6
1043,5,3,5
1044,2,2,2
1045,6,0,6
1046,6,0,6
1047,6,2,2
1048,7,0,6
1049,6,1,8
1050,6,0,6
1051,6,1,8
1052,6,1,8
1053,6,1,8
1054,6,0,6
1055,6,1,8
1056,6,2,2
1057,6,0,6
1058,1,0,6
1059,6,0,6
1060,6,0,6
1061,1,0,6
1062,2,2,2
1063,6,0,6
1064,6,0,6
1065,6,0,6
1066,5,2,2
1067,7,0,6
1068,6,0,6
1069,6,0,6
1070,7,0,6
1071,6,0,6
1072,5,3,5
1073,6,2,2
1074,1,0,6
1075,6,0,6
1076,8,1,8
1077,6,0,6
1078,6,1,8
1079,8,1,8
1080,2,2,2
1081,3,6,3
1082,6,0,6
1083,2,2,2
1084,6,0,6
1085,6,0,6
1086,6,0,6
1087,6,1,8
1088,6,0,6
1089,6,0,6
1090,8,0,6
1091,8,0,6
1092,6,1,8
1093,2,2,2
1094,6,1,8
1095,6,0,6
1096,6,0,6
1097,1,4,1
1098,8,1,8
1099,7,1,8
1100,6,1,8
1101,6,1,8
1102,6,0,6
1103,2,2,2
1104,8,0,6
1105,2,2,2
1106,6,0,6
1107,1,4,1
1108,6,0,6
1109,7,0,6
1110,6,0,6
1111,6,0,6
1112,8,1,8
1113,1,4,1
1114,6,1,8
1115,2,2,2
1116,6,1,8
1117,6,0,6
1118,6,0,6
1119,7,0,6
1120,8,1,8
1121,5,3,5
1122,7,0,6
1123,1,4,1
1124,7,0,6
1125,6,0,6
1126,6,0,6
1127,3,6,3
1128,6,1,8
1129,7,0,6
1130,6,1,8
1131,5,3,5
1132,6,0,6
1133,6,0,6
1134,6,0,6
1135,6,1,8
1136,5,3,5
1137,6,1,8
1138,6,0,6
1139,8,1,8
1140,1,0,6
1141,6,0,6
1142,6,2,2
1143,6,0,6
1144,6,1,8
1145,6,0,6
1146,6,0,6
1147,2,2,2
1148,7,0,6
1149,2,2,2
1150,8,1,8
1151,6,0,6
1152,6,0,6
1153,1,4,1
1154,6,0,6
1155,6,0,6
1156,2,2,2
1157,6,0,6
1158,7,0,6
1159,6,0,6
1160,6,0,6
1161,6,0,6
1162,6,0,6
1163,6,8,7
1164,6,0,6
1165,2,0,6
1166,6,0,6
1167,8,1,8
1168,6,0,6
1169,6,0,6
1170,6,0,6
1171,8,1,8
1172,8,1,8
1173,6,0,6
1174,1,0,6
1175,6,6,3
1176,6,0,6
1177,7,0,6
1178,6,0,6
1179,7,0,6
1180,5,3,5
1181,6,0,6
1182,6,0,6
1183,6,0,6
1184,6,0,6
1185,6,1,8
1186,6,0,6
1187,6,0,6
1188,6,0,6
1189,6,0,6
1190,7,0,6
1191,6,0,6
1192,6,0,6
1193,6,1,8
1194,2,2,2
1195,6,0,6
1196,8,1,8
1197,6,0,6
1198,6,0,6
1199,8,1,8
1200,1,4,1
1201,6,0,6
1202,6,0,6
1203,6,1,8
1204,6,0,6
1205,6,0,6
1206,6,3,5
1207,6,0,6
1208,5,3,5
1209,7,0,6
1210,2,2,2
1211,1,0,6
1212,6,1,8
1213,6,2,2
1214,6,2,2
1215,2,2,2
1216,2,0,6
1217,6,0,6
1218,8,1,8
1219,8,1,8
1220,8,0,6
1221,6,0,6
1222,6,0,6
1223,6,3,5
1224,6,0,6
1225,6,0,6
1226,6,0,6
1227,2,0,6
1228,6,0,6
1229,6,0,6
1230,5,0,6
1231,8,4,1
1232,5,3,5
1233,6,0,6
1234,7,0,6
1235,7,0,6
1236,2,2,2
1237,6,0,6
1238,6,1,8
1239,6,0,6
1240,6,3,5
1241,6,0,6
1242,6,0,6
1243,6,0,6
1244,6,0,6
1245,6,0,6
1246,6,0,6
1247,2,2,2
1248,6,1,8
1249,6,0,6
1250,8,1,8
1251,2,2,2
1252,2,2,2
1253,5,3,5
1254,6,1,8
1255,6,0,6
1256,8,1,8
1257,6,1,8
1258,6,0,6
1259,7,0,6
1260,6,0,6
1261,5,3,5
1262,6,2,2
1263,6,0,6
1264,6,1,8
1265,8,1,8
1266,7,0,6
1267,6,2,2
1268,8,1,8
1269,6,0,6
1270,6,0,6
1271,5,3,5
1272,6,0,6
1273,6,0,6
1274,6,2,2
1275,2,2,2
1276,8,1,8
1277,6,0,6
1278,6,1,8
1279,6,0,6
1280,2,0,6
1281,1,4,1
1282,6,0,6
1283,2,2,2
1284,6,0,6
1285,2,0,6
1286,8,1,8
1287,2,2,2
1288,6,0,6
1289,2,2,2
1290,2,2,2
1291,6,0,6
1292,6,0,6
1293,6,0,6
1294,6,0,6
1295,6,0,6
1296,6,1,8
1297,7,0,6
1298,6,0,6
1299,4,5,4
1300,6,0,6
1301,6,0,6
1302,4,5,4
1303,6,0,6
1304,6,1,8
1305,6,0,6
1306,6,0,6
1307,6,4,1
1308,6,0,6
1309,7,0,6
1310,5,3,5
1311,6,1,8
1312,6,0,6
1313,6,1,8
1314,7,0,6
1315,6,0,6
1316,6,0,6
1317,6,0,6
1318,6,0,6
1319,7,0,6
1320,5,3,5
1321,6,0,6
1322,6,0,6
1323,6,1,8
1324,5,3,5
1325,6,0,6
1326,8,1,8
1327,2,2,2
1328,5,3,5
1329,6,0,6
1330,6,0,6
1331,2,2,2
1332,6,0,6
1333,6,0,6
1334,6,0,6
1335,6,0,6
1336,6,0,6
1337,6,0,6
1338,6,0,6
1339,6,0,6
1340,6,6,3
1341,6,0,6
1342,6,1,8
1343,6,0,6
1344,6,0,6
1345,6,0,6
1346,6,0,6
1347,2,2,2
1348,6,1,8
1349,6,1,8
1350,7,0,6
1351,2,2,2
1352,6,0,6
1353,6,0,6
1354,6,0,6
1355,2,2,2
1356,8,0,6
1357,1,4,1
1358,6,0,6
1359,6,0,6
1360,6,0,6
1361,6,0,6
1362,7,0,6
1363,6,0,6
1364,6,0,6
1365,6,2,2
1366,7,0,6
1367,8,1,8
1368,6,0,6
1369,4,0,6
1370,8,1,8
1371,6,0,6
1372,2,2,2
1373,6,0,6
1374,6,0,6
1375,6,0,6
1376,6,0,6
1377,6,0,6
1378,1,4,1
1379,6,0,6
1380,6,0,6
1381,6,2,2
1382,6,0,6
1383,6,0,6
1384,6,0,6
1385,6,0,6
1386,1,4,1
1387,6,0,6
1388,2,2,2
1389,7,0,6
1390,8,1,8
1391,6,0,6
1392,6,0,6
1393,6,0,6
1394,7,0,6
1395,6,0,6
1396,6,2,2
1397,5,3,5
1398,6,0,6
1399,6,0,6
1400,1,4,1
1401,1,1,8
1402,5,3,5
1403,6,0,6
1404,1,0,6
1405,6,0,6
1406,6,0,6
1407,5,3,5
1408,7,0,6
1409,6,0,6
1410,6,1,8
1411,6,0,6
1412,6,0,6
1413,6,4,1
1414,6,0,6
1415,7,0,6
1416,6,0,6
1417,6,0,6
1418,6,0,6
1419,2,3,5
1420,2,2,2
1421,7,0,6
1422,6,1,8
1423,6,0,6
1424,6,0,6
1425,6,0,6
1426,6,1,8
1427,6,0,6
1428,6,1,8
1429,6,0,6
1430,1,0,6
1431,6,0,6
1432,6,0,6
1433,6,1,8
1434,8,0,6
1435,6,0,6
1436,6,0,6
1437,6,0,6
1438,6,0,6
1439,5,3,5
1440,8,1,8
1441,6,0,6
1442,8,1,8
1443,6,0,6
1444,6,0,6
1445,6,1,8
1446,6,0,6
1447,6,0,6
1448,6,1,8
1449,5,3,5
1450,6,0,6
1451,2,2,2
1452,2,2,2
1453,6,0,6
1454,6,1,8
1455,6,0,6
1456,7,0,6
1457,6,4,1
1458,5,3,5
1459,7,0,6
1460,6,0,6
1461,6,4,1
1462,6,0,6
1463,8,1,8
1464,8,1,8
1465,6,0,6
1466,6,1,8
1467,8,0,6
1468,8,1,8
1469,7,1,8
1470,7,0,6
1471,6,0,6
1472,6,0,6
1473,6,2,2
1474,6,1,8
1475,6,0,6
1476,3,6,3
1477,6,0,6
1478,6,0,6
1479,5,0,6
1480,6,0,6
1481,6,0,6
1482,6,0,6
1483,6,0,6
1484,8,1,8
1485,2,2,2
1486,6,0,6
1487,8,1,8
1488,8,1,8
1489,6,1,8
1490,6,0,6
1491,6,0,6
1492,7,0,6
1493,6,0,6
1494,8,1,8
1495,6,0,6
1496,6,3,5
1497,6,0,6
1498,8,0,6
1499,6,1,8
1500,6,1,8
1501,7,0,6
1502,6,0,6
1503,5,3,5
1504,6,0,6
1505,6,0,6
1506,6,0,6
1507,6,0,6
1508,6,0,6
1509,6,0,6
1510,6,1,8
1511,6,0,6
1512,5,0,6
1513,6,4,1
1514,6,2,2
1515,6,0,6
1516,7,0,6
1517,5,3,5
1518,6,0,6
1519,8,1,8
1520,5,3,5
1521,6,0,6
1522,7,0,6
1523,6,0,6
1524,6,0,6
1525,8,1,8
1526,1,4,1
1527,8,1,8
1528,6,0,6
1529,6,0,6
1530,6,0,6
1531,6,0,6
1532,6,1,8
1533,7,0,6
1534,8,1,8
1535,6,2,2
1536,6,0,6
1537,6,0,6
1538,4,5,4
1539,6,0,6
1540,6,1,8
1541,8,1,8
1542,6,0,6
1543,4,2,2
1544,6,0,6
1545,6,1,8
1546,6,0,6
1547,7,0,6
1548,1,0,6
1549,8,1,8
1550,6,0,6
1551,6,0,6
1552,6,0,6
1553,6,1,8
1554,6,0,6
1555,7,0,6
1556,6,2,2
1557,6,1,8
1558,6,1,8
1559,6,0,6
1560,6,1,8
1561,6,0,6
1562,8,1,8
1563,6,1,8
1564,8,0,6
1565,6,1,8
1566,6,0,6
1567,7,0,6
1568,5,0,6
1569,2,2,2
1570,6,2,2
1571,6,2,2
1572,7,0,6
1573,5,3,5
1574,6,0,6
1575,6,2,2
1576,6,0,6
1577,6,3,5
1578,6,1,8
1579,6,1,8
1580,6,0,6
1581,6,0,6
1582,6,0,6
1583,6,0,6
1584,6,0,6
1585,2,2,2
1586,1,0,6
1587,6,0,6
1588,6,0,6
1589,6,0,6
1590,6,0,6
1591,6,0,6
1592,6,0,6
1593,6,0,6
1594,6,0,6
1595,6,0,6
1596,6,0,6
1597,7,0,6
1598,1,1,8
1599,6,0,6
1600,6,0,6
1601,8,1,8
1602,8,0,6
1603,6,5,4
1604,6,0,6
1605,6,0,6
1606,6,0,6
1607,6,0,6
1608,2,0,6
1609,6,2,2
1610,6,0,6
1611,6,1,8
1612,6,1,8
1613,2,2,2
1614,6,0,6
1615,8,1,8
1616,6,0,6
1617,6,0,6
1618,6,0,6
1619,6,0,6
1620,4,5,4
1621,6,0,6
1622,8,1,8
1623,6,2,2
1624,6,0,6
1625,8,1,8
1626,6,0,6
1627,6,0,6
1628,7,0,6
1629,6,0,6
1630,5,3,5
1631,8,0,6
1632,8,1,8
1633,6,0,6
1634,6,0,6
1635,5,3,5
1636,6,1,8
1637,7,0,6
1638,8,1,8
1639,6,1,8
1640,2,2,2
1641,7,0,6
1642,2,2,2
1643,5,3,5
1644,2,0,6
1645,6,0,6
1646,6,0,6
1647,7,0,6
1648,6,0,6
1649,6,0,6
1650,6,1,8
1651,6,0,6
1652,6,1,8
1653,6,0,6
1654,6,4,1
1655,6,0,6
1656,6,2,2
1657,6,0,6
1658,6,0,6
1659,5,3,5
1660,6,0,6
1661,8,1,8
1662,0,7,0
1663,8,2,2
1664,0,7,0
1665,4,5,4
1666,6,0,6
1667,8,1,8
1668,6,1,8
1669,5,3,5
1670,6,0,6
1671,6,1,8
1672,8,2,2
1673,4,5,4
1674,6,0,6
1675,6,1,8
1676,6,0,6
1677,5,2,2
1678,6,0,6
1679,8,1,8
1680,2,2,2
1681,6,1,8
1682,8,1,8
1683,2,2,2
1684,6,0,6
1685,8,0,6
1686,8,1,8
1687,8,1,8
1688,6,0,6
1689,2,2,2
1690,5,3,5
1691,5,3,5
1692,6,0,6
1693,6,0,6
1694,5,3,5
1695,6,0,6
1696,5,3,5
1697,8,1,8
1698,2,2,2
1699,4,5,4
1700,5,3,5
1701,8,2,2
1702,8,1,8
1703,6,0,6
1704,8,0,6
1705,6,0,6
1706,6,1,8
1707,8,1,8
1708,8,1,8
1709,7,1,8
1710,6,0,6
1711,8,1,8
1712,8,2,2
1713,6,0,6
1714,2,2,2
1715,6,0,6
1716,6,0,6
1717,8,1,8
1718,7,0,6
1719,8,1,8
1720,8,1,8
1721,6,0,6
1722,8,0,6
1723,6,1,8
1724,7,0,6
1725,3,6,3
1726,6,0,6
1727,5,3,5
1728,8,1,8
1729,6,0,6
1730,6,0,6
1731,2,2,2
1732,7,0,6
1733,8,1,8
1734,6,0,6
1735,6,0,6
1736,6,2,2
1737,6,0,6
1738,6,0,6
1739,8,1,8
1740,8,1,8
1741,8,1,8
1742,7,0,6
1743,8,0,6
1744,2,2,2
1745,2,2,2
1746,6,2,2
1747,7,0,6
1748,6,0,6
1749,6,0,6
1750,8,1,8
1751,6,0,6
1752,6,1,8
1753,5,0,6
1754,8,1,8
1755,6,0,6
1756,6,0,6
1757,8,1,8
1758,2,2,2
1759,6,1,8
1760,6,0,6
1761,6,0,6
1762,6,1,8
1763,8,0,6
1764,6,1,8
1765,8,0,6
1766,6,1,8
1767,8,1,8
1768,6,0,6
1769,8,1,8
1770,6,2,2
1771,7,0,6
1772,6,0,6
1773,7,0,6
1774,2,2,2
1775,7,0,6
1776,8,1,8
1777,6,4,1
1778,8,0,6
1779,7,0,6
1780,8,0,6
1781,8,0,6
1782,1,2,2
1783,8,1,8
1784,6,0,6
1785,2,2,2
1786,2,2,2
1787,8,1,8
1788,6,1,8
1789,2,2,2
1790,7,0,6
1791,8,1,8
1792,6,0,6
1793,8,0,6
1794,8,2,2
1795,7,0,6
1796,2,2,2
1797,6,0,6
1798,2,2,2
1799,6,2,2
1800,8,0,6
1801,8,1,8
1802,2,2,2
1803,8,1,8
1804,7,0,6
1805,5,3,5
1806,6,0,6
1807,8,1,8
1808,7,0,6
1809,5,3,5
1810,6,4,1
1811,7,0,6
1812,6,0,6
1813,8,1,8
1814,7,0,6
1815,2,2,2
1816,8,1,8
1817,2,2,2
1818,6,0,6
1819,2,2,2
1820,6,0,6
1821,6,2,2
1822,8,0,6
1823,7,0,6
1824,2,0,6
1825,2,2,2
1826,2,2,2
1827,5,3,5
1828,4,5,4
1829,6,2,2
1830,8,1,8
1831,8,0,6
1832,7,0,6
1833,6,0,6
1834,6,3,5
1835,7,0,6
1836,6,0,6
1837,6,1,8
1838,6,0,6
1839,6,0,6
1840,2,2,2
1841,7,0,6
1842,7,0,6
1843,3,6,3
1844,7,0,6
1845,6,0,6
1846,5,3,5
1847,6,0,6
1848,2,2,2
1849,2,2,2
1850,2,2,2
1851,8,0,6
1852,6,0,6
1853,8,1,8
1854,7,0,6
1855,7,0,6
1856,7,0,6
1857,6,0,6
1858,5,3,5
1859,6,0,6
1860,6,0,6
1861,8,1,8
1862,5,3,5
1863,7,0,6
1864,5,3,5
1865,6,0,6
1866,6,0,6
1867,2,2,2
1868,2,0,6
1869,1,4,1
1870,8,0,6
1871,6,1,8
1872,4,5,4
1873,6,0,6
1874,6,0,6
1875,8,1,8
1876,6,0,6
1877,5,3,5
1878,6,2,2
1879,8,1,8
1880,2,2,2
1881,6,1,8
1882,8,1,8
1883,8,1,8
1884,3,6,3
1885,2,0,6
1886,8,0,6
1887,2,2,2
1888,2,2,2
1889,6,0,6
1890,6,4,1
1891,0,7,0
1892,6,0,6
1893,7,0,6
1894,6,0,6
1895,5,3,5
1896,7,0,6
1897,8,1,8
1898,6,1,8
1899,2,2,2
1900,5,3,5
1901,7,0,6
1902,2,2,2
1903,7,0,6
1904,4,5,4
1905,2,2,2
1906,2,2,2
1907,2,2,2
1908,7,0,6
1909,5,3,5
1910,6,0,6
1911,2,2,2
1912,8,1,8
1913,8,1,8
1914,1,4,1
1915,4,5,4
1916,6,0,6
1917,0,7,0
1918,8,1,8
1919,8,1,8
1920,7,0,6
1921,1,4,1
1922,6,0,6
1923,8,1,8
1924,5,3,5
1925,4,5,4
1926,2,1,8
1927,5,3,5
1928,8,1,8
1929,2,2,2
1930,0,7,0
1931,2,0,6
1932,8,0,6
1933,5,3,5
1934,8,1,8
1935,6,0,6
1936,6,0,6
1937,6,0,6
1938,5,3,5
1939,2,2,2
1940,8,1,8
1941,5,3,5
1942,6,0,6
1943,4,5,4
1944,8,1,8
1945,8,1,8
1946,1,4,1
1947,8,1,8
1948,6,0,6
1949,8,1,8
1950,6,2,2
1951,8,1,8
1952,6,1,8
1953,8,1,8
1954,7,0,6
1955,5,3,5
1956,2,2,2
1957,6,0,6
1958,6,0,6
1959,8,1,8
1960,2,2,2
1961,6,0,6
1962,8,1,8
1963,7,0,6
1964,8,1,8
1965,7,0,6
1966,7,0,6
1967,2,2,2
1968,2,2,2
1969,7,0,6
1970,7,0,6
1971,8,1,8
1972,7,0,6
1973,7,0,6
1974,5,3,5
1975,8,0,6
1976,7,0,6
1977,8,1,8
1978,8,0,6
1979,7,0,6
1980,2,2,2
1981,2,2,2
1982,6,1,8
1983,7,0,6
1984,7,0,6
1985,8,1,8
1986,8,1,8
1987,1,2,2
1988,8,1,8
1989,5,3,5
1990,5,3,5
1991,7,0,6
1992,2,2,2
1993,6,0,6
1994,7,0,6
1995,6,0,6
1996,2,2,2
1997,5,3,5
1998,2,2,2
1999,6,2,2
2000,2,2,2
2001,6,0,6
2002,6,0,6
2003,6,3,5
2004,6,0,6
2005,4,5,4
2006,8,1,8
2007,7,0,6
2008,6,1,8
2009,7,0,6
2010,6,0,6
2011,6,0,6
2012,8,1,8
2013,6,0,6
2014,2,2,2
2015,7,0,6
2016,6,1,8
2017,8,1,8
2018,8,1,8
2019,8,1,8
2020,4,5,4
2021,8,1,8
2022,6,1,8
2023,6,0,6
2024,6,0,6
2025,7,0,6
2026,2,0,6
2027,8,1,8
2028,5,3,5
2029,6,0,6
2030,6,0,6
2031,2,2,2
2032,2,0,6
2033,2,2,2
2034,2,2,2
2035,2,2,2
2036,7,0,6
2037,8,1,8
2038,8,1,8
2039,5,3,5
2040,2,2,2
2041,8,1,8
2042,6,0,6
2043,8,1,8
2044,8,1,8
2045,5,1,8
2046,5,3,5
2047,7,0,6
2048,4,5,4
2049,2,2,2
2050,6,0,6
2051,5,3,5
2052,6,0,6
2053,2,2,2
2054,2,2,2
2055,5,3,5
2056,5,3,5
2057,2,2,2
2058,8,4,1
2059,6,0,6
2060,6,4,1
2061,5,3,5
2062,5,3,5
2063,5,3,5
2064,8,1,8
2065,6,0,6
2066,5,3,5
2067,5,3,5
2068,6,0,6
2069,8,1,8
2070,7,0,6
2071,6,1,8
2072,5,3,5
2073,2,2,2
2074,6,0,6
2075,8,1,8
2076,2,2,2
2077,7,0,6
2078,7,0,6
2079,6,1,8
2080,7,0,6
2081,6,0,6
2082,2,2,2
2083,6,0,6
2084,3,6,3
2085,8,1,8
2086,6,0,6
2087,6,0,6
2088,5,3,5
2089,7,0,6
2090,2,2,2
2091,6,0,6
2092,1,4,1
2093,7,0,6
2094,8,1,8
2095,2,2,2
2096,7,0,6
2097,6,1,8
2098,5,3,5
2099,7,0,6
2100,5,3,5
2101,2,2,2
2102,8,1,8
2103,2,2,2
2104,5,3,5
2105,6,0,6
2106,6,0,6
2107,2,2,2
2108,5,3,5
2109,2,2,2
2110,8,1,8
2111,1,4,1
2112,2,0,6
2113,5,3,5
2114,6,0,6
2115,6,0,6
2116,6,0,6
2117,6,1,8
2118,8,1,8
2119,7,0,6
2120,0,7,0
2121,7,0,6
2122,8,1,8
2123,6,0,6
2124,8,1,8
2125,2,0,6
2126,8,1,8
2127,8,1,8
2128,2,2,2
2129,2,2,2
2130,8,1,8
2131,6,0,6
2132,6,0,6
2133,6,0,6
2134,6,1,8
2135,8,1,8
2136,8,1,8
2137,7,0,6
2138,8,1,8
2139,5,3,5
2140,6,0,6
2141,7,0,6
2142,2,2,2
2143,8,1,8
2144,7,0,6
2145,5,3,5
2146,8,1,8
2147,6,1,8
2148,8,1,8
2149,5,3,5
2150,7,0,6
2151,6,0,6
2152,8,1,8
2153,5,3,5
2154,7,0,6
2155,8,1,8
2156,8,1,8
2157,2,2,2
2158,6,4,1
2159,7,0,6
2160,8,1,8
2161,1,4,1
2162,0,7,0
2163,6,0,6
2164,6,4,1
2165,6,0,6
2166,5,3,5
2167,5,0,6
2168,7,0,6
2169,6,4,1
2170,6,0,6
2171,6,0,6
2172,6,0,6
2173,8,1,8
2174,8,1,8
2175,6,0,6
2176,1,0,6
2177,4,5,4
2178,7,0,6
2179,1,4,1
2180,7,0,6
2181,4,5,4
2182,8,1,8
2183,8,1,8
2184,8,1,8
2185,6,0,6
2186,6,0,6
2187,6,0,6
2188,6,0,6
2189,6,3,5
2190,8,1,8
2191,6,0,6
2192,8,1,8
2193,7,0,6
2194,8,1,8
2195,6,0,6
2196,8,1,8
2197,8,1,8
2198,5,3,5
2199,2,2,2
2200,8,1,8
2201,2,2,2
2202,5,3,5
2203,8,1,8
2204,2,2,2
2205,8,1,8
2206,6,0,6
2207,8,1,8
2208,1,1,8
2209,7,0,6
2210,8,1,8
2211,1,1,8
2212,7,0,6
2213,6,0,6
2214,5,3,5
2215,6,1,8
2216,7,0,6
2217,7,0,6
2218,7,0,6
2219,7,0,6
2220,7,0,6
2221,1,4,1
2222,4,0,6
2223,2,2,2
2224,8,1,8
2225,7,0,6
2226,5,3,5
2227,6,0,6
2228,8,1,8
2229,5,3,5
2230,2,2,2
2231,6,1,8
2232,6,0,6
2233,8,1,8
2234,8,1,8
2235,2,2,2
2236,6,0,6
2237,8,1,8
2238,5,3,5
2239,4,5,4
2240,2,2,2
2241,6,0,6
2242,8,1,8
2243,5,3,5
2244,7,0,6
2245,7,0,6
2246,8,1,8
2247,6,0,6
2248,8,1,8
2249,8,1,8
2250,8,0,6
2251,3,6,3
2252,8,1,8
2253,6,0,6
2254,6,0,6
2255,6,2,2
2256,6,0,6
2257,2,2,2
2258,8,1,8
2259,8,1,8
2260,6,0,6
2261,5,3,5
2262,4,5,4
2263,8,1,8
2264,6,0,6
2265,6,0,6
2266,8,1,8
2267,5,3,5
2268,6,0,6
2269,8,1,8
2270,5,3,5
2271,7,0,6
2272,2,2,2
2273,6,4,1
2274,1,2,2
2275,6,0,6
2276,8,1,8
2277,6,0,6
2278,6,0,6
2279,6,0,6
2280,6,1,8
2281,5,2,2
2282,4,5,4
2283,2,2,2
2284,7,0,6
2285,5,0,6
2286,4,1,8
2287,7,0,6
2288,7,0,6
2289,6,0,6
2290,6,0,6
2291,6,0,6
2292,7,0,6
2293,8,1,8
2294,6,0,6
2295,5,3,5
2296,2,2,2
2297,1,6,3
2298,8,1,8
2299,8,1,8
2300,7,0,6
2301,7,0,6
2302,8,0,6
2303,2,2,2
2304,5,3,5
2305,8,1,8
2306,7,0,6
2307,2,2,2
2308,7,0,6
2309,6,1,8
2310,8,1,8
2311,6,1,8
2312,8,1,8
2313,5,3,5
2314,5,0,6
2315,7,0,6
2316,8,1,8
2317,2,2,2
2318,6,1,8
2319,6,0,6
2320,6,3,5
2321,1,4,1
2322,8,1,8
2323,6,4,1
2324,8,0,6
2325,1,4,1
2326,5,3,5
2327,2,2,2
2328,1,4,1
2329,8,1,8
2330,6,0,6
2331,8,1,8
2332,1,4,1
2333,6,4,1
2334,8,1,8
2335,6,1,8
2336,2,2,2
2337,6,0,6
2338,2,2,2
2339,6,0,6
2340,1,4,1
2341,5,3,5
2342,6,1,8
2343,5,3,5
2344,2,2,2
2345,8,1,8
2346,8,1,8
2347,6,0,6
2348,2,0,6
2349,8,1,8
2350,8,0,6
2351,5,3,5
2352,2,1,8
2353,7,0,6
2354,8,1,8
2355,6,0,6
2356,7,0,6
2357,8,1,8
2358,8,1,8
2359,5,3,5
2360,8,1,8
2361,7,0,6
2362,5,3,5
2363,7,0,6
2364,6,0,6
2365,8,1,8
2366,8,4,1
2367,1,0,6
2368,8,1,8
2369,5,3,5
2370,5,3,5
2371,6,0,6
2372,8,1,8
2373,8,1,8
2374,8,1,8
2375,5,3,5
2376,8,1,8
2377,1,4,1
2378,7,0,6
2379,7,0,6
2380,8,1,8
2381,6,0,6
2382,7,2,2
2383,2,2,2
2384,6,0,6
2385,6,4,1
2386,5,3,5
2387,2,2,2
2388,8,1,8
2389,3,1,8
2390,5,3,5
2391,6,0,6
2392,6,1,8
2393,8,1,8
2394,8,1,8
2395,6,1,8
2396,6,0,6
2397,8,1,8
2398,1,1,8
2399,8,1,8
2400,8,1,8
2401,7,0,6
2402,8,1,8
2403,5,3,5
2404,2,2,2
2405,2,2,2
2406,6,0,6
2407,1,2,2
2408,2,2,2
2409,6,0,6
2410,7,0,6
2411,6,0,6
2412,5,3,5
2413,8,1,8
2414,6,4,1
2415,2,2,2
2416,6,0,6
2417,0,7,0
2418,8,2,2
2419,2,2,2
2420,7,0,6
2421,8,1,8
2422,5,3,5
2423,5,3,5
2424,8,1,8
2425,6,0,6
2426,8,1,8
2427,6,4,1
2428,7,0,6
2429,8,1,8
2430,6,0,6
2431,6,0,6
2432,7,0,6
2433,2,2,2
2434,6,0,6
2435,2,2,2
2436,2,2,2
2437,5,3,5
2438,6,1,8
2439,2,2,2
2440,8,1,8
2441,5,3,5
2442,8,0,6
2443,8,1,8
2444,6,0,6
2445,8,1,8
2446,5,3,5
2447,6,3,5
2448,2,2,2
2449,6,0,6
2450,6,0,6
2451,8,1,8
2452,8,1,8
2453,2,2,2
2454,6,1,8
2455,7,0,6
2456,8,0,6
2457,6,1,8
2458,6,0,6
2459,2,1,8
2460,7,0,6
2461,2,2,2
2462,7,0,6
2463,0,7,0
2464,7,0,6
2465,6,0,6
2466,6,1,8
2467,8,0,6
2468,2,2,2
2469,7,0,6
2470,1,4,1
2471,2,2,2
2472,8,0,6
2473,6,2,2
2474,5,3,5
2475,8,1,8
2476,6,0,6
2477,6,1,8
2478,6,0,6
2479,6,0,6
2480,8,1,8
2481,6,0,6
2482,8,1,8
2483,8,1,8
2484,8,1,8
2485,2,2,2
2486,7,0,6
2487,8,1,8
2488,8,1,8
2489,8,1,8
2490,6,2,2
2491,5,3,5
2492,8,1,8
2493,7,0,6
2494,8,1,8
2495,5,3,5
2496,2,2,2
2497,1,4,1
2498,2,0,6
2499,8,1,8
2500,6,0,6
2501,7,0,6
2502,8,0,6
2503,8,1,8
2504,6,0,6
2505,7,0,6
2506,6,0,6
2507,7,0,6
2508,6,0,6
2509,7,0,6
2510,2,2,2
2511,6,0,6
2512,6,0,6
2513,5,3,5
2514,7,0,6
2515,5,3,5
2516,6,1,8
2517,7,0,6
2518,6,0,6
2519,8,1,8
2520,4,5,4
2521,6,1,8
2522,6,0,6
2523,6,0,6
2524,5,3,5
2525,8,1,8
2526,2,2,2
2527,4,5,4
2528,7,0,6
2529,6,2,2
2530,7,0,6
2531,6,0,6
2532,2,2,2
2533,8,0,6
2534,2,2,2
2535,8,1,8
2536,2,2,2
2537,5,3,5
2538,2,0,6
2539,8,1,8
2540,5,3,5
2541,6,4,1
2542,6,4,1
2543,6,0,6
2544,5,3,5
2545,6,0,6
2546,7,0,6
2547,6,3,5
2548,6,1,8
2549,6,0,6
2550,6,0,6
2551,6,0,6
2552,7,0,6
2553,8,1,8
2554,8,1,8
2555,2,2,2
2556,8,1,8
2557,8,1,8
2558,8,1,8
2559,6,4,1
2560,1,0,6
2561,7,0,6
2562,6,0,6
2563,8,1,8
2564,5,3,5
2565,4,0,6
2566,6,0,6
2567,2,2,2
2568,6,0,6
2569,6,4,1
2570,2,2,2
2571,6,0,6
2572,7,0,6
2573,8,1,8
2574,6,1,8
2575,2,2,2
2576,6,0,6
2577,6,1,8
2578,2,2,2
2579,6,0,6
2580,8,1,8
2581,6,1,8
2582,2,2,2
2583,1,0,6
2584,5,3,5
2585,8,1,8
2586,6,0,6
2587,6,0,6
2588,8,1,8
2589,7,0,6
2590,6,1,8
2591,8,1,8
2592,8,1,8
2593,6,0,6
2594,8,1,8
2595,6,0,6
2596,7,0,6
2597,5,3,5
2598,8,1,8
2599,7,0,6
2600,6,0,6
2601,4,5,4
2602,8,0,6
2603,8,0,6
2604,8,1,8
2605,6,0,6
2606,7,0,6
2607,2,2,2
2608,6,0,6
2609,6,0,6
2610,8,0,6
2611,8,1,8
2612,1,4,1
2613,1,2,2
2614,8,1,8
2615,6,0,6
2616,5,3,5
2617,8,1,8
2618,6,0,6
2619,8,0,6
2620,5,3,5
2621,6,0,6
2622,8,1,8
2623,1,0,6
2624,8,1,8
2625,6,0,6
2626,7,0,6
2627,1,0,6
2628,1,4,1
2629,6,1,8
2630,8,0,6
2631,2,2,2
2632,8,0,6
2633,6,0,6
2634,6,0,6
2635,8,1,8
2636,6,0,6
2637,8,1,8
2638,8,1,8
2639,8,1,8
2640,6,1,8
2641,6,0,6
2642,6,0,6
2643,7,0,6
2644,4,5,4
2645,8,1,8
2646,8,1,8
2647,6,0,6
2648,8,1,8
2649,1,4,1
2650,1,2,2
2651,8,1,8
2652,8,1,8
2653,7,0,6
2654,5,0,6
2655,7,0,6
2656,7,0,6
2657,5,3,5
2658,8,1,8
2659,6,1,8
2660,8,1,8
2661,7,0,6
2662,8,1,8
2663,2,0,6
2664,1,0,6
2665,6,0,6
2666,7,0,6
2667,2,0,6
2668,6,0,6
2669,7,0,6
2670,8,1,8
2671,8,0,6
2672,6,0,6
2673,6,0,6
2674,7,0,6
2675,2,2,2
2676,6,1,8
2677,7,0,6
2678,8,0,6
2679,8,1,8
2680,6,0,6
2681,2,2,2
2682,8,1,8
2683,5,3,5
2684,8,1,8
2685,8,1,8
2686,8,0,6
2687,6,0,6
2688,2,2,2
2689,2,2,2
2690,8,1,8
2691,8,1,8
2692,6,0,6
2693,5,3,5
2694,7,0,6
2695,2,2,2
2696,2,2,2
2697,6,0,6
2698,8,1,8
2699,6,1,8
2700,2,2,2
2701,6,0,6
2702,6,0,6
2703,8,0,6
2704,1,4,1
2705,6,0,6
2706,2,2,2
2707,6,0,6
2708,6,1,8
2709,2,2,2
2710,4,5,4
2711,5,3,5
2712,7,0,6
2713,6,1,8
2714,8,0,6
2715,6,1,8
2716,7,0,6
2717,6,2,2
2718,8,1,8
2719,7,0,6
2720,6,1,8
2721,7,0,6
2722,8,0,6
2723,8,0,6
2724,7,4,1
2725,4,5,4
2726,6,0,6
2727,8,1,8
2728,2,2,2
2729,2,2,2
2730,7,0,6
2731,6,0,6
2732,7,4,1
2733,5,3,5
2734,7,0,6
2735,7,0,6
2736,2,2,2
2737,0,7,0
2738,6,0,6
2739,7,0,6
2740,7,0,6
2741,2,2,2
2742,4,5,4
2743,6,0,6
2744,8,1,8
2745,8,0,6
2746,6,0,6
2747,1,1,8
2748,6,0,6
2749,6,0,6
2750,7,0,6
2751,8,1,8
2752,6,0,6
2753,8,0,6
2754,6,0,6
2755,2,2,2
2756,7,0,6
2757,2,2,2
2758,6,1,8
2759,6,0,6
2760,8,1,8
2761,5,3,5
2762,1,4,1
2763,2,2,2
2764,6,0,6
2765,8,1,8
2766,8,1,8
2767,8,1,8
2768,6,0,6
2769,1,4,1
2770,7,0,6
2771,6,0,6
2772,6,0,6
2773,8,1,8
2774,7,0,6
2775,7,1,8
2776,6,0,6
2777,8,1,8
2778,6,3,5
2779,2,2,2
2780,2,2,2
2781,7,0,6
2782,6,0,6
2783,4,5,4
2784,8,1,8
2785,2,2,2
2786,8,1,8
2787,7,0,6
2788,8,1,8
2789,7,0,6
2790,1,4,1
2791,8,1,8
2792,6,0,6
2793,6,1,8
2794,5,3,5
2795,7,0,6
2796,5,0,6
2797,6,0,6
2798,3,6,3
2799,7,1,8
2800,6,2,2
2801,2,2,2
2802,6,0,6
2803,8,1,8
2804,8,1,8
2805,5,1,8
2806,7,0,6
2807,8,1,8
2808,8,1,8
2809,6,0,6
2810,7,0,6
2811,3,6,3
2812,6,0,6
2813,6,0,6
2814,8,1,8
2815,6,0,6
2816,8,1,8
2817,6,0,6
2818,0,7,0
2819,6,0,6
2820,8,1,8
2821,6,1,8
2822,8,1,8
2823,7,0,6
2824,6,0,6
2825,6,0,6
2826,8,1,8
2827,7,0,6
2828,5,3,5
2829,5,3,5
2830,6,0,6
2831,8,0,6
2832,7,0,6
2833,6,0,6
2834,6,0,6
2835,6,0,6
2836,8,1,8
2837,8,1,8
2838,4,5,4
2839,8,1,8
2840,6,0,6
2841,8,1,8
2842,7,0,6
2843,7,0,6
2844,6,4,1
2845,8,1,8
2846,6,1,8
2847,2,2,2
2848,1,4,1
2849,7,0,6
2850,8,1,8
2851,7,0,6
2852,5,3,5
2853,6,5,4
2854,6,1,8
2855,8,0,6
2856,5,3,5
2857,4,5,4
2858,5,3,5
2859,7,0,6
2860,7,0,6
2861,2,2,2
2862,6,1,8
2863,7,0,6
2864,8,1,8
2865,7,0,6
2866,8,1,8
2867,6,0,6
2868,1,4,1
2869,2,2,2
2870,6,0,6
2871,6,0,6
2872,8,1,8
2873,5,3,5
2874,2,2,2
2875,2,2,2
2876,2,2,2
2877,5,0,6
2878,7,0,6
2879,6,0,6
2880,6,1,8
2881,8,1,8
2882,5,3,5
2883,4,0,6
2884,8,1,8
2885,8,1,8
2886,1,0,6
2887,5,3,5
2888,2,2,2
2889,7,0,6
2890,4,5,4
2891,2,2,2
2892,2,2,2
2893,8,1,8
2894,7,0,6
2895,7,0,6
2896,8,1,8
2897,6,0,6
2898,5,3,5
2899,7,0,6
2900,8,1,8
2901,5,3,5
2902,2,2,2
2903,2,2,2
2904,7,0,6
2905,6,0,6
2906,8,0,6
2907,8,1,8
2908,2,2,2
2909,7,0,6
2910,6,0,6
2911,6,1,8
2912,8,1,8
2913,2,2,2
2914,8,1,8
2915,7,0,6
2916,6,1,8
2917,8,0,6
2918,5,3,5
2919,7,0,6
2920,8,1,8
2921,7,0,6
2922,5,3,5
2923,7,0,6
2924,2,2,2
2925,8,0,6
2926,7,0,6
2927,6,0,6
2928,2,2,2
2929,6,0,6
2930,5,3,5
2931,2,2,2
2932,7,0,6
2933,5,3,5
2934,7,0,6
2935,1,4,1
2936,8,1,8
2937,7,0,6
2938,2,2,2
2939,2,2,2
2940,7,0,6
2941,6,0,6
2942,7,0,6
2943,6,0,6
2944,2,2,2
2945,5,3,5
2946,7,1,8
2947,5,3,5
2948,4,5,4
2949,6,1,8
2950,6,1,8
2951,2,2,2
2952,1,2,2
2953,6,0,6
2954,5,3,5
2955,6,0,6
2956,7,0,6
2957,6,0,6
2958,2,2,2
2959,6,2,2
2960,8,1,8
2961,6,0,6
2962,8,1,8
2963,8,1,8
2964,6,0,6
2965,7,0,6
2966,6,0,6
2967,7,0,6
2968,2,2,2
2969,8,1,8
2970,6,0,6
2971,6,0,6
2972,7,0,6
2973,6,1,8
2974,6,0,6
2975,6,1,8
2976,4,5,4
2977,7,0,6
2978,6,0,6
2979,5,3,5
2980,5,3,5
2981,6,1,8
2982,6,0,6
2983,3,6,3
2984,8,1,8
2985,2,2,2
2986,7,0,6
2987,6,1,8
2988,6,1,8
2989,7,1,8
2990,5,3,5
2991,8,1,8
2992,6,1,8
2993,7,0,6
2994,8,1,8
2995,5,3,5
2996,8,1,8
2997,8,1,8
2998,6,0,6
2999,8,1,8
3000,6,0,6
3001,8,1,8
3002,5,3,5
3003,2,2,2
3004,6,0,6
3005,6,1,8
3006,7,0,6
3007,8,1,8
3008,6,0,6
3009,1,4,1
3010,6,0,6
3011,2,2,2
3012,8,1,8
3013,6,0,6
3014,2,2,2
3015,2,0,6
3016,6,0,6
3017,5,3,5
3018,5,3,5
3019,2,2,2
3020,8,1,8
3021,8,1,8
3022,6,3,5
3023,6,0,6
3024,5,3,5
3025,2,2,2
3026,6,0,6
3027,5,3,5
3028,8,1,8
3029,8,1,8
3030,8,1,8
3031,6,0,6
3032,6,0,6
3033,6,1,8
3034,8,1,8
3035,8,1,8
3036,6,0,6
3037,2,2,2
3038,8,1,8
3039,4,5,4
3040,5,3,5
3041,7,0,6
3042,6,2,2
3043,8,1,8
3044,2,2,2
3045,8,1,8
3046,8,1,8
3047,7,0,6
3048,8,1,8
3049,2,2,2
3050,2,2,2
3051,5,3,5
3052,7,8,7
3053,8,0,6
3054,5,1,8
3055,6,0,6
3056,8,1,8
3057,5,3,5
3058,8,1,8
3059,2,2,2
3060,6,0,6
3061,5,3,5
3062,2,2,2
3063,2,2,2
3064,5,3,5
3065,6,0,6
3066,7,0,6
3067,6,0,6
3068,8,1,8
3069,6,0,6
3070,7,0,6
3071,5,3,5
3072,0,7,0
3073,6,0,6
3074,6,2,2
3075,7,0,6
3076,7,0,6
3077,7,0,6
3078,8,1,8
3079,6,2,2
3080,6,1,8
3081,2,0,6
3082,7,0,6
3083,8,1,8
3084,2,2,2
3085,6,0,6
3086,6,0,6
3087,7,4,1
3088,8,1,8
3089,7,0,6
3090,6,0,6
3091,7,0,6
3092,6,0,6
3093,1,4,1
3094,5,3,5
3095,6,0,6
3096,6,0,6
3097,7,0,6
3098,6,0,6
3099,6,0,6
3100,8,1,8
3101,2,2,2
3102,8,4,1
3103,8,1,8
3104,6,5,4
3105,6,4,1
3106,8,1,8
3107,8,1,8
3108,6,2,2
3109,6,4,1
3110,6,0,6
3111,7,0,6
3112,6,0,6
3113,7,0,6
3114,8,1,8
3115,6,2,2
3116,8,1,8
3117,6,0,6
3118,6,0,6
3119,8,1,8
3120,6,0,6
3121,8,1,8
3122,5,3,5
3123,7,0,6
3124,6,1,8
3125,2,2,2
3126,2,0,6
3127,8,1,8
3128,6,0,6
3129,7,0,6
3130,2,2,2
3131,8,1,8
3132,8,0,6
3133,8,1,8
3134,7,0,6
3135,6,0,6
3136,8,1,8
3137,8,1,8
3138,6,0,6
3139,2,2,2
3140,7,0,6
3141,2,1,8
3142,8,1,8
3143,6,0,6
3144,8,1,8
3145,6,1,8
3146,7,0,6
3147,6,0,6
3148,8,4,1
3149,8,1,8
3150,8,1,8
3151,8,1,8
3152,8,1,8
3153,7,0,6
3154,0,7,0
3155,5,0,6
3156,6,0,6
3157,8,1,8
3158,8,1,8
3159,7,0,6
3160,2,2,2
3161,8,0,6
3162,8,1,8
3163,7,0,6
3164,8,1,8
3165,6,1,8
3166,7,0,6
3167,2,2,2
3168,8,1,8
3169,7,0,6
3170,8,1,8
3171,8,1,8
3172,7,0,6
3173,6,0,6
3174,7,0,6
3175,6,0,6
3176,1,2,2
3177,8,2,2
3178,3,6,3
3179,7,0,6
3180,5,3,5
3181,7,0,6
3182,0,7,0
3183,7,0,6
3184,2,2,2
3185,2,2,2
3186,6,1,8
3187,8,1,8
3188,4,0,6
3189,2,2,2
3190,6,1,8
3191,2,2,2
3192,6,0,6
3193,6,0,6
3194,7,0,6
3195,5,3,5
3196,6,0,6
3197,8,1,8
3198,2,2,2
3199,6,0,6
3200,8,1,8
3201,5,3,5
3202,6,0,6
3203,6,0,6
3204,5,3,5
3205,7,0,6
3206,6,4,1
3207,8,1,8
3208,8,1,8
3209,6,2,2
3210,2,2,2
3211,8,1,8
3212,7,0,6
3213,8,1,8
3214,7,0,6
3215,7,0,6
3216,5,3,5
3217,2,2,2
3218,6,0,6
3219,7,0,6
3220,6,0,6
3221,6,0,6
3222,1,4,1
3223,6,0,6
3224,6,0,6
3225,5,3,5
3226,0,7,0
3227,4,5,4
3228,2,2,2
3229,6,0,6
3230,8,1,8
3231,8,1,8
3232,6,0,6
3233,2,2,2
3234,6,0,6
3235,6,1,8
3236,7,0,6
3237,7,0,6
3238,1,4,1
3239,8,1,8
3240,6,0,6
3241,7,0,6
3242,6,0,6
3243,8,1,8
3244,8,1,8
3245,7,0,6
3246,7,0,6
3247,7,0,6
3248,6,1,8
3249,1,4,1
3250,7,0,6
3251,8,1,8
3252,7,0,6
3253,8,1,8
3254,5,3,5
3255,6,0,6
3256,2,2,2
3257,6,0,6
3258,6,2,2
3259,7,0,6
3260,8,1,8
3261,2,2,2
3262,2,0,6
3263,2,2,2
3264,7,0,6
3265,6,0,6
3266,7,0,6
3267,4,5,4
3268,8,1,8
3269,6,1,8
3270,2,2,2
3271,5,3,5
3272,6,1,8
3273,6,0,6
3274,8,1,8
3275,6,1,8
3276,8,1,8
3277,6,0,6
3278,7,0,6
3279,5,3,5
3280,7,0,6
3281,4,5,4
3282,6,1,8
3283,8,1,8
3284,6,0,6
3285,6,0,6
3286,5,2,2
3287,5,3,5
3288,2,2,2
3289,5,3,5
3290,6,3,5
3291,6,0,6
3292,7,4,1
3293,6,1,8
3294,7,0,6
3295,7,0,6
3296,7,0,6
3297,8,1,8
3298,2,2,2
3299,6,0,6
3300,0,7,0
3301,6,0,6
3302,6,0,6
3303,8,1,8
3304,1,4,1
3305,6,0,6
3306,8,1,8
3307,6,0,6
3308,8,1,8
3309,6,0,6
3310,7,0,6
3311,8,2,2
3312,3,6,3
3313,2,2,2
3314,6,0,6
3315,3,6,3
3316,8,0,6
3317,8,1,8
3318,6,0,6
3319,8,0,6
3320,2,2,2
3321,6,0,6
3322,5,3,5
3323,8,1,8
3324,5,3,5
3325,2,0,6
3326,6,4,1
3327,6,0,6
3328,8,1,8
3329,7,0,6
3330,7,0,6
3331,6,0,6
3332,6,0,6
3333,6,0,6
3334,6,0,6
3335,6,0,6
3336,2,2,2
3337,2,2,2
3338,8,1,8
3339,5,3,5
3340,5,3,5
3341,7,4,1
3342,8,1,8
3343,6,1,8
3344,2,2,2
3345,8,1,8
3346,8,1,8
3347,1,4,1
3348,7,0,6
3349,6,0,6
3350,6,1,8
3351,8,1,8
3352,8,1,8
3353,8,1,8
3354,8,1,8
3355,7,0,6
3356,5,3,5
3357,7,0,6
3358,2,2,2
3359,6,0,6
3360,2,2,2
3361,2,2,2
3362,4,5,4
3363,2,2,2
3364,6,2,2
3365,3,6,3
3366,1,4,1
3367,6,0,6
3368,6,0,6
3369,4,4,1
3370,6,0,6
3371,1,4,1
3372,6,0,6
3373,2,2,2
3374,6,0,6
3375,2,2,2
3376,2,2,2
3377,8,1,8
3378,6,0,6
3379,7,1,8
3380,0,7,0
3381,6,2,2
3382,6,2,2
3383,7,0,6
3384,6,0,6
3385,5,3,5
3386,6,0,6
3387,7,1,8
3388,5,3,5
3389,2,2,2
3390,4,5,4
3391,8,1,8
3392,1,4,1
3393,8,1,8
3394,7,0,6
3395,5,3,5
3396,6,0,6
3397,2,2,2
3398,2,0,6
3399,8,1,8
3400,2,2,2
3401,6,0,6
3402,2,2,2
3403,6,0,6
3404,4,5,4
3405,8,1,8
3406,8,1,8
3407,7,0,6
3408,6,0,6
3409,8,0,6
3410,6,0,6
3411,1,4,1
3412,5,0,6
3413,7,0,6
3414,6,3,5
3415,2,2,2
3416,2,2,2
3417,2,2,2
3418,5,3,5
3419,6,0,6
3420,6,0,6
3421,2,2,2
3422,6,4,1
3423,6,0,6
3424,2,2,2
3425,4,5,4
3426,8,1,8
3427,2,2,2
3428,8,1,8
3429,2,2,2
3430,1,1,8
3431,7,0,6
3432,2,2,2
3433,6,1,8
3434,6,0,6
3435,7,0,6
3436,7,1,8
3437,5,3,5
3438,0,7,0
3439,6,0,6
3440,7,0,6
3441,8,1,8
3442,5,3,5
3443,7,0,6
3444,5,3,5
3445,8,1,8
3446,8,1,8
3447,4,5,4
3448,6,0,6
3449,5,3,5
3450,8,1,8
3451,5,0,6
3452,6,2,2
3453,8,1,8
3454,7,0,6
3455,7,1,8
3456,8,1,8
3457,2,2,2
3458,1,1,8
3459,8,1,8
3460,2,2,2
3461,2,2,2
3462,6,0,6
3463,1,0,6
3464,5,3,5
3465,8,1,8
3466,6,1,8
3467,2,2,2
3468,5,3,5
3469,6,1,8
3470,5,3,5
3471,7,0,6
3472,7,0,6
3473,7,0,6
3474,3,6,3
3475,5,3,5
3476,6,0,6
3477,5,3,5
3478,7,0,6
3479,5,3,5
3480,8,1,8
3481,8,1,8
3482,7,0,6
3483,6,0,6
3484,2,2,2
3485,8,1,8
3486,7,0,6
3487,8,1,8
3488,6,1,8
3489,7,0,6
3490,6,2,2
3491,8,1,8
3492,7,0,6
3493,7,0,6
3494,1,4,1
3495,2,2,2
3496,5,3,5
3497,2,2,2
3498,2,2,2
3499,8,1,8
3500,6,0,6
3501,6,0,6
3502,6,0,6
3503,6,0,6
3504,8,0,6
3505,2,2,2
3506,1,3,5
3507,2,2,2
3508,8,1,8
3509,8,1,8
3510,2,0,6
3511,8,1,8
3512,8,1,8
3513,5,3,5
3514,8,1,8
3515,6,0,6
3516,8,1,8
3517,7,0,6
3518,6,0,6
3519,7,0,6
3520,7,0,6
3521,6,0,6
3522,2,2,2
3523,8,1,8
3524,6,0,6
3525,7,0,6
3526,8,1,8
3527,6,0,6
3528,8,0,6
3529,6,0,6
3530,6,0,6
3531,6,0,6
3532,6,0,6
3533,7,0,6
3534,5,3,5
3535,6,0,6
3536,6,0,6
3537,2,1,8
3538,7,0,6
3539,8,1,8
3540,6,0,6
3541,5,3,5
3542,2,2,2
3543,5,1,8
3544,3,6,3
3545,7,0,6
3546,5,3,5
3547,7,0,6
3548,8,1,8
3549,8,1,8
3550,7,0,6
3551,2,2,2
3552,7,0,6
3553,7,0,6
3554,6,0,6
3555,2,2,2
3556,2,2,2
3557,8,1,8
3558,8,1,8
3559,7,0,6
3560,8,1,8
3561,8,1,8
3562,2,2,2
3563,7,4,1
3564,8,1,8
3565,7,0,6
3566,6,0,6
3567,6,3,5
3568,6,3,5
3569,5,3,5
3570,8,1,8
3571,7,0,6
3572,8,0,6
3573,6,7,0
3574,2,0,6
3575,1,0,6
3576,7,0,6
3577,5,3,5
3578,2,2,2
3579,8,1,8
3580,5,3,5
3581,7,0,6
3582,6,0,6
3583,7,0,6
3584,1,4,1
3585,8,1,8
3586,8,1,8
3587,2,2,2
3588,8,1,8
3589,8,1,8
3590,8,1,8
3591,6,0,6
3592,5,3,5
3593,8,1,8
3594,6,0,6
3595,6,0,6
3596,6,0,6
3597,8,4,1
3598,1,4,1
3599,6,1,8
3600,7,0,6
3601,7,0,6
3602,7,0,6
3603,7,0,6
3604,6,0,6
3605,6,4,1
3606,7,0,6
3607,5,3,5
3608,1,1,8
3609,6,0,6
3610,6,0,6
3611,7,0,6
3612,6,1,8
3613,2,2,2
3614,4,5,4
3615,5,3,5
3616,7,1,8
3617,7,0,6
3618,2,2,2
3619,6,1,8
3620,8,1,8
3621,8,0,6
3622,7,0,6
3623,8,1,8
3624,8,1,8
3625,5,0,6
3626,7,0,6
3627,8,1,8
3628,8,1,8
3629,2,2,2
3630,7,0,6
3631,8,1,8
3632,6,1,8
3633,8,0,6
3634,8,1,8
3635,8,1,8
3636,5,3,5
3637,6,0,6
3638,8,1,8
3639,8,1,8
3640,8,1,8
3641,8,1,8
3642,8,1,8
3643,6,0,6
3644,8,1,8
3645,8,1,8
3646,7,4,1
3647,6,0,6
3648,8,2,2
3649,8,1,8
3650,2,2,2
3651,4,5,4
3652,5,3,5
3653,8,1,8
3654,7,0,6
3655,5,3,5
3656,6,0,6
3657,2,2,2
3658,2,2,2
3659,8,1,8
3660,6,1,8
3661,7,0,6
3662,5,3,5
3663,1,4,1
3664,2,2,2
3665,7,0,6
3666,5,3,5
3667,2,2,2
3668,6,0,6
3669,2,2,2
3670,8,2,2
3671,7,0,6
3672,8,1,8
3673,2,2,2
3674,8,1,8
3675,2,0,6
3676,6,1,8
3677,6,4,1
3678,6,2,2
3679,6,0,6
3680,7,0,6
3681,7,0,6
3682,6,0,6
3683,8,1,8
3684,2,0,6
3685,2,2,2
3686,6,0,6
3687,6,1,8
3688,7,0,6
3689,7,0,6
3690,4,5,4
3691,6,0,6
3692,2,2,2
3693,6,0,6
3694,6,1,8
3695,7,0,6
3696,7,0,6
3697,2,2,2
3698,6,0,6
3699,5,3,5
3700,7,0,6
3701,2,2,2
3702,8,0,6
3703,6,0,6
3704,8,1,8
3705,7,0,6
3706,2,2,2
3707,2,2,2
3708,7,0,6
3709,8,1,8
3710,7,0,6
3711,7,0,6
3712,8,1,8
3713,8,1,8
3714,7,0,6
3715,7,0,6
3716,5,3,5
3717,2,2,2
3718,5,3,5
3719,5,3,5
3720,6,0,6
3721,8,1,8
3722,6,0,6
3723,2,2,2
3724,8,1,8
3725,8,1,8
3726,6,2,2
3727,8,0,6
3728,2,2,2
3729,8,1,8
3730,8,0,6
3731,5,3,5
3732,6,0,6
3733,5,3,5
3734,2,2,2
3735,8,1,8
3736,6,0,6
3737,6,0,6
3738,6,0,6
3739,8,1,8
3740,7,0,6
3741,6,1,8
3742,8,1,8
3743,8,1,8
3744,2,2,2
3745,4,5,4
3746,2,2,2
3747,7,4,1
3748,2,2,2
3749,8,1,8
3750,6,0,6
3751,6,0,6
3752,2,2,2
3753,8,1,8
3754,5,3,5
3755,2,2,2
3756,4,0,6
3757,8,1,8
3758,2,2,2
3759,8,1,8
3760,6,0,6
3761,1,2,2
3762,2,1,8
3763,7,0,6
3764,8,1,8
3765,5,3,5
3766,6,1,8
3767,2,2,2
3768,6,0,6
3769,6,0,6
3770,2,1,8
3771,6,0,6
3772,5,3,5
3773,6,0,6
3774,2,2,2
3775,5,3,5
3776,6,0,6
3777,8,1,8
3778,8,1,8
3779,5,0,6
3780,8,1,8
3781,1,0,6
3782,2,2,2
3783,7,0,6
3784,1,1,8
3785,8,1,8
3786,7,0,6
3787,8,1,8
3788,2,2,2
3789,7,0,6
3790,8,1,8
3791,6,0,6
3792,6,0,6
3793,2,2,2
3794,2,2,2
3795,6,0,6
3796,5,3,5
3797,2,2,2
3798,6,0,6
3799,2,2,2
3800,6,0,6
3801,2,2,2
3802,6,0,6
3803,7,0,6
3804,8,0,6
3805,7,0,6
3806,6,0,6
3807,2,0,6
3808,6,0,6
3809,6,0,6
3810,6,0,6
3811,7,0,6
3812,8,0,6
3813,6,0,6
3814,1,1,8
3815,7,0,6
3816,6,0,6
3817,4,5,4
3818,7,0,6
3819,8,1,8
3820,6,0,6
3821,8,1,8
3822,8,1,8
3823,6,2,2
3824,2,2,2
3825,8,1,8
3826,2,2,2
3827,6,1,8
3828,8,1,8
3829,5,3,5
3830,8,1,8
3831,6,0,6
3832,7,0,6
3833,2,2,2
3834,2,2,2
3835,3,6,3
3836,5,3,5
3837,6,0,6
3838,2,2,2
3839,2,2,2
3840,8,0,6
3841,2,2,2
3842,7,0,6
3843,6,4,1
3844,8,1,8
3845,7,0,6
3846,7,0,6
3847,2,2,2
3848,8,0,6
3849,6,0,6
3850,6,1,8
3851,8,1,8
3852,5,3,5
3853,6,0,6
3854,2,2,2
3855,5,3,5
3856,8,1,8
3857,6,0,6
3858,7,0,6
3859,7,0,6
3860,1,2,2
3861,8,1,8
3862,7,0,6
3863,1,2,2
3864,7,0,6
3865,8,1,8
3866,7,0,6
3867,6,0,6
3868,7,0,6
3869,8,1,8
3870,2,2,2
3871,7,0,6
3872,2,2,2
3873,7,0,6
3874,8,1,8
3875,8,1,8
3876,8,1,8
3877,2,2,2
3878,8,1,8
3879,6,0,6
3880,8,1,8
3881,8,2,2
3882,6,0,6
3883,7,1,8
3884,6,4,1
3885,7,0,6
3886,8,1,8
3887,2,2,2
3888,6,0,6
3889,6,0,6
3890,8,1,8
3891,8,1,8
3892,7,0,6
3893,2,2,2
3894,2,2,2
3895,8,1,8
3896,6,0,6
3897,5,3,5
3898,8,0,6
3899,8,1,8
3900,6,0,6
3901,5,3,5
3902,6,0,6
3903,8,1,8
3904,8,1,8
3905,2,2,2
3906,1,4,1
3907,7,0,6
3908,8,1,8
3909,6,0,6
3910,8,0,6
3911,6,0,6
3912,4,5,4
3913,0,7,0
3914,1,4,1
3915,7,0,6
3916,8,1,8
3917,8,1,8
3918,6,0,6
3919,7,0,6
3920,5,3,5
3921,8,1,8
3922,2,0,6
3923,5,3,5
3924,8,1,8
3925,7,0,6
3926,6,1,8
3927,8,1,8
3928,7,0,6
3929,6,4,1
3930,7,0,6
3931,2,2,2
3932,7,0,6
3933,6,0,6
3934,1,4,1
3935,2,2,2
3936,8,1,8
3937,8,0,6
3938,6,1,8
3939,6,0,6
3940,8,1,8
3941,6,3,5
3942,2,2,2
3943,2,2,2
3944,6,0,6
3945,7,0,6
3946,8,0,6
3947,8,1,8
3948,6,0,6
3949,8,1,8
3950,7,0,6
3951,8,1,8
3952,7,0,6
3953,5,3,5
3954,8,1,8
3955,2,2,2
3956,6,0,6
3957,6,4,1
3958,8,1,8
3959,5,3,5
3960,8,1,8
3961,6,4,1
3962,6,1,8
3963,7,0,6
3964,8,1,8
3965,6,0,6
3966,2,2,2
3967,1,4,1
3968,8,1,8
3969,7,0,6
3970,6,0,6
3971,2,2,2
3972,5,3,5
3973,6,0,6
3974,3,6,3
3975,7,8,7
3976,2,2,2
3977,7,0,6
3978,6,0,6
3979,2,2,2
3980,8,0,6
3981,6,0,6
3982,7,0,6
3983,7,0,6
3984,7,0,6
3985,8,1,8
3986,4,5,4
3987,7,0,6
3988,8,1,8
3989,6,0,6
3990,6,0,6
3991,7,0,6
3992,8,1,8
3993,8,0,6
3994,6,0,6
3995,7,0,6
3996,6,0,6
3997,6,1,8
3998,5,3,5
3999,7,0,6
4000,1,0,6
4001,7,0,6
4002,2,2,2
4003,4,5,4
4004,2,2,2
4005,8,1,8
4006,6,0,6
4007,5,3,5
4008,8,1,8
4009,7,0,6
4010,5,3,5
4011,2,2,2
4012,2,0,6
4013,8,1,8
4014,8,1,8
4015,6,0,6
4016,6,1,8
4017,8,1,8
4018,2,2,2
4019,7,0,6
4020,2,2,2
4021,6,0,6
4022,8,1,8
4023,6,0,6
4024,8,1,8
4025,8,1,8
4026,5,3,5
4027,7,0,6
4028,2,2,2
4029,5,3,5
4030,6,0,6
4031,2,2,2
4032,8,4,1
4033,7,0,6
4034,5,0,6
4035,6,0,6
4036,6,0,6
4037,7,0,6
4038,6,0,6
4039,6,0,6
4040,8,1,8
4041,5,3,5
4042,6,1,8
4043,6,0,6
4044,6,0,6
4045,8,1,8
4046,1,4,1
4047,2,2,2
4048,5,3,5
4049,6,1,8
4050,6,1,8
4051,8,1,8
4052,1,4,1
4053,6,0,6
4054,7,0,6
4055,4,5,4
4056,4,5,4
4057,6,0,6
4058,8,0,6
4059,6,0,6
4060,2,2,2
4061,8,1,8
4062,8,1,8
4063,5,0,6
4064,5,0,6
4065,5,3,5
4066,8,1,8
4067,6,0,6
4068,6,0,6
4069,7,0,6
4070,1,4,1
4071,5,0,6
4072,6,0,6
4073,6,1,8
4074,8,1,8
4075,8,1,8
4076,6,0,6
4077,7,0,6
4078,6,0,6
4079,6,0,6
4080,2,2,2
4081,8,1,8
4082,8,1,8
4083,8,1,8
4084,6,0,6
4085,2,0,6
4086,8,0,6
4087,6,0,6
4088,1,4,1
4089,6,0,6
4090,7,0,6
4091,6,0,6
4092,1,4,1
4093,6,1,8
4094,1,4,1
4095,2,2,2
4096,8,1,8
4097,2,0,6
4098,4,5,4
4099,5,3,5
4100,2,2,2
4101,8,1,8
4102,2,2,2
4103,6,0,6
4104,8,0,6
4105,5,0,6
4106,2,2,2
4107,8,1,8
4108,8,1,8
4109,6,0,6
4110,6,0,6
4111,6,1,8
4112,8,0,6
4113,6,0,6
4114,8,1,8
4115,6,0,6
4116,7,0,6
4117,6,0,6
4118,8,0,6
4119,8,0,6
4120,6,0,6
4121,6,0,6
4122,1,4,1
4123,6,0,6
4124,6,0,6
4125,8,1,8
4126,5,3,5
4127,2,2,2
4128,7,0,6
4129,5,3,5
4130,5,3,5
4131,7,0,6
4132,8,1,8
4133,8,1,8
4134,1,4,1
4135,5,3,5
4136,6,1,8
4137,5,3,5
4138,6,0,6
4139,7,0,6
4140,8,1,8
4141,8,1,8
4142,8,1,8
4143,2,2,2
4144,7,0,6
4145,6,4,1
4146,2,2,2
4147,6,0,6
4148,1,2,2
4149,7,0,6
4150,8,1,8
4151,7,0,6
4152,5,3,5
4153,7,0,6
4154,5,3,5
4155,8,4,1
4156,7,0,6
4157,5,3,5
4158,8,4,1
4159,7,0,6
4160,6,1,8
4161,7,0,6
4162,5,3,5
4163,1,0,6
4164,7,0,6
4165,7,0,6
4166,8,1,8
4167,5,3,5
4168,6,1,8
4169,3,6,3
4170,2,2,2
4171,6,1,8
4172,2,2,2
4173,5,3,5
4174,5,3,5
4175,6,0,6
4176,6,1,8
4177,6,5,4
4178,8,1,8
4179,2,2,2
4180,7,0,6
4181,8,1,8
4182,6,0,6
4183,6,1,8
4184,8,1,8
4185,8,1,8
4186,2,2,2
4187,6,0,6
4188,1,1,8
4189,7,0,6
4190,7,0,6
4191,8,1,8
4192,6,1,8
4193,7,0,6
4194,7,0,6
4195,1,4,1
4196,2,2,2
4197,5,0,6
4198,1,4,1
4199,7,0,6
4200,7,0,6
4201,2,2,2
4202,6,1,8
4203,7,0,6
4204,8,1,8
4205,6,0,6
4206,2,2,2
4207,6,0,6
4208,8,1,8
4209,7,0,6
4210,3,6,3
4211,2,2,2
4212,8,1,8
4213,8,1,8
4214,7,0,6
4215,8,1,8
4216,2,2,2
4217,6,0,6
4218,6,1,8
4219,6,0,6
4220,6,0,6
4221,5,3,5
4222,8,1,8
4223,6,5,4
4224,8,1,8
4225,2,2,2
4226,8,1,8
4227,7,0,6
4228,7,0,6
4229,6,1,8
4230,2,2,2
4231,7,0,6
4232,8,1,8
4233,7,0,6
4234,2,2,2
4235,6,0,6
4236,8,1,8
4237,8,1,8
4238,6,0,6
4239,6,0,6
4240,2,2,2
4241,7,0,6
4242,1,3,5
4243,6,0,6
4244,8,0,6
4245,8,1,8
4246,8,1,8
4247,8,1,8
4248,2,0,6
4249,8,1,8
4250,2,2,2
4251,7,0,6
4252,6,1,8
4253,6,0,6
4254,6,0,6
4255,2,2,2
4256,1,4,1
4257,6,0,6
4258,2,2,2
4259,8,1,8
4260,7,0,6
4261,8,1,8
4262,8,1,8
4263,7,0,6
4264,2,2,2
4265,6,1,8
4266,2,2,2
4267,6,0,6
4268,2,2,2
4269,5,3,5
4270,6,0,6
4271,6,0,6
4272,2,2,2
4273,8,1,8
4274,6,0,6
4275,6,0,6
4276,6,0,6
4277,8,0,6
4278,4,5,4
4279,5,3,5
4280,7,0,6
4281,6,0,6
4282,8,1,8
4283,1,4,1
4284,5,3,5
4285,6,0,6
4286,8,1,8
4287,8,1,8
4288,4,5,4
4289,2,2,2
4290,6,0,6
4291,7,0,6
4292,8,1,8
4293,6,0,6
4294,8,1,8
4295,6,1,8
4296,5,3,5
4297,2,2,2
4298,4,5,4
4299,4,5,4
4300,8,1,8
4301,8,1,8
4302,5,3,5
4303,8,1,8
4304,6,0,6
4305,6,0,6
4306,6,1,8
4307,7,0,6
4308,5,0,6
4309,7,0,6
4310,7,0,6
4311,8,0,6
4312,8,1,8
4313,8,1,8
4314,6,0,6
4315,7,0,6
4316,1,4,1
4317,7,0,6
4318,8,1,8
4319,2,2,2
4320,5,3,5
4321,8,1,8
4322,8,1,8
4323,0,7,0
4324,7,0,6
4325,7,0,6
4326,4,5,4
4327,6,0,6
4328,6,0,6
4329,2,2,2
4330,7,0,6
4331,7,0,6
4332,6,0,6
4333,6,1,8
4334,8,1,8
4335,8,0,6
4336,6,0,6
4337,7,0,6
4338,6,0,6
4339,8,1,8
4340,6,0,6
4341,6,0,6
4342,6,0,6
4343,7,0,6
4344,8,0,6
4345,8,1,8
4346,6,4,1
4347,6,0,6
4348,6,0,6
4349,8,1,8
4350,7,0,6
4351,5,3,5
4352,6,0,6
4353,8,1,8
4354,8,1,8
4355,6,0,6
4356,6,0,6
4357,7,0,6
4358,2,2,2
4359,8,1,8
4360,8,1,8
4361,7,0,6
4362,8,1,8
4363,4,5,4
4364,5,3,5
4365,4,5,4
4366,8,1,8
4367,8,1,8
4368,7,0,6
4369,5,3,5
4370,8,0,6
4371,6,1,8
4372,2,2,2
4373,1,4,1
4374,2,2,2
4375,6,0,6
4376,6,0,6
4377,8,1,8
4378,2,2,2
4379,6,0,6
4380,5,3,5
4381,5,3,5
4382,7,0,6
4383,6,0,6
4384,6,0,6
4385,6,0,6
4386,2,2,2
4387,8,1,8
4388,7,0,6
4389,2,2,2
4390,8,1,8
4391,6,0,6
4392,6,0,6
4393,6,0,6
4394,8,1,8
4395,8,1,8
4396,5,3,5
4397,6,0,6
4398,8,1,8
4399,5,3,5
4400,5,3,5
4401,6,0,6
4402,6,2,2
4403,7,0,6
4404,2,2,2
4405,6,0,6
4406,6,2,2
4407,2,2,2
4408,7,0,6
4409,8,1,8
4410,8,4,1
4411,4,5,4
4412,6,0,6
4413,8,1,8
4414,5,3,5
4415,8,0,6
4416,6,0,6
4417,8,1,8
4418,4,5,4
4419,8,1,8
4420,7,0,6
4421,6,0,6
4422,6,0,6
4423,5,3,5
4424,8,1,8
4425,6,0,6
4426,7,0,6
4427,7,0,6
4428,2,1,8
4429,8,1,8
4430,2,2,2
4431,5,3,5
4432,5,0,6
4433,6,1,8
4434,8,1,8
4435,2,2,2
4436,8,1,8
4437,8,1,8
4438,8,1,8
4439,2,2,2
4440,8,1,8
4441,1,4,1
4442,2,0,6
4443,8,0,6
4444,5,3,5
4445,6,0,6
4446,2,2,2
4447,8,0,6
4448,8,1,8
4449,6,0,6
4450,6,0,6
4451,6,0,6
4452,1,4,1
4453,7,0,6
4454,8,1,8
4455,6,0,6
4456,6,0,6
4457,2,2,2
4458,6,1,8
4459,4,5,4
4460,2,2,2
4461,8,1,8
4462,1,2,2
4463,8,1,8
4464,6,0,6
4465,8,1,8
4466,8,1,8
4467,7,0,6
4468,6,0,6
4469,8,0,6
4470,5,3,5
4471,6,0,6
4472,7,0,6
4473,8,1,8
4474,4,5,4
4475,6,0,6
4476,7,0,6
4477,6,0,6
4478,7,0,6
4479,6,1,8
4480,7,0,6
4481,7,1,8
4482,7,0,6
4483,8,1,8
4484,7,0,6
4485,6,0,6
4486,6,0,6
4487,8,1,8
4488,6,1,8
4489,2,2,2
4490,8,1,8
4491,8,1,8
4492,8,1,8
4493,6,0,6
4494,6,0,6
4495,5,3,5
4496,6,0,6
4497,5,3,5
4498,8,1,8
4499,7,0,6
4500,2,2,2
4501,6,1,8
4502,5,3,5
4503,7,0,6
4504,1,4,1
4505,5,3,5
4506,7,0,6
4507,8,1,8
4508,7,0,6
4509,6,1,8
4510,8,1,8
4511,8,1,8
4512,2,2,2
4513,1,4,1
4514,2,0,6
4515,8,1,8
4516,5,3,5
4517,6,0,6
4518,6,0,6
4519,8,1,8
4520,8,0,6
4521,7,0,6
4522,6,1,8
4523,5,0,6
4524,6,0,6
4525,6,1,8
4526,7,0,6
4527,2,2,2
4528,8,1,8
4529,2,2,2
4530,7,0,6
4531,6,1,8
4532,8,1,8
4533,5,3,5
4534,5,3,5
4535,7,0,6
4536,6,0,6
4537,8,0,6
4538,6,0,6
4539,8,1,8
4540,2,2,2
4541,8,1,8
4542,2,2,2
4543,6,0,6
4544,6,4,1
4545,7,0,6
4546,7,0,6
4547,8,1,8
4548,2,2,2
4549,8,1,8
4550,6,1,8
4551,1,4,1
4552,7,0,6
4553,8,1,8
4554,6,1,8
4555,8,1,8
4556,5,3,5
4557,5,3,5
4558,6,0,6
4559,7,0,6
4560,8,1,8
4561,4,5,4
4562,2,2,2
4563,6,1,8
4564,5,3,5
4565,6,1,8
4566,6,0,6
4567,5,3,5
4568,8,1,8
4569,8,1,8
4570,8,1,8
4571,6,2,2
4572,7,0,6
4573,8,1,8
4574,8,1,8
4575,7,0,6
4576,7,1,8
4577,8,1,8
4578,5,3,5
4579,4,5,4
4580,0,7,0
4581,2,2,2
4582,1,4,1
4583,6,0,6
4584,2,2,2
4585,2,2,2
4586,2,0,6
4587,4,5,4
4588,6,0,6
4589,6,0,6
4590,2,2,2
4591,2,2,2
4592,7,0,6
4593,8,1,8
4594,6,4,1
4595,7,0,6
4596,6,1,8
4597,8,1,8
4598,2,2,2
4599,8,0,6
4600,2,2,2
4601,8,1,8
4602,2,2,2
4603,8,4,1
4604,7,0,6
4605,6,4,1
4606,6,0,6
4607,8,1,8
4608,4,5,4
4609,7,0,6
4610,8,1,8
4611,5,3,5
4612,6,0,6
4613,6,0,6
4614,6,0,6
4615,7,0,6
4616,8,1,8
4617,8,1,8
4618,2,2,2
4619,6,1,8
4620,6,0,6
4621,7,0,6
4622,6,1,8
4623,2,2,2
4624,8,0,6
4625,2,2,2
4626,8,1,8
4627,7,0,6
4628,7,0,6
4629,4,5,4
4630,6,0,6
4631,2,2,2
4632,7,0,6
4633,4,5,4
4634,8,1,8
4635,8,1,8
4636,7,0,6
4637,7,0,6
4638,6,0,6
4639,1,0,6
4640,2,2,2
4641,1,3,5
4642,6,0,6
4643,2,2,2
4644,2,2,2
4645,2,2,2
4646,8,1,8
4647,2,2,2
4648,7,0,6
4649,7,0,6
4650,5,3,5
4651,7,0,6
4652,6,0,6
4653,8,1,8
4654,2,2,2
4655,7,0,6
4656,1,2,2
4657,5,1,8
4658,8,1,8
4659,2,2,2
4660,8,1,8
4661,2,2,2
4662,4,1,8
4663,8,0,6
4664,6,0,6
4665,8,1,8
4666,7,0,6
4667,8,1,8
4668,6,2,2
4669,5,3,5
4670,8,1,8
4671,7,0,6
4672,8,1,8
4673,7,0,6
4674,6,0,6
4675,5,3,5
4676,8,1,8
4677,5,3,5
4678,8,0,6
4679,7,0,6
4680,8,1,8
4681,5,3,5
4682,2,2,2
4683,8,1,8
4684,7,0,6
4685,6,1,8
4686,7,0,6
4687,8,1,8
4688,8,1,8
4689,8,0,6
4690,6,1,8
4691,4,5,4
4692,6,2,2
4693,5,3,5
4694,6,1,8
4695,8,0,6
4696,2,2,2
4697,7,0,6
4698,7,0,6
4699,6,1,8
4700,7,0,6
4701,8,1,8
4702,5,3,5
4703,8,1,8
4704,5,2,2
4705,8,1,8
4706,5,6,3
4707,7,0,6
4708,8,1,8
4709,1,4,1
4710,2,2,2
4711,5,3,5
4712,0,7,0
4713,7,4,1
4714,6,0,6
4715,2,2,2
4716,1,4,1
4717,1,4,1
4718,6,0,6
4719,7,0,6
4720,6,0,6
4721,1,0,6
4722,6,0,6
4723,7,0,6
4724,7,0,6
4725,6,1,8
4726,8,1,8
4727,2,2,2
4728,6,1,8
4729,8,1,8
4730,7,0,6
4731,5,3,5
4732,8,1,8
4733,8,0,6
4734,5,3,5
4735,6,0,6
4736,5,3,5
4737,7,0,6
4738,6,4,1
4739,6,1,8
4740,1,4,1
4741,6,0,6
4742,8,1,8
4743,6,0,6
4744,6,0,6
4745,6,0,6
4746,7,0,6
4747,5,0,6
4748,8,1,8
4749,7,1,8
4750,8,2,2
4751,7,0,6
4752,8,1,8
4753,8,1,8
4754,2,2,2
4755,6,0,6
4756,7,0,6
4757,8,0,6
4758,8,1,8
4759,2,2,2
4760,6,1,8
4761,8,1,8
4762,7,0,6
4763,8,1,8
4764,2,2,2
4765,6,0,6
4766,5,3,5
4767,7,0,6
4768,6,0,6
4769,2,2,2
4770,7,0,6
4771,2,3,5
4772,7,0,6
4773,8,1,8
4774,8,1,8
4775,6,0,6
4776,7,0,6
4777,7,0,6
4778,7,0,6
4779,7,0,6
4780,7,0,6
4781,8,1,8
4782,8,0,6
4783,6,0,6
4784,7,3,5
4785,2,4,1
4786,7,0,6
4787,1,0,6
4788,7,0,6
4789,2,2,2
4790,7,0,6
4791,5,3,5
4792,6,0,6
4793,6,0,6
4794,6,0,6
4795,8,0,6
4796,6,0,6
4797,2,0,6
4798,6,0,6
4799,6,4,1
4800,7,0,6
4801,2,2,2
4802,8,1,8
4803,2,2,2
4804,6,0,6
4805,6,1,8
4806,7,0,6
4807,5,3,5
4808,6,1,8
4809,6,1,8
4810,6,1,8
4811,6,0,6
4812,1,0,6
4813,8,1,8
4814,8,1,8
4815,8,1,8
4816,7,0,6
4817,5,3,5
4818,6,0,6
4819,8,0,6
4820,6,0,6
4821,8,1,8
4822,2,2,2
4823,6,1,8
4824,8,0,6
4825,6,0,6
4826,6,1,8
4827,6,0,6
4828,8,1,8
4829,7,0,6
4830,6,0,6
4831,6,1,8
4832,6,0,6
4833,5,3,5
4834,2,2,2
4835,7,0,6
4836,7,0,6
4837,7,0,6
4838,6,0,6
4839,7,2,2
4840,6,1,8
4841,8,1,8
4842,7,0,6
4843,5,3,5
4844,2,1,8
4845,7,0,6
4846,2,2,2
4847,6,0,6
4848,7,0,6
4849,5,3,5
4850,6,0,6
4851,1,4,1
4852,7,0,6
4853,6,0,6
4854,6,0,6
4855,6,0,6
4856,6,0,6
4857,7,0,6
4858,5,0,6
4859,7,0,6
4860,6,0,6
4861,6,0,6
4862,6,0,6
4863,8,1,8
4864,8,1,8
4865,8,1,8
4866,8,1,8
4867,7,0,6
4868,6,1,8
4869,8,1,8
4870,2,2,2
4871,5,0,6
4872,6,0,6
4873,6,1,8
4874,5,3,5
4875,5,3,5
4876,6,2,2
4877,5,3,5
4878,6,0,6
4879,8,1,8
4880,4,5,4
4881,7,0,6
4882,7,0,6
4883,7,0,6
4884,7,0,6
4885,6,0,6
4886,8,1,8
4887,6,0,6
4888,8,1,8
4889,6,2,2
4890,6,0,6
4891,7,0,6
4892,8,1,8
4893,2,2,2
4894,7,0,6
4895,8,1,8
4896,8,0,6
4897,5,3,5
4898,6,0,6
4899,6,0,6
4900,2,2,2
4901,1,1,8
4902,6,0,6
4903,6,1,8
4904,5,3,5
4905,8,1,8
4906,1,0,6
4907,2,2,2
4908,8,1,8
4909,5,3,5
4910,7,0,6
4911,6,4,1
4912,2,2,2
4913,8,1,8
4914,5,3,5
4915,2,2,2
4916,2,2,2
4917,6,0,6
4918,8,1,8
4919,2,2,2
4920,8,1,8
4921,5,3,5
4922,6,0,6
4923,2,2,2
4924,8,1,8
4925,7,0,6
4926,0,7,0
4927,8,1,8
4928,5,3,5
4929,4,5,4
4930,1,0,6
4931,7,0,6
4932,6,0,6
4933,2,2,2
4934,6,0,6
4935,8,1,8
4936,6,0,6
4937,6,1,8
4938,6,0,6
4939,5,3,5
4940,6,0,6
4941,5,3,5
4942,8,4,1
4943,2,2,2
4944,8,0,6
4945,6,0,6
4946,2,2,2
4947,7,0,6
4948,8,1,8
4949,8,1,8
4950,7,0,6
4951,4,5,4
4952,6,0,6
4953,5,3,5
4954,2,0,6
4955,2,2,2
4956,6,0,6
4957,8,1,8
4958,6,0,6
4959,6,0,6
4960,6,0,6
4961,5,3,5
4962,5,3,5
4963,6,0,6
4964,6,0,6
4965,5,3,5
4966,7,0,6
4967,6,0,6
4968,5,0,6
4969,6,1,8
4970,2,2,2
4971,1,0,6
4972,6,0,6
4973,7,1,8
4974,2,2,2
4975,6,0,6
4976,8,1,8
4977,8,0,6
4978,7,0,6
4979,6,1,8
4980,2,2,2
4981,5,3,5
4982,2,2,2
4983,2,2,2
4984,2,2,2
4985,6,1,8
4986,6,0,6
4987,6,0,6
4988,8,1,8
4989,8,1,8
4990,5,3,5
4991,1,4,1
4992,7,0,6
4993,6,0,6
4994,8,1,8
4995,8,1,8
4996,8,0,6
4997,8,1,8
4998,6,0,6
4999,2,2,2
5000,8,0,6
5001,5,2,2
5002,6,0,6
5003,2,2,2
5004,8,0,6
5005,6,3,5
5006,8,1,8
5007,8,1,8
5008,8,1,8
5009,6,0,6
5010,7,0,6
5011,5,3,5
5012,8,1,8
5013,2,2,2
5014,8,1,8
5015,6,0,6
5016,4,5,4
5017,7,0,6
5018,7,0,6
5019,5,3,5
5020,6,0,6
5021,2,2,2
5022,7,1,8
5023,7,0,6
5024,2,2,2
5025,7,0,6
5026,2,2,2
5027,4,5,4
5028,7,0,6
5029,6,0,6
5030,1,4,1
5031,5,3,5
5032,7,0,6
5033,5,3,5
5034,5,3,5
5035,2,2,2
5036,2,2,2
5037,6,0,6
5038,2,2,2
5039,6,0,6
5040,5,3,5
5041,6,1,8
5042,8,1,8
5043,5,3,5
5044,2,2,2
5045,7,0,6
5046,7,0,6
5047,7,0,6
5048,6,1,8
5049,7,0,6
5050,6,1,8
5051,8,1,8
5052,6,1,8
5053,8,1,8
5054,6,0,6
5055,5,3,5
5056,6,0,6
5057,7,0,6
5058,8,1,8
5059,5,0,6
5060,8,1,8
5061,8,0,6
5062,8,1,8
5063,5,3,5
5064,8,2,2
5065,8,1,8
5066,8,1,8
5067,8,1,8
5068,2,4,1
5069,7,0,6
5070,2,2,2
5071,2,2,2
5072,5,3,5
5073,1,4,1
5074,6,0,6
5075,5,3,5
5076,7,0,6
5077,6,0,6
5078,7,0,6
5079,2,2,2
5080,7,0,6
5081,6,2,2
5082,6,0,6
5083,7,0,6
5084,8,1,8
5085,8,1,8
5086,2,2,2
5087,6,0,6
5088,7,0,6
5089,6,0,6
5090,8,1,8
5091,8,1,8
5092,3,6,3
5093,8,1,8
5094,7,0,6
5095,2,2,2
5096,7,0,6
5097,8,1,8
5098,8,1,8
5099,6,0,6
5100,6,0,6
5101,7,0,6
5102,8,0,6
5103,7,0,6
5104,7,0,6
5105,6,1,8
5106,7,0,6
5107,6,0,6
5108,2,2,2
5109,8,1,8
5110,7,1,8
5111,5,3,5
5112,6,2,2
5113,8,1,8
5114,6,0,6
5115,8,1,8
5116,7,0,6
5117,7,0,6
5118,1,4,1
5119,7,0,6
5120,2,2,2
5121,6,1,8
5122,7,0,6
5123,8,0,6
5124,8,1,8
5125,8,1,8
5126,6,0,6
5127,4,5,4
5128,6,1,8
5129,8,1,8
5130,7,0,6
5131,2,2,2
5132,7,0,6
5133,8,1,8
5134,8,1,8
5135,6,0,6
5136,6,0,6
5137,7,0,6
5138,1,4,1
5139,8,1,8
5140,7,0,6
5141,2,2,2
5142,8,1,8
5143,2,2,2
5144,7,0,6
5145,2,2,2
5146,8,1,8
5147,8,0,6
5148,8,1,8
5149,7,0,6
5150,2,2,2
5151,8,1,8
5152,7,0,6
5153,8,1,8
5154,7,0,6
5155,7,0,6
5156,1,4,1
5157,6,2,2
5158,8,1,8
5159,8,1,8
5160,7,0,6
5161,8,0,6
5162,7,0,6
5163,5,3,5
5164,8,1,8
5165,2,2,2
5166,7,0,6
5167,2,2,2
5168,3,6,3
5169,6,0,6
5170,6,0,6
5171,2,2,2
5172,2,2,2
5173,5,3,5
5174,6,4,1
5175,6,4,1
5176,8,1,8
5177,2,2,2
5178,2,0,6
5179,2,2,2
5180,8,1,8
5181,2,2,2
5182,6,2,2
5183,6,1,8
5184,5,3,5
5185,7,0,6
5186,8,0,6
5187,7,0,6
5188,6,4,1
5189,8,1,8
5190,8,0,6
5191,7,0,6
5192,6,1,8
5193,8,1,8
5194,8,1,8
5195,8,1,8
5196,2,2,2
5197,5,3,5
5198,5,3,5
5199,6,1,8
5200,5,3,5
5201,5,3,5
5202,5,3,5
5203,1,4,1
5204,6,0,6
5205,6,5,4
5206,4,5,4
5207,8,1,8
5208,1,4,1
5209,8,1,8
5210,2,2,2
5211,5,1,8
5212,5,3,5
5213,2,2,2
5214,8,1,8
5215,8,1,8
5216,8,1,8
5217,8,1,8
5218,6,0,6
5219,7,0,6
5220,6,0,6
5221,6,0,6
5222,6,2,2
5223,6,1,8
5224,6,0,6
5225,2,2,2
5226,7,0,6
5227,4,5,4
5228,8,0,6
5229,2,2,2
5230,6,1,8
5231,7,0,6
5232,8,1,8
5233,2,2,2
5234,1,4,1
5235,1,4,1
5236,6,0,6
5237,6,0,6
5238,6,1,8
5239,8,1,8
5240,8,1,8
5241,7,0,6
5242,2,2,2
5243,6,0,6
5244,1,4,1
5245,6,4,1
5246,8,1,8
5247,3,6,3
5248,6,0,6
5249,6,1,8
5250,8,0,6
5251,8,1,8
5252,7,0,6
5253,5,0,6
5254,8,1,8
5255,6,0,6
5256,6,1,8
5257,8,1,8
5258,6,0,6
5259,7,0,6
5260,2,2,2
5261,8,1,8
5262,6,1,8
5263,7,0,6
5264,2,2,2
5265,8,1,8
5266,8,1,8
5267,6,0,6
5268,7,0,6
5269,2,2,2
5270,8,1,8
5271,8,1,8
5272,8,1,8
5273,8,4,1
5274,8,1,8
5275,7,0,6
5276,8,0,6
5277,5,3,5
5278,6,0,6
5279,5,3,5
5280,8,1,8
5281,1,4,1
5282,5,3,5
5283,8,1,8
5284,6,0,6
5285,6,0,6
5286,8,1,8
5287,6,0,6
5288,2,2,2
5289,6,1,8
5290,7,0,6
5291,8,1,8
5292,5,3,5
5293,7,0,6
5294,5,3,5
5295,7,0,6
5296,8,1,8
5297,8,1,8
5298,8,1,8
5299,0,7,0
5300,5,3,5
5301,7,0,6
5302,5,3,5
5303,6,1,8
5304,8,1,8
5305,6,0,6
5306,5,3,5
5307,8,1,8
5308,6,0,6
5309,8,1,8
5310,6,0,6
5311,2,0,6
5312,2,2,2
5313,8,1,8
5314,6,0,6
5315,6,1,8
5316,8,0,6
5317,2,2,2
5318,6,0,6
5319,7,0,6
5320,8,1,8
5321,1,4,1
5322,8,1,8
5323,6,0,6
5324,8,1,8
5325,5,3,5
5326,5,3,5
5327,4,5,4
5328,6,0,6
5329,7,0,6
5330,6,0,6
5331,2,2,2
5332,6,0,6
5333,8,1,8
5334,6,0,6
5335,8,1,8
5336,8,1,8
5337,6,0,6
5338,2,2,2
5339,7,0,6
5340,4,5,4
5341,6,0,6
5342,6,0,6
5343,2,2,2
5344,5,3,5
5345,7,0,6
5346,8,0,6
5347,6,1,8
5348,4,5,4
5349,8,1,8
5350,2,2,2
5351,8,1,8
5352,6,4,1
5353,2,2,2
5354,6,1,8
5355,8,1,8
5356,6,0,6
5357,6,2,2
5358,8,1,8
5359,6,0,6
5360,2,2,2
5361,5,3,5
5362,6,0,6
5363,2,0,6
5364,6,0,6
5365,2,0,6
5366,7,0,6
5367,7,0,6
5368,8,0,6
5369,2,2,2
5370,8,1,8
5371,7,1,8
5372,7,0,6
5373,7,0,6
5374,6,0,6
5375,2,2,2
5376,8,1,8
5377,7,0,6
5378,4,5,4
5379,2,2,2
5380,6,0,6
5381,2,2,2
5382,8,1,8
5383,1,4,1
5384,3,6,3
5385,6,0,6
5386,6,0,6
5387,8,1,8
5388,7,0,6
5389,5,2,2
5390,6,1,8
5391,6,0,6
5392,5,3,5
5393,8,1,8
5394,8,1,8
5395,3,6,3
5396,4,5,4
5397,8,1,8
5398,7,0,6
5399,7,0,6
5400,8,1,8
5401,6,2,2
5402,8,1,8
5403,2,2,2
5404,6,0,6
5405,7,0,6
5406,1,4,1
5407,8,0,6
5408,8,1,8
5409,2,2,2
5410,7,0,6
5411,2,2,2
5412,8,1,8
5413,8,1,8
5414,7,0,6
5415,6,0,6
5416,5,3,5
5417,7,0,6
5418,8,0,6
5419,6,0,6
5420,7,0,6
5421,7,0,6
5422,7,0,6
5423,8,1,8
5424,5,1,8
5425,2,2,2
5426,7,0,6
5427,7,0,6
5428,2,2,2
5429,2,2,2
5430,7,0,6
5431,2,2,2
5432,6,0,6
5433,8,1,8
5434,1,4,1
5435,8,1,8
5436,8,1,8
5437,6,0,6
5438,8,1,8
5439,6,1,8
5440,6,2,2
5441,2,2,2
5442,8,1,8
5443,8,1,8
5444,6,1,8
5445,6,0,6
5446,8,1,8
5447,8,1,8
5448,7,0,6
5449,7,0,6
5450,2,2,2
5451,7,0,6
5452,2,2,2
5453,2,2,2
5454,5,3,5
5455,5,1,8
5456,8,1,8
5457,6,1,8
5458,5,3,5
5459,2,2,2
5460,8,0,6
5461,8,1,8
5462,8,1,8
5463,1,4,1
5464,8,1,8
5465,2,2,2
5466,2,0,6
5467,6,4,1
5468,6,0,6
5469,1,4,1
5470,6,1,8
5471,1,4,1
5472,7,0,6
5473,6,0,6
5474,8,1,8
5475,4,5,4
5476,6,0,6
5477,8,1,8
5478,6,0,6
5479,7,0,6
5480,6,8,7
5481,6,0,6
5482,7,1,8
5483,4,5,4
5484,6,1,8
5485,8,1,8
5486,5,3,5
5487,6,0,6
5488,6,1,8
5489,1,4,1
5490,8,1,8
5491,5,3,5
5492,6,0,6
5493,6,4,1
5494,5,3,5
5495,7,0,6
5496,7,0,6
5497,1,4,1
5498,2,2,2
5499,8,1,8
5500,5,3,5
5501,7,0,6
5502,2,2,2
5503,2,2,2
5504,8,1,8
5505,7,0,6
5506,8,1,8
5507,6,0,6
5508,7,0,6
5509,2,2,2
5510,1,4,1
5511,8,1,8
5512,7,0,6
5513,1,4,1
5514,7,0,6
5515,7,0,6
5516,4,5,4
5517,8,1,8
5518,7,0,6
5519,6,1,8
5520,8,1,8
5521,2,0,6
5522,8,1,8
5523,2,2,2
5524,6,0,6
5525,6,0,6
5526,6,1,8
5527,7,0,6
5528,8,1,8
5529,7,0,6
5530,8,1,8
5531,8,1,8
5532,8,1,8
5533,5,3,5
5534,7,1,8
5535,6,0,6
5536,8,1,8
5537,2,2,2
5538,6,0,6
5539,8,1,8
5540,2,2,2
5541,8,1,8
5542,8,1,8
5543,6,0,6
5544,7,0,6
5545,8,0,6
5546,7,0,6
5547,8,1,8
5548,8,1,8
5549,5,3,5
5550,7,0,6
5551,5,3,5
5552,6,0,6
5553,3,6,3
5554,6,0,6
5555,7,0,6
5556,8,0,6
5557,6,0,6
5558,2,2,2
5559,5,3,5
5560,1,4,1
5561,7,0,6
5562,6,0,6
5563,6,0,6
5564,8,1,8
5565,8,0,6
5566,2,1,8
5567,2,2,2
5568,8,1,8
5569,6,1,8
5570,8,0,6
5571,7,0,6
5572,8,1,8
5573,8,1,8
5574,6,0,6
5575,8,1,8
5576,7,0,6
5577,2,2,2
5578,8,1,8
5579,2,2,2
5580,8,1,8
5581,7,0,6
5582,5,3,5
5583,8,1,8
5584,8,1,8
5585,7,0,6
5586,2,2,2
5587,3,6,3
5588,6,0,6
5589,5,3,5
5590,7,0,6
5591,2,2,2
5592,6,0,6
5593,4,5,4
5594,2,0,6
5595,7,0,6
5596,6,0,6
5597,7,0,6
5598,2,2,2
5599,2,2,2
5600,5,3,5
5601,5,0,6
5602,7,0,6
5603,8,1,8
5604,7,0,6
5605,8,0,6
5606,8,1,8
5607,6,0,6
5608,5,3,5
5609,7,0,6
5610,2,2,2
5611,8,1,8
5612,8,1,8
5613,6,0,6
5614,6,0,6
5615,8,1,8
5616,2,2,2
5617,3,6,3
5618,6,0,6
5619,7,0,6
5620,8,0,6
5621,7,0,6
5622,8,0,6
5623,7,0,6
5624,8,1,8
5625,7,0,6
5626,5,3,5
5627,8,0,6
5628,6,0,6
5629,7,0,6
5630,8,1,8
5631,2,2,2
5632,8,1,8
5633,7,0,6
5634,2,2,2
5635,8,1,8
5636,6,1,8
5637,1,0,6
5638,8,4,1
5639,8,1,8
5640,8,1,8
5641,1,0,6
5642,7,0,6
5643,7,0,6
5644,7,0,6
5645,8,1,8
5646,6,0,6
5647,5,3,5
5648,8,1,8
5649,5,3,5
5650,5,3,5
5651,8,0,6
5652,8,0,6
5653,8,1,8
5654,2,2,2
5655,5,3,5
5656,8,1,8
5657,7,0,6
5658,6,0,6
5659,7,1,8
5660,6,0,6
5661,6,0,6
5662,6,0,6
5663,7,0,6
5664,6,1,8
5665,8,1,8
5666,8,1,8
5667,2,2,2
5668,8,2,2
5669,7,0,6
5670,8,1,8
5671,7,0,6
5672,7,0,6
5673,8,1,8
5674,6,1,8
5675,6,0,6
5676,6,0,6
5677,8,1,8
5678,1,4,1
5679,2,2,2
5680,6,0,6
5681,8,1,8
5682,8,1,8
5683,2,2,2
5684,6,0,6
5685,2,2,2
5686,8,1,8
5687,4,5,4
5688,8,1,8
5689,4,0,6
5690,3,2,2
5691,8,0,6
5692,7,0,6
5693,8,1,8
5694,8,1,8
5695,6,1,8
5696,8,1,8
5697,4,5,4
5698,2,2,2
5699,6,0,6
5700,6,2,2
5701,6,0,6
5702,2,2,2
5703,7,0,6
5704,6,1,8
5705,2,2,2
5706,6,0,6
5707,8,1,8
5708,7,0,6
5709,6,0,6
5710,8,1,8
5711,8,1,8
5712,8,1,8
5713,6,0,6
5714,6,1,8
5715,6,0,6
5716,2,0,6
5717,8,1,8
5718,8,1,8
5719,2,2,2
5720,5,3,5
5721,2,2,2
5722,5,3,5
5723,6,0,6
5724,5,3,5
5725,6,1,8
5726,1,4,1
5727,8,1,8
5728,8,1,8
5729,6,0,6
5730,6,1,8
5731,4,5,4
5732,7,0,6
5733,8,1,8
5734,7,0,6
5735,2,2,2
5736,7,0,6
5737,6,0,6
5738,7,0,6
5739,6,0,6
5740,7,0,6
5741,6,0,6
5742,7,0,6
5743,6,0,6
5744,8,0,6
5745,6,1,8
5746,6,0,6
5747,8,0,6
5748,7,0,6
5749,5,3,5
5750,7,0,6
5751,6,0,6
5752,4,5,4
5753,5,3,5
5754,6,0,6
5755,2,2,2
5756,2,2,2
5757,5,3,5
5758,8,1,8
5759,7,0,6
5760,8,1,8
5761,6,0,6
5762,1,4,1
5763,8,1,8
5764,2,2,2
5765,6,0,6
5766,7,0,6
5767,6,0,6
5768,2,2,2
5769,8,1,8
5770,6,1,8
5771,6,0,6
5772,8,1,8
5773,6,0,6
5774,5,1,8
5775,5,3,5
5776,2,2,2
5777,5,3,5
5778,8,1,8
5779,2,2,2
5780,7,0,6
5781,2,2,2
5782,6,4,1
5783,5,3,5
5784,2,2,2
5785,8,0,6
5786,7,0,6
5787,4,5,4
5788,8,1,8
5789,2,2,2
5790,5,0,6
5791,7,0,6
5792,8,4,1
5793,6,0,6
5794,7,0,6
5795,4,5,4
5796,8,1,8
5797,6,1,8
5798,6,0,6
5799,1,4,1
5800,5,0,6
5801,6,0,6
5802,8,1,8
5803,7,0,6
5804,8,4,1
5805,8,1,8
5806,7,0,6
5807,3,6,3
5808,2,2,2
5809,6,0,6
5810,2,2,2
5811,1,4,1
5812,2,0,6
5813,1,4,1
5814,8,1,8
5815,6,0,6
5816,8,1,8
5817,6,0,6
5818,5,0,6
5819,1,4,1
5820,2,0,6
5821,7,0,6
5822,8,1,8
5823,6,0,6
5824,7,0,6
5825,6,0,6
5826,2,2,2
5827,3,6,3
5828,7,0,6
5829,5,3,5
5830,2,2,2
5831,2,2,2
5832,7,0,6
5833,2,2,2
5834,2,2,2
5835,6,1,8
5836,2,2,2
5837,8,0,6
5838,6,0,6
5839,6,0,6
5840,8,1,8
5841,1,0,6
5842,2,0,6
5843,6,0,6
5844,6,1,8
5845,6,1,8
5846,5,3,5
5847,7,0,6
5848,8,1,8
5849,8,0,6
5850,8,1,8
5851,6,1,8
5852,1,1,8
5853,8,1,8
5854,7,0,6
5855,2,2,2
5856,6,0,6
5857,2,2,2
5858,8,0,6
5859,8,0,6
5860,6,0,6
5861,5,3,5
5862,5,3,5
5863,6,0,6
5864,2,2,2
5865,5,3,5
5866,6,1,8
5867,6,1,8
5868,6,0,6
5869,7,0,6
5870,6,0,6
5871,4,5,4
5872,7,0,6
5873,8,0,6
5874,6,0,6
5875,5,3,5
5876,8,1,8
5877,8,1,8
5878,2,2,2
5879,2,2,2
5880,8,1,8
5881,6,0,6
5882,2,2,2
5883,6,1,8
5884,6,0,6
5885,7,0,6
5886,4,5,4
5887,8,0,6
5888,8,0,6
5889,8,1,8
5890,6,4,1
5891,2,2,2
5892,5,3,5
5893,1,4,1
5894,8,1,8
5895,8,1,8
5896,6,1,8
5897,8,1,8
5898,8,1,8
5899,8,1,8
5900,7,0,6
5901,2,0,6
5902,6,1,8
5903,2,2,2
5904,7,0,6
5905,5,3,5
5906,1,4,1
5907,2,2,2
5908,8,1,8
5909,2,2,2
5910,6,0,6
5911,1,4,1
5912,8,0,6
5913,6,0,6
5914,2,2,2
5915,8,1,8
5916,6,0,6
5917,8,1,8
5918,7,0,6
5919,7,0,6
5920,7,0,6
5921,3,6,3
5922,8,1,8
5923,7,0,6
5924,1,4,1
5925,8,1,8
5926,1,4,1
5927,7,0,6
5928,6,1,8
5929,6,0,6
5930,1,6,3
5931,8,1,8
5932,2,2,2
5933,7,0,6
5934,8,1,8
5935,7,0,6
5936,7,0,6
5937,1,4,1
5938,7,1,8
5939,8,1,8
5940,8,1,8
5941,8,0,6
5942,7,0,6
5943,6,3,5
5944,2,3,5
5945,7,0,6
5946,8,1,8
5947,2,2,2
5948,8,1,8
5949,5,3,5
5950,6,0,6
5951,2,2,2
5952,6,0,6
5953,6,0,6
5954,6,1,8
5955,8,1,8
5956,8,1,8
5957,6,0,6
5958,6,1,8
5959,2,2,2
5960,6,0,6
5961,6,0,6
5962,6,0,6
5963,6,1,8
5964,7,0,6
5965,7,0,6
5966,8,1,8
5967,4,5,4
5968,8,1,8
5969,2,2,2
5970,2,2,2
5971,7,0,6
5972,6,4,1
5973,5,3,5
5974,6,0,6
5975,8,1,8
5976,6,0,6
5977,6,0,6
5978,2,2,2
5979,7,0,6
5980,8,1,8
5981,6,0,6
5982,8,0,6
5983,8,0,6
5984,6,0,6
5985,8,1,8
5986,6,2,2
5987,2,0,6
5988,2,2,2
5989,6,0,6
5990,7,0,6
5991,8,1,8
5992,7,0,6
5993,7,0,6
5994,6,0,6
5995,6,0,6
5996,8,1,8
5997,6,0,6
5998,5,3,5
5999,1,4,1
6000,2,2,2
6001,7,0,6
6002,5,3,5
6003,2,2,2
6004,8,0,6
6005,2,2,2
6006,7,0,6
6007,1,4,1
6008,4,5,4
6009,6,0,6
6010,2,2,2
6011,8,1,8
6012,7,0,6
6013,6,0,6
6014,8,1,8
6015,0,7,0
6016,8,1,8
6017,8,2,2
6018,7,0,6
6019,1,4,1
6020,6,0,6
6021,8,1,8
6022,6,1,8
6023,6,0,6
6024,2,2,2
6025,7,0,6
6026,2,2,2
6027,8,0,6
6028,2,2,2
6029,8,1,8
6030,7,0,6
6031,6,0,6
6032,7,0,6
6033,2,2,2
6034,8,1,8
6035,8,1,8
6036,7,0,6
6037,6,1,8
6038,2,2,2
6039,7,0,6
6040,7,0,6
6041,8,1,8
6042,2,2,2
6043,6,4,1
6044,5,3,5
6045,7,0,6
6046,2,2,2
6047,5,1,8
6048,7,0,6
6049,8,1,8
6050,8,1,8
6051,8,1,8
6052,2,2,2
6053,5,3,5
6054,8,0,6
6055,5,3,5
6056,6,0,6
6057,6,0,6
6058,8,0,6
6059,8,1,8
6060,6,2,2
6061,5,3,5
6062,5,3,5
6063,6,0,6
6064,5,3,5
6065,2,2,2
6066,7,0,6
6067,6,0,6
6068,7,0,6
6069,5,3,5
6070,2,2,2
6071,6,0,6
6072,8,4,1
6073,5,3,5
6074,7,0,6
6075,2,0,6
6076,2,2,2
6077,2,2,2
6078,6,0,6
6079,8,1,8
6080,6,0,6
6081,0,7,0
6082,6,3,5
6083,2,0,6
6084,8,1,8
6085,2,2,2
6086,8,1,8
6087,5,3,5
6088,6,0,6
6089,2,2,2
6090,6,0,6
6091,6,0,6
6092,8,1,8
6093,5,3,5
6094,8,1,8
6095,6,0,6
6096,7,0,6
6097,1,4,1
6098,2,1,8
6099,5,3,5
6100,5,3,5
6101,4,5,4
6102,6,1,8
6103,8,0,6
6104,2,2,2
6105,5,0,6
6106,6,2,2
6107,6,0,6
6108,8,1,8
6109,8,1,8
6110,8,1,8
6111,5,3,5
6112,8,1,8
6113,4,5,4
6114,6,5,4
6115,6,0,6
6116,7,0,6
6117,8,1,8
6118,2,2,2
6119,6,0,6
6120,8,1,8
6121,6,0,6
6122,8,1,8
6123,4,5,4
6124,8,1,8
6125,2,2,2
6126,6,0,6
6127,6,0,6
6128,6,0,6
6129,2,2,2
6130,8,1,8
6131,7,0,6
6132,7,0,6
6133,2,2,2
6134,8,0,6
6135,8,0,6
6136,6,0,6
6137,6,0,6
6138,6,0,6
6139,0,7,0
6140,8,1,8
6141,7,0,6
6142,5,3,5
6143,7,0,6
6144,7,0,6
6145,8,1,8
6146,8,0,6
6147,8,2,2
6148,1,4,1
6149,2,2,2
6150,8,1,8
6151,6,0,6
6152,8,1,8
6153,5,3,5
6154,7,0,6
6155,8,1,8
6156,7,0,6
6157,5,3,5
6158,6,1,8
6159,2,2,2
6160,1,4,1
6161,5,3,5
6162,8,1,8
6163,7,0,6
6164,7,0,6
6165,8,1,8
6166,2,2,2
6167,3,6,3
6168,2,2,2
6169,8,0,6
6170,7,0,6
6171,8,0,6
6172,6,0,6
6173,1,4,1
6174,7,0,6
6175,8,1,8
6176,4,5,4
6177,8,1,8
6178,1,0,6
6179,8,1,8
6180,6,1,8
6181,6,0,6
6182,2,2,2
6183,6,0,6
6184,7,0,6
6185,7,0,6
6186,6,2,2
6187,7,0,6
6188,6,0,6
6189,8,1,8
6190,2,2,2
6191,2,2,2
6192,1,2,2
6193,7,0,6
6194,1,0,6
6195,6,0,6
6196,7,0,6
6197,7,0,6
6198,8,1,8
6199,6,2,2
6200,6,1,8
6201,6,0,6
6202,1,0,6
6203,2,2,2
6204,8,0,6
6205,2,2,2
6206,7,1,8
6207,8,1,8
6208,5,0,6
6209,7,0,6
6210,5,3,5
6211,6,0,6
6212,5,3,5
6213,7,0,6
6214,6,0,6
6215,4,5,4
6216,2,2,2
6217,6,1,8
6218,6,0,6
6219,6,0,6
6220,6,0,6
6221,8,1,8
6222,8,1,8
6223,7,5,4
6224,5,3,5
6225,4,5,4
6226,8,1,8
6227,6,0,6
6228,7,0,6
6229,8,1,8
6230,6,4,1
6231,8,1,8
6232,5,3,5
6233,7,0,6
6234,3,6,3
6235,5,3,5
6236,6,1,8
6237,8,1,8
6238,5,3,5
6239,0,7,0
6240,2,0,6
6241,8,1,8
6242,8,3,5
6243,6,0,6
6244,8,1,8
6245,2,2,2
6246,2,0,6
6247,6,0,6
6248,1,4,1
6249,6,0,6
6250,1,4,1
6251,6,0,6
6252,1,4,1
6253,8,0,6
6254,7,0,6
6255,6,0,6
6256,1,4,1
6257,1,4,1
6258,7,0,6
6259,8,0,6
6260,8,1,8
6261,8,1,8
6262,6,2,2
6263,5,3,5
6264,7,0,6
6265,7,0,6
6266,4,5,4
6267,8,0,6
6268,8,1,8
6269,6,0,6
6270,5,3,5
6271,2,2,2
6272,8,1,8
6273,4,5,4
6274,7,0,6
6275,6,0,6
6276,7,0,6
6277,6,1,8
6278,6,0,6
6279,8,1,8
6280,2,2,2
6281,7,0,6
6282,6,0,6
6283,2,2,2
6284,8,1,8
6285,7,0,6
6286,5,3,5
6287,8,1,8
6288,6,0,6
6289,2,2,2
6290,6,0,6
6291,6,0,6
6292,8,1,8
6293,8,1,8
6294,2,2,2
6295,7,0,6
6296,0,7,0
6297,2,2,2
6298,7,0,6
6299,5,3,5
6300,8,1,8
6301,7,0,6
6302,8,1,8
6303,6,1,8
6304,6,1,8
6305,7,0,6
6306,2,2,2
6307,8,1,8
6308,8,1,8
6309,5,3,5
6310,7,0,6
6311,8,1,8
6312,6,1,8
6313,6,0,6
6314,7,0,6
6315,2,2,2
6316,7,0,6
6317,6,1,8
6318,8,1,8
6319,2,2,2
6320,6,0,6
6321,2,2,2
6322,8,1,8
6323,7,0,6
6324,3,6,3
6325,2,2,2
6326,2,0,6
6327,8,1,8
6328,6,0,6
6329,6,0,6
6330,2,2,2
6331,8,0,6
6332,6,3,5
6333,8,1,8
6334,7,0,6
6335,8,1,8
6336,7,0,6
6337,7,3,5
6338,8,1,8
6339,5,3,5
6340,1,4,1
6341,8,0,6
6342,8,1,8
6343,8,1,8
6344,4,5,4
6345,6,0,6
6346,6,0,6
6347,2,2,2
6348,6,1,8
6349,5,3,5
6350,2,2,2
6351,7,0,6
6352,7,0,6
6353,8,1,8
6354,6,1,8
6355,5,3,5
6356,2,2,2
6357,6,1,8
6358,8,1,8
6359,2,2,2
6360,5,3,5
6361,5,3,5
6362,2,2,2
6363,5,0,6
6364,6,2,2
6365,6,0,6
6366,8,1,8
6367,8,0,6
6368,6,0,6
6369,8,1,8
6370,6,0,6
6371,1,4,1
6372,5,3,5
6373,6,0,6
6374,2,2,2
6375,5,3,5
6376,4,5,4
6377,6,0,6
6378,7,0,6
6379,6,1,8
6380,2,2,2
6381,6,0,6
6382,6,0,6
6383,6,0,6
6384,8,1,8
6385,8,1,8
6386,8,1,8
6387,6,0,6
6388,2,2,2
6389,7,0,6
6390,2,2,2
6391,2,2,2
6392,8,0,6
6393,6,0,6
6394,7,0,6
6395,2,2,2
6396,7,0,6
6397,8,1,8
6398,7,0,6
6399,7,0,6
6400,2,2,2
6401,6,0,6
6402,6,0,6
6403,6,0,6
6404,8,1,8
6405,5,3,5
6406,6,2,2
6407,8,1,8
6408,8,1,8
6409,7,0,6
6410,8,1,8
6411,2,0,6
6412,6,0,6
6413,8,1,8
6414,8,1,8
6415,8,1,8
6416,7,1,8
6417,7,0,6
6418,7,0,6
6419,2,2,2
6420,6,0,6
6421,8,1,8
6422,1,1,8
6423,7,0,6
6424,2,2,2
6425,8,1,8
6426,6,0,6
6427,8,1,8
6428,5,3,5
6429,1,4,1
6430,6,0,6
6431,5,3,5
6432,6,0,6
6433,1,4,1
6434,2,0,6
6435,6,0,6
6436,2,2,2
6437,4,5,4
6438,7,0,6
6439,8,1,8
6440,6,0,6
6441,8,2,2
6442,8,1,8
6443,2,2,2
6444,2,2,2
6445,6,4,1
6446,8,1,8
6447,6,0,6
6448,2,2,2
6449,8,0,6
6450,6,0,6
6451,7,0,6
6452,8,1,8
6453,2,2,2
6454,8,4,1
6455,6,0,6
6456,1,0,6
6457,7,0,6
6458,2,2,2
6459,6,0,6
6460,6,3,5
6461,6,0,6
6462,6,1,8
6463,6,0,6
6464,5,0,6
6465,6,0,6
6466,2,0,6
6467,8,1,8
6468,6,0,6
6469,8,1,8
6470,7,0,6
6471,7,0,6
6472,7,0,6
6473,8,1,8
6474,8,1,8
6475,5,3,5
6476,7,0,6
6477,5,3,5
6478,7,0,6
6479,7,0,6
6480,2,2,2
6481,6,0,6
6482,8,1,8
6483,7,0,6
6484,8,1,8
6485,8,1,8
6486,2,0,6
6487,6,0,6
6488,8,1,8
6489,2,2,2
6490,2,0,6
6491,8,1,8
6492,7,0,6
6493,6,0,6
6494,7,0,6
6495,8,1,8
6496,6,1,8
6497,7,0,6
6498,6,0,6
6499,2,2,2
6500,6,0,6
6501,5,3,5
6502,7,0,6
6503,6,0,6
6504,6,0,6
6505,5,3,5
6506,8,1,8
6507,7,0,6
6508,2,2,2
6509,6,0,6
6510,2,2,2
6511,2,2,2
6512,2,2,2
6513,8,1,8
6514,8,0,6
6515,7,0,6
6516,6,0,6
6517,2,2,2
6518,6,0,6
6519,6,0,6
6520,5,3,5
6521,6,0,6
6522,5,3,5
6523,7,0,6
6524,8,1,8
6525,6,0,6
6526,6,1,8
6527,6,0,6
6528,6,2,2
6529,8,1,8
6530,6,0,6
6531,6,0,6
6532,8,1,8
6533,8,1,8
6534,6,0,6
6535,5,3,5
6536,8,0,6
6537,2,2,2
6538,8,1,8
6539,6,0,6
6540,8,1,8
6541,4,5,4
6542,8,1,8
6543,6,0,6
6544,2,2,2
6545,5,3,5
6546,8,1,8
6547,6,0,6
6548,8,1,8
6549,7,0,6
6550,7,0,6
6551,6,1,8
6552,7,0,6
6553,6,0,6
6554,8,1,8
6555,6,1,8
6556,2,2,2
6557,2,2,2
6558,2,2,2
6559,7,0,6
6560,5,3,5
6561,6,0,6
6562,8,1,8
6563,8,1,8
6564,7,0,6
6565,8,1,8
6566,5,3,5
6567,2,2,2
6568,2,2,2
6569,7,0,6
6570,2,1,8
6571,8,1,8
6572,7,0,6
6573,6,0,6
6574,2,2,2
6575,6,1,8
6576,2,2,2
6577,2,2,2
6578,2,2,2
6579,6,0,6
6580,5,3,5
6581,6,0,6
6582,8,1,8
6583,7,0,6
6584,5,0,6
6585,6,0,6
6586,7,0,6
6587,1,4,1
6588,8,1,8
6589,5,3,5
6590,7,0,6
6591,8,1,8
6592,1,4,1
6593,5,2,2
6594,6,0,6
6595,8,0,6
6596,8,1,8
6597,6,0,6
6598,7,1,8
6599,2,2,2
6600,2,2,2
6601,6,0,6
6602,2,2,2
6603,8,1,8
6604,8,1,8
6605,7,0,6
6606,8,1,8
6607,8,1,8
6608,8,1,8
6609,2,2,2
6610,8,1,8
6611,8,1,8
6612,2,2,2
6613,8,1,8
6614,2,2,2
6615,8,1,8
6616,8,1,8
6617,7,0,6
6618,8,4,1
6619,7,0,6
6620,6,0,6
6621,8,1,8
6622,6,0,6
6623,6,0,6
6624,8,1,8
6625,6,1,8
6626,6,0,6
6627,7,0,6
6628,2,2,2
6629,8,1,8
6630,8,1,8
6631,2,2,2
6632,6,4,1
6633,2,2,2
6634,7,0,6
6635,4,5,4
6636,8,1,8
6637,7,0,6
6638,8,1,8
6639,8,1,8
6640,8,1,8
6641,2,2,2
6642,3,6,3
6643,8,1,8
6644,8,1,8
6645,8,1,8
6646,8,1,8
6647,7,0,6
6648,7,1,8
6649,8,0,6
6650,8,1,8
6651,8,0,6
6652,8,1,8
6653,2,2,2
6654,5,3,5
6655,1,1,8
6656,6,0,6
6657,8,1,8
6658,6,0,6
6659,5,3,5
6660,5,3,5
6661,8,1,8
6662,8,1,8
6663,3,6,3
6664,7,0,6
6665,7,0,6
6666,8,1,8
6667,8,1,8
6668,7,0,6
6669,5,3,5
6670,6,0,6
6671,6,0,6
6672,8,1,8
6673,5,3,5
6674,7,0,6
6675,1,4,1
6676,8,1,8
6677,1,4,1
6678,6,0,6
6679,4,5,4
6680,8,1,8
6681,8,0,6
6682,2,2,2
6683,7,0,6
6684,7,1,8
6685,7,0,6
6686,8,1,8
6687,8,1,8
6688,8,1,8
6689,8,1,8
6690,5,3,5
6691,3,6,3
6692,5,3,5
6693,8,1,8
6694,6,1,8
6695,5,3,5
6696,8,1,8
6697,6,0,6
6698,7,0,6
6699,6,0,6
6700,8,1,8
6701,8,1,8
6702,8,1,8
6703,5,3,5
6704,2,4,1
6705,7,0,6
6706,7,0,6
6707,6,0,6
6708,8,1,8
6709,7,0,6
6710,2,2,2
6711,6,0,6
6712,4,5,4
6713,8,1,8
6714,7,0,6
6715,8,1,8
6716,2,2,2
6717,6,0,6
6718,7,0,6
6719,2,1,8
6720,8,1,8
6721,8,1,8
6722,6,4,1
6723,8,0,6
6724,5,3,5
6725,4,5,4
6726,6,0,6
6727,8,1,8
6728,8,1,8
6729,7,0,6
6730,5,3,5
6731,5,3,5
6732,8,1,8
6733,7,0,6
6734,1,4,1
6735,7,0,6
6736,7,0,6
6737,8,1,8
6738,2,2,2
6739,8,0,6
6740,6,0,6
6741,7,0,6
6742,8,1,8
6743,8,1,8
6744,4,5,4
6745,8,1,8
6746,7,0,6
6747,6,4,1
6748,8,1,8
6749,7,0,6
6750,1,1,8
6751,8,1,8
6752,8,0,6
6753,7,4,1
6754,2,2,2
6755,8,1,8
6756,8,1,8
6757,5,3,5
6758,8,1,8
6759,8,1,8
6760,6,0,6
6761,6,0,6
6762,2,2,2
6763,7,0,6
6764,6,0,6
6765,7,0,6
6766,7,0,6
6767,2,2,2
6768,6,8,7
6769,8,1,8
6770,4,5,4
6771,8,1,8
6772,2,2,2
6773,8,1,8
6774,7,0,6
6775,7,0,6
6776,6,0,6
6777,6,4,1
6778,7,1,8
6779,7,0,6
6780,7,0,6
6781,8,1,8
6782,4,5,4
6783,6,0,6
6784,8,1,8
6785,7,0,6
6786,2,2,2
6787,7,0,6
6788,6,0,6
6789,2,2,2
6790,6,2,2
6791,6,0,6
6792,6,1,8
6793,8,1,8
6794,7,0,6
6795,6,4,1
6796,6,2,2
6797,8,1,8
6798,8,1,8
6799,3,6,3
6800,8,1,8
6801,6,4,1
6802,5,3,5
6803,8,1,8
6804,8,1,8
6805,8,2,2
6806,8,1,8
6807,8,0,6
6808,5,3,5
6809,8,1,8
6810,2,2,2
6811,8,1,8
6812,1,4,1
6813,5,3,5
6814,6,0,6
6815,5,3,5
6816,7,0,6
6817,8,1,8
6818,5,3,5
6819,7,0,6
6820,8,1,8
6821,6,0,6
6822,1,4,1
6823,2,2,2
6824,7,4,1
6825,8,1,8
6826,8,1,8
6827,6,0,6
6828,5,3,5
6829,7,0,6
6830,8,1,8
6831,2,2,2
6832,8,1,8
6833,6,0,6
6834,8,1,8
6835,5,3,5
6836,8,1,8
6837,8,1,8
6838,2,2,2
6839,8,1,8
6840,6,0,6
6841,2,2,2
6842,6,0,6
6843,8,1,8
6844,7,0,6
6845,5,3,5
6846,2,2,2
6847,6,0,6
6848,2,2,2
6849,4,5,4
6850,6,1,8
6851,6,0,6
6852,7,0,6
6853,8,1,8
6854,8,1,8
6855,8,2,2
6856,8,1,8
6857,8,1,8
6858,5,0,6
6859,7,0,6
6860,8,1,8
6861,7,0,6
6862,8,1,8
6863,8,1,8
6864,8,0,6
6865,2,2,2
6866,2,0,6
6867,8,0,6
6868,6,0,6
6869,3,6,3
6870,2,0,6
6871,4,5,4
6872,8,1,8
6873,7,0,6
6874,6,1,8
6875,2,2,2
6876,8,1,8
6877,4,5,4
6878,4,5,4
6879,4,5,4
6880,6,0,6
6881,6,0,6
6882,8,1,8
6883,7,0,6
6884,5,3,5
6885,8,1,8
6886,7,0,6
6887,7,0,6
6888,8,0,6
6889,7,0,6
6890,7,0,6
6891,8,1,8
6892,8,1,8
6893,8,1,8
6894,7,0,6
6895,7,0,6
6896,1,4,1
6897,5,0,6
6898,6,0,6
6899,5,3,5
6900,4,5,4
6901,7,0,6
6902,2,2,2
6903,8,1,8
6904,5,3,5
6905,8,1,8
6906,5,2,2
6907,8,1,8
6908,2,2,2
6909,4,5,4
6910,7,0,6
6911,6,0,6
6912,8,1,8
6913,5,3,5
6914,5,0,6
6915,7,0,6
6916,7,0,6
6917,2,2,2
6918,6,0,6
6919,2,2,2
6920,2,2,2
6921,7,0,6
6922,2,2,2
6923,7,0,6
6924,6,0,6
6925,6,0,6
6926,8,1,8
6927,8,1,8
6928,7,0,6
6929,1,4,1
6930,6,3,5
6931,6,0,6
6932,6,0,6
6933,2,2,2
6934,6,0,6
6935,8,1,8
6936,5,3,5
6937,8,1,8
6938,0,7,0
6939,5,3,5
6940,6,1,8
6941,8,1,8
6942,2,2,2
6943,8,1,8
6944,1,4,1
6945,4,0,6
6946,8,1,8
6947,6,0,6
6948,5,3,5
6949,5,3,5
6950,6,0,6
6951,6,0,6
6952,6,0,6
6953,7,0,6
6954,8,1,8
6955,8,1,8
6956,2,2,2
6957,6,0,6
6958,6,1,8
6959,6,0,6
6960,1,4,1
6961,5,3,5
6962,2,2,2
6963,8,1,8
6964,7,0,6
6965,8,0,6
6966,8,2,2
6967,7,0,6
6968,8,1,8
6969,6,0,6
6970,6,0,6
6971,2,2,2
6972,8,1,8
6973,8,1,8
6974,7,0,6
6975,7,0,6
6976,8,1,8
6977,6,3,5
6978,7,0,6
6979,8,2,2
6980,8,1,8
6981,7,1,8
6982,1,4,1
6983,8,1,8
6984,6,0,6
6985,6,0,6
6986,7,4,1
6987,7,0,6
6988,6,3,5
6989,7,0,6
6990,8,1,8
6991,6,0,6
6992,8,1,8
6993,5,3,5
6994,5,3,5
6995,8,1,8
6996,6,0,6
6997,8,1,8
6998,8,1,8
6999,8,1,8
7000,6,0,6
7001,8,1,8
7002,5,3,5
7003,6,0,6
7004,8,1,8
7005,1,4,1
7006,2,2,2
7007,7,0,6
7008,6,4,1
7009,6,1,8
7010,5,0,6
7011,8,1,8
7012,7,0,6
7013,6,0,6
7014,8,1,8
7015,8,1,8
7016,8,1,8
7017,1,4,1
7018,6,0,6
7019,8,1,8
7020,8,1,8
7021,7,0,6
7022,7,0,6
7023,8,1,8
7024,2,2,2
7025,8,1,8
7026,8,1,8
7027,5,3,5
7028,7,0,6
7029,7,0,6
7030,2,2,2
7031,6,0,6
7032,6,0,6
7033,2,2,2
7034,7,0,6
7035,2,2,2
7036,8,1,8
7037,8,1,8
7038,8,1,8
7039,8,1,8
7040,8,1,8
7041,6,4,1
7042,6,0,6
7043,6,1,8
7044,8,1,8
7045,8,0,6
7046,3,6,3
7047,8,1,8
7048,5,3,5
7049,6,0,6
7050,5,3,5
7051,7,0,6
7052,6,0,6
7053,6,4,1
7054,8,1,8
7055,8,1,8
7056,6,0,6
7057,2,2,2
7058,2,2,2
7059,3,6,3
7060,2,2,2
7061,8,1,8
7062,8,1,8
7063,8,1,8
7064,5,1,8
7065,1,0,6
7066,2,0,6
7067,7,0,6
7068,2,2,2
7069,6,0,6
7070,8,0,6
7071,5,3,5
7072,6,4,1
7073,4,5,4
7074,2,2,2
7075,5,3,5
7076,6,0,6
7077,2,2,2
7078,8,1,8
7079,8,1,8
7080,5,3,5
7081,6,0,6
7082,8,1,8
7083,7,0,6
7084,8,1,8
7085,8,1,8
7086,6,0,6
7087,7,0,6
7088,1,4,1
7089,4,5,4
7090,2,2,2
7091,2,0,6
7092,6,0,6
7093,8,1,8
7094,8,1,8
7095,6,0,6
7096,7,0,6
7097,4,5,4
7098,2,2,2
7099,7,0,6
7100,6,0,6
7101,5,3,5
7102,6,0,6
7103,7,0,6
7104,2,2,2
7105,8,1,8
7106,7,0,6
7107,7,0,6
7108,2,2,2
7109,2,2,2
7110,8,1,8
7111,2,2,2
7112,5,3,5
7113,6,1,8
7114,7,0,6
7115,5,3,5
7116,8,1,8
7117,7,0,6
7118,8,1,8
7119,8,1,8
7120,5,3,5
7121,6,4,1
7122,8,1,8
7123,8,1,8
7124,6,0,6
7125,8,1,8
7126,7,0,6
7127,6,0,6
7128,7,0,6
7129,8,0,6
7130,8,1,8
7131,8,1,8
7132,7,0,6
7133,7,0,6
7134,2,0,6
7135,8,1,8
7136,6,1,8
7137,6,4,1
7138,8,1,8
7139,6,0,6
7140,5,3,5
7141,8,1,8
7142,8,1,8
7143,5,3,5
7144,7,1,8
7145,8,1,8
7146,7,0,6
7147,6,0,6
7148,2,2,2
7149,5,3,5
7150,6,0,6
7151,6,4,1
7152,6,0,6
7153,8,0,6
7154,7,0,6
7155,8,1,8
7156,7,0,6
7157,7,0,6
7158,2,2,2
7159,6,1,8
7160,2,2,2
7161,6,0,6
7162,8,1,8
7163,7,0,6
7164,2,0,6
7165,8,0,6
7166,8,1,8
7167,6,3,5
7168,6,1,8
7169,6,0,6
7170,4,5,4
7171,7,0,6
7172,6,0,6
7173,2,2,2
7174,5,3,5
7175,5,3,5
7176,2,2,2
7177,8,1,8
7178,6,4,1
7179,5,3,5
7180,8,1,8
7181,6,0,6
7182,6,0,6
7183,6,1,8
7184,8,1,8
7185,8,1,8
7186,5,3,5
7187,8,1,8
7188,8,1,8
7189,7,4,1
7190,8,1,8
7191,2,2,2
7192,2,2,2
7193,7,0,6
7194,7,0,6
7195,5,3,5
7196,6,0,6
7197,5,3,5
7198,8,1,8
7199,7,0,6
7200,7,0,6
7201,7,0,6
7202,6,0,6
7203,6,2,2
7204,2,2,2
7205,7,0,6
7206,8,1,8
7207,6,0,6
7208,6,0,6
7209,8,1,8
7210,8,1,8
7211,7,0,6
7212,6,4,1
7213,8,1,8
7214,2,2,2
7215,4,5,4
7216,6,0,6
7217,2,2,2
7218,4,5,4
7219,7,4,1
7220,7,0,6
7221,8,1,8
7222,2,2,2
7223,5,3,5
7224,6,1,8
7225,2,2,2
7226,8,1,8
7227,7,1,8
7228,6,0,6
7229,8,1,8
7230,6,1,8
7231,6,0,6
7232,2,2,2
7233,8,1,8
7234,2,2,2
7235,7,0,6
7236,6,0,6
7237,6,1,8
7238,8,4,1
7239,8,0,6
7240,7,0,6
7241,6,2,2
7242,8,1,8
7243,7,0,6
7244,7,0,6
7245,2,2,2
7246,7,0,6
7247,7,0,6
7248,7,0,6
7249,7,0,6
7250,2,2,2
7251,8,0,6
7252,5,3,5
7253,5,3,5
7254,5,3,5
7255,7,0,6
7256,6,2,2
7257,6,0,6
7258,3,6,3
7259,6,0,6
7260,7,0,6
7261,8,1,8
7262,8,4,1
7263,8,0,6
7264,6,0,6
7265,6,2,2
7266,2,2,2
7267,7,0,6
7268,1,4,1
7269,4,5,4
7270,2,2,2
7271,7,0,6
7272,7,0,6
7273,2,2,2
7274,7,0,6
7275,8,1,8
7276,6,1,8
7277,6,0,6
7278,7,0,6
7279,7,0,6
7280,2,2,2
7281,5,3,5
7282,6,0,6
7283,6,1,8
7284,7,0,6
7285,7,0,6
7286,6,1,8
7287,2,2,2
7288,8,1,8
7289,7,0,6
7290,8,1,8
7291,6,8,7
7292,2,0,6
7293,6,0,6
7294,2,2,2
7295,6,0,6
7296,6,1,8
7297,6,1,8
7298,6,4,1
7299,6,0,6
7300,6,1,8
7301,4,5,4
7302,7,0,6
7303,6,0,6
7304,6,4,1
7305,5,3,5
7306,8,1,8
7307,2,2,2
7308,8,1,8
7309,6,0,6
7310,8,1,8
7311,1,4,1
7312,1,1,8
7313,7,0,6
7314,8,1,8
7315,6,2,2
7316,5,3,5
7317,6,0,6
7318,6,0,6
7319,5,3,5
7320,2,2,2
7321,2,2,2
7322,6,0,6
7323,8,1,8
7324,7,0,6
7325,7,0,6
7326,6,0,6
7327,7,0,6
7328,5,3,5
7329,1,0,6
7330,8,1,8
7331,6,0,6
7332,6,0,6
7333,2,2,2
7334,8,0,6
7335,7,0,6
7336,7,0,6
7337,8,1,8
7338,8,1,8
7339,7,0,6
7340,1,4,1
7341,6,0,6
7342,5,3,5
7343,8,1,8
7344,6,0,6
7345,2,2,2
7346,8,0,6
7347,7,0,6
7348,8,0,6
7349,8,1,8
7350,2,2,2
7351,8,1,8
7352,7,0,6
7353,8,1,8
7354,6,0,6
7355,2,2,2
7356,6,0,6
7357,6,0,6
7358,7,0,6
7359,3,6,3
7360,2,2,2
7361,7,0,6
7362,2,2,2
7363,2,0,6
7364,5,1,8
7365,6,0,6
7366,2,2,2
7367,7,0,6
7368,8,1,8
7369,6,0,6
7370,2,2,2
7371,2,2,2
7372,7,0,6
7373,8,4,1
7374,0,0,6
7375,2,2,2
7376,8,0,6
7377,8,1,8
7378,7,0,6
7379,5,3,5
7380,2,2,2
7381,8,1,8
7382,6,0,6
7383,4,5,4
7384,7,0,6
7385,6,0,6
7386,6,0,6
7387,7,0,6
7388,5,3,5
7389,7,0,6
7390,6,0,6
7391,7,0,6
7392,8,1,8
7393,8,1,8
7394,8,1,8
7395,6,1,8
7396,6,0,6
7397,8,1,8
7398,2,2,2
7399,7,0,6
7400,6,0,6
7401,8,1,8
7402,8,1,8
7403,5,3,5
7404,6,1,8
7405,2,2,2
7406,8,1,8
7407,8,1,8
7408,7,0,6
7409,5,3,5
7410,8,1,8
7411,7,0,6
7412,2,2,2
7413,5,2,2
7414,8,1,8
7415,8,1,8
7416,1,4,1
7417,0,7,0
7418,6,0,6
7419,6,0,6
7420,1,4,1
7421,2,2,2
7422,7,0,6
7423,7,1,8
7424,6,0,6
7425,8,4,1
7426,6,0,6
7427,1,4,1
7428,2,2,2
7429,6,0,6
7430,6,4,1
7431,8,1,8
7432,7,0,6
7433,2,2,2
7434,8,1,8
7435,7,0,6
7436,7,1,8
7437,8,1,8
7438,7,1,8
7439,5,3,5
7440,2,2,2
7441,7,0,6
7442,8,1,8
7443,8,1,8
7444,7,0,6
7445,6,1,8
7446,6,0,6
7447,7,0,6
7448,6,2,2
7449,3,6,3
7450,8,1,8
7451,6,0,6
7452,2,2,2
7453,2,2,2
7454,6,0,6
7455,7,0,6
7456,8,1,8
7457,5,3,5
7458,1,1,8
7459,8,1,8
7460,7,0,6
7461,5,3,5
7462,6,0,6
7463,8,1,8
7464,8,1,8
7465,8,1,8
7466,8,1,8
7467,2,2,2
7468,6,0,6
7469,2,2,2
7470,8,1,8
7471,8,1,8
7472,0,7,0
7473,8,1,8
7474,8,1,8
7475,5,3,5
7476,4,5,4
7477,7,0,6
7478,6,0,6
7479,6,0,6
7480,6,0,6
7481,6,0,6
7482,8,1,8
7483,8,1,8
7484,5,3,5
7485,2,2,2
7486,8,1,8
7487,5,3,5
7488,2,0,6
7489,6,0,6
7490,8,1,8
7491,8,1,8
7492,7,0,6
7493,2,2,2
7494,6,0,6
7495,8,1,8
7496,8,1,8
7497,6,0,6
7498,6,0,6
7499,8,1,8
7500,7,0,6
7501,2,2,2
7502,6,1,8
7503,5,3,5
7504,5,3,5
7505,8,1,8
7506,6,0,6
7507,8,0,6
7508,8,0,6
7509,8,1,8
7510,8,1,8
7511,7,0,6
7512,7,2,2
7513,2,2,2
7514,2,2,2
7515,7,0,6
7516,8,1,8
7517,6,0,6
7518,7,0,6
7519,2,2,2
7520,2,2,2
7521,7,0,6
7522,8,1,8
7523,7,4,1
7524,6,1,8
7525,8,1,8
7526,7,0,6
7527,7,0,6
7528,1,4,1
7529,2,2,2
7530,8,1,8
7531,7,0,6
7532,7,0,6
7533,5,3,5
7534,8,1,8
7535,7,0,6
7536,8,1,8
7537,6,0,6
7538,8,1,8
7539,6,0,6
7540,7,0,6
7541,6,0,6
7542,5,3,5
7543,5,3,5
7544,6,0,6
7545,5,3,5
7546,6,1,8
7547,7,0,6
7548,2,2,2
7549,5,3,5
7550,2,2,2
7551,4,5,4
7552,8,1,8
7553,6,0,6
7554,6,0,6
7555,6,1,8
7556,2,2,2
7557,5,3,5
7558,8,1,8
7559,2,2,2
7560,7,0,6
7561,6,1,8
7562,6,0,6
7563,7,0,6
7564,5,3,5
7565,8,1,8
7566,8,1,8
7567,7,0,6
7568,8,1,8
7569,8,1,8
7570,3,6,3
7571,5,3,5
7572,6,0,6
7573,2,2,2
7574,8,4,1
7575,6,4,1
7576,6,0,6
7577,2,0,6
7578,7,0,6
7579,6,0,6
7580,2,2,2
7581,8,1,8
7582,8,1,8
7583,6,1,8
7584,8,1,8
7585,2,0,6
7586,7,0,6
7587,8,1,8
7588,0,7,0
7589,6,1,8
7590,5,3,5
7591,8,1,8
7592,7,0,6
7593,6,0,6
7594,5,0,6
7595,7,0,6
7596,8,1,8
7597,5,0,6
7598,8,1,8
7599,5,3,5
7600,8,1,8
7601,8,1,8
7602,8,1,8
7603,8,0,6
7604,6,0,6
7605,5,3,5
7606,8,1,8
7607,6,0,6
7608,7,4,1
7609,5,0,6
7610,8,1,8
7611,6,0,6
7612,7,0,6
7613,8,2,2
7614,2,2,2
7615,8,1,8
7616,6,0,6
7617,8,1,8
7618,8,1,8
7619,7,0,6
7620,6,0,6
7621,7,0,6
7622,5,3,5
7623,7,0,6
7624,7,0,6
7625,5,3,5
7626,8,0,6
7627,2,2,2
7628,7,0,6
7629,5,3,5
7630,2,2,2
7631,2,2,2
7632,5,1,8
7633,6,4,1
7634,2,2,2
7635,4,5,4
7636,7,0,6
7637,8,1,8
7638,5,3,5
7639,6,0,6
7640,2,2,2
7641,8,1,8
7642,7,0,6
7643,8,1,8
7644,8,1,8
7645,7,0,6
7646,2,2,2
7647,7,0,6
7648,7,0,6
7649,6,2,2
7650,6,0,6
7651,2,2,2
7652,8,0,6
7653,3,6,3
7654,7,0,6
7655,2,2,2
7656,2,2,2
7657,8,1,8
7658,1,4,1
7659,2,2,2
7660,7,0,6
7661,6,2,2
7662,6,0,6
7663,1,4,1
7664,7,0,6
7665,6,0,6
7666,8,1,8
7667,6,2,2
7668,6,1,8
7669,2,2,2
7670,7,0,6
7671,8,1,8
7672,8,1,8
7673,8,1,8
7674,6,5,4
7675,7,0,6
7676,8,1,8
7677,2,2,2
7678,8,1,8
7679,7,0,6
7680,6,1,8
7681,6,0,6
7682,6,0,6
7683,5,3,5
7684,7,0,6
7685,6,0,6
7686,2,2,2
7687,5,3,5
7688,5,3,5
7689,6,0,6
7690,8,1,8
7691,8,1,8
7692,2,2,2
7693,6,0,6
7694,6,0,6
7695,5,3,5
7696,8,1,8
7697,7,0,6
7698,5,3,5
7699,6,0,6
7700,2,2,2
7701,6,0,6
7702,5,3,5
7703,6,0,6
7704,2,2,2
7705,2,2,2
7706,8,1,8
7707,6,0,6
7708,6,1,8
7709,2,2,2
7710,8,1,8
7711,2,2,2
7712,6,0,6
7713,7,0,6
7714,5,3,5
7715,5,3,5
7716,1,4,1
7717,2,2,2
7718,7,0,6
7719,2,2,2
7720,8,1,8
7721,6,1,8
7722,4,5,4
7723,2,2,2
7724,6,0,6
7725,5,3,5
7726,6,2,2
7727,5,3,5
7728,8,1,8
7729,8,1,8
7730,1,1,8
7731,7,0,6
7732,8,0,6
7733,7,0,6
7734,7,0,6
7735,8,1,8
7736,6,0,6
7737,7,0,6
7738,8,0,6
7739,7,0,6
7740,7,0,6
7741,6,0,6
7742,6,1,8
7743,1,2,2
7744,6,1,8
7745,7,0,6
7746,7,0,6
7747,8,1,8
7748,8,1,8
7749,3,6,3
7750,5,3,5
7751,0,7,0
7752,1,2,2
7753,8,1,8
7754,1,0,6
7755,8,1,8
7756,6,0,6
7757,2,2,2
7758,8,1,8
7759,7,0,6
7760,2,2,2
7761,8,1,8
7762,2,2,2
7763,7,0,6
7764,2,2,2
7765,8,1,8
7766,8,1,8
7767,8,0,6
7768,8,1,8
7769,7,8,7
7770,6,0,6
7771,8,1,8
7772,8,1,8
7773,6,2,2
7774,5,3,5
7775,4,5,4
7776,8,1,8
7777,6,0,6
7778,4,5,4
7779,6,1,8
7780,7,0,6
7781,1,4,1
7782,2,2,2
7783,2,2,2
7784,2,2,2
7785,2,0,6
7786,6,0,6
7787,1,4,1
7788,8,1,8
7789,7,0,6
7790,2,2,2
7791,2,2,2
7792,8,1,8
7793,2,2,2
7794,6,0,6
7795,2,2,2
7796,6,0,6
7797,6,1,8
7798,8,1,8
7799,6,0,6
7800,0,7,0
7801,6,0,6
7802,8,1,8
7803,8,1,8
7804,8,1,8
7805,8,1,8
7806,7,0,6
7807,5,3,5
7808,2,2,2
7809,6,0,6
7810,6,0,6
7811,2,2,2
7812,6,0,6
7813,8,1,8
7814,7,0,6
7815,8,1,8
7816,7,0,6
7817,7,0,6
7818,8,1,8
7819,7,0,6
7820,8,1,8
7821,5,3,5
7822,8,0,6
7823,3,6,3
7824,8,1,8
7825,2,2,2
7826,7,0,6
7827,2,2,2
7828,7,0,6
7829,2,2,2
7830,7,0,6
7831,8,1,8
7832,5,3,5
7833,6,0,6
7834,6,0,6
7835,8,0,6
7836,2,2,2
7837,6,0,6
7838,7,0,6
7839,6,2,2
7840,7,0,6
7841,6,4,1
7842,5,3,5
7843,8,1,8
7844,8,1,8
7845,8,0,6
7846,2,2,2
7847,5,3,5
7848,8,1,8
7849,7,0,6
7850,6,0,6
7851,5,3,5
7852,7,0,6
7853,5,3,5
7854,8,1,8
7855,5,3,5
7856,6,0,6
7857,6,0,6
7858,6,0,6
7859,6,0,6
7860,2,2,2
7861,6,0,6
7862,5,3,5
7863,6,1,8
7864,4,5,4
7865,6,1,8
7866,8,1,8
7867,5,3,5
7868,2,2,2
7869,8,1,8
7870,6,1,8
7871,6,0,6
7872,5,3,5
7873,6,0,6
7874,6,0,6
7875,6,0,6
7876,2,2,2
7877,5,3,5
7878,8,1,8
7879,5,3,5
7880,5,3,5
7881,4,5,4
7882,2,2,2
7883,7,0,6
7884,8,1,8
7885,2,2,2
7886,7,0,6
7887,6,1,8
7888,7,0,6
7889,6,0,6
7890,4,5,4
7891,6,0,6
7892,2,2,2
7893,2,2,2
7894,8,1,8
7895,4,5,4
7896,7,0,6
7897,7,0,6
7898,8,1,8
7899,4,5,4
7900,8,1,8
7901,3,6,3
7902,7,0,6
7903,8,1,8
7904,2,2,2
7905,8,1,8
7906,6,0,6
7907,1,4,1
7908,7,0,6
7909,7,0,6
7910,2,2,2
7911,7,0,6
7912,8,1,8
7913,7,1,8
7914,7,0,6
7915,1,1,8
7916,6,0,6
7917,2,2,2
7918,8,1,8
7919,7,0,6
7920,8,1,8
7921,2,2,2
7922,8,1,8
7923,6,2,2
7924,2,2,2
7925,2,2,2
7926,8,1,8
7927,8,1,8
7928,7,0,6
7929,8,1,8
7930,8,1,8
7931,6,0,6
7932,6,0,6
7933,2,2,2
7934,4,5,4
7935,2,2,2
7936,8,0,6
7937,6,4,1
7938,8,1,8
7939,5,3,5
7940,7,0,6
7941,2,2,2
7942,7,0,6
7943,7,0,6
7944,8,1,8
7945,8,1,8
7946,6,0,6
7947,7,0,6
7948,6,1,8
7949,7,0,6
7950,5,3,5
7951,6,0,6
7952,7,0,6
7953,8,0,6
7954,6,0,6
7955,1,0,6
7956,7,0,6
7957,6,0,6
7958,8,1,8
7959,6,0,6
7960,8,1,8
7961,6,1,8
7962,2,0,6
7963,6,1,8
7964,2,2,2
7965,6,4,1
7966,5,3,5
7967,2,0,6
7968,8,1,8
7969,1,4,1
7970,7,1,8
7971,7,0,6
7972,2,2,2
7973,6,0,6
7974,6,0,6
7975,5,3,5
7976,0,7,0
7977,6,0,6
7978,2,2,2
7979,7,0,6
7980,4,5,4
7981,7,0,6
7982,8,1,8
7983,6,2,2
7984,7,0,6
7985,5,3,5
7986,7,0,6
7987,7,0,6
7988,5,3,5
7989,6,2,2
7990,5,3,5
7991,0,7,0
7992,1,4,1
7993,6,0,6
7994,8,1,8
7995,2,2,2
7996,6,1,8
7997,7,0,6
7998,8,1,8
7999,8,1,8
8000,6,1,8
8001,5,3,5
8002,8,1,8
8003,6,0,6
8004,7,0,6
8005,6,0,6
8006,7,0,6
8007,7,0,6
8008,8,0,6
8009,8,1,8
8010,5,3,5
8011,8,1,8
8012,8,1,8
8013,5,3,5
8014,3,6,3
8015,6,1,8
8016,8,1,8
8017,5,3,5
8018,8,1,8
8019,6,0,6
8020,2,2,2
8021,2,2,2
8022,6,1,8
8023,8,3,5
8024,6,0,6
8025,7,0,6
8026,2,2,2
8027,8,1,8
8028,2,2,2
8029,8,1,8
8030,2,2,2
8031,8,1,8
8032,7,1,8
8033,6,1,8
8034,8,0,6
8035,2,2,2
8036,8,1,8
8037,5,3,5
8038,8,0,6
8039,6,0,6
8040,5,3,5
8041,8,1,8
8042,5,3,5
8043,8,1,8
8044,2,2,2
8045,3,6,3
8046,6,0,6
8047,5,3,5
8048,6,2,2
8049,2,0,6
8050,0,7,0
8051,8,1,8
8052,6,2,2
8053,7,0,6
8054,7,0,6
8055,2,2,2
8056,6,0,6
8057,6,0,6
8058,8,1,8
8059,8,1,8
8060,6,0,6
8061,2,0,6
8062,8,4,1
8063,6,1,8
8064,6,3,5
8065,8,1,8
8066,7,0,6
8067,5,3,5
8068,2,0,6
8069,6,0,6
8070,2,4,1
8071,7,0,6
8072,8,1,8
8073,7,0,6
8074,7,0,6
8075,5,0,6
8076,6,3,5
8077,2,2,2
8078,7,0,6
8079,8,1,8
8080,8,1,8
8081,5,3,5
8082,6,0,6
8083,8,1,8
8084,6,0,6
8085,8,1,8
8086,6,0,6
8087,1,4,1
8088,6,0,6
8089,8,4,1
8090,7,0,6
8091,8,0,6
8092,8,0,6
8093,5,3,5
8094,6,0,6
8095,7,0,6
8096,7,0,6
8097,8,1,8
8098,8,2,2
8099,8,1,8
8100,0,7,0
8101,2,2,2
8102,8,1,8
8103,6,0,6
8104,1,4,1
8105,2,2,2
8106,7,0,6
8107,6,3,5
8108,8,1,8
8109,3,6,3
8110,6,4,1
8111,2,2,2
8112,1,4,1
8113,7,0,6
8114,7,0,6
8115,2,2,2
8116,6,0,6
8117,8,1,8
8118,6,0,6
8119,2,2,2
8120,8,1,8
8121,8,1,8
8122,6,0,6
8123,2,2,2
8124,5,3,5
8125,8,1,8
8126,5,3,5
8127,5,2,2
8128,6,0,6
8129,8,1,8
8130,2,2,2
8131,8,1,8
8132,7,0,6
8133,6,0,6
8134,8,1,8
8135,2,2,2
8136,5,3,5
8137,8,1,8
8138,2,2,2
8139,2,2,2
8140,1,3,5
8141,2,2,2
8142,8,1,8
8143,2,0,6
8144,2,2,2
8145,2,2,2
8146,6,0,6
8147,8,1,8
8148,5,3,5
8149,8,1,8
8150,1,4,1
8151,7,0,6
8152,8,1,8
8153,5,3,5
8154,8,1,8
8155,8,1,8
8156,6,0,6
8157,8,1,8
8158,8,1,8
8159,2,2,2
8160,8,1,8
8161,6,0,6
8162,1,4,1
8163,2,2,2
8164,7,0,6
8165,5,3,5
8166,6,1,8
8167,6,1,8
8168,8,1,8
8169,7,0,6
8170,6,0,6
8171,5,3,5
8172,5,3,5
8173,5,0,6
8174,4,5,4
8175,5,3,5
8176,5,3,5
8177,7,0,6
8178,2,2,2
8179,6,1,8
8180,2,2,2
8181,8,1,8
8182,8,1,8
8183,5,3,5
8184,1,6,3
8185,6,0,6
8186,7,0,6
8187,6,2,2
8188,8,1,8
8189,7,0,6
8190,6,0,6
8191,4,5,4
8192,7,0,6
8193,2,2,2
8194,7,0,6
8195,6,0,6
8196,8,1,8
8197,7,0,6
8198,5,3,5
8199,6,0,6
8200,5,3,5
8201,2,2,2
8202,8,1,8
8203,8,4,1
8204,5,3,5
8205,8,1,8
8206,8,1,8
8207,1,4,1
8208,2,2,2
8209,7,0,6
8210,8,1,8
8211,6,0,6
8212,8,1,8
8213,5,3,5
8214,8,1,8
8215,7,0,6
8216,6,0,6
8217,8,1,8
8218,8,1,8
8219,1,0,6
8220,8,1,8
8221,5,3,5
8222,7,0,6
8223,6,0,6
8224,6,1,8
8225,2,2,2
8226,6,0,6
8227,7,0,6
8228,8,1,8
8229,8,1,8
8230,8,1,8
8231,2,2,2
8232,6,0,6
8233,6,1,8
8234,7,0,6
8235,2,2,2
8236,8,1,8
8237,7,0,6
8238,6,2,2
8239,8,0,6
8240,3,6,3
8241,5,3,5
8242,8,1,8
8243,6,1,8
8244,6,0,6
8245,2,2,2
8246,7,0,6
8247,5,3,5
8248,6,0,6
8249,8,1,8
8250,5,2,2
8251,5,3,5
8252,8,1,8
8253,1,1,8
8254,5,3,5
8255,0,7,0
8256,8,0,6
8257,7,0,6
8258,8,1,8
8259,2,2,2
8260,5,3,5
8261,5,3,5
8262,2,2,2
8263,2,2,2
8264,1,4,1
8265,6,0,6
8266,2,2,2
8267,5,3,5
8268,5,3,5
8269,1,2,2
8270,8,1,8
8271,6,0,6
8272,8,1,8
8273,6,1,8
8274,7,0,6
8275,2,2,2
8276,6,0,6
8277,2,2,2
8278,8,1,8
8279,4,5,4
8280,7,0,6
8281,2,0,6
8282,6,1,8
8283,6,0,6
8284,5,0,6
8285,7,0,6
8286,7,0,6
8287,8,1,8
8288,1,4,1
8289,6,4,1
8290,7,0,6
8291,2,2,2
8292,6,0,6
8293,4,0,6
8294,5,3,5
8295,8,1,8
8296,1,1,8
8297,7,0,6
8298,3,6,3
8299,8,1,8
8300,8,1,8
8301,3,6,3
8302,6,3,5
8303,2,2,2
8304,8,1,8
8305,6,1,8
8306,8,1,8
8307,2,2,2
8308,8,1,8
8309,7,0,6
8310,8,1,8
8311,1,4,1
8312,5,3,5
8313,8,1,8
8314,2,2,2
8315,8,1,8
8316,7,0,6
8317,2,2,2
8318,7,0,6
8319,1,0,6
8320,2,2,2
8321,8,1,8
8322,0,7,0
8323,7,0,6
8324,8,1,8
8325,4,5,4
8326,6,1,8
8327,7,4,1
8328,2,2,2
8329,6,3,5
8330,8,1,8
8331,7,0,6
8332,8,1,8
8333,8,1,8
8334,5,3,5
8335,6,1,8
8336,8,1,8
8337,6,1,8
8338,5,2,2
8339,8,1,8
8340,8,1,8
8341,8,1,8
8342,5,3,5
8343,8,1,8
8344,8,1,8
8345,7,0,6
8346,8,1,8
8347,7,0,6
8348,8,1,8
8349,4,5,4
8350,8,1,8
8351,8,0,6
8352,7,0,6
8353,7,0,6
8354,2,2,2
8355,6,3,5
8356,5,3,5
8357,8,1,8
8358,5,3,5
8359,7,0,6
8360,5,3,5
8361,1,4,1
8362,5,3,5
8363,8,1,8
8364,8,1,8
8365,2,2,2
8366,8,0,6
8367,5,3,5
8368,2,2,2
8369,6,0,6
8370,5,3,5
8371,7,0,6
8372,6,0,6
8373,5,3,5
8374,2,2,2
8375,2,2,2
8376,8,1,8
8377,2,2,2
8378,8,1,8
8379,2,2,2
8380,2,2,2
8381,7,0,6
8382,2,2,2
8383,8,1,8
8384,2,2,2
8385,8,1,8
8386,5,3,5
8387,2,2,2
8388,5,3,5
8389,8,1,8
8390,6,1,8
8391,2,2,2
8392,8,1,8
8393,7,0,6
8394,8,1,8
8395,2,2,2
8396,6,1,8
8397,2,2,2
8398,2,2,2
8399,8,1,8
8400,7,0,6
8401,7,0,6
8402,2,2,2
8403,8,1,8
8404,6,0,6
8405,7,0,6
8406,6,0,6
8407,7,0,6
8408,6,0,6
8409,7,0,6
8410,7,0,6
8411,5,3,5
8412,8,1,8
8413,2,2,2
8414,6,2,2
8415,6,0,6
8416,6,0,6
8417,5,3,5
8418,2,2,2
8419,2,2,2
8420,2,2,2
8421,5,3,5
8422,8,1,8
8423,8,1,8
8424,8,1,8
8425,3,6,3
8426,2,2,2
8427,5,3,5
8428,5,3,5
8429,8,1,8
8430,6,0,6
8431,6,0,6
8432,7,0,6
8433,8,0,6
8434,5,3,5
8435,8,1,8
8436,7,0,6
8437,8,1,8
8438,8,1,8
8439,6,0,6
8440,8,1,8
8441,8,0,6
8442,2,2,2
8443,8,0,6
8444,7,0,6
8445,8,1,8
8446,8,1,8
8447,6,1,8
8448,8,1,8
8449,7,0,6
8450,7,0,6
8451,8,1,8
8452,6,4,1
8453,7,0,6
8454,8,1,8
8455,6,0,6
8456,7,0,6
8457,8,0,6
8458,7,0,6
8459,6,0,6
8460,6,0,6
8461,6,0,6
8462,8,1,8
8463,1,4,1
8464,8,0,6
8465,7,0,6
8466,6,0,6
8467,2,2,2
8468,8,1,8
8469,2,2,2
8470,6,1,8
8471,8,1,8
8472,7,0,6
8473,6,0,6
8474,5,3,5
8475,6,0,6
8476,8,1,8
8477,2,2,2
8478,2,2,2
8479,6,0,6
8480,8,2,2
8481,6,1,8
8482,8,1,8
8483,7,0,6
8484,7,0,6
8485,8,1,8
8486,6,2,2
8487,2,2,2
8488,2,2,2
8489,8,1,8
8490,7,0,6
8491,8,1,8
8492,7,0,6
8493,2,2,2
8494,8,1,8
8495,7,0,6
8496,6,0,6
8497,8,1,8
8498,2,2,2
8499,2,2,2
8500,6,0,6
8501,7,0,6
8502,7,0,6
8503,7,0,6
8504,7,0,6
8505,8,1,8
8506,8,1,8
8507,8,1,8
8508,7,0,6
8509,8,0,6
8510,8,1,8
8511,7,0,6
8512,6,0,6
8513,8,1,8
8514,6,1,8
8515,2,2,2
8516,0,7,0
8517,8,1,8
8518,7,0,6
8519,8,0,6
8520,5,3,5
8521,8,1,8
8522,7,0,6
8523,2,2,2
8524,1,4,1
8525,7,0,6
8526,8,1,8
8527,8,1,8
8528,7,0,6
8529,8,1,8
8530,8,1,8
8531,8,1,8
8532,8,1,8
8533,2,2,2
8534,6,0,6
8535,8,1,8
8536,6,0,6
8537,8,1,8
8538,6,0,6
8539,5,3,5
8540,7,0,6
8541,1,4,1
8542,8,1,8
8543,6,0,6
8544,6,1,8
8545,5,3,5
8546,2,2,2
8547,6,0,6
8548,8,0,6
8549,5,3,5
8550,8,0,6
8551,2,2,2
8552,2,2,2
8553,6,0,6
8554,8,1,8
8555,2,2,2
8556,2,2,2
8557,8,1,8
8558,7,0,6
8559,8,1,8
8560,2,2,2
8561,6,0,6
8562,6,0,6
8563,8,1,8
8564,8,1,8
8565,2,2,2
8566,6,1,8
8567,8,1,8
8568,7,0,6
8569,6,0,6
8570,7,0,6
8571,2,2,2
8572,2,2,2
8573,7,0,6
8574,7,0,6
8575,2,2,2
8576,8,1,8
8577,8,1,8
8578,4,5,4
8579,6,0,6
8580,8,1,8
8581,7,0,6
8582,5,3,5
8583,8,0,6
8584,8,1,8
8585,7,0,6
8586,7,0,6
8587,5,1,8
8588,7,0,6
8589,2,2,2
8590,5,3,5
8591,6,0,6
8592,2,2,2
8593,7,0,6
8594,6,0,6
8595,7,0,6
8596,2,2,2
8597,7,0,6
8598,8,8,7
8599,6,0,6
8600,2,2,2
8601,6,0,6
8602,7,1,8
8603,7,0,6
8604,8,1,8
8605,8,1,8
8606,7,0,6
8607,5,3,5
8608,3,6,3
8609,8,1,8
8610,5,3,5
8611,6,4,1
8612,2,2,2
8613,2,2,2
8614,8,1,8
8615,8,0,6
8616,8,1,8
8617,7,0,6
8618,7,0,6
8619,1,4,1
8620,6,2,2
8621,5,3,5
8622,6,0,6
8623,2,2,2
8624,5,3,5
8625,6,0,6
8626,2,2,2
8627,6,0,6
8628,6,1,8
8629,8,1,8
8630,8,1,8
8631,5,3,5
8632,5,3,5
8633,8,1,8
8634,8,1,8
8635,7,0,6
8636,5,3,5
8637,6,0,6
8638,7,0,6
8639,8,1,8
8640,6,0,6
8641,8,1,8
8642,7,0,6
8643,6,0,6
8644,8,1,8
8645,5,3,5
8646,6,0,6
8647,5,3,5
8648,8,1,8
8649,8,1,8
8650,7,0,6
8651,8,1,8
8652,8,1,8
8653,8,1,8
8654,5,3,5
8655,8,1,8
8656,8,1,8
8657,8,1,8
8658,1,0,6
8659,6,0,6
8660,2,2,2
8661,5,3,5
8662,8,1,8
8663,6,0,6
8664,5,3,5
8665,8,0,6
8666,8,1,8
8667,8,1,8
8668,7,0,6
8669,2,0,6
8670,8,1,8
8671,2,2,2
8672,6,1,8
8673,8,1,8
8674,7,0,6
8675,6,3,5
8676,8,0,6
8677,2,2,2
8678,8,1,8
8679,5,3,5
8680,2,2,2
8681,8,1,8
8682,8,1,8
8683,7,0,6
8684,7,0,6
8685,6,0,6
8686,5,3,5
8687,5,3,5
8688,7,0,6
8689,8,1,8
8690,7,0,6
8691,7,0,6
8692,6,0,6
8693,7,0,6
8694,5,3,5
8695,8,1,8
8696,8,1,8
8697,2,2,2
8698,8,1,8
8699,5,3,5
8700,6,0,6
8701,8,0,6
8702,6,2,2
8703,6,2,2
8704,8,1,8
8705,7,0,6
8706,6,0,6
8707,8,1,8
8708,1,0,6
8709,8,1,8
8710,2,2,2
8711,7,0,6
8712,1,1,8
8713,6,1,8
8714,6,0,6
8715,2,2,2
8716,7,0,6
8717,1,6,3
8718,7,0,6
8719,6,0,6
8720,7,0,6
8721,7,0,6
8722,8,1,8
8723,7,0,6
8724,6,2,2
8725,2,1,8
8726,7,0,6
8727,1,1,8
8728,8,1,8
8729,6,0,6
8730,7,0,6
8731,2,2,2
8732,2,2,2
8733,5,3,5
8734,2,0,6
8735,6,1,8
8736,2,2,2
8737,8,1,8
8738,5,3,5
8739,2,2,2
8740,6,0,6
8741,3,6,3
8742,1,4,1
8743,8,1,8
8744,2,2,2
8745,8,1,8
8746,7,0,6
8747,7,0,6
8748,0,7,0
8749,4,5,4
8750,2,2,2
8751,8,1,8
8752,2,2,2
8753,6,0,6
8754,5,3,5
8755,2,2,2
8756,2,2,2
8757,6,0,6
8758,8,1,8
8759,2,2,2
8760,8,1,8
8761,6,0,6
8762,7,0,6
8763,6,0,6
8764,7,0,6
8765,6,0,6
8766,7,0,6
8767,5,3,5
8768,6,1,8
8769,6,0,6
8770,8,1,8
8771,7,0,6
8772,7,0,6
8773,8,1,8
8774,7,1,8
8775,7,0,6
8776,7,0,6
8777,6,2,2
8778,6,0,6
8779,7,0,6
8780,2,2,2
8781,2,2,2
8782,7,0,6
8783,6,0,6
8784,5,3,5
8785,7,4,1
8786,2,2,2
8787,8,1,8
8788,2,2,2
8789,6,0,6
8790,7,0,6
8791,4,5,4
8792,6,1,8
8793,2,2,2
8794,8,1,8
8795,7,0,6
8796,5,3,5
8797,6,0,6
8798,8,1,8
8799,8,1,8
8800,5,3,5
8801,2,2,2
8802,7,0,6
8803,2,2,2
8804,8,1,8
8805,8,1,8
8806,7,0,6
8807,8,0,6
8808,2,2,2
8809,6,0,6
8810,2,1,8
8811,5,3,5
8812,1,4,1
8813,8,1,8
8814,8,1,8
8815,7,0,6
8816,8,0,6
8817,8,1,8
8818,8,1,8
8819,7,0,6
8820,5,0,6
8821,5,3,5
8822,6,1,8
8823,7,0,6
8824,8,1,8
8825,2,2,2
8826,8,1,8
8827,7,0,6
8828,5,3,5
8829,5,3,5
8830,8,1,8
8831,8,1,8
8832,7,0,6
8833,8,1,8
8834,8,0,6
8835,6,1,8
8836,7,0,6
8837,6,0,6
8838,6,0,6
8839,2,2,2
8840,2,2,2
8841,8,1,8
8842,5,3,5
8843,5,3,5
8844,5,3,5
8845,2,2,2
8846,1,4,1
8847,6,0,6
8848,6,4,1
8849,8,1,8
8850,5,3,5
8851,8,1,8
8852,6,0,6
8853,6,0,6
8854,8,1,8
8855,8,1,8
8856,7,0,6
8857,2,2,2
8858,8,1,8
8859,5,3,5
8860,8,1,8
8861,5,3,5
8862,8,1,8
8863,4,5,4
8864,5,3,5
8865,5,3,5
8866,7,2,2
8867,1,4,1
8868,2,2,2
8869,7,0,6
8870,2,2,2
8871,8,1,8
8872,6,0,6
8873,5,3,5
8874,2,2,2
8875,6,0,6
8876,7,0,6
8877,7,0,6
8878,8,1,8
8879,7,0,6
8880,6,0,6
8881,6,0,6
8882,4,5,4
8883,7,0,6
8884,7,0,6
8885,8,1,8
8886,8,1,8
8887,7,0,6
8888,6,1,8
8889,2,2,2
8890,6,0,6
8891,7,0,6
8892,2,2,2
8893,2,2,2
8894,2,2,2
8895,8,1,8
8896,6,0,6
8897,8,1,8
8898,6,0,6
8899,8,1,8
8900,4,5,4
8901,5,3,5
8902,6,0,6
8903,8,1,8
8904,2,2,2
8905,8,1,8
8906,6,0,6
8907,7,0,6
8908,6,0,6
8909,7,0,6
8910,7,0,6
8911,8,1,8
8912,6,0,6
8913,8,1,8
8914,2,2,2
8915,5,3,5
8916,5,3,5
8917,8,1,8
8918,7,0,6
8919,8,1,8
8920,7,0,6
8921,7,0,6
8922,6,1,8
8923,8,1,8
8924,6,0,6
8925,6,0,6
8926,2,2,2
8927,8,1,8
8928,4,5,4
8929,8,1,8
8930,4,5,4
8931,8,1,8
8932,2,2,2
8933,7,0,6
8934,5,3,5
8935,7,0,6
8936,6,0,6
8937,8,1,8
8938,7,0,6
8939,6,1,8
8940,3,0,6
8941,8,1,8
8942,6,1,8
8943,7,0,6
8944,8,0,6
8945,8,1,8
8946,7,0,6
8947,8,1,8
8948,8,1,8
8949,5,3,5
8950,8,1,8
8951,7,0,6
8952,7,0,6
8953,6,0,6
8954,8,0,6
8955,8,1,8
8956,8,1,8
8957,2,2,2
8958,2,2,2
8959,8,1,8
8960,5,3,5
8961,6,0,6
8962,6,0,6
8963,6,0,6
8964,6,0,6
8965,2,2,2
8966,6,0,6
8967,7,0,6
8968,8,1,8
8969,5,3,5
8970,8,1,8
8971,8,1,8
8972,6,0,6
8973,2,2,2
8974,2,2,2
8975,7,0,6
8976,6,3,5
8977,6,0,6
8978,8,1,8
8979,6,0,6
8980,5,3,5
8981,2,2,2
8982,2,2,2
8983,7,0,6
8984,1,4,1
8985,6,0,6
8986,1,4,1
8987,6,0,6
8988,8,1,8
8989,7,0,6
8990,8,0,6
8991,7,0,6
8992,5,0,6
8993,2,2,2
8994,4,5,4
8995,6,0,6
8996,8,0,6
8997,2,2,2
8998,7,0,6
8999,6,1,8
9000,8,0,6
9001,8,1,8
9002,2,2,2
9003,2,2,2
9004,8,1,8
9005,8,1,8
9006,8,1,8
9007,2,2,2
9008,8,1,8
9009,5,3,5
9010,8,1,8
9011,1,1,8
9012,5,3,5
9013,8,1,8
9014,5,3,5
9015,3,6,3
9016,8,0,6
9017,7,0,6
9018,7,0,6
9019,8,1,8
9020,7,0,6
9021,8,1,8
9022,6,0,6
9023,6,1,8
9024,1,4,1
9025,8,1,8
9026,1,1,8
9027,0,7,0
9028,8,1,8
9029,2,2,2
9030,7,0,6
9031,2,2,2
9032,8,1,8
9033,8,0,6
9034,6,0,6
9035,7,0,6
9036,1,2,2
9037,5,3,5
9038,2,2,2
9039,8,0,6
9040,2,2,2
9041,7,0,6
9042,8,1,8
9043,6,0,6
9044,2,2,2
9045,6,0,6
9046,5,3,5
9047,6,1,8
9048,6,1,8
9049,5,3,5
9050,7,0,6
9051,6,0,6
9052,7,0,6
9053,5,3,5
9054,6,1,8
9055,8,1,8
9056,6,0,6
9057,7,0,6
9058,7,0,6
9059,6,1,8
9060,6,0,6
9061,6,1,8
9062,5,3,5
9063,2,2,2
9064,8,1,8
9065,7,0,6
9066,5,3,5
9067,3,6,3
9068,7,0,6
9069,2,2,2
9070,7,0,6
9071,6,0,6
9072,6,0,6
9073,7,0,6
9074,2,2,2
9075,8,1,8
9076,5,3,5
9077,2,2,2
9078,8,1,8
9079,8,1,8
9080,8,1,8
9081,1,4,1
9082,2,2,2
9083,2,2,2
9084,5,3,5
9085,5,3,5
9086,6,1,8
9087,2,0,6
9088,7,0,6
9089,8,1,8
9090,7,0,6
9091,7,0,6
9092,7,0,6
9093,2,2,2
9094,5,3,5
9095,8,1,8
9096,8,1,8
9097,2,2,2
9098,5,3,5
9099,7,0,6
9100,6,0,6
9101,7,0,6
9102,8,1,8
9103,2,2,2
9104,8,0,6
9105,8,1,8
9106,7,0,6
9107,8,1,8
9108,7,0,6
9109,6,0,6
9110,2,2,2
9111,8,1,8
9112,8,1,8
9113,7,0,6
9114,8,1,8
9115,8,0,6
9116,8,1,8
9117,5,3,5
9118,5,3,5
9119,8,1,8
9120,2,2,2
9121,2,2,2
9122,8,1,8
9123,7,0,6
9124,8,1,8
9125,8,1,8
9126,2,2,2
9127,2,2,2
9128,2,0,6
9129,8,1,8
9130,8,1,8
9131,7,0,6
9132,6,0,6
9133,6,0,6
9134,8,0,6
9135,7,0,6
9136,8,1,8
9137,3,6,3
9138,7,0,6
9139,7,0,6
9140,8,1,8
9141,5,3,5
9142,7,0,6
9143,6,1,8
9144,2,2,2
9145,3,6,3
9146,7,0,6
9147,5,3,5
9148,5,3,5
9149,6,0,6
9150,5,3,5
9151,8,1,8
9152,8,0,6
9153,5,3,5
9154,7,0,6
9155,8,1,8
9156,7,4,1
9157,7,0,6
9158,1,4,1
9159,6,0,6
9160,7,0,6
9161,1,4,1
9162,6,1,8
9163,6,1,8
9164,2,2,2
9165,2,2,2
9166,7,0,6
9167,7,0,6
9168,8,1,8
9169,1,4,1
9170,7,0,6
9171,6,0,6
9172,8,1,8
9173,8,1,8
9174,7,0,6
9175,2,2,2
9176,6,1,8
9177,5,0,6
9178,8,1,8
9179,7,0,6
9180,5,3,5
9181,8,1,8
9182,8,1,8
9183,8,1,8
9184,6,0,6
9185,7,0,6
9186,5,3,5
9187,6,0,6
9188,8,1,8
9189,7,0,6
9190,8,1,8
9191,2,2,2
9192,2,2,2
9193,8,1,8
9194,7,0,6
9195,8,1,8
9196,5,3,5
9197,8,1,8
9198,1,4,1
9199,6,0,6
9200,2,2,2
9201,8,0,6
9202,5,3,5
9203,1,4,1
9204,7,0,6
9205,8,1,8
9206,8,1,8
9207,7,0,6
9208,5,3,5
9209,6,0,6
9210,6,0,6
9211,4,5,4
9212,5,3,5
9213,7,0,6
9214,8,1,8
9215,1,4,1
9216,2,0,6
9217,8,1,8
9218,6,0,6
9219,2,2,2
9220,2,2,2
9221,7,0,6
9222,2,2,2
9223,7,0,6
9224,8,1,8
9225,8,1,8
9226,6,1,8
9227,8,1,8
9228,3,6,3
9229,7,0,6
9230,7,0,6
9231,8,1,8
9232,6,0,6
9233,2,2,2
9234,8,0,6
9235,7,0,6
9236,6,2,2
9237,6,0,6
9238,1,4,1
9239,6,0,6
9240,7,0,6
9241,6,4,1
9242,5,3,5
9243,8,1,8
9244,2,2,2
9245,2,0,6
9246,8,2,2
9247,2,2,2
9248,8,1,8
9249,8,1,8
9250,2,2,2
9251,1,4,1
9252,6,1,8
9253,7,0,6
9254,2,2,2
9255,2,2,2
9256,5,3,5
9257,6,0,6
9258,2,2,2
9259,8,1,8
9260,2,2,2
9261,7,0,6
9262,6,1,8
9263,8,1,8
9264,2,2,2
9265,2,2,2
9266,7,2,2
9267,6,0,6
9268,8,1,8
9269,0,7,0
9270,6,0,6
9271,5,3,5
9272,5,3,5
9273,7,0,6
9274,2,2,2
9275,8,1,8
9276,8,1,8
9277,6,0,6
9278,2,0,6
9279,4,5,4
9280,5,3,5
9281,7,0,6
9282,7,0,6
9283,7,0,6
9284,6,0,6
9285,7,0,6
9286,8,1,8
9287,8,1,8
9288,5,3,5
9289,6,1,8
9290,6,0,6
9291,5,3,5
9292,7,0,6
9293,7,1,8
9294,8,1,8
9295,8,1,8
9296,8,1,8
9297,2,2,2
9298,6,4,1
9299,2,2,2
9300,8,1,8
9301,8,1,8
9302,5,3,5
9303,5,3,5
9304,7,0,6
9305,2,2,2
9306,1,4,1
9307,2,1,8
9308,6,0,6
9309,2,2,2
9310,2,2,2
9311,6,0,6
9312,6,0,6
9313,2,0,6
9314,2,2,2
9315,2,2,2
9316,0,7,0
9317,7,0,6
9318,8,0,6
9319,8,1,8
9320,7,0,6
9321,6,0,6
9322,1,2,2
9323,6,0,6
9324,2,2,2
9325,2,2,2
9326,7,1,8
9327,8,1,8
9328,2,2,2
9329,8,1,8
9330,2,0,6
9331,8,1,8
9332,8,0,6
9333,8,1,8
9334,7,0,6
9335,6,0,6
9336,1,1,8
9337,8,1,8
9338,7,0,6
9339,6,0,6
9340,5,3,5
9341,6,0,6
9342,6,0,6
9343,8,0,6
9344,7,0,6
9345,7,0,6
9346,8,2,2
9347,7,0,6
9348,8,1,8
9349,7,0,6
9350,2,2,2
9351,2,2,2
9352,2,2,2
9353,8,1,8
9354,7,0,6
9355,2,2,2
9356,6,0,6
9357,7,0,6
9358,7,0,6
9359,2,2,2
9360,6,0,6
9361,6,0,6
9362,1,4,1
9363,8,1,8
9364,6,0,6
9365,7,0,6
9366,5,3,5
9367,7,0,6
9368,7,0,6
9369,7,0,6
9370,8,1,8
9371,6,0,6
9372,5,3,5
9373,8,1,8
9374,6,1,8
9375,8,1,8
9376,7,0,6
9377,8,1,8
9378,6,1,8
9379,8,1,8
9380,7,0,6
9381,4,5,4
9382,8,1,8
9383,5,3,5
9384,4,5,4
9385,8,1,8
9386,8,1,8
9387,5,3,5
9388,5,3,5
9389,5,3,5
9390,7,0,6
9391,7,0,6
9392,7,0,6
9393,8,0,6
9394,6,0,6
9395,8,1,8
9396,8,1,8
9397,8,1,8
9398,7,0,6
9399,7,0,6
9400,6,0,6
9401,7,0,6
9402,2,2,2
9403,4,5,4
9404,7,0,6
9405,2,2,2
9406,2,2,2
9407,2,2,2
9408,6,0,6
9409,7,0,6
9410,8,1,8
9411,8,3,5
9412,6,2,2
9413,5,3,5
9414,3,6,3
9415,2,2,2
9416,8,1,8
9417,5,1,8
9418,5,3,5
9419,8,1,8
9420,6,0,6
9421,8,1,8
9422,8,1,8
9423,8,0,6
9424,8,1,8
9425,8,1,8
9426,6,0,6
9427,6,0,6
9428,2,2,2
9429,8,1,8
9430,7,0,6
9431,8,1,8
9432,8,1,8
9433,8,1,8
9434,8,1,8
9435,6,0,6
9436,8,1,8
9437,2,2,2
9438,0,7,0
9439,8,1,8
9440,8,1,8
9441,8,1,8
9442,6,0,6
9443,5,3,5
9444,7,0,6
9445,7,0,6
9446,8,1,8
9447,8,1,8
9448,8,1,8
9449,6,0,6
9450,8,1,8
9451,5,3,5
9452,8,1,8
9453,8,1,8
9454,2,2,2
9455,6,1,8
9456,4,5,4
9457,8,1,8
9458,8,1,8
9459,2,2,2
9460,2,2,2
9461,7,0,6
9462,7,0,6
9463,5,3,5
9464,5,3,5
9465,8,0,6
9466,2,2,2
9467,1,1,8
9468,7,0,6
9469,5,3,5
9470,8,1,8
9471,7,0,6
9472,6,0,6
9473,6,0,6
9474,6,0,6
9475,5,3,5
9476,8,1,8
9477,1,4,1
9478,3,6,3
9479,7,0,6
9480,2,2,2
9481,6,1,8
9482,5,3,5
9483,8,0,6
9484,6,0,6
9485,6,4,1
9486,6,0,6
9487,8,0,6
9488,1,4,1
9489,8,1,8
9490,5,3,5
9491,8,1,8
9492,8,1,8
9493,7,0,6
9494,2,1,8
9495,6,0,6
9496,7,0,6
9497,7,0,6
9498,6,0,6
9499,7,0,6
9500,7,0,6
9501,8,0,6
9502,2,2,2
9503,7,0,6
9504,2,2,2
9505,5,3,5
9506,6,0,6
9507,2,2,2
9508,7,0,6
9509,6,1,8
9510,7,0,6
9511,2,0,6
9512,1,4,1
9513,7,0,6
9514,6,1,8
9515,8,4,1
9516,6,3,5
9517,5,0,6
9518,6,0,6
9519,1,0,6
9520,0,7,0
9521,6,0,6
9522,7,0,6
9523,7,0,6
9524,6,4,1
9525,1,4,1
9526,2,2,2
9527,7,0,6
9528,5,3,5
9529,6,0,6
9530,2,2,2
9531,5,3,5
9532,2,2,2
9533,8,1,8
9534,8,1,8
9535,6,1,8
9536,5,3,5
9537,8,1,8
9538,6,0,6
9539,1,4,1
9540,7,0,6
9541,6,1,8
9542,6,1,8
9543,7,1,8
9544,7,0,6
9545,8,0,6
9546,8,1,8
9547,5,3,5
9548,7,0,6
9549,7,0,6
9550,6,0,6
9551,6,0,6
9552,7,0,6
9553,7,0,6
9554,6,1,8
9555,6,0,6
9556,7,0,6
9557,2,2,2
9558,8,1,8
9559,2,2,2
9560,2,2,2
9561,7,0,6
9562,4,5,4
9563,7,0,6
9564,7,0,6
9565,2,2,2
9566,2,2,2
9567,6,0,6
9568,8,1,8
9569,7,0,6
9570,6,0,6
9571,6,0,6
9572,5,3,5
9573,7,0,6
9574,2,0,6
9575,1,4,1
9576,6,2,2
9577,5,0,6
9578,8,1,8
9579,6,2,2
9580,2,2,2
9581,6,1,8
9582,8,1,8
9583,4,5,4
9584,2,2,2
9585,2,2,2
9586,7,4,1
9587,8,1,8
9588,8,1,8
9589,2,2,2
9590,5,3,5
9591,5,3,5
9592,5,3,5
9593,7,1,8
9594,8,1,8
9595,7,0,6
9596,8,0,6
9597,5,3,5
9598,7,0,6
9599,7,0,6
9600,6,1,8
9601,0,7,0
9602,2,2,2
9603,6,4,1
9604,8,1,8
9605,2,2,2
9606,8,1,8
9607,7,0,6
9608,6,2,2
9609,7,0,6
9610,6,0,6
9611,8,1,8
9612,8,1,8
9613,8,1,8
9614,1,0,6
9615,2,2,2
9616,6,1,8
9617,8,1,8
9618,8,1,8
9619,7,0,6
9620,8,1,8
9621,5,0,6
9622,6,0,6
9623,2,2,2
9624,6,0,6
9625,8,1,8
9626,6,0,6
9627,5,3,5
9628,8,1,8
9629,2,2,2
9630,8,1,8
9631,7,0,6
9632,5,3,5
9633,8,4,1
9634,6,0,6
9635,1,4,1
9636,1,4,1
9637,2,2,2
9638,5,3,5
9639,7,0,6
9640,8,1,8
9641,2,2,2
9642,6,0,6
9643,2,2,2
9644,6,0,6
9645,7,0,6
9646,2,2,2
9647,8,1,8
9648,6,0,6
9649,8,1,8
9650,8,1,8
9651,6,1,8
9652,8,4,1
9653,8,1,8
9654,8,0,6
9655,2,2,2
9656,5,3,5
9657,7,0,6
9658,6,4,1
9659,8,1,8
9660,6,0,6
9661,8,1,8
9662,7,0,6
9663,8,1,8
9664,6,4,1
9665,6,0,6
9666,8,1,8
9667,8,1,8
9668,7,0,6
9669,5,3,5
9670,8,1,8
9671,7,0,6
9672,5,1,8
9673,8,1,8
9674,5,3,5
9675,6,4,1
9676,1,4,1
9677,6,0,6
9678,5,3,5
9679,7,0,6
9680,7,0,6
9681,8,1,8
9682,5,3,5
9683,2,0,6
9684,3,6,3
9685,4,5,4
9686,7,0,6
9687,1,4,1
9688,8,1,8
9689,7,0,6
9690,5,3,5
9691,7,0,6
9692,2,2,2
9693,6,0,6
9694,2,2,2
9695,2,2,2
9696,8,1,8
9697,4,0,6
9698,5,3,5
9699,7,0,6
9700,7,4,1
9701,6,0,6
9702,7,1,8
9703,6,1,8
9704,7,0,6
9705,5,1,8
9706,6,0,6
9707,6,0,6
9708,5,3,5
9709,5,3,5
9710,7,0,6
9711,8,0,6
9712,8,1,8
9713,6,0,6
9714,7,0,6
9715,8,1,8
9716,7,0,6
9717,5,3,5
9718,2,2,2
9719,7,0,6
9720,2,2,2
9721,7,0,6
9722,5,3,5
9723,6,0,6
9724,7,1,8
9725,6,0,6
9726,6,1,8
9727,8,1,8
9728,2,2,2
9729,6,0,6
9730,2,2,2
9731,6,0,6
9732,6,1,8
9733,6,0,6
9734,7,4,1
9735,7,0,6
9736,2,2,2
9737,2,1,8
9738,6,0,6
9739,4,5,4
9740,8,1,8
9741,6,0,6
9742,7,0,6
9743,6,0,6
9744,1,4,1
9745,4,5,4
9746,2,0,6
9747,2,2,2
9748,7,0,6
9749,6,2,2
9750,7,0,6
9751,5,0,6
9752,5,3,5
9753,6,2,2
9754,2,2,2
9755,7,0,6
9756,7,0,6
9757,7,0,6
9758,2,2,2
9759,8,1,8
9760,2,2,2
9761,5,3,5
9762,7,0,6
9763,7,0,6
9764,8,0,6
9765,2,2,2
9766,8,1,8
9767,6,0,6
9768,8,0,6
9769,8,1,8
9770,2,0,6
9771,8,1,8
9772,5,3,5
9773,7,0,6
9774,8,1,8
9775,6,0,6
9776,2,2,2
9777,8,1,8
9778,7,0,6
9779,7,0,6
9780,8,1,8
9781,2,2,2
9782,6,1,8
9783,8,1,8
9784,8,1,8
9785,6,0,6
9786,7,0,6
9787,7,1,8
9788,7,0,6
9789,2,2,2
9790,8,3,5
9791,2,2,2
9792,7,0,6
9793,8,1,8
9794,6,2,2
9795,5,3,5
9796,6,1,8
9797,6,0,6
9798,4,5,4
9799,6,0,6
9800,6,0,6
9801,7,0,6
9802,6,0,6
9803,4,5,4
9804,6,1,8
9805,8,1,8
9806,5,3,5
9807,7,0,6
9808,7,0,6
9809,5,3,5
9810,8,0,6
9811,7,0,6
9812,7,0,6
9813,8,1,8
9814,8,1,8
9815,6,0,6
9816,8,1,8
9817,2,2,2
9818,6,0,6
9819,6,0,6
9820,2,2,2
9821,2,2,2
9822,6,0,6
9823,8,1,8
9824,5,3,5
9825,5,0,6
9826,6,1,8
9827,8,1,8
9828,1,4,1
9829,8,0,6
9830,8,1,8
9831,6,0,6
9832,2,2,2
9833,2,2,2
9834,6,0,6
9835,6,0,6
9836,6,0,6
9837,5,1,8
9838,5,3,5
9839,2,2,2
9840,6,0,6
9841,8,1,8
9842,2,2,2
9843,5,2,2
9844,6,0,6
9845,5,3,5
9846,7,0,6
9847,7,0,6
9848,8,1,8
9849,7,0,6
9850,2,1,8
9851,8,1,8
9852,6,2,2
9853,6,1,8
9854,1,0,6
9855,7,0,6
9856,8,1,8
9857,2,2,2
9858,5,3,5
9859,8,1,8
9860,2,2,2
9861,7,0,6
9862,6,0,6
9863,1,4,1
9864,8,1,8
9865,8,0,6
9866,5,3,5
9867,6,0,6
9868,6,0,6
9869,6,0,6
9870,2,4,1
9871,8,0,6
9872,5,3,5
9873,2,0,6
9874,7,0,6
9875,8,1,8
9876,6,0,6
9877,2,2,2
9878,2,2,2
9879,8,1,8
9880,8,1,8
9881,6,0,6
9882,4,5,4
9883,6,0,6
9884,2,2,2
9885,6,0,6
9886,8,1,8
9887,7,0,6
9888,6,2,2
9889,6,0,6
9890,8,1,8
9891,8,0,6
9892,8,1,8
9893,2,2,2
9894,6,0,6
9895,8,1,8
9896,6,0,6
9897,2,2,2
9898,7,0,6
9899,7,0,6
9900,7,0,6
9901,7,0,6
9902,6,1,8
9903,5,3,5
9904,7,0,6
9905,8,1,8
9906,8,1,8
9907,6,0,6
9908,5,3,5
9909,8,1,8
9910,5,3,5
9911,8,1,8
9912,7,0,6
9913,8,1,8
9914,8,1,8
9915,7,0,6
9916,6,0,6
9917,6,0,6
9918,6,1,8
9919,8,1,8
9920,7,0,6
9921,8,1,8
9922,8,1,8
9923,8,1,8
9924,6,0,6
9925,5,0,6
9926,8,1,8
9927,8,1,8
9928,7,0,6
9929,8,1,8
9930,6,0,6
9931,6,1,8
9932,6,1,8
9933,8,1,8
9934,7,0,6
9935,5,3,5
9936,7,0,6
9937,8,0,6
9938,2,2,2
9939,5,3,5
9940,6,0,6
9941,6,0,6
9942,1,4,1
9943,6,0,6
9944,6,0,6
9945,7,0,6
9946,5,3,5
9947,5,0,6
9948,8,1,8
9949,6,0,6
9950,8,1,8
9951,6,4,1
9952,2,2,2
9953,6,0,6
9954,2,2,2
9955,6,1,8
9956,4,5,4
9957,8,1,8
9958,8,1,8
9959,6,0,6
9960,2,2,2
9961,6,0,6
9962,8,1,8
9963,2,2,2
9964,8,1,8
9965,7,1,8
9966,2,2,2
9967,6,0,6
9968,2,2,2
9969,3,6,3
9970,2,2,2
9971,7,0,6
9972,7,0,6
9973,2,2,2
9974,6,1,8
9975,2,2,2
9976,8,1,8
9977,7,0,6
9978,2,2,2
9979,2,2,2
9980,6,0,6
9981,4,5,4
9982,2,2,2
9983,8,1,8
9984,7,0,6
9985,5,3,5
9986,2,2,2
9987,3,6,3
9988,2,2,2
9989,6,0,6
9990,8,1,8
9991,6,0,6
9992,2,2,2
9993,8,0,6
9994,8,1,8
9995,7,0,6
9996,8,1,8
9997,6,0,6
9998,1,4,1
9999,1,4,1
10000,6,0,6
10001,2,2,2
10002,2,2,2
10003,6,0,6
10004,6,4,1
10005,6,0,6
10006,8,1,8
10007,7,0,6
10008,7,0,6
10009,5,3,5
10010,6,0,6
10011,8,1,8
10012,7,0,6
10013,8,1,8
10014,6,0,6
10015,7,0,6
10016,8,1,8
10017,8,1,8
10018,7,0,6
10019,1,0,6
10020,2,2,2
10021,8,1,8
10022,2,2,2
10023,6,4,1
10024,8,1,8
10025,6,0,6
10026,7,0,6
10027,8,1,8
10028,5,3,5
10029,2,2,2
10030,2,2,2
10031,2,2,2
10032,0,7,0
10033,8,1,8
10034,4,5,4
10035,7,0,6
10036,2,2,2
10037,7,0,6
10038,8,1,8
10039,8,1,8
10040,6,0,6
10041,8,0,6
10042,2,2,2
10043,7,0,6
10044,8,1,8
10045,7,0,6
10046,5,1,8
10047,6,1,8
10048,2,2,2
10049,6,1,8
10050,6,0,6
10051,5,3,5
10052,6,0,6
10053,2,2,2
10054,7,0,6
10055,6,0,6
10056,2,2,2
10057,5,3,5
10058,6,0,6
10059,8,1,8
10060,7,0,6
10061,8,1,8
10062,6,0,6
10063,5,3,5
10064,6,1,8
10065,8,0,6
10066,5,3,5
10067,8,1,8
10068,6,0,6
10069,7,0,6
10070,8,1,8
10071,2,2,2
10072,2,2,2
10073,6,1,8
10074,4,5,4
10075,2,2,2
10076,8,1,8
10077,8,0,6
10078,4,0,6
10079,6,0,6
10080,5,0,6
10081,6,1,8
10082,5,3,5
10083,5,3,5
10084,7,0,6
10085,6,2,2
10086,6,0,6
10087,7,0,6
10088,2,2,2
10089,2,2,2
10090,8,1,8
10091,8,1,8
10092,2,2,2
10093,7,0,6
10094,6,0,6
10095,7,0,6
10096,1,4,1
10097,8,1,8
10098,7,0,6
10099,4,5,4
10100,8,0,6
10101,6,0,6
10102,5,3,5
10103,6,0,6
10104,8,1,8
10105,6,0,6
10106,8,1,8
10107,7,0,6
10108,8,1,8
10109,7,0,6
10110,2,2,2
10111,7,0,6
10112,8,1,8
10113,8,1,8
10114,1,4,1
10115,2,2,2
10116,2,2,2
10117,2,0,6
10118,2,2,2
10119,8,1,8
10120,8,1,8
10121,8,1,8
10122,0,7,0
10123,2,2,2
10124,2,2,2
10125,1,4,1
10126,6,2,2
10127,7,0,6
10128,7,0,6
10129,7,0,6
10130,7,0,6
10131,6,1,8
10132,5,3,5
10133,8,1,8
10134,8,1,8
10135,8,1,8
10136,8,1,8
10137,8,1,8
10138,8,1,8
10139,6,0,6
10140,8,1,8
10141,6,4,1
10142,8,1,8
10143,6,0,6
10144,8,0,6
10145,7,0,6
10146,1,4,1
10147,2,3,5
10148,2,2,2
10149,8,1,8
10150,5,3,5
10151,6,0,6
10152,5,3,5
10153,6,0,6
10154,6,0,6
10155,6,0,6
10156,6,0,6
10157,6,0,6
10158,1,4,1
10159,2,2,2
10160,8,1,8
10161,2,2,2
10162,8,1,8
10163,6,1,8
10164,7,0,6
10165,8,1,8
10166,8,1,8
10167,2,0,6
10168,2,2,2
10169,2,2,2
10170,8,1,8
10171,7,0,6
10172,7,0,6
10173,2,2,2
10174,6,0,6
10175,2,2,2
10176,2,2,2
10177,8,1,8
10178,1,2,2
10179,8,2,2
10180,6,1,8
10181,6,1,8
10182,8,1,8
10183,7,0,6
10184,6,0,6
10185,7,0,6
10186,6,0,6
10187,7,0,6
10188,7,0,6
10189,2,2,2
10190,7,0,6
10191,5,3,5
10192,6,0,6
10193,6,0,6
10194,2,2,2
10195,3,6,3
10196,8,1,8
10197,7,0,6
10198,8,1,8
10199,5,3,5
10200,2,2,2
10201,5,3,5
10202,6,0,6
10203,8,1,8
10204,6,0,6
10205,1,4,1
10206,8,1,8
10207,6,1,8
10208,6,0,6
10209,2,2,2
10210,7,0,6
10211,5,3,5
10212,7,1,8
10213,5,3,5
10214,8,1,8
10215,1,4,1
10216,8,1,8
10217,8,1,8
10218,6,0,6
10219,2,2,2
10220,8,1,8
10221,8,1,8
10222,2,2,2
10223,8,1,8
10224,5,3,5
10225,6,0,6
10226,1,4,1
10227,2,2,2
10228,6,0,6
10229,8,1,8
10230,7,0,6
10231,6,4,1
10232,6,0,6
10233,6,0,6
10234,5,3,5
10235,8,0,6
10236,8,4,1
10237,8,1,8
10238,6,0,6
10239,6,0,6
10240,5,3,5
10241,6,0,6
10242,8,1,8
10243,6,0,6
10244,5,0,6
10245,8,1,8
10246,5,3,5
10247,6,1,8
10248,8,1,8
10249,8,1,8
10250,8,1,8
10251,8,1,8
10252,5,3,5
10253,8,1,8
10254,5,3,5
10255,5,3,5
10256,7,0,6
10257,5,3,5
10258,2,2,2
10259,4,5,4
10260,1,4,1
10261,7,0,6
10262,7,0,6
10263,5,3,5
10264,6,0,6
10265,7,0,6
10266,6,1,8
10267,1,0,6
10268,2,2,2
10269,6,0,6
10270,7,0,6
10271,2,2,2
10272,8,1,8
10273,7,0,6
10274,8,0,6
10275,6,1,8
10276,7,0,6
10277,3,6,3
10278,8,1,8
10279,5,3,5
10280,8,1,8
10281,8,1,8
10282,6,0,6
10283,6,0,6
10284,6,0,6
10285,7,0,6
10286,8,1,8
10287,8,1,8
10288,6,0,6
10289,6,0,6
10290,5,3,5
10291,8,1,8
10292,8,1,8
10293,8,1,8
10294,7,0,6
10295,4,5,4
10296,1,4,1
10297,2,2,2
10298,8,4,1
10299,6,0,6
10300,5,3,5
10301,2,2,2
10302,8,0,6
10303,7,0,6
10304,6,4,1
10305,6,0,6
10306,1,0,6
10307,2,2,2
10308,8,1,8
10309,2,2,2
10310,7,0,6
10311,7,0,6
10312,6,0,6
10313,6,0,6
10314,8,0,6
10315,5,3,5
10316,6,0,6
10317,8,1,8
10318,7,0,6
10319,6,0,6
10320,6,1,8
10321,5,0,6
10322,7,0,6
10323,7,0,6
10324,8,1,8
10325,7,0,6
10326,5,3,5
10327,8,1,8
10328,6,4,1
10329,2,2,2
10330,2,2,2
10331,5,3,5
10332,2,2,2
10333,8,1,8
10334,8,1,8
10335,6,2,2
10336,8,1,8
10337,8,1,8
10338,6,1,8
10339,8,1,8
10340,6,0,6
10341,8,1,8
10342,7,0,6
10343,6,0,6
10344,8,1,8
10345,7,0,6
10346,7,0,6
10347,7,0,6
10348,7,0,6
10349,8,1,8
10350,0,7,0
10351,8,1,8
10352,6,8,7
10353,6,1,8
10354,8,0,6
10355,5,3,5
10356,7,0,6
10357,6,0,6
10358,6,1,8
10359,4,5,4
10360,7,0,6
10361,6,1,8
10362,8,1,8
10363,6,0,6
10364,6,1,8
10365,6,4,1
10366,5,3,5
10367,5,3,5
10368,5,3,5
10369,2,2,2
10370,8,1,8
10371,6,0,6
10372,4,5,4
10373,6,0,6
10374,8,4,1
10375,7,0,6
10376,6,0,6
10377,5,3,5
10378,8,1,8
10379,6,0,6
10380,6,2,2
10381,8,1,8
10382,7,0,6
10383,8,1,8
10384,8,1,8
10385,6,3,5
10386,2,2,2
10387,2,2,2
10388,7,0,6
10389,8,4,1
10390,8,1,8
10391,7,0,6
10392,2,2,2
10393,5,3,5
10394,7,0,6
10395,6,1,8
10396,7,0,6
10397,8,1,8
10398,0,7,0
10399,8,1,8
10400,2,2,2
10401,2,2,2
10402,8,1,8
10403,2,2,2
10404,6,0,6
10405,4,5,4
10406,8,1,8
10407,8,0,6
10408,5,3,5
10409,2,2,2
10410,5,3,5
10411,7,0,6
10412,2,2,2
10413,8,1,8
10414,8,1,8
10415,6,0,6
10416,7,0,6
10417,6,0,6
10418,2,2,2
10419,6,0,6
10420,0,7,0
10421,6,0,6
10422,6,1,8
10423,7,0,6
10424,2,2,2
10425,8,1,8
10426,6,0,6
10427,7,0,6
10428,6,0,6
10429,2,2,2
10430,6,2,2
10431,1,4,1
10432,7,0,6
10433,2,1,8
10434,6,1,8
10435,8,1,8
10436,8,1,8
10437,1,4,1
10438,7,0,6
10439,7,0,6
10440,2,2,2
10441,8,1,8
10442,2,2,2
10443,2,0,6
10444,7,0,6
10445,8,1,8
10446,8,1,8
10447,6,0,6
10448,2,2,2
10449,8,1,8
10450,5,3,5
10451,2,2,2
10452,7,0,6
10453,8,1,8
10454,8,1,8
10455,2,0,6
10456,6,0,6
10457,2,2,2
10458,6,1,8
10459,7,0,6
10460,8,1,8
10461,2,2,2
10462,8,1,8
10463,2,2,2
10464,6,0,6
10465,8,4,1
10466,7,0,6
10467,6,0,6
10468,8,1,8
10469,6,0,6
10470,8,1,8
10471,1,2,2
10472,8,1,8
10473,8,1,8
10474,6,0,6
10475,4,5,4
10476,4,5,4
10477,6,1,8
10478,5,3,5
10479,7,0,6
10480,6,0,6
10481,2,2,2
10482,7,0,6
10483,8,1,8
10484,5,3,5
10485,7,0,6
10486,6,1,8
10487,1,4,1
10488,6,0,6
10489,4,5,4
10490,8,1,8
10491,8,1,8
10492,5,3,5
10493,8,1,8
10494,5,3,5
10495,7,0,6
10496,7,0,6
10497,6,2,2
10498,8,1,8
10499,8,1,8
10500,4,5,4
10501,7,0,6
10502,2,2,2
10503,7,0,6
10504,6,1,8
10505,5,3,5
10506,2,2,2
10507,8,1,8
10508,8,1,8
10509,4,5,4
10510,2,2,2
10511,8,4,1
10512,8,1,8
10513,7,0,6
10514,7,0,6
10515,5,3,5
10516,2,2,2
10517,6,0,6
10518,5,3,5
10519,1,4,1
10520,6,0,6
10521,5,3,5
10522,2,2,2
10523,6,1,8
10524,6,0,6
10525,6,4,1
10526,4,5,4
10527,8,1,8
10528,7,0,6
10529,6,0,6
10530,8,1,8
10531,5,3,5
10532,6,0,6
10533,1,4,1
10534,8,1,8
10535,6,0,6
10536,6,0,6
10537,8,0,6
10538,8,1,8
10539,7,0,6
10540,7,0,6
10541,5,3,5
10542,5,3,5
10543,8,1,8
10544,5,3,5
10545,8,1,8
10546,4,5,4
10547,6,0,6
10548,8,1,8
10549,2,2,2
10550,2,2,2
10551,7,0,6
10552,2,2,2
10553,8,1,8
10554,8,1,8
10555,8,1,8
10556,8,1,8
10557,1,4,1
10558,6,0,6
10559,8,1,8
10560,8,1,8
10561,6,0,6
10562,6,0,6
10563,2,2,2
10564,6,0,6
10565,8,0,6
10566,4,5,4
10567,7,0,6
10568,8,1,8
10569,6,0,6
10570,5,3,5
10571,7,0,6
10572,5,3,5
10573,8,1,8
10574,6,0,6
10575,7,0,6
10576,5,3,5
10577,3,6,3
10578,8,0,6
10579,5,3,5
10580,6,1,8
10581,5,3,5
10582,7,0,6
10583,1,4,1
10584,2,2,2
10585,5,3,5
10586,6,0,6
10587,2,2,2
10588,8,1,8
10589,8,1,8
10590,7,0,6
10591,6,2,2
10592,8,1,8
10593,7,0,6
10594,6,0,6
10595,6,0,6
10596,8,1,8
10597,6,0,6
10598,2,2,2
10599,6,0,6
10600,6,3,5
10601,6,0,6
10602,8,0,6
10603,8,1,8
10604,6,0,6
10605,5,3,5
10606,8,1,8
10607,8,1,8
10608,7,0,6
10609,8,1,8
10610,2,2,2
10611,5,3,5
10612,5,3,5
10613,2,2,2
10614,6,0,6
10615,6,0,6
10616,8,1,8
10617,7,0,6
10618,2,2,2
10619,1,4,1
10620,6,0,6
10621,8,1,8
10622,4,5,4
10623,6,0,6
10624,8,1,8
10625,7,0,6
10626,4,5,4
10627,7,1,8
10628,4,5,4
10629,8,1,8
10630,2,2,2
10631,6,0,6
10632,7,0,6
10633,7,0,6
10634,8,1,8
10635,8,1,8
10636,5,3,5
10637,1,1,8
10638,2,2,2
10639,8,3,5
10640,7,0,6
10641,2,2,2
10642,6,0,6
10643,8,1,8
10644,2,2,2
10645,8,1,8
10646,8,1,8
10647,5,3,5
10648,7,0,6
10649,6,1,8
10650,8,4,1
10651,8,1,8
10652,8,0,6
10653,8,1,8
10654,7,0,6
10655,8,1,8
10656,8,1,8
10657,6,0,6
10658,6,0,6
10659,2,2,2
10660,4,5,4
10661,8,1,8
10662,8,1,8
10663,2,2,2
10664,2,2,2
10665,1,4,1
10666,7,0,6
10667,2,2,2
10668,8,0,6
10669,8,1,8
10670,7,0,6
10671,8,1,8
10672,8,0,6
10673,2,2,2
10674,3,6,3
10675,6,1,8
10676,8,1,8
10677,6,0,6
10678,8,1,8
10679,8,1,8
10680,8,1,8
10681,8,1,8
10682,6,0,6
10683,2,2,2
10684,6,0,6
10685,5,0,6
10686,8,1,8
10687,7,0,6
10688,8,0,6
10689,8,1,8
10690,6,1,8
10691,2,2,2
10692,8,0,6
10693,8,1,8
10694,5,3,5
10695,8,1,8
10696,6,0,6
10697,6,0,6
10698,6,0,6
10699,7,0,6
10700,8,1,8
10701,2,2,2
10702,8,1,8
10703,8,1,8
10704,6,0,6
10705,6,0,6
10706,7,0,6
10707,8,1,8
10708,8,1,8
10709,5,3,5
10710,2,2,2
10711,6,0,6
10712,6,0,6
10713,8,1,8
10714,8,1,8
10715,5,3,5
10716,8,1,8
10717,7,0,6
10718,2,2,2
10719,2,0,6
10720,2,2,2
10721,8,1,8
10722,7,0,6
10723,6,0,6
10724,8,1,8
10725,4,5,4
10726,7,0,6
10727,8,0,6
10728,5,3,5
10729,8,1,8
10730,5,3,5
10731,2,2,2
10732,8,1,8
10733,6,0,6
10734,6,0,6
10735,6,0,6
10736,6,0,6
10737,2,2,2
10738,7,0,6
10739,8,1,8
10740,8,1,8
10741,6,1,8
10742,1,0,6
10743,2,2,2
10744,5,3,5
10745,4,5,4
10746,5,3,5
10747,6,1,8
10748,6,0,6
10749,2,0,6
10750,5,0,6
10751,8,1,8
10752,5,3,5
10753,5,3,5
10754,7,0,6
10755,8,1,8
10756,8,1,8
10757,6,0,6
10758,1,0,6
10759,5,3,5
10760,6,4,1
10761,7,0,6
10762,6,0,6
10763,6,1,8
10764,6,0,6
10765,6,0,6
10766,8,1,8
10767,2,0,6
10768,2,2,2
10769,8,1,8
10770,6,0,6
10771,2,2,2
10772,5,3,5
10773,8,1,8
10774,5,3,5
10775,5,3,5
10776,2,0,6
10777,8,1,8
10778,8,1,8
10779,6,0,6
10780,7,0,6
10781,2,2,2
10782,7,0,6
10783,6,0,6
10784,8,1,8
10785,7,0,6
10786,5,3,5
10787,7,0,6
10788,7,0,6
10789,2,2,2
10790,2,2,2
10791,5,0,6
10792,7,0,6
10793,8,4,1
10794,2,2,2
10795,8,1,8
10796,2,2,2
10797,2,2,2
10798,1,4,1
10799,1,4,1
10800,6,0,6
10801,5,3,5
10802,2,2,2
10803,8,1,8
10804,5,3,5
10805,6,0,6
10806,8,1,8
10807,5,3,5
10808,3,6,3
10809,6,0,6
10810,5,3,5
10811,7,0,6
10812,2,2,2
10813,8,1,8
10814,5,3,5
10815,2,2,2
10816,3,6,3
10817,7,0,6
10818,6,0,6
10819,8,1,8
10820,8,1,8
10821,7,0,6
10822,6,0,6
10823,8,1,8
10824,6,1,8
10825,6,0,6
10826,2,2,2
10827,6,0,6
10828,6,0,6
10829,2,0,6
10830,7,0,6
10831,8,1,8
10832,2,2,2
10833,5,3,5
10834,6,0,6
10835,1,4,1
10836,4,5,4
10837,2,2,2
10838,8,1,8
10839,6,0,6
10840,6,0,6
10841,6,0,6
10842,8,0,6
10843,6,0,6
10844,7,2,2
10845,1,4,1
10846,4,5,4
10847,6,1,8
10848,6,0,6
10849,5,3,5
10850,6,1,8
10851,6,0,6
10852,8,0,6
10853,7,0,6
10854,7,0,6
10855,8,1,8
10856,8,1,8
10857,2,2,2
10858,8,1,8
10859,8,1,8
10860,7,0,6
10861,6,0,6
10862,5,0,6
10863,6,0,6
10864,2,2,2
10865,6,0,6
10866,6,0,6
10867,5,3,5
10868,8,1,8
10869,8,1,8
10870,2,2,2
10871,8,1,8
10872,6,2,2
10873,8,1,8
10874,6,0,6
10875,2,2,2
10876,3,0,6
10877,7,0,6
10878,7,1,8
10879,6,0,6
10880,6,0,6
10881,8,1,8
10882,8,1,8
10883,8,1,8
10884,2,2,2
10885,2,2,2
10886,7,0,6
10887,8,1,8
10888,8,0,6
10889,8,1,8
10890,6,1,8
10891,6,1,8
10892,7,0,6
10893,7,0,6
10894,6,0,6
10895,8,1,8
10896,2,4,1
10897,6,0,6
10898,2,2,2
10899,5,3,5
10900,1,0,6
10901,6,1,8
10902,7,0,6
10903,5,3,5
10904,6,1,8
10905,2,2,2
10906,1,4,1
10907,6,2,2
10908,6,5,4
10909,6,0,6
10910,8,1,8
10911,6,0,6
10912,4,0,6
10913,2,2,2
10914,6,0,6
10915,2,2,2
10916,8,1,8
10917,6,1,8
10918,7,0,6
10919,6,0,6
10920,2,2,2
10921,6,0,6
10922,8,0,6
10923,0,7,0
10924,3,6,3
10925,8,1,8
10926,6,1,8
10927,8,1,8
10928,2,2,2
10929,7,0,6
10930,6,0,6
10931,8,1,8
10932,6,0,6
10933,8,1,8
10934,7,0,6
10935,8,1,8
10936,0,7,0
10937,8,1,8
10938,6,1,8
10939,8,1,8
10940,0,7,0
10941,8,1,8
10942,5,3,5
10943,8,0,6
10944,2,2,2
10945,6,0,6
10946,6,1,8
10947,8,1,8
10948,6,0,6
10949,8,0,6
10950,8,1,8
10951,7,0,6
10952,8,1,8
10953,7,0,6
10954,8,1,8
10955,6,0,6
10956,1,1,8
10957,8,1,8
10958,2,2,2
10959,6,0,6
10960,6,4,1
10961,7,0,6
10962,6,0,6
10963,5,3,5
10964,7,0,6
10965,8,1,8
10966,6,0,6
10967,8,1,8
10968,6,0,6
10969,1,4,1
10970,6,0,6
10971,5,3,5
10972,6,0,6
10973,6,0,6
10974,8,1,8
10975,7,1,8
10976,6,0,6
10977,5,3,5
10978,6,0,6
10979,7,0,6
10980,8,1,8
10981,8,1,8
10982,7,0,6
10983,7,0,6
10984,8,1,8
10985,8,1,8
10986,8,1,8
10987,8,1,8
10988,8,1,8
10989,6,0,6
10990,7,0,6
10991,4,5,4
10992,5,3,5
10993,7,0,6
10994,7,0,6
10995,2,2,2
10996,8,0,6
10997,5,3,5
10998,6,0,6
10999,6,0,6
11000,8,1,8
11001,8,1,8
11002,8,1,8
11003,8,1,8
11004,6,0,6
11005,8,1,8
11006,7,0,6
11007,7,0,6
11008,8,1,8
11009,6,1,8
11010,6,1,8
11011,6,0,6
11012,8,1,8
11013,2,2,2
11014,8,1,8
11015,5,4,1
11016,6,2,2
11017,5,3,5
11018,8,1,8
11019,8,1,8
11020,6,0,6
11021,2,2,2
11022,6,1,8
11023,6,0,6
11024,7,0,6
11025,1,0,6
11026,5,3,5
11027,8,1,8
11028,6,0,6
11029,6,1,8
11030,6,1,8
11031,6,0,6
11032,7,0,6
11033,5,3,5
11034,8,1,8
11035,8,1,8
11036,8,0,6
11037,8,1,8
11038,2,2,2
11039,8,1,8
11040,8,1,8
11041,5,3,5
11042,6,0,6
11043,6,2,2
11044,2,2,2
11045,6,0,6
11046,6,0,6
11047,7,0,6
11048,6,0,6
11049,5,3,5
11050,5,3,5
11051,8,1,8
11052,8,1,8
11053,2,2,2
11054,7,0,6
11055,6,0,6
11056,7,0,6
11057,6,0,6
11058,5,0,6
11059,7,0,6
11060,8,1,8
11061,2,2,2
11062,6,1,8
11063,8,1,8
11064,2,2,2
11065,6,0,6
11066,5,3,5
11067,8,1,8
11068,6,1,8
11069,3,6,3
11070,7,0,6
11071,8,1,8
11072,8,1,8
11073,6,0,6
11074,2,2,2
11075,6,0,6
11076,6,0,6
11077,7,0,6
11078,6,0,6
11079,6,0,6
11080,6,0,6
11081,5,3,5
11082,8,1,8
11083,8,1,8
11084,6,0,6
11085,7,0,6
11086,6,0,6
11087,7,0,6
11088,2,2,2
11089,7,0,6
11090,5,3,5
11091,8,1,8
11092,2,2,2
11093,7,1,8
11094,8,1,8
11095,6,5,4
11096,8,1,8
11097,2,2,2
11098,6,0,6
11099,5,3,5
11100,2,2,2
11101,8,1,8
11102,5,0,6
11103,8,1,8
11104,6,0,6
11105,8,1,8
11106,8,1,8
11107,8,0,6
11108,6,0,6
11109,2,2,2
11110,8,1,8
11111,6,1,8
11112,7,0,6
11113,6,0,6
11114,6,0,6
11115,6,0,6
11116,6,5,4
11117,6,1,8
11118,8,1,8
11119,2,0,6
11120,0,7,0
11121,6,0,6
11122,7,0,6
11123,0,7,0
11124,5,0,6
11125,2,2,2
11126,6,0,6
11127,8,1,8
11128,7,0,6
11129,7,0,6
11130,6,2,2
11131,6,1,8
11132,6,0,6
11133,4,0,6
11134,5,3,5
11135,6,2,2
11136,6,1,8
11137,6,0,6
11138,4,5,4
11139,8,1,8
11140,8,1,8
11141,6,2,2
11142,2,2,2
11143,8,1,8
11144,0,7,0
11145,8,1,8
11146,5,0,6
11147,8,1,8
11148,6,1,8
11149,8,1,8
11150,5,3,5
11151,7,0,6
11152,6,0,6
11153,2,2,2
11154,2,2,2
11155,2,2,2
11156,2,2,2
11157,6,0,6
11158,8,0,6
11159,0,7,0
11160,5,3,5
11161,6,1,8
11162,8,1,8
11163,2,2,2
11164,8,1,8
11165,8,1,8
11166,8,1,8
11167,7,0,6
11168,6,0,6
11169,6,1,8
11170,2,0,6
11171,8,1,8
11172,8,1,8
11173,2,2,2
11174,5,3,5
11175,6,0,6
11176,7,0,6
11177,7,0,6
11178,8,1,8
11179,6,0,6
11180,7,0,6
11181,6,0,6
11182,3,6,3
11183,8,0,6
11184,2,2,2
11185,6,1,8
11186,2,3,5
11187,5,3,5
11188,7,0,6
11189,2,2,2
11190,6,0,6
11191,8,1,8
11192,6,0,6
11193,8,0,6
11194,7,0,6
11195,7,0,6
11196,6,0,6
11197,2,2,2
11198,2,2,2
11199,6,0,6
11200,6,0,6
11201,6,0,6
11202,6,4,1
11203,5,3,5
11204,2,2,2
11205,5,3,5
11206,7,1,8
11207,8,1,8
11208,7,0,6
11209,5,3,5
11210,8,1,8
11211,2,2,2
11212,6,0,6
11213,6,0,6
11214,8,0,6
11215,8,1,8
11216,6,1,8
11217,8,1,8
11218,8,1,8
11219,8,1,8
11220,7,1,8
11221,2,2,2
11222,6,0,6
11223,8,1,8
11224,6,1,8
11225,6,0,6
11226,6,0,6
11227,7,0,6
11228,1,2,2
11229,7,0,6
11230,7,0,6
11231,6,0,6
11232,2,2,2
11233,6,0,6
11234,5,3,5
11235,8,1,8
11236,8,1,8
11237,2,2,2
11238,6,0,6
11239,5,3,5
11240,8,1,8
11241,7,0,6
11242,5,3,5
11243,2,2,2
11244,6,0,6
11245,2,2,2
11246,6,1,8
11247,7,0,6
11248,5,3,5
11249,6,2,2
11250,8,1,8
11251,8,1,8
11252,6,0,6
11253,7,1,8
11254,7,0,6
11255,5,3,5
11256,7,0,6
11257,8,1,8
11258,7,0,6
11259,2,2,2
11260,8,1,8
11261,7,0,6
11262,6,1,8
11263,7,1,8
11264,8,1,8
11265,6,0,6
11266,8,1,8
11267,2,3,5
11268,6,1,8
11269,6,0,6
11270,6,0,6
11271,1,2,2
11272,8,1,8
11273,8,1,8
11274,7,0,6
11275,7,0,6
11276,8,1,8
11277,8,1,8
11278,6,1,8
11279,6,0,6
11280,8,1,8
11281,6,1,8
11282,6,4,1
11283,7,0,6
11284,8,1,8
11285,2,2,2
11286,6,0,6
11287,6,0,6
11288,8,1,8
11289,6,0,6
11290,7,0,6
11291,5,3,5
11292,5,3,5
11293,6,0,6
11294,6,0,6
11295,4,5,4
11296,8,1,8
11297,6,0,6
11298,8,1,8
11299,2,2,2
11300,7,3,5
11301,6,2,2
11302,6,0,6
11303,8,1,8
11304,6,1,8
11305,7,0,6
11306,6,2,2
11307,2,2,2
11308,5,3,5
11309,6,0,6
11310,6,1,8
11311,6,0,6
11312,6,0,6
11313,2,2,2
11314,5,3,5
11315,8,1,8
11316,2,2,2
11317,8,1,8
11318,8,1,8
11319,5,0,6
11320,2,0,6
11321,5,3,5
11322,6,0,6
11323,8,1,8
11324,2,2,2
11325,7,2,2
11326,2,2,2
11327,6,0,6
11328,6,0,6
11329,2,2,2
11330,6,0,6
11331,6,1,8
11332,6,0,6
11333,6,1,8
11334,8,0,6
11335,2,2,2
11336,7,0,6
11337,6,4,1
11338,6,0,6
11339,8,1,8
11340,5,3,5
11341,8,0,6
11342,7,0,6
11343,2,2,2
11344,7,0,6
11345,7,0,6
11346,2,2,2
11347,5,3,5
11348,4,5,4
11349,6,0,6
11350,6,1,8
11351,7,0,6
11352,7,0,6
11353,2,2,2
11354,8,1,8
11355,8,1,8
11356,6,0,6
11357,8,1,8
11358,2,2,2
11359,1,4,1
11360,5,3,5
11361,5,3,5
11362,2,2,2
11363,6,0,6
11364,8,1,8
11365,2,2,2
11366,8,1,8
11367,5,3,5
11368,2,1,8
11369,8,1,8
11370,8,1,8
11371,6,1,8
11372,8,0,6
11373,8,0,6
11374,8,1,8
11375,6,2,2
11376,6,0,6
11377,1,2,2
11378,6,2,2
11379,8,1,8
11380,5,3,5
11381,6,0,6
11382,6,0,6
11383,2,2,2
11384,7,0,6
11385,8,1,8
11386,5,3,5
11387,8,1,8
11388,7,0,6
11389,6,1,8
11390,6,1,8
11391,5,3,5
11392,6,0,6
11393,6,1,8
11394,2,2,2
11395,1,4,1
11396,2,2,2
11397,7,2,2
11398,7,1,8
11399,5,3,5
11400,8,1,8
11401,1,2,2
11402,6,0,6
11403,6,0,6
11404,4,5,4
11405,8,1,8
11406,2,2,2
11407,2,2,2
11408,6,0,6
11409,6,0,6
11410,6,0,6
11411,2,2,2
11412,2,2,2
11413,6,0,6
11414,8,1,8
11415,6,0,6
11416,4,5,4
11417,4,5,4
11418,7,0,6
11419,6,1,8
11420,8,0,6
11421,5,3,5
11422,6,2,2
11423,6,0,6
11424,1,4,1
11425,6,0,6
11426,7,0,6
11427,8,1,8
11428,7,0,6
11429,8,1,8
11430,0,7,0
11431,6,1,8
11432,5,3,5
11433,6,0,6
11434,8,1,8
11435,6,0,6
11436,8,1,8
11437,5,3,5
11438,3,6,3
11439,8,1,8
11440,7,0,6
11441,8,1,8
11442,2,0,6
11443,8,4,1
11444,5,3,5
11445,7,0,6
11446,7,0,6
11447,6,0,6
11448,8,1,8
11449,4,0,6
11450,8,1,8
11451,6,1,8
11452,8,1,8
11453,8,1,8
11454,6,0,6
11455,5,3,5
11456,6,0,6
11457,6,0,6
11458,2,2,2
11459,6,0,6
11460,6,0,6
11461,6,1,8
11462,6,0,6
11463,2,2,2
11464,6,1,8
11465,6,0,6
11466,6,1,8
11467,6,0,6
11468,2,2,2
11469,8,1,8
11470,6,1,8
11471,5,3,5
11472,8,1,8
11473,6,0,6
11474,2,2,2
11475,8,1,8
11476,6,0,6
11477,7,0,6
11478,6,0,6
11479,1,0,6
11480,5,0,6
11481,6,0,6
11482,6,0,6
11483,2,2,2
11484,2,2,2
11485,7,0,6
11486,8,1,8
11487,6,0,6
11488,6,0,6
11489,6,0,6
11490,8,1,8
11491,6,0,6
11492,6,0,6
11493,6,0,6
11494,8,1,8
11495,8,1,8
11496,7,0,6
11497,6,0,6
11498,5,3,5
11499,6,0,6
11500,5,3,5
11501,7,0,6
11502,6,0,6
11503,8,1,8
11504,7,0,6
11505,8,3,5
11506,7,0,6
11507,6,0,6
11508,8,1,8
11509,6,0,6
11510,8,1,8
11511,2,2,2
11512,6,0,6
11513,5,3,5
11514,6,0,6
11515,6,0,6
11516,8,1,8
11517,5,3,5
11518,6,0,6
11519,7,0,6
11520,2,2,2
11521,7,0,6
11522,6,0,6
11523,2,2,2
11524,5,3,5
11525,7,0,6
11526,8,1,8
11527,8,1,8
11528,6,0,6
11529,2,2,2
11530,2,2,2
11531,5,3,5
11532,2,2,2
11533,6,0,6
11534,8,0,6
11535,8,1,8
11536,8,1,8
11537,8,1,8
11538,7,0,6
11539,2,2,2
11540,6,1,8
11541,6,0,6
11542,8,1,8
11543,0,7,0
11544,8,1,8
11545,6,1,8
11546,3,6,3
11547,2,0,6
11548,1,4,1
11549,8,1,8
11550,6,1,8
11551,8,1,8
11552,7,0,6
11553,6,0,6
11554,6,0,6
11555,0,7,0
11556,8,1,8
11557,6,0,6
11558,6,0,6
11559,7,1,8
11560,6,2,2
11561,6,0,6
11562,6,0,6
11563,8,1,8
11564,5,3,5
11565,7,0,6
11566,7,0,6
11567,5,3,5
11568,5,3,5
11569,2,0,6
11570,8,1,8
11571,5,3,5
11572,2,2,2
11573,0,7,0
11574,6,0,6
11575,8,1,8
11576,6,0,6
11577,6,0,6
11578,6,0,6
11579,6,0,6
11580,6,0,6
11581,6,0,6
11582,2,1,8
11583,6,0,6
11584,7,0,6
11585,6,0,6
11586,6,0,6
11587,8,0,6
11588,6,0,6
11589,5,3,5
11590,6,1,8
11591,6,0,6
11592,8,1,8
11593,8,1,8
11594,8,1,8
11595,2,2,2
11596,8,1,8
11597,8,0,6
11598,7,0,6
11599,8,1,8
11600,7,0,6
11601,8,1,8
11602,6,0,6
11603,6,0,6
11604,2,2,2
11605,2,2,2
11606,6,0,6
11607,6,1,8
11608,6,0,6
11609,2,2,2
11610,6,1,8
11611,8,1,8
11612,0,7,0
11613,8,1,8
11614,6,0,6
11615,5,3,5
11616,6,0,6
11617,6,0,6
11618,8,1,8
11619,7,0,6
11620,8,1,8
11621,6,0,6
11622,0,7,0
11623,7,0,6
11624,5,3,5
11625,8,0,6
11626,2,2,2
11627,8,1,8
11628,5,3,5
11629,6,1,8
11630,8,1,8
11631,6,0,6
11632,6,1,8
11633,6,1,8
11634,2,2,2
11635,4,5,4
11636,7,0,6
11637,2,2,2
11638,2,2,2
11639,2,2,2
11640,5,3,5
11641,2,2,2
11642,7,0,6
11643,8,1,8
11644,6,0,6
11645,5,3,5
11646,2,2,2
11647,5,3,5
11648,8,1,8
11649,2,3,5
11650,8,1,8
11651,8,1,8
11652,8,1,8
11653,6,0,6
11654,6,0,6
11655,5,3,5
11656,6,0,6
11657,6,0,6
11658,6,0,6
11659,8,1,8
11660,7,0,6
11661,7,0,6
11662,6,0,6
11663,6,1,8
11664,8,1,8
11665,6,1,8
11666,6,0,6
11667,6,0,6
11668,6,1,8
11669,7,0,6
11670,8,1,8
11671,6,1,8
11672,2,2,2
11673,7,0,6
11674,5,3,5
11675,8,1,8
11676,8,1,8
11677,7,0,6
11678,8,1,8
11679,7,0,6
11680,6,0,6
11681,8,1,8
11682,8,1,8
11683,2,2,2
11684,2,2,2
11685,6,0,6
11686,6,0,6
11687,8,1,8
11688,6,0,6
11689,5,3,5
11690,8,1,8
11691,8,0,6
11692,6,0,6
11693,6,0,6
11694,2,2,2
11695,6,0,6
11696,6,0,6
11697,6,2,2
11698,6,0,6
11699,6,1,8
11700,6,1,8
11701,6,0,6
11702,6,0,6
11703,5,3,5
11704,8,1,8
11705,8,3,5
11706,6,0,6
11707,2,2,2
11708,8,1,8
11709,8,1,8
11710,6,0,6
11711,8,1,8
11712,8,1,8
11713,6,1,8
11714,1,0,6
11715,6,1,8
11716,6,0,6
11717,6,1,8
11718,6,1,8
11719,6,0,6
11720,6,0,6
11721,2,2,2
11722,6,0,6
11723,6,0,6
11724,8,1,8
11725,6,0,6
11726,2,2,2
11727,8,0,6
11728,8,1,8
11729,8,1,8
11730,2,2,2
11731,6,0,6
11732,6,1,8
11733,8,1,8
11734,8,1,8
11735,3,6,3
11736,1,4,1
11737,2,0,6
11738,6,1,8
11739,4,5,4
11740,7,2,2
11741,6,0,6
11742,8,1,8
11743,8,1,8
11744,6,0,6
11745,5,0,6
11746,6,0,6
11747,8,1,8
11748,6,0,6
11749,2,2,2
11750,8,1,8
11751,8,1,8
11752,2,0,6
11753,7,0,6
11754,6,0,6
11755,5,3,5
11756,6,0,6
11757,6,8,7
11758,2,2,2
11759,8,1,8
11760,6,1,8
11761,6,1,8
11762,6,0,6
11763,8,1,8
11764,2,2,2
11765,8,1,8
11766,2,2,2
11767,6,0,6
11768,6,0,6
11769,6,0,6
11770,0,7,0
11771,7,0,6
11772,6,0,6
11773,2,2,2
11774,4,5,4
11775,5,3,5
11776,6,0,6
11777,8,1,8
11778,6,0,6
11779,8,1,8
11780,6,0,6
11781,6,0,6
11782,5,3,5
11783,5,3,5
11784,6,0,6
11785,6,1,8
11786,8,1,8
11787,7,0,6
11788,7,0,6
11789,6,1,8
11790,6,0,6
11791,6,1,8
11792,4,5,4
11793,7,0,6
11794,6,2,2
11795,8,1,8
11796,6,0,6
11797,6,2,2
11798,6,0,6
11799,8,1,8
11800,2,2,2
11801,8,1,8
11802,6,1,8
11803,8,1,8
11804,2,2,2
11805,3,6,3
11806,8,1,8
11807,8,1,8
11808,7,0,6
11809,7,0,6
11810,2,0,6
11811,8,1,8
11812,8,1,8
11813,6,0,6
11814,8,1,8
11815,8,1,8
11816,8,0,6
11817,2,2,2
11818,7,0,6
11819,5,3,5
11820,5,3,5
11821,7,0,6
11822,8,1,8
11823,2,2,2
11824,6,0,6
11825,8,1,8
11826,8,1,8
11827,6,1,8
11828,6,1,8
11829,6,0,6
11830,6,0,6
11831,2,2,2
11832,6,0,6
11833,4,5,4
11834,8,1,8
11835,6,0,6
11836,6,0,6
11837,8,1,8
11838,2,2,2
11839,7,0,6
11840,6,1,8
11841,8,1,8
11842,8,1,8
11843,6,0,6
11844,2,0,6
11845,8,1,8
11846,6,0,6
11847,6,0,6
11848,8,1,8
11849,6,0,6
11850,7,0,6
11851,8,0,6
11852,6,1,8
11853,8,1,8
11854,6,1,8
11855,6,0,6
11856,6,0,6
11857,6,1,8
11858,6,1,8
11859,5,3,5
11860,2,2,2
11861,8,1,8
11862,6,2,2
11863,6,3,5
11864,6,0,6
11865,0,7,0
11866,8,3,5
11867,6,0,6
11868,5,3,5
11869,8,1,8
11870,7,0,6
11871,6,0,6
11872,2,2,2
11873,8,1,8
11874,7,0,6
11875,8,1,8
11876,6,0,6
11877,5,3,5
11878,6,0,6
11879,2,2,2
11880,7,2,2
11881,6,0,6
11882,8,1,8
11883,6,5,4
11884,7,0,6
11885,8,1,8
11886,7,0,6
11887,6,0,6
11888,8,1,8
11889,8,1,8
11890,6,0,6
11891,7,0,6
11892,7,0,6
11893,5,3,5
11894,6,0,6
11895,6,0,6
11896,6,1,8
11897,6,0,6
11898,6,1,8
11899,6,0,6
11900,8,1,8
11901,8,0,6
11902,6,0,6
11903,6,1,8
11904,2,2,2
11905,7,0,6
11906,6,0,6
11907,6,0,6
11908,6,0,6
11909,6,0,6
11910,6,0,6
11911,5,3,5
11912,6,1,8
11913,6,0,6
11914,6,0,6
11915,8,1,8
11916,8,0,6
11917,5,3,5
11918,8,1,8
11919,1,4,1
11920,8,1,8
11921,6,0,6
11922,7,1,8
11923,6,0,6
11924,6,0,6
11925,6,5,4
11926,2,2,2
11927,7,0,6
11928,6,1,8
11929,2,2,2
11930,6,0,6
11931,6,0,6
11932,6,0,6
11933,1,4,1
11934,6,0,6
11935,6,0,6
11936,5,0,6
11937,8,1,8
11938,4,5,4
11939,1,0,6
11940,8,1,8
11941,7,0,6
11942,6,0,6
11943,2,2,2
11944,8,1,8
11945,5,3,5
11946,6,0,6
11947,8,1,8
11948,2,2,2
11949,6,0,6
11950,0,7,0
11951,3,6,3
11952,7,0,6
11953,8,1,8
11954,2,2,2
11955,8,1,8
11956,8,1,8
11957,8,1,8
11958,0,7,0
11959,5,3,5
11960,8,1,8
11961,6,1,8
11962,6,0,6
11963,5,1,8
11964,2,2,2
11965,6,1,8
11966,6,0,6
11967,5,3,5
11968,6,1,8
11969,6,1,8
11970,6,0,6
11971,7,0,6
11972,5,3,5
11973,0,7,0
11974,5,3,5
11975,6,1,8
11976,1,4,1
11977,5,3,5
11978,8,1,8
11979,8,1,8
11980,6,0,6
11981,6,0,6
11982,5,3,5
11983,8,1,8
11984,8,1,8
11985,8,0,6
11986,6,1,8
11987,6,0,6
11988,1,0,6
11989,8,0,6
11990,6,0,6
11991,6,0,6
11992,6,3,5
11993,6,0,6
11994,6,0,6
11995,5,3,5
11996,8,1,8
11997,6,0,6
11998,6,0,6
11999,8,1,8
12000,6,0,6
12001,1,4,1
12002,2,0,6
12003,6,1,8
12004,8,1,8
12005,8,1,8
12006,6,0,6
12007,6,1,8
12008,7,0,6
12009,8,1,8
12010,2,2,2
12011,7,0,6
12012,8,1,8
12013,5,3,5
12014,8,1,8
12015,5,3,5
12016,8,1,8
12017,4,5,4
12018,2,2,2
12019,8,1,8
12020,2,2,2
12021,8,1,8
12022,5,3,5
12023,6,2,2
12024,8,1,8
12025,8,1,8
12026,3,6,3
12027,6,0,6
12028,6,0,6
12029,2,2,2
12030,6,0,6
12031,2,2,2
12032,5,3,5
12033,6,0,6
12034,5,0,6
12035,8,1,8
12036,6,0,6
12037,8,1,8
12038,8,1,8
12039,8,1,8
12040,7,0,6
12041,8,1,8
12042,6,0,6
12043,8,0,6
12044,8,1,8
12045,7,0,6
12046,6,0,6
12047,8,1,8
12048,6,0,6
12049,5,3,5
12050,7,0,6
12051,8,1,8
12052,2,2,2
12053,8,1,8
12054,6,0,6
12055,6,0,6
12056,6,0,6
12057,2,2,2
12058,5,2,2
12059,8,1,8
12060,6,0,6
12061,3,6,3
12062,8,1,8
12063,6,0,6
12064,6,0,6
12065,8,1,8
12066,8,1,8
12067,6,0,6
12068,6,0,6
12069,6,0,6
12070,6,0,6
12071,6,0,6
12072,8,0,6
12073,6,0,6
12074,2,2,2
12075,8,1,8
12076,6,0,6
12077,6,1,8
12078,2,3,5
12079,6,0,6
12080,6,1,8
12081,6,0,6
12082,6,2,2
12083,8,1,8
12084,7,0,6
12085,6,0,6
12086,6,0,6
12087,1,4,1
12088,6,0,6
12089,6,1,8
12090,6,0,6
12091,6,3,5
12092,0,7,0
12093,8,1,8
12094,6,2,2
12095,2,2,2
12096,7,0,6
12097,6,0,6
12098,8,1,8
12099,8,1,8
12100,6,0,6
12101,8,1,8
12102,6,0,6
12103,8,1,8
12104,2,2,2
12105,8,1,8
12106,0,7,0
12107,2,2,2
12108,4,5,4
12109,6,1,8
12110,6,0,6
12111,6,1,8
12112,5,3,5
12113,6,0,6
12114,2,2,2
12115,8,0,6
12116,6,1,8
12117,5,3,5
12118,6,1,8
12119,4,5,4
12120,6,0,6
12121,4,5,4
12122,6,0,6
12123,8,1,8
12124,6,0,6
12125,6,3,5
12126,8,1,8
12127,6,1,8
12128,6,0,6
12129,5,3,5
12130,8,1,8
12131,8,1,8
12132,5,3,5
12133,2,2,2
12134,6,1,8
12135,7,0,6
12136,8,1,8
12137,7,0,6
12138,8,1,8
12139,6,0,6
12140,5,3,5
12141,6,0,6
12142,7,0,6
12143,8,1,8
12144,6,0,6
12145,8,1,8
12146,6,1,8
12147,8,0,6
12148,4,5,4
12149,6,0,6
12150,6,0,6
12151,2,1,8
12152,6,0,6
12153,7,0,6
12154,8,1,8
12155,6,0,6
12156,6,1,8
12157,8,1,8
12158,6,0,6
12159,8,1,8
12160,6,0,6
12161,0,7,0
12162,6,2,2
12163,6,0,6
12164,8,0,6
12165,6,0,6
12166,6,0,6
12167,8,1,8
12168,6,1,8
12169,2,0,6
12170,6,0,6
12171,2,2,2
12172,6,0,6
12173,5,3,5
12174,7,1,8
12175,7,0,6
12176,6,1,8
12177,4,5,4
12178,8,1,8
12179,4,5,4
12180,6,1,8
12181,6,0,6
12182,8,1,8
12183,7,0,6
12184,8,1,8
12185,6,1,8
12186,8,1,8
12187,2,0,6
12188,6,0,6
12189,6,0,6
12190,6,0,6
12191,6,0,6
12192,8,1,8
12193,6,1,8
12194,7,0,6
12195,8,1,8
12196,6,3,5
12197,8,1,8
12198,8,1,8
12199,6,2,2
12200,1,0,6
12201,6,0,6
12202,6,0,6
12203,8,1,8
12204,5,3,5
12205,2,2,2
12206,6,2,2
12207,6,1,8
12208,6,0,6
12209,8,0,6
12210,6,0,6
12211,8,1,8
12212,6,0,6
12213,6,8,7
12214,6,0,6
12215,6,0,6
12216,2,2,2
12217,6,0,6
12218,6,0,6
12219,6,0,6
12220,6,2,2
12221,6,0,6
12222,8,1,8
12223,6,0,6
12224,6,0,6
12225,4,5,4
12226,6,0,6
12227,6,0,6
12228,6,0,6
12229,6,0,6
12230,8,0,6
12231,8,1,8
12232,7,0,6
12233,5,3,5
12234,6,0,6
12235,6,0,6
12236,6,0,6
12237,6,0,6
12238,6,0,6
12239,6,0,6
12240,6,3,5
12241,6,0,6
12242,7,0,6
12243,6,0,6
12244,6,0,6
12245,5,3,5
12246,6,1,8
12247,6,0,6
12248,6,0,6
12249,6,0,6
12250,6,1,8
12251,6,1,8
12252,6,0,6
12253,6,0,6
12254,6,0,6
12255,6,1,8
12256,6,0,6
12257,8,1,8
12258,6,1,8
12259,6,1,8
12260,6,0,6
12261,6,2,2
12262,0,7,0
12263,8,1,8
12264,6,0,6
12265,6,0,6
12266,7,0,6
12267,6,1,8
12268,6,0,6
12269,6,2,2
12270,1,0,6
12271,8,0,6
12272,6,0,6
12273,6,0,6
12274,6,0,6
12275,8,3,5
12276,6,0,6
12277,6,0,6
12278,7,0,6
12279,1,4,1
12280,6,0,6
12281,6,1,8
12282,0,7,0
12283,8,1,8
12284,6,0,6
12285,6,0,6
12286,6,0,6
12287,6,0,6
12288,6,0,6
12289,6,0,6
12290,6,0,6
12291,6,0,6
12292,6,0,6
12293,6,0,6
12294,6,0,6
12295,6,0,6
12296,6,0,6
12297,6,0,6
12298,8,1,8
12299,8,0,6
12300,6,1,8
12301,8,1,8
12302,6,0,6
12303,6,0,6
12304,7,0,6
12305,7,0,6
12306,6,1,8
12307,6,0,6
12308,6,0,6
12309,7,0,6
12310,6,0,6
12311,6,1,8
12312,1,0,6
12313,6,0,6
12314,5,3,5
12315,6,1,8
12316,6,1,8
12317,8,1,8
12318,6,1,8
12319,6,0,6
12320,6,0,6
12321,6,0,6
12322,6,3,5
12323,6,0,6
12324,6,1,8
12325,1,4,1
12326,0,7,0
12327,8,1,8
12328,2,2,2
12329,6,1,8
12330,6,5,4
12331,2,3,5
12332,6,0,6
12333,6,0,6
12334,6,0,6
12335,7,3,5
12336,6,3,5
12337,6,0,6
12338,6,0,6
12339,6,2,2
12340,7,0,6
12341,5,3,5
12342,6,0,6
12343,5,3,5
12344,7,0,6
12345,6,1,8
12346,6,0,6
12347,6,2,2
12348,8,1,8
12349,6,0,6
12350,6,0,6
12351,6,0,6
12352,6,1,8
12353,8,1,8
12354,7,0,6
12355,1,4,1
12356,0,7,0
12357,1,4,1
12358,6,1,8
12359,6,0,6
12360,6,2,2
12361,7,0,6
12362,4,5,4
12363,6,1,8
12364,6,0,6
12365,6,0,6
12366,6,0,6
12367,6,0,6
12368,7,0,6
12369,6,0,6
12370,6,1,8
12371,6,0,6
12372,5,3,5
12373,6,8,7
12374,6,0,6
12375,6,0,6
12376,8,1,8
12377,6,1,8
12378,6,0,6
12379,6,0,6
12380,6,1,8
12381,6,0,6
12382,6,0,6
12383,6,0,6
12384,6,0,6
12385,8,5,4
12386,6,0,6
12387,6,0,6
12388,6,0,6
12389,8,1,8
12390,6,2,2
12391,6,0,6
12392,5,3,5
12393,6,0,6
12394,6,0,6
12395,6,0,6
12396,6,0,6
12397,8,4,1
12398,6,0,6
12399,6,0,6
12400,6,0,6
12401,6,0,6
12402,6,1,8
12403,6,1,8
12404,6,0,6
12405,6,0,6
12406,2,0,6
12407,6,0,6
12408,8,1,8
12409,6,0,6
12410,6,0,6
12411,6,0,6
12412,6,0,6
12413,6,0,6
12414,6,0,6
12415,6,1,8
12416,6,0,6
12417,6,0,6
12418,8,1,8
12419,6,0,6
12420,6,0,6
12421,6,0,6
12422,6,0,6
12423,8,1,8
12424,8,1,8
12425,8,1,8
12426,6,0,6
12427,6,2,2
12428,6,0,6
12429,7,0,6
12430,5,3,5
12431,6,0,6
12432,6,1,8
12433,8,1,8
12434,0,7,0
12435,0,7,0
12436,6,0,6
12437,8,1,8
12438,7,0,6
12439,6,0,6
12440,8,1,8
12441,7,0,6
12442,6,0,6
12443,1,4,1
12444,6,0,6
12445,4,0,6
12446,6,2,2
12447,6,0,6
12448,6,0,6
12449,6,1,8
12450,6,0,6
12451,6,0,6
12452,6,0,6
12453,6,0,6
12454,0,7,0
12455,8,0,6
12456,6,0,6
12457,2,2,2
12458,8,0,6
12459,8,1,8
12460,6,0,6
12461,6,0,6
12462,6,1,8
12463,6,0,6
12464,6,3,5
12465,6,0,6
12466,6,2,2
12467,6,0,6
12468,6,0,6
12469,6,1,8
12470,6,1,8
12471,6,0,6
12472,8,1,8
12473,6,0,6
12474,5,3,5
12475,8,1,8
12476,1,2,2
12477,8,1,8
12478,6,0,6
12479,6,2,2
12480,6,1,8
12481,6,1,8
12482,6,1,8
12483,6,1,8
12484,6,1,8
12485,6,0,6
12486,6,1,8
12487,6,0,6
12488,6,0,6
12489,6,0,6
12490,6,0,6
12491,6,2,2
12492,7,0,6
12493,8,1,8
12494,6,0,6
12495,6,1,8
12496,7,0,6
12497,6,1,8
12498,6,0,6
12499,1,4,1
12500,6,0,6
12501,8,1,8
12502,7,1,8
12503,6,0,6
12504,1,2,2
12505,6,0,6
12506,6,0,6
12507,6,1,8
12508,6,0,6
12509,6,0,6
12510,6,1,8
12511,6,0,6
12512,6,0,6
12513,6,0,6
12514,6,1,8
12515,6,2,2
12516,6,0,6
12517,7,0,6
12518,6,1,8
12519,6,0,6
12520,6,0,6
12521,6,2,2
12522,6,0,6
12523,0,7,0
12524,6,0,6
12525,0,7,0
12526,7,0,6
12527,6,4,1
12528,6,0,6
12529,8,1,8
12530,4,0,6
12531,8,1,8
12532,6,1,8
12533,6,1,8
12534,6,0,6
12535,6,1,8
12536,6,3,5
12537,8,1,8
12538,6,0,6
12539,6,1,8
12540,6,0,6
12541,3,6,3
12542,6,0,6
12543,6,0,6
12544,7,0,6
12545,6,0,6
12546,8,1,8
12547,6,0,6
12548,5,3,5
12549,6,2,2
12550,6,0,6
12551,6,1,8
12552,6,4,1
12553,7,2,2
12554,6,0,6
12555,6,0,6
12556,6,0,6
12557,7,0,6
12558,7,0,6
12559,7,0,6
12560,7,0,6
12561,6,0,6
12562,6,0,6
12563,6,0,6
12564,7,0,6
12565,6,0,6
12566,6,0,6
12567,6,0,6
12568,6,0,6
12569,6,0,6
12570,7,0,6
12571,6,2,2
12572,6,0,6
12573,6,0,6
12574,6,2,2
12575,8,1,8
12576,8,1,8
12577,6,0,6
12578,6,2,2
12579,6,0,6
12580,6,0,6
12581,6,0,6
12582,6,0,6
12583,5,3,5
12584,6,0,6
12585,8,1,8
12586,8,1,8
12587,6,0,6
12588,6,0,6
12589,6,0,6
12590,1,4,1
12591,6,0,6
12592,6,3,5
12593,6,0,6
12594,8,1,8
12595,5,3,5
12596,5,3,5
12597,6,0,6
12598,6,0,6
12599,6,1,8
12600,6,1,8
12601,7,2,2
12602,6,0,6
12603,6,0,6
12604,7,0,6
12605,6,0,6
12606,8,1,8
12607,6,0,6
12608,2,2,2
12609,6,0,6
12610,6,0,6
12611,6,0,6
12612,6,0,6
12613,6,0,6
12614,6,0,6
12615,6,0,6
12616,6,0,6
12617,6,0,6
12618,5,3,5
12619,6,0,6
12620,6,0,6
12621,6,1,8
12622,6,0,6
12623,7,0,6
12624,7,0,6
12625,6,0,6
12626,8,1,8
12627,6,0,6
12628,8,1,8
12629,6,0,6
12630,1,0,6
12631,2,2,2
12632,6,0,6
12633,0,7,0
12634,6,0,6
12635,6,0,6
12636,6,0,6
12637,6,0,6
12638,6,0,6
12639,6,0,6
12640,8,1,8
12641,6,0,6
12642,8,1,8
12643,8,0,6
12644,6,0,6
12645,6,0,6
12646,6,0,6
12647,6,1,8
12648,6,0,6
12649,8,0,6
12650,6,0,6
12651,8,1,8
12652,3,6,3
12653,6,1,8
12654,8,2,2
12655,6,2,2
12656,6,0,6
12657,5,3,5
12658,5,3,5
12659,6,1,8
12660,3,6,3
12661,4,5,4
12662,6,2,2
12663,8,1,8
12664,8,1,8
12665,6,0,6
12666,5,0,6
12667,6,0,6
12668,7,0,6
12669,6,0,6
12670,6,0,6
12671,6,0,6
12672,1,1,8
12673,0,7,0
12674,6,2,2
12675,6,0,6
12676,6,0,6
12677,6,0,6
12678,6,0,6
12679,6,0,6
12680,6,0,6
12681,6,0,6
12682,4,5,4
12683,6,0,6
12684,6,0,6
12685,6,0,6
12686,8,1,8
12687,8,1,8
12688,6,0,6
12689,6,0,6
12690,8,1,8
12691,8,1,8
12692,6,0,6
12693,6,0,6
12694,6,0,6
12695,5,0,6
12696,6,1,8
12697,6,0,6
12698,8,1,8
12699,6,0,6
12700,6,0,6
12701,6,0,6
12702,6,0,6
12703,6,0,6
12704,6,0,6
12705,1,4,1
12706,6,0,6
12707,6,0,6
12708,6,3,5
12709,7,0,6
12710,6,0,6
12711,6,0,6
12712,6,0,6
12713,6,0,6
12714,4,5,4
12715,6,0,6
12716,6,0,6
12717,6,1,8
12718,8,1,8
12719,6,0,6
12720,6,0,6
12721,6,0,6
12722,6,0,6
12723,8,1,8
12724,7,1,8
12725,7,0,6
12726,6,0,6
12727,6,0,6
12728,6,1,8
12729,8,0,6
12730,6,0,6
12731,6,1,8
12732,7,0,6
12733,8,0,6
12734,6,1,8
12735,6,0,6
12736,5,3,5
12737,6,0,6
12738,5,3,5
12739,0,7,0
12740,6,0,6
12741,6,0,6
12742,8,0,6
12743,8,0,6
12744,6,0,6
12745,8,1,8
12746,6,0,6
12747,6,0,6
12748,6,0,6
12749,2,2,2
12750,6,0,6
12751,8,0,6
12752,5,3,5
12753,6,0,6
12754,6,2,2
12755,8,1,8
12756,8,0,6
12757,6,0,6
12758,6,0,6
12759,6,0,6
12760,6,8,7
12761,6,1,8
12762,6,0,6
12763,6,1,8
12764,8,1,8
12765,8,1,8
12766,8,1,8
12767,2,2,2
12768,6,1,8
12769,0,7,0
12770,6,0,6
12771,5,1,8
12772,2,2,2
12773,6,0,6
12774,6,0,6
12775,6,1,8
12776,6,0,6
12777,7,0,6
12778,8,0,6
12779,6,0,6
12780,6,0,6
12781,6,0,6
12782,6,0,6
12783,6,0,6
12784,4,1,8
12785,1,4,1
12786,8,1,8
12787,6,0,6
12788,6,0,6
12789,6,0,6
12790,6,0,6
12791,6,0,6
12792,8,1,8
12793,8,0,6
12794,6,1,8
12795,6,4,1
12796,6,1,8
12797,6,1,8
12798,6,2,2
12799,6,1,8
12800,7,0,6
12801,6,0,6
12802,6,1,8
12803,7,0,6
12804,6,0,6
12805,6,0,6
12806,6,0,6
12807,6,0,6
12808,6,0,6
12809,6,0,6
12810,6,0,6
12811,6,0,6
12812,6,0,6
12813,6,0,6
12814,0,7,0
12815,8,1,8
12816,2,2,2
12817,6,0,6
12818,6,0,6
12819,6,0,6
12820,6,1,8
12821,6,0,6
12822,7,0,6
12823,6,0,6
12824,6,0,6
12825,6,1,8
12826,6,0,6
12827,5,3,5
12828,6,0,6
12829,6,4,1
12830,2,2,2
12831,6,0,6
12832,6,0,6
12833,6,0,6
12834,6,1,8
12835,2,2,2
12836,6,0,6
12837,8,0,6
12838,8,1,8
12839,6,0,6
12840,8,1,8
12841,7,1,8
12842,6,1,8
12843,6,0,6
12844,6,0,6
12845,6,0,6
12846,6,0,6
12847,6,1,8
12848,7,0,6
12849,8,1,8
12850,8,4,1
12851,6,0,6
12852,7,0,6
12853,6,0,6
12854,6,1,8
12855,6,0,6
12856,6,0,6
12857,6,0,6
12858,7,0,6
12859,6,0,6
12860,6,0,6
12861,6,0,6
12862,6,0,6
12863,6,0,6
12864,6,3,5
12865,6,0,6
12866,6,0,6
12867,0,7,0
12868,6,0,6
12869,6,0,6
12870,6,0,6
12871,7,0,6
12872,6,1,8
12873,6,0,6
12874,8,1,8
12875,6,0,6
12876,6,0,6
12877,6,1,8
12878,4,1,8
12879,6,0,6
12880,6,0,6
12881,6,0,6
12882,6,0,6
12883,5,3,5
12884,6,0,6
12885,8,1,8
12886,6,0,6
12887,2,2,2
12888,6,0,6
12889,6,0,6
12890,6,0,6
12891,5,3,5
12892,6,3,5
12893,6,0,6
12894,6,0,6
12895,6,1,8
12896,7,0,6
12897,5,3,5
12898,6,0,6
12899,6,0,6
12900,6,0,6
12901,6,0,6
12902,6,0,6
12903,6,0,6
12904,8,0,6
12905,6,0,6
12906,6,0,6
12907,6,0,6
12908,6,0,6
12909,8,0,6
12910,5,3,5
12911,6,1,8
12912,6,0,6
12913,6,0,6
12914,6,0,6
12915,6,0,6
12916,6,0,6
12917,6,0,6
12918,7,0,6
12919,6,0,6
12920,6,3,5
12921,7,0,6
12922,6,0,6
12923,6,0,6
12924,8,1,8
12925,6,1,8
12926,6,0,6
12927,6,2,2
12928,6,0,6
12929,6,0,6
12930,6,0,6
12931,7,0,6
12932,6,0,6
12933,6,0,6
12934,8,1,8
12935,6,1,8
12936,6,0,6
12937,6,5,4
12938,6,0,6
12939,6,0,6
12940,6,0,6
12941,6,0,6
12942,6,0,6
12943,6,0,6
12944,6,0,6
12945,7,0,6
12946,6,0,6
12947,6,0,6
12948,6,0,6
12949,6,0,6
12950,6,0,6
12951,5,3,5
12952,6,0,6
12953,6,0,6
12954,6,0,6
12955,7,0,6
12956,6,5,4
12957,6,0,6
12958,6,3,5
12959,6,0,6
12960,6,0,6
12961,6,0,6
12962,6,0,6
12963,5,3,5
12964,6,0,6
12965,5,3,5
12966,8,1,8
12967,6,0,6
12968,7,0,6
12969,6,0,6
12970,6,1,8
12971,6,0,6
12972,6,0,6
12973,6,0,6
12974,6,0,6
12975,6,0,6
12976,4,0,6
12977,6,0,6
12978,6,0,6
12979,7,0,6
12980,8,1,8
12981,6,1,8
12982,6,0,6
12983,6,1,8
12984,6,0,6
12985,6,0,6
12986,8,1,8
12987,8,1,8
12988,7,0,6
12989,6,0,6
12990,6,0,6
12991,6,0,6
12992,8,0,6
12993,8,0,6
12994,6,0,6
12995,6,1,8
12996,6,0,6
12997,2,2,2
12998,6,1,8
12999,6,0,6
13000,4,5,4
13001,8,1,8
13002,6,0,6
13003,6,0,6
13004,6,2,2
13005,5,3,5
13006,8,0,6
13007,6,0,6
13008,2,0,6
13009,6,0,6
13010,6,0,6
13011,6,0,6
13012,6,0,6
13013,7,0,6
13014,6,0,6
13015,6,0,6
13016,6,0,6
13017,6,0,6
13018,6,0,6
13019,6,0,6
13020,6,0,6
13021,0,7,0
13022,6,0,6
13023,7,0,6
13024,1,0,6
13025,5,3,5
13026,6,2,2
13027,2,2,2
13028,6,2,2
13029,6,0,6
13030,8,1,8
13031,8,1,8
13032,6,0,6
13033,8,1,8
13034,7,0,6
13035,6,6,3
13036,6,0,6
13037,8,1,8
13038,6,0,6
13039,6,0,6
13040,6,1,8
13041,6,0,6
13042,6,0,6
13043,6,0,6
13044,8,1,8
13045,6,0,6
13046,6,0,6
13047,8,1,8
13048,6,1,8
13049,7,0,6
13050,6,1,8
13051,6,0,6
13052,6,0,6
13053,8,0,6
13054,6,0,6
13055,6,0,6
13056,6,2,2
13057,8,1,8
13058,6,1,8
13059,6,1,8
13060,6,0,6
13061,7,0,6
13062,2,2,2
13063,6,3,5
13064,8,1,8
13065,6,1,8
13066,6,0,6
13067,6,1,8
13068,5,3,5
13069,1,4,1
13070,6,0,6
13071,6,0,6
13072,6,0,6
13073,6,0,6
13074,5,0,6
13075,2,2,2
13076,6,0,6
13077,6,1,8
13078,6,0,6
13079,8,1,8
13080,6,0,6
13081,6,1,8
13082,6,0,6
13083,6,0,6
13084,8,1,8
13085,6,1,8
13086,6,0,6
13087,7,0,6
13088,8,1,8
13089,6,0,6
13090,6,0,6
13091,6,0,6
13092,6,0,6
13093,6,0,6
13094,8,1,8
13095,7,0,6
13096,6,0,6
13097,6,0,6
13098,6,0,6
13099,6,0,6
13100,8,1,8
13101,6,0,6
13102,6,0,6
13103,6,1,8
13104,6,0,6
13105,6,0,6
13106,6,0,6
13107,2,2,2
13108,6,0,6
13109,6,0,6
13110,6,0,6
13111,6,1,8
13112,6,0,6
13113,6,1,8
13114,6,0,6
13115,6,0,6
13116,6,0,6
13117,6,0,6
13118,6,0,6
13119,6,0,6
13120,6,0,6
13121,6,1,8
13122,6,0,6
13123,6,0,6
13124,6,0,6
13125,1,4,1
13126,8,1,8
13127,6,0,6
13128,6,0,6
13129,6,0,6
13130,6,0,6
13131,6,1,8
13132,0,7,0
13133,8,0,6
13134,8,1,8
13135,8,1,8
13136,6,0,6
13137,6,0,6
13138,7,0,6
13139,6,0,6
13140,2,4,1
13141,5,0,6
13142,6,0,6
13143,6,0,6
13144,6,0,6
13145,6,0,6
13146,6,0,6
13147,6,0,6
13148,6,0,6
13149,7,0,6
13150,6,0,6
13151,6,0,6
13152,6,0,6
13153,6,1,8
13154,6,0,6
13155,6,0,6
13156,6,0,6
13157,8,0,6
13158,6,0,6
13159,1,4,1
13160,8,0,6
13161,5,3,5
13162,5,3,5
13163,6,0,6
13164,6,0,6
13165,6,1,8
13166,6,2,2
13167,8,0,6
13168,6,0,6
13169,8,1,8
13170,7,0,6
13171,6,1,8
13172,6,0,6
13173,6,3,5
13174,6,0,6
13175,6,1,8
13176,6,0,6
13177,8,1,8
13178,6,0,6
13179,6,0,6
