cell_id,true_label,pred_label_raw,pred_label_aligned
0,8,1,3
1,7,4,7
2,6,6,4
3,7,4,7
4,7,4,7
5,8,8,8
6,6,0,6
7,6,0,6
8,6,0,6
9,7,4,7
10,7,4,7
11,7,4,7
12,5,2,5
13,8,8,8
14,7,4,7
15,7,4,7
16,6,1,3
17,1,0,6
18,6,6,4
19,6,0,6
20,6,0,6
21,2,7,2
22,7,4,7
23,6,6,4
24,6,3,1
25,6,0,6
26,6,0,6
27,1,0,6
28,6,0,6
29,6,3,1
30,6,0,6
31,8,8,8
32,6,3,1
33,6,6,4
34,6,6,4
35,6,0,6
36,6,3,1
37,6,1,3
38,6,6,4
39,6,6,4
40,6,6,4
41,6,6,4
42,6,1,3
43,6,6,4
44,6,0,6
45,8,1,3
46,7,4,7
47,6,6,4
48,6,0,6
49,6,1,3
50,6,0,6
51,6,3,1
52,6,0,6
53,6,0,6
54,6,1,3
55,2,3,1
56,6,0,6
57,7,4,7
58,6,0,6
59,6,6,4
60,5,2,5
61,2,7,2
62,6,3,1
63,6,0,6
64,6,0,6
65,6,6,4
66,6,0,6
67,6,0,6
68,6,0,6
69,6,6,4
70,8,1,3
71,6,3,1
72,7,4,7
73,6,6,4
74,6,6,4
75,6,0,6
76,6,0,6
77,6,0,6
78,6,6,4
79,6,0,6
80,7,4,7
81,6,0,6
82,1,1,3
83,6,0,6
84,6,0,6
85,8,1,3
86,6,1,3
87,6,6,4
88,5,2,5
89,8,1,3
90,7,4,7
91,6,6,4
92,6,0,6
93,6,1,3
94,5,2,5
95,5,2,5
96,7,4,7
97,6,0,6
98,8,1,3
99,7,4,7
100,6,3,1
101,6,0,6
102,6,3,1
103,7,6,4
104,6,0,6
105,6,0,6
106,5,2,5
107,0,5,0
108,6,0,6
109,8,0,6
110,2,7,2
111,6,0,6
112,6,6,4
113,6,3,1
114,7,4,7
115,6,1,3
116,6,3,1
117,5,3,1
118,8,1,3
119,6,0,6
120,6,0,6
121,7,4,7
122,6,1,3
123,6,6,4
124,6,0,6
125,6,6,4
126,6,6,4
127,6,3,1
128,7,4,7
129,6,6,4
130,8,8,8
131,6,0,6
132,8,1,3
133,6,0,6
134,6,1,3
135,6,0,6
136,6,0,6
137,8,0,6
138,6,0,6
139,7,4,7
140,7,4,7
141,6,0,6
142,6,6,4
143,6,6,4
144,6,3,1
145,6,0,6
146,6,0,6
147,6,0,6
148,6,0,6
149,6,0,6
150,6,0,6
151,5,3,1
152,6,0,6
153,6,3,1
154,5,2,5
155,6,0,6
156,6,0,6
157,6,0,6
158,8,0,6
159,6,1,3
160,7,4,7
161,7,4,7
162,6,0,6
163,8,8,8
164,7,4,7
165,7,4,7
166,1,3,1
167,8,8,8
168,6,6,4
169,6,3,1
170,6,3,1
171,6,0,6
172,6,0,6
173,6,6,4
174,6,0,6
175,5,2,5
176,6,0,6
177,6,1,3
178,1,3,1
179,7,4,7
180,6,1,3
181,6,0,6
182,8,1,3
183,5,2,5
184,4,0,6
185,6,0,6
186,5,1,3
187,7,4,7
188,6,1,3
189,6,0,6
190,6,1,3
191,6,0,6
192,6,6,4
193,8,8,8
194,6,0,6
195,6,0,6
196,6,0,6
197,8,1,3
198,6,0,6
199,6,6,4
200,1,3,1
201,1,3,1
202,6,6,4
203,7,4,7
204,6,0,6
205,6,0,6
206,6,0,6
207,1,3,1
208,7,4,7
209,6,6,4
210,1,1,3
211,6,3,1
212,6,0,6
213,8,1,3
214,5,2,5
215,6,0,6
216,6,1,3
217,6,0,6
218,6,1,3
219,6,0,6
220,6,6,4
221,2,3,1
222,6,0,6
223,2,7,2
224,7,4,7
225,5,3,1
226,6,0,6
227,6,0,6
228,6,4,7
229,4,0,6
230,6,6,4
231,6,6,4
232,8,8,8
233,6,0,6
234,6,0,6
235,2,3,1
236,6,0,6
237,2,7,2
238,7,4,7
239,1,3,1
240,6,0,6
241,6,0,6
242,6,6,4
243,8,0,6
244,6,3,1
245,8,1,3
246,6,1,3
247,6,0,6
248,1,0,6
249,6,6,4
250,6,1,3
251,6,0,6
252,6,0,6
253,1,3,1
254,6,0,6
255,6,6,4
256,6,3,1
257,6,0,6
258,6,0,6
259,6,1,3
260,2,6,4
261,1,0,6
262,2,7,2
263,7,4,7
264,6,0,6
265,6,6,4
266,6,6,4
267,6,0,6
268,6,0,6
269,6,0,6
270,2,3,1
271,6,0,6
272,6,0,6
273,5,3,1
274,6,1,3
275,5,2,5
276,8,8,8
277,8,8,8
278,6,0,6
279,6,3,1
280,7,6,4
281,6,0,6
282,6,1,3
283,6,3,1
284,1,0,6
285,6,0,6
286,6,0,6
287,6,0,6
288,6,6,4
289,6,2,5
290,6,0,6
291,6,6,4
292,6,3,1
293,6,6,4
294,6,0,6
295,6,0,6
296,6,0,6
297,7,4,7
298,8,1,3
299,6,1,3
300,6,3,1
301,5,3,1
302,8,1,3
303,6,6,4
304,6,6,4
305,6,3,1
306,6,6,4
307,7,4,7
308,6,1,3
309,6,1,3
310,6,0,6
311,6,6,4
312,7,6,4
313,1,0,6
314,1,0,6
315,7,4,7
316,6,0,6
317,6,3,1
318,6,0,6
319,6,0,6
320,8,6,4
321,6,3,1
322,6,7,2
323,7,4,7
324,6,3,1
325,6,0,6
326,2,3,1
327,8,1,3
328,6,1,3
329,5,3,1
330,6,6,4
331,2,3,1
332,1,3,1
333,6,6,4
334,5,2,5
335,2,3,1
336,6,0,6
337,5,2,5
338,6,2,5
339,6,0,6
340,8,8,8
341,1,6,4
342,6,0,6
343,6,6,4
344,6,3,1
345,2,3,1
346,6,0,6
347,6,1,3
348,8,1,3
349,6,3,1
350,6,6,4
351,6,6,4
352,8,8,8
353,5,3,1
354,6,6,4
355,6,0,6
356,6,0,6
357,8,8,8
358,6,0,6
359,6,6,4
360,1,3,1
361,6,6,4
362,6,0,6
363,6,0,6
364,6,6,4
365,6,6,4
366,2,7,2
367,6,0,6
368,6,0,6
369,8,0,6
370,6,0,6
371,6,0,6
372,6,3,1
373,6,0,6
374,6,0,6
375,6,0,6
376,6,0,6
377,6,3,1
378,7,4,7
379,1,2,5
380,6,6,4
381,6,6,4
382,6,6,4
383,6,6,4
384,6,0,6
385,8,1,3
386,6,0,6
387,6,6,4
388,6,3,1
389,6,0,6
390,7,4,7
391,6,0,6
392,6,1,3
393,6,0,6
394,6,0,6
395,6,0,6
396,7,4,7
397,6,6,4
398,6,6,4
399,6,0,6
400,8,8,8
401,5,2,5
402,7,4,7
403,6,1,3
404,6,0,6
405,6,0,6
406,7,4,7
407,6,3,1
408,8,1,3
409,6,0,6
410,6,1,3
411,2,7,2
412,8,1,3
413,6,0,6
414,5,2,5
415,1,3,1
416,6,3,1
417,8,1,3
418,6,3,1
419,7,4,7
420,6,0,6
421,6,0,6
422,6,0,6
423,6,0,6
424,6,0,6
425,2,7,2
426,6,0,6
427,6,0,6
428,6,7,2
429,6,0,6
430,2,3,1
431,6,3,1
432,6,0,6
433,1,3,1
434,7,4,7
435,6,0,6
436,6,0,6
437,6,3,1
438,6,0,6
439,7,6,4
440,8,1,3
441,6,6,4
442,6,0,6
443,8,8,8
444,6,0,6
445,1,7,2
446,6,6,4
447,2,3,1
448,6,0,6
449,6,1,3
450,6,3,1
451,8,8,8
452,5,3,1
453,5,3,1
454,6,0,6
455,6,1,3
456,6,0,6
457,5,2,5
458,6,0,6
459,6,0,6
460,6,1,3
461,6,0,6
462,8,1,3
463,1,3,1
464,6,3,1
465,6,6,4
466,6,4,7
467,6,3,1
468,6,3,1
469,8,1,3
470,4,3,1
471,6,0,6
472,6,6,4
473,6,0,6
474,8,1,3
475,6,1,3
476,6,1,3
477,5,3,1
478,6,0,6
479,8,8,8
480,6,0,6
481,6,0,6
482,5,2,5
483,6,6,4
484,6,0,6
485,6,1,3
486,6,3,1
487,6,0,6
488,6,0,6
489,6,1,3
490,1,3,1
491,6,0,6
492,6,0,6
493,6,0,6
494,6,0,6
495,6,6,4
496,8,1,3
497,2,7,2
498,6,1,3
499,6,6,4
500,6,6,4
501,6,3,1
502,6,6,4
503,6,3,1
504,1,3,1
505,6,0,6
506,2,7,2
507,6,0,6
508,5,2,5
509,6,6,4
510,6,8,8
511,8,1,3
512,6,6,4
513,6,1,3
514,6,0,6
515,6,0,6
516,6,0,6
517,6,0,6
518,6,1,3
519,5,2,5
520,6,0,6
521,6,0,6
522,6,6,4
523,1,3,1
524,6,3,1
525,7,6,4
526,7,4,7
527,2,7,2
528,6,1,3
529,6,3,1
530,7,4,7
531,6,0,6
532,5,2,5
533,6,0,6
534,2,3,1
535,6,0,6
536,6,0,6
537,6,1,3
538,5,3,1
539,6,3,1
540,6,0,6
541,5,2,5
542,7,4,7
543,6,3,1
544,2,7,2
545,2,3,1
546,6,0,6
547,6,1,3
548,6,0,6
549,5,2,5
550,6,0,6
551,8,8,8
552,6,3,1
553,6,0,6
554,6,0,6
555,6,1,3
556,6,3,1
557,6,0,6
558,6,3,1
559,7,4,7
560,5,2,5
561,8,8,8
562,6,6,4
563,1,3,1
564,6,0,6
565,8,1,3
566,6,3,1
567,6,0,6
568,6,6,4
569,5,2,5
570,7,4,7
571,7,4,7
572,6,0,6
573,8,1,3
574,5,2,5
575,6,3,1
576,6,1,3
577,6,0,6
578,6,6,4
579,6,6,4
580,1,3,1
581,6,1,3
582,5,2,5
583,7,4,7
584,2,3,1
585,5,0,6
586,6,3,1
587,6,3,1
588,6,0,6
589,6,0,6
590,6,6,4
591,6,0,6
592,6,0,6
593,6,6,4
594,6,0,6
595,6,0,6
596,8,8,8
597,6,0,6
598,6,6,4
599,6,0,6
600,6,6,4
601,8,8,8
602,7,4,7
603,8,8,8
604,6,0,6
605,6,6,4
606,6,1,3
607,6,0,6
608,6,6,4
609,6,0,6
610,6,0,6
611,6,6,4
612,2,7,2
613,6,3,1
614,6,0,6
615,6,6,4
616,6,0,6
617,5,2,5
618,6,0,6
619,6,0,6
620,8,8,8
621,6,0,6
622,7,4,7
623,6,0,6
624,6,1,3
625,6,0,6
626,6,1,3
627,8,1,3
628,6,0,6
629,6,1,3
630,6,0,6
631,6,6,4
632,6,0,6
633,6,0,6
634,6,0,6
635,5,2,5
636,8,1,3
637,1,3,1
638,8,8,8
639,6,6,4
640,6,1,3
641,8,1,3
642,2,3,1
643,6,0,6
644,6,0,6
645,6,0,6
646,8,1,3
647,2,7,2
648,6,3,1
649,7,4,7
650,6,6,4
651,7,4,7
652,5,3,1
653,6,0,6
654,6,1,3
655,6,3,1
656,8,8,8
657,8,8,8
658,2,3,1
659,6,0,6
660,1,0,6
661,7,4,7
662,6,0,6
663,6,6,4
664,1,3,1
665,6,0,6
666,6,3,1
667,7,4,7
668,8,1,3
669,4,0,6
670,8,1,3
671,6,0,6
672,6,6,4
673,1,3,1
674,8,1,3
675,8,1,3
676,6,6,4
677,2,3,1
678,6,6,4
679,6,0,6
680,6,0,6
681,5,2,5
682,6,0,6
683,2,7,2
684,5,2,5
685,6,0,6
686,6,3,1
687,8,8,8
688,8,1,3
689,6,0,6
690,6,0,6
691,6,0,6
692,6,0,6
693,6,0,6
694,6,1,3
695,6,0,6
696,8,8,8
697,2,3,1
698,6,6,4
699,2,7,2
700,7,4,7
701,6,1,3
702,6,0,6
703,8,1,3
704,8,8,8
705,6,1,3
706,6,1,3
707,7,4,7
708,6,3,1
709,6,2,5
710,6,0,6
711,6,6,4
712,6,0,6
713,6,6,4
714,2,3,1
715,1,3,1
716,6,0,6
717,6,0,6
718,6,1,3
719,6,0,6
720,8,1,3
721,6,0,6
722,5,2,5
723,6,6,4
724,1,3,1
725,6,0,6
726,6,0,6
727,6,0,6
728,5,2,5
729,6,0,6
730,6,0,6
731,6,3,1
732,6,0,6
733,5,3,1
734,6,0,6
735,6,0,6
736,6,0,6
737,6,0,6
738,6,6,4
739,6,3,1
740,6,0,6
741,6,0,6
742,6,1,3
743,6,6,4
744,8,1,3
745,5,2,5
746,6,3,1
747,6,0,6
748,5,2,5
749,2,1,3
750,6,1,3
751,2,7,2
752,6,6,4
753,6,0,6
754,6,0,6
755,6,6,4
756,2,3,1
757,6,1,3
758,6,6,4
759,6,0,6
760,5,3,1
761,6,1,3
762,6,6,4
763,6,6,4
764,8,1,3
765,6,3,1
766,6,3,1
767,6,1,3
768,5,2,5
769,2,3,1
770,6,0,6
771,6,0,6
772,6,0,6
773,6,6,4
774,8,1,3
775,6,0,6
776,6,0,6
777,7,4,7
778,6,3,1
779,5,2,5
780,6,6,4
781,5,2,5
782,6,0,6
783,6,3,1
784,1,3,1
785,1,0,6
786,6,0,6
787,6,6,4
788,6,3,1
789,8,1,3
790,7,4,7
791,6,0,6
792,6,6,4
793,6,0,6
794,6,0,6
795,8,8,8
796,6,0,6
797,6,1,3
798,7,4,7
799,7,4,7
800,7,4,7
801,6,1,3
802,6,0,6
803,6,0,6
804,6,0,6
805,6,1,3
806,6,6,4
807,6,0,6
808,6,1,3
809,6,0,6
810,8,8,8
811,5,3,1
812,8,8,8
813,6,0,6
814,6,1,3
815,6,0,6
816,6,0,6
817,1,0,6
818,6,3,1
819,6,0,6
820,7,4,7
821,6,3,1
822,8,1,3
823,7,4,7
824,6,6,4
825,6,1,3
826,3,3,1
827,8,1,3
828,5,2,5
829,6,0,6
830,5,2,5
831,7,4,7
832,6,6,4
833,2,7,2
834,7,4,7
835,6,0,6
836,7,4,7
837,7,6,4
838,5,3,1
839,6,0,6
840,2,7,2
841,7,4,7
842,6,0,6
843,6,1,3
844,7,4,7
845,6,0,6
846,6,6,4
847,6,0,6
848,7,4,7
849,6,0,6
850,8,8,8
851,6,3,1
852,6,6,4
853,7,4,7
854,6,1,3
855,6,1,3
856,6,0,6
857,6,0,6
858,1,0,6
859,5,2,5
860,6,3,1
861,6,3,1
862,6,1,3
863,5,2,5
864,6,0,6
865,6,3,1
866,6,3,1
867,6,0,6
868,6,0,6
869,6,0,6
870,1,3,1
871,4,0,6
872,6,0,6
873,8,1,3
874,6,0,6
875,6,1,3
876,6,6,4
877,6,3,1
878,6,6,4
879,6,1,3
880,8,8,8
881,6,0,6
882,5,2,5
883,7,4,7
884,6,0,6
885,8,8,8
886,5,2,5
887,6,0,6
888,6,3,1
889,6,6,4
890,6,0,6
891,1,3,1
892,8,8,8
893,8,8,8
894,6,0,6
895,6,6,4
896,8,8,8
897,6,1,3
898,6,3,1
899,6,6,4
900,8,1,3
901,6,0,6
902,1,3,1
903,6,3,1
904,6,0,6
905,6,6,4
906,7,4,7
907,6,0,6
908,6,0,6
909,1,3,1
910,6,0,6
911,6,3,1
912,6,0,6
913,6,0,6
914,7,4,7
915,6,0,6
916,7,4,7
917,6,3,1
918,4,0,6
919,6,0,6
920,6,0,6
921,6,6,4
922,6,0,6
923,8,8,8
924,6,1,3
925,6,0,6
926,6,3,1
927,6,0,6
928,7,4,7
929,6,0,6
930,6,0,6
931,6,0,6
932,8,8,8
933,6,0,6
934,6,0,6
935,6,1,3
936,6,0,6
937,6,0,6
938,6,0,6
939,2,7,2
940,6,6,4
941,6,0,6
942,2,7,2
943,6,0,6
944,7,6,4
945,6,6,4
946,6,1,3
947,3,3,1
948,6,6,4
949,6,0,6
950,6,1,3
951,6,0,6
952,6,0,6
953,6,3,1
954,6,0,6
955,8,8,8
956,6,0,6
957,6,3,1
958,6,1,3
959,2,3,1
960,7,4,7
961,7,4,7
962,8,1,3
963,8,1,3
964,5,3,1
965,2,3,1
966,6,1,3
967,6,0,6
968,6,0,6
969,6,0,6
970,7,4,7
971,6,6,4
972,6,0,6
973,8,8,8
974,6,6,4
975,6,0,6
976,5,2,5
977,2,3,1
978,1,3,1
979,8,8,8
980,6,0,6
981,7,4,7
982,6,6,4
983,6,0,6
984,6,0,6
985,6,0,6
986,6,0,6
987,6,0,6
988,6,0,6
989,2,7,2
990,6,0,6
991,6,0,6
992,6,6,4
993,5,3,1
994,6,3,1
995,4,0,6
996,6,0,6
997,6,0,6
998,6,6,4
999,6,0,6
1000,6,0,6
1001,2,3,1
1002,6,3,1
1003,6,0,6
1004,6,0,6
1005,6,1,3
1006,7,4,7
1007,6,1,3
1008,2,7,2
1009,6,0,6
1010,6,1,3
1011,8,1,3
1012,6,0,6
1013,6,0,6
1014,6,0,6
1015,6,0,6
1016,7,4,7
1017,8,1,3
1018,6,6,4
1019,6,0,6
1020,6,4,7
1021,6,0,6
1022,6,6,4
1023,6,0,6
1024,8,1,3
1025,5,2,5
1026,6,0,6
1027,6,0,6
1028,6,0,6
1029,6,1,3
1030,6,0,6
1031,6,0,6
1032,1,3,1
1033,4,0,6
1034,1,6,4
1035,5,3,1
1036,8,8,8
1037,6,0,6
1038,6,0,6
1039,6,0,6
1040,6,0,6
1041,3,3,1
1042,6,0,6
1043,5,2,5
1044,2,7,2
1045,6,0,6
1046,6,0,6
1047,6,0,6
1048,7,4,7
1049,6,0,6
1050,6,0,6
1051,6,0,6
1052,6,1,3
1053,6,0,6
1054,6,6,4
1055,6,6,4
1056,6,0,6
1057,6,0,6
1058,1,3,1
1059,6,0,6
1060,6,0,6
1061,1,3,1
1062,2,3,1
1063,6,0,6
1064,6,0,6
1065,6,6,4
1066,5,3,1
1067,7,4,7
1068,6,0,6
1069,6,0,6
1070,7,6,4
1071,6,1,3
1072,5,2,5
1073,6,3,1
1074,1,3,1
1075,6,0,6
1076,8,8,8
1077,6,0,6
1078,6,6,4
1079,8,0,6
1080,2,7,2
1081,3,3,1
1082,6,0,6
1083,2,3,1
1084,6,6,4
1085,6,1,3
1086,6,6,4
1087,6,1,3
1088,6,1,3
1089,6,6,4
1090,8,1,3
1091,8,1,3
1092,6,1,3
1093,2,7,2
1094,6,0,6
1095,6,0,6
1096,6,3,1
1097,1,3,1
1098,8,8,8
1099,7,4,7
1100,6,6,4
1101,6,1,3
1102,6,0,6
1103,2,7,2
1104,8,0,6
1105,2,3,1
1106,6,0,6
1107,1,3,1
1108,6,6,4
1109,7,4,7
1110,6,0,6
1111,6,0,6
1112,8,8,8
1113,1,0,6
1114,6,0,6
1115,2,3,1
1116,6,0,6
1117,6,3,1
1118,6,6,4
1119,7,4,7
1120,8,1,3
1121,5,2,5
1122,7,4,7
1123,1,3,1
1124,7,6,4
1125,6,1,3
1126,6,6,4
1127,3,3,1
1128,6,3,1
1129,7,4,7
1130,6,3,1
1131,5,3,1
1132,6,0,6
1133,6,0,6
1134,6,8,8
1135,6,0,6
1136,5,2,5
1137,6,0,6
1138,6,1,3
1139,8,1,3
1140,1,3,1
1141,6,0,6
1142,6,6,4
1143,6,0,6
1144,6,1,3
1145,6,3,1
1146,6,1,3
1147,2,7,2
1148,7,4,7
1149,2,7,2
1150,8,1,3
1151,6,0,6
1152,6,7,2
1153,1,3,1
1154,6,0,6
1155,6,0,6
1156,2,0,6
1157,6,0,6
1158,7,4,7
1159,6,0,6
1160,6,6,4
1161,6,1,3
1162,6,6,4
1163,6,3,1
1164,6,0,6
1165,2,7,2
1166,6,6,4
1167,8,8,8
1168,6,3,1
1169,6,0,6
1170,6,0,6
1171,8,8,8
1172,8,1,3
1173,6,7,2
1174,1,3,1
1175,6,0,6
1176,6,0,6
1177,7,6,4
1178,6,0,6
1179,7,4,7
1180,5,2,5
1181,6,0,6
1182,6,0,6
1183,6,0,6
1184,6,3,1
1185,6,1,3
1186,6,1,3
1187,6,6,4
1188,6,0,6
1189,6,0,6
1190,7,4,7
1191,6,1,3
1192,6,6,4
1193,6,1,3
1194,2,7,2
1195,6,6,4
1196,8,8,8
1197,6,6,4
1198,6,0,6
1199,8,8,8
1200,1,3,1
1201,6,0,6
1202,6,3,1
1203,6,0,6
1204,6,0,6
1205,6,6,4
1206,6,2,5
1207,6,0,6
1208,5,2,5
1209,7,4,7
1210,2,7,2
1211,1,3,1
1212,6,1,3
1213,6,0,6
1214,6,0,6
1215,2,7,2
1216,2,3,1
1217,6,0,6
1218,8,1,3
1219,8,0,6
1220,8,1,3
1221,6,0,6
1222,6,0,6
1223,6,3,1
1224,6,0,6
1225,6,1,3
1226,6,1,3
1227,2,0,6
1228,6,0,6
1229,6,0,6
1230,5,7,2
1231,8,1,3
1232,5,2,5
1233,6,0,6
1234,7,4,7
1235,7,4,7
1236,2,7,2
1237,6,0,6
1238,6,1,3
1239,6,3,1
1240,6,2,5
1241,6,6,4
1242,6,0,6
1243,6,6,4
1244,6,0,6
1245,6,0,6
1246,6,7,2
1247,2,7,2
1248,6,0,6
1249,6,0,6
1250,8,1,3
1251,2,3,1
1252,2,7,2
1253,5,2,5
1254,6,0,6
1255,6,1,3
1256,8,8,8
1257,6,6,4
1258,6,0,6
1259,7,4,7
1260,6,1,3
1261,5,2,5
1262,6,0,6
1263,6,6,4
1264,6,6,4
1265,8,8,8
1266,7,4,7
1267,6,0,6
1268,8,1,3
1269,6,0,6
1270,6,0,6
1271,5,2,5
1272,6,1,3
1273,6,3,1
1274,6,0,6
1275,2,7,2
1276,8,1,3
1277,6,0,6
1278,6,3,1
1279,6,0,6
1280,2,3,1
1281,1,3,1
1282,6,3,1
1283,2,7,2
1284,6,6,4
1285,2,0,6
1286,8,8,8
1287,2,7,2
1288,6,0,6
1289,2,7,2
1290,2,7,2
1291,6,1,3
1292,6,3,1
1293,6,0,6
1294,6,0,6
1295,6,0,6
1296,6,1,3
1297,7,4,7
1298,6,3,1
1299,4,0,6
1300,6,0,6
1301,6,0,6
1302,4,0,6
1303,6,3,1
1304,6,0,6
1305,6,0,6
1306,6,1,3
1307,6,1,3
1308,6,0,6
1309,7,4,7
1310,5,2,5
1311,6,0,6
1312,6,6,4
1313,6,0,6
1314,7,4,7
1315,6,0,6
1316,6,0,6
1317,6,6,4
1318,6,0,6
1319,7,4,7
1320,5,2,5
1321,6,0,6
1322,6,0,6
1323,6,1,3
1324,5,2,5
1325,6,0,6
1326,8,8,8
1327,2,7,2
1328,5,2,5
1329,6,3,1
1330,6,6,4
1331,2,7,2
1332,6,0,6
1333,6,0,6
1334,6,6,4
1335,6,1,3
1336,6,0,6
1337,6,0,6
1338,6,0,6
1339,6,1,3
1340,6,0,6
1341,6,0,6
1342,6,3,1
1343,6,4,7
1344,6,1,3
1345,6,0,6
1346,6,0,6
1347,2,7,2
1348,6,0,6
1349,6,1,3
1350,7,4,7
1351,2,7,2
1352,6,0,6
1353,6,0,6
1354,6,3,1
1355,2,7,2
1356,8,1,3
1357,1,0,6
1358,6,0,6
1359,6,0,6
1360,6,3,1
1361,6,0,6
1362,7,4,7
1363,6,0,6
1364,6,1,3
1365,6,6,4
1366,7,4,7
1367,8,8,8
1368,6,0,6
1369,4,0,6
1370,8,1,3
1371,6,0,6
1372,2,3,1
1373,6,0,6
1374,6,3,1
1375,6,0,6
1376,6,0,6
1377,6,3,1
1378,1,0,6
1379,6,6,4
1380,6,0,6
1381,6,0,6
1382,6,6,4
1383,6,0,6
1384,6,0,6
1385,6,0,6
1386,1,3,1
1387,6,0,6
1388,2,3,1
1389,7,6,4
1390,8,1,3
1391,6,3,1
1392,6,1,3
1393,6,0,6
1394,7,6,4
1395,6,0,6
1396,6,3,1
1397,5,2,5
1398,6,0,6
1399,6,6,4
1400,1,3,1
1401,1,0,6
1402,5,2,5
1403,6,1,3
1404,1,1,3
1405,6,6,4
1406,6,6,4
1407,5,3,1
1408,7,0,6
1409,6,0,6
1410,6,6,4
1411,6,0,6
1412,6,0,6
1413,6,0,6
1414,6,0,6
1415,7,4,7
1416,6,0,6
1417,6,6,4
1418,6,3,1
1419,2,7,2
1420,2,7,2
1421,7,4,7
1422,6,6,4
1423,6,0,6
1424,6,6,4
1425,6,0,6
1426,6,0,6
1427,6,0,6
1428,6,1,3
1429,6,1,3
1430,1,3,1
1431,6,3,1
1432,6,0,6
1433,6,0,6
1434,8,0,6
1435,6,0,6
1436,6,0,6
1437,6,0,6
1438,6,0,6
1439,5,3,1
1440,8,1,3
1441,6,3,1
1442,8,8,8
1443,6,0,6
1444,6,6,4
1445,6,1,3
1446,6,4,7
1447,6,0,6
1448,6,0,6
1449,5,2,5
1450,6,0,6
1451,2,3,1
1452,2,7,2
1453,6,0,6
1454,6,0,6
1455,6,0,6
1456,7,4,7
1457,6,0,6
1458,5,2,5
1459,7,4,7
1460,6,6,4
1461,6,0,6
1462,6,0,6
1463,8,1,3
1464,8,1,3
1465,6,2,5
1466,6,1,3
1467,8,1,3
1468,8,8,8
1469,7,6,4
1470,7,4,7
1471,6,0,6
1472,6,0,6
1473,6,0,6
1474,6,0,6
1475,6,6,4
1476,3,3,1
1477,6,1,3
1478,6,6,4
1479,5,2,5
1480,6,0,6
1481,6,0,6
1482,6,0,6
1483,6,0,6
1484,8,8,8
1485,2,7,2
1486,6,0,6
1487,8,0,6
1488,8,1,3
1489,6,0,6
1490,6,1,3
1491,6,6,4
1492,7,4,7
1493,6,0,6
1494,8,1,3
1495,6,6,4
1496,6,3,1
1497,6,1,3
1498,8,1,3
1499,6,0,6
1500,6,0,6
1501,7,4,7
1502,6,0,6
1503,5,2,5
1504,6,0,6
1505,6,0,6
1506,6,0,6
1507,6,6,4
1508,6,1,3
1509,6,0,6
1510,6,1,3
1511,6,0,6
1512,5,3,1
1513,6,0,6
1514,6,0,6
1515,6,0,6
1516,7,4,7
1517,5,2,5
1518,6,6,4
1519,8,1,3
1520,5,3,1
1521,6,6,4
1522,7,4,7
1523,6,3,1
1524,6,1,3
1525,8,1,3
1526,1,3,1
1527,8,8,8
1528,6,0,6
1529,6,3,1
1530,6,0,6
1531,6,0,6
1532,6,0,6
1533,7,4,7
1534,8,8,8
1535,6,6,4
1536,6,0,6
1537,6,3,1
1538,4,0,6
1539,6,1,3
1540,6,0,6
1541,8,1,3
1542,6,3,1
1543,4,0,6
1544,6,6,4
1545,6,6,4
1546,6,0,6
1547,7,4,7
1548,1,1,3
1549,8,8,8
1550,6,0,6
1551,6,3,1
1552,6,1,3
1553,6,1,3
1554,6,0,6
1555,7,4,7
1556,6,0,6
1557,6,0,6
1558,6,3,1
1559,6,0,6
1560,6,8,8
1561,6,6,4
1562,8,1,3
1563,6,1,3
1564,8,1,3
1565,6,0,6
1566,6,1,3
1567,7,4,7
1568,5,3,1
1569,2,7,2
1570,6,0,6
1571,6,0,6
1572,7,6,4
1573,5,3,1
1574,6,0,6
1575,6,3,1
1576,6,0,6
1577,6,0,6
1578,6,1,3
1579,6,1,3
1580,6,1,3
1581,6,6,4
1582,6,0,6
1583,6,1,3
1584,6,0,6
1585,2,7,2
1586,1,0,6
1587,6,0,6
1588,6,0,6
1589,6,6,4
1590,6,6,4
1591,6,0,6
1592,6,7,2
1593,6,0,6
1594,6,0,6
1595,6,0,6
1596,6,1,3
1597,7,4,7
1598,1,0,6
1599,6,0,6
1600,6,0,6
1601,8,8,8
1602,8,1,3
1603,6,0,6
1604,6,1,3
1605,6,0,6
1606,6,0,6
1607,6,0,6
1608,2,3,1
1609,6,0,6
1610,6,1,3
1611,6,3,1
1612,6,0,6
1613,2,3,1
1614,6,0,6
1615,8,1,3
1616,6,3,1
1617,6,3,1
1618,6,0,6
1619,6,0,6
1620,4,0,6
1621,6,0,6
1622,8,8,8
1623,6,1,3
1624,6,6,4
1625,8,8,8
1626,6,6,4
1627,6,6,4
1628,7,4,7
1629,6,0,6
1630,5,2,5
1631,8,1,3
1632,8,1,3
1633,6,0,6
1634,6,6,4
1635,5,2,5
1636,6,0,6
1637,7,4,7
1638,8,1,3
1639,6,1,3
1640,2,7,2
1641,7,4,7
1642,2,7,2
1643,5,2,5
1644,2,7,2
1645,6,6,4
1646,6,3,1
1647,7,6,4
1648,6,0,6
1649,6,6,4
1650,6,0,6
1651,6,3,1
1652,6,0,6
1653,6,0,6
1654,6,1,3
1655,6,3,1
1656,6,2,5
1657,6,6,4
1658,6,0,6
1659,5,2,5
1660,6,3,1
1661,8,1,3
1662,0,5,0
1663,8,1,3
1664,0,5,0
1665,4,0,6
1666,6,0,6
1667,8,8,8
1668,6,0,6
1669,5,2,5
1670,6,0,6
1671,6,0,6
1672,8,1,3
1673,4,0,6
1674,6,0,6
1675,6,0,6
1676,6,0,6
1677,5,2,5
1678,6,6,4
1679,8,8,8
1680,2,7,2
1681,6,3,1
1682,8,8,8
1683,2,7,2
1684,6,3,1
1685,8,1,3
1686,8,1,3
1687,8,8,8
1688,6,6,4
1689,2,7,2
1690,5,2,5
1691,5,2,5
1692,6,6,4
1693,6,6,4
1694,5,2,5
1695,6,0,6
1696,5,3,1
1697,8,8,8
1698,2,7,2
1699,4,0,6
1700,5,2,5
1701,8,8,8
1702,8,8,8
1703,6,0,6
1704,8,1,3
1705,6,6,4
1706,6,0,6
1707,8,1,3
1708,8,8,8
1709,7,4,7
1710,6,7,2
1711,8,8,8
1712,8,1,3
1713,6,0,6
1714,2,7,2
1715,6,1,3
1716,6,0,6
1717,8,1,3
1718,7,6,4
1719,8,1,3
1720,8,8,8
1721,6,1,3
1722,8,8,8
1723,6,1,3
1724,7,4,7
1725,3,3,1
1726,6,3,1
1727,5,2,5
1728,8,1,3
1729,6,6,4
1730,6,0,6
1731,2,7,2
1732,7,6,4
1733,8,8,8
1734,6,0,6
1735,6,4,7
1736,6,8,8
1737,6,0,6
1738,6,0,6
1739,8,1,3
1740,8,1,3
1741,8,1,3
1742,7,4,7
1743,8,1,3
1744,2,3,1
1745,2,3,1
1746,6,6,4
1747,7,4,7
1748,6,0,6
1749,6,6,4
1750,8,8,8
1751,6,3,1
1752,6,1,3
1753,5,3,1
1754,8,8,8
1755,6,0,6
1756,6,1,3
1757,8,1,3
1758,2,7,2
1759,6,0,6
1760,6,0,6
1761,6,3,1
1762,6,6,4
1763,8,1,3
1764,6,6,4
1765,8,8,8
1766,6,6,4
1767,8,8,8
1768,6,0,6
1769,8,8,8
1770,6,1,3
1771,7,4,7
1772,6,6,4
1773,7,4,7
1774,2,3,1
1775,7,4,7
1776,8,8,8
1777,6,0,6
1778,8,1,3
1779,7,4,7
1780,8,0,6
1781,8,8,8
1782,1,3,1
1783,8,8,8
1784,6,0,6
1785,2,7,2
1786,2,7,2
1787,8,1,3
1788,6,0,6
1789,2,7,2
1790,7,4,7
1791,8,1,3
1792,6,4,7
1793,8,0,6
1794,8,1,3
1795,7,4,7
1796,2,7,2
1797,6,6,4
1798,2,7,2
1799,6,0,6
1800,8,1,3
1801,8,1,3
1802,2,7,2
1803,8,8,8
1804,7,4,7
1805,5,2,5
1806,6,6,4
1807,8,8,8
1808,7,4,7
1809,5,3,1
1810,6,6,4
1811,7,4,7
1812,6,6,4
1813,8,1,3
1814,7,4,7
1815,2,7,2
1816,8,1,3
1817,2,7,2
1818,6,7,2
1819,2,7,2
1820,6,0,6
1821,6,0,6
1822,8,1,3
1823,7,4,7
1824,2,7,2
1825,2,3,1
1826,2,3,1
1827,5,2,5
1828,4,0,6
1829,6,0,6
1830,8,8,8
1831,8,0,6
1832,7,4,7
1833,6,6,4
1834,6,3,1
1835,7,4,7
1836,6,0,6
1837,6,1,3
1838,6,6,4
1839,6,0,6
1840,2,7,2
1841,7,6,4
1842,7,4,7
1843,3,3,1
1844,7,4,7
1845,6,0,6
1846,5,2,5
1847,6,0,6
1848,2,7,2
1849,2,7,2
1850,2,7,2
1851,8,1,3
1852,6,0,6
1853,8,8,8
1854,7,4,7
1855,7,4,7
1856,7,4,7
1857,6,6,4
1858,5,3,1
1859,6,3,1
1860,6,0,6
1861,8,8,8
1862,5,2,5
1863,7,4,7
1864,5,2,5
1865,6,0,6
1866,6,0,6
1867,2,7,2
1868,2,3,1
1869,1,3,1
1870,8,0,6
1871,6,0,6
1872,4,0,6
1873,6,6,4
1874,6,6,4
1875,8,8,8
1876,6,8,8
1877,5,2,5
1878,6,0,6
1879,8,8,8
1880,2,7,2
1881,6,1,3
1882,8,1,3
1883,8,1,3
1884,3,3,1
1885,2,7,2
1886,8,1,3
1887,2,7,2
1888,2,7,2
1889,6,0,6
1890,6,0,6
1891,0,5,0
1892,6,0,6
1893,7,4,7
1894,6,0,6
1895,5,2,5
1896,7,4,7
1897,8,8,8
1898,6,1,3
1899,2,7,2
1900,5,6,4
1901,7,4,7
1902,2,7,2
1903,7,4,7
1904,4,0,6
1905,2,7,2
1906,2,7,2
1907,2,7,2
1908,7,4,7
1909,5,2,5
1910,6,4,7
1911,2,7,2
1912,8,1,3
1913,8,1,3
1914,1,3,1
1915,4,0,6
1916,6,0,6
1917,0,5,0
1918,8,1,3
1919,8,1,3
1920,7,6,4
1921,1,3,1
1922,6,0,6
1923,8,1,3
1924,5,2,5
1925,4,0,6
1926,2,7,2
1927,5,2,5
1928,8,1,3
1929,2,7,2
1930,0,5,0
1931,2,7,2
1932,8,0,6
1933,5,2,5
1934,8,8,8
1935,6,0,6
1936,6,0,6
1937,6,3,1
1938,5,2,5
1939,2,3,1
1940,8,8,8
1941,5,2,5
1942,6,6,4
1943,4,0,6
1944,8,1,3
1945,8,8,8
1946,1,3,1
1947,8,8,8
1948,6,0,6
1949,8,1,3
1950,6,1,3
1951,8,8,8
1952,6,6,4
1953,8,8,8
1954,7,6,4
1955,5,2,5
1956,2,3,1
1957,6,3,1
1958,6,6,4
1959,8,1,3
1960,2,7,2
1961,6,0,6
1962,8,8,8
1963,7,4,7
1964,8,8,8
1965,7,4,7
1966,7,4,7
1967,2,7,2
1968,2,7,2
1969,7,4,7
1970,7,4,7
1971,8,8,8
1972,7,4,7
1973,7,4,7
1974,5,2,5
1975,8,1,3
1976,7,4,7
1977,8,1,3
1978,8,1,3
1979,7,4,7
1980,2,7,2
1981,2,7,2
1982,6,6,4
1983,7,4,7
1984,7,4,7
1985,8,8,8
1986,8,8,8
1987,1,3,1
1988,8,0,6
1989,5,2,5
1990,5,2,5
1991,7,4,7
1992,2,7,2
1993,6,6,4
1994,7,4,7
1995,6,6,4
1996,2,7,2
1997,5,2,5
1998,2,7,2
1999,6,0,6
2000,2,7,2
2001,6,1,3
2002,6,6,4
2003,6,6,4
2004,6,0,6
2005,4,0,6
2006,8,8,8
2007,7,4,7
2008,6,0,6
2009,7,4,7
2010,6,0,6
2011,6,1,3
2012,8,8,8
2013,6,6,4
2014,2,7,2
2015,7,4,7
2016,6,0,6
2017,8,8,8
2018,8,8,8
2019,8,8,8
2020,4,0,6
2021,8,8,8
2022,6,6,4
2023,6,0,6
2024,6,0,6
2025,7,4,7
2026,2,3,1
2027,8,8,8
2028,5,2,5
2029,6,6,4
2030,6,6,4
2031,2,7,2
2032,2,7,2
2033,2,7,2
2034,2,7,2
2035,2,3,1
2036,7,4,7
2037,8,1,3
2038,8,8,8
2039,5,3,1
2040,2,7,2
2041,8,1,3
2042,6,0,6
2043,8,8,8
2044,8,8,8
2045,5,3,1
2046,5,2,5
2047,7,6,4
2048,4,0,6
2049,2,7,2
2050,6,0,6
2051,5,2,5
2052,6,3,1
2053,2,7,2
2054,2,7,2
2055,5,2,5
2056,5,2,5
2057,2,7,2
2058,8,0,6
2059,6,6,4
2060,6,6,4
2061,5,2,5
2062,5,2,5
2063,5,2,5
2064,8,1,3
2065,6,0,6
2066,5,3,1
2067,5,2,5
2068,6,0,6
2069,8,1,3
2070,7,4,7
2071,6,6,4
2072,5,2,5
2073,2,3,1
2074,6,0,6
2075,8,8,8
2076,2,7,2
2077,7,4,7
2078,7,4,7
2079,6,0,6
2080,7,4,7
2081,6,0,6
2082,2,7,2
2083,6,0,6
2084,3,3,1
2085,8,8,8
2086,6,6,4
2087,6,6,4
2088,5,2,5
2089,7,4,7
2090,2,7,2
2091,6,0,6
2092,1,6,4
2093,7,4,7
2094,8,8,8
2095,2,7,2
2096,7,4,7
2097,6,0,6
2098,5,2,5
2099,7,4,7
2100,5,2,5
2101,2,7,2
2102,8,8,8
2103,2,7,2
2104,5,2,5
2105,6,6,4
2106,6,6,4
2107,2,3,1
2108,5,2,5
2109,2,7,2
2110,8,8,8
2111,1,0,6
2112,2,7,2
2113,5,3,1
2114,6,0,6
2115,6,0,6
2116,6,0,6
2117,6,1,3
2118,8,8,8
2119,7,4,7
2120,0,5,0
2121,7,4,7
2122,8,1,3
2123,6,6,4
2124,8,1,3
2125,2,7,2
2126,8,8,8
2127,8,1,3
2128,2,7,2
2129,2,7,2
2130,8,8,8
2131,6,0,6
2132,6,0,6
2133,6,0,6
2134,6,1,3
2135,8,8,8
2136,8,1,3
2137,7,4,7
2138,8,1,3
2139,5,2,5
2140,6,4,7
2141,7,4,7
2142,2,7,2
2143,8,1,3
2144,7,4,7
2145,5,2,5
2146,8,1,3
2147,6,0,6
2148,8,1,3
2149,5,3,1
2150,7,4,7
2151,6,6,4
2152,8,1,3
2153,5,3,1
2154,7,4,7
2155,8,1,3
2156,8,8,8
2157,2,7,2
2158,6,0,6
2159,7,4,7
2160,8,8,8
2161,1,3,1
2162,0,5,0
2163,6,6,4
2164,6,6,4
2165,6,0,6
2166,5,2,5
2167,5,3,1
2168,7,4,7
2169,6,6,4
2170,6,0,6
2171,6,0,6
2172,6,0,6
2173,8,8,8
2174,8,8,8
2175,6,1,3
2176,1,0,6
2177,4,0,6
2178,7,4,7
2179,1,3,1
2180,7,4,7
2181,4,0,6
2182,8,8,8
2183,8,8,8
2184,8,8,8
2185,6,6,4
2186,6,0,6
2187,6,6,4
2188,6,6,4
2189,6,3,1
2190,8,8,8
2191,6,2,5
2192,8,8,8
2193,7,6,4
2194,8,8,8
2195,6,0,6
2196,8,8,8
2197,8,8,8
2198,5,2,5
2199,2,7,2
2200,8,1,3
2201,2,7,2
2202,5,3,1
2203,8,8,8
2204,2,6,4
2205,8,8,8
2206,6,0,6
2207,8,1,3
2208,1,6,4
2209,7,4,7
2210,8,8,8
2211,1,3,1
2212,7,4,7
2213,6,0,6
2214,5,2,5
2215,6,0,6
2216,7,4,7
2217,7,6,4
2218,7,4,7
2219,7,4,7
2220,7,4,7
2221,1,3,1
2222,4,0,6
2223,2,7,2
2224,8,8,8
2225,7,4,7
2226,5,2,5
2227,6,0,6
2228,8,8,8
2229,5,2,5
2230,2,7,2
2231,6,0,6
2232,6,1,3
2233,8,1,3
2234,8,1,3
2235,2,7,2
2236,6,0,6
2237,8,1,3
2238,5,2,5
2239,4,0,6
2240,2,7,2
2241,6,0,6
2242,8,1,3
2243,5,2,5
2244,7,4,7
2245,7,4,7
2246,8,1,3
2247,6,3,1
2248,8,1,3
2249,8,1,3
2250,8,0,6
2251,3,3,1
2252,8,1,3
2253,6,4,7
2254,6,0,6
2255,6,3,1
2256,6,0,6
2257,2,7,2
2258,8,8,8
2259,8,8,8
2260,6,6,4
2261,5,2,5
2262,4,0,6
2263,8,1,3
2264,6,0,6
2265,6,1,3
2266,8,1,3
2267,5,2,5
2268,6,0,6
2269,8,8,8
2270,5,2,5
2271,7,4,7
2272,2,7,2
2273,6,0,6
2274,1,3,1
2275,6,3,1
2276,8,0,6
2277,6,4,7
2278,6,6,4
2279,6,6,4
2280,6,3,1
2281,5,3,1
2282,4,0,6
2283,2,7,2
2284,7,4,7
2285,5,3,1
2286,4,0,6
2287,7,4,7
2288,7,6,4
2289,6,6,4
2290,6,1,3
2291,6,0,6
2292,7,4,7
2293,8,1,3
2294,6,1,3
2295,5,2,5
2296,2,7,2
2297,1,3,1
2298,8,8,8
2299,8,1,3
2300,7,4,7
2301,7,4,7
2302,8,1,3
2303,2,7,2
2304,5,2,5
2305,8,1,3
2306,7,4,7
2307,2,7,2
2308,7,4,7
2309,6,0,6
2310,8,1,3
2311,6,0,6
2312,8,1,3
2313,5,2,5
2314,5,2,5
2315,7,4,7
2316,8,8,8
2317,2,7,2
2318,6,1,3
2319,6,6,4
2320,6,3,1
2321,1,3,1
2322,8,8,8
2323,6,0,6
2324,8,6,4
2325,1,3,1
2326,5,2,5
2327,2,7,2
2328,1,3,1
2329,8,1,3
2330,6,1,3
2331,8,8,8
2332,1,3,1
2333,6,0,6
2334,8,8,8
2335,6,0,6
2336,2,3,1
2337,6,0,6
2338,2,7,2
2339,6,0,6
2340,1,0,6
2341,5,2,5
2342,6,3,1
2343,5,2,5
2344,2,7,2
2345,8,1,3
2346,8,8,8
2347,6,4,7
2348,2,3,1
2349,8,8,8
2350,8,1,3
2351,5,2,5
2352,2,7,2
2353,7,4,7
2354,8,1,3
2355,6,0,6
2356,7,4,7
2357,8,8,8
2358,8,1,3
2359,5,2,5
2360,8,1,3
2361,7,4,7
2362,5,2,5
2363,7,4,7
2364,6,6,4
2365,8,8,8
2366,8,8,8
2367,1,3,1
2368,8,8,8
2369,5,2,5
2370,5,2,5
2371,6,0,6
2372,8,8,8
2373,8,8,8
2374,8,8,8
2375,5,3,1
2376,8,0,6
2377,1,0,6
2378,7,4,7
2379,7,4,7
2380,8,8,8
2381,6,6,4
2382,7,6,4
2383,2,0,6
2384,6,6,4
2385,6,0,6
2386,5,2,5
2387,2,7,2
2388,8,1,3
2389,3,3,1
2390,5,2,5
2391,6,6,4
2392,6,3,1
2393,8,1,3
2394,8,8,8
2395,6,8,8
2396,6,3,1
2397,8,8,8
2398,1,1,3
2399,8,8,8
2400,8,8,8
2401,7,4,7
2402,8,8,8
2403,5,2,5
2404,2,7,2
2405,2,7,2
2406,6,6,4
2407,1,3,1
2408,2,7,2
2409,6,6,4
2410,7,4,7
2411,6,0,6
2412,5,2,5
2413,8,8,8
2414,6,0,6
2415,2,7,2
2416,6,1,3
2417,0,5,0
2418,8,0,6
2419,2,7,2
2420,7,6,4
2421,8,8,8
2422,5,2,5
2423,5,2,5
2424,8,1,3
2425,6,6,4
2426,8,1,3
2427,6,1,3
2428,7,4,7
2429,8,1,3
2430,6,6,4
2431,6,3,1
2432,7,4,7
2433,2,7,2
2434,6,6,4
2435,2,7,2
2436,2,7,2
2437,5,2,5
2438,6,1,3
2439,2,7,2
2440,8,8,8
2441,5,2,5
2442,8,1,3
2443,8,1,3
2444,6,0,6
2445,8,1,3
2446,5,2,5
2447,6,6,4
2448,2,7,2
2449,6,6,4
2450,6,0,6
2451,8,8,8
2452,8,8,8
2453,2,7,2
2454,6,3,1
2455,7,4,7
2456,8,1,3
2457,6,6,4
2458,6,6,4
2459,2,3,1
2460,7,4,7
2461,2,7,2
2462,7,4,7
2463,0,5,0
2464,7,4,7
2465,6,0,6
2466,6,0,6
2467,8,1,3
2468,2,7,2
2469,7,4,7
2470,1,3,1
2471,2,7,2
2472,8,1,3
2473,6,6,4
2474,5,2,5
2475,8,0,6
2476,6,6,4
2477,6,0,6
2478,6,0,6
2479,6,6,4
2480,8,1,3
2481,6,3,1
2482,8,8,8
2483,8,8,8
2484,8,0,6
2485,2,3,1
2486,7,4,7
2487,8,8,8
2488,8,8,8
2489,8,8,8
2490,6,3,1
2491,5,2,5
2492,8,8,8
2493,7,4,7
2494,8,8,8
2495,5,2,5
2496,2,3,1
2497,1,3,1
2498,2,3,1
2499,8,8,8
2500,6,0,6
2501,7,4,7
2502,8,0,6
2503,8,1,3
2504,6,0,6
2505,7,4,7
2506,6,6,4
2507,7,4,7
2508,6,0,6
2509,7,4,7
2510,2,7,2
2511,6,3,1
2512,6,0,6
2513,5,2,5
2514,7,4,7
2515,5,3,1
2516,6,6,4
2517,7,4,7
2518,6,3,1
2519,8,1,3
2520,4,6,4
2521,6,0,6
2522,6,0,6
2523,6,0,6
2524,5,2,5
2525,8,8,8
2526,2,7,2
2527,4,0,6
2528,7,4,7
2529,6,6,4
2530,7,4,7
2531,6,0,6
2532,2,7,2
2533,8,1,3
2534,2,7,2
2535,8,1,3
2536,2,7,2
2537,5,2,5
2538,2,7,2
2539,8,8,8
2540,5,2,5
2541,6,6,4
2542,6,6,4
2543,6,6,4
2544,5,2,5
2545,6,0,6
2546,7,4,7
2547,6,0,6
2548,6,0,6
2549,6,0,6
2550,6,3,1
2551,6,1,3
2552,7,6,4
2553,8,8,8
2554,8,1,3
2555,2,7,2
2556,8,1,3
2557,8,8,8
2558,8,1,3
2559,6,1,3
2560,1,3,1
2561,7,1,3
2562,6,3,1
2563,8,8,8
2564,5,3,1
2565,4,0,6
2566,6,6,4
2567,2,7,2
2568,6,0,6
2569,6,6,4
2570,2,7,2
2571,6,0,6
2572,7,4,7
2573,8,8,8
2574,6,6,4
2575,2,7,2
2576,6,0,6
2577,6,6,4
2578,2,3,1
2579,6,3,1
2580,8,8,8
2581,6,0,6
2582,2,3,1
2583,1,3,1
2584,5,2,5
2585,8,8,8
2586,6,0,6
2587,6,0,6
2588,8,1,3
2589,7,4,7
2590,6,1,3
2591,8,0,6
2592,8,8,8
2593,6,4,7
2594,8,8,8
2595,6,0,6
2596,7,4,7
2597,5,2,5
2598,8,1,3
2599,7,4,7
2600,6,6,4
2601,4,0,6
2602,8,6,4
2603,8,7,2
2604,8,8,8
2605,6,6,4
2606,7,4,7
2607,2,3,1
2608,6,6,4
2609,6,0,6
2610,8,1,3
2611,8,8,8
2612,1,0,6
2613,1,3,1
2614,8,1,3
2615,6,6,4
2616,5,2,5
2617,8,8,8
2618,6,0,6
2619,8,1,3
2620,5,2,5
2621,6,4,7
2622,8,1,3
2623,1,0,6
2624,8,1,3
2625,6,0,6
2626,7,4,7
2627,1,0,6
2628,1,3,1
2629,6,1,3
2630,8,8,8
2631,2,7,2
2632,8,1,3
2633,6,4,7
2634,6,0,6
2635,8,1,3
2636,6,0,6
2637,8,1,3
2638,8,8,8
2639,8,1,3
2640,6,6,4
2641,6,0,6
2642,6,1,3
2643,7,4,7
2644,4,0,6
2645,8,8,8
2646,8,8,8
2647,6,6,4
2648,8,1,3
2649,1,0,6
2650,1,3,1
2651,8,8,8
2652,8,8,8
2653,7,4,7
2654,5,2,5
2655,7,6,4
2656,7,4,7
2657,5,3,1
2658,8,1,3
2659,6,6,4
2660,8,8,8
2661,7,4,7
2662,8,8,8
2663,2,7,2
2664,1,3,1
2665,6,0,6
2666,7,4,7
2667,2,3,1
2668,6,0,6
2669,7,4,7
2670,8,8,8
2671,8,1,3
2672,6,0,6
2673,6,0,6
2674,7,4,7
2675,2,7,2
2676,6,0,6
2677,7,4,7
2678,8,8,8
2679,8,1,3
2680,6,6,4
2681,2,7,2
2682,8,8,8
2683,5,2,5
2684,8,1,3
2685,8,8,8
2686,8,6,4
2687,6,6,4
2688,2,7,2
2689,2,7,2
2690,8,8,8
2691,8,8,8
2692,6,0,6
2693,5,2,5
2694,7,4,7
2695,2,7,2
2696,2,7,2
2697,6,6,4
2698,8,1,3
2699,6,6,4
2700,2,3,1
2701,6,6,4
2702,6,0,6
2703,8,1,3
2704,1,0,6
2705,6,4,7
2706,2,7,2
2707,6,3,1
2708,6,0,6
2709,2,7,2
2710,4,0,6
2711,5,3,1
2712,7,4,7
2713,6,0,6
2714,8,1,3
2715,6,0,6
2716,7,4,7
2717,6,3,1
2718,8,1,3
2719,7,4,7
2720,6,0,6
2721,7,4,7
2722,8,8,8
2723,8,1,3
2724,7,6,4
2725,4,0,6
2726,6,0,6
2727,8,8,8
2728,2,7,2
2729,2,7,2
2730,7,4,7
2731,6,0,6
2732,7,4,7
2733,5,2,5
2734,7,4,7
2735,7,4,7
2736,2,7,2
2737,0,5,0
2738,6,0,6
2739,7,4,7
2740,7,4,7
2741,2,7,2
2742,4,0,6
2743,6,0,6
2744,8,8,8
2745,8,1,3
2746,6,1,3
2747,1,3,1
2748,6,0,6
2749,6,4,7
2750,7,4,7
2751,8,1,3
2752,6,6,4
2753,8,1,3
2754,6,0,6
2755,2,7,2
2756,7,4,7
2757,2,7,2
2758,6,1,3
2759,6,6,4
2760,8,8,8
2761,5,2,5
2762,1,3,1
2763,2,3,1
2764,6,1,3
2765,8,1,3
2766,8,8,8
2767,8,1,3
2768,6,0,6
2769,1,3,1
2770,7,6,4
2771,6,0,6
2772,6,0,6
2773,8,8,8
2774,7,4,7
2775,7,4,7
2776,6,6,4
2777,8,8,8
2778,6,6,4
2779,2,7,2
2780,2,0,6
2781,7,4,7
2782,6,6,4
2783,4,0,6
2784,8,1,3
2785,2,7,2
2786,8,8,8
2787,7,4,7
2788,8,1,3
2789,7,6,4
2790,1,0,6
2791,8,8,8
2792,6,0,6
2793,6,1,3
2794,5,2,5
2795,7,4,7
2796,5,3,1
2797,6,0,6
2798,3,3,1
2799,7,4,7
2800,6,6,4
2801,2,7,2
2802,6,6,4
2803,8,1,3
2804,8,1,3
2805,5,3,1
2806,7,4,7
2807,8,8,8
2808,8,1,3
2809,6,0,6
2810,7,6,4
2811,3,3,1
2812,6,6,4
2813,6,6,4
2814,8,8,8
2815,6,6,4
2816,8,8,8
2817,6,6,4
2818,0,5,0
2819,6,6,4
2820,8,1,3
2821,6,0,6
2822,8,8,8
2823,7,4,7
2824,6,6,4
2825,6,0,6
2826,8,8,8
2827,7,4,7
2828,5,2,5
2829,5,2,5
2830,6,6,4
2831,8,1,3
2832,7,6,4
2833,6,0,6
2834,6,0,6
2835,6,6,4
2836,8,1,3
2837,8,8,8
2838,4,0,6
2839,8,8,8
2840,6,6,4
2841,8,3,1
2842,7,4,7
2843,7,4,7
2844,6,1,3
2845,8,8,8
2846,6,0,6
2847,2,7,2
2848,1,3,1
2849,7,6,4
2850,8,8,8
2851,7,4,7
2852,5,7,2
2853,6,0,6
2854,6,1,3
2855,8,1,3
2856,5,2,5
2857,4,0,6
2858,5,2,5
2859,7,4,7
2860,7,4,7
2861,2,7,2
2862,6,1,3
2863,7,4,7
2864,8,8,8
2865,7,4,7
2866,8,8,8
2867,6,0,6
2868,1,3,1
2869,2,7,2
2870,6,0,6
2871,6,6,4
2872,8,8,8
2873,5,2,5
2874,2,7,2
2875,2,7,2
2876,2,7,2
2877,5,2,5
2878,7,4,7
2879,6,1,3
2880,6,0,6
2881,8,1,3
2882,5,2,5
2883,4,0,6
2884,8,8,8
2885,8,1,3
2886,1,3,1
2887,5,3,1
2888,2,7,2
2889,7,4,7
2890,4,0,6
2891,2,7,2
2892,2,7,2
2893,8,1,3
2894,7,4,7
2895,7,4,7
2896,8,8,8
2897,6,6,4
2898,5,2,5
2899,7,4,7
2900,8,1,3
2901,5,2,5
2902,2,7,2
2903,2,7,2
2904,7,4,7
2905,6,0,6
2906,8,1,3
2907,8,1,3
2908,2,7,2
2909,7,4,7
2910,6,6,4
2911,6,0,6
2912,8,1,3
2913,2,7,2
2914,8,8,8
2915,7,6,4
2916,6,6,4
2917,8,8,8
2918,5,2,5
2919,7,4,7
2920,8,8,8
2921,7,6,4
2922,5,2,5
2923,7,4,7
2924,2,7,2
2925,8,0,6
2926,7,4,7
2927,6,0,6
2928,2,7,2
2929,6,6,4
2930,5,2,5
2931,2,7,2
2932,7,4,7
2933,5,2,5
2934,7,4,7
2935,1,3,1
2936,8,8,8
2937,7,4,7
2938,2,7,2
2939,2,7,2
2940,7,4,7
2941,6,0,6
2942,7,4,7
2943,6,1,3
2944,2,7,2
2945,5,2,5
2946,7,6,4
2947,5,2,5
2948,4,0,6
2949,6,0,6
2950,6,6,4
2951,2,7,2
2952,1,3,1
2953,6,0,6
2954,5,2,5
2955,6,1,3
2956,7,4,7
2957,6,6,4
2958,2,7,2
2959,6,0,6
2960,8,1,3
2961,6,0,6
2962,8,8,8
2963,8,1,3
2964,6,6,4
2965,7,6,4
2966,6,6,4
2967,7,4,7
2968,2,7,2
2969,8,8,8
2970,6,6,4
2971,6,1,3
2972,7,4,7
2973,6,6,4
2974,6,6,4
2975,6,1,3
2976,4,0,6
2977,7,4,7
2978,6,0,6
2979,5,2,5
2980,5,2,5
2981,6,0,6
2982,6,0,6
2983,3,3,1
2984,8,8,8
2985,2,7,2
2986,7,4,7
2987,6,8,8
2988,6,3,1
2989,7,4,7
2990,5,2,5
2991,8,8,8
2992,6,0,6
2993,7,4,7
2994,8,8,8
2995,5,3,1
2996,8,8,8
2997,8,1,3
2998,6,6,4
2999,8,8,8
3000,6,0,6
3001,8,8,8
3002,5,2,5
3003,2,7,2
3004,6,1,3
3005,6,1,3
3006,7,4,7
3007,8,8,8
3008,6,6,4
3009,1,0,6
3010,6,0,6
3011,2,7,2
3012,8,8,8
3013,6,0,6
3014,2,7,2
3015,2,7,2
3016,6,6,4
3017,5,2,5
3018,5,2,5
3019,2,3,1
3020,8,1,3
3021,8,8,8
3022,6,3,1
3023,6,0,6
3024,5,2,5
3025,2,7,2
3026,6,0,6
3027,5,3,1
3028,8,1,3
3029,8,8,8
3030,8,1,3
3031,6,6,4
3032,6,0,6
3033,6,6,4
3034,8,0,6
3035,8,1,3
3036,6,0,6
3037,2,3,1
3038,8,1,3
3039,4,0,6
3040,5,2,5
3041,7,4,7
3042,6,6,4
3043,8,1,3
3044,2,7,2
3045,8,8,8
3046,8,1,3
3047,7,4,7
3048,8,1,3
3049,2,7,2
3050,2,7,2
3051,5,3,1
3052,7,4,7
3053,8,6,4
3054,5,3,1
3055,6,0,6
3056,8,0,6
3057,5,2,5
3058,8,1,3
3059,2,7,2
3060,6,4,7
3061,5,2,5
3062,2,7,2
3063,2,7,2
3064,5,2,5
3065,6,0,6
3066,7,4,7
3067,6,6,4
3068,8,8,8
3069,6,0,6
3070,7,4,7
3071,5,2,5
3072,0,5,0
3073,6,0,6
3074,6,3,1
3075,7,6,4
3076,7,4,7
3077,7,0,6
3078,8,8,8
3079,6,6,4
3080,6,0,6
3081,2,1,3
3082,7,4,7
3083,8,0,6
3084,2,7,2
3085,6,0,6
3086,6,0,6
3087,7,4,7
3088,8,1,3
3089,7,4,7
3090,6,0,6
3091,7,4,7
3092,6,4,7
3093,1,3,1
3094,5,2,5
3095,6,0,6
3096,6,6,4
3097,7,4,7
3098,6,0,6
3099,6,4,7
3100,8,1,3
3101,2,7,2
3102,8,3,1
3103,8,8,8
3104,6,6,4
3105,6,6,4
3106,8,0,6
3107,8,8,8
3108,6,3,1
3109,6,0,6
3110,6,4,7
3111,7,6,4
3112,6,0,6
3113,7,4,7
3114,8,1,3
3115,6,0,6
3116,8,8,8
3117,6,0,6
3118,6,6,4
3119,8,1,3
3120,6,3,1
3121,8,8,8
3122,5,2,5
3123,7,4,7
3124,6,0,6
3125,2,7,2
3126,2,0,6
3127,8,8,8
3128,6,0,6
3129,7,4,7
3130,2,7,2
3131,8,8,8
3132,8,0,6
3133,8,1,3
3134,7,4,7
3135,6,6,4
3136,8,8,8
3137,8,8,8
3138,6,0,6
3139,2,3,1
3140,7,4,7
3141,2,3,1
3142,8,1,3
3143,6,0,6
3144,8,8,8
3145,6,0,6
3146,7,6,4
3147,6,0,6
3148,8,3,1
3149,8,8,8
3150,8,1,3
3151,8,8,8
3152,8,1,3
3153,7,6,4
3154,0,5,0
3155,5,0,6
3156,6,0,6
3157,8,1,3
3158,8,1,3
3159,7,4,7
3160,2,7,2
3161,8,3,1
3162,8,8,8
3163,7,4,7
3164,8,8,8
3165,6,0,6
3166,7,4,7
3167,2,7,2
3168,8,8,8
3169,7,4,7
3170,8,1,3
3171,8,1,3
3172,7,4,7
3173,6,0,6
3174,7,4,7
3175,6,0,6
3176,1,3,1
3177,8,1,3
3178,3,3,1
3179,7,4,7
3180,5,2,5
3181,7,4,7
3182,0,5,0
3183,7,4,7
3184,2,7,2
3185,2,7,2
3186,6,1,3
3187,8,1,3
3188,4,0,6
3189,2,7,2
3190,6,0,6
3191,2,7,2
3192,6,6,4
3193,6,4,7
3194,7,4,7
3195,5,2,5
3196,6,0,6
3197,8,1,3
3198,2,3,1
3199,6,6,4
3200,8,8,8
3201,5,2,5
3202,6,0,6
3203,6,0,6
3204,5,2,5
3205,7,4,7
3206,6,8,8
3207,8,1,3
3208,8,1,3
3209,6,3,1
3210,2,7,2
3211,8,8,8
3212,7,4,7
3213,8,1,3
3214,7,4,7
3215,7,4,7
3216,5,2,5
3217,2,7,2
3218,6,0,6
3219,7,4,7
3220,6,6,4
3221,6,6,4
3222,1,3,1
3223,6,6,4
3224,6,6,4
3225,5,2,5
3226,0,5,0
3227,4,0,6
3228,2,7,2
3229,6,6,4
3230,8,1,3
3231,8,8,8
3232,6,6,4
3233,2,7,2
3234,6,6,4
3235,6,6,4
3236,7,4,7
3237,7,4,7
3238,1,3,1
3239,8,8,8
3240,6,6,4
3241,7,4,7
3242,6,0,6
3243,8,8,8
3244,8,0,6
3245,7,4,7
3246,7,4,7
3247,7,4,7
3248,6,0,6
3249,1,3,1
3250,7,4,7
3251,8,8,8
3252,7,4,7
3253,8,8,8
3254,5,2,5
3255,6,0,6
3256,2,7,2
3257,6,1,3
3258,6,3,1
3259,7,6,4
3260,8,1,3
3261,2,3,1
3262,2,7,2
3263,2,3,1
3264,7,6,4
3265,6,3,1
3266,7,4,7
3267,4,0,6
3268,8,1,3
3269,6,6,4
3270,2,7,2
3271,5,3,1
3272,6,1,3
3273,6,0,6
3274,8,1,3
3275,6,6,4
3276,8,8,8
3277,6,0,6
3278,7,4,7
3279,5,2,5
3280,7,4,7
3281,4,0,6
3282,6,3,1
3283,8,8,8
3284,6,6,4
3285,6,6,4
3286,5,3,1
3287,5,2,5
3288,2,7,2
3289,5,2,5
3290,6,3,1
3291,6,0,6
3292,7,4,7
3293,6,0,6
3294,7,4,7
3295,7,4,7
3296,7,4,7
3297,8,1,3
3298,2,7,2
3299,6,6,4
3300,0,5,0
3301,6,6,4
3302,6,0,6
3303,8,8,8
3304,1,3,1
3305,6,3,1
3306,8,8,8
3307,6,0,6
3308,8,0,6
3309,6,0,6
3310,7,4,7
3311,8,1,3
3312,3,3,1
3313,2,7,2
3314,6,0,6
3315,3,3,1
3316,8,8,8
3317,8,1,3
3318,6,6,4
3319,8,1,3
3320,2,7,2
3321,6,6,4
3322,5,2,5
3323,8,1,3
3324,5,3,1
3325,2,7,2
3326,6,0,6
3327,6,0,6
3328,8,1,3
3329,7,4,7
3330,7,4,7
3331,6,6,4
3332,6,6,4
3333,6,6,4
3334,6,4,7
3335,6,6,4
3336,2,7,2
3337,2,7,2
3338,8,1,3
3339,5,2,5
3340,5,2,5
3341,7,4,7
3342,8,8,8
3343,6,1,3
3344,2,7,2
3345,8,8,8
3346,8,8,8
3347,1,3,1
3348,7,4,7
3349,6,4,7
3350,6,0,6
3351,8,8,8
3352,8,8,8
3353,8,1,3
3354,8,8,8
3355,7,4,7
3356,5,2,5
3357,7,4,7
3358,2,7,2
3359,6,0,6
3360,2,7,2
3361,2,7,2
3362,4,0,6
3363,2,7,2
3364,6,0,6
3365,3,3,1
3366,1,3,1
3367,6,6,4
3368,6,0,6
3369,4,0,6
3370,6,0,6
3371,1,3,1
3372,6,1,3
3373,2,7,2
3374,6,4,7
3375,2,7,2
3376,2,7,2
3377,8,1,3
3378,6,6,4
3379,7,6,4
3380,0,5,0
3381,6,0,6
3382,6,0,6
3383,7,6,4
3384,6,4,7
3385,5,2,5
3386,6,4,7
3387,7,4,7
3388,5,2,5
3389,2,7,2
3390,4,0,6
3391,8,1,3
3392,1,0,6
3393,8,8,8
3394,7,4,7
3395,5,2,5
3396,6,6,4
3397,2,7,2
3398,2,7,2
3399,8,1,3
3400,2,7,2
3401,6,6,4
3402,2,7,2
3403,6,4,7
3404,4,0,6
3405,8,1,3
3406,8,1,3
3407,7,4,7
3408,6,6,4
3409,8,1,3
3410,6,6,4
3411,1,3,1
3412,5,3,1
3413,7,0,6
3414,6,1,3
3415,2,7,2
3416,2,3,1
3417,2,7,2
3418,5,2,5
3419,6,0,6
3420,6,0,6
3421,2,7,2
3422,6,1,3
3423,6,0,6
3424,2,7,2
3425,4,0,6
3426,8,1,3
3427,2,7,2
3428,8,8,8
3429,2,3,1
3430,1,1,3
3431,7,4,7
3432,2,0,6
3433,6,1,3
3434,6,0,6
3435,7,6,4
3436,7,6,4
3437,5,2,5
3438,0,5,0
3439,6,6,4
3440,7,4,7
3441,8,1,3
3442,5,2,5
3443,7,4,7
3444,5,2,5
3445,8,8,8
3446,8,1,3
3447,4,6,4
3448,6,0,6
3449,5,3,1
3450,8,1,3
3451,5,3,1
3452,6,7,2
3453,8,1,3
3454,7,6,4
3455,7,4,7
3456,8,8,8
3457,2,7,2
3458,1,3,1
3459,8,0,6
3460,2,7,2
3461,2,7,2
3462,6,6,4
3463,1,0,6
3464,5,2,5
3465,8,1,3
3466,6,0,6
3467,2,7,2
3468,5,2,5
3469,6,0,6
3470,5,2,5
3471,7,4,7
3472,7,4,7
3473,7,4,7
3474,3,3,1
3475,5,2,5
3476,6,0,6
3477,5,2,5
3478,7,4,7
3479,5,2,5
3480,8,1,3
3481,8,1,3
3482,7,4,7
3483,6,0,6
3484,2,3,1
3485,8,1,3
3486,7,4,7
3487,8,0,6
3488,6,1,3
3489,7,4,7
3490,6,3,1
3491,8,8,8
3492,7,4,7
3493,7,4,7
3494,1,0,6
3495,2,7,2
3496,5,2,5
3497,2,7,2
3498,2,7,2
3499,8,8,8
3500,6,0,6
3501,6,0,6
3502,6,6,4
3503,6,0,6
3504,8,1,3
3505,2,3,1
3506,1,3,1
3507,2,7,2
3508,8,1,3
3509,8,8,8
3510,2,7,2
3511,8,8,8
3512,8,8,8
3513,5,2,5
3514,8,1,3
3515,6,6,4
3516,8,8,8
3517,7,4,7
3518,6,0,6
3519,7,6,4
3520,7,4,7
3521,6,6,4
3522,2,7,2
3523,8,8,8
3524,6,0,6
3525,7,4,7
3526,8,8,8
3527,6,6,4
3528,8,1,3
3529,6,6,4
3530,6,0,6
3531,6,3,1
3532,6,0,6
3533,7,4,7
3534,5,2,5
3535,6,6,4
3536,6,6,4
3537,2,7,2
3538,7,6,4
3539,8,0,6
3540,6,6,4
3541,5,3,1
3542,2,7,2
3543,5,2,5
3544,3,3,1
3545,7,4,7
3546,5,3,1
3547,7,4,7
3548,8,1,3
3549,8,1,3
3550,7,4,7
3551,2,7,2
3552,7,4,7
3553,7,4,7
3554,6,0,6
3555,2,7,2
3556,2,7,2
3557,8,1,3
3558,8,1,3
3559,7,6,4
3560,8,1,3
3561,8,8,8
3562,2,7,2
3563,7,4,7
3564,8,1,3
3565,7,4,7
3566,6,0,6
3567,6,0,6
3568,6,0,6
3569,5,3,1
3570,8,1,3
3571,7,4,7
3572,8,1,3
3573,6,5,0
3574,2,7,2
3575,1,3,1
3576,7,4,7
3577,5,2,5
3578,2,7,2
3579,8,8,8
3580,5,2,5
3581,7,4,7
3582,6,0,6
3583,7,4,7
3584,1,0,6
3585,8,8,8
3586,8,8,8
3587,2,7,2
3588,8,8,8
3589,8,1,3
3590,8,1,3
3591,6,0,6
3592,5,2,5
3593,8,1,3
3594,6,3,1
3595,6,6,4
3596,6,0,6
3597,8,1,3
3598,1,3,1
3599,6,3,1
3600,7,4,7
3601,7,6,4
3602,7,4,7
3603,7,4,7
3604,6,0,6
3605,6,6,4
3606,7,4,7
3607,5,3,1
3608,1,3,1
3609,6,0,6
3610,6,0,6
3611,7,4,7
3612,6,0,6
3613,2,7,2
3614,4,0,6
3615,5,2,5
3616,7,4,7
3617,7,4,7
3618,2,7,2
3619,6,3,1
3620,8,8,8
3621,8,0,6
3622,7,4,7
3623,8,1,3
3624,8,8,8
3625,5,3,1
3626,7,4,7
3627,8,8,8
3628,8,1,3
3629,2,7,2
3630,7,4,7
3631,8,8,8
3632,6,0,6
3633,8,6,4
3634,8,8,8
3635,8,1,3
3636,5,2,5
3637,6,1,3
3638,8,1,3
3639,8,8,8
3640,8,8,8
3641,8,8,8
3642,8,8,8
3643,6,0,6
3644,8,1,3
3645,8,1,3
3646,7,4,7
3647,6,0,6
3648,8,1,3
3649,8,1,3
3650,2,7,2
3651,4,0,6
3652,5,2,5
3653,8,8,8
3654,7,4,7
3655,5,2,5
3656,6,6,4
3657,2,7,2
3658,2,7,2
3659,8,8,8
3660,6,0,6
3661,7,4,7
3662,5,3,1
3663,1,3,1
3664,2,7,2
3665,7,4,7
3666,5,2,5
3667,2,7,2
3668,6,0,6
3669,2,7,2
3670,8,0,6
3671,7,4,7
3672,8,1,3
3673,2,3,1
3674,8,8,8
3675,2,7,2
3676,6,0,6
3677,6,0,6
3678,6,3,1
3679,6,3,1
3680,7,4,7
3681,7,4,7
3682,6,0,6
3683,8,8,8
3684,2,3,1
3685,2,3,1
3686,6,1,3
3687,6,1,3
3688,7,6,4
3689,7,4,7
3690,4,0,6
3691,6,0,6
3692,2,7,2
3693,6,0,6
3694,6,6,4
3695,7,4,7
3696,7,6,4
3697,2,3,1
3698,6,0,6
3699,5,2,5
3700,7,4,7
3701,2,7,2
3702,8,1,3
3703,6,1,3
3704,8,8,8
3705,7,4,7
3706,2,7,2
3707,2,7,2
3708,7,4,7
3709,8,1,3
3710,7,4,7
3711,7,4,7
3712,8,1,3
3713,8,8,8
3714,7,4,7
3715,7,4,7
3716,5,2,5
3717,2,7,2
3718,5,2,5
3719,5,2,5
3720,6,6,4
3721,8,1,3
3722,6,6,4
3723,2,7,2
3724,8,1,3
3725,8,8,8
3726,6,7,2
3727,8,1,3
3728,2,7,2
3729,8,1,3
3730,8,1,3
3731,5,2,5
3732,6,6,4
3733,5,2,5
3734,2,7,2
3735,8,1,3
3736,6,0,6
3737,6,6,4
3738,6,6,4
3739,8,8,8
3740,7,4,7
3741,6,6,4
3742,8,1,3
3743,8,8,8
3744,2,7,2
3745,4,0,6
3746,2,7,2
3747,7,4,7
3748,2,7,2
3749,8,8,8
3750,6,0,6
3751,6,0,6
3752,2,7,2
3753,8,8,8
3754,5,2,5
3755,2,7,2
3756,4,4,7
3757,8,1,3
3758,2,3,1
3759,8,1,3
3760,6,0,6
3761,1,7,2
3762,2,3,1
3763,7,4,7
3764,8,8,8
3765,5,2,5
3766,6,1,3
3767,2,7,2
3768,6,6,4
3769,6,0,6
3770,2,3,1
3771,6,6,4
3772,5,2,5
3773,6,6,4
3774,2,7,2
3775,5,2,5
3776,6,6,4
3777,8,1,3
3778,8,8,8
3779,5,2,5
3780,8,8,8
3781,1,3,1
3782,2,3,1
3783,7,4,7
3784,1,0,6
3785,8,1,3
3786,7,6,4
3787,8,8,8
3788,2,7,2
3789,7,4,7
3790,8,1,3
3791,6,6,4
3792,6,0,6
3793,2,7,2
3794,2,7,2
3795,6,0,6
3796,5,2,5
3797,2,7,2
3798,6,3,1
3799,2,7,2
3800,6,1,3
3801,2,7,2
3802,6,6,4
3803,7,4,7
3804,8,1,3
3805,7,4,7
3806,6,0,6
3807,2,7,2
3808,6,0,6
3809,6,0,6
3810,6,6,4
3811,7,4,7
3812,8,0,6
3813,6,0,6
3814,1,3,1
3815,7,4,7
3816,6,1,3
3817,4,0,6
3818,7,4,7
3819,8,1,3
3820,6,4,7
3821,8,8,8
3822,8,8,8
3823,6,3,1
3824,2,7,2
3825,8,8,8
3826,2,7,2
3827,6,6,4
3828,8,1,3
3829,5,2,5
3830,8,8,8
3831,6,6,4
3832,7,4,7
3833,2,7,2
3834,2,7,2
3835,3,3,1
3836,5,2,5
3837,6,0,6
3838,2,7,2
3839,2,7,2
3840,8,1,3
3841,2,7,2
3842,7,4,7
3843,6,1,3
3844,8,8,8
3845,7,4,7
3846,7,4,7
3847,2,7,2
3848,8,0,6
3849,6,0,6
3850,6,1,3
3851,8,1,3
3852,5,2,5
3853,6,0,6
3854,2,7,2
3855,5,2,5
3856,8,8,8
3857,6,0,6
3858,7,4,7
3859,7,4,7
3860,1,7,2
3861,8,8,8
3862,7,4,7
3863,1,7,2
3864,7,4,7
3865,8,1,3
3866,7,4,7
3867,6,6,4
3868,7,4,7
3869,8,8,8
3870,2,7,2
3871,7,4,7
3872,2,7,2
3873,7,4,7
3874,8,1,3
3875,8,1,3
3876,8,8,8
3877,2,7,2
3878,8,8,8
3879,6,6,4
3880,8,8,8
3881,8,1,3
3882,6,6,4
3883,7,6,4
3884,6,0,6
3885,7,4,7
3886,8,8,8
3887,2,0,6
3888,6,0,6
3889,6,0,6
3890,8,8,8
3891,8,1,3
3892,7,4,7
3893,2,7,2
3894,2,3,1
3895,8,8,8
3896,6,6,4
3897,5,2,5
3898,8,0,6
3899,8,8,8
3900,6,0,6
3901,5,2,5
3902,6,0,6
3903,8,8,8
3904,8,8,8
3905,2,7,2
3906,1,3,1
3907,7,4,7
3908,8,1,3
3909,6,6,4
3910,8,1,3
3911,6,0,6
3912,4,0,6
3913,0,5,0
3914,1,3,1
3915,7,4,7
3916,8,8,8
3917,8,8,8
3918,6,0,6
3919,7,4,7
3920,5,2,5
3921,8,8,8
3922,2,7,2
3923,5,2,5
3924,8,1,3
3925,7,4,7
3926,6,1,3
3927,8,1,3
3928,7,6,4
3929,6,0,6
3930,7,4,7
3931,2,7,2
3932,7,4,7
3933,6,0,6
3934,1,3,1
3935,2,7,2
3936,8,8,8
3937,8,0,6
3938,6,0,6
3939,6,0,6
3940,8,1,3
3941,6,0,6
3942,2,7,2
3943,2,7,2
3944,6,0,6
3945,7,4,7
3946,8,6,4
3947,8,1,3
3948,6,0,6
3949,8,8,8
3950,7,4,7
3951,8,8,8
3952,7,6,4
3953,5,2,5
3954,8,1,3
3955,2,3,1
3956,6,0,6
3957,6,6,4
3958,8,8,8
3959,5,2,5
3960,8,8,8
3961,6,0,6
3962,6,0,6
3963,7,4,7
3964,8,8,8
3965,6,1,3
3966,2,3,1
3967,1,3,1
3968,8,8,8
3969,7,4,7
3970,6,0,6
3971,2,7,2
3972,5,3,1
3973,6,0,6
3974,3,3,1
3975,7,0,6
3976,2,7,2
3977,7,6,4
3978,6,0,6
3979,2,7,2
3980,8,1,3
3981,6,0,6
3982,7,4,7
3983,7,4,7
3984,7,6,4
3985,8,8,8
3986,4,0,6
3987,7,6,4
3988,8,8,8
3989,6,0,6
3990,6,6,4
3991,7,4,7
3992,8,1,3
3993,8,1,3
3994,6,0,6
3995,7,4,7
3996,6,0,6
3997,6,6,4
3998,5,2,5
3999,7,4,7
4000,1,3,1
4001,7,4,7
4002,2,3,1
4003,4,0,6
4004,2,0,6
4005,8,8,8
4006,6,6,4
4007,5,2,5
4008,8,1,3
4009,7,4,7
4010,5,2,5
4011,2,7,2
4012,2,3,1
4013,8,8,8
4014,8,8,8
4015,6,6,4
4016,6,0,6
4017,8,1,3
4018,2,7,2
4019,7,4,7
4020,2,7,2
4021,6,6,4
4022,8,1,3
4023,6,0,6
4024,8,8,8
4025,8,8,8
4026,5,2,5
4027,7,4,7
4028,2,3,1
4029,5,2,5
4030,6,6,4
4031,2,3,1
4032,8,0,6
4033,7,4,7
4034,5,2,5
4035,6,0,6
4036,6,1,3
4037,7,4,7
4038,6,0,6
4039,6,6,4
4040,8,1,3
4041,5,2,5
4042,6,6,4
4043,6,0,6
4044,6,6,4
4045,8,8,8
4046,1,3,1
4047,2,7,2
4048,5,2,5
4049,6,0,6
4050,6,1,3
4051,8,1,3
4052,1,0,6
4053,6,6,4
4054,7,4,7
4055,4,0,6
4056,4,0,6
4057,6,6,4
4058,8,0,6
4059,6,0,6
4060,2,7,2
4061,8,8,8
4062,8,8,8
4063,5,3,1
4064,5,2,5
4065,5,3,1
4066,8,8,8
4067,6,0,6
4068,6,0,6
4069,7,4,7
4070,1,3,1
4071,5,2,5
4072,6,1,3
4073,6,6,4
4074,8,8,8
4075,8,8,8
4076,6,6,4
4077,7,0,6
4078,6,0,6
4079,6,1,3
4080,2,7,2
4081,8,1,3
4082,8,1,3
4083,8,8,8
4084,6,4,7
4085,2,3,1
4086,8,1,3
4087,6,0,6
4088,1,3,1
4089,6,0,6
4090,7,4,7
4091,6,0,6
4092,1,1,3
4093,6,1,3
4094,1,3,1
4095,2,3,1
4096,8,8,8
4097,2,3,1
4098,4,0,6
4099,5,3,1
4100,2,7,2
4101,8,8,8
4102,2,7,2
4103,6,6,4
4104,8,1,3
4105,5,0,6
4106,2,7,2
4107,8,1,3
4108,8,1,3
4109,6,4,7
4110,6,0,6
4111,6,0,6
4112,8,1,3
4113,6,0,6
4114,8,1,3
4115,6,0,6
4116,7,4,7
4117,6,6,4
4118,8,0,6
4119,8,0,6
4120,6,6,4
4121,6,3,1
4122,1,3,1
4123,6,0,6
4124,6,0,6
4125,8,8,8
4126,5,2,5
4127,2,7,2
4128,7,4,7
4129,5,2,5
4130,5,2,5
4131,7,6,4
4132,8,1,3
4133,8,1,3
4134,1,0,6
4135,5,3,1
4136,6,0,6
4137,5,3,1
4138,6,0,6
4139,7,4,7
4140,8,8,8
4141,8,1,3
4142,8,8,8
4143,2,7,2
4144,7,4,7
4145,6,0,6
4146,2,7,2
4147,6,0,6
4148,1,7,2
4149,7,4,7
4150,8,8,8
4151,7,4,7
4152,5,2,5
4153,7,6,4
4154,5,2,5
4155,8,1,3
4156,7,6,4
4157,5,2,5
4158,8,0,6
4159,7,4,7
4160,6,6,4
4161,7,4,7
4162,5,4,7
4163,1,3,1
4164,7,4,7
4165,7,4,7
4166,8,1,3
4167,5,2,5
4168,6,6,4
4169,3,3,1
4170,2,7,2
4171,6,0,6
4172,2,7,2
4173,5,2,5
4174,5,2,5
4175,6,4,7
4176,6,1,3
4177,6,6,4
4178,8,8,8
4179,2,7,2
4180,7,4,7
4181,8,8,8
4182,6,6,4
4183,6,1,3
4184,8,8,8
4185,8,8,8
4186,2,7,2
4187,6,6,4
4188,1,3,1
4189,7,4,7
4190,7,6,4
4191,8,1,3
4192,6,0,6
4193,7,4,7
4194,7,4,7
4195,1,0,6
4196,2,7,2
4197,5,3,1
4198,1,3,1
4199,7,4,7
4200,7,4,7
4201,2,7,2
4202,6,0,6
4203,7,4,7
4204,8,1,3
4205,6,0,6
4206,2,7,2
4207,6,6,4
4208,8,8,8
4209,7,4,7
4210,3,3,1
4211,2,7,2
4212,8,1,3
4213,8,8,8
4214,7,4,7
4215,8,8,8
4216,2,7,2
4217,6,0,6
4218,6,6,4
4219,6,0,6
4220,6,0,6
4221,5,2,5
4222,8,1,3
4223,6,0,6
4224,8,1,3
4225,2,7,2
4226,8,6,4
4227,7,4,7
4228,7,3,1
4229,6,0,6
4230,2,7,2
4231,7,6,4
4232,8,8,8
4233,7,4,7
4234,2,7,2
4235,6,6,4
4236,8,8,8
4237,8,8,8
4238,6,4,7
4239,6,6,4
4240,2,7,2
4241,7,4,7
4242,1,3,1
4243,6,0,6
4244,8,1,3
4245,8,8,8
4246,8,8,8
4247,8,0,6
4248,2,7,2
4249,8,1,3
4250,2,0,6
4251,7,4,7
4252,6,1,3
4253,6,6,4
4254,6,0,6
4255,2,3,1
4256,1,3,1
4257,6,0,6
4258,2,7,2
4259,8,8,8
4260,7,4,7
4261,8,8,8
4262,8,8,8
4263,7,4,7
4264,2,7,2
4265,6,0,6
4266,2,7,2
4267,6,0,6
4268,2,0,6
4269,5,2,5
4270,6,6,4
4271,6,0,6
4272,2,7,2
4273,8,1,3
4274,6,6,4
4275,6,0,6
4276,6,6,4
4277,8,1,3
4278,4,0,6
4279,5,2,5
4280,7,4,7
4281,6,0,6
4282,8,1,3
4283,1,3,1
4284,5,2,5
4285,6,6,4
4286,8,1,3
4287,8,1,3
4288,4,0,6
4289,2,7,2
4290,6,0,6
4291,7,6,4
4292,8,8,8
4293,6,6,4
4294,8,1,3
4295,6,1,3
4296,5,2,5
4297,2,7,2
4298,4,0,6
4299,4,0,6
4300,8,8,8
4301,8,1,3
4302,5,3,1
4303,8,1,3
4304,6,0,6
4305,6,6,4
4306,6,0,6
4307,7,4,7
4308,5,2,5
4309,7,4,7
4310,7,4,7
4311,8,1,3
4312,8,8,8
4313,8,8,8
4314,6,6,4
4315,7,4,7
4316,1,3,1
4317,7,4,7
4318,8,1,3
4319,2,7,2
4320,5,2,5
4321,8,8,8
4322,8,8,8
4323,0,5,0
4324,7,0,6
4325,7,4,7
4326,4,0,6
4327,6,0,6
4328,6,0,6
4329,2,7,2
4330,7,4,7
4331,7,4,7
4332,6,1,3
4333,6,1,3
4334,8,1,3
4335,8,1,3
4336,6,0,6
4337,7,4,7
4338,6,6,4
4339,8,8,8
4340,6,0,6
4341,6,6,4
4342,6,0,6
4343,7,4,7
4344,8,1,3
4345,8,1,3
4346,6,0,6
4347,6,6,4
4348,6,6,4
4349,8,1,3
4350,7,4,7
4351,5,2,5
4352,6,6,4
4353,8,8,8
4354,8,8,8
4355,6,0,6
4356,6,4,7
4357,7,6,4
4358,2,7,2
4359,8,8,8
4360,8,1,3
4361,7,4,7
4362,8,8,8
4363,4,0,6
4364,5,3,1
4365,4,0,6
4366,8,8,8
4367,8,1,3
4368,7,4,7
4369,5,2,5
4370,8,1,3
4371,6,0,6
4372,2,3,1
4373,1,3,1
4374,2,7,2
4375,6,0,6
4376,6,6,4
4377,8,1,3
4378,2,7,2
4379,6,6,4
4380,5,2,5
4381,5,2,5
4382,7,4,7
4383,6,4,7
4384,6,6,4
4385,6,6,4
4386,2,3,1
4387,8,8,8
4388,7,4,7
4389,2,7,2
4390,8,1,3
4391,6,0,6
4392,6,0,6
4393,6,4,7
4394,8,1,3
4395,8,1,3
4396,5,2,5
4397,6,0,6
4398,8,8,8
4399,5,2,5
4400,5,2,5
4401,6,0,6
4402,6,7,2
4403,7,4,7
4404,2,3,1
4405,6,0,6
4406,6,7,2
4407,2,7,2
4408,7,4,7
4409,8,8,8
4410,8,8,8
4411,4,0,6
4412,6,1,3
4413,8,8,8
4414,5,2,5
4415,8,8,8
4416,6,1,3
4417,8,8,8
4418,4,0,6
4419,8,1,3
4420,7,4,7
4421,6,0,6
4422,6,0,6
4423,5,2,5
4424,8,8,8
4425,6,0,6
4426,7,0,6
4427,7,6,4
4428,2,7,2
4429,8,8,8
4430,2,7,2
4431,5,2,5
4432,5,0,6
4433,6,3,1
4434,8,1,3
4435,2,7,2
4436,8,1,3
4437,8,8,8
4438,8,8,8
4439,2,7,2
4440,8,8,8
4441,1,3,1
4442,2,7,2
4443,8,8,8
4444,5,2,5
4445,6,0,6
4446,2,7,2
4447,8,1,3
4448,8,0,6
4449,6,6,4
4450,6,6,4
4451,6,0,6
4452,1,3,1
4453,7,4,7
4454,8,1,3
4455,6,6,4
4456,6,4,7
4457,2,7,2
4458,6,0,6
4459,4,0,6
4460,2,7,2
4461,8,8,8
4462,1,3,1
4463,8,8,8
4464,6,0,6
4465,8,1,3
4466,8,6,4
4467,7,4,7
4468,6,0,6
4469,8,1,3
4470,5,2,5
4471,6,0,6
4472,7,4,7
4473,8,8,8
4474,4,0,6
4475,6,0,6
4476,7,6,4
4477,6,0,6
4478,7,6,4
4479,6,6,4
4480,7,4,7
4481,7,4,7
4482,7,4,7
4483,8,8,8
4484,7,4,7
4485,6,6,4
4486,6,0,6
4487,8,8,8
4488,6,1,3
4489,2,7,2
4490,8,8,8
4491,8,8,8
4492,8,1,3
4493,6,3,1
4494,6,6,4
4495,5,2,5
4496,6,6,4
4497,5,2,5
4498,8,8,8
4499,7,4,7
4500,2,7,2
4501,6,0,6
4502,5,2,5
4503,7,6,4
4504,1,3,1
4505,5,2,5
4506,7,4,7
4507,8,8,8
4508,7,4,7
4509,6,0,6
4510,8,1,3
4511,8,8,8
4512,2,7,2
4513,1,3,1
4514,2,3,1
4515,8,1,3
4516,5,3,1
4517,6,6,4
4518,6,4,7
4519,8,8,8
4520,8,1,3
4521,7,6,4
4522,6,6,4
4523,5,3,1
4524,6,6,4
4525,6,0,6
4526,7,4,7
4527,2,7,2
4528,8,1,3
4529,2,7,2
4530,7,4,7
4531,6,6,4
4532,8,1,3
4533,5,2,5
4534,5,3,1
4535,7,6,4
4536,6,6,4
4537,8,1,3
4538,6,6,4
4539,8,1,3
4540,2,7,2
4541,8,1,3
4542,2,7,2
4543,6,6,4
4544,6,1,3
4545,7,4,7
4546,7,4,7
4547,8,1,3
4548,2,7,2
4549,8,8,8
4550,6,0,6
4551,1,3,1
4552,7,4,7
4553,8,1,3
4554,6,0,6
4555,8,1,3
4556,5,2,5
4557,5,3,1
4558,6,0,6
4559,7,4,7
4560,8,1,3
4561,4,0,6
4562,2,7,2
4563,6,3,1
4564,5,2,5
4565,6,0,6
4566,6,0,6
4567,5,2,5
4568,8,1,3
4569,8,0,6
4570,8,8,8
4571,6,6,4
4572,7,4,7
4573,8,1,3
4574,8,8,8
4575,7,4,7
4576,7,4,7
4577,8,8,8
4578,5,2,5
4579,4,0,6
4580,0,5,0
4581,2,7,2
4582,1,0,6
4583,6,6,4
4584,2,7,2
4585,2,3,1
4586,2,3,1
4587,4,0,6
4588,6,0,6
4589,6,0,6
4590,2,7,2
4591,2,7,2
4592,7,4,7
4593,8,1,3
4594,6,0,6
4595,7,4,7
4596,6,6,4
4597,8,8,8
4598,2,3,1
4599,8,1,3
4600,2,7,2
4601,8,8,8
4602,2,7,2
4603,8,8,8
4604,7,4,7
4605,6,0,6
4606,6,6,4
4607,8,8,8
4608,4,0,6
4609,7,4,7
4610,8,8,8
4611,5,2,5
4612,6,6,4
4613,6,0,6
4614,6,0,6
4615,7,4,7
4616,8,8,8
4617,8,1,3
4618,2,7,2
4619,6,6,4
4620,6,1,3
4621,7,4,7
4622,6,6,4
4623,2,7,2
4624,8,6,4
4625,2,7,2
4626,8,8,8
4627,7,6,4
4628,7,4,7
4629,4,0,6
4630,6,6,4
4631,2,7,2
4632,7,4,7
4633,4,0,6
4634,8,1,3
4635,8,8,8
4636,7,4,7
4637,7,6,4
4638,6,6,4
4639,1,3,1
4640,2,7,2
4641,1,2,5
4642,6,0,6
4643,2,7,2
4644,2,7,2
4645,2,7,2
4646,8,8,8
4647,2,7,2
4648,7,4,7
4649,7,4,7
4650,5,2,5
4651,7,4,7
4652,6,6,4
4653,8,1,3
4654,2,7,2
4655,7,4,7
4656,1,3,1
4657,5,3,1
4658,8,8,8
4659,2,7,2
4660,8,0,6
4661,2,3,1
4662,4,0,6
4663,8,1,3
4664,6,6,4
4665,8,8,8
4666,7,4,7
4667,8,1,3
4668,6,0,6
4669,5,2,5
4670,8,8,8
4671,7,4,7
4672,8,1,3
4673,7,4,7
4674,6,0,6
4675,5,2,5
4676,8,1,3
4677,5,2,5
4678,8,8,8
4679,7,4,7
4680,8,0,6
4681,5,3,1
4682,2,7,2
4683,8,8,8
4684,7,4,7
4685,6,0,6
4686,7,4,7
4687,8,0,6
4688,8,8,8
4689,8,1,3
4690,6,1,3
4691,4,0,6
4692,6,3,1
4693,5,2,5
4694,6,1,3
4695,8,8,8
4696,2,7,2
4697,7,4,7
4698,7,4,7
4699,6,0,6
4700,7,4,7
4701,8,8,8
4702,5,2,5
4703,8,8,8
4704,5,2,5
4705,8,8,8
4706,5,3,1
4707,7,6,4
4708,8,1,3
4709,1,3,1
4710,2,7,2
4711,5,2,5
4712,0,5,0
4713,7,4,7
4714,6,0,6
4715,2,7,2
4716,1,3,1
4717,1,3,1
4718,6,0,6
4719,7,4,7
4720,6,3,1
4721,1,3,1
4722,6,6,4
4723,7,4,7
4724,7,4,7
4725,6,0,6
4726,8,8,8
4727,2,3,1
4728,6,6,4
4729,8,1,3
4730,7,4,7
4731,5,2,5
4732,8,3,1
4733,8,1,3
4734,5,2,5
4735,6,6,4
4736,5,2,5
4737,7,4,7
4738,6,0,6
4739,6,0,6
4740,1,3,1
4741,6,0,6
4742,8,8,8
4743,6,0,6
4744,6,6,4
4745,6,6,4
4746,7,4,7
4747,5,2,5
4748,8,0,6
4749,7,6,4
4750,8,1,3
4751,7,4,7
4752,8,8,8
4753,8,1,3
4754,2,7,2
4755,6,0,6
4756,7,4,7
4757,8,1,3
4758,8,1,3
4759,2,7,2
4760,6,0,6
4761,8,8,8
4762,7,4,7
4763,8,1,3
4764,2,7,2
4765,6,6,4
4766,5,3,1
4767,7,4,7
4768,6,6,4
4769,2,3,1
4770,7,4,7
4771,2,3,1
4772,7,6,4
4773,8,1,3
4774,8,1,3
4775,6,0,6
4776,7,4,7
4777,7,6,4
4778,7,4,7
4779,7,4,7
4780,7,4,7
4781,8,8,8
4782,8,0,6
4783,6,0,6
4784,7,6,4
4785,2,7,2
4786,7,4,7
4787,1,3,1
4788,7,6,4
4789,2,7,2
4790,7,4,7
4791,5,3,1
4792,6,0,6
4793,6,0,6
4794,6,0,6
4795,8,1,3
4796,6,3,1
4797,2,0,6
4798,6,0,6
4799,6,3,1
4800,7,4,7
4801,2,3,1
4802,8,1,3
4803,2,7,2
4804,6,0,6
4805,6,0,6
4806,7,6,4
4807,5,2,5
4808,6,3,1
4809,6,3,1
4810,6,0,6
4811,6,6,4
4812,1,7,2
4813,8,8,8
4814,8,1,3
4815,8,8,8
4816,7,4,7
4817,5,2,5
4818,6,0,6
4819,8,1,3
4820,6,6,4
4821,8,8,8
4822,2,7,2
4823,6,0,6
4824,8,8,8
4825,6,1,3
4826,6,0,6
4827,6,4,7
4828,8,1,3
4829,7,4,7
4830,6,6,4
4831,6,1,3
4832,6,6,4
4833,5,2,5
4834,2,7,2
4835,7,4,7
4836,7,4,7
4837,7,4,7
4838,6,6,4
4839,7,4,7
4840,6,0,6
4841,8,1,3
4842,7,4,7
4843,5,2,5
4844,2,0,6
4845,7,4,7
4846,2,7,2
4847,6,6,4
4848,7,4,7
4849,5,2,5
4850,6,1,3
4851,1,3,1
4852,7,6,4
4853,6,0,6
4854,6,6,4
4855,6,0,6
4856,6,0,6
4857,7,4,7
4858,5,2,5
4859,7,4,7
4860,6,0,6
4861,6,0,6
4862,6,0,6
4863,8,8,8
4864,8,8,8
4865,8,1,3
4866,8,8,8
4867,7,4,7
4868,6,0,6
4869,8,8,8
4870,2,7,2
4871,5,2,5
4872,6,0,6
4873,6,1,3
4874,5,3,1
4875,5,2,5
4876,6,6,4
4877,5,2,5
4878,6,6,4
4879,8,8,8
4880,4,6,4
4881,7,6,4
4882,7,4,7
4883,7,4,7
4884,7,4,7
4885,6,0,6
4886,8,1,3
4887,6,0,6
4888,8,1,3
4889,6,0,6
4890,6,6,4
4891,7,6,4
4892,8,1,3
4893,2,7,2
4894,7,4,7
4895,8,8,8
4896,8,0,6
4897,5,2,5
4898,6,0,6
4899,6,0,6
4900,2,7,2
4901,1,3,1
4902,6,6,4
4903,6,6,4
4904,5,2,5
4905,8,8,8
4906,1,3,1
4907,2,7,2
4908,8,8,8
4909,5,2,5
4910,7,4,7
4911,6,0,6
4912,2,7,2
4913,8,8,8
4914,5,2,5
4915,2,7,2
4916,2,7,2
4917,6,6,4
4918,8,8,8
4919,2,3,1
4920,8,8,8
4921,5,2,5
4922,6,6,4
4923,2,7,2
4924,8,8,8
4925,7,4,7
4926,0,5,0
4927,8,1,3
4928,5,2,5
4929,4,0,6
4930,1,3,1
4931,7,4,7
4932,6,0,6
4933,2,7,2
4934,6,6,4
4935,8,8,8
4936,6,6,4
4937,6,0,6
4938,6,6,4
4939,5,2,5
4940,6,0,6
4941,5,2,5
4942,8,8,8
4943,2,7,2
4944,8,1,3
4945,6,0,6
4946,2,7,2
4947,7,4,7
4948,8,1,3
4949,8,8,8
4950,7,4,7
4951,4,0,6
4952,6,6,4
4953,5,3,1
4954,2,7,2
4955,2,7,2
4956,6,1,3
4957,8,8,8
4958,6,0,6
4959,6,6,4
4960,6,6,4
4961,5,2,5
4962,5,3,1
4963,6,0,6
4964,6,6,4
4965,5,3,1
4966,7,4,7
4967,6,0,6
4968,5,3,1
4969,6,0,6
4970,2,7,2
4971,1,3,1
4972,6,4,7
4973,7,6,4
4974,2,7,2
4975,6,6,4
4976,8,8,8
4977,8,0,6
4978,7,6,4
4979,6,6,4
4980,2,7,2
4981,5,2,5
4982,2,7,2
4983,2,7,2
4984,2,7,2
4985,6,6,4
4986,6,0,6
4987,6,6,4
4988,8,8,8
4989,8,8,8
4990,5,2,5
4991,1,3,1
4992,7,4,7
4993,6,6,4
4994,8,8,8
4995,8,8,8
4996,8,1,3
4997,8,0,6
4998,6,1,3
4999,2,7,2
5000,8,1,3
5001,5,3,1
5002,6,1,3
5003,2,7,2
5004,8,8,8
5005,6,0,6
5006,8,8,8
5007,8,1,3
5008,8,8,8
5009,6,6,4
5010,7,6,4
5011,5,2,5
5012,8,8,8
5013,2,7,2
5014,8,8,8
5015,6,0,6
5016,4,0,6
5017,7,4,7
5018,7,4,7
5019,5,2,5
5020,6,6,4
5021,2,7,2
5022,7,4,7
5023,7,6,4
5024,2,3,1
5025,7,4,7
5026,2,7,2
5027,4,0,6
5028,7,4,7
5029,6,6,4
5030,1,0,6
5031,5,2,5
5032,7,6,4
5033,5,2,5
5034,5,2,5
5035,2,7,2
5036,2,7,2
5037,6,6,4
5038,2,7,2
5039,6,1,3
5040,5,3,1
5041,6,0,6
5042,8,1,3
5043,5,2,5
5044,2,7,2
5045,7,6,4
5046,7,4,7
5047,7,4,7
5048,6,0,6
5049,7,4,7
5050,6,0,6
5051,8,1,3
5052,6,0,6
5053,8,1,3
5054,6,6,4
5055,5,2,5
5056,6,6,4
5057,7,4,7
5058,8,1,3
5059,5,3,1
5060,8,8,8
5061,8,0,6
5062,8,1,3
5063,5,2,5
5064,8,1,3
5065,8,8,8
5066,8,1,3
5067,8,8,8
5068,2,3,1
5069,7,4,7
5070,2,7,2
5071,2,7,2
5072,5,2,5
5073,1,3,1
5074,6,1,3
5075,5,2,5
5076,7,4,7
5077,6,0,6
5078,7,4,7
5079,2,3,1
5080,7,4,7
5081,6,3,1
5082,6,0,6
5083,7,4,7
5084,8,1,3
5085,8,1,3
5086,2,3,1
5087,6,6,4
5088,7,4,7
5089,6,0,6
5090,8,8,8
5091,8,8,8
5092,3,3,1
5093,8,1,3
5094,7,4,7
5095,2,7,2
5096,7,4,7
5097,8,8,8
5098,8,8,8
5099,6,0,6
5100,6,6,4
5101,7,4,7
5102,8,1,3
5103,7,4,7
5104,7,4,7
5105,6,3,1
5106,7,4,7
5107,6,0,6
5108,2,7,2
5109,8,1,3
5110,7,4,7
5111,5,2,5
5112,6,1,3
5113,8,8,8
5114,6,6,4
5115,8,8,8
5116,7,4,7
5117,7,4,7
5118,1,3,1
5119,7,4,7
5120,2,7,2
5121,6,3,1
5122,7,4,7
5123,8,1,3
5124,8,1,3
5125,8,0,6
5126,6,0,6
5127,4,0,6
5128,6,0,6
5129,8,8,8
5130,7,6,4
5131,2,7,2
5132,7,4,7
5133,8,8,8
5134,8,1,3
5135,6,0,6
5136,6,0,6
5137,7,4,7
5138,1,3,1
5139,8,1,3
5140,7,4,7
5141,2,7,2
5142,8,8,8
5143,2,7,2
5144,7,4,7
5145,2,7,2
5146,8,8,8
5147,8,6,4
5148,8,1,3
5149,7,4,7
5150,2,7,2
5151,8,8,8
5152,7,6,4
5153,8,8,8
5154,7,4,7
5155,7,4,7
5156,1,0,6
5157,6,7,2
5158,8,8,8
5159,8,1,3
5160,7,6,4
5161,8,1,3
5162,7,4,7
5163,5,2,5
5164,8,1,3
5165,2,7,2
5166,7,6,4
5167,2,7,2
5168,3,3,1
5169,6,0,6
5170,6,4,7
5171,2,7,2
5172,2,7,2
5173,5,2,5
5174,6,1,3
5175,6,6,4
5176,8,8,8
5177,2,7,2
5178,2,3,1
5179,2,7,2
5180,8,8,8
5181,2,7,2
5182,6,1,3
5183,6,0,6
5184,5,2,5
5185,7,4,7
5186,8,0,6
5187,7,4,7
5188,6,0,6
5189,8,8,8
5190,8,1,3
5191,7,6,4
5192,6,0,6
5193,8,1,3
5194,8,8,8
5195,8,1,3
5196,2,7,2
5197,5,2,5
5198,5,2,5
5199,6,1,3
5200,5,2,5
5201,5,2,5
5202,5,2,5
5203,1,3,1
5204,6,0,6
5205,6,0,6
5206,4,6,4
5207,8,8,8
5208,1,3,1
5209,8,8,8
5210,2,3,1
5211,5,2,5
5212,5,2,5
5213,2,7,2
5214,8,8,8
5215,8,0,6
5216,8,8,8
5217,8,1,3
5218,6,0,6
5219,7,4,7
5220,6,6,4
5221,6,6,4
5222,6,0,6
5223,6,6,4
5224,6,0,6
5225,2,7,2
5226,7,4,7
5227,4,0,6
5228,8,1,3
5229,2,7,2
5230,6,8,8
5231,7,4,7
5232,8,8,8
5233,2,7,2
5234,1,3,1
5235,1,3,1
5236,6,6,4
5237,6,3,1
5238,6,6,4
5239,8,1,3
5240,8,1,3
5241,7,4,7
5242,2,7,2
5243,6,0,6
5244,1,3,1
5245,6,0,6
5246,8,1,3
5247,3,3,1
5248,6,6,4
5249,6,6,4
5250,8,0,6
5251,8,8,8
5252,7,4,7
5253,5,2,5
5254,8,8,8
5255,6,6,4
5256,6,0,6
5257,8,1,3
5258,6,6,4
5259,7,6,4
5260,2,3,1
5261,8,8,8
5262,6,1,3
5263,7,4,7
5264,2,7,2
5265,8,1,3
5266,8,8,8
5267,6,4,7
5268,7,4,7
5269,2,7,2
5270,8,1,3
5271,8,1,3
5272,8,1,3
5273,8,1,3
5274,8,1,3
5275,7,6,4
5276,8,0,6
5277,5,2,5
5278,6,0,6
5279,5,2,5
5280,8,8,8
5281,1,3,1
5282,5,2,5
5283,8,1,3
5284,6,0,6
5285,6,6,4
5286,8,1,3
5287,6,0,6
5288,2,7,2
5289,6,1,3
5290,7,6,4
5291,8,8,8
5292,5,2,5
5293,7,6,4
5294,5,2,5
5295,7,4,7
5296,8,8,8
5297,8,8,8
5298,8,1,3
5299,0,5,0
5300,5,2,5
5301,7,4,7
5302,5,2,5
5303,6,0,6
5304,8,8,8
5305,6,6,4
5306,5,3,1
5307,8,1,3
5308,6,6,4
5309,8,8,8
5310,6,6,4
5311,2,7,2
5312,2,7,2
5313,8,1,3
5314,6,0,6
5315,6,6,4
5316,8,1,3
5317,2,7,2
5318,6,1,3
5319,7,4,7
5320,8,8,8
5321,1,3,1
5322,8,8,8
5323,6,0,6
5324,8,8,8
5325,5,2,5
5326,5,2,5
5327,4,0,6
5328,6,6,4
5329,7,4,7
5330,6,0,6
5331,2,7,2
5332,6,6,4
5333,8,8,8
5334,6,0,6
5335,8,8,8
5336,8,1,3
5337,6,6,4
5338,2,7,2
5339,7,4,7
5340,4,0,6
5341,6,6,4
5342,6,6,4
5343,2,7,2
5344,5,2,5
5345,7,4,7
5346,8,0,6
5347,6,1,3
5348,4,0,6
5349,8,1,3
5350,2,7,2
5351,8,1,3
5352,6,0,6
5353,2,7,2
5354,6,8,8
5355,8,8,8
5356,6,6,4
5357,6,3,1
5358,8,8,8
5359,6,6,4
5360,2,7,2
5361,5,2,5
5362,6,0,6
5363,2,7,2
5364,6,4,7
5365,2,0,6
5366,7,4,7
5367,7,4,7
5368,8,1,3
5369,2,7,2
5370,8,8,8
5371,7,4,7
5372,7,4,7
5373,7,6,4
5374,6,6,4
5375,2,7,2
5376,8,8,8
5377,7,4,7
5378,4,0,6
5379,2,7,2
5380,6,6,4
5381,2,7,2
5382,8,8,8
5383,1,1,3
5384,3,3,1
5385,6,6,4
5386,6,6,4
5387,8,1,3
5388,7,4,7
5389,5,2,5
5390,6,0,6
5391,6,3,1
5392,5,2,5
5393,8,8,8
5394,8,8,8
5395,3,3,1
5396,4,0,6
5397,8,8,8
5398,7,4,7
5399,7,4,7
5400,8,8,8
5401,6,7,2
5402,8,8,8
5403,2,7,2
5404,6,0,6
5405,7,6,4
5406,1,3,1
5407,8,6,4
5408,8,1,3
5409,2,7,2
5410,7,4,7
5411,2,7,2
5412,8,1,3
5413,8,1,3
5414,7,4,7
5415,6,0,6
5416,5,2,5
5417,7,4,7
5418,8,1,3
5419,6,6,4
5420,7,4,7
5421,7,4,7
5422,7,4,7
5423,8,8,8
5424,5,2,5
5425,2,7,2
5426,7,4,7
5427,7,4,7
5428,2,7,2
5429,2,7,2
5430,7,4,7
5431,2,7,2
5432,6,6,4
5433,8,1,3
5434,1,3,1
5435,8,8,8
5436,8,1,3
5437,6,6,4
5438,8,8,8
5439,6,6,4
5440,6,0,6
5441,2,7,2
5442,8,0,6
5443,8,8,8
5444,6,8,8
5445,6,6,4
5446,8,1,3
5447,8,8,8
5448,7,4,7
5449,7,4,7
5450,2,7,2
5451,7,4,7
5452,2,7,2
5453,2,7,2
5454,5,2,5
5455,5,3,1
5456,8,8,8
5457,6,6,4
5458,5,2,5
5459,2,7,2
5460,8,1,3
5461,8,3,1
5462,8,8,8
5463,1,3,1
5464,8,8,8
5465,2,3,1
5466,2,3,1
5467,6,6,4
5468,6,6,4
5469,1,3,1
5470,6,0,6
5471,1,3,1
5472,7,4,7
5473,6,6,4
5474,8,0,6
5475,4,0,6
5476,6,6,4
5477,8,8,8
5478,6,0,6
5479,7,6,4
5480,6,6,4
5481,6,0,6
5482,7,1,3
5483,4,0,6
5484,6,3,1
5485,8,8,8
5486,5,2,5
5487,6,6,4
5488,6,0,6
5489,1,3,1
5490,8,1,3
5491,5,2,5
5492,6,6,4
5493,6,6,4
5494,5,2,5
5495,7,4,7
5496,7,6,4
5497,1,3,1
5498,2,7,2
5499,8,8,8
5500,5,2,5
5501,7,4,7
5502,2,7,2
5503,2,7,2
5504,8,8,8
5505,7,4,7
5506,8,1,3
5507,6,0,6
5508,7,4,7
5509,2,7,2
5510,1,3,1
5511,8,1,3
5512,7,6,4
5513,1,3,1
5514,7,4,7
5515,7,4,7
5516,4,0,6
5517,8,8,8
5518,7,4,7
5519,6,1,3
5520,8,8,8
5521,2,3,1
5522,8,8,8
5523,2,7,2
5524,6,4,7
5525,6,0,6
5526,6,6,4
5527,7,4,7
5528,8,1,3
5529,7,4,7
5530,8,8,8
5531,8,8,8
5532,8,8,8
5533,5,2,5
5534,7,4,7
5535,6,0,6
5536,8,1,3
5537,2,7,2
5538,6,0,6
5539,8,1,3
5540,2,7,2
5541,8,1,3
5542,8,8,8
5543,6,6,4
5544,7,4,7
5545,8,1,3
5546,7,4,7
5547,8,8,8
5548,8,1,3
5549,5,2,5
5550,7,4,7
5551,5,2,5
5552,6,6,4
5553,3,3,1
5554,6,0,6
5555,7,4,7
5556,8,1,3
5557,6,3,1
5558,2,7,2
5559,5,2,5
5560,1,3,1
5561,7,4,7
5562,6,0,6
5563,6,6,4
5564,8,1,3
5565,8,1,3
5566,2,3,1
5567,2,7,2
5568,8,8,8
5569,6,0,6
5570,8,1,3
5571,7,4,7
5572,8,1,3
5573,8,1,3
5574,6,0,6
5575,8,1,3
5576,7,4,7
5577,2,7,2
5578,8,1,3
5579,2,7,2
5580,8,8,8
5581,7,4,7
5582,5,2,5
5583,8,0,6
5584,8,1,3
5585,7,4,7
5586,2,7,2
5587,3,3,1
5588,6,0,6
5589,5,3,1
5590,7,4,7
5591,2,7,2
5592,6,0,6
5593,4,0,6
5594,2,3,1
5595,7,4,7
5596,6,4,7
5597,7,4,7
5598,2,7,2
5599,2,7,2
5600,5,2,5
5601,5,6,4
5602,7,4,7
5603,8,1,3
5604,7,4,7
5605,8,0,6
5606,8,0,6
5607,6,6,4
5608,5,2,5
5609,7,4,7
5610,2,3,1
5611,8,8,8
5612,8,8,8
5613,6,4,7
5614,6,0,6
5615,8,1,3
5616,2,3,1
5617,3,3,1
5618,6,0,6
5619,7,6,4
5620,8,8,8
5621,7,6,4
5622,8,1,3
5623,7,4,7
5624,8,1,3
5625,7,4,7
5626,5,3,1
5627,8,1,3
5628,6,6,4
5629,7,4,7
5630,8,1,3
5631,2,7,2
5632,8,1,3
5633,7,4,7
5634,2,3,1
5635,8,8,8
5636,6,6,4
5637,1,0,6
5638,8,8,8
5639,8,8,8
5640,8,1,3
5641,1,3,1
5642,7,4,7
5643,7,4,7
5644,7,4,7
5645,8,8,8
5646,6,3,1
5647,5,2,5
5648,8,8,8
5649,5,2,5
5650,5,2,5
5651,8,1,3
5652,8,1,3
5653,8,1,3
5654,2,7,2
5655,5,2,5
5656,8,1,3
5657,7,4,7
5658,6,6,4
5659,7,4,7
5660,6,6,4
5661,6,6,4
5662,6,0,6
5663,7,4,7
5664,6,0,6
5665,8,8,8
5666,8,8,8
5667,2,7,2
5668,8,1,3
5669,7,6,4
5670,8,8,8
5671,7,4,7
5672,7,4,7
5673,8,8,8
5674,6,0,6
5675,6,0,6
5676,6,6,4
5677,8,3,1
5678,1,3,1
5679,2,3,1
5680,6,0,6
5681,8,1,3
5682,8,8,8
5683,2,7,2
5684,6,6,4
5685,2,7,2
5686,8,8,8
5687,4,0,6
5688,8,1,3
5689,4,0,6
5690,3,7,2
5691,8,0,6
5692,7,4,7
5693,8,8,8
5694,8,8,8
5695,6,6,4
5696,8,1,3
5697,4,0,6
5698,2,0,6
5699,6,6,4
5700,6,0,6
5701,6,0,6
5702,2,7,2
5703,7,4,7
5704,6,0,6
5705,2,7,2
5706,6,6,4
5707,8,8,8
5708,7,4,7
5709,6,0,6
5710,8,8,8
5711,8,1,3
5712,8,8,8
5713,6,0,6
5714,6,1,3
5715,6,1,3
5716,2,7,2
5717,8,8,8
5718,8,8,8
5719,2,7,2
5720,5,2,5
5721,2,7,2
5722,5,2,5
5723,6,0,6
5724,5,0,6
5725,6,0,6
5726,1,3,1
5727,8,8,8
5728,8,8,8
5729,6,0,6
5730,6,0,6
5731,4,0,6
5732,7,4,7
5733,8,1,3
5734,7,4,7
5735,2,7,2
5736,7,6,4
5737,6,6,4
5738,7,4,7
5739,6,0,6
5740,7,4,7
5741,6,0,6
5742,7,4,7
5743,6,3,1
5744,8,1,3
5745,6,0,6
5746,6,6,4
5747,8,1,3
5748,7,6,4
5749,5,3,1
5750,7,4,7
5751,6,4,7
5752,4,0,6
5753,5,2,5
5754,6,6,4
5755,2,7,2
5756,2,7,2
5757,5,2,5
5758,8,1,3
5759,7,0,6
5760,8,1,3
5761,6,0,6
5762,1,0,6
5763,8,1,3
5764,2,7,2
5765,6,6,4
5766,7,6,4
5767,6,1,3
5768,2,3,1
5769,8,8,8
5770,6,1,3
5771,6,0,6
5772,8,8,8
5773,6,6,4
5774,5,0,6
5775,5,2,5
5776,2,7,2
5777,5,2,5
5778,8,8,8
5779,2,7,2
5780,7,6,4
5781,2,7,2
5782,6,0,6
5783,5,2,5
5784,2,7,2
5785,8,1,3
5786,7,4,7
5787,4,0,6
5788,8,8,8
5789,2,7,2
5790,5,3,1
5791,7,4,7
5792,8,1,3
5793,6,0,6
5794,7,4,7
5795,4,6,4
5796,8,1,3
5797,6,0,6
5798,6,0,6
5799,1,3,1
5800,5,3,1
5801,6,0,6
5802,8,1,3
5803,7,4,7
5804,8,1,3
5805,8,1,3
5806,7,4,7
5807,3,3,1
5808,2,7,2
5809,6,0,6
5810,2,7,2
5811,1,0,6
5812,2,7,2
5813,1,0,6
5814,8,8,8
5815,6,0,6
5816,8,0,6
5817,6,0,6
5818,5,2,5
5819,1,3,1
5820,2,3,1
5821,7,6,4
5822,8,1,3
5823,6,6,4
5824,7,4,7
5825,6,6,4
5826,2,3,1
5827,3,3,1
5828,7,4,7
5829,5,3,1
5830,2,7,2
5831,2,7,2
5832,7,4,7
5833,2,7,2
5834,2,7,2
5835,6,4,7
5836,2,7,2
5837,8,3,1
5838,6,0,6
5839,6,6,4
5840,8,8,8
5841,1,3,1
5842,2,3,1
5843,6,6,4
5844,6,1,3
5845,6,1,3
5846,5,2,5
5847,7,4,7
5848,8,1,3
5849,8,1,3
5850,8,1,3
5851,6,6,4
5852,1,3,1
5853,8,8,8
5854,7,6,4
5855,2,7,2
5856,6,6,4
5857,2,7,2
5858,8,1,3
5859,8,1,3
5860,6,6,4
5861,5,2,5
5862,5,2,5
5863,6,6,4
5864,2,7,2
5865,5,2,5
5866,6,0,6
5867,6,6,4
5868,6,6,4
5869,7,4,7
5870,6,6,4
5871,4,6,4
5872,7,4,7
5873,8,1,3
5874,6,6,4
5875,5,2,5
5876,8,1,3
5877,8,1,3
5878,2,7,2
5879,2,7,2
5880,8,1,3
5881,6,6,4
5882,2,7,2
5883,6,0,6
5884,6,0,6
5885,7,4,7
5886,4,6,4
5887,8,1,3
5888,8,0,6
5889,8,8,8
5890,6,1,3
5891,2,7,2
5892,5,2,5
5893,1,3,1
5894,8,8,8
5895,8,8,8
5896,6,1,3
5897,8,1,3
5898,8,1,3
5899,8,8,8
5900,7,4,7
5901,2,7,2
5902,6,4,7
5903,2,7,2
5904,7,4,7
5905,5,2,5
5906,1,3,1
5907,2,7,2
5908,8,1,3
5909,2,7,2
5910,6,3,1
5911,1,3,1
5912,8,0,6
5913,6,0,6
5914,2,7,2
5915,8,8,8
5916,6,0,6
5917,8,1,3
5918,7,4,7
5919,7,4,7
5920,7,4,7
5921,3,3,1
5922,8,8,8
5923,7,4,7
5924,1,3,1
5925,8,0,6
5926,1,3,1
5927,7,4,7
5928,6,0,6
5929,6,0,6
5930,1,3,1
5931,8,8,8
5932,2,3,1
5933,7,4,7
5934,8,1,3
5935,7,4,7
5936,7,4,7
5937,1,0,6
5938,7,4,7
5939,8,8,8
5940,8,1,3
5941,8,1,3
5942,7,4,7
5943,6,6,4
5944,2,3,1
5945,7,4,7
5946,8,1,3
5947,2,7,2
5948,8,8,8
5949,5,2,5
5950,6,6,4
5951,2,3,1
5952,6,0,6
5953,6,0,6
5954,6,1,3
5955,8,1,3
5956,8,8,8
5957,6,0,6
5958,6,0,6
5959,2,7,2
5960,6,0,6
5961,6,6,4
5962,6,1,3
5963,6,0,6
5964,7,4,7
5965,7,4,7
5966,8,1,3
5967,4,0,6
5968,8,8,8
5969,2,7,2
5970,2,7,2
5971,7,4,7
5972,6,0,6
5973,5,3,1
5974,6,0,6
5975,8,1,3
5976,6,0,6
5977,6,0,6
5978,2,7,2
5979,7,4,7
5980,8,1,3
5981,6,0,6
5982,8,1,3
5983,8,8,8
5984,6,0,6
5985,8,1,3
5986,6,0,6
5987,2,0,6
5988,2,7,2
5989,6,6,4
5990,7,6,4
5991,8,1,3
5992,7,4,7
5993,7,4,7
5994,6,0,6
5995,6,0,6
5996,8,8,8
5997,6,0,6
5998,5,2,5
5999,1,3,1
6000,2,7,2
6001,7,6,4
6002,5,2,5
6003,2,7,2
6004,8,6,4
6005,2,7,2
6006,7,4,7
6007,1,0,6
6008,4,0,6
6009,6,6,4
6010,2,7,2
6011,8,8,8
6012,7,4,7
6013,6,6,4
6014,8,8,8
6015,0,5,0
6016,8,8,8
6017,8,1,3
6018,7,4,7
6019,1,3,1
6020,6,6,4
6021,8,8,8
6022,6,6,4
6023,6,0,6
6024,2,7,2
6025,7,4,7
6026,2,7,2
6027,8,1,3
6028,2,7,2
6029,8,1,3
6030,7,0,6
6031,6,0,6
6032,7,4,7
6033,2,7,2
6034,8,8,8
6035,8,1,3
6036,7,4,7
6037,6,0,6
6038,2,7,2
6039,7,4,7
6040,7,4,7
6041,8,8,8
6042,2,7,2
6043,6,6,4
6044,5,2,5
6045,7,4,7
6046,2,7,2
6047,5,2,5
6048,7,6,4
6049,8,1,3
6050,8,1,3
6051,8,8,8
6052,2,3,1
6053,5,2,5
6054,8,1,3
6055,5,2,5
6056,6,3,1
6057,6,0,6
6058,8,1,3
6059,8,6,4
6060,6,7,2
6061,5,2,5
6062,5,3,1
6063,6,0,6
6064,5,2,5
6065,2,3,1
6066,7,6,4
6067,6,6,4
6068,7,4,7
6069,5,2,5
6070,2,7,2
6071,6,4,7
6072,8,0,6
6073,5,2,5
6074,7,4,7
6075,2,7,2
6076,2,7,2
6077,2,7,2
6078,6,3,1
6079,8,8,8
6080,6,0,6
6081,0,5,0
6082,6,2,5
6083,2,3,1
6084,8,8,8
6085,2,7,2
6086,8,8,8
6087,5,2,5
6088,6,0,6
6089,2,7,2
6090,6,6,4
6091,6,4,7
6092,8,8,8
6093,5,2,5
6094,8,1,3
6095,6,0,6
6096,7,4,7
6097,1,0,6
6098,2,7,2
6099,5,2,5
6100,5,2,5
6101,4,0,6
6102,6,0,6
6103,8,8,8
6104,2,7,2
6105,5,3,1
6106,6,1,3
6107,6,0,6
6108,8,8,8
6109,8,1,3
6110,8,1,3
6111,5,2,5
6112,8,1,3
6113,4,6,4
6114,6,0,6
6115,6,0,6
6116,7,4,7
6117,8,8,8
6118,2,7,2
6119,6,0,6
6120,8,1,3
6121,6,0,6
6122,8,1,3
6123,4,0,6
6124,8,8,8
6125,2,7,2
6126,6,3,1
6127,6,0,6
6128,6,0,6
6129,2,3,1
6130,8,8,8
6131,7,4,7
6132,7,4,7
6133,2,7,2
6134,8,8,8
6135,8,8,8
6136,6,0,6
6137,6,0,6
6138,6,6,4
6139,0,5,0
6140,8,1,3
6141,7,4,7
6142,5,2,5
6143,7,4,7
6144,7,4,7
6145,8,1,3
6146,8,1,3
6147,8,1,3
6148,1,3,1
6149,2,7,2
6150,8,8,8
6151,6,0,6
6152,8,1,3
6153,5,2,5
6154,7,4,7
6155,8,1,3
6156,7,4,7
6157,5,2,5
6158,6,6,4
6159,2,7,2
6160,1,3,1
6161,5,2,5
6162,8,8,8
6163,7,4,7
6164,7,4,7
6165,8,8,8
6166,2,7,2
6167,3,3,1
6168,2,7,2
6169,8,6,4
6170,7,4,7
6171,8,0,6
6172,6,6,4
6173,1,3,1
6174,7,4,7
6175,8,8,8
6176,4,0,6
6177,8,1,3
6178,1,3,1
6179,8,0,6
6180,6,1,3
6181,6,1,3
6182,2,3,1
6183,6,6,4
6184,7,4,7
6185,7,4,7
6186,6,0,6
6187,7,4,7
6188,6,0,6
6189,8,1,3
6190,2,7,2
6191,2,7,2
6192,1,3,1
6193,7,4,7
6194,1,3,1
6195,6,0,6
6196,7,4,7
6197,7,4,7
6198,8,8,8
6199,6,0,6
6200,6,0,6
6201,6,0,6
6202,1,3,1
6203,2,3,1
6204,8,1,3
6205,2,7,2
6206,7,4,7
6207,8,8,8
6208,5,2,5
6209,7,4,7
6210,5,2,5
6211,6,6,4
6212,5,2,5
6213,7,4,7
6214,6,6,4
6215,4,0,6
6216,2,7,2
6217,6,1,3
6218,6,1,3
6219,6,0,6
6220,6,6,4
6221,8,1,3
6222,8,1,3
6223,7,4,7
6224,5,2,5
6225,4,0,6
6226,8,8,8
6227,6,0,6
6228,7,4,7
6229,8,8,8
6230,6,6,4
6231,8,8,8
6232,5,2,5
6233,7,4,7
6234,3,3,1
6235,5,2,5
6236,6,0,6
6237,8,8,8
6238,5,3,1
6239,0,5,0
6240,2,7,2
6241,8,1,3
6242,8,1,3
6243,6,0,6
6244,8,1,3
6245,2,7,2
6246,2,7,2
6247,6,0,6
6248,1,3,1
6249,6,0,6
6250,1,0,6
6251,6,3,1
6252,1,6,4
6253,8,0,6
6254,7,4,7
6255,6,6,4
6256,1,3,1
6257,1,0,6
6258,7,4,7
6259,8,1,3
6260,8,1,3
6261,8,1,3
6262,6,3,1
6263,5,3,1
6264,7,4,7
6265,7,4,7
6266,4,6,4
6267,8,1,3
6268,8,8,8
6269,6,4,7
6270,5,2,5
6271,2,7,2
6272,8,1,3
6273,4,0,6
6274,7,4,7
6275,6,0,6
6276,7,4,7
6277,6,0,6
6278,6,0,6
6279,8,1,3
6280,2,7,2
6281,7,4,7
6282,6,0,6
6283,2,3,1
6284,8,1,3
6285,7,4,7
6286,5,2,5
6287,8,8,8
6288,6,0,6
6289,2,7,2
6290,6,6,4
6291,6,6,4
6292,8,8,8
6293,8,8,8
6294,2,7,2
6295,7,4,7
6296,0,5,0
6297,2,7,2
6298,7,4,7
6299,5,2,5
6300,8,1,3
6301,7,4,7
6302,8,8,8
6303,6,6,4
6304,6,6,4
6305,7,4,7
6306,2,3,1
6307,8,8,8
6308,8,1,3
6309,5,2,5
6310,7,4,7
6311,8,1,3
6312,6,5,0
6313,6,6,4
6314,7,4,7
6315,2,7,2
6316,7,4,7
6317,6,0,6
6318,8,8,8
6319,2,7,2
6320,6,6,4
6321,2,7,2
6322,8,8,8
6323,7,4,7
6324,3,3,1
6325,2,7,2
6326,2,3,1
6327,8,8,8
6328,6,0,6
6329,6,6,4
6330,2,3,1
6331,8,8,8
6332,6,0,6
6333,8,1,3
6334,7,4,7
6335,8,8,8
6336,7,4,7
6337,7,6,4
6338,8,1,3
6339,5,2,5
6340,1,0,6
6341,8,0,6
6342,8,1,3
6343,8,1,3
6344,4,6,4
6345,6,6,4
6346,6,0,6
6347,2,7,2
6348,6,0,6
6349,5,2,5
6350,2,7,2
6351,7,4,7
6352,7,4,7
6353,8,8,8
6354,6,6,4
6355,5,2,5
6356,2,7,2
6357,6,2,5
6358,8,8,8
6359,2,3,1
6360,5,2,5
6361,5,2,5
6362,2,7,2
6363,5,3,1
6364,6,3,1
6365,6,0,6
6366,8,0,6
6367,8,1,3
6368,6,6,4
6369,8,8,8
6370,6,6,4
6371,1,3,1
6372,5,3,1
6373,6,0,6
6374,2,7,2
6375,5,2,5
6376,4,4,7
6377,6,3,1
6378,7,4,7
6379,6,6,4
6380,2,7,2
6381,6,3,1
6382,6,0,6
6383,6,6,4
6384,8,8,8
6385,8,8,8
6386,8,1,3
6387,6,0,6
6388,2,7,2
6389,7,4,7
6390,2,7,2
6391,2,7,2
6392,8,1,3
6393,6,6,4
6394,7,4,7
6395,2,7,2
6396,7,6,4
6397,8,8,8
6398,7,4,7
6399,7,4,7
6400,2,7,2
6401,6,0,6
6402,6,4,7
6403,6,0,6
6404,8,8,8
6405,5,2,5
6406,6,0,6
6407,8,8,8
6408,8,1,3
6409,7,4,7
6410,8,8,8
6411,2,7,2
6412,6,0,6
6413,8,8,8
6414,8,8,8
6415,8,8,8
6416,7,4,7
6417,7,4,7
6418,7,4,7
6419,2,7,2
6420,6,6,4
6421,8,1,3
6422,1,3,1
6423,7,6,4
6424,2,7,2
6425,8,1,3
6426,6,6,4
6427,8,8,8
6428,5,3,1
6429,1,3,1
6430,6,0,6
6431,5,2,5
6432,6,3,1
6433,1,3,1
6434,2,3,1
6435,6,1,3
6436,2,7,2
6437,4,0,6
6438,7,4,7
6439,8,1,3
6440,6,6,4
6441,8,1,3
6442,8,1,3
6443,2,7,2
6444,2,7,2
6445,6,6,4
6446,8,8,8
6447,6,1,3
6448,2,7,2
6449,8,1,3
6450,6,0,6
6451,7,4,7
6452,8,8,8
6453,2,7,2
6454,8,0,6
6455,6,0,6
6456,1,0,6
6457,7,4,7
6458,2,3,1
6459,6,0,6
6460,6,1,3
6461,6,6,4
6462,6,3,1
6463,6,6,4
6464,5,3,1
6465,6,1,3
6466,2,7,2
6467,8,8,8
6468,6,0,6
6469,8,8,8
6470,7,4,7
6471,7,6,4
6472,7,4,7
6473,8,8,8
6474,8,1,3
6475,5,3,1
6476,7,4,7
6477,5,3,1
6478,7,4,7
6479,7,4,7
6480,2,7,2
6481,6,0,6
6482,8,1,3
6483,7,4,7
6484,8,1,3
6485,8,8,8
6486,2,3,1
6487,6,0,6
6488,8,0,6
6489,2,7,2
6490,2,3,1
6491,8,1,3
6492,7,4,7
6493,6,0,6
6494,7,4,7
6495,8,8,8
6496,6,0,6
6497,7,6,4
6498,6,0,6
6499,2,3,1
6500,6,0,6
6501,5,2,5
6502,7,4,7
6503,6,6,4
6504,6,0,6
6505,5,2,5
6506,8,8,8
6507,7,4,7
6508,2,7,2
6509,6,6,4
6510,2,7,2
6511,2,7,2
6512,2,7,2
6513,8,8,8
6514,8,1,3
6515,7,6,4
6516,6,0,6
6517,2,3,1
6518,6,6,4
6519,6,6,4
6520,5,2,5
6521,6,3,1
6522,5,2,5
6523,7,4,7
6524,8,8,8
6525,6,1,3
6526,6,8,8
6527,6,0,6
6528,6,1,3
6529,8,1,3
6530,6,0,6
6531,6,4,7
6532,8,8,8
6533,8,8,8
6534,6,0,6
6535,5,2,5
6536,8,1,3
6537,2,7,2
6538,8,1,3
6539,6,1,3
6540,8,1,3
6541,4,0,6
6542,8,8,8
6543,6,6,4
6544,2,7,2
6545,5,2,5
6546,8,1,3
6547,6,0,6
6548,8,8,8
6549,7,4,7
6550,7,4,7
6551,6,0,6
6552,7,4,7
6553,6,6,4
6554,8,8,8
6555,6,1,3
6556,2,7,2
6557,2,7,2
6558,2,7,2
6559,7,4,7
6560,5,2,5
6561,6,0,6
6562,8,8,8
6563,8,8,8
6564,7,4,7
6565,8,0,6
6566,5,3,1
6567,2,7,2
6568,2,7,2
6569,7,4,7
6570,2,3,1
6571,8,1,3
6572,7,4,7
6573,6,1,3
6574,2,7,2
6575,6,0,6
6576,2,7,2
6577,2,7,2
6578,2,7,2
6579,6,6,4
6580,5,3,1
6581,6,6,4
6582,8,8,8
6583,7,4,7
6584,5,2,5
6585,6,0,6
6586,7,4,7
6587,1,3,1
6588,8,1,3
6589,5,2,5
6590,7,4,7
6591,8,8,8
6592,1,3,1
6593,5,2,5
6594,6,6,4
6595,8,1,3
6596,8,8,8
6597,6,0,6
6598,7,4,7
6599,2,7,2
6600,2,7,2
6601,6,3,1
6602,2,7,2
6603,8,1,3
6604,8,0,6
6605,7,4,7
6606,8,1,3
6607,8,8,8
6608,8,8,8
6609,2,7,2
6610,8,8,8
6611,8,3,1
6612,2,7,2
6613,8,1,3
6614,2,7,2
6615,8,1,3
6616,8,8,8
6617,7,4,7
6618,8,1,3
6619,7,4,7
6620,6,6,4
6621,8,8,8
6622,6,1,3
6623,6,0,6
6624,8,8,8
6625,6,1,3
6626,6,6,4
6627,7,4,7
6628,2,7,2
6629,8,8,8
6630,8,6,4
6631,2,7,2
6632,6,0,6
6633,2,7,2
6634,7,4,7
6635,4,0,6
6636,8,1,3
6637,7,4,7
6638,8,8,8
6639,8,1,3
6640,8,8,8
6641,2,7,2
6642,3,3,1
6643,8,8,8
6644,8,6,4
6645,8,1,3
6646,8,8,8
6647,7,6,4
6648,7,6,4
6649,8,0,6
6650,8,8,8
6651,8,1,3
6652,8,1,3
6653,2,7,2
6654,5,2,5
6655,1,3,1
6656,6,0,6
6657,8,8,8
6658,6,1,3
6659,5,2,5
6660,5,2,5
6661,8,8,8
6662,8,8,8
6663,3,3,1
6664,7,4,7
6665,7,4,7
6666,8,1,3
6667,8,8,8
6668,7,4,7
6669,5,2,5
6670,6,0,6
6671,6,0,6
6672,8,8,8
6673,5,2,5
6674,7,4,7
6675,1,3,1
6676,8,1,3
6677,1,0,6
6678,6,6,4
6679,4,0,6
6680,8,8,8
6681,8,1,3
6682,2,7,2
6683,7,4,7
6684,7,6,4
6685,7,4,7
6686,8,8,8
6687,8,8,8
6688,8,8,8
6689,8,1,3
6690,5,2,5
6691,3,3,1
6692,5,2,5
6693,8,8,8
6694,6,1,3
6695,5,2,5
6696,8,8,8
6697,6,4,7
6698,7,6,4
6699,6,6,4
6700,8,1,3
6701,8,1,3
6702,8,1,3
6703,5,2,5
6704,2,7,2
6705,7,6,4
6706,7,4,7
6707,6,6,4
6708,8,8,8
6709,7,6,4
6710,2,7,2
6711,6,3,1
6712,4,0,6
6713,8,1,3
6714,7,4,7
6715,8,1,3
6716,2,7,2
6717,6,0,6
6718,7,4,7
6719,2,3,1
6720,8,1,3
6721,8,1,3
6722,6,0,6
6723,8,0,6
6724,5,2,5
6725,4,0,6
6726,6,0,6
6727,8,1,3
6728,8,8,8
6729,7,4,7
6730,5,2,5
6731,5,2,5
6732,8,0,6
6733,7,4,7
6734,1,3,1
6735,7,4,7
6736,7,4,7
6737,8,1,3
6738,2,7,2
6739,8,0,6
6740,6,0,6
6741,7,4,7
6742,8,8,8
6743,8,8,8
6744,4,0,6
6745,8,8,8
6746,7,4,7
6747,6,1,3
6748,8,8,8
6749,7,4,7
6750,1,3,1
6751,8,8,8
6752,8,0,6
6753,7,4,7
6754,2,3,1
6755,8,8,8
6756,8,8,8
6757,5,2,5
6758,8,8,8
6759,8,8,8
6760,6,3,1
6761,6,6,4
6762,2,7,2
6763,7,4,7
6764,6,0,6
6765,7,4,7
6766,7,4,7
6767,2,3,1
6768,6,0,6
6769,8,1,3
6770,4,0,6
6771,8,8,8
6772,2,7,2
6773,8,1,3
6774,7,4,7
6775,7,4,7
6776,6,1,3
6777,6,6,4
6778,7,6,4
6779,7,4,7
6780,7,6,4
6781,8,1,3
6782,4,0,6
6783,6,0,6
6784,8,1,3
6785,7,4,7
6786,2,7,2
6787,7,4,7
6788,6,0,6
6789,2,7,2
6790,6,6,4
6791,6,1,3
6792,6,1,3
6793,8,8,8
6794,7,4,7
6795,6,0,6
6796,6,4,7
6797,8,8,8
6798,8,1,3
6799,3,3,1
6800,8,8,8
6801,6,1,3
6802,5,2,5
6803,8,8,8
6804,8,8,8
6805,8,0,6
6806,8,1,3
6807,8,1,3
6808,5,2,5
6809,8,8,8
6810,2,7,2
6811,8,1,3
6812,1,3,1
6813,5,2,5
6814,6,1,3
6815,5,3,1
6816,7,6,4
6817,8,1,3
6818,5,0,6
6819,7,4,7
6820,8,8,8
6821,6,0,6
6822,1,3,1
6823,2,7,2
6824,7,4,7
6825,8,8,8
6826,8,8,8
6827,6,0,6
6828,5,2,5
6829,7,4,7
6830,8,8,8
6831,2,7,2
6832,8,8,8
6833,6,6,4
6834,8,8,8
6835,5,2,5
6836,8,8,8
6837,8,1,3
6838,2,3,1
6839,8,8,8
6840,6,6,4
6841,2,7,2
6842,6,6,4
6843,8,8,8
6844,7,4,7
6845,5,2,5
6846,2,7,2
6847,6,6,4
6848,2,7,2
6849,4,0,6
6850,6,1,3
6851,6,3,1
6852,7,4,7
6853,8,1,3
6854,8,1,3
6855,8,1,3
6856,8,8,8
6857,8,8,8
6858,5,3,1
6859,7,4,7
6860,8,1,3
6861,7,4,7
6862,8,1,3
6863,8,1,3
6864,8,8,8
6865,2,7,2
6866,2,7,2
6867,8,0,6
6868,6,6,4
6869,3,3,1
6870,2,3,1
6871,4,0,6
6872,8,1,3
6873,7,4,7
6874,6,1,3
6875,2,7,2
6876,8,8,8
6877,4,0,6
6878,4,0,6
6879,4,0,6
6880,6,1,3
6881,6,1,3
6882,8,8,8
6883,7,4,7
6884,5,2,5
6885,8,8,8
6886,7,4,7
6887,7,4,7
6888,8,8,8
6889,7,4,7
6890,7,4,7
6891,8,8,8
6892,8,1,3
6893,8,1,3
6894,7,4,7
6895,7,4,7
6896,1,3,1
6897,5,3,1
6898,6,0,6
6899,5,2,5
6900,4,0,6
6901,7,4,7
6902,2,3,1
6903,8,1,3
6904,5,2,5
6905,8,8,8
6906,5,2,5
6907,8,8,8
6908,2,7,2
6909,4,0,6
6910,7,4,7
6911,6,0,6
6912,8,8,8
6913,5,2,5
6914,5,3,1
6915,7,4,7
6916,7,4,7
6917,2,7,2
6918,6,1,3
6919,2,7,2
6920,2,7,2
6921,7,4,7
6922,2,7,2
6923,7,6,4
6924,6,6,4
6925,6,3,1
6926,8,8,8
6927,8,1,3
6928,7,4,7
6929,1,6,4
6930,6,6,4
6931,6,6,4
6932,6,6,4
6933,2,7,2
6934,6,6,4
6935,8,1,3
6936,5,2,5
6937,8,8,8
6938,0,5,0
6939,5,2,5
6940,6,0,6
6941,8,1,3
6942,2,7,2
6943,8,8,8
6944,1,3,1
6945,4,0,6
6946,8,0,6
6947,6,6,4
6948,5,2,5
6949,5,2,5
6950,6,6,4
6951,6,4,7
6952,6,0,6
6953,7,4,7
6954,8,8,8
6955,8,8,8
6956,2,7,2
6957,6,0,6
6958,6,1,3
6959,6,0,6
6960,1,0,6
6961,5,2,5
6962,2,7,2
6963,8,1,3
6964,7,4,7
6965,8,1,3
6966,8,1,3
6967,7,4,7
6968,8,1,3
6969,6,6,4
6970,6,3,1
6971,2,7,2
6972,8,1,3
6973,8,8,8
6974,7,4,7
6975,7,4,7
6976,8,8,8
6977,6,1,3
6978,7,4,7
6979,8,1,3
6980,8,8,8
6981,7,6,4
6982,1,3,1
6983,8,8,8
6984,6,6,4
6985,6,6,4
6986,7,6,4
6987,7,4,7
6988,6,3,1
6989,7,4,7
6990,8,8,8
6991,6,0,6
6992,8,8,8
6993,5,2,5
6994,5,2,5
6995,8,8,8
6996,6,0,6
6997,8,8,8
6998,8,1,3
6999,8,8,8
7000,6,6,4
7001,8,1,3
7002,5,2,5
7003,6,1,3
7004,8,1,3
7005,1,3,1
7006,2,7,2
7007,7,4,7
7008,6,8,8
7009,6,1,3
7010,5,3,1
7011,8,8,8
7012,7,4,7
7013,6,0,6
7014,8,8,8
7015,8,8,8
7016,8,1,3
7017,1,3,1
7018,6,4,7
7019,8,1,3
7020,8,8,8
7021,7,4,7
7022,7,4,7
7023,8,8,8
7024,2,7,2
7025,8,8,8
7026,8,8,8
7027,5,2,5
7028,7,4,7
7029,7,4,7
7030,2,3,1
7031,6,1,3
7032,6,0,6
7033,2,7,2
7034,7,4,7
7035,2,7,2
7036,8,8,8
7037,8,8,8
7038,8,8,8
7039,8,8,8
7040,8,8,8
7041,6,0,6
7042,6,6,4
7043,6,3,1
7044,8,1,3
7045,8,3,1
7046,3,3,1
7047,8,8,8
7048,5,2,5
7049,6,6,4
7050,5,2,5
7051,7,6,4
7052,6,0,6
7053,6,6,4
7054,8,8,8
7055,8,1,3
7056,6,3,1
7057,2,7,2
7058,2,7,2
7059,3,3,1
7060,2,7,2
7061,8,1,3
7062,8,8,8
7063,8,0,6
7064,5,2,5
7065,1,3,1
7066,2,7,2
7067,7,4,7
7068,2,7,2
7069,6,1,3
7070,8,0,6
7071,5,2,5
7072,6,0,6
7073,4,0,6
7074,2,7,2
7075,5,2,5
7076,6,0,6
7077,2,7,2
7078,8,1,3
7079,8,1,3
7080,5,2,5
7081,6,1,3
7082,8,1,3
7083,7,6,4
7084,8,8,8
7085,8,1,3
7086,6,0,6
7087,7,4,7
7088,1,3,1
7089,4,0,6
7090,2,7,2
7091,2,7,2
7092,6,0,6
7093,8,8,8
7094,8,8,8
7095,6,0,6
7096,7,4,7
7097,4,0,6
7098,2,3,1
7099,7,6,4
7100,6,6,4
7101,5,3,1
7102,6,0,6
7103,7,0,6
7104,2,7,2
7105,8,8,8
7106,7,4,7
7107,7,4,7
7108,2,7,2
7109,2,7,2
7110,8,1,3
7111,2,7,2
7112,5,2,5
7113,6,0,6
7114,7,4,7
7115,5,2,5
7116,8,8,8
7117,7,4,7
7118,8,8,8
7119,8,8,8
7120,5,2,5
7121,6,3,1
7122,8,8,8
7123,8,1,3
7124,6,6,4
7125,8,8,8
7126,7,6,4
7127,6,0,6
7128,7,4,7
7129,8,0,6
7130,8,1,3
7131,8,1,3
7132,7,4,7
7133,7,4,7
7134,2,7,2
7135,8,8,8
7136,6,6,4
7137,6,6,4
7138,8,1,3
7139,6,0,6
7140,5,2,5
7141,8,0,6
7142,8,1,3
7143,5,8,8
7144,7,4,7
7145,8,1,3
7146,7,4,7
7147,6,1,3
7148,2,7,2
7149,5,2,5
7150,6,0,6
7151,6,3,1
7152,6,0,6
7153,8,8,8
7154,7,4,7
7155,8,8,8
7156,7,4,7
7157,7,4,7
7158,2,7,2
7159,6,0,6
7160,2,7,2
7161,6,0,6
7162,8,8,8
7163,7,6,4
7164,2,3,1
7165,8,1,3
7166,8,1,3
7167,6,3,1
7168,6,0,6
7169,6,6,4
7170,4,0,6
7171,7,4,7
7172,6,0,6
7173,2,3,1
7174,5,2,5
7175,5,2,5
7176,2,7,2
7177,8,8,8
7178,6,0,6
7179,5,2,5
7180,8,8,8
7181,6,0,6
7182,6,0,6
7183,6,6,4
7184,8,8,8
7185,8,1,3
7186,5,2,5
7187,8,1,3
7188,8,8,8
7189,7,4,7
7190,8,1,3
7191,2,7,2
7192,2,7,2
7193,7,4,7
7194,7,4,7
7195,5,2,5
7196,6,6,4
7197,5,2,5
7198,8,1,3
7199,7,4,7
7200,7,4,7
7201,7,4,7
7202,6,0,6
7203,6,7,2
7204,2,7,2
7205,7,4,7
7206,8,0,6
7207,6,6,4
7208,6,0,6
7209,8,1,3
7210,8,8,8
7211,7,6,4
7212,6,3,1
7213,8,8,8
7214,2,7,2
7215,4,0,6
7216,6,6,4
7217,2,7,2
7218,4,0,6
7219,7,4,7
7220,7,4,7
7221,8,1,3
7222,2,7,2
7223,5,2,5
7224,6,8,8
7225,2,7,2
7226,8,8,8
7227,7,4,7
7228,6,0,6
7229,8,8,8
7230,6,7,2
7231,6,6,4
7232,2,7,2
7233,8,1,3
7234,2,7,2
7235,7,4,7
7236,6,6,4
7237,6,0,6
7238,8,1,3
7239,8,1,3
7240,7,6,4
7241,6,0,6
7242,8,1,3
7243,7,4,7
7244,7,4,7
7245,2,7,2
7246,7,4,7
7247,7,4,7
7248,7,4,7
7249,7,4,7
7250,2,7,2
7251,8,1,3
7252,5,2,5
7253,5,2,5
7254,5,2,5
7255,7,4,7
7256,6,3,1
7257,6,6,4
7258,3,3,1
7259,6,6,4
7260,7,4,7
7261,8,1,3
7262,8,1,3
7263,8,1,3
7264,6,0,6
7265,6,0,6
7266,2,7,2
7267,7,4,7
7268,1,3,1
7269,4,0,6
7270,2,7,2
7271,7,4,7
7272,7,4,7
7273,2,7,2
7274,7,4,7
7275,8,1,3
7276,6,1,3
7277,6,4,7
7278,7,4,7
7279,7,4,7
7280,2,7,2
7281,5,2,5
7282,6,6,4
7283,6,1,3
7284,7,4,7
7285,7,4,7
7286,6,1,3
7287,2,7,2
7288,8,8,8
7289,7,4,7
7290,8,8,8
7291,6,0,6
7292,2,0,6
7293,6,0,6
7294,2,7,2
7295,6,6,4
7296,6,1,3
7297,6,0,6
7298,6,6,4
7299,6,0,6
7300,6,0,6
7301,4,0,6
7302,7,4,7
7303,6,0,6
7304,6,1,3
7305,5,2,5
7306,8,8,8
7307,2,7,2
7308,8,1,3
7309,6,6,4
7310,8,1,3
7311,1,3,1
7312,1,3,1
7313,7,4,7
7314,8,1,3
7315,6,6,4
7316,5,2,5
7317,6,0,6
7318,6,0,6
7319,5,2,5
7320,2,7,2
7321,2,7,2
7322,6,6,4
7323,8,1,3
7324,7,4,7
7325,7,4,7
7326,6,0,6
7327,7,4,7
7328,5,2,5
7329,1,3,1
7330,8,8,8
7331,6,1,3
7332,6,0,6
7333,2,7,2
7334,8,3,1
7335,7,4,7
7336,7,6,4
7337,8,1,3
7338,8,1,3
7339,7,4,7
7340,1,3,1
7341,6,6,4
7342,5,2,5
7343,8,8,8
7344,6,6,4
7345,2,7,2
7346,8,6,4
7347,7,4,7
7348,8,8,8
7349,8,1,3
7350,2,7,2
7351,8,8,8
7352,7,4,7
7353,8,8,8
7354,6,1,3
7355,2,3,1
7356,6,0,6
7357,6,6,4
7358,7,4,7
7359,3,3,1
7360,2,7,2
7361,7,4,7
7362,2,3,1
7363,2,7,2
7364,5,3,1
7365,6,6,4
7366,2,7,2
7367,7,4,7
7368,8,8,8
7369,6,0,6
7370,2,7,2
7371,2,7,2
7372,7,4,7
7373,8,1,3
7374,0,5,0
7375,2,7,2
7376,8,8,8
7377,8,8,8
7378,7,4,7
7379,5,2,5
7380,2,7,2
7381,8,1,3
7382,6,0,6
7383,4,0,6
7384,7,4,7
7385,6,0,6
7386,6,3,1
7387,7,4,7
7388,5,2,5
7389,7,4,7
7390,6,6,4
7391,7,4,7
7392,8,8,8
7393,8,1,3
7394,8,8,8
7395,6,0,6
7396,6,0,6
7397,8,1,3
7398,2,7,2
7399,7,4,7
7400,6,6,4
7401,8,8,8
7402,8,3,1
7403,5,2,5
7404,6,1,3
7405,2,7,2
7406,8,1,3
7407,8,1,3
7408,7,4,7
7409,5,2,5
7410,8,8,8
7411,7,4,7
7412,2,7,2
7413,5,2,5
7414,8,1,3
7415,8,8,8
7416,1,3,1
7417,0,5,0
7418,6,0,6
7419,6,1,3
7420,1,3,1
7421,2,3,1
7422,7,4,7
7423,7,6,4
7424,6,0,6
7425,8,0,6
7426,6,6,4
7427,1,3,1
7428,2,7,2
7429,6,6,4
7430,6,0,6
7431,8,8,8
7432,7,4,7
7433,2,7,2
7434,8,0,6
7435,7,4,7
7436,7,6,4
7437,8,8,8
7438,7,1,3
7439,5,2,5
7440,2,7,2
7441,7,4,7
7442,8,8,8
7443,8,1,3
7444,7,4,7
7445,6,3,1
7446,6,0,6
7447,7,4,7
7448,6,3,1
7449,3,3,1
7450,8,8,8
7451,6,0,6
7452,2,7,2
7453,2,7,2
7454,6,6,4
7455,7,4,7
7456,8,8,8
7457,5,2,5
7458,1,3,1
7459,8,8,8
7460,7,4,7
7461,5,2,5
7462,6,6,4
7463,8,8,8
7464,8,1,3
7465,8,8,8
7466,8,8,8
7467,2,7,2
7468,6,0,6
7469,2,7,2
7470,8,8,8
7471,8,8,8
7472,0,5,0
7473,8,1,3
7474,8,8,8
7475,5,2,5
7476,4,6,4
7477,7,4,7
7478,6,6,4
7479,6,1,3
7480,6,0,6
7481,6,6,4
7482,8,8,8
7483,8,8,8
7484,5,2,5
7485,2,7,2
7486,8,1,3
7487,5,2,5
7488,2,3,1
7489,6,6,4
7490,8,1,3
7491,8,8,8
7492,7,3,1
7493,2,7,2
7494,6,4,7
7495,8,8,8
7496,8,8,8
7497,6,3,1
7498,6,6,4
7499,8,1,3
7500,7,4,7
7501,2,7,2
7502,6,0,6
7503,5,2,5
7504,5,2,5
7505,8,8,8
7506,6,0,6
7507,8,0,6
7508,8,0,6
7509,8,8,8
7510,8,1,3
7511,7,4,7
7512,7,4,7
7513,2,7,2
7514,2,7,2
7515,7,4,7
7516,8,8,8
7517,6,6,4
7518,7,4,7
7519,2,7,2
7520,2,7,2
7521,7,4,7
7522,8,8,8
7523,7,4,7
7524,6,6,4
7525,8,8,8
7526,7,0,6
7527,7,4,7
7528,1,0,6
7529,2,7,2
7530,8,1,3
7531,7,6,4
7532,7,4,7
7533,5,2,5
7534,8,8,8
7535,7,4,7
7536,8,8,8
7537,6,0,6
7538,8,1,3
7539,6,6,4
7540,7,4,7
7541,6,0,6
7542,5,2,5
7543,5,2,5
7544,6,0,6
7545,5,2,5
7546,6,0,6
7547,7,4,7
7548,2,7,2
7549,5,3,1
7550,2,7,2
7551,4,0,6
7552,8,8,8
7553,6,6,4
7554,6,6,4
7555,6,0,6
7556,2,7,2
7557,5,2,5
7558,8,8,8
7559,2,7,2
7560,7,4,7
7561,6,0,6
7562,6,4,7
7563,7,4,7
7564,5,2,5
7565,8,1,3
7566,8,8,8
7567,7,4,7
7568,8,1,3
7569,8,8,8
7570,3,3,1
7571,5,2,5
7572,6,6,4
7573,2,3,1
7574,8,1,3
7575,6,1,3
7576,6,4,7
7577,2,7,2
7578,7,4,7
7579,6,0,6
7580,2,7,2
7581,8,8,8
7582,8,1,3
7583,6,6,4
7584,8,1,3
7585,2,3,1
7586,7,6,4
7587,8,8,8
7588,0,5,0
7589,6,1,3
7590,5,2,5
7591,8,8,8
7592,7,4,7
7593,6,0,6
7594,5,3,1
7595,7,4,7
7596,8,8,8
7597,5,3,1
7598,8,1,3
7599,5,2,5
7600,8,8,8
7601,8,8,8
7602,8,8,8
7603,8,0,6
7604,6,0,6
7605,5,2,5
7606,8,1,3
7607,6,0,6
7608,7,4,7
7609,5,2,5
7610,8,1,3
7611,6,0,6
7612,7,4,7
7613,8,1,3
7614,2,7,2
7615,8,1,3
7616,6,4,7
7617,8,8,8
7618,8,1,3
7619,7,4,7
7620,6,1,3
7621,7,4,7
7622,5,2,5
7623,7,6,4
7624,7,4,7
7625,5,2,5
7626,8,1,3
7627,2,7,2
7628,7,6,4
7629,5,2,5
7630,2,7,2
7631,2,7,2
7632,5,3,1
7633,6,0,6
7634,2,3,1
7635,4,0,6
7636,7,4,7
7637,8,8,8
7638,5,2,5
7639,6,6,4
7640,2,7,2
7641,8,8,8
7642,7,4,7
7643,8,1,3
7644,8,1,3
7645,7,4,7
7646,2,7,2
7647,7,4,7
7648,7,4,7
7649,6,3,1
7650,6,6,4
7651,2,7,2
7652,8,1,3
7653,3,3,1
7654,7,4,7
7655,2,7,2
7656,2,3,1
7657,8,1,3
7658,1,3,1
7659,2,7,2
7660,7,4,7
7661,6,6,4
7662,6,6,4
7663,1,3,1
7664,7,4,7
7665,6,0,6
7666,8,8,8
7667,6,6,4
7668,6,0,6
7669,2,7,2
7670,7,6,4
7671,8,1,3
7672,8,1,3
7673,8,8,8
7674,6,1,3
7675,7,4,7
7676,8,1,3
7677,2,7,2
7678,8,8,8
7679,7,4,7
7680,6,6,4
7681,6,0,6
7682,6,6,4
7683,5,2,5
7684,7,4,7
7685,6,1,3
7686,2,7,2
7687,5,2,5
7688,5,3,1
7689,6,0,6
7690,8,8,8
7691,8,1,3
7692,2,3,1
7693,6,4,7
7694,6,0,6
7695,5,2,5
7696,8,1,3
7697,7,4,7
7698,5,3,1
7699,6,0,6
7700,2,7,2
7701,6,0,6
7702,5,2,5
7703,6,3,1
7704,2,7,2
7705,2,7,2
7706,8,8,8
7707,6,4,7
7708,6,3,1
7709,2,7,2
7710,8,8,8
7711,2,7,2
7712,6,0,6
7713,7,4,7
7714,5,2,5
7715,5,2,5
7716,1,3,1
7717,2,7,2
7718,7,4,7
7719,2,7,2
7720,8,6,4
7721,6,6,4
7722,4,0,6
7723,2,7,2
7724,6,6,4
7725,5,2,5
7726,6,6,4
7727,5,2,5
7728,8,1,3
7729,8,1,3
7730,1,3,1
7731,7,4,7
7732,8,1,3
7733,7,4,7
7734,7,4,7
7735,8,1,3
7736,6,6,4
7737,7,6,4
7738,8,6,4
7739,7,4,7
7740,7,4,7
7741,6,0,6
7742,6,1,3
7743,1,3,1
7744,6,0,6
7745,7,4,7
7746,7,4,7
7747,8,8,8
7748,8,1,3
7749,3,3,1
7750,5,2,5
7751,0,5,0
7752,1,7,2
7753,8,8,8
7754,1,3,1
7755,8,8,8
7756,6,0,6
7757,2,7,2
7758,8,1,3
7759,7,4,7
7760,2,7,2
7761,8,8,8
7762,2,7,2
7763,7,4,7
7764,2,7,2
7765,8,8,8
7766,8,1,3
7767,8,1,3
7768,8,8,8
7769,7,6,4
7770,6,0,6
7771,8,8,8
7772,8,8,8
7773,6,3,1
7774,5,2,5
7775,4,0,6
7776,8,8,8
7777,6,0,6
7778,4,0,6
7779,6,0,6
7780,7,6,4
7781,1,3,1
7782,2,7,2
7783,2,7,2
7784,2,7,2
7785,2,3,1
7786,6,6,4
7787,1,3,1
7788,8,0,6
7789,7,4,7
7790,2,7,2
7791,2,7,2
7792,8,1,3
7793,2,3,1
7794,6,0,6
7795,2,7,2
7796,6,6,4
7797,6,0,6
7798,8,8,8
7799,6,6,4
7800,0,5,0
7801,6,6,4
7802,8,1,3
7803,8,1,3
7804,8,1,3
7805,8,1,3
7806,7,4,7
7807,5,2,5
7808,2,7,2
7809,6,6,4
7810,6,0,6
7811,2,7,2
7812,6,0,6
7813,8,1,3
7814,7,4,7
7815,8,8,8
7816,7,6,4
7817,7,4,7
7818,8,1,3
7819,7,4,7
7820,8,1,3
7821,5,2,5
7822,8,3,1
7823,3,3,1
7824,8,1,3
7825,2,7,2
7826,7,4,7
7827,2,7,2
7828,7,4,7
7829,2,7,2
7830,7,4,7
7831,8,8,8
7832,5,2,5
7833,6,1,3
7834,6,1,3
7835,8,1,3
7836,2,3,1
7837,6,6,4
7838,7,4,7
7839,6,0,6
7840,7,4,7
7841,6,3,1
7842,5,2,5
7843,8,1,3
7844,8,8,8
7845,8,1,3
7846,2,7,2
7847,5,2,5
7848,8,1,3
7849,7,4,7
7850,6,6,4
7851,5,3,1
7852,7,4,7
7853,5,2,5
7854,8,1,3
7855,5,2,5
7856,6,0,6
7857,6,1,3
7858,6,0,6
7859,6,3,1
7860,2,7,2
7861,6,0,6
7862,5,2,5
7863,6,0,6
7864,4,0,6
7865,6,0,6
7866,8,8,8
7867,5,2,5
7868,2,7,2
7869,8,8,8
7870,6,6,4
7871,6,6,4
7872,5,2,5
7873,6,6,4
7874,6,0,6
7875,6,0,6
7876,2,7,2
7877,5,2,5
7878,8,1,3
7879,5,2,5
7880,5,2,5
7881,4,0,6
7882,2,3,1
7883,7,4,7
7884,8,1,3
7885,2,7,2
7886,7,4,7
7887,6,3,1
7888,7,4,7
7889,6,0,6
7890,4,0,6
7891,6,0,6
7892,2,7,2
7893,2,7,2
7894,8,8,8
7895,4,0,6
7896,7,4,7
7897,7,4,7
7898,8,8,8
7899,4,0,6
7900,8,8,8
7901,3,3,1
7902,7,4,7
7903,8,8,8
7904,2,7,2
7905,8,8,8
7906,6,0,6
7907,1,6,4
7908,7,6,4
7909,7,4,7
7910,2,7,2
7911,7,4,7
7912,8,1,3
7913,7,0,6
7914,7,4,7
7915,1,3,1
7916,6,0,6
7917,2,7,2
7918,8,1,3
7919,7,6,4
7920,8,8,8
7921,2,7,2
7922,8,8,8
7923,6,3,1
7924,2,7,2
7925,2,7,2
7926,8,1,3
7927,8,1,3
7928,7,4,7
7929,8,1,3
7930,8,8,8
7931,6,6,4
7932,6,0,6
7933,2,7,2
7934,4,0,6
7935,2,7,2
7936,8,0,6
7937,6,6,4
7938,8,8,8
7939,5,2,5
7940,7,4,7
7941,2,7,2
7942,7,4,7
7943,7,4,7
7944,8,8,8
7945,8,1,3
7946,6,4,7
7947,7,4,7
7948,6,0,6
7949,7,6,4
7950,5,3,1
7951,6,0,6
7952,7,4,7
7953,8,1,3
7954,6,6,4
7955,1,7,2
7956,7,4,7
7957,6,6,4
7958,8,8,8
7959,6,6,4
7960,8,8,8
7961,6,1,3
7962,2,7,2
7963,6,0,6
7964,2,7,2
7965,6,4,7
7966,5,2,5
7967,2,3,1
7968,8,8,8
7969,1,3,1
7970,7,4,7
7971,7,4,7
7972,2,7,2
7973,6,6,4
7974,6,0,6
7975,5,2,5
7976,0,5,0
7977,6,0,6
7978,2,7,2
7979,7,4,7
7980,4,0,6
7981,7,4,7
7982,8,8,8
7983,6,7,2
7984,7,4,7
7985,5,2,5
7986,7,4,7
7987,7,4,7
7988,5,2,5
7989,6,0,6
7990,5,2,5
7991,0,5,0
7992,1,0,6
7993,6,6,4
7994,8,0,6
7995,2,7,2
7996,6,0,6
7997,7,4,7
7998,8,8,8
7999,8,1,3
8000,6,1,3
8001,5,3,1
8002,8,1,3
8003,6,6,4
8004,7,4,7
8005,6,0,6
8006,7,4,7
8007,7,4,7
8008,8,1,3
8009,8,8,8
8010,5,2,5
8011,8,1,3
8012,8,1,3
8013,5,2,5
8014,3,3,1
8015,6,0,6
8016,8,8,8
8017,5,2,5
8018,8,1,3
8019,6,6,4
8020,2,7,2
8021,2,7,2
8022,6,6,4
8023,8,8,8
8024,6,4,7
8025,7,4,7
8026,2,7,2
8027,8,8,8
8028,2,7,2
8029,8,1,3
8030,2,7,2
8031,8,0,6
8032,7,6,4
8033,6,1,3
8034,8,8,8
8035,2,7,2
8036,8,8,8
8037,5,2,5
8038,8,1,3
8039,6,6,4
8040,5,2,5
8041,8,8,8
8042,5,2,5
8043,8,8,8
8044,2,7,2
8045,3,3,1
8046,6,0,6
8047,5,2,5
8048,6,3,1
8049,2,3,1
8050,0,5,0
8051,8,8,8
8052,6,3,1
8053,7,4,7
8054,7,4,7
8055,2,7,2
8056,6,1,3
8057,6,6,4
8058,8,8,8
8059,8,1,3
8060,6,6,4
8061,2,7,2
8062,8,1,3
8063,6,0,6
8064,6,3,1
8065,8,1,3
8066,7,4,7
8067,5,2,5
8068,2,3,1
8069,6,0,6
8070,2,3,1
8071,7,6,4
8072,8,8,8
8073,7,4,7
8074,7,4,7
8075,5,3,1
8076,6,3,1
8077,2,7,2
8078,7,4,7
8079,8,1,3
8080,8,6,4
8081,5,2,5
8082,6,6,4
8083,8,8,8
8084,6,0,6
8085,8,8,8
8086,6,6,4
8087,1,3,1
8088,6,0,6
8089,8,1,3
8090,7,4,7
8091,8,0,6
8092,8,1,3
8093,5,2,5
8094,6,0,6
8095,7,4,7
8096,7,4,7
8097,8,1,3
8098,8,3,1
8099,8,8,8
8100,0,5,0
8101,2,7,2
8102,8,8,8
8103,6,0,6
8104,1,3,1
8105,2,7,2
8106,7,4,7
8107,6,0,6
8108,8,1,3
8109,3,3,1
8110,6,3,1
8111,2,7,2
8112,1,3,1
8113,7,4,7
8114,7,4,7
8115,2,7,2
8116,6,0,6
8117,8,8,8
8118,6,3,1
8119,2,7,2
8120,8,1,3
8121,8,1,3
8122,6,6,4
8123,2,7,2
8124,5,2,5
8125,8,1,3
8126,5,2,5
8127,5,3,1
8128,6,6,4
8129,8,8,8
8130,2,7,2
8131,8,8,8
8132,7,4,7
8133,6,1,3
8134,8,8,8
8135,2,7,2
8136,5,2,5
8137,8,1,3
8138,2,7,2
8139,2,7,2
8140,1,3,1
8141,2,7,2
8142,8,1,3
8143,2,7,2
8144,2,7,2
8145,2,3,1
8146,6,0,6
8147,8,8,8
8148,5,2,5
8149,8,8,8
8150,1,3,1
8151,7,4,7
8152,8,1,3
8153,5,2,5
8154,8,1,3
8155,8,1,3
8156,6,3,1
8157,8,1,3
8158,8,8,8
8159,2,7,2
8160,8,8,8
8161,6,6,4
8162,1,3,1
8163,2,7,2
8164,7,4,7
8165,5,2,5
8166,6,1,3
8167,6,3,1
8168,8,8,8
8169,7,4,7
8170,6,0,6
8171,5,2,5
8172,5,2,5
8173,5,2,5
8174,4,6,4
8175,5,2,5
8176,5,2,5
8177,7,4,7
8178,2,7,2
8179,6,0,6
8180,2,7,2
8181,8,8,8
8182,8,1,3
8183,5,2,5
8184,1,0,6
8185,6,0,6
8186,7,6,4
8187,6,7,2
8188,8,1,3
8189,7,4,7
8190,6,0,6
8191,4,0,6
8192,7,4,7
8193,2,7,2
8194,7,4,7
8195,6,6,4
8196,8,8,8
8197,7,4,7
8198,5,2,5
8199,6,6,4
8200,5,2,5
8201,2,7,2
8202,8,1,3
8203,8,0,6
8204,5,2,5
8205,8,8,8
8206,8,8,8
8207,1,1,3
8208,2,7,2
8209,7,4,7
8210,8,8,8
8211,6,0,6
8212,8,8,8
8213,5,2,5
8214,8,8,8
8215,7,4,7
8216,6,0,6
8217,8,8,8
8218,8,8,8
8219,1,0,6
8220,8,1,3
8221,5,2,5
8222,7,4,7
8223,6,0,6
8224,6,8,8
8225,2,7,2
8226,6,0,6
8227,7,4,7
8228,8,8,8
8229,8,1,3
8230,8,1,3
8231,2,7,2
8232,6,0,6
8233,6,1,3
8234,7,4,7
8235,2,7,2
8236,8,1,3
8237,7,4,7
8238,6,3,1
8239,8,1,3
8240,3,3,1
8241,5,2,5
8242,8,1,3
8243,6,0,6
8244,6,0,6
8245,2,7,2
8246,7,4,7
8247,5,2,5
8248,6,4,7
8249,8,8,8
8250,5,3,1
8251,5,2,5
8252,8,1,3
8253,1,0,6
8254,5,2,5
8255,0,5,0
8256,8,1,3
8257,7,4,7
8258,8,1,3
8259,2,7,2
8260,5,2,5
8261,5,3,1
8262,2,7,2
8263,2,7,2
8264,1,3,1
8265,6,1,3
8266,2,7,2
8267,5,2,5
8268,5,2,5
8269,1,3,1
8270,8,8,8
8271,6,6,4
8272,8,8,8
8273,6,6,4
8274,7,4,7
8275,2,7,2
8276,6,6,4
8277,2,7,2
8278,8,8,8
8279,4,0,6
8280,7,4,7
8281,2,3,1
8282,6,0,6
8283,6,0,6
8284,5,3,1
8285,7,4,7
8286,7,4,7
8287,8,1,3
8288,1,3,1
8289,6,1,3
8290,7,4,7
8291,2,7,2
8292,6,0,6
8293,4,0,6
8294,5,2,5
8295,8,8,8
8296,1,3,1
8297,7,4,7
8298,3,3,1
8299,8,0,6
8300,8,1,3
8301,3,3,1
8302,6,6,4
8303,2,7,2
8304,8,1,3
8305,6,1,3
8306,8,8,8
8307,2,7,2
8308,8,8,8
8309,7,4,7
8310,8,1,3
8311,1,3,1
8312,5,2,5
8313,8,8,8
8314,2,7,2
8315,8,8,8
8316,7,4,7
8317,2,7,2
8318,7,4,7
8319,1,3,1
8320,2,7,2
8321,8,1,3
8322,0,5,0
8323,7,4,7
8324,8,1,3
8325,4,0,6
8326,6,1,3
8327,7,6,4
8328,2,7,2
8329,6,0,6
8330,8,8,8
8331,7,4,7
8332,8,8,8
8333,8,1,3
8334,5,2,5
8335,6,6,4
8336,8,8,8
8337,6,6,4
8338,5,3,1
8339,8,8,8
8340,8,8,8
8341,8,8,8
8342,5,2,5
8343,8,8,8
8344,8,8,8
8345,7,4,7
8346,8,8,8
8347,7,4,7
8348,8,8,8
8349,4,0,6
8350,8,1,3
8351,8,1,3
8352,7,4,7
8353,7,4,7
8354,2,7,2
8355,6,2,5
8356,5,2,5
8357,8,1,3
8358,5,2,5
8359,7,4,7
8360,5,2,5
8361,1,3,1
8362,5,2,5
8363,8,8,8
8364,8,8,8
8365,2,3,1
8366,8,0,6
8367,5,2,5
8368,2,7,2
8369,6,6,4
8370,5,3,1
8371,7,4,7
8372,6,0,6
8373,5,2,5
8374,2,7,2
8375,2,7,2
8376,8,8,8
8377,2,7,2
8378,8,1,3
8379,2,7,2
8380,2,7,2
8381,7,6,4
8382,2,7,2
8383,8,8,8
8384,2,7,2
8385,8,8,8
8386,5,2,5
8387,2,7,2
8388,5,2,5
8389,8,1,3
8390,6,3,1
8391,2,7,2
8392,8,8,8
8393,7,4,7
8394,8,8,8
8395,2,7,2
8396,6,6,4
8397,2,7,2
8398,2,7,2
8399,8,1,3
8400,7,6,4
8401,7,4,7
8402,2,7,2
8403,8,8,8
8404,6,6,4
8405,7,4,7
8406,6,6,4
8407,7,4,7
8408,6,0,6
8409,7,4,7
8410,7,4,7
8411,5,2,5
8412,8,8,8
8413,2,7,2
8414,6,7,2
8415,6,0,6
8416,6,0,6
8417,5,2,5
8418,2,7,2
8419,2,0,6
8420,2,3,1
8421,5,2,5
8422,8,8,8
8423,8,0,6
8424,8,1,3
8425,3,3,1
8426,2,7,2
8427,5,2,5
8428,5,0,6
8429,8,1,3
8430,6,6,4
8431,6,0,6
8432,7,4,7
8433,8,1,3
8434,5,2,5
8435,8,1,3
8436,7,4,7
8437,8,8,8
8438,8,8,8
8439,6,6,4
8440,8,1,3
8441,8,0,6
8442,2,7,2
8443,8,1,3
8444,7,6,4
8445,8,8,8
8446,8,0,6
8447,6,1,3
8448,8,1,3
8449,7,4,7
8450,7,6,4
8451,8,8,8
8452,6,6,4
8453,7,0,6
8454,8,8,8
8455,6,6,4
8456,7,4,7
8457,8,0,6
8458,7,4,7
8459,6,6,4
8460,6,0,6
8461,6,0,6
8462,8,1,3
8463,1,0,6
8464,8,1,3
8465,7,4,7
8466,6,0,6
8467,2,3,1
8468,8,8,8
8469,2,7,2
8470,6,0,6
8471,8,8,8
8472,7,4,7
8473,6,6,4
8474,5,2,5
8475,6,6,4
8476,8,1,3
8477,2,7,2
8478,2,7,2
8479,6,6,4
8480,8,1,3
8481,6,1,3
8482,8,8,8
8483,7,4,7
8484,7,4,7
8485,8,1,3
8486,6,0,6
8487,2,7,2
8488,2,7,2
8489,8,1,3
8490,7,4,7
8491,8,1,3
8492,7,4,7
8493,2,3,1
8494,8,8,8
8495,7,4,7
8496,6,6,4
8497,8,8,8
8498,2,3,1
8499,2,7,2
8500,6,3,1
8501,7,6,4
8502,7,4,7
8503,7,4,7
8504,7,4,7
8505,8,8,8
8506,8,1,3
8507,8,8,8
8508,7,4,7
8509,8,1,3
8510,8,1,3
8511,7,4,7
8512,6,6,4
8513,8,1,3
8514,6,0,6
8515,2,7,2
8516,0,5,0
8517,8,8,8
8518,7,4,7
8519,8,1,3
8520,5,2,5
8521,8,8,8
8522,7,4,7
8523,2,7,2
8524,1,3,1
8525,7,4,7
8526,8,1,3
8527,8,8,8
8528,7,4,7
8529,8,8,8
8530,8,8,8
8531,8,8,8
8532,8,1,3
8533,2,7,2
8534,6,7,2
8535,8,8,8
8536,6,6,4
8537,8,1,3
8538,6,0,6
8539,5,2,5
8540,7,4,7
8541,1,0,6
8542,8,8,8
8543,6,3,1
8544,6,3,1
8545,5,2,5
8546,2,0,6
8547,6,6,4
8548,8,3,1
8549,5,2,5
8550,8,1,3
8551,2,7,2
8552,2,7,2
8553,6,0,6
8554,8,8,8
8555,2,7,2
8556,2,7,2
8557,8,8,8
8558,7,4,7
8559,8,1,3
8560,2,7,2
8561,6,6,4
8562,6,6,4
8563,8,1,3
8564,8,8,8
8565,2,3,1
8566,6,1,3
8567,8,1,3
8568,7,4,7
8569,6,4,7
8570,7,4,7
8571,2,3,1
8572,2,7,2
8573,7,4,7
8574,7,4,7
8575,2,7,2
8576,8,1,3
8577,8,8,8
8578,4,0,6
8579,6,3,1
8580,8,8,8
8581,7,4,7
8582,5,2,5
8583,8,1,3
8584,8,8,8
8585,7,4,7
8586,7,4,7
8587,5,3,1
8588,7,4,7
8589,2,7,2
8590,5,2,5
8591,6,0,6
8592,2,7,2
8593,7,4,7
8594,6,0,6
8595,7,4,7
8596,2,7,2
8597,7,4,7
8598,8,1,3
8599,6,1,3
8600,2,3,1
8601,6,6,4
8602,7,4,7
8603,7,4,7
8604,8,1,3
8605,8,8,8
8606,7,4,7
8607,5,2,5
8608,3,3,1
8609,8,8,8
8610,5,2,5
8611,6,6,4
8612,2,7,2
8613,2,7,2
8614,8,1,3
8615,8,1,3
8616,8,1,3
8617,7,6,4
8618,7,4,7
8619,1,0,6
8620,6,3,1
8621,5,2,5
8622,6,0,6
8623,2,7,2
8624,5,2,5
8625,6,6,4
8626,2,3,1
8627,6,6,4
8628,6,0,6
8629,8,8,8
8630,8,8,8
8631,5,2,5
8632,5,2,5
8633,8,8,8
8634,8,1,3
8635,7,4,7
8636,5,2,5
8637,6,4,7
8638,7,4,7
8639,8,8,8
8640,6,6,4
8641,8,8,8
8642,7,4,7
8643,6,6,4
8644,8,1,3
8645,5,2,5
8646,6,6,4
8647,5,2,5
8648,8,8,8
8649,8,1,3
8650,7,4,7
8651,8,1,3
8652,8,8,8
8653,8,1,3
8654,5,2,5
8655,8,1,3
8656,8,1,3
8657,8,1,3
8658,1,3,1
8659,6,3,1
8660,2,7,2
8661,5,2,5
8662,8,8,8
8663,6,0,6
8664,5,2,5
8665,8,6,4
8666,8,1,3
8667,8,8,8
8668,7,4,7
8669,2,3,1
8670,8,1,3
8671,2,7,2
8672,6,0,6
8673,8,1,3
8674,7,4,7
8675,6,0,6
8676,8,1,3
8677,2,7,2
8678,8,8,8
8679,5,2,5
8680,2,7,2
8681,8,1,3
8682,8,1,3
8683,7,4,7
8684,7,4,7
8685,6,1,3
8686,5,2,5
8687,5,2,5
8688,7,4,7
8689,8,8,8
8690,7,4,7
8691,7,4,7
8692,6,0,6
8693,7,6,4
8694,5,3,1
8695,8,8,8
8696,8,1,3
8697,2,7,2
8698,8,1,3
8699,5,2,5
8700,6,6,4
8701,8,8,8
8702,6,0,6
8703,6,3,1
8704,8,8,8
8705,7,4,7
8706,6,0,6
8707,8,1,3
8708,1,3,1
8709,8,8,8
8710,2,7,2
8711,7,4,7
8712,1,3,1
8713,6,6,4
8714,6,6,4
8715,2,7,2
8716,7,4,7
8717,1,3,1
8718,7,4,7
8719,6,0,6
8720,7,4,7
8721,7,4,7
8722,8,8,8
8723,7,4,7
8724,6,7,2
8725,2,7,2
8726,7,4,7
8727,1,6,4
8728,8,8,8
8729,6,0,6
8730,7,4,7
8731,2,7,2
8732,2,7,2
8733,5,2,5
8734,2,7,2
8735,6,6,4
8736,2,7,2
8737,8,1,3
8738,5,2,5
8739,2,3,1
8740,6,0,6
8741,3,3,1
8742,1,3,1
8743,8,8,8
8744,2,7,2
8745,8,8,8
8746,7,4,7
8747,7,4,7
8748,0,5,0
8749,4,0,6
8750,2,7,2
8751,8,1,3
8752,2,7,2
8753,6,6,4
8754,5,2,5
8755,2,7,2
8756,2,3,1
8757,6,3,1
8758,8,1,3
8759,2,7,2
8760,8,8,8
8761,6,0,6
8762,7,6,4
8763,6,6,4
8764,7,4,7
8765,6,6,4
8766,7,4,7
8767,5,2,5
8768,6,3,1
8769,6,0,6
8770,8,1,3
8771,7,4,7
8772,7,4,7
8773,8,8,8
8774,7,4,7
8775,7,4,7
8776,7,4,7
8777,6,7,2
8778,6,1,3
8779,7,4,7
8780,2,7,2
8781,2,7,2
8782,7,4,7
8783,6,6,4
8784,5,2,5
8785,7,4,7
8786,2,7,2
8787,8,1,3
8788,2,7,2
8789,6,6,4
8790,7,4,7
8791,4,0,6
8792,6,8,8
8793,2,7,2
8794,8,8,8
8795,7,4,7
8796,5,7,2
8797,6,0,6
8798,8,8,8
8799,8,1,3
8800,5,2,5
8801,2,7,2
8802,7,6,4
8803,2,7,2
8804,8,1,3
8805,8,1,3
8806,7,4,7
8807,8,8,8
8808,2,7,2
8809,6,0,6
8810,2,7,2
8811,5,2,5
8812,1,3,1
8813,8,3,1
8814,8,8,8
8815,7,4,7
8816,8,1,3
8817,8,1,3
8818,8,8,8
8819,7,4,7
8820,5,2,5
8821,5,2,5
8822,6,1,3
8823,7,4,7
8824,8,8,8
8825,2,7,2
8826,8,8,8
8827,7,4,7
8828,5,3,1
8829,5,3,1
8830,8,1,3
8831,8,8,8
8832,7,4,7
8833,8,8,8
8834,8,1,3
8835,6,0,6
8836,7,4,7
8837,6,6,4
8838,6,6,4
8839,2,7,2
8840,2,3,1
8841,8,1,3
8842,5,2,5
8843,5,2,5
8844,5,2,5
8845,2,0,6
8846,1,3,1
8847,6,0,6
8848,6,8,8
8849,8,1,3
8850,5,2,5
8851,8,8,8
8852,6,6,4
8853,6,6,4
8854,8,1,3
8855,8,1,3
8856,7,4,7
8857,2,7,2
8858,8,8,8
8859,5,2,5
8860,8,8,8
8861,5,2,5
8862,8,8,8
8863,4,0,6
8864,5,2,5
8865,5,2,5
8866,7,0,6
8867,1,3,1
8868,2,7,2
8869,7,6,4
8870,2,7,2
8871,8,8,8
8872,6,6,4
8873,5,3,1
8874,2,3,1
8875,6,6,4
8876,7,4,7
8877,7,4,7
8878,8,0,6
8879,7,4,7
8880,6,6,4
8881,6,3,1
8882,4,0,6
8883,7,4,7
8884,7,4,7
8885,8,8,8
8886,8,8,8
8887,7,4,7
8888,6,6,4
8889,2,7,2
8890,6,6,4
8891,7,4,7
8892,2,7,2
8893,2,7,2
8894,2,7,2
8895,8,1,3
8896,6,6,4
8897,8,8,8
8898,6,6,4
8899,8,8,8
8900,4,0,6
8901,5,2,5
8902,6,0,6
8903,8,8,8
8904,2,3,1
8905,8,1,3
8906,6,0,6
8907,7,6,4
8908,6,6,4
8909,7,4,7
8910,7,0,6
8911,8,8,8
8912,6,6,4
8913,8,1,3
8914,2,7,2
8915,5,2,5
8916,5,2,5
8917,8,1,3
8918,7,4,7
8919,8,8,8
8920,7,1,3
8921,7,4,7
8922,6,0,6
8923,8,8,8
8924,6,6,4
8925,6,1,3
8926,2,7,2
8927,8,8,8
8928,4,0,6
8929,8,8,8
8930,4,0,6
8931,8,8,8
8932,2,7,2
8933,7,4,7
8934,5,2,5
8935,7,4,7
8936,6,6,4
8937,8,1,3
8938,7,4,7
8939,6,0,6
8940,3,3,1
8941,8,1,3
8942,6,0,6
8943,7,4,7
8944,8,0,6
8945,8,8,8
8946,7,4,7
8947,8,8,8
8948,8,8,8
8949,5,2,5
8950,8,1,3
8951,7,4,7
8952,7,4,7
8953,6,0,6
8954,8,1,3
8955,8,1,3
8956,8,8,8
8957,2,7,2
8958,2,7,2
8959,8,8,8
8960,5,2,5
8961,6,4,7
8962,6,1,3
8963,6,0,6
8964,6,6,4
8965,2,7,2
8966,6,4,7
8967,7,4,7
8968,8,1,3
8969,5,2,5
8970,8,1,3
8971,8,8,8
8972,6,0,6
8973,2,3,1
8974,2,7,2
8975,7,4,7
8976,6,3,1
8977,6,6,4
8978,8,1,3
8979,6,4,7
8980,5,2,5
8981,2,7,2
8982,2,7,2
8983,7,4,7
8984,1,0,6
8985,6,0,6
8986,1,3,1
8987,6,6,4
8988,8,1,3
8989,7,4,7
8990,8,1,3
8991,7,4,7
8992,5,3,1
8993,2,7,2
8994,4,0,6
8995,6,6,4
8996,8,1,3
8997,2,7,2
8998,7,4,7
8999,6,1,3
9000,8,1,3
9001,8,8,8
9002,2,3,1
9003,2,7,2
9004,8,8,8
9005,8,1,3
9006,8,1,3
9007,2,7,2
9008,8,1,3
9009,5,2,5
9010,8,1,3
9011,1,3,1
9012,5,2,5
9013,8,8,8
9014,5,2,5
9015,3,3,1
9016,8,0,6
9017,7,4,7
9018,7,6,4
9019,8,1,3
9020,7,4,7
9021,8,1,3
9022,6,6,4
9023,6,0,6
9024,1,3,1
9025,8,8,8
9026,1,3,1
9027,0,5,0
9028,8,1,3
9029,2,7,2
9030,7,4,7
9031,2,3,1
9032,8,8,8
9033,8,1,3
9034,6,4,7
9035,7,4,7
9036,1,3,1
9037,5,2,5
9038,2,7,2
9039,8,1,3
9040,2,7,2
9041,7,4,7
9042,8,8,8
9043,6,0,6
9044,2,7,2
9045,6,6,4
9046,5,2,5
9047,6,0,6
9048,6,8,8
9049,5,2,5
9050,7,4,7
9051,6,0,6
9052,7,4,7
9053,5,2,5
9054,6,1,3
9055,8,1,3
9056,6,4,7
9057,7,4,7
9058,7,4,7
9059,6,6,4
9060,6,6,4
9061,6,0,6
9062,5,2,5
9063,2,7,2
9064,8,8,8
9065,7,4,7
9066,5,2,5
9067,3,3,1
9068,7,6,4
9069,2,7,2
9070,7,6,4
9071,6,1,3
9072,6,0,6
9073,7,4,7
9074,2,7,2
9075,8,8,8
9076,5,2,5
9077,2,7,2
9078,8,1,3
9079,8,1,3
9080,8,8,8
9081,1,3,1
9082,2,7,2
9083,2,7,2
9084,5,2,5
9085,5,3,1
9086,6,1,3
9087,2,7,2
9088,7,6,4
9089,8,8,8
9090,7,4,7
9091,7,4,7
9092,7,4,7
9093,2,7,2
9094,5,2,5
9095,8,8,8
9096,8,1,3
9097,2,7,2
9098,5,2,5
9099,7,6,4
9100,6,0,6
9101,7,4,7
9102,8,8,8
9103,2,7,2
9104,8,0,6
9105,8,1,3
9106,7,4,7
9107,8,8,8
9108,7,4,7
9109,6,6,4
9110,2,7,2
9111,8,1,3
9112,8,1,3
9113,7,4,7
9114,8,8,8
9115,8,1,3
9116,8,8,8
9117,5,2,5
9118,5,2,5
9119,8,8,8
9120,2,3,1
9121,2,0,6
9122,8,8,8
9123,7,4,7
9124,8,1,3
9125,8,8,8
9126,2,7,2
9127,2,7,2
9128,2,7,2
9129,8,1,3
9130,8,1,3
9131,7,4,7
9132,6,0,6
9133,6,0,6
9134,8,3,1
9135,7,6,4
9136,8,1,3
9137,3,3,1
9138,7,4,7
9139,7,4,7
9140,8,8,8
9141,5,2,5
9142,7,4,7
9143,6,6,4
9144,2,7,2
9145,3,3,1
9146,7,4,7
9147,5,2,5
9148,5,2,5
9149,6,6,4
9150,5,2,5
9151,8,1,3
9152,8,1,3
9153,5,2,5
9154,7,4,7
9155,8,1,3
9156,7,4,7
9157,7,4,7
9158,1,3,1
9159,6,0,6
9160,7,4,7
9161,1,3,1
9162,6,6,4
9163,6,1,3
9164,2,7,2
9165,2,7,2
9166,7,4,7
9167,7,6,4
9168,8,8,8
9169,1,1,3
9170,7,4,7
9171,6,1,3
9172,8,1,3
9173,8,8,8
9174,7,4,7
9175,2,7,2
9176,6,4,7
9177,5,2,5
9178,8,8,8
9179,7,6,4
9180,5,2,5
9181,8,1,3
9182,8,8,8
9183,8,8,8
9184,6,6,4
9185,7,6,4
9186,5,2,5
9187,6,4,7
9188,8,1,3
9189,7,4,7
9190,8,8,8
9191,2,7,2
9192,2,7,2
9193,8,8,8
9194,7,4,7
9195,8,8,8
9196,5,2,5
9197,8,8,8
9198,1,3,1
9199,6,0,6
9200,2,3,1
9201,8,0,6
9202,5,2,5
9203,1,3,1
9204,7,4,7
9205,8,8,8
9206,8,1,3
9207,7,4,7
9208,5,2,5
9209,6,0,6
9210,6,0,6
9211,4,0,6
9212,5,2,5
9213,7,4,7
9214,8,8,8
9215,1,3,1
9216,2,3,1
9217,8,1,3
9218,6,6,4
9219,2,7,2
9220,2,7,2
9221,7,4,7
9222,2,7,2
9223,7,4,7
9224,8,8,8
9225,8,8,8
9226,6,1,3
9227,8,1,3
9228,3,3,1
9229,7,4,7
9230,7,4,7
9231,8,8,8
9232,6,6,4
9233,2,7,2
9234,8,1,3
9235,7,4,7
9236,6,0,6
9237,6,6,4
9238,1,3,1
9239,6,6,4
9240,7,4,7
9241,6,0,6
9242,5,2,5
9243,8,8,8
9244,2,7,2
9245,2,7,2
9246,8,1,3
9247,2,7,2
9248,8,1,3
9249,8,8,8
9250,2,7,2
9251,1,0,6
9252,6,0,6
9253,7,4,7
9254,2,3,1
9255,2,7,2
9256,5,0,6
9257,6,6,4
9258,2,7,2
9259,8,8,8
9260,2,7,2
9261,7,4,7
9262,6,0,6
9263,8,0,6
9264,2,7,2
9265,2,7,2
9266,7,4,7
9267,6,6,4
9268,8,8,8
9269,0,5,0
9270,6,3,1
9271,5,2,5
9272,5,2,5
9273,7,4,7
9274,2,7,2
9275,8,0,6
9276,8,1,3
9277,6,6,4
9278,2,7,2
9279,4,0,6
9280,5,2,5
9281,7,4,7
9282,7,4,7
9283,7,6,4
9284,6,6,4
9285,7,4,7
9286,8,8,8
9287,8,8,8
9288,5,2,5
9289,6,1,3
9290,6,0,6
9291,5,2,5
9292,7,4,7
9293,7,6,4
9294,8,8,8
9295,8,8,8
9296,8,1,3
9297,2,7,2
9298,6,6,4
9299,2,7,2
9300,8,8,8
9301,8,1,3
9302,5,7,2
9303,5,2,5
9304,7,4,7
9305,2,7,2
9306,1,0,6
9307,2,1,3
9308,6,6,4
9309,2,7,2
9310,2,7,2
9311,6,6,4
9312,6,6,4
9313,2,7,2
9314,2,7,2
9315,2,7,2
9316,0,5,0
9317,7,4,7
9318,8,1,3
9319,8,8,8
9320,7,4,7
9321,6,1,3
9322,1,3,1
9323,6,6,4
9324,2,7,2
9325,2,7,2
9326,7,4,7
9327,8,1,3
9328,2,7,2
9329,8,1,3
9330,2,3,1
9331,8,1,3
9332,8,1,3
9333,8,8,8
9334,7,4,7
9335,6,6,4
9336,1,0,6
9337,8,8,8
9338,7,4,7
9339,6,6,4
9340,5,2,5
9341,6,0,6
9342,6,6,4
9343,8,8,8
9344,7,4,7
9345,7,4,7
9346,8,1,3
9347,7,4,7
9348,8,1,3
9349,7,4,7
9350,2,3,1
9351,2,7,2
9352,2,7,2
9353,8,8,8
9354,7,4,7
9355,2,7,2
9356,6,0,6
9357,7,4,7
9358,7,4,7
9359,2,7,2
9360,6,0,6
9361,6,6,4
9362,1,3,1
9363,8,1,3
9364,6,3,1
9365,7,4,7
9366,5,2,5
9367,7,4,7
9368,7,4,7
9369,7,4,7
9370,8,1,3
9371,6,6,4
9372,5,7,2
9373,8,1,3
9374,6,1,3
9375,8,1,3
9376,7,4,7
9377,8,1,3
9378,6,4,7
9379,8,1,3
9380,7,4,7
9381,4,0,6
9382,8,8,8
9383,5,2,5
9384,4,0,6
9385,8,1,3
9386,8,1,3
9387,5,2,5
9388,5,2,5
9389,5,2,5
9390,7,4,7
9391,7,4,7
9392,7,4,7
9393,8,1,3
9394,6,1,3
9395,8,8,8
9396,8,1,3
9397,8,8,8
9398,7,4,7
9399,7,4,7
9400,6,6,4
9401,7,4,7
9402,2,7,2
9403,4,0,6
9404,7,4,7
9405,2,7,2
9406,2,3,1
9407,2,3,1
9408,6,0,6
9409,7,4,7
9410,8,1,3
9411,8,1,3
9412,6,3,1
9413,5,2,5
9414,3,3,1
9415,2,7,2
9416,8,8,8
9417,5,3,1
9418,5,2,5
9419,8,8,8
9420,6,6,4
9421,8,8,8
9422,8,8,8
9423,8,1,3
9424,8,8,8
9425,8,8,8
9426,6,0,6
9427,6,6,4
9428,2,3,1
9429,8,1,3
9430,7,6,4
9431,8,1,3
9432,8,1,3
9433,8,1,3
9434,8,8,8
9435,6,6,4
9436,8,8,8
9437,2,7,2
9438,0,5,0
9439,8,1,3
9440,8,1,3
9441,8,1,3
9442,6,4,7
9443,5,2,5
9444,7,4,7
9445,7,4,7
9446,8,8,8
9447,8,8,8
9448,8,1,3
9449,6,1,3
9450,8,1,3
9451,5,2,5
9452,8,8,8
9453,8,1,3
9454,2,7,2
9455,6,6,4
9456,4,0,6
9457,8,8,8
9458,8,1,3
9459,2,7,2
9460,2,7,2
9461,7,4,7
9462,7,4,7
9463,5,2,5
9464,5,2,5
9465,8,1,3
9466,2,7,2
9467,1,0,6
9468,7,6,4
9469,5,2,5
9470,8,1,3
9471,7,6,4
9472,6,0,6
9473,6,1,3
9474,6,6,4
9475,5,2,5
9476,8,8,8
9477,1,3,1
9478,3,3,1
9479,7,4,7
9480,2,7,2
9481,6,3,1
9482,5,2,5
9483,8,1,3
9484,6,0,6
9485,6,0,6
9486,6,0,6
9487,8,1,3
9488,1,0,6
9489,8,8,8
9490,5,2,5
9491,8,8,8
9492,8,1,3
9493,7,4,7
9494,2,3,1
9495,6,0,6
9496,7,4,7
9497,7,4,7
9498,6,0,6
9499,7,4,7
9500,7,6,4
9501,8,8,8
9502,2,7,2
9503,7,6,4
9504,2,3,1
9505,5,2,5
9506,6,1,3
9507,2,7,2
9508,7,4,7
9509,6,0,6
9510,7,4,7
9511,2,3,1
9512,1,3,1
9513,7,4,7
9514,6,1,3
9515,8,8,8
9516,6,3,1
9517,5,3,1
9518,6,1,3
9519,1,3,1
9520,0,5,0
9521,6,6,4
9522,7,4,7
9523,7,4,7
9524,6,6,4
9525,1,3,1
9526,2,7,2
9527,7,4,7
9528,5,2,5
9529,6,4,7
9530,2,7,2
9531,5,2,5
9532,2,7,2
9533,8,8,8
9534,8,8,8
9535,6,1,3
9536,5,2,5
9537,8,1,3
9538,6,6,4
9539,1,0,6
9540,7,4,7
9541,6,6,4
9542,6,0,6
9543,7,4,7
9544,7,4,7
9545,8,1,3
9546,8,8,8
9547,5,2,5
9548,7,4,7
9549,7,6,4
9550,6,6,4
9551,6,6,4
9552,7,4,7
9553,7,4,7
9554,6,6,4
9555,6,0,6
9556,7,4,7
9557,2,7,2
9558,8,1,3
9559,2,7,2
9560,2,7,2
9561,7,4,7
9562,4,6,4
9563,7,4,7
9564,7,4,7
9565,2,7,2
9566,2,7,2
9567,6,6,4
9568,8,8,8
9569,7,4,7
9570,6,0,6
9571,6,3,1
9572,5,2,5
9573,7,6,4
9574,2,3,1
9575,1,3,1
9576,6,6,4
9577,5,0,6
9578,8,8,8
9579,6,3,1
9580,2,7,2
9581,6,6,4
9582,8,8,8
9583,4,6,4
9584,2,7,2
9585,2,7,2
9586,7,4,7
9587,8,0,6
9588,8,8,8
9589,2,7,2
9590,5,2,5
9591,5,2,5
9592,5,3,1
9593,7,6,4
9594,8,8,8
9595,7,4,7
9596,8,1,3
9597,5,3,1
9598,7,4,7
9599,7,4,7
9600,6,6,4
9601,0,5,0
9602,2,7,2
9603,6,1,3
9604,8,1,3
9605,2,7,2
9606,8,1,3
9607,7,4,7
9608,6,7,2
9609,7,4,7
9610,6,6,4
9611,8,1,3
9612,8,1,3
9613,8,1,3
9614,1,6,4
9615,2,7,2
9616,6,0,6
9617,8,8,8
9618,8,1,3
9619,7,4,7
9620,8,8,8
9621,5,3,1
9622,6,0,6
9623,2,7,2
9624,6,6,4
9625,8,8,8
9626,6,6,4
9627,5,3,1
9628,8,1,3
9629,2,7,2
9630,8,1,3
9631,7,4,7
9632,5,2,5
9633,8,1,3
9634,6,0,6
9635,1,3,1
9636,1,3,1
9637,2,7,2
9638,5,2,5
9639,7,4,7
9640,8,8,8
9641,2,7,2
9642,6,6,4
9643,2,7,2
9644,6,0,6
9645,7,1,3
9646,2,7,2
9647,8,8,8
9648,6,0,6
9649,8,8,8
9650,8,8,8
9651,6,1,3
9652,8,8,8
9653,8,8,8
9654,8,1,3
9655,2,7,2
9656,5,2,5
9657,7,4,7
9658,6,6,4
9659,8,1,3
9660,6,6,4
9661,8,1,3
9662,7,0,6
9663,8,0,6
9664,6,1,3
9665,6,0,6
9666,8,8,8
9667,8,1,3
9668,7,4,7
9669,5,2,5
9670,8,8,8
9671,7,4,7
9672,5,3,1
9673,8,8,8
9674,5,2,5
9675,6,6,4
9676,1,3,1
9677,6,0,6
9678,5,3,1
9679,7,4,7
9680,7,0,6
9681,8,8,8
9682,5,2,5
9683,2,3,1
9684,3,3,1
9685,4,0,6
9686,7,4,7
9687,1,3,1
9688,8,8,8
9689,7,4,7
9690,5,2,5
9691,7,6,4
9692,2,7,2
9693,6,0,6
9694,2,7,2
9695,2,7,2
9696,8,8,8
9697,4,6,4
9698,5,2,5
9699,7,6,4
9700,7,4,7
9701,6,6,4
9702,7,4,7
9703,6,0,6
9704,7,4,7
9705,5,3,1
9706,6,0,6
9707,6,0,6
9708,5,2,5
9709,5,3,1
9710,7,4,7
9711,8,1,3
9712,8,8,8
9713,6,4,7
9714,7,4,7
9715,8,8,8
9716,7,4,7
9717,5,2,5
9718,2,7,2
9719,7,4,7
9720,2,7,2
9721,7,4,7
9722,5,2,5
9723,6,0,6
9724,7,4,7
9725,6,4,7
9726,6,4,7
9727,8,1,3
9728,2,7,2
9729,6,6,4
9730,2,7,2
9731,6,6,4
9732,6,1,3
9733,6,1,3
9734,7,6,4
9735,7,4,7
9736,2,7,2
9737,2,3,1
9738,6,3,1
9739,4,0,6
9740,8,1,3
9741,6,6,4
9742,7,4,7
9743,6,0,6
9744,1,0,6
9745,4,0,6
9746,2,3,1
9747,2,7,2
9748,7,4,7
9749,6,3,1
9750,7,4,7
9751,5,2,5
9752,5,2,5
9753,6,3,1
9754,2,7,2
9755,7,4,7
9756,7,4,7
9757,7,4,7
9758,2,3,1
9759,8,1,3
9760,2,7,2
9761,5,2,5
9762,7,4,7
9763,7,4,7
9764,8,1,3
9765,2,7,2
9766,8,1,3
9767,6,3,1
9768,8,0,6
9769,8,8,8
9770,2,3,1
9771,8,1,3
9772,5,2,5
9773,7,4,7
9774,8,8,8
9775,6,0,6
9776,2,7,2
9777,8,8,8
9778,7,4,7
9779,7,6,4
9780,8,8,8
9781,2,7,2
9782,6,1,3
9783,8,1,3
9784,8,1,3
9785,6,3,1
9786,7,4,7
9787,7,6,4
9788,7,4,7
9789,2,7,2
9790,8,8,8
9791,2,7,2
9792,7,4,7
9793,8,8,8
9794,6,1,3
9795,5,2,5
9796,6,1,3
9797,6,0,6
9798,4,0,6
9799,6,0,6
9800,6,0,6
9801,7,6,4
9802,6,6,4
9803,4,0,6
9804,6,6,4
9805,8,1,3
9806,5,3,1
9807,7,4,7
9808,7,4,7
9809,5,2,5
9810,8,0,6
9811,7,4,7
9812,7,3,1
9813,8,8,8
9814,8,1,3
9815,6,0,6
9816,8,8,8
9817,2,7,2
9818,6,6,4
9819,6,0,6
9820,2,7,2
9821,2,7,2
9822,6,0,6
9823,8,1,3
9824,5,2,5
9825,5,0,6
9826,6,6,4
9827,8,8,8
9828,1,3,1
9829,8,1,3
9830,8,8,8
9831,6,0,6
9832,2,7,2
9833,2,7,2
9834,6,6,4
9835,6,6,4
9836,6,6,4
9837,5,3,1
9838,5,2,5
9839,2,7,2
9840,6,0,6
9841,8,8,8
9842,2,7,2
9843,5,2,5
9844,6,6,4
9845,5,2,5
9846,7,4,7
9847,7,4,7
9848,8,1,3
9849,7,4,7
9850,2,7,2
9851,8,8,8
9852,6,1,3
9853,6,0,6
9854,1,3,1
9855,7,4,7
9856,8,8,8
9857,2,7,2
9858,5,2,5
9859,8,1,3
9860,2,7,2
9861,7,6,4
9862,6,0,6
9863,1,3,1
9864,8,8,8
9865,8,1,3
9866,5,2,5
9867,6,4,7
9868,6,6,4
9869,6,0,6
9870,2,3,1
9871,8,1,3
9872,5,2,5
9873,2,3,1
9874,7,4,7
9875,8,8,8
9876,6,0,6
9877,2,7,2
9878,2,7,2
9879,8,8,8
9880,8,8,8
9881,6,4,7
9882,4,0,6
9883,6,0,6
9884,2,7,2
9885,6,0,6
9886,8,1,3
9887,7,4,7
9888,6,1,3
9889,6,6,4
9890,8,1,3
9891,8,1,3
9892,8,8,8
9893,2,7,2
9894,6,0,6
9895,8,8,8
9896,6,0,6
9897,2,7,2
9898,7,4,7
9899,7,4,7
9900,7,4,7
9901,7,4,7
9902,6,0,6
9903,5,3,1
9904,7,4,7
9905,8,8,8
9906,8,1,3
9907,6,6,4
9908,5,3,1
9909,8,1,3
9910,5,2,5
9911,8,8,8
9912,7,4,7
9913,8,0,6
9914,8,1,3
9915,7,4,7
9916,6,0,6
9917,6,0,6
9918,6,0,6
9919,8,8,8
9920,7,6,4
9921,8,8,8
9922,8,1,3
9923,8,8,8
9924,6,6,4
9925,5,2,5
9926,8,0,6
9927,8,8,8
9928,7,4,7
9929,8,8,8
9930,6,0,6
9931,6,0,6
9932,6,1,3
9933,8,8,8
9934,7,4,7
9935,5,2,5
9936,7,4,7
9937,8,8,8
9938,2,7,2
9939,5,2,5
9940,6,0,6
9941,6,6,4
9942,1,3,1
9943,6,3,1
9944,6,6,4
9945,7,4,7
9946,5,2,5
9947,5,2,5
9948,8,1,3
9949,6,6,4
9950,8,1,3
9951,6,6,4
9952,2,7,2
9953,6,4,7
9954,2,7,2
9955,6,3,1
9956,4,0,6
9957,8,1,3
9958,8,8,8
9959,6,6,4
9960,2,3,1
9961,6,0,6
9962,8,8,8
9963,2,7,2
9964,8,0,6
9965,7,4,7
9966,2,7,2
9967,6,6,4
9968,2,7,2
9969,3,3,1
9970,2,7,2
9971,7,4,7
9972,7,4,7
9973,2,7,2
9974,6,1,3
9975,2,3,1
9976,8,8,8
9977,7,4,7
9978,2,7,2
9979,2,7,2
9980,6,0,6
9981,4,0,6
9982,2,7,2
9983,8,1,3
9984,7,4,7
9985,5,2,5
9986,2,7,2
9987,3,3,1
9988,2,7,2
9989,6,6,4
9990,8,8,8
9991,6,6,4
9992,2,7,2
9993,8,6,4
9994,8,1,3
9995,7,4,7
9996,8,8,8
9997,6,6,4
9998,1,3,1
9999,1,7,2
10000,6,4,7
10001,2,7,2
10002,2,7,2
10003,6,0,6
10004,6,3,1
10005,6,0,6
10006,8,8,8
10007,7,4,7
10008,7,4,7
10009,5,2,5
10010,6,1,3
10011,8,8,8
10012,7,4,7
10013,8,8,8
10014,6,4,7
10015,7,4,7
10016,8,1,3
10017,8,8,8
10018,7,4,7
10019,1,0,6
10020,2,7,2
10021,8,1,3
10022,2,3,1
10023,6,0,6
10024,8,8,8
10025,6,1,3
10026,7,4,7
10027,8,1,3
10028,5,2,5
10029,2,7,2
10030,2,7,2
10031,2,7,2
10032,0,5,0
10033,8,8,8
10034,4,0,6
10035,7,4,7
10036,2,7,2
10037,7,6,4
10038,8,8,8
10039,8,1,3
10040,6,6,4
10041,8,1,3
10042,2,7,2
10043,7,4,7
10044,8,8,8
10045,7,4,7
10046,5,3,1
10047,6,1,3
10048,2,7,2
10049,6,6,4
10050,6,1,3
10051,5,2,5
10052,6,0,6
10053,2,7,2
10054,7,6,4
10055,6,0,6
10056,2,3,1
10057,5,3,1
10058,6,6,4
10059,8,8,8
10060,7,4,7
10061,8,8,8
10062,6,0,6
10063,5,2,5
10064,6,0,6
10065,8,0,6
10066,5,2,5
10067,8,8,8
10068,6,0,6
10069,7,4,7
10070,8,1,3
10071,2,7,2
10072,2,7,2
10073,6,3,1
10074,4,0,6
10075,2,7,2
10076,8,1,3
10077,8,1,3
10078,4,0,6
10079,6,6,4
10080,5,3,1
10081,6,1,3
10082,5,2,5
10083,5,2,5
10084,7,4,7
10085,6,0,6
10086,6,6,4
10087,7,4,7
10088,2,7,2
10089,2,7,2
10090,8,1,3
10091,8,1,3
10092,2,7,2
10093,7,6,4
10094,6,0,6
10095,7,4,7
10096,1,3,1
10097,8,8,8
10098,7,4,7
10099,4,0,6
10100,8,1,3
10101,6,0,6
10102,5,2,5
10103,6,1,3
10104,8,1,3
10105,6,6,4
10106,8,1,3
10107,7,4,7
10108,8,1,3
10109,7,4,7
10110,2,7,2
10111,7,4,7
10112,8,1,3
10113,8,1,3
10114,1,3,1
10115,2,7,2
10116,2,7,2
10117,2,7,2
10118,2,7,2
10119,8,1,3
10120,8,8,8
10121,8,8,8
10122,0,5,0
10123,2,7,2
10124,2,7,2
10125,1,3,1
10126,6,3,1
10127,7,4,7
10128,7,4,7
10129,7,4,7
10130,7,4,7
10131,6,3,1
10132,5,2,5
10133,8,8,8
10134,8,8,8
10135,8,1,3
10136,8,8,8
10137,8,1,3
10138,8,8,8
10139,6,0,6
10140,8,1,3
10141,6,6,4
10142,8,1,3
10143,6,1,3
10144,8,1,3
10145,7,4,7
10146,1,0,6
10147,2,3,1
10148,2,7,2
10149,8,8,8
10150,5,2,5
10151,6,0,6
10152,5,3,1
10153,6,3,1
10154,6,6,4
10155,6,6,4
10156,6,0,6
10157,6,0,6
10158,1,3,1
10159,2,3,1
10160,8,8,8
10161,2,7,2
10162,8,8,8
10163,6,6,4
10164,7,4,7
10165,8,8,8
10166,8,1,3
10167,2,3,1
10168,2,7,2
10169,2,7,2
10170,8,1,3
10171,7,4,7
10172,7,4,7
10173,2,7,2
10174,6,0,6
10175,2,7,2
10176,2,7,2
10177,8,1,3
10178,1,3,1
10179,8,1,3
10180,6,0,6
10181,6,0,6
10182,8,8,8
10183,7,4,7
10184,6,0,6
10185,7,4,7
10186,6,6,4
10187,7,4,7
10188,7,4,7
10189,2,7,2
10190,7,6,4
10191,5,3,1
10192,6,0,6
10193,6,6,4
10194,2,7,2
10195,3,3,1
10196,8,1,3
10197,7,4,7
10198,8,1,3
10199,5,2,5
10200,2,7,2
10201,5,2,5
10202,6,6,4
10203,8,1,3
10204,6,0,6
10205,1,0,6
10206,8,1,3
10207,6,0,6
10208,6,6,4
10209,2,7,2
10210,7,4,7
10211,5,2,5
10212,7,4,7
10213,5,2,5
10214,8,8,8
10215,1,3,1
10216,8,1,3
10217,8,8,8
10218,6,6,4
10219,2,7,2
10220,8,0,6
10221,8,8,8
10222,2,3,1
10223,8,1,3
10224,5,2,5
10225,6,6,4
10226,1,3,1
10227,2,7,2
10228,6,6,4
10229,8,1,3
10230,7,4,7
10231,6,0,6
10232,6,0,6
10233,6,0,6
10234,5,2,5
10235,8,0,6
10236,8,1,3
10237,8,1,3
10238,6,6,4
10239,6,6,4
10240,5,2,5
10241,6,0,6
10242,8,1,3
10243,6,6,4
10244,5,0,6
10245,8,1,3
10246,5,2,5
10247,6,0,6
10248,8,1,3
10249,8,8,8
10250,8,1,3
10251,8,8,8
10252,5,2,5
10253,8,8,8
10254,5,2,5
10255,5,2,5
10256,7,6,4
10257,5,2,5
10258,2,7,2
10259,4,0,6
10260,1,1,3
10261,7,6,4
10262,7,4,7
10263,5,3,1
10264,6,0,6
10265,7,4,7
10266,6,0,6
10267,1,0,6
10268,2,7,2
10269,6,0,6
10270,7,4,7
10271,2,7,2
10272,8,8,8
10273,7,6,4
10274,8,1,3
10275,6,6,4
10276,7,4,7
10277,3,3,1
10278,8,8,8
10279,5,2,5
10280,8,1,3
10281,8,8,8
10282,6,6,4
10283,6,0,6
10284,6,6,4
10285,7,4,7
10286,8,8,8
10287,8,8,8
10288,6,0,6
10289,6,0,6
10290,5,3,1
10291,8,1,3
10292,8,8,8
10293,8,8,8
10294,7,4,7
10295,4,0,6
10296,1,3,1
10297,2,7,2
10298,8,8,8
10299,6,0,6
10300,5,2,5
10301,2,3,1
10302,8,1,3
10303,7,4,7
10304,6,6,4
10305,6,0,6
10306,1,0,6
10307,2,7,2
10308,8,8,8
10309,2,7,2
10310,7,4,7
10311,7,4,7
10312,6,0,6
10313,6,6,4
10314,8,3,1
10315,5,2,5
10316,6,6,4
10317,8,8,8
10318,7,4,7
10319,6,0,6
10320,6,0,6
10321,5,0,6
10322,7,4,7
10323,7,6,4
10324,8,1,3
10325,7,4,7
10326,5,2,5
10327,8,8,8
10328,6,6,4
10329,2,7,2
10330,2,7,2
10331,5,2,5
10332,2,7,2
10333,8,8,8
10334,8,1,3
10335,6,6,4
10336,8,0,6
10337,8,8,8
10338,6,0,6
10339,8,8,8
10340,6,6,4
10341,8,1,3
10342,7,4,7
10343,6,0,6
10344,8,1,3
10345,7,4,7
10346,7,4,7
10347,7,4,7
10348,7,0,6
10349,8,8,8
10350,0,5,0
10351,8,1,3
10352,6,3,1
10353,6,0,6
10354,8,0,6
10355,5,2,5
10356,7,4,7
10357,6,0,6
10358,6,1,3
10359,4,0,6
10360,7,4,7
10361,6,0,6
10362,8,1,3
10363,6,0,6
10364,6,1,3
10365,6,0,6
10366,5,2,5
10367,5,2,5
10368,5,2,5
10369,2,3,1
10370,8,1,3
10371,6,6,4
10372,4,0,6
10373,6,3,1
10374,8,8,8
10375,7,4,7
10376,6,0,6
10377,5,2,5
10378,8,8,8
10379,6,0,6
10380,6,3,1
10381,8,8,8
10382,7,4,7
10383,8,8,8
10384,8,1,3
10385,6,2,5
10386,2,7,2
10387,2,7,2
10388,7,4,7
10389,8,1,3
10390,8,1,3
10391,7,6,4
10392,2,7,2
10393,5,2,5
10394,7,4,7
10395,6,1,3
10396,7,4,7
10397,8,1,3
10398,0,5,0
10399,8,8,8
10400,2,7,2
10401,2,7,2
10402,8,1,3
10403,2,3,1
10404,6,6,4
10405,4,0,6
10406,8,8,8
10407,8,0,6
10408,5,2,5
10409,2,3,1
10410,5,2,5
10411,7,4,7
10412,2,7,2
10413,8,8,8
10414,8,1,3
10415,6,3,1
10416,7,4,7
10417,6,4,7
10418,2,0,6
10419,6,0,6
10420,0,5,0
10421,6,0,6
10422,6,0,6
10423,7,4,7
10424,2,3,1
10425,8,8,8
10426,6,0,6
10427,7,4,7
10428,6,6,4
10429,2,3,1
10430,6,0,6
10431,1,3,1
10432,7,4,7
10433,2,3,1
10434,6,0,6
10435,8,1,3
10436,8,1,3
10437,1,3,1
10438,7,4,7
10439,7,4,7
10440,2,7,2
10441,8,1,3
10442,2,7,2
10443,2,3,1
10444,7,4,7
10445,8,8,8
10446,8,8,8
10447,6,6,4
10448,2,7,2
10449,8,1,3
10450,5,2,5
10451,2,7,2
10452,7,4,7
10453,8,1,3
10454,8,1,3
10455,2,3,1
10456,6,1,3
10457,2,7,2
10458,6,0,6
10459,7,6,4
10460,8,1,3
10461,2,7,2
10462,8,8,8
10463,2,7,2
10464,6,0,6
10465,8,1,3
10466,7,0,6
10467,6,0,6
10468,8,1,3
10469,6,6,4
10470,8,8,8
10471,1,0,6
10472,8,8,8
10473,8,1,3
10474,6,0,6
10475,4,0,6
10476,4,6,4
10477,6,1,3
10478,5,2,5
10479,7,4,7
10480,6,6,4
10481,2,7,2
10482,7,4,7
10483,8,1,3
10484,5,2,5
10485,7,4,7
10486,6,0,6
10487,1,3,1
10488,6,0,6
10489,4,0,6
10490,8,1,3
10491,8,1,3
10492,5,2,5
10493,8,8,8
10494,5,2,5
10495,7,4,7
10496,7,4,7
10497,6,0,6
10498,8,1,3
10499,8,8,8
10500,4,6,4
10501,7,4,7
10502,2,7,2
10503,7,4,7
10504,6,0,6
10505,5,2,5
10506,2,7,2
10507,8,8,8
10508,8,8,8
10509,4,0,6
10510,2,7,2
10511,8,1,3
10512,8,8,8
10513,7,4,7
10514,7,0,6
10515,5,2,5
10516,2,7,2
10517,6,6,4
10518,5,3,1
10519,1,3,1
10520,6,0,6
10521,5,2,5
10522,2,7,2
10523,6,0,6
10524,6,0,6
10525,6,6,4
10526,4,0,6
10527,8,0,6
10528,7,4,7
10529,6,4,7
10530,8,8,8
10531,5,2,5
10532,6,0,6
10533,1,3,1
10534,8,8,8
10535,6,0,6
10536,6,0,6
10537,8,0,6
10538,8,8,8
10539,7,4,7
10540,7,4,7
10541,5,2,5
10542,5,2,5
10543,8,8,8
10544,5,2,5
10545,8,1,3
10546,4,0,6
10547,6,0,6
10548,8,1,3
10549,2,7,2
10550,2,7,2
10551,7,4,7
10552,2,7,2
10553,8,1,3
10554,8,0,6
10555,8,1,3
10556,8,1,3
10557,1,3,1
10558,6,6,4
10559,8,1,3
10560,8,8,8
10561,6,1,3
10562,6,6,4
10563,2,7,2
10564,6,0,6
10565,8,0,6
10566,4,0,6
10567,7,6,4
10568,8,8,8
10569,6,6,4
10570,5,2,5
10571,7,4,7
10572,5,2,5
10573,8,1,3
10574,6,6,4
10575,7,4,7
10576,5,2,5
10577,3,3,1
10578,8,8,8
10579,5,2,5
10580,6,0,6
10581,5,2,5
10582,7,4,7
10583,1,3,1
10584,2,7,2
10585,5,2,5
10586,6,0,6
10587,2,7,2
10588,8,1,3
10589,8,8,8
10590,7,4,7
10591,6,3,1
10592,8,1,3
10593,7,4,7
10594,6,3,1
10595,6,0,6
10596,8,0,6
10597,6,6,4
10598,2,7,2
10599,6,1,3
10600,6,6,4
10601,6,0,6
10602,8,1,3
10603,8,1,3
10604,6,4,7
10605,5,2,5
10606,8,1,3
10607,8,1,3
10608,7,4,7
10609,8,1,3
10610,2,7,2
10611,5,3,1
10612,5,2,5
10613,2,7,2
10614,6,6,4
10615,6,6,4
10616,8,8,8
10617,7,6,4
10618,2,7,2
10619,1,3,1
10620,6,0,6
10621,8,1,3
10622,4,0,6
10623,6,6,4
10624,8,8,8
10625,7,4,7
10626,4,0,6
10627,7,4,7
10628,4,0,6
10629,8,8,8
10630,2,7,2
10631,6,6,4
10632,7,6,4
10633,7,4,7
10634,8,1,3
10635,8,8,8
10636,5,3,1
10637,1,3,1
10638,2,3,1
10639,8,3,1
10640,7,6,4
10641,2,7,2
10642,6,6,4
10643,8,8,8
10644,2,7,2
10645,8,8,8
10646,8,0,6
10647,5,2,5
10648,7,4,7
10649,6,0,6
10650,8,1,3
10651,8,1,3
10652,8,0,6
10653,8,8,8
10654,7,4,7
10655,8,8,8
10656,8,8,8
10657,6,6,4
10658,6,1,3
10659,2,7,2
10660,4,0,6
10661,8,1,3
10662,8,8,8
10663,2,3,1
10664,2,3,1
10665,1,0,6
10666,7,4,7
10667,2,7,2
10668,8,8,8
10669,8,8,8
10670,7,4,7
10671,8,8,8
10672,8,1,3
10673,2,7,2
10674,3,3,1
10675,6,1,3
10676,8,1,3
10677,6,0,6
10678,8,8,8
10679,8,1,3
10680,8,8,8
10681,8,8,8
10682,6,0,6
10683,2,7,2
10684,6,6,4
10685,5,2,5
10686,8,8,8
10687,7,6,4
10688,8,1,3
10689,8,1,3
10690,6,3,1
10691,2,7,2
10692,8,0,6
10693,8,8,8
10694,5,2,5
10695,8,8,8
10696,6,0,6
10697,6,6,4
10698,6,0,6
10699,7,6,4
10700,8,8,8
10701,2,7,2
10702,8,1,3
10703,8,1,3
10704,6,0,6
10705,6,0,6
10706,7,4,7
10707,8,8,8
10708,8,8,8
10709,5,2,5
10710,2,7,2
10711,6,6,4
10712,6,0,6
10713,8,1,3
10714,8,8,8
10715,5,2,5
10716,8,8,8
10717,7,4,7
10718,2,7,2
10719,2,3,1
10720,2,7,2
10721,8,8,8
10722,7,4,7
10723,6,6,4
10724,8,8,8
10725,4,0,6
10726,7,4,7
10727,8,1,3
10728,5,2,5
10729,8,8,8
10730,5,2,5
10731,2,7,2
10732,8,1,3
10733,6,0,6
10734,6,0,6
10735,6,0,6
10736,6,6,4
10737,2,7,2
10738,7,4,7
10739,8,1,3
10740,8,1,3
10741,6,1,3
10742,1,0,6
10743,2,3,1
10744,5,2,5
10745,4,0,6
10746,5,3,1
10747,6,6,4
10748,6,0,6
10749,2,3,1
10750,5,3,1
10751,8,8,8
10752,5,2,5
10753,5,2,5
10754,7,4,7
10755,8,8,8
10756,8,8,8
10757,6,1,3
10758,1,0,6
10759,5,2,5
10760,6,1,3
10761,7,6,4
10762,6,6,4
10763,6,6,4
10764,6,0,6
10765,6,6,4
10766,8,8,8
10767,2,7,2
10768,2,7,2
10769,8,8,8
10770,6,6,4
10771,2,7,2
10772,5,2,5
10773,8,8,8
10774,5,2,5
10775,5,2,5
10776,2,3,1
10777,8,8,8
10778,8,1,3
10779,6,0,6
10780,7,4,7
10781,2,7,2
10782,7,4,7
10783,6,0,6
10784,8,8,8
10785,7,4,7
10786,5,2,5
10787,7,4,7
10788,7,4,7
10789,2,7,2
10790,2,7,2
10791,5,3,1
10792,7,4,7
10793,8,1,3
10794,2,2,5
10795,8,1,3
10796,2,7,2
10797,2,7,2
10798,1,3,1
10799,1,3,1
10800,6,4,7
10801,5,2,5
10802,2,7,2
10803,8,8,8
10804,5,2,5
10805,6,4,7
10806,8,8,8
10807,5,2,5
10808,3,3,1
10809,6,6,4
10810,5,2,5
10811,7,4,7
10812,2,3,1
10813,8,8,8
10814,5,7,2
10815,2,7,2
10816,3,3,1
10817,7,4,7
10818,6,0,6
10819,8,8,8
10820,8,1,3
10821,7,4,7
10822,6,6,4
10823,8,8,8
10824,6,3,1
10825,6,6,4
10826,2,7,2
10827,6,0,6
10828,6,4,7
10829,2,7,2
10830,7,6,4
10831,8,8,8
10832,2,7,2
10833,5,2,5
10834,6,0,6
10835,1,0,6
10836,4,0,6
10837,2,3,1
10838,8,8,8
10839,6,6,4
10840,6,0,6
10841,6,6,4
10842,8,0,6
10843,6,6,4
10844,7,4,7
10845,1,0,6
10846,4,0,6
10847,6,1,3
10848,6,0,6
10849,5,2,5
10850,6,8,8
10851,6,0,6
10852,8,1,3
10853,7,4,7
10854,7,4,7
10855,8,0,6
10856,8,8,8
10857,2,7,2
10858,8,1,3
10859,8,8,8
10860,7,4,7
10861,6,0,6
10862,5,2,5
10863,6,6,4
10864,2,7,2
10865,6,0,6
10866,6,1,3
10867,5,2,5
10868,8,8,8
10869,8,8,8
10870,2,3,1
10871,8,8,8
10872,6,0,6
10873,8,1,3
10874,6,0,6
10875,2,7,2
10876,3,3,1
10877,7,4,7
10878,7,6,4
10879,6,1,3
10880,6,0,6
10881,8,8,8
10882,8,1,3
10883,8,1,3
10884,2,3,1
10885,2,7,2
10886,7,4,7
10887,8,1,3
10888,8,8,8
10889,8,1,3
10890,6,6,4
10891,6,6,4
10892,7,4,7
10893,7,6,4
10894,6,0,6
10895,8,1,3
10896,2,7,2
10897,6,0,6
10898,2,7,2
10899,5,2,5
10900,1,3,1
10901,6,0,6
10902,7,4,7
10903,5,2,5
10904,6,0,6
10905,2,7,2
10906,1,3,1
10907,6,1,3
10908,6,0,6
10909,6,7,2
10910,8,1,3
10911,6,3,1
10912,4,0,6
10913,2,3,1
10914,6,0,6
10915,2,7,2
10916,8,8,8
10917,6,0,6
10918,7,4,7
10919,6,6,4
10920,2,7,2
10921,6,6,4
10922,8,8,8
10923,0,5,0
10924,3,3,1
10925,8,8,8
10926,6,0,6
10927,8,8,8
10928,2,7,2
10929,7,4,7
10930,6,0,6
10931,8,1,3
10932,6,4,7
10933,8,8,8
10934,7,4,7
10935,8,8,8
10936,0,5,0
10937,8,1,3
10938,6,1,3
10939,8,8,8
10940,0,5,0
10941,8,8,8
10942,5,2,5
10943,8,1,3
10944,2,3,1
10945,6,6,4
10946,6,6,4
10947,8,8,8
10948,6,0,6
10949,8,8,8
10950,8,8,8
10951,7,4,7
10952,8,8,8
10953,7,4,7
10954,8,8,8
10955,6,6,4
10956,1,0,6
10957,8,1,3
10958,2,7,2
10959,6,0,6
10960,6,1,3
10961,7,4,7
10962,6,6,4
10963,5,2,5
10964,7,4,7
10965,8,8,8
10966,6,0,6
10967,8,1,3
10968,6,0,6
10969,1,3,1
10970,6,6,4
10971,5,2,5
10972,6,6,4
10973,6,1,3
10974,8,8,8
10975,7,4,7
10976,6,6,4
10977,5,2,5
10978,6,0,6
10979,7,6,4
10980,8,1,3
10981,8,1,3
10982,7,4,7
10983,7,4,7
10984,8,1,3
10985,8,1,3
10986,8,0,6
10987,8,8,8
10988,8,1,3
10989,6,1,3
10990,7,4,7
10991,4,0,6
10992,5,2,5
10993,7,4,7
10994,7,6,4
10995,2,7,2
10996,8,1,3
10997,5,2,5
10998,6,6,4
10999,6,6,4
11000,8,1,3
11001,8,8,8
11002,8,1,3
11003,8,8,8
11004,6,0,6
11005,8,1,3
11006,7,4,7
11007,7,4,7
11008,8,8,8
11009,6,0,6
11010,6,6,4
11011,6,6,4
11012,8,1,3
11013,2,7,2
11014,8,8,8
11015,5,2,5
11016,6,0,6
11017,5,2,5
11018,8,1,3
11019,8,1,3
11020,6,0,6
11021,2,7,2
11022,6,6,4
11023,6,6,4
11024,7,4,7
11025,1,7,2
11026,5,2,5
11027,8,1,3
11028,6,6,4
11029,6,0,6
11030,6,0,6
11031,6,6,4
11032,7,4,7
11033,5,3,1
11034,8,8,8
11035,8,8,8
11036,8,6,4
11037,8,8,8
11038,2,7,2
11039,8,1,3
11040,8,8,8
11041,5,2,5
11042,6,1,3
11043,6,1,3
11044,2,7,2
11045,6,6,4
11046,6,0,6
11047,7,4,7
11048,6,3,1
11049,5,2,5
11050,5,2,5
11051,8,1,3
11052,8,8,8
11053,2,7,2
11054,7,4,7
11055,6,6,4
11056,7,4,7
11057,6,6,4
11058,5,2,5
11059,7,4,7
11060,8,8,8
11061,2,7,2
11062,6,3,1
11063,8,8,8
11064,2,3,1
11065,6,0,6
11066,5,2,5
11067,8,8,8
11068,6,8,8
11069,3,3,1
11070,7,4,7
11071,8,1,3
11072,8,8,8
11073,6,6,4
11074,2,7,2
11075,6,1,3
11076,6,0,6
11077,7,4,7
11078,6,0,6
11079,6,0,6
11080,6,6,4
11081,5,3,1
11082,8,8,8
11083,8,1,3
11084,6,6,4
11085,7,4,7
11086,6,0,6
11087,7,4,7
11088,2,7,2
11089,7,4,7
11090,5,3,1
11091,8,1,3
11092,2,7,2
11093,7,6,4
11094,8,8,8
11095,6,0,6
11096,8,1,3
11097,2,7,2
11098,6,6,4
11099,5,2,5
11100,2,7,2
11101,8,1,3
11102,5,3,1
11103,8,8,8
11104,6,6,4
11105,8,8,8
11106,8,1,3
11107,8,8,8
11108,6,4,7
11109,2,7,2
11110,8,8,8
11111,6,0,6
11112,7,4,7
11113,6,0,6
11114,6,0,6
11115,6,0,6
11116,6,0,6
11117,6,6,4
11118,8,8,8
11119,2,6,4
11120,0,5,0
11121,6,6,4
11122,7,4,7
11123,0,5,0
11124,5,2,5
11125,2,7,2
11126,6,0,6
11127,8,1,3
11128,7,4,7
11129,7,4,7
11130,6,7,2
11131,6,1,3
11132,6,0,6
11133,4,0,6
11134,5,2,5
11135,6,0,6
11136,6,3,1
11137,6,0,6
11138,4,0,6
11139,8,1,3
11140,8,8,8
11141,6,6,4
11142,2,7,2
11143,8,8,8
11144,0,5,0
11145,8,1,3
11146,5,0,6
11147,8,8,8
11148,6,1,3
11149,8,8,8
11150,5,2,5
11151,7,4,7
11152,6,6,4
11153,2,7,2
11154,2,7,2
11155,2,7,2
11156,2,7,2
11157,6,6,4
11158,8,1,3
11159,0,5,0
11160,5,2,5
11161,6,0,6
11162,8,1,3
11163,2,7,2
11164,8,8,8
11165,8,8,8
11166,8,0,6
11167,7,6,4
11168,6,0,6
11169,6,1,3
11170,2,7,2
11171,8,8,8
11172,8,1,3
11173,2,7,2
11174,5,2,5
11175,6,0,6
11176,7,4,7
11177,7,6,4
11178,8,8,8
11179,6,0,6
11180,7,4,7
11181,6,0,6
11182,3,3,1
11183,8,0,6
11184,2,7,2
11185,6,1,3
11186,2,2,5
11187,5,2,5
11188,7,4,7
11189,2,7,2
11190,6,6,4
11191,8,8,8
11192,6,0,6
11193,8,8,8
11194,7,4,7
11195,7,4,7
11196,6,6,4
11197,2,7,2
11198,2,7,2
11199,6,3,1
11200,6,0,6
11201,6,1,3
11202,6,6,4
11203,5,2,5
11204,2,7,2
11205,5,2,5
11206,7,4,7
11207,8,8,8
11208,7,4,7
11209,5,6,4
11210,8,1,3
11211,2,7,2
11212,6,1,3
11213,6,3,1
11214,8,8,8
11215,8,8,8
11216,6,3,1
11217,8,1,3
11218,8,8,8
11219,8,8,8
11220,7,4,7
11221,2,7,2
11222,6,6,4
11223,8,8,8
11224,6,3,1
11225,6,0,6
11226,6,6,4
11227,7,6,4
11228,1,3,1
11229,7,4,7
11230,7,4,7
11231,6,0,6
11232,2,3,1
11233,6,1,3
11234,5,2,5
11235,8,1,3
11236,8,8,8
11237,2,7,2
11238,6,6,4
11239,5,2,5
11240,8,8,8
11241,7,4,7
11242,5,2,5
11243,2,7,2
11244,6,0,6
11245,2,7,2
11246,6,0,6
11247,7,4,7
11248,5,2,5
11249,6,6,4
11250,8,8,8
11251,8,1,3
11252,6,1,3
11253,7,4,7
11254,7,4,7
11255,5,2,5
11256,7,4,7
11257,8,8,8
11258,7,4,7
11259,2,7,2
11260,8,1,3
11261,7,4,7
11262,6,1,3
11263,7,4,7
11264,8,8,8
11265,6,0,6
11266,8,0,6
11267,2,7,2
11268,6,6,4
11269,6,6,4
11270,6,0,6
11271,1,3,1
11272,8,1,3
11273,8,8,8
11274,7,4,7
11275,7,6,4
11276,8,1,3
11277,8,8,8
11278,6,1,3
11279,6,0,6
11280,8,8,8
11281,6,0,6
11282,6,6,4
11283,7,4,7
11284,8,1,3
11285,2,7,2
11286,6,6,4
11287,6,0,6
11288,8,1,3
11289,6,6,4
11290,7,6,4
11291,5,2,5
11292,5,2,5
11293,6,0,6
11294,6,1,3
11295,4,0,6
11296,8,8,8
11297,6,6,4
11298,8,8,8
11299,2,7,2
11300,7,6,4
11301,6,3,1
11302,6,0,6
11303,8,1,3
11304,6,0,6
11305,7,3,1
11306,6,6,4
11307,2,7,2
11308,5,2,5
11309,6,0,6
11310,6,6,4
11311,6,6,4
11312,6,1,3
11313,2,3,1
11314,5,2,5
11315,8,1,3
11316,2,3,1
11317,8,1,3
11318,8,8,8
11319,5,3,1
11320,2,7,2
11321,5,2,5
11322,6,6,4
11323,8,8,8
11324,2,7,2
11325,7,4,7
11326,2,3,1
11327,6,0,6
11328,6,6,4
11329,2,7,2
11330,6,5,0
11331,6,1,3
11332,6,6,4
11333,6,3,1
11334,8,0,6
11335,2,7,2
11336,7,6,4
11337,6,6,4
11338,6,6,4
11339,8,8,8
11340,5,2,5
11341,8,8,8
11342,7,6,4
11343,2,7,2
11344,7,4,7
11345,7,4,7
11346,2,7,2
11347,5,2,5
11348,4,0,6
11349,6,6,4
11350,6,6,4
11351,7,4,7
11352,7,4,7
11353,2,7,2
11354,8,1,3
11355,8,1,3
11356,6,1,3
11357,8,1,3
11358,2,7,2
11359,1,3,1
11360,5,2,5
11361,5,2,5
11362,2,7,2
11363,6,6,4
11364,8,8,8
11365,2,7,2
11366,8,1,3
11367,5,2,5
11368,2,7,2
11369,8,1,3
11370,8,1,3
11371,6,1,3
11372,8,1,3
11373,8,8,8
11374,8,8,8
11375,6,3,1
11376,6,6,4
11377,1,7,2
11378,6,0,6
11379,8,8,8
11380,5,2,5
11381,6,1,3
11382,6,6,4
11383,2,7,2
11384,7,6,4
11385,8,1,3
11386,5,3,1
11387,8,8,8
11388,7,6,4
11389,6,6,4
11390,6,6,4
11391,5,2,5
11392,6,0,6
11393,6,0,6
11394,2,7,2
11395,1,0,6
11396,2,3,1
11397,7,4,7
11398,7,6,4
11399,5,2,5
11400,8,8,8
11401,1,3,1
11402,6,6,4
11403,6,0,6
11404,4,0,6
11405,8,1,3
11406,2,7,2
11407,2,7,2
11408,6,6,4
11409,6,1,3
11410,6,0,6
11411,2,3,1
11412,2,7,2
11413,6,0,6
11414,8,1,3
11415,6,1,3
11416,4,0,6
11417,4,0,6
11418,7,4,7
11419,6,6,4
11420,8,1,3
11421,5,2,5
11422,6,3,1
11423,6,6,4
11424,1,3,1
11425,6,0,6
11426,7,4,7
11427,8,8,8
11428,7,4,7
11429,8,1,3
11430,0,5,0
11431,6,0,6
11432,5,2,5
11433,6,6,4
11434,8,1,3
11435,6,6,4
11436,8,1,3
11437,5,7,2
11438,3,3,1
11439,8,8,8
11440,7,4,7
11441,8,1,3
11442,2,7,2
11443,8,1,3
11444,5,2,5
11445,7,4,7
11446,7,4,7
11447,6,0,6
11448,8,8,8
11449,4,0,6
11450,8,1,3
11451,6,1,3
11452,8,8,8
11453,8,8,8
11454,6,6,4
11455,5,2,5
11456,6,0,6
11457,6,0,6
11458,2,3,1
11459,6,3,1
11460,6,6,4
11461,6,1,3
11462,6,6,4
11463,2,7,2
11464,6,0,6
11465,6,6,4
11466,6,1,3
11467,6,0,6
11468,2,7,2
11469,8,8,8
11470,6,3,1
11471,5,2,5
11472,8,0,6
11473,6,6,4
11474,2,3,1
11475,8,1,3
11476,6,0,6
11477,7,4,7
11478,6,3,1
11479,1,0,6
11480,5,0,6
11481,6,0,6
11482,6,0,6
11483,2,7,2
11484,2,7,2
11485,7,4,7
11486,8,8,8
11487,6,0,6
11488,6,1,3
11489,6,6,4
11490,8,8,8
11491,6,6,4
11492,6,3,1
11493,6,3,1
11494,8,8,8
11495,8,1,3
11496,7,4,7
11497,6,6,4
11498,5,2,5
11499,6,6,4
11500,5,2,5
11501,7,4,7
11502,6,0,6
11503,8,1,3
11504,7,4,7
11505,8,8,8
11506,7,4,7
11507,6,6,4
11508,8,8,8
11509,6,6,4
11510,8,8,8
11511,2,7,2
11512,6,6,4
11513,5,2,5
11514,6,0,6
11515,6,0,6
11516,8,8,8
11517,5,3,1
11518,6,6,4
11519,7,4,7
11520,2,3,1
11521,7,4,7
11522,6,6,4
11523,2,7,2
11524,5,2,5
11525,7,6,4
11526,8,1,3
11527,8,8,8
11528,6,0,6
11529,2,3,1
11530,2,7,2
11531,5,2,5
11532,2,7,2
11533,6,0,6
11534,8,1,3
11535,8,8,8
11536,8,8,8
11537,8,8,8
11538,7,4,7
11539,2,7,2
11540,6,0,6
11541,6,6,4
11542,8,1,3
11543,0,5,0
11544,8,8,8
11545,6,1,3
11546,3,3,1
11547,2,3,1
11548,1,3,1
11549,8,1,3
11550,6,0,6
11551,8,8,8
11552,7,4,7
11553,6,6,4
11554,6,1,3
11555,0,5,0
11556,8,8,8
11557,6,1,3
11558,6,0,6
11559,7,4,7
11560,6,2,5
11561,6,0,6
11562,6,6,4
11563,8,8,8
11564,5,2,5
11565,7,4,7
11566,7,4,7
11567,5,2,5
11568,5,2,5
11569,2,7,2
11570,8,1,3
11571,5,2,5
11572,2,3,1
11573,0,5,0
11574,6,6,4
11575,8,8,8
11576,6,0,6
11577,6,0,6
11578,6,0,6
11579,6,0,6
11580,6,6,4
11581,6,0,6
11582,2,3,1
11583,6,0,6
11584,7,4,7
11585,6,0,6
11586,6,6,4
11587,8,1,3
11588,6,6,4
11589,5,2,5
11590,6,6,4
11591,6,0,6
11592,8,8,8
11593,8,1,3
11594,8,8,8
11595,2,7,2
11596,8,8,8
11597,8,1,3
11598,7,4,7
11599,8,8,8
11600,7,4,7
11601,8,8,8
11602,6,0,6
11603,6,0,6
11604,2,7,2
11605,2,7,2
11606,6,1,3
11607,6,1,3
11608,6,0,6
11609,2,7,2
11610,6,0,6
11611,8,1,3
11612,0,5,0
11613,8,1,3
11614,6,0,6
11615,5,2,5
11616,6,6,4
11617,6,0,6
11618,8,1,3
11619,7,4,7
11620,8,8,8
11621,6,0,6
11622,0,5,0
11623,7,4,7
11624,5,2,5
11625,8,1,3
11626,2,7,2
11627,8,8,8
11628,5,2,5
11629,6,0,6
11630,8,8,8
11631,6,0,6
11632,6,1,3
11633,6,6,4
11634,2,7,2
11635,4,0,6
11636,7,4,7
11637,2,7,2
11638,2,7,2
11639,2,7,2
11640,5,2,5
11641,2,3,1
11642,7,4,7
11643,8,8,8
11644,6,0,6
11645,5,2,5
11646,2,7,2
11647,5,2,5
11648,8,8,8
11649,2,3,1
11650,8,8,8
11651,8,8,8
11652,8,1,3
11653,6,0,6
11654,6,6,4
11655,5,2,5
11656,6,6,4
11657,6,0,6
11658,6,3,1
11659,8,8,8
11660,7,6,4
11661,7,4,7
11662,6,6,4
11663,6,0,6
11664,8,1,3
11665,6,0,6
11666,6,6,4
11667,6,0,6
11668,6,0,6
11669,7,4,7
11670,8,8,8
11671,6,5,0
11672,2,7,2
11673,7,4,7
11674,5,2,5
11675,8,1,3
11676,8,1,3
11677,7,6,4
11678,8,8,8
11679,7,4,7
11680,6,0,6
11681,8,8,8
11682,8,8,8
11683,2,7,2
11684,2,3,1
11685,6,6,4
11686,6,0,6
11687,8,1,3
11688,6,0,6
11689,5,2,5
11690,8,8,8
11691,8,1,3
11692,6,6,4
11693,6,4,7
11694,2,7,2
11695,6,0,6
11696,6,0,6
11697,6,0,6
11698,6,0,6
11699,6,0,6
11700,6,0,6
11701,6,6,4
11702,6,0,6
11703,5,2,5
11704,8,8,8
11705,8,1,3
11706,6,6,4
11707,2,7,2
11708,8,8,8
11709,8,8,8
11710,6,6,4
11711,8,0,6
11712,8,8,8
11713,6,0,6
11714,1,3,1
11715,6,5,0
11716,6,0,6
11717,6,0,6
11718,6,0,6
11719,6,6,4
11720,6,3,1
11721,2,7,2
11722,6,6,4
11723,6,6,4
11724,8,8,8
11725,6,0,6
11726,2,7,2
11727,8,0,6
11728,8,1,3
11729,8,8,8
11730,2,7,2
11731,6,0,6
11732,6,0,6
11733,8,8,8
11734,8,1,3
11735,3,3,1
11736,1,3,1
11737,2,3,1
11738,6,1,3
11739,4,0,6
11740,7,4,7
11741,6,1,3
11742,8,8,8
11743,8,1,3
11744,6,4,7
11745,5,3,1
11746,6,6,4
11747,8,8,8
11748,6,3,1
11749,2,7,2
11750,8,8,8
11751,8,8,8
11752,2,3,1
11753,7,4,7
11754,6,6,4
11755,5,2,5
11756,6,0,6
11757,6,0,6
11758,2,7,2
11759,8,0,6
11760,6,0,6
11761,6,1,3
11762,6,0,6
11763,8,8,8
11764,2,7,2
11765,8,1,3
11766,2,7,2
11767,6,0,6
11768,6,0,6
11769,6,6,4
11770,0,5,0
11771,7,4,7
11772,6,4,7
11773,2,3,1
11774,4,0,6
11775,5,2,5
11776,6,0,6
11777,8,1,3
11778,6,4,7
11779,8,8,8
11780,6,6,4
11781,6,6,4
11782,5,3,1
11783,5,2,5
11784,6,0,6
11785,6,0,6
11786,8,8,8
11787,7,4,7
11788,7,6,4
11789,6,0,6
11790,6,4,7
11791,6,0,6
11792,4,0,6
11793,7,4,7
11794,6,3,1
11795,8,8,8
11796,6,6,4
11797,6,7,2
11798,6,6,4
11799,8,1,3
11800,2,7,2
11801,8,1,3
11802,6,6,4
11803,8,8,8
11804,2,7,2
11805,3,3,1
11806,8,8,8
11807,8,8,8
11808,7,6,4
11809,7,4,7
11810,2,3,1
11811,8,8,8
11812,8,1,3
11813,6,6,4
11814,8,8,8
11815,8,1,3
11816,8,8,8
11817,2,7,2
11818,7,4,7
11819,5,2,5
11820,5,2,5
11821,7,4,7
11822,8,8,8
11823,2,7,2
11824,6,0,6
11825,8,8,8
11826,8,1,3
11827,6,0,6
11828,6,1,3
11829,6,0,6
11830,6,0,6
11831,2,7,2
11832,6,0,6
11833,4,0,6
11834,8,1,3
11835,6,0,6
11836,6,0,6
11837,8,1,3
11838,2,3,1
11839,7,4,7
11840,6,1,3
11841,8,1,3
11842,8,1,3
11843,6,0,6
11844,2,7,2
11845,8,8,8
11846,6,0,6
11847,6,0,6
11848,8,1,3
11849,6,3,1
11850,7,4,7
11851,8,0,6
11852,6,0,6
11853,8,8,8
11854,6,0,6
11855,6,6,4
11856,6,6,4
11857,6,0,6
11858,6,1,3
11859,5,3,1
11860,2,7,2
11861,8,1,3
11862,6,0,6
11863,6,2,5
11864,6,3,1
11865,0,5,0
11866,8,1,3
11867,6,0,6
11868,5,2,5
11869,8,1,3
11870,7,4,7
11871,6,1,3
11872,2,7,2
11873,8,8,8
11874,7,6,4
11875,8,8,8
11876,6,0,6
11877,5,2,5
11878,6,5,0
11879,2,7,2
11880,7,4,7
11881,6,3,1
11882,8,0,6
11883,6,0,6
11884,7,4,7
11885,8,8,8
11886,7,6,4
11887,6,6,4
11888,8,8,8
11889,8,8,8
11890,6,0,6
11891,7,6,4
11892,7,4,7
11893,5,2,5
11894,6,1,3
11895,6,6,4
11896,6,6,4
11897,6,6,4
11898,6,1,3
11899,6,1,3
11900,8,1,3
11901,8,1,3
11902,6,6,4
11903,6,1,3
11904,2,7,2
11905,7,4,7
11906,6,0,6
11907,6,6,4
11908,6,1,3
11909,6,0,6
11910,6,0,6
11911,5,2,5
11912,6,1,3
11913,6,0,6
11914,6,6,4
11915,8,8,8
11916,8,3,1
11917,5,2,5
11918,8,0,6
11919,1,3,1
11920,8,8,8
11921,6,0,6
11922,7,4,7
11923,6,1,3
11924,6,6,4
11925,6,0,6
11926,2,3,1
11927,7,4,7
11928,6,1,3
11929,2,3,1
11930,6,0,6
11931,6,0,6
11932,6,0,6
11933,1,3,1
11934,6,0,6
11935,6,0,6
11936,5,2,5
11937,8,8,8
11938,4,0,6
11939,1,3,1
11940,8,8,8
11941,7,4,7
11942,6,0,6
11943,2,3,1
11944,8,8,8
11945,5,2,5
11946,6,0,6
11947,8,8,8
11948,2,7,2
11949,6,6,4
11950,0,5,0
11951,3,3,1
11952,7,4,7
11953,8,1,3
11954,2,7,2
11955,8,8,8
11956,8,8,8
11957,8,1,3
11958,0,5,0
11959,5,2,5
11960,8,1,3
11961,6,6,4
11962,6,0,6
11963,5,3,1
11964,2,7,2
11965,6,0,6
11966,6,0,6
11967,5,2,5
11968,6,6,4
11969,6,6,4
11970,6,6,4
11971,7,4,7
11972,5,2,5
11973,0,5,0
11974,5,2,5
11975,6,1,3
11976,1,3,1
11977,5,2,5
11978,8,8,8
11979,8,8,8
11980,6,6,4
11981,6,0,6
11982,5,2,5
11983,8,1,3
11984,8,8,8
11985,8,1,3
11986,6,0,6
11987,6,0,6
11988,1,3,1
11989,8,8,8
11990,6,6,4
11991,6,6,4
11992,6,3,1
11993,6,6,4
11994,6,6,4
11995,5,2,5
11996,8,8,8
11997,6,6,4
11998,6,0,6
11999,8,1,3
12000,6,4,7
12001,1,0,6
12002,2,3,1
12003,6,0,6
12004,8,1,3
12005,8,8,8
12006,6,6,4
12007,6,2,5
12008,7,4,7
12009,8,1,3
12010,2,7,2
12011,7,4,7
12012,8,0,6
12013,5,2,5
12014,8,1,3
12015,5,2,5
12016,8,1,3
12017,4,0,6
12018,2,7,2
12019,8,8,8
12020,2,7,2
12021,8,8,8
12022,5,2,5
12023,6,3,1
12024,8,8,8
12025,8,8,8
12026,3,3,1
12027,6,6,4
12028,6,6,4
12029,2,3,1
12030,6,6,4
12031,2,7,2
12032,5,2,5
12033,6,6,4
12034,5,3,1
12035,8,8,8
12036,6,0,6
12037,8,8,8
12038,8,8,8
12039,8,8,8
12040,7,6,4
12041,8,8,8
12042,6,6,4
12043,8,1,3
12044,8,8,8
12045,7,4,7
12046,6,0,6
12047,8,8,8
12048,6,0,6
12049,5,2,5
12050,7,4,7
12051,8,8,8
12052,2,7,2
12053,8,8,8
12054,6,0,6
12055,6,0,6
12056,6,0,6
12057,2,7,2
12058,5,3,1
12059,8,1,3
12060,6,6,4
12061,3,3,1
12062,8,8,8
12063,6,0,6
12064,6,6,4
12065,8,8,8
12066,8,8,8
12067,6,0,6
12068,6,4,7
12069,6,3,1
12070,6,6,4
12071,6,0,6
12072,8,1,3
12073,6,6,4
12074,2,3,1
12075,8,8,8
12076,6,0,6
12077,6,1,3
12078,2,3,1
12079,6,6,4
12080,6,1,3
12081,6,0,6
12082,6,7,2
12083,8,8,8
12084,7,4,7
12085,6,6,4
12086,6,0,6
12087,1,7,2
12088,6,0,6
12089,6,1,3
12090,6,0,6
12091,6,0,6
12092,0,5,0
12093,8,1,3
12094,6,0,6
12095,2,7,2
12096,7,4,7
12097,6,0,6
12098,8,1,3
12099,8,8,8
12100,6,0,6
12101,8,0,6
12102,6,6,4
12103,8,8,8
12104,2,7,2
12105,8,1,3
12106,0,5,0
12107,2,3,1
12108,4,0,6
12109,6,6,4
12110,6,6,4
12111,6,1,3
12112,5,2,5
12113,6,0,6
12114,2,7,2
12115,8,8,8
12116,6,1,3
12117,5,2,5
12118,6,1,3
12119,4,0,6
12120,6,0,6
12121,4,0,6
12122,6,6,4
12123,8,1,3
12124,6,0,6
12125,6,0,6
12126,8,1,3
12127,6,0,6
12128,6,0,6
12129,5,2,5
12130,8,1,3
12131,8,1,3
12132,5,2,5
12133,2,3,1
12134,6,1,3
12135,7,4,7
12136,8,1,3
12137,7,4,7
12138,8,8,8
12139,6,4,7
12140,5,2,5
12141,6,0,6
12142,7,4,7
12143,8,8,8
12144,6,6,4
12145,8,1,3
12146,6,1,3
12147,8,1,3
12148,4,0,6
12149,6,0,6
12150,6,0,6
12151,2,3,1
12152,6,6,4
12153,7,6,4
12154,8,8,8
12155,6,4,7
12156,6,6,4
12157,8,8,8
12158,6,4,7
12159,8,1,3
12160,6,6,4
12161,0,5,0
12162,6,0,6
12163,6,0,6
12164,8,1,3
12165,6,0,6
12166,6,0,6
12167,8,1,3
12168,6,0,6
12169,2,3,1
12170,6,6,4
12171,2,7,2
12172,6,0,6
12173,5,2,5
12174,7,6,4
12175,7,4,7
12176,6,1,3
12177,4,0,6
12178,8,8,8
12179,4,0,6
12180,6,1,3
12181,6,6,4
12182,8,1,3
12183,7,4,7
12184,8,8,8
12185,6,3,1
12186,8,1,3
12187,2,7,2
12188,6,0,6
12189,6,0,6
12190,6,0,6
12191,6,0,6
12192,8,1,3
12193,6,1,3
12194,7,4,7
12195,8,1,3
12196,6,3,1
12197,8,8,8
12198,8,1,3
12199,6,0,6
12200,1,0,6
12201,6,0,6
12202,6,0,6
12203,8,8,8
12204,5,2,5
12205,2,7,2
12206,6,0,6
12207,6,0,6
12208,6,0,6
12209,8,1,3
12210,6,4,7
12211,8,8,8
12212,6,0,6
12213,6,0,6
12214,6,0,6
12215,6,0,6
12216,2,7,2
12217,6,0,6
12218,6,6,4
12219,6,0,6
12220,6,0,6
12221,6,6,4
12222,8,1,3
12223,6,0,6
12224,6,6,4
12225,4,0,6
12226,6,6,4
12227,6,0,6
12228,6,1,3
12229,6,6,4
12230,8,1,3
12231,8,8,8
12232,7,4,7
12233,5,2,5
12234,6,0,6
12235,6,3,1
12236,6,6,4
12237,6,0,6
12238,6,0,6
12239,6,1,3
12240,6,0,6
12241,6,6,4
12242,7,4,7
12243,6,0,6
12244,6,0,6
12245,5,2,5
12246,6,0,6
12247,6,0,6
12248,6,0,6
12249,6,0,6
12250,6,6,4
12251,6,0,6
12252,6,0,6
12253,6,0,6
12254,6,0,6
12255,6,0,6
12256,6,3,1
12257,8,8,8
12258,6,0,6
12259,6,1,3
12260,6,1,3
12261,6,0,6
12262,0,5,0
12263,8,1,3
12264,6,6,4
12265,6,0,6
12266,7,4,7
12267,6,6,4
12268,6,0,6
12269,6,0,6
12270,1,0,6
12271,8,8,8
12272,6,0,6
12273,6,6,4
12274,6,0,6
12275,8,1,3
12276,6,6,4
12277,6,0,6
12278,7,4,7
12279,1,3,1
12280,6,6,4
12281,6,8,8
12282,0,5,0
12283,8,1,3
12284,6,0,6
12285,6,0,6
12286,6,1,3
12287,6,0,6
12288,6,6,4
12289,6,0,6
12290,6,0,6
12291,6,6,4
12292,6,1,3
12293,6,6,4
12294,6,0,6
12295,6,0,6
12296,6,6,4
12297,6,1,3
12298,8,8,8
12299,8,1,3
12300,6,1,3
12301,8,8,8
12302,6,0,6
12303,6,0,6
12304,7,4,7
12305,7,4,7
12306,6,0,6
12307,6,0,6
12308,6,0,6
12309,7,4,7
12310,6,6,4
12311,6,0,6
12312,1,0,6
12313,6,6,4
12314,5,2,5
12315,6,0,6
12316,6,1,3
12317,8,0,6
12318,6,0,6
12319,6,6,4
12320,6,6,4
12321,6,6,4
12322,6,6,4
12323,6,0,6
12324,6,0,6
12325,1,3,1
12326,0,5,0
12327,8,1,3
12328,2,3,1
12329,6,1,3
12330,6,5,0
12331,2,7,2
12332,6,0,6
12333,6,0,6
12334,6,0,6
12335,7,6,4
12336,6,0,6
12337,6,0,6
12338,6,3,1
12339,6,0,6
12340,7,4,7
12341,5,2,5
12342,6,0,6
12343,5,2,5
12344,7,4,7
12345,6,1,3
12346,6,6,4
12347,6,0,6
12348,8,0,6
12349,6,0,6
12350,6,6,4
12351,6,0,6
12352,6,6,4
12353,8,1,3
12354,7,4,7
12355,1,3,1
12356,0,5,0
12357,1,7,2
12358,6,0,6
12359,6,0,6
12360,6,3,1
12361,7,4,7
12362,4,6,4
12363,6,1,3
12364,6,0,6
12365,6,0,6
12366,6,6,4
12367,6,6,4
12368,7,4,7
12369,6,0,6
12370,6,1,3
12371,6,6,4
12372,5,3,1
12373,6,6,4
12374,6,0,6
12375,6,3,1
12376,8,1,3
12377,6,0,6
12378,6,6,4
12379,6,1,3
12380,6,6,4
12381,6,0,6
12382,6,0,6
12383,6,0,6
12384,6,0,6
12385,8,1,3
12386,6,6,4
12387,6,0,6
12388,6,6,4
12389,8,1,3
12390,6,1,3
12391,6,0,6
12392,5,2,5
12393,6,0,6
12394,6,0,6
12395,6,0,6
12396,6,0,6
12397,8,1,3
12398,6,0,6
12399,6,6,4
12400,6,0,6
12401,6,0,6
12402,6,0,6
12403,6,6,4
12404,6,0,6
12405,6,0,6
12406,2,3,1
12407,6,6,4
12408,8,8,8
12409,6,6,4
12410,6,0,6
12411,6,0,6
12412,6,6,4
12413,6,6,4
12414,6,6,4
12415,6,0,6
12416,6,0,6
12417,6,6,4
12418,8,8,8
12419,6,0,6
12420,6,0,6
12421,6,0,6
12422,6,0,6
12423,8,1,3
12424,8,8,8
12425,8,8,8
12426,6,0,6
12427,6,0,6
12428,6,6,4
12429,7,4,7
12430,5,2,5
12431,6,0,6
12432,6,0,6
12433,8,1,3
12434,0,5,0
12435,0,5,0
12436,6,0,6
12437,8,8,8
12438,7,4,7
12439,6,0,6
12440,8,8,8
12441,7,4,7
12442,6,0,6
12443,1,3,1
12444,6,6,4
12445,4,0,6
12446,6,0,6
12447,6,0,6
12448,6,0,6
12449,6,1,3
12450,6,0,6
12451,6,0,6
12452,6,0,6
12453,6,0,6
12454,0,5,0
12455,8,1,3
12456,6,1,3
12457,2,7,2
12458,8,1,3
12459,8,8,8
12460,6,0,6
12461,6,0,6
12462,6,1,3
12463,6,0,6
12464,6,3,1
12465,6,0,6
12466,6,0,6
12467,6,0,6
12468,6,4,7
12469,6,1,3
12470,6,6,4
12471,6,4,7
12472,8,8,8
12473,6,0,6
12474,5,2,5
12475,8,0,6
12476,1,0,6
12477,8,1,3
12478,6,6,4
12479,6,6,4
12480,6,0,6
12481,6,1,3
12482,6,1,3
12483,6,0,6
12484,6,0,6
12485,6,0,6
12486,6,3,1
12487,6,6,4
12488,6,3,1
12489,6,6,4
12490,6,0,6
12491,6,0,6
12492,7,4,7
12493,8,8,8
12494,6,0,6
12495,6,6,4
12496,7,4,7
12497,6,0,6
12498,6,4,7
12499,1,0,6
12500,6,1,3
12501,8,1,3
12502,7,4,7
12503,6,0,6
12504,1,3,1
12505,6,6,4
12506,6,6,4
12507,6,0,6
12508,6,6,4
12509,6,0,6
12510,6,1,3
12511,6,0,6
12512,6,0,6
12513,6,0,6
12514,6,0,6
12515,6,0,6
12516,6,1,3
12517,7,4,7
12518,6,1,3
12519,6,6,4
12520,6,0,6
12521,6,1,3
12522,6,3,1
12523,0,5,0
12524,6,0,6
12525,0,5,0
12526,7,4,7
12527,6,0,6
12528,6,0,6
12529,8,1,3
12530,4,6,4
12531,8,1,3
12532,6,0,6
12533,6,1,3
12534,6,0,6
12535,6,0,6
12536,6,2,5
12537,8,1,3
12538,6,6,4
12539,6,0,6
12540,6,6,4
12541,3,3,1
12542,6,6,4
12543,6,1,3
12544,7,4,7
12545,6,0,6
12546,8,1,3
12547,6,0,6
12548,5,2,5
12549,6,0,6
12550,6,1,3
12551,6,0,6
12552,6,6,4
12553,7,4,7
12554,6,6,4
12555,6,6,4
12556,6,6,4
12557,7,4,7
12558,7,4,7
12559,7,6,4
12560,7,4,7
12561,6,0,6
12562,6,4,7
12563,6,0,6
12564,7,4,7
12565,6,0,6
12566,6,0,6
12567,6,1,3
12568,6,3,1
12569,6,0,6
12570,7,4,7
12571,6,0,6
12572,6,0,6
12573,6,6,4
12574,6,6,4
12575,8,1,3
12576,8,1,3
12577,6,0,6
12578,6,3,1
12579,6,0,6
12580,6,0,6
12581,6,0,6
12582,6,0,6
12583,5,2,5
12584,6,6,4
12585,8,8,8
12586,8,8,8
12587,6,0,6
12588,6,0,6
12589,6,6,4
12590,1,3,1
12591,6,0,6
12592,6,6,4
12593,6,2,5
12594,8,1,3
12595,5,2,5
12596,5,2,5
12597,6,6,4
12598,6,6,4
12599,6,0,6
12600,6,3,1
12601,7,4,7
12602,6,4,7
12603,6,4,7
12604,7,4,7
12605,6,6,4
12606,8,1,3
12607,6,0,6
12608,2,3,1
12609,6,6,4
12610,6,0,6
12611,6,1,3
12612,6,0,6
12613,6,0,6
12614,6,3,1
12615,6,0,6
12616,6,0,6
12617,6,6,4
12618,5,2,5
12619,6,0,6
12620,6,0,6
12621,6,0,6
12622,6,0,6
12623,7,4,7
12624,7,4,7
12625,6,0,6
12626,8,0,6
12627,6,0,6
12628,8,1,3
12629,6,6,4
12630,1,3,1
12631,2,7,2
12632,6,3,1
12633,0,5,0
12634,6,0,6
12635,6,0,6
12636,6,0,6
12637,6,1,3
12638,6,0,6
12639,6,0,6
12640,8,8,8
12641,6,0,6
12642,8,1,3
12643,8,1,3
12644,6,0,6
12645,6,0,6
12646,6,0,6
12647,6,0,6
12648,6,0,6
12649,8,1,3
12650,6,3,1
12651,8,8,8
12652,3,3,1
12653,6,0,6
12654,8,8,8
12655,6,6,4
12656,6,3,1
12657,5,2,5
12658,5,3,1
12659,6,4,7
12660,3,3,1
12661,4,0,6
12662,6,7,2
12663,8,8,8
12664,8,1,3
12665,6,0,6
12666,5,3,1
12667,6,0,6
12668,7,4,7
12669,6,0,6
12670,6,6,4
12671,6,0,6
12672,1,3,1
12673,0,5,0
12674,6,1,3
12675,6,0,6
12676,6,6,4
12677,6,0,6
12678,6,6,4
12679,6,0,6
12680,6,0,6
12681,6,0,6
12682,4,0,6
12683,6,1,3
12684,6,6,4
12685,6,0,6
12686,8,8,8
12687,8,8,8
12688,6,0,6
12689,6,0,6
12690,8,1,3
12691,8,1,3
12692,6,5,0
12693,6,0,6
12694,6,0,6
12695,5,2,5
12696,6,1,3
12697,6,0,6
12698,8,8,8
12699,6,0,6
12700,6,6,4
12701,6,0,6
12702,6,0,6
12703,6,0,6
12704,6,6,4
12705,1,6,4
12706,6,0,6
12707,6,6,4
12708,6,0,6
12709,7,4,7
12710,6,0,6
12711,6,6,4
12712,6,0,6
12713,6,0,6
12714,4,0,6
12715,6,6,4
12716,6,0,6
12717,6,1,3
12718,8,8,8
12719,6,0,6
12720,6,3,1
12721,6,0,6
12722,6,6,4
12723,8,1,3
12724,7,4,7
12725,7,4,7
12726,6,0,6
12727,6,0,6
12728,6,0,6
12729,8,1,3
12730,6,0,6
12731,6,0,6
12732,7,4,7
12733,8,1,3
12734,6,0,6
12735,6,0,6
12736,5,2,5
12737,6,1,3
12738,5,2,5
12739,0,5,0
12740,6,1,3
12741,6,0,6
12742,8,1,3
12743,8,0,6
12744,6,0,6
12745,8,1,3
12746,6,1,3
12747,6,6,4
12748,6,0,6
12749,2,7,2
12750,6,0,6
12751,8,8,8
12752,5,2,5
12753,6,0,6
12754,6,3,1
12755,8,8,8
12756,8,1,3
12757,6,4,7
12758,6,6,4
12759,6,6,4
12760,6,0,6
12761,6,2,5
12762,6,0,6
12763,6,0,6
12764,8,8,8
12765,8,8,8
12766,8,8,8
12767,2,7,2
12768,6,1,3
12769,0,5,0
12770,6,0,6
12771,5,2,5
12772,2,3,1
12773,6,0,6
12774,6,0,6
12775,6,1,3
12776,6,0,6
12777,7,4,7
12778,8,8,8
12779,6,6,4
12780,6,3,1
12781,6,0,6
12782,6,0,6
12783,6,0,6
12784,4,0,6
12785,1,3,1
12786,8,8,8
12787,6,0,6
12788,6,0,6
12789,6,6,4
12790,6,0,6
12791,6,0,6
12792,8,1,3
12793,8,1,3
12794,6,0,6
12795,6,0,6
12796,6,8,8
12797,6,1,3
12798,6,6,4
12799,6,0,6
12800,7,6,4
12801,6,0,6
12802,6,0,6
12803,7,4,7
12804,6,0,6
12805,6,6,4
12806,6,0,6
12807,6,4,7
12808,6,6,4
12809,6,0,6
12810,6,6,4
12811,6,0,6
12812,6,6,4
12813,6,0,6
12814,0,5,0
12815,8,1,3
12816,2,7,2
12817,6,6,4
12818,6,0,6
12819,6,6,4
12820,6,1,3
12821,6,0,6
12822,7,4,7
12823,6,0,6
12824,6,0,6
12825,6,0,6
12826,6,0,6
12827,5,3,1
12828,6,6,4
12829,6,0,6
12830,2,7,2
12831,6,0,6
12832,6,0,6
12833,6,0,6
12834,6,0,6
12835,2,3,1
12836,6,0,6
12837,8,1,3
12838,8,1,3
12839,6,0,6
12840,8,8,8
12841,7,6,4
12842,6,0,6
12843,6,1,3
12844,6,1,3
12845,6,6,4
12846,6,3,1
12847,6,6,4
12848,7,4,7
12849,8,0,6
12850,8,1,3
12851,6,0,6
12852,7,4,7
12853,6,3,1
12854,6,0,6
12855,6,0,6
12856,6,0,6
12857,6,0,6
12858,7,4,7
12859,6,6,4
12860,6,0,6
12861,6,0,6
12862,6,0,6
12863,6,4,7
12864,6,0,6
12865,6,3,1
12866,6,6,4
12867,0,5,0
12868,6,6,4
12869,6,8,8
12870,6,0,6
12871,7,4,7
12872,6,0,6
12873,6,0,6
12874,8,8,8
12875,6,0,6
12876,6,3,1
12877,6,6,4
12878,4,0,6
12879,6,3,1
12880,6,0,6
12881,6,3,1
12882,6,1,3
12883,5,2,5
12884,6,4,7
12885,8,8,8
12886,6,0,6
12887,2,3,1
12888,6,3,1
12889,6,0,6
12890,6,3,1
12891,5,2,5
12892,6,0,6
12893,6,0,6
12894,6,0,6
12895,6,0,6
12896,7,4,7
12897,5,2,5
12898,6,6,4
12899,6,0,6
12900,6,3,1
12901,6,0,6
12902,6,0,6
12903,6,3,1
12904,8,0,6
12905,6,6,4
12906,6,0,6
12907,6,1,3
12908,6,0,6
12909,8,0,6
12910,5,2,5
12911,6,3,1
12912,6,0,6
12913,6,0,6
12914,6,6,4
12915,6,1,3
12916,6,3,1
12917,6,0,6
12918,7,4,7
12919,6,0,6
12920,6,0,6
12921,7,4,7
12922,6,0,6
12923,6,0,6
12924,8,1,3
12925,6,0,6
12926,6,0,6
12927,6,0,6
12928,6,0,6
12929,6,0,6
12930,6,0,6
12931,7,4,7
12932,6,3,1
12933,6,0,6
12934,8,8,8
12935,6,1,3
12936,6,6,4
12937,6,0,6
12938,6,0,6
12939,6,0,6
12940,6,0,6
12941,6,0,6
12942,6,1,3
12943,6,6,4
12944,6,0,6
12945,7,4,7
12946,6,0,6
12947,6,3,1
12948,6,0,6
12949,6,6,4
12950,6,6,4
12951,5,2,5
12952,6,0,6
12953,6,0,6
12954,6,6,4
12955,7,4,7
12956,6,6,4
12957,6,6,4
12958,6,0,6
12959,6,0,6
12960,6,0,6
12961,6,0,6
12962,6,0,6
12963,5,3,1
12964,6,6,4
12965,5,2,5
12966,8,8,8
12967,6,0,6
12968,7,4,7
12969,6,0,6
12970,6,0,6
12971,6,0,6
12972,6,0,6
12973,6,0,6
12974,6,0,6
12975,6,0,6
12976,4,0,6
12977,6,6,4
12978,6,6,4
12979,7,4,7
12980,8,1,3
12981,6,6,4
12982,6,0,6
12983,6,1,3
12984,6,1,3
12985,6,0,6
12986,8,8,8
12987,8,1,3
12988,7,6,4
12989,6,0,6
12990,6,1,3
12991,6,3,1
12992,8,1,3
12993,8,1,3
12994,6,0,6
12995,6,0,6
12996,6,0,6
12997,2,7,2
12998,6,1,3
12999,6,6,4
13000,4,0,6
13001,8,1,3
13002,6,6,4
13003,6,6,4
13004,6,0,6
13005,5,2,5
13006,8,1,3
13007,6,0,6
13008,2,3,1
13009,6,0,6
13010,6,4,7
13011,6,0,6
13012,6,6,4
13013,7,4,7
13014,6,1,3
13015,6,6,4
13016,6,0,6
13017,6,6,4
13018,6,0,6
13019,6,1,3
13020,6,6,4
13021,0,5,0
13022,6,0,6
13023,7,4,7
13024,1,0,6
13025,5,2,5
13026,6,0,6
13027,2,3,1
13028,6,1,3
13029,6,3,1
13030,8,8,8
13031,8,1,3
13032,6,0,6
13033,8,1,3
13034,7,4,7
13035,6,3,1
13036,6,0,6
13037,8,8,8
13038,6,0,6
13039,6,0,6
13040,6,1,3
13041,6,0,6
13042,6,1,3
13043,6,0,6
13044,8,0,6
13045,6,0,6
13046,6,1,3
13047,8,8,8
13048,6,0,6
13049,7,6,4
13050,6,3,1
13051,6,1,3
13052,6,0,6
13053,8,1,3
13054,6,0,6
13055,6,6,4
13056,6,3,1
13057,8,1,3
13058,6,0,6
13059,6,1,3
13060,6,0,6
13061,7,4,7
13062,2,3,1
13063,6,3,1
13064,8,1,3
13065,6,0,6
13066,6,0,6
13067,6,0,6
13068,5,2,5
13069,1,3,1
13070,6,0,6
13071,6,6,4
13072,6,0,6
13073,6,3,1
13074,5,2,5
13075,2,3,1
13076,6,0,6
13077,6,0,6
13078,6,0,6
13079,8,8,8
13080,6,0,6
13081,6,6,4
13082,6,0,6
13083,6,0,6
13084,8,0,6
13085,6,0,6
13086,6,0,6
13087,7,4,7
13088,8,1,3
13089,6,0,6
13090,6,0,6
13091,6,0,6
13092,6,0,6
13093,6,0,6
13094,8,1,3
13095,7,4,7
13096,6,6,4
13097,6,0,6
13098,6,0,6
13099,6,4,7
13100,8,1,3
13101,6,0,6
13102,6,0,6
13103,6,0,6
13104,6,7,2
13105,6,0,6
13106,6,0,6
13107,2,7,2
13108,6,6,4
13109,6,0,6
13110,6,6,4
13111,6,0,6
13112,6,4,7
13113,6,0,6
13114,6,0,6
13115,6,0,6
13116,6,0,6
13117,6,3,1
13118,6,0,6
13119,6,0,6
13120,6,0,6
13121,6,0,6
13122,6,6,4
13123,6,0,6
13124,6,0,6
13125,1,3,1
13126,8,8,8
13127,6,3,1
13128,6,6,4
13129,6,6,4
13130,6,0,6
13131,6,3,1
13132,0,5,0
13133,8,8,8
13134,8,8,8
13135,8,1,3
13136,6,0,6
13137,6,0,6
13138,7,4,7
13139,6,6,4
13140,2,3,1
13141,5,3,1
13142,6,6,4
13143,6,6,4
13144,6,6,4
13145,6,1,3
13146,6,0,6
13147,6,0,6
13148,6,4,7
13149,7,4,7
13150,6,6,4
13151,6,3,1
13152,6,3,1
13153,6,0,6
13154,6,0,6
13155,6,6,4
13156,6,6,4
13157,8,1,3
13158,6,4,7
13159,1,3,1
13160,8,1,3
13161,5,2,5
13162,5,2,5
13163,6,6,4
13164,6,0,6
13165,6,6,4
13166,6,3,1
13167,8,1,3
13168,6,6,4
13169,8,1,3
13170,7,4,7
13171,6,3,1
13172,6,3,1
13173,6,0,6
13174,6,6,4
13175,6,0,6
13176,6,0,6
13177,8,1,3
13178,6,0,6
13179,6,0,6
