cell_id,true_label,pred_label_raw,pred_label_aligned
0,8,2,6
1,7,1,4
2,6,2,6
3,7,2,6
4,7,2,6
5,8,2,6
6,6,2,6
7,6,3,2
8,6,3,2
9,7,2,6
10,7,2,6
11,7,2,6
12,5,3,2
13,8,2,6
14,7,2,6
15,7,2,6
16,6,2,6
17,1,5,0
18,6,2,6
19,6,2,6
20,6,2,6
21,2,2,6
22,7,3,2
23,6,2,6
24,6,2,6
25,6,2,6
26,6,2,6
27,1,2,6
28,6,2,6
29,6,2,6
30,6,2,6
31,8,2,6
32,6,2,6
33,6,2,6
34,6,2,6
35,6,2,6
36,6,2,6
37,6,2,6
38,6,2,6
39,6,2,6
40,6,2,6
41,6,7,8
42,6,2,6
43,6,2,6
44,6,2,6
45,8,2,6
46,7,2,6
47,6,3,2
48,6,5,0
49,6,2,6
50,6,2,6
51,6,2,6
52,6,2,6
53,6,2,6
54,6,2,6
55,2,1,4
56,6,2,6
57,7,2,6
58,6,2,6
59,6,2,6
60,5,2,6
61,2,2,6
62,6,2,6
63,6,2,6
64,6,3,2
65,6,2,6
66,6,3,2
67,6,2,6
68,6,2,6
69,6,2,6
70,8,2,6
71,6,2,6
72,7,2,6
73,6,2,6
74,6,3,2
75,6,3,2
76,6,3,2
77,6,3,2
78,6,2,6
79,6,2,6
80,7,2,6
81,6,2,6
82,1,2,6
83,6,2,6
84,6,2,6
85,8,3,2
86,6,3,2
87,6,2,6
88,5,3,2
89,8,2,6
90,7,2,6
91,6,1,4
92,6,2,6
93,6,2,6
94,5,2,6
95,5,2,6
96,7,2,6
97,6,2,6
98,8,2,6
99,7,2,6
100,6,2,6
101,6,2,6
102,6,2,6
103,7,2,6
104,6,2,6
105,6,3,2
106,5,2,6
107,0,5,0
108,6,3,2
109,8,2,6
110,2,0,1
111,6,2,6
112,6,2,6
113,6,2,6
114,7,2,6
115,6,2,6
116,6,7,8
117,5,2,6
118,8,3,2
119,6,2,6
120,6,2,6
121,7,3,2
122,6,2,6
123,6,2,6
124,6,2,6
125,6,2,6
126,6,2,6
127,6,2,6
128,7,2,6
129,6,2,6
130,8,2,6
131,6,0,1
132,8,2,6
133,6,2,6
134,6,2,6
135,6,2,6
136,6,2,6
137,8,2,6
138,6,2,6
139,7,2,6
140,7,2,6
141,6,2,6
142,6,2,6
143,6,2,6
144,6,2,6
145,6,2,6
146,6,2,6
147,6,2,6
148,6,2,6
149,6,2,6
150,6,3,2
151,5,2,6
152,6,2,6
153,6,2,6
154,5,2,6
155,6,2,6
156,6,2,6
157,6,2,6
158,8,2,6
159,6,2,6
160,7,8,7
161,7,2,6
162,6,2,6
163,8,7,8
164,7,2,6
165,7,2,6
166,1,2,6
167,8,3,2
168,6,3,2
169,6,2,6
170,6,3,2
171,6,2,6
172,6,2,6
173,6,2,6
174,6,2,6
175,5,7,8
176,6,2,6
177,6,2,6
178,1,5,0
179,7,2,6
180,6,2,6
181,6,2,6
182,8,3,2
183,5,2,6
184,4,2,6
185,6,2,6
186,5,2,6
187,7,2,6
188,6,3,2
189,6,2,6
190,6,2,6
191,6,2,6
192,6,2,6
193,8,2,6
194,6,2,6
195,6,2,6
196,6,2,6
197,8,2,6
198,6,2,6
199,6,2,6
200,1,2,6
201,1,2,6
202,6,2,6
203,7,2,6
204,6,2,6
205,6,2,6
206,6,2,6
207,1,2,6
208,7,2,6
209,6,2,6
210,1,2,6
211,6,2,6
212,6,2,6
213,8,2,6
214,5,2,6
215,6,3,2
216,6,2,6
217,6,2,6
218,6,2,6
219,6,2,6
220,6,2,6
221,2,3,2
222,6,2,6
223,2,2,6
224,7,2,6
225,5,2,6
226,6,2,6
227,6,2,6
228,6,2,6
229,4,2,6
230,6,2,6
231,6,2,6
232,8,7,8
233,6,2,6
234,6,2,6
235,2,2,6
236,6,2,6
237,2,2,6
238,7,2,6
239,1,2,6
240,6,2,6
241,6,2,6
242,6,2,6
243,8,2,6
244,6,2,6
245,8,2,6
246,6,2,6
247,6,2,6
248,1,2,6
249,6,2,6
250,6,2,6
251,6,1,4
252,6,2,6
253,1,2,6
254,6,2,6
255,6,2,6
256,6,2,6
257,6,2,6
258,6,3,2
259,6,3,2
260,2,2,6
261,1,2,6
262,2,0,1
263,7,2,6
264,6,2,6
265,6,2,6
266,6,2,6
267,6,2,6
268,6,2,6
269,6,3,2
270,2,2,6
271,6,7,8
272,6,1,4
273,5,7,8
274,6,2,6
275,5,6,5
276,8,2,6
277,8,2,6
278,6,2,6
279,6,2,6
280,7,2,6
281,6,2,6
282,6,2,6
283,6,2,6
284,1,2,6
285,6,2,6
286,6,2,6
287,6,2,6
288,6,3,2
289,6,2,6
290,6,2,6
291,6,2,6
292,6,2,6
293,6,2,6
294,6,3,2
295,6,2,6
296,6,2,6
297,7,2,6
298,8,2,6
299,6,2,6
300,6,2,6
301,5,2,6
302,8,2,6
303,6,2,6
304,6,2,6
305,6,2,6
306,6,1,4
307,7,2,6
308,6,2,6
309,6,2,6
310,6,2,6
311,6,2,6
312,7,2,6
313,1,2,6
314,1,2,6
315,7,1,4
316,6,2,6
317,6,2,6
318,6,3,2
319,6,2,6
320,8,2,6
321,6,2,6
322,6,2,6
323,7,2,6
324,6,2,6
325,6,2,6
326,2,0,1
327,8,2,6
328,6,1,4
329,5,2,6
330,6,2,6
331,2,0,1
332,1,2,6
333,6,2,6
334,5,2,6
335,2,2,6
336,6,2,6
337,5,2,6
338,6,2,6
339,6,2,6
340,8,2,6
341,1,5,0
342,6,3,2
343,6,2,6
344,6,3,2
345,2,2,6
346,6,2,6
347,6,2,6
348,8,2,6
349,6,2,6
350,6,2,6
351,6,2,6
352,8,2,6
353,5,2,6
354,6,2,6
355,6,2,6
356,6,2,6
357,8,2,6
358,6,3,2
359,6,2,6
360,1,5,0
361,6,2,6
362,6,2,6
363,6,2,6
364,6,2,6
365,6,2,6
366,2,2,6
367,6,2,6
368,6,2,6
369,8,2,6
370,6,2,6
371,6,2,6
372,6,2,6
373,6,2,6
374,6,2,6
375,6,2,6
376,6,3,2
377,6,2,6
378,7,2,6
379,1,2,6
380,6,2,6
381,6,2,6
382,6,3,2
383,6,2,6
384,6,2,6
385,8,2,6
386,6,2,6
387,6,2,6
388,6,3,2
389,6,2,6
390,7,8,7
391,6,2,6
392,6,2,6
393,6,2,6
394,6,2,6
395,6,2,6
396,7,2,6
397,6,2,6
398,6,2,6
399,6,3,2
400,8,2,6
401,5,6,5
402,7,2,6
403,6,2,6
404,6,2,6
405,6,2,6
406,7,2,6
407,6,2,6
408,8,2,6
409,6,1,4
410,6,2,6
411,2,2,6
412,8,2,6
413,6,2,6
414,5,2,6
415,1,2,6
416,6,2,6
417,8,2,6
418,6,2,6
419,7,2,6
420,6,2,6
421,6,2,6
422,6,2,6
423,6,2,6
424,6,2,6
425,2,2,6
426,6,3,2
427,6,2,6
428,6,2,6
429,6,2,6
430,2,2,6
431,6,2,6
432,6,2,6
433,1,2,6
434,7,2,6
435,6,2,6
436,6,2,6
437,6,2,6
438,6,2,6
439,7,2,6
440,8,2,6
441,6,2,6
442,6,2,6
443,8,2,6
444,6,2,6
445,1,2,6
446,6,2,6
447,2,2,6
448,6,2,6
449,6,2,6
450,6,2,6
451,8,2,6
452,5,2,6
453,5,2,6
454,6,2,6
455,6,2,6
456,6,2,6
457,5,2,6
458,6,2,6
459,6,2,6
460,6,2,6
461,6,2,6
462,8,2,6
463,1,2,6
464,6,2,6
465,6,2,6
466,6,2,6
467,6,2,6
468,6,2,6
469,8,2,6
470,4,2,6
471,6,2,6
472,6,2,6
473,6,2,6
474,8,2,6
475,6,2,6
476,6,2,6
477,5,2,6
478,6,3,2
479,8,2,6
480,6,2,6
481,6,2,6
482,5,2,6
483,6,2,6
484,6,2,6
485,6,2,6
486,6,2,6
487,6,2,6
488,6,2,6
489,6,1,4
490,1,3,2
491,6,2,6
492,6,2,6
493,6,2,6
494,6,2,6
495,6,2,6
496,8,2,6
497,2,4,3
498,6,2,6
499,6,2,6
500,6,2,6
501,6,2,6
502,6,2,6
503,6,2,6
504,1,2,6
505,6,2,6
506,2,2,6
507,6,2,6
508,5,2,6
509,6,2,6
510,6,2,6
511,8,2,6
512,6,2,6
513,6,2,6
514,6,2,6
515,6,2,6
516,6,2,6
517,6,2,6
518,6,2,6
519,5,2,6
520,6,2,6
521,6,3,2
522,6,2,6
523,1,2,6
524,6,2,6
525,7,2,6
526,7,2,6
527,2,3,2
528,6,2,6
529,6,2,6
530,7,2,6
531,6,2,6
532,5,2,6
533,6,2,6
534,2,2,6
535,6,2,6
536,6,2,6
537,6,2,6
538,5,2,6
539,6,2,6
540,6,2,6
541,5,2,6
542,7,3,2
543,6,2,6
544,2,2,6
545,2,2,6
546,6,2,6
547,6,2,6
548,6,2,6
549,5,2,6
550,6,2,6
551,8,7,8
552,6,2,6
553,6,2,6
554,6,2,6
555,6,2,6
556,6,0,1
557,6,2,6
558,6,2,6
559,7,2,6
560,5,2,6
561,8,2,6
562,6,2,6
563,1,3,2
564,6,2,6
565,8,2,6
566,6,2,6
567,6,2,6
568,6,2,6
569,5,3,2
570,7,2,6
571,7,2,6
572,6,2,6
573,8,2,6
574,5,2,6
575,6,2,6
576,6,2,6
577,6,2,6
578,6,3,2
579,6,2,6
580,1,2,6
581,6,2,6
582,5,2,6
583,7,2,6
584,2,2,6
585,5,2,6
586,6,2,6
587,6,2,6
588,6,2,6
589,6,2,6
590,6,2,6
591,6,2,6
592,6,2,6
593,6,2,6
594,6,2,6
595,6,2,6
596,8,2,6
597,6,2,6
598,6,2,6
599,6,2,6
600,6,2,6
601,8,2,6
602,7,2,6
603,8,2,6
604,6,3,2
605,6,2,6
606,6,2,6
607,6,2,6
608,6,2,6
609,6,2,6
610,6,2,6
611,6,3,2
612,2,2,6
613,6,2,6
614,6,2,6
615,6,2,6
616,6,2,6
617,5,2,6
618,6,2,6
619,6,2,6
620,8,2,6
621,6,2,6
622,7,2,6
623,6,2,6
624,6,2,6
625,6,3,2
626,6,2,6
627,8,0,1
628,6,2,6
629,6,3,2
630,6,2,6
631,6,2,6
632,6,2,6
633,6,2,6
634,6,2,6
635,5,2,6
636,8,3,2
637,1,2,6
638,8,2,6
639,6,3,2
640,6,2,6
641,8,2,6
642,2,2,6
643,6,2,6
644,6,3,2
645,6,2,6
646,8,2,6
647,2,2,6
648,6,2,6
649,7,2,6
650,6,2,6
651,7,2,6
652,5,2,6
653,6,2,6
654,6,2,6
655,6,2,6
656,8,2,6
657,8,2,6
658,2,3,2
659,6,2,6
660,1,2,6
661,7,2,6
662,6,2,6
663,6,2,6
664,1,2,6
665,6,2,6
666,6,2,6
667,7,2,6
668,8,2,6
669,4,2,6
670,8,2,6
671,6,2,6
672,6,2,6
673,1,2,6
674,8,2,6
675,8,2,6
676,6,2,6
677,2,5,0
678,6,2,6
679,6,2,6
680,6,2,6
681,5,2,6
682,6,2,6
683,2,2,6
684,5,2,6
685,6,2,6
686,6,2,6
687,8,2,6
688,8,2,6
689,6,2,6
690,6,2,6
691,6,2,6
692,6,2,6
693,6,2,6
694,6,2,6
695,6,2,6
696,8,2,6
697,2,2,6
698,6,2,6
699,2,2,6
700,7,2,6
701,6,2,6
702,6,2,6
703,8,3,2
704,8,2,6
705,6,2,6
706,6,2,6
707,7,2,6
708,6,2,6
709,6,2,6
710,6,2,6
711,6,2,6
712,6,3,2
713,6,2,6
714,2,0,1
715,1,2,6
716,6,2,6
717,6,2,6
718,6,2,6
719,6,2,6
720,8,5,0
721,6,2,6
722,5,3,2
723,6,2,6
724,1,0,1
725,6,2,6
726,6,2,6
727,6,2,6
728,5,2,6
729,6,2,6
730,6,2,6
731,6,2,6
732,6,3,2
733,5,2,6
734,6,2,6
735,6,2,6
736,6,2,6
737,6,2,6
738,6,2,6
739,6,2,6
740,6,2,6
741,6,2,6
742,6,2,6
743,6,2,6
744,8,2,6
745,5,2,6
746,6,2,6
747,6,2,6
748,5,2,6
749,2,2,6
750,6,3,2
751,2,2,6
752,6,2,6
753,6,2,6
754,6,2,6
755,6,2,6
756,2,2,6
757,6,2,6
758,6,2,6
759,6,2,6
760,5,2,6
761,6,2,6
762,6,2,6
763,6,2,6
764,8,7,8
765,6,2,6
766,6,2,6
767,6,2,6
768,5,2,6
769,2,2,6
770,6,2,6
771,6,2,6
772,6,2,6
773,6,2,6
774,8,2,6
775,6,2,6
776,6,1,4
777,7,2,6
778,6,2,6
779,5,2,6
780,6,2,6
781,5,2,6
782,6,2,6
783,6,2,6
784,1,2,6
785,1,2,6
786,6,2,6
787,6,2,6
788,6,1,4
789,8,2,6
790,7,2,6
791,6,2,6
792,6,2,6
793,6,2,6
794,6,2,6
795,8,2,6
796,6,2,6
797,6,3,2
798,7,2,6
799,7,2,6
800,7,2,6
801,6,2,6
802,6,2,6
803,6,2,6
804,6,2,6
805,6,2,6
806,6,2,6
807,6,2,6
808,6,2,6
809,6,2,6
810,8,2,6
811,5,2,6
812,8,3,2
813,6,2,6
814,6,2,6
815,6,2,6
816,6,3,2
817,1,0,1
818,6,2,6
819,6,3,2
820,7,2,6
821,6,2,6
822,8,2,6
823,7,2,6
824,6,2,6
825,6,2,6
826,3,2,6
827,8,2,6
828,5,2,6
829,6,2,6
830,5,2,6
831,7,2,6
832,6,2,6
833,2,2,6
834,7,2,6
835,6,2,6
836,7,2,6
837,7,2,6
838,5,2,6
839,6,2,6
840,2,2,6
841,7,2,6
842,6,2,6
843,6,2,6
844,7,2,6
845,6,2,6
846,6,2,6
847,6,2,6
848,7,2,6
849,6,2,6
850,8,2,6
851,6,3,2
852,6,2,6
853,7,2,6
854,6,5,0
855,6,2,6
856,6,2,6
857,6,3,2
858,1,2,6
859,5,2,6
860,6,2,6
861,6,2,6
862,6,2,6
863,5,2,6
864,6,3,2
865,6,2,6
866,6,2,6
867,6,2,6
868,6,2,6
869,6,2,6
870,1,2,6
871,4,2,6
872,6,2,6
873,8,2,6
874,6,2,6
875,6,2,6
876,6,2,6
877,6,2,6
878,6,3,2
879,6,2,6
880,8,2,6
881,6,2,6
882,5,2,6
883,7,2,6
884,6,2,6
885,8,2,6
886,5,2,6
887,6,2,6
888,6,2,6
889,6,2,6
890,6,2,6
891,1,2,6
892,8,2,6
893,8,3,2
894,6,2,6
895,6,2,6
896,8,2,6
897,6,3,2
898,6,2,6
899,6,2,6
900,8,2,6
901,6,2,6
902,1,2,6
903,6,2,6
904,6,2,6
905,6,2,6
906,7,2,6
907,6,2,6
908,6,2,6
909,1,0,1
910,6,2,6
911,6,2,6
912,6,2,6
913,6,2,6
914,7,2,6
915,6,2,6
916,7,2,6
917,6,3,2
918,4,2,6
919,6,2,6
920,6,2,6
921,6,2,6
922,6,2,6
923,8,2,6
924,6,2,6
925,6,2,6
926,6,2,6
927,6,2,6
928,7,2,6
929,6,7,8
930,6,2,6
931,6,2,6
932,8,7,8
933,6,2,6
934,6,2,6
935,6,2,6
936,6,2,6
937,6,2,6
938,6,2,6
939,2,2,6
940,6,3,2
941,6,2,6
942,2,4,3
943,6,2,6
944,7,2,6
945,6,2,6
946,6,2,6
947,3,2,6
948,6,2,6
949,6,2,6
950,6,2,6
951,6,2,6
952,6,2,6
953,6,2,6
954,6,2,6
955,8,2,6
956,6,2,6
957,6,2,6
958,6,2,6
959,2,2,6
960,7,2,6
961,7,2,6
962,8,2,6
963,8,2,6
964,5,2,6
965,2,2,6
966,6,2,6
967,6,2,6
968,6,2,6
969,6,2,6
970,7,2,6
971,6,2,6
972,6,2,6
973,8,2,6
974,6,3,2
975,6,2,6
976,5,2,6
977,2,4,3
978,1,2,6
979,8,2,6
980,6,2,6
981,7,2,6
982,6,2,6
983,6,3,2
984,6,2,6
985,6,2,6
986,6,2,6
987,6,2,6
988,6,2,6
989,2,2,6
990,6,2,6
991,6,2,6
992,6,2,6
993,5,2,6
994,6,2,6
995,4,3,2
996,6,2,6
997,6,2,6
998,6,2,6
999,6,2,6
1000,6,2,6
1001,2,2,6
1002,6,2,6
1003,6,2,6
1004,6,2,6
1005,6,3,2
1006,7,2,6
1007,6,2,6
1008,2,2,6
1009,6,2,6
1010,6,2,6
1011,8,2,6
1012,6,3,2
1013,6,2,6
1014,6,2,6
1015,6,2,6
1016,7,2,6
1017,8,2,6
1018,6,2,6
1019,6,2,6
1020,6,2,6
1021,6,2,6
1022,6,2,6
1023,6,5,0
1024,8,2,6
1025,5,2,6
1026,6,2,6
1027,6,2,6
1028,6,2,6
1029,6,2,6
1030,6,2,6
1031,6,2,6
1032,1,2,6
1033,4,2,6
1034,1,2,6
1035,5,2,6
1036,8,2,6
1037,6,2,6
1038,6,2,6
1039,6,2,6
1040,6,2,6
1041,3,2,6
1042,6,2,6
1043,5,2,6
1044,2,2,6
1045,6,3,2
1046,6,2,6
1047,6,3,2
1048,7,2,6
1049,6,2,6
1050,6,2,6
1051,6,2,6
1052,6,2,6
1053,6,2,6
1054,6,2,6
1055,6,2,6
1056,6,3,2
1057,6,2,6
1058,1,2,6
1059,6,2,6
1060,6,2,6
1061,1,2,6
1062,2,2,6
1063,6,2,6
1064,6,2,6
1065,6,2,6
1066,5,0,1
1067,7,3,2
1068,6,2,6
1069,6,2,6
1070,7,2,6
1071,6,2,6
1072,5,2,6
1073,6,2,6
1074,1,2,6
1075,6,3,2
1076,8,2,6
1077,6,2,6
1078,6,2,6
1079,8,5,0
1080,2,2,6
1081,3,3,2
1082,6,2,6
1083,2,3,2
1084,6,2,6
1085,6,2,6
1086,6,2,6
1087,6,2,6
1088,6,2,6
1089,6,3,2
1090,8,2,6
1091,8,7,8
1092,6,2,6
1093,2,2,6
1094,6,2,6
1095,6,2,6
1096,6,2,6
1097,1,2,6
1098,8,2,6
1099,7,2,6
1100,6,2,6
1101,6,2,6
1102,6,2,6
1103,2,3,2
1104,8,2,6
1105,2,2,6
1106,6,2,6
1107,1,2,6
1108,6,2,6
1109,7,3,2
1110,6,2,6
1111,6,2,6
1112,8,2,6
1113,1,2,6
1114,6,2,6
1115,2,5,0
1116,6,2,6
1117,6,2,6
1118,6,2,6
1119,7,2,6
1120,8,2,6
1121,5,2,6
1122,7,2,6
1123,1,2,6
1124,7,2,6
1125,6,2,6
1126,6,2,6
1127,3,2,6
1128,6,2,6
1129,7,2,6
1130,6,2,6
1131,5,2,6
1132,6,2,6
1133,6,2,6
1134,6,2,6
1135,6,2,6
1136,5,2,6
1137,6,2,6
1138,6,2,6
1139,8,2,6
1140,1,2,6
1141,6,2,6
1142,6,2,6
1143,6,2,6
1144,6,3,2
1145,6,2,6
1146,6,2,6
1147,2,2,6
1148,7,2,6
1149,2,2,6
1150,8,2,6
1151,6,2,6
1152,6,2,6
1153,1,2,6
1154,6,2,6
1155,6,2,6
1156,2,2,6
1157,6,2,6
1158,7,2,6
1159,6,2,6
1160,6,3,2
1161,6,2,6
1162,6,2,6
1163,6,2,6
1164,6,2,6
1165,2,0,1
1166,6,2,6
1167,8,2,6
1168,6,2,6
1169,6,2,6
1170,6,2,6
1171,8,2,6
1172,8,2,6
1173,6,2,6
1174,1,2,6
1175,6,2,6
1176,6,2,6
1177,7,2,6
1178,6,2,6
1179,7,2,6
1180,5,2,6
1181,6,2,6
1182,6,2,6
1183,6,2,6
1184,6,2,6
1185,6,2,6
1186,6,2,6
1187,6,2,6
1188,6,2,6
1189,6,2,6
1190,7,2,6
1191,6,2,6
1192,6,1,4
1193,6,2,6
1194,2,2,6
1195,6,2,6
1196,8,2,6
1197,6,2,6
1198,6,2,6
1199,8,2,6
1200,1,2,6
1201,6,2,6
1202,6,2,6
1203,6,2,6
1204,6,2,6
1205,6,2,6
1206,6,2,6
1207,6,2,6
1208,5,2,6
1209,7,2,6
1210,2,0,1
1211,1,2,6
1212,6,3,2
1213,6,2,6
1214,6,2,6
1215,2,2,6
1216,2,2,6
1217,6,2,6
1218,8,2,6
1219,8,2,6
1220,8,7,8
1221,6,2,6
1222,6,3,2
1223,6,2,6
1224,6,2,6
1225,6,2,6
1226,6,2,6
1227,2,3,2
1228,6,2,6
1229,6,2,6
1230,5,2,6
1231,8,3,2
1232,5,2,6
1233,6,2,6
1234,7,2,6
1235,7,2,6
1236,2,2,6
1237,6,2,6
1238,6,2,6
1239,6,2,6
1240,6,2,6
1241,6,2,6
1242,6,2,6
1243,6,2,6
1244,6,2,6
1245,6,3,2
1246,6,2,6
1247,2,2,6
1248,6,2,6
1249,6,2,6
1250,8,7,8
1251,2,2,6
1252,2,3,2
1253,5,2,6
1254,6,2,6
1255,6,2,6
1256,8,2,6
1257,6,2,6
1258,6,2,6
1259,7,2,6
1260,6,2,6
1261,5,2,6
1262,6,2,6
1263,6,2,6
1264,6,2,6
1265,8,2,6
1266,7,2,6
1267,6,2,6
1268,8,2,6
1269,6,2,6
1270,6,2,6
1271,5,2,6
1272,6,2,6
1273,6,2,6
1274,6,2,6
1275,2,2,6
1276,8,2,6
1277,6,2,6
1278,6,2,6
1279,6,2,6
1280,2,2,6
1281,1,2,6
1282,6,2,6
1283,2,2,6
1284,6,2,6
1285,2,2,6
1286,8,2,6
1287,2,2,6
1288,6,2,6
1289,2,2,6
1290,2,2,6
1291,6,2,6
1292,6,2,6
1293,6,2,6
1294,6,2,6
1295,6,2,6
1296,6,2,6
1297,7,2,6
1298,6,2,6
1299,4,2,6
1300,6,2,6
1301,6,2,6
1302,4,2,6
1303,6,2,6
1304,6,2,6
1305,6,2,6
1306,6,2,6
1307,6,2,6
1308,6,2,6
1309,7,2,6
1310,5,3,2
1311,6,2,6
1312,6,3,2
1313,6,2,6
1314,7,2,6
1315,6,2,6
1316,6,2,6
1317,6,2,6
1318,6,2,6
1319,7,2,6
1320,5,2,6
1321,6,2,6
1322,6,2,6
1323,6,2,6
1324,5,2,6
1325,6,2,6
1326,8,2,6
1327,2,2,6
1328,5,2,6
1329,6,2,6
1330,6,2,6
1331,2,2,6
1332,6,2,6
1333,6,2,6
1334,6,2,6
1335,6,2,6
1336,6,2,6
1337,6,3,2
1338,6,2,6
1339,6,2,6
1340,6,2,6
1341,6,2,6
1342,6,3,2
1343,6,2,6
1344,6,2,6
1345,6,2,6
1346,6,2,6
1347,2,2,6
1348,6,2,6
1349,6,2,6
1350,7,2,6
1351,2,2,6
1352,6,2,6
1353,6,2,6
1354,6,0,1
1355,2,3,2
1356,8,2,6
1357,1,2,6
1358,6,2,6
1359,6,2,6
1360,6,2,6
1361,6,3,2
1362,7,2,6
1363,6,2,6
1364,6,2,6
1365,6,2,6
1366,7,2,6
1367,8,2,6
1368,6,2,6
1369,4,2,6
1370,8,7,8
1371,6,2,6
1372,2,3,2
1373,6,2,6
1374,6,2,6
1375,6,2,6
1376,6,2,6
1377,6,2,6
1378,1,2,6
1379,6,2,6
1380,6,2,6
1381,6,2,6
1382,6,2,6
1383,6,2,6
1384,6,5,0
1385,6,2,6
1386,1,2,6
1387,6,2,6
1388,2,2,6
1389,7,2,6
1390,8,2,6
1391,6,2,6
1392,6,2,6
1393,6,2,6
1394,7,2,6
1395,6,2,6
1396,6,2,6
1397,5,2,6
1398,6,2,6
1399,6,2,6
1400,1,2,6
1401,1,2,6
1402,5,2,6
1403,6,2,6
1404,1,5,0
1405,6,2,6
1406,6,2,6
1407,5,2,6
1408,7,2,6
1409,6,2,6
1410,6,2,6
1411,6,2,6
1412,6,2,6
1413,6,5,0
1414,6,2,6
1415,7,2,6
1416,6,2,6
1417,6,2,6
1418,6,5,0
1419,2,2,6
1420,2,4,3
1421,7,3,2
1422,6,2,6
1423,6,2,6
1424,6,2,6
1425,6,2,6
1426,6,2,6
1427,6,2,6
1428,6,2,6
1429,6,2,6
1430,1,2,6
1431,6,2,6
1432,6,2,6
1433,6,3,2
1434,8,2,6
1435,6,3,2
1436,6,2,6
1437,6,2,6
1438,6,2,6
1439,5,6,5
1440,8,2,6
1441,6,2,6
1442,8,2,6
1443,6,2,6
1444,6,2,6
1445,6,2,6
1446,6,2,6
1447,6,2,6
1448,6,1,4
1449,5,2,6
1450,6,2,6
1451,2,2,6
1452,2,2,6
1453,6,2,6
1454,6,2,6
1455,6,2,6
1456,7,2,6
1457,6,2,6
1458,5,2,6
1459,7,2,6
1460,6,2,6
1461,6,2,6
1462,6,2,6
1463,8,2,6
1464,8,2,6
1465,6,2,6
1466,6,2,6
1467,8,2,6
1468,8,2,6
1469,7,2,6
1470,7,7,8
1471,6,1,4
1472,6,2,6
1473,6,2,6
1474,6,2,6
1475,6,2,6
1476,3,2,6
1477,6,2,6
1478,6,2,6
1479,5,2,6
1480,6,2,6
1481,6,2,6
1482,6,2,6
1483,6,2,6
1484,8,2,6
1485,2,2,6
1486,6,2,6
1487,8,2,6
1488,8,2,6
1489,6,2,6
1490,6,2,6
1491,6,2,6
1492,7,2,6
1493,6,3,2
1494,8,2,6
1495,6,2,6
1496,6,2,6
1497,6,3,2
1498,8,7,8
1499,6,2,6
1500,6,2,6
1501,7,2,6
1502,6,2,6
1503,5,2,6
1504,6,2,6
1505,6,2,6
1506,6,2,6
1507,6,3,2
1508,6,3,2
1509,6,2,6
1510,6,2,6
1511,6,2,6
1512,5,4,3
1513,6,2,6
1514,6,2,6
1515,6,2,6
1516,7,2,6
1517,5,2,6
1518,6,2,6
1519,8,2,6
1520,5,2,6
1521,6,2,6
1522,7,8,7
1523,6,2,6
1524,6,2,6
1525,8,2,6
1526,1,2,6
1527,8,2,6
1528,6,2,6
1529,6,2,6
1530,6,2,6
1531,6,2,6
1532,6,2,6
1533,7,2,6
1534,8,2,6
1535,6,2,6
1536,6,2,6
1537,6,2,6
1538,4,2,6
1539,6,2,6
1540,6,2,6
1541,8,1,4
1542,6,2,6
1543,4,2,6
1544,6,2,6
1545,6,2,6
1546,6,1,4
1547,7,2,6
1548,1,2,6
1549,8,2,6
1550,6,2,6
1551,6,2,6
1552,6,2,6
1553,6,2,6
1554,6,2,6
1555,7,2,6
1556,6,2,6
1557,6,2,6
1558,6,2,6
1559,6,2,6
1560,6,2,6
1561,6,2,6
1562,8,2,6
1563,6,2,6
1564,8,7,8
1565,6,1,4
1566,6,2,6
1567,7,2,6
1568,5,2,6
1569,2,2,6
1570,6,2,6
1571,6,2,6
1572,7,2,6
1573,5,2,6
1574,6,2,6
1575,6,3,2
1576,6,0,1
1577,6,3,2
1578,6,7,8
1579,6,2,6
1580,6,2,6
1581,6,8,7
1582,6,2,6
1583,6,2,6
1584,6,2,6
1585,2,2,6
1586,1,2,6
1587,6,2,6
1588,6,2,6
1589,6,2,6
1590,6,3,2
1591,6,2,6
1592,6,2,6
1593,6,2,6
1594,6,2,6
1595,6,2,6
1596,6,2,6
1597,7,2,6
1598,1,2,6
1599,6,2,6
1600,6,2,6
1601,8,2,6
1602,8,2,6
1603,6,2,6
1604,6,2,6
1605,6,3,2
1606,6,2,6
1607,6,3,2
1608,2,2,6
1609,6,3,2
1610,6,5,0
1611,6,2,6
1612,6,3,2
1613,2,2,6
1614,6,3,2
1615,8,2,6
1616,6,2,6
1617,6,2,6
1618,6,2,6
1619,6,2,6
1620,4,2,6
1621,6,2,6
1622,8,1,4
1623,6,2,6
1624,6,2,6
1625,8,2,6
1626,6,3,2
1627,6,2,6
1628,7,2,6
1629,6,3,2
1630,5,2,6
1631,8,2,6
1632,8,2,6
1633,6,2,6
1634,6,2,6
1635,5,2,6
1636,6,2,6
1637,7,8,7
1638,8,2,6
1639,6,2,6
1640,2,2,6
1641,7,2,6
1642,2,2,6
1643,5,2,6
1644,2,2,6
1645,6,3,2
1646,6,2,6
1647,7,2,6
1648,6,2,6
1649,6,2,6
1650,6,2,6
1651,6,2,6
1652,6,2,6
1653,6,3,2
1654,6,2,6
1655,6,2,6
1656,6,2,6
1657,6,2,6
1658,6,2,6
1659,5,2,6
1660,6,2,6
1661,8,2,6
1662,0,5,0
1663,8,2,6
1664,0,2,6
1665,4,2,6
1666,6,2,6
1667,8,2,6
1668,6,2,6
1669,5,2,6
1670,6,2,6
1671,6,2,6
1672,8,2,6
1673,4,2,6
1674,6,2,6
1675,6,2,6
1676,6,2,6
1677,5,7,8
1678,6,2,6
1679,8,2,6
1680,2,2,6
1681,6,2,6
1682,8,2,6
1683,2,2,6
1684,6,7,8
1685,8,7,8
1686,8,7,8
1687,8,2,6
1688,6,2,6
1689,2,2,6
1690,5,2,6
1691,5,2,6
1692,6,2,6
1693,6,2,6
1694,5,2,6
1695,6,2,6
1696,5,2,6
1697,8,2,6
1698,2,2,6
1699,4,2,6
1700,5,2,6
1701,8,2,6
1702,8,2,6
1703,6,2,6
1704,8,7,8
1705,6,2,6
1706,6,2,6
1707,8,2,6
1708,8,2,6
1709,7,2,6
1710,6,4,3
1711,8,2,6
1712,8,2,6
1713,6,2,6
1714,2,2,6
1715,6,2,6
1716,6,2,6
1717,8,2,6
1718,7,2,6
1719,8,2,6
1720,8,2,6
1721,6,2,6
1722,8,7,8
1723,6,2,6
1724,7,2,6
1725,3,6,5
1726,6,2,6
1727,5,2,6
1728,8,7,8
1729,6,2,6
1730,6,2,6
1731,2,2,6
1732,7,2,6
1733,8,7,8
1734,6,2,6
1735,6,2,6
1736,6,2,6
1737,6,2,6
1738,6,2,6
1739,8,2,6
1740,8,2,6
1741,8,2,6
1742,7,2,6
1743,8,2,6
1744,2,2,6
1745,2,2,6
1746,6,2,6
1747,7,8,7
1748,6,3,2
1749,6,3,2
1750,8,2,6
1751,6,2,6
1752,6,7,8
1753,5,2,6
1754,8,2,6
1755,6,3,2
1756,6,2,6
1757,8,3,2
1758,2,2,6
1759,6,2,6
1760,6,2,6
1761,6,2,6
1762,6,2,6
1763,8,2,6
1764,6,2,6
1765,8,1,4
1766,6,2,6
1767,8,2,6
1768,6,2,6
1769,8,2,6
1770,6,2,6
1771,7,2,6
1772,6,2,6
1773,7,2,6
1774,2,2,6
1775,7,2,6
1776,8,2,6
1777,6,2,6
1778,8,7,8
1779,7,2,6
1780,8,2,6
1781,8,2,6
1782,1,2,6
1783,8,2,6
1784,6,3,2
1785,2,2,6
1786,2,2,6
1787,8,2,6
1788,6,2,6
1789,2,2,6
1790,7,2,6
1791,8,2,6
1792,6,2,6
1793,8,7,8
1794,8,2,6
1795,7,2,6
1796,2,2,6
1797,6,2,6
1798,2,2,6
1799,6,2,6
1800,8,2,6
1801,8,2,6
1802,2,2,6
1803,8,2,6
1804,7,2,6
1805,5,2,6
1806,6,2,6
1807,8,1,4
1808,7,2,6
1809,5,2,6
1810,6,2,6
1811,7,2,6
1812,6,2,6
1813,8,2,6
1814,7,2,6
1815,2,2,6
1816,8,2,6
1817,2,2,6
1818,6,2,6
1819,2,2,6
1820,6,2,6
1821,6,2,6
1822,8,7,8
1823,7,2,6
1824,2,2,6
1825,2,2,6
1826,2,0,1
1827,5,2,6
1828,4,2,6
1829,6,2,6
1830,8,2,6
1831,8,2,6
1832,7,2,6
1833,6,2,6
1834,6,2,6
1835,7,2,6
1836,6,2,6
1837,6,2,6
1838,6,2,6
1839,6,2,6
1840,2,2,6
1841,7,2,6
1842,7,2,6
1843,3,2,6
1844,7,2,6
1845,6,2,6
1846,5,2,6
1847,6,2,6
1848,2,2,6
1849,2,2,6
1850,2,2,6
1851,8,2,6
1852,6,2,6
1853,8,7,8
1854,7,2,6
1855,7,2,6
1856,7,2,6
1857,6,2,6
1858,5,2,6
1859,6,2,6
1860,6,2,6
1861,8,2,6
1862,5,2,6
1863,7,2,6
1864,5,2,6
1865,6,2,6
1866,6,2,6
1867,2,2,6
1868,2,2,6
1869,1,2,6
1870,8,2,6
1871,6,2,6
1872,4,2,6
1873,6,2,6
1874,6,2,6
1875,8,2,6
1876,6,3,2
1877,5,2,6
1878,6,2,6
1879,8,2,6
1880,2,2,6
1881,6,3,2
1882,8,2,6
1883,8,2,6
1884,3,2,6
1885,2,0,1
1886,8,2,6
1887,2,0,1
1888,2,2,6
1889,6,2,6
1890,6,2,6
1891,0,5,0
1892,6,2,6
1893,7,2,6
1894,6,2,6
1895,5,2,6
1896,7,2,6
1897,8,2,6
1898,6,3,2
1899,2,2,6
1900,5,2,6
1901,7,2,6
1902,2,2,6
1903,7,2,6
1904,4,2,6
1905,2,2,6
1906,2,2,6
1907,2,2,6
1908,7,2,6
1909,5,2,6
1910,6,2,6
1911,2,2,6
1912,8,3,2
1913,8,2,6
1914,1,2,6
1915,4,2,6
1916,6,2,6
1917,0,5,0
1918,8,2,6
1919,8,2,6
1920,7,2,6
1921,1,2,6
1922,6,2,6
1923,8,2,6
1924,5,2,6
1925,4,2,6
1926,2,2,6
1927,5,2,6
1928,8,2,6
1929,2,2,6
1930,0,5,0
1931,2,0,1
1932,8,2,6
1933,5,2,6
1934,8,2,6
1935,6,2,6
1936,6,2,6
1937,6,2,6
1938,5,6,5
1939,2,3,2
1940,8,2,6
1941,5,3,2
1942,6,2,6
1943,4,2,6
1944,8,2,6
1945,8,1,4
1946,1,2,6
1947,8,2,6
1948,6,2,6
1949,8,2,6
1950,6,2,6
1951,8,2,6
1952,6,2,6
1953,8,2,6
1954,7,2,6
1955,5,2,6
1956,2,2,6
1957,6,0,1
1958,6,2,6
1959,8,2,6
1960,2,2,6
1961,6,2,6
1962,8,2,6
1963,7,2,6
1964,8,2,6
1965,7,8,7
1966,7,2,6
1967,2,2,6
1968,2,2,6
1969,7,2,6
1970,7,2,6
1971,8,7,8
1972,7,2,6
1973,7,2,6
1974,5,2,6
1975,8,2,6
1976,7,2,6
1977,8,2,6
1978,8,2,6
1979,7,2,6
1980,2,2,6
1981,2,2,6
1982,6,2,6
1983,7,2,6
1984,7,8,7
1985,8,2,6
1986,8,2,6
1987,1,2,6
1988,8,2,6
1989,5,6,5
1990,5,2,6
1991,7,2,6
1992,2,2,6
1993,6,2,6
1994,7,2,6
1995,6,2,6
1996,2,2,6
1997,5,2,6
1998,2,2,6
1999,6,2,6
2000,2,2,6
2001,6,2,6
2002,6,2,6
2003,6,2,6
2004,6,2,6
2005,4,2,6
2006,8,2,6
2007,7,2,6
2008,6,2,6
2009,7,2,6
2010,6,2,6
2011,6,2,6
2012,8,2,6
2013,6,2,6
2014,2,4,3
2015,7,2,6
2016,6,2,6
2017,8,2,6
2018,8,2,6
2019,8,2,6
2020,4,2,6
2021,8,3,2
2022,6,2,6
2023,6,2,6
2024,6,2,6
2025,7,2,6
2026,2,2,6
2027,8,2,6
2028,5,2,6
2029,6,2,6
2030,6,2,6
2031,2,2,6
2032,2,2,6
2033,2,2,6
2034,2,4,3
2035,2,2,6
2036,7,2,6
2037,8,2,6
2038,8,2,6
2039,5,2,6
2040,2,2,6
2041,8,2,6
2042,6,3,2
2043,8,2,6
2044,8,7,8
2045,5,2,6
2046,5,2,6
2047,7,2,6
2048,4,2,6
2049,2,2,6
2050,6,2,6
2051,5,2,6
2052,6,2,6
2053,2,2,6
2054,2,2,6
2055,5,2,6
2056,5,2,6
2057,2,2,6
2058,8,3,2
2059,6,1,4
2060,6,2,6
2061,5,6,5
2062,5,2,6
2063,5,2,6
2064,8,7,8
2065,6,2,6
2066,5,2,6
2067,5,2,6
2068,6,2,6
2069,8,2,6
2070,7,2,6
2071,6,2,6
2072,5,2,6
2073,2,2,6
2074,6,2,6
2075,8,2,6
2076,2,2,6
2077,7,2,6
2078,7,2,6
2079,6,2,6
2080,7,2,6
2081,6,2,6
2082,2,2,6
2083,6,2,6
2084,3,2,6
2085,8,2,6
2086,6,2,6
2087,6,2,6
2088,5,2,6
2089,7,2,6
2090,2,2,6
2091,6,2,6
2092,1,2,6
2093,7,2,6
2094,8,2,6
2095,2,2,6
2096,7,3,2
2097,6,2,6
2098,5,2,6
2099,7,2,6
2100,5,2,6
2101,2,3,2
2102,8,2,6
2103,2,2,6
2104,5,2,6
2105,6,2,6
2106,6,2,6
2107,2,2,6
2108,5,2,6
2109,2,4,3
2110,8,2,6
2111,1,2,6
2112,2,2,6
2113,5,2,6
2114,6,2,6
2115,6,2,6
2116,6,4,3
2117,6,2,6
2118,8,2,6
2119,7,2,6
2120,0,2,6
2121,7,2,6
2122,8,7,8
2123,6,2,6
2124,8,2,6
2125,2,2,6
2126,8,2,6
2127,8,2,6
2128,2,2,6
2129,2,2,6
2130,8,2,6
2131,6,6,5
2132,6,2,6
2133,6,2,6
2134,6,2,6
2135,8,2,6
2136,8,2,6
2137,7,2,6
2138,8,2,6
2139,5,2,6
2140,6,2,6
2141,7,2,6
2142,2,2,6
2143,8,2,6
2144,7,2,6
2145,5,2,6
2146,8,2,6
2147,6,2,6
2148,8,2,6
2149,5,2,6
2150,7,2,6
2151,6,2,6
2152,8,2,6
2153,5,2,6
2154,7,2,6
2155,8,2,6
2156,8,2,6
2157,2,2,6
2158,6,2,6
2159,7,2,6
2160,8,2,6
2161,1,5,0
2162,0,5,0
2163,6,2,6
2164,6,2,6
2165,6,2,6
2166,5,2,6
2167,5,2,6
2168,7,2,6
2169,6,7,8
2170,6,3,2
2171,6,2,6
2172,6,2,6
2173,8,2,6
2174,8,2,6
2175,6,2,6
2176,1,2,6
2177,4,2,6
2178,7,2,6
2179,1,2,6
2180,7,2,6
2181,4,3,2
2182,8,2,6
2183,8,2,6
2184,8,2,6
2185,6,2,6
2186,6,2,6
2187,6,2,6
2188,6,2,6
2189,6,2,6
2190,8,2,6
2191,6,2,6
2192,8,2,6
2193,7,2,6
2194,8,2,6
2195,6,2,6
2196,8,2,6
2197,8,2,6
2198,5,2,6
2199,2,2,6
2200,8,2,6
2201,2,2,6
2202,5,2,6
2203,8,2,6
2204,2,2,6
2205,8,2,6
2206,6,2,6
2207,8,2,6
2208,1,2,6
2209,7,2,6
2210,8,2,6
2211,1,0,1
2212,7,2,6
2213,6,2,6
2214,5,2,6
2215,6,2,6
2216,7,2,6
2217,7,2,6
2218,7,2,6
2219,7,2,6
2220,7,2,6
2221,1,2,6
2222,4,2,6
2223,2,2,6
2224,8,2,6
2225,7,2,6
2226,5,2,6
2227,6,2,6
2228,8,2,6
2229,5,2,6
2230,2,2,6
2231,6,2,6
2232,6,2,6
2233,8,2,6
2234,8,2,6
2235,2,2,6
2236,6,2,6
2237,8,2,6
2238,5,2,6
2239,4,2,6
2240,2,2,6
2241,6,3,2
2242,8,2,6
2243,5,2,6
2244,7,2,6
2245,7,2,6
2246,8,2,6
2247,6,2,6
2248,8,2,6
2249,8,2,6
2250,8,2,6
2251,3,2,6
2252,8,2,6
2253,6,2,6
2254,6,2,6
2255,6,2,6
2256,6,2,6
2257,2,2,6
2258,8,2,6
2259,8,2,6
2260,6,2,6
2261,5,2,6
2262,4,2,6
2263,8,2,6
2264,6,2,6
2265,6,2,6
2266,8,2,6
2267,5,2,6
2268,6,2,6
2269,8,2,6
2270,5,2,6
2271,7,2,6
2272,2,2,6
2273,6,2,6
2274,1,2,6
2275,6,2,6
2276,8,2,6
2277,6,2,6
2278,6,2,6
2279,6,2,6
2280,6,2,6
2281,5,2,6
2282,4,2,6
2283,2,2,6
2284,7,2,6
2285,5,2,6
2286,4,2,6
2287,7,2,6
2288,7,2,6
2289,6,2,6
2290,6,2,6
2291,6,5,0
2292,7,2,6
2293,8,2,6
2294,6,2,6
2295,5,2,6
2296,2,2,6
2297,1,2,6
2298,8,2,6
2299,8,2,6
2300,7,8,7
2301,7,2,6
2302,8,2,6
2303,2,2,6
2304,5,2,6
2305,8,2,6
2306,7,2,6
2307,2,2,6
2308,7,2,6
2309,6,2,6
2310,8,2,6
2311,6,2,6
2312,8,2,6
2313,5,2,6
2314,5,3,2
2315,7,2,6
2316,8,2,6
2317,2,2,6
2318,6,2,6
2319,6,2,6
2320,6,2,6
2321,1,2,6
2322,8,2,6
2323,6,2,6
2324,8,3,2
2325,1,2,6
2326,5,2,6
2327,2,2,6
2328,1,2,6
2329,8,2,6
2330,6,2,6
2331,8,2,6
2332,1,2,6
2333,6,2,6
2334,8,2,6
2335,6,2,6
2336,2,2,6
2337,6,2,6
2338,2,2,6
2339,6,2,6
2340,1,5,0
2341,5,2,6
2342,6,2,6
2343,5,2,6
2344,2,2,6
2345,8,2,6
2346,8,2,6
2347,6,2,6
2348,2,2,6
2349,8,2,6
2350,8,2,6
2351,5,2,6
2352,2,3,2
2353,7,2,6
2354,8,2,6
2355,6,2,6
2356,7,2,6
2357,8,3,2
2358,8,2,6
2359,5,2,6
2360,8,2,6
2361,7,2,6
2362,5,2,6
2363,7,2,6
2364,6,2,6
2365,8,2,6
2366,8,2,6
2367,1,2,6
2368,8,2,6
2369,5,2,6
2370,5,2,6
2371,6,2,6
2372,8,2,6
2373,8,2,6
2374,8,2,6
2375,5,2,6
2376,8,2,6
2377,1,2,6
2378,7,2,6
2379,7,2,6
2380,8,2,6
2381,6,2,6
2382,7,2,6
2383,2,2,6
2384,6,2,6
2385,6,2,6
2386,5,2,6
2387,2,2,6
2388,8,7,8
2389,3,2,6
2390,5,2,6
2391,6,2,6
2392,6,2,6
2393,8,2,6
2394,8,2,6
2395,6,2,6
2396,6,5,0
2397,8,2,6
2398,1,2,6
2399,8,2,6
2400,8,2,6
2401,7,2,6
2402,8,2,6
2403,5,2,6
2404,2,2,6
2405,2,2,6
2406,6,2,6
2407,1,3,2
2408,2,2,6
2409,6,3,2
2410,7,2,6
2411,6,2,6
2412,5,2,6
2413,8,2,6
2414,6,2,6
2415,2,2,6
2416,6,2,6
2417,0,5,0
2418,8,2,6
2419,2,2,6
2420,7,2,6
2421,8,2,6
2422,5,2,6
2423,5,2,6
2424,8,2,6
2425,6,2,6
2426,8,2,6
2427,6,2,6
2428,7,2,6
2429,8,2,6
2430,6,2,6
2431,6,2,6
2432,7,2,6
2433,2,3,2
2434,6,2,6
2435,2,2,6
2436,2,2,6
2437,5,2,6
2438,6,2,6
2439,2,2,6
2440,8,2,6
2441,5,2,6
2442,8,2,6
2443,8,2,6
2444,6,2,6
2445,8,2,6
2446,5,2,6
2447,6,2,6
2448,2,2,6
2449,6,2,6
2450,6,2,6
2451,8,2,6
2452,8,2,6
2453,2,2,6
2454,6,2,6
2455,7,2,6
2456,8,2,6
2457,6,2,6
2458,6,2,6
2459,2,2,6
2460,7,2,6
2461,2,2,6
2462,7,2,6
2463,0,5,0
2464,7,2,6
2465,6,2,6
2466,6,2,6
2467,8,2,6
2468,2,2,6
2469,7,2,6
2470,1,2,6
2471,2,0,1
2472,8,7,8
2473,6,2,6
2474,5,2,6
2475,8,2,6
2476,6,2,6
2477,6,2,6
2478,6,2,6
2479,6,2,6
2480,8,2,6
2481,6,2,6
2482,8,2,6
2483,8,2,6
2484,8,2,6
2485,2,2,6
2486,7,2,6
2487,8,2,6
2488,8,2,6
2489,8,2,6
2490,6,2,6
2491,5,2,6
2492,8,2,6
2493,7,2,6
2494,8,2,6
2495,5,2,6
2496,2,2,6
2497,1,2,6
2498,2,2,6
2499,8,2,6
2500,6,2,6
2501,7,2,6
2502,8,2,6
2503,8,2,6
2504,6,2,6
2505,7,2,6
2506,6,2,6
2507,7,2,6
2508,6,2,6
2509,7,2,6
2510,2,2,6
2511,6,2,6
2512,6,2,6
2513,5,2,6
2514,7,2,6
2515,5,2,6
2516,6,2,6
2517,7,2,6
2518,6,3,2
2519,8,2,6
2520,4,2,6
2521,6,8,7
2522,6,2,6
2523,6,2,6
2524,5,2,6
2525,8,2,6
2526,2,2,6
2527,4,2,6
2528,7,2,6
2529,6,2,6
2530,7,2,6
2531,6,2,6
2532,2,2,6
2533,8,7,8
2534,2,0,1
2535,8,2,6
2536,2,2,6
2537,5,2,6
2538,2,2,6
2539,8,2,6
2540,5,2,6
2541,6,2,6
2542,6,2,6
2543,6,2,6
2544,5,2,6
2545,6,2,6
2546,7,2,6
2547,6,2,6
2548,6,2,6
2549,6,2,6
2550,6,2,6
2551,6,2,6
2552,7,2,6
2553,8,2,6
2554,8,2,6
2555,2,2,6
2556,8,2,6
2557,8,2,6
2558,8,2,6
2559,6,2,6
2560,1,2,6
2561,7,2,6
2562,6,2,6
2563,8,2,6
2564,5,2,6
2565,4,2,6
2566,6,2,6
2567,2,2,6
2568,6,2,6
2569,6,2,6
2570,2,7,8
2571,6,2,6
2572,7,2,6
2573,8,2,6
2574,6,2,6
2575,2,2,6
2576,6,2,6
2577,6,2,6
2578,2,3,2
2579,6,2,6
2580,8,2,6
2581,6,3,2
2582,2,2,6
2583,1,2,6
2584,5,2,6
2585,8,2,6
2586,6,2,6
2587,6,2,6
2588,8,2,6
2589,7,2,6
2590,6,2,6
2591,8,2,6
2592,8,2,6
2593,6,2,6
2594,8,3,2
2595,6,2,6
2596,7,2,6
2597,5,2,6
2598,8,2,6
2599,7,2,6
2600,6,2,6
2601,4,2,6
2602,8,2,6
2603,8,2,6
2604,8,2,6
2605,6,2,6
2606,7,2,6
2607,2,2,6
2608,6,2,6
2609,6,2,6
2610,8,1,4
2611,8,2,6
2612,1,2,6
2613,1,2,6
2614,8,2,6
2615,6,2,6
2616,5,2,6
2617,8,2,6
2618,6,2,6
2619,8,2,6
2620,5,2,6
2621,6,2,6
2622,8,2,6
2623,1,2,6
2624,8,7,8
2625,6,2,6
2626,7,2,6
2627,1,2,6
2628,1,2,6
2629,6,2,6
2630,8,2,6
2631,2,2,6
2632,8,2,6
2633,6,2,6
2634,6,2,6
2635,8,2,6
2636,6,2,6
2637,8,2,6
2638,8,2,6
2639,8,2,6
2640,6,2,6
2641,6,2,6
2642,6,2,6
2643,7,2,6
2644,4,2,6
2645,8,2,6
2646,8,2,6
2647,6,2,6
2648,8,2,6
2649,1,2,6
2650,1,2,6
2651,8,2,6
2652,8,2,6
2653,7,2,6
2654,5,3,2
2655,7,2,6
2656,7,2,6
2657,5,2,6
2658,8,2,6
2659,6,2,6
2660,8,2,6
2661,7,2,6
2662,8,2,6
2663,2,2,6
2664,1,2,6
2665,6,2,6
2666,7,2,6
2667,2,2,6
2668,6,2,6
2669,7,2,6
2670,8,2,6
2671,8,2,6
2672,6,2,6
2673,6,2,6
2674,7,2,6
2675,2,2,6
2676,6,2,6
2677,7,2,6
2678,8,2,6
2679,8,3,2
2680,6,2,6
2681,2,0,1
2682,8,2,6
2683,5,2,6
2684,8,7,8
2685,8,2,6
2686,8,2,6
2687,6,3,2
2688,2,2,6
2689,2,2,6
2690,8,3,2
2691,8,2,6
2692,6,2,6
2693,5,2,6
2694,7,2,6
2695,2,2,6
2696,2,2,6
2697,6,2,6
2698,8,2,6
2699,6,2,6
2700,2,2,6
2701,6,2,6
2702,6,2,6
2703,8,2,6
2704,1,2,6
2705,6,3,2
2706,2,2,6
2707,6,2,6
2708,6,2,6
2709,2,2,6
2710,4,2,6
2711,5,2,6
2712,7,2,6
2713,6,2,6
2714,8,2,6
2715,6,2,6
2716,7,2,6
2717,6,2,6
2718,8,2,6
2719,7,2,6
2720,6,3,2
2721,7,2,6
2722,8,3,2
2723,8,2,6
2724,7,2,6
2725,4,2,6
2726,6,2,6
2727,8,2,6
2728,2,2,6
2729,2,2,6
2730,7,2,6
2731,6,2,6
2732,7,2,6
2733,5,2,6
2734,7,2,6
2735,7,2,6
2736,2,2,6
2737,0,5,0
2738,6,2,6
2739,7,2,6
2740,7,2,6
2741,2,2,6
2742,4,2,6
2743,6,2,6
2744,8,2,6
2745,8,2,6
2746,6,2,6
2747,1,2,6
2748,6,2,6
2749,6,3,2
2750,7,3,2
2751,8,2,6
2752,6,2,6
2753,8,5,0
2754,6,2,6
2755,2,2,6
2756,7,3,2
2757,2,2,6
2758,6,2,6
2759,6,2,6
2760,8,2,6
2761,5,2,6
2762,1,2,6
2763,2,4,3
2764,6,2,6
2765,8,2,6
2766,8,2,6
2767,8,2,6
2768,6,2,6
2769,1,2,6
2770,7,2,6
2771,6,2,6
2772,6,2,6
2773,8,2,6
2774,7,2,6
2775,7,2,6
2776,6,2,6
2777,8,2,6
2778,6,2,6
2779,2,2,6
2780,2,2,6
2781,7,2,6
2782,6,2,6
2783,4,2,6
2784,8,2,6
2785,2,2,6
2786,8,2,6
2787,7,2,6
2788,8,2,6
2789,7,2,6
2790,1,2,6
2791,8,2,6
2792,6,2,6
2793,6,2,6
2794,5,2,6
2795,7,2,6
2796,5,2,6
2797,6,2,6
2798,3,2,6
2799,7,2,6
2800,6,2,6
2801,2,2,6
2802,6,2,6
2803,8,2,6
2804,8,2,6
2805,5,2,6
2806,7,2,6
2807,8,2,6
2808,8,2,6
2809,6,2,6
2810,7,2,6
2811,3,2,6
2812,6,2,6
2813,6,2,6
2814,8,2,6
2815,6,2,6
2816,8,2,6
2817,6,2,6
2818,0,2,6
2819,6,2,6
2820,8,3,2
2821,6,2,6
2822,8,2,6
2823,7,2,6
2824,6,2,6
2825,6,2,6
2826,8,2,6
2827,7,2,6
2828,5,2,6
2829,5,2,6
2830,6,2,6
2831,8,2,6
2832,7,2,6
2833,6,2,6
2834,6,2,6
2835,6,2,6
2836,8,2,6
2837,8,3,2
2838,4,2,6
2839,8,2,6
2840,6,2,6
2841,8,2,6
2842,7,2,6
2843,7,2,6
2844,6,2,6
2845,8,2,6
2846,6,2,6
2847,2,2,6
2848,1,2,6
2849,7,2,6
2850,8,2,6
2851,7,2,6
2852,5,2,6
2853,6,2,6
2854,6,2,6
2855,8,2,6
2856,5,2,6
2857,4,2,6
2858,5,2,6
2859,7,2,6
2860,7,2,6
2861,2,0,1
2862,6,2,6
2863,7,2,6
2864,8,2,6
2865,7,2,6
2866,8,2,6
2867,6,2,6
2868,1,0,1
2869,2,2,6
2870,6,2,6
2871,6,2,6
2872,8,2,6
2873,5,2,6
2874,2,2,6
2875,2,2,6
2876,2,2,6
2877,5,2,6
2878,7,2,6
2879,6,2,6
2880,6,2,6
2881,8,2,6
2882,5,3,2
2883,4,2,6
2884,8,2,6
2885,8,2,6
2886,1,3,2
2887,5,3,2
2888,2,2,6
2889,7,2,6
2890,4,2,6
2891,2,2,6
2892,2,2,6
2893,8,2,6
2894,7,2,6
2895,7,2,6
2896,8,2,6
2897,6,2,6
2898,5,3,2
2899,7,2,6
2900,8,7,8
2901,5,2,6
2902,2,2,6
2903,2,2,6
2904,7,3,2
2905,6,2,6
2906,8,2,6
2907,8,3,2
2908,2,2,6
2909,7,2,6
2910,6,2,6
2911,6,2,6
2912,8,2,6
2913,2,2,6
2914,8,2,6
2915,7,2,6
2916,6,2,6
2917,8,7,8
2918,5,2,6
2919,7,2,6
2920,8,2,6
2921,7,1,4
2922,5,2,6
2923,7,2,6
2924,2,2,6
2925,8,2,6
2926,7,2,6
2927,6,2,6
2928,2,2,6
2929,6,2,6
2930,5,2,6
2931,2,2,6
2932,7,2,6
2933,5,2,6
2934,7,2,6
2935,1,2,6
2936,8,2,6
2937,7,2,6
2938,2,2,6
2939,2,2,6
2940,7,2,6
2941,6,2,6
2942,7,2,6
2943,6,2,6
2944,2,2,6
2945,5,2,6
2946,7,2,6
2947,5,2,6
2948,4,2,6
2949,6,2,6
2950,6,2,6
2951,2,3,2
2952,1,2,6
2953,6,2,6
2954,5,6,5
2955,6,2,6
2956,7,2,6
2957,6,2,6
2958,2,2,6
2959,6,2,6
2960,8,2,6
2961,6,2,6
2962,8,2,6
2963,8,2,6
2964,6,2,6
2965,7,2,6
2966,6,2,6
2967,7,2,6
2968,2,2,6
2969,8,2,6
2970,6,2,6
2971,6,2,6
2972,7,2,6
2973,6,2,6
2974,6,2,6
2975,6,2,6
2976,4,2,6
2977,7,2,6
2978,6,2,6
2979,5,2,6
2980,5,2,6
2981,6,2,6
2982,6,2,6
2983,3,2,6
2984,8,2,6
2985,2,2,6
2986,7,2,6
2987,6,2,6
2988,6,2,6
2989,7,2,6
2990,5,2,6
2991,8,2,6
2992,6,2,6
2993,7,2,6
2994,8,2,6
2995,5,2,6
2996,8,2,6
2997,8,2,6
2998,6,2,6
2999,8,2,6
3000,6,2,6
3001,8,2,6
3002,5,2,6
3003,2,2,6
3004,6,2,6
3005,6,2,6
3006,7,2,6
3007,8,2,6
3008,6,2,6
3009,1,2,6
3010,6,2,6
3011,2,2,6
3012,8,1,4
3013,6,2,6
3014,2,3,2
3015,2,3,2
3016,6,2,6
3017,5,2,6
3018,5,2,6
3019,2,2,6
3020,8,2,6
3021,8,2,6
3022,6,2,6
3023,6,2,6
3024,5,2,6
3025,2,4,3
3026,6,2,6
3027,5,2,6
3028,8,2,6
3029,8,2,6
3030,8,2,6
3031,6,2,6
3032,6,2,6
3033,6,2,6
3034,8,2,6
3035,8,2,6
3036,6,2,6
3037,2,0,1
3038,8,2,6
3039,4,2,6
3040,5,4,3
3041,7,2,6
3042,6,2,6
3043,8,3,2
3044,2,3,2
3045,8,2,6
3046,8,2,6
3047,7,2,6
3048,8,2,6
3049,2,2,6
3050,2,2,6
3051,5,2,6
3052,7,8,7
3053,8,2,6
3054,5,2,6
3055,6,2,6
3056,8,2,6
3057,5,6,5
3058,8,2,6
3059,2,2,6
3060,6,2,6
3061,5,2,6
3062,2,2,6
3063,2,2,6
3064,5,2,6
3065,6,2,6
3066,7,2,6
3067,6,2,6
3068,8,2,6
3069,6,2,6
3070,7,2,6
3071,5,2,6
3072,0,2,6
3073,6,2,6
3074,6,2,6
3075,7,2,6
3076,7,2,6
3077,7,2,6
3078,8,2,6
3079,6,2,6
3080,6,2,6
3081,2,2,6
3082,7,2,6
3083,8,2,6
3084,2,2,6
3085,6,2,6
3086,6,2,6
3087,7,2,6
3088,8,2,6
3089,7,2,6
3090,6,3,2
3091,7,2,6
3092,6,2,6
3093,1,2,6
3094,5,2,6
3095,6,2,6
3096,6,2,6
3097,7,2,6
3098,6,2,6
3099,6,2,6
3100,8,2,6
3101,2,2,6
3102,8,2,6
3103,8,7,8
3104,6,2,6
3105,6,2,6
3106,8,2,6
3107,8,2,6
3108,6,2,6
3109,6,2,6
3110,6,2,6
3111,7,2,6
3112,6,2,6
3113,7,2,6
3114,8,2,6
3115,6,2,6
3116,8,2,6
3117,6,2,6
3118,6,8,7
3119,8,2,6
3120,6,1,4
3121,8,2,6
3122,5,2,6
3123,7,2,6
3124,6,2,6
3125,2,2,6
3126,2,2,6
3127,8,2,6
3128,6,2,6
3129,7,2,6
3130,2,2,6
3131,8,2,6
3132,8,2,6
3133,8,2,6
3134,7,2,6
3135,6,2,6
3136,8,2,6
3137,8,2,6
3138,6,2,6
3139,2,0,1
3140,7,2,6
3141,2,2,6
3142,8,2,6
3143,6,2,6
3144,8,2,6
3145,6,2,6
3146,7,2,6
3147,6,2,6
3148,8,0,1
3149,8,2,6
3150,8,2,6
3151,8,2,6
3152,8,2,6
3153,7,2,6
3154,0,2,6
3155,5,2,6
3156,6,2,6
3157,8,2,6
3158,8,2,6
3159,7,2,6
3160,2,2,6
3161,8,2,6
3162,8,2,6
3163,7,2,6
3164,8,2,6
3165,6,2,6
3166,7,2,6
3167,2,2,6
3168,8,2,6
3169,7,2,6
3170,8,2,6
3171,8,2,6
3172,7,2,6
3173,6,2,6
3174,7,2,6
3175,6,2,6
3176,1,2,6
3177,8,2,6
3178,3,2,6
3179,7,2,6
3180,5,2,6
3181,7,2,6
3182,0,5,0
3183,7,2,6
3184,2,2,6
3185,2,3,2
3186,6,2,6
3187,8,2,6
3188,4,2,6
3189,2,2,6
3190,6,2,6
3191,2,2,6
3192,6,2,6
3193,6,2,6
3194,7,2,6
3195,5,2,6
3196,6,2,6
3197,8,2,6
3198,2,2,6
3199,6,2,6
3200,8,2,6
3201,5,2,6
3202,6,2,6
3203,6,2,6
3204,5,2,6
3205,7,2,6
3206,6,2,6
3207,8,2,6
3208,8,5,0
3209,6,2,6
3210,2,2,6
3211,8,2,6
3212,7,2,6
3213,8,2,6
3214,7,2,6
3215,7,2,6
3216,5,2,6
3217,2,2,6
3218,6,2,6
3219,7,2,6
3220,6,2,6
3221,6,2,6
3222,1,2,6
3223,6,2,6
3224,6,2,6
3225,5,2,6
3226,0,5,0
3227,4,2,6
3228,2,2,6
3229,6,2,6
3230,8,2,6
3231,8,2,6
3232,6,2,6
3233,2,2,6
3234,6,2,6
3235,6,2,6
3236,7,2,6
3237,7,2,6
3238,1,2,6
3239,8,7,8
3240,6,2,6
3241,7,2,6
3242,6,2,6
3243,8,2,6
3244,8,2,6
3245,7,2,6
3246,7,2,6
3247,7,2,6
3248,6,2,6
3249,1,2,6
3250,7,2,6
3251,8,2,6
3252,7,2,6
3253,8,2,6
3254,5,6,5
3255,6,2,6
3256,2,2,6
3257,6,2,6
3258,6,2,6
3259,7,5,0
3260,8,2,6
3261,2,2,6
3262,2,2,6
3263,2,2,6
3264,7,2,6
3265,6,2,6
3266,7,2,6
3267,4,2,6
3268,8,2,6
3269,6,2,6
3270,2,2,6
3271,5,0,1
3272,6,7,8
3273,6,2,6
3274,8,2,6
3275,6,3,2
3276,8,2,6
3277,6,2,6
3278,7,2,6
3279,5,2,6
3280,7,2,6
3281,4,2,6
3282,6,2,6
3283,8,2,6
3284,6,2,6
3285,6,2,6
3286,5,2,6
3287,5,2,6
3288,2,2,6
3289,5,2,6
3290,6,2,6
3291,6,2,6
3292,7,2,6
3293,6,2,6
3294,7,2,6
3295,7,2,6
3296,7,2,6
3297,8,2,6
3298,2,2,6
3299,6,2,6
3300,0,5,0
3301,6,2,6
3302,6,3,2
3303,8,2,6
3304,1,2,6
3305,6,2,6
3306,8,2,6
3307,6,2,6
3308,8,2,6
3309,6,2,6
3310,7,2,6
3311,8,2,6
3312,3,2,6
3313,2,2,6
3314,6,2,6
3315,3,2,6
3316,8,7,8
3317,8,2,6
3318,6,2,6
3319,8,2,6
3320,2,2,6
3321,6,2,6
3322,5,2,6
3323,8,2,6
3324,5,2,6
3325,2,2,6
3326,6,2,6
3327,6,2,6
3328,8,2,6
3329,7,2,6
3330,7,2,6
3331,6,2,6
3332,6,2,6
3333,6,2,6
3334,6,2,6
3335,6,2,6
3336,2,2,6
3337,2,2,6
3338,8,2,6
3339,5,2,6
3340,5,2,6
3341,7,8,7
3342,8,2,6
3343,6,1,4
3344,2,2,6
3345,8,2,6
3346,8,2,6
3347,1,2,6
3348,7,2,6
3349,6,2,6
3350,6,2,6
3351,8,2,6
3352,8,2,6
3353,8,2,6
3354,8,2,6
3355,7,2,6
3356,5,2,6
3357,7,2,6
3358,2,2,6
3359,6,2,6
3360,2,4,3
3361,2,2,6
3362,4,2,6
3363,2,2,6
3364,6,2,6
3365,3,2,6
3366,1,2,6
3367,6,2,6
3368,6,2,6
3369,4,2,6
3370,6,2,6
3371,1,2,6
3372,6,2,6
3373,2,2,6
3374,6,2,6
3375,2,2,6
3376,2,2,6
3377,8,2,6
3378,6,2,6
3379,7,2,6
3380,0,5,0
3381,6,5,0
3382,6,2,6
3383,7,2,6
3384,6,2,6
3385,5,2,6
3386,6,2,6
3387,7,2,6
3388,5,2,6
3389,2,4,3
3390,4,2,6
3391,8,2,6
3392,1,2,6
3393,8,2,6
3394,7,2,6
3395,5,2,6
3396,6,5,0
3397,2,2,6
3398,2,0,1
3399,8,2,6
3400,2,2,6
3401,6,2,6
3402,2,2,6
3403,6,2,6
3404,4,3,2
3405,8,2,6
3406,8,3,2
3407,7,2,6
3408,6,2,6
3409,8,7,8
3410,6,2,6
3411,1,2,6
3412,5,2,6
3413,7,2,6
3414,6,2,6
3415,2,2,6
3416,2,3,2
3417,2,2,6
3418,5,2,6
3419,6,2,6
3420,6,2,6
3421,2,2,6
3422,6,2,6
3423,6,2,6
3424,2,2,6
3425,4,2,6
3426,8,2,6
3427,2,2,6
3428,8,2,6
3429,2,2,6
3430,1,2,6
3431,7,2,6
3432,2,2,6
3433,6,2,6
3434,6,2,6
3435,7,2,6
3436,7,2,6
3437,5,2,6
3438,0,5,0
3439,6,8,7
3440,7,5,0
3441,8,2,6
3442,5,2,6
3443,7,2,6
3444,5,2,6
3445,8,2,6
3446,8,2,6
3447,4,2,6
3448,6,2,6
3449,5,2,6
3450,8,2,6
3451,5,2,6
3452,6,2,6
3453,8,2,6
3454,7,2,6
3455,7,2,6
3456,8,2,6
3457,2,2,6
3458,1,2,6
3459,8,2,6
3460,2,2,6
3461,2,2,6
3462,6,2,6
3463,1,2,6
3464,5,2,6
3465,8,2,6
3466,6,2,6
3467,2,2,6
3468,5,2,6
3469,6,2,6
3470,5,2,6
3471,7,2,6
3472,7,2,6
3473,7,2,6
3474,3,2,6
3475,5,2,6
3476,6,2,6
3477,5,2,6
3478,7,2,6
3479,5,2,6
3480,8,2,6
3481,8,2,6
3482,7,8,7
3483,6,2,6
3484,2,2,6
3485,8,2,6
3486,7,2,6
3487,8,2,6
3488,6,2,6
3489,7,8,7
3490,6,2,6
3491,8,2,6
3492,7,2,6
3493,7,2,6
3494,1,2,6
3495,2,2,6
3496,5,6,5
3497,2,2,6
3498,2,2,6
3499,8,2,6
3500,6,2,6
3501,6,2,6
3502,6,2,6
3503,6,2,6
3504,8,1,4
3505,2,2,6
3506,1,2,6
3507,2,2,6
3508,8,7,8
3509,8,2,6
3510,2,2,6
3511,8,2,6
3512,8,2,6
3513,5,3,2
3514,8,2,6
3515,6,2,6
3516,8,2,6
3517,7,2,6
3518,6,2,6
3519,7,2,6
3520,7,2,6
3521,6,2,6
3522,2,2,6
3523,8,2,6
3524,6,5,0
3525,7,2,6
3526,8,2,6
3527,6,2,6
3528,8,2,6
3529,6,2,6
3530,6,2,6
3531,6,2,6
3532,6,2,6
3533,7,2,6
3534,5,6,5
3535,6,2,6
3536,6,2,6
3537,2,0,1
3538,7,2,6
3539,8,2,6
3540,6,2,6
3541,5,2,6
3542,2,2,6
3543,5,2,6
3544,3,2,6
3545,7,8,7
3546,5,2,6
3547,7,2,6
3548,8,2,6
3549,8,2,6
3550,7,2,6
3551,2,2,6
3552,7,2,6
3553,7,2,6
3554,6,2,6
3555,2,0,1
3556,2,2,6
3557,8,2,6
3558,8,2,6
3559,7,2,6
3560,8,3,2
3561,8,2,6
3562,2,2,6
3563,7,2,6
3564,8,2,6
3565,7,2,6
3566,6,2,6
3567,6,2,6
3568,6,2,6
3569,5,2,6
3570,8,2,6
3571,7,2,6
3572,8,2,6
3573,6,5,0
3574,2,2,6
3575,1,3,2
3576,7,2,6
3577,5,2,6
3578,2,4,3
3579,8,2,6
3580,5,2,6
3581,7,2,6
3582,6,2,6
3583,7,2,6
3584,1,2,6
3585,8,2,6
3586,8,2,6
3587,2,2,6
3588,8,2,6
3589,8,2,6
3590,8,2,6
3591,6,2,6
3592,5,2,6
3593,8,2,6
3594,6,2,6
3595,6,2,6
3596,6,2,6
3597,8,1,4
3598,1,2,6
3599,6,2,6
3600,7,2,6
3601,7,2,6
3602,7,2,6
3603,7,2,6
3604,6,2,6
3605,6,2,6
3606,7,2,6
3607,5,2,6
3608,1,2,6
3609,6,2,6
3610,6,2,6
3611,7,2,6
3612,6,2,6
3613,2,2,6
3614,4,2,6
3615,5,2,6
3616,7,2,6
3617,7,2,6
3618,2,2,6
3619,6,2,6
3620,8,2,6
3621,8,2,6
3622,7,2,6
3623,8,3,2
3624,8,2,6
3625,5,2,6
3626,7,2,6
3627,8,2,6
3628,8,2,6
3629,2,2,6
3630,7,2,6
3631,8,2,6
3632,6,2,6
3633,8,2,6
3634,8,2,6
3635,8,2,6
3636,5,2,6
3637,6,2,6
3638,8,2,6
3639,8,7,8
3640,8,2,6
3641,8,2,6
3642,8,2,6
3643,6,2,6
3644,8,2,6
3645,8,2,6
3646,7,2,6
3647,6,2,6
3648,8,2,6
3649,8,2,6
3650,2,2,6
3651,4,2,6
3652,5,2,6
3653,8,2,6
3654,7,2,6
3655,5,2,6
3656,6,2,6
3657,2,2,6
3658,2,2,6
3659,8,2,6
3660,6,2,6
3661,7,2,6
3662,5,3,2
3663,1,2,6
3664,2,2,6
3665,7,2,6
3666,5,2,6
3667,2,2,6
3668,6,2,6
3669,2,2,6
3670,8,3,2
3671,7,2,6
3672,8,3,2
3673,2,2,6
3674,8,2,6
3675,2,4,3
3676,6,2,6
3677,6,2,6
3678,6,2,6
3679,6,2,6
3680,7,2,6
3681,7,2,6
3682,6,2,6
3683,8,2,6
3684,2,0,1
3685,2,2,6
3686,6,2,6
3687,6,2,6
3688,7,2,6
3689,7,2,6
3690,4,2,6
3691,6,2,6
3692,2,2,6
3693,6,2,6
3694,6,2,6
3695,7,2,6
3696,7,2,6
3697,2,2,6
3698,6,2,6
3699,5,2,6
3700,7,2,6
3701,2,2,6
3702,8,2,6
3703,6,2,6
3704,8,2,6
3705,7,2,6
3706,2,3,2
3707,2,2,6
3708,7,2,6
3709,8,2,6
3710,7,2,6
3711,7,2,6
3712,8,2,6
3713,8,2,6
3714,7,2,6
3715,7,2,6
3716,5,2,6
3717,2,2,6
3718,5,2,6
3719,5,2,6
3720,6,2,6
3721,8,2,6
3722,6,2,6
3723,2,2,6
3724,8,2,6
3725,8,2,6
3726,6,2,6
3727,8,2,6
3728,2,2,6
3729,8,2,6
3730,8,1,4
3731,5,2,6
3732,6,2,6
3733,5,2,6
3734,2,2,6
3735,8,2,6
3736,6,2,6
3737,6,2,6
3738,6,2,6
3739,8,2,6
3740,7,2,6
3741,6,2,6
3742,8,2,6
3743,8,2,6
3744,2,2,6
3745,4,2,6
3746,2,2,6
3747,7,2,6
3748,2,2,6
3749,8,2,6
3750,6,2,6
3751,6,2,6
3752,2,2,6
3753,8,2,6
3754,5,2,6
3755,2,2,6
3756,4,2,6
3757,8,2,6
3758,2,2,6
3759,8,2,6
3760,6,2,6
3761,1,2,6
3762,2,2,6
3763,7,2,6
3764,8,3,2
3765,5,2,6
3766,6,3,2
3767,2,2,6
3768,6,2,6
3769,6,2,6
3770,2,3,2
3771,6,2,6
3772,5,2,6
3773,6,2,6
3774,2,2,6
3775,5,2,6
3776,6,2,6
3777,8,2,6
3778,8,2,6
3779,5,2,6
3780,8,2,6
3781,1,2,6
3782,2,2,6
3783,7,2,6
3784,1,2,6
3785,8,2,6
3786,7,2,6
3787,8,2,6
3788,2,2,6
3789,7,2,6
3790,8,2,6
3791,6,2,6
3792,6,2,6
3793,2,2,6
3794,2,2,6
3795,6,2,6
3796,5,2,6
3797,2,0,1
3798,6,5,0
3799,2,2,6
3800,6,2,6
3801,2,2,6
3802,6,2,6
3803,7,2,6
3804,8,5,0
3805,7,2,6
3806,6,2,6
3807,2,0,1
3808,6,2,6
3809,6,2,6
3810,6,2,6
3811,7,2,6
3812,8,2,6
3813,6,2,6
3814,1,2,6
3815,7,2,6
3816,6,7,8
3817,4,2,6
3818,7,2,6
3819,8,2,6
3820,6,2,6
3821,8,2,6
3822,8,2,6
3823,6,2,6
3824,2,2,6
3825,8,2,6
3826,2,2,6
3827,6,2,6
3828,8,2,6
3829,5,2,6
3830,8,2,6
3831,6,2,6
3832,7,2,6
3833,2,2,6
3834,2,2,6
3835,3,2,6
3836,5,2,6
3837,6,2,6
3838,2,2,6
3839,2,2,6
3840,8,2,6
3841,2,2,6
3842,7,2,6
3843,6,2,6
3844,8,2,6
3845,7,2,6
3846,7,2,6
3847,2,2,6
3848,8,2,6
3849,6,2,6
3850,6,2,6
3851,8,2,6
3852,5,2,6
3853,6,2,6
3854,2,2,6
3855,5,2,6
3856,8,2,6
3857,6,2,6
3858,7,2,6
3859,7,2,6
3860,1,2,6
3861,8,2,6
3862,7,2,6
3863,1,2,6
3864,7,2,6
3865,8,7,8
3866,7,2,6
3867,6,2,6
3868,7,8,7
3869,8,2,6
3870,2,2,6
3871,7,2,6
3872,2,2,6
3873,7,2,6
3874,8,3,2
3875,8,2,6
3876,8,2,6
3877,2,2,6
3878,8,2,6
3879,6,2,6
3880,8,2,6
3881,8,2,6
3882,6,2,6
3883,7,2,6
3884,6,2,6
3885,7,2,6
3886,8,2,6
3887,2,3,2
3888,6,2,6
3889,6,3,2
3890,8,2,6
3891,8,3,2
3892,7,2,6
3893,2,2,6
3894,2,2,6
3895,8,2,6
3896,6,2,6
3897,5,2,6
3898,8,2,6
3899,8,2,6
3900,6,2,6
3901,5,2,6
3902,6,2,6
3903,8,2,6
3904,8,2,6
3905,2,2,6
3906,1,2,6
3907,7,2,6
3908,8,2,6
3909,6,2,6
3910,8,5,0
3911,6,2,6
3912,4,2,6
3913,0,5,0
3914,1,2,6
3915,7,2,6
3916,8,2,6
3917,8,2,6
3918,6,2,6
3919,7,2,6
3920,5,2,6
3921,8,2,6
3922,2,1,4
3923,5,2,6
3924,8,3,2
3925,7,2,6
3926,6,2,6
3927,8,2,6
3928,7,8,7
3929,6,2,6
3930,7,2,6
3931,2,2,6
3932,7,2,6
3933,6,2,6
3934,1,2,6
3935,2,2,6
3936,8,2,6
3937,8,2,6
3938,6,2,6
3939,6,2,6
3940,8,7,8
3941,6,2,6
3942,2,2,6
3943,2,2,6
3944,6,2,6
3945,7,2,6
3946,8,2,6
3947,8,2,6
3948,6,2,6
3949,8,2,6
3950,7,2,6
3951,8,2,6
3952,7,2,6
3953,5,2,6
3954,8,2,6
3955,2,2,6
3956,6,2,6
3957,6,2,6
3958,8,2,6
3959,5,2,6
3960,8,2,6
3961,6,2,6
3962,6,2,6
3963,7,2,6
3964,8,2,6
3965,6,2,6
3966,2,2,6
3967,1,2,6
3968,8,2,6
3969,7,2,6
3970,6,2,6
3971,2,2,6
3972,5,2,6
3973,6,2,6
3974,3,2,6
3975,7,2,6
3976,2,2,6
3977,7,2,6
3978,6,2,6
3979,2,2,6
3980,8,3,2
3981,6,2,6
3982,7,2,6
3983,7,2,6
3984,7,2,6
3985,8,2,6
3986,4,2,6
3987,7,2,6
3988,8,7,8
3989,6,1,4
3990,6,2,6
3991,7,2,6
3992,8,2,6
3993,8,2,6
3994,6,2,6
3995,7,2,6
3996,6,2,6
3997,6,2,6
3998,5,2,6
3999,7,2,6
4000,1,0,1
4001,7,2,6
4002,2,3,2
4003,4,2,6
4004,2,2,6
4005,8,2,6
4006,6,2,6
4007,5,2,6
4008,8,2,6
4009,7,2,6
4010,5,2,6
4011,2,2,6
4012,2,2,6
4013,8,2,6
4014,8,2,6
4015,6,2,6
4016,6,2,6
4017,8,2,6
4018,2,2,6
4019,7,2,6
4020,2,2,6
4021,6,2,6
4022,8,2,6
4023,6,2,6
4024,8,2,6
4025,8,0,1
4026,5,2,6
4027,7,8,7
4028,2,3,2
4029,5,2,6
4030,6,2,6
4031,2,2,6
4032,8,2,6
4033,7,2,6
4034,5,3,2
4035,6,2,6
4036,6,2,6
4037,7,2,6
4038,6,2,6
4039,6,2,6
4040,8,2,6
4041,5,2,6
4042,6,2,6
4043,6,2,6
4044,6,2,6
4045,8,2,6
4046,1,2,6
4047,2,2,6
4048,5,2,6
4049,6,2,6
4050,6,2,6
4051,8,2,6
4052,1,2,6
4053,6,2,6
4054,7,2,6
4055,4,2,6
4056,4,2,6
4057,6,2,6
4058,8,2,6
4059,6,2,6
4060,2,2,6
4061,8,2,6
4062,8,1,4
4063,5,0,1
4064,5,2,6
4065,5,2,6
4066,8,2,6
4067,6,2,6
4068,6,2,6
4069,7,2,6
4070,1,2,6
4071,5,2,6
4072,6,2,6
4073,6,2,6
4074,8,2,6
4075,8,2,6
4076,6,2,6
4077,7,2,6
4078,6,2,6
4079,6,3,2
4080,2,2,6
4081,8,2,6
4082,8,2,6
4083,8,2,6
4084,6,2,6
4085,2,2,6
4086,8,2,6
4087,6,2,6
4088,1,2,6
4089,6,2,6
4090,7,2,6
4091,6,2,6
4092,1,2,6
4093,6,2,6
4094,1,2,6
4095,2,2,6
4096,8,2,6
4097,2,7,8
4098,4,2,6
4099,5,2,6
4100,2,2,6
4101,8,2,6
4102,2,3,2
4103,6,2,6
4104,8,2,6
4105,5,3,2
4106,2,2,6
4107,8,2,6
4108,8,2,6
4109,6,2,6
4110,6,2,6
4111,6,2,6
4112,8,3,2
4113,6,2,6
4114,8,3,2
4115,6,2,6
4116,7,2,6
4117,6,2,6
4118,8,2,6
4119,8,2,6
4120,6,2,6
4121,6,2,6
4122,1,2,6
4123,6,2,6
4124,6,3,2
4125,8,2,6
4126,5,2,6
4127,2,2,6
4128,7,2,6
4129,5,2,6
4130,5,2,6
4131,7,2,6
4132,8,2,6
4133,8,2,6
4134,1,2,6
4135,5,2,6
4136,6,2,6
4137,5,2,6
4138,6,2,6
4139,7,2,6
4140,8,2,6
4141,8,2,6
4142,8,2,6
4143,2,2,6
4144,7,2,6
4145,6,2,6
4146,2,2,6
4147,6,2,6
4148,1,2,6
4149,7,2,6
4150,8,2,6
4151,7,2,6
4152,5,2,6
4153,7,2,6
4154,5,2,6
4155,8,1,4
4156,7,2,6
4157,5,2,6
4158,8,3,2
4159,7,2,6
4160,6,2,6
4161,7,2,6
4162,5,2,6
4163,1,2,6
4164,7,2,6
4165,7,2,6
4166,8,2,6
4167,5,2,6
4168,6,2,6
4169,3,0,1
4170,2,2,6
4171,6,2,6
4172,2,2,6
4173,5,2,6
4174,5,2,6
4175,6,2,6
4176,6,2,6
4177,6,2,6
4178,8,3,2
4179,2,2,6
4180,7,2,6
4181,8,2,6
4182,6,2,6
4183,6,2,6
4184,8,2,6
4185,8,2,6
4186,2,2,6
4187,6,2,6
4188,1,2,6
4189,7,2,6
4190,7,2,6
4191,8,2,6
4192,6,3,2
4193,7,2,6
4194,7,2,6
4195,1,2,6
4196,2,2,6
4197,5,2,6
4198,1,3,2
4199,7,2,6
4200,7,2,6
4201,2,3,2
4202,6,2,6
4203,7,2,6
4204,8,2,6
4205,6,2,6
4206,2,2,6
4207,6,2,6
4208,8,2,6
4209,7,2,6
4210,3,2,6
4211,2,2,6
4212,8,2,6
4213,8,2,6
4214,7,2,6
4215,8,2,6
4216,2,2,6
4217,6,2,6
4218,6,2,6
4219,6,2,6
4220,6,2,6
4221,5,2,6
4222,8,2,6
4223,6,2,6
4224,8,2,6
4225,2,2,6
4226,8,2,6
4227,7,2,6
4228,7,2,6
4229,6,2,6
4230,2,2,6
4231,7,2,6
4232,8,2,6
4233,7,2,6
4234,2,2,6
4235,6,2,6
4236,8,2,6
4237,8,2,6
4238,6,2,6
4239,6,3,2
4240,2,2,6
4241,7,2,6
4242,1,2,6
4243,6,2,6
4244,8,7,8
4245,8,1,4
4246,8,2,6
4247,8,3,2
4248,2,2,6
4249,8,2,6
4250,2,2,6
4251,7,8,7
4252,6,2,6
4253,6,2,6
4254,6,2,6
4255,2,2,6
4256,1,2,6
4257,6,2,6
4258,2,2,6
4259,8,2,6
4260,7,2,6
4261,8,2,6
4262,8,2,6
4263,7,2,6
4264,2,2,6
4265,6,2,6
4266,2,2,6
4267,6,2,6
4268,2,2,6
4269,5,2,6
4270,6,3,2
4271,6,2,6
4272,2,2,6
4273,8,2,6
4274,6,2,6
4275,6,2,6
4276,6,2,6
4277,8,2,6
4278,4,2,6
4279,5,2,6
4280,7,8,7
4281,6,3,2
4282,8,2,6
4283,1,2,6
4284,5,2,6
4285,6,2,6
4286,8,2,6
4287,8,7,8
4288,4,2,6
4289,2,2,6
4290,6,2,6
4291,7,2,6
4292,8,2,6
4293,6,2,6
4294,8,7,8
4295,6,2,6
4296,5,2,6
4297,2,2,6
4298,4,3,2
4299,4,2,6
4300,8,2,6
4301,8,2,6
4302,5,2,6
4303,8,2,6
4304,6,2,6
4305,6,2,6
4306,6,2,6
4307,7,2,6
4308,5,3,2
4309,7,2,6
4310,7,2,6
4311,8,2,6
4312,8,2,6
4313,8,2,6
4314,6,2,6
4315,7,2,6
4316,1,2,6
4317,7,2,6
4318,8,2,6
4319,2,2,6
4320,5,2,6
4321,8,2,6
4322,8,2,6
4323,0,5,0
4324,7,2,6
4325,7,2,6
4326,4,2,6
4327,6,2,6
4328,6,2,6
4329,2,2,6
4330,7,2,6
4331,7,2,6
4332,6,2,6
4333,6,2,6
4334,8,2,6
4335,8,2,6
4336,6,2,6
4337,7,2,6
4338,6,3,2
4339,8,2,6
4340,6,2,6
4341,6,2,6
4342,6,2,6
4343,7,2,6
4344,8,2,6
4345,8,2,6
4346,6,2,6
4347,6,2,6
4348,6,2,6
4349,8,2,6
4350,7,2,6
4351,5,2,6
4352,6,2,6
4353,8,2,6
4354,8,2,6
4355,6,2,6
4356,6,2,6
4357,7,2,6
4358,2,2,6
4359,8,2,6
4360,8,2,6
4361,7,2,6
4362,8,2,6
4363,4,2,6
4364,5,2,6
4365,4,2,6
4366,8,2,6
4367,8,2,6
4368,7,2,6
4369,5,2,6
4370,8,2,6
4371,6,2,6
4372,2,2,6
4373,1,5,0
4374,2,2,6
4375,6,2,6
4376,6,2,6
4377,8,2,6
4378,2,2,6
4379,6,2,6
4380,5,2,6
4381,5,3,2
4382,7,2,6
4383,6,2,6
4384,6,2,6
4385,6,2,6
4386,2,2,6
4387,8,2,6
4388,7,2,6
4389,2,2,6
4390,8,2,6
4391,6,2,6
4392,6,2,6
4393,6,2,6
4394,8,7,8
4395,8,2,6
4396,5,2,6
4397,6,2,6
4398,8,2,6
4399,5,2,6
4400,5,2,6
4401,6,2,6
4402,6,2,6
4403,7,2,6
4404,2,2,6
4405,6,2,6
4406,6,2,6
4407,2,2,6
4408,7,2,6
4409,8,2,6
4410,8,2,6
4411,4,2,6
4412,6,2,6
4413,8,2,6
4414,5,2,6
4415,8,2,6
4416,6,2,6
4417,8,2,6
4418,4,2,6
4419,8,1,4
4420,7,2,6
4421,6,2,6
4422,6,2,6
4423,5,2,6
4424,8,2,6
4425,6,2,6
4426,7,2,6
4427,7,2,6
4428,2,2,6
4429,8,2,6
4430,2,0,1
4431,5,2,6
4432,5,2,6
4433,6,2,6
4434,8,2,6
4435,2,4,3
4436,8,2,6
4437,8,2,6
4438,8,2,6
4439,2,2,6
4440,8,2,6
4441,1,2,6
4442,2,2,6
4443,8,2,6
4444,5,2,6
4445,6,2,6
4446,2,2,6
4447,8,2,6
4448,8,2,6
4449,6,2,6
4450,6,2,6
4451,6,3,2
4452,1,2,6
4453,7,2,6
4454,8,5,0
4455,6,2,6
4456,6,2,6
4457,2,2,6
4458,6,2,6
4459,4,2,6
4460,2,3,2
4461,8,2,6
4462,1,2,6
4463,8,2,6
4464,6,2,6
4465,8,7,8
4466,8,2,6
4467,7,2,6
4468,6,2,6
4469,8,2,6
4470,5,2,6
4471,6,2,6
4472,7,2,6
4473,8,3,2
4474,4,2,6
4475,6,2,6
4476,7,2,6
4477,6,2,6
4478,7,3,2
4479,6,2,6
4480,7,2,6
4481,7,2,6
4482,7,2,6
4483,8,2,6
4484,7,2,6
4485,6,2,6
4486,6,2,6
4487,8,2,6
4488,6,2,6
4489,2,2,6
4490,8,2,6
4491,8,2,6
4492,8,2,6
4493,6,5,0
4494,6,2,6
4495,5,2,6
4496,6,2,6
4497,5,2,6
4498,8,2,6
4499,7,5,0
4500,2,2,6
4501,6,2,6
4502,5,2,6
4503,7,2,6
4504,1,2,6
4505,5,2,6
4506,7,2,6
4507,8,2,6
4508,7,2,6
4509,6,2,6
4510,8,2,6
4511,8,2,6
4512,2,2,6
4513,1,0,1
4514,2,2,6
4515,8,2,6
4516,5,2,6
4517,6,2,6
4518,6,2,6
4519,8,2,6
4520,8,2,6
4521,7,2,6
4522,6,2,6
4523,5,2,6
4524,6,2,6
4525,6,2,6
4526,7,2,6
4527,2,2,6
4528,8,2,6
4529,2,2,6
4530,7,2,6
4531,6,2,6
4532,8,2,6
4533,5,2,6
4534,5,2,6
4535,7,8,7
4536,6,2,6
4537,8,2,6
4538,6,3,2
4539,8,2,6
4540,2,2,6
4541,8,2,6
4542,2,2,6
4543,6,2,6
4544,6,2,6
4545,7,2,6
4546,7,8,7
4547,8,2,6
4548,2,2,6
4549,8,2,6
4550,6,1,4
4551,1,2,6
4552,7,2,6
4553,8,2,6
4554,6,2,6
4555,8,2,6
4556,5,2,6
4557,5,3,2
4558,6,2,6
4559,7,2,6
4560,8,2,6
4561,4,2,6
4562,2,2,6
4563,6,2,6
4564,5,3,2
4565,6,2,6
4566,6,2,6
4567,5,2,6
4568,8,2,6
4569,8,2,6
4570,8,2,6
4571,6,2,6
4572,7,2,6
4573,8,2,6
4574,8,2,6
4575,7,2,6
4576,7,2,6
4577,8,2,6
4578,5,2,6
4579,4,2,6
4580,0,5,0
4581,2,2,6
4582,1,2,6
4583,6,2,6
4584,2,2,6
4585,2,2,6
4586,2,2,6
4587,4,3,2
4588,6,2,6
4589,6,2,6
4590,2,2,6
4591,2,2,6
4592,7,2,6
4593,8,2,6
4594,6,2,6
4595,7,2,6
4596,6,2,6
4597,8,2,6
4598,2,2,6
4599,8,2,6
4600,2,2,6
4601,8,2,6
4602,2,2,6
4603,8,2,6
4604,7,2,6
4605,6,2,6
4606,6,2,6
4607,8,2,6
4608,4,2,6
4609,7,2,6
4610,8,2,6
4611,5,2,6
4612,6,2,6
4613,6,2,6
4614,6,2,6
4615,7,2,6
4616,8,2,6
4617,8,2,6
4618,2,2,6
4619,6,2,6
4620,6,2,6
4621,7,2,6
4622,6,2,6
4623,2,2,6
4624,8,2,6
4625,2,2,6
4626,8,2,6
4627,7,2,6
4628,7,2,6
4629,4,2,6
4630,6,5,0
4631,2,2,6
4632,7,2,6
4633,4,2,6
4634,8,2,6
4635,8,2,6
4636,7,2,6
4637,7,2,6
4638,6,2,6
4639,1,2,6
4640,2,2,6
4641,1,2,6
4642,6,2,6
4643,2,2,6
4644,2,2,6
4645,2,0,1
4646,8,2,6
4647,2,2,6
4648,7,2,6
4649,7,2,6
4650,5,2,6
4651,7,2,6
4652,6,2,6
4653,8,7,8
4654,2,2,6
4655,7,2,6
4656,1,3,2
4657,5,0,1
4658,8,2,6
4659,2,2,6
4660,8,2,6
4661,2,2,6
4662,4,2,6
4663,8,2,6
4664,6,2,6
4665,8,2,6
4666,7,2,6
4667,8,2,6
4668,6,2,6
4669,5,2,6
4670,8,7,8
4671,7,2,6
4672,8,2,6
4673,7,2,6
4674,6,2,6
4675,5,2,6
4676,8,2,6
4677,5,2,6
4678,8,2,6
4679,7,2,6
4680,8,2,6
4681,5,2,6
4682,2,3,2
4683,8,7,8
4684,7,2,6
4685,6,2,6
4686,7,2,6
4687,8,2,6
4688,8,2,6
4689,8,2,6
4690,6,3,2
4691,4,2,6
4692,6,2,6
4693,5,2,6
4694,6,2,6
4695,8,2,6
4696,2,2,6
4697,7,2,6
4698,7,2,6
4699,6,2,6
4700,7,2,6
4701,8,2,6
4702,5,2,6
4703,8,2,6
4704,5,2,6
4705,8,2,6
4706,5,2,6
4707,7,2,6
4708,8,2,6
4709,1,2,6
4710,2,2,6
4711,5,2,6
4712,0,5,0
4713,7,2,6
4714,6,2,6
4715,2,2,6
4716,1,2,6
4717,1,2,6
4718,6,2,6
4719,7,2,6
4720,6,2,6
4721,1,2,6
4722,6,2,6
4723,7,2,6
4724,7,2,6
4725,6,2,6
4726,8,2,6
4727,2,2,6
4728,6,2,6
4729,8,3,2
4730,7,2,6
4731,5,2,6
4732,8,2,6
4733,8,2,6
4734,5,6,5
4735,6,2,6
4736,5,2,6
4737,7,2,6
4738,6,2,6
4739,6,2,6
4740,1,2,6
4741,6,2,6
4742,8,2,6
4743,6,2,6
4744,6,2,6
4745,6,2,6
4746,7,2,6
4747,5,6,5
4748,8,2,6
4749,7,2,6
4750,8,2,6
4751,7,2,6
4752,8,2,6
4753,8,2,6
4754,2,2,6
4755,6,2,6
4756,7,2,6
4757,8,2,6
4758,8,2,6
4759,2,2,6
4760,6,2,6
4761,8,2,6
4762,7,2,6
4763,8,2,6
4764,2,2,6
4765,6,2,6
4766,5,2,6
4767,7,2,6
4768,6,2,6
4769,2,2,6
4770,7,2,6
4771,2,2,6
4772,7,2,6
4773,8,2,6
4774,8,2,6
4775,6,2,6
4776,7,8,7
4777,7,2,6
4778,7,2,6
4779,7,2,6
4780,7,2,6
4781,8,2,6
4782,8,2,6
4783,6,2,6
4784,7,2,6
4785,2,2,6
4786,7,2,6
4787,1,2,6
4788,7,2,6
4789,2,2,6
4790,7,2,6
4791,5,2,6
4792,6,3,2
4793,6,2,6
4794,6,2,6
4795,8,2,6
4796,6,2,6
4797,2,2,6
4798,6,2,6
4799,6,2,6
4800,7,2,6
4801,2,2,6
4802,8,2,6
4803,2,2,6
4804,6,2,6
4805,6,2,6
4806,7,2,6
4807,5,2,6
4808,6,2,6
4809,6,2,6
4810,6,2,6
4811,6,2,6
4812,1,2,6
4813,8,2,6
4814,8,2,6
4815,8,2,6
4816,7,2,6
4817,5,2,6
4818,6,2,6
4819,8,2,6
4820,6,2,6
4821,8,2,6
4822,2,2,6
4823,6,2,6
4824,8,2,6
4825,6,2,6
4826,6,2,6
4827,6,2,6
4828,8,2,6
4829,7,2,6
4830,6,2,6
4831,6,2,6
4832,6,2,6
4833,5,2,6
4834,2,2,6
4835,7,2,6
4836,7,2,6
4837,7,2,6
4838,6,2,6
4839,7,8,7
4840,6,2,6
4841,8,2,6
4842,7,2,6
4843,5,2,6
4844,2,2,6
4845,7,2,6
4846,2,2,6
4847,6,2,6
4848,7,2,6
4849,5,2,6
4850,6,2,6
4851,1,2,6
4852,7,2,6
4853,6,2,6
4854,6,2,6
4855,6,2,6
4856,6,2,6
4857,7,2,6
4858,5,2,6
4859,7,2,6
4860,6,2,6
4861,6,2,6
4862,6,2,6
4863,8,2,6
4864,8,2,6
4865,8,2,6
4866,8,2,6
4867,7,2,6
4868,6,2,6
4869,8,2,6
4870,2,2,6
4871,5,2,6
4872,6,2,6
4873,6,2,6
4874,5,2,6
4875,5,2,6
4876,6,2,6
4877,5,2,6
4878,6,2,6
4879,8,2,6
4880,4,2,6
4881,7,2,6
4882,7,2,6
4883,7,2,6
4884,7,2,6
4885,6,2,6
4886,8,2,6
4887,6,2,6
4888,8,2,6
4889,6,2,6
4890,6,2,6
4891,7,2,6
4892,8,2,6
4893,2,2,6
4894,7,2,6
4895,8,2,6
4896,8,2,6
4897,5,2,6
4898,6,2,6
4899,6,2,6
4900,2,2,6
4901,1,5,0
4902,6,2,6
4903,6,3,2
4904,5,2,6
4905,8,2,6
4906,1,2,6
4907,2,2,6
4908,8,7,8
4909,5,2,6
4910,7,2,6
4911,6,2,6
4912,2,2,6
4913,8,2,6
4914,5,2,6
4915,2,2,6
4916,2,2,6
4917,6,2,6
4918,8,2,6
4919,2,2,6
4920,8,2,6
4921,5,2,6
4922,6,2,6
4923,2,2,6
4924,8,2,6
4925,7,2,6
4926,0,5,0
4927,8,2,6
4928,5,2,6
4929,4,2,6
4930,1,0,1
4931,7,2,6
4932,6,2,6
4933,2,4,3
4934,6,2,6
4935,8,2,6
4936,6,3,2
4937,6,2,6
4938,6,2,6
4939,5,2,6
4940,6,2,6
4941,5,2,6
4942,8,2,6
4943,2,2,6
4944,8,2,6
4945,6,2,6
4946,2,2,6
4947,7,2,6
4948,8,2,6
4949,8,2,6
4950,7,2,6
4951,4,2,6
4952,6,2,6
4953,5,2,6
4954,2,3,2
4955,2,2,6
4956,6,2,6
4957,8,2,6
4958,6,2,6
4959,6,2,6
4960,6,2,6
4961,5,6,5
4962,5,2,6
4963,6,2,6
4964,6,2,6
4965,5,2,6
4966,7,2,6
4967,6,2,6
4968,5,2,6
4969,6,2,6
4970,2,2,6
4971,1,5,0
4972,6,2,6
4973,7,2,6
4974,2,0,1
4975,6,2,6
4976,8,3,2
4977,8,7,8
4978,7,2,6
4979,6,3,2
4980,2,2,6
4981,5,2,6
4982,2,2,6
4983,2,2,6
4984,2,2,6
4985,6,2,6
4986,6,2,6
4987,6,2,6
4988,8,2,6
4989,8,2,6
4990,5,2,6
4991,1,2,6
4992,7,2,6
4993,6,2,6
4994,8,2,6
4995,8,7,8
4996,8,5,0
4997,8,2,6
4998,6,3,2
4999,2,2,6
5000,8,2,6
5001,5,2,6
5002,6,2,6
5003,2,2,6
5004,8,2,6
5005,6,2,6
5006,8,2,6
5007,8,2,6
5008,8,2,6
5009,6,2,6
5010,7,2,6
5011,5,2,6
5012,8,2,6
5013,2,2,6
5014,8,2,6
5015,6,3,2
5016,4,2,6
5017,7,2,6
5018,7,2,6
5019,5,2,6
5020,6,2,6
5021,2,3,2
5022,7,2,6
5023,7,2,6
5024,2,2,6
5025,7,2,6
5026,2,4,3
5027,4,2,6
5028,7,2,6
5029,6,2,6
5030,1,2,6
5031,5,2,6
5032,7,2,6
5033,5,2,6
5034,5,2,6
5035,2,2,6
5036,2,2,6
5037,6,2,6
5038,2,2,6
5039,6,2,6
5040,5,2,6
5041,6,2,6
5042,8,2,6
5043,5,2,6
5044,2,2,6
5045,7,2,6
5046,7,2,6
5047,7,2,6
5048,6,2,6
5049,7,7,8
5050,6,2,6
5051,8,2,6
5052,6,2,6
5053,8,2,6
5054,6,2,6
5055,5,2,6
5056,6,2,6
5057,7,2,6
5058,8,2,6
5059,5,2,6
5060,8,2,6
5061,8,2,6
5062,8,2,6
5063,5,2,6
5064,8,2,6
5065,8,2,6
5066,8,2,6
5067,8,2,6
5068,2,2,6
5069,7,2,6
5070,2,2,6
5071,2,2,6
5072,5,2,6
5073,1,1,4
5074,6,2,6
5075,5,2,6
5076,7,2,6
5077,6,2,6
5078,7,2,6
5079,2,8,7
5080,7,2,6
5081,6,5,0
5082,6,2,6
5083,7,2,6
5084,8,2,6
5085,8,2,6
5086,2,2,6
5087,6,2,6
5088,7,2,6
5089,6,2,6
5090,8,2,6
5091,8,2,6
5092,3,2,6
5093,8,2,6
5094,7,2,6
5095,2,2,6
5096,7,2,6
5097,8,2,6
5098,8,2,6
5099,6,2,6
5100,6,2,6
5101,7,3,2
5102,8,2,6
5103,7,2,6
5104,7,2,6
5105,6,2,6
5106,7,2,6
5107,6,2,6
5108,2,2,6
5109,8,2,6
5110,7,2,6
5111,5,2,6
5112,6,2,6
5113,8,2,6
5114,6,2,6
5115,8,2,6
5116,7,2,6
5117,7,2,6
5118,1,2,6
5119,7,2,6
5120,2,2,6
5121,6,2,6
5122,7,2,6
5123,8,2,6
5124,8,2,6
5125,8,2,6
5126,6,2,6
5127,4,3,2
5128,6,3,2
5129,8,2,6
5130,7,2,6
5131,2,2,6
5132,7,2,6
5133,8,2,6
5134,8,2,6
5135,6,2,6
5136,6,2,6
5137,7,2,6
5138,1,2,6
5139,8,2,6
5140,7,2,6
5141,2,2,6
5142,8,2,6
5143,2,2,6
5144,7,2,6
5145,2,2,6
5146,8,2,6
5147,8,2,6
5148,8,2,6
5149,7,2,6
5150,2,2,6
5151,8,2,6
5152,7,2,6
5153,8,2,6
5154,7,2,6
5155,7,2,6
5156,1,2,6
5157,6,2,6
5158,8,2,6
5159,8,2,6
5160,7,2,6
5161,8,3,2
5162,7,2,6
5163,5,2,6
5164,8,2,6
5165,2,2,6
5166,7,2,6
5167,2,2,6
5168,3,2,6
5169,6,2,6
5170,6,2,6
5171,2,4,3
5172,2,2,6
5173,5,2,6
5174,6,2,6
5175,6,2,6
5176,8,2,6
5177,2,2,6
5178,2,2,6
5179,2,2,6
5180,8,2,6
5181,2,3,2
5182,6,2,6
5183,6,2,6
5184,5,2,6
5185,7,2,6
5186,8,3,2
5187,7,2,6
5188,6,2,6
5189,8,2,6
5190,8,2,6
5191,7,2,6
5192,6,2,6
5193,8,2,6
5194,8,2,6
5195,8,2,6
5196,2,2,6
5197,5,2,6
5198,5,2,6
5199,6,2,6
5200,5,2,6
5201,5,2,6
5202,5,2,6
5203,1,2,6
5204,6,2,6
5205,6,2,6
5206,4,3,2
5207,8,2,6
5208,1,2,6
5209,8,2,6
5210,2,3,2
5211,5,2,6
5212,5,2,6
5213,2,2,6
5214,8,2,6
5215,8,2,6
5216,8,2,6
5217,8,2,6
5218,6,2,6
5219,7,2,6
5220,6,2,6
5221,6,2,6
5222,6,2,6
5223,6,2,6
5224,6,2,6
5225,2,1,4
5226,7,2,6
5227,4,2,6
5228,8,3,2
5229,2,2,6
5230,6,2,6
5231,7,2,6
5232,8,2,6
5233,2,2,6
5234,1,2,6
5235,1,2,6
5236,6,2,6
5237,6,2,6
5238,6,2,6
5239,8,2,6
5240,8,2,6
5241,7,2,6
5242,2,2,6
5243,6,2,6
5244,1,2,6
5245,6,2,6
5246,8,7,8
5247,3,2,6
5248,6,2,6
5249,6,2,6
5250,8,2,6
5251,8,2,6
5252,7,2,6
5253,5,2,6
5254,8,2,6
5255,6,2,6
5256,6,2,6
5257,8,2,6
5258,6,2,6
5259,7,2,6
5260,2,2,6
5261,8,2,6
5262,6,7,8
5263,7,2,6
5264,2,2,6
5265,8,2,6
5266,8,7,8
5267,6,2,6
5268,7,2,6
5269,2,2,6
5270,8,2,6
5271,8,3,2
5272,8,2,6
5273,8,2,6
5274,8,2,6
5275,7,2,6
5276,8,2,6
5277,5,2,6
5278,6,2,6
5279,5,2,6
5280,8,2,6
5281,1,2,6
5282,5,2,6
5283,8,2,6
5284,6,2,6
5285,6,2,6
5286,8,2,6
5287,6,2,6
5288,2,2,6
5289,6,2,6
5290,7,2,6
5291,8,2,6
5292,5,2,6
5293,7,2,6
5294,5,2,6
5295,7,2,6
5296,8,2,6
5297,8,2,6
5298,8,2,6
5299,0,5,0
5300,5,2,6
5301,7,2,6
5302,5,2,6
5303,6,2,6
5304,8,2,6
5305,6,2,6
5306,5,2,6
5307,8,2,6
5308,6,2,6
5309,8,2,6
5310,6,2,6
5311,2,0,1
5312,2,2,6
5313,8,2,6
5314,6,2,6
5315,6,2,6
5316,8,7,8
5317,2,2,6
5318,6,2,6
5319,7,2,6
5320,8,2,6
5321,1,8,7
5322,8,2,6
5323,6,2,6
5324,8,2,6
5325,5,2,6
5326,5,2,6
5327,4,2,6
5328,6,2,6
5329,7,2,6
5330,6,2,6
5331,2,3,2
5332,6,2,6
5333,8,2,6
5334,6,2,6
5335,8,2,6
5336,8,2,6
5337,6,2,6
5338,2,2,6
5339,7,2,6
5340,4,2,6
5341,6,2,6
5342,6,2,6
5343,2,2,6
5344,5,2,6
5345,7,2,6
5346,8,2,6
5347,6,2,6
5348,4,2,6
5349,8,2,6
5350,2,2,6
5351,8,2,6
5352,6,2,6
5353,2,2,6
5354,6,2,6
5355,8,2,6
5356,6,2,6
5357,6,2,6
5358,8,2,6
5359,6,2,6
5360,2,2,6
5361,5,2,6
5362,6,2,6
5363,2,2,6
5364,6,2,6
5365,2,3,2
5366,7,2,6
5367,7,8,7
5368,8,2,6
5369,2,2,6
5370,8,3,2
5371,7,8,7
5372,7,2,6
5373,7,2,6
5374,6,2,6
5375,2,2,6
5376,8,2,6
5377,7,8,7
5378,4,2,6
5379,2,2,6
5380,6,2,6
5381,2,2,6
5382,8,2,6
5383,1,2,6
5384,3,2,6
5385,6,2,6
5386,6,2,6
5387,8,2,6
5388,7,2,6
5389,5,2,6
5390,6,2,6
5391,6,2,6
5392,5,2,6
5393,8,7,8
5394,8,2,6
5395,3,2,6
5396,4,2,6
5397,8,2,6
5398,7,2,6
5399,7,2,6
5400,8,2,6
5401,6,2,6
5402,8,2,6
5403,2,2,6
5404,6,2,6
5405,7,2,6
5406,1,2,6
5407,8,2,6
5408,8,2,6
5409,2,2,6
5410,7,2,6
5411,2,2,6
5412,8,2,6
5413,8,2,6
5414,7,2,6
5415,6,2,6
5416,5,2,6
5417,7,2,6
5418,8,2,6
5419,6,2,6
5420,7,2,6
5421,7,2,6
5422,7,8,7
5423,8,2,6
5424,5,2,6
5425,2,2,6
5426,7,2,6
5427,7,2,6
5428,2,2,6
5429,2,2,6
5430,7,2,6
5431,2,2,6
5432,6,2,6
5433,8,2,6
5434,1,2,6
5435,8,2,6
5436,8,7,8
5437,6,2,6
5438,8,2,6
5439,6,2,6
5440,6,2,6
5441,2,2,6
5442,8,2,6
5443,8,2,6
5444,6,5,0
5445,6,2,6
5446,8,2,6
5447,8,2,6
5448,7,2,6
5449,7,2,6
5450,2,2,6
5451,7,2,6
5452,2,2,6
5453,2,2,6
5454,5,5,0
5455,5,2,6
5456,8,2,6
5457,6,2,6
5458,5,2,6
5459,2,2,6
5460,8,2,6
5461,8,2,6
5462,8,2,6
5463,1,2,6
5464,8,2,6
5465,2,2,6
5466,2,2,6
5467,6,2,6
5468,6,2,6
5469,1,2,6
5470,6,2,6
5471,1,2,6
5472,7,2,6
5473,6,2,6
5474,8,2,6
5475,4,2,6
5476,6,2,6
5477,8,2,6
5478,6,2,6
5479,7,2,6
5480,6,2,6
5481,6,1,4
5482,7,3,2
5483,4,5,0
5484,6,2,6
5485,8,2,6
5486,5,2,6
5487,6,3,2
5488,6,5,0
5489,1,0,1
5490,8,2,6
5491,5,2,6
5492,6,2,6
5493,6,2,6
5494,5,2,6
5495,7,2,6
5496,7,2,6
5497,1,2,6
5498,2,2,6
5499,8,2,6
5500,5,2,6
5501,7,2,6
5502,2,2,6
5503,2,2,6
5504,8,2,6
5505,7,2,6
5506,8,2,6
5507,6,2,6
5508,7,2,6
5509,2,2,6
5510,1,2,6
5511,8,2,6
5512,7,2,6
5513,1,2,6
5514,7,2,6
5515,7,2,6
5516,4,2,6
5517,8,2,6
5518,7,2,6
5519,6,2,6
5520,8,2,6
5521,2,2,6
5522,8,2,6
5523,2,2,6
5524,6,2,6
5525,6,2,6
5526,6,2,6
5527,7,2,6
5528,8,2,6
5529,7,2,6
5530,8,2,6
5531,8,2,6
5532,8,2,6
5533,5,2,6
5534,7,2,6
5535,6,2,6
5536,8,1,4
5537,2,2,6
5538,6,2,6
5539,8,2,6
5540,2,2,6
5541,8,2,6
5542,8,2,6
5543,6,2,6
5544,7,2,6
5545,8,2,6
5546,7,2,6
5547,8,2,6
5548,8,5,0
5549,5,2,6
5550,7,2,6
5551,5,2,6
5552,6,2,6
5553,3,2,6
5554,6,2,6
5555,7,2,6
5556,8,3,2
5557,6,2,6
5558,2,2,6
5559,5,2,6
5560,1,2,6
5561,7,2,6
5562,6,2,6
5563,6,2,6
5564,8,2,6
5565,8,2,6
5566,2,2,6
5567,2,2,6
5568,8,2,6
5569,6,2,6
5570,8,2,6
5571,7,2,6
5572,8,2,6
5573,8,2,6
5574,6,2,6
5575,8,2,6
5576,7,2,6
5577,2,2,6
5578,8,2,6
5579,2,3,2
5580,8,2,6
5581,7,2,6
5582,5,2,6
5583,8,2,6
5584,8,2,6
5585,7,2,6
5586,2,2,6
5587,3,2,6
5588,6,2,6
5589,5,2,6
5590,7,2,6
5591,2,2,6
5592,6,2,6
5593,4,2,6
5594,2,2,6
5595,7,2,6
5596,6,2,6
5597,7,2,6
5598,2,2,6
5599,2,2,6
5600,5,2,6
5601,5,2,6
5602,7,2,6
5603,8,2,6
5604,7,2,6
5605,8,2,6
5606,8,2,6
5607,6,2,6
5608,5,2,6
5609,7,2,6
5610,2,2,6
5611,8,2,6
5612,8,2,6
5613,6,2,6
5614,6,2,6
5615,8,2,6
5616,2,2,6
5617,3,2,6
5618,6,2,6
5619,7,2,6
5620,8,2,6
5621,7,2,6
5622,8,2,6
5623,7,2,6
5624,8,2,6
5625,7,2,6
5626,5,2,6
5627,8,2,6
5628,6,2,6
5629,7,2,6
5630,8,2,6
5631,2,2,6
5632,8,7,8
5633,7,2,6
5634,2,2,6
5635,8,7,8
5636,6,2,6
5637,1,5,0
5638,8,2,6
5639,8,2,6
5640,8,7,8
5641,1,2,6
5642,7,2,6
5643,7,2,6
5644,7,2,6
5645,8,2,6
5646,6,2,6
5647,5,2,6
5648,8,2,6
5649,5,6,5
5650,5,2,6
5651,8,5,0
5652,8,2,6
5653,8,7,8
5654,2,3,2
5655,5,2,6
5656,8,2,6
5657,7,2,6
5658,6,2,6
5659,7,2,6
5660,6,2,6
5661,6,2,6
5662,6,2,6
5663,7,2,6
5664,6,2,6
5665,8,2,6
5666,8,2,6
5667,2,3,2
5668,8,2,6
5669,7,2,6
5670,8,2,6
5671,7,2,6
5672,7,2,6
5673,8,2,6
5674,6,2,6
5675,6,2,6
5676,6,2,6
5677,8,2,6
5678,1,2,6
5679,2,2,6
5680,6,2,6
5681,8,2,6
5682,8,2,6
5683,2,2,6
5684,6,2,6
5685,2,0,1
5686,8,2,6
5687,4,2,6
5688,8,2,6
5689,4,2,6
5690,3,2,6
5691,8,2,6
5692,7,2,6
5693,8,2,6
5694,8,2,6
5695,6,2,6
5696,8,2,6
5697,4,2,6
5698,2,2,6
5699,6,2,6
5700,6,2,6
5701,6,2,6
5702,2,2,6
5703,7,2,6
5704,6,2,6
5705,2,2,6
5706,6,3,2
5707,8,2,6
5708,7,2,6
5709,6,2,6
5710,8,2,6
5711,8,2,6
5712,8,2,6
5713,6,2,6
5714,6,2,6
5715,6,2,6
5716,2,4,3
5717,8,2,6
5718,8,2,6
5719,2,2,6
5720,5,2,6
5721,2,2,6
5722,5,2,6
5723,6,2,6
5724,5,3,2
5725,6,2,6
5726,1,2,6
5727,8,2,6
5728,8,2,6
5729,6,2,6
5730,6,2,6
5731,4,2,6
5732,7,2,6
5733,8,2,6
5734,7,2,6
5735,2,2,6
5736,7,2,6
5737,6,2,6
5738,7,2,6
5739,6,2,6
5740,7,2,6
5741,6,2,6
5742,7,2,6
5743,6,2,6
5744,8,7,8
5745,6,2,6
5746,6,3,2
5747,8,7,8
5748,7,8,7
5749,5,2,6
5750,7,2,6
5751,6,2,6
5752,4,2,6
5753,5,2,6
5754,6,2,6
5755,2,2,6
5756,2,2,6
5757,5,0,1
5758,8,2,6
5759,7,2,6
5760,8,2,6
5761,6,2,6
5762,1,2,6
5763,8,2,6
5764,2,2,6
5765,6,2,6
5766,7,2,6
5767,6,2,6
5768,2,2,6
5769,8,2,6
5770,6,2,6
5771,6,2,6
5772,8,2,6
5773,6,2,6
5774,5,0,1
5775,5,2,6
5776,2,2,6
5777,5,2,6
5778,8,2,6
5779,2,2,6
5780,7,2,6
5781,2,2,6
5782,6,2,6
5783,5,2,6
5784,2,2,6
5785,8,7,8
5786,7,2,6
5787,4,2,6
5788,8,2,6
5789,2,2,6
5790,5,2,6
5791,7,2,6
5792,8,2,6
5793,6,2,6
5794,7,2,6
5795,4,2,6
5796,8,2,6
5797,6,2,6
5798,6,2,6
5799,1,2,6
5800,5,2,6
5801,6,2,6
5802,8,2,6
5803,7,2,6
5804,8,2,6
5805,8,2,6
5806,7,2,6
5807,3,2,6
5808,2,0,1
5809,6,2,6
5810,2,2,6
5811,1,2,6
5812,2,2,6
5813,1,2,6
5814,8,7,8
5815,6,2,6
5816,8,2,6
5817,6,3,2
5818,5,2,6
5819,1,2,6
5820,2,0,1
5821,7,2,6
5822,8,2,6
5823,6,2,6
5824,7,2,6
5825,6,2,6
5826,2,2,6
5827,3,2,6
5828,7,2,6
5829,5,2,6
5830,2,2,6
5831,2,2,6
5832,7,2,6
5833,2,2,6
5834,2,2,6
5835,6,2,6
5836,2,2,6
5837,8,2,6
5838,6,2,6
5839,6,2,6
5840,8,2,6
5841,1,2,6
5842,2,2,6
5843,6,2,6
5844,6,2,6
5845,6,2,6
5846,5,6,5
5847,7,2,6
5848,8,2,6
5849,8,2,6
5850,8,2,6
5851,6,2,6
5852,1,2,6
5853,8,2,6
5854,7,2,6
5855,2,2,6
5856,6,2,6
5857,2,2,6
5858,8,2,6
5859,8,2,6
5860,6,2,6
5861,5,2,6
5862,5,2,6
5863,6,2,6
5864,2,2,6
5865,5,2,6
5866,6,3,2
5867,6,2,6
5868,6,2,6
5869,7,2,6
5870,6,2,6
5871,4,2,6
5872,7,2,6
5873,8,7,8
5874,6,2,6
5875,5,2,6
5876,8,2,6
5877,8,2,6
5878,2,2,6
5879,2,2,6
5880,8,2,6
5881,6,2,6
5882,2,2,6
5883,6,2,6
5884,6,2,6
5885,7,2,6
5886,4,2,6
5887,8,1,4
5888,8,2,6
5889,8,2,6
5890,6,2,6
5891,2,2,6
5892,5,2,6
5893,1,2,6
5894,8,2,6
5895,8,2,6
5896,6,2,6
5897,8,2,6
5898,8,2,6
5899,8,2,6
5900,7,2,6
5901,2,2,6
5902,6,2,6
5903,2,2,6
5904,7,2,6
5905,5,2,6
5906,1,1,4
5907,2,2,6
5908,8,2,6
5909,2,2,6
5910,6,2,6
5911,1,2,6
5912,8,2,6
5913,6,2,6
5914,2,2,6
5915,8,2,6
5916,6,2,6
5917,8,2,6
5918,7,2,6
5919,7,8,7
5920,7,2,6
5921,3,2,6
5922,8,2,6
5923,7,2,6
5924,1,2,6
5925,8,2,6
5926,1,2,6
5927,7,2,6
5928,6,2,6
5929,6,2,6
5930,1,2,6
5931,8,2,6
5932,2,2,6
5933,7,2,6
5934,8,2,6
5935,7,2,6
5936,7,2,6
5937,1,2,6
5938,7,2,6
5939,8,2,6
5940,8,2,6
5941,8,2,6
5942,7,2,6
5943,6,2,6
5944,2,2,6
5945,7,2,6
5946,8,2,6
5947,2,0,1
5948,8,2,6
5949,5,2,6
5950,6,2,6
5951,2,2,6
5952,6,2,6
5953,6,2,6
5954,6,2,6
5955,8,2,6
5956,8,2,6
5957,6,1,4
5958,6,2,6
5959,2,2,6
5960,6,2,6
5961,6,2,6
5962,6,3,2
5963,6,2,6
5964,7,2,6
5965,7,2,6
5966,8,2,6
5967,4,2,6
5968,8,2,6
5969,2,2,6
5970,2,2,6
5971,7,2,6
5972,6,2,6
5973,5,2,6
5974,6,2,6
5975,8,2,6
5976,6,2,6
5977,6,2,6
5978,2,2,6
5979,7,2,6
5980,8,2,6
5981,6,2,6
5982,8,7,8
5983,8,3,2
5984,6,2,6
5985,8,2,6
5986,6,2,6
5987,2,2,6
5988,2,2,6
5989,6,2,6
5990,7,2,6
5991,8,2,6
5992,7,2,6
5993,7,2,6
5994,6,2,6
5995,6,3,2
5996,8,2,6
5997,6,2,6
5998,5,2,6
5999,1,2,6
6000,2,2,6
6001,7,8,7
6002,5,6,5
6003,2,2,6
6004,8,2,6
6005,2,2,6
6006,7,2,6
6007,1,2,6
6008,4,3,2
6009,6,2,6
6010,2,4,3
6011,8,2,6
6012,7,2,6
6013,6,2,6
6014,8,2,6
6015,0,2,6
6016,8,2,6
6017,8,2,6
6018,7,2,6
6019,1,2,6
6020,6,2,6
6021,8,7,8
6022,6,2,6
6023,6,2,6
6024,2,2,6
6025,7,2,6
6026,2,2,6
6027,8,2,6
6028,2,2,6
6029,8,2,6
6030,7,2,6
6031,6,2,6
6032,7,2,6
6033,2,2,6
6034,8,2,6
6035,8,2,6
6036,7,2,6
6037,6,2,6
6038,2,2,6
6039,7,8,7
6040,7,2,6
6041,8,2,6
6042,2,2,6
6043,6,2,6
6044,5,2,6
6045,7,2,6
6046,2,2,6
6047,5,6,5
6048,7,2,6
6049,8,2,6
6050,8,1,4
6051,8,3,2
6052,2,2,6
6053,5,2,6
6054,8,2,6
6055,5,2,6
6056,6,2,6
6057,6,2,6
6058,8,2,6
6059,8,7,8
6060,6,2,6
6061,5,2,6
6062,5,2,6
6063,6,2,6
6064,5,2,6
6065,2,2,6
6066,7,2,6
6067,6,2,6
6068,7,2,6
6069,5,2,6
6070,2,2,6
6071,6,2,6
6072,8,2,6
6073,5,2,6
6074,7,2,6
6075,2,2,6
6076,2,4,3
6077,2,2,6
6078,6,2,6
6079,8,2,6
6080,6,2,6
6081,0,5,0
6082,6,2,6
6083,2,3,2
6084,8,2,6
6085,2,2,6
6086,8,2,6
6087,5,2,6
6088,6,2,6
6089,2,2,6
6090,6,2,6
6091,6,2,6
6092,8,2,6
6093,5,6,5
6094,8,2,6
6095,6,2,6
6096,7,2,6
6097,1,2,6
6098,2,2,6
6099,5,2,6
6100,5,2,6
6101,4,3,2
6102,6,2,6
6103,8,2,6
6104,2,2,6
6105,5,2,6
6106,6,3,2
6107,6,2,6
6108,8,2,6
6109,8,2,6
6110,8,2,6
6111,5,2,6
6112,8,2,6
6113,4,2,6
6114,6,2,6
6115,6,2,6
6116,7,2,6
6117,8,2,6
6118,2,2,6
6119,6,2,6
6120,8,2,6
6121,6,2,6
6122,8,2,6
6123,4,3,2
6124,8,2,6
6125,2,2,6
6126,6,2,6
6127,6,2,6
6128,6,2,6
6129,2,3,2
6130,8,2,6
6131,7,2,6
6132,7,2,6
6133,2,2,6
6134,8,2,6
6135,8,7,8
6136,6,2,6
6137,6,2,6
6138,6,2,6
6139,0,5,0
6140,8,2,6
6141,7,2,6
6142,5,2,6
6143,7,2,6
6144,7,2,6
6145,8,7,8
6146,8,2,6
6147,8,3,2
6148,1,2,6
6149,2,2,6
6150,8,2,6
6151,6,2,6
6152,8,2,6
6153,5,2,6
6154,7,2,6
6155,8,7,8
6156,7,2,6
6157,5,2,6
6158,6,3,2
6159,2,2,6
6160,1,2,6
6161,5,2,6
6162,8,2,6
6163,7,2,6
6164,7,2,6
6165,8,2,6
6166,2,2,6
6167,3,2,6
6168,2,2,6
6169,8,2,6
6170,7,2,6
6171,8,2,6
6172,6,2,6
6173,1,1,4
6174,7,2,6
6175,8,2,6
6176,4,2,6
6177,8,2,6
6178,1,2,6
6179,8,2,6
6180,6,2,6
6181,6,2,6
6182,2,2,6
6183,6,2,6
6184,7,2,6
6185,7,2,6
6186,6,2,6
6187,7,2,6
6188,6,2,6
6189,8,7,8
6190,2,2,6
6191,2,2,6
6192,1,2,6
6193,7,2,6
6194,1,2,6
6195,6,5,0
6196,7,2,6
6197,7,2,6
6198,8,2,6
6199,6,3,2
6200,6,2,6
6201,6,2,6
6202,1,2,6
6203,2,2,6
6204,8,2,6
6205,2,2,6
6206,7,2,6
6207,8,2,6
6208,5,2,6
6209,7,2,6
6210,5,2,6
6211,6,2,6
6212,5,2,6
6213,7,2,6
6214,6,2,6
6215,4,2,6
6216,2,2,6
6217,6,2,6
6218,6,2,6
6219,6,2,6
6220,6,2,6
6221,8,2,6
6222,8,3,2
6223,7,2,6
6224,5,2,6
6225,4,2,6
6226,8,2,6
6227,6,2,6
6228,7,2,6
6229,8,2,6
6230,6,2,6
6231,8,2,6
6232,5,2,6
6233,7,2,6
6234,3,2,6
6235,5,2,6
6236,6,2,6
6237,8,2,6
6238,5,2,6
6239,0,5,0
6240,2,5,0
6241,8,3,2
6242,8,2,6
6243,6,2,6
6244,8,2,6
6245,2,2,6
6246,2,2,6
6247,6,2,6
6248,1,5,0
6249,6,2,6
6250,1,2,6
6251,6,2,6
6252,1,2,6
6253,8,2,6
6254,7,2,6
6255,6,2,6
6256,1,2,6
6257,1,2,6
6258,7,2,6
6259,8,2,6
6260,8,2,6
6261,8,2,6
6262,6,5,0
6263,5,2,6
6264,7,2,6
6265,7,8,7
6266,4,2,6
6267,8,3,2
6268,8,2,6
6269,6,2,6
6270,5,2,6
6271,2,2,6
6272,8,2,6
6273,4,2,6
6274,7,2,6
6275,6,2,6
6276,7,2,6
6277,6,2,6
6278,6,3,2
6279,8,2,6
6280,2,2,6
6281,7,2,6
6282,6,2,6
6283,2,2,6
6284,8,2,6
6285,7,2,6
6286,5,2,6
6287,8,2,6
6288,6,2,6
6289,2,2,6
6290,6,2,6
6291,6,2,6
6292,8,2,6
6293,8,2,6
6294,2,2,6
6295,7,3,2
6296,0,5,0
6297,2,2,6
6298,7,2,6
6299,5,2,6
6300,8,2,6
6301,7,2,6
6302,8,2,6
6303,6,2,6
6304,6,2,6
6305,7,2,6
6306,2,3,2
6307,8,2,6
6308,8,2,6
6309,5,2,6
6310,7,2,6
6311,8,2,6
6312,6,5,0
6313,6,2,6
6314,7,2,6
6315,2,2,6
6316,7,2,6
6317,6,1,4
6318,8,2,6
6319,2,2,6
6320,6,2,6
6321,2,2,6
6322,8,2,6
6323,7,2,6
6324,3,3,2
6325,2,2,6
6326,2,2,6
6327,8,2,6
6328,6,2,6
6329,6,2,6
6330,2,0,1
6331,8,2,6
6332,6,2,6
6333,8,2,6
6334,7,2,6
6335,8,3,2
6336,7,1,4
6337,7,2,6
6338,8,2,6
6339,5,2,6
6340,1,2,6
6341,8,2,6
6342,8,2,6
6343,8,2,6
6344,4,2,6
6345,6,2,6
6346,6,2,6
6347,2,2,6
6348,6,2,6
6349,5,6,5
6350,2,2,6
6351,7,2,6
6352,7,2,6
6353,8,2,6
6354,6,2,6
6355,5,2,6
6356,2,0,1
6357,6,2,6
6358,8,2,6
6359,2,2,6
6360,5,2,6
6361,5,2,6
6362,2,2,6
6363,5,2,6
6364,6,3,2
6365,6,2,6
6366,8,2,6
6367,8,2,6
6368,6,2,6
6369,8,3,2
6370,6,3,2
6371,1,2,6
6372,5,2,6
6373,6,2,6
6374,2,4,3
6375,5,2,6
6376,4,2,6
6377,6,2,6
6378,7,2,6
6379,6,2,6
6380,2,2,6
6381,6,2,6
6382,6,3,2
6383,6,2,6
6384,8,2,6
6385,8,2,6
6386,8,2,6
6387,6,2,6
6388,2,2,6
6389,7,2,6
6390,2,2,6
6391,2,2,6
6392,8,3,2
6393,6,2,6
6394,7,2,6
6395,2,2,6
6396,7,2,6
6397,8,2,6
6398,7,2,6
6399,7,2,6
6400,2,2,6
6401,6,2,6
6402,6,2,6
6403,6,2,6
6404,8,2,6
6405,5,2,6
6406,6,2,6
6407,8,2,6
6408,8,2,6
6409,7,2,6
6410,8,2,6
6411,2,2,6
6412,6,2,6
6413,8,2,6
6414,8,2,6
6415,8,2,6
6416,7,2,6
6417,7,2,6
6418,7,2,6
6419,2,2,6
6420,6,2,6
6421,8,2,6
6422,1,2,6
6423,7,2,6
6424,2,3,2
6425,8,2,6
6426,6,2,6
6427,8,2,6
6428,5,2,6
6429,1,2,6
6430,6,2,6
6431,5,2,6
6432,6,3,2
6433,1,2,6
6434,2,2,6
6435,6,2,6
6436,2,2,6
6437,4,2,6
6438,7,2,6
6439,8,2,6
6440,6,2,6
6441,8,2,6
6442,8,3,2
6443,2,2,6
6444,2,2,6
6445,6,2,6
6446,8,2,6
6447,6,2,6
6448,2,2,6
6449,8,1,4
6450,6,2,6
6451,7,2,6
6452,8,2,6
6453,2,2,6
6454,8,2,6
6455,6,2,6
6456,1,2,6
6457,7,3,2
6458,2,2,6
6459,6,2,6
6460,6,2,6
6461,6,2,6
6462,6,2,6
6463,6,2,6
6464,5,2,6
6465,6,2,6
6466,2,3,2
6467,8,2,6
6468,6,2,6
6469,8,3,2
6470,7,2,6
6471,7,2,6
6472,7,2,6
6473,8,2,6
6474,8,2,6
6475,5,2,6
6476,7,2,6
6477,5,2,6
6478,7,8,7
6479,7,2,6
6480,2,2,6
6481,6,2,6
6482,8,2,6
6483,7,2,6
6484,8,1,4
6485,8,2,6
6486,2,2,6
6487,6,2,6
6488,8,2,6
6489,2,4,3
6490,2,2,6
6491,8,2,6
6492,7,2,6
6493,6,2,6
6494,7,2,6
6495,8,2,6
6496,6,2,6
6497,7,2,6
6498,6,2,6
6499,2,2,6
6500,6,2,6
6501,5,2,6
6502,7,3,2
6503,6,2,6
6504,6,3,2
6505,5,2,6
6506,8,1,4
6507,7,2,6
6508,2,2,6
6509,6,2,6
6510,2,3,2
6511,2,2,6
6512,2,2,6
6513,8,2,6
6514,8,2,6
6515,7,3,2
6516,6,2,6
6517,2,2,6
6518,6,2,6
6519,6,2,6
6520,5,2,6
6521,6,2,6
6522,5,2,6
6523,7,2,6
6524,8,2,6
6525,6,3,2
6526,6,2,6
6527,6,2,6
6528,6,2,6
6529,8,2,6
6530,6,2,6
6531,6,2,6
6532,8,2,6
6533,8,2,6
6534,6,2,6
6535,5,2,6
6536,8,1,4
6537,2,2,6
6538,8,2,6
6539,6,2,6
6540,8,2,6
6541,4,2,6
6542,8,2,6
6543,6,2,6
6544,2,2,6
6545,5,2,6
6546,8,2,6
6547,6,2,6
6548,8,2,6
6549,7,3,2
6550,7,2,6
6551,6,2,6
6552,7,2,6
6553,6,2,6
6554,8,2,6
6555,6,2,6
6556,2,2,6
6557,2,0,1
6558,2,2,6
6559,7,2,6
6560,5,2,6
6561,6,2,6
6562,8,2,6
6563,8,2,6
6564,7,2,6
6565,8,2,6
6566,5,2,6
6567,2,2,6
6568,2,2,6
6569,7,3,2
6570,2,0,1
6571,8,2,6
6572,7,2,6
6573,6,2,6
6574,2,2,6
6575,6,2,6
6576,2,2,6
6577,2,2,6
6578,2,2,6
6579,6,2,6
6580,5,2,6
6581,6,2,6
6582,8,2,6
6583,7,2,6
6584,5,2,6
6585,6,2,6
6586,7,2,6
6587,1,3,2
6588,8,2,6
6589,5,2,6
6590,7,2,6
6591,8,2,6
6592,1,2,6
6593,5,2,6
6594,6,2,6
6595,8,2,6
6596,8,2,6
6597,6,2,6
6598,7,2,6
6599,2,2,6
6600,2,2,6
6601,6,2,6
6602,2,2,6
6603,8,2,6
6604,8,2,6
6605,7,2,6
6606,8,2,6
6607,8,2,6
6608,8,2,6
6609,2,2,6
6610,8,2,6
6611,8,2,6
6612,2,2,6
6613,8,2,6
6614,2,6,5
6615,8,3,2
6616,8,2,6
6617,7,2,6
6618,8,2,6
6619,7,2,6
6620,6,2,6
6621,8,2,6
6622,6,2,6
6623,6,2,6
6624,8,2,6
6625,6,2,6
6626,6,2,6
6627,7,2,6
6628,2,3,2
6629,8,2,6
6630,8,2,6
6631,2,2,6
6632,6,2,6
6633,2,2,6
6634,7,2,6
6635,4,2,6
6636,8,2,6
6637,7,8,7
6638,8,2,6
6639,8,2,6
6640,8,2,6
6641,2,2,6
6642,3,2,6
6643,8,2,6
6644,8,2,6
6645,8,2,6
6646,8,2,6
6647,7,2,6
6648,7,2,6
6649,8,2,6
6650,8,2,6
6651,8,2,6
6652,8,2,6
6653,2,2,6
6654,5,3,2
6655,1,2,6
6656,6,2,6
6657,8,2,6
6658,6,3,2
6659,5,2,6
6660,5,2,6
6661,8,2,6
6662,8,2,6
6663,3,2,6
6664,7,2,6
6665,7,2,6
6666,8,2,6
6667,8,2,6
6668,7,2,6
6669,5,3,2
6670,6,2,6
6671,6,2,6
6672,8,2,6
6673,5,2,6
6674,7,2,6
6675,1,2,6
6676,8,2,6
6677,1,1,4
6678,6,2,6
6679,4,3,2
6680,8,2,6
6681,8,3,2
6682,2,4,3
6683,7,2,6
6684,7,2,6
6685,7,2,6
6686,8,2,6
6687,8,2,6
6688,8,2,6
6689,8,2,6
6690,5,2,6
6691,3,2,6
6692,5,2,6
6693,8,2,6
6694,6,3,2
6695,5,2,6
6696,8,2,6
6697,6,2,6
6698,7,2,6
6699,6,2,6
6700,8,2,6
6701,8,2,6
6702,8,2,6
6703,5,4,3
6704,2,2,6
6705,7,2,6
6706,7,2,6
6707,6,2,6
6708,8,2,6
6709,7,2,6
6710,2,2,6
6711,6,3,2
6712,4,2,6
6713,8,2,6
6714,7,3,2
6715,8,3,2
6716,2,2,6
6717,6,2,6
6718,7,2,6
6719,2,2,6
6720,8,2,6
6721,8,3,2
6722,6,2,6
6723,8,2,6
6724,5,2,6
6725,4,2,6
6726,6,2,6
6727,8,2,6
6728,8,2,6
6729,7,2,6
6730,5,2,6
6731,5,2,6
6732,8,2,6
6733,7,2,6
6734,1,2,6
6735,7,3,2
6736,7,2,6
6737,8,2,6
6738,2,2,6
6739,8,2,6
6740,6,2,6
6741,7,2,6
6742,8,2,6
6743,8,2,6
6744,4,2,6
6745,8,2,6
6746,7,2,6
6747,6,2,6
6748,8,2,6
6749,7,2,6
6750,1,2,6
6751,8,2,6
6752,8,2,6
6753,7,2,6
6754,2,2,6
6755,8,2,6
6756,8,2,6
6757,5,2,6
6758,8,2,6
6759,8,2,6
6760,6,0,1
6761,6,2,6
6762,2,2,6
6763,7,2,6
6764,6,2,6
6765,7,2,6
6766,7,2,6
6767,2,2,6
6768,6,2,6
6769,8,2,6
6770,4,2,6
6771,8,2,6
6772,2,2,6
6773,8,1,4
6774,7,1,4
6775,7,2,6
6776,6,2,6
6777,6,2,6
6778,7,3,2
6779,7,2,6
6780,7,2,6
6781,8,2,6
6782,4,2,6
6783,6,2,6
6784,8,2,6
6785,7,2,6
6786,2,2,6
6787,7,2,6
6788,6,2,6
6789,2,4,3
6790,6,2,6
6791,6,2,6
6792,6,2,6
6793,8,2,6
6794,7,2,6
6795,6,2,6
6796,6,2,6
6797,8,2,6
6798,8,2,6
6799,3,2,6
6800,8,3,2
6801,6,2,6
6802,5,2,6
6803,8,7,8
6804,8,2,6
6805,8,2,6
6806,8,2,6
6807,8,2,6
6808,5,2,6
6809,8,2,6
6810,2,2,6
6811,8,2,6
6812,1,2,6
6813,5,2,6
6814,6,3,2
6815,5,2,6
6816,7,2,6
6817,8,2,6
6818,5,2,6
6819,7,2,6
6820,8,2,6
6821,6,2,6
6822,1,2,6
6823,2,2,6
6824,7,3,2
6825,8,2,6
6826,8,2,6
6827,6,2,6
6828,5,2,6
6829,7,2,6
6830,8,2,6
6831,2,2,6
6832,8,2,6
6833,6,5,0
6834,8,2,6
6835,5,2,6
6836,8,2,6
6837,8,2,6
6838,2,2,6
6839,8,2,6
6840,6,2,6
6841,2,2,6
6842,6,2,6
6843,8,2,6
6844,7,2,6
6845,5,2,6
6846,2,2,6
6847,6,2,6
6848,2,2,6
6849,4,2,6
6850,6,2,6
6851,6,2,6
6852,7,2,6
6853,8,2,6
6854,8,2,6
6855,8,1,4
6856,8,2,6
6857,8,2,6
6858,5,2,6
6859,7,2,6
6860,8,2,6
6861,7,2,6
6862,8,2,6
6863,8,2,6
6864,8,1,4
6865,2,2,6
6866,2,2,6
6867,8,3,2
6868,6,2,6
6869,3,2,6
6870,2,2,6
6871,4,2,6
6872,8,2,6
6873,7,2,6
6874,6,2,6
6875,2,2,6
6876,8,2,6
6877,4,2,6
6878,4,2,6
6879,4,2,6
6880,6,2,6
6881,6,2,6
6882,8,2,6
6883,7,2,6
6884,5,2,6
6885,8,2,6
6886,7,2,6
6887,7,2,6
6888,8,2,6
6889,7,2,6
6890,7,2,6
6891,8,2,6
6892,8,2,6
6893,8,2,6
6894,7,2,6
6895,7,2,6
6896,1,2,6
6897,5,2,6
6898,6,2,6
6899,5,2,6
6900,4,2,6
6901,7,2,6
6902,2,2,6
6903,8,2,6
6904,5,2,6
6905,8,2,6
6906,5,2,6
6907,8,2,6
6908,2,2,6
6909,4,2,6
6910,7,2,6
6911,6,2,6
6912,8,7,8
6913,5,2,6
6914,5,2,6
6915,7,2,6
6916,7,1,4
6917,2,2,6
6918,6,2,6
6919,2,2,6
6920,2,2,6
6921,7,2,6
6922,2,2,6
6923,7,2,6
6924,6,3,2
6925,6,2,6
6926,8,3,2
6927,8,2,6
6928,7,2,6
6929,1,2,6
6930,6,2,6
6931,6,2,6
6932,6,2,6
6933,2,2,6
6934,6,2,6
6935,8,7,8
6936,5,2,6
6937,8,2,6
6938,0,5,0
6939,5,2,6
6940,6,2,6
6941,8,2,6
6942,2,2,6
6943,8,2,6
6944,1,2,6
6945,4,2,6
6946,8,7,8
6947,6,2,6
6948,5,2,6
6949,5,2,6
6950,6,2,6
6951,6,2,6
6952,6,2,6
6953,7,2,6
6954,8,1,4
6955,8,2,6
6956,2,0,1
6957,6,2,6
6958,6,2,6
6959,6,2,6
6960,1,2,6
6961,5,2,6
6962,2,2,6
6963,8,2,6
6964,7,2,6
6965,8,3,2
6966,8,2,6
6967,7,2,6
6968,8,2,6
6969,6,2,6
6970,6,2,6
6971,2,3,2
6972,8,1,4
6973,8,2,6
6974,7,2,6
6975,7,8,7
6976,8,2,6
6977,6,2,6
6978,7,2,6
6979,8,2,6
6980,8,2,6
6981,7,2,6
6982,1,2,6
6983,8,2,6
6984,6,2,6
6985,6,2,6
6986,7,2,6
6987,7,2,6
6988,6,1,4
6989,7,3,2
6990,8,3,2
6991,6,2,6
6992,8,2,6
6993,5,2,6
6994,5,2,6
6995,8,2,6
6996,6,2,6
6997,8,2,6
6998,8,2,6
6999,8,3,2
7000,6,2,6
7001,8,2,6
7002,5,2,6
7003,6,2,6
7004,8,7,8
7005,1,0,1
7006,2,2,6
7007,7,2,6
7008,6,2,6
7009,6,2,6
7010,5,3,2
7011,8,2,6
7012,7,2,6
7013,6,3,2
7014,8,2,6
7015,8,2,6
7016,8,3,2
7017,1,2,6
7018,6,2,6
7019,8,2,6
7020,8,2,6
7021,7,2,6
7022,7,2,6
7023,8,2,6
7024,2,2,6
7025,8,3,2
7026,8,2,6
7027,5,2,6
7028,7,5,0
7029,7,2,6
7030,2,2,6
7031,6,2,6
7032,6,2,6
7033,2,2,6
7034,7,2,6
7035,2,4,3
7036,8,2,6
7037,8,3,2
7038,8,2,6
7039,8,1,4
7040,8,2,6
7041,6,2,6
7042,6,2,6
7043,6,2,6
7044,8,2,6
7045,8,2,6
7046,3,2,6
7047,8,2,6
7048,5,2,6
7049,6,2,6
7050,5,2,6
7051,7,2,6
7052,6,2,6
7053,6,2,6
7054,8,1,4
7055,8,7,8
7056,6,2,6
7057,2,2,6
7058,2,2,6
7059,3,2,6
7060,2,2,6
7061,8,2,6
7062,8,2,6
7063,8,2,6
7064,5,2,6
7065,1,2,6
7066,2,2,6
7067,7,2,6
7068,2,2,6
7069,6,2,6
7070,8,3,2
7071,5,2,6
7072,6,2,6
7073,4,2,6
7074,2,2,6
7075,5,2,6
7076,6,2,6
7077,2,2,6
7078,8,2,6
7079,8,2,6
7080,5,2,6
7081,6,2,6
7082,8,2,6
7083,7,2,6
7084,8,2,6
7085,8,3,2
7086,6,2,6
7087,7,2,6
7088,1,2,6
7089,4,2,6
7090,2,2,6
7091,2,4,3
7092,6,2,6
7093,8,2,6
7094,8,2,6
7095,6,2,6
7096,7,2,6
7097,4,2,6
7098,2,2,6
7099,7,2,6
7100,6,2,6
7101,5,3,2
7102,6,2,6
7103,7,2,6
7104,2,2,6
7105,8,1,4
7106,7,2,6
7107,7,2,6
7108,2,2,6
7109,2,2,6
7110,8,2,6
7111,2,2,6
7112,5,2,6
7113,6,2,6
7114,7,2,6
7115,5,2,6
7116,8,2,6
7117,7,1,4
7118,8,2,6
7119,8,2,6
7120,5,2,6
7121,6,2,6
7122,8,2,6
7123,8,2,6
7124,6,2,6
7125,8,2,6
7126,7,2,6
7127,6,2,6
7128,7,2,6
7129,8,2,6
7130,8,2,6
7131,8,2,6
7132,7,2,6
7133,7,8,7
7134,2,2,6
7135,8,2,6
7136,6,2,6
7137,6,2,6
7138,8,2,6
7139,6,2,6
7140,5,2,6
7141,8,2,6
7142,8,2,6
7143,5,2,6
7144,7,2,6
7145,8,2,6
7146,7,2,6
7147,6,2,6
7148,2,2,6
7149,5,2,6
7150,6,3,2
7151,6,2,6
7152,6,2,6
7153,8,2,6
7154,7,2,6
7155,8,2,6
7156,7,2,6
7157,7,2,6
7158,2,2,6
7159,6,2,6
7160,2,2,6
7161,6,2,6
7162,8,2,6
7163,7,2,6
7164,2,2,6
7165,8,2,6
7166,8,2,6
7167,6,2,6
7168,6,2,6
7169,6,0,1
7170,4,2,6
7171,7,2,6
7172,6,3,2
7173,2,2,6
7174,5,2,6
7175,5,2,6
7176,2,2,6
7177,8,7,8
7178,6,2,6
7179,5,2,6
7180,8,2,6
7181,6,2,6
7182,6,2,6
7183,6,2,6
7184,8,2,6
7185,8,2,6
7186,5,2,6
7187,8,3,2
7188,8,2,6
7189,7,3,2
7190,8,3,2
7191,2,2,6
7192,2,2,6
7193,7,2,6
7194,7,2,6
7195,5,2,6
7196,6,2,6
7197,5,3,2
7198,8,2,6
7199,7,2,6
7200,7,5,0
7201,7,2,6
7202,6,2,6
7203,6,2,6
7204,2,2,6
7205,7,2,6
7206,8,3,2
7207,6,2,6
7208,6,2,6
7209,8,2,6
7210,8,2,6
7211,7,2,6
7212,6,2,6
7213,8,2,6
7214,2,2,6
7215,4,2,6
7216,6,2,6
7217,2,2,6
7218,4,1,4
7219,7,2,6
7220,7,2,6
7221,8,2,6
7222,2,2,6
7223,5,2,6
7224,6,2,6
7225,2,4,3
7226,8,2,6
7227,7,2,6
7228,6,2,6
7229,8,2,6
7230,6,2,6
7231,6,2,6
7232,2,2,6
7233,8,2,6
7234,2,2,6
7235,7,8,7
7236,6,2,6
7237,6,2,6
7238,8,2,6
7239,8,2,6
7240,7,2,6
7241,6,2,6
7242,8,2,6
7243,7,2,6
7244,7,2,6
7245,2,2,6
7246,7,2,6
7247,7,2,6
7248,7,2,6
7249,7,2,6
7250,2,2,6
7251,8,2,6
7252,5,2,6
7253,5,2,6
7254,5,2,6
7255,7,2,6
7256,6,2,6
7257,6,2,6
7258,3,2,6
7259,6,2,6
7260,7,2,6
7261,8,2,6
7262,8,2,6
7263,8,2,6
7264,6,1,4
7265,6,2,6
7266,2,2,6
7267,7,2,6
7268,1,2,6
7269,4,2,6
7270,2,2,6
7271,7,2,6
7272,7,2,6
7273,2,2,6
7274,7,2,6
7275,8,2,6
7276,6,2,6
7277,6,2,6
7278,7,2,6
7279,7,2,6
7280,2,2,6
7281,5,2,6
7282,6,3,2
7283,6,2,6
7284,7,2,6
7285,7,2,6
7286,6,2,6
7287,2,2,6
7288,8,2,6
7289,7,2,6
7290,8,2,6
7291,6,3,2
7292,2,2,6
7293,6,2,6
7294,2,2,6
7295,6,2,6
7296,6,2,6
7297,6,2,6
7298,6,2,6
7299,6,2,6
7300,6,2,6
7301,4,3,2
7302,7,2,6
7303,6,2,6
7304,6,2,6
7305,5,2,6
7306,8,2,6
7307,2,2,6
7308,8,2,6
7309,6,2,6
7310,8,2,6
7311,1,2,6
7312,1,3,2
7313,7,2,6
7314,8,2,6
7315,6,2,6
7316,5,2,6
7317,6,2,6
7318,6,2,6
7319,5,1,4
7320,2,0,1
7321,2,2,6
7322,6,2,6
7323,8,2,6
7324,7,2,6
7325,7,2,6
7326,6,2,6
7327,7,2,6
7328,5,2,6
7329,1,5,0
7330,8,2,6
7331,6,2,6
7332,6,2,6
7333,2,2,6
7334,8,2,6
7335,7,2,6
7336,7,2,6
7337,8,2,6
7338,8,2,6
7339,7,2,6
7340,1,2,6
7341,6,2,6
7342,5,2,6
7343,8,2,6
7344,6,2,6
7345,2,2,6
7346,8,2,6
7347,7,2,6
7348,8,2,6
7349,8,2,6
7350,2,2,6
7351,8,2,6
7352,7,2,6
7353,8,2,6
7354,6,2,6
7355,2,2,6
7356,6,2,6
7357,6,2,6
7358,7,8,7
7359,3,2,6
7360,2,2,6
7361,7,2,6
7362,2,2,6
7363,2,2,6
7364,5,2,6
7365,6,2,6
7366,2,2,6
7367,7,2,6
7368,8,2,6
7369,6,2,6
7370,2,2,6
7371,2,2,6
7372,7,2,6
7373,8,2,6
7374,0,2,6
7375,2,2,6
7376,8,7,8
7377,8,2,6
7378,7,2,6
7379,5,2,6
7380,2,3,2
7381,8,2,6
7382,6,2,6
7383,4,2,6
7384,7,2,6
7385,6,2,6
7386,6,2,6
7387,7,2,6
7388,5,2,6
7389,7,2,6
7390,6,2,6
7391,7,2,6
7392,8,2,6
7393,8,2,6
7394,8,2,6
7395,6,2,6
7396,6,2,6
7397,8,3,2
7398,2,2,6
7399,7,2,6
7400,6,2,6
7401,8,2,6
7402,8,2,6
7403,5,2,6
7404,6,3,2
7405,2,2,6
7406,8,7,8
7407,8,2,6
7408,7,2,6
7409,5,6,5
7410,8,2,6
7411,7,2,6
7412,2,2,6
7413,5,1,4
7414,8,2,6
7415,8,2,6
7416,1,2,6
7417,0,5,0
7418,6,2,6
7419,6,1,4
7420,1,2,6
7421,2,2,6
7422,7,2,6
7423,7,2,6
7424,6,2,6
7425,8,2,6
7426,6,2,6
7427,1,2,6
7428,2,2,6
7429,6,2,6
7430,6,3,2
7431,8,2,6
7432,7,1,4
7433,2,2,6
7434,8,2,6
7435,7,2,6
7436,7,2,6
7437,8,2,6
7438,7,2,6
7439,5,2,6
7440,2,2,6
7441,7,2,6
7442,8,2,6
7443,8,2,6
7444,7,2,6
7445,6,2,6
7446,6,2,6
7447,7,2,6
7448,6,2,6
7449,3,2,6
7450,8,2,6
7451,6,2,6
7452,2,2,6
7453,2,2,6
7454,6,2,6
7455,7,2,6
7456,8,2,6
7457,5,2,6
7458,1,2,6
7459,8,2,6
7460,7,2,6
7461,5,2,6
7462,6,2,6
7463,8,2,6
7464,8,2,6
7465,8,2,6
7466,8,2,6
7467,2,2,6
7468,6,2,6
7469,2,2,6
7470,8,2,6
7471,8,2,6
7472,0,5,0
7473,8,2,6
7474,8,2,6
7475,5,2,6
7476,4,2,6
7477,7,2,6
7478,6,3,2
7479,6,2,6
7480,6,2,6
7481,6,2,6
7482,8,7,8
7483,8,3,2
7484,5,2,6
7485,2,2,6
7486,8,2,6
7487,5,2,6
7488,2,2,6
7489,6,2,6
7490,8,2,6
7491,8,2,6
7492,7,2,6
7493,2,2,6
7494,6,2,6
7495,8,2,6
7496,8,2,6
7497,6,2,6
7498,6,2,6
7499,8,2,6
7500,7,2,6
7501,2,2,6
7502,6,2,6
7503,5,2,6
7504,5,2,6
7505,8,2,6
7506,6,3,2
7507,8,2,6
7508,8,2,6
7509,8,2,6
7510,8,2,6
7511,7,2,6
7512,7,2,6
7513,2,2,6
7514,2,2,6
7515,7,2,6
7516,8,2,6
7517,6,2,6
7518,7,2,6
7519,2,2,6
7520,2,2,6
7521,7,2,6
7522,8,2,6
7523,7,2,6
7524,6,2,6
7525,8,2,6
7526,7,2,6
7527,7,2,6
7528,1,2,6
7529,2,3,2
7530,8,3,2
7531,7,2,6
7532,7,2,6
7533,5,2,6
7534,8,2,6
7535,7,2,6
7536,8,2,6
7537,6,2,6
7538,8,2,6
7539,6,2,6
7540,7,2,6
7541,6,2,6
7542,5,2,6
7543,5,2,6
7544,6,2,6
7545,5,2,6
7546,6,2,6
7547,7,2,6
7548,2,2,6
7549,5,2,6
7550,2,2,6
7551,4,2,6
7552,8,2,6
7553,6,2,6
7554,6,2,6
7555,6,2,6
7556,2,2,6
7557,5,2,6
7558,8,2,6
7559,2,2,6
7560,7,2,6
7561,6,2,6
7562,6,2,6
7563,7,2,6
7564,5,2,6
7565,8,2,6
7566,8,2,6
7567,7,2,6
7568,8,2,6
7569,8,2,6
7570,3,2,6
7571,5,2,6
7572,6,2,6
7573,2,2,6
7574,8,2,6
7575,6,2,6
7576,6,2,6
7577,2,4,3
7578,7,8,7
7579,6,2,6
7580,2,2,6
7581,8,7,8
7582,8,2,6
7583,6,2,6
7584,8,1,4
7585,2,4,3
7586,7,2,6
7587,8,2,6
7588,0,5,0
7589,6,2,6
7590,5,2,6
7591,8,2,6
7592,7,2,6
7593,6,2,6
7594,5,2,6
7595,7,2,6
7596,8,2,6
7597,5,6,5
7598,8,2,6
7599,5,2,6
7600,8,2,6
7601,8,2,6
7602,8,2,6
7603,8,2,6
7604,6,1,4
7605,5,2,6
7606,8,2,6
7607,6,2,6
7608,7,2,6
7609,5,2,6
7610,8,2,6
7611,6,2,6
7612,7,2,6
7613,8,2,6
7614,2,2,6
7615,8,2,6
7616,6,2,6
7617,8,2,6
7618,8,2,6
7619,7,2,6
7620,6,2,6
7621,7,2,6
7622,5,2,6
7623,7,2,6
7624,7,2,6
7625,5,2,6
7626,8,2,6
7627,2,2,6
7628,7,2,6
7629,5,2,6
7630,2,2,6
7631,2,2,6
7632,5,2,6
7633,6,2,6
7634,2,2,6
7635,4,2,6
7636,7,2,6
7637,8,2,6
7638,5,2,6
7639,6,2,6
7640,2,3,2
7641,8,2,6
7642,7,2,6
7643,8,2,6
7644,8,2,6
7645,7,2,6
7646,2,2,6
7647,7,2,6
7648,7,8,7
7649,6,2,6
7650,6,2,6
7651,2,2,6
7652,8,2,6
7653,3,2,6
7654,7,2,6
7655,2,2,6
7656,2,2,6
7657,8,2,6
7658,1,3,2
7659,2,2,6
7660,7,2,6
7661,6,2,6
7662,6,2,6
7663,1,3,2
7664,7,2,6
7665,6,2,6
7666,8,2,6
7667,6,2,6
7668,6,2,6
7669,2,3,2
7670,7,2,6
7671,8,2,6
7672,8,2,6
7673,8,2,6
7674,6,2,6
7675,7,2,6
7676,8,2,6
7677,2,2,6
7678,8,2,6
7679,7,2,6
7680,6,2,6
7681,6,2,6
7682,6,2,6
7683,5,2,6
7684,7,2,6
7685,6,2,6
7686,2,2,6
7687,5,2,6
7688,5,2,6
7689,6,2,6
7690,8,2,6
7691,8,3,2
7692,2,2,6
7693,6,2,6
7694,6,2,6
7695,5,2,6
7696,8,2,6
7697,7,2,6
7698,5,2,6
7699,6,2,6
7700,2,2,6
7701,6,3,2
7702,5,2,6
7703,6,2,6
7704,2,2,6
7705,2,0,1
7706,8,2,6
7707,6,2,6
7708,6,2,6
7709,2,2,6
7710,8,2,6
7711,2,2,6
7712,6,2,6
7713,7,2,6
7714,5,2,6
7715,5,6,5
7716,1,2,6
7717,2,2,6
7718,7,2,6
7719,2,2,6
7720,8,2,6
7721,6,2,6
7722,4,2,6
7723,2,2,6
7724,6,2,6
7725,5,6,5
7726,6,2,6
7727,5,2,6
7728,8,2,6
7729,8,2,6
7730,1,2,6
7731,7,2,6
7732,8,2,6
7733,7,2,6
7734,7,2,6
7735,8,2,6
7736,6,2,6
7737,7,2,6
7738,8,2,6
7739,7,2,6
7740,7,2,6
7741,6,3,2
7742,6,2,6
7743,1,2,6
7744,6,2,6
7745,7,2,6
7746,7,2,6
7747,8,2,6
7748,8,2,6
7749,3,2,6
7750,5,2,6
7751,0,5,0
7752,1,2,6
7753,8,7,8
7754,1,2,6
7755,8,3,2
7756,6,2,6
7757,2,2,6
7758,8,2,6
7759,7,2,6
7760,2,2,6
7761,8,2,6
7762,2,2,6
7763,7,2,6
7764,2,0,1
7765,8,3,2
7766,8,2,6
7767,8,2,6
7768,8,2,6
7769,7,2,6
7770,6,5,0
7771,8,2,6
7772,8,2,6
7773,6,2,6
7774,5,2,6
7775,4,2,6
7776,8,2,6
7777,6,2,6
7778,4,2,6
7779,6,2,6
7780,7,2,6
7781,1,2,6
7782,2,2,6
7783,2,2,6
7784,2,2,6
7785,2,3,2
7786,6,2,6
7787,1,2,6
7788,8,2,6
7789,7,2,6
7790,2,2,6
7791,2,2,6
7792,8,2,6
7793,2,2,6
7794,6,2,6
7795,2,2,6
7796,6,2,6
7797,6,2,6
7798,8,2,6
7799,6,2,6
7800,0,5,0
7801,6,2,6
7802,8,2,6
7803,8,2,6
7804,8,2,6
7805,8,2,6
7806,7,2,6
7807,5,2,6
7808,2,2,6
7809,6,2,6
7810,6,2,6
7811,2,2,6
7812,6,2,6
7813,8,7,8
7814,7,2,6
7815,8,2,6
7816,7,2,6
7817,7,2,6
7818,8,2,6
7819,7,2,6
7820,8,2,6
7821,5,2,6
7822,8,2,6
7823,3,4,3
7824,8,2,6
7825,2,2,6
7826,7,2,6
7827,2,2,6
7828,7,2,6
7829,2,2,6
7830,7,2,6
7831,8,2,6
7832,5,2,6
7833,6,2,6
7834,6,2,6
7835,8,2,6
7836,2,2,6
7837,6,2,6
7838,7,2,6
7839,6,3,2
7840,7,2,6
7841,6,2,6
7842,5,2,6
7843,8,2,6
7844,8,3,2
7845,8,2,6
7846,2,2,6
7847,5,2,6
7848,8,2,6
7849,7,2,6
7850,6,2,6
7851,5,2,6
7852,7,2,6
7853,5,2,6
7854,8,2,6
7855,5,2,6
7856,6,2,6
7857,6,2,6
7858,6,3,2
7859,6,2,6
7860,2,2,6
7861,6,2,6
7862,5,2,6
7863,6,2,6
7864,4,2,6
7865,6,2,6
7866,8,2,6
7867,5,2,6
7868,2,2,6
7869,8,2,6
7870,6,2,6
7871,6,2,6
7872,5,1,4
7873,6,1,4
7874,6,3,2
7875,6,2,6
7876,2,2,6
7877,5,2,6
7878,8,2,6
7879,5,2,6
7880,5,2,6
7881,4,2,6
7882,2,2,6
7883,7,2,6
7884,8,2,6
7885,2,2,6
7886,7,2,6
7887,6,0,1
7888,7,2,6
7889,6,2,6
7890,4,2,6
7891,6,2,6
7892,2,2,6
7893,2,0,1
7894,8,2,6
7895,4,2,6
7896,7,2,6
7897,7,2,6
7898,8,2,6
7899,4,2,6
7900,8,2,6
7901,3,2,6
7902,7,2,6
7903,8,2,6
7904,2,2,6
7905,8,2,6
7906,6,2,6
7907,1,2,6
7908,7,2,6
7909,7,2,6
7910,2,3,2
7911,7,8,7
7912,8,2,6
7913,7,2,6
7914,7,2,6
7915,1,2,6
7916,6,2,6
7917,2,2,6
7918,8,2,6
7919,7,2,6
7920,8,2,6
7921,2,2,6
7922,8,2,6
7923,6,2,6
7924,2,2,6
7925,2,2,6
7926,8,3,2
7927,8,7,8
7928,7,2,6
7929,8,2,6
7930,8,2,6
7931,6,2,6
7932,6,2,6
7933,2,3,2
7934,4,2,6
7935,2,2,6
7936,8,2,6
7937,6,2,6
7938,8,7,8
7939,5,2,6
7940,7,2,6
7941,2,2,6
7942,7,2,6
7943,7,2,6
7944,8,2,6
7945,8,2,6
7946,6,2,6
7947,7,2,6
7948,6,3,2
7949,7,3,2
7950,5,2,6
7951,6,2,6
7952,7,2,6
7953,8,3,2
7954,6,2,6
7955,1,2,6
7956,7,2,6
7957,6,2,6
7958,8,2,6
7959,6,2,6
7960,8,2,6
7961,6,3,2
7962,2,2,6
7963,6,2,6
7964,2,2,6
7965,6,2,6
7966,5,2,6
7967,2,2,6
7968,8,2,6
7969,1,2,6
7970,7,2,6
7971,7,2,6
7972,2,2,6
7973,6,2,6
7974,6,2,6
7975,5,2,6
7976,0,5,0
7977,6,3,2
7978,2,2,6
7979,7,2,6
7980,4,3,2
7981,7,2,6
7982,8,2,6
7983,6,5,0
7984,7,2,6
7985,5,2,6
7986,7,2,6
7987,7,2,6
7988,5,2,6
7989,6,3,2
7990,5,6,5
7991,0,2,6
7992,1,2,6
7993,6,2,6
7994,8,2,6
7995,2,2,6
7996,6,2,6
7997,7,2,6
7998,8,2,6
7999,8,2,6
8000,6,2,6
8001,5,2,6
8002,8,2,6
8003,6,2,6
8004,7,2,6
8005,6,2,6
8006,7,2,6
8007,7,2,6
8008,8,3,2
8009,8,2,6
8010,5,2,6
8011,8,2,6
8012,8,2,6
8013,5,2,6
8014,3,2,6
8015,6,2,6
8016,8,2,6
8017,5,2,6
8018,8,2,6
8019,6,3,2
8020,2,2,6
8021,2,2,6
8022,6,2,6
8023,8,2,6
8024,6,2,6
8025,7,2,6
8026,2,2,6
8027,8,2,6
8028,2,2,6
8029,8,2,6
8030,2,2,6
8031,8,2,6
8032,7,2,6
8033,6,2,6
8034,8,2,6
8035,2,2,6
8036,8,2,6
8037,5,2,6
8038,8,2,6
8039,6,2,6
8040,5,2,6
8041,8,2,6
8042,5,2,6
8043,8,2,6
8044,2,2,6
8045,3,2,6
8046,6,2,6
8047,5,2,6
8048,6,2,6
8049,2,3,2
8050,0,5,0
8051,8,2,6
8052,6,2,6
8053,7,2,6
8054,7,2,6
8055,2,2,6
8056,6,2,6
8057,6,2,6
8058,8,2,6
8059,8,2,6
8060,6,2,6
8061,2,2,6
8062,8,2,6
8063,6,2,6
8064,6,2,6
8065,8,2,6
8066,7,2,6
8067,5,2,6
8068,2,2,6
8069,6,1,4
8070,2,0,1
8071,7,2,6
8072,8,2,6
8073,7,2,6
8074,7,2,6
8075,5,2,6
8076,6,2,6
8077,2,2,6
8078,7,2,6
8079,8,2,6
8080,8,2,6
8081,5,2,6
8082,6,2,6
8083,8,2,6
8084,6,2,6
8085,8,2,6
8086,6,2,6
8087,1,2,6
8088,6,3,2
8089,8,2,6
8090,7,2,6
8091,8,2,6
8092,8,2,6
8093,5,2,6
8094,6,2,6
8095,7,2,6
8096,7,2,6
8097,8,2,6
8098,8,2,6
8099,8,2,6
8100,0,5,0
8101,2,2,6
8102,8,2,6
8103,6,2,6
8104,1,2,6
8105,2,2,6
8106,7,2,6
8107,6,2,6
8108,8,2,6
8109,3,2,6
8110,6,2,6
8111,2,2,6
8112,1,2,6
8113,7,2,6
8114,7,2,6
8115,2,2,6
8116,6,2,6
8117,8,3,2
8118,6,2,6
8119,2,2,6
8120,8,2,6
8121,8,2,6
8122,6,2,6
8123,2,2,6
8124,5,2,6
8125,8,7,8
8126,5,2,6
8127,5,2,6
8128,6,2,6
8129,8,2,6
8130,2,2,6
8131,8,2,6
8132,7,2,6
8133,6,2,6
8134,8,2,6
8135,2,2,6
8136,5,2,6
8137,8,2,6
8138,2,2,6
8139,2,2,6
8140,1,2,6
8141,2,2,6
8142,8,2,6
8143,2,0,1
8144,2,2,6
8145,2,2,6
8146,6,2,6
8147,8,2,6
8148,5,2,6
8149,8,2,6
8150,1,2,6
8151,7,2,6
8152,8,2,6
8153,5,2,6
8154,8,2,6
8155,8,2,6
8156,6,3,2
8157,8,2,6
8158,8,2,6
8159,2,2,6
8160,8,2,6
8161,6,2,6
8162,1,5,0
8163,2,2,6
8164,7,2,6
8165,5,2,6
8166,6,2,6
8167,6,2,6
8168,8,2,6
8169,7,2,6
8170,6,2,6
8171,5,2,6
8172,5,2,6
8173,5,2,6
8174,4,2,6
8175,5,2,6
8176,5,3,2
8177,7,2,6
8178,2,2,6
8179,6,5,0
8180,2,2,6
8181,8,2,6
8182,8,2,6
8183,5,2,6
8184,1,3,2
8185,6,2,6
8186,7,2,6
8187,6,2,6
8188,8,1,4
8189,7,2,6
8190,6,2,6
8191,4,2,6
8192,7,2,6
8193,2,2,6
8194,7,2,6
8195,6,2,6
8196,8,2,6
8197,7,2,6
8198,5,2,6
8199,6,2,6
8200,5,2,6
8201,2,2,6
8202,8,7,8
8203,8,2,6
8204,5,2,6
8205,8,2,6
8206,8,2,6
8207,1,2,6
8208,2,2,6
8209,7,2,6
8210,8,2,6
8211,6,2,6
8212,8,2,6
8213,5,2,6
8214,8,2,6
8215,7,2,6
8216,6,2,6
8217,8,2,6
8218,8,2,6
8219,1,2,6
8220,8,2,6
8221,5,2,6
8222,7,3,2
8223,6,2,6
8224,6,2,6
8225,2,2,6
8226,6,2,6
8227,7,2,6
8228,8,2,6
8229,8,2,6
8230,8,2,6
8231,2,2,6
8232,6,2,6
8233,6,2,6
8234,7,3,2
8235,2,2,6
8236,8,7,8
8237,7,2,6
8238,6,2,6
8239,8,2,6
8240,3,2,6
8241,5,2,6
8242,8,2,6
8243,6,2,6
8244,6,2,6
8245,2,0,1
8246,7,3,2
8247,5,2,6
8248,6,2,6
8249,8,2,6
8250,5,2,6
8251,5,2,6
8252,8,2,6
8253,1,5,0
8254,5,2,6
8255,0,5,0
8256,8,1,4
8257,7,2,6
8258,8,7,8
8259,2,3,2
8260,5,2,6
8261,5,2,6
8262,2,2,6
8263,2,2,6
8264,1,2,6
8265,6,2,6
8266,2,5,0
8267,5,2,6
8268,5,3,2
8269,1,2,6
8270,8,2,6
8271,6,5,0
8272,8,2,6
8273,6,2,6
8274,7,2,6
8275,2,2,6
8276,6,3,2
8277,2,2,6
8278,8,2,6
8279,4,2,6
8280,7,3,2
8281,2,2,6
8282,6,3,2
8283,6,2,6
8284,5,2,6
8285,7,2,6
8286,7,2,6
8287,8,2,6
8288,1,2,6
8289,6,2,6
8290,7,2,6
8291,2,2,6
8292,6,2,6
8293,4,2,6
8294,5,2,6
8295,8,2,6
8296,1,1,4
8297,7,2,6
8298,3,8,7
8299,8,2,6
8300,8,2,6
8301,3,2,6
8302,6,2,6
8303,2,2,6
8304,8,2,6
8305,6,1,4
8306,8,2,6
8307,2,3,2
8308,8,2,6
8309,7,2,6
8310,8,2,6
8311,1,2,6
8312,5,2,6
8313,8,2,6
8314,2,2,6
8315,8,2,6
8316,7,2,6
8317,2,2,6
8318,7,2,6
8319,1,5,0
8320,2,2,6
8321,8,2,6
8322,0,5,0
8323,7,2,6
8324,8,2,6
8325,4,2,6
8326,6,2,6
8327,7,2,6
8328,2,2,6
8329,6,2,6
8330,8,2,6
8331,7,2,6
8332,8,2,6
8333,8,2,6
8334,5,2,6
8335,6,2,6
8336,8,2,6
8337,6,2,6
8338,5,2,6
8339,8,2,6
8340,8,2,6
8341,8,2,6
8342,5,2,6
8343,8,2,6
8344,8,2,6
8345,7,2,6
8346,8,2,6
8347,7,2,6
8348,8,2,6
8349,4,2,6
8350,8,2,6
8351,8,2,6
8352,7,2,6
8353,7,2,6
8354,2,2,6
8355,6,2,6
8356,5,3,2
8357,8,2,6
8358,5,2,6
8359,7,2,6
8360,5,2,6
8361,1,2,6
8362,5,2,6
8363,8,7,8
8364,8,7,8
8365,2,2,6
8366,8,2,6
8367,5,2,6
8368,2,2,6
8369,6,2,6
8370,5,2,6
8371,7,2,6
8372,6,2,6
8373,5,2,6
8374,2,2,6
8375,2,2,6
8376,8,2,6
8377,2,2,6
8378,8,2,6
8379,2,2,6
8380,2,2,6
8381,7,3,2
8382,2,2,6
8383,8,3,2
8384,2,3,2
8385,8,2,6
8386,5,2,6
8387,2,2,6
8388,5,2,6
8389,8,1,4
8390,6,2,6
8391,2,2,6
8392,8,2,6
8393,7,2,6
8394,8,2,6
8395,2,2,6
8396,6,8,7
8397,2,2,6
8398,2,2,6
8399,8,2,6
8400,7,2,6
8401,7,2,6
8402,2,2,6
8403,8,2,6
8404,6,2,6
8405,7,2,6
8406,6,3,2
8407,7,2,6
8408,6,2,6
8409,7,2,6
8410,7,2,6
8411,5,2,6
8412,8,2,6
8413,2,2,6
8414,6,2,6
8415,6,2,6
8416,6,2,6
8417,5,2,6
8418,2,2,6
8419,2,2,6
8420,2,2,6
8421,5,2,6
8422,8,2,6
8423,8,2,6
8424,8,2,6
8425,3,3,2
8426,2,2,6
8427,5,2,6
8428,5,2,6
8429,8,7,8
8430,6,2,6
8431,6,2,6
8432,7,2,6
8433,8,2,6
8434,5,2,6
8435,8,2,6
8436,7,2,6
8437,8,2,6
8438,8,2,6
8439,6,2,6
8440,8,7,8
8441,8,2,6
8442,2,2,6
8443,8,7,8
8444,7,2,6
8445,8,2,6
8446,8,2,6
8447,6,7,8
8448,8,2,6
8449,7,2,6
8450,7,2,6
8451,8,2,6
8452,6,2,6
8453,7,3,2
8454,8,2,6
8455,6,2,6
8456,7,2,6
8457,8,2,6
8458,7,2,6
8459,6,2,6
8460,6,2,6
8461,6,2,6
8462,8,2,6
8463,1,2,6
8464,8,2,6
8465,7,2,6
8466,6,2,6
8467,2,2,6
8468,8,2,6
8469,2,2,6
8470,6,2,6
8471,8,2,6
8472,7,2,6
8473,6,5,0
8474,5,2,6
8475,6,2,6
8476,8,2,6
8477,2,2,6
8478,2,2,6
8479,6,2,6
8480,8,3,2
8481,6,2,6
8482,8,2,6
8483,7,2,6
8484,7,2,6
8485,8,2,6
8486,6,2,6
8487,2,2,6
8488,2,2,6
8489,8,2,6
8490,7,2,6
8491,8,2,6
8492,7,2,6
8493,2,2,6
8494,8,2,6
8495,7,2,6
8496,6,2,6
8497,8,2,6
8498,2,2,6
8499,2,2,6
8500,6,2,6
8501,7,2,6
8502,7,2,6
8503,7,8,7
8504,7,2,6
8505,8,2,6
8506,8,2,6
8507,8,7,8
8508,7,2,6
8509,8,3,2
8510,8,2,6
8511,7,2,6
8512,6,2,6
8513,8,2,6
8514,6,2,6
8515,2,2,6
8516,0,5,0
8517,8,3,2
8518,7,2,6
8519,8,2,6
8520,5,2,6
8521,8,2,6
8522,7,2,6
8523,2,2,6
8524,1,2,6
8525,7,2,6
8526,8,3,2
8527,8,2,6
8528,7,2,6
8529,8,2,6
8530,8,2,6
8531,8,2,6
8532,8,2,6
8533,2,2,6
8534,6,2,6
8535,8,2,6
8536,6,2,6
8537,8,2,6
8538,6,2,6
8539,5,2,6
8540,7,2,6
8541,1,2,6
8542,8,2,6
8543,6,2,6
8544,6,2,6
8545,5,2,6
8546,2,2,6
8547,6,2,6
8548,8,2,6
8549,5,2,6
8550,8,2,6
8551,2,2,6
8552,2,2,6
8553,6,2,6
8554,8,2,6
8555,2,2,6
8556,2,2,6
8557,8,2,6
8558,7,2,6
8559,8,2,6
8560,2,2,6
8561,6,2,6
8562,6,2,6
8563,8,2,6
8564,8,2,6
8565,2,0,1
8566,6,2,6
8567,8,2,6
8568,7,2,6
8569,6,2,6
8570,7,2,6
8571,2,4,3
8572,2,2,6
8573,7,2,6
8574,7,2,6
8575,2,2,6
8576,8,2,6
8577,8,2,6
8578,4,2,6
8579,6,2,6
8580,8,2,6
8581,7,2,6
8582,5,2,6
8583,8,2,6
8584,8,2,6
8585,7,2,6
8586,7,5,0
8587,5,2,6
8588,7,2,6
8589,2,2,6
8590,5,2,6
8591,6,2,6
8592,2,2,6
8593,7,2,6
8594,6,2,6
8595,7,2,6
8596,2,2,6
8597,7,2,6
8598,8,2,6
8599,6,2,6
8600,2,2,6
8601,6,2,6
8602,7,2,6
8603,7,2,6
8604,8,2,6
8605,8,2,6
8606,7,2,6
8607,5,2,6
8608,3,2,6
8609,8,2,6
8610,5,2,6
8611,6,3,2
8612,2,2,6
8613,2,2,6
8614,8,2,6
8615,8,2,6
8616,8,2,6
8617,7,2,6
8618,7,2,6
8619,1,2,6
8620,6,2,6
8621,5,2,6
8622,6,2,6
8623,2,2,6
8624,5,2,6
8625,6,2,6
8626,2,2,6
8627,6,2,6
8628,6,2,6
8629,8,2,6
8630,8,2,6
8631,5,2,6
8632,5,2,6
8633,8,2,6
8634,8,2,6
8635,7,2,6
8636,5,6,5
8637,6,8,7
8638,7,2,6
8639,8,2,6
8640,6,3,2
8641,8,2,6
8642,7,2,6
8643,6,2,6
8644,8,2,6
8645,5,2,6
8646,6,2,6
8647,5,2,6
8648,8,3,2
8649,8,2,6
8650,7,2,6
8651,8,2,6
8652,8,2,6
8653,8,2,6
8654,5,2,6
8655,8,2,6
8656,8,2,6
8657,8,1,4
8658,1,2,6
8659,6,2,6
8660,2,2,6
8661,5,2,6
8662,8,2,6
8663,6,2,6
8664,5,2,6
8665,8,2,6
8666,8,2,6
8667,8,2,6
8668,7,2,6
8669,2,2,6
8670,8,2,6
8671,2,2,6
8672,6,2,6
8673,8,2,6
8674,7,2,6
8675,6,3,2
8676,8,7,8
8677,2,2,6
8678,8,3,2
8679,5,2,6
8680,2,2,6
8681,8,2,6
8682,8,2,6
8683,7,2,6
8684,7,2,6
8685,6,2,6
8686,5,2,6
8687,5,2,6
8688,7,2,6
8689,8,2,6
8690,7,3,2
8691,7,2,6
8692,6,2,6
8693,7,2,6
8694,5,2,6
8695,8,2,6
8696,8,3,2
8697,2,2,6
8698,8,2,6
8699,5,2,6
8700,6,2,6
8701,8,2,6
8702,6,2,6
8703,6,2,6
8704,8,2,6
8705,7,2,6
8706,6,2,6
8707,8,2,6
8708,1,2,6
8709,8,2,6
8710,2,5,0
8711,7,2,6
8712,1,2,6
8713,6,2,6
8714,6,2,6
8715,2,3,2
8716,7,2,6
8717,1,2,6
8718,7,2,6
8719,6,2,6
8720,7,2,6
8721,7,2,6
8722,8,2,6
8723,7,2,6
8724,6,2,6
8725,2,2,6
8726,7,2,6
8727,1,2,6
8728,8,2,6
8729,6,2,6
8730,7,2,6
8731,2,4,3
8732,2,2,6
8733,5,2,6
8734,2,2,6
8735,6,2,6
8736,2,2,6
8737,8,2,6
8738,5,2,6
8739,2,2,6
8740,6,2,6
8741,3,2,6
8742,1,2,6
8743,8,2,6
8744,2,2,6
8745,8,2,6
8746,7,2,6
8747,7,2,6
8748,0,5,0
8749,4,2,6
8750,2,2,6
8751,8,2,6
8752,2,2,6
8753,6,2,6
8754,5,2,6
8755,2,2,6
8756,2,2,6
8757,6,5,0
8758,8,2,6
8759,2,2,6
8760,8,3,2
8761,6,2,6
8762,7,2,6
8763,6,2,6
8764,7,2,6
8765,6,2,6
8766,7,2,6
8767,5,2,6
8768,6,2,6
8769,6,2,6
8770,8,2,6
8771,7,2,6
8772,7,1,4
8773,8,2,6
8774,7,8,7
8775,7,1,4
8776,7,2,6
8777,6,2,6
8778,6,3,2
8779,7,2,6
8780,2,0,1
8781,2,2,6
8782,7,2,6
8783,6,2,6
8784,5,2,6
8785,7,2,6
8786,2,2,6
8787,8,2,6
8788,2,2,6
8789,6,2,6
8790,7,2,6
8791,4,2,6
8792,6,2,6
8793,2,3,2
8794,8,2,6
8795,7,2,6
8796,5,2,6
8797,6,2,6
8798,8,2,6
8799,8,1,4
8800,5,2,6
8801,2,2,6
8802,7,2,6
8803,2,2,6
8804,8,2,6
8805,8,2,6
8806,7,2,6
8807,8,2,6
8808,2,2,6
8809,6,2,6
8810,2,0,1
8811,5,2,6
8812,1,2,6
8813,8,2,6
8814,8,2,6
8815,7,2,6
8816,8,2,6
8817,8,2,6
8818,8,2,6
8819,7,2,6
8820,5,3,2
8821,5,2,6
8822,6,2,6
8823,7,2,6
8824,8,2,6
8825,2,2,6
8826,8,2,6
8827,7,8,7
8828,5,2,6
8829,5,2,6
8830,8,2,6
8831,8,7,8
8832,7,8,7
8833,8,2,6
8834,8,2,6
8835,6,2,6
8836,7,2,6
8837,6,2,6
8838,6,2,6
8839,2,2,6
8840,2,3,2
8841,8,2,6
8842,5,2,6
8843,5,2,6
8844,5,2,6
8845,2,4,3
8846,1,2,6
8847,6,2,6
8848,6,2,6
8849,8,2,6
8850,5,2,6
8851,8,3,2
8852,6,2,6
8853,6,2,6
8854,8,2,6
8855,8,2,6
8856,7,2,6
8857,2,2,6
8858,8,3,2
8859,5,2,6
8860,8,2,6
8861,5,2,6
8862,8,2,6
8863,4,2,6
8864,5,2,6
8865,5,2,6
8866,7,2,6
8867,1,2,6
8868,2,2,6
8869,7,2,6
8870,2,2,6
8871,8,2,6
8872,6,2,6
8873,5,2,6
8874,2,2,6
8875,6,2,6
8876,7,2,6
8877,7,2,6
8878,8,2,6
8879,7,2,6
8880,6,2,6
8881,6,2,6
8882,4,2,6
8883,7,2,6
8884,7,2,6
8885,8,2,6
8886,8,2,6
8887,7,2,6
8888,6,2,6
8889,2,2,6
8890,6,3,2
8891,7,2,6
8892,2,2,6
8893,2,2,6
8894,2,2,6
8895,8,2,6
8896,6,2,6
8897,8,2,6
8898,6,2,6
8899,8,2,6
8900,4,2,6
8901,5,2,6
8902,6,2,6
8903,8,7,8
8904,2,2,6
8905,8,2,6
8906,6,2,6
8907,7,5,0
8908,6,2,6
8909,7,2,6
8910,7,2,6
8911,8,2,6
8912,6,2,6
8913,8,1,4
8914,2,2,6
8915,5,2,6
8916,5,2,6
8917,8,2,6
8918,7,2,6
8919,8,2,6
8920,7,2,6
8921,7,2,6
8922,6,2,6
8923,8,2,6
8924,6,2,6
8925,6,2,6
8926,2,2,6
8927,8,2,6
8928,4,2,6
8929,8,2,6
8930,4,2,6
8931,8,2,6
8932,2,2,6
8933,7,2,6
8934,5,2,6
8935,7,2,6
8936,6,2,6
8937,8,2,6
8938,7,2,6
8939,6,3,2
8940,3,2,6
8941,8,2,6
8942,6,2,6
8943,7,2,6
8944,8,2,6
8945,8,2,6
8946,7,2,6
8947,8,2,6
8948,8,2,6
8949,5,2,6
8950,8,2,6
8951,7,2,6
8952,7,2,6
8953,6,2,6
8954,8,1,4
8955,8,2,6
8956,8,2,6
8957,2,2,6
8958,2,2,6
8959,8,2,6
8960,5,2,6
8961,6,2,6
8962,6,2,6
8963,6,2,6
8964,6,2,6
8965,2,2,6
8966,6,2,6
8967,7,2,6
8968,8,3,2
8969,5,2,6
8970,8,2,6
8971,8,2,6
8972,6,2,6
8973,2,2,6
8974,2,2,6
8975,7,2,6
8976,6,2,6
8977,6,2,6
8978,8,2,6
8979,6,2,6
8980,5,2,6
8981,2,3,2
8982,2,2,6
8983,7,2,6
8984,1,2,6
8985,6,2,6
8986,1,2,6
8987,6,2,6
8988,8,2,6
8989,7,2,6
8990,8,1,4
8991,7,3,2
8992,5,2,6
8993,2,2,6
8994,4,2,6
8995,6,2,6
8996,8,3,2
8997,2,2,6
8998,7,2,6
8999,6,2,6
9000,8,7,8
9001,8,2,6
9002,2,2,6
9003,2,2,6
9004,8,2,6
9005,8,2,6
9006,8,2,6
9007,2,2,6
9008,8,2,6
9009,5,2,6
9010,8,2,6
9011,1,2,6
9012,5,2,6
9013,8,2,6
9014,5,2,6
9015,3,2,6
9016,8,2,6
9017,7,2,6
9018,7,2,6
9019,8,1,4
9020,7,2,6
9021,8,2,6
9022,6,1,4
9023,6,2,6
9024,1,2,6
9025,8,2,6
9026,1,7,8
9027,0,5,0
9028,8,2,6
9029,2,2,6
9030,7,2,6
9031,2,2,6
9032,8,2,6
9033,8,3,2
9034,6,2,6
9035,7,2,6
9036,1,2,6
9037,5,2,6
9038,2,2,6
9039,8,3,2
9040,2,2,6
9041,7,2,6
9042,8,2,6
9043,6,2,6
9044,2,2,6
9045,6,2,6
9046,5,2,6
9047,6,2,6
9048,6,3,2
9049,5,2,6
9050,7,2,6
9051,6,2,6
9052,7,2,6
9053,5,2,6
9054,6,3,2
9055,8,1,4
9056,6,2,6
9057,7,3,2
9058,7,2,6
9059,6,2,6
9060,6,2,6
9061,6,2,6
9062,5,2,6
9063,2,4,3
9064,8,2,6
9065,7,2,6
9066,5,2,6
9067,3,2,6
9068,7,2,6
9069,2,2,6
9070,7,2,6
9071,6,2,6
9072,6,2,6
9073,7,2,6
9074,2,2,6
9075,8,2,6
9076,5,2,6
9077,2,4,3
9078,8,2,6
9079,8,2,6
9080,8,2,6
9081,1,2,6
9082,2,2,6
9083,2,5,0
9084,5,2,6
9085,5,2,6
9086,6,2,6
9087,2,2,6
9088,7,2,6
9089,8,2,6
9090,7,2,6
9091,7,2,6
9092,7,3,2
9093,2,2,6
9094,5,2,6
9095,8,2,6
9096,8,2,6
9097,2,2,6
9098,5,6,5
9099,7,2,6
9100,6,2,6
9101,7,2,6
9102,8,7,8
9103,2,2,6
9104,8,2,6
9105,8,2,6
9106,7,2,6
9107,8,2,6
9108,7,2,6
9109,6,2,6
9110,2,2,6
9111,8,3,2
9112,8,2,6
9113,7,3,2
9114,8,2,6
9115,8,2,6
9116,8,2,6
9117,5,2,6
9118,5,2,6
9119,8,2,6
9120,2,2,6
9121,2,2,6
9122,8,2,6
9123,7,2,6
9124,8,2,6
9125,8,2,6
9126,2,2,6
9127,2,2,6
9128,2,2,6
9129,8,2,6
9130,8,2,6
9131,7,2,6
9132,6,2,6
9133,6,2,6
9134,8,2,6
9135,7,2,6
9136,8,2,6
9137,3,2,6
9138,7,2,6
9139,7,3,2
9140,8,2,6
9141,5,2,6
9142,7,2,6
9143,6,2,6
9144,2,2,6
9145,3,2,6
9146,7,2,6
9147,5,0,1
9148,5,2,6
9149,6,2,6
9150,5,2,6
9151,8,2,6
9152,8,2,6
9153,5,2,6
9154,7,2,6
9155,8,2,6
9156,7,2,6
9157,7,2,6
9158,1,2,6
9159,6,2,6
9160,7,2,6
9161,1,2,6
9162,6,2,6
9163,6,2,6
9164,2,2,6
9165,2,2,6
9166,7,2,6
9167,7,2,6
9168,8,2,6
9169,1,2,6
9170,7,2,6
9171,6,2,6
9172,8,2,6
9173,8,2,6
9174,7,2,6
9175,2,3,2
9176,6,2,6
9177,5,2,6
9178,8,2,6
9179,7,2,6
9180,5,2,6
9181,8,2,6
9182,8,2,6
9183,8,2,6
9184,6,2,6
9185,7,3,2
9186,5,2,6
9187,6,2,6
9188,8,2,6
9189,7,2,6
9190,8,2,6
9191,2,2,6
9192,2,3,2
9193,8,2,6
9194,7,2,6
9195,8,7,8
9196,5,2,6
9197,8,2,6
9198,1,3,2
9199,6,2,6
9200,2,2,6
9201,8,3,2
9202,5,2,6
9203,1,2,6
9204,7,2,6
9205,8,5,0
9206,8,2,6
9207,7,2,6
9208,5,2,6
9209,6,2,6
9210,6,2,6
9211,4,2,6
9212,5,2,6
9213,7,2,6
9214,8,2,6
9215,1,2,6
9216,2,2,6
9217,8,2,6
9218,6,2,6
9219,2,2,6
9220,2,2,6
9221,7,2,6
9222,2,2,6
9223,7,2,6
9224,8,2,6
9225,8,3,2
9226,6,2,6
9227,8,2,6
9228,3,2,6
9229,7,2,6
9230,7,2,6
9231,8,2,6
9232,6,2,6
9233,2,2,6
9234,8,3,2
9235,7,2,6
9236,6,2,6
9237,6,2,6
9238,1,2,6
9239,6,2,6
9240,7,2,6
9241,6,5,0
9242,5,2,6
9243,8,2,6
9244,2,2,6
9245,2,3,2
9246,8,1,4
9247,2,4,3
9248,8,2,6
9249,8,2,6
9250,2,2,6
9251,1,2,6
9252,6,3,2
9253,7,2,6
9254,2,2,6
9255,2,2,6
9256,5,2,6
9257,6,2,6
9258,2,2,6
9259,8,2,6
9260,2,2,6
9261,7,2,6
9262,6,2,6
9263,8,2,6
9264,2,2,6
9265,2,2,6
9266,7,2,6
9267,6,2,6
9268,8,2,6
9269,0,5,0
9270,6,2,6
9271,5,2,6
9272,5,2,6
9273,7,2,6
9274,2,2,6
9275,8,2,6
9276,8,2,6
9277,6,2,6
9278,2,2,6
9279,4,2,6
9280,5,2,6
9281,7,2,6
9282,7,2,6
9283,7,2,6
9284,6,2,6
9285,7,3,2
9286,8,2,6
9287,8,2,6
9288,5,2,6
9289,6,2,6
9290,6,2,6
9291,5,2,6
9292,7,2,6
9293,7,2,6
9294,8,2,6
9295,8,2,6
9296,8,2,6
9297,2,2,6
9298,6,2,6
9299,2,3,2
9300,8,2,6
9301,8,2,6
9302,5,2,6
9303,5,2,6
9304,7,2,6
9305,2,2,6
9306,1,2,6
9307,2,3,2
9308,6,2,6
9309,2,2,6
9310,2,2,6
9311,6,2,6
9312,6,3,2
9313,2,2,6
9314,2,2,6
9315,2,2,6
9316,0,5,0
9317,7,2,6
9318,8,2,6
9319,8,2,6
9320,7,2,6
9321,6,2,6
9322,1,2,6
9323,6,2,6
9324,2,2,6
9325,2,2,6
9326,7,8,7
9327,8,2,6
9328,2,2,6
9329,8,2,6
9330,2,0,1
9331,8,2,6
9332,8,2,6
9333,8,2,6
9334,7,2,6
9335,6,2,6
9336,1,2,6
9337,8,2,6
9338,7,2,6
9339,6,2,6
9340,5,2,6
9341,6,2,6
9342,6,2,6
9343,8,1,4
9344,7,3,2
9345,7,2,6
9346,8,2,6
9347,7,2,6
9348,8,2,6
9349,7,2,6
9350,2,2,6
9351,2,2,6
9352,2,2,6
9353,8,2,6
9354,7,2,6
9355,2,2,6
9356,6,2,6
9357,7,2,6
9358,7,2,6
9359,2,2,6
9360,6,2,6
9361,6,2,6
9362,1,2,6
9363,8,2,6
9364,6,2,6
9365,7,2,6
9366,5,2,6
9367,7,2,6
9368,7,2,6
9369,7,2,6
9370,8,2,6
9371,6,2,6
9372,5,2,6
9373,8,2,6
9374,6,2,6
9375,8,3,2
9376,7,2,6
9377,8,2,6
9378,6,2,6
9379,8,2,6
9380,7,2,6
9381,4,2,6
9382,8,2,6
9383,5,2,6
9384,4,2,6
9385,8,2,6
9386,8,2,6
9387,5,2,6
9388,5,2,6
9389,5,2,6
9390,7,2,6
9391,7,2,6
9392,7,2,6
9393,8,2,6
9394,6,2,6
9395,8,2,6
9396,8,2,6
9397,8,2,6
9398,7,2,6
9399,7,2,6
9400,6,2,6
9401,7,8,7
9402,2,2,6
9403,4,2,6
9404,7,3,2
9405,2,2,6
9406,2,2,6
9407,2,2,6
9408,6,2,6
9409,7,2,6
9410,8,7,8
9411,8,2,6
9412,6,2,6
9413,5,2,6
9414,3,2,6
9415,2,2,6
9416,8,7,8
9417,5,2,6
9418,5,2,6
9419,8,2,6
9420,6,2,6
9421,8,2,6
9422,8,2,6
9423,8,2,6
9424,8,2,6
9425,8,2,6
9426,6,2,6
9427,6,2,6
9428,2,2,6
9429,8,2,6
9430,7,2,6
9431,8,2,6
9432,8,7,8
9433,8,2,6
9434,8,2,6
9435,6,2,6
9436,8,2,6
9437,2,2,6
9438,0,5,0
9439,8,7,8
9440,8,2,6
9441,8,2,6
9442,6,2,6
9443,5,2,6
9444,7,2,6
9445,7,2,6
9446,8,2,6
9447,8,2,6
9448,8,2,6
9449,6,5,0
9450,8,1,4
9451,5,2,6
9452,8,2,6
9453,8,2,6
9454,2,2,6
9455,6,2,6
9456,4,2,6
9457,8,2,6
9458,8,3,2
9459,2,2,6
9460,2,2,6
9461,7,2,6
9462,7,2,6
9463,5,2,6
9464,5,2,6
9465,8,2,6
9466,2,2,6
9467,1,0,1
9468,7,3,2
9469,5,6,5
9470,8,2,6
9471,7,2,6
9472,6,2,6
9473,6,2,6
9474,6,2,6
9475,5,2,6
9476,8,2,6
9477,1,2,6
9478,3,2,6
9479,7,2,6
9480,2,2,6
9481,6,2,6
9482,5,2,6
9483,8,1,4
9484,6,2,6
9485,6,2,6
9486,6,2,6
9487,8,2,6
9488,1,2,6
9489,8,7,8
9490,5,1,4
9491,8,2,6
9492,8,2,6
9493,7,2,6
9494,2,2,6
9495,6,2,6
9496,7,2,6
9497,7,2,6
9498,6,2,6
9499,7,2,6
9500,7,2,6
9501,8,2,6
9502,2,2,6
9503,7,2,6
9504,2,2,6
9505,5,2,6
9506,6,2,6
9507,2,2,6
9508,7,2,6
9509,6,2,6
9510,7,2,6
9511,2,2,6
9512,1,2,6
9513,7,2,6
9514,6,2,6
9515,8,2,6
9516,6,2,6
9517,5,2,6
9518,6,2,6
9519,1,2,6
9520,0,5,0
9521,6,2,6
9522,7,2,6
9523,7,2,6
9524,6,2,6
9525,1,2,6
9526,2,2,6
9527,7,2,6
9528,5,2,6
9529,6,2,6
9530,2,2,6
9531,5,2,6
9532,2,3,2
9533,8,2,6
9534,8,1,4
9535,6,2,6
9536,5,2,6
9537,8,2,6
9538,6,5,0
9539,1,2,6
9540,7,2,6
9541,6,2,6
9542,6,2,6
9543,7,2,6
9544,7,2,6
9545,8,2,6
9546,8,2,6
9547,5,2,6
9548,7,2,6
9549,7,3,2
9550,6,2,6
9551,6,2,6
9552,7,3,2
9553,7,2,6
9554,6,2,6
9555,6,2,6
9556,7,2,6
9557,2,2,6
9558,8,2,6
9559,2,2,6
9560,2,2,6
9561,7,2,6
9562,4,2,6
9563,7,2,6
9564,7,2,6
9565,2,2,6
9566,2,2,6
9567,6,2,6
9568,8,2,6
9569,7,2,6
9570,6,2,6
9571,6,2,6
9572,5,2,6
9573,7,2,6
9574,2,5,0
9575,1,2,6
9576,6,2,6
9577,5,0,1
9578,8,2,6
9579,6,2,6
9580,2,2,6
9581,6,2,6
9582,8,2,6
9583,4,2,6
9584,2,2,6
9585,2,2,6
9586,7,2,6
9587,8,2,6
9588,8,2,6
9589,2,2,6
9590,5,2,6
9591,5,2,6
9592,5,2,6
9593,7,2,6
9594,8,2,6
9595,7,2,6
9596,8,2,6
9597,5,2,6
9598,7,2,6
9599,7,2,6
9600,6,2,6
9601,0,2,6
9602,2,4,3
9603,6,2,6
9604,8,3,2
9605,2,2,6
9606,8,2,6
9607,7,2,6
9608,6,2,6
9609,7,2,6
9610,6,2,6
9611,8,2,6
9612,8,2,6
9613,8,1,4
9614,1,2,6
9615,2,2,6
9616,6,2,6
9617,8,2,6
9618,8,2,6
9619,7,2,6
9620,8,2,6
9621,5,2,6
9622,6,2,6
9623,2,2,6
9624,6,2,6
9625,8,2,6
9626,6,2,6
9627,5,2,6
9628,8,2,6
9629,2,2,6
9630,8,2,6
9631,7,2,6
9632,5,2,6
9633,8,3,2
9634,6,2,6
9635,1,2,6
9636,1,2,6
9637,2,2,6
9638,5,2,6
9639,7,2,6
9640,8,2,6
9641,2,2,6
9642,6,2,6
9643,2,2,6
9644,6,2,6
9645,7,2,6
9646,2,3,2
9647,8,2,6
9648,6,2,6
9649,8,2,6
9650,8,5,0
9651,6,2,6
9652,8,2,6
9653,8,2,6
9654,8,2,6
9655,2,2,6
9656,5,2,6
9657,7,2,6
9658,6,2,6
9659,8,2,6
9660,6,2,6
9661,8,2,6
9662,7,2,6
9663,8,2,6
9664,6,2,6
9665,6,2,6
9666,8,2,6
9667,8,2,6
9668,7,2,6
9669,5,2,6
9670,8,2,6
9671,7,2,6
9672,5,2,6
9673,8,2,6
9674,5,2,6
9675,6,2,6
9676,1,2,6
9677,6,2,6
9678,5,2,6
9679,7,2,6
9680,7,3,2
9681,8,2,6
9682,5,2,6
9683,2,2,6
9684,3,2,6
9685,4,2,6
9686,7,2,6
9687,1,2,6
9688,8,2,6
9689,7,2,6
9690,5,2,6
9691,7,2,6
9692,2,2,6
9693,6,2,6
9694,2,2,6
9695,2,3,2
9696,8,2,6
9697,4,2,6
9698,5,2,6
9699,7,2,6
9700,7,2,6
9701,6,2,6
9702,7,2,6
9703,6,2,6
9704,7,8,7
9705,5,2,6
9706,6,2,6
9707,6,3,2
9708,5,2,6
9709,5,2,6
9710,7,2,6
9711,8,5,0
9712,8,7,8
9713,6,2,6
9714,7,2,6
9715,8,2,6
9716,7,2,6
9717,5,2,6
9718,2,2,6
9719,7,2,6
9720,2,3,2
9721,7,2,6
9722,5,2,6
9723,6,3,2
9724,7,2,6
9725,6,2,6
9726,6,2,6
9727,8,2,6
9728,2,2,6
9729,6,2,6
9730,2,2,6
9731,6,2,6
9732,6,2,6
9733,6,2,6
9734,7,2,6
9735,7,2,6
9736,2,2,6
9737,2,2,6
9738,6,2,6
9739,4,2,6
9740,8,2,6
9741,6,2,6
9742,7,2,6
9743,6,2,6
9744,1,2,6
9745,4,2,6
9746,2,2,6
9747,2,2,6
9748,7,2,6
9749,6,2,6
9750,7,2,6
9751,5,2,6
9752,5,2,6
9753,6,2,6
9754,2,2,6
9755,7,2,6
9756,7,2,6
9757,7,2,6
9758,2,2,6
9759,8,2,6
9760,2,2,6
9761,5,2,6
9762,7,2,6
9763,7,2,6
9764,8,2,6
9765,2,2,6
9766,8,2,6
9767,6,2,6
9768,8,2,6
9769,8,7,8
9770,2,2,6
9771,8,2,6
9772,5,2,6
9773,7,2,6
9774,8,2,6
9775,6,2,6
9776,2,2,6
9777,8,2,6
9778,7,2,6
9779,7,2,6
9780,8,2,6
9781,2,2,6
9782,6,2,6
9783,8,2,6
9784,8,2,6
9785,6,2,6
9786,7,2,6
9787,7,8,7
9788,7,2,6
9789,2,2,6
9790,8,7,8
9791,2,2,6
9792,7,2,6
9793,8,2,6
9794,6,2,6
9795,5,2,6
9796,6,2,6
9797,6,1,4
9798,4,2,6
9799,6,2,6
9800,6,2,6
9801,7,2,6
9802,6,2,6
9803,4,2,6
9804,6,1,4
9805,8,2,6
9806,5,2,6
9807,7,8,7
9808,7,2,6
9809,5,2,6
9810,8,2,6
9811,7,2,6
9812,7,2,6
9813,8,2,6
9814,8,2,6
9815,6,2,6
9816,8,2,6
9817,2,2,6
9818,6,2,6
9819,6,2,6
9820,2,2,6
9821,2,2,6
9822,6,2,6
9823,8,2,6
9824,5,2,6
9825,5,2,6
9826,6,2,6
9827,8,2,6
9828,1,2,6
9829,8,2,6
9830,8,7,8
9831,6,2,6
9832,2,0,1
9833,2,2,6
9834,6,2,6
9835,6,2,6
9836,6,2,6
9837,5,1,4
9838,5,2,6
9839,2,2,6
9840,6,2,6
9841,8,7,8
9842,2,2,6
9843,5,2,6
9844,6,2,6
9845,5,2,6
9846,7,2,6
9847,7,2,6
9848,8,2,6
9849,7,2,6
9850,2,4,3
9851,8,2,6
9852,6,2,6
9853,6,2,6
9854,1,2,6
9855,7,2,6
9856,8,2,6
9857,2,2,6
9858,5,2,6
9859,8,2,6
9860,2,2,6
9861,7,2,6
9862,6,2,6
9863,1,2,6
9864,8,2,6
9865,8,2,6
9866,5,2,6
9867,6,2,6
9868,6,2,6
9869,6,2,6
9870,2,2,6
9871,8,2,6
9872,5,2,6
9873,2,2,6
9874,7,2,6
9875,8,2,6
9876,6,2,6
9877,2,2,6
9878,2,2,6
9879,8,2,6
9880,8,3,2
9881,6,2,6
9882,4,2,6
9883,6,2,6
9884,2,2,6
9885,6,3,2
9886,8,2,6
9887,7,2,6
9888,6,2,6
9889,6,2,6
9890,8,2,6
9891,8,2,6
9892,8,3,2
9893,2,2,6
9894,6,2,6
9895,8,1,4
9896,6,2,6
9897,2,4,3
9898,7,2,6
9899,7,2,6
9900,7,2,6
9901,7,2,6
9902,6,2,6
9903,5,2,6
9904,7,2,6
9905,8,2,6
9906,8,2,6
9907,6,2,6
9908,5,2,6
9909,8,3,2
9910,5,2,6
9911,8,2,6
9912,7,2,6
9913,8,2,6
9914,8,2,6
9915,7,2,6
9916,6,2,6
9917,6,2,6
9918,6,3,2
9919,8,2,6
9920,7,2,6
9921,8,2,6
9922,8,7,8
9923,8,7,8
9924,6,2,6
9925,5,2,6
9926,8,2,6
9927,8,2,6
9928,7,2,6
9929,8,1,4
9930,6,2,6
9931,6,2,6
9932,6,2,6
9933,8,2,6
9934,7,2,6
9935,5,1,4
9936,7,2,6
9937,8,2,6
9938,2,2,6
9939,5,2,6
9940,6,2,6
9941,6,2,6
9942,1,5,0
9943,6,2,6
9944,6,2,6
9945,7,3,2
9946,5,2,6
9947,5,2,6
9948,8,2,6
9949,6,2,6
9950,8,2,6
9951,6,3,2
9952,2,2,6
9953,6,2,6
9954,2,2,6
9955,6,2,6
9956,4,2,6
9957,8,2,6
9958,8,2,6
9959,6,2,6
9960,2,2,6
9961,6,2,6
9962,8,2,6
9963,2,2,6
9964,8,1,4
9965,7,2,6
9966,2,2,6
9967,6,2,6
9968,2,2,6
9969,3,4,3
9970,2,2,6
9971,7,2,6
9972,7,2,6
9973,2,2,6
9974,6,2,6
9975,2,2,6
9976,8,3,2
9977,7,7,8
9978,2,2,6
9979,2,2,6
9980,6,2,6
9981,4,2,6
9982,2,2,6
9983,8,2,6
9984,7,2,6
9985,5,2,6
9986,2,2,6
9987,3,2,6
9988,2,2,6
9989,6,2,6
9990,8,2,6
9991,6,2,6
9992,2,2,6
9993,8,2,6
9994,8,2,6
9995,7,2,6
9996,8,2,6
9997,6,3,2
9998,1,2,6
9999,1,2,6
10000,6,2,6
10001,2,2,6
10002,2,2,6
10003,6,2,6
10004,6,6,5
10005,6,2,6
10006,8,2,6
10007,7,2,6
10008,7,2,6
10009,5,2,6
10010,6,2,6
10011,8,2,6
10012,7,2,6
10013,8,2,6
10014,6,2,6
10015,7,3,2
10016,8,2,6
10017,8,2,6
10018,7,2,6
10019,1,2,6
10020,2,2,6
10021,8,2,6
10022,2,2,6
10023,6,2,6
10024,8,2,6
10025,6,2,6
10026,7,2,6
10027,8,2,6
10028,5,3,2
10029,2,2,6
10030,2,2,6
10031,2,2,6
10032,0,5,0
10033,8,2,6
10034,4,1,4
10035,7,2,6
10036,2,2,6
10037,7,2,6
10038,8,2,6
10039,8,5,0
10040,6,2,6
10041,8,2,6
10042,2,2,6
10043,7,2,6
10044,8,2,6
10045,7,2,6
10046,5,1,4
10047,6,2,6
10048,2,2,6
10049,6,2,6
10050,6,2,6
10051,5,2,6
10052,6,2,6
10053,2,4,3
10054,7,2,6
10055,6,2,6
10056,2,2,6
10057,5,2,6
10058,6,2,6
10059,8,7,8
10060,7,2,6
10061,8,1,4
10062,6,2,6
10063,5,2,6
10064,6,2,6
10065,8,2,6
10066,5,2,6
10067,8,2,6
10068,6,2,6
10069,7,2,6
10070,8,2,6
10071,2,2,6
10072,2,3,2
10073,6,3,2
10074,4,2,6
10075,2,2,6
10076,8,2,6
10077,8,2,6
10078,4,2,6
10079,6,2,6
10080,5,2,6
10081,6,2,6
10082,5,2,6
10083,5,6,5
10084,7,2,6
10085,6,2,6
10086,6,2,6
10087,7,2,6
10088,2,2,6
10089,2,2,6
10090,8,2,6
10091,8,2,6
10092,2,2,6
10093,7,2,6
10094,6,2,6
10095,7,2,6
10096,1,2,6
10097,8,2,6
10098,7,2,6
10099,4,2,6
10100,8,2,6
10101,6,2,6
10102,5,2,6
10103,6,2,6
10104,8,2,6
10105,6,2,6
10106,8,2,6
10107,7,2,6
10108,8,3,2
10109,7,2,6
10110,2,5,0
10111,7,2,6
10112,8,2,6
10113,8,2,6
10114,1,2,6
10115,2,3,2
10116,2,2,6
10117,2,2,6
10118,2,2,6
10119,8,2,6
10120,8,2,6
10121,8,2,6
10122,0,2,6
10123,2,2,6
10124,2,2,6
10125,1,2,6
10126,6,2,6
10127,7,2,6
10128,7,2,6
10129,7,2,6
10130,7,2,6
10131,6,2,6
10132,5,2,6
10133,8,2,6
10134,8,2,6
10135,8,1,4
10136,8,2,6
10137,8,2,6
10138,8,2,6
10139,6,2,6
10140,8,2,6
10141,6,2,6
10142,8,2,6
10143,6,2,6
10144,8,2,6
10145,7,2,6
10146,1,2,6
10147,2,2,6
10148,2,2,6
10149,8,2,6
10150,5,2,6
10151,6,2,6
10152,5,2,6
10153,6,2,6
10154,6,2,6
10155,6,2,6
10156,6,2,6
10157,6,3,2
10158,1,5,0
10159,2,2,6
10160,8,2,6
10161,2,2,6
10162,8,2,6
10163,6,2,6
10164,7,2,6
10165,8,2,6
10166,8,2,6
10167,2,1,4
10168,2,2,6
10169,2,2,6
10170,8,1,4
10171,7,2,6
10172,7,2,6
10173,2,2,6
10174,6,2,6
10175,2,2,6
10176,2,3,2
10177,8,2,6
10178,1,2,6
10179,8,2,6
10180,6,2,6
10181,6,2,6
10182,8,2,6
10183,7,2,6
10184,6,2,6
10185,7,2,6
10186,6,2,6
10187,7,2,6
10188,7,2,6
10189,2,2,6
10190,7,2,6
10191,5,2,6
10192,6,2,6
10193,6,2,6
10194,2,2,6
10195,3,2,6
10196,8,2,6
10197,7,2,6
10198,8,2,6
10199,5,2,6
10200,2,2,6
10201,5,2,6
10202,6,2,6
10203,8,2,6
10204,6,2,6
10205,1,2,6
10206,8,2,6
10207,6,2,6
10208,6,2,6
10209,2,3,2
10210,7,2,6
10211,5,2,6
10212,7,3,2
10213,5,2,6
10214,8,2,6
10215,1,2,6
10216,8,2,6
10217,8,2,6
10218,6,2,6
10219,2,2,6
10220,8,2,6
10221,8,2,6
10222,2,2,6
10223,8,1,4
10224,5,2,6
10225,6,2,6
10226,1,2,6
10227,2,2,6
10228,6,2,6
10229,8,2,6
10230,7,3,2
10231,6,2,6
10232,6,3,2
10233,6,2,6
10234,5,2,6
10235,8,3,2
10236,8,2,6
10237,8,2,6
10238,6,3,2
10239,6,2,6
10240,5,2,6
10241,6,2,6
10242,8,2,6
10243,6,2,6
10244,5,2,6
10245,8,2,6
10246,5,2,6
10247,6,2,6
10248,8,2,6
10249,8,2,6
10250,8,3,2
10251,8,2,6
10252,5,2,6
10253,8,2,6
10254,5,2,6
10255,5,2,6
10256,7,2,6
10257,5,2,6
10258,2,2,6
10259,4,2,6
10260,1,2,6
10261,7,2,6
10262,7,2,6
10263,5,2,6
10264,6,2,6
10265,7,2,6
10266,6,2,6
10267,1,1,4
10268,2,2,6
10269,6,2,6
10270,7,2,6
10271,2,2,6
10272,8,2,6
10273,7,8,7
10274,8,2,6
10275,6,2,6
10276,7,2,6
10277,3,2,6
10278,8,2,6
10279,5,2,6
10280,8,2,6
10281,8,2,6
10282,6,2,6
10283,6,5,0
10284,6,2,6
10285,7,2,6
10286,8,2,6
10287,8,2,6
10288,6,3,2
10289,6,2,6
10290,5,3,2
10291,8,1,4
10292,8,2,6
10293,8,2,6
10294,7,2,6
10295,4,2,6
10296,1,2,6
10297,2,2,6
10298,8,2,6
10299,6,2,6
10300,5,2,6
10301,2,3,2
10302,8,1,4
10303,7,2,6
10304,6,2,6
10305,6,2,6
10306,1,2,6
10307,2,2,6
10308,8,2,6
10309,2,2,6
10310,7,2,6
10311,7,2,6
10312,6,2,6
10313,6,2,6
10314,8,2,6
10315,5,2,6
10316,6,2,6
10317,8,2,6
10318,7,2,6
10319,6,2,6
10320,6,2,6
10321,5,2,6
10322,7,2,6
10323,7,2,6
10324,8,2,6
10325,7,2,6
10326,5,2,6
10327,8,2,6
10328,6,2,6
10329,2,2,6
10330,2,2,6
10331,5,2,6
10332,2,2,6
10333,8,2,6
10334,8,2,6
10335,6,2,6
10336,8,2,6
10337,8,2,6
10338,6,2,6
10339,8,2,6
10340,6,2,6
10341,8,2,6
10342,7,2,6
10343,6,2,6
10344,8,2,6
10345,7,8,7
10346,7,2,6
10347,7,2,6
10348,7,2,6
10349,8,7,8
10350,0,5,0
10351,8,2,6
10352,6,2,6
10353,6,2,6
10354,8,2,6
10355,5,2,6
10356,7,2,6
10357,6,2,6
10358,6,2,6
10359,4,2,6
10360,7,2,6
10361,6,3,2
10362,8,2,6
10363,6,2,6
10364,6,2,6
10365,6,2,6
10366,5,2,6
10367,5,2,6
10368,5,2,6
10369,2,2,6
10370,8,2,6
10371,6,2,6
10372,4,2,6
10373,6,2,6
10374,8,2,6
10375,7,2,6
10376,6,2,6
10377,5,2,6
10378,8,2,6
10379,6,2,6
10380,6,4,3
10381,8,2,6
10382,7,2,6
10383,8,2,6
10384,8,2,6
10385,6,2,6
10386,2,2,6
10387,2,2,6
10388,7,2,6
10389,8,2,6
10390,8,2,6
10391,7,2,6
10392,2,0,1
10393,5,2,6
10394,7,2,6
10395,6,2,6
10396,7,2,6
10397,8,2,6
10398,0,5,0
10399,8,2,6
10400,2,2,6
10401,2,3,2
10402,8,2,6
10403,2,2,6
10404,6,2,6
10405,4,2,6
10406,8,2,6
10407,8,2,6
10408,5,2,6
10409,2,3,2
10410,5,2,6
10411,7,2,6
10412,2,2,6
10413,8,3,2
10414,8,7,8
10415,6,2,6
10416,7,2,6
10417,6,2,6
10418,2,2,6
10419,6,2,6
10420,0,2,6
10421,6,2,6
10422,6,2,6
10423,7,3,2
10424,2,2,6
10425,8,2,6
10426,6,2,6
10427,7,2,6
10428,6,2,6
10429,2,2,6
10430,6,2,6
10431,1,2,6
10432,7,2,6
10433,2,2,6
10434,6,2,6
10435,8,2,6
10436,8,2,6
10437,1,2,6
10438,7,2,6
10439,7,2,6
10440,2,3,2
10441,8,1,4
10442,2,2,6
10443,2,0,1
10444,7,2,6
10445,8,2,6
10446,8,2,6
10447,6,2,6
10448,2,2,6
10449,8,5,0
10450,5,2,6
10451,2,2,6
10452,7,2,6
10453,8,2,6
10454,8,2,6
10455,2,2,6
10456,6,2,6
10457,2,2,6
10458,6,2,6
10459,7,2,6
10460,8,2,6
10461,2,3,2
10462,8,2,6
10463,2,2,6
10464,6,2,6
10465,8,2,6
10466,7,3,2
10467,6,2,6
10468,8,2,6
10469,6,2,6
10470,8,2,6
10471,1,2,6
10472,8,2,6
10473,8,2,6
10474,6,2,6
10475,4,2,6
10476,4,2,6
10477,6,3,2
10478,5,2,6
10479,7,2,6
10480,6,2,6
10481,2,2,6
10482,7,2,6
10483,8,2,6
10484,5,6,5
10485,7,2,6
10486,6,2,6
10487,1,2,6
10488,6,2,6
10489,4,2,6
10490,8,2,6
10491,8,2,6
10492,5,2,6
10493,8,2,6
10494,5,2,6
10495,7,2,6
10496,7,2,6
10497,6,2,6
10498,8,2,6
10499,8,7,8
10500,4,2,6
10501,7,2,6
10502,2,2,6
10503,7,2,6
10504,6,2,6
10505,5,6,5
10506,2,2,6
10507,8,2,6
10508,8,2,6
10509,4,2,6
10510,2,2,6
10511,8,3,2
10512,8,2,6
10513,7,2,6
10514,7,2,6
10515,5,2,6
10516,2,2,6
10517,6,2,6
10518,5,2,6
10519,1,2,6
10520,6,2,6
10521,5,2,6
10522,2,2,6
10523,6,2,6
10524,6,2,6
10525,6,2,6
10526,4,2,6
10527,8,2,6
10528,7,1,4
10529,6,2,6
10530,8,2,6
10531,5,2,6
10532,6,2,6
10533,1,3,2
10534,8,2,6
10535,6,2,6
10536,6,2,6
10537,8,2,6
10538,8,2,6
10539,7,2,6
10540,7,2,6
10541,5,2,6
10542,5,2,6
10543,8,2,6
10544,5,2,6
10545,8,7,8
10546,4,2,6
10547,6,2,6
10548,8,5,0
10549,2,2,6
10550,2,2,6
10551,7,2,6
10552,2,2,6
10553,8,2,6
10554,8,2,6
10555,8,2,6
10556,8,2,6
10557,1,2,6
10558,6,2,6
10559,8,2,6
10560,8,2,6
10561,6,2,6
10562,6,2,6
10563,2,2,6
10564,6,2,6
10565,8,2,6
10566,4,2,6
10567,7,2,6
10568,8,2,6
10569,6,2,6
10570,5,2,6
10571,7,2,6
10572,5,2,6
10573,8,2,6
10574,6,2,6
10575,7,2,6
10576,5,6,5
10577,3,2,6
10578,8,7,8
10579,5,2,6
10580,6,2,6
10581,5,2,6
10582,7,2,6
10583,1,2,6
10584,2,3,2
10585,5,3,2
10586,6,2,6
10587,2,2,6
10588,8,2,6
10589,8,2,6
10590,7,2,6
10591,6,2,6
10592,8,2,6
10593,7,2,6
10594,6,2,6
10595,6,2,6
10596,8,2,6
10597,6,2,6
10598,2,2,6
10599,6,2,6
10600,6,2,6
10601,6,2,6
10602,8,3,2
10603,8,2,6
10604,6,2,6
10605,5,2,6
10606,8,2,6
10607,8,2,6
10608,7,5,0
10609,8,2,6
10610,2,2,6
10611,5,0,1
10612,5,2,6
10613,2,2,6
10614,6,2,6
10615,6,2,6
10616,8,2,6
10617,7,2,6
10618,2,2,6
10619,1,2,6
10620,6,2,6
10621,8,2,6
10622,4,2,6
10623,6,2,6
10624,8,2,6
10625,7,2,6
10626,4,2,6
10627,7,2,6
10628,4,2,6
10629,8,2,6
10630,2,2,6
10631,6,2,6
10632,7,2,6
10633,7,2,6
10634,8,2,6
10635,8,2,6
10636,5,2,6
10637,1,3,2
10638,2,2,6
10639,8,2,6
10640,7,2,6
10641,2,2,6
10642,6,2,6
10643,8,2,6
10644,2,2,6
10645,8,7,8
10646,8,2,6
10647,5,2,6
10648,7,2,6
10649,6,2,6
10650,8,2,6
10651,8,2,6
10652,8,2,6
10653,8,2,6
10654,7,2,6
10655,8,2,6
10656,8,7,8
10657,6,3,2
10658,6,2,6
10659,2,2,6
10660,4,2,6
10661,8,2,6
10662,8,2,6
10663,2,0,1
10664,2,2,6
10665,1,2,6
10666,7,2,6
10667,2,5,0
10668,8,2,6
10669,8,2,6
10670,7,2,6
10671,8,2,6
10672,8,2,6
10673,2,0,1
10674,3,2,6
10675,6,2,6
10676,8,2,6
10677,6,2,6
10678,8,2,6
10679,8,2,6
10680,8,2,6
10681,8,2,6
10682,6,2,6
10683,2,2,6
10684,6,2,6
10685,5,2,6
10686,8,2,6
10687,7,1,4
10688,8,2,6
10689,8,2,6
10690,6,2,6
10691,2,0,1
10692,8,2,6
10693,8,2,6
10694,5,2,6
10695,8,3,2
10696,6,2,6
10697,6,2,6
10698,6,2,6
10699,7,2,6
10700,8,2,6
10701,2,2,6
10702,8,2,6
10703,8,2,6
10704,6,2,6
10705,6,2,6
10706,7,2,6
10707,8,2,6
10708,8,2,6
10709,5,2,6
10710,2,2,6
10711,6,2,6
10712,6,2,6
10713,8,3,2
10714,8,2,6
10715,5,2,6
10716,8,2,6
10717,7,2,6
10718,2,2,6
10719,2,2,6
10720,2,2,6
10721,8,2,6
10722,7,2,6
10723,6,2,6
10724,8,2,6
10725,4,2,6
10726,7,2,6
10727,8,1,4
10728,5,2,6
10729,8,2,6
10730,5,2,6
10731,2,2,6
10732,8,2,6
10733,6,2,6
10734,6,2,6
10735,6,2,6
10736,6,2,6
10737,2,2,6
10738,7,2,6
10739,8,2,6
10740,8,3,2
10741,6,2,6
10742,1,2,6
10743,2,2,6
10744,5,2,6
10745,4,2,6
10746,5,3,2
10747,6,2,6
10748,6,2,6
10749,2,2,6
10750,5,2,6
10751,8,2,6
10752,5,2,6
10753,5,2,6
10754,7,2,6
10755,8,2,6
10756,8,2,6
10757,6,2,6
10758,1,2,6
10759,5,2,6
10760,6,2,6
10761,7,2,6
10762,6,3,2
10763,6,2,6
10764,6,2,6
10765,6,2,6
10766,8,2,6
10767,2,2,6
10768,2,2,6
10769,8,2,6
10770,6,2,6
10771,2,2,6
10772,5,2,6
10773,8,2,6
10774,5,2,6
10775,5,2,6
10776,2,2,6
10777,8,2,6
10778,8,2,6
10779,6,2,6
10780,7,2,6
10781,2,2,6
10782,7,2,6
10783,6,2,6
10784,8,2,6
10785,7,8,7
10786,5,6,5
10787,7,2,6
10788,7,2,6
10789,2,2,6
10790,2,2,6
10791,5,2,6
10792,7,2,6
10793,8,2,6
10794,2,2,6
10795,8,2,6
10796,2,2,6
10797,2,2,6
10798,1,2,6
10799,1,2,6
10800,6,2,6
10801,5,2,6
10802,2,2,6
10803,8,2,6
10804,5,2,6
10805,6,2,6
10806,8,2,6
10807,5,2,6
10808,3,2,6
10809,6,2,6
10810,5,2,6
10811,7,3,2
10812,2,2,6
10813,8,2,6
10814,5,2,6
10815,2,2,6
10816,3,2,6
10817,7,2,6
10818,6,2,6
10819,8,2,6
10820,8,2,6
10821,7,2,6
10822,6,2,6
10823,8,2,6
10824,6,2,6
10825,6,2,6
10826,2,2,6
10827,6,2,6
10828,6,2,6
10829,2,2,6
10830,7,2,6
10831,8,2,6
10832,2,2,6
10833,5,2,6
10834,6,2,6
10835,1,2,6
10836,4,2,6
10837,2,2,6
10838,8,2,6
10839,6,2,6
10840,6,2,6
10841,6,2,6
10842,8,1,4
10843,6,2,6
10844,7,8,7
10845,1,2,6
10846,4,2,6
10847,6,2,6
10848,6,2,6
10849,5,2,6
10850,6,2,6
10851,6,2,6
10852,8,2,6
10853,7,2,6
10854,7,2,6
10855,8,2,6
10856,8,2,6
10857,2,2,6
10858,8,2,6
10859,8,2,6
10860,7,2,6
10861,6,2,6
10862,5,2,6
10863,6,2,6
10864,2,2,6
10865,6,2,6
10866,6,3,2
10867,5,2,6
10868,8,7,8
10869,8,2,6
10870,2,2,6
10871,8,2,6
10872,6,2,6
10873,8,2,6
10874,6,2,6
10875,2,3,2
10876,3,2,6
10877,7,2,6
10878,7,2,6
10879,6,2,6
10880,6,2,6
10881,8,2,6
10882,8,1,4
10883,8,3,2
10884,2,2,6
10885,2,2,6
10886,7,8,7
10887,8,2,6
10888,8,2,6
10889,8,2,6
10890,6,2,6
10891,6,2,6
10892,7,2,6
10893,7,2,6
10894,6,2,6
10895,8,2,6
10896,2,3,2
10897,6,2,6
10898,2,2,6
10899,5,2,6
10900,1,2,6
10901,6,2,6
10902,7,2,6
10903,5,2,6
10904,6,2,6
10905,2,2,6
10906,1,0,1
10907,6,3,2
10908,6,2,6
10909,6,2,6
10910,8,2,6
10911,6,2,6
10912,4,2,6
10913,2,2,6
10914,6,2,6
10915,2,2,6
10916,8,2,6
10917,6,2,6
10918,7,2,6
10919,6,2,6
10920,2,3,2
10921,6,2,6
10922,8,2,6
10923,0,5,0
10924,3,0,1
10925,8,2,6
10926,6,2,6
10927,8,2,6
10928,2,2,6
10929,7,2,6
10930,6,2,6
10931,8,2,6
10932,6,2,6
10933,8,2,6
10934,7,2,6
10935,8,2,6
10936,0,5,0
10937,8,2,6
10938,6,2,6
10939,8,2,6
10940,0,5,0
10941,8,2,6
10942,5,2,6
10943,8,2,6
10944,2,2,6
10945,6,5,0
10946,6,5,0
10947,8,2,6
10948,6,2,6
10949,8,2,6
10950,8,2,6
10951,7,2,6
10952,8,2,6
10953,7,2,6
10954,8,2,6
10955,6,2,6
10956,1,2,6
10957,8,2,6
10958,2,2,6
10959,6,2,6
10960,6,5,0
10961,7,2,6
10962,6,2,6
10963,5,2,6
10964,7,2,6
10965,8,2,6
10966,6,3,2
10967,8,2,6
10968,6,3,2
10969,1,3,2
10970,6,2,6
10971,5,2,6
10972,6,2,6
10973,6,2,6
10974,8,2,6
10975,7,2,6
10976,6,2,6
10977,5,2,6
10978,6,2,6
10979,7,2,6
10980,8,2,6
10981,8,2,6
10982,7,2,6
10983,7,2,6
10984,8,2,6
10985,8,2,6
10986,8,2,6
10987,8,2,6
10988,8,2,6
10989,6,3,2
10990,7,2,6
10991,4,3,2
10992,5,2,6
10993,7,2,6
10994,7,2,6
10995,2,2,6
10996,8,2,6
10997,5,2,6
10998,6,2,6
10999,6,2,6
11000,8,2,6
11001,8,2,6
11002,8,2,6
11003,8,2,6
11004,6,2,6
11005,8,2,6
11006,7,2,6
11007,7,2,6
11008,8,2,6
11009,6,5,0
11010,6,2,6
11011,6,2,6
11012,8,3,2
11013,2,2,6
11014,8,2,6
11015,5,3,2
11016,6,2,6
11017,5,2,6
11018,8,2,6
11019,8,2,6
11020,6,3,2
11021,2,2,6
11022,6,2,6
11023,6,2,6
11024,7,2,6
11025,1,2,6
11026,5,2,6
11027,8,2,6
11028,6,2,6
11029,6,2,6
11030,6,2,6
11031,6,2,6
11032,7,2,6
11033,5,2,6
11034,8,2,6
11035,8,2,6
11036,8,2,6
11037,8,2,6
11038,2,2,6
11039,8,2,6
11040,8,2,6
11041,5,2,6
11042,6,2,6
11043,6,2,6
11044,2,2,6
11045,6,2,6
11046,6,2,6
11047,7,2,6
11048,6,2,6
11049,5,2,6
11050,5,2,6
11051,8,2,6
11052,8,2,6
11053,2,2,6
11054,7,2,6
11055,6,2,6
11056,7,2,6
11057,6,2,6
11058,5,6,5
11059,7,2,6
11060,8,2,6
11061,2,2,6
11062,6,2,6
11063,8,2,6
11064,2,2,6
11065,6,3,2
11066,5,2,6
11067,8,2,6
11068,6,2,6
11069,3,2,6
11070,7,2,6
11071,8,2,6
11072,8,2,6
11073,6,2,6
11074,2,2,6
11075,6,2,6
11076,6,3,2
11077,7,2,6
11078,6,1,4
11079,6,2,6
11080,6,2,6
11081,5,2,6
11082,8,2,6
11083,8,2,6
11084,6,2,6
11085,7,8,7
11086,6,2,6
11087,7,2,6
11088,2,2,6
11089,7,2,6
11090,5,4,3
11091,8,2,6
11092,2,2,6
11093,7,2,6
11094,8,2,6
11095,6,3,2
11096,8,2,6
11097,2,2,6
11098,6,2,6
11099,5,2,6
11100,2,2,6
11101,8,2,6
11102,5,2,6
11103,8,2,6
11104,6,2,6
11105,8,2,6
11106,8,2,6
11107,8,2,6
11108,6,2,6
11109,2,2,6
11110,8,2,6
11111,6,3,2
11112,7,2,6
11113,6,2,6
11114,6,2,6
11115,6,2,6
11116,6,2,6
11117,6,2,6
11118,8,2,6
11119,2,2,6
11120,0,5,0
11121,6,3,2
11122,7,2,6
11123,0,5,0
11124,5,2,6
11125,2,2,6
11126,6,2,6
11127,8,2,6
11128,7,2,6
11129,7,2,6
11130,6,2,6
11131,6,2,6
11132,6,2,6
11133,4,2,6
11134,5,3,2
11135,6,2,6
11136,6,2,6
11137,6,2,6
11138,4,2,6
11139,8,2,6
11140,8,2,6
11141,6,2,6
11142,2,3,2
11143,8,2,6
11144,0,5,0
11145,8,2,6
11146,5,2,6
11147,8,2,6
11148,6,2,6
11149,8,2,6
11150,5,2,6
11151,7,2,6
11152,6,2,6
11153,2,3,2
11154,2,2,6
11155,2,4,3
11156,2,2,6
11157,6,2,6
11158,8,1,4
11159,0,5,0
11160,5,2,6
11161,6,2,6
11162,8,2,6
11163,2,2,6
11164,8,7,8
11165,8,2,6
11166,8,3,2
11167,7,2,6
11168,6,2,6
11169,6,2,6
11170,2,2,6
11171,8,2,6
11172,8,2,6
11173,2,3,2
11174,5,2,6
11175,6,2,6
11176,7,2,6
11177,7,2,6
11178,8,3,2
11179,6,2,6
11180,7,2,6
11181,6,2,6
11182,3,5,0
11183,8,2,6
11184,2,2,6
11185,6,2,6
11186,2,2,6
11187,5,2,6
11188,7,2,6
11189,2,2,6
11190,6,2,6
11191,8,2,6
11192,6,2,6
11193,8,2,6
11194,7,2,6
11195,7,2,6
11196,6,2,6
11197,2,2,6
11198,2,2,6
11199,6,2,6
11200,6,2,6
11201,6,1,4
11202,6,2,6
11203,5,2,6
11204,2,2,6
11205,5,1,4
11206,7,3,2
11207,8,2,6
11208,7,3,2
11209,5,2,6
11210,8,2,6
11211,2,2,6
11212,6,2,6
11213,6,2,6
11214,8,7,8
11215,8,3,2
11216,6,2,6
11217,8,7,8
11218,8,2,6
11219,8,3,2
11220,7,2,6
11221,2,2,6
11222,6,2,6
11223,8,2,6
11224,6,2,6
11225,6,2,6
11226,6,3,2
11227,7,2,6
11228,1,2,6
11229,7,2,6
11230,7,2,6
11231,6,2,6
11232,2,2,6
11233,6,2,6
11234,5,2,6
11235,8,2,6
11236,8,2,6
11237,2,2,6
11238,6,2,6
11239,5,2,6
11240,8,2,6
11241,7,2,6
11242,5,2,6
11243,2,2,6
11244,6,2,6
11245,2,2,6
11246,6,2,6
11247,7,2,6
11248,5,2,6
11249,6,2,6
11250,8,2,6
11251,8,2,6
11252,6,2,6
11253,7,8,7
11254,7,2,6
11255,5,2,6
11256,7,2,6
11257,8,2,6
11258,7,2,6
11259,2,2,6
11260,8,2,6
11261,7,2,6
11262,6,2,6
11263,7,8,7
11264,8,2,6
11265,6,2,6
11266,8,7,8
11267,2,3,2
11268,6,2,6
11269,6,5,0
11270,6,2,6
11271,1,3,2
11272,8,3,2
11273,8,2,6
11274,7,2,6
11275,7,2,6
11276,8,2,6
11277,8,2,6
11278,6,2,6
11279,6,4,3
11280,8,2,6
11281,6,2,6
11282,6,3,2
11283,7,2,6
11284,8,2,6
11285,2,2,6
11286,6,2,6
11287,6,2,6
11288,8,2,6
11289,6,5,0
11290,7,2,6
11291,5,2,6
11292,5,2,6
11293,6,2,6
11294,6,2,6
11295,4,2,6
11296,8,2,6
11297,6,2,6
11298,8,2,6
11299,2,3,2
11300,7,2,6
11301,6,2,6
11302,6,2,6
11303,8,2,6
11304,6,2,6
11305,7,2,6
11306,6,2,6
11307,2,2,6
11308,5,2,6
11309,6,2,6
11310,6,2,6
11311,6,2,6
11312,6,2,6
11313,2,2,6
11314,5,6,5
11315,8,7,8
11316,2,3,2
11317,8,2,6
11318,8,2,6
11319,5,2,6
11320,2,4,3
11321,5,2,6
11322,6,2,6
11323,8,2,6
11324,2,2,6
11325,7,2,6
11326,2,2,6
11327,6,4,3
11328,6,2,6
11329,2,2,6
11330,6,2,6
11331,6,2,6
11332,6,2,6
11333,6,3,2
11334,8,2,6
11335,2,2,6
11336,7,2,6
11337,6,3,2
11338,6,2,6
11339,8,2,6
11340,5,2,6
11341,8,2,6
11342,7,2,6
11343,2,2,6
11344,7,2,6
11345,7,2,6
11346,2,2,6
11347,5,2,6
11348,4,2,6
11349,6,2,6
11350,6,2,6
11351,7,2,6
11352,7,2,6
11353,2,2,6
11354,8,2,6
11355,8,2,6
11356,6,2,6
11357,8,2,6
11358,2,2,6
11359,1,2,6
11360,5,2,6
11361,5,2,6
11362,2,2,6
11363,6,2,6
11364,8,2,6
11365,2,2,6
11366,8,2,6
11367,5,2,6
11368,2,2,6
11369,8,2,6
11370,8,1,4
11371,6,2,6
11372,8,2,6
11373,8,2,6
11374,8,2,6
11375,6,2,6
11376,6,2,6
11377,1,2,6
11378,6,2,6
11379,8,3,2
11380,5,2,6
11381,6,2,6
11382,6,2,6
11383,2,2,6
11384,7,2,6
11385,8,1,4
11386,5,3,2
11387,8,2,6
11388,7,2,6
11389,6,2,6
11390,6,2,6
11391,5,2,6
11392,6,2,6
11393,6,2,6
11394,2,2,6
11395,1,2,6
11396,2,2,6
11397,7,4,3
11398,7,2,6
11399,5,6,5
11400,8,2,6
11401,1,4,3
11402,6,2,6
11403,6,2,6
11404,4,2,6
11405,8,2,6
11406,2,2,6
11407,2,2,6
11408,6,2,6
11409,6,5,0
11410,6,2,6
11411,2,0,1
11412,2,2,6
11413,6,2,6
11414,8,2,6
11415,6,2,6
11416,4,2,6
11417,4,2,6
11418,7,2,6
11419,6,2,6
11420,8,2,6
11421,5,2,6
11422,6,2,6
11423,6,2,6
11424,1,2,6
11425,6,2,6
11426,7,8,7
11427,8,2,6
11428,7,2,6
11429,8,3,2
11430,0,5,0
11431,6,2,6
11432,5,2,6
11433,6,2,6
11434,8,2,6
11435,6,2,6
11436,8,2,6
11437,5,2,6
11438,3,2,6
11439,8,2,6
11440,7,2,6
11441,8,2,6
11442,2,4,3
11443,8,2,6
11444,5,2,6
11445,7,2,6
11446,7,2,6
11447,6,2,6
11448,8,3,2
11449,4,2,6
11450,8,3,2
11451,6,2,6
11452,8,2,6
11453,8,3,2
11454,6,2,6
11455,5,2,6
11456,6,2,6
11457,6,2,6
11458,2,3,2
11459,6,2,6
11460,6,2,6
11461,6,2,6
11462,6,2,6
11463,2,2,6
11464,6,2,6
11465,6,2,6
11466,6,2,6
11467,6,2,6
11468,2,2,6
11469,8,2,6
11470,6,2,6
11471,5,2,6
11472,8,2,6
11473,6,3,2
11474,2,2,6
11475,8,2,6
11476,6,2,6
11477,7,2,6
11478,6,2,6
11479,1,2,6
11480,5,2,6
11481,6,3,2
11482,6,3,2
11483,2,2,6
11484,2,2,6
11485,7,2,6
11486,8,2,6
11487,6,2,6
11488,6,2,6
11489,6,2,6
11490,8,2,6
11491,6,2,6
11492,6,2,6
11493,6,2,6
11494,8,2,6
11495,8,2,6
11496,7,2,6
11497,6,2,6
11498,5,2,6
11499,6,2,6
11500,5,2,6
11501,7,2,6
11502,6,2,6
11503,8,7,8
11504,7,2,6
11505,8,2,6
11506,7,2,6
11507,6,2,6
11508,8,2,6
11509,6,2,6
11510,8,2,6
11511,2,2,6
11512,6,2,6
11513,5,2,6
11514,6,2,6
11515,6,2,6
11516,8,2,6
11517,5,2,6
11518,6,2,6
11519,7,2,6
11520,2,2,6
11521,7,3,2
11522,6,2,6
11523,2,2,6
11524,5,2,6
11525,7,8,7
11526,8,2,6
11527,8,2,6
11528,6,2,6
11529,2,2,6
11530,2,2,6
11531,5,2,6
11532,2,0,1
11533,6,2,6
11534,8,2,6
11535,8,2,6
11536,8,2,6
11537,8,2,6
11538,7,2,6
11539,2,2,6
11540,6,2,6
11541,6,2,6
11542,8,2,6
11543,0,5,0
11544,8,2,6
11545,6,2,6
11546,3,3,2
11547,2,4,3
11548,1,2,6
11549,8,2,6
11550,6,2,6
11551,8,2,6
11552,7,2,6
11553,6,3,2
11554,6,2,6
11555,0,2,6
11556,8,2,6
11557,6,2,6
11558,6,2,6
11559,7,2,6
11560,6,2,6
11561,6,2,6
11562,6,2,6
11563,8,2,6
11564,5,2,6
11565,7,2,6
11566,7,2,6
11567,5,2,6
11568,5,2,6
11569,2,2,6
11570,8,2,6
11571,5,2,6
11572,2,2,6
11573,0,5,0
11574,6,2,6
11575,8,2,6
11576,6,2,6
11577,6,2,6
11578,6,2,6
11579,6,2,6
11580,6,7,8
11581,6,3,2
11582,2,2,6
11583,6,2,6
11584,7,2,6
11585,6,2,6
11586,6,3,2
11587,8,8,7
11588,6,2,6
11589,5,2,6
11590,6,2,6
11591,6,2,6
11592,8,3,2
11593,8,2,6
11594,8,2,6
11595,2,2,6
11596,8,2,6
11597,8,2,6
11598,7,2,6
11599,8,2,6
11600,7,8,7
11601,8,2,6
11602,6,2,6
11603,6,2,6
11604,2,2,6
11605,2,2,6
11606,6,2,6
11607,6,2,6
11608,6,2,6
11609,2,2,6
11610,6,2,6
11611,8,2,6
11612,0,5,0
11613,8,2,6
11614,6,2,6
11615,5,2,6
11616,6,2,6
11617,6,2,6
11618,8,2,6
11619,7,2,6
11620,8,2,6
11621,6,2,6
11622,0,5,0
11623,7,2,6
11624,5,2,6
11625,8,2,6
11626,2,2,6
11627,8,2,6
11628,5,2,6
11629,6,2,6
11630,8,2,6
11631,6,2,6
11632,6,2,6
11633,6,2,6
11634,2,2,6
11635,4,2,6
11636,7,2,6
11637,2,3,2
11638,2,2,6
11639,2,3,2
11640,5,3,2
11641,2,2,6
11642,7,3,2
11643,8,2,6
11644,6,2,6
11645,5,2,6
11646,2,2,6
11647,5,2,6
11648,8,2,6
11649,2,2,6
11650,8,2,6
11651,8,7,8
11652,8,3,2
11653,6,2,6
11654,6,2,6
11655,5,2,6
11656,6,2,6
11657,6,2,6
11658,6,3,2
11659,8,2,6
11660,7,2,6
11661,7,2,6
11662,6,2,6
11663,6,2,6
11664,8,2,6
11665,6,2,6
11666,6,2,6
11667,6,2,6
11668,6,2,6
11669,7,2,6
11670,8,2,6
11671,6,2,6
11672,2,2,6
11673,7,2,6
11674,5,2,6
11675,8,3,2
11676,8,2,6
11677,7,2,6
11678,8,2,6
11679,7,2,6
11680,6,2,6
11681,8,2,6
11682,8,2,6
11683,2,2,6
11684,2,4,3
11685,6,2,6
11686,6,2,6
11687,8,2,6
11688,6,3,2
11689,5,2,6
11690,8,2,6
11691,8,2,6
11692,6,2,6
11693,6,2,6
11694,2,2,6
11695,6,3,2
11696,6,2,6
11697,6,5,0
11698,6,2,6
11699,6,2,6
11700,6,2,6
11701,6,2,6
11702,6,2,6
11703,5,2,6
11704,8,2,6
11705,8,2,6
11706,6,2,6
11707,2,2,6
11708,8,2,6
11709,8,2,6
11710,6,2,6
11711,8,3,2
11712,8,2,6
11713,6,2,6
11714,1,2,6
11715,6,2,6
11716,6,2,6
11717,6,2,6
11718,6,7,8
11719,6,2,6
11720,6,5,0
11721,2,2,6
11722,6,3,2
11723,6,2,6
11724,8,2,6
11725,6,2,6
11726,2,3,2
11727,8,2,6
11728,8,2,6
11729,8,2,6
11730,2,2,6
11731,6,3,2
11732,6,2,6
11733,8,2,6
11734,8,2,6
11735,3,2,6
11736,1,2,6
11737,2,3,2
11738,6,2,6
11739,4,2,6
11740,7,2,6
11741,6,2,6
11742,8,2,6
11743,8,2,6
11744,6,2,6
11745,5,2,6
11746,6,8,7
11747,8,2,6
11748,6,2,6
11749,2,2,6
11750,8,2,6
11751,8,2,6
11752,2,2,6
11753,7,2,6
11754,6,2,6
11755,5,6,5
11756,6,2,6
11757,6,2,6
11758,2,2,6
11759,8,2,6
11760,6,2,6
11761,6,2,6
11762,6,2,6
11763,8,2,6
11764,2,2,6
11765,8,2,6
11766,2,2,6
11767,6,2,6
11768,6,2,6
11769,6,2,6
11770,0,5,0
11771,7,2,6
11772,6,2,6
11773,2,2,6
11774,4,2,6
11775,5,2,6
11776,6,2,6
11777,8,2,6
11778,6,2,6
11779,8,2,6
11780,6,2,6
11781,6,2,6
11782,5,2,6
11783,5,2,6
11784,6,5,0
11785,6,2,6
11786,8,2,6
11787,7,2,6
11788,7,1,4
11789,6,2,6
11790,6,2,6
11791,6,2,6
11792,4,3,2
11793,7,2,6
11794,6,2,6
11795,8,2,6
11796,6,2,6
11797,6,2,6
11798,6,2,6
11799,8,2,6
11800,2,2,6
11801,8,2,6
11802,6,3,2
11803,8,2,6
11804,2,2,6
11805,3,2,6
11806,8,7,8
11807,8,2,6
11808,7,2,6
11809,7,2,6
11810,2,2,6
11811,8,2,6
11812,8,2,6
11813,6,2,6
11814,8,7,8
11815,8,2,6
11816,8,2,6
11817,2,2,6
11818,7,2,6
11819,5,2,6
11820,5,2,6
11821,7,2,6
11822,8,2,6
11823,2,2,6
11824,6,2,6
11825,8,2,6
11826,8,1,4
11827,6,2,6
11828,6,2,6
11829,6,2,6
11830,6,2,6
11831,2,2,6
11832,6,2,6
11833,4,2,6
11834,8,2,6
11835,6,2,6
11836,6,2,6
11837,8,2,6
11838,2,2,6
11839,7,3,2
11840,6,2,6
11841,8,2,6
11842,8,2,6
11843,6,2,6
11844,2,0,1
11845,8,2,6
11846,6,2,6
11847,6,2,6
11848,8,3,2
11849,6,2,6
11850,7,2,6
11851,8,2,6
11852,6,2,6
11853,8,2,6
11854,6,5,0
11855,6,2,6
11856,6,2,6
11857,6,2,6
11858,6,2,6
11859,5,2,6
11860,2,2,6
11861,8,2,6
11862,6,2,6
11863,6,2,6
11864,6,2,6
11865,0,2,6
11866,8,3,2
11867,6,2,6
11868,5,2,6
11869,8,2,6
11870,7,2,6
11871,6,2,6
11872,2,2,6
11873,8,2,6
11874,7,2,6
11875,8,2,6
11876,6,2,6
11877,5,2,6
11878,6,2,6
11879,2,3,2
11880,7,2,6
11881,6,2,6
11882,8,2,6
11883,6,2,6
11884,7,2,6
11885,8,2,6
11886,7,2,6
11887,6,2,6
11888,8,3,2
11889,8,2,6
11890,6,2,6
11891,7,2,6
11892,7,2,6
11893,5,2,6
11894,6,2,6
11895,6,2,6
11896,6,2,6
11897,6,2,6
11898,6,2,6
11899,6,2,6
11900,8,2,6
11901,8,2,6
11902,6,2,6
11903,6,2,6
11904,2,2,6
11905,7,2,6
11906,6,2,6
11907,6,2,6
11908,6,2,6
11909,6,2,6
11910,6,2,6
11911,5,2,6
11912,6,2,6
11913,6,2,6
11914,6,8,7
11915,8,2,6
11916,8,2,6
11917,5,2,6
11918,8,2,6
11919,1,2,6
11920,8,2,6
11921,6,2,6
11922,7,2,6
11923,6,1,4
11924,6,2,6
11925,6,2,6
11926,2,2,6
11927,7,2,6
11928,6,2,6
11929,2,2,6
11930,6,2,6
11931,6,2,6
11932,6,2,6
11933,1,2,6
11934,6,2,6
11935,6,2,6
11936,5,2,6
11937,8,2,6
11938,4,2,6
11939,1,2,6
11940,8,2,6
11941,7,2,6
11942,6,2,6
11943,2,2,6
11944,8,2,6
11945,5,2,6
11946,6,2,6
11947,8,2,6
11948,2,2,6
11949,6,2,6
11950,0,2,6
11951,3,2,6
11952,7,2,6
11953,8,2,6
11954,2,2,6
11955,8,2,6
11956,8,2,6
11957,8,2,6
11958,0,5,0
11959,5,2,6
11960,8,2,6
11961,6,2,6
11962,6,2,6
11963,5,5,0
11964,2,2,6
11965,6,2,6
11966,6,2,6
11967,5,2,6
11968,6,2,6
11969,6,2,6
11970,6,2,6
11971,7,2,6
11972,5,2,6
11973,0,5,0
11974,5,2,6
11975,6,2,6
11976,1,2,6
11977,5,2,6
11978,8,2,6
11979,8,2,6
11980,6,5,0
11981,6,2,6
11982,5,2,6
11983,8,2,6
11984,8,2,6
11985,8,7,8
11986,6,1,4
11987,6,2,6
11988,1,2,6
11989,8,2,6
11990,6,2,6
11991,6,2,6
11992,6,2,6
11993,6,2,6
11994,6,3,2
11995,5,2,6
11996,8,2,6
11997,6,3,2
11998,6,2,6
11999,8,2,6
12000,6,2,6
12001,1,2,6
12002,2,2,6
12003,6,2,6
12004,8,2,6
12005,8,7,8
12006,6,2,6
12007,6,2,6
12008,7,2,6
12009,8,7,8
12010,2,2,6
12011,7,2,6
12012,8,2,6
12013,5,2,6
12014,8,2,6
12015,5,2,6
12016,8,2,6
12017,4,2,6
12018,2,2,6
12019,8,2,6
12020,2,2,6
12021,8,2,6
12022,5,2,6
12023,6,2,6
12024,8,3,2
12025,8,2,6
12026,3,2,6
12027,6,3,2
12028,6,2,6
12029,2,2,6
12030,6,2,6
12031,2,2,6
12032,5,2,6
12033,6,2,6
12034,5,2,6
12035,8,2,6
12036,6,2,6
12037,8,2,6
12038,8,3,2
12039,8,2,6
12040,7,2,6
12041,8,2,6
12042,6,2,6
12043,8,1,4
12044,8,2,6
12045,7,2,6
12046,6,2,6
12047,8,2,6
12048,6,2,6
12049,5,2,6
12050,7,2,6
12051,8,2,6
12052,2,2,6
12053,8,2,6
12054,6,2,6
12055,6,2,6
12056,6,2,6
12057,2,2,6
12058,5,2,6
12059,8,2,6
12060,6,2,6
12061,3,2,6
12062,8,2,6
12063,6,2,6
12064,6,3,2
12065,8,3,2
12066,8,2,6
12067,6,2,6
12068,6,2,6
12069,6,2,6
12070,6,2,6
12071,6,2,6
12072,8,2,6
12073,6,5,0
12074,2,2,6
12075,8,2,6
12076,6,2,6
12077,6,2,6
12078,2,2,6
12079,6,2,6
12080,6,2,6
12081,6,2,6
12082,6,2,6
12083,8,2,6
12084,7,8,7
12085,6,2,6
12086,6,3,2
12087,1,2,6
12088,6,2,6
12089,6,2,6
12090,6,2,6
12091,6,2,6
12092,0,5,0
12093,8,2,6
12094,6,2,6
12095,2,2,6
12096,7,2,6
12097,6,2,6
12098,8,2,6
12099,8,2,6
12100,6,2,6
12101,8,2,6
12102,6,2,6
12103,8,2,6
12104,2,2,6
12105,8,2,6
12106,0,2,6
12107,2,2,6
12108,4,2,6
12109,6,2,6
12110,6,2,6
12111,6,2,6
12112,5,2,6
12113,6,2,6
12114,2,2,6
12115,8,2,6
12116,6,2,6
12117,5,2,6
12118,6,2,6
12119,4,3,2
12120,6,2,6
12121,4,2,6
12122,6,2,6
12123,8,5,0
12124,6,2,6
12125,6,5,0
12126,8,2,6
12127,6,2,6
12128,6,2,6
12129,5,2,6
12130,8,2,6
12131,8,2,6
12132,5,2,6
12133,2,2,6
12134,6,2,6
12135,7,2,6
12136,8,2,6
12137,7,2,6
12138,8,1,4
12139,6,2,6
12140,5,2,6
12141,6,2,6
12142,7,2,6
12143,8,2,6
12144,6,1,4
12145,8,2,6
12146,6,1,4
12147,8,2,6
12148,4,3,2
12149,6,2,6
12150,6,5,0
12151,2,4,3
12152,6,2,6
12153,7,8,7
12154,8,7,8
12155,6,2,6
12156,6,2,6
12157,8,3,2
12158,6,5,0
12159,8,2,6
12160,6,2,6
12161,0,5,0
12162,6,2,6
12163,6,2,6
12164,8,2,6
12165,6,2,6
12166,6,2,6
12167,8,2,6
12168,6,2,6
12169,2,2,6
12170,6,2,6
12171,2,2,6
12172,6,2,6
12173,5,2,6
12174,7,3,2
12175,7,2,6
12176,6,2,6
12177,4,2,6
12178,8,2,6
12179,4,2,6
12180,6,2,6
12181,6,2,6
12182,8,2,6
12183,7,2,6
12184,8,1,4
12185,6,2,6
12186,8,2,6
12187,2,2,6
12188,6,2,6
12189,6,2,6
12190,6,2,6
12191,6,2,6
12192,8,2,6
12193,6,2,6
12194,7,2,6
12195,8,2,6
12196,6,2,6
12197,8,3,2
12198,8,2,6
12199,6,3,2
12200,1,2,6
12201,6,2,6
12202,6,2,6
12203,8,2,6
12204,5,2,6
12205,2,2,6
12206,6,2,6
12207,6,2,6
12208,6,2,6
12209,8,2,6
12210,6,2,6
12211,8,2,6
12212,6,2,6
12213,6,2,6
12214,6,2,6
12215,6,2,6
12216,2,2,6
12217,6,3,2
12218,6,3,2
12219,6,2,6
12220,6,3,2
12221,6,3,2
12222,8,2,6
12223,6,2,6
12224,6,2,6
12225,4,3,2
12226,6,2,6
12227,6,3,2
12228,6,2,6
12229,6,2,6
12230,8,1,4
12231,8,2,6
12232,7,2,6
12233,5,2,6
12234,6,2,6
12235,6,3,2
12236,6,2,6
12237,6,2,6
12238,6,2,6
12239,6,2,6
12240,6,2,6
12241,6,2,6
12242,7,8,7
12243,6,2,6
12244,6,2,6
12245,5,2,6
12246,6,3,2
12247,6,2,6
12248,6,4,3
12249,6,2,6
12250,6,2,6
12251,6,2,6
12252,6,3,2
12253,6,2,6
12254,6,2,6
12255,6,2,6
12256,6,2,6
12257,8,2,6
12258,6,5,0
12259,6,2,6
12260,6,2,6
12261,6,2,6
12262,0,2,6
12263,8,2,6
12264,6,2,6
12265,6,2,6
12266,7,2,6
12267,6,2,6
12268,6,2,6
12269,6,2,6
12270,1,2,6
12271,8,7,8
12272,6,2,6
12273,6,2,6
12274,6,2,6
12275,8,1,4
12276,6,2,6
12277,6,2,6
12278,7,2,6
12279,1,3,2
12280,6,2,6
12281,6,3,2
12282,0,5,0
12283,8,2,6
12284,6,3,2
12285,6,2,6
12286,6,3,2
12287,6,2,6
12288,6,2,6
12289,6,2,6
12290,6,2,6
12291,6,2,6
12292,6,2,6
12293,6,2,6
12294,6,2,6
12295,6,2,6
12296,6,2,6
12297,6,2,6
12298,8,2,6
12299,8,2,6
12300,6,2,6
12301,8,2,6
12302,6,2,6
12303,6,2,6
12304,7,2,6
12305,7,2,6
12306,6,2,6
12307,6,2,6
12308,6,2,6
12309,7,2,6
12310,6,2,6
12311,6,2,6
12312,1,2,6
12313,6,2,6
12314,5,2,6
12315,6,2,6
12316,6,2,6
12317,8,2,6
12318,6,2,6
12319,6,2,6
12320,6,2,6
12321,6,2,6
12322,6,2,6
12323,6,2,6
12324,6,2,6
12325,1,2,6
12326,0,5,0
12327,8,2,6
12328,2,2,6
12329,6,2,6
12330,6,2,6
12331,2,3,2
12332,6,2,6
12333,6,2,6
12334,6,2,6
12335,7,2,6
12336,6,2,6
12337,6,2,6
12338,6,2,6
12339,6,2,6
12340,7,2,6
12341,5,2,6
12342,6,2,6
12343,5,2,6
12344,7,2,6
12345,6,2,6
12346,6,2,6
12347,6,2,6
12348,8,2,6
12349,6,2,6
12350,6,2,6
12351,6,2,6
12352,6,2,6
12353,8,2,6
12354,7,2,6
12355,1,2,6
12356,0,2,6
12357,1,2,6
12358,6,2,6
12359,6,2,6
12360,6,3,2
12361,7,2,6
12362,4,2,6
12363,6,2,6
12364,6,2,6
12365,6,2,6
12366,6,2,6
12367,6,2,6
12368,7,2,6
12369,6,2,6
12370,6,3,2
12371,6,2,6
12372,5,2,6
12373,6,2,6
12374,6,2,6
12375,6,2,6
12376,8,2,6
12377,6,2,6
12378,6,2,6
12379,6,3,2
12380,6,2,6
12381,6,2,6
12382,6,2,6
12383,6,2,6
12384,6,2,6
12385,8,2,6
12386,6,3,2
12387,6,2,6
12388,6,2,6
12389,8,7,8
12390,6,3,2
12391,6,2,6
12392,5,2,6
12393,6,2,6
12394,6,2,6
12395,6,2,6
12396,6,2,6
12397,8,1,4
12398,6,2,6
12399,6,2,6
12400,6,2,6
12401,6,3,2
12402,6,2,6
12403,6,2,6
12404,6,2,6
12405,6,2,6
12406,2,1,4
12407,6,2,6
12408,8,2,6
12409,6,3,2
12410,6,2,6
12411,6,2,6
12412,6,2,6
12413,6,2,6
12414,6,2,6
12415,6,3,2
12416,6,2,6
12417,6,2,6
12418,8,2,6
12419,6,2,6
12420,6,2,6
12421,6,2,6
12422,6,3,2
12423,8,3,2
12424,8,2,6
12425,8,2,6
12426,6,2,6
12427,6,2,6
12428,6,2,6
12429,7,2,6
12430,5,2,6
12431,6,2,6
12432,6,2,6
12433,8,2,6
12434,0,2,6
12435,0,5,0
12436,6,2,6
12437,8,2,6
12438,7,2,6
12439,6,2,6
12440,8,2,6
12441,7,3,2
12442,6,2,6
12443,1,2,6
12444,6,2,6
12445,4,2,6
12446,6,2,6
12447,6,2,6
12448,6,2,6
12449,6,2,6
12450,6,2,6
12451,6,2,6
12452,6,2,6
12453,6,2,6
12454,0,2,6
12455,8,2,6
12456,6,2,6
12457,2,2,6
12458,8,2,6
12459,8,2,6
12460,6,2,6
12461,6,2,6
12462,6,2,6
12463,6,1,4
12464,6,2,6
12465,6,2,6
12466,6,4,3
12467,6,2,6
12468,6,2,6
12469,6,2,6
12470,6,2,6
12471,6,2,6
12472,8,3,2
12473,6,2,6
12474,5,2,6
12475,8,3,2
12476,1,2,6
12477,8,2,6
12478,6,2,6
12479,6,2,6
12480,6,2,6
12481,6,2,6
12482,6,2,6
12483,6,2,6
12484,6,2,6
12485,6,2,6
12486,6,5,0
12487,6,2,6
12488,6,2,6
12489,6,2,6
12490,6,2,6
12491,6,3,2
12492,7,0,1
12493,8,2,6
12494,6,3,2
12495,6,2,6
12496,7,2,6
12497,6,2,6
12498,6,2,6
12499,1,2,6
12500,6,2,6
12501,8,2,6
12502,7,2,6
12503,6,2,6
12504,1,2,6
12505,6,2,6
12506,6,2,6
12507,6,2,6
12508,6,2,6
12509,6,2,6
12510,6,2,6
12511,6,2,6
12512,6,2,6
12513,6,2,6
12514,6,2,6
12515,6,2,6
12516,6,2,6
12517,7,2,6
12518,6,7,8
12519,6,3,2
12520,6,2,6
12521,6,2,6
12522,6,2,6
12523,0,5,0
12524,6,2,6
12525,0,5,0
12526,7,2,6
12527,6,3,2
12528,6,2,6
12529,8,1,4
12530,4,2,6
12531,8,2,6
12532,6,3,2
12533,6,2,6
12534,6,2,6
12535,6,2,6
12536,6,6,5
12537,8,2,6
12538,6,2,6
12539,6,2,6
12540,6,5,0
12541,3,2,6
12542,6,2,6
12543,6,2,6
12544,7,2,6
12545,6,2,6
12546,8,2,6
12547,6,2,6
12548,5,2,6
12549,6,3,2
12550,6,5,0
12551,6,2,6
12552,6,2,6
12553,7,2,6
12554,6,2,6
12555,6,2,6
12556,6,2,6
12557,7,2,6
12558,7,2,6
12559,7,3,2
12560,7,2,6
12561,6,2,6
12562,6,2,6
12563,6,2,6
12564,7,2,6
12565,6,2,6
12566,6,2,6
12567,6,2,6
12568,6,2,6
12569,6,2,6
12570,7,2,6
12571,6,2,6
12572,6,2,6
12573,6,2,6
12574,6,2,6
12575,8,2,6
12576,8,2,6
12577,6,2,6
12578,6,2,6
12579,6,2,6
12580,6,2,6
12581,6,2,6
12582,6,2,6
12583,5,2,6
12584,6,3,2
12585,8,2,6
12586,8,2,6
12587,6,2,6
12588,6,2,6
12589,6,2,6
12590,1,2,6
12591,6,3,2
12592,6,2,6
12593,6,2,6
12594,8,1,4
12595,5,2,6
12596,5,2,6
12597,6,2,6
12598,6,2,6
12599,6,2,6
12600,6,2,6
12601,7,3,2
12602,6,2,6
12603,6,2,6
12604,7,1,4
12605,6,2,6
12606,8,2,6
12607,6,2,6
12608,2,4,3
12609,6,2,6
12610,6,1,4
12611,6,2,6
12612,6,2,6
12613,6,2,6
12614,6,2,6
12615,6,2,6
12616,6,3,2
12617,6,2,6
12618,5,2,6
12619,6,2,6
12620,6,2,6
12621,6,2,6
12622,6,2,6
12623,7,2,6
12624,7,8,7
12625,6,2,6
12626,8,2,6
12627,6,2,6
12628,8,2,6
12629,6,2,6
12630,1,2,6
12631,2,2,6
12632,6,2,6
12633,0,2,6
12634,6,2,6
12635,6,1,4
12636,6,2,6
12637,6,2,6
12638,6,2,6
12639,6,2,6
12640,8,2,6
12641,6,2,6
12642,8,2,6
12643,8,1,4
12644,6,2,6
12645,6,3,2
12646,6,2,6
12647,6,2,6
12648,6,3,2
12649,8,1,4
12650,6,7,8
12651,8,2,6
12652,3,2,6
12653,6,2,6
12654,8,2,6
12655,6,2,6
12656,6,3,2
12657,5,2,6
12658,5,2,6
12659,6,2,6
12660,3,2,6
12661,4,3,2
12662,6,2,6
12663,8,2,6
12664,8,2,6
12665,6,2,6
12666,5,2,6
12667,6,2,6
12668,7,2,6
12669,6,2,6
12670,6,2,6
12671,6,2,6
12672,1,0,1
12673,0,2,6
12674,6,1,4
12675,6,2,6
12676,6,3,2
12677,6,2,6
12678,6,3,2
12679,6,2,6
12680,6,2,6
12681,6,2,6
12682,4,3,2
12683,6,3,2
12684,6,2,6
12685,6,2,6
12686,8,3,2
12687,8,2,6
12688,6,2,6
12689,6,2,6
12690,8,2,6
12691,8,1,4
12692,6,2,6
12693,6,2,6
12694,6,2,6
12695,5,2,6
12696,6,2,6
12697,6,2,6
12698,8,2,6
12699,6,3,2
12700,6,2,6
12701,6,2,6
12702,6,2,6
12703,6,2,6
12704,6,2,6
12705,1,2,6
12706,6,2,6
12707,6,2,6
12708,6,2,6
12709,7,2,6
12710,6,2,6
12711,6,2,6
12712,6,3,2
12713,6,2,6
12714,4,2,6
12715,6,2,6
12716,6,2,6
12717,6,2,6
12718,8,2,6
12719,6,1,4
12720,6,4,3
12721,6,2,6
12722,6,2,6
12723,8,2,6
12724,7,2,6
12725,7,2,6
12726,6,2,6
12727,6,3,2
12728,6,3,2
12729,8,1,4
12730,6,3,2
12731,6,2,6
12732,7,2,6
12733,8,7,8
12734,6,3,2
12735,6,2,6
12736,5,2,6
12737,6,2,6
12738,5,2,6
12739,0,2,6
12740,6,2,6
12741,6,2,6
12742,8,2,6
12743,8,2,6
12744,6,2,6
12745,8,2,6
12746,6,7,8
12747,6,2,6
12748,6,2,6
12749,2,2,6
12750,6,2,6
12751,8,2,6
12752,5,6,5
12753,6,2,6
12754,6,2,6
12755,8,2,6
12756,8,7,8
12757,6,2,6
12758,6,2,6
12759,6,2,6
12760,6,2,6
12761,6,2,6
12762,6,2,6
12763,6,2,6
12764,8,2,6
12765,8,7,8
12766,8,2,6
12767,2,2,6
12768,6,2,6
12769,0,5,0
12770,6,2,6
12771,5,3,2
12772,2,2,6
12773,6,2,6
12774,6,2,6
12775,6,2,6
12776,6,3,2
12777,7,2,6
12778,8,1,4
12779,6,2,6
12780,6,2,6
12781,6,2,6
12782,6,2,6
12783,6,2,6
12784,4,2,6
12785,1,2,6
12786,8,2,6
12787,6,2,6
12788,6,2,6
12789,6,2,6
12790,6,2,6
12791,6,2,6
12792,8,2,6
12793,8,2,6
12794,6,2,6
12795,6,2,6
12796,6,2,6
12797,6,2,6
12798,6,8,7
12799,6,2,6
12800,7,2,6
12801,6,2,6
12802,6,5,0
12803,7,2,6
12804,6,2,6
12805,6,2,6
12806,6,2,6
12807,6,2,6
12808,6,2,6
12809,6,2,6
12810,6,2,6
12811,6,2,6
12812,6,2,6
12813,6,2,6
12814,0,5,0
12815,8,2,6
12816,2,2,6
12817,6,2,6
12818,6,2,6
12819,6,2,6
12820,6,2,6
12821,6,2,6
12822,7,2,6
12823,6,2,6
12824,6,2,6
12825,6,2,6
12826,6,2,6
12827,5,3,2
12828,6,2,6
12829,6,2,6
12830,2,0,1
12831,6,2,6
12832,6,2,6
12833,6,2,6
12834,6,3,2
12835,2,1,4
12836,6,2,6
12837,8,7,8
12838,8,3,2
12839,6,2,6
12840,8,2,6
12841,7,2,6
12842,6,2,6
12843,6,2,6
12844,6,2,6
12845,6,2,6
12846,6,2,6
12847,6,2,6
12848,7,2,6
12849,8,2,6
12850,8,2,6
12851,6,2,6
12852,7,2,6
12853,6,2,6
12854,6,2,6
12855,6,2,6
12856,6,2,6
12857,6,2,6
12858,7,8,7
12859,6,2,6
12860,6,2,6
12861,6,2,6
12862,6,2,6
12863,6,2,6
12864,6,3,2
12865,6,2,6
12866,6,2,6
12867,0,2,6
12868,6,2,6
12869,6,2,6
12870,6,2,6
12871,7,2,6
12872,6,2,6
12873,6,2,6
12874,8,2,6
12875,6,2,6
12876,6,2,6
12877,6,2,6
12878,4,2,6
12879,6,2,6
12880,6,2,6
12881,6,2,6
12882,6,2,6
12883,5,2,6
12884,6,2,6
12885,8,2,6
12886,6,2,6
12887,2,2,6
12888,6,2,6
12889,6,2,6
12890,6,2,6
12891,5,2,6
12892,6,5,0
12893,6,2,6
12894,6,2,6
12895,6,2,6
12896,7,2,6
12897,5,2,6
12898,6,2,6
12899,6,2,6
12900,6,2,6
12901,6,5,0
12902,6,2,6
12903,6,2,6
12904,8,2,6
12905,6,2,6
12906,6,2,6
12907,6,2,6
12908,6,2,6
12909,8,2,6
12910,5,2,6
12911,6,2,6
12912,6,2,6
12913,6,2,6
12914,6,3,2
12915,6,2,6
12916,6,2,6
12917,6,3,2
12918,7,2,6
12919,6,2,6
12920,6,1,4
12921,7,2,6
12922,6,2,6
12923,6,2,6
12924,8,2,6
12925,6,1,4
12926,6,2,6
12927,6,2,6
12928,6,2,6
12929,6,2,6
12930,6,2,6
12931,7,2,6
12932,6,2,6
12933,6,2,6
12934,8,2,6
12935,6,2,6
12936,6,2,6
12937,6,2,6
12938,6,2,6
12939,6,2,6
12940,6,3,2
12941,6,2,6
12942,6,2,6
12943,6,2,6
12944,6,2,6
12945,7,2,6
12946,6,2,6
12947,6,2,6
12948,6,2,6
12949,6,2,6
12950,6,2,6
12951,5,2,6
12952,6,2,6
12953,6,2,6
12954,6,2,6
12955,7,2,6
12956,6,2,6
12957,6,2,6
12958,6,2,6
12959,6,2,6
12960,6,2,6
12961,6,2,6
12962,6,2,6
12963,5,2,6
12964,6,2,6
12965,5,2,6
12966,8,2,6
12967,6,2,6
12968,7,2,6
12969,6,2,6
12970,6,3,2
12971,6,2,6
12972,6,2,6
12973,6,2,6
12974,6,2,6
12975,6,2,6
12976,4,2,6
12977,6,2,6
12978,6,2,6
12979,7,2,6
12980,8,2,6
12981,6,3,2
12982,6,2,6
12983,6,2,6
12984,6,3,2
12985,6,2,6
12986,8,2,6
12987,8,2,6
12988,7,3,2
12989,6,2,6
12990,6,2,6
12991,6,2,6
12992,8,2,6
12993,8,2,6
12994,6,2,6
12995,6,6,5
12996,6,2,6
12997,2,2,6
12998,6,2,6
12999,6,2,6
13000,4,2,6
13001,8,2,6
13002,6,2,6
13003,6,2,6
13004,6,2,6
13005,5,3,2
13006,8,2,6
13007,6,2,6
13008,2,0,1
13009,6,2,6
13010,6,2,6
13011,6,2,6
13012,6,2,6
13013,7,2,6
13014,6,2,6
13015,6,3,2
13016,6,2,6
13017,6,2,6
13018,6,2,6
13019,6,2,6
13020,6,3,2
13021,0,5,0
13022,6,2,6
13023,7,2,6
13024,1,2,6
13025,5,2,6
13026,6,2,6
13027,2,2,6
13028,6,2,6
13029,6,2,6
13030,8,2,6
13031,8,2,6
13032,6,2,6
13033,8,2,6
13034,7,2,6
13035,6,2,6
13036,6,2,6
13037,8,2,6
13038,6,2,6
13039,6,2,6
13040,6,2,6
13041,6,2,6
13042,6,2,6
13043,6,4,3
13044,8,2,6
13045,6,2,6
13046,6,2,6
13047,8,2,6
13048,6,3,2
13049,7,1,4
13050,6,2,6
13051,6,2,6
13052,6,3,2
13053,8,3,2
13054,6,3,2
13055,6,2,6
13056,6,2,6
13057,8,2,6
13058,6,2,6
13059,6,2,6
13060,6,2,6
13061,7,2,6
13062,2,2,6
13063,6,2,6
13064,8,2,6
13065,6,2,6
13066,6,2,6
13067,6,2,6
13068,5,2,6
13069,1,2,6
13070,6,3,2
13071,6,2,6
13072,6,2,6
13073,6,2,6
13074,5,6,5
13075,2,2,6
13076,6,2,6
13077,6,2,6
13078,6,2,6
13079,8,2,6
13080,6,2,6
13081,6,2,6
13082,6,2,6
13083,6,2,6
13084,8,2,6
13085,6,2,6
13086,6,2,6
13087,7,2,6
13088,8,2,6
13089,6,2,6
13090,6,2,6
13091,6,2,6
13092,6,1,4
13093,6,2,6
13094,8,7,8
13095,7,2,6
13096,6,2,6
13097,6,2,6
13098,6,2,6
13099,6,2,6
13100,8,2,6
13101,6,2,6
13102,6,2,6
13103,6,2,6
13104,6,2,6
13105,6,2,6
13106,6,2,6
13107,2,2,6
13108,6,2,6
13109,6,2,6
13110,6,3,2
13111,6,2,6
13112,6,2,6
13113,6,2,6
13114,6,2,6
13115,6,2,6
13116,6,2,6
13117,6,2,6
13118,6,1,4
13119,6,2,6
13120,6,2,6
13121,6,2,6
13122,6,1,4
13123,6,2,6
13124,6,2,6
13125,1,2,6
13126,8,2,6
13127,6,2,6
13128,6,2,6
13129,6,2,6
13130,6,2,6
13131,6,2,6
13132,0,5,0
13133,8,2,6
13134,8,2,6
13135,8,2,6
13136,6,2,6
13137,6,2,6
13138,7,2,6
13139,6,2,6
13140,2,0,1
13141,5,3,2
13142,6,2,6
13143,6,2,6
13144,6,2,6
13145,6,3,2
13146,6,2,6
13147,6,2,6
13148,6,2,6
13149,7,2,6
13150,6,2,6
13151,6,2,6
13152,6,2,6
13153,6,2,6
13154,6,2,6
13155,6,2,6
13156,6,2,6
13157,8,2,6
13158,6,2,6
13159,1,2,6
13160,8,2,6
13161,5,2,6
13162,5,2,6
13163,6,2,6
13164,6,2,6
13165,6,2,6
13166,6,4,3
13167,8,2,6
13168,6,3,2
13169,8,1,4
13170,7,8,7
13171,6,2,6
13172,6,2,6
13173,6,5,0
13174,6,5,0
13175,6,0,1
13176,6,2,6
13177,8,2,6
13178,6,2,6
13179,6,2,6
