cell_id,true_label,pred_label_raw,pred_label_aligned
0,13,2,9
1,13,0,10
2,13,2,9
3,13,3,17
4,13,1,18
5,13,1,18
6,13,1,18
7,13,1,18
8,13,2,9
9,13,0,10
10,13,4,4
11,13,0,10
12,13,4,4
13,13,0,10
14,13,2,9
15,13,1,18
16,13,1,18
17,13,0,10
18,13,2,9
19,13,0,10
20,13,4,4
21,13,1,18
22,13,1,18
23,13,3,17
24,13,0,10
25,13,2,9
26,13,4,4
27,13,2,9
28,13,4,4
29,13,4,4
30,13,4,4
31,13,1,18
32,13,4,4
33,13,1,18
34,13,1,18
35,13,3,17
36,13,1,18
37,13,2,9
38,13,1,18
39,13,2,9
40,13,2,9
41,13,0,10
42,13,2,9
43,13,3,17
44,13,4,4
45,13,2,9
46,13,0,10
47,13,0,10
48,13,4,4
49,13,0,10
50,13,2,9
51,13,3,17
52,13,2,9
53,13,0,10
54,13,0,10
55,13,0,10
56,13,0,10
57,13,2,9
58,13,0,10
59,13,0,10
60,13,0,10
61,13,0,10
62,13,2,9
63,13,1,18
64,13,3,17
65,13,4,4
66,13,2,9
67,13,1,18
68,13,3,17
69,13,4,4
70,13,0,10
71,13,0,10
72,13,4,4
73,13,2,9
74,13,1,18
75,13,1,18
76,13,1,18
77,13,2,9
78,13,2,9
79,13,0,10
80,13,1,18
81,13,2,9
82,13,2,9
83,13,4,4
84,13,0,10
85,13,0,10
86,13,1,18
87,13,0,10
88,13,2,9
89,13,2,9
90,13,2,9
91,13,0,10
92,13,2,9
93,13,3,17
94,13,1,18
95,13,3,17
96,13,0,10
97,13,0,10
98,13,0,10
99,13,3,17
100,13,1,18
101,13,0,10
102,13,0,10
103,13,0,10
104,13,1,18
105,13,2,9
106,13,3,17
107,13,1,18
108,13,0,10
109,13,3,17
110,13,0,10
111,13,1,18
112,13,0,10
113,13,0,10
114,13,0,10
115,13,0,10
116,13,3,17
117,13,3,17
118,13,1,18
119,13,1,18
120,13,0,10
121,13,0,10
122,13,1,18
123,13,2,9
124,13,3,17
125,13,4,4
126,13,2,9
127,13,0,10
128,13,1,18
129,13,2,9
130,13,0,10
131,13,1,18
132,13,2,9
133,13,1,18
134,13,0,10
135,13,4,4
136,13,2,9
137,13,2,9
138,13,0,10
139,13,1,18
140,13,1,18
141,13,2,9
142,13,4,4
143,13,0,10
144,13,3,17
145,13,2,9
146,13,4,4
147,13,1,18
148,13,1,18
149,13,3,17
150,13,0,10
151,13,1,18
152,13,3,17
153,13,2,9
154,13,1,18
155,13,4,4
156,13,2,9
157,13,0,10
158,13,2,9
159,13,2,9
160,13,0,10
161,13,2,9
162,13,0,10
163,13,1,18
164,13,2,9
165,13,2,9
166,13,3,17
167,13,2,9
168,13,0,10
169,13,1,18
170,13,2,9
171,13,3,17
172,13,3,17
173,13,2,9
174,13,1,18
175,13,0,10
176,13,2,9
177,13,1,18
178,13,1,18
179,13,1,18
180,13,2,9
181,13,0,10
182,13,3,17
183,13,2,9
184,13,2,9
185,13,0,10
186,13,0,10
187,13,3,17
188,13,3,17
189,13,2,9
190,13,2,9
191,13,0,10
192,13,1,18
193,13,3,17
194,13,0,10
195,13,3,17
196,13,0,10
197,13,0,10
198,13,0,10
199,13,2,9
200,13,3,17
201,13,1,18
202,13,0,10
203,13,1,18
204,13,0,10
205,13,2,9
206,13,3,17
207,13,2,9
208,13,0,10
209,13,0,10
210,13,0,10
211,13,2,9
212,13,2,9
213,13,3,17
214,13,2,9
215,13,2,9
216,13,2,9
217,13,0,10
218,13,2,9
219,13,0,10
220,13,0,10
221,13,3,17
222,13,1,18
223,13,0,10
224,13,2,9
225,13,2,9
226,13,0,10
227,13,4,4
228,13,2,9
229,13,2,9
230,13,4,4
231,13,0,10
232,13,2,9
233,13,0,10
234,13,3,17
235,13,2,9
236,13,0,10
237,13,0,10
238,13,2,9
239,13,0,10
240,13,1,18
241,13,4,4
242,13,1,18
243,13,1,18
244,13,1,18
245,13,0,10
246,13,3,17
247,13,1,18
248,13,1,18
249,13,1,18
250,13,4,4
251,13,1,18
252,13,0,10
253,13,1,18
254,13,4,4
255,13,0,10
256,13,4,4
257,13,2,9
258,13,2,9
259,13,3,17
260,13,2,9
261,13,1,18
262,13,0,10
263,13,3,17
264,13,4,4
265,13,1,18
266,13,1,18
267,13,2,9
268,13,4,4
269,13,2,9
270,13,0,10
271,13,2,9
272,13,3,17
273,13,2,9
274,13,2,9
275,13,4,4
276,13,2,9
277,13,2,9
278,13,3,17
279,13,2,9
280,13,2,9
281,13,3,17
282,13,1,18
283,13,0,10
284,13,0,10
285,13,0,10
286,13,3,17
287,13,4,4
288,13,4,4
289,13,0,10
290,13,1,18
291,13,4,4
292,13,2,9
293,13,0,10
294,13,1,18
295,13,0,10
296,13,1,18
297,13,4,4
298,13,0,10
299,13,1,18
300,13,0,10
301,13,1,18
302,13,2,9
303,13,1,18
304,13,2,9
305,13,2,9
306,13,1,18
307,13,0,10
308,13,3,17
309,13,3,17
310,13,2,9
311,13,2,9
312,13,2,9
313,13,3,17
314,13,0,10
315,13,3,17
316,13,1,18
317,13,0,10
318,13,1,18
319,13,1,18
320,13,3,17
321,13,2,9
322,13,4,4
323,13,1,18
324,13,1,18
325,13,0,10
326,13,4,4
327,13,1,18
328,13,2,9
329,13,1,18
330,13,0,10
331,13,2,9
332,13,3,17
333,13,0,10
334,13,1,18
335,13,1,18
336,13,2,9
337,13,3,17
338,13,1,18
339,13,0,10
340,13,4,4
341,13,0,10
342,13,2,9
343,13,2,9
344,13,2,9
345,13,0,10
346,13,2,9
347,13,1,18
348,13,1,18
349,13,0,10
350,13,1,18
351,13,0,10
352,13,2,9
353,13,2,9
354,13,0,10
355,13,1,18
356,13,3,17
357,13,0,10
358,13,2,9
359,13,1,18
360,13,0,10
361,13,3,17
362,13,4,4
363,13,2,9
364,13,1,18
365,13,3,17
366,13,0,10
367,13,0,10
368,13,2,9
369,13,2,9
370,13,3,17
371,13,0,10
372,13,4,4
373,13,1,18
374,13,1,18
375,13,1,18
376,13,0,10
377,13,0,10
378,13,1,18
379,13,1,18
380,13,0,10
381,13,4,4
382,13,3,17
383,13,1,18
384,13,3,17
385,13,2,9
386,13,2,9
387,13,0,10
388,13,1,18
389,13,3,17
390,13,2,9
391,13,4,4
392,12,1,18
393,12,1,18
394,12,2,9
395,12,0,10
396,12,1,18
397,12,0,10
398,12,3,17
399,12,0,10
400,12,1,18
401,12,1,18
402,12,1,18
403,12,0,10
404,12,2,9
405,12,2,9
406,12,0,10
407,12,1,18
408,12,2,9
409,12,2,9
410,12,4,4
411,12,2,9
412,12,4,4
413,12,4,4
414,12,2,9
415,12,1,18
416,12,1,18
417,12,1,18
418,12,2,9
419,12,1,18
420,12,4,4
421,12,0,10
422,12,2,9
423,12,0,10
424,12,1,18
425,12,2,9
426,12,2,9
427,12,0,10
428,12,2,9
429,12,0,10
430,12,2,9
431,12,0,10
432,12,4,4
433,12,2,9
434,12,4,4
435,12,1,18
436,12,2,9
437,12,2,9
438,12,2,9
439,12,4,4
440,12,2,9
441,12,3,17
442,12,4,4
443,12,0,10
444,12,1,18
445,12,0,10
446,12,0,10
447,12,3,17
448,12,1,18
449,12,0,10
450,12,1,18
451,12,0,10
452,12,0,10
453,12,0,10
454,12,4,4
455,12,3,17
456,12,0,10
457,12,2,9
458,12,0,10
459,12,1,18
460,12,3,17
461,12,2,9
462,12,2,9
463,12,1,18
464,12,0,10
465,12,0,10
466,12,2,9
467,12,3,17
468,12,2,9
469,12,1,18
470,12,4,4
471,12,0,10
472,12,0,10
473,12,2,9
474,12,1,18
475,12,2,9
476,12,2,9
477,12,0,10
478,12,3,17
479,12,2,9
480,12,3,17
481,12,3,17
482,12,3,17
483,12,1,18
484,12,0,10
485,12,2,9
486,12,1,18
487,12,1,18
488,12,2,9
489,12,3,17
490,12,3,17
491,12,2,9
492,12,0,10
493,12,1,18
494,12,3,17
495,12,2,9
496,12,2,9
497,12,2,9
498,12,0,10
499,12,0,10
500,12,1,18
501,12,0,10
502,12,4,4
503,12,1,18
504,12,0,10
505,12,1,18
506,12,2,9
507,12,1,18
508,12,0,10
509,12,0,10
510,12,1,18
511,12,2,9
512,12,2,9
513,12,1,18
514,12,1,18
515,12,1,18
516,12,2,9
517,12,1,18
518,12,0,10
519,12,0,10
520,12,2,9
521,12,0,10
522,12,3,17
523,1,2,9
524,1,1,18
525,1,2,9
526,1,3,17
527,1,0,10
528,1,0,10
529,1,2,9
530,1,2,9
531,1,1,18
532,1,4,4
533,1,2,9
534,1,2,9
535,1,2,9
536,1,3,17
537,1,0,10
538,1,0,10
539,1,2,9
540,1,1,18
541,1,1,18
542,1,3,17
543,1,1,18
544,1,4,4
545,1,1,18
546,1,1,18
547,1,4,4
548,1,2,9
549,1,0,10
550,1,4,4
551,1,4,4
552,1,2,9
553,1,1,18
554,1,0,10
555,1,2,9
556,1,2,9
557,1,0,10
558,1,0,10
559,1,2,9
560,1,1,18
561,1,2,9
562,1,2,9
563,1,2,9
564,1,2,9
565,1,1,18
566,1,0,10
567,1,3,17
568,1,0,10
569,1,2,9
570,1,0,10
571,1,0,10
572,1,1,18
573,1,1,18
574,1,4,4
575,1,3,17
576,1,2,9
577,1,2,9
578,1,1,18
579,1,2,9
580,1,0,10
581,1,2,9
582,1,2,9
583,1,1,18
584,1,3,17
585,1,3,17
586,1,2,9
587,1,3,17
588,1,0,10
589,1,0,10
590,1,1,18
591,1,2,9
592,1,2,9
593,1,2,9
594,1,3,17
595,1,1,18
596,1,1,18
597,1,2,9
598,1,1,18
599,1,4,4
600,1,4,4
601,1,4,4
602,1,0,10
603,1,3,17
604,1,1,18
605,1,4,4
606,1,0,10
607,1,2,9
608,1,3,17
609,1,1,18
610,1,0,10
611,1,0,10
612,1,0,10
613,1,1,18
614,1,3,17
615,1,0,10
616,1,1,18
617,1,0,10
618,1,1,18
619,1,0,10
620,1,3,17
621,1,0,10
622,1,2,9
623,1,0,10
624,1,2,9
625,1,1,18
626,1,3,17
627,1,2,9
628,1,3,17
629,1,3,17
630,1,0,10
631,1,3,17
632,1,1,18
633,1,2,9
634,1,2,9
635,1,4,4
636,1,1,18
637,1,1,18
638,1,0,10
639,1,0,10
640,1,2,9
641,1,4,4
642,1,1,18
643,1,0,10
644,1,2,9
645,1,1,18
646,1,2,9
647,1,0,10
648,1,2,9
649,1,3,17
650,1,3,17
651,1,0,10
652,1,4,4
653,1,2,9
654,1,2,9
655,1,1,18
656,1,2,9
657,1,0,10
658,1,2,9
659,1,1,18
660,1,2,9
661,1,0,10
662,1,1,18
663,1,0,10
664,1,0,10
665,1,2,9
666,1,1,18
667,1,1,18
668,1,4,4
669,1,0,10
670,1,0,10
671,1,4,4
672,1,2,9
673,1,2,9
674,1,0,10
675,1,0,10
676,1,0,10
677,1,2,9
678,1,0,10
679,1,0,10
680,1,4,4
681,1,2,9
682,1,2,9
683,1,0,10
684,1,2,9
685,1,2,9
686,1,0,10
687,1,1,18
688,1,0,10
689,1,0,10
690,1,0,10
691,1,0,10
692,1,2,9
693,1,2,9
694,1,4,4
695,1,1,18
696,1,2,9
697,1,0,10
698,1,1,18
699,1,0,10
700,1,3,17
701,1,2,9
702,1,2,9
703,1,1,18
704,1,3,17
705,1,1,18
706,1,1,18
707,1,1,18
708,1,2,9
709,1,2,9
710,1,2,9
711,1,1,18
712,1,2,9
713,1,3,17
714,1,2,9
715,1,0,10
716,1,1,18
717,1,1,18
718,1,0,10
719,1,2,9
720,1,1,18
721,1,2,9
722,1,3,17
723,1,2,9
724,1,2,9
725,1,0,10
726,1,2,9
727,1,0,10
728,1,0,10
729,1,0,10
730,1,4,4
731,1,4,4
732,1,1,18
733,1,3,17
734,1,4,4
735,1,2,9
736,1,0,10
737,1,0,10
738,1,0,10
739,1,3,17
740,1,4,4
741,1,3,17
742,1,1,18
743,1,1,18
744,1,2,9
745,1,1,18
746,1,3,17
747,1,0,10
748,1,4,4
749,1,3,17
750,1,3,17
751,1,2,9
752,1,4,4
753,1,1,18
754,1,3,17
755,1,4,4
756,1,1,18
757,1,2,9
758,1,0,10
759,1,2,9
760,1,1,18
761,1,3,17
762,1,2,9
763,3,2,9
764,3,2,9
765,3,1,18
766,3,0,10
767,3,0,10
768,3,2,9
769,3,2,9
770,3,2,9
771,3,2,9
772,3,2,9
773,3,0,10
774,3,2,9
775,3,2,9
776,3,2,9
777,3,3,17
778,3,0,10
779,3,3,17
780,3,3,17
781,3,0,10
782,3,1,18
783,3,4,4
784,3,2,9
785,3,2,9
786,3,3,17
787,3,3,17
788,3,0,10
789,3,0,10
790,3,1,18
791,3,1,18
792,3,0,10
793,3,4,4
794,3,2,9
795,3,0,10
796,3,2,9
797,3,2,9
798,3,1,18
799,3,4,4
800,3,0,10
801,3,2,9
802,3,2,9
803,3,1,18
804,3,3,17
805,3,2,9
806,3,4,4
807,3,0,10
808,3,4,4
809,3,0,10
810,3,3,17
811,3,2,9
812,3,2,9
813,3,4,4
814,3,0,10
815,3,1,18
816,3,0,10
817,3,1,18
818,3,0,10
819,3,2,9
820,3,2,9
821,3,0,10
822,3,3,17
823,3,0,10
824,3,0,10
825,3,3,17
826,3,1,18
827,3,1,18
828,3,2,9
829,3,3,17
830,3,1,18
831,3,3,17
832,3,1,18
833,3,1,18
834,3,0,10
835,3,2,9
836,3,0,10
837,3,3,17
838,3,1,18
839,3,1,18
840,3,2,9
841,3,3,17
842,3,0,10
843,3,3,17
844,3,0,10
845,3,2,9
846,3,2,9
847,11,2,9
848,11,0,10
849,11,2,9
850,11,1,18
851,11,1,18
852,11,1,18
853,11,1,18
854,11,2,9
855,11,2,9
856,11,0,10
857,11,0,10
858,11,0,10
859,11,2,9
860,11,1,18
861,11,2,9
862,11,2,9
863,11,2,9
864,11,2,9
865,11,0,10
866,11,2,9
867,11,3,17
868,11,0,10
869,11,4,4
870,11,0,10
871,11,1,18
872,11,3,17
873,11,2,9
874,11,2,9
875,11,0,10
876,11,2,9
877,11,0,10
878,11,1,18
879,11,2,9
880,11,0,10
881,11,2,9
882,11,2,9
883,11,0,10
884,11,0,10
885,11,2,9
886,11,1,18
887,11,3,17
888,11,3,17
889,11,2,9
890,11,3,17
891,11,0,10
892,11,1,18
893,11,3,17
894,11,0,10
895,11,3,17
896,11,0,10
897,11,1,18
898,11,1,18
899,11,2,9
900,11,3,17
901,11,2,9
902,11,2,9
903,11,1,18
904,11,4,4
905,11,4,4
906,11,2,9
907,11,0,10
908,11,2,9
909,11,2,9
910,11,0,10
911,11,2,9
912,11,0,10
913,11,3,17
914,11,2,9
915,11,4,4
916,11,0,10
917,11,0,10
918,11,0,10
919,11,1,18
920,11,0,10
921,11,0,10
922,11,2,9
923,11,4,4
924,11,0,10
925,11,1,18
926,11,1,18
927,11,0,10
928,11,1,18
929,11,0,10
930,11,3,17
931,11,1,18
932,11,2,9
933,11,1,18
934,11,1,18
935,11,0,10
936,11,0,10
937,11,4,4
938,11,4,4
939,11,3,17
940,11,4,4
941,11,2,9
942,11,3,17
943,11,2,9
944,11,2,9
945,11,2,9
946,11,0,10
947,11,0,10
948,11,1,18
949,11,0,10
950,11,4,4
951,11,0,10
952,11,0,10
953,11,1,18
954,11,0,10
955,11,1,18
956,11,2,9
957,11,1,18
958,11,3,17
959,11,2,9
960,11,0,10
961,11,2,9
962,11,2,9
963,11,1,18
964,11,0,10
965,11,0,10
966,11,4,4
967,11,1,18
968,11,2,9
969,11,2,9
970,11,0,10
971,11,3,17
972,11,2,9
973,11,2,9
974,11,0,10
975,11,0,10
976,11,0,10
977,11,0,10
978,11,2,9
979,11,2,9
980,11,3,17
981,11,4,4
982,11,2,9
983,11,4,4
984,11,2,9
985,11,0,10
986,11,2,9
987,11,1,18
988,11,0,10
989,11,0,10
990,11,2,9
991,11,2,9
992,11,1,18
993,11,4,4
994,11,1,18
995,11,0,10
996,11,0,10
997,11,0,10
998,11,0,10
999,11,3,17
1000,11,0,10
1001,11,2,9
1002,11,1,18
1003,11,2,9
1004,11,2,9
1005,11,2,9
1006,11,1,18
1007,11,4,4
1008,11,0,10
1009,11,3,17
1010,11,3,17
1011,11,1,18
1012,11,2,9
1013,11,0,10
1014,11,2,9
1015,11,2,9
1016,11,1,18
1017,11,0,10
1018,11,3,17
1019,11,2,9
1020,11,1,18
1021,11,3,17
1022,11,2,9
1023,11,2,9
1024,11,1,18
1025,11,4,4
1026,11,2,9
1027,11,2,9
1028,11,4,4
1029,11,2,9
1030,11,0,10
1031,11,2,9
1032,11,3,17
1033,11,0,10
1034,11,0,10
1035,11,0,10
1036,11,2,9
1037,11,0,10
1038,11,3,17
1039,11,1,18
1040,11,4,4
1041,11,0,10
1042,11,0,10
1043,11,1,18
1044,11,0,10
1045,11,1,18
1046,11,3,17
1047,11,3,17
1048,11,2,9
1049,11,2,9
1050,11,4,4
1051,11,0,10
1052,11,0,10
1053,11,0,10
1054,11,3,17
1055,11,0,10
1056,11,2,9
1057,11,2,9
1058,11,0,10
1059,11,2,9
1060,11,2,9
1061,11,4,4
1062,11,0,10
1063,11,2,9
1064,11,0,10
1065,11,4,4
1066,11,4,4
1067,11,2,9
1068,11,0,10
1069,11,0,10
1070,11,1,18
1071,4,1,18
1072,4,2,9
1073,4,4,4
1074,4,0,10
1075,4,0,10
1076,4,3,17
1077,4,1,18
1078,4,0,10
1079,4,1,18
1080,4,1,18
1081,4,4,4
1082,4,0,10
1083,4,0,10
1084,4,2,9
1085,4,2,9
1086,4,2,9
1087,4,4,4
1088,4,1,18
1089,4,4,4
1090,4,0,10
1091,4,1,18
1092,4,1,18
1093,4,3,17
1094,4,2,9
1095,4,0,10
1096,4,2,9
1097,4,3,17
1098,4,0,10
1099,4,1,18
1100,4,2,9
1101,4,2,9
1102,4,0,10
1103,4,4,4
1104,4,0,10
1105,4,2,9
1106,4,4,4
1107,4,3,17
1108,4,1,18
1109,4,3,17
1110,4,0,10
1111,4,2,9
1112,4,0,10
1113,4,3,17
1114,4,4,4
1115,4,3,17
1116,4,2,9
1117,4,3,17
1118,4,0,10
1119,4,2,9
1120,4,0,10
1121,4,2,9
1122,4,1,18
1123,4,3,17
1124,4,2,9
1125,4,2,9
1126,4,1,18
1127,4,1,18
1128,4,2,9
1129,4,4,4
1130,4,2,9
1131,4,2,9
1132,4,1,18
1133,4,4,4
1134,4,0,10
1135,4,0,10
1136,4,0,10
1137,4,1,18
1138,4,3,17
1139,4,0,10
1140,4,3,17
1141,4,1,18
1142,4,1,18
1143,4,2,9
1144,4,2,9
1145,4,0,10
1146,4,4,4
1147,4,0,10
1148,4,2,9
1149,4,0,10
1150,4,3,17
1151,4,2,9
1152,4,0,10
1153,4,4,4
1154,4,0,10
1155,4,2,9
1156,4,3,17
1157,4,0,10
1158,4,2,9
1159,4,2,9
1160,4,3,17
1161,4,1,18
1162,4,0,10
1163,4,4,4
1164,4,1,18
1165,4,0,10
1166,4,1,18
1167,4,1,18
1168,4,1,18
1169,4,4,4
1170,4,2,9
1171,4,2,9
1172,4,3,17
1173,4,0,10
1174,4,1,18
1175,4,2,9
1176,4,0,10
1177,4,0,10
1178,4,1,18
1179,4,3,17
1180,4,0,10
1181,4,0,10
1182,4,0,10
1183,4,1,18
1184,4,1,18
1185,4,4,4
1186,4,3,17
1187,4,4,4
1188,4,1,18
1189,4,3,17
1190,4,0,10
1191,4,0,10
1192,4,0,10
1193,4,0,10
1194,4,0,10
1195,4,3,17
1196,4,3,17
1197,4,2,9
1198,4,4,4
1199,4,2,9
1200,4,0,10
1201,4,2,9
1202,4,1,18
1203,4,4,4
1204,4,0,10
1205,4,1,18
1206,4,4,4
1207,4,1,18
1208,4,4,4
1209,4,3,17
1210,4,3,17
1211,4,0,10
1212,4,0,10
1213,4,1,18
1214,4,1,18
1215,4,1,18
1216,4,3,17
1217,4,2,9
1218,4,1,18
1219,4,1,18
1220,4,0,10
1221,4,3,17
1222,4,2,9
1223,4,2,9
1224,4,1,18
1225,4,1,18
1226,4,3,17
1227,4,2,9
1228,4,2,9
1229,4,4,4
1230,4,0,10
1231,4,4,4
1232,4,0,10
1233,4,1,18
1234,4,4,4
1235,4,2,9
1236,4,2,9
1237,4,0,10
1238,4,0,10
1239,4,0,10
1240,4,2,9
1241,4,0,10
1242,4,0,10
1243,4,0,10
1244,4,2,9
1245,4,3,17
1246,4,0,10
1247,4,1,18
1248,4,1,18
1249,4,1,18
1250,4,2,9
1251,4,0,10
1252,4,1,18
1253,4,0,10
1254,4,2,9
1255,4,0,10
1256,4,0,10
1257,4,1,18
1258,4,4,4
1259,4,3,17
1260,4,2,9
1261,4,2,9
1262,4,2,9
1263,4,1,18
1264,4,3,17
1265,4,2,9
1266,4,1,18
1267,4,0,10
1268,4,4,4
1269,4,2,9
1270,4,1,18
1271,4,1,18
1272,4,2,9
1273,4,2,9
1274,4,1,18
1275,4,1,18
1276,4,0,10
1277,4,1,18
1278,4,0,10
1279,4,2,9
1280,4,3,17
1281,4,1,18
1282,4,0,10
1283,4,0,10
1284,4,1,18
1285,4,3,17
1286,4,0,10
1287,4,4,4
1288,4,1,18
1289,4,2,9
1290,4,0,10
1291,4,2,9
1292,4,0,10
1293,4,3,17
1294,4,1,18
1295,4,2,9
1296,4,1,18
1297,4,4,4
1298,4,1,18
1299,4,3,17
1300,4,1,18
1301,4,2,9
1302,4,4,4
1303,4,2,9
1304,4,1,18
1305,4,1,18
1306,4,1,18
1307,4,4,4
1308,4,1,18
1309,4,2,9
1310,4,3,17
1311,4,0,10
1312,4,1,18
1313,4,0,10
1314,4,1,18
1315,4,1,18
1316,4,1,18
1317,4,3,17
1318,4,0,10
1319,4,1,18
1320,4,3,17
1321,4,3,17
1322,4,2,9
1323,4,0,10
1324,4,2,9
1325,4,1,18
1326,4,0,10
1327,4,2,9
1328,4,1,18
1329,4,3,17
1330,4,2,9
1331,4,1,18
1332,4,3,17
1333,4,1,18
1334,4,1,18
1335,4,2,9
1336,4,0,10
1337,4,2,9
1338,4,1,18
1339,4,3,17
1340,4,2,9
1341,4,3,17
1342,4,1,18
1343,4,1,18
1344,4,4,4
1345,4,0,10
1346,4,3,17
1347,4,1,18
1348,4,2,9
1349,4,4,4
1350,4,1,18
1351,4,3,17
1352,4,1,18
1353,4,2,9
1354,4,4,4
1355,4,1,18
1356,4,0,10
1357,4,2,9
1358,4,3,17
1359,4,3,17
1360,4,1,18
1361,4,0,10
1362,4,0,10
1363,4,3,17
1364,4,2,9
1365,4,1,18
1366,4,2,9
1367,4,0,10
1368,4,4,4
1369,4,0,10
1370,4,2,9
1371,4,4,4
1372,4,2,9
1373,4,2,9
1374,4,2,9
1375,4,2,9
1376,4,1,18
1377,4,1,18
1378,4,0,10
1379,4,0,10
1380,4,1,18
1381,4,3,17
1382,4,1,18
1383,4,0,10
1384,4,3,17
1385,4,0,10
1386,4,1,18
1387,4,3,17
1388,4,0,10
1389,4,3,17
1390,4,2,9
1391,4,3,17
1392,4,0,10
1393,4,0,10
1394,4,2,9
1395,4,0,10
1396,4,4,4
1397,4,0,10
1398,4,1,18
1399,4,1,18
1400,4,1,18
1401,4,0,10
1402,4,0,10
1403,4,4,4
1404,4,0,10
1405,4,2,9
1406,4,0,10
1407,4,2,9
1408,4,2,9
1409,4,2,9
1410,4,3,17
1411,4,1,18
1412,4,2,9
1413,4,2,9
1414,4,0,10
1415,4,3,17
1416,4,0,10
1417,4,1,18
1418,4,0,10
1419,4,2,9
1420,4,4,4
1421,4,3,17
1422,4,4,4
1423,4,0,10
1424,4,2,9
1425,4,0,10
1426,4,2,9
1427,4,0,10
1428,4,1,18
1429,4,3,17
1430,4,3,17
1431,4,1,18
1432,4,0,10
1433,4,2,9
1434,4,3,17
1435,4,1,18
1436,4,1,18
1437,4,1,18
1438,4,3,17
1439,4,1,18
1440,4,4,4
1441,4,2,9
1442,4,0,10
1443,4,0,10
1444,4,2,9
1445,4,2,9
1446,4,1,18
1447,4,1,18
1448,4,2,9
1449,4,1,18
1450,4,2,9
1451,4,1,18
1452,4,1,18
1453,4,1,18
1454,4,2,9
1455,4,0,10
1456,4,0,10
1457,4,2,9
1458,4,2,9
1459,4,3,17
1460,4,1,18
1461,4,3,17
1462,4,2,9
1463,4,1,18
1464,4,3,17
1465,4,3,17
1466,4,1,18
1467,4,3,17
1468,4,0,10
1469,4,3,17
1470,4,1,18
1471,4,2,9
1472,4,1,18
1473,4,1,18
1474,4,2,9
1475,4,0,10
1476,4,3,17
1477,4,1,18
1478,4,2,9
1479,4,3,17
1480,4,4,4
1481,4,3,17
1482,4,2,9
1483,4,2,9
1484,4,2,9
1485,4,0,10
1486,4,0,10
1487,4,3,17
1488,4,3,17
1489,4,2,9
1490,4,1,18
1491,4,1,18
1492,4,0,10
1493,4,2,9
1494,4,2,9
1495,4,0,10
1496,4,2,9
1497,4,3,17
1498,4,2,9
1499,4,4,4
1500,4,0,10
1501,4,3,17
1502,4,1,18
1503,4,1,18
1504,4,1,18
1505,4,2,9
1506,4,3,17
1507,4,0,10
1508,4,2,9
1509,4,2,9
1510,4,0,10
1511,4,1,18
1512,4,1,18
1513,4,1,18
1514,4,3,17
1515,4,0,10
1516,4,2,9
1517,4,3,17
1518,4,2,9
1519,4,3,17
1520,4,0,10
1521,4,1,18
1522,4,1,18
1523,4,1,18
1524,4,1,18
1525,4,1,18
1526,4,2,9
1527,4,2,9
1528,4,3,17
1529,4,3,17
1530,4,4,4
1531,4,2,9
1532,4,2,9
1533,4,0,10
1534,4,3,17
1535,4,4,4
1536,4,1,18
1537,4,0,10
1538,4,2,9
1539,4,3,17
1540,4,0,10
1541,4,0,10
1542,4,0,10
1543,4,2,9
1544,4,0,10
1545,4,1,18
1546,4,0,10
1547,4,2,9
1548,4,1,18
1549,4,2,9
1550,4,1,18
1551,4,1,18
1552,4,2,9
1553,4,4,4
1554,4,0,10
1555,4,0,10
1556,4,4,4
1557,4,0,10
1558,4,2,9
1559,4,1,18
1560,4,1,18
1561,4,0,10
1562,4,2,9
1563,4,2,9
1564,4,4,4
1565,4,0,10
1566,4,1,18
1567,4,0,10
1568,4,1,18
1569,4,2,9
1570,4,1,18
1571,4,0,10
1572,4,0,10
1573,4,2,9
1574,4,0,10
1575,4,1,18
1576,4,2,9
1577,4,1,18
1578,4,0,10
1579,4,1,18
1580,4,0,10
1581,4,1,18
1582,4,0,10
1583,4,2,9
1584,4,3,17
1585,4,4,4
1586,4,1,18
1587,4,2,9
1588,4,1,18
1589,4,0,10
1590,4,0,10
1591,4,4,4
1592,4,0,10
1593,4,0,10
1594,4,4,4
1595,4,2,9
1596,4,0,10
1597,4,1,18
1598,4,0,10
1599,4,1,18
1600,4,2,9
1601,4,3,17
1602,4,2,9
1603,4,2,9
1604,4,3,17
1605,4,1,18
1606,4,3,17
1607,4,2,9
1608,4,1,18
1609,4,1,18
1610,4,2,9
1611,4,0,10
1612,4,2,9
1613,4,0,10
1614,4,3,17
1615,4,1,18
1616,4,2,9
1617,4,4,4
1618,4,1,18
1619,4,2,9
1620,4,1,18
1621,4,3,17
1622,4,0,10
1623,4,3,17
1624,4,3,17
1625,4,1,18
1626,4,2,9
1627,4,0,10
1628,4,2,9
1629,4,1,18
1630,4,3,17
1631,4,2,9
1632,4,0,10
1633,4,4,4
1634,4,1,18
1635,4,0,10
1636,4,3,17
1637,4,1,18
1638,4,2,9
1639,4,4,4
1640,4,4,4
1641,4,3,17
1642,4,3,17
1643,4,0,10
1644,4,2,9
1645,4,2,9
1646,4,1,18
1647,4,1,18
1648,4,2,9
1649,4,1,18
1650,4,1,18
1651,4,4,4
1652,4,0,10
1653,4,3,17
1654,4,0,10
1655,4,4,4
1656,4,0,10
1657,4,3,17
1658,4,2,9
1659,4,2,9
1660,4,2,9
1661,4,1,18
1662,4,1,18
1663,4,3,17
1664,4,2,9
1665,4,2,9
1666,4,1,18
1667,4,0,10
1668,4,2,9
1669,4,2,9
1670,4,1,18
1671,4,4,4
1672,4,1,18
1673,4,1,18
1674,4,1,18
1675,4,1,18
1676,4,3,17
1677,4,1,18
1678,4,1,18
1679,4,4,4
1680,4,1,18
1681,4,2,9
1682,4,3,17
1683,4,0,10
1684,4,2,9
1685,4,0,10
1686,4,1,18
1687,4,4,4
1688,4,0,10
1689,4,3,17
1690,4,0,10
1691,4,3,17
1692,4,0,10
1693,4,0,10
1694,4,0,10
1695,4,2,9
1696,4,0,10
1697,4,0,10
1698,14,0,10
1699,14,1,18
1700,14,0,10
1701,14,1,18
1702,14,2,9
1703,14,0,10
1704,14,3,17
1705,14,2,9
1706,14,2,9
1707,14,0,10
1708,14,3,17
1709,14,1,18
1710,14,3,17
1711,14,1,18
1712,14,1,18
1713,14,1,18
1714,14,1,18
1715,14,1,18
1716,14,3,17
1717,14,0,10
1718,14,2,9
1719,14,2,9
1720,14,2,9
1721,14,1,18
1722,14,1,18
1723,14,1,18
1724,14,1,18
1725,14,1,18
1726,14,4,4
1727,14,2,9
1728,14,0,10
1729,14,0,10
1730,14,2,9
1731,14,3,17
1732,14,0,10
1733,14,0,10
1734,14,1,18
1735,14,3,17
1736,14,1,18
1737,14,0,10
1738,14,4,4
1739,14,1,18
1740,14,1,18
1741,14,1,18
1742,14,3,17
1743,14,0,10
1744,14,4,4
1745,14,2,9
1746,14,1,18
1747,14,0,10
1748,14,3,17
1749,14,1,18
1750,14,1,18
1751,14,1,18
1752,14,0,10
1753,14,1,18
1754,14,3,17
1755,14,4,4
1756,14,2,9
1757,14,4,4
1758,14,3,17
1759,14,1,18
1760,14,0,10
1761,14,3,17
1762,14,1,18
1763,14,3,17
1764,14,2,9
1765,14,2,9
1766,14,4,4
1767,14,0,10
1768,14,3,17
1769,14,2,9
1770,14,1,18
1771,14,2,9
1772,14,1,18
1773,14,3,17
1774,14,2,9
1775,14,1,18
1776,14,4,4
1777,14,0,10
1778,14,0,10
1779,14,1,18
1780,14,1,18
1781,14,2,9
1782,14,2,9
1783,14,0,10
1784,14,0,10
1785,14,2,9
1786,14,1,18
1787,14,4,4
1788,14,0,10
1789,14,0,10
1790,14,2,9
1791,14,0,10
1792,14,0,10
1793,14,2,9
1794,14,2,9
1795,14,0,10
1796,14,1,18
1797,14,1,18
1798,14,1,18
1799,14,4,4
1800,14,1,18
1801,14,0,10
1802,14,1,18
1803,14,0,10
1804,14,2,9
1805,14,1,18
1806,14,2,9
1807,14,0,10
1808,14,2,9
1809,14,2,9
1810,14,3,17
1811,14,2,9
1812,14,3,17
1813,14,3,17
1814,14,0,10
1815,14,1,18
1816,14,0,10
1817,14,2,9
1818,14,0,10
1819,14,0,10
1820,14,4,4
1821,14,0,10
1822,14,2,9
1823,14,2,9
1824,14,0,10
1825,14,2,9
1826,14,2,9
1827,14,2,9
1828,14,1,18
1829,14,0,10
1830,14,3,17
1831,14,0,10
1832,14,2,9
1833,14,1,18
1834,14,4,4
1835,14,2,9
1836,14,0,10
1837,14,0,10
1838,14,0,10
1839,14,4,4
1840,14,3,17
1841,14,1,18
1842,14,2,9
1843,14,1,18
1844,14,0,10
1845,14,1,18
1846,14,0,10
1847,14,4,4
1848,14,3,17
1849,14,1,18
1850,14,2,9
1851,14,1,18
1852,14,1,18
1853,14,2,9
1854,14,2,9
1855,14,0,10
1856,14,2,9
1857,14,2,9
1858,14,1,18
1859,14,3,17
1860,14,2,9
1861,14,2,9
1862,14,1,18
1863,14,3,17
1864,14,3,17
1865,14,0,10
1866,14,0,10
1867,14,3,17
1868,14,0,10
1869,14,2,9
1870,14,0,10
1871,14,0,10
1872,14,3,17
1873,14,2,9
1874,14,3,17
1875,14,1,18
1876,14,1,18
1877,14,2,9
1878,14,0,10
1879,14,3,17
1880,14,1,18
1881,14,0,10
1882,14,1,18
1883,14,1,18
1884,14,0,10
1885,14,3,17
1886,14,0,10
1887,14,0,10
1888,14,3,17
1889,14,1,18
1890,14,1,18
1891,14,0,10
1892,14,0,10
1893,14,1,18
1894,14,2,9
1895,14,2,9
1896,14,3,17
1897,14,2,9
1898,14,1,18
1899,14,1,18
1900,14,0,10
1901,14,1,18
1902,14,1,18
1903,14,1,18
1904,14,2,9
1905,14,1,18
1906,14,3,17
1907,14,3,17
1908,14,0,10
1909,14,0,10
1910,14,0,10
1911,14,0,10
1912,14,2,9
1913,14,2,9
1914,14,1,18
1915,14,1,18
1916,14,0,10
1917,14,1,18
1918,14,1,18
1919,14,3,17
1920,14,1,18
1921,14,4,4
1922,14,1,18
1923,14,0,10
1924,14,2,9
1925,14,2,9
1926,14,0,10
1927,14,2,9
1928,14,0,10
1929,14,3,17
1930,14,2,9
1931,14,2,9
1932,14,0,10
1933,14,2,9
1934,14,3,17
1935,14,1,18
1936,14,2,9
1937,14,0,10
1938,14,1,18
1939,14,4,4
1940,14,0,10
1941,14,2,9
1942,14,1,18
1943,14,1,18
1944,14,1,18
1945,14,3,17
1946,14,0,10
1947,14,0,10
1948,14,0,10
1949,14,3,17
1950,14,0,10
1951,14,1,18
1952,14,0,10
1953,14,1,18
1954,14,0,10
1955,14,1,18
1956,14,4,4
1957,14,4,4
1958,14,0,10
1959,14,1,18
1960,14,1,18
1961,14,0,10
1962,14,1,18
1963,14,2,9
1964,14,1,18
1965,14,2,9
1966,14,0,10
1967,14,0,10
1968,14,1,18
1969,14,2,9
1970,14,2,9
1971,14,2,9
1972,14,1,18
1973,14,3,17
1974,14,1,18
1975,14,4,4
1976,14,4,4
1977,14,2,9
1978,14,2,9
1979,14,3,17
1980,14,1,18
1981,14,3,17
1982,14,2,9
1983,14,0,10
1984,14,1,18
1985,14,2,9
1986,14,0,10
1987,14,2,9
1988,14,4,4
1989,14,2,9
1990,14,0,10
1991,14,1,18
1992,14,4,4
1993,14,3,17
1994,14,2,9
1995,14,0,10
1996,14,0,10
1997,14,0,10
1998,14,1,18
1999,14,3,17
2000,14,0,10
2001,14,2,9
2002,14,4,4
2003,14,2,9
2004,14,4,4
2005,14,0,10
2006,14,1,18
2007,14,2,9
2008,14,1,18
2009,14,3,17
2010,14,0,10
2011,14,3,17
2012,14,2,9
2013,14,1,18
2014,14,2,9
2015,14,1,18
2016,14,1,18
2017,14,2,9
2018,14,2,9
2019,14,3,17
2020,14,3,17
2021,14,2,9
2022,14,0,10
2023,14,2,9
2024,14,2,9
2025,14,0,10
2026,14,0,10
2027,14,2,9
2028,19,4,4
2029,19,3,17
2030,19,1,18
2031,19,0,10
2032,19,2,9
2033,19,0,10
2034,19,2,9
2035,19,4,4
2036,19,1,18
2037,19,4,4
2038,19,3,17
2039,19,0,10
2040,19,0,10
2041,19,1,18
2042,19,1,18
2043,19,4,4
2044,19,1,18
2045,19,4,4
2046,19,2,9
2047,19,0,10
2048,19,1,18
2049,19,3,17
2050,19,0,10
2051,19,1,18
2052,19,4,4
2053,19,2,9
2054,19,2,9
2055,19,0,10
2056,19,2,9
2057,19,2,9
2058,19,1,18
2059,19,2,9
2060,19,3,17
2061,19,0,10
2062,19,2,9
2063,19,0,10
2064,19,1,18
2065,19,2,9
2066,19,3,17
2067,19,0,10
2068,19,3,17
2069,19,3,17
2070,19,1,18
2071,19,1,18
2072,19,1,18
2073,19,1,18
2074,19,2,9
2075,19,0,10
2076,19,1,18
2077,19,3,17
2078,19,1,18
2079,19,0,10
2080,19,1,18
2081,19,1,18
2082,19,2,9
2083,19,0,10
2084,19,0,10
2085,19,2,9
2086,19,3,17
2087,19,2,9
2088,19,2,9
2089,19,3,17
2090,19,3,17
2091,19,3,17
2092,19,1,18
2093,19,1,18
2094,19,3,17
2095,19,1,18
2096,19,2,9
2097,19,0,10
2098,19,0,10
2099,19,0,10
2100,19,0,10
2101,19,1,18
2102,19,1,18
2103,19,1,18
2104,19,4,4
2105,19,0,10
2106,19,2,9
2107,19,0,10
2108,19,2,9
2109,19,1,18
2110,19,1,18
2111,19,0,10
2112,19,2,9
2113,19,1,18
2114,19,2,9
2115,19,0,10
2116,19,1,18
2117,19,3,17
2118,19,3,17
2119,19,2,9
2120,19,1,18
2121,19,3,17
2122,19,2,9
2123,19,2,9
2124,19,0,10
2125,19,0,10
2126,19,3,17
2127,19,2,9
2128,19,0,10
2129,19,4,4
2130,19,2,9
2131,19,1,18
2132,19,0,10
2133,19,1,18
2134,19,1,18
2135,19,2,9
2136,19,0,10
2137,19,0,10
2138,19,0,10
2139,19,1,18
2140,19,1,18
2141,19,2,9
2142,19,0,10
2143,19,3,17
2144,19,4,4
2145,19,4,4
2146,19,0,10
2147,19,3,17
2148,19,3,17
2149,19,1,18
2150,19,0,10
2151,19,2,9
2152,19,4,4
2153,19,3,17
2154,19,0,10
2155,19,0,10
2156,19,2,9
2157,19,2,9
2158,19,0,10
2159,19,1,18
2160,19,2,9
2161,19,0,10
2162,19,0,10
2163,19,0,10
2164,19,1,18
2165,19,1,18
2166,19,1,18
2167,19,1,18
2168,19,1,18
2169,19,2,9
2170,19,1,18
2171,19,3,17
2172,19,1,18
2173,19,1,18
2174,19,3,17
2175,19,2,9
2176,19,0,10
2177,19,0,10
2178,19,0,10
2179,19,0,10
2180,19,0,10
2181,19,0,10
2182,19,4,4
2183,19,0,10
2184,19,0,10
2185,19,0,10
2186,19,4,4
2187,19,4,4
2188,19,4,4
2189,19,0,10
2190,19,1,18
2191,19,0,10
2192,19,1,18
2193,19,0,10
2194,19,1,18
2195,19,1,18
2196,19,0,10
2197,19,0,10
2198,19,4,4
2199,19,2,9
2200,2,0,10
2201,2,0,10
2202,2,0,10
2203,2,0,10
2204,2,2,9
2205,2,1,18
2206,2,3,17
2207,2,0,10
2208,2,0,10
2209,2,4,4
2210,2,3,17
2211,2,3,17
2212,2,1,18
2213,2,3,17
2214,2,4,4
2215,2,2,9
2216,2,1,18
2217,2,0,10
2218,2,0,10
2219,2,0,10
2220,2,1,18
2221,2,2,9
2222,2,1,18
2223,2,3,17
2224,2,1,18
2225,2,0,10
2226,2,1,18
2227,2,3,17
2228,2,2,9
2229,2,4,4
2230,2,1,18
2231,2,1,18
2232,2,1,18
2233,2,0,10
2234,2,4,4
2235,2,0,10
2236,2,0,10
2237,2,2,9
2238,2,3,17
2239,2,3,17
2240,2,2,9
2241,2,2,9
2242,2,0,10
2243,2,0,10
2244,2,3,17
2245,2,4,4
2246,2,0,10
2247,2,4,4
2248,2,2,9
2249,2,1,18
2250,2,2,9
2251,2,1,18
2252,2,0,10
2253,2,2,9
2254,2,2,9
2255,2,1,18
2256,2,2,9
2257,2,1,18
2258,2,3,17
2259,2,2,9
2260,2,0,10
2261,2,3,17
2262,2,1,18
2263,2,0,10
2264,2,2,9
2265,2,2,9
2266,2,4,4
2267,2,0,10
2268,2,1,18
2269,2,1,18
2270,2,1,18
2271,2,4,4
2272,2,4,4
2273,2,2,9
2274,2,1,18
2275,2,1,18
2276,2,1,18
2277,2,0,10
2278,2,1,18
2279,2,3,17
2280,2,2,9
2281,2,0,10
2282,2,3,17
2283,2,3,17
2284,2,2,9
2285,2,0,10
2286,2,0,10
2287,2,4,4
2288,2,0,10
2289,2,1,18
2290,2,2,9
2291,2,2,9
2292,2,1,18
2293,2,1,18
2294,2,0,10
2295,2,0,10
2296,2,1,18
2297,2,3,17
2298,2,3,17
2299,2,1,18
2300,2,4,4
2301,2,0,10
2302,2,1,18
2303,2,3,17
2304,2,0,10
2305,2,2,9
2306,2,0,10
2307,2,2,9
2308,2,4,4
2309,2,1,18
2310,2,0,10
2311,2,3,17
2312,2,4,4
2313,2,1,18
2314,2,1,18
2315,2,0,10
2316,2,1,18
2317,2,0,10
2318,2,1,18
2319,2,0,10
2320,2,0,10
2321,2,2,9
2322,2,4,4
2323,2,2,9
2324,2,3,17
2325,2,3,17
2326,2,1,18
2327,2,4,4
2328,2,1,18
2329,2,3,17
2330,2,1,18
2331,2,3,17
2332,2,2,9
2333,2,1,18
2334,2,2,9
2335,2,0,10
2336,2,2,9
2337,2,2,9
2338,2,0,10
2339,2,4,4
2340,2,4,4
2341,2,0,10
2342,2,1,18
2343,2,2,9
2344,2,3,17
2345,2,0,10
2346,2,1,18
2347,2,2,9
2348,2,2,9
2349,2,2,9
2350,2,1,18
2351,2,1,18
2352,2,1,18
2353,2,4,4
2354,2,2,9
2355,2,1,18
2356,2,1,18
2357,2,2,9
2358,2,2,9
2359,2,0,10
2360,2,2,9
2361,2,0,10
2362,2,1,18
2363,2,0,10
2364,2,0,10
2365,2,4,4
2366,2,0,10
2367,2,2,9
2368,2,0,10
2369,2,2,9
2370,2,4,4
2371,2,1,18
2372,2,1,18
2373,2,0,10
2374,2,4,4
2375,2,2,9
2376,2,1,18
2377,2,1,18
2378,2,2,9
2379,2,0,10
2380,2,3,17
2381,2,1,18
2382,2,1,18
2383,2,2,9
2384,2,0,10
2385,2,1,18
2386,2,4,4
2387,2,1,18
2388,2,0,10
2389,2,0,10
2390,2,2,9
2391,2,2,9
2392,2,1,18
2393,2,1,18
2394,2,0,10
2395,2,3,17
2396,2,2,9
2397,2,3,17
2398,2,1,18
2399,2,0,10
2400,2,1,18
2401,2,4,4
2402,2,0,10
2403,2,0,10
2404,2,4,4
2405,2,4,4
2406,2,2,9
2407,2,3,17
2408,2,2,9
2409,2,1,18
2410,2,4,4
2411,2,2,9
2412,2,3,17
2413,2,4,4
2414,2,1,18
2415,2,2,9
2416,2,2,9
2417,2,1,18
2418,2,4,4
2419,2,1,18
2420,2,3,17
2421,2,4,4
2422,2,0,10
2423,2,0,10
2424,2,0,10
2425,2,0,10
2426,2,2,9
2427,2,2,9
2428,2,0,10
2429,2,0,10
2430,2,0,10
2431,2,0,10
2432,2,1,18
2433,2,4,4
2434,2,4,4
2435,2,1,18
2436,2,0,10
2437,2,2,9
2438,2,2,9
2439,2,1,18
2440,2,1,18
2441,2,0,10
2442,2,3,17
2443,2,4,4
2444,2,1,18
2445,2,3,17
2446,2,2,9
2447,2,3,17
2448,2,3,17
2449,2,4,4
2450,2,0,10
2451,2,1,18
2452,2,0,10
2453,2,1,18
2454,2,0,10
2455,2,2,9
2456,2,2,9
2457,2,0,10
2458,2,0,10
2459,2,4,4
2460,2,0,10
2461,2,0,10
2462,2,2,9
2463,2,2,9
2464,2,1,18
2465,2,4,4
2466,2,1,18
2467,2,0,10
2468,2,1,18
2469,2,0,10
2470,2,3,17
2471,2,0,10
2472,2,0,10
2473,2,2,9
2474,2,4,4
2475,2,3,17
2476,2,2,9
2477,2,4,4
2478,2,0,10
2479,2,4,4
2480,2,4,4
2481,2,2,9
2482,2,2,9
2483,2,2,9
2484,2,0,10
2485,2,2,9
2486,2,2,9
2487,2,1,18
2488,2,0,10
2489,2,1,18
2490,2,2,9
2491,2,4,4
2492,2,2,9
2493,2,1,18
2494,2,2,9
2495,2,0,10
2496,2,2,9
2497,2,2,9
2498,2,1,18
2499,2,0,10
2500,2,0,10
2501,2,3,17
2502,2,1,18
2503,2,2,9
2504,2,1,18
2505,2,2,9
2506,2,4,4
2507,2,0,10
2508,2,0,10
2509,2,1,18
2510,2,2,9
2511,2,0,10
2512,2,0,10
2513,2,1,18
2514,2,2,9
2515,2,4,4
2516,2,1,18
2517,2,0,10
2518,2,4,4
2519,2,4,4
2520,2,0,10
2521,2,0,10
2522,2,0,10
2523,2,1,18
2524,2,2,9
2525,2,0,10
2526,2,2,9
2527,2,1,18
2528,2,1,18
2529,2,3,17
2530,2,0,10
2531,2,2,9
2532,2,3,17
2533,2,1,18
2534,2,0,10
2535,2,1,18
2536,2,2,9
2537,2,1,18
2538,2,0,10
2539,2,0,10
2540,2,4,4
2541,2,1,18
2542,2,3,17
2543,2,3,17
2544,2,4,4
2545,2,4,4
2546,2,0,10
2547,2,2,9
2548,2,1,18
2549,2,0,10
2550,2,0,10
2551,2,3,17
2552,2,0,10
2553,2,3,17
2554,2,1,18
2555,2,1,18
2556,2,1,18
2557,2,0,10
2558,2,2,9
2559,2,1,18
2560,2,0,10
2561,2,1,18
2562,2,2,9
2563,2,3,17
2564,2,1,18
2565,2,4,4
2566,2,3,17
2567,2,0,10
2568,2,1,18
2569,2,3,17
2570,2,0,10
2571,2,0,10
2572,2,3,17
2573,2,3,17
2574,2,2,9
2575,2,3,17
2576,2,2,9
2577,2,0,10
2578,2,2,9
2579,2,1,18
2580,2,3,17
2581,2,0,10
2582,2,2,9
2583,2,0,10
2584,2,1,18
2585,2,3,17
2586,2,0,10
2587,2,3,17
2588,2,1,18
2589,2,1,18
2590,2,0,10
2591,2,3,17
2592,2,2,9
2593,2,0,10
2594,2,1,18
2595,2,1,18
2596,2,1,18
2597,2,2,9
2598,2,1,18
2599,2,4,4
2600,2,1,18
2601,2,2,9
2602,2,1,18
2603,2,0,10
2604,2,2,9
2605,2,2,9
2606,2,0,10
2607,2,1,18
2608,2,0,10
2609,2,3,17
2610,2,1,18
2611,2,4,4
2612,2,2,9
2613,2,0,10
2614,2,1,18
2615,2,0,10
2616,2,0,10
2617,2,3,17
2618,2,1,18
2619,2,1,18
2620,2,3,17
2621,2,1,18
2622,2,0,10
2623,2,0,10
2624,2,0,10
2625,2,3,17
2626,2,0,10
2627,2,0,10
2628,2,0,10
2629,2,1,18
2630,2,3,17
2631,2,2,9
2632,2,0,10
2633,2,1,18
2634,2,1,18
2635,2,3,17
2636,2,0,10
2637,2,1,18
2638,2,2,9
2639,2,0,10
2640,2,1,18
2641,2,1,18
2642,2,3,17
2643,2,0,10
2644,2,1,18
2645,2,4,4
2646,2,3,17
2647,2,0,10
2648,2,1,18
2649,2,3,17
2650,2,1,18
2651,2,0,10
2652,2,0,10
2653,2,0,10
2654,2,1,18
2655,2,1,18
2656,2,0,10
2657,2,1,18
2658,2,3,17
2659,2,1,18
2660,2,1,18
2661,2,1,18
2662,2,0,10
2663,2,1,18
2664,2,1,18
2665,2,1,18
2666,2,2,9
2667,0,3,17
2668,0,0,10
2669,0,3,17
2670,0,2,9
2671,0,1,18
2672,0,1,18
2673,0,0,10
2674,0,1,18
2675,0,0,10
2676,0,0,10
2677,0,1,18
2678,0,1,18
2679,0,1,18
2680,0,1,18
2681,0,2,9
2682,0,4,4
2683,0,0,10
2684,0,2,9
2685,0,0,10
2686,0,1,18
2687,0,1,18
2688,0,0,10
2689,0,2,9
2690,0,1,18
2691,0,0,10
2692,0,1,18
2693,0,1,18
2694,0,2,9
2695,0,1,18
2696,0,4,4
2697,0,0,10
2698,0,1,18
2699,0,1,18
2700,0,1,18
2701,0,3,17
2702,0,1,18
2703,0,1,18
2704,0,3,17
2705,0,0,10
2706,0,4,4
2707,0,1,18
2708,0,3,17
2709,0,1,18
2710,0,0,10
2711,0,1,18
2712,0,3,17
2713,0,1,18
2714,0,1,18
2715,0,4,4
2716,0,3,17
2717,0,0,10
2718,0,0,10
2719,0,0,10
2720,0,2,9
2721,0,0,10
2722,0,2,9
2723,0,0,10
2724,0,3,17
2725,0,4,4
2726,0,1,18
2727,0,0,10
2728,0,2,9
2729,0,1,18
2730,0,0,10
2731,0,0,10
2732,0,1,18
2733,0,0,10
2734,0,1,18
2735,0,1,18
2736,0,0,10
2737,0,3,17
2738,0,1,18
2739,0,1,18
2740,0,0,10
2741,0,0,10
2742,0,3,17
2743,0,2,9
2744,0,4,4
2745,0,0,10
2746,0,3,17
2747,0,1,18
2748,0,0,10
2749,0,3,17
2750,0,1,18
2751,0,2,9
2752,0,2,9
2753,0,0,10
2754,0,3,17
2755,0,0,10
2756,0,3,17
2757,0,2,9
2758,0,0,10
2759,0,3,17
2760,0,0,10
2761,0,0,10
2762,0,4,4
2763,0,2,9
2764,0,2,9
2765,0,0,10
2766,17,1,18
2767,17,2,9
2768,17,0,10
2769,17,3,17
2770,17,2,9
2771,17,1,18
2772,17,0,10
2773,17,2,9
2774,17,1,18
2775,17,1,18
2776,17,2,9
2777,17,2,9
2778,17,0,10
2779,17,1,18
2780,17,4,4
2781,17,1,18
2782,17,3,17
2783,17,3,17
2784,17,3,17
2785,17,2,9
2786,17,3,17
2787,17,0,10
2788,17,3,17
2789,17,1,18
2790,17,0,10
2791,17,1,18
2792,17,0,10
2793,17,3,17
2794,17,0,10
2795,17,0,10
2796,17,1,18
2797,17,1,18
2798,17,3,17
2799,17,0,10
2800,17,3,17
2801,17,1,18
2802,17,3,17
2803,17,3,17
2804,17,3,17
2805,17,3,17
2806,17,2,9
2807,17,3,17
2808,17,0,10
2809,17,1,18
2810,17,0,10
2811,17,1,18
2812,17,1,18
2813,17,0,10
2814,17,3,17
2815,17,3,17
2816,17,3,17
2817,17,1,18
2818,17,0,10
2819,17,0,10
2820,17,1,18
2821,17,0,10
2822,17,0,10
2823,17,1,18
2824,17,3,17
2825,17,0,10
2826,17,1,18
2827,17,0,10
2828,17,1,18
2829,17,0,10
2830,17,3,17
2831,17,1,18
2832,17,3,17
2833,17,0,10
2834,17,0,10
2835,17,1,18
2836,17,2,9
2837,17,0,10
2838,17,0,10
2839,17,1,18
2840,17,0,10
2841,17,0,10
2842,17,1,18
2843,17,0,10
2844,17,3,17
2845,17,0,10
2846,17,3,17
2847,17,1,18
2848,17,4,4
2849,17,0,10
2850,17,2,9
2851,17,1,18
2852,17,1,18
2853,17,0,10
2854,17,0,10
2855,17,0,10
2856,17,1,18
2857,17,1,18
2858,17,0,10
2859,17,1,18
2860,17,3,17
2861,17,1,18
2862,17,1,18
2863,17,0,10
2864,17,0,10
2865,17,1,18
2866,17,1,18
2867,17,0,10
2868,17,0,10
2869,17,2,9
2870,17,3,17
2871,17,3,17
2872,17,0,10
2873,17,3,17
2874,17,1,18
2875,17,0,10
2876,17,3,17
2877,17,1,18
2878,17,2,9
2879,17,1,18
2880,17,1,18
2881,17,4,4
2882,17,3,17
2883,17,1,18
2884,17,0,10
2885,17,2,9
2886,17,1,18
2887,17,2,9
2888,17,3,17
2889,17,3,17
2890,17,2,9
2891,17,2,9
2892,17,1,18
2893,17,3,17
2894,17,3,17
2895,17,2,9
2896,17,2,9
2897,17,0,10
2898,17,1,18
2899,17,0,10
2900,17,0,10
2901,17,0,10
2902,17,1,18
2903,17,2,9
2904,17,4,4
2905,17,1,18
2906,17,2,9
2907,17,1,18
2908,17,1,18
2909,17,3,17
2910,17,3,17
2911,17,3,17
2912,17,2,9
2913,17,1,18
2914,17,3,17
2915,17,4,4
2916,17,0,10
2917,17,0,10
2918,17,3,17
2919,17,4,4
2920,17,4,4
2921,17,2,9
2922,17,1,18
2923,17,0,10
2924,17,1,18
2925,17,1,18
2926,17,0,10
2927,17,4,4
2928,17,0,10
2929,17,4,4
2930,17,1,18
2931,17,1,18
2932,17,2,9
2933,17,0,10
2934,17,1,18
2935,17,0,10
2936,17,0,10
2937,17,3,17
2938,17,2,9
2939,17,0,10
2940,17,3,17
2941,17,0,10
2942,17,2,9
2943,17,0,10
2944,17,0,10
2945,17,2,9
2946,17,0,10
2947,17,1,18
2948,17,0,10
2949,17,3,17
2950,17,0,10
2951,17,1,18
2952,17,1,18
2953,17,4,4
2954,17,0,10
2955,17,3,17
2956,17,3,17
2957,17,3,17
2958,17,1,18
2959,17,1,18
2960,17,1,18
2961,17,0,10
2962,17,0,10
2963,17,1,18
2964,17,1,18
2965,17,3,17
2966,17,1,18
2967,17,1,18
2968,17,3,17
2969,17,0,10
2970,17,1,18
2971,17,1,18
2972,17,3,17
2973,17,2,9
2974,17,0,10
2975,17,1,18
2976,17,4,4
2977,17,2,9
2978,17,3,17
2979,17,3,17
2980,17,1,18
2981,17,2,9
2982,17,0,10
2983,17,3,17
2984,17,1,18
2985,17,3,17
2986,17,1,18
2987,17,0,10
2988,17,1,18
2989,17,1,18
2990,17,1,18
2991,17,3,17
2992,17,1,18
2993,17,3,17
2994,17,0,10
2995,17,1,18
2996,17,0,10
2997,17,1,18
2998,17,3,17
2999,17,3,17
3000,17,0,10
3001,17,0,10
3002,17,2,9
3003,17,3,17
3004,17,3,17
3005,17,4,4
3006,17,1,18
3007,17,1,18
3008,17,0,10
3009,17,1,18
3010,17,1,18
3011,17,0,10
3012,17,2,9
3013,17,2,9
3014,17,0,10
3015,17,1,18
3016,17,1,18
3017,17,0,10
3018,17,0,10
3019,17,0,10
3020,17,2,9
3021,17,1,18
3022,17,2,9
3023,17,3,17
3024,17,3,17
3025,17,0,10
3026,17,0,10
3027,17,1,18
3028,17,1,18
3029,17,0,10
3030,17,2,9
3031,17,0,10
3032,17,1,18
3033,17,0,10
3034,17,1,18
3035,17,3,17
3036,17,3,17
3037,17,3,17
3038,17,1,18
3039,17,0,10
3040,17,0,10
3041,17,1,18
3042,17,1,18
3043,17,1,18
3044,17,0,10
3045,17,1,18
3046,17,0,10
3047,17,0,10
3048,17,2,9
3049,17,2,9
3050,17,0,10
3051,17,0,10
3052,17,4,4
3053,17,1,18
3054,17,1,18
3055,17,1,18
3056,17,2,9
3057,17,0,10
3058,17,1,18
3059,17,0,10
3060,17,0,10
3061,17,0,10
3062,17,1,18
3063,17,1,18
3064,17,4,4
3065,17,1,18
3066,17,0,10
3067,17,2,9
3068,17,1,18
3069,17,1,18
3070,17,2,9
3071,17,1,18
3072,17,1,18
3073,17,2,9
3074,17,1,18
3075,17,3,17
3076,17,0,10
3077,17,3,17
3078,17,4,4
3079,17,3,17
3080,17,2,9
3081,17,1,18
3082,17,0,10
3083,17,0,10
3084,17,1,18
3085,17,0,10
3086,17,1,18
3087,17,1,18
3088,17,1,18
3089,17,0,10
3090,17,1,18
3091,17,1,18
3092,17,0,10
3093,17,3,17
3094,17,2,9
3095,17,1,18
3096,17,3,17
3097,17,0,10
3098,17,4,4
3099,17,0,10
3100,17,4,4
3101,17,0,10
3102,17,1,18
3103,17,0,10
3104,17,2,9
3105,17,3,17
3106,17,1,18
3107,17,0,10
3108,17,3,17
3109,17,3,17
3110,17,0,10
3111,17,3,17
3112,17,2,9
3113,17,1,18
3114,17,1,18
3115,17,1,18
3116,17,0,10
3117,17,3,17
3118,17,0,10
3119,17,1,18
3120,17,3,17
3121,17,3,17
3122,17,0,10
3123,17,1,18
3124,17,3,17
3125,17,2,9
3126,17,0,10
3127,17,0,10
3128,17,1,18
3129,17,2,9
3130,17,1,18
3131,17,1,18
3132,17,1,18
3133,17,3,17
3134,17,2,9
3135,17,1,18
3136,17,3,17
3137,17,4,4
3138,17,0,10
3139,17,3,17
3140,17,1,18
3141,17,3,17
3142,17,0,10
3143,17,1,18
3144,17,3,17
3145,17,2,9
3146,17,3,17
3147,17,3,17
3148,17,1,18
3149,17,3,17
3150,17,4,4
3151,17,1,18
3152,17,1,18
3153,17,2,9
3154,17,1,18
3155,17,0,10
3156,17,1,18
3157,17,2,9
3158,17,3,17
3159,17,1,18
3160,17,0,10
3161,17,0,10
3162,17,1,18
3163,17,1,18
3164,17,1,18
3165,17,2,9
3166,17,1,18
3167,17,0,10
3168,17,1,18
3169,17,3,17
3170,17,1,18
3171,17,3,17
3172,17,1,18
3173,17,1,18
3174,17,1,18
3175,17,2,9
3176,17,1,18
3177,17,3,17
3178,17,0,10
3179,17,3,17
3180,17,0,10
3181,17,1,18
3182,17,1,18
3183,17,0,10
3184,17,0,10
3185,17,1,18
3186,17,2,9
3187,17,3,17
3188,17,3,17
3189,17,0,10
3190,17,1,18
3191,17,0,10
3192,17,1,18
3193,17,2,9
3194,17,1,18
3195,17,1,18
3196,17,3,17
3197,17,1,18
3198,17,4,4
3199,17,1,18
3200,17,0,10
3201,17,3,17
3202,17,1,18
3203,17,0,10
3204,17,1,18
3205,17,1,18
3206,17,1,18
3207,17,1,18
3208,17,0,10
3209,17,2,9
3210,17,3,17
3211,17,0,10
3212,17,1,18
3213,17,1,18
3214,17,1,18
3215,17,3,17
3216,17,2,9
3217,17,1,18
3218,17,1,18
3219,17,1,18
3220,17,3,17
3221,17,1,18
3222,17,2,9
3223,17,1,18
3224,17,2,9
3225,17,1,18
3226,17,1,18
3227,17,1,18
3228,17,2,9
3229,17,0,10
3230,17,1,18
3231,17,1,18
3232,17,0,10
3233,17,0,10
3234,17,3,17
3235,17,3,17
3236,17,0,10
3237,17,3,17
3238,17,3,17
3239,17,4,4
3240,17,3,17
3241,17,0,10
3242,17,1,18
3243,17,0,10
3244,17,0,10
3245,17,1,18
3246,17,1,18
3247,17,1,18
3248,17,0,10
3249,17,1,18
3250,17,3,17
3251,17,1,18
3252,17,0,10
3253,17,1,18
3254,17,0,10
3255,17,1,18
3256,17,1,18
3257,17,3,17
3258,17,0,10
3259,17,4,4
3260,17,1,18
3261,17,0,10
3262,17,0,10
3263,17,1,18
3264,17,1,18
3265,17,1,18
3266,17,1,18
3267,17,3,17
3268,17,0,10
3269,17,4,4
3270,17,0,10
3271,17,0,10
3272,17,2,9
3273,17,1,18
3274,17,1,18
3275,17,3,17
3276,17,3,17
3277,17,1,18
3278,17,1,18
3279,17,3,17
3280,17,1,18
3281,17,0,10
3282,17,0,10
3283,17,0,10
3284,17,1,18
3285,17,3,17
3286,17,4,4
3287,17,1,18
3288,17,0,10
3289,17,1,18
3290,17,0,10
3291,17,3,17
3292,17,3,17
3293,17,1,18
3294,17,2,9
3295,17,2,9
3296,17,1,18
3297,17,0,10
3298,17,1,18
3299,17,1,18
3300,17,1,18
3301,17,3,17
3302,17,3,17
3303,17,0,10
3304,17,1,18
3305,17,2,9
3306,17,0,10
3307,17,3,17
3308,17,0,10
3309,17,0,10
3310,17,1,18
3311,17,3,17
3312,17,3,17
3313,17,0,10
3314,17,2,9
3315,17,1,18
3316,17,1,18
3317,17,1,18
3318,17,2,9
3319,17,1,18
3320,17,0,10
3321,17,1,18
3322,17,0,10
3323,17,0,10
3324,17,0,10
3325,17,3,17
3326,17,0,10
3327,17,1,18
3328,17,1,18
3329,17,1,18
3330,17,1,18
3331,17,0,10
3332,17,2,9
3333,17,0,10
3334,17,0,10
3335,17,2,9
3336,17,1,18
3337,17,4,4
3338,17,0,10
3339,17,2,9
3340,17,3,17
3341,17,1,18
3342,17,1,18
3343,17,1,18
3344,17,2,9
3345,17,2,9
3346,17,3,17
3347,17,0,10
3348,17,3,17
3349,17,4,4
3350,17,3,17
3351,17,1,18
3352,17,2,9
3353,17,4,4
3354,17,3,17
3355,17,1,18
3356,17,2,9
3357,17,1,18
3358,17,1,18
3359,17,1,18
3360,17,0,10
3361,17,3,17
3362,17,1,18
3363,17,3,17
3364,17,2,9
3365,17,1,18
3366,17,1,18
3367,17,0,10
3368,17,3,17
3369,17,2,9
3370,17,4,4
3371,17,0,10
3372,17,4,4
3373,17,3,17
3374,17,1,18
3375,17,0,10
3376,17,0,10
3377,17,0,10
3378,17,1,18
3379,17,3,17
3380,17,2,9
3381,17,1,18
3382,17,0,10
3383,17,1,18
3384,17,1,18
3385,17,2,9
3386,17,1,18
3387,17,1,18
3388,17,3,17
3389,17,1,18
3390,17,0,10
3391,17,2,9
3392,17,3,17
3393,17,1,18
3394,17,1,18
3395,17,1,18
3396,17,4,4
3397,17,1,18
3398,17,3,17
3399,17,1,18
3400,17,0,10
3401,17,1,18
3402,17,3,17
3403,17,0,10
3404,17,1,18
3405,17,3,17
3406,17,3,17
3407,17,3,17
3408,17,1,18
3409,17,0,10
3410,17,0,10
3411,17,0,10
3412,17,3,17
3413,17,3,17
3414,17,0,10
3415,17,3,17
3416,17,0,10
3417,17,1,18
3418,17,0,10
3419,17,1,18
3420,17,1,18
3421,17,3,17
3422,17,1,18
3423,17,1,18
3424,17,0,10
3425,17,3,17
3426,17,0,10
3427,17,2,9
3428,17,3,17
3429,17,0,10
3430,17,3,17
3431,17,2,9
3432,17,1,18
3433,17,1,18
3434,17,0,10
3435,17,3,17
3436,17,0,10
3437,17,1,18
3438,17,2,9
3439,17,0,10
3440,17,2,9
3441,17,0,10
3442,17,3,17
3443,17,1,18
3444,17,1,18
3445,17,2,9
3446,17,3,17
3447,17,4,4
3448,17,0,10
3449,17,2,9
3450,17,1,18
3451,17,3,17
3452,17,0,10
3453,17,1,18
3454,17,1,18
3455,17,0,10
3456,17,4,4
3457,17,1,18
3458,17,0,10
3459,17,3,17
3460,17,1,18
3461,17,0,10
3462,17,1,18
3463,17,1,18
3464,17,1,18
3465,17,1,18
3466,17,1,18
3467,17,3,17
3468,17,4,4
3469,17,1,18
3470,17,0,10
3471,17,3,17
3472,17,3,17
3473,17,0,10
3474,17,4,4
3475,17,4,4
3476,17,4,4
3477,17,0,10
3478,17,0,10
3479,17,0,10
3480,17,0,10
3481,17,2,9
3482,17,1,18
3483,17,1,18
3484,17,3,17
3485,17,0,10
3486,17,1,18
3487,17,2,9
3488,17,3,17
3489,17,1,18
3490,17,3,17
3491,17,1,18
3492,17,0,10
3493,17,3,17
3494,17,3,17
3495,17,1,18
3496,17,3,17
3497,17,3,17
3498,17,0,10
3499,17,1,18
3500,17,1,18
3501,17,1,18
3502,17,0,10
3503,17,3,17
3504,17,0,10
3505,17,1,18
3506,17,1,18
3507,17,2,9
3508,17,3,17
3509,17,4,4
3510,17,3,17
3511,17,1,18
3512,17,0,10
3513,17,1,18
3514,17,1,18
3515,17,1,18
3516,17,0,10
3517,17,3,17
3518,17,0,10
3519,17,2,9
3520,17,1,18
3521,17,2,9
3522,17,1,18
3523,17,4,4
3524,17,1,18
3525,17,1,18
3526,17,1,18
3527,17,0,10
3528,17,3,17
3529,17,2,9
3530,17,4,4
3531,17,1,18
3532,17,2,9
3533,17,1,18
3534,17,0,10
3535,17,2,9
3536,17,2,9
3537,17,0,10
3538,17,3,17
3539,17,1,18
3540,17,1,18
3541,17,1,18
3542,17,4,4
3543,17,0,10
3544,17,4,4
3545,17,1,18
3546,17,0,10
3547,17,1,18
3548,17,0,10
3549,17,1,18
3550,17,0,10
3551,17,0,10
3552,17,4,4
3553,17,2,9
3554,17,3,17
3555,17,4,4
3556,17,1,18
3557,17,0,10
3558,17,2,9
3559,17,1,18
3560,17,0,10
3561,17,1,18
3562,17,1,18
3563,17,3,17
3564,17,0,10
3565,17,3,17
3566,17,2,9
3567,17,1,18
3568,17,0,10
3569,17,3,17
3570,17,1,18
3571,17,1,18
3572,17,3,17
3573,17,0,10
3574,17,1,18
3575,17,1,18
3576,17,0,10
3577,17,4,4
3578,17,3,17
3579,17,2,9
3580,17,0,10
3581,17,2,9
3582,17,1,18
3583,17,3,17
3584,17,2,9
3585,17,0,10
3586,17,1,18
3587,17,1,18
3588,17,3,17
3589,17,4,4
3590,17,1,18
3591,17,3,17
3592,17,1,18
3593,17,0,10
3594,17,1,18
3595,17,1,18
3596,17,1,18
3597,17,1,18
3598,17,3,17
3599,17,3,17
3600,17,1,18
3601,17,2,9
3602,17,0,10
3603,17,2,9
3604,17,0,10
3605,17,0,10
3606,17,2,9
3607,17,1,18
3608,17,0,10
3609,17,1,18
3610,17,1,18
3611,17,1,18
3612,17,0,10
3613,17,2,9
3614,17,1,18
3615,17,1,18
3616,17,2,9
3617,17,0,10
3618,17,1,18
3619,17,1,18
3620,17,0,10
3621,17,3,17
3622,17,3,17
3623,17,2,9
3624,17,3,17
3625,17,1,18
3626,17,0,10
3627,17,0,10
3628,17,0,10
3629,17,1,18
3630,17,2,9
3631,17,2,9
3632,17,1,18
3633,17,1,18
3634,17,0,10
3635,17,4,4
3636,17,3,17
3637,17,2,9
3638,17,3,17
3639,17,1,18
3640,17,3,17
3641,17,3,17
3642,17,0,10
3643,17,2,9
3644,17,0,10
3645,17,4,4
3646,17,2,9
3647,17,2,9
3648,17,0,10
3649,17,2,9
3650,17,1,18
3651,17,3,17
3652,17,0,10
3653,17,2,9
3654,17,0,10
3655,17,3,17
3656,17,1,18
3657,17,1,18
3658,17,0,10
3659,17,0,10
3660,17,4,4
3661,17,3,17
3662,17,0,10
3663,17,1,18
3664,17,2,9
3665,17,1,18
3666,17,3,17
3667,17,1,18
3668,17,2,9
3669,17,1,18
3670,17,0,10
3671,17,1,18
3672,17,2,9
3673,17,1,18
3674,17,1,18
3675,17,1,18
3676,17,0,10
3677,17,0,10
3678,17,2,9
3679,17,1,18
3680,17,1,18
3681,17,3,17
3682,17,4,4
3683,17,1,18
3684,17,2,9
3685,17,3,17
3686,17,1,18
3687,17,1,18
3688,17,2,9
3689,17,3,17
3690,17,1,18
3691,17,1,18
3692,17,4,4
3693,17,3,17
3694,17,3,17
3695,17,1,18
3696,17,1,18
3697,17,1,18
3698,17,3,17
3699,17,1,18
3700,17,3,17
3701,17,1,18
3702,17,0,10
3703,17,2,9
3704,17,1,18
3705,17,1,18
3706,17,0,10
3707,17,4,4
3708,17,0,10
3709,17,3,17
3710,17,1,18
3711,17,0,10
3712,17,2,9
3713,17,4,4
3714,17,0,10
3715,17,0,10
3716,17,1,18
3717,17,1,18
3718,17,1,18
3719,17,3,17
3720,17,0,10
3721,17,0,10
3722,17,2,9
3723,17,3,17
3724,17,4,4
3725,17,3,17
3726,17,1,18
3727,17,0,10
3728,17,0,10
3729,17,3,17
3730,17,1,18
3731,17,1,18
3732,17,3,17
3733,17,2,9
3734,17,0,10
3735,17,1,18
3736,17,1,18
3737,17,1,18
3738,17,2,9
3739,17,2,9
3740,17,1,18
3741,17,4,4
3742,17,1,18
3743,17,4,4
3744,17,1,18
3745,17,1,18
3746,17,3,17
3747,17,0,10
3748,17,4,4
3749,17,3,17
3750,17,1,18
3751,17,1,18
3752,17,0,10
3753,17,3,17
3754,17,3,17
3755,17,1,18
3756,17,2,9
3757,17,0,10
3758,17,3,17
3759,17,0,10
3760,17,4,4
3761,17,0,10
3762,17,4,4
3763,17,1,18
3764,17,1,18
3765,17,1,18
3766,17,1,18
3767,17,3,17
3768,17,1,18
3769,17,3,17
3770,17,1,18
3771,17,1,18
3772,17,1,18
3773,17,3,17
3774,17,1,18
3775,17,1,18
3776,17,2,9
3777,17,2,9
3778,17,2,9
3779,17,1,18
3780,17,0,10
3781,17,2,9
3782,17,0,10
3783,17,3,17
3784,17,1,18
3785,17,1,18
3786,17,0,10
3787,17,1,18
3788,17,1,18
3789,17,1,18
3790,17,1,18
3791,17,2,9
3792,17,3,17
3793,17,1,18
3794,17,1,18
3795,17,1,18
3796,17,0,10
3797,17,1,18
3798,17,0,10
3799,17,3,17
3800,17,3,17
3801,17,0,10
3802,17,0,10
3803,17,2,9
3804,17,0,10
3805,17,2,9
3806,17,1,18
3807,17,0,10
3808,17,3,17
3809,17,3,17
3810,17,3,17
3811,17,2,9
3812,17,0,10
3813,17,0,10
3814,17,3,17
3815,17,3,17
3816,17,3,17
3817,17,1,18
3818,17,1,18
3819,17,1,18
3820,17,1,18
3821,17,1,18
3822,17,0,10
3823,17,2,9
3824,17,3,17
3825,17,0,10
3826,17,1,18
3827,17,0,10
3828,17,2,9
3829,17,0,10
3830,17,1,18
3831,17,1,18
3832,17,1,18
3833,17,0,10
3834,17,1,18
3835,17,1,18
3836,17,1,18
3837,17,4,4
3838,17,0,10
3839,17,3,17
3840,17,0,10
3841,17,0,10
3842,17,1,18
3843,17,2,9
3844,17,1,18
3845,17,1,18
3846,17,0,10
3847,17,3,17
3848,17,3,17
3849,17,2,9
3850,17,1,18
3851,17,1,18
3852,17,3,17
3853,17,2,9
3854,17,0,10
3855,17,3,17
3856,17,1,18
3857,17,0,10
3858,17,1,18
3859,17,1,18
3860,17,2,9
3861,17,1,18
3862,17,3,17
3863,17,3,17
3864,17,1,18
3865,17,1,18
3866,17,0,10
3867,17,1,18
3868,17,1,18
3869,17,0,10
3870,17,1,18
3871,17,3,17
3872,17,2,9
3873,17,0,10
3874,17,3,17
3875,17,3,17
3876,17,1,18
3877,17,0,10
3878,17,1,18
3879,17,2,9
3880,17,0,10
3881,17,2,9
3882,17,0,10
3883,17,3,17
3884,17,1,18
3885,17,0,10
3886,17,0,10
3887,17,1,18
3888,17,1,18
3889,17,1,18
3890,17,2,9
3891,17,1,18
3892,17,1,18
3893,17,3,17
3894,17,3,17
3895,17,2,9
3896,17,1,18
3897,17,0,10
3898,17,0,10
3899,17,0,10
3900,17,0,10
3901,17,1,18
3902,17,1,18
3903,17,2,9
3904,17,0,10
3905,17,1,18
3906,17,1,18
3907,17,0,10
3908,17,0,10
3909,17,1,18
3910,17,4,4
3911,17,1,18
3912,17,1,18
3913,17,0,10
3914,17,1,18
3915,17,3,17
3916,17,2,9
3917,17,3,17
3918,17,1,18
3919,17,0,10
3920,17,1,18
3921,17,0,10
3922,17,2,9
3923,17,3,17
3924,17,2,9
3925,17,0,10
3926,17,0,10
3927,17,4,4
3928,17,2,9
3929,17,1,18
3930,17,1,18
3931,17,1,18
3932,17,0,10
3933,17,0,10
3934,17,1,18
3935,17,3,17
3936,17,1,18
3937,17,0,10
3938,17,2,9
3939,17,0,10
3940,17,0,10
3941,17,0,10
3942,17,3,17
3943,17,0,10
3944,17,0,10
3945,17,1,18
3946,17,2,9
3947,17,1,18
3948,17,0,10
3949,17,3,17
3950,18,1,18
3951,18,1,18
3952,18,1,18
3953,18,1,18
3954,18,3,17
3955,18,0,10
3956,18,3,17
3957,18,2,9
3958,18,3,17
3959,18,3,17
3960,18,1,18
3961,18,0,10
3962,18,0,10
3963,18,1,18
3964,18,1,18
3965,18,1,18
3966,18,0,10
3967,18,1,18
3968,18,3,17
3969,18,1,18
3970,18,1,18
3971,18,0,10
3972,18,3,17
3973,18,1,18
3974,18,2,9
3975,18,2,9
3976,18,0,10
3977,18,0,10
3978,18,1,18
3979,18,1,18
3980,18,3,17
3981,18,3,17
3982,18,0,10
3983,18,1,18
3984,18,3,17
3985,18,1,18
3986,18,0,10
3987,18,3,17
3988,18,0,10
3989,18,0,10
3990,18,4,4
3991,18,1,18
3992,18,1,18
3993,18,1,18
3994,18,2,9
3995,18,2,9
3996,18,0,10
3997,18,0,10
3998,18,1,18
3999,18,3,17
4000,18,1,18
4001,18,0,10
4002,18,1,18
4003,18,0,10
4004,18,0,10
4005,18,1,18
4006,18,0,10
4007,18,2,9
4008,18,3,17
4009,18,1,18
4010,18,3,17
4011,18,0,10
4012,18,3,17
4013,18,1,18
4014,18,4,4
4015,18,0,10
4016,18,1,18
4017,18,3,17
4018,18,3,17
4019,18,0,10
4020,18,3,17
4021,18,3,17
4022,18,1,18
4023,18,1,18
4024,18,0,10
4025,18,3,17
4026,18,0,10
4027,18,2,9
4028,18,3,17
4029,18,1,18
4030,18,1,18
4031,18,1,18
4032,18,1,18
4033,18,1,18
4034,18,2,9
4035,18,1,18
4036,18,1,18
4037,18,2,9
4038,18,0,10
4039,18,1,18
4040,18,1,18
4041,18,0,10
4042,18,1,18
4043,18,0,10
4044,18,3,17
4045,18,1,18
4046,18,3,17
4047,18,3,17
4048,18,4,4
4049,18,3,17
4050,18,1,18
4051,18,1,18
4052,18,1,18
4053,18,3,17
4054,18,2,9
4055,18,1,18
4056,18,2,9
4057,18,0,10
4058,18,1,18
4059,18,1,18
4060,18,1,18
4061,18,2,9
4062,18,3,17
4063,18,2,9
4064,18,3,17
4065,18,1,18
4066,18,1,18
4067,18,1,18
4068,18,1,18
4069,18,3,17
4070,18,0,10
4071,18,1,18
4072,18,2,9
4073,18,1,18
4074,18,1,18
4075,18,4,4
4076,18,1,18
4077,18,0,10
4078,18,1,18
4079,18,3,17
4080,18,3,17
4081,18,3,17
4082,18,0,10
4083,18,3,17
4084,18,1,18
4085,18,0,10
4086,18,1,18
4087,18,1,18
4088,18,1,18
4089,18,3,17
4090,18,3,17
4091,18,1,18
4092,18,1,18
4093,18,0,10
4094,18,1,18
4095,18,1,18
4096,18,3,17
4097,18,3,17
4098,18,2,9
4099,18,0,10
4100,18,1,18
4101,18,0,10
4102,18,1,18
4103,18,3,17
4104,18,1,18
4105,18,0,10
4106,18,1,18
4107,18,0,10
4108,18,0,10
4109,18,2,9
4110,18,1,18
4111,18,1,18
4112,18,1,18
4113,18,0,10
4114,18,3,17
4115,18,1,18
4116,18,2,9
4117,18,0,10
4118,18,2,9
4119,18,1,18
4120,18,1,18
4121,18,3,17
4122,18,3,17
4123,18,1,18
4124,18,1,18
4125,18,0,10
4126,18,3,17
4127,18,0,10
4128,18,2,9
4129,18,3,17
4130,18,3,17
4131,18,3,17
4132,18,0,10
4133,18,3,17
4134,18,1,18
4135,18,0,10
4136,18,1,18
4137,18,1,18
4138,18,0,10
4139,18,3,17
4140,18,1,18
4141,18,1,18
4142,18,1,18
4143,18,0,10
4144,18,1,18
4145,18,1,18
4146,18,1,18
4147,18,2,9
4148,18,1,18
4149,18,2,9
4150,18,1,18
4151,18,3,17
4152,18,0,10
4153,18,0,10
4154,18,1,18
4155,18,1,18
4156,18,3,17
4157,18,3,17
4158,18,2,9
4159,18,3,17
4160,18,1,18
4161,18,0,10
4162,18,1,18
4163,18,1,18
4164,18,0,10
4165,18,1,18
4166,18,1,18
4167,18,1,18
4168,18,3,17
4169,18,3,17
4170,18,1,18
4171,18,3,17
4172,18,1,18
4173,18,0,10
4174,18,2,9
4175,18,2,9
4176,18,1,18
4177,18,1,18
4178,18,1,18
4179,18,0,10
4180,18,3,17
4181,18,1,18
4182,18,1,18
4183,18,1,18
4184,18,1,18
4185,18,0,10
4186,18,1,18
4187,18,1,18
4188,18,0,10
4189,18,3,17
4190,18,0,10
4191,18,3,17
4192,18,2,9
4193,18,1,18
4194,18,3,17
4195,18,0,10
4196,18,1,18
4197,18,2,9
4198,18,0,10
4199,18,1,18
4200,18,1,18
4201,18,1,18
4202,18,2,9
4203,18,3,17
4204,18,4,4
4205,18,1,18
4206,18,2,9
4207,18,3,17
4208,18,0,10
4209,18,1,18
4210,18,0,10
4211,18,2,9
4212,18,3,17
4213,18,0,10
4214,18,0,10
4215,18,2,9
4216,18,0,10
4217,18,1,18
4218,18,1,18
4219,18,4,4
4220,18,1,18
4221,18,3,17
4222,18,4,4
4223,18,1,18
4224,18,2,9
4225,18,1,18
4226,18,0,10
4227,18,0,10
4228,18,0,10
4229,18,3,17
4230,18,3,17
4231,18,2,9
4232,18,1,18
4233,18,1,18
4234,18,3,17
4235,18,0,10
4236,18,4,4
4237,18,0,10
4238,18,4,4
4239,18,0,10
4240,18,1,18
4241,18,1,18
4242,18,1,18
4243,18,3,17
4244,18,2,9
4245,18,0,10
4246,18,1,18
4247,18,1,18
4248,18,2,9
4249,18,0,10
4250,18,1,18
4251,18,1,18
4252,18,1,18
4253,18,4,4
4254,18,2,9
4255,18,1,18
4256,18,1,18
4257,18,2,9
4258,18,4,4
4259,18,1,18
4260,18,1,18
4261,18,3,17
4262,18,1,18
4263,18,3,17
4264,18,1,18
4265,18,3,17
4266,18,1,18
4267,18,1,18
4268,18,1,18
4269,18,0,10
4270,18,2,9
4271,18,1,18
4272,18,1,18
4273,18,1,18
4274,18,2,9
4275,18,0,10
4276,18,1,18
4277,18,1,18
4278,18,1,18
4279,18,0,10
4280,18,3,17
4281,18,1,18
4282,18,2,9
4283,18,2,9
4284,18,1,18
4285,18,1,18
4286,18,0,10
4287,18,1,18
4288,18,1,18
4289,18,0,10
4290,18,1,18
4291,18,1,18
4292,18,0,10
4293,18,3,17
4294,18,3,17
4295,18,1,18
4296,18,2,9
4297,18,3,17
4298,18,0,10
4299,18,0,10
4300,18,3,17
4301,18,2,9
4302,18,1,18
4303,18,0,10
4304,18,2,9
4305,18,2,9
4306,18,1,18
4307,18,3,17
4308,18,1,18
4309,18,1,18
4310,18,0,10
4311,18,0,10
4312,18,0,10
4313,18,1,18
4314,18,1,18
4315,18,2,9
4316,18,1,18
4317,18,1,18
4318,18,0,10
4319,18,1,18
4320,18,3,17
4321,18,3,17
4322,18,1,18
4323,18,2,9
4324,18,1,18
4325,18,0,10
4326,18,0,10
4327,18,0,10
4328,18,1,18
4329,18,1,18
4330,18,2,9
4331,18,2,9
4332,18,1,18
4333,18,0,10
4334,18,1,18
4335,18,2,9
4336,18,0,10
4337,18,3,17
4338,18,0,10
4339,18,0,10
4340,18,3,17
4341,18,0,10
4342,18,1,18
4343,18,4,4
4344,18,2,9
4345,18,1,18
4346,18,3,17
4347,18,1,18
4348,18,2,9
4349,18,3,17
4350,18,1,18
4351,18,0,10
4352,18,1,18
4353,18,2,9
4354,18,2,9
4355,18,0,10
4356,18,0,10
4357,18,3,17
4358,18,1,18
4359,18,0,10
4360,18,3,17
4361,18,1,18
4362,18,1,18
4363,18,0,10
4364,18,3,17
4365,18,1,18
4366,18,1,18
4367,18,0,10
4368,18,1,18
4369,18,1,18
4370,18,2,9
4371,18,2,9
4372,18,3,17
4373,18,1,18
4374,18,1,18
4375,18,3,17
4376,18,0,10
4377,18,3,17
4378,18,0,10
4379,18,2,9
4380,18,0,10
4381,18,3,17
4382,18,0,10
4383,18,2,9
4384,18,3,17
4385,18,4,4
4386,18,1,18
4387,18,3,17
4388,18,3,17
4389,18,1,18
4390,18,0,10
4391,18,0,10
4392,18,1,18
4393,18,1,18
4394,18,1,18
4395,18,3,17
4396,18,3,17
4397,18,2,9
4398,18,1,18
4399,18,1,18
4400,18,0,10
4401,18,0,10
4402,18,2,9
4403,18,3,17
4404,18,1,18
4405,18,0,10
4406,18,0,10
4407,18,0,10
4408,18,3,17
4409,18,0,10
4410,18,0,10
4411,18,1,18
4412,18,1,18
4413,18,2,9
4414,18,3,17
4415,18,3,17
4416,18,0,10
4417,18,0,10
4418,18,0,10
4419,18,1,18
4420,18,3,17
4421,18,0,10
4422,18,3,17
4423,18,3,17
4424,18,4,4
4425,18,3,17
4426,18,0,10
4427,18,2,9
4428,18,3,17
4429,18,2,9
4430,18,1,18
4431,18,1,18
4432,18,1,18
4433,18,1,18
4434,18,1,18
4435,18,3,17
4436,18,1,18
4437,18,3,17
4438,18,0,10
4439,18,3,17
4440,18,1,18
4441,18,1,18
4442,18,2,9
4443,18,3,17
4444,18,0,10
4445,18,3,17
4446,18,0,10
4447,18,1,18
4448,18,3,17
4449,18,3,17
4450,18,3,17
4451,18,1,18
4452,18,0,10
4453,18,0,10
4454,18,3,17
4455,18,0,10
4456,18,2,9
4457,18,2,9
4458,18,0,10
4459,18,4,4
4460,18,1,18
4461,18,0,10
4462,18,1,18
4463,18,0,10
4464,18,2,9
4465,18,1,18
4466,18,2,9
4467,18,1,18
4468,18,0,10
4469,18,1,18
4470,18,1,18
4471,18,0,10
4472,18,1,18
4473,18,0,10
4474,18,1,18
4475,18,1,18
4476,18,3,17
4477,18,2,9
4478,18,1,18
4479,18,1,18
4480,18,3,17
4481,18,1,18
4482,18,1,18
4483,18,0,10
4484,18,1,18
4485,18,1,18
4486,18,2,9
4487,18,1,18
4488,18,1,18
4489,18,4,4
4490,18,2,9
4491,18,4,4
4492,18,0,10
4493,18,4,4
4494,18,2,9
4495,18,2,9
4496,18,2,9
4497,18,1,18
4498,18,1,18
4499,18,1,18
4500,18,4,4
4501,18,1,18
4502,18,1,18
4503,18,3,17
4504,18,1,18
4505,18,1,18
4506,18,0,10
4507,18,0,10
4508,18,2,9
4509,18,1,18
4510,18,0,10
4511,18,1,18
4512,18,3,17
4513,18,3,17
4514,18,3,17
4515,18,2,9
4516,18,0,10
4517,18,0,10
4518,18,3,17
4519,18,1,18
4520,18,1,18
4521,18,1,18
4522,18,0,10
4523,18,4,4
4524,18,2,9
4525,18,1,18
4526,18,0,10
4527,18,1,18
4528,18,3,17
4529,18,3,17
4530,18,2,9
4531,18,1,18
4532,18,1,18
4533,18,1,18
4534,18,3,17
4535,18,3,17
4536,18,0,10
4537,18,2,9
4538,18,0,10
4539,18,1,18
4540,18,2,9
4541,18,4,4
4542,18,1,18
4543,18,1,18
4544,18,3,17
4545,18,3,17
4546,18,3,17
4547,18,3,17
4548,18,1,18
4549,18,1,18
4550,18,0,10
4551,18,2,9
4552,18,0,10
4553,18,0,10
4554,18,1,18
4555,18,1,18
4556,18,0,10
4557,18,1,18
4558,18,3,17
4559,18,1,18
4560,18,4,4
4561,18,1,18
4562,18,1,18
4563,18,1,18
4564,18,0,10
4565,18,0,10
4566,18,1,18
4567,18,1,18
4568,18,1,18
4569,18,1,18
4570,18,2,9
4571,18,1,18
4572,18,0,10
4573,18,1,18
4574,18,1,18
4575,18,2,9
4576,18,1,18
4577,18,0,10
4578,18,3,17
4579,18,1,18
4580,18,0,10
4581,18,1,18
4582,18,1,18
4583,18,1,18
4584,18,1,18
4585,18,3,17
4586,18,1,18
4587,18,0,10
4588,18,3,17
4589,18,0,10
4590,18,2,9
4591,18,0,10
4592,18,3,17
4593,18,3,17
4594,18,1,18
4595,18,4,4
4596,18,3,17
4597,18,3,17
4598,18,1,18
4599,18,1,18
4600,18,2,9
4601,18,1,18
4602,18,3,17
4603,18,1,18
4604,18,1,18
4605,18,1,18
4606,18,3,17
4607,18,2,9
4608,18,4,4
4609,18,1,18
4610,18,1,18
4611,18,2,9
4612,18,0,10
4613,18,0,10
4614,18,1,18
4615,18,3,17
4616,18,1,18
4617,18,1,18
4618,18,0,10
4619,18,3,17
4620,18,0,10
4621,18,1,18
4622,18,1,18
4623,18,0,10
4624,18,3,17
4625,18,1,18
4626,18,1,18
4627,18,4,4
4628,18,3,17
4629,18,1,18
4630,18,4,4
4631,18,0,10
4632,18,2,9
4633,18,1,18
4634,18,4,4
4635,18,0,10
4636,18,1,18
4637,18,0,10
4638,18,0,10
4639,18,1,18
4640,18,1,18
4641,18,1,18
4642,18,1,18
4643,18,0,10
4644,18,1,18
4645,18,1,18
4646,18,0,10
4647,18,1,18
4648,18,4,4
4649,18,0,10
4650,18,0,10
4651,18,2,9
4652,18,0,10
4653,18,1,18
4654,18,0,10
4655,18,1,18
4656,18,0,10
4657,18,3,17
4658,18,1,18
4659,18,1,18
4660,18,1,18
4661,18,1,18
4662,18,1,18
4663,18,0,10
4664,18,1,18
4665,18,4,4
4666,18,1,18
4667,18,3,17
4668,18,1,18
4669,18,0,10
4670,18,1,18
4671,18,0,10
4672,18,1,18
4673,18,1,18
4674,18,1,18
4675,18,0,10
4676,18,0,10
4677,18,3,17
4678,18,1,18
4679,18,1,18
4680,18,1,18
4681,18,1,18
4682,18,0,10
4683,18,2,9
4684,18,3,17
4685,18,3,17
4686,18,1,18
4687,18,1,18
4688,18,2,9
4689,18,1,18
4690,18,0,10
4691,18,0,10
4692,18,1,18
4693,18,3,17
4694,18,1,18
4695,18,3,17
4696,18,1,18
4697,18,1,18
4698,18,3,17
4699,18,1,18
4700,18,1,18
4701,18,1,18
4702,18,3,17
4703,18,1,18
4704,18,0,10
4705,18,3,17
4706,18,0,10
4707,18,3,17
4708,18,3,17
4709,18,3,17
4710,18,3,17
4711,18,3,17
4712,18,2,9
4713,18,0,10
4714,18,3,17
4715,18,1,18
4716,18,0,10
4717,18,1,18
4718,18,1,18
4719,18,0,10
4720,18,2,9
4721,18,0,10
4722,18,3,17
4723,18,1,18
4724,18,2,9
4725,18,0,10
4726,18,1,18
4727,18,3,17
4728,18,0,10
4729,18,1,18
4730,18,0,10
4731,18,1,18
4732,18,0,10
4733,18,1,18
4734,18,3,17
4735,18,0,10
4736,18,0,10
4737,18,1,18
4738,18,0,10
4739,18,3,17
4740,18,0,10
4741,18,1,18
4742,18,3,17
4743,18,1,18
4744,18,1,18
4745,18,0,10
4746,18,1,18
4747,18,0,10
4748,18,4,4
4749,18,1,18
4750,18,0,10
4751,18,3,17
4752,18,1,18
4753,18,2,9
4754,18,1,18
4755,18,1,18
4756,18,1,18
4757,18,0,10
4758,18,0,10
4759,18,3,17
4760,18,1,18
4761,18,3,17
4762,18,1,18
4763,18,1,18
4764,18,0,10
4765,18,1,18
4766,18,3,17
4767,18,1,18
4768,18,4,4
4769,18,1,18
4770,18,1,18
4771,18,0,10
4772,18,1,18
4773,18,1,18
4774,18,0,10
4775,18,0,10
4776,18,2,9
4777,18,1,18
4778,18,3,17
4779,18,1,18
4780,18,1,18
4781,18,1,18
4782,18,0,10
4783,18,3,17
4784,18,1,18
4785,18,3,17
4786,18,2,9
4787,18,1,18
4788,18,3,17
4789,18,0,10
4790,18,1,18
4791,18,2,9
4792,18,0,10
4793,18,0,10
4794,18,3,17
4795,18,2,9
4796,18,1,18
4797,18,0,10
4798,18,1,18
4799,18,0,10
4800,18,0,10
4801,18,0,10
4802,18,0,10
4803,18,4,4
4804,18,1,18
4805,18,3,17
4806,18,1,18
4807,18,2,9
4808,18,0,10
4809,18,1,18
4810,18,0,10
4811,18,2,9
4812,18,3,17
4813,18,2,9
4814,18,0,10
4815,18,1,18
4816,18,3,17
4817,18,1,18
4818,18,0,10
4819,18,1,18
4820,18,0,10
4821,18,3,17
4822,18,1,18
4823,18,0,10
4824,18,3,17
4825,18,3,17
4826,18,1,18
4827,18,3,17
4828,18,1,18
4829,18,1,18
4830,18,1,18
4831,18,1,18
4832,18,0,10
4833,18,3,17
4834,18,1,18
4835,18,0,10
4836,18,3,17
4837,18,0,10
4838,18,0,10
4839,18,1,18
4840,18,1,18
4841,18,1,18
4842,18,2,9
4843,18,0,10
4844,18,1,18
4845,18,1,18
4846,18,1,18
4847,18,1,18
4848,18,2,9
4849,18,1,18
4850,18,1,18
4851,18,3,17
4852,18,3,17
4853,18,2,9
4854,18,0,10
4855,18,1,18
4856,18,1,18
4857,18,1,18
4858,18,1,18
4859,18,1,18
4860,18,0,10
4861,18,1,18
4862,18,3,17
4863,18,1,18
4864,18,1,18
4865,18,0,10
4866,18,3,17
4867,18,1,18
4868,18,3,17
4869,18,0,10
4870,18,1,18
4871,18,0,10
4872,18,1,18
4873,18,0,10
4874,18,1,18
4875,18,0,10
4876,18,1,18
4877,18,1,18
4878,18,1,18
4879,18,3,17
4880,18,3,17
4881,18,0,10
4882,18,4,4
4883,18,0,10
4884,18,2,9
4885,18,3,17
4886,18,2,9
4887,18,2,9
4888,18,1,18
4889,18,3,17
4890,18,0,10
4891,18,1,18
4892,18,0,10
4893,18,1,18
4894,18,3,17
4895,18,1,18
4896,18,2,9
4897,18,1,18
4898,18,3,17
4899,18,4,4
4900,18,3,17
4901,18,1,18
4902,18,1,18
4903,18,0,10
4904,18,1,18
4905,18,1,18
4906,18,2,9
4907,18,0,10
4908,18,1,18
4909,18,1,18
4910,18,1,18
4911,18,0,10
4912,18,3,17
4913,18,2,9
4914,18,1,18
4915,18,0,10
4916,18,4,4
4917,18,1,18
4918,18,0,10
4919,18,0,10
4920,18,0,10
4921,18,0,10
4922,18,0,10
4923,18,1,18
4924,18,0,10
4925,18,1,18
4926,18,2,9
4927,18,0,10
4928,18,3,17
4929,18,1,18
4930,18,0,10
4931,18,3,17
4932,18,1,18
4933,18,1,18
4934,18,0,10
4935,18,1,18
4936,18,0,10
4937,18,2,9
4938,18,1,18
4939,18,0,10
4940,18,3,17
4941,18,1,18
4942,18,1,18
4943,18,1,18
4944,18,4,4
4945,18,0,10
4946,18,1,18
4947,18,1,18
4948,18,1,18
4949,18,4,4
4950,18,1,18
4951,18,3,17
4952,18,2,9
4953,18,0,10
4954,18,2,9
4955,18,1,18
4956,18,3,17
4957,18,0,10
4958,18,1,18
4959,18,3,17
4960,18,0,10
4961,18,1,18
4962,18,1,18
4963,18,4,4
4964,18,0,10
4965,18,1,18
4966,18,2,9
4967,18,1,18
4968,18,2,9
4969,18,1,18
4970,18,1,18
4971,18,3,17
4972,18,1,18
4973,18,1,18
4974,18,4,4
4975,18,0,10
4976,18,0,10
4977,18,3,17
4978,18,1,18
4979,18,4,4
4980,18,4,4
4981,18,1,18
4982,18,0,10
4983,18,2,9
4984,18,3,17
4985,18,3,17
4986,18,3,17
4987,18,0,10
4988,18,2,9
4989,18,1,18
4990,18,2,9
4991,18,3,17
4992,18,0,10
4993,18,1,18
4994,18,3,17
4995,18,0,10
4996,18,4,4
4997,18,1,18
4998,18,3,17
4999,18,0,10
5000,18,1,18
5001,18,0,10
5002,18,2,9
5003,18,1,18
5004,18,1,18
5005,18,3,17
5006,18,1,18
5007,18,1,18
5008,18,3,17
5009,18,3,17
5010,18,3,17
5011,18,1,18
5012,18,3,17
5013,18,1,18
5014,18,0,10
5015,18,1,18
5016,18,2,9
5017,18,0,10
5018,18,1,18
5019,18,1,18
5020,18,1,18
5021,18,3,17
5022,18,2,9
5023,18,3,17
5024,18,2,9
5025,18,3,17
5026,18,1,18
5027,18,3,17
5028,18,1,18
5029,18,1,18
5030,18,0,10
5031,18,1,18
5032,18,0,10
5033,18,0,10
5034,18,3,17
5035,18,0,10
5036,18,1,18
5037,18,1,18
5038,18,0,10
5039,18,3,17
5040,18,0,10
5041,18,2,9
5042,18,1,18
5043,18,1,18
5044,18,1,18
5045,18,0,10
5046,18,3,17
5047,18,2,9
5048,18,0,10
5049,18,0,10
5050,18,3,17
5051,18,3,17
5052,18,2,9
5053,18,1,18
5054,18,2,9
5055,18,2,9
5056,18,2,9
5057,18,0,10
5058,18,2,9
5059,18,2,9
5060,18,4,4
5061,18,2,9
5062,18,3,17
5063,18,0,10
5064,18,1,18
5065,18,2,9
5066,18,1,18
5067,18,2,9
5068,18,4,4
5069,18,0,10
5070,18,2,9
5071,18,2,9
5072,18,2,9
5073,18,3,17
5074,18,2,9
5075,18,0,10
5076,18,3,17
5077,18,0,10
5078,18,0,10
5079,18,3,17
5080,18,0,10
5081,18,2,9
5082,18,2,9
5083,18,1,18
5084,18,2,9
5085,18,2,9
5086,18,3,17
5087,18,1,18
5088,18,2,9
5089,18,2,9
5090,18,0,10
5091,18,3,17
5092,18,3,17
5093,18,3,17
5094,18,2,9
5095,18,1,18
5096,18,0,10
5097,18,1,18
5098,18,0,10
5099,18,1,18
5100,18,2,9
5101,18,3,17
5102,18,0,10
5103,18,1,18
5104,18,2,9
5105,18,3,17
5106,18,2,9
5107,18,3,17
5108,18,3,17
5109,18,1,18
5110,18,0,10
5111,18,2,9
5112,18,0,10
5113,18,0,10
5114,18,2,9
5115,18,0,10
5116,18,3,17
5117,18,3,17
5118,18,2,9
5119,18,2,9
5120,18,1,18
5121,18,2,9
5122,18,2,9
5123,18,1,18
5124,18,2,9
5125,18,0,10
5126,18,1,18
5127,18,3,17
5128,18,0,10
5129,18,3,17
5130,18,0,10
5131,18,1,18
5132,18,1,18
5133,18,1,18
5134,18,2,9
5135,18,1,18
5136,18,2,9
5137,18,2,9
5138,18,1,18
5139,18,3,17
5140,18,1,18
5141,18,0,10
5142,18,0,10
5143,18,0,10
5144,18,0,10
5145,18,4,4
5146,18,1,18
5147,18,4,4
5148,18,2,9
5149,18,0,10
5150,18,2,9
5151,18,3,17
5152,18,2,9
5153,18,0,10
5154,18,4,4
5155,18,0,10
5156,18,1,18
5157,18,3,17
5158,18,2,9
5159,18,0,10
5160,18,2,9
5161,18,3,17
5162,18,2,9
5163,18,4,4
5164,18,0,10
5165,18,1,18
5166,18,2,9
5167,18,2,9
5168,18,2,9
5169,18,0,10
5170,18,2,9
5171,18,0,10
5172,18,1,18
5173,18,2,9
5174,18,2,9
5175,18,2,9
5176,18,1,18
5177,18,2,9
5178,18,2,9
5179,18,1,18
5180,18,1,18
5181,18,1,18
5182,18,2,9
5183,18,1,18
5184,18,2,9
5185,18,3,17
5186,18,4,4
5187,18,1,18
5188,18,4,4
5189,18,3,17
5190,18,0,10
5191,18,2,9
5192,18,2,9
5193,18,0,10
5194,18,1,18
5195,18,2,9
5196,18,2,9
5197,18,1,18
5198,18,2,9
5199,18,2,9
5200,18,1,18
5201,18,1,18
5202,18,2,9
5203,18,2,9
5204,18,1,18
5205,18,4,4
5206,18,2,9
5207,18,3,17
5208,18,2,9
5209,18,3,17
5210,18,1,18
5211,18,2,9
5212,18,1,18
5213,18,0,10
5214,18,2,9
5215,18,1,18
5216,18,2,9
5217,18,3,17
5218,18,1,18
5219,18,3,17
5220,18,2,9
5221,18,4,4
5222,18,1,18
5223,18,3,17
5224,18,0,10
5225,18,2,9
5226,18,0,10
5227,18,2,9
5228,18,1,18
5229,18,2,9
5230,18,0,10
5231,18,2,9
5232,18,1,18
5233,18,2,9
5234,18,1,18
5235,18,1,18
5236,18,2,9
5237,18,3,17
5238,18,3,17
5239,18,1,18
5240,18,2,9
5241,18,2,9
5242,18,1,18
5243,18,3,17
5244,18,3,17
5245,18,3,17
5246,18,2,9
5247,18,0,10
5248,18,0,10
5249,18,2,9
5250,18,1,18
5251,18,2,9
5252,18,1,18
5253,18,0,10
5254,18,0,10
5255,18,2,9
5256,18,0,10
5257,18,1,18
5258,18,3,17
5259,18,0,10
5260,18,4,4
5261,18,3,17
5262,18,2,9
5263,18,3,17
5264,18,3,17
5265,18,2,9
5266,18,1,18
5267,18,2,9
5268,18,0,10
5269,18,1,18
5270,18,0,10
5271,18,0,10
5272,18,2,9
5273,18,3,17
5274,18,2,9
5275,18,1,18
5276,18,0,10
5277,18,1,18
5278,18,1,18
5279,18,3,17
5280,18,1,18
5281,18,0,10
5282,18,2,9
5283,18,1,18
5284,18,0,10
5285,18,2,9
5286,18,3,17
5287,18,3,17
5288,18,1,18
5289,18,2,9
5290,18,3,17
5291,18,2,9
5292,18,0,10
5293,18,0,10
5294,18,1,18
5295,18,1,18
5296,18,2,9
5297,18,2,9
5298,18,1,18
5299,18,4,4
5300,18,4,4
5301,18,2,9
5302,18,1,18
5303,18,0,10
5304,18,0,10
5305,18,2,9
5306,18,1,18
5307,18,2,9
5308,18,3,17
5309,18,2,9
5310,18,2,9
5311,18,2,9
5312,18,0,10
5313,18,1,18
5314,18,3,17
5315,18,4,4
5316,18,2,9
5317,18,3,17
5318,18,1,18
5319,18,1,18
5320,18,1,18
5321,18,2,9
5322,18,2,9
5323,18,3,17
5324,18,3,17
5325,18,0,10
5326,18,2,9
5327,18,1,18
5328,18,2,9
5329,18,2,9
5330,18,2,9
5331,18,3,17
5332,18,3,17
5333,18,3,17
5334,18,3,17
5335,18,2,9
5336,18,2,9
5337,18,2,9
5338,18,3,17
5339,18,0,10
5340,18,1,18
5341,18,1,18
5342,18,1,18
5343,18,3,17
5344,18,0,10
5345,18,2,9
5346,18,1,18
5347,18,0,10
5348,18,2,9
5349,18,3,17
5350,18,2,9
5351,18,0,10
5352,18,1,18
5353,18,2,9
5354,18,1,18
5355,18,2,9
5356,18,2,9
5357,18,0,10
5358,18,1,18
5359,18,1,18
5360,18,1,18
5361,18,0,10
5362,18,2,9
5363,18,2,9
5364,18,4,4
5365,18,0,10
5366,18,3,17
5367,18,1,18
5368,18,1,18
5369,18,1,18
5370,18,3,17
5371,18,2,9
5372,18,4,4
5373,18,2,9
5374,18,0,10
5375,18,0,10
5376,18,1,18
5377,18,1,18
5378,18,2,9
5379,18,2,9
5380,18,0,10
5381,18,2,9
5382,18,0,10
5383,18,2,9
5384,18,0,10
5385,18,2,9
5386,18,1,18
5387,18,2,9
5388,18,1,18
5389,18,3,17
5390,18,2,9
5391,18,1,18
5392,18,0,10
5393,18,1,18
5394,18,2,9
5395,18,1,18
5396,18,1,18
5397,18,1,18
5398,18,1,18
5399,18,2,9
5400,18,2,9
5401,18,2,9
5402,18,2,9
5403,18,2,9
5404,18,2,9
5405,18,2,9
5406,18,1,18
5407,18,3,17
5408,18,3,17
5409,18,1,18
5410,18,4,4
5411,18,0,10
5412,18,3,17
5413,18,4,4
5414,18,2,9
5415,18,2,9
5416,18,2,9
5417,18,0,10
5418,18,2,9
5419,18,0,10
5420,18,2,9
5421,18,0,10
5422,18,1,18
5423,18,1,18
5424,18,1,18
5425,18,1,18
5426,18,1,18
5427,18,0,10
5428,18,4,4
5429,18,1,18
5430,18,0,10
5431,18,2,9
5432,18,1,18
5433,18,2,9
5434,18,2,9
5435,18,2,9
5436,18,4,4
5437,18,2,9
5438,18,1,18
5439,18,1,18
5440,18,1,18
5441,18,0,10
5442,18,2,9
5443,18,2,9
5444,18,0,10
5445,18,1,18
5446,18,2,9
5447,18,0,10
5448,18,3,17
5449,18,3,17
5450,18,0,10
5451,18,1,18
5452,18,2,9
5453,18,1,18
5454,18,4,4
5455,18,4,4
5456,18,2,9
5457,18,0,10
5458,18,2,9
5459,18,1,18
5460,18,2,9
5461,18,1,18
5462,18,1,18
5463,18,1,18
5464,18,3,17
5465,18,0,10
5466,18,0,10
5467,18,3,17
5468,18,0,10
5469,18,1,18
5470,18,2,9
5471,18,1,18
5472,18,4,4
5473,18,3,17
5474,18,0,10
5475,18,1,18
5476,18,3,17
5477,18,2,9
5478,18,2,9
5479,18,0,10
5480,18,0,10
5481,18,2,9
5482,18,2,9
5483,18,2,9
5484,18,3,17
5485,18,2,9
5486,18,0,10
5487,18,1,18
5488,18,0,10
5489,18,1,18
5490,18,2,9
5491,18,1,18
5492,18,4,4
5493,18,2,9
5494,18,2,9
5495,18,2,9
5496,18,2,9
5497,18,2,9
5498,18,2,9
5499,18,3,17
5500,18,0,10
5501,18,2,9
5502,18,0,10
5503,18,2,9
5504,18,1,18
5505,18,1,18
5506,18,2,9
5507,18,1,18
5508,18,0,10
5509,18,1,18
5510,18,0,10
5511,18,1,18
5512,18,0,10
5513,18,1,18
5514,18,2,9
5515,18,4,4
5516,18,2,9
5517,18,2,9
5518,18,2,9
5519,18,1,18
5520,18,1,18
5521,18,2,9
5522,18,0,10
5523,18,0,10
5524,18,2,9
5525,18,0,10
5526,18,2,9
5527,18,0,10
5528,18,2,9
5529,18,3,17
5530,18,1,18
5531,18,3,17
5532,18,1,18
5533,18,2,9
5534,18,1,18
5535,18,3,17
5536,18,0,10
5537,18,2,9
5538,18,1,18
5539,18,2,9
5540,18,2,9
5541,18,4,4
5542,18,2,9
5543,18,2,9
5544,18,1,18
5545,18,0,10
5546,18,3,17
5547,18,1,18
5548,18,0,10
5549,18,2,9
5550,18,0,10
5551,18,1,18
5552,18,1,18
5553,18,0,10
5554,18,0,10
5555,18,2,9
5556,18,3,17
5557,18,2,9
5558,18,1,18
5559,18,3,17
5560,18,2,9
5561,18,2,9
5562,18,1,18
5563,18,0,10
5564,18,4,4
5565,18,3,17
5566,18,0,10
5567,18,2,9
5568,18,2,9
5569,18,2,9
5570,18,4,4
5571,18,2,9
5572,18,0,10
5573,18,3,17
5574,18,0,10
5575,18,3,17
5576,18,1,18
5577,18,2,9
5578,18,2,9
5579,18,0,10
5580,18,4,4
5581,18,2,9
5582,18,1,18
5583,18,1,18
5584,18,3,17
5585,18,0,10
5586,18,3,17
5587,18,1,18
5588,18,4,4
5589,18,0,10
5590,18,0,10
5591,18,0,10
5592,18,1,18
5593,18,2,9
5594,18,1,18
5595,18,3,17
5596,18,2,9
5597,18,3,17
5598,18,4,4
5599,18,1,18
5600,18,0,10
5601,18,4,4
5602,18,3,17
5603,18,3,17
5604,18,0,10
5605,18,0,10
5606,18,2,9
5607,18,2,9
5608,18,1,18
5609,18,1,18
5610,18,2,9
5611,18,3,17
5612,18,3,17
5613,18,2,9
5614,18,2,9
5615,18,1,18
5616,18,4,4
5617,18,2,9
5618,18,2,9
5619,18,2,9
5620,18,0,10
5621,18,2,9
5622,18,1,18
5623,18,2,9
5624,18,0,10
5625,18,0,10
5626,18,2,9
5627,18,4,4
5628,18,0,10
5629,18,2,9
5630,18,1,18
5631,18,1,18
5632,18,2,9
5633,18,2,9
5634,18,2,9
5635,18,4,4
5636,18,3,17
5637,18,0,10
5638,18,3,17
5639,18,0,10
5640,18,1,18
5641,18,2,9
5642,18,4,4
5643,18,1,18
5644,18,0,10
5645,18,2,9
5646,18,0,10
5647,18,0,10
5648,18,2,9
5649,18,2,9
5650,18,0,10
5651,18,1,18
5652,18,0,10
5653,18,2,9
5654,18,2,9
5655,18,0,10
5656,18,2,9
5657,18,0,10
5658,18,0,10
5659,18,4,4
5660,18,0,10
5661,18,2,9
5662,18,2,9
5663,18,2,9
5664,18,3,17
5665,18,1,18
5666,18,3,17
5667,18,0,10
5668,18,2,9
5669,18,2,9
5670,18,1,18
5671,18,0,10
5672,18,2,9
5673,18,3,17
5674,18,3,17
5675,18,1,18
5676,18,0,10
5677,18,2,9
5678,18,0,10
5679,18,1,18
5680,18,2,9
5681,18,1,18
5682,18,0,10
5683,18,2,9
5684,18,0,10
5685,18,4,4
5686,18,1,18
5687,18,3,17
5688,18,1,18
5689,18,0,10
5690,18,0,10
5691,18,3,17
5692,18,0,10
5693,18,1,18
5694,18,4,4
5695,18,0,10
5696,18,2,9
5697,18,2,9
5698,18,3,17
5699,18,0,10
5700,18,1,18
5701,18,0,10
5702,18,4,4
5703,18,4,4
5704,18,3,17
5705,18,0,10
5706,18,0,10
5707,18,0,10
5708,18,2,9
5709,18,0,10
5710,18,2,9
5711,18,0,10
5712,18,0,10
5713,18,2,9
5714,18,1,18
5715,18,2,9
5716,18,3,17
5717,18,3,17
5718,18,0,10
5719,18,3,17
5720,18,1,18
5721,18,2,9
5722,18,2,9
5723,18,0,10
5724,18,0,10
5725,18,0,10
5726,18,2,9
5727,18,2,9
5728,18,0,10
5729,18,1,18
5730,18,2,9
5731,18,1,18
5732,18,1,18
5733,18,2,9
5734,18,1,18
5735,18,2,9
5736,18,1,18
5737,18,4,4
5738,18,1,18
5739,18,2,9
5740,18,2,9
5741,18,0,10
5742,18,0,10
5743,18,3,17
5744,18,2,9
5745,18,3,17
5746,18,2,9
5747,18,0,10
5748,18,1,18
5749,18,1,18
5750,18,3,17
5751,18,4,4
5752,18,1,18
5753,18,0,10
5754,18,4,4
5755,18,3,17
5756,18,2,9
5757,18,3,17
5758,18,1,18
5759,18,1,18
5760,18,1,18
5761,18,3,17
5762,18,4,4
5763,18,2,9
5764,18,1,18
5765,18,0,10
5766,18,3,17
5767,18,2,9
5768,18,1,18
5769,18,2,9
5770,18,2,9
5771,18,2,9
5772,18,2,9
5773,18,0,10
5774,18,1,18
5775,18,3,17
5776,18,1,18
5777,18,0,10
5778,18,2,9
5779,18,0,10
5780,18,2,9
5781,18,1,18
5782,18,1,18
5783,18,0,10
5784,18,4,4
5785,18,2,9
5786,18,0,10
5787,18,3,17
5788,18,2,9
5789,18,0,10
5790,18,2,9
5791,18,2,9
5792,18,0,10
5793,18,2,9
5794,18,2,9
5795,18,3,17
5796,18,0,10
5797,18,0,10
5798,18,3,17
5799,18,3,17
5800,18,1,18
5801,18,2,9
5802,18,2,9
5803,18,2,9
5804,18,1,18
5805,18,1,18
5806,18,0,10
5807,18,4,4
5808,18,3,17
5809,18,1,18
5810,18,4,4
5811,18,1,18
5812,18,4,4
5813,18,3,17
5814,18,1,18
5815,18,3,17
5816,18,0,10
5817,18,4,4
5818,18,0,10
5819,18,0,10
5820,18,0,10
5821,18,3,17
5822,18,0,10
5823,18,1,18
5824,18,2,9
5825,18,2,9
5826,18,0,10
5827,18,1,18
5828,18,2,9
5829,18,1,18
5830,18,0,10
5831,18,1,18
5832,18,2,9
5833,18,0,10
5834,18,3,17
5835,18,4,4
5836,18,1,18
5837,18,4,4
5838,18,1,18
5839,18,2,9
5840,18,0,10
5841,18,0,10
5842,18,3,17
5843,18,2,9
5844,18,0,10
5845,18,2,9
5846,18,2,9
5847,18,0,10
5848,18,2,9
5849,18,1,18
5850,18,2,9
5851,18,2,9
5852,18,2,9
5853,18,2,9
5854,18,3,17
5855,18,2,9
5856,18,2,9
5857,18,2,9
5858,18,0,10
5859,18,0,10
5860,18,1,18
5861,18,4,4
5862,18,1,18
5863,18,3,17
5864,18,3,17
5865,18,2,9
5866,18,2,9
5867,18,2,9
5868,18,1,18
5869,18,2,9
5870,18,4,4
5871,18,1,18
5872,18,1,18
5873,18,3,17
5874,18,0,10
5875,18,1,18
5876,18,1,18
5877,18,0,10
5878,18,3,17
5879,18,2,9
5880,18,2,9
5881,18,2,9
5882,18,0,10
5883,18,4,4
5884,18,2,9
5885,18,1,18
5886,18,3,17
5887,18,1,18
5888,18,1,18
5889,18,2,9
5890,18,2,9
5891,18,3,17
5892,18,3,17
5893,18,1,18
5894,18,4,4
5895,18,1,18
5896,18,0,10
5897,18,0,10
5898,18,0,10
5899,18,2,9
5900,18,1,18
5901,18,1,18
5902,18,1,18
5903,18,1,18
5904,18,2,9
5905,18,1,18
5906,18,0,10
5907,18,0,10
5908,18,4,4
5909,18,2,9
5910,18,3,17
5911,18,3,17
5912,18,3,17
5913,18,2,9
5914,18,2,9
5915,18,1,18
5916,18,2,9
5917,18,3,17
5918,18,1,18
5919,18,4,4
5920,18,3,17
5921,18,0,10
5922,18,1,18
5923,18,2,9
5924,18,2,9
5925,18,1,18
5926,18,2,9
5927,18,1,18
5928,18,0,10
5929,18,3,17
5930,18,4,4
5931,18,2,9
5932,18,3,17
5933,18,1,18
5934,18,2,9
5935,18,2,9
5936,18,2,9
5937,18,0,10
5938,18,1,18
5939,18,0,10
5940,18,1,18
5941,18,0,10
5942,18,2,9
5943,18,4,4
5944,18,0,10
5945,18,2,9
5946,18,2,9
5947,18,3,17
5948,18,2,9
5949,18,3,17
5950,18,3,17
5951,18,2,9
5952,18,0,10
5953,18,0,10
5954,18,1,18
5955,18,4,4
5956,18,2,9
5957,18,2,9
5958,18,4,4
5959,18,1,18
5960,18,1,18
5961,18,1,18
5962,18,2,9
5963,18,2,9
5964,18,2,9
5965,18,2,9
5966,18,2,9
5967,18,1,18
5968,18,3,17
5969,18,1,18
5970,18,4,4
5971,18,3,17
5972,18,1,18
5973,18,2,9
5974,18,2,9
5975,18,3,17
5976,18,1,18
5977,18,2,9
5978,18,1,18
5979,18,1,18
5980,18,1,18
5981,18,1,18
5982,18,1,18
5983,18,3,17
5984,18,3,17
5985,18,4,4
5986,18,1,18
5987,18,1,18
5988,18,2,9
5989,18,0,10
5990,18,3,17
5991,18,2,9
5992,18,1,18
5993,18,1,18
5994,18,1,18
5995,18,2,9
5996,18,2,9
5997,18,1,18
5998,18,2,9
5999,18,1,18
6000,18,0,10
6001,18,3,17
6002,18,1,18
6003,18,4,4
6004,18,2,9
6005,18,1,18
6006,18,3,17
6007,18,3,17
6008,18,0,10
6009,18,2,9
6010,18,1,18
6011,18,3,17
6012,18,2,9
6013,18,2,9
6014,18,1,18
6015,18,0,10
6016,18,0,10
6017,18,0,10
6018,18,1,18
6019,18,1,18
6020,18,2,9
6021,18,3,17
6022,18,0,10
6023,18,2,9
6024,18,0,10
6025,18,2,9
6026,18,2,9
6027,18,3,17
6028,18,4,4
6029,18,3,17
6030,18,1,18
6031,18,0,10
6032,18,2,9
6033,18,0,10
6034,18,3,17
6035,18,0,10
6036,18,0,10
6037,18,0,10
6038,18,1,18
6039,18,3,17
6040,18,2,9
6041,18,1,18
6042,18,2,9
6043,18,3,17
6044,18,2,9
6045,18,3,17
6046,18,1,18
6047,18,0,10
6048,18,0,10
6049,18,0,10
6050,18,1,18
6051,18,1,18
6052,18,3,17
6053,18,2,9
6054,18,0,10
6055,18,0,10
6056,18,1,18
6057,18,2,9
6058,18,3,17
6059,18,0,10
6060,18,2,9
6061,18,2,9
6062,18,3,17
6063,18,1,18
6064,18,0,10
6065,18,0,10
6066,18,1,18
6067,18,1,18
6068,18,2,9
6069,18,2,9
6070,18,3,17
6071,18,0,10
6072,18,4,4
6073,18,1,18
6074,18,0,10
6075,18,4,4
6076,18,0,10
6077,18,3,17
6078,18,4,4
6079,18,1,18
6080,18,1,18
6081,18,1,18
6082,18,0,10
6083,18,1,18
6084,18,1,18
6085,18,2,9
6086,18,3,17
6087,18,4,4
6088,18,3,17
6089,18,2,9
6090,18,1,18
6091,18,2,9
6092,18,2,9
6093,18,3,17
6094,18,1,18
6095,18,2,9
6096,18,4,4
6097,18,3,17
6098,18,1,18
6099,18,3,17
6100,18,1,18
6101,18,1,18
6102,18,1,18
6103,18,3,17
6104,18,2,9
6105,18,0,10
6106,18,2,9
6107,18,3,17
6108,18,2,9
6109,18,0,10
6110,18,0,10
6111,18,3,17
6112,18,1,18
6113,18,4,4
6114,18,2,9
6115,18,1,18
6116,18,1,18
6117,18,2,9
6118,18,2,9
6119,18,1,18
6120,18,2,9
6121,18,0,10
6122,18,3,17
6123,18,2,9
6124,18,1,18
6125,18,2,9
6126,18,2,9
6127,18,1,18
6128,18,0,10
6129,18,2,9
6130,18,2,9
6131,18,2,9
6132,18,4,4
6133,18,4,4
6134,18,0,10
6135,18,0,10
6136,18,0,10
6137,18,3,17
6138,18,2,9
6139,18,3,17
6140,18,0,10
6141,18,1,18
6142,18,4,4
6143,18,1,18
6144,18,3,17
6145,18,2,9
6146,18,1,18
6147,18,4,4
6148,18,0,10
6149,18,0,10
6150,18,0,10
6151,18,1,18
6152,18,2,9
6153,18,2,9
6154,18,2,9
6155,18,0,10
6156,18,0,10
6157,18,1,18
6158,18,1,18
6159,18,1,18
6160,18,1,18
6161,18,0,10
6162,18,1,18
6163,18,2,9
6164,18,1,18
6165,18,1,18
6166,18,2,9
6167,18,3,17
6168,18,0,10
6169,18,0,10
6170,18,2,9
6171,18,3,17
6172,18,1,18
6173,18,2,9
6174,18,3,17
6175,18,2,9
6176,18,2,9
6177,18,0,10
6178,18,0,10
6179,18,2,9
6180,18,4,4
6181,18,1,18
6182,18,2,9
6183,18,0,10
6184,18,1,18
6185,18,2,9
6186,18,1,18
6187,18,4,4
6188,18,2,9
6189,18,3,17
6190,18,3,17
6191,18,4,4
6192,18,1,18
6193,18,0,10
6194,18,0,10
6195,18,4,4
6196,18,3,17
6197,18,3,17
6198,18,1,18
6199,18,2,9
6200,18,3,17
6201,18,2,9
6202,18,2,9
6203,18,2,9
6204,18,3,17
6205,18,3,17
6206,18,3,17
6207,18,1,18
6208,18,3,17
6209,18,1,18
6210,18,3,17
6211,18,1,18
6212,18,4,4
6213,18,2,9
6214,18,1,18
6215,18,0,10
6216,18,0,10
6217,18,2,9
6218,18,1,18
6219,18,0,10
6220,18,2,9
6221,18,1,18
6222,18,3,17
6223,18,1,18
6224,18,1,18
6225,18,0,10
6226,18,2,9
6227,18,1,18
6228,18,1,18
6229,18,3,17
6230,18,2,9
6231,18,2,9
6232,18,0,10
6233,18,0,10
6234,18,4,4
6235,18,0,10
6236,18,0,10
6237,18,3,17
6238,18,0,10
6239,18,2,9
6240,18,3,17
6241,18,1,18
6242,18,3,17
6243,18,3,17
6244,18,3,17
6245,18,1,18
6246,18,0,10
6247,18,2,9
6248,18,3,17
6249,18,2,9
6250,18,2,9
6251,18,1,18
6252,18,2,9
6253,18,3,17
6254,18,1,18
6255,18,3,17
6256,18,4,4
6257,18,0,10
6258,18,1,18
6259,18,4,4
6260,18,2,9
6261,18,3,17
6262,18,2,9
6263,18,0,10
6264,18,2,9
6265,18,1,18
6266,18,0,10
6267,18,2,9
6268,18,3,17
6269,18,1,18
6270,18,2,9
6271,18,0,10
6272,18,3,17
6273,18,1,18
6274,18,1,18
6275,18,2,9
6276,18,3,17
6277,18,2,9
6278,18,2,9
6279,18,2,9
6280,18,2,9
6281,18,0,10
6282,18,4,4
6283,18,1,18
6284,18,0,10
6285,18,0,10
6286,18,1,18
6287,18,1,18
6288,18,2,9
6289,18,2,9
6290,18,1,18
6291,18,4,4
6292,18,3,17
6293,18,3,17
6294,18,2,9
6295,18,3,17
6296,18,1,18
6297,18,3,17
6298,18,0,10
6299,18,1,18
6300,18,1,18
6301,18,1,18
6302,18,2,9
6303,18,2,9
6304,18,0,10
6305,18,1,18
6306,18,2,9
6307,18,1,18
6308,18,1,18
6309,18,2,9
6310,18,3,17
6311,18,3,17
6312,18,2,9
6313,18,2,9
6314,18,0,10
6315,18,1,18
6316,18,3,17
6317,18,4,4
6318,18,3,17
6319,18,3,17
6320,18,3,17
6321,18,2,9
6322,18,2,9
6323,18,3,17
6324,18,4,4
6325,18,2,9
6326,18,1,18
6327,18,2,9
6328,18,0,10
6329,18,1,18
6330,18,2,9
6331,18,2,9
6332,18,1,18
6333,18,3,17
6334,18,0,10
6335,18,3,17
6336,18,3,17
6337,18,0,10
6338,18,0,10
6339,18,4,4
6340,18,1,18
6341,18,1,18
6342,18,0,10
6343,18,4,4
6344,18,4,4
6345,18,2,9
6346,18,2,9
6347,18,2,9
6348,18,2,9
6349,18,0,10
6350,18,0,10
6351,18,1,18
6352,18,2,9
6353,18,0,10
6354,18,3,17
6355,18,2,9
6356,18,3,17
6357,18,2,9
6358,18,2,9
6359,18,2,9
6360,18,2,9
6361,18,0,10
6362,18,3,17
6363,18,1,18
6364,18,2,9
6365,18,2,9
6366,18,3,17
6367,18,0,10
6368,18,3,17
6369,18,2,9
6370,18,1,18
6371,18,2,9
6372,18,2,9
6373,18,0,10
6374,18,3,17
6375,18,4,4
6376,18,3,17
6377,18,0,10
6378,18,4,4
6379,18,1,18
6380,18,1,18
6381,18,0,10
6382,18,2,9
6383,18,1,18
6384,18,3,17
6385,18,1,18
6386,18,0,10
6387,18,1,18
6388,18,1,18
6389,18,1,18
6390,18,4,4
6391,18,1,18
6392,18,3,17
6393,18,2,9
6394,18,2,9
6395,18,2,9
6396,18,1,18
6397,18,3,17
6398,18,1,18
6399,18,1,18
6400,18,1,18
6401,18,0,10
6402,18,0,10
6403,18,4,4
6404,18,2,9
6405,18,0,10
6406,18,2,9
6407,18,0,10
6408,18,3,17
6409,18,2,9
6410,18,3,17
6411,18,3,17
6412,18,0,10
6413,18,1,18
6414,18,0,10
6415,18,2,9
6416,18,0,10
6417,18,1,18
6418,18,1,18
6419,18,0,10
6420,18,1,18
6421,18,1,18
6422,18,2,9
6423,18,1,18
6424,18,2,9
6425,18,3,17
6426,18,0,10
6427,18,0,10
6428,18,1,18
6429,18,3,17
6430,18,2,9
6431,18,0,10
6432,18,2,9
6433,18,4,4
6434,18,3,17
6435,18,2,9
6436,18,4,4
6437,18,4,4
6438,18,2,9
6439,18,2,9
6440,18,3,17
6441,18,4,4
6442,18,1,18
6443,18,1,18
6444,18,0,10
6445,18,0,10
6446,18,0,10
6447,18,2,9
6448,18,1,18
6449,18,1,18
6450,18,2,9
6451,18,2,9
6452,18,2,9
6453,18,2,9
6454,18,2,9
6455,18,1,18
6456,18,2,9
6457,18,2,9
6458,18,3,17
6459,18,1,18
6460,18,1,18
6461,18,0,10
6462,18,3,17
6463,18,3,17
6464,18,2,9
6465,18,3,17
6466,18,0,10
6467,18,0,10
6468,18,1,18
6469,18,1,18
6470,18,0,10
6471,18,0,10
6472,18,1,18
6473,18,0,10
6474,18,0,10
6475,18,0,10
6476,18,1,18
6477,18,2,9
6478,18,1,18
6479,18,2,9
6480,18,0,10
6481,18,3,17
6482,18,1,18
6483,18,3,17
6484,18,0,10
6485,18,2,9
6486,18,2,9
6487,18,1,18
6488,18,3,17
6489,18,4,4
6490,18,1,18
6491,18,3,17
6492,18,3,17
6493,18,1,18
6494,18,4,4
6495,18,3,17
6496,18,1,18
6497,18,2,9
6498,18,0,10
6499,18,2,9
6500,18,2,9
6501,18,1,18
6502,18,3,17
6503,18,3,17
6504,18,3,17
6505,18,2,9
6506,18,2,9
6507,18,0,10
6508,18,3,17
6509,18,0,10
6510,18,2,9
6511,18,2,9
6512,18,2,9
6513,18,1,18
6514,18,1,18
6515,18,1,18
6516,18,3,17
6517,18,1,18
6518,18,1,18
6519,18,3,17
6520,18,1,18
6521,18,3,17
6522,18,1,18
6523,18,1,18
6524,18,3,17
6525,18,1,18
6526,18,2,9
6527,18,2,9
6528,18,2,9
6529,18,2,9
6530,18,1,18
6531,18,2,9
6532,18,1,18
6533,18,3,17
6534,18,2,9
6535,18,1,18
6536,18,3,17
6537,18,3,17
6538,18,1,18
6539,18,3,17
6540,18,2,9
6541,18,3,17
6542,18,4,4
6543,18,2,9
6544,18,0,10
6545,18,2,9
6546,18,4,4
6547,18,1,18
6548,18,0,10
6549,18,2,9
6550,18,2,9
6551,18,2,9
6552,18,1,18
6553,18,2,9
6554,18,1,18
6555,18,3,17
6556,18,3,17
6557,18,2,9
6558,18,1,18
6559,18,2,9
6560,18,1,18
6561,18,1,18
6562,18,0,10
6563,18,2,9
6564,18,0,10
6565,18,2,9
6566,18,0,10
6567,18,0,10
6568,18,1,18
6569,18,0,10
6570,18,1,18
6571,18,3,17
6572,18,3,17
6573,18,2,9
6574,18,4,4
6575,18,0,10
6576,18,1,18
6577,18,1,18
6578,18,4,4
6579,18,2,9
6580,18,1,18
6581,18,3,17
6582,18,2,9
6583,18,1,18
6584,18,3,17
6585,18,0,10
6586,18,0,10
6587,18,0,10
6588,18,1,18
6589,18,2,9
6590,18,1,18
6591,18,1,18
6592,18,3,17
6593,18,4,4
6594,18,0,10
6595,18,1,18
6596,18,2,9
6597,18,1,18
6598,18,1,18
6599,18,2,9
6600,18,3,17
6601,18,2,9
6602,18,0,10
6603,18,1,18
6604,18,1,18
6605,18,3,17
6606,18,2,9
6607,18,4,4
6608,18,0,10
6609,18,1,18
6610,18,1,18
6611,18,1,18
6612,18,1,18
6613,18,1,18
6614,18,2,9
6615,18,0,10
6616,18,0,10
6617,18,2,9
6618,18,2,9
6619,18,1,18
6620,18,4,4
6621,18,3,17
6622,18,0,10
6623,18,1,18
6624,18,1,18
6625,18,0,10
6626,18,1,18
6627,18,3,17
6628,18,1,18
6629,18,1,18
6630,18,2,9
6631,18,3,17
6632,18,2,9
6633,18,1,18
6634,18,2,9
6635,18,1,18
6636,18,2,9
6637,18,1,18
6638,18,2,9
6639,18,3,17
6640,18,2,9
6641,18,2,9
6642,18,3,17
6643,18,2,9
6644,18,0,10
6645,18,1,18
6646,18,0,10
6647,18,1,18
6648,18,0,10
6649,18,3,17
6650,18,0,10
6651,18,2,9
6652,18,3,17
6653,18,2,9
6654,18,1,18
6655,18,4,4
6656,18,4,4
6657,18,1,18
6658,18,2,9
6659,18,0,10
6660,18,3,17
6661,18,1,18
6662,18,2,9
6663,18,0,10
6664,18,3,17
6665,18,1,18
6666,18,2,9
6667,18,0,10
6668,18,1,18
6669,18,4,4
6670,18,1,18
6671,18,2,9
6672,18,2,9
6673,18,2,9
6674,18,3,17
6675,18,2,9
6676,18,2,9
6677,18,2,9
6678,18,3,17
6679,18,2,9
6680,18,0,10
6681,18,4,4
6682,18,2,9
6683,18,2,9
6684,18,2,9
6685,18,4,4
6686,18,2,9
6687,18,0,10
6688,18,0,10
6689,18,2,9
6690,18,2,9
6691,18,2,9
6692,18,2,9
6693,18,1,18
6694,18,3,17
6695,18,3,17
6696,18,1,18
6697,18,1,18
6698,18,0,10
6699,18,2,9
6700,18,2,9
6701,18,3,17
6702,18,2,9
6703,18,2,9
6704,18,2,9
6705,18,0,10
6706,18,1,18
6707,18,4,4
6708,18,4,4
6709,18,3,17
6710,18,2,9
6711,18,2,9
6712,18,3,17
6713,18,1,18
6714,18,1,18
6715,18,2,9
6716,18,3,17
6717,18,2,9
6718,18,3,17
6719,18,3,17
6720,18,2,9
6721,18,4,4
6722,18,2,9
6723,18,2,9
6724,18,3,17
6725,18,2,9
6726,18,1,18
6727,18,2,9
6728,18,1,18
6729,18,4,4
6730,18,3,17
6731,18,2,9
6732,18,2,9
6733,18,2,9
6734,18,2,9
6735,18,2,9
6736,18,2,9
6737,18,2,9
6738,18,0,10
6739,18,2,9
6740,18,4,4
6741,18,0,10
6742,18,2,9
6743,18,2,9
6744,18,4,4
6745,18,2,9
6746,18,2,9
6747,18,1,18
6748,18,1,18
6749,18,2,9
6750,18,1,18
6751,18,0,10
6752,18,0,10
6753,18,1,18
6754,18,3,17
6755,18,1,18
6756,18,1,18
6757,18,3,17
6758,18,4,4
6759,18,0,10
6760,18,0,10
6761,18,1,18
6762,18,2,9
6763,18,2,9
6764,18,2,9
6765,18,0,10
6766,18,4,4
6767,18,1,18
6768,18,3,17
6769,18,1,18
6770,18,0,10
6771,18,1,18
6772,18,3,17
6773,18,0,10
6774,18,2,9
6775,18,3,17
6776,18,0,10
6777,18,0,10
6778,18,0,10
6779,18,3,17
6780,18,1,18
6781,18,1,18
6782,18,3,17
6783,18,2,9
6784,18,0,10
6785,18,3,17
6786,18,3,17
6787,18,3,17
6788,18,3,17
6789,18,0,10
6790,18,1,18
6791,18,2,9
6792,18,2,9
6793,18,2,9
6794,18,2,9
6795,18,2,9
6796,18,1,18
6797,18,3,17
6798,18,1,18
6799,18,3,17
6800,18,2,9
6801,18,2,9
6802,18,2,9
6803,18,1,18
6804,18,2,9
6805,18,1,18
6806,18,2,9
6807,18,2,9
6808,18,3,17
6809,18,1,18
6810,18,1,18
6811,18,2,9
6812,18,2,9
6813,18,3,17
6814,18,1,18
6815,18,1,18
6816,18,2,9
6817,18,2,9
6818,18,2,9
6819,18,4,4
6820,18,2,9
6821,18,1,18
6822,18,2,9
6823,18,1,18
6824,18,2,9
6825,18,3,17
6826,18,3,17
6827,18,2,9
6828,18,2,9
6829,18,2,9
6830,18,1,18
6831,18,3,17
6832,18,0,10
6833,18,4,4
6834,18,3,17
6835,18,3,17
6836,18,2,9
6837,18,2,9
6838,18,1,18
6839,18,2,9
6840,18,0,10
6841,18,0,10
6842,18,1,18
6843,18,3,17
6844,18,0,10
6845,18,2,9
6846,18,0,10
6847,18,2,9
6848,18,3,17
6849,18,0,10
6850,18,0,10
6851,18,1,18
6852,18,3,17
6853,18,2,9
6854,18,2,9
6855,18,2,9
6856,18,2,9
6857,18,3,17
6858,18,2,9
6859,18,1,18
6860,18,1,18
6861,18,2,9
6862,18,1,18
6863,18,0,10
6864,18,1,18
6865,18,1,18
6866,18,3,17
6867,18,2,9
6868,18,1,18
6869,18,0,10
6870,18,2,9
6871,18,1,18
6872,18,1,18
6873,18,1,18
6874,18,2,9
6875,18,0,10
6876,18,0,10
6877,18,2,9
6878,18,0,10
6879,18,1,18
6880,18,4,4
6881,18,0,10
6882,18,1,18
6883,18,4,4
6884,18,3,17
6885,18,3,17
6886,18,0,10
6887,18,1,18
6888,18,0,10
6889,18,1,18
6890,18,2,9
6891,18,3,17
6892,18,3,17
6893,18,2,9
6894,18,0,10
6895,18,1,18
6896,18,4,4
6897,18,1,18
6898,18,2,9
6899,18,1,18
6900,18,1,18
6901,18,2,9
6902,18,3,17
6903,18,3,17
6904,18,2,9
6905,18,1,18
6906,18,2,9
6907,18,2,9
6908,18,0,10
6909,18,1,18
6910,18,1,18
6911,18,2,9
6912,18,1,18
6913,18,1,18
6914,18,3,17
6915,18,0,10
6916,18,3,17
6917,18,3,17
6918,18,1,18
6919,18,0,10
6920,18,3,17
6921,18,2,9
6922,18,0,10
6923,18,0,10
6924,18,3,17
6925,18,2,9
6926,18,1,18
6927,18,1,18
6928,18,2,9
6929,18,0,10
6930,18,2,9
6931,18,1,18
6932,18,0,10
6933,18,3,17
6934,18,0,10
6935,18,2,9
6936,18,2,9
6937,18,2,9
6938,18,1,18
6939,18,2,9
6940,18,3,17
6941,18,2,9
6942,18,4,4
6943,18,2,9
6944,18,2,9
6945,18,1,18
6946,18,4,4
6947,18,1,18
6948,18,2,9
6949,18,2,9
6950,18,2,9
6951,18,1,18
6952,18,1,18
6953,18,1,18
6954,18,2,9
6955,18,1,18
6956,18,0,10
6957,18,3,17
6958,18,2,9
6959,18,2,9
6960,18,1,18
6961,18,3,17
6962,18,2,9
6963,18,2,9
6964,18,2,9
6965,18,1,18
6966,18,0,10
6967,18,1,18
6968,18,2,9
6969,18,2,9
6970,18,0,10
6971,18,3,17
6972,18,2,9
6973,18,4,4
6974,18,4,4
6975,18,1,18
6976,18,3,17
6977,18,3,17
6978,18,1,18
6979,18,2,9
6980,18,1,18
6981,18,2,9
6982,18,2,9
6983,18,1,18
6984,18,2,9
6985,18,3,17
6986,18,1,18
6987,18,2,9
6988,18,2,9
6989,18,2,9
6990,18,0,10
6991,18,2,9
6992,18,0,10
6993,18,3,17
6994,18,1,18
6995,18,0,10
6996,18,1,18
6997,18,1,18
6998,18,3,17
6999,18,2,9
7000,18,0,10
7001,18,2,9
7002,18,0,10
7003,18,1,18
7004,18,1,18
7005,18,1,18
7006,18,3,17
7007,18,0,10
7008,18,2,9
7009,18,3,17
7010,18,0,10
7011,18,4,4
7012,18,0,10
7013,18,2,9
7014,18,1,18
7015,18,2,9
7016,18,2,9
7017,18,2,9
7018,18,2,9
7019,18,2,9
7020,18,0,10
7021,18,3,17
7022,18,1,18
7023,18,1,18
7024,18,3,17
7025,18,3,17
7026,18,2,9
7027,18,2,9
7028,18,0,10
7029,18,4,4
7030,18,2,9
7031,18,0,10
7032,18,3,17
7033,18,3,17
7034,18,3,17
7035,18,3,17
7036,18,3,17
7037,18,3,17
7038,18,1,18
7039,18,2,9
7040,18,3,17
7041,18,0,10
7042,18,2,9
7043,18,3,17
7044,18,1,18
7045,18,1,18
7046,18,2,9
7047,18,1,18
7048,18,3,17
7049,18,2,9
7050,18,1,18
7051,18,4,4
7052,18,1,18
7053,18,2,9
7054,18,2,9
7055,18,3,17
7056,18,3,17
7057,18,3,17
7058,18,1,18
7059,18,1,18
7060,18,2,9
7061,18,4,4
7062,18,1,18
7063,18,0,10
7064,18,1,18
7065,18,2,9
7066,18,2,9
7067,18,2,9
7068,18,1,18
7069,18,3,17
7070,18,2,9
7071,18,2,9
7072,18,2,9
7073,18,2,9
7074,18,0,10
7075,18,2,9
7076,18,0,10
7077,18,0,10
7078,18,3,17
7079,18,0,10
7080,18,1,18
7081,18,1,18
7082,18,2,9
7083,18,2,9
7084,18,0,10
7085,18,1,18
7086,18,2,9
7087,18,2,9
7088,18,0,10
7089,18,2,9
7090,18,2,9
7091,18,2,9
7092,18,1,18
7093,18,0,10
7094,18,3,17
7095,18,2,9
7096,18,0,10
7097,18,4,4
7098,18,2,9
7099,18,3,17
7100,18,1,18
7101,18,2,9
7102,18,3,17
7103,18,0,10
7104,18,1,18
7105,18,2,9
7106,18,1,18
7107,18,0,10
7108,18,1,18
7109,18,1,18
7110,18,1,18
7111,18,0,10
7112,18,3,17
7113,18,3,17
7114,18,1,18
7115,18,3,17
7116,18,3,17
7117,18,2,9
7118,18,2,9
7119,18,0,10
7120,18,4,4
7121,18,0,10
7122,18,2,9
7123,18,0,10
7124,18,3,17
7125,18,3,17
7126,18,0,10
7127,18,1,18
7128,18,1,18
7129,18,2,9
7130,18,1,18
7131,18,1,18
7132,18,1,18
7133,18,1,18
7134,18,3,17
7135,18,1,18
7136,18,3,17
7137,18,1,18
7138,18,3,17
7139,18,0,10
7140,18,2,9
7141,18,3,17
7142,18,3,17
7143,18,2,9
7144,18,2,9
7145,18,2,9
7146,18,1,18
7147,18,2,9
7148,18,3,17
7149,18,0,10
7150,18,4,4
7151,18,1,18
7152,18,1,18
7153,18,0,10
7154,18,1,18
7155,18,3,17
7156,18,1,18
7157,18,0,10
7158,18,1,18
7159,18,4,4
7160,18,1,18
7161,18,0,10
7162,18,2,9
7163,18,1,18
7164,18,1,18
7165,18,0,10
7166,18,1,18
7167,18,2,9
7168,18,1,18
7169,18,1,18
7170,18,2,9
7171,18,0,10
7172,18,2,9
7173,18,0,10
7174,18,2,9
7175,18,2,9
7176,18,2,9
7177,18,2,9
7178,18,2,9
7179,18,1,18
7180,18,3,17
7181,18,1,18
7182,18,1,18
7183,18,2,9
7184,18,3,17
7185,18,0,10
7186,18,3,17
7187,18,3,17
7188,18,2,9
7189,18,3,17
7190,18,2,9
7191,18,2,9
7192,18,2,9
7193,18,4,4
7194,18,2,9
7195,18,1,18
7196,18,3,17
7197,18,4,4
7198,18,4,4
7199,18,2,9
7200,18,2,9
7201,18,2,9
7202,18,1,18
7203,18,2,9
7204,18,1,18
7205,18,2,9
7206,18,1,18
7207,18,2,9
7208,18,2,9
7209,18,4,4
7210,18,0,10
7211,18,2,9
7212,18,4,4
7213,18,1,18
7214,18,0,10
7215,18,1,18
7216,18,0,10
7217,18,0,10
7218,18,1,18
7219,18,3,17
7220,18,2,9
7221,18,0,10
7222,18,2,9
7223,18,2,9
7224,18,1,18
7225,18,2,9
7226,18,2,9
7227,18,0,10
7228,18,1,18
7229,18,1,18
7230,18,2,9
7231,18,1,18
7232,18,2,9
7233,18,3,17
7234,18,0,10
7235,18,2,9
7236,18,0,10
7237,18,3,17
7238,18,2,9
7239,18,0,10
7240,18,1,18
7241,18,3,17
7242,18,0,10
7243,18,0,10
7244,18,2,9
7245,18,1,18
7246,18,2,9
7247,18,0,10
7248,18,1,18
7249,18,3,17
7250,18,2,9
7251,18,1,18
7252,18,1,18
7253,18,2,9
7254,18,3,17
7255,18,1,18
7256,18,0,10
7257,18,3,17
7258,18,1,18
7259,18,1,18
7260,18,1,18
7261,18,2,9
7262,18,3,17
7263,18,3,17
7264,18,1,18
7265,18,1,18
7266,18,2,9
7267,18,2,9
7268,18,3,17
7269,18,3,17
7270,18,2,9
7271,18,2,9
7272,18,1,18
7273,18,2,9
7274,18,2,9
7275,18,4,4
7276,18,2,9
7277,18,3,17
7278,18,1,18
7279,18,1,18
7280,18,2,9
7281,18,0,10
7282,18,2,9
7283,18,2,9
7284,18,3,17
7285,18,2,9
7286,18,0,10
7287,18,0,10
7288,18,0,10
7289,18,1,18
7290,18,1,18
7291,18,2,9
7292,18,1,18
7293,18,0,10
7294,18,2,9
7295,18,0,10
7296,18,1,18
7297,18,2,9
7298,18,1,18
7299,18,1,18
7300,18,0,10
7301,18,2,9
7302,18,2,9
7303,18,2,9
7304,18,1,18
7305,18,4,4
7306,18,4,4
7307,18,1,18
7308,18,1,18
7309,18,1,18
7310,18,1,18
7311,18,4,4
7312,18,3,17
7313,18,1,18
7314,18,2,9
7315,18,1,18
7316,18,2,9
7317,18,2,9
7318,18,4,4
7319,18,2,9
7320,18,3,17
7321,18,1,18
7322,18,3,17
7323,18,1,18
7324,18,4,4
7325,18,1,18
7326,18,3,17
7327,18,0,10
7328,18,2,9
7329,18,1,18
7330,18,0,10
7331,18,2,9
7332,18,4,4
7333,18,2,9
7334,18,4,4
7335,18,4,4
7336,18,3,17
7337,18,2,9
7338,18,1,18
7339,18,2,9
7340,18,2,9
7341,18,3,17
7342,18,2,9
7343,18,0,10
7344,18,4,4
7345,18,0,10
7346,18,0,10
7347,18,0,10
7348,18,2,9
7349,18,0,10
7350,18,2,9
7351,18,2,9
7352,18,2,9
7353,18,2,9
7354,18,3,17
7355,18,2,9
7356,18,0,10
7357,18,2,9
7358,18,0,10
7359,18,2,9
7360,18,2,9
7361,18,2,9
7362,18,0,10
7363,18,3,17
7364,18,0,10
7365,18,2,9
7366,18,0,10
7367,18,0,10
7368,18,1,18
7369,18,1,18
7370,18,3,17
7371,18,2,9
7372,18,2,9
7373,18,4,4
7374,18,0,10
7375,18,2,9
7376,18,2,9
7377,18,0,10
7378,18,3,17
7379,18,1,18
7380,18,0,10
7381,18,4,4
7382,18,0,10
7383,18,2,9
7384,18,3,17
7385,18,0,10
7386,18,2,9
7387,18,0,10
7388,18,3,17
7389,18,3,17
7390,18,1,18
7391,18,2,9
7392,18,2,9
7393,18,1,18
7394,18,1,18
7395,18,2,9
7396,18,1,18
7397,18,2,9
7398,18,2,9
7399,18,1,18
7400,18,3,17
7401,18,4,4
7402,18,2,9
7403,18,0,10
7404,18,3,17
7405,18,2,9
7406,18,0,10
7407,18,2,9
7408,18,0,10
7409,18,1,18
7410,18,1,18
7411,18,0,10
7412,18,1,18
7413,18,3,17
7414,18,1,18
7415,18,2,9
7416,18,3,17
7417,18,2,9
7418,18,2,9
7419,18,1,18
7420,18,2,9
7421,18,4,4
7422,18,2,9
7423,18,0,10
7424,18,2,9
7425,18,2,9
7426,18,1,18
7427,18,0,10
7428,18,1,18
7429,18,2,9
7430,18,1,18
7431,18,1,18
7432,18,2,9
7433,18,4,4
7434,18,1,18
7435,18,3,17
7436,18,2,9
7437,18,2,9
7438,18,1,18
7439,18,2,9
7440,18,2,9
7441,18,0,10
7442,18,3,17
7443,18,1,18
7444,18,2,9
7445,18,1,18
7446,18,0,10
7447,18,0,10
7448,18,2,9
7449,18,2,9
7450,18,1,18
7451,18,3,17
7452,18,2,9
7453,18,4,4
7454,5,2,9
7455,5,3,17
7456,5,2,9
7457,5,0,10
7458,5,2,9
7459,5,0,10
7460,5,2,9
7461,5,0,10
7462,5,1,18
7463,5,2,9
7464,5,2,9
7465,5,1,18
7466,5,0,10
7467,5,2,9
7468,5,0,10
7469,5,0,10
7470,5,2,9
7471,5,1,18
7472,5,2,9
7473,5,2,9
7474,5,0,10
7475,5,4,4
7476,5,0,10
7477,5,1,18
7478,5,2,9
7479,5,0,10
7480,5,0,10
7481,5,2,9
7482,5,2,9
7483,5,2,9
7484,5,1,18
7485,5,3,17
7486,5,1,18
7487,5,0,10
7488,5,0,10
7489,5,0,10
7490,5,2,9
7491,6,4,4
7492,6,1,18
7493,6,1,18
7494,6,0,10
7495,6,1,18
7496,6,2,9
7497,6,2,9
7498,6,3,17
7499,6,3,17
7500,6,1,18
7501,6,1,18
7502,6,1,18
7503,6,2,9
7504,6,1,18
7505,6,2,9
7506,6,2,9
7507,6,2,9
7508,6,2,9
7509,6,4,4
7510,6,2,9
7511,6,1,18
7512,6,0,10
7513,6,2,9
7514,6,1,18
7515,6,1,18
7516,6,1,18
7517,6,3,17
7518,6,3,17
7519,6,0,10
7520,6,3,17
7521,6,2,9
7522,6,2,9
7523,6,0,10
7524,6,2,9
7525,6,2,9
7526,6,0,10
7527,6,3,17
7528,6,4,4
7529,6,0,10
7530,6,0,10
7531,6,2,9
7532,6,2,9
7533,6,2,9
7534,6,2,9
7535,6,0,10
7536,6,3,17
7537,6,1,18
7538,6,0,10
7539,6,2,9
7540,6,0,10
7541,6,1,18
7542,6,3,17
7543,6,2,9
7544,6,0,10
7545,6,2,9
7546,6,2,9
7547,6,2,9
7548,6,0,10
7549,6,0,10
7550,6,1,18
7551,6,3,17
7552,6,0,10
7553,6,4,4
7554,6,1,18
7555,6,1,18
7556,6,2,9
7557,6,2,9
7558,6,0,10
7559,6,3,17
7560,6,0,10
7561,6,0,10
7562,6,0,10
7563,6,3,17
7564,6,1,18
7565,6,1,18
7566,6,2,9
7567,6,2,9
7568,6,2,9
7569,6,1,18
7570,6,0,10
7571,6,1,18
7572,6,0,10
7573,6,0,10
7574,6,0,10
7575,6,2,9
7576,6,0,10
7577,6,0,10
7578,6,2,9
7579,6,2,9
7580,6,0,10
7581,6,1,18
7582,6,2,9
7583,6,2,9
7584,6,0,10
7585,6,1,18
7586,6,2,9
7587,6,2,9
7588,6,2,9
7589,6,2,9
7590,6,4,4
7591,6,0,10
7592,6,2,9
7593,6,2,9
7594,6,2,9
7595,6,2,9
7596,6,2,9
7597,6,2,9
7598,6,4,4
7599,6,2,9
7600,6,2,9
7601,6,1,18
7602,6,1,18
7603,6,0,10
7604,6,3,17
7605,6,2,9
7606,6,1,18
7607,6,1,18
7608,6,1,18
7609,6,2,9
7610,6,0,10
7611,6,0,10
7612,6,1,18
7613,6,2,9
7614,6,2,9
7615,6,0,10
7616,6,0,10
7617,6,3,17
7618,6,3,17
7619,6,0,10
7620,6,0,10
7621,6,3,17
7622,6,0,10
7623,6,2,9
7624,6,1,18
7625,6,4,4
7626,6,0,10
7627,6,1,18
7628,6,2,9
7629,6,0,10
7630,6,1,18
7631,6,0,10
7632,6,1,18
7633,6,1,18
7634,6,3,17
7635,6,2,9
7636,6,1,18
7637,6,4,4
7638,6,1,18
7639,6,3,17
7640,6,1,18
7641,6,0,10
7642,6,2,9
7643,6,1,18
7644,6,1,18
7645,6,2,9
7646,6,1,18
7647,6,3,17
7648,6,2,9
7649,6,2,9
7650,6,0,10
7651,6,3,17
7652,6,1,18
7653,6,0,10
7654,6,2,9
7655,6,0,10
7656,6,0,10
7657,6,1,18
7658,6,1,18
7659,6,0,10
7660,6,1,18
7661,6,2,9
7662,6,3,17
7663,6,3,17
7664,6,1,18
7665,6,2,9
7666,6,1,18
7667,6,2,9
7668,6,3,17
7669,6,3,17
7670,6,3,17
7671,6,2,9
7672,6,0,10
7673,6,2,9
7674,6,1,18
7675,6,2,9
7676,6,0,10
7677,6,3,17
7678,6,2,9
7679,6,2,9
7680,6,0,10
7681,6,3,17
7682,6,1,18
7683,6,2,9
7684,6,2,9
7685,6,2,9
7686,6,0,10
7687,6,3,17
7688,6,2,9
7689,6,2,9
7690,6,2,9
7691,6,0,10
7692,6,0,10
7693,6,3,17
7694,6,2,9
7695,6,3,17
7696,6,2,9
7697,6,4,4
7698,6,0,10
7699,6,2,9
7700,6,2,9
7701,6,2,9
7702,6,3,17
7703,6,0,10
7704,6,4,4
7705,6,0,10
7706,6,0,10
7707,6,0,10
7708,6,3,17
7709,6,4,4
7710,6,2,9
7711,6,1,18
7712,6,2,9
7713,6,0,10
7714,6,1,18
7715,6,2,9
7716,6,2,9
7717,6,1,18
7718,6,4,4
7719,6,2,9
7720,6,1,18
7721,6,0,10
7722,6,3,17
7723,6,1,18
7724,6,3,17
7725,6,1,18
7726,6,3,17
7727,6,3,17
7728,6,0,10
7729,6,1,18
7730,6,3,17
7731,6,0,10
7732,6,3,17
7733,6,2,9
7734,6,0,10
7735,6,1,18
7736,6,2,9
7737,6,1,18
7738,6,0,10
7739,6,2,9
7740,6,3,17
7741,6,2,9
7742,6,2,9
7743,6,2,9
7744,6,2,9
7745,6,2,9
7746,6,2,9
7747,6,0,10
7748,6,1,18
7749,6,0,10
7750,6,0,10
7751,6,1,18
7752,6,3,17
7753,6,1,18
7754,6,2,9
7755,6,4,4
7756,6,2,9
7757,6,1,18
7758,6,3,17
7759,6,2,9
7760,6,1,18
7761,6,1,18
7762,6,4,4
7763,6,0,10
7764,6,0,10
7765,6,1,18
7766,6,3,17
7767,6,1,18
7768,6,2,9
7769,6,2,9
7770,6,1,18
7771,6,3,17
7772,6,0,10
7773,6,2,9
7774,6,2,9
7775,6,3,17
7776,6,0,10
7777,6,3,17
7778,6,2,9
7779,6,1,18
7780,6,3,17
7781,6,4,4
7782,6,4,4
7783,6,0,10
7784,6,0,10
7785,6,0,10
7786,6,2,9
7787,6,1,18
7788,6,3,17
7789,6,0,10
7790,6,1,18
7791,6,2,9
7792,6,0,10
7793,6,1,18
7794,6,2,9
7795,6,1,18
7796,6,0,10
7797,6,2,9
7798,6,0,10
7799,6,2,9
7800,6,3,17
7801,6,1,18
7802,6,2,9
7803,6,0,10
7804,6,1,18
7805,6,1,18
7806,6,1,18
7807,6,0,10
7808,6,2,9
7809,6,0,10
7810,6,2,9
7811,6,3,17
7812,6,3,17
7813,6,0,10
7814,6,1,18
7815,6,3,17
7816,6,1,18
7817,6,3,17
7818,6,2,9
7819,6,2,9
7820,6,1,18
7821,6,2,9
7822,6,3,17
7823,6,2,9
7824,6,3,17
7825,6,1,18
7826,6,0,10
7827,6,1,18
7828,6,1,18
7829,6,1,18
7830,6,2,9
7831,6,1,18
7832,6,2,9
7833,6,4,4
7834,6,2,9
7835,6,2,9
7836,6,1,18
7837,6,0,10
7838,6,2,9
7839,6,2,9
7840,6,1,18
7841,6,1,18
7842,6,1,18
7843,6,2,9
7844,6,4,4
7845,6,4,4
7846,6,1,18
7847,6,0,10
7848,6,1,18
7849,6,0,10
7850,6,2,9
7851,6,1,18
7852,6,2,9
7853,6,0,10
7854,6,2,9
7855,6,0,10
7856,6,0,10
7857,6,0,10
7858,6,3,17
7859,6,3,17
7860,6,1,18
7861,6,3,17
7862,6,0,10
7863,6,2,9
7864,6,0,10
7865,6,0,10
7866,6,0,10
7867,6,2,9
7868,6,1,18
7869,6,1,18
7870,6,2,9
7871,6,2,9
7872,6,0,10
7873,6,3,17
7874,6,0,10
7875,6,3,17
7876,6,0,10
7877,6,4,4
7878,6,1,18
7879,6,2,9
7880,6,1,18
7881,6,1,18
7882,6,0,10
7883,6,3,17
7884,6,2,9
7885,6,3,17
7886,6,1,18
7887,6,3,17
7888,6,2,9
7889,6,2,9
7890,6,1,18
7891,6,3,17
7892,6,3,17
7893,6,3,17
7894,6,0,10
7895,6,1,18
7896,6,2,9
7897,6,0,10
7898,6,0,10
7899,6,0,10
7900,6,2,9
7901,6,1,18
7902,6,2,9
7903,6,4,4
7904,6,3,17
7905,6,0,10
7906,6,1,18
7907,6,0,10
7908,6,0,10
7909,6,2,9
7910,6,1,18
7911,6,1,18
7912,6,0,10
7913,6,0,10
7914,6,2,9
7915,6,1,18
7916,6,2,9
7917,6,2,9
7918,6,2,9
7919,6,2,9
7920,6,2,9
7921,6,2,9
7922,6,3,17
7923,6,2,9
7924,6,0,10
7925,6,1,18
7926,6,2,9
7927,6,0,10
7928,6,1,18
7929,6,2,9
7930,6,2,9
7931,6,2,9
7932,6,2,9
7933,6,2,9
7934,6,0,10
7935,6,0,10
7936,6,1,18
7937,6,2,9
7938,6,0,10
7939,6,1,18
7940,6,4,4
7941,6,0,10
7942,6,1,18
7943,6,3,17
7944,6,2,9
7945,6,2,9
7946,6,4,4
7947,6,1,18
7948,6,0,10
7949,6,2,9
7950,6,1,18
7951,6,3,17
7952,6,0,10
7953,6,0,10
7954,6,0,10
7955,6,1,18
7956,6,0,10
7957,6,4,4
7958,6,2,9
7959,6,2,9
7960,6,2,9
7961,6,2,9
7962,6,0,10
7963,6,1,18
7964,6,0,10
7965,6,1,18
7966,6,1,18
7967,6,1,18
7968,6,1,18
7969,6,3,17
7970,6,2,9
7971,6,2,9
7972,6,0,10
7973,6,2,9
7974,6,1,18
7975,6,3,17
7976,6,3,17
7977,6,0,10
7978,6,2,9
7979,6,2,9
7980,6,2,9
7981,6,1,18
7982,6,0,10
7983,6,1,18
7984,6,1,18
7985,6,1,18
7986,6,2,9
7987,6,3,17
7988,6,2,9
7989,6,1,18
7990,6,2,9
7991,6,3,17
7992,6,2,9
7993,7,2,9
7994,7,1,18
7995,7,2,9
7996,7,0,10
7997,7,2,9
7998,7,2,9
7999,7,1,18
8000,7,4,4
8001,7,4,4
8002,7,3,17
8003,7,1,18
8004,7,2,9
8005,7,3,17
8006,7,2,9
8007,7,4,4
8008,7,0,10
8009,7,3,17
8010,7,0,10
8011,7,1,18
8012,7,1,18
8013,7,2,9
8014,7,0,10
8015,7,1,18
8016,7,1,18
8017,7,0,10
8018,7,1,18
8019,7,3,17
8020,7,2,9
8021,7,2,9
8022,7,2,9
8023,7,2,9
8024,7,2,9
8025,7,2,9
8026,7,2,9
8027,7,4,4
8028,7,1,18
8029,7,3,17
8030,7,2,9
8031,7,1,18
8032,7,2,9
8033,7,1,18
8034,7,0,10
8035,7,2,9
8036,7,0,10
8037,7,2,9
8038,7,1,18
8039,7,1,18
8040,7,0,10
8041,7,2,9
8042,7,0,10
8043,7,0,10
8044,7,3,17
8045,7,3,17
8046,7,3,17
8047,7,4,4
8048,7,1,18
8049,7,1,18
8050,7,0,10
8051,7,2,9
8052,7,1,18
8053,7,0,10
8054,7,0,10
8055,7,1,18
8056,7,0,10
8057,7,2,9
8058,7,3,17
8059,7,2,9
8060,7,3,17
8061,7,2,9
8062,7,0,10
8063,7,3,17
8064,7,3,17
8065,7,2,9
8066,7,1,18
8067,7,1,18
8068,7,2,9
8069,7,1,18
8070,7,2,9
8071,7,1,18
8072,7,1,18
8073,7,0,10
8074,7,1,18
8075,7,3,17
8076,7,1,18
8077,7,2,9
8078,7,2,9
8079,7,2,9
8080,7,2,9
8081,7,0,10
8082,7,3,17
8083,7,1,18
8084,7,1,18
8085,7,3,17
8086,7,1,18
8087,7,2,9
8088,7,2,9
8089,7,0,10
8090,7,2,9
8091,7,0,10
8092,7,2,9
8093,7,0,10
8094,7,2,9
8095,7,2,9
8096,7,2,9
8097,7,2,9
8098,7,2,9
8099,7,2,9
8100,7,0,10
8101,7,2,9
8102,7,2,9
8103,7,0,10
8104,7,2,9
8105,7,2,9
8106,7,2,9
8107,7,2,9
8108,7,1,18
8109,7,1,18
8110,7,0,10
8111,7,1,18
8112,7,2,9
8113,7,2,9
8114,7,1,18
8115,7,3,17
8116,7,3,17
8117,7,2,9
8118,7,2,9
8119,7,1,18
8120,7,3,17
8121,7,2,9
8122,7,4,4
8123,7,0,10
8124,7,0,10
8125,7,2,9
8126,7,1,18
8127,7,2,9
8128,7,3,17
8129,7,2,9
8130,7,3,17
8131,7,3,17
8132,7,2,9
8133,7,0,10
8134,7,3,17
8135,7,1,18
8136,7,2,9
8137,7,2,9
8138,7,2,9
8139,7,2,9
8140,7,2,9
8141,7,1,18
8142,7,4,4
8143,7,2,9
8144,7,0,10
8145,7,2,9
8146,7,4,4
8147,7,1,18
8148,7,1,18
8149,7,1,18
8150,7,1,18
8151,7,2,9
8152,7,2,9
8153,7,0,10
8154,7,2,9
8155,7,2,9
8156,7,2,9
8157,7,0,10
8158,7,2,9
8159,7,0,10
8160,7,0,10
8161,7,0,10
8162,7,0,10
8163,7,3,17
8164,7,3,17
8165,7,0,10
8166,7,2,9
8167,7,2,9
8168,7,1,18
8169,7,1,18
8170,7,2,9
8171,7,2,9
8172,7,0,10
8173,7,0,10
8174,7,3,17
8175,7,3,17
8176,7,1,18
8177,7,3,17
8178,7,0,10
8179,7,1,18
8180,7,3,17
8181,7,2,9
8182,7,3,17
8183,7,0,10
8184,7,0,10
8185,7,3,17
8186,7,1,18
8187,7,1,18
8188,7,3,17
8189,7,1,18
8190,7,0,10
8191,7,0,10
8192,7,2,9
8193,7,2,9
8194,7,2,9
8195,7,0,10
8196,7,4,4
8197,7,0,10
8198,7,1,18
8199,7,2,9
8200,7,1,18
8201,7,0,10
8202,7,3,17
8203,7,3,17
8204,7,0,10
8205,7,2,9
8206,7,1,18
8207,7,0,10
8208,7,3,17
8209,7,0,10
8210,7,1,18
8211,7,1,18
8212,7,0,10
8213,7,0,10
8214,7,1,18
8215,7,2,9
8216,7,3,17
8217,7,2,9
8218,7,1,18
8219,7,0,10
8220,7,1,18
8221,7,2,9
8222,7,0,10
8223,7,2,9
8224,7,1,18
8225,7,0,10
8226,7,1,18
8227,7,3,17
8228,7,3,17
8229,7,2,9
8230,7,4,4
8231,7,3,17
8232,7,4,4
8233,7,2,9
8234,7,1,18
8235,7,2,9
8236,7,2,9
8237,7,1,18
8238,7,2,9
8239,7,3,17
8240,7,2,9
8241,7,4,4
8242,7,0,10
8243,7,0,10
8244,7,1,18
8245,7,2,9
8246,7,1,18
8247,7,1,18
8248,7,2,9
8249,7,0,10
8250,7,2,9
8251,7,0,10
8252,7,2,9
8253,7,4,4
8254,7,1,18
8255,7,2,9
8256,7,3,17
8257,7,1,18
8258,7,2,9
8259,7,3,17
8260,7,4,4
8261,7,0,10
8262,7,0,10
8263,7,1,18
8264,7,3,17
8265,7,1,18
8266,7,1,18
8267,7,3,17
8268,7,1,18
8269,7,3,17
8270,7,2,9
8271,7,2,9
8272,7,0,10
8273,7,4,4
8274,7,0,10
8275,7,0,10
8276,7,0,10
8277,7,1,18
8278,7,1,18
8279,7,2,9
8280,7,0,10
8281,7,2,9
8282,7,3,17
8283,7,0,10
8284,7,1,18
8285,7,0,10
8286,7,0,10
8287,7,1,18
8288,7,3,17
8289,7,0,10
8290,7,2,9
8291,7,1,18
8292,7,1,18
8293,7,1,18
8294,7,4,4
8295,7,2,9
8296,7,0,10
8297,7,0,10
8298,7,0,10
8299,7,2,9
8300,7,2,9
8301,7,2,9
8302,7,1,18
8303,7,2,9
8304,7,2,9
8305,7,0,10
8306,7,4,4
8307,7,1,18
8308,7,0,10
8309,7,2,9
8310,7,0,10
8311,7,1,18
8312,7,0,10
8313,7,1,18
8314,7,2,9
8315,7,2,9
8316,7,0,10
8317,7,3,17
8318,7,2,9
8319,7,2,9
8320,7,2,9
8321,7,0,10
8322,7,0,10
8323,7,1,18
8324,7,0,10
8325,7,3,17
8326,7,1,18
8327,7,0,10
8328,7,0,10
8329,7,3,17
8330,7,0,10
8331,7,1,18
8332,7,1,18
8333,7,1,18
8334,7,2,9
8335,7,3,17
8336,7,1,18
8337,7,2,9
8338,7,2,9
8339,7,2,9
8340,7,1,18
8341,7,0,10
8342,7,2,9
8343,7,0,10
8344,7,2,9
8345,7,3,17
8346,7,0,10
8347,7,1,18
8348,7,0,10
8349,7,0,10
8350,7,1,18
8351,7,2,9
8352,7,1,18
8353,7,2,9
8354,7,1,18
8355,7,0,10
8356,7,2,9
8357,7,1,18
8358,7,1,18
8359,7,0,10
8360,7,2,9
8361,7,0,10
8362,7,2,9
8363,7,4,4
8364,7,2,9
8365,7,3,17
8366,7,0,10
8367,7,2,9
8368,7,2,9
8369,7,2,9
8370,7,2,9
8371,7,2,9
8372,7,0,10
8373,7,1,18
8374,7,4,4
8375,7,3,17
8376,7,1,18
8377,7,1,18
8378,7,1,18
8379,7,3,17
8380,7,4,4
8381,7,3,17
8382,7,2,9
8383,7,2,9
8384,7,0,10
8385,7,3,17
8386,7,3,17
8387,7,3,17
8388,7,0,10
8389,7,3,17
8390,7,2,9
8391,7,4,4
8392,7,2,9
8393,7,2,9
8394,7,2,9
8395,7,2,9
8396,7,1,18
8397,7,4,4
8398,7,0,10
8399,7,2,9
8400,7,2,9
8401,7,0,10
8402,7,4,4
8403,7,0,10
8404,7,2,9
8405,7,3,17
8406,7,1,18
8407,7,2,9
8408,7,2,9
8409,7,4,4
8410,7,2,9
8411,7,2,9
8412,7,1,18
8413,7,0,10
8414,7,0,10
8415,7,3,17
8416,7,2,9
8417,7,0,10
8418,7,1,18
8419,7,1,18
8420,7,0,10
8421,7,2,9
8422,7,2,9
8423,7,1,18
8424,7,2,9
8425,7,3,17
8426,7,1,18
8427,7,1,18
8428,7,1,18
8429,7,0,10
8430,7,1,18
8431,7,0,10
8432,7,1,18
8433,7,2,9
8434,7,1,18
8435,7,1,18
8436,7,0,10
8437,7,3,17
8438,7,1,18
8439,7,0,10
8440,7,3,17
8441,7,0,10
8442,7,0,10
8443,7,0,10
8444,7,1,18
8445,7,4,4
8446,7,2,9
8447,7,2,9
8448,7,2,9
8449,7,0,10
8450,7,3,17
8451,7,2,9
8452,7,3,17
8453,7,3,17
8454,7,1,18
8455,7,2,9
8456,7,1,18
8457,7,3,17
8458,7,2,9
8459,7,3,17
8460,7,0,10
8461,7,2,9
8462,7,0,10
8463,7,2,9
8464,7,3,17
8465,7,4,4
8466,7,0,10
8467,7,0,10
8468,7,2,9
8469,7,1,18
8470,7,2,9
8471,7,1,18
8472,7,2,9
8473,7,4,4
8474,7,2,9
8475,7,3,17
8476,7,3,17
8477,7,0,10
8478,7,1,18
8479,7,1,18
8480,7,2,9
8481,7,4,4
8482,7,2,9
8483,7,2,9
8484,7,2,9
8485,7,1,18
8486,7,4,4
8487,7,0,10
8488,7,1,18
8489,7,2,9
8490,7,0,10
8491,7,2,9
8492,7,1,18
8493,7,3,17
8494,7,2,9
8495,7,2,9
8496,7,0,10
8497,7,2,9
8498,7,1,18
8499,7,2,9
8500,7,1,18
8501,7,4,4
8502,7,0,10
8503,7,1,18
8504,7,0,10
8505,7,1,18
8506,7,1,18
8507,7,1,18
8508,7,3,17
8509,7,1,18
8510,7,3,17
8511,7,3,17
8512,7,3,17
8513,7,1,18
8514,7,2,9
8515,7,1,18
8516,7,1,18
8517,7,2,9
8518,7,4,4
8519,7,2,9
8520,7,0,10
8521,7,2,9
8522,7,2,9
8523,7,2,9
8524,7,2,9
8525,7,0,10
8526,7,0,10
8527,7,0,10
8528,7,1,18
8529,7,2,9
8530,7,2,9
8531,7,0,10
8532,7,1,18
8533,7,4,4
8534,7,3,17
8535,7,3,17
8536,7,2,9
8537,7,3,17
8538,7,3,17
8539,7,3,17
8540,7,0,10
8541,7,1,18
8542,7,2,9
8543,7,1,18
8544,7,0,10
8545,7,0,10
8546,7,1,18
8547,7,3,17
8548,7,2,9
8549,7,2,9
8550,7,0,10
8551,7,1,18
8552,7,2,9
8553,7,1,18
8554,7,0,10
8555,7,2,9
8556,7,2,9
8557,7,2,9
8558,7,1,18
8559,7,4,4
8560,7,0,10
8561,7,3,17
8562,7,1,18
8563,7,3,17
8564,7,2,9
8565,7,1,18
8566,7,0,10
8567,7,1,18
8568,7,3,17
8569,7,2,9
8570,7,2,9
8571,7,2,9
8572,7,2,9
8573,7,0,10
8574,7,2,9
8575,7,1,18
8576,7,0,10
8577,7,3,17
8578,7,2,9
8579,7,2,9
8580,7,2,9
8581,7,2,9
8582,7,2,9
8583,7,3,17
8584,7,2,9
8585,7,2,9
8586,7,2,9
8587,7,1,18
8588,7,2,9
8589,7,3,17
8590,7,2,9
8591,7,1,18
8592,7,1,18
8593,7,3,17
8594,7,4,4
8595,7,3,17
8596,7,1,18
8597,7,3,17
8598,7,2,9
8599,7,3,17
8600,7,1,18
8601,7,0,10
8602,7,3,17
8603,7,2,9
8604,7,1,18
8605,7,0,10
8606,7,0,10
8607,7,4,4
8608,7,0,10
8609,7,1,18
8610,7,1,18
8611,7,1,18
8612,7,2,9
8613,7,0,10
8614,7,0,10
8615,7,0,10
8616,7,1,18
8617,7,3,17
8618,7,2,9
8619,7,2,9
8620,7,1,18
8621,7,2,9
8622,7,4,4
8623,7,1,18
8624,7,1,18
8625,7,2,9
8626,7,2,9
8627,7,1,18
8628,7,2,9
8629,7,4,4
8630,7,0,10
8631,7,2,9
8632,7,2,9
8633,7,0,10
8634,7,2,9
8635,7,0,10
8636,7,2,9
8637,7,1,18
8638,7,2,9
8639,7,2,9
8640,7,1,18
8641,7,0,10
8642,7,2,9
8643,7,0,10
8644,7,2,9
8645,7,1,18
8646,7,2,9
8647,7,1,18
8648,7,3,17
8649,7,0,10
8650,7,2,9
8651,7,2,9
8652,7,1,18
8653,7,2,9
8654,7,0,10
8655,7,2,9
8656,7,1,18
8657,7,0,10
8658,7,1,18
8659,7,2,9
8660,7,2,9
8661,7,2,9
8662,7,0,10
8663,7,0,10
8664,7,4,4
8665,7,3,17
8666,7,0,10
8667,7,2,9
8668,7,2,9
8669,7,2,9
8670,7,4,4
8671,7,4,4
8672,7,2,9
8673,7,2,9
8674,7,2,9
8675,7,2,9
8676,7,0,10
8677,7,2,9
8678,7,2,9
8679,7,2,9
8680,7,3,17
8681,7,4,4
8682,7,2,9
8683,7,3,17
8684,7,0,10
8685,7,4,4
8686,8,4,4
8687,8,1,18
8688,8,2,9
8689,8,0,10
8690,8,2,9
8691,8,1,18
8692,8,0,10
8693,8,0,10
8694,8,0,10
8695,8,2,9
8696,8,1,18
8697,8,1,18
8698,8,1,18
8699,8,4,4
8700,8,0,10
8701,8,1,18
8702,8,3,17
8703,8,2,9
8704,8,2,9
8705,8,4,4
8706,8,3,17
8707,8,1,18
8708,8,2,9
8709,8,2,9
8710,8,1,18
8711,8,1,18
8712,8,1,18
8713,8,3,17
8714,8,0,10
8715,8,2,9
8716,8,2,9
8717,8,2,9
8718,8,0,10
8719,8,4,4
8720,8,2,9
8721,8,0,10
8722,8,2,9
8723,8,2,9
8724,8,1,18
8725,8,4,4
8726,8,4,4
8727,8,2,9
8728,8,2,9
8729,8,2,9
8730,8,2,9
8731,8,3,17
8732,8,2,9
8733,8,2,9
8734,8,0,10
8735,8,2,9
8736,8,0,10
8737,8,1,18
8738,8,2,9
8739,8,3,17
8740,8,2,9
8741,8,2,9
8742,8,2,9
8743,8,1,18
8744,8,3,17
8745,8,0,10
8746,8,3,17
8747,8,2,9
8748,8,2,9
8749,8,1,18
8750,8,0,10
8751,8,3,17
8752,8,0,10
8753,8,2,9
8754,8,2,9
8755,8,0,10
8756,8,2,9
8757,8,1,18
8758,8,2,9
8759,8,1,18
8760,8,0,10
8761,8,4,4
8762,8,2,9
8763,8,3,17
8764,8,2,9
8765,8,1,18
8766,8,3,17
8767,8,0,10
8768,8,0,10
8769,8,2,9
8770,8,2,9
8771,8,0,10
8772,8,0,10
8773,8,2,9
8774,8,2,9
8775,8,2,9
8776,8,0,10
8777,8,3,17
8778,8,1,18
8779,8,4,4
8780,8,1,18
8781,8,0,10
8782,8,2,9
8783,8,3,17
8784,8,0,10
8785,8,1,18
8786,8,1,18
8787,8,2,9
8788,8,0,10
8789,8,3,17
8790,8,1,18
8791,8,2,9
8792,8,3,17
8793,8,2,9
8794,8,1,18
8795,8,2,9
8796,8,2,9
8797,8,1,18
8798,8,3,17
8799,8,3,17
8800,8,3,17
8801,8,4,4
8802,8,2,9
8803,8,1,18
8804,8,2,9
8805,8,1,18
8806,8,2,9
8807,8,0,10
8808,8,4,4
8809,8,2,9
8810,8,4,4
8811,8,0,10
8812,8,2,9
8813,8,2,9
8814,8,2,9
8815,8,0,10
8816,8,1,18
8817,8,1,18
8818,8,2,9
8819,8,2,9
8820,8,1,18
8821,8,2,9
8822,8,0,10
8823,8,2,9
8824,8,2,9
8825,8,2,9
8826,8,2,9
8827,8,2,9
8828,8,2,9
8829,8,2,9
8830,8,1,18
8831,8,0,10
8832,8,1,18
8833,8,3,17
8834,8,0,10
8835,8,1,18
8836,8,0,10
8837,8,0,10
8838,8,3,17
8839,8,2,9
8840,8,4,4
8841,8,1,18
8842,8,3,17
8843,8,1,18
8844,8,2,9
8845,8,1,18
8846,8,0,10
8847,8,0,10
8848,8,2,9
8849,8,2,9
8850,8,1,18
8851,8,0,10
8852,8,0,10
8853,8,1,18
8854,8,1,18
8855,8,4,4
8856,8,2,9
8857,8,2,9
8858,8,3,17
8859,8,2,9
8860,8,1,18
8861,8,0,10
8862,8,1,18
8863,8,2,9
8864,8,0,10
8865,8,2,9
8866,8,0,10
8867,8,1,18
8868,8,2,9
8869,8,1,18
8870,8,2,9
8871,8,1,18
8872,8,0,10
8873,8,2,9
8874,8,2,9
8875,8,1,18
8876,8,0,10
8877,8,3,17
8878,8,0,10
8879,8,0,10
8880,8,2,9
8881,8,3,17
8882,8,3,17
8883,8,4,4
8884,8,3,17
8885,8,1,18
8886,8,0,10
8887,8,1,18
8888,8,2,9
8889,8,0,10
8890,8,2,9
8891,8,0,10
8892,8,3,17
8893,8,2,9
8894,8,3,17
8895,8,3,17
8896,8,3,17
8897,8,1,18
8898,8,2,9
8899,8,3,17
8900,8,4,4
8901,8,2,9
8902,8,2,9
8903,8,2,9
8904,8,0,10
8905,8,3,17
8906,8,1,18
8907,8,1,18
8908,8,1,18
8909,8,0,10
8910,8,0,10
8911,8,1,18
8912,8,0,10
8913,8,2,9
8914,8,2,9
8915,8,2,9
8916,8,2,9
8917,8,4,4
8918,8,2,9
8919,8,0,10
8920,8,2,9
8921,8,2,9
8922,8,2,9
8923,8,2,9
8924,8,2,9
8925,8,2,9
8926,8,1,18
8927,8,0,10
8928,8,0,10
8929,8,0,10
8930,8,1,18
8931,8,1,18
8932,8,0,10
8933,8,2,9
8934,8,2,9
8935,8,2,9
8936,8,2,9
8937,8,2,9
8938,8,2,9
8939,8,1,18
8940,8,1,18
8941,8,0,10
8942,8,3,17
8943,8,2,9
8944,8,1,18
8945,8,0,10
8946,8,2,9
8947,8,2,9
8948,8,1,18
8949,8,2,9
8950,8,0,10
8951,8,0,10
8952,8,2,9
8953,8,0,10
8954,8,2,9
8955,8,3,17
8956,8,2,9
8957,8,1,18
8958,8,0,10
8959,8,1,18
8960,8,1,18
8961,8,0,10
8962,8,3,17
8963,8,4,4
8964,8,4,4
8965,8,1,18
8966,8,0,10
8967,8,4,4
8968,8,2,9
8969,8,1,18
8970,8,4,4
8971,8,3,17
8972,8,0,10
8973,8,2,9
8974,8,2,9
8975,8,0,10
8976,8,3,17
8977,8,2,9
8978,8,1,18
8979,8,1,18
8980,8,2,9
8981,8,2,9
8982,8,3,17
8983,8,1,18
8984,8,1,18
8985,8,1,18
8986,8,2,9
8987,8,0,10
8988,8,0,10
8989,8,2,9
8990,8,0,10
8991,8,4,4
8992,8,3,17
8993,8,0,10
8994,8,1,18
8995,8,0,10
8996,8,2,9
8997,8,1,18
8998,8,2,9
8999,8,0,10
9000,8,2,9
9001,8,3,17
9002,8,0,10
9003,8,2,9
9004,8,2,9
9005,8,1,18
9006,8,3,17
9007,8,2,9
9008,8,0,10
9009,8,1,18
9010,8,2,9
9011,8,2,9
9012,8,1,18
9013,8,0,10
9014,8,1,18
9015,8,2,9
9016,8,2,9
9017,8,2,9
9018,8,3,17
9019,8,0,10
9020,8,1,18
9021,8,2,9
9022,8,0,10
9023,8,1,18
9024,8,3,17
9025,8,1,18
9026,8,2,9
9027,8,2,9
9028,8,1,18
9029,8,1,18
9030,8,2,9
9031,8,1,18
9032,8,1,18
9033,8,1,18
9034,8,1,18
9035,8,2,9
9036,8,2,9
9037,8,3,17
9038,8,1,18
9039,8,2,9
9040,8,3,17
9041,8,3,17
9042,8,0,10
9043,8,2,9
9044,8,2,9
9045,8,0,10
9046,8,2,9
9047,8,2,9
9048,8,2,9
9049,8,1,18
9050,8,0,10
9051,8,3,17
9052,8,1,18
9053,8,0,10
9054,8,0,10
9055,8,0,10
9056,8,1,18
9057,8,2,9
9058,8,2,9
9059,8,2,9
9060,8,4,4
9061,8,4,4
9062,8,0,10
9063,8,3,17
9064,8,1,18
9065,8,2,9
9066,8,4,4
9067,8,1,18
9068,8,1,18
9069,8,0,10
9070,8,0,10
9071,8,0,10
9072,8,2,9
9073,8,0,10
9074,8,0,10
9075,8,2,9
9076,8,1,18
9077,8,0,10
9078,8,1,18
9079,8,1,18
9080,8,2,9
9081,8,1,18
9082,8,2,9
9083,8,2,9
9084,8,3,17
9085,8,4,4
9086,8,0,10
9087,8,0,10
9088,8,2,9
9089,8,2,9
9090,8,0,10
9091,8,1,18
9092,8,3,17
9093,8,2,9
9094,8,2,9
9095,8,3,17
9096,8,0,10
9097,8,2,9
9098,8,1,18
9099,8,3,17
9100,8,0,10
9101,8,2,9
9102,8,0,10
9103,8,2,9
9104,8,2,9
9105,8,2,9
9106,8,2,9
9107,8,2,9
9108,8,1,18
9109,8,3,17
9110,8,0,10
9111,8,2,9
9112,8,1,18
9113,8,2,9
9114,8,0,10
9115,8,2,9
9116,8,0,10
9117,8,3,17
9118,8,2,9
9119,8,0,10
9120,8,0,10
9121,8,2,9
9122,8,4,4
9123,8,4,4
9124,8,2,9
9125,8,2,9
9126,8,2,9
9127,8,2,9
9128,8,2,9
9129,8,2,9
9130,8,1,18
9131,8,3,17
9132,8,2,9
9133,8,1,18
9134,8,2,9
9135,8,0,10
9136,8,0,10
9137,8,3,17
9138,8,1,18
9139,8,0,10
9140,8,1,18
9141,8,1,18
9142,8,1,18
9143,8,2,9
9144,8,1,18
9145,8,0,10
9146,8,2,9
9147,8,3,17
9148,8,2,9
9149,8,1,18
9150,8,4,4
9151,8,0,10
9152,8,2,9
9153,8,2,9
9154,8,4,4
9155,8,0,10
9156,8,2,9
9157,8,1,18
9158,8,4,4
9159,8,0,10
9160,8,1,18
9161,8,2,9
9162,8,2,9
9163,8,2,9
9164,8,2,9
9165,8,2,9
9166,8,2,9
9167,8,2,9
9168,8,1,18
9169,8,3,17
9170,8,2,9
9171,8,1,18
9172,8,2,9
9173,8,1,18
9174,8,2,9
9175,8,2,9
9176,8,1,18
9177,8,0,10
9178,8,1,18
9179,8,2,9
9180,8,2,9
9181,8,2,9
9182,8,1,18
9183,8,4,4
9184,8,0,10
9185,8,2,9
9186,8,2,9
9187,8,1,18
9188,8,4,4
9189,8,0,10
9190,8,1,18
9191,8,2,9
9192,8,0,10
9193,8,0,10
9194,8,2,9
9195,8,1,18
9196,8,1,18
9197,8,0,10
9198,8,0,10
9199,8,3,17
9200,8,0,10
9201,8,2,9
9202,8,3,17
9203,8,0,10
9204,8,2,9
9205,8,3,17
9206,8,1,18
9207,8,0,10
9208,8,4,4
9209,8,2,9
9210,8,0,10
9211,8,0,10
9212,8,0,10
9213,8,1,18
9214,8,0,10
9215,8,3,17
9216,8,1,18
9217,8,3,17
9218,8,3,17
9219,9,2,9
9220,9,1,18
9221,9,2,9
9222,9,1,18
9223,9,3,17
9224,9,3,17
9225,9,2,9
9226,9,0,10
9227,9,2,9
9228,9,2,9
9229,9,2,9
9230,9,2,9
9231,9,3,17
9232,9,2,9
9233,9,1,18
9234,9,0,10
9235,9,2,9
9236,9,3,17
9237,9,0,10
9238,9,2,9
9239,9,0,10
9240,9,1,18
9241,9,2,9
9242,9,1,18
9243,9,0,10
9244,9,0,10
9245,9,3,17
9246,9,3,17
9247,9,3,17
9248,9,0,10
9249,9,0,10
9250,9,3,17
9251,9,2,9
9252,9,1,18
9253,9,2,9
9254,9,3,17
9255,9,2,9
9256,9,1,18
9257,9,1,18
9258,9,2,9
9259,9,0,10
9260,9,1,18
9261,9,1,18
9262,9,2,9
9263,9,0,10
9264,9,1,18
9265,9,2,9
9266,9,2,9
9267,9,2,9
9268,9,1,18
9269,9,2,9
9270,9,2,9
9271,9,2,9
9272,9,2,9
9273,9,1,18
9274,9,0,10
9275,9,0,10
9276,9,0,10
9277,9,1,18
9278,9,1,18
9279,9,3,17
9280,9,0,10
9281,9,1,18
9282,9,1,18
9283,9,1,18
9284,9,2,9
9285,9,2,9
9286,9,4,4
9287,9,1,18
9288,9,0,10
9289,9,2,9
9290,9,1,18
9291,9,3,17
9292,9,3,17
9293,9,4,4
9294,9,0,10
9295,9,4,4
9296,9,2,9
9297,9,3,17
9298,9,1,18
9299,9,0,10
9300,9,1,18
9301,9,1,18
9302,9,1,18
9303,9,2,9
9304,9,0,10
9305,9,0,10
9306,9,2,9
9307,9,2,9
9308,9,2,9
9309,9,2,9
9310,9,3,17
9311,9,2,9
9312,9,4,4
9313,9,1,18
9314,9,4,4
9315,9,2,9
9316,9,2,9
9317,9,1,18
9318,9,0,10
9319,9,2,9
9320,9,2,9
9321,9,1,18
9322,9,2,9
9323,9,1,18
9324,9,2,9
9325,9,2,9
9326,9,0,10
9327,9,0,10
9328,9,1,18
9329,9,1,18
9330,9,4,4
9331,9,2,9
9332,9,2,9
9333,9,2,9
9334,9,1,18
9335,9,3,17
9336,9,3,17
9337,9,4,4
9338,9,2,9
9339,9,2,9
9340,9,2,9
9341,9,0,10
9342,9,4,4
9343,9,3,17
9344,9,4,4
9345,9,1,18
9346,9,2,9
9347,9,2,9
9348,9,2,9
9349,9,1,18
9350,9,1,18
9351,9,1,18
9352,9,1,18
9353,9,2,9
9354,9,1,18
9355,9,1,18
9356,9,0,10
9357,9,0,10
9358,9,1,18
9359,9,2,9
9360,9,2,9
9361,9,2,9
9362,9,0,10
9363,9,2,9
9364,9,3,17
9365,9,4,4
9366,9,1,18
9367,9,0,10
9368,9,3,17
9369,9,0,10
9370,9,2,9
9371,9,2,9
9372,9,3,17
9373,9,1,18
9374,9,3,17
9375,9,0,10
9376,9,2,9
9377,9,2,9
9378,9,2,9
9379,9,2,9
9380,9,2,9
9381,9,1,18
9382,9,1,18
9383,9,0,10
9384,9,2,9
9385,9,1,18
9386,9,2,9
9387,9,0,10
9388,9,2,9
9389,9,0,10
9390,9,3,17
9391,9,0,10
9392,9,0,10
9393,9,2,9
9394,9,3,17
9395,9,1,18
9396,9,3,17
9397,9,1,18
9398,9,1,18
9399,9,2,9
9400,9,1,18
9401,9,4,4
9402,9,1,18
9403,9,0,10
9404,9,4,4
9405,9,1,18
9406,9,0,10
9407,9,2,9
9408,9,1,18
9409,9,1,18
9410,9,0,10
9411,9,2,9
9412,9,2,9
9413,9,1,18
9414,9,3,17
9415,9,2,9
9416,9,2,9
9417,9,4,4
9418,9,2,9
9419,9,2,9
9420,9,1,18
9421,9,4,4
9422,9,0,10
9423,9,1,18
9424,9,0,10
9425,9,3,17
9426,9,2,9
9427,9,3,17
9428,9,2,9
9429,9,3,17
9430,9,3,17
9431,9,2,9
9432,9,2,9
9433,9,2,9
9434,9,3,17
9435,9,2,9
9436,9,0,10
9437,9,2,9
9438,9,0,10
9439,9,0,10
9440,9,1,18
9441,9,1,18
9442,9,2,9
9443,9,0,10
9444,9,2,9
9445,9,2,9
9446,9,0,10
9447,9,0,10
9448,9,2,9
9449,9,1,18
9450,9,2,9
9451,9,2,9
9452,9,2,9
9453,9,0,10
9454,9,2,9
9455,9,1,18
9456,9,1,18
9457,9,2,9
9458,9,3,17
9459,9,1,18
9460,9,0,10
9461,9,2,9
9462,9,1,18
9463,9,0,10
9464,9,3,17
9465,9,0,10
9466,9,2,9
9467,9,1,18
9468,9,0,10
9469,9,2,9
9470,9,0,10
9471,9,4,4
9472,9,2,9
9473,9,3,17
9474,9,0,10
9475,9,3,17
9476,9,0,10
9477,9,1,18
9478,9,1,18
9479,9,1,18
9480,9,2,9
9481,9,1,18
9482,9,0,10
9483,9,3,17
9484,9,0,10
9485,9,0,10
9486,9,2,9
9487,9,1,18
9488,9,2,9
9489,9,1,18
9490,9,2,9
9491,9,2,9
9492,9,0,10
9493,9,1,18
9494,9,2,9
9495,9,4,4
9496,9,2,9
9497,9,0,10
9498,9,2,9
9499,9,3,17
9500,9,1,18
9501,9,1,18
9502,9,0,10
9503,9,4,4
9504,9,1,18
9505,9,2,9
9506,9,3,17
9507,9,2,9
9508,9,1,18
9509,9,2,9
9510,9,3,17
9511,9,1,18
9512,9,1,18
9513,9,1,18
9514,9,2,9
9515,9,1,18
9516,9,2,9
9517,9,0,10
9518,9,2,9
9519,9,3,17
9520,9,0,10
9521,9,4,4
9522,9,2,9
9523,9,1,18
9524,9,3,17
9525,9,2,9
9526,9,0,10
9527,9,1,18
9528,9,3,17
9529,9,1,18
9530,9,3,17
9531,9,2,9
9532,9,1,18
9533,9,3,17
9534,9,1,18
9535,9,0,10
9536,9,1,18
9537,9,0,10
9538,9,1,18
9539,9,2,9
9540,9,1,18
9541,9,2,9
9542,9,0,10
9543,9,2,9
9544,9,2,9
9545,9,4,4
9546,9,3,17
9547,9,3,17
9548,9,1,18
9549,9,2,9
9550,9,4,4
9551,9,0,10
9552,9,1,18
9553,9,3,17
9554,9,2,9
9555,9,1,18
9556,9,0,10
9557,9,0,10
9558,9,2,9
9559,9,1,18
9560,9,2,9
9561,9,1,18
9562,9,1,18
9563,9,3,17
9564,9,3,17
9565,9,2,9
9566,9,1,18
9567,9,2,9
9568,9,1,18
9569,9,3,17
9570,9,2,9
9571,9,4,4
9572,9,0,10
9573,9,1,18
9574,9,0,10
9575,9,2,9
9576,9,0,10
9577,9,0,10
9578,9,4,4
9579,9,3,17
9580,9,2,9
9581,9,1,18
9582,9,2,9
9583,9,1,18
9584,9,4,4
9585,9,2,9
9586,9,2,9
9587,9,2,9
9588,9,0,10
9589,9,2,9
9590,9,3,17
9591,9,0,10
9592,9,0,10
9593,9,1,18
9594,9,2,9
9595,9,2,9
9596,9,1,18
9597,9,4,4
9598,9,0,10
9599,9,2,9
9600,9,2,9
9601,9,1,18
9602,9,2,9
9603,9,3,17
9604,9,0,10
9605,9,4,4
9606,9,1,18
9607,9,0,10
9608,9,2,9
9609,9,0,10
9610,9,0,10
9611,9,0,10
9612,9,3,17
9613,9,1,18
9614,9,2,9
9615,9,3,17
9616,9,2,9
9617,9,1,18
9618,9,0,10
9619,9,4,4
9620,9,4,4
9621,9,2,9
9622,9,0,10
9623,9,2,9
9624,9,2,9
9625,9,0,10
9626,9,0,10
9627,9,1,18
9628,9,2,9
9629,9,1,18
9630,9,1,18
9631,9,0,10
9632,9,1,18
9633,9,2,9
9634,9,0,10
9635,9,2,9
9636,9,2,9
9637,9,0,10
9638,9,2,9
9639,9,0,10
9640,9,0,10
9641,9,1,18
9642,9,4,4
9643,9,2,9
9644,9,3,17
9645,9,2,9
9646,9,4,4
9647,9,1,18
9648,9,4,4
9649,9,3,17
9650,9,2,9
9651,9,2,9
9652,9,0,10
9653,9,3,17
9654,9,1,18
9655,9,2,9
9656,9,2,9
9657,9,1,18
9658,9,4,4
9659,9,0,10
9660,9,0,10
9661,9,2,9
9662,9,3,17
9663,9,3,17
9664,9,3,17
9665,9,0,10
9666,9,2,9
9667,9,0,10
9668,9,1,18
9669,9,2,9
9670,9,2,9
9671,9,0,10
9672,9,2,9
9673,9,4,4
9674,9,2,9
9675,9,3,17
9676,9,3,17
9677,9,3,17
9678,9,2,9
9679,9,1,18
9680,9,0,10
9681,9,2,9
9682,9,3,17
9683,9,2,9
9684,9,0,10
9685,9,2,9
9686,9,0,10
9687,9,0,10
9688,9,1,18
9689,9,0,10
9690,9,1,18
9691,9,2,9
9692,9,0,10
9693,9,2,9
9694,9,2,9
9695,9,2,9
9696,9,3,17
9697,9,2,9
9698,9,2,9
9699,9,4,4
9700,9,2,9
9701,9,2,9
9702,9,1,18
9703,9,0,10
9704,9,4,4
9705,9,1,18
9706,9,2,9
9707,9,2,9
9708,9,1,18
9709,9,1,18
9710,9,1,18
9711,9,0,10
9712,9,0,10
9713,9,2,9
9714,9,0,10
9715,9,0,10
9716,9,0,10
9717,9,0,10
9718,9,2,9
9719,9,2,9
9720,9,0,10
9721,9,1,18
9722,9,0,10
9723,9,2,9
9724,9,2,9
9725,9,0,10
9726,9,3,17
9727,9,1,18
9728,9,2,9
9729,9,0,10
9730,9,2,9
9731,9,0,10
9732,9,2,9
9733,9,1,18
9734,9,1,18
9735,9,2,9
9736,9,3,17
9737,9,0,10
9738,9,1,18
9739,9,1,18
9740,9,1,18
9741,9,2,9
9742,9,3,17
9743,9,2,9
9744,9,2,9
9745,9,0,10
9746,9,3,17
9747,9,1,18
9748,9,0,10
9749,9,2,9
9750,9,2,9
9751,9,1,18
9752,9,4,4
9753,9,1,18
9754,9,2,9
9755,9,2,9
9756,9,0,10
9757,9,1,18
9758,9,4,4
9759,9,3,17
9760,9,2,9
9761,9,1,18
9762,9,0,10
9763,9,2,9
9764,9,2,9
9765,9,2,9
9766,9,2,9
9767,9,2,9
9768,9,1,18
9769,9,2,9
9770,9,2,9
9771,9,2,9
9772,9,2,9
9773,9,2,9
9774,9,0,10
9775,9,2,9
9776,9,1,18
9777,9,0,10
9778,9,3,17
9779,9,0,10
9780,9,3,17
9781,9,0,10
9782,9,0,10
9783,9,1,18
9784,9,2,9
9785,9,2,9
9786,9,1,18
9787,9,2,9
9788,9,1,18
9789,9,0,10
9790,9,0,10
9791,9,2,9
9792,9,0,10
9793,9,1,18
9794,9,3,17
9795,9,0,10
9796,9,1,18
9797,9,1,18
9798,9,0,10
9799,9,2,9
9800,9,1,18
9801,9,2,9
9802,9,2,9
9803,9,3,17
9804,9,1,18
9805,9,2,9
9806,9,1,18
9807,9,1,18
9808,9,3,17
9809,9,2,9
9810,9,0,10
9811,9,0,10
9812,9,1,18
9813,9,0,10
9814,9,2,9
9815,9,1,18
9816,9,4,4
9817,9,2,9
9818,9,2,9
9819,9,0,10
9820,9,1,18
9821,9,3,17
9822,9,2,9
9823,9,0,10
9824,9,4,4
9825,9,1,18
9826,9,4,4
9827,9,0,10
9828,9,3,17
9829,9,2,9
9830,9,2,9
9831,9,2,9
9832,9,2,9
9833,9,1,18
9834,9,3,17
9835,9,3,17
9836,9,0,10
9837,9,2,9
9838,9,2,9
9839,9,3,17
9840,9,2,9
9841,9,3,17
9842,9,2,9
9843,9,3,17
9844,9,2,9
9845,9,0,10
9846,9,2,9
9847,9,0,10
9848,9,2,9
9849,9,4,4
9850,9,0,10
9851,9,0,10
9852,9,2,9
9853,9,2,9
9854,9,2,9
9855,9,2,9
9856,9,3,17
9857,9,3,17
9858,9,2,9
9859,9,0,10
9860,9,0,10
9861,9,0,10
9862,9,0,10
9863,9,3,17
9864,9,0,10
9865,9,1,18
9866,9,3,17
9867,9,4,4
9868,9,0,10
9869,9,2,9
9870,9,1,18
9871,9,0,10
9872,9,2,9
9873,9,2,9
9874,9,0,10
9875,9,0,10
9876,9,2,9
9877,9,1,18
9878,9,1,18
9879,9,3,17
9880,9,0,10
9881,9,1,18
9882,9,2,9
9883,9,0,10
9884,9,0,10
9885,9,1,18
9886,9,0,10
9887,9,2,9
9888,9,1,18
9889,9,4,4
9890,9,1,18
9891,9,0,10
9892,9,2,9
9893,9,1,18
9894,9,0,10
9895,9,2,9
9896,9,1,18
9897,9,2,9
9898,9,3,17
9899,9,0,10
9900,9,0,10
9901,9,2,9
9902,9,3,17
9903,9,4,4
9904,9,2,9
9905,9,0,10
9906,9,0,10
9907,9,1,18
9908,9,4,4
9909,9,1,18
9910,9,2,9
9911,9,4,4
9912,9,3,17
9913,9,3,17
9914,9,1,18
9915,9,1,18
9916,9,4,4
9917,9,0,10
9918,9,0,10
9919,9,3,17
9920,9,2,9
9921,9,4,4
9922,9,2,9
9923,9,1,18
9924,9,1,18
9925,9,1,18
9926,9,1,18
9927,9,1,18
9928,9,0,10
9929,9,2,9
9930,9,3,17
9931,9,0,10
9932,9,2,9
9933,9,1,18
9934,9,0,10
9935,9,3,17
9936,9,1,18
9937,9,2,9
9938,9,2,9
9939,9,0,10
9940,9,2,9
9941,9,0,10
9942,9,1,18
9943,9,0,10
9944,9,1,18
9945,9,0,10
9946,9,0,10
9947,9,1,18
9948,9,1,18
9949,9,1,18
9950,9,1,18
9951,9,0,10
9952,9,1,18
9953,9,0,10
9954,9,3,17
9955,9,3,17
9956,9,2,9
9957,9,3,17
9958,9,2,9
9959,9,2,9
9960,9,0,10
9961,9,1,18
9962,9,2,9
9963,9,2,9
9964,9,2,9
9965,9,0,10
9966,9,2,9
9967,9,0,10
9968,9,1,18
9969,9,4,4
9970,9,2,9
9971,9,2,9
9972,9,2,9
9973,9,3,17
9974,9,2,9
9975,9,0,10
9976,9,1,18
9977,9,2,9
9978,9,1,18
9979,9,0,10
9980,9,1,18
9981,9,1,18
9982,9,1,18
9983,9,1,18
9984,9,3,17
9985,9,0,10
9986,9,1,18
9987,9,1,18
9988,9,3,17
9989,9,1,18
9990,9,0,10
9991,9,3,17
9992,9,1,18
9993,9,2,9
9994,9,0,10
9995,9,2,9
9996,9,2,9
9997,9,1,18
9998,9,0,10
9999,9,3,17
10000,9,1,18
10001,9,1,18
10002,9,1,18
10003,9,2,9
10004,9,0,10
10005,9,1,18
10006,9,0,10
10007,9,1,18
10008,9,1,18
10009,9,2,9
10010,9,3,17
10011,9,3,17
10012,9,0,10
10013,9,1,18
10014,9,0,10
10015,9,2,9
10016,9,4,4
10017,9,1,18
10018,10,2,9
10019,10,2,9
10020,10,3,17
10021,10,2,9
10022,10,1,18
10023,10,0,10
10024,10,3,17
10025,10,1,18
10026,10,1,18
10027,10,3,17
10028,10,0,10
10029,10,2,9
10030,10,2,9
10031,10,3,17
10032,10,3,17
10033,10,1,18
10034,10,0,10
10035,10,1,18
10036,10,2,9
10037,10,0,10
10038,10,1,18
10039,10,1,18
10040,10,2,9
10041,10,1,18
10042,10,0,10
10043,10,2,9
10044,10,2,9
10045,10,1,18
10046,10,1,18
10047,10,0,10
10048,10,2,9
10049,10,3,17
10050,10,1,18
10051,10,0,10
10052,10,2,9
10053,10,1,18
10054,10,2,9
10055,10,0,10
10056,10,1,18
10057,10,3,17
10058,10,3,17
10059,10,4,4
10060,10,2,9
10061,10,0,10
10062,10,1,18
10063,10,1,18
10064,10,0,10
10065,10,2,9
10066,10,3,17
10067,10,1,18
10068,10,0,10
10069,10,0,10
10070,10,3,17
10071,10,2,9
10072,10,0,10
10073,10,2,9
10074,10,1,18
10075,10,0,10
10076,10,2,9
10077,10,1,18
10078,10,3,17
10079,10,2,9
10080,10,4,4
10081,10,2,9
10082,10,1,18
10083,10,0,10
10084,10,4,4
10085,10,2,9
10086,10,1,18
10087,10,1,18
10088,10,0,10
10089,10,1,18
10090,10,1,18
10091,10,2,9
10092,10,3,17
10093,10,1,18
10094,10,1,18
10095,10,1,18
10096,10,1,18
10097,10,1,18
10098,10,0,10
10099,10,2,9
10100,10,3,17
10101,10,2,9
10102,10,2,9
10103,10,0,10
10104,10,0,10
10105,10,1,18
10106,10,1,18
10107,10,3,17
10108,10,0,10
10109,10,4,4
10110,10,2,9
10111,10,0,10
10112,10,2,9
10113,10,2,9
10114,10,3,17
10115,10,1,18
10116,10,1,18
10117,10,2,9
10118,10,0,10
10119,10,3,17
10120,10,2,9
10121,10,0,10
10122,10,0,10
10123,10,0,10
10124,10,3,17
10125,10,3,17
10126,10,1,18
10127,10,1,18
10128,10,1,18
10129,10,2,9
10130,10,1,18
10131,10,0,10
10132,10,1,18
10133,10,2,9
10134,10,2,9
10135,10,3,17
10136,10,2,9
10137,10,2,9
10138,10,2,9
10139,10,0,10
10140,10,1,18
10141,10,1,18
10142,10,2,9
10143,10,0,10
10144,10,1,18
10145,10,0,10
10146,10,4,4
10147,10,0,10
10148,10,0,10
10149,10,0,10
10150,10,2,9
10151,10,2,9
10152,10,1,18
10153,10,2,9
10154,10,1,18
10155,10,3,17
10156,10,1,18
10157,10,2,9
10158,10,2,9
10159,10,0,10
10160,10,0,10
10161,10,4,4
10162,10,2,9
10163,10,2,9
10164,10,2,9
10165,10,3,17
10166,10,2,9
10167,10,2,9
10168,10,1,18
10169,10,2,9
10170,10,4,4
10171,10,3,17
10172,10,0,10
10173,10,2,9
10174,10,0,10
10175,10,2,9
10176,10,3,17
10177,10,2,9
10178,10,0,10
10179,10,1,18
10180,10,2,9
10181,10,0,10
10182,10,1,18
10183,10,0,10
10184,10,2,9
10185,10,0,10
10186,10,2,9
10187,10,2,9
10188,10,1,18
10189,10,2,9
10190,10,2,9
10191,10,2,9
10192,10,0,10
10193,10,1,18
10194,10,2,9
10195,10,2,9
10196,10,0,10
10197,10,3,17
10198,10,1,18
10199,10,0,10
10200,10,0,10
10201,10,0,10
10202,10,2,9
10203,10,1,18
10204,10,2,9
10205,10,1,18
10206,10,2,9
10207,10,1,18
10208,10,2,9
10209,10,1,18
10210,10,3,17
10211,10,3,17
10212,10,0,10
10213,10,1,18
10214,10,3,17
10215,10,2,9
10216,10,3,17
10217,10,1,18
10218,10,1,18
10219,10,3,17
10220,10,1,18
10221,10,1,18
10222,10,0,10
10223,10,1,18
10224,10,1,18
10225,10,3,17
10226,10,2,9
10227,10,3,17
10228,10,3,17
10229,10,2,9
10230,10,0,10
10231,10,1,18
10232,10,1,18
10233,10,3,17
10234,10,1,18
10235,10,1,18
10236,10,0,10
10237,10,0,10
10238,10,1,18
10239,10,0,10
10240,10,2,9
10241,10,1,18
10242,10,2,9
10243,10,3,17
10244,10,3,17
10245,10,1,18
10246,10,1,18
10247,10,3,17
10248,10,0,10
10249,10,2,9
10250,10,2,9
10251,10,1,18
10252,10,0,10
10253,10,2,9
10254,10,2,9
10255,10,2,9
10256,10,3,17
10257,10,1,18
10258,10,2,9
10259,10,1,18
10260,10,1,18
10261,10,2,9
10262,10,2,9
10263,10,0,10
10264,10,2,9
10265,10,2,9
10266,10,4,4
10267,10,0,10
10268,10,2,9
10269,10,3,17
10270,10,4,4
10271,10,2,9
10272,10,2,9
10273,10,0,10
10274,10,2,9
10275,10,0,10
10276,10,0,10
10277,10,0,10
10278,10,0,10
10279,10,3,17
10280,10,2,9
10281,10,3,17
10282,10,0,10
10283,10,4,4
10284,10,0,10
10285,10,2,9
10286,10,3,17
10287,10,1,18
10288,10,2,9
10289,10,4,4
10290,10,0,10
10291,10,0,10
10292,10,1,18
10293,10,0,10
10294,10,0,10
10295,10,4,4
10296,10,2,9
10297,10,4,4
10298,10,3,17
10299,10,2,9
10300,10,3,17
10301,10,2,9
10302,10,2,9
10303,10,0,10
10304,10,3,17
10305,10,1,18
10306,10,1,18
10307,10,2,9
10308,10,0,10
10309,10,3,17
10310,10,0,10
10311,10,1,18
10312,10,3,17
10313,10,2,9
10314,10,2,9
10315,10,3,17
10316,10,2,9
10317,10,3,17
10318,10,3,17
10319,10,2,9
10320,10,1,18
10321,10,4,4
10322,10,3,17
10323,10,2,9
10324,10,2,9
10325,10,2,9
10326,10,2,9
10327,10,1,18
10328,10,2,9
10329,10,2,9
10330,10,1,18
10331,10,0,10
10332,10,0,10
10333,10,2,9
10334,10,2,9
10335,10,2,9
10336,10,2,9
10337,10,1,18
10338,10,1,18
10339,10,4,4
10340,10,0,10
10341,10,1,18
10342,10,1,18
10343,10,2,9
10344,10,1,18
10345,10,1,18
10346,10,2,9
10347,10,3,17
10348,10,2,9
10349,10,2,9
10350,10,3,17
10351,10,2,9
10352,10,4,4
10353,10,2,9
10354,10,2,9
10355,10,2,9
10356,10,0,10
10357,10,1,18
10358,10,3,17
10359,10,1,18
10360,10,0,10
10361,10,2,9
10362,10,2,9
10363,10,2,9
10364,10,2,9
10365,10,3,17
10366,10,2,9
10367,10,4,4
10368,10,0,10
10369,10,1,18
10370,10,1,18
10371,10,2,9
10372,10,4,4
10373,10,3,17
10374,10,1,18
10375,10,4,4
10376,10,2,9
10377,10,0,10
10378,10,4,4
10379,10,1,18
10380,10,0,10
10381,10,0,10
10382,10,2,9
10383,10,1,18
10384,10,3,17
10385,10,2,9
10386,10,0,10
10387,10,2,9
10388,10,2,9
10389,10,2,9
10390,10,0,10
10391,10,2,9
10392,10,1,18
10393,10,4,4
10394,10,1,18
10395,10,0,10
10396,10,4,4
10397,10,1,18
10398,10,2,9
10399,10,0,10
10400,10,2,9
10401,10,1,18
10402,10,1,18
10403,10,3,17
10404,10,2,9
10405,10,3,17
10406,10,0,10
10407,10,2,9
10408,10,1,18
10409,10,1,18
10410,10,2,9
10411,10,3,17
10412,10,1,18
10413,10,0,10
10414,10,0,10
10415,10,0,10
10416,10,0,10
10417,10,2,9
10418,10,0,10
10419,10,0,10
10420,10,0,10
10421,10,0,10
10422,10,0,10
10423,10,0,10
10424,10,4,4
10425,10,0,10
10426,10,0,10
10427,10,0,10
10428,10,0,10
10429,10,0,10
10430,10,0,10
10431,10,0,10
10432,10,0,10
10433,10,0,10
10434,10,0,10
10435,10,4,4
10436,10,0,10
10437,10,0,10
10438,10,0,10
10439,10,0,10
10440,10,0,10
10441,10,0,10
10442,10,0,10
10443,10,0,10
10444,10,0,10
10445,10,0,10
10446,10,0,10
10447,10,0,10
10448,10,0,10
10449,10,0,10
10450,10,0,10
10451,10,0,10
10452,10,0,10
10453,10,0,10
10454,10,0,10
10455,10,0,10
10456,10,0,10
10457,10,0,10
10458,10,4,4
10459,10,4,4
10460,10,4,4
10461,10,4,4
10462,10,0,10
10463,10,4,4
10464,10,0,10
10465,10,0,10
10466,10,0,10
10467,10,0,10
10468,10,2,9
10469,10,0,10
10470,10,0,10
10471,10,0,10
10472,10,0,10
10473,10,0,10
10474,10,0,10
10475,10,2,9
10476,10,0,10
10477,10,0,10
10478,10,0,10
10479,10,2,9
10480,10,0,10
10481,10,4,4
10482,10,0,10
10483,10,0,10
10484,10,0,10
10485,10,0,10
10486,10,0,10
10487,10,0,10
10488,10,0,10
10489,10,0,10
10490,10,0,10
10491,10,0,10
10492,10,0,10
10493,10,0,10
10494,10,2,9
10495,10,0,10
10496,10,2,9
10497,10,0,10
10498,10,4,4
10499,10,0,10
10500,10,0,10
10501,10,0,10
10502,10,0,10
10503,10,0,10
10504,10,2,9
10505,10,0,10
10506,10,0,10
10507,10,0,10
10508,10,0,10
10509,10,0,10
10510,10,4,4
10511,10,0,10
10512,10,0,10
10513,10,0,10
10514,10,0,10
10515,10,2,9
10516,10,0,10
10517,10,0,10
10518,10,4,4
10519,10,0,10
10520,10,2,9
10521,10,0,10
10522,10,2,9
10523,10,0,10
10524,10,0,10
10525,10,2,9
10526,10,0,10
10527,10,0,10
10528,10,0,10
10529,10,4,4
10530,10,2,9
10531,10,0,10
10532,10,0,10
10533,10,2,9
10534,10,0,10
10535,10,0,10
10536,10,0,10
10537,10,0,10
10538,10,2,9
10539,10,0,10
10540,10,0,10
10541,10,0,10
10542,10,0,10
10543,10,0,10
10544,10,0,10
10545,10,0,10
10546,10,0,10
10547,10,0,10
10548,10,0,10
10549,10,0,10
10550,10,0,10
10551,10,2,9
10552,10,0,10
10553,10,0,10
10554,10,0,10
10555,10,0,10
10556,10,0,10
10557,10,0,10
10558,10,0,10
10559,10,4,4
10560,10,0,10
10561,10,0,10
10562,10,0,10
10563,10,0,10
10564,10,0,10
10565,10,0,10
10566,10,0,10
10567,10,0,10
10568,10,0,10
10569,10,0,10
10570,10,0,10
10571,10,0,10
10572,10,0,10
10573,10,0,10
10574,10,2,9
10575,10,0,10
10576,10,0,10
10577,10,0,10
10578,10,2,9
10579,10,0,10
10580,10,2,9
10581,10,0,10
10582,10,2,9
10583,10,2,9
10584,10,0,10
10585,10,0,10
10586,10,2,9
10587,10,0,10
10588,10,0,10
10589,10,0,10
10590,10,0,10
10591,10,0,10
10592,10,0,10
10593,10,0,10
10594,10,2,9
10595,10,0,10
10596,10,0,10
10597,10,0,10
10598,10,0,10
10599,10,0,10
10600,10,0,10
10601,10,0,10
10602,10,0,10
10603,10,0,10
10604,10,0,10
10605,10,0,10
10606,10,0,10
10607,10,0,10
10608,10,0,10
10609,10,0,10
10610,10,0,10
10611,10,0,10
10612,10,0,10
10613,10,2,9
10614,10,4,4
10615,10,4,4
10616,10,2,9
10617,10,0,10
10618,10,0,10
10619,10,0,10
10620,10,0,10
10621,10,0,10
10622,10,0,10
10623,10,0,10
10624,10,0,10
10625,10,0,10
10626,10,0,10
10627,10,0,10
10628,10,4,4
10629,10,0,10
10630,10,0,10
10631,10,4,4
10632,10,0,10
10633,10,0,10
10634,10,0,10
10635,10,0,10
10636,10,0,10
10637,10,0,10
10638,10,0,10
10639,10,0,10
10640,10,0,10
10641,10,0,10
10642,10,0,10
10643,10,0,10
10644,10,0,10
10645,10,0,10
10646,10,0,10
10647,10,0,10
10648,10,0,10
10649,10,0,10
10650,10,0,10
10651,10,0,10
10652,10,0,10
10653,10,0,10
10654,10,0,10
10655,10,0,10
10656,10,0,10
10657,10,0,10
10658,10,0,10
10659,10,0,10
10660,10,0,10
10661,10,4,4
10662,10,0,10
10663,10,0,10
10664,10,0,10
10665,10,2,9
10666,10,0,10
10667,10,0,10
10668,10,0,10
10669,10,2,9
10670,10,2,9
10671,10,0,10
10672,10,0,10
10673,10,4,4
10674,10,0,10
10675,10,0,10
10676,10,0,10
10677,10,0,10
10678,10,0,10
10679,10,0,10
10680,10,0,10
10681,10,0,10
10682,10,0,10
10683,10,4,4
10684,10,0,10
10685,10,0,10
10686,10,0,10
10687,10,0,10
10688,10,0,10
10689,10,0,10
10690,10,0,10
10691,10,0,10
10692,10,0,10
10693,10,0,10
10694,10,4,4
10695,10,0,10
10696,10,0,10
10697,10,0,10
10698,10,0,10
10699,10,0,10
10700,10,0,10
10701,10,4,4
10702,10,0,10
10703,10,0,10
10704,10,0,10
10705,10,2,9
10706,10,0,10
10707,10,4,4
10708,10,0,10
10709,10,0,10
10710,10,0,10
10711,10,0,10
10712,10,0,10
10713,10,0,10
10714,10,0,10
10715,10,0,10
10716,10,0,10
10717,10,0,10
10718,10,0,10
10719,10,0,10
10720,10,0,10
10721,10,2,9
10722,10,0,10
10723,10,0,10
10724,10,0,10
10725,10,0,10
10726,10,0,10
10727,10,0,10
10728,10,0,10
10729,10,0,10
10730,10,0,10
10731,10,0,10
10732,10,0,10
10733,10,0,10
10734,10,4,4
10735,10,0,10
10736,10,0,10
10737,10,0,10
10738,10,0,10
10739,10,4,4
10740,10,2,9
10741,10,0,10
10742,10,0,10
10743,10,0,10
10744,10,0,10
10745,10,0,10
10746,10,0,10
10747,10,0,10
10748,10,0,10
10749,10,0,10
10750,10,0,10
10751,10,0,10
10752,10,2,9
10753,10,4,4
10754,10,0,10
10755,10,0,10
10756,10,0,10
10757,10,0,10
10758,10,0,10
10759,10,0,10
10760,10,2,9
10761,10,0,10
10762,10,0,10
10763,10,0,10
10764,10,0,10
10765,10,0,10
10766,10,0,10
10767,10,4,4
10768,10,0,10
10769,10,0,10
10770,10,0,10
10771,10,0,10
10772,10,0,10
10773,10,0,10
10774,10,4,4
10775,10,0,10
10776,10,0,10
10777,10,0,10
10778,10,0,10
10779,10,0,10
10780,10,0,10
10781,10,0,10
10782,10,0,10
10783,10,0,10
10784,10,0,10
10785,10,0,10
10786,10,0,10
10787,10,0,10
10788,10,0,10
10789,10,0,10
10790,10,0,10
10791,10,0,10
10792,10,2,9
10793,10,0,10
10794,10,0,10
10795,10,0,10
10796,10,0,10
10797,10,0,10
10798,10,0,10
10799,10,0,10
10800,10,2,9
10801,10,0,10
10802,10,2,9
10803,10,0,10
10804,10,0,10
10805,10,4,4
10806,10,0,10
10807,10,0,10
10808,10,0,10
10809,10,0,10
10810,10,0,10
10811,10,0,10
10812,10,0,10
10813,10,0,10
10814,10,0,10
10815,10,0,10
10816,10,2,9
10817,10,0,10
10818,10,4,4
10819,10,0,10
10820,10,0,10
10821,10,0,10
10822,10,0,10
10823,10,0,10
10824,10,0,10
10825,10,0,10
10826,10,0,10
10827,10,4,4
10828,10,0,10
10829,10,0,10
10830,10,0,10
10831,10,0,10
10832,10,0,10
10833,10,0,10
10834,10,0,10
10835,10,4,4
10836,10,0,10
10837,10,0,10
10838,10,0,10
10839,10,2,9
10840,10,2,9
10841,10,0,10
10842,10,4,4
10843,10,0,10
10844,10,0,10
10845,10,0,10
10846,10,0,10
10847,10,0,10
10848,10,4,4
10849,10,0,10
10850,10,4,4
10851,10,2,9
10852,10,2,9
10853,10,4,4
10854,10,0,10
10855,10,0,10
10856,10,0,10
10857,10,0,10
10858,10,0,10
10859,10,0,10
10860,10,0,10
10861,10,2,9
10862,10,0,10
10863,10,2,9
10864,10,0,10
10865,10,0,10
10866,10,0,10
10867,10,0,10
10868,10,0,10
10869,10,0,10
10870,10,0,10
10871,10,0,10
10872,10,0,10
10873,10,0,10
10874,10,0,10
10875,10,2,9
10876,10,0,10
10877,10,0,10
10878,10,2,9
10879,10,0,10
10880,10,0,10
10881,10,0,10
10882,10,0,10
10883,10,0,10
10884,10,0,10
10885,10,0,10
10886,10,0,10
10887,10,0,10
10888,10,2,9
10889,10,2,9
10890,10,0,10
10891,10,0,10
10892,10,0,10
10893,10,0,10
10894,10,0,10
10895,10,0,10
10896,10,0,10
10897,10,0,10
10898,10,0,10
10899,10,0,10
10900,10,0,10
10901,10,0,10
10902,10,2,9
10903,10,2,9
10904,10,4,4
10905,10,4,4
10906,10,4,4
10907,10,0,10
10908,10,0,10
10909,10,4,4
10910,10,0,10
10911,10,0,10
10912,10,0,10
10913,10,0,10
10914,10,0,10
10915,10,0,10
10916,10,0,10
10917,10,0,10
10918,10,0,10
10919,10,0,10
10920,10,0,10
10921,10,0,10
10922,10,0,10
10923,10,0,10
10924,10,0,10
10925,10,0,10
10926,10,0,10
10927,10,0,10
10928,10,0,10
10929,10,0,10
10930,10,0,10
10931,10,0,10
10932,10,0,10
10933,10,0,10
10934,10,4,4
10935,10,0,10
10936,10,0,10
10937,10,0,10
10938,10,0,10
10939,10,0,10
10940,10,0,10
10941,10,0,10
10942,10,0,10
10943,10,0,10
10944,10,0,10
10945,10,0,10
10946,10,0,10
10947,10,0,10
10948,10,0,10
10949,10,0,10
10950,10,0,10
10951,10,2,9
10952,10,0,10
10953,10,0,10
10954,10,0,10
10955,10,2,9
10956,10,0,10
10957,10,0,10
10958,10,0,10
10959,10,0,10
10960,10,0,10
10961,10,0,10
10962,10,0,10
10963,10,4,4
10964,10,0,10
10965,10,0,10
10966,10,0,10
10967,10,0,10
10968,10,0,10
10969,10,0,10
10970,10,0,10
10971,10,0,10
10972,10,0,10
10973,10,0,10
10974,10,2,9
10975,10,0,10
10976,10,0,10
10977,10,4,4
10978,10,0,10
10979,10,0,10
10980,10,0,10
10981,10,0,10
10982,10,0,10
10983,10,0,10
10984,10,0,10
10985,10,0,10
10986,10,0,10
10987,10,0,10
10988,10,0,10
10989,10,0,10
10990,10,0,10
10991,10,2,9
10992,10,4,4
10993,10,0,10
10994,10,0,10
10995,10,0,10
10996,10,0,10
10997,10,0,10
10998,10,0,10
10999,10,0,10
11000,10,0,10
11001,10,0,10
11002,10,0,10
11003,10,0,10
11004,10,0,10
11005,10,0,10
11006,10,0,10
11007,10,0,10
11008,10,0,10
11009,10,2,9
11010,10,0,10
11011,10,0,10
11012,10,0,10
11013,10,0,10
11014,10,0,10
11015,10,0,10
11016,10,0,10
11017,10,0,10
11018,10,0,10
11019,10,0,10
11020,10,0,10
11021,10,0,10
11022,10,0,10
11023,10,0,10
11024,10,0,10
11025,10,0,10
11026,10,2,9
11027,10,0,10
11028,10,0,10
11029,10,0,10
11030,10,0,10
11031,10,0,10
11032,10,0,10
11033,10,0,10
11034,10,0,10
11035,10,0,10
11036,10,0,10
11037,10,0,10
11038,10,0,10
11039,10,0,10
11040,10,0,10
11041,10,0,10
11042,10,0,10
11043,10,0,10
11044,10,0,10
11045,10,0,10
11046,10,2,9
11047,10,2,9
11048,10,2,9
11049,10,0,10
11050,10,0,10
11051,10,2,9
11052,10,0,10
11053,10,0,10
11054,10,0,10
11055,10,0,10
11056,10,0,10
11057,10,0,10
11058,10,0,10
11059,10,0,10
11060,10,0,10
11061,10,0,10
11062,10,0,10
11063,10,0,10
11064,10,0,10
11065,10,0,10
11066,10,0,10
11067,10,0,10
11068,10,2,9
11069,10,0,10
11070,10,2,9
11071,10,0,10
11072,10,0,10
11073,10,0,10
11074,10,0,10
11075,10,0,10
11076,10,0,10
11077,10,2,9
11078,10,0,10
11079,10,0,10
11080,10,0,10
11081,10,0,10
11082,10,0,10
11083,10,0,10
11084,10,0,10
11085,10,2,9
11086,10,0,10
11087,10,2,9
11088,10,0,10
11089,10,0,10
11090,10,0,10
11091,10,0,10
11092,10,0,10
11093,10,0,10
11094,10,0,10
11095,10,2,9
11096,10,2,9
11097,10,0,10
11098,10,0,10
11099,10,0,10
11100,10,0,10
11101,10,2,9
11102,10,0,10
11103,10,0,10
11104,10,0,10
11105,10,0,10
11106,10,0,10
11107,10,0,10
11108,10,0,10
11109,10,0,10
11110,10,0,10
11111,10,0,10
11112,10,2,9
11113,10,0,10
11114,10,0,10
11115,10,0,10
11116,10,0,10
11117,10,0,10
11118,10,0,10
11119,10,0,10
11120,10,0,10
11121,10,0,10
11122,10,0,10
11123,10,0,10
11124,10,2,9
11125,10,0,10
11126,10,0,10
11127,10,0,10
11128,10,0,10
11129,10,0,10
11130,10,2,9
11131,10,0,10
11132,10,0,10
11133,10,0,10
11134,10,0,10
11135,10,0,10
11136,10,2,9
11137,10,2,9
11138,10,0,10
11139,10,0,10
11140,10,0,10
11141,10,0,10
11142,10,0,10
11143,10,0,10
11144,10,2,9
11145,10,0,10
11146,10,0,10
11147,10,0,10
11148,10,0,10
11149,10,0,10
11150,10,0,10
11151,10,0,10
11152,10,0,10
11153,10,0,10
11154,10,0,10
11155,10,0,10
11156,10,0,10
11157,10,0,10
11158,10,0,10
11159,10,0,10
11160,10,2,9
11161,10,0,10
11162,10,0,10
11163,10,0,10
11164,10,0,10
11165,10,0,10
11166,10,0,10
11167,10,0,10
11168,10,0,10
11169,10,0,10
11170,10,0,10
11171,10,0,10
11172,10,0,10
11173,10,0,10
11174,10,0,10
11175,10,0,10
11176,10,0,10
11177,10,0,10
11178,10,0,10
11179,10,0,10
11180,10,0,10
11181,10,0,10
11182,10,4,4
11183,10,4,4
11184,10,0,10
11185,10,0,10
11186,10,0,10
11187,10,0,10
11188,10,0,10
11189,10,0,10
11190,10,0,10
11191,10,0,10
11192,10,0,10
11193,10,0,10
11194,10,0,10
11195,10,0,10
11196,10,0,10
11197,10,0,10
11198,10,0,10
11199,10,0,10
11200,10,0,10
11201,10,0,10
11202,10,0,10
11203,10,0,10
11204,10,0,10
11205,10,0,10
11206,10,2,9
11207,10,0,10
11208,10,0,10
11209,10,0,10
11210,10,0,10
11211,10,0,10
11212,10,0,10
11213,10,0,10
11214,10,0,10
11215,10,0,10
11216,10,0,10
11217,10,0,10
11218,10,0,10
11219,10,0,10
11220,10,0,10
11221,10,0,10
11222,10,0,10
11223,10,0,10
11224,10,0,10
11225,10,0,10
11226,10,0,10
11227,10,0,10
11228,10,0,10
11229,10,0,10
11230,10,0,10
11231,10,0,10
11232,10,0,10
11233,10,0,10
11234,10,0,10
11235,10,0,10
11236,10,0,10
11237,10,0,10
11238,10,2,9
11239,10,0,10
11240,10,0,10
11241,10,0,10
11242,10,0,10
11243,10,0,10
11244,10,2,9
11245,10,0,10
11246,10,0,10
11247,10,0,10
11248,10,0,10
11249,10,0,10
11250,10,0,10
11251,10,0,10
11252,10,2,9
11253,10,0,10
11254,10,0,10
11255,10,2,9
11256,10,0,10
11257,10,2,9
11258,10,0,10
11259,10,0,10
11260,10,0,10
11261,10,0,10
11262,10,0,10
11263,10,0,10
11264,10,0,10
11265,10,0,10
11266,10,0,10
11267,10,0,10
11268,10,0,10
11269,10,0,10
11270,10,0,10
11271,10,0,10
11272,10,0,10
11273,10,0,10
11274,10,0,10
11275,10,0,10
11276,10,0,10
11277,10,0,10
11278,10,0,10
11279,10,0,10
11280,10,0,10
11281,10,0,10
11282,10,0,10
11283,10,0,10
11284,10,0,10
11285,10,2,9
11286,10,0,10
11287,10,0,10
11288,10,2,9
11289,10,0,10
11290,10,0,10
11291,10,0,10
11292,10,0,10
11293,10,4,4
11294,10,0,10
11295,10,0,10
11296,10,0,10
11297,10,0,10
11298,10,0,10
11299,10,0,10
11300,10,0,10
11301,10,2,9
11302,10,0,10
11303,10,0,10
11304,10,0,10
11305,10,0,10
11306,10,0,10
11307,10,0,10
11308,10,0,10
11309,10,0,10
11310,10,2,9
11311,10,0,10
11312,10,0,10
11313,10,2,9
11314,10,2,9
11315,10,0,10
11316,10,2,9
11317,10,4,4
11318,10,0,10
11319,10,0,10
11320,10,0,10
11321,10,0,10
11322,10,0,10
11323,10,0,10
11324,10,0,10
11325,10,0,10
11326,10,0,10
11327,10,4,4
11328,10,0,10
11329,10,0,10
11330,10,0,10
11331,10,0,10
11332,10,0,10
11333,10,0,10
11334,10,0,10
11335,10,0,10
11336,10,0,10
11337,10,0,10
11338,10,0,10
11339,10,0,10
11340,10,0,10
11341,10,2,9
11342,10,0,10
11343,10,2,9
11344,10,0,10
11345,10,0,10
11346,10,0,10
11347,10,0,10
11348,10,0,10
11349,10,0,10
11350,10,0,10
11351,10,0,10
11352,10,0,10
11353,10,0,10
11354,10,4,4
11355,10,4,4
11356,10,2,9
11357,10,0,10
11358,10,4,4
11359,10,0,10
11360,10,0,10
11361,10,0,10
11362,10,0,10
11363,10,0,10
11364,10,0,10
11365,10,0,10
11366,10,0,10
11367,10,2,9
11368,10,0,10
11369,10,0,10
11370,10,0,10
11371,10,0,10
11372,10,2,9
11373,10,0,10
11374,10,0,10
11375,10,0,10
11376,10,2,9
11377,10,0,10
11378,10,2,9
11379,10,4,4
11380,10,0,10
11381,10,0,10
11382,10,0,10
11383,10,0,10
11384,10,0,10
11385,10,4,4
11386,10,0,10
11387,10,0,10
11388,10,2,9
11389,10,0,10
11390,10,0,10
11391,10,0,10
11392,10,2,9
11393,10,2,9
11394,10,0,10
11395,10,0,10
11396,10,2,9
11397,10,2,9
11398,10,0,10
11399,10,0,10
11400,10,2,9
11401,10,0,10
11402,10,0,10
11403,10,0,10
11404,10,0,10
11405,10,0,10
11406,10,0,10
11407,10,0,10
11408,10,0,10
11409,10,0,10
11410,10,0,10
11411,10,0,10
11412,10,2,9
11413,10,3,17
11414,10,0,10
11415,10,0,10
11416,10,0,10
11417,10,0,10
11418,10,4,4
11419,10,0,10
11420,10,4,4
11421,10,0,10
11422,10,0,10
11423,10,0,10
11424,10,2,9
11425,10,0,10
11426,10,2,9
11427,10,0,10
11428,10,0,10
11429,10,0,10
11430,10,0,10
11431,10,4,4
11432,10,4,4
11433,10,4,4
11434,10,0,10
11435,10,0,10
11436,10,4,4
11437,10,0,10
11438,10,0,10
11439,10,0,10
11440,10,0,10
11441,10,0,10
11442,10,0,10
11443,10,0,10
11444,10,0,10
11445,10,0,10
11446,10,0,10
11447,10,0,10
11448,10,0,10
11449,10,0,10
11450,10,0,10
11451,10,0,10
11452,10,0,10
11453,10,0,10
11454,10,0,10
11455,10,0,10
11456,10,0,10
11457,10,0,10
11458,10,0,10
11459,10,0,10
11460,10,0,10
11461,10,0,10
11462,10,0,10
11463,10,0,10
11464,10,0,10
11465,10,0,10
11466,10,0,10
11467,10,0,10
11468,10,0,10
11469,10,4,4
11470,10,0,10
11471,10,0,10
11472,10,2,9
11473,10,0,10
11474,10,2,9
11475,10,0,10
11476,10,0,10
11477,10,0,10
11478,10,0,10
11479,10,4,4
11480,10,0,10
11481,10,0,10
11482,10,0,10
11483,10,0,10
11484,10,0,10
11485,10,0,10
11486,10,0,10
11487,10,0,10
11488,10,0,10
11489,10,0,10
11490,10,0,10
11491,10,2,9
11492,10,2,9
11493,10,0,10
11494,10,0,10
11495,10,0,10
11496,10,0,10
11497,10,0,10
11498,10,0,10
11499,10,0,10
11500,10,0,10
11501,10,0,10
11502,10,0,10
11503,10,0,10
11504,10,0,10
11505,10,0,10
11506,10,0,10
11507,10,0,10
11508,10,0,10
11509,10,0,10
11510,10,0,10
11511,10,0,10
11512,10,0,10
11513,10,0,10
11514,10,0,10
11515,10,4,4
11516,10,0,10
11517,10,2,9
11518,10,2,9
11519,10,0,10
11520,10,2,9
11521,10,0,10
11522,10,0,10
11523,10,0,10
11524,10,2,9
11525,10,0,10
11526,10,0,10
11527,10,2,9
11528,10,4,4
11529,10,4,4
11530,10,4,4
11531,10,0,10
11532,10,0,10
11533,10,0,10
11534,10,0,10
11535,10,0,10
11536,10,0,10
11537,10,0,10
11538,10,0,10
11539,10,0,10
11540,10,0,10
11541,10,2,9
11542,10,0,10
11543,10,0,10
11544,10,0,10
11545,10,0,10
11546,10,0,10
11547,10,0,10
11548,10,0,10
11549,10,0,10
11550,10,0,10
11551,10,4,4
11552,10,0,10
11553,10,2,9
11554,10,2,9
11555,10,0,10
11556,10,0,10
11557,10,4,4
11558,10,0,10
11559,10,0,10
11560,10,0,10
11561,10,2,9
11562,10,0,10
11563,10,0,10
11564,10,0,10
11565,10,0,10
11566,10,0,10
11567,10,0,10
11568,10,4,4
11569,10,0,10
11570,10,0,10
11571,10,4,4
11572,10,4,4
11573,10,0,10
11574,10,0,10
11575,10,0,10
11576,10,0,10
11577,10,2,9
11578,10,2,9
11579,10,0,10
11580,10,0,10
11581,10,0,10
11582,10,0,10
11583,10,0,10
11584,10,0,10
11585,10,4,4
11586,10,0,10
11587,10,0,10
11588,10,0,10
11589,10,0,10
11590,10,0,10
11591,10,0,10
11592,10,2,9
11593,10,0,10
11594,10,0,10
11595,10,0,10
11596,10,2,9
11597,10,2,9
11598,10,2,9
11599,10,0,10
11600,10,0,10
11601,10,0,10
11602,10,0,10
11603,10,0,10
11604,10,0,10
11605,10,0,10
11606,10,0,10
11607,10,4,4
11608,10,0,10
11609,10,0,10
11610,10,2,9
11611,10,0,10
11612,10,2,9
11613,10,0,10
11614,10,0,10
11615,10,0,10
11616,10,4,4
11617,10,0,10
11618,10,0,10
11619,10,0,10
11620,10,0,10
11621,10,4,4
11622,10,0,10
11623,10,0,10
11624,10,0,10
11625,10,4,4
11626,10,2,9
11627,10,0,10
11628,10,2,9
11629,10,0,10
11630,10,0,10
11631,10,0,10
11632,10,0,10
11633,10,0,10
11634,10,0,10
11635,10,4,4
11636,10,0,10
11637,10,2,9
11638,10,0,10
11639,10,0,10
11640,10,0,10
11641,10,0,10
11642,10,2,9
11643,10,4,4
11644,10,0,10
11645,10,0,10
11646,10,4,4
11647,10,4,4
11648,10,0,10
11649,10,0,10
11650,10,2,9
11651,10,0,10
11652,10,0,10
11653,10,2,9
11654,10,2,9
11655,10,2,9
11656,10,0,10
11657,10,0,10
11658,10,0,10
11659,10,0,10
11660,10,2,9
11661,10,2,9
11662,10,0,10
11663,10,4,4
11664,10,0,10
11665,10,0,10
11666,10,2,9
11667,10,0,10
11668,10,0,10
11669,10,0,10
11670,10,4,4
11671,10,0,10
11672,10,0,10
11673,10,0,10
11674,10,0,10
11675,10,2,9
11676,10,0,10
11677,10,0,10
11678,10,0,10
11679,10,0,10
11680,10,0,10
11681,10,4,4
11682,10,0,10
11683,10,0,10
11684,10,0,10
11685,10,0,10
11686,10,0,10
11687,10,0,10
11688,10,2,9
11689,10,2,9
11690,10,0,10
11691,10,0,10
11692,10,0,10
11693,10,0,10
11694,10,4,4
11695,10,0,10
11696,10,0,10
11697,10,0,10
11698,10,0,10
11699,10,0,10
11700,10,0,10
11701,10,0,10
11702,10,0,10
11703,10,0,10
11704,10,4,4
11705,10,0,10
11706,10,2,9
11707,10,2,9
11708,10,0,10
11709,10,0,10
11710,10,0,10
11711,10,0,10
11712,10,0,10
11713,10,0,10
11714,10,0,10
11715,10,0,10
11716,10,0,10
11717,10,0,10
11718,10,0,10
11719,10,0,10
11720,10,0,10
11721,10,0,10
11722,10,0,10
11723,10,0,10
11724,10,0,10
11725,10,0,10
11726,10,0,10
11727,10,0,10
11728,10,4,4
11729,10,0,10
11730,10,0,10
11731,10,0,10
11732,10,0,10
11733,10,0,10
11734,10,0,10
11735,10,0,10
11736,10,0,10
11737,10,4,4
11738,10,2,9
11739,10,2,9
11740,10,2,9
11741,10,0,10
11742,10,0,10
11743,10,0,10
11744,10,0,10
11745,10,0,10
11746,10,0,10
11747,10,0,10
11748,10,0,10
11749,10,2,9
11750,10,0,10
11751,10,0,10
11752,10,0,10
11753,10,0,10
11754,10,2,9
11755,10,0,10
11756,10,0,10
11757,10,0,10
11758,10,0,10
11759,10,0,10
11760,10,0,10
11761,10,0,10
11762,10,0,10
11763,10,0,10
11764,10,0,10
11765,10,0,10
11766,10,2,9
11767,10,0,10
11768,10,0,10
11769,10,0,10
11770,10,0,10
11771,10,0,10
11772,10,0,10
11773,10,2,9
11774,10,2,9
11775,10,0,10
11776,10,0,10
11777,10,0,10
11778,10,0,10
11779,10,0,10
11780,10,0,10
11781,10,0,10
11782,10,2,9
11783,10,0,10
11784,10,0,10
11785,10,0,10
11786,10,0,10
11787,10,0,10
11788,10,0,10
11789,10,0,10
11790,10,0,10
11791,10,0,10
11792,10,2,9
11793,10,2,9
11794,10,0,10
11795,10,4,4
11796,10,0,10
11797,10,2,9
11798,10,0,10
11799,10,4,4
11800,10,2,9
11801,10,0,10
11802,10,0,10
11803,10,4,4
11804,10,0,10
11805,10,0,10
11806,10,0,10
11807,10,0,10
11808,10,0,10
11809,10,0,10
11810,10,0,10
11811,10,0,10
11812,10,0,10
11813,10,0,10
11814,10,4,4
11815,10,0,10
11816,10,0,10
11817,10,0,10
11818,10,0,10
11819,10,0,10
11820,10,0,10
11821,10,0,10
11822,10,2,9
11823,10,2,9
11824,10,4,4
11825,10,0,10
11826,10,0,10
11827,10,0,10
11828,10,4,4
11829,10,0,10
11830,10,0,10
11831,10,0,10
11832,10,0,10
11833,10,0,10
11834,10,0,10
11835,10,0,10
11836,10,2,9
11837,10,2,9
11838,10,0,10
11839,10,0,10
11840,10,0,10
11841,10,0,10
11842,10,4,4
11843,10,0,10
11844,10,0,10
11845,10,0,10
11846,10,0,10
11847,10,0,10
11848,10,0,10
11849,10,0,10
11850,10,2,9
11851,10,0,10
11852,10,0,10
11853,10,0,10
11854,10,0,10
11855,10,0,10
11856,10,0,10
11857,10,4,4
11858,10,0,10
11859,10,0,10
11860,10,0,10
11861,10,0,10
11862,10,0,10
11863,10,0,10
11864,10,0,10
11865,10,2,9
11866,10,2,9
11867,10,0,10
11868,10,0,10
11869,10,0,10
11870,10,0,10
11871,10,0,10
11872,10,0,10
11873,10,0,10
11874,10,4,4
11875,10,0,10
11876,10,0,10
11877,10,0,10
11878,10,0,10
11879,10,0,10
11880,10,0,10
11881,10,0,10
11882,10,0,10
11883,10,2,9
11884,10,0,10
11885,10,0,10
11886,10,0,10
11887,10,0,10
11888,10,4,4
11889,10,0,10
11890,10,0,10
11891,10,0,10
11892,10,0,10
11893,10,0,10
11894,10,0,10
11895,10,0,10
11896,10,0,10
11897,10,0,10
11898,10,0,10
11899,10,0,10
11900,10,0,10
11901,10,0,10
11902,10,0,10
11903,10,0,10
11904,10,0,10
11905,10,0,10
11906,10,0,10
11907,10,0,10
11908,10,0,10
11909,10,0,10
11910,10,0,10
11911,10,0,10
11912,10,0,10
11913,10,0,10
11914,10,0,10
11915,10,0,10
11916,10,0,10
11917,10,0,10
11918,10,0,10
11919,10,0,10
11920,10,0,10
11921,10,0,10
11922,10,0,10
11923,10,0,10
11924,10,0,10
11925,10,0,10
11926,10,0,10
11927,10,4,4
11928,10,0,10
11929,10,0,10
11930,10,0,10
11931,10,0,10
11932,10,0,10
11933,10,0,10
11934,10,0,10
11935,10,0,10
11936,10,0,10
11937,10,0,10
11938,10,0,10
11939,10,0,10
11940,10,0,10
11941,10,0,10
11942,10,0,10
11943,10,2,9
11944,10,0,10
11945,10,0,10
11946,10,2,9
11947,10,0,10
11948,10,0,10
11949,10,0,10
11950,10,0,10
11951,10,2,9
11952,10,0,10
11953,10,2,9
11954,10,0,10
11955,10,0,10
11956,10,0,10
11957,10,0,10
11958,10,0,10
11959,10,0,10
11960,10,0,10
11961,10,0,10
11962,10,4,4
11963,10,0,10
11964,10,2,9
11965,10,0,10
11966,10,0,10
11967,10,4,4
11968,10,0,10
11969,10,0,10
11970,10,0,10
11971,10,0,10
11972,10,0,10
11973,10,0,10
11974,10,0,10
11975,10,0,10
11976,10,2,9
11977,10,0,10
11978,10,0,10
11979,10,0,10
11980,10,0,10
11981,10,0,10
11982,10,0,10
11983,10,0,10
11984,10,0,10
11985,10,0,10
11986,10,0,10
11987,10,0,10
11988,10,0,10
11989,10,0,10
11990,10,0,10
11991,10,4,4
11992,10,2,9
11993,10,0,10
11994,10,0,10
11995,10,0,10
11996,10,0,10
11997,10,0,10
11998,10,0,10
11999,10,0,10
12000,10,0,10
12001,10,0,10
12002,10,0,10
12003,10,0,10
12004,10,0,10
12005,10,0,10
12006,10,2,9
12007,10,0,10
12008,10,0,10
12009,10,0,10
12010,10,0,10
12011,10,0,10
12012,10,0,10
12013,10,2,9
12014,10,0,10
12015,10,0,10
12016,10,0,10
12017,10,0,10
12018,10,0,10
12019,10,0,10
12020,10,0,10
12021,10,0,10
12022,10,0,10
12023,10,0,10
12024,10,0,10
12025,10,0,10
12026,10,0,10
12027,10,4,4
12028,10,0,10
12029,10,0,10
12030,10,0,10
12031,10,0,10
12032,10,0,10
12033,10,4,4
12034,10,0,10
12035,10,0,10
12036,10,0,10
12037,10,0,10
12038,10,0,10
12039,10,0,10
12040,10,2,9
12041,10,0,10
12042,10,4,4
12043,10,0,10
12044,10,0,10
12045,10,0,10
12046,10,0,10
12047,10,0,10
12048,10,0,10
12049,10,4,4
12050,10,0,10
12051,10,0,10
12052,10,0,10
12053,10,0,10
12054,10,0,10
12055,10,0,10
12056,10,0,10
12057,10,0,10
12058,10,0,10
12059,10,0,10
12060,10,0,10
12061,10,0,10
12062,10,0,10
12063,10,2,9
12064,10,0,10
12065,10,0,10
12066,10,0,10
12067,10,0,10
12068,10,0,10
12069,10,0,10
12070,10,0,10
12071,10,0,10
12072,10,2,9
12073,10,0,10
12074,10,0,10
12075,10,0,10
12076,10,0,10
12077,10,0,10
12078,10,0,10
12079,10,0,10
12080,10,0,10
12081,10,0,10
12082,10,0,10
12083,10,0,10
12084,10,0,10
12085,10,0,10
12086,10,0,10
12087,10,4,4
12088,10,0,10
12089,10,0,10
12090,10,0,10
12091,10,0,10
12092,10,0,10
12093,10,0,10
12094,10,0,10
12095,10,0,10
12096,10,0,10
12097,10,0,10
12098,10,0,10
12099,10,0,10
12100,10,0,10
12101,10,0,10
12102,10,2,9
12103,10,0,10
12104,10,0,10
12105,10,0,10
12106,10,0,10
12107,10,0,10
12108,10,0,10
12109,10,0,10
12110,10,0,10
12111,10,0,10
12112,10,0,10
12113,10,0,10
12114,10,2,9
12115,10,4,4
12116,10,4,4
12117,10,0,10
12118,10,0,10
12119,10,0,10
12120,10,0,10
12121,10,0,10
12122,10,0,10
12123,10,0,10
12124,10,0,10
12125,10,0,10
12126,10,0,10
12127,10,0,10
12128,10,0,10
12129,10,4,4
12130,10,0,10
12131,10,0,10
12132,10,0,10
12133,10,0,10
12134,10,0,10
12135,10,0,10
12136,10,0,10
12137,10,0,10
12138,10,2,9
12139,10,0,10
12140,10,0,10
12141,10,0,10
12142,10,0,10
12143,10,0,10
12144,10,0,10
12145,10,0,10
12146,10,0,10
12147,10,4,4
12148,10,0,10
12149,10,0,10
12150,10,0,10
12151,10,0,10
12152,10,0,10
12153,10,0,10
12154,10,0,10
12155,10,0,10
12156,10,0,10
12157,10,0,10
12158,10,4,4
12159,10,0,10
12160,10,0,10
12161,10,0,10
12162,10,0,10
12163,10,0,10
12164,10,4,4
12165,10,0,10
12166,10,0,10
12167,10,0,10
12168,10,0,10
12169,10,0,10
12170,10,0,10
12171,10,0,10
12172,10,0,10
12173,10,0,10
12174,10,0,10
12175,10,0,10
12176,10,0,10
12177,10,4,4
12178,10,0,10
12179,10,0,10
12180,10,2,9
12181,10,0,10
12182,10,0,10
12183,10,0,10
12184,10,0,10
12185,10,0,10
12186,10,0,10
12187,10,0,10
12188,10,0,10
12189,10,4,4
12190,10,0,10
12191,10,0,10
12192,10,2,9
12193,10,0,10
12194,10,0,10
12195,10,0,10
12196,10,0,10
12197,10,0,10
12198,10,4,4
12199,10,4,4
12200,10,0,10
12201,10,0,10
12202,10,0,10
12203,10,0,10
12204,10,0,10
12205,10,0,10
12206,10,0,10
12207,10,2,9
12208,10,0,10
12209,10,0,10
12210,10,0,10
12211,10,0,10
12212,10,0,10
12213,10,0,10
12214,10,0,10
12215,10,2,9
12216,10,0,10
12217,10,0,10
12218,10,0,10
12219,10,2,9
12220,10,2,9
12221,10,4,4
12222,10,0,10
12223,10,0,10
12224,10,0,10
12225,10,0,10
12226,10,0,10
12227,10,0,10
12228,10,0,10
12229,10,0,10
12230,10,0,10
12231,10,0,10
12232,10,0,10
12233,10,2,9
12234,10,0,10
12235,10,0,10
12236,10,0,10
12237,10,0,10
12238,10,0,10
12239,10,0,10
12240,10,4,4
12241,10,0,10
12242,10,0,10
12243,10,0,10
12244,10,0,10
12245,10,4,4
12246,10,0,10
12247,10,0,10
12248,10,0,10
12249,10,0,10
12250,10,0,10
12251,10,4,4
12252,10,0,10
12253,10,0,10
12254,10,4,4
12255,10,0,10
12256,10,0,10
12257,10,0,10
12258,10,0,10
12259,10,0,10
12260,10,0,10
12261,10,0,10
12262,10,0,10
12263,10,0,10
12264,10,0,10
12265,10,0,10
12266,10,0,10
12267,10,0,10
12268,10,0,10
12269,10,0,10
12270,10,0,10
12271,10,2,9
12272,10,0,10
12273,10,0,10
12274,10,0,10
12275,10,0,10
12276,10,2,9
12277,10,0,10
12278,10,0,10
12279,10,0,10
12280,10,0,10
12281,10,0,10
12282,10,0,10
12283,10,0,10
12284,10,0,10
12285,10,2,9
12286,10,2,9
12287,10,0,10
12288,10,0,10
12289,10,0,10
12290,10,0,10
12291,10,0,10
12292,10,0,10
12293,10,0,10
12294,10,2,9
12295,10,0,10
12296,10,0,10
12297,10,0,10
12298,10,0,10
12299,10,4,4
12300,10,4,4
12301,10,0,10
12302,10,2,9
12303,10,0,10
12304,10,2,9
12305,10,0,10
12306,10,0,10
12307,10,4,4
12308,10,0,10
12309,10,0,10
12310,10,0,10
12311,10,0,10
12312,10,4,4
12313,10,0,10
12314,10,0,10
12315,10,0,10
12316,10,0,10
12317,10,0,10
12318,10,2,9
12319,10,0,10
12320,10,0,10
12321,10,0,10
12322,10,0,10
12323,10,0,10
12324,10,4,4
12325,10,0,10
12326,10,0,10
12327,10,0,10
12328,10,0,10
12329,10,0,10
12330,10,0,10
12331,10,2,9
12332,10,0,10
12333,10,0,10
12334,10,0,10
12335,10,0,10
12336,10,4,4
12337,10,4,4
12338,10,0,10
12339,10,0,10
12340,10,0,10
12341,10,0,10
12342,10,0,10
12343,10,2,9
12344,10,0,10
12345,10,0,10
12346,10,0,10
12347,10,0,10
12348,10,0,10
12349,10,2,9
12350,10,0,10
12351,10,2,9
12352,10,2,9
12353,10,4,4
12354,10,0,10
12355,10,0,10
12356,10,0,10
12357,10,0,10
12358,10,2,9
12359,10,0,10
12360,10,0,10
12361,10,0,10
12362,10,0,10
12363,10,4,4
12364,10,2,9
12365,10,0,10
12366,10,0,10
12367,10,0,10
12368,10,0,10
12369,10,0,10
12370,10,0,10
12371,10,0,10
12372,10,0,10
12373,10,0,10
12374,10,0,10
12375,10,0,10
12376,10,0,10
12377,10,0,10
12378,10,0,10
12379,10,2,9
12380,10,0,10
12381,10,0,10
12382,10,2,9
12383,10,0,10
12384,10,0,10
12385,10,0,10
12386,10,4,4
12387,10,0,10
12388,10,2,9
12389,10,0,10
12390,10,0,10
12391,10,0,10
12392,10,0,10
12393,10,2,9
12394,10,0,10
12395,10,0,10
12396,10,2,9
12397,10,0,10
12398,10,0,10
12399,10,2,9
12400,10,0,10
12401,10,0,10
12402,10,0,10
12403,10,0,10
12404,10,0,10
12405,10,4,4
12406,10,0,10
12407,10,2,9
12408,10,0,10
12409,10,0,10
12410,10,0,10
12411,10,0,10
12412,10,0,10
12413,10,0,10
12414,10,0,10
12415,10,0,10
12416,10,0,10
12417,10,0,10
12418,10,0,10
12419,10,0,10
12420,10,0,10
12421,10,0,10
12422,10,0,10
12423,10,0,10
12424,10,0,10
12425,10,4,4
12426,10,0,10
12427,10,0,10
12428,10,0,10
12429,10,0,10
12430,10,4,4
12431,10,4,4
12432,10,0,10
12433,10,0,10
12434,10,0,10
12435,10,2,9
12436,10,4,4
12437,10,0,10
12438,10,0,10
12439,10,0,10
12440,10,2,9
12441,10,0,10
12442,10,0,10
12443,10,0,10
12444,10,0,10
12445,10,0,10
12446,10,0,10
12447,10,0,10
12448,10,0,10
12449,10,2,9
12450,10,0,10
12451,10,0,10
12452,10,0,10
12453,10,0,10
12454,10,0,10
12455,10,0,10
12456,10,0,10
12457,10,2,9
12458,10,0,10
12459,10,0,10
12460,10,0,10
12461,10,0,10
12462,10,2,9
12463,10,0,10
12464,10,4,4
12465,10,0,10
12466,10,0,10
12467,10,0,10
12468,10,0,10
12469,10,0,10
12470,10,0,10
12471,10,0,10
12472,10,4,4
12473,10,0,10
12474,10,0,10
12475,10,0,10
12476,10,4,4
12477,10,0,10
12478,10,0,10
12479,10,0,10
12480,10,0,10
12481,10,0,10
12482,10,0,10
12483,10,0,10
12484,10,0,10
12485,10,0,10
12486,10,4,4
12487,10,4,4
12488,10,0,10
12489,10,0,10
12490,10,0,10
12491,10,0,10
12492,10,0,10
12493,10,0,10
12494,10,0,10
12495,10,2,9
12496,10,0,10
12497,10,0,10
12498,10,4,4
12499,10,0,10
12500,10,2,9
12501,10,0,10
12502,10,0,10
12503,10,4,4
12504,10,0,10
12505,10,0,10
12506,10,0,10
12507,10,0,10
12508,10,0,10
12509,10,2,9
12510,10,2,9
12511,10,2,9
12512,10,0,10
12513,10,0,10
12514,10,0,10
12515,10,0,10
12516,10,0,10
12517,10,0,10
12518,10,0,10
12519,10,0,10
12520,10,4,4
12521,10,0,10
12522,10,0,10
12523,10,0,10
12524,10,0,10
12525,10,0,10
12526,10,0,10
12527,10,2,9
12528,10,0,10
12529,10,0,10
12530,10,0,10
12531,10,0,10
12532,10,0,10
12533,10,2,9
12534,10,2,9
12535,10,4,4
12536,10,0,10
12537,10,0,10
12538,10,0,10
12539,10,2,9
12540,10,0,10
12541,10,0,10
12542,10,0,10
12543,10,0,10
12544,10,0,10
12545,10,0,10
12546,10,0,10
12547,10,0,10
12548,10,0,10
12549,10,0,10
12550,10,0,10
12551,10,0,10
12552,10,2,9
12553,10,4,4
12554,10,0,10
12555,10,0,10
12556,10,2,9
12557,10,0,10
12558,10,0,10
12559,10,0,10
12560,10,0,10
12561,10,0,10
12562,10,0,10
12563,10,0,10
12564,10,0,10
12565,10,2,9
12566,10,0,10
12567,10,4,4
12568,10,2,9
12569,10,0,10
12570,10,0,10
12571,10,0,10
12572,10,0,10
12573,10,0,10
12574,10,0,10
12575,10,0,10
12576,10,0,10
12577,10,0,10
12578,10,0,10
12579,10,0,10
12580,10,0,10
12581,10,4,4
12582,10,0,10
12583,10,0,10
12584,10,0,10
12585,10,2,9
12586,10,0,10
12587,10,0,10
12588,10,0,10
12589,10,0,10
12590,10,0,10
12591,10,0,10
12592,10,0,10
12593,10,0,10
12594,10,0,10
12595,10,0,10
12596,10,0,10
12597,10,0,10
12598,10,0,10
12599,10,4,4
12600,10,0,10
12601,10,0,10
12602,10,0,10
12603,10,0,10
12604,10,0,10
12605,10,2,9
12606,10,0,10
12607,10,0,10
12608,10,4,4
12609,10,0,10
12610,10,0,10
12611,10,0,10
12612,10,0,10
12613,10,0,10
12614,10,0,10
12615,10,0,10
12616,10,0,10
12617,10,0,10
12618,10,0,10
12619,10,0,10
12620,10,0,10
12621,10,2,9
12622,10,0,10
12623,10,0,10
12624,10,0,10
12625,10,2,9
12626,10,0,10
12627,10,0,10
12628,10,0,10
12629,10,4,4
12630,10,2,9
12631,10,2,9
12632,10,0,10
12633,10,0,10
12634,10,0,10
12635,10,2,9
12636,10,0,10
12637,10,0,10
12638,10,0,10
12639,10,0,10
12640,10,0,10
12641,10,2,9
12642,10,0,10
12643,10,4,4
12644,10,0,10
12645,10,4,4
12646,10,4,4
12647,10,0,10
12648,10,0,10
12649,10,2,9
12650,10,0,10
12651,10,0,10
12652,10,0,10
12653,10,0,10
12654,10,0,10
12655,10,0,10
12656,10,0,10
12657,10,0,10
12658,10,0,10
12659,10,0,10
12660,10,0,10
12661,10,0,10
12662,10,0,10
12663,10,0,10
12664,10,0,10
12665,10,0,10
12666,10,0,10
12667,10,0,10
12668,10,0,10
12669,10,0,10
12670,10,0,10
12671,10,2,9
12672,10,2,9
12673,10,0,10
12674,10,0,10
12675,10,0,10
12676,10,0,10
12677,10,0,10
12678,10,0,10
12679,10,0,10
12680,10,0,10
12681,10,0,10
12682,10,0,10
12683,10,0,10
12684,10,0,10
12685,10,0,10
12686,10,0,10
12687,10,0,10
12688,10,4,4
12689,10,0,10
12690,10,0,10
12691,10,0,10
12692,10,0,10
12693,10,0,10
12694,10,0,10
12695,10,0,10
12696,10,0,10
12697,10,0,10
12698,10,0,10
12699,10,0,10
12700,10,0,10
12701,10,0,10
12702,10,0,10
12703,10,0,10
12704,10,0,10
12705,10,4,4
12706,10,2,9
12707,10,0,10
12708,10,0,10
12709,10,0,10
12710,10,2,9
12711,10,0,10
12712,10,0,10
12713,10,0,10
12714,10,0,10
12715,10,0,10
12716,10,0,10
12717,10,2,9
12718,10,0,10
12719,10,0,10
12720,10,0,10
12721,10,0,10
12722,10,0,10
12723,10,2,9
12724,10,0,10
12725,10,0,10
12726,10,0,10
12727,10,0,10
12728,10,0,10
12729,10,0,10
12730,10,0,10
12731,10,0,10
12732,10,0,10
12733,10,0,10
12734,10,0,10
12735,10,0,10
12736,10,0,10
12737,10,0,10
12738,10,0,10
12739,10,0,10
12740,10,0,10
12741,10,0,10
12742,10,0,10
12743,10,0,10
12744,10,0,10
12745,10,0,10
12746,10,0,10
12747,10,0,10
12748,10,4,4
12749,10,0,10
12750,10,0,10
12751,10,2,9
12752,10,0,10
12753,10,0,10
12754,10,0,10
12755,10,0,10
12756,10,0,10
12757,10,4,4
12758,10,0,10
12759,10,4,4
12760,10,0,10
12761,10,0,10
12762,10,0,10
12763,10,4,4
12764,10,0,10
12765,10,0,10
12766,10,0,10
12767,10,0,10
12768,10,0,10
12769,10,0,10
12770,10,0,10
12771,10,0,10
12772,10,0,10
12773,10,0,10
12774,10,0,10
12775,10,0,10
12776,10,0,10
12777,10,0,10
12778,10,2,9
12779,10,4,4
12780,10,0,10
12781,10,0,10
12782,10,0,10
12783,10,0,10
12784,10,0,10
12785,10,0,10
12786,10,2,9
12787,10,0,10
12788,10,0,10
12789,10,0,10
12790,10,0,10
12791,10,0,10
12792,10,0,10
12793,10,0,10
12794,10,0,10
12795,10,0,10
12796,10,0,10
12797,10,2,9
12798,10,0,10
12799,10,2,9
12800,10,0,10
12801,10,0,10
12802,10,2,9
12803,10,0,10
12804,10,0,10
12805,10,0,10
12806,10,0,10
12807,10,0,10
12808,10,0,10
12809,10,0,10
12810,10,0,10
12811,10,0,10
12812,10,2,9
12813,10,2,9
12814,10,0,10
12815,10,0,10
12816,10,0,10
12817,10,0,10
12818,10,0,10
12819,10,0,10
12820,10,0,10
12821,10,0,10
12822,10,0,10
12823,10,0,10
12824,10,0,10
12825,10,0,10
12826,10,0,10
12827,10,0,10
12828,10,0,10
12829,10,0,10
12830,10,2,9
12831,10,0,10
12832,10,0,10
12833,10,2,9
12834,10,0,10
12835,10,0,10
12836,10,0,10
12837,10,2,9
12838,10,2,9
12839,10,2,9
12840,10,0,10
12841,10,0,10
12842,10,0,10
12843,10,0,10
12844,10,0,10
12845,10,3,17
12846,10,0,10
12847,10,2,9
12848,10,0,10
12849,10,0,10
12850,10,0,10
12851,10,0,10
12852,10,0,10
12853,10,4,4
12854,10,0,10
12855,10,2,9
12856,10,4,4
12857,10,0,10
12858,10,0,10
12859,10,0,10
12860,10,0,10
12861,10,4,4
12862,10,0,10
12863,10,0,10
12864,10,0,10
12865,10,2,9
12866,10,0,10
12867,10,0,10
12868,10,0,10
12869,10,0,10
12870,10,0,10
12871,10,0,10
12872,10,0,10
12873,10,0,10
12874,10,0,10
12875,10,0,10
12876,10,2,9
12877,10,0,10
12878,10,0,10
12879,10,0,10
12880,10,2,9
12881,10,0,10
12882,10,0,10
12883,10,4,4
12884,10,0,10
12885,10,0,10
12886,10,4,4
12887,10,0,10
12888,10,0,10
12889,10,2,9
12890,10,0,10
12891,10,0,10
12892,10,0,10
12893,10,0,10
12894,10,2,9
12895,10,0,10
12896,10,0,10
12897,10,0,10
12898,10,0,10
12899,10,0,10
12900,10,0,10
12901,10,0,10
12902,10,0,10
12903,10,0,10
12904,10,2,9
12905,10,0,10
12906,10,0,10
12907,10,4,4
12908,10,0,10
12909,10,0,10
12910,10,0,10
12911,10,2,9
12912,10,0,10
12913,10,0,10
12914,10,0,10
12915,10,0,10
12916,10,0,10
12917,10,0,10
12918,10,0,10
12919,10,0,10
12920,10,0,10
12921,10,0,10
12922,10,0,10
12923,10,0,10
12924,10,2,9
12925,10,0,10
12926,10,0,10
12927,10,0,10
12928,10,0,10
12929,10,0,10
12930,10,0,10
12931,10,0,10
12932,10,2,9
12933,10,0,10
12934,10,0,10
12935,10,0,10
12936,10,2,9
12937,10,2,9
12938,10,0,10
12939,10,0,10
12940,10,0,10
12941,10,0,10
12942,10,0,10
12943,10,0,10
12944,10,2,9
12945,10,2,9
12946,10,0,10
12947,10,0,10
12948,10,0,10
12949,10,0,10
12950,10,2,9
12951,10,0,10
12952,10,0,10
12953,10,0,10
12954,10,2,9
12955,10,2,9
12956,10,0,10
12957,10,0,10
12958,10,0,10
12959,10,0,10
12960,10,0,10
12961,10,0,10
12962,10,0,10
12963,10,0,10
12964,10,0,10
12965,10,0,10
12966,10,0,10
12967,10,0,10
12968,10,2,9
12969,10,0,10
12970,10,2,9
12971,10,0,10
12972,10,0,10
12973,10,0,10
12974,10,0,10
12975,10,4,4
12976,10,0,10
12977,10,0,10
12978,10,0,10
12979,10,0,10
12980,10,0,10
12981,10,4,4
12982,10,0,10
12983,10,2,9
12984,10,0,10
12985,10,2,9
12986,10,0,10
12987,10,0,10
12988,10,0,10
12989,10,2,9
12990,10,0,10
12991,10,0,10
12992,10,0,10
12993,10,0,10
12994,10,0,10
12995,10,0,10
12996,10,0,10
12997,10,0,10
12998,10,0,10
12999,10,0,10
13000,10,0,10
13001,10,0,10
13002,10,2,9
13003,10,2,9
13004,10,0,10
13005,10,0,10
13006,10,2,9
13007,10,0,10
13008,10,0,10
13009,10,2,9
13010,10,0,10
13011,10,0,10
13012,10,0,10
13013,10,0,10
13014,10,0,10
13015,10,0,10
13016,10,0,10
13017,10,0,10
13018,10,0,10
13019,10,0,10
13020,10,0,10
13021,10,0,10
13022,10,2,9
13023,10,0,10
13024,10,2,9
13025,10,2,9
13026,10,0,10
13027,10,0,10
13028,10,0,10
13029,10,0,10
13030,10,4,4
13031,10,4,4
13032,10,4,4
13033,10,0,10
13034,10,2,9
13035,10,0,10
13036,10,0,10
13037,10,2,9
13038,10,0,10
13039,10,0,10
13040,10,0,10
13041,10,4,4
13042,10,0,10
13043,10,0,10
13044,10,2,9
13045,10,2,9
13046,10,0,10
13047,10,0,10
13048,10,0,10
13049,10,4,4
13050,10,0,10
13051,10,0,10
13052,10,0,10
13053,10,0,10
13054,10,0,10
13055,10,0,10
13056,10,0,10
13057,10,0,10
13058,10,2,9
13059,10,2,9
13060,10,0,10
13061,10,0,10
13062,10,0,10
13063,10,0,10
13064,10,2,9
13065,10,4,4
13066,10,4,4
13067,10,0,10
13068,10,2,9
13069,10,2,9
13070,10,0,10
13071,10,0,10
13072,10,0,10
13073,10,0,10
13074,10,0,10
13075,10,0,10
13076,10,2,9
13077,10,0,10
13078,10,0,10
13079,10,0,10
13080,10,0,10
13081,10,0,10
13082,10,2,9
13083,10,2,9
13084,10,2,9
13085,10,4,4
13086,10,0,10
13087,10,4,4
13088,10,2,9
13089,10,0,10
13090,10,0,10
13091,10,0,10
13092,10,4,4
13093,10,4,4
13094,10,0,10
13095,10,4,4
13096,10,0,10
13097,10,2,9
13098,10,0,10
13099,10,2,9
13100,10,2,9
13101,10,0,10
13102,10,2,9
13103,10,2,9
13104,10,0,10
13105,10,2,9
13106,10,0,10
13107,10,0,10
13108,10,4,4
13109,10,0,10
13110,10,0,10
13111,10,0,10
13112,10,2,9
13113,10,0,10
13114,10,0,10
13115,10,0,10
13116,10,4,4
13117,10,0,10
13118,10,2,9
13119,10,0,10
13120,10,0,10
13121,10,0,10
13122,10,0,10
13123,10,0,10
13124,10,0,10
13125,10,0,10
13126,10,0,10
13127,10,0,10
13128,10,0,10
13129,10,0,10
13130,10,4,4
13131,10,2,9
13132,10,0,10
13133,10,0,10
13134,10,0,10
13135,10,0,10
13136,10,0,10
13137,10,0,10
13138,10,2,9
13139,10,0,10
13140,10,2,9
13141,10,4,4
13142,10,4,4
13143,10,2,9
13144,10,0,10
13145,10,0,10
13146,10,2,9
13147,10,2,9
13148,10,2,9
13149,10,0,10
13150,10,2,9
13151,10,2,9
13152,10,0,10
13153,10,0,10
13154,10,2,9
13155,10,0,10
13156,10,0,10
13157,10,0,10
13158,10,0,10
13159,10,0,10
13160,10,0,10
13161,10,2,9
13162,10,0,10
13163,10,0,10
13164,10,0,10
13165,10,0,10
13166,10,0,10
13167,10,4,4
13168,10,0,10
13169,10,4,4
13170,10,0,10
13171,10,0,10
13172,10,0,10
13173,10,0,10
13174,10,0,10
13175,10,0,10
13176,10,0,10
13177,10,0,10
13178,10,0,10
13179,10,2,9
13180,10,0,10
13181,10,4,4
13182,10,0,10
13183,10,0,10
13184,10,0,10
13185,10,0,10
13186,10,0,10
13187,10,0,10
13188,10,0,10
13189,10,0,10
13190,10,3,17
13191,10,4,4
13192,10,0,10
13193,10,0,10
13194,10,0,10
13195,10,0,10
13196,10,0,10
13197,10,0,10
13198,10,0,10
13199,10,2,9
13200,10,0,10
13201,10,0,10
13202,10,2,9
13203,10,2,9
13204,10,2,9
13205,10,2,9
13206,10,2,9
13207,10,0,10
13208,10,0,10
13209,10,0,10
13210,10,0,10
13211,10,2,9
13212,10,0,10
13213,10,0,10
13214,10,0,10
13215,10,0,10
13216,10,0,10
13217,10,0,10
13218,10,0,10
13219,10,0,10
13220,10,0,10
13221,10,0,10
13222,10,0,10
13223,10,0,10
13224,10,0,10
13225,10,0,10
13226,10,4,4
13227,10,2,9
13228,10,0,10
13229,10,0,10
13230,10,4,4
13231,10,2,9
13232,10,0,10
13233,10,2,9
13234,10,0,10
13235,10,0,10
13236,10,0,10
13237,10,0,10
13238,10,0,10
13239,10,2,9
13240,10,0,10
13241,10,4,4
13242,10,0,10
13243,10,0,10
13244,10,0,10
13245,10,0,10
13246,10,0,10
13247,10,2,9
13248,10,0,10
13249,10,2,9
13250,10,4,4
13251,10,0,10
13252,10,2,9
13253,10,2,9
13254,10,4,4
13255,10,4,4
13256,10,0,10
13257,10,0,10
13258,10,0,10
13259,10,0,10
13260,10,0,10
13261,10,0,10
13262,10,0,10
13263,10,0,10
13264,10,2,9
13265,10,2,9
13266,10,0,10
13267,10,4,4
13268,10,4,4
13269,10,4,4
13270,10,0,10
13271,10,0,10
13272,10,0,10
13273,10,0,10
13274,10,0,10
13275,10,2,9
13276,10,2,9
13277,10,0,10
13278,10,0,10
13279,10,0,10
13280,10,0,10
13281,10,0,10
13282,10,0,10
13283,10,0,10
13284,10,0,10
13285,10,0,10
13286,10,0,10
13287,10,0,10
13288,10,0,10
13289,10,0,10
13290,10,0,10
13291,10,0,10
13292,10,4,4
13293,10,0,10
13294,10,0,10
13295,10,0,10
13296,10,2,9
13297,10,2,9
13298,10,0,10
13299,10,0,10
13300,10,0,10
13301,10,4,4
13302,10,0,10
13303,10,0,10
13304,10,0,10
13305,10,2,9
13306,10,0,10
13307,10,0,10
13308,10,0,10
13309,10,0,10
13310,10,0,10
13311,10,0,10
13312,10,0,10
13313,10,0,10
13314,10,0,10
13315,10,2,9
13316,10,0,10
13317,10,2,9
13318,10,4,4
13319,10,0,10
13320,10,0,10
13321,10,0,10
13322,10,0,10
13323,10,0,10
13324,10,0,10
13325,10,0,10
13326,10,0,10
13327,10,0,10
13328,10,0,10
13329,10,2,9
13330,10,2,9
13331,10,0,10
13332,10,0,10
13333,10,0,10
13334,10,0,10
13335,10,0,10
13336,10,0,10
13337,10,0,10
13338,10,4,4
13339,10,0,10
13340,10,2,9
13341,10,0,10
13342,10,2,9
13343,10,0,10
13344,10,0,10
13345,10,0,10
13346,10,0,10
13347,10,0,10
13348,10,0,10
13349,10,0,10
13350,10,0,10
13351,10,0,10
13352,10,0,10
13353,10,0,10
13354,10,0,10
13355,10,0,10
13356,10,0,10
13357,10,4,4
13358,10,2,9
13359,10,0,10
13360,10,2,9
13361,10,2,9
13362,10,0,10
13363,10,2,9
13364,10,0,10
13365,10,0,10
13366,10,2,9
13367,10,0,10
13368,10,0,10
13369,10,4,4
13370,10,4,4
13371,10,4,4
13372,10,4,4
13373,10,0,10
13374,10,4,4
13375,10,0,10
13376,10,0,10
13377,10,0,10
13378,10,0,10
13379,10,2,9
13380,10,0,10
13381,10,0,10
13382,10,0,10
13383,10,0,10
13384,10,4,4
13385,10,0,10
13386,10,0,10
13387,10,0,10
13388,10,0,10
13389,10,0,10
13390,10,2,9
13391,10,0,10
13392,10,0,10
13393,10,0,10
13394,10,0,10
13395,10,0,10
13396,10,0,10
13397,10,2,9
13398,10,0,10
13399,10,0,10
13400,10,2,9
13401,10,0,10
13402,10,0,10
13403,10,0,10
13404,10,0,10
13405,10,0,10
13406,10,0,10
13407,10,0,10
13408,10,0,10
13409,10,4,4
13410,10,2,9
13411,10,4,4
13412,10,0,10
13413,10,0,10
13414,10,2,9
13415,10,4,4
13416,10,4,4
13417,10,0,10
13418,10,0,10
13419,10,0,10
13420,10,0,10
13421,10,0,10
13422,10,2,9
13423,10,2,9
13424,10,2,9
13425,10,0,10
13426,10,2,9
13427,10,4,4
13428,10,1,18
13429,10,0,10
13430,10,4,4
13431,10,4,4
13432,10,2,9
13433,10,0,10
13434,10,0,10
13435,10,2,9
13436,10,2,9
13437,10,4,4
13438,10,4,4
13439,10,2,9
13440,10,0,10
13441,10,0,10
13442,10,4,4
13443,10,0,10
13444,10,0,10
13445,10,0,10
13446,10,0,10
13447,10,4,4
13448,10,0,10
13449,10,0,10
13450,10,0,10
13451,10,0,10
13452,10,2,9
13453,10,2,9
13454,10,0,10
13455,10,4,4
13456,10,0,10
13457,10,0,10
13458,10,0,10
13459,10,0,10
13460,10,0,10
13461,10,0,10
13462,10,0,10
13463,10,0,10
13464,10,0,10
13465,10,0,10
13466,10,0,10
13467,10,0,10
13468,10,0,10
13469,10,4,4
13470,10,0,10
13471,10,0,10
13472,10,0,10
13473,10,0,10
13474,10,0,10
13475,10,2,9
13476,10,0,10
13477,10,0,10
13478,10,4,4
13479,10,0,10
13480,10,0,10
13481,10,4,4
13482,10,4,4
13483,10,0,10
13484,10,4,4
13485,10,4,4
13486,10,0,10
13487,10,4,4
13488,10,0,10
13489,10,0,10
13490,10,0,10
13491,10,0,10
13492,10,2,9
13493,10,0,10
13494,10,0,10
13495,10,0,10
13496,10,0,10
13497,10,2,9
13498,10,4,4
13499,10,0,10
13500,10,0,10
13501,10,0,10
13502,10,2,9
13503,10,2,9
13504,10,2,9
13505,10,0,10
13506,10,4,4
13507,10,2,9
13508,10,4,4
13509,10,2,9
13510,10,0,10
13511,10,0,10
13512,10,0,10
13513,10,4,4
13514,10,4,4
13515,10,0,10
13516,10,4,4
13517,10,4,4
13518,10,0,10
13519,10,0,10
13520,10,0,10
13521,10,0,10
13522,10,0,10
13523,10,0,10
13524,10,0,10
13525,10,0,10
13526,10,0,10
13527,10,4,4
13528,10,4,4
13529,10,2,9
13530,10,2,9
13531,10,0,10
13532,10,0,10
13533,10,2,9
13534,10,0,10
13535,10,0,10
13536,10,4,4
13537,10,4,4
13538,10,4,4
13539,10,0,10
13540,10,4,4
13541,10,4,4
13542,10,0,10
13543,10,0,10
13544,10,0,10
13545,10,0,10
13546,10,0,10
13547,10,0,10
13548,10,4,4
13549,10,0,10
13550,10,0,10
13551,10,0,10
13552,10,0,10
13553,10,0,10
13554,10,0,10
13555,10,0,10
13556,10,4,4
13557,10,2,9
13558,10,2,9
13559,10,0,10
13560,10,0,10
13561,10,0,10
13562,10,4,4
13563,10,0,10
13564,10,0,10
13565,10,0,10
13566,10,0,10
13567,10,0,10
13568,10,0,10
13569,10,0,10
13570,10,0,10
13571,10,0,10
13572,10,0,10
13573,10,2,9
13574,10,2,9
13575,10,2,9
13576,10,2,9
13577,10,0,10
13578,10,0,10
13579,10,0,10
13580,10,2,9
13581,10,2,9
13582,10,0,10
13583,10,0,10
13584,10,2,9
13585,10,2,9
13586,10,0,10
13587,10,0,10
13588,10,0,10
13589,10,0,10
13590,10,0,10
13591,10,2,9
13592,10,2,9
13593,10,0,10
13594,10,0,10
13595,10,2,9
13596,10,2,9
13597,10,2,9
13598,10,0,10
13599,10,0,10
13600,10,0,10
13601,10,0,10
13602,10,0,10
13603,10,0,10
13604,10,0,10
13605,10,2,9
13606,10,0,10
13607,10,0,10
13608,10,0,10
13609,10,0,10
13610,10,0,10
13611,10,0,10
13612,10,0,10
13613,10,0,10
13614,10,0,10
13615,10,0,10
13616,10,0,10
13617,10,0,10
13618,10,0,10
13619,10,4,4
13620,10,2,9
13621,10,0,10
13622,10,0,10
13623,10,0,10
13624,10,0,10
13625,10,0,10
13626,10,2,9
13627,10,0,10
13628,10,2,9
13629,10,2,9
13630,10,2,9
13631,10,0,10
13632,10,0,10
13633,10,4,4
13634,10,0,10
13635,10,0,10
13636,10,0,10
13637,10,0,10
13638,10,0,10
13639,10,0,10
13640,10,0,10
13641,10,0,10
13642,10,2,9
13643,10,0,10
13644,10,2,9
13645,10,0,10
13646,10,0,10
13647,10,0,10
13648,10,0,10
13649,10,0,10
13650,10,4,4
13651,10,0,10
13652,10,0,10
13653,10,0,10
13654,10,0,10
13655,10,0,10
13656,10,0,10
13657,10,2,9
13658,10,0,10
13659,10,0,10
13660,10,0,10
13661,10,0,10
13662,10,0,10
13663,10,0,10
13664,10,2,9
13665,10,2,9
13666,10,0,10
13667,10,0,10
13668,10,0,10
13669,10,0,10
13670,10,0,10
13671,10,0,10
13672,10,0,10
13673,10,0,10
13674,10,0,10
13675,10,0,10
13676,10,0,10
13677,10,2,9
13678,10,2,9
13679,10,2,9
13680,10,2,9
13681,10,2,9
13682,10,0,10
13683,10,0,10
13684,10,0,10
13685,10,0,10
13686,10,0,10
13687,10,0,10
13688,10,0,10
13689,10,0,10
13690,10,0,10
13691,10,0,10
13692,10,0,10
13693,10,0,10
13694,10,0,10
13695,10,0,10
13696,10,0,10
13697,10,4,4
13698,10,2,9
13699,10,2,9
13700,10,2,9
13701,10,2,9
13702,10,0,10
13703,10,0,10
13704,10,2,9
13705,10,0,10
13706,10,0,10
13707,10,2,9
13708,10,2,9
13709,10,0,10
13710,10,0,10
13711,10,0,10
13712,10,0,10
13713,10,0,10
13714,10,0,10
13715,10,0,10
13716,10,0,10
13717,10,0,10
13718,10,2,9
13719,10,0,10
13720,10,0,10
13721,10,2,9
13722,10,2,9
13723,10,0,10
13724,10,0,10
13725,10,0,10
13726,10,0,10
13727,10,0,10
13728,10,4,4
13729,10,4,4
13730,10,0,10
13731,10,0,10
13732,10,0,10
13733,10,2,9
13734,10,0,10
13735,10,0,10
13736,10,0,10
13737,10,0,10
13738,10,0,10
13739,10,2,9
13740,10,0,10
13741,10,0,10
13742,10,0,10
13743,10,0,10
13744,10,0,10
13745,10,0,10
13746,10,0,10
13747,10,0,10
13748,10,0,10
13749,10,0,10
13750,10,2,9
13751,10,0,10
13752,10,0,10
13753,10,0,10
13754,10,0,10
13755,10,0,10
13756,10,0,10
13757,10,2,9
13758,10,0,10
13759,10,0,10
13760,10,0,10
13761,10,0,10
13762,10,0,10
13763,10,4,4
13764,10,4,4
13765,10,0,10
13766,10,0,10
13767,10,0,10
13768,10,0,10
13769,10,0,10
13770,10,0,10
13771,10,0,10
13772,10,2,9
13773,10,2,9
13774,10,0,10
13775,10,0,10
13776,10,2,9
13777,10,2,9
13778,10,0,10
13779,10,0,10
13780,10,0,10
13781,10,0,10
13782,10,0,10
13783,10,0,10
13784,10,0,10
13785,10,0,10
13786,10,4,4
13787,10,2,9
13788,10,2,9
13789,10,0,10
13790,10,0,10
13791,10,0,10
13792,10,0,10
13793,10,0,10
13794,10,0,10
13795,10,0,10
13796,10,0,10
13797,10,0,10
13798,10,0,10
13799,10,0,10
13800,10,0,10
13801,10,0,10
13802,10,0,10
13803,10,2,9
13804,10,0,10
13805,10,0,10
13806,10,0,10
13807,10,0,10
13808,10,0,10
13809,10,4,4
13810,10,0,10
13811,10,0,10
13812,10,0,10
13813,10,0,10
13814,10,0,10
13815,10,0,10
13816,10,2,9
13817,10,0,10
13818,10,0,10
13819,10,0,10
13820,10,0,10
13821,10,0,10
13822,10,0,10
13823,10,0,10
13824,10,0,10
13825,10,0,10
13826,10,0,10
13827,10,0,10
13828,10,0,10
13829,10,0,10
13830,10,0,10
13831,10,2,9
13832,10,2,9
13833,10,2,9
13834,10,0,10
13835,10,0,10
13836,10,2,9
13837,10,0,10
13838,10,0,10
13839,10,0,10
13840,10,0,10
13841,10,0,10
13842,10,0,10
13843,10,0,10
13844,10,0,10
13845,10,2,9
13846,10,0,10
13847,10,2,9
13848,10,2,9
13849,10,0,10
13850,10,0,10
13851,10,0,10
13852,10,0,10
13853,10,0,10
13854,10,0,10
13855,10,0,10
13856,10,0,10
13857,10,0,10
13858,10,2,9
13859,10,0,10
13860,10,0,10
13861,10,0,10
13862,10,2,9
13863,10,0,10
13864,10,2,9
13865,10,0,10
13866,10,4,4
13867,10,0,10
13868,10,0,10
13869,10,0,10
13870,10,0,10
13871,10,0,10
13872,10,0,10
13873,10,0,10
13874,10,0,10
13875,10,0,10
13876,10,0,10
13877,10,0,10
13878,10,0,10
13879,10,2,9
13880,10,0,10
13881,10,0,10
13882,10,0,10
13883,10,0,10
13884,10,0,10
13885,10,0,10
13886,10,0,10
13887,10,0,10
13888,10,0,10
13889,10,0,10
13890,10,2,9
13891,10,2,9
13892,10,2,9
13893,10,2,9
13894,10,2,9
13895,10,0,10
13896,10,0,10
13897,10,2,9
13898,10,2,9
13899,10,2,9
13900,10,0,10
13901,10,2,9
13902,10,0,10
13903,10,0,10
13904,10,0,10
13905,10,2,9
13906,10,2,9
13907,10,0,10
13908,10,0,10
13909,10,4,4
13910,10,2,9
13911,10,0,10
13912,10,0,10
13913,10,4,4
13914,10,0,10
13915,10,2,9
13916,10,0,10
13917,10,0,10
13918,10,0,10
13919,10,0,10
13920,10,2,9
13921,10,0,10
13922,10,0,10
13923,10,2,9
13924,10,0,10
13925,10,0,10
13926,10,0,10
13927,10,4,4
13928,10,0,10
13929,10,0,10
13930,10,4,4
13931,10,4,4
13932,10,0,10
13933,10,0,10
13934,10,2,9
13935,10,2,9
13936,10,0,10
13937,10,4,4
13938,10,0,10
13939,10,0,10
13940,10,0,10
13941,10,0,10
13942,10,0,10
13943,10,0,10
13944,10,4,4
13945,10,2,9
13946,10,4,4
13947,10,4,4
13948,10,0,10
13949,10,2,9
13950,10,2,9
13951,10,0,10
13952,10,2,9
13953,10,0,10
13954,10,0,10
13955,10,4,4
13956,10,4,4
13957,10,4,4
13958,10,0,10
13959,10,2,9
13960,10,2,9
13961,10,2,9
13962,10,0,10
13963,10,0,10
13964,10,0,10
13965,10,2,9
13966,10,0,10
13967,10,0,10
13968,10,0,10
13969,10,0,10
13970,10,2,9
13971,10,0,10
13972,10,0,10
13973,10,0,10
13974,10,4,4
13975,10,2,9
13976,10,2,9
13977,10,0,10
13978,10,0,10
13979,10,0,10
13980,10,0,10
13981,10,0,10
13982,10,2,9
13983,10,0,10
13984,10,0,10
13985,10,2,9
13986,10,0,10
13987,10,0,10
13988,10,0,10
13989,10,4,4
13990,10,3,17
13991,10,0,10
13992,10,0,10
13993,10,0,10
13994,10,2,9
13995,10,0,10
13996,10,0,10
13997,10,0,10
13998,10,0,10
13999,10,0,10
14000,10,2,9
14001,10,2,9
14002,10,0,10
14003,10,2,9
14004,10,0,10
14005,10,0,10
14006,10,4,4
14007,10,0,10
14008,10,0,10
14009,10,0,10
14010,10,2,9
14011,10,0,10
14012,10,2,9
14013,10,2,9
14014,10,0,10
14015,10,0,10
14016,10,0,10
14017,10,0,10
14018,10,0,10
14019,10,0,10
14020,10,4,4
14021,10,0,10
14022,10,0,10
14023,10,0,10
14024,10,4,4
14025,10,0,10
14026,10,2,9
14027,10,0,10
14028,10,0,10
14029,10,0,10
14030,10,2,9
14031,10,0,10
14032,10,0,10
14033,10,0,10
14034,10,0,10
14035,10,0,10
14036,10,0,10
14037,10,0,10
14038,10,0,10
14039,10,0,10
14040,10,2,9
14041,10,2,9
14042,10,2,9
14043,10,0,10
14044,10,0,10
14045,10,0,10
14046,10,0,10
14047,10,0,10
14048,10,0,10
14049,10,0,10
14050,10,2,9
14051,10,0,10
14052,10,4,4
14053,10,2,9
14054,10,4,4
14055,10,0,10
14056,10,0,10
14057,10,2,9
14058,10,0,10
14059,10,4,4
14060,10,1,18
14061,10,1,18
14062,10,2,9
14063,10,2,9
14064,10,3,17
14065,10,1,18
14066,10,0,10
14067,10,1,18
14068,10,1,18
14069,10,3,17
14070,10,3,17
14071,10,2,9
14072,10,0,10
14073,10,1,18
14074,10,3,17
14075,10,1,18
14076,10,1,18
14077,10,1,18
14078,10,0,10
14079,10,1,18
14080,10,2,9
14081,10,1,18
14082,10,3,17
14083,10,3,17
14084,10,4,4
14085,10,1,18
14086,10,0,10
14087,10,0,10
14088,10,0,10
14089,10,3,17
14090,10,2,9
14091,10,1,18
14092,10,2,9
14093,10,2,9
14094,10,4,4
14095,10,1,18
14096,10,2,9
14097,10,0,10
14098,10,3,17
14099,10,0,10
14100,10,1,18
14101,10,0,10
14102,10,1,18
14103,10,1,18
14104,10,0,10
14105,10,0,10
14106,10,3,17
14107,10,2,9
14108,10,2,9
14109,10,4,4
14110,10,4,4
14111,10,2,9
14112,10,2,9
14113,10,3,17
14114,10,0,10
14115,10,1,18
14116,10,1,18
14117,10,2,9
14118,10,0,10
14119,10,1,18
14120,10,4,4
14121,10,1,18
14122,10,0,10
14123,10,0,10
14124,10,1,18
14125,10,1,18
14126,10,4,4
14127,10,4,4
14128,10,0,10
14129,10,3,17
14130,10,2,9
14131,10,2,9
14132,10,2,9
14133,10,0,10
14134,10,1,18
14135,10,3,17
14136,10,3,17
14137,10,1,18
14138,10,2,9
14139,10,0,10
14140,10,3,17
14141,10,3,17
14142,10,4,4
14143,10,2,9
14144,10,1,18
14145,10,1,18
14146,10,1,18
14147,10,0,10
14148,10,1,18
14149,10,2,9
14150,10,4,4
14151,10,2,9
14152,10,2,9
14153,10,0,10
14154,10,0,10
14155,10,2,9
14156,10,1,18
14157,10,2,9
14158,10,3,17
14159,10,0,10
14160,10,2,9
14161,10,2,9
14162,10,1,18
14163,10,3,17
14164,10,0,10
14165,10,4,4
14166,10,2,9
14167,10,0,10
14168,10,0,10
14169,10,2,9
14170,10,1,18
14171,10,3,17
14172,10,3,17
14173,10,3,17
14174,10,3,17
14175,10,2,9
14176,10,3,17
14177,10,3,17
14178,10,0,10
14179,10,4,4
14180,10,3,17
14181,10,2,9
14182,10,4,4
14183,10,2,9
14184,10,1,18
14185,10,0,10
14186,10,3,17
14187,10,0,10
14188,10,2,9
14189,10,2,9
14190,10,1,18
14191,10,2,9
14192,10,1,18
14193,10,0,10
14194,10,3,17
14195,10,0,10
14196,10,2,9
14197,10,0,10
14198,10,3,17
14199,10,2,9
14200,10,2,9
14201,10,2,9
14202,10,0,10
14203,10,0,10
14204,10,0,10
14205,10,3,17
14206,10,3,17
14207,10,2,9
14208,10,0,10
14209,10,2,9
14210,10,3,17
14211,10,2,9
14212,10,2,9
14213,10,1,18
14214,10,0,10
14215,10,0,10
14216,10,1,18
14217,10,2,9
14218,10,2,9
14219,10,3,17
14220,10,1,18
14221,10,0,10
14222,10,1,18
14223,10,3,17
14224,10,0,10
14225,10,0,10
14226,10,0,10
14227,10,0,10
14228,10,1,18
14229,10,1,18
14230,10,2,9
14231,10,2,9
14232,10,3,17
14233,10,3,17
14234,10,0,10
14235,10,3,17
14236,10,1,18
14237,10,2,9
14238,10,2,9
14239,10,3,17
14240,10,1,18
14241,10,1,18
14242,10,2,9
14243,10,2,9
14244,10,0,10
14245,10,1,18
14246,10,1,18
14247,10,0,10
14248,10,1,18
14249,10,0,10
14250,10,1,18
14251,10,1,18
14252,10,1,18
14253,10,1,18
14254,10,0,10
14255,10,4,4
14256,10,4,4
14257,10,1,18
14258,10,1,18
14259,10,1,18
14260,10,0,10
14261,10,0,10
14262,10,3,17
14263,10,2,9
14264,10,0,10
14265,10,2,9
14266,10,2,9
14267,10,1,18
14268,10,1,18
14269,10,0,10
14270,10,2,9
14271,10,0,10
14272,10,1,18
14273,10,0,10
14274,10,1,18
14275,10,1,18
14276,10,1,18
14277,10,1,18
14278,10,1,18
14279,10,2,9
14280,10,0,10
14281,10,3,17
14282,10,1,18
14283,10,1,18
14284,10,4,4
14285,10,1,18
14286,10,2,9
14287,10,1,18
14288,10,1,18
14289,10,0,10
14290,10,2,9
14291,10,2,9
14292,10,2,9
14293,10,0,10
14294,10,1,18
14295,10,3,17
14296,10,0,10
14297,10,2,9
14298,10,1,18
14299,10,0,10
14300,10,0,10
14301,10,3,17
14302,10,2,9
14303,10,0,10
14304,10,2,9
14305,10,0,10
14306,10,2,9
14307,10,0,10
14308,10,1,18
14309,10,2,9
14310,10,0,10
14311,10,0,10
14312,10,2,9
14313,10,4,4
14314,10,1,18
14315,10,2,9
14316,10,0,10
14317,10,0,10
14318,10,1,18
14319,10,0,10
14320,10,0,10
14321,10,0,10
14322,10,0,10
14323,10,1,18
14324,10,0,10
14325,10,2,9
14326,10,1,18
14327,10,0,10
14328,10,2,9
14329,10,2,9
14330,10,2,9
14331,10,3,17
14332,10,3,17
14333,10,2,9
14334,10,0,10
14335,10,3,17
14336,10,2,9
14337,10,1,18
14338,10,4,4
14339,10,0,10
14340,10,0,10
14341,10,2,9
14342,10,0,10
14343,10,1,18
14344,10,0,10
14345,10,3,17
14346,10,0,10
14347,10,1,18
14348,10,2,9
14349,10,0,10
14350,10,3,17
14351,10,2,9
14352,10,0,10
14353,10,0,10
14354,10,2,9
14355,10,1,18
14356,10,2,9
14357,10,1,18
14358,10,2,9
14359,10,1,18
14360,10,2,9
14361,10,0,10
14362,10,0,10
14363,10,3,17
14364,10,0,10
14365,10,1,18
14366,10,3,17
14367,10,2,9
14368,10,0,10
14369,10,0,10
14370,10,2,9
14371,10,2,9
14372,10,2,9
14373,10,4,4
14374,10,3,17
14375,10,0,10
14376,10,0,10
14377,10,1,18
14378,10,2,9
14379,10,1,18
14380,10,2,9
14381,10,2,9
14382,10,2,9
14383,10,0,10
14384,10,0,10
14385,10,2,9
14386,10,2,9
14387,10,2,9
14388,10,2,9
14389,10,1,18
14390,10,2,9
14391,10,2,9
14392,10,1,18
14393,10,0,10
14394,10,3,17
14395,10,0,10
14396,10,1,18
14397,10,1,18
14398,10,2,9
14399,10,4,4
14400,10,1,18
14401,10,0,10
14402,10,1,18
14403,10,1,18
14404,10,0,10
14405,10,2,9
14406,10,0,10
14407,10,0,10
14408,10,1,18
14409,10,0,10
14410,10,2,9
14411,10,2,9
14412,10,1,18
14413,10,0,10
14414,10,1,18
14415,10,2,9
14416,10,1,18
14417,10,2,9
14418,10,0,10
14419,10,0,10
14420,10,3,17
14421,10,0,10
14422,10,2,9
14423,10,3,17
14424,10,1,18
14425,10,0,10
14426,10,0,10
14427,10,1,18
14428,10,1,18
14429,10,1,18
14430,10,1,18
14431,10,0,10
14432,10,0,10
14433,10,0,10
14434,10,0,10
14435,10,0,10
14436,10,1,18
14437,10,4,4
14438,10,3,17
14439,10,0,10
14440,10,1,18
14441,10,2,9
14442,10,0,10
14443,10,0,10
14444,10,2,9
14445,10,2,9
14446,10,3,17
14447,10,0,10
14448,10,1,18
14449,10,2,9
14450,10,2,9
14451,10,1,18
14452,10,2,9
14453,10,3,17
14454,10,0,10
14455,10,3,17
14456,10,0,10
14457,10,3,17
14458,10,0,10
14459,10,4,4
14460,10,2,9
14461,10,1,18
14462,10,4,4
14463,10,3,17
14464,10,0,10
14465,10,1,18
14466,10,2,9
14467,10,0,10
14468,10,4,4
14469,10,1,18
14470,10,1,18
14471,10,0,10
14472,10,1,18
14473,10,1,18
14474,10,0,10
14475,10,1,18
14476,10,4,4
14477,10,2,9
14478,10,1,18
14479,10,1,18
14480,10,3,17
14481,10,0,10
14482,10,1,18
14483,10,0,10
14484,10,1,18
14485,10,1,18
14486,10,1,18
14487,10,3,17
14488,10,3,17
14489,10,0,10
14490,10,3,17
14491,10,2,9
14492,10,0,10
14493,10,2,9
14494,10,1,18
14495,10,3,17
14496,10,2,9
14497,10,1,18
14498,10,1,18
14499,10,0,10
14500,10,1,18
14501,10,3,17
14502,10,2,9
14503,10,2,9
14504,10,3,17
14505,10,0,10
14506,10,2,9
14507,10,1,18
14508,10,2,9
14509,10,1,18
14510,10,1,18
14511,10,3,17
14512,10,3,17
14513,10,2,9
14514,10,1,18
14515,10,2,9
14516,10,2,9
14517,10,1,18
14518,10,3,17
14519,10,1,18
14520,10,4,4
14521,10,4,4
14522,10,1,18
14523,10,1,18
14524,10,0,10
14525,10,2,9
14526,10,0,10
14527,10,0,10
14528,10,1,18
14529,10,3,17
14530,10,1,18
14531,10,0,10
14532,10,3,17
14533,10,2,9
14534,10,0,10
14535,10,1,18
14536,10,3,17
14537,10,0,10
14538,10,0,10
14539,10,2,9
14540,10,0,10
14541,10,1,18
14542,10,0,10
14543,10,0,10
14544,10,0,10
14545,10,3,17
14546,10,1,18
14547,10,0,10
14548,10,0,10
14549,10,4,4
14550,10,0,10
14551,10,3,17
14552,10,3,17
14553,10,3,17
14554,10,2,9
14555,10,1,18
14556,10,2,9
14557,10,2,9
14558,10,1,18
14559,10,2,9
14560,10,1,18
14561,10,1,18
14562,10,0,10
14563,10,0,10
14564,10,1,18
14565,10,1,18
14566,10,2,9
14567,10,1,18
14568,10,0,10
14569,10,2,9
14570,10,1,18
14571,10,3,17
14572,10,3,17
14573,10,3,17
14574,10,0,10
14575,10,1,18
14576,10,0,10
14577,10,3,17
14578,10,0,10
14579,10,4,4
14580,10,0,10
14581,10,0,10
14582,10,0,10
14583,10,0,10
14584,10,3,17
14585,10,1,18
14586,10,1,18
14587,10,0,10
14588,10,1,18
14589,10,3,17
14590,10,4,4
14591,10,1,18
14592,10,1,18
14593,10,1,18
14594,10,1,18
14595,10,3,17
14596,10,0,10
14597,10,0,10
14598,10,0,10
14599,10,0,10
14600,10,0,10
14601,10,2,9
14602,10,2,9
14603,10,0,10
14604,10,4,4
14605,10,0,10
14606,10,3,17
14607,10,3,17
14608,10,0,10
14609,10,0,10
14610,10,1,18
14611,10,3,17
14612,10,1,18
14613,10,1,18
14614,10,4,4
14615,10,0,10
14616,10,2,9
14617,10,0,10
14618,10,1,18
14619,10,1,18
14620,10,1,18
14621,10,1,18
14622,10,1,18
14623,10,3,17
14624,10,2,9
14625,10,3,17
14626,10,3,17
14627,10,1,18
14628,10,0,10
14629,10,2,9
14630,10,1,18
14631,10,0,10
14632,10,2,9
14633,10,4,4
14634,10,0,10
14635,10,3,17
14636,10,2,9
14637,10,1,18
14638,10,1,18
14639,10,1,18
14640,10,1,18
14641,10,0,10
14642,10,2,9
14643,10,0,10
14644,10,0,10
14645,10,1,18
14646,10,1,18
14647,10,1,18
14648,10,0,10
14649,10,2,9
14650,10,2,9
14651,10,2,9
14652,10,3,17
14653,10,0,10
14654,10,0,10
14655,10,0,10
14656,10,1,18
14657,10,0,10
14658,10,1,18
14659,10,2,9
14660,10,2,9
14661,10,2,9
14662,10,1,18
14663,10,1,18
14664,10,1,18
14665,10,0,10
14666,10,2,9
14667,10,0,10
14668,10,2,9
14669,10,2,9
14670,10,2,9
14671,10,0,10
14672,10,1,18
14673,10,3,17
14674,10,0,10
14675,10,2,9
14676,10,0,10
14677,10,0,10
14678,10,2,9
14679,10,3,17
14680,10,2,9
14681,10,1,18
14682,10,0,10
14683,10,1,18
14684,10,1,18
14685,10,2,9
14686,10,1,18
14687,10,2,9
14688,10,0,10
14689,10,1,18
14690,10,4,4
14691,10,1,18
14692,10,2,9
14693,10,0,10
14694,10,0,10
14695,10,1,18
14696,10,0,10
14697,10,2,9
14698,10,1,18
14699,10,3,17
14700,10,2,9
14701,10,0,10
14702,10,1,18
14703,10,1,18
14704,10,3,17
14705,10,2,9
14706,10,4,4
14707,10,1,18
14708,10,2,9
14709,10,0,10
14710,10,1,18
14711,10,2,9
14712,10,1,18
14713,10,1,18
14714,10,1,18
14715,10,1,18
14716,10,1,18
14717,10,3,17
14718,10,0,10
14719,10,0,10
14720,10,2,9
14721,10,3,17
14722,10,0,10
14723,10,1,18
14724,10,1,18
14725,10,2,9
14726,10,3,17
14727,10,0,10
14728,10,1,18
14729,10,3,17
14730,10,0,10
14731,10,0,10
14732,10,0,10
14733,10,0,10
14734,10,1,18
14735,10,1,18
14736,10,2,9
14737,10,0,10
14738,10,4,4
14739,10,2,9
14740,10,0,10
14741,10,4,4
14742,10,4,4
14743,10,0,10
14744,10,1,18
14745,10,0,10
14746,10,1,18
14747,10,1,18
14748,10,1,18
14749,10,0,10
14750,10,4,4
14751,10,2,9
14752,10,3,17
14753,10,1,18
14754,10,1,18
14755,10,2,9
14756,10,0,10
14757,10,0,10
14758,10,4,4
14759,10,2,9
14760,10,0,10
14761,10,2,9
14762,10,3,17
14763,10,0,10
14764,10,2,9
14765,10,0,10
14766,10,1,18
14767,10,0,10
14768,10,0,10
14769,10,2,9
14770,10,2,9
14771,10,1,18
14772,10,3,17
14773,10,1,18
14774,10,3,17
14775,10,4,4
14776,10,2,9
14777,10,3,17
14778,10,3,17
14779,10,1,18
14780,10,0,10
14781,10,0,10
14782,10,0,10
14783,10,0,10
14784,10,0,10
14785,10,0,10
14786,10,0,10
14787,10,0,10
14788,10,0,10
14789,10,0,10
14790,10,2,9
14791,10,0,10
14792,10,1,18
14793,10,3,17
14794,10,0,10
14795,10,0,10
14796,10,4,4
14797,10,0,10
14798,10,1,18
14799,10,0,10
14800,10,1,18
14801,10,2,9
14802,10,2,9
14803,10,3,17
14804,10,2,9
14805,10,4,4
14806,10,1,18
14807,10,3,17
14808,10,0,10
14809,10,0,10
14810,10,0,10
14811,10,0,10
14812,10,1,18
14813,10,2,9
14814,10,1,18
14815,10,0,10
14816,10,3,17
14817,10,0,10
14818,10,3,17
14819,10,0,10
14820,10,0,10
14821,10,2,9
14822,10,2,9
14823,10,2,9
14824,10,2,9
14825,10,0,10
14826,10,0,10
14827,10,0,10
14828,10,3,17
14829,10,2,9
14830,10,1,18
14831,10,1,18
14832,10,1,18
14833,10,0,10
14834,10,0,10
14835,10,0,10
14836,10,0,10
14837,10,0,10
14838,10,2,9
14839,10,0,10
14840,10,0,10
14841,10,4,4
14842,10,2,9
14843,10,1,18
14844,10,1,18
14845,10,1,18
14846,10,1,18
14847,10,1,18
14848,10,0,10
14849,10,1,18
14850,10,4,4
14851,10,2,9
14852,10,4,4
14853,10,3,17
14854,10,1,18
14855,10,0,10
14856,10,1,18
14857,10,1,18
14858,10,2,9
14859,10,0,10
14860,10,1,18
14861,10,1,18
14862,10,1,18
14863,10,2,9
14864,10,2,9
14865,10,1,18
14866,10,0,10
14867,10,4,4
14868,10,3,17
14869,10,3,17
14870,10,1,18
14871,10,2,9
14872,10,3,17
14873,10,1,18
14874,10,1,18
14875,10,1,18
14876,10,1,18
14877,10,2,9
14878,10,0,10
14879,10,4,4
14880,10,1,18
14881,10,1,18
14882,10,3,17
14883,10,2,9
14884,10,2,9
14885,10,4,4
14886,10,0,10
14887,10,1,18
14888,10,2,9
14889,10,3,17
14890,10,2,9
14891,10,1,18
14892,10,3,17
14893,10,3,17
14894,10,1,18
14895,10,1,18
14896,10,0,10
14897,10,0,10
14898,10,1,18
14899,10,0,10
14900,10,1,18
14901,10,0,10
14902,10,0,10
14903,10,3,17
14904,10,2,9
14905,10,1,18
14906,10,2,9
14907,10,2,9
14908,10,1,18
14909,10,1,18
14910,10,2,9
14911,10,2,9
14912,10,1,18
14913,10,3,17
14914,10,3,17
14915,10,2,9
14916,10,1,18
14917,10,2,9
14918,10,1,18
14919,10,1,18
14920,10,0,10
14921,10,1,18
14922,10,1,18
14923,10,1,18
14924,10,3,17
14925,10,0,10
14926,10,4,4
14927,10,1,18
14928,10,2,9
14929,10,1,18
14930,10,0,10
14931,10,2,9
14932,10,2,9
14933,10,3,17
14934,10,0,10
14935,10,4,4
14936,10,0,10
14937,10,0,10
14938,10,0,10
14939,10,0,10
14940,10,2,9
14941,10,1,18
14942,10,2,9
14943,10,4,4
14944,10,1,18
14945,10,3,17
14946,10,1,18
14947,10,1,18
14948,10,0,10
14949,10,0,10
14950,10,2,9
14951,10,1,18
14952,10,1,18
14953,10,0,10
14954,10,2,9
14955,10,1,18
14956,10,4,4
14957,10,1,18
14958,10,0,10
14959,10,1,18
14960,10,0,10
14961,10,1,18
14962,10,0,10
14963,10,0,10
14964,10,2,9
14965,10,0,10
14966,10,0,10
14967,10,3,17
14968,10,4,4
14969,10,2,9
14970,10,1,18
14971,10,0,10
14972,10,1,18
14973,10,1,18
14974,10,2,9
14975,10,2,9
14976,10,2,9
14977,10,0,10
14978,10,1,18
14979,10,1,18
14980,10,0,10
14981,10,0,10
14982,10,0,10
14983,10,0,10
14984,10,0,10
14985,10,2,9
14986,10,0,10
14987,10,2,9
14988,10,0,10
14989,10,0,10
14990,10,1,18
14991,10,1,18
14992,10,1,18
14993,10,3,17
14994,10,0,10
14995,10,2,9
14996,10,1,18
14997,10,3,17
14998,10,1,18
14999,10,1,18
15000,10,0,10
15001,10,2,9
15002,10,2,9
15003,10,2,9
15004,10,2,9
15005,10,0,10
15006,10,2,9
15007,10,1,18
15008,10,1,18
15009,10,0,10
15010,10,1,18
15011,10,0,10
15012,10,0,10
15013,10,0,10
15014,10,1,18
15015,10,0,10
15016,10,4,4
15017,10,2,9
15018,10,2,9
15019,10,3,17
15020,10,1,18
15021,10,3,17
15022,10,0,10
15023,10,3,17
15024,10,3,17
15025,10,3,17
15026,10,1,18
15027,10,0,10
15028,10,0,10
15029,10,0,10
15030,10,2,9
15031,10,0,10
15032,10,2,9
15033,10,0,10
15034,10,0,10
15035,10,3,17
15036,10,0,10
15037,10,2,9
15038,10,0,10
15039,10,1,18
15040,10,1,18
15041,10,2,9
15042,10,1,18
15043,10,2,9
15044,10,1,18
15045,10,0,10
15046,10,0,10
15047,10,1,18
15048,10,2,9
15049,10,4,4
15050,10,1,18
15051,10,2,9
15052,10,1,18
15053,10,1,18
15054,10,1,18
15055,10,0,10
15056,10,1,18
15057,10,0,10
15058,10,1,18
15059,10,1,18
15060,10,1,18
15061,10,1,18
15062,10,1,18
15063,10,3,17
15064,10,0,10
15065,10,3,17
15066,10,1,18
15067,10,3,17
15068,10,0,10
15069,10,0,10
15070,10,2,9
15071,10,0,10
15072,10,0,10
15073,10,2,9
15074,10,0,10
15075,10,2,9
15076,10,2,9
15077,10,2,9
15078,10,1,18
15079,10,2,9
15080,10,4,4
15081,10,3,17
15082,10,1,18
15083,10,1,18
15084,10,1,18
15085,10,0,10
15086,10,0,10
15087,10,3,17
15088,10,2,9
15089,10,4,4
15090,10,3,17
15091,10,0,10
15092,10,3,17
15093,10,2,9
15094,10,0,10
15095,10,0,10
15096,10,0,10
15097,10,1,18
15098,10,4,4
15099,10,2,9
15100,10,4,4
15101,10,0,10
15102,10,0,10
15103,10,2,9
15104,10,3,17
15105,10,0,10
15106,10,1,18
15107,10,3,17
15108,10,0,10
15109,10,1,18
15110,10,2,9
15111,10,3,17
15112,10,1,18
15113,10,3,17
15114,10,2,9
15115,10,0,10
15116,10,0,10
15117,10,1,18
15118,10,0,10
15119,10,1,18
15120,10,3,17
15121,10,0,10
15122,10,2,9
15123,10,4,4
15124,10,0,10
15125,10,2,9
15126,10,3,17
15127,10,3,17
15128,10,0,10
15129,10,0,10
15130,10,4,4
15131,10,0,10
15132,10,4,4
15133,10,0,10
15134,10,0,10
15135,10,3,17
15136,10,2,9
15137,10,4,4
15138,10,2,9
15139,10,0,10
15140,10,0,10
15141,10,2,9
15142,10,3,17
15143,10,0,10
15144,10,2,9
15145,10,1,18
15146,10,1,18
15147,10,0,10
15148,10,0,10
15149,10,0,10
15150,10,0,10
15151,10,4,4
15152,10,2,9
15153,10,1,18
15154,10,2,9
15155,10,0,10
15156,10,2,9
15157,10,0,10
15158,10,4,4
15159,10,0,10
15160,10,2,9
15161,10,3,17
15162,10,2,9
15163,10,1,18
15164,10,1,18
15165,10,1,18
15166,10,0,10
15167,10,1,18
15168,10,1,18
15169,10,1,18
15170,10,2,9
15171,10,0,10
15172,10,2,9
15173,10,3,17
15174,10,3,17
15175,10,3,17
15176,10,2,9
15177,10,0,10
15178,10,0,10
15179,10,1,18
15180,10,0,10
15181,10,0,10
15182,10,2,9
15183,10,1,18
15184,10,0,10
15185,10,0,10
15186,10,3,17
15187,10,2,9
15188,10,3,17
15189,10,1,18
15190,10,0,10
15191,10,0,10
15192,10,1,18
15193,10,2,9
15194,10,0,10
15195,10,2,9
15196,10,0,10
15197,10,1,18
15198,10,2,9
15199,10,4,4
15200,10,4,4
15201,10,0,10
15202,10,0,10
15203,10,2,9
15204,10,0,10
15205,10,0,10
15206,10,3,17
15207,10,4,4
15208,10,3,17
15209,10,3,17
15210,10,1,18
15211,10,3,17
15212,10,3,17
15213,10,1,18
15214,10,0,10
15215,10,2,9
15216,10,1,18
15217,10,1,18
15218,10,1,18
15219,10,1,18
15220,10,3,17
15221,10,1,18
15222,10,0,10
15223,10,2,9
15224,10,0,10
15225,10,1,18
15226,10,1,18
15227,10,3,17
15228,10,0,10
15229,10,1,18
15230,10,1,18
15231,10,1,18
15232,10,2,9
15233,10,1,18
15234,10,0,10
15235,10,1,18
15236,10,1,18
15237,10,0,10
15238,10,2,9
15239,10,3,17
15240,10,2,9
15241,10,1,18
15242,10,0,10
15243,10,2,9
15244,10,0,10
15245,10,2,9
15246,10,3,17
15247,10,0,10
15248,10,3,17
15249,10,0,10
15250,10,3,17
15251,10,3,17
15252,10,3,17
15253,10,3,17
15254,10,1,18
15255,10,0,10
15256,10,1,18
15257,10,0,10
15258,10,3,17
15259,10,3,17
15260,10,1,18
15261,10,3,17
15262,10,3,17
15263,10,0,10
15264,10,1,18
15265,10,1,18
15266,10,2,9
15267,10,1,18
15268,10,0,10
15269,10,4,4
15270,10,3,17
15271,10,2,9
15272,10,3,17
15273,10,0,10
15274,10,1,18
15275,10,4,4
15276,10,2,9
15277,10,3,17
15278,10,0,10
15279,10,1,18
15280,10,0,10
15281,10,1,18
15282,10,1,18
15283,10,0,10
15284,10,1,18
15285,10,1,18
15286,10,2,9
15287,10,4,4
15288,10,1,18
15289,10,0,10
15290,10,3,17
15291,10,0,10
15292,10,0,10
15293,10,1,18
15294,10,4,4
15295,10,0,10
15296,10,1,18
15297,10,1,18
15298,10,4,4
15299,10,3,17
15300,10,0,10
15301,10,4,4
15302,10,3,17
15303,10,0,10
15304,10,3,17
15305,10,2,9
15306,10,0,10
15307,10,1,18
15308,10,2,9
15309,10,0,10
15310,10,0,10
15311,10,3,17
15312,10,2,9
15313,10,0,10
15314,10,1,18
15315,10,1,18
15316,10,1,18
15317,10,2,9
15318,10,0,10
15319,10,2,9
15320,10,1,18
15321,10,2,9
15322,10,1,18
15323,10,2,9
15324,10,2,9
15325,10,0,10
15326,10,2,9
15327,10,1,18
15328,10,2,9
15329,10,1,18
15330,10,2,9
15331,10,2,9
15332,10,4,4
15333,10,4,4
15334,10,2,9
15335,10,2,9
15336,10,1,18
15337,10,0,10
15338,10,4,4
15339,10,1,18
15340,10,1,18
15341,10,1,18
15342,10,2,9
15343,10,1,18
15344,10,2,9
15345,10,0,10
15346,10,0,10
15347,10,1,18
15348,10,2,9
15349,10,3,17
15350,10,2,9
15351,10,3,17
15352,10,0,10
15353,10,3,17
15354,10,2,9
15355,10,2,9
15356,10,1,18
15357,10,1,18
15358,10,0,10
15359,10,3,17
15360,10,1,18
15361,10,1,18
15362,10,1,18
15363,10,0,10
15364,10,0,10
15365,10,0,10
15366,10,0,10
15367,10,2,9
15368,10,0,10
15369,10,2,9
15370,10,0,10
15371,10,0,10
15372,10,3,17
15373,10,0,10
15374,10,4,4
15375,10,0,10
15376,10,1,18
15377,10,1,18
15378,10,1,18
15379,10,1,18
15380,10,3,17
15381,10,2,9
15382,10,3,17
15383,10,3,17
15384,10,2,9
15385,10,2,9
15386,10,0,10
15387,10,0,10
15388,10,0,10
15389,10,0,10
15390,10,2,9
15391,10,1,18
15392,10,1,18
15393,10,2,9
15394,10,3,17
15395,10,0,10
15396,10,1,18
15397,10,2,9
15398,10,1,18
15399,10,0,10
15400,10,1,18
15401,10,0,10
15402,10,2,9
15403,10,2,9
15404,10,3,17
15405,10,2,9
15406,10,1,18
15407,10,0,10
15408,10,0,10
15409,10,1,18
15410,10,3,17
15411,10,3,17
15412,10,0,10
15413,10,0,10
15414,10,1,18
15415,10,2,9
15416,10,1,18
15417,10,1,18
15418,10,3,17
15419,10,4,4
15420,10,0,10
15421,10,0,10
15422,10,0,10
15423,10,4,4
15424,10,1,18
15425,10,1,18
15426,10,2,9
15427,10,2,9
15428,10,2,9
15429,10,1,18
15430,10,1,18
15431,10,1,18
15432,10,2,9
15433,10,0,10
15434,10,1,18
15435,10,1,18
15436,10,3,17
15437,10,1,18
15438,10,1,18
15439,10,0,10
15440,10,2,9
15441,10,2,9
15442,10,2,9
15443,10,3,17
15444,10,2,9
15445,10,1,18
15446,10,3,17
15447,10,0,10
15448,10,0,10
15449,10,0,10
15450,10,1,18
15451,10,2,9
15452,10,2,9
15453,10,1,18
15454,10,0,10
15455,10,3,17
15456,10,2,9
15457,10,2,9
15458,10,0,10
15459,10,4,4
15460,10,1,18
15461,10,3,17
15462,10,0,10
15463,10,2,9
15464,10,1,18
15465,10,3,17
15466,10,2,9
15467,10,1,18
15468,10,0,10
15469,10,1,18
15470,10,1,18
15471,10,0,10
15472,10,2,9
15473,10,3,17
15474,10,4,4
15475,10,3,17
15476,10,2,9
15477,10,2,9
15478,10,3,17
15479,10,0,10
15480,10,1,18
15481,10,1,18
15482,10,3,17
15483,10,1,18
15484,10,1,18
15485,10,0,10
15486,10,0,10
15487,10,2,9
15488,10,2,9
15489,10,0,10
15490,10,2,9
15491,10,0,10
15492,10,0,10
15493,10,2,9
15494,10,1,18
15495,10,2,9
15496,10,1,18
15497,10,3,17
15498,10,0,10
15499,10,0,10
15500,10,2,9
15501,10,4,4
15502,10,0,10
15503,10,0,10
15504,10,0,10
15505,10,3,17
15506,10,2,9
15507,10,1,18
15508,10,0,10
15509,10,1,18
15510,10,1,18
15511,10,0,10
15512,10,3,17
15513,10,2,9
15514,10,1,18
15515,10,1,18
15516,10,2,9
15517,10,3,17
15518,10,3,17
15519,10,1,18
15520,10,0,10
15521,10,2,9
15522,10,1,18
15523,10,3,17
15524,10,3,17
15525,10,0,10
15526,10,0,10
15527,10,4,4
15528,10,3,17
15529,10,0,10
15530,10,1,18
15531,10,2,9
15532,10,1,18
15533,10,2,9
15534,10,1,18
15535,10,0,10
15536,10,1,18
15537,10,1,18
15538,10,1,18
15539,10,2,9
15540,10,0,10
15541,10,0,10
15542,10,1,18
15543,10,0,10
15544,10,1,18
15545,10,0,10
15546,10,1,18
15547,10,1,18
15548,10,0,10
15549,10,4,4
15550,10,3,17
15551,10,0,10
15552,10,4,4
15553,10,4,4
15554,10,1,18
15555,10,2,9
15556,10,4,4
15557,10,0,10
15558,10,0,10
15559,10,2,9
15560,10,1,18
15561,10,3,17
15562,10,2,9
15563,10,0,10
15564,10,1,18
15565,10,3,17
15566,10,0,10
15567,10,2,9
15568,10,0,10
15569,10,1,18
15570,10,1,18
15571,10,4,4
15572,10,2,9
15573,10,2,9
15574,10,1,18
15575,10,1,18
15576,10,1,18
15577,10,0,10
15578,10,0,10
15579,10,0,10
15580,10,2,9
15581,10,3,17
15582,10,2,9
15583,10,4,4
15584,10,2,9
15585,10,0,10
15586,10,0,10
15587,10,0,10
15588,10,0,10
15589,10,0,10
15590,10,0,10
15591,10,0,10
15592,10,1,18
15593,10,1,18
15594,10,0,10
15595,10,2,9
15596,10,1,18
15597,10,2,9
15598,10,0,10
15599,10,2,9
15600,10,0,10
15601,10,1,18
15602,10,1,18
15603,10,1,18
15604,10,1,18
15605,10,1,18
15606,10,1,18
15607,10,1,18
15608,10,3,17
15609,10,1,18
15610,10,2,9
15611,10,1,18
15612,10,4,4
15613,10,0,10
15614,10,1,18
15615,10,0,10
15616,10,1,18
15617,10,1,18
15618,10,1,18
15619,10,0,10
15620,10,2,9
15621,10,2,9
15622,10,1,18
15623,10,0,10
15624,10,0,10
15625,10,1,18
15626,10,0,10
15627,10,0,10
15628,10,3,17
15629,10,1,18
15630,10,1,18
15631,10,0,10
15632,10,1,18
15633,10,3,17
15634,10,3,17
15635,10,1,18
15636,10,4,4
15637,10,2,9
15638,10,0,10
15639,10,0,10
15640,10,3,17
15641,10,2,9
15642,10,1,18
15643,10,0,10
15644,10,1,18
15645,10,2,9
15646,10,2,9
15647,10,3,17
15648,10,2,9
15649,10,2,9
15650,10,0,10
15651,10,3,17
15652,10,2,9
15653,10,0,10
15654,10,1,18
15655,10,0,10
15656,10,1,18
15657,10,0,10
15658,10,1,18
15659,10,2,9
15660,10,1,18
15661,10,0,10
15662,10,1,18
15663,10,2,9
15664,10,0,10
15665,10,0,10
15666,10,1,18
15667,10,1,18
15668,10,0,10
15669,10,0,10
15670,10,1,18
15671,10,2,9
15672,10,1,18
15673,10,2,9
15674,10,3,17
15675,10,1,18
15676,10,2,9
15677,10,1,18
15678,10,3,17
15679,10,1,18
15680,10,1,18
15681,10,2,9
15682,10,0,10
15683,10,0,10
15684,10,3,17
15685,10,2,9
15686,10,2,9
15687,10,1,18
15688,10,1,18
15689,10,3,17
15690,10,1,18
15691,10,0,10
15692,10,1,18
15693,10,1,18
15694,10,3,17
15695,10,0,10
15696,10,1,18
15697,10,2,9
15698,10,4,4
15699,10,0,10
15700,10,2,9
15701,10,1,18
15702,10,0,10
15703,10,1,18
15704,10,2,9
15705,10,2,9
15706,10,1,18
15707,10,2,9
15708,10,1,18
15709,10,1,18
15710,10,3,17
15711,10,3,17
15712,10,1,18
15713,10,0,10
15714,10,2,9
15715,10,0,10
15716,10,0,10
15717,10,3,17
15718,10,1,18
15719,10,1,18
15720,10,0,10
15721,10,3,17
15722,10,0,10
15723,10,2,9
15724,10,2,9
15725,10,1,18
15726,10,0,10
15727,10,0,10
15728,10,1,18
15729,10,2,9
15730,10,2,9
15731,10,1,18
15732,10,0,10
15733,10,3,17
15734,10,3,17
15735,10,1,18
15736,10,2,9
15737,10,0,10
15738,10,1,18
15739,10,1,18
15740,10,3,17
15741,10,2,9
15742,10,2,9
15743,10,0,10
15744,10,0,10
15745,10,0,10
15746,10,3,17
15747,10,1,18
15748,10,2,9
15749,10,2,9
15750,10,1,18
15751,10,0,10
15752,10,0,10
15753,10,1,18
15754,10,4,4
15755,10,3,17
15756,10,0,10
15757,10,0,10
15758,10,3,17
15759,10,0,10
15760,10,1,18
15761,10,2,9
15762,10,2,9
15763,10,0,10
15764,10,0,10
15765,10,2,9
15766,10,2,9
15767,10,1,18
15768,10,3,17
15769,10,2,9
15770,10,4,4
15771,10,3,17
15772,10,0,10
15773,10,1,18
15774,10,2,9
15775,10,0,10
15776,10,1,18
15777,10,1,18
15778,10,2,9
15779,10,4,4
15780,10,0,10
15781,10,0,10
15782,10,0,10
15783,10,2,9
15784,10,0,10
15785,10,2,9
15786,10,2,9
15787,10,3,17
15788,10,2,9
15789,10,1,18
15790,10,2,9
15791,10,0,10
15792,10,1,18
15793,10,0,10
15794,10,1,18
15795,10,0,10
15796,10,3,17
15797,10,2,9
15798,10,2,9
15799,10,1,18
15800,10,2,9
15801,10,1,18
15802,10,1,18
15803,10,3,17
15804,10,0,10
15805,10,0,10
15806,10,0,10
15807,10,2,9
15808,10,2,9
15809,10,2,9
15810,10,0,10
15811,10,0,10
15812,10,2,9
15813,10,2,9
15814,10,1,18
15815,10,1,18
15816,10,1,18
15817,10,0,10
15818,10,2,9
15819,10,0,10
15820,10,3,17
15821,10,3,17
15822,10,2,9
15823,10,1,18
15824,10,0,10
15825,10,3,17
15826,10,3,17
15827,10,0,10
15828,10,0,10
15829,10,3,17
15830,10,2,9
15831,10,0,10
15832,10,2,9
15833,10,0,10
15834,10,4,4
15835,10,1,18
15836,10,1,18
15837,10,1,18
15838,10,1,18
15839,10,2,9
15840,10,2,9
15841,10,1,18
15842,10,2,9
15843,10,1,18
15844,10,0,10
15845,10,1,18
15846,10,2,9
15847,10,1,18
15848,10,2,9
15849,10,2,9
15850,10,1,18
15851,10,2,9
15852,10,2,9
15853,10,1,18
15854,10,1,18
15855,10,3,17
15856,10,3,17
15857,10,3,17
15858,10,2,9
15859,10,0,10
15860,10,0,10
15861,10,1,18
15862,10,2,9
15863,10,2,9
15864,10,3,17
15865,10,4,4
15866,10,0,10
15867,10,3,17
15868,10,0,10
15869,10,2,9
15870,10,0,10
15871,10,1,18
15872,10,2,9
15873,10,0,10
15874,10,1,18
15875,10,1,18
15876,10,0,10
15877,10,2,9
15878,10,0,10
15879,10,4,4
15880,10,1,18
15881,10,1,18
15882,10,0,10
15883,10,2,9
15884,10,1,18
15885,10,2,9
15886,10,0,10
15887,10,2,9
15888,10,0,10
15889,10,2,9
15890,10,1,18
15891,10,2,9
15892,10,2,9
15893,10,0,10
15894,10,3,17
15895,10,0,10
15896,10,0,10
15897,10,2,9
15898,10,0,10
15899,10,4,4
15900,10,1,18
15901,10,1,18
15902,10,0,10
15903,10,4,4
15904,10,3,17
15905,10,3,17
15906,10,2,9
15907,10,3,17
15908,10,0,10
15909,10,4,4
15910,10,2,9
15911,10,0,10
15912,10,1,18
15913,10,0,10
15914,10,0,10
15915,10,1,18
15916,10,4,4
15917,10,0,10
15918,10,1,18
15919,10,1,18
15920,10,0,10
15921,10,1,18
15922,10,1,18
15923,10,2,9
15924,10,0,10
15925,10,3,17
15926,10,3,17
15927,10,1,18
15928,10,0,10
15929,10,0,10
15930,10,1,18
15931,10,0,10
15932,10,0,10
15933,10,0,10
15934,10,0,10
15935,10,0,10
15936,10,3,17
15937,10,1,18
15938,10,1,18
15939,10,0,10
15940,10,0,10
15941,10,1,18
15942,10,2,9
15943,10,2,9
15944,10,2,9
15945,10,4,4
15946,10,4,4
15947,10,0,10
15948,10,4,4
15949,10,1,18
15950,10,0,10
15951,10,0,10
15952,10,0,10
15953,10,1,18
15954,10,0,10
15955,10,3,17
15956,10,1,18
15957,10,3,17
15958,10,2,9
15959,10,4,4
15960,10,0,10
15961,10,3,17
15962,10,2,9
15963,10,1,18
15964,10,2,9
15965,10,1,18
15966,10,0,10
15967,10,1,18
15968,10,2,9
15969,10,2,9
15970,10,4,4
15971,10,1,18
15972,10,2,9
15973,10,2,9
15974,10,0,10
15975,10,1,18
15976,10,3,17
15977,10,4,4
15978,10,1,18
15979,10,1,18
15980,10,2,9
15981,10,3,17
15982,10,2,9
15983,10,0,10
15984,10,0,10
15985,10,2,9
15986,10,1,18
15987,10,0,10
15988,10,0,10
15989,10,1,18
15990,10,4,4
15991,10,1,18
15992,10,1,18
15993,10,3,17
15994,10,2,9
15995,10,3,17
15996,10,1,18
15997,10,2,9
15998,10,2,9
15999,10,3,17
16000,10,0,10
16001,10,0,10
16002,10,1,18
16003,10,1,18
16004,10,2,9
16005,10,0,10
16006,10,1,18
16007,10,0,10
16008,10,0,10
16009,10,1,18
16010,10,1,18
16011,10,2,9
16012,10,0,10
16013,10,1,18
16014,10,0,10
16015,10,0,10
16016,10,1,18
16017,10,2,9
16018,10,1,18
16019,10,3,17
16020,10,0,10
16021,10,2,9
16022,10,3,17
16023,10,3,17
16024,10,2,9
16025,10,4,4
16026,10,0,10
16027,10,0,10
16028,10,2,9
16029,10,0,10
16030,10,0,10
16031,10,2,9
16032,10,2,9
16033,10,1,18
16034,10,3,17
16035,10,1,18
16036,10,2,9
16037,10,2,9
16038,10,1,18
16039,10,2,9
16040,10,0,10
16041,10,2,9
16042,10,3,17
16043,10,3,17
16044,10,2,9
16045,10,2,9
16046,10,0,10
16047,10,2,9
16048,10,2,9
16049,10,0,10
16050,10,1,18
16051,10,1,18
16052,10,3,17
16053,10,3,17
16054,10,2,9
16055,10,0,10
16056,10,1,18
16057,10,3,17
16058,10,0,10
16059,10,2,9
16060,10,4,4
16061,10,2,9
16062,10,0,10
16063,10,1,18
16064,10,3,17
16065,10,2,9
16066,10,4,4
16067,10,0,10
16068,10,3,17
16069,10,2,9
16070,10,2,9
16071,10,0,10
16072,10,0,10
16073,10,0,10
16074,10,0,10
16075,10,3,17
16076,10,2,9
16077,10,4,4
16078,10,1,18
16079,10,0,10
16080,10,0,10
16081,10,2,9
16082,10,0,10
16083,10,0,10
16084,10,2,9
16085,10,4,4
16086,10,0,10
16087,10,0,10
16088,10,2,9
16089,10,0,10
16090,10,2,9
16091,10,0,10
16092,10,2,9
16093,10,3,17
16094,10,1,18
16095,10,1,18
16096,10,0,10
16097,10,4,4
16098,10,3,17
16099,10,2,9
16100,10,2,9
16101,10,1,18
16102,10,0,10
16103,10,1,18
16104,10,1,18
16105,10,2,9
16106,10,0,10
16107,10,1,18
16108,10,1,18
16109,10,0,10
16110,10,0,10
16111,10,0,10
16112,10,1,18
16113,10,1,18
16114,10,0,10
16115,10,3,17
16116,10,1,18
16117,10,1,18
16118,10,3,17
16119,10,0,10
16120,10,0,10
16121,10,4,4
16122,10,0,10
16123,10,1,18
16124,10,2,9
16125,10,0,10
16126,10,2,9
16127,10,1,18
16128,10,0,10
16129,10,0,10
16130,10,2,9
16131,10,0,10
16132,10,1,18
16133,10,0,10
16134,10,2,9
16135,10,0,10
16136,10,2,9
16137,10,1,18
16138,10,2,9
16139,10,0,10
16140,10,1,18
16141,10,2,9
16142,10,3,17
16143,10,0,10
16144,10,3,17
16145,10,0,10
16146,10,2,9
16147,10,0,10
16148,10,3,17
16149,10,2,9
16150,10,2,9
16151,10,1,18
16152,10,2,9
16153,10,3,17
16154,10,4,4
16155,10,1,18
16156,10,2,9
16157,10,1,18
16158,10,1,18
16159,10,1,18
16160,10,0,10
16161,10,1,18
16162,10,1,18
16163,10,4,4
16164,10,3,17
16165,10,0,10
16166,10,2,9
16167,10,1,18
16168,10,1,18
16169,10,0,10
16170,10,0,10
16171,10,3,17
16172,10,1,18
16173,10,2,9
16174,10,3,17
16175,10,2,9
16176,10,0,10
16177,10,1,18
16178,10,2,9
16179,10,0,10
16180,10,0,10
16181,10,1,18
16182,10,0,10
16183,10,0,10
16184,10,0,10
16185,10,1,18
16186,10,1,18
16187,10,2,9
16188,10,0,10
16189,10,2,9
16190,10,3,17
16191,10,1,18
16192,10,3,17
16193,10,4,4
16194,10,4,4
16195,10,3,17
16196,10,2,9
16197,10,0,10
16198,10,0,10
16199,10,0,10
16200,10,1,18
16201,10,0,10
16202,10,1,18
16203,10,0,10
16204,10,1,18
16205,10,1,18
16206,10,0,10
16207,10,0,10
16208,10,2,9
16209,10,0,10
16210,10,4,4
16211,10,2,9
16212,10,2,9
16213,10,0,10
16214,10,0,10
16215,10,0,10
16216,10,0,10
16217,10,1,18
16218,10,2,9
16219,10,3,17
16220,10,2,9
16221,10,2,9
16222,10,3,17
16223,10,0,10
16224,10,0,10
16225,10,2,9
16226,10,1,18
16227,10,2,9
16228,10,1,18
16229,10,4,4
16230,10,2,9
16231,10,2,9
16232,10,0,10
16233,10,2,9
16234,10,2,9
16235,10,2,9
16236,10,1,18
16237,10,0,10
16238,10,1,18
16239,10,1,18
16240,10,0,10
16241,10,2,9
16242,10,1,18
16243,10,2,9
16244,10,0,10
16245,10,3,17
16246,10,0,10
16247,10,1,18
16248,10,0,10
16249,10,1,18
16250,10,0,10
16251,10,0,10
16252,10,0,10
16253,10,1,18
16254,10,2,9
16255,10,1,18
16256,10,1,18
16257,10,1,18
16258,10,1,18
16259,10,0,10
16260,10,3,17
16261,10,3,17
16262,10,1,18
16263,10,0,10
16264,10,1,18
16265,10,3,17
16266,10,0,10
16267,10,4,4
16268,10,1,18
16269,10,3,17
16270,10,2,9
16271,10,2,9
16272,10,1,18
16273,10,2,9
16274,10,1,18
16275,10,2,9
16276,10,2,9
16277,10,0,10
16278,10,1,18
16279,10,3,17
16280,10,1,18
16281,10,2,9
16282,10,1,18
16283,10,2,9
16284,10,1,18
16285,10,0,10
16286,10,1,18
16287,10,0,10
16288,10,0,10
16289,10,0,10
16290,10,1,18
16291,10,0,10
16292,10,1,18
16293,10,1,18
16294,10,1,18
16295,10,0,10
16296,10,0,10
16297,10,2,9
16298,10,2,9
16299,10,0,10
16300,10,2,9
16301,10,1,18
16302,10,2,9
16303,10,1,18
16304,10,1,18
16305,10,0,10
16306,10,3,17
16307,10,2,9
16308,10,0,10
16309,10,0,10
16310,10,0,10
16311,10,0,10
16312,10,3,17
16313,10,3,17
16314,10,1,18
16315,10,0,10
16316,10,1,18
16317,10,3,17
16318,10,0,10
16319,10,3,17
16320,10,1,18
16321,10,4,4
16322,10,2,9
16323,10,1,18
16324,10,0,10
16325,10,3,17
16326,10,3,17
16327,10,3,17
16328,10,0,10
16329,10,2,9
16330,10,0,10
16331,10,1,18
16332,10,3,17
16333,10,3,17
16334,10,0,10
16335,10,1,18
16336,10,0,10
16337,10,0,10
16338,10,3,17
16339,10,1,18
16340,10,0,10
16341,10,0,10
16342,10,0,10
16343,10,3,17
16344,10,0,10
16345,10,2,9
16346,10,4,4
16347,10,3,17
16348,10,1,18
16349,10,3,17
16350,10,0,10
16351,10,2,9
16352,10,0,10
16353,10,1,18
16354,10,3,17
16355,10,1,18
16356,10,3,17
16357,10,3,17
16358,10,0,10
16359,10,0,10
16360,10,0,10
16361,10,0,10
16362,10,3,17
16363,10,1,18
16364,10,1,18
16365,10,1,18
16366,10,4,4
16367,10,2,9
16368,10,4,4
16369,10,1,18
16370,10,3,17
16371,10,0,10
16372,10,1,18
16373,10,3,17
16374,10,0,10
16375,10,0,10
16376,10,1,18
16377,10,1,18
16378,10,1,18
16379,10,4,4
16380,10,0,10
16381,10,1,18
16382,10,1,18
16383,10,3,17
16384,10,0,10
16385,10,2,9
16386,10,2,9
16387,10,3,17
16388,10,1,18
16389,10,3,17
16390,10,2,9
16391,10,2,9
16392,10,2,9
16393,10,2,9
16394,10,1,18
16395,10,2,9
16396,10,1,18
16397,10,3,17
16398,10,3,17
16399,10,1,18
16400,10,0,10
16401,10,2,9
16402,10,3,17
16403,10,1,18
16404,10,2,9
16405,10,2,9
16406,10,2,9
16407,10,1,18
16408,10,2,9
16409,10,2,9
16410,10,0,10
16411,10,1,18
16412,10,3,17
16413,10,3,17
16414,10,0,10
16415,10,2,9
16416,10,2,9
16417,10,2,9
16418,10,0,10
16419,10,0,10
16420,10,4,4
16421,10,0,10
16422,10,1,18
16423,10,3,17
16424,10,0,10
16425,10,0,10
16426,10,1,18
16427,10,2,9
16428,10,0,10
16429,10,0,10
16430,10,0,10
16431,10,1,18
16432,10,1,18
16433,10,2,9
16434,10,1,18
16435,10,1,18
16436,10,4,4
16437,10,4,4
16438,10,3,17
16439,10,1,18
16440,10,4,4
16441,10,2,9
16442,10,1,18
16443,10,2,9
16444,10,1,18
16445,10,2,9
16446,10,0,10
16447,10,2,9
16448,10,1,18
16449,10,0,10
16450,10,1,18
16451,10,0,10
16452,10,0,10
16453,10,0,10
16454,10,2,9
16455,10,0,10
16456,10,3,17
16457,10,1,18
16458,10,0,10
16459,10,3,17
16460,10,1,18
16461,10,0,10
16462,10,2,9
16463,10,0,10
16464,10,2,9
16465,10,0,10
16466,10,0,10
16467,10,1,18
16468,10,2,9
16469,10,2,9
16470,10,0,10
16471,10,1,18
16472,10,1,18
16473,10,0,10
16474,10,2,9
16475,10,1,18
16476,10,0,10
16477,10,1,18
16478,10,0,10
16479,10,0,10
16480,10,0,10
16481,10,0,10
16482,10,0,10
16483,10,4,4
16484,10,0,10
16485,10,0,10
16486,10,0,10
16487,10,2,9
16488,10,3,17
16489,10,1,18
16490,10,3,17
16491,10,2,9
16492,10,2,9
16493,10,3,17
16494,10,1,18
16495,10,2,9
16496,10,0,10
16497,10,1,18
16498,10,1,18
16499,10,4,4
16500,10,2,9
16501,10,0,10
16502,10,4,4
16503,10,2,9
16504,10,2,9
16505,10,3,17
16506,10,1,18
16507,10,1,18
16508,10,1,18
16509,10,1,18
16510,10,0,10
16511,10,3,17
16512,10,0,10
16513,10,2,9
16514,10,0,10
16515,10,3,17
16516,10,0,10
16517,10,1,18
16518,10,2,9
16519,10,2,9
16520,10,1,18
16521,10,3,17
16522,10,2,9
16523,10,0,10
16524,10,2,9
16525,10,1,18
16526,10,2,9
16527,10,0,10
16528,10,3,17
16529,10,1,18
16530,10,0,10
16531,10,0,10
16532,10,2,9
16533,10,0,10
16534,10,3,17
16535,10,2,9
16536,10,2,9
16537,10,3,17
16538,10,2,9
16539,10,3,17
16540,10,0,10
16541,10,0,10
16542,10,0,10
16543,10,4,4
16544,10,0,10
16545,10,0,10
16546,10,1,18
16547,10,1,18
16548,10,1,18
16549,10,1,18
16550,10,0,10
16551,10,2,9
16552,10,3,17
16553,10,1,18
16554,10,3,17
16555,10,1,18
16556,10,4,4
16557,10,2,9
16558,10,2,9
16559,10,0,10
16560,10,0,10
16561,10,2,9
16562,10,0,10
16563,10,3,17
16564,10,1,18
16565,10,4,4
16566,10,0,10
16567,10,0,10
16568,10,2,9
16569,10,1,18
16570,10,4,4
16571,10,3,17
16572,10,1,18
16573,10,2,9
16574,10,0,10
16575,10,1,18
16576,10,1,18
16577,10,4,4
16578,10,0,10
16579,10,2,9
16580,10,0,10
16581,10,1,18
16582,10,3,17
16583,10,0,10
16584,10,2,9
16585,10,3,17
16586,10,0,10
16587,10,0,10
16588,10,0,10
16589,10,0,10
16590,10,1,18
16591,10,0,10
16592,10,1,18
16593,10,1,18
16594,10,1,18
16595,10,1,18
16596,10,2,9
16597,10,0,10
16598,10,1,18
16599,10,3,17
16600,10,2,9
16601,10,2,9
16602,10,4,4
16603,10,0,10
16604,10,0,10
16605,10,0,10
16606,10,0,10
16607,10,0,10
16608,10,3,17
16609,10,0,10
16610,10,2,9
16611,10,3,17
16612,10,4,4
16613,10,3,17
16614,10,1,18
16615,10,0,10
16616,10,0,10
16617,10,3,17
16618,10,0,10
16619,10,1,18
16620,10,1,18
16621,10,0,10
16622,10,1,18
16623,10,3,17
16624,10,0,10
16625,10,1,18
16626,10,2,9
16627,10,1,18
16628,10,3,17
16629,10,2,9
16630,10,1,18
16631,10,1,18
16632,10,0,10
16633,10,0,10
16634,10,1,18
16635,10,2,9
16636,10,0,10
16637,10,0,10
16638,10,2,9
16639,10,3,17
16640,10,0,10
16641,10,1,18
16642,10,1,18
16643,10,0,10
16644,10,1,18
16645,10,2,9
16646,10,1,18
16647,10,0,10
16648,10,4,4
16649,10,1,18
16650,10,3,17
16651,10,2,9
16652,10,0,10
16653,10,0,10
16654,10,2,9
16655,10,0,10
16656,10,0,10
16657,10,2,9
16658,10,0,10
16659,10,3,17
16660,10,1,18
16661,10,1,18
16662,10,0,10
16663,10,3,17
16664,10,1,18
16665,10,0,10
16666,10,0,10
16667,10,0,10
16668,10,1,18
16669,10,1,18
16670,10,4,4
16671,10,2,9
16672,10,2,9
16673,10,2,9
16674,10,2,9
16675,10,3,17
16676,10,2,9
16677,10,4,4
16678,10,3,17
16679,10,0,10
16680,10,1,18
16681,10,1,18
16682,10,1,18
16683,10,0,10
16684,10,3,17
16685,10,2,9
16686,10,1,18
16687,10,2,9
16688,10,0,10
16689,10,3,17
16690,10,1,18
16691,10,1,18
16692,10,3,17
16693,10,1,18
16694,10,0,10
16695,10,0,10
16696,10,1,18
16697,10,1,18
16698,10,0,10
16699,10,0,10
16700,10,1,18
16701,10,1,18
16702,10,4,4
16703,10,1,18
16704,10,3,17
16705,10,2,9
16706,10,0,10
16707,10,4,4
16708,10,0,10
16709,10,2,9
16710,10,1,18
16711,10,0,10
16712,10,1,18
16713,10,0,10
16714,10,1,18
16715,10,0,10
16716,10,4,4
16717,10,3,17
16718,10,3,17
16719,10,1,18
16720,10,4,4
16721,10,1,18
16722,10,1,18
16723,10,2,9
16724,10,2,9
16725,10,1,18
16726,10,0,10
16727,10,2,9
16728,10,2,9
16729,10,2,9
16730,10,3,17
16731,10,2,9
16732,10,2,9
16733,10,1,18
16734,10,0,10
16735,10,0,10
16736,10,2,9
16737,10,3,17
16738,10,2,9
16739,10,3,17
16740,10,0,10
16741,10,3,17
16742,10,3,17
16743,10,0,10
16744,10,4,4
16745,10,0,10
16746,10,1,18
16747,10,2,9
16748,10,2,9
16749,10,1,18
16750,10,1,18
16751,10,3,17
16752,10,1,18
16753,10,0,10
16754,10,1,18
16755,10,0,10
16756,10,1,18
16757,10,2,9
16758,10,2,9
16759,10,2,9
16760,10,1,18
16761,10,0,10
16762,10,0,10
16763,10,4,4
16764,10,2,9
16765,10,3,17
16766,10,0,10
16767,10,1,18
16768,10,3,17
16769,10,3,17
16770,10,0,10
16771,10,3,17
16772,10,0,10
16773,10,1,18
16774,10,1,18
16775,10,2,9
16776,10,2,9
16777,10,1,18
16778,10,0,10
16779,10,0,10
16780,10,1,18
16781,10,3,17
16782,10,3,17
16783,10,3,17
16784,10,2,9
16785,10,0,10
16786,10,0,10
16787,10,2,9
16788,10,1,18
16789,10,3,17
16790,10,0,10
16791,10,4,4
16792,10,3,17
16793,10,0,10
16794,10,1,18
16795,10,1,18
16796,10,1,18
16797,10,0,10
16798,10,0,10
16799,10,1,18
16800,10,2,9
16801,10,4,4
16802,10,1,18
16803,10,0,10
16804,10,1,18
16805,10,1,18
16806,10,1,18
16807,10,2,9
16808,10,1,18
16809,10,1,18
16810,10,1,18
16811,10,2,9
16812,10,2,9
16813,10,1,18
16814,10,0,10
16815,10,4,4
16816,10,1,18
16817,10,3,17
16818,10,2,9
16819,10,1,18
16820,10,2,9
16821,10,1,18
16822,10,2,9
16823,10,0,10
16824,10,0,10
16825,10,1,18
16826,10,2,9
16827,10,3,17
16828,10,4,4
16829,10,1,18
16830,10,0,10
16831,10,0,10
16832,10,3,17
16833,10,0,10
16834,10,0,10
16835,10,1,18
16836,10,3,17
16837,10,1,18
16838,10,2,9
16839,10,2,9
16840,10,4,4
16841,10,3,17
16842,10,1,18
16843,10,0,10
16844,10,0,10
16845,10,4,4
16846,10,0,10
16847,10,0,10
16848,10,0,10
16849,10,0,10
16850,10,0,10
16851,10,1,18
16852,10,2,9
16853,10,4,4
16854,10,1,18
16855,10,2,9
16856,10,2,9
16857,10,1,18
16858,10,2,9
16859,10,2,9
16860,10,0,10
16861,10,0,10
16862,10,1,18
16863,10,1,18
16864,10,1,18
16865,10,3,17
16866,10,2,9
16867,10,0,10
16868,10,0,10
16869,10,0,10
16870,10,3,17
16871,10,2,9
16872,10,2,9
16873,10,0,10
16874,10,0,10
16875,10,0,10
16876,10,0,10
16877,10,1,18
16878,10,0,10
16879,10,0,10
16880,10,3,17
16881,10,0,10
16882,10,0,10
16883,10,1,18
16884,10,2,9
16885,10,2,9
16886,10,3,17
16887,10,0,10
16888,10,0,10
16889,10,4,4
16890,10,1,18
16891,10,2,9
16892,10,0,10
16893,10,3,17
16894,10,0,10
16895,10,2,9
16896,10,0,10
16897,10,3,17
16898,10,2,9
16899,10,1,18
16900,10,0,10
16901,10,2,9
16902,10,3,17
16903,10,0,10
16904,10,4,4
16905,10,0,10
16906,10,0,10
16907,10,2,9
16908,10,1,18
16909,10,4,4
16910,10,1,18
16911,10,0,10
16912,10,0,10
16913,10,0,10
16914,10,1,18
16915,10,1,18
16916,10,1,18
16917,10,1,18
16918,10,0,10
16919,10,0,10
16920,10,4,4
16921,10,0,10
16922,10,0,10
16923,10,0,10
16924,10,0,10
16925,10,0,10
16926,10,4,4
16927,10,3,17
16928,10,1,18
16929,10,2,9
16930,10,0,10
16931,10,1,18
16932,10,3,17
16933,10,3,17
16934,10,3,17
16935,10,0,10
16936,10,2,9
16937,10,3,17
16938,10,1,18
16939,10,1,18
16940,10,2,9
16941,10,1,18
16942,10,1,18
16943,10,1,18
16944,10,1,18
16945,10,3,17
16946,10,1,18
16947,10,2,9
16948,10,3,17
16949,10,1,18
16950,10,1,18
16951,10,0,10
16952,10,2,9
16953,10,0,10
16954,10,2,9
16955,10,3,17
16956,10,2,9
16957,10,3,17
16958,10,1,18
16959,10,3,17
16960,10,1,18
16961,10,2,9
16962,10,3,17
16963,10,3,17
16964,10,0,10
16965,10,0,10
16966,10,2,9
16967,10,1,18
16968,10,0,10
16969,10,0,10
16970,10,2,9
16971,10,2,9
16972,10,1,18
16973,10,3,17
16974,10,3,17
16975,10,2,9
16976,10,3,17
16977,10,1,18
16978,10,1,18
16979,10,3,17
16980,10,1,18
16981,10,3,17
16982,10,0,10
16983,10,0,10
16984,10,2,9
16985,10,2,9
16986,10,1,18
16987,10,0,10
16988,10,1,18
16989,10,0,10
16990,10,0,10
16991,10,1,18
16992,10,2,9
16993,10,2,9
16994,10,1,18
16995,10,0,10
16996,10,0,10
16997,10,1,18
16998,10,0,10
16999,10,2,9
17000,10,3,17
17001,10,2,9
17002,10,1,18
17003,10,1,18
17004,10,1,18
17005,10,1,18
17006,10,0,10
17007,10,0,10
17008,10,2,9
17009,10,1,18
17010,10,0,10
17011,10,4,4
17012,10,0,10
17013,10,2,9
17014,10,4,4
17015,10,1,18
17016,10,2,9
17017,10,2,9
17018,10,2,9
17019,10,0,10
17020,10,3,17
17021,10,1,18
17022,10,3,17
17023,10,3,17
17024,10,2,9
17025,10,2,9
17026,10,0,10
17027,10,3,17
17028,10,0,10
17029,10,1,18
17030,10,1,18
17031,10,3,17
17032,10,3,17
17033,10,2,9
17034,10,2,9
17035,10,4,4
17036,10,1,18
17037,10,1,18
17038,10,1,18
17039,10,1,18
17040,10,3,17
17041,10,0,10
17042,10,0,10
17043,10,3,17
17044,10,4,4
17045,10,0,10
17046,10,0,10
17047,10,0,10
17048,10,0,10
17049,10,2,9
17050,10,1,18
17051,10,0,10
17052,10,0,10
17053,10,0,10
17054,10,1,18
17055,10,0,10
17056,10,0,10
17057,10,2,9
17058,10,2,9
17059,10,0,10
17060,10,2,9
17061,10,0,10
17062,10,2,9
17063,10,3,17
17064,10,3,17
17065,10,0,10
17066,10,1,18
17067,10,0,10
17068,10,2,9
17069,10,2,9
17070,10,0,10
17071,10,1,18
17072,10,0,10
17073,10,0,10
17074,10,1,18
17075,10,4,4
17076,10,1,18
17077,10,2,9
17078,10,3,17
17079,10,4,4
17080,10,2,9
17081,10,0,10
17082,10,0,10
17083,10,2,9
17084,10,3,17
17085,10,1,18
17086,10,2,9
17087,10,3,17
17088,10,0,10
17089,10,0,10
17090,10,2,9
17091,10,3,17
17092,10,0,10
17093,10,1,18
17094,10,2,9
17095,10,2,9
17096,10,0,10
17097,10,1,18
17098,10,1,18
17099,10,3,17
17100,10,3,17
17101,10,0,10
17102,10,1,18
17103,10,1,18
17104,10,0,10
17105,10,4,4
17106,10,0,10
17107,10,1,18
17108,10,1,18
17109,10,1,18
17110,10,1,18
17111,10,2,9
17112,10,2,9
17113,10,0,10
17114,10,3,17
17115,10,1,18
17116,10,1,18
17117,10,0,10
17118,10,0,10
17119,10,2,9
17120,10,0,10
17121,10,3,17
17122,10,1,18
17123,10,0,10
17124,10,0,10
17125,10,0,10
17126,10,1,18
17127,10,3,17
17128,10,1,18
17129,10,3,17
17130,10,3,17
17131,10,1,18
17132,10,3,17
17133,10,1,18
17134,10,0,10
17135,10,0,10
17136,10,1,18
17137,10,2,9
17138,10,2,9
17139,10,0,10
17140,10,0,10
17141,10,0,10
17142,10,1,18
17143,10,1,18
17144,10,1,18
17145,10,4,4
17146,10,2,9
17147,10,0,10
17148,10,0,10
17149,10,1,18
17150,10,0,10
17151,10,1,18
17152,10,1,18
17153,10,1,18
17154,10,1,18
17155,10,1,18
17156,10,0,10
17157,10,0,10
17158,10,2,9
17159,10,2,9
17160,10,2,9
17161,10,1,18
17162,10,0,10
17163,10,0,10
17164,10,1,18
17165,10,0,10
17166,10,1,18
17167,10,2,9
17168,10,2,9
17169,10,1,18
17170,10,0,10
17171,10,3,17
17172,10,1,18
17173,10,0,10
17174,10,2,9
17175,10,4,4
17176,10,1,18
17177,10,1,18
17178,10,0,10
17179,10,2,9
17180,10,2,9
17181,10,0,10
17182,10,0,10
17183,10,3,17
17184,10,1,18
17185,10,2,9
17186,10,3,17
17187,10,0,10
17188,10,0,10
17189,10,2,9
17190,10,3,17
17191,10,0,10
17192,10,3,17
17193,10,0,10
17194,10,0,10
17195,10,0,10
17196,10,0,10
17197,10,4,4
17198,10,2,9
17199,10,4,4
17200,10,2,9
17201,10,0,10
17202,10,1,18
17203,10,2,9
17204,10,3,17
17205,10,2,9
17206,10,0,10
17207,10,0,10
17208,10,2,9
17209,10,2,9
17210,10,3,17
17211,10,4,4
17212,10,1,18
17213,10,1,18
17214,10,0,10
17215,10,1,18
17216,10,0,10
17217,10,1,18
17218,10,0,10
17219,10,2,9
17220,10,0,10
17221,10,1,18
17222,10,1,18
17223,10,1,18
17224,10,2,9
17225,10,1,18
17226,10,2,9
17227,10,0,10
17228,10,2,9
17229,10,0,10
17230,10,1,18
17231,10,1,18
17232,10,0,10
17233,10,3,17
17234,10,1,18
17235,10,0,10
17236,10,2,9
17237,10,2,9
17238,10,0,10
17239,10,2,9
17240,10,0,10
17241,10,3,17
17242,10,2,9
17243,10,3,17
17244,10,1,18
17245,10,3,17
17246,10,0,10
17247,10,2,9
17248,10,3,17
17249,10,2,9
17250,10,0,10
17251,10,2,9
17252,10,1,18
17253,10,0,10
17254,10,0,10
17255,10,2,9
17256,10,2,9
17257,10,0,10
17258,10,0,10
17259,10,0,10
17260,10,1,18
17261,10,2,9
17262,10,1,18
17263,10,3,17
17264,10,1,18
17265,10,0,10
17266,10,4,4
17267,10,1,18
17268,10,1,18
17269,10,0,10
17270,10,0,10
17271,10,0,10
17272,10,0,10
17273,10,1,18
17274,10,4,4
17275,10,2,9
17276,10,0,10
17277,10,0,10
17278,10,0,10
17279,10,1,18
17280,10,2,9
17281,10,0,10
17282,10,0,10
17283,10,2,9
17284,10,1,18
17285,10,2,9
17286,10,0,10
17287,10,3,17
17288,10,0,10
17289,10,1,18
17290,10,2,9
17291,10,0,10
17292,10,0,10
17293,10,1,18
17294,10,1,18
17295,10,1,18
17296,10,1,18
17297,10,1,18
17298,10,3,17
17299,10,0,10
17300,10,0,10
17301,10,0,10
17302,10,0,10
17303,10,1,18
17304,10,3,17
17305,10,3,17
17306,10,3,17
17307,10,1,18
17308,10,1,18
17309,10,1,18
17310,10,0,10
17311,10,2,9
17312,10,1,18
17313,10,3,17
17314,10,0,10
17315,10,0,10
17316,10,3,17
17317,10,3,17
17318,10,2,9
17319,10,3,17
17320,10,1,18
17321,10,4,4
17322,10,0,10
17323,10,2,9
17324,10,0,10
17325,10,4,4
17326,10,1,18
17327,10,1,18
17328,10,1,18
17329,10,0,10
17330,10,1,18
17331,10,1,18
17332,10,0,10
17333,10,1,18
17334,10,1,18
17335,10,2,9
17336,10,1,18
17337,10,1,18
17338,10,1,18
17339,10,0,10
17340,10,3,17
17341,10,0,10
17342,10,3,17
17343,10,2,9
17344,10,1,18
17345,10,0,10
17346,10,3,17
17347,10,0,10
17348,10,1,18
17349,10,2,9
17350,10,0,10
17351,10,1,18
17352,10,0,10
17353,10,3,17
17354,10,0,10
17355,10,1,18
17356,10,0,10
17357,10,0,10
17358,10,2,9
17359,10,1,18
17360,10,2,9
17361,10,2,9
17362,10,0,10
17363,10,2,9
17364,10,3,17
17365,10,0,10
17366,10,1,18
17367,10,0,10
17368,10,1,18
17369,10,0,10
17370,10,1,18
17371,10,0,10
17372,10,0,10
17373,10,1,18
17374,10,4,4
17375,10,1,18
17376,10,1,18
17377,10,0,10
17378,10,4,4
17379,10,4,4
17380,10,4,4
17381,10,0,10
17382,10,0,10
17383,10,1,18
17384,10,3,17
17385,10,2,9
17386,10,1,18
17387,10,2,9
17388,10,0,10
17389,10,2,9
17390,10,0,10
17391,10,2,9
17392,10,2,9
17393,10,1,18
17394,10,1,18
17395,10,2,9
17396,10,2,9
17397,10,2,9
17398,10,1,18
17399,10,0,10
17400,10,1,18
17401,10,4,4
17402,10,1,18
17403,10,0,10
17404,10,3,17
17405,10,0,10
17406,10,2,9
17407,10,2,9
17408,10,3,17
17409,10,1,18
17410,10,3,17
17411,10,4,4
17412,10,0,10
17413,10,4,4
17414,10,4,4
17415,10,2,9
17416,10,3,17
17417,10,4,4
17418,10,2,9
17419,10,1,18
17420,10,2,9
17421,10,0,10
17422,10,0,10
17423,10,0,10
17424,10,0,10
17425,10,1,18
17426,10,1,18
17427,10,0,10
17428,10,2,9
17429,10,1,18
17430,10,0,10
17431,10,1,18
17432,10,0,10
17433,10,0,10
17434,10,0,10
17435,10,4,4
17436,10,0,10
17437,10,2,9
17438,10,0,10
17439,10,2,9
17440,10,0,10
17441,10,0,10
17442,10,4,4
17443,10,0,10
17444,10,0,10
17445,10,0,10
17446,10,0,10
17447,10,0,10
17448,10,0,10
17449,10,0,10
17450,10,2,9
17451,10,2,9
17452,10,2,9
17453,10,0,10
17454,10,2,9
17455,10,0,10
17456,10,0,10
17457,10,0,10
17458,10,0,10
17459,10,0,10
17460,10,2,9
17461,10,0,10
17462,10,0,10
17463,10,0,10
17464,10,0,10
17465,10,0,10
17466,10,0,10
17467,10,0,10
17468,10,4,4
17469,10,0,10
17470,10,0,10
17471,10,0,10
17472,10,0,10
17473,10,0,10
17474,10,2,9
17475,10,0,10
17476,10,0,10
17477,10,0,10
17478,10,0,10
17479,10,0,10
17480,10,0,10
17481,10,0,10
17482,10,0,10
17483,10,0,10
17484,10,0,10
17485,10,0,10
17486,10,0,10
17487,10,0,10
17488,10,0,10
17489,10,0,10
17490,10,0,10
17491,10,2,9
17492,10,0,10
17493,10,0,10
17494,10,0,10
17495,10,0,10
17496,10,0,10
17497,10,2,9
17498,10,0,10
17499,10,0,10
17500,10,0,10
17501,10,0,10
17502,10,0,10
17503,10,0,10
17504,10,0,10
17505,10,0,10
17506,10,0,10
17507,10,0,10
17508,10,2,9
17509,10,0,10
17510,10,0,10
17511,10,0,10
17512,10,0,10
17513,10,0,10
17514,10,4,4
17515,10,0,10
17516,10,0,10
17517,10,0,10
17518,10,0,10
17519,10,2,9
17520,10,0,10
17521,10,0,10
17522,10,0,10
17523,10,0,10
17524,10,0,10
17525,10,0,10
17526,10,0,10
17527,10,0,10
17528,10,0,10
17529,10,0,10
17530,10,0,10
17531,10,0,10
17532,10,0,10
17533,10,0,10
17534,10,0,10
17535,10,0,10
17536,10,0,10
17537,10,0,10
17538,10,0,10
17539,10,0,10
17540,10,0,10
17541,10,0,10
17542,10,2,9
17543,10,0,10
17544,10,0,10
17545,10,3,17
17546,10,0,10
17547,10,2,9
17548,10,0,10
17549,10,0,10
17550,10,2,9
17551,10,0,10
17552,10,0,10
17553,10,0,10
17554,10,0,10
17555,10,0,10
17556,10,0,10
17557,10,2,9
17558,10,0,10
17559,10,0,10
17560,10,0,10
17561,10,0,10
17562,10,4,4
17563,10,4,4
17564,10,0,10
17565,10,0,10
17566,10,0,10
17567,10,2,9
17568,10,0,10
17569,10,0,10
17570,10,2,9
17571,10,2,9
17572,10,0,10
17573,10,0,10
17574,10,0,10
17575,10,0,10
17576,10,0,10
17577,10,0,10
17578,10,4,4
17579,10,4,4
17580,10,4,4
17581,10,0,10
17582,10,0,10
17583,10,0,10
17584,10,4,4
17585,10,2,9
17586,10,2,9
17587,10,0,10
17588,10,0,10
17589,10,0,10
17590,10,4,4
17591,10,0,10
17592,10,4,4
17593,10,0,10
17594,10,0,10
17595,10,0,10
17596,10,2,9
17597,10,0,10
17598,10,0,10
17599,10,0,10
17600,10,0,10
17601,10,0,10
17602,10,0,10
17603,10,0,10
17604,10,0,10
17605,10,0,10
17606,10,0,10
17607,10,4,4
17608,10,0,10
17609,10,0,10
17610,10,0,10
17611,10,2,9
17612,10,4,4
17613,10,4,4
17614,10,0,10
17615,10,0,10
17616,10,0,10
17617,10,4,4
17618,10,0,10
17619,10,0,10
17620,10,0,10
17621,10,4,4
17622,10,2,9
17623,10,0,10
17624,10,0,10
17625,10,0,10
17626,10,0,10
17627,10,0,10
17628,10,0,10
17629,10,0,10
17630,10,0,10
17631,10,0,10
17632,10,0,10
17633,10,4,4
17634,10,2,9
17635,10,0,10
17636,10,4,4
17637,10,4,4
17638,10,0,10
17639,10,0,10
17640,10,0,10
17641,10,0,10
17642,10,2,9
17643,10,0,10
17644,10,0,10
17645,10,0,10
17646,10,0,10
17647,10,0,10
17648,10,2,9
17649,10,4,4
17650,10,0,10
17651,10,0,10
17652,10,0,10
17653,10,0,10
17654,10,0,10
17655,10,0,10
17656,10,2,9
17657,10,2,9
17658,10,0,10
17659,10,0,10
17660,10,0,10
17661,10,0,10
17662,10,0,10
17663,10,0,10
17664,10,0,10
17665,10,0,10
17666,10,4,4
17667,10,0,10
17668,10,0,10
17669,10,4,4
17670,10,4,4
17671,10,0,10
17672,10,4,4
17673,10,0,10
17674,10,0,10
17675,10,2,9
17676,10,2,9
17677,10,0,10
17678,10,0,10
17679,10,2,9
17680,10,2,9
17681,10,0,10
17682,10,0,10
17683,10,0,10
17684,10,0,10
17685,10,0,10
17686,10,0,10
17687,10,0,10
17688,10,0,10
17689,10,0,10
17690,10,0,10
17691,10,0,10
17692,10,0,10
17693,10,0,10
17694,10,0,10
17695,10,0,10
17696,10,0,10
17697,10,0,10
17698,10,4,4
17699,10,0,10
17700,10,0,10
17701,10,0,10
17702,10,0,10
17703,10,0,10
17704,10,0,10
17705,10,0,10
17706,10,4,4
17707,10,0,10
17708,10,2,9
17709,10,0,10
17710,10,0,10
17711,10,0,10
17712,10,0,10
17713,10,0,10
17714,10,0,10
17715,10,0,10
17716,10,2,9
17717,10,0,10
17718,10,0,10
17719,10,0,10
17720,10,0,10
17721,10,0,10
17722,10,2,9
17723,10,0,10
17724,10,0,10
17725,10,0,10
17726,10,2,9
17727,10,2,9
17728,10,0,10
17729,10,0,10
17730,10,2,9
17731,10,4,4
17732,10,4,4
17733,10,0,10
17734,10,0,10
17735,10,0,10
17736,10,0,10
17737,10,0,10
17738,10,0,10
17739,10,0,10
17740,10,0,10
17741,10,0,10
17742,10,4,4
17743,10,0,10
17744,10,0,10
17745,10,0,10
17746,10,2,9
17747,10,0,10
17748,10,0,10
17749,10,0,10
17750,10,0,10
17751,10,0,10
17752,10,0,10
17753,10,0,10
17754,10,0,10
17755,10,0,10
17756,10,0,10
17757,10,0,10
17758,10,0,10
17759,10,0,10
17760,10,0,10
17761,10,2,9
17762,10,0,10
17763,10,4,4
17764,10,0,10
17765,10,0,10
17766,10,0,10
17767,10,0,10
17768,10,0,10
17769,10,2,9
17770,10,2,9
17771,10,0,10
17772,10,1,18
17773,10,0,10
17774,10,0,10
17775,10,4,4
17776,10,0,10
17777,10,0,10
17778,10,0,10
17779,10,0,10
17780,10,0,10
17781,10,0,10
17782,10,0,10
17783,10,0,10
17784,10,0,10
17785,10,0,10
17786,10,0,10
17787,10,0,10
17788,10,0,10
17789,10,0,10
17790,10,0,10
17791,10,0,10
17792,10,2,9
17793,10,0,10
17794,10,0,10
17795,10,0,10
17796,10,0,10
17797,10,2,9
17798,10,0,10
17799,10,2,9
17800,10,0,10
17801,10,2,9
17802,10,0,10
17803,10,0,10
17804,10,0,10
17805,10,0,10
17806,10,0,10
17807,10,0,10
17808,10,0,10
17809,10,2,9
17810,10,0,10
17811,10,0,10
17812,10,0,10
17813,10,0,10
17814,10,0,10
17815,10,0,10
17816,10,2,9
17817,10,0,10
17818,10,2,9
17819,10,0,10
17820,10,0,10
17821,10,0,10
17822,10,0,10
17823,10,0,10
17824,10,0,10
17825,10,0,10
17826,10,0,10
17827,10,0,10
17828,10,0,10
17829,10,0,10
17830,10,0,10
17831,10,0,10
17832,10,0,10
17833,10,0,10
17834,10,0,10
17835,10,0,10
17836,10,0,10
17837,10,2,9
17838,10,0,10
17839,10,0,10
17840,10,0,10
17841,10,0,10
17842,10,0,10
17843,10,0,10
17844,10,0,10
17845,10,0,10
17846,10,0,10
17847,10,0,10
17848,10,4,4
17849,10,0,10
17850,10,0,10
17851,10,0,10
17852,10,0,10
17853,10,0,10
17854,10,0,10
17855,10,0,10
17856,10,0,10
17857,10,0,10
17858,10,0,10
17859,10,0,10
17860,10,0,10
17861,10,0,10
17862,10,4,4
17863,10,0,10
17864,10,0,10
17865,10,0,10
17866,10,0,10
17867,10,0,10
17868,10,0,10
17869,10,0,10
17870,10,0,10
17871,10,0,10
17872,10,0,10
17873,10,4,4
17874,10,0,10
17875,10,0,10
17876,10,0,10
17877,10,0,10
17878,10,4,4
17879,10,0,10
17880,10,0,10
17881,10,0,10
17882,10,0,10
17883,10,0,10
17884,10,1,18
17885,10,0,10
17886,10,0,10
17887,10,0,10
17888,10,0,10
17889,10,0,10
17890,10,0,10
17891,10,0,10
17892,10,0,10
17893,10,0,10
17894,10,0,10
17895,10,2,9
17896,10,0,10
17897,10,0,10
17898,10,0,10
17899,10,0,10
17900,10,0,10
17901,10,0,10
17902,10,0,10
17903,10,0,10
17904,10,0,10
17905,10,0,10
17906,10,0,10
17907,10,0,10
17908,10,0,10
17909,10,0,10
17910,10,0,10
17911,10,0,10
17912,10,0,10
17913,10,0,10
17914,10,0,10
17915,10,0,10
17916,10,4,4
17917,10,0,10
17918,10,2,9
17919,10,0,10
17920,10,0,10
17921,10,0,10
17922,10,0,10
17923,10,4,4
17924,10,4,4
17925,10,0,10
17926,10,4,4
17927,10,0,10
17928,10,0,10
17929,10,2,9
17930,10,0,10
17931,10,0,10
17932,10,0,10
17933,10,2,9
17934,10,2,9
17935,10,2,9
17936,10,4,4
17937,10,0,10
17938,10,0,10
17939,10,4,4
17940,10,2,9
17941,10,0,10
17942,10,0,10
17943,10,0,10
17944,10,0,10
17945,10,0,10
17946,10,0,10
17947,10,0,10
17948,10,0,10
17949,10,0,10
17950,10,0,10
17951,10,0,10
17952,10,0,10
17953,10,2,9
17954,10,0,10
17955,10,2,9
17956,10,4,4
17957,10,0,10
17958,10,0,10
17959,10,0,10
17960,10,0,10
17961,10,0,10
17962,10,0,10
17963,10,0,10
17964,10,0,10
17965,10,0,10
17966,10,2,9
17967,10,2,9
17968,10,0,10
17969,10,0,10
17970,10,0,10
17971,10,0,10
17972,10,0,10
17973,10,2,9
17974,10,0,10
17975,10,0,10
17976,10,2,9
17977,10,0,10
17978,10,0,10
17979,10,0,10
17980,10,0,10
17981,10,0,10
17982,10,0,10
17983,10,0,10
17984,10,0,10
17985,10,0,10
17986,10,0,10
17987,10,0,10
17988,10,0,10
17989,10,0,10
17990,10,2,9
17991,10,0,10
17992,10,0,10
17993,10,0,10
17994,10,0,10
17995,10,4,4
17996,10,0,10
17997,10,4,4
17998,10,0,10
17999,10,0,10
18000,10,0,10
18001,10,0,10
18002,10,0,10
18003,10,0,10
18004,10,0,10
18005,10,2,9
18006,10,0,10
18007,10,0,10
18008,10,0,10
18009,10,0,10
18010,10,4,4
18011,10,0,10
18012,10,0,10
18013,10,0,10
18014,10,0,10
18015,10,0,10
18016,10,0,10
18017,10,0,10
18018,10,0,10
18019,10,0,10
18020,10,0,10
18021,10,0,10
18022,10,2,9
18023,10,0,10
18024,10,2,9
18025,10,0,10
18026,10,0,10
18027,10,0,10
18028,10,4,4
18029,10,4,4
18030,10,0,10
18031,10,4,4
18032,10,2,9
18033,10,0,10
18034,10,0,10
18035,10,0,10
18036,10,2,9
18037,10,0,10
18038,10,0,10
18039,10,0,10
18040,10,2,9
18041,10,0,10
18042,10,0,10
18043,10,0,10
18044,10,4,4
18045,10,2,9
18046,10,2,9
18047,10,0,10
18048,10,0,10
18049,10,0,10
18050,10,0,10
18051,10,0,10
18052,10,0,10
18053,10,0,10
18054,10,0,10
18055,10,0,10
18056,10,0,10
18057,10,0,10
18058,10,0,10
18059,10,0,10
18060,10,0,10
18061,10,0,10
18062,10,0,10
18063,10,0,10
18064,10,0,10
18065,10,0,10
18066,10,0,10
18067,10,0,10
18068,10,0,10
18069,10,0,10
18070,10,2,9
18071,10,0,10
18072,10,0,10
18073,10,0,10
18074,10,0,10
18075,10,2,9
18076,10,0,10
18077,10,2,9
18078,10,2,9
18079,10,0,10
18080,10,4,4
18081,10,0,10
18082,10,0,10
18083,10,2,9
18084,10,0,10
18085,10,2,9
18086,10,2,9
18087,10,2,9
18088,10,0,10
18089,10,0,10
18090,10,0,10
18091,10,0,10
18092,10,0,10
18093,10,0,10
18094,10,0,10
18095,10,0,10
18096,10,0,10
18097,10,0,10
18098,10,2,9
18099,10,2,9
18100,10,0,10
18101,10,0,10
18102,10,0,10
18103,10,0,10
18104,10,0,10
18105,10,0,10
18106,10,0,10
18107,10,0,10
18108,10,0,10
18109,10,0,10
18110,10,0,10
18111,10,0,10
18112,10,2,9
18113,10,0,10
18114,10,0,10
18115,10,0,10
18116,10,2,9
18117,10,0,10
18118,10,0,10
18119,10,2,9
18120,10,0,10
18121,10,0,10
18122,10,0,10
18123,10,0,10
18124,10,0,10
18125,10,0,10
18126,10,0,10
18127,10,2,9
18128,10,0,10
18129,10,0,10
18130,10,2,9
18131,10,2,9
18132,10,2,9
18133,10,0,10
18134,10,2,9
18135,10,0,10
18136,10,2,9
18137,10,0,10
18138,10,2,9
18139,10,0,10
18140,10,4,4
18141,10,4,4
18142,10,0,10
18143,10,0,10
18144,10,0,10
18145,10,4,4
18146,10,4,4
18147,10,0,10
18148,10,0,10
18149,10,0,10
18150,10,0,10
18151,10,0,10
18152,10,2,9
18153,10,2,9
18154,10,0,10
18155,10,0,10
18156,10,0,10
18157,10,2,9
18158,10,0,10
18159,10,0,10
18160,10,0,10
18161,10,0,10
18162,10,2,9
18163,10,0,10
18164,10,0,10
18165,10,0,10
18166,10,0,10
18167,10,2,9
18168,10,0,10
18169,10,0,10
18170,10,0,10
18171,10,0,10
18172,10,0,10
18173,10,2,9
18174,10,0,10
18175,10,0,10
18176,10,0,10
18177,10,0,10
18178,10,0,10
18179,10,0,10
18180,10,0,10
18181,10,0,10
18182,10,4,4
18183,10,0,10
18184,10,1,18
18185,10,0,10
18186,10,2,9
18187,10,2,9
18188,10,0,10
18189,10,0,10
18190,10,4,4
18191,10,0,10
18192,10,4,4
18193,10,2,9
18194,10,0,10
18195,10,2,9
18196,10,0,10
18197,10,0,10
18198,10,0,10
18199,10,2,9
18200,10,0,10
18201,10,0,10
18202,10,0,10
18203,10,0,10
18204,10,2,9
18205,10,4,4
18206,10,0,10
18207,10,0,10
18208,10,0,10
18209,10,2,9
18210,10,1,18
18211,10,2,9
18212,10,0,10
18213,10,0,10
18214,10,0,10
18215,10,0,10
18216,10,4,4
18217,10,0,10
18218,10,4,4
18219,10,4,4
18220,10,0,10
18221,10,0,10
18222,10,0,10
18223,10,0,10
18224,10,0,10
18225,10,0,10
18226,10,0,10
18227,10,2,9
18228,10,0,10
18229,10,0,10
18230,10,2,9
18231,10,4,4
18232,10,0,10
18233,10,0,10
18234,10,0,10
18235,10,0,10
18236,10,0,10
18237,10,0,10
18238,10,0,10
18239,10,2,9
18240,10,0,10
18241,10,0,10
18242,10,2,9
18243,10,0,10
18244,10,0,10
18245,10,0,10
18246,10,0,10
18247,10,0,10
18248,10,2,9
18249,10,2,9
18250,10,0,10
18251,10,0,10
18252,10,0,10
18253,10,0,10
18254,10,0,10
18255,10,0,10
18256,10,0,10
18257,10,0,10
18258,10,2,9
18259,10,0,10
18260,10,0,10
18261,10,0,10
18262,10,0,10
18263,10,0,10
18264,10,0,10
18265,10,2,9
18266,10,0,10
18267,10,2,9
18268,10,0,10
18269,10,2,9
18270,10,0,10
18271,10,0,10
18272,10,0,10
18273,10,0,10
18274,10,0,10
18275,10,2,9
18276,10,0,10
18277,10,0,10
18278,10,0,10
18279,10,2,9
18280,10,2,9
18281,10,0,10
18282,10,0,10
18283,10,0,10
18284,10,0,10
18285,10,0,10
18286,10,0,10
18287,10,0,10
18288,10,0,10
18289,10,0,10
18290,10,2,9
18291,10,0,10
18292,10,0,10
18293,10,0,10
18294,10,2,9
18295,10,2,9
18296,10,0,10
18297,10,4,4
18298,10,0,10
18299,10,0,10
18300,10,0,10
18301,10,2,9
18302,10,0,10
18303,10,0,10
18304,10,0,10
18305,10,0,10
18306,10,0,10
18307,10,0,10
18308,10,0,10
18309,10,0,10
18310,10,0,10
18311,10,4,4
18312,10,2,9
18313,10,2,9
18314,10,2,9
18315,10,0,10
18316,10,0,10
18317,10,0,10
18318,10,2,9
18319,10,0,10
18320,10,2,9
18321,10,0,10
18322,10,0,10
18323,10,0,10
18324,10,0,10
18325,10,0,10
18326,10,0,10
18327,10,0,10
18328,10,0,10
18329,10,0,10
18330,10,0,10
18331,10,0,10
18332,10,0,10
18333,10,0,10
18334,10,0,10
18335,10,0,10
18336,10,0,10
18337,10,0,10
18338,10,0,10
18339,10,0,10
18340,10,0,10
18341,10,2,9
18342,10,0,10
18343,10,0,10
18344,10,2,9
18345,10,0,10
18346,10,0,10
18347,10,2,9
18348,10,2,9
18349,10,0,10
18350,10,0,10
18351,10,0,10
18352,10,0,10
18353,10,0,10
18354,10,2,9
18355,10,2,9
18356,10,0,10
18357,10,0,10
18358,10,2,9
18359,10,2,9
18360,10,0,10
18361,10,2,9
18362,10,0,10
18363,10,0,10
18364,10,0,10
18365,10,0,10
18366,10,0,10
18367,10,0,10
18368,10,2,9
18369,10,4,4
18370,10,0,10
18371,10,2,9
18372,10,0,10
18373,10,4,4
18374,10,0,10
18375,10,2,9
18376,10,0,10
18377,10,0,10
18378,10,0,10
18379,10,2,9
18380,10,2,9
18381,10,0,10
18382,10,0,10
18383,10,0,10
18384,10,0,10
18385,10,0,10
18386,10,0,10
18387,10,0,10
18388,10,0,10
18389,10,4,4
18390,10,4,4
18391,10,4,4
18392,10,4,4
18393,10,0,10
18394,10,0,10
18395,10,4,4
18396,10,0,10
18397,10,1,18
18398,10,0,10
18399,10,0,10
18400,10,0,10
18401,10,0,10
18402,10,0,10
18403,10,2,9
18404,10,0,10
18405,10,0,10
18406,10,0,10
18407,10,4,4
18408,10,0,10
18409,10,0,10
18410,10,2,9
18411,10,0,10
18412,10,0,10
18413,10,2,9
18414,10,0,10
18415,10,0,10
18416,10,4,4
18417,10,0,10
18418,10,0,10
18419,10,0,10
18420,10,2,9
18421,10,0,10
18422,10,0,10
18423,10,4,4
18424,10,4,4
18425,10,0,10
18426,10,0,10
18427,10,0,10
18428,10,0,10
18429,10,4,4
18430,10,2,9
18431,10,2,9
18432,10,0,10
18433,10,0,10
18434,10,0,10
18435,10,0,10
18436,10,0,10
18437,10,0,10
18438,10,0,10
18439,10,0,10
18440,10,0,10
18441,10,2,9
18442,10,2,9
18443,10,0,10
18444,10,0,10
18445,10,0,10
18446,10,0,10
18447,10,0,10
18448,10,0,10
18449,10,0,10
18450,10,0,10
18451,10,2,9
18452,10,0,10
18453,10,0,10
18454,10,0,10
18455,10,0,10
18456,10,0,10
18457,10,0,10
18458,10,0,10
18459,10,0,10
18460,10,0,10
18461,10,4,4
18462,10,0,10
18463,10,0,10
18464,10,0,10
18465,10,2,9
18466,10,2,9
18467,10,2,9
18468,10,0,10
18469,10,0,10
18470,10,0,10
18471,10,2,9
18472,10,0,10
18473,10,0,10
18474,10,0,10
18475,10,4,4
18476,10,2,9
18477,10,2,9
18478,10,0,10
18479,10,0,10
18480,10,2,9
18481,10,0,10
18482,10,0,10
18483,10,0,10
18484,10,0,10
18485,10,0,10
18486,10,0,10
18487,10,0,10
18488,10,0,10
18489,10,0,10
18490,10,0,10
18491,10,0,10
18492,10,0,10
18493,10,2,9
18494,10,4,4
18495,10,0,10
18496,10,4,4
18497,10,4,4
18498,10,0,10
18499,10,0,10
18500,10,0,10
18501,10,0,10
18502,10,4,4
18503,10,0,10
18504,10,2,9
18505,10,2,9
18506,10,0,10
18507,10,0,10
18508,10,2,9
18509,10,0,10
18510,10,4,4
18511,10,0,10
18512,10,0,10
18513,10,2,9
18514,10,2,9
18515,10,0,10
18516,10,2,9
18517,10,2,9
18518,10,0,10
18519,10,0,10
18520,10,2,9
18521,10,0,10
18522,10,0,10
18523,10,0,10
18524,10,0,10
18525,10,0,10
18526,10,2,9
18527,10,0,10
18528,10,0,10
18529,10,0,10
18530,10,0,10
18531,10,0,10
18532,10,2,9
18533,10,0,10
18534,10,0,10
18535,10,0,10
18536,10,0,10
18537,10,0,10
18538,10,0,10
18539,10,0,10
18540,10,0,10
18541,10,2,9
18542,10,0,10
18543,10,0,10
18544,10,0,10
18545,10,0,10
18546,10,0,10
18547,10,4,4
18548,10,2,9
18549,10,2,9
18550,10,4,4
18551,10,0,10
18552,10,0,10
18553,10,0,10
18554,10,2,9
18555,10,2,9
18556,10,0,10
18557,10,0,10
18558,10,0,10
18559,10,0,10
18560,10,0,10
18561,10,0,10
18562,10,0,10
18563,10,0,10
18564,10,0,10
18565,10,0,10
18566,10,2,9
18567,10,0,10
18568,10,0,10
18569,10,0,10
18570,10,0,10
18571,10,0,10
18572,10,0,10
18573,10,0,10
18574,10,0,10
18575,10,0,10
18576,10,2,9
18577,10,2,9
18578,10,0,10
18579,10,0,10
18580,10,0,10
18581,10,0,10
18582,10,0,10
18583,10,0,10
18584,10,0,10
18585,10,0,10
18586,10,0,10
18587,10,0,10
18588,10,0,10
18589,10,0,10
18590,10,0,10
18591,10,0,10
18592,10,0,10
18593,10,4,4
18594,10,0,10
18595,10,0,10
18596,10,0,10
18597,10,0,10
18598,10,0,10
18599,10,0,10
18600,10,2,9
18601,10,0,10
18602,10,4,4
18603,10,2,9
18604,10,2,9
18605,10,0,10
18606,10,0,10
18607,10,0,10
18608,10,4,4
18609,10,0,10
18610,10,0,10
18611,10,0,10
18612,10,0,10
18613,10,0,10
18614,10,0,10
18615,10,4,4
18616,10,0,10
18617,10,4,4
18618,10,0,10
18619,10,0,10
18620,10,0,10
18621,10,2,9
18622,10,2,9
18623,10,0,10
18624,10,0,10
18625,10,2,9
18626,10,0,10
18627,10,2,9
18628,10,2,9
18629,10,0,10
18630,10,2,9
18631,10,4,4
18632,10,2,9
18633,10,0,10
18634,10,0,10
18635,10,0,10
18636,10,0,10
18637,10,0,10
18638,10,0,10
18639,10,2,9
18640,10,0,10
18641,10,0,10
18642,10,0,10
18643,10,2,9
18644,10,2,9
18645,10,0,10
18646,10,0,10
18647,10,0,10
18648,10,0,10
18649,10,0,10
18650,10,0,10
18651,10,2,9
18652,10,2,9
18653,10,2,9
18654,10,0,10
18655,10,0,10
18656,10,0,10
18657,10,0,10
18658,10,0,10
18659,10,3,17
18660,10,0,10
18661,10,0,10
18662,10,2,9
18663,10,0,10
18664,10,2,9
18665,10,0,10
18666,10,0,10
18667,10,2,9
18668,10,2,9
18669,10,2,9
18670,10,4,4
18671,10,0,10
18672,10,0,10
18673,10,0,10
18674,10,0,10
18675,10,2,9
18676,10,2,9
18677,10,0,10
18678,10,2,9
18679,10,0,10
18680,10,0,10
18681,10,0,10
18682,10,0,10
18683,10,0,10
18684,10,0,10
18685,10,0,10
18686,10,0,10
18687,10,2,9
18688,10,0,10
18689,10,2,9
18690,10,0,10
18691,10,0,10
18692,10,0,10
18693,10,0,10
18694,10,0,10
18695,10,4,4
18696,10,0,10
18697,10,0,10
18698,10,0,10
18699,10,0,10
18700,10,0,10
18701,10,0,10
18702,10,2,9
18703,10,4,4
18704,10,0,10
18705,10,0,10
18706,10,0,10
18707,10,0,10
18708,10,0,10
18709,10,0,10
18710,10,2,9
18711,10,0,10
18712,10,0,10
18713,10,2,9
18714,10,2,9
18715,10,4,4
18716,10,0,10
18717,10,0,10
18718,10,0,10
18719,10,0,10
18720,10,0,10
18721,10,0,10
18722,10,0,10
18723,10,0,10
18724,10,0,10
18725,10,0,10
18726,10,0,10
18727,10,2,9
18728,10,2,9
18729,10,0,10
18730,10,4,4
18731,10,4,4
18732,10,0,10
18733,10,4,4
18734,10,0,10
18735,10,2,9
18736,10,0,10
18737,10,4,4
18738,10,4,4
18739,10,0,10
18740,10,0,10
18741,10,0,10
18742,10,2,9
18743,10,0,10
18744,10,0,10
18745,10,2,9
18746,10,2,9
18747,10,0,10
18748,10,2,9
18749,10,0,10
18750,10,0,10
18751,10,0,10
18752,10,2,9
18753,10,0,10
18754,10,0,10
18755,10,0,10
18756,10,0,10
18757,10,0,10
18758,10,0,10
18759,10,2,9
18760,10,2,9
18761,10,0,10
18762,10,0,10
18763,10,0,10
18764,10,2,9
18765,10,4,4
18766,10,4,4
18767,10,0,10
18768,10,4,4
18769,10,2,9
18770,10,0,10
18771,10,2,9
18772,10,0,10
18773,10,2,9
18774,10,0,10
18775,10,0,10
18776,10,0,10
18777,10,0,10
18778,10,0,10
18779,10,0,10
18780,10,0,10
18781,10,2,9
18782,10,0,10
18783,10,0,10
18784,10,0,10
18785,10,0,10
18786,10,0,10
18787,10,0,10
18788,10,0,10
18789,10,0,10
18790,10,2,9
18791,10,0,10
18792,10,0,10
18793,10,0,10
18794,10,0,10
18795,10,0,10
18796,10,0,10
18797,10,0,10
18798,10,0,10
18799,10,4,4
18800,10,0,10
18801,10,0,10
18802,10,0,10
18803,10,0,10
18804,10,2,9
18805,10,0,10
18806,10,0,10
18807,10,0,10
18808,10,4,4
18809,10,0,10
18810,10,0,10
18811,10,4,4
18812,10,4,4
18813,10,0,10
18814,10,0,10
18815,10,0,10
18816,10,0,10
18817,10,2,9
18818,10,0,10
18819,10,0,10
18820,10,0,10
18821,10,0,10
18822,10,0,10
18823,10,4,4
18824,10,4,4
18825,10,0,10
18826,10,0,10
18827,10,2,9
18828,10,0,10
18829,10,0,10
18830,10,0,10
18831,10,2,9
18832,10,4,4
18833,10,3,17
18834,10,0,10
18835,10,2,9
18836,10,0,10
18837,10,0,10
18838,10,0,10
18839,10,0,10
18840,10,0,10
18841,10,2,9
18842,10,2,9
18843,10,0,10
18844,10,2,9
18845,10,0,10
18846,10,0,10
18847,10,0,10
18848,10,0,10
18849,10,0,10
18850,10,0,10
18851,10,2,9
18852,10,0,10
18853,10,0,10
18854,10,2,9
18855,10,0,10
18856,10,0,10
18857,10,0,10
18858,10,0,10
18859,10,0,10
18860,10,0,10
18861,10,0,10
18862,10,0,10
18863,10,0,10
18864,10,2,9
18865,10,0,10
18866,10,0,10
18867,10,0,10
18868,10,0,10
18869,10,4,4
18870,10,0,10
18871,10,0,10
18872,10,0,10
18873,10,0,10
18874,10,0,10
18875,10,0,10
18876,10,2,9
18877,10,0,10
18878,10,0,10
18879,10,0,10
18880,10,0,10
18881,10,0,10
18882,10,0,10
18883,10,4,4
18884,10,0,10
18885,10,0,10
18886,10,0,10
18887,10,0,10
18888,10,0,10
18889,10,0,10
18890,10,0,10
18891,10,2,9
18892,10,2,9
18893,10,2,9
18894,10,0,10
18895,10,2,9
18896,10,0,10
18897,10,4,4
18898,10,4,4
18899,10,0,10
18900,10,0,10
18901,10,2,9
18902,10,2,9
18903,10,2,9
18904,10,0,10
18905,10,0,10
18906,10,0,10
18907,10,4,4
18908,10,0,10
18909,10,0,10
18910,10,0,10
18911,10,2,9
18912,10,0,10
18913,10,0,10
18914,10,2,9
18915,10,0,10
18916,10,0,10
18917,10,0,10
18918,10,0,10
18919,10,4,4
18920,10,4,4
18921,10,0,10
18922,10,0,10
18923,10,0,10
18924,10,2,9
18925,10,2,9
18926,10,2,9
18927,10,0,10
18928,10,0,10
18929,10,0,10
18930,10,0,10
18931,10,0,10
18932,10,0,10
18933,10,2,9
18934,10,2,9
18935,10,0,10
18936,10,0,10
18937,10,4,4
18938,10,0,10
18939,10,0,10
18940,10,0,10
18941,10,0,10
18942,10,0,10
18943,10,0,10
18944,10,2,9
18945,10,0,10
18946,10,0,10
18947,10,0,10
18948,10,2,9
18949,10,2,9
18950,10,2,9
18951,10,2,9
18952,10,0,10
18953,10,4,4
18954,10,2,9
18955,10,0,10
18956,10,0,10
18957,10,0,10
18958,10,0,10
18959,10,2,9
18960,10,4,4
18961,10,0,10
18962,10,0,10
18963,10,2,9
18964,10,0,10
18965,10,0,10
18966,10,0,10
18967,10,0,10
18968,10,0,10
18969,10,0,10
18970,10,0,10
18971,10,4,4
18972,10,0,10
18973,10,0,10
18974,10,0,10
18975,10,0,10
18976,10,4,4
18977,10,0,10
18978,10,0,10
18979,10,0,10
18980,10,0,10
18981,10,4,4
18982,10,0,10
18983,10,0,10
18984,10,2,9
18985,10,0,10
18986,10,2,9
18987,10,0,10
18988,10,0,10
18989,10,2,9
18990,10,0,10
18991,10,0,10
18992,10,0,10
18993,10,0,10
18994,10,0,10
18995,10,0,10
18996,10,0,10
18997,10,0,10
18998,10,0,10
18999,10,0,10
19000,10,0,10
19001,10,0,10
19002,10,0,10
19003,10,0,10
19004,10,0,10
19005,10,0,10
19006,10,0,10
19007,10,0,10
19008,10,2,9
19009,10,2,9
19010,10,2,9
19011,10,2,9
19012,10,0,10
19013,10,2,9
19014,10,0,10
19015,10,0,10
19016,10,0,10
19017,10,0,10
19018,10,0,10
19019,10,0,10
19020,10,0,10
19021,10,0,10
19022,10,0,10
19023,10,0,10
19024,10,2,9
19025,10,2,9
19026,10,0,10
19027,10,0,10
19028,10,0,10
19029,10,0,10
19030,10,2,9
19031,10,0,10
19032,10,0,10
19033,10,0,10
19034,10,0,10
19035,10,0,10
19036,10,0,10
19037,10,0,10
19038,10,2,9
19039,10,2,9
19040,10,2,9
19041,10,2,9
19042,10,0,10
19043,10,0,10
19044,10,0,10
19045,10,2,9
19046,10,0,10
19047,10,4,4
19048,10,0,10
19049,10,2,9
19050,10,0,10
19051,10,0,10
19052,10,2,9
19053,10,0,10
19054,10,2,9
19055,10,0,10
19056,10,2,9
19057,10,0,10
19058,10,0,10
19059,10,2,9
19060,10,0,10
19061,10,0,10
19062,10,2,9
19063,10,0,10
19064,10,0,10
19065,10,0,10
19066,10,2,9
19067,10,0,10
19068,10,0,10
19069,10,0,10
19070,10,0,10
19071,10,0,10
19072,10,0,10
19073,10,2,9
19074,10,0,10
19075,10,2,9
19076,10,2,9
19077,10,0,10
19078,10,0,10
19079,10,0,10
19080,10,0,10
19081,10,0,10
19082,10,0,10
19083,10,0,10
19084,10,0,10
19085,10,0,10
19086,10,4,4
19087,10,0,10
19088,10,4,4
19089,10,0,10
19090,10,2,9
19091,10,0,10
19092,10,0,10
19093,10,2,9
19094,10,4,4
19095,10,0,10
19096,10,0,10
19097,10,0,10
19098,10,4,4
19099,10,0,10
19100,10,2,9
19101,10,2,9
19102,10,0,10
19103,10,0,10
19104,10,0,10
19105,10,4,4
19106,10,2,9
19107,10,4,4
19108,10,0,10
19109,10,2,9
19110,10,4,4
19111,10,0,10
19112,10,0,10
19113,10,0,10
19114,10,0,10
19115,10,0,10
19116,10,4,4
19117,10,0,10
19118,10,2,9
19119,10,0,10
19120,10,0,10
19121,10,0,10
19122,10,0,10
19123,10,0,10
19124,10,4,4
19125,10,4,4
19126,10,0,10
19127,10,0,10
19128,10,0,10
19129,10,0,10
19130,10,0,10
19131,10,0,10
19132,10,2,9
19133,10,0,10
19134,10,0,10
19135,10,2,9
19136,10,0,10
19137,10,0,10
19138,10,2,9
19139,10,0,10
19140,10,2,9
19141,10,0,10
19142,10,0,10
19143,10,2,9
19144,10,4,4
19145,10,0,10
19146,10,0,10
19147,10,4,4
19148,10,2,9
19149,10,4,4
19150,10,4,4
19151,10,0,10
19152,10,0,10
19153,10,0,10
19154,10,0,10
19155,10,4,4
19156,10,0,10
19157,10,0,10
19158,10,0,10
19159,10,0,10
19160,10,0,10
19161,10,0,10
19162,10,0,10
19163,10,4,4
19164,10,2,9
19165,10,4,4
19166,10,0,10
19167,10,0,10
19168,10,0,10
19169,10,2,9
19170,10,0,10
19171,10,0,10
19172,10,2,9
19173,10,0,10
19174,10,0,10
19175,10,0,10
19176,10,0,10
19177,10,0,10
19178,10,0,10
19179,10,2,9
19180,10,0,10
19181,10,0,10
19182,10,0,10
19183,10,0,10
19184,10,0,10
19185,10,0,10
19186,10,0,10
19187,10,2,9
19188,10,2,9
19189,10,2,9
19190,10,0,10
19191,10,0,10
19192,10,0,10
19193,10,0,10
19194,10,0,10
19195,10,0,10
19196,10,0,10
19197,10,0,10
19198,10,0,10
19199,10,2,9
19200,10,0,10
19201,10,2,9
19202,10,0,10
19203,10,0,10
19204,10,0,10
19205,10,2,9
19206,10,2,9
19207,10,0,10
19208,10,0,10
19209,10,0,10
19210,10,0,10
19211,10,0,10
19212,10,0,10
19213,10,0,10
19214,10,0,10
19215,10,0,10
19216,10,0,10
19217,10,2,9
19218,10,2,9
19219,10,2,9
19220,10,0,10
19221,10,0,10
19222,10,4,4
19223,10,2,9
19224,10,2,9
19225,10,0,10
19226,10,0,10
19227,10,0,10
19228,10,0,10
19229,10,2,9
19230,10,0,10
19231,10,0,10
19232,10,0,10
19233,10,0,10
19234,10,0,10
19235,10,2,9
19236,10,0,10
19237,10,0,10
19238,10,0,10
19239,10,2,9
19240,10,2,9
19241,10,2,9
19242,10,2,9
19243,10,0,10
19244,10,0,10
19245,10,0,10
19246,10,0,10
19247,10,0,10
19248,10,0,10
19249,10,4,4
19250,10,2,9
19251,10,0,10
19252,10,0,10
19253,10,0,10
19254,10,2,9
19255,10,0,10
19256,10,0,10
19257,10,0,10
19258,10,2,9
19259,10,2,9
19260,10,0,10
19261,10,0,10
19262,10,0,10
19263,10,0,10
19264,10,0,10
19265,10,0,10
19266,10,0,10
19267,10,0,10
19268,10,0,10
19269,10,0,10
19270,10,0,10
19271,10,0,10
19272,10,0,10
19273,10,0,10
19274,10,0,10
19275,10,0,10
19276,10,0,10
19277,10,2,9
19278,10,4,4
19279,10,0,10
19280,10,4,4
19281,10,2,9
19282,10,0,10
19283,10,2,9
19284,10,0,10
19285,10,2,9
19286,10,4,4
19287,10,0,10
19288,10,0,10
19289,10,0,10
19290,10,0,10
19291,10,2,9
19292,10,0,10
19293,10,0,10
19294,10,0,10
19295,10,2,9
19296,10,4,4
19297,10,0,10
19298,10,2,9
19299,10,2,9
19300,10,0,10
19301,10,0,10
19302,10,0,10
19303,10,0,10
19304,10,2,9
19305,10,0,10
19306,10,0,10
19307,10,0,10
19308,10,0,10
19309,10,0,10
19310,10,0,10
19311,10,0,10
19312,10,0,10
19313,10,0,10
19314,10,2,9
19315,10,2,9
19316,10,0,10
19317,10,0,10
19318,10,2,9
19319,10,2,9
19320,10,0,10
19321,10,0,10
19322,10,2,9
19323,10,2,9
19324,10,0,10
19325,10,0,10
19326,10,0,10
19327,10,0,10
19328,10,0,10
19329,10,0,10
19330,10,0,10
19331,10,2,9
19332,10,0,10
19333,10,0,10
19334,10,0,10
19335,10,3,17
19336,10,0,10
19337,10,0,10
19338,10,0,10
19339,10,0,10
19340,10,4,4
19341,10,0,10
19342,10,0,10
19343,10,2,9
19344,10,0,10
19345,10,0,10
19346,10,2,9
19347,10,0,10
19348,10,0,10
19349,10,0,10
19350,10,0,10
19351,10,0,10
19352,10,2,9
19353,10,0,10
19354,10,0,10
19355,10,2,9
19356,10,0,10
19357,10,0,10
19358,10,0,10
19359,10,4,4
19360,10,0,10
19361,10,4,4
19362,10,0,10
19363,10,0,10
19364,10,2,9
19365,10,0,10
19366,10,0,10
19367,10,0,10
19368,10,0,10
19369,10,0,10
19370,10,0,10
19371,10,0,10
19372,10,2,9
19373,10,0,10
19374,10,0,10
19375,10,0,10
19376,10,2,9
19377,10,0,10
19378,10,0,10
19379,10,0,10
19380,10,0,10
19381,10,0,10
19382,10,0,10
19383,10,2,9
19384,10,2,9
19385,10,0,10
19386,10,0,10
19387,10,0,10
19388,10,2,9
19389,10,0,10
19390,10,0,10
19391,10,0,10
19392,10,2,9
19393,10,4,4
19394,10,0,10
19395,10,0,10
19396,10,0,10
19397,10,0,10
19398,10,0,10
19399,10,0,10
19400,10,0,10
19401,10,0,10
19402,10,0,10
19403,10,0,10
19404,10,4,4
19405,10,0,10
19406,10,0,10
19407,10,0,10
19408,10,2,9
19409,10,0,10
19410,10,0,10
19411,10,2,9
19412,10,0,10
19413,10,2,9
19414,10,2,9
19415,10,2,9
19416,10,0,10
19417,10,2,9
19418,10,4,4
19419,10,0,10
19420,10,0,10
19421,10,0,10
19422,10,0,10
19423,10,0,10
19424,10,2,9
19425,10,0,10
19426,10,2,9
19427,10,2,9
19428,10,2,9
19429,10,0,10
19430,10,2,9
19431,10,0,10
19432,10,0,10
19433,10,0,10
19434,10,0,10
19435,10,0,10
19436,10,0,10
19437,10,0,10
19438,10,2,9
19439,10,4,4
19440,10,2,9
19441,10,0,10
19442,10,2,9
19443,10,0,10
19444,10,0,10
19445,10,0,10
19446,10,0,10
19447,10,0,10
19448,10,0,10
19449,10,0,10
19450,10,0,10
19451,10,0,10
19452,10,2,9
19453,10,0,10
19454,10,0,10
19455,10,0,10
19456,10,0,10
19457,10,2,9
19458,10,0,10
19459,10,0,10
19460,10,0,10
19461,10,2,9
19462,10,2,9
19463,10,0,10
19464,10,0,10
19465,10,0,10
19466,10,0,10
19467,10,0,10
19468,10,0,10
19469,10,0,10
19470,10,0,10
19471,10,0,10
19472,10,0,10
19473,10,0,10
19474,10,0,10
19475,10,0,10
19476,10,4,4
19477,10,0,10
19478,10,4,4
19479,10,0,10
19480,10,4,4
19481,10,2,9
19482,10,2,9
19483,10,0,10
19484,10,0,10
19485,10,0,10
19486,10,0,10
19487,10,2,9
19488,10,0,10
19489,10,2,9
19490,10,0,10
19491,10,2,9
19492,10,0,10
19493,10,0,10
19494,10,0,10
19495,10,2,9
19496,10,0,10
19497,10,0,10
19498,10,0,10
19499,10,0,10
19500,10,0,10
19501,10,0,10
19502,10,0,10
19503,10,0,10
19504,10,0,10
19505,10,0,10
19506,10,2,9
19507,10,0,10
19508,10,2,9
19509,10,0,10
19510,10,0,10
19511,10,0,10
19512,10,2,9
19513,10,0,10
19514,10,2,9
19515,10,0,10
19516,10,0,10
19517,10,0,10
19518,10,2,9
19519,10,0,10
19520,10,2,9
19521,10,0,10
19522,10,0,10
19523,10,0,10
19524,10,0,10
19525,10,2,9
19526,10,0,10
19527,10,0,10
19528,10,0,10
19529,10,0,10
19530,10,2,9
19531,10,0,10
19532,10,0,10
19533,10,4,4
19534,10,0,10
19535,10,0,10
19536,10,0,10
19537,10,0,10
19538,10,0,10
19539,10,0,10
19540,10,4,4
19541,10,0,10
19542,10,0,10
19543,10,0,10
19544,10,0,10
19545,10,0,10
19546,10,2,9
19547,10,4,4
19548,10,0,10
19549,10,0,10
19550,10,0,10
19551,10,0,10
19552,10,0,10
19553,10,2,9
19554,10,0,10
19555,10,0,10
19556,10,0,10
19557,10,4,4
19558,10,0,10
19559,10,2,9
19560,10,0,10
19561,10,0,10
19562,10,0,10
19563,10,0,10
19564,10,4,4
19565,10,0,10
19566,10,4,4
19567,10,2,9
19568,10,0,10
19569,10,4,4
19570,10,0,10
19571,10,0,10
19572,10,2,9
19573,10,4,4
19574,10,0,10
19575,10,0,10
19576,10,0,10
19577,10,0,10
19578,10,0,10
19579,10,0,10
19580,10,0,10
19581,10,0,10
19582,10,0,10
19583,10,0,10
19584,10,2,9
19585,10,0,10
19586,10,0,10
19587,10,0,10
19588,10,0,10
19589,10,0,10
19590,10,0,10
19591,10,2,9
19592,10,2,9
19593,10,2,9
19594,10,0,10
19595,10,0,10
19596,10,0,10
19597,10,0,10
19598,10,2,9
19599,10,0,10
19600,10,1,18
19601,10,4,4
19602,10,0,10
19603,10,2,9
19604,10,0,10
19605,10,0,10
19606,10,0,10
19607,10,0,10
19608,10,0,10
19609,10,4,4
19610,10,2,9
19611,10,4,4
19612,10,0,10
19613,10,0,10
19614,10,0,10
19615,10,0,10
19616,10,0,10
19617,10,0,10
19618,10,4,4
19619,10,0,10
19620,10,0,10
19621,10,4,4
19622,10,0,10
19623,10,4,4
19624,10,4,4
19625,10,2,9
19626,10,4,4
19627,10,0,10
19628,10,0,10
19629,10,0,10
19630,10,4,4
19631,10,0,10
19632,10,2,9
19633,10,0,10
19634,10,2,9
19635,10,0,10
19636,10,0,10
19637,10,0,10
19638,10,0,10
19639,10,2,9
19640,10,0,10
19641,10,0,10
19642,10,4,4
19643,10,2,9
19644,10,2,9
19645,10,2,9
19646,10,0,10
19647,10,2,9
19648,10,0,10
19649,10,2,9
19650,10,0,10
19651,10,0,10
19652,10,0,10
19653,10,0,10
19654,10,0,10
19655,10,0,10
19656,10,2,9
19657,10,0,10
19658,10,2,9
19659,10,0,10
19660,10,0,10
19661,10,0,10
19662,10,4,4
19663,10,0,10
19664,10,4,4
19665,10,0,10
19666,10,0,10
19667,10,2,9
19668,10,2,9
19669,10,2,9
19670,10,2,9
19671,10,0,10
19672,10,2,9
19673,10,0,10
19674,10,0,10
19675,10,0,10
19676,10,0,10
19677,10,0,10
19678,10,0,10
19679,10,0,10
19680,10,0,10
19681,10,0,10
19682,10,0,10
19683,10,2,9
19684,10,0,10
19685,10,0,10
19686,10,0,10
19687,10,0,10
19688,10,0,10
19689,10,0,10
19690,10,4,4
19691,10,0,10
19692,10,0,10
19693,10,0,10
19694,10,0,10
19695,10,0,10
19696,10,0,10
19697,10,0,10
19698,10,0,10
19699,10,0,10
19700,10,0,10
19701,10,0,10
19702,10,2,9
19703,10,0,10
19704,10,0,10
19705,10,0,10
19706,10,2,9
19707,10,0,10
19708,10,0,10
19709,10,0,10
19710,10,0,10
19711,10,0,10
19712,10,0,10
19713,10,0,10
19714,10,0,10
19715,10,0,10
19716,10,2,9
19717,10,0,10
19718,10,0,10
19719,10,0,10
19720,10,2,9
19721,10,2,9
19722,10,2,9
19723,10,0,10
19724,10,0,10
19725,10,0,10
19726,10,0,10
19727,10,0,10
19728,10,0,10
19729,10,0,10
19730,10,0,10
19731,10,0,10
19732,10,2,9
19733,10,2,9
19734,10,0,10
19735,10,0,10
19736,10,2,9
19737,10,4,4
19738,10,2,9
19739,10,2,9
19740,10,2,9
19741,10,0,10
19742,10,4,4
19743,10,4,4
19744,10,0,10
19745,10,0,10
19746,10,0,10
19747,10,0,10
19748,10,2,9
19749,10,0,10
19750,10,0,10
19751,10,4,4
19752,10,2,9
19753,10,0,10
19754,10,0,10
19755,10,0,10
19756,10,0,10
19757,10,0,10
19758,10,0,10
19759,10,0,10
19760,10,0,10
19761,10,2,9
19762,10,0,10
19763,10,0,10
19764,10,0,10
19765,10,0,10
19766,10,0,10
19767,10,0,10
19768,10,0,10
19769,10,0,10
19770,10,0,10
19771,10,0,10
19772,10,0,10
19773,10,0,10
19774,10,0,10
19775,10,4,4
19776,10,0,10
19777,10,0,10
19778,10,0,10
19779,10,4,4
19780,10,0,10
19781,10,0,10
19782,10,2,9
19783,10,0,10
19784,10,4,4
19785,10,2,9
19786,10,0,10
19787,10,0,10
19788,10,0,10
19789,10,0,10
19790,10,0,10
19791,10,2,9
19792,10,0,10
19793,10,0,10
19794,10,0,10
19795,10,0,10
19796,10,2,9
19797,10,0,10
19798,10,0,10
19799,10,0,10
19800,10,0,10
19801,10,0,10
19802,10,2,9
19803,10,0,10
19804,10,0,10
19805,10,0,10
19806,10,0,10
19807,10,2,9
19808,10,2,9
19809,10,0,10
19810,10,0,10
19811,10,0,10
19812,10,2,9
19813,10,0,10
19814,10,0,10
19815,10,0,10
19816,10,2,9
19817,10,0,10
19818,10,0,10
19819,10,0,10
19820,10,0,10
19821,10,0,10
19822,10,0,10
19823,10,0,10
19824,10,4,4
19825,10,0,10
19826,10,0,10
19827,10,0,10
19828,10,0,10
19829,10,0,10
19830,10,0,10
19831,10,0,10
19832,10,0,10
19833,10,0,10
19834,10,0,10
19835,10,0,10
19836,10,0,10
19837,10,0,10
19838,10,0,10
19839,10,2,9
19840,10,0,10
19841,10,0,10
19842,10,0,10
19843,10,0,10
19844,10,0,10
19845,10,0,10
19846,10,0,10
19847,10,2,9
19848,10,0,10
19849,10,4,4
19850,10,0,10
19851,10,0,10
19852,10,0,10
19853,10,0,10
19854,10,0,10
19855,10,0,10
19856,10,2,9
19857,10,0,10
19858,10,0,10
19859,10,0,10
19860,10,0,10
19861,10,0,10
19862,10,0,10
19863,10,0,10
19864,10,0,10
19865,10,2,9
19866,10,0,10
19867,10,4,4
19868,10,0,10
19869,10,0,10
19870,10,0,10
19871,10,2,9
19872,10,0,10
19873,10,0,10
19874,10,0,10
19875,10,0,10
19876,10,0,10
19877,10,0,10
19878,10,0,10
19879,10,0,10
19880,10,0,10
19881,10,0,10
19882,10,4,4
19883,10,0,10
19884,10,0,10
19885,10,0,10
19886,10,0,10
19887,10,0,10
19888,10,0,10
19889,10,0,10
19890,10,0,10
19891,10,0,10
19892,10,4,4
19893,10,4,4
19894,10,0,10
19895,10,0,10
19896,10,0,10
19897,10,0,10
19898,10,0,10
19899,10,0,10
19900,10,0,10
19901,10,0,10
19902,10,0,10
19903,10,0,10
19904,10,2,9
19905,10,0,10
19906,10,0,10
19907,10,2,9
19908,10,0,10
19909,10,2,9
19910,10,0,10
19911,10,0,10
19912,10,2,9
19913,10,2,9
19914,10,2,9
19915,10,4,4
19916,10,0,10
19917,10,0,10
19918,10,0,10
19919,10,0,10
19920,10,0,10
19921,10,0,10
19922,10,0,10
19923,10,0,10
19924,10,0,10
19925,10,0,10
19926,10,4,4
19927,10,0,10
19928,10,2,9
19929,10,2,9
19930,10,0,10
19931,10,0,10
19932,10,2,9
19933,10,0,10
19934,10,0,10
19935,10,0,10
19936,10,0,10
19937,10,0,10
19938,10,0,10
19939,10,0,10
19940,10,0,10
19941,10,0,10
19942,10,0,10
19943,10,0,10
19944,10,0,10
19945,10,2,9
19946,10,0,10
19947,10,0,10
19948,10,0,10
19949,10,0,10
19950,10,0,10
19951,10,0,10
19952,10,0,10
19953,10,4,4
19954,10,0,10
19955,10,0,10
19956,10,0,10
19957,10,0,10
19958,10,0,10
19959,10,0,10
19960,10,0,10
19961,10,0,10
19962,10,0,10
19963,10,0,10
19964,10,0,10
19965,10,0,10
19966,10,0,10
19967,10,0,10
19968,10,4,4
19969,10,2,9
19970,10,0,10
19971,10,0,10
19972,10,0,10
19973,10,0,10
19974,10,0,10
19975,10,0,10
19976,10,0,10
19977,10,0,10
19978,10,0,10
19979,10,0,10
19980,10,0,10
19981,10,0,10
19982,10,0,10
19983,10,4,4
19984,10,0,10
19985,10,0,10
19986,10,2,9
19987,10,2,9
19988,10,0,10
19989,10,0,10
19990,10,0,10
19991,10,0,10
19992,10,0,10
19993,10,0,10
19994,10,0,10
19995,10,0,10
19996,10,0,10
19997,10,0,10
19998,10,0,10
19999,10,0,10
20000,10,4,4
20001,10,0,10
20002,10,0,10
20003,10,2,9
20004,10,2,9
20005,10,0,10
20006,10,0,10
20007,10,0,10
20008,10,0,10
20009,10,2,9
20010,10,0,10
20011,10,0,10
20012,10,0,10
20013,10,2,9
20014,10,0,10
20015,10,0,10
20016,10,2,9
20017,10,0,10
20018,10,0,10
20019,10,2,9
20020,10,0,10
20021,10,0,10
20022,10,0,10
20023,10,0,10
20024,10,2,9
20025,10,0,10
20026,10,0,10
20027,10,0,10
20028,10,0,10
20029,10,0,10
20030,10,2,9
20031,10,0,10
20032,10,0,10
20033,10,0,10
20034,10,2,9
20035,10,0,10
20036,10,2,9
20037,10,0,10
20038,10,0,10
20039,10,2,9
20040,10,0,10
20041,10,0,10
20042,10,0,10
20043,10,0,10
20044,10,0,10
20045,10,0,10
20046,10,4,4
20047,10,4,4
20048,10,0,10
20049,10,0,10
20050,10,0,10
20051,10,0,10
20052,10,0,10
20053,10,0,10
20054,10,0,10
20055,10,2,9
20056,10,0,10
20057,10,0,10
20058,10,4,4
20059,10,0,10
20060,10,2,9
20061,10,2,9
20062,10,0,10
20063,10,0,10
20064,10,4,4
20065,10,0,10
20066,10,0,10
20067,10,0,10
20068,10,0,10
20069,10,0,10
20070,10,0,10
20071,10,2,9
20072,10,0,10
20073,10,0,10
20074,10,0,10
20075,10,0,10
20076,10,0,10
20077,10,0,10
20078,10,4,4
20079,10,0,10
20080,10,0,10
20081,10,0,10
20082,10,2,9
20083,10,0,10
20084,10,0,10
20085,10,0,10
20086,10,0,10
20087,10,2,9
20088,10,0,10
20089,10,0,10
20090,10,0,10
20091,10,0,10
20092,10,0,10
20093,10,0,10
20094,10,0,10
20095,10,0,10
20096,10,0,10
20097,10,0,10
20098,10,0,10
20099,10,0,10
20100,10,0,10
20101,10,2,9
20102,10,0,10
20103,10,0,10
20104,10,0,10
20105,10,4,4
20106,10,0,10
20107,10,0,10
20108,10,2,9
20109,10,4,4
20110,10,0,10
20111,10,0,10
20112,10,2,9
20113,10,0,10
20114,10,2,9
20115,10,0,10
20116,10,0,10
20117,10,0,10
20118,10,0,10
20119,10,0,10
20120,10,0,10
20121,10,0,10
20122,10,0,10
20123,10,2,9
20124,10,2,9
20125,10,0,10
20126,10,0,10
20127,10,0,10
20128,10,0,10
20129,10,0,10
20130,10,0,10
20131,10,4,4
20132,10,2,9
20133,10,2,9
20134,10,0,10
20135,10,2,9
20136,10,0,10
20137,10,0,10
20138,10,0,10
20139,10,0,10
20140,10,0,10
20141,10,0,10
20142,10,0,10
20143,10,0,10
20144,10,0,10
20145,10,0,10
20146,10,0,10
20147,10,0,10
20148,10,0,10
20149,10,0,10
20150,10,2,9
20151,10,2,9
20152,10,2,9
20153,10,2,9
20154,10,0,10
20155,10,2,9
20156,10,0,10
20157,10,0,10
20158,10,2,9
20159,10,0,10
20160,10,0,10
20161,10,0,10
20162,10,0,10
20163,10,0,10
20164,10,0,10
20165,10,4,4
20166,10,0,10
20167,10,0,10
20168,10,0,10
20169,10,0,10
20170,10,0,10
20171,10,0,10
20172,10,0,10
20173,10,0,10
20174,10,0,10
20175,10,0,10
20176,10,2,9
20177,10,2,9
20178,10,0,10
20179,10,0,10
20180,10,0,10
20181,10,0,10
20182,10,0,10
20183,10,2,9
20184,10,4,4
20185,10,2,9
20186,10,2,9
20187,10,4,4
20188,10,4,4
20189,10,0,10
20190,10,0,10
20191,10,2,9
20192,10,0,10
20193,10,0,10
20194,10,0,10
20195,10,0,10
20196,10,0,10
20197,10,0,10
20198,10,0,10
20199,10,2,9
20200,10,0,10
20201,10,0,10
20202,10,0,10
20203,10,0,10
20204,10,2,9
20205,10,0,10
20206,10,2,9
20207,10,0,10
20208,10,0,10
20209,10,0,10
20210,10,0,10
20211,10,4,4
20212,10,2,9
20213,10,2,9
20214,10,4,4
20215,10,0,10
20216,10,2,9
20217,10,2,9
20218,10,0,10
20219,10,4,4
20220,10,0,10
20221,10,0,10
20222,10,0,10
20223,10,2,9
20224,10,0,10
20225,10,0,10
20226,10,0,10
20227,10,0,10
20228,10,4,4
20229,10,4,4
20230,10,3,17
20231,10,2,9
20232,10,0,10
20233,10,0,10
20234,10,0,10
20235,10,0,10
20236,10,0,10
20237,10,0,10
20238,10,0,10
20239,10,2,9
20240,10,0,10
20241,10,0,10
20242,10,0,10
20243,10,0,10
20244,10,4,4
20245,10,0,10
20246,10,0,10
20247,10,4,4
20248,10,0,10
20249,10,0,10
20250,10,0,10
20251,10,0,10
20252,10,2,9
20253,10,0,10
20254,10,2,9
20255,10,0,10
20256,10,0,10
20257,10,0,10
20258,10,0,10
20259,10,0,10
20260,10,0,10
20261,10,0,10
20262,10,2,9
20263,10,0,10
20264,10,0,10
20265,10,0,10
20266,10,2,9
20267,10,4,4
20268,10,0,10
20269,10,0,10
20270,10,0,10
20271,10,0,10
20272,10,0,10
20273,10,0,10
20274,10,0,10
20275,10,2,9
20276,10,2,9
20277,10,0,10
20278,10,0,10
20279,10,0,10
20280,10,0,10
20281,10,0,10
20282,10,0,10
20283,10,0,10
20284,10,0,10
20285,10,0,10
20286,10,0,10
20287,10,2,9
20288,10,0,10
20289,10,0,10
20290,10,0,10
20291,10,2,9
20292,10,2,9
20293,10,0,10
20294,10,0,10
20295,10,0,10
20296,10,4,4
20297,10,4,4
20298,10,4,4
20299,10,0,10
20300,10,0,10
20301,10,0,10
20302,10,2,9
20303,10,0,10
20304,10,0,10
20305,10,0,10
20306,10,0,10
20307,10,2,9
20308,10,2,9
20309,10,0,10
20310,10,0,10
20311,10,0,10
20312,10,0,10
20313,10,2,9
20314,10,0,10
20315,10,2,9
20316,10,2,9
20317,10,0,10
20318,10,0,10
20319,10,0,10
20320,10,0,10
20321,10,0,10
20322,10,0,10
20323,10,0,10
20324,10,0,10
20325,10,2,9
20326,10,2,9
20327,10,0,10
20328,10,0,10
20329,10,0,10
20330,10,0,10
20331,10,2,9
20332,10,2,9
20333,10,0,10
20334,10,4,4
20335,10,0,10
20336,10,0,10
20337,10,2,9
20338,10,4,4
20339,10,4,4
20340,10,0,10
20341,10,2,9
20342,10,0,10
20343,10,2,9
20344,10,2,9
20345,10,2,9
20346,10,0,10
20347,10,0,10
20348,10,0,10
20349,10,0,10
20350,10,0,10
20351,10,2,9
20352,10,4,4
20353,10,0,10
20354,10,2,9
20355,10,0,10
20356,10,4,4
20357,10,2,9
20358,10,2,9
20359,10,0,10
20360,10,0,10
20361,10,0,10
20362,10,0,10
20363,10,0,10
20364,10,2,9
20365,10,0,10
20366,10,0,10
20367,10,0,10
20368,10,0,10
20369,10,0,10
20370,10,0,10
20371,10,0,10
20372,10,4,4
20373,10,0,10
20374,10,2,9
20375,10,4,4
20376,10,0,10
20377,10,2,9
20378,10,0,10
20379,10,0,10
20380,10,0,10
20381,10,0,10
20382,10,0,10
20383,10,0,10
20384,10,0,10
20385,10,0,10
20386,10,0,10
20387,10,0,10
20388,10,0,10
20389,10,0,10
20390,10,0,10
20391,10,4,4
20392,10,0,10
20393,10,4,4
20394,10,0,10
20395,10,0,10
20396,10,0,10
20397,10,0,10
20398,10,0,10
20399,10,0,10
20400,10,0,10
20401,10,0,10
20402,10,0,10
20403,10,2,9
20404,10,0,10
20405,10,0,10
20406,10,4,4
20407,10,0,10
20408,10,0,10
20409,10,0,10
20410,10,0,10
20411,10,0,10
20412,10,0,10
20413,10,0,10
20414,10,0,10
20415,10,0,10
20416,10,2,9
20417,10,0,10
20418,10,0,10
20419,10,0,10
20420,10,0,10
20421,10,0,10
20422,10,0,10
20423,10,0,10
20424,10,4,4
20425,10,0,10
20426,10,0,10
20427,10,0,10
20428,10,0,10
20429,10,0,10
20430,10,0,10
20431,10,0,10
20432,10,0,10
20433,10,2,9
20434,10,0,10
20435,10,0,10
20436,10,0,10
20437,10,4,4
20438,10,2,9
20439,10,2,9
20440,10,0,10
20441,10,0,10
20442,10,2,9
20443,10,0,10
20444,10,0,10
20445,10,0,10
20446,10,0,10
20447,10,0,10
20448,10,0,10
20449,10,0,10
20450,10,0,10
20451,10,0,10
20452,10,2,9
20453,10,0,10
20454,10,0,10
20455,10,0,10
20456,10,0,10
20457,10,0,10
20458,10,2,9
20459,10,0,10
20460,10,0,10
20461,10,0,10
20462,10,4,4
20463,10,0,10
20464,10,0,10
20465,10,0,10
20466,10,0,10
20467,10,0,10
20468,10,0,10
20469,10,0,10
20470,10,4,4
20471,10,4,4
20472,10,2,9
20473,10,2,9
20474,10,2,9
20475,10,0,10
20476,10,2,9
20477,10,0,10
20478,10,0,10
20479,10,0,10
20480,10,4,4
20481,10,0,10
20482,10,0,10
20483,10,0,10
20484,10,0,10
20485,10,4,4
20486,10,2,9
20487,10,2,9
20488,10,0,10
20489,10,4,4
20490,10,2,9
20491,10,0,10
20492,10,4,4
20493,10,2,9
20494,10,0,10
20495,10,0,10
20496,10,0,10
20497,10,2,9
20498,10,0,10
20499,10,0,10
20500,10,0,10
20501,10,0,10
20502,10,0,10
20503,10,0,10
20504,10,4,4
20505,10,0,10
20506,10,0,10
20507,10,0,10
20508,10,2,9
20509,10,0,10
20510,10,0,10
20511,10,2,9
20512,10,0,10
20513,10,0,10
20514,10,0,10
20515,10,0,10
20516,10,0,10
20517,10,0,10
20518,10,0,10
20519,10,4,4
20520,10,4,4
20521,10,0,10
20522,10,2,9
20523,10,0,10
20524,10,0,10
20525,10,0,10
20526,10,0,10
20527,10,0,10
20528,10,0,10
20529,10,0,10
20530,10,0,10
20531,10,0,10
20532,10,4,4
20533,15,2,9
20534,15,0,10
20535,15,0,10
20536,15,0,10
20537,15,0,10
20538,15,0,10
20539,15,0,10
20540,15,4,4
20541,15,0,10
20542,15,0,10
20543,15,0,10
20544,15,0,10
20545,15,2,9
20546,15,0,10
20547,15,4,4
20548,15,2,9
20549,15,2,9
20550,15,2,9
20551,15,0,10
20552,15,2,9
20553,15,2,9
20554,15,0,10
20555,15,0,10
20556,15,0,10
20557,15,0,10
20558,15,0,10
20559,15,2,9
20560,15,2,9
20561,15,0,10
20562,15,0,10
20563,15,0,10
20564,15,0,10
20565,15,0,10
20566,15,2,9
20567,15,2,9
20568,15,0,10
20569,15,0,10
20570,15,2,9
20571,15,2,9
20572,15,0,10
20573,15,0,10
20574,15,4,4
20575,15,0,10
20576,15,2,9
20577,15,0,10
20578,15,2,9
20579,15,0,10
20580,15,4,4
20581,15,0,10
20582,15,0,10
20583,15,4,4
20584,15,0,10
20585,15,0,10
20586,15,0,10
20587,15,0,10
20588,15,0,10
20589,15,0,10
20590,15,0,10
20591,15,0,10
20592,15,0,10
20593,15,4,4
20594,15,0,10
20595,15,0,10
20596,15,0,10
20597,15,0,10
20598,15,2,9
20599,15,2,9
20600,15,0,10
20601,15,0,10
20602,15,0,10
20603,15,0,10
20604,15,4,4
20605,15,0,10
20606,15,0,10
20607,15,0,10
20608,15,0,10
20609,15,2,9
20610,15,0,10
20611,15,0,10
20612,15,2,9
20613,15,0,10
20614,15,2,9
20615,15,2,9
20616,15,0,10
20617,15,0,10
20618,15,0,10
20619,15,4,4
20620,15,4,4
20621,15,4,4
20622,15,4,4
20623,15,2,9
20624,15,0,10
20625,15,2,9
20626,15,2,9
20627,15,0,10
20628,15,2,9
20629,15,0,10
20630,15,0,10
20631,15,0,10
20632,15,0,10
20633,15,0,10
20634,15,0,10
20635,15,0,10
20636,15,0,10
20637,15,0,10
20638,15,0,10
20639,15,0,10
20640,15,0,10
20641,15,2,9
20642,15,0,10
20643,15,0,10
20644,15,0,10
20645,15,2,9
20646,15,0,10
20647,15,0,10
20648,15,2,9
20649,15,0,10
20650,15,4,4
20651,15,0,10
20652,15,0,10
20653,15,0,10
20654,15,0,10
20655,15,4,4
20656,15,0,10
20657,15,0,10
20658,15,0,10
20659,15,2,9
20660,15,0,10
20661,15,0,10
20662,15,0,10
20663,15,0,10
20664,15,0,10
20665,15,0,10
20666,15,0,10
20667,15,0,10
20668,15,0,10
20669,15,0,10
20670,15,0,10
20671,15,0,10
20672,15,0,10
20673,15,0,10
20674,15,2,9
20675,15,0,10
20676,15,0,10
20677,15,2,9
20678,15,0,10
20679,15,0,10
20680,15,2,9
20681,15,0,10
20682,15,0,10
20683,16,0,10
20684,16,0,10
20685,16,2,9
20686,16,0,10
20687,16,0,10
20688,16,0,10
20689,16,2,9
20690,16,0,10
20691,16,0,10
20692,16,0,10
20693,16,0,10
20694,16,2,9
20695,16,0,10
20696,16,2,9
20697,16,4,4
20698,16,2,9
20699,16,0,10
20700,16,4,4
20701,16,0,10
20702,16,0,10
20703,16,0,10
20704,16,2,9
20705,16,0,10
20706,16,0,10
20707,16,0,10
20708,16,2,9
20709,16,0,10
20710,16,0,10
20711,16,0,10
20712,16,4,4
20713,16,0,10
20714,16,0,10
20715,16,0,10
20716,16,0,10
20717,16,0,10
20718,16,2,9
20719,16,2,9
20720,16,0,10
20721,16,0,10
20722,16,0,10
20723,16,0,10
20724,16,0,10
20725,16,2,9
20726,16,0,10
20727,16,0,10
20728,16,0,10
20729,16,0,10
20730,16,0,10
20731,16,0,10
20732,16,2,9
20733,16,2,9
20734,16,0,10
20735,16,0,10
20736,16,2,9
20737,16,0,10
20738,16,0,10
20739,16,0,10
20740,16,0,10
20741,16,4,4
20742,16,0,10
20743,16,0,10
20744,16,4,4
20745,16,4,4
20746,16,4,4
20747,16,4,4
20748,16,0,10
20749,16,4,4
20750,16,0,10
20751,16,0,10
20752,16,0,10
20753,16,0,10
20754,16,0,10
20755,16,0,10
20756,16,0,10
20757,16,2,9
20758,16,0,10
20759,16,0,10
20760,16,0,10
20761,16,0,10
20762,16,0,10
20763,16,4,4
20764,16,0,10
20765,16,0,10
20766,16,2,9
20767,16,0,10
20768,16,2,9
20769,16,0,10
20770,16,2,9
20771,16,0,10
20772,16,0,10
20773,16,0,10
20774,16,0,10
20775,16,0,10
20776,16,0,10
20777,16,4,4
20778,16,0,10
20779,16,2,9
20780,16,2,9
20781,16,0,10
20782,16,2,9
20783,16,0,10
20784,16,0,10
20785,16,0,10
20786,16,2,9
20787,16,2,9
20788,16,0,10
20789,16,0,10
20790,16,0,10
20791,16,0,10
20792,16,0,10
20793,16,0,10
20794,16,0,10
20795,16,0,10
20796,16,0,10
20797,16,0,10
20798,16,2,9
20799,16,0,10
20800,16,2,9
20801,16,0,10
20802,16,0,10
20803,16,2,9
20804,16,0,10
20805,16,0,10
20806,16,0,10
20807,16,0,10
20808,16,2,9
20809,16,0,10
20810,16,0,10
20811,16,0,10
20812,16,0,10
20813,16,0,10
20814,16,0,10
20815,16,2,9
20816,16,0,10
20817,16,4,4
20818,16,0,10
20819,16,0,10
20820,16,0,10
20821,16,0,10
20822,16,0,10
20823,16,0,10
20824,16,0,10
20825,16,2,9
20826,16,2,9
20827,16,0,10
20828,16,0,10
20829,16,0,10
20830,16,0,10
20831,16,2,9
20832,16,0,10
20833,16,0,10
20834,16,2,9
20835,16,0,10
20836,16,2,9
20837,16,2,9
20838,16,0,10
20839,16,0,10
20840,16,2,9
20841,16,0,10
20842,16,4,4
20843,16,0,10
20844,16,0,10
20845,16,0,10
20846,16,2,9
20847,16,0,10
20848,16,0,10
20849,16,0,10
20850,16,0,10
20851,16,4,4
20852,16,0,10
20853,16,0,10
20854,16,0,10
20855,16,0,10
20856,16,0,10
20857,16,2,9
20858,16,2,9
20859,16,0,10
20860,16,0,10
20861,16,4,4
20862,16,2,9
20863,16,2,9
20864,16,0,10
20865,16,0,10
20866,16,0,10
20867,16,0,10
20868,16,0,10
20869,16,0,10
20870,16,2,9
20871,16,0,10
20872,16,0,10
20873,16,0,10
20874,16,0,10
20875,16,0,10
20876,16,4,4
20877,16,0,10
20878,16,0,10
20879,16,0,10
20880,16,0,10
20881,16,0,10
20882,16,0,10
20883,16,2,9
20884,16,4,4
20885,16,4,4
20886,16,0,10
20887,16,2,9
20888,16,0,10
20889,16,0,10
20890,16,2,9
20891,16,0,10
20892,16,2,9
20893,16,0,10
20894,16,2,9
20895,16,0,10
20896,16,0,10
20897,16,0,10
20898,16,0,10
20899,16,0,10
20900,16,0,10
20901,16,4,4
20902,16,2,9
20903,16,0,10
20904,16,0,10
20905,16,4,4
20906,16,0,10
20907,16,4,4
20908,16,0,10
20909,16,2,9
20910,16,2,9
20911,16,0,10
20912,16,0,10
20913,16,0,10
20914,16,0,10
20915,16,2,9
20916,16,2,9
20917,16,0,10
20918,16,0,10
20919,16,0,10
20920,16,0,10
