cell_id,true_label,pred_label_raw,pred_label_aligned
0,13,16,7
1,13,11,18
2,13,16,7
3,13,10,4
4,13,11,18
5,13,11,18
6,13,11,18
7,13,17,17
8,13,4,13
9,13,2,9
10,13,2,9
11,13,17,17
12,13,18,0
13,13,19,19
14,13,16,7
15,13,11,18
16,13,11,18
17,13,2,9
18,13,16,7
19,13,17,17
20,13,7,3
21,13,17,17
22,13,17,17
23,13,10,4
24,13,0,12
25,13,1,5
26,13,18,0
27,13,16,7
28,13,7,3
29,13,18,0
30,13,7,3
31,13,11,18
32,13,2,9
33,13,17,17
34,13,17,17
35,13,10,4
36,13,17,17
37,13,16,7
38,13,17,17
39,13,16,7
40,13,16,7
41,13,3,8
42,13,16,7
43,13,10,4
44,13,7,3
45,13,1,5
46,13,14,2
47,13,4,13
48,13,2,9
49,13,8,10
50,13,16,7
51,13,10,4
52,13,4,13
53,13,17,17
54,13,6,15
55,13,15,11
56,13,5,1
57,13,16,7
58,13,17,17
59,13,14,2
60,13,5,1
61,13,9,6
62,13,16,7
63,13,11,18
64,13,10,4
65,13,18,0
66,13,4,13
67,13,17,17
68,13,10,4
69,13,7,3
70,13,3,8
71,13,9,6
72,13,2,9
73,13,16,7
74,13,11,18
75,13,17,17
76,13,11,18
77,13,4,13
78,13,1,5
79,13,8,10
80,13,19,19
81,13,12,14
82,13,4,13
83,13,7,3
84,13,5,1
85,13,17,17
86,13,17,17
87,13,3,8
88,13,12,14
89,13,4,13
90,13,12,14
91,13,2,9
92,13,16,7
93,13,10,4
94,13,17,17
95,13,10,4
96,13,10,4
97,13,9,6
98,13,5,1
99,13,10,4
100,13,11,18
101,13,14,2
102,13,17,17
103,13,5,1
104,13,11,18
105,13,16,7
106,13,10,4
107,13,11,18
108,13,5,1
109,13,10,4
110,13,14,2
111,13,3,8
112,13,9,6
113,13,5,1
114,13,5,1
115,13,5,1
116,13,3,8
117,13,3,8
118,13,3,8
119,13,11,18
120,13,0,12
121,13,17,17
122,13,17,17
123,13,4,13
124,13,3,8
125,13,7,3
126,13,16,7
127,13,14,2
128,13,11,18
129,13,16,7
130,13,2,9
131,13,11,18
132,13,16,7
133,13,11,18
134,13,8,10
135,13,7,3
136,13,16,7
137,13,16,7
138,13,2,9
139,13,19,19
140,13,17,17
141,13,16,7
142,13,2,9
143,13,2,9
144,13,10,4
145,13,16,7
146,13,7,3
147,13,11,18
148,13,11,18
149,13,3,8
150,13,1,5
151,13,17,17
152,13,10,4
153,13,16,7
154,13,11,18
155,13,7,3
156,13,16,7
157,13,17,17
158,13,12,14
159,13,1,5
160,13,14,2
161,13,16,7
162,13,9,6
163,13,8,10
164,13,16,7
165,13,16,7
166,13,10,4
167,13,16,7
168,13,2,9
169,13,11,18
170,13,12,14
171,13,10,4
172,13,10,4
173,13,16,7
174,13,11,18
175,13,5,1
176,13,12,14
177,13,17,17
178,13,17,17
179,13,11,18
180,13,4,13
181,13,5,1
182,13,3,8
183,13,4,13
184,13,4,13
185,13,5,1
186,13,14,2
187,13,3,8
188,13,3,8
189,13,16,7
190,13,12,14
191,13,9,6
192,13,3,8
193,13,3,8
194,13,17,17
195,13,10,4
196,13,8,10
197,13,8,10
198,13,2,9
199,13,16,7
200,13,3,8
201,13,17,17
202,13,17,17
203,13,11,18
204,13,2,9
205,13,16,7
206,13,3,8
207,13,16,7
208,13,5,1
209,13,5,1
210,13,5,1
211,13,4,13
212,13,16,7
213,13,3,8
214,13,12,14
215,13,12,14
216,13,12,14
217,13,2,9
218,13,16,7
219,13,10,4
220,13,0,12
221,13,3,8
222,13,11,18
223,13,5,1
224,13,16,7
225,13,16,7
226,13,14,2
227,13,18,0
228,13,12,14
229,13,4,13
230,13,2,9
231,13,17,17
232,13,4,13
233,13,9,6
234,13,10,4
235,13,4,13
236,13,9,6
237,13,9,6
238,13,4,13
239,13,8,10
240,13,13,16
241,13,7,3
242,13,11,18
243,13,17,17
244,13,3,8
245,13,17,17
246,13,10,4
247,13,3,8
248,13,17,17
249,13,11,18
250,13,7,3
251,13,17,17
252,13,1,5
253,13,11,18
254,13,2,9
255,13,1,5
256,13,2,9
257,13,12,14
258,13,4,13
259,13,3,8
260,13,4,13
261,13,11,18
262,13,17,17
263,13,10,4
264,13,2,9
265,13,11,18
266,13,17,17
267,13,16,7
268,13,2,9
269,13,4,13
270,13,14,2
271,13,16,7
272,13,3,8
273,13,16,7
274,13,4,13
275,13,18,0
276,13,4,13
277,13,16,7
278,13,10,4
279,13,16,7
280,13,16,7
281,13,10,4
282,13,11,18
283,13,17,17
284,13,8,10
285,13,9,6
286,13,10,4
287,13,4,13
288,13,18,0
289,13,2,9
290,13,17,17
291,13,18,0
292,13,16,7
293,13,17,17
294,13,11,18
295,13,9,6
296,13,11,18
297,13,7,3
298,13,14,2
299,13,11,18
300,13,14,2
301,13,11,18
302,13,4,13
303,13,17,17
304,13,4,13
305,13,16,7
306,13,17,17
307,13,17,17
308,13,10,4
309,13,10,4
310,13,16,7
311,13,16,7
312,13,4,13
313,13,3,8
314,13,2,9
315,13,10,4
316,13,11,18
317,13,9,6
318,13,17,17
319,13,11,18
320,13,3,8
321,13,4,13
322,13,2,9
323,13,11,18
324,13,17,17
325,13,9,6
326,13,7,3
327,13,17,17
328,13,12,14
329,13,17,17
330,13,5,1
331,13,12,14
332,13,10,4
333,13,9,6
334,13,11,18
335,13,17,17
336,13,16,7
337,13,10,4
338,13,17,17
339,13,14,2
340,13,18,0
341,13,2,9
342,13,4,13
343,13,4,13
344,13,16,7
345,13,9,6
346,13,4,13
347,13,17,17
348,13,17,17
349,13,10,4
350,13,11,18
351,13,17,17
352,13,4,13
353,13,12,14
354,13,6,15
355,13,11,18
356,13,10,4
357,13,2,9
358,13,4,13
359,13,11,18
360,13,9,6
361,13,17,17
362,13,18,0
363,13,12,14
364,13,17,17
365,13,3,8
366,13,14,2
367,13,6,15
368,13,16,7
369,13,16,7
370,13,10,4
371,13,6,15
372,13,12,14
373,13,11,18
374,13,11,18
375,13,11,18
376,13,17,17
377,13,2,9
378,13,11,18
379,13,11,18
380,13,17,17
381,13,18,0
382,13,10,4
383,13,19,19
384,13,3,8
385,13,16,7
386,13,12,14
387,13,8,10
388,13,17,17
389,13,3,8
390,13,16,7
391,13,18,0
392,12,11,18
393,12,11,18
394,12,16,7
395,12,5,1
396,12,17,17
397,12,9,6
398,12,6,15
399,12,11,18
400,12,17,17
401,12,19,19
402,12,17,17
403,12,9,6
404,12,4,13
405,12,4,13
406,12,2,9
407,12,3,8
408,12,16,7
409,12,16,7
410,12,2,9
411,12,16,7
412,12,2,9
413,12,18,0
414,12,12,14
415,12,19,19
416,12,17,17
417,12,17,17
418,12,16,7
419,12,17,17
420,12,7,3
421,12,6,15
422,12,4,13
423,12,14,2
424,12,17,17
425,12,4,13
426,12,16,7
427,12,14,2
428,12,16,7
429,12,6,15
430,12,4,13
431,12,14,2
432,12,2,9
433,12,16,7
434,12,2,9
435,12,13,16
436,12,16,7
437,12,16,7
438,12,4,13
439,12,2,9
440,12,16,7
441,12,10,4
442,12,2,9
443,12,11,18
444,12,17,17
445,12,2,9
446,12,14,2
447,12,10,4
448,12,11,18
449,12,14,2
450,12,11,18
451,12,5,1
452,12,5,1
453,12,5,1
454,12,2,9
455,12,10,4
456,12,6,15
457,12,4,13
458,12,0,12
459,12,11,18
460,12,10,4
461,12,4,13
462,12,12,14
463,12,11,18
464,12,3,8
465,12,9,6
466,12,16,7
467,12,10,4
468,12,4,13
469,12,17,17
470,12,7,3
471,12,5,1
472,12,2,9
473,12,16,7
474,12,17,17
475,12,16,7
476,12,16,7
477,12,17,17
478,12,10,4
479,12,4,13
480,12,3,8
481,12,6,15
482,12,10,4
483,12,11,18
484,12,14,2
485,12,16,7
486,12,17,17
487,12,17,17
488,12,12,14
489,12,10,4
490,12,10,4
491,12,4,13
492,12,14,2
493,12,11,18
494,12,10,4
495,12,16,7
496,12,16,7
497,12,12,14
498,12,8,10
499,12,14,2
500,12,11,18
501,12,5,1
502,12,7,3
503,12,19,19
504,12,5,1
505,12,11,18
506,12,16,7
507,12,11,18
508,12,5,1
509,12,14,2
510,12,11,18
511,12,16,7
512,12,16,7
513,12,11,18
514,12,11,18
515,12,11,18
516,12,12,14
517,12,3,8
518,12,17,17
519,12,11,18
520,12,16,7
521,12,14,2
522,12,3,8
523,1,16,7
524,1,11,18
525,1,16,7
526,1,19,19
527,1,14,2
528,1,3,8
529,1,16,7
530,1,4,13
531,1,17,17
532,1,2,9
533,1,12,14
534,1,12,14
535,1,4,13
536,1,3,8
537,1,14,2
538,1,5,1
539,1,16,7
540,1,11,18
541,1,17,17
542,1,10,4
543,1,17,17
544,1,7,3
545,1,17,17
546,1,17,17
547,1,2,9
548,1,16,7
549,1,14,2
550,1,4,13
551,1,18,0
552,1,12,14
553,1,11,18
554,1,14,2
555,1,12,14
556,1,12,14
557,1,5,1
558,1,17,17
559,1,4,13
560,1,11,18
561,1,16,7
562,1,12,14
563,1,16,7
564,1,16,7
565,1,17,17
566,1,5,1
567,1,10,4
568,1,5,1
569,1,16,7
570,1,17,17
571,1,5,1
572,1,11,18
573,1,17,17
574,1,18,0
575,1,19,19
576,1,4,13
577,1,16,7
578,1,11,18
579,1,16,7
580,1,6,15
581,1,4,13
582,1,16,7
583,1,17,17
584,1,3,8
585,1,10,4
586,1,16,7
587,1,10,4
588,1,9,6
589,1,17,17
590,1,17,17
591,1,4,13
592,1,16,7
593,1,1,5
594,1,10,4
595,1,17,17
596,1,11,18
597,1,12,14
598,1,19,19
599,1,1,5
600,1,2,9
601,1,2,9
602,1,14,2
603,1,3,8
604,1,15,11
605,1,7,3
606,1,5,1
607,1,16,7
608,1,3,8
609,1,11,18
610,1,2,9
611,1,17,17
612,1,17,17
613,1,11,18
614,1,10,4
615,1,17,17
616,1,17,17
617,1,9,6
618,1,11,18
619,1,14,2
620,1,11,18
621,1,14,2
622,1,12,14
623,1,9,6
624,1,16,7
625,1,11,18
626,1,10,4
627,1,16,7
628,1,10,4
629,1,10,4
630,1,9,6
631,1,10,4
632,1,17,17
633,1,16,7
634,1,16,7
635,1,2,9
636,1,17,17
637,1,11,18
638,1,19,19
639,1,9,6
640,1,12,14
641,1,2,9
642,1,17,17
643,1,10,4
644,1,16,7
645,1,11,18
646,1,4,13
647,1,14,2
648,1,16,7
649,1,10,4
650,1,10,4
651,1,9,6
652,1,18,0
653,1,4,13
654,1,16,7
655,1,11,18
656,1,16,7
657,1,5,1
658,1,4,13
659,1,11,18
660,1,12,14
661,1,5,1
662,1,19,19
663,1,9,6
664,1,14,2
665,1,4,13
666,1,11,18
667,1,17,17
668,1,4,13
669,1,14,2
670,1,11,18
671,1,2,9
672,1,16,7
673,1,16,7
674,1,17,17
675,1,9,6
676,1,8,10
677,1,12,14
678,1,14,2
679,1,9,6
680,1,7,3
681,1,12,14
682,1,16,7
683,1,17,17
684,1,4,13
685,1,16,7
686,1,5,1
687,1,11,18
688,1,2,9
689,1,17,17
690,1,14,2
691,1,5,1
692,1,16,7
693,1,4,13
694,1,4,13
695,1,3,8
696,1,16,7
697,1,5,1
698,1,3,8
699,1,2,9
700,1,11,18
701,1,12,14
702,1,16,7
703,1,11,18
704,1,3,8
705,1,17,17
706,1,17,17
707,1,17,17
708,1,12,14
709,1,4,13
710,1,16,7
711,1,17,17
712,1,4,13
713,1,10,4
714,1,16,7
715,1,14,2
716,1,11,18
717,1,17,17
718,1,14,2
719,1,16,7
720,1,11,18
721,1,4,13
722,1,3,8
723,1,16,7
724,1,4,13
725,1,9,6
726,1,16,7
727,1,9,6
728,1,17,17
729,1,17,17
730,1,18,0
731,1,18,0
732,1,17,17
733,1,3,8
734,1,18,0
735,1,16,7
736,1,17,17
737,1,14,2
738,1,9,6
739,1,3,8
740,1,2,9
741,1,10,4
742,1,11,18
743,1,19,19
744,1,4,13
745,1,19,19
746,1,10,4
747,1,14,2
748,1,2,9
749,1,10,4
750,1,3,8
751,1,4,13
752,1,2,9
753,1,3,8
754,1,10,4
755,1,2,9
756,1,11,18
757,1,16,7
758,1,5,1
759,1,4,13
760,1,11,18
761,1,10,4
762,1,4,13
763,3,12,14
764,3,4,13
765,3,11,18
766,3,5,1
767,3,9,6
768,3,12,14
769,3,12,14
770,3,12,14
771,3,4,13
772,3,16,7
773,3,9,6
774,3,16,7
775,3,16,7
776,3,16,7
777,3,10,4
778,3,9,6
779,3,10,4
780,3,10,4
781,3,17,17
782,3,17,17
783,3,2,9
784,3,16,7
785,3,16,7
786,3,6,15
787,3,10,4
788,3,5,1
789,3,2,9
790,3,11,18
791,3,11,18
792,3,2,9
793,3,2,9
794,3,4,13
795,3,17,17
796,3,16,7
797,3,4,13
798,3,3,8
799,3,2,9
800,3,5,1
801,3,16,7
802,3,4,13
803,3,11,18
804,3,10,4
805,3,12,14
806,3,7,3
807,3,17,17
808,3,7,3
809,3,5,1
810,3,3,8
811,3,16,7
812,3,1,5
813,3,2,9
814,3,14,2
815,3,11,18
816,3,14,2
817,3,11,18
818,3,14,2
819,3,1,5
820,3,4,13
821,3,4,13
822,3,10,4
823,3,14,2
824,3,5,1
825,3,3,8
826,3,11,18
827,3,11,18
828,3,4,13
829,3,3,8
830,3,7,3
831,3,10,4
832,3,14,2
833,3,17,17
834,3,2,9
835,3,16,7
836,3,17,17
837,3,10,4
838,3,11,18
839,3,11,18
840,3,16,7
841,3,10,4
842,3,14,2
843,3,11,18
844,3,17,17
845,3,16,7
846,3,16,7
847,11,4,13
848,11,9,6
849,11,16,7
850,11,17,17
851,11,11,18
852,11,11,18
853,11,17,17
854,11,4,13
855,11,4,13
856,11,11,18
857,11,11,18
858,11,17,17
859,11,12,14
860,11,17,17
861,11,16,7
862,11,12,14
863,11,16,7
864,11,12,14
865,11,14,2
866,11,4,13
867,11,3,8
868,11,5,1
869,11,7,3
870,11,9,6
871,11,3,8
872,11,10,4
873,11,16,7
874,11,4,13
875,11,17,17
876,11,16,7
877,11,9,6
878,11,11,18
879,11,16,7
880,11,2,9
881,11,12,14
882,11,12,14
883,11,17,17
884,11,14,2
885,11,4,13
886,11,17,17
887,11,10,4
888,11,10,4
889,11,16,7
890,11,10,4
891,11,9,6
892,11,11,18
893,11,10,4
894,11,9,6
895,11,10,4
896,11,9,6
897,11,11,18
898,11,17,17
899,11,16,7
900,11,10,4
901,11,16,7
902,11,16,7
903,11,17,17
904,11,2,9
905,11,2,9
906,11,16,7
907,11,9,6
908,11,16,7
909,11,16,7
910,11,2,9
911,11,16,7
912,11,14,2
913,11,10,4
914,11,16,7
915,11,18,0
916,11,5,1
917,11,14,2
918,11,14,2
919,11,17,17
920,11,14,2
921,11,9,6
922,11,16,7
923,11,2,9
924,11,9,6
925,11,11,18
926,11,17,17
927,11,17,17
928,11,11,18
929,11,14,2
930,11,10,4
931,11,17,17
932,11,16,7
933,11,3,8
934,11,17,17
935,11,17,17
936,11,5,1
937,11,2,9
938,11,18,0
939,11,3,8
940,11,2,9
941,11,16,7
942,11,10,4
943,11,16,7
944,11,16,7
945,11,12,14
946,11,3,8
947,11,15,11
948,11,11,18
949,11,14,2
950,11,2,9
951,11,5,1
952,11,9,6
953,11,11,18
954,11,3,8
955,11,11,18
956,11,16,7
957,11,19,19
958,11,10,4
959,11,12,14
960,11,5,1
961,11,12,14
962,11,16,7
963,11,11,18
964,11,2,9
965,11,2,9
966,11,4,13
967,11,11,18
968,11,12,14
969,11,4,13
970,11,14,2
971,11,10,4
972,11,12,14
973,11,12,14
974,11,3,8
975,11,5,1
976,11,9,6
977,11,4,13
978,11,16,7
979,11,16,7
980,11,10,4
981,11,2,9
982,11,16,7
983,11,2,9
984,11,16,7
985,11,17,17
986,11,16,7
987,11,11,18
988,11,9,6
989,11,2,9
990,11,12,14
991,11,16,7
992,11,11,18
993,11,7,3
994,11,11,18
995,11,9,6
996,11,14,2
997,11,9,6
998,11,10,4
999,11,10,4
1000,11,10,4
1001,11,16,7
1002,11,11,18
1003,11,16,7
1004,11,12,14
1005,11,16,7
1006,11,17,17
1007,11,7,3
1008,11,9,6
1009,11,10,4
1010,11,3,8
1011,11,19,19
1012,11,16,7
1013,11,4,13
1014,11,12,14
1015,11,4,13
1016,11,17,17
1017,11,17,17
1018,11,10,4
1019,11,12,14
1020,11,17,17
1021,11,11,18
1022,11,4,13
1023,11,16,7
1024,11,19,19
1025,11,7,3
1026,11,4,13
1027,11,16,7
1028,11,2,9
1029,11,4,13
1030,11,9,6
1031,11,16,7
1032,11,3,8
1033,11,9,6
1034,11,5,1
1035,11,8,10
1036,11,16,7
1037,11,9,6
1038,11,10,4
1039,11,3,8
1040,11,7,3
1041,11,17,17
1042,11,2,9
1043,11,17,17
1044,11,8,10
1045,11,11,18
1046,11,6,15
1047,11,15,11
1048,11,1,5
1049,11,4,13
1050,11,2,9
1051,11,2,9
1052,11,9,6
1053,11,5,1
1054,11,10,4
1055,11,6,15
1056,11,16,7
1057,11,4,13
1058,11,2,9
1059,11,4,13
1060,11,12,14
1061,11,2,9
1062,11,9,6
1063,11,16,7
1064,11,14,2
1065,11,2,9
1066,11,4,13
1067,11,4,13
1068,11,5,1
1069,11,14,2
1070,11,17,17
1071,4,3,8
1072,4,16,7
1073,4,2,9
1074,4,9,6
1075,4,10,4
1076,4,3,8
1077,4,11,18
1078,4,5,1
1079,4,17,17
1080,4,17,17
1081,4,18,0
1082,4,14,2
1083,4,14,2
1084,4,4,13
1085,4,4,13
1086,4,16,7
1087,4,7,3
1088,4,11,18
1089,4,2,9
1090,4,9,6
1091,4,17,17
1092,4,11,18
1093,4,3,8
1094,4,16,7
1095,4,0,12
1096,4,16,7
1097,4,3,8
1098,4,14,2
1099,4,3,8
1100,4,4,13
1101,4,16,7
1102,4,10,4
1103,4,2,9
1104,4,5,1
1105,4,16,7
1106,4,2,9
1107,4,10,4
1108,4,11,18
1109,4,10,4
1110,4,2,9
1111,4,16,7
1112,4,14,2
1113,4,10,4
1114,4,18,0
1115,4,10,4
1116,4,4,13
1117,4,10,4
1118,4,9,6
1119,4,16,7
1120,4,14,2
1121,4,16,7
1122,4,19,19
1123,4,10,4
1124,4,16,7
1125,4,16,7
1126,4,11,18
1127,4,11,18
1128,4,4,13
1129,4,18,0
1130,4,12,14
1131,4,12,14
1132,4,19,19
1133,4,2,9
1134,4,14,2
1135,4,9,6
1136,4,2,9
1137,4,3,8
1138,4,10,4
1139,4,4,13
1140,4,3,8
1141,4,3,8
1142,4,3,8
1143,4,16,7
1144,4,12,14
1145,4,14,2
1146,4,2,9
1147,4,9,6
1148,4,16,7
1149,4,17,17
1150,4,3,8
1151,4,4,13
1152,4,19,19
1153,4,18,0
1154,4,14,2
1155,4,4,13
1156,4,10,4
1157,4,14,2
1158,4,16,7
1159,4,12,14
1160,4,10,4
1161,4,17,17
1162,4,17,17
1163,4,2,9
1164,4,19,19
1165,4,14,2
1166,4,11,18
1167,4,11,18
1168,4,11,18
1169,4,18,0
1170,4,4,13
1171,4,4,13
1172,4,14,2
1173,4,5,1
1174,4,17,17
1175,4,4,13
1176,4,4,13
1177,4,17,17
1178,4,11,18
1179,4,10,4
1180,4,14,2
1181,4,9,6
1182,4,14,2
1183,4,11,18
1184,4,11,18
1185,4,2,9
1186,4,10,4
1187,4,18,0
1188,4,17,17
1189,4,10,4
1190,4,14,2
1191,4,6,15
1192,4,2,9
1193,4,19,19
1194,4,3,8
1195,4,10,4
1196,4,10,4
1197,4,4,13
1198,4,7,3
1199,4,16,7
1200,4,14,2
1201,4,16,7
1202,4,17,17
1203,4,2,9
1204,4,9,6
1205,4,17,17
1206,4,2,9
1207,4,17,17
1208,4,18,0
1209,4,10,4
1210,4,10,4
1211,4,9,6
1212,4,6,15
1213,4,17,17
1214,4,17,17
1215,4,11,18
1216,4,3,8
1217,4,12,14
1218,4,11,18
1219,4,11,18
1220,4,14,2
1221,4,10,4
1222,4,16,7
1223,4,12,14
1224,4,17,17
1225,4,19,19
1226,4,10,4
1227,4,4,13
1228,4,16,7
1229,4,18,0
1230,4,17,17
1231,4,7,3
1232,4,2,9
1233,4,19,19
1234,4,7,3
1235,4,12,14
1236,4,16,7
1237,4,14,2
1238,4,17,17
1239,4,6,15
1240,4,16,7
1241,4,5,1
1242,4,14,2
1243,4,17,17
1244,4,12,14
1245,4,11,18
1246,4,2,9
1247,4,11,18
1248,4,11,18
1249,4,11,18
1250,4,12,14
1251,4,14,2
1252,4,11,18
1253,4,2,9
1254,4,16,7
1255,4,5,1
1256,4,8,10
1257,4,11,18
1258,4,18,0
1259,4,10,4
1260,4,4,13
1261,4,16,7
1262,4,4,13
1263,4,11,18
1264,4,10,4
1265,4,16,7
1266,4,17,17
1267,4,14,2
1268,4,18,0
1269,4,16,7
1270,4,11,18
1271,4,17,17
1272,4,12,14
1273,4,12,14
1274,4,11,18
1275,4,11,18
1276,4,14,2
1277,4,11,18
1278,4,5,1
1279,4,16,7
1280,4,10,4
1281,4,19,19
1282,4,9,6
1283,4,8,10
1284,4,11,18
1285,4,10,4
1286,4,6,15
1287,4,7,3
1288,4,17,17
1289,4,16,7
1290,4,17,17
1291,4,4,13
1292,4,11,18
1293,4,10,4
1294,4,11,18
1295,4,16,7
1296,4,11,18
1297,4,2,9
1298,4,11,18
1299,4,10,4
1300,4,11,18
1301,4,4,13
1302,4,7,3
1303,4,12,14
1304,4,17,17
1305,4,17,17
1306,4,11,18
1307,4,7,3
1308,4,11,18
1309,4,16,7
1310,4,11,18
1311,4,17,17
1312,4,11,18
1313,4,10,4
1314,4,17,17
1315,4,17,17
1316,4,11,18
1317,4,10,4
1318,4,17,17
1319,4,11,18
1320,4,10,4
1321,4,10,4
1322,4,4,13
1323,4,10,4
1324,4,16,7
1325,4,14,2
1326,4,8,10
1327,4,16,7
1328,4,11,18
1329,4,3,8
1330,4,16,7
1331,4,11,18
1332,4,10,4
1333,4,11,18
1334,4,3,8
1335,4,12,14
1336,4,14,2
1337,4,16,7
1338,4,14,2
1339,4,10,4
1340,4,12,14
1341,4,14,2
1342,4,11,18
1343,4,17,17
1344,4,2,9
1345,4,14,2
1346,4,10,4
1347,4,11,18
1348,4,16,7
1349,4,2,9
1350,4,3,8
1351,4,11,18
1352,4,19,19
1353,4,12,14
1354,4,18,0
1355,4,11,18
1356,4,14,2
1357,4,16,7
1358,4,10,4
1359,4,10,4
1360,4,11,18
1361,4,5,1
1362,4,8,10
1363,4,3,8
1364,4,16,7
1365,4,11,18
1366,4,4,13
1367,4,17,17
1368,4,2,9
1369,4,17,17
1370,4,12,14
1371,4,2,9
1372,4,12,14
1373,4,16,7
1374,4,16,7
1375,4,16,7
1376,4,11,18
1377,4,11,18
1378,4,5,1
1379,4,5,1
1380,4,11,18
1381,4,10,4
1382,4,19,19
1383,4,9,6
1384,4,10,4
1385,4,6,15
1386,4,3,8
1387,4,3,8
1388,4,5,1
1389,4,10,4
1390,4,16,7
1391,4,3,8
1392,4,14,2
1393,4,17,17
1394,4,16,7
1395,4,5,1
1396,4,7,3
1397,4,3,8
1398,4,17,17
1399,4,11,18
1400,4,11,18
1401,4,5,1
1402,4,17,17
1403,4,7,3
1404,4,9,6
1405,4,16,7
1406,4,17,17
1407,4,4,13
1408,4,16,7
1409,4,4,13
1410,4,10,4
1411,4,19,19
1412,4,16,7
1413,4,16,7
1414,4,4,13
1415,4,3,8
1416,4,5,1
1417,4,11,18
1418,4,9,6
1419,4,18,0
1420,4,18,0
1421,4,3,8
1422,4,2,9
1423,4,9,6
1424,4,12,14
1425,4,5,1
1426,4,16,7
1427,4,9,6
1428,4,11,18
1429,4,3,8
1430,4,3,8
1431,4,19,19
1432,4,5,1
1433,4,4,13
1434,4,3,8
1435,4,11,18
1436,4,11,18
1437,4,17,17
1438,4,10,4
1439,4,11,18
1440,4,7,3
1441,4,16,7
1442,4,6,15
1443,4,17,17
1444,4,16,7
1445,4,16,7
1446,4,11,18
1447,4,3,8
1448,4,16,7
1449,4,11,18
1450,4,4,13
1451,4,17,17
1452,4,19,19
1453,4,11,18
1454,4,16,7
1455,4,9,6
1456,4,5,1
1457,4,16,7
1458,4,16,7
1459,4,3,8
1460,4,11,18
1461,4,4,13
1462,4,16,7
1463,4,11,18
1464,4,3,8
1465,4,10,4
1466,4,11,18
1467,4,10,4
1468,4,14,2
1469,4,10,4
1470,4,11,18
1471,4,16,7
1472,4,17,17
1473,4,17,17
1474,4,16,7
1475,4,9,6
1476,4,10,4
1477,4,11,18
1478,4,4,13
1479,4,10,4
1480,4,2,9
1481,4,3,8
1482,4,16,7
1483,4,16,7
1484,4,4,13
1485,4,9,6
1486,4,8,10
1487,4,3,8
1488,4,3,8
1489,4,16,7
1490,4,19,19
1491,4,11,18
1492,4,5,1
1493,4,4,13
1494,4,16,7
1495,4,17,17
1496,4,16,7
1497,4,10,4
1498,4,12,14
1499,4,2,9
1500,4,2,9
1501,4,10,4
1502,4,11,18
1503,4,17,17
1504,4,11,18
1505,4,16,7
1506,4,10,4
1507,4,2,9
1508,4,16,7
1509,4,16,7
1510,4,17,17
1511,4,15,11
1512,4,17,17
1513,4,17,17
1514,4,10,4
1515,4,9,6
1516,4,16,7
1517,4,3,8
1518,4,16,7
1519,4,10,4
1520,4,5,1
1521,4,11,18
1522,4,11,18
1523,4,15,11
1524,4,11,18
1525,4,11,18
1526,4,4,13
1527,4,16,7
1528,4,3,8
1529,4,10,4
1530,4,7,3
1531,4,12,14
1532,4,16,7
1533,4,10,4
1534,4,3,8
1535,4,2,9
1536,4,11,18
1537,4,5,1
1538,4,16,7
1539,4,10,4
1540,4,14,2
1541,4,9,6
1542,4,6,15
1543,4,12,14
1544,4,5,1
1545,4,17,17
1546,4,17,17
1547,4,12,14
1548,4,11,18
1549,4,16,7
1550,4,11,18
1551,4,11,18
1552,4,4,13
1553,4,2,9
1554,4,3,8
1555,4,17,17
1556,4,2,9
1557,4,9,6
1558,4,16,7
1559,4,3,8
1560,4,11,18
1561,4,9,6
1562,4,16,7
1563,4,4,13
1564,4,7,3
1565,4,2,9
1566,4,11,18
1567,4,5,1
1568,4,11,18
1569,4,16,7
1570,4,11,18
1571,4,9,6
1572,4,5,1
1573,4,16,7
1574,4,14,2
1575,4,17,17
1576,4,16,7
1577,4,11,18
1578,4,8,10
1579,4,17,17
1580,4,14,2
1581,4,17,17
1582,4,17,17
1583,4,12,14
1584,4,10,4
1585,4,18,0
1586,4,11,18
1587,4,4,13
1588,4,11,18
1589,4,9,6
1590,4,19,19
1591,4,7,3
1592,4,14,2
1593,4,17,17
1594,4,7,3
1595,4,16,7
1596,4,9,6
1597,4,17,17
1598,4,9,6
1599,4,11,18
1600,4,1,5
1601,4,10,4
1602,4,16,7
1603,4,4,13
1604,4,11,18
1605,4,0,12
1606,4,19,19
1607,4,4,13
1608,4,17,17
1609,4,11,18
1610,4,16,7
1611,4,5,1
1612,4,4,13
1613,4,14,2
1614,4,3,8
1615,4,11,18
1616,4,16,7
1617,4,7,3
1618,4,11,18
1619,4,12,14
1620,4,3,8
1621,4,10,4
1622,4,11,18
1623,4,10,4
1624,4,3,8
1625,4,11,18
1626,4,16,7
1627,4,17,17
1628,4,4,13
1629,4,11,18
1630,4,10,4
1631,4,4,13
1632,4,3,8
1633,4,2,9
1634,4,11,18
1635,4,17,17
1636,4,3,8
1637,4,11,18
1638,4,16,7
1639,4,7,3
1640,4,18,0
1641,4,10,4
1642,4,10,4
1643,4,14,2
1644,4,16,7
1645,4,12,14
1646,4,11,18
1647,4,3,8
1648,4,4,13
1649,4,11,18
1650,4,17,17
1651,4,2,9
1652,4,2,9
1653,4,10,4
1654,4,17,17
1655,4,18,0
1656,4,17,17
1657,4,10,4
1658,4,16,7
1659,4,4,13
1660,4,4,13
1661,4,11,18
1662,4,3,8
1663,4,10,4
1664,4,16,7
1665,4,16,7
1666,4,11,18
1667,4,5,1
1668,4,16,7
1669,4,4,13
1670,4,17,17
1671,4,18,0
1672,4,17,17
1673,4,11,18
1674,4,11,18
1675,4,11,18
1676,4,3,8
1677,4,11,18
1678,4,11,18
1679,4,7,3
1680,4,17,17
1681,4,4,13
1682,4,10,4
1683,4,5,1
1684,4,16,7
1685,4,9,6
1686,4,17,17
1687,4,7,3
1688,4,3,8
1689,4,10,4
1690,4,6,15
1691,4,10,4
1692,4,5,1
1693,4,14,2
1694,4,9,6
1695,4,16,7
1696,4,5,1
1697,4,5,1
1698,14,5,1
1699,14,11,18
1700,14,14,2
1701,14,17,17
1702,14,16,7
1703,14,9,6
1704,14,10,4
1705,14,16,7
1706,14,12,14
1707,14,9,6
1708,14,10,4
1709,14,17,17
1710,14,10,4
1711,14,19,19
1712,14,17,17
1713,14,3,8
1714,14,11,18
1715,14,11,18
1716,14,10,4
1717,14,10,4
1718,14,4,13
1719,14,16,7
1720,14,16,7
1721,14,17,17
1722,14,17,17
1723,14,17,17
1724,14,13,16
1725,14,14,2
1726,14,2,9
1727,14,16,7
1728,14,5,1
1729,14,5,1
1730,14,16,7
1731,14,6,15
1732,14,5,1
1733,14,2,9
1734,14,11,18
1735,14,10,4
1736,14,19,19
1737,14,10,4
1738,14,12,14
1739,14,11,18
1740,14,17,17
1741,14,17,17
1742,14,10,4
1743,14,3,8
1744,14,2,9
1745,14,16,7
1746,14,17,17
1747,14,17,17
1748,14,3,8
1749,14,3,8
1750,14,11,18
1751,14,11,18
1752,14,17,17
1753,14,17,17
1754,14,10,4
1755,14,7,3
1756,14,4,13
1757,14,2,9
1758,14,10,4
1759,14,17,17
1760,14,8,10
1761,14,10,4
1762,14,17,17
1763,14,3,8
1764,14,16,7
1765,14,16,7
1766,14,2,9
1767,14,9,6
1768,14,6,15
1769,14,12,14
1770,14,17,17
1771,14,12,14
1772,14,17,17
1773,14,10,4
1774,14,16,7
1775,14,11,18
1776,14,7,3
1777,14,3,8
1778,14,17,17
1779,14,17,17
1780,14,11,18
1781,14,12,14
1782,14,12,14
1783,14,9,6
1784,14,2,9
1785,14,1,5
1786,14,11,18
1787,14,18,0
1788,14,17,17
1789,14,17,17
1790,14,16,7
1791,14,10,4
1792,14,19,19
1793,14,18,0
1794,14,16,7
1795,14,17,17
1796,14,11,18
1797,14,11,18
1798,14,3,8
1799,14,7,3
1800,14,11,18
1801,14,8,10
1802,14,11,18
1803,14,9,6
1804,14,16,7
1805,14,17,17
1806,14,16,7
1807,14,14,2
1808,14,4,13
1809,14,16,7
1810,14,17,17
1811,14,12,14
1812,14,10,4
1813,14,10,4
1814,14,3,8
1815,14,19,19
1816,14,14,2
1817,14,12,14
1818,14,8,10
1819,14,17,17
1820,14,18,0
1821,14,19,19
1822,14,16,7
1823,14,16,7
1824,14,14,2
1825,14,16,7
1826,14,12,14
1827,14,16,7
1828,14,11,18
1829,14,11,18
1830,14,10,4
1831,14,9,6
1832,14,16,7
1833,14,19,19
1834,14,18,0
1835,14,16,7
1836,14,9,6
1837,14,6,15
1838,14,19,19
1839,14,2,9
1840,14,10,4
1841,14,17,17
1842,14,1,5
1843,14,11,18
1844,14,14,2
1845,14,11,18
1846,14,3,8
1847,14,18,0
1848,14,10,4
1849,14,17,17
1850,14,4,13
1851,14,19,19
1852,14,11,18
1853,14,4,13
1854,14,12,14
1855,14,14,2
1856,14,16,7
1857,14,16,7
1858,14,11,18
1859,14,10,4
1860,14,4,13
1861,14,1,5
1862,14,17,17
1863,14,11,18
1864,14,10,4
1865,14,14,2
1866,14,14,2
1867,14,3,8
1868,14,14,2
1869,14,12,14
1870,14,9,6
1871,14,9,6
1872,14,10,4
1873,14,4,13
1874,14,10,4
1875,14,11,18
1876,14,11,18
1877,14,16,7
1878,14,17,17
1879,14,10,4
1880,14,17,17
1881,14,3,8
1882,14,11,18
1883,14,11,18
1884,14,6,15
1885,14,10,4
1886,14,9,6
1887,14,5,1
1888,14,10,4
1889,14,11,18
1890,14,11,18
1891,14,17,17
1892,14,9,6
1893,14,17,17
1894,14,16,7
1895,14,12,14
1896,14,10,4
1897,14,16,7
1898,14,11,18
1899,14,17,17
1900,14,10,4
1901,14,11,18
1902,14,17,17
1903,14,11,18
1904,14,16,7
1905,14,11,18
1906,14,3,8
1907,14,3,8
1908,14,5,1
1909,14,8,10
1910,14,8,10
1911,14,14,2
1912,14,16,7
1913,14,4,13
1914,14,13,16
1915,14,3,8
1916,14,17,17
1917,14,17,17
1918,14,11,18
1919,14,10,4
1920,14,17,17
1921,14,2,9
1922,14,17,17
1923,14,2,9
1924,14,16,7
1925,14,12,14
1926,14,5,1
1927,14,4,13
1928,14,9,6
1929,14,10,4
1930,14,12,14
1931,14,12,14
1932,14,10,4
1933,14,12,14
1934,14,3,8
1935,14,17,17
1936,14,4,13
1937,14,14,2
1938,14,11,18
1939,14,2,9
1940,14,14,2
1941,14,12,14
1942,14,3,8
1943,14,11,18
1944,14,17,17
1945,14,10,4
1946,14,6,15
1947,14,9,6
1948,14,11,18
1949,14,10,4
1950,14,18,0
1951,14,11,18
1952,14,9,6
1953,14,17,17
1954,14,5,1
1955,14,11,18
1956,14,7,3
1957,14,4,13
1958,14,2,9
1959,14,3,8
1960,14,17,17
1961,14,12,14
1962,14,11,18
1963,14,16,7
1964,14,19,19
1965,14,16,7
1966,14,17,17
1967,14,6,15
1968,14,11,18
1969,14,4,13
1970,14,16,7
1971,14,16,7
1972,14,11,18
1973,14,3,8
1974,14,11,18
1975,14,18,0
1976,14,18,0
1977,14,16,7
1978,14,16,7
1979,14,10,4
1980,14,11,18
1981,14,10,4
1982,14,16,7
1983,14,6,15
1984,14,19,19
1985,14,12,14
1986,14,15,11
1987,14,16,7
1988,14,2,9
1989,14,16,7
1990,14,17,17
1991,14,11,18
1992,14,18,0
1993,14,10,4
1994,14,16,7
1995,14,5,1
1996,14,9,6
1997,14,9,6
1998,14,11,18
1999,14,10,4
2000,14,6,15
2001,14,4,13
2002,14,2,9
2003,14,12,14
2004,14,18,0
2005,14,17,17
2006,14,11,18
2007,14,16,7
2008,14,17,17
2009,14,3,8
2010,14,14,2
2011,14,3,8
2012,14,4,13
2013,14,17,17
2014,14,16,7
2015,14,11,18
2016,14,11,18
2017,14,4,13
2018,14,16,7
2019,14,3,8
2020,14,3,8
2021,14,12,14
2022,14,14,2
2023,14,16,7
2024,14,12,14
2025,14,6,15
2026,14,5,1
2027,14,4,13
2028,19,4,13
2029,19,10,4
2030,19,17,17
2031,19,9,6
2032,19,12,14
2033,19,5,1
2034,19,4,13
2035,19,7,3
2036,19,17,17
2037,19,2,9
2038,19,10,4
2039,19,14,2
2040,19,5,1
2041,19,19,19
2042,19,3,8
2043,19,18,0
2044,19,11,18
2045,19,18,0
2046,19,16,7
2047,19,9,6
2048,19,17,17
2049,19,3,8
2050,19,5,1
2051,19,3,8
2052,19,7,3
2053,19,4,13
2054,19,4,13
2055,19,17,17
2056,19,4,13
2057,19,12,14
2058,19,11,18
2059,19,16,7
2060,19,10,4
2061,19,17,17
2062,19,4,13
2063,19,8,10
2064,19,11,18
2065,19,16,7
2066,19,10,4
2067,19,9,6
2068,19,10,4
2069,19,11,18
2070,19,11,18
2071,19,17,17
2072,19,3,8
2073,19,11,18
2074,19,4,13
2075,19,10,4
2076,19,15,11
2077,19,11,18
2078,19,11,18
2079,19,9,6
2080,19,11,18
2081,19,11,18
2082,19,16,7
2083,19,5,1
2084,19,5,1
2085,19,12,14
2086,19,3,8
2087,19,16,7
2088,19,12,14
2089,19,3,8
2090,19,10,4
2091,19,10,4
2092,19,11,18
2093,19,11,18
2094,19,10,4
2095,19,19,19
2096,19,4,13
2097,19,9,6
2098,19,11,18
2099,19,10,4
2100,19,0,12
2101,19,19,19
2102,19,17,17
2103,19,11,18
2104,19,2,9
2105,19,0,12
2106,19,1,5
2107,19,17,17
2108,19,16,7
2109,19,11,18
2110,19,17,17
2111,19,5,1
2112,19,12,14
2113,19,17,17
2114,19,4,13
2115,19,5,1
2116,19,11,18
2117,19,10,4
2118,19,10,4
2119,19,4,13
2120,19,17,17
2121,19,3,8
2122,19,16,7
2123,19,12,14
2124,19,14,2
2125,19,17,17
2126,19,6,15
2127,19,12,14
2128,19,9,6
2129,19,7,3
2130,19,12,14
2131,19,13,16
2132,19,9,6
2133,19,11,18
2134,19,19,19
2135,19,16,7
2136,19,14,2
2137,19,9,6
2138,19,6,15
2139,19,17,17
2140,19,17,17
2141,19,4,13
2142,19,2,9
2143,19,10,4
2144,19,2,9
2145,19,2,9
2146,19,9,6
2147,19,10,4
2148,19,3,8
2149,19,17,17
2150,19,14,2
2151,19,12,14
2152,19,7,3
2153,19,10,4
2154,19,8,10
2155,19,6,15
2156,19,4,13
2157,19,16,7
2158,19,10,4
2159,19,17,17
2160,19,16,7
2161,19,1,5
2162,19,15,11
2163,19,14,2
2164,19,19,19
2165,19,17,17
2166,19,11,18
2167,19,11,18
2168,19,11,18
2169,19,16,7
2170,19,13,16
2171,19,10,4
2172,19,11,18
2173,19,17,17
2174,19,3,8
2175,19,16,7
2176,19,5,1
2177,19,2,9
2178,19,14,2
2179,19,8,10
2180,19,17,17
2181,19,14,2
2182,19,18,0
2183,19,17,17
2184,19,3,8
2185,19,14,2
2186,19,2,9
2187,19,7,3
2188,19,2,9
2189,19,17,17
2190,19,11,18
2191,19,5,1
2192,19,11,18
2193,19,2,9
2194,19,17,17
2195,19,11,18
2196,19,17,17
2197,19,17,17
2198,19,18,0
2199,19,4,13
2200,2,6,15
2201,2,5,1
2202,2,5,1
2203,2,5,1
2204,2,16,7
2205,2,11,18
2206,2,10,4
2207,2,17,17
2208,2,14,2
2209,2,18,0
2210,2,10,4
2211,2,10,4
2212,2,17,17
2213,2,6,15
2214,2,2,9
2215,2,4,13
2216,2,17,17
2217,2,0,12
2218,2,17,17
2219,2,9,6
2220,2,17,17
2221,2,16,7
2222,2,17,17
2223,2,10,4
2224,2,11,18
2225,2,14,2
2226,2,17,17
2227,2,3,8
2228,2,4,13
2229,2,4,13
2230,2,17,17
2231,2,11,18
2232,2,11,18
2233,2,9,6
2234,2,2,9
2235,2,17,17
2236,2,5,1
2237,2,16,7
2238,2,3,8
2239,2,10,4
2240,2,12,14
2241,2,12,14
2242,2,14,2
2243,2,14,2
2244,2,10,4
2245,2,7,3
2246,2,17,17
2247,2,2,9
2248,2,16,7
2249,2,11,18
2250,2,16,7
2251,2,17,17
2252,2,17,17
2253,2,16,7
2254,2,16,7
2255,2,11,18
2256,2,1,5
2257,2,17,17
2258,2,10,4
2259,2,16,7
2260,2,15,11
2261,2,10,4
2262,2,17,17
2263,2,9,6
2264,2,4,13
2265,2,4,13
2266,2,18,0
2267,2,5,1
2268,2,11,18
2269,2,17,17
2270,2,11,18
2271,2,2,9
2272,2,18,0
2273,2,16,7
2274,2,11,18
2275,2,17,17
2276,2,17,17
2277,2,2,9
2278,2,11,18
2279,2,10,4
2280,2,12,14
2281,2,15,11
2282,2,10,4
2283,2,3,8
2284,2,12,14
2285,2,5,1
2286,2,14,2
2287,2,4,13
2288,2,9,6
2289,2,11,18
2290,2,4,13
2291,2,12,14
2292,2,3,8
2293,2,11,18
2294,2,3,8
2295,2,17,17
2296,2,11,18
2297,2,10,4
2298,2,10,4
2299,2,11,18
2300,2,18,0
2301,2,14,2
2302,2,17,17
2303,2,10,4
2304,2,17,17
2305,2,4,13
2306,2,5,1
2307,2,12,14
2308,2,2,9
2309,2,11,18
2310,2,2,9
2311,2,10,4
2312,2,18,0
2313,2,17,17
2314,2,3,8
2315,2,17,17
2316,2,11,18
2317,2,5,1
2318,2,11,18
2319,2,8,10
2320,2,3,8
2321,2,16,7
2322,2,2,9
2323,2,16,7
2324,2,10,4
2325,2,10,4
2326,2,11,18
2327,2,2,9
2328,2,17,17
2329,2,10,4
2330,2,17,17
2331,2,10,4
2332,2,16,7
2333,2,19,19
2334,2,16,7
2335,2,17,17
2336,2,1,5
2337,2,16,7
2338,2,5,1
2339,2,2,9
2340,2,12,14
2341,2,17,17
2342,2,11,18
2343,2,1,5
2344,2,3,8
2345,2,14,2
2346,2,11,18
2347,2,12,14
2348,2,16,7
2349,2,4,13
2350,2,17,17
2351,2,11,18
2352,2,17,17
2353,2,2,9
2354,2,16,7
2355,2,14,2
2356,2,3,8
2357,2,16,7
2358,2,4,13
2359,2,19,19
2360,2,16,7
2361,2,6,15
2362,2,11,18
2363,2,14,2
2364,2,10,4
2365,2,2,9
2366,2,9,6
2367,2,4,13
2368,2,5,1
2369,2,16,7
2370,2,7,3
2371,2,11,18
2372,2,11,18
2373,2,14,2
2374,2,2,9
2375,2,16,7
2376,2,11,18
2377,2,11,18
2378,2,16,7
2379,2,14,2
2380,2,11,18
2381,2,3,8
2382,2,17,17
2383,2,16,7
2384,2,17,17
2385,2,11,18
2386,2,18,0
2387,2,3,8
2388,2,5,1
2389,2,5,1
2390,2,1,5
2391,2,16,7
2392,2,11,18
2393,2,17,17
2394,2,2,9
2395,2,10,4
2396,2,1,5
2397,2,10,4
2398,2,17,17
2399,2,17,17
2400,2,11,18
2401,2,2,9
2402,2,14,2
2403,2,3,8
2404,2,18,0
2405,2,7,3
2406,2,12,14
2407,2,6,15
2408,2,16,7
2409,2,11,18
2410,2,2,9
2411,2,12,14
2412,2,10,4
2413,2,7,3
2414,2,11,18
2415,2,4,13
2416,2,12,14
2417,2,11,18
2418,2,7,3
2419,2,17,17
2420,2,10,4
2421,2,2,9
2422,2,8,10
2423,2,8,10
2424,2,6,15
2425,2,5,1
2426,2,16,7
2427,2,4,13
2428,2,3,8
2429,2,14,2
2430,2,14,2
2431,2,14,2
2432,2,17,17
2433,2,7,3
2434,2,7,3
2435,2,17,17
2436,2,14,2
2437,2,16,7
2438,2,16,7
2439,2,17,17
2440,2,17,17
2441,2,14,2
2442,2,10,4
2443,2,18,0
2444,2,17,17
2445,2,10,4
2446,2,16,7
2447,2,10,4
2448,2,11,18
2449,2,2,9
2450,2,3,8
2451,2,11,18
2452,2,9,6
2453,2,17,17
2454,2,5,1
2455,2,12,14
2456,2,16,7
2457,2,9,6
2458,2,14,2
2459,2,18,0
2460,2,17,17
2461,2,14,2
2462,2,18,0
2463,2,16,7
2464,2,11,18
2465,2,18,0
2466,2,11,18
2467,2,9,6
2468,2,11,18
2469,2,2,9
2470,2,10,4
2471,2,14,2
2472,2,14,2
2473,2,12,14
2474,2,18,0
2475,2,10,4
2476,2,4,13
2477,2,18,0
2478,2,14,2
2479,2,7,3
2480,2,18,0
2481,2,4,13
2482,2,4,13
2483,2,16,7
2484,2,2,9
2485,2,16,7
2486,2,12,14
2487,2,3,8
2488,2,9,6
2489,2,13,16
2490,2,4,13
2491,2,4,13
2492,2,16,7
2493,2,11,18
2494,2,4,13
2495,2,9,6
2496,2,12,14
2497,2,16,7
2498,2,11,18
2499,2,10,4
2500,2,17,17
2501,2,3,8
2502,2,17,17
2503,2,1,5
2504,2,17,17
2505,2,12,14
2506,2,7,3
2507,2,9,6
2508,2,14,2
2509,2,3,8
2510,2,4,13
2511,2,2,9
2512,2,6,15
2513,2,17,17
2514,2,16,7
2515,2,7,3
2516,2,19,19
2517,2,2,9
2518,2,2,9
2519,2,4,13
2520,2,14,2
2521,2,14,2
2522,2,14,2
2523,2,11,18
2524,2,16,7
2525,2,14,2
2526,2,16,7
2527,2,11,18
2528,2,10,4
2529,2,10,4
2530,2,14,2
2531,2,4,13
2532,2,3,8
2533,2,11,18
2534,2,5,1
2535,2,11,18
2536,2,16,7
2537,2,17,17
2538,2,5,1
2539,2,13,16
2540,2,7,3
2541,2,17,17
2542,2,3,8
2543,2,10,4
2544,2,2,9
2545,2,7,3
2546,2,9,6
2547,2,4,13
2548,2,17,17
2549,2,14,2
2550,2,15,11
2551,2,3,8
2552,2,14,2
2553,2,3,8
2554,2,17,17
2555,2,7,3
2556,2,3,8
2557,2,5,1
2558,2,4,13
2559,2,3,8
2560,2,14,2
2561,2,13,16
2562,2,2,9
2563,2,10,4
2564,2,19,19
2565,2,18,0
2566,2,11,18
2567,2,17,17
2568,2,17,17
2569,2,10,4
2570,2,9,6
2571,2,14,2
2572,2,3,8
2573,2,10,4
2574,2,16,7
2575,2,3,8
2576,2,16,7
2577,2,14,2
2578,2,4,13
2579,2,11,18
2580,2,10,4
2581,2,17,17
2582,2,16,7
2583,2,14,2
2584,2,11,18
2585,2,17,17
2586,2,9,6
2587,2,3,8
2588,2,19,19
2589,2,19,19
2590,2,5,1
2591,2,10,4
2592,2,4,13
2593,2,11,18
2594,2,11,18
2595,2,17,17
2596,2,17,17
2597,2,16,7
2598,2,11,18
2599,2,2,9
2600,2,11,18
2601,2,4,13
2602,2,11,18
2603,2,17,17
2604,2,16,7
2605,2,12,14
2606,2,6,15
2607,2,11,18
2608,2,14,2
2609,2,10,4
2610,2,11,18
2611,2,7,3
2612,2,16,7
2613,2,14,2
2614,2,11,18
2615,2,5,1
2616,2,3,8
2617,2,3,8
2618,2,11,18
2619,2,11,18
2620,2,10,4
2621,2,11,18
2622,2,9,6
2623,2,14,2
2624,2,17,17
2625,2,10,4
2626,2,19,19
2627,2,17,17
2628,2,17,17
2629,2,11,18
2630,2,10,4
2631,2,16,7
2632,2,14,2
2633,2,11,18
2634,2,10,4
2635,2,3,8
2636,2,5,1
2637,2,11,18
2638,2,16,7
2639,2,17,17
2640,2,11,18
2641,2,11,18
2642,2,10,4
2643,2,6,15
2644,2,11,18
2645,2,2,9
2646,2,10,4
2647,2,5,1
2648,2,17,17
2649,2,10,4
2650,2,17,17
2651,2,2,9
2652,2,5,1
2653,2,10,4
2654,2,11,18
2655,2,17,17
2656,2,11,18
2657,2,11,18
2658,2,10,4
2659,2,17,17
2660,2,17,17
2661,2,11,18
2662,2,14,2
2663,2,11,18
2664,2,11,18
2665,2,11,18
2666,2,1,5
2667,0,10,4
2668,0,17,17
2669,0,3,8
2670,0,4,13
2671,0,11,18
2672,0,17,17
2673,0,14,2
2674,0,11,18
2675,0,10,4
2676,0,6,15
2677,0,11,18
2678,0,11,18
2679,0,3,8
2680,0,11,18
2681,0,16,7
2682,0,16,7
2683,0,14,2
2684,0,16,7
2685,0,17,17
2686,0,11,18
2687,0,11,18
2688,0,14,2
2689,0,4,13
2690,0,11,18
2691,0,14,2
2692,0,3,8
2693,0,19,19
2694,0,16,7
2695,0,3,8
2696,0,18,0
2697,0,9,6
2698,0,17,17
2699,0,11,18
2700,0,11,18
2701,0,10,4
2702,0,11,18
2703,0,11,18
2704,0,3,8
2705,0,14,2
2706,0,16,7
2707,0,11,18
2708,0,3,8
2709,0,11,18
2710,0,5,1
2711,0,11,18
2712,0,10,4
2713,0,11,18
2714,0,17,17
2715,0,18,0
2716,0,10,4
2717,0,14,2
2718,0,5,1
2719,0,14,2
2720,0,16,7
2721,0,19,19
2722,0,16,7
2723,0,10,4
2724,0,10,4
2725,0,7,3
2726,0,3,8
2727,0,6,15
2728,0,16,7
2729,0,11,18
2730,0,14,2
2731,0,10,4
2732,0,11,18
2733,0,14,2
2734,0,11,18
2735,0,11,18
2736,0,3,8
2737,0,3,8
2738,0,11,18
2739,0,11,18
2740,0,9,6
2741,0,10,4
2742,0,10,4
2743,0,4,13
2744,0,2,9
2745,0,14,2
2746,0,10,4
2747,0,11,18
2748,0,14,2
2749,0,10,4
2750,0,3,8
2751,0,12,14
2752,0,12,14
2753,0,14,2
2754,0,3,8
2755,0,14,2
2756,0,10,4
2757,0,12,14
2758,0,17,17
2759,0,10,4
2760,0,17,17
2761,0,14,2
2762,0,18,0
2763,0,4,13
2764,0,16,7
2765,0,17,17
2766,17,17,17
2767,17,12,14
2768,17,14,2
2769,17,10,4
2770,17,12,14
2771,17,17,17
2772,17,4,13
2773,17,12,14
2774,17,11,18
2775,17,11,18
2776,17,12,14
2777,17,12,14
2778,17,14,2
2779,17,3,8
2780,17,2,9
2781,17,11,18
2782,17,10,4
2783,17,10,4
2784,17,10,4
2785,17,16,7
2786,17,3,8
2787,17,17,17
2788,17,3,8
2789,17,11,18
2790,17,3,8
2791,17,3,8
2792,17,8,10
2793,17,10,4
2794,17,17,17
2795,17,10,4
2796,17,11,18
2797,17,11,18
2798,17,10,4
2799,17,9,6
2800,17,10,4
2801,17,11,18
2802,17,10,4
2803,17,3,8
2804,17,10,4
2805,17,3,8
2806,17,16,7
2807,17,10,4
2808,17,9,6
2809,17,11,18
2810,17,9,6
2811,17,11,18
2812,17,10,4
2813,17,10,4
2814,17,10,4
2815,17,10,4
2816,17,3,8
2817,17,17,17
2818,17,14,2
2819,17,14,2
2820,17,11,18
2821,17,14,2
2822,17,14,2
2823,17,3,8
2824,17,10,4
2825,17,8,10
2826,17,11,18
2827,17,17,17
2828,17,17,17
2829,17,14,2
2830,17,10,4
2831,17,3,8
2832,17,3,8
2833,17,17,17
2834,17,8,10
2835,17,11,18
2836,17,12,14
2837,17,2,9
2838,17,10,4
2839,17,19,19
2840,17,17,17
2841,17,11,18
2842,17,11,18
2843,17,14,2
2844,17,3,8
2845,17,10,4
2846,17,17,17
2847,17,19,19
2848,17,18,0
2849,17,3,8
2850,17,16,7
2851,17,11,18
2852,17,11,18
2853,17,14,2
2854,17,9,6
2855,17,14,2
2856,17,17,17
2857,17,17,17
2858,17,3,8
2859,17,17,17
2860,17,3,8
2861,17,3,8
2862,17,11,18
2863,17,5,1
2864,17,14,2
2865,17,17,17
2866,17,11,18
2867,17,10,4
2868,17,14,2
2869,17,16,7
2870,17,10,4
2871,17,10,4
2872,17,3,8
2873,17,3,8
2874,17,17,17
2875,17,14,2
2876,17,10,4
2877,17,11,18
2878,17,16,7
2879,17,17,17
2880,17,17,17
2881,17,7,3
2882,17,11,18
2883,17,11,18
2884,17,14,2
2885,17,4,13
2886,17,11,18
2887,17,4,13
2888,17,10,4
2889,17,10,4
2890,17,12,14
2891,17,16,7
2892,17,17,17
2893,17,10,4
2894,17,10,4
2895,17,1,5
2896,17,1,5
2897,17,3,8
2898,17,11,18
2899,17,14,2
2900,17,5,1
2901,17,14,2
2902,17,11,18
2903,17,16,7
2904,17,7,3
2905,17,10,4
2906,17,12,14
2907,17,11,18
2908,17,11,18
2909,17,3,8
2910,17,10,4
2911,17,10,4
2912,17,16,7
2913,17,3,8
2914,17,10,4
2915,17,7,3
2916,17,2,9
2917,17,11,18
2918,17,10,4
2919,17,7,3
2920,17,18,0
2921,17,16,7
2922,17,17,17
2923,17,3,8
2924,17,19,19
2925,17,11,18
2926,17,17,17
2927,17,18,0
2928,17,5,1
2929,17,7,3
2930,17,11,18
2931,17,17,17
2932,17,16,7
2933,17,14,2
2934,17,11,18
2935,17,14,2
2936,17,17,17
2937,17,10,4
2938,17,16,7
2939,17,6,15
2940,17,3,8
2941,17,3,8
2942,17,16,7
2943,17,10,4
2944,17,3,8
2945,17,16,7
2946,17,0,12
2947,17,11,18
2948,17,19,19
2949,17,3,8
2950,17,3,8
2951,17,11,18
2952,17,11,18
2953,17,18,0
2954,17,14,2
2955,17,3,8
2956,17,10,4
2957,17,11,18
2958,17,11,18
2959,17,3,8
2960,17,11,18
2961,17,10,4
2962,17,17,17
2963,17,17,17
2964,17,3,8
2965,17,10,4
2966,17,11,18
2967,17,3,8
2968,17,10,4
2969,17,11,18
2970,17,17,17
2971,17,11,18
2972,17,10,4
2973,17,12,14
2974,17,9,6
2975,17,17,17
2976,17,18,0
2977,17,16,7
2978,17,10,4
2979,17,10,4
2980,17,11,18
2981,17,16,7
2982,17,17,17
2983,17,10,4
2984,17,11,18
2985,17,3,8
2986,17,11,18
2987,17,14,2
2988,17,17,17
2989,17,11,18
2990,17,11,18
2991,17,10,4
2992,17,17,17
2993,17,10,4
2994,17,9,6
2995,17,11,18
2996,17,5,1
2997,17,11,18
2998,17,3,8
2999,17,3,8
3000,17,14,2
3001,17,17,17
3002,17,16,7
3003,17,10,4
3004,17,10,4
3005,17,18,0
3006,17,11,18
3007,17,11,18
3008,17,17,17
3009,17,11,18
3010,17,3,8
3011,17,5,1
3012,17,16,7
3013,17,4,13
3014,17,14,2
3015,17,11,18
3016,17,11,18
3017,17,14,2
3018,17,14,2
3019,17,9,6
3020,17,4,13
3021,17,17,17
3022,17,16,7
3023,17,10,4
3024,17,10,4
3025,17,11,18
3026,17,6,15
3027,17,11,18
3028,17,11,18
3029,17,14,2
3030,17,16,7
3031,17,3,8
3032,17,11,18
3033,17,6,15
3034,17,14,2
3035,17,3,8
3036,17,10,4
3037,17,3,8
3038,17,11,18
3039,17,14,2
3040,17,17,17
3041,17,11,18
3042,17,11,18
3043,17,3,8
3044,17,5,1
3045,17,11,18
3046,17,5,1
3047,17,9,6
3048,17,16,7
3049,17,16,7
3050,17,17,17
3051,17,14,2
3052,17,18,0
3053,17,11,18
3054,17,3,8
3055,17,11,18
3056,17,12,14
3057,17,6,15
3058,17,11,18
3059,17,17,17
3060,17,11,18
3061,17,14,2
3062,17,17,17
3063,17,11,18
3064,17,18,0
3065,17,11,18
3066,17,17,17
3067,17,4,13
3068,17,11,18
3069,17,11,18
3070,17,16,7
3071,17,17,17
3072,17,3,8
3073,17,4,13
3074,17,11,18
3075,17,10,4
3076,17,17,17
3077,17,10,4
3078,17,18,0
3079,17,10,4
3080,17,4,13
3081,17,17,17
3082,17,17,17
3083,17,10,4
3084,17,3,8
3085,17,6,15
3086,17,11,18
3087,17,3,8
3088,17,17,17
3089,17,10,4
3090,17,11,18
3091,17,17,17
3092,17,14,2
3093,17,10,4
3094,17,1,5
3095,17,11,18
3096,17,10,4
3097,17,14,2
3098,17,18,0
3099,17,14,2
3100,17,18,0
3101,17,14,2
3102,17,11,18
3103,17,14,2
3104,17,16,7
3105,17,10,4
3106,17,11,18
3107,17,9,6
3108,17,10,4
3109,17,3,8
3110,17,17,17
3111,17,10,4
3112,17,4,13
3113,17,11,18
3114,17,11,18
3115,17,17,17
3116,17,9,6
3117,17,10,4
3118,17,14,2
3119,17,11,18
3120,17,10,4
3121,17,10,4
3122,17,14,2
3123,17,11,18
3124,17,10,4
3125,17,12,14
3126,17,5,1
3127,17,5,1
3128,17,11,18
3129,17,16,7
3130,17,11,18
3131,17,11,18
3132,17,11,18
3133,17,10,4
3134,17,16,7
3135,17,11,18
3136,17,10,4
3137,17,2,9
3138,17,17,17
3139,17,3,8
3140,17,17,17
3141,17,10,4
3142,17,17,17
3143,17,3,8
3144,17,10,4
3145,17,4,13
3146,17,3,8
3147,17,3,8
3148,17,11,18
3149,17,10,4
3150,17,2,9
3151,17,11,18
3152,17,17,17
3153,17,16,7
3154,17,19,19
3155,17,14,2
3156,17,17,17
3157,17,4,13
3158,17,10,4
3159,17,17,17
3160,17,10,4
3161,17,14,2
3162,17,3,8
3163,17,11,18
3164,17,11,18
3165,17,16,7
3166,17,17,17
3167,17,3,8
3168,17,11,18
3169,17,3,8
3170,17,19,19
3171,17,3,8
3172,17,11,18
3173,17,14,2
3174,17,17,17
3175,17,2,9
3176,17,3,8
3177,17,3,8
3178,17,17,17
3179,17,10,4
3180,17,14,2
3181,17,3,8
3182,17,11,18
3183,17,17,17
3184,17,5,1
3185,17,17,17
3186,17,16,7
3187,17,3,8
3188,17,11,18
3189,17,5,1
3190,17,11,18
3191,17,14,2
3192,17,17,17
3193,17,12,14
3194,17,19,19
3195,17,17,17
3196,17,10,4
3197,17,11,18
3198,17,18,0
3199,17,11,18
3200,17,9,6
3201,17,11,18
3202,17,3,8
3203,17,5,1
3204,17,17,17
3205,17,3,8
3206,17,11,18
3207,17,11,18
3208,17,17,17
3209,17,16,7
3210,17,3,8
3211,17,14,2
3212,17,17,17
3213,17,11,18
3214,17,17,17
3215,17,3,8
3216,17,1,5
3217,17,17,17
3218,17,11,18
3219,17,3,8
3220,17,3,8
3221,17,17,17
3222,17,16,7
3223,17,19,19
3224,17,1,5
3225,17,11,18
3226,17,17,17
3227,17,11,18
3228,17,16,7
3229,17,17,17
3230,17,3,8
3231,17,11,18
3232,17,14,2
3233,17,14,2
3234,17,11,18
3235,17,3,8
3236,17,14,2
3237,17,3,8
3238,17,10,4
3239,17,18,0
3240,17,3,8
3241,17,14,2
3242,17,17,17
3243,17,5,1
3244,17,17,17
3245,17,17,17
3246,17,11,18
3247,17,3,8
3248,17,17,17
3249,17,11,18
3250,17,3,8
3251,17,11,18
3252,17,8,10
3253,17,17,17
3254,17,14,2
3255,17,11,18
3256,17,11,18
3257,17,10,4
3258,17,11,18
3259,17,18,0
3260,17,11,18
3261,17,2,9
3262,17,17,17
3263,17,17,17
3264,17,3,8
3265,17,11,18
3266,17,11,18
3267,17,10,4
3268,17,9,6
3269,17,18,0
3270,17,3,8
3271,17,17,17
3272,17,16,7
3273,17,11,18
3274,17,11,18
3275,17,10,4
3276,17,3,8
3277,17,11,18
3278,17,17,17
3279,17,10,4
3280,17,17,17
3281,17,5,1
3282,17,3,8
3283,17,8,10
3284,17,11,18
3285,17,3,8
3286,17,18,0
3287,17,11,18
3288,17,14,2
3289,17,3,8
3290,17,9,6
3291,17,10,4
3292,17,10,4
3293,17,17,17
3294,17,16,7
3295,17,12,14
3296,17,3,8
3297,17,3,8
3298,17,11,18
3299,17,3,8
3300,17,17,17
3301,17,10,4
3302,17,10,4
3303,17,14,2
3304,17,3,8
3305,17,16,7
3306,17,2,9
3307,17,10,4
3308,17,11,18
3309,17,17,17
3310,17,11,18
3311,17,10,4
3312,17,10,4
3313,17,5,1
3314,17,16,7
3315,17,17,17
3316,17,11,18
3317,17,3,8
3318,17,16,7
3319,17,11,18
3320,17,17,17
3321,17,3,8
3322,17,9,6
3323,17,17,17
3324,17,5,1
3325,17,10,4
3326,17,5,1
3327,17,11,18
3328,17,11,18
3329,17,17,17
3330,17,11,18
3331,17,14,2
3332,17,16,7
3333,17,3,8
3334,17,9,6
3335,17,16,7
3336,17,11,18
3337,17,2,9
3338,17,14,2
3339,17,1,5
3340,17,10,4
3341,17,11,18
3342,17,11,18
3343,17,11,18
3344,17,16,7
3345,17,16,7
3346,17,10,4
3347,17,11,18
3348,17,10,4
3349,17,2,9
3350,17,3,8
3351,17,3,8
3352,17,12,14
3353,17,2,9
3354,17,10,4
3355,17,11,18
3356,17,16,7
3357,17,11,18
3358,17,11,18
3359,17,17,17
3360,17,17,17
3361,17,10,4
3362,17,11,18
3363,17,10,4
3364,17,16,7
3365,17,11,18
3366,17,11,18
3367,17,5,1
3368,17,10,4
3369,17,16,7
3370,17,18,0
3371,17,8,10
3372,17,18,0
3373,17,10,4
3374,17,11,18
3375,17,14,2
3376,17,14,2
3377,17,14,2
3378,17,3,8
3379,17,11,18
3380,17,16,7
3381,17,11,18
3382,17,11,18
3383,17,11,18
3384,17,13,16
3385,17,16,7
3386,17,17,17
3387,17,11,18
3388,17,10,4
3389,17,11,18
3390,17,3,8
3391,17,12,14
3392,17,11,18
3393,17,11,18
3394,17,11,18
3395,17,11,18
3396,17,18,0
3397,17,11,18
3398,17,10,4
3399,17,19,19
3400,17,9,6
3401,17,17,17
3402,17,3,8
3403,17,14,2
3404,17,11,18
3405,17,3,8
3406,17,10,4
3407,17,10,4
3408,17,11,18
3409,17,9,6
3410,17,17,17
3411,17,6,15
3412,17,10,4
3413,17,10,4
3414,17,14,2
3415,17,3,8
3416,17,11,18
3417,17,11,18
3418,17,3,8
3419,17,11,18
3420,17,11,18
3421,17,10,4
3422,17,11,18
3423,17,11,18
3424,17,9,6
3425,17,10,4
3426,17,14,2
3427,17,16,7
3428,17,10,4
3429,17,0,12
3430,17,10,4
3431,17,16,7
3432,17,17,17
3433,17,11,18
3434,17,5,1
3435,17,10,4
3436,17,17,17
3437,17,11,18
3438,17,16,7
3439,17,3,8
3440,17,16,7
3441,17,11,18
3442,17,10,4
3443,17,11,18
3444,17,11,18
3445,17,12,14
3446,17,10,4
3447,17,1,5
3448,17,10,4
3449,17,16,7
3450,17,11,18
3451,17,10,4
3452,17,14,2
3453,17,11,18
3454,17,11,18
3455,17,14,2
3456,17,18,0
3457,17,3,8
3458,17,14,2
3459,17,3,8
3460,17,11,18
3461,17,17,17
3462,17,3,8
3463,17,11,18
3464,17,11,18
3465,17,11,18
3466,17,11,18
3467,17,3,8
3468,17,7,3
3469,17,11,18
3470,17,14,2
3471,17,10,4
3472,17,10,4
3473,17,9,6
3474,17,18,0
3475,17,2,9
3476,17,2,9
3477,17,9,6
3478,17,14,2
3479,17,3,8
3480,17,14,2
3481,17,1,5
3482,17,17,17
3483,17,11,18
3484,17,3,8
3485,17,3,8
3486,17,11,18
3487,17,16,7
3488,17,10,4
3489,17,17,17
3490,17,10,4
3491,17,17,17
3492,17,14,2
3493,17,10,4
3494,17,3,8
3495,17,3,8
3496,17,3,8
3497,17,3,8
3498,17,17,17
3499,17,11,18
3500,17,3,8
3501,17,11,18
3502,17,5,1
3503,17,10,4
3504,17,17,17
3505,17,3,8
3506,17,11,18
3507,17,1,5
3508,17,10,4
3509,17,16,7
3510,17,11,18
3511,17,3,8
3512,17,17,17
3513,17,11,18
3514,17,11,18
3515,17,17,17
3516,17,8,10
3517,17,10,4
3518,17,3,8
3519,17,12,14
3520,17,11,18
3521,17,16,7
3522,17,17,17
3523,17,7,3
3524,17,11,18
3525,17,11,18
3526,17,11,18
3527,17,17,17
3528,17,10,4
3529,17,16,7
3530,17,1,5
3531,17,11,18
3532,17,16,7
3533,17,17,17
3534,17,17,17
3535,17,1,5
3536,17,4,13
3537,17,14,2
3538,17,10,4
3539,17,3,8
3540,17,11,18
3541,17,11,18
3542,17,18,0
3543,17,11,18
3544,17,4,13
3545,17,11,18
3546,17,5,1
3547,17,11,18
3548,17,11,18
3549,17,17,17
3550,17,10,4
3551,17,5,1
3552,17,4,13
3553,17,12,14
3554,17,10,4
3555,17,18,0
3556,17,11,18
3557,17,3,8
3558,17,12,14
3559,17,11,18
3560,17,17,17
3561,17,17,17
3562,17,11,18
3563,17,10,4
3564,17,14,2
3565,17,10,4
3566,17,12,14
3567,17,19,19
3568,17,2,9
3569,17,10,4
3570,17,17,17
3571,17,3,8
3572,17,10,4
3573,17,17,17
3574,17,11,18
3575,17,11,18
3576,17,14,2
3577,17,16,7
3578,17,3,8
3579,17,16,7
3580,17,14,2
3581,17,16,7
3582,17,11,18
3583,17,10,4
3584,17,16,7
3585,17,17,17
3586,17,11,18
3587,17,11,18
3588,17,3,8
3589,17,18,0
3590,17,17,17
3591,17,3,8
3592,17,17,17
3593,17,10,4
3594,17,11,18
3595,17,17,17
3596,17,11,18
3597,17,11,18
3598,17,3,8
3599,17,10,4
3600,17,11,18
3601,17,12,14
3602,17,14,2
3603,17,16,7
3604,17,14,2
3605,17,15,11
3606,17,12,14
3607,17,11,18
3608,17,3,8
3609,17,11,18
3610,17,17,17
3611,17,3,8
3612,17,14,2
3613,17,16,7
3614,17,11,18
3615,17,11,18
3616,17,4,13
3617,17,17,17
3618,17,11,18
3619,17,11,18
3620,17,14,2
3621,17,10,4
3622,17,10,4
3623,17,4,13
3624,17,10,4
3625,17,11,18
3626,17,17,17
3627,17,10,4
3628,17,6,15
3629,17,11,18
3630,17,16,7
3631,17,16,7
3632,17,17,17
3633,17,11,18
3634,17,17,17
3635,17,18,0
3636,17,10,4
3637,17,16,7
3638,17,10,4
3639,17,11,18
3640,17,10,4
3641,17,3,8
3642,17,17,17
3643,17,16,7
3644,17,3,8
3645,17,18,0
3646,17,16,7
3647,17,16,7
3648,17,14,2
3649,17,4,13
3650,17,11,18
3651,17,3,8
3652,17,17,17
3653,17,16,7
3654,17,14,2
3655,17,10,4
3656,17,11,18
3657,17,17,17
3658,17,17,17
3659,17,17,17
3660,17,7,3
3661,17,3,8
3662,17,9,6
3663,17,3,8
3664,17,16,7
3665,17,17,17
3666,17,10,4
3667,17,17,17
3668,17,4,13
3669,17,11,18
3670,17,17,17
3671,17,17,17
3672,17,16,7
3673,17,11,18
3674,17,17,17
3675,17,17,17
3676,17,0,12
3677,17,17,17
3678,17,16,7
3679,17,17,17
3680,17,11,18
3681,17,10,4
3682,17,2,9
3683,17,11,18
3684,17,16,7
3685,17,10,4
3686,17,17,17
3687,17,17,17
3688,17,4,13
3689,17,3,8
3690,17,11,18
3691,17,11,18
3692,17,7,3
3693,17,10,4
3694,17,10,4
3695,17,13,16
3696,17,11,18
3697,17,3,8
3698,17,10,4
3699,17,11,18
3700,17,17,17
3701,17,11,18
3702,17,17,17
3703,17,16,7
3704,17,19,19
3705,17,11,18
3706,17,17,17
3707,17,18,0
3708,17,14,2
3709,17,10,4
3710,17,11,18
3711,17,5,1
3712,17,16,7
3713,17,18,0
3714,17,3,8
3715,17,14,2
3716,17,11,18
3717,17,11,18
3718,17,11,18
3719,17,10,4
3720,17,3,8
3721,17,14,2
3722,17,12,14
3723,17,10,4
3724,17,2,9
3725,17,3,8
3726,17,17,17
3727,17,17,17
3728,17,17,17
3729,17,10,4
3730,17,11,18
3731,17,11,18
3732,17,10,4
3733,17,1,5
3734,17,5,1
3735,17,11,18
3736,17,17,17
3737,17,11,18
3738,17,16,7
3739,17,16,7
3740,17,17,17
3741,17,2,9
3742,17,11,18
3743,17,2,9
3744,17,11,18
3745,17,11,18
3746,17,10,4
3747,17,17,17
3748,17,2,9
3749,17,10,4
3750,17,11,18
3751,17,11,18
3752,17,17,17
3753,17,3,8
3754,17,10,4
3755,17,11,18
3756,17,16,7
3757,17,14,2
3758,17,3,8
3759,17,17,17
3760,17,18,0
3761,17,5,1
3762,17,2,9
3763,17,11,18
3764,17,17,17
3765,17,11,18
3766,17,11,18
3767,17,11,18
3768,17,11,18
3769,17,3,8
3770,17,17,17
3771,17,19,19
3772,17,11,18
3773,17,10,4
3774,17,11,18
3775,17,17,17
3776,17,16,7
3777,17,16,7
3778,17,16,7
3779,17,11,18
3780,17,5,1
3781,17,12,14
3782,17,9,6
3783,17,10,4
3784,17,11,18
3785,17,11,18
3786,17,5,1
3787,17,11,18
3788,17,17,17
3789,17,11,18
3790,17,11,18
3791,17,4,13
3792,17,11,18
3793,17,17,17
3794,17,11,18
3795,17,17,17
3796,17,17,17
3797,17,11,18
3798,17,17,17
3799,17,10,4
3800,17,10,4
3801,17,17,17
3802,17,17,17
3803,17,16,7
3804,17,14,2
3805,17,12,14
3806,17,17,17
3807,17,5,1
3808,17,10,4
3809,17,3,8
3810,17,10,4
3811,17,4,13
3812,17,14,2
3813,17,14,2
3814,17,10,4
3815,17,3,8
3816,17,3,8
3817,17,11,18
3818,17,17,17
3819,17,11,18
3820,17,11,18
3821,17,10,4
3822,17,17,17
3823,17,12,14
3824,17,10,4
3825,17,11,18
3826,17,11,18
3827,17,9,6
3828,17,12,14
3829,17,10,4
3830,17,11,18
3831,17,11,18
3832,17,19,19
3833,17,5,1
3834,17,11,18
3835,17,13,16
3836,17,3,8
3837,17,2,9
3838,17,11,18
3839,17,3,8
3840,17,10,4
3841,17,5,1
3842,17,11,18
3843,17,1,5
3844,17,14,2
3845,17,3,8
3846,17,10,4
3847,17,3,8
3848,17,3,8
3849,17,4,13
3850,17,17,17
3851,17,11,18
3852,17,3,8
3853,17,16,7
3854,17,17,17
3855,17,3,8
3856,17,11,18
3857,17,14,2
3858,17,11,18
3859,17,17,17
3860,17,12,14
3861,17,17,17
3862,17,11,18
3863,17,10,4
3864,17,11,18
3865,17,11,18
3866,17,11,18
3867,17,11,18
3868,17,11,18
3869,17,9,6
3870,17,19,19
3871,17,3,8
3872,17,16,7
3873,17,14,2
3874,17,10,4
3875,17,11,18
3876,17,19,19
3877,17,3,8
3878,17,10,4
3879,17,16,7
3880,17,14,2
3881,17,16,7
3882,17,3,8
3883,17,10,4
3884,17,17,17
3885,17,17,17
3886,17,17,17
3887,17,17,17
3888,17,17,17
3889,17,17,17
3890,17,16,7
3891,17,11,18
3892,17,11,18
3893,17,11,18
3894,17,3,8
3895,17,16,7
3896,17,11,18
3897,17,11,18
3898,17,16,7
3899,17,14,2
3900,17,17,17
3901,17,3,8
3902,17,11,18
3903,17,16,7
3904,17,10,4
3905,17,11,18
3906,17,11,18
3907,17,14,2
3908,17,11,18
3909,17,11,18
3910,17,2,9
3911,17,11,18
3912,17,11,18
3913,17,5,1
3914,17,3,8
3915,17,3,8
3916,17,12,14
3917,17,3,8
3918,17,11,18
3919,17,0,12
3920,17,17,17
3921,17,17,17
3922,17,12,14
3923,17,10,4
3924,17,16,7
3925,17,14,2
3926,17,14,2
3927,17,18,0
3928,17,16,7
3929,17,11,18
3930,17,11,18
3931,17,17,17
3932,17,5,1
3933,17,14,2
3934,17,11,18
3935,17,10,4
3936,17,11,18
3937,17,3,8
3938,17,16,7
3939,17,3,8
3940,17,14,2
3941,17,17,17
3942,17,10,4
3943,17,14,2
3944,17,6,15
3945,17,11,18
3946,17,12,14
3947,17,11,18
3948,17,14,2
3949,17,3,8
3950,18,11,18
3951,18,11,18
3952,18,17,17
3953,18,11,18
3954,18,10,4
3955,18,9,6
3956,18,10,4
3957,18,16,7
3958,18,3,8
3959,18,3,8
3960,18,11,18
3961,18,5,1
3962,18,10,4
3963,18,11,18
3964,18,10,4
3965,18,17,17
3966,18,14,2
3967,18,11,18
3968,18,10,4
3969,18,11,18
3970,18,17,17
3971,18,14,2
3972,18,3,8
3973,18,11,18
3974,18,4,13
3975,18,4,13
3976,18,14,2
3977,18,10,4
3978,18,11,18
3979,18,17,17
3980,18,10,4
3981,18,10,4
3982,18,17,17
3983,18,11,18
3984,18,10,4
3985,18,11,18
3986,18,14,2
3987,18,10,4
3988,18,17,17
3989,18,3,8
3990,18,2,9
3991,18,11,18
3992,18,11,18
3993,18,17,17
3994,18,16,7
3995,18,16,7
3996,18,14,2
3997,18,2,9
3998,18,11,18
3999,18,10,4
4000,18,13,16
4001,18,17,17
4002,18,3,8
4003,18,14,2
4004,18,14,2
4005,18,11,18
4006,18,9,6
4007,18,16,7
4008,18,10,4
4009,18,17,17
4010,18,10,4
4011,18,17,17
4012,18,10,4
4013,18,11,18
4014,18,12,14
4015,18,5,1
4016,18,11,18
4017,18,10,4
4018,18,10,4
4019,18,14,2
4020,18,10,4
4021,18,3,8
4022,18,3,8
4023,18,11,18
4024,18,17,17
4025,18,3,8
4026,18,5,1
4027,18,4,13
4028,18,10,4
4029,18,11,18
4030,18,11,18
4031,18,11,18
4032,18,3,8
4033,18,11,18
4034,18,16,7
4035,18,11,18
4036,18,11,18
4037,18,4,13
4038,18,17,17
4039,18,17,17
4040,18,3,8
4041,18,17,17
4042,18,11,18
4043,18,14,2
4044,18,3,8
4045,18,3,8
4046,18,10,4
4047,18,10,4
4048,18,7,3
4049,18,10,4
4050,18,11,18
4051,18,11,18
4052,18,17,17
4053,18,10,4
4054,18,12,14
4055,18,11,18
4056,18,16,7
4057,18,17,17
4058,18,11,18
4059,18,15,11
4060,18,11,18
4061,18,4,13
4062,18,10,4
4063,18,16,7
4064,18,10,4
4065,18,11,18
4066,18,3,8
4067,18,17,17
4068,18,11,18
4069,18,10,4
4070,18,14,2
4071,18,11,18
4072,18,16,7
4073,18,11,18
4074,18,11,18
4075,18,18,0
4076,18,11,18
4077,18,17,17
4078,18,11,18
4079,18,10,4
4080,18,10,4
4081,18,3,8
4082,18,17,17
4083,18,10,4
4084,18,11,18
4085,18,14,2
4086,18,11,18
4087,18,11,18
4088,18,3,8
4089,18,11,18
4090,18,10,4
4091,18,3,8
4092,18,15,11
4093,18,5,1
4094,18,11,18
4095,18,11,18
4096,18,10,4
4097,18,3,8
4098,18,16,7
4099,18,9,6
4100,18,3,8
4101,18,3,8
4102,18,11,18
4103,18,11,18
4104,18,17,17
4105,18,14,2
4106,18,11,18
4107,18,17,17
4108,18,14,2
4109,18,12,14
4110,18,11,18
4111,18,17,17
4112,18,11,18
4113,18,14,2
4114,18,10,4
4115,18,11,18
4116,18,16,7
4117,18,5,1
4118,18,4,13
4119,18,11,18
4120,18,11,18
4121,18,10,4
4122,18,10,4
4123,18,17,17
4124,18,17,17
4125,18,14,2
4126,18,10,4
4127,18,14,2
4128,18,4,13
4129,18,10,4
4130,18,10,4
4131,18,10,4
4132,18,17,17
4133,18,10,4
4134,18,3,8
4135,18,3,8
4136,18,11,18
4137,18,11,18
4138,18,17,17
4139,18,3,8
4140,18,11,18
4141,18,11,18
4142,18,11,18
4143,18,14,2
4144,18,11,18
4145,18,11,18
4146,18,11,18
4147,18,4,13
4148,18,17,17
4149,18,12,14
4150,18,11,18
4151,18,10,4
4152,18,14,2
4153,18,14,2
4154,18,11,18
4155,18,17,17
4156,18,10,4
4157,18,3,8
4158,18,16,7
4159,18,10,4
4160,18,11,18
4161,18,3,8
4162,18,17,17
4163,18,17,17
4164,18,13,16
4165,18,11,18
4166,18,11,18
4167,18,11,18
4168,18,10,4
4169,18,10,4
4170,18,15,11
4171,18,10,4
4172,18,3,8
4173,18,17,17
4174,18,1,5
4175,18,16,7
4176,18,17,17
4177,18,11,18
4178,18,11,18
4179,18,5,1
4180,18,10,4
4181,18,17,17
4182,18,11,18
4183,18,11,18
4184,18,11,18
4185,18,17,17
4186,18,3,8
4187,18,11,18
4188,18,11,18
4189,18,11,18
4190,18,17,17
4191,18,3,8
4192,18,16,7
4193,18,11,18
4194,18,10,4
4195,18,5,1
4196,18,11,18
4197,18,16,7
4198,18,17,17
4199,18,11,18
4200,18,14,2
4201,18,11,18
4202,18,16,7
4203,18,10,4
4204,18,18,0
4205,18,3,8
4206,18,16,7
4207,18,10,4
4208,18,17,17
4209,18,11,18
4210,18,10,4
4211,18,4,13
4212,18,10,4
4213,18,14,2
4214,18,5,1
4215,18,16,7
4216,18,17,17
4217,18,11,18
4218,18,11,18
4219,18,2,9
4220,18,19,19
4221,18,10,4
4222,18,7,3
4223,18,11,18
4224,18,4,13
4225,18,3,8
4226,18,19,19
4227,18,3,8
4228,18,14,2
4229,18,10,4
4230,18,10,4
4231,18,16,7
4232,18,11,18
4233,18,11,18
4234,18,3,8
4235,18,5,1
4236,18,7,3
4237,18,6,15
4238,18,18,0
4239,18,11,18
4240,18,11,18
4241,18,11,18
4242,18,11,18
4243,18,10,4
4244,18,16,7
4245,18,5,1
4246,18,11,18
4247,18,11,18
4248,18,1,5
4249,18,14,2
4250,18,11,18
4251,18,11,18
4252,18,11,18
4253,18,18,0
4254,18,4,13
4255,18,19,19
4256,18,11,18
4257,18,4,13
4258,18,2,9
4259,18,11,18
4260,18,17,17
4261,18,10,4
4262,18,17,17
4263,18,10,4
4264,18,11,18
4265,18,10,4
4266,18,3,8
4267,18,11,18
4268,18,3,8
4269,18,5,1
4270,18,12,14
4271,18,11,18
4272,18,11,18
4273,18,17,17
4274,18,16,7
4275,18,14,2
4276,18,17,17
4277,18,17,17
4278,18,11,18
4279,18,17,17
4280,18,3,8
4281,18,17,17
4282,18,4,13
4283,18,16,7
4284,18,17,17
4285,18,11,18
4286,18,11,18
4287,18,17,17
4288,18,11,18
4289,18,14,2
4290,18,11,18
4291,18,11,18
4292,18,10,4
4293,18,10,4
4294,18,10,4
4295,18,17,17
4296,18,16,7
4297,18,3,8
4298,18,9,6
4299,18,17,17
4300,18,10,4
4301,18,16,7
4302,18,3,8
4303,18,9,6
4304,18,16,7
4305,18,4,13
4306,18,11,18
4307,18,3,8
4308,18,11,18
4309,18,3,8
4310,18,14,2
4311,18,0,12
4312,18,17,17
4313,18,11,18
4314,18,11,18
4315,18,16,7
4316,18,3,8
4317,18,17,17
4318,18,17,17
4319,18,17,17
4320,18,10,4
4321,18,6,15
4322,18,11,18
4323,18,16,7
4324,18,17,17
4325,18,5,1
4326,18,5,1
4327,18,17,17
4328,18,11,18
4329,18,17,17
4330,18,16,7
4331,18,4,13
4332,18,11,18
4333,18,17,17
4334,18,11,18
4335,18,16,7
4336,18,10,4
4337,18,11,18
4338,18,14,2
4339,18,17,17
4340,18,3,8
4341,18,14,2
4342,18,17,17
4343,18,2,9
4344,18,16,7
4345,18,11,18
4346,18,10,4
4347,18,11,18
4348,18,16,7
4349,18,10,4
4350,18,11,18
4351,18,14,2
4352,18,11,18
4353,18,16,7
4354,18,16,7
4355,18,14,2
4356,18,17,17
4357,18,10,4
4358,18,17,17
4359,18,14,2
4360,18,10,4
4361,18,3,8
4362,18,17,17
4363,18,6,15
4364,18,3,8
4365,18,3,8
4366,18,17,17
4367,18,17,17
4368,18,11,18
4369,18,11,18
4370,18,4,13
4371,18,12,14
4372,18,3,8
4373,18,11,18
4374,18,11,18
4375,18,3,8
4376,18,9,6
4377,18,10,4
4378,18,17,17
4379,18,4,13
4380,18,5,1
4381,18,10,4
4382,18,6,15
4383,18,18,0
4384,18,10,4
4385,18,7,3
4386,18,17,17
4387,18,11,18
4388,18,10,4
4389,18,17,17
4390,18,14,2
4391,18,17,17
4392,18,3,8
4393,18,11,18
4394,18,11,18
4395,18,10,4
4396,18,3,8
4397,18,4,13
4398,18,11,18
4399,18,17,17
4400,18,17,17
4401,18,10,4
4402,18,16,7
4403,18,10,4
4404,18,11,18
4405,18,14,2
4406,18,14,2
4407,18,14,2
4408,18,10,4
4409,18,17,17
4410,18,17,17
4411,18,17,17
4412,18,11,18
4413,18,16,7
4414,18,10,4
4415,18,10,4
4416,18,11,18
4417,18,6,15
4418,18,9,6
4419,18,3,8
4420,18,10,4
4421,18,17,17
4422,18,10,4
4423,18,10,4
4424,18,2,9
4425,18,3,8
4426,18,9,6
4427,18,4,13
4428,18,3,8
4429,18,1,5
4430,18,11,18
4431,18,11,18
4432,18,11,18
4433,18,11,18
4434,18,11,18
4435,18,3,8
4436,18,11,18
4437,18,10,4
4438,18,14,2
4439,18,3,8
4440,18,11,18
4441,18,11,18
4442,18,16,7
4443,18,10,4
4444,18,14,2
4445,18,10,4
4446,18,9,6
4447,18,17,17
4448,18,10,4
4449,18,10,4
4450,18,10,4
4451,18,11,18
4452,18,17,17
4453,18,14,2
4454,18,10,4
4455,18,14,2
4456,18,4,13
4457,18,16,7
4458,18,17,17
4459,18,2,9
4460,18,3,8
4461,18,6,15
4462,18,11,18
4463,18,6,15
4464,18,4,13
4465,18,11,18
4466,18,16,7
4467,18,3,8
4468,18,17,17
4469,18,11,18
4470,18,11,18
4471,18,14,2
4472,18,3,8
4473,18,14,2
4474,18,17,17
4475,18,11,18
4476,18,3,8
4477,18,16,7
4478,18,17,17
4479,18,17,17
4480,18,10,4
4481,18,17,17
4482,18,11,18
4483,18,3,8
4484,18,11,18
4485,18,11,18
4486,18,12,14
4487,18,11,18
4488,18,3,8
4489,18,18,0
4490,18,12,14
4491,18,2,9
4492,18,10,4
4493,18,2,9
4494,18,16,7
4495,18,16,7
4496,18,16,7
4497,18,17,17
4498,18,11,18
4499,18,3,8
4500,18,18,0
4501,18,17,17
4502,18,11,18
4503,18,10,4
4504,18,11,18
4505,18,11,18
4506,18,17,17
4507,18,14,2
4508,18,16,7
4509,18,17,17
4510,18,14,2
4511,18,11,18
4512,18,3,8
4513,18,10,4
4514,18,10,4
4515,18,16,7
4516,18,14,2
4517,18,5,1
4518,18,10,4
4519,18,11,18
4520,18,11,18
4521,18,11,18
4522,18,14,2
4523,18,2,9
4524,18,4,13
4525,18,11,18
4526,18,17,17
4527,18,17,17
4528,18,10,4
4529,18,3,8
4530,18,16,7
4531,18,11,18
4532,18,11,18
4533,18,11,18
4534,18,10,4
4535,18,10,4
4536,18,17,17
4537,18,16,7
4538,18,14,2
4539,18,17,17
4540,18,12,14
4541,18,2,9
4542,18,11,18
4543,18,19,19
4544,18,3,8
4545,18,10,4
4546,18,3,8
4547,18,10,4
4548,18,11,18
4549,18,11,18
4550,18,14,2
4551,18,4,13
4552,18,17,17
4553,18,5,1
4554,18,3,8
4555,18,17,17
4556,18,14,2
4557,18,11,18
4558,18,3,8
4559,18,11,18
4560,18,18,0
4561,18,11,18
4562,18,11,18
4563,18,11,18
4564,18,9,6
4565,18,14,2
4566,18,11,18
4567,18,10,4
4568,18,3,8
4569,18,17,17
4570,18,4,13
4571,18,11,18
4572,18,14,2
4573,18,3,8
4574,18,11,18
4575,18,4,13
4576,18,11,18
4577,18,17,17
4578,18,3,8
4579,18,11,18
4580,18,17,17
4581,18,11,18
4582,18,11,18
4583,18,11,18
4584,18,11,18
4585,18,10,4
4586,18,11,18
4587,18,17,17
4588,18,10,4
4589,18,9,6
4590,18,12,14
4591,18,14,2
4592,18,3,8
4593,18,10,4
4594,18,11,18
4595,18,2,9
4596,18,3,8
4597,18,3,8
4598,18,19,19
4599,18,3,8
4600,18,1,5
4601,18,17,17
4602,18,10,4
4603,18,11,18
4604,18,17,17
4605,18,11,18
4606,18,3,8
4607,18,4,13
4608,18,2,9
4609,18,11,18
4610,18,17,17
4611,18,16,7
4612,18,6,15
4613,18,17,17
4614,18,11,18
4615,18,10,4
4616,18,17,17
4617,18,11,18
4618,18,5,1
4619,18,3,8
4620,18,14,2
4621,18,11,18
4622,18,19,19
4623,18,5,1
4624,18,3,8
4625,18,11,18
4626,18,17,17
4627,18,1,5
4628,18,10,4
4629,18,11,18
4630,18,18,0
4631,18,17,17
4632,18,12,14
4633,18,17,17
4634,18,7,3
4635,18,17,17
4636,18,11,18
4637,18,5,1
4638,18,6,15
4639,18,11,18
4640,18,11,18
4641,18,3,8
4642,18,11,18
4643,18,3,8
4644,18,11,18
4645,18,17,17
4646,18,17,17
4647,18,11,18
4648,18,2,9
4649,18,3,8
4650,18,17,17
4651,18,4,13
4652,18,10,4
4653,18,19,19
4654,18,9,6
4655,18,11,18
4656,18,17,17
4657,18,10,4
4658,18,3,8
4659,18,11,18
4660,18,11,18
4661,18,11,18
4662,18,17,17
4663,18,17,17
4664,18,17,17
4665,18,7,3
4666,18,11,18
4667,18,3,8
4668,18,11,18
4669,18,17,17
4670,18,3,8
4671,18,17,17
4672,18,3,8
4673,18,11,18
4674,18,11,18
4675,18,5,1
4676,18,9,6
4677,18,10,4
4678,18,11,18
4679,18,11,18
4680,18,19,19
4681,18,11,18
4682,18,5,1
4683,18,4,13
4684,18,10,4
4685,18,3,8
4686,18,17,17
4687,18,17,17
4688,18,16,7
4689,18,3,8
4690,18,9,6
4691,18,3,8
4692,18,11,18
4693,18,3,8
4694,18,11,18
4695,18,10,4
4696,18,11,18
4697,18,11,18
4698,18,3,8
4699,18,17,17
4700,18,11,18
4701,18,11,18
4702,18,3,8
4703,18,11,18
4704,18,14,2
4705,18,10,4
4706,18,19,19
4707,18,10,4
4708,18,10,4
4709,18,10,4
4710,18,10,4
4711,18,3,8
4712,18,16,7
4713,18,17,17
4714,18,10,4
4715,18,3,8
4716,18,14,2
4717,18,3,8
4718,18,11,18
4719,18,3,8
4720,18,4,13
4721,18,14,2
4722,18,10,4
4723,18,3,8
4724,18,12,14
4725,18,2,9
4726,18,17,17
4727,18,10,4
4728,18,3,8
4729,18,17,17
4730,18,10,4
4731,18,17,17
4732,18,6,15
4733,18,3,8
4734,18,10,4
4735,18,5,1
4736,18,17,17
4737,18,17,17
4738,18,5,1
4739,18,10,4
4740,18,14,2
4741,18,11,18
4742,18,10,4
4743,18,11,18
4744,18,11,18
4745,18,17,17
4746,18,11,18
4747,18,5,1
4748,18,7,3
4749,18,17,17
4750,18,17,17
4751,18,10,4
4752,18,11,18
4753,18,16,7
4754,18,11,18
4755,18,11,18
4756,18,11,18
4757,18,17,17
4758,18,3,8
4759,18,10,4
4760,18,11,18
4761,18,10,4
4762,18,3,8
4763,18,11,18
4764,18,11,18
4765,18,11,18
4766,18,3,8
4767,18,11,18
4768,18,2,9
4769,18,11,18
4770,18,11,18
4771,18,17,17
4772,18,11,18
4773,18,19,19
4774,18,14,2
4775,18,5,1
4776,18,4,13
4777,18,11,18
4778,18,3,8
4779,18,11,18
4780,18,11,18
4781,18,11,18
4782,18,5,1
4783,18,10,4
4784,18,11,18
4785,18,10,4
4786,18,16,7
4787,18,11,18
4788,18,10,4
4789,18,6,15
4790,18,11,18
4791,18,16,7
4792,18,5,1
4793,18,9,6
4794,18,10,4
4795,18,16,7
4796,18,11,18
4797,18,17,17
4798,18,11,18
4799,18,14,2
4800,18,14,2
4801,18,14,2
4802,18,9,6
4803,18,2,9
4804,18,3,8
4805,18,10,4
4806,18,0,12
4807,18,16,7
4808,18,11,18
4809,18,17,17
4810,18,14,2
4811,18,4,13
4812,18,10,4
4813,18,16,7
4814,18,14,2
4815,18,17,17
4816,18,3,8
4817,18,11,18
4818,18,14,2
4819,18,11,18
4820,18,8,10
4821,18,10,4
4822,18,11,18
4823,18,14,2
4824,18,3,8
4825,18,3,8
4826,18,11,18
4827,18,10,4
4828,18,11,18
4829,18,3,8
4830,18,11,18
4831,18,11,18
4832,18,17,17
4833,18,10,4
4834,18,17,17
4835,18,17,17
4836,18,3,8
4837,18,10,4
4838,18,14,2
4839,18,11,18
4840,18,11,18
4841,18,11,18
4842,18,16,7
4843,18,5,1
4844,18,11,18
4845,18,11,18
4846,18,17,17
4847,18,11,18
4848,18,4,13
4849,18,11,18
4850,18,17,17
4851,18,10,4
4852,18,10,4
4853,18,18,0
4854,18,14,2
4855,18,11,18
4856,18,11,18
4857,18,11,18
4858,18,11,18
4859,18,11,18
4860,18,5,1
4861,18,11,18
4862,18,3,8
4863,18,17,17
4864,18,11,18
4865,18,11,18
4866,18,3,8
4867,18,11,18
4868,18,10,4
4869,18,17,17
4870,18,11,18
4871,18,10,4
4872,18,11,18
4873,18,13,16
4874,18,17,17
4875,18,5,1
4876,18,11,18
4877,18,17,17
4878,18,17,17
4879,18,10,4
4880,18,3,8
4881,18,14,2
4882,18,7,3
4883,18,14,2
4884,18,16,7
4885,18,3,8
4886,18,16,7
4887,18,16,7
4888,18,11,18
4889,18,10,4
4890,18,5,1
4891,18,17,17
4892,18,14,2
4893,18,11,18
4894,18,3,8
4895,18,11,18
4896,18,16,7
4897,18,17,17
4898,18,10,4
4899,18,18,0
4900,18,10,4
4901,18,17,17
4902,18,11,18
4903,18,14,2
4904,18,11,18
4905,18,11,18
4906,18,16,7
4907,18,11,18
4908,18,17,17
4909,18,17,17
4910,18,17,17
4911,18,11,18
4912,18,6,15
4913,18,4,13
4914,18,3,8
4915,18,3,8
4916,18,7,3
4917,18,17,17
4918,18,17,17
4919,18,8,10
4920,18,14,2
4921,18,17,17
4922,18,17,17
4923,18,17,17
4924,18,5,1
4925,18,19,19
4926,18,4,13
4927,18,14,2
4928,18,10,4
4929,18,11,18
4930,18,2,9
4931,18,3,8
4932,18,17,17
4933,18,17,17
4934,18,17,17
4935,18,17,17
4936,18,17,17
4937,18,1,5
4938,18,11,18
4939,18,14,2
4940,18,10,4
4941,18,17,17
4942,18,17,17
4943,18,19,19
4944,18,18,0
4945,18,14,2
4946,18,11,18
4947,18,11,18
4948,18,11,18
4949,18,18,0
4950,18,11,18
4951,18,10,4
4952,18,4,13
4953,18,5,1
4954,18,1,5
4955,18,17,17
4956,18,10,4
4957,18,17,17
4958,18,17,17
4959,18,10,4
4960,18,5,1
4961,18,17,17
4962,18,17,17
4963,18,4,13
4964,18,17,17
4965,18,11,18
4966,18,4,13
4967,18,11,18
4968,18,16,7
4969,18,11,18
4970,18,11,18
4971,18,11,18
4972,18,11,18
4973,18,3,8
4974,18,2,9
4975,18,10,4
4976,18,6,15
4977,18,10,4
4978,18,11,18
4979,18,7,3
4980,18,7,3
4981,18,11,18
4982,18,14,2
4983,18,16,7
4984,18,10,4
4985,18,11,18
4986,18,10,4
4987,18,17,17
4988,18,16,7
4989,18,17,17
4990,18,16,7
4991,18,10,4
4992,18,11,18
4993,18,11,18
4994,18,10,4
4995,18,14,2
4996,18,18,0
4997,18,11,18
4998,18,3,8
4999,18,14,2
5000,18,11,18
5001,18,10,4
5002,18,16,7
5003,18,11,18
5004,18,11,18
5005,18,10,4
5006,18,11,18
5007,18,3,8
5008,18,10,4
5009,18,3,8
5010,18,3,8
5011,18,17,17
5012,18,10,4
5013,18,17,17
5014,18,6,15
5015,18,11,18
5016,18,16,7
5017,18,10,4
5018,18,11,18
5019,18,3,8
5020,18,11,18
5021,18,10,4
5022,18,12,14
5023,18,10,4
5024,18,16,7
5025,18,10,4
5026,18,3,8
5027,18,10,4
5028,18,11,18
5029,18,14,2
5030,18,14,2
5031,18,17,17
5032,18,17,17
5033,18,17,17
5034,18,3,8
5035,18,14,2
5036,18,11,18
5037,18,17,17
5038,18,17,17
5039,18,3,8
5040,18,5,1
5041,18,16,7
5042,18,11,18
5043,18,11,18
5044,18,17,17
5045,18,17,17
5046,18,10,4
5047,18,4,13
5048,18,17,17
5049,18,17,17
5050,18,10,4
5051,18,10,4
5052,18,16,7
5053,18,11,18
5054,18,12,14
5055,18,16,7
5056,18,16,7
5057,18,10,4
5058,18,16,7
5059,18,4,13
5060,18,7,3
5061,18,16,7
5062,18,3,8
5063,18,8,10
5064,18,11,18
5065,18,12,14
5066,18,11,18
5067,18,16,7
5068,18,2,9
5069,18,8,10
5070,18,16,7
5071,18,16,7
5072,18,16,7
5073,18,10,4
5074,18,16,7
5075,18,3,8
5076,18,10,4
5077,18,2,9
5078,18,9,6
5079,18,10,4
5080,18,9,6
5081,18,4,13
5082,18,16,7
5083,18,11,18
5084,18,16,7
5085,18,16,7
5086,18,10,4
5087,18,17,17
5088,18,16,7
5089,18,12,14
5090,18,5,1
5091,18,3,8
5092,18,3,8
5093,18,10,4
5094,18,12,14
5095,18,11,18
5096,18,9,6
5097,18,3,8
5098,18,14,2
5099,18,17,17
5100,18,4,13
5101,18,11,18
5102,18,3,8
5103,18,11,18
5104,18,16,7
5105,18,10,4
5106,18,16,7
5107,18,10,4
5108,18,10,4
5109,18,11,18
5110,18,19,19
5111,18,4,13
5112,18,5,1
5113,18,12,14
5114,18,4,13
5115,18,9,6
5116,18,10,4
5117,18,10,4
5118,18,16,7
5119,18,12,14
5120,18,3,8
5121,18,4,13
5122,18,12,14
5123,18,11,18
5124,18,16,7
5125,18,6,15
5126,18,11,18
5127,18,3,8
5128,18,9,6
5129,18,10,4
5130,18,8,10
5131,18,17,17
5132,18,17,17
5133,18,11,18
5134,18,16,7
5135,18,11,18
5136,18,16,7
5137,18,4,13
5138,18,3,8
5139,18,3,8
5140,18,11,18
5141,18,3,8
5142,18,9,6
5143,18,5,1
5144,18,2,9
5145,18,2,9
5146,18,11,18
5147,18,2,9
5148,18,16,7
5149,18,9,6
5150,18,16,7
5151,18,3,8
5152,18,16,7
5153,18,14,2
5154,18,7,3
5155,18,19,19
5156,18,11,18
5157,18,3,8
5158,18,1,5
5159,18,5,1
5160,18,1,5
5161,18,10,4
5162,18,16,7
5163,18,2,9
5164,18,6,15
5165,18,11,18
5166,18,16,7
5167,18,12,14
5168,18,12,14
5169,18,17,17
5170,18,16,7
5171,18,9,6
5172,18,17,17
5173,18,12,14
5174,18,16,7
5175,18,16,7
5176,18,17,17
5177,18,16,7
5178,18,4,13
5179,18,11,18
5180,18,11,18
5181,18,17,17
5182,18,16,7
5183,18,11,18
5184,18,16,7
5185,18,10,4
5186,18,7,3
5187,18,11,18
5188,18,2,9
5189,18,10,4
5190,18,14,2
5191,18,16,7
5192,18,16,7
5193,18,17,17
5194,18,11,18
5195,18,16,7
5196,18,16,7
5197,18,11,18
5198,18,12,14
5199,18,16,7
5200,18,3,8
5201,18,11,18
5202,18,12,14
5203,18,4,13
5204,18,17,17
5205,18,7,3
5206,18,16,7
5207,18,10,4
5208,18,12,14
5209,18,3,8
5210,18,3,8
5211,18,12,14
5212,18,11,18
5213,18,5,1
5214,18,16,7
5215,18,11,18
5216,18,1,5
5217,18,10,4
5218,18,11,18
5219,18,10,4
5220,18,16,7
5221,18,2,9
5222,18,11,18
5223,18,10,4
5224,18,5,1
5225,18,16,7
5226,18,9,6
5227,18,16,7
5228,18,11,18
5229,18,1,5
5230,18,2,9
5231,18,16,7
5232,18,3,8
5233,18,16,7
5234,18,3,8
5235,18,11,18
5236,18,12,14
5237,18,10,4
5238,18,10,4
5239,18,11,18
5240,18,16,7
5241,18,1,5
5242,18,11,18
5243,18,3,8
5244,18,10,4
5245,18,10,4
5246,18,16,7
5247,18,2,9
5248,18,10,4
5249,18,16,7
5250,18,17,17
5251,18,12,14
5252,18,3,8
5253,18,17,17
5254,18,5,1
5255,18,16,7
5256,18,9,6
5257,18,11,18
5258,18,10,4
5259,18,6,15
5260,18,2,9
5261,18,10,4
5262,18,16,7
5263,18,10,4
5264,18,10,4
5265,18,4,13
5266,18,17,17
5267,18,4,13
5268,18,17,17
5269,18,17,17
5270,18,17,17
5271,18,9,6
5272,18,12,14
5273,18,10,4
5274,18,16,7
5275,18,17,17
5276,18,14,2
5277,18,17,17
5278,18,17,17
5279,18,10,4
5280,18,11,18
5281,18,9,6
5282,18,16,7
5283,18,0,12
5284,18,13,16
5285,18,16,7
5286,18,10,4
5287,18,10,4
5288,18,11,18
5289,18,16,7
5290,18,10,4
5291,18,1,5
5292,18,9,6
5293,18,2,9
5294,18,11,18
5295,18,17,17
5296,18,12,14
5297,18,16,7
5298,18,0,12
5299,18,18,0
5300,18,4,13
5301,18,4,13
5302,18,3,8
5303,18,9,6
5304,18,9,6
5305,18,12,14
5306,18,11,18
5307,18,16,7
5308,18,10,4
5309,18,16,7
5310,18,16,7
5311,18,16,7
5312,18,14,2
5313,18,11,18
5314,18,3,8
5315,18,7,3
5316,18,16,7
5317,18,10,4
5318,18,11,18
5319,18,11,18
5320,18,11,18
5321,18,12,14
5322,18,16,7
5323,18,3,8
5324,18,10,4
5325,18,10,4
5326,18,16,7
5327,18,11,18
5328,18,12,14
5329,18,16,7
5330,18,16,7
5331,18,10,4
5332,18,10,4
5333,18,3,8
5334,18,10,4
5335,18,16,7
5336,18,16,7
5337,18,12,14
5338,18,10,4
5339,18,2,9
5340,18,11,18
5341,18,11,18
5342,18,14,2
5343,18,10,4
5344,18,14,2
5345,18,12,14
5346,18,3,8
5347,18,14,2
5348,18,16,7
5349,18,11,18
5350,18,16,7
5351,18,17,17
5352,18,17,17
5353,18,4,13
5354,18,13,16
5355,18,16,7
5356,18,16,7
5357,18,9,6
5358,18,19,19
5359,18,17,17
5360,18,11,18
5361,18,2,9
5362,18,12,14
5363,18,16,7
5364,18,18,0
5365,18,9,6
5366,18,11,18
5367,18,17,17
5368,18,11,18
5369,18,17,17
5370,18,3,8
5371,18,16,7
5372,18,2,9
5373,18,4,13
5374,18,14,2
5375,18,5,1
5376,18,19,19
5377,18,17,17
5378,18,4,13
5379,18,16,7
5380,18,2,9
5381,18,16,7
5382,18,9,6
5383,18,16,7
5384,18,2,9
5385,18,16,7
5386,18,11,18
5387,18,16,7
5388,18,11,18
5389,18,10,4
5390,18,12,14
5391,18,19,19
5392,18,3,8
5393,18,11,18
5394,18,16,7
5395,18,17,17
5396,18,17,17
5397,18,11,18
5398,18,11,18
5399,18,12,14
5400,18,16,7
5401,18,16,7
5402,18,16,7
5403,18,4,13
5404,18,16,7
5405,18,4,13
5406,18,11,18
5407,18,10,4
5408,18,3,8
5409,18,11,18
5410,18,18,0
5411,18,8,10
5412,18,10,4
5413,18,18,0
5414,18,16,7
5415,18,1,5
5416,18,12,14
5417,18,14,2
5418,18,1,5
5419,18,14,2
5420,18,4,13
5421,18,4,13
5422,18,17,17
5423,18,11,18
5424,18,17,17
5425,18,11,18
5426,18,11,18
5427,18,14,2
5428,18,2,9
5429,18,17,17
5430,18,17,17
5431,18,16,7
5432,18,11,18
5433,18,12,14
5434,18,16,7
5435,18,4,13
5436,18,18,0
5437,18,12,14
5438,18,11,18
5439,18,3,8
5440,18,11,18
5441,18,8,10
5442,18,12,14
5443,18,4,13
5444,18,8,10
5445,18,11,18
5446,18,16,7
5447,18,5,1
5448,18,10,4
5449,18,10,4
5450,18,2,9
5451,18,11,18
5452,18,16,7
5453,18,17,17
5454,18,18,0
5455,18,18,0
5456,18,16,7
5457,18,17,17
5458,18,4,13
5459,18,17,17
5460,18,16,7
5461,18,11,18
5462,18,11,18
5463,18,11,18
5464,18,10,4
5465,18,10,4
5466,18,14,2
5467,18,11,18
5468,18,17,17
5469,18,11,18
5470,18,16,7
5471,18,17,17
5472,18,2,9
5473,18,10,4
5474,18,2,9
5475,18,11,18
5476,18,10,4
5477,18,4,13
5478,18,4,13
5479,18,2,9
5480,18,9,6
5481,18,16,7
5482,18,4,13
5483,18,16,7
5484,18,10,4
5485,18,16,7
5486,18,17,17
5487,18,11,18
5488,18,5,1
5489,18,11,18
5490,18,12,14
5491,18,11,18
5492,18,2,9
5493,18,4,13
5494,18,16,7
5495,18,16,7
5496,18,16,7
5497,18,12,14
5498,18,12,14
5499,18,11,18
5500,18,9,6
5501,18,16,7
5502,18,5,1
5503,18,16,7
5504,18,17,17
5505,18,17,17
5506,18,12,14
5507,18,17,17
5508,18,9,6
5509,18,11,18
5510,18,5,1
5511,18,17,17
5512,18,14,2
5513,18,11,18
5514,18,16,7
5515,18,2,9
5516,18,16,7
5517,18,16,7
5518,18,12,14
5519,18,11,18
5520,18,17,17
5521,18,12,14
5522,18,5,1
5523,18,10,4
5524,18,16,7
5525,18,4,13
5526,18,4,13
5527,18,5,1
5528,18,4,13
5529,18,10,4
5530,18,11,18
5531,18,10,4
5532,18,3,8
5533,18,4,13
5534,18,11,18
5535,18,10,4
5536,18,2,9
5537,18,1,5
5538,18,17,17
5539,18,16,7
5540,18,12,14
5541,18,18,0
5542,18,16,7
5543,18,16,7
5544,18,11,18
5545,18,14,2
5546,18,3,8
5547,18,4,13
5548,18,11,18
5549,18,16,7
5550,18,14,2
5551,18,11,18
5552,18,11,18
5553,18,6,15
5554,18,5,1
5555,18,16,7
5556,18,11,18
5557,18,16,7
5558,18,17,17
5559,18,3,8
5560,18,16,7
5561,18,16,7
5562,18,11,18
5563,18,9,6
5564,18,7,3
5565,18,6,15
5566,18,5,1
5567,18,16,7
5568,18,12,14
5569,18,16,7
5570,18,2,9
5571,18,16,7
5572,18,14,2
5573,18,10,4
5574,18,9,6
5575,18,10,4
5576,18,11,18
5577,18,4,13
5578,18,16,7
5579,18,5,1
5580,18,2,9
5581,18,4,13
5582,18,11,18
5583,18,11,18
5584,18,10,4
5585,18,6,15
5586,18,10,4
5587,18,17,17
5588,18,2,9
5589,18,2,9
5590,18,2,9
5591,18,5,1
5592,18,17,17
5593,18,16,7
5594,18,3,8
5595,18,10,4
5596,18,1,5
5597,18,10,4
5598,18,18,0
5599,18,11,18
5600,18,9,6
5601,18,1,5
5602,18,3,8
5603,18,3,8
5604,18,9,6
5605,18,9,6
5606,18,4,13
5607,18,4,13
5608,18,11,18
5609,18,11,18
5610,18,12,14
5611,18,3,8
5612,18,10,4
5613,18,4,13
5614,18,4,13
5615,18,3,8
5616,18,18,0
5617,18,4,13
5618,18,16,7
5619,18,4,13
5620,18,9,6
5621,18,16,7
5622,18,14,2
5623,18,16,7
5624,18,17,17
5625,18,5,1
5626,18,4,13
5627,18,16,7
5628,18,10,4
5629,18,16,7
5630,18,11,18
5631,18,11,18
5632,18,4,13
5633,18,16,7
5634,18,16,7
5635,18,2,9
5636,18,10,4
5637,18,17,17
5638,18,3,8
5639,18,14,2
5640,18,11,18
5641,18,12,14
5642,18,7,3
5643,18,11,18
5644,18,3,8
5645,18,1,5
5646,18,5,1
5647,18,17,17
5648,18,16,7
5649,18,4,13
5650,18,5,1
5651,18,17,17
5652,18,5,1
5653,18,4,13
5654,18,16,7
5655,18,1,5
5656,18,1,5
5657,18,2,9
5658,18,14,2
5659,18,7,3
5660,18,5,1
5661,18,16,7
5662,18,4,13
5663,18,4,13
5664,18,3,8
5665,18,17,17
5666,18,10,4
5667,18,2,9
5668,18,12,14
5669,18,16,7
5670,18,17,17
5671,18,14,2
5672,18,16,7
5673,18,10,4
5674,18,10,4
5675,18,11,18
5676,18,6,15
5677,18,16,7
5678,18,9,6
5679,18,19,19
5680,18,16,7
5681,18,11,18
5682,18,14,2
5683,18,12,14
5684,18,14,2
5685,18,2,9
5686,18,17,17
5687,18,3,8
5688,18,11,18
5689,18,5,1
5690,18,5,1
5691,18,10,4
5692,18,8,10
5693,18,17,17
5694,18,7,3
5695,18,17,17
5696,18,4,13
5697,18,16,7
5698,18,10,4
5699,18,9,6
5700,18,11,18
5701,18,9,6
5702,18,16,7
5703,18,2,9
5704,18,10,4
5705,18,2,9
5706,18,2,9
5707,18,0,12
5708,18,16,7
5709,18,5,1
5710,18,4,13
5711,18,14,2
5712,18,9,6
5713,18,16,7
5714,18,17,17
5715,18,16,7
5716,18,10,4
5717,18,10,4
5718,18,5,1
5719,18,11,18
5720,18,11,18
5721,18,12,14
5722,18,16,7
5723,18,9,6
5724,18,14,2
5725,18,6,15
5726,18,16,7
5727,18,4,13
5728,18,5,1
5729,18,11,18
5730,18,16,7
5731,18,11,18
5732,18,11,18
5733,18,16,7
5734,18,11,18
5735,18,12,14
5736,18,11,18
5737,18,7,3
5738,18,3,8
5739,18,4,13
5740,18,12,14
5741,18,17,17
5742,18,9,6
5743,18,10,4
5744,18,16,7
5745,18,10,4
5746,18,16,7
5747,18,14,2
5748,18,11,18
5749,18,11,18
5750,18,10,4
5751,18,18,0
5752,18,11,18
5753,18,9,6
5754,18,7,3
5755,18,10,4
5756,18,16,7
5757,18,11,18
5758,18,11,18
5759,18,19,19
5760,18,3,8
5761,18,10,4
5762,18,2,9
5763,18,12,14
5764,18,11,18
5765,18,10,4
5766,18,10,4
5767,18,16,7
5768,18,5,1
5769,18,16,7
5770,18,12,14
5771,18,1,5
5772,18,16,7
5773,18,9,6
5774,18,17,17
5775,18,3,8
5776,18,3,8
5777,18,9,6
5778,18,1,5
5779,18,14,2
5780,18,18,0
5781,18,3,8
5782,18,11,18
5783,18,9,6
5784,18,2,9
5785,18,16,7
5786,18,10,4
5787,18,10,4
5788,18,16,7
5789,18,17,17
5790,18,4,13
5791,18,12,14
5792,18,9,6
5793,18,16,7
5794,18,12,14
5795,18,3,8
5796,18,9,6
5797,18,2,9
5798,18,3,8
5799,18,10,4
5800,18,17,17
5801,18,12,14
5802,18,12,14
5803,18,1,5
5804,18,17,17
5805,18,17,17
5806,18,1,5
5807,18,18,0
5808,18,3,8
5809,18,11,18
5810,18,7,3
5811,18,11,18
5812,18,7,3
5813,18,10,4
5814,18,11,18
5815,18,3,8
5816,18,19,19
5817,18,2,9
5818,18,17,17
5819,18,5,1
5820,18,2,9
5821,18,10,4
5822,18,2,9
5823,18,11,18
5824,18,16,7
5825,18,16,7
5826,18,5,1
5827,18,3,8
5828,18,16,7
5829,18,11,18
5830,18,9,6
5831,18,17,17
5832,18,16,7
5833,18,5,1
5834,18,6,15
5835,18,7,3
5836,18,17,17
5837,18,18,0
5838,18,11,18
5839,18,16,7
5840,18,14,2
5841,18,17,17
5842,18,3,8
5843,18,16,7
5844,18,9,6
5845,18,16,7
5846,18,16,7
5847,18,9,6
5848,18,16,7
5849,18,11,18
5850,18,16,7
5851,18,16,7
5852,18,16,7
5853,18,16,7
5854,18,10,4
5855,18,16,7
5856,18,16,7
5857,18,16,7
5858,18,17,17
5859,18,11,18
5860,18,17,17
5861,18,18,0
5862,18,17,17
5863,18,10,4
5864,18,11,18
5865,18,16,7
5866,18,12,14
5867,18,12,14
5868,18,3,8
5869,18,16,7
5870,18,7,3
5871,18,17,17
5872,18,11,18
5873,18,3,8
5874,18,3,8
5875,18,11,18
5876,18,11,18
5877,18,2,9
5878,18,11,18
5879,18,16,7
5880,18,4,13
5881,18,12,14
5882,18,14,2
5883,18,16,7
5884,18,12,14
5885,18,3,8
5886,18,10,4
5887,18,11,18
5888,18,11,18
5889,18,16,7
5890,18,16,7
5891,18,10,4
5892,18,10,4
5893,18,11,18
5894,18,18,0
5895,18,11,18
5896,18,14,2
5897,18,17,17
5898,18,9,6
5899,18,16,7
5900,18,17,17
5901,18,11,18
5902,18,11,18
5903,18,17,17
5904,18,4,13
5905,18,17,17
5906,18,17,17
5907,18,5,1
5908,18,7,3
5909,18,12,14
5910,18,10,4
5911,18,10,4
5912,18,10,4
5913,18,16,7
5914,18,16,7
5915,18,17,17
5916,18,16,7
5917,18,3,8
5918,18,17,17
5919,18,2,9
5920,18,10,4
5921,18,2,9
5922,18,11,18
5923,18,16,7
5924,18,4,13
5925,18,11,18
5926,18,16,7
5927,18,19,19
5928,18,9,6
5929,18,10,4
5930,18,18,0
5931,18,16,7
5932,18,3,8
5933,18,11,18
5934,18,16,7
5935,18,16,7
5936,18,4,13
5937,18,19,19
5938,18,11,18
5939,18,5,1
5940,18,17,17
5941,18,17,17
5942,18,16,7
5943,18,7,3
5944,18,17,17
5945,18,16,7
5946,18,7,3
5947,18,3,8
5948,18,16,7
5949,18,10,4
5950,18,10,4
5951,18,16,7
5952,18,5,1
5953,18,10,4
5954,18,17,17
5955,18,7,3
5956,18,12,14
5957,18,16,7
5958,18,2,9
5959,18,19,19
5960,18,11,18
5961,18,11,18
5962,18,16,7
5963,18,4,13
5964,18,12,14
5965,18,16,7
5966,18,16,7
5967,18,11,18
5968,18,10,4
5969,18,11,18
5970,18,18,0
5971,18,10,4
5972,18,11,18
5973,18,16,7
5974,18,16,7
5975,18,10,4
5976,18,11,18
5977,18,16,7
5978,18,17,17
5979,18,11,18
5980,18,11,18
5981,18,11,18
5982,18,11,18
5983,18,3,8
5984,18,10,4
5985,18,12,14
5986,18,11,18
5987,18,17,17
5988,18,16,7
5989,18,17,17
5990,18,10,4
5991,18,4,13
5992,18,11,18
5993,18,11,18
5994,18,3,8
5995,18,16,7
5996,18,16,7
5997,18,11,18
5998,18,4,13
5999,18,3,8
6000,18,2,9
6001,18,3,8
6002,18,11,18
6003,18,2,9
6004,18,16,7
6005,18,17,17
6006,18,10,4
6007,18,10,4
6008,18,1,5
6009,18,16,7
6010,18,11,18
6011,18,3,8
6012,18,1,5
6013,18,16,7
6014,18,11,18
6015,18,5,1
6016,18,5,1
6017,18,14,2
6018,18,11,18
6019,18,17,17
6020,18,16,7
6021,18,10,4
6022,18,14,2
6023,18,1,5
6024,18,10,4
6025,18,16,7
6026,18,16,7
6027,18,10,4
6028,18,2,9
6029,18,10,4
6030,18,3,8
6031,18,5,1
6032,18,12,14
6033,18,5,1
6034,18,10,4
6035,18,5,1
6036,18,9,6
6037,18,9,6
6038,18,11,18
6039,18,10,4
6040,18,16,7
6041,18,11,18
6042,18,16,7
6043,18,3,8
6044,18,16,7
6045,18,10,4
6046,18,17,17
6047,18,2,9
6048,18,9,6
6049,18,3,8
6050,18,11,18
6051,18,11,18
6052,18,10,4
6053,18,1,5
6054,18,17,17
6055,18,11,18
6056,18,17,17
6057,18,12,14
6058,18,10,4
6059,18,9,6
6060,18,4,13
6061,18,16,7
6062,18,10,4
6063,18,11,18
6064,18,10,4
6065,18,10,4
6066,18,11,18
6067,18,11,18
6068,18,16,7
6069,18,12,14
6070,18,10,4
6071,18,5,1
6072,18,4,13
6073,18,11,18
6074,18,14,2
6075,18,7,3
6076,18,17,17
6077,18,3,8
6078,18,18,0
6079,18,11,18
6080,18,17,17
6081,18,17,17
6082,18,9,6
6083,18,11,18
6084,18,14,2
6085,18,1,5
6086,18,10,4
6087,18,2,9
6088,18,10,4
6089,18,16,7
6090,18,11,18
6091,18,4,13
6092,18,4,13
6093,18,10,4
6094,18,14,2
6095,18,16,7
6096,18,2,9
6097,18,10,4
6098,18,11,18
6099,18,10,4
6100,18,11,18
6101,18,19,19
6102,18,11,18
6103,18,10,4
6104,18,12,14
6105,18,2,9
6106,18,4,13
6107,18,10,4
6108,18,16,7
6109,18,2,9
6110,18,5,1
6111,18,10,4
6112,18,17,17
6113,18,7,3
6114,18,16,7
6115,18,17,17
6116,18,17,17
6117,18,16,7
6118,18,16,7
6119,18,17,17
6120,18,18,0
6121,18,2,9
6122,18,17,17
6123,18,12,14
6124,18,11,18
6125,18,12,14
6126,18,16,7
6127,18,11,18
6128,18,3,8
6129,18,16,7
6130,18,4,13
6131,18,12,14
6132,18,18,0
6133,18,4,13
6134,18,9,6
6135,18,9,6
6136,18,5,1
6137,18,3,8
6138,18,16,7
6139,18,10,4
6140,18,5,1
6141,18,11,18
6142,18,7,3
6143,18,3,8
6144,18,3,8
6145,18,12,14
6146,18,19,19
6147,18,18,0
6148,18,11,18
6149,18,17,17
6150,18,11,18
6151,18,11,18
6152,18,4,13
6153,18,16,7
6154,18,16,7
6155,18,5,1
6156,18,9,6
6157,18,17,17
6158,18,11,18
6159,18,17,17
6160,18,11,18
6161,18,9,6
6162,18,17,17
6163,18,12,14
6164,18,11,18
6165,18,11,18
6166,18,16,7
6167,18,3,8
6168,18,17,17
6169,18,17,17
6170,18,16,7
6171,18,10,4
6172,18,17,17
6173,18,16,7
6174,18,10,4
6175,18,1,5
6176,18,16,7
6177,18,9,6
6178,18,14,2
6179,18,16,7
6180,18,7,3
6181,18,19,19
6182,18,16,7
6183,18,17,17
6184,18,17,17
6185,18,12,14
6186,18,11,18
6187,18,7,3
6188,18,16,7
6189,18,3,8
6190,18,3,8
6191,18,18,0
6192,18,17,17
6193,18,2,9
6194,18,14,2
6195,18,2,9
6196,18,3,8
6197,18,3,8
6198,18,11,18
6199,18,16,7
6200,18,3,8
6201,18,12,14
6202,18,12,14
6203,18,12,14
6204,18,3,8
6205,18,10,4
6206,18,10,4
6207,18,11,18
6208,18,10,4
6209,18,11,18
6210,18,3,8
6211,18,11,18
6212,18,7,3
6213,18,16,7
6214,18,11,18
6215,18,17,17
6216,18,14,2
6217,18,12,14
6218,18,17,17
6219,18,11,18
6220,18,12,14
6221,18,11,18
6222,18,10,4
6223,18,3,8
6224,18,3,8
6225,18,9,6
6226,18,16,7
6227,18,11,18
6228,18,11,18
6229,18,3,8
6230,18,16,7
6231,18,16,7
6232,18,14,2
6233,18,14,2
6234,18,2,9
6235,18,14,2
6236,18,2,9
6237,18,3,8
6238,18,9,6
6239,18,16,7
6240,18,3,8
6241,18,17,17
6242,18,10,4
6243,18,10,4
6244,18,10,4
6245,18,11,18
6246,18,2,9
6247,18,12,14
6248,18,10,4
6249,18,16,7
6250,18,16,7
6251,18,11,18
6252,18,18,0
6253,18,10,4
6254,18,8,10
6255,18,11,18
6256,18,7,3
6257,18,9,6
6258,18,11,18
6259,18,2,9
6260,18,16,7
6261,18,10,4
6262,18,12,14
6263,18,14,2
6264,18,12,14
6265,18,11,18
6266,18,9,6
6267,18,16,7
6268,18,10,4
6269,18,11,18
6270,18,4,13
6271,18,17,17
6272,18,10,4
6273,18,11,18
6274,18,11,18
6275,18,4,13
6276,18,19,19
6277,18,16,7
6278,18,12,14
6279,18,16,7
6280,18,16,7
6281,18,2,9
6282,18,2,9
6283,18,11,18
6284,18,14,2
6285,18,9,6
6286,18,3,8
6287,18,3,8
6288,18,12,14
6289,18,12,14
6290,18,11,18
6291,18,2,9
6292,18,10,4
6293,18,3,8
6294,18,4,13
6295,18,3,8
6296,18,3,8
6297,18,3,8
6298,18,9,6
6299,18,19,19
6300,18,19,19
6301,18,11,18
6302,18,16,7
6303,18,16,7
6304,18,5,1
6305,18,11,18
6306,18,4,13
6307,18,11,18
6308,18,17,17
6309,18,12,14
6310,18,10,4
6311,18,3,8
6312,18,16,7
6313,18,16,7
6314,18,8,10
6315,18,11,18
6316,18,10,4
6317,18,2,9
6318,18,10,4
6319,18,10,4
6320,18,10,4
6321,18,12,14
6322,18,12,14
6323,18,10,4
6324,18,18,0
6325,18,16,7
6326,18,11,18
6327,18,16,7
6328,18,5,1
6329,18,3,8
6330,18,16,7
6331,18,16,7
6332,18,11,18
6333,18,10,4
6334,18,14,2
6335,18,10,4
6336,18,10,4
6337,18,5,1
6338,18,5,1
6339,18,2,9
6340,18,17,17
6341,18,11,18
6342,18,9,6
6343,18,7,3
6344,18,2,9
6345,18,16,7
6346,18,16,7
6347,18,12,14
6348,18,12,14
6349,18,11,18
6350,18,5,1
6351,18,11,18
6352,18,16,7
6353,18,17,17
6354,18,10,4
6355,18,16,7
6356,18,10,4
6357,18,16,7
6358,18,16,7
6359,18,16,7
6360,18,16,7
6361,18,5,1
6362,18,10,4
6363,18,11,18
6364,18,16,7
6365,18,12,14
6366,18,10,4
6367,18,14,2
6368,18,10,4
6369,18,16,7
6370,18,11,18
6371,18,16,7
6372,18,16,7
6373,18,0,12
6374,18,10,4
6375,18,2,9
6376,18,10,4
6377,18,9,6
6378,18,18,0
6379,18,11,18
6380,18,11,18
6381,18,2,9
6382,18,16,7
6383,18,11,18
6384,18,11,18
6385,18,11,18
6386,18,17,17
6387,18,17,17
6388,18,11,18
6389,18,11,18
6390,18,7,3
6391,18,17,17
6392,18,10,4
6393,18,4,13
6394,18,4,13
6395,18,16,7
6396,18,3,8
6397,18,10,4
6398,18,11,18
6399,18,11,18
6400,18,11,18
6401,18,5,1
6402,18,9,6
6403,18,10,4
6404,18,16,7
6405,18,14,2
6406,18,16,7
6407,18,5,1
6408,18,10,4
6409,18,16,7
6410,18,10,4
6411,18,10,4
6412,18,17,17
6413,18,11,18
6414,18,6,15
6415,18,12,14
6416,18,5,1
6417,18,3,8
6418,18,11,18
6419,18,5,1
6420,18,11,18
6421,18,11,18
6422,18,16,7
6423,18,11,18
6424,18,16,7
6425,18,10,4
6426,18,17,17
6427,18,17,17
6428,18,11,18
6429,18,10,4
6430,18,12,14
6431,18,9,6
6432,18,16,7
6433,18,2,9
6434,18,3,8
6435,18,12,14
6436,18,7,3
6437,18,18,0
6438,18,12,14
6439,18,16,7
6440,18,10,4
6441,18,4,13
6442,18,11,18
6443,18,11,18
6444,18,5,1
6445,18,5,1
6446,18,0,12
6447,18,16,7
6448,18,17,17
6449,18,17,17
6450,18,12,14
6451,18,16,7
6452,18,12,14
6453,18,16,7
6454,18,12,14
6455,18,17,17
6456,18,16,7
6457,18,12,14
6458,18,10,4
6459,18,11,18
6460,18,11,18
6461,18,17,17
6462,18,10,4
6463,18,3,8
6464,18,12,14
6465,18,3,8
6466,18,9,6
6467,18,9,6
6468,18,11,18
6469,18,11,18
6470,18,9,6
6471,18,10,4
6472,18,11,18
6473,18,9,6
6474,18,10,4
6475,18,9,6
6476,18,11,18
6477,18,16,7
6478,18,11,18
6479,18,1,5
6480,18,17,17
6481,18,10,4
6482,18,11,18
6483,18,3,8
6484,18,10,4
6485,18,4,13
6486,18,16,7
6487,18,3,8
6488,18,10,4
6489,18,7,3
6490,18,11,18
6491,18,3,8
6492,18,10,4
6493,18,11,18
6494,18,18,0
6495,18,10,4
6496,18,14,2
6497,18,16,7
6498,18,14,2
6499,18,16,7
6500,18,16,7
6501,18,11,18
6502,18,10,4
6503,18,10,4
6504,18,3,8
6505,18,16,7
6506,18,16,7
6507,18,14,2
6508,18,10,4
6509,18,14,2
6510,18,16,7
6511,18,16,7
6512,18,16,7
6513,18,11,18
6514,18,19,19
6515,18,11,18
6516,18,3,8
6517,18,11,18
6518,18,11,18
6519,18,10,4
6520,18,17,17
6521,18,10,4
6522,18,11,18
6523,18,11,18
6524,18,3,8
6525,18,11,18
6526,18,12,14
6527,18,16,7
6528,18,16,7
6529,18,16,7
6530,18,11,18
6531,18,12,14
6532,18,17,17
6533,18,3,8
6534,18,12,14
6535,18,11,18
6536,18,3,8
6537,18,11,18
6538,18,17,17
6539,18,10,4
6540,18,4,13
6541,18,10,4
6542,18,2,9
6543,18,16,7
6544,18,2,9
6545,18,16,7
6546,18,16,7
6547,18,11,18
6548,18,9,6
6549,18,12,14
6550,18,12,14
6551,18,4,13
6552,18,11,18
6553,18,4,13
6554,18,11,18
6555,18,10,4
6556,18,3,8
6557,18,16,7
6558,18,11,18
6559,18,16,7
6560,18,10,4
6561,18,3,8
6562,18,14,2
6563,18,12,14
6564,18,14,2
6565,18,12,14
6566,18,14,2
6567,18,17,17
6568,18,3,8
6569,18,8,10
6570,18,8,10
6571,18,10,4
6572,18,10,4
6573,18,12,14
6574,18,18,0
6575,18,14,2
6576,18,17,17
6577,18,11,18
6578,18,7,3
6579,18,16,7
6580,18,17,17
6581,18,10,4
6582,18,16,7
6583,18,11,18
6584,18,11,18
6585,18,10,4
6586,18,8,10
6587,18,2,9
6588,18,11,18
6589,18,4,13
6590,18,11,18
6591,18,3,8
6592,18,10,4
6593,18,2,9
6594,18,5,1
6595,18,3,8
6596,18,16,7
6597,18,17,17
6598,18,17,17
6599,18,4,13
6600,18,10,4
6601,18,16,7
6602,18,2,9
6603,18,11,18
6604,18,3,8
6605,18,3,8
6606,18,16,7
6607,18,2,9
6608,18,2,9
6609,18,17,17
6610,18,17,17
6611,18,17,17
6612,18,11,18
6613,18,17,17
6614,18,16,7
6615,18,6,15
6616,18,14,2
6617,18,16,7
6618,18,12,14
6619,18,11,18
6620,18,2,9
6621,18,10,4
6622,18,10,4
6623,18,17,17
6624,18,11,18
6625,18,9,6
6626,18,19,19
6627,18,10,4
6628,18,11,18
6629,18,11,18
6630,18,16,7
6631,18,10,4
6632,18,16,7
6633,18,19,19
6634,18,16,7
6635,18,17,17
6636,18,16,7
6637,18,11,18
6638,18,12,14
6639,18,10,4
6640,18,16,7
6641,18,4,13
6642,18,10,4
6643,18,16,7
6644,18,9,6
6645,18,10,4
6646,18,5,1
6647,18,11,18
6648,18,9,6
6649,18,10,4
6650,18,9,6
6651,18,16,7
6652,18,10,4
6653,18,16,7
6654,18,11,18
6655,18,2,9
6656,18,2,9
6657,18,17,17
6658,18,16,7
6659,18,9,6
6660,18,10,4
6661,18,11,18
6662,18,16,7
6663,18,2,9
6664,18,10,4
6665,18,11,18
6666,18,16,7
6667,18,17,17
6668,18,17,17
6669,18,18,0
6670,18,14,2
6671,18,16,7
6672,18,16,7
6673,18,12,14
6674,18,10,4
6675,18,16,7
6676,18,16,7
6677,18,16,7
6678,18,3,8
6679,18,4,13
6680,18,9,6
6681,18,7,3
6682,18,16,7
6683,18,16,7
6684,18,12,14
6685,18,7,3
6686,18,16,7
6687,18,14,2
6688,18,2,9
6689,18,12,14
6690,18,16,7
6691,18,16,7
6692,18,16,7
6693,18,11,18
6694,18,11,18
6695,18,3,8
6696,18,17,17
6697,18,3,8
6698,18,5,1
6699,18,16,7
6700,18,16,7
6701,18,10,4
6702,18,1,5
6703,18,16,7
6704,18,16,7
6705,18,5,1
6706,18,11,18
6707,18,2,9
6708,18,7,3
6709,18,10,4
6710,18,12,14
6711,18,4,13
6712,18,10,4
6713,18,11,18
6714,18,11,18
6715,18,16,7
6716,18,10,4
6717,18,16,7
6718,18,10,4
6719,18,10,4
6720,18,12,14
6721,18,7,3
6722,18,1,5
6723,18,4,13
6724,18,10,4
6725,18,12,14
6726,18,19,19
6727,18,4,13
6728,18,11,18
6729,18,2,9
6730,18,3,8
6731,18,4,13
6732,18,16,7
6733,18,16,7
6734,18,12,14
6735,18,16,7
6736,18,16,7
6737,18,16,7
6738,18,14,2
6739,18,16,7
6740,18,18,0
6741,18,9,6
6742,18,16,7
6743,18,12,14
6744,18,2,9
6745,18,16,7
6746,18,12,14
6747,18,17,17
6748,18,17,17
6749,18,16,7
6750,18,19,19
6751,18,14,2
6752,18,14,2
6753,18,10,4
6754,18,10,4
6755,18,11,18
6756,18,17,17
6757,18,10,4
6758,18,7,3
6759,18,17,17
6760,18,9,6
6761,18,19,19
6762,18,12,14
6763,18,4,13
6764,18,12,14
6765,18,3,8
6766,18,18,0
6767,18,11,18
6768,18,10,4
6769,18,11,18
6770,18,9,6
6771,18,11,18
6772,18,10,4
6773,18,9,6
6774,18,16,7
6775,18,10,4
6776,18,9,6
6777,18,19,19
6778,18,17,17
6779,18,3,8
6780,18,11,18
6781,18,11,18
6782,18,10,4
6783,18,16,7
6784,18,5,1
6785,18,10,4
6786,18,3,8
6787,18,10,4
6788,18,3,8
6789,18,17,17
6790,18,17,17
6791,18,12,14
6792,18,4,13
6793,18,16,7
6794,18,16,7
6795,18,12,14
6796,18,17,17
6797,18,3,8
6798,18,11,18
6799,18,3,8
6800,18,1,5
6801,18,4,13
6802,18,16,7
6803,18,17,17
6804,18,16,7
6805,18,11,18
6806,18,12,14
6807,18,1,5
6808,18,10,4
6809,18,11,18
6810,18,11,18
6811,18,1,5
6812,18,16,7
6813,18,10,4
6814,18,11,18
6815,18,3,8
6816,18,16,7
6817,18,16,7
6818,18,16,7
6819,18,2,9
6820,18,16,7
6821,18,17,17
6822,18,16,7
6823,18,11,18
6824,18,16,7
6825,18,11,18
6826,18,11,18
6827,18,12,14
6828,18,12,14
6829,18,16,7
6830,18,11,18
6831,18,10,4
6832,18,9,6
6833,18,2,9
6834,18,3,8
6835,18,3,8
6836,18,16,7
6837,18,16,7
6838,18,11,18
6839,18,4,13
6840,18,9,6
6841,18,14,2
6842,18,11,18
6843,18,3,8
6844,18,0,12
6845,18,16,7
6846,18,5,1
6847,18,4,13
6848,18,10,4
6849,18,14,2
6850,18,17,17
6851,18,17,17
6852,18,10,4
6853,18,4,13
6854,18,1,5
6855,18,16,7
6856,18,12,14
6857,18,6,15
6858,18,4,13
6859,18,17,17
6860,18,17,17
6861,18,4,13
6862,18,14,2
6863,18,14,2
6864,18,17,17
6865,18,11,18
6866,18,10,4
6867,18,16,7
6868,18,11,18
6869,18,9,6
6870,18,12,14
6871,18,17,17
6872,18,11,18
6873,18,17,17
6874,18,12,14
6875,18,17,17
6876,18,14,2
6877,18,16,7
6878,18,9,6
6879,18,3,8
6880,18,18,0
6881,18,14,2
6882,18,17,17
6883,18,18,0
6884,18,10,4
6885,18,10,4
6886,18,14,2
6887,18,11,18
6888,18,9,6
6889,18,17,17
6890,18,16,7
6891,18,3,8
6892,18,3,8
6893,18,16,7
6894,18,9,6
6895,18,11,18
6896,18,7,3
6897,18,3,8
6898,18,16,7
6899,18,11,18
6900,18,3,8
6901,18,16,7
6902,18,11,18
6903,18,10,4
6904,18,16,7
6905,18,11,18
6906,18,16,7
6907,18,16,7
6908,18,9,6
6909,18,17,17
6910,18,11,18
6911,18,12,14
6912,18,11,18
6913,18,19,19
6914,18,3,8
6915,18,6,15
6916,18,10,4
6917,18,3,8
6918,18,3,8
6919,18,10,4
6920,18,6,15
6921,18,16,7
6922,18,10,4
6923,18,14,2
6924,18,3,8
6925,18,12,14
6926,18,17,17
6927,18,11,18
6928,18,16,7
6929,18,9,6
6930,18,16,7
6931,18,17,17
6932,18,17,17
6933,18,10,4
6934,18,5,1
6935,18,16,7
6936,18,16,7
6937,18,16,7
6938,18,11,18
6939,18,12,14
6940,18,10,4
6941,18,16,7
6942,18,7,3
6943,18,4,13
6944,18,4,13
6945,18,17,17
6946,18,2,9
6947,18,19,19
6948,18,16,7
6949,18,4,13
6950,18,16,7
6951,18,11,18
6952,18,11,18
6953,18,11,18
6954,18,16,7
6955,18,17,17
6956,18,14,2
6957,18,10,4
6958,18,4,13
6959,18,4,13
6960,18,3,8
6961,18,10,4
6962,18,16,7
6963,18,16,7
6964,18,16,7
6965,18,11,18
6966,18,5,1
6967,18,11,18
6968,18,12,14
6969,18,16,7
6970,18,13,16
6971,18,10,4
6972,18,16,7
6973,18,18,0
6974,18,7,3
6975,18,11,18
6976,18,10,4
6977,18,10,4
6978,18,17,17
6979,18,16,7
6980,18,11,18
6981,18,4,13
6982,18,16,7
6983,18,17,17
6984,18,16,7
6985,18,11,18
6986,18,3,8
6987,18,16,7
6988,18,12,14
6989,18,16,7
6990,18,14,2
6991,18,1,5
6992,18,5,1
6993,18,10,4
6994,18,11,18
6995,18,14,2
6996,18,11,18
6997,18,13,16
6998,18,10,4
6999,18,16,7
7000,18,2,9
7001,18,16,7
7002,18,2,9
7003,18,11,18
7004,18,11,18
7005,18,3,8
7006,18,3,8
7007,18,5,1
7008,18,16,7
7009,18,10,4
7010,18,5,1
7011,18,2,9
7012,18,6,15
7013,18,16,7
7014,18,17,17
7015,18,12,14
7016,18,16,7
7017,18,4,13
7018,18,12,14
7019,18,16,7
7020,18,9,6
7021,18,10,4
7022,18,11,18
7023,18,3,8
7024,18,10,4
7025,18,10,4
7026,18,16,7
7027,18,16,7
7028,18,9,6
7029,18,7,3
7030,18,12,14
7031,18,14,2
7032,18,10,4
7033,18,3,8
7034,18,10,4
7035,18,10,4
7036,18,10,4
7037,18,3,8
7038,18,11,18
7039,18,12,14
7040,18,3,8
7041,18,14,2
7042,18,12,14
7043,18,10,4
7044,18,11,18
7045,18,11,18
7046,18,4,13
7047,18,17,17
7048,18,10,4
7049,18,4,13
7050,18,11,18
7051,18,18,0
7052,18,19,19
7053,18,16,7
7054,18,12,14
7055,18,3,8
7056,18,3,8
7057,18,10,4
7058,18,17,17
7059,18,11,18
7060,18,4,13
7061,18,7,3
7062,18,19,19
7063,18,10,4
7064,18,11,18
7065,18,4,13
7066,18,4,13
7067,18,4,13
7068,18,11,18
7069,18,10,4
7070,18,4,13
7071,18,16,7
7072,18,12,14
7073,18,4,13
7074,18,14,2
7075,18,16,7
7076,18,9,6
7077,18,14,2
7078,18,10,4
7079,18,9,6
7080,18,11,18
7081,18,19,19
7082,18,12,14
7083,18,12,14
7084,18,9,6
7085,18,11,18
7086,18,4,13
7087,18,12,14
7088,18,8,10
7089,18,16,7
7090,18,16,7
7091,18,16,7
7092,18,11,18
7093,18,14,2
7094,18,10,4
7095,18,16,7
7096,18,2,9
7097,18,7,3
7098,18,16,7
7099,18,10,4
7100,18,11,18
7101,18,16,7
7102,18,10,4
7103,18,3,8
7104,18,11,18
7105,18,12,14
7106,18,11,18
7107,18,0,12
7108,18,11,18
7109,18,11,18
7110,18,11,18
7111,18,9,6
7112,18,3,8
7113,18,10,4
7114,18,11,18
7115,18,3,8
7116,18,10,4
7117,18,16,7
7118,18,16,7
7119,18,17,17
7120,18,4,13
7121,18,14,2
7122,18,4,13
7123,18,14,2
7124,18,10,4
7125,18,10,4
7126,18,3,8
7127,18,11,18
7128,18,17,17
7129,18,4,13
7130,18,11,18
7131,18,11,18
7132,18,11,18
7133,18,17,17
7134,18,10,4
7135,18,11,18
7136,18,10,4
7137,18,11,18
7138,18,10,4
7139,18,9,6
7140,18,16,7
7141,18,3,8
7142,18,3,8
7143,18,16,7
7144,18,16,7
7145,18,16,7
7146,18,17,17
7147,18,4,13
7148,18,10,4
7149,18,10,4
7150,18,2,9
7151,18,17,17
7152,18,11,18
7153,18,14,2
7154,18,11,18
7155,18,10,4
7156,18,17,17
7157,18,5,1
7158,18,17,17
7159,18,12,14
7160,18,17,17
7161,18,14,2
7162,18,12,14
7163,18,13,16
7164,18,19,19
7165,18,5,1
7166,18,11,18
7167,18,16,7
7168,18,3,8
7169,18,11,18
7170,18,12,14
7171,18,8,10
7172,18,16,7
7173,18,17,17
7174,18,16,7
7175,18,12,14
7176,18,16,7
7177,18,12,14
7178,18,4,13
7179,18,11,18
7180,18,10,4
7181,18,11,18
7182,18,17,17
7183,18,16,7
7184,18,3,8
7185,18,10,4
7186,18,3,8
7187,18,3,8
7188,18,16,7
7189,18,10,4
7190,18,12,14
7191,18,16,7
7192,18,12,14
7193,18,2,9
7194,18,4,13
7195,18,11,18
7196,18,10,4
7197,18,7,3
7198,18,1,5
7199,18,1,5
7200,18,16,7
7201,18,16,7
7202,18,17,17
7203,18,16,7
7204,18,17,17
7205,18,16,7
7206,18,11,18
7207,18,4,13
7208,18,12,14
7209,18,2,9
7210,18,14,2
7211,18,12,14
7212,18,7,3
7213,18,11,18
7214,18,17,17
7215,18,19,19
7216,18,9,6
7217,18,17,17
7218,18,19,19
7219,18,10,4
7220,18,16,7
7221,18,2,9
7222,18,4,13
7223,18,12,14
7224,18,11,18
7225,18,12,14
7226,18,1,5
7227,18,5,1
7228,18,11,18
7229,18,3,8
7230,18,16,7
7231,18,17,17
7232,18,4,13
7233,18,3,8
7234,18,14,2
7235,18,12,14
7236,18,5,1
7237,18,10,4
7238,18,16,7
7239,18,3,8
7240,18,11,18
7241,18,11,18
7242,18,9,6
7243,18,5,1
7244,18,16,7
7245,18,0,12
7246,18,12,14
7247,18,3,8
7248,18,11,18
7249,18,10,4
7250,18,4,13
7251,18,11,18
7252,18,3,8
7253,18,16,7
7254,18,3,8
7255,18,11,18
7256,18,14,2
7257,18,3,8
7258,18,11,18
7259,18,17,17
7260,18,17,17
7261,18,16,7
7262,18,10,4
7263,18,10,4
7264,18,3,8
7265,18,10,4
7266,18,16,7
7267,18,12,14
7268,18,10,4
7269,18,10,4
7270,18,12,14
7271,18,16,7
7272,18,3,8
7273,18,16,7
7274,18,16,7
7275,18,18,0
7276,18,16,7
7277,18,3,8
7278,18,17,17
7279,18,17,17
7280,18,4,13
7281,18,8,10
7282,18,16,7
7283,18,12,14
7284,18,3,8
7285,18,16,7
7286,18,5,1
7287,18,8,10
7288,18,14,2
7289,18,11,18
7290,18,17,17
7291,18,4,13
7292,18,11,18
7293,18,3,8
7294,18,16,7
7295,18,14,2
7296,18,11,18
7297,18,12,14
7298,18,11,18
7299,18,3,8
7300,18,14,2
7301,18,12,14
7302,18,4,13
7303,18,16,7
7304,18,3,8
7305,18,7,3
7306,18,7,3
7307,18,11,18
7308,18,19,19
7309,18,11,18
7310,18,11,18
7311,18,2,9
7312,18,10,4
7313,18,11,18
7314,18,16,7
7315,18,11,18
7316,18,4,13
7317,18,4,13
7318,18,7,3
7319,18,12,14
7320,18,10,4
7321,18,11,18
7322,18,13,16
7323,18,3,8
7324,18,2,9
7325,18,17,17
7326,18,10,4
7327,18,5,1
7328,18,4,13
7329,18,17,17
7330,18,9,6
7331,18,16,7
7332,18,2,9
7333,18,16,7
7334,18,2,9
7335,18,18,0
7336,18,10,4
7337,18,4,13
7338,18,11,18
7339,18,16,7
7340,18,16,7
7341,18,11,18
7342,18,16,7
7343,18,3,8
7344,18,2,9
7345,18,8,10
7346,18,5,1
7347,18,17,17
7348,18,16,7
7349,18,14,2
7350,18,12,14
7351,18,4,13
7352,18,16,7
7353,18,16,7
7354,18,3,8
7355,18,16,7
7356,18,17,17
7357,18,4,13
7358,18,14,2
7359,18,16,7
7360,18,16,7
7361,18,16,7
7362,18,17,17
7363,18,3,8
7364,18,14,2
7365,18,16,7
7366,18,9,6
7367,18,9,6
7368,18,11,18
7369,18,11,18
7370,18,10,4
7371,18,16,7
7372,18,16,7
7373,18,18,0
7374,18,14,2
7375,18,4,13
7376,18,12,14
7377,18,17,17
7378,18,10,4
7379,18,11,18
7380,18,5,1
7381,18,2,9
7382,18,14,2
7383,18,16,7
7384,18,10,4
7385,18,9,6
7386,18,12,14
7387,18,17,17
7388,18,3,8
7389,18,3,8
7390,18,11,18
7391,18,16,7
7392,18,12,14
7393,18,11,18
7394,18,11,18
7395,18,16,7
7396,18,17,17
7397,18,12,14
7398,18,4,13
7399,18,11,18
7400,18,10,4
7401,18,18,0
7402,18,16,7
7403,18,17,17
7404,18,10,4
7405,18,12,14
7406,18,2,9
7407,18,16,7
7408,18,5,1
7409,18,17,17
7410,18,17,17
7411,18,14,2
7412,18,17,17
7413,18,3,8
7414,18,11,18
7415,18,4,13
7416,18,3,8
7417,18,16,7
7418,18,16,7
7419,18,17,17
7420,18,16,7
7421,18,18,0
7422,18,16,7
7423,18,2,9
7424,18,16,7
7425,18,16,7
7426,18,17,17
7427,18,14,2
7428,18,11,18
7429,18,12,14
7430,18,11,18
7431,18,17,17
7432,18,4,13
7433,18,1,5
7434,18,11,18
7435,18,10,4
7436,18,16,7
7437,18,12,14
7438,18,11,18
7439,18,16,7
7440,18,16,7
7441,18,9,6
7442,18,3,8
7443,18,11,18
7444,18,16,7
7445,18,11,18
7446,18,14,2
7447,18,4,13
7448,18,16,7
7449,18,12,14
7450,18,11,18
7451,18,10,4
7452,18,4,13
7453,18,2,9
7454,5,1,5
7455,5,10,4
7456,5,16,7
7457,5,9,6
7458,5,16,7
7459,5,2,9
7460,5,16,7
7461,5,5,1
7462,5,11,18
7463,5,16,7
7464,5,16,7
7465,5,11,18
7466,5,11,18
7467,5,1,5
7468,5,9,6
7469,5,11,18
7470,5,16,7
7471,5,11,18
7472,5,4,13
7473,5,16,7
7474,5,5,1
7475,5,2,9
7476,5,17,17
7477,5,17,17
7478,5,16,7
7479,5,9,6
7480,5,14,2
7481,5,16,7
7482,5,16,7
7483,5,1,5
7484,5,11,18
7485,5,10,4
7486,5,11,18
7487,5,7,3
7488,5,5,1
7489,5,17,17
7490,5,16,7
7491,6,2,9
7492,6,11,18
7493,6,17,17
7494,6,14,2
7495,6,19,19
7496,6,16,7
7497,6,16,7
7498,6,10,4
7499,6,10,4
7500,6,11,18
7501,6,17,17
7502,6,11,18
7503,6,4,13
7504,6,11,18
7505,6,16,7
7506,6,4,13
7507,6,4,13
7508,6,16,7
7509,6,2,9
7510,6,16,7
7511,6,10,4
7512,6,2,9
7513,6,16,7
7514,6,11,18
7515,6,11,18
7516,6,11,18
7517,6,10,4
7518,6,3,8
7519,6,14,2
7520,6,10,4
7521,6,16,7
7522,6,16,7
7523,6,14,2
7524,6,16,7
7525,6,16,7
7526,6,5,1
7527,6,10,4
7528,6,3,8
7529,6,17,17
7530,6,17,17
7531,6,16,7
7532,6,12,14
7533,6,16,7
7534,6,16,7
7535,6,14,2
7536,6,3,8
7537,6,11,18
7538,6,17,17
7539,6,16,7
7540,6,17,17
7541,6,11,18
7542,6,10,4
7543,6,16,7
7544,6,14,2
7545,6,16,7
7546,6,12,14
7547,6,16,7
7548,6,14,2
7549,6,5,1
7550,6,3,8
7551,6,3,8
7552,6,14,2
7553,6,2,9
7554,6,11,18
7555,6,11,18
7556,6,16,7
7557,6,4,13
7558,6,9,6
7559,6,3,8
7560,6,9,6
7561,6,5,1
7562,6,3,8
7563,6,3,8
7564,6,11,18
7565,6,11,18
7566,6,12,14
7567,6,4,13
7568,6,16,7
7569,6,11,18
7570,6,2,9
7571,6,11,18
7572,6,9,6
7573,6,14,2
7574,6,5,1
7575,6,16,7
7576,6,14,2
7577,6,2,9
7578,6,4,13
7579,6,16,7
7580,6,9,6
7581,6,11,18
7582,6,1,5
7583,6,16,7
7584,6,9,6
7585,6,11,18
7586,6,16,7
7587,6,12,14
7588,6,16,7
7589,6,16,7
7590,6,2,9
7591,6,17,17
7592,6,16,7
7593,6,16,7
7594,6,16,7
7595,6,16,7
7596,6,4,13
7597,6,16,7
7598,6,18,0
7599,6,16,7
7600,6,16,7
7601,6,11,18
7602,6,3,8
7603,6,14,2
7604,6,3,8
7605,6,12,14
7606,6,11,18
7607,6,11,18
7608,6,17,17
7609,6,4,13
7610,6,9,6
7611,6,14,2
7612,6,11,18
7613,6,16,7
7614,6,16,7
7615,6,5,1
7616,6,6,15
7617,6,10,4
7618,6,10,4
7619,6,17,17
7620,6,9,6
7621,6,10,4
7622,6,2,9
7623,6,16,7
7624,6,11,18
7625,6,7,3
7626,6,14,2
7627,6,17,17
7628,6,4,13
7629,6,17,17
7630,6,11,18
7631,6,11,18
7632,6,17,17
7633,6,11,18
7634,6,10,4
7635,6,16,7
7636,6,11,18
7637,6,4,13
7638,6,17,17
7639,6,3,8
7640,6,11,18
7641,6,5,1
7642,6,16,7
7643,6,11,18
7644,6,11,18
7645,6,16,7
7646,6,11,18
7647,6,10,4
7648,6,16,7
7649,6,16,7
7650,6,17,17
7651,6,10,4
7652,6,11,18
7653,6,9,6
7654,6,16,7
7655,6,14,2
7656,6,9,6
7657,6,11,18
7658,6,11,18
7659,6,19,19
7660,6,11,18
7661,6,16,7
7662,6,3,8
7663,6,3,8
7664,6,11,18
7665,6,4,13
7666,6,11,18
7667,6,16,7
7668,6,10,4
7669,6,3,8
7670,6,10,4
7671,6,1,5
7672,6,2,9
7673,6,4,13
7674,6,11,18
7675,6,16,7
7676,6,2,9
7677,6,10,4
7678,6,16,7
7679,6,16,7
7680,6,9,6
7681,6,11,18
7682,6,11,18
7683,6,12,14
7684,6,16,7
7685,6,16,7
7686,6,5,1
7687,6,3,8
7688,6,4,13
7689,6,16,7
7690,6,12,14
7691,6,17,17
7692,6,9,6
7693,6,11,18
7694,6,12,14
7695,6,3,8
7696,6,16,7
7697,6,18,0
7698,6,5,1
7699,6,16,7
7700,6,16,7
7701,6,12,14
7702,6,3,8
7703,6,9,6
7704,6,18,0
7705,6,9,6
7706,6,17,17
7707,6,9,6
7708,6,10,4
7709,6,2,9
7710,6,12,14
7711,6,11,18
7712,6,16,7
7713,6,14,2
7714,6,11,18
7715,6,16,7
7716,6,12,14
7717,6,11,18
7718,6,18,0
7719,6,16,7
7720,6,11,18
7721,6,9,6
7722,6,10,4
7723,6,17,17
7724,6,10,4
7725,6,3,8
7726,6,3,8
7727,6,3,8
7728,6,14,2
7729,6,11,18
7730,6,3,8
7731,6,2,9
7732,6,10,4
7733,6,16,7
7734,6,17,17
7735,6,11,18
7736,6,4,13
7737,6,17,17
7738,6,17,17
7739,6,16,7
7740,6,10,4
7741,6,16,7
7742,6,16,7
7743,6,16,7
7744,6,16,7
7745,6,4,13
7746,6,4,13
7747,6,9,6
7748,6,11,18
7749,6,5,1
7750,6,9,6
7751,6,11,18
7752,6,11,18
7753,6,11,18
7754,6,12,14
7755,6,2,9
7756,6,16,7
7757,6,3,8
7758,6,10,4
7759,6,16,7
7760,6,11,18
7761,6,11,18
7762,6,2,9
7763,6,2,9
7764,6,14,2
7765,6,11,18
7766,6,3,8
7767,6,11,18
7768,6,16,7
7769,6,16,7
7770,6,17,17
7771,6,10,4
7772,6,17,17
7773,6,1,5
7774,6,16,7
7775,6,10,4
7776,6,9,6
7777,6,10,4
7778,6,16,7
7779,6,11,18
7780,6,10,4
7781,6,1,5
7782,6,2,9
7783,6,9,6
7784,6,17,17
7785,6,14,2
7786,6,16,7
7787,6,11,18
7788,6,3,8
7789,6,14,2
7790,6,17,17
7791,6,16,7
7792,6,9,6
7793,6,11,18
7794,6,16,7
7795,6,11,18
7796,6,2,9
7797,6,12,14
7798,6,9,6
7799,6,16,7
7800,6,11,18
7801,6,11,18
7802,6,4,13
7803,6,9,6
7804,6,11,18
7805,6,11,18
7806,6,11,18
7807,6,14,2
7808,6,16,7
7809,6,5,1
7810,6,16,7
7811,6,10,4
7812,6,3,8
7813,6,17,17
7814,6,11,18
7815,6,10,4
7816,6,11,18
7817,6,10,4
7818,6,16,7
7819,6,4,13
7820,6,11,18
7821,6,16,7
7822,6,10,4
7823,6,16,7
7824,6,3,8
7825,6,17,17
7826,6,9,6
7827,6,17,17
7828,6,17,17
7829,6,11,18
7830,6,4,13
7831,6,11,18
7832,6,12,14
7833,6,18,0
7834,6,16,7
7835,6,4,13
7836,6,11,18
7837,6,9,6
7838,6,16,7
7839,6,16,7
7840,6,11,18
7841,6,11,18
7842,6,11,18
7843,6,16,7
7844,6,18,0
7845,6,18,0
7846,6,17,17
7847,6,14,2
7848,6,11,18
7849,6,5,1
7850,6,12,14
7851,6,11,18
7852,6,16,7
7853,6,17,17
7854,6,16,7
7855,6,14,2
7856,6,5,1
7857,6,17,17
7858,6,10,4
7859,6,10,4
7860,6,17,17
7861,6,10,4
7862,6,17,17
7863,6,16,7
7864,6,14,2
7865,6,9,6
7866,6,5,1
7867,6,16,7
7868,6,11,18
7869,6,11,18
7870,6,16,7
7871,6,12,14
7872,6,14,2
7873,6,3,8
7874,6,3,8
7875,6,10,4
7876,6,5,1
7877,6,7,3
7878,6,11,18
7879,6,12,14
7880,6,17,17
7881,6,11,18
7882,6,14,2
7883,6,11,18
7884,6,16,7
7885,6,3,8
7886,6,11,18
7887,6,10,4
7888,6,16,7
7889,6,16,7
7890,6,17,17
7891,6,10,4
7892,6,10,4
7893,6,10,4
7894,6,14,2
7895,6,11,18
7896,6,4,13
7897,6,9,6
7898,6,17,17
7899,6,9,6
7900,6,16,7
7901,6,11,18
7902,6,16,7
7903,6,18,0
7904,6,11,18
7905,6,5,1
7906,6,11,18
7907,6,17,17
7908,6,9,6
7909,6,16,7
7910,6,11,18
7911,6,17,17
7912,6,5,1
7913,6,5,1
7914,6,16,7
7915,6,11,18
7916,6,16,7
7917,6,12,14
7918,6,16,7
7919,6,16,7
7920,6,16,7
7921,6,16,7
7922,6,10,4
7923,6,16,7
7924,6,11,18
7925,6,11,18
7926,6,16,7
7927,6,9,6
7928,6,11,18
7929,6,16,7
7930,6,16,7
7931,6,16,7
7932,6,12,14
7933,6,16,7
7934,6,0,12
7935,6,2,9
7936,6,11,18
7937,6,16,7
7938,6,14,2
7939,6,11,18
7940,6,18,0
7941,6,17,17
7942,6,11,18
7943,6,3,8
7944,6,4,13
7945,6,16,7
7946,6,2,9
7947,6,3,8
7948,6,11,18
7949,6,16,7
7950,6,11,18
7951,6,3,8
7952,6,5,1
7953,6,5,1
7954,6,11,18
7955,6,11,18
7956,6,17,17
7957,6,2,9
7958,6,16,7
7959,6,16,7
7960,6,16,7
7961,6,16,7
7962,6,9,6
7963,6,11,18
7964,6,2,9
7965,6,3,8
7966,6,11,18
7967,6,17,17
7968,6,17,17
7969,6,3,8
7970,6,16,7
7971,6,16,7
7972,6,9,6
7973,6,1,5
7974,6,17,17
7975,6,10,4
7976,6,3,8
7977,6,17,17
7978,6,16,7
7979,6,4,13
7980,6,16,7
7981,6,3,8
7982,6,2,9
7983,6,11,18
7984,6,11,18
7985,6,17,17
7986,6,4,13
7987,6,10,4
7988,6,16,7
7989,6,11,18
7990,6,16,7
7991,6,10,4
7992,6,16,7
7993,7,16,7
7994,7,17,17
7995,7,16,7
7996,7,14,2
7997,7,16,7
7998,7,16,7
7999,7,11,18
8000,7,2,9
8001,7,2,9
8002,7,10,4
8003,7,11,18
8004,7,16,7
8005,7,10,4
8006,7,16,7
8007,7,2,9
8008,7,8,10
8009,7,3,8
8010,7,2,9
8011,7,3,8
8012,7,17,17
8013,7,16,7
8014,7,3,8
8015,7,3,8
8016,7,11,18
8017,7,3,8
8018,7,11,18
8019,7,10,4
8020,7,4,13
8021,7,16,7
8022,7,16,7
8023,7,16,7
8024,7,16,7
8025,7,16,7
8026,7,16,7
8027,7,2,9
8028,7,17,17
8029,7,11,18
8030,7,4,13
8031,7,11,18
8032,7,4,13
8033,7,11,18
8034,7,17,17
8035,7,16,7
8036,7,14,2
8037,7,16,7
8038,7,11,18
8039,7,11,18
8040,7,11,18
8041,7,12,14
8042,7,9,6
8043,7,14,2
8044,7,3,8
8045,7,10,4
8046,7,10,4
8047,7,2,9
8048,7,17,17
8049,7,11,18
8050,7,17,17
8051,7,16,7
8052,7,11,18
8053,7,14,2
8054,7,10,4
8055,7,11,18
8056,7,14,2
8057,7,16,7
8058,7,3,8
8059,7,16,7
8060,7,10,4
8061,7,16,7
8062,7,14,2
8063,7,10,4
8064,7,10,4
8065,7,16,7
8066,7,11,18
8067,7,11,18
8068,7,16,7
8069,7,11,18
8070,7,12,14
8071,7,11,18
8072,7,11,18
8073,7,6,15
8074,7,11,18
8075,7,3,8
8076,7,11,18
8077,7,16,7
8078,7,16,7
8079,7,16,7
8080,7,16,7
8081,7,14,2
8082,7,10,4
8083,7,3,8
8084,7,14,2
8085,7,11,18
8086,7,11,18
8087,7,16,7
8088,7,16,7
8089,7,11,18
8090,7,16,7
8091,7,14,2
8092,7,16,7
8093,7,14,2
8094,7,4,13
8095,7,16,7
8096,7,1,5
8097,7,12,14
8098,7,16,7
8099,7,16,7
8100,7,17,17
8101,7,16,7
8102,7,4,13
8103,7,11,18
8104,7,16,7
8105,7,12,14
8106,7,16,7
8107,7,16,7
8108,7,11,18
8109,7,11,18
8110,7,5,1
8111,7,11,18
8112,7,16,7
8113,7,16,7
8114,7,11,18
8115,7,3,8
8116,7,10,4
8117,7,16,7
8118,7,16,7
8119,7,17,17
8120,7,11,18
8121,7,16,7
8122,7,16,7
8123,7,17,17
8124,7,9,6
8125,7,4,13
8126,7,11,18
8127,7,16,7
8128,7,3,8
8129,7,16,7
8130,7,3,8
8131,7,3,8
8132,7,16,7
8133,7,14,2
8134,7,10,4
8135,7,17,17
8136,7,4,13
8137,7,16,7
8138,7,16,7
8139,7,16,7
8140,7,16,7
8141,7,11,18
8142,7,2,9
8143,7,16,7
8144,7,11,18
8145,7,16,7
8146,7,2,9
8147,7,17,17
8148,7,15,11
8149,7,11,18
8150,7,11,18
8151,7,16,7
8152,7,12,14
8153,7,6,15
8154,7,16,7
8155,7,16,7
8156,7,16,7
8157,7,19,19
8158,7,16,7
8159,7,5,1
8160,7,5,1
8161,7,2,9
8162,7,2,9
8163,7,10,4
8164,7,3,8
8165,7,9,6
8166,7,12,14
8167,7,16,7
8168,7,11,18
8169,7,3,8
8170,7,12,14
8171,7,16,7
8172,7,9,6
8173,7,17,17
8174,7,10,4
8175,7,10,4
8176,7,11,18
8177,7,10,4
8178,7,10,4
8179,7,11,18
8180,7,11,18
8181,7,16,7
8182,7,10,4
8183,7,1,5
8184,7,9,6
8185,7,3,8
8186,7,11,18
8187,7,11,18
8188,7,10,4
8189,7,11,18
8190,7,2,9
8191,7,5,1
8192,7,16,7
8193,7,16,7
8194,7,4,13
8195,7,5,1
8196,7,2,9
8197,7,9,6
8198,7,11,18
8199,7,16,7
8200,7,11,18
8201,7,9,6
8202,7,10,4
8203,7,3,8
8204,7,14,2
8205,7,16,7
8206,7,11,18
8207,7,14,2
8208,7,10,4
8209,7,14,2
8210,7,11,18
8211,7,11,18
8212,7,9,6
8213,7,17,17
8214,7,11,18
8215,7,4,13
8216,7,10,4
8217,7,16,7
8218,7,17,17
8219,7,17,17
8220,7,11,18
8221,7,16,7
8222,7,17,17
8223,7,16,7
8224,7,11,18
8225,7,8,10
8226,7,11,18
8227,7,10,4
8228,7,10,4
8229,7,16,7
8230,7,1,5
8231,7,10,4
8232,7,18,0
8233,7,4,13
8234,7,11,18
8235,7,16,7
8236,7,16,7
8237,7,11,18
8238,7,16,7
8239,7,10,4
8240,7,16,7
8241,7,2,9
8242,7,14,2
8243,7,9,6
8244,7,11,18
8245,7,16,7
8246,7,19,19
8247,7,11,18
8248,7,16,7
8249,7,14,2
8250,7,4,13
8251,7,2,9
8252,7,16,7
8253,7,7,3
8254,7,11,18
8255,7,16,7
8256,7,10,4
8257,7,11,18
8258,7,16,7
8259,7,3,8
8260,7,1,5
8261,7,17,17
8262,7,9,6
8263,7,17,17
8264,7,11,18
8265,7,11,18
8266,7,11,18
8267,7,3,8
8268,7,11,18
8269,7,10,4
8270,7,16,7
8271,7,16,7
8272,7,2,9
8273,7,18,0
8274,7,9,6
8275,7,14,2
8276,7,2,9
8277,7,3,8
8278,7,11,18
8279,7,16,7
8280,7,2,9
8281,7,4,13
8282,7,11,18
8283,7,17,17
8284,7,17,17
8285,7,17,17
8286,7,17,17
8287,7,17,17
8288,7,10,4
8289,7,14,2
8290,7,16,7
8291,7,17,17
8292,7,11,18
8293,7,11,18
8294,7,7,3
8295,7,16,7
8296,7,9,6
8297,7,9,6
8298,7,17,17
8299,7,16,7
8300,7,4,13
8301,7,12,14
8302,7,17,17
8303,7,16,7
8304,7,1,5
8305,7,14,2
8306,7,18,0
8307,7,11,18
8308,7,17,17
8309,7,16,7
8310,7,14,2
8311,7,11,18
8312,7,11,18
8313,7,17,17
8314,7,16,7
8315,7,1,5
8316,7,14,2
8317,7,3,8
8318,7,16,7
8319,7,16,7
8320,7,16,7
8321,7,14,2
8322,7,9,6
8323,7,11,18
8324,7,17,17
8325,7,10,4
8326,7,17,17
8327,7,5,1
8328,7,5,1
8329,7,10,4
8330,7,17,17
8331,7,11,18
8332,7,11,18
8333,7,17,17
8334,7,16,7
8335,7,10,4
8336,7,3,8
8337,7,16,7
8338,7,16,7
8339,7,4,13
8340,7,11,18
8341,7,9,6
8342,7,16,7
8343,7,2,9
8344,7,16,7
8345,7,3,8
8346,7,17,17
8347,7,11,18
8348,7,2,9
8349,7,17,17
8350,7,11,18
8351,7,12,14
8352,7,11,18
8353,7,16,7
8354,7,11,18
8355,7,5,1
8356,7,16,7
8357,7,11,18
8358,7,11,18
8359,7,9,6
8360,7,16,7
8361,7,19,19
8362,7,4,13
8363,7,18,0
8364,7,4,13
8365,7,11,18
8366,7,8,10
8367,7,16,7
8368,7,16,7
8369,7,16,7
8370,7,12,14
8371,7,16,7
8372,7,17,17
8373,7,11,18
8374,7,7,3
8375,7,3,8
8376,7,3,8
8377,7,11,18
8378,7,11,18
8379,7,10,4
8380,7,2,9
8381,7,10,4
8382,7,12,14
8383,7,16,7
8384,7,2,9
8385,7,10,4
8386,7,10,4
8387,7,10,4
8388,7,9,6
8389,7,10,4
8390,7,16,7
8391,7,2,9
8392,7,16,7
8393,7,16,7
8394,7,16,7
8395,7,16,7
8396,7,11,18
8397,7,18,0
8398,7,17,17
8399,7,16,7
8400,7,4,13
8401,7,3,8
8402,7,2,9
8403,7,2,9
8404,7,16,7
8405,7,3,8
8406,7,11,18
8407,7,16,7
8408,7,16,7
8409,7,18,0
8410,7,16,7
8411,7,16,7
8412,7,11,18
8413,7,2,9
8414,7,2,9
8415,7,3,8
8416,7,16,7
8417,7,9,6
8418,7,11,18
8419,7,11,18
8420,7,9,6
8421,7,16,7
8422,7,16,7
8423,7,11,18
8424,7,16,7
8425,7,10,4
8426,7,11,18
8427,7,11,18
8428,7,17,17
8429,7,2,9
8430,7,17,17
8431,7,2,9
8432,7,11,18
8433,7,16,7
8434,7,11,18
8435,7,11,18
8436,7,14,2
8437,7,10,4
8438,7,17,17
8439,7,14,2
8440,7,10,4
8441,7,1,5
8442,7,16,7
8443,7,17,17
8444,7,11,18
8445,7,2,9
8446,7,16,7
8447,7,16,7
8448,7,16,7
8449,7,14,2
8450,7,11,18
8451,7,12,14
8452,7,10,4
8453,7,10,4
8454,7,11,18
8455,7,16,7
8456,7,17,17
8457,7,3,8
8458,7,16,7
8459,7,3,8
8460,7,5,1
8461,7,16,7
8462,7,14,2
8463,7,4,13
8464,7,11,18
8465,7,7,3
8466,7,2,9
8467,7,2,9
8468,7,1,5
8469,7,11,18
8470,7,16,7
8471,7,11,18
8472,7,16,7
8473,7,18,0
8474,7,12,14
8475,7,10,4
8476,7,10,4
8477,7,17,17
8478,7,11,18
8479,7,11,18
8480,7,4,13
8481,7,18,0
8482,7,16,7
8483,7,16,7
8484,7,16,7
8485,7,17,17
8486,7,2,9
8487,7,5,1
8488,7,11,18
8489,7,16,7
8490,7,9,6
8491,7,16,7
8492,7,11,18
8493,7,10,4
8494,7,16,7
8495,7,16,7
8496,7,17,17
8497,7,4,13
8498,7,11,18
8499,7,16,7
8500,7,3,8
8501,7,7,3
8502,7,2,9
8503,7,11,18
8504,7,2,9
8505,7,11,18
8506,7,11,18
8507,7,11,18
8508,7,10,4
8509,7,11,18
8510,7,10,4
8511,7,11,18
8512,7,10,4
8513,7,11,18
8514,7,16,7
8515,7,11,18
8516,7,11,18
8517,7,16,7
8518,7,2,9
8519,7,16,7
8520,7,9,6
8521,7,16,7
8522,7,16,7
8523,7,16,7
8524,7,16,7
8525,7,17,17
8526,7,14,2
8527,7,17,17
8528,7,11,18
8529,7,12,14
8530,7,12,14
8531,7,17,17
8532,7,11,18
8533,7,7,3
8534,7,10,4
8535,7,10,4
8536,7,12,14
8537,7,10,4
8538,7,3,8
8539,7,3,8
8540,7,5,1
8541,7,11,18
8542,7,12,14
8543,7,11,18
8544,7,14,2
8545,7,17,17
8546,7,11,18
8547,7,11,18
8548,7,1,5
8549,7,12,14
8550,7,17,17
8551,7,17,17
8552,7,12,14
8553,7,11,18
8554,7,2,9
8555,7,16,7
8556,7,16,7
8557,7,16,7
8558,7,11,18
8559,7,2,9
8560,7,5,1
8561,7,3,8
8562,7,11,18
8563,7,3,8
8564,7,16,7
8565,7,3,8
8566,7,9,6
8567,7,11,18
8568,7,3,8
8569,7,4,13
8570,7,16,7
8571,7,16,7
8572,7,12,14
8573,7,2,9
8574,7,16,7
8575,7,17,17
8576,7,14,2
8577,7,3,8
8578,7,16,7
8579,7,4,13
8580,7,16,7
8581,7,16,7
8582,7,12,14
8583,7,10,4
8584,7,16,7
8585,7,16,7
8586,7,16,7
8587,7,11,18
8588,7,16,7
8589,7,11,18
8590,7,16,7
8591,7,11,18
8592,7,11,18
8593,7,10,4
8594,7,1,5
8595,7,10,4
8596,7,3,8
8597,7,3,8
8598,7,16,7
8599,7,10,4
8600,7,11,18
8601,7,5,1
8602,7,3,8
8603,7,1,5
8604,7,11,18
8605,7,14,2
8606,7,19,19
8607,7,2,9
8608,7,17,17
8609,7,17,17
8610,7,11,18
8611,7,17,17
8612,7,16,7
8613,7,14,2
8614,7,4,13
8615,7,17,17
8616,7,11,18
8617,7,10,4
8618,7,16,7
8619,7,16,7
8620,7,17,17
8621,7,16,7
8622,7,18,0
8623,7,11,18
8624,7,11,18
8625,7,16,7
8626,7,4,13
8627,7,11,18
8628,7,16,7
8629,7,2,9
8630,7,5,1
8631,7,16,7
8632,7,4,13
8633,7,17,17
8634,7,1,5
8635,7,17,17
8636,7,16,7
8637,7,19,19
8638,7,16,7
8639,7,16,7
8640,7,17,17
8641,7,17,17
8642,7,16,7
8643,7,5,1
8644,7,16,7
8645,7,11,18
8646,7,16,7
8647,7,11,18
8648,7,10,4
8649,7,5,1
8650,7,16,7
8651,7,16,7
8652,7,11,18
8653,7,16,7
8654,7,2,9
8655,7,16,7
8656,7,17,17
8657,7,17,17
8658,7,11,18
8659,7,16,7
8660,7,16,7
8661,7,16,7
8662,7,9,6
8663,7,14,2
8664,7,2,9
8665,7,3,8
8666,7,14,2
8667,7,16,7
8668,7,16,7
8669,7,16,7
8670,7,18,0
8671,7,18,0
8672,7,16,7
8673,7,16,7
8674,7,16,7
8675,7,16,7
8676,7,5,1
8677,7,16,7
8678,7,12,14
8679,7,16,7
8680,7,10,4
8681,7,2,9
8682,7,16,7
8683,7,10,4
8684,7,9,6
8685,7,2,9
8686,8,18,0
8687,8,11,18
8688,8,16,7
8689,8,9,6
8690,8,16,7
8691,8,3,8
8692,8,14,2
8693,8,14,2
8694,8,9,6
8695,8,16,7
8696,8,3,8
8697,8,3,8
8698,8,11,18
8699,8,1,5
8700,8,17,17
8701,8,11,18
8702,8,3,8
8703,8,16,7
8704,8,4,13
8705,8,18,0
8706,8,10,4
8707,8,11,18
8708,8,16,7
8709,8,4,13
8710,8,11,18
8711,8,11,18
8712,8,11,18
8713,8,10,4
8714,8,11,18
8715,8,4,13
8716,8,16,7
8717,8,16,7
8718,8,5,1
8719,8,2,9
8720,8,16,7
8721,8,9,6
8722,8,16,7
8723,8,16,7
8724,8,3,8
8725,8,2,9
8726,8,2,9
8727,8,4,13
8728,8,16,7
8729,8,16,7
8730,8,16,7
8731,8,10,4
8732,8,16,7
8733,8,4,13
8734,8,17,17
8735,8,1,5
8736,8,2,9
8737,8,11,18
8738,8,16,7
8739,8,3,8
8740,8,16,7
8741,8,1,5
8742,8,16,7
8743,8,3,8
8744,8,10,4
8745,8,5,1
8746,8,3,8
8747,8,16,7
8748,8,16,7
8749,8,11,18
8750,8,9,6
8751,8,3,8
8752,8,5,1
8753,8,16,7
8754,8,12,14
8755,8,9,6
8756,8,4,13
8757,8,11,18
8758,8,16,7
8759,8,11,18
8760,8,2,9
8761,8,7,3
8762,8,16,7
8763,8,10,4
8764,8,16,7
8765,8,17,17
8766,8,10,4
8767,8,14,2
8768,8,9,6
8769,8,12,14
8770,8,16,7
8771,8,2,9
8772,8,9,6
8773,8,1,5
8774,8,16,7
8775,8,16,7
8776,8,14,2
8777,8,10,4
8778,8,11,18
8779,8,18,0
8780,8,11,18
8781,8,14,2
8782,8,16,7
8783,8,3,8
8784,8,2,9
8785,8,17,17
8786,8,11,18
8787,8,16,7
8788,8,14,2
8789,8,10,4
8790,8,17,17
8791,8,16,7
8792,8,10,4
8793,8,4,13
8794,8,11,18
8795,8,12,14
8796,8,16,7
8797,8,11,18
8798,8,10,4
8799,8,3,8
8800,8,10,4
8801,8,18,0
8802,8,16,7
8803,8,11,18
8804,8,12,14
8805,8,3,8
8806,8,12,14
8807,8,9,6
8808,8,2,9
8809,8,16,7
8810,8,2,9
8811,8,17,17
8812,8,16,7
8813,8,16,7
8814,8,16,7
8815,8,17,17
8816,8,11,18
8817,8,17,17
8818,8,16,7
8819,8,12,14
8820,8,11,18
8821,8,16,7
8822,8,2,9
8823,8,16,7
8824,8,16,7
8825,8,16,7
8826,8,16,7
8827,8,16,7
8828,8,12,14
8829,8,16,7
8830,8,11,18
8831,8,11,18
8832,8,11,18
8833,8,10,4
8834,8,17,17
8835,8,11,18
8836,8,17,17
8837,8,5,1
8838,8,10,4
8839,8,16,7
8840,8,18,0
8841,8,11,18
8842,8,10,4
8843,8,11,18
8844,8,16,7
8845,8,17,17
8846,8,8,10
8847,8,6,15
8848,8,1,5
8849,8,12,14
8850,8,11,18
8851,8,17,17
8852,8,2,9
8853,8,17,17
8854,8,11,18
8855,8,7,3
8856,8,16,7
8857,8,16,7
8858,8,10,4
8859,8,16,7
8860,8,11,18
8861,8,14,2
8862,8,11,18
8863,8,16,7
8864,8,17,17
8865,8,12,14
8866,8,2,9
8867,8,11,18
8868,8,16,7
8869,8,3,8
8870,8,12,14
8871,8,11,18
8872,8,17,17
8873,8,16,7
8874,8,16,7
8875,8,11,18
8876,8,14,2
8877,8,10,4
8878,8,2,9
8879,8,2,9
8880,8,12,14
8881,8,10,4
8882,8,3,8
8883,8,2,9
8884,8,3,8
8885,8,11,18
8886,8,5,1
8887,8,11,18
8888,8,16,7
8889,8,5,1
8890,8,16,7
8891,8,17,17
8892,8,3,8
8893,8,16,7
8894,8,3,8
8895,8,3,8
8896,8,10,4
8897,8,11,18
8898,8,16,7
8899,8,3,8
8900,8,2,9
8901,8,4,13
8902,8,4,13
8903,8,16,7
8904,8,9,6
8905,8,10,4
8906,8,11,18
8907,8,11,18
8908,8,11,18
8909,8,9,6
8910,8,2,9
8911,8,11,18
8912,8,9,6
8913,8,16,7
8914,8,12,14
8915,8,16,7
8916,8,16,7
8917,8,2,9
8918,8,16,7
8919,8,14,2
8920,8,12,14
8921,8,16,7
8922,8,12,14
8923,8,16,7
8924,8,1,5
8925,8,16,7
8926,8,11,18
8927,8,14,2
8928,8,5,1
8929,8,2,9
8930,8,11,18
8931,8,11,18
8932,8,14,2
8933,8,16,7
8934,8,16,7
8935,8,16,7
8936,8,16,7
8937,8,16,7
8938,8,4,13
8939,8,11,18
8940,8,11,18
8941,8,14,2
8942,8,10,4
8943,8,12,14
8944,8,11,18
8945,8,14,2
8946,8,12,14
8947,8,16,7
8948,8,11,18
8949,8,4,13
8950,8,3,8
8951,8,14,2
8952,8,12,14
8953,8,9,6
8954,8,16,7
8955,8,10,4
8956,8,16,7
8957,8,11,18
8958,8,5,1
8959,8,11,18
8960,8,11,18
8961,8,14,2
8962,8,10,4
8963,8,2,9
8964,8,2,9
8965,8,11,18
8966,8,8,10
8967,8,2,9
8968,8,4,13
8969,8,17,17
8970,8,18,0
8971,8,10,4
8972,8,17,17
8973,8,16,7
8974,8,16,7
8975,8,11,18
8976,8,3,8
8977,8,16,7
8978,8,11,18
8979,8,11,18
8980,8,16,7
8981,8,16,7
8982,8,3,8
8983,8,11,18
8984,8,11,18
8985,8,11,18
8986,8,12,14
8987,8,14,2
8988,8,17,17
8989,8,16,7
8990,8,14,2
8991,8,18,0
8992,8,3,8
8993,8,3,8
8994,8,11,18
8995,8,2,9
8996,8,16,7
8997,8,11,18
8998,8,16,7
8999,8,2,9
9000,8,16,7
9001,8,3,8
9002,8,6,15
9003,8,16,7
9004,8,16,7
9005,8,17,17
9006,8,11,18
9007,8,16,7
9008,8,2,9
9009,8,11,18
9010,8,16,7
9011,8,16,7
9012,8,11,18
9013,8,14,2
9014,8,11,18
9015,8,16,7
9016,8,16,7
9017,8,16,7
9018,8,10,4
9019,8,2,9
9020,8,11,18
9021,8,16,7
9022,8,6,15
9023,8,11,18
9024,8,10,4
9025,8,0,12
9026,8,4,13
9027,8,4,13
9028,8,11,18
9029,8,11,18
9030,8,16,7
9031,8,11,18
9032,8,11,18
9033,8,11,18
9034,8,3,8
9035,8,16,7
9036,8,12,14
9037,8,10,4
9038,8,11,18
9039,8,16,7
9040,8,3,8
9041,8,10,4
9042,8,9,6
9043,8,16,7
9044,8,12,14
9045,8,14,2
9046,8,4,13
9047,8,16,7
9048,8,16,7
9049,8,11,18
9050,8,4,13
9051,8,10,4
9052,8,11,18
9053,8,9,6
9054,8,14,2
9055,8,10,4
9056,8,11,18
9057,8,16,7
9058,8,16,7
9059,8,12,14
9060,8,7,3
9061,8,2,9
9062,8,2,9
9063,8,3,8
9064,8,11,18
9065,8,1,5
9066,8,2,9
9067,8,11,18
9068,8,17,17
9069,8,14,2
9070,8,5,1
9071,8,2,9
9072,8,16,7
9073,8,17,17
9074,8,14,2
9075,8,12,14
9076,8,11,18
9077,8,17,17
9078,8,11,18
9079,8,11,18
9080,8,16,7
9081,8,11,18
9082,8,16,7
9083,8,16,7
9084,8,3,8
9085,8,2,9
9086,8,9,6
9087,8,2,9
9088,8,16,7
9089,8,16,7
9090,8,14,2
9091,8,11,18
9092,8,3,8
9093,8,16,7
9094,8,16,7
9095,8,3,8
9096,8,3,8
9097,8,16,7
9098,8,11,18
9099,8,11,18
9100,8,9,6
9101,8,16,7
9102,8,14,2
9103,8,16,7
9104,8,16,7
9105,8,16,7
9106,8,16,7
9107,8,16,7
9108,8,11,18
9109,8,10,4
9110,8,11,18
9111,8,16,7
9112,8,11,18
9113,8,16,7
9114,8,17,17
9115,8,16,7
9116,8,9,6
9117,8,10,4
9118,8,16,7
9119,8,3,8
9120,8,18,0
9121,8,16,7
9122,8,2,9
9123,8,1,5
9124,8,16,7
9125,8,16,7
9126,8,16,7
9127,8,16,7
9128,8,12,14
9129,8,4,13
9130,8,17,17
9131,8,3,8
9132,8,16,7
9133,8,14,2
9134,8,4,13
9135,8,17,17
9136,8,2,9
9137,8,11,18
9138,8,3,8
9139,8,2,9
9140,8,11,18
9141,8,11,18
9142,8,11,18
9143,8,16,7
9144,8,3,8
9145,8,2,9
9146,8,16,7
9147,8,11,18
9148,8,12,14
9149,8,11,18
9150,8,2,9
9151,8,14,2
9152,8,16,7
9153,8,16,7
9154,8,18,0
9155,8,9,6
9156,8,16,7
9157,8,17,17
9158,8,2,9
9159,8,5,1
9160,8,11,18
9161,8,4,13
9162,8,16,7
9163,8,4,13
9164,8,16,7
9165,8,16,7
9166,8,16,7
9167,8,16,7
9168,8,11,18
9169,8,3,8
9170,8,4,13
9171,8,17,17
9172,8,4,13
9173,8,17,17
9174,8,1,5
9175,8,4,13
9176,8,11,18
9177,8,11,18
9178,8,17,17
9179,8,16,7
9180,8,16,7
9181,8,16,7
9182,8,11,18
9183,8,2,9
9184,8,14,2
9185,8,16,7
9186,8,16,7
9187,8,11,18
9188,8,7,3
9189,8,5,1
9190,8,11,18
9191,8,16,7
9192,8,2,9
9193,8,17,17
9194,8,16,7
9195,8,11,18
9196,8,11,18
9197,8,10,4
9198,8,14,2
9199,8,3,8
9200,8,9,6
9201,8,4,13
9202,8,11,18
9203,8,5,1
9204,8,16,7
9205,8,10,4
9206,8,11,18
9207,8,9,6
9208,8,2,9
9209,8,4,13
9210,8,9,6
9211,8,9,6
9212,8,9,6
9213,8,11,18
9214,8,17,17
9215,8,3,8
9216,8,17,17
9217,8,3,8
9218,8,3,8
9219,9,16,7
9220,9,11,18
9221,9,16,7
9222,9,11,18
9223,9,10,4
9224,9,10,4
9225,9,16,7
9226,9,14,2
9227,9,16,7
9228,9,16,7
9229,9,16,7
9230,9,16,7
9231,9,10,4
9232,9,16,7
9233,9,11,18
9234,9,9,6
9235,9,16,7
9236,9,10,4
9237,9,17,17
9238,9,4,13
9239,9,11,18
9240,9,11,18
9241,9,16,7
9242,9,17,17
9243,9,17,17
9244,9,5,1
9245,9,10,4
9246,9,10,4
9247,9,10,4
9248,9,5,1
9249,9,5,1
9250,9,3,8
9251,9,16,7
9252,9,11,18
9253,9,16,7
9254,9,10,4
9255,9,16,7
9256,9,11,18
9257,9,11,18
9258,9,16,7
9259,9,17,17
9260,9,11,18
9261,9,17,17
9262,9,12,14
9263,9,5,1
9264,9,11,18
9265,9,16,7
9266,9,12,14
9267,9,12,14
9268,9,11,18
9269,9,12,14
9270,9,1,5
9271,9,16,7
9272,9,16,7
9273,9,11,18
9274,9,9,6
9275,9,5,1
9276,9,14,2
9277,9,11,18
9278,9,11,18
9279,9,10,4
9280,9,2,9
9281,9,11,18
9282,9,11,18
9283,9,11,18
9284,9,4,13
9285,9,16,7
9286,9,2,9
9287,9,11,18
9288,9,14,2
9289,9,16,7
9290,9,11,18
9291,9,3,8
9292,9,3,8
9293,9,2,9
9294,9,11,18
9295,9,2,9
9296,9,16,7
9297,9,3,8
9298,9,11,18
9299,9,5,1
9300,9,11,18
9301,9,11,18
9302,9,11,18
9303,9,16,7
9304,9,17,17
9305,9,9,6
9306,9,16,7
9307,9,16,7
9308,9,16,7
9309,9,16,7
9310,9,3,8
9311,9,16,7
9312,9,2,9
9313,9,11,18
9314,9,2,9
9315,9,16,7
9316,9,16,7
9317,9,11,18
9318,9,14,2
9319,9,16,7
9320,9,16,7
9321,9,11,18
9322,9,12,14
9323,9,11,18
9324,9,16,7
9325,9,16,7
9326,9,17,17
9327,9,14,2
9328,9,11,18
9329,9,19,19
9330,9,2,9
9331,9,16,7
9332,9,16,7
9333,9,16,7
9334,9,11,18
9335,9,3,8
9336,9,10,4
9337,9,18,0
9338,9,12,14
9339,9,16,7
9340,9,16,7
9341,9,2,9
9342,9,2,9
9343,9,3,8
9344,9,18,0
9345,9,11,18
9346,9,16,7
9347,9,16,7
9348,9,16,7
9349,9,11,18
9350,9,17,17
9351,9,11,18
9352,9,17,17
9353,9,16,7
9354,9,11,18
9355,9,17,17
9356,9,9,6
9357,9,2,9
9358,9,17,17
9359,9,4,13
9360,9,16,7
9361,9,16,7
9362,9,17,17
9363,9,16,7
9364,9,10,4
9365,9,2,9
9366,9,11,18
9367,9,9,6
9368,9,3,8
9369,9,9,6
9370,9,4,13
9371,9,16,7
9372,9,10,4
9373,9,11,18
9374,9,10,4
9375,9,9,6
9376,9,16,7
9377,9,4,13
9378,9,16,7
9379,9,16,7
9380,9,16,7
9381,9,11,18
9382,9,11,18
9383,9,9,6
9384,9,12,14
9385,9,11,18
9386,9,16,7
9387,9,17,17
9388,9,12,14
9389,9,5,1
9390,9,10,4
9391,9,2,9
9392,9,17,17
9393,9,16,7
9394,9,10,4
9395,9,11,18
9396,9,3,8
9397,9,11,18
9398,9,11,18
9399,9,16,7
9400,9,11,18
9401,9,2,9
9402,9,11,18
9403,9,2,9
9404,9,2,9
9405,9,11,18
9406,9,17,17
9407,9,16,7
9408,9,11,18
9409,9,17,17
9410,9,9,6
9411,9,4,13
9412,9,4,13
9413,9,17,17
9414,9,6,15
9415,9,16,7
9416,9,12,14
9417,9,2,9
9418,9,16,7
9419,9,16,7
9420,9,11,18
9421,9,2,9
9422,9,14,2
9423,9,11,18
9424,9,9,6
9425,9,3,8
9426,9,4,13
9427,9,10,4
9428,9,16,7
9429,9,10,4
9430,9,10,4
9431,9,16,7
9432,9,16,7
9433,9,16,7
9434,9,10,4
9435,9,16,7
9436,9,9,6
9437,9,16,7
9438,9,9,6
9439,9,14,2
9440,9,17,17
9441,9,11,18
9442,9,16,7
9443,9,9,6
9444,9,16,7
9445,9,16,7
9446,9,14,2
9447,9,14,2
9448,9,16,7
9449,9,17,17
9450,9,16,7
9451,9,4,13
9452,9,4,13
9453,9,9,6
9454,9,16,7
9455,9,11,18
9456,9,11,18
9457,9,16,7
9458,9,10,4
9459,9,3,8
9460,9,14,2
9461,9,16,7
9462,9,17,17
9463,9,2,9
9464,9,3,8
9465,9,2,9
9466,9,16,7
9467,9,11,18
9468,9,11,18
9469,9,16,7
9470,9,17,17
9471,9,2,9
9472,9,4,13
9473,9,10,4
9474,9,5,1
9475,9,13,16
9476,9,2,9
9477,9,11,18
9478,9,17,17
9479,9,11,18
9480,9,12,14
9481,9,11,18
9482,9,2,9
9483,9,10,4
9484,9,14,2
9485,9,17,17
9486,9,16,7
9487,9,3,8
9488,9,16,7
9489,9,11,18
9490,9,16,7
9491,9,16,7
9492,9,2,9
9493,9,11,18
9494,9,12,14
9495,9,2,9
9496,9,16,7
9497,9,5,1
9498,9,4,13
9499,9,11,18
9500,9,11,18
9501,9,11,18
9502,9,17,17
9503,9,18,0
9504,9,11,18
9505,9,16,7
9506,9,10,4
9507,9,16,7
9508,9,17,17
9509,9,16,7
9510,9,3,8
9511,9,11,18
9512,9,11,18
9513,9,11,18
9514,9,16,7
9515,9,11,18
9516,9,16,7
9517,9,2,9
9518,9,16,7
9519,9,3,8
9520,9,9,6
9521,9,18,0
9522,9,16,7
9523,9,11,18
9524,9,11,18
9525,9,16,7
9526,9,2,9
9527,9,11,18
9528,9,10,4
9529,9,17,17
9530,9,10,4
9531,9,16,7
9532,9,11,18
9533,9,10,4
9534,9,11,18
9535,9,17,17
9536,9,17,17
9537,9,11,18
9538,9,11,18
9539,9,16,7
9540,9,17,17
9541,9,16,7
9542,9,17,17
9543,9,16,7
9544,9,4,13
9545,9,2,9
9546,9,10,4
9547,9,10,4
9548,9,17,17
9549,9,16,7
9550,9,2,9
9551,9,14,2
9552,9,11,18
9553,9,10,4
9554,9,16,7
9555,9,11,18
9556,9,11,18
9557,9,5,1
9558,9,4,13
9559,9,17,17
9560,9,16,7
9561,9,3,8
9562,9,11,18
9563,9,11,18
9564,9,10,4
9565,9,12,14
9566,9,11,18
9567,9,16,7
9568,9,11,18
9569,9,11,18
9570,9,12,14
9571,9,2,9
9572,9,2,9
9573,9,11,18
9574,9,5,1
9575,9,16,7
9576,9,5,1
9577,9,5,1
9578,9,18,0
9579,9,3,8
9580,9,16,7
9581,9,11,18
9582,9,16,7
9583,9,11,18
9584,9,2,9
9585,9,4,13
9586,9,4,13
9587,9,4,13
9588,9,17,17
9589,9,16,7
9590,9,10,4
9591,9,2,9
9592,9,0,12
9593,9,11,18
9594,9,16,7
9595,9,12,14
9596,9,11,18
9597,9,2,9
9598,9,17,17
9599,9,16,7
9600,9,16,7
9601,9,11,18
9602,9,16,7
9603,9,3,8
9604,9,17,17
9605,9,2,9
9606,9,17,17
9607,9,9,6
9608,9,12,14
9609,9,17,17
9610,9,14,2
9611,9,14,2
9612,9,11,18
9613,9,11,18
9614,9,16,7
9615,9,10,4
9616,9,16,7
9617,9,11,18
9618,9,5,1
9619,9,18,0
9620,9,2,9
9621,9,16,7
9622,9,5,1
9623,9,4,13
9624,9,16,7
9625,9,14,2
9626,9,14,2
9627,9,11,18
9628,9,16,7
9629,9,11,18
9630,9,17,17
9631,9,2,9
9632,9,11,18
9633,9,16,7
9634,9,17,17
9635,9,12,14
9636,9,12,14
9637,9,17,17
9638,9,16,7
9639,9,17,17
9640,9,9,6
9641,9,11,18
9642,9,18,0
9643,9,16,7
9644,9,3,8
9645,9,16,7
9646,9,2,9
9647,9,11,18
9648,9,2,9
9649,9,10,4
9650,9,12,14
9651,9,1,5
9652,9,9,6
9653,9,10,4
9654,9,11,18
9655,9,16,7
9656,9,16,7
9657,9,11,18
9658,9,2,9
9659,9,14,2
9660,9,9,6
9661,9,16,7
9662,9,3,8
9663,9,3,8
9664,9,3,8
9665,9,5,1
9666,9,16,7
9667,9,17,17
9668,9,11,18
9669,9,16,7
9670,9,16,7
9671,9,17,17
9672,9,12,14
9673,9,2,9
9674,9,16,7
9675,9,10,4
9676,9,6,15
9677,9,10,4
9678,9,16,7
9679,9,11,18
9680,9,5,1
9681,9,12,14
9682,9,3,8
9683,9,12,14
9684,9,2,9
9685,9,4,13
9686,9,9,6
9687,9,14,2
9688,9,11,18
9689,9,14,2
9690,9,11,18
9691,9,16,7
9692,9,14,2
9693,9,12,14
9694,9,16,7
9695,9,16,7
9696,9,11,18
9697,9,12,14
9698,9,4,13
9699,9,2,9
9700,9,4,13
9701,9,16,7
9702,9,11,18
9703,9,2,9
9704,9,2,9
9705,9,11,18
9706,9,16,7
9707,9,16,7
9708,9,11,18
9709,9,3,8
9710,9,11,18
9711,9,17,17
9712,9,8,10
9713,9,16,7
9714,9,9,6
9715,9,9,6
9716,9,9,6
9717,9,17,17
9718,9,16,7
9719,9,16,7
9720,9,3,8
9721,9,11,18
9722,9,9,6
9723,9,16,7
9724,9,12,14
9725,9,9,6
9726,9,3,8
9727,9,11,18
9728,9,16,7
9729,9,13,16
9730,9,16,7
9731,9,14,2
9732,9,16,7
9733,9,11,18
9734,9,11,18
9735,9,16,7
9736,9,3,8
9737,9,5,1
9738,9,11,18
9739,9,3,8
9740,9,11,18
9741,9,16,7
9742,9,10,4
9743,9,4,13
9744,9,12,14
9745,9,5,1
9746,9,3,8
9747,9,11,18
9748,9,14,2
9749,9,1,5
9750,9,12,14
9751,9,11,18
9752,9,2,9
9753,9,17,17
9754,9,16,7
9755,9,16,7
9756,9,17,17
9757,9,11,18
9758,9,18,0
9759,9,10,4
9760,9,16,7
9761,9,11,18
9762,9,14,2
9763,9,16,7
9764,9,12,14
9765,9,16,7
9766,9,16,7
9767,9,1,5
9768,9,11,18
9769,9,16,7
9770,9,16,7
9771,9,16,7
9772,9,16,7
9773,9,16,7
9774,9,17,17
9775,9,12,14
9776,9,11,18
9777,9,3,8
9778,9,11,18
9779,9,14,2
9780,9,10,4
9781,9,3,8
9782,9,17,17
9783,9,11,18
9784,9,16,7
9785,9,16,7
9786,9,17,17
9787,9,16,7
9788,9,11,18
9789,9,2,9
9790,9,9,6
9791,9,16,7
9792,9,9,6
9793,9,11,18
9794,9,11,18
9795,9,17,17
9796,9,11,18
9797,9,11,18
9798,9,2,9
9799,9,16,7
9800,9,3,8
9801,9,16,7
9802,9,16,7
9803,9,10,4
9804,9,3,8
9805,9,4,13
9806,9,3,8
9807,9,11,18
9808,9,10,4
9809,9,16,7
9810,9,2,9
9811,9,11,18
9812,9,11,18
9813,9,17,17
9814,9,16,7
9815,9,3,8
9816,9,2,9
9817,9,16,7
9818,9,16,7
9819,9,14,2
9820,9,17,17
9821,9,3,8
9822,9,16,7
9823,9,9,6
9824,9,2,9
9825,9,17,17
9826,9,18,0
9827,9,2,9
9828,9,10,4
9829,9,4,13
9830,9,12,14
9831,9,16,7
9832,9,4,13
9833,9,17,17
9834,9,10,4
9835,9,10,4
9836,9,9,6
9837,9,16,7
9838,9,16,7
9839,9,3,8
9840,9,16,7
9841,9,10,4
9842,9,16,7
9843,9,3,8
9844,9,16,7
9845,9,2,9
9846,9,12,14
9847,9,14,2
9848,9,16,7
9849,9,2,9
9850,9,2,9
9851,9,10,4
9852,9,16,7
9853,9,12,14
9854,9,16,7
9855,9,1,5
9856,9,3,8
9857,9,10,4
9858,9,16,7
9859,9,17,17
9860,9,11,18
9861,9,11,18
9862,9,17,17
9863,9,3,8
9864,9,2,9
9865,9,11,18
9866,9,3,8
9867,9,2,9
9868,9,14,2
9869,9,16,7
9870,9,11,18
9871,9,14,2
9872,9,16,7
9873,9,16,7
9874,9,17,17
9875,9,9,6
9876,9,16,7
9877,9,11,18
9878,9,11,18
9879,9,3,8
9880,9,5,1
9881,9,3,8
9882,9,16,7
9883,9,9,6
9884,9,17,17
9885,9,11,18
9886,9,16,7
9887,9,16,7
9888,9,17,17
9889,9,2,9
9890,9,17,17
9891,9,14,2
9892,9,1,5
9893,9,17,17
9894,9,14,2
9895,9,16,7
9896,9,11,18
9897,9,16,7
9898,9,10,4
9899,9,3,8
9900,9,2,9
9901,9,16,7
9902,9,11,18
9903,9,2,9
9904,9,16,7
9905,9,14,2
9906,9,17,17
9907,9,17,17
9908,9,2,9
9909,9,11,18
9910,9,12,14
9911,9,2,9
9912,9,3,8
9913,9,10,4
9914,9,11,18
9915,9,17,17
9916,9,18,0
9917,9,14,2
9918,9,2,9
9919,9,10,4
9920,9,16,7
9921,9,18,0
9922,9,16,7
9923,9,11,18
9924,9,11,18
9925,9,11,18
9926,9,11,18
9927,9,11,18
9928,9,17,17
9929,9,16,7
9930,9,13,16
9931,9,6,15
9932,9,16,7
9933,9,11,18
9934,9,17,17
9935,9,10,4
9936,9,11,18
9937,9,16,7
9938,9,12,14
9939,9,14,2
9940,9,4,13
9941,9,11,18
9942,9,11,18
9943,9,14,2
9944,9,11,18
9945,9,14,2
9946,9,9,6
9947,9,11,18
9948,9,11,18
9949,9,14,2
9950,9,11,18
9951,9,17,17
9952,9,11,18
9953,9,17,17
9954,9,3,8
9955,9,10,4
9956,9,16,7
9957,9,3,8
9958,9,16,7
9959,9,16,7
9960,9,9,6
9961,9,11,18
9962,9,16,7
9963,9,16,7
9964,9,12,14
9965,9,17,17
9966,9,16,7
9967,9,3,8
9968,9,11,18
9969,9,2,9
9970,9,16,7
9971,9,16,7
9972,9,4,13
9973,9,10,4
9974,9,16,7
9975,9,14,2
9976,9,11,18
9977,9,16,7
9978,9,11,18
9979,9,3,8
9980,9,17,17
9981,9,17,17
9982,9,11,18
9983,9,11,18
9984,9,10,4
9985,9,9,6
9986,9,11,18
9987,9,17,17
9988,9,10,4
9989,9,11,18
9990,9,17,17
9991,9,3,8
9992,9,11,18
9993,9,16,7
9994,9,5,1
9995,9,4,13
9996,9,16,7
9997,9,11,18
9998,9,9,6
9999,9,3,8
10000,9,17,17
10001,9,11,18
10002,9,17,17
10003,9,16,7
10004,9,3,8
10005,9,17,17
10006,9,14,2
10007,9,11,18
10008,9,11,18
10009,9,16,7
10010,9,3,8
10011,9,10,4
10012,9,5,1
10013,9,13,16
10014,9,9,6
10015,9,16,7
10016,9,2,9
10017,9,11,18
10018,10,12,14
10019,10,16,7
10020,10,10,4
10021,10,16,7
10022,10,11,18
10023,10,9,6
10024,10,10,4
10025,10,11,18
10026,10,11,18
10027,10,10,4
10028,10,9,6
10029,10,16,7
10030,10,16,7
10031,10,11,18
10032,10,10,4
10033,10,11,18
10034,10,9,6
10035,10,11,18
10036,10,12,14
10037,10,5,1
10038,10,11,18
10039,10,11,18
10040,10,16,7
10041,10,11,18
10042,10,9,6
10043,10,16,7
10044,10,16,7
10045,10,11,18
10046,10,11,18
10047,10,14,2
10048,10,16,7
10049,10,3,8
10050,10,11,18
10051,10,17,17
10052,10,16,7
10053,10,19,19
10054,10,12,14
10055,10,14,2
10056,10,11,18
10057,10,10,4
10058,10,10,4
10059,10,7,3
10060,10,16,7
10061,10,17,17
10062,10,17,17
10063,10,11,18
10064,10,2,9
10065,10,16,7
10066,10,10,4
10067,10,11,18
10068,10,2,9
10069,10,17,17
10070,10,10,4
10071,10,4,13
10072,10,10,4
10073,10,4,13
10074,10,17,17
10075,10,9,6
10076,10,16,7
10077,10,11,18
10078,10,3,8
10079,10,16,7
10080,10,7,3
10081,10,16,7
10082,10,11,18
10083,10,2,9
10084,10,7,3
10085,10,4,13
10086,10,17,17
10087,10,11,18
10088,10,2,9
10089,10,11,18
10090,10,17,17
10091,10,4,13
10092,10,11,18
10093,10,17,17
10094,10,11,18
10095,10,11,18
10096,10,11,18
10097,10,11,18
10098,10,17,17
10099,10,16,7
10100,10,10,4
10101,10,16,7
10102,10,16,7
10103,10,10,4
10104,10,9,6
10105,10,17,17
10106,10,11,18
10107,10,3,8
10108,10,9,6
10109,10,2,9
10110,10,12,14
10111,10,17,17
10112,10,16,7
10113,10,12,14
10114,10,10,4
10115,10,11,18
10116,10,11,18
10117,10,16,7
10118,10,9,6
10119,10,10,4
10120,10,16,7
10121,10,17,17
10122,10,9,6
10123,10,9,6
10124,10,10,4
10125,10,10,4
10126,10,11,18
10127,10,11,18
10128,10,11,18
10129,10,16,7
10130,10,17,17
10131,10,17,17
10132,10,11,18
10133,10,16,7
10134,10,16,7
10135,10,11,18
10136,10,12,14
10137,10,16,7
10138,10,16,7
10139,10,14,2
10140,10,3,8
10141,10,11,18
10142,10,16,7
10143,10,5,1
10144,10,11,18
10145,10,6,15
10146,10,18,0
10147,10,17,17
10148,10,5,1
10149,10,5,1
10150,10,16,7
10151,10,16,7
10152,10,17,17
10153,10,4,13
10154,10,17,17
10155,10,3,8
10156,10,17,17
10157,10,12,14
10158,10,16,7
10159,10,17,17
10160,10,17,17
10161,10,7,3
10162,10,16,7
10163,10,16,7
10164,10,1,5
10165,10,10,4
10166,10,16,7
10167,10,4,13
10168,10,11,18
10169,10,16,7
10170,10,2,9
10171,10,10,4
10172,10,9,6
10173,10,16,7
10174,10,5,1
10175,10,12,14
10176,10,3,8
10177,10,16,7
10178,10,14,2
10179,10,11,18
10180,10,16,7
10181,10,17,17
10182,10,17,17
10183,10,14,2
10184,10,16,7
10185,10,14,2
10186,10,12,14
10187,10,18,0
10188,10,11,18
10189,10,16,7
10190,10,12,14
10191,10,12,14
10192,10,9,6
10193,10,17,17
10194,10,1,5
10195,10,16,7
10196,10,14,2
10197,10,10,4
10198,10,11,18
10199,10,17,17
10200,10,14,2
10201,10,17,17
10202,10,16,7
10203,10,3,8
10204,10,1,5
10205,10,11,18
10206,10,16,7
10207,10,17,17
10208,10,12,14
10209,10,11,18
10210,10,10,4
10211,10,3,8
10212,10,2,9
10213,10,11,18
10214,10,10,4
10215,10,4,13
10216,10,3,8
10217,10,17,17
10218,10,17,17
10219,10,10,4
10220,10,11,18
10221,10,11,18
10222,10,5,1
10223,10,11,18
10224,10,11,18
10225,10,10,4
10226,10,16,7
10227,10,3,8
10228,10,3,8
10229,10,16,7
10230,10,14,2
10231,10,11,18
10232,10,11,18
10233,10,10,4
10234,10,17,17
10235,10,11,18
10236,10,6,15
10237,10,14,2
10238,10,17,17
10239,10,9,6
10240,10,16,7
10241,10,11,18
10242,10,16,7
10243,10,10,4
10244,10,3,8
10245,10,11,18
10246,10,11,18
10247,10,11,18
10248,10,9,6
10249,10,12,14
10250,10,16,7
10251,10,11,18
10252,10,17,17
10253,10,1,5
10254,10,16,7
10255,10,16,7
10256,10,10,4
10257,10,11,18
10258,10,16,7
10259,10,11,18
10260,10,11,18
10261,10,16,7
10262,10,4,13
10263,10,2,9
10264,10,16,7
10265,10,16,7
10266,10,2,9
10267,10,5,1
10268,10,16,7
10269,10,3,8
10270,10,18,0
10271,10,16,7
10272,10,16,7
10273,10,9,6
10274,10,16,7
10275,10,2,9
10276,10,5,1
10277,10,14,2
10278,10,9,6
10279,10,3,8
10280,10,16,7
10281,10,10,4
10282,10,9,6
10283,10,2,9
10284,10,2,9
10285,10,16,7
10286,10,3,8
10287,10,11,18
10288,10,12,14
10289,10,7,3
10290,10,9,6
10291,10,14,2
10292,10,17,17
10293,10,8,10
10294,10,17,17
10295,10,18,0
10296,10,16,7
10297,10,7,3
10298,10,10,4
10299,10,4,13
10300,10,3,8
10301,10,16,7
10302,10,4,13
10303,10,8,10
10304,10,10,4
10305,10,3,8
10306,10,17,17
10307,10,16,7
10308,10,17,17
10309,10,3,8
10310,10,9,6
10311,10,11,18
10312,10,3,8
10313,10,4,13
10314,10,12,14
10315,10,10,4
10316,10,16,7
10317,10,3,8
10318,10,10,4
10319,10,16,7
10320,10,11,18
10321,10,18,0
10322,10,3,8
10323,10,16,7
10324,10,1,5
10325,10,4,13
10326,10,4,13
10327,10,11,18
10328,10,16,7
10329,10,1,5
10330,10,11,18
10331,10,2,9
10332,10,10,4
10333,10,16,7
10334,10,4,13
10335,10,16,7
10336,10,16,7
10337,10,11,18
10338,10,17,17
10339,10,2,9
10340,10,17,17
10341,10,17,17
10342,10,11,18
10343,10,16,7
10344,10,11,18
10345,10,11,18
10346,10,16,7
10347,10,10,4
10348,10,16,7
10349,10,4,13
10350,10,10,4
10351,10,16,7
10352,10,2,9
10353,10,16,7
10354,10,16,7
10355,10,16,7
10356,10,9,6
10357,10,11,18
10358,10,3,8
10359,10,19,19
10360,10,2,9
10361,10,16,7
10362,10,16,7
10363,10,16,7
10364,10,12,14
10365,10,10,4
10366,10,16,7
10367,10,18,0
10368,10,3,8
10369,10,11,18
10370,10,11,18
10371,10,16,7
10372,10,18,0
10373,10,10,4
10374,10,11,18
10375,10,2,9
10376,10,16,7
10377,10,9,6
10378,10,2,9
10379,10,17,17
10380,10,14,2
10381,10,17,17
10382,10,4,13
10383,10,11,18
10384,10,10,4
10385,10,4,13
10386,10,9,6
10387,10,16,7
10388,10,16,7
10389,10,16,7
10390,10,9,6
10391,10,12,14
10392,10,11,18
10393,10,18,0
10394,10,3,8
10395,10,9,6
10396,10,2,9
10397,10,11,18
10398,10,12,14
10399,10,11,18
10400,10,1,5
10401,10,11,18
10402,10,17,17
10403,10,10,4
10404,10,12,14
10405,10,10,4
10406,10,17,17
10407,10,16,7
10408,10,11,18
10409,10,11,18
10410,10,16,7
10411,10,10,4
10412,10,3,8
10413,10,8,10
10414,10,8,10
10415,10,8,10
10416,10,0,12
10417,10,12,14
10418,10,0,12
10419,10,0,12
10420,10,8,10
10421,10,8,10
10422,10,5,1
10423,10,0,12
10424,10,18,0
10425,10,8,10
10426,10,8,10
10427,10,0,12
10428,10,8,10
10429,10,0,12
10430,10,0,12
10431,10,8,10
10432,10,13,16
10433,10,0,12
10434,10,8,10
10435,10,18,0
10436,10,8,10
10437,10,15,11
10438,10,8,10
10439,10,0,12
10440,10,5,1
10441,10,15,11
10442,10,15,11
10443,10,0,12
10444,10,8,10
10445,10,13,16
10446,10,8,10
10447,10,0,12
10448,10,0,12
10449,10,0,12
10450,10,8,10
10451,10,0,12
10452,10,8,10
10453,10,15,11
10454,10,15,11
10455,10,5,1
10456,10,15,11
10457,10,15,11
10458,10,4,13
10459,10,18,0
10460,10,18,0
10461,10,18,0
10462,10,15,11
10463,10,2,9
10464,10,0,12
10465,10,8,10
10466,10,8,10
10467,10,0,12
10468,10,12,14
10469,10,8,10
10470,10,0,12
10471,10,0,12
10472,10,8,10
10473,10,0,12
10474,10,0,12
10475,10,4,13
10476,10,15,11
10477,10,0,12
10478,10,6,15
10479,10,4,13
10480,10,13,16
10481,10,18,0
10482,10,15,11
10483,10,6,15
10484,10,0,12
10485,10,15,11
10486,10,13,16
10487,10,0,12
10488,10,0,12
10489,10,0,12
10490,10,15,11
10491,10,15,11
10492,10,12,14
10493,10,19,19
10494,10,4,13
10495,10,5,1
10496,10,12,14
10497,10,8,10
10498,10,7,3
10499,10,17,17
10500,10,0,12
10501,10,0,12
10502,10,19,19
10503,10,8,10
10504,10,4,13
10505,10,5,1
10506,10,0,12
10507,10,8,10
10508,10,0,12
10509,10,0,12
10510,10,18,0
10511,10,8,10
10512,10,8,10
10513,10,8,10
10514,10,5,1
10515,10,12,14
10516,10,5,1
10517,10,0,12
10518,10,18,0
10519,10,0,12
10520,10,4,13
10521,10,8,10
10522,10,12,14
10523,10,8,10
10524,10,15,11
10525,10,4,13
10526,10,8,10
10527,10,15,11
10528,10,4,13
10529,10,18,0
10530,10,12,14
10531,10,9,6
10532,10,6,15
10533,10,12,14
10534,10,15,11
10535,10,15,11
10536,10,0,12
10537,10,19,19
10538,10,12,14
10539,10,8,10
10540,10,8,10
10541,10,8,10
10542,10,0,12
10543,10,0,12
10544,10,8,10
10545,10,6,15
10546,10,15,11
10547,10,15,11
10548,10,0,12
10549,10,0,12
10550,10,5,1
10551,10,12,14
10552,10,0,12
10553,10,0,12
10554,10,19,19
10555,10,15,11
10556,10,8,10
10557,10,13,16
10558,10,0,12
10559,10,7,3
10560,10,8,10
10561,10,0,12
10562,10,13,16
10563,10,15,11
10564,10,8,10
10565,10,13,16
10566,10,13,16
10567,10,8,10
10568,10,8,10
10569,10,8,10
10570,10,0,12
10571,10,0,12
10572,10,0,12
10573,10,0,12
10574,10,4,13
10575,10,0,12
10576,10,0,12
10577,10,8,10
10578,10,4,13
10579,10,8,10
10580,10,12,14
10581,10,8,10
10582,10,12,14
10583,10,12,14
10584,10,8,10
10585,10,8,10
10586,10,12,14
10587,10,15,11
10588,10,8,10
10589,10,8,10
10590,10,19,19
10591,10,13,16
10592,10,15,11
10593,10,8,10
10594,10,4,13
10595,10,13,16
10596,10,0,12
10597,10,8,10
10598,10,0,12
10599,10,8,10
10600,10,8,10
10601,10,8,10
10602,10,8,10
10603,10,8,10
10604,10,0,12
10605,10,0,12
10606,10,8,10
10607,10,15,11
10608,10,0,12
10609,10,8,10
10610,10,0,12
10611,10,8,10
10612,10,0,12
10613,10,4,13
10614,10,12,14
10615,10,1,5
10616,10,12,14
10617,10,8,10
10618,10,0,12
10619,10,8,10
10620,10,8,10
10621,10,8,10
10622,10,15,11
10623,10,8,10
10624,10,8,10
10625,10,13,16
10626,10,13,16
10627,10,6,15
10628,10,7,3
10629,10,15,11
10630,10,8,10
10631,10,7,3
10632,10,0,12
10633,10,13,16
10634,10,19,19
10635,10,19,19
10636,10,0,12
10637,10,0,12
10638,10,8,10
10639,10,19,19
10640,10,15,11
10641,10,0,12
10642,10,0,12
10643,10,8,10
10644,10,8,10
10645,10,0,12
10646,10,8,10
10647,10,0,12
10648,10,0,12
10649,10,0,12
10650,10,8,10
10651,10,15,11
10652,10,0,12
10653,10,0,12
10654,10,0,12
10655,10,0,12
10656,10,0,12
10657,10,0,12
10658,10,0,12
10659,10,8,10
10660,10,18,0
10661,10,7,3
10662,10,15,11
10663,10,13,16
10664,10,8,10
10665,10,12,14
10666,10,0,12
10667,10,0,12
10668,10,8,10
10669,10,12,14
10670,10,12,14
10671,10,0,12
10672,10,8,10
10673,10,18,0
10674,10,15,11
10675,10,15,11
10676,10,0,12
10677,10,19,19
10678,10,6,15
10679,10,15,11
10680,10,6,15
10681,10,6,15
10682,10,0,12
10683,10,7,3
10684,10,13,16
10685,10,8,10
10686,10,0,12
10687,10,0,12
10688,10,0,12
10689,10,0,12
10690,10,8,10
10691,10,8,10
10692,10,8,10
10693,10,8,10
10694,10,12,14
10695,10,0,12
10696,10,5,1
10697,10,5,1
10698,10,8,10
10699,10,0,12
10700,10,0,12
10701,10,4,13
10702,10,15,11
10703,10,15,11
10704,10,15,11
10705,10,4,13
10706,10,0,12
10707,10,7,3
10708,10,0,12
10709,10,15,11
10710,10,8,10
10711,10,8,10
10712,10,13,16
10713,10,13,16
10714,10,15,11
10715,10,8,10
10716,10,6,15
10717,10,0,12
10718,10,0,12
10719,10,0,12
10720,10,5,1
10721,10,12,14
10722,10,0,12
10723,10,13,16
10724,10,0,12
10725,10,8,10
10726,10,8,10
10727,10,0,12
10728,10,0,12
10729,10,0,12
10730,10,6,15
10731,10,19,19
10732,10,15,11
10733,10,8,10
10734,10,18,0
10735,10,0,12
10736,10,12,14
10737,10,13,16
10738,10,0,12
10739,10,18,0
10740,10,4,13
10741,10,8,10
10742,10,5,1
10743,10,0,12
10744,10,0,12
10745,10,8,10
10746,10,0,12
10747,10,8,10
10748,10,0,12
10749,10,8,10
10750,10,15,11
10751,10,0,12
10752,10,12,14
10753,10,18,0
10754,10,15,11
10755,10,8,10
10756,10,15,11
10757,10,8,10
10758,10,12,14
10759,10,8,10
10760,10,4,13
10761,10,0,12
10762,10,0,12
10763,10,15,11
10764,10,8,10
10765,10,8,10
10766,10,6,15
10767,10,18,0
10768,10,6,15
10769,10,8,10
10770,10,0,12
10771,10,0,12
10772,10,8,10
10773,10,5,1
10774,10,12,14
10775,10,8,10
10776,10,6,15
10777,10,0,12
10778,10,13,16
10779,10,15,11
10780,10,8,10
10781,10,8,10
10782,10,0,12
10783,10,15,11
10784,10,8,10
10785,10,8,10
10786,10,8,10
10787,10,13,16
10788,10,0,12
10789,10,0,12
10790,10,0,12
10791,10,6,15
10792,10,4,13
10793,10,8,10
10794,10,0,12
10795,10,6,15
10796,10,8,10
10797,10,13,16
10798,10,0,12
10799,10,0,12
10800,10,12,14
10801,10,8,10
10802,10,4,13
10803,10,15,11
10804,10,15,11
10805,10,15,11
10806,10,13,16
10807,10,8,10
10808,10,8,10
10809,10,6,15
10810,10,8,10
10811,10,6,15
10812,10,15,11
10813,10,8,10
10814,10,8,10
10815,10,13,16
10816,10,4,13
10817,10,0,12
10818,10,18,0
10819,10,8,10
10820,10,13,16
10821,10,6,15
10822,10,13,16
10823,10,15,11
10824,10,0,12
10825,10,0,12
10826,10,13,16
10827,10,18,0
10828,10,15,11
10829,10,0,12
10830,10,8,10
10831,10,6,15
10832,10,5,1
10833,10,0,12
10834,10,8,10
10835,10,7,3
10836,10,8,10
10837,10,8,10
10838,10,8,10
10839,10,4,13
10840,10,4,13
10841,10,5,1
10842,10,1,5
10843,10,0,12
10844,10,0,12
10845,10,8,10
10846,10,19,19
10847,10,0,12
10848,10,7,3
10849,10,6,15
10850,10,18,0
10851,10,12,14
10852,10,12,14
10853,10,7,3
10854,10,13,16
10855,10,6,15
10856,10,13,16
10857,10,6,15
10858,10,13,16
10859,10,8,10
10860,10,8,10
10861,10,12,14
10862,10,8,10
10863,10,1,5
10864,10,0,12
10865,10,0,12
10866,10,8,10
10867,10,8,10
10868,10,0,12
10869,10,0,12
10870,10,0,12
10871,10,0,12
10872,10,0,12
10873,10,0,12
10874,10,6,15
10875,10,12,14
10876,10,6,15
10877,10,6,15
10878,10,4,13
10879,10,13,16
10880,10,12,14
10881,10,0,12
10882,10,9,6
10883,10,6,15
10884,10,6,15
10885,10,6,15
10886,10,6,15
10887,10,8,10
10888,10,1,5
10889,10,4,13
10890,10,8,10
10891,10,6,15
10892,10,13,16
10893,10,13,16
10894,10,5,1
10895,10,0,12
10896,10,15,11
10897,10,8,10
10898,10,15,11
10899,10,15,11
10900,10,8,10
10901,10,0,12
10902,10,12,14
10903,10,1,5
10904,10,18,0
10905,10,18,0
10906,10,18,0
10907,10,8,10
10908,10,8,10
10909,10,18,0
10910,10,0,12
10911,10,13,16
10912,10,8,10
10913,10,5,1
10914,10,6,15
10915,10,8,10
10916,10,0,12
10917,10,8,10
10918,10,13,16
10919,10,15,11
10920,10,8,10
10921,10,0,12
10922,10,0,12
10923,10,19,19
10924,10,19,19
10925,10,0,12
10926,10,13,16
10927,10,6,15
10928,10,0,12
10929,10,8,10
10930,10,8,10
10931,10,6,15
10932,10,13,16
10933,10,0,12
10934,10,18,0
10935,10,0,12
10936,10,8,10
10937,10,0,12
10938,10,8,10
10939,10,8,10
10940,10,8,10
10941,10,15,11
10942,10,6,15
10943,10,8,10
10944,10,0,12
10945,10,15,11
10946,10,6,15
10947,10,8,10
10948,10,13,16
10949,10,13,16
10950,10,0,12
10951,10,4,13
10952,10,15,11
10953,10,0,12
10954,10,5,1
10955,10,12,14
10956,10,8,10
10957,10,8,10
10958,10,6,15
10959,10,5,1
10960,10,8,10
10961,10,8,10
10962,10,5,1
10963,10,18,0
10964,10,0,12
10965,10,13,16
10966,10,8,10
10967,10,8,10
10968,10,13,16
10969,10,0,12
10970,10,8,10
10971,10,8,10
10972,10,8,10
10973,10,8,10
10974,10,4,13
10975,10,13,16
10976,10,0,12
10977,10,18,0
10978,10,8,10
10979,10,13,16
10980,10,8,10
10981,10,0,12
10982,10,8,10
10983,10,9,6
10984,10,8,10
10985,10,8,10
10986,10,8,10
10987,10,8,10
10988,10,6,15
10989,10,13,16
10990,10,0,12
10991,10,4,13
10992,10,12,14
10993,10,9,6
10994,10,9,6
10995,10,5,1
10996,10,0,12
10997,10,0,12
10998,10,8,10
10999,10,15,11
11000,10,8,10
11001,10,0,12
11002,10,15,11
11003,10,8,10
11004,10,8,10
11005,10,15,11
11006,10,15,11
11007,10,18,0
11008,10,0,12
11009,10,12,14
11010,10,8,10
11011,10,8,10
11012,10,13,16
11013,10,15,11
11014,10,8,10
11015,10,0,12
11016,10,0,12
11017,10,0,12
11018,10,0,12
11019,10,13,16
11020,10,0,12
11021,10,0,12
11022,10,0,12
11023,10,0,12
11024,10,0,12
11025,10,13,16
11026,10,12,14
11027,10,0,12
11028,10,8,10
11029,10,8,10
11030,10,15,11
11031,10,0,12
11032,10,0,12
11033,10,8,10
11034,10,8,10
11035,10,8,10
11036,10,0,12
11037,10,15,11
11038,10,15,11
11039,10,0,12
11040,10,0,12
11041,10,0,12
11042,10,5,1
11043,10,5,1
11044,10,14,2
11045,10,6,15
11046,10,12,14
11047,10,12,14
11048,10,1,5
11049,10,0,12
11050,10,13,16
11051,10,1,5
11052,10,0,12
11053,10,5,1
11054,10,6,15
11055,10,6,15
11056,10,8,10
11057,10,13,16
11058,10,8,10
11059,10,12,14
11060,10,8,10
11061,10,8,10
11062,10,13,16
11063,10,8,10
11064,10,8,10
11065,10,0,12
11066,10,0,12
11067,10,0,12
11068,10,1,5
11069,10,8,10
11070,10,4,13
11071,10,0,12
11072,10,8,10
11073,10,8,10
11074,10,13,16
11075,10,13,16
11076,10,13,16
11077,10,4,13
11078,10,8,10
11079,10,8,10
11080,10,0,12
11081,10,13,16
11082,10,0,12
11083,10,19,19
11084,10,0,12
11085,10,4,13
11086,10,8,10
11087,10,4,13
11088,10,6,15
11089,10,8,10
11090,10,0,12
11091,10,8,10
11092,10,13,16
11093,10,8,10
11094,10,5,1
11095,10,4,13
11096,10,12,14
11097,10,0,12
11098,10,8,10
11099,10,8,10
11100,10,15,11
11101,10,4,13
11102,10,0,12
11103,10,0,12
11104,10,0,12
11105,10,15,11
11106,10,0,12
11107,10,0,12
11108,10,6,15
11109,10,0,12
11110,10,0,12
11111,10,0,12
11112,10,4,13
11113,10,8,10
11114,10,15,11
11115,10,8,10
11116,10,15,11
11117,10,8,10
11118,10,8,10
11119,10,8,10
11120,10,5,1
11121,10,15,11
11122,10,15,11
11123,10,15,11
11124,10,1,5
11125,10,15,11
11126,10,8,10
11127,10,15,11
11128,10,6,15
11129,10,0,12
11130,10,4,13
11131,10,8,10
11132,10,15,11
11133,10,0,12
11134,10,15,11
11135,10,13,16
11136,10,12,14
11137,10,12,14
11138,10,13,16
11139,10,13,16
11140,10,13,16
11141,10,8,10
11142,10,8,10
11143,10,13,16
11144,10,4,13
11145,10,0,12
11146,10,8,10
11147,10,0,12
11148,10,8,10
11149,10,8,10
11150,10,0,12
11151,10,8,10
11152,10,15,11
11153,10,5,1
11154,10,5,1
11155,10,8,10
11156,10,6,15
11157,10,0,12
11158,10,6,15
11159,10,0,12
11160,10,4,13
11161,10,8,10
11162,10,8,10
11163,10,0,12
11164,10,0,12
11165,10,0,12
11166,10,0,12
11167,10,0,12
11168,10,8,10
11169,10,8,10
11170,10,15,11
11171,10,8,10
11172,10,0,12
11173,10,0,12
11174,10,0,12
11175,10,13,16
11176,10,0,12
11177,10,4,13
11178,10,6,15
11179,10,8,10
11180,10,15,11
11181,10,1,5
11182,10,7,3
11183,10,7,3
11184,10,0,12
11185,10,8,10
11186,10,15,11
11187,10,19,19
11188,10,13,16
11189,10,0,12
11190,10,8,10
11191,10,0,12
11192,10,8,10
11193,10,8,10
11194,10,8,10
11195,10,8,10
11196,10,8,10
11197,10,0,12
11198,10,8,10
11199,10,8,10
11200,10,8,10
11201,10,0,12
11202,10,8,10
11203,10,0,12
11204,10,6,15
11205,10,13,16
11206,10,4,13
11207,10,8,10
11208,10,6,15
11209,10,15,11
11210,10,8,10
11211,10,0,12
11212,10,15,11
11213,10,8,10
11214,10,15,11
11215,10,0,12
11216,10,8,10
11217,10,15,11
11218,10,8,10
11219,10,15,11
11220,10,0,12
11221,10,8,10
11222,10,8,10
11223,10,0,12
11224,10,8,10
11225,10,15,11
11226,10,8,10
11227,10,5,1
11228,10,8,10
11229,10,8,10
11230,10,0,12
11231,10,15,11
11232,10,0,12
11233,10,8,10
11234,10,15,11
11235,10,4,13
11236,10,12,14
11237,10,9,6
11238,10,12,14
11239,10,0,12
11240,10,8,10
11241,10,15,11
11242,10,8,10
11243,10,0,12
11244,10,4,13
11245,10,15,11
11246,10,8,10
11247,10,8,10
11248,10,8,10
11249,10,8,10
11250,10,15,11
11251,10,13,16
11252,10,12,14
11253,10,0,12
11254,10,0,12
11255,10,4,13
11256,10,15,11
11257,10,12,14
11258,10,1,5
11259,10,0,12
11260,10,8,10
11261,10,15,11
11262,10,4,13
11263,10,8,10
11264,10,0,12
11265,10,0,12
11266,10,0,12
11267,10,0,12
11268,10,8,10
11269,10,6,15
11270,10,6,15
11271,10,6,15
11272,10,5,1
11273,10,0,12
11274,10,0,12
11275,10,0,12
11276,10,0,12
11277,10,8,10
11278,10,0,12
11279,10,15,11
11280,10,15,11
11281,10,6,15
11282,10,6,15
11283,10,6,15
11284,10,15,11
11285,10,12,14
11286,10,6,15
11287,10,8,10
11288,10,12,14
11289,10,8,10
11290,10,8,10
11291,10,8,10
11292,10,8,10
11293,10,7,3
11294,10,8,10
11295,10,6,15
11296,10,0,12
11297,10,0,12
11298,10,0,12
11299,10,8,10
11300,10,8,10
11301,10,4,13
11302,10,5,1
11303,10,5,1
11304,10,13,16
11305,10,0,12
11306,10,0,12
11307,10,6,15
11308,10,6,15
11309,10,15,11
11310,10,12,14
11311,10,0,12
11312,10,0,12
11313,10,12,14
11314,10,12,14
11315,10,15,11
11316,10,12,14
11317,10,2,9
11318,10,0,12
11319,10,15,11
11320,10,8,10
11321,10,8,10
11322,10,8,10
11323,10,0,12
11324,10,0,12
11325,10,8,10
11326,10,15,11
11327,10,18,0
11328,10,8,10
11329,10,13,16
11330,10,8,10
11331,10,0,12
11332,10,8,10
11333,10,0,12
11334,10,15,11
11335,10,6,15
11336,10,6,15
11337,10,15,11
11338,10,8,10
11339,10,8,10
11340,10,15,11
11341,10,4,13
11342,10,8,10
11343,10,12,14
11344,10,13,16
11345,10,4,13
11346,10,6,15
11347,10,5,1
11348,10,8,10
11349,10,15,11
11350,10,8,10
11351,10,8,10
11352,10,0,12
11353,10,0,12
11354,10,18,0
11355,10,4,13
11356,10,1,5
11357,10,15,11
11358,10,1,5
11359,10,8,10
11360,10,13,16
11361,10,0,12
11362,10,8,10
11363,10,8,10
11364,10,8,10
11365,10,8,10
11366,10,5,1
11367,10,12,14
11368,10,8,10
11369,10,8,10
11370,10,17,17
11371,10,0,12
11372,10,12,14
11373,10,8,10
11374,10,15,11
11375,10,15,11
11376,10,4,13
11377,10,8,10
11378,10,12,14
11379,10,7,3
11380,10,0,12
11381,10,0,12
11382,10,8,10
11383,10,15,11
11384,10,6,15
11385,10,7,3
11386,10,8,10
11387,10,0,12
11388,10,12,14
11389,10,6,15
11390,10,8,10
11391,10,4,13
11392,10,4,13
11393,10,4,13
11394,10,15,11
11395,10,0,12
11396,10,4,13
11397,10,12,14
11398,10,0,12
11399,10,8,10
11400,10,4,13
11401,10,0,12
11402,10,0,12
11403,10,8,10
11404,10,5,1
11405,10,6,15
11406,10,13,16
11407,10,8,10
11408,10,8,10
11409,10,5,1
11410,10,15,11
11411,10,0,12
11412,10,12,14
11413,10,6,15
11414,10,8,10
11415,10,15,11
11416,10,8,10
11417,10,8,10
11418,10,18,0
11419,10,8,10
11420,10,2,9
11421,10,0,12
11422,10,8,10
11423,10,13,16
11424,10,4,13
11425,10,0,12
11426,10,4,13
11427,10,13,16
11428,10,6,15
11429,10,9,6
11430,10,8,10
11431,10,18,0
11432,10,18,0
11433,10,7,3
11434,10,15,11
11435,10,8,10
11436,10,7,3
11437,10,15,11
11438,10,0,12
11439,10,0,12
11440,10,0,12
11441,10,8,10
11442,10,6,15
11443,10,0,12
11444,10,6,15
11445,10,0,12
11446,10,8,10
11447,10,8,10
11448,10,8,10
11449,10,8,10
11450,10,8,10
11451,10,15,11
11452,10,8,10
11453,10,13,16
11454,10,0,12
11455,10,8,10
11456,10,0,12
11457,10,6,15
11458,10,0,12
11459,10,13,16
11460,10,1,5
11461,10,8,10
11462,10,8,10
11463,10,9,6
11464,10,15,11
11465,10,0,12
11466,10,8,10
11467,10,8,10
11468,10,0,12
11469,10,7,3
11470,10,0,12
11471,10,6,15
11472,10,12,14
11473,10,8,10
11474,10,1,5
11475,10,15,11
11476,10,8,10
11477,10,8,10
11478,10,11,18
11479,10,7,3
11480,10,0,12
11481,10,0,12
11482,10,8,10
11483,10,9,6
11484,10,8,10
11485,10,0,12
11486,10,8,10
11487,10,8,10
11488,10,8,10
11489,10,9,6
11490,10,0,12
11491,10,4,13
11492,10,12,14
11493,10,19,19
11494,10,19,19
11495,10,19,19
11496,10,8,10
11497,10,8,10
11498,10,5,1
11499,10,13,16
11500,10,8,10
11501,10,0,12
11502,10,0,12
11503,10,15,11
11504,10,15,11
11505,10,8,10
11506,10,0,12
11507,10,6,15
11508,10,8,10
11509,10,8,10
11510,10,0,12
11511,10,0,12
11512,10,0,12
11513,10,0,12
11514,10,8,10
11515,10,7,3
11516,10,8,10
11517,10,4,13
11518,10,12,14
11519,10,8,10
11520,10,4,13
11521,10,6,15
11522,10,8,10
11523,10,5,1
11524,10,12,14
11525,10,0,12
11526,10,8,10
11527,10,12,14
11528,10,12,14
11529,10,4,13
11530,10,18,0
11531,10,5,1
11532,10,6,15
11533,10,15,11
11534,10,8,10
11535,10,8,10
11536,10,19,19
11537,10,0,12
11538,10,8,10
11539,10,8,10
11540,10,0,12
11541,10,4,13
11542,10,8,10
11543,10,8,10
11544,10,8,10
11545,10,0,12
11546,10,0,12
11547,10,0,12
11548,10,15,11
11549,10,0,12
11550,10,6,15
11551,10,18,0
11552,10,0,12
11553,10,12,14
11554,10,1,5
11555,10,15,11
11556,10,8,10
11557,10,7,3
11558,10,8,10
11559,10,10,4
11560,10,0,12
11561,10,4,13
11562,10,13,16
11563,10,0,12
11564,10,8,10
11565,10,8,10
11566,10,8,10
11567,10,0,12
11568,10,2,9
11569,10,6,15
11570,10,8,10
11571,10,18,0
11572,10,18,0
11573,10,15,11
11574,10,8,10
11575,10,8,10
11576,10,8,10
11577,10,4,13
11578,10,12,14
11579,10,0,12
11580,10,0,12
11581,10,13,16
11582,10,15,11
11583,10,15,11
11584,10,5,1
11585,10,18,0
11586,10,8,10
11587,10,8,10
11588,10,8,10
11589,10,8,10
11590,10,6,15
11591,10,8,10
11592,10,12,14
11593,10,8,10
11594,10,8,10
11595,10,0,12
11596,10,12,14
11597,10,1,5
11598,10,4,13
11599,10,8,10
11600,10,0,12
11601,10,8,10
11602,10,8,10
11603,10,6,15
11604,10,6,15
11605,10,0,12
11606,10,0,12
11607,10,2,9
11608,10,0,12
11609,10,9,6
11610,10,12,14
11611,10,8,10
11612,10,1,5
11613,10,13,16
11614,10,8,10
11615,10,8,10
11616,10,7,3
11617,10,0,12
11618,10,15,11
11619,10,15,11
11620,10,15,11
11621,10,4,13
11622,10,15,11
11623,10,0,12
11624,10,0,12
11625,10,7,3
11626,10,12,14
11627,10,15,11
11628,10,12,14
11629,10,8,10
11630,10,8,10
11631,10,8,10
11632,10,8,10
11633,10,0,12
11634,10,8,10
11635,10,7,3
11636,10,0,12
11637,10,4,13
11638,10,15,11
11639,10,0,12
11640,10,0,12
11641,10,15,11
11642,10,4,13
11643,10,4,13
11644,10,15,11
11645,10,0,12
11646,10,2,9
11647,10,2,9
11648,10,6,15
11649,10,6,15
11650,10,12,14
11651,10,0,12
11652,10,8,10
11653,10,12,14
11654,10,12,14
11655,10,12,14
11656,10,8,10
11657,10,15,11
11658,10,15,11
11659,10,15,11
11660,10,1,5
11661,10,1,5
11662,10,8,10
11663,10,4,13
11664,10,8,10
11665,10,8,10
11666,10,4,13
11667,10,15,11
11668,10,0,12
11669,10,8,10
11670,10,2,9
11671,10,0,12
11672,10,15,11
11673,10,0,12
11674,10,0,12
11675,10,12,14
11676,10,8,10
11677,10,13,16
11678,10,13,16
11679,10,13,16
11680,10,6,15
11681,10,2,9
11682,10,5,1
11683,10,6,15
11684,10,6,15
11685,10,0,12
11686,10,5,1
11687,10,15,11
11688,10,4,13
11689,10,4,13
11690,10,15,11
11691,10,8,10
11692,10,8,10
11693,10,8,10
11694,10,18,0
11695,10,15,11
11696,10,8,10
11697,10,0,12
11698,10,0,12
11699,10,8,10
11700,10,8,10
11701,10,15,11
11702,10,15,11
11703,10,13,16
11704,10,7,3
11705,10,8,10
11706,10,4,13
11707,10,4,13
11708,10,15,11
11709,10,15,11
11710,10,15,11
11711,10,14,2
11712,10,8,10
11713,10,8,10
11714,10,8,10
11715,10,8,10
11716,10,13,16
11717,10,0,12
11718,10,8,10
11719,10,0,12
11720,10,6,15
11721,10,8,10
11722,10,8,10
11723,10,0,12
11724,10,0,12
11725,10,5,1
11726,10,8,10
11727,10,8,10
11728,10,18,0
11729,10,8,10
11730,10,19,19
11731,10,8,10
11732,10,8,10
11733,10,13,16
11734,10,5,1
11735,10,0,12
11736,10,0,12
11737,10,2,9
11738,10,12,14
11739,10,4,13
11740,10,1,5
11741,10,8,10
11742,10,0,12
11743,10,8,10
11744,10,8,10
11745,10,8,10
11746,10,13,16
11747,10,8,10
11748,10,13,16
11749,10,12,14
11750,10,8,10
11751,10,8,10
11752,10,8,10
11753,10,0,12
11754,10,12,14
11755,10,8,10
11756,10,0,12
11757,10,9,6
11758,10,8,10
11759,10,13,16
11760,10,13,16
11761,10,13,16
11762,10,13,16
11763,10,6,15
11764,10,6,15
11765,10,0,12
11766,10,4,13
11767,10,13,16
11768,10,13,16
11769,10,13,16
11770,10,13,16
11771,10,8,10
11772,10,8,10
11773,10,12,14
11774,10,12,14
11775,10,8,10
11776,10,13,16
11777,10,13,16
11778,10,8,10
11779,10,18,0
11780,10,8,10
11781,10,13,16
11782,10,4,13
11783,10,13,16
11784,10,0,12
11785,10,0,12
11786,10,8,10
11787,10,4,13
11788,10,8,10
11789,10,15,11
11790,10,8,10
11791,10,8,10
11792,10,4,13
11793,10,12,14
11794,10,8,10
11795,10,7,3
11796,10,13,16
11797,10,12,14
11798,10,0,12
11799,10,2,9
11800,10,12,14
11801,10,8,10
11802,10,8,10
11803,10,7,3
11804,10,15,11
11805,10,8,10
11806,10,5,1
11807,10,8,10
11808,10,8,10
11809,10,15,11
11810,10,13,16
11811,10,13,16
11812,10,0,12
11813,10,0,12
11814,10,18,0
11815,10,8,10
11816,10,8,10
11817,10,13,16
11818,10,6,15
11819,10,17,17
11820,10,8,10
11821,10,0,12
11822,10,1,5
11823,10,1,5
11824,10,2,9
11825,10,0,12
11826,10,8,10
11827,10,0,12
11828,10,18,0
11829,10,0,12
11830,10,13,16
11831,10,8,10
11832,10,15,11
11833,10,8,10
11834,10,0,12
11835,10,8,10
11836,10,1,5
11837,10,12,14
11838,10,6,15
11839,10,0,12
11840,10,8,10
11841,10,8,10
11842,10,18,0
11843,10,0,12
11844,10,13,16
11845,10,8,10
11846,10,8,10
11847,10,13,16
11848,10,19,19
11849,10,13,16
11850,10,4,13
11851,10,15,11
11852,10,0,12
11853,10,8,10
11854,10,8,10
11855,10,0,12
11856,10,13,16
11857,10,2,9
11858,10,15,11
11859,10,2,9
11860,10,0,12
11861,10,8,10
11862,10,0,12
11863,10,0,12
11864,10,8,10
11865,10,12,14
11866,10,12,14
11867,10,0,12
11868,10,0,12
11869,10,13,16
11870,10,13,16
11871,10,0,12
11872,10,6,15
11873,10,0,12
11874,10,4,13
11875,10,13,16
11876,10,6,15
11877,10,0,12
11878,10,13,16
11879,10,0,12
11880,10,13,16
11881,10,13,16
11882,10,19,19
11883,10,12,14
11884,10,8,10
11885,10,8,10
11886,10,0,12
11887,10,13,16
11888,10,2,9
11889,10,8,10
11890,10,15,11
11891,10,13,16
11892,10,17,17
11893,10,13,16
11894,10,8,10
11895,10,8,10
11896,10,6,15
11897,10,15,11
11898,10,0,12
11899,10,6,15
11900,10,6,15
11901,10,9,6
11902,10,15,11
11903,10,13,16
11904,10,8,10
11905,10,8,10
11906,10,0,12
11907,10,8,10
11908,10,8,10
11909,10,15,11
11910,10,8,10
11911,10,0,12
11912,10,0,12
11913,10,0,12
11914,10,13,16
11915,10,0,12
11916,10,0,12
11917,10,13,16
11918,10,2,9
11919,10,14,2
11920,10,13,16
11921,10,0,12
11922,10,0,12
11923,10,8,10
11924,10,8,10
11925,10,0,12
11926,10,5,1
11927,10,7,3
11928,10,0,12
11929,10,8,10
11930,10,8,10
11931,10,5,1
11932,10,0,12
11933,10,13,16
11934,10,8,10
11935,10,15,11
11936,10,8,10
11937,10,8,10
11938,10,8,10
11939,10,15,11
11940,10,2,9
11941,10,15,11
11942,10,0,12
11943,10,12,14
11944,10,8,10
11945,10,8,10
11946,10,4,13
11947,10,5,1
11948,10,6,15
11949,10,15,11
11950,10,0,12
11951,10,1,5
11952,10,4,13
11953,10,12,14
11954,10,15,11
11955,10,15,11
11956,10,8,10
11957,10,0,12
11958,10,0,12
11959,10,13,16
11960,10,13,16
11961,10,0,12
11962,10,18,0
11963,10,0,12
11964,10,12,14
11965,10,8,10
11966,10,13,16
11967,10,7,3
11968,10,8,10
11969,10,6,15
11970,10,8,10
11971,10,5,1
11972,10,5,1
11973,10,8,10
11974,10,0,12
11975,10,0,12
11976,10,12,14
11977,10,0,12
11978,10,8,10
11979,10,8,10
11980,10,19,19
11981,10,13,16
11982,10,13,16
11983,10,8,10
11984,10,0,12
11985,10,0,12
11986,10,0,12
11987,10,15,11
11988,10,8,10
11989,10,8,10
11990,10,0,12
11991,10,18,0
11992,10,4,13
11993,10,13,16
11994,10,15,11
11995,10,15,11
11996,10,8,10
11997,10,8,10
11998,10,15,11
11999,10,15,11
12000,10,8,10
12001,10,15,11
12002,10,19,19
12003,10,0,12
12004,10,13,16
12005,10,6,15
12006,10,1,5
12007,10,8,10
12008,10,13,16
12009,10,13,16
12010,10,13,16
12011,10,8,10
12012,10,8,10
12013,10,4,13
12014,10,0,12
12015,10,13,16
12016,10,8,10
12017,10,0,12
12018,10,8,10
12019,10,8,10
12020,10,13,16
12021,10,15,11
12022,10,8,10
12023,10,0,12
12024,10,8,10
12025,10,13,16
12026,10,0,12
12027,10,18,0
12028,10,18,0
12029,10,6,15
12030,10,0,12
12031,10,0,12
12032,10,8,10
12033,10,18,0
12034,10,15,11
12035,10,13,16
12036,10,13,16
12037,10,0,12
12038,10,0,12
12039,10,0,12
12040,10,12,14
12041,10,0,12
12042,10,18,0
12043,10,0,12
12044,10,0,12
12045,10,19,19
12046,10,0,12
12047,10,0,12
12048,10,13,16
12049,10,18,0
12050,10,19,19
12051,10,8,10
12052,10,8,10
12053,10,8,10
12054,10,8,10
12055,10,8,10
12056,10,8,10
12057,10,0,12
12058,10,8,10
12059,10,13,16
12060,10,12,14
12061,10,19,19
12062,10,0,12
12063,10,12,14
12064,10,8,10
12065,10,13,16
12066,10,0,12
12067,10,15,11
12068,10,8,10
12069,10,8,10
12070,10,8,10
12071,10,13,16
12072,10,12,14
12073,10,8,10
12074,10,0,12
12075,10,8,10
12076,10,4,13
12077,10,13,16
12078,10,0,12
12079,10,13,16
12080,10,8,10
12081,10,0,12
12082,10,8,10
12083,10,13,16
12084,10,13,16
12085,10,0,12
12086,10,8,10
12087,10,7,3
12088,10,0,12
12089,10,8,10
12090,10,8,10
12091,10,0,12
12092,10,0,12
12093,10,15,11
12094,10,8,10
12095,10,8,10
12096,10,5,1
12097,10,1,5
12098,10,8,10
12099,10,5,1
12100,10,0,12
12101,10,8,10
12102,10,12,14
12103,10,15,11
12104,10,13,16
12105,10,13,16
12106,10,8,10
12107,10,8,10
12108,10,5,1
12109,10,0,12
12110,10,5,1
12111,10,8,10
12112,10,6,15
12113,10,6,15
12114,10,12,14
12115,10,18,0
12116,10,2,9
12117,10,13,16
12118,10,0,12
12119,10,0,12
12120,10,8,10
12121,10,15,11
12122,10,8,10
12123,10,15,11
12124,10,8,10
12125,10,6,15
12126,10,15,11
12127,10,0,12
12128,10,6,15
12129,10,7,3
12130,10,0,12
12131,10,5,1
12132,10,6,15
12133,10,0,12
12134,10,0,12
12135,10,8,10
12136,10,6,15
12137,10,8,10
12138,10,4,13
12139,10,11,18
12140,10,6,15
12141,10,6,15
12142,10,0,12
12143,10,8,10
12144,10,8,10
12145,10,0,12
12146,10,0,12
12147,10,7,3
12148,10,6,15
12149,10,0,12
12150,10,8,10
12151,10,19,19
12152,10,13,16
12153,10,19,19
12154,10,13,16
12155,10,0,12
12156,10,13,16
12157,10,0,12
12158,10,7,3
12159,10,8,10
12160,10,8,10
12161,10,8,10
12162,10,13,16
12163,10,0,12
12164,10,2,9
12165,10,8,10
12166,10,0,12
12167,10,13,16
12168,10,6,15
12169,10,13,16
12170,10,13,16
12171,10,13,16
12172,10,13,16
12173,10,17,17
12174,10,9,6
12175,10,8,10
12176,10,15,11
12177,10,1,5
12178,10,17,17
12179,10,13,16
12180,10,4,13
12181,10,13,16
12182,10,8,10
12183,10,15,11
12184,10,9,6
12185,10,0,12
12186,10,13,16
12187,10,8,10
12188,10,0,12
12189,10,7,3
12190,10,3,8
12191,10,15,11
12192,10,12,14
12193,10,0,12
12194,10,8,10
12195,10,0,12
12196,10,0,12
12197,10,0,12
12198,10,18,0
12199,10,18,0
12200,10,15,11
12201,10,15,11
12202,10,8,10
12203,10,8,10
12204,10,8,10
12205,10,8,10
12206,10,8,10
12207,10,4,13
12208,10,0,12
12209,10,6,15
12210,10,8,10
12211,10,0,12
12212,10,13,16
12213,10,17,17
12214,10,0,12
12215,10,12,14
12216,10,8,10
12217,10,13,16
12218,10,8,10
12219,10,12,14
12220,10,12,14
12221,10,4,13
12222,10,0,12
12223,10,6,15
12224,10,13,16
12225,10,5,1
12226,10,8,10
12227,10,0,12
12228,10,6,15
12229,10,8,10
12230,10,0,12
12231,10,0,12
12232,10,0,12
12233,10,12,14
12234,10,8,10
12235,10,8,10
12236,10,6,15
12237,10,0,12
12238,10,15,11
12239,10,15,11
12240,10,7,3
12241,10,13,16
12242,10,13,16
12243,10,15,11
12244,10,8,10
12245,10,7,3
12246,10,0,12
12247,10,13,16
12248,10,6,15
12249,10,13,16
12250,10,15,11
12251,10,4,13
12252,10,15,11
12253,10,15,11
12254,10,7,3
12255,10,8,10
12256,10,8,10
12257,10,0,12
12258,10,2,9
12259,10,9,6
12260,10,15,11
12261,10,15,11
12262,10,0,12
12263,10,13,16
12264,10,0,12
12265,10,8,10
12266,10,6,15
12267,10,6,15
12268,10,13,16
12269,10,13,16
12270,10,0,12
12271,10,12,14
12272,10,8,10
12273,10,0,12
12274,10,8,10
12275,10,0,12
12276,10,12,14
12277,10,15,11
12278,10,8,10
12279,10,8,10
12280,10,0,12
12281,10,8,10
12282,10,12,14
12283,10,15,11
12284,10,15,11
12285,10,12,14
12286,10,12,14
12287,10,19,19
12288,10,15,11
12289,10,13,16
12290,10,13,16
12291,10,6,15
12292,10,6,15
12293,10,5,1
12294,10,12,14
12295,10,6,15
12296,10,13,16
12297,10,15,11
12298,10,15,11
12299,10,18,0
12300,10,18,0
12301,10,0,12
12302,10,12,14
12303,10,6,15
12304,10,4,13
12305,10,0,12
12306,10,19,19
12307,10,4,13
12308,10,15,11
12309,10,0,12
12310,10,15,11
12311,10,15,11
12312,10,2,9
12313,10,13,16
12314,10,5,1
12315,10,8,10
12316,10,15,11
12317,10,8,10
12318,10,4,13
12319,10,15,11
12320,10,6,15
12321,10,6,15
12322,10,0,12
12323,10,0,12
12324,10,12,14
12325,10,8,10
12326,10,0,12
12327,10,0,12
12328,10,5,1
12329,10,5,1
12330,10,8,10
12331,10,4,13
12332,10,8,10
12333,10,4,13
12334,10,0,12
12335,10,8,10
12336,10,7,3
12337,10,7,3
12338,10,0,12
12339,10,13,16
12340,10,0,12
12341,10,0,12
12342,10,6,15
12343,10,12,14
12344,10,5,1
12345,10,19,19
12346,10,0,12
12347,10,0,12
12348,10,5,1
12349,10,12,14
12350,10,8,10
12351,10,12,14
12352,10,4,13
12353,10,18,0
12354,10,8,10
12355,10,15,11
12356,10,13,16
12357,10,8,10
12358,10,4,13
12359,10,0,12
12360,10,0,12
12361,10,15,11
12362,10,13,16
12363,10,18,0
12364,10,12,14
12365,10,5,1
12366,10,8,10
12367,10,0,12
12368,10,0,12
12369,10,19,19
12370,10,6,15
12371,10,0,12
12372,10,13,16
12373,10,13,16
12374,10,15,11
12375,10,15,11
12376,10,6,15
12377,10,8,10
12378,10,0,12
12379,10,12,14
12380,10,8,10
12381,10,9,6
12382,10,4,13
12383,10,15,11
12384,10,6,15
12385,10,15,11
12386,10,4,13
12387,10,5,1
12388,10,12,14
12389,10,8,10
12390,10,5,1
12391,10,0,12
12392,10,8,10
12393,10,4,13
12394,10,8,10
12395,10,13,16
12396,10,12,14
12397,10,15,11
12398,10,8,10
12399,10,4,13
12400,10,15,11
12401,10,5,1
12402,10,8,10
12403,10,8,10
12404,10,13,16
12405,10,18,0
12406,10,15,11
12407,10,12,14
12408,10,13,16
12409,10,15,11
12410,10,9,6
12411,10,13,16
12412,10,6,15
12413,10,0,12
12414,10,0,12
12415,10,0,12
12416,10,8,10
12417,10,8,10
12418,10,13,16
12419,10,15,11
12420,10,8,10
12421,10,8,10
12422,10,13,16
12423,10,15,11
12424,10,8,10
12425,10,18,0
12426,10,8,10
12427,10,8,10
12428,10,8,10
12429,10,15,11
12430,10,18,0
12431,10,18,0
12432,10,5,1
12433,10,19,19
12434,10,0,12
12435,10,12,14
12436,10,18,0
12437,10,12,14
12438,10,13,16
12439,10,8,10
12440,10,12,14
12441,10,0,12
12442,10,13,16
12443,10,8,10
12444,10,15,11
12445,10,8,10
12446,10,15,11
12447,10,6,15
12448,10,8,10
12449,10,4,13
12450,10,19,19
12451,10,8,10
12452,10,8,10
12453,10,0,12
12454,10,6,15
12455,10,0,12
12456,10,8,10
12457,10,12,14
12458,10,13,16
12459,10,3,8
12460,10,13,16
12461,10,13,16
12462,10,4,13
12463,10,0,12
12464,10,18,0
12465,10,8,10
12466,10,13,16
12467,10,8,10
12468,10,6,15
12469,10,8,10
12470,10,8,10
12471,10,0,12
12472,10,18,0
12473,10,8,10
12474,10,6,15
12475,10,8,10
12476,10,18,0
12477,10,13,16
12478,10,15,11
12479,10,13,16
12480,10,15,11
12481,10,13,16
12482,10,8,10
12483,10,8,10
12484,10,6,15
12485,10,15,11
12486,10,18,0
12487,10,18,0
12488,10,15,11
12489,10,15,11
12490,10,6,15
12491,10,15,11
12492,10,5,1
12493,10,6,15
12494,10,6,15
12495,10,12,14
12496,10,8,10
12497,10,0,12
12498,10,2,9
12499,10,0,12
12500,10,12,14
12501,10,0,12
12502,10,8,10
12503,10,2,9
12504,10,8,10
12505,10,8,10
12506,10,8,10
12507,10,6,15
12508,10,6,15
12509,10,4,13
12510,10,12,14
12511,10,12,14
12512,10,13,16
12513,10,15,11
12514,10,15,11
12515,10,15,11
12516,10,0,12
12517,10,15,11
12518,10,5,1
12519,10,8,10
12520,10,18,0
12521,10,0,12
12522,10,13,16
12523,10,13,16
12524,10,0,12
12525,10,0,12
12526,10,0,12
12527,10,12,14
12528,10,19,19
12529,10,8,10
12530,10,0,12
12531,10,13,16
12532,10,0,12
12533,10,12,14
12534,10,12,14
12535,10,7,3
12536,10,8,10
12537,10,8,10
12538,10,0,12
12539,10,12,14
12540,10,0,12
12541,10,0,12
12542,10,12,14
12543,10,13,16
12544,10,12,14
12545,10,19,19
12546,10,13,16
12547,10,15,11
12548,10,8,10
12549,10,8,10
12550,10,8,10
12551,10,8,10
12552,10,12,14
12553,10,7,3
12554,10,6,15
12555,10,8,10
12556,10,1,5
12557,10,0,12
12558,10,15,11
12559,10,8,10
12560,10,13,16
12561,10,0,12
12562,10,13,16
12563,10,0,12
12564,10,0,12
12565,10,4,13
12566,10,0,12
12567,10,4,13
12568,10,4,13
12569,10,17,17
12570,10,8,10
12571,10,15,11
12572,10,8,10
12573,10,6,15
12574,10,8,10
12575,10,13,16
12576,10,6,15
12577,10,0,12
12578,10,0,12
12579,10,8,10
12580,10,8,10
12581,10,18,0
12582,10,15,11
12583,10,13,16
12584,10,8,10
12585,10,1,5
12586,10,19,19
12587,10,13,16
12588,10,8,10
12589,10,8,10
12590,10,6,15
12591,10,13,16
12592,10,15,11
12593,10,0,12
12594,10,8,10
12595,10,8,10
12596,10,19,19
12597,10,13,16
12598,10,15,11
12599,10,18,0
12600,10,0,12
12601,10,6,15
12602,10,8,10
12603,10,8,10
12604,10,8,10
12605,10,12,14
12606,10,8,10
12607,10,13,16
12608,10,18,0
12609,10,15,11
12610,10,13,16
12611,10,0,12
12612,10,8,10
12613,10,13,16
12614,10,19,19
12615,10,8,10
12616,10,0,12
12617,10,13,16
12618,10,5,1
12619,10,8,10
12620,10,8,10
12621,10,4,13
12622,10,13,16
12623,10,8,10
12624,10,15,11
12625,10,4,13
12626,10,15,11
12627,10,15,11
12628,10,13,16
12629,10,7,3
12630,10,4,13
12631,10,4,13
12632,10,15,11
12633,10,8,10
12634,10,8,10
12635,10,12,14
12636,10,15,11
12637,10,8,10
12638,10,8,10
12639,10,15,11
12640,10,8,10
12641,10,4,13
12642,10,5,1
12643,10,4,13
12644,10,19,19
12645,10,2,9
12646,10,7,3
12647,10,15,11
12648,10,8,10
12649,10,4,13
12650,10,8,10
12651,10,0,12
12652,10,8,10
12653,10,13,16
12654,10,0,12
12655,10,8,10
12656,10,0,12
12657,10,8,10
12658,10,13,16
12659,10,19,19
12660,10,6,15
12661,10,6,15
12662,10,8,10
12663,10,8,10
12664,10,8,10
12665,10,8,10
12666,10,4,13
12667,10,2,9
12668,10,0,12
12669,10,15,11
12670,10,6,15
12671,10,4,13
12672,10,4,13
12673,10,15,11
12674,10,0,12
12675,10,5,1
12676,10,6,15
12677,10,8,10
12678,10,8,10
12679,10,15,11
12680,10,15,11
12681,10,13,16
12682,10,15,11
12683,10,19,19
12684,10,8,10
12685,10,15,11
12686,10,6,15
12687,10,0,12
12688,10,18,0
12689,10,6,15
12690,10,8,10
12691,10,13,16
12692,10,6,15
12693,10,15,11
12694,10,9,6
12695,10,0,12
12696,10,19,19
12697,10,13,16
12698,10,8,10
12699,10,0,12
12700,10,0,12
12701,10,0,12
12702,10,8,10
12703,10,19,19
12704,10,8,10
12705,10,18,0
12706,10,12,14
12707,10,0,12
12708,10,8,10
12709,10,19,19
12710,10,4,13
12711,10,15,11
12712,10,5,1
12713,10,8,10
12714,10,8,10
12715,10,8,10
12716,10,15,11
12717,10,4,13
12718,10,19,19
12719,10,0,12
12720,10,8,10
12721,10,8,10
12722,10,8,10
12723,10,4,13
12724,10,15,11
12725,10,13,16
12726,10,8,10
12727,10,0,12
12728,10,8,10
12729,10,8,10
12730,10,8,10
12731,10,0,12
12732,10,6,15
12733,10,8,10
12734,10,8,10
12735,10,0,12
12736,10,8,10
12737,10,8,10
12738,10,13,16
12739,10,13,16
12740,10,8,10
12741,10,13,16
12742,10,0,12
12743,10,8,10
12744,10,15,11
12745,10,6,15
12746,10,8,10
12747,10,8,10
12748,10,4,13
12749,10,8,10
12750,10,15,11
12751,10,4,13
12752,10,5,1
12753,10,8,10
12754,10,8,10
12755,10,0,12
12756,10,13,16
12757,10,4,13
12758,10,15,11
12759,10,18,0
12760,10,0,12
12761,10,9,6
12762,10,15,11
12763,10,1,5
12764,10,6,15
12765,10,15,11
12766,10,15,11
12767,10,13,16
12768,10,13,16
12769,10,0,12
12770,10,8,10
12771,10,5,1
12772,10,8,10
12773,10,15,11
12774,10,8,10
12775,10,8,10
12776,10,15,11
12777,10,8,10
12778,10,12,14
12779,10,7,3
12780,10,8,10
12781,10,8,10
12782,10,5,1
12783,10,15,11
12784,10,13,16
12785,10,13,16
12786,10,4,13
12787,10,15,11
12788,10,0,12
12789,10,15,11
12790,10,8,10
12791,10,0,12
12792,10,6,15
12793,10,19,19
12794,10,15,11
12795,10,15,11
12796,10,8,10
12797,10,4,13
12798,10,19,19
12799,10,1,5
12800,10,19,19
12801,10,5,1
12802,10,4,13
12803,10,5,1
12804,10,6,15
12805,10,0,12
12806,10,8,10
12807,10,6,15
12808,10,13,16
12809,10,8,10
12810,10,8,10
12811,10,8,10
12812,10,4,13
12813,10,4,13
12814,10,13,16
12815,10,8,10
12816,10,8,10
12817,10,14,2
12818,10,0,12
12819,10,8,10
12820,10,13,16
12821,10,15,11
12822,10,8,10
12823,10,6,15
12824,10,8,10
12825,10,13,16
12826,10,0,12
12827,10,8,10
12828,10,8,10
12829,10,8,10
12830,10,4,13
12831,10,8,10
12832,10,15,11
12833,10,12,14
12834,10,8,10
12835,10,13,16
12836,10,8,10
12837,10,4,13
12838,10,4,13
12839,10,4,13
12840,10,0,12
12841,10,8,10
12842,10,9,6
12843,10,8,10
12844,10,8,10
12845,10,6,15
12846,10,8,10
12847,10,12,14
12848,10,15,11
12849,10,13,16
12850,10,0,12
12851,10,5,1
12852,10,15,11
12853,10,7,3
12854,10,8,10
12855,10,1,5
12856,10,7,3
12857,10,15,11
12858,10,15,11
12859,10,8,10
12860,10,6,15
12861,10,2,9
12862,10,8,10
12863,10,6,15
12864,10,15,11
12865,10,1,5
12866,10,15,11
12867,10,6,15
12868,10,0,12
12869,10,11,18
12870,10,13,16
12871,10,8,10
12872,10,5,1
12873,10,19,19
12874,10,8,10
12875,10,8,10
12876,10,12,14
12877,10,0,12
12878,10,15,11
12879,10,15,11
12880,10,12,14
12881,10,17,17
12882,10,15,11
12883,10,12,14
12884,10,15,11
12885,10,15,11
12886,10,2,9
12887,10,15,11
12888,10,9,6
12889,10,1,5
12890,10,15,11
12891,10,0,12
12892,10,6,15
12893,10,0,12
12894,10,12,14
12895,10,8,10
12896,10,15,11
12897,10,15,11
12898,10,19,19
12899,10,5,1
12900,10,8,10
12901,10,15,11
12902,10,15,11
12903,10,8,10
12904,10,12,14
12905,10,13,16
12906,10,5,1
12907,10,7,3
12908,10,19,19
12909,10,8,10
12910,10,15,11
12911,10,12,14
12912,10,15,11
12913,10,5,1
12914,10,8,10
12915,10,8,10
12916,10,15,11
12917,10,12,14
12918,10,8,10
12919,10,5,1
12920,10,6,15
12921,10,8,10
12922,10,13,16
12923,10,15,11
12924,10,12,14
12925,10,8,10
12926,10,15,11
12927,10,8,10
12928,10,8,10
12929,10,5,1
12930,10,13,16
12931,10,15,11
12932,10,4,13
12933,10,15,11
12934,10,8,10
12935,10,8,10
12936,10,1,5
12937,10,4,13
12938,10,13,16
12939,10,8,10
12940,10,5,1
12941,10,15,11
12942,10,8,10
12943,10,13,16
12944,10,12,14
12945,10,4,13
12946,10,15,11
12947,10,15,11
12948,10,19,19
12949,10,15,11
12950,10,12,14
12951,10,6,15
12952,10,13,16
12953,10,13,16
12954,10,4,13
12955,10,1,5
12956,10,6,15
12957,10,19,19
12958,10,13,16
12959,10,15,11
12960,10,8,10
12961,10,8,10
12962,10,8,10
12963,10,8,10
12964,10,8,10
12965,10,8,10
12966,10,8,10
12967,10,0,12
12968,10,4,13
12969,10,0,12
12970,10,12,14
12971,10,13,16
12972,10,8,10
12973,10,8,10
12974,10,13,16
12975,10,18,0
12976,10,8,10
12977,10,8,10
12978,10,8,10
12979,10,8,10
12980,10,8,10
12981,10,2,9
12982,10,8,10
12983,10,1,5
12984,10,6,15
12985,10,12,14
12986,10,13,16
12987,10,8,10
12988,10,8,10
12989,10,1,5
12990,10,6,15
12991,10,6,15
12992,10,13,16
12993,10,6,15
12994,10,8,10
12995,10,0,12
12996,10,8,10
12997,10,8,10
12998,10,8,10
12999,10,8,10
13000,10,13,16
13001,10,8,10
13002,10,1,5
13003,10,1,5
13004,10,0,12
13005,10,8,10
13006,10,12,14
13007,10,6,15
13008,10,15,11
13009,10,1,5
13010,10,12,14
13011,10,0,12
13012,10,0,12
13013,10,5,1
13014,10,6,15
13015,10,0,12
13016,10,0,12
13017,10,6,15
13018,10,6,15
13019,10,8,10
13020,10,13,16
13021,10,8,10
13022,10,12,14
13023,10,13,16
13024,10,12,14
13025,10,12,14
13026,10,6,15
13027,10,6,15
13028,10,8,10
13029,10,8,10
13030,10,18,0
13031,10,18,0
13032,10,18,0
13033,10,0,12
13034,10,12,14
13035,10,8,10
13036,10,15,11
13037,10,4,13
13038,10,0,12
13039,10,8,10
13040,10,17,17
13041,10,7,3
13042,10,19,19
13043,10,8,10
13044,10,4,13
13045,10,1,5
13046,10,8,10
13047,10,0,12
13048,10,0,12
13049,10,18,0
13050,10,19,19
13051,10,13,16
13052,10,14,2
13053,10,8,10
13054,10,8,10
13055,10,3,8
13056,10,3,8
13057,10,19,19
13058,10,1,5
13059,10,16,7
13060,10,5,1
13061,10,5,1
13062,10,5,1
13063,10,19,19
13064,10,12,14
13065,10,18,0
13066,10,18,0
13067,10,13,16
13068,10,4,13
13069,10,12,14
13070,10,8,10
13071,10,9,6
13072,10,19,19
13073,10,2,9
13074,10,8,10
13075,10,0,12
13076,10,1,5
13077,10,8,10
13078,10,0,12
13079,10,19,19
13080,10,17,17
13081,10,13,16
13082,10,12,14
13083,10,1,5
13084,10,4,13
13085,10,18,0
13086,10,2,9
13087,10,18,0
13088,10,1,5
13089,10,17,17
13090,10,19,19
13091,10,3,8
13092,10,18,0
13093,10,18,0
13094,10,17,17
13095,10,18,0
13096,10,19,19
13097,10,16,7
13098,10,19,19
13099,10,1,5
13100,10,4,13
13101,10,3,8
13102,10,12,14
13103,10,12,14
13104,10,0,12
13105,10,12,14
13106,10,19,19
13107,10,13,16
13108,10,7,3
13109,10,19,19
13110,10,11,18
13111,10,11,18
13112,10,12,14
13113,10,13,16
13114,10,6,15
13115,10,3,8
13116,10,7,3
13117,10,11,18
13118,10,16,7
13119,10,6,15
13120,10,3,8
13121,10,3,8
13122,10,3,8
13123,10,13,16
13124,10,19,19
13125,10,19,19
13126,10,13,16
13127,10,0,12
13128,10,0,12
13129,10,6,15
13130,10,2,9
13131,10,12,14
13132,10,6,15
13133,10,10,4
13134,10,6,15
13135,10,6,15
13136,10,10,4
13137,10,6,15
13138,10,4,13
13139,10,5,1
13140,10,4,13
13141,10,2,9
13142,10,1,5
13143,10,1,5
13144,10,0,12
13145,10,0,12
13146,10,12,14
13147,10,12,14
13148,10,12,14
13149,10,9,6
13150,10,12,14
13151,10,4,13
13152,10,8,10
13153,10,19,19
13154,10,4,13
13155,10,9,6
13156,10,19,19
13157,10,19,19
13158,10,6,15
13159,10,6,15
13160,10,13,16
13161,10,4,13
13162,10,0,12
13163,10,5,1
13164,10,5,1
13165,10,10,4
13166,10,5,1
13167,10,18,0
13168,10,8,10
13169,10,18,0
13170,10,6,15
13171,10,3,8
13172,10,3,8
13173,10,3,8
13174,10,0,12
13175,10,8,10
13176,10,19,19
13177,10,8,10
13178,10,6,15
13179,10,4,13
13180,10,6,15
13181,10,18,0
13182,10,19,19
13183,10,19,19
13184,10,11,18
13185,10,6,15
13186,10,6,15
13187,10,11,18
13188,10,6,15
13189,10,19,19
13190,10,6,15
13191,10,18,0
13192,10,19,19
13193,10,13,16
13194,10,13,16
13195,10,19,19
13196,10,8,10
13197,10,8,10
13198,10,19,19
13199,10,1,5
13200,10,11,18
13201,10,19,19
13202,10,4,13
13203,10,4,13
13204,10,1,5
13205,10,1,5
13206,10,16,7
13207,10,11,18
13208,10,0,12
13209,10,14,2
13210,10,8,10
13211,10,12,14
13212,10,17,17
13213,10,19,19
13214,10,15,11
13215,10,13,16
13216,10,13,16
13217,10,9,6
13218,10,15,11
13219,10,8,10
13220,10,19,19
13221,10,11,18
13222,10,8,10
13223,10,11,18
13224,10,5,1
13225,10,0,12
13226,10,7,3
13227,10,16,7
13228,10,5,1
13229,10,5,1
13230,10,18,0
13231,10,1,5
13232,10,3,8
13233,10,1,5
13234,10,0,12
13235,10,3,8
13236,10,19,19
13237,10,8,10
13238,10,3,8
13239,10,1,5
13240,10,13,16
13241,10,2,9
13242,10,3,8
13243,10,0,12
13244,10,19,19
13245,10,19,19
13246,10,3,8
13247,10,12,14
13248,10,11,18
13249,10,12,14
13250,10,7,3
13251,10,0,12
13252,10,1,5
13253,10,12,14
13254,10,7,3
13255,10,18,0
13256,10,19,19
13257,10,11,18
13258,10,14,2
13259,10,10,4
13260,10,10,4
13261,10,6,15
13262,10,0,12
13263,10,13,16
13264,10,1,5
13265,10,1,5
13266,10,10,4
13267,10,2,9
13268,10,2,9
13269,10,2,9
13270,10,19,19
13271,10,19,19
13272,10,19,19
13273,10,19,19
13274,10,19,19
13275,10,12,14
13276,10,1,5
13277,10,13,16
13278,10,6,15
13279,10,13,16
13280,10,3,8
13281,10,2,9
13282,10,13,16
13283,10,0,12
13284,10,6,15
13285,10,6,15
13286,10,0,12
13287,10,0,12
13288,10,9,6
13289,10,13,16
13290,10,15,11
13291,10,19,19
13292,10,18,0
13293,10,13,16
13294,10,3,8
13295,10,3,8
13296,10,16,7
13297,10,1,5
13298,10,19,19
13299,10,13,16
13300,10,5,1
13301,10,4,13
13302,10,11,18
13303,10,6,15
13304,10,8,10
13305,10,1,5
13306,10,6,15
13307,10,6,15
13308,10,6,15
13309,10,8,10
13310,10,6,15
13311,10,19,19
13312,10,19,19
13313,10,5,1
13314,10,5,1
13315,10,12,14
13316,10,8,10
13317,10,1,5
13318,10,1,5
13319,10,6,15
13320,10,10,4
13321,10,8,10
13322,10,11,18
13323,10,6,15
13324,10,13,16
13325,10,8,10
13326,10,11,18
13327,10,13,16
13328,10,15,11
13329,10,16,7
13330,10,1,5
13331,10,0,12
13332,10,17,17
13333,10,19,19
13334,10,19,19
13335,10,5,1
13336,10,15,11
13337,10,9,6
13338,10,18,0
13339,10,19,19
13340,10,1,5
13341,10,5,1
13342,10,12,14
13343,10,15,11
13344,10,15,11
13345,10,2,9
13346,10,2,9
13347,10,13,16
13348,10,5,1
13349,10,19,19
13350,10,13,16
13351,10,11,18
13352,10,13,16
13353,10,13,16
13354,10,13,16
13355,10,13,16
13356,10,0,12
13357,10,1,5
13358,10,12,14
13359,10,17,17
13360,10,4,13
13361,10,4,13
13362,10,6,15
13363,10,12,14
13364,10,13,16
13365,10,13,16
13366,10,1,5
13367,10,13,16
13368,10,13,16
13369,10,18,0
13370,10,18,0
13371,10,18,0
13372,10,18,0
13373,10,10,4
13374,10,18,0
13375,10,19,19
13376,10,19,19
13377,10,19,19
13378,10,19,19
13379,10,16,7
13380,10,8,10
13381,10,0,12
13382,10,8,10
13383,10,10,4
13384,10,18,0
13385,10,6,15
13386,10,0,12
13387,10,6,15
13388,10,19,19
13389,10,8,10
13390,10,12,14
13391,10,2,9
13392,10,19,19
13393,10,0,12
13394,10,15,11
13395,10,15,11
13396,10,0,12
13397,10,12,14
13398,10,0,12
13399,10,0,12
13400,10,12,14
13401,10,0,12
13402,10,0,12
13403,10,0,12
13404,10,19,19
13405,10,19,19
13406,10,0,12
13407,10,19,19
13408,10,0,12
13409,10,4,13
13410,10,12,14
13411,10,2,9
13412,10,15,11
13413,10,15,11
13414,10,12,14
13415,10,2,9
13416,10,18,0
13417,10,13,16
13418,10,13,16
13419,10,13,16
13420,10,6,15
13421,10,15,11
13422,10,4,13
13423,10,12,14
13424,10,16,7
13425,10,5,1
13426,10,12,14
13427,10,2,9
13428,10,8,10
13429,10,5,1
13430,10,18,0
13431,10,18,0
13432,10,16,7
13433,10,0,12
13434,10,17,17
13435,10,16,7
13436,10,1,5
13437,10,2,9
13438,10,2,9
13439,10,12,14
13440,10,0,12
13441,10,5,1
13442,10,18,0
13443,10,15,11
13444,10,15,11
13445,10,0,12
13446,10,0,12
13447,10,18,0
13448,10,5,1
13449,10,8,10
13450,10,8,10
13451,10,0,12
13452,10,4,13
13453,10,12,14
13454,10,0,12
13455,10,2,9
13456,10,19,19
13457,10,0,12
13458,10,0,12
13459,10,19,19
13460,10,13,16
13461,10,15,11
13462,10,15,11
13463,10,8,10
13464,10,13,16
13465,10,0,12
13466,10,0,12
13467,10,8,10
13468,10,8,10
13469,10,2,9
13470,10,8,10
13471,10,19,19
13472,10,19,19
13473,10,13,16
13474,10,0,12
13475,10,12,14
13476,10,3,8
13477,10,8,10
13478,10,18,0
13479,10,8,10
13480,10,2,9
13481,10,2,9
13482,10,2,9
13483,10,10,4
13484,10,18,0
13485,10,2,9
13486,10,0,12
13487,10,2,9
13488,10,0,12
13489,10,19,19
13490,10,13,16
13491,10,13,16
13492,10,12,14
13493,10,10,4
13494,10,10,4
13495,10,10,4
13496,10,19,19
13497,10,16,7
13498,10,18,0
13499,10,0,12
13500,10,19,19
13501,10,15,11
13502,10,4,13
13503,10,12,14
13504,10,4,13
13505,10,8,10
13506,10,18,0
13507,10,1,5
13508,10,18,0
13509,10,4,13
13510,10,8,10
13511,10,9,6
13512,10,15,11
13513,10,2,9
13514,10,2,9
13515,10,0,12
13516,10,7,3
13517,10,18,0
13518,10,0,12
13519,10,8,10
13520,10,15,11
13521,10,0,12
13522,10,13,16
13523,10,16,7
13524,10,9,6
13525,10,15,11
13526,10,15,11
13527,10,18,0
13528,10,2,9
13529,10,16,7
13530,10,12,14
13531,10,6,15
13532,10,3,8
13533,10,1,5
13534,10,8,10
13535,10,8,10
13536,10,2,9
13537,10,2,9
13538,10,2,9
13539,10,17,17
13540,10,18,0
13541,10,2,9
13542,10,6,15
13543,10,13,16
13544,10,13,16
13545,10,15,11
13546,10,13,16
13547,10,10,4
13548,10,1,5
13549,10,19,19
13550,10,17,17
13551,10,8,10
13552,10,8,10
13553,10,8,10
13554,10,0,12
13555,10,8,10
13556,10,18,0
13557,10,1,5
13558,10,12,14
13559,10,5,1
13560,10,11,18
13561,10,19,19
13562,10,4,13
13563,10,0,12
13564,10,8,10
13565,10,8,10
13566,10,0,12
13567,10,13,16
13568,10,5,1
13569,10,5,1
13570,10,8,10
13571,10,8,10
13572,10,19,19
13573,10,12,14
13574,10,12,14
13575,10,16,7
13576,10,16,7
13577,10,8,10
13578,10,0,12
13579,10,11,18
13580,10,12,14
13581,10,12,14
13582,10,0,12
13583,10,19,19
13584,10,12,14
13585,10,12,14
13586,10,8,10
13587,10,8,10
13588,10,8,10
13589,10,15,11
13590,10,8,10
13591,10,12,14
13592,10,4,13
13593,10,8,10
13594,10,8,10
13595,10,12,14
13596,10,4,13
13597,10,4,13
13598,10,8,10
13599,10,8,10
13600,10,8,10
13601,10,17,17
13602,10,19,19
13603,10,8,10
13604,10,8,10
13605,10,16,7
13606,10,8,10
13607,10,15,11
13608,10,15,11
13609,10,15,11
13610,10,19,19
13611,10,0,12
13612,10,19,19
13613,10,10,4
13614,10,6,15
13615,10,0,12
13616,10,0,12
13617,10,13,16
13618,10,19,19
13619,10,8,10
13620,10,12,14
13621,10,15,11
13622,10,0,12
13623,10,10,4
13624,10,15,11
13625,10,0,12
13626,10,1,5
13627,10,10,4
13628,10,16,7
13629,10,1,5
13630,10,4,13
13631,10,9,6
13632,10,10,4
13633,10,18,0
13634,10,8,10
13635,10,0,12
13636,10,14,2
13637,10,17,17
13638,10,17,17
13639,10,9,6
13640,10,0,12
13641,10,0,12
13642,10,12,14
13643,10,0,12
13644,10,12,14
13645,10,10,4
13646,10,9,6
13647,10,5,1
13648,10,5,1
13649,10,10,4
13650,10,2,9
13651,10,0,12
13652,10,19,19
13653,10,8,10
13654,10,9,6
13655,10,0,12
13656,10,15,11
13657,10,4,13
13658,10,10,4
13659,10,17,17
13660,10,8,10
13661,10,0,12
13662,10,13,16
13663,10,15,11
13664,10,12,14
13665,10,4,13
13666,10,0,12
13667,10,0,12
13668,10,0,12
13669,10,0,12
13670,10,0,12
13671,10,2,9
13672,10,2,9
13673,10,5,1
13674,10,19,19
13675,10,0,12
13676,10,0,12
13677,10,12,14
13678,10,12,14
13679,10,12,14
13680,10,16,7
13681,10,4,13
13682,10,19,19
13683,10,0,12
13684,10,15,11
13685,10,19,19
13686,10,13,16
13687,10,0,12
13688,10,0,12
13689,10,5,1
13690,10,15,11
13691,10,8,10
13692,10,15,11
13693,10,15,11
13694,10,8,10
13695,10,9,6
13696,10,0,12
13697,10,2,9
13698,10,12,14
13699,10,12,14
13700,10,4,13
13701,10,4,13
13702,10,15,11
13703,10,8,10
13704,10,16,7
13705,10,9,6
13706,10,0,12
13707,10,16,7
13708,10,16,7
13709,10,8,10
13710,10,10,4
13711,10,0,12
13712,10,17,17
13713,10,8,10
13714,10,8,10
13715,10,10,4
13716,10,8,10
13717,10,8,10
13718,10,12,14
13719,10,0,12
13720,10,0,12
13721,10,12,14
13722,10,12,14
13723,10,8,10
13724,10,5,1
13725,10,0,12
13726,10,9,6
13727,10,9,6
13728,10,18,0
13729,10,18,0
13730,10,0,12
13731,10,15,11
13732,10,8,10
13733,10,16,7
13734,10,2,9
13735,10,2,9
13736,10,0,12
13737,10,19,19
13738,10,5,1
13739,10,12,14
13740,10,0,12
13741,10,0,12
13742,10,0,12
13743,10,17,17
13744,10,14,2
13745,10,2,9
13746,10,19,19
13747,10,13,16
13748,10,8,10
13749,10,9,6
13750,10,16,7
13751,10,9,6
13752,10,19,19
13753,10,15,11
13754,10,15,11
13755,10,19,19
13756,10,19,19
13757,10,1,5
13758,10,19,19
13759,10,3,8
13760,10,8,10
13761,10,19,19
13762,10,2,9
13763,10,7,3
13764,10,7,3
13765,10,19,19
13766,10,3,8
13767,10,3,8
13768,10,3,8
13769,10,3,8
13770,10,17,17
13771,10,3,8
13772,10,4,13
13773,10,4,13
13774,10,11,18
13775,10,11,18
13776,10,12,14
13777,10,12,14
13778,10,0,12
13779,10,15,11
13780,10,13,16
13781,10,8,10
13782,10,13,16
13783,10,10,4
13784,10,11,18
13785,10,11,18
13786,10,7,3
13787,10,16,7
13788,10,4,13
13789,10,11,18
13790,10,11,18
13791,10,0,12
13792,10,8,10
13793,10,8,10
13794,10,13,16
13795,10,13,16
13796,10,0,12
13797,10,19,19
13798,10,8,10
13799,10,9,6
13800,10,19,19
13801,10,0,12
13802,10,0,12
13803,10,12,14
13804,10,13,16
13805,10,5,1
13806,10,13,16
13807,10,11,18
13808,10,13,16
13809,10,18,0
13810,10,3,8
13811,10,8,10
13812,10,8,10
13813,10,8,10
13814,10,8,10
13815,10,0,12
13816,10,12,14
13817,10,15,11
13818,10,11,18
13819,10,3,8
13820,10,3,8
13821,10,15,11
13822,10,13,16
13823,10,15,11
13824,10,14,2
13825,10,14,2
13826,10,17,17
13827,10,14,2
13828,10,10,4
13829,10,14,2
13830,10,3,8
13831,10,1,5
13832,10,4,13
13833,10,4,13
13834,10,15,11
13835,10,15,11
13836,10,4,13
13837,10,11,18
13838,10,9,6
13839,10,8,10
13840,10,13,16
13841,10,0,12
13842,10,0,12
13843,10,9,6
13844,10,8,10
13845,10,12,14
13846,10,13,16
13847,10,4,13
13848,10,4,13
13849,10,0,12
13850,10,19,19
13851,10,8,10
13852,10,10,4
13853,10,19,19
13854,10,13,16
13855,10,0,12
13856,10,13,16
13857,10,19,19
13858,10,4,13
13859,10,19,19
13860,10,8,10
13861,10,15,11
13862,10,12,14
13863,10,19,19
13864,10,4,13
13865,10,15,11
13866,10,2,9
13867,10,3,8
13868,10,5,1
13869,10,15,11
13870,10,15,11
13871,10,15,11
13872,10,19,19
13873,10,15,11
13874,10,8,10
13875,10,8,10
13876,10,13,16
13877,10,13,16
13878,10,11,18
13879,10,16,7
13880,10,11,18
13881,10,11,18
13882,10,17,17
13883,10,11,18
13884,10,0,12
13885,10,0,12
13886,10,19,19
13887,10,13,16
13888,10,13,16
13889,10,13,16
13890,10,12,14
13891,10,1,5
13892,10,1,5
13893,10,4,13
13894,10,12,14
13895,10,0,12
13896,10,8,10
13897,10,4,13
13898,10,4,13
13899,10,4,13
13900,10,13,16
13901,10,4,13
13902,10,8,10
13903,10,8,10
13904,10,13,16
13905,10,12,14
13906,10,16,7
13907,10,0,12
13908,10,0,12
13909,10,18,0
13910,10,4,13
13911,10,2,9
13912,10,2,9
13913,10,18,0
13914,10,8,10
13915,10,4,13
13916,10,8,10
13917,10,14,2
13918,10,0,12
13919,10,19,19
13920,10,4,13
13921,10,3,8
13922,10,0,12
13923,10,12,14
13924,10,6,15
13925,10,6,15
13926,10,6,15
13927,10,18,0
13928,10,15,11
13929,10,14,2
13930,10,2,9
13931,10,7,3
13932,10,13,16
13933,10,0,12
13934,10,4,13
13935,10,12,14
13936,10,9,6
13937,10,2,9
13938,10,0,12
13939,10,15,11
13940,10,8,10
13941,10,15,11
13942,10,3,8
13943,10,3,8
13944,10,18,0
13945,10,12,14
13946,10,18,0
13947,10,18,0
13948,10,15,11
13949,10,4,13
13950,10,4,13
13951,10,15,11
13952,10,12,14
13953,10,8,10
13954,10,8,10
13955,10,1,5
13956,10,16,7
13957,10,16,7
13958,10,0,12
13959,10,16,7
13960,10,16,7
13961,10,16,7
13962,10,6,15
13963,10,9,6
13964,10,9,6
13965,10,12,14
13966,10,8,10
13967,10,19,19
13968,10,8,10
13969,10,8,10
13970,10,12,14
13971,10,19,19
13972,10,19,19
13973,10,19,19
13974,10,18,0
13975,10,1,5
13976,10,1,5
13977,10,19,19
13978,10,19,19
13979,10,11,18
13980,10,15,11
13981,10,11,18
13982,10,4,13
13983,10,10,4
13984,10,6,15
13985,10,4,13
13986,10,3,8
13987,10,0,12
13988,10,8,10
13989,10,18,0
13990,10,19,19
13991,10,15,11
13992,10,15,11
13993,10,0,12
13994,10,4,13
13995,10,13,16
13996,10,19,19
13997,10,13,16
13998,10,14,2
13999,10,8,10
14000,10,4,13
14001,10,4,13
14002,10,15,11
14003,10,4,13
14004,10,11,18
14005,10,0,12
14006,10,2,9
14007,10,19,19
14008,10,19,19
14009,10,0,12
14010,10,13,16
14011,10,0,12
14012,10,4,13
14013,10,4,13
14014,10,19,19
14015,10,6,15
14016,10,11,18
14017,10,11,18
14018,10,6,15
14019,10,13,16
14020,10,2,9
14021,10,19,19
14022,10,11,18
14023,10,19,19
14024,10,16,7
14025,10,0,12
14026,10,4,13
14027,10,8,10
14028,10,11,18
14029,10,15,11
14030,10,4,13
14031,10,13,16
14032,10,13,16
14033,10,8,10
14034,10,0,12
14035,10,8,10
14036,10,0,12
14037,10,13,16
14038,10,13,16
14039,10,0,12
14040,10,12,14
14041,10,4,13
14042,10,4,13
14043,10,0,12
14044,10,6,15
14045,10,19,19
14046,10,13,16
14047,10,13,16
14048,10,9,6
14049,10,15,11
14050,10,4,13
14051,10,10,4
14052,10,2,9
14053,10,1,5
14054,10,18,0
14055,10,19,19
14056,10,13,16
14057,10,4,13
14058,10,19,19
14059,10,2,9
14060,10,17,17
14061,10,17,17
14062,10,4,13
14063,10,12,14
14064,10,3,8
14065,10,17,17
14066,10,8,10
14067,10,11,18
14068,10,17,17
14069,10,3,8
14070,10,10,4
14071,10,12,14
14072,10,17,17
14073,10,11,18
14074,10,3,8
14075,10,17,17
14076,10,11,18
14077,10,11,18
14078,10,17,17
14079,10,11,18
14080,10,16,7
14081,10,11,18
14082,10,10,4
14083,10,10,4
14084,10,18,0
14085,10,11,18
14086,10,8,10
14087,10,14,2
14088,10,17,17
14089,10,10,4
14090,10,16,7
14091,10,17,17
14092,10,1,5
14093,10,4,13
14094,10,18,0
14095,10,17,17
14096,10,16,7
14097,10,17,17
14098,10,10,4
14099,10,17,17
14100,10,17,17
14101,10,5,1
14102,10,17,17
14103,10,11,18
14104,10,17,17
14105,10,5,1
14106,10,10,4
14107,10,16,7
14108,10,16,7
14109,10,1,5
14110,10,7,3
14111,10,16,7
14112,10,16,7
14113,10,3,8
14114,10,14,2
14115,10,17,17
14116,10,17,17
14117,10,16,7
14118,10,17,17
14119,10,19,19
14120,10,2,9
14121,10,3,8
14122,10,9,6
14123,10,14,2
14124,10,17,17
14125,10,11,18
14126,10,7,3
14127,10,18,0
14128,10,9,6
14129,10,10,4
14130,10,16,7
14131,10,16,7
14132,10,12,14
14133,10,17,17
14134,10,11,18
14135,10,10,4
14136,10,3,8
14137,10,17,17
14138,10,4,13
14139,10,14,2
14140,10,3,8
14141,10,10,4
14142,10,2,9
14143,10,16,7
14144,10,17,17
14145,10,17,17
14146,10,3,8
14147,10,8,10
14148,10,11,18
14149,10,16,7
14150,10,2,9
14151,10,16,7
14152,10,16,7
14153,10,14,2
14154,10,5,1
14155,10,16,7
14156,10,11,18
14157,10,16,7
14158,10,3,8
14159,10,14,2
14160,10,16,7
14161,10,16,7
14162,10,17,17
14163,10,3,8
14164,10,2,9
14165,10,2,9
14166,10,16,7
14167,10,14,2
14168,10,0,12
14169,10,1,5
14170,10,11,18
14171,10,11,18
14172,10,3,8
14173,10,3,8
14174,10,3,8
14175,10,4,13
14176,10,10,4
14177,10,3,8
14178,10,17,17
14179,10,2,9
14180,10,10,4
14181,10,16,7
14182,10,18,0
14183,10,16,7
14184,10,11,18
14185,10,3,8
14186,10,11,18
14187,10,5,1
14188,10,16,7
14189,10,12,14
14190,10,11,18
14191,10,16,7
14192,10,17,17
14193,10,9,6
14194,10,3,8
14195,10,3,8
14196,10,12,14
14197,10,14,2
14198,10,10,4
14199,10,16,7
14200,10,16,7
14201,10,16,7
14202,10,8,10
14203,10,17,17
14204,10,2,9
14205,10,10,4
14206,10,10,4
14207,10,16,7
14208,10,9,6
14209,10,16,7
14210,10,10,4
14211,10,16,7
14212,10,16,7
14213,10,11,18
14214,10,17,17
14215,10,17,17
14216,10,11,18
14217,10,4,13
14218,10,12,14
14219,10,3,8
14220,10,11,18
14221,10,5,1
14222,10,11,18
14223,10,3,8
14224,10,5,1
14225,10,5,1
14226,10,14,2
14227,10,9,6
14228,10,11,18
14229,10,11,18
14230,10,12,14
14231,10,16,7
14232,10,3,8
14233,10,11,18
14234,10,3,8
14235,10,10,4
14236,10,11,18
14237,10,16,7
14238,10,16,7
14239,10,10,4
14240,10,17,17
14241,10,11,18
14242,10,16,7
14243,10,16,7
14244,10,14,2
14245,10,11,18
14246,10,11,18
14247,10,14,2
14248,10,11,18
14249,10,5,1
14250,10,11,18
14251,10,11,18
14252,10,17,17
14253,10,11,18
14254,10,14,2
14255,10,18,0
14256,10,18,0
14257,10,17,17
14258,10,11,18
14259,10,11,18
14260,10,14,2
14261,10,14,2
14262,10,3,8
14263,10,16,7
14264,10,14,2
14265,10,16,7
14266,10,16,7
14267,10,11,18
14268,10,11,18
14269,10,3,8
14270,10,16,7
14271,10,14,2
14272,10,11,18
14273,10,9,6
14274,10,17,17
14275,10,11,18
14276,10,17,17
14277,10,17,17
14278,10,11,18
14279,10,16,7
14280,10,14,2
14281,10,3,8
14282,10,11,18
14283,10,11,18
14284,10,18,0
14285,10,11,18
14286,10,16,7
14287,10,17,17
14288,10,17,17
14289,10,9,6
14290,10,12,14
14291,10,4,13
14292,10,12,14
14293,10,2,9
14294,10,11,18
14295,10,3,8
14296,10,9,6
14297,10,16,7
14298,10,17,17
14299,10,5,1
14300,10,14,2
14301,10,10,4
14302,10,16,7
14303,10,17,17
14304,10,16,7
14305,10,14,2
14306,10,12,14
14307,10,2,9
14308,10,11,18
14309,10,16,7
14310,10,14,2
14311,10,3,8
14312,10,16,7
14313,10,18,0
14314,10,11,18
14315,10,16,7
14316,10,3,8
14317,10,11,18
14318,10,11,18
14319,10,8,10
14320,10,14,2
14321,10,17,17
14322,10,17,17
14323,10,11,18
14324,10,17,17
14325,10,16,7
14326,10,17,17
14327,10,14,2
14328,10,16,7
14329,10,12,14
14330,10,16,7
14331,10,10,4
14332,10,3,8
14333,10,16,7
14334,10,2,9
14335,10,14,2
14336,10,16,7
14337,10,11,18
14338,10,2,9
14339,10,9,6
14340,10,2,9
14341,10,16,7
14342,10,14,2
14343,10,11,18
14344,10,9,6
14345,10,10,4
14346,10,11,18
14347,10,11,18
14348,10,16,7
14349,10,9,6
14350,10,10,4
14351,10,1,5
14352,10,11,18
14353,10,0,12
14354,10,12,14
14355,10,11,18
14356,10,12,14
14357,10,11,18
14358,10,16,7
14359,10,17,17
14360,10,16,7
14361,10,5,1
14362,10,2,9
14363,10,11,18
14364,10,2,9
14365,10,17,17
14366,10,3,8
14367,10,1,5
14368,10,9,6
14369,10,14,2
14370,10,16,7
14371,10,16,7
14372,10,16,7
14373,10,17,17
14374,10,10,4
14375,10,17,17
14376,10,17,17
14377,10,14,2
14378,10,18,0
14379,10,11,18
14380,10,16,7
14381,10,16,7
14382,10,16,7
14383,10,5,1
14384,10,5,1
14385,10,16,7
14386,10,16,7
14387,10,12,14
14388,10,16,7
14389,10,11,18
14390,10,16,7
14391,10,16,7
14392,10,11,18
14393,10,14,2
14394,10,10,4
14395,10,14,2
14396,10,11,18
14397,10,17,17
14398,10,16,7
14399,10,2,9
14400,10,11,18
14401,10,5,1
14402,10,11,18
14403,10,11,18
14404,10,5,1
14405,10,16,7
14406,10,17,17
14407,10,14,2
14408,10,11,18
14409,10,14,2
14410,10,1,5
14411,10,16,7
14412,10,17,17
14413,10,17,17
14414,10,11,18
14415,10,16,7
14416,10,11,18
14417,10,12,14
14418,10,5,1
14419,10,3,8
14420,10,3,8
14421,10,14,2
14422,10,16,7
14423,10,3,8
14424,10,11,18
14425,10,5,1
14426,10,14,2
14427,10,11,18
14428,10,11,18
14429,10,3,8
14430,10,11,18
14431,10,2,9
14432,10,9,6
14433,10,14,2
14434,10,9,6
14435,10,14,2
14436,10,11,18
14437,10,18,0
14438,10,3,8
14439,10,11,18
14440,10,11,18
14441,10,16,7
14442,10,14,2
14443,10,5,1
14444,10,4,13
14445,10,16,7
14446,10,10,4
14447,10,17,17
14448,10,17,17
14449,10,16,7
14450,10,16,7
14451,10,11,18
14452,10,16,7
14453,10,3,8
14454,10,3,8
14455,10,3,8
14456,10,17,17
14457,10,10,4
14458,10,9,6
14459,10,7,3
14460,10,16,7
14461,10,11,18
14462,10,2,9
14463,10,10,4
14464,10,14,2
14465,10,11,18
14466,10,16,7
14467,10,14,2
14468,10,18,0
14469,10,17,17
14470,10,17,17
14471,10,3,8
14472,10,17,17
14473,10,11,18
14474,10,9,6
14475,10,17,17
14476,10,18,0
14477,10,16,7
14478,10,11,18
14479,10,11,18
14480,10,10,4
14481,10,11,18
14482,10,11,18
14483,10,17,17
14484,10,11,18
14485,10,11,18
14486,10,11,18
14487,10,10,4
14488,10,10,4
14489,10,14,2
14490,10,3,8
14491,10,12,14
14492,10,3,8
14493,10,16,7
14494,10,14,2
14495,10,10,4
14496,10,16,7
14497,10,17,17
14498,10,17,17
14499,10,9,6
14500,10,11,18
14501,10,10,4
14502,10,12,14
14503,10,16,7
14504,10,10,4
14505,10,14,2
14506,10,16,7
14507,10,17,17
14508,10,16,7
14509,10,17,17
14510,10,11,18
14511,10,3,8
14512,10,10,4
14513,10,16,7
14514,10,3,8
14515,10,16,7
14516,10,1,5
14517,10,11,18
14518,10,11,18
14519,10,17,17
14520,10,2,9
14521,10,2,9
14522,10,11,18
14523,10,11,18
14524,10,14,2
14525,10,18,0
14526,10,14,2
14527,10,17,17
14528,10,17,17
14529,10,3,8
14530,10,11,18
14531,10,9,6
14532,10,3,8
14533,10,16,7
14534,10,5,1
14535,10,3,8
14536,10,10,4
14537,10,9,6
14538,10,17,17
14539,10,16,7
14540,10,3,8
14541,10,17,17
14542,10,17,17
14543,10,17,17
14544,10,14,2
14545,10,10,4
14546,10,11,18
14547,10,2,9
14548,10,2,9
14549,10,18,0
14550,10,17,17
14551,10,11,18
14552,10,10,4
14553,10,3,8
14554,10,4,13
14555,10,11,18
14556,10,16,7
14557,10,16,7
14558,10,11,18
14559,10,12,14
14560,10,17,17
14561,10,11,18
14562,10,14,2
14563,10,14,2
14564,10,17,17
14565,10,11,18
14566,10,16,7
14567,10,13,16
14568,10,17,17
14569,10,12,14
14570,10,17,17
14571,10,11,18
14572,10,10,4
14573,10,10,4
14574,10,14,2
14575,10,11,18
14576,10,9,6
14577,10,10,4
14578,10,8,10
14579,10,2,9
14580,10,17,17
14581,10,19,19
14582,10,17,17
14583,10,14,2
14584,10,3,8
14585,10,17,17
14586,10,11,18
14587,10,9,6
14588,10,11,18
14589,10,3,8
14590,10,2,9
14591,10,11,18
14592,10,11,18
14593,10,17,17
14594,10,17,17
14595,10,11,18
14596,10,17,17
14597,10,5,1
14598,10,14,2
14599,10,5,1
14600,10,17,17
14601,10,16,7
14602,10,16,7
14603,10,17,17
14604,10,7,3
14605,10,5,1
14606,10,3,8
14607,10,3,8
14608,10,5,1
14609,10,14,2
14610,10,11,18
14611,10,3,8
14612,10,11,18
14613,10,8,10
14614,10,16,7
14615,10,8,10
14616,10,16,7
14617,10,14,2
14618,10,14,2
14619,10,17,17
14620,10,11,18
14621,10,3,8
14622,10,11,18
14623,10,10,4
14624,10,16,7
14625,10,10,4
14626,10,11,18
14627,10,11,18
14628,10,5,1
14629,10,12,14
14630,10,11,18
14631,10,5,1
14632,10,12,14
14633,10,2,9
14634,10,17,17
14635,10,3,8
14636,10,4,13
14637,10,17,17
14638,10,3,8
14639,10,3,8
14640,10,11,18
14641,10,17,17
14642,10,4,13
14643,10,3,8
14644,10,11,18
14645,10,11,18
14646,10,11,18
14647,10,17,17
14648,10,8,10
14649,10,16,7
14650,10,16,7
14651,10,4,13
14652,10,13,16
14653,10,8,10
14654,10,14,2
14655,10,14,2
14656,10,11,18
14657,10,14,2
14658,10,11,18
14659,10,1,5
14660,10,16,7
14661,10,12,14
14662,10,19,19
14663,10,17,17
14664,10,17,17
14665,10,9,6
14666,10,16,7
14667,10,14,2
14668,10,16,7
14669,10,4,13
14670,10,16,7
14671,10,14,2
14672,10,17,17
14673,10,3,8
14674,10,3,8
14675,10,16,7
14676,10,19,19
14677,10,14,2
14678,10,4,13
14679,10,10,4
14680,10,16,7
14681,10,11,18
14682,10,17,17
14683,10,11,18
14684,10,17,17
14685,10,18,0
14686,10,17,17
14687,10,4,13
14688,10,17,17
14689,10,11,18
14690,10,16,7
14691,10,11,18
14692,10,16,7
14693,10,14,2
14694,10,14,2
14695,10,3,8
14696,10,17,17
14697,10,16,7
14698,10,11,18
14699,10,10,4
14700,10,16,7
14701,10,2,9
14702,10,11,18
14703,10,11,18
14704,10,3,8
14705,10,16,7
14706,10,2,9
14707,10,11,18
14708,10,16,7
14709,10,17,17
14710,10,17,17
14711,10,4,13
14712,10,11,18
14713,10,17,17
14714,10,11,18
14715,10,11,18
14716,10,11,18
14717,10,10,4
14718,10,2,9
14719,10,17,17
14720,10,16,7
14721,10,3,8
14722,10,11,18
14723,10,17,17
14724,10,11,18
14725,10,16,7
14726,10,3,8
14727,10,9,6
14728,10,11,18
14729,10,10,4
14730,10,17,17
14731,10,17,17
14732,10,2,9
14733,10,14,2
14734,10,11,18
14735,10,11,18
14736,10,16,7
14737,10,14,2
14738,10,2,9
14739,10,12,14
14740,10,17,17
14741,10,2,9
14742,10,2,9
14743,10,9,6
14744,10,11,18
14745,10,14,2
14746,10,11,18
14747,10,11,18
14748,10,19,19
14749,10,9,6
14750,10,1,5
14751,10,16,7
14752,10,10,4
14753,10,11,18
14754,10,17,17
14755,10,12,14
14756,10,9,6
14757,10,9,6
14758,10,7,3
14759,10,16,7
14760,10,14,2
14761,10,16,7
14762,10,3,8
14763,10,9,6
14764,10,16,7
14765,10,14,2
14766,10,11,18
14767,10,5,1
14768,10,5,1
14769,10,16,7
14770,10,16,7
14771,10,11,18
14772,10,11,18
14773,10,11,18
14774,10,11,18
14775,10,12,14
14776,10,12,14
14777,10,11,18
14778,10,10,4
14779,10,11,18
14780,10,14,2
14781,10,16,7
14782,10,9,6
14783,10,9,6
14784,10,17,17
14785,10,14,2
14786,10,5,1
14787,10,5,1
14788,10,14,2
14789,10,8,10
14790,10,16,7
14791,10,9,6
14792,10,17,17
14793,10,3,8
14794,10,17,17
14795,10,17,17
14796,10,18,0
14797,10,2,9
14798,10,17,17
14799,10,3,8
14800,10,11,18
14801,10,16,7
14802,10,12,14
14803,10,10,4
14804,10,16,7
14805,10,2,9
14806,10,11,18
14807,10,10,4
14808,10,14,2
14809,10,17,17
14810,10,14,2
14811,10,14,2
14812,10,17,17
14813,10,16,7
14814,10,11,18
14815,10,9,6
14816,10,10,4
14817,10,14,2
14818,10,3,8
14819,10,9,6
14820,10,9,6
14821,10,12,14
14822,10,16,7
14823,10,1,5
14824,10,12,14
14825,10,9,6
14826,10,9,6
14827,10,17,17
14828,10,3,8
14829,10,16,7
14830,10,17,17
14831,10,17,17
14832,10,11,18
14833,10,5,1
14834,10,17,17
14835,10,2,9
14836,10,17,17
14837,10,14,2
14838,10,12,14
14839,10,14,2
14840,10,8,10
14841,10,18,0
14842,10,16,7
14843,10,11,18
14844,10,11,18
14845,10,17,17
14846,10,11,18
14847,10,17,17
14848,10,17,17
14849,10,11,18
14850,10,2,9
14851,10,12,14
14852,10,2,9
14853,10,11,18
14854,10,11,18
14855,10,9,6
14856,10,3,8
14857,10,11,18
14858,10,16,7
14859,10,2,9
14860,10,11,18
14861,10,11,18
14862,10,11,18
14863,10,4,13
14864,10,16,7
14865,10,11,18
14866,10,17,17
14867,10,7,3
14868,10,3,8
14869,10,10,4
14870,10,17,17
14871,10,16,7
14872,10,10,4
14873,10,11,18
14874,10,11,18
14875,10,11,18
14876,10,11,18
14877,10,12,14
14878,10,14,2
14879,10,2,9
14880,10,11,18
14881,10,17,17
14882,10,3,8
14883,10,4,13
14884,10,16,7
14885,10,2,9
14886,10,17,17
14887,10,17,17
14888,10,16,7
14889,10,3,8
14890,10,4,13
14891,10,11,18
14892,10,3,8
14893,10,17,17
14894,10,11,18
14895,10,17,17
14896,10,14,2
14897,10,2,9
14898,10,17,17
14899,10,17,17
14900,10,17,17
14901,10,5,1
14902,10,8,10
14903,10,3,8
14904,10,16,7
14905,10,17,17
14906,10,4,13
14907,10,12,14
14908,10,11,18
14909,10,17,17
14910,10,16,7
14911,10,16,7
14912,10,17,17
14913,10,10,4
14914,10,3,8
14915,10,12,14
14916,10,11,18
14917,10,16,7
14918,10,11,18
14919,10,11,18
14920,10,17,17
14921,10,11,18
14922,10,11,18
14923,10,11,18
14924,10,10,4
14925,10,9,6
14926,10,2,9
14927,10,17,17
14928,10,16,7
14929,10,11,18
14930,10,17,17
14931,10,16,7
14932,10,16,7
14933,10,10,4
14934,10,3,8
14935,10,2,9
14936,10,2,9
14937,10,14,2
14938,10,9,6
14939,10,9,6
14940,10,1,5
14941,10,11,18
14942,10,16,7
14943,10,2,9
14944,10,17,17
14945,10,11,18
14946,10,11,18
14947,10,17,17
14948,10,17,17
14949,10,5,1
14950,10,16,7
14951,10,17,17
14952,10,11,18
14953,10,17,17
14954,10,18,0
14955,10,11,18
14956,10,2,9
14957,10,11,18
14958,10,3,8
14959,10,17,17
14960,10,3,8
14961,10,17,17
14962,10,5,1
14963,10,17,17
14964,10,4,13
14965,10,14,2
14966,10,17,17
14967,10,10,4
14968,10,18,0
14969,10,16,7
14970,10,17,17
14971,10,9,6
14972,10,11,18
14973,10,11,18
14974,10,16,7
14975,10,16,7
14976,10,16,7
14977,10,5,1
14978,10,3,8
14979,10,17,17
14980,10,14,2
14981,10,17,17
14982,10,2,9
14983,10,9,6
14984,10,14,2
14985,10,12,14
14986,10,3,8
14987,10,16,7
14988,10,5,1
14989,10,17,17
14990,10,11,18
14991,10,11,18
14992,10,11,18
14993,10,10,4
14994,10,17,17
14995,10,4,13
14996,10,17,17
14997,10,10,4
14998,10,14,2
14999,10,11,18
15000,10,17,17
15001,10,16,7
15002,10,16,7
15003,10,12,14
15004,10,16,7
15005,10,14,2
15006,10,12,14
15007,10,17,17
15008,10,17,17
15009,10,9,6
15010,10,17,17
15011,10,14,2
15012,10,14,2
15013,10,14,2
15014,10,11,18
15015,10,14,2
15016,10,4,13
15017,10,16,7
15018,10,16,7
15019,10,10,4
15020,10,19,19
15021,10,3,8
15022,10,5,1
15023,10,3,8
15024,10,3,8
15025,10,3,8
15026,10,11,18
15027,10,9,6
15028,10,9,6
15029,10,17,17
15030,10,4,13
15031,10,9,6
15032,10,16,7
15033,10,9,6
15034,10,2,9
15035,10,10,4
15036,10,17,17
15037,10,4,13
15038,10,8,10
15039,10,17,17
15040,10,11,18
15041,10,16,7
15042,10,17,17
15043,10,16,7
15044,10,17,17
15045,10,8,10
15046,10,14,2
15047,10,11,18
15048,10,4,13
15049,10,2,9
15050,10,17,17
15051,10,16,7
15052,10,11,18
15053,10,11,18
15054,10,17,17
15055,10,14,2
15056,10,11,18
15057,10,5,1
15058,10,11,18
15059,10,11,18
15060,10,11,18
15061,10,17,17
15062,10,11,18
15063,10,3,8
15064,10,17,17
15065,10,10,4
15066,10,17,17
15067,10,3,8
15068,10,5,1
15069,10,17,17
15070,10,16,7
15071,10,5,1
15072,10,14,2
15073,10,4,13
15074,10,14,2
15075,10,16,7
15076,10,16,7
15077,10,16,7
15078,10,11,18
15079,10,16,7
15080,10,18,0
15081,10,10,4
15082,10,11,18
15083,10,11,18
15084,10,11,18
15085,10,5,1
15086,10,9,6
15087,10,10,4
15088,10,16,7
15089,10,18,0
15090,10,10,4
15091,10,14,2
15092,10,10,4
15093,10,16,7
15094,10,5,1
15095,10,8,10
15096,10,17,17
15097,10,11,18
15098,10,18,0
15099,10,16,7
15100,10,18,0
15101,10,17,17
15102,10,9,6
15103,10,12,14
15104,10,10,4
15105,10,17,17
15106,10,11,18
15107,10,10,4
15108,10,3,8
15109,10,17,17
15110,10,16,7
15111,10,10,4
15112,10,11,18
15113,10,10,4
15114,10,16,7
15115,10,17,17
15116,10,5,1
15117,10,19,19
15118,10,14,2
15119,10,11,18
15120,10,11,18
15121,10,14,2
15122,10,16,7
15123,10,7,3
15124,10,17,17
15125,10,16,7
15126,10,11,18
15127,10,3,8
15128,10,14,2
15129,10,8,10
15130,10,2,9
15131,10,14,2
15132,10,18,0
15133,10,2,9
15134,10,5,1
15135,10,10,4
15136,10,16,7
15137,10,16,7
15138,10,16,7
15139,10,14,2
15140,10,6,15
15141,10,16,7
15142,10,3,8
15143,10,14,2
15144,10,16,7
15145,10,17,17
15146,10,11,18
15147,10,11,18
15148,10,14,2
15149,10,14,2
15150,10,3,8
15151,10,16,7
15152,10,16,7
15153,10,17,17
15154,10,16,7
15155,10,17,17
15156,10,12,14
15157,10,14,2
15158,10,18,0
15159,10,17,17
15160,10,16,7
15161,10,3,8
15162,10,16,7
15163,10,17,17
15164,10,11,18
15165,10,17,17
15166,10,9,6
15167,10,11,18
15168,10,11,18
15169,10,11,18
15170,10,16,7
15171,10,9,6
15172,10,16,7
15173,10,3,8
15174,10,10,4
15175,10,3,8
15176,10,16,7
15177,10,17,17
15178,10,14,2
15179,10,11,18
15180,10,17,17
15181,10,5,1
15182,10,16,7
15183,10,11,18
15184,10,17,17
15185,10,9,6
15186,10,10,4
15187,10,16,7
15188,10,3,8
15189,10,17,17
15190,10,3,8
15191,10,9,6
15192,10,11,18
15193,10,1,5
15194,10,14,2
15195,10,1,5
15196,10,17,17
15197,10,14,2
15198,10,16,7
15199,10,2,9
15200,10,2,9
15201,10,11,18
15202,10,14,2
15203,10,16,7
15204,10,17,17
15205,10,14,2
15206,10,10,4
15207,10,7,3
15208,10,10,4
15209,10,11,18
15210,10,11,18
15211,10,3,8
15212,10,3,8
15213,10,11,18
15214,10,2,9
15215,10,16,7
15216,10,11,18
15217,10,11,18
15218,10,11,18
15219,10,17,17
15220,10,3,8
15221,10,11,18
15222,10,5,1
15223,10,16,7
15224,10,10,4
15225,10,11,18
15226,10,11,18
15227,10,10,4
15228,10,9,6
15229,10,11,18
15230,10,11,18
15231,10,11,18
15232,10,16,7
15233,10,17,17
15234,10,17,17
15235,10,3,8
15236,10,17,17
15237,10,2,9
15238,10,16,7
15239,10,3,8
15240,10,4,13
15241,10,11,18
15242,10,5,1
15243,10,16,7
15244,10,5,1
15245,10,16,7
15246,10,10,4
15247,10,14,2
15248,10,11,18
15249,10,9,6
15250,10,3,8
15251,10,10,4
15252,10,3,8
15253,10,3,8
15254,10,11,18
15255,10,17,17
15256,10,11,18
15257,10,14,2
15258,10,10,4
15259,10,10,4
15260,10,11,18
15261,10,3,8
15262,10,3,8
15263,10,10,4
15264,10,11,18
15265,10,11,18
15266,10,16,7
15267,10,11,18
15268,10,9,6
15269,10,18,0
15270,10,10,4
15271,10,16,7
15272,10,10,4
15273,10,3,8
15274,10,11,18
15275,10,18,0
15276,10,16,7
15277,10,3,8
15278,10,5,1
15279,10,11,18
15280,10,2,9
15281,10,11,18
15282,10,17,17
15283,10,9,6
15284,10,17,17
15285,10,3,8
15286,10,1,5
15287,10,2,9
15288,10,11,18
15289,10,17,17
15290,10,3,8
15291,10,9,6
15292,10,9,6
15293,10,11,18
15294,10,2,9
15295,10,17,17
15296,10,19,19
15297,10,19,19
15298,10,18,0
15299,10,11,18
15300,10,17,17
15301,10,18,0
15302,10,10,4
15303,10,9,6
15304,10,10,4
15305,10,4,13
15306,10,5,1
15307,10,17,17
15308,10,16,7
15309,10,14,2
15310,10,14,2
15311,10,10,4
15312,10,4,13
15313,10,17,17
15314,10,11,18
15315,10,11,18
15316,10,17,17
15317,10,16,7
15318,10,14,2
15319,10,12,14
15320,10,11,18
15321,10,16,7
15322,10,17,17
15323,10,12,14
15324,10,16,7
15325,10,9,6
15326,10,16,7
15327,10,11,18
15328,10,16,7
15329,10,11,18
15330,10,16,7
15331,10,16,7
15332,10,18,0
15333,10,2,9
15334,10,16,7
15335,10,16,7
15336,10,3,8
15337,10,11,18
15338,10,2,9
15339,10,11,18
15340,10,11,18
15341,10,3,8
15342,10,16,7
15343,10,11,18
15344,10,4,13
15345,10,2,9
15346,10,5,1
15347,10,11,18
15348,10,16,7
15349,10,11,18
15350,10,16,7
15351,10,3,8
15352,10,9,6
15353,10,11,18
15354,10,1,5
15355,10,16,7
15356,10,11,18
15357,10,11,18
15358,10,9,6
15359,10,3,8
15360,10,3,8
15361,10,11,18
15362,10,11,18
15363,10,9,6
15364,10,14,2
15365,10,17,17
15366,10,9,6
15367,10,12,14
15368,10,14,2
15369,10,12,14
15370,10,9,6
15371,10,17,17
15372,10,11,18
15373,10,14,2
15374,10,18,0
15375,10,9,6
15376,10,11,18
15377,10,3,8
15378,10,17,17
15379,10,3,8
15380,10,10,4
15381,10,16,7
15382,10,3,8
15383,10,3,8
15384,10,16,7
15385,10,16,7
15386,10,14,2
15387,10,14,2
15388,10,0,12
15389,10,17,17
15390,10,16,7
15391,10,11,18
15392,10,11,18
15393,10,12,14
15394,10,3,8
15395,10,14,2
15396,10,11,18
15397,10,16,7
15398,10,11,18
15399,10,9,6
15400,10,17,17
15401,10,17,17
15402,10,16,7
15403,10,16,7
15404,10,10,4
15405,10,12,14
15406,10,11,18
15407,10,14,2
15408,10,9,6
15409,10,11,18
15410,10,10,4
15411,10,10,4
15412,10,5,1
15413,10,5,1
15414,10,11,18
15415,10,16,7
15416,10,11,18
15417,10,17,17
15418,10,3,8
15419,10,7,3
15420,10,17,17
15421,10,9,6
15422,10,8,10
15423,10,18,0
15424,10,11,18
15425,10,11,18
15426,10,16,7
15427,10,16,7
15428,10,16,7
15429,10,14,2
15430,10,11,18
15431,10,11,18
15432,10,16,7
15433,10,2,9
15434,10,11,18
15435,10,19,19
15436,10,10,4
15437,10,11,18
15438,10,17,17
15439,10,14,2
15440,10,16,7
15441,10,4,13
15442,10,16,7
15443,10,10,4
15444,10,16,7
15445,10,11,18
15446,10,19,19
15447,10,5,1
15448,10,17,17
15449,10,0,12
15450,10,11,18
15451,10,12,14
15452,10,4,13
15453,10,11,18
15454,10,5,1
15455,10,10,4
15456,10,4,13
15457,10,12,14
15458,10,9,6
15459,10,5,1
15460,10,19,19
15461,10,10,4
15462,10,9,6
15463,10,16,7
15464,10,11,18
15465,10,3,8
15466,10,1,5
15467,10,17,17
15468,10,17,17
15469,10,11,18
15470,10,11,18
15471,10,14,2
15472,10,16,7
15473,10,3,8
15474,10,2,9
15475,10,3,8
15476,10,4,13
15477,10,12,14
15478,10,3,8
15479,10,8,10
15480,10,11,18
15481,10,11,18
15482,10,10,4
15483,10,11,18
15484,10,17,17
15485,10,8,10
15486,10,14,2
15487,10,16,7
15488,10,16,7
15489,10,14,2
15490,10,16,7
15491,10,8,10
15492,10,14,2
15493,10,4,13
15494,10,11,18
15495,10,16,7
15496,10,17,17
15497,10,3,8
15498,10,5,1
15499,10,14,2
15500,10,16,7
15501,10,18,0
15502,10,17,17
15503,10,3,8
15504,10,14,2
15505,10,3,8
15506,10,16,7
15507,10,3,8
15508,10,14,2
15509,10,11,18
15510,10,11,18
15511,10,17,17
15512,10,3,8
15513,10,16,7
15514,10,11,18
15515,10,11,18
15516,10,16,7
15517,10,3,8
15518,10,3,8
15519,10,17,17
15520,10,9,6
15521,10,16,7
15522,10,14,2
15523,10,10,4
15524,10,3,8
15525,10,17,17
15526,10,2,9
15527,10,4,13
15528,10,3,8
15529,10,5,1
15530,10,11,18
15531,10,16,7
15532,10,3,8
15533,10,4,13
15534,10,19,19
15535,10,17,17
15536,10,11,18
15537,10,11,18
15538,10,11,18
15539,10,16,7
15540,10,5,1
15541,10,9,6
15542,10,11,18
15543,10,9,6
15544,10,19,19
15545,10,5,1
15546,10,11,18
15547,10,17,17
15548,10,14,2
15549,10,18,0
15550,10,3,8
15551,10,14,2
15552,10,18,0
15553,10,7,3
15554,10,11,18
15555,10,16,7
15556,10,18,0
15557,10,14,2
15558,10,5,1
15559,10,12,14
15560,10,17,17
15561,10,3,8
15562,10,16,7
15563,10,14,2
15564,10,11,18
15565,10,3,8
15566,10,14,2
15567,10,16,7
15568,10,17,17
15569,10,11,18
15570,10,17,17
15571,10,18,0
15572,10,4,13
15573,10,16,7
15574,10,11,18
15575,10,19,19
15576,10,17,17
15577,10,2,9
15578,10,2,9
15579,10,17,17
15580,10,16,7
15581,10,10,4
15582,10,16,7
15583,10,2,9
15584,10,16,7
15585,10,8,10
15586,10,9,6
15587,10,9,6
15588,10,14,2
15589,10,9,6
15590,10,17,17
15591,10,17,17
15592,10,11,18
15593,10,11,18
15594,10,14,2
15595,10,16,7
15596,10,11,18
15597,10,16,7
15598,10,5,1
15599,10,16,7
15600,10,14,2
15601,10,11,18
15602,10,19,19
15603,10,17,17
15604,10,11,18
15605,10,17,17
15606,10,17,17
15607,10,11,18
15608,10,3,8
15609,10,17,17
15610,10,16,7
15611,10,17,17
15612,10,7,3
15613,10,14,2
15614,10,17,17
15615,10,17,17
15616,10,11,18
15617,10,17,17
15618,10,17,17
15619,10,14,2
15620,10,12,14
15621,10,16,7
15622,10,11,18
15623,10,9,6
15624,10,2,9
15625,10,17,17
15626,10,17,17
15627,10,5,1
15628,10,3,8
15629,10,17,17
15630,10,17,17
15631,10,2,9
15632,10,11,18
15633,10,10,4
15634,10,10,4
15635,10,11,18
15636,10,18,0
15637,10,16,7
15638,10,11,18
15639,10,10,4
15640,10,10,4
15641,10,16,7
15642,10,11,18
15643,10,14,2
15644,10,11,18
15645,10,16,7
15646,10,16,7
15647,10,3,8
15648,10,16,7
15649,10,16,7
15650,10,5,1
15651,10,3,8
15652,10,16,7
15653,10,14,2
15654,10,11,18
15655,10,14,2
15656,10,17,17
15657,10,17,17
15658,10,17,17
15659,10,16,7
15660,10,17,17
15661,10,9,6
15662,10,11,18
15663,10,16,7
15664,10,17,17
15665,10,2,9
15666,10,3,8
15667,10,10,4
15668,10,17,17
15669,10,9,6
15670,10,17,17
15671,10,16,7
15672,10,11,18
15673,10,16,7
15674,10,10,4
15675,10,11,18
15676,10,4,13
15677,10,11,18
15678,10,10,4
15679,10,11,18
15680,10,11,18
15681,10,16,7
15682,10,14,2
15683,10,5,1
15684,10,3,8
15685,10,18,0
15686,10,16,7
15687,10,14,2
15688,10,11,18
15689,10,11,18
15690,10,10,4
15691,10,2,9
15692,10,17,17
15693,10,8,10
15694,10,10,4
15695,10,5,1
15696,10,11,18
15697,10,12,14
15698,10,18,0
15699,10,14,2
15700,10,16,7
15701,10,17,17
15702,10,14,2
15703,10,3,8
15704,10,16,7
15705,10,16,7
15706,10,17,17
15707,10,16,7
15708,10,17,17
15709,10,11,18
15710,10,3,8
15711,10,10,4
15712,10,17,17
15713,10,14,2
15714,10,16,7
15715,10,9,6
15716,10,2,9
15717,10,3,8
15718,10,19,19
15719,10,11,18
15720,10,14,2
15721,10,10,4
15722,10,2,9
15723,10,16,7
15724,10,1,5
15725,10,17,17
15726,10,9,6
15727,10,17,17
15728,10,11,18
15729,10,16,7
15730,10,16,7
15731,10,11,18
15732,10,2,9
15733,10,3,8
15734,10,10,4
15735,10,11,18
15736,10,16,7
15737,10,8,10
15738,10,11,18
15739,10,11,18
15740,10,10,4
15741,10,16,7
15742,10,16,7
15743,10,17,17
15744,10,17,17
15745,10,9,6
15746,10,11,18
15747,10,11,18
15748,10,16,7
15749,10,12,14
15750,10,11,18
15751,10,5,1
15752,10,17,17
15753,10,11,18
15754,10,2,9
15755,10,10,4
15756,10,9,6
15757,10,14,2
15758,10,3,8
15759,10,8,10
15760,10,11,18
15761,10,16,7
15762,10,16,7
15763,10,17,17
15764,10,17,17
15765,10,12,14
15766,10,16,7
15767,10,17,17
15768,10,11,18
15769,10,16,7
15770,10,18,0
15771,10,10,4
15772,10,5,1
15773,10,11,18
15774,10,16,7
15775,10,14,2
15776,10,11,18
15777,10,11,18
15778,10,4,13
15779,10,18,0
15780,10,17,17
15781,10,9,6
15782,10,14,2
15783,10,4,13
15784,10,17,17
15785,10,16,7
15786,10,16,7
15787,10,3,8
15788,10,4,13
15789,10,3,8
15790,10,4,13
15791,10,8,10
15792,10,11,18
15793,10,17,17
15794,10,11,18
15795,10,5,1
15796,10,3,8
15797,10,4,13
15798,10,16,7
15799,10,17,17
15800,10,16,7
15801,10,17,17
15802,10,11,18
15803,10,10,4
15804,10,9,6
15805,10,8,10
15806,10,17,17
15807,10,16,7
15808,10,16,7
15809,10,16,7
15810,10,14,2
15811,10,9,6
15812,10,16,7
15813,10,16,7
15814,10,11,18
15815,10,11,18
15816,10,17,17
15817,10,17,17
15818,10,12,14
15819,10,17,17
15820,10,10,4
15821,10,3,8
15822,10,12,14
15823,10,11,18
15824,10,2,9
15825,10,10,4
15826,10,10,4
15827,10,14,2
15828,10,17,17
15829,10,3,8
15830,10,16,7
15831,10,9,6
15832,10,4,13
15833,10,14,2
15834,10,2,9
15835,10,11,18
15836,10,11,18
15837,10,11,18
15838,10,17,17
15839,10,16,7
15840,10,16,7
15841,10,17,17
15842,10,16,7
15843,10,11,18
15844,10,14,2
15845,10,3,8
15846,10,16,7
15847,10,11,18
15848,10,16,7
15849,10,16,7
15850,10,11,18
15851,10,16,7
15852,10,12,14
15853,10,17,17
15854,10,17,17
15855,10,10,4
15856,10,10,4
15857,10,11,18
15858,10,2,9
15859,10,14,2
15860,10,8,10
15861,10,17,17
15862,10,16,7
15863,10,16,7
15864,10,10,4
15865,10,18,0
15866,10,17,17
15867,10,3,8
15868,10,19,19
15869,10,16,7
15870,10,14,2
15871,10,11,18
15872,10,16,7
15873,10,17,17
15874,10,3,8
15875,10,17,17
15876,10,17,17
15877,10,16,7
15878,10,3,8
15879,10,18,0
15880,10,11,18
15881,10,17,17
15882,10,5,1
15883,10,16,7
15884,10,3,8
15885,10,4,13
15886,10,5,1
15887,10,16,7
15888,10,17,17
15889,10,16,7
15890,10,11,18
15891,10,16,7
15892,10,16,7
15893,10,5,1
15894,10,3,8
15895,10,2,9
15896,10,17,17
15897,10,12,14
15898,10,14,2
15899,10,18,0
15900,10,11,18
15901,10,11,18
15902,10,17,17
15903,10,7,3
15904,10,10,4
15905,10,10,4
15906,10,16,7
15907,10,10,4
15908,10,11,18
15909,10,2,9
15910,10,4,13
15911,10,9,6
15912,10,11,18
15913,10,14,2
15914,10,9,6
15915,10,17,17
15916,10,2,9
15917,10,17,17
15918,10,17,17
15919,10,17,17
15920,10,17,17
15921,10,11,18
15922,10,17,17
15923,10,16,7
15924,10,3,8
15925,10,3,8
15926,10,10,4
15927,10,17,17
15928,10,17,17
15929,10,9,6
15930,10,17,17
15931,10,17,17
15932,10,5,1
15933,10,8,10
15934,10,9,6
15935,10,9,6
15936,10,10,4
15937,10,11,18
15938,10,17,17
15939,10,9,6
15940,10,14,2
15941,10,17,17
15942,10,16,7
15943,10,12,14
15944,10,16,7
15945,10,2,9
15946,10,2,9
15947,10,17,17
15948,10,1,5
15949,10,11,18
15950,10,9,6
15951,10,17,17
15952,10,2,9
15953,10,11,18
15954,10,3,8
15955,10,3,8
15956,10,11,18
15957,10,3,8
15958,10,16,7
15959,10,2,9
15960,10,17,17
15961,10,3,8
15962,10,16,7
15963,10,11,18
15964,10,16,7
15965,10,3,8
15966,10,17,17
15967,10,11,18
15968,10,16,7
15969,10,16,7
15970,10,7,3
15971,10,11,18
15972,10,4,13
15973,10,16,7
15974,10,5,1
15975,10,11,18
15976,10,3,8
15977,10,2,9
15978,10,11,18
15979,10,11,18
15980,10,16,7
15981,10,3,8
15982,10,16,7
15983,10,5,1
15984,10,17,17
15985,10,16,7
15986,10,17,17
15987,10,9,6
15988,10,8,10
15989,10,11,18
15990,10,18,0
15991,10,17,17
15992,10,11,18
15993,10,3,8
15994,10,16,7
15995,10,10,4
15996,10,3,8
15997,10,16,7
15998,10,16,7
15999,10,10,4
16000,10,9,6
16001,10,17,17
16002,10,11,18
16003,10,17,17
16004,10,16,7
16005,10,5,1
16006,10,3,8
16007,10,14,2
16008,10,17,17
16009,10,11,18
16010,10,11,18
16011,10,12,14
16012,10,2,9
16013,10,11,18
16014,10,14,2
16015,10,9,6
16016,10,11,18
16017,10,16,7
16018,10,17,17
16019,10,10,4
16020,10,2,9
16021,10,4,13
16022,10,10,4
16023,10,11,18
16024,10,12,14
16025,10,2,9
16026,10,8,10
16027,10,9,6
16028,10,4,13
16029,10,17,17
16030,10,14,2
16031,10,16,7
16032,10,16,7
16033,10,17,17
16034,10,3,8
16035,10,14,2
16036,10,1,5
16037,10,4,13
16038,10,11,18
16039,10,16,7
16040,10,11,18
16041,10,16,7
16042,10,10,4
16043,10,11,18
16044,10,16,7
16045,10,16,7
16046,10,14,2
16047,10,16,7
16048,10,4,13
16049,10,14,2
16050,10,3,8
16051,10,11,18
16052,10,10,4
16053,10,3,8
16054,10,16,7
16055,10,2,9
16056,10,11,18
16057,10,10,4
16058,10,14,2
16059,10,16,7
16060,10,18,0
16061,10,16,7
16062,10,7,3
16063,10,11,18
16064,10,10,4
16065,10,16,7
16066,10,2,9
16067,10,9,6
16068,10,10,4
16069,10,16,7
16070,10,16,7
16071,10,5,1
16072,10,5,1
16073,10,3,8
16074,10,8,10
16075,10,3,8
16076,10,16,7
16077,10,2,9
16078,10,11,18
16079,10,14,2
16080,10,9,6
16081,10,12,14
16082,10,14,2
16083,10,9,6
16084,10,16,7
16085,10,2,9
16086,10,14,2
16087,10,17,17
16088,10,16,7
16089,10,9,6
16090,10,4,13
16091,10,5,1
16092,10,16,7
16093,10,10,4
16094,10,17,17
16095,10,11,18
16096,10,14,2
16097,10,18,0
16098,10,3,8
16099,10,12,14
16100,10,16,7
16101,10,17,17
16102,10,2,9
16103,10,11,18
16104,10,11,18
16105,10,16,7
16106,10,14,2
16107,10,11,18
16108,10,11,18
16109,10,14,2
16110,10,14,2
16111,10,2,9
16112,10,17,17
16113,10,11,18
16114,10,9,6
16115,10,3,8
16116,10,11,18
16117,10,11,18
16118,10,10,4
16119,10,17,17
16120,10,17,17
16121,10,18,0
16122,10,2,9
16123,10,11,18
16124,10,16,7
16125,10,14,2
16126,10,16,7
16127,10,17,17
16128,10,14,2
16129,10,14,2
16130,10,16,7
16131,10,17,17
16132,10,11,18
16133,10,9,6
16134,10,16,7
16135,10,17,17
16136,10,16,7
16137,10,11,18
16138,10,16,7
16139,10,14,2
16140,10,17,17
16141,10,16,7
16142,10,3,8
16143,10,2,9
16144,10,10,4
16145,10,9,6
16146,10,16,7
16147,10,5,1
16148,10,3,8
16149,10,16,7
16150,10,4,13
16151,10,17,17
16152,10,4,13
16153,10,3,8
16154,10,18,0
16155,10,11,18
16156,10,16,7
16157,10,17,17
16158,10,11,18
16159,10,11,18
16160,10,17,17
16161,10,3,8
16162,10,17,17
16163,10,18,0
16164,10,10,4
16165,10,9,6
16166,10,12,14
16167,10,11,18
16168,10,19,19
16169,10,14,2
16170,10,2,9
16171,10,10,4
16172,10,11,18
16173,10,4,13
16174,10,3,8
16175,10,4,13
16176,10,17,17
16177,10,11,18
16178,10,12,14
16179,10,17,17
16180,10,14,2
16181,10,11,18
16182,10,17,17
16183,10,2,9
16184,10,17,17
16185,10,11,18
16186,10,11,18
16187,10,16,7
16188,10,0,12
16189,10,1,5
16190,10,10,4
16191,10,17,17
16192,10,3,8
16193,10,2,9
16194,10,9,6
16195,10,3,8
16196,10,16,7
16197,10,17,17
16198,10,8,10
16199,10,9,6
16200,10,11,18
16201,10,14,2
16202,10,11,18
16203,10,14,2
16204,10,17,17
16205,10,3,8
16206,10,9,6
16207,10,14,2
16208,10,1,5
16209,10,5,1
16210,10,7,3
16211,10,16,7
16212,10,16,7
16213,10,17,17
16214,10,17,17
16215,10,9,6
16216,10,17,17
16217,10,11,18
16218,10,16,7
16219,10,3,8
16220,10,4,13
16221,10,16,7
16222,10,3,8
16223,10,5,1
16224,10,19,19
16225,10,16,7
16226,10,17,17
16227,10,16,7
16228,10,11,18
16229,10,7,3
16230,10,16,7
16231,10,16,7
16232,10,17,17
16233,10,16,7
16234,10,16,7
16235,10,16,7
16236,10,3,8
16237,10,9,6
16238,10,19,19
16239,10,19,19
16240,10,14,2
16241,10,16,7
16242,10,11,18
16243,10,16,7
16244,10,17,17
16245,10,10,4
16246,10,14,2
16247,10,17,17
16248,10,2,9
16249,10,11,18
16250,10,9,6
16251,10,5,1
16252,10,14,2
16253,10,17,17
16254,10,4,13
16255,10,11,18
16256,10,17,17
16257,10,3,8
16258,10,11,18
16259,10,17,17
16260,10,10,4
16261,10,3,8
16262,10,11,18
16263,10,2,9
16264,10,11,18
16265,10,10,4
16266,10,14,2
16267,10,18,0
16268,10,11,18
16269,10,3,8
16270,10,12,14
16271,10,12,14
16272,10,19,19
16273,10,16,7
16274,10,11,18
16275,10,12,14
16276,10,4,13
16277,10,14,2
16278,10,11,18
16279,10,10,4
16280,10,11,18
16281,10,16,7
16282,10,11,18
16283,10,16,7
16284,10,11,18
16285,10,17,17
16286,10,11,18
16287,10,17,17
16288,10,17,17
16289,10,3,8
16290,10,10,4
16291,10,9,6
16292,10,11,18
16293,10,17,17
16294,10,11,18
16295,10,5,1
16296,10,17,17
16297,10,16,7
16298,10,12,14
16299,10,17,17
16300,10,12,14
16301,10,3,8
16302,10,16,7
16303,10,11,18
16304,10,17,17
16305,10,17,17
16306,10,3,8
16307,10,16,7
16308,10,5,1
16309,10,14,2
16310,10,9,6
16311,10,9,6
16312,10,11,18
16313,10,17,17
16314,10,11,18
16315,10,14,2
16316,10,11,18
16317,10,3,8
16318,10,14,2
16319,10,10,4
16320,10,11,18
16321,10,2,9
16322,10,16,7
16323,10,17,17
16324,10,14,2
16325,10,3,8
16326,10,3,8
16327,10,3,8
16328,10,5,1
16329,10,16,7
16330,10,9,6
16331,10,11,18
16332,10,3,8
16333,10,10,4
16334,10,2,9
16335,10,19,19
16336,10,8,10
16337,10,5,1
16338,10,3,8
16339,10,19,19
16340,10,9,6
16341,10,14,2
16342,10,8,10
16343,10,3,8
16344,10,14,2
16345,10,12,14
16346,10,18,0
16347,10,10,4
16348,10,3,8
16349,10,11,18
16350,10,14,2
16351,10,16,7
16352,10,14,2
16353,10,17,17
16354,10,3,8
16355,10,11,18
16356,10,10,4
16357,10,3,8
16358,10,9,6
16359,10,14,2
16360,10,17,17
16361,10,17,17
16362,10,10,4
16363,10,19,19
16364,10,11,18
16365,10,11,18
16366,10,2,9
16367,10,16,7
16368,10,7,3
16369,10,17,17
16370,10,10,4
16371,10,9,6
16372,10,11,18
16373,10,11,18
16374,10,17,17
16375,10,14,2
16376,10,11,18
16377,10,11,18
16378,10,11,18
16379,10,18,0
16380,10,14,2
16381,10,17,17
16382,10,14,2
16383,10,10,4
16384,10,14,2
16385,10,16,7
16386,10,16,7
16387,10,3,8
16388,10,17,17
16389,10,3,8
16390,10,12,14
16391,10,16,7
16392,10,12,14
16393,10,1,5
16394,10,11,18
16395,10,16,7
16396,10,11,18
16397,10,3,8
16398,10,3,8
16399,10,3,8
16400,10,14,2
16401,10,16,7
16402,10,3,8
16403,10,3,8
16404,10,1,5
16405,10,4,13
16406,10,12,14
16407,10,17,17
16408,10,16,7
16409,10,16,7
16410,10,2,9
16411,10,11,18
16412,10,10,4
16413,10,6,15
16414,10,11,18
16415,10,16,7
16416,10,16,7
16417,10,16,7
16418,10,17,17
16419,10,14,2
16420,10,7,3
16421,10,14,2
16422,10,17,17
16423,10,10,4
16424,10,17,17
16425,10,5,1
16426,10,11,18
16427,10,16,7
16428,10,14,2
16429,10,17,17
16430,10,17,17
16431,10,17,17
16432,10,11,18
16433,10,16,7
16434,10,11,18
16435,10,10,4
16436,10,18,0
16437,10,2,9
16438,10,3,8
16439,10,3,8
16440,10,2,9
16441,10,16,7
16442,10,11,18
16443,10,16,7
16444,10,11,18
16445,10,16,7
16446,10,9,6
16447,10,16,7
16448,10,11,18
16449,10,5,1
16450,10,11,18
16451,10,5,1
16452,10,14,2
16453,10,2,9
16454,10,16,7
16455,10,5,1
16456,10,3,8
16457,10,11,18
16458,10,9,6
16459,10,3,8
16460,10,11,18
16461,10,17,17
16462,10,16,7
16463,10,14,2
16464,10,12,14
16465,10,11,18
16466,10,17,17
16467,10,11,18
16468,10,4,13
16469,10,16,7
16470,10,14,2
16471,10,17,17
16472,10,17,17
16473,10,5,1
16474,10,4,13
16475,10,17,17
16476,10,6,15
16477,10,11,18
16478,10,14,2
16479,10,14,2
16480,10,5,1
16481,10,9,6
16482,10,14,2
16483,10,2,9
16484,10,14,2
16485,10,14,2
16486,10,9,6
16487,10,1,5
16488,10,10,4
16489,10,17,17
16490,10,3,8
16491,10,12,14
16492,10,16,7
16493,10,10,4
16494,10,17,17
16495,10,16,7
16496,10,9,6
16497,10,17,17
16498,10,17,17
16499,10,7,3
16500,10,16,7
16501,10,8,10
16502,10,18,0
16503,10,16,7
16504,10,12,14
16505,10,3,8
16506,10,11,18
16507,10,11,18
16508,10,17,17
16509,10,11,18
16510,10,14,2
16511,10,3,8
16512,10,17,17
16513,10,12,14
16514,10,14,2
16515,10,10,4
16516,10,8,10
16517,10,11,18
16518,10,16,7
16519,10,12,14
16520,10,11,18
16521,10,10,4
16522,10,16,7
16523,10,14,2
16524,10,16,7
16525,10,17,17
16526,10,16,7
16527,10,17,17
16528,10,10,4
16529,10,11,18
16530,10,14,2
16531,10,2,9
16532,10,16,7
16533,10,9,6
16534,10,11,18
16535,10,16,7
16536,10,1,5
16537,10,10,4
16538,10,4,13
16539,10,3,8
16540,10,17,17
16541,10,17,17
16542,10,17,17
16543,10,2,9
16544,10,9,6
16545,10,9,6
16546,10,17,17
16547,10,17,17
16548,10,17,17
16549,10,11,18
16550,10,8,10
16551,10,16,7
16552,10,19,19
16553,10,17,17
16554,10,3,8
16555,10,11,18
16556,10,2,9
16557,10,16,7
16558,10,16,7
16559,10,14,2
16560,10,17,17
16561,10,16,7
16562,10,5,1
16563,10,10,4
16564,10,19,19
16565,10,2,9
16566,10,17,17
16567,10,5,1
16568,10,4,13
16569,10,11,18
16570,10,2,9
16571,10,3,8
16572,10,11,18
16573,10,4,13
16574,10,8,10
16575,10,17,17
16576,10,17,17
16577,10,2,9
16578,10,5,1
16579,10,16,7
16580,10,2,9
16581,10,11,18
16582,10,3,8
16583,10,9,6
16584,10,16,7
16585,10,3,8
16586,10,9,6
16587,10,8,10
16588,10,8,10
16589,10,14,2
16590,10,11,18
16591,10,17,17
16592,10,14,2
16593,10,17,17
16594,10,17,17
16595,10,11,18
16596,10,16,7
16597,10,9,6
16598,10,11,18
16599,10,3,8
16600,10,12,14
16601,10,16,7
16602,10,9,6
16603,10,11,18
16604,10,9,6
16605,10,9,6
16606,10,17,17
16607,10,14,2
16608,10,10,4
16609,10,8,10
16610,10,12,14
16611,10,10,4
16612,10,18,0
16613,10,10,4
16614,10,17,17
16615,10,2,9
16616,10,8,10
16617,10,10,4
16618,10,17,17
16619,10,3,8
16620,10,11,18
16621,10,17,17
16622,10,17,17
16623,10,11,18
16624,10,9,6
16625,10,3,8
16626,10,16,7
16627,10,17,17
16628,10,17,17
16629,10,1,5
16630,10,17,17
16631,10,19,19
16632,10,14,2
16633,10,14,2
16634,10,11,18
16635,10,12,14
16636,10,17,17
16637,10,9,6
16638,10,16,7
16639,10,3,8
16640,10,5,1
16641,10,17,17
16642,10,11,18
16643,10,8,10
16644,10,11,18
16645,10,16,7
16646,10,17,17
16647,10,2,9
16648,10,18,0
16649,10,17,17
16650,10,3,8
16651,10,16,7
16652,10,14,2
16653,10,17,17
16654,10,12,14
16655,10,5,1
16656,10,10,4
16657,10,16,7
16658,10,5,1
16659,10,3,8
16660,10,17,17
16661,10,11,18
16662,10,17,17
16663,10,10,4
16664,10,11,18
16665,10,9,6
16666,10,14,2
16667,10,9,6
16668,10,17,17
16669,10,19,19
16670,10,18,0
16671,10,16,7
16672,10,1,5
16673,10,12,14
16674,10,16,7
16675,10,10,4
16676,10,16,7
16677,10,2,9
16678,10,3,8
16679,10,14,2
16680,10,17,17
16681,10,19,19
16682,10,3,8
16683,10,2,9
16684,10,10,4
16685,10,16,7
16686,10,11,18
16687,10,16,7
16688,10,11,18
16689,10,6,15
16690,10,17,17
16691,10,17,17
16692,10,3,8
16693,10,11,18
16694,10,14,2
16695,10,5,1
16696,10,17,17
16697,10,11,18
16698,10,0,12
16699,10,17,17
16700,10,11,18
16701,10,17,17
16702,10,7,3
16703,10,11,18
16704,10,3,8
16705,10,1,5
16706,10,8,10
16707,10,2,9
16708,10,8,10
16709,10,16,7
16710,10,11,18
16711,10,17,17
16712,10,17,17
16713,10,9,6
16714,10,17,17
16715,10,14,2
16716,10,18,0
16717,10,10,4
16718,10,11,18
16719,10,17,17
16720,10,18,0
16721,10,11,18
16722,10,11,18
16723,10,4,13
16724,10,16,7
16725,10,11,18
16726,10,14,2
16727,10,16,7
16728,10,4,13
16729,10,16,7
16730,10,10,4
16731,10,1,5
16732,10,16,7
16733,10,17,17
16734,10,17,17
16735,10,3,8
16736,10,12,14
16737,10,10,4
16738,10,4,13
16739,10,17,17
16740,10,17,17
16741,10,3,8
16742,10,3,8
16743,10,14,2
16744,10,2,9
16745,10,5,1
16746,10,17,17
16747,10,16,7
16748,10,4,13
16749,10,3,8
16750,10,11,18
16751,10,3,8
16752,10,11,18
16753,10,9,6
16754,10,11,18
16755,10,14,2
16756,10,17,17
16757,10,12,14
16758,10,16,7
16759,10,16,7
16760,10,3,8
16761,10,14,2
16762,10,8,10
16763,10,2,9
16764,10,16,7
16765,10,3,8
16766,10,9,6
16767,10,17,17
16768,10,10,4
16769,10,10,4
16770,10,17,17
16771,10,3,8
16772,10,14,2
16773,10,17,17
16774,10,0,12
16775,10,16,7
16776,10,12,14
16777,10,11,18
16778,10,8,10
16779,10,5,1
16780,10,11,18
16781,10,10,4
16782,10,10,4
16783,10,10,4
16784,10,16,7
16785,10,5,1
16786,10,6,15
16787,10,16,7
16788,10,11,18
16789,10,3,8
16790,10,5,1
16791,10,7,3
16792,10,10,4
16793,10,14,2
16794,10,11,18
16795,10,3,8
16796,10,11,18
16797,10,9,6
16798,10,9,6
16799,10,11,18
16800,10,16,7
16801,10,18,0
16802,10,11,18
16803,10,9,6
16804,10,11,18
16805,10,3,8
16806,10,11,18
16807,10,16,7
16808,10,11,18
16809,10,11,18
16810,10,3,8
16811,10,1,5
16812,10,12,14
16813,10,17,17
16814,10,17,17
16815,10,2,9
16816,10,3,8
16817,10,3,8
16818,10,16,7
16819,10,17,17
16820,10,16,7
16821,10,3,8
16822,10,16,7
16823,10,8,10
16824,10,9,6
16825,10,19,19
16826,10,16,7
16827,10,10,4
16828,10,1,5
16829,10,17,17
16830,10,9,6
16831,10,14,2
16832,10,3,8
16833,10,5,1
16834,10,17,17
16835,10,11,18
16836,10,10,4
16837,10,17,17
16838,10,12,14
16839,10,16,7
16840,10,7,3
16841,10,17,17
16842,10,17,17
16843,10,2,9
16844,10,17,17
16845,10,7,3
16846,10,14,2
16847,10,2,9
16848,10,14,2
16849,10,14,2
16850,10,14,2
16851,10,17,17
16852,10,16,7
16853,10,1,5
16854,10,11,18
16855,10,12,14
16856,10,16,7
16857,10,11,18
16858,10,16,7
16859,10,4,13
16860,10,17,17
16861,10,14,2
16862,10,11,18
16863,10,11,18
16864,10,17,17
16865,10,3,8
16866,10,1,5
16867,10,14,2
16868,10,17,17
16869,10,17,17
16870,10,3,8
16871,10,16,7
16872,10,12,14
16873,10,14,2
16874,10,14,2
16875,10,8,10
16876,10,14,2
16877,10,11,18
16878,10,9,6
16879,10,14,2
16880,10,10,4
16881,10,9,6
16882,10,8,10
16883,10,3,8
16884,10,1,5
16885,10,1,5
16886,10,10,4
16887,10,3,8
16888,10,17,17
16889,10,2,9
16890,10,11,18
16891,10,16,7
16892,10,2,9
16893,10,3,8
16894,10,14,2
16895,10,16,7
16896,10,11,18
16897,10,10,4
16898,10,12,14
16899,10,11,18
16900,10,17,17
16901,10,16,7
16902,10,6,15
16903,10,11,18
16904,10,2,9
16905,10,17,17
16906,10,17,17
16907,10,12,14
16908,10,14,2
16909,10,2,9
16910,10,11,18
16911,10,5,1
16912,10,9,6
16913,10,9,6
16914,10,11,18
16915,10,17,17
16916,10,17,17
16917,10,11,18
16918,10,17,17
16919,10,5,1
16920,10,18,0
16921,10,19,19
16922,10,14,2
16923,10,17,17
16924,10,9,6
16925,10,8,10
16926,10,2,9
16927,10,11,18
16928,10,11,18
16929,10,16,7
16930,10,19,19
16931,10,17,17
16932,10,10,4
16933,10,10,4
16934,10,10,4
16935,10,5,1
16936,10,4,13
16937,10,10,4
16938,10,10,4
16939,10,19,19
16940,10,4,13
16941,10,11,18
16942,10,17,17
16943,10,11,18
16944,10,17,17
16945,10,10,4
16946,10,17,17
16947,10,16,7
16948,10,3,8
16949,10,17,17
16950,10,10,4
16951,10,5,1
16952,10,4,13
16953,10,2,9
16954,10,16,7
16955,10,3,8
16956,10,16,7
16957,10,3,8
16958,10,11,18
16959,10,3,8
16960,10,17,17
16961,10,12,14
16962,10,10,4
16963,10,10,4
16964,10,17,17
16965,10,14,2
16966,10,16,7
16967,10,11,18
16968,10,8,10
16969,10,17,17
16970,10,1,5
16971,10,16,7
16972,10,17,17
16973,10,10,4
16974,10,3,8
16975,10,16,7
16976,10,10,4
16977,10,3,8
16978,10,17,17
16979,10,3,8
16980,10,17,17
16981,10,3,8
16982,10,9,6
16983,10,9,6
16984,10,16,7
16985,10,16,7
16986,10,17,17
16987,10,9,6
16988,10,11,18
16989,10,14,2
16990,10,17,17
16991,10,11,18
16992,10,4,13
16993,10,16,7
16994,10,17,17
16995,10,17,17
16996,10,8,10
16997,10,17,17
16998,10,9,6
16999,10,16,7
17000,10,3,8
17001,10,16,7
17002,10,11,18
17003,10,11,18
17004,10,11,18
17005,10,3,8
17006,10,2,9
17007,10,9,6
17008,10,16,7
17009,10,17,17
17010,10,5,1
17011,10,18,0
17012,10,19,19
17013,10,1,5
17014,10,2,9
17015,10,11,18
17016,10,4,13
17017,10,12,14
17018,10,1,5
17019,10,9,6
17020,10,10,4
17021,10,17,17
17022,10,10,4
17023,10,10,4
17024,10,16,7
17025,10,16,7
17026,10,9,6
17027,10,3,8
17028,10,17,17
17029,10,11,18
17030,10,11,18
17031,10,3,8
17032,10,3,8
17033,10,4,13
17034,10,16,7
17035,10,2,9
17036,10,11,18
17037,10,19,19
17038,10,3,8
17039,10,11,18
17040,10,11,18
17041,10,17,17
17042,10,2,9
17043,10,3,8
17044,10,2,9
17045,10,17,17
17046,10,17,17
17047,10,9,6
17048,10,14,2
17049,10,12,14
17050,10,3,8
17051,10,8,10
17052,10,2,9
17053,10,17,17
17054,10,19,19
17055,10,14,2
17056,10,14,2
17057,10,12,14
17058,10,16,7
17059,10,17,17
17060,10,16,7
17061,10,5,1
17062,10,16,7
17063,10,10,4
17064,10,10,4
17065,10,14,2
17066,10,17,17
17067,10,14,2
17068,10,16,7
17069,10,12,14
17070,10,14,2
17071,10,19,19
17072,10,5,1
17073,10,9,6
17074,10,19,19
17075,10,18,0
17076,10,11,18
17077,10,1,5
17078,10,3,8
17079,10,18,0
17080,10,16,7
17081,10,2,9
17082,10,14,2
17083,10,16,7
17084,10,3,8
17085,10,11,18
17086,10,16,7
17087,10,11,18
17088,10,8,10
17089,10,17,17
17090,10,12,14
17091,10,3,8
17092,10,8,10
17093,10,3,8
17094,10,16,7
17095,10,16,7
17096,10,2,9
17097,10,11,18
17098,10,17,17
17099,10,3,8
17100,10,3,8
17101,10,5,1
17102,10,11,18
17103,10,3,8
17104,10,11,18
17105,10,7,3
17106,10,14,2
17107,10,11,18
17108,10,11,18
17109,10,11,18
17110,10,17,17
17111,10,16,7
17112,10,12,14
17113,10,17,17
17114,10,6,15
17115,10,11,18
17116,10,11,18
17117,10,14,2
17118,10,14,2
17119,10,4,13
17120,10,9,6
17121,10,10,4
17122,10,11,18
17123,10,5,1
17124,10,9,6
17125,10,2,9
17126,10,3,8
17127,10,3,8
17128,10,3,8
17129,10,10,4
17130,10,3,8
17131,10,17,17
17132,10,3,8
17133,10,14,2
17134,10,5,1
17135,10,17,17
17136,10,11,18
17137,10,16,7
17138,10,16,7
17139,10,0,12
17140,10,17,17
17141,10,14,2
17142,10,11,18
17143,10,11,18
17144,10,17,17
17145,10,2,9
17146,10,18,0
17147,10,9,6
17148,10,5,1
17149,10,14,2
17150,10,8,10
17151,10,19,19
17152,10,17,17
17153,10,17,17
17154,10,17,17
17155,10,17,17
17156,10,5,1
17157,10,14,2
17158,10,4,13
17159,10,16,7
17160,10,16,7
17161,10,3,8
17162,10,8,10
17163,10,8,10
17164,10,17,17
17165,10,13,16
17166,10,11,18
17167,10,12,14
17168,10,16,7
17169,10,11,18
17170,10,2,9
17171,10,3,8
17172,10,17,17
17173,10,5,1
17174,10,16,7
17175,10,18,0
17176,10,11,18
17177,10,11,18
17178,10,17,17
17179,10,12,14
17180,10,16,7
17181,10,2,9
17182,10,5,1
17183,10,10,4
17184,10,11,18
17185,10,12,14
17186,10,10,4
17187,10,14,2
17188,10,8,10
17189,10,16,7
17190,10,10,4
17191,10,14,2
17192,10,10,4
17193,10,8,10
17194,10,17,17
17195,10,17,17
17196,10,14,2
17197,10,7,3
17198,10,16,7
17199,10,18,0
17200,10,12,14
17201,10,6,15
17202,10,11,18
17203,10,12,14
17204,10,10,4
17205,10,1,5
17206,10,14,2
17207,10,14,2
17208,10,16,7
17209,10,12,14
17210,10,10,4
17211,10,18,0
17212,10,17,17
17213,10,11,18
17214,10,8,10
17215,10,17,17
17216,10,17,17
17217,10,17,17
17218,10,14,2
17219,10,12,14
17220,10,9,6
17221,10,11,18
17222,10,3,8
17223,10,19,19
17224,10,16,7
17225,10,11,18
17226,10,16,7
17227,10,9,6
17228,10,4,13
17229,10,14,2
17230,10,11,18
17231,10,11,18
17232,10,8,10
17233,10,3,8
17234,10,19,19
17235,10,17,17
17236,10,16,7
17237,10,12,14
17238,10,14,2
17239,10,16,7
17240,10,9,6
17241,10,8,10
17242,10,12,14
17243,10,3,8
17244,10,11,18
17245,10,3,8
17246,10,17,17
17247,10,4,13
17248,10,3,8
17249,10,12,14
17250,10,9,6
17251,10,4,13
17252,10,11,18
17253,10,17,17
17254,10,8,10
17255,10,1,5
17256,10,16,7
17257,10,0,12
17258,10,14,2
17259,10,17,17
17260,10,11,18
17261,10,16,7
17262,10,11,18
17263,10,3,8
17264,10,11,18
17265,10,2,9
17266,10,18,0
17267,10,17,17
17268,10,11,18
17269,10,2,9
17270,10,14,2
17271,10,14,2
17272,10,2,9
17273,10,17,17
17274,10,2,9
17275,10,1,5
17276,10,2,9
17277,10,14,2
17278,10,5,1
17279,10,3,8
17280,10,16,7
17281,10,8,10
17282,10,8,10
17283,10,16,7
17284,10,11,18
17285,10,16,7
17286,10,14,2
17287,10,3,8
17288,10,9,6
17289,10,11,18
17290,10,16,7
17291,10,8,10
17292,10,14,2
17293,10,13,16
17294,10,17,17
17295,10,11,18
17296,10,11,18
17297,10,3,8
17298,10,14,2
17299,10,1,5
17300,10,5,1
17301,10,9,6
17302,10,5,1
17303,10,17,17
17304,10,10,4
17305,10,3,8
17306,10,3,8
17307,10,3,8
17308,10,3,8
17309,10,19,19
17310,10,8,10
17311,10,12,14
17312,10,17,17
17313,10,19,19
17314,10,9,6
17315,10,17,17
17316,10,3,8
17317,10,3,8
17318,10,16,7
17319,10,10,4
17320,10,11,18
17321,10,7,3
17322,10,2,9
17323,10,16,7
17324,10,8,10
17325,10,7,3
17326,10,3,8
17327,10,19,19
17328,10,11,18
17329,10,14,2
17330,10,11,18
17331,10,3,8
17332,10,5,1
17333,10,11,18
17334,10,17,17
17335,10,16,7
17336,10,11,18
17337,10,11,18
17338,10,3,8
17339,10,17,17
17340,10,10,4
17341,10,2,9
17342,10,10,4
17343,10,4,13
17344,10,11,18
17345,10,9,6
17346,10,10,4
17347,10,9,6
17348,10,11,18
17349,10,1,5
17350,10,14,2
17351,10,19,19
17352,10,9,6
17353,10,11,18
17354,10,9,6
17355,10,17,17
17356,10,5,1
17357,10,2,9
17358,10,4,13
17359,10,11,18
17360,10,16,7
17361,10,16,7
17362,10,5,1
17363,10,1,5
17364,10,10,4
17365,10,17,17
17366,10,11,18
17367,10,17,17
17368,10,0,12
17369,10,8,10
17370,10,11,18
17371,10,2,9
17372,10,9,6
17373,10,11,18
17374,10,1,5
17375,10,11,18
17376,10,11,18
17377,10,14,2
17378,10,18,0
17379,10,18,0
17380,10,18,0
17381,10,2,9
17382,10,17,17
17383,10,11,18
17384,10,3,8
17385,10,16,7
17386,10,11,18
17387,10,4,13
17388,10,6,15
17389,10,4,13
17390,10,2,9
17391,10,16,7
17392,10,12,14
17393,10,19,19
17394,10,11,18
17395,10,16,7
17396,10,16,7
17397,10,1,5
17398,10,17,17
17399,10,5,1
17400,10,17,17
17401,10,18,0
17402,10,3,8
17403,10,2,9
17404,10,10,4
17405,10,17,17
17406,10,12,14
17407,10,4,13
17408,10,3,8
17409,10,17,17
17410,10,10,4
17411,10,2,9
17412,10,5,1
17413,10,18,0
17414,10,18,0
17415,10,16,7
17416,10,10,4
17417,10,18,0
17418,10,16,7
17419,10,11,18
17420,10,16,7
17421,10,9,6
17422,10,17,17
17423,10,2,9
17424,10,14,2
17425,10,14,2
17426,10,17,17
17427,10,8,10
17428,10,16,7
17429,10,11,18
17430,10,0,12
17431,10,11,18
17432,10,7,3
17433,10,11,18
17434,10,2,9
17435,10,18,0
17436,10,8,10
17437,10,4,13
17438,10,8,10
17439,10,1,5
17440,10,6,15
17441,10,6,15
17442,10,18,0
17443,10,15,11
17444,10,15,11
17445,10,6,15
17446,10,5,1
17447,10,14,2
17448,10,13,16
17449,10,19,19
17450,10,1,5
17451,10,12,14
17452,10,1,5
17453,10,8,10
17454,10,1,5
17455,10,9,6
17456,10,0,12
17457,10,5,1
17458,10,14,2
17459,10,19,19
17460,10,1,5
17461,10,13,16
17462,10,13,16
17463,10,8,10
17464,10,9,6
17465,10,15,11
17466,10,13,16
17467,10,0,12
17468,10,18,0
17469,10,6,15
17470,10,5,1
17471,10,5,1
17472,10,5,1
17473,10,19,19
17474,10,1,5
17475,10,6,15
17476,10,6,15
17477,10,0,12
17478,10,0,12
17479,10,13,16
17480,10,8,10
17481,10,19,19
17482,10,8,10
17483,10,15,11
17484,10,15,11
17485,10,8,10
17486,10,19,19
17487,10,8,10
17488,10,15,11
17489,10,8,10
17490,10,13,16
17491,10,12,14
17492,10,6,15
17493,10,8,10
17494,10,15,11
17495,10,14,2
17496,10,13,16
17497,10,1,5
17498,10,19,19
17499,10,9,6
17500,10,8,10
17501,10,8,10
17502,10,15,11
17503,10,6,15
17504,10,15,11
17505,10,8,10
17506,10,2,9
17507,10,6,15
17508,10,1,5
17509,10,6,15
17510,10,8,10
17511,10,8,10
17512,10,15,11
17513,10,15,11
17514,10,18,0
17515,10,8,10
17516,10,8,10
17517,10,0,12
17518,10,6,15
17519,10,12,14
17520,10,8,10
17521,10,19,19
17522,10,5,1
17523,10,0,12
17524,10,19,19
17525,10,19,19
17526,10,15,11
17527,10,19,19
17528,10,19,19
17529,10,19,19
17530,10,19,19
17531,10,0,12
17532,10,0,12
17533,10,15,11
17534,10,9,6
17535,10,0,12
17536,10,0,12
17537,10,0,12
17538,10,17,17
17539,10,8,10
17540,10,8,10
17541,10,14,2
17542,10,12,14
17543,10,10,4
17544,10,10,4
17545,10,10,4
17546,10,15,11
17547,10,1,5
17548,10,6,15
17549,10,6,15
17550,10,1,5
17551,10,19,19
17552,10,15,11
17553,10,15,11
17554,10,6,15
17555,10,6,15
17556,10,9,6
17557,10,1,5
17558,10,15,11
17559,10,5,1
17560,10,5,1
17561,10,0,12
17562,10,18,0
17563,10,18,0
17564,10,13,16
17565,10,0,12
17566,10,0,12
17567,10,1,5
17568,10,15,11
17569,10,15,11
17570,10,1,5
17571,10,12,14
17572,10,15,11
17573,10,15,11
17574,10,19,19
17575,10,19,19
17576,10,15,11
17577,10,19,19
17578,10,2,9
17579,10,2,9
17580,10,2,9
17581,10,19,19
17582,10,19,19
17583,10,13,16
17584,10,2,9
17585,10,1,5
17586,10,1,5
17587,10,0,12
17588,10,15,11
17589,10,14,2
17590,10,18,0
17591,10,6,15
17592,10,18,0
17593,10,9,6
17594,10,6,15
17595,10,0,12
17596,10,4,13
17597,10,13,16
17598,10,19,19
17599,10,19,19
17600,10,0,12
17601,10,0,12
17602,10,0,12
17603,10,8,10
17604,10,8,10
17605,10,6,15
17606,10,6,15
17607,10,1,5
17608,10,9,6
17609,10,5,1
17610,10,9,6
17611,10,12,14
17612,10,18,0
17613,10,18,0
17614,10,13,16
17615,10,0,12
17616,10,3,8
17617,10,18,0
17618,10,6,15
17619,10,6,15
17620,10,19,19
17621,10,18,0
17622,10,1,5
17623,10,15,11
17624,10,15,11
17625,10,15,11
17626,10,3,8
17627,10,19,19
17628,10,8,10
17629,10,8,10
17630,10,8,10
17631,10,15,11
17632,10,19,19
17633,10,2,9
17634,10,12,14
17635,10,11,18
17636,10,2,9
17637,10,2,9
17638,10,9,6
17639,10,19,19
17640,10,8,10
17641,10,8,10
17642,10,1,5
17643,10,19,19
17644,10,0,12
17645,10,19,19
17646,10,19,19
17647,10,15,11
17648,10,1,5
17649,10,2,9
17650,10,14,2
17651,10,8,10
17652,10,19,19
17653,10,0,12
17654,10,15,11
17655,10,19,19
17656,10,12,14
17657,10,1,5
17658,10,0,12
17659,10,8,10
17660,10,8,10
17661,10,19,19
17662,10,8,10
17663,10,8,10
17664,10,15,11
17665,10,15,11
17666,10,2,9
17667,10,6,15
17668,10,0,12
17669,10,7,3
17670,10,2,9
17671,10,6,15
17672,10,7,3
17673,10,10,4
17674,10,8,10
17675,10,4,13
17676,10,1,5
17677,10,6,15
17678,10,6,15
17679,10,1,5
17680,10,1,5
17681,10,19,19
17682,10,8,10
17683,10,19,19
17684,10,19,19
17685,10,6,15
17686,10,6,15
17687,10,14,2
17688,10,19,19
17689,10,19,19
17690,10,14,2
17691,10,19,19
17692,10,19,19
17693,10,19,19
17694,10,0,12
17695,10,15,11
17696,10,15,11
17697,10,15,11
17698,10,2,9
17699,10,19,19
17700,10,13,16
17701,10,8,10
17702,10,8,10
17703,10,13,16
17704,10,8,10
17705,10,8,10
17706,10,2,9
17707,10,15,11
17708,10,1,5
17709,10,5,1
17710,10,19,19
17711,10,19,19
17712,10,15,11
17713,10,19,19
17714,10,0,12
17715,10,0,12
17716,10,1,5
17717,10,8,10
17718,10,19,19
17719,10,6,15
17720,10,6,15
17721,10,0,12
17722,10,12,14
17723,10,5,1
17724,10,19,19
17725,10,19,19
17726,10,1,5
17727,10,1,5
17728,10,6,15
17729,10,10,4
17730,10,1,5
17731,10,18,0
17732,10,2,9
17733,10,19,19
17734,10,19,19
17735,10,2,9
17736,10,5,1
17737,10,0,12
17738,10,5,1
17739,10,19,19
17740,10,8,10
17741,10,19,19
17742,10,2,9
17743,10,15,11
17744,10,15,11
17745,10,8,10
17746,10,4,13
17747,10,18,0
17748,10,0,12
17749,10,8,10
17750,10,8,10
17751,10,0,12
17752,10,19,19
17753,10,13,16
17754,10,8,10
17755,10,8,10
17756,10,17,17
17757,10,19,19
17758,10,6,15
17759,10,19,19
17760,10,19,19
17761,10,4,13
17762,10,14,2
17763,10,2,9
17764,10,13,16
17765,10,19,19
17766,10,3,8
17767,10,3,8
17768,10,15,11
17769,10,1,5
17770,10,1,5
17771,10,19,19
17772,10,11,18
17773,10,8,10
17774,10,3,8
17775,10,18,0
17776,10,19,19
17777,10,19,19
17778,10,19,19
17779,10,19,19
17780,10,8,10
17781,10,5,1
17782,10,8,10
17783,10,8,10
17784,10,19,19
17785,10,13,16
17786,10,5,1
17787,10,19,19
17788,10,6,15
17789,10,6,15
17790,10,0,12
17791,10,0,12
17792,10,1,5
17793,10,11,18
17794,10,19,19
17795,10,19,19
17796,10,6,15
17797,10,16,7
17798,10,0,12
17799,10,1,5
17800,10,8,10
17801,10,1,5
17802,10,0,12
17803,10,0,12
17804,10,5,1
17805,10,13,16
17806,10,19,19
17807,10,8,10
17808,10,5,1
17809,10,1,5
17810,10,6,15
17811,10,6,15
17812,10,6,15
17813,10,15,11
17814,10,15,11
17815,10,15,11
17816,10,1,5
17817,10,19,19
17818,10,1,5
17819,10,13,16
17820,10,10,4
17821,10,19,19
17822,10,0,12
17823,10,9,6
17824,10,6,15
17825,10,14,2
17826,10,15,11
17827,10,15,11
17828,10,15,11
17829,10,19,19
17830,10,15,11
17831,10,13,16
17832,10,19,19
17833,10,13,16
17834,10,11,18
17835,10,13,16
17836,10,11,18
17837,10,12,14
17838,10,9,6
17839,10,13,16
17840,10,8,10
17841,10,8,10
17842,10,5,1
17843,10,5,1
17844,10,6,15
17845,10,5,1
17846,10,5,1
17847,10,8,10
17848,10,18,0
17849,10,6,15
17850,10,0,12
17851,10,6,15
17852,10,6,15
17853,10,6,15
17854,10,8,10
17855,10,8,10
17856,10,8,10
17857,10,8,10
17858,10,8,10
17859,10,8,10
17860,10,15,11
17861,10,8,10
17862,10,18,0
17863,10,6,15
17864,10,5,1
17865,10,0,12
17866,10,6,15
17867,10,15,11
17868,10,6,15
17869,10,8,10
17870,10,8,10
17871,10,0,12
17872,10,19,19
17873,10,18,0
17874,10,19,19
17875,10,8,10
17876,10,19,19
17877,10,8,10
17878,10,2,9
17879,10,15,11
17880,10,19,19
17881,10,6,15
17882,10,0,12
17883,10,2,9
17884,10,13,16
17885,10,5,1
17886,10,0,12
17887,10,13,16
17888,10,19,19
17889,10,8,10
17890,10,8,10
17891,10,6,15
17892,10,19,19
17893,10,13,16
17894,10,15,11
17895,10,1,5
17896,10,19,19
17897,10,14,2
17898,10,19,19
17899,10,19,19
17900,10,14,2
17901,10,14,2
17902,10,15,11
17903,10,0,12
17904,10,0,12
17905,10,0,12
17906,10,6,15
17907,10,6,15
17908,10,15,11
17909,10,2,9
17910,10,6,15
17911,10,15,11
17912,10,6,15
17913,10,6,15
17914,10,6,15
17915,10,8,10
17916,10,2,9
17917,10,0,12
17918,10,1,5
17919,10,6,15
17920,10,6,15
17921,10,6,15
17922,10,10,4
17923,10,18,0
17924,10,18,0
17925,10,8,10
17926,10,18,0
17927,10,3,8
17928,10,19,19
17929,10,1,5
17930,10,10,4
17931,10,19,19
17932,10,0,12
17933,10,1,5
17934,10,1,5
17935,10,12,14
17936,10,18,0
17937,10,8,10
17938,10,9,6
17939,10,18,0
17940,10,12,14
17941,10,14,2
17942,10,8,10
17943,10,13,16
17944,10,13,16
17945,10,13,16
17946,10,19,19
17947,10,6,15
17948,10,13,16
17949,10,15,11
17950,10,15,11
17951,10,6,15
17952,10,19,19
17953,10,16,7
17954,10,11,18
17955,10,4,13
17956,10,18,0
17957,10,8,10
17958,10,15,11
17959,10,13,16
17960,10,6,15
17961,10,6,15
17962,10,8,10
17963,10,8,10
17964,10,13,16
17965,10,0,12
17966,10,1,5
17967,10,1,5
17968,10,10,4
17969,10,6,15
17970,10,13,16
17971,10,0,12
17972,10,19,19
17973,10,1,5
17974,10,0,12
17975,10,5,1
17976,10,4,13
17977,10,5,1
17978,10,8,10
17979,10,5,1
17980,10,6,15
17981,10,0,12
17982,10,8,10
17983,10,14,2
17984,10,3,8
17985,10,19,19
17986,10,13,16
17987,10,15,11
17988,10,8,10
17989,10,0,12
17990,10,12,14
17991,10,19,19
17992,10,8,10
17993,10,8,10
17994,10,0,12
17995,10,2,9
17996,10,9,6
17997,10,2,9
17998,10,8,10
17999,10,8,10
18000,10,19,19
18001,10,0,12
18002,10,13,16
18003,10,0,12
18004,10,8,10
18005,10,4,13
18006,10,19,19
18007,10,9,6
18008,10,5,1
18009,10,6,15
18010,10,18,0
18011,10,0,12
18012,10,6,15
18013,10,0,12
18014,10,2,9
18015,10,8,10
18016,10,8,10
18017,10,8,10
18018,10,15,11
18019,10,15,11
18020,10,6,15
18021,10,6,15
18022,10,16,7
18023,10,5,1
18024,10,12,14
18025,10,10,4
18026,10,14,2
18027,10,0,12
18028,10,18,0
18029,10,18,0
18030,10,14,2
18031,10,18,0
18032,10,4,13
18033,10,8,10
18034,10,8,10
18035,10,8,10
18036,10,12,14
18037,10,9,6
18038,10,0,12
18039,10,19,19
18040,10,12,14
18041,10,2,9
18042,10,10,4
18043,10,10,4
18044,10,2,9
18045,10,4,13
18046,10,16,7
18047,10,5,1
18048,10,19,19
18049,10,19,19
18050,10,0,12
18051,10,19,19
18052,10,3,8
18053,10,10,4
18054,10,19,19
18055,10,10,4
18056,10,10,4
18057,10,6,15
18058,10,10,4
18059,10,6,15
18060,10,8,10
18061,10,19,19
18062,10,19,19
18063,10,19,19
18064,10,17,17
18065,10,0,12
18066,10,19,19
18067,10,19,19
18068,10,8,10
18069,10,8,10
18070,10,12,14
18071,10,5,1
18072,10,19,19
18073,10,13,16
18074,10,19,19
18075,10,16,7
18076,10,11,18
18077,10,16,7
18078,10,12,14
18079,10,11,18
18080,10,2,9
18081,10,13,16
18082,10,0,12
18083,10,16,7
18084,10,10,4
18085,10,12,14
18086,10,12,14
18087,10,16,7
18088,10,19,19
18089,10,0,12
18090,10,19,19
18091,10,19,19
18092,10,8,10
18093,10,13,16
18094,10,0,12
18095,10,0,12
18096,10,14,2
18097,10,14,2
18098,10,4,13
18099,10,4,13
18100,10,8,10
18101,10,19,19
18102,10,19,19
18103,10,19,19
18104,10,19,19
18105,10,2,9
18106,10,15,11
18107,10,19,19
18108,10,8,10
18109,10,19,19
18110,10,19,19
18111,10,10,4
18112,10,1,5
18113,10,0,12
18114,10,5,1
18115,10,14,2
18116,10,4,13
18117,10,3,8
18118,10,19,19
18119,10,1,5
18120,10,5,1
18121,10,8,10
18122,10,8,10
18123,10,19,19
18124,10,19,19
18125,10,0,12
18126,10,19,19
18127,10,16,7
18128,10,17,17
18129,10,8,10
18130,10,4,13
18131,10,4,13
18132,10,16,7
18133,10,8,10
18134,10,16,7
18135,10,6,15
18136,10,4,13
18137,10,17,17
18138,10,1,5
18139,10,19,19
18140,10,2,9
18141,10,2,9
18142,10,5,1
18143,10,11,18
18144,10,13,16
18145,10,18,0
18146,10,18,0
18147,10,8,10
18148,10,0,12
18149,10,14,2
18150,10,8,10
18151,10,19,19
18152,10,12,14
18153,10,16,7
18154,10,15,11
18155,10,9,6
18156,10,10,4
18157,10,12,14
18158,10,13,16
18159,10,13,16
18160,10,0,12
18161,10,8,10
18162,10,4,13
18163,10,8,10
18164,10,15,11
18165,10,8,10
18166,10,8,10
18167,10,1,5
18168,10,0,12
18169,10,13,16
18170,10,9,6
18171,10,19,19
18172,10,0,12
18173,10,16,7
18174,10,13,16
18175,10,13,16
18176,10,13,16
18177,10,0,12
18178,10,0,12
18179,10,0,12
18180,10,19,19
18181,10,9,6
18182,10,2,9
18183,10,11,18
18184,10,11,18
18185,10,3,8
18186,10,4,13
18187,10,4,13
18188,10,8,10
18189,10,8,10
18190,10,18,0
18191,10,14,2
18192,10,2,9
18193,10,4,13
18194,10,19,19
18195,10,16,7
18196,10,19,19
18197,10,5,1
18198,10,11,18
18199,10,16,7
18200,10,11,18
18201,10,3,8
18202,10,19,19
18203,10,0,12
18204,10,16,7
18205,10,18,0
18206,10,15,11
18207,10,13,16
18208,10,13,16
18209,10,1,5
18210,10,17,17
18211,10,16,7
18212,10,17,17
18213,10,17,17
18214,10,17,17
18215,10,19,19
18216,10,7,3
18217,10,6,15
18218,10,18,0
18219,10,7,3
18220,10,19,19
18221,10,10,4
18222,10,19,19
18223,10,17,17
18224,10,19,19
18225,10,19,19
18226,10,13,16
18227,10,12,14
18228,10,10,4
18229,10,8,10
18230,10,4,13
18231,10,2,9
18232,10,0,12
18233,10,19,19
18234,10,8,10
18235,10,8,10
18236,10,19,19
18237,10,8,10
18238,10,6,15
18239,10,16,7
18240,10,10,4
18241,10,8,10
18242,10,12,14
18243,10,19,19
18244,10,2,9
18245,10,19,19
18246,10,14,2
18247,10,14,2
18248,10,16,7
18249,10,16,7
18250,10,13,16
18251,10,8,10
18252,10,19,19
18253,10,19,19
18254,10,0,12
18255,10,0,12
18256,10,10,4
18257,10,19,19
18258,10,4,13
18259,10,19,19
18260,10,6,15
18261,10,0,12
18262,10,0,12
18263,10,0,12
18264,10,8,10
18265,10,4,13
18266,10,19,19
18267,10,12,14
18268,10,19,19
18269,10,1,5
18270,10,8,10
18271,10,3,8
18272,10,0,12
18273,10,13,16
18274,10,19,19
18275,10,16,7
18276,10,10,4
18277,10,8,10
18278,10,19,19
18279,10,16,7
18280,10,1,5
18281,10,3,8
18282,10,6,15
18283,10,8,10
18284,10,13,16
18285,10,3,8
18286,10,15,11
18287,10,11,18
18288,10,6,15
18289,10,6,15
18290,10,16,7
18291,10,6,15
18292,10,6,15
18293,10,8,10
18294,10,1,5
18295,10,1,5
18296,10,19,19
18297,10,18,0
18298,10,14,2
18299,10,3,8
18300,10,8,10
18301,10,16,7
18302,10,8,10
18303,10,6,15
18304,10,0,12
18305,10,15,11
18306,10,0,12
18307,10,5,1
18308,10,5,1
18309,10,19,19
18310,10,0,12
18311,10,7,3
18312,10,16,7
18313,10,1,5
18314,10,12,14
18315,10,8,10
18316,10,0,12
18317,10,13,16
18318,10,16,7
18319,10,8,10
18320,10,1,5
18321,10,8,10
18322,10,0,12
18323,10,19,19
18324,10,8,10
18325,10,14,2
18326,10,0,12
18327,10,8,10
18328,10,9,6
18329,10,8,10
18330,10,6,15
18331,10,13,16
18332,10,8,10
18333,10,14,2
18334,10,8,10
18335,10,0,12
18336,10,19,19
18337,10,2,9
18338,10,13,16
18339,10,0,12
18340,10,8,10
18341,10,12,14
18342,10,19,19
18343,10,15,11
18344,10,12,14
18345,10,19,19
18346,10,6,15
18347,10,4,13
18348,10,1,5
18349,10,13,16
18350,10,13,16
18351,10,8,10
18352,10,8,10
18353,10,8,10
18354,10,12,14
18355,10,12,14
18356,10,8,10
18357,10,8,10
18358,10,1,5
18359,10,1,5
18360,10,19,19
18361,10,4,13
18362,10,0,12
18363,10,8,10
18364,10,8,10
18365,10,19,19
18366,10,19,19
18367,10,8,10
18368,10,12,14
18369,10,7,3
18370,10,8,10
18371,10,12,14
18372,10,6,15
18373,10,12,14
18374,10,0,12
18375,10,1,5
18376,10,0,12
18377,10,13,16
18378,10,8,10
18379,10,4,13
18380,10,1,5
18381,10,19,19
18382,10,19,19
18383,10,0,12
18384,10,8,10
18385,10,8,10
18386,10,0,12
18387,10,19,19
18388,10,8,10
18389,10,7,3
18390,10,7,3
18391,10,7,3
18392,10,7,3
18393,10,6,15
18394,10,8,10
18395,10,12,14
18396,10,8,10
18397,10,0,12
18398,10,13,16
18399,10,6,15
18400,10,6,15
18401,10,6,15
18402,10,6,15
18403,10,1,5
18404,10,13,16
18405,10,5,1
18406,10,8,10
18407,10,7,3
18408,10,19,19
18409,10,5,1
18410,10,4,13
18411,10,5,1
18412,10,8,10
18413,10,1,5
18414,10,13,16
18415,10,0,12
18416,10,7,3
18417,10,8,10
18418,10,13,16
18419,10,0,12
18420,10,4,13
18421,10,6,15
18422,10,13,16
18423,10,18,0
18424,10,18,0
18425,10,0,12
18426,10,13,16
18427,10,8,10
18428,10,8,10
18429,10,18,0
18430,10,1,5
18431,10,12,14
18432,10,5,1
18433,10,19,19
18434,10,8,10
18435,10,19,19
18436,10,19,19
18437,10,6,15
18438,10,6,15
18439,10,6,15
18440,10,6,15
18441,10,12,14
18442,10,12,14
18443,10,19,19
18444,10,8,10
18445,10,6,15
18446,10,6,15
18447,10,6,15
18448,10,0,12
18449,10,6,15
18450,10,6,15
18451,10,1,5
18452,10,8,10
18453,10,13,16
18454,10,6,15
18455,10,8,10
18456,10,6,15
18457,10,6,15
18458,10,6,15
18459,10,0,12
18460,10,8,10
18461,10,2,9
18462,10,6,15
18463,10,9,6
18464,10,0,12
18465,10,12,14
18466,10,4,13
18467,10,4,13
18468,10,8,10
18469,10,8,10
18470,10,8,10
18471,10,1,5
18472,10,13,16
18473,10,6,15
18474,10,8,10
18475,10,18,0
18476,10,1,5
18477,10,1,5
18478,10,0,12
18479,10,0,12
18480,10,4,13
18481,10,6,15
18482,10,6,15
18483,10,0,12
18484,10,13,16
18485,10,4,13
18486,10,8,10
18487,10,13,16
18488,10,8,10
18489,10,8,10
18490,10,13,16
18491,10,13,16
18492,10,0,12
18493,10,4,13
18494,10,7,3
18495,10,6,15
18496,10,18,0
18497,10,2,9
18498,10,0,12
18499,10,19,19
18500,10,6,15
18501,10,19,19
18502,10,7,3
18503,10,6,15
18504,10,12,14
18505,10,1,5
18506,10,13,16
18507,10,13,16
18508,10,12,14
18509,10,6,15
18510,10,7,3
18511,10,8,10
18512,10,8,10
18513,10,1,5
18514,10,12,14
18515,10,6,15
18516,10,1,5
18517,10,1,5
18518,10,0,12
18519,10,0,12
18520,10,12,14
18521,10,8,10
18522,10,0,12
18523,10,13,16
18524,10,8,10
18525,10,8,10
18526,10,4,13
18527,10,1,5
18528,10,19,19
18529,10,6,15
18530,10,6,15
18531,10,8,10
18532,10,4,13
18533,10,8,10
18534,10,8,10
18535,10,13,16
18536,10,0,12
18537,10,9,6
18538,10,9,6
18539,10,19,19
18540,10,19,19
18541,10,4,13
18542,10,6,15
18543,10,13,16
18544,10,0,12
18545,10,8,10
18546,10,6,15
18547,10,9,6
18548,10,1,5
18549,10,4,13
18550,10,18,0
18551,10,19,19
18552,10,9,6
18553,10,15,11
18554,10,1,5
18555,10,1,5
18556,10,8,10
18557,10,0,12
18558,10,6,15
18559,10,0,12
18560,10,0,12
18561,10,5,1
18562,10,9,6
18563,10,13,16
18564,10,13,16
18565,10,13,16
18566,10,12,14
18567,10,8,10
18568,10,8,10
18569,10,8,10
18570,10,8,10
18571,10,13,16
18572,10,13,16
18573,10,8,10
18574,10,6,15
18575,10,19,19
18576,10,4,13
18577,10,1,5
18578,10,0,12
18579,10,8,10
18580,10,6,15
18581,10,9,6
18582,10,9,6
18583,10,8,10
18584,10,5,1
18585,10,19,19
18586,10,4,13
18587,10,8,10
18588,10,19,19
18589,10,8,10
18590,10,8,10
18591,10,8,10
18592,10,6,15
18593,10,18,0
18594,10,19,19
18595,10,6,15
18596,10,6,15
18597,10,8,10
18598,10,13,16
18599,10,8,10
18600,10,12,14
18601,10,13,16
18602,10,18,0
18603,10,1,5
18604,10,4,13
18605,10,19,19
18606,10,0,12
18607,10,6,15
18608,10,7,3
18609,10,8,10
18610,10,6,15
18611,10,8,10
18612,10,8,10
18613,10,13,16
18614,10,13,16
18615,10,2,9
18616,10,19,19
18617,10,7,3
18618,10,19,19
18619,10,8,10
18620,10,13,16
18621,10,1,5
18622,10,4,13
18623,10,6,15
18624,10,6,15
18625,10,12,14
18626,10,13,16
18627,10,1,5
18628,10,4,13
18629,10,13,16
18630,10,4,13
18631,10,18,0
18632,10,4,13
18633,10,8,10
18634,10,8,10
18635,10,8,10
18636,10,6,15
18637,10,6,15
18638,10,19,19
18639,10,4,13
18640,10,19,19
18641,10,8,10
18642,10,6,15
18643,10,4,13
18644,10,12,14
18645,10,8,10
18646,10,8,10
18647,10,6,15
18648,10,19,19
18649,10,6,15
18650,10,13,16
18651,10,4,13
18652,10,1,5
18653,10,4,13
18654,10,8,10
18655,10,9,6
18656,10,19,19
18657,10,6,15
18658,10,0,12
18659,10,10,4
18660,10,19,19
18661,10,8,10
18662,10,4,13
18663,10,8,10
18664,10,1,5
18665,10,19,19
18666,10,6,15
18667,10,12,14
18668,10,1,5
18669,10,1,5
18670,10,7,3
18671,10,6,15
18672,10,6,15
18673,10,0,12
18674,10,8,10
18675,10,12,14
18676,10,4,13
18677,10,8,10
18678,10,1,5
18679,10,6,15
18680,10,5,1
18681,10,19,19
18682,10,19,19
18683,10,8,10
18684,10,19,19
18685,10,0,12
18686,10,6,15
18687,10,1,5
18688,10,6,15
18689,10,12,14
18690,10,0,12
18691,10,5,1
18692,10,0,12
18693,10,6,15
18694,10,8,10
18695,10,7,3
18696,10,13,16
18697,10,8,10
18698,10,5,1
18699,10,6,15
18700,10,5,1
18701,10,13,16
18702,10,1,5
18703,10,18,0
18704,10,13,16
18705,10,13,16
18706,10,0,12
18707,10,8,10
18708,10,8,10
18709,10,8,10
18710,10,12,14
18711,10,6,15
18712,10,8,10
18713,10,12,14
18714,10,12,14
18715,10,7,3
18716,10,0,12
18717,10,0,12
18718,10,6,15
18719,10,8,10
18720,10,0,12
18721,10,13,16
18722,10,0,12
18723,10,8,10
18724,10,8,10
18725,10,6,15
18726,10,6,15
18727,10,12,14
18728,10,12,14
18729,10,19,19
18730,10,7,3
18731,10,7,3
18732,10,5,1
18733,10,2,9
18734,10,8,10
18735,10,16,7
18736,10,6,15
18737,10,2,9
18738,10,2,9
18739,10,13,16
18740,10,6,15
18741,10,19,19
18742,10,12,14
18743,10,9,6
18744,10,6,15
18745,10,12,14
18746,10,1,5
18747,10,6,15
18748,10,4,13
18749,10,19,19
18750,10,19,19
18751,10,8,10
18752,10,1,5
18753,10,8,10
18754,10,8,10
18755,10,19,19
18756,10,8,10
18757,10,19,19
18758,10,9,6
18759,10,12,14
18760,10,1,5
18761,10,8,10
18762,10,8,10
18763,10,8,10
18764,10,1,5
18765,10,18,0
18766,10,1,5
18767,10,8,10
18768,10,18,0
18769,10,1,5
18770,10,0,12
18771,10,1,5
18772,10,0,12
18773,10,1,5
18774,10,8,10
18775,10,8,10
18776,10,13,16
18777,10,19,19
18778,10,13,16
18779,10,6,15
18780,10,13,16
18781,10,4,13
18782,10,5,1
18783,10,13,16
18784,10,6,15
18785,10,8,10
18786,10,9,6
18787,10,13,16
18788,10,0,12
18789,10,8,10
18790,10,4,13
18791,10,8,10
18792,10,6,15
18793,10,13,16
18794,10,13,16
18795,10,9,6
18796,10,6,15
18797,10,19,19
18798,10,6,15
18799,10,1,5
18800,10,13,16
18801,10,6,15
18802,10,6,15
18803,10,8,10
18804,10,12,14
18805,10,8,10
18806,10,8,10
18807,10,19,19
18808,10,18,0
18809,10,8,10
18810,10,19,19
18811,10,2,9
18812,10,2,9
18813,10,5,1
18814,10,0,12
18815,10,6,15
18816,10,19,19
18817,10,1,5
18818,10,0,12
18819,10,8,10
18820,10,19,19
18821,10,8,10
18822,10,19,19
18823,10,7,3
18824,10,7,3
18825,10,8,10
18826,10,13,16
18827,10,1,5
18828,10,8,10
18829,10,8,10
18830,10,13,16
18831,10,1,5
18832,10,18,0
18833,10,6,15
18834,10,13,16
18835,10,1,5
18836,10,8,10
18837,10,0,12
18838,10,0,12
18839,10,6,15
18840,10,19,19
18841,10,1,5
18842,10,1,5
18843,10,8,10
18844,10,4,13
18845,10,17,17
18846,10,8,10
18847,10,6,15
18848,10,19,19
18849,10,8,10
18850,10,19,19
18851,10,1,5
18852,10,8,10
18853,10,13,16
18854,10,1,5
18855,10,5,1
18856,10,13,16
18857,10,13,16
18858,10,8,10
18859,10,8,10
18860,10,0,12
18861,10,8,10
18862,10,3,8
18863,10,19,19
18864,10,1,5
18865,10,13,16
18866,10,6,15
18867,10,8,10
18868,10,13,16
18869,10,7,3
18870,10,8,10
18871,10,8,10
18872,10,13,16
18873,10,0,12
18874,10,0,12
18875,10,0,12
18876,10,12,14
18877,10,8,10
18878,10,13,16
18879,10,8,10
18880,10,8,10
18881,10,6,15
18882,10,8,10
18883,10,7,3
18884,10,0,12
18885,10,0,12
18886,10,13,16
18887,10,6,15
18888,10,19,19
18889,10,0,12
18890,10,0,12
18891,10,1,5
18892,10,4,13
18893,10,4,13
18894,10,13,16
18895,10,1,5
18896,10,0,12
18897,10,18,0
18898,10,18,0
18899,10,2,9
18900,10,13,16
18901,10,1,5
18902,10,4,13
18903,10,12,14
18904,10,13,16
18905,10,19,19
18906,10,13,16
18907,10,18,0
18908,10,19,19
18909,10,6,15
18910,10,6,15
18911,10,4,13
18912,10,6,15
18913,10,8,10
18914,10,12,14
18915,10,5,1
18916,10,13,16
18917,10,6,15
18918,10,8,10
18919,10,18,0
18920,10,18,0
18921,10,8,10
18922,10,8,10
18923,10,13,16
18924,10,1,5
18925,10,1,5
18926,10,1,5
18927,10,6,15
18928,10,8,10
18929,10,8,10
18930,10,0,12
18931,10,8,10
18932,10,8,10
18933,10,1,5
18934,10,1,5
18935,10,8,10
18936,10,13,16
18937,10,2,9
18938,10,13,16
18939,10,6,15
18940,10,6,15
18941,10,13,16
18942,10,13,16
18943,10,8,10
18944,10,12,14
18945,10,6,15
18946,10,6,15
18947,10,6,15
18948,10,1,5
18949,10,16,7
18950,10,4,13
18951,10,4,13
18952,10,8,10
18953,10,7,3
18954,10,12,14
18955,10,6,15
18956,10,2,9
18957,10,0,12
18958,10,6,15
18959,10,1,5
18960,10,1,5
18961,10,8,10
18962,10,8,10
18963,10,1,5
18964,10,0,12
18965,10,6,15
18966,10,8,10
18967,10,6,15
18968,10,0,12
18969,10,0,12
18970,10,13,16
18971,10,7,3
18972,10,6,15
18973,10,8,10
18974,10,0,12
18975,10,19,19
18976,10,18,0
18977,10,6,15
18978,10,19,19
18979,10,0,12
18980,10,0,12
18981,10,18,0
18982,10,6,15
18983,10,6,15
18984,10,12,14
18985,10,13,16
18986,10,1,5
18987,10,8,10
18988,10,8,10
18989,10,1,5
18990,10,5,1
18991,10,13,16
18992,10,2,9
18993,10,0,12
18994,10,13,16
18995,10,13,16
18996,10,13,16
18997,10,8,10
18998,10,8,10
18999,10,8,10
19000,10,6,15
19001,10,8,10
19002,10,8,10
19003,10,6,15
19004,10,13,16
19005,10,13,16
19006,10,0,12
19007,10,13,16
19008,10,12,14
19009,10,1,5
19010,10,16,7
19011,10,4,13
19012,10,8,10
19013,10,12,14
19014,10,13,16
19015,10,8,10
19016,10,5,1
19017,10,6,15
19018,10,6,15
19019,10,8,10
19020,10,8,10
19021,10,8,10
19022,10,6,15
19023,10,8,10
19024,10,4,13
19025,10,4,13
19026,10,4,13
19027,10,8,10
19028,10,13,16
19029,10,6,15
19030,10,1,5
19031,10,5,1
19032,10,6,15
19033,10,1,5
19034,10,6,15
19035,10,6,15
19036,10,8,10
19037,10,8,10
19038,10,1,5
19039,10,1,5
19040,10,1,5
19041,10,4,13
19042,10,8,10
19043,10,8,10
19044,10,6,15
19045,10,12,14
19046,10,19,19
19047,10,2,9
19048,10,6,15
19049,10,4,13
19050,10,8,10
19051,10,13,16
19052,10,1,5
19053,10,8,10
19054,10,4,13
19055,10,19,19
19056,10,1,5
19057,10,8,10
19058,10,0,12
19059,10,1,5
19060,10,6,15
19061,10,8,10
19062,10,1,5
19063,10,8,10
19064,10,8,10
19065,10,0,12
19066,10,12,14
19067,10,8,10
19068,10,6,15
19069,10,8,10
19070,10,8,10
19071,10,8,10
19072,10,8,10
19073,10,4,13
19074,10,19,19
19075,10,4,13
19076,10,1,5
19077,10,19,19
19078,10,8,10
19079,10,19,19
19080,10,8,10
19081,10,19,19
19082,10,0,12
19083,10,19,19
19084,10,9,6
19085,10,13,16
19086,10,7,3
19087,10,13,16
19088,10,18,0
19089,10,0,12
19090,10,4,13
19091,10,6,15
19092,10,8,10
19093,10,12,14
19094,10,2,9
19095,10,19,19
19096,10,13,16
19097,10,13,16
19098,10,2,9
19099,10,6,15
19100,10,4,13
19101,10,4,13
19102,10,6,15
19103,10,13,16
19104,10,13,16
19105,10,18,0
19106,10,1,5
19107,10,1,5
19108,10,19,19
19109,10,4,13
19110,10,2,9
19111,10,0,12
19112,10,0,12
19113,10,19,19
19114,10,8,10
19115,10,8,10
19116,10,2,9
19117,10,8,10
19118,10,4,13
19119,10,6,15
19120,10,8,10
19121,10,8,10
19122,10,19,19
19123,10,19,19
19124,10,18,0
19125,10,2,9
19126,10,13,16
19127,10,0,12
19128,10,13,16
19129,10,13,16
19130,10,0,12
19131,10,13,16
19132,10,12,14
19133,10,19,19
19134,10,0,12
19135,10,4,13
19136,10,6,15
19137,10,2,9
19138,10,12,14
19139,10,6,15
19140,10,4,13
19141,10,8,10
19142,10,8,10
19143,10,4,13
19144,10,7,3
19145,10,8,10
19146,10,8,10
19147,10,7,3
19148,10,12,14
19149,10,18,0
19150,10,2,9
19151,10,8,10
19152,10,6,15
19153,10,8,10
19154,10,6,15
19155,10,18,0
19156,10,15,11
19157,10,13,16
19158,10,13,16
19159,10,2,9
19160,10,13,16
19161,10,13,16
19162,10,0,12
19163,10,2,9
19164,10,12,14
19165,10,2,9
19166,10,6,15
19167,10,8,10
19168,10,8,10
19169,10,12,14
19170,10,13,16
19171,10,8,10
19172,10,12,14
19173,10,8,10
19174,10,6,15
19175,10,13,16
19176,10,13,16
19177,10,8,10
19178,10,13,16
19179,10,12,14
19180,10,0,12
19181,10,8,10
19182,10,8,10
19183,10,6,15
19184,10,6,15
19185,10,2,9
19186,10,6,15
19187,10,12,14
19188,10,1,5
19189,10,4,13
19190,10,8,10
19191,10,8,10
19192,10,19,19
19193,10,19,19
19194,10,8,10
19195,10,8,10
19196,10,8,10
19197,10,0,12
19198,10,9,6
19199,10,12,14
19200,10,8,10
19201,10,1,5
19202,10,0,12
19203,10,13,16
19204,10,13,16
19205,10,1,5
19206,10,1,5
19207,10,13,16
19208,10,19,19
19209,10,0,12
19210,10,13,16
19211,10,8,10
19212,10,0,12
19213,10,8,10
19214,10,13,16
19215,10,8,10
19216,10,8,10
19217,10,12,14
19218,10,4,13
19219,10,1,5
19220,10,2,9
19221,10,13,16
19222,10,7,3
19223,10,4,13
19224,10,4,13
19225,10,0,12
19226,10,19,19
19227,10,8,10
19228,10,8,10
19229,10,4,13
19230,10,0,12
19231,10,8,10
19232,10,13,16
19233,10,19,19
19234,10,6,15
19235,10,4,13
19236,10,5,1
19237,10,19,19
19238,10,6,15
19239,10,12,14
19240,10,1,5
19241,10,4,13
19242,10,12,14
19243,10,0,12
19244,10,19,19
19245,10,6,15
19246,10,6,15
19247,10,0,12
19248,10,13,16
19249,10,2,9
19250,10,12,14
19251,10,13,16
19252,10,6,15
19253,10,8,10
19254,10,12,14
19255,10,0,12
19256,10,8,10
19257,10,9,6
19258,10,12,14
19259,10,4,13
19260,10,8,10
19261,10,8,10
19262,10,8,10
19263,10,13,16
19264,10,13,16
19265,10,0,12
19266,10,8,10
19267,10,6,15
19268,10,6,15
19269,10,6,15
19270,10,19,19
19271,10,19,19
19272,10,13,16
19273,10,13,16
19274,10,19,19
19275,10,8,10
19276,10,8,10
19277,10,12,14
19278,10,4,13
19279,10,6,15
19280,10,2,9
19281,10,1,5
19282,10,6,15
19283,10,4,13
19284,10,8,10
19285,10,4,13
19286,10,18,0
19287,10,8,10
19288,10,8,10
19289,10,3,8
19290,10,0,12
19291,10,12,14
19292,10,6,15
19293,10,10,4
19294,10,8,10
19295,10,12,14
19296,10,7,3
19297,10,19,19
19298,10,1,5
19299,10,1,5
19300,10,8,10
19301,10,19,19
19302,10,8,10
19303,10,13,16
19304,10,4,13
19305,10,5,1
19306,10,13,16
19307,10,8,10
19308,10,8,10
19309,10,8,10
19310,10,6,15
19311,10,8,10
19312,10,5,1
19313,10,8,10
19314,10,4,13
19315,10,1,5
19316,10,8,10
19317,10,8,10
19318,10,1,5
19319,10,1,5
19320,10,9,6
19321,10,8,10
19322,10,1,5
19323,10,12,14
19324,10,13,16
19325,10,13,16
19326,10,8,10
19327,10,9,6
19328,10,19,19
19329,10,8,10
19330,10,0,12
19331,10,1,5
19332,10,8,10
19333,10,6,15
19334,10,6,15
19335,10,10,4
19336,10,6,15
19337,10,13,16
19338,10,0,12
19339,10,17,17
19340,10,18,0
19341,10,8,10
19342,10,0,12
19343,10,4,13
19344,10,6,15
19345,10,13,16
19346,10,4,13
19347,10,8,10
19348,10,6,15
19349,10,13,16
19350,10,13,16
19351,10,8,10
19352,10,1,5
19353,10,13,16
19354,10,6,15
19355,10,4,13
19356,10,6,15
19357,10,13,16
19358,10,8,10
19359,10,7,3
19360,10,8,10
19361,10,2,9
19362,10,0,12
19363,10,0,12
19364,10,1,5
19365,10,15,11
19366,10,6,15
19367,10,6,15
19368,10,5,1
19369,10,0,12
19370,10,6,15
19371,10,19,19
19372,10,4,13
19373,10,6,15
19374,10,13,16
19375,10,8,10
19376,10,4,13
19377,10,0,12
19378,10,19,19
19379,10,0,12
19380,10,13,16
19381,10,6,15
19382,10,0,12
19383,10,4,13
19384,10,4,13
19385,10,19,19
19386,10,13,16
19387,10,6,15
19388,10,4,13
19389,10,19,19
19390,10,19,19
19391,10,9,6
19392,10,12,14
19393,10,7,3
19394,10,0,12
19395,10,13,16
19396,10,19,19
19397,10,8,10
19398,10,6,15
19399,10,0,12
19400,10,13,16
19401,10,8,10
19402,10,13,16
19403,10,13,16
19404,10,2,9
19405,10,8,10
19406,10,8,10
19407,10,19,19
19408,10,1,5
19409,10,0,12
19410,10,6,15
19411,10,1,5
19412,10,13,16
19413,10,4,13
19414,10,12,14
19415,10,4,13
19416,10,8,10
19417,10,4,13
19418,10,2,9
19419,10,15,11
19420,10,6,15
19421,10,0,12
19422,10,19,19
19423,10,13,16
19424,10,12,14
19425,10,13,16
19426,10,4,13
19427,10,12,14
19428,10,4,13
19429,10,8,10
19430,10,4,13
19431,10,6,15
19432,10,8,10
19433,10,8,10
19434,10,6,15
19435,10,0,12
19436,10,13,16
19437,10,8,10
19438,10,1,5
19439,10,18,0
19440,10,4,13
19441,10,13,16
19442,10,4,13
19443,10,19,19
19444,10,8,10
19445,10,5,1
19446,10,0,12
19447,10,8,10
19448,10,13,16
19449,10,6,15
19450,10,12,14
19451,10,8,10
19452,10,12,14
19453,10,0,12
19454,10,8,10
19455,10,13,16
19456,10,8,10
19457,10,12,14
19458,10,0,12
19459,10,8,10
19460,10,8,10
19461,10,12,14
19462,10,12,14
19463,10,0,12
19464,10,19,19
19465,10,13,16
19466,10,19,19
19467,10,19,19
19468,10,13,16
19469,10,8,10
19470,10,6,15
19471,10,6,15
19472,10,8,10
19473,10,6,15
19474,10,8,10
19475,10,6,15
19476,10,18,0
19477,10,5,1
19478,10,7,3
19479,10,8,10
19480,10,2,9
19481,10,12,14
19482,10,1,5
19483,10,9,6
19484,10,6,15
19485,10,8,10
19486,10,13,16
19487,10,4,13
19488,10,0,12
19489,10,12,14
19490,10,13,16
19491,10,12,14
19492,10,13,16
19493,10,8,10
19494,10,0,12
19495,10,1,5
19496,10,13,16
19497,10,8,10
19498,10,8,10
19499,10,8,10
19500,10,8,10
19501,10,13,16
19502,10,8,10
19503,10,19,19
19504,10,9,6
19505,10,13,16
19506,10,4,13
19507,10,8,10
19508,10,4,13
19509,10,8,10
19510,10,13,16
19511,10,2,9
19512,10,1,5
19513,10,6,15
19514,10,1,5
19515,10,13,16
19516,10,6,15
19517,10,6,15
19518,10,1,5
19519,10,8,10
19520,10,4,13
19521,10,19,19
19522,10,13,16
19523,10,6,15
19524,10,19,19
19525,10,4,13
19526,10,8,10
19527,10,6,15
19528,10,8,10
19529,10,8,10
19530,10,12,14
19531,10,8,10
19532,10,8,10
19533,10,7,3
19534,10,13,16
19535,10,8,10
19536,10,6,15
19537,10,6,15
19538,10,8,10
19539,10,8,10
19540,10,1,5
19541,10,0,12
19542,10,8,10
19543,10,8,10
19544,10,8,10
19545,10,6,15
19546,10,12,14
19547,10,7,3
19548,10,19,19
19549,10,15,11
19550,10,19,19
19551,10,13,16
19552,10,19,19
19553,10,4,13
19554,10,8,10
19555,10,8,10
19556,10,13,16
19557,10,2,9
19558,10,0,12
19559,10,12,14
19560,10,0,12
19561,10,8,10
19562,10,8,10
19563,10,0,12
19564,10,7,3
19565,10,8,10
19566,10,2,9
19567,10,12,14
19568,10,19,19
19569,10,2,9
19570,10,8,10
19571,10,13,16
19572,10,12,14
19573,10,2,9
19574,10,0,12
19575,10,19,19
19576,10,8,10
19577,10,6,15
19578,10,6,15
19579,10,6,15
19580,10,6,15
19581,10,9,6
19582,10,13,16
19583,10,19,19
19584,10,1,5
19585,10,8,10
19586,10,19,19
19587,10,8,10
19588,10,8,10
19589,10,0,12
19590,10,0,12
19591,10,16,7
19592,10,12,14
19593,10,12,14
19594,10,8,10
19595,10,8,10
19596,10,13,16
19597,10,8,10
19598,10,12,14
19599,10,8,10
19600,10,11,18
19601,10,18,0
19602,10,8,10
19603,10,1,5
19604,10,5,1
19605,10,8,10
19606,10,8,10
19607,10,13,16
19608,10,10,4
19609,10,7,3
19610,10,12,14
19611,10,18,0
19612,10,8,10
19613,10,13,16
19614,10,0,12
19615,10,6,15
19616,10,0,12
19617,10,5,1
19618,10,7,3
19619,10,0,12
19620,10,13,16
19621,10,18,0
19622,10,8,10
19623,10,18,0
19624,10,18,0
19625,10,12,14
19626,10,18,0
19627,10,6,15
19628,10,19,19
19629,10,8,10
19630,10,18,0
19631,10,8,10
19632,10,12,14
19633,10,8,10
19634,10,4,13
19635,10,19,19
19636,10,19,19
19637,10,13,16
19638,10,6,15
19639,10,1,5
19640,10,3,8
19641,10,19,19
19642,10,18,0
19643,10,4,13
19644,10,4,13
19645,10,1,5
19646,10,8,10
19647,10,4,13
19648,10,0,12
19649,10,1,5
19650,10,8,10
19651,10,0,12
19652,10,0,12
19653,10,6,15
19654,10,6,15
19655,10,6,15
19656,10,12,14
19657,10,6,15
19658,10,12,14
19659,10,9,6
19660,10,6,15
19661,10,0,12
19662,10,7,3
19663,10,6,15
19664,10,7,3
19665,10,0,12
19666,10,6,15
19667,10,1,5
19668,10,1,5
19669,10,1,5
19670,10,1,5
19671,10,8,10
19672,10,12,14
19673,10,8,10
19674,10,19,19
19675,10,6,15
19676,10,13,16
19677,10,19,19
19678,10,8,10
19679,10,19,19
19680,10,8,10
19681,10,13,16
19682,10,0,12
19683,10,1,5
19684,10,6,15
19685,10,6,15
19686,10,13,16
19687,10,13,16
19688,10,13,16
19689,10,6,15
19690,10,6,15
19691,10,8,10
19692,10,19,19
19693,10,13,16
19694,10,19,19
19695,10,0,12
19696,10,13,16
19697,10,6,15
19698,10,6,15
19699,10,0,12
19700,10,11,18
19701,10,8,10
19702,10,1,5
19703,10,0,12
19704,10,6,15
19705,10,6,15
19706,10,12,14
19707,10,0,12
19708,10,6,15
19709,10,8,10
19710,10,9,6
19711,10,0,12
19712,10,0,12
19713,10,6,15
19714,10,6,15
19715,10,6,15
19716,10,12,14
19717,10,5,1
19718,10,8,10
19719,10,13,16
19720,10,1,5
19721,10,1,5
19722,10,1,5
19723,10,8,10
19724,10,19,19
19725,10,19,19
19726,10,13,16
19727,10,0,12
19728,10,0,12
19729,10,8,10
19730,10,8,10
19731,10,6,15
19732,10,4,13
19733,10,4,13
19734,10,19,19
19735,10,0,12
19736,10,12,14
19737,10,18,0
19738,10,1,5
19739,10,1,5
19740,10,4,13
19741,10,8,10
19742,10,18,0
19743,10,18,0
19744,10,13,16
19745,10,2,9
19746,10,0,12
19747,10,19,19
19748,10,16,7
19749,10,2,9
19750,10,8,10
19751,10,18,0
19752,10,12,14
19753,10,0,12
19754,10,19,19
19755,10,8,10
19756,10,0,12
19757,10,0,12
19758,10,6,15
19759,10,6,15
19760,10,6,15
19761,10,1,5
19762,10,8,10
19763,10,19,19
19764,10,19,19
19765,10,19,19
19766,10,12,14
19767,10,13,16
19768,10,8,10
19769,10,8,10
19770,10,19,19
19771,10,0,12
19772,10,8,10
19773,10,19,19
19774,10,8,10
19775,10,18,0
19776,10,11,18
19777,10,6,15
19778,10,11,18
19779,10,7,3
19780,10,8,10
19781,10,5,1
19782,10,18,0
19783,10,5,1
19784,10,2,9
19785,10,16,7
19786,10,8,10
19787,10,0,12
19788,10,9,6
19789,10,8,10
19790,10,8,10
19791,10,12,14
19792,10,6,15
19793,10,8,10
19794,10,0,12
19795,10,5,1
19796,10,4,13
19797,10,0,12
19798,10,13,16
19799,10,0,12
19800,10,19,19
19801,10,0,12
19802,10,12,14
19803,10,8,10
19804,10,19,19
19805,10,13,16
19806,10,8,10
19807,10,12,14
19808,10,12,14
19809,10,6,15
19810,10,6,15
19811,10,19,19
19812,10,4,13
19813,10,8,10
19814,10,13,16
19815,10,8,10
19816,10,1,5
19817,10,13,16
19818,10,6,15
19819,10,13,16
19820,10,6,15
19821,10,6,15
19822,10,19,19
19823,10,6,15
19824,10,2,9
19825,10,0,12
19826,10,8,10
19827,10,8,10
19828,10,13,16
19829,10,19,19
19830,10,2,9
19831,10,8,10
19832,10,6,15
19833,10,6,15
19834,10,8,10
19835,10,6,15
19836,10,6,15
19837,10,6,15
19838,10,6,15
19839,10,4,13
19840,10,6,15
19841,10,13,16
19842,10,13,16
19843,10,0,12
19844,10,8,10
19845,10,8,10
19846,10,8,10
19847,10,12,14
19848,10,6,15
19849,10,7,3
19850,10,6,15
19851,10,6,15
19852,10,0,12
19853,10,8,10
19854,10,9,6
19855,10,13,16
19856,10,4,13
19857,10,13,16
19858,10,0,12
19859,10,13,16
19860,10,1,5
19861,10,13,16
19862,10,8,10
19863,10,19,19
19864,10,6,15
19865,10,1,5
19866,10,0,12
19867,10,9,6
19868,10,0,12
19869,10,8,10
19870,10,8,10
19871,10,4,13
19872,10,8,10
19873,10,8,10
19874,10,6,15
19875,10,13,16
19876,10,5,1
19877,10,13,16
19878,10,13,16
19879,10,8,10
19880,10,2,9
19881,10,19,19
19882,10,18,0
19883,10,8,10
19884,10,8,10
19885,10,8,10
19886,10,5,1
19887,10,0,12
19888,10,19,19
19889,10,5,1
19890,10,9,6
19891,10,8,10
19892,10,18,0
19893,10,2,9
19894,10,5,1
19895,10,13,16
19896,10,0,12
19897,10,8,10
19898,10,13,16
19899,10,6,15
19900,10,8,10
19901,10,6,15
19902,10,13,16
19903,10,8,10
19904,10,16,7
19905,10,8,10
19906,10,3,8
19907,10,12,14
19908,10,6,15
19909,10,1,5
19910,10,6,15
19911,10,19,19
19912,10,4,13
19913,10,12,14
19914,10,12,14
19915,10,1,5
19916,10,5,1
19917,10,6,15
19918,10,8,10
19919,10,8,10
19920,10,6,15
19921,10,8,10
19922,10,6,15
19923,10,6,15
19924,10,10,4
19925,10,6,15
19926,10,2,9
19927,10,13,16
19928,10,1,5
19929,10,1,5
19930,10,8,10
19931,10,8,10
19932,10,12,14
19933,10,8,10
19934,10,8,10
19935,10,8,10
19936,10,8,10
19937,10,19,19
19938,10,5,1
19939,10,8,10
19940,10,8,10
19941,10,9,6
19942,10,13,16
19943,10,13,16
19944,10,13,16
19945,10,1,5
19946,10,8,10
19947,10,6,15
19948,10,13,16
19949,10,8,10
19950,10,8,10
19951,10,8,10
19952,10,17,17
19953,10,7,3
19954,10,8,10
19955,10,13,16
19956,10,8,10
19957,10,8,10
19958,10,0,12
19959,10,8,10
19960,10,6,15
19961,10,10,4
19962,10,6,15
19963,10,10,4
19964,10,8,10
19965,10,8,10
19966,10,8,10
19967,10,6,15
19968,10,7,3
19969,10,1,5
19970,10,13,16
19971,10,13,16
19972,10,6,15
19973,10,13,16
19974,10,8,10
19975,10,8,10
19976,10,0,12
19977,10,0,12
19978,10,0,12
19979,10,0,12
19980,10,8,10
19981,10,5,1
19982,10,8,10
19983,10,18,0
19984,10,13,16
19985,10,6,15
19986,10,1,5
19987,10,4,13
19988,10,6,15
19989,10,8,10
19990,10,13,16
19991,10,13,16
19992,10,0,12
19993,10,0,12
19994,10,0,12
19995,10,19,19
19996,10,6,15
19997,10,9,6
19998,10,6,15
19999,10,8,10
20000,10,18,0
20001,10,0,12
20002,10,13,16
20003,10,12,14
20004,10,12,14
20005,10,13,16
20006,10,8,10
20007,10,0,12
20008,10,6,15
20009,10,4,13
20010,10,0,12
20011,10,8,10
20012,10,13,16
20013,10,12,14
20014,10,19,19
20015,10,8,10
20016,10,4,13
20017,10,8,10
20018,10,6,15
20019,10,12,14
20020,10,6,15
20021,10,13,16
20022,10,9,6
20023,10,2,9
20024,10,12,14
20025,10,19,19
20026,10,13,16
20027,10,8,10
20028,10,13,16
20029,10,13,16
20030,10,4,13
20031,10,0,12
20032,10,5,1
20033,10,8,10
20034,10,4,13
20035,10,13,16
20036,10,4,13
20037,10,5,1
20038,10,5,1
20039,10,4,13
20040,10,13,16
20041,10,13,16
20042,10,13,16
20043,10,6,15
20044,10,13,16
20045,10,0,12
20046,10,7,3
20047,10,7,3
20048,10,13,16
20049,10,8,10
20050,10,9,6
20051,10,0,12
20052,10,19,19
20053,10,13,16
20054,10,8,10
20055,10,1,5
20056,10,8,10
20057,10,8,10
20058,10,7,3
20059,10,13,16
20060,10,4,13
20061,10,1,5
20062,10,8,10
20063,10,17,17
20064,10,7,3
20065,10,6,15
20066,10,6,15
20067,10,6,15
20068,10,6,15
20069,10,6,15
20070,10,13,16
20071,10,12,14
20072,10,6,15
20073,10,8,10
20074,10,11,18
20075,10,8,10
20076,10,8,10
20077,10,0,12
20078,10,2,9
20079,10,19,19
20080,10,5,1
20081,10,19,19
20082,10,4,13
20083,10,6,15
20084,10,13,16
20085,10,5,1
20086,10,19,19
20087,10,4,13
20088,10,13,16
20089,10,13,16
20090,10,19,19
20091,10,6,15
20092,10,6,15
20093,10,13,16
20094,10,0,12
20095,10,6,15
20096,10,0,12
20097,10,0,12
20098,10,8,10
20099,10,13,16
20100,10,5,1
20101,10,1,5
20102,10,8,10
20103,10,6,15
20104,10,5,1
20105,10,1,5
20106,10,6,15
20107,10,13,16
20108,10,16,7
20109,10,7,3
20110,10,6,15
20111,10,0,12
20112,10,4,13
20113,10,6,15
20114,10,4,13
20115,10,8,10
20116,10,5,1
20117,10,5,1
20118,10,5,1
20119,10,0,12
20120,10,8,10
20121,10,13,16
20122,10,8,10
20123,10,12,14
20124,10,12,14
20125,10,5,1
20126,10,0,12
20127,10,6,15
20128,10,8,10
20129,10,8,10
20130,10,6,15
20131,10,2,9
20132,10,1,5
20133,10,4,13
20134,10,8,10
20135,10,4,13
20136,10,3,8
20137,10,8,10
20138,10,8,10
20139,10,19,19
20140,10,8,10
20141,10,19,19
20142,10,8,10
20143,10,19,19
20144,10,0,12
20145,10,6,15
20146,10,8,10
20147,10,13,16
20148,10,5,1
20149,10,6,15
20150,10,12,14
20151,10,4,13
20152,10,4,13
20153,10,4,13
20154,10,19,19
20155,10,4,13
20156,10,0,12
20157,10,0,12
20158,10,1,5
20159,10,13,16
20160,10,6,15
20161,10,8,10
20162,10,13,16
20163,10,8,10
20164,10,8,10
20165,10,2,9
20166,10,6,15
20167,10,8,10
20168,10,8,10
20169,10,8,10
20170,10,6,15
20171,10,19,19
20172,10,6,15
20173,10,8,10
20174,10,6,15
20175,10,6,15
20176,10,1,5
20177,10,12,14
20178,10,13,16
20179,10,13,16
20180,10,13,16
20181,10,8,10
20182,10,8,10
20183,10,4,13
20184,10,18,0
20185,10,4,13
20186,10,1,5
20187,10,15,11
20188,10,2,9
20189,10,0,12
20190,10,8,10
20191,10,1,5
20192,10,6,15
20193,10,6,15
20194,10,6,15
20195,10,17,17
20196,10,17,17
20197,10,13,16
20198,10,19,19
20199,10,12,14
20200,10,8,10
20201,10,5,1
20202,10,19,19
20203,10,3,8
20204,10,12,14
20205,10,8,10
20206,10,1,5
20207,10,6,15
20208,10,13,16
20209,10,8,10
20210,10,8,10
20211,10,18,0
20212,10,4,13
20213,10,4,13
20214,10,2,9
20215,10,6,15
20216,10,4,13
20217,10,12,14
20218,10,13,16
20219,10,7,3
20220,10,8,10
20221,10,8,10
20222,10,13,16
20223,10,4,13
20224,10,8,10
20225,10,13,16
20226,10,19,19
20227,10,8,10
20228,10,2,9
20229,10,2,9
20230,10,6,15
20231,10,1,5
20232,10,6,15
20233,10,5,1
20234,10,19,19
20235,10,5,1
20236,10,8,10
20237,10,19,19
20238,10,8,10
20239,10,12,14
20240,10,6,15
20241,10,5,1
20242,10,13,16
20243,10,19,19
20244,10,2,9
20245,10,13,16
20246,10,13,16
20247,10,18,0
20248,10,19,19
20249,10,19,19
20250,10,6,15
20251,10,8,10
20252,10,12,14
20253,10,8,10
20254,10,12,14
20255,10,6,15
20256,10,8,10
20257,10,8,10
20258,10,3,8
20259,10,19,19
20260,10,13,16
20261,10,13,16
20262,10,12,14
20263,10,0,12
20264,10,13,16
20265,10,8,10
20266,10,4,13
20267,10,7,3
20268,10,13,16
20269,10,8,10
20270,10,6,15
20271,10,13,16
20272,10,8,10
20273,10,13,16
20274,10,19,19
20275,10,1,5
20276,10,4,13
20277,10,8,10
20278,10,6,15
20279,10,9,6
20280,10,2,9
20281,10,8,10
20282,10,8,10
20283,10,13,16
20284,10,0,12
20285,10,8,10
20286,10,13,16
20287,10,4,13
20288,10,0,12
20289,10,8,10
20290,10,13,16
20291,10,1,5
20292,10,1,5
20293,10,19,19
20294,10,13,16
20295,10,13,16
20296,10,7,3
20297,10,2,9
20298,10,2,9
20299,10,5,1
20300,10,5,1
20301,10,9,6
20302,10,4,13
20303,10,13,16
20304,10,6,15
20305,10,6,15
20306,10,6,15
20307,10,12,14
20308,10,4,13
20309,10,0,12
20310,10,8,10
20311,10,2,9
20312,10,13,16
20313,10,12,14
20314,10,8,10
20315,10,12,14
20316,10,12,14
20317,10,0,12
20318,10,8,10
20319,10,8,10
20320,10,8,10
20321,10,8,10
20322,10,0,12
20323,10,13,16
20324,10,6,15
20325,10,12,14
20326,10,1,5
20327,10,19,19
20328,10,8,10
20329,10,13,16
20330,10,0,12
20331,10,4,13
20332,10,4,13
20333,10,5,1
20334,10,18,0
20335,10,6,15
20336,10,6,15
20337,10,4,13
20338,10,7,3
20339,10,7,3
20340,10,13,16
20341,10,4,13
20342,10,13,16
20343,10,4,13
20344,10,12,14
20345,10,12,14
20346,10,8,10
20347,10,8,10
20348,10,8,10
20349,10,8,10
20350,10,8,10
20351,10,12,14
20352,10,18,0
20353,10,0,12
20354,10,4,13
20355,10,8,10
20356,10,18,0
20357,10,1,5
20358,10,12,14
20359,10,8,10
20360,10,12,14
20361,10,8,10
20362,10,13,16
20363,10,6,15
20364,10,4,13
20365,10,0,12
20366,10,13,16
20367,10,9,6
20368,10,13,16
20369,10,13,16
20370,10,13,16
20371,10,11,18
20372,10,7,3
20373,10,6,15
20374,10,12,14
20375,10,7,3
20376,10,6,15
20377,10,1,5
20378,10,8,10
20379,10,6,15
20380,10,9,6
20381,10,6,15
20382,10,19,19
20383,10,0,12
20384,10,6,15
20385,10,6,15
20386,10,6,15
20387,10,6,15
20388,10,6,15
20389,10,8,10
20390,10,8,10
20391,10,18,0
20392,10,8,10
20393,10,7,3
20394,10,13,16
20395,10,0,12
20396,10,15,11
20397,10,10,4
20398,10,8,10
20399,10,13,16
20400,10,6,15
20401,10,6,15
20402,10,6,15
20403,10,12,14
20404,10,0,12
20405,10,8,10
20406,10,7,3
20407,10,0,12
20408,10,8,10
20409,10,6,15
20410,10,19,19
20411,10,8,10
20412,10,6,15
20413,10,10,4
20414,10,6,15
20415,10,5,1
20416,10,12,14
20417,10,6,15
20418,10,0,12
20419,10,13,16
20420,10,13,16
20421,10,0,12
20422,10,19,19
20423,10,13,16
20424,10,18,0
20425,10,8,10
20426,10,6,15
20427,10,6,15
20428,10,6,15
20429,10,8,10
20430,10,13,16
20431,10,8,10
20432,10,0,12
20433,10,4,13
20434,10,0,12
20435,10,6,15
20436,10,6,15
20437,10,7,3
20438,10,1,5
20439,10,12,14
20440,10,19,19
20441,10,0,12
20442,10,1,5
20443,10,6,15
20444,10,8,10
20445,10,19,19
20446,10,13,16
20447,10,8,10
20448,10,0,12
20449,10,5,1
20450,10,0,12
20451,10,13,16
20452,10,12,14
20453,10,6,15
20454,10,8,10
20455,10,5,1
20456,10,6,15
20457,10,6,15
20458,10,4,13
20459,10,8,10
20460,10,6,15
20461,10,8,10
20462,10,2,9
20463,10,0,12
20464,10,6,15
20465,10,0,12
20466,10,0,12
20467,10,8,10
20468,10,13,16
20469,10,8,10
20470,10,2,9
20471,10,2,9
20472,10,12,14
20473,10,1,5
20474,10,4,13
20475,10,8,10
20476,10,1,5
20477,10,19,19
20478,10,6,15
20479,10,8,10
20480,10,1,5
20481,10,0,12
20482,10,8,10
20483,10,8,10
20484,10,19,19
20485,10,2,9
20486,10,12,14
20487,10,1,5
20488,10,8,10
20489,10,18,0
20490,10,4,13
20491,10,8,10
20492,10,2,9
20493,10,4,13
20494,10,13,16
20495,10,8,10
20496,10,8,10
20497,10,4,13
20498,10,8,10
20499,10,6,15
20500,10,19,19
20501,10,8,10
20502,10,6,15
20503,10,6,15
20504,10,18,0
20505,10,19,19
20506,10,13,16
20507,10,6,15
20508,10,12,14
20509,10,19,19
20510,10,13,16
20511,10,12,14
20512,10,8,10
20513,10,19,19
20514,10,6,15
20515,10,19,19
20516,10,8,10
20517,10,6,15
20518,10,13,16
20519,10,7,3
20520,10,1,5
20521,10,5,1
20522,10,4,13
20523,10,5,1
20524,10,8,10
20525,10,13,16
20526,10,9,6
20527,10,1,5
20528,10,0,12
20529,10,0,12
20530,10,19,19
20531,10,8,10
20532,10,7,3
20533,15,4,13
20534,15,17,17
20535,15,6,15
20536,15,6,15
20537,15,13,16
20538,15,8,10
20539,15,13,16
20540,15,7,3
20541,15,8,10
20542,15,6,15
20543,15,8,10
20544,15,13,16
20545,15,4,13
20546,15,13,16
20547,15,1,5
20548,15,12,14
20549,15,12,14
20550,15,1,5
20551,15,8,10
20552,15,12,14
20553,15,12,14
20554,15,8,10
20555,15,8,10
20556,15,8,10
20557,15,13,16
20558,15,13,16
20559,15,12,14
20560,15,12,14
20561,15,8,10
20562,15,8,10
20563,15,13,16
20564,15,19,19
20565,15,8,10
20566,15,4,13
20567,15,12,14
20568,15,6,15
20569,15,6,15
20570,15,12,14
20571,15,12,14
20572,15,13,16
20573,15,8,10
20574,15,7,3
20575,15,8,10
20576,15,4,13
20577,15,8,10
20578,15,4,13
20579,15,19,19
20580,15,7,3
20581,15,8,10
20582,15,0,12
20583,15,7,3
20584,15,19,19
20585,15,19,19
20586,15,1,5
20587,15,8,10
20588,15,6,15
20589,15,13,16
20590,15,5,1
20591,15,13,16
20592,15,9,6
20593,15,2,9
20594,15,8,10
20595,15,13,16
20596,15,19,19
20597,15,6,15
20598,15,4,13
20599,15,4,13
20600,15,0,12
20601,15,8,10
20602,15,19,19
20603,15,6,15
20604,15,18,0
20605,15,8,10
20606,15,8,10
20607,15,6,15
20608,15,13,16
20609,15,12,14
20610,15,0,12
20611,15,6,15
20612,15,1,5
20613,15,8,10
20614,15,1,5
20615,15,4,13
20616,15,8,10
20617,15,8,10
20618,15,0,12
20619,15,7,3
20620,15,7,3
20621,15,7,3
20622,15,7,3
20623,15,1,5
20624,15,19,19
20625,15,1,5
20626,15,1,5
20627,15,8,10
20628,15,1,5
20629,15,13,16
20630,15,13,16
20631,15,5,1
20632,15,8,10
20633,15,8,10
20634,15,13,16
20635,15,8,10
20636,15,8,10
20637,15,0,12
20638,15,0,12
20639,15,13,16
20640,15,8,10
20641,15,4,13
20642,15,19,19
20643,15,6,15
20644,15,8,10
20645,15,4,13
20646,15,13,16
20647,15,9,6
20648,15,1,5
20649,15,8,10
20650,15,7,3
20651,15,8,10
20652,15,6,15
20653,15,6,15
20654,15,6,15
20655,15,18,0
20656,15,13,16
20657,15,8,10
20658,15,13,16
20659,15,4,13
20660,15,19,19
20661,15,6,15
20662,15,9,6
20663,15,8,10
20664,15,8,10
20665,15,15,11
20666,15,5,1
20667,15,6,15
20668,15,8,10
20669,15,13,16
20670,15,3,8
20671,15,19,19
20672,15,6,15
20673,15,6,15
20674,15,12,14
20675,15,8,10
20676,15,8,10
20677,15,12,14
20678,15,6,15
20679,15,0,12
20680,15,1,5
20681,15,6,15
20682,15,9,6
20683,16,13,16
20684,16,13,16
20685,16,4,13
20686,16,13,16
20687,16,8,10
20688,16,19,19
20689,16,4,13
20690,16,6,15
20691,16,13,16
20692,16,6,15
20693,16,6,15
20694,16,1,5
20695,16,3,8
20696,16,12,14
20697,16,2,9
20698,16,18,0
20699,16,8,10
20700,16,7,3
20701,16,13,16
20702,16,5,1
20703,16,13,16
20704,16,1,5
20705,16,13,16
20706,16,13,16
20707,16,8,10
20708,16,4,13
20709,16,8,10
20710,16,8,10
20711,16,13,16
20712,16,7,3
20713,16,9,6
20714,16,13,16
20715,16,8,10
20716,16,8,10
20717,16,13,16
20718,16,4,13
20719,16,4,13
20720,16,0,12
20721,16,6,15
20722,16,10,4
20723,16,19,19
20724,16,19,19
20725,16,1,5
20726,16,8,10
20727,16,13,16
20728,16,19,19
20729,16,0,12
20730,16,0,12
20731,16,8,10
20732,16,12,14
20733,16,12,14
20734,16,8,10
20735,16,13,16
20736,16,1,5
20737,16,9,6
20738,16,0,12
20739,16,8,10
20740,16,13,16
20741,16,1,5
20742,16,6,15
20743,16,6,15
20744,16,18,0
20745,16,18,0
20746,16,18,0
20747,16,18,0
20748,16,8,10
20749,16,1,5
20750,16,8,10
20751,16,13,16
20752,16,13,16
20753,16,0,12
20754,16,13,16
20755,16,9,6
20756,16,0,12
20757,16,4,13
20758,16,13,16
20759,16,2,9
20760,16,8,10
20761,16,8,10
20762,16,13,16
20763,16,2,9
20764,16,6,15
20765,16,6,15
20766,16,4,13
20767,16,6,15
20768,16,12,14
20769,16,13,16
20770,16,1,5
20771,16,8,10
20772,16,13,16
20773,16,19,19
20774,16,6,15
20775,16,0,12
20776,16,8,10
20777,16,18,0
20778,16,8,10
20779,16,4,13
20780,16,4,13
20781,16,0,12
20782,16,1,5
20783,16,5,1
20784,16,8,10
20785,16,8,10
20786,16,12,14
20787,16,1,5
20788,16,8,10
20789,16,19,19
20790,16,19,19
20791,16,8,10
20792,16,8,10
20793,16,8,10
20794,16,0,12
20795,16,6,15
20796,16,6,15
20797,16,13,16
20798,16,12,14
20799,16,8,10
20800,16,12,14
20801,16,8,10
20802,16,8,10
20803,16,1,5
20804,16,13,16
20805,16,13,16
20806,16,6,15
20807,16,8,10
20808,16,12,14
20809,16,19,19
20810,16,8,10
20811,16,13,16
20812,16,13,16
20813,16,0,12
20814,16,19,19
20815,16,12,14
20816,16,9,6
20817,16,7,3
20818,16,13,16
20819,16,0,12
20820,16,0,12
20821,16,6,15
20822,16,6,15
20823,16,19,19
20824,16,8,10
20825,16,4,13
20826,16,1,5
20827,16,6,15
20828,16,13,16
20829,16,6,15
20830,16,19,19
20831,16,12,14
20832,16,6,15
20833,16,8,10
20834,16,12,14
20835,16,6,15
20836,16,4,13
20837,16,4,13
20838,16,6,15
20839,16,6,15
20840,16,1,5
20841,16,9,6
20842,16,18,0
20843,16,13,16
20844,16,13,16
20845,16,10,4
20846,16,12,14
20847,16,0,12
20848,16,19,19
20849,16,8,10
20850,16,8,10
20851,16,2,9
20852,16,10,4
20853,16,10,4
20854,16,8,10
20855,16,6,15
20856,16,19,19
20857,16,12,14
20858,16,12,14
20859,16,8,10
20860,16,15,11
20861,16,2,9
20862,16,12,14
20863,16,1,5
20864,16,6,15
20865,16,6,15
20866,16,8,10
20867,16,8,10
20868,16,8,10
20869,16,8,10
20870,16,1,5
20871,16,0,12
20872,16,0,12
20873,16,8,10
20874,16,8,10
20875,16,19,19
20876,16,2,9
20877,16,19,19
20878,16,3,8
20879,16,0,12
20880,16,0,12
20881,16,8,10
20882,16,0,12
20883,16,4,13
20884,16,2,9
20885,16,2,9
20886,16,8,10
20887,16,1,5
20888,16,19,19
20889,16,13,16
20890,16,12,14
20891,16,8,10
20892,16,1,5
20893,16,8,10
20894,16,12,14
20895,16,19,19
20896,16,13,16
20897,16,6,15
20898,16,6,15
20899,16,19,19
20900,16,10,4
20901,16,2,9
20902,16,4,13
20903,16,19,19
20904,16,8,10
20905,16,2,9
20906,16,13,16
20907,16,7,3
20908,16,8,10
20909,16,4,13
20910,16,12,14
20911,16,6,15
20912,16,5,1
20913,16,13,16
20914,16,13,16
20915,16,4,13
20916,16,4,13
20917,16,8,10
20918,16,8,10
20919,16,8,10
20920,16,19,19
