cell_id,true_label,pred_label_raw,pred_label_aligned
0,13.0,3,18.0
1,13.0,1,10.0
2,13.0,3,18.0
3,13.0,6,17.0
4,13.0,1,10.0
5,13.0,1,10.0
6,13.0,1,10.0
7,13.0,1,10.0
8,13.0,8,4.0
9,13.0,4,8.0
10,13.0,9,13.0
11,13.0,1,10.0
12,13.0,7,7.0
13,13.0,1,10.0
14,13.0,3,18.0
15,13.0,1,10.0
16,13.0,1,10.0
17,13.0,4,8.0
18,13.0,3,18.0
19,13.0,1,10.0
20,13.0,5,2.0
21,13.0,1,10.0
22,13.0,1,10.0
23,13.0,6,17.0
24,13.0,1,10.0
25,13.0,3,18.0
26,13.0,7,7.0
27,13.0,3,18.0
28,13.0,5,2.0
29,13.0,3,18.0
30,13.0,5,2.0
31,13.0,1,10.0
32,13.0,9,13.0
33,13.0,1,10.0
34,13.0,1,10.0
35,13.0,6,17.0
36,13.0,1,10.0
37,13.0,3,18.0
38,13.0,1,10.0
39,13.0,3,18.0
40,13.0,3,18.0
41,13.0,6,17.0
42,13.0,3,18.0
43,13.0,6,17.0
44,13.0,5,2.0
45,13.0,7,7.0
46,13.0,1,10.0
47,13.0,7,7.0
48,13.0,0,9.0
49,13.0,1,10.0
50,13.0,3,18.0
51,13.0,6,17.0
52,13.0,8,4.0
53,13.0,1,10.0
54,13.0,1,10.0
55,13.0,1,10.0
56,13.0,2,6.0
57,13.0,3,18.0
58,13.0,1,10.0
59,13.0,1,10.0
60,13.0,2,6.0
61,13.0,7,7.0
62,13.0,3,18.0
63,13.0,1,10.0
64,13.0,6,17.0
65,13.0,7,7.0
66,13.0,8,4.0
67,13.0,1,10.0
68,13.0,1,10.0
69,13.0,5,2.0
70,13.0,1,10.0
71,13.0,7,7.0
72,13.0,0,9.0
73,13.0,3,18.0
74,13.0,1,10.0
75,13.0,1,10.0
76,13.0,1,10.0
77,13.0,8,4.0
78,13.0,3,18.0
79,13.0,1,10.0
80,13.0,1,10.0
81,13.0,3,18.0
82,13.0,8,4.0
83,13.0,5,2.0
84,13.0,2,6.0
85,13.0,1,10.0
86,13.0,1,10.0
87,13.0,6,17.0
88,13.0,8,4.0
89,13.0,8,4.0
90,13.0,8,4.0
91,13.0,4,8.0
92,13.0,3,18.0
93,13.0,6,17.0
94,13.0,1,10.0
95,13.0,6,17.0
96,13.0,6,17.0
97,13.0,7,7.0
98,13.0,2,6.0
99,13.0,1,10.0
100,13.0,1,10.0
101,13.0,1,10.0
102,13.0,1,10.0
103,13.0,6,17.0
104,13.0,1,10.0
105,13.0,3,18.0
106,13.0,6,17.0
107,13.0,1,10.0
108,13.0,2,6.0
109,13.0,6,17.0
110,13.0,1,10.0
111,13.0,1,10.0
112,13.0,7,7.0
113,13.0,2,6.0
114,13.0,2,6.0
115,13.0,2,6.0
116,13.0,1,10.0
117,13.0,6,17.0
118,13.0,1,10.0
119,13.0,1,10.0
120,13.0,1,10.0
121,13.0,1,10.0
122,13.0,1,10.0
123,13.0,8,4.0
124,13.0,6,17.0
125,13.0,5,2.0
126,13.0,3,18.0
127,13.0,1,10.0
128,13.0,1,10.0
129,13.0,3,18.0
130,13.0,4,8.0
131,13.0,1,10.0
132,13.0,3,18.0
133,13.0,1,10.0
134,13.0,1,10.0
135,13.0,5,2.0
136,13.0,3,18.0
137,13.0,3,18.0
138,13.0,4,8.0
139,13.0,1,10.0
140,13.0,1,10.0
141,13.0,3,18.0
142,13.0,0,9.0
143,13.0,4,8.0
144,13.0,1,10.0
145,13.0,3,18.0
146,13.0,5,2.0
147,13.0,1,10.0
148,13.0,1,10.0
149,13.0,1,10.0
150,13.0,7,7.0
151,13.0,1,10.0
152,13.0,6,17.0
153,13.0,3,18.0
154,13.0,1,10.0
155,13.0,0,9.0
156,13.0,3,18.0
157,13.0,1,10.0
158,13.0,8,4.0
159,13.0,3,18.0
160,13.0,1,10.0
161,13.0,3,18.0
162,13.0,7,7.0
163,13.0,1,10.0
164,13.0,3,18.0
165,13.0,3,18.0
166,13.0,6,17.0
167,13.0,3,18.0
168,13.0,4,8.0
169,13.0,1,10.0
170,13.0,3,18.0
171,13.0,6,17.0
172,13.0,6,17.0
173,13.0,3,18.0
174,13.0,1,10.0
175,13.0,2,6.0
176,13.0,3,18.0
177,13.0,1,10.0
178,13.0,1,10.0
179,13.0,1,10.0
180,13.0,8,4.0
181,13.0,2,6.0
182,13.0,1,10.0
183,13.0,8,4.0
184,13.0,8,4.0
185,13.0,6,17.0
186,13.0,1,10.0
187,13.0,6,17.0
188,13.0,1,10.0
189,13.0,3,18.0
190,13.0,3,18.0
191,13.0,7,7.0
192,13.0,1,10.0
193,13.0,1,10.0
194,13.0,1,10.0
195,13.0,6,17.0
196,13.0,1,10.0
197,13.0,1,10.0
198,13.0,4,8.0
199,13.0,3,18.0
200,13.0,6,17.0
201,13.0,1,10.0
202,13.0,1,10.0
203,13.0,1,10.0
204,13.0,4,8.0
205,13.0,3,18.0
206,13.0,1,10.0
207,13.0,3,18.0
208,13.0,1,10.0
209,13.0,2,6.0
210,13.0,2,6.0
211,13.0,8,4.0
212,13.0,3,18.0
213,13.0,6,17.0
214,13.0,3,18.0
215,13.0,3,18.0
216,13.0,3,18.0
217,13.0,4,8.0
218,13.0,3,18.0
219,13.0,6,17.0
220,13.0,1,10.0
221,13.0,1,10.0
222,13.0,1,10.0
223,13.0,1,10.0
224,13.0,3,18.0
225,13.0,3,18.0
226,13.0,1,10.0
227,13.0,7,7.0
228,13.0,3,18.0
229,13.0,8,4.0
230,13.0,0,9.0
231,13.0,1,10.0
232,13.0,8,4.0
233,13.0,7,7.0
234,13.0,6,17.0
235,13.0,8,4.0
236,13.0,7,7.0
237,13.0,7,7.0
238,13.0,8,4.0
239,13.0,1,10.0
240,13.0,1,10.0
241,13.0,5,2.0
242,13.0,1,10.0
243,13.0,1,10.0
244,13.0,1,10.0
245,13.0,1,10.0
246,13.0,1,10.0
247,13.0,6,17.0
248,13.0,1,10.0
249,13.0,1,10.0
250,13.0,0,9.0
251,13.0,1,10.0
252,13.0,7,7.0
253,13.0,1,10.0
254,13.0,0,9.0
255,13.0,3,18.0
256,13.0,0,9.0
257,13.0,8,4.0
258,13.0,8,4.0
259,13.0,6,17.0
260,13.0,8,4.0
261,13.0,1,10.0
262,13.0,1,10.0
263,13.0,6,17.0
264,13.0,0,9.0
265,13.0,1,10.0
266,13.0,1,10.0
267,13.0,3,18.0
268,13.0,0,9.0
269,13.0,8,4.0
270,13.0,1,10.0
271,13.0,3,18.0
272,13.0,1,10.0
273,13.0,3,18.0
274,13.0,8,4.0
275,13.0,7,7.0
276,13.0,8,4.0
277,13.0,3,18.0
278,13.0,6,17.0
279,13.0,3,18.0
280,13.0,3,18.0
281,13.0,6,17.0
282,13.0,1,10.0
283,13.0,1,10.0
284,13.0,1,10.0
285,13.0,7,7.0
286,13.0,6,17.0
287,13.0,0,9.0
288,13.0,7,7.0
289,13.0,4,8.0
290,13.0,1,10.0
291,13.0,7,7.0
292,13.0,3,18.0
293,13.0,1,10.0
294,13.0,1,10.0
295,13.0,7,7.0
296,13.0,1,10.0
297,13.0,5,2.0
298,13.0,1,10.0
299,13.0,1,10.0
300,13.0,1,10.0
301,13.0,1,10.0
302,13.0,8,4.0
303,13.0,1,10.0
304,13.0,8,4.0
305,13.0,8,4.0
306,13.0,1,10.0
307,13.0,1,10.0
308,13.0,1,10.0
309,13.0,1,10.0
310,13.0,3,18.0
311,13.0,3,18.0
312,13.0,8,4.0
313,13.0,1,10.0
314,13.0,4,8.0
315,13.0,6,17.0
316,13.0,1,10.0
317,13.0,7,7.0
318,13.0,1,10.0
319,13.0,1,10.0
320,13.0,1,10.0
321,13.0,8,4.0
322,13.0,9,13.0
323,13.0,1,10.0
324,13.0,1,10.0
325,13.0,7,7.0
326,13.0,5,2.0
327,13.0,1,10.0
328,13.0,8,4.0
329,13.0,1,10.0
330,13.0,2,6.0
331,13.0,3,18.0
332,13.0,6,17.0
333,13.0,7,7.0
334,13.0,1,10.0
335,13.0,1,10.0
336,13.0,3,18.0
337,13.0,6,17.0
338,13.0,1,10.0
339,13.0,1,10.0
340,13.0,7,7.0
341,13.0,4,8.0
342,13.0,8,4.0
343,13.0,8,4.0
344,13.0,3,18.0
345,13.0,7,7.0
346,13.0,8,4.0
347,13.0,1,10.0
348,13.0,1,10.0
349,13.0,6,17.0
350,13.0,1,10.0
351,13.0,1,10.0
352,13.0,8,4.0
353,13.0,3,18.0
354,13.0,6,17.0
355,13.0,1,10.0
356,13.0,6,17.0
357,13.0,4,8.0
358,13.0,8,4.0
359,13.0,1,10.0
360,13.0,7,7.0
361,13.0,1,10.0
362,13.0,7,7.0
363,13.0,3,18.0
364,13.0,1,10.0
365,13.0,1,10.0
366,13.0,1,10.0
367,13.0,6,17.0
368,13.0,3,18.0
369,13.0,3,18.0
370,13.0,6,17.0
371,13.0,6,17.0
372,13.0,0,9.0
373,13.0,1,10.0
374,13.0,1,10.0
375,13.0,1,10.0
376,13.0,1,10.0
377,13.0,4,8.0
378,13.0,1,10.0
379,13.0,1,10.0
380,13.0,1,10.0
381,13.0,7,7.0
382,13.0,1,10.0
383,13.0,1,10.0
384,13.0,1,10.0
385,13.0,3,18.0
386,13.0,3,18.0
387,13.0,1,10.0
388,13.0,1,10.0
389,13.0,1,10.0
390,13.0,3,18.0
391,13.0,7,7.0
392,12.0,1,10.0
393,12.0,1,10.0
394,12.0,3,18.0
395,12.0,2,6.0
396,12.0,1,10.0
397,12.0,7,7.0
398,12.0,6,17.0
399,12.0,1,10.0
400,12.0,1,10.0
401,12.0,1,10.0
402,12.0,1,10.0
403,12.0,7,7.0
404,12.0,8,4.0
405,12.0,8,4.0
406,12.0,4,8.0
407,12.0,1,10.0
408,12.0,3,18.0
409,12.0,3,18.0
410,12.0,0,9.0
411,12.0,3,18.0
412,12.0,0,9.0
413,12.0,7,7.0
414,12.0,8,4.0
415,12.0,1,10.0
416,12.0,1,10.0
417,12.0,1,10.0
418,12.0,3,18.0
419,12.0,1,10.0
420,12.0,5,2.0
421,12.0,6,17.0
422,12.0,8,4.0
423,12.0,1,10.0
424,12.0,1,10.0
425,12.0,8,4.0
426,12.0,3,18.0
427,12.0,1,10.0
428,12.0,3,18.0
429,12.0,6,17.0
430,12.0,8,4.0
431,12.0,1,10.0
432,12.0,0,9.0
433,12.0,3,18.0
434,12.0,0,9.0
435,12.0,1,10.0
436,12.0,3,18.0
437,12.0,3,18.0
438,12.0,8,4.0
439,12.0,0,9.0
440,12.0,3,18.0
441,12.0,6,17.0
442,12.0,0,9.0
443,12.0,1,10.0
444,12.0,1,10.0
445,12.0,0,9.0
446,12.0,1,10.0
447,12.0,1,10.0
448,12.0,1,10.0
449,12.0,1,10.0
450,12.0,1,10.0
451,12.0,2,6.0
452,12.0,6,17.0
453,12.0,6,17.0
454,12.0,0,9.0
455,12.0,1,10.0
456,12.0,6,17.0
457,12.0,8,4.0
458,12.0,1,10.0
459,12.0,1,10.0
460,12.0,6,17.0
461,12.0,8,4.0
462,12.0,8,4.0
463,12.0,1,10.0
464,12.0,6,17.0
465,12.0,7,7.0
466,12.0,3,18.0
467,12.0,6,17.0
468,12.0,8,4.0
469,12.0,1,10.0
470,12.0,5,2.0
471,12.0,2,6.0
472,12.0,4,8.0
473,12.0,3,18.0
474,12.0,1,10.0
475,12.0,3,18.0
476,12.0,3,18.0
477,12.0,1,10.0
478,12.0,1,10.0
479,12.0,8,4.0
480,12.0,1,10.0
481,12.0,1,10.0
482,12.0,1,10.0
483,12.0,1,10.0
484,12.0,1,10.0
485,12.0,3,18.0
486,12.0,1,10.0
487,12.0,1,10.0
488,12.0,8,4.0
489,12.0,6,17.0
490,12.0,6,17.0
491,12.0,8,4.0
492,12.0,1,10.0
493,12.0,1,10.0
494,12.0,6,17.0
495,12.0,3,18.0
496,12.0,3,18.0
497,12.0,3,18.0
498,12.0,1,10.0
499,12.0,1,10.0
500,12.0,1,10.0
501,12.0,2,6.0
502,12.0,5,2.0
503,12.0,1,10.0
504,12.0,2,6.0
505,12.0,1,10.0
506,12.0,3,18.0
507,12.0,1,10.0
508,12.0,2,6.0
509,12.0,1,10.0
510,12.0,1,10.0
511,12.0,3,18.0
512,12.0,3,18.0
513,12.0,1,10.0
514,12.0,1,10.0
515,12.0,1,10.0
516,12.0,8,4.0
517,12.0,6,17.0
518,12.0,1,10.0
519,12.0,1,10.0
520,12.0,3,18.0
521,12.0,1,10.0
522,12.0,1,10.0
523,1.0,3,18.0
524,1.0,1,10.0
525,1.0,3,18.0
526,1.0,6,17.0
527,1.0,1,10.0
528,1.0,6,17.0
529,1.0,7,7.0
530,1.0,8,4.0
531,1.0,1,10.0
532,1.0,0,9.0
533,1.0,8,4.0
534,1.0,3,18.0
535,1.0,8,4.0
536,1.0,6,17.0
537,1.0,1,10.0
538,1.0,2,6.0
539,1.0,3,18.0
540,1.0,1,10.0
541,1.0,1,10.0
542,1.0,6,17.0
543,1.0,1,10.0
544,1.0,7,7.0
545,1.0,1,10.0
546,1.0,1,10.0
547,1.0,0,9.0
548,1.0,3,18.0
549,1.0,1,10.0
550,1.0,0,9.0
551,1.0,7,7.0
552,1.0,3,18.0
553,1.0,1,10.0
554,1.0,1,10.0
555,1.0,8,4.0
556,1.0,3,18.0
557,1.0,2,6.0
558,1.0,1,10.0
559,1.0,8,4.0
560,1.0,1,10.0
561,1.0,3,18.0
562,1.0,8,4.0
563,1.0,3,18.0
564,1.0,3,18.0
565,1.0,1,10.0
566,1.0,1,10.0
567,1.0,6,17.0
568,1.0,2,6.0
569,1.0,3,18.0
570,1.0,1,10.0
571,1.0,2,6.0
572,1.0,1,10.0
573,1.0,1,10.0
574,1.0,7,7.0
575,1.0,1,10.0
576,1.0,8,4.0
577,1.0,3,18.0
578,1.0,1,10.0
579,1.0,3,18.0
580,1.0,6,17.0
581,1.0,8,4.0
582,1.0,3,18.0
583,1.0,1,10.0
584,1.0,6,17.0
585,1.0,1,10.0
586,1.0,3,18.0
587,1.0,6,17.0
588,1.0,7,7.0
589,1.0,1,10.0
590,1.0,1,10.0
591,1.0,8,4.0
592,1.0,3,18.0
593,1.0,3,18.0
594,1.0,1,10.0
595,1.0,1,10.0
596,1.0,1,10.0
597,1.0,3,18.0
598,1.0,1,10.0
599,1.0,3,18.0
600,1.0,2,6.0
601,1.0,9,13.0
602,1.0,1,10.0
603,1.0,1,10.0
604,1.0,1,10.0
605,1.0,5,2.0
606,1.0,2,6.0
607,1.0,3,18.0
608,1.0,1,10.0
609,1.0,1,10.0
610,1.0,4,8.0
611,1.0,1,10.0
612,1.0,1,10.0
613,1.0,1,10.0
614,1.0,6,17.0
615,1.0,1,10.0
616,1.0,1,10.0
617,1.0,7,7.0
618,1.0,1,10.0
619,1.0,1,10.0
620,1.0,1,10.0
621,1.0,1,10.0
622,1.0,3,18.0
623,1.0,7,7.0
624,1.0,3,18.0
625,1.0,1,10.0
626,1.0,6,17.0
627,1.0,3,18.0
628,1.0,6,17.0
629,1.0,6,17.0
630,1.0,7,7.0
631,1.0,6,17.0
632,1.0,1,10.0
633,1.0,3,18.0
634,1.0,3,18.0
635,1.0,0,9.0
636,1.0,1,10.0
637,1.0,1,10.0
638,1.0,1,10.0
639,1.0,7,7.0
640,1.0,3,18.0
641,1.0,0,9.0
642,1.0,1,10.0
643,1.0,6,17.0
644,1.0,3,18.0
645,1.0,1,10.0
646,1.0,8,4.0
647,1.0,1,10.0
648,1.0,3,18.0
649,1.0,6,17.0
650,1.0,6,17.0
651,1.0,7,7.0
652,1.0,7,7.0
653,1.0,8,4.0
654,1.0,3,18.0
655,1.0,1,10.0
656,1.0,3,18.0
657,1.0,2,6.0
658,1.0,8,4.0
659,1.0,1,10.0
660,1.0,3,18.0
661,1.0,6,17.0
662,1.0,1,10.0
663,1.0,7,7.0
664,1.0,1,10.0
665,1.0,8,4.0
666,1.0,1,10.0
667,1.0,1,10.0
668,1.0,0,9.0
669,1.0,1,10.0
670,1.0,1,10.0
671,1.0,0,9.0
672,1.0,3,18.0
673,1.0,3,18.0
674,1.0,1,10.0
675,1.0,7,7.0
676,1.0,1,10.0
677,1.0,3,18.0
678,1.0,1,10.0
679,1.0,7,7.0
680,1.0,5,2.0
681,1.0,3,18.0
682,1.0,3,18.0
683,1.0,1,10.0
684,1.0,8,4.0
685,1.0,3,18.0
686,1.0,2,6.0
687,1.0,1,10.0
688,1.0,4,8.0
689,1.0,1,10.0
690,1.0,1,10.0
691,1.0,6,17.0
692,1.0,3,18.0
693,1.0,8,4.0
694,1.0,0,9.0
695,1.0,1,10.0
696,1.0,3,18.0
697,1.0,2,6.0
698,1.0,1,10.0
699,1.0,0,9.0
700,1.0,1,10.0
701,1.0,3,18.0
702,1.0,3,18.0
703,1.0,1,10.0
704,1.0,1,10.0
705,1.0,1,10.0
706,1.0,1,10.0
707,1.0,1,10.0
708,1.0,8,4.0
709,1.0,8,4.0
710,1.0,3,18.0
711,1.0,1,10.0
712,1.0,8,4.0
713,1.0,6,17.0
714,1.0,3,18.0
715,1.0,1,10.0
716,1.0,1,10.0
717,1.0,1,10.0
718,1.0,1,10.0
719,1.0,3,18.0
720,1.0,1,10.0
721,1.0,8,4.0
722,1.0,1,10.0
723,1.0,3,18.0
724,1.0,8,4.0
725,1.0,7,7.0
726,1.0,3,18.0
727,1.0,7,7.0
728,1.0,1,10.0
729,1.0,1,10.0
730,1.0,7,7.0
731,1.0,7,7.0
732,1.0,1,10.0
733,1.0,1,10.0
734,1.0,7,7.0
735,1.0,3,18.0
736,1.0,1,10.0
737,1.0,1,10.0
738,1.0,7,7.0
739,1.0,1,10.0
740,1.0,0,9.0
741,1.0,6,17.0
742,1.0,1,10.0
743,1.0,1,10.0
744,1.0,8,4.0
745,1.0,1,10.0
746,1.0,6,17.0
747,1.0,1,10.0
748,1.0,0,9.0
749,1.0,6,17.0
750,1.0,6,17.0
751,1.0,8,4.0
752,1.0,0,9.0
753,1.0,1,10.0
754,1.0,6,17.0
755,1.0,9,13.0
756,1.0,1,10.0
757,1.0,3,18.0
758,1.0,2,6.0
759,1.0,8,4.0
760,1.0,1,10.0
761,1.0,6,17.0
762,1.0,8,4.0
763,3.0,3,18.0
764,3.0,8,4.0
765,3.0,1,10.0
766,3.0,2,6.0
767,3.0,7,7.0
768,3.0,8,4.0
769,3.0,3,18.0
770,3.0,8,4.0
771,3.0,8,4.0
772,3.0,3,18.0
773,3.0,7,7.0
774,3.0,3,18.0
775,3.0,3,18.0
776,3.0,3,18.0
777,3.0,6,17.0
778,3.0,7,7.0
779,3.0,1,10.0
780,3.0,6,17.0
781,3.0,1,10.0
782,3.0,1,10.0
783,3.0,0,9.0
784,3.0,3,18.0
785,3.0,3,18.0
786,3.0,6,17.0
787,3.0,6,17.0
788,3.0,2,6.0
789,3.0,4,8.0
790,3.0,1,10.0
791,3.0,1,10.0
792,3.0,4,8.0
793,3.0,0,9.0
794,3.0,8,4.0
795,3.0,1,10.0
796,3.0,3,18.0
797,3.0,8,4.0
798,3.0,1,10.0
799,3.0,0,9.0
800,3.0,2,6.0
801,3.0,3,18.0
802,3.0,8,4.0
803,3.0,1,10.0
804,3.0,6,17.0
805,3.0,8,4.0
806,3.0,5,2.0
807,3.0,1,10.0
808,3.0,5,2.0
809,3.0,2,6.0
810,3.0,1,10.0
811,3.0,3,18.0
812,3.0,3,18.0
813,3.0,0,9.0
814,3.0,1,10.0
815,3.0,1,10.0
816,3.0,6,17.0
817,3.0,1,10.0
818,3.0,1,10.0
819,3.0,3,18.0
820,3.0,8,4.0
821,3.0,7,7.0
822,3.0,6,17.0
823,3.0,1,10.0
824,3.0,2,6.0
825,3.0,1,10.0
826,3.0,1,10.0
827,3.0,1,10.0
828,3.0,8,4.0
829,3.0,6,17.0
830,3.0,1,10.0
831,3.0,6,17.0
832,3.0,1,10.0
833,3.0,1,10.0
834,3.0,4,8.0
835,3.0,3,18.0
836,3.0,1,10.0
837,3.0,6,17.0
838,3.0,1,10.0
839,3.0,1,10.0
840,3.0,3,18.0
841,3.0,1,10.0
842,3.0,1,10.0
843,3.0,1,10.0
844,3.0,1,10.0
845,3.0,3,18.0
846,3.0,3,18.0
847,11.0,8,4.0
848,11.0,1,10.0
849,11.0,3,18.0
850,11.0,1,10.0
851,11.0,1,10.0
852,11.0,1,10.0
853,11.0,1,10.0
854,11.0,8,4.0
855,11.0,8,4.0
856,11.0,1,10.0
857,11.0,1,10.0
858,11.0,1,10.0
859,11.0,3,18.0
860,11.0,1,10.0
861,11.0,3,18.0
862,11.0,8,4.0
863,11.0,3,18.0
864,11.0,3,18.0
865,11.0,1,10.0
866,11.0,8,4.0
867,11.0,1,10.0
868,11.0,2,6.0
869,11.0,5,2.0
870,11.0,7,7.0
871,11.0,1,10.0
872,11.0,6,17.0
873,11.0,3,18.0
874,11.0,8,4.0
875,11.0,1,10.0
876,11.0,3,18.0
877,11.0,7,7.0
878,11.0,1,10.0
879,11.0,3,18.0
880,11.0,4,8.0
881,11.0,3,18.0
882,11.0,3,18.0
883,11.0,1,10.0
884,11.0,1,10.0
885,11.0,8,4.0
886,11.0,1,10.0
887,11.0,6,17.0
888,11.0,6,17.0
889,11.0,3,18.0
890,11.0,6,17.0
891,11.0,7,7.0
892,11.0,1,10.0
893,11.0,6,17.0
894,11.0,7,7.0
895,11.0,6,17.0
896,11.0,7,7.0
897,11.0,1,10.0
898,11.0,1,10.0
899,11.0,3,18.0
900,11.0,6,17.0
901,11.0,3,18.0
902,11.0,3,18.0
903,11.0,1,10.0
904,11.0,0,9.0
905,11.0,0,9.0
906,11.0,3,18.0
907,11.0,7,7.0
908,11.0,3,18.0
909,11.0,3,18.0
910,11.0,4,8.0
911,11.0,3,18.0
912,11.0,1,10.0
913,11.0,6,17.0
914,11.0,3,18.0
915,11.0,3,18.0
916,11.0,1,10.0
917,11.0,1,10.0
918,11.0,1,10.0
919,11.0,1,10.0
920,11.0,1,10.0
921,11.0,7,7.0
922,11.0,3,18.0
923,11.0,0,9.0
924,11.0,7,7.0
925,11.0,1,10.0
926,11.0,1,10.0
927,11.0,1,10.0
928,11.0,1,10.0
929,11.0,1,10.0
930,11.0,6,17.0
931,11.0,1,10.0
932,11.0,3,18.0
933,11.0,1,10.0
934,11.0,1,10.0
935,11.0,1,10.0
936,11.0,2,6.0
937,11.0,9,13.0
938,11.0,7,7.0
939,11.0,6,17.0
940,11.0,0,9.0
941,11.0,3,18.0
942,11.0,1,10.0
943,11.0,3,18.0
944,11.0,3,18.0
945,11.0,8,4.0
946,11.0,1,10.0
947,11.0,1,10.0
948,11.0,1,10.0
949,11.0,1,10.0
950,11.0,0,9.0
951,11.0,2,6.0
952,11.0,7,7.0
953,11.0,1,10.0
954,11.0,6,17.0
955,11.0,1,10.0
956,11.0,3,18.0
957,11.0,1,10.0
958,11.0,6,17.0
959,11.0,3,18.0
960,11.0,2,6.0
961,11.0,8,4.0
962,11.0,3,18.0
963,11.0,1,10.0
964,11.0,4,8.0
965,11.0,4,8.0
966,11.0,0,9.0
967,11.0,1,10.0
968,11.0,3,18.0
969,11.0,8,4.0
970,11.0,1,10.0
971,11.0,6,17.0
972,11.0,3,18.0
973,11.0,3,18.0
974,11.0,6,17.0
975,11.0,2,6.0
976,11.0,7,7.0
977,11.0,7,7.0
978,11.0,3,18.0
979,11.0,3,18.0
980,11.0,1,10.0
981,11.0,0,9.0
982,11.0,3,18.0
983,11.0,0,9.0
984,11.0,3,18.0
985,11.0,1,10.0
986,11.0,3,18.0
987,11.0,1,10.0
988,11.0,7,7.0
989,11.0,4,8.0
990,11.0,3,18.0
991,11.0,3,18.0
992,11.0,1,10.0
993,11.0,5,2.0
994,11.0,1,10.0
995,11.0,7,7.0
996,11.0,1,10.0
997,11.0,7,7.0
998,11.0,1,10.0
999,11.0,1,10.0
1000,11.0,6,17.0
1001,11.0,3,18.0
1002,11.0,1,10.0
1003,11.0,3,18.0
1004,11.0,8,4.0
1005,11.0,3,18.0
1006,11.0,1,10.0
1007,11.0,5,2.0
1008,11.0,7,7.0
1009,11.0,6,17.0
1010,11.0,1,10.0
1011,11.0,1,10.0
1012,11.0,3,18.0
1013,11.0,7,7.0
1014,11.0,3,18.0
1015,11.0,8,4.0
1016,11.0,1,10.0
1017,11.0,1,10.0
1018,11.0,6,17.0
1019,11.0,8,4.0
1020,11.0,1,10.0
1021,11.0,1,10.0
1022,11.0,8,4.0
1023,11.0,3,18.0
1024,11.0,1,10.0
1025,11.0,5,2.0
1026,11.0,8,4.0
1027,11.0,3,18.0
1028,11.0,0,9.0
1029,11.0,8,4.0
1030,11.0,7,7.0
1031,11.0,3,18.0
1032,11.0,1,10.0
1033,11.0,7,7.0
1034,11.0,1,10.0
1035,11.0,1,10.0
1036,11.0,3,18.0
1037,11.0,7,7.0
1038,11.0,6,17.0
1039,11.0,1,10.0
1040,11.0,5,2.0
1041,11.0,1,10.0
1042,11.0,4,8.0
1043,11.0,1,10.0
1044,11.0,1,10.0
1045,11.0,1,10.0
1046,11.0,6,17.0
1047,11.0,6,17.0
1048,11.0,3,18.0
1049,11.0,8,4.0
1050,11.0,0,9.0
1051,11.0,4,8.0
1052,11.0,7,7.0
1053,11.0,2,6.0
1054,11.0,6,17.0
1055,11.0,6,17.0
1056,11.0,3,18.0
1057,11.0,8,4.0
1058,11.0,4,8.0
1059,11.0,8,4.0
1060,11.0,3,18.0
1061,11.0,0,9.0
1062,11.0,7,7.0
1063,11.0,3,18.0
1064,11.0,1,10.0
1065,11.0,0,9.0
1066,11.0,0,9.0
1067,11.0,8,4.0
1068,11.0,2,6.0
1069,11.0,1,10.0
1070,11.0,1,10.0
1071,4.0,1,10.0
1072,4.0,3,18.0
1073,4.0,0,9.0
1074,4.0,3,18.0
1075,4.0,6,17.0
1076,4.0,1,10.0
1077,4.0,1,10.0
1078,4.0,6,17.0
1079,4.0,1,10.0
1080,4.0,1,10.0
1081,4.0,7,7.0
1082,4.0,1,10.0
1083,4.0,1,10.0
1084,4.0,8,4.0
1085,4.0,8,4.0
1086,4.0,3,18.0
1087,4.0,5,2.0
1088,4.0,1,10.0
1089,4.0,9,13.0
1090,4.0,3,18.0
1091,4.0,1,10.0
1092,4.0,1,10.0
1093,4.0,1,10.0
1094,4.0,3,18.0
1095,4.0,1,10.0
1096,4.0,3,18.0
1097,4.0,1,10.0
1098,4.0,1,10.0
1099,4.0,1,10.0
1100,4.0,8,4.0
1101,4.0,3,18.0
1102,4.0,6,17.0
1103,4.0,0,9.0
1104,4.0,2,6.0
1105,4.0,3,18.0
1106,4.0,0,9.0
1107,4.0,6,17.0
1108,4.0,1,10.0
1109,4.0,6,17.0
1110,4.0,4,8.0
1111,4.0,3,18.0
1112,4.0,1,10.0
1113,4.0,1,10.0
1114,4.0,7,7.0
1115,4.0,6,17.0
1116,4.0,8,4.0
1117,4.0,6,17.0
1118,4.0,7,7.0
1119,4.0,3,18.0
1120,4.0,1,10.0
1121,4.0,3,18.0
1122,4.0,1,10.0
1123,4.0,6,17.0
1124,4.0,3,18.0
1125,4.0,3,18.0
1126,4.0,1,10.0
1127,4.0,1,10.0
1128,4.0,8,4.0
1129,4.0,7,7.0
1130,4.0,8,4.0
1131,4.0,8,4.0
1132,4.0,1,10.0
1133,4.0,0,9.0
1134,4.0,1,10.0
1135,4.0,7,7.0
1136,4.0,4,8.0
1137,4.0,1,10.0
1138,4.0,6,17.0
1139,4.0,7,7.0
1140,4.0,6,17.0
1141,4.0,1,10.0
1142,4.0,1,10.0
1143,4.0,3,18.0
1144,4.0,3,18.0
1145,4.0,1,10.0
1146,4.0,0,9.0
1147,4.0,7,7.0
1148,4.0,3,18.0
1149,4.0,1,10.0
1150,4.0,6,17.0
1151,4.0,8,4.0
1152,4.0,1,10.0
1153,4.0,7,7.0
1154,4.0,1,10.0
1155,4.0,8,4.0
1156,4.0,6,17.0
1157,4.0,1,10.0
1158,4.0,3,18.0
1159,4.0,8,4.0
1160,4.0,1,10.0
1161,4.0,1,10.0
1162,4.0,1,10.0
1163,4.0,0,9.0
1164,4.0,1,10.0
1165,4.0,1,10.0
1166,4.0,1,10.0
1167,4.0,1,10.0
1168,4.0,1,10.0
1169,4.0,7,7.0
1170,4.0,8,4.0
1171,4.0,8,4.0
1172,4.0,1,10.0
1173,4.0,2,6.0
1174,4.0,1,10.0
1175,4.0,8,4.0
1176,4.0,7,7.0
1177,4.0,1,10.0
1178,4.0,1,10.0
1179,4.0,1,10.0
1180,4.0,1,10.0
1181,4.0,7,7.0
1182,4.0,1,10.0
1183,4.0,1,10.0
1184,4.0,1,10.0
1185,4.0,8,4.0
1186,4.0,1,10.0
1187,4.0,7,7.0
1188,4.0,1,10.0
1189,4.0,1,10.0
1190,4.0,6,17.0
1191,4.0,6,17.0
1192,4.0,4,8.0
1193,4.0,1,10.0
1194,4.0,1,10.0
1195,4.0,6,17.0
1196,4.0,6,17.0
1197,4.0,8,4.0
1198,4.0,5,2.0
1199,4.0,3,18.0
1200,4.0,1,10.0
1201,4.0,7,7.0
1202,4.0,1,10.0
1203,4.0,0,9.0
1204,4.0,7,7.0
1205,4.0,1,10.0
1206,4.0,0,9.0
1207,4.0,1,10.0
1208,4.0,7,7.0
1209,4.0,6,17.0
1210,4.0,6,17.0
1211,4.0,7,7.0
1212,4.0,6,17.0
1213,4.0,1,10.0
1214,4.0,1,10.0
1215,4.0,1,10.0
1216,4.0,1,10.0
1217,4.0,3,18.0
1218,4.0,1,10.0
1219,4.0,1,10.0
1220,4.0,1,10.0
1221,4.0,6,17.0
1222,4.0,3,18.0
1223,4.0,3,18.0
1224,4.0,1,10.0
1225,4.0,1,10.0
1226,4.0,6,17.0
1227,4.0,8,4.0
1228,4.0,3,18.0
1229,4.0,7,7.0
1230,4.0,1,10.0
1231,4.0,5,2.0
1232,4.0,4,8.0
1233,4.0,1,10.0
1234,4.0,5,2.0
1235,4.0,3,18.0
1236,4.0,3,18.0
1237,4.0,1,10.0
1238,4.0,1,10.0
1239,4.0,1,10.0
1240,4.0,3,18.0
1241,4.0,2,6.0
1242,4.0,1,10.0
1243,4.0,1,10.0
1244,4.0,8,4.0
1245,4.0,1,10.0
1246,4.0,4,8.0
1247,4.0,1,10.0
1248,4.0,1,10.0
1249,4.0,1,10.0
1250,4.0,3,18.0
1251,4.0,1,10.0
1252,4.0,1,10.0
1253,4.0,4,8.0
1254,4.0,3,18.0
1255,4.0,2,6.0
1256,4.0,1,10.0
1257,4.0,1,10.0
1258,4.0,7,7.0
1259,4.0,1,10.0
1260,4.0,8,4.0
1261,4.0,3,18.0
1262,4.0,8,4.0
1263,4.0,1,10.0
1264,4.0,1,10.0
1265,4.0,3,18.0
1266,4.0,1,10.0
1267,4.0,1,10.0
1268,4.0,7,7.0
1269,4.0,3,18.0
1270,4.0,1,10.0
1271,4.0,1,10.0
1272,4.0,3,18.0
1273,4.0,3,18.0
1274,4.0,1,10.0
1275,4.0,1,10.0
1276,4.0,1,10.0
1277,4.0,1,10.0
1278,4.0,2,6.0
1279,4.0,3,18.0
1280,4.0,6,17.0
1281,4.0,1,10.0
1282,4.0,7,7.0
1283,4.0,1,10.0
1284,4.0,1,10.0
1285,4.0,6,17.0
1286,4.0,6,17.0
1287,4.0,5,2.0
1288,4.0,1,10.0
1289,4.0,3,18.0
1290,4.0,1,10.0
1291,4.0,8,4.0
1292,4.0,1,10.0
1293,4.0,6,17.0
1294,4.0,1,10.0
1295,4.0,3,18.0
1296,4.0,1,10.0
1297,4.0,0,9.0
1298,4.0,1,10.0
1299,4.0,6,17.0
1300,4.0,1,10.0
1301,4.0,8,4.0
1302,4.0,5,2.0
1303,4.0,3,18.0
1304,4.0,1,10.0
1305,4.0,1,10.0
1306,4.0,1,10.0
1307,4.0,5,2.0
1308,4.0,1,10.0
1309,4.0,3,18.0
1310,4.0,1,10.0
1311,4.0,1,10.0
1312,4.0,1,10.0
1313,4.0,6,17.0
1314,4.0,1,10.0
1315,4.0,1,10.0
1316,4.0,1,10.0
1317,4.0,6,17.0
1318,4.0,1,10.0
1319,4.0,1,10.0
1320,4.0,6,17.0
1321,4.0,6,17.0
1322,4.0,8,4.0
1323,4.0,6,17.0
1324,4.0,3,18.0
1325,4.0,1,10.0
1326,4.0,1,10.0
1327,4.0,3,18.0
1328,4.0,1,10.0
1329,4.0,1,10.0
1330,4.0,3,18.0
1331,4.0,1,10.0
1332,4.0,1,10.0
1333,4.0,1,10.0
1334,4.0,1,10.0
1335,4.0,8,4.0
1336,4.0,1,10.0
1337,4.0,3,18.0
1338,4.0,1,10.0
1339,4.0,6,17.0
1340,4.0,3,18.0
1341,4.0,1,10.0
1342,4.0,1,10.0
1343,4.0,1,10.0
1344,4.0,0,9.0
1345,4.0,1,10.0
1346,4.0,1,10.0
1347,4.0,1,10.0
1348,4.0,3,18.0
1349,4.0,0,9.0
1350,4.0,1,10.0
1351,4.0,1,10.0
1352,4.0,1,10.0
1353,4.0,8,4.0
1354,4.0,7,7.0
1355,4.0,1,10.0
1356,4.0,1,10.0
1357,4.0,3,18.0
1358,4.0,6,17.0
1359,4.0,6,17.0
1360,4.0,1,10.0
1361,4.0,2,6.0
1362,4.0,1,10.0
1363,4.0,1,10.0
1364,4.0,3,18.0
1365,4.0,1,10.0
1366,4.0,8,4.0
1367,4.0,1,10.0
1368,4.0,0,9.0
1369,4.0,1,10.0
1370,4.0,3,18.0
1371,4.0,0,9.0
1372,4.0,3,18.0
1373,4.0,3,18.0
1374,4.0,3,18.0
1375,4.0,3,18.0
1376,4.0,1,10.0
1377,4.0,1,10.0
1378,4.0,2,6.0
1379,4.0,1,10.0
1380,4.0,1,10.0
1381,4.0,1,10.0
1382,4.0,1,10.0
1383,4.0,7,7.0
1384,4.0,6,17.0
1385,4.0,6,17.0
1386,4.0,1,10.0
1387,4.0,1,10.0
1388,4.0,6,17.0
1389,4.0,6,17.0
1390,4.0,3,18.0
1391,4.0,6,17.0
1392,4.0,1,10.0
1393,4.0,1,10.0
1394,4.0,3,18.0
1395,4.0,2,6.0
1396,4.0,5,2.0
1397,4.0,6,17.0
1398,4.0,1,10.0
1399,4.0,1,10.0
1400,4.0,1,10.0
1401,4.0,2,6.0
1402,4.0,1,10.0
1403,4.0,5,2.0
1404,4.0,7,7.0
1405,4.0,3,18.0
1406,4.0,1,10.0
1407,4.0,8,4.0
1408,4.0,3,18.0
1409,4.0,8,4.0
1410,4.0,6,17.0
1411,4.0,1,10.0
1412,4.0,3,18.0
1413,4.0,3,18.0
1414,4.0,7,7.0
1415,4.0,1,10.0
1416,4.0,1,10.0
1417,4.0,1,10.0
1418,4.0,7,7.0
1419,4.0,3,18.0
1420,4.0,7,7.0
1421,4.0,1,10.0
1422,4.0,0,9.0
1423,4.0,3,18.0
1424,4.0,8,4.0
1425,4.0,2,6.0
1426,4.0,3,18.0
1427,4.0,7,7.0
1428,4.0,1,10.0
1429,4.0,1,10.0
1430,4.0,1,10.0
1431,4.0,1,10.0
1432,4.0,2,6.0
1433,4.0,8,4.0
1434,4.0,1,10.0
1435,4.0,1,10.0
1436,4.0,1,10.0
1437,4.0,1,10.0
1438,4.0,6,17.0
1439,4.0,1,10.0
1440,4.0,0,9.0
1441,4.0,3,18.0
1442,4.0,6,17.0
1443,4.0,1,10.0
1444,4.0,3,18.0
1445,4.0,3,18.0
1446,4.0,1,10.0
1447,4.0,1,10.0
1448,4.0,3,18.0
1449,4.0,1,10.0
1450,4.0,8,4.0
1451,4.0,1,10.0
1452,4.0,1,10.0
1453,4.0,1,10.0
1454,4.0,3,18.0
1455,4.0,7,7.0
1456,4.0,6,17.0
1457,4.0,3,18.0
1458,4.0,3,18.0
1459,4.0,6,17.0
1460,4.0,1,10.0
1461,4.0,6,17.0
1462,4.0,3,18.0
1463,4.0,1,10.0
1464,4.0,1,10.0
1465,4.0,6,17.0
1466,4.0,1,10.0
1467,4.0,6,17.0
1468,4.0,1,10.0
1469,4.0,6,17.0
1470,4.0,1,10.0
1471,4.0,3,18.0
1472,4.0,1,10.0
1473,4.0,1,10.0
1474,4.0,3,18.0
1475,4.0,7,7.0
1476,4.0,6,17.0
1477,4.0,1,10.0
1478,4.0,8,4.0
1479,4.0,6,17.0
1480,4.0,0,9.0
1481,4.0,1,10.0
1482,4.0,3,18.0
1483,4.0,3,18.0
1484,4.0,8,4.0
1485,4.0,7,7.0
1486,4.0,1,10.0
1487,4.0,6,17.0
1488,4.0,1,10.0
1489,4.0,3,18.0
1490,4.0,1,10.0
1491,4.0,1,10.0
1492,4.0,2,6.0
1493,4.0,8,4.0
1494,4.0,3,18.0
1495,4.0,1,10.0
1496,4.0,3,18.0
1497,4.0,6,17.0
1498,4.0,3,18.0
1499,4.0,0,9.0
1500,4.0,4,8.0
1501,4.0,6,17.0
1502,4.0,1,10.0
1503,4.0,1,10.0
1504,4.0,1,10.0
1505,4.0,3,18.0
1506,4.0,6,17.0
1507,4.0,4,8.0
1508,4.0,3,18.0
1509,4.0,3,18.0
1510,4.0,1,10.0
1511,4.0,1,10.0
1512,4.0,1,10.0
1513,4.0,1,10.0
1514,4.0,6,17.0
1515,4.0,7,7.0
1516,4.0,3,18.0
1517,4.0,1,10.0
1518,4.0,3,18.0
1519,4.0,1,10.0
1520,4.0,1,10.0
1521,4.0,1,10.0
1522,4.0,1,10.0
1523,4.0,1,10.0
1524,4.0,1,10.0
1525,4.0,1,10.0
1526,4.0,8,4.0
1527,4.0,3,18.0
1528,4.0,6,17.0
1529,4.0,6,17.0
1530,4.0,5,2.0
1531,4.0,3,18.0
1532,4.0,3,18.0
1533,4.0,6,17.0
1534,4.0,1,10.0
1535,4.0,0,9.0
1536,4.0,1,10.0
1537,4.0,1,10.0
1538,4.0,3,18.0
1539,4.0,6,17.0
1540,4.0,1,10.0
1541,4.0,7,7.0
1542,4.0,6,17.0
1543,4.0,8,4.0
1544,4.0,2,6.0
1545,4.0,1,10.0
1546,4.0,1,10.0
1547,4.0,8,4.0
1548,4.0,1,10.0
1549,4.0,3,18.0
1550,4.0,1,10.0
1551,4.0,1,10.0
1552,4.0,8,4.0
1553,4.0,0,9.0
1554,4.0,6,17.0
1555,4.0,1,10.0
1556,4.0,0,9.0
1557,4.0,7,7.0
1558,4.0,3,18.0
1559,4.0,1,10.0
1560,4.0,1,10.0
1561,4.0,7,7.0
1562,4.0,3,18.0
1563,4.0,8,4.0
1564,4.0,5,2.0
1565,4.0,4,8.0
1566,4.0,1,10.0
1567,4.0,2,6.0
1568,4.0,1,10.0
1569,4.0,3,18.0
1570,4.0,1,10.0
1571,4.0,7,7.0
1572,4.0,2,6.0
1573,4.0,3,18.0
1574,4.0,1,10.0
1575,4.0,1,10.0
1576,4.0,3,18.0
1577,4.0,1,10.0
1578,4.0,6,17.0
1579,4.0,1,10.0
1580,4.0,1,10.0
1581,4.0,1,10.0
1582,4.0,1,10.0
1583,4.0,8,4.0
1584,4.0,1,10.0
1585,4.0,7,7.0
1586,4.0,1,10.0
1587,4.0,8,4.0
1588,4.0,1,10.0
1589,4.0,7,7.0
1590,4.0,1,10.0
1591,4.0,0,9.0
1592,4.0,1,10.0
1593,4.0,1,10.0
1594,4.0,5,2.0
1595,4.0,3,18.0
1596,4.0,7,7.0
1597,4.0,1,10.0
1598,4.0,7,7.0
1599,4.0,1,10.0
1600,4.0,3,18.0
1601,4.0,6,17.0
1602,4.0,3,18.0
1603,4.0,8,4.0
1604,4.0,1,10.0
1605,4.0,1,10.0
1606,4.0,6,17.0
1607,4.0,8,4.0
1608,4.0,1,10.0
1609,4.0,1,10.0
1610,4.0,3,18.0
1611,4.0,2,6.0
1612,4.0,8,4.0
1613,4.0,1,10.0
1614,4.0,1,10.0
1615,4.0,1,10.0
1616,4.0,3,18.0
1617,4.0,5,2.0
1618,4.0,1,10.0
1619,4.0,8,4.0
1620,4.0,1,10.0
1621,4.0,6,17.0
1622,4.0,1,10.0
1623,4.0,6,17.0
1624,4.0,1,10.0
1625,4.0,1,10.0
1626,4.0,3,18.0
1627,4.0,1,10.0
1628,4.0,8,4.0
1629,4.0,1,10.0
1630,4.0,1,10.0
1631,4.0,8,4.0
1632,4.0,6,17.0
1633,4.0,0,9.0
1634,4.0,1,10.0
1635,4.0,1,10.0
1636,4.0,1,10.0
1637,4.0,1,10.0
1638,4.0,3,18.0
1639,4.0,5,2.0
1640,4.0,7,7.0
1641,4.0,6,17.0
1642,4.0,6,17.0
1643,4.0,1,10.0
1644,4.0,3,18.0
1645,4.0,3,18.0
1646,4.0,1,10.0
1647,4.0,1,10.0
1648,4.0,8,4.0
1649,4.0,1,10.0
1650,4.0,1,10.0
1651,4.0,0,9.0
1652,4.0,4,8.0
1653,4.0,6,17.0
1654,4.0,1,10.0
1655,4.0,7,7.0
1656,4.0,1,10.0
1657,4.0,1,10.0
1658,4.0,3,18.0
1659,4.0,8,4.0
1660,4.0,8,4.0
1661,4.0,1,10.0
1662,4.0,1,10.0
1663,4.0,6,17.0
1664,4.0,3,18.0
1665,4.0,3,18.0
1666,4.0,1,10.0
1667,4.0,2,6.0
1668,4.0,3,18.0
1669,4.0,8,4.0
1670,4.0,1,10.0
1671,4.0,7,7.0
1672,4.0,1,10.0
1673,4.0,1,10.0
1674,4.0,1,10.0
1675,4.0,1,10.0
1676,4.0,1,10.0
1677,4.0,1,10.0
1678,4.0,1,10.0
1679,4.0,5,2.0
1680,4.0,1,10.0
1681,4.0,8,4.0
1682,4.0,6,17.0
1683,4.0,6,17.0
1684,4.0,3,18.0
1685,4.0,7,7.0
1686,4.0,1,10.0
1687,4.0,5,2.0
1688,4.0,6,17.0
1689,4.0,6,17.0
1690,4.0,6,17.0
1691,4.0,1,10.0
1692,4.0,2,6.0
1693,4.0,1,10.0
1694,4.0,7,7.0
1695,4.0,3,18.0
1696,4.0,2,6.0
1697,4.0,1,10.0
1698,14.0,2,6.0
1699,14.0,1,10.0
1700,14.0,1,10.0
1701,14.0,1,10.0
1702,14.0,3,18.0
1703,14.0,7,7.0
1704,14.0,6,17.0
1705,14.0,3,18.0
1706,14.0,8,4.0
1707,14.0,7,7.0
1708,14.0,6,17.0
1709,14.0,1,10.0
1710,14.0,6,17.0
1711,14.0,1,10.0
1712,14.0,1,10.0
1713,14.0,1,10.0
1714,14.0,1,10.0
1715,14.0,1,10.0
1716,14.0,6,17.0
1717,14.0,6,17.0
1718,14.0,8,4.0
1719,14.0,3,18.0
1720,14.0,3,18.0
1721,14.0,1,10.0
1722,14.0,1,10.0
1723,14.0,1,10.0
1724,14.0,1,10.0
1725,14.0,1,10.0
1726,14.0,0,9.0
1727,14.0,3,18.0
1728,14.0,2,6.0
1729,14.0,2,6.0
1730,14.0,3,18.0
1731,14.0,6,17.0
1732,14.0,6,17.0
1733,14.0,4,8.0
1734,14.0,1,10.0
1735,14.0,6,17.0
1736,14.0,1,10.0
1737,14.0,6,17.0
1738,14.0,0,9.0
1739,14.0,1,10.0
1740,14.0,1,10.0
1741,14.0,1,10.0
1742,14.0,1,10.0
1743,14.0,6,17.0
1744,14.0,0,9.0
1745,14.0,3,18.0
1746,14.0,1,10.0
1747,14.0,1,10.0
1748,14.0,1,10.0
1749,14.0,1,10.0
1750,14.0,1,10.0
1751,14.0,1,10.0
1752,14.0,1,10.0
1753,14.0,1,10.0
1754,14.0,1,10.0
1755,14.0,5,2.0
1756,14.0,8,4.0
1757,14.0,0,9.0
1758,14.0,1,10.0
1759,14.0,1,10.0
1760,14.0,1,10.0
1761,14.0,6,17.0
1762,14.0,1,10.0
1763,14.0,1,10.0
1764,14.0,3,18.0
1765,14.0,3,18.0
1766,14.0,0,9.0
1767,14.0,7,7.0
1768,14.0,6,17.0
1769,14.0,3,18.0
1770,14.0,1,10.0
1771,14.0,3,18.0
1772,14.0,1,10.0
1773,14.0,6,17.0
1774,14.0,3,18.0
1775,14.0,1,10.0
1776,14.0,5,2.0
1777,14.0,6,17.0
1778,14.0,1,10.0
1779,14.0,1,10.0
1780,14.0,1,10.0
1781,14.0,3,18.0
1782,14.0,8,4.0
1783,14.0,3,18.0
1784,14.0,4,8.0
1785,14.0,3,18.0
1786,14.0,1,10.0
1787,14.0,7,7.0
1788,14.0,1,10.0
1789,14.0,1,10.0
1790,14.0,3,18.0
1791,14.0,6,17.0
1792,14.0,1,10.0
1793,14.0,3,18.0
1794,14.0,3,18.0
1795,14.0,1,10.0
1796,14.0,1,10.0
1797,14.0,1,10.0
1798,14.0,1,10.0
1799,14.0,5,2.0
1800,14.0,1,10.0
1801,14.0,1,10.0
1802,14.0,1,10.0
1803,14.0,7,7.0
1804,14.0,3,18.0
1805,14.0,1,10.0
1806,14.0,3,18.0
1807,14.0,1,10.0
1808,14.0,8,4.0
1809,14.0,3,18.0
1810,14.0,1,10.0
1811,14.0,3,18.0
1812,14.0,6,17.0
1813,14.0,1,10.0
1814,14.0,1,10.0
1815,14.0,1,10.0
1816,14.0,1,10.0
1817,14.0,8,4.0
1818,14.0,1,10.0
1819,14.0,1,10.0
1820,14.0,7,7.0
1821,14.0,1,10.0
1822,14.0,3,18.0
1823,14.0,3,18.0
1824,14.0,1,10.0
1825,14.0,3,18.0
1826,14.0,3,18.0
1827,14.0,3,18.0
1828,14.0,1,10.0
1829,14.0,1,10.0
1830,14.0,1,10.0
1831,14.0,7,7.0
1832,14.0,3,18.0
1833,14.0,1,10.0
1834,14.0,7,7.0
1835,14.0,3,18.0
1836,14.0,7,7.0
1837,14.0,6,17.0
1838,14.0,1,10.0
1839,14.0,0,9.0
1840,14.0,6,17.0
1841,14.0,1,10.0
1842,14.0,7,7.0
1843,14.0,1,10.0
1844,14.0,1,10.0
1845,14.0,1,10.0
1846,14.0,6,17.0
1847,14.0,7,7.0
1848,14.0,1,10.0
1849,14.0,1,10.0
1850,14.0,8,4.0
1851,14.0,1,10.0
1852,14.0,1,10.0
1853,14.0,8,4.0
1854,14.0,8,4.0
1855,14.0,1,10.0
1856,14.0,3,18.0
1857,14.0,3,18.0
1858,14.0,1,10.0
1859,14.0,1,10.0
1860,14.0,8,4.0
1861,14.0,3,18.0
1862,14.0,1,10.0
1863,14.0,1,10.0
1864,14.0,6,17.0
1865,14.0,1,10.0
1866,14.0,1,10.0
1867,14.0,1,10.0
1868,14.0,1,10.0
1869,14.0,8,4.0
1870,14.0,7,7.0
1871,14.0,7,7.0
1872,14.0,1,10.0
1873,14.0,8,4.0
1874,14.0,6,17.0
1875,14.0,1,10.0
1876,14.0,1,10.0
1877,14.0,3,18.0
1878,14.0,1,10.0
1879,14.0,6,17.0
1880,14.0,1,10.0
1881,14.0,6,17.0
1882,14.0,1,10.0
1883,14.0,1,10.0
1884,14.0,6,17.0
1885,14.0,6,17.0
1886,14.0,7,7.0
1887,14.0,6,17.0
1888,14.0,6,17.0
1889,14.0,1,10.0
1890,14.0,1,10.0
1891,14.0,1,10.0
1892,14.0,7,7.0
1893,14.0,1,10.0
1894,14.0,3,18.0
1895,14.0,8,4.0
1896,14.0,6,17.0
1897,14.0,3,18.0
1898,14.0,1,10.0
1899,14.0,1,10.0
1900,14.0,6,17.0
1901,14.0,1,10.0
1902,14.0,1,10.0
1903,14.0,1,10.0
1904,14.0,3,18.0
1905,14.0,1,10.0
1906,14.0,6,17.0
1907,14.0,6,17.0
1908,14.0,2,6.0
1909,14.0,1,10.0
1910,14.0,1,10.0
1911,14.0,1,10.0
1912,14.0,3,18.0
1913,14.0,8,4.0
1914,14.0,1,10.0
1915,14.0,6,17.0
1916,14.0,1,10.0
1917,14.0,1,10.0
1918,14.0,1,10.0
1919,14.0,6,17.0
1920,14.0,1,10.0
1921,14.0,0,9.0
1922,14.0,1,10.0
1923,14.0,4,8.0
1924,14.0,3,18.0
1925,14.0,8,4.0
1926,14.0,6,17.0
1927,14.0,8,4.0
1928,14.0,7,7.0
1929,14.0,1,10.0
1930,14.0,3,18.0
1931,14.0,8,4.0
1932,14.0,6,17.0
1933,14.0,8,4.0
1934,14.0,6,17.0
1935,14.0,1,10.0
1936,14.0,8,4.0
1937,14.0,1,10.0
1938,14.0,1,10.0
1939,14.0,0,9.0
1940,14.0,1,10.0
1941,14.0,3,18.0
1942,14.0,1,10.0
1943,14.0,1,10.0
1944,14.0,1,10.0
1945,14.0,6,17.0
1946,14.0,6,17.0
1947,14.0,7,7.0
1948,14.0,1,10.0
1949,14.0,6,17.0
1950,14.0,7,7.0
1951,14.0,1,10.0
1952,14.0,7,7.0
1953,14.0,1,10.0
1954,14.0,2,6.0
1955,14.0,1,10.0
1956,14.0,7,7.0
1957,14.0,0,9.0
1958,14.0,4,8.0
1959,14.0,1,10.0
1960,14.0,1,10.0
1961,14.0,0,9.0
1962,14.0,1,10.0
1963,14.0,3,18.0
1964,14.0,1,10.0
1965,14.0,3,18.0
1966,14.0,1,10.0
1967,14.0,6,17.0
1968,14.0,1,10.0
1969,14.0,8,4.0
1970,14.0,3,18.0
1971,14.0,3,18.0
1972,14.0,1,10.0
1973,14.0,1,10.0
1974,14.0,1,10.0
1975,14.0,7,7.0
1976,14.0,7,7.0
1977,14.0,3,18.0
1978,14.0,3,18.0
1979,14.0,6,17.0
1980,14.0,1,10.0
1981,14.0,6,17.0
1982,14.0,3,18.0
1983,14.0,6,17.0
1984,14.0,1,10.0
1985,14.0,8,4.0
1986,14.0,1,10.0
1987,14.0,3,18.0
1988,14.0,0,9.0
1989,14.0,3,18.0
1990,14.0,1,10.0
1991,14.0,1,10.0
1992,14.0,7,7.0
1993,14.0,6,17.0
1994,14.0,3,18.0
1995,14.0,1,10.0
1996,14.0,7,7.0
1997,14.0,7,7.0
1998,14.0,1,10.0
1999,14.0,6,17.0
2000,14.0,6,17.0
2001,14.0,8,4.0
2002,14.0,0,9.0
2003,14.0,3,18.0
2004,14.0,7,7.0
2005,14.0,1,10.0
2006,14.0,1,10.0
2007,14.0,3,18.0
2008,14.0,1,10.0
2009,14.0,1,10.0
2010,14.0,1,10.0
2011,14.0,1,10.0
2012,14.0,8,4.0
2013,14.0,1,10.0
2014,14.0,3,18.0
2015,14.0,1,10.0
2016,14.0,1,10.0
2017,14.0,8,4.0
2018,14.0,3,18.0
2019,14.0,1,10.0
2020,14.0,1,10.0
2021,14.0,8,4.0
2022,14.0,1,10.0
2023,14.0,3,18.0
2024,14.0,8,4.0
2025,14.0,6,17.0
2026,14.0,2,6.0
2027,14.0,8,4.0
2028,19.0,0,9.0
2029,19.0,6,17.0
2030,19.0,1,10.0
2031,19.0,7,7.0
2032,19.0,8,4.0
2033,19.0,2,6.0
2034,19.0,8,4.0
2035,19.0,5,2.0
2036,19.0,1,10.0
2037,19.0,0,9.0
2038,19.0,1,10.0
2039,19.0,1,10.0
2040,19.0,2,6.0
2041,19.0,1,10.0
2042,19.0,1,10.0
2043,19.0,7,7.0
2044,19.0,1,10.0
2045,19.0,7,7.0
2046,19.0,3,18.0
2047,19.0,1,10.0
2048,19.0,1,10.0
2049,19.0,1,10.0
2050,19.0,6,17.0
2051,19.0,1,10.0
2052,19.0,5,2.0
2053,19.0,8,4.0
2054,19.0,8,4.0
2055,19.0,1,10.0
2056,19.0,8,4.0
2057,19.0,3,18.0
2058,19.0,1,10.0
2059,19.0,3,18.0
2060,19.0,6,17.0
2061,19.0,1,10.0
2062,19.0,8,4.0
2063,19.0,1,10.0
2064,19.0,1,10.0
2065,19.0,3,18.0
2066,19.0,1,10.0
2067,19.0,7,7.0
2068,19.0,6,17.0
2069,19.0,1,10.0
2070,19.0,1,10.0
2071,19.0,1,10.0
2072,19.0,1,10.0
2073,19.0,1,10.0
2074,19.0,8,4.0
2075,19.0,6,17.0
2076,19.0,6,17.0
2077,19.0,1,10.0
2078,19.0,1,10.0
2079,19.0,7,7.0
2080,19.0,1,10.0
2081,19.0,1,10.0
2082,19.0,3,18.0
2083,19.0,2,6.0
2084,19.0,2,6.0
2085,19.0,8,4.0
2086,19.0,1,10.0
2087,19.0,3,18.0
2088,19.0,3,18.0
2089,19.0,6,17.0
2090,19.0,6,17.0
2091,19.0,6,17.0
2092,19.0,1,10.0
2093,19.0,1,10.0
2094,19.0,6,17.0
2095,19.0,1,10.0
2096,19.0,8,4.0
2097,19.0,7,7.0
2098,19.0,1,10.0
2099,19.0,6,17.0
2100,19.0,1,10.0
2101,19.0,1,10.0
2102,19.0,1,10.0
2103,19.0,1,10.0
2104,19.0,0,9.0
2105,19.0,1,10.0
2106,19.0,8,4.0
2107,19.0,1,10.0
2108,19.0,3,18.0
2109,19.0,1,10.0
2110,19.0,1,10.0
2111,19.0,2,6.0
2112,19.0,3,18.0
2113,19.0,1,10.0
2114,19.0,8,4.0
2115,19.0,2,6.0
2116,19.0,1,10.0
2117,19.0,6,17.0
2118,19.0,6,17.0
2119,19.0,8,4.0
2120,19.0,1,10.0
2121,19.0,1,10.0
2122,19.0,3,18.0
2123,19.0,3,18.0
2124,19.0,1,10.0
2125,19.0,1,10.0
2126,19.0,6,17.0
2127,19.0,3,18.0
2128,19.0,7,7.0
2129,19.0,5,2.0
2130,19.0,8,4.0
2131,19.0,1,10.0
2132,19.0,7,7.0
2133,19.0,1,10.0
2134,19.0,1,10.0
2135,19.0,3,18.0
2136,19.0,1,10.0
2137,19.0,7,7.0
2138,19.0,6,17.0
2139,19.0,1,10.0
2140,19.0,1,10.0
2141,19.0,8,4.0
2142,19.0,4,8.0
2143,19.0,6,17.0
2144,19.0,0,9.0
2145,19.0,0,9.0
2146,19.0,7,7.0
2147,19.0,6,17.0
2148,19.0,6,17.0
2149,19.0,1,10.0
2150,19.0,1,10.0
2151,19.0,3,18.0
2152,19.0,7,7.0
2153,19.0,1,10.0
2154,19.0,1,10.0
2155,19.0,6,17.0
2156,19.0,8,4.0
2157,19.0,3,18.0
2158,19.0,6,17.0
2159,19.0,1,10.0
2160,19.0,3,18.0
2161,19.0,7,7.0
2162,19.0,1,10.0
2163,19.0,1,10.0
2164,19.0,1,10.0
2165,19.0,1,10.0
2166,19.0,1,10.0
2167,19.0,1,10.0
2168,19.0,1,10.0
2169,19.0,7,7.0
2170,19.0,1,10.0
2171,19.0,1,10.0
2172,19.0,1,10.0
2173,19.0,1,10.0
2174,19.0,1,10.0
2175,19.0,3,18.0
2176,19.0,2,6.0
2177,19.0,4,8.0
2178,19.0,1,10.0
2179,19.0,1,10.0
2180,19.0,1,10.0
2181,19.0,1,10.0
2182,19.0,7,7.0
2183,19.0,1,10.0
2184,19.0,6,17.0
2185,19.0,1,10.0
2186,19.0,0,9.0
2187,19.0,5,2.0
2188,19.0,0,9.0
2189,19.0,1,10.0
2190,19.0,1,10.0
2191,19.0,2,6.0
2192,19.0,1,10.0
2193,19.0,4,8.0
2194,19.0,1,10.0
2195,19.0,1,10.0
2196,19.0,1,10.0
2197,19.0,1,10.0
2198,19.0,7,7.0
2199,19.0,8,4.0
2200,2.0,6,17.0
2201,2.0,2,6.0
2202,2.0,2,6.0
2203,2.0,2,6.0
2204,2.0,3,18.0
2205,2.0,1,10.0
2206,2.0,6,17.0
2207,2.0,1,10.0
2208,2.0,1,10.0
2209,2.0,7,7.0
2210,2.0,1,10.0
2211,2.0,6,17.0
2212,2.0,1,10.0
2213,2.0,6,17.0
2214,2.0,0,9.0
2215,2.0,8,4.0
2216,2.0,1,10.0
2217,2.0,1,10.0
2218,2.0,1,10.0
2219,2.0,7,7.0
2220,2.0,1,10.0
2221,2.0,3,18.0
2222,2.0,1,10.0
2223,2.0,6,17.0
2224,2.0,1,10.0
2225,2.0,1,10.0
2226,2.0,1,10.0
2227,2.0,1,10.0
2228,2.0,8,4.0
2229,2.0,0,9.0
2230,2.0,1,10.0
2231,2.0,1,10.0
2232,2.0,1,10.0
2233,2.0,7,7.0
2234,2.0,0,9.0
2235,2.0,1,10.0
2236,2.0,2,6.0
2237,2.0,3,18.0
2238,2.0,1,10.0
2239,2.0,6,17.0
2240,2.0,3,18.0
2241,2.0,3,18.0
2242,2.0,1,10.0
2243,2.0,1,10.0
2244,2.0,1,10.0
2245,2.0,5,2.0
2246,2.0,1,10.0
2247,2.0,0,9.0
2248,2.0,3,18.0
2249,2.0,1,10.0
2250,2.0,3,18.0
2251,2.0,1,10.0
2252,2.0,1,10.0
2253,2.0,3,18.0
2254,2.0,3,18.0
2255,2.0,1,10.0
2256,2.0,3,18.0
2257,2.0,1,10.0
2258,2.0,1,10.0
2259,2.0,3,18.0
2260,2.0,1,10.0
2261,2.0,6,17.0
2262,2.0,1,10.0
2263,2.0,7,7.0
2264,2.0,8,4.0
2265,2.0,8,4.0
2266,2.0,7,7.0
2267,2.0,2,6.0
2268,2.0,1,10.0
2269,2.0,1,10.0
2270,2.0,1,10.0
2271,2.0,0,9.0
2272,2.0,7,7.0
2273,2.0,3,18.0
2274,2.0,1,10.0
2275,2.0,1,10.0
2276,2.0,1,10.0
2277,2.0,4,8.0
2278,2.0,1,10.0
2279,2.0,6,17.0
2280,2.0,8,4.0
2281,2.0,1,10.0
2282,2.0,6,17.0
2283,2.0,1,10.0
2284,2.0,8,4.0
2285,2.0,2,6.0
2286,2.0,1,10.0
2287,2.0,0,9.0
2288,2.0,7,7.0
2289,2.0,1,10.0
2290,2.0,8,4.0
2291,2.0,8,4.0
2292,2.0,1,10.0
2293,2.0,1,10.0
2294,2.0,6,17.0
2295,2.0,1,10.0
2296,2.0,1,10.0
2297,2.0,6,17.0
2298,2.0,1,10.0
2299,2.0,1,10.0
2300,2.0,7,7.0
2301,2.0,1,10.0
2302,2.0,1,10.0
2303,2.0,6,17.0
2304,2.0,1,10.0
2305,2.0,8,4.0
2306,2.0,2,6.0
2307,2.0,3,18.0
2308,2.0,0,9.0
2309,2.0,1,10.0
2310,2.0,4,8.0
2311,2.0,6,17.0
2312,2.0,7,7.0
2313,2.0,1,10.0
2314,2.0,1,10.0
2315,2.0,1,10.0
2316,2.0,1,10.0
2317,2.0,6,17.0
2318,2.0,1,10.0
2319,2.0,1,10.0
2320,2.0,1,10.0
2321,2.0,3,18.0
2322,2.0,0,9.0
2323,2.0,3,18.0
2324,2.0,6,17.0
2325,2.0,6,17.0
2326,2.0,1,10.0
2327,2.0,0,9.0
2328,2.0,1,10.0
2329,2.0,6,17.0
2330,2.0,1,10.0
2331,2.0,6,17.0
2332,2.0,3,18.0
2333,2.0,1,10.0
2334,2.0,3,18.0
2335,2.0,1,10.0
2336,2.0,3,18.0
2337,2.0,3,18.0
2338,2.0,2,6.0
2339,2.0,0,9.0
2340,2.0,8,4.0
2341,2.0,1,10.0
2342,2.0,1,10.0
2343,2.0,3,18.0
2344,2.0,6,17.0
2345,2.0,1,10.0
2346,2.0,1,10.0
2347,2.0,8,4.0
2348,2.0,3,18.0
2349,2.0,8,4.0
2350,2.0,1,10.0
2351,2.0,1,10.0
2352,2.0,1,10.0
2353,2.0,0,9.0
2354,2.0,3,18.0
2355,2.0,1,10.0
2356,2.0,1,10.0
2357,2.0,3,18.0
2358,2.0,8,4.0
2359,2.0,1,10.0
2360,2.0,3,18.0
2361,2.0,6,17.0
2362,2.0,1,10.0
2363,2.0,1,10.0
2364,2.0,6,17.0
2365,2.0,0,9.0
2366,2.0,7,7.0
2367,2.0,8,4.0
2368,2.0,6,17.0
2369,2.0,3,18.0
2370,2.0,5,2.0
2371,2.0,1,10.0
2372,2.0,1,10.0
2373,2.0,1,10.0
2374,2.0,0,9.0
2375,2.0,3,18.0
2376,2.0,1,10.0
2377,2.0,1,10.0
2378,2.0,3,18.0
2379,2.0,1,10.0
2380,2.0,1,10.0
2381,2.0,1,10.0
2382,2.0,1,10.0
2383,2.0,3,18.0
2384,2.0,1,10.0
2385,2.0,1,10.0
2386,2.0,7,7.0
2387,2.0,6,17.0
2388,2.0,2,6.0
2389,2.0,6,17.0
2390,2.0,3,18.0
2391,2.0,3,18.0
2392,2.0,1,10.0
2393,2.0,1,10.0
2394,2.0,0,9.0
2395,2.0,6,17.0
2396,2.0,3,18.0
2397,2.0,6,17.0
2398,2.0,1,10.0
2399,2.0,1,10.0
2400,2.0,1,10.0
2401,2.0,0,9.0
2402,2.0,1,10.0
2403,2.0,1,10.0
2404,2.0,7,7.0
2405,2.0,5,2.0
2406,2.0,8,4.0
2407,2.0,6,17.0
2408,2.0,3,18.0
2409,2.0,1,10.0
2410,2.0,0,9.0
2411,2.0,8,4.0
2412,2.0,6,17.0
2413,2.0,5,2.0
2414,2.0,1,10.0
2415,2.0,8,4.0
2416,2.0,8,4.0
2417,2.0,1,10.0
2418,2.0,5,2.0
2419,2.0,1,10.0
2420,2.0,6,17.0
2421,2.0,0,9.0
2422,2.0,1,10.0
2423,2.0,7,7.0
2424,2.0,1,10.0
2425,2.0,2,6.0
2426,2.0,3,18.0
2427,2.0,8,4.0
2428,2.0,6,17.0
2429,2.0,1,10.0
2430,2.0,1,10.0
2431,2.0,1,10.0
2432,2.0,1,10.0
2433,2.0,5,2.0
2434,2.0,5,2.0
2435,2.0,1,10.0
2436,2.0,1,10.0
2437,2.0,3,18.0
2438,2.0,3,18.0
2439,2.0,1,10.0
2440,2.0,1,10.0
2441,2.0,1,10.0
2442,2.0,1,10.0
2443,2.0,7,7.0
2444,2.0,1,10.0
2445,2.0,1,10.0
2446,2.0,3,18.0
2447,2.0,6,17.0
2448,2.0,1,10.0
2449,2.0,0,9.0
2450,2.0,1,10.0
2451,2.0,1,10.0
2452,2.0,7,7.0
2453,2.0,1,10.0
2454,2.0,2,6.0
2455,2.0,3,18.0
2456,2.0,3,18.0
2457,2.0,7,7.0
2458,2.0,1,10.0
2459,2.0,7,7.0
2460,2.0,1,10.0
2461,2.0,1,10.0
2462,2.0,7,7.0
2463,2.0,3,18.0
2464,2.0,1,10.0
2465,2.0,7,7.0
2466,2.0,1,10.0
2467,2.0,3,18.0
2468,2.0,1,10.0
2469,2.0,4,8.0
2470,2.0,6,17.0
2471,2.0,1,10.0
2472,2.0,6,17.0
2473,2.0,8,4.0
2474,2.0,7,7.0
2475,2.0,6,17.0
2476,2.0,8,4.0
2477,2.0,7,7.0
2478,2.0,1,10.0
2479,2.0,5,2.0
2480,2.0,7,7.0
2481,2.0,8,4.0
2482,2.0,8,4.0
2483,2.0,3,18.0
2484,2.0,4,8.0
2485,2.0,3,18.0
2486,2.0,8,4.0
2487,2.0,1,10.0
2488,2.0,7,7.0
2489,2.0,1,10.0
2490,2.0,8,4.0
2491,2.0,0,9.0
2492,2.0,3,18.0
2493,2.0,1,10.0
2494,2.0,8,4.0
2495,2.0,7,7.0
2496,2.0,8,4.0
2497,2.0,3,18.0
2498,2.0,1,10.0
2499,2.0,6,17.0
2500,2.0,1,10.0
2501,2.0,6,17.0
2502,2.0,1,10.0
2503,2.0,3,18.0
2504,2.0,1,10.0
2505,2.0,3,18.0
2506,2.0,5,2.0
2507,2.0,3,18.0
2508,2.0,1,10.0
2509,2.0,1,10.0
2510,2.0,8,4.0
2511,2.0,4,8.0
2512,2.0,6,17.0
2513,2.0,1,10.0
2514,2.0,3,18.0
2515,2.0,5,2.0
2516,2.0,1,10.0
2517,2.0,4,8.0
2518,2.0,0,9.0
2519,2.0,8,4.0
2520,2.0,1,10.0
2521,2.0,1,10.0
2522,2.0,1,10.0
2523,2.0,1,10.0
2524,2.0,3,18.0
2525,2.0,1,10.0
2526,2.0,3,18.0
2527,2.0,1,10.0
2528,2.0,1,10.0
2529,2.0,1,10.0
2530,2.0,1,10.0
2531,2.0,8,4.0
2532,2.0,6,17.0
2533,2.0,1,10.0
2534,2.0,2,6.0
2535,2.0,1,10.0
2536,2.0,3,18.0
2537,2.0,1,10.0
2538,2.0,1,10.0
2539,2.0,1,10.0
2540,2.0,5,2.0
2541,2.0,1,10.0
2542,2.0,6,17.0
2543,2.0,6,17.0
2544,2.0,0,9.0
2545,2.0,5,2.0
2546,2.0,7,7.0
2547,2.0,8,4.0
2548,2.0,1,10.0
2549,2.0,1,10.0
2550,2.0,1,10.0
2551,2.0,6,17.0
2552,2.0,6,17.0
2553,2.0,1,10.0
2554,2.0,1,10.0
2555,2.0,1,10.0
2556,2.0,1,10.0
2557,2.0,6,17.0
2558,2.0,8,4.0
2559,2.0,6,17.0
2560,2.0,1,10.0
2561,2.0,1,10.0
2562,2.0,3,18.0
2563,2.0,1,10.0
2564,2.0,1,10.0
2565,2.0,7,7.0
2566,2.0,1,10.0
2567,2.0,1,10.0
2568,2.0,1,10.0
2569,2.0,1,10.0
2570,2.0,7,7.0
2571,2.0,1,10.0
2572,2.0,1,10.0
2573,2.0,6,17.0
2574,2.0,3,18.0
2575,2.0,1,10.0
2576,2.0,3,18.0
2577,2.0,1,10.0
2578,2.0,8,4.0
2579,2.0,1,10.0
2580,2.0,6,17.0
2581,2.0,1,10.0
2582,2.0,3,18.0
2583,2.0,1,10.0
2584,2.0,1,10.0
2585,2.0,1,10.0
2586,2.0,7,7.0
2587,2.0,1,10.0
2588,2.0,1,10.0
2589,2.0,1,10.0
2590,2.0,2,6.0
2591,2.0,6,17.0
2592,2.0,8,4.0
2593,2.0,1,10.0
2594,2.0,1,10.0
2595,2.0,1,10.0
2596,2.0,1,10.0
2597,2.0,3,18.0
2598,2.0,1,10.0
2599,2.0,0,9.0
2600,2.0,1,10.0
2601,2.0,8,4.0
2602,2.0,1,10.0
2603,2.0,1,10.0
2604,2.0,3,18.0
2605,2.0,3,18.0
2606,2.0,6,17.0
2607,2.0,1,10.0
2608,2.0,1,10.0
2609,2.0,6,17.0
2610,2.0,1,10.0
2611,2.0,5,2.0
2612,2.0,3,18.0
2613,2.0,1,10.0
2614,2.0,1,10.0
2615,2.0,2,6.0
2616,2.0,6,17.0
2617,2.0,1,10.0
2618,2.0,1,10.0
2619,2.0,1,10.0
2620,2.0,6,17.0
2621,2.0,1,10.0
2622,2.0,7,7.0
2623,2.0,1,10.0
2624,2.0,1,10.0
2625,2.0,6,17.0
2626,2.0,1,10.0
2627,2.0,1,10.0
2628,2.0,1,10.0
2629,2.0,1,10.0
2630,2.0,6,17.0
2631,2.0,3,18.0
2632,2.0,1,10.0
2633,2.0,1,10.0
2634,2.0,1,10.0
2635,2.0,6,17.0
2636,2.0,2,6.0
2637,2.0,1,10.0
2638,2.0,3,18.0
2639,2.0,1,10.0
2640,2.0,1,10.0
2641,2.0,1,10.0
2642,2.0,1,10.0
2643,2.0,6,17.0
2644,2.0,1,10.0
2645,2.0,0,9.0
2646,2.0,6,17.0
2647,2.0,6,17.0
2648,2.0,1,10.0
2649,2.0,1,10.0
2650,2.0,1,10.0
2651,2.0,4,8.0
2652,2.0,6,17.0
2653,2.0,6,17.0
2654,2.0,1,10.0
2655,2.0,1,10.0
2656,2.0,1,10.0
2657,2.0,1,10.0
2658,2.0,6,17.0
2659,2.0,1,10.0
2660,2.0,1,10.0
2661,2.0,1,10.0
2662,2.0,1,10.0
2663,2.0,1,10.0
2664,2.0,1,10.0
2665,2.0,1,10.0
2666,2.0,7,7.0
2667,0.0,6,17.0
2668,0.0,1,10.0
2669,0.0,1,10.0
2670,0.0,8,4.0
2671,0.0,1,10.0
2672,0.0,1,10.0
2673,0.0,1,10.0
2674,0.0,1,10.0
2675,0.0,6,17.0
2676,0.0,6,17.0
2677,0.0,1,10.0
2678,0.0,1,10.0
2679,0.0,6,17.0
2680,0.0,1,10.0
2681,0.0,3,18.0
2682,0.0,3,18.0
2683,0.0,1,10.0
2684,0.0,3,18.0
2685,0.0,1,10.0
2686,0.0,1,10.0
2687,0.0,1,10.0
2688,0.0,1,10.0
2689,0.0,8,4.0
2690,0.0,1,10.0
2691,0.0,1,10.0
2692,0.0,1,10.0
2693,0.0,1,10.0
2694,0.0,3,18.0
2695,0.0,1,10.0
2696,0.0,7,7.0
2697,0.0,7,7.0
2698,0.0,1,10.0
2699,0.0,1,10.0
2700,0.0,1,10.0
2701,0.0,6,17.0
2702,0.0,1,10.0
2703,0.0,1,10.0
2704,0.0,6,17.0
2705,0.0,1,10.0
2706,0.0,3,18.0
2707,0.0,1,10.0
2708,0.0,1,10.0
2709,0.0,1,10.0
2710,0.0,2,6.0
2711,0.0,1,10.0
2712,0.0,6,17.0
2713,0.0,1,10.0
2714,0.0,1,10.0
2715,0.0,7,7.0
2716,0.0,6,17.0
2717,0.0,1,10.0
2718,0.0,6,17.0
2719,0.0,1,10.0
2720,0.0,3,18.0
2721,0.0,1,10.0
2722,0.0,3,18.0
2723,0.0,1,10.0
2724,0.0,6,17.0
2725,0.0,5,2.0
2726,0.0,1,10.0
2727,0.0,6,17.0
2728,0.0,3,18.0
2729,0.0,1,10.0
2730,0.0,1,10.0
2731,0.0,6,17.0
2732,0.0,1,10.0
2733,0.0,1,10.0
2734,0.0,1,10.0
2735,0.0,1,10.0
2736,0.0,6,17.0
2737,0.0,1,10.0
2738,0.0,1,10.0
2739,0.0,1,10.0
2740,0.0,7,7.0
2741,0.0,6,17.0
2742,0.0,1,10.0
2743,0.0,8,4.0
2744,0.0,0,9.0
2745,0.0,1,10.0
2746,0.0,1,10.0
2747,0.0,1,10.0
2748,0.0,1,10.0
2749,0.0,6,17.0
2750,0.0,1,10.0
2751,0.0,3,18.0
2752,0.0,8,4.0
2753,0.0,1,10.0
2754,0.0,1,10.0
2755,0.0,1,10.0
2756,0.0,1,10.0
2757,0.0,3,18.0
2758,0.0,1,10.0
2759,0.0,6,17.0
2760,0.0,1,10.0
2761,0.0,1,10.0
2762,0.0,7,7.0
2763,0.0,8,4.0
2764,0.0,3,18.0
2765,0.0,1,10.0
2766,17.0,1,10.0
2767,17.0,8,4.0
2768,17.0,1,10.0
2769,17.0,6,17.0
2770,17.0,3,18.0
2771,17.0,1,10.0
2772,17.0,1,10.0
2773,17.0,8,4.0
2774,17.0,1,10.0
2775,17.0,1,10.0
2776,17.0,3,18.0
2777,17.0,3,18.0
2778,17.0,1,10.0
2779,17.0,1,10.0
2780,17.0,0,9.0
2781,17.0,1,10.0
2782,17.0,6,17.0
2783,17.0,6,17.0
2784,17.0,6,17.0
2785,17.0,3,18.0
2786,17.0,6,17.0
2787,17.0,1,10.0
2788,17.0,1,10.0
2789,17.0,1,10.0
2790,17.0,6,17.0
2791,17.0,1,10.0
2792,17.0,1,10.0
2793,17.0,1,10.0
2794,17.0,1,10.0
2795,17.0,1,10.0
2796,17.0,1,10.0
2797,17.0,1,10.0
2798,17.0,6,17.0
2799,17.0,7,7.0
2800,17.0,6,17.0
2801,17.0,1,10.0
2802,17.0,6,17.0
2803,17.0,1,10.0
2804,17.0,6,17.0
2805,17.0,1,10.0
2806,17.0,3,18.0
2807,17.0,6,17.0
2808,17.0,7,7.0
2809,17.0,1,10.0
2810,17.0,7,7.0
2811,17.0,1,10.0
2812,17.0,1,10.0
2813,17.0,6,17.0
2814,17.0,6,17.0
2815,17.0,6,17.0
2816,17.0,1,10.0
2817,17.0,1,10.0
2818,17.0,1,10.0
2819,17.0,1,10.0
2820,17.0,1,10.0
2821,17.0,1,10.0
2822,17.0,1,10.0
2823,17.0,1,10.0
2824,17.0,6,17.0
2825,17.0,1,10.0
2826,17.0,1,10.0
2827,17.0,1,10.0
2828,17.0,1,10.0
2829,17.0,1,10.0
2830,17.0,6,17.0
2831,17.0,1,10.0
2832,17.0,1,10.0
2833,17.0,1,10.0
2834,17.0,1,10.0
2835,17.0,1,10.0
2836,17.0,3,18.0
2837,17.0,4,8.0
2838,17.0,6,17.0
2839,17.0,1,10.0
2840,17.0,1,10.0
2841,17.0,1,10.0
2842,17.0,1,10.0
2843,17.0,1,10.0
2844,17.0,6,17.0
2845,17.0,1,10.0
2846,17.0,1,10.0
2847,17.0,1,10.0
2848,17.0,7,7.0
2849,17.0,1,10.0
2850,17.0,3,18.0
2851,17.0,1,10.0
2852,17.0,1,10.0
2853,17.0,1,10.0
2854,17.0,7,7.0
2855,17.0,1,10.0
2856,17.0,1,10.0
2857,17.0,1,10.0
2858,17.0,6,17.0
2859,17.0,1,10.0
2860,17.0,1,10.0
2861,17.0,1,10.0
2862,17.0,1,10.0
2863,17.0,2,6.0
2864,17.0,1,10.0
2865,17.0,1,10.0
2866,17.0,1,10.0
2867,17.0,6,17.0
2868,17.0,1,10.0
2869,17.0,3,18.0
2870,17.0,6,17.0
2871,17.0,1,10.0
2872,17.0,6,17.0
2873,17.0,1,10.0
2874,17.0,1,10.0
2875,17.0,1,10.0
2876,17.0,6,17.0
2877,17.0,1,10.0
2878,17.0,3,18.0
2879,17.0,1,10.0
2880,17.0,1,10.0
2881,17.0,5,2.0
2882,17.0,1,10.0
2883,17.0,1,10.0
2884,17.0,1,10.0
2885,17.0,8,4.0
2886,17.0,1,10.0
2887,17.0,8,4.0
2888,17.0,6,17.0
2889,17.0,6,17.0
2890,17.0,3,18.0
2891,17.0,3,18.0
2892,17.0,1,10.0
2893,17.0,6,17.0
2894,17.0,1,10.0
2895,17.0,3,18.0
2896,17.0,3,18.0
2897,17.0,1,10.0
2898,17.0,1,10.0
2899,17.0,1,10.0
2900,17.0,1,10.0
2901,17.0,1,10.0
2902,17.0,1,10.0
2903,17.0,3,18.0
2904,17.0,5,2.0
2905,17.0,1,10.0
2906,17.0,3,18.0
2907,17.0,1,10.0
2908,17.0,1,10.0
2909,17.0,1,10.0
2910,17.0,6,17.0
2911,17.0,6,17.0
2912,17.0,3,18.0
2913,17.0,1,10.0
2914,17.0,6,17.0
2915,17.0,5,2.0
2916,17.0,4,8.0
2917,17.0,1,10.0
2918,17.0,6,17.0
2919,17.0,5,2.0
2920,17.0,7,7.0
2921,17.0,3,18.0
2922,17.0,1,10.0
2923,17.0,1,10.0
2924,17.0,1,10.0
2925,17.0,1,10.0
2926,17.0,1,10.0
2927,17.0,3,18.0
2928,17.0,1,10.0
2929,17.0,5,2.0
2930,17.0,1,10.0
2931,17.0,1,10.0
2932,17.0,3,18.0
2933,17.0,1,10.0
2934,17.0,1,10.0
2935,17.0,1,10.0
2936,17.0,1,10.0
2937,17.0,6,17.0
2938,17.0,3,18.0
2939,17.0,6,17.0
2940,17.0,1,10.0
2941,17.0,6,17.0
2942,17.0,3,18.0
2943,17.0,6,17.0
2944,17.0,6,17.0
2945,17.0,3,18.0
2946,17.0,1,10.0
2947,17.0,1,10.0
2948,17.0,1,10.0
2949,17.0,1,10.0
2950,17.0,6,17.0
2951,17.0,1,10.0
2952,17.0,1,10.0
2953,17.0,7,7.0
2954,17.0,1,10.0
2955,17.0,6,17.0
2956,17.0,6,17.0
2957,17.0,1,10.0
2958,17.0,1,10.0
2959,17.0,1,10.0
2960,17.0,1,10.0
2961,17.0,6,17.0
2962,17.0,1,10.0
2963,17.0,1,10.0
2964,17.0,1,10.0
2965,17.0,6,17.0
2966,17.0,1,10.0
2967,17.0,1,10.0
2968,17.0,6,17.0
2969,17.0,1,10.0
2970,17.0,1,10.0
2971,17.0,1,10.0
2972,17.0,6,17.0
2973,17.0,8,4.0
2974,17.0,7,7.0
2975,17.0,1,10.0
2976,17.0,7,7.0
2977,17.0,3,18.0
2978,17.0,6,17.0
2979,17.0,6,17.0
2980,17.0,1,10.0
2981,17.0,3,18.0
2982,17.0,1,10.0
2983,17.0,6,17.0
2984,17.0,1,10.0
2985,17.0,1,10.0
2986,17.0,1,10.0
2987,17.0,1,10.0
2988,17.0,1,10.0
2989,17.0,1,10.0
2990,17.0,1,10.0
2991,17.0,1,10.0
2992,17.0,1,10.0
2993,17.0,6,17.0
2994,17.0,7,7.0
2995,17.0,1,10.0
2996,17.0,2,6.0
2997,17.0,1,10.0
2998,17.0,1,10.0
2999,17.0,6,17.0
3000,17.0,1,10.0
3001,17.0,1,10.0
3002,17.0,3,18.0
3003,17.0,1,10.0
3004,17.0,6,17.0
3005,17.0,7,7.0
3006,17.0,1,10.0
3007,17.0,1,10.0
3008,17.0,1,10.0
3009,17.0,1,10.0
3010,17.0,1,10.0
3011,17.0,6,17.0
3012,17.0,3,18.0
3013,17.0,8,4.0
3014,17.0,1,10.0
3015,17.0,1,10.0
3016,17.0,1,10.0
3017,17.0,1,10.0
3018,17.0,1,10.0
3019,17.0,7,7.0
3020,17.0,8,4.0
3021,17.0,1,10.0
3022,17.0,3,18.0
3023,17.0,6,17.0
3024,17.0,6,17.0
3025,17.0,1,10.0
3026,17.0,6,17.0
3027,17.0,1,10.0
3028,17.0,1,10.0
3029,17.0,1,10.0
3030,17.0,3,18.0
3031,17.0,6,17.0
3032,17.0,1,10.0
3033,17.0,6,17.0
3034,17.0,1,10.0
3035,17.0,1,10.0
3036,17.0,6,17.0
3037,17.0,1,10.0
3038,17.0,1,10.0
3039,17.0,1,10.0
3040,17.0,1,10.0
3041,17.0,1,10.0
3042,17.0,1,10.0
3043,17.0,1,10.0
3044,17.0,1,10.0
3045,17.0,1,10.0
3046,17.0,2,6.0
3047,17.0,7,7.0
3048,17.0,3,18.0
3049,17.0,3,18.0
3050,17.0,1,10.0
3051,17.0,1,10.0
3052,17.0,7,7.0
3053,17.0,1,10.0
3054,17.0,1,10.0
3055,17.0,1,10.0
3056,17.0,3,18.0
3057,17.0,6,17.0
3058,17.0,1,10.0
3059,17.0,1,10.0
3060,17.0,1,10.0
3061,17.0,1,10.0
3062,17.0,1,10.0
3063,17.0,1,10.0
3064,17.0,7,7.0
3065,17.0,1,10.0
3066,17.0,1,10.0
3067,17.0,8,4.0
3068,17.0,1,10.0
3069,17.0,1,10.0
3070,17.0,3,18.0
3071,17.0,1,10.0
3072,17.0,1,10.0
3073,17.0,8,4.0
3074,17.0,1,10.0
3075,17.0,6,17.0
3076,17.0,1,10.0
3077,17.0,1,10.0
3078,17.0,7,7.0
3079,17.0,6,17.0
3080,17.0,8,4.0
3081,17.0,1,10.0
3082,17.0,1,10.0
3083,17.0,6,17.0
3084,17.0,1,10.0
3085,17.0,6,17.0
3086,17.0,1,10.0
3087,17.0,1,10.0
3088,17.0,1,10.0
3089,17.0,6,17.0
3090,17.0,1,10.0
3091,17.0,1,10.0
3092,17.0,1,10.0
3093,17.0,1,10.0
3094,17.0,3,18.0
3095,17.0,1,10.0
3096,17.0,6,17.0
3097,17.0,1,10.0
3098,17.0,7,7.0
3099,17.0,1,10.0
3100,17.0,7,7.0
3101,17.0,1,10.0
3102,17.0,1,10.0
3103,17.0,6,17.0
3104,17.0,3,18.0
3105,17.0,1,10.0
3106,17.0,1,10.0
3107,17.0,7,7.0
3108,17.0,6,17.0
3109,17.0,1,10.0
3110,17.0,1,10.0
3111,17.0,6,17.0
3112,17.0,8,4.0
3113,17.0,1,10.0
3114,17.0,1,10.0
3115,17.0,1,10.0
3116,17.0,7,7.0
3117,17.0,6,17.0
3118,17.0,1,10.0
3119,17.0,1,10.0
3120,17.0,6,17.0
3121,17.0,6,17.0
3122,17.0,1,10.0
3123,17.0,1,10.0
3124,17.0,6,17.0
3125,17.0,3,18.0
3126,17.0,7,7.0
3127,17.0,2,6.0
3128,17.0,1,10.0
3129,17.0,3,18.0
3130,17.0,1,10.0
3131,17.0,1,10.0
3132,17.0,1,10.0
3133,17.0,1,10.0
3134,17.0,3,18.0
3135,17.0,1,10.0
3136,17.0,6,17.0
3137,17.0,0,9.0
3138,17.0,1,10.0
3139,17.0,6,17.0
3140,17.0,1,10.0
3141,17.0,1,10.0
3142,17.0,1,10.0
3143,17.0,1,10.0
3144,17.0,1,10.0
3145,17.0,8,4.0
3146,17.0,1,10.0
3147,17.0,1,10.0
3148,17.0,1,10.0
3149,17.0,6,17.0
3150,17.0,8,4.0
3151,17.0,1,10.0
3152,17.0,1,10.0
3153,17.0,3,18.0
3154,17.0,1,10.0
3155,17.0,1,10.0
3156,17.0,1,10.0
3157,17.0,8,4.0
3158,17.0,6,17.0
3159,17.0,1,10.0
3160,17.0,6,17.0
3161,17.0,1,10.0
3162,17.0,1,10.0
3163,17.0,1,10.0
3164,17.0,1,10.0
3165,17.0,3,18.0
3166,17.0,1,10.0
3167,17.0,1,10.0
3168,17.0,1,10.0
3169,17.0,1,10.0
3170,17.0,1,10.0
3171,17.0,6,17.0
3172,17.0,1,10.0
3173,17.0,1,10.0
3174,17.0,1,10.0
3175,17.0,3,18.0
3176,17.0,1,10.0
3177,17.0,1,10.0
3178,17.0,1,10.0
3179,17.0,6,17.0
3180,17.0,1,10.0
3181,17.0,1,10.0
3182,17.0,1,10.0
3183,17.0,1,10.0
3184,17.0,2,6.0
3185,17.0,1,10.0
3186,17.0,3,18.0
3187,17.0,1,10.0
3188,17.0,1,10.0
3189,17.0,2,6.0
3190,17.0,1,10.0
3191,17.0,1,10.0
3192,17.0,1,10.0
3193,17.0,3,18.0
3194,17.0,1,10.0
3195,17.0,1,10.0
3196,17.0,6,17.0
3197,17.0,1,10.0
3198,17.0,7,7.0
3199,17.0,1,10.0
3200,17.0,7,7.0
3201,17.0,1,10.0
3202,17.0,1,10.0
3203,17.0,2,6.0
3204,17.0,1,10.0
3205,17.0,1,10.0
3206,17.0,1,10.0
3207,17.0,1,10.0
3208,17.0,1,10.0
3209,17.0,3,18.0
3210,17.0,1,10.0
3211,17.0,1,10.0
3212,17.0,1,10.0
3213,17.0,1,10.0
3214,17.0,1,10.0
3215,17.0,6,17.0
3216,17.0,3,18.0
3217,17.0,1,10.0
3218,17.0,1,10.0
3219,17.0,1,10.0
3220,17.0,1,10.0
3221,17.0,1,10.0
3222,17.0,3,18.0
3223,17.0,1,10.0
3224,17.0,3,18.0
3225,17.0,1,10.0
3226,17.0,1,10.0
3227,17.0,1,10.0
3228,17.0,3,18.0
3229,17.0,1,10.0
3230,17.0,1,10.0
3231,17.0,1,10.0
3232,17.0,1,10.0
3233,17.0,1,10.0
3234,17.0,1,10.0
3235,17.0,1,10.0
3236,17.0,1,10.0
3237,17.0,1,10.0
3238,17.0,6,17.0
3239,17.0,7,7.0
3240,17.0,1,10.0
3241,17.0,1,10.0
3242,17.0,1,10.0
3243,17.0,2,6.0
3244,17.0,1,10.0
3245,17.0,1,10.0
3246,17.0,1,10.0
3247,17.0,1,10.0
3248,17.0,1,10.0
3249,17.0,1,10.0
3250,17.0,6,17.0
3251,17.0,1,10.0
3252,17.0,1,10.0
3253,17.0,1,10.0
3254,17.0,1,10.0
3255,17.0,1,10.0
3256,17.0,1,10.0
3257,17.0,6,17.0
3258,17.0,1,10.0
3259,17.0,7,7.0
3260,17.0,1,10.0
3261,17.0,4,8.0
3262,17.0,1,10.0
3263,17.0,1,10.0
3264,17.0,1,10.0
3265,17.0,1,10.0
3266,17.0,1,10.0
3267,17.0,6,17.0
3268,17.0,7,7.0
3269,17.0,7,7.0
3270,17.0,6,17.0
3271,17.0,1,10.0
3272,17.0,3,18.0
3273,17.0,1,10.0
3274,17.0,1,10.0
3275,17.0,1,10.0
3276,17.0,1,10.0
3277,17.0,1,10.0
3278,17.0,1,10.0
3279,17.0,1,10.0
3280,17.0,1,10.0
3281,17.0,2,6.0
3282,17.0,1,10.0
3283,17.0,1,10.0
3284,17.0,1,10.0
3285,17.0,1,10.0
3286,17.0,7,7.0
3287,17.0,1,10.0
3288,17.0,1,10.0
3289,17.0,1,10.0
3290,17.0,7,7.0
3291,17.0,6,17.0
3292,17.0,6,17.0
3293,17.0,1,10.0
3294,17.0,3,18.0
3295,17.0,8,4.0
3296,17.0,1,10.0
3297,17.0,6,17.0
3298,17.0,1,10.0
3299,17.0,1,10.0
3300,17.0,1,10.0
3301,17.0,6,17.0
3302,17.0,1,10.0
3303,17.0,1,10.0
3304,17.0,1,10.0
3305,17.0,3,18.0
3306,17.0,4,8.0
3307,17.0,1,10.0
3308,17.0,1,10.0
3309,17.0,1,10.0
3310,17.0,1,10.0
3311,17.0,6,17.0
3312,17.0,6,17.0
3313,17.0,2,6.0
3314,17.0,3,18.0
3315,17.0,1,10.0
3316,17.0,1,10.0
3317,17.0,1,10.0
3318,17.0,3,18.0
3319,17.0,1,10.0
3320,17.0,1,10.0
3321,17.0,1,10.0
3322,17.0,7,7.0
3323,17.0,1,10.0
3324,17.0,2,6.0
3325,17.0,6,17.0
3326,17.0,1,10.0
3327,17.0,1,10.0
3328,17.0,1,10.0
3329,17.0,1,10.0
3330,17.0,1,10.0
3331,17.0,1,10.0
3332,17.0,3,18.0
3333,17.0,1,10.0
3334,17.0,7,7.0
3335,17.0,3,18.0
3336,17.0,1,10.0
3337,17.0,0,9.0
3338,17.0,1,10.0
3339,17.0,3,18.0
3340,17.0,6,17.0
3341,17.0,1,10.0
3342,17.0,1,10.0
3343,17.0,1,10.0
3344,17.0,3,18.0
3345,17.0,3,18.0
3346,17.0,6,17.0
3347,17.0,1,10.0
3348,17.0,6,17.0
3349,17.0,0,9.0
3350,17.0,1,10.0
3351,17.0,1,10.0
3352,17.0,3,18.0
3353,17.0,0,9.0
3354,17.0,6,17.0
3355,17.0,1,10.0
3356,17.0,3,18.0
3357,17.0,1,10.0
3358,17.0,1,10.0
3359,17.0,1,10.0
3360,17.0,1,10.0
3361,17.0,6,17.0
3362,17.0,1,10.0
3363,17.0,1,10.0
3364,17.0,3,18.0
3365,17.0,1,10.0
3366,17.0,1,10.0
3367,17.0,1,10.0
3368,17.0,1,10.0
3369,17.0,3,18.0
3370,17.0,7,7.0
3371,17.0,1,10.0
3372,17.0,7,7.0
3373,17.0,6,17.0
3374,17.0,1,10.0
3375,17.0,1,10.0
3376,17.0,1,10.0
3377,17.0,1,10.0
3378,17.0,1,10.0
3379,17.0,1,10.0
3380,17.0,3,18.0
3381,17.0,1,10.0
3382,17.0,1,10.0
3383,17.0,1,10.0
3384,17.0,1,10.0
3385,17.0,3,18.0
3386,17.0,1,10.0
3387,17.0,1,10.0
3388,17.0,6,17.0
3389,17.0,1,10.0
3390,17.0,1,10.0
3391,17.0,8,4.0
3392,17.0,1,10.0
3393,17.0,1,10.0
3394,17.0,1,10.0
3395,17.0,1,10.0
3396,17.0,7,7.0
3397,17.0,1,10.0
3398,17.0,6,17.0
3399,17.0,1,10.0
3400,17.0,7,7.0
3401,17.0,1,10.0
3402,17.0,6,17.0
3403,17.0,1,10.0
3404,17.0,1,10.0
3405,17.0,6,17.0
3406,17.0,1,10.0
3407,17.0,6,17.0
3408,17.0,1,10.0
3409,17.0,7,7.0
3410,17.0,1,10.0
3411,17.0,6,17.0
3412,17.0,6,17.0
3413,17.0,1,10.0
3414,17.0,1,10.0
3415,17.0,1,10.0
3416,17.0,1,10.0
3417,17.0,1,10.0
3418,17.0,1,10.0
3419,17.0,1,10.0
3420,17.0,1,10.0
3421,17.0,6,17.0
3422,17.0,1,10.0
3423,17.0,1,10.0
3424,17.0,7,7.0
3425,17.0,6,17.0
3426,17.0,1,10.0
3427,17.0,3,18.0
3428,17.0,6,17.0
3429,17.0,1,10.0
3430,17.0,6,17.0
3431,17.0,3,18.0
3432,17.0,1,10.0
3433,17.0,1,10.0
3434,17.0,2,6.0
3435,17.0,6,17.0
3436,17.0,1,10.0
3437,17.0,1,10.0
3438,17.0,3,18.0
3439,17.0,6,17.0
3440,17.0,3,18.0
3441,17.0,1,10.0
3442,17.0,6,17.0
3443,17.0,1,10.0
3444,17.0,1,10.0
3445,17.0,8,4.0
3446,17.0,6,17.0
3447,17.0,3,18.0
3448,17.0,6,17.0
3449,17.0,3,18.0
3450,17.0,1,10.0
3451,17.0,6,17.0
3452,17.0,1,10.0
3453,17.0,1,10.0
3454,17.0,1,10.0
3455,17.0,1,10.0
3456,17.0,3,18.0
3457,17.0,1,10.0
3458,17.0,1,10.0
3459,17.0,6,17.0
3460,17.0,1,10.0
3461,17.0,1,10.0
3462,17.0,1,10.0
3463,17.0,1,10.0
3464,17.0,1,10.0
3465,17.0,1,10.0
3466,17.0,1,10.0
3467,17.0,1,10.0
3468,17.0,5,2.0
3469,17.0,1,10.0
3470,17.0,1,10.0
3471,17.0,6,17.0
3472,17.0,6,17.0
3473,17.0,7,7.0
3474,17.0,7,7.0
3475,17.0,0,9.0
3476,17.0,0,9.0
3477,17.0,7,7.0
3478,17.0,1,10.0
3479,17.0,6,17.0
3480,17.0,1,10.0
3481,17.0,3,18.0
3482,17.0,1,10.0
3483,17.0,1,10.0
3484,17.0,1,10.0
3485,17.0,6,17.0
3486,17.0,1,10.0
3487,17.0,3,18.0
3488,17.0,6,17.0
3489,17.0,1,10.0
3490,17.0,6,17.0
3491,17.0,1,10.0
3492,17.0,1,10.0
3493,17.0,6,17.0
3494,17.0,1,10.0
3495,17.0,1,10.0
3496,17.0,1,10.0
3497,17.0,1,10.0
3498,17.0,1,10.0
3499,17.0,1,10.0
3500,17.0,1,10.0
3501,17.0,1,10.0
3502,17.0,2,6.0
3503,17.0,6,17.0
3504,17.0,1,10.0
3505,17.0,1,10.0
3506,17.0,1,10.0
3507,17.0,3,18.0
3508,17.0,1,10.0
3509,17.0,3,18.0
3510,17.0,1,10.0
3511,17.0,1,10.0
3512,17.0,1,10.0
3513,17.0,1,10.0
3514,17.0,1,10.0
3515,17.0,1,10.0
3516,17.0,1,10.0
3517,17.0,6,17.0
3518,17.0,6,17.0
3519,17.0,8,4.0
3520,17.0,1,10.0
3521,17.0,3,18.0
3522,17.0,1,10.0
3523,17.0,5,2.0
3524,17.0,1,10.0
3525,17.0,1,10.0
3526,17.0,1,10.0
3527,17.0,1,10.0
3528,17.0,6,17.0
3529,17.0,3,18.0
3530,17.0,3,18.0
3531,17.0,1,10.0
3532,17.0,3,18.0
3533,17.0,1,10.0
3534,17.0,1,10.0
3535,17.0,3,18.0
3536,17.0,8,4.0
3537,17.0,1,10.0
3538,17.0,1,10.0
3539,17.0,1,10.0
3540,17.0,1,10.0
3541,17.0,1,10.0
3542,17.0,7,7.0
3543,17.0,1,10.0
3544,17.0,0,9.0
3545,17.0,1,10.0
3546,17.0,2,6.0
3547,17.0,1,10.0
3548,17.0,1,10.0
3549,17.0,1,10.0
3550,17.0,6,17.0
3551,17.0,2,6.0
3552,17.0,0,9.0
3553,17.0,3,18.0
3554,17.0,6,17.0
3555,17.0,7,7.0
3556,17.0,1,10.0
3557,17.0,6,17.0
3558,17.0,8,4.0
3559,17.0,1,10.0
3560,17.0,1,10.0
3561,17.0,1,10.0
3562,17.0,1,10.0
3563,17.0,6,17.0
3564,17.0,1,10.0
3565,17.0,6,17.0
3566,17.0,8,4.0
3567,17.0,1,10.0
3568,17.0,4,8.0
3569,17.0,6,17.0
3570,17.0,1,10.0
3571,17.0,1,10.0
3572,17.0,6,17.0
3573,17.0,1,10.0
3574,17.0,1,10.0
3575,17.0,1,10.0
3576,17.0,1,10.0
3577,17.0,7,7.0
3578,17.0,1,10.0
3579,17.0,3,18.0
3580,17.0,1,10.0
3581,17.0,3,18.0
3582,17.0,1,10.0
3583,17.0,6,17.0
3584,17.0,3,18.0
3585,17.0,1,10.0
3586,17.0,1,10.0
3587,17.0,1,10.0
3588,17.0,6,17.0
3589,17.0,3,18.0
3590,17.0,1,10.0
3591,17.0,6,17.0
3592,17.0,1,10.0
3593,17.0,6,17.0
3594,17.0,1,10.0
3595,17.0,1,10.0
3596,17.0,1,10.0
3597,17.0,1,10.0
3598,17.0,1,10.0
3599,17.0,6,17.0
3600,17.0,1,10.0
3601,17.0,8,4.0
3602,17.0,1,10.0
3603,17.0,7,7.0
3604,17.0,1,10.0
3605,17.0,1,10.0
3606,17.0,8,4.0
3607,17.0,1,10.0
3608,17.0,1,10.0
3609,17.0,1,10.0
3610,17.0,1,10.0
3611,17.0,1,10.0
3612,17.0,1,10.0
3613,17.0,3,18.0
3614,17.0,1,10.0
3615,17.0,1,10.0
3616,17.0,8,4.0
3617,17.0,1,10.0
3618,17.0,1,10.0
3619,17.0,1,10.0
3620,17.0,1,10.0
3621,17.0,6,17.0
3622,17.0,1,10.0
3623,17.0,8,4.0
3624,17.0,6,17.0
3625,17.0,1,10.0
3626,17.0,1,10.0
3627,17.0,6,17.0
3628,17.0,6,17.0
3629,17.0,1,10.0
3630,17.0,3,18.0
3631,17.0,3,18.0
3632,17.0,1,10.0
3633,17.0,1,10.0
3634,17.0,1,10.0
3635,17.0,7,7.0
3636,17.0,6,17.0
3637,17.0,3,18.0
3638,17.0,6,17.0
3639,17.0,1,10.0
3640,17.0,6,17.0
3641,17.0,1,10.0
3642,17.0,1,10.0
3643,17.0,3,18.0
3644,17.0,6,17.0
3645,17.0,7,7.0
3646,17.0,3,18.0
3647,17.0,3,18.0
3648,17.0,1,10.0
3649,17.0,8,4.0
3650,17.0,1,10.0
3651,17.0,6,17.0
3652,17.0,1,10.0
3653,17.0,3,18.0
3654,17.0,1,10.0
3655,17.0,6,17.0
3656,17.0,1,10.0
3657,17.0,1,10.0
3658,17.0,1,10.0
3659,17.0,1,10.0
3660,17.0,5,2.0
3661,17.0,1,10.0
3662,17.0,7,7.0
3663,17.0,1,10.0
3664,17.0,3,18.0
3665,17.0,1,10.0
3666,17.0,6,17.0
3667,17.0,1,10.0
3668,17.0,8,4.0
3669,17.0,1,10.0
3670,17.0,1,10.0
3671,17.0,1,10.0
3672,17.0,3,18.0
3673,17.0,1,10.0
3674,17.0,1,10.0
3675,17.0,1,10.0
3676,17.0,1,10.0
3677,17.0,1,10.0
3678,17.0,3,18.0
3679,17.0,1,10.0
3680,17.0,1,10.0
3681,17.0,6,17.0
3682,17.0,0,9.0
3683,17.0,1,10.0
3684,17.0,3,18.0
3685,17.0,6,17.0
3686,17.0,1,10.0
3687,17.0,1,10.0
3688,17.0,8,4.0
3689,17.0,1,10.0
3690,17.0,1,10.0
3691,17.0,1,10.0
3692,17.0,5,2.0
3693,17.0,1,10.0
3694,17.0,6,17.0
3695,17.0,1,10.0
3696,17.0,1,10.0
3697,17.0,1,10.0
3698,17.0,6,17.0
3699,17.0,1,10.0
3700,17.0,1,10.0
3701,17.0,1,10.0
3702,17.0,1,10.0
3703,17.0,3,18.0
3704,17.0,1,10.0
3705,17.0,1,10.0
3706,17.0,1,10.0
3707,17.0,3,18.0
3708,17.0,1,10.0
3709,17.0,1,10.0
3710,17.0,1,10.0
3711,17.0,2,6.0
3712,17.0,3,18.0
3713,17.0,3,18.0
3714,17.0,6,17.0
3715,17.0,1,10.0
3716,17.0,1,10.0
3717,17.0,1,10.0
3718,17.0,1,10.0
3719,17.0,1,10.0
3720,17.0,1,10.0
3721,17.0,6,17.0
3722,17.0,8,4.0
3723,17.0,6,17.0
3724,17.0,8,4.0
3725,17.0,1,10.0
3726,17.0,1,10.0
3727,17.0,1,10.0
3728,17.0,1,10.0
3729,17.0,1,10.0
3730,17.0,1,10.0
3731,17.0,1,10.0
3732,17.0,6,17.0
3733,17.0,3,18.0
3734,17.0,2,6.0
3735,17.0,1,10.0
3736,17.0,1,10.0
3737,17.0,1,10.0
3738,17.0,3,18.0
3739,17.0,3,18.0
3740,17.0,1,10.0
3741,17.0,0,9.0
3742,17.0,1,10.0
3743,17.0,0,9.0
3744,17.0,1,10.0
3745,17.0,1,10.0
3746,17.0,6,17.0
3747,17.0,1,10.0
3748,17.0,0,9.0
3749,17.0,6,17.0
3750,17.0,1,10.0
3751,17.0,1,10.0
3752,17.0,1,10.0
3753,17.0,1,10.0
3754,17.0,6,17.0
3755,17.0,1,10.0
3756,17.0,3,18.0
3757,17.0,1,10.0
3758,17.0,1,10.0
3759,17.0,1,10.0
3760,17.0,7,7.0
3761,17.0,2,6.0
3762,17.0,0,9.0
3763,17.0,1,10.0
3764,17.0,1,10.0
3765,17.0,1,10.0
3766,17.0,1,10.0
3767,17.0,1,10.0
3768,17.0,1,10.0
3769,17.0,1,10.0
3770,17.0,1,10.0
3771,17.0,1,10.0
3772,17.0,1,10.0
3773,17.0,6,17.0
3774,17.0,1,10.0
3775,17.0,1,10.0
3776,17.0,3,18.0
3777,17.0,3,18.0
3778,17.0,3,18.0
3779,17.0,1,10.0
3780,17.0,2,6.0
3781,17.0,3,18.0
3782,17.0,1,10.0
3783,17.0,6,17.0
3784,17.0,1,10.0
3785,17.0,1,10.0
3786,17.0,1,10.0
3787,17.0,1,10.0
3788,17.0,1,10.0
3789,17.0,1,10.0
3790,17.0,1,10.0
3791,17.0,8,4.0
3792,17.0,1,10.0
3793,17.0,1,10.0
3794,17.0,1,10.0
3795,17.0,1,10.0
3796,17.0,1,10.0
3797,17.0,1,10.0
3798,17.0,1,10.0
3799,17.0,6,17.0
3800,17.0,6,17.0
3801,17.0,1,10.0
3802,17.0,1,10.0
3803,17.0,3,18.0
3804,17.0,1,10.0
3805,17.0,8,4.0
3806,17.0,1,10.0
3807,17.0,2,6.0
3808,17.0,6,17.0
3809,17.0,1,10.0
3810,17.0,6,17.0
3811,17.0,8,4.0
3812,17.0,1,10.0
3813,17.0,1,10.0
3814,17.0,6,17.0
3815,17.0,1,10.0
3816,17.0,1,10.0
3817,17.0,1,10.0
3818,17.0,1,10.0
3819,17.0,1,10.0
3820,17.0,1,10.0
3821,17.0,1,10.0
3822,17.0,1,10.0
3823,17.0,8,4.0
3824,17.0,6,17.0
3825,17.0,1,10.0
3826,17.0,1,10.0
3827,17.0,7,7.0
3828,17.0,3,18.0
3829,17.0,6,17.0
3830,17.0,1,10.0
3831,17.0,1,10.0
3832,17.0,1,10.0
3833,17.0,2,6.0
3834,17.0,1,10.0
3835,17.0,1,10.0
3836,17.0,1,10.0
3837,17.0,0,9.0
3838,17.0,1,10.0
3839,17.0,6,17.0
3840,17.0,1,10.0
3841,17.0,6,17.0
3842,17.0,1,10.0
3843,17.0,3,18.0
3844,17.0,1,10.0
3845,17.0,1,10.0
3846,17.0,6,17.0
3847,17.0,1,10.0
3848,17.0,1,10.0
3849,17.0,8,4.0
3850,17.0,1,10.0
3851,17.0,1,10.0
3852,17.0,1,10.0
3853,17.0,3,18.0
3854,17.0,1,10.0
3855,17.0,1,10.0
3856,17.0,1,10.0
3857,17.0,1,10.0
3858,17.0,1,10.0
3859,17.0,1,10.0
3860,17.0,3,18.0
3861,17.0,1,10.0
3862,17.0,7,7.0
3863,17.0,6,17.0
3864,17.0,1,10.0
3865,17.0,1,10.0
3866,17.0,1,10.0
3867,17.0,1,10.0
3868,17.0,1,10.0
3869,17.0,7,7.0
3870,17.0,1,10.0
3871,17.0,1,10.0
3872,17.0,3,18.0
3873,17.0,1,10.0
3874,17.0,1,10.0
3875,17.0,1,10.0
3876,17.0,1,10.0
3877,17.0,6,17.0
3878,17.0,1,10.0
3879,17.0,3,18.0
3880,17.0,1,10.0
3881,17.0,3,18.0
3882,17.0,6,17.0
3883,17.0,6,17.0
3884,17.0,1,10.0
3885,17.0,1,10.0
3886,17.0,1,10.0
3887,17.0,1,10.0
3888,17.0,1,10.0
3889,17.0,1,10.0
3890,17.0,3,18.0
3891,17.0,1,10.0
3892,17.0,1,10.0
3893,17.0,1,10.0
3894,17.0,6,17.0
3895,17.0,3,18.0
3896,17.0,1,10.0
3897,17.0,1,10.0
3898,17.0,3,18.0
3899,17.0,1,10.0
3900,17.0,1,10.0
3901,17.0,1,10.0
3902,17.0,1,10.0
3903,17.0,3,18.0
3904,17.0,6,17.0
3905,17.0,1,10.0
3906,17.0,1,10.0
3907,17.0,1,10.0
3908,17.0,1,10.0
3909,17.0,1,10.0
3910,17.0,0,9.0
3911,17.0,1,10.0
3912,17.0,1,10.0
3913,17.0,6,17.0
3914,17.0,1,10.0
3915,17.0,1,10.0
3916,17.0,3,18.0
3917,17.0,1,10.0
3918,17.0,1,10.0
3919,17.0,1,10.0
3920,17.0,1,10.0
3921,17.0,1,10.0
3922,17.0,8,4.0
3923,17.0,6,17.0
3924,17.0,3,18.0
3925,17.0,1,10.0
3926,17.0,1,10.0
3927,17.0,7,7.0
3928,17.0,3,18.0
3929,17.0,1,10.0
3930,17.0,1,10.0
3931,17.0,1,10.0
3932,17.0,2,6.0
3933,17.0,1,10.0
3934,17.0,1,10.0
3935,17.0,6,17.0
3936,17.0,1,10.0
3937,17.0,1,10.0
3938,17.0,3,18.0
3939,17.0,1,10.0
3940,17.0,1,10.0
3941,17.0,1,10.0
3942,17.0,6,17.0
3943,17.0,1,10.0
3944,17.0,6,17.0
3945,17.0,1,10.0
3946,17.0,8,4.0
3947,17.0,1,10.0
3948,17.0,1,10.0
3949,17.0,6,17.0
3950,18.0,1,10.0
3951,18.0,1,10.0
3952,18.0,1,10.0
3953,18.0,1,10.0
3954,18.0,6,17.0
3955,18.0,7,7.0
3956,18.0,6,17.0
3957,18.0,3,18.0
3958,18.0,6,17.0
3959,18.0,6,17.0
3960,18.0,1,10.0
3961,18.0,6,17.0
3962,18.0,6,17.0
3963,18.0,1,10.0
3964,18.0,1,10.0
3965,18.0,1,10.0
3966,18.0,1,10.0
3967,18.0,1,10.0
3968,18.0,6,17.0
3969,18.0,1,10.0
3970,18.0,1,10.0
3971,18.0,1,10.0
3972,18.0,1,10.0
3973,18.0,1,10.0
3974,18.0,8,4.0
3975,18.0,8,4.0
3976,18.0,1,10.0
3977,18.0,6,17.0
3978,18.0,1,10.0
3979,18.0,1,10.0
3980,18.0,6,17.0
3981,18.0,6,17.0
3982,18.0,1,10.0
3983,18.0,1,10.0
3984,18.0,6,17.0
3985,18.0,1,10.0
3986,18.0,1,10.0
3987,18.0,1,10.0
3988,18.0,1,10.0
3989,18.0,6,17.0
3990,18.0,0,9.0
3991,18.0,1,10.0
3992,18.0,1,10.0
3993,18.0,1,10.0
3994,18.0,3,18.0
3995,18.0,3,18.0
3996,18.0,1,10.0
3997,18.0,7,7.0
3998,18.0,1,10.0
3999,18.0,6,17.0
4000,18.0,1,10.0
4001,18.0,1,10.0
4002,18.0,1,10.0
4003,18.0,1,10.0
4004,18.0,1,10.0
4005,18.0,1,10.0
4006,18.0,3,18.0
4007,18.0,3,18.0
4008,18.0,1,10.0
4009,18.0,1,10.0
4010,18.0,1,10.0
4011,18.0,1,10.0
4012,18.0,6,17.0
4013,18.0,1,10.0
4014,18.0,0,9.0
4015,18.0,2,6.0
4016,18.0,1,10.0
4017,18.0,1,10.0
4018,18.0,6,17.0
4019,18.0,1,10.0
4020,18.0,1,10.0
4021,18.0,1,10.0
4022,18.0,1,10.0
4023,18.0,1,10.0
4024,18.0,1,10.0
4025,18.0,1,10.0
4026,18.0,2,6.0
4027,18.0,8,4.0
4028,18.0,6,17.0
4029,18.0,1,10.0
4030,18.0,1,10.0
4031,18.0,1,10.0
4032,18.0,1,10.0
4033,18.0,1,10.0
4034,18.0,3,18.0
4035,18.0,1,10.0
4036,18.0,1,10.0
4037,18.0,8,4.0
4038,18.0,1,10.0
4039,18.0,1,10.0
4040,18.0,1,10.0
4041,18.0,1,10.0
4042,18.0,1,10.0
4043,18.0,1,10.0
4044,18.0,1,10.0
4045,18.0,1,10.0
4046,18.0,6,17.0
4047,18.0,1,10.0
4048,18.0,5,2.0
4049,18.0,6,17.0
4050,18.0,1,10.0
4051,18.0,1,10.0
4052,18.0,1,10.0
4053,18.0,6,17.0
4054,18.0,8,4.0
4055,18.0,1,10.0
4056,18.0,3,18.0
4057,18.0,1,10.0
4058,18.0,1,10.0
4059,18.0,1,10.0
4060,18.0,1,10.0
4061,18.0,8,4.0
4062,18.0,1,10.0
4063,18.0,3,18.0
4064,18.0,6,17.0
4065,18.0,1,10.0
4066,18.0,1,10.0
4067,18.0,1,10.0
4068,18.0,1,10.0
4069,18.0,6,17.0
4070,18.0,1,10.0
4071,18.0,1,10.0
4072,18.0,3,18.0
4073,18.0,1,10.0
4074,18.0,1,10.0
4075,18.0,7,7.0
4076,18.0,1,10.0
4077,18.0,1,10.0
4078,18.0,1,10.0
4079,18.0,6,17.0
4080,18.0,6,17.0
4081,18.0,1,10.0
4082,18.0,1,10.0
4083,18.0,6,17.0
4084,18.0,1,10.0
4085,18.0,1,10.0
4086,18.0,1,10.0
4087,18.0,1,10.0
4088,18.0,1,10.0
4089,18.0,1,10.0
4090,18.0,6,17.0
4091,18.0,1,10.0
4092,18.0,1,10.0
4093,18.0,2,6.0
4094,18.0,1,10.0
4095,18.0,1,10.0
4096,18.0,1,10.0
4097,18.0,1,10.0
4098,18.0,3,18.0
4099,18.0,7,7.0
4100,18.0,1,10.0
4101,18.0,6,17.0
4102,18.0,1,10.0
4103,18.0,1,10.0
4104,18.0,1,10.0
4105,18.0,1,10.0
4106,18.0,1,10.0
4107,18.0,1,10.0
4108,18.0,1,10.0
4109,18.0,3,18.0
4110,18.0,1,10.0
4111,18.0,1,10.0
4112,18.0,1,10.0
4113,18.0,1,10.0
4114,18.0,6,17.0
4115,18.0,1,10.0
4116,18.0,3,18.0
4117,18.0,2,6.0
4118,18.0,8,4.0
4119,18.0,1,10.0
4120,18.0,1,10.0
4121,18.0,1,10.0
4122,18.0,6,17.0
4123,18.0,1,10.0
4124,18.0,1,10.0
4125,18.0,1,10.0
4126,18.0,6,17.0
4127,18.0,6,17.0
4128,18.0,8,4.0
4129,18.0,1,10.0
4130,18.0,6,17.0
4131,18.0,6,17.0
4132,18.0,1,10.0
4133,18.0,1,10.0
4134,18.0,1,10.0
4135,18.0,6,17.0
4136,18.0,1,10.0
4137,18.0,1,10.0
4138,18.0,1,10.0
4139,18.0,6,17.0
4140,18.0,1,10.0
4141,18.0,1,10.0
4142,18.0,1,10.0
4143,18.0,1,10.0
4144,18.0,1,10.0
4145,18.0,1,10.0
4146,18.0,1,10.0
4147,18.0,3,18.0
4148,18.0,1,10.0
4149,18.0,3,18.0
4150,18.0,1,10.0
4151,18.0,1,10.0
4152,18.0,1,10.0
4153,18.0,1,10.0
4154,18.0,1,10.0
4155,18.0,1,10.0
4156,18.0,6,17.0
4157,18.0,1,10.0
4158,18.0,3,18.0
4159,18.0,6,17.0
4160,18.0,1,10.0
4161,18.0,1,10.0
4162,18.0,1,10.0
4163,18.0,1,10.0
4164,18.0,1,10.0
4165,18.0,1,10.0
4166,18.0,1,10.0
4167,18.0,1,10.0
4168,18.0,6,17.0
4169,18.0,1,10.0
4170,18.0,1,10.0
4171,18.0,6,17.0
4172,18.0,1,10.0
4173,18.0,1,10.0
4174,18.0,3,18.0
4175,18.0,3,18.0
4176,18.0,1,10.0
4177,18.0,1,10.0
4178,18.0,1,10.0
4179,18.0,6,17.0
4180,18.0,1,10.0
4181,18.0,1,10.0
4182,18.0,1,10.0
4183,18.0,1,10.0
4184,18.0,1,10.0
4185,18.0,1,10.0
4186,18.0,6,17.0
4187,18.0,1,10.0
4188,18.0,1,10.0
4189,18.0,1,10.0
4190,18.0,1,10.0
4191,18.0,6,17.0
4192,18.0,3,18.0
4193,18.0,1,10.0
4194,18.0,6,17.0
4195,18.0,6,17.0
4196,18.0,1,10.0
4197,18.0,3,18.0
4198,18.0,1,10.0
4199,18.0,1,10.0
4200,18.0,1,10.0
4201,18.0,1,10.0
4202,18.0,3,18.0
4203,18.0,1,10.0
4204,18.0,7,7.0
4205,18.0,6,17.0
4206,18.0,3,18.0
4207,18.0,1,10.0
4208,18.0,1,10.0
4209,18.0,1,10.0
4210,18.0,6,17.0
4211,18.0,8,4.0
4212,18.0,6,17.0
4213,18.0,1,10.0
4214,18.0,2,6.0
4215,18.0,3,18.0
4216,18.0,1,10.0
4217,18.0,1,10.0
4218,18.0,1,10.0
4219,18.0,0,9.0
4220,18.0,1,10.0
4221,18.0,6,17.0
4222,18.0,5,2.0
4223,18.0,1,10.0
4224,18.0,8,4.0
4225,18.0,1,10.0
4226,18.0,1,10.0
4227,18.0,1,10.0
4228,18.0,1,10.0
4229,18.0,6,17.0
4230,18.0,6,17.0
4231,18.0,3,18.0
4232,18.0,1,10.0
4233,18.0,1,10.0
4234,18.0,1,10.0
4235,18.0,2,6.0
4236,18.0,0,9.0
4237,18.0,6,17.0
4238,18.0,7,7.0
4239,18.0,1,10.0
4240,18.0,1,10.0
4241,18.0,1,10.0
4242,18.0,1,10.0
4243,18.0,1,10.0
4244,18.0,3,18.0
4245,18.0,2,6.0
4246,18.0,1,10.0
4247,18.0,1,10.0
4248,18.0,8,4.0
4249,18.0,1,10.0
4250,18.0,1,10.0
4251,18.0,1,10.0
4252,18.0,1,10.0
4253,18.0,7,7.0
4254,18.0,8,4.0
4255,18.0,1,10.0
4256,18.0,1,10.0
4257,18.0,8,4.0
4258,18.0,0,9.0
4259,18.0,1,10.0
4260,18.0,1,10.0
4261,18.0,1,10.0
4262,18.0,1,10.0
4263,18.0,1,10.0
4264,18.0,1,10.0
4265,18.0,6,17.0
4266,18.0,1,10.0
4267,18.0,1,10.0
4268,18.0,1,10.0
4269,18.0,6,17.0
4270,18.0,3,18.0
4271,18.0,1,10.0
4272,18.0,1,10.0
4273,18.0,1,10.0
4274,18.0,3,18.0
4275,18.0,1,10.0
4276,18.0,1,10.0
4277,18.0,1,10.0
4278,18.0,1,10.0
4279,18.0,1,10.0
4280,18.0,6,17.0
4281,18.0,1,10.0
4282,18.0,8,4.0
4283,18.0,3,18.0
4284,18.0,1,10.0
4285,18.0,1,10.0
4286,18.0,1,10.0
4287,18.0,1,10.0
4288,18.0,1,10.0
4289,18.0,1,10.0
4290,18.0,1,10.0
4291,18.0,1,10.0
4292,18.0,6,17.0
4293,18.0,6,17.0
4294,18.0,6,17.0
4295,18.0,1,10.0
4296,18.0,3,18.0
4297,18.0,1,10.0
4298,18.0,7,7.0
4299,18.0,1,10.0
4300,18.0,1,10.0
4301,18.0,3,18.0
4302,18.0,6,17.0
4303,18.0,7,7.0
4304,18.0,3,18.0
4305,18.0,8,4.0
4306,18.0,1,10.0
4307,18.0,6,17.0
4308,18.0,1,10.0
4309,18.0,1,10.0
4310,18.0,1,10.0
4311,18.0,1,10.0
4312,18.0,1,10.0
4313,18.0,1,10.0
4314,18.0,1,10.0
4315,18.0,3,18.0
4316,18.0,1,10.0
4317,18.0,1,10.0
4318,18.0,1,10.0
4319,18.0,1,10.0
4320,18.0,6,17.0
4321,18.0,6,17.0
4322,18.0,1,10.0
4323,18.0,3,18.0
4324,18.0,1,10.0
4325,18.0,2,6.0
4326,18.0,1,10.0
4327,18.0,1,10.0
4328,18.0,1,10.0
4329,18.0,1,10.0
4330,18.0,3,18.0
4331,18.0,8,4.0
4332,18.0,1,10.0
4333,18.0,1,10.0
4334,18.0,1,10.0
4335,18.0,3,18.0
4336,18.0,6,17.0
4337,18.0,1,10.0
4338,18.0,1,10.0
4339,18.0,1,10.0
4340,18.0,1,10.0
4341,18.0,1,10.0
4342,18.0,1,10.0
4343,18.0,0,9.0
4344,18.0,3,18.0
4345,18.0,1,10.0
4346,18.0,6,17.0
4347,18.0,1,10.0
4348,18.0,3,18.0
4349,18.0,6,17.0
4350,18.0,1,10.0
4351,18.0,1,10.0
4352,18.0,1,10.0
4353,18.0,3,18.0
4354,18.0,3,18.0
4355,18.0,1,10.0
4356,18.0,1,10.0
4357,18.0,6,17.0
4358,18.0,1,10.0
4359,18.0,1,10.0
4360,18.0,1,10.0
4361,18.0,1,10.0
4362,18.0,1,10.0
4363,18.0,6,17.0
4364,18.0,1,10.0
4365,18.0,1,10.0
4366,18.0,1,10.0
4367,18.0,1,10.0
4368,18.0,1,10.0
4369,18.0,1,10.0
4370,18.0,8,4.0
4371,18.0,3,18.0
4372,18.0,6,17.0
4373,18.0,1,10.0
4374,18.0,1,10.0
4375,18.0,1,10.0
4376,18.0,7,7.0
4377,18.0,6,17.0
4378,18.0,1,10.0
4379,18.0,8,4.0
4380,18.0,1,10.0
4381,18.0,6,17.0
4382,18.0,6,17.0
4383,18.0,3,18.0
4384,18.0,6,17.0
4385,18.0,5,2.0
4386,18.0,1,10.0
4387,18.0,1,10.0
4388,18.0,6,17.0
4389,18.0,1,10.0
4390,18.0,1,10.0
4391,18.0,1,10.0
4392,18.0,1,10.0
4393,18.0,1,10.0
4394,18.0,1,10.0
4395,18.0,1,10.0
4396,18.0,1,10.0
4397,18.0,8,4.0
4398,18.0,1,10.0
4399,18.0,1,10.0
4400,18.0,1,10.0
4401,18.0,6,17.0
4402,18.0,3,18.0
4403,18.0,6,17.0
4404,18.0,1,10.0
4405,18.0,1,10.0
4406,18.0,6,17.0
4407,18.0,1,10.0
4408,18.0,6,17.0
4409,18.0,1,10.0
4410,18.0,1,10.0
4411,18.0,1,10.0
4412,18.0,1,10.0
4413,18.0,3,18.0
4414,18.0,6,17.0
4415,18.0,6,17.0
4416,18.0,1,10.0
4417,18.0,6,17.0
4418,18.0,7,7.0
4419,18.0,1,10.0
4420,18.0,6,17.0
4421,18.0,1,10.0
4422,18.0,6,17.0
4423,18.0,6,17.0
4424,18.0,0,9.0
4425,18.0,1,10.0
4426,18.0,7,7.0
4427,18.0,8,4.0
4428,18.0,1,10.0
4429,18.0,3,18.0
4430,18.0,1,10.0
4431,18.0,1,10.0
4432,18.0,1,10.0
4433,18.0,1,10.0
4434,18.0,1,10.0
4435,18.0,1,10.0
4436,18.0,1,10.0
4437,18.0,1,10.0
4438,18.0,1,10.0
4439,18.0,6,17.0
4440,18.0,1,10.0
4441,18.0,1,10.0
4442,18.0,3,18.0
4443,18.0,6,17.0
4444,18.0,1,10.0
4445,18.0,6,17.0
4446,18.0,7,7.0
4447,18.0,1,10.0
4448,18.0,6,17.0
4449,18.0,6,17.0
4450,18.0,6,17.0
4451,18.0,1,10.0
4452,18.0,1,10.0
4453,18.0,1,10.0
4454,18.0,6,17.0
4455,18.0,1,10.0
4456,18.0,8,4.0
4457,18.0,3,18.0
4458,18.0,1,10.0
4459,18.0,8,4.0
4460,18.0,1,10.0
4461,18.0,6,17.0
4462,18.0,1,10.0
4463,18.0,6,17.0
4464,18.0,8,4.0
4465,18.0,1,10.0
4466,18.0,3,18.0
4467,18.0,1,10.0
4468,18.0,1,10.0
4469,18.0,1,10.0
4470,18.0,1,10.0
4471,18.0,1,10.0
4472,18.0,1,10.0
4473,18.0,1,10.0
4474,18.0,1,10.0
4475,18.0,1,10.0
4476,18.0,1,10.0
4477,18.0,3,18.0
4478,18.0,1,10.0
4479,18.0,1,10.0
4480,18.0,6,17.0
4481,18.0,1,10.0
4482,18.0,1,10.0
4483,18.0,6,17.0
4484,18.0,1,10.0
4485,18.0,1,10.0
4486,18.0,8,4.0
4487,18.0,1,10.0
4488,18.0,1,10.0
4489,18.0,7,7.0
4490,18.0,3,18.0
4491,18.0,0,9.0
4492,18.0,6,17.0
4493,18.0,0,9.0
4494,18.0,3,18.0
4495,18.0,3,18.0
4496,18.0,3,18.0
4497,18.0,1,10.0
4498,18.0,1,10.0
4499,18.0,1,10.0
4500,18.0,3,18.0
4501,18.0,1,10.0
4502,18.0,1,10.0
4503,18.0,6,17.0
4504,18.0,1,10.0
4505,18.0,1,10.0
4506,18.0,1,10.0
4507,18.0,1,10.0
4508,18.0,3,18.0
4509,18.0,1,10.0
4510,18.0,1,10.0
4511,18.0,1,10.0
4512,18.0,6,17.0
4513,18.0,6,17.0
4514,18.0,6,17.0
4515,18.0,3,18.0
4516,18.0,1,10.0
4517,18.0,2,6.0
4518,18.0,6,17.0
4519,18.0,1,10.0
4520,18.0,1,10.0
4521,18.0,1,10.0
4522,18.0,1,10.0
4523,18.0,0,9.0
4524,18.0,8,4.0
4525,18.0,1,10.0
4526,18.0,1,10.0
4527,18.0,1,10.0
4528,18.0,6,17.0
4529,18.0,6,17.0
4530,18.0,3,18.0
4531,18.0,1,10.0
4532,18.0,1,10.0
4533,18.0,1,10.0
4534,18.0,1,10.0
4535,18.0,6,17.0
4536,18.0,1,10.0
4537,18.0,3,18.0
4538,18.0,1,10.0
4539,18.0,1,10.0
4540,18.0,8,4.0
4541,18.0,0,9.0
4542,18.0,1,10.0
4543,18.0,1,10.0
4544,18.0,1,10.0
4545,18.0,6,17.0
4546,18.0,1,10.0
4547,18.0,6,17.0
4548,18.0,1,10.0
4549,18.0,1,10.0
4550,18.0,1,10.0
4551,18.0,8,4.0
4552,18.0,1,10.0
4553,18.0,2,6.0
4554,18.0,1,10.0
4555,18.0,1,10.0
4556,18.0,1,10.0
4557,18.0,1,10.0
4558,18.0,1,10.0
4559,18.0,1,10.0
4560,18.0,7,7.0
4561,18.0,1,10.0
4562,18.0,1,10.0
4563,18.0,1,10.0
4564,18.0,7,7.0
4565,18.0,1,10.0
4566,18.0,1,10.0
4567,18.0,1,10.0
4568,18.0,1,10.0
4569,18.0,1,10.0
4570,18.0,8,4.0
4571,18.0,1,10.0
4572,18.0,1,10.0
4573,18.0,1,10.0
4574,18.0,1,10.0
4575,18.0,8,4.0
4576,18.0,1,10.0
4577,18.0,1,10.0
4578,18.0,1,10.0
4579,18.0,1,10.0
4580,18.0,1,10.0
4581,18.0,1,10.0
4582,18.0,1,10.0
4583,18.0,1,10.0
4584,18.0,1,10.0
4585,18.0,6,17.0
4586,18.0,1,10.0
4587,18.0,1,10.0
4588,18.0,1,10.0
4589,18.0,3,18.0
4590,18.0,8,4.0
4591,18.0,1,10.0
4592,18.0,1,10.0
4593,18.0,6,17.0
4594,18.0,1,10.0
4595,18.0,2,6.0
4596,18.0,6,17.0
4597,18.0,1,10.0
4598,18.0,1,10.0
4599,18.0,1,10.0
4600,18.0,3,18.0
4601,18.0,1,10.0
4602,18.0,6,17.0
4603,18.0,1,10.0
4604,18.0,1,10.0
4605,18.0,1,10.0
4606,18.0,1,10.0
4607,18.0,8,4.0
4608,18.0,0,9.0
4609,18.0,1,10.0
4610,18.0,1,10.0
4611,18.0,3,18.0
4612,18.0,6,17.0
4613,18.0,1,10.0
4614,18.0,1,10.0
4615,18.0,6,17.0
4616,18.0,1,10.0
4617,18.0,1,10.0
4618,18.0,6,17.0
4619,18.0,1,10.0
4620,18.0,1,10.0
4621,18.0,1,10.0
4622,18.0,1,10.0
4623,18.0,2,6.0
4624,18.0,6,17.0
4625,18.0,1,10.0
4626,18.0,1,10.0
4627,18.0,3,18.0
4628,18.0,6,17.0
4629,18.0,1,10.0
4630,18.0,3,18.0
4631,18.0,1,10.0
4632,18.0,3,18.0
4633,18.0,1,10.0
4634,18.0,5,2.0
4635,18.0,1,10.0
4636,18.0,1,10.0
4637,18.0,2,6.0
4638,18.0,6,17.0
4639,18.0,1,10.0
4640,18.0,1,10.0
4641,18.0,1,10.0
4642,18.0,1,10.0
4643,18.0,1,10.0
4644,18.0,1,10.0
4645,18.0,1,10.0
4646,18.0,1,10.0
4647,18.0,1,10.0
4648,18.0,0,9.0
4649,18.0,1,10.0
4650,18.0,1,10.0
4651,18.0,8,4.0
4652,18.0,6,17.0
4653,18.0,1,10.0
4654,18.0,7,7.0
4655,18.0,1,10.0
4656,18.0,1,10.0
4657,18.0,6,17.0
4658,18.0,6,17.0
4659,18.0,1,10.0
4660,18.0,1,10.0
4661,18.0,1,10.0
4662,18.0,1,10.0
4663,18.0,1,10.0
4664,18.0,1,10.0
4665,18.0,5,2.0
4666,18.0,1,10.0
4667,18.0,1,10.0
4668,18.0,1,10.0
4669,18.0,1,10.0
4670,18.0,1,10.0
4671,18.0,1,10.0
4672,18.0,6,17.0
4673,18.0,1,10.0
4674,18.0,1,10.0
4675,18.0,2,6.0
4676,18.0,7,7.0
4677,18.0,6,17.0
4678,18.0,1,10.0
4679,18.0,1,10.0
4680,18.0,1,10.0
4681,18.0,1,10.0
4682,18.0,2,6.0
4683,18.0,8,4.0
4684,18.0,6,17.0
4685,18.0,6,17.0
4686,18.0,1,10.0
4687,18.0,1,10.0
4688,18.0,3,18.0
4689,18.0,1,10.0
4690,18.0,1,10.0
4691,18.0,1,10.0
4692,18.0,1,10.0
4693,18.0,1,10.0
4694,18.0,1,10.0
4695,18.0,1,10.0
4696,18.0,1,10.0
4697,18.0,1,10.0
4698,18.0,6,17.0
4699,18.0,1,10.0
4700,18.0,1,10.0
4701,18.0,1,10.0
4702,18.0,1,10.0
4703,18.0,1,10.0
4704,18.0,1,10.0
4705,18.0,1,10.0
4706,18.0,1,10.0
4707,18.0,6,17.0
4708,18.0,6,17.0
4709,18.0,1,10.0
4710,18.0,6,17.0
4711,18.0,1,10.0
4712,18.0,3,18.0
4713,18.0,1,10.0
4714,18.0,6,17.0
4715,18.0,1,10.0
4716,18.0,1,10.0
4717,18.0,1,10.0
4718,18.0,1,10.0
4719,18.0,1,10.0
4720,18.0,8,4.0
4721,18.0,1,10.0
4722,18.0,6,17.0
4723,18.0,1,10.0
4724,18.0,3,18.0
4725,18.0,4,8.0
4726,18.0,1,10.0
4727,18.0,6,17.0
4728,18.0,1,10.0
4729,18.0,1,10.0
4730,18.0,6,17.0
4731,18.0,1,10.0
4732,18.0,6,17.0
4733,18.0,1,10.0
4734,18.0,6,17.0
4735,18.0,2,6.0
4736,18.0,1,10.0
4737,18.0,1,10.0
4738,18.0,2,6.0
4739,18.0,6,17.0
4740,18.0,1,10.0
4741,18.0,1,10.0
4742,18.0,6,17.0
4743,18.0,1,10.0
4744,18.0,1,10.0
4745,18.0,1,10.0
4746,18.0,1,10.0
4747,18.0,2,6.0
4748,18.0,5,2.0
4749,18.0,1,10.0
4750,18.0,1,10.0
4751,18.0,6,17.0
4752,18.0,1,10.0
4753,18.0,3,18.0
4754,18.0,1,10.0
4755,18.0,1,10.0
4756,18.0,1,10.0
4757,18.0,1,10.0
4758,18.0,6,17.0
4759,18.0,6,17.0
4760,18.0,1,10.0
4761,18.0,6,17.0
4762,18.0,1,10.0
4763,18.0,1,10.0
4764,18.0,1,10.0
4765,18.0,1,10.0
4766,18.0,1,10.0
4767,18.0,1,10.0
4768,18.0,0,9.0
4769,18.0,1,10.0
4770,18.0,1,10.0
4771,18.0,1,10.0
4772,18.0,1,10.0
4773,18.0,1,10.0
4774,18.0,1,10.0
4775,18.0,2,6.0
4776,18.0,8,4.0
4777,18.0,1,10.0
4778,18.0,1,10.0
4779,18.0,1,10.0
4780,18.0,1,10.0
4781,18.0,1,10.0
4782,18.0,1,10.0
4783,18.0,6,17.0
4784,18.0,1,10.0
4785,18.0,6,17.0
4786,18.0,3,18.0
4787,18.0,1,10.0
4788,18.0,1,10.0
4789,18.0,6,17.0
4790,18.0,1,10.0
4791,18.0,3,18.0
4792,18.0,2,6.0
4793,18.0,7,7.0
4794,18.0,6,17.0
4795,18.0,3,18.0
4796,18.0,1,10.0
4797,18.0,1,10.0
4798,18.0,1,10.0
4799,18.0,1,10.0
4800,18.0,1,10.0
4801,18.0,1,10.0
4802,18.0,7,7.0
4803,18.0,0,9.0
4804,18.0,6,17.0
4805,18.0,6,17.0
4806,18.0,1,10.0
4807,18.0,3,18.0
4808,18.0,1,10.0
4809,18.0,1,10.0
4810,18.0,1,10.0
4811,18.0,8,4.0
4812,18.0,6,17.0
4813,18.0,3,18.0
4814,18.0,1,10.0
4815,18.0,1,10.0
4816,18.0,1,10.0
4817,18.0,1,10.0
4818,18.0,1,10.0
4819,18.0,1,10.0
4820,18.0,1,10.0
4821,18.0,6,17.0
4822,18.0,1,10.0
4823,18.0,1,10.0
4824,18.0,6,17.0
4825,18.0,1,10.0
4826,18.0,1,10.0
4827,18.0,6,17.0
4828,18.0,1,10.0
4829,18.0,1,10.0
4830,18.0,1,10.0
4831,18.0,1,10.0
4832,18.0,1,10.0
4833,18.0,6,17.0
4834,18.0,1,10.0
4835,18.0,1,10.0
4836,18.0,6,17.0
4837,18.0,6,17.0
4838,18.0,1,10.0
4839,18.0,1,10.0
4840,18.0,1,10.0
4841,18.0,1,10.0
4842,18.0,3,18.0
4843,18.0,2,6.0
4844,18.0,1,10.0
4845,18.0,1,10.0
4846,18.0,1,10.0
4847,18.0,1,10.0
4848,18.0,8,4.0
4849,18.0,1,10.0
4850,18.0,1,10.0
4851,18.0,1,10.0
4852,18.0,6,17.0
4853,18.0,7,7.0
4854,18.0,1,10.0
4855,18.0,1,10.0
4856,18.0,1,10.0
4857,18.0,1,10.0
4858,18.0,1,10.0
4859,18.0,1,10.0
4860,18.0,6,17.0
4861,18.0,1,10.0
4862,18.0,6,17.0
4863,18.0,1,10.0
4864,18.0,1,10.0
4865,18.0,1,10.0
4866,18.0,6,17.0
4867,18.0,1,10.0
4868,18.0,6,17.0
4869,18.0,1,10.0
4870,18.0,1,10.0
4871,18.0,6,17.0
4872,18.0,1,10.0
4873,18.0,1,10.0
4874,18.0,1,10.0
4875,18.0,2,6.0
4876,18.0,1,10.0
4877,18.0,1,10.0
4878,18.0,1,10.0
4879,18.0,6,17.0
4880,18.0,1,10.0
4881,18.0,1,10.0
4882,18.0,5,2.0
4883,18.0,1,10.0
4884,18.0,3,18.0
4885,18.0,1,10.0
4886,18.0,3,18.0
4887,18.0,3,18.0
4888,18.0,1,10.0
4889,18.0,6,17.0
4890,18.0,6,17.0
4891,18.0,1,10.0
4892,18.0,1,10.0
4893,18.0,1,10.0
4894,18.0,1,10.0
4895,18.0,1,10.0
4896,18.0,3,18.0
4897,18.0,1,10.0
4898,18.0,1,10.0
4899,18.0,7,7.0
4900,18.0,6,17.0
4901,18.0,1,10.0
4902,18.0,1,10.0
4903,18.0,1,10.0
4904,18.0,1,10.0
4905,18.0,1,10.0
4906,18.0,3,18.0
4907,18.0,1,10.0
4908,18.0,1,10.0
4909,18.0,1,10.0
4910,18.0,1,10.0
4911,18.0,1,10.0
4912,18.0,6,17.0
4913,18.0,8,4.0
4914,18.0,3,18.0
4915,18.0,4,8.0
4916,18.0,5,2.0
4917,18.0,1,10.0
4918,18.0,1,10.0
4919,18.0,1,10.0
4920,18.0,1,10.0
4921,18.0,1,10.0
4922,18.0,1,10.0
4923,18.0,1,10.0
4924,18.0,2,6.0
4925,18.0,1,10.0
4926,18.0,8,4.0
4927,18.0,1,10.0
4928,18.0,6,17.0
4929,18.0,1,10.0
4930,18.0,4,8.0
4931,18.0,6,17.0
4932,18.0,1,10.0
4933,18.0,1,10.0
4934,18.0,1,10.0
4935,18.0,1,10.0
4936,18.0,1,10.0
4937,18.0,8,4.0
4938,18.0,1,10.0
4939,18.0,1,10.0
4940,18.0,6,17.0
4941,18.0,1,10.0
4942,18.0,1,10.0
4943,18.0,1,10.0
4944,18.0,7,7.0
4945,18.0,1,10.0
4946,18.0,1,10.0
4947,18.0,1,10.0
4948,18.0,1,10.0
4949,18.0,3,18.0
4950,18.0,1,10.0
4951,18.0,6,17.0
4952,18.0,8,4.0
4953,18.0,2,6.0
4954,18.0,3,18.0
4955,18.0,1,10.0
4956,18.0,6,17.0
4957,18.0,1,10.0
4958,18.0,1,10.0
4959,18.0,6,17.0
4960,18.0,2,6.0
4961,18.0,1,10.0
4962,18.0,1,10.0
4963,18.0,0,9.0
4964,18.0,1,10.0
4965,18.0,1,10.0
4966,18.0,8,4.0
4967,18.0,1,10.0
4968,18.0,3,18.0
4969,18.0,1,10.0
4970,18.0,1,10.0
4971,18.0,1,10.0
4972,18.0,1,10.0
4973,18.0,1,10.0
4974,18.0,0,9.0
4975,18.0,6,17.0
4976,18.0,6,17.0
4977,18.0,6,17.0
4978,18.0,1,10.0
4979,18.0,5,2.0
4980,18.0,5,2.0
4981,18.0,1,10.0
4982,18.0,1,10.0
4983,18.0,3,18.0
4984,18.0,6,17.0
4985,18.0,1,10.0
4986,18.0,6,17.0
4987,18.0,1,10.0
4988,18.0,3,18.0
4989,18.0,1,10.0
4990,18.0,3,18.0
4991,18.0,6,17.0
4992,18.0,1,10.0
4993,18.0,1,10.0
4994,18.0,6,17.0
4995,18.0,1,10.0
4996,18.0,7,7.0
4997,18.0,1,10.0
4998,18.0,6,17.0
4999,18.0,1,10.0
5000,18.0,1,10.0
5001,18.0,6,17.0
5002,18.0,3,18.0
5003,18.0,1,10.0
5004,18.0,1,10.0
5005,18.0,6,17.0
5006,18.0,1,10.0
5007,18.0,1,10.0
5008,18.0,1,10.0
5009,18.0,6,17.0
5010,18.0,6,17.0
5011,18.0,1,10.0
5012,18.0,6,17.0
5013,18.0,1,10.0
5014,18.0,6,17.0
5015,18.0,1,10.0
5016,18.0,3,18.0
5017,18.0,6,17.0
5018,18.0,1,10.0
5019,18.0,1,10.0
5020,18.0,1,10.0
5021,18.0,1,10.0
5022,18.0,3,18.0
5023,18.0,6,17.0
5024,18.0,3,18.0
5025,18.0,6,17.0
5026,18.0,1,10.0
5027,18.0,6,17.0
5028,18.0,1,10.0
5029,18.0,1,10.0
5030,18.0,1,10.0
5031,18.0,1,10.0
5032,18.0,1,10.0
5033,18.0,1,10.0
5034,18.0,1,10.0
5035,18.0,1,10.0
5036,18.0,1,10.0
5037,18.0,1,10.0
5038,18.0,1,10.0
5039,18.0,6,17.0
5040,18.0,2,6.0
5041,18.0,3,18.0
5042,18.0,1,10.0
5043,18.0,1,10.0
5044,18.0,1,10.0
5045,18.0,1,10.0
5046,18.0,6,17.0
5047,18.0,8,4.0
5048,18.0,1,10.0
5049,18.0,1,10.0
5050,18.0,6,17.0
5051,18.0,6,17.0
5052,18.0,3,18.0
5053,18.0,1,10.0
5054,18.0,3,18.0
5055,18.0,3,18.0
5056,18.0,3,18.0
5057,18.0,6,17.0
5058,18.0,3,18.0
5059,18.0,8,4.0
5060,18.0,5,2.0
5061,18.0,3,18.0
5062,18.0,1,10.0
5063,18.0,1,10.0
5064,18.0,1,10.0
5065,18.0,3,18.0
5066,18.0,1,10.0
5067,18.0,3,18.0
5068,18.0,0,9.0
5069,18.0,1,10.0
5070,18.0,3,18.0
5071,18.0,3,18.0
5072,18.0,3,18.0
5073,18.0,6,17.0
5074,18.0,3,18.0
5075,18.0,6,17.0
5076,18.0,1,10.0
5077,18.0,4,8.0
5078,18.0,7,7.0
5079,18.0,1,10.0
5080,18.0,7,7.0
5081,18.0,8,4.0
5082,18.0,3,18.0
5083,18.0,1,10.0
5084,18.0,3,18.0
5085,18.0,3,18.0
5086,18.0,6,17.0
5087,18.0,1,10.0
5088,18.0,3,18.0
5089,18.0,8,4.0
5090,18.0,6,17.0
5091,18.0,1,10.0
5092,18.0,1,10.0
5093,18.0,6,17.0
5094,18.0,8,4.0
5095,18.0,1,10.0
5096,18.0,7,7.0
5097,18.0,1,10.0
5098,18.0,1,10.0
5099,18.0,1,10.0
5100,18.0,8,4.0
5101,18.0,1,10.0
5102,18.0,6,17.0
5103,18.0,1,10.0
5104,18.0,3,18.0
5105,18.0,6,17.0
5106,18.0,3,18.0
5107,18.0,6,17.0
5108,18.0,6,17.0
5109,18.0,1,10.0
5110,18.0,1,10.0
5111,18.0,8,4.0
5112,18.0,2,6.0
5113,18.0,7,7.0
5114,18.0,8,4.0
5115,18.0,7,7.0
5116,18.0,6,17.0
5117,18.0,6,17.0
5118,18.0,3,18.0
5119,18.0,3,18.0
5120,18.0,1,10.0
5121,18.0,8,4.0
5122,18.0,3,18.0
5123,18.0,1,10.0
5124,18.0,3,18.0
5125,18.0,6,17.0
5126,18.0,1,10.0
5127,18.0,1,10.0
5128,18.0,7,7.0
5129,18.0,6,17.0
5130,18.0,1,10.0
5131,18.0,1,10.0
5132,18.0,1,10.0
5133,18.0,1,10.0
5134,18.0,3,18.0
5135,18.0,1,10.0
5136,18.0,3,18.0
5137,18.0,8,4.0
5138,18.0,1,10.0
5139,18.0,1,10.0
5140,18.0,1,10.0
5141,18.0,6,17.0
5142,18.0,7,7.0
5143,18.0,2,6.0
5144,18.0,6,17.0
5145,18.0,0,9.0
5146,18.0,1,10.0
5147,18.0,0,9.0
5148,18.0,3,18.0
5149,18.0,7,7.0
5150,18.0,3,18.0
5151,18.0,1,10.0
5152,18.0,3,18.0
5153,18.0,1,10.0
5154,18.0,7,7.0
5155,18.0,1,10.0
5156,18.0,1,10.0
5157,18.0,1,10.0
5158,18.0,3,18.0
5159,18.0,2,6.0
5160,18.0,3,18.0
5161,18.0,6,17.0
5162,18.0,3,18.0
5163,18.0,0,9.0
5164,18.0,6,17.0
5165,18.0,1,10.0
5166,18.0,3,18.0
5167,18.0,3,18.0
5168,18.0,8,4.0
5169,18.0,1,10.0
5170,18.0,3,18.0
5171,18.0,7,7.0
5172,18.0,1,10.0
5173,18.0,3,18.0
5174,18.0,3,18.0
5175,18.0,3,18.0
5176,18.0,1,10.0
5177,18.0,3,18.0
5178,18.0,8,4.0
5179,18.0,1,10.0
5180,18.0,1,10.0
5181,18.0,1,10.0
5182,18.0,3,18.0
5183,18.0,1,10.0
5184,18.0,3,18.0
5185,18.0,1,10.0
5186,18.0,5,2.0
5187,18.0,1,10.0
5188,18.0,0,9.0
5189,18.0,1,10.0
5190,18.0,1,10.0
5191,18.0,3,18.0
5192,18.0,3,18.0
5193,18.0,1,10.0
5194,18.0,1,10.0
5195,18.0,3,18.0
5196,18.0,3,18.0
5197,18.0,1,10.0
5198,18.0,8,4.0
5199,18.0,3,18.0
5200,18.0,1,10.0
5201,18.0,1,10.0
5202,18.0,3,18.0
5203,18.0,8,4.0
5204,18.0,1,10.0
5205,18.0,5,2.0
5206,18.0,3,18.0
5207,18.0,6,17.0
5208,18.0,3,18.0
5209,18.0,1,10.0
5210,18.0,1,10.0
5211,18.0,8,4.0
5212,18.0,1,10.0
5213,18.0,2,6.0
5214,18.0,3,18.0
5215,18.0,1,10.0
5216,18.0,3,18.0
5217,18.0,6,17.0
5218,18.0,1,10.0
5219,18.0,6,17.0
5220,18.0,3,18.0
5221,18.0,0,9.0
5222,18.0,1,10.0
5223,18.0,6,17.0
5224,18.0,2,6.0
5225,18.0,3,18.0
5226,18.0,7,7.0
5227,18.0,3,18.0
5228,18.0,1,10.0
5229,18.0,3,18.0
5230,18.0,4,8.0
5231,18.0,3,18.0
5232,18.0,1,10.0
5233,18.0,3,18.0
5234,18.0,1,10.0
5235,18.0,1,10.0
5236,18.0,3,18.0
5237,18.0,1,10.0
5238,18.0,6,17.0
5239,18.0,1,10.0
5240,18.0,3,18.0
5241,18.0,3,18.0
5242,18.0,1,10.0
5243,18.0,6,17.0
5244,18.0,6,17.0
5245,18.0,6,17.0
5246,18.0,3,18.0
5247,18.0,4,8.0
5248,18.0,6,17.0
5249,18.0,3,18.0
5250,18.0,1,10.0
5251,18.0,3,18.0
5252,18.0,1,10.0
5253,18.0,1,10.0
5254,18.0,1,10.0
5255,18.0,3,18.0
5256,18.0,7,7.0
5257,18.0,1,10.0
5258,18.0,6,17.0
5259,18.0,6,17.0
5260,18.0,0,9.0
5261,18.0,1,10.0
5262,18.0,3,18.0
5263,18.0,1,10.0
5264,18.0,6,17.0
5265,18.0,8,4.0
5266,18.0,1,10.0
5267,18.0,8,4.0
5268,18.0,1,10.0
5269,18.0,1,10.0
5270,18.0,1,10.0
5271,18.0,7,7.0
5272,18.0,3,18.0
5273,18.0,1,10.0
5274,18.0,3,18.0
5275,18.0,1,10.0
5276,18.0,1,10.0
5277,18.0,1,10.0
5278,18.0,1,10.0
5279,18.0,6,17.0
5280,18.0,1,10.0
5281,18.0,7,7.0
5282,18.0,3,18.0
5283,18.0,1,10.0
5284,18.0,1,10.0
5285,18.0,3,18.0
5286,18.0,6,17.0
5287,18.0,1,10.0
5288,18.0,1,10.0
5289,18.0,3,18.0
5290,18.0,6,17.0
5291,18.0,8,4.0
5292,18.0,3,18.0
5293,18.0,4,8.0
5294,18.0,1,10.0
5295,18.0,1,10.0
5296,18.0,3,18.0
5297,18.0,3,18.0
5298,18.0,1,10.0
5299,18.0,7,7.0
5300,18.0,0,9.0
5301,18.0,8,4.0
5302,18.0,1,10.0
5303,18.0,7,7.0
5304,18.0,7,7.0
5305,18.0,3,18.0
5306,18.0,1,10.0
5307,18.0,3,18.0
5308,18.0,1,10.0
5309,18.0,3,18.0
5310,18.0,3,18.0
5311,18.0,3,18.0
5312,18.0,1,10.0
5313,18.0,1,10.0
5314,18.0,6,17.0
5315,18.0,5,2.0
5316,18.0,3,18.0
5317,18.0,6,17.0
5318,18.0,1,10.0
5319,18.0,1,10.0
5320,18.0,1,10.0
5321,18.0,8,4.0
5322,18.0,3,18.0
5323,18.0,1,10.0
5324,18.0,6,17.0
5325,18.0,6,17.0
5326,18.0,3,18.0
5327,18.0,1,10.0
5328,18.0,8,4.0
5329,18.0,3,18.0
5330,18.0,3,18.0
5331,18.0,6,17.0
5332,18.0,6,17.0
5333,18.0,1,10.0
5334,18.0,6,17.0
5335,18.0,3,18.0
5336,18.0,3,18.0
5337,18.0,8,4.0
5338,18.0,1,10.0
5339,18.0,4,8.0
5340,18.0,1,10.0
5341,18.0,1,10.0
5342,18.0,1,10.0
5343,18.0,6,17.0
5344,18.0,1,10.0
5345,18.0,3,18.0
5346,18.0,1,10.0
5347,18.0,1,10.0
5348,18.0,3,18.0
5349,18.0,1,10.0
5350,18.0,3,18.0
5351,18.0,1,10.0
5352,18.0,1,10.0
5353,18.0,8,4.0
5354,18.0,1,10.0
5355,18.0,3,18.0
5356,18.0,3,18.0
5357,18.0,7,7.0
5358,18.0,1,10.0
5359,18.0,1,10.0
5360,18.0,1,10.0
5361,18.0,4,8.0
5362,18.0,3,18.0
5363,18.0,3,18.0
5364,18.0,7,7.0
5365,18.0,7,7.0
5366,18.0,1,10.0
5367,18.0,1,10.0
5368,18.0,1,10.0
5369,18.0,1,10.0
5370,18.0,1,10.0
5371,18.0,3,18.0
5372,18.0,0,9.0
5373,18.0,8,4.0
5374,18.0,1,10.0
5375,18.0,2,6.0
5376,18.0,1,10.0
5377,18.0,1,10.0
5378,18.0,8,4.0
5379,18.0,3,18.0
5380,18.0,4,8.0
5381,18.0,3,18.0
5382,18.0,7,7.0
5383,18.0,3,18.0
5384,18.0,4,8.0
5385,18.0,3,18.0
5386,18.0,1,10.0
5387,18.0,3,18.0
5388,18.0,1,10.0
5389,18.0,6,17.0
5390,18.0,3,18.0
5391,18.0,1,10.0
5392,18.0,6,17.0
5393,18.0,1,10.0
5394,18.0,3,18.0
5395,18.0,1,10.0
5396,18.0,1,10.0
5397,18.0,1,10.0
5398,18.0,1,10.0
5399,18.0,3,18.0
5400,18.0,3,18.0
5401,18.0,3,18.0
5402,18.0,3,18.0
5403,18.0,8,4.0
5404,18.0,3,18.0
5405,18.0,8,4.0
5406,18.0,1,10.0
5407,18.0,1,10.0
5408,18.0,1,10.0
5409,18.0,1,10.0
5410,18.0,7,7.0
5411,18.0,1,10.0
5412,18.0,6,17.0
5413,18.0,7,7.0
5414,18.0,3,18.0
5415,18.0,3,18.0
5416,18.0,3,18.0
5417,18.0,1,10.0
5418,18.0,3,18.0
5419,18.0,1,10.0
5420,18.0,8,4.0
5421,18.0,7,7.0
5422,18.0,1,10.0
5423,18.0,1,10.0
5424,18.0,1,10.0
5425,18.0,1,10.0
5426,18.0,1,10.0
5427,18.0,1,10.0
5428,18.0,0,9.0
5429,18.0,1,10.0
5430,18.0,1,10.0
5431,18.0,3,18.0
5432,18.0,1,10.0
5433,18.0,3,18.0
5434,18.0,3,18.0
5435,18.0,8,4.0
5436,18.0,7,7.0
5437,18.0,8,4.0
5438,18.0,1,10.0
5439,18.0,1,10.0
5440,18.0,1,10.0
5441,18.0,1,10.0
5442,18.0,3,18.0
5443,18.0,8,4.0
5444,18.0,1,10.0
5445,18.0,1,10.0
5446,18.0,3,18.0
5447,18.0,2,6.0
5448,18.0,6,17.0
5449,18.0,6,17.0
5450,18.0,4,8.0
5451,18.0,1,10.0
5452,18.0,3,18.0
5453,18.0,1,10.0
5454,18.0,7,7.0
5455,18.0,3,18.0
5456,18.0,3,18.0
5457,18.0,1,10.0
5458,18.0,8,4.0
5459,18.0,1,10.0
5460,18.0,3,18.0
5461,18.0,1,10.0
5462,18.0,1,10.0
5463,18.0,1,10.0
5464,18.0,6,17.0
5465,18.0,6,17.0
5466,18.0,1,10.0
5467,18.0,1,10.0
5468,18.0,1,10.0
5469,18.0,1,10.0
5470,18.0,3,18.0
5471,18.0,1,10.0
5472,18.0,0,9.0
5473,18.0,6,17.0
5474,18.0,4,8.0
5475,18.0,1,10.0
5476,18.0,6,17.0
5477,18.0,8,4.0
5478,18.0,8,4.0
5479,18.0,4,8.0
5480,18.0,7,7.0
5481,18.0,3,18.0
5482,18.0,8,4.0
5483,18.0,3,18.0
5484,18.0,6,17.0
5485,18.0,3,18.0
5486,18.0,1,10.0
5487,18.0,1,10.0
5488,18.0,1,10.0
5489,18.0,1,10.0
5490,18.0,3,18.0
5491,18.0,1,10.0
5492,18.0,0,9.0
5493,18.0,8,4.0
5494,18.0,3,18.0
5495,18.0,3,18.0
5496,18.0,3,18.0
5497,18.0,3,18.0
5498,18.0,3,18.0
5499,18.0,1,10.0
5500,18.0,7,7.0
5501,18.0,3,18.0
5502,18.0,2,6.0
5503,18.0,3,18.0
5504,18.0,1,10.0
5505,18.0,1,10.0
5506,18.0,3,18.0
5507,18.0,1,10.0
5508,18.0,7,7.0
5509,18.0,1,10.0
5510,18.0,2,6.0
5511,18.0,1,10.0
5512,18.0,1,10.0
5513,18.0,1,10.0
5514,18.0,3,18.0
5515,18.0,8,4.0
5516,18.0,3,18.0
5517,18.0,3,18.0
5518,18.0,3,18.0
5519,18.0,1,10.0
5520,18.0,1,10.0
5521,18.0,3,18.0
5522,18.0,2,6.0
5523,18.0,6,17.0
5524,18.0,3,18.0
5525,18.0,6,17.0
5526,18.0,8,4.0
5527,18.0,2,6.0
5528,18.0,8,4.0
5529,18.0,1,10.0
5530,18.0,1,10.0
5531,18.0,6,17.0
5532,18.0,1,10.0
5533,18.0,8,4.0
5534,18.0,1,10.0
5535,18.0,1,10.0
5536,18.0,4,8.0
5537,18.0,3,18.0
5538,18.0,1,10.0
5539,18.0,3,18.0
5540,18.0,3,18.0
5541,18.0,7,7.0
5542,18.0,3,18.0
5543,18.0,3,18.0
5544,18.0,1,10.0
5545,18.0,1,10.0
5546,18.0,1,10.0
5547,18.0,1,10.0
5548,18.0,1,10.0
5549,18.0,3,18.0
5550,18.0,1,10.0
5551,18.0,1,10.0
5552,18.0,1,10.0
5553,18.0,6,17.0
5554,18.0,1,10.0
5555,18.0,3,18.0
5556,18.0,1,10.0
5557,18.0,3,18.0
5558,18.0,1,10.0
5559,18.0,1,10.0
5560,18.0,3,18.0
5561,18.0,3,18.0
5562,18.0,1,10.0
5563,18.0,7,7.0
5564,18.0,5,2.0
5565,18.0,6,17.0
5566,18.0,2,6.0
5567,18.0,3,18.0
5568,18.0,8,4.0
5569,18.0,3,18.0
5570,18.0,0,9.0
5571,18.0,3,18.0
5572,18.0,1,10.0
5573,18.0,6,17.0
5574,18.0,7,7.0
5575,18.0,6,17.0
5576,18.0,1,10.0
5577,18.0,8,4.0
5578,18.0,3,18.0
5579,18.0,6,17.0
5580,18.0,2,6.0
5581,18.0,8,4.0
5582,18.0,1,10.0
5583,18.0,1,10.0
5584,18.0,6,17.0
5585,18.0,6,17.0
5586,18.0,6,17.0
5587,18.0,1,10.0
5588,18.0,8,4.0
5589,18.0,4,8.0
5590,18.0,4,8.0
5591,18.0,2,6.0
5592,18.0,1,10.0
5593,18.0,3,18.0
5594,18.0,1,10.0
5595,18.0,6,17.0
5596,18.0,3,18.0
5597,18.0,6,17.0
5598,18.0,7,7.0
5599,18.0,1,10.0
5600,18.0,3,18.0
5601,18.0,3,18.0
5602,18.0,1,10.0
5603,18.0,1,10.0
5604,18.0,7,7.0
5605,18.0,3,18.0
5606,18.0,8,4.0
5607,18.0,8,4.0
5608,18.0,1,10.0
5609,18.0,1,10.0
5610,18.0,3,18.0
5611,18.0,1,10.0
5612,18.0,6,17.0
5613,18.0,8,4.0
5614,18.0,8,4.0
5615,18.0,1,10.0
5616,18.0,7,7.0
5617,18.0,8,4.0
5618,18.0,3,18.0
5619,18.0,8,4.0
5620,18.0,7,7.0
5621,18.0,3,18.0
5622,18.0,6,17.0
5623,18.0,3,18.0
5624,18.0,1,10.0
5625,18.0,1,10.0
5626,18.0,8,4.0
5627,18.0,7,7.0
5628,18.0,6,17.0
5629,18.0,3,18.0
5630,18.0,1,10.0
5631,18.0,1,10.0
5632,18.0,8,4.0
5633,18.0,3,18.0
5634,18.0,3,18.0
5635,18.0,8,4.0
5636,18.0,6,17.0
5637,18.0,1,10.0
5638,18.0,1,10.0
5639,18.0,1,10.0
5640,18.0,1,10.0
5641,18.0,3,18.0
5642,18.0,5,2.0
5643,18.0,1,10.0
5644,18.0,6,17.0
5645,18.0,8,4.0
5646,18.0,2,6.0
5647,18.0,1,10.0
5648,18.0,3,18.0
5649,18.0,8,4.0
5650,18.0,1,10.0
5651,18.0,1,10.0
5652,18.0,2,6.0
5653,18.0,8,4.0
5654,18.0,3,18.0
5655,18.0,3,18.0
5656,18.0,3,18.0
5657,18.0,4,8.0
5658,18.0,1,10.0
5659,18.0,5,2.0
5660,18.0,2,6.0
5661,18.0,3,18.0
5662,18.0,8,4.0
5663,18.0,8,4.0
5664,18.0,1,10.0
5665,18.0,1,10.0
5666,18.0,6,17.0
5667,18.0,4,8.0
5668,18.0,3,18.0
5669,18.0,3,18.0
5670,18.0,1,10.0
5671,18.0,1,10.0
5672,18.0,3,18.0
5673,18.0,6,17.0
5674,18.0,6,17.0
5675,18.0,1,10.0
5676,18.0,6,17.0
5677,18.0,3,18.0
5678,18.0,7,7.0
5679,18.0,1,10.0
5680,18.0,3,18.0
5681,18.0,1,10.0
5682,18.0,1,10.0
5683,18.0,3,18.0
5684,18.0,1,10.0
5685,18.0,0,9.0
5686,18.0,1,10.0
5687,18.0,1,10.0
5688,18.0,1,10.0
5689,18.0,2,6.0
5690,18.0,2,6.0
5691,18.0,6,17.0
5692,18.0,1,10.0
5693,18.0,1,10.0
5694,18.0,5,2.0
5695,18.0,1,10.0
5696,18.0,8,4.0
5697,18.0,3,18.0
5698,18.0,6,17.0
5699,18.0,7,7.0
5700,18.0,1,10.0
5701,18.0,7,7.0
5702,18.0,3,18.0
5703,18.0,0,9.0
5704,18.0,6,17.0
5705,18.0,4,8.0
5706,18.0,4,8.0
5707,18.0,1,10.0
5708,18.0,3,18.0
5709,18.0,2,6.0
5710,18.0,8,4.0
5711,18.0,1,10.0
5712,18.0,7,7.0
5713,18.0,3,18.0
5714,18.0,1,10.0
5715,18.0,3,18.0
5716,18.0,6,17.0
5717,18.0,6,17.0
5718,18.0,6,17.0
5719,18.0,1,10.0
5720,18.0,1,10.0
5721,18.0,8,4.0
5722,18.0,3,18.0
5723,18.0,7,7.0
5724,18.0,1,10.0
5725,18.0,6,17.0
5726,18.0,3,18.0
5727,18.0,8,4.0
5728,18.0,6,17.0
5729,18.0,1,10.0
5730,18.0,3,18.0
5731,18.0,1,10.0
5732,18.0,1,10.0
5733,18.0,3,18.0
5734,18.0,1,10.0
5735,18.0,8,4.0
5736,18.0,1,10.0
5737,18.0,5,2.0
5738,18.0,1,10.0
5739,18.0,8,4.0
5740,18.0,8,4.0
5741,18.0,1,10.0
5742,18.0,7,7.0
5743,18.0,6,17.0
5744,18.0,3,18.0
5745,18.0,6,17.0
5746,18.0,3,18.0
5747,18.0,1,10.0
5748,18.0,1,10.0
5749,18.0,1,10.0
5750,18.0,6,17.0
5751,18.0,7,7.0
5752,18.0,1,10.0
5753,18.0,7,7.0
5754,18.0,5,2.0
5755,18.0,6,17.0
5756,18.0,3,18.0
5757,18.0,1,10.0
5758,18.0,1,10.0
5759,18.0,1,10.0
5760,18.0,1,10.0
5761,18.0,6,17.0
5762,18.0,0,9.0
5763,18.0,8,4.0
5764,18.0,1,10.0
5765,18.0,6,17.0
5766,18.0,1,10.0
5767,18.0,3,18.0
5768,18.0,6,17.0
5769,18.0,3,18.0
5770,18.0,8,4.0
5771,18.0,3,18.0
5772,18.0,3,18.0
5773,18.0,7,7.0
5774,18.0,1,10.0
5775,18.0,1,10.0
5776,18.0,1,10.0
5777,18.0,1,10.0
5778,18.0,3,18.0
5779,18.0,1,10.0
5780,18.0,3,18.0
5781,18.0,1,10.0
5782,18.0,1,10.0
5783,18.0,7,7.0
5784,18.0,0,9.0
5785,18.0,3,18.0
5786,18.0,6,17.0
5787,18.0,1,10.0
5788,18.0,3,18.0
5789,18.0,1,10.0
5790,18.0,8,4.0
5791,18.0,3,18.0
5792,18.0,7,7.0
5793,18.0,3,18.0
5794,18.0,8,4.0
5795,18.0,1,10.0
5796,18.0,7,7.0
5797,18.0,3,18.0
5798,18.0,1,10.0
5799,18.0,1,10.0
5800,18.0,1,10.0
5801,18.0,8,4.0
5802,18.0,8,4.0
5803,18.0,7,7.0
5804,18.0,1,10.0
5805,18.0,1,10.0
5806,18.0,3,18.0
5807,18.0,7,7.0
5808,18.0,6,17.0
5809,18.0,1,10.0
5810,18.0,0,9.0
5811,18.0,1,10.0
5812,18.0,5,2.0
5813,18.0,6,17.0
5814,18.0,1,10.0
5815,18.0,1,10.0
5816,18.0,1,10.0
5817,18.0,0,9.0
5818,18.0,1,10.0
5819,18.0,2,6.0
5820,18.0,4,8.0
5821,18.0,6,17.0
5822,18.0,4,8.0
5823,18.0,1,10.0
5824,18.0,3,18.0
5825,18.0,3,18.0
5826,18.0,2,6.0
5827,18.0,1,10.0
5828,18.0,3,18.0
5829,18.0,1,10.0
5830,18.0,7,7.0
5831,18.0,1,10.0
5832,18.0,3,18.0
5833,18.0,1,10.0
5834,18.0,6,17.0
5835,18.0,5,2.0
5836,18.0,1,10.0
5837,18.0,3,18.0
5838,18.0,1,10.0
5839,18.0,3,18.0
5840,18.0,1,10.0
5841,18.0,1,10.0
5842,18.0,1,10.0
5843,18.0,3,18.0
5844,18.0,7,7.0
5845,18.0,3,18.0
5846,18.0,3,18.0
5847,18.0,7,7.0
5848,18.0,3,18.0
5849,18.0,1,10.0
5850,18.0,3,18.0
5851,18.0,3,18.0
5852,18.0,3,18.0
5853,18.0,3,18.0
5854,18.0,6,17.0
5855,18.0,3,18.0
5856,18.0,3,18.0
5857,18.0,3,18.0
5858,18.0,1,10.0
5859,18.0,1,10.0
5860,18.0,1,10.0
5861,18.0,7,7.0
5862,18.0,1,10.0
5863,18.0,6,17.0
5864,18.0,1,10.0
5865,18.0,3,18.0
5866,18.0,8,4.0
5867,18.0,3,18.0
5868,18.0,6,17.0
5869,18.0,3,18.0
5870,18.0,5,2.0
5871,18.0,1,10.0
5872,18.0,1,10.0
5873,18.0,1,10.0
5874,18.0,6,17.0
5875,18.0,1,10.0
5876,18.0,1,10.0
5877,18.0,4,8.0
5878,18.0,1,10.0
5879,18.0,3,18.0
5880,18.0,8,4.0
5881,18.0,8,4.0
5882,18.0,1,10.0
5883,18.0,8,4.0
5884,18.0,3,18.0
5885,18.0,1,10.0
5886,18.0,1,10.0
5887,18.0,1,10.0
5888,18.0,1,10.0
5889,18.0,3,18.0
5890,18.0,3,18.0
5891,18.0,6,17.0
5892,18.0,6,17.0
5893,18.0,1,10.0
5894,18.0,7,7.0
5895,18.0,1,10.0
5896,18.0,1,10.0
5897,18.0,1,10.0
5898,18.0,7,7.0
5899,18.0,3,18.0
5900,18.0,1,10.0
5901,18.0,1,10.0
5902,18.0,1,10.0
5903,18.0,1,10.0
5904,18.0,8,4.0
5905,18.0,1,10.0
5906,18.0,1,10.0
5907,18.0,1,10.0
5908,18.0,5,2.0
5909,18.0,8,4.0
5910,18.0,1,10.0
5911,18.0,1,10.0
5912,18.0,6,17.0
5913,18.0,3,18.0
5914,18.0,3,18.0
5915,18.0,1,10.0
5916,18.0,3,18.0
5917,18.0,1,10.0
5918,18.0,1,10.0
5919,18.0,0,9.0
5920,18.0,1,10.0
5921,18.0,4,8.0
5922,18.0,1,10.0
5923,18.0,3,18.0
5924,18.0,8,4.0
5925,18.0,1,10.0
5926,18.0,3,18.0
5927,18.0,1,10.0
5928,18.0,7,7.0
5929,18.0,6,17.0
5930,18.0,7,7.0
5931,18.0,3,18.0
5932,18.0,1,10.0
5933,18.0,1,10.0
5934,18.0,3,18.0
5935,18.0,3,18.0
5936,18.0,8,4.0
5937,18.0,1,10.0
5938,18.0,1,10.0
5939,18.0,6,17.0
5940,18.0,1,10.0
5941,18.0,1,10.0
5942,18.0,3,18.0
5943,18.0,5,2.0
5944,18.0,1,10.0
5945,18.0,3,18.0
5946,18.0,7,7.0
5947,18.0,1,10.0
5948,18.0,3,18.0
5949,18.0,6,17.0
5950,18.0,6,17.0
5951,18.0,3,18.0
5952,18.0,2,6.0
5953,18.0,1,10.0
5954,18.0,1,10.0
5955,18.0,5,2.0
5956,18.0,3,18.0
5957,18.0,3,18.0
5958,18.0,0,9.0
5959,18.0,1,10.0
5960,18.0,1,10.0
5961,18.0,1,10.0
5962,18.0,3,18.0
5963,18.0,8,4.0
5964,18.0,8,4.0
5965,18.0,3,18.0
5966,18.0,3,18.0
5967,18.0,1,10.0
5968,18.0,6,17.0
5969,18.0,1,10.0
5970,18.0,7,7.0
5971,18.0,6,17.0
5972,18.0,1,10.0
5973,18.0,3,18.0
5974,18.0,3,18.0
5975,18.0,6,17.0
5976,18.0,1,10.0
5977,18.0,3,18.0
5978,18.0,1,10.0
5979,18.0,1,10.0
5980,18.0,1,10.0
5981,18.0,1,10.0
5982,18.0,1,10.0
5983,18.0,1,10.0
5984,18.0,1,10.0
5985,18.0,0,9.0
5986,18.0,1,10.0
5987,18.0,1,10.0
5988,18.0,3,18.0
5989,18.0,1,10.0
5990,18.0,1,10.0
5991,18.0,8,4.0
5992,18.0,1,10.0
5993,18.0,1,10.0
5994,18.0,1,10.0
5995,18.0,3,18.0
5996,18.0,3,18.0
5997,18.0,1,10.0
5998,18.0,8,4.0
5999,18.0,1,10.0
6000,18.0,4,8.0
6001,18.0,6,17.0
6002,18.0,1,10.0
6003,18.0,0,9.0
6004,18.0,3,18.0
6005,18.0,1,10.0
6006,18.0,6,17.0
6007,18.0,6,17.0
6008,18.0,3,18.0
6009,18.0,3,18.0
6010,18.0,1,10.0
6011,18.0,1,10.0
6012,18.0,7,7.0
6013,18.0,3,18.0
6014,18.0,1,10.0
6015,18.0,2,6.0
6016,18.0,6,17.0
6017,18.0,1,10.0
6018,18.0,1,10.0
6019,18.0,1,10.0
6020,18.0,3,18.0
6021,18.0,6,17.0
6022,18.0,1,10.0
6023,18.0,8,4.0
6024,18.0,6,17.0
6025,18.0,3,18.0
6026,18.0,3,18.0
6027,18.0,6,17.0
6028,18.0,0,9.0
6029,18.0,6,17.0
6030,18.0,1,10.0
6031,18.0,2,6.0
6032,18.0,3,18.0
6033,18.0,2,6.0
6034,18.0,1,10.0
6035,18.0,1,10.0
6036,18.0,7,7.0
6037,18.0,7,7.0
6038,18.0,1,10.0
6039,18.0,6,17.0
6040,18.0,3,18.0
6041,18.0,1,10.0
6042,18.0,3,18.0
6043,18.0,1,10.0
6044,18.0,3,18.0
6045,18.0,6,17.0
6046,18.0,1,10.0
6047,18.0,4,8.0
6048,18.0,7,7.0
6049,18.0,1,10.0
6050,18.0,1,10.0
6051,18.0,1,10.0
6052,18.0,6,17.0
6053,18.0,3,18.0
6054,18.0,1,10.0
6055,18.0,1,10.0
6056,18.0,1,10.0
6057,18.0,8,4.0
6058,18.0,6,17.0
6059,18.0,7,7.0
6060,18.0,8,4.0
6061,18.0,3,18.0
6062,18.0,6,17.0
6063,18.0,1,10.0
6064,18.0,1,10.0
6065,18.0,1,10.0
6066,18.0,1,10.0
6067,18.0,1,10.0
6068,18.0,3,18.0
6069,18.0,8,4.0
6070,18.0,6,17.0
6071,18.0,2,6.0
6072,18.0,0,9.0
6073,18.0,1,10.0
6074,18.0,1,10.0
6075,18.0,0,9.0
6076,18.0,1,10.0
6077,18.0,1,10.0
6078,18.0,3,18.0
6079,18.0,1,10.0
6080,18.0,1,10.0
6081,18.0,1,10.0
6082,18.0,7,7.0
6083,18.0,1,10.0
6084,18.0,1,10.0
6085,18.0,8,4.0
6086,18.0,6,17.0
6087,18.0,0,9.0
6088,18.0,6,17.0
6089,18.0,3,18.0
6090,18.0,1,10.0
6091,18.0,8,4.0
6092,18.0,8,4.0
6093,18.0,1,10.0
6094,18.0,1,10.0
6095,18.0,3,18.0
6096,18.0,0,9.0
6097,18.0,6,17.0
6098,18.0,1,10.0
6099,18.0,6,17.0
6100,18.0,1,10.0
6101,18.0,1,10.0
6102,18.0,1,10.0
6103,18.0,6,17.0
6104,18.0,3,18.0
6105,18.0,4,8.0
6106,18.0,8,4.0
6107,18.0,6,17.0
6108,18.0,3,18.0
6109,18.0,4,8.0
6110,18.0,6,17.0
6111,18.0,6,17.0
6112,18.0,1,10.0
6113,18.0,5,2.0
6114,18.0,3,18.0
6115,18.0,1,10.0
6116,18.0,1,10.0
6117,18.0,3,18.0
6118,18.0,3,18.0
6119,18.0,1,10.0
6120,18.0,7,7.0
6121,18.0,4,8.0
6122,18.0,1,10.0
6123,18.0,3,18.0
6124,18.0,1,10.0
6125,18.0,8,4.0
6126,18.0,7,7.0
6127,18.0,1,10.0
6128,18.0,6,17.0
6129,18.0,3,18.0
6130,18.0,8,4.0
6131,18.0,3,18.0
6132,18.0,7,7.0
6133,18.0,0,9.0
6134,18.0,7,7.0
6135,18.0,7,7.0
6136,18.0,1,10.0
6137,18.0,1,10.0
6138,18.0,3,18.0
6139,18.0,6,17.0
6140,18.0,1,10.0
6141,18.0,1,10.0
6142,18.0,5,2.0
6143,18.0,1,10.0
6144,18.0,1,10.0
6145,18.0,3,18.0
6146,18.0,1,10.0
6147,18.0,7,7.0
6148,18.0,1,10.0
6149,18.0,1,10.0
6150,18.0,1,10.0
6151,18.0,1,10.0
6152,18.0,8,4.0
6153,18.0,3,18.0
6154,18.0,3,18.0
6155,18.0,2,6.0
6156,18.0,7,7.0
6157,18.0,1,10.0
6158,18.0,1,10.0
6159,18.0,1,10.0
6160,18.0,1,10.0
6161,18.0,1,10.0
6162,18.0,1,10.0
6163,18.0,3,18.0
6164,18.0,1,10.0
6165,18.0,1,10.0
6166,18.0,3,18.0
6167,18.0,1,10.0
6168,18.0,1,10.0
6169,18.0,1,10.0
6170,18.0,3,18.0
6171,18.0,6,17.0
6172,18.0,1,10.0
6173,18.0,3,18.0
6174,18.0,6,17.0
6175,18.0,3,18.0
6176,18.0,3,18.0
6177,18.0,7,7.0
6178,18.0,1,10.0
6179,18.0,3,18.0
6180,18.0,5,2.0
6181,18.0,1,10.0
6182,18.0,3,18.0
6183,18.0,1,10.0
6184,18.0,1,10.0
6185,18.0,8,4.0
6186,18.0,1,10.0
6187,18.0,0,9.0
6188,18.0,3,18.0
6189,18.0,6,17.0
6190,18.0,1,10.0
6191,18.0,7,7.0
6192,18.0,1,10.0
6193,18.0,4,8.0
6194,18.0,1,10.0
6195,18.0,0,9.0
6196,18.0,1,10.0
6197,18.0,1,10.0
6198,18.0,1,10.0
6199,18.0,3,18.0
6200,18.0,1,10.0
6201,18.0,3,18.0
6202,18.0,3,18.0
6203,18.0,3,18.0
6204,18.0,1,10.0
6205,18.0,1,10.0
6206,18.0,6,17.0
6207,18.0,1,10.0
6208,18.0,6,17.0
6209,18.0,1,10.0
6210,18.0,1,10.0
6211,18.0,1,10.0
6212,18.0,5,2.0
6213,18.0,3,18.0
6214,18.0,1,10.0
6215,18.0,1,10.0
6216,18.0,1,10.0
6217,18.0,3,18.0
6218,18.0,1,10.0
6219,18.0,1,10.0
6220,18.0,3,18.0
6221,18.0,1,10.0
6222,18.0,6,17.0
6223,18.0,1,10.0
6224,18.0,1,10.0
6225,18.0,3,18.0
6226,18.0,3,18.0
6227,18.0,1,10.0
6228,18.0,1,10.0
6229,18.0,1,10.0
6230,18.0,3,18.0
6231,18.0,3,18.0
6232,18.0,1,10.0
6233,18.0,1,10.0
6234,18.0,0,9.0
6235,18.0,1,10.0
6236,18.0,4,8.0
6237,18.0,1,10.0
6238,18.0,7,7.0
6239,18.0,3,18.0
6240,18.0,1,10.0
6241,18.0,1,10.0
6242,18.0,6,17.0
6243,18.0,1,10.0
6244,18.0,6,17.0
6245,18.0,1,10.0
6246,18.0,4,8.0
6247,18.0,3,18.0
6248,18.0,6,17.0
6249,18.0,3,18.0
6250,18.0,3,18.0
6251,18.0,1,10.0
6252,18.0,3,18.0
6253,18.0,6,17.0
6254,18.0,1,10.0
6255,18.0,1,10.0
6256,18.0,5,2.0
6257,18.0,7,7.0
6258,18.0,1,10.0
6259,18.0,0,9.0
6260,18.0,3,18.0
6261,18.0,6,17.0
6262,18.0,8,4.0
6263,18.0,1,10.0
6264,18.0,8,4.0
6265,18.0,1,10.0
6266,18.0,7,7.0
6267,18.0,3,18.0
6268,18.0,6,17.0
6269,18.0,1,10.0
6270,18.0,8,4.0
6271,18.0,1,10.0
6272,18.0,6,17.0
6273,18.0,1,10.0
6274,18.0,1,10.0
6275,18.0,8,4.0
6276,18.0,1,10.0
6277,18.0,3,18.0
6278,18.0,3,18.0
6279,18.0,3,18.0
6280,18.0,3,18.0
6281,18.0,4,8.0
6282,18.0,0,9.0
6283,18.0,1,10.0
6284,18.0,1,10.0
6285,18.0,7,7.0
6286,18.0,1,10.0
6287,18.0,1,10.0
6288,18.0,3,18.0
6289,18.0,3,18.0
6290,18.0,1,10.0
6291,18.0,0,9.0
6292,18.0,6,17.0
6293,18.0,1,10.0
6294,18.0,8,4.0
6295,18.0,6,17.0
6296,18.0,1,10.0
6297,18.0,1,10.0
6298,18.0,7,7.0
6299,18.0,1,10.0
6300,18.0,1,10.0
6301,18.0,1,10.0
6302,18.0,3,18.0
6303,18.0,3,18.0
6304,18.0,6,17.0
6305,18.0,1,10.0
6306,18.0,8,4.0
6307,18.0,1,10.0
6308,18.0,1,10.0
6309,18.0,3,18.0
6310,18.0,6,17.0
6311,18.0,1,10.0
6312,18.0,3,18.0
6313,18.0,3,18.0
6314,18.0,1,10.0
6315,18.0,1,10.0
6316,18.0,6,17.0
6317,18.0,8,4.0
6318,18.0,1,10.0
6319,18.0,1,10.0
6320,18.0,1,10.0
6321,18.0,8,4.0
6322,18.0,3,18.0
6323,18.0,1,10.0
6324,18.0,3,18.0
6325,18.0,3,18.0
6326,18.0,1,10.0
6327,18.0,3,18.0
6328,18.0,1,10.0
6329,18.0,1,10.0
6330,18.0,3,18.0
6331,18.0,3,18.0
6332,18.0,1,10.0
6333,18.0,6,17.0
6334,18.0,1,10.0
6335,18.0,1,10.0
6336,18.0,6,17.0
6337,18.0,2,6.0
6338,18.0,2,6.0
6339,18.0,6,17.0
6340,18.0,1,10.0
6341,18.0,1,10.0
6342,18.0,7,7.0
6343,18.0,5,2.0
6344,18.0,0,9.0
6345,18.0,3,18.0
6346,18.0,3,18.0
6347,18.0,8,4.0
6348,18.0,3,18.0
6349,18.0,1,10.0
6350,18.0,2,6.0
6351,18.0,1,10.0
6352,18.0,3,18.0
6353,18.0,1,10.0
6354,18.0,6,17.0
6355,18.0,3,18.0
6356,18.0,6,17.0
6357,18.0,3,18.0
6358,18.0,3,18.0
6359,18.0,3,18.0
6360,18.0,3,18.0
6361,18.0,2,6.0
6362,18.0,6,17.0
6363,18.0,1,10.0
6364,18.0,3,18.0
6365,18.0,3,18.0
6366,18.0,6,17.0
6367,18.0,1,10.0
6368,18.0,1,10.0
6369,18.0,3,18.0
6370,18.0,1,10.0
6371,18.0,3,18.0
6372,18.0,3,18.0
6373,18.0,1,10.0
6374,18.0,6,17.0
6375,18.0,0,9.0
6376,18.0,6,17.0
6377,18.0,3,18.0
6378,18.0,7,7.0
6379,18.0,1,10.0
6380,18.0,1,10.0
6381,18.0,4,8.0
6382,18.0,3,18.0
6383,18.0,1,10.0
6384,18.0,1,10.0
6385,18.0,1,10.0
6386,18.0,1,10.0
6387,18.0,1,10.0
6388,18.0,1,10.0
6389,18.0,1,10.0
6390,18.0,5,2.0
6391,18.0,1,10.0
6392,18.0,6,17.0
6393,18.0,8,4.0
6394,18.0,8,4.0
6395,18.0,3,18.0
6396,18.0,1,10.0
6397,18.0,6,17.0
6398,18.0,1,10.0
6399,18.0,1,10.0
6400,18.0,1,10.0
6401,18.0,2,6.0
6402,18.0,7,7.0
6403,18.0,6,17.0
6404,18.0,3,18.0
6405,18.0,1,10.0
6406,18.0,3,18.0
6407,18.0,2,6.0
6408,18.0,1,10.0
6409,18.0,3,18.0
6410,18.0,1,10.0
6411,18.0,6,17.0
6412,18.0,1,10.0
6413,18.0,1,10.0
6414,18.0,6,17.0
6415,18.0,8,4.0
6416,18.0,2,6.0
6417,18.0,1,10.0
6418,18.0,1,10.0
6419,18.0,2,6.0
6420,18.0,1,10.0
6421,18.0,1,10.0
6422,18.0,3,18.0
6423,18.0,1,10.0
6424,18.0,3,18.0
6425,18.0,6,17.0
6426,18.0,1,10.0
6427,18.0,1,10.0
6428,18.0,1,10.0
6429,18.0,1,10.0
6430,18.0,8,4.0
6431,18.0,7,7.0
6432,18.0,3,18.0
6433,18.0,0,9.0
6434,18.0,1,10.0
6435,18.0,3,18.0
6436,18.0,5,2.0
6437,18.0,3,18.0
6438,18.0,8,4.0
6439,18.0,3,18.0
6440,18.0,1,10.0
6441,18.0,0,9.0
6442,18.0,1,10.0
6443,18.0,1,10.0
6444,18.0,2,6.0
6445,18.0,2,6.0
6446,18.0,1,10.0
6447,18.0,3,18.0
6448,18.0,1,10.0
6449,18.0,1,10.0
6450,18.0,8,4.0
6451,18.0,3,18.0
6452,18.0,3,18.0
6453,18.0,3,18.0
6454,18.0,3,18.0
6455,18.0,1,10.0
6456,18.0,3,18.0
6457,18.0,3,18.0
6458,18.0,6,17.0
6459,18.0,1,10.0
6460,18.0,1,10.0
6461,18.0,1,10.0
6462,18.0,6,17.0
6463,18.0,1,10.0
6464,18.0,3,18.0
6465,18.0,1,10.0
6466,18.0,7,7.0
6467,18.0,7,7.0
6468,18.0,1,10.0
6469,18.0,1,10.0
6470,18.0,7,7.0
6471,18.0,6,17.0
6472,18.0,1,10.0
6473,18.0,7,7.0
6474,18.0,6,17.0
6475,18.0,7,7.0
6476,18.0,1,10.0
6477,18.0,3,18.0
6478,18.0,1,10.0
6479,18.0,3,18.0
6480,18.0,1,10.0
6481,18.0,6,17.0
6482,18.0,1,10.0
6483,18.0,6,17.0
6484,18.0,6,17.0
6485,18.0,8,4.0
6486,18.0,3,18.0
6487,18.0,1,10.0
6488,18.0,1,10.0
6489,18.0,5,2.0
6490,18.0,1,10.0
6491,18.0,1,10.0
6492,18.0,6,17.0
6493,18.0,1,10.0
6494,18.0,7,7.0
6495,18.0,6,17.0
6496,18.0,1,10.0
6497,18.0,3,18.0
6498,18.0,1,10.0
6499,18.0,3,18.0
6500,18.0,3,18.0
6501,18.0,1,10.0
6502,18.0,6,17.0
6503,18.0,6,17.0
6504,18.0,1,10.0
6505,18.0,3,18.0
6506,18.0,3,18.0
6507,18.0,1,10.0
6508,18.0,6,17.0
6509,18.0,1,10.0
6510,18.0,3,18.0
6511,18.0,3,18.0
6512,18.0,3,18.0
6513,18.0,1,10.0
6514,18.0,1,10.0
6515,18.0,1,10.0
6516,18.0,6,17.0
6517,18.0,1,10.0
6518,18.0,1,10.0
6519,18.0,1,10.0
6520,18.0,1,10.0
6521,18.0,6,17.0
6522,18.0,1,10.0
6523,18.0,1,10.0
6524,18.0,6,17.0
6525,18.0,1,10.0
6526,18.0,3,18.0
6527,18.0,3,18.0
6528,18.0,3,18.0
6529,18.0,3,18.0
6530,18.0,1,10.0
6531,18.0,8,4.0
6532,18.0,1,10.0
6533,18.0,1,10.0
6534,18.0,3,18.0
6535,18.0,1,10.0
6536,18.0,1,10.0
6537,18.0,1,10.0
6538,18.0,1,10.0
6539,18.0,1,10.0
6540,18.0,8,4.0
6541,18.0,1,10.0
6542,18.0,0,9.0
6543,18.0,3,18.0
6544,18.0,4,8.0
6545,18.0,3,18.0
6546,18.0,3,18.0
6547,18.0,1,10.0
6548,18.0,3,18.0
6549,18.0,3,18.0
6550,18.0,8,4.0
6551,18.0,8,4.0
6552,18.0,1,10.0
6553,18.0,8,4.0
6554,18.0,1,10.0
6555,18.0,6,17.0
6556,18.0,1,10.0
6557,18.0,3,18.0
6558,18.0,1,10.0
6559,18.0,3,18.0
6560,18.0,1,10.0
6561,18.0,1,10.0
6562,18.0,1,10.0
6563,18.0,3,18.0
6564,18.0,1,10.0
6565,18.0,3,18.0
6566,18.0,1,10.0
6567,18.0,1,10.0
6568,18.0,1,10.0
6569,18.0,1,10.0
6570,18.0,6,17.0
6571,18.0,1,10.0
6572,18.0,6,17.0
6573,18.0,8,4.0
6574,18.0,7,7.0
6575,18.0,1,10.0
6576,18.0,1,10.0
6577,18.0,1,10.0
6578,18.0,5,2.0
6579,18.0,3,18.0
6580,18.0,1,10.0
6581,18.0,6,17.0
6582,18.0,3,18.0
6583,18.0,1,10.0
6584,18.0,1,10.0
6585,18.0,6,17.0
6586,18.0,1,10.0
6587,18.0,4,8.0
6588,18.0,1,10.0
6589,18.0,8,4.0
6590,18.0,1,10.0
6591,18.0,1,10.0
6592,18.0,6,17.0
6593,18.0,0,9.0
6594,18.0,2,6.0
6595,18.0,1,10.0
6596,18.0,3,18.0
6597,18.0,1,10.0
6598,18.0,1,10.0
6599,18.0,8,4.0
6600,18.0,6,17.0
6601,18.0,3,18.0
6602,18.0,4,8.0
6603,18.0,1,10.0
6604,18.0,1,10.0
6605,18.0,1,10.0
6606,18.0,3,18.0
6607,18.0,0,9.0
6608,18.0,4,8.0
6609,18.0,1,10.0
6610,18.0,1,10.0
6611,18.0,1,10.0
6612,18.0,1,10.0
6613,18.0,1,10.0
6614,18.0,3,18.0
6615,18.0,6,17.0
6616,18.0,1,10.0
6617,18.0,3,18.0
6618,18.0,3,18.0
6619,18.0,1,10.0
6620,18.0,0,9.0
6621,18.0,6,17.0
6622,18.0,6,17.0
6623,18.0,1,10.0
6624,18.0,1,10.0
6625,18.0,7,7.0
6626,18.0,1,10.0
6627,18.0,1,10.0
6628,18.0,1,10.0
6629,18.0,1,10.0
6630,18.0,3,18.0
6631,18.0,6,17.0
6632,18.0,3,18.0
6633,18.0,1,10.0
6634,18.0,3,18.0
6635,18.0,1,10.0
6636,18.0,3,18.0
6637,18.0,1,10.0
6638,18.0,3,18.0
6639,18.0,1,10.0
6640,18.0,3,18.0
6641,18.0,8,4.0
6642,18.0,6,17.0
6643,18.0,3,18.0
6644,18.0,7,7.0
6645,18.0,1,10.0
6646,18.0,1,10.0
6647,18.0,1,10.0
6648,18.0,3,18.0
6649,18.0,6,17.0
6650,18.0,7,7.0
6651,18.0,3,18.0
6652,18.0,6,17.0
6653,18.0,3,18.0
6654,18.0,1,10.0
6655,18.0,0,9.0
6656,18.0,0,9.0
6657,18.0,1,10.0
6658,18.0,3,18.0
6659,18.0,7,7.0
6660,18.0,6,17.0
6661,18.0,1,10.0
6662,18.0,3,18.0
6663,18.0,4,8.0
6664,18.0,6,17.0
6665,18.0,1,10.0
6666,18.0,3,18.0
6667,18.0,1,10.0
6668,18.0,1,10.0
6669,18.0,7,7.0
6670,18.0,1,10.0
6671,18.0,3,18.0
6672,18.0,3,18.0
6673,18.0,3,18.0
6674,18.0,6,17.0
6675,18.0,3,18.0
6676,18.0,3,18.0
6677,18.0,3,18.0
6678,18.0,1,10.0
6679,18.0,8,4.0
6680,18.0,7,7.0
6681,18.0,5,2.0
6682,18.0,3,18.0
6683,18.0,3,18.0
6684,18.0,3,18.0
6685,18.0,5,2.0
6686,18.0,3,18.0
6687,18.0,1,10.0
6688,18.0,4,8.0
6689,18.0,8,4.0
6690,18.0,3,18.0
6691,18.0,3,18.0
6692,18.0,3,18.0
6693,18.0,1,10.0
6694,18.0,1,10.0
6695,18.0,1,10.0
6696,18.0,1,10.0
6697,18.0,1,10.0
6698,18.0,2,6.0
6699,18.0,3,18.0
6700,18.0,3,18.0
6701,18.0,6,17.0
6702,18.0,3,18.0
6703,18.0,3,18.0
6704,18.0,3,18.0
6705,18.0,2,6.0
6706,18.0,1,10.0
6707,18.0,0,9.0
6708,18.0,5,2.0
6709,18.0,6,17.0
6710,18.0,8,4.0
6711,18.0,8,4.0
6712,18.0,6,17.0
6713,18.0,1,10.0
6714,18.0,1,10.0
6715,18.0,3,18.0
6716,18.0,1,10.0
6717,18.0,3,18.0
6718,18.0,6,17.0
6719,18.0,1,10.0
6720,18.0,3,18.0
6721,18.0,5,2.0
6722,18.0,3,18.0
6723,18.0,7,7.0
6724,18.0,6,17.0
6725,18.0,3,18.0
6726,18.0,1,10.0
6727,18.0,8,4.0
6728,18.0,1,10.0
6729,18.0,0,9.0
6730,18.0,1,10.0
6731,18.0,8,4.0
6732,18.0,3,18.0
6733,18.0,3,18.0
6734,18.0,8,4.0
6735,18.0,3,18.0
6736,18.0,3,18.0
6737,18.0,3,18.0
6738,18.0,1,10.0
6739,18.0,3,18.0
6740,18.0,7,7.0
6741,18.0,7,7.0
6742,18.0,3,18.0
6743,18.0,8,4.0
6744,18.0,2,6.0
6745,18.0,3,18.0
6746,18.0,8,4.0
6747,18.0,1,10.0
6748,18.0,1,10.0
6749,18.0,3,18.0
6750,18.0,1,10.0
6751,18.0,1,10.0
6752,18.0,1,10.0
6753,18.0,1,10.0
6754,18.0,1,10.0
6755,18.0,1,10.0
6756,18.0,1,10.0
6757,18.0,1,10.0
6758,18.0,5,2.0
6759,18.0,1,10.0
6760,18.0,7,7.0
6761,18.0,1,10.0
6762,18.0,3,18.0
6763,18.0,8,4.0
6764,18.0,3,18.0
6765,18.0,6,17.0
6766,18.0,7,7.0
6767,18.0,1,10.0
6768,18.0,6,17.0
6769,18.0,1,10.0
6770,18.0,7,7.0
6771,18.0,1,10.0
6772,18.0,6,17.0
6773,18.0,7,7.0
6774,18.0,3,18.0
6775,18.0,6,17.0
6776,18.0,7,7.0
6777,18.0,1,10.0
6778,18.0,1,10.0
6779,18.0,6,17.0
6780,18.0,1,10.0
6781,18.0,1,10.0
6782,18.0,1,10.0
6783,18.0,3,18.0
6784,18.0,2,6.0
6785,18.0,1,10.0
6786,18.0,1,10.0
6787,18.0,6,17.0
6788,18.0,1,10.0
6789,18.0,1,10.0
6790,18.0,1,10.0
6791,18.0,3,18.0
6792,18.0,8,4.0
6793,18.0,3,18.0
6794,18.0,3,18.0
6795,18.0,3,18.0
6796,18.0,1,10.0
6797,18.0,1,10.0
6798,18.0,1,10.0
6799,18.0,1,10.0
6800,18.0,3,18.0
6801,18.0,8,4.0
6802,18.0,3,18.0
6803,18.0,1,10.0
6804,18.0,3,18.0
6805,18.0,1,10.0
6806,18.0,3,18.0
6807,18.0,3,18.0
6808,18.0,1,10.0
6809,18.0,1,10.0
6810,18.0,1,10.0
6811,18.0,3,18.0
6812,18.0,3,18.0
6813,18.0,6,17.0
6814,18.0,1,10.0
6815,18.0,1,10.0
6816,18.0,3,18.0
6817,18.0,3,18.0
6818,18.0,3,18.0
6819,18.0,0,9.0
6820,18.0,3,18.0
6821,18.0,1,10.0
6822,18.0,3,18.0
6823,18.0,1,10.0
6824,18.0,3,18.0
6825,18.0,1,10.0
6826,18.0,1,10.0
6827,18.0,8,4.0
6828,18.0,8,4.0
6829,18.0,3,18.0
6830,18.0,1,10.0
6831,18.0,6,17.0
6832,18.0,7,7.0
6833,18.0,0,9.0
6834,18.0,1,10.0
6835,18.0,1,10.0
6836,18.0,3,18.0
6837,18.0,3,18.0
6838,18.0,1,10.0
6839,18.0,8,4.0
6840,18.0,7,7.0
6841,18.0,1,10.0
6842,18.0,1,10.0
6843,18.0,6,17.0
6844,18.0,1,10.0
6845,18.0,3,18.0
6846,18.0,2,6.0
6847,18.0,8,4.0
6848,18.0,6,17.0
6849,18.0,1,10.0
6850,18.0,1,10.0
6851,18.0,1,10.0
6852,18.0,6,17.0
6853,18.0,8,4.0
6854,18.0,3,18.0
6855,18.0,3,18.0
6856,18.0,8,4.0
6857,18.0,6,17.0
6858,18.0,8,4.0
6859,18.0,1,10.0
6860,18.0,1,10.0
6861,18.0,8,4.0
6862,18.0,1,10.0
6863,18.0,1,10.0
6864,18.0,1,10.0
6865,18.0,1,10.0
6866,18.0,6,17.0
6867,18.0,3,18.0
6868,18.0,1,10.0
6869,18.0,7,7.0
6870,18.0,8,4.0
6871,18.0,1,10.0
6872,18.0,1,10.0
6873,18.0,1,10.0
6874,18.0,8,4.0
6875,18.0,1,10.0
6876,18.0,1,10.0
6877,18.0,3,18.0
6878,18.0,7,7.0
6879,18.0,1,10.0
6880,18.0,7,7.0
6881,18.0,1,10.0
6882,18.0,1,10.0
6883,18.0,7,7.0
6884,18.0,6,17.0
6885,18.0,6,17.0
6886,18.0,1,10.0
6887,18.0,1,10.0
6888,18.0,7,7.0
6889,18.0,1,10.0
6890,18.0,3,18.0
6891,18.0,1,10.0
6892,18.0,1,10.0
6893,18.0,3,18.0
6894,18.0,1,10.0
6895,18.0,1,10.0
6896,18.0,5,2.0
6897,18.0,1,10.0
6898,18.0,3,18.0
6899,18.0,1,10.0
6900,18.0,1,10.0
6901,18.0,3,18.0
6902,18.0,1,10.0
6903,18.0,6,17.0
6904,18.0,3,18.0
6905,18.0,1,10.0
6906,18.0,3,18.0
6907,18.0,3,18.0
6908,18.0,7,7.0
6909,18.0,1,10.0
6910,18.0,1,10.0
6911,18.0,3,18.0
6912,18.0,1,10.0
6913,18.0,1,10.0
6914,18.0,1,10.0
6915,18.0,6,17.0
6916,18.0,6,17.0
6917,18.0,6,17.0
6918,18.0,6,17.0
6919,18.0,6,17.0
6920,18.0,1,10.0
6921,18.0,3,18.0
6922,18.0,6,17.0
6923,18.0,1,10.0
6924,18.0,6,17.0
6925,18.0,8,4.0
6926,18.0,1,10.0
6927,18.0,1,10.0
6928,18.0,3,18.0
6929,18.0,7,7.0
6930,18.0,3,18.0
6931,18.0,1,10.0
6932,18.0,1,10.0
6933,18.0,6,17.0
6934,18.0,2,6.0
6935,18.0,3,18.0
6936,18.0,3,18.0
6937,18.0,3,18.0
6938,18.0,1,10.0
6939,18.0,3,18.0
6940,18.0,6,17.0
6941,18.0,3,18.0
6942,18.0,5,2.0
6943,18.0,8,4.0
6944,18.0,8,4.0
6945,18.0,1,10.0
6946,18.0,0,9.0
6947,18.0,1,10.0
6948,18.0,3,18.0
6949,18.0,8,4.0
6950,18.0,3,18.0
6951,18.0,1,10.0
6952,18.0,1,10.0
6953,18.0,1,10.0
6954,18.0,3,18.0
6955,18.0,1,10.0
6956,18.0,1,10.0
6957,18.0,6,17.0
6958,18.0,8,4.0
6959,18.0,8,4.0
6960,18.0,1,10.0
6961,18.0,6,17.0
6962,18.0,3,18.0
6963,18.0,3,18.0
6964,18.0,3,18.0
6965,18.0,1,10.0
6966,18.0,2,6.0
6967,18.0,1,10.0
6968,18.0,3,18.0
6969,18.0,8,4.0
6970,18.0,6,17.0
6971,18.0,6,17.0
6972,18.0,3,18.0
6973,18.0,7,7.0
6974,18.0,5,2.0
6975,18.0,1,10.0
6976,18.0,6,17.0
6977,18.0,6,17.0
6978,18.0,1,10.0
6979,18.0,3,18.0
6980,18.0,1,10.0
6981,18.0,8,4.0
6982,18.0,3,18.0
6983,18.0,1,10.0
6984,18.0,3,18.0
6985,18.0,1,10.0
6986,18.0,1,10.0
6987,18.0,3,18.0
6988,18.0,8,4.0
6989,18.0,3,18.0
6990,18.0,1,10.0
6991,18.0,3,18.0
6992,18.0,2,6.0
6993,18.0,1,10.0
6994,18.0,1,10.0
6995,18.0,1,10.0
6996,18.0,1,10.0
6997,18.0,1,10.0
6998,18.0,6,17.0
6999,18.0,3,18.0
7000,18.0,4,8.0
7001,18.0,3,18.0
7002,18.0,4,8.0
7003,18.0,1,10.0
7004,18.0,1,10.0
7005,18.0,1,10.0
7006,18.0,1,10.0
7007,18.0,6,17.0
7008,18.0,3,18.0
7009,18.0,6,17.0
7010,18.0,1,10.0
7011,18.0,0,9.0
7012,18.0,6,17.0
7013,18.0,3,18.0
7014,18.0,1,10.0
7015,18.0,3,18.0
7016,18.0,3,18.0
7017,18.0,8,4.0
7018,18.0,8,4.0
7019,18.0,3,18.0
7020,18.0,7,7.0
7021,18.0,1,10.0
7022,18.0,1,10.0
7023,18.0,1,10.0
7024,18.0,6,17.0
7025,18.0,6,17.0
7026,18.0,3,18.0
7027,18.0,3,18.0
7028,18.0,1,10.0
7029,18.0,7,7.0
7030,18.0,3,18.0
7031,18.0,1,10.0
7032,18.0,6,17.0
7033,18.0,1,10.0
7034,18.0,6,17.0
7035,18.0,6,17.0
7036,18.0,6,17.0
7037,18.0,6,17.0
7038,18.0,1,10.0
7039,18.0,3,18.0
7040,18.0,6,17.0
7041,18.0,1,10.0
7042,18.0,3,18.0
7043,18.0,6,17.0
7044,18.0,1,10.0
7045,18.0,1,10.0
7046,18.0,8,4.0
7047,18.0,1,10.0
7048,18.0,1,10.0
7049,18.0,8,4.0
7050,18.0,1,10.0
7051,18.0,7,7.0
7052,18.0,1,10.0
7053,18.0,3,18.0
7054,18.0,3,18.0
7055,18.0,1,10.0
7056,18.0,1,10.0
7057,18.0,6,17.0
7058,18.0,1,10.0
7059,18.0,1,10.0
7060,18.0,8,4.0
7061,18.0,5,2.0
7062,18.0,1,10.0
7063,18.0,6,17.0
7064,18.0,1,10.0
7065,18.0,8,4.0
7066,18.0,8,4.0
7067,18.0,8,4.0
7068,18.0,1,10.0
7069,18.0,6,17.0
7070,18.0,8,4.0
7071,18.0,3,18.0
7072,18.0,3,18.0
7073,18.0,8,4.0
7074,18.0,1,10.0
7075,18.0,3,18.0
7076,18.0,7,7.0
7077,18.0,1,10.0
7078,18.0,6,17.0
7079,18.0,7,7.0
7080,18.0,1,10.0
7081,18.0,1,10.0
7082,18.0,8,4.0
7083,18.0,3,18.0
7084,18.0,7,7.0
7085,18.0,1,10.0
7086,18.0,8,4.0
7087,18.0,3,18.0
7088,18.0,1,10.0
7089,18.0,3,18.0
7090,18.0,3,18.0
7091,18.0,3,18.0
7092,18.0,1,10.0
7093,18.0,1,10.0
7094,18.0,6,17.0
7095,18.0,3,18.0
7096,18.0,4,8.0
7097,18.0,5,2.0
7098,18.0,3,18.0
7099,18.0,6,17.0
7100,18.0,1,10.0
7101,18.0,3,18.0
7102,18.0,1,10.0
7103,18.0,1,10.0
7104,18.0,1,10.0
7105,18.0,3,18.0
7106,18.0,1,10.0
7107,18.0,1,10.0
7108,18.0,1,10.0
7109,18.0,1,10.0
7110,18.0,1,10.0
7111,18.0,7,7.0
7112,18.0,1,10.0
7113,18.0,6,17.0
7114,18.0,1,10.0
7115,18.0,1,10.0
7116,18.0,1,10.0
7117,18.0,3,18.0
7118,18.0,3,18.0
7119,18.0,1,10.0
7120,18.0,8,4.0
7121,18.0,1,10.0
7122,18.0,8,4.0
7123,18.0,1,10.0
7124,18.0,6,17.0
7125,18.0,6,17.0
7126,18.0,6,17.0
7127,18.0,1,10.0
7128,18.0,1,10.0
7129,18.0,8,4.0
7130,18.0,1,10.0
7131,18.0,1,10.0
7132,18.0,1,10.0
7133,18.0,1,10.0
7134,18.0,6,17.0
7135,18.0,1,10.0
7136,18.0,6,17.0
7137,18.0,1,10.0
7138,18.0,1,10.0
7139,18.0,7,7.0
7140,18.0,3,18.0
7141,18.0,1,10.0
7142,18.0,6,17.0
7143,18.0,3,18.0
7144,18.0,3,18.0
7145,18.0,3,18.0
7146,18.0,1,10.0
7147,18.0,8,4.0
7148,18.0,1,10.0
7149,18.0,1,10.0
7150,18.0,0,9.0
7151,18.0,1,10.0
7152,18.0,1,10.0
7153,18.0,1,10.0
7154,18.0,1,10.0
7155,18.0,6,17.0
7156,18.0,1,10.0
7157,18.0,2,6.0
7158,18.0,1,10.0
7159,18.0,0,9.0
7160,18.0,1,10.0
7161,18.0,1,10.0
7162,18.0,8,4.0
7163,18.0,1,10.0
7164,18.0,1,10.0
7165,18.0,2,6.0
7166,18.0,1,10.0
7167,18.0,3,18.0
7168,18.0,1,10.0
7169,18.0,1,10.0
7170,18.0,3,18.0
7171,18.0,1,10.0
7172,18.0,3,18.0
7173,18.0,1,10.0
7174,18.0,3,18.0
7175,18.0,3,18.0
7176,18.0,3,18.0
7177,18.0,3,18.0
7178,18.0,8,4.0
7179,18.0,1,10.0
7180,18.0,1,10.0
7181,18.0,1,10.0
7182,18.0,1,10.0
7183,18.0,3,18.0
7184,18.0,1,10.0
7185,18.0,6,17.0
7186,18.0,6,17.0
7187,18.0,1,10.0
7188,18.0,3,18.0
7189,18.0,6,17.0
7190,18.0,8,4.0
7191,18.0,3,18.0
7192,18.0,8,4.0
7193,18.0,0,9.0
7194,18.0,8,4.0
7195,18.0,1,10.0
7196,18.0,1,10.0
7197,18.0,5,2.0
7198,18.0,0,9.0
7199,18.0,3,18.0
7200,18.0,3,18.0
7201,18.0,3,18.0
7202,18.0,1,10.0
7203,18.0,3,18.0
7204,18.0,1,10.0
7205,18.0,3,18.0
7206,18.0,1,10.0
7207,18.0,8,4.0
7208,18.0,3,18.0
7209,18.0,0,9.0
7210,18.0,1,10.0
7211,18.0,8,4.0
7212,18.0,5,2.0
7213,18.0,1,10.0
7214,18.0,1,10.0
7215,18.0,1,10.0
7216,18.0,7,7.0
7217,18.0,1,10.0
7218,18.0,1,10.0
7219,18.0,6,17.0
7220,18.0,3,18.0
7221,18.0,0,9.0
7222,18.0,8,4.0
7223,18.0,3,18.0
7224,18.0,1,10.0
7225,18.0,8,4.0
7226,18.0,3,18.0
7227,18.0,2,6.0
7228,18.0,1,10.0
7229,18.0,6,17.0
7230,18.0,3,18.0
7231,18.0,1,10.0
7232,18.0,8,4.0
7233,18.0,1,10.0
7234,18.0,1,10.0
7235,18.0,3,18.0
7236,18.0,6,17.0
7237,18.0,1,10.0
7238,18.0,3,18.0
7239,18.0,1,10.0
7240,18.0,1,10.0
7241,18.0,1,10.0
7242,18.0,3,18.0
7243,18.0,2,6.0
7244,18.0,3,18.0
7245,18.0,1,10.0
7246,18.0,3,18.0
7247,18.0,6,17.0
7248,18.0,1,10.0
7249,18.0,6,17.0
7250,18.0,8,4.0
7251,18.0,1,10.0
7252,18.0,1,10.0
7253,18.0,3,18.0
7254,18.0,1,10.0
7255,18.0,1,10.0
7256,18.0,1,10.0
7257,18.0,1,10.0
7258,18.0,1,10.0
7259,18.0,1,10.0
7260,18.0,1,10.0
7261,18.0,3,18.0
7262,18.0,6,17.0
7263,18.0,6,17.0
7264,18.0,1,10.0
7265,18.0,1,10.0
7266,18.0,3,18.0
7267,18.0,8,4.0
7268,18.0,6,17.0
7269,18.0,6,17.0
7270,18.0,3,18.0
7271,18.0,3,18.0
7272,18.0,1,10.0
7273,18.0,3,18.0
7274,18.0,3,18.0
7275,18.0,7,7.0
7276,18.0,3,18.0
7277,18.0,1,10.0
7278,18.0,1,10.0
7279,18.0,1,10.0
7280,18.0,8,4.0
7281,18.0,1,10.0
7282,18.0,3,18.0
7283,18.0,8,4.0
7284,18.0,1,10.0
7285,18.0,3,18.0
7286,18.0,2,6.0
7287,18.0,1,10.0
7288,18.0,1,10.0
7289,18.0,1,10.0
7290,18.0,1,10.0
7291,18.0,8,4.0
7292,18.0,1,10.0
7293,18.0,1,10.0
7294,18.0,3,18.0
7295,18.0,1,10.0
7296,18.0,1,10.0
7297,18.0,8,4.0
7298,18.0,1,10.0
7299,18.0,1,10.0
7300,18.0,1,10.0
7301,18.0,3,18.0
7302,18.0,8,4.0
7303,18.0,3,18.0
7304,18.0,1,10.0
7305,18.0,5,2.0
7306,18.0,5,2.0
7307,18.0,1,10.0
7308,18.0,1,10.0
7309,18.0,1,10.0
7310,18.0,1,10.0
7311,18.0,0,9.0
7312,18.0,6,17.0
7313,18.0,1,10.0
7314,18.0,3,18.0
7315,18.0,1,10.0
7316,18.0,8,4.0
7317,18.0,8,4.0
7318,18.0,5,2.0
7319,18.0,3,18.0
7320,18.0,1,10.0
7321,18.0,1,10.0
7322,18.0,1,10.0
7323,18.0,1,10.0
7324,18.0,0,9.0
7325,18.0,1,10.0
7326,18.0,6,17.0
7327,18.0,2,6.0
7328,18.0,8,4.0
7329,18.0,1,10.0
7330,18.0,7,7.0
7331,18.0,3,18.0
7332,18.0,0,9.0
7333,18.0,3,18.0
7334,18.0,9,13.0
7335,18.0,7,7.0
7336,18.0,1,10.0
7337,18.0,8,4.0
7338,18.0,1,10.0
7339,18.0,3,18.0
7340,18.0,3,18.0
7341,18.0,1,10.0
7342,18.0,3,18.0
7343,18.0,1,10.0
7344,18.0,0,9.0
7345,18.0,1,10.0
7346,18.0,6,17.0
7347,18.0,1,10.0
7348,18.0,3,18.0
7349,18.0,1,10.0
7350,18.0,3,18.0
7351,18.0,8,4.0
7352,18.0,3,18.0
7353,18.0,3,18.0
7354,18.0,1,10.0
7355,18.0,3,18.0
7356,18.0,1,10.0
7357,18.0,8,4.0
7358,18.0,1,10.0
7359,18.0,3,18.0
7360,18.0,3,18.0
7361,18.0,3,18.0
7362,18.0,1,10.0
7363,18.0,1,10.0
7364,18.0,1,10.0
7365,18.0,3,18.0
7366,18.0,7,7.0
7367,18.0,7,7.0
7368,18.0,1,10.0
7369,18.0,1,10.0
7370,18.0,6,17.0
7371,18.0,3,18.0
7372,18.0,3,18.0
7373,18.0,7,7.0
7374,18.0,1,10.0
7375,18.0,8,4.0
7376,18.0,8,4.0
7377,18.0,1,10.0
7378,18.0,6,17.0
7379,18.0,1,10.0
7380,18.0,2,6.0
7381,18.0,0,9.0
7382,18.0,1,10.0
7383,18.0,3,18.0
7384,18.0,1,10.0
7385,18.0,7,7.0
7386,18.0,8,4.0
7387,18.0,1,10.0
7388,18.0,1,10.0
7389,18.0,1,10.0
7390,18.0,1,10.0
7391,18.0,3,18.0
7392,18.0,3,18.0
7393,18.0,1,10.0
7394,18.0,1,10.0
7395,18.0,3,18.0
7396,18.0,1,10.0
7397,18.0,8,4.0
7398,18.0,8,4.0
7399,18.0,1,10.0
7400,18.0,1,10.0
7401,18.0,7,7.0
7402,18.0,3,18.0
7403,18.0,1,10.0
7404,18.0,1,10.0
7405,18.0,8,4.0
7406,18.0,4,8.0
7407,18.0,3,18.0
7408,18.0,1,10.0
7409,18.0,1,10.0
7410,18.0,1,10.0
7411,18.0,1,10.0
7412,18.0,1,10.0
7413,18.0,6,17.0
7414,18.0,1,10.0
7415,18.0,8,4.0
7416,18.0,1,10.0
7417,18.0,3,18.0
7418,18.0,3,18.0
7419,18.0,1,10.0
7420,18.0,3,18.0
7421,18.0,3,18.0
7422,18.0,3,18.0
7423,18.0,4,8.0
7424,18.0,3,18.0
7425,18.0,3,18.0
7426,18.0,1,10.0
7427,18.0,1,10.0
7428,18.0,1,10.0
7429,18.0,8,4.0
7430,18.0,1,10.0
7431,18.0,1,10.0
7432,18.0,8,4.0
7433,18.0,3,18.0
7434,18.0,1,10.0
7435,18.0,6,17.0
7436,18.0,3,18.0
7437,18.0,3,18.0
7438,18.0,1,10.0
7439,18.0,3,18.0
7440,18.0,3,18.0
7441,18.0,3,18.0
7442,18.0,1,10.0
7443,18.0,1,10.0
7444,18.0,3,18.0
7445,18.0,1,10.0
7446,18.0,1,10.0
7447,18.0,7,7.0
7448,18.0,3,18.0
7449,18.0,3,18.0
7450,18.0,1,10.0
7451,18.0,1,10.0
7452,18.0,8,4.0
7453,18.0,0,9.0
7454,5.0,3,18.0
7455,5.0,1,10.0
7456,5.0,3,18.0
7457,5.0,1,10.0
7458,5.0,3,18.0
7459,5.0,4,8.0
7460,5.0,3,18.0
7461,5.0,2,6.0
7462,5.0,1,10.0
7463,5.0,3,18.0
7464,5.0,3,18.0
7465,5.0,1,10.0
7466,5.0,1,10.0
7467,5.0,3,18.0
7468,5.0,7,7.0
7469,5.0,1,10.0
7470,5.0,3,18.0
7471,5.0,1,10.0
7472,5.0,8,4.0
7473,5.0,3,18.0
7474,5.0,2,6.0
7475,5.0,0,9.0
7476,5.0,1,10.0
7477,5.0,1,10.0
7478,5.0,3,18.0
7479,5.0,7,7.0
7480,5.0,1,10.0
7481,5.0,3,18.0
7482,5.0,3,18.0
7483,5.0,3,18.0
7484,5.0,1,10.0
7485,5.0,6,17.0
7486,5.0,1,10.0
7487,5.0,1,10.0
7488,5.0,2,6.0
7489,5.0,1,10.0
7490,5.0,3,18.0
7491,6.0,9,13.0
7492,6.0,1,10.0
7493,6.0,1,10.0
7494,6.0,1,10.0
7495,6.0,1,10.0
7496,6.0,3,18.0
7497,6.0,3,18.0
7498,6.0,1,10.0
7499,6.0,1,10.0
7500,6.0,1,10.0
7501,6.0,1,10.0
7502,6.0,1,10.0
7503,6.0,8,4.0
7504,6.0,1,10.0
7505,6.0,3,18.0
7506,6.0,8,4.0
7507,6.0,8,4.0
7508,6.0,3,18.0
7509,6.0,0,9.0
7510,6.0,3,18.0
7511,6.0,6,17.0
7512,6.0,4,8.0
7513,6.0,3,18.0
7514,6.0,1,10.0
7515,6.0,1,10.0
7516,6.0,1,10.0
7517,6.0,6,17.0
7518,6.0,1,10.0
7519,6.0,1,10.0
7520,6.0,1,10.0
7521,6.0,3,18.0
7522,6.0,3,18.0
7523,6.0,1,10.0
7524,6.0,3,18.0
7525,6.0,3,18.0
7526,6.0,2,6.0
7527,6.0,6,17.0
7528,6.0,8,4.0
7529,6.0,1,10.0
7530,6.0,1,10.0
7531,6.0,3,18.0
7532,6.0,8,4.0
7533,6.0,3,18.0
7534,6.0,3,18.0
7535,6.0,1,10.0
7536,6.0,1,10.0
7537,6.0,1,10.0
7538,6.0,1,10.0
7539,6.0,3,18.0
7540,6.0,1,10.0
7541,6.0,1,10.0
7542,6.0,6,17.0
7543,6.0,3,18.0
7544,6.0,1,10.0
7545,6.0,3,18.0
7546,6.0,3,18.0
7547,6.0,3,18.0
7548,6.0,1,10.0
7549,6.0,2,6.0
7550,6.0,6,17.0
7551,6.0,6,17.0
7552,6.0,1,10.0
7553,6.0,0,9.0
7554,6.0,1,10.0
7555,6.0,1,10.0
7556,6.0,3,18.0
7557,6.0,8,4.0
7558,6.0,3,18.0
7559,6.0,6,17.0
7560,6.0,7,7.0
7561,6.0,2,6.0
7562,6.0,1,10.0
7563,6.0,1,10.0
7564,6.0,1,10.0
7565,6.0,1,10.0
7566,6.0,3,18.0
7567,6.0,8,4.0
7568,6.0,3,18.0
7569,6.0,1,10.0
7570,6.0,4,8.0
7571,6.0,1,10.0
7572,6.0,7,7.0
7573,6.0,1,10.0
7574,6.0,6,17.0
7575,6.0,3,18.0
7576,6.0,1,10.0
7577,6.0,4,8.0
7578,6.0,8,4.0
7579,6.0,3,18.0
7580,6.0,7,7.0
7581,6.0,1,10.0
7582,6.0,3,18.0
7583,6.0,3,18.0
7584,6.0,7,7.0
7585,6.0,1,10.0
7586,6.0,3,18.0
7587,6.0,8,4.0
7588,6.0,3,18.0
7589,6.0,3,18.0
7590,6.0,0,9.0
7591,6.0,1,10.0
7592,6.0,3,18.0
7593,6.0,3,18.0
7594,6.0,3,18.0
7595,6.0,3,18.0
7596,6.0,8,4.0
7597,6.0,3,18.0
7598,6.0,7,7.0
7599,6.0,3,18.0
7600,6.0,3,18.0
7601,6.0,1,10.0
7602,6.0,1,10.0
7603,6.0,1,10.0
7604,6.0,1,10.0
7605,6.0,3,18.0
7606,6.0,1,10.0
7607,6.0,1,10.0
7608,6.0,1,10.0
7609,6.0,8,4.0
7610,6.0,7,7.0
7611,6.0,1,10.0
7612,6.0,1,10.0
7613,6.0,3,18.0
7614,6.0,3,18.0
7615,6.0,2,6.0
7616,6.0,6,17.0
7617,6.0,6,17.0
7618,6.0,6,17.0
7619,6.0,1,10.0
7620,6.0,7,7.0
7621,6.0,6,17.0
7622,6.0,4,8.0
7623,6.0,3,18.0
7624,6.0,1,10.0
7625,6.0,5,2.0
7626,6.0,1,10.0
7627,6.0,1,10.0
7628,6.0,8,4.0
7629,6.0,1,10.0
7630,6.0,1,10.0
7631,6.0,1,10.0
7632,6.0,1,10.0
7633,6.0,1,10.0
7634,6.0,6,17.0
7635,6.0,3,18.0
7636,6.0,1,10.0
7637,6.0,0,9.0
7638,6.0,1,10.0
7639,6.0,6,17.0
7640,6.0,1,10.0
7641,6.0,2,6.0
7642,6.0,3,18.0
7643,6.0,1,10.0
7644,6.0,1,10.0
7645,6.0,3,18.0
7646,6.0,1,10.0
7647,6.0,6,17.0
7648,6.0,3,18.0
7649,6.0,3,18.0
7650,6.0,1,10.0
7651,6.0,1,10.0
7652,6.0,1,10.0
7653,6.0,7,7.0
7654,6.0,3,18.0
7655,6.0,1,10.0
7656,6.0,7,7.0
7657,6.0,1,10.0
7658,6.0,1,10.0
7659,6.0,1,10.0
7660,6.0,1,10.0
7661,6.0,3,18.0
7662,6.0,1,10.0
7663,6.0,6,17.0
7664,6.0,1,10.0
7665,6.0,8,4.0
7666,6.0,1,10.0
7667,6.0,3,18.0
7668,6.0,6,17.0
7669,6.0,1,10.0
7670,6.0,6,17.0
7671,6.0,3,18.0
7672,6.0,4,8.0
7673,6.0,8,4.0
7674,6.0,1,10.0
7675,6.0,3,18.0
7676,6.0,4,8.0
7677,6.0,6,17.0
7678,6.0,3,18.0
7679,6.0,3,18.0
7680,6.0,7,7.0
7681,6.0,1,10.0
7682,6.0,1,10.0
7683,6.0,3,18.0
7684,6.0,3,18.0
7685,6.0,3,18.0
7686,6.0,2,6.0
7687,6.0,6,17.0
7688,6.0,8,4.0
7689,6.0,3,18.0
7690,6.0,3,18.0
7691,6.0,1,10.0
7692,6.0,3,18.0
7693,6.0,1,10.0
7694,6.0,8,4.0
7695,6.0,6,17.0
7696,6.0,3,18.0
7697,6.0,7,7.0
7698,6.0,2,6.0
7699,6.0,3,18.0
7700,6.0,3,18.0
7701,6.0,8,4.0
7702,6.0,1,10.0
7703,6.0,7,7.0
7704,6.0,7,7.0
7705,6.0,7,7.0
7706,6.0,1,10.0
7707,6.0,7,7.0
7708,6.0,6,17.0
7709,6.0,0,9.0
7710,6.0,3,18.0
7711,6.0,1,10.0
7712,6.0,3,18.0
7713,6.0,1,10.0
7714,6.0,1,10.0
7715,6.0,3,18.0
7716,6.0,3,18.0
7717,6.0,1,10.0
7718,6.0,7,7.0
7719,6.0,3,18.0
7720,6.0,1,10.0
7721,6.0,7,7.0
7722,6.0,1,10.0
7723,6.0,1,10.0
7724,6.0,6,17.0
7725,6.0,6,17.0
7726,6.0,1,10.0
7727,6.0,1,10.0
7728,6.0,1,10.0
7729,6.0,1,10.0
7730,6.0,1,10.0
7731,6.0,4,8.0
7732,6.0,6,17.0
7733,6.0,3,18.0
7734,6.0,1,10.0
7735,6.0,1,10.0
7736,6.0,8,4.0
7737,6.0,1,10.0
7738,6.0,1,10.0
7739,6.0,3,18.0
7740,6.0,6,17.0
7741,6.0,3,18.0
7742,6.0,3,18.0
7743,6.0,3,18.0
7744,6.0,3,18.0
7745,6.0,8,4.0
7746,6.0,8,4.0
7747,6.0,3,18.0
7748,6.0,1,10.0
7749,6.0,2,6.0
7750,6.0,7,7.0
7751,6.0,1,10.0
7752,6.0,1,10.0
7753,6.0,1,10.0
7754,6.0,3,18.0
7755,6.0,0,9.0
7756,6.0,3,18.0
7757,6.0,1,10.0
7758,6.0,6,17.0
7759,6.0,3,18.0
7760,6.0,1,10.0
7761,6.0,1,10.0
7762,6.0,0,9.0
7763,6.0,4,8.0
7764,6.0,1,10.0
7765,6.0,1,10.0
7766,6.0,1,10.0
7767,6.0,1,10.0
7768,6.0,3,18.0
7769,6.0,3,18.0
7770,6.0,1,10.0
7771,6.0,6,17.0
7772,6.0,1,10.0
7773,6.0,3,18.0
7774,6.0,3,18.0
7775,6.0,6,17.0
7776,6.0,7,7.0
7777,6.0,6,17.0
7778,6.0,3,18.0
7779,6.0,1,10.0
7780,6.0,6,17.0
7781,6.0,3,18.0
7782,6.0,0,9.0
7783,6.0,7,7.0
7784,6.0,1,10.0
7785,6.0,1,10.0
7786,6.0,3,18.0
7787,6.0,1,10.0
7788,6.0,6,17.0
7789,6.0,1,10.0
7790,6.0,1,10.0
7791,6.0,3,18.0
7792,6.0,7,7.0
7793,6.0,1,10.0
7794,6.0,3,18.0
7795,6.0,1,10.0
7796,6.0,4,8.0
7797,6.0,3,18.0
7798,6.0,7,7.0
7799,6.0,3,18.0
7800,6.0,1,10.0
7801,6.0,1,10.0
7802,6.0,8,4.0
7803,6.0,7,7.0
7804,6.0,1,10.0
7805,6.0,1,10.0
7806,6.0,1,10.0
7807,6.0,1,10.0
7808,6.0,3,18.0
7809,6.0,2,6.0
7810,6.0,3,18.0
7811,6.0,6,17.0
7812,6.0,6,17.0
7813,6.0,1,10.0
7814,6.0,1,10.0
7815,6.0,6,17.0
7816,6.0,1,10.0
7817,6.0,1,10.0
7818,6.0,3,18.0
7819,6.0,8,4.0
7820,6.0,1,10.0
7821,6.0,3,18.0
7822,6.0,1,10.0
7823,6.0,3,18.0
7824,6.0,1,10.0
7825,6.0,1,10.0
7826,6.0,7,7.0
7827,6.0,1,10.0
7828,6.0,1,10.0
7829,6.0,1,10.0
7830,6.0,8,4.0
7831,6.0,1,10.0
7832,6.0,8,4.0
7833,6.0,7,7.0
7834,6.0,3,18.0
7835,6.0,8,4.0
7836,6.0,1,10.0
7837,6.0,7,7.0
7838,6.0,3,18.0
7839,6.0,3,18.0
7840,6.0,1,10.0
7841,6.0,1,10.0
7842,6.0,1,10.0
7843,6.0,3,18.0
7844,6.0,7,7.0
7845,6.0,7,7.0
7846,6.0,1,10.0
7847,6.0,1,10.0
7848,6.0,1,10.0
7849,6.0,2,6.0
7850,6.0,3,18.0
7851,6.0,1,10.0
7852,6.0,3,18.0
7853,6.0,1,10.0
7854,6.0,3,18.0
7855,6.0,1,10.0
7856,6.0,2,6.0
7857,6.0,1,10.0
7858,6.0,6,17.0
7859,6.0,1,10.0
7860,6.0,1,10.0
7861,6.0,6,17.0
7862,6.0,1,10.0
7863,6.0,3,18.0
7864,6.0,1,10.0
7865,6.0,7,7.0
7866,6.0,2,6.0
7867,6.0,3,18.0
7868,6.0,1,10.0
7869,6.0,1,10.0
7870,6.0,3,18.0
7871,6.0,8,4.0
7872,6.0,1,10.0
7873,6.0,1,10.0
7874,6.0,6,17.0
7875,6.0,6,17.0
7876,6.0,2,6.0
7877,6.0,5,2.0
7878,6.0,1,10.0
7879,6.0,3,18.0
7880,6.0,1,10.0
7881,6.0,1,10.0
7882,6.0,1,10.0
7883,6.0,1,10.0
7884,6.0,3,18.0
7885,6.0,1,10.0
7886,6.0,1,10.0
7887,6.0,6,17.0
7888,6.0,3,18.0
7889,6.0,3,18.0
7890,6.0,1,10.0
7891,6.0,1,10.0
7892,6.0,6,17.0
7893,6.0,6,17.0
7894,6.0,1,10.0
7895,6.0,1,10.0
7896,6.0,8,4.0
7897,6.0,7,7.0
7898,6.0,1,10.0
7899,6.0,7,7.0
7900,6.0,3,18.0
7901,6.0,1,10.0
7902,6.0,3,18.0
7903,6.0,7,7.0
7904,6.0,1,10.0
7905,6.0,2,6.0
7906,6.0,1,10.0
7907,6.0,1,10.0
7908,6.0,7,7.0
7909,6.0,3,18.0
7910,6.0,1,10.0
7911,6.0,1,10.0
7912,6.0,2,6.0
7913,6.0,2,6.0
7914,6.0,3,18.0
7915,6.0,1,10.0
7916,6.0,3,18.0
7917,6.0,3,18.0
7918,6.0,3,18.0
7919,6.0,3,18.0
7920,6.0,3,18.0
7921,6.0,3,18.0
7922,6.0,6,17.0
7923,6.0,3,18.0
7924,6.0,1,10.0
7925,6.0,1,10.0
7926,6.0,3,18.0
7927,6.0,7,7.0
7928,6.0,1,10.0
7929,6.0,3,18.0
7930,6.0,3,18.0
7931,6.0,3,18.0
7932,6.0,3,18.0
7933,6.0,3,18.0
7934,6.0,1,10.0
7935,6.0,4,8.0
7936,6.0,1,10.0
7937,6.0,3,18.0
7938,6.0,1,10.0
7939,6.0,1,10.0
7940,6.0,7,7.0
7941,6.0,1,10.0
7942,6.0,1,10.0
7943,6.0,1,10.0
7944,6.0,8,4.0
7945,6.0,3,18.0
7946,6.0,0,9.0
7947,6.0,1,10.0
7948,6.0,1,10.0
7949,6.0,3,18.0
7950,6.0,1,10.0
7951,6.0,1,10.0
7952,6.0,2,6.0
7953,6.0,2,6.0
7954,6.0,1,10.0
7955,6.0,1,10.0
7956,6.0,1,10.0
7957,6.0,0,9.0
7958,6.0,3,18.0
7959,6.0,3,18.0
7960,6.0,3,18.0
7961,6.0,3,18.0
7962,6.0,7,7.0
7963,6.0,1,10.0
7964,6.0,4,8.0
7965,6.0,1,10.0
7966,6.0,1,10.0
7967,6.0,1,10.0
7968,6.0,1,10.0
7969,6.0,6,17.0
7970,6.0,3,18.0
7971,6.0,3,18.0
7972,6.0,3,18.0
7973,6.0,3,18.0
7974,6.0,1,10.0
7975,6.0,6,17.0
7976,6.0,1,10.0
7977,6.0,1,10.0
7978,6.0,3,18.0
7979,6.0,8,4.0
7980,6.0,3,18.0
7981,6.0,1,10.0
7982,6.0,4,8.0
7983,6.0,1,10.0
7984,6.0,1,10.0
7985,6.0,1,10.0
7986,6.0,8,4.0
7987,6.0,6,17.0
7988,6.0,3,18.0
7989,6.0,1,10.0
7990,6.0,3,18.0
7991,6.0,6,17.0
7992,6.0,3,18.0
7993,7.0,3,18.0
7994,7.0,1,10.0
7995,7.0,3,18.0
7996,7.0,1,10.0
7997,7.0,3,18.0
7998,7.0,3,18.0
7999,7.0,1,10.0
8000,7.0,0,9.0
8001,7.0,0,9.0
8002,7.0,6,17.0
8003,7.0,1,10.0
8004,7.0,3,18.0
8005,7.0,6,17.0
8006,7.0,3,18.0
8007,7.0,0,9.0
8008,7.0,6,17.0
8009,7.0,1,10.0
8010,7.0,4,8.0
8011,7.0,1,10.0
8012,7.0,1,10.0
8013,7.0,3,18.0
8014,7.0,1,10.0
8015,7.0,1,10.0
8016,7.0,1,10.0
8017,7.0,6,17.0
8018,7.0,1,10.0
8019,7.0,6,17.0
8020,7.0,8,4.0
8021,7.0,3,18.0
8022,7.0,3,18.0
8023,7.0,3,18.0
8024,7.0,3,18.0
8025,7.0,3,18.0
8026,7.0,3,18.0
8027,7.0,0,9.0
8028,7.0,1,10.0
8029,7.0,1,10.0
8030,7.0,8,4.0
8031,7.0,1,10.0
8032,7.0,8,4.0
8033,7.0,1,10.0
8034,7.0,1,10.0
8035,7.0,3,18.0
8036,7.0,6,17.0
8037,7.0,3,18.0
8038,7.0,1,10.0
8039,7.0,1,10.0
8040,7.0,1,10.0
8041,7.0,8,4.0
8042,7.0,7,7.0
8043,7.0,1,10.0
8044,7.0,6,17.0
8045,7.0,6,17.0
8046,7.0,6,17.0
8047,7.0,0,9.0
8048,7.0,1,10.0
8049,7.0,1,10.0
8050,7.0,1,10.0
8051,7.0,3,18.0
8052,7.0,1,10.0
8053,7.0,1,10.0
8054,7.0,1,10.0
8055,7.0,1,10.0
8056,7.0,1,10.0
8057,7.0,3,18.0
8058,7.0,1,10.0
8059,7.0,3,18.0
8060,7.0,1,10.0
8061,7.0,3,18.0
8062,7.0,6,17.0
8063,7.0,1,10.0
8064,7.0,6,17.0
8065,7.0,3,18.0
8066,7.0,1,10.0
8067,7.0,1,10.0
8068,7.0,3,18.0
8069,7.0,1,10.0
8070,7.0,8,4.0
8071,7.0,1,10.0
8072,7.0,1,10.0
8073,7.0,6,17.0
8074,7.0,1,10.0
8075,7.0,1,10.0
8076,7.0,1,10.0
8077,7.0,3,18.0
8078,7.0,3,18.0
8079,7.0,3,18.0
8080,7.0,3,18.0
8081,7.0,1,10.0
8082,7.0,6,17.0
8083,7.0,1,10.0
8084,7.0,1,10.0
8085,7.0,1,10.0
8086,7.0,1,10.0
8087,7.0,3,18.0
8088,7.0,3,18.0
8089,7.0,1,10.0
8090,7.0,3,18.0
8091,7.0,1,10.0
8092,7.0,3,18.0
8093,7.0,1,10.0
8094,7.0,8,4.0
8095,7.0,3,18.0
8096,7.0,3,18.0
8097,7.0,8,4.0
8098,7.0,3,18.0
8099,7.0,3,18.0
8100,7.0,1,10.0
8101,7.0,3,18.0
8102,7.0,8,4.0
8103,7.0,1,10.0
8104,7.0,3,18.0
8105,7.0,8,4.0
8106,7.0,3,18.0
8107,7.0,3,18.0
8108,7.0,1,10.0
8109,7.0,1,10.0
8110,7.0,2,6.0
8111,7.0,1,10.0
8112,7.0,3,18.0
8113,7.0,3,18.0
8114,7.0,1,10.0
8115,7.0,1,10.0
8116,7.0,1,10.0
8117,7.0,3,18.0
8118,7.0,3,18.0
8119,7.0,1,10.0
8120,7.0,1,10.0
8121,7.0,3,18.0
8122,7.0,3,18.0
8123,7.0,1,10.0
8124,7.0,3,18.0
8125,7.0,8,4.0
8126,7.0,1,10.0
8127,7.0,3,18.0
8128,7.0,1,10.0
8129,7.0,3,18.0
8130,7.0,1,10.0
8131,7.0,6,17.0
8132,7.0,3,18.0
8133,7.0,1,10.0
8134,7.0,1,10.0
8135,7.0,1,10.0
8136,7.0,8,4.0
8137,7.0,3,18.0
8138,7.0,3,18.0
8139,7.0,3,18.0
8140,7.0,3,18.0
8141,7.0,1,10.0
8142,7.0,0,9.0
8143,7.0,3,18.0
8144,7.0,1,10.0
8145,7.0,3,18.0
8146,7.0,0,9.0
8147,7.0,1,10.0
8148,7.0,1,10.0
8149,7.0,1,10.0
8150,7.0,1,10.0
8151,7.0,3,18.0
8152,7.0,8,4.0
8153,7.0,6,17.0
8154,7.0,3,18.0
8155,7.0,3,18.0
8156,7.0,3,18.0
8157,7.0,1,10.0
8158,7.0,3,18.0
8159,7.0,6,17.0
8160,7.0,6,17.0
8161,7.0,4,8.0
8162,7.0,4,8.0
8163,7.0,1,10.0
8164,7.0,6,17.0
8165,7.0,7,7.0
8166,7.0,8,4.0
8167,7.0,3,18.0
8168,7.0,1,10.0
8169,7.0,1,10.0
8170,7.0,8,4.0
8171,7.0,3,18.0
8172,7.0,7,7.0
8173,7.0,1,10.0
8174,7.0,1,10.0
8175,7.0,1,10.0
8176,7.0,1,10.0
8177,7.0,6,17.0
8178,7.0,6,17.0
8179,7.0,1,10.0
8180,7.0,1,10.0
8181,7.0,3,18.0
8182,7.0,1,10.0
8183,7.0,3,18.0
8184,7.0,7,7.0
8185,7.0,1,10.0
8186,7.0,1,10.0
8187,7.0,1,10.0
8188,7.0,6,17.0
8189,7.0,1,10.0
8190,7.0,4,8.0
8191,7.0,2,6.0
8192,7.0,3,18.0
8193,7.0,3,18.0
8194,7.0,8,4.0
8195,7.0,2,6.0
8196,7.0,0,9.0
8197,7.0,7,7.0
8198,7.0,1,10.0
8199,7.0,3,18.0
8200,7.0,1,10.0
8201,7.0,7,7.0
8202,7.0,6,17.0
8203,7.0,1,10.0
8204,7.0,1,10.0
8205,7.0,3,18.0
8206,7.0,1,10.0
8207,7.0,1,10.0
8208,7.0,6,17.0
8209,7.0,1,10.0
8210,7.0,1,10.0
8211,7.0,1,10.0
8212,7.0,7,7.0
8213,7.0,1,10.0
8214,7.0,1,10.0
8215,7.0,8,4.0
8216,7.0,1,10.0
8217,7.0,3,18.0
8218,7.0,1,10.0
8219,7.0,1,10.0
8220,7.0,1,10.0
8221,7.0,3,18.0
8222,7.0,1,10.0
8223,7.0,3,18.0
8224,7.0,1,10.0
8225,7.0,1,10.0
8226,7.0,1,10.0
8227,7.0,1,10.0
8228,7.0,1,10.0
8229,7.0,3,18.0
8230,7.0,3,18.0
8231,7.0,6,17.0
8232,7.0,3,18.0
8233,7.0,8,4.0
8234,7.0,1,10.0
8235,7.0,3,18.0
8236,7.0,3,18.0
8237,7.0,1,10.0
8238,7.0,3,18.0
8239,7.0,1,10.0
8240,7.0,3,18.0
8241,7.0,0,9.0
8242,7.0,1,10.0
8243,7.0,7,7.0
8244,7.0,1,10.0
8245,7.0,3,18.0
8246,7.0,1,10.0
8247,7.0,1,10.0
8248,7.0,3,18.0
8249,7.0,1,10.0
8250,7.0,8,4.0
8251,7.0,4,8.0
8252,7.0,3,18.0
8253,7.0,5,2.0
8254,7.0,1,10.0
8255,7.0,3,18.0
8256,7.0,6,17.0
8257,7.0,1,10.0
8258,7.0,3,18.0
8259,7.0,1,10.0
8260,7.0,3,18.0
8261,7.0,1,10.0
8262,7.0,7,7.0
8263,7.0,1,10.0
8264,7.0,1,10.0
8265,7.0,1,10.0
8266,7.0,1,10.0
8267,7.0,1,10.0
8268,7.0,1,10.0
8269,7.0,1,10.0
8270,7.0,3,18.0
8271,7.0,3,18.0
8272,7.0,4,8.0
8273,7.0,7,7.0
8274,7.0,7,7.0
8275,7.0,1,10.0
8276,7.0,4,8.0
8277,7.0,1,10.0
8278,7.0,1,10.0
8279,7.0,3,18.0
8280,7.0,4,8.0
8281,7.0,8,4.0
8282,7.0,1,10.0
8283,7.0,1,10.0
8284,7.0,1,10.0
8285,7.0,1,10.0
8286,7.0,1,10.0
8287,7.0,1,10.0
8288,7.0,1,10.0
8289,7.0,1,10.0
8290,7.0,3,18.0
8291,7.0,1,10.0
8292,7.0,1,10.0
8293,7.0,1,10.0
8294,7.0,5,2.0
8295,7.0,3,18.0
8296,7.0,7,7.0
8297,7.0,7,7.0
8298,7.0,1,10.0
8299,7.0,3,18.0
8300,7.0,8,4.0
8301,7.0,8,4.0
8302,7.0,1,10.0
8303,7.0,3,18.0
8304,7.0,3,18.0
8305,7.0,1,10.0
8306,7.0,7,7.0
8307,7.0,1,10.0
8308,7.0,1,10.0
8309,7.0,3,18.0
8310,7.0,1,10.0
8311,7.0,1,10.0
8312,7.0,1,10.0
8313,7.0,1,10.0
8314,7.0,3,18.0
8315,7.0,3,18.0
8316,7.0,1,10.0
8317,7.0,1,10.0
8318,7.0,3,18.0
8319,7.0,3,18.0
8320,7.0,3,18.0
8321,7.0,1,10.0
8322,7.0,7,7.0
8323,7.0,1,10.0
8324,7.0,1,10.0
8325,7.0,1,10.0
8326,7.0,1,10.0
8327,7.0,2,6.0
8328,7.0,2,6.0
8329,7.0,6,17.0
8330,7.0,1,10.0
8331,7.0,1,10.0
8332,7.0,1,10.0
8333,7.0,1,10.0
8334,7.0,3,18.0
8335,7.0,6,17.0
8336,7.0,1,10.0
8337,7.0,3,18.0
8338,7.0,3,18.0
8339,7.0,8,4.0
8340,7.0,1,10.0
8341,7.0,7,7.0
8342,7.0,3,18.0
8343,7.0,4,8.0
8344,7.0,3,18.0
8345,7.0,1,10.0
8346,7.0,1,10.0
8347,7.0,1,10.0
8348,7.0,4,8.0
8349,7.0,1,10.0
8350,7.0,1,10.0
8351,7.0,3,18.0
8352,7.0,1,10.0
8353,7.0,3,18.0
8354,7.0,1,10.0
8355,7.0,2,6.0
8356,7.0,3,18.0
8357,7.0,1,10.0
8358,7.0,1,10.0
8359,7.0,7,7.0
8360,7.0,3,18.0
8361,7.0,1,10.0
8362,7.0,8,4.0
8363,7.0,7,7.0
8364,7.0,8,4.0
8365,7.0,1,10.0
8366,7.0,1,10.0
8367,7.0,3,18.0
8368,7.0,3,18.0
8369,7.0,3,18.0
8370,7.0,8,4.0
8371,7.0,3,18.0
8372,7.0,1,10.0
8373,7.0,1,10.0
8374,7.0,5,2.0
8375,7.0,6,17.0
8376,7.0,1,10.0
8377,7.0,1,10.0
8378,7.0,1,10.0
8379,7.0,6,17.0
8380,7.0,8,4.0
8381,7.0,6,17.0
8382,7.0,8,4.0
8383,7.0,3,18.0
8384,7.0,4,8.0
8385,7.0,6,17.0
8386,7.0,6,17.0
8387,7.0,6,17.0
8388,7.0,7,7.0
8389,7.0,1,10.0
8390,7.0,3,18.0
8391,7.0,0,9.0
8392,7.0,3,18.0
8393,7.0,3,18.0
8394,7.0,3,18.0
8395,7.0,3,18.0
8396,7.0,1,10.0
8397,7.0,7,7.0
8398,7.0,1,10.0
8399,7.0,3,18.0
8400,7.0,8,4.0
8401,7.0,1,10.0
8402,7.0,0,9.0
8403,7.0,4,8.0
8404,7.0,3,18.0
8405,7.0,1,10.0
8406,7.0,1,10.0
8407,7.0,3,18.0
8408,7.0,3,18.0
8409,7.0,7,7.0
8410,7.0,3,18.0
8411,7.0,3,18.0
8412,7.0,1,10.0
8413,7.0,4,8.0
8414,7.0,4,8.0
8415,7.0,1,10.0
8416,7.0,3,18.0
8417,7.0,7,7.0
8418,7.0,1,10.0
8419,7.0,1,10.0
8420,7.0,7,7.0
8421,7.0,3,18.0
8422,7.0,3,18.0
8423,7.0,1,10.0
8424,7.0,3,18.0
8425,7.0,1,10.0
8426,7.0,1,10.0
8427,7.0,1,10.0
8428,7.0,1,10.0
8429,7.0,4,8.0
8430,7.0,1,10.0
8431,7.0,4,8.0
8432,7.0,1,10.0
8433,7.0,3,18.0
8434,7.0,1,10.0
8435,7.0,1,10.0
8436,7.0,1,10.0
8437,7.0,6,17.0
8438,7.0,1,10.0
8439,7.0,1,10.0
8440,7.0,1,10.0
8441,7.0,7,7.0
8442,7.0,3,18.0
8443,7.0,1,10.0
8444,7.0,1,10.0
8445,7.0,9,13.0
8446,7.0,3,18.0
8447,7.0,3,18.0
8448,7.0,3,18.0
8449,7.0,1,10.0
8450,7.0,1,10.0
8451,7.0,8,4.0
8452,7.0,6,17.0
8453,7.0,6,17.0
8454,7.0,1,10.0
8455,7.0,3,18.0
8456,7.0,1,10.0
8457,7.0,1,10.0
8458,7.0,3,18.0
8459,7.0,1,10.0
8460,7.0,2,6.0
8461,7.0,3,18.0
8462,7.0,1,10.0
8463,7.0,8,4.0
8464,7.0,1,10.0
8465,7.0,5,2.0
8466,7.0,4,8.0
8467,7.0,0,9.0
8468,7.0,3,18.0
8469,7.0,1,10.0
8470,7.0,3,18.0
8471,7.0,1,10.0
8472,7.0,3,18.0
8473,7.0,7,7.0
8474,7.0,3,18.0
8475,7.0,6,17.0
8476,7.0,6,17.0
8477,7.0,1,10.0
8478,7.0,1,10.0
8479,7.0,1,10.0
8480,7.0,8,4.0
8481,7.0,7,7.0
8482,7.0,3,18.0
8483,7.0,3,18.0
8484,7.0,3,18.0
8485,7.0,1,10.0
8486,7.0,0,9.0
8487,7.0,2,6.0
8488,7.0,1,10.0
8489,7.0,3,18.0
8490,7.0,7,7.0
8491,7.0,3,18.0
8492,7.0,1,10.0
8493,7.0,6,17.0
8494,7.0,3,18.0
8495,7.0,3,18.0
8496,7.0,1,10.0
8497,7.0,8,4.0
8498,7.0,1,10.0
8499,7.0,3,18.0
8500,7.0,1,10.0
8501,7.0,5,2.0
8502,7.0,4,8.0
8503,7.0,1,10.0
8504,7.0,4,8.0
8505,7.0,1,10.0
8506,7.0,1,10.0
8507,7.0,1,10.0
8508,7.0,6,17.0
8509,7.0,1,10.0
8510,7.0,1,10.0
8511,7.0,1,10.0
8512,7.0,6,17.0
8513,7.0,1,10.0
8514,7.0,3,18.0
8515,7.0,1,10.0
8516,7.0,1,10.0
8517,7.0,3,18.0
8518,7.0,0,9.0
8519,7.0,3,18.0
8520,7.0,7,7.0
8521,7.0,3,18.0
8522,7.0,3,18.0
8523,7.0,3,18.0
8524,7.0,3,18.0
8525,7.0,1,10.0
8526,7.0,1,10.0
8527,7.0,1,10.0
8528,7.0,1,10.0
8529,7.0,3,18.0
8530,7.0,8,4.0
8531,7.0,1,10.0
8532,7.0,1,10.0
8533,7.0,5,2.0
8534,7.0,6,17.0
8535,7.0,6,17.0
8536,7.0,3,18.0
8537,7.0,6,17.0
8538,7.0,1,10.0
8539,7.0,1,10.0
8540,7.0,2,6.0
8541,7.0,1,10.0
8542,7.0,3,18.0
8543,7.0,1,10.0
8544,7.0,1,10.0
8545,7.0,1,10.0
8546,7.0,1,10.0
8547,7.0,1,10.0
8548,7.0,3,18.0
8549,7.0,3,18.0
8550,7.0,1,10.0
8551,7.0,1,10.0
8552,7.0,3,18.0
8553,7.0,1,10.0
8554,7.0,4,8.0
8555,7.0,3,18.0
8556,7.0,3,18.0
8557,7.0,3,18.0
8558,7.0,1,10.0
8559,7.0,0,9.0
8560,7.0,6,17.0
8561,7.0,1,10.0
8562,7.0,1,10.0
8563,7.0,1,10.0
8564,7.0,3,18.0
8565,7.0,1,10.0
8566,7.0,7,7.0
8567,7.0,1,10.0
8568,7.0,6,17.0
8569,7.0,8,4.0
8570,7.0,3,18.0
8571,7.0,3,18.0
8572,7.0,8,4.0
8573,7.0,4,8.0
8574,7.0,3,18.0
8575,7.0,1,10.0
8576,7.0,1,10.0
8577,7.0,6,17.0
8578,7.0,3,18.0
8579,7.0,8,4.0
8580,7.0,3,18.0
8581,7.0,3,18.0
8582,7.0,8,4.0
8583,7.0,6,17.0
8584,7.0,3,18.0
8585,7.0,3,18.0
8586,7.0,3,18.0
8587,7.0,1,10.0
8588,7.0,3,18.0
8589,7.0,1,10.0
8590,7.0,3,18.0
8591,7.0,1,10.0
8592,7.0,1,10.0
8593,7.0,6,17.0
8594,7.0,7,7.0
8595,7.0,6,17.0
8596,7.0,1,10.0
8597,7.0,1,10.0
8598,7.0,3,18.0
8599,7.0,1,10.0
8600,7.0,1,10.0
8601,7.0,2,6.0
8602,7.0,6,17.0
8603,7.0,3,18.0
8604,7.0,1,10.0
8605,7.0,1,10.0
8606,7.0,1,10.0
8607,7.0,0,9.0
8608,7.0,1,10.0
8609,7.0,1,10.0
8610,7.0,1,10.0
8611,7.0,1,10.0
8612,7.0,3,18.0
8613,7.0,1,10.0
8614,7.0,7,7.0
8615,7.0,1,10.0
8616,7.0,1,10.0
8617,7.0,6,17.0
8618,7.0,3,18.0
8619,7.0,3,18.0
8620,7.0,1,10.0
8621,7.0,3,18.0
8622,7.0,7,7.0
8623,7.0,1,10.0
8624,7.0,1,10.0
8625,7.0,3,18.0
8626,7.0,8,4.0
8627,7.0,1,10.0
8628,7.0,3,18.0
8629,7.0,0,9.0
8630,7.0,2,6.0
8631,7.0,3,18.0
8632,7.0,8,4.0
8633,7.0,1,10.0
8634,7.0,3,18.0
8635,7.0,1,10.0
8636,7.0,3,18.0
8637,7.0,1,10.0
8638,7.0,3,18.0
8639,7.0,3,18.0
8640,7.0,1,10.0
8641,7.0,1,10.0
8642,7.0,3,18.0
8643,7.0,6,17.0
8644,7.0,3,18.0
8645,7.0,1,10.0
8646,7.0,3,18.0
8647,7.0,1,10.0
8648,7.0,1,10.0
8649,7.0,2,6.0
8650,7.0,3,18.0
8651,7.0,3,18.0
8652,7.0,1,10.0
8653,7.0,3,18.0
8654,7.0,4,8.0
8655,7.0,3,18.0
8656,7.0,1,10.0
8657,7.0,1,10.0
8658,7.0,1,10.0
8659,7.0,3,18.0
8660,7.0,3,18.0
8661,7.0,3,18.0
8662,7.0,7,7.0
8663,7.0,1,10.0
8664,7.0,9,13.0
8665,7.0,1,10.0
8666,7.0,1,10.0
8667,7.0,3,18.0
8668,7.0,3,18.0
8669,7.0,3,18.0
8670,7.0,7,7.0
8671,7.0,7,7.0
8672,7.0,3,18.0
8673,7.0,3,18.0
8674,7.0,3,18.0
8675,7.0,3,18.0
8676,7.0,1,10.0
8677,7.0,3,18.0
8678,7.0,8,4.0
8679,7.0,3,18.0
8680,7.0,1,10.0
8681,7.0,0,9.0
8682,7.0,3,18.0
8683,7.0,6,17.0
8684,7.0,7,7.0
8685,7.0,0,9.0
8686,8.0,7,7.0
8687,8.0,1,10.0
8688,8.0,3,18.0
8689,8.0,1,10.0
8690,8.0,3,18.0
8691,8.0,1,10.0
8692,8.0,1,10.0
8693,8.0,6,17.0
8694,8.0,1,10.0
8695,8.0,3,18.0
8696,8.0,1,10.0
8697,8.0,1,10.0
8698,8.0,1,10.0
8699,8.0,7,7.0
8700,8.0,1,10.0
8701,8.0,1,10.0
8702,8.0,6,17.0
8703,8.0,3,18.0
8704,8.0,8,4.0
8705,8.0,7,7.0
8706,8.0,6,17.0
8707,8.0,1,10.0
8708,8.0,3,18.0
8709,8.0,8,4.0
8710,8.0,1,10.0
8711,8.0,1,10.0
8712,8.0,1,10.0
8713,8.0,6,17.0
8714,8.0,1,10.0
8715,8.0,8,4.0
8716,8.0,3,18.0
8717,8.0,3,18.0
8718,8.0,2,6.0
8719,8.0,0,9.0
8720,8.0,3,18.0
8721,8.0,7,7.0
8722,8.0,3,18.0
8723,8.0,3,18.0
8724,8.0,1,10.0
8725,8.0,0,9.0
8726,8.0,0,9.0
8727,8.0,8,4.0
8728,8.0,3,18.0
8729,8.0,3,18.0
8730,8.0,3,18.0
8731,8.0,1,10.0
8732,8.0,3,18.0
8733,8.0,8,4.0
8734,8.0,1,10.0
8735,8.0,8,4.0
8736,8.0,4,8.0
8737,8.0,1,10.0
8738,8.0,3,18.0
8739,8.0,1,10.0
8740,8.0,3,18.0
8741,8.0,3,18.0
8742,8.0,3,18.0
8743,8.0,1,10.0
8744,8.0,1,10.0
8745,8.0,2,6.0
8746,8.0,6,17.0
8747,8.0,3,18.0
8748,8.0,3,18.0
8749,8.0,1,10.0
8750,8.0,3,18.0
8751,8.0,1,10.0
8752,8.0,2,6.0
8753,8.0,3,18.0
8754,8.0,8,4.0
8755,8.0,7,7.0
8756,8.0,8,4.0
8757,8.0,1,10.0
8758,8.0,3,18.0
8759,8.0,1,10.0
8760,8.0,4,8.0
8761,8.0,5,2.0
8762,8.0,3,18.0
8763,8.0,6,17.0
8764,8.0,3,18.0
8765,8.0,1,10.0
8766,8.0,1,10.0
8767,8.0,1,10.0
8768,8.0,3,18.0
8769,8.0,3,18.0
8770,8.0,3,18.0
8771,8.0,4,8.0
8772,8.0,7,7.0
8773,8.0,3,18.0
8774,8.0,3,18.0
8775,8.0,3,18.0
8776,8.0,1,10.0
8777,8.0,1,10.0
8778,8.0,1,10.0
8779,8.0,7,7.0
8780,8.0,1,10.0
8781,8.0,1,10.0
8782,8.0,3,18.0
8783,8.0,1,10.0
8784,8.0,4,8.0
8785,8.0,1,10.0
8786,8.0,1,10.0
8787,8.0,3,18.0
8788,8.0,1,10.0
8789,8.0,1,10.0
8790,8.0,1,10.0
8791,8.0,3,18.0
8792,8.0,6,17.0
8793,8.0,8,4.0
8794,8.0,1,10.0
8795,8.0,3,18.0
8796,8.0,3,18.0
8797,8.0,1,10.0
8798,8.0,6,17.0
8799,8.0,1,10.0
8800,8.0,6,17.0
8801,8.0,3,18.0
8802,8.0,3,18.0
8803,8.0,1,10.0
8804,8.0,8,4.0
8805,8.0,1,10.0
8806,8.0,8,4.0
8807,8.0,7,7.0
8808,8.0,0,9.0
8809,8.0,3,18.0
8810,8.0,0,9.0
8811,8.0,1,10.0
8812,8.0,3,18.0
8813,8.0,3,18.0
8814,8.0,3,18.0
8815,8.0,1,10.0
8816,8.0,1,10.0
8817,8.0,1,10.0
8818,8.0,3,18.0
8819,8.0,3,18.0
8820,8.0,1,10.0
8821,8.0,3,18.0
8822,8.0,4,8.0
8823,8.0,3,18.0
8824,8.0,3,18.0
8825,8.0,3,18.0
8826,8.0,3,18.0
8827,8.0,3,18.0
8828,8.0,3,18.0
8829,8.0,3,18.0
8830,8.0,1,10.0
8831,8.0,1,10.0
8832,8.0,1,10.0
8833,8.0,6,17.0
8834,8.0,1,10.0
8835,8.0,1,10.0
8836,8.0,1,10.0
8837,8.0,6,17.0
8838,8.0,1,10.0
8839,8.0,3,18.0
8840,8.0,7,7.0
8841,8.0,1,10.0
8842,8.0,1,10.0
8843,8.0,1,10.0
8844,8.0,3,18.0
8845,8.0,1,10.0
8846,8.0,1,10.0
8847,8.0,6,17.0
8848,8.0,8,4.0
8849,8.0,3,18.0
8850,8.0,1,10.0
8851,8.0,1,10.0
8852,8.0,4,8.0
8853,8.0,1,10.0
8854,8.0,1,10.0
8855,8.0,5,2.0
8856,8.0,3,18.0
8857,8.0,3,18.0
8858,8.0,6,17.0
8859,8.0,3,18.0
8860,8.0,1,10.0
8861,8.0,1,10.0
8862,8.0,1,10.0
8863,8.0,3,18.0
8864,8.0,1,10.0
8865,8.0,8,4.0
8866,8.0,4,8.0
8867,8.0,1,10.0
8868,8.0,3,18.0
8869,8.0,1,10.0
8870,8.0,3,18.0
8871,8.0,1,10.0
8872,8.0,1,10.0
8873,8.0,3,18.0
8874,8.0,3,18.0
8875,8.0,1,10.0
8876,8.0,1,10.0
8877,8.0,1,10.0
8878,8.0,4,8.0
8879,8.0,4,8.0
8880,8.0,3,18.0
8881,8.0,6,17.0
8882,8.0,1,10.0
8883,8.0,0,9.0
8884,8.0,1,10.0
8885,8.0,1,10.0
8886,8.0,2,6.0
8887,8.0,1,10.0
8888,8.0,3,18.0
8889,8.0,2,6.0
8890,8.0,3,18.0
8891,8.0,1,10.0
8892,8.0,1,10.0
8893,8.0,3,18.0
8894,8.0,1,10.0
8895,8.0,1,10.0
8896,8.0,1,10.0
8897,8.0,1,10.0
8898,8.0,3,18.0
8899,8.0,1,10.0
8900,8.0,0,9.0
8901,8.0,8,4.0
8902,8.0,8,4.0
8903,8.0,3,18.0
8904,8.0,7,7.0
8905,8.0,6,17.0
8906,8.0,1,10.0
8907,8.0,1,10.0
8908,8.0,1,10.0
8909,8.0,7,7.0
8910,8.0,4,8.0
8911,8.0,1,10.0
8912,8.0,7,7.0
8913,8.0,3,18.0
8914,8.0,3,18.0
8915,8.0,3,18.0
8916,8.0,3,18.0
8917,8.0,4,8.0
8918,8.0,3,18.0
8919,8.0,1,10.0
8920,8.0,3,18.0
8921,8.0,3,18.0
8922,8.0,8,4.0
8923,8.0,3,18.0
8924,8.0,3,18.0
8925,8.0,3,18.0
8926,8.0,1,10.0
8927,8.0,1,10.0
8928,8.0,2,6.0
8929,8.0,4,8.0
8930,8.0,1,10.0
8931,8.0,1,10.0
8932,8.0,1,10.0
8933,8.0,3,18.0
8934,8.0,3,18.0
8935,8.0,3,18.0
8936,8.0,3,18.0
8937,8.0,3,18.0
8938,8.0,8,4.0
8939,8.0,1,10.0
8940,8.0,1,10.0
8941,8.0,6,17.0
8942,8.0,1,10.0
8943,8.0,3,18.0
8944,8.0,1,10.0
8945,8.0,1,10.0
8946,8.0,8,4.0
8947,8.0,3,18.0
8948,8.0,1,10.0
8949,8.0,8,4.0
8950,8.0,6,17.0
8951,8.0,1,10.0
8952,8.0,8,4.0
8953,8.0,7,7.0
8954,8.0,3,18.0
8955,8.0,6,17.0
8956,8.0,3,18.0
8957,8.0,1,10.0
8958,8.0,2,6.0
8959,8.0,1,10.0
8960,8.0,1,10.0
8961,8.0,1,10.0
8962,8.0,6,17.0
8963,8.0,7,7.0
8964,8.0,9,13.0
8965,8.0,1,10.0
8966,8.0,1,10.0
8967,8.0,0,9.0
8968,8.0,8,4.0
8969,8.0,1,10.0
8970,8.0,7,7.0
8971,8.0,6,17.0
8972,8.0,1,10.0
8973,8.0,3,18.0
8974,8.0,3,18.0
8975,8.0,1,10.0
8976,8.0,1,10.0
8977,8.0,3,18.0
8978,8.0,1,10.0
8979,8.0,1,10.0
8980,8.0,3,18.0
8981,8.0,3,18.0
8982,8.0,1,10.0
8983,8.0,1,10.0
8984,8.0,1,10.0
8985,8.0,1,10.0
8986,8.0,3,18.0
8987,8.0,1,10.0
8988,8.0,1,10.0
8989,8.0,3,18.0
8990,8.0,1,10.0
8991,8.0,3,18.0
8992,8.0,6,17.0
8993,8.0,6,17.0
8994,8.0,1,10.0
8995,8.0,4,8.0
8996,8.0,3,18.0
8997,8.0,1,10.0
8998,8.0,3,18.0
8999,8.0,4,8.0
9000,8.0,3,18.0
9001,8.0,1,10.0
9002,8.0,6,17.0
9003,8.0,3,18.0
9004,8.0,3,18.0
9005,8.0,1,10.0
9006,8.0,1,10.0
9007,8.0,3,18.0
9008,8.0,4,8.0
9009,8.0,1,10.0
9010,8.0,3,18.0
9011,8.0,3,18.0
9012,8.0,1,10.0
9013,8.0,1,10.0
9014,8.0,1,10.0
9015,8.0,3,18.0
9016,8.0,3,18.0
9017,8.0,3,18.0
9018,8.0,6,17.0
9019,8.0,4,8.0
9020,8.0,1,10.0
9021,8.0,3,18.0
9022,8.0,6,17.0
9023,8.0,1,10.0
9024,8.0,1,10.0
9025,8.0,1,10.0
9026,8.0,8,4.0
9027,8.0,8,4.0
9028,8.0,1,10.0
9029,8.0,1,10.0
9030,8.0,8,4.0
9031,8.0,1,10.0
9032,8.0,1,10.0
9033,8.0,1,10.0
9034,8.0,1,10.0
9035,8.0,3,18.0
9036,8.0,8,4.0
9037,8.0,1,10.0
9038,8.0,1,10.0
9039,8.0,3,18.0
9040,8.0,1,10.0
9041,8.0,1,10.0
9042,8.0,7,7.0
9043,8.0,3,18.0
9044,8.0,8,4.0
9045,8.0,1,10.0
9046,8.0,8,4.0
9047,8.0,3,18.0
9048,8.0,3,18.0
9049,8.0,1,10.0
9050,8.0,7,7.0
9051,8.0,6,17.0
9052,8.0,1,10.0
9053,8.0,7,7.0
9054,8.0,1,10.0
9055,8.0,6,17.0
9056,8.0,1,10.0
9057,8.0,3,18.0
9058,8.0,3,18.0
9059,8.0,8,4.0
9060,8.0,0,9.0
9061,8.0,0,9.0
9062,8.0,4,8.0
9063,8.0,1,10.0
9064,8.0,1,10.0
9065,8.0,3,18.0
9066,8.0,0,9.0
9067,8.0,1,10.0
9068,8.0,1,10.0
9069,8.0,1,10.0
9070,8.0,2,6.0
9071,8.0,4,8.0
9072,8.0,3,18.0
9073,8.0,1,10.0
9074,8.0,1,10.0
9075,8.0,3,18.0
9076,8.0,1,10.0
9077,8.0,1,10.0
9078,8.0,1,10.0
9079,8.0,1,10.0
9080,8.0,3,18.0
9081,8.0,1,10.0
9082,8.0,3,18.0
9083,8.0,3,18.0
9084,8.0,6,17.0
9085,8.0,0,9.0
9086,8.0,7,7.0
9087,8.0,4,8.0
9088,8.0,3,18.0
9089,8.0,3,18.0
9090,8.0,1,10.0
9091,8.0,1,10.0
9092,8.0,1,10.0
9093,8.0,3,18.0
9094,8.0,3,18.0
9095,8.0,6,17.0
9096,8.0,1,10.0
9097,8.0,3,18.0
9098,8.0,1,10.0
9099,8.0,1,10.0
9100,8.0,7,7.0
9101,8.0,3,18.0
9102,8.0,1,10.0
9103,8.0,3,18.0
9104,8.0,3,18.0
9105,8.0,3,18.0
9106,8.0,3,18.0
9107,8.0,3,18.0
9108,8.0,1,10.0
9109,8.0,6,17.0
9110,8.0,1,10.0
9111,8.0,3,18.0
9112,8.0,1,10.0
9113,8.0,3,18.0
9114,8.0,1,10.0
9115,8.0,3,18.0
9116,8.0,7,7.0
9117,8.0,6,17.0
9118,8.0,3,18.0
9119,8.0,1,10.0
9120,8.0,7,7.0
9121,8.0,3,18.0
9122,8.0,0,9.0
9123,8.0,3,18.0
9124,8.0,3,18.0
9125,8.0,3,18.0
9126,8.0,3,18.0
9127,8.0,3,18.0
9128,8.0,8,4.0
9129,8.0,8,4.0
9130,8.0,1,10.0
9131,8.0,6,17.0
9132,8.0,3,18.0
9133,8.0,1,10.0
9134,8.0,8,4.0
9135,8.0,1,10.0
9136,8.0,4,8.0
9137,8.0,1,10.0
9138,8.0,1,10.0
9139,8.0,4,8.0
9140,8.0,1,10.0
9141,8.0,1,10.0
9142,8.0,1,10.0
9143,8.0,3,18.0
9144,8.0,1,10.0
9145,8.0,4,8.0
9146,8.0,3,18.0
9147,8.0,1,10.0
9148,8.0,3,18.0
9149,8.0,1,10.0
9150,8.0,0,9.0
9151,8.0,1,10.0
9152,8.0,3,18.0
9153,8.0,3,18.0
9154,8.0,7,7.0
9155,8.0,7,7.0
9156,8.0,3,18.0
9157,8.0,1,10.0
9158,8.0,0,9.0
9159,8.0,2,6.0
9160,8.0,1,10.0
9161,8.0,8,4.0
9162,8.0,3,18.0
9163,8.0,8,4.0
9164,8.0,3,18.0
9165,8.0,3,18.0
9166,8.0,3,18.0
9167,8.0,3,18.0
9168,8.0,1,10.0
9169,8.0,6,17.0
9170,8.0,8,4.0
9171,8.0,1,10.0
9172,8.0,8,4.0
9173,8.0,1,10.0
9174,8.0,3,18.0
9175,8.0,8,4.0
9176,8.0,1,10.0
9177,8.0,1,10.0
9178,8.0,1,10.0
9179,8.0,3,18.0
9180,8.0,3,18.0
9181,8.0,3,18.0
9182,8.0,1,10.0
9183,8.0,0,9.0
9184,8.0,1,10.0
9185,8.0,3,18.0
9186,8.0,3,18.0
9187,8.0,1,10.0
9188,8.0,5,2.0
9189,8.0,2,6.0
9190,8.0,1,10.0
9191,8.0,3,18.0
9192,8.0,4,8.0
9193,8.0,1,10.0
9194,8.0,3,18.0
9195,8.0,1,10.0
9196,8.0,1,10.0
9197,8.0,6,17.0
9198,8.0,1,10.0
9199,8.0,1,10.0
9200,8.0,7,7.0
9201,8.0,8,4.0
9202,8.0,1,10.0
9203,8.0,2,6.0
9204,8.0,3,18.0
9205,8.0,1,10.0
9206,8.0,1,10.0
9207,8.0,7,7.0
9208,8.0,0,9.0
9209,8.0,8,4.0
9210,8.0,7,7.0
9211,8.0,7,7.0
9212,8.0,7,7.0
9213,8.0,1,10.0
9214,8.0,1,10.0
9215,8.0,1,10.0
9216,8.0,1,10.0
9217,8.0,1,10.0
9218,8.0,1,10.0
9219,9.0,3,18.0
9220,9.0,1,10.0
9221,9.0,3,18.0
9222,9.0,1,10.0
9223,9.0,6,17.0
9224,9.0,6,17.0
9225,9.0,3,18.0
9226,9.0,1,10.0
9227,9.0,3,18.0
9228,9.0,3,18.0
9229,9.0,3,18.0
9230,9.0,3,18.0
9231,9.0,1,10.0
9232,9.0,3,18.0
9233,9.0,1,10.0
9234,9.0,3,18.0
9235,9.0,3,18.0
9236,9.0,6,17.0
9237,9.0,1,10.0
9238,9.0,8,4.0
9239,9.0,1,10.0
9240,9.0,1,10.0
9241,9.0,3,18.0
9242,9.0,1,10.0
9243,9.0,1,10.0
9244,9.0,2,6.0
9245,9.0,6,17.0
9246,9.0,6,17.0
9247,9.0,6,17.0
9248,9.0,2,6.0
9249,9.0,2,6.0
9250,9.0,1,10.0
9251,9.0,3,18.0
9252,9.0,1,10.0
9253,9.0,3,18.0
9254,9.0,6,17.0
9255,9.0,3,18.0
9256,9.0,1,10.0
9257,9.0,1,10.0
9258,9.0,3,18.0
9259,9.0,1,10.0
9260,9.0,1,10.0
9261,9.0,1,10.0
9262,9.0,3,18.0
9263,9.0,2,6.0
9264,9.0,1,10.0
9265,9.0,3,18.0
9266,9.0,8,4.0
9267,9.0,3,18.0
9268,9.0,1,10.0
9269,9.0,3,18.0
9270,9.0,3,18.0
9271,9.0,3,18.0
9272,9.0,3,18.0
9273,9.0,1,10.0
9274,9.0,7,7.0
9275,9.0,2,6.0
9276,9.0,1,10.0
9277,9.0,1,10.0
9278,9.0,1,10.0
9279,9.0,1,10.0
9280,9.0,4,8.0
9281,9.0,1,10.0
9282,9.0,1,10.0
9283,9.0,1,10.0
9284,9.0,8,4.0
9285,9.0,3,18.0
9286,9.0,0,9.0
9287,9.0,1,10.0
9288,9.0,1,10.0
9289,9.0,3,18.0
9290,9.0,1,10.0
9291,9.0,1,10.0
9292,9.0,1,10.0
9293,9.0,0,9.0
9294,9.0,1,10.0
9295,9.0,0,9.0
9296,9.0,3,18.0
9297,9.0,1,10.0
9298,9.0,1,10.0
9299,9.0,2,6.0
9300,9.0,1,10.0
9301,9.0,1,10.0
9302,9.0,1,10.0
9303,9.0,3,18.0
9304,9.0,1,10.0
9305,9.0,7,7.0
9306,9.0,3,18.0
9307,9.0,3,18.0
9308,9.0,3,18.0
9309,9.0,3,18.0
9310,9.0,6,17.0
9311,9.0,3,18.0
9312,9.0,0,9.0
9313,9.0,1,10.0
9314,9.0,0,9.0
9315,9.0,3,18.0
9316,9.0,3,18.0
9317,9.0,1,10.0
9318,9.0,1,10.0
9319,9.0,3,18.0
9320,9.0,3,18.0
9321,9.0,1,10.0
9322,9.0,3,18.0
9323,9.0,1,10.0
9324,9.0,3,18.0
9325,9.0,3,18.0
9326,9.0,1,10.0
9327,9.0,1,10.0
9328,9.0,1,10.0
9329,9.0,1,10.0
9330,9.0,0,9.0
9331,9.0,3,18.0
9332,9.0,3,18.0
9333,9.0,3,18.0
9334,9.0,1,10.0
9335,9.0,1,10.0
9336,9.0,6,17.0
9337,9.0,7,7.0
9338,9.0,3,18.0
9339,9.0,3,18.0
9340,9.0,3,18.0
9341,9.0,4,8.0
9342,9.0,0,9.0
9343,9.0,1,10.0
9344,9.0,7,7.0
9345,9.0,1,10.0
9346,9.0,3,18.0
9347,9.0,3,18.0
9348,9.0,3,18.0
9349,9.0,1,10.0
9350,9.0,1,10.0
9351,9.0,1,10.0
9352,9.0,1,10.0
9353,9.0,3,18.0
9354,9.0,1,10.0
9355,9.0,1,10.0
9356,9.0,3,18.0
9357,9.0,4,8.0
9358,9.0,1,10.0
9359,9.0,8,4.0
9360,9.0,3,18.0
9361,9.0,3,18.0
9362,9.0,1,10.0
9363,9.0,3,18.0
9364,9.0,6,17.0
9365,9.0,0,9.0
9366,9.0,1,10.0
9367,9.0,7,7.0
9368,9.0,1,10.0
9369,9.0,7,7.0
9370,9.0,8,4.0
9371,9.0,3,18.0
9372,9.0,1,10.0
9373,9.0,1,10.0
9374,9.0,6,17.0
9375,9.0,7,7.0
9376,9.0,3,18.0
9377,9.0,8,4.0
9378,9.0,3,18.0
9379,9.0,3,18.0
9380,9.0,3,18.0
9381,9.0,1,10.0
9382,9.0,1,10.0
9383,9.0,7,7.0
9384,9.0,8,4.0
9385,9.0,1,10.0
9386,9.0,3,18.0
9387,9.0,1,10.0
9388,9.0,8,4.0
9389,9.0,2,6.0
9390,9.0,6,17.0
9391,9.0,4,8.0
9392,9.0,1,10.0
9393,9.0,3,18.0
9394,9.0,6,17.0
9395,9.0,1,10.0
9396,9.0,1,10.0
9397,9.0,1,10.0
9398,9.0,1,10.0
9399,9.0,3,18.0
9400,9.0,1,10.0
9401,9.0,0,9.0
9402,9.0,1,10.0
9403,9.0,4,8.0
9404,9.0,0,9.0
9405,9.0,1,10.0
9406,9.0,1,10.0
9407,9.0,3,18.0
9408,9.0,1,10.0
9409,9.0,1,10.0
9410,9.0,7,7.0
9411,9.0,8,4.0
9412,9.0,8,4.0
9413,9.0,1,10.0
9414,9.0,6,17.0
9415,9.0,3,18.0
9416,9.0,8,4.0
9417,9.0,0,9.0
9418,9.0,3,18.0
9419,9.0,3,18.0
9420,9.0,1,10.0
9421,9.0,0,9.0
9422,9.0,1,10.0
9423,9.0,1,10.0
9424,9.0,7,7.0
9425,9.0,6,17.0
9426,9.0,8,4.0
9427,9.0,6,17.0
9428,9.0,3,18.0
9429,9.0,1,10.0
9430,9.0,6,17.0
9431,9.0,3,18.0
9432,9.0,3,18.0
9433,9.0,3,18.0
9434,9.0,1,10.0
9435,9.0,3,18.0
9436,9.0,7,7.0
9437,9.0,3,18.0
9438,9.0,7,7.0
9439,9.0,1,10.0
9440,9.0,1,10.0
9441,9.0,1,10.0
9442,9.0,3,18.0
9443,9.0,3,18.0
9444,9.0,3,18.0
9445,9.0,3,18.0
9446,9.0,1,10.0
9447,9.0,1,10.0
9448,9.0,3,18.0
9449,9.0,1,10.0
9450,9.0,3,18.0
9451,9.0,8,4.0
9452,9.0,8,4.0
9453,9.0,7,7.0
9454,9.0,3,18.0
9455,9.0,1,10.0
9456,9.0,1,10.0
9457,9.0,3,18.0
9458,9.0,6,17.0
9459,9.0,1,10.0
9460,9.0,1,10.0
9461,9.0,3,18.0
9462,9.0,1,10.0
9463,9.0,4,8.0
9464,9.0,6,17.0
9465,9.0,4,8.0
9466,9.0,3,18.0
9467,9.0,1,10.0
9468,9.0,1,10.0
9469,9.0,3,18.0
9470,9.0,1,10.0
9471,9.0,0,9.0
9472,9.0,8,4.0
9473,9.0,6,17.0
9474,9.0,2,6.0
9475,9.0,1,10.0
9476,9.0,4,8.0
9477,9.0,1,10.0
9478,9.0,1,10.0
9479,9.0,1,10.0
9480,9.0,3,18.0
9481,9.0,1,10.0
9482,9.0,4,8.0
9483,9.0,6,17.0
9484,9.0,1,10.0
9485,9.0,1,10.0
9486,9.0,3,18.0
9487,9.0,1,10.0
9488,9.0,3,18.0
9489,9.0,1,10.0
9490,9.0,3,18.0
9491,9.0,3,18.0
9492,9.0,4,8.0
9493,9.0,1,10.0
9494,9.0,8,4.0
9495,9.0,0,9.0
9496,9.0,3,18.0
9497,9.0,2,6.0
9498,9.0,8,4.0
9499,9.0,1,10.0
9500,9.0,1,10.0
9501,9.0,1,10.0
9502,9.0,1,10.0
9503,9.0,7,7.0
9504,9.0,1,10.0
9505,9.0,3,18.0
9506,9.0,6,17.0
9507,9.0,3,18.0
9508,9.0,1,10.0
9509,9.0,3,18.0
9510,9.0,1,10.0
9511,9.0,1,10.0
9512,9.0,1,10.0
9513,9.0,1,10.0
9514,9.0,3,18.0
9515,9.0,1,10.0
9516,9.0,3,18.0
9517,9.0,4,8.0
9518,9.0,3,18.0
9519,9.0,1,10.0
9520,9.0,7,7.0
9521,9.0,7,7.0
9522,9.0,3,18.0
9523,9.0,1,10.0
9524,9.0,1,10.0
9525,9.0,3,18.0
9526,9.0,4,8.0
9527,9.0,1,10.0
9528,9.0,1,10.0
9529,9.0,1,10.0
9530,9.0,1,10.0
9531,9.0,3,18.0
9532,9.0,1,10.0
9533,9.0,6,17.0
9534,9.0,1,10.0
9535,9.0,1,10.0
9536,9.0,1,10.0
9537,9.0,1,10.0
9538,9.0,1,10.0
9539,9.0,3,18.0
9540,9.0,1,10.0
9541,9.0,3,18.0
9542,9.0,1,10.0
9543,9.0,3,18.0
9544,9.0,8,4.0
9545,9.0,0,9.0
9546,9.0,6,17.0
9547,9.0,6,17.0
9548,9.0,1,10.0
9549,9.0,3,18.0
9550,9.0,0,9.0
9551,9.0,1,10.0
9552,9.0,1,10.0
9553,9.0,6,17.0
9554,9.0,3,18.0
9555,9.0,1,10.0
9556,9.0,1,10.0
9557,9.0,2,6.0
9558,9.0,8,4.0
9559,9.0,1,10.0
9560,9.0,3,18.0
9561,9.0,1,10.0
9562,9.0,1,10.0
9563,9.0,1,10.0
9564,9.0,6,17.0
9565,9.0,3,18.0
9566,9.0,1,10.0
9567,9.0,3,18.0
9568,9.0,1,10.0
9569,9.0,1,10.0
9570,9.0,8,4.0
9571,9.0,0,9.0
9572,9.0,4,8.0
9573,9.0,1,10.0
9574,9.0,2,6.0
9575,9.0,3,18.0
9576,9.0,2,6.0
9577,9.0,2,6.0
9578,9.0,7,7.0
9579,9.0,1,10.0
9580,9.0,3,18.0
9581,9.0,1,10.0
9582,9.0,3,18.0
9583,9.0,1,10.0
9584,9.0,0,9.0
9585,9.0,8,4.0
9586,9.0,8,4.0
9587,9.0,8,4.0
9588,9.0,1,10.0
9589,9.0,3,18.0
9590,9.0,1,10.0
9591,9.0,4,8.0
9592,9.0,1,10.0
9593,9.0,1,10.0
9594,9.0,3,18.0
9595,9.0,3,18.0
9596,9.0,1,10.0
9597,9.0,0,9.0
9598,9.0,1,10.0
9599,9.0,3,18.0
9600,9.0,3,18.0
9601,9.0,1,10.0
9602,9.0,3,18.0
9603,9.0,1,10.0
9604,9.0,1,10.0
9605,9.0,0,9.0
9606,9.0,1,10.0
9607,9.0,7,7.0
9608,9.0,3,18.0
9609,9.0,1,10.0
9610,9.0,1,10.0
9611,9.0,1,10.0
9612,9.0,1,10.0
9613,9.0,1,10.0
9614,9.0,3,18.0
9615,9.0,1,10.0
9616,9.0,3,18.0
9617,9.0,1,10.0
9618,9.0,2,6.0
9619,9.0,7,7.0
9620,9.0,0,9.0
9621,9.0,3,18.0
9622,9.0,2,6.0
9623,9.0,8,4.0
9624,9.0,3,18.0
9625,9.0,1,10.0
9626,9.0,1,10.0
9627,9.0,1,10.0
9628,9.0,3,18.0
9629,9.0,1,10.0
9630,9.0,1,10.0
9631,9.0,4,8.0
9632,9.0,1,10.0
9633,9.0,3,18.0
9634,9.0,1,10.0
9635,9.0,8,4.0
9636,9.0,3,18.0
9637,9.0,1,10.0
9638,9.0,3,18.0
9639,9.0,1,10.0
9640,9.0,7,7.0
9641,9.0,1,10.0
9642,9.0,7,7.0
9643,9.0,3,18.0
9644,9.0,1,10.0
9645,9.0,3,18.0
9646,9.0,0,9.0
9647,9.0,1,10.0
9648,9.0,0,9.0
9649,9.0,6,17.0
9650,9.0,3,18.0
9651,9.0,3,18.0
9652,9.0,7,7.0
9653,9.0,1,10.0
9654,9.0,1,10.0
9655,9.0,3,18.0
9656,9.0,3,18.0
9657,9.0,1,10.0
9658,9.0,0,9.0
9659,9.0,1,10.0
9660,9.0,7,7.0
9661,9.0,3,18.0
9662,9.0,1,10.0
9663,9.0,1,10.0
9664,9.0,6,17.0
9665,9.0,2,6.0
9666,9.0,3,18.0
9667,9.0,1,10.0
9668,9.0,1,10.0
9669,9.0,3,18.0
9670,9.0,3,18.0
9671,9.0,1,10.0
9672,9.0,8,4.0
9673,9.0,0,9.0
9674,9.0,3,18.0
9675,9.0,6,17.0
9676,9.0,6,17.0
9677,9.0,1,10.0
9678,9.0,3,18.0
9679,9.0,1,10.0
9680,9.0,2,6.0
9681,9.0,3,18.0
9682,9.0,6,17.0
9683,9.0,3,18.0
9684,9.0,4,8.0
9685,9.0,8,4.0
9686,9.0,7,7.0
9687,9.0,1,10.0
9688,9.0,1,10.0
9689,9.0,1,10.0
9690,9.0,1,10.0
9691,9.0,3,18.0
9692,9.0,1,10.0
9693,9.0,3,18.0
9694,9.0,3,18.0
9695,9.0,3,18.0
9696,9.0,1,10.0
9697,9.0,8,4.0
9698,9.0,8,4.0
9699,9.0,4,8.0
9700,9.0,8,4.0
9701,9.0,3,18.0
9702,9.0,1,10.0
9703,9.0,4,8.0
9704,9.0,0,9.0
9705,9.0,1,10.0
9706,9.0,3,18.0
9707,9.0,3,18.0
9708,9.0,1,10.0
9709,9.0,1,10.0
9710,9.0,1,10.0
9711,9.0,1,10.0
9712,9.0,1,10.0
9713,9.0,3,18.0
9714,9.0,7,7.0
9715,9.0,3,18.0
9716,9.0,7,7.0
9717,9.0,1,10.0
9718,9.0,3,18.0
9719,9.0,3,18.0
9720,9.0,6,17.0
9721,9.0,1,10.0
9722,9.0,7,7.0
9723,9.0,3,18.0
9724,9.0,8,4.0
9725,9.0,7,7.0
9726,9.0,1,10.0
9727,9.0,1,10.0
9728,9.0,3,18.0
9729,9.0,1,10.0
9730,9.0,3,18.0
9731,9.0,1,10.0
9732,9.0,3,18.0
9733,9.0,1,10.0
9734,9.0,1,10.0
9735,9.0,3,18.0
9736,9.0,6,17.0
9737,9.0,2,6.0
9738,9.0,1,10.0
9739,9.0,1,10.0
9740,9.0,1,10.0
9741,9.0,3,18.0
9742,9.0,6,17.0
9743,9.0,8,4.0
9744,9.0,8,4.0
9745,9.0,2,6.0
9746,9.0,1,10.0
9747,9.0,1,10.0
9748,9.0,1,10.0
9749,9.0,3,18.0
9750,9.0,3,18.0
9751,9.0,1,10.0
9752,9.0,0,9.0
9753,9.0,1,10.0
9754,9.0,3,18.0
9755,9.0,3,18.0
9756,9.0,1,10.0
9757,9.0,1,10.0
9758,9.0,7,7.0
9759,9.0,6,17.0
9760,9.0,3,18.0
9761,9.0,1,10.0
9762,9.0,1,10.0
9763,9.0,3,18.0
9764,9.0,3,18.0
9765,9.0,3,18.0
9766,9.0,3,18.0
9767,9.0,3,18.0
9768,9.0,1,10.0
9769,9.0,3,18.0
9770,9.0,3,18.0
9771,9.0,3,18.0
9772,9.0,3,18.0
9773,9.0,3,18.0
9774,9.0,1,10.0
9775,9.0,3,18.0
9776,9.0,1,10.0
9777,9.0,6,17.0
9778,9.0,1,10.0
9779,9.0,1,10.0
9780,9.0,6,17.0
9781,9.0,1,10.0
9782,9.0,1,10.0
9783,9.0,1,10.0
9784,9.0,3,18.0
9785,9.0,3,18.0
9786,9.0,1,10.0
9787,9.0,3,18.0
9788,9.0,1,10.0
9789,9.0,0,9.0
9790,9.0,7,7.0
9791,9.0,3,18.0
9792,9.0,7,7.0
9793,9.0,1,10.0
9794,9.0,1,10.0
9795,9.0,1,10.0
9796,9.0,1,10.0
9797,9.0,1,10.0
9798,9.0,3,18.0
9799,9.0,3,18.0
9800,9.0,1,10.0
9801,9.0,3,18.0
9802,9.0,3,18.0
9803,9.0,1,10.0
9804,9.0,1,10.0
9805,9.0,8,4.0
9806,9.0,1,10.0
9807,9.0,1,10.0
9808,9.0,6,17.0
9809,9.0,3,18.0
9810,9.0,4,8.0
9811,9.0,1,10.0
9812,9.0,1,10.0
9813,9.0,1,10.0
9814,9.0,3,18.0
9815,9.0,1,10.0
9816,9.0,9,13.0
9817,9.0,3,18.0
9818,9.0,3,18.0
9819,9.0,1,10.0
9820,9.0,1,10.0
9821,9.0,1,10.0
9822,9.0,3,18.0
9823,9.0,7,7.0
9824,9.0,0,9.0
9825,9.0,1,10.0
9826,9.0,7,7.0
9827,9.0,4,8.0
9828,9.0,1,10.0
9829,9.0,8,4.0
9830,9.0,3,18.0
9831,9.0,3,18.0
9832,9.0,8,4.0
9833,9.0,1,10.0
9834,9.0,1,10.0
9835,9.0,6,17.0
9836,9.0,7,7.0
9837,9.0,3,18.0
9838,9.0,3,18.0
9839,9.0,6,17.0
9840,9.0,3,18.0
9841,9.0,6,17.0
9842,9.0,3,18.0
9843,9.0,1,10.0
9844,9.0,3,18.0
9845,9.0,4,8.0
9846,9.0,3,18.0
9847,9.0,1,10.0
9848,9.0,3,18.0
9849,9.0,0,9.0
9850,9.0,4,8.0
9851,9.0,6,17.0
9852,9.0,3,18.0
9853,9.0,8,4.0
9854,9.0,3,18.0
9855,9.0,3,18.0
9856,9.0,1,10.0
9857,9.0,1,10.0
9858,9.0,3,18.0
9859,9.0,1,10.0
9860,9.0,1,10.0
9861,9.0,1,10.0
9862,9.0,1,10.0
9863,9.0,6,17.0
9864,9.0,4,8.0
9865,9.0,1,10.0
9866,9.0,1,10.0
9867,9.0,0,9.0
9868,9.0,1,10.0
9869,9.0,3,18.0
9870,9.0,1,10.0
9871,9.0,1,10.0
9872,9.0,3,18.0
9873,9.0,3,18.0
9874,9.0,1,10.0
9875,9.0,1,10.0
9876,9.0,3,18.0
9877,9.0,1,10.0
9878,9.0,1,10.0
9879,9.0,1,10.0
9880,9.0,6,17.0
9881,9.0,1,10.0
9882,9.0,3,18.0
9883,9.0,7,7.0
9884,9.0,1,10.0
9885,9.0,1,10.0
9886,9.0,3,18.0
9887,9.0,3,18.0
9888,9.0,1,10.0
9889,9.0,0,9.0
9890,9.0,1,10.0
9891,9.0,1,10.0
9892,9.0,3,18.0
9893,9.0,1,10.0
9894,9.0,1,10.0
9895,9.0,3,18.0
9896,9.0,1,10.0
9897,9.0,3,18.0
9898,9.0,6,17.0
9899,9.0,1,10.0
9900,9.0,4,8.0
9901,9.0,3,18.0
9902,9.0,1,10.0
9903,9.0,0,9.0
9904,9.0,3,18.0
9905,9.0,1,10.0
9906,9.0,1,10.0
9907,9.0,1,10.0
9908,9.0,0,9.0
9909,9.0,1,10.0
9910,9.0,3,18.0
9911,9.0,0,9.0
9912,9.0,1,10.0
9913,9.0,6,17.0
9914,9.0,1,10.0
9915,9.0,1,10.0
9916,9.0,3,18.0
9917,9.0,1,10.0
9918,9.0,4,8.0
9919,9.0,6,17.0
9920,9.0,3,18.0
9921,9.0,7,7.0
9922,9.0,3,18.0
9923,9.0,1,10.0
9924,9.0,1,10.0
9925,9.0,1,10.0
9926,9.0,1,10.0
9927,9.0,1,10.0
9928,9.0,1,10.0
9929,9.0,3,18.0
9930,9.0,6,17.0
9931,9.0,6,17.0
9932,9.0,3,18.0
9933,9.0,1,10.0
9934,9.0,1,10.0
9935,9.0,1,10.0
9936,9.0,1,10.0
9937,9.0,3,18.0
9938,9.0,3,18.0
9939,9.0,1,10.0
9940,9.0,8,4.0
9941,9.0,1,10.0
9942,9.0,1,10.0
9943,9.0,1,10.0
9944,9.0,1,10.0
9945,9.0,1,10.0
9946,9.0,7,7.0
9947,9.0,1,10.0
9948,9.0,1,10.0
9949,9.0,1,10.0
9950,9.0,1,10.0
9951,9.0,1,10.0
9952,9.0,1,10.0
9953,9.0,1,10.0
9954,9.0,1,10.0
9955,9.0,6,17.0
9956,9.0,3,18.0
9957,9.0,6,17.0
9958,9.0,3,18.0
9959,9.0,3,18.0
9960,9.0,7,7.0
9961,9.0,1,10.0
9962,9.0,3,18.0
9963,9.0,3,18.0
9964,9.0,8,4.0
9965,9.0,1,10.0
9966,9.0,3,18.0
9967,9.0,1,10.0
9968,9.0,1,10.0
9969,9.0,0,9.0
9970,9.0,3,18.0
9971,9.0,3,18.0
9972,9.0,8,4.0
9973,9.0,6,17.0
9974,9.0,3,18.0
9975,9.0,1,10.0
9976,9.0,1,10.0
9977,9.0,3,18.0
9978,9.0,1,10.0
9979,9.0,1,10.0
9980,9.0,1,10.0
9981,9.0,1,10.0
9982,9.0,1,10.0
9983,9.0,1,10.0
9984,9.0,1,10.0
9985,9.0,7,7.0
9986,9.0,1,10.0
9987,9.0,1,10.0
9988,9.0,6,17.0
9989,9.0,1,10.0
9990,9.0,1,10.0
9991,9.0,6,17.0
9992,9.0,1,10.0
9993,9.0,3,18.0
9994,9.0,2,6.0
9995,9.0,8,4.0
9996,9.0,3,18.0
9997,9.0,1,10.0
9998,9.0,7,7.0
9999,9.0,1,10.0
10000,9.0,1,10.0
10001,9.0,1,10.0
10002,9.0,1,10.0
10003,9.0,3,18.0
10004,9.0,6,17.0
10005,9.0,1,10.0
10006,9.0,1,10.0
10007,9.0,1,10.0
10008,9.0,1,10.0
10009,9.0,3,18.0
10010,9.0,1,10.0
10011,9.0,6,17.0
10012,9.0,2,6.0
10013,9.0,1,10.0
10014,9.0,7,7.0
10015,9.0,3,18.0
10016,9.0,0,9.0
10017,9.0,1,10.0
10018,10.0,3,18.0
10019,10.0,3,18.0
10020,10.0,6,17.0
10021,10.0,3,18.0
10022,10.0,1,10.0
10023,10.0,7,7.0
10024,10.0,6,17.0
10025,10.0,1,10.0
10026,10.0,1,10.0
10027,10.0,6,17.0
10028,10.0,7,7.0
10029,10.0,3,18.0
10030,10.0,3,18.0
10031,10.0,1,10.0
10032,10.0,1,10.0
10033,10.0,1,10.0
10034,10.0,7,7.0
10035,10.0,1,10.0
10036,10.0,3,18.0
10037,10.0,2,6.0
10038,10.0,1,10.0
10039,10.0,1,10.0
10040,10.0,3,18.0
10041,10.0,1,10.0
10042,10.0,7,7.0
10043,10.0,3,18.0
10044,10.0,3,18.0
10045,10.0,1,10.0
10046,10.0,1,10.0
10047,10.0,1,10.0
10048,10.0,3,18.0
10049,10.0,1,10.0
10050,10.0,1,10.0
10051,10.0,1,10.0
10052,10.0,3,18.0
10053,10.0,1,10.0
10054,10.0,3,18.0
10055,10.0,1,10.0
10056,10.0,1,10.0
10057,10.0,6,17.0
10058,10.0,6,17.0
10059,10.0,5,2.0
10060,10.0,3,18.0
10061,10.0,1,10.0
10062,10.0,1,10.0
10063,10.0,1,10.0
10064,10.0,4,8.0
10065,10.0,3,18.0
10066,10.0,1,10.0
10067,10.0,1,10.0
10068,10.0,4,8.0
10069,10.0,1,10.0
10070,10.0,1,10.0
10071,10.0,8,4.0
10072,10.0,6,17.0
10073,10.0,8,4.0
10074,10.0,1,10.0
10075,10.0,7,7.0
10076,10.0,3,18.0
10077,10.0,1,10.0
10078,10.0,1,10.0
10079,10.0,3,18.0
10080,10.0,5,2.0
10081,10.0,3,18.0
10082,10.0,1,10.0
10083,10.0,4,8.0
10084,10.0,5,2.0
10085,10.0,8,4.0
10086,10.0,1,10.0
10087,10.0,1,10.0
10088,10.0,4,8.0
10089,10.0,1,10.0
10090,10.0,1,10.0
10091,10.0,8,4.0
10092,10.0,1,10.0
10093,10.0,1,10.0
10094,10.0,1,10.0
10095,10.0,1,10.0
10096,10.0,1,10.0
10097,10.0,1,10.0
10098,10.0,1,10.0
10099,10.0,3,18.0
10100,10.0,6,17.0
10101,10.0,3,18.0
10102,10.0,3,18.0
10103,10.0,6,17.0
10104,10.0,7,7.0
10105,10.0,1,10.0
10106,10.0,1,10.0
10107,10.0,1,10.0
10108,10.0,7,7.0
10109,10.0,0,9.0
10110,10.0,8,4.0
10111,10.0,1,10.0
10112,10.0,3,18.0
10113,10.0,8,4.0
10114,10.0,6,17.0
10115,10.0,1,10.0
10116,10.0,1,10.0
10117,10.0,3,18.0
10118,10.0,7,7.0
10119,10.0,1,10.0
10120,10.0,3,18.0
10121,10.0,1,10.0
10122,10.0,7,7.0
10123,10.0,3,18.0
10124,10.0,6,17.0
10125,10.0,1,10.0
10126,10.0,1,10.0
10127,10.0,1,10.0
10128,10.0,1,10.0
10129,10.0,3,18.0
10130,10.0,1,10.0
10131,10.0,1,10.0
10132,10.0,1,10.0
10133,10.0,3,18.0
10134,10.0,3,18.0
10135,10.0,1,10.0
10136,10.0,3,18.0
10137,10.0,3,18.0
10138,10.0,3,18.0
10139,10.0,1,10.0
10140,10.0,1,10.0
10141,10.0,1,10.0
10142,10.0,3,18.0
10143,10.0,2,6.0
10144,10.0,1,10.0
10145,10.0,6,17.0
10146,10.0,7,7.0
10147,10.0,1,10.0
10148,10.0,2,6.0
10149,10.0,2,6.0
10150,10.0,3,18.0
10151,10.0,3,18.0
10152,10.0,1,10.0
10153,10.0,8,4.0
10154,10.0,1,10.0
10155,10.0,6,17.0
10156,10.0,1,10.0
10157,10.0,3,18.0
10158,10.0,3,18.0
10159,10.0,1,10.0
10160,10.0,1,10.0
10161,10.0,5,2.0
10162,10.0,3,18.0
10163,10.0,3,18.0
10164,10.0,3,18.0
10165,10.0,6,17.0
10166,10.0,3,18.0
10167,10.0,8,4.0
10168,10.0,1,10.0
10169,10.0,3,18.0
10170,10.0,3,18.0
10171,10.0,1,10.0
10172,10.0,7,7.0
10173,10.0,3,18.0
10174,10.0,2,6.0
10175,10.0,3,18.0
10176,10.0,1,10.0
10177,10.0,3,18.0
10178,10.0,1,10.0
10179,10.0,1,10.0
10180,10.0,3,18.0
10181,10.0,1,10.0
10182,10.0,1,10.0
10183,10.0,1,10.0
10184,10.0,3,18.0
10185,10.0,1,10.0
10186,10.0,3,18.0
10187,10.0,7,7.0
10188,10.0,1,10.0
10189,10.0,3,18.0
10190,10.0,3,18.0
10191,10.0,8,4.0
10192,10.0,3,18.0
10193,10.0,1,10.0
10194,10.0,7,7.0
10195,10.0,3,18.0
10196,10.0,1,10.0
10197,10.0,6,17.0
10198,10.0,1,10.0
10199,10.0,1,10.0
10200,10.0,1,10.0
10201,10.0,1,10.0
10202,10.0,3,18.0
10203,10.0,1,10.0
10204,10.0,3,18.0
10205,10.0,1,10.0
10206,10.0,3,18.0
10207,10.0,1,10.0
10208,10.0,8,4.0
10209,10.0,1,10.0
10210,10.0,1,10.0
10211,10.0,1,10.0
10212,10.0,4,8.0
10213,10.0,1,10.0
10214,10.0,6,17.0
10215,10.0,8,4.0
10216,10.0,1,10.0
10217,10.0,1,10.0
10218,10.0,1,10.0
10219,10.0,1,10.0
10220,10.0,1,10.0
10221,10.0,1,10.0
10222,10.0,2,6.0
10223,10.0,1,10.0
10224,10.0,1,10.0
10225,10.0,1,10.0
10226,10.0,3,18.0
10227,10.0,1,10.0
10228,10.0,1,10.0
10229,10.0,3,18.0
10230,10.0,1,10.0
10231,10.0,1,10.0
10232,10.0,1,10.0
10233,10.0,6,17.0
10234,10.0,1,10.0
10235,10.0,1,10.0
10236,10.0,6,17.0
10237,10.0,1,10.0
10238,10.0,1,10.0
10239,10.0,7,7.0
10240,10.0,3,18.0
10241,10.0,1,10.0
10242,10.0,3,18.0
10243,10.0,6,17.0
10244,10.0,1,10.0
10245,10.0,1,10.0
10246,10.0,1,10.0
10247,10.0,1,10.0
10248,10.0,3,18.0
10249,10.0,3,18.0
10250,10.0,3,18.0
10251,10.0,1,10.0
10252,10.0,1,10.0
10253,10.0,8,4.0
10254,10.0,3,18.0
10255,10.0,3,18.0
10256,10.0,6,17.0
10257,10.0,1,10.0
10258,10.0,3,18.0
10259,10.0,1,10.0
10260,10.0,1,10.0
10261,10.0,3,18.0
10262,10.0,8,4.0
10263,10.0,4,8.0
10264,10.0,3,18.0
10265,10.0,3,18.0
10266,10.0,0,9.0
10267,10.0,2,6.0
10268,10.0,3,18.0
10269,10.0,1,10.0
10270,10.0,3,18.0
10271,10.0,3,18.0
10272,10.0,3,18.0
10273,10.0,7,7.0
10274,10.0,3,18.0
10275,10.0,4,8.0
10276,10.0,2,6.0
10277,10.0,1,10.0
10278,10.0,7,7.0
10279,10.0,1,10.0
10280,10.0,3,18.0
10281,10.0,6,17.0
10282,10.0,7,7.0
10283,10.0,0,9.0
10284,10.0,4,8.0
10285,10.0,3,18.0
10286,10.0,1,10.0
10287,10.0,1,10.0
10288,10.0,8,4.0
10289,10.0,5,2.0
10290,10.0,7,7.0
10291,10.0,6,17.0
10292,10.0,1,10.0
10293,10.0,1,10.0
10294,10.0,1,10.0
10295,10.0,7,7.0
10296,10.0,3,18.0
10297,10.0,5,2.0
10298,10.0,1,10.0
10299,10.0,8,4.0
10300,10.0,6,17.0
10301,10.0,3,18.0
10302,10.0,8,4.0
10303,10.0,1,10.0
10304,10.0,6,17.0
10305,10.0,1,10.0
10306,10.0,1,10.0
10307,10.0,3,18.0
10308,10.0,1,10.0
10309,10.0,1,10.0
10310,10.0,7,7.0
10311,10.0,1,10.0
10312,10.0,6,17.0
10313,10.0,8,4.0
10314,10.0,3,18.0
10315,10.0,1,10.0
10316,10.0,3,18.0
10317,10.0,1,10.0
10318,10.0,6,17.0
10319,10.0,3,18.0
10320,10.0,1,10.0
10321,10.0,7,7.0
10322,10.0,6,17.0
10323,10.0,3,18.0
10324,10.0,3,18.0
10325,10.0,3,18.0
10326,10.0,8,4.0
10327,10.0,1,10.0
10328,10.0,3,18.0
10329,10.0,8,4.0
10330,10.0,1,10.0
10331,10.0,4,8.0
10332,10.0,6,17.0
10333,10.0,3,18.0
10334,10.0,8,4.0
10335,10.0,3,18.0
10336,10.0,3,18.0
10337,10.0,1,10.0
10338,10.0,1,10.0
10339,10.0,0,9.0
10340,10.0,1,10.0
10341,10.0,1,10.0
10342,10.0,1,10.0
10343,10.0,3,18.0
10344,10.0,1,10.0
10345,10.0,1,10.0
10346,10.0,3,18.0
10347,10.0,1,10.0
10348,10.0,3,18.0
10349,10.0,8,4.0
10350,10.0,1,10.0
10351,10.0,3,18.0
10352,10.0,0,9.0
10353,10.0,3,18.0
10354,10.0,3,18.0
10355,10.0,3,18.0
10356,10.0,7,7.0
10357,10.0,1,10.0
10358,10.0,6,17.0
10359,10.0,1,10.0
10360,10.0,4,8.0
10361,10.0,3,18.0
10362,10.0,3,18.0
10363,10.0,3,18.0
10364,10.0,3,18.0
10365,10.0,6,17.0
10366,10.0,3,18.0
10367,10.0,7,7.0
10368,10.0,1,10.0
10369,10.0,1,10.0
10370,10.0,1,10.0
10371,10.0,3,18.0
10372,10.0,7,7.0
10373,10.0,6,17.0
10374,10.0,1,10.0
10375,10.0,0,9.0
10376,10.0,3,18.0
10377,10.0,7,7.0
10378,10.0,0,9.0
10379,10.0,1,10.0
10380,10.0,1,10.0
10381,10.0,1,10.0
10382,10.0,8,4.0
10383,10.0,1,10.0
10384,10.0,6,17.0
10385,10.0,8,4.0
10386,10.0,7,7.0
10387,10.0,3,18.0
10388,10.0,3,18.0
10389,10.0,3,18.0
10390,10.0,7,7.0
10391,10.0,8,4.0
10392,10.0,1,10.0
10393,10.0,7,7.0
10394,10.0,1,10.0
10395,10.0,3,18.0
10396,10.0,0,9.0
10397,10.0,1,10.0
10398,10.0,3,18.0
10399,10.0,1,10.0
10400,10.0,3,18.0
10401,10.0,1,10.0
10402,10.0,1,10.0
10403,10.0,1,10.0
10404,10.0,3,18.0
10405,10.0,1,10.0
10406,10.0,1,10.0
10407,10.0,3,18.0
10408,10.0,1,10.0
10409,10.0,1,10.0
10410,10.0,3,18.0
10411,10.0,6,17.0
10412,10.0,1,10.0
10413,10.0,1,10.0
10414,10.0,1,10.0
10415,10.0,1,10.0
10416,10.0,1,10.0
10417,10.0,8,4.0
10418,10.0,1,10.0
10419,10.0,1,10.0
10420,10.0,1,10.0
10421,10.0,1,10.0
10422,10.0,2,6.0
10423,10.0,1,10.0
10424,10.0,7,7.0
10425,10.0,1,10.0
10426,10.0,1,10.0
10427,10.0,1,10.0
10428,10.0,6,17.0
10429,10.0,1,10.0
10430,10.0,1,10.0
10431,10.0,1,10.0
10432,10.0,1,10.0
10433,10.0,1,10.0
10434,10.0,1,10.0
10435,10.0,8,4.0
10436,10.0,1,10.0
10437,10.0,1,10.0
10438,10.0,1,10.0
10439,10.0,1,10.0
10440,10.0,2,6.0
10441,10.0,1,10.0
10442,10.0,1,10.0
10443,10.0,1,10.0
10444,10.0,1,10.0
10445,10.0,1,10.0
10446,10.0,1,10.0
10447,10.0,1,10.0
10448,10.0,1,10.0
10449,10.0,1,10.0
10450,10.0,1,10.0
10451,10.0,1,10.0
10452,10.0,1,10.0
10453,10.0,1,10.0
10454,10.0,1,10.0
10455,10.0,2,6.0
10456,10.0,1,10.0
10457,10.0,1,10.0
10458,10.0,0,9.0
10459,10.0,7,7.0
10460,10.0,7,7.0
10461,10.0,7,7.0
10462,10.0,1,10.0
10463,10.0,0,9.0
10464,10.0,1,10.0
10465,10.0,1,10.0
10466,10.0,1,10.0
10467,10.0,1,10.0
10468,10.0,8,4.0
10469,10.0,1,10.0
10470,10.0,1,10.0
10471,10.0,1,10.0
10472,10.0,1,10.0
10473,10.0,1,10.0
10474,10.0,1,10.0
10475,10.0,8,4.0
10476,10.0,1,10.0
10477,10.0,1,10.0
10478,10.0,6,17.0
10479,10.0,8,4.0
10480,10.0,1,10.0
10481,10.0,7,7.0
10482,10.0,1,10.0
10483,10.0,6,17.0
10484,10.0,1,10.0
10485,10.0,1,10.0
10486,10.0,1,10.0
10487,10.0,1,10.0
10488,10.0,1,10.0
10489,10.0,1,10.0
10490,10.0,1,10.0
10491,10.0,1,10.0
10492,10.0,0,9.0
10493,10.0,1,10.0
10494,10.0,8,4.0
10495,10.0,2,6.0
10496,10.0,8,4.0
10497,10.0,1,10.0
10498,10.0,5,2.0
10499,10.0,1,10.0
10500,10.0,1,10.0
10501,10.0,1,10.0
10502,10.0,1,10.0
10503,10.0,1,10.0
10504,10.0,8,4.0
10505,10.0,2,6.0
10506,10.0,1,10.0
10507,10.0,1,10.0
10508,10.0,1,10.0
10509,10.0,1,10.0
10510,10.0,7,7.0
10511,10.0,1,10.0
10512,10.0,1,10.0
10513,10.0,1,10.0
10514,10.0,2,6.0
10515,10.0,8,4.0
10516,10.0,2,6.0
10517,10.0,1,10.0
10518,10.0,8,4.0
10519,10.0,1,10.0
10520,10.0,8,4.0
10521,10.0,1,10.0
10522,10.0,8,4.0
10523,10.0,1,10.0
10524,10.0,1,10.0
10525,10.0,8,4.0
10526,10.0,1,10.0
10527,10.0,6,17.0
10528,10.0,6,17.0
10529,10.0,7,7.0
10530,10.0,8,4.0
10531,10.0,7,7.0
10532,10.0,6,17.0
10533,10.0,8,4.0
10534,10.0,1,10.0
10535,10.0,1,10.0
10536,10.0,1,10.0
10537,10.0,1,10.0
10538,10.0,8,4.0
10539,10.0,1,10.0
10540,10.0,1,10.0
10541,10.0,1,10.0
10542,10.0,1,10.0
10543,10.0,1,10.0
10544,10.0,1,10.0
10545,10.0,6,17.0
10546,10.0,6,17.0
10547,10.0,6,17.0
10548,10.0,1,10.0
10549,10.0,1,10.0
10550,10.0,2,6.0
10551,10.0,8,4.0
10552,10.0,1,10.0
10553,10.0,1,10.0
10554,10.0,1,10.0
10555,10.0,6,17.0
10556,10.0,6,17.0
10557,10.0,1,10.0
10558,10.0,6,17.0
10559,10.0,5,2.0
10560,10.0,6,17.0
10561,10.0,1,10.0
10562,10.0,1,10.0
10563,10.0,1,10.0
10564,10.0,1,10.0
10565,10.0,1,10.0
10566,10.0,1,10.0
10567,10.0,1,10.0
10568,10.0,1,10.0
10569,10.0,1,10.0
10570,10.0,1,10.0
10571,10.0,1,10.0
10572,10.0,1,10.0
10573,10.0,1,10.0
10574,10.0,8,4.0
10575,10.0,1,10.0
10576,10.0,1,10.0
10577,10.0,1,10.0
10578,10.0,8,4.0
10579,10.0,1,10.0
10580,10.0,8,4.0
10581,10.0,1,10.0
10582,10.0,8,4.0
10583,10.0,8,4.0
10584,10.0,1,10.0
10585,10.0,6,17.0
10586,10.0,8,4.0
10587,10.0,6,17.0
10588,10.0,1,10.0
10589,10.0,1,10.0
10590,10.0,1,10.0
10591,10.0,1,10.0
10592,10.0,1,10.0
10593,10.0,1,10.0
10594,10.0,8,4.0
10595,10.0,1,10.0
10596,10.0,1,10.0
10597,10.0,1,10.0
10598,10.0,1,10.0
10599,10.0,6,17.0
10600,10.0,1,10.0
10601,10.0,1,10.0
10602,10.0,1,10.0
10603,10.0,1,10.0
10604,10.0,1,10.0
10605,10.0,1,10.0
10606,10.0,1,10.0
10607,10.0,1,10.0
10608,10.0,1,10.0
10609,10.0,1,10.0
10610,10.0,1,10.0
10611,10.0,1,10.0
10612,10.0,1,10.0
10613,10.0,8,4.0
10614,10.0,8,4.0
10615,10.0,8,4.0
10616,10.0,8,4.0
10617,10.0,1,10.0
10618,10.0,1,10.0
10619,10.0,1,10.0
10620,10.0,1,10.0
10621,10.0,1,10.0
10622,10.0,1,10.0
10623,10.0,1,10.0
10624,10.0,1,10.0
10625,10.0,1,10.0
10626,10.0,1,10.0
10627,10.0,6,17.0
10628,10.0,5,2.0
10629,10.0,1,10.0
10630,10.0,1,10.0
10631,10.0,5,2.0
10632,10.0,1,10.0
10633,10.0,1,10.0
10634,10.0,1,10.0
10635,10.0,1,10.0
10636,10.0,1,10.0
10637,10.0,1,10.0
10638,10.0,1,10.0
10639,10.0,1,10.0
10640,10.0,1,10.0
10641,10.0,1,10.0
10642,10.0,1,10.0
10643,10.0,1,10.0
10644,10.0,1,10.0
10645,10.0,1,10.0
10646,10.0,1,10.0
10647,10.0,1,10.0
10648,10.0,1,10.0
10649,10.0,1,10.0
10650,10.0,1,10.0
10651,10.0,6,17.0
10652,10.0,1,10.0
10653,10.0,1,10.0
10654,10.0,1,10.0
10655,10.0,1,10.0
10656,10.0,1,10.0
10657,10.0,1,10.0
10658,10.0,1,10.0
10659,10.0,1,10.0
10660,10.0,7,7.0
10661,10.0,5,2.0
10662,10.0,1,10.0
10663,10.0,1,10.0
10664,10.0,1,10.0
10665,10.0,8,4.0
10666,10.0,1,10.0
10667,10.0,1,10.0
10668,10.0,1,10.0
10669,10.0,8,4.0
10670,10.0,8,4.0
10671,10.0,1,10.0
10672,10.0,1,10.0
10673,10.0,7,7.0
10674,10.0,1,10.0
10675,10.0,1,10.0
10676,10.0,1,10.0
10677,10.0,1,10.0
10678,10.0,6,17.0
10679,10.0,1,10.0
10680,10.0,6,17.0
10681,10.0,6,17.0
10682,10.0,1,10.0
10683,10.0,5,2.0
10684,10.0,1,10.0
10685,10.0,1,10.0
10686,10.0,1,10.0
10687,10.0,1,10.0
10688,10.0,1,10.0
10689,10.0,1,10.0
10690,10.0,6,17.0
10691,10.0,1,10.0
10692,10.0,1,10.0
10693,10.0,1,10.0
10694,10.0,8,4.0
10695,10.0,1,10.0
10696,10.0,2,6.0
10697,10.0,2,6.0
10698,10.0,6,17.0
10699,10.0,1,10.0
10700,10.0,1,10.0
10701,10.0,0,9.0
10702,10.0,6,17.0
10703,10.0,6,17.0
10704,10.0,1,10.0
10705,10.0,8,4.0
10706,10.0,1,10.0
10707,10.0,5,2.0
10708,10.0,1,10.0
10709,10.0,1,10.0
10710,10.0,6,17.0
10711,10.0,6,17.0
10712,10.0,1,10.0
10713,10.0,1,10.0
10714,10.0,1,10.0
10715,10.0,1,10.0
10716,10.0,6,17.0
10717,10.0,1,10.0
10718,10.0,1,10.0
10719,10.0,1,10.0
10720,10.0,2,6.0
10721,10.0,8,4.0
10722,10.0,1,10.0
10723,10.0,6,17.0
10724,10.0,1,10.0
10725,10.0,1,10.0
10726,10.0,1,10.0
10727,10.0,1,10.0
10728,10.0,1,10.0
10729,10.0,1,10.0
10730,10.0,6,17.0
10731,10.0,1,10.0
10732,10.0,1,10.0
10733,10.0,1,10.0
10734,10.0,7,7.0
10735,10.0,1,10.0
10736,10.0,4,8.0
10737,10.0,1,10.0
10738,10.0,1,10.0
10739,10.0,7,7.0
10740,10.0,8,4.0
10741,10.0,1,10.0
10742,10.0,2,6.0
10743,10.0,1,10.0
10744,10.0,1,10.0
10745,10.0,6,17.0
10746,10.0,1,10.0
10747,10.0,1,10.0
10748,10.0,1,10.0
10749,10.0,1,10.0
10750,10.0,1,10.0
10751,10.0,6,17.0
10752,10.0,8,4.0
10753,10.0,7,7.0
10754,10.0,1,10.0
10755,10.0,1,10.0
10756,10.0,6,17.0
10757,10.0,6,17.0
10758,10.0,4,8.0
10759,10.0,1,10.0
10760,10.0,8,4.0
10761,10.0,1,10.0
10762,10.0,1,10.0
10763,10.0,1,10.0
10764,10.0,1,10.0
10765,10.0,1,10.0
10766,10.0,6,17.0
10767,10.0,7,7.0
10768,10.0,6,17.0
10769,10.0,1,10.0
10770,10.0,1,10.0
10771,10.0,1,10.0
10772,10.0,1,10.0
10773,10.0,2,6.0
10774,10.0,8,4.0
10775,10.0,1,10.0
10776,10.0,6,17.0
10777,10.0,1,10.0
10778,10.0,1,10.0
10779,10.0,1,10.0
10780,10.0,1,10.0
10781,10.0,1,10.0
10782,10.0,1,10.0
10783,10.0,1,10.0
10784,10.0,6,17.0
10785,10.0,1,10.0
10786,10.0,1,10.0
10787,10.0,1,10.0
10788,10.0,1,10.0
10789,10.0,1,10.0
10790,10.0,1,10.0
10791,10.0,6,17.0
10792,10.0,8,4.0
10793,10.0,1,10.0
10794,10.0,1,10.0
10795,10.0,6,17.0
10796,10.0,1,10.0
10797,10.0,1,10.0
10798,10.0,1,10.0
10799,10.0,1,10.0
10800,10.0,8,4.0
10801,10.0,1,10.0
10802,10.0,8,4.0
10803,10.0,1,10.0
10804,10.0,6,17.0
10805,10.0,6,17.0
10806,10.0,1,10.0
10807,10.0,1,10.0
10808,10.0,1,10.0
10809,10.0,6,17.0
10810,10.0,1,10.0
10811,10.0,6,17.0
10812,10.0,1,10.0
10813,10.0,6,17.0
10814,10.0,1,10.0
10815,10.0,1,10.0
10816,10.0,8,4.0
10817,10.0,1,10.0
10818,10.0,7,7.0
10819,10.0,6,17.0
10820,10.0,1,10.0
10821,10.0,6,17.0
10822,10.0,1,10.0
10823,10.0,6,17.0
10824,10.0,1,10.0
10825,10.0,1,10.0
10826,10.0,1,10.0
10827,10.0,7,7.0
10828,10.0,1,10.0
10829,10.0,1,10.0
10830,10.0,1,10.0
10831,10.0,6,17.0
10832,10.0,2,6.0
10833,10.0,1,10.0
10834,10.0,6,17.0
10835,10.0,5,2.0
10836,10.0,1,10.0
10837,10.0,1,10.0
10838,10.0,6,17.0
10839,10.0,8,4.0
10840,10.0,8,4.0
10841,10.0,2,6.0
10842,10.0,8,4.0
10843,10.0,1,10.0
10844,10.0,1,10.0
10845,10.0,1,10.0
10846,10.0,1,10.0
10847,10.0,1,10.0
10848,10.0,5,2.0
10849,10.0,6,17.0
10850,10.0,8,4.0
10851,10.0,8,4.0
10852,10.0,8,4.0
10853,10.0,5,2.0
10854,10.0,1,10.0
10855,10.0,6,17.0
10856,10.0,1,10.0
10857,10.0,6,17.0
10858,10.0,1,10.0
10859,10.0,1,10.0
10860,10.0,6,17.0
10861,10.0,8,4.0
10862,10.0,1,10.0
10863,10.0,3,18.0
10864,10.0,1,10.0
10865,10.0,1,10.0
10866,10.0,1,10.0
10867,10.0,1,10.0
10868,10.0,1,10.0
10869,10.0,1,10.0
10870,10.0,1,10.0
10871,10.0,1,10.0
10872,10.0,1,10.0
10873,10.0,1,10.0
10874,10.0,6,17.0
10875,10.0,8,4.0
10876,10.0,6,17.0
10877,10.0,6,17.0
10878,10.0,8,4.0
10879,10.0,6,17.0
10880,10.0,8,4.0
10881,10.0,1,10.0
10882,10.0,7,7.0
10883,10.0,6,17.0
10884,10.0,6,17.0
10885,10.0,6,17.0
10886,10.0,6,17.0
10887,10.0,1,10.0
10888,10.0,8,4.0
10889,10.0,8,4.0
10890,10.0,1,10.0
10891,10.0,6,17.0
10892,10.0,1,10.0
10893,10.0,1,10.0
10894,10.0,2,6.0
10895,10.0,1,10.0
10896,10.0,6,17.0
10897,10.0,1,10.0
10898,10.0,1,10.0
10899,10.0,1,10.0
10900,10.0,6,17.0
10901,10.0,1,10.0
10902,10.0,3,18.0
10903,10.0,3,18.0
10904,10.0,7,7.0
10905,10.0,7,7.0
10906,10.0,7,7.0
10907,10.0,1,10.0
10908,10.0,6,17.0
10909,10.0,7,7.0
10910,10.0,1,10.0
10911,10.0,1,10.0
10912,10.0,6,17.0
10913,10.0,2,6.0
10914,10.0,6,17.0
10915,10.0,1,10.0
10916,10.0,1,10.0
10917,10.0,1,10.0
10918,10.0,6,17.0
10919,10.0,1,10.0
10920,10.0,1,10.0
10921,10.0,1,10.0
10922,10.0,1,10.0
10923,10.0,1,10.0
10924,10.0,1,10.0
10925,10.0,1,10.0
10926,10.0,1,10.0
10927,10.0,6,17.0
10928,10.0,1,10.0
10929,10.0,1,10.0
10930,10.0,1,10.0
10931,10.0,6,17.0
10932,10.0,6,17.0
10933,10.0,1,10.0
10934,10.0,8,4.0
10935,10.0,1,10.0
10936,10.0,1,10.0
10937,10.0,1,10.0
10938,10.0,1,10.0
10939,10.0,1,10.0
10940,10.0,1,10.0
10941,10.0,1,10.0
10942,10.0,6,17.0
10943,10.0,1,10.0
10944,10.0,1,10.0
10945,10.0,1,10.0
10946,10.0,6,17.0
10947,10.0,1,10.0
10948,10.0,6,17.0
10949,10.0,1,10.0
10950,10.0,1,10.0
10951,10.0,8,4.0
10952,10.0,1,10.0
10953,10.0,1,10.0
10954,10.0,6,17.0
10955,10.0,8,4.0
10956,10.0,6,17.0
10957,10.0,6,17.0
10958,10.0,6,17.0
10959,10.0,2,6.0
10960,10.0,1,10.0
10961,10.0,6,17.0
10962,10.0,2,6.0
10963,10.0,7,7.0
10964,10.0,1,10.0
10965,10.0,1,10.0
10966,10.0,1,10.0
10967,10.0,1,10.0
10968,10.0,1,10.0
10969,10.0,1,10.0
10970,10.0,6,17.0
10971,10.0,1,10.0
10972,10.0,1,10.0
10973,10.0,1,10.0
10974,10.0,8,4.0
10975,10.0,1,10.0
10976,10.0,6,17.0
10977,10.0,7,7.0
10978,10.0,6,17.0
10979,10.0,1,10.0
10980,10.0,1,10.0
10981,10.0,1,10.0
10982,10.0,1,10.0
10983,10.0,7,7.0
10984,10.0,6,17.0
10985,10.0,6,17.0
10986,10.0,1,10.0
10987,10.0,1,10.0
10988,10.0,6,17.0
10989,10.0,1,10.0
10990,10.0,1,10.0
10991,10.0,8,4.0
10992,10.0,8,4.0
10993,10.0,7,7.0
10994,10.0,7,7.0
10995,10.0,2,6.0
10996,10.0,1,10.0
10997,10.0,1,10.0
10998,10.0,1,10.0
10999,10.0,1,10.0
11000,10.0,6,17.0
11001,10.0,1,10.0
11002,10.0,1,10.0
11003,10.0,1,10.0
11004,10.0,1,10.0
11005,10.0,1,10.0
11006,10.0,1,10.0
11007,10.0,7,7.0
11008,10.0,1,10.0
11009,10.0,8,4.0
11010,10.0,1,10.0
11011,10.0,1,10.0
11012,10.0,1,10.0
11013,10.0,6,17.0
11014,10.0,1,10.0
11015,10.0,1,10.0
11016,10.0,1,10.0
11017,10.0,1,10.0
11018,10.0,1,10.0
11019,10.0,1,10.0
11020,10.0,1,10.0
11021,10.0,1,10.0
11022,10.0,1,10.0
11023,10.0,1,10.0
11024,10.0,1,10.0
11025,10.0,1,10.0
11026,10.0,8,4.0
11027,10.0,1,10.0
11028,10.0,1,10.0
11029,10.0,6,17.0
11030,10.0,1,10.0
11031,10.0,1,10.0
11032,10.0,1,10.0
11033,10.0,6,17.0
11034,10.0,6,17.0
11035,10.0,6,17.0
11036,10.0,1,10.0
11037,10.0,1,10.0
11038,10.0,1,10.0
11039,10.0,1,10.0
11040,10.0,1,10.0
11041,10.0,1,10.0
11042,10.0,1,10.0
11043,10.0,1,10.0
11044,10.0,1,10.0
11045,10.0,6,17.0
11046,10.0,8,4.0
11047,10.0,8,4.0
11048,10.0,3,18.0
11049,10.0,1,10.0
11050,10.0,1,10.0
11051,10.0,3,18.0
11052,10.0,1,10.0
11053,10.0,2,6.0
11054,10.0,6,17.0
11055,10.0,6,17.0
11056,10.0,1,10.0
11057,10.0,1,10.0
11058,10.0,1,10.0
11059,10.0,7,7.0
11060,10.0,6,17.0
11061,10.0,1,10.0
11062,10.0,1,10.0
11063,10.0,1,10.0
11064,10.0,1,10.0
11065,10.0,1,10.0
11066,10.0,1,10.0
11067,10.0,1,10.0
11068,10.0,3,18.0
11069,10.0,1,10.0
11070,10.0,8,4.0
11071,10.0,1,10.0
11072,10.0,1,10.0
11073,10.0,1,10.0
11074,10.0,1,10.0
11075,10.0,1,10.0
11076,10.0,1,10.0
11077,10.0,8,4.0
11078,10.0,6,17.0
11079,10.0,1,10.0
11080,10.0,6,17.0
11081,10.0,6,17.0
11082,10.0,6,17.0
11083,10.0,1,10.0
11084,10.0,1,10.0
11085,10.0,8,4.0
11086,10.0,6,17.0
11087,10.0,8,4.0
11088,10.0,6,17.0
11089,10.0,1,10.0
11090,10.0,1,10.0
11091,10.0,1,10.0
11092,10.0,1,10.0
11093,10.0,1,10.0
11094,10.0,2,6.0
11095,10.0,8,4.0
11096,10.0,8,4.0
11097,10.0,1,10.0
11098,10.0,1,10.0
11099,10.0,1,10.0
11100,10.0,1,10.0
11101,10.0,8,4.0
11102,10.0,1,10.0
11103,10.0,1,10.0
11104,10.0,1,10.0
11105,10.0,1,10.0
11106,10.0,1,10.0
11107,10.0,1,10.0
11108,10.0,6,17.0
11109,10.0,1,10.0
11110,10.0,1,10.0
11111,10.0,1,10.0
11112,10.0,8,4.0
11113,10.0,1,10.0
11114,10.0,1,10.0
11115,10.0,6,17.0
11116,10.0,6,17.0
11117,10.0,6,17.0
11118,10.0,6,17.0
11119,10.0,1,10.0
11120,10.0,2,6.0
11121,10.0,6,17.0
11122,10.0,1,10.0
11123,10.0,1,10.0
11124,10.0,8,4.0
11125,10.0,6,17.0
11126,10.0,6,17.0
11127,10.0,6,17.0
11128,10.0,6,17.0
11129,10.0,1,10.0
11130,10.0,8,4.0
11131,10.0,1,10.0
11132,10.0,6,17.0
11133,10.0,1,10.0
11134,10.0,1,10.0
11135,10.0,1,10.0
11136,10.0,8,4.0
11137,10.0,8,4.0
11138,10.0,1,10.0
11139,10.0,1,10.0
11140,10.0,1,10.0
11141,10.0,1,10.0
11142,10.0,6,17.0
11143,10.0,1,10.0
11144,10.0,8,4.0
11145,10.0,1,10.0
11146,10.0,6,17.0
11147,10.0,1,10.0
11148,10.0,1,10.0
11149,10.0,1,10.0
11150,10.0,1,10.0
11151,10.0,1,10.0
11152,10.0,6,17.0
11153,10.0,2,6.0
11154,10.0,2,6.0
11155,10.0,1,10.0
11156,10.0,6,17.0
11157,10.0,1,10.0
11158,10.0,6,17.0
11159,10.0,1,10.0
11160,10.0,8,4.0
11161,10.0,6,17.0
11162,10.0,1,10.0
11163,10.0,1,10.0
11164,10.0,1,10.0
11165,10.0,1,10.0
11166,10.0,1,10.0
11167,10.0,1,10.0
11168,10.0,6,17.0
11169,10.0,6,17.0
11170,10.0,6,17.0
11171,10.0,1,10.0
11172,10.0,1,10.0
11173,10.0,1,10.0
11174,10.0,1,10.0
11175,10.0,1,10.0
11176,10.0,1,10.0
11177,10.0,6,17.0
11178,10.0,6,17.0
11179,10.0,1,10.0
11180,10.0,1,10.0
11181,10.0,7,7.0
11182,10.0,5,2.0
11183,10.0,5,2.0
11184,10.0,1,10.0
11185,10.0,6,17.0
11186,10.0,8,4.0
11187,10.0,1,10.0
11188,10.0,1,10.0
11189,10.0,1,10.0
11190,10.0,6,17.0
11191,10.0,1,10.0
11192,10.0,6,17.0
11193,10.0,6,17.0
11194,10.0,6,17.0
11195,10.0,1,10.0
11196,10.0,1,10.0
11197,10.0,1,10.0
11198,10.0,1,10.0
11199,10.0,1,10.0
11200,10.0,1,10.0
11201,10.0,1,10.0
11202,10.0,1,10.0
11203,10.0,1,10.0
11204,10.0,6,17.0
11205,10.0,1,10.0
11206,10.0,8,4.0
11207,10.0,6,17.0
11208,10.0,6,17.0
11209,10.0,6,17.0
11210,10.0,1,10.0
11211,10.0,1,10.0
11212,10.0,6,17.0
11213,10.0,1,10.0
11214,10.0,8,4.0
11215,10.0,1,10.0
11216,10.0,1,10.0
11217,10.0,1,10.0
11218,10.0,1,10.0
11219,10.0,1,10.0
11220,10.0,1,10.0
11221,10.0,6,17.0
11222,10.0,1,10.0
11223,10.0,1,10.0
11224,10.0,6,17.0
11225,10.0,1,10.0
11226,10.0,1,10.0
11227,10.0,2,6.0
11228,10.0,6,17.0
11229,10.0,1,10.0
11230,10.0,1,10.0
11231,10.0,1,10.0
11232,10.0,1,10.0
11233,10.0,1,10.0
11234,10.0,1,10.0
11235,10.0,7,7.0
11236,10.0,7,7.0
11237,10.0,7,7.0
11238,10.0,8,4.0
11239,10.0,1,10.0
11240,10.0,1,10.0
11241,10.0,1,10.0
11242,10.0,1,10.0
11243,10.0,1,10.0
11244,10.0,8,4.0
11245,10.0,1,10.0
11246,10.0,6,17.0
11247,10.0,1,10.0
11248,10.0,1,10.0
11249,10.0,1,10.0
11250,10.0,6,17.0
11251,10.0,1,10.0
11252,10.0,8,4.0
11253,10.0,1,10.0
11254,10.0,1,10.0
11255,10.0,8,4.0
11256,10.0,1,10.0
11257,10.0,8,4.0
11258,10.0,0,9.0
11259,10.0,1,10.0
11260,10.0,6,17.0
11261,10.0,1,10.0
11262,10.0,6,17.0
11263,10.0,1,10.0
11264,10.0,1,10.0
11265,10.0,6,17.0
11266,10.0,1,10.0
11267,10.0,1,10.0
11268,10.0,1,10.0
11269,10.0,6,17.0
11270,10.0,6,17.0
11271,10.0,6,17.0
11272,10.0,2,6.0
11273,10.0,1,10.0
11274,10.0,1,10.0
11275,10.0,1,10.0
11276,10.0,6,17.0
11277,10.0,1,10.0
11278,10.0,1,10.0
11279,10.0,1,10.0
11280,10.0,1,10.0
11281,10.0,6,17.0
11282,10.0,6,17.0
11283,10.0,6,17.0
11284,10.0,1,10.0
11285,10.0,8,4.0
11286,10.0,6,17.0
11287,10.0,1,10.0
11288,10.0,8,4.0
11289,10.0,6,17.0
11290,10.0,1,10.0
11291,10.0,1,10.0
11292,10.0,1,10.0
11293,10.0,5,2.0
11294,10.0,1,10.0
11295,10.0,1,10.0
11296,10.0,1,10.0
11297,10.0,1,10.0
11298,10.0,1,10.0
11299,10.0,1,10.0
11300,10.0,1,10.0
11301,10.0,8,4.0
11302,10.0,2,6.0
11303,10.0,2,6.0
11304,10.0,1,10.0
11305,10.0,1,10.0
11306,10.0,1,10.0
11307,10.0,6,17.0
11308,10.0,6,17.0
11309,10.0,1,10.0
11310,10.0,8,4.0
11311,10.0,1,10.0
11312,10.0,1,10.0
11313,10.0,8,4.0
11314,10.0,8,4.0
11315,10.0,1,10.0
11316,10.0,8,4.0
11317,10.0,0,9.0
11318,10.0,1,10.0
11319,10.0,1,10.0
11320,10.0,6,17.0
11321,10.0,6,17.0
11322,10.0,1,10.0
11323,10.0,1,10.0
11324,10.0,1,10.0
11325,10.0,1,10.0
11326,10.0,1,10.0
11327,10.0,8,4.0
11328,10.0,6,17.0
11329,10.0,1,10.0
11330,10.0,1,10.0
11331,10.0,1,10.0
11332,10.0,6,17.0
11333,10.0,1,10.0
11334,10.0,1,10.0
11335,10.0,6,17.0
11336,10.0,6,17.0
11337,10.0,1,10.0
11338,10.0,1,10.0
11339,10.0,1,10.0
11340,10.0,1,10.0
11341,10.0,8,4.0
11342,10.0,6,17.0
11343,10.0,8,4.0
11344,10.0,1,10.0
11345,10.0,6,17.0
11346,10.0,6,17.0
11347,10.0,2,6.0
11348,10.0,1,10.0
11349,10.0,1,10.0
11350,10.0,6,17.0
11351,10.0,1,10.0
11352,10.0,1,10.0
11353,10.0,1,10.0
11354,10.0,8,4.0
11355,10.0,8,4.0
11356,10.0,3,18.0
11357,10.0,1,10.0
11358,10.0,8,4.0
11359,10.0,1,10.0
11360,10.0,6,17.0
11361,10.0,1,10.0
11362,10.0,6,17.0
11363,10.0,6,17.0
11364,10.0,1,10.0
11365,10.0,1,10.0
11366,10.0,2,6.0
11367,10.0,3,18.0
11368,10.0,6,17.0
11369,10.0,1,10.0
11370,10.0,1,10.0
11371,10.0,1,10.0
11372,10.0,8,4.0
11373,10.0,1,10.0
11374,10.0,1,10.0
11375,10.0,1,10.0
11376,10.0,8,4.0
11377,10.0,6,17.0
11378,10.0,8,4.0
11379,10.0,5,2.0
11380,10.0,1,10.0
11381,10.0,1,10.0
11382,10.0,1,10.0
11383,10.0,1,10.0
11384,10.0,6,17.0
11385,10.0,5,2.0
11386,10.0,1,10.0
11387,10.0,1,10.0
11388,10.0,8,4.0
11389,10.0,6,17.0
11390,10.0,1,10.0
11391,10.0,6,17.0
11392,10.0,8,4.0
11393,10.0,8,4.0
11394,10.0,6,17.0
11395,10.0,1,10.0
11396,10.0,8,4.0
11397,10.0,8,4.0
11398,10.0,1,10.0
11399,10.0,1,10.0
11400,10.0,8,4.0
11401,10.0,1,10.0
11402,10.0,1,10.0
11403,10.0,1,10.0
11404,10.0,2,6.0
11405,10.0,6,17.0
11406,10.0,1,10.0
11407,10.0,1,10.0
11408,10.0,1,10.0
11409,10.0,6,17.0
11410,10.0,1,10.0
11411,10.0,1,10.0
11412,10.0,8,4.0
11413,10.0,6,17.0
11414,10.0,1,10.0
11415,10.0,1,10.0
11416,10.0,1,10.0
11417,10.0,1,10.0
11418,10.0,7,7.0
11419,10.0,1,10.0
11420,10.0,0,9.0
11421,10.0,1,10.0
11422,10.0,1,10.0
11423,10.0,1,10.0
11424,10.0,8,4.0
11425,10.0,1,10.0
11426,10.0,8,4.0
11427,10.0,1,10.0
11428,10.0,6,17.0
11429,10.0,7,7.0
11430,10.0,6,17.0
11431,10.0,7,7.0
11432,10.0,7,7.0
11433,10.0,5,2.0
11434,10.0,1,10.0
11435,10.0,1,10.0
11436,10.0,5,2.0
11437,10.0,1,10.0
11438,10.0,1,10.0
11439,10.0,1,10.0
11440,10.0,1,10.0
11441,10.0,1,10.0
11442,10.0,6,17.0
11443,10.0,1,10.0
11444,10.0,6,17.0
11445,10.0,1,10.0
11446,10.0,1,10.0
11447,10.0,1,10.0
11448,10.0,6,17.0
11449,10.0,1,10.0
11450,10.0,6,17.0
11451,10.0,1,10.0
11452,10.0,1,10.0
11453,10.0,1,10.0
11454,10.0,1,10.0
11455,10.0,6,17.0
11456,10.0,1,10.0
11457,10.0,6,17.0
11458,10.0,1,10.0
11459,10.0,1,10.0
11460,10.0,8,4.0
11461,10.0,1,10.0
11462,10.0,6,17.0
11463,10.0,7,7.0
11464,10.0,1,10.0
11465,10.0,1,10.0
11466,10.0,1,10.0
11467,10.0,1,10.0
11468,10.0,1,10.0
11469,10.0,0,9.0
11470,10.0,1,10.0
11471,10.0,6,17.0
11472,10.0,8,4.0
11473,10.0,1,10.0
11474,10.0,8,4.0
11475,10.0,1,10.0
11476,10.0,1,10.0
11477,10.0,1,10.0
11478,10.0,1,10.0
11479,10.0,5,2.0
11480,10.0,1,10.0
11481,10.0,1,10.0
11482,10.0,1,10.0
11483,10.0,7,7.0
11484,10.0,1,10.0
11485,10.0,1,10.0
11486,10.0,1,10.0
11487,10.0,1,10.0
11488,10.0,1,10.0
11489,10.0,7,7.0
11490,10.0,1,10.0
11491,10.0,8,4.0
11492,10.0,8,4.0
11493,10.0,1,10.0
11494,10.0,1,10.0
11495,10.0,1,10.0
11496,10.0,1,10.0
11497,10.0,1,10.0
11498,10.0,2,6.0
11499,10.0,1,10.0
11500,10.0,1,10.0
11501,10.0,1,10.0
11502,10.0,1,10.0
11503,10.0,1,10.0
11504,10.0,1,10.0
11505,10.0,1,10.0
11506,10.0,1,10.0
11507,10.0,6,17.0
11508,10.0,6,17.0
11509,10.0,1,10.0
11510,10.0,1,10.0
11511,10.0,1,10.0
11512,10.0,1,10.0
11513,10.0,1,10.0
11514,10.0,1,10.0
11515,10.0,5,2.0
11516,10.0,1,10.0
11517,10.0,8,4.0
11518,10.0,8,4.0
11519,10.0,1,10.0
11520,10.0,8,4.0
11521,10.0,6,17.0
11522,10.0,1,10.0
11523,10.0,2,6.0
11524,10.0,8,4.0
11525,10.0,1,10.0
11526,10.0,6,17.0
11527,10.0,8,4.0
11528,10.0,8,4.0
11529,10.0,6,17.0
11530,10.0,7,7.0
11531,10.0,6,17.0
11532,10.0,6,17.0
11533,10.0,1,10.0
11534,10.0,1,10.0
11535,10.0,1,10.0
11536,10.0,1,10.0
11537,10.0,1,10.0
11538,10.0,1,10.0
11539,10.0,1,10.0
11540,10.0,1,10.0
11541,10.0,8,4.0
11542,10.0,1,10.0
11543,10.0,1,10.0
11544,10.0,6,17.0
11545,10.0,1,10.0
11546,10.0,1,10.0
11547,10.0,1,10.0
11548,10.0,1,10.0
11549,10.0,1,10.0
11550,10.0,6,17.0
11551,10.0,8,4.0
11552,10.0,1,10.0
11553,10.0,8,4.0
11554,10.0,3,18.0
11555,10.0,1,10.0
11556,10.0,6,17.0
11557,10.0,0,9.0
11558,10.0,1,10.0
11559,10.0,1,10.0
11560,10.0,1,10.0
11561,10.0,8,4.0
11562,10.0,1,10.0
11563,10.0,1,10.0
11564,10.0,1,10.0
11565,10.0,1,10.0
11566,10.0,1,10.0
11567,10.0,1,10.0
11568,10.0,0,9.0
11569,10.0,6,17.0
11570,10.0,1,10.0
11571,10.0,7,7.0
11572,10.0,7,7.0
11573,10.0,1,10.0
11574,10.0,1,10.0
11575,10.0,1,10.0
11576,10.0,1,10.0
11577,10.0,8,4.0
11578,10.0,8,4.0
11579,10.0,1,10.0
11580,10.0,1,10.0
11581,10.0,1,10.0
11582,10.0,1,10.0
11583,10.0,1,10.0
11584,10.0,2,6.0
11585,10.0,7,7.0
11586,10.0,1,10.0
11587,10.0,1,10.0
11588,10.0,1,10.0
11589,10.0,1,10.0
11590,10.0,6,17.0
11591,10.0,6,17.0
11592,10.0,8,4.0
11593,10.0,1,10.0
11594,10.0,6,17.0
11595,10.0,1,10.0
11596,10.0,3,18.0
11597,10.0,8,4.0
11598,10.0,8,4.0
11599,10.0,6,17.0
11600,10.0,1,10.0
11601,10.0,6,17.0
11602,10.0,6,17.0
11603,10.0,6,17.0
11604,10.0,6,17.0
11605,10.0,1,10.0
11606,10.0,1,10.0
11607,10.0,0,9.0
11608,10.0,1,10.0
11609,10.0,7,7.0
11610,10.0,8,4.0
11611,10.0,1,10.0
11612,10.0,8,4.0
11613,10.0,1,10.0
11614,10.0,1,10.0
11615,10.0,6,17.0
11616,10.0,5,2.0
11617,10.0,1,10.0
11618,10.0,1,10.0
11619,10.0,1,10.0
11620,10.0,1,10.0
11621,10.0,8,4.0
11622,10.0,1,10.0
11623,10.0,1,10.0
11624,10.0,1,10.0
11625,10.0,5,2.0
11626,10.0,8,4.0
11627,10.0,1,10.0
11628,10.0,8,4.0
11629,10.0,1,10.0
11630,10.0,1,10.0
11631,10.0,1,10.0
11632,10.0,1,10.0
11633,10.0,1,10.0
11634,10.0,1,10.0
11635,10.0,5,2.0
11636,10.0,1,10.0
11637,10.0,8,4.0
11638,10.0,1,10.0
11639,10.0,1,10.0
11640,10.0,1,10.0
11641,10.0,1,10.0
11642,10.0,8,4.0
11643,10.0,8,4.0
11644,10.0,1,10.0
11645,10.0,1,10.0
11646,10.0,0,9.0
11647,10.0,0,9.0
11648,10.0,6,17.0
11649,10.0,6,17.0
11650,10.0,8,4.0
11651,10.0,1,10.0
11652,10.0,1,10.0
11653,10.0,8,4.0
11654,10.0,8,4.0
11655,10.0,8,4.0
11656,10.0,1,10.0
11657,10.0,1,10.0
11658,10.0,1,10.0
11659,10.0,1,10.0
11660,10.0,3,18.0
11661,10.0,3,18.0
11662,10.0,1,10.0
11663,10.0,8,4.0
11664,10.0,6,17.0
11665,10.0,1,10.0
11666,10.0,8,4.0
11667,10.0,1,10.0
11668,10.0,1,10.0
11669,10.0,6,17.0
11670,10.0,0,9.0
11671,10.0,1,10.0
11672,10.0,6,17.0
11673,10.0,1,10.0
11674,10.0,1,10.0
11675,10.0,8,4.0
11676,10.0,1,10.0
11677,10.0,1,10.0
11678,10.0,1,10.0
11679,10.0,1,10.0
11680,10.0,6,17.0
11681,10.0,0,9.0
11682,10.0,2,6.0
11683,10.0,6,17.0
11684,10.0,6,17.0
11685,10.0,1,10.0
11686,10.0,2,6.0
11687,10.0,1,10.0
11688,10.0,8,4.0
11689,10.0,8,4.0
11690,10.0,6,17.0
11691,10.0,1,10.0
11692,10.0,6,17.0
11693,10.0,1,10.0
11694,10.0,7,7.0
11695,10.0,1,10.0
11696,10.0,1,10.0
11697,10.0,1,10.0
11698,10.0,1,10.0
11699,10.0,1,10.0
11700,10.0,6,17.0
11701,10.0,1,10.0
11702,10.0,1,10.0
11703,10.0,1,10.0
11704,10.0,5,2.0
11705,10.0,6,17.0
11706,10.0,8,4.0
11707,10.0,8,4.0
11708,10.0,1,10.0
11709,10.0,1,10.0
11710,10.0,1,10.0
11711,10.0,1,10.0
11712,10.0,1,10.0
11713,10.0,6,17.0
11714,10.0,1,10.0
11715,10.0,1,10.0
11716,10.0,1,10.0
11717,10.0,1,10.0
11718,10.0,6,17.0
11719,10.0,1,10.0
11720,10.0,6,17.0
11721,10.0,1,10.0
11722,10.0,1,10.0
11723,10.0,1,10.0
11724,10.0,1,10.0
11725,10.0,2,6.0
11726,10.0,1,10.0
11727,10.0,1,10.0
11728,10.0,7,7.0
11729,10.0,1,10.0
11730,10.0,1,10.0
11731,10.0,1,10.0
11732,10.0,6,17.0
11733,10.0,1,10.0
11734,10.0,2,6.0
11735,10.0,1,10.0
11736,10.0,1,10.0
11737,10.0,0,9.0
11738,10.0,8,4.0
11739,10.0,8,4.0
11740,10.0,3,18.0
11741,10.0,1,10.0
11742,10.0,1,10.0
11743,10.0,6,17.0
11744,10.0,1,10.0
11745,10.0,1,10.0
11746,10.0,1,10.0
11747,10.0,1,10.0
11748,10.0,1,10.0
11749,10.0,8,4.0
11750,10.0,6,17.0
11751,10.0,1,10.0
11752,10.0,1,10.0
11753,10.0,1,10.0
11754,10.0,8,4.0
11755,10.0,1,10.0
11756,10.0,1,10.0
11757,10.0,7,7.0
11758,10.0,1,10.0
11759,10.0,1,10.0
11760,10.0,1,10.0
11761,10.0,1,10.0
11762,10.0,1,10.0
11763,10.0,6,17.0
11764,10.0,6,17.0
11765,10.0,1,10.0
11766,10.0,8,4.0
11767,10.0,1,10.0
11768,10.0,1,10.0
11769,10.0,1,10.0
11770,10.0,1,10.0
11771,10.0,1,10.0
11772,10.0,6,17.0
11773,10.0,8,4.0
11774,10.0,8,4.0
11775,10.0,1,10.0
11776,10.0,1,10.0
11777,10.0,6,17.0
11778,10.0,1,10.0
11779,10.0,7,7.0
11780,10.0,1,10.0
11781,10.0,1,10.0
11782,10.0,8,4.0
11783,10.0,1,10.0
11784,10.0,1,10.0
11785,10.0,1,10.0
11786,10.0,1,10.0
11787,10.0,8,4.0
11788,10.0,1,10.0
11789,10.0,1,10.0
11790,10.0,1,10.0
11791,10.0,1,10.0
11792,10.0,8,4.0
11793,10.0,8,4.0
11794,10.0,1,10.0
11795,10.0,5,2.0
11796,10.0,1,10.0
11797,10.0,8,4.0
11798,10.0,1,10.0
11799,10.0,0,9.0
11800,10.0,3,18.0
11801,10.0,1,10.0
11802,10.0,1,10.0
11803,10.0,5,2.0
11804,10.0,1,10.0
11805,10.0,1,10.0
11806,10.0,2,6.0
11807,10.0,1,10.0
11808,10.0,1,10.0
11809,10.0,1,10.0
11810,10.0,1,10.0
11811,10.0,1,10.0
11812,10.0,6,17.0
11813,10.0,1,10.0
11814,10.0,7,7.0
11815,10.0,6,17.0
11816,10.0,1,10.0
11817,10.0,1,10.0
11818,10.0,6,17.0
11819,10.0,1,10.0
11820,10.0,6,17.0
11821,10.0,1,10.0
11822,10.0,3,18.0
11823,10.0,8,4.0
11824,10.0,0,9.0
11825,10.0,1,10.0
11826,10.0,1,10.0
11827,10.0,1,10.0
11828,10.0,7,7.0
11829,10.0,1,10.0
11830,10.0,1,10.0
11831,10.0,1,10.0
11832,10.0,1,10.0
11833,10.0,1,10.0
11834,10.0,1,10.0
11835,10.0,1,10.0
11836,10.0,3,18.0
11837,10.0,8,4.0
11838,10.0,6,17.0
11839,10.0,1,10.0
11840,10.0,1,10.0
11841,10.0,1,10.0
11842,10.0,7,7.0
11843,10.0,1,10.0
11844,10.0,1,10.0
11845,10.0,1,10.0
11846,10.0,1,10.0
11847,10.0,1,10.0
11848,10.0,1,10.0
11849,10.0,1,10.0
11850,10.0,8,4.0
11851,10.0,1,10.0
11852,10.0,1,10.0
11853,10.0,1,10.0
11854,10.0,1,10.0
11855,10.0,1,10.0
11856,10.0,1,10.0
11857,10.0,0,9.0
11858,10.0,1,10.0
11859,10.0,4,8.0
11860,10.0,1,10.0
11861,10.0,6,17.0
11862,10.0,1,10.0
11863,10.0,1,10.0
11864,10.0,1,10.0
11865,10.0,8,4.0
11866,10.0,8,4.0
11867,10.0,1,10.0
11868,10.0,1,10.0
11869,10.0,1,10.0
11870,10.0,1,10.0
11871,10.0,1,10.0
11872,10.0,6,17.0
11873,10.0,1,10.0
11874,10.0,8,4.0
11875,10.0,6,17.0
11876,10.0,6,17.0
11877,10.0,1,10.0
11878,10.0,1,10.0
11879,10.0,1,10.0
11880,10.0,1,10.0
11881,10.0,6,17.0
11882,10.0,1,10.0
11883,10.0,8,4.0
11884,10.0,6,17.0
11885,10.0,1,10.0
11886,10.0,1,10.0
11887,10.0,1,10.0
11888,10.0,0,9.0
11889,10.0,1,10.0
11890,10.0,1,10.0
11891,10.0,1,10.0
11892,10.0,1,10.0
11893,10.0,1,10.0
11894,10.0,1,10.0
11895,10.0,1,10.0
11896,10.0,6,17.0
11897,10.0,1,10.0
11898,10.0,1,10.0
11899,10.0,6,17.0
11900,10.0,6,17.0
11901,10.0,7,7.0
11902,10.0,6,17.0
11903,10.0,1,10.0
11904,10.0,1,10.0
11905,10.0,6,17.0
11906,10.0,1,10.0
11907,10.0,1,10.0
11908,10.0,6,17.0
11909,10.0,1,10.0
11910,10.0,1,10.0
11911,10.0,1,10.0
11912,10.0,1,10.0
11913,10.0,1,10.0
11914,10.0,1,10.0
11915,10.0,1,10.0
11916,10.0,1,10.0
11917,10.0,1,10.0
11918,10.0,4,8.0
11919,10.0,1,10.0
11920,10.0,1,10.0
11921,10.0,1,10.0
11922,10.0,1,10.0
11923,10.0,1,10.0
11924,10.0,6,17.0
11925,10.0,1,10.0
11926,10.0,2,6.0
11927,10.0,5,2.0
11928,10.0,1,10.0
11929,10.0,1,10.0
11930,10.0,1,10.0
11931,10.0,2,6.0
11932,10.0,1,10.0
11933,10.0,1,10.0
11934,10.0,1,10.0
11935,10.0,1,10.0
11936,10.0,1,10.0
11937,10.0,1,10.0
11938,10.0,1,10.0
11939,10.0,1,10.0
11940,10.0,4,8.0
11941,10.0,1,10.0
11942,10.0,1,10.0
11943,10.0,8,4.0
11944,10.0,1,10.0
11945,10.0,6,17.0
11946,10.0,8,4.0
11947,10.0,6,17.0
11948,10.0,6,17.0
11949,10.0,1,10.0
11950,10.0,1,10.0
11951,10.0,3,18.0
11952,10.0,1,10.0
11953,10.0,8,4.0
11954,10.0,1,10.0
11955,10.0,1,10.0
11956,10.0,1,10.0
11957,10.0,1,10.0
11958,10.0,1,10.0
11959,10.0,1,10.0
11960,10.0,1,10.0
11961,10.0,1,10.0
11962,10.0,8,4.0
11963,10.0,1,10.0
11964,10.0,8,4.0
11965,10.0,1,10.0
11966,10.0,1,10.0
11967,10.0,8,4.0
11968,10.0,1,10.0
11969,10.0,6,17.0
11970,10.0,1,10.0
11971,10.0,6,17.0
11972,10.0,6,17.0
11973,10.0,1,10.0
11974,10.0,1,10.0
11975,10.0,1,10.0
11976,10.0,8,4.0
11977,10.0,1,10.0
11978,10.0,1,10.0
11979,10.0,1,10.0
11980,10.0,1,10.0
11981,10.0,1,10.0
11982,10.0,1,10.0
11983,10.0,1,10.0
11984,10.0,1,10.0
11985,10.0,1,10.0
11986,10.0,1,10.0
11987,10.0,1,10.0
11988,10.0,1,10.0
11989,10.0,6,17.0
11990,10.0,1,10.0
11991,10.0,7,7.0
11992,10.0,8,4.0
11993,10.0,1,10.0
11994,10.0,1,10.0
11995,10.0,1,10.0
11996,10.0,1,10.0
11997,10.0,6,17.0
11998,10.0,1,10.0
11999,10.0,1,10.0
12000,10.0,1,10.0
12001,10.0,1,10.0
12002,10.0,1,10.0
12003,10.0,1,10.0
12004,10.0,1,10.0
12005,10.0,6,17.0
12006,10.0,8,4.0
12007,10.0,6,17.0
12008,10.0,1,10.0
12009,10.0,1,10.0
12010,10.0,1,10.0
12011,10.0,1,10.0
12012,10.0,1,10.0
12013,10.0,8,4.0
12014,10.0,1,10.0
12015,10.0,6,17.0
12016,10.0,1,10.0
12017,10.0,1,10.0
12018,10.0,6,17.0
12019,10.0,6,17.0
12020,10.0,1,10.0
12021,10.0,1,10.0
12022,10.0,1,10.0
12023,10.0,1,10.0
12024,10.0,6,17.0
12025,10.0,1,10.0
12026,10.0,1,10.0
12027,10.0,7,7.0
12028,10.0,7,7.0
12029,10.0,6,17.0
12030,10.0,1,10.0
12031,10.0,1,10.0
12032,10.0,6,17.0
12033,10.0,7,7.0
12034,10.0,1,10.0
12035,10.0,1,10.0
12036,10.0,1,10.0
12037,10.0,1,10.0
12038,10.0,1,10.0
12039,10.0,1,10.0
12040,10.0,3,18.0
12041,10.0,1,10.0
12042,10.0,7,7.0
12043,10.0,1,10.0
12044,10.0,1,10.0
12045,10.0,1,10.0
12046,10.0,1,10.0
12047,10.0,1,10.0
12048,10.0,1,10.0
12049,10.0,7,7.0
12050,10.0,1,10.0
12051,10.0,1,10.0
12052,10.0,6,17.0
12053,10.0,6,17.0
12054,10.0,1,10.0
12055,10.0,1,10.0
12056,10.0,1,10.0
12057,10.0,1,10.0
12058,10.0,6,17.0
12059,10.0,1,10.0
12060,10.0,8,4.0
12061,10.0,1,10.0
12062,10.0,1,10.0
12063,10.0,8,4.0
12064,10.0,1,10.0
12065,10.0,1,10.0
12066,10.0,1,10.0
12067,10.0,1,10.0
12068,10.0,1,10.0
12069,10.0,1,10.0
12070,10.0,1,10.0
12071,10.0,1,10.0
12072,10.0,8,4.0
12073,10.0,6,17.0
12074,10.0,1,10.0
12075,10.0,1,10.0
12076,10.0,7,7.0
12077,10.0,1,10.0
12078,10.0,1,10.0
12079,10.0,1,10.0
12080,10.0,1,10.0
12081,10.0,1,10.0
12082,10.0,1,10.0
12083,10.0,6,17.0
12084,10.0,6,17.0
12085,10.0,1,10.0
12086,10.0,1,10.0
12087,10.0,5,2.0
12088,10.0,1,10.0
12089,10.0,1,10.0
12090,10.0,1,10.0
12091,10.0,1,10.0
12092,10.0,1,10.0
12093,10.0,1,10.0
12094,10.0,1,10.0
12095,10.0,1,10.0
12096,10.0,2,6.0
12097,10.0,8,4.0
12098,10.0,1,10.0
12099,10.0,2,6.0
12100,10.0,1,10.0
12101,10.0,1,10.0
12102,10.0,8,4.0
12103,10.0,1,10.0
12104,10.0,1,10.0
12105,10.0,1,10.0
12106,10.0,1,10.0
12107,10.0,1,10.0
12108,10.0,2,6.0
12109,10.0,1,10.0
12110,10.0,2,6.0
12111,10.0,1,10.0
12112,10.0,6,17.0
12113,10.0,6,17.0
12114,10.0,8,4.0
12115,10.0,7,7.0
12116,10.0,0,9.0
12117,10.0,1,10.0
12118,10.0,1,10.0
12119,10.0,1,10.0
12120,10.0,6,17.0
12121,10.0,6,17.0
12122,10.0,6,17.0
12123,10.0,1,10.0
12124,10.0,1,10.0
12125,10.0,6,17.0
12126,10.0,1,10.0
12127,10.0,1,10.0
12128,10.0,6,17.0
12129,10.0,5,2.0
12130,10.0,1,10.0
12131,10.0,2,6.0
12132,10.0,6,17.0
12133,10.0,1,10.0
12134,10.0,1,10.0
12135,10.0,1,10.0
12136,10.0,6,17.0
12137,10.0,6,17.0
12138,10.0,8,4.0
12139,10.0,1,10.0
12140,10.0,6,17.0
12141,10.0,6,17.0
12142,10.0,1,10.0
12143,10.0,1,10.0
12144,10.0,1,10.0
12145,10.0,1,10.0
12146,10.0,1,10.0
12147,10.0,5,2.0
12148,10.0,6,17.0
12149,10.0,1,10.0
12150,10.0,1,10.0
12151,10.0,1,10.0
12152,10.0,1,10.0
12153,10.0,1,10.0
12154,10.0,1,10.0
12155,10.0,1,10.0
12156,10.0,1,10.0
12157,10.0,1,10.0
12158,10.0,5,2.0
12159,10.0,6,17.0
12160,10.0,1,10.0
12161,10.0,1,10.0
12162,10.0,1,10.0
12163,10.0,1,10.0
12164,10.0,0,9.0
12165,10.0,1,10.0
12166,10.0,1,10.0
12167,10.0,1,10.0
12168,10.0,6,17.0
12169,10.0,1,10.0
12170,10.0,6,17.0
12171,10.0,6,17.0
12172,10.0,1,10.0
12173,10.0,1,10.0
12174,10.0,7,7.0
12175,10.0,6,17.0
12176,10.0,6,17.0
12177,10.0,8,4.0
12178,10.0,1,10.0
12179,10.0,1,10.0
12180,10.0,8,4.0
12181,10.0,1,10.0
12182,10.0,1,10.0
12183,10.0,1,10.0
12184,10.0,7,7.0
12185,10.0,1,10.0
12186,10.0,1,10.0
12187,10.0,6,17.0
12188,10.0,1,10.0
12189,10.0,5,2.0
12190,10.0,1,10.0
12191,10.0,1,10.0
12192,10.0,8,4.0
12193,10.0,1,10.0
12194,10.0,6,17.0
12195,10.0,1,10.0
12196,10.0,1,10.0
12197,10.0,1,10.0
12198,10.0,7,7.0
12199,10.0,7,7.0
12200,10.0,1,10.0
12201,10.0,1,10.0
12202,10.0,6,17.0
12203,10.0,1,10.0
12204,10.0,6,17.0
12205,10.0,6,17.0
12206,10.0,1,10.0
12207,10.0,8,4.0
12208,10.0,1,10.0
12209,10.0,6,17.0
12210,10.0,1,10.0
12211,10.0,1,10.0
12212,10.0,1,10.0
12213,10.0,1,10.0
12214,10.0,1,10.0
12215,10.0,8,4.0
12216,10.0,1,10.0
12217,10.0,1,10.0
12218,10.0,1,10.0
12219,10.0,8,4.0
12220,10.0,8,4.0
12221,10.0,0,9.0
12222,10.0,1,10.0
12223,10.0,6,17.0
12224,10.0,1,10.0
12225,10.0,2,6.0
12226,10.0,1,10.0
12227,10.0,1,10.0
12228,10.0,6,17.0
12229,10.0,1,10.0
12230,10.0,1,10.0
12231,10.0,1,10.0
12232,10.0,1,10.0
12233,10.0,8,4.0
12234,10.0,6,17.0
12235,10.0,1,10.0
12236,10.0,6,17.0
12237,10.0,1,10.0
12238,10.0,1,10.0
12239,10.0,6,17.0
12240,10.0,5,2.0
12241,10.0,1,10.0
12242,10.0,1,10.0
12243,10.0,1,10.0
12244,10.0,1,10.0
12245,10.0,1,10.0
12246,10.0,1,10.0
12247,10.0,1,10.0
12248,10.0,6,17.0
12249,10.0,1,10.0
12250,10.0,1,10.0
12251,10.0,5,2.0
12252,10.0,6,17.0
12253,10.0,1,10.0
12254,10.0,5,2.0
12255,10.0,1,10.0
12256,10.0,1,10.0
12257,10.0,1,10.0
12258,10.0,4,8.0
12259,10.0,7,7.0
12260,10.0,1,10.0
12261,10.0,1,10.0
12262,10.0,1,10.0
12263,10.0,1,10.0
12264,10.0,1,10.0
12265,10.0,1,10.0
12266,10.0,6,17.0
12267,10.0,6,17.0
12268,10.0,1,10.0
12269,10.0,1,10.0
12270,10.0,1,10.0
12271,10.0,8,4.0
12272,10.0,1,10.0
12273,10.0,1,10.0
12274,10.0,1,10.0
12275,10.0,1,10.0
12276,10.0,3,18.0
12277,10.0,1,10.0
12278,10.0,1,10.0
12279,10.0,6,17.0
12280,10.0,1,10.0
12281,10.0,1,10.0
12282,10.0,4,8.0
12283,10.0,1,10.0
12284,10.0,1,10.0
12285,10.0,8,4.0
12286,10.0,8,4.0
12287,10.0,1,10.0
12288,10.0,6,17.0
12289,10.0,1,10.0
12290,10.0,1,10.0
12291,10.0,6,17.0
12292,10.0,6,17.0
12293,10.0,2,6.0
12294,10.0,8,4.0
12295,10.0,6,17.0
12296,10.0,6,17.0
12297,10.0,1,10.0
12298,10.0,1,10.0
12299,10.0,7,7.0
12300,10.0,7,7.0
12301,10.0,1,10.0
12302,10.0,8,4.0
12303,10.0,6,17.0
12304,10.0,8,4.0
12305,10.0,1,10.0
12306,10.0,1,10.0
12307,10.0,0,9.0
12308,10.0,1,10.0
12309,10.0,1,10.0
12310,10.0,1,10.0
12311,10.0,1,10.0
12312,10.0,0,9.0
12313,10.0,1,10.0
12314,10.0,2,6.0
12315,10.0,1,10.0
12316,10.0,1,10.0
12317,10.0,1,10.0
12318,10.0,8,4.0
12319,10.0,1,10.0
12320,10.0,6,17.0
12321,10.0,6,17.0
12322,10.0,1,10.0
12323,10.0,1,10.0
12324,10.0,8,4.0
12325,10.0,1,10.0
12326,10.0,1,10.0
12327,10.0,1,10.0
12328,10.0,2,6.0
12329,10.0,2,6.0
12330,10.0,1,10.0
12331,10.0,8,4.0
12332,10.0,1,10.0
12333,10.0,7,7.0
12334,10.0,1,10.0
12335,10.0,1,10.0
12336,10.0,5,2.0
12337,10.0,5,2.0
12338,10.0,1,10.0
12339,10.0,1,10.0
12340,10.0,1,10.0
12341,10.0,1,10.0
12342,10.0,6,17.0
12343,10.0,8,4.0
12344,10.0,2,6.0
12345,10.0,1,10.0
12346,10.0,1,10.0
12347,10.0,1,10.0
12348,10.0,2,6.0
12349,10.0,8,4.0
12350,10.0,1,10.0
12351,10.0,8,4.0
12352,10.0,8,4.0
12353,10.0,7,7.0
12354,10.0,6,17.0
12355,10.0,1,10.0
12356,10.0,1,10.0
12357,10.0,1,10.0
12358,10.0,8,4.0
12359,10.0,1,10.0
12360,10.0,1,10.0
12361,10.0,1,10.0
12362,10.0,1,10.0
12363,10.0,7,7.0
12364,10.0,8,4.0
12365,10.0,2,6.0
12366,10.0,1,10.0
12367,10.0,1,10.0
12368,10.0,1,10.0
12369,10.0,1,10.0
12370,10.0,6,17.0
12371,10.0,1,10.0
12372,10.0,1,10.0
12373,10.0,1,10.0
12374,10.0,1,10.0
12375,10.0,1,10.0
12376,10.0,6,17.0
12377,10.0,1,10.0
12378,10.0,1,10.0
12379,10.0,8,4.0
12380,10.0,6,17.0
12381,10.0,7,7.0
12382,10.0,8,4.0
12383,10.0,1,10.0
12384,10.0,6,17.0
12385,10.0,1,10.0
12386,10.0,8,4.0
12387,10.0,2,6.0
12388,10.0,8,4.0
12389,10.0,1,10.0
12390,10.0,2,6.0
12391,10.0,1,10.0
12392,10.0,1,10.0
12393,10.0,8,4.0
12394,10.0,1,10.0
12395,10.0,1,10.0
12396,10.0,8,4.0
12397,10.0,1,10.0
12398,10.0,1,10.0
12399,10.0,8,4.0
12400,10.0,1,10.0
12401,10.0,2,6.0
12402,10.0,1,10.0
12403,10.0,1,10.0
12404,10.0,1,10.0
12405,10.0,7,7.0
12406,10.0,1,10.0
12407,10.0,8,4.0
12408,10.0,1,10.0
12409,10.0,1,10.0
12410,10.0,7,7.0
12411,10.0,1,10.0
12412,10.0,6,17.0
12413,10.0,1,10.0
12414,10.0,1,10.0
12415,10.0,1,10.0
12416,10.0,1,10.0
12417,10.0,1,10.0
12418,10.0,6,17.0
12419,10.0,1,10.0
12420,10.0,1,10.0
12421,10.0,1,10.0
12422,10.0,1,10.0
12423,10.0,1,10.0
12424,10.0,1,10.0
12425,10.0,7,7.0
12426,10.0,1,10.0
12427,10.0,1,10.0
12428,10.0,1,10.0
12429,10.0,1,10.0
12430,10.0,7,7.0
12431,10.0,7,7.0
12432,10.0,2,6.0
12433,10.0,1,10.0
12434,10.0,1,10.0
12435,10.0,8,4.0
12436,10.0,7,7.0
12437,10.0,8,4.0
12438,10.0,1,10.0
12439,10.0,6,17.0
12440,10.0,8,4.0
12441,10.0,1,10.0
12442,10.0,1,10.0
12443,10.0,6,17.0
12444,10.0,1,10.0
12445,10.0,1,10.0
12446,10.0,1,10.0
12447,10.0,6,17.0
12448,10.0,1,10.0
12449,10.0,8,4.0
12450,10.0,1,10.0
12451,10.0,1,10.0
12452,10.0,6,17.0
12453,10.0,1,10.0
12454,10.0,6,17.0
12455,10.0,1,10.0
12456,10.0,1,10.0
12457,10.0,8,4.0
12458,10.0,1,10.0
12459,10.0,3,18.0
12460,10.0,1,10.0
12461,10.0,1,10.0
12462,10.0,8,4.0
12463,10.0,6,17.0
12464,10.0,7,7.0
12465,10.0,1,10.0
12466,10.0,1,10.0
12467,10.0,1,10.0
12468,10.0,6,17.0
12469,10.0,1,10.0
12470,10.0,1,10.0
12471,10.0,6,17.0
12472,10.0,7,7.0
12473,10.0,1,10.0
12474,10.0,6,17.0
12475,10.0,1,10.0
12476,10.0,7,7.0
12477,10.0,1,10.0
12478,10.0,1,10.0
12479,10.0,1,10.0
12480,10.0,1,10.0
12481,10.0,1,10.0
12482,10.0,1,10.0
12483,10.0,1,10.0
12484,10.0,6,17.0
12485,10.0,1,10.0
12486,10.0,7,7.0
12487,10.0,7,7.0
12488,10.0,1,10.0
12489,10.0,1,10.0
12490,10.0,6,17.0
12491,10.0,1,10.0
12492,10.0,2,6.0
12493,10.0,6,17.0
12494,10.0,6,17.0
12495,10.0,8,4.0
12496,10.0,1,10.0
12497,10.0,1,10.0
12498,10.0,0,9.0
12499,10.0,1,10.0
12500,10.0,8,4.0
12501,10.0,1,10.0
12502,10.0,1,10.0
12503,10.0,0,9.0
12504,10.0,6,17.0
12505,10.0,6,17.0
12506,10.0,1,10.0
12507,10.0,6,17.0
12508,10.0,6,17.0
12509,10.0,8,4.0
12510,10.0,8,4.0
12511,10.0,8,4.0
12512,10.0,1,10.0
12513,10.0,7,7.0
12514,10.0,7,7.0
12515,10.0,1,10.0
12516,10.0,1,10.0
12517,10.0,1,10.0
12518,10.0,2,6.0
12519,10.0,1,10.0
12520,10.0,7,7.0
12521,10.0,1,10.0
12522,10.0,1,10.0
12523,10.0,1,10.0
12524,10.0,1,10.0
12525,10.0,1,10.0
12526,10.0,1,10.0
12527,10.0,8,4.0
12528,10.0,1,10.0
12529,10.0,1,10.0
12530,10.0,1,10.0
12531,10.0,1,10.0
12532,10.0,1,10.0
12533,10.0,8,4.0
12534,10.0,8,4.0
12535,10.0,0,9.0
12536,10.0,1,10.0
12537,10.0,1,10.0
12538,10.0,1,10.0
12539,10.0,8,4.0
12540,10.0,1,10.0
12541,10.0,1,10.0
12542,10.0,8,4.0
12543,10.0,1,10.0
12544,10.0,8,4.0
12545,10.0,1,10.0
12546,10.0,1,10.0
12547,10.0,1,10.0
12548,10.0,6,17.0
12549,10.0,6,17.0
12550,10.0,1,10.0
12551,10.0,6,17.0
12552,10.0,3,18.0
12553,10.0,5,2.0
12554,10.0,6,17.0
12555,10.0,1,10.0
12556,10.0,3,18.0
12557,10.0,1,10.0
12558,10.0,1,10.0
12559,10.0,1,10.0
12560,10.0,1,10.0
12561,10.0,1,10.0
12562,10.0,1,10.0
12563,10.0,1,10.0
12564,10.0,1,10.0
12565,10.0,8,4.0
12566,10.0,1,10.0
12567,10.0,0,9.0
12568,10.0,8,4.0
12569,10.0,1,10.0
12570,10.0,1,10.0
12571,10.0,6,17.0
12572,10.0,1,10.0
12573,10.0,6,17.0
12574,10.0,6,17.0
12575,10.0,1,10.0
12576,10.0,6,17.0
12577,10.0,1,10.0
12578,10.0,1,10.0
12579,10.0,1,10.0
12580,10.0,1,10.0
12581,10.0,7,7.0
12582,10.0,1,10.0
12583,10.0,1,10.0
12584,10.0,1,10.0
12585,10.0,3,18.0
12586,10.0,1,10.0
12587,10.0,1,10.0
12588,10.0,1,10.0
12589,10.0,1,10.0
12590,10.0,6,17.0
12591,10.0,1,10.0
12592,10.0,1,10.0
12593,10.0,1,10.0
12594,10.0,1,10.0
12595,10.0,6,17.0
12596,10.0,1,10.0
12597,10.0,1,10.0
12598,10.0,1,10.0
12599,10.0,7,7.0
12600,10.0,1,10.0
12601,10.0,6,17.0
12602,10.0,1,10.0
12603,10.0,1,10.0
12604,10.0,1,10.0
12605,10.0,8,4.0
12606,10.0,1,10.0
12607,10.0,1,10.0
12608,10.0,7,7.0
12609,10.0,1,10.0
12610,10.0,1,10.0
12611,10.0,1,10.0
12612,10.0,1,10.0
12613,10.0,1,10.0
12614,10.0,1,10.0
12615,10.0,6,17.0
12616,10.0,1,10.0
12617,10.0,1,10.0
12618,10.0,2,6.0
12619,10.0,1,10.0
12620,10.0,1,10.0
12621,10.0,8,4.0
12622,10.0,1,10.0
12623,10.0,1,10.0
12624,10.0,6,17.0
12625,10.0,8,4.0
12626,10.0,1,10.0
12627,10.0,1,10.0
12628,10.0,1,10.0
12629,10.0,5,2.0
12630,10.0,8,4.0
12631,10.0,8,4.0
12632,10.0,1,10.0
12633,10.0,1,10.0
12634,10.0,1,10.0
12635,10.0,8,4.0
12636,10.0,1,10.0
12637,10.0,1,10.0
12638,10.0,6,17.0
12639,10.0,6,17.0
12640,10.0,1,10.0
12641,10.0,8,4.0
12642,10.0,2,6.0
12643,10.0,8,4.0
12644,10.0,1,10.0
12645,10.0,0,9.0
12646,10.0,5,2.0
12647,10.0,1,10.0
12648,10.0,1,10.0
12649,10.0,8,4.0
12650,10.0,6,17.0
12651,10.0,1,10.0
12652,10.0,1,10.0
12653,10.0,1,10.0
12654,10.0,1,10.0
12655,10.0,1,10.0
12656,10.0,6,17.0
12657,10.0,1,10.0
12658,10.0,1,10.0
12659,10.0,1,10.0
12660,10.0,6,17.0
12661,10.0,6,17.0
12662,10.0,6,17.0
12663,10.0,1,10.0
12664,10.0,1,10.0
12665,10.0,1,10.0
12666,10.0,6,17.0
12667,10.0,4,8.0
12668,10.0,1,10.0
12669,10.0,1,10.0
12670,10.0,6,17.0
12671,10.0,8,4.0
12672,10.0,8,4.0
12673,10.0,1,10.0
12674,10.0,1,10.0
12675,10.0,2,6.0
12676,10.0,6,17.0
12677,10.0,1,10.0
12678,10.0,1,10.0
12679,10.0,1,10.0
12680,10.0,1,10.0
12681,10.0,1,10.0
12682,10.0,1,10.0
12683,10.0,1,10.0
12684,10.0,1,10.0
12685,10.0,1,10.0
12686,10.0,6,17.0
12687,10.0,1,10.0
12688,10.0,7,7.0
12689,10.0,6,17.0
12690,10.0,1,10.0
12691,10.0,1,10.0
12692,10.0,6,17.0
12693,10.0,1,10.0
12694,10.0,1,10.0
12695,10.0,1,10.0
12696,10.0,1,10.0
12697,10.0,1,10.0
12698,10.0,1,10.0
12699,10.0,1,10.0
12700,10.0,1,10.0
12701,10.0,1,10.0
12702,10.0,6,17.0
12703,10.0,1,10.0
12704,10.0,1,10.0
12705,10.0,7,7.0
12706,10.0,8,4.0
12707,10.0,1,10.0
12708,10.0,1,10.0
12709,10.0,1,10.0
12710,10.0,8,4.0
12711,10.0,6,17.0
12712,10.0,2,6.0
12713,10.0,1,10.0
12714,10.0,6,17.0
12715,10.0,1,10.0
12716,10.0,6,17.0
12717,10.0,8,4.0
12718,10.0,1,10.0
12719,10.0,1,10.0
12720,10.0,1,10.0
12721,10.0,1,10.0
12722,10.0,1,10.0
12723,10.0,8,4.0
12724,10.0,1,10.0
12725,10.0,1,10.0
12726,10.0,1,10.0
12727,10.0,1,10.0
12728,10.0,6,17.0
12729,10.0,1,10.0
12730,10.0,6,17.0
12731,10.0,1,10.0
12732,10.0,6,17.0
12733,10.0,6,17.0
12734,10.0,1,10.0
12735,10.0,1,10.0
12736,10.0,1,10.0
12737,10.0,1,10.0
12738,10.0,1,10.0
12739,10.0,1,10.0
12740,10.0,1,10.0
12741,10.0,1,10.0
12742,10.0,1,10.0
12743,10.0,6,17.0
12744,10.0,1,10.0
12745,10.0,6,17.0
12746,10.0,6,17.0
12747,10.0,1,10.0
12748,10.0,0,9.0
12749,10.0,6,17.0
12750,10.0,1,10.0
12751,10.0,8,4.0
12752,10.0,2,6.0
12753,10.0,6,17.0
12754,10.0,6,17.0
12755,10.0,1,10.0
12756,10.0,1,10.0
12757,10.0,8,4.0
12758,10.0,1,10.0
12759,10.0,8,4.0
12760,10.0,1,10.0
12761,10.0,7,7.0
12762,10.0,1,10.0
12763,10.0,7,7.0
12764,10.0,6,17.0
12765,10.0,1,10.0
12766,10.0,6,17.0
12767,10.0,1,10.0
12768,10.0,1,10.0
12769,10.0,1,10.0
12770,10.0,1,10.0
12771,10.0,2,6.0
12772,10.0,1,10.0
12773,10.0,1,10.0
12774,10.0,1,10.0
12775,10.0,1,10.0
12776,10.0,1,10.0
12777,10.0,6,17.0
12778,10.0,8,4.0
12779,10.0,5,2.0
12780,10.0,1,10.0
12781,10.0,1,10.0
12782,10.0,2,6.0
12783,10.0,1,10.0
12784,10.0,1,10.0
12785,10.0,1,10.0
12786,10.0,8,4.0
12787,10.0,1,10.0
12788,10.0,1,10.0
12789,10.0,1,10.0
12790,10.0,6,17.0
12791,10.0,1,10.0
12792,10.0,6,17.0
12793,10.0,1,10.0
12794,10.0,1,10.0
12795,10.0,1,10.0
12796,10.0,1,10.0
12797,10.0,8,4.0
12798,10.0,1,10.0
12799,10.0,8,4.0
12800,10.0,1,10.0
12801,10.0,2,6.0
12802,10.0,8,4.0
12803,10.0,2,6.0
12804,10.0,6,17.0
12805,10.0,1,10.0
12806,10.0,1,10.0
12807,10.0,6,17.0
12808,10.0,1,10.0
12809,10.0,1,10.0
12810,10.0,1,10.0
12811,10.0,1,10.0
12812,10.0,8,4.0
12813,10.0,8,4.0
12814,10.0,1,10.0
12815,10.0,1,10.0
12816,10.0,1,10.0
12817,10.0,1,10.0
12818,10.0,1,10.0
12819,10.0,1,10.0
12820,10.0,1,10.0
12821,10.0,1,10.0
12822,10.0,1,10.0
12823,10.0,6,17.0
12824,10.0,1,10.0
12825,10.0,1,10.0
12826,10.0,1,10.0
12827,10.0,1,10.0
12828,10.0,1,10.0
12829,10.0,1,10.0
12830,10.0,8,4.0
12831,10.0,1,10.0
12832,10.0,1,10.0
12833,10.0,8,4.0
12834,10.0,6,17.0
12835,10.0,1,10.0
12836,10.0,1,10.0
12837,10.0,8,4.0
12838,10.0,8,4.0
12839,10.0,8,4.0
12840,10.0,1,10.0
12841,10.0,6,17.0
12842,10.0,7,7.0
12843,10.0,1,10.0
12844,10.0,1,10.0
12845,10.0,1,10.0
12846,10.0,1,10.0
12847,10.0,8,4.0
12848,10.0,1,10.0
12849,10.0,1,10.0
12850,10.0,1,10.0
12851,10.0,2,6.0
12852,10.0,1,10.0
12853,10.0,5,2.0
12854,10.0,1,10.0
12855,10.0,8,4.0
12856,10.0,5,2.0
12857,10.0,1,10.0
12858,10.0,1,10.0
12859,10.0,1,10.0
12860,10.0,6,17.0
12861,10.0,9,13.0
12862,10.0,1,10.0
12863,10.0,6,17.0
12864,10.0,1,10.0
12865,10.0,8,4.0
12866,10.0,1,10.0
12867,10.0,6,17.0
12868,10.0,6,17.0
12869,10.0,1,10.0
12870,10.0,1,10.0
12871,10.0,1,10.0
12872,10.0,2,6.0
12873,10.0,1,10.0
12874,10.0,1,10.0
12875,10.0,1,10.0
12876,10.0,8,4.0
12877,10.0,1,10.0
12878,10.0,6,17.0
12879,10.0,1,10.0
12880,10.0,8,4.0
12881,10.0,1,10.0
12882,10.0,1,10.0
12883,10.0,8,4.0
12884,10.0,6,17.0
12885,10.0,1,10.0
12886,10.0,9,13.0
12887,10.0,6,17.0
12888,10.0,7,7.0
12889,10.0,7,7.0
12890,10.0,6,17.0
12891,10.0,1,10.0
12892,10.0,6,17.0
12893,10.0,1,10.0
12894,10.0,8,4.0
12895,10.0,1,10.0
12896,10.0,1,10.0
12897,10.0,8,4.0
12898,10.0,6,17.0
12899,10.0,6,17.0
12900,10.0,1,10.0
12901,10.0,1,10.0
12902,10.0,1,10.0
12903,10.0,6,17.0
12904,10.0,8,4.0
12905,10.0,1,10.0
12906,10.0,2,6.0
12907,10.0,5,2.0
12908,10.0,1,10.0
12909,10.0,1,10.0
12910,10.0,1,10.0
12911,10.0,8,4.0
12912,10.0,1,10.0
12913,10.0,2,6.0
12914,10.0,1,10.0
12915,10.0,1,10.0
12916,10.0,1,10.0
12917,10.0,7,7.0
12918,10.0,1,10.0
12919,10.0,2,6.0
12920,10.0,6,17.0
12921,10.0,6,17.0
12922,10.0,1,10.0
12923,10.0,1,10.0
12924,10.0,8,4.0
12925,10.0,1,10.0
12926,10.0,1,10.0
12927,10.0,1,10.0
12928,10.0,1,10.0
12929,10.0,2,6.0
12930,10.0,1,10.0
12931,10.0,1,10.0
12932,10.0,8,4.0
12933,10.0,6,17.0
12934,10.0,1,10.0
12935,10.0,1,10.0
12936,10.0,8,4.0
12937,10.0,8,4.0
12938,10.0,1,10.0
12939,10.0,6,17.0
12940,10.0,2,6.0
12941,10.0,1,10.0
12942,10.0,1,10.0
12943,10.0,1,10.0
12944,10.0,8,4.0
12945,10.0,8,4.0
12946,10.0,1,10.0
12947,10.0,1,10.0
12948,10.0,1,10.0
12949,10.0,1,10.0
12950,10.0,8,4.0
12951,10.0,6,17.0
12952,10.0,1,10.0
12953,10.0,1,10.0
12954,10.0,8,4.0
12955,10.0,8,4.0
12956,10.0,6,17.0
12957,10.0,1,10.0
12958,10.0,1,10.0
12959,10.0,1,10.0
12960,10.0,6,17.0
12961,10.0,1,10.0
12962,10.0,6,17.0
12963,10.0,6,17.0
12964,10.0,1,10.0
12965,10.0,1,10.0
12966,10.0,1,10.0
12967,10.0,1,10.0
12968,10.0,8,4.0
12969,10.0,1,10.0
12970,10.0,8,4.0
12971,10.0,1,10.0
12972,10.0,6,17.0
12973,10.0,1,10.0
12974,10.0,1,10.0
12975,10.0,7,7.0
12976,10.0,1,10.0
12977,10.0,1,10.0
12978,10.0,1,10.0
12979,10.0,1,10.0
12980,10.0,1,10.0
12981,10.0,0,9.0
12982,10.0,6,17.0
12983,10.0,8,4.0
12984,10.0,6,17.0
12985,10.0,3,18.0
12986,10.0,1,10.0
12987,10.0,1,10.0
12988,10.0,1,10.0
12989,10.0,3,18.0
12990,10.0,6,17.0
12991,10.0,6,17.0
12992,10.0,1,10.0
12993,10.0,6,17.0
12994,10.0,6,17.0
12995,10.0,1,10.0
12996,10.0,1,10.0
12997,10.0,6,17.0
12998,10.0,6,17.0
12999,10.0,1,10.0
13000,10.0,1,10.0
13001,10.0,1,10.0
13002,10.0,8,4.0
13003,10.0,8,4.0
13004,10.0,1,10.0
13005,10.0,6,17.0
13006,10.0,8,4.0
13007,10.0,6,17.0
13008,10.0,6,17.0
13009,10.0,3,18.0
13010,10.0,8,4.0
13011,10.0,1,10.0
13012,10.0,1,10.0
13013,10.0,6,17.0
13014,10.0,6,17.0
13015,10.0,1,10.0
13016,10.0,1,10.0
13017,10.0,6,17.0
13018,10.0,6,17.0
13019,10.0,1,10.0
13020,10.0,1,10.0
13021,10.0,6,17.0
13022,10.0,8,4.0
13023,10.0,1,10.0
13024,10.0,8,4.0
13025,10.0,8,4.0
13026,10.0,6,17.0
13027,10.0,6,17.0
13028,10.0,1,10.0
13029,10.0,1,10.0
13030,10.0,7,7.0
13031,10.0,7,7.0
13032,10.0,7,7.0
13033,10.0,1,10.0
13034,10.0,8,4.0
13035,10.0,1,10.0
13036,10.0,6,17.0
13037,10.0,8,4.0
13038,10.0,1,10.0
13039,10.0,1,10.0
13040,10.0,1,10.0
13041,10.0,8,4.0
13042,10.0,1,10.0
13043,10.0,1,10.0
13044,10.0,8,4.0
13045,10.0,3,18.0
13046,10.0,1,10.0
13047,10.0,1,10.0
13048,10.0,1,10.0
13049,10.0,7,7.0
13050,10.0,1,10.0
13051,10.0,1,10.0
13052,10.0,1,10.0
13053,10.0,1,10.0
13054,10.0,1,10.0
13055,10.0,1,10.0
13056,10.0,1,10.0
13057,10.0,1,10.0
13058,10.0,3,18.0
13059,10.0,3,18.0
13060,10.0,2,6.0
13061,10.0,2,6.0
13062,10.0,2,6.0
13063,10.0,1,10.0
13064,10.0,8,4.0
13065,10.0,7,7.0
13066,10.0,7,7.0
13067,10.0,1,10.0
13068,10.0,8,4.0
13069,10.0,3,18.0
13070,10.0,1,10.0
13071,10.0,7,7.0
13072,10.0,1,10.0
13073,10.0,4,8.0
13074,10.0,1,10.0
13075,10.0,1,10.0
13076,10.0,8,4.0
13077,10.0,1,10.0
13078,10.0,1,10.0
13079,10.0,1,10.0
13080,10.0,1,10.0
13081,10.0,1,10.0
13082,10.0,8,4.0
13083,10.0,8,4.0
13084,10.0,8,4.0
13085,10.0,7,7.0
13086,10.0,4,8.0
13087,10.0,7,7.0
13088,10.0,3,18.0
13089,10.0,1,10.0
13090,10.0,1,10.0
13091,10.0,1,10.0
13092,10.0,7,7.0
13093,10.0,7,7.0
13094,10.0,1,10.0
13095,10.0,7,7.0
13096,10.0,1,10.0
13097,10.0,3,18.0
13098,10.0,1,10.0
13099,10.0,3,18.0
13100,10.0,8,4.0
13101,10.0,1,10.0
13102,10.0,8,4.0
13103,10.0,8,4.0
13104,10.0,1,10.0
13105,10.0,8,4.0
13106,10.0,1,10.0
13107,10.0,1,10.0
13108,10.0,5,2.0
13109,10.0,1,10.0
13110,10.0,1,10.0
13111,10.0,1,10.0
13112,10.0,3,18.0
13113,10.0,1,10.0
13114,10.0,6,17.0
13115,10.0,1,10.0
13116,10.0,5,2.0
13117,10.0,1,10.0
13118,10.0,3,18.0
13119,10.0,6,17.0
13120,10.0,1,10.0
13121,10.0,1,10.0
13122,10.0,1,10.0
13123,10.0,6,17.0
13124,10.0,6,17.0
13125,10.0,1,10.0
13126,10.0,1,10.0
13127,10.0,1,10.0
13128,10.0,1,10.0
13129,10.0,6,17.0
13130,10.0,0,9.0
13131,10.0,8,4.0
13132,10.0,6,17.0
13133,10.0,6,17.0
13134,10.0,6,17.0
13135,10.0,6,17.0
13136,10.0,6,17.0
13137,10.0,6,17.0
13138,10.0,8,4.0
13139,10.0,1,10.0
13140,10.0,8,4.0
13141,10.0,0,9.0
13142,10.0,7,7.0
13143,10.0,3,18.0
13144,10.0,1,10.0
13145,10.0,1,10.0
13146,10.0,8,4.0
13147,10.0,8,4.0
13148,10.0,8,4.0
13149,10.0,7,7.0
13150,10.0,8,4.0
13151,10.0,8,4.0
13152,10.0,1,10.0
13153,10.0,1,10.0
13154,10.0,8,4.0
13155,10.0,7,7.0
13156,10.0,1,10.0
13157,10.0,1,10.0
13158,10.0,6,17.0
13159,10.0,6,17.0
13160,10.0,1,10.0
13161,10.0,8,4.0
13162,10.0,1,10.0
13163,10.0,2,6.0
13164,10.0,2,6.0
13165,10.0,6,17.0
13166,10.0,2,6.0
13167,10.0,7,7.0
13168,10.0,1,10.0
13169,10.0,7,7.0
13170,10.0,6,17.0
13171,10.0,1,10.0
13172,10.0,1,10.0
13173,10.0,1,10.0
13174,10.0,1,10.0
13175,10.0,1,10.0
13176,10.0,1,10.0
13177,10.0,1,10.0
13178,10.0,6,17.0
13179,10.0,8,4.0
13180,10.0,6,17.0
13181,10.0,7,7.0
13182,10.0,1,10.0
13183,10.0,1,10.0
13184,10.0,1,10.0
13185,10.0,6,17.0
13186,10.0,6,17.0
13187,10.0,1,10.0
13188,10.0,6,17.0
13189,10.0,1,10.0
13190,10.0,1,10.0
13191,10.0,7,7.0
13192,10.0,1,10.0
13193,10.0,1,10.0
13194,10.0,1,10.0
13195,10.0,1,10.0
13196,10.0,6,17.0
13197,10.0,1,10.0
13198,10.0,1,10.0
13199,10.0,3,18.0
13200,10.0,1,10.0
13201,10.0,1,10.0
13202,10.0,8,4.0
13203,10.0,8,4.0
13204,10.0,3,18.0
13205,10.0,3,18.0
13206,10.0,3,18.0
13207,10.0,1,10.0
13208,10.0,1,10.0
13209,10.0,1,10.0
13210,10.0,1,10.0
13211,10.0,8,4.0
13212,10.0,1,10.0
13213,10.0,1,10.0
13214,10.0,1,10.0
13215,10.0,1,10.0
13216,10.0,1,10.0
13217,10.0,7,7.0
13218,10.0,1,10.0
13219,10.0,1,10.0
13220,10.0,1,10.0
13221,10.0,1,10.0
13222,10.0,1,10.0
13223,10.0,1,10.0
13224,10.0,2,6.0
13225,10.0,1,10.0
13226,10.0,5,2.0
13227,10.0,3,18.0
13228,10.0,2,6.0
13229,10.0,2,6.0
13230,10.0,7,7.0
13231,10.0,3,18.0
13232,10.0,1,10.0
13233,10.0,8,4.0
13234,10.0,1,10.0
13235,10.0,1,10.0
13236,10.0,1,10.0
13237,10.0,1,10.0
13238,10.0,1,10.0
13239,10.0,3,18.0
13240,10.0,1,10.0
13241,10.0,0,9.0
13242,10.0,1,10.0
13243,10.0,1,10.0
13244,10.0,1,10.0
13245,10.0,1,10.0
13246,10.0,1,10.0
13247,10.0,8,4.0
13248,10.0,1,10.0
13249,10.0,8,4.0
13250,10.0,5,2.0
13251,10.0,1,10.0
13252,10.0,8,4.0
13253,10.0,8,4.0
13254,10.0,5,2.0
13255,10.0,7,7.0
13256,10.0,1,10.0
13257,10.0,1,10.0
13258,10.0,1,10.0
13259,10.0,6,17.0
13260,10.0,6,17.0
13261,10.0,6,17.0
13262,10.0,1,10.0
13263,10.0,1,10.0
13264,10.0,3,18.0
13265,10.0,3,18.0
13266,10.0,6,17.0
13267,10.0,9,13.0
13268,10.0,9,13.0
13269,10.0,9,13.0
13270,10.0,1,10.0
13271,10.0,1,10.0
13272,10.0,1,10.0
13273,10.0,1,10.0
13274,10.0,1,10.0
13275,10.0,3,18.0
13276,10.0,8,4.0
13277,10.0,1,10.0
13278,10.0,6,17.0
13279,10.0,1,10.0
13280,10.0,6,17.0
13281,10.0,4,8.0
13282,10.0,1,10.0
13283,10.0,1,10.0
13284,10.0,6,17.0
13285,10.0,6,17.0
13286,10.0,1,10.0
13287,10.0,1,10.0
13288,10.0,1,10.0
13289,10.0,1,10.0
13290,10.0,1,10.0
13291,10.0,1,10.0
13292,10.0,7,7.0
13293,10.0,1,10.0
13294,10.0,1,10.0
13295,10.0,1,10.0
13296,10.0,3,18.0
13297,10.0,3,18.0
13298,10.0,1,10.0
13299,10.0,1,10.0
13300,10.0,2,6.0
13301,10.0,7,7.0
13302,10.0,1,10.0
13303,10.0,6,17.0
13304,10.0,1,10.0
13305,10.0,3,18.0
13306,10.0,6,17.0
13307,10.0,6,17.0
13308,10.0,6,17.0
13309,10.0,1,10.0
13310,10.0,6,17.0
13311,10.0,1,10.0
13312,10.0,1,10.0
13313,10.0,2,6.0
13314,10.0,2,6.0
13315,10.0,8,4.0
13316,10.0,1,10.0
13317,10.0,3,18.0
13318,10.0,7,7.0
13319,10.0,6,17.0
13320,10.0,1,10.0
13321,10.0,1,10.0
13322,10.0,1,10.0
13323,10.0,6,17.0
13324,10.0,1,10.0
13325,10.0,1,10.0
13326,10.0,1,10.0
13327,10.0,1,10.0
13328,10.0,1,10.0
13329,10.0,3,18.0
13330,10.0,7,7.0
13331,10.0,1,10.0
13332,10.0,1,10.0
13333,10.0,1,10.0
13334,10.0,1,10.0
13335,10.0,2,6.0
13336,10.0,1,10.0
13337,10.0,7,7.0
13338,10.0,7,7.0
13339,10.0,1,10.0
13340,10.0,3,18.0
13341,10.0,2,6.0
13342,10.0,8,4.0
13343,10.0,1,10.0
13344,10.0,1,10.0
13345,10.0,4,8.0
13346,10.0,4,8.0
13347,10.0,1,10.0
13348,10.0,2,6.0
13349,10.0,1,10.0
13350,10.0,1,10.0
13351,10.0,1,10.0
13352,10.0,1,10.0
13353,10.0,1,10.0
13354,10.0,1,10.0
13355,10.0,1,10.0
13356,10.0,1,10.0
13357,10.0,7,7.0
13358,10.0,8,4.0
13359,10.0,1,10.0
13360,10.0,8,4.0
13361,10.0,8,4.0
13362,10.0,6,17.0
13363,10.0,3,18.0
13364,10.0,1,10.0
13365,10.0,1,10.0
13366,10.0,8,4.0
13367,10.0,1,10.0
13368,10.0,1,10.0
13369,10.0,7,7.0
13370,10.0,7,7.0
13371,10.0,7,7.0
13372,10.0,7,7.0
13373,10.0,1,10.0
13374,10.0,8,4.0
13375,10.0,1,10.0
13376,10.0,1,10.0
13377,10.0,1,10.0
13378,10.0,1,10.0
13379,10.0,3,18.0
13380,10.0,6,17.0
13381,10.0,1,10.0
13382,10.0,1,10.0
13383,10.0,1,10.0
13384,10.0,7,7.0
13385,10.0,1,10.0
13386,10.0,1,10.0
13387,10.0,1,10.0
13388,10.0,1,10.0
13389,10.0,1,10.0
13390,10.0,8,4.0
13391,10.0,4,8.0
13392,10.0,1,10.0
13393,10.0,1,10.0
13394,10.0,1,10.0
13395,10.0,1,10.0
13396,10.0,1,10.0
13397,10.0,3,18.0
13398,10.0,1,10.0
13399,10.0,1,10.0
13400,10.0,3,18.0
13401,10.0,1,10.0
13402,10.0,1,10.0
13403,10.0,1,10.0
13404,10.0,1,10.0
13405,10.0,1,10.0
13406,10.0,1,10.0
13407,10.0,1,10.0
13408,10.0,1,10.0
13409,10.0,0,9.0
13410,10.0,8,4.0
13411,10.0,0,9.0
13412,10.0,1,10.0
13413,10.0,1,10.0
13414,10.0,3,18.0
13415,10.0,0,9.0
13416,10.0,7,7.0
13417,10.0,1,10.0
13418,10.0,1,10.0
13419,10.0,1,10.0
13420,10.0,6,17.0
13421,10.0,1,10.0
13422,10.0,8,4.0
13423,10.0,8,4.0
13424,10.0,3,18.0
13425,10.0,2,6.0
13426,10.0,3,18.0
13427,10.0,0,9.0
13428,10.0,1,10.0
13429,10.0,2,6.0
13430,10.0,7,7.0
13431,10.0,7,7.0
13432,10.0,3,18.0
13433,10.0,1,10.0
13434,10.0,1,10.0
13435,10.0,3,18.0
13436,10.0,3,18.0
13437,10.0,0,9.0
13438,10.0,0,9.0
13439,10.0,3,18.0
13440,10.0,1,10.0
13441,10.0,2,6.0
13442,10.0,7,7.0
13443,10.0,1,10.0
13444,10.0,1,10.0
13445,10.0,1,10.0
13446,10.0,1,10.0
13447,10.0,7,7.0
13448,10.0,2,6.0
13449,10.0,1,10.0
13450,10.0,1,10.0
13451,10.0,1,10.0
13452,10.0,8,4.0
13453,10.0,3,18.0
13454,10.0,1,10.0
13455,10.0,0,9.0
13456,10.0,1,10.0
13457,10.0,1,10.0
13458,10.0,1,10.0
13459,10.0,1,10.0
13460,10.0,1,10.0
13461,10.0,1,10.0
13462,10.0,1,10.0
13463,10.0,1,10.0
13464,10.0,1,10.0
13465,10.0,1,10.0
13466,10.0,1,10.0
13467,10.0,1,10.0
13468,10.0,1,10.0
13469,10.0,0,9.0
13470,10.0,1,10.0
13471,10.0,1,10.0
13472,10.0,1,10.0
13473,10.0,1,10.0
13474,10.0,1,10.0
13475,10.0,8,4.0
13476,10.0,1,10.0
13477,10.0,1,10.0
13478,10.0,7,7.0
13479,10.0,1,10.0
13480,10.0,4,8.0
13481,10.0,0,9.0
13482,10.0,0,9.0
13483,10.0,6,17.0
13484,10.0,7,7.0
13485,10.0,0,9.0
13486,10.0,1,10.0
13487,10.0,0,9.0
13488,10.0,1,10.0
13489,10.0,1,10.0
13490,10.0,1,10.0
13491,10.0,1,10.0
13492,10.0,8,4.0
13493,10.0,1,10.0
13494,10.0,6,17.0
13495,10.0,6,17.0
13496,10.0,1,10.0
13497,10.0,3,18.0
13498,10.0,7,7.0
13499,10.0,1,10.0
13500,10.0,1,10.0
13501,10.0,1,10.0
13502,10.0,8,4.0
13503,10.0,8,4.0
13504,10.0,8,4.0
13505,10.0,1,10.0
13506,10.0,7,7.0
13507,10.0,3,18.0
13508,10.0,7,7.0
13509,10.0,8,4.0
13510,10.0,1,10.0
13511,10.0,7,7.0
13512,10.0,1,10.0
13513,10.0,0,9.0
13514,10.0,0,9.0
13515,10.0,1,10.0
13516,10.0,7,7.0
13517,10.0,7,7.0
13518,10.0,1,10.0
13519,10.0,1,10.0
13520,10.0,1,10.0
13521,10.0,1,10.0
13522,10.0,1,10.0
13523,10.0,7,7.0
13524,10.0,7,7.0
13525,10.0,1,10.0
13526,10.0,1,10.0
13527,10.0,7,7.0
13528,10.0,0,9.0
13529,10.0,3,18.0
13530,10.0,3,18.0
13531,10.0,1,10.0
13532,10.0,1,10.0
13533,10.0,3,18.0
13534,10.0,1,10.0
13535,10.0,1,10.0
13536,10.0,0,9.0
13537,10.0,0,9.0
13538,10.0,0,9.0
13539,10.0,1,10.0
13540,10.0,7,7.0
13541,10.0,0,9.0
13542,10.0,1,10.0
13543,10.0,1,10.0
13544,10.0,1,10.0
13545,10.0,1,10.0
13546,10.0,1,10.0
13547,10.0,1,10.0
13548,10.0,7,7.0
13549,10.0,1,10.0
13550,10.0,1,10.0
13551,10.0,1,10.0
13552,10.0,1,10.0
13553,10.0,1,10.0
13554,10.0,1,10.0
13555,10.0,1,10.0
13556,10.0,7,7.0
13557,10.0,3,18.0
13558,10.0,3,18.0
13559,10.0,2,6.0
13560,10.0,1,10.0
13561,10.0,1,10.0
13562,10.0,0,9.0
13563,10.0,1,10.0
13564,10.0,1,10.0
13565,10.0,1,10.0
13566,10.0,1,10.0
13567,10.0,1,10.0
13568,10.0,2,6.0
13569,10.0,2,6.0
13570,10.0,1,10.0
13571,10.0,1,10.0
13572,10.0,1,10.0
13573,10.0,8,4.0
13574,10.0,8,4.0
13575,10.0,8,4.0
13576,10.0,3,18.0
13577,10.0,1,10.0
13578,10.0,1,10.0
13579,10.0,1,10.0
13580,10.0,8,4.0
13581,10.0,8,4.0
13582,10.0,1,10.0
13583,10.0,1,10.0
13584,10.0,8,4.0
13585,10.0,8,4.0
13586,10.0,1,10.0
13587,10.0,1,10.0
13588,10.0,1,10.0
13589,10.0,1,10.0
13590,10.0,1,10.0
13591,10.0,8,4.0
13592,10.0,8,4.0
13593,10.0,1,10.0
13594,10.0,1,10.0
13595,10.0,8,4.0
13596,10.0,8,4.0
13597,10.0,8,4.0
13598,10.0,1,10.0
13599,10.0,1,10.0
13600,10.0,1,10.0
13601,10.0,1,10.0
13602,10.0,1,10.0
13603,10.0,1,10.0
13604,10.0,1,10.0
13605,10.0,3,18.0
13606,10.0,1,10.0
13607,10.0,1,10.0
13608,10.0,1,10.0
13609,10.0,1,10.0
13610,10.0,1,10.0
13611,10.0,1,10.0
13612,10.0,1,10.0
13613,10.0,1,10.0
13614,10.0,1,10.0
13615,10.0,1,10.0
13616,10.0,1,10.0
13617,10.0,1,10.0
13618,10.0,1,10.0
13619,10.0,0,9.0
13620,10.0,3,18.0
13621,10.0,1,10.0
13622,10.0,1,10.0
13623,10.0,1,10.0
13624,10.0,1,10.0
13625,10.0,1,10.0
13626,10.0,3,18.0
13627,10.0,1,10.0
13628,10.0,3,18.0
13629,10.0,3,18.0
13630,10.0,8,4.0
13631,10.0,7,7.0
13632,10.0,1,10.0
13633,10.0,7,7.0
13634,10.0,1,10.0
13635,10.0,1,10.0
13636,10.0,1,10.0
13637,10.0,1,10.0
13638,10.0,1,10.0
13639,10.0,7,7.0
13640,10.0,1,10.0
13641,10.0,1,10.0
13642,10.0,8,4.0
13643,10.0,1,10.0
13644,10.0,3,18.0
13645,10.0,1,10.0
13646,10.0,7,7.0
13647,10.0,2,6.0
13648,10.0,2,6.0
13649,10.0,1,10.0
13650,10.0,0,9.0
13651,10.0,1,10.0
13652,10.0,1,10.0
13653,10.0,1,10.0
13654,10.0,7,7.0
13655,10.0,1,10.0
13656,10.0,1,10.0
13657,10.0,8,4.0
13658,10.0,1,10.0
13659,10.0,1,10.0
13660,10.0,1,10.0
13661,10.0,1,10.0
13662,10.0,1,10.0
13663,10.0,1,10.0
13664,10.0,3,18.0
13665,10.0,8,4.0
13666,10.0,1,10.0
13667,10.0,1,10.0
13668,10.0,1,10.0
13669,10.0,1,10.0
13670,10.0,1,10.0
13671,10.0,4,8.0
13672,10.0,4,8.0
13673,10.0,2,6.0
13674,10.0,1,10.0
13675,10.0,1,10.0
13676,10.0,1,10.0
13677,10.0,3,18.0
13678,10.0,3,18.0
13679,10.0,3,18.0
13680,10.0,3,18.0
13681,10.0,8,4.0
13682,10.0,1,10.0
13683,10.0,1,10.0
13684,10.0,1,10.0
13685,10.0,1,10.0
13686,10.0,6,17.0
13687,10.0,1,10.0
13688,10.0,1,10.0
13689,10.0,2,6.0
13690,10.0,1,10.0
13691,10.0,1,10.0
13692,10.0,1,10.0
13693,10.0,1,10.0
13694,10.0,1,10.0
13695,10.0,7,7.0
13696,10.0,1,10.0
13697,10.0,0,9.0
13698,10.0,3,18.0
13699,10.0,3,18.0
13700,10.0,8,4.0
13701,10.0,8,4.0
13702,10.0,1,10.0
13703,10.0,1,10.0
13704,10.0,3,18.0
13705,10.0,7,7.0
13706,10.0,1,10.0
13707,10.0,3,18.0
13708,10.0,3,18.0
13709,10.0,1,10.0
13710,10.0,6,17.0
13711,10.0,1,10.0
13712,10.0,1,10.0
13713,10.0,1,10.0
13714,10.0,1,10.0
13715,10.0,1,10.0
13716,10.0,1,10.0
13717,10.0,1,10.0
13718,10.0,3,18.0
13719,10.0,1,10.0
13720,10.0,1,10.0
13721,10.0,3,18.0
13722,10.0,3,18.0
13723,10.0,1,10.0
13724,10.0,2,6.0
13725,10.0,1,10.0
13726,10.0,7,7.0
13727,10.0,7,7.0
13728,10.0,7,7.0
13729,10.0,7,7.0
13730,10.0,1,10.0
13731,10.0,1,10.0
13732,10.0,1,10.0
13733,10.0,3,18.0
13734,10.0,4,8.0
13735,10.0,4,8.0
13736,10.0,1,10.0
13737,10.0,1,10.0
13738,10.0,2,6.0
13739,10.0,8,4.0
13740,10.0,1,10.0
13741,10.0,1,10.0
13742,10.0,1,10.0
13743,10.0,1,10.0
13744,10.0,1,10.0
13745,10.0,4,8.0
13746,10.0,1,10.0
13747,10.0,1,10.0
13748,10.0,1,10.0
13749,10.0,7,7.0
13750,10.0,3,18.0
13751,10.0,7,7.0
13752,10.0,1,10.0
13753,10.0,1,10.0
13754,10.0,1,10.0
13755,10.0,1,10.0
13756,10.0,1,10.0
13757,10.0,3,18.0
13758,10.0,1,10.0
13759,10.0,6,17.0
13760,10.0,1,10.0
13761,10.0,1,10.0
13762,10.0,4,8.0
13763,10.0,5,2.0
13764,10.0,5,2.0
13765,10.0,1,10.0
13766,10.0,6,17.0
13767,10.0,6,17.0
13768,10.0,6,17.0
13769,10.0,6,17.0
13770,10.0,1,10.0
13771,10.0,6,17.0
13772,10.0,8,4.0
13773,10.0,8,4.0
13774,10.0,1,10.0
13775,10.0,1,10.0
13776,10.0,3,18.0
13777,10.0,8,4.0
13778,10.0,1,10.0
13779,10.0,1,10.0
13780,10.0,1,10.0
13781,10.0,1,10.0
13782,10.0,1,10.0
13783,10.0,1,10.0
13784,10.0,1,10.0
13785,10.0,1,10.0
13786,10.0,5,2.0
13787,10.0,3,18.0
13788,10.0,8,4.0
13789,10.0,1,10.0
13790,10.0,1,10.0
13791,10.0,1,10.0
13792,10.0,1,10.0
13793,10.0,1,10.0
13794,10.0,1,10.0
13795,10.0,1,10.0
13796,10.0,1,10.0
13797,10.0,1,10.0
13798,10.0,1,10.0
13799,10.0,7,7.0
13800,10.0,1,10.0
13801,10.0,1,10.0
13802,10.0,1,10.0
13803,10.0,3,18.0
13804,10.0,1,10.0
13805,10.0,6,17.0
13806,10.0,1,10.0
13807,10.0,1,10.0
13808,10.0,1,10.0
13809,10.0,7,7.0
13810,10.0,1,10.0
13811,10.0,1,10.0
13812,10.0,1,10.0
13813,10.0,1,10.0
13814,10.0,1,10.0
13815,10.0,1,10.0
13816,10.0,8,4.0
13817,10.0,1,10.0
13818,10.0,1,10.0
13819,10.0,1,10.0
13820,10.0,1,10.0
13821,10.0,1,10.0
13822,10.0,1,10.0
13823,10.0,1,10.0
13824,10.0,1,10.0
13825,10.0,1,10.0
13826,10.0,1,10.0
13827,10.0,1,10.0
13828,10.0,6,17.0
13829,10.0,1,10.0
13830,10.0,1,10.0
13831,10.0,7,7.0
13832,10.0,8,4.0
13833,10.0,8,4.0
13834,10.0,1,10.0
13835,10.0,1,10.0
13836,10.0,8,4.0
13837,10.0,1,10.0
13838,10.0,7,7.0
13839,10.0,1,10.0
13840,10.0,1,10.0
13841,10.0,1,10.0
13842,10.0,1,10.0
13843,10.0,7,7.0
13844,10.0,1,10.0
13845,10.0,8,4.0
13846,10.0,1,10.0
13847,10.0,8,4.0
13848,10.0,8,4.0
13849,10.0,1,10.0
13850,10.0,1,10.0
13851,10.0,1,10.0
13852,10.0,6,17.0
13853,10.0,1,10.0
13854,10.0,1,10.0
13855,10.0,1,10.0
13856,10.0,1,10.0
13857,10.0,1,10.0
13858,10.0,8,4.0
13859,10.0,1,10.0
13860,10.0,1,10.0
13861,10.0,1,10.0
13862,10.0,3,18.0
13863,10.0,1,10.0
13864,10.0,8,4.0
13865,10.0,1,10.0
13866,10.0,0,9.0
13867,10.0,1,10.0
13868,10.0,2,6.0
13869,10.0,1,10.0
13870,10.0,1,10.0
13871,10.0,1,10.0
13872,10.0,1,10.0
13873,10.0,1,10.0
13874,10.0,1,10.0
13875,10.0,1,10.0
13876,10.0,1,10.0
13877,10.0,1,10.0
13878,10.0,1,10.0
13879,10.0,3,18.0
13880,10.0,1,10.0
13881,10.0,1,10.0
13882,10.0,1,10.0
13883,10.0,1,10.0
13884,10.0,1,10.0
13885,10.0,1,10.0
13886,10.0,1,10.0
13887,10.0,1,10.0
13888,10.0,1,10.0
13889,10.0,1,10.0
13890,10.0,8,4.0
13891,10.0,3,18.0
13892,10.0,3,18.0
13893,10.0,8,4.0
13894,10.0,8,4.0
13895,10.0,1,10.0
13896,10.0,1,10.0
13897,10.0,8,4.0
13898,10.0,8,4.0
13899,10.0,8,4.0
13900,10.0,1,10.0
13901,10.0,8,4.0
13902,10.0,1,10.0
13903,10.0,1,10.0
13904,10.0,1,10.0
13905,10.0,3,18.0
13906,10.0,3,18.0
13907,10.0,1,10.0
13908,10.0,1,10.0
13909,10.0,7,7.0
13910,10.0,8,4.0
13911,10.0,4,8.0
13912,10.0,4,8.0
13913,10.0,7,7.0
13914,10.0,1,10.0
13915,10.0,8,4.0
13916,10.0,1,10.0
13917,10.0,1,10.0
13918,10.0,1,10.0
13919,10.0,1,10.0
13920,10.0,8,4.0
13921,10.0,1,10.0
13922,10.0,1,10.0
13923,10.0,8,4.0
13924,10.0,1,10.0
13925,10.0,1,10.0
13926,10.0,6,17.0
13927,10.0,7,7.0
13928,10.0,1,10.0
13929,10.0,1,10.0
13930,10.0,0,9.0
13931,10.0,5,2.0
13932,10.0,1,10.0
13933,10.0,1,10.0
13934,10.0,8,4.0
13935,10.0,8,4.0
13936,10.0,7,7.0
13937,10.0,0,9.0
13938,10.0,1,10.0
13939,10.0,1,10.0
13940,10.0,1,10.0
13941,10.0,1,10.0
13942,10.0,1,10.0
13943,10.0,1,10.0
13944,10.0,7,7.0
13945,10.0,3,18.0
13946,10.0,7,7.0
13947,10.0,7,7.0
13948,10.0,1,10.0
13949,10.0,8,4.0
13950,10.0,8,4.0
13951,10.0,1,10.0
13952,10.0,8,4.0
13953,10.0,1,10.0
13954,10.0,1,10.0
13955,10.0,3,18.0
13956,10.0,3,18.0
13957,10.0,3,18.0
13958,10.0,1,10.0
13959,10.0,3,18.0
13960,10.0,3,18.0
13961,10.0,3,18.0
13962,10.0,1,10.0
13963,10.0,7,7.0
13964,10.0,7,7.0
13965,10.0,8,4.0
13966,10.0,1,10.0
13967,10.0,1,10.0
13968,10.0,1,10.0
13969,10.0,1,10.0
13970,10.0,3,18.0
13971,10.0,1,10.0
13972,10.0,1,10.0
13973,10.0,1,10.0
13974,10.0,7,7.0
13975,10.0,3,18.0
13976,10.0,3,18.0
13977,10.0,1,10.0
13978,10.0,1,10.0
13979,10.0,1,10.0
13980,10.0,1,10.0
13981,10.0,1,10.0
13982,10.0,8,4.0
13983,10.0,1,10.0
13984,10.0,1,10.0
13985,10.0,8,4.0
13986,10.0,1,10.0
13987,10.0,1,10.0
13988,10.0,1,10.0
13989,10.0,7,7.0
13990,10.0,6,17.0
13991,10.0,1,10.0
13992,10.0,1,10.0
13993,10.0,1,10.0
13994,10.0,8,4.0
13995,10.0,1,10.0
13996,10.0,1,10.0
13997,10.0,1,10.0
13998,10.0,1,10.0
13999,10.0,1,10.0
14000,10.0,8,4.0
14001,10.0,8,4.0
14002,10.0,1,10.0
14003,10.0,8,4.0
14004,10.0,1,10.0
14005,10.0,1,10.0
14006,10.0,0,9.0
14007,10.0,1,10.0
14008,10.0,1,10.0
14009,10.0,1,10.0
14010,10.0,7,7.0
14011,10.0,1,10.0
14012,10.0,8,4.0
14013,10.0,8,4.0
14014,10.0,1,10.0
14015,10.0,1,10.0
14016,10.0,1,10.0
14017,10.0,1,10.0
14018,10.0,1,10.0
14019,10.0,1,10.0
14020,10.0,0,9.0
14021,10.0,1,10.0
14022,10.0,1,10.0
14023,10.0,1,10.0
14024,10.0,3,18.0
14025,10.0,1,10.0
14026,10.0,8,4.0
14027,10.0,1,10.0
14028,10.0,1,10.0
14029,10.0,1,10.0
14030,10.0,8,4.0
14031,10.0,1,10.0
14032,10.0,1,10.0
14033,10.0,1,10.0
14034,10.0,1,10.0
14035,10.0,1,10.0
14036,10.0,1,10.0
14037,10.0,1,10.0
14038,10.0,1,10.0
14039,10.0,1,10.0
14040,10.0,3,18.0
14041,10.0,8,4.0
14042,10.0,8,4.0
14043,10.0,1,10.0
14044,10.0,6,17.0
14045,10.0,1,10.0
14046,10.0,1,10.0
14047,10.0,1,10.0
14048,10.0,7,7.0
14049,10.0,1,10.0
14050,10.0,8,4.0
14051,10.0,6,17.0
14052,10.0,0,9.0
14053,10.0,3,18.0
14054,10.0,7,7.0
14055,10.0,1,10.0
14056,10.0,1,10.0
14057,10.0,8,4.0
14058,10.0,1,10.0
14059,10.0,0,9.0
14060,10.0,1,10.0
14061,10.0,1,10.0
14062,10.0,8,4.0
14063,10.0,8,4.0
14064,10.0,1,10.0
14065,10.0,1,10.0
14066,10.0,1,10.0
14067,10.0,1,10.0
14068,10.0,1,10.0
14069,10.0,1,10.0
14070,10.0,6,17.0
14071,10.0,3,18.0
14072,10.0,1,10.0
14073,10.0,1,10.0
14074,10.0,6,17.0
14075,10.0,1,10.0
14076,10.0,1,10.0
14077,10.0,1,10.0
14078,10.0,1,10.0
14079,10.0,1,10.0
14080,10.0,3,18.0
14081,10.0,1,10.0
14082,10.0,1,10.0
14083,10.0,6,17.0
14084,10.0,7,7.0
14085,10.0,1,10.0
14086,10.0,1,10.0
14087,10.0,1,10.0
14088,10.0,1,10.0
14089,10.0,6,17.0
14090,10.0,3,18.0
14091,10.0,1,10.0
14092,10.0,3,18.0
14093,10.0,8,4.0
14094,10.0,7,7.0
14095,10.0,1,10.0
14096,10.0,3,18.0
14097,10.0,1,10.0
14098,10.0,6,17.0
14099,10.0,1,10.0
14100,10.0,1,10.0
14101,10.0,2,6.0
14102,10.0,1,10.0
14103,10.0,1,10.0
14104,10.0,1,10.0
14105,10.0,2,6.0
14106,10.0,1,10.0
14107,10.0,3,18.0
14108,10.0,3,18.0
14109,10.0,3,18.0
14110,10.0,5,2.0
14111,10.0,3,18.0
14112,10.0,3,18.0
14113,10.0,1,10.0
14114,10.0,1,10.0
14115,10.0,1,10.0
14116,10.0,1,10.0
14117,10.0,3,18.0
14118,10.0,1,10.0
14119,10.0,1,10.0
14120,10.0,9,13.0
14121,10.0,6,17.0
14122,10.0,7,7.0
14123,10.0,1,10.0
14124,10.0,1,10.0
14125,10.0,1,10.0
14126,10.0,5,2.0
14127,10.0,7,7.0
14128,10.0,7,7.0
14129,10.0,6,17.0
14130,10.0,3,18.0
14131,10.0,3,18.0
14132,10.0,3,18.0
14133,10.0,1,10.0
14134,10.0,1,10.0
14135,10.0,6,17.0
14136,10.0,1,10.0
14137,10.0,1,10.0
14138,10.0,8,4.0
14139,10.0,1,10.0
14140,10.0,1,10.0
14141,10.0,6,17.0
14142,10.0,0,9.0
14143,10.0,3,18.0
14144,10.0,1,10.0
14145,10.0,1,10.0
14146,10.0,1,10.0
14147,10.0,1,10.0
14148,10.0,1,10.0
14149,10.0,3,18.0
14150,10.0,0,9.0
14151,10.0,3,18.0
14152,10.0,3,18.0
14153,10.0,1,10.0
14154,10.0,2,6.0
14155,10.0,3,18.0
14156,10.0,1,10.0
14157,10.0,3,18.0
14158,10.0,1,10.0
14159,10.0,1,10.0
14160,10.0,3,18.0
14161,10.0,3,18.0
14162,10.0,1,10.0
14163,10.0,1,10.0
14164,10.0,4,8.0
14165,10.0,0,9.0
14166,10.0,3,18.0
14167,10.0,1,10.0
14168,10.0,1,10.0
14169,10.0,3,18.0
14170,10.0,1,10.0
14171,10.0,1,10.0
14172,10.0,1,10.0
14173,10.0,1,10.0
14174,10.0,1,10.0
14175,10.0,8,4.0
14176,10.0,6,17.0
14177,10.0,1,10.0
14178,10.0,1,10.0
14179,10.0,0,9.0
14180,10.0,6,17.0
14181,10.0,3,18.0
14182,10.0,7,7.0
14183,10.0,3,18.0
14184,10.0,1,10.0
14185,10.0,6,17.0
14186,10.0,1,10.0
14187,10.0,2,6.0
14188,10.0,3,18.0
14189,10.0,3,18.0
14190,10.0,1,10.0
14191,10.0,3,18.0
14192,10.0,1,10.0
14193,10.0,1,10.0
14194,10.0,1,10.0
14195,10.0,1,10.0
14196,10.0,3,18.0
14197,10.0,1,10.0
14198,10.0,1,10.0
14199,10.0,3,18.0
14200,10.0,3,18.0
14201,10.0,3,18.0
14202,10.0,1,10.0
14203,10.0,1,10.0
14204,10.0,4,8.0
14205,10.0,1,10.0
14206,10.0,1,10.0
14207,10.0,3,18.0
14208,10.0,3,18.0
14209,10.0,3,18.0
14210,10.0,1,10.0
14211,10.0,3,18.0
14212,10.0,3,18.0
14213,10.0,1,10.0
14214,10.0,1,10.0
14215,10.0,1,10.0
14216,10.0,1,10.0
14217,10.0,8,4.0
14218,10.0,8,4.0
14219,10.0,1,10.0
14220,10.0,1,10.0
14221,10.0,2,6.0
14222,10.0,1,10.0
14223,10.0,1,10.0
14224,10.0,2,6.0
14225,10.0,2,6.0
14226,10.0,1,10.0
14227,10.0,7,7.0
14228,10.0,1,10.0
14229,10.0,1,10.0
14230,10.0,3,18.0
14231,10.0,3,18.0
14232,10.0,1,10.0
14233,10.0,1,10.0
14234,10.0,6,17.0
14235,10.0,1,10.0
14236,10.0,1,10.0
14237,10.0,3,18.0
14238,10.0,3,18.0
14239,10.0,1,10.0
14240,10.0,1,10.0
14241,10.0,1,10.0
14242,10.0,3,18.0
14243,10.0,3,18.0
14244,10.0,1,10.0
14245,10.0,1,10.0
14246,10.0,1,10.0
14247,10.0,1,10.0
14248,10.0,1,10.0
14249,10.0,2,6.0
14250,10.0,1,10.0
14251,10.0,1,10.0
14252,10.0,1,10.0
14253,10.0,1,10.0
14254,10.0,1,10.0
14255,10.0,7,7.0
14256,10.0,7,7.0
14257,10.0,1,10.0
14258,10.0,1,10.0
14259,10.0,1,10.0
14260,10.0,1,10.0
14261,10.0,1,10.0
14262,10.0,1,10.0
14263,10.0,3,18.0
14264,10.0,1,10.0
14265,10.0,3,18.0
14266,10.0,3,18.0
14267,10.0,1,10.0
14268,10.0,1,10.0
14269,10.0,6,17.0
14270,10.0,3,18.0
14271,10.0,1,10.0
14272,10.0,1,10.0
14273,10.0,7,7.0
14274,10.0,1,10.0
14275,10.0,1,10.0
14276,10.0,1,10.0
14277,10.0,1,10.0
14278,10.0,1,10.0
14279,10.0,3,18.0
14280,10.0,1,10.0
14281,10.0,1,10.0
14282,10.0,1,10.0
14283,10.0,1,10.0
14284,10.0,7,7.0
14285,10.0,1,10.0
14286,10.0,3,18.0
14287,10.0,1,10.0
14288,10.0,1,10.0
14289,10.0,7,7.0
14290,10.0,8,4.0
14291,10.0,8,4.0
14292,10.0,8,4.0
14293,10.0,4,8.0
14294,10.0,1,10.0
14295,10.0,1,10.0
14296,10.0,7,7.0
14297,10.0,3,18.0
14298,10.0,1,10.0
14299,10.0,2,6.0
14300,10.0,1,10.0
14301,10.0,6,17.0
14302,10.0,3,18.0
14303,10.0,1,10.0
14304,10.0,3,18.0
14305,10.0,1,10.0
14306,10.0,8,4.0
14307,10.0,4,8.0
14308,10.0,1,10.0
14309,10.0,3,18.0
14310,10.0,1,10.0
14311,10.0,6,17.0
14312,10.0,3,18.0
14313,10.0,7,7.0
14314,10.0,1,10.0
14315,10.0,3,18.0
14316,10.0,1,10.0
14317,10.0,1,10.0
14318,10.0,1,10.0
14319,10.0,1,10.0
14320,10.0,1,10.0
14321,10.0,1,10.0
14322,10.0,1,10.0
14323,10.0,1,10.0
14324,10.0,1,10.0
14325,10.0,3,18.0
14326,10.0,1,10.0
14327,10.0,1,10.0
14328,10.0,3,18.0
14329,10.0,3,18.0
14330,10.0,3,18.0
14331,10.0,1,10.0
14332,10.0,1,10.0
14333,10.0,3,18.0
14334,10.0,4,8.0
14335,10.0,1,10.0
14336,10.0,3,18.0
14337,10.0,1,10.0
14338,10.0,0,9.0
14339,10.0,7,7.0
14340,10.0,4,8.0
14341,10.0,3,18.0
14342,10.0,6,17.0
14343,10.0,1,10.0
14344,10.0,7,7.0
14345,10.0,6,17.0
14346,10.0,1,10.0
14347,10.0,1,10.0
14348,10.0,3,18.0
14349,10.0,7,7.0
14350,10.0,6,17.0
14351,10.0,3,18.0
14352,10.0,1,10.0
14353,10.0,1,10.0
14354,10.0,3,18.0
14355,10.0,1,10.0
14356,10.0,3,18.0
14357,10.0,1,10.0
14358,10.0,3,18.0
14359,10.0,1,10.0
14360,10.0,3,18.0
14361,10.0,2,6.0
14362,10.0,4,8.0
14363,10.0,1,10.0
14364,10.0,4,8.0
14365,10.0,1,10.0
14366,10.0,1,10.0
14367,10.0,3,18.0
14368,10.0,7,7.0
14369,10.0,1,10.0
14370,10.0,3,18.0
14371,10.0,3,18.0
14372,10.0,3,18.0
14373,10.0,1,10.0
14374,10.0,1,10.0
14375,10.0,1,10.0
14376,10.0,1,10.0
14377,10.0,1,10.0
14378,10.0,3,18.0
14379,10.0,1,10.0
14380,10.0,3,18.0
14381,10.0,3,18.0
14382,10.0,3,18.0
14383,10.0,2,6.0
14384,10.0,2,6.0
14385,10.0,3,18.0
14386,10.0,3,18.0
14387,10.0,3,18.0
14388,10.0,3,18.0
14389,10.0,1,10.0
14390,10.0,3,18.0
14391,10.0,3,18.0
14392,10.0,1,10.0
14393,10.0,1,10.0
14394,10.0,1,10.0
14395,10.0,1,10.0
14396,10.0,1,10.0
14397,10.0,1,10.0
14398,10.0,3,18.0
14399,10.0,9,13.0
14400,10.0,1,10.0
14401,10.0,2,6.0
14402,10.0,1,10.0
14403,10.0,1,10.0
14404,10.0,2,6.0
14405,10.0,3,18.0
14406,10.0,1,10.0
14407,10.0,1,10.0
14408,10.0,1,10.0
14409,10.0,1,10.0
14410,10.0,3,18.0
14411,10.0,3,18.0
14412,10.0,1,10.0
14413,10.0,1,10.0
14414,10.0,1,10.0
14415,10.0,3,18.0
14416,10.0,1,10.0
14417,10.0,8,4.0
14418,10.0,2,6.0
14419,10.0,6,17.0
14420,10.0,1,10.0
14421,10.0,1,10.0
14422,10.0,3,18.0
14423,10.0,6,17.0
14424,10.0,1,10.0
14425,10.0,2,6.0
14426,10.0,1,10.0
14427,10.0,6,17.0
14428,10.0,1,10.0
14429,10.0,1,10.0
14430,10.0,1,10.0
14431,10.0,4,8.0
14432,10.0,7,7.0
14433,10.0,1,10.0
14434,10.0,7,7.0
14435,10.0,1,10.0
14436,10.0,1,10.0
14437,10.0,7,7.0
14438,10.0,1,10.0
14439,10.0,1,10.0
14440,10.0,1,10.0
14441,10.0,3,18.0
14442,10.0,6,17.0
14443,10.0,2,6.0
14444,10.0,8,4.0
14445,10.0,3,18.0
14446,10.0,6,17.0
14447,10.0,1,10.0
14448,10.0,1,10.0
14449,10.0,3,18.0
14450,10.0,3,18.0
14451,10.0,1,10.0
14452,10.0,3,18.0
14453,10.0,1,10.0
14454,10.0,1,10.0
14455,10.0,1,10.0
14456,10.0,1,10.0
14457,10.0,1,10.0
14458,10.0,7,7.0
14459,10.0,5,2.0
14460,10.0,3,18.0
14461,10.0,1,10.0
14462,10.0,0,9.0
14463,10.0,6,17.0
14464,10.0,1,10.0
14465,10.0,1,10.0
14466,10.0,3,18.0
14467,10.0,1,10.0
14468,10.0,7,7.0
14469,10.0,1,10.0
14470,10.0,1,10.0
14471,10.0,1,10.0
14472,10.0,1,10.0
14473,10.0,1,10.0
14474,10.0,7,7.0
14475,10.0,1,10.0
14476,10.0,7,7.0
14477,10.0,3,18.0
14478,10.0,1,10.0
14479,10.0,1,10.0
14480,10.0,1,10.0
14481,10.0,1,10.0
14482,10.0,1,10.0
14483,10.0,1,10.0
14484,10.0,1,10.0
14485,10.0,1,10.0
14486,10.0,1,10.0
14487,10.0,1,10.0
14488,10.0,6,17.0
14489,10.0,1,10.0
14490,10.0,1,10.0
14491,10.0,3,18.0
14492,10.0,6,17.0
14493,10.0,3,18.0
14494,10.0,1,10.0
14495,10.0,6,17.0
14496,10.0,3,18.0
14497,10.0,1,10.0
14498,10.0,1,10.0
14499,10.0,7,7.0
14500,10.0,1,10.0
14501,10.0,6,17.0
14502,10.0,3,18.0
14503,10.0,3,18.0
14504,10.0,1,10.0
14505,10.0,1,10.0
14506,10.0,3,18.0
14507,10.0,1,10.0
14508,10.0,3,18.0
14509,10.0,1,10.0
14510,10.0,1,10.0
14511,10.0,1,10.0
14512,10.0,6,17.0
14513,10.0,3,18.0
14514,10.0,1,10.0
14515,10.0,3,18.0
14516,10.0,3,18.0
14517,10.0,1,10.0
14518,10.0,1,10.0
14519,10.0,1,10.0
14520,10.0,0,9.0
14521,10.0,0,9.0
14522,10.0,1,10.0
14523,10.0,1,10.0
14524,10.0,1,10.0
14525,10.0,3,18.0
14526,10.0,1,10.0
14527,10.0,1,10.0
14528,10.0,1,10.0
14529,10.0,1,10.0
14530,10.0,1,10.0
14531,10.0,7,7.0
14532,10.0,1,10.0
14533,10.0,3,18.0
14534,10.0,2,6.0
14535,10.0,1,10.0
14536,10.0,6,17.0
14537,10.0,7,7.0
14538,10.0,1,10.0
14539,10.0,3,18.0
14540,10.0,1,10.0
14541,10.0,1,10.0
14542,10.0,1,10.0
14543,10.0,1,10.0
14544,10.0,1,10.0
14545,10.0,1,10.0
14546,10.0,1,10.0
14547,10.0,4,8.0
14548,10.0,4,8.0
14549,10.0,7,7.0
14550,10.0,1,10.0
14551,10.0,1,10.0
14552,10.0,1,10.0
14553,10.0,1,10.0
14554,10.0,8,4.0
14555,10.0,1,10.0
14556,10.0,3,18.0
14557,10.0,3,18.0
14558,10.0,1,10.0
14559,10.0,3,18.0
14560,10.0,1,10.0
14561,10.0,1,10.0
14562,10.0,1,10.0
14563,10.0,1,10.0
14564,10.0,1,10.0
14565,10.0,1,10.0
14566,10.0,3,18.0
14567,10.0,1,10.0
14568,10.0,1,10.0
14569,10.0,3,18.0
14570,10.0,1,10.0
14571,10.0,1,10.0
14572,10.0,6,17.0
14573,10.0,6,17.0
14574,10.0,1,10.0
14575,10.0,1,10.0
14576,10.0,7,7.0
14577,10.0,1,10.0
14578,10.0,1,10.0
14579,10.0,0,9.0
14580,10.0,1,10.0
14581,10.0,1,10.0
14582,10.0,1,10.0
14583,10.0,1,10.0
14584,10.0,6,17.0
14585,10.0,1,10.0
14586,10.0,1,10.0
14587,10.0,7,7.0
14588,10.0,1,10.0
14589,10.0,1,10.0
14590,10.0,0,9.0
14591,10.0,1,10.0
14592,10.0,1,10.0
14593,10.0,1,10.0
14594,10.0,1,10.0
14595,10.0,1,10.0
14596,10.0,1,10.0
14597,10.0,1,10.0
14598,10.0,1,10.0
14599,10.0,2,6.0
14600,10.0,1,10.0
14601,10.0,3,18.0
14602,10.0,3,18.0
14603,10.0,1,10.0
14604,10.0,0,9.0
14605,10.0,2,6.0
14606,10.0,6,17.0
14607,10.0,1,10.0
14608,10.0,2,6.0
14609,10.0,1,10.0
14610,10.0,1,10.0
14611,10.0,1,10.0
14612,10.0,1,10.0
14613,10.0,1,10.0
14614,10.0,3,18.0
14615,10.0,1,10.0
14616,10.0,3,18.0
14617,10.0,1,10.0
14618,10.0,1,10.0
14619,10.0,1,10.0
14620,10.0,1,10.0
14621,10.0,1,10.0
14622,10.0,1,10.0
14623,10.0,1,10.0
14624,10.0,3,18.0
14625,10.0,6,17.0
14626,10.0,1,10.0
14627,10.0,1,10.0
14628,10.0,2,6.0
14629,10.0,8,4.0
14630,10.0,1,10.0
14631,10.0,2,6.0
14632,10.0,8,4.0
14633,10.0,0,9.0
14634,10.0,1,10.0
14635,10.0,1,10.0
14636,10.0,8,4.0
14637,10.0,1,10.0
14638,10.0,1,10.0
14639,10.0,1,10.0
14640,10.0,1,10.0
14641,10.0,1,10.0
14642,10.0,8,4.0
14643,10.0,1,10.0
14644,10.0,1,10.0
14645,10.0,1,10.0
14646,10.0,1,10.0
14647,10.0,1,10.0
14648,10.0,1,10.0
14649,10.0,3,18.0
14650,10.0,3,18.0
14651,10.0,8,4.0
14652,10.0,1,10.0
14653,10.0,1,10.0
14654,10.0,1,10.0
14655,10.0,1,10.0
14656,10.0,1,10.0
14657,10.0,1,10.0
14658,10.0,1,10.0
14659,10.0,3,18.0
14660,10.0,3,18.0
14661,10.0,8,4.0
14662,10.0,1,10.0
14663,10.0,1,10.0
14664,10.0,1,10.0
14665,10.0,7,7.0
14666,10.0,3,18.0
14667,10.0,1,10.0
14668,10.0,3,18.0
14669,10.0,8,4.0
14670,10.0,3,18.0
14671,10.0,1,10.0
14672,10.0,1,10.0
14673,10.0,1,10.0
14674,10.0,1,10.0
14675,10.0,3,18.0
14676,10.0,1,10.0
14677,10.0,1,10.0
14678,10.0,8,4.0
14679,10.0,6,17.0
14680,10.0,3,18.0
14681,10.0,1,10.0
14682,10.0,1,10.0
14683,10.0,1,10.0
14684,10.0,1,10.0
14685,10.0,3,18.0
14686,10.0,1,10.0
14687,10.0,8,4.0
14688,10.0,1,10.0
14689,10.0,1,10.0
14690,10.0,3,18.0
14691,10.0,1,10.0
14692,10.0,3,18.0
14693,10.0,1,10.0
14694,10.0,1,10.0
14695,10.0,1,10.0
14696,10.0,1,10.0
14697,10.0,3,18.0
14698,10.0,1,10.0
14699,10.0,6,17.0
14700,10.0,3,18.0
14701,10.0,4,8.0
14702,10.0,1,10.0
14703,10.0,1,10.0
14704,10.0,6,17.0
14705,10.0,3,18.0
14706,10.0,0,9.0
14707,10.0,1,10.0
14708,10.0,3,18.0
14709,10.0,1,10.0
14710,10.0,1,10.0
14711,10.0,8,4.0
14712,10.0,1,10.0
14713,10.0,1,10.0
14714,10.0,1,10.0
14715,10.0,1,10.0
14716,10.0,1,10.0
14717,10.0,1,10.0
14718,10.0,4,8.0
14719,10.0,1,10.0
14720,10.0,3,18.0
14721,10.0,1,10.0
14722,10.0,1,10.0
14723,10.0,1,10.0
14724,10.0,1,10.0
14725,10.0,3,18.0
14726,10.0,1,10.0
14727,10.0,7,7.0
14728,10.0,1,10.0
14729,10.0,6,17.0
14730,10.0,1,10.0
14731,10.0,1,10.0
14732,10.0,4,8.0
14733,10.0,1,10.0
14734,10.0,1,10.0
14735,10.0,1,10.0
14736,10.0,3,18.0
14737,10.0,1,10.0
14738,10.0,0,9.0
14739,10.0,3,18.0
14740,10.0,1,10.0
14741,10.0,0,9.0
14742,10.0,0,9.0
14743,10.0,7,7.0
14744,10.0,1,10.0
14745,10.0,1,10.0
14746,10.0,1,10.0
14747,10.0,1,10.0
14748,10.0,1,10.0
14749,10.0,7,7.0
14750,10.0,3,18.0
14751,10.0,3,18.0
14752,10.0,1,10.0
14753,10.0,1,10.0
14754,10.0,1,10.0
14755,10.0,3,18.0
14756,10.0,7,7.0
14757,10.0,7,7.0
14758,10.0,5,2.0
14759,10.0,3,18.0
14760,10.0,1,10.0
14761,10.0,3,18.0
14762,10.0,1,10.0
14763,10.0,7,7.0
14764,10.0,3,18.0
14765,10.0,1,10.0
14766,10.0,1,10.0
14767,10.0,2,6.0
14768,10.0,2,6.0
14769,10.0,3,18.0
14770,10.0,3,18.0
14771,10.0,1,10.0
14772,10.0,1,10.0
14773,10.0,1,10.0
14774,10.0,1,10.0
14775,10.0,8,4.0
14776,10.0,3,18.0
14777,10.0,1,10.0
14778,10.0,1,10.0
14779,10.0,1,10.0
14780,10.0,1,10.0
14781,10.0,3,18.0
14782,10.0,7,7.0
14783,10.0,7,7.0
14784,10.0,1,10.0
14785,10.0,1,10.0
14786,10.0,2,6.0
14787,10.0,2,6.0
14788,10.0,1,10.0
14789,10.0,1,10.0
14790,10.0,3,18.0
14791,10.0,7,7.0
14792,10.0,1,10.0
14793,10.0,1,10.0
14794,10.0,1,10.0
14795,10.0,1,10.0
14796,10.0,7,7.0
14797,10.0,4,8.0
14798,10.0,1,10.0
14799,10.0,1,10.0
14800,10.0,1,10.0
14801,10.0,3,18.0
14802,10.0,3,18.0
14803,10.0,6,17.0
14804,10.0,3,18.0
14805,10.0,0,9.0
14806,10.0,1,10.0
14807,10.0,6,17.0
14808,10.0,1,10.0
14809,10.0,1,10.0
14810,10.0,1,10.0
14811,10.0,1,10.0
14812,10.0,1,10.0
14813,10.0,3,18.0
14814,10.0,1,10.0
14815,10.0,7,7.0
14816,10.0,6,17.0
14817,10.0,1,10.0
14818,10.0,1,10.0
14819,10.0,7,7.0
14820,10.0,7,7.0
14821,10.0,8,4.0
14822,10.0,3,18.0
14823,10.0,3,18.0
14824,10.0,3,18.0
14825,10.0,7,7.0
14826,10.0,7,7.0
14827,10.0,1,10.0
14828,10.0,1,10.0
14829,10.0,3,18.0
14830,10.0,1,10.0
14831,10.0,1,10.0
14832,10.0,1,10.0
14833,10.0,2,6.0
14834,10.0,1,10.0
14835,10.0,4,8.0
14836,10.0,1,10.0
14837,10.0,1,10.0
14838,10.0,8,4.0
14839,10.0,1,10.0
14840,10.0,1,10.0
14841,10.0,7,7.0
14842,10.0,3,18.0
14843,10.0,1,10.0
14844,10.0,1,10.0
14845,10.0,1,10.0
14846,10.0,1,10.0
14847,10.0,1,10.0
14848,10.0,1,10.0
14849,10.0,1,10.0
14850,10.0,0,9.0
14851,10.0,8,4.0
14852,10.0,0,9.0
14853,10.0,1,10.0
14854,10.0,1,10.0
14855,10.0,7,7.0
14856,10.0,1,10.0
14857,10.0,1,10.0
14858,10.0,3,18.0
14859,10.0,4,8.0
14860,10.0,1,10.0
14861,10.0,1,10.0
14862,10.0,1,10.0
14863,10.0,8,4.0
14864,10.0,3,18.0
14865,10.0,1,10.0
14866,10.0,1,10.0
14867,10.0,5,2.0
14868,10.0,6,17.0
14869,10.0,6,17.0
14870,10.0,1,10.0
14871,10.0,3,18.0
14872,10.0,6,17.0
14873,10.0,1,10.0
14874,10.0,1,10.0
14875,10.0,1,10.0
14876,10.0,1,10.0
14877,10.0,8,4.0
14878,10.0,1,10.0
14879,10.0,0,9.0
14880,10.0,1,10.0
14881,10.0,1,10.0
14882,10.0,1,10.0
14883,10.0,8,4.0
14884,10.0,3,18.0
14885,10.0,0,9.0
14886,10.0,1,10.0
14887,10.0,1,10.0
14888,10.0,3,18.0
14889,10.0,1,10.0
14890,10.0,8,4.0
14891,10.0,1,10.0
14892,10.0,6,17.0
14893,10.0,1,10.0
14894,10.0,1,10.0
14895,10.0,1,10.0
14896,10.0,1,10.0
14897,10.0,4,8.0
14898,10.0,1,10.0
14899,10.0,1,10.0
14900,10.0,1,10.0
14901,10.0,6,17.0
14902,10.0,1,10.0
14903,10.0,1,10.0
14904,10.0,3,18.0
14905,10.0,1,10.0
14906,10.0,8,4.0
14907,10.0,3,18.0
14908,10.0,1,10.0
14909,10.0,1,10.0
14910,10.0,3,18.0
14911,10.0,3,18.0
14912,10.0,1,10.0
14913,10.0,6,17.0
14914,10.0,1,10.0
14915,10.0,3,18.0
14916,10.0,1,10.0
14917,10.0,3,18.0
14918,10.0,1,10.0
14919,10.0,1,10.0
14920,10.0,1,10.0
14921,10.0,1,10.0
14922,10.0,1,10.0
14923,10.0,1,10.0
14924,10.0,6,17.0
14925,10.0,7,7.0
14926,10.0,0,9.0
14927,10.0,1,10.0
14928,10.0,3,18.0
14929,10.0,1,10.0
14930,10.0,1,10.0
14931,10.0,3,18.0
14932,10.0,3,18.0
14933,10.0,6,17.0
14934,10.0,6,17.0
14935,10.0,0,9.0
14936,10.0,4,8.0
14937,10.0,1,10.0
14938,10.0,7,7.0
14939,10.0,7,7.0
14940,10.0,3,18.0
14941,10.0,1,10.0
14942,10.0,3,18.0
14943,10.0,0,9.0
14944,10.0,1,10.0
14945,10.0,1,10.0
14946,10.0,1,10.0
14947,10.0,1,10.0
14948,10.0,1,10.0
14949,10.0,2,6.0
14950,10.0,3,18.0
14951,10.0,1,10.0
14952,10.0,1,10.0
14953,10.0,1,10.0
14954,10.0,3,18.0
14955,10.0,1,10.0
14956,10.0,0,9.0
14957,10.0,1,10.0
14958,10.0,1,10.0
14959,10.0,1,10.0
14960,10.0,1,10.0
14961,10.0,1,10.0
14962,10.0,2,6.0
14963,10.0,1,10.0
14964,10.0,8,4.0
14965,10.0,1,10.0
14966,10.0,1,10.0
14967,10.0,6,17.0
14968,10.0,7,7.0
14969,10.0,3,18.0
14970,10.0,1,10.0
14971,10.0,7,7.0
14972,10.0,1,10.0
14973,10.0,1,10.0
14974,10.0,3,18.0
14975,10.0,3,18.0
14976,10.0,3,18.0
14977,10.0,2,6.0
14978,10.0,1,10.0
14979,10.0,1,10.0
14980,10.0,1,10.0
14981,10.0,1,10.0
14982,10.0,4,8.0
14983,10.0,7,7.0
14984,10.0,1,10.0
14985,10.0,3,18.0
14986,10.0,1,10.0
14987,10.0,3,18.0
14988,10.0,2,6.0
14989,10.0,1,10.0
14990,10.0,1,10.0
14991,10.0,1,10.0
14992,10.0,1,10.0
14993,10.0,1,10.0
14994,10.0,1,10.0
14995,10.0,8,4.0
14996,10.0,1,10.0
14997,10.0,1,10.0
14998,10.0,1,10.0
14999,10.0,1,10.0
15000,10.0,1,10.0
15001,10.0,3,18.0
15002,10.0,3,18.0
15003,10.0,8,4.0
15004,10.0,3,18.0
15005,10.0,1,10.0
15006,10.0,8,4.0
15007,10.0,1,10.0
15008,10.0,1,10.0
15009,10.0,7,7.0
15010,10.0,1,10.0
15011,10.0,1,10.0
15012,10.0,1,10.0
15013,10.0,1,10.0
15014,10.0,1,10.0
15015,10.0,1,10.0
15016,10.0,0,9.0
15017,10.0,3,18.0
15018,10.0,3,18.0
15019,10.0,1,10.0
15020,10.0,1,10.0
15021,10.0,1,10.0
15022,10.0,6,17.0
15023,10.0,1,10.0
15024,10.0,1,10.0
15025,10.0,6,17.0
15026,10.0,1,10.0
15027,10.0,7,7.0
15028,10.0,7,7.0
15029,10.0,1,10.0
15030,10.0,8,4.0
15031,10.0,3,18.0
15032,10.0,3,18.0
15033,10.0,7,7.0
15034,10.0,4,8.0
15035,10.0,6,17.0
15036,10.0,1,10.0
15037,10.0,8,4.0
15038,10.0,6,17.0
15039,10.0,1,10.0
15040,10.0,1,10.0
15041,10.0,3,18.0
15042,10.0,1,10.0
15043,10.0,3,18.0
15044,10.0,1,10.0
15045,10.0,1,10.0
15046,10.0,1,10.0
15047,10.0,1,10.0
15048,10.0,8,4.0
15049,10.0,0,9.0
15050,10.0,1,10.0
15051,10.0,3,18.0
15052,10.0,1,10.0
15053,10.0,1,10.0
15054,10.0,1,10.0
15055,10.0,1,10.0
15056,10.0,1,10.0
15057,10.0,2,6.0
15058,10.0,1,10.0
15059,10.0,1,10.0
15060,10.0,1,10.0
15061,10.0,1,10.0
15062,10.0,1,10.0
15063,10.0,6,17.0
15064,10.0,1,10.0
15065,10.0,1,10.0
15066,10.0,1,10.0
15067,10.0,1,10.0
15068,10.0,2,6.0
15069,10.0,1,10.0
15070,10.0,3,18.0
15071,10.0,2,6.0
15072,10.0,1,10.0
15073,10.0,8,4.0
15074,10.0,1,10.0
15075,10.0,3,18.0
15076,10.0,3,18.0
15077,10.0,3,18.0
15078,10.0,1,10.0
15079,10.0,3,18.0
15080,10.0,7,7.0
15081,10.0,6,17.0
15082,10.0,7,7.0
15083,10.0,1,10.0
15084,10.0,1,10.0
15085,10.0,2,6.0
15086,10.0,7,7.0
15087,10.0,6,17.0
15088,10.0,3,18.0
15089,10.0,7,7.0
15090,10.0,6,17.0
15091,10.0,1,10.0
15092,10.0,6,17.0
15093,10.0,3,18.0
15094,10.0,2,6.0
15095,10.0,1,10.0
15096,10.0,1,10.0
15097,10.0,1,10.0
15098,10.0,7,7.0
15099,10.0,3,18.0
15100,10.0,3,18.0
15101,10.0,1,10.0
15102,10.0,7,7.0
15103,10.0,8,4.0
15104,10.0,6,17.0
15105,10.0,1,10.0
15106,10.0,1,10.0
15107,10.0,6,17.0
15108,10.0,2,6.0
15109,10.0,1,10.0
15110,10.0,3,18.0
15111,10.0,6,17.0
15112,10.0,1,10.0
15113,10.0,6,17.0
15114,10.0,3,18.0
15115,10.0,1,10.0
15116,10.0,2,6.0
15117,10.0,1,10.0
15118,10.0,1,10.0
15119,10.0,1,10.0
15120,10.0,1,10.0
15121,10.0,1,10.0
15122,10.0,3,18.0
15123,10.0,7,7.0
15124,10.0,1,10.0
15125,10.0,3,18.0
15126,10.0,1,10.0
15127,10.0,6,17.0
15128,10.0,1,10.0
15129,10.0,1,10.0
15130,10.0,0,9.0
15131,10.0,1,10.0
15132,10.0,7,7.0
15133,10.0,4,8.0
15134,10.0,2,6.0
15135,10.0,6,17.0
15136,10.0,3,18.0
15137,10.0,3,18.0
15138,10.0,3,18.0
15139,10.0,1,10.0
15140,10.0,6,17.0
15141,10.0,3,18.0
15142,10.0,1,10.0
15143,10.0,1,10.0
15144,10.0,3,18.0
15145,10.0,1,10.0
15146,10.0,1,10.0
15147,10.0,1,10.0
15148,10.0,1,10.0
15149,10.0,1,10.0
15150,10.0,6,17.0
15151,10.0,7,7.0
15152,10.0,3,18.0
15153,10.0,1,10.0
15154,10.0,3,18.0
15155,10.0,1,10.0
15156,10.0,3,18.0
15157,10.0,1,10.0
15158,10.0,7,7.0
15159,10.0,1,10.0
15160,10.0,3,18.0
15161,10.0,6,17.0
15162,10.0,3,18.0
15163,10.0,1,10.0
15164,10.0,1,10.0
15165,10.0,1,10.0
15166,10.0,7,7.0
15167,10.0,1,10.0
15168,10.0,1,10.0
15169,10.0,1,10.0
15170,10.0,3,18.0
15171,10.0,7,7.0
15172,10.0,3,18.0
15173,10.0,6,17.0
15174,10.0,6,17.0
15175,10.0,1,10.0
15176,10.0,3,18.0
15177,10.0,1,10.0
15178,10.0,1,10.0
15179,10.0,1,10.0
15180,10.0,1,10.0
15181,10.0,2,6.0
15182,10.0,3,18.0
15183,10.0,1,10.0
15184,10.0,1,10.0
15185,10.0,7,7.0
15186,10.0,6,17.0
15187,10.0,3,18.0
15188,10.0,1,10.0
15189,10.0,1,10.0
15190,10.0,1,10.0
15191,10.0,7,7.0
15192,10.0,1,10.0
15193,10.0,3,18.0
15194,10.0,1,10.0
15195,10.0,8,4.0
15196,10.0,1,10.0
15197,10.0,1,10.0
15198,10.0,3,18.0
15199,10.0,0,9.0
15200,10.0,0,9.0
15201,10.0,1,10.0
15202,10.0,1,10.0
15203,10.0,3,18.0
15204,10.0,1,10.0
15205,10.0,1,10.0
15206,10.0,6,17.0
15207,10.0,5,2.0
15208,10.0,1,10.0
15209,10.0,1,10.0
15210,10.0,1,10.0
15211,10.0,1,10.0
15212,10.0,1,10.0
15213,10.0,1,10.0
15214,10.0,4,8.0
15215,10.0,3,18.0
15216,10.0,1,10.0
15217,10.0,1,10.0
15218,10.0,1,10.0
15219,10.0,1,10.0
15220,10.0,1,10.0
15221,10.0,1,10.0
15222,10.0,6,17.0
15223,10.0,3,18.0
15224,10.0,6,17.0
15225,10.0,1,10.0
15226,10.0,1,10.0
15227,10.0,1,10.0
15228,10.0,7,7.0
15229,10.0,1,10.0
15230,10.0,1,10.0
15231,10.0,1,10.0
15232,10.0,3,18.0
15233,10.0,1,10.0
15234,10.0,1,10.0
15235,10.0,1,10.0
15236,10.0,1,10.0
15237,10.0,4,8.0
15238,10.0,3,18.0
15239,10.0,6,17.0
15240,10.0,8,4.0
15241,10.0,1,10.0
15242,10.0,6,17.0
15243,10.0,3,18.0
15244,10.0,2,6.0
15245,10.0,3,18.0
15246,10.0,6,17.0
15247,10.0,1,10.0
15248,10.0,1,10.0
15249,10.0,7,7.0
15250,10.0,6,17.0
15251,10.0,6,17.0
15252,10.0,1,10.0
15253,10.0,1,10.0
15254,10.0,1,10.0
15255,10.0,1,10.0
15256,10.0,1,10.0
15257,10.0,1,10.0
15258,10.0,6,17.0
15259,10.0,6,17.0
15260,10.0,1,10.0
15261,10.0,6,17.0
15262,10.0,1,10.0
15263,10.0,6,17.0
15264,10.0,1,10.0
15265,10.0,1,10.0
15266,10.0,3,18.0
15267,10.0,1,10.0
15268,10.0,7,7.0
15269,10.0,7,7.0
15270,10.0,1,10.0
15271,10.0,3,18.0
15272,10.0,1,10.0
15273,10.0,1,10.0
15274,10.0,1,10.0
15275,10.0,7,7.0
15276,10.0,3,18.0
15277,10.0,6,17.0
15278,10.0,2,6.0
15279,10.0,1,10.0
15280,10.0,4,8.0
15281,10.0,1,10.0
15282,10.0,1,10.0
15283,10.0,7,7.0
15284,10.0,1,10.0
15285,10.0,1,10.0
15286,10.0,3,18.0
15287,10.0,0,9.0
15288,10.0,1,10.0
15289,10.0,1,10.0
15290,10.0,1,10.0
15291,10.0,7,7.0
15292,10.0,7,7.0
15293,10.0,1,10.0
15294,10.0,0,9.0
15295,10.0,1,10.0
15296,10.0,1,10.0
15297,10.0,1,10.0
15298,10.0,7,7.0
15299,10.0,1,10.0
15300,10.0,1,10.0
15301,10.0,7,7.0
15302,10.0,1,10.0
15303,10.0,8,4.0
15304,10.0,1,10.0
15305,10.0,8,4.0
15306,10.0,1,10.0
15307,10.0,1,10.0
15308,10.0,3,18.0
15309,10.0,1,10.0
15310,10.0,1,10.0
15311,10.0,6,17.0
15312,10.0,8,4.0
15313,10.0,1,10.0
15314,10.0,1,10.0
15315,10.0,1,10.0
15316,10.0,1,10.0
15317,10.0,3,18.0
15318,10.0,1,10.0
15319,10.0,8,4.0
15320,10.0,1,10.0
15321,10.0,3,18.0
15322,10.0,1,10.0
15323,10.0,8,4.0
15324,10.0,3,18.0
15325,10.0,7,7.0
15326,10.0,3,18.0
15327,10.0,1,10.0
15328,10.0,3,18.0
15329,10.0,1,10.0
15330,10.0,3,18.0
15331,10.0,3,18.0
15332,10.0,7,7.0
15333,10.0,0,9.0
15334,10.0,3,18.0
15335,10.0,3,18.0
15336,10.0,1,10.0
15337,10.0,1,10.0
15338,10.0,0,9.0
15339,10.0,1,10.0
15340,10.0,1,10.0
15341,10.0,1,10.0
15342,10.0,3,18.0
15343,10.0,1,10.0
15344,10.0,8,4.0
15345,10.0,4,8.0
15346,10.0,2,6.0
15347,10.0,1,10.0
15348,10.0,3,18.0
15349,10.0,1,10.0
15350,10.0,3,18.0
15351,10.0,6,17.0
15352,10.0,7,7.0
15353,10.0,1,10.0
15354,10.0,3,18.0
15355,10.0,3,18.0
15356,10.0,1,10.0
15357,10.0,1,10.0
15358,10.0,7,7.0
15359,10.0,6,17.0
15360,10.0,1,10.0
15361,10.0,1,10.0
15362,10.0,1,10.0
15363,10.0,7,7.0
15364,10.0,1,10.0
15365,10.0,1,10.0
15366,10.0,7,7.0
15367,10.0,8,4.0
15368,10.0,1,10.0
15369,10.0,3,18.0
15370,10.0,7,7.0
15371,10.0,1,10.0
15372,10.0,1,10.0
15373,10.0,7,7.0
15374,10.0,7,7.0
15375,10.0,7,7.0
15376,10.0,1,10.0
15377,10.0,1,10.0
15378,10.0,1,10.0
15379,10.0,1,10.0
15380,10.0,1,10.0
15381,10.0,3,18.0
15382,10.0,1,10.0
15383,10.0,6,17.0
15384,10.0,3,18.0
15385,10.0,3,18.0
15386,10.0,1,10.0
15387,10.0,1,10.0
15388,10.0,1,10.0
15389,10.0,1,10.0
15390,10.0,3,18.0
15391,10.0,1,10.0
15392,10.0,1,10.0
15393,10.0,3,18.0
15394,10.0,1,10.0
15395,10.0,1,10.0
15396,10.0,1,10.0
15397,10.0,3,18.0
15398,10.0,1,10.0
15399,10.0,7,7.0
15400,10.0,1,10.0
15401,10.0,1,10.0
15402,10.0,3,18.0
15403,10.0,3,18.0
15404,10.0,1,10.0
15405,10.0,8,4.0
15406,10.0,1,10.0
15407,10.0,1,10.0
15408,10.0,7,7.0
15409,10.0,1,10.0
15410,10.0,6,17.0
15411,10.0,6,17.0
15412,10.0,2,6.0
15413,10.0,2,6.0
15414,10.0,1,10.0
15415,10.0,3,18.0
15416,10.0,1,10.0
15417,10.0,1,10.0
15418,10.0,1,10.0
15419,10.0,5,2.0
15420,10.0,1,10.0
15421,10.0,7,7.0
15422,10.0,1,10.0
15423,10.0,7,7.0
15424,10.0,1,10.0
15425,10.0,1,10.0
15426,10.0,3,18.0
15427,10.0,3,18.0
15428,10.0,3,18.0
15429,10.0,1,10.0
15430,10.0,1,10.0
15431,10.0,1,10.0
15432,10.0,3,18.0
15433,10.0,4,8.0
15434,10.0,1,10.0
15435,10.0,1,10.0
15436,10.0,1,10.0
15437,10.0,1,10.0
15438,10.0,1,10.0
15439,10.0,1,10.0
15440,10.0,3,18.0
15441,10.0,8,4.0
15442,10.0,3,18.0
15443,10.0,6,17.0
15444,10.0,3,18.0
15445,10.0,1,10.0
15446,10.0,6,17.0
15447,10.0,2,6.0
15448,10.0,1,10.0
15449,10.0,1,10.0
15450,10.0,1,10.0
15451,10.0,3,18.0
15452,10.0,8,4.0
15453,10.0,1,10.0
15454,10.0,2,6.0
15455,10.0,6,17.0
15456,10.0,8,4.0
15457,10.0,3,18.0
15458,10.0,7,7.0
15459,10.0,6,17.0
15460,10.0,1,10.0
15461,10.0,6,17.0
15462,10.0,7,7.0
15463,10.0,3,18.0
15464,10.0,1,10.0
15465,10.0,1,10.0
15466,10.0,3,18.0
15467,10.0,1,10.0
15468,10.0,1,10.0
15469,10.0,1,10.0
15470,10.0,1,10.0
15471,10.0,1,10.0
15472,10.0,3,18.0
15473,10.0,1,10.0
15474,10.0,0,9.0
15475,10.0,1,10.0
15476,10.0,8,4.0
15477,10.0,3,18.0
15478,10.0,1,10.0
15479,10.0,1,10.0
15480,10.0,1,10.0
15481,10.0,1,10.0
15482,10.0,1,10.0
15483,10.0,1,10.0
15484,10.0,1,10.0
15485,10.0,1,10.0
15486,10.0,1,10.0
15487,10.0,3,18.0
15488,10.0,3,18.0
15489,10.0,1,10.0
15490,10.0,3,18.0
15491,10.0,1,10.0
15492,10.0,1,10.0
15493,10.0,8,4.0
15494,10.0,1,10.0
15495,10.0,3,18.0
15496,10.0,1,10.0
15497,10.0,6,17.0
15498,10.0,2,6.0
15499,10.0,1,10.0
15500,10.0,3,18.0
15501,10.0,7,7.0
15502,10.0,1,10.0
15503,10.0,6,17.0
15504,10.0,1,10.0
15505,10.0,6,17.0
15506,10.0,3,18.0
15507,10.0,1,10.0
15508,10.0,1,10.0
15509,10.0,1,10.0
15510,10.0,1,10.0
15511,10.0,1,10.0
15512,10.0,1,10.0
15513,10.0,3,18.0
15514,10.0,1,10.0
15515,10.0,1,10.0
15516,10.0,3,18.0
15517,10.0,1,10.0
15518,10.0,1,10.0
15519,10.0,1,10.0
15520,10.0,7,7.0
15521,10.0,3,18.0
15522,10.0,1,10.0
15523,10.0,1,10.0
15524,10.0,1,10.0
15525,10.0,1,10.0
15526,10.0,4,8.0
15527,10.0,0,9.0
15528,10.0,1,10.0
15529,10.0,2,6.0
15530,10.0,1,10.0
15531,10.0,3,18.0
15532,10.0,1,10.0
15533,10.0,8,4.0
15534,10.0,1,10.0
15535,10.0,1,10.0
15536,10.0,1,10.0
15537,10.0,1,10.0
15538,10.0,1,10.0
15539,10.0,3,18.0
15540,10.0,2,6.0
15541,10.0,7,7.0
15542,10.0,1,10.0
15543,10.0,7,7.0
15544,10.0,1,10.0
15545,10.0,2,6.0
15546,10.0,1,10.0
15547,10.0,1,10.0
15548,10.0,1,10.0
15549,10.0,7,7.0
15550,10.0,1,10.0
15551,10.0,1,10.0
15552,10.0,7,7.0
15553,10.0,5,2.0
15554,10.0,1,10.0
15555,10.0,3,18.0
15556,10.0,7,7.0
15557,10.0,1,10.0
15558,10.0,2,6.0
15559,10.0,3,18.0
15560,10.0,1,10.0
15561,10.0,1,10.0
15562,10.0,3,18.0
15563,10.0,1,10.0
15564,10.0,1,10.0
15565,10.0,6,17.0
15566,10.0,1,10.0
15567,10.0,3,18.0
15568,10.0,1,10.0
15569,10.0,1,10.0
15570,10.0,1,10.0
15571,10.0,7,7.0
15572,10.0,8,4.0
15573,10.0,3,18.0
15574,10.0,1,10.0
15575,10.0,1,10.0
15576,10.0,1,10.0
15577,10.0,4,8.0
15578,10.0,4,8.0
15579,10.0,1,10.0
15580,10.0,3,18.0
15581,10.0,6,17.0
15582,10.0,3,18.0
15583,10.0,0,9.0
15584,10.0,3,18.0
15585,10.0,1,10.0
15586,10.0,7,7.0
15587,10.0,3,18.0
15588,10.0,1,10.0
15589,10.0,7,7.0
15590,10.0,1,10.0
15591,10.0,1,10.0
15592,10.0,1,10.0
15593,10.0,1,10.0
15594,10.0,1,10.0
15595,10.0,3,18.0
15596,10.0,1,10.0
15597,10.0,3,18.0
15598,10.0,2,6.0
15599,10.0,3,18.0
15600,10.0,1,10.0
15601,10.0,1,10.0
15602,10.0,1,10.0
15603,10.0,1,10.0
15604,10.0,1,10.0
15605,10.0,1,10.0
15606,10.0,1,10.0
15607,10.0,1,10.0
15608,10.0,1,10.0
15609,10.0,1,10.0
15610,10.0,3,18.0
15611,10.0,1,10.0
15612,10.0,5,2.0
15613,10.0,1,10.0
15614,10.0,1,10.0
15615,10.0,1,10.0
15616,10.0,1,10.0
15617,10.0,1,10.0
15618,10.0,1,10.0
15619,10.0,1,10.0
15620,10.0,8,4.0
15621,10.0,3,18.0
15622,10.0,1,10.0
15623,10.0,7,7.0
15624,10.0,4,8.0
15625,10.0,1,10.0
15626,10.0,1,10.0
15627,10.0,2,6.0
15628,10.0,1,10.0
15629,10.0,1,10.0
15630,10.0,1,10.0
15631,10.0,4,8.0
15632,10.0,1,10.0
15633,10.0,1,10.0
15634,10.0,6,17.0
15635,10.0,1,10.0
15636,10.0,3,18.0
15637,10.0,3,18.0
15638,10.0,1,10.0
15639,10.0,6,17.0
15640,10.0,6,17.0
15641,10.0,3,18.0
15642,10.0,1,10.0
15643,10.0,1,10.0
15644,10.0,1,10.0
15645,10.0,3,18.0
15646,10.0,3,18.0
15647,10.0,6,17.0
15648,10.0,3,18.0
15649,10.0,3,18.0
15650,10.0,6,17.0
15651,10.0,1,10.0
15652,10.0,3,18.0
15653,10.0,1,10.0
15654,10.0,1,10.0
15655,10.0,1,10.0
15656,10.0,1,10.0
15657,10.0,1,10.0
15658,10.0,1,10.0
15659,10.0,3,18.0
15660,10.0,1,10.0
15661,10.0,7,7.0
15662,10.0,1,10.0
15663,10.0,3,18.0
15664,10.0,1,10.0
15665,10.0,4,8.0
15666,10.0,1,10.0
15667,10.0,1,10.0
15668,10.0,1,10.0
15669,10.0,1,10.0
15670,10.0,1,10.0
15671,10.0,3,18.0
15672,10.0,1,10.0
15673,10.0,3,18.0
15674,10.0,6,17.0
15675,10.0,1,10.0
15676,10.0,8,4.0
15677,10.0,1,10.0
15678,10.0,6,17.0
15679,10.0,1,10.0
15680,10.0,1,10.0
15681,10.0,3,18.0
15682,10.0,1,10.0
15683,10.0,2,6.0
15684,10.0,1,10.0
15685,10.0,3,18.0
15686,10.0,3,18.0
15687,10.0,1,10.0
15688,10.0,1,10.0
15689,10.0,1,10.0
15690,10.0,1,10.0
15691,10.0,4,8.0
15692,10.0,1,10.0
15693,10.0,6,17.0
15694,10.0,6,17.0
15695,10.0,2,6.0
15696,10.0,1,10.0
15697,10.0,3,18.0
15698,10.0,7,7.0
15699,10.0,6,17.0
15700,10.0,3,18.0
15701,10.0,1,10.0
15702,10.0,1,10.0
15703,10.0,1,10.0
15704,10.0,3,18.0
15705,10.0,3,18.0
15706,10.0,1,10.0
15707,10.0,3,18.0
15708,10.0,1,10.0
15709,10.0,1,10.0
15710,10.0,1,10.0
15711,10.0,1,10.0
15712,10.0,1,10.0
15713,10.0,1,10.0
15714,10.0,3,18.0
15715,10.0,3,18.0
15716,10.0,4,8.0
15717,10.0,1,10.0
15718,10.0,1,10.0
15719,10.0,1,10.0
15720,10.0,1,10.0
15721,10.0,1,10.0
15722,10.0,4,8.0
15723,10.0,3,18.0
15724,10.0,3,18.0
15725,10.0,1,10.0
15726,10.0,7,7.0
15727,10.0,1,10.0
15728,10.0,1,10.0
15729,10.0,3,18.0
15730,10.0,3,18.0
15731,10.0,1,10.0
15732,10.0,4,8.0
15733,10.0,1,10.0
15734,10.0,6,17.0
15735,10.0,1,10.0
15736,10.0,3,18.0
15737,10.0,6,17.0
15738,10.0,1,10.0
15739,10.0,1,10.0
15740,10.0,6,17.0
15741,10.0,3,18.0
15742,10.0,3,18.0
15743,10.0,1,10.0
15744,10.0,1,10.0
15745,10.0,3,18.0
15746,10.0,1,10.0
15747,10.0,1,10.0
15748,10.0,3,18.0
15749,10.0,3,18.0
15750,10.0,1,10.0
15751,10.0,2,6.0
15752,10.0,1,10.0
15753,10.0,1,10.0
15754,10.0,0,9.0
15755,10.0,1,10.0
15756,10.0,7,7.0
15757,10.0,1,10.0
15758,10.0,6,17.0
15759,10.0,1,10.0
15760,10.0,1,10.0
15761,10.0,3,18.0
15762,10.0,3,18.0
15763,10.0,1,10.0
15764,10.0,1,10.0
15765,10.0,3,18.0
15766,10.0,3,18.0
15767,10.0,1,10.0
15768,10.0,1,10.0
15769,10.0,3,18.0
15770,10.0,7,7.0
15771,10.0,6,17.0
15772,10.0,2,6.0
15773,10.0,1,10.0
15774,10.0,3,18.0
15775,10.0,1,10.0
15776,10.0,1,10.0
15777,10.0,1,10.0
15778,10.0,8,4.0
15779,10.0,3,18.0
15780,10.0,1,10.0
15781,10.0,7,7.0
15782,10.0,1,10.0
15783,10.0,8,4.0
15784,10.0,1,10.0
15785,10.0,3,18.0
15786,10.0,3,18.0
15787,10.0,1,10.0
15788,10.0,8,4.0
15789,10.0,1,10.0
15790,10.0,8,4.0
15791,10.0,1,10.0
15792,10.0,1,10.0
15793,10.0,1,10.0
15794,10.0,1,10.0
15795,10.0,2,6.0
15796,10.0,1,10.0
15797,10.0,8,4.0
15798,10.0,3,18.0
15799,10.0,1,10.0
15800,10.0,3,18.0
15801,10.0,1,10.0
15802,10.0,1,10.0
15803,10.0,6,17.0
15804,10.0,7,7.0
15805,10.0,1,10.0
15806,10.0,1,10.0
15807,10.0,3,18.0
15808,10.0,3,18.0
15809,10.0,3,18.0
15810,10.0,1,10.0
15811,10.0,7,7.0
15812,10.0,3,18.0
15813,10.0,3,18.0
15814,10.0,1,10.0
15815,10.0,1,10.0
15816,10.0,1,10.0
15817,10.0,1,10.0
15818,10.0,3,18.0
15819,10.0,1,10.0
15820,10.0,6,17.0
15821,10.0,6,17.0
15822,10.0,8,4.0
15823,10.0,1,10.0
15824,10.0,4,8.0
15825,10.0,6,17.0
15826,10.0,6,17.0
15827,10.0,1,10.0
15828,10.0,1,10.0
15829,10.0,1,10.0
15830,10.0,3,18.0
15831,10.0,7,7.0
15832,10.0,8,4.0
15833,10.0,1,10.0
15834,10.0,0,9.0
15835,10.0,1,10.0
15836,10.0,1,10.0
15837,10.0,1,10.0
15838,10.0,1,10.0
15839,10.0,3,18.0
15840,10.0,3,18.0
15841,10.0,1,10.0
15842,10.0,3,18.0
15843,10.0,1,10.0
15844,10.0,1,10.0
15845,10.0,1,10.0
15846,10.0,3,18.0
15847,10.0,1,10.0
15848,10.0,3,18.0
15849,10.0,3,18.0
15850,10.0,1,10.0
15851,10.0,3,18.0
15852,10.0,3,18.0
15853,10.0,1,10.0
15854,10.0,1,10.0
15855,10.0,6,17.0
15856,10.0,6,17.0
15857,10.0,1,10.0
15858,10.0,8,4.0
15859,10.0,1,10.0
15860,10.0,1,10.0
15861,10.0,1,10.0
15862,10.0,3,18.0
15863,10.0,3,18.0
15864,10.0,6,17.0
15865,10.0,3,18.0
15866,10.0,1,10.0
15867,10.0,1,10.0
15868,10.0,1,10.0
15869,10.0,3,18.0
15870,10.0,1,10.0
15871,10.0,1,10.0
15872,10.0,3,18.0
15873,10.0,1,10.0
15874,10.0,1,10.0
15875,10.0,1,10.0
15876,10.0,1,10.0
15877,10.0,3,18.0
15878,10.0,1,10.0
15879,10.0,7,7.0
15880,10.0,1,10.0
15881,10.0,1,10.0
15882,10.0,2,6.0
15883,10.0,3,18.0
15884,10.0,1,10.0
15885,10.0,8,4.0
15886,10.0,2,6.0
15887,10.0,3,18.0
15888,10.0,1,10.0
15889,10.0,3,18.0
15890,10.0,1,10.0
15891,10.0,3,18.0
15892,10.0,3,18.0
15893,10.0,2,6.0
15894,10.0,6,17.0
15895,10.0,4,8.0
15896,10.0,1,10.0
15897,10.0,3,18.0
15898,10.0,1,10.0
15899,10.0,7,7.0
15900,10.0,1,10.0
15901,10.0,1,10.0
15902,10.0,1,10.0
15903,10.0,5,2.0
15904,10.0,1,10.0
15905,10.0,6,17.0
15906,10.0,3,18.0
15907,10.0,6,17.0
15908,10.0,1,10.0
15909,10.0,0,9.0
15910,10.0,8,4.0
15911,10.0,7,7.0
15912,10.0,1,10.0
15913,10.0,1,10.0
15914,10.0,7,7.0
15915,10.0,1,10.0
15916,10.0,0,9.0
15917,10.0,1,10.0
15918,10.0,1,10.0
15919,10.0,1,10.0
15920,10.0,1,10.0
15921,10.0,1,10.0
15922,10.0,1,10.0
15923,10.0,3,18.0
15924,10.0,1,10.0
15925,10.0,1,10.0
15926,10.0,6,17.0
15927,10.0,1,10.0
15928,10.0,1,10.0
15929,10.0,1,10.0
15930,10.0,1,10.0
15931,10.0,1,10.0
15932,10.0,2,6.0
15933,10.0,1,10.0
15934,10.0,7,7.0
15935,10.0,7,7.0
15936,10.0,6,17.0
15937,10.0,1,10.0
15938,10.0,1,10.0
15939,10.0,1,10.0
15940,10.0,1,10.0
15941,10.0,1,10.0
15942,10.0,3,18.0
15943,10.0,3,18.0
15944,10.0,3,18.0
15945,10.0,0,9.0
15946,10.0,0,9.0
15947,10.0,1,10.0
15948,10.0,3,18.0
15949,10.0,1,10.0
15950,10.0,7,7.0
15951,10.0,1,10.0
15952,10.0,4,8.0
15953,10.0,1,10.0
15954,10.0,6,17.0
15955,10.0,6,17.0
15956,10.0,1,10.0
15957,10.0,1,10.0
15958,10.0,3,18.0
15959,10.0,0,9.0
15960,10.0,1,10.0
15961,10.0,1,10.0
15962,10.0,3,18.0
15963,10.0,1,10.0
15964,10.0,3,18.0
15965,10.0,1,10.0
15966,10.0,1,10.0
15967,10.0,1,10.0
15968,10.0,3,18.0
15969,10.0,3,18.0
15970,10.0,5,2.0
15971,10.0,1,10.0
15972,10.0,8,4.0
15973,10.0,3,18.0
15974,10.0,2,6.0
15975,10.0,1,10.0
15976,10.0,6,17.0
15977,10.0,0,9.0
15978,10.0,1,10.0
15979,10.0,1,10.0
15980,10.0,3,18.0
15981,10.0,1,10.0
15982,10.0,3,18.0
15983,10.0,2,6.0
15984,10.0,1,10.0
15985,10.0,3,18.0
15986,10.0,1,10.0
15987,10.0,7,7.0
15988,10.0,1,10.0
15989,10.0,1,10.0
15990,10.0,7,7.0
15991,10.0,1,10.0
15992,10.0,1,10.0
15993,10.0,1,10.0
15994,10.0,3,18.0
15995,10.0,1,10.0
15996,10.0,1,10.0
15997,10.0,3,18.0
15998,10.0,3,18.0
15999,10.0,6,17.0
16000,10.0,7,7.0
16001,10.0,1,10.0
16002,10.0,1,10.0
16003,10.0,1,10.0
16004,10.0,3,18.0
16005,10.0,2,6.0
16006,10.0,1,10.0
16007,10.0,1,10.0
16008,10.0,1,10.0
16009,10.0,1,10.0
16010,10.0,1,10.0
16011,10.0,3,18.0
16012,10.0,4,8.0
16013,10.0,1,10.0
16014,10.0,1,10.0
16015,10.0,7,7.0
16016,10.0,1,10.0
16017,10.0,3,18.0
16018,10.0,1,10.0
16019,10.0,6,17.0
16020,10.0,4,8.0
16021,10.0,8,4.0
16022,10.0,6,17.0
16023,10.0,1,10.0
16024,10.0,3,18.0
16025,10.0,0,9.0
16026,10.0,1,10.0
16027,10.0,7,7.0
16028,10.0,8,4.0
16029,10.0,1,10.0
16030,10.0,1,10.0
16031,10.0,3,18.0
16032,10.0,3,18.0
16033,10.0,1,10.0
16034,10.0,6,17.0
16035,10.0,1,10.0
16036,10.0,3,18.0
16037,10.0,8,4.0
16038,10.0,1,10.0
16039,10.0,3,18.0
16040,10.0,1,10.0
16041,10.0,3,18.0
16042,10.0,6,17.0
16043,10.0,1,10.0
16044,10.0,3,18.0
16045,10.0,3,18.0
16046,10.0,1,10.0
16047,10.0,3,18.0
16048,10.0,8,4.0
16049,10.0,1,10.0
16050,10.0,1,10.0
16051,10.0,1,10.0
16052,10.0,1,10.0
16053,10.0,1,10.0
16054,10.0,3,18.0
16055,10.0,4,8.0
16056,10.0,1,10.0
16057,10.0,6,17.0
16058,10.0,1,10.0
16059,10.0,3,18.0
16060,10.0,7,7.0
16061,10.0,3,18.0
16062,10.0,1,10.0
16063,10.0,1,10.0
16064,10.0,6,17.0
16065,10.0,3,18.0
16066,10.0,0,9.0
16067,10.0,7,7.0
16068,10.0,6,17.0
16069,10.0,3,18.0
16070,10.0,3,18.0
16071,10.0,2,6.0
16072,10.0,2,6.0
16073,10.0,6,17.0
16074,10.0,1,10.0
16075,10.0,1,10.0
16076,10.0,3,18.0
16077,10.0,0,9.0
16078,10.0,1,10.0
16079,10.0,1,10.0
16080,10.0,7,7.0
16081,10.0,8,4.0
16082,10.0,1,10.0
16083,10.0,7,7.0
16084,10.0,3,18.0
16085,10.0,0,9.0
16086,10.0,1,10.0
16087,10.0,1,10.0
16088,10.0,3,18.0
16089,10.0,7,7.0
16090,10.0,8,4.0
16091,10.0,2,6.0
16092,10.0,3,18.0
16093,10.0,6,17.0
16094,10.0,1,10.0
16095,10.0,1,10.0
16096,10.0,1,10.0
16097,10.0,7,7.0
16098,10.0,1,10.0
16099,10.0,3,18.0
16100,10.0,3,18.0
16101,10.0,1,10.0
16102,10.0,4,8.0
16103,10.0,1,10.0
16104,10.0,1,10.0
16105,10.0,3,18.0
16106,10.0,1,10.0
16107,10.0,1,10.0
16108,10.0,1,10.0
16109,10.0,1,10.0
16110,10.0,1,10.0
16111,10.0,4,8.0
16112,10.0,1,10.0
16113,10.0,1,10.0
16114,10.0,7,7.0
16115,10.0,1,10.0
16116,10.0,1,10.0
16117,10.0,1,10.0
16118,10.0,6,17.0
16119,10.0,1,10.0
16120,10.0,1,10.0
16121,10.0,7,7.0
16122,10.0,4,8.0
16123,10.0,1,10.0
16124,10.0,3,18.0
16125,10.0,1,10.0
16126,10.0,3,18.0
16127,10.0,1,10.0
16128,10.0,1,10.0
16129,10.0,1,10.0
16130,10.0,3,18.0
16131,10.0,1,10.0
16132,10.0,1,10.0
16133,10.0,7,7.0
16134,10.0,3,18.0
16135,10.0,1,10.0
16136,10.0,3,18.0
16137,10.0,1,10.0
16138,10.0,3,18.0
16139,10.0,1,10.0
16140,10.0,1,10.0
16141,10.0,3,18.0
16142,10.0,1,10.0
16143,10.0,4,8.0
16144,10.0,6,17.0
16145,10.0,7,7.0
16146,10.0,3,18.0
16147,10.0,1,10.0
16148,10.0,1,10.0
16149,10.0,3,18.0
16150,10.0,8,4.0
16151,10.0,1,10.0
16152,10.0,3,18.0
16153,10.0,1,10.0
16154,10.0,7,7.0
16155,10.0,1,10.0
16156,10.0,3,18.0
16157,10.0,1,10.0
16158,10.0,1,10.0
16159,10.0,1,10.0
16160,10.0,1,10.0
16161,10.0,1,10.0
16162,10.0,1,10.0
16163,10.0,7,7.0
16164,10.0,6,17.0
16165,10.0,7,7.0
16166,10.0,8,4.0
16167,10.0,1,10.0
16168,10.0,1,10.0
16169,10.0,1,10.0
16170,10.0,4,8.0
16171,10.0,1,10.0
16172,10.0,1,10.0
16173,10.0,8,4.0
16174,10.0,1,10.0
16175,10.0,8,4.0
16176,10.0,1,10.0
16177,10.0,1,10.0
16178,10.0,8,4.0
16179,10.0,1,10.0
16180,10.0,1,10.0
16181,10.0,1,10.0
16182,10.0,1,10.0
16183,10.0,4,8.0
16184,10.0,1,10.0
16185,10.0,1,10.0
16186,10.0,1,10.0
16187,10.0,3,18.0
16188,10.0,1,10.0
16189,10.0,3,18.0
16190,10.0,6,17.0
16191,10.0,1,10.0
16192,10.0,1,10.0
16193,10.0,0,9.0
16194,10.0,0,9.0
16195,10.0,1,10.0
16196,10.0,3,18.0
16197,10.0,1,10.0
16198,10.0,1,10.0
16199,10.0,7,7.0
16200,10.0,1,10.0
16201,10.0,1,10.0
16202,10.0,1,10.0
16203,10.0,1,10.0
16204,10.0,1,10.0
16205,10.0,1,10.0
16206,10.0,7,7.0
16207,10.0,1,10.0
16208,10.0,3,18.0
16209,10.0,2,6.0
16210,10.0,0,9.0
16211,10.0,3,18.0
16212,10.0,3,18.0
16213,10.0,1,10.0
16214,10.0,1,10.0
16215,10.0,7,7.0
16216,10.0,1,10.0
16217,10.0,1,10.0
16218,10.0,3,18.0
16219,10.0,1,10.0
16220,10.0,8,4.0
16221,10.0,3,18.0
16222,10.0,1,10.0
16223,10.0,2,6.0
16224,10.0,1,10.0
16225,10.0,3,18.0
16226,10.0,1,10.0
16227,10.0,3,18.0
16228,10.0,1,10.0
16229,10.0,0,9.0
16230,10.0,3,18.0
16231,10.0,3,18.0
16232,10.0,1,10.0
16233,10.0,3,18.0
16234,10.0,3,18.0
16235,10.0,3,18.0
16236,10.0,1,10.0
16237,10.0,7,7.0
16238,10.0,1,10.0
16239,10.0,1,10.0
16240,10.0,1,10.0
16241,10.0,3,18.0
16242,10.0,1,10.0
16243,10.0,3,18.0
16244,10.0,1,10.0
16245,10.0,6,17.0
16246,10.0,1,10.0
16247,10.0,1,10.0
16248,10.0,4,8.0
16249,10.0,1,10.0
16250,10.0,3,18.0
16251,10.0,2,6.0
16252,10.0,1,10.0
16253,10.0,1,10.0
16254,10.0,8,4.0
16255,10.0,1,10.0
16256,10.0,1,10.0
16257,10.0,1,10.0
16258,10.0,1,10.0
16259,10.0,1,10.0
16260,10.0,1,10.0
16261,10.0,1,10.0
16262,10.0,1,10.0
16263,10.0,4,8.0
16264,10.0,1,10.0
16265,10.0,6,17.0
16266,10.0,1,10.0
16267,10.0,3,18.0
16268,10.0,1,10.0
16269,10.0,1,10.0
16270,10.0,8,4.0
16271,10.0,8,4.0
16272,10.0,1,10.0
16273,10.0,3,18.0
16274,10.0,1,10.0
16275,10.0,3,18.0
16276,10.0,8,4.0
16277,10.0,1,10.0
16278,10.0,1,10.0
16279,10.0,6,17.0
16280,10.0,1,10.0
16281,10.0,3,18.0
16282,10.0,1,10.0
16283,10.0,3,18.0
16284,10.0,1,10.0
16285,10.0,1,10.0
16286,10.0,1,10.0
16287,10.0,1,10.0
16288,10.0,1,10.0
16289,10.0,1,10.0
16290,10.0,1,10.0
16291,10.0,7,7.0
16292,10.0,1,10.0
16293,10.0,1,10.0
16294,10.0,1,10.0
16295,10.0,2,6.0
16296,10.0,1,10.0
16297,10.0,3,18.0
16298,10.0,3,18.0
16299,10.0,1,10.0
16300,10.0,8,4.0
16301,10.0,1,10.0
16302,10.0,3,18.0
16303,10.0,1,10.0
16304,10.0,1,10.0
16305,10.0,1,10.0
16306,10.0,1,10.0
16307,10.0,3,18.0
16308,10.0,2,6.0
16309,10.0,1,10.0
16310,10.0,1,10.0
16311,10.0,7,7.0
16312,10.0,1,10.0
16313,10.0,1,10.0
16314,10.0,1,10.0
16315,10.0,1,10.0
16316,10.0,1,10.0
16317,10.0,1,10.0
16318,10.0,1,10.0
16319,10.0,6,17.0
16320,10.0,1,10.0
16321,10.0,0,9.0
16322,10.0,3,18.0
16323,10.0,1,10.0
16324,10.0,1,10.0
16325,10.0,1,10.0
16326,10.0,1,10.0
16327,10.0,1,10.0
16328,10.0,2,6.0
16329,10.0,3,18.0
16330,10.0,7,7.0
16331,10.0,1,10.0
16332,10.0,1,10.0
16333,10.0,6,17.0
16334,10.0,4,8.0
16335,10.0,1,10.0
16336,10.0,1,10.0
16337,10.0,2,6.0
16338,10.0,1,10.0
16339,10.0,1,10.0
16340,10.0,7,7.0
16341,10.0,1,10.0
16342,10.0,1,10.0
16343,10.0,1,10.0
16344,10.0,1,10.0
16345,10.0,3,18.0
16346,10.0,7,7.0
16347,10.0,6,17.0
16348,10.0,1,10.0
16349,10.0,1,10.0
16350,10.0,1,10.0
16351,10.0,3,18.0
16352,10.0,6,17.0
16353,10.0,1,10.0
16354,10.0,6,17.0
16355,10.0,1,10.0
16356,10.0,6,17.0
16357,10.0,1,10.0
16358,10.0,7,7.0
16359,10.0,1,10.0
16360,10.0,1,10.0
16361,10.0,1,10.0
16362,10.0,1,10.0
16363,10.0,1,10.0
16364,10.0,1,10.0
16365,10.0,1,10.0
16366,10.0,0,9.0
16367,10.0,3,18.0
16368,10.0,5,2.0
16369,10.0,1,10.0
16370,10.0,1,10.0
16371,10.0,7,7.0
16372,10.0,1,10.0
16373,10.0,1,10.0
16374,10.0,1,10.0
16375,10.0,1,10.0
16376,10.0,1,10.0
16377,10.0,1,10.0
16378,10.0,1,10.0
16379,10.0,7,7.0
16380,10.0,1,10.0
16381,10.0,1,10.0
16382,10.0,1,10.0
16383,10.0,1,10.0
16384,10.0,1,10.0
16385,10.0,3,18.0
16386,10.0,3,18.0
16387,10.0,1,10.0
16388,10.0,1,10.0
16389,10.0,1,10.0
16390,10.0,8,4.0
16391,10.0,3,18.0
16392,10.0,3,18.0
16393,10.0,3,18.0
16394,10.0,1,10.0
16395,10.0,3,18.0
16396,10.0,1,10.0
16397,10.0,1,10.0
16398,10.0,1,10.0
16399,10.0,1,10.0
16400,10.0,1,10.0
16401,10.0,3,18.0
16402,10.0,1,10.0
16403,10.0,1,10.0
16404,10.0,3,18.0
16405,10.0,8,4.0
16406,10.0,3,18.0
16407,10.0,1,10.0
16408,10.0,3,18.0
16409,10.0,3,18.0
16410,10.0,4,8.0
16411,10.0,1,10.0
16412,10.0,1,10.0
16413,10.0,6,17.0
16414,10.0,1,10.0
16415,10.0,3,18.0
16416,10.0,3,18.0
16417,10.0,3,18.0
16418,10.0,1,10.0
16419,10.0,1,10.0
16420,10.0,0,9.0
16421,10.0,1,10.0
16422,10.0,1,10.0
16423,10.0,6,17.0
16424,10.0,1,10.0
16425,10.0,2,6.0
16426,10.0,1,10.0
16427,10.0,3,18.0
16428,10.0,1,10.0
16429,10.0,1,10.0
16430,10.0,1,10.0
16431,10.0,1,10.0
16432,10.0,1,10.0
16433,10.0,3,18.0
16434,10.0,1,10.0
16435,10.0,1,10.0
16436,10.0,7,7.0
16437,10.0,0,9.0
16438,10.0,1,10.0
16439,10.0,1,10.0
16440,10.0,0,9.0
16441,10.0,3,18.0
16442,10.0,1,10.0
16443,10.0,3,18.0
16444,10.0,1,10.0
16445,10.0,3,18.0
16446,10.0,7,7.0
16447,10.0,3,18.0
16448,10.0,1,10.0
16449,10.0,2,6.0
16450,10.0,1,10.0
16451,10.0,2,6.0
16452,10.0,1,10.0
16453,10.0,4,8.0
16454,10.0,3,18.0
16455,10.0,2,6.0
16456,10.0,1,10.0
16457,10.0,1,10.0
16458,10.0,3,18.0
16459,10.0,1,10.0
16460,10.0,1,10.0
16461,10.0,1,10.0
16462,10.0,3,18.0
16463,10.0,1,10.0
16464,10.0,8,4.0
16465,10.0,1,10.0
16466,10.0,1,10.0
16467,10.0,1,10.0
16468,10.0,8,4.0
16469,10.0,3,18.0
16470,10.0,1,10.0
16471,10.0,1,10.0
16472,10.0,1,10.0
16473,10.0,2,6.0
16474,10.0,8,4.0
16475,10.0,1,10.0
16476,10.0,6,17.0
16477,10.0,1,10.0
16478,10.0,1,10.0
16479,10.0,6,17.0
16480,10.0,2,6.0
16481,10.0,7,7.0
16482,10.0,1,10.0
16483,10.0,0,9.0
16484,10.0,1,10.0
16485,10.0,1,10.0
16486,10.0,7,7.0
16487,10.0,3,18.0
16488,10.0,6,17.0
16489,10.0,1,10.0
16490,10.0,1,10.0
16491,10.0,3,18.0
16492,10.0,3,18.0
16493,10.0,6,17.0
16494,10.0,1,10.0
16495,10.0,3,18.0
16496,10.0,7,7.0
16497,10.0,1,10.0
16498,10.0,1,10.0
16499,10.0,5,2.0
16500,10.0,3,18.0
16501,10.0,1,10.0
16502,10.0,7,7.0
16503,10.0,3,18.0
16504,10.0,3,18.0
16505,10.0,1,10.0
16506,10.0,1,10.0
16507,10.0,1,10.0
16508,10.0,1,10.0
16509,10.0,1,10.0
16510,10.0,1,10.0
16511,10.0,1,10.0
16512,10.0,1,10.0
16513,10.0,8,4.0
16514,10.0,1,10.0
16515,10.0,6,17.0
16516,10.0,1,10.0
16517,10.0,1,10.0
16518,10.0,3,18.0
16519,10.0,8,4.0
16520,10.0,1,10.0
16521,10.0,1,10.0
16522,10.0,3,18.0
16523,10.0,1,10.0
16524,10.0,3,18.0
16525,10.0,1,10.0
16526,10.0,3,18.0
16527,10.0,1,10.0
16528,10.0,6,17.0
16529,10.0,1,10.0
16530,10.0,1,10.0
16531,10.0,4,8.0
16532,10.0,3,18.0
16533,10.0,7,7.0
16534,10.0,1,10.0
16535,10.0,3,18.0
16536,10.0,3,18.0
16537,10.0,6,17.0
16538,10.0,8,4.0
16539,10.0,6,17.0
16540,10.0,1,10.0
16541,10.0,1,10.0
16542,10.0,1,10.0
16543,10.0,0,9.0
16544,10.0,7,7.0
16545,10.0,7,7.0
16546,10.0,1,10.0
16547,10.0,1,10.0
16548,10.0,1,10.0
16549,10.0,1,10.0
16550,10.0,1,10.0
16551,10.0,3,18.0
16552,10.0,1,10.0
16553,10.0,1,10.0
16554,10.0,6,17.0
16555,10.0,1,10.0
16556,10.0,0,9.0
16557,10.0,3,18.0
16558,10.0,3,18.0
16559,10.0,1,10.0
16560,10.0,1,10.0
16561,10.0,3,18.0
16562,10.0,2,6.0
16563,10.0,6,17.0
16564,10.0,1,10.0
16565,10.0,0,9.0
16566,10.0,1,10.0
16567,10.0,1,10.0
16568,10.0,8,4.0
16569,10.0,1,10.0
16570,10.0,0,9.0
16571,10.0,1,10.0
16572,10.0,1,10.0
16573,10.0,8,4.0
16574,10.0,1,10.0
16575,10.0,1,10.0
16576,10.0,1,10.0
16577,10.0,0,9.0
16578,10.0,2,6.0
16579,10.0,3,18.0
16580,10.0,4,8.0
16581,10.0,1,10.0
16582,10.0,1,10.0
16583,10.0,7,7.0
16584,10.0,3,18.0
16585,10.0,1,10.0
16586,10.0,7,7.0
16587,10.0,1,10.0
16588,10.0,1,10.0
16589,10.0,1,10.0
16590,10.0,1,10.0
16591,10.0,1,10.0
16592,10.0,1,10.0
16593,10.0,1,10.0
16594,10.0,1,10.0
16595,10.0,1,10.0
16596,10.0,3,18.0
16597,10.0,3,18.0
16598,10.0,1,10.0
16599,10.0,1,10.0
16600,10.0,3,18.0
16601,10.0,3,18.0
16602,10.0,7,7.0
16603,10.0,1,10.0
16604,10.0,7,7.0
16605,10.0,7,7.0
16606,10.0,1,10.0
16607,10.0,1,10.0
16608,10.0,1,10.0
16609,10.0,1,10.0
16610,10.0,3,18.0
16611,10.0,1,10.0
16612,10.0,7,7.0
16613,10.0,6,17.0
16614,10.0,1,10.0
16615,10.0,4,8.0
16616,10.0,1,10.0
16617,10.0,6,17.0
16618,10.0,1,10.0
16619,10.0,1,10.0
16620,10.0,1,10.0
16621,10.0,1,10.0
16622,10.0,1,10.0
16623,10.0,1,10.0
16624,10.0,7,7.0
16625,10.0,1,10.0
16626,10.0,3,18.0
16627,10.0,1,10.0
16628,10.0,1,10.0
16629,10.0,3,18.0
16630,10.0,1,10.0
16631,10.0,1,10.0
16632,10.0,1,10.0
16633,10.0,1,10.0
16634,10.0,1,10.0
16635,10.0,8,4.0
16636,10.0,1,10.0
16637,10.0,3,18.0
16638,10.0,3,18.0
16639,10.0,1,10.0
16640,10.0,2,6.0
16641,10.0,1,10.0
16642,10.0,1,10.0
16643,10.0,1,10.0
16644,10.0,1,10.0
16645,10.0,3,18.0
16646,10.0,1,10.0
16647,10.0,4,8.0
16648,10.0,3,18.0
16649,10.0,1,10.0
16650,10.0,1,10.0
16651,10.0,3,18.0
16652,10.0,1,10.0
16653,10.0,1,10.0
16654,10.0,3,18.0
16655,10.0,2,6.0
16656,10.0,1,10.0
16657,10.0,3,18.0
16658,10.0,1,10.0
16659,10.0,1,10.0
16660,10.0,1,10.0
16661,10.0,1,10.0
16662,10.0,1,10.0
16663,10.0,6,17.0
16664,10.0,1,10.0
16665,10.0,7,7.0
16666,10.0,1,10.0
16667,10.0,7,7.0
16668,10.0,1,10.0
16669,10.0,1,10.0
16670,10.0,7,7.0
16671,10.0,3,18.0
16672,10.0,3,18.0
16673,10.0,3,18.0
16674,10.0,3,18.0
16675,10.0,1,10.0
16676,10.0,3,18.0
16677,10.0,9,13.0
16678,10.0,1,10.0
16679,10.0,1,10.0
16680,10.0,1,10.0
16681,10.0,1,10.0
16682,10.0,1,10.0
16683,10.0,4,8.0
16684,10.0,1,10.0
16685,10.0,3,18.0
16686,10.0,1,10.0
16687,10.0,3,18.0
16688,10.0,1,10.0
16689,10.0,6,17.0
16690,10.0,1,10.0
16691,10.0,1,10.0
16692,10.0,1,10.0
16693,10.0,1,10.0
16694,10.0,1,10.0
16695,10.0,2,6.0
16696,10.0,1,10.0
16697,10.0,1,10.0
16698,10.0,1,10.0
16699,10.0,1,10.0
16700,10.0,1,10.0
16701,10.0,1,10.0
16702,10.0,5,2.0
16703,10.0,1,10.0
16704,10.0,1,10.0
16705,10.0,7,7.0
16706,10.0,1,10.0
16707,10.0,0,9.0
16708,10.0,6,17.0
16709,10.0,3,18.0
16710,10.0,1,10.0
16711,10.0,1,10.0
16712,10.0,1,10.0
16713,10.0,7,7.0
16714,10.0,1,10.0
16715,10.0,1,10.0
16716,10.0,3,18.0
16717,10.0,6,17.0
16718,10.0,1,10.0
16719,10.0,1,10.0
16720,10.0,7,7.0
16721,10.0,1,10.0
16722,10.0,1,10.0
16723,10.0,8,4.0
16724,10.0,3,18.0
16725,10.0,1,10.0
16726,10.0,1,10.0
16727,10.0,3,18.0
16728,10.0,8,4.0
16729,10.0,3,18.0
16730,10.0,6,17.0
16731,10.0,3,18.0
16732,10.0,3,18.0
16733,10.0,1,10.0
16734,10.0,1,10.0
16735,10.0,6,17.0
16736,10.0,3,18.0
16737,10.0,1,10.0
16738,10.0,8,4.0
16739,10.0,1,10.0
16740,10.0,1,10.0
16741,10.0,1,10.0
16742,10.0,1,10.0
16743,10.0,1,10.0
16744,10.0,0,9.0
16745,10.0,2,6.0
16746,10.0,1,10.0
16747,10.0,3,18.0
16748,10.0,8,4.0
16749,10.0,1,10.0
16750,10.0,1,10.0
16751,10.0,1,10.0
16752,10.0,1,10.0
16753,10.0,7,7.0
16754,10.0,1,10.0
16755,10.0,1,10.0
16756,10.0,1,10.0
16757,10.0,3,18.0
16758,10.0,3,18.0
16759,10.0,3,18.0
16760,10.0,1,10.0
16761,10.0,1,10.0
16762,10.0,1,10.0
16763,10.0,0,9.0
16764,10.0,3,18.0
16765,10.0,1,10.0
16766,10.0,7,7.0
16767,10.0,1,10.0
16768,10.0,1,10.0
16769,10.0,1,10.0
16770,10.0,1,10.0
16771,10.0,1,10.0
16772,10.0,1,10.0
16773,10.0,1,10.0
16774,10.0,1,10.0
16775,10.0,3,18.0
16776,10.0,3,18.0
16777,10.0,1,10.0
16778,10.0,1,10.0
16779,10.0,2,6.0
16780,10.0,1,10.0
16781,10.0,6,17.0
16782,10.0,6,17.0
16783,10.0,6,17.0
16784,10.0,3,18.0
16785,10.0,2,6.0
16786,10.0,1,10.0
16787,10.0,3,18.0
16788,10.0,1,10.0
16789,10.0,6,17.0
16790,10.0,2,6.0
16791,10.0,5,2.0
16792,10.0,6,17.0
16793,10.0,1,10.0
16794,10.0,1,10.0
16795,10.0,1,10.0
16796,10.0,1,10.0
16797,10.0,7,7.0
16798,10.0,7,7.0
16799,10.0,1,10.0
16800,10.0,3,18.0
16801,10.0,7,7.0
16802,10.0,1,10.0
16803,10.0,7,7.0
16804,10.0,1,10.0
16805,10.0,1,10.0
16806,10.0,1,10.0
16807,10.0,3,18.0
16808,10.0,1,10.0
16809,10.0,1,10.0
16810,10.0,1,10.0
16811,10.0,3,18.0
16812,10.0,3,18.0
16813,10.0,1,10.0
16814,10.0,1,10.0
16815,10.0,0,9.0
16816,10.0,1,10.0
16817,10.0,1,10.0
16818,10.0,3,18.0
16819,10.0,1,10.0
16820,10.0,3,18.0
16821,10.0,1,10.0
16822,10.0,3,18.0
16823,10.0,1,10.0
16824,10.0,7,7.0
16825,10.0,1,10.0
16826,10.0,3,18.0
16827,10.0,6,17.0
16828,10.0,3,18.0
16829,10.0,1,10.0
16830,10.0,7,7.0
16831,10.0,1,10.0
16832,10.0,1,10.0
16833,10.0,2,6.0
16834,10.0,1,10.0
16835,10.0,1,10.0
16836,10.0,6,17.0
16837,10.0,1,10.0
16838,10.0,3,18.0
16839,10.0,3,18.0
16840,10.0,5,2.0
16841,10.0,1,10.0
16842,10.0,1,10.0
16843,10.0,4,8.0
16844,10.0,1,10.0
16845,10.0,5,2.0
16846,10.0,1,10.0
16847,10.0,4,8.0
16848,10.0,1,10.0
16849,10.0,1,10.0
16850,10.0,1,10.0
16851,10.0,1,10.0
16852,10.0,3,18.0
16853,10.0,3,18.0
16854,10.0,1,10.0
16855,10.0,3,18.0
16856,10.0,3,18.0
16857,10.0,1,10.0
16858,10.0,3,18.0
16859,10.0,8,4.0
16860,10.0,1,10.0
16861,10.0,1,10.0
16862,10.0,1,10.0
16863,10.0,1,10.0
16864,10.0,1,10.0
16865,10.0,1,10.0
16866,10.0,8,4.0
16867,10.0,1,10.0
16868,10.0,1,10.0
16869,10.0,1,10.0
16870,10.0,1,10.0
16871,10.0,3,18.0
16872,10.0,8,4.0
16873,10.0,1,10.0
16874,10.0,1,10.0
16875,10.0,1,10.0
16876,10.0,6,17.0
16877,10.0,1,10.0
16878,10.0,7,7.0
16879,10.0,1,10.0
16880,10.0,6,17.0
16881,10.0,1,10.0
16882,10.0,1,10.0
16883,10.0,1,10.0
16884,10.0,3,18.0
16885,10.0,3,18.0
16886,10.0,6,17.0
16887,10.0,1,10.0
16888,10.0,1,10.0
16889,10.0,0,9.0
16890,10.0,1,10.0
16891,10.0,3,18.0
16892,10.0,4,8.0
16893,10.0,1,10.0
16894,10.0,1,10.0
16895,10.0,3,18.0
16896,10.0,1,10.0
16897,10.0,6,17.0
16898,10.0,3,18.0
16899,10.0,1,10.0
16900,10.0,1,10.0
16901,10.0,3,18.0
16902,10.0,1,10.0
16903,10.0,1,10.0
16904,10.0,0,9.0
16905,10.0,1,10.0
16906,10.0,1,10.0
16907,10.0,3,18.0
16908,10.0,1,10.0
16909,10.0,0,9.0
16910,10.0,1,10.0
16911,10.0,2,6.0
16912,10.0,7,7.0
16913,10.0,7,7.0
16914,10.0,1,10.0
16915,10.0,1,10.0
16916,10.0,1,10.0
16917,10.0,1,10.0
16918,10.0,1,10.0
16919,10.0,2,6.0
16920,10.0,3,18.0
16921,10.0,1,10.0
16922,10.0,1,10.0
16923,10.0,1,10.0
16924,10.0,7,7.0
16925,10.0,1,10.0
16926,10.0,0,9.0
16927,10.0,1,10.0
16928,10.0,1,10.0
16929,10.0,3,18.0
16930,10.0,1,10.0
16931,10.0,1,10.0
16932,10.0,1,10.0
16933,10.0,1,10.0
16934,10.0,6,17.0
16935,10.0,2,6.0
16936,10.0,8,4.0
16937,10.0,6,17.0
16938,10.0,1,10.0
16939,10.0,1,10.0
16940,10.0,8,4.0
16941,10.0,1,10.0
16942,10.0,1,10.0
16943,10.0,1,10.0
16944,10.0,1,10.0
16945,10.0,1,10.0
16946,10.0,1,10.0
16947,10.0,3,18.0
16948,10.0,1,10.0
16949,10.0,1,10.0
16950,10.0,1,10.0
16951,10.0,2,6.0
16952,10.0,8,4.0
16953,10.0,4,8.0
16954,10.0,3,18.0
16955,10.0,6,17.0
16956,10.0,3,18.0
16957,10.0,6,17.0
16958,10.0,1,10.0
16959,10.0,1,10.0
16960,10.0,1,10.0
16961,10.0,3,18.0
16962,10.0,1,10.0
16963,10.0,6,17.0
16964,10.0,1,10.0
16965,10.0,1,10.0
16966,10.0,3,18.0
16967,10.0,1,10.0
16968,10.0,6,17.0
16969,10.0,1,10.0
16970,10.0,3,18.0
16971,10.0,3,18.0
16972,10.0,1,10.0
16973,10.0,1,10.0
16974,10.0,1,10.0
16975,10.0,3,18.0
16976,10.0,6,17.0
16977,10.0,1,10.0
16978,10.0,1,10.0
16979,10.0,1,10.0
16980,10.0,1,10.0
16981,10.0,1,10.0
16982,10.0,7,7.0
16983,10.0,7,7.0
16984,10.0,3,18.0
16985,10.0,3,18.0
16986,10.0,1,10.0
16987,10.0,7,7.0
16988,10.0,1,10.0
16989,10.0,1,10.0
16990,10.0,1,10.0
16991,10.0,1,10.0
16992,10.0,8,4.0
16993,10.0,3,18.0
16994,10.0,1,10.0
16995,10.0,1,10.0
16996,10.0,1,10.0
16997,10.0,1,10.0
16998,10.0,7,7.0
16999,10.0,3,18.0
17000,10.0,1,10.0
17001,10.0,3,18.0
17002,10.0,1,10.0
17003,10.0,1,10.0
17004,10.0,1,10.0
17005,10.0,1,10.0
17006,10.0,4,8.0
17007,10.0,7,7.0
17008,10.0,3,18.0
17009,10.0,1,10.0
17010,10.0,2,6.0
17011,10.0,7,7.0
17012,10.0,1,10.0
17013,10.0,3,18.0
17014,10.0,0,9.0
17015,10.0,1,10.0
17016,10.0,8,4.0
17017,10.0,3,18.0
17018,10.0,8,4.0
17019,10.0,7,7.0
17020,10.0,6,17.0
17021,10.0,1,10.0
17022,10.0,1,10.0
17023,10.0,6,17.0
17024,10.0,3,18.0
17025,10.0,3,18.0
17026,10.0,7,7.0
17027,10.0,1,10.0
17028,10.0,1,10.0
17029,10.0,1,10.0
17030,10.0,1,10.0
17031,10.0,6,17.0
17032,10.0,6,17.0
17033,10.0,8,4.0
17034,10.0,3,18.0
17035,10.0,9,13.0
17036,10.0,1,10.0
17037,10.0,1,10.0
17038,10.0,1,10.0
17039,10.0,1,10.0
17040,10.0,1,10.0
17041,10.0,1,10.0
17042,10.0,4,8.0
17043,10.0,1,10.0
17044,10.0,0,9.0
17045,10.0,1,10.0
17046,10.0,1,10.0
17047,10.0,7,7.0
17048,10.0,1,10.0
17049,10.0,3,18.0
17050,10.0,1,10.0
17051,10.0,1,10.0
17052,10.0,4,8.0
17053,10.0,1,10.0
17054,10.0,1,10.0
17055,10.0,1,10.0
17056,10.0,1,10.0
17057,10.0,3,18.0
17058,10.0,3,18.0
17059,10.0,1,10.0
17060,10.0,3,18.0
17061,10.0,2,6.0
17062,10.0,3,18.0
17063,10.0,1,10.0
17064,10.0,6,17.0
17065,10.0,1,10.0
17066,10.0,1,10.0
17067,10.0,1,10.0
17068,10.0,3,18.0
17069,10.0,3,18.0
17070,10.0,1,10.0
17071,10.0,1,10.0
17072,10.0,2,6.0
17073,10.0,7,7.0
17074,10.0,1,10.0
17075,10.0,7,7.0
17076,10.0,1,10.0
17077,10.0,3,18.0
17078,10.0,1,10.0
17079,10.0,7,7.0
17080,10.0,3,18.0
17081,10.0,4,8.0
17082,10.0,1,10.0
17083,10.0,3,18.0
17084,10.0,1,10.0
17085,10.0,1,10.0
17086,10.0,3,18.0
17087,10.0,1,10.0
17088,10.0,1,10.0
17089,10.0,1,10.0
17090,10.0,8,4.0
17091,10.0,1,10.0
17092,10.0,1,10.0
17093,10.0,1,10.0
17094,10.0,3,18.0
17095,10.0,3,18.0
17096,10.0,4,8.0
17097,10.0,1,10.0
17098,10.0,1,10.0
17099,10.0,1,10.0
17100,10.0,1,10.0
17101,10.0,2,6.0
17102,10.0,1,10.0
17103,10.0,1,10.0
17104,10.0,1,10.0
17105,10.0,5,2.0
17106,10.0,1,10.0
17107,10.0,1,10.0
17108,10.0,1,10.0
17109,10.0,1,10.0
17110,10.0,1,10.0
17111,10.0,3,18.0
17112,10.0,3,18.0
17113,10.0,1,10.0
17114,10.0,6,17.0
17115,10.0,1,10.0
17116,10.0,1,10.0
17117,10.0,1,10.0
17118,10.0,1,10.0
17119,10.0,8,4.0
17120,10.0,1,10.0
17121,10.0,6,17.0
17122,10.0,1,10.0
17123,10.0,1,10.0
17124,10.0,7,7.0
17125,10.0,4,8.0
17126,10.0,1,10.0
17127,10.0,6,17.0
17128,10.0,1,10.0
17129,10.0,1,10.0
17130,10.0,1,10.0
17131,10.0,1,10.0
17132,10.0,6,17.0
17133,10.0,1,10.0
17134,10.0,2,6.0
17135,10.0,1,10.0
17136,10.0,1,10.0
17137,10.0,3,18.0
17138,10.0,3,18.0
17139,10.0,1,10.0
17140,10.0,1,10.0
17141,10.0,1,10.0
17142,10.0,1,10.0
17143,10.0,1,10.0
17144,10.0,1,10.0
17145,10.0,0,9.0
17146,10.0,3,18.0
17147,10.0,7,7.0
17148,10.0,2,6.0
17149,10.0,6,17.0
17150,10.0,6,17.0
17151,10.0,1,10.0
17152,10.0,1,10.0
17153,10.0,1,10.0
17154,10.0,1,10.0
17155,10.0,1,10.0
17156,10.0,2,6.0
17157,10.0,1,10.0
17158,10.0,8,4.0
17159,10.0,3,18.0
17160,10.0,3,18.0
17161,10.0,1,10.0
17162,10.0,6,17.0
17163,10.0,1,10.0
17164,10.0,1,10.0
17165,10.0,1,10.0
17166,10.0,1,10.0
17167,10.0,3,18.0
17168,10.0,3,18.0
17169,10.0,1,10.0
17170,10.0,4,8.0
17171,10.0,1,10.0
17172,10.0,1,10.0
17173,10.0,2,6.0
17174,10.0,3,18.0
17175,10.0,3,18.0
17176,10.0,1,10.0
17177,10.0,1,10.0
17178,10.0,1,10.0
17179,10.0,3,18.0
17180,10.0,3,18.0
17181,10.0,4,8.0
17182,10.0,2,6.0
17183,10.0,6,17.0
17184,10.0,1,10.0
17185,10.0,3,18.0
17186,10.0,6,17.0
17187,10.0,1,10.0
17188,10.0,1,10.0
17189,10.0,3,18.0
17190,10.0,1,10.0
17191,10.0,1,10.0
17192,10.0,6,17.0
17193,10.0,1,10.0
17194,10.0,1,10.0
17195,10.0,1,10.0
17196,10.0,6,17.0
17197,10.0,5,2.0
17198,10.0,3,18.0
17199,10.0,7,7.0
17200,10.0,8,4.0
17201,10.0,6,17.0
17202,10.0,1,10.0
17203,10.0,8,4.0
17204,10.0,6,17.0
17205,10.0,3,18.0
17206,10.0,1,10.0
17207,10.0,1,10.0
17208,10.0,3,18.0
17209,10.0,3,18.0
17210,10.0,6,17.0
17211,10.0,7,7.0
17212,10.0,1,10.0
17213,10.0,1,10.0
17214,10.0,1,10.0
17215,10.0,1,10.0
17216,10.0,1,10.0
17217,10.0,1,10.0
17218,10.0,1,10.0
17219,10.0,3,18.0
17220,10.0,7,7.0
17221,10.0,1,10.0
17222,10.0,1,10.0
17223,10.0,1,10.0
17224,10.0,3,18.0
17225,10.0,1,10.0
17226,10.0,3,18.0
17227,10.0,7,7.0
17228,10.0,3,18.0
17229,10.0,1,10.0
17230,10.0,1,10.0
17231,10.0,1,10.0
17232,10.0,1,10.0
17233,10.0,6,17.0
17234,10.0,1,10.0
17235,10.0,1,10.0
17236,10.0,3,18.0
17237,10.0,3,18.0
17238,10.0,1,10.0
17239,10.0,3,18.0
17240,10.0,7,7.0
17241,10.0,6,17.0
17242,10.0,8,4.0
17243,10.0,1,10.0
17244,10.0,1,10.0
17245,10.0,1,10.0
17246,10.0,1,10.0
17247,10.0,8,4.0
17248,10.0,1,10.0
17249,10.0,3,18.0
17250,10.0,7,7.0
17251,10.0,8,4.0
17252,10.0,1,10.0
17253,10.0,1,10.0
17254,10.0,6,17.0
17255,10.0,3,18.0
17256,10.0,3,18.0
17257,10.0,1,10.0
17258,10.0,1,10.0
17259,10.0,1,10.0
17260,10.0,1,10.0
17261,10.0,3,18.0
17262,10.0,1,10.0
17263,10.0,1,10.0
17264,10.0,1,10.0
17265,10.0,4,8.0
17266,10.0,7,7.0
17267,10.0,1,10.0
17268,10.0,1,10.0
17269,10.0,4,8.0
17270,10.0,1,10.0
17271,10.0,1,10.0
17272,10.0,4,8.0
17273,10.0,1,10.0
17274,10.0,0,9.0
17275,10.0,3,18.0
17276,10.0,4,8.0
17277,10.0,1,10.0
17278,10.0,2,6.0
17279,10.0,1,10.0
17280,10.0,3,18.0
17281,10.0,1,10.0
17282,10.0,1,10.0
17283,10.0,3,18.0
17284,10.0,1,10.0
17285,10.0,3,18.0
17286,10.0,1,10.0
17287,10.0,6,17.0
17288,10.0,7,7.0
17289,10.0,1,10.0
17290,10.0,3,18.0
17291,10.0,1,10.0
17292,10.0,1,10.0
17293,10.0,1,10.0
17294,10.0,1,10.0
17295,10.0,1,10.0
17296,10.0,1,10.0
17297,10.0,1,10.0
17298,10.0,1,10.0
17299,10.0,3,18.0
17300,10.0,2,6.0
17301,10.0,3,18.0
17302,10.0,2,6.0
17303,10.0,1,10.0
17304,10.0,6,17.0
17305,10.0,1,10.0
17306,10.0,1,10.0
17307,10.0,1,10.0
17308,10.0,1,10.0
17309,10.0,1,10.0
17310,10.0,1,10.0
17311,10.0,3,18.0
17312,10.0,1,10.0
17313,10.0,1,10.0
17314,10.0,7,7.0
17315,10.0,1,10.0
17316,10.0,1,10.0
17317,10.0,1,10.0
17318,10.0,3,18.0
17319,10.0,6,17.0
17320,10.0,1,10.0
17321,10.0,5,2.0
17322,10.0,4,8.0
17323,10.0,3,18.0
17324,10.0,1,10.0
17325,10.0,0,9.0
17326,10.0,1,10.0
17327,10.0,1,10.0
17328,10.0,1,10.0
17329,10.0,1,10.0
17330,10.0,1,10.0
17331,10.0,1,10.0
17332,10.0,2,6.0
17333,10.0,1,10.0
17334,10.0,1,10.0
17335,10.0,3,18.0
17336,10.0,1,10.0
17337,10.0,1,10.0
17338,10.0,1,10.0
17339,10.0,1,10.0
17340,10.0,1,10.0
17341,10.0,4,8.0
17342,10.0,6,17.0
17343,10.0,8,4.0
17344,10.0,1,10.0
17345,10.0,7,7.0
17346,10.0,6,17.0
17347,10.0,7,7.0
17348,10.0,1,10.0
17349,10.0,3,18.0
17350,10.0,1,10.0
17351,10.0,1,10.0
17352,10.0,7,7.0
17353,10.0,1,10.0
17354,10.0,7,7.0
17355,10.0,1,10.0
17356,10.0,2,6.0
17357,10.0,7,7.0
17358,10.0,8,4.0
17359,10.0,1,10.0
17360,10.0,3,18.0
17361,10.0,3,18.0
17362,10.0,6,17.0
17363,10.0,3,18.0
17364,10.0,6,17.0
17365,10.0,1,10.0
17366,10.0,1,10.0
17367,10.0,1,10.0
17368,10.0,1,10.0
17369,10.0,1,10.0
17370,10.0,1,10.0
17371,10.0,4,8.0
17372,10.0,7,7.0
17373,10.0,1,10.0
17374,10.0,3,18.0
17375,10.0,1,10.0
17376,10.0,1,10.0
17377,10.0,1,10.0
17378,10.0,3,18.0
17379,10.0,3,18.0
17380,10.0,7,7.0
17381,10.0,4,8.0
17382,10.0,1,10.0
17383,10.0,1,10.0
17384,10.0,1,10.0
17385,10.0,3,18.0
17386,10.0,1,10.0
17387,10.0,8,4.0
17388,10.0,6,17.0
17389,10.0,8,4.0
17390,10.0,4,8.0
17391,10.0,3,18.0
17392,10.0,3,18.0
17393,10.0,1,10.0
17394,10.0,1,10.0
17395,10.0,3,18.0
17396,10.0,3,18.0
17397,10.0,8,4.0
17398,10.0,1,10.0
17399,10.0,2,6.0
17400,10.0,1,10.0
17401,10.0,7,7.0
17402,10.0,1,10.0
17403,10.0,4,8.0
17404,10.0,6,17.0
17405,10.0,1,10.0
17406,10.0,8,4.0
17407,10.0,8,4.0
17408,10.0,1,10.0
17409,10.0,1,10.0
17410,10.0,6,17.0
17411,10.0,0,9.0
17412,10.0,2,6.0
17413,10.0,7,7.0
17414,10.0,7,7.0
17415,10.0,3,18.0
17416,10.0,1,10.0
17417,10.0,7,7.0
17418,10.0,3,18.0
17419,10.0,1,10.0
17420,10.0,3,18.0
17421,10.0,1,10.0
17422,10.0,1,10.0
17423,10.0,4,8.0
17424,10.0,1,10.0
17425,10.0,1,10.0
17426,10.0,1,10.0
17427,10.0,6,17.0
17428,10.0,3,18.0
17429,10.0,1,10.0
17430,10.0,1,10.0
17431,10.0,1,10.0
17432,10.0,1,10.0
17433,10.0,1,10.0
17434,10.0,4,8.0
17435,10.0,7,7.0
17436,10.0,1,10.0
17437,10.0,8,4.0
17438,10.0,1,10.0
17439,10.0,3,18.0
17440,10.0,6,17.0
17441,10.0,6,17.0
17442,10.0,7,7.0
17443,10.0,1,10.0
17444,10.0,1,10.0
17445,10.0,6,17.0
17446,10.0,2,6.0
17447,10.0,1,10.0
17448,10.0,1,10.0
17449,10.0,1,10.0
17450,10.0,3,18.0
17451,10.0,3,18.0
17452,10.0,3,18.0
17453,10.0,1,10.0
17454,10.0,3,18.0
17455,10.0,7,7.0
17456,10.0,1,10.0
17457,10.0,2,6.0
17458,10.0,1,10.0
17459,10.0,1,10.0
17460,10.0,3,18.0
17461,10.0,1,10.0
17462,10.0,1,10.0
17463,10.0,1,10.0
17464,10.0,7,7.0
17465,10.0,1,10.0
17466,10.0,1,10.0
17467,10.0,1,10.0
17468,10.0,7,7.0
17469,10.0,6,17.0
17470,10.0,2,6.0
17471,10.0,6,17.0
17472,10.0,6,17.0
17473,10.0,1,10.0
17474,10.0,3,18.0
17475,10.0,6,17.0
17476,10.0,6,17.0
17477,10.0,1,10.0
17478,10.0,1,10.0
17479,10.0,1,10.0
17480,10.0,1,10.0
17481,10.0,1,10.0
17482,10.0,1,10.0
17483,10.0,1,10.0
17484,10.0,1,10.0
17485,10.0,1,10.0
17486,10.0,1,10.0
17487,10.0,1,10.0
17488,10.0,1,10.0
17489,10.0,1,10.0
17490,10.0,1,10.0
17491,10.0,8,4.0
17492,10.0,6,17.0
17493,10.0,1,10.0
17494,10.0,1,10.0
17495,10.0,1,10.0
17496,10.0,1,10.0
17497,10.0,3,18.0
17498,10.0,1,10.0
17499,10.0,7,7.0
17500,10.0,1,10.0
17501,10.0,1,10.0
17502,10.0,1,10.0
17503,10.0,6,17.0
17504,10.0,1,10.0
17505,10.0,1,10.0
17506,10.0,4,8.0
17507,10.0,6,17.0
17508,10.0,3,18.0
17509,10.0,6,17.0
17510,10.0,1,10.0
17511,10.0,1,10.0
17512,10.0,1,10.0
17513,10.0,1,10.0
17514,10.0,7,7.0
17515,10.0,1,10.0
17516,10.0,1,10.0
17517,10.0,1,10.0
17518,10.0,6,17.0
17519,10.0,3,18.0
17520,10.0,6,17.0
17521,10.0,1,10.0
17522,10.0,2,6.0
17523,10.0,1,10.0
17524,10.0,1,10.0
17525,10.0,1,10.0
17526,10.0,1,10.0
17527,10.0,1,10.0
17528,10.0,1,10.0
17529,10.0,1,10.0
17530,10.0,1,10.0
17531,10.0,1,10.0
17532,10.0,1,10.0
17533,10.0,1,10.0
17534,10.0,7,7.0
17535,10.0,1,10.0
17536,10.0,1,10.0
17537,10.0,1,10.0
17538,10.0,1,10.0
17539,10.0,1,10.0
17540,10.0,1,10.0
17541,10.0,1,10.0
17542,10.0,3,18.0
17543,10.0,6,17.0
17544,10.0,6,17.0
17545,10.0,6,17.0
17546,10.0,1,10.0
17547,10.0,3,18.0
17548,10.0,6,17.0
17549,10.0,6,17.0
17550,10.0,3,18.0
17551,10.0,1,10.0
17552,10.0,1,10.0
17553,10.0,1,10.0
17554,10.0,6,17.0
17555,10.0,6,17.0
17556,10.0,7,7.0
17557,10.0,8,4.0
17558,10.0,1,10.0
17559,10.0,6,17.0
17560,10.0,6,17.0
17561,10.0,1,10.0
17562,10.0,7,7.0
17563,10.0,7,7.0
17564,10.0,1,10.0
17565,10.0,1,10.0
17566,10.0,1,10.0
17567,10.0,3,18.0
17568,10.0,1,10.0
17569,10.0,1,10.0
17570,10.0,3,18.0
17571,10.0,8,4.0
17572,10.0,1,10.0
17573,10.0,1,10.0
17574,10.0,1,10.0
17575,10.0,1,10.0
17576,10.0,1,10.0
17577,10.0,1,10.0
17578,10.0,0,9.0
17579,10.0,0,9.0
17580,10.0,0,9.0
17581,10.0,1,10.0
17582,10.0,1,10.0
17583,10.0,1,10.0
17584,10.0,0,9.0
17585,10.0,3,18.0
17586,10.0,3,18.0
17587,10.0,1,10.0
17588,10.0,1,10.0
17589,10.0,1,10.0
17590,10.0,7,7.0
17591,10.0,6,17.0
17592,10.0,7,7.0
17593,10.0,7,7.0
17594,10.0,6,17.0
17595,10.0,1,10.0
17596,10.0,8,4.0
17597,10.0,1,10.0
17598,10.0,1,10.0
17599,10.0,1,10.0
17600,10.0,1,10.0
17601,10.0,1,10.0
17602,10.0,1,10.0
17603,10.0,1,10.0
17604,10.0,1,10.0
17605,10.0,6,17.0
17606,10.0,6,17.0
17607,10.0,0,9.0
17608,10.0,7,7.0
17609,10.0,2,6.0
17610,10.0,7,7.0
17611,10.0,3,18.0
17612,10.0,7,7.0
17613,10.0,7,7.0
17614,10.0,1,10.0
17615,10.0,1,10.0
17616,10.0,1,10.0
17617,10.0,7,7.0
17618,10.0,6,17.0
17619,10.0,6,17.0
17620,10.0,1,10.0
17621,10.0,7,7.0
17622,10.0,3,18.0
17623,10.0,1,10.0
17624,10.0,1,10.0
17625,10.0,1,10.0
17626,10.0,1,10.0
17627,10.0,1,10.0
17628,10.0,1,10.0
17629,10.0,1,10.0
17630,10.0,1,10.0
17631,10.0,1,10.0
17632,10.0,1,10.0
17633,10.0,0,9.0
17634,10.0,3,18.0
17635,10.0,1,10.0
17636,10.0,0,9.0
17637,10.0,0,9.0
17638,10.0,7,7.0
17639,10.0,1,10.0
17640,10.0,1,10.0
17641,10.0,1,10.0
17642,10.0,3,18.0
17643,10.0,1,10.0
17644,10.0,1,10.0
17645,10.0,1,10.0
17646,10.0,1,10.0
17647,10.0,7,7.0
17648,10.0,8,4.0
17649,10.0,0,9.0
17650,10.0,1,10.0
17651,10.0,1,10.0
17652,10.0,1,10.0
17653,10.0,1,10.0
17654,10.0,1,10.0
17655,10.0,1,10.0
17656,10.0,8,4.0
17657,10.0,3,18.0
17658,10.0,1,10.0
17659,10.0,1,10.0
17660,10.0,1,10.0
17661,10.0,1,10.0
17662,10.0,1,10.0
17663,10.0,1,10.0
17664,10.0,1,10.0
17665,10.0,1,10.0
17666,10.0,0,9.0
17667,10.0,6,17.0
17668,10.0,1,10.0
17669,10.0,5,2.0
17670,10.0,0,9.0
17671,10.0,6,17.0
17672,10.0,0,9.0
17673,10.0,6,17.0
17674,10.0,1,10.0
17675,10.0,8,4.0
17676,10.0,8,4.0
17677,10.0,6,17.0
17678,10.0,6,17.0
17679,10.0,3,18.0
17680,10.0,3,18.0
17681,10.0,1,10.0
17682,10.0,7,7.0
17683,10.0,1,10.0
17684,10.0,1,10.0
17685,10.0,6,17.0
17686,10.0,6,17.0
17687,10.0,1,10.0
17688,10.0,1,10.0
17689,10.0,1,10.0
17690,10.0,1,10.0
17691,10.0,1,10.0
17692,10.0,1,10.0
17693,10.0,1,10.0
17694,10.0,1,10.0
17695,10.0,1,10.0
17696,10.0,1,10.0
17697,10.0,1,10.0
17698,10.0,0,9.0
17699,10.0,1,10.0
17700,10.0,1,10.0
17701,10.0,1,10.0
17702,10.0,6,17.0
17703,10.0,1,10.0
17704,10.0,6,17.0
17705,10.0,6,17.0
17706,10.0,0,9.0
17707,10.0,1,10.0
17708,10.0,3,18.0
17709,10.0,2,6.0
17710,10.0,1,10.0
17711,10.0,1,10.0
17712,10.0,1,10.0
17713,10.0,1,10.0
17714,10.0,1,10.0
17715,10.0,1,10.0
17716,10.0,3,18.0
17717,10.0,1,10.0
17718,10.0,1,10.0
17719,10.0,6,17.0
17720,10.0,6,17.0
17721,10.0,1,10.0
17722,10.0,3,18.0
17723,10.0,2,6.0
17724,10.0,1,10.0
17725,10.0,1,10.0
17726,10.0,8,4.0
17727,10.0,3,18.0
17728,10.0,6,17.0
17729,10.0,6,17.0
17730,10.0,3,18.0
17731,10.0,7,7.0
17732,10.0,0,9.0
17733,10.0,1,10.0
17734,10.0,1,10.0
17735,10.0,4,8.0
17736,10.0,2,6.0
17737,10.0,1,10.0
17738,10.0,2,6.0
17739,10.0,1,10.0
17740,10.0,1,10.0
17741,10.0,1,10.0
17742,10.0,0,9.0
17743,10.0,1,10.0
17744,10.0,1,10.0
17745,10.0,1,10.0
17746,10.0,8,4.0
17747,10.0,7,7.0
17748,10.0,1,10.0
17749,10.0,1,10.0
17750,10.0,1,10.0
17751,10.0,1,10.0
17752,10.0,1,10.0
17753,10.0,1,10.0
17754,10.0,1,10.0
17755,10.0,1,10.0
17756,10.0,1,10.0
17757,10.0,1,10.0
17758,10.0,6,17.0
17759,10.0,1,10.0
17760,10.0,1,10.0
17761,10.0,8,4.0
17762,10.0,1,10.0
17763,10.0,0,9.0
17764,10.0,1,10.0
17765,10.0,1,10.0
17766,10.0,6,17.0
17767,10.0,6,17.0
17768,10.0,1,10.0
17769,10.0,3,18.0
17770,10.0,3,18.0
17771,10.0,1,10.0
17772,10.0,1,10.0
17773,10.0,1,10.0
17774,10.0,6,17.0
17775,10.0,7,7.0
17776,10.0,1,10.0
17777,10.0,1,10.0
17778,10.0,1,10.0
17779,10.0,1,10.0
17780,10.0,1,10.0
17781,10.0,2,6.0
17782,10.0,1,10.0
17783,10.0,1,10.0
17784,10.0,1,10.0
17785,10.0,1,10.0
17786,10.0,2,6.0
17787,10.0,1,10.0
17788,10.0,6,17.0
17789,10.0,6,17.0
17790,10.0,1,10.0
17791,10.0,1,10.0
17792,10.0,3,18.0
17793,10.0,1,10.0
17794,10.0,1,10.0
17795,10.0,1,10.0
17796,10.0,6,17.0
17797,10.0,3,18.0
17798,10.0,1,10.0
17799,10.0,3,18.0
17800,10.0,1,10.0
17801,10.0,3,18.0
17802,10.0,1,10.0
17803,10.0,1,10.0
17804,10.0,6,17.0
17805,10.0,1,10.0
17806,10.0,1,10.0
17807,10.0,1,10.0
17808,10.0,2,6.0
17809,10.0,3,18.0
17810,10.0,6,17.0
17811,10.0,6,17.0
17812,10.0,6,17.0
17813,10.0,1,10.0
17814,10.0,1,10.0
17815,10.0,1,10.0
17816,10.0,3,18.0
17817,10.0,1,10.0
17818,10.0,3,18.0
17819,10.0,1,10.0
17820,10.0,6,17.0
17821,10.0,1,10.0
17822,10.0,1,10.0
17823,10.0,7,7.0
17824,10.0,6,17.0
17825,10.0,1,10.0
17826,10.0,1,10.0
17827,10.0,1,10.0
17828,10.0,1,10.0
17829,10.0,1,10.0
17830,10.0,1,10.0
17831,10.0,1,10.0
17832,10.0,1,10.0
17833,10.0,1,10.0
17834,10.0,1,10.0
17835,10.0,1,10.0
17836,10.0,1,10.0
17837,10.0,3,18.0
17838,10.0,7,7.0
17839,10.0,1,10.0
17840,10.0,1,10.0
17841,10.0,1,10.0
17842,10.0,2,6.0
17843,10.0,2,6.0
17844,10.0,6,17.0
17845,10.0,2,6.0
17846,10.0,2,6.0
17847,10.0,1,10.0
17848,10.0,7,7.0
17849,10.0,6,17.0
17850,10.0,1,10.0
17851,10.0,6,17.0
17852,10.0,6,17.0
17853,10.0,6,17.0
17854,10.0,1,10.0
17855,10.0,1,10.0
17856,10.0,1,10.0
17857,10.0,1,10.0
17858,10.0,1,10.0
17859,10.0,1,10.0
17860,10.0,1,10.0
17861,10.0,1,10.0
17862,10.0,7,7.0
17863,10.0,6,17.0
17864,10.0,2,6.0
17865,10.0,1,10.0
17866,10.0,6,17.0
17867,10.0,1,10.0
17868,10.0,6,17.0
17869,10.0,1,10.0
17870,10.0,1,10.0
17871,10.0,1,10.0
17872,10.0,1,10.0
17873,10.0,7,7.0
17874,10.0,1,10.0
17875,10.0,1,10.0
17876,10.0,1,10.0
17877,10.0,6,17.0
17878,10.0,0,9.0
17879,10.0,1,10.0
17880,10.0,1,10.0
17881,10.0,6,17.0
17882,10.0,1,10.0
17883,10.0,4,8.0
17884,10.0,1,10.0
17885,10.0,2,6.0
17886,10.0,1,10.0
17887,10.0,1,10.0
17888,10.0,6,17.0
17889,10.0,6,17.0
17890,10.0,1,10.0
17891,10.0,6,17.0
17892,10.0,1,10.0
17893,10.0,1,10.0
17894,10.0,1,10.0
17895,10.0,3,18.0
17896,10.0,1,10.0
17897,10.0,1,10.0
17898,10.0,1,10.0
17899,10.0,1,10.0
17900,10.0,1,10.0
17901,10.0,1,10.0
17902,10.0,1,10.0
17903,10.0,1,10.0
17904,10.0,1,10.0
17905,10.0,1,10.0
17906,10.0,6,17.0
17907,10.0,6,17.0
17908,10.0,1,10.0
17909,10.0,4,8.0
17910,10.0,6,17.0
17911,10.0,1,10.0
17912,10.0,6,17.0
17913,10.0,6,17.0
17914,10.0,6,17.0
17915,10.0,1,10.0
17916,10.0,0,9.0
17917,10.0,1,10.0
17918,10.0,3,18.0
17919,10.0,1,10.0
17920,10.0,1,10.0
17921,10.0,6,17.0
17922,10.0,6,17.0
17923,10.0,7,7.0
17924,10.0,7,7.0
17925,10.0,1,10.0
17926,10.0,7,7.0
17927,10.0,1,10.0
17928,10.0,1,10.0
17929,10.0,3,18.0
17930,10.0,6,17.0
17931,10.0,1,10.0
17932,10.0,1,10.0
17933,10.0,3,18.0
17934,10.0,3,18.0
17935,10.0,8,4.0
17936,10.0,7,7.0
17937,10.0,1,10.0
17938,10.0,7,7.0
17939,10.0,7,7.0
17940,10.0,3,18.0
17941,10.0,1,10.0
17942,10.0,6,17.0
17943,10.0,1,10.0
17944,10.0,1,10.0
17945,10.0,1,10.0
17946,10.0,1,10.0
17947,10.0,6,17.0
17948,10.0,1,10.0
17949,10.0,1,10.0
17950,10.0,1,10.0
17951,10.0,6,17.0
17952,10.0,1,10.0
17953,10.0,3,18.0
17954,10.0,1,10.0
17955,10.0,8,4.0
17956,10.0,7,7.0
17957,10.0,6,17.0
17958,10.0,1,10.0
17959,10.0,1,10.0
17960,10.0,6,17.0
17961,10.0,6,17.0
17962,10.0,6,17.0
17963,10.0,6,17.0
17964,10.0,1,10.0
17965,10.0,1,10.0
17966,10.0,3,18.0
17967,10.0,3,18.0
17968,10.0,6,17.0
17969,10.0,6,17.0
17970,10.0,1,10.0
17971,10.0,1,10.0
17972,10.0,1,10.0
17973,10.0,3,18.0
17974,10.0,1,10.0
17975,10.0,2,6.0
17976,10.0,8,4.0
17977,10.0,2,6.0
17978,10.0,1,10.0
17979,10.0,2,6.0
17980,10.0,6,17.0
17981,10.0,1,10.0
17982,10.0,1,10.0
17983,10.0,1,10.0
17984,10.0,1,10.0
17985,10.0,1,10.0
17986,10.0,1,10.0
17987,10.0,1,10.0
17988,10.0,1,10.0
17989,10.0,1,10.0
17990,10.0,3,18.0
17991,10.0,1,10.0
17992,10.0,6,17.0
17993,10.0,6,17.0
17994,10.0,1,10.0
17995,10.0,0,9.0
17996,10.0,7,7.0
17997,10.0,0,9.0
17998,10.0,1,10.0
17999,10.0,1,10.0
18000,10.0,1,10.0
18001,10.0,1,10.0
18002,10.0,1,10.0
18003,10.0,1,10.0
18004,10.0,1,10.0
18005,10.0,8,4.0
18006,10.0,1,10.0
18007,10.0,7,7.0
18008,10.0,6,17.0
18009,10.0,6,17.0
18010,10.0,7,7.0
18011,10.0,1,10.0
18012,10.0,6,17.0
18013,10.0,1,10.0
18014,10.0,4,8.0
18015,10.0,1,10.0
18016,10.0,1,10.0
18017,10.0,6,17.0
18018,10.0,1,10.0
18019,10.0,1,10.0
18020,10.0,1,10.0
18021,10.0,1,10.0
18022,10.0,3,18.0
18023,10.0,2,6.0
18024,10.0,3,18.0
18025,10.0,1,10.0
18026,10.0,1,10.0
18027,10.0,1,10.0
18028,10.0,7,7.0
18029,10.0,7,7.0
18030,10.0,1,10.0
18031,10.0,7,7.0
18032,10.0,8,4.0
18033,10.0,1,10.0
18034,10.0,1,10.0
18035,10.0,6,17.0
18036,10.0,3,18.0
18037,10.0,7,7.0
18038,10.0,1,10.0
18039,10.0,1,10.0
18040,10.0,3,18.0
18041,10.0,4,8.0
18042,10.0,1,10.0
18043,10.0,1,10.0
18044,10.0,0,9.0
18045,10.0,8,4.0
18046,10.0,3,18.0
18047,10.0,2,6.0
18048,10.0,1,10.0
18049,10.0,1,10.0
18050,10.0,1,10.0
18051,10.0,1,10.0
18052,10.0,1,10.0
18053,10.0,1,10.0
18054,10.0,1,10.0
18055,10.0,6,17.0
18056,10.0,6,17.0
18057,10.0,6,17.0
18058,10.0,6,17.0
18059,10.0,6,17.0
18060,10.0,1,10.0
18061,10.0,1,10.0
18062,10.0,1,10.0
18063,10.0,1,10.0
18064,10.0,1,10.0
18065,10.0,1,10.0
18066,10.0,1,10.0
18067,10.0,1,10.0
18068,10.0,1,10.0
18069,10.0,1,10.0
18070,10.0,8,4.0
18071,10.0,2,6.0
18072,10.0,1,10.0
18073,10.0,1,10.0
18074,10.0,1,10.0
18075,10.0,3,18.0
18076,10.0,1,10.0
18077,10.0,3,18.0
18078,10.0,3,18.0
18079,10.0,1,10.0
18080,10.0,0,9.0
18081,10.0,1,10.0
18082,10.0,1,10.0
18083,10.0,3,18.0
18084,10.0,6,17.0
18085,10.0,3,18.0
18086,10.0,3,18.0
18087,10.0,3,18.0
18088,10.0,1,10.0
18089,10.0,1,10.0
18090,10.0,1,10.0
18091,10.0,1,10.0
18092,10.0,1,10.0
18093,10.0,1,10.0
18094,10.0,1,10.0
18095,10.0,1,10.0
18096,10.0,1,10.0
18097,10.0,1,10.0
18098,10.0,8,4.0
18099,10.0,8,4.0
18100,10.0,1,10.0
18101,10.0,1,10.0
18102,10.0,1,10.0
18103,10.0,1,10.0
18104,10.0,1,10.0
18105,10.0,4,8.0
18106,10.0,1,10.0
18107,10.0,1,10.0
18108,10.0,1,10.0
18109,10.0,1,10.0
18110,10.0,1,10.0
18111,10.0,1,10.0
18112,10.0,3,18.0
18113,10.0,1,10.0
18114,10.0,2,6.0
18115,10.0,1,10.0
18116,10.0,8,4.0
18117,10.0,1,10.0
18118,10.0,1,10.0
18119,10.0,7,7.0
18120,10.0,2,6.0
18121,10.0,1,10.0
18122,10.0,1,10.0
18123,10.0,1,10.0
18124,10.0,1,10.0
18125,10.0,1,10.0
18126,10.0,1,10.0
18127,10.0,7,7.0
18128,10.0,1,10.0
18129,10.0,1,10.0
18130,10.0,8,4.0
18131,10.0,8,4.0
18132,10.0,3,18.0
18133,10.0,1,10.0
18134,10.0,3,18.0
18135,10.0,6,17.0
18136,10.0,8,4.0
18137,10.0,1,10.0
18138,10.0,3,18.0
18139,10.0,1,10.0
18140,10.0,0,9.0
18141,10.0,0,9.0
18142,10.0,1,10.0
18143,10.0,1,10.0
18144,10.0,1,10.0
18145,10.0,7,7.0
18146,10.0,7,7.0
18147,10.0,1,10.0
18148,10.0,1,10.0
18149,10.0,1,10.0
18150,10.0,6,17.0
18151,10.0,1,10.0
18152,10.0,3,18.0
18153,10.0,3,18.0
18154,10.0,1,10.0
18155,10.0,7,7.0
18156,10.0,6,17.0
18157,10.0,3,18.0
18158,10.0,1,10.0
18159,10.0,1,10.0
18160,10.0,1,10.0
18161,10.0,1,10.0
18162,10.0,8,4.0
18163,10.0,1,10.0
18164,10.0,1,10.0
18165,10.0,1,10.0
18166,10.0,1,10.0
18167,10.0,3,18.0
18168,10.0,1,10.0
18169,10.0,1,10.0
18170,10.0,7,7.0
18171,10.0,1,10.0
18172,10.0,1,10.0
18173,10.0,3,18.0
18174,10.0,1,10.0
18175,10.0,1,10.0
18176,10.0,1,10.0
18177,10.0,1,10.0
18178,10.0,1,10.0
18179,10.0,1,10.0
18180,10.0,1,10.0
18181,10.0,7,7.0
18182,10.0,0,9.0
18183,10.0,1,10.0
18184,10.0,1,10.0
18185,10.0,1,10.0
18186,10.0,8,4.0
18187,10.0,8,4.0
18188,10.0,6,17.0
18189,10.0,1,10.0
18190,10.0,7,7.0
18191,10.0,1,10.0
18192,10.0,0,9.0
18193,10.0,8,4.0
18194,10.0,1,10.0
18195,10.0,3,18.0
18196,10.0,1,10.0
18197,10.0,1,10.0
18198,10.0,1,10.0
18199,10.0,3,18.0
18200,10.0,1,10.0
18201,10.0,1,10.0
18202,10.0,1,10.0
18203,10.0,1,10.0
18204,10.0,3,18.0
18205,10.0,3,18.0
18206,10.0,1,10.0
18207,10.0,1,10.0
18208,10.0,1,10.0
18209,10.0,3,18.0
18210,10.0,1,10.0
18211,10.0,3,18.0
18212,10.0,1,10.0
18213,10.0,1,10.0
18214,10.0,1,10.0
18215,10.0,1,10.0
18216,10.0,5,2.0
18217,10.0,1,10.0
18218,10.0,7,7.0
18219,10.0,5,2.0
18220,10.0,1,10.0
18221,10.0,1,10.0
18222,10.0,1,10.0
18223,10.0,1,10.0
18224,10.0,1,10.0
18225,10.0,1,10.0
18226,10.0,1,10.0
18227,10.0,8,4.0
18228,10.0,1,10.0
18229,10.0,1,10.0
18230,10.0,8,4.0
18231,10.0,0,9.0
18232,10.0,1,10.0
18233,10.0,1,10.0
18234,10.0,1,10.0
18235,10.0,1,10.0
18236,10.0,1,10.0
18237,10.0,1,10.0
18238,10.0,1,10.0
18239,10.0,3,18.0
18240,10.0,1,10.0
18241,10.0,1,10.0
18242,10.0,3,18.0
18243,10.0,1,10.0
18244,10.0,4,8.0
18245,10.0,1,10.0
18246,10.0,1,10.0
18247,10.0,1,10.0
18248,10.0,3,18.0
18249,10.0,3,18.0
18250,10.0,1,10.0
18251,10.0,6,17.0
18252,10.0,1,10.0
18253,10.0,1,10.0
18254,10.0,1,10.0
18255,10.0,1,10.0
18256,10.0,1,10.0
18257,10.0,1,10.0
18258,10.0,8,4.0
18259,10.0,1,10.0
18260,10.0,6,17.0
18261,10.0,1,10.0
18262,10.0,1,10.0
18263,10.0,1,10.0
18264,10.0,1,10.0
18265,10.0,8,4.0
18266,10.0,1,10.0
18267,10.0,3,18.0
18268,10.0,1,10.0
18269,10.0,7,7.0
18270,10.0,6,17.0
18271,10.0,1,10.0
18272,10.0,1,10.0
18273,10.0,1,10.0
18274,10.0,1,10.0
18275,10.0,3,18.0
18276,10.0,1,10.0
18277,10.0,1,10.0
18278,10.0,1,10.0
18279,10.0,3,18.0
18280,10.0,3,18.0
18281,10.0,1,10.0
18282,10.0,6,17.0
18283,10.0,1,10.0
18284,10.0,1,10.0
18285,10.0,1,10.0
18286,10.0,1,10.0
18287,10.0,1,10.0
18288,10.0,1,10.0
18289,10.0,6,17.0
18290,10.0,3,18.0
18291,10.0,6,17.0
18292,10.0,6,17.0
18293,10.0,1,10.0
18294,10.0,3,18.0
18295,10.0,3,18.0
18296,10.0,1,10.0
18297,10.0,7,7.0
18298,10.0,1,10.0
18299,10.0,1,10.0
18300,10.0,1,10.0
18301,10.0,3,18.0
18302,10.0,1,10.0
18303,10.0,6,17.0
18304,10.0,1,10.0
18305,10.0,1,10.0
18306,10.0,1,10.0
18307,10.0,1,10.0
18308,10.0,1,10.0
18309,10.0,1,10.0
18310,10.0,1,10.0
18311,10.0,5,2.0
18312,10.0,3,18.0
18313,10.0,3,18.0
18314,10.0,3,18.0
18315,10.0,1,10.0
18316,10.0,1,10.0
18317,10.0,1,10.0
18318,10.0,3,18.0
18319,10.0,1,10.0
18320,10.0,3,18.0
18321,10.0,1,10.0
18322,10.0,1,10.0
18323,10.0,1,10.0
18324,10.0,1,10.0
18325,10.0,1,10.0
18326,10.0,1,10.0
18327,10.0,1,10.0
18328,10.0,7,7.0
18329,10.0,1,10.0
18330,10.0,1,10.0
18331,10.0,1,10.0
18332,10.0,1,10.0
18333,10.0,1,10.0
18334,10.0,1,10.0
18335,10.0,1,10.0
18336,10.0,1,10.0
18337,10.0,4,8.0
18338,10.0,1,10.0
18339,10.0,1,10.0
18340,10.0,1,10.0
18341,10.0,3,18.0
18342,10.0,1,10.0
18343,10.0,1,10.0
18344,10.0,8,4.0
18345,10.0,1,10.0
18346,10.0,6,17.0
18347,10.0,8,4.0
18348,10.0,3,18.0
18349,10.0,1,10.0
18350,10.0,1,10.0
18351,10.0,1,10.0
18352,10.0,6,17.0
18353,10.0,1,10.0
18354,10.0,8,4.0
18355,10.0,8,4.0
18356,10.0,1,10.0
18357,10.0,6,17.0
18358,10.0,3,18.0
18359,10.0,3,18.0
18360,10.0,1,10.0
18361,10.0,8,4.0
18362,10.0,1,10.0
18363,10.0,1,10.0
18364,10.0,1,10.0
18365,10.0,1,10.0
18366,10.0,1,10.0
18367,10.0,1,10.0
18368,10.0,8,4.0
18369,10.0,5,2.0
18370,10.0,1,10.0
18371,10.0,8,4.0
18372,10.0,6,17.0
18373,10.0,7,7.0
18374,10.0,1,10.0
18375,10.0,8,4.0
18376,10.0,1,10.0
18377,10.0,1,10.0
18378,10.0,1,10.0
18379,10.0,8,4.0
18380,10.0,3,18.0
18381,10.0,1,10.0
18382,10.0,1,10.0
18383,10.0,1,10.0
18384,10.0,1,10.0
18385,10.0,1,10.0
18386,10.0,1,10.0
18387,10.0,1,10.0
18388,10.0,6,17.0
18389,10.0,5,2.0
18390,10.0,5,2.0
18391,10.0,5,2.0
18392,10.0,5,2.0
18393,10.0,6,17.0
18394,10.0,1,10.0
18395,10.0,8,4.0
18396,10.0,1,10.0
18397,10.0,1,10.0
18398,10.0,1,10.0
18399,10.0,6,17.0
18400,10.0,6,17.0
18401,10.0,6,17.0
18402,10.0,6,17.0
18403,10.0,8,4.0
18404,10.0,1,10.0
18405,10.0,2,6.0
18406,10.0,1,10.0
18407,10.0,5,2.0
18408,10.0,1,10.0
18409,10.0,2,6.0
18410,10.0,8,4.0
18411,10.0,2,6.0
18412,10.0,1,10.0
18413,10.0,3,18.0
18414,10.0,1,10.0
18415,10.0,1,10.0
18416,10.0,5,2.0
18417,10.0,1,10.0
18418,10.0,1,10.0
18419,10.0,1,10.0
18420,10.0,8,4.0
18421,10.0,6,17.0
18422,10.0,1,10.0
18423,10.0,7,7.0
18424,10.0,7,7.0
18425,10.0,1,10.0
18426,10.0,1,10.0
18427,10.0,1,10.0
18428,10.0,1,10.0
18429,10.0,7,7.0
18430,10.0,3,18.0
18431,10.0,3,18.0
18432,10.0,2,6.0
18433,10.0,1,10.0
18434,10.0,1,10.0
18435,10.0,1,10.0
18436,10.0,1,10.0
18437,10.0,6,17.0
18438,10.0,6,17.0
18439,10.0,6,17.0
18440,10.0,6,17.0
18441,10.0,8,4.0
18442,10.0,8,4.0
18443,10.0,1,10.0
18444,10.0,1,10.0
18445,10.0,6,17.0
18446,10.0,6,17.0
18447,10.0,6,17.0
18448,10.0,1,10.0
18449,10.0,6,17.0
18450,10.0,6,17.0
18451,10.0,3,18.0
18452,10.0,1,10.0
18453,10.0,1,10.0
18454,10.0,6,17.0
18455,10.0,1,10.0
18456,10.0,6,17.0
18457,10.0,6,17.0
18458,10.0,6,17.0
18459,10.0,1,10.0
18460,10.0,1,10.0
18461,10.0,0,9.0
18462,10.0,1,10.0
18463,10.0,7,7.0
18464,10.0,1,10.0
18465,10.0,8,4.0
18466,10.0,8,4.0
18467,10.0,8,4.0
18468,10.0,1,10.0
18469,10.0,1,10.0
18470,10.0,1,10.0
18471,10.0,3,18.0
18472,10.0,1,10.0
18473,10.0,6,17.0
18474,10.0,1,10.0
18475,10.0,7,7.0
18476,10.0,3,18.0
18477,10.0,3,18.0
18478,10.0,1,10.0
18479,10.0,1,10.0
18480,10.0,8,4.0
18481,10.0,6,17.0
18482,10.0,6,17.0
18483,10.0,1,10.0
18484,10.0,1,10.0
18485,10.0,1,10.0
18486,10.0,1,10.0
18487,10.0,1,10.0
18488,10.0,1,10.0
18489,10.0,1,10.0
18490,10.0,1,10.0
18491,10.0,1,10.0
18492,10.0,1,10.0
18493,10.0,8,4.0
18494,10.0,0,9.0
18495,10.0,6,17.0
18496,10.0,7,7.0
18497,10.0,0,9.0
18498,10.0,1,10.0
18499,10.0,1,10.0
18500,10.0,6,17.0
18501,10.0,1,10.0
18502,10.0,5,2.0
18503,10.0,6,17.0
18504,10.0,8,4.0
18505,10.0,3,18.0
18506,10.0,1,10.0
18507,10.0,1,10.0
18508,10.0,3,18.0
18509,10.0,1,10.0
18510,10.0,5,2.0
18511,10.0,6,17.0
18512,10.0,6,17.0
18513,10.0,3,18.0
18514,10.0,8,4.0
18515,10.0,6,17.0
18516,10.0,3,18.0
18517,10.0,3,18.0
18518,10.0,1,10.0
18519,10.0,1,10.0
18520,10.0,8,4.0
18521,10.0,6,17.0
18522,10.0,1,10.0
18523,10.0,1,10.0
18524,10.0,1,10.0
18525,10.0,1,10.0
18526,10.0,8,4.0
18527,10.0,7,7.0
18528,10.0,1,10.0
18529,10.0,6,17.0
18530,10.0,6,17.0
18531,10.0,1,10.0
18532,10.0,8,4.0
18533,10.0,6,17.0
18534,10.0,1,10.0
18535,10.0,1,10.0
18536,10.0,1,10.0
18537,10.0,7,7.0
18538,10.0,7,7.0
18539,10.0,1,10.0
18540,10.0,1,10.0
18541,10.0,8,4.0
18542,10.0,6,17.0
18543,10.0,1,10.0
18544,10.0,1,10.0
18545,10.0,1,10.0
18546,10.0,6,17.0
18547,10.0,0,9.0
18548,10.0,3,18.0
18549,10.0,8,4.0
18550,10.0,7,7.0
18551,10.0,1,10.0
18552,10.0,1,10.0
18553,10.0,1,10.0
18554,10.0,3,18.0
18555,10.0,8,4.0
18556,10.0,1,10.0
18557,10.0,1,10.0
18558,10.0,6,17.0
18559,10.0,1,10.0
18560,10.0,1,10.0
18561,10.0,2,6.0
18562,10.0,7,7.0
18563,10.0,1,10.0
18564,10.0,1,10.0
18565,10.0,1,10.0
18566,10.0,8,4.0
18567,10.0,1,10.0
18568,10.0,1,10.0
18569,10.0,1,10.0
18570,10.0,1,10.0
18571,10.0,1,10.0
18572,10.0,1,10.0
18573,10.0,6,17.0
18574,10.0,6,17.0
18575,10.0,1,10.0
18576,10.0,8,4.0
18577,10.0,8,4.0
18578,10.0,1,10.0
18579,10.0,1,10.0
18580,10.0,6,17.0
18581,10.0,1,10.0
18582,10.0,1,10.0
18583,10.0,1,10.0
18584,10.0,2,6.0
18585,10.0,1,10.0
18586,10.0,7,7.0
18587,10.0,1,10.0
18588,10.0,1,10.0
18589,10.0,1,10.0
18590,10.0,1,10.0
18591,10.0,1,10.0
18592,10.0,6,17.0
18593,10.0,7,7.0
18594,10.0,1,10.0
18595,10.0,6,17.0
18596,10.0,6,17.0
18597,10.0,1,10.0
18598,10.0,1,10.0
18599,10.0,1,10.0
18600,10.0,8,4.0
18601,10.0,1,10.0
18602,10.0,7,7.0
18603,10.0,3,18.0
18604,10.0,8,4.0
18605,10.0,1,10.0
18606,10.0,1,10.0
18607,10.0,6,17.0
18608,10.0,0,9.0
18609,10.0,1,10.0
18610,10.0,6,17.0
18611,10.0,1,10.0
18612,10.0,1,10.0
18613,10.0,1,10.0
18614,10.0,1,10.0
18615,10.0,0,9.0
18616,10.0,1,10.0
18617,10.0,5,2.0
18618,10.0,1,10.0
18619,10.0,1,10.0
18620,10.0,1,10.0
18621,10.0,7,7.0
18622,10.0,8,4.0
18623,10.0,6,17.0
18624,10.0,6,17.0
18625,10.0,8,4.0
18626,10.0,1,10.0
18627,10.0,7,7.0
18628,10.0,8,4.0
18629,10.0,1,10.0
18630,10.0,8,4.0
18631,10.0,7,7.0
18632,10.0,8,4.0
18633,10.0,1,10.0
18634,10.0,1,10.0
18635,10.0,1,10.0
18636,10.0,6,17.0
18637,10.0,6,17.0
18638,10.0,1,10.0
18639,10.0,8,4.0
18640,10.0,1,10.0
18641,10.0,6,17.0
18642,10.0,6,17.0
18643,10.0,8,4.0
18644,10.0,8,4.0
18645,10.0,1,10.0
18646,10.0,1,10.0
18647,10.0,6,17.0
18648,10.0,1,10.0
18649,10.0,6,17.0
18650,10.0,1,10.0
18651,10.0,8,4.0
18652,10.0,3,18.0
18653,10.0,8,4.0
18654,10.0,1,10.0
18655,10.0,7,7.0
18656,10.0,1,10.0
18657,10.0,6,17.0
18658,10.0,1,10.0
18659,10.0,6,17.0
18660,10.0,1,10.0
18661,10.0,1,10.0
18662,10.0,8,4.0
18663,10.0,1,10.0
18664,10.0,3,18.0
18665,10.0,1,10.0
18666,10.0,6,17.0
18667,10.0,8,4.0
18668,10.0,8,4.0
18669,10.0,8,4.0
18670,10.0,0,9.0
18671,10.0,6,17.0
18672,10.0,1,10.0
18673,10.0,1,10.0
18674,10.0,1,10.0
18675,10.0,3,18.0
18676,10.0,8,4.0
18677,10.0,1,10.0
18678,10.0,3,18.0
18679,10.0,6,17.0
18680,10.0,2,6.0
18681,10.0,1,10.0
18682,10.0,1,10.0
18683,10.0,6,17.0
18684,10.0,1,10.0
18685,10.0,1,10.0
18686,10.0,6,17.0
18687,10.0,8,4.0
18688,10.0,6,17.0
18689,10.0,3,18.0
18690,10.0,1,10.0
18691,10.0,2,6.0
18692,10.0,1,10.0
18693,10.0,6,17.0
18694,10.0,1,10.0
18695,10.0,5,2.0
18696,10.0,1,10.0
18697,10.0,1,10.0
18698,10.0,8,4.0
18699,10.0,6,17.0
18700,10.0,2,6.0
18701,10.0,1,10.0
18702,10.0,3,18.0
18703,10.0,7,7.0
18704,10.0,1,10.0
18705,10.0,1,10.0
18706,10.0,1,10.0
18707,10.0,1,10.0
18708,10.0,1,10.0
18709,10.0,1,10.0
18710,10.0,8,4.0
18711,10.0,6,17.0
18712,10.0,1,10.0
18713,10.0,8,4.0
18714,10.0,3,18.0
18715,10.0,5,2.0
18716,10.0,1,10.0
18717,10.0,1,10.0
18718,10.0,6,17.0
18719,10.0,1,10.0
18720,10.0,1,10.0
18721,10.0,1,10.0
18722,10.0,1,10.0
18723,10.0,1,10.0
18724,10.0,1,10.0
18725,10.0,6,17.0
18726,10.0,6,17.0
18727,10.0,8,4.0
18728,10.0,8,4.0
18729,10.0,1,10.0
18730,10.0,5,2.0
18731,10.0,5,2.0
18732,10.0,2,6.0
18733,10.0,0,9.0
18734,10.0,1,10.0
18735,10.0,3,18.0
18736,10.0,6,17.0
18737,10.0,0,9.0
18738,10.0,0,9.0
18739,10.0,1,10.0
18740,10.0,6,17.0
18741,10.0,1,10.0
18742,10.0,8,4.0
18743,10.0,7,7.0
18744,10.0,6,17.0
18745,10.0,3,18.0
18746,10.0,3,18.0
18747,10.0,6,17.0
18748,10.0,8,4.0
18749,10.0,1,10.0
18750,10.0,1,10.0
18751,10.0,1,10.0
18752,10.0,8,4.0
18753,10.0,1,10.0
18754,10.0,1,10.0
18755,10.0,1,10.0
18756,10.0,6,17.0
18757,10.0,1,10.0
18758,10.0,7,7.0
18759,10.0,8,4.0
18760,10.0,8,4.0
18761,10.0,6,17.0
18762,10.0,6,17.0
18763,10.0,1,10.0
18764,10.0,3,18.0
18765,10.0,7,7.0
18766,10.0,7,7.0
18767,10.0,1,10.0
18768,10.0,7,7.0
18769,10.0,8,4.0
18770,10.0,1,10.0
18771,10.0,3,18.0
18772,10.0,1,10.0
18773,10.0,8,4.0
18774,10.0,1,10.0
18775,10.0,6,17.0
18776,10.0,1,10.0
18777,10.0,1,10.0
18778,10.0,1,10.0
18779,10.0,6,17.0
18780,10.0,1,10.0
18781,10.0,8,4.0
18782,10.0,2,6.0
18783,10.0,1,10.0
18784,10.0,6,17.0
18785,10.0,1,10.0
18786,10.0,3,18.0
18787,10.0,1,10.0
18788,10.0,1,10.0
18789,10.0,1,10.0
18790,10.0,8,4.0
18791,10.0,1,10.0
18792,10.0,6,17.0
18793,10.0,1,10.0
18794,10.0,1,10.0
18795,10.0,7,7.0
18796,10.0,6,17.0
18797,10.0,1,10.0
18798,10.0,6,17.0
18799,10.0,3,18.0
18800,10.0,1,10.0
18801,10.0,6,17.0
18802,10.0,6,17.0
18803,10.0,1,10.0
18804,10.0,8,4.0
18805,10.0,1,10.0
18806,10.0,1,10.0
18807,10.0,1,10.0
18808,10.0,7,7.0
18809,10.0,6,17.0
18810,10.0,1,10.0
18811,10.0,0,9.0
18812,10.0,0,9.0
18813,10.0,2,6.0
18814,10.0,1,10.0
18815,10.0,6,17.0
18816,10.0,1,10.0
18817,10.0,8,4.0
18818,10.0,1,10.0
18819,10.0,1,10.0
18820,10.0,1,10.0
18821,10.0,1,10.0
18822,10.0,1,10.0
18823,10.0,5,2.0
18824,10.0,5,2.0
18825,10.0,1,10.0
18826,10.0,1,10.0
18827,10.0,3,18.0
18828,10.0,1,10.0
18829,10.0,1,10.0
18830,10.0,1,10.0
18831,10.0,3,18.0
18832,10.0,7,7.0
18833,10.0,6,17.0
18834,10.0,1,10.0
18835,10.0,8,4.0
18836,10.0,1,10.0
18837,10.0,1,10.0
18838,10.0,1,10.0
18839,10.0,6,17.0
18840,10.0,1,10.0
18841,10.0,3,18.0
18842,10.0,8,4.0
18843,10.0,1,10.0
18844,10.0,8,4.0
18845,10.0,1,10.0
18846,10.0,1,10.0
18847,10.0,1,10.0
18848,10.0,1,10.0
18849,10.0,1,10.0
18850,10.0,1,10.0
18851,10.0,3,18.0
18852,10.0,1,10.0
18853,10.0,1,10.0
18854,10.0,8,4.0
18855,10.0,2,6.0
18856,10.0,1,10.0
18857,10.0,1,10.0
18858,10.0,6,17.0
18859,10.0,6,17.0
18860,10.0,1,10.0
18861,10.0,1,10.0
18862,10.0,1,10.0
18863,10.0,1,10.0
18864,10.0,3,18.0
18865,10.0,1,10.0
18866,10.0,1,10.0
18867,10.0,1,10.0
18868,10.0,1,10.0
18869,10.0,5,2.0
18870,10.0,1,10.0
18871,10.0,1,10.0
18872,10.0,1,10.0
18873,10.0,1,10.0
18874,10.0,1,10.0
18875,10.0,1,10.0
18876,10.0,8,4.0
18877,10.0,1,10.0
18878,10.0,1,10.0
18879,10.0,1,10.0
18880,10.0,1,10.0
18881,10.0,6,17.0
18882,10.0,1,10.0
18883,10.0,5,2.0
18884,10.0,1,10.0
18885,10.0,1,10.0
18886,10.0,1,10.0
18887,10.0,6,17.0
18888,10.0,1,10.0
18889,10.0,1,10.0
18890,10.0,1,10.0
18891,10.0,3,18.0
18892,10.0,8,4.0
18893,10.0,8,4.0
18894,10.0,1,10.0
18895,10.0,3,18.0
18896,10.0,1,10.0
18897,10.0,7,7.0
18898,10.0,7,7.0
18899,10.0,4,8.0
18900,10.0,1,10.0
18901,10.0,3,18.0
18902,10.0,8,4.0
18903,10.0,8,4.0
18904,10.0,1,10.0
18905,10.0,1,10.0
18906,10.0,1,10.0
18907,10.0,7,7.0
18908,10.0,1,10.0
18909,10.0,6,17.0
18910,10.0,6,17.0
18911,10.0,8,4.0
18912,10.0,6,17.0
18913,10.0,1,10.0
18914,10.0,8,4.0
18915,10.0,2,6.0
18916,10.0,1,10.0
18917,10.0,6,17.0
18918,10.0,1,10.0
18919,10.0,7,7.0
18920,10.0,7,7.0
18921,10.0,1,10.0
18922,10.0,1,10.0
18923,10.0,1,10.0
18924,10.0,8,4.0
18925,10.0,3,18.0
18926,10.0,3,18.0
18927,10.0,6,17.0
18928,10.0,6,17.0
18929,10.0,1,10.0
18930,10.0,1,10.0
18931,10.0,1,10.0
18932,10.0,1,10.0
18933,10.0,3,18.0
18934,10.0,3,18.0
18935,10.0,1,10.0
18936,10.0,1,10.0
18937,10.0,9,13.0
18938,10.0,1,10.0
18939,10.0,6,17.0
18940,10.0,6,17.0
18941,10.0,1,10.0
18942,10.0,1,10.0
18943,10.0,1,10.0
18944,10.0,3,18.0
18945,10.0,6,17.0
18946,10.0,6,17.0
18947,10.0,6,17.0
18948,10.0,3,18.0
18949,10.0,3,18.0
18950,10.0,8,4.0
18951,10.0,8,4.0
18952,10.0,1,10.0
18953,10.0,1,10.0
18954,10.0,8,4.0
18955,10.0,6,17.0
18956,10.0,4,8.0
18957,10.0,1,10.0
18958,10.0,6,17.0
18959,10.0,3,18.0
18960,10.0,7,7.0
18961,10.0,1,10.0
18962,10.0,1,10.0
18963,10.0,3,18.0
18964,10.0,1,10.0
18965,10.0,6,17.0
18966,10.0,1,10.0
18967,10.0,6,17.0
18968,10.0,1,10.0
18969,10.0,1,10.0
18970,10.0,1,10.0
18971,10.0,1,10.0
18972,10.0,6,17.0
18973,10.0,1,10.0
18974,10.0,1,10.0
18975,10.0,1,10.0
18976,10.0,7,7.0
18977,10.0,6,17.0
18978,10.0,1,10.0
18979,10.0,1,10.0
18980,10.0,1,10.0
18981,10.0,7,7.0
18982,10.0,6,17.0
18983,10.0,6,17.0
18984,10.0,8,4.0
18985,10.0,1,10.0
18986,10.0,3,18.0
18987,10.0,1,10.0
18988,10.0,1,10.0
18989,10.0,3,18.0
18990,10.0,6,17.0
18991,10.0,1,10.0
18992,10.0,4,8.0
18993,10.0,1,10.0
18994,10.0,1,10.0
18995,10.0,1,10.0
18996,10.0,1,10.0
18997,10.0,1,10.0
18998,10.0,1,10.0
18999,10.0,1,10.0
19000,10.0,6,17.0
19001,10.0,1,10.0
19002,10.0,1,10.0
19003,10.0,6,17.0
19004,10.0,1,10.0
19005,10.0,1,10.0
19006,10.0,1,10.0
19007,10.0,1,10.0
19008,10.0,8,4.0
19009,10.0,3,18.0
19010,10.0,3,18.0
19011,10.0,8,4.0
19012,10.0,6,17.0
19013,10.0,8,4.0
19014,10.0,1,10.0
19015,10.0,1,10.0
19016,10.0,2,6.0
19017,10.0,6,17.0
19018,10.0,6,17.0
19019,10.0,6,17.0
19020,10.0,1,10.0
19021,10.0,1,10.0
19022,10.0,6,17.0
19023,10.0,1,10.0
19024,10.0,8,4.0
19025,10.0,8,4.0
19026,10.0,7,7.0
19027,10.0,1,10.0
19028,10.0,1,10.0
19029,10.0,6,17.0
19030,10.0,3,18.0
19031,10.0,2,6.0
19032,10.0,6,17.0
19033,10.0,7,7.0
19034,10.0,6,17.0
19035,10.0,6,17.0
19036,10.0,6,17.0
19037,10.0,6,17.0
19038,10.0,3,18.0
19039,10.0,3,18.0
19040,10.0,3,18.0
19041,10.0,8,4.0
19042,10.0,1,10.0
19043,10.0,6,17.0
19044,10.0,6,17.0
19045,10.0,3,18.0
19046,10.0,1,10.0
19047,10.0,8,4.0
19048,10.0,6,17.0
19049,10.0,8,4.0
19050,10.0,1,10.0
19051,10.0,1,10.0
19052,10.0,3,18.0
19053,10.0,6,17.0
19054,10.0,8,4.0
19055,10.0,1,10.0
19056,10.0,8,4.0
19057,10.0,1,10.0
19058,10.0,1,10.0
19059,10.0,8,4.0
19060,10.0,6,17.0
19061,10.0,6,17.0
19062,10.0,8,4.0
19063,10.0,1,10.0
19064,10.0,1,10.0
19065,10.0,1,10.0
19066,10.0,8,4.0
19067,10.0,1,10.0
19068,10.0,1,10.0
19069,10.0,6,17.0
19070,10.0,1,10.0
19071,10.0,1,10.0
19072,10.0,1,10.0
19073,10.0,8,4.0
19074,10.0,1,10.0
19075,10.0,8,4.0
19076,10.0,3,18.0
19077,10.0,1,10.0
19078,10.0,1,10.0
19079,10.0,1,10.0
19080,10.0,1,10.0
19081,10.0,1,10.0
19082,10.0,1,10.0
19083,10.0,1,10.0
19084,10.0,7,7.0
19085,10.0,1,10.0
19086,10.0,5,2.0
19087,10.0,1,10.0
19088,10.0,7,7.0
19089,10.0,1,10.0
19090,10.0,8,4.0
19091,10.0,6,17.0
19092,10.0,1,10.0
19093,10.0,8,4.0
19094,10.0,0,9.0
19095,10.0,1,10.0
19096,10.0,1,10.0
19097,10.0,1,10.0
19098,10.0,0,9.0
19099,10.0,1,10.0
19100,10.0,8,4.0
19101,10.0,8,4.0
19102,10.0,6,17.0
19103,10.0,1,10.0
19104,10.0,1,10.0
19105,10.0,7,7.0
19106,10.0,7,7.0
19107,10.0,7,7.0
19108,10.0,1,10.0
19109,10.0,8,4.0
19110,10.0,0,9.0
19111,10.0,1,10.0
19112,10.0,1,10.0
19113,10.0,1,10.0
19114,10.0,1,10.0
19115,10.0,6,17.0
19116,10.0,0,9.0
19117,10.0,1,10.0
19118,10.0,8,4.0
19119,10.0,6,17.0
19120,10.0,1,10.0
19121,10.0,1,10.0
19122,10.0,1,10.0
19123,10.0,1,10.0
19124,10.0,7,7.0
19125,10.0,0,9.0
19126,10.0,1,10.0
19127,10.0,1,10.0
19128,10.0,1,10.0
19129,10.0,1,10.0
19130,10.0,1,10.0
19131,10.0,1,10.0
19132,10.0,8,4.0
19133,10.0,1,10.0
19134,10.0,1,10.0
19135,10.0,8,4.0
19136,10.0,6,17.0
19137,10.0,4,8.0
19138,10.0,8,4.0
19139,10.0,6,17.0
19140,10.0,8,4.0
19141,10.0,1,10.0
19142,10.0,6,17.0
19143,10.0,8,4.0
19144,10.0,5,2.0
19145,10.0,1,10.0
19146,10.0,1,10.0
19147,10.0,5,2.0
19148,10.0,8,4.0
19149,10.0,7,7.0
19150,10.0,0,9.0
19151,10.0,6,17.0
19152,10.0,6,17.0
19153,10.0,1,10.0
19154,10.0,6,17.0
19155,10.0,7,7.0
19156,10.0,1,10.0
19157,10.0,1,10.0
19158,10.0,1,10.0
19159,10.0,4,8.0
19160,10.0,1,10.0
19161,10.0,1,10.0
19162,10.0,1,10.0
19163,10.0,0,9.0
19164,10.0,8,4.0
19165,10.0,0,9.0
19166,10.0,6,17.0
19167,10.0,1,10.0
19168,10.0,1,10.0
19169,10.0,8,4.0
19170,10.0,1,10.0
19171,10.0,1,10.0
19172,10.0,8,4.0
19173,10.0,1,10.0
19174,10.0,6,17.0
19175,10.0,1,10.0
19176,10.0,1,10.0
19177,10.0,1,10.0
19178,10.0,1,10.0
19179,10.0,8,4.0
19180,10.0,1,10.0
19181,10.0,6,17.0
19182,10.0,6,17.0
19183,10.0,6,17.0
19184,10.0,6,17.0
19185,10.0,4,8.0
19186,10.0,6,17.0
19187,10.0,8,4.0
19188,10.0,3,18.0
19189,10.0,8,4.0
19190,10.0,1,10.0
19191,10.0,1,10.0
19192,10.0,1,10.0
19193,10.0,1,10.0
19194,10.0,1,10.0
19195,10.0,6,17.0
19196,10.0,1,10.0
19197,10.0,1,10.0
19198,10.0,7,7.0
19199,10.0,3,18.0
19200,10.0,1,10.0
19201,10.0,3,18.0
19202,10.0,1,10.0
19203,10.0,1,10.0
19204,10.0,1,10.0
19205,10.0,3,18.0
19206,10.0,3,18.0
19207,10.0,1,10.0
19208,10.0,1,10.0
19209,10.0,1,10.0
19210,10.0,1,10.0
19211,10.0,1,10.0
19212,10.0,1,10.0
19213,10.0,1,10.0
19214,10.0,1,10.0
19215,10.0,1,10.0
19216,10.0,1,10.0
19217,10.0,8,4.0
19218,10.0,8,4.0
19219,10.0,3,18.0
19220,10.0,4,8.0
19221,10.0,1,10.0
19222,10.0,5,2.0
19223,10.0,8,4.0
19224,10.0,8,4.0
19225,10.0,1,10.0
19226,10.0,1,10.0
19227,10.0,6,17.0
19228,10.0,1,10.0
19229,10.0,8,4.0
19230,10.0,1,10.0
19231,10.0,1,10.0
19232,10.0,1,10.0
19233,10.0,1,10.0
19234,10.0,6,17.0
19235,10.0,8,4.0
19236,10.0,2,6.0
19237,10.0,1,10.0
19238,10.0,6,17.0
19239,10.0,8,4.0
19240,10.0,3,18.0
19241,10.0,8,4.0
19242,10.0,8,4.0
19243,10.0,1,10.0
19244,10.0,1,10.0
19245,10.0,6,17.0
19246,10.0,6,17.0
19247,10.0,1,10.0
19248,10.0,1,10.0
19249,10.0,0,9.0
19250,10.0,8,4.0
19251,10.0,1,10.0
19252,10.0,6,17.0
19253,10.0,1,10.0
19254,10.0,8,4.0
19255,10.0,1,10.0
19256,10.0,6,17.0
19257,10.0,7,7.0
19258,10.0,8,4.0
19259,10.0,8,4.0
19260,10.0,1,10.0
19261,10.0,1,10.0
19262,10.0,6,17.0
19263,10.0,1,10.0
19264,10.0,1,10.0
19265,10.0,1,10.0
19266,10.0,1,10.0
19267,10.0,6,17.0
19268,10.0,6,17.0
19269,10.0,6,17.0
19270,10.0,1,10.0
19271,10.0,1,10.0
19272,10.0,1,10.0
19273,10.0,1,10.0
19274,10.0,1,10.0
19275,10.0,1,10.0
19276,10.0,1,10.0
19277,10.0,8,4.0
19278,10.0,0,9.0
19279,10.0,6,17.0
19280,10.0,0,9.0
19281,10.0,3,18.0
19282,10.0,6,17.0
19283,10.0,8,4.0
19284,10.0,6,17.0
19285,10.0,8,4.0
19286,10.0,7,7.0
19287,10.0,1,10.0
19288,10.0,1,10.0
19289,10.0,1,10.0
19290,10.0,1,10.0
19291,10.0,8,4.0
19292,10.0,1,10.0
19293,10.0,1,10.0
19294,10.0,1,10.0
19295,10.0,3,18.0
19296,10.0,5,2.0
19297,10.0,1,10.0
19298,10.0,3,18.0
19299,10.0,8,4.0
19300,10.0,1,10.0
19301,10.0,1,10.0
19302,10.0,1,10.0
19303,10.0,1,10.0
19304,10.0,8,4.0
19305,10.0,2,6.0
19306,10.0,1,10.0
19307,10.0,6,17.0
19308,10.0,1,10.0
19309,10.0,6,17.0
19310,10.0,6,17.0
19311,10.0,1,10.0
19312,10.0,2,6.0
19313,10.0,1,10.0
19314,10.0,8,4.0
19315,10.0,3,18.0
19316,10.0,1,10.0
19317,10.0,1,10.0
19318,10.0,3,18.0
19319,10.0,3,18.0
19320,10.0,1,10.0
19321,10.0,1,10.0
19322,10.0,3,18.0
19323,10.0,3,18.0
19324,10.0,1,10.0
19325,10.0,1,10.0
19326,10.0,1,10.0
19327,10.0,7,7.0
19328,10.0,1,10.0
19329,10.0,1,10.0
19330,10.0,1,10.0
19331,10.0,3,18.0
19332,10.0,1,10.0
19333,10.0,6,17.0
19334,10.0,6,17.0
19335,10.0,6,17.0
19336,10.0,6,17.0
19337,10.0,1,10.0
19338,10.0,1,10.0
19339,10.0,1,10.0
19340,10.0,7,7.0
19341,10.0,1,10.0
19342,10.0,1,10.0
19343,10.0,8,4.0
19344,10.0,6,17.0
19345,10.0,1,10.0
19346,10.0,8,4.0
19347,10.0,1,10.0
19348,10.0,6,17.0
19349,10.0,1,10.0
19350,10.0,1,10.0
19351,10.0,1,10.0
19352,10.0,3,18.0
19353,10.0,1,10.0
19354,10.0,6,17.0
19355,10.0,8,4.0
19356,10.0,6,17.0
19357,10.0,1,10.0
19358,10.0,1,10.0
19359,10.0,5,2.0
19360,10.0,1,10.0
19361,10.0,0,9.0
19362,10.0,1,10.0
19363,10.0,1,10.0
19364,10.0,3,18.0
19365,10.0,1,10.0
19366,10.0,6,17.0
19367,10.0,1,10.0
19368,10.0,2,6.0
19369,10.0,1,10.0
19370,10.0,6,17.0
19371,10.0,1,10.0
19372,10.0,8,4.0
19373,10.0,6,17.0
19374,10.0,1,10.0
19375,10.0,1,10.0
19376,10.0,8,4.0
19377,10.0,1,10.0
19378,10.0,1,10.0
19379,10.0,1,10.0
19380,10.0,1,10.0
19381,10.0,6,17.0
19382,10.0,1,10.0
19383,10.0,8,4.0
19384,10.0,8,4.0
19385,10.0,1,10.0
19386,10.0,1,10.0
19387,10.0,6,17.0
19388,10.0,8,4.0
19389,10.0,1,10.0
19390,10.0,1,10.0
19391,10.0,7,7.0
19392,10.0,8,4.0
19393,10.0,5,2.0
19394,10.0,1,10.0
19395,10.0,1,10.0
19396,10.0,1,10.0
19397,10.0,1,10.0
19398,10.0,6,17.0
19399,10.0,1,10.0
19400,10.0,1,10.0
19401,10.0,1,10.0
19402,10.0,1,10.0
19403,10.0,1,10.0
19404,10.0,0,9.0
19405,10.0,1,10.0
19406,10.0,1,10.0
19407,10.0,1,10.0
19408,10.0,3,18.0
19409,10.0,1,10.0
19410,10.0,6,17.0
19411,10.0,3,18.0
19412,10.0,1,10.0
19413,10.0,8,4.0
19414,10.0,8,4.0
19415,10.0,8,4.0
19416,10.0,1,10.0
19417,10.0,8,4.0
19418,10.0,0,9.0
19419,10.0,1,10.0
19420,10.0,6,17.0
19421,10.0,1,10.0
19422,10.0,1,10.0
19423,10.0,1,10.0
19424,10.0,3,18.0
19425,10.0,1,10.0
19426,10.0,8,4.0
19427,10.0,8,4.0
19428,10.0,8,4.0
19429,10.0,1,10.0
19430,10.0,8,4.0
19431,10.0,6,17.0
19432,10.0,1,10.0
19433,10.0,1,10.0
19434,10.0,6,17.0
19435,10.0,1,10.0
19436,10.0,1,10.0
19437,10.0,1,10.0
19438,10.0,3,18.0
19439,10.0,7,7.0
19440,10.0,8,4.0
19441,10.0,1,10.0
19442,10.0,8,4.0
19443,10.0,1,10.0
19444,10.0,1,10.0
19445,10.0,2,6.0
19446,10.0,1,10.0
19447,10.0,1,10.0
19448,10.0,1,10.0
19449,10.0,6,17.0
19450,10.0,1,10.0
19451,10.0,1,10.0
19452,10.0,8,4.0
19453,10.0,1,10.0
19454,10.0,1,10.0
19455,10.0,1,10.0
19456,10.0,1,10.0
19457,10.0,8,4.0
19458,10.0,1,10.0
19459,10.0,1,10.0
19460,10.0,1,10.0
19461,10.0,8,4.0
19462,10.0,8,4.0
19463,10.0,1,10.0
19464,10.0,1,10.0
19465,10.0,1,10.0
19466,10.0,1,10.0
19467,10.0,1,10.0
19468,10.0,1,10.0
19469,10.0,1,10.0
19470,10.0,6,17.0
19471,10.0,6,17.0
19472,10.0,6,17.0
19473,10.0,6,17.0
19474,10.0,6,17.0
19475,10.0,6,17.0
19476,10.0,7,7.0
19477,10.0,6,17.0
19478,10.0,5,2.0
19479,10.0,1,10.0
19480,10.0,0,9.0
19481,10.0,3,18.0
19482,10.0,3,18.0
19483,10.0,1,10.0
19484,10.0,6,17.0
19485,10.0,1,10.0
19486,10.0,1,10.0
19487,10.0,8,4.0
19488,10.0,1,10.0
19489,10.0,8,4.0
19490,10.0,1,10.0
19491,10.0,8,4.0
19492,10.0,1,10.0
19493,10.0,1,10.0
19494,10.0,1,10.0
19495,10.0,8,4.0
19496,10.0,1,10.0
19497,10.0,1,10.0
19498,10.0,6,17.0
19499,10.0,1,10.0
19500,10.0,6,17.0
19501,10.0,1,10.0
19502,10.0,1,10.0
19503,10.0,1,10.0
19504,10.0,7,7.0
19505,10.0,1,10.0
19506,10.0,8,4.0
19507,10.0,1,10.0
19508,10.0,8,4.0
19509,10.0,1,10.0
19510,10.0,6,17.0
19511,10.0,4,8.0
19512,10.0,3,18.0
19513,10.0,6,17.0
19514,10.0,3,18.0
19515,10.0,1,10.0
19516,10.0,6,17.0
19517,10.0,6,17.0
19518,10.0,8,4.0
19519,10.0,1,10.0
19520,10.0,8,4.0
19521,10.0,1,10.0
19522,10.0,1,10.0
19523,10.0,6,17.0
19524,10.0,1,10.0
19525,10.0,8,4.0
19526,10.0,1,10.0
19527,10.0,6,17.0
19528,10.0,1,10.0
19529,10.0,1,10.0
19530,10.0,8,4.0
19531,10.0,6,17.0
19532,10.0,1,10.0
19533,10.0,5,2.0
19534,10.0,1,10.0
19535,10.0,1,10.0
19536,10.0,6,17.0
19537,10.0,6,17.0
19538,10.0,1,10.0
19539,10.0,1,10.0
19540,10.0,7,7.0
19541,10.0,1,10.0
19542,10.0,1,10.0
19543,10.0,1,10.0
19544,10.0,1,10.0
19545,10.0,6,17.0
19546,10.0,8,4.0
19547,10.0,5,2.0
19548,10.0,1,10.0
19549,10.0,1,10.0
19550,10.0,1,10.0
19551,10.0,1,10.0
19552,10.0,1,10.0
19553,10.0,8,4.0
19554,10.0,6,17.0
19555,10.0,6,17.0
19556,10.0,1,10.0
19557,10.0,0,9.0
19558,10.0,1,10.0
19559,10.0,8,4.0
19560,10.0,1,10.0
19561,10.0,1,10.0
19562,10.0,1,10.0
19563,10.0,1,10.0
19564,10.0,5,2.0
19565,10.0,1,10.0
19566,10.0,0,9.0
19567,10.0,8,4.0
19568,10.0,1,10.0
19569,10.0,0,9.0
19570,10.0,6,17.0
19571,10.0,1,10.0
19572,10.0,8,4.0
19573,10.0,0,9.0
19574,10.0,1,10.0
19575,10.0,1,10.0
19576,10.0,6,17.0
19577,10.0,6,17.0
19578,10.0,6,17.0
19579,10.0,6,17.0
19580,10.0,6,17.0
19581,10.0,7,7.0
19582,10.0,1,10.0
19583,10.0,1,10.0
19584,10.0,3,18.0
19585,10.0,1,10.0
19586,10.0,1,10.0
19587,10.0,1,10.0
19588,10.0,1,10.0
19589,10.0,1,10.0
19590,10.0,1,10.0
19591,10.0,3,18.0
19592,10.0,3,18.0
19593,10.0,3,18.0
19594,10.0,1,10.0
19595,10.0,1,10.0
19596,10.0,1,10.0
19597,10.0,6,17.0
19598,10.0,3,18.0
19599,10.0,1,10.0
19600,10.0,1,10.0
19601,10.0,7,7.0
19602,10.0,1,10.0
19603,10.0,3,18.0
19604,10.0,8,4.0
19605,10.0,1,10.0
19606,10.0,6,17.0
19607,10.0,1,10.0
19608,10.0,6,17.0
19609,10.0,5,2.0
19610,10.0,8,4.0
19611,10.0,7,7.0
19612,10.0,1,10.0
19613,10.0,1,10.0
19614,10.0,1,10.0
19615,10.0,6,17.0
19616,10.0,1,10.0
19617,10.0,2,6.0
19618,10.0,5,2.0
19619,10.0,1,10.0
19620,10.0,1,10.0
19621,10.0,7,7.0
19622,10.0,1,10.0
19623,10.0,7,7.0
19624,10.0,7,7.0
19625,10.0,8,4.0
19626,10.0,7,7.0
19627,10.0,6,17.0
19628,10.0,1,10.0
19629,10.0,1,10.0
19630,10.0,7,7.0
19631,10.0,1,10.0
19632,10.0,8,4.0
19633,10.0,1,10.0
19634,10.0,8,4.0
19635,10.0,1,10.0
19636,10.0,1,10.0
19637,10.0,1,10.0
19638,10.0,6,17.0
19639,10.0,3,18.0
19640,10.0,1,10.0
19641,10.0,1,10.0
19642,10.0,7,7.0
19643,10.0,8,4.0
19644,10.0,8,4.0
19645,10.0,3,18.0
19646,10.0,1,10.0
19647,10.0,8,4.0
19648,10.0,1,10.0
19649,10.0,3,18.0
19650,10.0,1,10.0
19651,10.0,1,10.0
19652,10.0,1,10.0
19653,10.0,6,17.0
19654,10.0,6,17.0
19655,10.0,6,17.0
19656,10.0,8,4.0
19657,10.0,6,17.0
19658,10.0,3,18.0
19659,10.0,7,7.0
19660,10.0,6,17.0
19661,10.0,1,10.0
19662,10.0,5,2.0
19663,10.0,6,17.0
19664,10.0,5,2.0
19665,10.0,1,10.0
19666,10.0,6,17.0
19667,10.0,3,18.0
19668,10.0,3,18.0
19669,10.0,3,18.0
19670,10.0,3,18.0
19671,10.0,1,10.0
19672,10.0,3,18.0
19673,10.0,1,10.0
19674,10.0,1,10.0
19675,10.0,6,17.0
19676,10.0,1,10.0
19677,10.0,1,10.0
19678,10.0,1,10.0
19679,10.0,1,10.0
19680,10.0,1,10.0
19681,10.0,1,10.0
19682,10.0,1,10.0
19683,10.0,3,18.0
19684,10.0,6,17.0
19685,10.0,1,10.0
19686,10.0,1,10.0
19687,10.0,1,10.0
19688,10.0,1,10.0
19689,10.0,6,17.0
19690,10.0,6,17.0
19691,10.0,1,10.0
19692,10.0,1,10.0
19693,10.0,1,10.0
19694,10.0,1,10.0
19695,10.0,1,10.0
19696,10.0,1,10.0
19697,10.0,6,17.0
19698,10.0,6,17.0
19699,10.0,1,10.0
19700,10.0,1,10.0
19701,10.0,1,10.0
19702,10.0,3,18.0
19703,10.0,1,10.0
19704,10.0,6,17.0
19705,10.0,6,17.0
19706,10.0,8,4.0
19707,10.0,1,10.0
19708,10.0,6,17.0
19709,10.0,1,10.0
19710,10.0,7,7.0
19711,10.0,1,10.0
19712,10.0,1,10.0
19713,10.0,6,17.0
19714,10.0,6,17.0
19715,10.0,6,17.0
19716,10.0,8,4.0
19717,10.0,2,6.0
19718,10.0,1,10.0
19719,10.0,1,10.0
19720,10.0,3,18.0
19721,10.0,8,4.0
19722,10.0,8,4.0
19723,10.0,1,10.0
19724,10.0,1,10.0
19725,10.0,1,10.0
19726,10.0,1,10.0
19727,10.0,1,10.0
19728,10.0,1,10.0
19729,10.0,1,10.0
19730,10.0,1,10.0
19731,10.0,6,17.0
19732,10.0,8,4.0
19733,10.0,8,4.0
19734,10.0,1,10.0
19735,10.0,1,10.0
19736,10.0,8,4.0
19737,10.0,7,7.0
19738,10.0,3,18.0
19739,10.0,3,18.0
19740,10.0,8,4.0
19741,10.0,6,17.0
19742,10.0,7,7.0
19743,10.0,7,7.0
19744,10.0,1,10.0
19745,10.0,4,8.0
19746,10.0,1,10.0
19747,10.0,1,10.0
19748,10.0,3,18.0
19749,10.0,4,8.0
19750,10.0,6,17.0
19751,10.0,7,7.0
19752,10.0,3,18.0
19753,10.0,1,10.0
19754,10.0,1,10.0
19755,10.0,1,10.0
19756,10.0,1,10.0
19757,10.0,1,10.0
19758,10.0,6,17.0
19759,10.0,6,17.0
19760,10.0,6,17.0
19761,10.0,3,18.0
19762,10.0,1,10.0
19763,10.0,1,10.0
19764,10.0,1,10.0
19765,10.0,1,10.0
19766,10.0,7,7.0
19767,10.0,1,10.0
19768,10.0,1,10.0
19769,10.0,1,10.0
19770,10.0,1,10.0
19771,10.0,1,10.0
19772,10.0,6,17.0
19773,10.0,1,10.0
19774,10.0,6,17.0
19775,10.0,7,7.0
19776,10.0,1,10.0
19777,10.0,6,17.0
19778,10.0,1,10.0
19779,10.0,5,2.0
19780,10.0,1,10.0
19781,10.0,2,6.0
19782,10.0,7,7.0
19783,10.0,2,6.0
19784,10.0,0,9.0
19785,10.0,3,18.0
19786,10.0,1,10.0
19787,10.0,1,10.0
19788,10.0,1,10.0
19789,10.0,1,10.0
19790,10.0,1,10.0
19791,10.0,8,4.0
19792,10.0,6,17.0
19793,10.0,1,10.0
19794,10.0,1,10.0
19795,10.0,2,6.0
19796,10.0,8,4.0
19797,10.0,1,10.0
19798,10.0,1,10.0
19799,10.0,1,10.0
19800,10.0,1,10.0
19801,10.0,1,10.0
19802,10.0,8,4.0
19803,10.0,1,10.0
19804,10.0,1,10.0
19805,10.0,1,10.0
19806,10.0,6,17.0
19807,10.0,7,7.0
19808,10.0,8,4.0
19809,10.0,6,17.0
19810,10.0,6,17.0
19811,10.0,1,10.0
19812,10.0,8,4.0
19813,10.0,1,10.0
19814,10.0,1,10.0
19815,10.0,1,10.0
19816,10.0,3,18.0
19817,10.0,1,10.0
19818,10.0,6,17.0
19819,10.0,1,10.0
19820,10.0,6,17.0
19821,10.0,6,17.0
19822,10.0,1,10.0
19823,10.0,6,17.0
19824,10.0,0,9.0
19825,10.0,1,10.0
19826,10.0,1,10.0
19827,10.0,1,10.0
19828,10.0,1,10.0
19829,10.0,1,10.0
19830,10.0,4,8.0
19831,10.0,1,10.0
19832,10.0,6,17.0
19833,10.0,6,17.0
19834,10.0,1,10.0
19835,10.0,6,17.0
19836,10.0,6,17.0
19837,10.0,1,10.0
19838,10.0,6,17.0
19839,10.0,8,4.0
19840,10.0,6,17.0
19841,10.0,1,10.0
19842,10.0,1,10.0
19843,10.0,1,10.0
19844,10.0,1,10.0
19845,10.0,1,10.0
19846,10.0,1,10.0
19847,10.0,3,18.0
19848,10.0,6,17.0
19849,10.0,5,2.0
19850,10.0,6,17.0
19851,10.0,1,10.0
19852,10.0,1,10.0
19853,10.0,1,10.0
19854,10.0,3,18.0
19855,10.0,1,10.0
19856,10.0,8,4.0
19857,10.0,1,10.0
19858,10.0,1,10.0
19859,10.0,1,10.0
19860,10.0,7,7.0
19861,10.0,1,10.0
19862,10.0,1,10.0
19863,10.0,1,10.0
19864,10.0,6,17.0
19865,10.0,3,18.0
19866,10.0,1,10.0
19867,10.0,0,9.0
19868,10.0,1,10.0
19869,10.0,1,10.0
19870,10.0,1,10.0
19871,10.0,8,4.0
19872,10.0,1,10.0
19873,10.0,1,10.0
19874,10.0,6,17.0
19875,10.0,1,10.0
19876,10.0,2,6.0
19877,10.0,1,10.0
19878,10.0,1,10.0
19879,10.0,1,10.0
19880,10.0,4,8.0
19881,10.0,1,10.0
19882,10.0,7,7.0
19883,10.0,1,10.0
19884,10.0,1,10.0
19885,10.0,6,17.0
19886,10.0,2,6.0
19887,10.0,1,10.0
19888,10.0,1,10.0
19889,10.0,2,6.0
19890,10.0,7,7.0
19891,10.0,1,10.0
19892,10.0,7,7.0
19893,10.0,0,9.0
19894,10.0,2,6.0
19895,10.0,1,10.0
19896,10.0,1,10.0
19897,10.0,1,10.0
19898,10.0,6,17.0
19899,10.0,6,17.0
19900,10.0,1,10.0
19901,10.0,6,17.0
19902,10.0,1,10.0
19903,10.0,1,10.0
19904,10.0,3,18.0
19905,10.0,1,10.0
19906,10.0,1,10.0
19907,10.0,3,18.0
19908,10.0,6,17.0
19909,10.0,3,18.0
19910,10.0,6,17.0
19911,10.0,1,10.0
19912,10.0,8,4.0
19913,10.0,3,18.0
19914,10.0,8,4.0
19915,10.0,8,4.0
19916,10.0,2,6.0
19917,10.0,6,17.0
19918,10.0,1,10.0
19919,10.0,1,10.0
19920,10.0,6,17.0
19921,10.0,1,10.0
19922,10.0,6,17.0
19923,10.0,6,17.0
19924,10.0,6,17.0
19925,10.0,6,17.0
19926,10.0,0,9.0
19927,10.0,1,10.0
19928,10.0,3,18.0
19929,10.0,3,18.0
19930,10.0,1,10.0
19931,10.0,1,10.0
19932,10.0,8,4.0
19933,10.0,1,10.0
19934,10.0,1,10.0
19935,10.0,1,10.0
19936,10.0,1,10.0
19937,10.0,1,10.0
19938,10.0,6,17.0
19939,10.0,1,10.0
19940,10.0,1,10.0
19941,10.0,3,18.0
19942,10.0,1,10.0
19943,10.0,1,10.0
19944,10.0,1,10.0
19945,10.0,8,4.0
19946,10.0,1,10.0
19947,10.0,6,17.0
19948,10.0,1,10.0
19949,10.0,6,17.0
19950,10.0,1,10.0
19951,10.0,1,10.0
19952,10.0,1,10.0
19953,10.0,0,9.0
19954,10.0,1,10.0
19955,10.0,1,10.0
19956,10.0,6,17.0
19957,10.0,6,17.0
19958,10.0,1,10.0
19959,10.0,1,10.0
19960,10.0,6,17.0
19961,10.0,6,17.0
19962,10.0,6,17.0
19963,10.0,6,17.0
19964,10.0,1,10.0
19965,10.0,1,10.0
19966,10.0,6,17.0
19967,10.0,6,17.0
19968,10.0,5,2.0
19969,10.0,8,4.0
19970,10.0,1,10.0
19971,10.0,1,10.0
19972,10.0,6,17.0
19973,10.0,1,10.0
19974,10.0,1,10.0
19975,10.0,1,10.0
19976,10.0,1,10.0
19977,10.0,1,10.0
19978,10.0,1,10.0
19979,10.0,1,10.0
19980,10.0,1,10.0
19981,10.0,6,17.0
19982,10.0,6,17.0
19983,10.0,7,7.0
19984,10.0,1,10.0
19985,10.0,6,17.0
19986,10.0,8,4.0
19987,10.0,8,4.0
19988,10.0,6,17.0
19989,10.0,1,10.0
19990,10.0,1,10.0
19991,10.0,1,10.0
19992,10.0,1,10.0
19993,10.0,1,10.0
19994,10.0,1,10.0
19995,10.0,1,10.0
19996,10.0,6,17.0
19997,10.0,3,18.0
19998,10.0,6,17.0
19999,10.0,1,10.0
20000,10.0,7,7.0
20001,10.0,1,10.0
20002,10.0,1,10.0
20003,10.0,3,18.0
20004,10.0,3,18.0
20005,10.0,1,10.0
20006,10.0,1,10.0
20007,10.0,1,10.0
20008,10.0,6,17.0
20009,10.0,8,4.0
20010,10.0,1,10.0
20011,10.0,1,10.0
20012,10.0,1,10.0
20013,10.0,8,4.0
20014,10.0,1,10.0
20015,10.0,1,10.0
20016,10.0,8,4.0
20017,10.0,1,10.0
20018,10.0,6,17.0
20019,10.0,8,4.0
20020,10.0,6,17.0
20021,10.0,1,10.0
20022,10.0,3,18.0
20023,10.0,4,8.0
20024,10.0,3,18.0
20025,10.0,1,10.0
20026,10.0,6,17.0
20027,10.0,1,10.0
20028,10.0,1,10.0
20029,10.0,1,10.0
20030,10.0,8,4.0
20031,10.0,1,10.0
20032,10.0,6,17.0
20033,10.0,1,10.0
20034,10.0,8,4.0
20035,10.0,1,10.0
20036,10.0,8,4.0
20037,10.0,6,17.0
20038,10.0,6,17.0
20039,10.0,8,4.0
20040,10.0,1,10.0
20041,10.0,6,17.0
20042,10.0,1,10.0
20043,10.0,6,17.0
20044,10.0,1,10.0
20045,10.0,1,10.0
20046,10.0,5,2.0
20047,10.0,5,2.0
20048,10.0,1,10.0
20049,10.0,1,10.0
20050,10.0,7,7.0
20051,10.0,1,10.0
20052,10.0,1,10.0
20053,10.0,1,10.0
20054,10.0,1,10.0
20055,10.0,3,18.0
20056,10.0,1,10.0
20057,10.0,1,10.0
20058,10.0,5,2.0
20059,10.0,1,10.0
20060,10.0,8,4.0
20061,10.0,8,4.0
20062,10.0,1,10.0
20063,10.0,1,10.0
20064,10.0,0,9.0
20065,10.0,6,17.0
20066,10.0,6,17.0
20067,10.0,6,17.0
20068,10.0,6,17.0
20069,10.0,6,17.0
20070,10.0,1,10.0
20071,10.0,8,4.0
20072,10.0,6,17.0
20073,10.0,1,10.0
20074,10.0,1,10.0
20075,10.0,6,17.0
20076,10.0,1,10.0
20077,10.0,1,10.0
20078,10.0,0,9.0
20079,10.0,1,10.0
20080,10.0,2,6.0
20081,10.0,1,10.0
20082,10.0,8,4.0
20083,10.0,6,17.0
20084,10.0,1,10.0
20085,10.0,2,6.0
20086,10.0,1,10.0
20087,10.0,8,4.0
20088,10.0,1,10.0
20089,10.0,1,10.0
20090,10.0,1,10.0
20091,10.0,6,17.0
20092,10.0,6,17.0
20093,10.0,1,10.0
20094,10.0,1,10.0
20095,10.0,6,17.0
20096,10.0,1,10.0
20097,10.0,1,10.0
20098,10.0,1,10.0
20099,10.0,1,10.0
20100,10.0,2,6.0
20101,10.0,3,18.0
20102,10.0,1,10.0
20103,10.0,6,17.0
20104,10.0,6,17.0
20105,10.0,7,7.0
20106,10.0,6,17.0
20107,10.0,1,10.0
20108,10.0,3,18.0
20109,10.0,5,2.0
20110,10.0,6,17.0
20111,10.0,1,10.0
20112,10.0,8,4.0
20113,10.0,6,17.0
20114,10.0,8,4.0
20115,10.0,1,10.0
20116,10.0,2,6.0
20117,10.0,2,6.0
20118,10.0,2,6.0
20119,10.0,1,10.0
20120,10.0,1,10.0
20121,10.0,1,10.0
20122,10.0,6,17.0
20123,10.0,8,4.0
20124,10.0,8,4.0
20125,10.0,2,6.0
20126,10.0,1,10.0
20127,10.0,6,17.0
20128,10.0,1,10.0
20129,10.0,1,10.0
20130,10.0,6,17.0
20131,10.0,0,9.0
20132,10.0,3,18.0
20133,10.0,8,4.0
20134,10.0,1,10.0
20135,10.0,8,4.0
20136,10.0,1,10.0
20137,10.0,1,10.0
20138,10.0,1,10.0
20139,10.0,1,10.0
20140,10.0,1,10.0
20141,10.0,1,10.0
20142,10.0,1,10.0
20143,10.0,1,10.0
20144,10.0,1,10.0
20145,10.0,1,10.0
20146,10.0,6,17.0
20147,10.0,1,10.0
20148,10.0,2,6.0
20149,10.0,6,17.0
20150,10.0,8,4.0
20151,10.0,8,4.0
20152,10.0,8,4.0
20153,10.0,8,4.0
20154,10.0,1,10.0
20155,10.0,8,4.0
20156,10.0,1,10.0
20157,10.0,1,10.0
20158,10.0,8,4.0
20159,10.0,1,10.0
20160,10.0,6,17.0
20161,10.0,6,17.0
20162,10.0,1,10.0
20163,10.0,1,10.0
20164,10.0,6,17.0
20165,10.0,0,9.0
20166,10.0,6,17.0
20167,10.0,1,10.0
20168,10.0,1,10.0
20169,10.0,6,17.0
20170,10.0,1,10.0
20171,10.0,1,10.0
20172,10.0,6,17.0
20173,10.0,6,17.0
20174,10.0,6,17.0
20175,10.0,6,17.0
20176,10.0,3,18.0
20177,10.0,8,4.0
20178,10.0,6,17.0
20179,10.0,1,10.0
20180,10.0,6,17.0
20181,10.0,6,17.0
20182,10.0,6,17.0
20183,10.0,8,4.0
20184,10.0,7,7.0
20185,10.0,8,4.0
20186,10.0,7,7.0
20187,10.0,1,10.0
20188,10.0,0,9.0
20189,10.0,1,10.0
20190,10.0,1,10.0
20191,10.0,3,18.0
20192,10.0,6,17.0
20193,10.0,6,17.0
20194,10.0,6,17.0
20195,10.0,1,10.0
20196,10.0,1,10.0
20197,10.0,1,10.0
20198,10.0,1,10.0
20199,10.0,3,18.0
20200,10.0,1,10.0
20201,10.0,8,4.0
20202,10.0,1,10.0
20203,10.0,1,10.0
20204,10.0,3,18.0
20205,10.0,1,10.0
20206,10.0,3,18.0
20207,10.0,6,17.0
20208,10.0,1,10.0
20209,10.0,1,10.0
20210,10.0,1,10.0
20211,10.0,7,7.0
20212,10.0,8,4.0
20213,10.0,8,4.0
20214,10.0,0,9.0
20215,10.0,6,17.0
20216,10.0,8,4.0
20217,10.0,8,4.0
20218,10.0,1,10.0
20219,10.0,5,2.0
20220,10.0,1,10.0
20221,10.0,1,10.0
20222,10.0,1,10.0
20223,10.0,8,4.0
20224,10.0,1,10.0
20225,10.0,1,10.0
20226,10.0,1,10.0
20227,10.0,1,10.0
20228,10.0,0,9.0
20229,10.0,0,9.0
20230,10.0,6,17.0
20231,10.0,3,18.0
20232,10.0,6,17.0
20233,10.0,2,6.0
20234,10.0,1,10.0
20235,10.0,2,6.0
20236,10.0,1,10.0
20237,10.0,1,10.0
20238,10.0,1,10.0
20239,10.0,8,4.0
20240,10.0,6,17.0
20241,10.0,2,6.0
20242,10.0,1,10.0
20243,10.0,1,10.0
20244,10.0,0,9.0
20245,10.0,1,10.0
20246,10.0,1,10.0
20247,10.0,7,7.0
20248,10.0,1,10.0
20249,10.0,1,10.0
20250,10.0,6,17.0
20251,10.0,1,10.0
20252,10.0,3,18.0
20253,10.0,1,10.0
20254,10.0,8,4.0
20255,10.0,1,10.0
20256,10.0,1,10.0
20257,10.0,6,17.0
20258,10.0,6,17.0
20259,10.0,1,10.0
20260,10.0,1,10.0
20261,10.0,1,10.0
20262,10.0,3,18.0
20263,10.0,1,10.0
20264,10.0,1,10.0
20265,10.0,6,17.0
20266,10.0,8,4.0
20267,10.0,5,2.0
20268,10.0,1,10.0
20269,10.0,1,10.0
20270,10.0,6,17.0
20271,10.0,1,10.0
20272,10.0,1,10.0
20273,10.0,1,10.0
20274,10.0,1,10.0
20275,10.0,3,18.0
20276,10.0,8,4.0
20277,10.0,1,10.0
20278,10.0,6,17.0
20279,10.0,8,4.0
20280,10.0,4,8.0
20281,10.0,1,10.0
20282,10.0,1,10.0
20283,10.0,1,10.0
20284,10.0,1,10.0
20285,10.0,1,10.0
20286,10.0,1,10.0
20287,10.0,8,4.0
20288,10.0,1,10.0
20289,10.0,6,17.0
20290,10.0,1,10.0
20291,10.0,3,18.0
20292,10.0,8,4.0
20293,10.0,1,10.0
20294,10.0,1,10.0
20295,10.0,1,10.0
20296,10.0,5,2.0
20297,10.0,0,9.0
20298,10.0,0,9.0
20299,10.0,6,17.0
20300,10.0,6,17.0
20301,10.0,7,7.0
20302,10.0,8,4.0
20303,10.0,1,10.0
20304,10.0,6,17.0
20305,10.0,6,17.0
20306,10.0,6,17.0
20307,10.0,8,4.0
20308,10.0,8,4.0
20309,10.0,1,10.0
20310,10.0,1,10.0
20311,10.0,4,8.0
20312,10.0,1,10.0
20313,10.0,8,4.0
20314,10.0,6,17.0
20315,10.0,8,4.0
20316,10.0,3,18.0
20317,10.0,1,10.0
20318,10.0,1,10.0
20319,10.0,6,17.0
20320,10.0,1,10.0
20321,10.0,1,10.0
20322,10.0,1,10.0
20323,10.0,1,10.0
20324,10.0,6,17.0
20325,10.0,3,18.0
20326,10.0,3,18.0
20327,10.0,1,10.0
20328,10.0,1,10.0
20329,10.0,1,10.0
20330,10.0,1,10.0
20331,10.0,8,4.0
20332,10.0,8,4.0
20333,10.0,2,6.0
20334,10.0,7,7.0
20335,10.0,6,17.0
20336,10.0,6,17.0
20337,10.0,8,4.0
20338,10.0,5,2.0
20339,10.0,5,2.0
20340,10.0,1,10.0
20341,10.0,8,4.0
20342,10.0,1,10.0
20343,10.0,8,4.0
20344,10.0,8,4.0
20345,10.0,3,18.0
20346,10.0,6,17.0
20347,10.0,1,10.0
20348,10.0,1,10.0
20349,10.0,1,10.0
20350,10.0,1,10.0
20351,10.0,8,4.0
20352,10.0,7,7.0
20353,10.0,1,10.0
20354,10.0,8,4.0
20355,10.0,1,10.0
20356,10.0,7,7.0
20357,10.0,3,18.0
20358,10.0,8,4.0
20359,10.0,1,10.0
20360,10.0,4,8.0
20361,10.0,1,10.0
20362,10.0,1,10.0
20363,10.0,6,17.0
20364,10.0,8,4.0
20365,10.0,1,10.0
20366,10.0,1,10.0
20367,10.0,4,8.0
20368,10.0,1,10.0
20369,10.0,1,10.0
20370,10.0,1,10.0
20371,10.0,1,10.0
20372,10.0,5,2.0
20373,10.0,6,17.0
20374,10.0,8,4.0
20375,10.0,5,2.0
20376,10.0,6,17.0
20377,10.0,3,18.0
20378,10.0,1,10.0
20379,10.0,6,17.0
20380,10.0,7,7.0
20381,10.0,6,17.0
20382,10.0,1,10.0
20383,10.0,1,10.0
20384,10.0,6,17.0
20385,10.0,6,17.0
20386,10.0,6,17.0
20387,10.0,6,17.0
20388,10.0,6,17.0
20389,10.0,1,10.0
20390,10.0,1,10.0
20391,10.0,7,7.0
20392,10.0,1,10.0
20393,10.0,5,2.0
20394,10.0,1,10.0
20395,10.0,1,10.0
20396,10.0,1,10.0
20397,10.0,6,17.0
20398,10.0,1,10.0
20399,10.0,1,10.0
20400,10.0,1,10.0
20401,10.0,6,17.0
20402,10.0,6,17.0
20403,10.0,8,4.0
20404,10.0,1,10.0
20405,10.0,6,17.0
20406,10.0,5,2.0
20407,10.0,1,10.0
20408,10.0,1,10.0
20409,10.0,6,17.0
20410,10.0,1,10.0
20411,10.0,1,10.0
20412,10.0,6,17.0
20413,10.0,6,17.0
20414,10.0,6,17.0
20415,10.0,2,6.0
20416,10.0,3,18.0
20417,10.0,6,17.0
20418,10.0,1,10.0
20419,10.0,1,10.0
20420,10.0,1,10.0
20421,10.0,1,10.0
20422,10.0,1,10.0
20423,10.0,1,10.0
20424,10.0,7,7.0
20425,10.0,1,10.0
20426,10.0,6,17.0
20427,10.0,6,17.0
20428,10.0,6,17.0
20429,10.0,1,10.0
20430,10.0,1,10.0
20431,10.0,6,17.0
20432,10.0,1,10.0
20433,10.0,8,4.0
20434,10.0,1,10.0
20435,10.0,6,17.0
20436,10.0,6,17.0
20437,10.0,5,2.0
20438,10.0,3,18.0
20439,10.0,3,18.0
20440,10.0,1,10.0
20441,10.0,1,10.0
20442,10.0,8,4.0
20443,10.0,6,17.0
20444,10.0,1,10.0
20445,10.0,1,10.0
20446,10.0,1,10.0
20447,10.0,6,17.0
20448,10.0,1,10.0
20449,10.0,2,6.0
20450,10.0,1,10.0
20451,10.0,1,10.0
20452,10.0,3,18.0
20453,10.0,6,17.0
20454,10.0,1,10.0
20455,10.0,2,6.0
20456,10.0,6,17.0
20457,10.0,6,17.0
20458,10.0,8,4.0
20459,10.0,6,17.0
20460,10.0,6,17.0
20461,10.0,1,10.0
20462,10.0,0,9.0
20463,10.0,1,10.0
20464,10.0,6,17.0
20465,10.0,1,10.0
20466,10.0,1,10.0
20467,10.0,1,10.0
20468,10.0,1,10.0
20469,10.0,1,10.0
20470,10.0,0,9.0
20471,10.0,9,13.0
20472,10.0,8,4.0
20473,10.0,8,4.0
20474,10.0,8,4.0
20475,10.0,1,10.0
20476,10.0,8,4.0
20477,10.0,1,10.0
20478,10.0,6,17.0
20479,10.0,1,10.0
20480,10.0,3,18.0
20481,10.0,1,10.0
20482,10.0,1,10.0
20483,10.0,1,10.0
20484,10.0,1,10.0
20485,10.0,0,9.0
20486,10.0,8,4.0
20487,10.0,3,18.0
20488,10.0,6,17.0
20489,10.0,7,7.0
20490,10.0,8,4.0
20491,10.0,1,10.0
20492,10.0,0,9.0
20493,10.0,8,4.0
20494,10.0,1,10.0
20495,10.0,1,10.0
20496,10.0,1,10.0
20497,10.0,8,4.0
20498,10.0,1,10.0
20499,10.0,6,17.0
20500,10.0,1,10.0
20501,10.0,1,10.0
20502,10.0,6,17.0
20503,10.0,6,17.0
20504,10.0,7,7.0
20505,10.0,1,10.0
20506,10.0,1,10.0
20507,10.0,6,17.0
20508,10.0,8,4.0
20509,10.0,1,10.0
20510,10.0,1,10.0
20511,10.0,8,4.0
20512,10.0,1,10.0
20513,10.0,1,10.0
20514,10.0,1,10.0
20515,10.0,1,10.0
20516,10.0,1,10.0
20517,10.0,6,17.0
20518,10.0,1,10.0
20519,10.0,5,2.0
20520,10.0,7,7.0
20521,10.0,6,17.0
20522,10.0,8,4.0
20523,10.0,6,17.0
20524,10.0,1,10.0
20525,10.0,1,10.0
20526,10.0,7,7.0
20527,10.0,3,18.0
20528,10.0,1,10.0
20529,10.0,1,10.0
20530,10.0,1,10.0
20531,10.0,6,17.0
20532,10.0,5,2.0
20533,15.0,8,4.0
20534,15.0,1,10.0
20535,15.0,1,10.0
20536,15.0,6,17.0
20537,15.0,1,10.0
20538,15.0,1,10.0
20539,15.0,1,10.0
20540,15.0,5,2.0
20541,15.0,6,17.0
20542,15.0,6,17.0
20543,15.0,1,10.0
20544,15.0,1,10.0
20545,15.0,8,4.0
20546,15.0,1,10.0
20547,15.0,7,7.0
20548,15.0,3,18.0
20549,15.0,3,18.0
20550,15.0,3,18.0
20551,15.0,1,10.0
20552,15.0,3,18.0
20553,15.0,3,18.0
20554,15.0,1,10.0
20555,15.0,1,10.0
20556,15.0,1,10.0
20557,15.0,1,10.0
20558,15.0,1,10.0
20559,15.0,3,18.0
20560,15.0,8,4.0
20561,15.0,1,10.0
20562,15.0,1,10.0
20563,15.0,1,10.0
20564,15.0,1,10.0
20565,15.0,6,17.0
20566,15.0,8,4.0
20567,15.0,8,4.0
20568,15.0,6,17.0
20569,15.0,6,17.0
20570,15.0,3,18.0
20571,15.0,8,4.0
20572,15.0,1,10.0
20573,15.0,1,10.0
20574,15.0,5,2.0
20575,15.0,1,10.0
20576,15.0,8,4.0
20577,15.0,6,17.0
20578,15.0,8,4.0
20579,15.0,1,10.0
20580,15.0,5,2.0
20581,15.0,1,10.0
20582,15.0,1,10.0
20583,15.0,5,2.0
20584,15.0,1,10.0
20585,15.0,1,10.0
20586,15.0,3,18.0
20587,15.0,1,10.0
20588,15.0,6,17.0
20589,15.0,1,10.0
20590,15.0,2,6.0
20591,15.0,1,10.0
20592,15.0,7,7.0
20593,15.0,9,13.0
20594,15.0,1,10.0
20595,15.0,1,10.0
20596,15.0,1,10.0
20597,15.0,6,17.0
20598,15.0,8,4.0
20599,15.0,8,4.0
20600,15.0,1,10.0
20601,15.0,1,10.0
20602,15.0,1,10.0
20603,15.0,6,17.0
20604,15.0,7,7.0
20605,15.0,6,17.0
20606,15.0,1,10.0
20607,15.0,6,17.0
20608,15.0,1,10.0
20609,15.0,8,4.0
20610,15.0,1,10.0
20611,15.0,6,17.0
20612,15.0,8,4.0
20613,15.0,1,10.0
20614,15.0,3,18.0
20615,15.0,8,4.0
20616,15.0,1,10.0
20617,15.0,6,17.0
20618,15.0,1,10.0
20619,15.0,5,2.0
20620,15.0,5,2.0
20621,15.0,5,2.0
20622,15.0,5,2.0
20623,15.0,8,4.0
20624,15.0,1,10.0
20625,15.0,8,4.0
20626,15.0,8,4.0
20627,15.0,1,10.0
20628,15.0,8,4.0
20629,15.0,1,10.0
20630,15.0,1,10.0
20631,15.0,2,6.0
20632,15.0,1,10.0
20633,15.0,1,10.0
20634,15.0,1,10.0
20635,15.0,1,10.0
20636,15.0,1,10.0
20637,15.0,1,10.0
20638,15.0,1,10.0
20639,15.0,1,10.0
20640,15.0,6,17.0
20641,15.0,8,4.0
20642,15.0,1,10.0
20643,15.0,6,17.0
20644,15.0,1,10.0
20645,15.0,8,4.0
20646,15.0,1,10.0
20647,15.0,7,7.0
20648,15.0,3,18.0
20649,15.0,1,10.0
20650,15.0,1,10.0
20651,15.0,1,10.0
20652,15.0,6,17.0
20653,15.0,6,17.0
20654,15.0,6,17.0
20655,15.0,8,4.0
20656,15.0,1,10.0
20657,15.0,1,10.0
20658,15.0,1,10.0
20659,15.0,8,4.0
20660,15.0,1,10.0
20661,15.0,6,17.0
20662,15.0,7,7.0
20663,15.0,1,10.0
20664,15.0,1,10.0
20665,15.0,1,10.0
20666,15.0,2,6.0
20667,15.0,6,17.0
20668,15.0,6,17.0
20669,15.0,1,10.0
20670,15.0,1,10.0
20671,15.0,1,10.0
20672,15.0,6,17.0
20673,15.0,1,10.0
20674,15.0,3,18.0
20675,15.0,1,10.0
20676,15.0,6,17.0
20677,15.0,3,18.0
20678,15.0,6,17.0
20679,15.0,1,10.0
20680,15.0,8,4.0
20681,15.0,6,17.0
20682,15.0,7,7.0
20683,16.0,1,10.0
20684,16.0,1,10.0
20685,16.0,8,4.0
20686,16.0,1,10.0
20687,16.0,1,10.0
20688,16.0,1,10.0
20689,16.0,8,4.0
20690,16.0,1,10.0
20691,16.0,1,10.0
20692,16.0,6,17.0
20693,16.0,1,10.0
20694,16.0,8,4.0
20695,16.0,1,10.0
20696,16.0,8,4.0
20697,16.0,0,9.0
20698,16.0,7,7.0
20699,16.0,1,10.0
20700,16.0,5,2.0
20701,16.0,6,17.0
20702,16.0,2,6.0
20703,16.0,1,10.0
20704,16.0,3,18.0
20705,16.0,1,10.0
20706,16.0,1,10.0
20707,16.0,1,10.0
20708,16.0,8,4.0
20709,16.0,1,10.0
20710,16.0,1,10.0
20711,16.0,1,10.0
20712,16.0,5,2.0
20713,16.0,7,7.0
20714,16.0,1,10.0
20715,16.0,1,10.0
20716,16.0,1,10.0
20717,16.0,1,10.0
20718,16.0,8,4.0
20719,16.0,8,4.0
20720,16.0,1,10.0
20721,16.0,6,17.0
20722,16.0,6,17.0
20723,16.0,1,10.0
20724,16.0,1,10.0
20725,16.0,3,18.0
20726,16.0,1,10.0
20727,16.0,1,10.0
20728,16.0,1,10.0
20729,16.0,1,10.0
20730,16.0,1,10.0
20731,16.0,1,10.0
20732,16.0,8,4.0
20733,16.0,8,4.0
20734,16.0,6,17.0
20735,16.0,1,10.0
20736,16.0,3,18.0
20737,16.0,7,7.0
20738,16.0,1,10.0
20739,16.0,6,17.0
20740,16.0,1,10.0
20741,16.0,3,18.0
20742,16.0,6,17.0
20743,16.0,6,17.0
20744,16.0,7,7.0
20745,16.0,7,7.0
20746,16.0,7,7.0
20747,16.0,7,7.0
20748,16.0,6,17.0
20749,16.0,3,18.0
20750,16.0,1,10.0
20751,16.0,1,10.0
20752,16.0,1,10.0
20753,16.0,1,10.0
20754,16.0,1,10.0
20755,16.0,7,7.0
20756,16.0,1,10.0
20757,16.0,8,4.0
20758,16.0,1,10.0
20759,16.0,4,8.0
20760,16.0,1,10.0
20761,16.0,1,10.0
20762,16.0,1,10.0
20763,16.0,0,9.0
20764,16.0,6,17.0
20765,16.0,6,17.0
20766,16.0,8,4.0
20767,16.0,6,17.0
20768,16.0,8,4.0
20769,16.0,1,10.0
20770,16.0,8,4.0
20771,16.0,6,17.0
20772,16.0,1,10.0
20773,16.0,1,10.0
20774,16.0,6,17.0
20775,16.0,1,10.0
20776,16.0,1,10.0
20777,16.0,7,7.0
20778,16.0,1,10.0
20779,16.0,8,4.0
20780,16.0,8,4.0
20781,16.0,1,10.0
20782,16.0,3,18.0
20783,16.0,8,4.0
20784,16.0,6,17.0
20785,16.0,1,10.0
20786,16.0,8,4.0
20787,16.0,7,7.0
20788,16.0,1,10.0
20789,16.0,1,10.0
20790,16.0,1,10.0
20791,16.0,1,10.0
20792,16.0,1,10.0
20793,16.0,6,17.0
20794,16.0,1,10.0
20795,16.0,6,17.0
20796,16.0,6,17.0
20797,16.0,1,10.0
20798,16.0,3,18.0
20799,16.0,1,10.0
20800,16.0,8,4.0
20801,16.0,1,10.0
20802,16.0,1,10.0
20803,16.0,3,18.0
20804,16.0,1,10.0
20805,16.0,1,10.0
20806,16.0,6,17.0
20807,16.0,6,17.0
20808,16.0,8,4.0
20809,16.0,1,10.0
20810,16.0,1,10.0
20811,16.0,1,10.0
20812,16.0,1,10.0
20813,16.0,1,10.0
20814,16.0,1,10.0
20815,16.0,8,4.0
20816,16.0,3,18.0
20817,16.0,5,2.0
20818,16.0,1,10.0
20819,16.0,1,10.0
20820,16.0,1,10.0
20821,16.0,6,17.0
20822,16.0,6,17.0
20823,16.0,1,10.0
20824,16.0,1,10.0
20825,16.0,8,4.0
20826,16.0,8,4.0
20827,16.0,6,17.0
20828,16.0,1,10.0
20829,16.0,6,17.0
20830,16.0,1,10.0
20831,16.0,8,4.0
20832,16.0,6,17.0
20833,16.0,1,10.0
20834,16.0,8,4.0
20835,16.0,6,17.0
20836,16.0,8,4.0
20837,16.0,8,4.0
20838,16.0,6,17.0
20839,16.0,6,17.0
20840,16.0,7,7.0
20841,16.0,7,7.0
20842,16.0,7,7.0
20843,16.0,1,10.0
20844,16.0,1,10.0
20845,16.0,1,10.0
20846,16.0,8,4.0
20847,16.0,1,10.0
20848,16.0,1,10.0
20849,16.0,1,10.0
20850,16.0,1,10.0
20851,16.0,0,9.0
20852,16.0,6,17.0
20853,16.0,6,17.0
20854,16.0,1,10.0
20855,16.0,6,17.0
20856,16.0,1,10.0
20857,16.0,8,4.0
20858,16.0,3,18.0
20859,16.0,1,10.0
20860,16.0,1,10.0
20861,16.0,0,9.0
20862,16.0,3,18.0
20863,16.0,3,18.0
20864,16.0,6,17.0
20865,16.0,6,17.0
20866,16.0,1,10.0
20867,16.0,1,10.0
20868,16.0,1,10.0
20869,16.0,6,17.0
20870,16.0,3,18.0
20871,16.0,1,10.0
20872,16.0,1,10.0
20873,16.0,6,17.0
20874,16.0,6,17.0
20875,16.0,1,10.0
20876,16.0,0,9.0
20877,16.0,1,10.0
20878,16.0,1,10.0
20879,16.0,1,10.0
20880,16.0,1,10.0
20881,16.0,1,10.0
20882,16.0,1,10.0
20883,16.0,8,4.0
20884,16.0,0,9.0
20885,16.0,0,9.0
20886,16.0,6,17.0
20887,16.0,3,18.0
20888,16.0,1,10.0
20889,16.0,1,10.0
20890,16.0,3,18.0
20891,16.0,1,10.0
20892,16.0,3,18.0
20893,16.0,1,10.0
20894,16.0,8,4.0
20895,16.0,1,10.0
20896,16.0,1,10.0
20897,16.0,6,17.0
20898,16.0,6,17.0
20899,16.0,1,10.0
20900,16.0,1,10.0
20901,16.0,8,4.0
20902,16.0,8,4.0
20903,16.0,1,10.0
20904,16.0,1,10.0
20905,16.0,0,9.0
20906,16.0,1,10.0
20907,16.0,5,2.0
20908,16.0,1,10.0
20909,16.0,8,4.0
20910,16.0,8,4.0
20911,16.0,6,17.0
20912,16.0,2,6.0
20913,16.0,1,10.0
20914,16.0,1,10.0
20915,16.0,8,4.0
20916,16.0,8,4.0
20917,16.0,1,10.0
20918,16.0,6,17.0
20919,16.0,6,17.0
20920,16.0,1,10.0
