cell_id,true_label,pred_label_raw,pred_label_aligned
0,13,3,7
1,13,5,13
2,13,3,7
3,13,4,18
4,13,14,17
5,13,5,13
6,13,10,2
7,13,14,17
8,13,6,4
9,13,18,8
10,13,12,1
11,13,14,17
12,13,11,6
13,13,14,17
14,13,3,7
15,13,14,17
16,13,2,9
17,13,18,8
18,13,3,7
19,13,14,17
20,13,15,15
21,13,1,10
22,13,1,10
23,13,4,18
24,13,5,13
25,13,11,6
26,13,11,6
27,13,3,7
28,13,15,15
29,13,11,6
30,13,15,15
31,13,5,13
32,13,12,1
33,13,1,10
34,13,14,17
35,13,4,18
36,13,14,17
37,13,3,7
38,13,14,17
39,13,3,7
40,13,3,7
41,13,13,14
42,13,3,7
43,13,4,18
44,13,15,15
45,13,11,6
46,13,8,16
47,13,9,11
48,13,12,1
49,13,1,10
50,13,3,7
51,13,4,18
52,13,6,4
53,13,14,17
54,13,10,2
55,13,17,12
56,13,0,19
57,13,3,7
58,13,2,9
59,13,10,2
60,13,0,19
61,13,9,11
62,13,3,7
63,13,5,13
64,13,4,18
65,13,11,6
66,13,6,4
67,13,1,10
68,13,4,18
69,13,15,15
70,13,4,18
71,13,9,11
72,13,12,1
73,13,3,7
74,13,5,13
75,13,1,10
76,13,1,10
77,13,6,4
78,13,11,6
79,13,14,17
80,13,14,17
81,13,3,7
82,13,6,4
83,13,15,15
84,13,0,19
85,13,14,17
86,13,2,9
87,13,13,14
88,13,6,4
89,13,6,4
90,13,6,4
91,13,18,8
92,13,3,7
93,13,4,18
94,13,14,17
95,13,4,18
96,13,4,18
97,13,9,11
98,13,0,19
99,13,8,16
100,13,2,9
101,13,10,2
102,13,10,2
103,13,9,11
104,13,1,10
105,13,3,7
106,13,4,18
107,13,14,17
108,13,0,19
109,13,4,18
110,13,10,2
111,13,8,16
112,13,9,11
113,13,0,19
114,13,0,19
115,13,0,19
116,13,8,16
117,13,13,14
118,13,8,16
119,13,1,10
120,13,1,10
121,13,1,10
122,13,5,13
123,13,6,4
124,13,13,14
125,13,15,15
126,13,3,7
127,13,2,9
128,13,5,13
129,13,3,7
130,13,18,8
131,13,1,10
132,13,3,7
133,13,14,17
134,13,1,10
135,13,15,15
136,13,3,7
137,13,11,6
138,13,18,8
139,13,2,9
140,13,1,10
141,13,3,7
142,13,12,1
143,13,18,8
144,13,8,16
145,13,3,7
146,13,15,15
147,13,13,14
148,13,14,17
149,13,8,16
150,13,11,6
151,13,2,9
152,13,4,18
153,13,3,7
154,13,10,2
155,13,15,15
156,13,3,7
157,13,1,10
158,13,3,7
159,13,11,6
160,13,1,10
161,13,11,6
162,13,9,11
163,13,5,13
164,13,11,6
165,13,3,7
166,13,4,18
167,13,3,7
168,13,18,8
169,13,2,9
170,13,6,4
171,13,4,18
172,13,4,18
173,13,3,7
174,13,14,17
175,13,0,19
176,13,3,7
177,13,2,9
178,13,2,9
179,13,5,13
180,13,6,4
181,13,0,19
182,13,8,16
183,13,6,4
184,13,6,4
185,13,9,11
186,13,10,2
187,13,13,14
188,13,13,14
189,13,3,7
190,13,3,7
191,13,9,11
192,13,17,12
193,13,8,16
194,13,1,10
195,13,4,18
196,13,2,9
197,13,1,10
198,13,18,8
199,13,3,7
200,13,13,14
201,13,1,10
202,13,14,17
203,13,1,10
204,13,18,8
205,13,3,7
206,13,8,16
207,13,11,6
208,13,9,11
209,13,0,19
210,13,0,19
211,13,6,4
212,13,3,7
213,13,13,14
214,13,3,7
215,13,3,7
216,13,3,7
217,13,18,8
218,13,3,7
219,13,4,18
220,13,14,17
221,13,4,18
222,13,2,9
223,13,9,11
224,13,3,7
225,13,3,7
226,13,10,2
227,13,11,6
228,13,3,7
229,13,6,4
230,13,12,1
231,13,14,17
232,13,6,4
233,13,9,11
234,13,4,18
235,13,6,4
236,13,9,11
237,13,9,11
238,13,6,4
239,13,14,17
240,13,1,10
241,13,15,15
242,13,10,2
243,13,2,9
244,13,14,17
245,13,14,17
246,13,4,18
247,13,13,14
248,13,1,10
249,13,2,9
250,13,15,15
251,13,1,10
252,13,11,6
253,13,5,13
254,13,12,1
255,13,11,6
256,13,12,1
257,13,6,4
258,13,6,4
259,13,13,14
260,13,6,4
261,13,14,17
262,13,14,17
263,13,4,18
264,13,12,1
265,13,10,2
266,13,1,10
267,13,3,7
268,13,12,1
269,13,6,4
270,13,13,14
271,13,6,4
272,13,8,16
273,13,3,7
274,13,6,4
275,13,11,6
276,13,6,4
277,13,3,7
278,13,4,18
279,13,3,7
280,13,3,7
281,13,4,18
282,13,14,17
283,13,14,17
284,13,8,16
285,13,9,11
286,13,4,18
287,13,15,15
288,13,11,6
289,13,18,8
290,13,1,10
291,13,11,6
292,13,3,7
293,13,1,10
294,13,1,10
295,13,9,11
296,13,1,10
297,13,15,15
298,13,10,2
299,13,5,13
300,13,1,10
301,13,1,10
302,13,6,4
303,13,1,10
304,13,6,4
305,13,6,4
306,13,2,9
307,13,14,17
308,13,4,18
309,13,4,18
310,13,3,7
311,13,3,7
312,13,6,4
313,13,8,16
314,13,18,8
315,13,4,18
316,13,2,9
317,13,9,11
318,13,14,17
319,13,5,13
320,13,8,16
321,13,6,4
322,13,12,1
323,13,5,13
324,13,1,10
325,13,9,11
326,13,15,15
327,13,14,17
328,13,6,4
329,13,1,10
330,13,0,19
331,13,3,7
332,13,4,18
333,13,9,11
334,13,5,13
335,13,1,10
336,13,11,6
337,13,4,18
338,13,2,9
339,13,1,10
340,13,11,6
341,13,18,8
342,13,6,4
343,13,6,4
344,13,3,7
345,13,9,11
346,13,6,4
347,13,14,17
348,13,1,10
349,13,4,18
350,13,14,17
351,13,14,17
352,13,6,4
353,13,3,7
354,13,4,18
355,13,13,14
356,13,4,18
357,13,18,8
358,13,6,4
359,13,14,17
360,13,9,11
361,13,8,16
362,13,11,6
363,13,3,7
364,13,2,9
365,13,4,18
366,13,14,17
367,13,4,18
368,13,3,7
369,13,11,6
370,13,4,18
371,13,4,18
372,13,12,1
373,13,5,13
374,13,2,9
375,13,4,18
376,13,14,17
377,13,18,8
378,13,13,14
379,13,1,10
380,13,1,10
381,13,11,6
382,13,8,16
383,13,17,12
384,13,8,16
385,13,3,7
386,13,3,7
387,13,8,16
388,13,1,10
389,13,8,16
390,13,3,7
391,13,11,6
392,12,2,9
393,12,10,2
394,12,3,7
395,12,0,19
396,12,1,10
397,12,9,11
398,12,4,18
399,12,1,10
400,12,1,10
401,12,1,10
402,12,13,14
403,12,9,11
404,12,6,4
405,12,6,4
406,12,18,8
407,12,17,12
408,12,3,7
409,12,3,7
410,12,15,15
411,12,3,7
412,12,12,1
413,12,11,6
414,12,6,4
415,12,1,10
416,12,2,9
417,12,1,10
418,12,3,7
419,12,1,10
420,12,15,15
421,12,4,18
422,12,6,4
423,12,1,10
424,12,8,16
425,12,6,4
426,12,3,7
427,12,5,13
428,12,3,7
429,12,4,18
430,12,6,4
431,12,2,9
432,12,12,1
433,12,3,7
434,12,12,1
435,12,8,16
436,12,3,7
437,12,3,7
438,12,6,4
439,12,12,1
440,12,3,7
441,12,4,18
442,12,12,1
443,12,18,8
444,12,2,9
445,12,18,8
446,12,14,17
447,12,8,16
448,12,2,9
449,12,14,17
450,12,1,10
451,12,0,19
452,12,9,11
453,12,9,11
454,12,12,1
455,12,8,16
456,12,4,18
457,12,6,4
458,12,14,17
459,12,10,2
460,12,4,18
461,12,6,4
462,12,6,4
463,12,10,2
464,12,2,9
465,12,9,11
466,12,3,7
467,12,4,18
468,12,6,4
469,12,14,17
470,12,15,15
471,12,0,19
472,12,18,8
473,12,3,7
474,12,2,9
475,12,3,7
476,12,3,7
477,12,5,13
478,12,4,18
479,12,6,4
480,12,4,18
481,12,4,18
482,12,4,18
483,12,2,9
484,12,1,10
485,12,3,7
486,12,14,17
487,12,14,17
488,12,6,4
489,12,4,18
490,12,4,18
491,12,6,4
492,12,2,9
493,12,1,10
494,12,4,18
495,12,3,7
496,12,3,7
497,12,3,7
498,12,14,17
499,12,5,13
500,12,2,9
501,12,0,19
502,12,15,15
503,12,14,17
504,12,0,19
505,12,2,9
506,12,3,7
507,12,2,9
508,12,0,19
509,12,14,17
510,12,2,9
511,12,11,6
512,12,3,7
513,12,2,9
514,12,1,10
515,12,5,13
516,12,6,4
517,12,13,14
518,12,14,17
519,12,14,17
520,12,3,7
521,12,5,13
522,12,13,14
523,1,3,7
524,1,5,13
525,1,3,7
526,1,13,14
527,1,1,10
528,1,13,14
529,1,11,6
530,1,6,4
531,1,14,17
532,1,12,1
533,1,6,4
534,1,3,7
535,1,6,4
536,1,13,14
537,1,13,14
538,1,0,19
539,1,3,7
540,1,1,10
541,1,1,10
542,1,4,18
543,1,14,17
544,1,15,15
545,1,14,17
546,1,2,9
547,1,12,1
548,1,3,7
549,1,10,2
550,1,12,1
551,1,11,6
552,1,3,7
553,1,5,13
554,1,2,9
555,1,6,4
556,1,3,7
557,1,0,19
558,1,1,10
559,1,6,4
560,1,2,9
561,1,3,7
562,1,3,7
563,1,3,7
564,1,3,7
565,1,1,10
566,1,9,11
567,1,4,18
568,1,0,19
569,1,3,7
570,1,14,17
571,1,0,19
572,1,1,10
573,1,1,10
574,1,11,6
575,1,8,16
576,1,6,4
577,1,3,7
578,1,5,13
579,1,3,7
580,1,4,18
581,1,6,4
582,1,3,7
583,1,14,17
584,1,13,14
585,1,4,18
586,1,3,7
587,1,4,18
588,1,9,11
589,1,2,9
590,1,2,9
591,1,6,4
592,1,3,7
593,1,11,6
594,1,4,18
595,1,2,9
596,1,1,10
597,1,3,7
598,1,1,10
599,1,11,6
600,1,12,1
601,1,12,1
602,1,10,2
603,1,8,16
604,1,17,12
605,1,15,15
606,1,0,19
607,1,3,7
608,1,13,14
609,1,1,10
610,1,18,8
611,1,1,10
612,1,14,17
613,1,13,14
614,1,4,18
615,1,14,17
616,1,1,10
617,1,9,11
618,1,2,9
619,1,1,10
620,1,10,2
621,1,14,17
622,1,3,7
623,1,9,11
624,1,3,7
625,1,1,10
626,1,4,18
627,1,3,7
628,1,4,18
629,1,4,18
630,1,11,6
631,1,4,18
632,1,8,16
633,1,3,7
634,1,3,7
635,1,12,1
636,1,14,17
637,1,5,13
638,1,1,10
639,1,9,11
640,1,6,4
641,1,12,1
642,1,2,9
643,1,4,18
644,1,6,4
645,1,14,17
646,1,6,4
647,1,2,9
648,1,3,7
649,1,4,18
650,1,4,18
651,1,9,11
652,1,11,6
653,1,6,4
654,1,11,6
655,1,2,9
656,1,3,7
657,1,0,19
658,1,6,4
659,1,14,17
660,1,3,7
661,1,9,11
662,1,14,17
663,1,9,11
664,1,1,10
665,1,6,4
666,1,14,17
667,1,1,10
668,1,12,1
669,1,10,2
670,1,14,17
671,1,15,15
672,1,3,7
673,1,3,7
674,1,1,10
675,1,11,6
676,1,1,10
677,1,3,7
678,1,14,17
679,1,9,11
680,1,15,15
681,1,3,7
682,1,3,7
683,1,2,9
684,1,6,4
685,1,3,7
686,1,0,19
687,1,14,17
688,1,18,8
689,1,14,17
690,1,1,10
691,1,9,11
692,1,3,7
693,1,6,4
694,1,12,1
695,1,1,10
696,1,3,7
697,1,0,19
698,1,2,9
699,1,18,8
700,1,10,2
701,1,3,7
702,1,3,7
703,1,10,2
704,1,8,16
705,1,2,9
706,1,1,10
707,1,2,9
708,1,6,4
709,1,6,4
710,1,3,7
711,1,2,9
712,1,6,4
713,1,4,18
714,1,3,7
715,1,1,10
716,1,1,10
717,1,1,10
718,1,1,10
719,1,3,7
720,1,1,10
721,1,6,4
722,1,13,14
723,1,3,7
724,1,6,4
725,1,9,11
726,1,3,7
727,1,9,11
728,1,1,10
729,1,14,17
730,1,11,6
731,1,11,6
732,1,10,2
733,1,8,16
734,1,11,6
735,1,3,7
736,1,14,17
737,1,10,2
738,1,9,11
739,1,13,14
740,1,15,15
741,1,4,18
742,1,1,10
743,1,1,10
744,1,6,4
745,1,1,10
746,1,4,18
747,1,5,13
748,1,12,1
749,1,4,18
750,1,13,14
751,1,6,4
752,1,12,1
753,1,2,9
754,1,4,18
755,1,12,1
756,1,2,9
757,1,3,7
758,1,0,19
759,1,6,4
760,1,14,17
761,1,4,18
762,1,6,4
763,3,3,7
764,3,6,4
765,3,1,10
766,3,0,19
767,3,9,11
768,3,6,4
769,3,3,7
770,3,6,4
771,3,6,4
772,3,3,7
773,3,9,11
774,3,3,7
775,3,3,7
776,3,3,7
777,3,4,18
778,3,9,11
779,3,8,16
780,3,4,18
781,3,1,10
782,3,1,10
783,3,12,1
784,3,3,7
785,3,3,7
786,3,4,18
787,3,4,18
788,3,9,11
789,3,18,8
790,3,1,10
791,3,1,10
792,3,18,8
793,3,12,1
794,3,6,4
795,3,8,16
796,3,3,7
797,3,6,4
798,3,2,9
799,3,15,15
800,3,0,19
801,3,3,7
802,3,6,4
803,3,2,9
804,3,4,18
805,3,6,4
806,3,15,15
807,3,14,17
808,3,15,15
809,3,0,19
810,3,8,16
811,3,3,7
812,3,11,6
813,3,12,1
814,3,1,10
815,3,1,10
816,3,13,14
817,3,14,17
818,3,10,2
819,3,11,6
820,3,6,4
821,3,9,11
822,3,4,18
823,3,14,17
824,3,0,19
825,3,14,17
826,3,1,10
827,3,5,13
828,3,6,4
829,3,13,14
830,3,1,10
831,3,4,18
832,3,5,13
833,3,1,10
834,3,18,8
835,3,3,7
836,3,1,10
837,3,4,18
838,3,1,10
839,3,5,13
840,3,3,7
841,3,4,18
842,3,1,10
843,3,1,10
844,3,14,17
845,3,3,7
846,3,3,7
847,11,6,4
848,11,9,11
849,11,3,7
850,11,1,10
851,11,2,9
852,11,2,9
853,11,1,10
854,11,6,4
855,11,6,4
856,11,10,2
857,11,5,13
858,11,1,10
859,11,3,7
860,11,5,13
861,11,3,7
862,11,6,4
863,11,3,7
864,11,3,7
865,11,1,10
866,11,6,4
867,11,8,16
868,11,0,19
869,11,15,15
870,11,9,11
871,11,2,9
872,11,4,18
873,11,11,6
874,11,6,4
875,11,1,10
876,11,3,7
877,11,9,11
878,11,14,17
879,11,3,7
880,11,18,8
881,11,3,7
882,11,3,7
883,11,14,17
884,11,14,17
885,11,6,4
886,11,14,17
887,11,4,18
888,11,4,18
889,11,3,7
890,11,4,18
891,11,9,11
892,11,1,10
893,11,4,18
894,11,9,11
895,11,4,18
896,11,9,11
897,11,10,2
898,11,1,10
899,11,3,7
900,11,4,18
901,11,3,7
902,11,3,7
903,11,1,10
904,11,15,15
905,11,12,1
906,11,3,7
907,11,9,11
908,11,3,7
909,11,3,7
910,11,18,8
911,11,3,7
912,11,1,10
913,11,4,18
914,11,3,7
915,11,11,6
916,11,9,11
917,11,13,14
918,11,13,14
919,11,2,9
920,11,1,10
921,11,9,11
922,11,3,7
923,11,12,1
924,11,11,6
925,11,2,9
926,11,1,10
927,11,1,10
928,11,1,10
929,11,5,13
930,11,4,18
931,11,14,17
932,11,3,7
933,11,2,9
934,11,14,17
935,11,14,17
936,11,0,19
937,11,12,1
938,11,11,6
939,11,13,14
940,11,12,1
941,11,3,7
942,11,4,18
943,11,6,4
944,11,3,7
945,11,6,4
946,11,8,16
947,11,17,12
948,11,10,2
949,11,2,9
950,11,15,15
951,11,0,19
952,11,9,11
953,11,5,13
954,11,13,14
955,11,14,17
956,11,3,7
957,11,1,10
958,11,4,18
959,11,6,4
960,11,0,19
961,11,6,4
962,11,3,7
963,11,2,9
964,11,18,8
965,11,18,8
966,11,12,1
967,11,2,9
968,11,6,4
969,11,6,4
970,11,1,10
971,11,4,18
972,11,3,7
973,11,3,7
974,11,13,14
975,11,0,19
976,11,9,11
977,11,9,11
978,11,3,7
979,11,3,7
980,11,8,16
981,11,15,15
982,11,3,7
983,11,15,15
984,11,11,6
985,11,14,17
986,11,3,7
987,11,10,2
988,11,9,11
989,11,18,8
990,11,3,7
991,11,11,6
992,11,14,17
993,11,15,15
994,11,5,13
995,11,9,11
996,11,14,17
997,11,9,11
998,11,8,16
999,11,4,18
1000,11,4,18
1001,11,3,7
1002,11,10,2
1003,11,3,7
1004,11,6,4
1005,11,3,7
1006,11,1,10
1007,11,15,15
1008,11,9,11
1009,11,4,18
1010,11,8,16
1011,11,2,9
1012,11,3,7
1013,11,9,11
1014,11,3,7
1015,11,6,4
1016,11,1,10
1017,11,14,17
1018,11,4,18
1019,11,6,4
1020,11,1,10
1021,11,10,2
1022,11,6,4
1023,11,3,7
1024,11,1,10
1025,11,15,15
1026,11,6,4
1027,11,3,7
1028,11,18,8
1029,11,6,4
1030,11,9,11
1031,11,3,7
1032,11,13,14
1033,11,9,11
1034,11,9,11
1035,11,1,10
1036,11,3,7
1037,11,9,11
1038,11,4,18
1039,11,13,14
1040,11,15,15
1041,11,2,9
1042,11,18,8
1043,11,14,17
1044,11,5,13
1045,11,5,13
1046,11,4,18
1047,11,4,18
1048,11,11,6
1049,11,6,4
1050,11,12,1
1051,11,18,8
1052,11,9,11
1053,11,0,19
1054,11,4,18
1055,11,4,18
1056,11,3,7
1057,11,6,4
1058,11,18,8
1059,11,6,4
1060,11,3,7
1061,11,12,1
1062,11,9,11
1063,11,3,7
1064,11,1,10
1065,11,12,1
1066,11,12,1
1067,11,6,4
1068,11,0,19
1069,11,2,9
1070,11,1,10
1071,4,13,14
1072,4,3,7
1073,4,12,1
1074,4,11,6
1075,4,4,18
1076,4,8,16
1077,4,2,9
1078,4,9,11
1079,4,5,13
1080,4,1,10
1081,4,11,6
1082,4,1,10
1083,4,1,10
1084,4,6,4
1085,4,6,4
1086,4,3,7
1087,4,15,15
1088,4,1,10
1089,4,12,1
1090,4,11,6
1091,4,1,10
1092,4,2,9
1093,4,13,14
1094,4,6,4
1095,4,5,13
1096,4,3,7
1097,4,13,14
1098,4,14,17
1099,4,2,9
1100,4,6,4
1101,4,6,4
1102,4,4,18
1103,4,12,1
1104,4,0,19
1105,4,3,7
1106,4,12,1
1107,4,4,18
1108,4,1,10
1109,4,4,18
1110,4,18,8
1111,4,3,7
1112,4,1,10
1113,4,4,18
1114,4,11,6
1115,4,4,18
1116,4,6,4
1117,4,4,18
1118,4,9,11
1119,4,3,7
1120,4,14,17
1121,4,3,7
1122,4,17,12
1123,4,4,18
1124,4,3,7
1125,4,3,7
1126,4,13,14
1127,4,10,2
1128,4,6,4
1129,4,11,6
1130,4,6,4
1131,4,3,7
1132,4,1,10
1133,4,12,1
1134,4,14,17
1135,4,9,11
1136,4,18,8
1137,4,1,10
1138,4,4,18
1139,4,9,11
1140,4,13,14
1141,4,13,14
1142,4,13,14
1143,4,3,7
1144,4,3,7
1145,4,10,2
1146,4,15,15
1147,4,9,11
1148,4,3,7
1149,4,14,17
1150,4,13,14
1151,4,6,4
1152,4,1,10
1153,4,11,6
1154,4,14,17
1155,4,6,4
1156,4,4,18
1157,4,5,13
1158,4,3,7
1159,4,6,4
1160,4,4,18
1161,4,1,10
1162,4,1,10
1163,4,12,1
1164,4,14,17
1165,4,14,17
1166,4,5,13
1167,4,1,10
1168,4,13,14
1169,4,11,6
1170,4,6,4
1171,4,6,4
1172,4,1,10
1173,4,0,19
1174,4,2,9
1175,4,6,4
1176,4,9,11
1177,4,14,17
1178,4,1,10
1179,4,4,18
1180,4,14,17
1181,4,9,11
1182,4,1,10
1183,4,1,10
1184,4,5,13
1185,4,12,1
1186,4,8,16
1187,4,11,6
1188,4,1,10
1189,4,4,18
1190,4,14,17
1191,4,4,18
1192,4,18,8
1193,4,11,6
1194,4,14,17
1195,4,4,18
1196,4,4,18
1197,4,6,4
1198,4,15,15
1199,4,3,7
1200,4,1,10
1201,4,3,7
1202,4,14,17
1203,4,12,1
1204,4,9,11
1205,4,14,17
1206,4,12,1
1207,4,1,10
1208,4,11,6
1209,4,4,18
1210,4,4,18
1211,4,9,11
1212,4,4,18
1213,4,14,17
1214,4,1,10
1215,4,1,10
1216,4,8,16
1217,4,3,7
1218,4,5,13
1219,4,2,9
1220,4,14,17
1221,4,4,18
1222,4,3,7
1223,4,3,7
1224,4,1,10
1225,4,2,9
1226,4,4,18
1227,4,6,4
1228,4,3,7
1229,4,11,6
1230,4,1,10
1231,4,15,15
1232,4,18,8
1233,4,1,10
1234,4,15,15
1235,4,3,7
1236,4,3,7
1237,4,10,2
1238,4,14,17
1239,4,10,2
1240,4,3,7
1241,4,0,19
1242,4,2,9
1243,4,1,10
1244,4,6,4
1245,4,10,2
1246,4,18,8
1247,4,5,13
1248,4,1,10
1249,4,1,10
1250,4,3,7
1251,4,10,2
1252,4,1,10
1253,4,18,8
1254,4,3,7
1255,4,0,19
1256,4,1,10
1257,4,5,13
1258,4,11,6
1259,4,4,18
1260,4,6,4
1261,4,3,7
1262,4,6,4
1263,4,1,10
1264,4,4,18
1265,4,3,7
1266,4,1,10
1267,4,10,2
1268,4,11,6
1269,4,3,7
1270,4,5,13
1271,4,1,10
1272,4,6,4
1273,4,3,7
1274,4,1,10
1275,4,14,17
1276,4,1,10
1277,4,2,9
1278,4,0,19
1279,4,3,7
1280,4,4,18
1281,4,2,9
1282,4,9,11
1283,4,1,10
1284,4,5,13
1285,4,4,18
1286,4,4,18
1287,4,15,15
1288,4,1,10
1289,4,3,7
1290,4,14,17
1291,4,6,4
1292,4,14,17
1293,4,4,18
1294,4,10,2
1295,4,3,7
1296,4,1,10
1297,4,12,1
1298,4,5,13
1299,4,4,18
1300,4,2,9
1301,4,6,4
1302,4,15,15
1303,4,3,7
1304,4,2,9
1305,4,1,10
1306,4,1,10
1307,4,15,15
1308,4,1,10
1309,4,3,7
1310,4,14,17
1311,4,14,17
1312,4,8,16
1313,4,4,18
1314,4,1,10
1315,4,1,10
1316,4,1,10
1317,4,4,18
1318,4,14,17
1319,4,5,13
1320,4,4,18
1321,4,4,18
1322,4,6,4
1323,4,4,18
1324,4,3,7
1325,4,5,13
1326,4,2,9
1327,4,3,7
1328,4,13,14
1329,4,8,16
1330,4,3,7
1331,4,1,10
1332,4,4,18
1333,4,1,10
1334,4,1,10
1335,4,6,4
1336,4,1,10
1337,4,3,7
1338,4,13,14
1339,4,4,18
1340,4,3,7
1341,4,8,16
1342,4,13,14
1343,4,1,10
1344,4,12,1
1345,4,2,9
1346,4,4,18
1347,4,14,17
1348,4,3,7
1349,4,12,1
1350,4,8,16
1351,4,10,2
1352,4,2,9
1353,4,6,4
1354,4,11,6
1355,4,1,10
1356,4,2,9
1357,4,6,4
1358,4,4,18
1359,4,4,18
1360,4,14,17
1361,4,0,19
1362,4,1,10
1363,4,8,16
1364,4,3,7
1365,4,1,10
1366,4,6,4
1367,4,14,17
1368,4,12,1
1369,4,1,10
1370,4,3,7
1371,4,12,1
1372,4,3,7
1373,4,6,4
1374,4,3,7
1375,4,3,7
1376,4,1,10
1377,4,2,9
1378,4,0,19
1379,4,9,11
1380,4,1,10
1381,4,8,16
1382,4,14,17
1383,4,9,11
1384,4,4,18
1385,4,4,18
1386,4,1,10
1387,4,14,17
1388,4,9,11
1389,4,4,18
1390,4,3,7
1391,4,13,14
1392,4,2,9
1393,4,14,17
1394,4,3,7
1395,4,0,19
1396,4,15,15
1397,4,13,14
1398,4,14,17
1399,4,1,10
1400,4,5,13
1401,4,0,19
1402,4,1,10
1403,4,15,15
1404,4,9,11
1405,4,3,7
1406,4,1,10
1407,4,6,4
1408,4,3,7
1409,4,6,4
1410,4,4,18
1411,4,2,9
1412,4,3,7
1413,4,3,7
1414,4,9,11
1415,4,8,16
1416,4,9,11
1417,4,10,2
1418,4,9,11
1419,4,11,6
1420,4,11,6
1421,4,8,16
1422,4,12,1
1423,4,11,6
1424,4,6,4
1425,4,0,19
1426,4,3,7
1427,4,9,11
1428,4,13,14
1429,4,14,17
1430,4,8,16
1431,4,1,10
1432,4,0,19
1433,4,6,4
1434,4,8,16
1435,4,5,13
1436,4,14,17
1437,4,2,9
1438,4,4,18
1439,4,10,2
1440,4,15,15
1441,4,3,7
1442,4,4,18
1443,4,1,10
1444,4,3,7
1445,4,3,7
1446,4,2,9
1447,4,2,9
1448,4,11,6
1449,4,5,13
1450,4,6,4
1451,4,14,17
1452,4,1,10
1453,4,14,17
1454,4,11,6
1455,4,9,11
1456,4,9,11
1457,4,3,7
1458,4,11,6
1459,4,13,14
1460,4,13,14
1461,4,4,18
1462,4,3,7
1463,4,2,9
1464,4,13,14
1465,4,4,18
1466,4,1,10
1467,4,4,18
1468,4,14,17
1469,4,4,18
1470,4,1,10
1471,4,3,7
1472,4,1,10
1473,4,14,17
1474,4,3,7
1475,4,9,11
1476,4,4,18
1477,4,5,13
1478,4,6,4
1479,4,4,18
1480,4,12,1
1481,4,8,16
1482,4,3,7
1483,4,3,7
1484,4,6,4
1485,4,9,11
1486,4,5,13
1487,4,13,14
1488,4,13,14
1489,4,3,7
1490,4,1,10
1491,4,10,2
1492,4,0,19
1493,4,6,4
1494,4,11,6
1495,4,1,10
1496,4,11,6
1497,4,4,18
1498,4,6,4
1499,4,12,1
1500,4,18,8
1501,4,4,18
1502,4,1,10
1503,4,1,10
1504,4,14,17
1505,4,3,7
1506,4,4,18
1507,4,18,8
1508,4,3,7
1509,4,3,7
1510,4,14,17
1511,4,17,12
1512,4,2,9
1513,4,1,10
1514,4,4,18
1515,4,9,11
1516,4,3,7
1517,4,8,16
1518,4,11,6
1519,4,4,18
1520,4,9,11
1521,4,1,10
1522,4,10,2
1523,4,17,12
1524,4,5,13
1525,4,5,13
1526,4,6,4
1527,4,3,7
1528,4,13,14
1529,4,4,18
1530,4,15,15
1531,4,3,7
1532,4,11,6
1533,4,4,18
1534,4,4,18
1535,4,15,15
1536,4,2,9
1537,4,9,11
1538,4,3,7
1539,4,4,18
1540,4,1,10
1541,4,11,6
1542,4,4,18
1543,4,6,4
1544,4,0,19
1545,4,14,17
1546,4,14,17
1547,4,6,4
1548,4,14,17
1549,4,3,7
1550,4,1,10
1551,4,2,9
1552,4,6,4
1553,4,12,1
1554,4,13,14
1555,4,14,17
1556,4,12,1
1557,4,9,11
1558,4,3,7
1559,4,2,9
1560,4,2,9
1561,4,9,11
1562,4,3,7
1563,4,6,4
1564,4,15,15
1565,4,18,8
1566,4,5,13
1567,4,0,19
1568,4,5,13
1569,4,11,6
1570,4,5,13
1571,4,9,11
1572,4,0,19
1573,4,3,7
1574,4,14,17
1575,4,1,10
1576,4,3,7
1577,4,10,2
1578,4,13,14
1579,4,2,9
1580,4,8,16
1581,4,2,9
1582,4,14,17
1583,4,6,4
1584,4,4,18
1585,4,11,6
1586,4,14,17
1587,4,6,4
1588,4,1,10
1589,4,9,11
1590,4,14,17
1591,4,15,15
1592,4,14,17
1593,4,14,17
1594,4,15,15
1595,4,3,7
1596,4,9,11
1597,4,13,14
1598,4,9,11
1599,4,13,14
1600,4,11,6
1601,4,4,18
1602,4,3,7
1603,4,6,4
1604,4,10,2
1605,4,14,17
1606,4,13,14
1607,4,6,4
1608,4,14,17
1609,4,14,17
1610,4,3,7
1611,4,0,19
1612,4,6,4
1613,4,1,10
1614,4,8,16
1615,4,14,17
1616,4,11,6
1617,4,15,15
1618,4,5,13
1619,4,6,4
1620,4,14,17
1621,4,4,18
1622,4,5,13
1623,4,4,18
1624,4,14,17
1625,4,14,17
1626,4,11,6
1627,4,14,17
1628,4,6,4
1629,4,14,17
1630,4,4,18
1631,4,6,4
1632,4,13,14
1633,4,12,1
1634,4,2,9
1635,4,14,17
1636,4,8,16
1637,4,1,10
1638,4,3,7
1639,4,15,15
1640,4,11,6
1641,4,4,18
1642,4,4,18
1643,4,2,9
1644,4,3,7
1645,4,3,7
1646,4,1,10
1647,4,2,9
1648,4,6,4
1649,4,14,17
1650,4,1,10
1651,4,12,1
1652,4,18,8
1653,4,4,18
1654,4,14,17
1655,4,11,6
1656,4,14,17
1657,4,4,18
1658,4,3,7
1659,4,6,4
1660,4,6,4
1661,4,10,2
1662,4,8,16
1663,4,4,18
1664,4,3,7
1665,4,3,7
1666,4,2,9
1667,4,0,19
1668,4,3,7
1669,4,6,4
1670,4,14,17
1671,4,11,6
1672,4,14,17
1673,4,14,17
1674,4,5,13
1675,4,10,2
1676,4,8,16
1677,4,1,10
1678,4,5,13
1679,4,15,15
1680,4,14,17
1681,4,6,4
1682,4,4,18
1683,4,9,11
1684,4,3,7
1685,4,9,11
1686,4,1,10
1687,4,15,15
1688,4,2,9
1689,4,4,18
1690,4,4,18
1691,4,4,18
1692,4,0,19
1693,4,2,9
1694,4,9,11
1695,4,3,7
1696,4,0,19
1697,4,9,11
1698,14,0,19
1699,14,2,9
1700,14,14,17
1701,14,1,10
1702,14,3,7
1703,14,9,11
1704,14,4,18
1705,14,11,6
1706,14,6,4
1707,14,9,11
1708,14,4,18
1709,14,1,10
1710,14,4,18
1711,14,1,10
1712,14,14,17
1713,14,17,12
1714,14,13,14
1715,14,13,14
1716,14,4,18
1717,14,4,18
1718,14,6,4
1719,14,3,7
1720,14,3,7
1721,14,1,10
1722,14,1,10
1723,14,14,17
1724,14,1,10
1725,14,1,10
1726,14,12,1
1727,14,3,7
1728,14,0,19
1729,14,9,11
1730,14,11,6
1731,14,4,18
1732,14,9,11
1733,14,18,8
1734,14,2,9
1735,14,4,18
1736,14,14,17
1737,14,4,18
1738,14,12,1
1739,14,5,13
1740,14,14,17
1741,14,2,9
1742,14,4,18
1743,14,13,14
1744,14,12,1
1745,14,3,7
1746,14,1,10
1747,14,14,17
1748,14,8,16
1749,14,13,14
1750,14,1,10
1751,14,1,10
1752,14,1,10
1753,14,1,10
1754,14,8,16
1755,14,15,15
1756,14,6,4
1757,14,12,1
1758,14,4,18
1759,14,1,10
1760,14,8,16
1761,14,4,18
1762,14,1,10
1763,14,8,16
1764,14,3,7
1765,14,3,7
1766,14,15,15
1767,14,9,11
1768,14,4,18
1769,14,3,7
1770,14,1,10
1771,14,3,7
1772,14,1,10
1773,14,4,18
1774,14,3,7
1775,14,14,17
1776,14,15,15
1777,14,13,14
1778,14,1,10
1779,14,14,17
1780,14,2,9
1781,14,3,7
1782,14,6,4
1783,14,11,6
1784,14,18,8
1785,14,11,6
1786,14,5,13
1787,14,11,6
1788,14,14,17
1789,14,1,10
1790,14,3,7
1791,14,4,18
1792,14,14,17
1793,14,11,6
1794,14,3,7
1795,14,1,10
1796,14,1,10
1797,14,1,10
1798,14,10,2
1799,14,15,15
1800,14,10,2
1801,14,14,17
1802,14,10,2
1803,14,9,11
1804,14,3,7
1805,14,8,16
1806,14,3,7
1807,14,5,13
1808,14,6,4
1809,14,3,7
1810,14,8,16
1811,14,3,7
1812,14,4,18
1813,14,8,16
1814,14,8,16
1815,14,1,10
1816,14,2,9
1817,14,3,7
1818,14,2,9
1819,14,1,10
1820,14,11,6
1821,14,13,14
1822,14,3,7
1823,14,11,6
1824,14,14,17
1825,14,3,7
1826,14,6,4
1827,14,3,7
1828,14,2,9
1829,14,10,2
1830,14,8,16
1831,14,9,11
1832,14,3,7
1833,14,13,14
1834,14,11,6
1835,14,3,7
1836,14,9,11
1837,14,4,18
1838,14,1,10
1839,14,12,1
1840,14,4,18
1841,14,2,9
1842,14,11,6
1843,14,10,2
1844,14,13,14
1845,14,1,10
1846,14,2,9
1847,14,11,6
1848,14,4,18
1849,14,1,10
1850,14,6,4
1851,14,14,17
1852,14,10,2
1853,14,6,4
1854,14,3,7
1855,14,5,13
1856,14,3,7
1857,14,3,7
1858,14,2,9
1859,14,4,18
1860,14,6,4
1861,14,11,6
1862,14,1,10
1863,14,8,16
1864,14,4,18
1865,14,14,17
1866,14,1,10
1867,14,4,18
1868,14,1,10
1869,14,6,4
1870,14,9,11
1871,14,9,11
1872,14,4,18
1873,14,6,4
1874,14,4,18
1875,14,10,2
1876,14,2,9
1877,14,11,6
1878,14,14,17
1879,14,4,18
1880,14,2,9
1881,14,13,14
1882,14,1,10
1883,14,10,2
1884,14,4,18
1885,14,4,18
1886,14,9,11
1887,14,9,11
1888,14,4,18
1889,14,14,17
1890,14,2,9
1891,14,1,10
1892,14,9,11
1893,14,14,17
1894,14,3,7
1895,14,6,4
1896,14,4,18
1897,14,3,7
1898,14,2,9
1899,14,2,9
1900,14,4,18
1901,14,5,13
1902,14,1,10
1903,14,13,14
1904,14,3,7
1905,14,2,9
1906,14,13,14
1907,14,13,14
1908,14,0,19
1909,14,2,9
1910,14,14,17
1911,14,14,17
1912,14,3,7
1913,14,6,4
1914,14,14,17
1915,14,13,14
1916,14,14,17
1917,14,14,17
1918,14,14,17
1919,14,4,18
1920,14,14,17
1921,14,12,1
1922,14,14,17
1923,14,18,8
1924,14,3,7
1925,14,6,4
1926,14,9,11
1927,14,6,4
1928,14,9,11
1929,14,4,18
1930,14,3,7
1931,14,6,4
1932,14,4,18
1933,14,6,4
1934,14,13,14
1935,14,2,9
1936,14,6,4
1937,14,13,14
1938,14,2,9
1939,14,12,1
1940,14,1,10
1941,14,3,7
1942,14,13,14
1943,14,13,14
1944,14,2,9
1945,14,4,18
1946,14,4,18
1947,14,9,11
1948,14,14,17
1949,14,4,18
1950,14,9,11
1951,14,17,12
1952,14,9,11
1953,14,2,9
1954,14,0,19
1955,14,1,10
1956,14,15,15
1957,14,12,1
1958,14,18,8
1959,14,2,9
1960,14,14,17
1961,14,18,8
1962,14,2,9
1963,14,3,7
1964,14,5,13
1965,14,3,7
1966,14,10,2
1967,14,4,18
1968,14,14,17
1969,14,6,4
1970,14,3,7
1971,14,11,6
1972,14,10,2
1973,14,14,17
1974,14,10,2
1975,14,11,6
1976,14,11,6
1977,14,3,7
1978,14,3,7
1979,14,4,18
1980,14,14,17
1981,14,4,18
1982,14,3,7
1983,14,4,18
1984,14,13,14
1985,14,6,4
1986,14,17,12
1987,14,3,7
1988,14,12,1
1989,14,3,7
1990,14,5,13
1991,14,10,2
1992,14,11,6
1993,14,4,18
1994,14,3,7
1995,14,9,11
1996,14,9,11
1997,14,9,11
1998,14,1,10
1999,14,4,18
2000,14,4,18
2001,14,6,4
2002,14,12,1
2003,14,3,7
2004,14,11,6
2005,14,1,10
2006,14,10,2
2007,14,3,7
2008,14,1,10
2009,14,14,17
2010,14,1,10
2011,14,13,14
2012,14,6,4
2013,14,14,17
2014,14,11,6
2015,14,10,2
2016,14,10,2
2017,14,6,4
2018,14,3,7
2019,14,8,16
2020,14,8,16
2021,14,6,4
2022,14,1,10
2023,14,3,7
2024,14,6,4
2025,14,4,18
2026,14,0,19
2027,14,6,4
2028,19,12,1
2029,19,4,18
2030,19,1,10
2031,19,9,11
2032,19,6,4
2033,19,0,19
2034,19,6,4
2035,19,15,15
2036,19,14,17
2037,19,12,1
2038,19,4,18
2039,19,14,17
2040,19,0,19
2041,19,10,2
2042,19,8,16
2043,19,11,6
2044,19,13,14
2045,19,11,6
2046,19,11,6
2047,19,9,11
2048,19,14,17
2049,19,4,18
2050,19,9,11
2051,19,1,10
2052,19,15,15
2053,19,6,4
2054,19,6,4
2055,19,1,10
2056,19,6,4
2057,19,3,7
2058,19,5,13
2059,19,3,7
2060,19,4,18
2061,19,1,10
2062,19,6,4
2063,19,1,10
2064,19,10,2
2065,19,3,7
2066,19,4,18
2067,19,9,11
2068,19,4,18
2069,19,5,13
2070,19,14,17
2071,19,1,10
2072,19,13,14
2073,19,5,13
2074,19,6,4
2075,19,4,18
2076,19,1,10
2077,19,10,2
2078,19,1,10
2079,19,9,11
2080,19,5,13
2081,19,1,10
2082,19,3,7
2083,19,0,19
2084,19,0,19
2085,19,6,4
2086,19,8,16
2087,19,3,7
2088,19,3,7
2089,19,13,14
2090,19,4,18
2091,19,4,18
2092,19,10,2
2093,19,2,9
2094,19,4,18
2095,19,1,10
2096,19,6,4
2097,19,9,11
2098,19,10,2
2099,19,4,18
2100,19,2,9
2101,19,1,10
2102,19,1,10
2103,19,1,10
2104,19,12,1
2105,19,14,17
2106,19,6,4
2107,19,14,17
2108,19,3,7
2109,19,1,10
2110,19,1,10
2111,19,0,19
2112,19,3,7
2113,19,14,17
2114,19,6,4
2115,19,0,19
2116,19,2,9
2117,19,4,18
2118,19,4,18
2119,19,6,4
2120,19,1,10
2121,19,8,16
2122,19,3,7
2123,19,3,7
2124,19,1,10
2125,19,14,17
2126,19,4,18
2127,19,3,7
2128,19,9,11
2129,19,15,15
2130,19,6,4
2131,19,8,16
2132,19,9,11
2133,19,13,14
2134,19,13,14
2135,19,3,7
2136,19,1,10
2137,19,9,11
2138,19,4,18
2139,19,14,17
2140,19,1,10
2141,19,6,4
2142,19,18,8
2143,19,4,18
2144,19,12,1
2145,19,12,1
2146,19,9,11
2147,19,4,18
2148,19,4,18
2149,19,1,10
2150,19,14,17
2151,19,6,4
2152,19,15,15
2153,19,4,18
2154,19,1,10
2155,19,4,18
2156,19,6,4
2157,19,11,6
2158,19,4,18
2159,19,1,10
2160,19,3,7
2161,19,11,6
2162,19,17,12
2163,19,10,2
2164,19,2,9
2165,19,1,10
2166,19,1,10
2167,19,1,10
2168,19,8,16
2169,19,3,7
2170,19,5,13
2171,19,4,18
2172,19,13,14
2173,19,1,10
2174,19,8,16
2175,19,3,7
2176,19,0,19
2177,19,18,8
2178,19,2,9
2179,19,1,10
2180,19,1,10
2181,19,14,17
2182,19,11,6
2183,19,14,17
2184,19,13,14
2185,19,13,14
2186,19,12,1
2187,19,15,15
2188,19,12,1
2189,19,1,10
2190,19,5,13
2191,19,0,19
2192,19,5,13
2193,19,18,8
2194,19,5,13
2195,19,13,14
2196,19,14,17
2197,19,14,17
2198,19,11,6
2199,19,6,4
2200,2,4,18
2201,2,9,11
2202,2,0,19
2203,2,0,19
2204,2,3,7
2205,2,1,10
2206,2,4,18
2207,2,10,2
2208,2,1,10
2209,2,11,6
2210,2,4,18
2211,2,4,18
2212,2,1,10
2213,2,4,18
2214,2,12,1
2215,2,6,4
2216,2,14,17
2217,2,1,10
2218,2,14,17
2219,2,9,11
2220,2,14,17
2221,2,3,7
2222,2,14,17
2223,2,4,18
2224,2,5,13
2225,2,14,17
2226,2,14,17
2227,2,10,2
2228,2,6,4
2229,2,12,1
2230,2,14,17
2231,2,1,10
2232,2,14,17
2233,2,9,11
2234,2,12,1
2235,2,14,17
2236,2,0,19
2237,2,3,7
2238,2,8,16
2239,2,4,18
2240,2,6,4
2241,2,3,7
2242,2,10,2
2243,2,10,2
2244,2,4,18
2245,2,15,15
2246,2,1,10
2247,2,12,1
2248,2,6,4
2249,2,10,2
2250,2,3,7
2251,2,14,17
2252,2,1,10
2253,2,3,7
2254,2,3,7
2255,2,14,17
2256,2,11,6
2257,2,1,10
2258,2,4,18
2259,2,3,7
2260,2,17,12
2261,2,4,18
2262,2,1,10
2263,2,9,11
2264,2,6,4
2265,2,6,4
2266,2,11,6
2267,2,0,19
2268,2,1,10
2269,2,1,10
2270,2,8,16
2271,2,12,1
2272,2,11,6
2273,2,3,7
2274,2,5,13
2275,2,1,10
2276,2,14,17
2277,2,18,8
2278,2,14,17
2279,2,4,18
2280,2,6,4
2281,2,17,12
2282,2,4,18
2283,2,8,16
2284,2,6,4
2285,2,0,19
2286,2,14,17
2287,2,12,1
2288,2,9,11
2289,2,2,9
2290,2,6,4
2291,2,6,4
2292,2,2,9
2293,2,5,13
2294,2,13,14
2295,2,1,10
2296,2,2,9
2297,2,4,18
2298,2,4,18
2299,2,5,13
2300,2,11,6
2301,2,14,17
2302,2,14,17
2303,2,4,18
2304,2,14,17
2305,2,6,4
2306,2,0,19
2307,2,3,7
2308,2,15,15
2309,2,2,9
2310,2,18,8
2311,2,4,18
2312,2,11,6
2313,2,2,9
2314,2,14,17
2315,2,14,17
2316,2,1,10
2317,2,9,11
2318,2,10,2
2319,2,14,17
2320,2,8,16
2321,2,11,6
2322,2,12,1
2323,2,3,7
2324,2,4,18
2325,2,4,18
2326,2,10,2
2327,2,12,1
2328,2,1,10
2329,2,4,18
2330,2,1,10
2331,2,4,18
2332,2,3,7
2333,2,1,10
2334,2,3,7
2335,2,14,17
2336,2,3,7
2337,2,3,7
2338,2,0,19
2339,2,12,1
2340,2,15,15
2341,2,1,10
2342,2,1,10
2343,2,11,6
2344,2,13,14
2345,2,2,9
2346,2,14,17
2347,2,6,4
2348,2,3,7
2349,2,6,4
2350,2,2,9
2351,2,5,13
2352,2,1,10
2353,2,12,1
2354,2,3,7
2355,2,2,9
2356,2,1,10
2357,2,3,7
2358,2,6,4
2359,2,4,18
2360,2,3,7
2361,2,4,18
2362,2,1,10
2363,2,14,17
2364,2,4,18
2365,2,12,1
2366,2,9,11
2367,2,6,4
2368,2,9,11
2369,2,3,7
2370,2,15,15
2371,2,10,2
2372,2,1,10
2373,2,14,17
2374,2,12,1
2375,2,3,7
2376,2,1,10
2377,2,10,2
2378,2,3,7
2379,2,14,17
2380,2,10,2
2381,2,8,16
2382,2,13,14
2383,2,3,7
2384,2,2,9
2385,2,10,2
2386,2,11,6
2387,2,13,14
2388,2,0,19
2389,2,9,11
2390,2,11,6
2391,2,11,6
2392,2,10,2
2393,2,1,10
2394,2,18,8
2395,2,4,18
2396,2,11,6
2397,2,4,18
2398,2,1,10
2399,2,1,10
2400,2,2,9
2401,2,15,15
2402,2,1,10
2403,2,14,17
2404,2,11,6
2405,2,15,15
2406,2,3,7
2407,2,4,18
2408,2,3,7
2409,2,13,14
2410,2,12,1
2411,2,6,4
2412,2,4,18
2413,2,15,15
2414,2,14,17
2415,2,6,4
2416,2,6,4
2417,2,1,10
2418,2,15,15
2419,2,1,10
2420,2,4,18
2421,2,15,15
2422,2,1,10
2423,2,9,11
2424,2,8,16
2425,2,0,19
2426,2,3,7
2427,2,6,4
2428,2,13,14
2429,2,1,10
2430,2,1,10
2431,2,10,2
2432,2,2,9
2433,2,15,15
2434,2,15,15
2435,2,2,9
2436,2,14,17
2437,2,3,7
2438,2,3,7
2439,2,14,17
2440,2,1,10
2441,2,2,9
2442,2,8,16
2443,2,11,6
2444,2,2,9
2445,2,4,18
2446,2,3,7
2447,2,4,18
2448,2,10,2
2449,2,12,1
2450,2,13,14
2451,2,10,2
2452,2,9,11
2453,2,14,17
2454,2,0,19
2455,2,6,4
2456,2,11,6
2457,2,9,11
2458,2,14,17
2459,2,11,6
2460,2,8,16
2461,2,14,17
2462,2,3,7
2463,2,3,7
2464,2,14,17
2465,2,11,6
2466,2,10,2
2467,2,11,6
2468,2,2,9
2469,2,18,8
2470,2,4,18
2471,2,1,10
2472,2,13,14
2473,2,6,4
2474,2,11,6
2475,2,4,18
2476,2,6,4
2477,2,11,6
2478,2,5,13
2479,2,15,15
2480,2,11,6
2481,2,6,4
2482,2,6,4
2483,2,3,7
2484,2,18,8
2485,2,3,7
2486,2,3,7
2487,2,17,12
2488,2,9,11
2489,2,17,12
2490,2,6,4
2491,2,12,1
2492,2,3,7
2493,2,10,2
2494,2,6,4
2495,2,9,11
2496,2,6,4
2497,2,3,7
2498,2,2,9
2499,2,4,18
2500,2,1,10
2501,2,13,14
2502,2,1,10
2503,2,3,7
2504,2,1,10
2505,2,3,7
2506,2,15,15
2507,2,11,6
2508,2,8,16
2509,2,2,9
2510,2,6,4
2511,2,18,8
2512,2,4,18
2513,2,14,17
2514,2,3,7
2515,2,15,15
2516,2,1,10
2517,2,18,8
2518,2,12,1
2519,2,12,1
2520,2,1,10
2521,2,14,17
2522,2,2,9
2523,2,2,9
2524,2,3,7
2525,2,1,10
2526,2,3,7
2527,2,2,9
2528,2,14,17
2529,2,4,18
2530,2,14,17
2531,2,6,4
2532,2,13,14
2533,2,10,2
2534,2,0,19
2535,2,14,17
2536,2,3,7
2537,2,14,17
2538,2,9,11
2539,2,17,12
2540,2,15,15
2541,2,1,10
2542,2,13,14
2543,2,4,18
2544,2,12,1
2545,2,15,15
2546,2,9,11
2547,2,6,4
2548,2,2,9
2549,2,14,17
2550,2,17,12
2551,2,13,14
2552,2,13,14
2553,2,8,16
2554,2,1,10
2555,2,17,12
2556,2,14,17
2557,2,9,11
2558,2,6,4
2559,2,13,14
2560,2,14,17
2561,2,14,17
2562,2,3,7
2563,2,4,18
2564,2,1,10
2565,2,11,6
2566,2,10,2
2567,2,14,17
2568,2,2,9
2569,2,4,18
2570,2,9,11
2571,2,14,17
2572,2,8,16
2573,2,4,18
2574,2,3,7
2575,2,8,16
2576,2,3,7
2577,2,1,10
2578,2,6,4
2579,2,2,9
2580,2,4,18
2581,2,14,17
2582,2,3,7
2583,2,8,16
2584,2,10,2
2585,2,10,2
2586,2,9,11
2587,2,8,16
2588,2,17,12
2589,2,13,14
2590,2,0,19
2591,2,4,18
2592,2,6,4
2593,2,5,13
2594,2,14,17
2595,2,1,10
2596,2,14,17
2597,2,11,6
2598,2,1,10
2599,2,12,1
2600,2,1,10
2601,2,6,4
2602,2,1,10
2603,2,1,10
2604,2,3,7
2605,2,3,7
2606,2,4,18
2607,2,2,9
2608,2,14,17
2609,2,4,18
2610,2,1,10
2611,2,15,15
2612,2,3,7
2613,2,10,2
2614,2,1,10
2615,2,0,19
2616,2,13,14
2617,2,13,14
2618,2,10,2
2619,2,14,17
2620,2,4,18
2621,2,14,17
2622,2,9,11
2623,2,8,16
2624,2,14,17
2625,2,4,18
2626,2,1,10
2627,2,14,17
2628,2,14,17
2629,2,1,10
2630,2,4,18
2631,2,3,7
2632,2,10,2
2633,2,1,10
2634,2,2,9
2635,2,13,14
2636,2,0,19
2637,2,10,2
2638,2,3,7
2639,2,1,10
2640,2,14,17
2641,2,1,10
2642,2,4,18
2643,2,4,18
2644,2,5,13
2645,2,12,1
2646,2,4,18
2647,2,9,11
2648,2,1,10
2649,2,4,18
2650,2,1,10
2651,2,18,8
2652,2,9,11
2653,2,4,18
2654,2,14,17
2655,2,14,17
2656,2,5,13
2657,2,10,2
2658,2,4,18
2659,2,1,10
2660,2,1,10
2661,2,14,17
2662,2,1,10
2663,2,10,2
2664,2,14,17
2665,2,5,13
2666,2,11,6
2667,0,4,18
2668,0,14,17
2669,0,8,16
2670,0,6,4
2671,0,1,10
2672,0,1,10
2673,0,14,17
2674,0,10,2
2675,0,4,18
2676,0,4,18
2677,0,5,13
2678,0,14,17
2679,0,13,14
2680,0,14,17
2681,0,3,7
2682,0,12,1
2683,0,4,18
2684,0,3,7
2685,0,14,17
2686,0,14,17
2687,0,5,13
2688,0,1,10
2689,0,6,4
2690,0,1,10
2691,0,14,17
2692,0,13,14
2693,0,14,17
2694,0,11,6
2695,0,13,14
2696,0,11,6
2697,0,9,11
2698,0,14,17
2699,0,2,9
2700,0,5,13
2701,0,4,18
2702,0,2,9
2703,0,14,17
2704,0,13,14
2705,0,14,17
2706,0,11,6
2707,0,10,2
2708,0,2,9
2709,0,2,9
2710,0,0,19
2711,0,1,10
2712,0,4,18
2713,0,1,10
2714,0,13,14
2715,0,11,6
2716,0,4,18
2717,0,14,17
2718,0,9,11
2719,0,14,17
2720,0,3,7
2721,0,14,17
2722,0,3,7
2723,0,8,16
2724,0,4,18
2725,0,15,15
2726,0,2,9
2727,0,4,18
2728,0,3,7
2729,0,1,10
2730,0,1,10
2731,0,4,18
2732,0,2,9
2733,0,2,9
2734,0,10,2
2735,0,10,2
2736,0,13,14
2737,0,8,16
2738,0,2,9
2739,0,2,9
2740,0,9,11
2741,0,4,18
2742,0,4,18
2743,0,6,4
2744,0,12,1
2745,0,1,10
2746,0,4,18
2747,0,1,10
2748,0,10,2
2749,0,4,18
2750,0,13,14
2751,0,6,4
2752,0,6,4
2753,0,14,17
2754,0,13,14
2755,0,1,10
2756,0,4,18
2757,0,3,7
2758,0,14,17
2759,0,4,18
2760,0,14,17
2761,0,8,16
2762,0,11,6
2763,0,6,4
2764,0,3,7
2765,0,14,17
2766,17,2,9
2767,17,6,4
2768,17,2,9
2769,17,4,18
2770,17,3,7
2771,17,1,10
2772,17,9,11
2773,17,6,4
2774,17,1,10
2775,17,1,10
2776,17,3,7
2777,17,3,7
2778,17,8,16
2779,17,14,17
2780,17,12,1
2781,17,10,2
2782,17,4,18
2783,17,4,18
2784,17,4,18
2785,17,3,7
2786,17,13,14
2787,17,10,2
2788,17,10,2
2789,17,1,10
2790,17,2,9
2791,17,8,16
2792,17,1,10
2793,17,4,18
2794,17,1,10
2795,17,8,16
2796,17,5,13
2797,17,2,9
2798,17,4,18
2799,17,9,11
2800,17,4,18
2801,17,10,2
2802,17,4,18
2803,17,8,16
2804,17,4,18
2805,17,8,16
2806,17,3,7
2807,17,4,18
2808,17,9,11
2809,17,1,10
2810,17,9,11
2811,17,2,9
2812,17,4,18
2813,17,4,18
2814,17,4,18
2815,17,4,18
2816,17,13,14
2817,17,1,10
2818,17,1,10
2819,17,14,17
2820,17,2,9
2821,17,14,17
2822,17,14,17
2823,17,2,9
2824,17,4,18
2825,17,14,17
2826,17,2,9
2827,17,14,17
2828,17,1,10
2829,17,13,14
2830,17,4,18
2831,17,1,10
2832,17,8,16
2833,17,1,10
2834,17,14,17
2835,17,2,9
2836,17,6,4
2837,17,18,8
2838,17,4,18
2839,17,1,10
2840,17,14,17
2841,17,1,10
2842,17,14,17
2843,17,2,9
2844,17,13,14
2845,17,8,16
2846,17,10,2
2847,17,1,10
2848,17,11,6
2849,17,13,14
2850,17,11,6
2851,17,13,14
2852,17,10,2
2853,17,5,13
2854,17,9,11
2855,17,1,10
2856,17,1,10
2857,17,14,17
2858,17,13,14
2859,17,1,10
2860,17,8,16
2861,17,14,17
2862,17,1,10
2863,17,0,19
2864,17,1,10
2865,17,1,10
2866,17,2,9
2867,17,4,18
2868,17,14,17
2869,17,3,7
2870,17,4,18
2871,17,4,18
2872,17,13,14
2873,17,8,16
2874,17,14,17
2875,17,1,10
2876,17,4,18
2877,17,5,13
2878,17,3,7
2879,17,1,10
2880,17,1,10
2881,17,15,15
2882,17,8,16
2883,17,1,10
2884,17,14,17
2885,17,6,4
2886,17,2,9
2887,17,6,4
2888,17,4,18
2889,17,4,18
2890,17,3,7
2891,17,3,7
2892,17,14,17
2893,17,4,18
2894,17,4,18
2895,17,6,4
2896,17,11,6
2897,17,13,14
2898,17,1,10
2899,17,14,17
2900,17,9,11
2901,17,1,10
2902,17,2,9
2903,17,3,7
2904,17,15,15
2905,17,4,18
2906,17,3,7
2907,17,2,9
2908,17,5,13
2909,17,13,14
2910,17,4,18
2911,17,4,18
2912,17,3,7
2913,17,2,9
2914,17,4,18
2915,17,15,15
2916,17,18,8
2917,17,10,2
2918,17,4,18
2919,17,15,15
2920,17,11,6
2921,17,3,7
2922,17,1,10
2923,17,2,9
2924,17,1,10
2925,17,2,9
2926,17,1,10
2927,17,11,6
2928,17,9,11
2929,17,15,15
2930,17,1,10
2931,17,14,17
2932,17,3,7
2933,17,1,10
2934,17,14,17
2935,17,1,10
2936,17,14,17
2937,17,4,18
2938,17,3,7
2939,17,4,18
2940,17,13,14
2941,17,4,18
2942,17,3,7
2943,17,4,18
2944,17,13,14
2945,17,3,7
2946,17,8,16
2947,17,5,13
2948,17,5,13
2949,17,4,18
2950,17,13,14
2951,17,5,13
2952,17,5,13
2953,17,11,6
2954,17,1,10
2955,17,13,14
2956,17,4,18
2957,17,10,2
2958,17,2,9
2959,17,2,9
2960,17,1,10
2961,17,4,18
2962,17,14,17
2963,17,2,9
2964,17,13,14
2965,17,4,18
2966,17,14,17
2967,17,8,16
2968,17,4,18
2969,17,10,2
2970,17,14,17
2971,17,2,9
2972,17,4,18
2973,17,6,4
2974,17,9,11
2975,17,1,10
2976,17,11,6
2977,17,3,7
2978,17,4,18
2979,17,4,18
2980,17,1,10
2981,17,3,7
2982,17,1,10
2983,17,4,18
2984,17,1,10
2985,17,8,16
2986,17,1,10
2987,17,10,2
2988,17,14,17
2989,17,14,17
2990,17,1,10
2991,17,4,18
2992,17,5,13
2993,17,4,18
2994,17,9,11
2995,17,1,10
2996,17,0,19
2997,17,10,2
2998,17,8,16
2999,17,13,14
3000,17,2,9
3001,17,14,17
3002,17,3,7
3003,17,4,18
3004,17,4,18
3005,17,11,6
3006,17,1,10
3007,17,8,16
3008,17,2,9
3009,17,2,9
3010,17,13,14
3011,17,9,11
3012,17,3,7
3013,17,6,4
3014,17,2,9
3015,17,5,13
3016,17,5,13
3017,17,2,9
3018,17,14,17
3019,17,9,11
3020,17,6,4
3021,17,1,10
3022,17,3,7
3023,17,4,18
3024,17,4,18
3025,17,14,17
3026,17,4,18
3027,17,5,13
3028,17,10,2
3029,17,2,9
3030,17,11,6
3031,17,13,14
3032,17,2,9
3033,17,4,18
3034,17,2,9
3035,17,13,14
3036,17,4,18
3037,17,8,16
3038,17,1,10
3039,17,2,9
3040,17,10,2
3041,17,2,9
3042,17,10,2
3043,17,13,14
3044,17,9,11
3045,17,8,16
3046,17,0,19
3047,17,9,11
3048,17,3,7
3049,17,3,7
3050,17,1,10
3051,17,10,2
3052,17,11,6
3053,17,14,17
3054,17,1,10
3055,17,2,9
3056,17,3,7
3057,17,4,18
3058,17,10,2
3059,17,1,10
3060,17,14,17
3061,17,5,13
3062,17,14,17
3063,17,1,10
3064,17,11,6
3065,17,2,9
3066,17,14,17
3067,17,6,4
3068,17,10,2
3069,17,14,17
3070,17,3,7
3071,17,2,9
3072,17,1,10
3073,17,6,4
3074,17,8,16
3075,17,4,18
3076,17,14,17
3077,17,4,18
3078,17,11,6
3079,17,4,18
3080,17,6,4
3081,17,1,10
3082,17,2,9
3083,17,4,18
3084,17,14,17
3085,17,4,18
3086,17,14,17
3087,17,1,10
3088,17,1,10
3089,17,4,18
3090,17,10,2
3091,17,1,10
3092,17,14,17
3093,17,4,18
3094,17,11,6
3095,17,10,2
3096,17,4,18
3097,17,8,16
3098,17,11,6
3099,17,1,10
3100,17,11,6
3101,17,14,17
3102,17,1,10
3103,17,13,14
3104,17,3,7
3105,17,4,18
3106,17,14,17
3107,17,9,11
3108,17,4,18
3109,17,8,16
3110,17,14,17
3111,17,4,18
3112,17,6,4
3113,17,2,9
3114,17,10,2
3115,17,1,10
3116,17,9,11
3117,17,4,18
3118,17,2,9
3119,17,2,9
3120,17,4,18
3121,17,4,18
3122,17,1,10
3123,17,14,17
3124,17,4,18
3125,17,6,4
3126,17,11,6
3127,17,0,19
3128,17,13,14
3129,17,6,4
3130,17,5,13
3131,17,5,13
3132,17,2,9
3133,17,4,18
3134,17,11,6
3135,17,14,17
3136,17,4,18
3137,17,12,1
3138,17,2,9
3139,17,13,14
3140,17,1,10
3141,17,4,18
3142,17,14,17
3143,17,14,17
3144,17,4,18
3145,17,6,4
3146,17,8,16
3147,17,8,16
3148,17,1,10
3149,17,4,18
3150,17,15,15
3151,17,10,2
3152,17,1,10
3153,17,3,7
3154,17,14,17
3155,17,2,9
3156,17,1,10
3157,17,6,4
3158,17,4,18
3159,17,1,10
3160,17,4,18
3161,17,14,17
3162,17,13,14
3163,17,5,13
3164,17,2,9
3165,17,6,4
3166,17,2,9
3167,17,13,14
3168,17,2,9
3169,17,8,16
3170,17,1,10
3171,17,13,14
3172,17,10,2
3173,17,2,9
3174,17,1,10
3175,17,3,7
3176,17,14,17
3177,17,8,16
3178,17,14,17
3179,17,4,18
3180,17,2,9
3181,17,10,2
3182,17,10,2
3183,17,1,10
3184,17,0,19
3185,17,14,17
3186,17,3,7
3187,17,8,16
3188,17,10,2
3189,17,0,19
3190,17,14,17
3191,17,4,18
3192,17,2,9
3193,17,6,4
3194,17,1,10
3195,17,2,9
3196,17,4,18
3197,17,2,9
3198,17,11,6
3199,17,1,10
3200,17,9,11
3201,17,10,2
3202,17,13,14
3203,17,0,19
3204,17,1,10
3205,17,2,9
3206,17,2,9
3207,17,13,14
3208,17,1,10
3209,17,11,6
3210,17,13,14
3211,17,14,17
3212,17,1,10
3213,17,1,10
3214,17,2,9
3215,17,13,14
3216,17,11,6
3217,17,14,17
3218,17,2,9
3219,17,8,16
3220,17,8,16
3221,17,2,9
3222,17,3,7
3223,17,2,9
3224,17,11,6
3225,17,5,13
3226,17,1,10
3227,17,14,17
3228,17,3,7
3229,17,1,10
3230,17,2,9
3231,17,2,9
3232,17,14,17
3233,17,13,14
3234,17,10,2
3235,17,2,9
3236,17,14,17
3237,17,8,16
3238,17,4,18
3239,17,11,6
3240,17,8,16
3241,17,14,17
3242,17,1,10
3243,17,0,19
3244,17,14,17
3245,17,14,17
3246,17,8,16
3247,17,13,14
3248,17,14,17
3249,17,8,16
3250,17,13,14
3251,17,2,9
3252,17,1,10
3253,17,2,9
3254,17,14,17
3255,17,2,9
3256,17,13,14
3257,17,4,18
3258,17,14,17
3259,17,11,6
3260,17,14,17
3261,17,18,8
3262,17,14,17
3263,17,14,17
3264,17,13,14
3265,17,5,13
3266,17,14,17
3267,17,4,18
3268,17,9,11
3269,17,11,6
3270,17,13,14
3271,17,14,17
3272,17,3,7
3273,17,5,13
3274,17,2,9
3275,17,8,16
3276,17,8,16
3277,17,2,9
3278,17,1,10
3279,17,4,18
3280,17,14,17
3281,17,0,19
3282,17,8,16
3283,17,14,17
3284,17,5,13
3285,17,8,16
3286,17,11,6
3287,17,5,13
3288,17,2,9
3289,17,10,2
3290,17,9,11
3291,17,4,18
3292,17,4,18
3293,17,1,10
3294,17,6,4
3295,17,6,4
3296,17,8,16
3297,17,13,14
3298,17,1,10
3299,17,1,10
3300,17,1,10
3301,17,4,18
3302,17,4,18
3303,17,14,17
3304,17,2,9
3305,17,3,7
3306,17,18,8
3307,17,4,18
3308,17,14,17
3309,17,14,17
3310,17,10,2
3311,17,4,18
3312,17,4,18
3313,17,0,19
3314,17,3,7
3315,17,14,17
3316,17,1,10
3317,17,1,10
3318,17,3,7
3319,17,1,10
3320,17,14,17
3321,17,1,10
3322,17,9,11
3323,17,14,17
3324,17,0,19
3325,17,4,18
3326,17,9,11
3327,17,10,2
3328,17,2,9
3329,17,1,10
3330,17,1,10
3331,17,14,17
3332,17,3,7
3333,17,8,16
3334,17,9,11
3335,17,11,6
3336,17,1,10
3337,17,15,15
3338,17,1,10
3339,17,11,6
3340,17,4,18
3341,17,1,10
3342,17,1,10
3343,17,14,17
3344,17,3,7
3345,17,3,7
3346,17,4,18
3347,17,14,17
3348,17,4,18
3349,17,15,15
3350,17,13,14
3351,17,14,17
3352,17,3,7
3353,17,12,1
3354,17,4,18
3355,17,1,10
3356,17,3,7
3357,17,1,10
3358,17,1,10
3359,17,14,17
3360,17,14,17
3361,17,4,18
3362,17,14,17
3363,17,4,18
3364,17,3,7
3365,17,2,9
3366,17,2,9
3367,17,9,11
3368,17,8,16
3369,17,3,7
3370,17,11,6
3371,17,2,9
3372,17,11,6
3373,17,4,18
3374,17,14,17
3375,17,1,10
3376,17,1,10
3377,17,1,10
3378,17,14,17
3379,17,1,10
3380,17,11,6
3381,17,1,10
3382,17,10,2
3383,17,5,13
3384,17,17,12
3385,17,6,4
3386,17,1,10
3387,17,1,10
3388,17,4,18
3389,17,14,17
3390,17,13,14
3391,17,6,4
3392,17,8,16
3393,17,14,17
3394,17,2,9
3395,17,1,10
3396,17,11,6
3397,17,2,9
3398,17,4,18
3399,17,14,17
3400,17,9,11
3401,17,1,10
3402,17,13,14
3403,17,8,16
3404,17,1,10
3405,17,13,14
3406,17,4,18
3407,17,4,18
3408,17,1,10
3409,17,9,11
3410,17,14,17
3411,17,4,18
3412,17,4,18
3413,17,4,18
3414,17,13,14
3415,17,8,16
3416,17,10,2
3417,17,5,13
3418,17,8,16
3419,17,5,13
3420,17,2,9
3421,17,4,18
3422,17,1,10
3423,17,14,17
3424,17,9,11
3425,17,4,18
3426,17,8,16
3427,17,3,7
3428,17,4,18
3429,17,5,13
3430,17,4,18
3431,17,3,7
3432,17,14,17
3433,17,5,13
3434,17,0,19
3435,17,4,18
3436,17,10,2
3437,17,2,9
3438,17,3,7
3439,17,13,14
3440,17,3,7
3441,17,10,2
3442,17,4,18
3443,17,1,10
3444,17,1,10
3445,17,6,4
3446,17,4,18
3447,17,11,6
3448,17,4,18
3449,17,3,7
3450,17,1,10
3451,17,4,18
3452,17,1,10
3453,17,1,10
3454,17,2,9
3455,17,2,9
3456,17,11,6
3457,17,13,14
3458,17,8,16
3459,17,13,14
3460,17,2,9
3461,17,10,2
3462,17,14,17
3463,17,14,17
3464,17,10,2
3465,17,10,2
3466,17,1,10
3467,17,8,16
3468,17,15,15
3469,17,10,2
3470,17,1,10
3471,17,4,18
3472,17,4,18
3473,17,9,11
3474,17,11,6
3475,17,15,15
3476,17,12,1
3477,17,9,11
3478,17,1,10
3479,17,14,17
3480,17,1,10
3481,17,3,7
3482,17,14,17
3483,17,1,10
3484,17,13,14
3485,17,2,9
3486,17,1,10
3487,17,3,7
3488,17,4,18
3489,17,1,10
3490,17,4,18
3491,17,1,10
3492,17,5,13
3493,17,4,18
3494,17,8,16
3495,17,2,9
3496,17,13,14
3497,17,13,14
3498,17,14,17
3499,17,5,13
3500,17,1,10
3501,17,10,2
3502,17,0,19
3503,17,4,18
3504,17,5,13
3505,17,13,14
3506,17,1,10
3507,17,11,6
3508,17,8,16
3509,17,11,6
3510,17,10,2
3511,17,8,16
3512,17,14,17
3513,17,2,9
3514,17,14,17
3515,17,1,10
3516,17,10,2
3517,17,4,18
3518,17,13,14
3519,17,6,4
3520,17,14,17
3521,17,3,7
3522,17,1,10
3523,17,15,15
3524,17,2,9
3525,17,10,2
3526,17,10,2
3527,17,14,17
3528,17,4,18
3529,17,3,7
3530,17,11,6
3531,17,1,10
3532,17,3,7
3533,17,4,18
3534,17,14,17
3535,17,3,7
3536,17,6,4
3537,17,8,16
3538,17,4,18
3539,17,2,9
3540,17,10,2
3541,17,1,10
3542,17,11,6
3543,17,14,17
3544,17,12,1
3545,17,1,10
3546,17,0,19
3547,17,1,10
3548,17,14,17
3549,17,14,17
3550,17,4,18
3551,17,0,19
3552,17,12,1
3553,17,3,7
3554,17,4,18
3555,17,11,6
3556,17,1,10
3557,17,13,14
3558,17,6,4
3559,17,1,10
3560,17,14,17
3561,17,1,10
3562,17,2,9
3563,17,4,18
3564,17,1,10
3565,17,4,18
3566,17,6,4
3567,17,13,14
3568,17,18,8
3569,17,4,18
3570,17,8,16
3571,17,14,17
3572,17,4,18
3573,17,14,17
3574,17,1,10
3575,17,2,9
3576,17,1,10
3577,17,12,1
3578,17,8,16
3579,17,6,4
3580,17,14,17
3581,17,3,7
3582,17,1,10
3583,17,4,18
3584,17,3,7
3585,17,1,10
3586,17,5,13
3587,17,5,13
3588,17,13,14
3589,17,11,6
3590,17,14,17
3591,17,13,14
3592,17,1,10
3593,17,4,18
3594,17,5,13
3595,17,1,10
3596,17,14,17
3597,17,2,9
3598,17,8,16
3599,17,4,18
3600,17,1,10
3601,17,6,4
3602,17,2,9
3603,17,3,7
3604,17,1,10
3605,17,17,12
3606,17,6,4
3607,17,10,2
3608,17,14,17
3609,17,1,10
3610,17,1,10
3611,17,8,16
3612,17,14,17
3613,17,3,7
3614,17,2,9
3615,17,2,9
3616,17,6,4
3617,17,10,2
3618,17,5,13
3619,17,10,2
3620,17,5,13
3621,17,4,18
3622,17,4,18
3623,17,6,4
3624,17,4,18
3625,17,2,9
3626,17,1,10
3627,17,4,18
3628,17,4,18
3629,17,1,10
3630,17,3,7
3631,17,3,7
3632,17,1,10
3633,17,1,10
3634,17,2,9
3635,17,11,6
3636,17,4,18
3637,17,11,6
3638,17,4,18
3639,17,10,2
3640,17,4,18
3641,17,8,16
3642,17,14,17
3643,17,3,7
3644,17,13,14
3645,17,11,6
3646,17,3,7
3647,17,3,7
3648,17,13,14
3649,17,6,4
3650,17,5,13
3651,17,13,14
3652,17,10,2
3653,17,11,6
3654,17,1,10
3655,17,4,18
3656,17,1,10
3657,17,1,10
3658,17,1,10
3659,17,14,17
3660,17,15,15
3661,17,13,14
3662,17,9,11
3663,17,1,10
3664,17,3,7
3665,17,2,9
3666,17,4,18
3667,17,1,10
3668,17,6,4
3669,17,1,10
3670,17,2,9
3671,17,14,17
3672,17,3,7
3673,17,14,17
3674,17,14,17
3675,17,1,10
3676,17,14,17
3677,17,1,10
3678,17,3,7
3679,17,2,9
3680,17,2,9
3681,17,4,18
3682,17,12,1
3683,17,5,13
3684,17,3,7
3685,17,4,18
3686,17,1,10
3687,17,14,17
3688,17,6,4
3689,17,8,16
3690,17,5,13
3691,17,1,10
3692,17,15,15
3693,17,4,18
3694,17,4,18
3695,17,1,10
3696,17,2,9
3697,17,1,10
3698,17,4,18
3699,17,2,9
3700,17,4,18
3701,17,1,10
3702,17,1,10
3703,17,3,7
3704,17,1,10
3705,17,1,10
3706,17,1,10
3707,17,11,6
3708,17,2,9
3709,17,4,18
3710,17,1,10
3711,17,0,19
3712,17,3,7
3713,17,11,6
3714,17,13,14
3715,17,2,9
3716,17,10,2
3717,17,2,9
3718,17,2,9
3719,17,4,18
3720,17,1,10
3721,17,13,14
3722,17,3,7
3723,17,4,18
3724,17,12,1
3725,17,8,16
3726,17,1,10
3727,17,14,17
3728,17,14,17
3729,17,4,18
3730,17,14,17
3731,17,14,17
3732,17,4,18
3733,17,11,6
3734,17,0,19
3735,17,1,10
3736,17,14,17
3737,17,1,10
3738,17,3,7
3739,17,11,6
3740,17,13,14
3741,17,12,1
3742,17,2,9
3743,17,12,1
3744,17,14,17
3745,17,14,17
3746,17,4,18
3747,17,10,2
3748,17,12,1
3749,17,4,18
3750,17,1,10
3751,17,2,9
3752,17,14,17
3753,17,8,16
3754,17,4,18
3755,17,14,17
3756,17,3,7
3757,17,2,9
3758,17,8,16
3759,17,1,10
3760,17,11,6
3761,17,0,19
3762,17,12,1
3763,17,2,9
3764,17,1,10
3765,17,5,13
3766,17,1,10
3767,17,13,14
3768,17,2,9
3769,17,8,16
3770,17,2,9
3771,17,14,17
3772,17,14,17
3773,17,4,18
3774,17,13,14
3775,17,14,17
3776,17,3,7
3777,17,3,7
3778,17,3,7
3779,17,8,16
3780,17,0,19
3781,17,3,7
3782,17,9,11
3783,17,4,18
3784,17,1,10
3785,17,5,13
3786,17,9,11
3787,17,14,17
3788,17,14,17
3789,17,14,17
3790,17,2,9
3791,17,6,4
3792,17,8,16
3793,17,1,10
3794,17,5,13
3795,17,14,17
3796,17,1,10
3797,17,2,9
3798,17,14,17
3799,17,4,18
3800,17,4,18
3801,17,14,17
3802,17,10,2
3803,17,3,7
3804,17,14,17
3805,17,6,4
3806,17,1,10
3807,17,0,19
3808,17,4,18
3809,17,8,16
3810,17,4,18
3811,17,6,4
3812,17,1,10
3813,17,2,9
3814,17,4,18
3815,17,14,17
3816,17,8,16
3817,17,14,17
3818,17,1,10
3819,17,5,13
3820,17,1,10
3821,17,4,18
3822,17,14,17
3823,17,6,4
3824,17,4,18
3825,17,5,13
3826,17,2,9
3827,17,9,11
3828,17,6,4
3829,17,4,18
3830,17,2,9
3831,17,2,9
3832,17,2,9
3833,17,0,19
3834,17,1,10
3835,17,1,10
3836,17,1,10
3837,17,15,15
3838,17,14,17
3839,17,13,14
3840,17,8,16
3841,17,9,11
3842,17,14,17
3843,17,11,6
3844,17,1,10
3845,17,8,16
3846,17,4,18
3847,17,14,17
3848,17,13,14
3849,17,6,4
3850,17,1,10
3851,17,10,2
3852,17,13,14
3853,17,3,7
3854,17,14,17
3855,17,8,16
3856,17,1,10
3857,17,14,17
3858,17,1,10
3859,17,14,17
3860,17,3,7
3861,17,14,17
3862,17,18,8
3863,17,4,18
3864,17,1,10
3865,17,2,9
3866,17,14,17
3867,17,5,13
3868,17,1,10
3869,17,9,11
3870,17,14,17
3871,17,13,14
3872,17,11,6
3873,17,1,10
3874,17,8,16
3875,17,8,16
3876,17,8,16
3877,17,13,14
3878,17,4,18
3879,17,3,7
3880,17,4,18
3881,17,3,7
3882,17,13,14
3883,17,4,18
3884,17,13,14
3885,17,14,17
3886,17,14,17
3887,17,4,18
3888,17,1,10
3889,17,1,10
3890,17,3,7
3891,17,10,2
3892,17,14,17
3893,17,2,9
3894,17,13,14
3895,17,11,6
3896,17,1,10
3897,17,10,2
3898,17,9,11
3899,17,14,17
3900,17,14,17
3901,17,1,10
3902,17,1,10
3903,17,3,7
3904,17,4,18
3905,17,1,10
3906,17,1,10
3907,17,13,14
3908,17,14,17
3909,17,14,17
3910,17,12,1
3911,17,1,10
3912,17,10,2
3913,17,9,11
3914,17,13,14
3915,17,8,16
3916,17,6,4
3917,17,14,17
3918,17,2,9
3919,17,10,2
3920,17,1,10
3921,17,14,17
3922,17,6,4
3923,17,4,18
3924,17,6,4
3925,17,1,10
3926,17,1,10
3927,17,11,6
3928,17,3,7
3929,17,1,10
3930,17,10,2
3931,17,14,17
3932,17,0,19
3933,17,1,10
3934,17,13,14
3935,17,4,18
3936,17,1,10
3937,17,2,9
3938,17,3,7
3939,17,8,16
3940,17,2,9
3941,17,10,2
3942,17,4,18
3943,17,14,17
3944,17,4,18
3945,17,1,10
3946,17,6,4
3947,17,10,2
3948,17,2,9
3949,17,13,14
3950,18,1,10
3951,18,5,13
3952,18,1,10
3953,18,14,17
3954,18,4,18
3955,18,9,11
3956,18,4,18
3957,18,3,7
3958,18,13,14
3959,18,13,14
3960,18,1,10
3961,18,9,11
3962,18,4,18
3963,18,14,17
3964,18,2,9
3965,18,14,17
3966,18,2,9
3967,18,14,17
3968,18,4,18
3969,18,10,2
3970,18,1,10
3971,18,1,10
3972,18,13,14
3973,18,2,9
3974,18,6,4
3975,18,6,4
3976,18,1,10
3977,18,4,18
3978,18,1,10
3979,18,5,13
3980,18,4,18
3981,18,4,18
3982,18,14,17
3983,18,1,10
3984,18,4,18
3985,18,5,13
3986,18,1,10
3987,18,4,18
3988,18,14,17
3989,18,13,14
3990,18,12,1
3991,18,2,9
3992,18,2,9
3993,18,14,17
3994,18,3,7
3995,18,3,7
3996,18,1,10
3997,18,9,11
3998,18,14,17
3999,18,4,18
4000,18,17,12
4001,18,2,9
4002,18,1,10
4003,18,10,2
4004,18,1,10
4005,18,10,2
4006,18,11,6
4007,18,11,6
4008,18,8,16
4009,18,14,17
4010,18,1,10
4011,18,1,10
4012,18,4,18
4013,18,2,9
4014,18,12,1
4015,18,0,19
4016,18,1,10
4017,18,8,16
4018,18,4,18
4019,18,1,10
4020,18,4,18
4021,18,8,16
4022,18,14,17
4023,18,2,9
4024,18,14,17
4025,18,2,9
4026,18,0,19
4027,18,6,4
4028,18,4,18
4029,18,2,9
4030,18,14,17
4031,18,10,2
4032,18,8,16
4033,18,1,10
4034,18,3,7
4035,18,2,9
4036,18,2,9
4037,18,6,4
4038,18,1,10
4039,18,1,10
4040,18,14,17
4041,18,14,17
4042,18,1,10
4043,18,2,9
4044,18,10,2
4045,18,2,9
4046,18,4,18
4047,18,4,18
4048,18,15,15
4049,18,4,18
4050,18,14,17
4051,18,14,17
4052,18,14,17
4053,18,4,18
4054,18,6,4
4055,18,5,13
4056,18,3,7
4057,18,14,17
4058,18,1,10
4059,18,17,12
4060,18,2,9
4061,18,6,4
4062,18,4,18
4063,18,3,7
4064,18,4,18
4065,18,2,9
4066,18,13,14
4067,18,14,17
4068,18,14,17
4069,18,4,18
4070,18,2,9
4071,18,1,10
4072,18,3,7
4073,18,1,10
4074,18,14,17
4075,18,11,6
4076,18,10,2
4077,18,1,10
4078,18,14,17
4079,18,4,18
4080,18,4,18
4081,18,13,14
4082,18,1,10
4083,18,4,18
4084,18,14,17
4085,18,2,9
4086,18,14,17
4087,18,1,10
4088,18,8,16
4089,18,10,2
4090,18,4,18
4091,18,2,9
4092,18,17,12
4093,18,0,19
4094,18,14,17
4095,18,14,17
4096,18,4,18
4097,18,2,9
4098,18,3,7
4099,18,9,11
4100,18,2,9
4101,18,13,14
4102,18,1,10
4103,18,10,2
4104,18,1,10
4105,18,14,17
4106,18,1,10
4107,18,14,17
4108,18,1,10
4109,18,6,4
4110,18,14,17
4111,18,1,10
4112,18,2,9
4113,18,8,16
4114,18,4,18
4115,18,5,13
4116,18,3,7
4117,18,0,19
4118,18,6,4
4119,18,14,17
4120,18,14,17
4121,18,4,18
4122,18,4,18
4123,18,1,10
4124,18,1,10
4125,18,10,2
4126,18,4,18
4127,18,10,2
4128,18,6,4
4129,18,8,16
4130,18,4,18
4131,18,4,18
4132,18,10,2
4133,18,4,18
4134,18,1,10
4135,18,13,14
4136,18,5,13
4137,18,1,10
4138,18,10,2
4139,18,13,14
4140,18,1,10
4141,18,2,9
4142,18,10,2
4143,18,14,17
4144,18,14,17
4145,18,2,9
4146,18,2,9
4147,18,3,7
4148,18,14,17
4149,18,3,7
4150,18,5,13
4151,18,4,18
4152,18,1,10
4153,18,10,2
4154,18,1,10
4155,18,14,17
4156,18,4,18
4157,18,13,14
4158,18,11,6
4159,18,4,18
4160,18,1,10
4161,18,8,16
4162,18,1,10
4163,18,1,10
4164,18,4,18
4165,18,1,10
4166,18,1,10
4167,18,1,10
4168,18,4,18
4169,18,4,18
4170,18,17,12
4171,18,4,18
4172,18,13,14
4173,18,14,17
4174,18,11,6
4175,18,3,7
4176,18,1,10
4177,18,14,17
4178,18,14,17
4179,18,9,11
4180,18,4,18
4181,18,14,17
4182,18,14,17
4183,18,2,9
4184,18,10,2
4185,18,5,13
4186,18,13,14
4187,18,14,17
4188,18,5,13
4189,18,8,16
4190,18,14,17
4191,18,13,14
4192,18,11,6
4193,18,1,10
4194,18,4,18
4195,18,0,19
4196,18,14,17
4197,18,3,7
4198,18,1,10
4199,18,2,9
4200,18,2,9
4201,18,2,9
4202,18,3,7
4203,18,8,16
4204,18,11,6
4205,18,13,14
4206,18,3,7
4207,18,4,18
4208,18,10,2
4209,18,1,10
4210,18,4,18
4211,18,6,4
4212,18,4,18
4213,18,14,17
4214,18,0,19
4215,18,3,7
4216,18,14,17
4217,18,10,2
4218,18,5,13
4219,18,12,1
4220,18,1,10
4221,18,4,18
4222,18,15,15
4223,18,14,17
4224,18,6,4
4225,18,13,14
4226,18,5,13
4227,18,8,16
4228,18,10,2
4229,18,4,18
4230,18,4,18
4231,18,3,7
4232,18,2,9
4233,18,2,9
4234,18,14,17
4235,18,0,19
4236,18,15,15
4237,18,4,18
4238,18,11,6
4239,18,9,11
4240,18,5,13
4241,18,1,10
4242,18,2,9
4243,18,8,16
4244,18,3,7
4245,18,0,19
4246,18,5,13
4247,18,1,10
4248,18,3,7
4249,18,14,17
4250,18,5,13
4251,18,2,9
4252,18,2,9
4253,18,11,6
4254,18,6,4
4255,18,1,10
4256,18,10,2
4257,18,6,4
4258,18,12,1
4259,18,2,9
4260,18,2,9
4261,18,4,18
4262,18,1,10
4263,18,8,16
4264,18,1,10
4265,18,4,18
4266,18,8,16
4267,18,1,10
4268,18,2,9
4269,18,9,11
4270,18,3,7
4271,18,1,10
4272,18,1,10
4273,18,2,9
4274,18,3,7
4275,18,1,10
4276,18,1,10
4277,18,1,10
4278,18,10,2
4279,18,14,17
4280,18,13,14
4281,18,14,17
4282,18,6,4
4283,18,11,6
4284,18,1,10
4285,18,5,13
4286,18,14,17
4287,18,1,10
4288,18,2,9
4289,18,14,17
4290,18,1,10
4291,18,1,10
4292,18,4,18
4293,18,4,18
4294,18,4,18
4295,18,2,9
4296,18,3,7
4297,18,8,16
4298,18,9,11
4299,18,14,17
4300,18,8,16
4301,18,11,6
4302,18,13,14
4303,18,9,11
4304,18,3,7
4305,18,6,4
4306,18,10,2
4307,18,8,16
4308,18,14,17
4309,18,1,10
4310,18,14,17
4311,18,1,10
4312,18,14,17
4313,18,14,17
4314,18,10,2
4315,18,3,7
4316,18,8,16
4317,18,1,10
4318,18,14,17
4319,18,1,10
4320,18,4,18
4321,18,4,18
4322,18,1,10
4323,18,3,7
4324,18,14,17
4325,18,0,19
4326,18,9,11
4327,18,14,17
4328,18,1,10
4329,18,1,10
4330,18,3,7
4331,18,6,4
4332,18,14,17
4333,18,1,10
4334,18,10,2
4335,18,3,7
4336,18,4,18
4337,18,10,2
4338,18,1,10
4339,18,14,17
4340,18,8,16
4341,18,14,17
4342,18,2,9
4343,18,12,1
4344,18,3,7
4345,18,2,9
4346,18,4,18
4347,18,10,2
4348,18,3,7
4349,18,4,18
4350,18,2,9
4351,18,2,9
4352,18,1,10
4353,18,3,7
4354,18,3,7
4355,18,2,9
4356,18,1,10
4357,18,4,18
4358,18,14,17
4359,18,14,17
4360,18,4,18
4361,18,2,9
4362,18,14,17
4363,18,4,18
4364,18,8,16
4365,18,1,10
4366,18,1,10
4367,18,14,17
4368,18,1,10
4369,18,5,13
4370,18,6,4
4371,18,6,4
4372,18,13,14
4373,18,1,10
4374,18,2,9
4375,18,13,14
4376,18,9,11
4377,18,4,18
4378,18,13,14
4379,18,6,4
4380,18,9,11
4381,18,4,18
4382,18,4,18
4383,18,11,6
4384,18,4,18
4385,18,15,15
4386,18,2,9
4387,18,8,16
4388,18,4,18
4389,18,2,9
4390,18,10,2
4391,18,10,2
4392,18,1,10
4393,18,14,17
4394,18,14,17
4395,18,4,18
4396,18,13,14
4397,18,6,4
4398,18,14,17
4399,18,14,17
4400,18,14,17
4401,18,4,18
4402,18,3,7
4403,18,4,18
4404,18,1,10
4405,18,14,17
4406,18,10,2
4407,18,13,14
4408,18,4,18
4409,18,14,17
4410,18,14,17
4411,18,5,13
4412,18,5,13
4413,18,3,7
4414,18,4,18
4415,18,4,18
4416,18,5,13
4417,18,4,18
4418,18,9,11
4419,18,8,16
4420,18,4,18
4421,18,14,17
4422,18,4,18
4423,18,4,18
4424,18,15,15
4425,18,13,14
4426,18,9,11
4427,18,6,4
4428,18,8,16
4429,18,3,7
4430,18,5,13
4431,18,10,2
4432,18,2,9
4433,18,1,10
4434,18,14,17
4435,18,8,16
4436,18,2,9
4437,18,4,18
4438,18,8,16
4439,18,13,14
4440,18,2,9
4441,18,5,13
4442,18,3,7
4443,18,4,18
4444,18,1,10
4445,18,4,18
4446,18,9,11
4447,18,1,10
4448,18,4,18
4449,18,4,18
4450,18,4,18
4451,18,14,17
4452,18,14,17
4453,18,14,17
4454,18,4,18
4455,18,4,18
4456,18,6,4
4457,18,11,6
4458,18,14,17
4459,18,15,15
4460,18,13,14
4461,18,4,18
4462,18,14,17
4463,18,4,18
4464,18,6,4
4465,18,2,9
4466,18,3,7
4467,18,10,2
4468,18,8,16
4469,18,10,2
4470,18,10,2
4471,18,14,17
4472,18,13,14
4473,18,14,17
4474,18,14,17
4475,18,1,10
4476,18,13,14
4477,18,3,7
4478,18,1,10
4479,18,14,17
4480,18,4,18
4481,18,1,10
4482,18,10,2
4483,18,13,14
4484,18,1,10
4485,18,8,16
4486,18,6,4
4487,18,1,10
4488,18,13,14
4489,18,11,6
4490,18,3,7
4491,18,12,1
4492,18,4,18
4493,18,12,1
4494,18,11,6
4495,18,6,4
4496,18,3,7
4497,18,14,17
4498,18,14,17
4499,18,5,13
4500,18,11,6
4501,18,2,9
4502,18,2,9
4503,18,4,18
4504,18,2,9
4505,18,14,17
4506,18,14,17
4507,18,2,9
4508,18,6,4
4509,18,1,10
4510,18,1,10
4511,18,2,9
4512,18,13,14
4513,18,4,18
4514,18,4,18
4515,18,11,6
4516,18,1,10
4517,18,0,19
4518,18,4,18
4519,18,5,13
4520,18,2,9
4521,18,2,9
4522,18,14,17
4523,18,12,1
4524,18,6,4
4525,18,2,9
4526,18,14,17
4527,18,1,10
4528,18,4,18
4529,18,13,14
4530,18,3,7
4531,18,14,17
4532,18,1,10
4533,18,8,16
4534,18,4,18
4535,18,4,18
4536,18,14,17
4537,18,3,7
4538,18,14,17
4539,18,1,10
4540,18,3,7
4541,18,12,1
4542,18,1,10
4543,18,1,10
4544,18,13,14
4545,18,4,18
4546,18,8,16
4547,18,4,18
4548,18,1,10
4549,18,2,9
4550,18,14,17
4551,18,6,4
4552,18,1,10
4553,18,0,19
4554,18,8,16
4555,18,14,17
4556,18,1,10
4557,18,10,2
4558,18,8,16
4559,18,1,10
4560,18,11,6
4561,18,2,9
4562,18,5,13
4563,18,10,2
4564,18,9,11
4565,18,1,10
4566,18,1,10
4567,18,4,18
4568,18,8,16
4569,18,8,16
4570,18,6,4
4571,18,14,17
4572,18,14,17
4573,18,2,9
4574,18,1,10
4575,18,6,4
4576,18,5,13
4577,18,10,2
4578,18,8,16
4579,18,1,10
4580,18,14,17
4581,18,14,17
4582,18,1,10
4583,18,8,16
4584,18,17,12
4585,18,4,18
4586,18,1,10
4587,18,14,17
4588,18,4,18
4589,18,11,6
4590,18,6,4
4591,18,2,9
4592,18,13,14
4593,18,4,18
4594,18,13,14
4595,18,12,1
4596,18,13,14
4597,18,8,16
4598,18,1,10
4599,18,13,14
4600,18,11,6
4601,18,1,10
4602,18,4,18
4603,18,2,9
4604,18,1,10
4605,18,10,2
4606,18,13,14
4607,18,6,4
4608,18,15,15
4609,18,2,9
4610,18,1,10
4611,18,3,7
4612,18,4,18
4613,18,14,17
4614,18,1,10
4615,18,4,18
4616,18,14,17
4617,18,2,9
4618,18,9,11
4619,18,8,16
4620,18,14,17
4621,18,1,10
4622,18,2,9
4623,18,0,19
4624,18,13,14
4625,18,1,10
4626,18,14,17
4627,18,11,6
4628,18,4,18
4629,18,5,13
4630,18,11,6
4631,18,14,17
4632,18,3,7
4633,18,1,10
4634,18,15,15
4635,18,14,17
4636,18,2,9
4637,18,0,19
4638,18,4,18
4639,18,2,9
4640,18,2,9
4641,18,8,16
4642,18,1,10
4643,18,8,16
4644,18,10,2
4645,18,5,13
4646,18,14,17
4647,18,2,9
4648,18,15,15
4649,18,13,14
4650,18,14,17
4651,18,6,4
4652,18,4,18
4653,18,1,10
4654,18,9,11
4655,18,1,10
4656,18,1,10
4657,18,4,18
4658,18,13,14
4659,18,10,2
4660,18,1,10
4661,18,14,17
4662,18,14,17
4663,18,14,17
4664,18,1,10
4665,18,15,15
4666,18,1,10
4667,18,10,2
4668,18,1,10
4669,18,2,9
4670,18,13,14
4671,18,1,10
4672,18,2,9
4673,18,2,9
4674,18,14,17
4675,18,0,19
4676,18,9,11
4677,18,4,18
4678,18,1,10
4679,18,10,2
4680,18,14,17
4681,18,1,10
4682,18,0,19
4683,18,6,4
4684,18,4,18
4685,18,13,14
4686,18,1,10
4687,18,14,17
4688,18,3,7
4689,18,13,14
4690,18,9,11
4691,18,8,16
4692,18,2,9
4693,18,13,14
4694,18,2,9
4695,18,4,18
4696,18,2,9
4697,18,5,13
4698,18,13,14
4699,18,14,17
4700,18,10,2
4701,18,5,13
4702,18,8,16
4703,18,1,10
4704,18,10,2
4705,18,8,16
4706,18,1,10
4707,18,4,18
4708,18,4,18
4709,18,8,16
4710,18,4,18
4711,18,8,16
4712,18,3,7
4713,18,2,9
4714,18,4,18
4715,18,1,10
4716,18,1,10
4717,18,13,14
4718,18,1,10
4719,18,13,14
4720,18,6,4
4721,18,2,9
4722,18,4,18
4723,18,8,16
4724,18,6,4
4725,18,18,8
4726,18,1,10
4727,18,4,18
4728,18,13,14
4729,18,14,17
4730,18,4,18
4731,18,14,17
4732,18,4,18
4733,18,8,16
4734,18,4,18
4735,18,0,19
4736,18,14,17
4737,18,14,17
4738,18,0,19
4739,18,4,18
4740,18,8,16
4741,18,13,14
4742,18,4,18
4743,18,2,9
4744,18,5,13
4745,18,14,17
4746,18,8,16
4747,18,0,19
4748,18,15,15
4749,18,13,14
4750,18,1,10
4751,18,4,18
4752,18,2,9
4753,18,3,7
4754,18,10,2
4755,18,2,9
4756,18,2,9
4757,18,10,2
4758,18,13,14
4759,18,4,18
4760,18,1,10
4761,18,4,18
4762,18,13,14
4763,18,1,10
4764,18,14,17
4765,18,1,10
4766,18,8,16
4767,18,2,9
4768,18,15,15
4769,18,1,10
4770,18,10,2
4771,18,10,2
4772,18,5,13
4773,18,14,17
4774,18,1,10
4775,18,0,19
4776,18,6,4
4777,18,1,10
4778,18,8,16
4779,18,1,10
4780,18,10,2
4781,18,8,16
4782,18,9,11
4783,18,4,18
4784,18,2,9
4785,18,4,18
4786,18,3,7
4787,18,14,17
4788,18,4,18
4789,18,4,18
4790,18,14,17
4791,18,3,7
4792,18,0,19
4793,18,9,11
4794,18,4,18
4795,18,3,7
4796,18,10,2
4797,18,14,17
4798,18,14,17
4799,18,14,17
4800,18,10,2
4801,18,14,17
4802,18,9,11
4803,18,15,15
4804,18,13,14
4805,18,4,18
4806,18,2,9
4807,18,3,7
4808,18,5,13
4809,18,14,17
4810,18,1,10
4811,18,6,4
4812,18,4,18
4813,18,3,7
4814,18,14,17
4815,18,1,10
4816,18,13,14
4817,18,1,10
4818,18,1,10
4819,18,2,9
4820,18,1,10
4821,18,4,18
4822,18,5,13
4823,18,14,17
4824,18,13,14
4825,18,8,16
4826,18,1,10
4827,18,4,18
4828,18,1,10
4829,18,2,9
4830,18,5,13
4831,18,8,16
4832,18,10,2
4833,18,4,18
4834,18,1,10
4835,18,1,10
4836,18,13,14
4837,18,4,18
4838,18,14,17
4839,18,10,2
4840,18,10,2
4841,18,2,9
4842,18,3,7
4843,18,0,19
4844,18,1,10
4845,18,14,17
4846,18,2,9
4847,18,1,10
4848,18,6,4
4849,18,5,13
4850,18,14,17
4851,18,4,18
4852,18,4,18
4853,18,11,6
4854,18,14,17
4855,18,14,17
4856,18,1,10
4857,18,14,17
4858,18,5,13
4859,18,14,17
4860,18,9,11
4861,18,5,13
4862,18,13,14
4863,18,1,10
4864,18,1,10
4865,18,10,2
4866,18,13,14
4867,18,1,10
4868,18,4,18
4869,18,10,2
4870,18,10,2
4871,18,4,18
4872,18,2,9
4873,18,1,10
4874,18,14,17
4875,18,0,19
4876,18,14,17
4877,18,1,10
4878,18,2,9
4879,18,4,18
4880,18,13,14
4881,18,13,14
4882,18,15,15
4883,18,14,17
4884,18,3,7
4885,18,8,16
4886,18,3,7
4887,18,3,7
4888,18,1,10
4889,18,4,18
4890,18,9,11
4891,18,2,9
4892,18,14,17
4893,18,1,10
4894,18,8,16
4895,18,2,9
4896,18,3,7
4897,18,14,17
4898,18,4,18
4899,18,11,6
4900,18,4,18
4901,18,1,10
4902,18,5,13
4903,18,13,14
4904,18,2,9
4905,18,1,10
4906,18,3,7
4907,18,14,17
4908,18,14,17
4909,18,14,17
4910,18,1,10
4911,18,1,10
4912,18,4,18
4913,18,6,4
4914,18,2,9
4915,18,2,9
4916,18,15,15
4917,18,14,17
4918,18,1,10
4919,18,1,10
4920,18,14,17
4921,18,14,17
4922,18,2,9
4923,18,1,10
4924,18,0,19
4925,18,1,10
4926,18,6,4
4927,18,14,17
4928,18,4,18
4929,18,1,10
4930,18,18,8
4931,18,8,16
4932,18,1,10
4933,18,1,10
4934,18,14,17
4935,18,2,9
4936,18,14,17
4937,18,6,4
4938,18,1,10
4939,18,14,17
4940,18,4,18
4941,18,14,17
4942,18,1,10
4943,18,1,10
4944,18,11,6
4945,18,1,10
4946,18,14,17
4947,18,2,9
4948,18,2,9
4949,18,11,6
4950,18,2,9
4951,18,4,18
4952,18,6,4
4953,18,0,19
4954,18,3,7
4955,18,1,10
4956,18,4,18
4957,18,10,2
4958,18,1,10
4959,18,4,18
4960,18,0,19
4961,18,2,9
4962,18,14,17
4963,18,12,1
4964,18,14,17
4965,18,1,10
4966,18,6,4
4967,18,5,13
4968,18,3,7
4969,18,2,9
4970,18,5,13
4971,18,10,2
4972,18,14,17
4973,18,14,17
4974,18,12,1
4975,18,4,18
4976,18,4,18
4977,18,4,18
4978,18,2,9
4979,18,15,15
4980,18,15,15
4981,18,5,13
4982,18,13,14
4983,18,3,7
4984,18,4,18
4985,18,10,2
4986,18,4,18
4987,18,14,17
4988,18,3,7
4989,18,1,10
4990,18,3,7
4991,18,4,18
4992,18,10,2
4993,18,10,2
4994,18,4,18
4995,18,13,14
4996,18,11,6
4997,18,2,9
4998,18,13,14
4999,18,5,13
5000,18,10,2
5001,18,4,18
5002,18,3,7
5003,18,14,17
5004,18,1,10
5005,18,4,18
5006,18,2,9
5007,18,4,18
5008,18,4,18
5009,18,13,14
5010,18,13,14
5011,18,1,10
5012,18,4,18
5013,18,1,10
5014,18,4,18
5015,18,14,17
5016,18,3,7
5017,18,4,18
5018,18,5,13
5019,18,8,16
5020,18,5,13
5021,18,4,18
5022,18,6,4
5023,18,4,18
5024,18,3,7
5025,18,4,18
5026,18,13,14
5027,18,4,18
5028,18,14,17
5029,18,10,2
5030,18,1,10
5031,18,1,10
5032,18,2,9
5033,18,14,17
5034,18,8,16
5035,18,1,10
5036,18,2,9
5037,18,1,10
5038,18,14,17
5039,18,8,16
5040,18,0,19
5041,18,3,7
5042,18,1,10
5043,18,1,10
5044,18,1,10
5045,18,10,2
5046,18,4,18
5047,18,6,4
5048,18,10,2
5049,18,1,10
5050,18,4,18
5051,18,4,18
5052,18,3,7
5053,18,2,9
5054,18,3,7
5055,18,3,7
5056,18,3,7
5057,18,4,18
5058,18,3,7
5059,18,6,4
5060,18,15,15
5061,18,3,7
5062,18,1,10
5063,18,1,10
5064,18,5,13
5065,18,3,7
5066,18,5,13
5067,18,3,7
5068,18,12,1
5069,18,14,17
5070,18,3,7
5071,18,3,7
5072,18,11,6
5073,18,4,18
5074,18,3,7
5075,18,13,14
5076,18,4,18
5077,18,18,8
5078,18,9,11
5079,18,4,18
5080,18,9,11
5081,18,6,4
5082,18,3,7
5083,18,10,2
5084,18,3,7
5085,18,3,7
5086,18,4,18
5087,18,1,10
5088,18,3,7
5089,18,6,4
5090,18,9,11
5091,18,8,16
5092,18,8,16
5093,18,4,18
5094,18,6,4
5095,18,10,2
5096,18,9,11
5097,18,1,10
5098,18,14,17
5099,18,1,10
5100,18,6,4
5101,18,10,2
5102,18,13,14
5103,18,1,10
5104,18,3,7
5105,18,4,18
5106,18,3,7
5107,18,4,18
5108,18,4,18
5109,18,2,9
5110,18,1,10
5111,18,6,4
5112,18,0,19
5113,18,3,7
5114,18,6,4
5115,18,9,11
5116,18,4,18
5117,18,4,18
5118,18,3,7
5119,18,6,4
5120,18,13,14
5121,18,6,4
5122,18,6,4
5123,18,14,17
5124,18,3,7
5125,18,4,18
5126,18,1,10
5127,18,8,16
5128,18,9,11
5129,18,4,18
5130,18,5,13
5131,18,2,9
5132,18,2,9
5133,18,10,2
5134,18,3,7
5135,18,1,10
5136,18,3,7
5137,18,6,4
5138,18,8,16
5139,18,8,16
5140,18,5,13
5141,18,13,14
5142,18,9,11
5143,18,0,19
5144,18,9,11
5145,18,12,1
5146,18,1,10
5147,18,12,1
5148,18,3,7
5149,18,9,11
5150,18,3,7
5151,18,4,18
5152,18,3,7
5153,18,8,16
5154,18,15,15
5155,18,1,10
5156,18,13,14
5157,18,8,16
5158,18,6,4
5159,18,0,19
5160,18,3,7
5161,18,4,18
5162,18,3,7
5163,18,12,1
5164,18,4,18
5165,18,10,2
5166,18,3,7
5167,18,3,7
5168,18,6,4
5169,18,14,17
5170,18,3,7
5171,18,9,11
5172,18,1,10
5173,18,3,7
5174,18,3,7
5175,18,3,7
5176,18,14,17
5177,18,3,7
5178,18,6,4
5179,18,5,13
5180,18,14,17
5181,18,2,9
5182,18,3,7
5183,18,14,17
5184,18,3,7
5185,18,4,18
5186,18,15,15
5187,18,1,10
5188,18,12,1
5189,18,4,18
5190,18,14,17
5191,18,3,7
5192,18,3,7
5193,18,2,9
5194,18,2,9
5195,18,3,7
5196,18,11,6
5197,18,14,17
5198,18,3,7
5199,18,3,7
5200,18,13,14
5201,18,1,10
5202,18,3,7
5203,18,6,4
5204,18,1,10
5205,18,15,15
5206,18,3,7
5207,18,4,18
5208,18,6,4
5209,18,8,16
5210,18,8,16
5211,18,6,4
5212,18,10,2
5213,18,0,19
5214,18,11,6
5215,18,2,9
5216,18,11,6
5217,18,4,18
5218,18,13,14
5219,18,4,18
5220,18,3,7
5221,18,12,1
5222,18,10,2
5223,18,4,18
5224,18,0,19
5225,18,3,7
5226,18,9,11
5227,18,3,7
5228,18,1,10
5229,18,11,6
5230,18,18,8
5231,18,3,7
5232,18,2,9
5233,18,3,7
5234,18,1,10
5235,18,14,17
5236,18,6,4
5237,18,4,18
5238,18,4,18
5239,18,8,16
5240,18,3,7
5241,18,11,6
5242,18,1,10
5243,18,13,14
5244,18,4,18
5245,18,4,18
5246,18,3,7
5247,18,18,8
5248,18,4,18
5249,18,3,7
5250,18,1,10
5251,18,3,7
5252,18,5,13
5253,18,1,10
5254,18,9,11
5255,18,11,6
5256,18,9,11
5257,18,2,9
5258,18,4,18
5259,18,4,18
5260,18,12,1
5261,18,4,18
5262,18,3,7
5263,18,4,18
5264,18,4,18
5265,18,6,4
5266,18,14,17
5267,18,6,4
5268,18,1,10
5269,18,1,10
5270,18,14,17
5271,18,9,11
5272,18,3,7
5273,18,4,18
5274,18,11,6
5275,18,14,17
5276,18,8,16
5277,18,2,9
5278,18,14,17
5279,18,4,18
5280,18,10,2
5281,18,9,11
5282,18,3,7
5283,18,10,2
5284,18,10,2
5285,18,3,7
5286,18,4,18
5287,18,4,18
5288,18,10,2
5289,18,3,7
5290,18,4,18
5291,18,6,4
5292,18,11,6
5293,18,18,8
5294,18,10,2
5295,18,13,14
5296,18,3,7
5297,18,3,7
5298,18,14,17
5299,18,11,6
5300,18,18,8
5301,18,6,4
5302,18,13,14
5303,18,9,11
5304,18,9,11
5305,18,6,4
5306,18,2,9
5307,18,3,7
5308,18,4,18
5309,18,3,7
5310,18,3,7
5311,18,3,7
5312,18,5,13
5313,18,1,10
5314,18,13,14
5315,18,15,15
5316,18,3,7
5317,18,4,18
5318,18,2,9
5319,18,2,9
5320,18,2,9
5321,18,6,4
5322,18,3,7
5323,18,13,14
5324,18,4,18
5325,18,4,18
5326,18,11,6
5327,18,14,17
5328,18,6,4
5329,18,3,7
5330,18,3,7
5331,18,4,18
5332,18,4,18
5333,18,13,14
5334,18,4,18
5335,18,3,7
5336,18,11,6
5337,18,6,4
5338,18,4,18
5339,18,18,8
5340,18,2,9
5341,18,10,2
5342,18,13,14
5343,18,4,18
5344,18,1,10
5345,18,3,7
5346,18,2,9
5347,18,1,10
5348,18,3,7
5349,18,1,10
5350,18,3,7
5351,18,2,9
5352,18,1,10
5353,18,6,4
5354,18,1,10
5355,18,3,7
5356,18,3,7
5357,18,9,11
5358,18,1,10
5359,18,14,17
5360,18,2,9
5361,18,18,8
5362,18,3,7
5363,18,3,7
5364,18,11,6
5365,18,9,11
5366,18,10,2
5367,18,1,10
5368,18,5,13
5369,18,2,9
5370,18,8,16
5371,18,11,6
5372,18,12,1
5373,18,6,4
5374,18,1,10
5375,18,0,19
5376,18,2,9
5377,18,14,17
5378,18,6,4
5379,18,3,7
5380,18,18,8
5381,18,11,6
5382,18,9,11
5383,18,6,4
5384,18,18,8
5385,18,11,6
5386,18,2,9
5387,18,3,7
5388,18,2,9
5389,18,4,18
5390,18,3,7
5391,18,1,10
5392,18,13,14
5393,18,1,10
5394,18,3,7
5395,18,14,17
5396,18,2,9
5397,18,14,17
5398,18,5,13
5399,18,3,7
5400,18,3,7
5401,18,3,7
5402,18,3,7
5403,18,6,4
5404,18,3,7
5405,18,6,4
5406,18,13,14
5407,18,4,18
5408,18,14,17
5409,18,8,16
5410,18,11,6
5411,18,14,17
5412,18,4,18
5413,18,11,6
5414,18,3,7
5415,18,11,6
5416,18,3,7
5417,18,4,18
5418,18,11,6
5419,18,1,10
5420,18,6,4
5421,18,9,11
5422,18,1,10
5423,18,2,9
5424,18,2,9
5425,18,5,13
5426,18,5,13
5427,18,1,10
5428,18,12,1
5429,18,14,17
5430,18,14,17
5431,18,3,7
5432,18,10,2
5433,18,6,4
5434,18,3,7
5435,18,6,4
5436,18,11,6
5437,18,6,4
5438,18,2,9
5439,18,13,14
5440,18,1,10
5441,18,13,14
5442,18,3,7
5443,18,6,4
5444,18,14,17
5445,18,14,17
5446,18,11,6
5447,18,0,19
5448,18,4,18
5449,18,4,18
5450,18,18,8
5451,18,10,2
5452,18,3,7
5453,18,14,17
5454,18,11,6
5455,18,11,6
5456,18,3,7
5457,18,14,17
5458,18,6,4
5459,18,14,17
5460,18,3,7
5461,18,5,13
5462,18,2,9
5463,18,2,9
5464,18,4,18
5465,18,4,18
5466,18,2,9
5467,18,2,9
5468,18,14,17
5469,18,2,9
5470,18,3,7
5471,18,2,9
5472,18,12,1
5473,18,4,18
5474,18,18,8
5475,18,5,13
5476,18,4,18
5477,18,6,4
5478,18,6,4
5479,18,18,8
5480,18,9,11
5481,18,3,7
5482,18,6,4
5483,18,3,7
5484,18,4,18
5485,18,3,7
5486,18,10,2
5487,18,2,9
5488,18,9,11
5489,18,2,9
5490,18,3,7
5491,18,10,2
5492,18,12,1
5493,18,6,4
5494,18,3,7
5495,18,3,7
5496,18,3,7
5497,18,3,7
5498,18,3,7
5499,18,10,2
5500,18,9,11
5501,18,3,7
5502,18,0,19
5503,18,3,7
5504,18,1,10
5505,18,1,10
5506,18,3,7
5507,18,2,9
5508,18,9,11
5509,18,14,17
5510,18,0,19
5511,18,1,10
5512,18,1,10
5513,18,1,10
5514,18,3,7
5515,18,15,15
5516,18,3,7
5517,18,3,7
5518,18,3,7
5519,18,1,10
5520,18,1,10
5521,18,6,4
5522,18,0,19
5523,18,4,18
5524,18,3,7
5525,18,14,17
5526,18,6,4
5527,18,0,19
5528,18,6,4
5529,18,4,18
5530,18,14,17
5531,18,4,18
5532,18,4,18
5533,18,6,4
5534,18,10,2
5535,18,4,18
5536,18,18,8
5537,18,11,6
5538,18,1,10
5539,18,3,7
5540,18,3,7
5541,18,11,6
5542,18,3,7
5543,18,3,7
5544,18,5,13
5545,18,2,9
5546,18,8,16
5547,18,17,12
5548,18,10,2
5549,18,3,7
5550,18,1,10
5551,18,14,17
5552,18,2,9
5553,18,4,18
5554,18,9,11
5555,18,3,7
5556,18,10,2
5557,18,11,6
5558,18,2,9
5559,18,8,16
5560,18,11,6
5561,18,3,7
5562,18,2,9
5563,18,9,11
5564,18,15,15
5565,18,4,18
5566,18,0,19
5567,18,3,7
5568,18,6,4
5569,18,3,7
5570,18,12,1
5571,18,11,6
5572,18,13,14
5573,18,4,18
5574,18,9,11
5575,18,4,18
5576,18,1,10
5577,18,6,4
5578,18,3,7
5579,18,9,11
5580,18,12,1
5581,18,6,4
5582,18,1,10
5583,18,2,9
5584,18,4,18
5585,18,4,18
5586,18,4,18
5587,18,1,10
5588,18,12,1
5589,18,18,8
5590,18,18,8
5591,18,0,19
5592,18,1,10
5593,18,3,7
5594,18,13,14
5595,18,4,18
5596,18,11,6
5597,18,4,18
5598,18,11,6
5599,18,1,10
5600,18,11,6
5601,18,11,6
5602,18,8,16
5603,18,8,16
5604,18,9,11
5605,18,11,6
5606,18,6,4
5607,18,6,4
5608,18,10,2
5609,18,2,9
5610,18,3,7
5611,18,8,16
5612,18,4,18
5613,18,6,4
5614,18,6,4
5615,18,8,16
5616,18,11,6
5617,18,6,4
5618,18,3,7
5619,18,6,4
5620,18,9,11
5621,18,3,7
5622,18,13,14
5623,18,3,7
5624,18,14,17
5625,18,9,11
5626,18,6,4
5627,18,11,6
5628,18,4,18
5629,18,3,7
5630,18,2,9
5631,18,10,2
5632,18,6,4
5633,18,3,7
5634,18,3,7
5635,18,12,1
5636,18,4,18
5637,18,14,17
5638,18,13,14
5639,18,14,17
5640,18,1,10
5641,18,3,7
5642,18,15,15
5643,18,5,13
5644,18,13,14
5645,18,6,4
5646,18,0,19
5647,18,14,17
5648,18,3,7
5649,18,6,4
5650,18,9,11
5651,18,1,10
5652,18,0,19
5653,18,6,4
5654,18,3,7
5655,18,11,6
5656,18,11,6
5657,18,18,8
5658,18,1,10
5659,18,15,15
5660,18,0,19
5661,18,3,7
5662,18,6,4
5663,18,6,4
5664,18,14,17
5665,18,1,10
5666,18,4,18
5667,18,18,8
5668,18,6,4
5669,18,3,7
5670,18,1,10
5671,18,1,10
5672,18,3,7
5673,18,4,18
5674,18,4,18
5675,18,8,16
5676,18,4,18
5677,18,11,6
5678,18,9,11
5679,18,1,10
5680,18,3,7
5681,18,1,10
5682,18,1,10
5683,18,11,6
5684,18,14,17
5685,18,15,15
5686,18,2,9
5687,18,8,16
5688,18,5,13
5689,18,0,19
5690,18,0,19
5691,18,4,18
5692,18,14,17
5693,18,14,17
5694,18,15,15
5695,18,14,17
5696,18,6,4
5697,18,3,7
5698,18,4,18
5699,18,9,11
5700,18,5,13
5701,18,9,11
5702,18,11,6
5703,18,12,1
5704,18,4,18
5705,18,18,8
5706,18,18,8
5707,18,14,17
5708,18,3,7
5709,18,0,19
5710,18,6,4
5711,18,1,10
5712,18,9,11
5713,18,3,7
5714,18,14,17
5715,18,3,7
5716,18,4,18
5717,18,4,18
5718,18,9,11
5719,18,10,2
5720,18,2,9
5721,18,6,4
5722,18,3,7
5723,18,9,11
5724,18,5,13
5725,18,4,18
5726,18,3,7
5727,18,6,4
5728,18,9,11
5729,18,5,13
5730,18,3,7
5731,18,14,17
5732,18,5,13
5733,18,3,7
5734,18,5,13
5735,18,6,4
5736,18,5,13
5737,18,15,15
5738,18,13,14
5739,18,6,4
5740,18,6,4
5741,18,1,10
5742,18,9,11
5743,18,4,18
5744,18,3,7
5745,18,4,18
5746,18,3,7
5747,18,2,9
5748,18,2,9
5749,18,2,9
5750,18,4,18
5751,18,11,6
5752,18,2,9
5753,18,9,11
5754,18,15,15
5755,18,4,18
5756,18,3,7
5757,18,10,2
5758,18,14,17
5759,18,14,17
5760,18,13,14
5761,18,4,18
5762,18,12,1
5763,18,6,4
5764,18,5,13
5765,18,4,18
5766,18,4,18
5767,18,3,7
5768,18,0,19
5769,18,3,7
5770,18,3,7
5771,18,11,6
5772,18,6,4
5773,18,9,11
5774,18,1,10
5775,18,8,16
5776,18,1,10
5777,18,9,11
5778,18,11,6
5779,18,2,9
5780,18,11,6
5781,18,2,9
5782,18,2,9
5783,18,9,11
5784,18,12,1
5785,18,3,7
5786,18,4,18
5787,18,4,18
5788,18,3,7
5789,18,1,10
5790,18,6,4
5791,18,3,7
5792,18,9,11
5793,18,3,7
5794,18,6,4
5795,18,4,18
5796,18,9,11
5797,18,18,8
5798,18,8,16
5799,18,4,18
5800,18,14,17
5801,18,6,4
5802,18,6,4
5803,18,11,6
5804,18,1,10
5805,18,14,17
5806,18,11,6
5807,18,11,6
5808,18,13,14
5809,18,5,13
5810,18,15,15
5811,18,1,10
5812,18,15,15
5813,18,4,18
5814,18,2,9
5815,18,8,16
5816,18,2,9
5817,18,12,1
5818,18,14,17
5819,18,0,19
5820,18,18,8
5821,18,4,18
5822,18,18,8
5823,18,2,9
5824,18,3,7
5825,18,3,7
5826,18,0,19
5827,18,13,14
5828,18,3,7
5829,18,14,17
5830,18,9,11
5831,18,14,17
5832,18,3,7
5833,18,9,11
5834,18,4,18
5835,18,15,15
5836,18,10,2
5837,18,11,6
5838,18,14,17
5839,18,3,7
5840,18,2,9
5841,18,1,10
5842,18,14,17
5843,18,11,6
5844,18,9,11
5845,18,3,7
5846,18,11,6
5847,18,9,11
5848,18,3,7
5849,18,1,10
5850,18,3,7
5851,18,3,7
5852,18,3,7
5853,18,6,4
5854,18,4,18
5855,18,3,7
5856,18,3,7
5857,18,3,7
5858,18,14,17
5859,18,2,9
5860,18,2,9
5861,18,11,6
5862,18,14,17
5863,18,4,18
5864,18,10,2
5865,18,11,6
5866,18,6,4
5867,18,3,7
5868,18,13,14
5869,18,3,7
5870,18,15,15
5871,18,2,9
5872,18,14,17
5873,18,8,16
5874,18,13,14
5875,18,14,17
5876,18,14,17
5877,18,18,8
5878,18,8,16
5879,18,3,7
5880,18,6,4
5881,18,6,4
5882,18,14,17
5883,18,15,15
5884,18,3,7
5885,18,14,17
5886,18,4,18
5887,18,5,13
5888,18,1,10
5889,18,6,4
5890,18,3,7
5891,18,4,18
5892,18,4,18
5893,18,14,17
5894,18,11,6
5895,18,14,17
5896,18,14,17
5897,18,14,17
5898,18,9,11
5899,18,11,6
5900,18,14,17
5901,18,2,9
5902,18,13,14
5903,18,1,10
5904,18,6,4
5905,18,1,10
5906,18,10,2
5907,18,9,11
5908,18,15,15
5909,18,6,4
5910,18,8,16
5911,18,4,18
5912,18,4,18
5913,18,3,7
5914,18,6,4
5915,18,1,10
5916,18,3,7
5917,18,8,16
5918,18,14,17
5919,18,18,8
5920,18,8,16
5921,18,18,8
5922,18,5,13
5923,18,3,7
5924,18,6,4
5925,18,10,2
5926,18,3,7
5927,18,13,14
5928,18,9,11
5929,18,4,18
5930,18,11,6
5931,18,3,7
5932,18,13,14
5933,18,10,2
5934,18,11,6
5935,18,3,7
5936,18,6,4
5937,18,8,16
5938,18,5,13
5939,18,9,11
5940,18,2,9
5941,18,14,17
5942,18,3,7
5943,18,15,15
5944,18,1,10
5945,18,3,7
5946,18,3,7
5947,18,2,9
5948,18,6,4
5949,18,4,18
5950,18,4,18
5951,18,3,7
5952,18,0,19
5953,18,8,16
5954,18,2,9
5955,18,15,15
5956,18,3,7
5957,18,6,4
5958,18,12,1
5959,18,2,9
5960,18,2,9
5961,18,1,10
5962,18,3,7
5963,18,6,4
5964,18,6,4
5965,18,3,7
5966,18,3,7
5967,18,2,9
5968,18,4,18
5969,18,13,14
5970,18,11,6
5971,18,4,18
5972,18,2,9
5973,18,3,7
5974,18,3,7
5975,18,4,18
5976,18,2,9
5977,18,3,7
5978,18,1,10
5979,18,10,2
5980,18,10,2
5981,18,10,2
5982,18,10,2
5983,18,10,2
5984,18,4,18
5985,18,15,15
5986,18,2,9
5987,18,1,10
5988,18,11,6
5989,18,14,17
5990,18,4,18
5991,18,6,4
5992,18,10,2
5993,18,10,2
5994,18,2,9
5995,18,3,7
5996,18,11,6
5997,18,2,9
5998,18,6,4
5999,18,2,9
6000,18,18,8
6001,18,13,14
6002,18,1,10
6003,18,12,1
6004,18,3,7
6005,18,2,9
6006,18,4,18
6007,18,4,18
6008,18,11,6
6009,18,3,7
6010,18,1,10
6011,18,8,16
6012,18,11,6
6013,18,11,6
6014,18,1,10
6015,18,0,19
6016,18,9,11
6017,18,1,10
6018,18,1,10
6019,18,1,10
6020,18,3,7
6021,18,4,18
6022,18,10,2
6023,18,11,6
6024,18,4,18
6025,18,3,7
6026,18,3,7
6027,18,4,18
6028,18,12,1
6029,18,4,18
6030,18,1,10
6031,18,0,19
6032,18,6,4
6033,18,0,19
6034,18,8,16
6035,18,9,11
6036,18,9,11
6037,18,9,11
6038,18,2,9
6039,18,4,18
6040,18,11,6
6041,18,14,17
6042,18,3,7
6043,18,4,18
6044,18,3,7
6045,18,4,18
6046,18,2,9
6047,18,18,8
6048,18,9,11
6049,18,2,9
6050,18,1,10
6051,18,1,10
6052,18,4,18
6053,18,11,6
6054,18,1,10
6055,18,10,2
6056,18,2,9
6057,18,6,4
6058,18,4,18
6059,18,9,11
6060,18,6,4
6061,18,3,7
6062,18,4,18
6063,18,13,14
6064,18,4,18
6065,18,4,18
6066,18,14,17
6067,18,1,10
6068,18,3,7
6069,18,3,7
6070,18,4,18
6071,18,0,19
6072,18,12,1
6073,18,2,9
6074,18,1,10
6075,18,15,15
6076,18,14,17
6077,18,14,17
6078,18,11,6
6079,18,10,2
6080,18,2,9
6081,18,14,17
6082,18,9,11
6083,18,14,17
6084,18,1,10
6085,18,6,4
6086,18,4,18
6087,18,12,1
6088,18,4,18
6089,18,3,7
6090,18,1,10
6091,18,6,4
6092,18,6,4
6093,18,4,18
6094,18,1,10
6095,18,3,7
6096,18,15,15
6097,18,4,18
6098,18,10,2
6099,18,4,18
6100,18,2,9
6101,18,8,16
6102,18,10,2
6103,18,4,18
6104,18,3,7
6105,18,18,8
6106,18,6,4
6107,18,4,18
6108,18,3,7
6109,18,18,8
6110,18,9,11
6111,18,4,18
6112,18,1,10
6113,18,15,15
6114,18,11,6
6115,18,10,2
6116,18,1,10
6117,18,3,7
6118,18,3,7
6119,18,14,17
6120,18,11,6
6121,18,18,8
6122,18,8,16
6123,18,6,4
6124,18,14,17
6125,18,6,4
6126,18,3,7
6127,18,5,13
6128,18,13,14
6129,18,3,7
6130,18,6,4
6131,18,3,7
6132,18,11,6
6133,18,15,15
6134,18,9,11
6135,18,11,6
6136,18,9,11
6137,18,8,16
6138,18,3,7
6139,18,4,18
6140,18,9,11
6141,18,1,10
6142,18,15,15
6143,18,2,9
6144,18,8,16
6145,18,3,7
6146,18,1,10
6147,18,11,6
6148,18,10,2
6149,18,14,17
6150,18,10,2
6151,18,10,2
6152,18,6,4
6153,18,3,7
6154,18,3,7
6155,18,0,19
6156,18,9,11
6157,18,14,17
6158,18,1,10
6159,18,2,9
6160,18,2,9
6161,18,9,11
6162,18,1,10
6163,18,3,7
6164,18,5,13
6165,18,10,2
6166,18,3,7
6167,18,8,16
6168,18,14,17
6169,18,1,10
6170,18,11,6
6171,18,4,18
6172,18,2,9
6173,18,3,7
6174,18,4,18
6175,18,3,7
6176,18,11,6
6177,18,9,11
6178,18,14,17
6179,18,3,7
6180,18,15,15
6181,18,2,9
6182,18,3,7
6183,18,5,13
6184,18,14,17
6185,18,6,4
6186,18,10,2
6187,18,15,15
6188,18,3,7
6189,18,13,14
6190,18,14,17
6191,18,11,6
6192,18,2,9
6193,18,18,8
6194,18,1,10
6195,18,12,1
6196,18,8,16
6197,18,8,16
6198,18,2,9
6199,18,3,7
6200,18,8,16
6201,18,6,4
6202,18,6,4
6203,18,6,4
6204,18,4,18
6205,18,4,18
6206,18,4,18
6207,18,1,10
6208,18,4,18
6209,18,1,10
6210,18,13,14
6211,18,1,10
6212,18,15,15
6213,18,3,7
6214,18,14,17
6215,18,14,17
6216,18,1,10
6217,18,3,7
6218,18,14,17
6219,18,9,11
6220,18,6,4
6221,18,5,13
6222,18,4,18
6223,18,13,14
6224,18,13,14
6225,18,11,6
6226,18,3,7
6227,18,5,13
6228,18,5,13
6229,18,13,14
6230,18,3,7
6231,18,3,7
6232,18,14,17
6233,18,2,9
6234,18,12,1
6235,18,13,14
6236,18,18,8
6237,18,13,14
6238,18,9,11
6239,18,3,7
6240,18,8,16
6241,18,2,9
6242,18,4,18
6243,18,4,18
6244,18,4,18
6245,18,10,2
6246,18,18,8
6247,18,6,4
6248,18,4,18
6249,18,3,7
6250,18,3,7
6251,18,1,10
6252,18,11,6
6253,18,4,18
6254,18,8,16
6255,18,4,18
6256,18,15,15
6257,18,9,11
6258,18,13,14
6259,18,12,1
6260,18,3,7
6261,18,4,18
6262,18,6,4
6263,18,8,16
6264,18,6,4
6265,18,2,9
6266,18,9,11
6267,18,3,7
6268,18,4,18
6269,18,2,9
6270,18,6,4
6271,18,14,17
6272,18,4,18
6273,18,13,14
6274,18,1,10
6275,18,6,4
6276,18,8,16
6277,18,3,7
6278,18,6,4
6279,18,3,7
6280,18,3,7
6281,18,18,8
6282,18,12,1
6283,18,2,9
6284,18,5,13
6285,18,9,11
6286,18,13,14
6287,18,1,10
6288,18,3,7
6289,18,3,7
6290,18,13,14
6291,18,12,1
6292,18,4,18
6293,18,13,14
6294,18,6,4
6295,18,13,14
6296,18,13,14
6297,18,13,14
6298,18,9,11
6299,18,2,9
6300,18,1,10
6301,18,5,13
6302,18,3,7
6303,18,11,6
6304,18,9,11
6305,18,14,17
6306,18,6,4
6307,18,1,10
6308,18,1,10
6309,18,3,7
6310,18,4,18
6311,18,13,14
6312,18,3,7
6313,18,3,7
6314,18,1,10
6315,18,1,10
6316,18,4,18
6317,18,12,1
6318,18,4,18
6319,18,4,18
6320,18,4,18
6321,18,6,4
6322,18,6,4
6323,18,4,18
6324,18,11,6
6325,18,3,7
6326,18,10,2
6327,18,3,7
6328,18,9,11
6329,18,2,9
6330,18,3,7
6331,18,3,7
6332,18,14,17
6333,18,4,18
6334,18,14,17
6335,18,4,18
6336,18,4,18
6337,18,0,19
6338,18,0,19
6339,18,12,1
6340,18,1,10
6341,18,1,10
6342,18,9,11
6343,18,15,15
6344,18,12,1
6345,18,3,7
6346,18,3,7
6347,18,6,4
6348,18,6,4
6349,18,10,2
6350,18,0,19
6351,18,1,10
6352,18,3,7
6353,18,1,10
6354,18,4,18
6355,18,6,4
6356,18,4,18
6357,18,3,7
6358,18,11,6
6359,18,3,7
6360,18,6,4
6361,18,0,19
6362,18,4,18
6363,18,10,2
6364,18,3,7
6365,18,3,7
6366,18,4,18
6367,18,1,10
6368,18,4,18
6369,18,11,6
6370,18,1,10
6371,18,3,7
6372,18,3,7
6373,18,8,16
6374,18,4,18
6375,18,12,1
6376,18,4,18
6377,18,11,6
6378,18,11,6
6379,18,5,13
6380,18,5,13
6381,18,18,8
6382,18,3,7
6383,18,14,17
6384,18,8,16
6385,18,5,13
6386,18,14,17
6387,18,1,10
6388,18,1,10
6389,18,2,9
6390,18,15,15
6391,18,1,10
6392,18,4,18
6393,18,6,4
6394,18,6,4
6395,18,3,7
6396,18,13,14
6397,18,4,18
6398,18,14,17
6399,18,1,10
6400,18,10,2
6401,18,0,19
6402,18,9,11
6403,18,15,15
6404,18,3,7
6405,18,14,17
6406,18,3,7
6407,18,0,19
6408,18,4,18
6409,18,3,7
6410,18,4,18
6411,18,4,18
6412,18,14,17
6413,18,5,13
6414,18,4,18
6415,18,3,7
6416,18,0,19
6417,18,1,10
6418,18,1,10
6419,18,0,19
6420,18,2,9
6421,18,1,10
6422,18,3,7
6423,18,1,10
6424,18,3,7
6425,18,4,18
6426,18,1,10
6427,18,14,17
6428,18,1,10
6429,18,4,18
6430,18,6,4
6431,18,9,11
6432,18,3,7
6433,18,12,1
6434,18,13,14
6435,18,6,4
6436,18,15,15
6437,18,11,6
6438,18,6,4
6439,18,3,7
6440,18,4,18
6441,18,12,1
6442,18,14,17
6443,18,5,13
6444,18,0,19
6445,18,0,19
6446,18,13,14
6447,18,3,7
6448,18,1,10
6449,18,1,10
6450,18,6,4
6451,18,3,7
6452,18,3,7
6453,18,3,7
6454,18,6,4
6455,18,14,17
6456,18,3,7
6457,18,3,7
6458,18,4,18
6459,18,5,13
6460,18,13,14
6461,18,14,17
6462,18,4,18
6463,18,13,14
6464,18,3,7
6465,18,8,16
6466,18,9,11
6467,18,9,11
6468,18,10,2
6469,18,1,10
6470,18,11,6
6471,18,4,18
6472,18,13,14
6473,18,9,11
6474,18,4,18
6475,18,9,11
6476,18,14,17
6477,18,11,6
6478,18,14,17
6479,18,11,6
6480,18,2,9
6481,18,4,18
6482,18,1,10
6483,18,13,14
6484,18,4,18
6485,18,6,4
6486,18,3,7
6487,18,2,9
6488,18,4,18
6489,18,15,15
6490,18,10,2
6491,18,13,14
6492,18,4,18
6493,18,5,13
6494,18,11,6
6495,18,4,18
6496,18,13,14
6497,18,3,7
6498,18,13,14
6499,18,3,7
6500,18,3,7
6501,18,1,10
6502,18,4,18
6503,18,4,18
6504,18,13,14
6505,18,3,7
6506,18,3,7
6507,18,1,10
6508,18,4,18
6509,18,1,10
6510,18,3,7
6511,18,11,6
6512,18,11,6
6513,18,14,17
6514,18,1,10
6515,18,1,10
6516,18,13,14
6517,18,1,10
6518,18,2,9
6519,18,4,18
6520,18,14,17
6521,18,4,18
6522,18,2,9
6523,18,14,17
6524,18,13,14
6525,18,5,13
6526,18,3,7
6527,18,3,7
6528,18,3,7
6529,18,3,7
6530,18,13,14
6531,18,3,7
6532,18,1,10
6533,18,8,16
6534,18,6,4
6535,18,2,9
6536,18,13,14
6537,18,10,2
6538,18,2,9
6539,18,4,18
6540,18,6,4
6541,18,4,18
6542,18,12,1
6543,18,3,7
6544,18,18,8
6545,18,3,7
6546,18,11,6
6547,18,2,9
6548,18,11,6
6549,18,3,7
6550,18,6,4
6551,18,6,4
6552,18,5,13
6553,18,6,4
6554,18,10,2
6555,18,4,18
6556,18,8,16
6557,18,3,7
6558,18,2,9
6559,18,3,7
6560,18,4,18
6561,18,4,18
6562,18,1,10
6563,18,3,7
6564,18,8,16
6565,18,3,7
6566,18,1,10
6567,18,14,17
6568,18,1,10
6569,18,5,13
6570,18,13,14
6571,18,4,18
6572,18,4,18
6573,18,6,4
6574,18,11,6
6575,18,2,9
6576,18,2,9
6577,18,5,13
6578,18,15,15
6579,18,3,7
6580,18,14,17
6581,18,4,18
6582,18,3,7
6583,18,10,2
6584,18,10,2
6585,18,4,18
6586,18,14,17
6587,18,18,8
6588,18,2,9
6589,18,6,4
6590,18,10,2
6591,18,2,9
6592,18,4,18
6593,18,15,15
6594,18,0,19
6595,18,1,10
6596,18,3,7
6597,18,1,10
6598,18,14,17
6599,18,6,4
6600,18,4,18
6601,18,3,7
6602,18,18,8
6603,18,10,2
6604,18,8,16
6605,18,8,16
6606,18,3,7
6607,18,12,1
6608,18,18,8
6609,18,14,17
6610,18,14,17
6611,18,1,10
6612,18,2,9
6613,18,1,10
6614,18,11,6
6615,18,4,18
6616,18,14,17
6617,18,3,7
6618,18,3,7
6619,18,1,10
6620,18,12,1
6621,18,4,18
6622,18,4,18
6623,18,14,17
6624,18,2,9
6625,18,9,11
6626,18,2,9
6627,18,4,18
6628,18,5,13
6629,18,2,9
6630,18,3,7
6631,18,4,18
6632,18,3,7
6633,18,5,13
6634,18,3,7
6635,18,5,13
6636,18,11,6
6637,18,13,14
6638,18,6,4
6639,18,4,18
6640,18,3,7
6641,18,6,4
6642,18,4,18
6643,18,3,7
6644,18,9,11
6645,18,1,10
6646,18,9,11
6647,18,5,13
6648,18,11,6
6649,18,4,18
6650,18,9,11
6651,18,3,7
6652,18,4,18
6653,18,3,7
6654,18,5,13
6655,18,12,1
6656,18,18,8
6657,18,5,13
6658,18,3,7
6659,18,9,11
6660,18,4,18
6661,18,10,2
6662,18,3,7
6663,18,18,8
6664,18,4,18
6665,18,10,2
6666,18,3,7
6667,18,1,10
6668,18,1,10
6669,18,11,6
6670,18,2,9
6671,18,3,7
6672,18,3,7
6673,18,3,7
6674,18,4,18
6675,18,3,7
6676,18,3,7
6677,18,3,7
6678,18,13,14
6679,18,6,4
6680,18,9,11
6681,18,15,15
6682,18,11,6
6683,18,3,7
6684,18,3,7
6685,18,15,15
6686,18,3,7
6687,18,13,14
6688,18,18,8
6689,18,6,4
6690,18,3,7
6691,18,3,7
6692,18,3,7
6693,18,10,2
6694,18,8,16
6695,18,8,16
6696,18,14,17
6697,18,2,9
6698,18,0,19
6699,18,3,7
6700,18,3,7
6701,18,4,18
6702,18,11,6
6703,18,11,6
6704,18,11,6
6705,18,0,19
6706,18,13,14
6707,18,12,1
6708,18,15,15
6709,18,4,18
6710,18,6,4
6711,18,6,4
6712,18,4,18
6713,18,5,13
6714,18,5,13
6715,18,3,7
6716,18,4,18
6717,18,3,7
6718,18,4,18
6719,18,4,18
6720,18,3,7
6721,18,15,15
6722,18,11,6
6723,18,6,4
6724,18,4,18
6725,18,3,7
6726,18,1,10
6727,18,6,4
6728,18,8,16
6729,18,12,1
6730,18,8,16
6731,18,6,4
6732,18,3,7
6733,18,11,6
6734,18,6,4
6735,18,3,7
6736,18,3,7
6737,18,3,7
6738,18,14,17
6739,18,3,7
6740,18,11,6
6741,18,9,11
6742,18,3,7
6743,18,6,4
6744,18,12,1
6745,18,3,7
6746,18,6,4
6747,18,2,9
6748,18,14,17
6749,18,3,7
6750,18,2,9
6751,18,1,10
6752,18,1,10
6753,18,10,2
6754,18,4,18
6755,18,14,17
6756,18,1,10
6757,18,4,18
6758,18,15,15
6759,18,1,10
6760,18,9,11
6761,18,1,10
6762,18,6,4
6763,18,6,4
6764,18,3,7
6765,18,13,14
6766,18,11,6
6767,18,2,9
6768,18,4,18
6769,18,10,2
6770,18,9,11
6771,18,8,16
6772,18,4,18
6773,18,9,11
6774,18,3,7
6775,18,4,18
6776,18,9,11
6777,18,14,17
6778,18,14,17
6779,18,13,14
6780,18,2,9
6781,18,5,13
6782,18,4,18
6783,18,3,7
6784,18,0,19
6785,18,8,16
6786,18,8,16
6787,18,4,18
6788,18,8,16
6789,18,14,17
6790,18,2,9
6791,18,6,4
6792,18,6,4
6793,18,11,6
6794,18,3,7
6795,18,3,7
6796,18,1,10
6797,18,13,14
6798,18,5,13
6799,18,13,14
6800,18,3,7
6801,18,6,4
6802,18,11,6
6803,18,14,17
6804,18,3,7
6805,18,2,9
6806,18,3,7
6807,18,3,7
6808,18,4,18
6809,18,2,9
6810,18,1,10
6811,18,6,4
6812,18,3,7
6813,18,4,18
6814,18,5,13
6815,18,8,16
6816,18,11,6
6817,18,3,7
6818,18,11,6
6819,18,15,15
6820,18,3,7
6821,18,1,10
6822,18,3,7
6823,18,2,9
6824,18,11,6
6825,18,8,16
6826,18,8,16
6827,18,6,4
6828,18,6,4
6829,18,3,7
6830,18,5,13
6831,18,4,18
6832,18,9,11
6833,18,18,8
6834,18,8,16
6835,18,13,14
6836,18,3,7
6837,18,3,7
6838,18,2,9
6839,18,6,4
6840,18,9,11
6841,18,8,16
6842,18,5,13
6843,18,13,14
6844,18,14,17
6845,18,11,6
6846,18,0,19
6847,18,6,4
6848,18,4,18
6849,18,14,17
6850,18,14,17
6851,18,14,17
6852,18,4,18
6853,18,6,4
6854,18,11,6
6855,18,3,7
6856,18,6,4
6857,18,4,18
6858,18,6,4
6859,18,14,17
6860,18,14,17
6861,18,6,4
6862,18,2,9
6863,18,14,17
6864,18,1,10
6865,18,10,2
6866,18,4,18
6867,18,3,7
6868,18,14,17
6869,18,9,11
6870,18,6,4
6871,18,2,9
6872,18,10,2
6873,18,14,17
6874,18,6,4
6875,18,14,17
6876,18,1,10
6877,18,3,7
6878,18,9,11
6879,18,2,9
6880,18,11,6
6881,18,13,14
6882,18,1,10
6883,18,11,6
6884,18,4,18
6885,18,4,18
6886,18,1,10
6887,18,2,9
6888,18,9,11
6889,18,1,10
6890,18,3,7
6891,18,8,16
6892,18,13,14
6893,18,3,7
6894,18,9,11
6895,18,10,2
6896,18,15,15
6897,18,13,14
6898,18,3,7
6899,18,10,2
6900,18,2,9
6901,18,11,6
6902,18,8,16
6903,18,4,18
6904,18,3,7
6905,18,2,9
6906,18,3,7
6907,18,3,7
6908,18,9,11
6909,18,2,9
6910,18,2,9
6911,18,3,7
6912,18,2,9
6913,18,2,9
6914,18,8,16
6915,18,4,18
6916,18,4,18
6917,18,13,14
6918,18,13,14
6919,18,4,18
6920,18,4,18
6921,18,3,7
6922,18,4,18
6923,18,14,17
6924,18,13,14
6925,18,6,4
6926,18,14,17
6927,18,2,9
6928,18,3,7
6929,18,9,11
6930,18,3,7
6931,18,2,9
6932,18,14,17
6933,18,4,18
6934,18,0,19
6935,18,3,7
6936,18,3,7
6937,18,3,7
6938,18,10,2
6939,18,3,7
6940,18,4,18
6941,18,3,7
6942,18,15,15
6943,18,6,4
6944,18,6,4
6945,18,1,10
6946,18,12,1
6947,18,13,14
6948,18,11,6
6949,18,6,4
6950,18,3,7
6951,18,2,9
6952,18,2,9
6953,18,1,10
6954,18,3,7
6955,18,2,9
6956,18,1,10
6957,18,4,18
6958,18,6,4
6959,18,6,4
6960,18,13,14
6961,18,4,18
6962,18,3,7
6963,18,3,7
6964,18,11,6
6965,18,2,9
6966,18,0,19
6967,18,10,2
6968,18,3,7
6969,18,6,4
6970,18,4,18
6971,18,4,18
6972,18,11,6
6973,18,11,6
6974,18,15,15
6975,18,1,10
6976,18,4,18
6977,18,4,18
6978,18,2,9
6979,18,3,7
6980,18,1,10
6981,18,6,4
6982,18,3,7
6983,18,1,10
6984,18,3,7
6985,18,10,2
6986,18,13,14
6987,18,3,7
6988,18,6,4
6989,18,11,6
6990,18,14,17
6991,18,11,6
6992,18,0,19
6993,18,8,16
6994,18,2,9
6995,18,1,10
6996,18,10,2
6997,18,5,13
6998,18,4,18
6999,18,3,7
7000,18,18,8
7001,18,3,7
7002,18,18,8
7003,18,1,10
7004,18,14,17
7005,18,2,9
7006,18,4,18
7007,18,9,11
7008,18,3,7
7009,18,4,18
7010,18,9,11
7011,18,12,1
7012,18,4,18
7013,18,6,4
7014,18,1,10
7015,18,3,7
7016,18,3,7
7017,18,6,4
7018,18,6,4
7019,18,3,7
7020,18,9,11
7021,18,8,16
7022,18,1,10
7023,18,8,16
7024,18,4,18
7025,18,4,18
7026,18,3,7
7027,18,11,6
7028,18,9,11
7029,18,15,15
7030,18,3,7
7031,18,1,10
7032,18,4,18
7033,18,8,16
7034,18,4,18
7035,18,4,18
7036,18,4,18
7037,18,13,14
7038,18,2,9
7039,18,3,7
7040,18,13,14
7041,18,1,10
7042,18,3,7
7043,18,4,18
7044,18,5,13
7045,18,2,9
7046,18,6,4
7047,18,1,10
7048,18,4,18
7049,18,6,4
7050,18,1,10
7051,18,11,6
7052,18,5,13
7053,18,3,7
7054,18,6,4
7055,18,8,16
7056,18,13,14
7057,18,4,18
7058,18,1,10
7059,18,10,2
7060,18,6,4
7061,18,15,15
7062,18,14,17
7063,18,4,18
7064,18,1,10
7065,18,6,4
7066,18,6,4
7067,18,6,4
7068,18,1,10
7069,18,4,18
7070,18,6,4
7071,18,3,7
7072,18,3,7
7073,18,6,4
7074,18,2,9
7075,18,3,7
7076,18,9,11
7077,18,1,10
7078,18,4,18
7079,18,9,11
7080,18,2,9
7081,18,1,10
7082,18,3,7
7083,18,3,7
7084,18,9,11
7085,18,14,17
7086,18,6,4
7087,18,3,7
7088,18,14,17
7089,18,3,7
7090,18,3,7
7091,18,3,7
7092,18,10,2
7093,18,14,17
7094,18,4,18
7095,18,3,7
7096,18,18,8
7097,18,15,15
7098,18,3,7
7099,18,4,18
7100,18,14,17
7101,18,3,7
7102,18,4,18
7103,18,8,16
7104,18,2,9
7105,18,3,7
7106,18,1,10
7107,18,1,10
7108,18,1,10
7109,18,8,16
7110,18,8,16
7111,18,9,11
7112,18,8,16
7113,18,4,18
7114,18,1,10
7115,18,1,10
7116,18,8,16
7117,18,11,6
7118,18,3,7
7119,18,14,17
7120,18,6,4
7121,18,1,10
7122,18,6,4
7123,18,5,13
7124,18,4,18
7125,18,4,18
7126,18,13,14
7127,18,10,2
7128,18,2,9
7129,18,6,4
7130,18,2,9
7131,18,1,10
7132,18,8,16
7133,18,14,17
7134,18,4,18
7135,18,14,17
7136,18,4,18
7137,18,2,9
7138,18,4,18
7139,18,9,11
7140,18,3,7
7141,18,13,14
7142,18,13,14
7143,18,3,7
7144,18,3,7
7145,18,3,7
7146,18,14,17
7147,18,6,4
7148,18,4,18
7149,18,8,16
7150,18,12,1
7151,18,14,17
7152,18,14,17
7153,18,2,9
7154,18,1,10
7155,18,4,18
7156,18,14,17
7157,18,0,19
7158,18,14,17
7159,18,12,1
7160,18,1,10
7161,18,2,9
7162,18,6,4
7163,18,5,13
7164,18,2,9
7165,18,0,19
7166,18,10,2
7167,18,3,7
7168,18,1,10
7169,18,10,2
7170,18,6,4
7171,18,2,9
7172,18,3,7
7173,18,14,17
7174,18,3,7
7175,18,3,7
7176,18,3,7
7177,18,6,4
7178,18,6,4
7179,18,2,9
7180,18,8,16
7181,18,2,9
7182,18,2,9
7183,18,11,6
7184,18,8,16
7185,18,4,18
7186,18,13,14
7187,18,8,16
7188,18,11,6
7189,18,4,18
7190,18,3,7
7191,18,3,7
7192,18,6,4
7193,18,15,15
7194,18,6,4
7195,18,1,10
7196,18,4,18
7197,18,15,15
7198,18,15,15
7199,18,11,6
7200,18,3,7
7201,18,3,7
7202,18,1,10
7203,18,3,7
7204,18,14,17
7205,18,3,7
7206,18,1,10
7207,18,6,4
7208,18,3,7
7209,18,12,1
7210,18,10,2
7211,18,6,4
7212,18,15,15
7213,18,2,9
7214,18,14,17
7215,18,5,13
7216,18,9,11
7217,18,14,17
7218,18,1,10
7219,18,4,18
7220,18,3,7
7221,18,18,8
7222,18,6,4
7223,18,3,7
7224,18,14,17
7225,18,6,4
7226,18,6,4
7227,18,0,19
7228,18,2,9
7229,18,13,14
7230,18,3,7
7231,18,14,17
7232,18,6,4
7233,18,8,16
7234,18,2,9
7235,18,3,7
7236,18,9,11
7237,18,4,18
7238,18,3,7
7239,18,13,14
7240,18,5,13
7241,18,10,2
7242,18,11,6
7243,18,0,19
7244,18,3,7
7245,18,14,17
7246,18,3,7
7247,18,13,14
7248,18,2,9
7249,18,4,18
7250,18,6,4
7251,18,5,13
7252,18,13,14
7253,18,3,7
7254,18,14,17
7255,18,2,9
7256,18,2,9
7257,18,8,16
7258,18,10,2
7259,18,1,10
7260,18,2,9
7261,18,3,7
7262,18,4,18
7263,18,4,18
7264,18,14,17
7265,18,1,10
7266,18,3,7
7267,18,3,7
7268,18,4,18
7269,18,4,18
7270,18,3,7
7271,18,11,6
7272,18,8,16
7273,18,3,7
7274,18,11,6
7275,18,11,6
7276,18,3,7
7277,18,8,16
7278,18,1,10
7279,18,1,10
7280,18,6,4
7281,18,14,17
7282,18,3,7
7283,18,6,4
7284,18,8,16
7285,18,3,7
7286,18,0,19
7287,18,14,17
7288,18,1,10
7289,18,14,17
7290,18,8,16
7291,18,6,4
7292,18,2,9
7293,18,8,16
7294,18,3,7
7295,18,1,10
7296,18,1,10
7297,18,6,4
7298,18,2,9
7299,18,14,17
7300,18,14,17
7301,18,3,7
7302,18,3,7
7303,18,3,7
7304,18,1,10
7305,18,15,15
7306,18,15,15
7307,18,5,13
7308,18,1,10
7309,18,5,13
7310,18,5,13
7311,18,12,1
7312,18,4,18
7313,18,1,10
7314,18,3,7
7315,18,13,14
7316,18,6,4
7317,18,6,4
7318,18,15,15
7319,18,3,7
7320,18,4,18
7321,18,5,13
7322,18,8,16
7323,18,2,9
7324,18,12,1
7325,18,14,17
7326,18,4,18
7327,18,0,19
7328,18,6,4
7329,18,8,16
7330,18,9,11
7331,18,3,7
7332,18,12,1
7333,18,3,7
7334,18,12,1
7335,18,11,6
7336,18,8,16
7337,18,6,4
7338,18,5,13
7339,18,3,7
7340,18,3,7
7341,18,4,18
7342,18,3,7
7343,18,1,10
7344,18,12,1
7345,18,5,13
7346,18,9,11
7347,18,1,10
7348,18,6,4
7349,18,14,17
7350,18,3,7
7351,18,6,4
7352,18,3,7
7353,18,3,7
7354,18,13,14
7355,18,11,6
7356,18,10,2
7357,18,6,4
7358,18,13,14
7359,18,3,7
7360,18,3,7
7361,18,3,7
7362,18,1,10
7363,18,13,14
7364,18,14,17
7365,18,3,7
7366,18,9,11
7367,18,9,11
7368,18,5,13
7369,18,5,13
7370,18,4,18
7371,18,3,7
7372,18,3,7
7373,18,11,6
7374,18,2,9
7375,18,6,4
7376,18,6,4
7377,18,1,10
7378,18,4,18
7379,18,2,9
7380,18,0,19
7381,18,12,1
7382,18,8,16
7383,18,3,7
7384,18,4,18
7385,18,9,11
7386,18,6,4
7387,18,1,10
7388,18,13,14
7389,18,13,14
7390,18,10,2
7391,18,11,6
7392,18,6,4
7393,18,5,13
7394,18,13,14
7395,18,3,7
7396,18,14,17
7397,18,6,4
7398,18,6,4
7399,18,13,14
7400,18,4,18
7401,18,11,6
7402,18,3,7
7403,18,14,17
7404,18,8,16
7405,18,6,4
7406,18,18,8
7407,18,3,7
7408,18,9,11
7409,18,1,10
7410,18,1,10
7411,18,14,17
7412,18,14,17
7413,18,13,14
7414,18,14,17
7415,18,6,4
7416,18,13,14
7417,18,3,7
7418,18,11,6
7419,18,2,9
7420,18,11,6
7421,18,11,6
7422,18,3,7
7423,18,18,8
7424,18,3,7
7425,18,11,6
7426,18,1,10
7427,18,1,10
7428,18,5,13
7429,18,6,4
7430,18,14,17
7431,18,14,17
7432,18,6,4
7433,18,11,6
7434,18,14,17
7435,18,4,18
7436,18,3,7
7437,18,3,7
7438,18,13,14
7439,18,3,7
7440,18,11,6
7441,18,11,6
7442,18,1,10
7443,18,5,13
7444,18,3,7
7445,18,2,9
7446,18,4,18
7447,18,9,11
7448,18,3,7
7449,18,9,11
7450,18,5,13
7451,18,4,18
7452,18,6,4
7453,18,12,1
7454,5,6,4
7455,5,4,18
7456,5,3,7
7457,5,9,11
7458,5,11,6
7459,5,18,8
7460,5,3,7
7461,5,0,19
7462,5,1,10
7463,5,3,7
7464,5,3,7
7465,5,5,13
7466,5,1,10
7467,5,6,4
7468,5,9,11
7469,5,2,9
7470,5,3,7
7471,5,2,9
7472,5,6,4
7473,5,3,7
7474,5,0,19
7475,5,15,15
7476,5,14,17
7477,5,14,17
7478,5,3,7
7479,5,9,11
7480,5,5,13
7481,5,11,6
7482,5,3,7
7483,5,11,6
7484,5,14,17
7485,5,4,18
7486,5,1,10
7487,5,15,15
7488,5,0,19
7489,5,1,10
7490,5,3,7
7491,6,12,1
7492,6,13,14
7493,6,1,10
7494,6,14,17
7495,6,4,18
7496,6,3,7
7497,6,3,7
7498,6,4,18
7499,6,4,18
7500,6,10,2
7501,6,14,17
7502,6,14,17
7503,6,6,4
7504,6,2,9
7505,6,3,7
7506,6,6,4
7507,6,6,4
7508,6,3,7
7509,6,12,1
7510,6,3,7
7511,6,4,18
7512,6,18,8
7513,6,3,7
7514,6,14,17
7515,6,10,2
7516,6,10,2
7517,6,4,18
7518,6,13,14
7519,6,1,10
7520,6,4,18
7521,6,3,7
7522,6,3,7
7523,6,14,17
7524,6,3,7
7525,6,3,7
7526,6,0,19
7527,6,4,18
7528,6,13,14
7529,6,14,17
7530,6,14,17
7531,6,11,6
7532,6,6,4
7533,6,3,7
7534,6,3,7
7535,6,10,2
7536,6,8,16
7537,6,5,13
7538,6,14,17
7539,6,3,7
7540,6,14,17
7541,6,2,9
7542,6,4,18
7543,6,3,7
7544,6,1,10
7545,6,3,7
7546,6,3,7
7547,6,11,6
7548,6,14,17
7549,6,0,19
7550,6,8,16
7551,6,13,14
7552,6,14,17
7553,6,12,1
7554,6,1,10
7555,6,14,17
7556,6,6,4
7557,6,6,4
7558,6,11,6
7559,6,13,14
7560,6,9,11
7561,6,0,19
7562,6,8,16
7563,6,8,16
7564,6,2,9
7565,6,2,9
7566,6,6,4
7567,6,6,4
7568,6,11,6
7569,6,5,13
7570,6,18,8
7571,6,2,9
7572,6,9,11
7573,6,2,9
7574,6,0,19
7575,6,3,7
7576,6,14,17
7577,6,18,8
7578,6,6,4
7579,6,3,7
7580,6,9,11
7581,6,5,13
7582,6,11,6
7583,6,3,7
7584,6,9,11
7585,6,2,9
7586,6,3,7
7587,6,6,4
7588,6,3,7
7589,6,3,7
7590,6,15,15
7591,6,14,17
7592,6,3,7
7593,6,11,6
7594,6,3,7
7595,6,11,6
7596,6,6,4
7597,6,11,6
7598,6,11,6
7599,6,3,7
7600,6,3,7
7601,6,1,10
7602,6,8,16
7603,6,2,9
7604,6,8,16
7605,6,6,4
7606,6,14,17
7607,6,14,17
7608,6,14,17
7609,6,6,4
7610,6,9,11
7611,6,2,9
7612,6,14,17
7613,6,3,7
7614,6,11,6
7615,6,0,19
7616,6,4,18
7617,6,4,18
7618,6,4,18
7619,6,14,17
7620,6,11,6
7621,6,4,18
7622,6,18,8
7623,6,3,7
7624,6,2,9
7625,6,15,15
7626,6,1,10
7627,6,14,17
7628,6,6,4
7629,6,1,10
7630,6,5,13
7631,6,1,10
7632,6,2,9
7633,6,10,2
7634,6,4,18
7635,6,3,7
7636,6,1,10
7637,6,12,1
7638,6,1,10
7639,6,8,16
7640,6,1,10
7641,6,0,19
7642,6,3,7
7643,6,14,17
7644,6,14,17
7645,6,3,7
7646,6,2,9
7647,6,4,18
7648,6,3,7
7649,6,3,7
7650,6,14,17
7651,6,4,18
7652,6,1,10
7653,6,9,11
7654,6,3,7
7655,6,2,9
7656,6,9,11
7657,6,14,17
7658,6,1,10
7659,6,2,9
7660,6,1,10
7661,6,3,7
7662,6,2,9
7663,6,8,16
7664,6,1,10
7665,6,6,4
7666,6,2,9
7667,6,3,7
7668,6,4,18
7669,6,2,9
7670,6,4,18
7671,6,11,6
7672,6,18,8
7673,6,6,4
7674,6,2,9
7675,6,3,7
7676,6,18,8
7677,6,4,18
7678,6,3,7
7679,6,3,7
7680,6,9,11
7681,6,8,16
7682,6,2,9
7683,6,3,7
7684,6,3,7
7685,6,3,7
7686,6,0,19
7687,6,13,14
7688,6,6,4
7689,6,3,7
7690,6,3,7
7691,6,14,17
7692,6,11,6
7693,6,8,16
7694,6,6,4
7695,6,13,14
7696,6,11,6
7697,6,11,6
7698,6,0,19
7699,6,3,7
7700,6,3,7
7701,6,6,4
7702,6,13,14
7703,6,9,11
7704,6,11,6
7705,6,9,11
7706,6,14,17
7707,6,9,11
7708,6,4,18
7709,6,12,1
7710,6,3,7
7711,6,5,13
7712,6,3,7
7713,6,14,17
7714,6,14,17
7715,6,3,7
7716,6,6,4
7717,6,2,9
7718,6,11,6
7719,6,3,7
7720,6,5,13
7721,6,9,11
7722,6,4,18
7723,6,1,10
7724,6,4,18
7725,6,2,9
7726,6,8,16
7727,6,13,14
7728,6,2,9
7729,6,2,9
7730,6,8,16
7731,6,18,8
7732,6,4,18
7733,6,3,7
7734,6,1,10
7735,6,2,9
7736,6,6,4
7737,6,1,10
7738,6,1,10
7739,6,3,7
7740,6,4,18
7741,6,3,7
7742,6,11,6
7743,6,3,7
7744,6,3,7
7745,6,6,4
7746,6,6,4
7747,6,11,6
7748,6,1,10
7749,6,0,19
7750,6,9,11
7751,6,10,2
7752,6,8,16
7753,6,10,2
7754,6,3,7
7755,6,12,1
7756,6,3,7
7757,6,14,17
7758,6,4,18
7759,6,3,7
7760,6,2,9
7761,6,2,9
7762,6,12,1
7763,6,18,8
7764,6,14,17
7765,6,1,10
7766,6,10,2
7767,6,1,10
7768,6,11,6
7769,6,3,7
7770,6,14,17
7771,6,4,18
7772,6,1,10
7773,6,3,7
7774,6,3,7
7775,6,4,18
7776,6,9,11
7777,6,4,18
7778,6,3,7
7779,6,14,17
7780,6,4,18
7781,6,11,6
7782,6,12,1
7783,6,9,11
7784,6,1,10
7785,6,2,9
7786,6,3,7
7787,6,1,10
7788,6,8,16
7789,6,14,17
7790,6,1,10
7791,6,3,7
7792,6,9,11
7793,6,5,13
7794,6,3,7
7795,6,10,2
7796,6,18,8
7797,6,6,4
7798,6,9,11
7799,6,3,7
7800,6,10,2
7801,6,5,13
7802,6,6,4
7803,6,9,11
7804,6,1,10
7805,6,14,17
7806,6,10,2
7807,6,1,10
7808,6,3,7
7809,6,0,19
7810,6,3,7
7811,6,4,18
7812,6,13,14
7813,6,14,17
7814,6,14,17
7815,6,4,18
7816,6,5,13
7817,6,4,18
7818,6,3,7
7819,6,6,4
7820,6,13,14
7821,6,3,7
7822,6,8,16
7823,6,3,7
7824,6,8,16
7825,6,14,17
7826,6,9,11
7827,6,14,17
7828,6,14,17
7829,6,5,13
7830,6,6,4
7831,6,1,10
7832,6,6,4
7833,6,11,6
7834,6,3,7
7835,6,6,4
7836,6,2,9
7837,6,9,11
7838,6,3,7
7839,6,3,7
7840,6,10,2
7841,6,2,9
7842,6,1,10
7843,6,3,7
7844,6,11,6
7845,6,11,6
7846,6,1,10
7847,6,1,10
7848,6,14,17
7849,6,0,19
7850,6,3,7
7851,6,13,14
7852,6,3,7
7853,6,14,17
7854,6,3,7
7855,6,1,10
7856,6,0,19
7857,6,1,10
7858,6,4,18
7859,6,4,18
7860,6,14,17
7861,6,4,18
7862,6,10,2
7863,6,3,7
7864,6,8,16
7865,6,9,11
7866,6,0,19
7867,6,3,7
7868,6,14,17
7869,6,5,13
7870,6,3,7
7871,6,6,4
7872,6,14,17
7873,6,8,16
7874,6,4,18
7875,6,4,18
7876,6,0,19
7877,6,15,15
7878,6,1,10
7879,6,6,4
7880,6,14,17
7881,6,2,9
7882,6,14,17
7883,6,8,16
7884,6,11,6
7885,6,8,16
7886,6,5,13
7887,6,4,18
7888,6,3,7
7889,6,3,7
7890,6,14,17
7891,6,4,18
7892,6,4,18
7893,6,4,18
7894,6,1,10
7895,6,1,10
7896,6,6,4
7897,6,9,11
7898,6,1,10
7899,6,9,11
7900,6,3,7
7901,6,1,10
7902,6,3,7
7903,6,11,6
7904,6,10,2
7905,6,0,19
7906,6,2,9
7907,6,10,2
7908,6,9,11
7909,6,11,6
7910,6,14,17
7911,6,1,10
7912,6,0,19
7913,6,0,19
7914,6,3,7
7915,6,13,14
7916,6,3,7
7917,6,6,4
7918,6,3,7
7919,6,3,7
7920,6,11,6
7921,6,3,7
7922,6,4,18
7923,6,3,7
7924,6,1,10
7925,6,1,10
7926,6,3,7
7927,6,9,11
7928,6,2,9
7929,6,3,7
7930,6,11,6
7931,6,3,7
7932,6,3,7
7933,6,3,7
7934,6,2,9
7935,6,18,8
7936,6,10,2
7937,6,3,7
7938,6,2,9
7939,6,2,9
7940,6,11,6
7941,6,1,10
7942,6,13,14
7943,6,8,16
7944,6,6,4
7945,6,11,6
7946,6,12,1
7947,6,2,9
7948,6,9,11
7949,6,11,6
7950,6,5,13
7951,6,8,16
7952,6,0,19
7953,6,0,19
7954,6,5,13
7955,6,1,10
7956,6,1,10
7957,6,12,1
7958,6,3,7
7959,6,3,7
7960,6,11,6
7961,6,3,7
7962,6,9,11
7963,6,5,13
7964,6,18,8
7965,6,13,14
7966,6,1,10
7967,6,14,17
7968,6,14,17
7969,6,13,14
7970,6,3,7
7971,6,3,7
7972,6,11,6
7973,6,11,6
7974,6,13,14
7975,6,4,18
7976,6,8,16
7977,6,14,17
7978,6,3,7
7979,6,6,4
7980,6,3,7
7981,6,8,16
7982,6,18,8
7983,6,1,10
7984,6,14,17
7985,6,13,14
7986,6,6,4
7987,6,4,18
7988,6,3,7
7989,6,2,9
7990,6,3,7
7991,6,4,18
7992,6,3,7
7993,7,3,7
7994,7,14,17
7995,7,3,7
7996,7,8,16
7997,7,3,7
7998,7,11,6
7999,7,10,2
8000,7,12,1
8001,7,12,1
8002,7,4,18
8003,7,2,9
8004,7,3,7
8005,7,4,18
8006,7,3,7
8007,7,12,1
8008,7,4,18
8009,7,8,16
8010,7,18,8
8011,7,13,14
8012,7,14,17
8013,7,3,7
8014,7,13,14
8015,7,13,14
8016,7,13,14
8017,7,2,9
8018,7,14,17
8019,7,4,18
8020,7,6,4
8021,7,3,7
8022,7,3,7
8023,7,11,6
8024,7,3,7
8025,7,3,7
8026,7,3,7
8027,7,12,1
8028,7,2,9
8029,7,1,10
8030,7,6,4
8031,7,5,13
8032,7,6,4
8033,7,2,9
8034,7,1,10
8035,7,3,7
8036,7,2,9
8037,7,3,7
8038,7,2,9
8039,7,14,17
8040,7,10,2
8041,7,6,4
8042,7,9,11
8043,7,14,17
8044,7,13,14
8045,7,4,18
8046,7,4,18
8047,7,12,1
8048,7,14,17
8049,7,2,9
8050,7,14,17
8051,7,3,7
8052,7,2,9
8053,7,14,17
8054,7,8,16
8055,7,1,10
8056,7,2,9
8057,7,3,7
8058,7,13,14
8059,7,3,7
8060,7,8,16
8061,7,3,7
8062,7,13,14
8063,7,4,18
8064,7,4,18
8065,7,3,7
8066,7,1,10
8067,7,10,2
8068,7,3,7
8069,7,2,9
8070,7,6,4
8071,7,1,10
8072,7,5,13
8073,7,4,18
8074,7,8,16
8075,7,8,16
8076,7,1,10
8077,7,3,7
8078,7,3,7
8079,7,3,7
8080,7,3,7
8081,7,1,10
8082,7,4,18
8083,7,5,13
8084,7,1,10
8085,7,1,10
8086,7,10,2
8087,7,3,7
8088,7,11,6
8089,7,5,13
8090,7,3,7
8091,7,14,17
8092,7,3,7
8093,7,14,17
8094,7,6,4
8095,7,3,7
8096,7,11,6
8097,7,6,4
8098,7,3,7
8099,7,3,7
8100,7,14,17
8101,7,11,6
8102,7,6,4
8103,7,14,17
8104,7,3,7
8105,7,6,4
8106,7,11,6
8107,7,3,7
8108,7,1,10
8109,7,2,9
8110,7,0,19
8111,7,1,10
8112,7,3,7
8113,7,3,7
8114,7,2,9
8115,7,13,14
8116,7,4,18
8117,7,11,6
8118,7,3,7
8119,7,14,17
8120,7,14,17
8121,7,11,6
8122,7,11,6
8123,7,14,17
8124,7,11,6
8125,7,6,4
8126,7,1,10
8127,7,3,7
8128,7,13,14
8129,7,3,7
8130,7,14,17
8131,7,4,18
8132,7,3,7
8133,7,2,9
8134,7,8,16
8135,7,2,9
8136,7,6,4
8137,7,3,7
8138,7,3,7
8139,7,3,7
8140,7,3,7
8141,7,2,9
8142,7,12,1
8143,7,3,7
8144,7,5,13
8145,7,11,6
8146,7,12,1
8147,7,14,17
8148,7,17,12
8149,7,10,2
8150,7,13,14
8151,7,6,4
8152,7,6,4
8153,7,4,18
8154,7,3,7
8155,7,3,7
8156,7,3,7
8157,7,8,16
8158,7,3,7
8159,7,9,11
8160,7,9,11
8161,7,18,8
8162,7,18,8
8163,7,8,16
8164,7,8,16
8165,7,9,11
8166,7,6,4
8167,7,3,7
8168,7,5,13
8169,7,2,9
8170,7,6,4
8171,7,3,7
8172,7,9,11
8173,7,14,17
8174,7,4,18
8175,7,8,16
8176,7,1,10
8177,7,4,18
8178,7,4,18
8179,7,14,17
8180,7,8,16
8181,7,3,7
8182,7,4,18
8183,7,11,6
8184,7,9,11
8185,7,2,9
8186,7,14,17
8187,7,1,10
8188,7,4,18
8189,7,1,10
8190,7,18,8
8191,7,0,19
8192,7,3,7
8193,7,6,4
8194,7,6,4
8195,7,0,19
8196,7,12,1
8197,7,9,11
8198,7,1,10
8199,7,3,7
8200,7,10,2
8201,7,9,11
8202,7,4,18
8203,7,8,16
8204,7,13,14
8205,7,3,7
8206,7,2,9
8207,7,1,10
8208,7,4,18
8209,7,1,10
8210,7,1,10
8211,7,14,17
8212,7,9,11
8213,7,1,10
8214,7,14,17
8215,7,6,4
8216,7,4,18
8217,7,3,7
8218,7,14,17
8219,7,14,17
8220,7,2,9
8221,7,3,7
8222,7,2,9
8223,7,3,7
8224,7,2,9
8225,7,14,17
8226,7,10,2
8227,7,4,18
8228,7,4,18
8229,7,3,7
8230,7,11,6
8231,7,4,18
8232,7,11,6
8233,7,6,4
8234,7,10,2
8235,7,3,7
8236,7,3,7
8237,7,5,13
8238,7,3,7
8239,7,4,18
8240,7,3,7
8241,7,12,1
8242,7,14,17
8243,7,9,11
8244,7,2,9
8245,7,3,7
8246,7,1,10
8247,7,1,10
8248,7,3,7
8249,7,13,14
8250,7,6,4
8251,7,18,8
8252,7,3,7
8253,7,15,15
8254,7,2,9
8255,7,11,6
8256,7,4,18
8257,7,1,10
8258,7,3,7
8259,7,8,16
8260,7,11,6
8261,7,14,17
8262,7,9,11
8263,7,1,10
8264,7,4,18
8265,7,1,10
8266,7,14,17
8267,7,8,16
8268,7,1,10
8269,7,4,18
8270,7,3,7
8271,7,3,7
8272,7,18,8
8273,7,11,6
8274,7,9,11
8275,7,5,13
8276,7,18,8
8277,7,2,9
8278,7,14,17
8279,7,6,4
8280,7,18,8
8281,7,6,4
8282,7,10,2
8283,7,14,17
8284,7,14,17
8285,7,2,9
8286,7,14,17
8287,7,1,10
8288,7,4,18
8289,7,2,9
8290,7,3,7
8291,7,14,17
8292,7,14,17
8293,7,14,17
8294,7,15,15
8295,7,3,7
8296,7,9,11
8297,7,9,11
8298,7,14,17
8299,7,11,6
8300,7,6,4
8301,7,6,4
8302,7,14,17
8303,7,3,7
8304,7,11,6
8305,7,10,2
8306,7,11,6
8307,7,10,2
8308,7,14,17
8309,7,3,7
8310,7,2,9
8311,7,1,10
8312,7,1,10
8313,7,1,10
8314,7,11,6
8315,7,11,6
8316,7,2,9
8317,7,8,16
8318,7,3,7
8319,7,3,7
8320,7,3,7
8321,7,1,10
8322,7,9,11
8323,7,2,9
8324,7,14,17
8325,7,4,18
8326,7,14,17
8327,7,0,19
8328,7,0,19
8329,7,4,18
8330,7,14,17
8331,7,14,17
8332,7,2,9
8333,7,1,10
8334,7,3,7
8335,7,4,18
8336,7,8,16
8337,7,3,7
8338,7,3,7
8339,7,6,4
8340,7,14,17
8341,7,9,11
8342,7,3,7
8343,7,18,8
8344,7,3,7
8345,7,2,9
8346,7,1,10
8347,7,10,2
8348,7,18,8
8349,7,14,17
8350,7,2,9
8351,7,6,4
8352,7,2,9
8353,7,3,7
8354,7,2,9
8355,7,0,19
8356,7,3,7
8357,7,2,9
8358,7,5,13
8359,7,9,11
8360,7,3,7
8361,7,13,14
8362,7,6,4
8363,7,11,6
8364,7,6,4
8365,7,2,9
8366,7,1,10
8367,7,3,7
8368,7,3,7
8369,7,3,7
8370,7,6,4
8371,7,3,7
8372,7,1,10
8373,7,10,2
8374,7,15,15
8375,7,13,14
8376,7,8,16
8377,7,2,9
8378,7,2,9
8379,7,4,18
8380,7,15,15
8381,7,4,18
8382,7,6,4
8383,7,3,7
8384,7,18,8
8385,7,4,18
8386,7,4,18
8387,7,4,18
8388,7,9,11
8389,7,4,18
8390,7,3,7
8391,7,12,1
8392,7,3,7
8393,7,3,7
8394,7,3,7
8395,7,3,7
8396,7,14,17
8397,7,11,6
8398,7,14,17
8399,7,3,7
8400,7,6,4
8401,7,13,14
8402,7,12,1
8403,7,18,8
8404,7,3,7
8405,7,14,17
8406,7,14,17
8407,7,3,7
8408,7,3,7
8409,7,11,6
8410,7,11,6
8411,7,3,7
8412,7,10,2
8413,7,18,8
8414,7,18,8
8415,7,8,16
8416,7,3,7
8417,7,9,11
8418,7,1,10
8419,7,14,17
8420,7,9,11
8421,7,3,7
8422,7,3,7
8423,7,5,13
8424,7,3,7
8425,7,8,16
8426,7,14,17
8427,7,5,13
8428,7,14,17
8429,7,18,8
8430,7,14,17
8431,7,18,8
8432,7,5,13
8433,7,3,7
8434,7,10,2
8435,7,1,10
8436,7,2,9
8437,7,4,18
8438,7,1,10
8439,7,2,9
8440,7,4,18
8441,7,11,6
8442,7,9,11
8443,7,10,2
8444,7,2,9
8445,7,12,1
8446,7,3,7
8447,7,3,7
8448,7,3,7
8449,7,10,2
8450,7,13,14
8451,7,6,4
8452,7,4,18
8453,7,4,18
8454,7,14,17
8455,7,3,7
8456,7,1,10
8457,7,13,14
8458,7,3,7
8459,7,13,14
8460,7,0,19
8461,7,3,7
8462,7,1,10
8463,7,6,4
8464,7,14,17
8465,7,15,15
8466,7,18,8
8467,7,18,8
8468,7,11,6
8469,7,2,9
8470,7,3,7
8471,7,10,2
8472,7,3,7
8473,7,11,6
8474,7,3,7
8475,7,4,18
8476,7,4,18
8477,7,14,17
8478,7,1,10
8479,7,10,2
8480,7,6,4
8481,7,11,6
8482,7,6,4
8483,7,6,4
8484,7,11,6
8485,7,14,17
8486,7,12,1
8487,7,0,19
8488,7,5,13
8489,7,3,7
8490,7,9,11
8491,7,3,7
8492,7,2,9
8493,7,4,18
8494,7,11,6
8495,7,3,7
8496,7,14,17
8497,7,6,4
8498,7,17,12
8499,7,3,7
8500,7,14,17
8501,7,15,15
8502,7,18,8
8503,7,14,17
8504,7,18,8
8505,7,2,9
8506,7,14,17
8507,7,14,17
8508,7,4,18
8509,7,1,10
8510,7,8,16
8511,7,13,14
8512,7,4,18
8513,7,2,9
8514,7,3,7
8515,7,5,13
8516,7,2,9
8517,7,11,6
8518,7,12,1
8519,7,3,7
8520,7,9,11
8521,7,3,7
8522,7,3,7
8523,7,3,7
8524,7,6,4
8525,7,2,9
8526,7,1,10
8527,7,14,17
8528,7,14,17
8529,7,3,7
8530,7,6,4
8531,7,2,9
8532,7,2,9
8533,7,15,15
8534,7,4,18
8535,7,4,18
8536,7,3,7
8537,7,4,18
8538,7,4,18
8539,7,8,16
8540,7,0,19
8541,7,1,10
8542,7,3,7
8543,7,13,14
8544,7,10,2
8545,7,14,17
8546,7,1,10
8547,7,8,16
8548,7,11,6
8549,7,6,4
8550,7,10,2
8551,7,14,17
8552,7,3,7
8553,7,5,13
8554,7,18,8
8555,7,11,6
8556,7,3,7
8557,7,3,7
8558,7,5,13
8559,7,12,1
8560,7,9,11
8561,7,13,14
8562,7,2,9
8563,7,13,14
8564,7,3,7
8565,7,14,17
8566,7,9,11
8567,7,14,17
8568,7,13,14
8569,7,6,4
8570,7,3,7
8571,7,3,7
8572,7,6,4
8573,7,18,8
8574,7,3,7
8575,7,14,17
8576,7,1,10
8577,7,13,14
8578,7,3,7
8579,7,6,4
8580,7,3,7
8581,7,3,7
8582,7,6,4
8583,7,4,18
8584,7,3,7
8585,7,11,6
8586,7,3,7
8587,7,5,13
8588,7,3,7
8589,7,8,16
8590,7,3,7
8591,7,5,13
8592,7,5,13
8593,7,4,18
8594,7,11,6
8595,7,4,18
8596,7,13,14
8597,7,8,16
8598,7,3,7
8599,7,4,18
8600,7,5,13
8601,7,0,19
8602,7,13,14
8603,7,11,6
8604,7,10,2
8605,7,10,2
8606,7,2,9
8607,7,12,1
8608,7,14,17
8609,7,2,9
8610,7,2,9
8611,7,2,9
8612,7,3,7
8613,7,2,9
8614,7,9,11
8615,7,10,2
8616,7,14,17
8617,7,4,18
8618,7,11,6
8619,7,3,7
8620,7,14,17
8621,7,3,7
8622,7,11,6
8623,7,1,10
8624,7,2,9
8625,7,11,6
8626,7,6,4
8627,7,14,17
8628,7,11,6
8629,7,12,1
8630,7,0,19
8631,7,3,7
8632,7,6,4
8633,7,14,17
8634,7,11,6
8635,7,14,17
8636,7,3,7
8637,7,17,12
8638,7,11,6
8639,7,3,7
8640,7,1,10
8641,7,1,10
8642,7,3,7
8643,7,9,11
8644,7,3,7
8645,7,1,10
8646,7,3,7
8647,7,1,10
8648,7,4,18
8649,7,0,19
8650,7,3,7
8651,7,3,7
8652,7,2,9
8653,7,3,7
8654,7,18,8
8655,7,3,7
8656,7,14,17
8657,7,14,17
8658,7,13,14
8659,7,11,6
8660,7,3,7
8661,7,3,7
8662,7,9,11
8663,7,2,9
8664,7,12,1
8665,7,10,2
8666,7,1,10
8667,7,3,7
8668,7,3,7
8669,7,3,7
8670,7,11,6
8671,7,11,6
8672,7,3,7
8673,7,3,7
8674,7,3,7
8675,7,3,7
8676,7,9,11
8677,7,3,7
8678,7,6,4
8679,7,3,7
8680,7,4,18
8681,7,12,1
8682,7,3,7
8683,7,4,18
8684,7,9,11
8685,7,12,1
8686,8,11,6
8687,8,14,17
8688,8,11,6
8689,8,9,11
8690,8,3,7
8691,8,8,16
8692,8,14,17
8693,8,10,2
8694,8,9,11
8695,8,3,7
8696,8,2,9
8697,8,2,9
8698,8,1,10
8699,8,11,6
8700,8,14,17
8701,8,1,10
8702,8,13,14
8703,8,3,7
8704,8,6,4
8705,8,11,6
8706,8,4,18
8707,8,5,13
8708,8,3,7
8709,8,6,4
8710,8,2,9
8711,8,5,13
8712,8,1,10
8713,8,4,18
8714,8,1,10
8715,8,6,4
8716,8,3,7
8717,8,3,7
8718,8,0,19
8719,8,12,1
8720,8,3,7
8721,8,9,11
8722,8,3,7
8723,8,3,7
8724,8,4,18
8725,8,12,1
8726,8,12,1
8727,8,6,4
8728,8,3,7
8729,8,3,7
8730,8,11,6
8731,8,4,18
8732,8,3,7
8733,8,6,4
8734,8,14,17
8735,8,6,4
8736,8,18,8
8737,8,1,10
8738,8,3,7
8739,8,13,14
8740,8,3,7
8741,8,11,6
8742,8,6,4
8743,8,2,9
8744,8,4,18
8745,8,0,19
8746,8,2,9
8747,8,11,6
8748,8,3,7
8749,8,2,9
8750,8,11,6
8751,8,8,16
8752,8,0,19
8753,8,3,7
8754,8,6,4
8755,8,9,11
8756,8,6,4
8757,8,10,2
8758,8,3,7
8759,8,5,13
8760,8,18,8
8761,8,15,15
8762,8,3,7
8763,8,4,18
8764,8,3,7
8765,8,1,10
8766,8,4,18
8767,8,1,10
8768,8,11,6
8769,8,3,7
8770,8,3,7
8771,8,18,8
8772,8,9,11
8773,8,11,6
8774,8,3,7
8775,8,11,6
8776,8,1,10
8777,8,4,18
8778,8,1,10
8779,8,11,6
8780,8,1,10
8781,8,10,2
8782,8,3,7
8783,8,13,14
8784,8,18,8
8785,8,14,17
8786,8,1,10
8787,8,3,7
8788,8,14,17
8789,8,4,18
8790,8,14,17
8791,8,3,7
8792,8,4,18
8793,8,6,4
8794,8,14,17
8795,8,3,7
8796,8,3,7
8797,8,10,2
8798,8,4,18
8799,8,8,16
8800,8,4,18
8801,8,11,6
8802,8,3,7
8803,8,1,10
8804,8,6,4
8805,8,1,10
8806,8,6,4
8807,8,9,11
8808,8,12,1
8809,8,3,7
8810,8,12,1
8811,8,14,17
8812,8,3,7
8813,8,3,7
8814,8,3,7
8815,8,14,17
8816,8,2,9
8817,8,14,17
8818,8,3,7
8819,8,6,4
8820,8,10,2
8821,8,11,6
8822,8,18,8
8823,8,3,7
8824,8,3,7
8825,8,3,7
8826,8,11,6
8827,8,11,6
8828,8,6,4
8829,8,3,7
8830,8,14,17
8831,8,14,17
8832,8,1,10
8833,8,4,18
8834,8,1,10
8835,8,2,9
8836,8,1,10
8837,8,9,11
8838,8,4,18
8839,8,3,7
8840,8,11,6
8841,8,1,10
8842,8,4,18
8843,8,1,10
8844,8,3,7
8845,8,14,17
8846,8,2,9
8847,8,4,18
8848,8,6,4
8849,8,3,7
8850,8,14,17
8851,8,1,10
8852,8,18,8
8853,8,1,10
8854,8,10,2
8855,8,15,15
8856,8,3,7
8857,8,3,7
8858,8,4,18
8859,8,3,7
8860,8,1,10
8861,8,1,10
8862,8,2,9
8863,8,3,7
8864,8,1,10
8865,8,6,4
8866,8,18,8
8867,8,10,2
8868,8,3,7
8869,8,14,17
8870,8,3,7
8871,8,1,10
8872,8,2,9
8873,8,11,6
8874,8,3,7
8875,8,1,10
8876,8,14,17
8877,8,4,18
8878,8,18,8
8879,8,18,8
8880,8,3,7
8881,8,4,18
8882,8,8,16
8883,8,12,1
8884,8,2,9
8885,8,5,13
8886,8,0,19
8887,8,2,9
8888,8,3,7
8889,8,0,19
8890,8,3,7
8891,8,14,17
8892,8,8,16
8893,8,11,6
8894,8,8,16
8895,8,2,9
8896,8,4,18
8897,8,2,9
8898,8,3,7
8899,8,8,16
8900,8,12,1
8901,8,6,4
8902,8,6,4
8903,8,3,7
8904,8,9,11
8905,8,4,18
8906,8,1,10
8907,8,5,13
8908,8,2,9
8909,8,9,11
8910,8,18,8
8911,8,5,13
8912,8,9,11
8913,8,3,7
8914,8,3,7
8915,8,3,7
8916,8,3,7
8917,8,18,8
8918,8,11,6
8919,8,2,9
8920,8,6,4
8921,8,11,6
8922,8,6,4
8923,8,3,7
8924,8,11,6
8925,8,3,7
8926,8,5,13
8927,8,14,17
8928,8,0,19
8929,8,18,8
8930,8,5,13
8931,8,14,17
8932,8,14,17
8933,8,3,7
8934,8,3,7
8935,8,3,7
8936,8,3,7
8937,8,11,6
8938,8,6,4
8939,8,1,10
8940,8,2,9
8941,8,13,14
8942,8,4,18
8943,8,3,7
8944,8,5,13
8945,8,2,9
8946,8,6,4
8947,8,3,7
8948,8,10,2
8949,8,6,4
8950,8,13,14
8951,8,1,10
8952,8,6,4
8953,8,9,11
8954,8,3,7
8955,8,4,18
8956,8,3,7
8957,8,1,10
8958,8,0,19
8959,8,1,10
8960,8,1,10
8961,8,1,10
8962,8,4,18
8963,8,12,1
8964,8,12,1
8965,8,5,13
8966,8,1,10
8967,8,12,1
8968,8,6,4
8969,8,1,10
8970,8,11,6
8971,8,4,18
8972,8,1,10
8973,8,3,7
8974,8,3,7
8975,8,10,2
8976,8,13,14
8977,8,3,7
8978,8,2,9
8979,8,14,17
8980,8,3,7
8981,8,3,7
8982,8,8,16
8983,8,13,14
8984,8,1,10
8985,8,10,2
8986,8,6,4
8987,8,1,10
8988,8,14,17
8989,8,11,6
8990,8,14,17
8991,8,11,6
8992,8,13,14
8993,8,13,14
8994,8,10,2
8995,8,18,8
8996,8,3,7
8997,8,1,10
8998,8,3,7
8999,8,18,8
9000,8,11,6
9001,8,4,18
9002,8,4,18
9003,8,3,7
9004,8,3,7
9005,8,14,17
9006,8,10,2
9007,8,3,7
9008,8,18,8
9009,8,1,10
9010,8,3,7
9011,8,3,7
9012,8,2,9
9013,8,2,9
9014,8,13,14
9015,8,3,7
9016,8,3,7
9017,8,3,7
9018,8,4,18
9019,8,18,8
9020,8,14,17
9021,8,3,7
9022,8,4,18
9023,8,2,9
9024,8,8,16
9025,8,1,10
9026,8,6,4
9027,8,6,4
9028,8,10,2
9029,8,14,17
9030,8,6,4
9031,8,5,13
9032,8,2,9
9033,8,10,2
9034,8,13,14
9035,8,3,7
9036,8,6,4
9037,8,4,18
9038,8,5,13
9039,8,3,7
9040,8,8,16
9041,8,4,18
9042,8,9,11
9043,8,3,7
9044,8,6,4
9045,8,14,17
9046,8,6,4
9047,8,3,7
9048,8,3,7
9049,8,2,9
9050,8,9,11
9051,8,4,18
9052,8,2,9
9053,8,9,11
9054,8,1,10
9055,8,4,18
9056,8,2,9
9057,8,11,6
9058,8,6,4
9059,8,6,4
9060,8,15,15
9061,8,12,1
9062,8,18,8
9063,8,13,14
9064,8,14,17
9065,8,11,6
9066,8,12,1
9067,8,5,13
9068,8,2,9
9069,8,14,17
9070,8,0,19
9071,8,18,8
9072,8,3,7
9073,8,14,17
9074,8,14,17
9075,8,3,7
9076,8,14,17
9077,8,14,17
9078,8,5,13
9079,8,13,14
9080,8,3,7
9081,8,5,13
9082,8,3,7
9083,8,3,7
9084,8,13,14
9085,8,12,1
9086,8,11,6
9087,8,18,8
9088,8,3,7
9089,8,3,7
9090,8,14,17
9091,8,1,10
9092,8,13,14
9093,8,3,7
9094,8,3,7
9095,8,13,14
9096,8,2,9
9097,8,3,7
9098,8,1,10
9099,8,13,14
9100,8,9,11
9101,8,3,7
9102,8,2,9
9103,8,3,7
9104,8,11,6
9105,8,3,7
9106,8,6,4
9107,8,3,7
9108,8,2,9
9109,8,4,18
9110,8,1,10
9111,8,3,7
9112,8,2,9
9113,8,6,4
9114,8,14,17
9115,8,3,7
9116,8,9,11
9117,8,4,18
9118,8,3,7
9119,8,13,14
9120,8,9,11
9121,8,3,7
9122,8,12,1
9123,8,11,6
9124,8,3,7
9125,8,3,7
9126,8,3,7
9127,8,3,7
9128,8,6,4
9129,8,6,4
9130,8,1,10
9131,8,13,14
9132,8,3,7
9133,8,13,14
9134,8,6,4
9135,8,14,17
9136,8,18,8
9137,8,10,2
9138,8,10,2
9139,8,18,8
9140,8,13,14
9141,8,5,13
9142,8,2,9
9143,8,3,7
9144,8,8,16
9145,8,18,8
9146,8,3,7
9147,8,8,16
9148,8,3,7
9149,8,14,17
9150,8,12,1
9151,8,14,17
9152,8,3,7
9153,8,3,7
9154,8,11,6
9155,8,9,11
9156,8,3,7
9157,8,1,10
9158,8,12,1
9159,8,0,19
9160,8,10,2
9161,8,6,4
9162,8,11,6
9163,8,6,4
9164,8,11,6
9165,8,3,7
9166,8,6,4
9167,8,6,4
9168,8,10,2
9169,8,13,14
9170,8,6,4
9171,8,1,10
9172,8,3,7
9173,8,1,10
9174,8,11,6
9175,8,6,4
9176,8,1,10
9177,8,10,2
9178,8,14,17
9179,8,3,7
9180,8,3,7
9181,8,3,7
9182,8,14,17
9183,8,12,1
9184,8,2,9
9185,8,3,7
9186,8,3,7
9187,8,14,17
9188,8,15,15
9189,8,0,19
9190,8,1,10
9191,8,3,7
9192,8,18,8
9193,8,10,2
9194,8,3,7
9195,8,1,10
9196,8,14,17
9197,8,4,18
9198,8,1,10
9199,8,13,14
9200,8,9,11
9201,8,6,4
9202,8,10,2
9203,8,0,19
9204,8,3,7
9205,8,4,18
9206,8,1,10
9207,8,9,11
9208,8,12,1
9209,8,6,4
9210,8,9,11
9211,8,9,11
9212,8,9,11
9213,8,2,9
9214,8,14,17
9215,8,8,16
9216,8,14,17
9217,8,8,16
9218,8,8,16
9219,9,3,7
9220,9,2,9
9221,9,3,7
9222,9,14,17
9223,9,4,18
9224,9,4,18
9225,9,3,7
9226,9,1,10
9227,9,3,7
9228,9,3,7
9229,9,3,7
9230,9,3,7
9231,9,4,18
9232,9,3,7
9233,9,2,9
9234,9,11,6
9235,9,3,7
9236,9,4,18
9237,9,1,10
9238,9,6,4
9239,9,5,13
9240,9,2,9
9241,9,3,7
9242,9,1,10
9243,9,1,10
9244,9,0,19
9245,9,4,18
9246,9,4,18
9247,9,4,18
9248,9,0,19
9249,9,0,19
9250,9,13,14
9251,9,11,6
9252,9,10,2
9253,9,3,7
9254,9,4,18
9255,9,11,6
9256,9,2,9
9257,9,10,2
9258,9,3,7
9259,9,13,14
9260,9,2,9
9261,9,1,10
9262,9,6,4
9263,9,0,19
9264,9,14,17
9265,9,3,7
9266,9,6,4
9267,9,3,7
9268,9,1,10
9269,9,3,7
9270,9,11,6
9271,9,3,7
9272,9,3,7
9273,9,13,14
9274,9,9,11
9275,9,0,19
9276,9,1,10
9277,9,5,13
9278,9,5,13
9279,9,4,18
9280,9,18,8
9281,9,2,9
9282,9,2,9
9283,9,1,10
9284,9,6,4
9285,9,6,4
9286,9,12,1
9287,9,14,17
9288,9,1,10
9289,9,3,7
9290,9,1,10
9291,9,8,16
9292,9,8,16
9293,9,12,1
9294,9,5,13
9295,9,12,1
9296,9,3,7
9297,9,13,14
9298,9,14,17
9299,9,0,19
9300,9,1,10
9301,9,1,10
9302,9,1,10
9303,9,3,7
9304,9,1,10
9305,9,9,11
9306,9,3,7
9307,9,3,7
9308,9,11,6
9309,9,11,6
9310,9,13,14
9311,9,3,7
9312,9,12,1
9313,9,1,10
9314,9,12,1
9315,9,3,7
9316,9,3,7
9317,9,1,10
9318,9,5,13
9319,9,3,7
9320,9,3,7
9321,9,14,17
9322,9,6,4
9323,9,5,13
9324,9,3,7
9325,9,3,7
9326,9,1,10
9327,9,13,14
9328,9,10,2
9329,9,5,13
9330,9,12,1
9331,9,11,6
9332,9,3,7
9333,9,3,7
9334,9,10,2
9335,9,14,17
9336,9,4,18
9337,9,11,6
9338,9,6,4
9339,9,11,6
9340,9,3,7
9341,9,18,8
9342,9,12,1
9343,9,13,14
9344,9,11,6
9345,9,10,2
9346,9,3,7
9347,9,3,7
9348,9,3,7
9349,9,2,9
9350,9,1,10
9351,9,1,10
9352,9,2,9
9353,9,3,7
9354,9,1,10
9355,9,1,10
9356,9,11,6
9357,9,18,8
9358,9,1,10
9359,9,6,4
9360,9,6,4
9361,9,3,7
9362,9,1,10
9363,9,3,7
9364,9,4,18
9365,9,12,1
9366,9,5,13
9367,9,9,11
9368,9,8,16
9369,9,9,11
9370,9,6,4
9371,9,3,7
9372,9,4,18
9373,9,1,10
9374,9,4,18
9375,9,9,11
9376,9,11,6
9377,9,6,4
9378,9,3,7
9379,9,3,7
9380,9,3,7
9381,9,5,13
9382,9,14,17
9383,9,9,11
9384,9,6,4
9385,9,10,2
9386,9,3,7
9387,9,1,10
9388,9,6,4
9389,9,0,19
9390,9,4,18
9391,9,18,8
9392,9,14,17
9393,9,3,7
9394,9,4,18
9395,9,14,17
9396,9,13,14
9397,9,14,17
9398,9,10,2
9399,9,3,7
9400,9,14,17
9401,9,12,1
9402,9,2,9
9403,9,18,8
9404,9,15,15
9405,9,2,9
9406,9,1,10
9407,9,3,7
9408,9,2,9
9409,9,14,17
9410,9,9,11
9411,9,6,4
9412,9,6,4
9413,9,2,9
9414,9,4,18
9415,9,3,7
9416,9,6,4
9417,9,12,1
9418,9,3,7
9419,9,3,7
9420,9,2,9
9421,9,12,1
9422,9,1,10
9423,9,14,17
9424,9,9,11
9425,9,13,14
9426,9,6,4
9427,9,4,18
9428,9,3,7
9429,9,4,18
9430,9,4,18
9431,9,3,7
9432,9,3,7
9433,9,11,6
9434,9,4,18
9435,9,3,7
9436,9,9,11
9437,9,3,7
9438,9,9,11
9439,9,1,10
9440,9,14,17
9441,9,1,10
9442,9,3,7
9443,9,11,6
9444,9,3,7
9445,9,3,7
9446,9,2,9
9447,9,1,10
9448,9,3,7
9449,9,14,17
9450,9,3,7
9451,9,6,4
9452,9,6,4
9453,9,9,11
9454,9,3,7
9455,9,2,9
9456,9,14,17
9457,9,3,7
9458,9,4,18
9459,9,13,14
9460,9,13,14
9461,9,3,7
9462,9,14,17
9463,9,18,8
9464,9,13,14
9465,9,18,8
9466,9,11,6
9467,9,2,9
9468,9,10,2
9469,9,3,7
9470,9,10,2
9471,9,12,1
9472,9,6,4
9473,9,4,18
9474,9,0,19
9475,9,2,9
9476,9,18,8
9477,9,10,2
9478,9,1,10
9479,9,2,9
9480,9,6,4
9481,9,14,17
9482,9,18,8
9483,9,4,18
9484,9,4,18
9485,9,14,17
9486,9,11,6
9487,9,13,14
9488,9,3,7
9489,9,14,17
9490,9,3,7
9491,9,3,7
9492,9,18,8
9493,9,2,9
9494,9,6,4
9495,9,12,1
9496,9,3,7
9497,9,0,19
9498,9,6,4
9499,9,4,18
9500,9,2,9
9501,9,1,10
9502,9,14,17
9503,9,11,6
9504,9,14,17
9505,9,11,6
9506,9,4,18
9507,9,11,6
9508,9,1,10
9509,9,11,6
9510,9,8,16
9511,9,2,9
9512,9,14,17
9513,9,1,10
9514,9,3,7
9515,9,14,17
9516,9,3,7
9517,9,18,8
9518,9,3,7
9519,9,8,16
9520,9,9,11
9521,9,11,6
9522,9,3,7
9523,9,14,17
9524,9,10,2
9525,9,11,6
9526,9,18,8
9527,9,1,10
9528,9,4,18
9529,9,1,10
9530,9,4,18
9531,9,3,7
9532,9,14,17
9533,9,4,18
9534,9,14,17
9535,9,14,17
9536,9,1,10
9537,9,1,10
9538,9,2,9
9539,9,3,7
9540,9,10,2
9541,9,3,7
9542,9,14,17
9543,9,11,6
9544,9,6,4
9545,9,12,1
9546,9,4,18
9547,9,4,18
9548,9,1,10
9549,9,3,7
9550,9,12,1
9551,9,1,10
9552,9,1,10
9553,9,4,18
9554,9,11,6
9555,9,14,17
9556,9,14,17
9557,9,0,19
9558,9,6,4
9559,9,1,10
9560,9,3,7
9561,9,13,14
9562,9,2,9
9563,9,1,10
9564,9,4,18
9565,9,3,7
9566,9,1,10
9567,9,11,6
9568,9,13,14
9569,9,8,16
9570,9,6,4
9571,9,12,1
9572,9,18,8
9573,9,5,13
9574,9,0,19
9575,9,3,7
9576,9,0,19
9577,9,0,19
9578,9,11,6
9579,9,8,16
9580,9,3,7
9581,9,1,10
9582,9,11,6
9583,9,14,17
9584,9,15,15
9585,9,6,4
9586,9,6,4
9587,9,6,4
9588,9,14,17
9589,9,3,7
9590,9,4,18
9591,9,18,8
9592,9,8,16
9593,9,2,9
9594,9,3,7
9595,9,6,4
9596,9,2,9
9597,9,12,1
9598,9,1,10
9599,9,3,7
9600,9,11,6
9601,9,2,9
9602,9,3,7
9603,9,8,16
9604,9,14,17
9605,9,12,1
9606,9,2,9
9607,9,9,11
9608,9,3,7
9609,9,1,10
9610,9,2,9
9611,9,13,14
9612,9,10,2
9613,9,14,17
9614,9,3,7
9615,9,4,18
9616,9,3,7
9617,9,1,10
9618,9,0,19
9619,9,11,6
9620,9,12,1
9621,9,3,7
9622,9,0,19
9623,9,6,4
9624,9,11,6
9625,9,14,17
9626,9,14,17
9627,9,1,10
9628,9,3,7
9629,9,2,9
9630,9,14,17
9631,9,18,8
9632,9,10,2
9633,9,3,7
9634,9,14,17
9635,9,6,4
9636,9,3,7
9637,9,14,17
9638,9,3,7
9639,9,14,17
9640,9,9,11
9641,9,1,10
9642,9,11,6
9643,9,3,7
9644,9,13,14
9645,9,11,6
9646,9,12,1
9647,9,10,2
9648,9,12,1
9649,9,4,18
9650,9,3,7
9651,9,3,7
9652,9,9,11
9653,9,4,18
9654,9,14,17
9655,9,11,6
9656,9,3,7
9657,9,5,13
9658,9,12,1
9659,9,1,10
9660,9,9,11
9661,9,3,7
9662,9,8,16
9663,9,14,17
9664,9,13,14
9665,9,0,19
9666,9,3,7
9667,9,10,2
9668,9,14,17
9669,9,11,6
9670,9,11,6
9671,9,14,17
9672,9,6,4
9673,9,12,1
9674,9,3,7
9675,9,4,18
9676,9,4,18
9677,9,4,18
9678,9,3,7
9679,9,14,17
9680,9,0,19
9681,9,3,7
9682,9,13,14
9683,9,3,7
9684,9,18,8
9685,9,6,4
9686,9,9,11
9687,9,1,10
9688,9,1,10
9689,9,1,10
9690,9,5,13
9691,9,3,7
9692,9,14,17
9693,9,3,7
9694,9,11,6
9695,9,11,6
9696,9,8,16
9697,9,6,4
9698,9,6,4
9699,9,18,8
9700,9,6,4
9701,9,11,6
9702,9,2,9
9703,9,18,8
9704,9,12,1
9705,9,5,13
9706,9,3,7
9707,9,3,7
9708,9,2,9
9709,9,2,9
9710,9,10,2
9711,9,1,10
9712,9,14,17
9713,9,3,7
9714,9,9,11
9715,9,11,6
9716,9,9,11
9717,9,14,17
9718,9,3,7
9719,9,3,7
9720,9,2,9
9721,9,1,10
9722,9,9,11
9723,9,3,7
9724,9,6,4
9725,9,9,11
9726,9,2,9
9727,9,1,10
9728,9,3,7
9729,9,14,17
9730,9,3,7
9731,9,10,2
9732,9,11,6
9733,9,2,9
9734,9,14,17
9735,9,3,7
9736,9,13,14
9737,9,0,19
9738,9,10,2
9739,9,8,16
9740,9,10,2
9741,9,11,6
9742,9,4,18
9743,9,6,4
9744,9,6,4
9745,9,0,19
9746,9,10,2
9747,9,2,9
9748,9,10,2
9749,9,3,7
9750,9,6,4
9751,9,14,17
9752,9,12,1
9753,9,14,17
9754,9,3,7
9755,9,3,7
9756,9,14,17
9757,9,1,10
9758,9,11,6
9759,9,4,18
9760,9,3,7
9761,9,13,14
9762,9,1,10
9763,9,3,7
9764,9,3,7
9765,9,3,7
9766,9,3,7
9767,9,11,6
9768,9,13,14
9769,9,3,7
9770,9,11,6
9771,9,6,4
9772,9,3,7
9773,9,3,7
9774,9,14,17
9775,9,6,4
9776,9,13,14
9777,9,13,14
9778,9,13,14
9779,9,10,2
9780,9,4,18
9781,9,10,2
9782,9,1,10
9783,9,2,9
9784,9,3,7
9785,9,3,7
9786,9,14,17
9787,9,3,7
9788,9,2,9
9789,9,9,11
9790,9,9,11
9791,9,3,7
9792,9,9,11
9793,9,1,10
9794,9,8,16
9795,9,2,9
9796,9,14,17
9797,9,14,17
9798,9,18,8
9799,9,3,7
9800,9,13,14
9801,9,3,7
9802,9,3,7
9803,9,8,16
9804,9,2,9
9805,9,6,4
9806,9,1,10
9807,9,5,13
9808,9,4,18
9809,9,11,6
9810,9,18,8
9811,9,10,2
9812,9,2,9
9813,9,14,17
9814,9,3,7
9815,9,2,9
9816,9,12,1
9817,9,3,7
9818,9,3,7
9819,9,1,10
9820,9,14,17
9821,9,14,17
9822,9,3,7
9823,9,9,11
9824,9,12,1
9825,9,14,17
9826,9,11,6
9827,9,18,8
9828,9,4,18
9829,9,6,4
9830,9,6,4
9831,9,6,4
9832,9,6,4
9833,9,14,17
9834,9,4,18
9835,9,4,18
9836,9,9,11
9837,9,3,7
9838,9,6,4
9839,9,8,16
9840,9,3,7
9841,9,4,18
9842,9,3,7
9843,9,8,16
9844,9,11,6
9845,9,18,8
9846,9,3,7
9847,9,1,10
9848,9,3,7
9849,9,12,1
9850,9,18,8
9851,9,4,18
9852,9,3,7
9853,9,6,4
9854,9,3,7
9855,9,11,6
9856,9,8,16
9857,9,4,18
9858,9,3,7
9859,9,14,17
9860,9,1,10
9861,9,1,10
9862,9,14,17
9863,9,13,14
9864,9,18,8
9865,9,2,9
9866,9,8,16
9867,9,12,1
9868,9,14,17
9869,9,11,6
9870,9,2,9
9871,9,14,17
9872,9,3,7
9873,9,3,7
9874,9,14,17
9875,9,9,11
9876,9,11,6
9877,9,2,9
9878,9,14,17
9879,9,8,16
9880,9,9,11
9881,9,8,16
9882,9,3,7
9883,9,9,11
9884,9,10,2
9885,9,1,10
9886,9,9,11
9887,9,3,7
9888,9,14,17
9889,9,12,1
9890,9,1,10
9891,9,1,10
9892,9,11,6
9893,9,1,10
9894,9,1,10
9895,9,11,6
9896,9,2,9
9897,9,3,7
9898,9,4,18
9899,9,4,18
9900,9,18,8
9901,9,3,7
9902,9,4,18
9903,9,12,1
9904,9,3,7
9905,9,14,17
9906,9,1,10
9907,9,1,10
9908,9,12,1
9909,9,2,9
9910,9,6,4
9911,9,12,1
9912,9,2,9
9913,9,4,18
9914,9,1,10
9915,9,2,9
9916,9,11,6
9917,9,2,9
9918,9,18,8
9919,9,4,18
9920,9,11,6
9921,9,11,6
9922,9,3,7
9923,9,10,2
9924,9,1,10
9925,9,10,2
9926,9,5,13
9927,9,2,9
9928,9,14,17
9929,9,3,7
9930,9,13,14
9931,9,4,18
9932,9,3,7
9933,9,14,17
9934,9,14,17
9935,9,8,16
9936,9,2,9
9937,9,3,7
9938,9,3,7
9939,9,1,10
9940,9,6,4
9941,9,2,9
9942,9,2,9
9943,9,14,17
9944,9,1,10
9945,9,14,17
9946,9,9,11
9947,9,14,17
9948,9,2,9
9949,9,1,10
9950,9,10,2
9951,9,1,10
9952,9,2,9
9953,9,14,17
9954,9,8,16
9955,9,4,18
9956,9,3,7
9957,9,13,14
9958,9,3,7
9959,9,3,7
9960,9,9,11
9961,9,1,10
9962,9,3,7
9963,9,3,7
9964,9,6,4
9965,9,14,17
9966,9,3,7
9967,9,8,16
9968,9,5,13
9969,9,12,1
9970,9,3,7
9971,9,3,7
9972,9,6,4
9973,9,4,18
9974,9,11,6
9975,9,14,17
9976,9,14,17
9977,9,3,7
9978,9,1,10
9979,9,1,10
9980,9,14,17
9981,9,14,17
9982,9,10,2
9983,9,2,9
9984,9,4,18
9985,9,9,11
9986,9,2,9
9987,9,2,9
9988,9,4,18
9989,9,2,9
9990,9,1,10
9991,9,8,16
9992,9,1,10
9993,9,6,4
9994,9,0,19
9995,9,6,4
9996,9,3,7
9997,9,14,17
9998,9,9,11
9999,9,4,18
10000,9,2,9
10001,9,1,10
10002,9,14,17
10003,9,3,7
10004,9,13,14
10005,9,14,17
10006,9,14,17
10007,9,2,9
10008,9,8,16
10009,9,3,7
10010,9,13,14
10011,9,4,18
10012,9,0,19
10013,9,2,9
10014,9,9,11
10015,9,11,6
10016,9,15,15
10017,9,5,13
10018,10,3,7
10019,10,3,7
10020,10,4,18
10021,10,3,7
10022,10,2,9
10023,10,9,11
10024,10,4,18
10025,10,2,9
10026,10,5,13
10027,10,4,18
10028,10,9,11
10029,10,9,11
10030,10,3,7
10031,10,8,16
10032,10,4,18
10033,10,2,9
10034,10,9,11
10035,10,1,10
10036,10,3,7
10037,10,0,19
10038,10,2,9
10039,10,5,13
10040,10,3,7
10041,10,14,17
10042,10,9,11
10043,10,11,6
10044,10,3,7
10045,10,5,13
10046,10,5,13
10047,10,14,17
10048,10,3,7
10049,10,8,16
10050,10,1,10
10051,10,2,9
10052,10,3,7
10053,10,14,17
10054,10,3,7
10055,10,14,17
10056,10,1,10
10057,10,4,18
10058,10,4,18
10059,10,15,15
10060,10,3,7
10061,10,14,17
10062,10,14,17
10063,10,14,17
10064,10,18,8
10065,10,3,7
10066,10,8,16
10067,10,2,9
10068,10,18,8
10069,10,14,17
10070,10,4,18
10071,10,6,4
10072,10,4,18
10073,10,6,4
10074,10,14,17
10075,10,9,11
10076,10,3,7
10077,10,14,17
10078,10,13,14
10079,10,3,7
10080,10,15,15
10081,10,11,6
10082,10,5,13
10083,10,18,8
10084,10,15,15
10085,10,6,4
10086,10,1,10
10087,10,2,9
10088,10,18,8
10089,10,2,9
10090,10,1,10
10091,10,6,4
10092,10,10,2
10093,10,1,10
10094,10,5,13
10095,10,1,10
10096,10,1,10
10097,10,2,9
10098,10,10,2
10099,10,3,7
10100,10,4,18
10101,10,11,6
10102,10,11,6
10103,10,4,18
10104,10,9,11
10105,10,14,17
10106,10,1,10
10107,10,8,16
10108,10,9,11
10109,10,12,1
10110,10,6,4
10111,10,14,17
10112,10,3,7
10113,10,6,4
10114,10,4,18
10115,10,10,2
10116,10,1,10
10117,10,3,7
10118,10,9,11
10119,10,4,18
10120,10,11,6
10121,10,14,17
10122,10,9,11
10123,10,11,6
10124,10,4,18
10125,10,4,18
10126,10,5,13
10127,10,1,10
10128,10,5,13
10129,10,3,7
10130,10,1,10
10131,10,14,17
10132,10,1,10
10133,10,3,7
10134,10,3,7
10135,10,8,16
10136,10,3,7
10137,10,3,7
10138,10,11,6
10139,10,14,17
10140,10,13,14
10141,10,1,10
10142,10,3,7
10143,10,0,19
10144,10,10,2
10145,10,4,18
10146,10,11,6
10147,10,10,2
10148,10,0,19
10149,10,0,19
10150,10,3,7
10151,10,11,6
10152,10,14,17
10153,10,6,4
10154,10,1,10
10155,10,13,14
10156,10,1,10
10157,10,3,7
10158,10,3,7
10159,10,14,17
10160,10,14,17
10161,10,15,15
10162,10,3,7
10163,10,3,7
10164,10,11,6
10165,10,4,18
10166,10,11,6
10167,10,6,4
10168,10,2,9
10169,10,3,7
10170,10,12,1
10171,10,4,18
10172,10,9,11
10173,10,3,7
10174,10,0,19
10175,10,6,4
10176,10,13,14
10177,10,3,7
10178,10,14,17
10179,10,1,10
10180,10,3,7
10181,10,10,2
10182,10,2,9
10183,10,14,17
10184,10,3,7
10185,10,2,9
10186,10,3,7
10187,10,11,6
10188,10,1,10
10189,10,3,7
10190,10,3,7
10191,10,6,4
10192,10,11,6
10193,10,2,9
10194,10,11,6
10195,10,3,7
10196,10,2,9
10197,10,4,18
10198,10,1,10
10199,10,14,17
10200,10,1,10
10201,10,1,10
10202,10,11,6
10203,10,2,9
10204,10,11,6
10205,10,10,2
10206,10,3,7
10207,10,13,14
10208,10,6,4
10209,10,14,17
10210,10,4,18
10211,10,8,16
10212,10,18,8
10213,10,5,13
10214,10,4,18
10215,10,6,4
10216,10,10,2
10217,10,14,17
10218,10,1,10
10219,10,4,18
10220,10,14,17
10221,10,14,17
10222,10,0,19
10223,10,2,9
10224,10,2,9
10225,10,4,18
10226,10,11,6
10227,10,8,16
10228,10,13,14
10229,10,11,6
10230,10,1,10
10231,10,14,17
10232,10,14,17
10233,10,4,18
10234,10,13,14
10235,10,5,13
10236,10,4,18
10237,10,14,17
10238,10,14,17
10239,10,9,11
10240,10,3,7
10241,10,5,13
10242,10,3,7
10243,10,4,18
10244,10,8,16
10245,10,2,9
10246,10,14,17
10247,10,4,18
10248,10,11,6
10249,10,3,7
10250,10,3,7
10251,10,2,9
10252,10,9,11
10253,10,6,4
10254,10,3,7
10255,10,3,7
10256,10,4,18
10257,10,1,10
10258,10,3,7
10259,10,1,10
10260,10,14,17
10261,10,3,7
10262,10,6,4
10263,10,18,8
10264,10,3,7
10265,10,3,7
10266,10,12,1
10267,10,0,19
10268,10,3,7
10269,10,8,16
10270,10,11,6
10271,10,3,7
10272,10,11,6
10273,10,9,11
10274,10,11,6
10275,10,18,8
10276,10,0,19
10277,10,14,17
10278,10,9,11
10279,10,8,16
10280,10,3,7
10281,10,4,18
10282,10,9,11
10283,10,12,1
10284,10,18,8
10285,10,11,6
10286,10,8,16
10287,10,14,17
10288,10,6,4
10289,10,15,15
10290,10,9,11
10291,10,13,14
10292,10,1,10
10293,10,14,17
10294,10,1,10
10295,10,11,6
10296,10,3,7
10297,10,15,15
10298,10,8,16
10299,10,6,4
10300,10,14,17
10301,10,11,6
10302,10,6,4
10303,10,14,17
10304,10,4,18
10305,10,8,16
10306,10,14,17
10307,10,11,6
10308,10,1,10
10309,10,8,16
10310,10,9,11
10311,10,10,2
10312,10,2,9
10313,10,6,4
10314,10,3,7
10315,10,2,9
10316,10,3,7
10317,10,13,14
10318,10,4,18
10319,10,11,6
10320,10,14,17
10321,10,11,6
10322,10,13,14
10323,10,3,7
10324,10,11,6
10325,10,6,4
10326,10,6,4
10327,10,14,17
10328,10,11,6
10329,10,6,4
10330,10,2,9
10331,10,18,8
10332,10,4,18
10333,10,3,7
10334,10,6,4
10335,10,3,7
10336,10,3,7
10337,10,2,9
10338,10,14,17
10339,10,15,15
10340,10,1,10
10341,10,14,17
10342,10,2,9
10343,10,3,7
10344,10,10,2
10345,10,2,9
10346,10,3,7
10347,10,4,18
10348,10,3,7
10349,10,6,4
10350,10,4,18
10351,10,3,7
10352,10,12,1
10353,10,3,7
10354,10,3,7
10355,10,3,7
10356,10,9,11
10357,10,2,9
10358,10,13,14
10359,10,2,9
10360,10,18,8
10361,10,3,7
10362,10,3,7
10363,10,3,7
10364,10,3,7
10365,10,4,18
10366,10,11,6
10367,10,11,6
10368,10,8,16
10369,10,14,17
10370,10,2,9
10371,10,3,7
10372,10,11,6
10373,10,4,18
10374,10,5,13
10375,10,12,1
10376,10,11,6
10377,10,9,11
10378,10,12,1
10379,10,14,17
10380,10,14,17
10381,10,14,17
10382,10,6,4
10383,10,10,2
10384,10,4,18
10385,10,6,4
10386,10,9,11
10387,10,11,6
10388,10,3,7
10389,10,3,7
10390,10,9,11
10391,10,6,4
10392,10,5,13
10393,10,11,6
10394,10,1,10
10395,10,11,6
10396,10,15,15
10397,10,1,10
10398,10,3,7
10399,10,10,2
10400,10,11,6
10401,10,10,2
10402,10,1,10
10403,10,4,18
10404,10,3,7
10405,10,4,18
10406,10,14,17
10407,10,3,7
10408,10,5,13
10409,10,10,2
10410,10,3,7
10411,10,4,18
10412,10,13,14
10413,10,14,17
10414,10,1,10
10415,10,14,17
10416,10,1,10
10417,10,11,6
10418,10,1,10
10419,10,1,10
10420,10,14,17
10421,10,14,17
10422,10,0,19
10423,10,1,10
10424,10,11,6
10425,10,1,10
10426,10,1,10
10427,10,1,10
10428,10,13,14
10429,10,14,17
10430,10,1,10
10431,10,1,10
10432,10,8,16
10433,10,1,10
10434,10,1,10
10435,10,11,6
10436,10,1,10
10437,10,1,10
10438,10,1,10
10439,10,1,10
10440,10,0,19
10441,10,17,12
10442,10,17,12
10443,10,8,16
10444,10,1,10
10445,10,13,14
10446,10,14,17
10447,10,1,10
10448,10,1,10
10449,10,1,10
10450,10,14,17
10451,10,2,9
10452,10,14,17
10453,10,14,17
10454,10,17,12
10455,10,0,19
10456,10,17,12
10457,10,17,12
10458,10,12,1
10459,10,11,6
10460,10,11,6
10461,10,11,6
10462,10,17,12
10463,10,12,1
10464,10,1,10
10465,10,14,17
10466,10,1,10
10467,10,1,10
10468,10,3,7
10469,10,1,10
10470,10,14,17
10471,10,1,10
10472,10,1,10
10473,10,1,10
10474,10,1,10
10475,10,6,4
10476,10,17,12
10477,10,1,10
10478,10,4,18
10479,10,6,4
10480,10,2,9
10481,10,11,6
10482,10,14,17
10483,10,4,18
10484,10,2,9
10485,10,1,10
10486,10,5,13
10487,10,1,10
10488,10,14,17
10489,10,8,16
10490,10,17,12
10491,10,17,12
10492,10,18,8
10493,10,10,2
10494,10,6,4
10495,10,0,19
10496,10,3,7
10497,10,14,17
10498,10,15,15
10499,10,10,2
10500,10,1,10
10501,10,1,10
10502,10,5,13
10503,10,14,17
10504,10,6,4
10505,10,0,19
10506,10,1,10
10507,10,1,10
10508,10,14,17
10509,10,1,10
10510,10,11,6
10511,10,8,16
10512,10,14,17
10513,10,1,10
10514,10,0,19
10515,10,11,6
10516,10,0,19
10517,10,1,10
10518,10,11,6
10519,10,14,17
10520,10,6,4
10521,10,1,10
10522,10,3,7
10523,10,14,17
10524,10,17,12
10525,10,6,4
10526,10,1,10
10527,10,2,9
10528,10,2,9
10529,10,11,6
10530,10,3,7
10531,10,9,11
10532,10,4,18
10533,10,3,7
10534,10,17,12
10535,10,17,12
10536,10,14,17
10537,10,14,17
10538,10,3,7
10539,10,1,10
10540,10,1,10
10541,10,1,10
10542,10,1,10
10543,10,1,10
10544,10,1,10
10545,10,4,18
10546,10,1,10
10547,10,1,10
10548,10,14,17
10549,10,14,17
10550,10,0,19
10551,10,3,7
10552,10,14,17
10553,10,1,10
10554,10,14,17
10555,10,17,12
10556,10,8,16
10557,10,1,10
10558,10,13,14
10559,10,15,15
10560,10,11,6
10561,10,14,17
10562,10,1,10
10563,10,17,12
10564,10,14,17
10565,10,2,9
10566,10,2,9
10567,10,14,17
10568,10,2,9
10569,10,1,10
10570,10,1,10
10571,10,14,17
10572,10,14,17
10573,10,1,10
10574,10,6,4
10575,10,1,10
10576,10,14,17
10577,10,1,10
10578,10,6,4
10579,10,2,9
10580,10,3,7
10581,10,1,10
10582,10,3,7
10583,10,3,7
10584,10,1,10
10585,10,1,10
10586,10,3,7
10587,10,1,10
10588,10,14,17
10589,10,14,17
10590,10,10,2
10591,10,13,14
10592,10,17,12
10593,10,1,10
10594,10,6,4
10595,10,2,9
10596,10,14,17
10597,10,14,17
10598,10,14,17
10599,10,13,14
10600,10,1,10
10601,10,14,17
10602,10,1,10
10603,10,1,10
10604,10,1,10
10605,10,1,10
10606,10,2,9
10607,10,17,12
10608,10,1,10
10609,10,14,17
10610,10,1,10
10611,10,14,17
10612,10,1,10
10613,10,6,4
10614,10,11,6
10615,10,11,6
10616,10,3,7
10617,10,14,17
10618,10,1,10
10619,10,10,2
10620,10,14,17
10621,10,14,17
10622,10,17,12
10623,10,1,10
10624,10,1,10
10625,10,13,14
10626,10,5,13
10627,10,4,18
10628,10,15,15
10629,10,17,12
10630,10,1,10
10631,10,15,15
10632,10,14,17
10633,10,5,13
10634,10,1,10
10635,10,1,10
10636,10,1,10
10637,10,1,10
10638,10,1,10
10639,10,10,2
10640,10,17,12
10641,10,1,10
10642,10,1,10
10643,10,14,17
10644,10,13,14
10645,10,8,16
10646,10,1,10
10647,10,1,10
10648,10,2,9
10649,10,14,17
10650,10,14,17
10651,10,17,12
10652,10,2,9
10653,10,1,10
10654,10,1,10
10655,10,1,10
10656,10,2,9
10657,10,1,10
10658,10,17,12
10659,10,1,10
10660,10,9,11
10661,10,15,15
10662,10,17,12
10663,10,1,10
10664,10,2,9
10665,10,3,7
10666,10,1,10
10667,10,8,16
10668,10,17,12
10669,10,3,7
10670,10,3,7
10671,10,1,10
10672,10,2,9
10673,10,11,6
10674,10,17,12
10675,10,17,12
10676,10,14,17
10677,10,10,2
10678,10,4,18
10679,10,17,12
10680,10,4,18
10681,10,4,18
10682,10,1,10
10683,10,15,15
10684,10,1,10
10685,10,14,17
10686,10,14,17
10687,10,14,17
10688,10,14,17
10689,10,1,10
10690,10,14,17
10691,10,10,2
10692,10,1,10
10693,10,14,17
10694,10,11,6
10695,10,14,17
10696,10,0,19
10697,10,0,19
10698,10,14,17
10699,10,14,17
10700,10,1,10
10701,10,12,1
10702,10,2,9
10703,10,2,9
10704,10,5,13
10705,10,6,4
10706,10,14,17
10707,10,15,15
10708,10,1,10
10709,10,17,12
10710,10,8,16
10711,10,8,16
10712,10,5,13
10713,10,5,13
10714,10,1,10
10715,10,10,2
10716,10,4,18
10717,10,17,12
10718,10,14,17
10719,10,14,17
10720,10,0,19
10721,10,3,7
10722,10,1,10
10723,10,14,17
10724,10,14,17
10725,10,10,2
10726,10,10,2
10727,10,1,10
10728,10,1,10
10729,10,1,10
10730,10,4,18
10731,10,10,2
10732,10,17,12
10733,10,1,10
10734,10,11,6
10735,10,2,9
10736,10,18,8
10737,10,14,17
10738,10,2,9
10739,10,11,6
10740,10,6,4
10741,10,1,10
10742,10,0,19
10743,10,1,10
10744,10,14,17
10745,10,14,17
10746,10,13,14
10747,10,1,10
10748,10,1,10
10749,10,1,10
10750,10,5,13
10751,10,1,10
10752,10,6,4
10753,10,11,6
10754,10,17,12
10755,10,14,17
10756,10,14,17
10757,10,5,13
10758,10,18,8
10759,10,14,17
10760,10,6,4
10761,10,1,10
10762,10,10,2
10763,10,17,12
10764,10,13,14
10765,10,10,2
10766,10,4,18
10767,10,11,6
10768,10,4,18
10769,10,14,17
10770,10,1,10
10771,10,1,10
10772,10,10,2
10773,10,0,19
10774,10,11,6
10775,10,1,10
10776,10,4,18
10777,10,1,10
10778,10,13,14
10779,10,17,12
10780,10,17,12
10781,10,1,10
10782,10,1,10
10783,10,17,12
10784,10,13,14
10785,10,14,17
10786,10,1,10
10787,10,13,14
10788,10,14,17
10789,10,1,10
10790,10,14,17
10791,10,4,18
10792,10,3,7
10793,10,1,10
10794,10,14,17
10795,10,4,18
10796,10,1,10
10797,10,1,10
10798,10,1,10
10799,10,1,10
10800,10,6,4
10801,10,1,10
10802,10,6,4
10803,10,17,12
10804,10,17,12
10805,10,11,6
10806,10,13,14
10807,10,1,10
10808,10,1,10
10809,10,4,18
10810,10,1,10
10811,10,4,18
10812,10,17,12
10813,10,13,14
10814,10,1,10
10815,10,14,17
10816,10,6,4
10817,10,8,16
10818,10,11,6
10819,10,4,18
10820,10,14,17
10821,10,4,18
10822,10,10,2
10823,10,17,12
10824,10,1,10
10825,10,1,10
10826,10,1,10
10827,10,11,6
10828,10,17,12
10829,10,14,17
10830,10,13,14
10831,10,4,18
10832,10,0,19
10833,10,1,10
10834,10,2,9
10835,10,15,15
10836,10,13,14
10837,10,13,14
10838,10,13,14
10839,10,6,4
10840,10,6,4
10841,10,0,19
10842,10,11,6
10843,10,1,10
10844,10,14,17
10845,10,14,17
10846,10,14,17
10847,10,14,17
10848,10,15,15
10849,10,4,18
10850,10,11,6
10851,10,3,7
10852,10,3,7
10853,10,15,15
10854,10,13,14
10855,10,4,18
10856,10,5,13
10857,10,4,18
10858,10,13,14
10859,10,1,10
10860,10,1,10
10861,10,3,7
10862,10,14,17
10863,10,3,7
10864,10,1,10
10865,10,13,14
10866,10,1,10
10867,10,1,10
10868,10,1,10
10869,10,1,10
10870,10,1,10
10871,10,1,10
10872,10,1,10
10873,10,14,17
10874,10,4,18
10875,10,3,7
10876,10,4,18
10877,10,4,18
10878,10,3,7
10879,10,13,14
10880,10,11,6
10881,10,10,2
10882,10,9,11
10883,10,4,18
10884,10,4,18
10885,10,4,18
10886,10,4,18
10887,10,2,9
10888,10,11,6
10889,10,6,4
10890,10,14,17
10891,10,4,18
10892,10,8,16
10893,10,8,16
10894,10,0,19
10895,10,1,10
10896,10,5,13
10897,10,1,10
10898,10,17,12
10899,10,17,12
10900,10,14,17
10901,10,5,13
10902,10,3,7
10903,10,3,7
10904,10,11,6
10905,10,11,6
10906,10,11,6
10907,10,1,10
10908,10,1,10
10909,10,11,6
10910,10,1,10
10911,10,2,9
10912,10,14,17
10913,10,0,19
10914,10,4,18
10915,10,1,10
10916,10,1,10
10917,10,1,10
10918,10,13,14
10919,10,17,12
10920,10,1,10
10921,10,1,10
10922,10,1,10
10923,10,14,17
10924,10,1,10
10925,10,1,10
10926,10,14,17
10927,10,4,18
10928,10,1,10
10929,10,1,10
10930,10,1,10
10931,10,4,18
10932,10,13,14
10933,10,14,17
10934,10,11,6
10935,10,13,14
10936,10,13,14
10937,10,13,14
10938,10,14,17
10939,10,14,17
10940,10,1,10
10941,10,17,12
10942,10,4,18
10943,10,13,14
10944,10,1,10
10945,10,17,12
10946,10,4,18
10947,10,1,10
10948,10,13,14
10949,10,13,14
10950,10,14,17
10951,10,3,7
10952,10,5,13
10953,10,14,17
10954,10,9,11
10955,10,3,7
10956,10,2,9
10957,10,13,14
10958,10,4,18
10959,10,0,19
10960,10,14,17
10961,10,4,18
10962,10,0,19
10963,10,11,6
10964,10,1,10
10965,10,14,17
10966,10,14,17
10967,10,1,10
10968,10,14,17
10969,10,1,10
10970,10,13,14
10971,10,14,17
10972,10,1,10
10973,10,1,10
10974,10,6,4
10975,10,5,13
10976,10,10,2
10977,10,11,6
10978,10,14,17
10979,10,1,10
10980,10,17,12
10981,10,14,17
10982,10,10,2
10983,10,9,11
10984,10,1,10
10985,10,1,10
10986,10,1,10
10987,10,14,17
10988,10,4,18
10989,10,1,10
10990,10,1,10
10991,10,6,4
10992,10,11,6
10993,10,9,11
10994,10,9,11
10995,10,0,19
10996,10,14,17
10997,10,14,17
10998,10,14,17
10999,10,17,12
11000,10,13,14
11001,10,14,17
11002,10,17,12
11003,10,1,10
11004,10,1,10
11005,10,17,12
11006,10,17,12
11007,10,11,6
11008,10,1,10
11009,10,3,7
11010,10,10,2
11011,10,10,2
11012,10,14,17
11013,10,14,17
11014,10,14,17
11015,10,14,17
11016,10,10,2
11017,10,10,2
11018,10,1,10
11019,10,1,10
11020,10,14,17
11021,10,14,17
11022,10,1,10
11023,10,1,10
11024,10,14,17
11025,10,5,13
11026,10,11,6
11027,10,14,17
11028,10,2,9
11029,10,14,17
11030,10,17,12
11031,10,14,17
11032,10,1,10
11033,10,1,10
11034,10,1,10
11035,10,1,10
11036,10,1,10
11037,10,17,12
11038,10,17,12
11039,10,1,10
11040,10,1,10
11041,10,1,10
11042,10,9,11
11043,10,9,11
11044,10,14,17
11045,10,4,18
11046,10,3,7
11047,10,3,7
11048,10,11,6
11049,10,13,14
11050,10,1,10
11051,10,11,6
11052,10,13,14
11053,10,0,19
11054,10,4,18
11055,10,4,18
11056,10,10,2
11057,10,17,12
11058,10,14,17
11059,10,9,11
11060,10,1,10
11061,10,13,14
11062,10,13,14
11063,10,13,14
11064,10,14,17
11065,10,14,17
11066,10,14,17
11067,10,13,14
11068,10,11,6
11069,10,14,17
11070,10,6,4
11071,10,8,16
11072,10,10,2
11073,10,14,17
11074,10,2,9
11075,10,2,9
11076,10,14,17
11077,10,6,4
11078,10,1,10
11079,10,14,17
11080,10,1,10
11081,10,2,9
11082,10,2,9
11083,10,14,17
11084,10,14,17
11085,10,3,7
11086,10,13,14
11087,10,6,4
11088,10,4,18
11089,10,14,17
11090,10,5,13
11091,10,13,14
11092,10,13,14
11093,10,13,14
11094,10,0,19
11095,10,3,7
11096,10,3,7
11097,10,14,17
11098,10,8,16
11099,10,8,16
11100,10,1,10
11101,10,6,4
11102,10,1,10
11103,10,1,10
11104,10,1,10
11105,10,17,12
11106,10,1,10
11107,10,2,9
11108,10,4,18
11109,10,1,10
11110,10,1,10
11111,10,1,10
11112,10,6,4
11113,10,14,17
11114,10,17,12
11115,10,4,18
11116,10,2,9
11117,10,12,1
11118,10,1,10
11119,10,1,10
11120,10,0,19
11121,10,13,14
11122,10,17,12
11123,10,17,12
11124,10,11,6
11125,10,14,17
11126,10,1,10
11127,10,13,14
11128,10,4,18
11129,10,14,17
11130,10,6,4
11131,10,1,10
11132,10,1,10
11133,10,1,10
11134,10,17,12
11135,10,1,10
11136,10,3,7
11137,10,3,7
11138,10,14,17
11139,10,14,17
11140,10,14,17
11141,10,1,10
11142,10,1,10
11143,10,2,9
11144,10,6,4
11145,10,10,2
11146,10,1,10
11147,10,14,17
11148,10,1,10
11149,10,1,10
11150,10,1,10
11151,10,10,2
11152,10,17,12
11153,10,0,19
11154,10,0,19
11155,10,17,12
11156,10,4,18
11157,10,14,17
11158,10,4,18
11159,10,14,17
11160,10,6,4
11161,10,10,2
11162,10,1,10
11163,10,14,17
11164,10,2,9
11165,10,14,17
11166,10,14,17
11167,10,14,17
11168,10,1,10
11169,10,2,9
11170,10,2,9
11171,10,14,17
11172,10,14,17
11173,10,17,12
11174,10,8,16
11175,10,8,16
11176,10,8,16
11177,10,14,17
11178,10,4,18
11179,10,1,10
11180,10,17,12
11181,10,9,11
11182,10,15,15
11183,10,15,15
11184,10,14,17
11185,10,1,10
11186,10,18,8
11187,10,14,17
11188,10,2,9
11189,10,14,17
11190,10,14,17
11191,10,14,17
11192,10,1,10
11193,10,14,17
11194,10,14,17
11195,10,14,17
11196,10,1,10
11197,10,1,10
11198,10,3,7
11199,10,3,7
11200,10,1,10
11201,10,1,10
11202,10,1,10
11203,10,14,17
11204,10,4,18
11205,10,5,13
11206,10,6,4
11207,10,13,14
11208,10,4,18
11209,10,2,9
11210,10,1,10
11211,10,1,10
11212,10,13,14
11213,10,14,17
11214,10,18,8
11215,10,14,17
11216,10,14,17
11217,10,17,12
11218,10,1,10
11219,10,17,12
11220,10,14,17
11221,10,14,17
11222,10,14,17
11223,10,1,10
11224,10,1,10
11225,10,17,12
11226,10,1,10
11227,10,0,19
11228,10,13,14
11229,10,14,17
11230,10,14,17
11231,10,17,12
11232,10,14,17
11233,10,1,10
11234,10,17,12
11235,10,9,11
11236,10,9,11
11237,10,9,11
11238,10,11,6
11239,10,1,10
11240,10,1,10
11241,10,17,12
11242,10,1,10
11243,10,1,10
11244,10,6,4
11245,10,17,12
11246,10,4,18
11247,10,14,17
11248,10,14,17
11249,10,2,9
11250,10,4,18
11251,10,1,10
11252,10,6,4
11253,10,1,10
11254,10,1,10
11255,10,3,7
11256,10,17,12
11257,10,3,7
11258,10,18,8
11259,10,1,10
11260,10,1,10
11261,10,17,12
11262,10,1,10
11263,10,1,10
11264,10,2,9
11265,10,1,10
11266,10,2,9
11267,10,1,10
11268,10,14,17
11269,10,4,18
11270,10,4,18
11271,10,4,18
11272,10,0,19
11273,10,1,10
11274,10,1,10
11275,10,1,10
11276,10,1,10
11277,10,1,10
11278,10,1,10
11279,10,17,12
11280,10,17,12
11281,10,4,18
11282,10,4,18
11283,10,4,18
11284,10,17,12
11285,10,6,4
11286,10,4,18
11287,10,1,10
11288,10,3,7
11289,10,14,17
11290,10,14,17
11291,10,1,10
11292,10,1,10
11293,10,15,15
11294,10,10,2
11295,10,8,16
11296,10,5,13
11297,10,14,17
11298,10,14,17
11299,10,1,10
11300,10,1,10
11301,10,6,4
11302,10,0,19
11303,10,0,19
11304,10,5,13
11305,10,1,10
11306,10,1,10
11307,10,4,18
11308,10,4,18
11309,10,17,12
11310,10,3,7
11311,10,2,9
11312,10,2,9
11313,10,3,7
11314,10,3,7
11315,10,17,12
11316,10,3,7
11317,10,12,1
11318,10,1,10
11319,10,17,12
11320,10,4,18
11321,10,4,18
11322,10,1,10
11323,10,1,10
11324,10,1,10
11325,10,2,9
11326,10,1,10
11327,10,11,6
11328,10,1,10
11329,10,8,16
11330,10,2,9
11331,10,1,10
11332,10,1,10
11333,10,14,17
11334,10,5,13
11335,10,4,18
11336,10,4,18
11337,10,17,12
11338,10,14,17
11339,10,2,9
11340,10,17,12
11341,10,6,4
11342,10,8,16
11343,10,3,7
11344,10,8,16
11345,10,1,10
11346,10,4,18
11347,10,0,19
11348,10,14,17
11349,10,17,12
11350,10,14,17
11351,10,14,17
11352,10,17,12
11353,10,17,12
11354,10,11,6
11355,10,15,15
11356,10,3,7
11357,10,17,12
11358,10,11,6
11359,10,1,10
11360,10,13,14
11361,10,1,10
11362,10,13,14
11363,10,5,13
11364,10,1,10
11365,10,1,10
11366,10,0,19
11367,10,3,7
11368,10,13,14
11369,10,14,17
11370,10,14,17
11371,10,14,17
11372,10,3,7
11373,10,14,17
11374,10,5,13
11375,10,5,13
11376,10,6,4
11377,10,14,17
11378,10,3,7
11379,10,15,15
11380,10,2,9
11381,10,1,10
11382,10,14,17
11383,10,5,13
11384,10,4,18
11385,10,15,15
11386,10,14,17
11387,10,1,10
11388,10,3,7
11389,10,4,18
11390,10,8,16
11391,10,1,10
11392,10,6,4
11393,10,3,7
11394,10,1,10
11395,10,14,17
11396,10,6,4
11397,10,3,7
11398,10,14,17
11399,10,14,17
11400,10,6,4
11401,10,14,17
11402,10,14,17
11403,10,14,17
11404,10,0,19
11405,10,4,18
11406,10,13,14
11407,10,14,17
11408,10,14,17
11409,10,0,19
11410,10,17,12
11411,10,17,12
11412,10,3,7
11413,10,4,18
11414,10,4,18
11415,10,5,13
11416,10,10,2
11417,10,1,10
11418,10,11,6
11419,10,1,10
11420,10,12,1
11421,10,8,16
11422,10,14,17
11423,10,1,10
11424,10,6,4
11425,10,1,10
11426,10,6,4
11427,10,14,17
11428,10,4,18
11429,10,9,11
11430,10,14,17
11431,10,11,6
11432,10,11,6
11433,10,15,15
11434,10,17,12
11435,10,1,10
11436,10,15,15
11437,10,17,12
11438,10,1,10
11439,10,1,10
11440,10,1,10
11441,10,10,2
11442,10,4,18
11443,10,1,10
11444,10,4,18
11445,10,1,10
11446,10,14,17
11447,10,14,17
11448,10,14,17
11449,10,14,17
11450,10,10,2
11451,10,17,12
11452,10,14,17
11453,10,1,10
11454,10,14,17
11455,10,17,12
11456,10,1,10
11457,10,4,18
11458,10,2,9
11459,10,2,9
11460,10,11,6
11461,10,1,10
11462,10,10,2
11463,10,9,11
11464,10,5,13
11465,10,14,17
11466,10,14,17
11467,10,1,10
11468,10,1,10
11469,10,15,15
11470,10,1,10
11471,10,4,18
11472,10,3,7
11473,10,10,2
11474,10,3,7
11475,10,17,12
11476,10,1,10
11477,10,1,10
11478,10,8,16
11479,10,15,15
11480,10,1,10
11481,10,14,17
11482,10,1,10
11483,10,9,11
11484,10,14,17
11485,10,14,17
11486,10,14,17
11487,10,14,17
11488,10,14,17
11489,10,9,11
11490,10,1,10
11491,10,3,7
11492,10,3,7
11493,10,1,10
11494,10,1,10
11495,10,14,17
11496,10,14,17
11497,10,14,17
11498,10,0,19
11499,10,17,12
11500,10,14,17
11501,10,8,16
11502,10,8,16
11503,10,17,12
11504,10,5,13
11505,10,14,17
11506,10,1,10
11507,10,4,18
11508,10,1,10
11509,10,1,10
11510,10,14,17
11511,10,1,10
11512,10,14,17
11513,10,1,10
11514,10,14,17
11515,10,15,15
11516,10,14,17
11517,10,3,7
11518,10,3,7
11519,10,10,2
11520,10,3,7
11521,10,4,18
11522,10,1,10
11523,10,0,19
11524,10,3,7
11525,10,1,10
11526,10,14,17
11527,10,6,4
11528,10,11,6
11529,10,11,6
11530,10,11,6
11531,10,9,11
11532,10,4,18
11533,10,17,12
11534,10,1,10
11535,10,1,10
11536,10,1,10
11537,10,14,17
11538,10,1,10
11539,10,1,10
11540,10,14,17
11541,10,6,4
11542,10,14,17
11543,10,14,17
11544,10,1,10
11545,10,14,17
11546,10,14,17
11547,10,14,17
11548,10,5,13
11549,10,1,10
11550,10,4,18
11551,10,11,6
11552,10,1,10
11553,10,3,7
11554,10,3,7
11555,10,17,12
11556,10,8,16
11557,10,15,15
11558,10,1,10
11559,10,8,16
11560,10,14,17
11561,10,6,4
11562,10,2,9
11563,10,10,2
11564,10,14,17
11565,10,14,17
11566,10,10,2
11567,10,1,10
11568,10,12,1
11569,10,4,18
11570,10,1,10
11571,10,11,6
11572,10,11,6
11573,10,17,12
11574,10,14,17
11575,10,17,12
11576,10,14,17
11577,10,6,4
11578,10,3,7
11579,10,1,10
11580,10,1,10
11581,10,1,10
11582,10,1,10
11583,10,1,10
11584,10,0,19
11585,10,11,6
11586,10,1,10
11587,10,1,10
11588,10,14,17
11589,10,10,2
11590,10,4,18
11591,10,13,14
11592,10,6,4
11593,10,1,10
11594,10,13,14
11595,10,14,17
11596,10,11,6
11597,10,3,7
11598,10,6,4
11599,10,1,10
11600,10,14,17
11601,10,13,14
11602,10,13,14
11603,10,4,18
11604,10,4,18
11605,10,1,10
11606,10,1,10
11607,10,12,1
11608,10,14,17
11609,10,9,11
11610,10,3,7
11611,10,2,9
11612,10,11,6
11613,10,14,17
11614,10,1,10
11615,10,1,10
11616,10,15,15
11617,10,1,10
11618,10,17,12
11619,10,17,12
11620,10,17,12
11621,10,11,6
11622,10,17,12
11623,10,17,12
11624,10,17,12
11625,10,15,15
11626,10,11,6
11627,10,17,12
11628,10,6,4
11629,10,1,10
11630,10,14,17
11631,10,14,17
11632,10,1,10
11633,10,1,10
11634,10,1,10
11635,10,15,15
11636,10,1,10
11637,10,6,4
11638,10,17,12
11639,10,2,9
11640,10,2,9
11641,10,17,12
11642,10,6,4
11643,10,15,15
11644,10,17,12
11645,10,14,17
11646,10,12,1
11647,10,12,1
11648,10,4,18
11649,10,4,18
11650,10,6,4
11651,10,2,9
11652,10,14,17
11653,10,3,7
11654,10,3,7
11655,10,3,7
11656,10,13,14
11657,10,17,12
11658,10,17,12
11659,10,5,13
11660,10,3,7
11661,10,3,7
11662,10,10,2
11663,10,15,15
11664,10,1,10
11665,10,1,10
11666,10,6,4
11667,10,17,12
11668,10,2,9
11669,10,10,2
11670,10,12,1
11671,10,10,2
11672,10,13,14
11673,10,1,10
11674,10,1,10
11675,10,3,7
11676,10,14,17
11677,10,1,10
11678,10,1,10
11679,10,1,10
11680,10,4,18
11681,10,12,1
11682,10,0,19
11683,10,4,18
11684,10,4,18
11685,10,14,17
11686,10,0,19
11687,10,17,12
11688,10,6,4
11689,10,6,4
11690,10,14,17
11691,10,14,17
11692,10,14,17
11693,10,14,17
11694,10,11,6
11695,10,17,12
11696,10,14,17
11697,10,14,17
11698,10,14,17
11699,10,14,17
11700,10,1,10
11701,10,17,12
11702,10,17,12
11703,10,5,13
11704,10,15,15
11705,10,2,9
11706,10,6,4
11707,10,6,4
11708,10,17,12
11709,10,17,12
11710,10,17,12
11711,10,14,17
11712,10,1,10
11713,10,1,10
11714,10,1,10
11715,10,1,10
11716,10,2,9
11717,10,1,10
11718,10,13,14
11719,10,5,13
11720,10,4,18
11721,10,14,17
11722,10,1,10
11723,10,1,10
11724,10,1,10
11725,10,0,19
11726,10,13,14
11727,10,13,14
11728,10,11,6
11729,10,14,17
11730,10,5,13
11731,10,4,18
11732,10,13,14
11733,10,14,17
11734,10,0,19
11735,10,1,10
11736,10,14,17
11737,10,12,1
11738,10,3,7
11739,10,6,4
11740,10,3,7
11741,10,1,10
11742,10,14,17
11743,10,1,10
11744,10,1,10
11745,10,1,10
11746,10,14,17
11747,10,1,10
11748,10,1,10
11749,10,3,7
11750,10,5,13
11751,10,1,10
11752,10,10,2
11753,10,2,9
11754,10,3,7
11755,10,14,17
11756,10,14,17
11757,10,9,11
11758,10,1,10
11759,10,1,10
11760,10,1,10
11761,10,1,10
11762,10,2,9
11763,10,4,18
11764,10,4,18
11765,10,14,17
11766,10,6,4
11767,10,1,10
11768,10,8,16
11769,10,8,16
11770,10,8,16
11771,10,14,17
11772,10,1,10
11773,10,3,7
11774,10,3,7
11775,10,10,2
11776,10,1,10
11777,10,4,18
11778,10,14,17
11779,10,9,11
11780,10,14,17
11781,10,14,17
11782,10,6,4
11783,10,10,2
11784,10,1,10
11785,10,1,10
11786,10,1,10
11787,10,9,11
11788,10,2,9
11789,10,2,9
11790,10,10,2
11791,10,1,10
11792,10,6,4
11793,10,3,7
11794,10,1,10
11795,10,15,15
11796,10,2,9
11797,10,3,7
11798,10,14,17
11799,10,12,1
11800,10,3,7
11801,10,1,10
11802,10,1,10
11803,10,15,15
11804,10,17,12
11805,10,14,17
11806,10,0,19
11807,10,14,17
11808,10,14,17
11809,10,17,12
11810,10,1,10
11811,10,1,10
11812,10,13,14
11813,10,2,9
11814,10,11,6
11815,10,13,14
11816,10,1,10
11817,10,14,17
11818,10,4,18
11819,10,10,2
11820,10,13,14
11821,10,1,10
11822,10,3,7
11823,10,11,6
11824,10,12,1
11825,10,2,9
11826,10,14,17
11827,10,14,17
11828,10,11,6
11829,10,1,10
11830,10,2,9
11831,10,8,16
11832,10,17,12
11833,10,1,10
11834,10,14,17
11835,10,14,17
11836,10,11,6
11837,10,11,6
11838,10,4,18
11839,10,5,13
11840,10,1,10
11841,10,14,17
11842,10,11,6
11843,10,14,17
11844,10,5,13
11845,10,14,17
11846,10,14,17
11847,10,1,10
11848,10,1,10
11849,10,1,10
11850,10,6,4
11851,10,17,12
11852,10,1,10
11853,10,1,10
11854,10,1,10
11855,10,14,17
11856,10,14,17
11857,10,12,1
11858,10,17,12
11859,10,18,8
11860,10,1,10
11861,10,14,17
11862,10,1,10
11863,10,14,17
11864,10,14,17
11865,10,3,7
11866,10,3,7
11867,10,14,17
11868,10,14,17
11869,10,14,17
11870,10,4,18
11871,10,1,10
11872,10,4,18
11873,10,14,17
11874,10,11,6
11875,10,13,14
11876,10,4,18
11877,10,1,10
11878,10,5,13
11879,10,10,2
11880,10,14,17
11881,10,13,14
11882,10,2,9
11883,10,11,6
11884,10,1,10
11885,10,1,10
11886,10,14,17
11887,10,2,9
11888,10,12,1
11889,10,14,17
11890,10,17,12
11891,10,2,9
11892,10,14,17
11893,10,1,10
11894,10,1,10
11895,10,1,10
11896,10,4,18
11897,10,17,12
11898,10,1,10
11899,10,4,18
11900,10,4,18
11901,10,9,11
11902,10,17,12
11903,10,14,17
11904,10,14,17
11905,10,13,14
11906,10,14,17
11907,10,14,17
11908,10,13,14
11909,10,17,12
11910,10,1,10
11911,10,14,17
11912,10,14,17
11913,10,1,10
11914,10,14,17
11915,10,1,10
11916,10,1,10
11917,10,14,17
11918,10,18,8
11919,10,14,17
11920,10,1,10
11921,10,1,10
11922,10,1,10
11923,10,14,17
11924,10,13,14
11925,10,14,17
11926,10,0,19
11927,10,15,15
11928,10,1,10
11929,10,14,17
11930,10,1,10
11931,10,0,19
11932,10,1,10
11933,10,1,10
11934,10,1,10
11935,10,17,12
11936,10,1,10
11937,10,1,10
11938,10,1,10
11939,10,5,13
11940,10,18,8
11941,10,5,13
11942,10,14,17
11943,10,3,7
11944,10,1,10
11945,10,1,10
11946,10,6,4
11947,10,9,11
11948,10,4,18
11949,10,17,12
11950,10,10,2
11951,10,3,7
11952,10,9,11
11953,10,3,7
11954,10,1,10
11955,10,5,13
11956,10,14,17
11957,10,1,10
11958,10,2,9
11959,10,8,16
11960,10,13,14
11961,10,1,10
11962,10,11,6
11963,10,1,10
11964,10,3,7
11965,10,14,17
11966,10,10,2
11967,10,15,15
11968,10,14,17
11969,10,4,18
11970,10,8,16
11971,10,9,11
11972,10,9,11
11973,10,1,10
11974,10,2,9
11975,10,2,9
11976,10,3,7
11977,10,14,17
11978,10,14,17
11979,10,2,9
11980,10,10,2
11981,10,5,13
11982,10,5,13
11983,10,1,10
11984,10,14,17
11985,10,14,17
11986,10,13,14
11987,10,5,13
11988,10,1,10
11989,10,14,17
11990,10,14,17
11991,10,11,6
11992,10,6,4
11993,10,5,13
11994,10,17,12
11995,10,17,12
11996,10,14,17
11997,10,1,10
11998,10,17,12
11999,10,17,12
12000,10,2,9
12001,10,5,13
12002,10,1,10
12003,10,10,2
12004,10,17,12
12005,10,4,18
12006,10,3,7
12007,10,1,10
12008,10,5,13
12009,10,5,13
12010,10,5,13
12011,10,14,17
12012,10,14,17
12013,10,3,7
12014,10,14,17
12015,10,8,16
12016,10,14,17
12017,10,10,2
12018,10,13,14
12019,10,8,16
12020,10,1,10
12021,10,17,12
12022,10,14,17
12023,10,14,17
12024,10,14,17
12025,10,1,10
12026,10,14,17
12027,10,11,6
12028,10,9,11
12029,10,4,18
12030,10,1,10
12031,10,1,10
12032,10,8,16
12033,10,11,6
12034,10,17,12
12035,10,2,9
12036,10,2,9
12037,10,1,10
12038,10,1,10
12039,10,14,17
12040,10,3,7
12041,10,1,10
12042,10,11,6
12043,10,14,17
12044,10,1,10
12045,10,1,10
12046,10,1,10
12047,10,14,17
12048,10,1,10
12049,10,11,6
12050,10,1,10
12051,10,8,16
12052,10,13,14
12053,10,13,14
12054,10,14,17
12055,10,14,17
12056,10,1,10
12057,10,2,9
12058,10,13,14
12059,10,14,17
12060,10,11,6
12061,10,14,17
12062,10,1,10
12063,10,3,7
12064,10,14,17
12065,10,14,17
12066,10,14,17
12067,10,5,13
12068,10,14,17
12069,10,14,17
12070,10,14,17
12071,10,1,10
12072,10,3,7
12073,10,1,10
12074,10,1,10
12075,10,1,10
12076,10,9,11
12077,10,8,16
12078,10,8,16
12079,10,5,13
12080,10,1,10
12081,10,14,17
12082,10,1,10
12083,10,13,14
12084,10,13,14
12085,10,14,17
12086,10,14,17
12087,10,15,15
12088,10,13,14
12089,10,14,17
12090,10,14,17
12091,10,14,17
12092,10,14,17
12093,10,17,12
12094,10,1,10
12095,10,14,17
12096,10,0,19
12097,10,11,6
12098,10,1,10
12099,10,0,19
12100,10,14,17
12101,10,1,10
12102,10,6,4
12103,10,17,12
12104,10,1,10
12105,10,1,10
12106,10,1,10
12107,10,14,17
12108,10,0,19
12109,10,1,10
12110,10,0,19
12111,10,14,17
12112,10,4,18
12113,10,4,18
12114,10,3,7
12115,10,11,6
12116,10,12,1
12117,10,13,14
12118,10,14,17
12119,10,14,17
12120,10,13,14
12121,10,8,16
12122,10,14,17
12123,10,8,16
12124,10,1,10
12125,10,4,18
12126,10,1,10
12127,10,14,17
12128,10,4,18
12129,10,15,15
12130,10,14,17
12131,10,0,19
12132,10,4,18
12133,10,14,17
12134,10,14,17
12135,10,1,10
12136,10,4,18
12137,10,5,13
12138,10,6,4
12139,10,1,10
12140,10,4,18
12141,10,4,18
12142,10,14,17
12143,10,1,10
12144,10,1,10
12145,10,1,10
12146,10,1,10
12147,10,15,15
12148,10,4,18
12149,10,1,10
12150,10,14,17
12151,10,14,17
12152,10,5,13
12153,10,1,10
12154,10,1,10
12155,10,1,10
12156,10,17,12
12157,10,14,17
12158,10,15,15
12159,10,8,16
12160,10,14,17
12161,10,2,9
12162,10,2,9
12163,10,1,10
12164,10,12,1
12165,10,1,10
12166,10,1,10
12167,10,1,10
12168,10,4,18
12169,10,8,16
12170,10,13,14
12171,10,13,14
12172,10,1,10
12173,10,14,17
12174,10,9,11
12175,10,1,10
12176,10,5,13
12177,10,11,6
12178,10,1,10
12179,10,14,17
12180,10,6,4
12181,10,1,10
12182,10,14,17
12183,10,17,12
12184,10,9,11
12185,10,1,10
12186,10,14,17
12187,10,0,19
12188,10,1,10
12189,10,15,15
12190,10,13,14
12191,10,17,12
12192,10,3,7
12193,10,10,2
12194,10,1,10
12195,10,5,13
12196,10,5,13
12197,10,1,10
12198,10,11,6
12199,10,11,6
12200,10,17,12
12201,10,17,12
12202,10,13,14
12203,10,1,10
12204,10,1,10
12205,10,14,17
12206,10,14,17
12207,10,6,4
12208,10,1,10
12209,10,4,18
12210,10,14,17
12211,10,1,10
12212,10,1,10
12213,10,14,17
12214,10,1,10
12215,10,3,7
12216,10,1,10
12217,10,1,10
12218,10,2,9
12219,10,3,7
12220,10,3,7
12221,10,15,15
12222,10,10,2
12223,10,4,18
12224,10,1,10
12225,10,0,19
12226,10,1,10
12227,10,14,17
12228,10,4,18
12229,10,1,10
12230,10,1,10
12231,10,1,10
12232,10,1,10
12233,10,11,6
12234,10,14,17
12235,10,1,10
12236,10,4,18
12237,10,1,10
12238,10,17,12
12239,10,17,12
12240,10,15,15
12241,10,13,14
12242,10,13,14
12243,10,1,10
12244,10,14,17
12245,10,15,15
12246,10,18,8
12247,10,5,13
12248,10,4,18
12249,10,1,10
12250,10,17,12
12251,10,15,15
12252,10,17,12
12253,10,17,12
12254,10,15,15
12255,10,1,10
12256,10,1,10
12257,10,14,17
12258,10,18,8
12259,10,9,11
12260,10,17,12
12261,10,17,12
12262,10,1,10
12263,10,1,10
12264,10,18,8
12265,10,14,17
12266,10,4,18
12267,10,4,18
12268,10,5,13
12269,10,1,10
12270,10,1,10
12271,10,3,7
12272,10,2,9
12273,10,14,17
12274,10,8,16
12275,10,1,10
12276,10,3,7
12277,10,17,12
12278,10,1,10
12279,10,1,10
12280,10,14,17
12281,10,2,9
12282,10,18,8
12283,10,17,12
12284,10,17,12
12285,10,3,7
12286,10,6,4
12287,10,1,10
12288,10,17,12
12289,10,1,10
12290,10,1,10
12291,10,4,18
12292,10,4,18
12293,10,0,19
12294,10,3,7
12295,10,4,18
12296,10,13,14
12297,10,17,12
12298,10,17,12
12299,10,11,6
12300,10,11,6
12301,10,18,8
12302,10,3,7
12303,10,4,18
12304,10,3,7
12305,10,14,17
12306,10,14,17
12307,10,12,1
12308,10,5,13
12309,10,1,10
12310,10,5,13
12311,10,5,13
12312,10,12,1
12313,10,14,17
12314,10,0,19
12315,10,10,2
12316,10,17,12
12317,10,14,17
12318,10,3,7
12319,10,17,12
12320,10,4,18
12321,10,4,18
12322,10,1,10
12323,10,14,17
12324,10,11,6
12325,10,14,17
12326,10,14,17
12327,10,14,17
12328,10,0,19
12329,10,0,19
12330,10,1,10
12331,10,6,4
12332,10,1,10
12333,10,9,11
12334,10,1,10
12335,10,14,17
12336,10,15,15
12337,10,15,15
12338,10,1,10
12339,10,14,17
12340,10,1,10
12341,10,14,17
12342,10,4,18
12343,10,3,7
12344,10,0,19
12345,10,14,17
12346,10,1,10
12347,10,1,10
12348,10,0,19
12349,10,3,7
12350,10,14,17
12351,10,3,7
12352,10,3,7
12353,10,11,6
12354,10,17,12
12355,10,2,9
12356,10,14,17
12357,10,1,10
12358,10,6,4
12359,10,1,10
12360,10,1,10
12361,10,17,12
12362,10,1,10
12363,10,11,6
12364,10,3,7
12365,10,0,19
12366,10,14,17
12367,10,2,9
12368,10,14,17
12369,10,1,10
12370,10,4,18
12371,10,13,14
12372,10,1,10
12373,10,17,12
12374,10,17,12
12375,10,17,12
12376,10,4,18
12377,10,1,10
12378,10,1,10
12379,10,3,7
12380,10,14,17
12381,10,9,11
12382,10,6,4
12383,10,1,10
12384,10,4,18
12385,10,1,10
12386,10,11,6
12387,10,0,19
12388,10,3,7
12389,10,14,17
12390,10,0,19
12391,10,1,10
12392,10,1,10
12393,10,6,4
12394,10,14,17
12395,10,14,17
12396,10,3,7
12397,10,17,12
12398,10,1,10
12399,10,6,4
12400,10,17,12
12401,10,0,19
12402,10,14,17
12403,10,1,10
12404,10,1,10
12405,10,11,6
12406,10,14,17
12407,10,3,7
12408,10,8,16
12409,10,17,12
12410,10,9,11
12411,10,2,9
12412,10,4,18
12413,10,14,17
12414,10,14,17
12415,10,1,10
12416,10,14,17
12417,10,1,10
12418,10,13,14
12419,10,14,17
12420,10,1,10
12421,10,1,10
12422,10,2,9
12423,10,17,12
12424,10,1,10
12425,10,11,6
12426,10,14,17
12427,10,1,10
12428,10,1,10
12429,10,6,4
12430,10,11,6
12431,10,11,6
12432,10,0,19
12433,10,1,10
12434,10,14,17
12435,10,6,4
12436,10,11,6
12437,10,11,6
12438,10,5,13
12439,10,1,10
12440,10,3,7
12441,10,1,10
12442,10,1,10
12443,10,13,14
12444,10,17,12
12445,10,14,17
12446,10,17,12
12447,10,4,18
12448,10,14,17
12449,10,6,4
12450,10,1,10
12451,10,14,17
12452,10,1,10
12453,10,2,9
12454,10,4,18
12455,10,13,14
12456,10,14,17
12457,10,3,7
12458,10,1,10
12459,10,2,9
12460,10,13,14
12461,10,13,14
12462,10,6,4
12463,10,13,14
12464,10,11,6
12465,10,14,17
12466,10,14,17
12467,10,14,17
12468,10,4,18
12469,10,14,17
12470,10,2,9
12471,10,13,14
12472,10,11,6
12473,10,8,16
12474,10,4,18
12475,10,10,2
12476,10,11,6
12477,10,1,10
12478,10,17,12
12479,10,1,10
12480,10,17,12
12481,10,13,14
12482,10,14,17
12483,10,1,10
12484,10,4,18
12485,10,17,12
12486,10,11,6
12487,10,11,6
12488,10,17,12
12489,10,1,10
12490,10,4,18
12491,10,14,17
12492,10,0,19
12493,10,4,18
12494,10,4,18
12495,10,3,7
12496,10,1,10
12497,10,14,17
12498,10,12,1
12499,10,14,17
12500,10,3,7
12501,10,1,10
12502,10,1,10
12503,10,12,1
12504,10,2,9
12505,10,2,9
12506,10,1,10
12507,10,4,18
12508,10,4,18
12509,10,6,4
12510,10,6,4
12511,10,3,7
12512,10,8,16
12513,10,18,8
12514,10,18,8
12515,10,5,13
12516,10,1,10
12517,10,17,12
12518,10,0,19
12519,10,14,17
12520,10,11,6
12521,10,1,10
12522,10,1,10
12523,10,1,10
12524,10,1,10
12525,10,1,10
12526,10,14,17
12527,10,3,7
12528,10,5,13
12529,10,14,17
12530,10,1,10
12531,10,5,13
12532,10,14,17
12533,10,3,7
12534,10,3,7
12535,10,15,15
12536,10,14,17
12537,10,1,10
12538,10,1,10
12539,10,3,7
12540,10,2,9
12541,10,1,10
12542,10,11,6
12543,10,1,10
12544,10,11,6
12545,10,1,10
12546,10,5,13
12547,10,1,10
12548,10,14,17
12549,10,13,14
12550,10,1,10
12551,10,1,10
12552,10,3,7
12553,10,15,15
12554,10,4,18
12555,10,14,17
12556,10,11,6
12557,10,14,17
12558,10,8,16
12559,10,14,17
12560,10,14,17
12561,10,1,10
12562,10,2,9
12563,10,14,17
12564,10,1,10
12565,10,6,4
12566,10,1,10
12567,10,12,1
12568,10,6,4
12569,10,1,10
12570,10,1,10
12571,10,1,10
12572,10,14,17
12573,10,4,18
12574,10,1,10
12575,10,1,10
12576,10,4,18
12577,10,14,17
12578,10,14,17
12579,10,14,17
12580,10,1,10
12581,10,11,6
12582,10,17,12
12583,10,1,10
12584,10,10,2
12585,10,3,7
12586,10,14,17
12587,10,14,17
12588,10,5,13
12589,10,5,13
12590,10,4,18
12591,10,1,10
12592,10,17,12
12593,10,14,17
12594,10,14,17
12595,10,14,17
12596,10,1,10
12597,10,14,17
12598,10,17,12
12599,10,11,6
12600,10,1,10
12601,10,4,18
12602,10,2,9
12603,10,14,17
12604,10,1,10
12605,10,3,7
12606,10,14,17
12607,10,1,10
12608,10,11,6
12609,10,17,12
12610,10,13,14
12611,10,1,10
12612,10,5,13
12613,10,14,17
12614,10,4,18
12615,10,1,10
12616,10,1,10
12617,10,14,17
12618,10,0,19
12619,10,1,10
12620,10,1,10
12621,10,6,4
12622,10,13,14
12623,10,14,17
12624,10,5,13
12625,10,6,4
12626,10,17,12
12627,10,17,12
12628,10,8,16
12629,10,15,15
12630,10,6,4
12631,10,6,4
12632,10,1,10
12633,10,14,17
12634,10,14,17
12635,10,3,7
12636,10,17,12
12637,10,1,10
12638,10,1,10
12639,10,17,12
12640,10,1,10
12641,10,3,7
12642,10,0,19
12643,10,11,6
12644,10,1,10
12645,10,12,1
12646,10,15,15
12647,10,5,13
12648,10,1,10
12649,10,6,4
12650,10,1,10
12651,10,1,10
12652,10,1,10
12653,10,1,10
12654,10,1,10
12655,10,1,10
12656,10,1,10
12657,10,1,10
12658,10,2,9
12659,10,1,10
12660,10,4,18
12661,10,4,18
12662,10,4,18
12663,10,1,10
12664,10,1,10
12665,10,1,10
12666,10,17,12
12667,10,18,8
12668,10,14,17
12669,10,14,17
12670,10,4,18
12671,10,6,4
12672,10,6,4
12673,10,17,12
12674,10,1,10
12675,10,0,19
12676,10,4,18
12677,10,1,10
12678,10,1,10
12679,10,17,12
12680,10,5,13
12681,10,2,9
12682,10,17,12
12683,10,1,10
12684,10,1,10
12685,10,17,12
12686,10,4,18
12687,10,1,10
12688,10,11,6
12689,10,4,18
12690,10,14,17
12691,10,1,10
12692,10,4,18
12693,10,17,12
12694,10,9,11
12695,10,10,2
12696,10,17,12
12697,10,14,17
12698,10,14,17
12699,10,14,17
12700,10,1,10
12701,10,1,10
12702,10,13,14
12703,10,14,17
12704,10,1,10
12705,10,11,6
12706,10,3,7
12707,10,14,17
12708,10,14,17
12709,10,1,10
12710,10,6,4
12711,10,5,13
12712,10,0,19
12713,10,1,10
12714,10,1,10
12715,10,1,10
12716,10,6,4
12717,10,6,4
12718,10,1,10
12719,10,1,10
12720,10,14,17
12721,10,1,10
12722,10,14,17
12723,10,6,4
12724,10,1,10
12725,10,10,2
12726,10,14,17
12727,10,10,2
12728,10,13,14
12729,10,1,10
12730,10,13,14
12731,10,10,2
12732,10,4,18
12733,10,13,14
12734,10,1,10
12735,10,1,10
12736,10,14,17
12737,10,2,9
12738,10,1,10
12739,10,1,10
12740,10,10,2
12741,10,1,10
12742,10,1,10
12743,10,1,10
12744,10,17,12
12745,10,4,18
12746,10,13,14
12747,10,1,10
12748,10,12,1
12749,10,13,14
12750,10,14,17
12751,10,6,4
12752,10,0,19
12753,10,1,10
12754,10,14,17
12755,10,1,10
12756,10,1,10
12757,10,11,6
12758,10,17,12
12759,10,11,6
12760,10,1,10
12761,10,9,11
12762,10,17,12
12763,10,11,6
12764,10,4,18
12765,10,2,9
12766,10,2,9
12767,10,2,9
12768,10,2,9
12769,10,1,10
12770,10,1,10
12771,10,0,19
12772,10,14,17
12773,10,1,10
12774,10,1,10
12775,10,14,17
12776,10,17,12
12777,10,14,17
12778,10,3,7
12779,10,15,15
12780,10,2,9
12781,10,1,10
12782,10,0,19
12783,10,1,10
12784,10,1,10
12785,10,1,10
12786,10,6,4
12787,10,1,10
12788,10,5,13
12789,10,5,13
12790,10,1,10
12791,10,5,13
12792,10,4,18
12793,10,1,10
12794,10,12,1
12795,10,17,12
12796,10,1,10
12797,10,6,4
12798,10,14,17
12799,10,11,6
12800,10,1,10
12801,10,0,19
12802,10,6,4
12803,10,0,19
12804,10,4,18
12805,10,14,17
12806,10,1,10
12807,10,4,18
12808,10,14,17
12809,10,1,10
12810,10,1,10
12811,10,1,10
12812,10,6,4
12813,10,6,4
12814,10,1,10
12815,10,14,17
12816,10,1,10
12817,10,10,2
12818,10,1,10
12819,10,10,2
12820,10,5,13
12821,10,17,12
12822,10,1,10
12823,10,4,18
12824,10,1,10
12825,10,5,13
12826,10,1,10
12827,10,2,9
12828,10,14,17
12829,10,14,17
12830,10,6,4
12831,10,1,10
12832,10,1,10
12833,10,3,7
12834,10,1,10
12835,10,5,13
12836,10,1,10
12837,10,6,4
12838,10,6,4
12839,10,6,4
12840,10,1,10
12841,10,14,17
12842,10,9,11
12843,10,14,17
12844,10,14,17
12845,10,4,18
12846,10,14,17
12847,10,6,4
12848,10,17,12
12849,10,5,13
12850,10,1,10
12851,10,0,19
12852,10,17,12
12853,10,15,15
12854,10,1,10
12855,10,3,7
12856,10,15,15
12857,10,17,12
12858,10,5,13
12859,10,1,10
12860,10,4,18
12861,10,12,1
12862,10,14,17
12863,10,4,18
12864,10,5,13
12865,10,3,7
12866,10,17,12
12867,10,4,18
12868,10,1,10
12869,10,2,9
12870,10,13,14
12871,10,8,16
12872,10,0,19
12873,10,1,10
12874,10,14,17
12875,10,14,17
12876,10,6,4
12877,10,14,17
12878,10,5,13
12879,10,17,12
12880,10,3,7
12881,10,10,2
12882,10,14,17
12883,10,11,6
12884,10,1,10
12885,10,18,8
12886,10,12,1
12887,10,2,9
12888,10,9,11
12889,10,3,7
12890,10,5,13
12891,10,14,17
12892,10,4,18
12893,10,1,10
12894,10,6,4
12895,10,1,10
12896,10,1,10
12897,10,18,8
12898,10,13,14
12899,10,9,11
12900,10,14,17
12901,10,1,10
12902,10,14,17
12903,10,14,17
12904,10,3,7
12905,10,14,17
12906,10,0,19
12907,10,15,15
12908,10,1,10
12909,10,14,17
12910,10,1,10
12911,10,3,7
12912,10,17,12
12913,10,0,19
12914,10,1,10
12915,10,14,17
12916,10,2,9
12917,10,9,11
12918,10,1,10
12919,10,0,19
12920,10,4,18
12921,10,14,17
12922,10,5,13
12923,10,17,12
12924,10,3,7
12925,10,1,10
12926,10,1,10
12927,10,1,10
12928,10,14,17
12929,10,0,19
12930,10,1,10
12931,10,17,12
12932,10,3,7
12933,10,5,13
12934,10,14,17
12935,10,1,10
12936,10,11,6
12937,10,6,4
12938,10,1,10
12939,10,2,9
12940,10,0,19
12941,10,17,12
12942,10,1,10
12943,10,1,10
12944,10,3,7
12945,10,6,4
12946,10,17,12
12947,10,17,12
12948,10,8,16
12949,10,17,12
12950,10,3,7
12951,10,4,18
12952,10,17,12
12953,10,1,10
12954,10,6,4
12955,10,11,6
12956,10,4,18
12957,10,8,16
12958,10,1,10
12959,10,17,12
12960,10,1,10
12961,10,1,10
12962,10,1,10
12963,10,1,10
12964,10,1,10
12965,10,1,10
12966,10,17,12
12967,10,1,10
12968,10,6,4
12969,10,1,10
12970,10,3,7
12971,10,14,17
12972,10,1,10
12973,10,1,10
12974,10,1,10
12975,10,11,6
12976,10,2,9
12977,10,14,17
12978,10,14,17
12979,10,10,2
12980,10,13,14
12981,10,12,1
12982,10,14,17
12983,10,11,6
12984,10,4,18
12985,10,3,7
12986,10,1,10
12987,10,14,17
12988,10,14,17
12989,10,3,7
12990,10,4,18
12991,10,4,18
12992,10,2,9
12993,10,4,18
12994,10,5,13
12995,10,1,10
12996,10,1,10
12997,10,1,10
12998,10,1,10
12999,10,14,17
13000,10,1,10
13001,10,14,17
13002,10,3,7
13003,10,3,7
13004,10,14,17
13005,10,14,17
13006,10,3,7
13007,10,4,18
13008,10,1,10
13009,10,11,6
13010,10,3,7
13011,10,14,17
13012,10,14,17
13013,10,0,19
13014,10,4,18
13015,10,5,13
13016,10,10,2
13017,10,4,18
13018,10,4,18
13019,10,14,17
13020,10,17,12
13021,10,1,10
13022,10,3,7
13023,10,1,10
13024,10,3,7
13025,10,3,7
13026,10,4,18
13027,10,4,18
13028,10,1,10
13029,10,1,10
13030,10,11,6
13031,10,11,6
13032,10,11,6
13033,10,1,10
13034,10,3,7
13035,10,14,17
13036,10,5,13
13037,10,6,4
13038,10,1,10
13039,10,1,10
13040,10,1,10
13041,10,15,15
13042,10,1,10
13043,10,14,17
13044,10,6,4
13045,10,3,7
13046,10,14,17
13047,10,1,10
13048,10,1,10
13049,10,11,6
13050,10,8,16
13051,10,1,10
13052,10,1,10
13053,10,8,16
13054,10,8,16
13055,10,13,14
13056,10,13,14
13057,10,2,9
13058,10,3,7
13059,10,3,7
13060,10,0,19
13061,10,0,19
13062,10,0,19
13063,10,1,10
13064,10,3,7
13065,10,11,6
13066,10,11,6
13067,10,1,10
13068,10,6,4
13069,10,3,7
13070,10,1,10
13071,10,9,11
13072,10,8,16
13073,10,18,8
13074,10,14,17
13075,10,1,10
13076,10,11,6
13077,10,1,10
13078,10,10,2
13079,10,10,2
13080,10,10,2
13081,10,10,2
13082,10,3,7
13083,10,3,7
13084,10,6,4
13085,10,11,6
13086,10,18,8
13087,10,11,6
13088,10,3,7
13089,10,14,17
13090,10,2,9
13091,10,13,14
13092,10,11,6
13093,10,11,6
13094,10,2,9
13095,10,11,6
13096,10,2,9
13097,10,3,7
13098,10,14,17
13099,10,3,7
13100,10,6,4
13101,10,14,17
13102,10,6,4
13103,10,3,7
13104,10,14,17
13105,10,3,7
13106,10,1,10
13107,10,1,10
13108,10,15,15
13109,10,5,13
13110,10,10,2
13111,10,10,2
13112,10,3,7
13113,10,14,17
13114,10,4,18
13115,10,8,16
13116,10,15,15
13117,10,5,13
13118,10,3,7
13119,10,4,18
13120,10,13,14
13121,10,13,14
13122,10,13,14
13123,10,13,14
13124,10,13,14
13125,10,2,9
13126,10,2,9
13127,10,1,10
13128,10,1,10
13129,10,4,18
13130,10,12,1
13131,10,6,4
13132,10,4,18
13133,10,4,18
13134,10,4,18
13135,10,4,18
13136,10,4,18
13137,10,4,18
13138,10,6,4
13139,10,9,11
13140,10,6,4
13141,10,12,1
13142,10,11,6
13143,10,3,7
13144,10,14,17
13145,10,14,17
13146,10,6,4
13147,10,6,4
13148,10,6,4
13149,10,9,11
13150,10,6,4
13151,10,6,4
13152,10,1,10
13153,10,5,13
13154,10,6,4
13155,10,9,11
13156,10,5,13
13157,10,10,2
13158,10,4,18
13159,10,4,18
13160,10,14,17
13161,10,6,4
13162,10,14,17
13163,10,0,19
13164,10,0,19
13165,10,4,18
13166,10,0,19
13167,10,11,6
13168,10,1,10
13169,10,11,6
13170,10,4,18
13171,10,14,17
13172,10,14,17
13173,10,14,17
13174,10,1,10
13175,10,1,10
13176,10,8,16
13177,10,1,10
13178,10,4,18
13179,10,6,4
13180,10,4,18
13181,10,11,6
13182,10,2,9
13183,10,2,9
13184,10,2,9
13185,10,4,18
13186,10,4,18
13187,10,14,17
13188,10,4,18
13189,10,1,10
13190,10,4,18
13191,10,11,6
13192,10,1,10
13193,10,1,10
13194,10,1,10
13195,10,1,10
13196,10,13,14
13197,10,10,2
13198,10,1,10
13199,10,3,7
13200,10,2,9
13201,10,2,9
13202,10,6,4
13203,10,6,4
13204,10,3,7
13205,10,3,7
13206,10,3,7
13207,10,1,10
13208,10,8,16
13209,10,10,2
13210,10,10,2
13211,10,3,7
13212,10,1,10
13213,10,1,10
13214,10,17,12
13215,10,5,13
13216,10,1,10
13217,10,9,11
13218,10,17,12
13219,10,10,2
13220,10,1,10
13221,10,10,2
13222,10,14,17
13223,10,10,2
13224,10,0,19
13225,10,14,17
13226,10,15,15
13227,10,3,7
13228,10,0,19
13229,10,0,19
13230,10,11,6
13231,10,3,7
13232,10,8,16
13233,10,11,6
13234,10,14,17
13235,10,8,16
13236,10,14,17
13237,10,13,14
13238,10,14,17
13239,10,11,6
13240,10,1,10
13241,10,12,1
13242,10,8,16
13243,10,14,17
13244,10,14,17
13245,10,5,13
13246,10,13,14
13247,10,3,7
13248,10,8,16
13249,10,3,7
13250,10,15,15
13251,10,8,16
13252,10,11,6
13253,10,3,7
13254,10,15,15
13255,10,11,6
13256,10,1,10
13257,10,10,2
13258,10,14,17
13259,10,4,18
13260,10,4,18
13261,10,4,18
13262,10,5,13
13263,10,5,13
13264,10,11,6
13265,10,11,6
13266,10,4,18
13267,10,12,1
13268,10,12,1
13269,10,12,1
13270,10,1,10
13271,10,1,10
13272,10,1,10
13273,10,1,10
13274,10,1,10
13275,10,3,7
13276,10,3,7
13277,10,5,13
13278,10,4,18
13279,10,5,13
13280,10,13,14
13281,10,18,8
13282,10,2,9
13283,10,5,13
13284,10,4,18
13285,10,4,18
13286,10,17,12
13287,10,1,10
13288,10,9,11
13289,10,1,10
13290,10,17,12
13291,10,1,10
13292,10,11,6
13293,10,14,17
13294,10,13,14
13295,10,13,14
13296,10,3,7
13297,10,3,7
13298,10,5,13
13299,10,5,13
13300,10,0,19
13301,10,14,17
13302,10,2,9
13303,10,4,18
13304,10,10,2
13305,10,3,7
13306,10,4,18
13307,10,4,18
13308,10,4,18
13309,10,10,2
13310,10,4,18
13311,10,1,10
13312,10,1,10
13313,10,0,19
13314,10,0,19
13315,10,3,7
13316,10,14,17
13317,10,11,6
13318,10,11,6
13319,10,4,18
13320,10,4,18
13321,10,1,10
13322,10,2,9
13323,10,4,18
13324,10,2,9
13325,10,10,2
13326,10,2,9
13327,10,1,10
13328,10,17,12
13329,10,3,7
13330,10,11,6
13331,10,1,10
13332,10,14,17
13333,10,1,10
13334,10,2,9
13335,10,0,19
13336,10,17,12
13337,10,9,11
13338,10,11,6
13339,10,8,16
13340,10,3,7
13341,10,0,19
13342,10,3,7
13343,10,17,12
13344,10,17,12
13345,10,18,8
13346,10,18,8
13347,10,17,12
13348,10,0,19
13349,10,5,13
13350,10,5,13
13351,10,2,9
13352,10,2,9
13353,10,2,9
13354,10,2,9
13355,10,1,10
13356,10,14,17
13357,10,11,6
13358,10,6,4
13359,10,10,2
13360,10,6,4
13361,10,6,4
13362,10,4,18
13363,10,3,7
13364,10,17,12
13365,10,5,13
13366,10,3,7
13367,10,5,13
13368,10,5,13
13369,10,11,6
13370,10,11,6
13371,10,11,6
13372,10,11,6
13373,10,8,16
13374,10,11,6
13375,10,14,17
13376,10,14,17
13377,10,2,9
13378,10,2,9
13379,10,3,7
13380,10,14,17
13381,10,5,13
13382,10,10,2
13383,10,8,16
13384,10,11,6
13385,10,4,18
13386,10,1,10
13387,10,4,18
13388,10,13,14
13389,10,14,17
13390,10,3,7
13391,10,18,8
13392,10,13,14
13393,10,1,10
13394,10,17,12
13395,10,17,12
13396,10,14,17
13397,10,3,7
13398,10,14,17
13399,10,14,17
13400,10,3,7
13401,10,1,10
13402,10,14,17
13403,10,1,10
13404,10,1,10
13405,10,1,10
13406,10,1,10
13407,10,1,10
13408,10,1,10
13409,10,12,1
13410,10,3,7
13411,10,15,15
13412,10,17,12
13413,10,1,10
13414,10,3,7
13415,10,15,15
13416,10,11,6
13417,10,4,18
13418,10,4,18
13419,10,4,18
13420,10,4,18
13421,10,17,12
13422,10,6,4
13423,10,3,7
13424,10,11,6
13425,10,0,19
13426,10,3,7
13427,10,12,1
13428,10,1,10
13429,10,0,19
13430,10,11,6
13431,10,11,6
13432,10,11,6
13433,10,14,17
13434,10,14,17
13435,10,3,7
13436,10,11,6
13437,10,12,1
13438,10,12,1
13439,10,3,7
13440,10,14,17
13441,10,0,19
13442,10,11,6
13443,10,17,12
13444,10,17,12
13445,10,1,10
13446,10,1,10
13447,10,11,6
13448,10,0,19
13449,10,1,10
13450,10,14,17
13451,10,14,17
13452,10,6,4
13453,10,3,7
13454,10,1,10
13455,10,12,1
13456,10,1,10
13457,10,14,17
13458,10,14,17
13459,10,14,17
13460,10,1,10
13461,10,17,12
13462,10,17,12
13463,10,14,17
13464,10,2,9
13465,10,2,9
13466,10,2,9
13467,10,2,9
13468,10,14,17
13469,10,12,1
13470,10,2,9
13471,10,1,10
13472,10,1,10
13473,10,1,10
13474,10,1,10
13475,10,3,7
13476,10,1,10
13477,10,1,10
13478,10,11,6
13479,10,1,10
13480,10,18,8
13481,10,12,1
13482,10,12,1
13483,10,4,18
13484,10,11,6
13485,10,15,15
13486,10,1,10
13487,10,12,1
13488,10,17,12
13489,10,8,16
13490,10,8,16
13491,10,8,16
13492,10,6,4
13493,10,4,18
13494,10,4,18
13495,10,4,18
13496,10,1,10
13497,10,3,7
13498,10,11,6
13499,10,14,17
13500,10,14,17
13501,10,17,12
13502,10,6,4
13503,10,3,7
13504,10,6,4
13505,10,1,10
13506,10,11,6
13507,10,11,6
13508,10,11,6
13509,10,6,4
13510,10,14,17
13511,10,9,11
13512,10,17,12
13513,10,12,1
13514,10,12,1
13515,10,17,12
13516,10,15,15
13517,10,11,6
13518,10,1,10
13519,10,1,10
13520,10,17,12
13521,10,14,17
13522,10,17,12
13523,10,11,6
13524,10,9,11
13525,10,17,12
13526,10,17,12
13527,10,11,6
13528,10,12,1
13529,10,11,6
13530,10,3,7
13531,10,4,18
13532,10,4,18
13533,10,3,7
13534,10,14,17
13535,10,14,17
13536,10,12,1
13537,10,12,1
13538,10,12,1
13539,10,17,12
13540,10,11,6
13541,10,12,1
13542,10,4,18
13543,10,1,10
13544,10,1,10
13545,10,17,12
13546,10,1,10
13547,10,4,18
13548,10,11,6
13549,10,14,17
13550,10,1,10
13551,10,14,17
13552,10,1,10
13553,10,14,17
13554,10,1,10
13555,10,14,17
13556,10,11,6
13557,10,11,6
13558,10,3,7
13559,10,0,19
13560,10,5,13
13561,10,5,13
13562,10,12,1
13563,10,14,17
13564,10,1,10
13565,10,1,10
13566,10,1,10
13567,10,1,10
13568,10,0,19
13569,10,0,19
13570,10,14,17
13571,10,14,17
13572,10,1,10
13573,10,6,4
13574,10,6,4
13575,10,6,4
13576,10,11,6
13577,10,14,17
13578,10,1,10
13579,10,5,13
13580,10,3,7
13581,10,3,7
13582,10,1,10
13583,10,14,17
13584,10,3,7
13585,10,3,7
13586,10,14,17
13587,10,14,17
13588,10,14,17
13589,10,17,12
13590,10,14,17
13591,10,6,4
13592,10,6,4
13593,10,14,17
13594,10,14,17
13595,10,3,7
13596,10,6,4
13597,10,6,4
13598,10,14,17
13599,10,1,10
13600,10,1,10
13601,10,10,2
13602,10,10,2
13603,10,14,17
13604,10,2,9
13605,10,3,7
13606,10,14,17
13607,10,17,12
13608,10,17,12
13609,10,17,12
13610,10,1,10
13611,10,1,10
13612,10,5,13
13613,10,4,18
13614,10,4,18
13615,10,17,12
13616,10,17,12
13617,10,1,10
13618,10,5,13
13619,10,12,1
13620,10,3,7
13621,10,17,12
13622,10,2,9
13623,10,4,18
13624,10,17,12
13625,10,1,10
13626,10,3,7
13627,10,4,18
13628,10,3,7
13629,10,3,7
13630,10,6,4
13631,10,9,11
13632,10,4,18
13633,10,11,6
13634,10,1,10
13635,10,1,10
13636,10,1,10
13637,10,2,9
13638,10,2,9
13639,10,9,11
13640,10,14,17
13641,10,1,10
13642,10,3,7
13643,10,14,17
13644,10,3,7
13645,10,4,18
13646,10,11,6
13647,10,0,19
13648,10,0,19
13649,10,8,16
13650,10,12,1
13651,10,1,10
13652,10,14,17
13653,10,1,10
13654,10,9,11
13655,10,1,10
13656,10,17,12
13657,10,6,4
13658,10,8,16
13659,10,10,2
13660,10,1,10
13661,10,5,13
13662,10,1,10
13663,10,17,12
13664,10,3,7
13665,10,6,4
13666,10,1,10
13667,10,11,6
13668,10,1,10
13669,10,11,6
13670,10,11,6
13671,10,18,8
13672,10,18,8
13673,10,0,19
13674,10,1,10
13675,10,11,6
13676,10,1,10
13677,10,3,7
13678,10,3,7
13679,10,3,7
13680,10,11,6
13681,10,6,4
13682,10,1,10
13683,10,1,10
13684,10,17,12
13685,10,1,10
13686,10,13,14
13687,10,1,10
13688,10,1,10
13689,10,0,19
13690,10,17,12
13691,10,14,17
13692,10,17,12
13693,10,17,12
13694,10,14,17
13695,10,9,11
13696,10,1,10
13697,10,12,1
13698,10,3,7
13699,10,3,7
13700,10,6,4
13701,10,6,4
13702,10,17,12
13703,10,14,17
13704,10,11,6
13705,10,9,11
13706,10,1,10
13707,10,11,6
13708,10,11,6
13709,10,1,10
13710,10,4,18
13711,10,14,17
13712,10,1,10
13713,10,1,10
13714,10,1,10
13715,10,4,18
13716,10,14,17
13717,10,14,17
13718,10,3,7
13719,10,14,17
13720,10,14,17
13721,10,3,7
13722,10,3,7
13723,10,1,10
13724,10,0,19
13725,10,14,17
13726,10,9,11
13727,10,9,11
13728,10,11,6
13729,10,11,6
13730,10,14,17
13731,10,17,12
13732,10,14,17
13733,10,3,7
13734,10,18,8
13735,10,18,8
13736,10,1,10
13737,10,1,10
13738,10,0,19
13739,10,3,7
13740,10,14,17
13741,10,14,17
13742,10,1,10
13743,10,1,10
13744,10,14,17
13745,10,18,8
13746,10,14,17
13747,10,5,13
13748,10,1,10
13749,10,9,11
13750,10,11,6
13751,10,9,11
13752,10,1,10
13753,10,17,12
13754,10,17,12
13755,10,1,10
13756,10,1,10
13757,10,11,6
13758,10,1,10
13759,10,13,14
13760,10,1,10
13761,10,13,14
13762,10,18,8
13763,10,15,15
13764,10,15,15
13765,10,14,17
13766,10,13,14
13767,10,13,14
13768,10,13,14
13769,10,13,14
13770,10,10,2
13771,10,13,14
13772,10,6,4
13773,10,6,4
13774,10,10,2
13775,10,10,2
13776,10,3,7
13777,10,6,4
13778,10,1,10
13779,10,17,12
13780,10,8,16
13781,10,1,10
13782,10,1,10
13783,10,8,16
13784,10,4,18
13785,10,4,18
13786,10,15,15
13787,10,3,7
13788,10,6,4
13789,10,4,18
13790,10,4,18
13791,10,14,17
13792,10,14,17
13793,10,14,17
13794,10,5,13
13795,10,5,13
13796,10,14,17
13797,10,2,9
13798,10,1,10
13799,10,9,11
13800,10,2,9
13801,10,1,10
13802,10,1,10
13803,10,3,7
13804,10,8,16
13805,10,9,11
13806,10,2,9
13807,10,2,9
13808,10,2,9
13809,10,11,6
13810,10,8,16
13811,10,14,17
13812,10,14,17
13813,10,14,17
13814,10,14,17
13815,10,1,10
13816,10,3,7
13817,10,17,12
13818,10,2,9
13819,10,8,16
13820,10,8,16
13821,10,17,12
13822,10,1,10
13823,10,17,12
13824,10,14,17
13825,10,14,17
13826,10,14,17
13827,10,14,17
13828,10,4,18
13829,10,14,17
13830,10,8,16
13831,10,3,7
13832,10,6,4
13833,10,6,4
13834,10,17,12
13835,10,17,12
13836,10,6,4
13837,10,5,13
13838,10,9,11
13839,10,14,17
13840,10,8,16
13841,10,1,10
13842,10,1,10
13843,10,9,11
13844,10,14,17
13845,10,6,4
13846,10,2,9
13847,10,6,4
13848,10,6,4
13849,10,10,2
13850,10,10,2
13851,10,14,17
13852,10,4,18
13853,10,14,17
13854,10,17,12
13855,10,1,10
13856,10,14,17
13857,10,1,10
13858,10,6,4
13859,10,2,9
13860,10,14,17
13861,10,17,12
13862,10,3,7
13863,10,2,9
13864,10,6,4
13865,10,17,12
13866,10,12,1
13867,10,1,10
13868,10,0,19
13869,10,17,12
13870,10,17,12
13871,10,17,12
13872,10,1,10
13873,10,17,12
13874,10,14,17
13875,10,1,10
13876,10,4,18
13877,10,10,2
13878,10,10,2
13879,10,3,7
13880,10,10,2
13881,10,10,2
13882,10,10,2
13883,10,10,2
13884,10,17,12
13885,10,17,12
13886,10,2,9
13887,10,2,9
13888,10,2,9
13889,10,17,12
13890,10,3,7
13891,10,11,6
13892,10,11,6
13893,10,6,4
13894,10,6,4
13895,10,14,17
13896,10,1,10
13897,10,6,4
13898,10,6,4
13899,10,6,4
13900,10,1,10
13901,10,6,4
13902,10,1,10
13903,10,14,17
13904,10,4,18
13905,10,3,7
13906,10,3,7
13907,10,1,10
13908,10,1,10
13909,10,11,6
13910,10,6,4
13911,10,18,8
13912,10,18,8
13913,10,11,6
13914,10,14,17
13915,10,6,4
13916,10,17,12
13917,10,14,17
13918,10,14,17
13919,10,2,9
13920,10,6,4
13921,10,13,14
13922,10,1,10
13923,10,3,7
13924,10,4,18
13925,10,4,18
13926,10,4,18
13927,10,11,6
13928,10,17,12
13929,10,14,17
13930,10,12,1
13931,10,15,15
13932,10,5,13
13933,10,2,9
13934,10,6,4
13935,10,6,4
13936,10,9,11
13937,10,12,1
13938,10,14,17
13939,10,17,12
13940,10,14,17
13941,10,17,12
13942,10,13,14
13943,10,13,14
13944,10,11,6
13945,10,11,6
13946,10,11,6
13947,10,11,6
13948,10,17,12
13949,10,6,4
13950,10,6,4
13951,10,17,12
13952,10,3,7
13953,10,14,17
13954,10,14,17
13955,10,11,6
13956,10,11,6
13957,10,11,6
13958,10,14,17
13959,10,3,7
13960,10,3,7
13961,10,3,7
13962,10,4,18
13963,10,9,11
13964,10,9,11
13965,10,6,4
13966,10,14,17
13967,10,14,17
13968,10,14,17
13969,10,2,9
13970,10,3,7
13971,10,1,10
13972,10,12,1
13973,10,12,1
13974,10,11,6
13975,10,11,6
13976,10,3,7
13977,10,2,9
13978,10,2,9
13979,10,5,13
13980,10,17,12
13981,10,5,13
13982,10,6,4
13983,10,4,18
13984,10,4,18
13985,10,6,4
13986,10,1,10
13987,10,1,10
13988,10,14,17
13989,10,11,6
13990,10,4,18
13991,10,17,12
13992,10,17,12
13993,10,14,17
13994,10,6,4
13995,10,2,9
13996,10,1,10
13997,10,1,10
13998,10,13,14
13999,10,13,14
14000,10,6,4
14001,10,6,4
14002,10,17,12
14003,10,6,4
14004,10,5,13
14005,10,14,17
14006,10,12,1
14007,10,8,16
14008,10,14,17
14009,10,14,17
14010,10,11,6
14011,10,14,17
14012,10,6,4
14013,10,6,4
14014,10,14,17
14015,10,4,18
14016,10,1,10
14017,10,1,10
14018,10,13,14
14019,10,1,10
14020,10,12,1
14021,10,8,16
14022,10,1,10
14023,10,14,17
14024,10,11,6
14025,10,14,17
14026,10,6,4
14027,10,13,14
14028,10,5,13
14029,10,17,12
14030,10,6,4
14031,10,2,9
14032,10,17,12
14033,10,14,17
14034,10,14,17
14035,10,14,17
14036,10,14,17
14037,10,2,9
14038,10,2,9
14039,10,2,9
14040,10,3,7
14041,10,6,4
14042,10,6,4
14043,10,14,17
14044,10,4,18
14045,10,1,10
14046,10,1,10
14047,10,1,10
14048,10,9,11
14049,10,17,12
14050,10,6,4
14051,10,4,18
14052,10,12,1
14053,10,11,6
14054,10,11,6
14055,10,14,17
14056,10,1,10
14057,10,6,4
14058,10,1,10
14059,10,12,1
14060,10,5,13
14061,10,14,17
14062,10,6,4
14063,10,6,4
14064,10,8,16
14065,10,14,17
14066,10,14,17
14067,10,5,13
14068,10,1,10
14069,10,13,14
14070,10,4,18
14071,10,3,7
14072,10,10,2
14073,10,10,2
14074,10,13,14
14075,10,14,17
14076,10,2,9
14077,10,2,9
14078,10,14,17
14079,10,2,9
14080,10,3,7
14081,10,2,9
14082,10,4,18
14083,10,4,18
14084,10,11,6
14085,10,14,17
14086,10,14,17
14087,10,14,17
14088,10,14,17
14089,10,4,18
14090,10,6,4
14091,10,1,10
14092,10,11,6
14093,10,6,4
14094,10,11,6
14095,10,1,10
14096,10,3,7
14097,10,1,10
14098,10,4,18
14099,10,2,9
14100,10,1,10
14101,10,0,19
14102,10,14,17
14103,10,14,17
14104,10,1,10
14105,10,0,19
14106,10,4,18
14107,10,3,7
14108,10,3,7
14109,10,11,6
14110,10,15,15
14111,10,11,6
14112,10,3,7
14113,10,8,16
14114,10,13,14
14115,10,1,10
14116,10,1,10
14117,10,3,7
14118,10,14,17
14119,10,14,17
14120,10,12,1
14121,10,13,14
14122,10,9,11
14123,10,14,17
14124,10,14,17
14125,10,1,10
14126,10,15,15
14127,10,11,6
14128,10,9,11
14129,10,4,18
14130,10,11,6
14131,10,3,7
14132,10,3,7
14133,10,14,17
14134,10,14,17
14135,10,4,18
14136,10,8,16
14137,10,14,17
14138,10,6,4
14139,10,14,17
14140,10,2,9
14141,10,4,18
14142,10,12,1
14143,10,3,7
14144,10,2,9
14145,10,14,17
14146,10,2,9
14147,10,8,16
14148,10,14,17
14149,10,11,6
14150,10,12,1
14151,10,3,7
14152,10,3,7
14153,10,1,10
14154,10,0,19
14155,10,3,7
14156,10,5,13
14157,10,3,7
14158,10,13,14
14159,10,2,9
14160,10,11,6
14161,10,3,7
14162,10,1,10
14163,10,13,14
14164,10,18,8
14165,10,15,15
14166,10,3,7
14167,10,14,17
14168,10,1,10
14169,10,11,6
14170,10,1,10
14171,10,8,16
14172,10,8,16
14173,10,2,9
14174,10,4,18
14175,10,6,4
14176,10,4,18
14177,10,13,14
14178,10,2,9
14179,10,12,1
14180,10,4,18
14181,10,3,7
14182,10,11,6
14183,10,11,6
14184,10,2,9
14185,10,13,14
14186,10,13,14
14187,10,0,19
14188,10,3,7
14189,10,6,4
14190,10,1,10
14191,10,11,6
14192,10,13,14
14193,10,9,11
14194,10,8,16
14195,10,8,16
14196,10,6,4
14197,10,14,17
14198,10,8,16
14199,10,3,7
14200,10,3,7
14201,10,3,7
14202,10,14,17
14203,10,14,17
14204,10,18,8
14205,10,4,18
14206,10,4,18
14207,10,3,7
14208,10,11,6
14209,10,3,7
14210,10,4,18
14211,10,11,6
14212,10,3,7
14213,10,1,10
14214,10,14,17
14215,10,14,17
14216,10,5,13
14217,10,6,4
14218,10,3,7
14219,10,8,16
14220,10,5,13
14221,10,0,19
14222,10,1,10
14223,10,8,16
14224,10,0,19
14225,10,0,19
14226,10,14,17
14227,10,9,11
14228,10,5,13
14229,10,14,17
14230,10,3,7
14231,10,11,6
14232,10,13,14
14233,10,13,14
14234,10,4,18
14235,10,4,18
14236,10,2,9
14237,10,3,7
14238,10,3,7
14239,10,4,18
14240,10,14,17
14241,10,2,9
14242,10,3,7
14243,10,3,7
14244,10,1,10
14245,10,10,2
14246,10,1,10
14247,10,1,10
14248,10,14,17
14249,10,0,19
14250,10,1,10
14251,10,14,17
14252,10,1,10
14253,10,13,14
14254,10,2,9
14255,10,11,6
14256,10,11,6
14257,10,1,10
14258,10,10,2
14259,10,8,16
14260,10,1,10
14261,10,14,17
14262,10,13,14
14263,10,3,7
14264,10,1,10
14265,10,3,7
14266,10,3,7
14267,10,10,2
14268,10,10,2
14269,10,4,18
14270,10,3,7
14271,10,14,17
14272,10,5,13
14273,10,9,11
14274,10,14,17
14275,10,2,9
14276,10,14,17
14277,10,14,17
14278,10,1,10
14279,10,3,7
14280,10,1,10
14281,10,8,16
14282,10,1,10
14283,10,5,13
14284,10,11,6
14285,10,1,10
14286,10,3,7
14287,10,14,17
14288,10,14,17
14289,10,9,11
14290,10,3,7
14291,10,6,4
14292,10,6,4
14293,10,18,8
14294,10,1,10
14295,10,8,16
14296,10,9,11
14297,10,3,7
14298,10,1,10
14299,10,0,19
14300,10,1,10
14301,10,4,18
14302,10,3,7
14303,10,14,17
14304,10,3,7
14305,10,14,17
14306,10,3,7
14307,10,18,8
14308,10,2,9
14309,10,3,7
14310,10,13,14
14311,10,8,16
14312,10,3,7
14313,10,11,6
14314,10,14,17
14315,10,3,7
14316,10,1,10
14317,10,2,9
14318,10,10,2
14319,10,1,10
14320,10,1,10
14321,10,10,2
14322,10,14,17
14323,10,2,9
14324,10,14,17
14325,10,3,7
14326,10,14,17
14327,10,14,17
14328,10,3,7
14329,10,3,7
14330,10,3,7
14331,10,4,18
14332,10,13,14
14333,10,3,7
14334,10,18,8
14335,10,13,14
14336,10,3,7
14337,10,10,2
14338,10,12,1
14339,10,9,11
14340,10,18,8
14341,10,11,6
14342,10,13,14
14343,10,1,10
14344,10,9,11
14345,10,4,18
14346,10,14,17
14347,10,13,14
14348,10,3,7
14349,10,9,11
14350,10,4,18
14351,10,3,7
14352,10,8,16
14353,10,14,17
14354,10,3,7
14355,10,2,9
14356,10,6,4
14357,10,14,17
14358,10,3,7
14359,10,14,17
14360,10,3,7
14361,10,0,19
14362,10,18,8
14363,10,8,16
14364,10,18,8
14365,10,1,10
14366,10,8,16
14367,10,11,6
14368,10,9,11
14369,10,14,17
14370,10,3,7
14371,10,3,7
14372,10,3,7
14373,10,15,15
14374,10,4,18
14375,10,14,17
14376,10,14,17
14377,10,1,10
14378,10,11,6
14379,10,10,2
14380,10,3,7
14381,10,3,7
14382,10,3,7
14383,10,0,19
14384,10,0,19
14385,10,3,7
14386,10,3,7
14387,10,3,7
14388,10,3,7
14389,10,13,14
14390,10,3,7
14391,10,3,7
14392,10,1,10
14393,10,13,14
14394,10,4,18
14395,10,13,14
14396,10,1,10
14397,10,14,17
14398,10,3,7
14399,10,12,1
14400,10,10,2
14401,10,0,19
14402,10,10,2
14403,10,5,13
14404,10,0,19
14405,10,11,6
14406,10,14,17
14407,10,2,9
14408,10,2,9
14409,10,1,10
14410,10,3,7
14411,10,3,7
14412,10,14,17
14413,10,1,10
14414,10,5,13
14415,10,3,7
14416,10,2,9
14417,10,6,4
14418,10,0,19
14419,10,8,16
14420,10,8,16
14421,10,14,17
14422,10,3,7
14423,10,13,14
14424,10,5,13
14425,10,0,19
14426,10,10,2
14427,10,1,10
14428,10,13,14
14429,10,2,9
14430,10,14,17
14431,10,18,8
14432,10,9,11
14433,10,14,17
14434,10,9,11
14435,10,10,2
14436,10,5,13
14437,10,11,6
14438,10,8,16
14439,10,1,10
14440,10,2,9
14441,10,3,7
14442,10,13,14
14443,10,0,19
14444,10,6,4
14445,10,11,6
14446,10,4,18
14447,10,14,17
14448,10,14,17
14449,10,3,7
14450,10,3,7
14451,10,10,2
14452,10,3,7
14453,10,8,16
14454,10,13,14
14455,10,4,18
14456,10,14,17
14457,10,4,18
14458,10,9,11
14459,10,15,15
14460,10,3,7
14461,10,1,10
14462,10,12,1
14463,10,4,18
14464,10,14,17
14465,10,14,17
14466,10,11,6
14467,10,1,10
14468,10,11,6
14469,10,1,10
14470,10,2,9
14471,10,13,14
14472,10,14,17
14473,10,5,13
14474,10,9,11
14475,10,14,17
14476,10,11,6
14477,10,3,7
14478,10,1,10
14479,10,14,17
14480,10,4,18
14481,10,10,2
14482,10,5,13
14483,10,14,17
14484,10,5,13
14485,10,2,9
14486,10,2,9
14487,10,4,18
14488,10,4,18
14489,10,1,10
14490,10,2,9
14491,10,3,7
14492,10,13,14
14493,10,3,7
14494,10,13,14
14495,10,4,18
14496,10,3,7
14497,10,2,9
14498,10,1,10
14499,10,9,11
14500,10,2,9
14501,10,4,18
14502,10,3,7
14503,10,3,7
14504,10,4,18
14505,10,10,2
14506,10,3,7
14507,10,1,10
14508,10,11,6
14509,10,1,10
14510,10,14,17
14511,10,8,16
14512,10,4,18
14513,10,11,6
14514,10,2,9
14515,10,3,7
14516,10,11,6
14517,10,2,9
14518,10,2,9
14519,10,14,17
14520,10,12,1
14521,10,12,1
14522,10,2,9
14523,10,2,9
14524,10,2,9
14525,10,11,6
14526,10,1,10
14527,10,1,10
14528,10,1,10
14529,10,8,16
14530,10,1,10
14531,10,11,6
14532,10,8,16
14533,10,11,6
14534,10,0,19
14535,10,8,16
14536,10,4,18
14537,10,9,11
14538,10,1,10
14539,10,3,7
14540,10,4,18
14541,10,14,17
14542,10,14,17
14543,10,14,17
14544,10,1,10
14545,10,4,18
14546,10,14,17
14547,10,18,8
14548,10,18,8
14549,10,11,6
14550,10,14,17
14551,10,10,2
14552,10,8,16
14553,10,8,16
14554,10,6,4
14555,10,1,10
14556,10,3,7
14557,10,3,7
14558,10,1,10
14559,10,3,7
14560,10,14,17
14561,10,2,9
14562,10,1,10
14563,10,14,17
14564,10,14,17
14565,10,1,10
14566,10,3,7
14567,10,14,17
14568,10,1,10
14569,10,6,4
14570,10,1,10
14571,10,2,9
14572,10,4,18
14573,10,4,18
14574,10,1,10
14575,10,5,13
14576,10,9,11
14577,10,4,18
14578,10,14,17
14579,10,12,1
14580,10,14,17
14581,10,8,16
14582,10,2,9
14583,10,1,10
14584,10,13,14
14585,10,1,10
14586,10,1,10
14587,10,9,11
14588,10,1,10
14589,10,8,16
14590,10,12,1
14591,10,2,9
14592,10,2,9
14593,10,14,17
14594,10,14,17
14595,10,10,2
14596,10,14,17
14597,10,9,11
14598,10,14,17
14599,10,0,19
14600,10,14,17
14601,10,11,6
14602,10,3,7
14603,10,14,17
14604,10,15,15
14605,10,0,19
14606,10,13,14
14607,10,8,16
14608,10,0,19
14609,10,14,17
14610,10,1,10
14611,10,13,14
14612,10,1,10
14613,10,14,17
14614,10,11,6
14615,10,2,9
14616,10,3,7
14617,10,14,17
14618,10,10,2
14619,10,14,17
14620,10,14,17
14621,10,13,14
14622,10,5,13
14623,10,4,18
14624,10,11,6
14625,10,4,18
14626,10,10,2
14627,10,10,2
14628,10,0,19
14629,10,6,4
14630,10,5,13
14631,10,0,19
14632,10,6,4
14633,10,12,1
14634,10,14,17
14635,10,13,14
14636,10,6,4
14637,10,14,17
14638,10,2,9
14639,10,2,9
14640,10,2,9
14641,10,10,2
14642,10,6,4
14643,10,8,16
14644,10,10,2
14645,10,14,17
14646,10,1,10
14647,10,14,17
14648,10,14,17
14649,10,6,4
14650,10,3,7
14651,10,6,4
14652,10,10,2
14653,10,2,9
14654,10,2,9
14655,10,1,10
14656,10,14,17
14657,10,2,9
14658,10,10,2
14659,10,11,6
14660,10,3,7
14661,10,6,4
14662,10,8,16
14663,10,2,9
14664,10,14,17
14665,10,9,11
14666,10,3,7
14667,10,14,17
14668,10,3,7
14669,10,6,4
14670,10,11,6
14671,10,5,13
14672,10,1,10
14673,10,8,16
14674,10,2,9
14675,10,3,7
14676,10,14,17
14677,10,14,17
14678,10,6,4
14679,10,4,18
14680,10,3,7
14681,10,2,9
14682,10,14,17
14683,10,13,14
14684,10,5,13
14685,10,11,6
14686,10,1,10
14687,10,6,4
14688,10,1,10
14689,10,2,9
14690,10,11,6
14691,10,1,10
14692,10,3,7
14693,10,1,10
14694,10,2,9
14695,10,13,14
14696,10,5,13
14697,10,3,7
14698,10,5,13
14699,10,4,18
14700,10,3,7
14701,10,18,8
14702,10,5,13
14703,10,2,9
14704,10,13,14
14705,10,11,6
14706,10,12,1
14707,10,2,9
14708,10,11,6
14709,10,10,2
14710,10,14,17
14711,10,6,4
14712,10,5,13
14713,10,5,13
14714,10,5,13
14715,10,1,10
14716,10,5,13
14717,10,4,18
14718,10,18,8
14719,10,14,17
14720,10,11,6
14721,10,8,16
14722,10,14,17
14723,10,14,17
14724,10,10,2
14725,10,3,7
14726,10,13,14
14727,10,9,11
14728,10,2,9
14729,10,4,18
14730,10,14,17
14731,10,10,2
14732,10,18,8
14733,10,1,10
14734,10,14,17
14735,10,10,2
14736,10,3,7
14737,10,1,10
14738,10,12,1
14739,10,3,7
14740,10,14,17
14741,10,12,1
14742,10,12,1
14743,10,9,11
14744,10,13,14
14745,10,2,9
14746,10,14,17
14747,10,2,9
14748,10,14,17
14749,10,9,11
14750,10,11,6
14751,10,3,7
14752,10,4,18
14753,10,13,14
14754,10,1,10
14755,10,6,4
14756,10,9,11
14757,10,9,11
14758,10,15,15
14759,10,3,7
14760,10,1,10
14761,10,3,7
14762,10,8,16
14763,10,9,11
14764,10,3,7
14765,10,13,14
14766,10,14,17
14767,10,0,19
14768,10,0,19
14769,10,3,7
14770,10,3,7
14771,10,5,13
14772,10,10,2
14773,10,1,10
14774,10,10,2
14775,10,12,1
14776,10,3,7
14777,10,10,2
14778,10,4,18
14779,10,2,9
14780,10,2,9
14781,10,9,11
14782,10,9,11
14783,10,9,11
14784,10,14,17
14785,10,1,10
14786,10,0,19
14787,10,0,19
14788,10,1,10
14789,10,2,9
14790,10,3,7
14791,10,9,11
14792,10,1,10
14793,10,8,16
14794,10,14,17
14795,10,2,9
14796,10,11,6
14797,10,18,8
14798,10,1,10
14799,10,2,9
14800,10,1,10
14801,10,3,7
14802,10,3,7
14803,10,4,18
14804,10,11,6
14805,10,15,15
14806,10,2,9
14807,10,4,18
14808,10,1,10
14809,10,14,17
14810,10,2,9
14811,10,1,10
14812,10,2,9
14813,10,3,7
14814,10,10,2
14815,10,9,11
14816,10,4,18
14817,10,14,17
14818,10,13,14
14819,10,9,11
14820,10,9,11
14821,10,6,4
14822,10,3,7
14823,10,11,6
14824,10,3,7
14825,10,9,11
14826,10,9,11
14827,10,14,17
14828,10,2,9
14829,10,3,7
14830,10,1,10
14831,10,1,10
14832,10,13,14
14833,10,0,19
14834,10,14,17
14835,10,18,8
14836,10,14,17
14837,10,1,10
14838,10,6,4
14839,10,2,9
14840,10,1,10
14841,10,11,6
14842,10,3,7
14843,10,5,13
14844,10,5,13
14845,10,1,10
14846,10,2,9
14847,10,14,17
14848,10,14,17
14849,10,10,2
14850,10,12,1
14851,10,6,4
14852,10,12,1
14853,10,10,2
14854,10,5,13
14855,10,9,11
14856,10,2,9
14857,10,5,13
14858,10,3,7
14859,10,18,8
14860,10,8,16
14861,10,10,2
14862,10,2,9
14863,10,6,4
14864,10,11,6
14865,10,10,2
14866,10,1,10
14867,10,15,15
14868,10,13,14
14869,10,4,18
14870,10,1,10
14871,10,3,7
14872,10,4,18
14873,10,5,13
14874,10,2,9
14875,10,1,10
14876,10,1,10
14877,10,6,4
14878,10,1,10
14879,10,12,1
14880,10,2,9
14881,10,1,10
14882,10,4,18
14883,10,6,4
14884,10,3,7
14885,10,12,1
14886,10,14,17
14887,10,1,10
14888,10,3,7
14889,10,8,16
14890,10,6,4
14891,10,14,17
14892,10,2,9
14893,10,8,16
14894,10,2,9
14895,10,1,10
14896,10,1,10
14897,10,18,8
14898,10,14,17
14899,10,14,17
14900,10,1,10
14901,10,9,11
14902,10,14,17
14903,10,13,14
14904,10,3,7
14905,10,1,10
14906,10,6,4
14907,10,3,7
14908,10,2,9
14909,10,14,17
14910,10,11,6
14911,10,3,7
14912,10,1,10
14913,10,4,18
14914,10,8,16
14915,10,6,4
14916,10,1,10
14917,10,3,7
14918,10,5,13
14919,10,5,13
14920,10,14,17
14921,10,10,2
14922,10,2,9
14923,10,2,9
14924,10,4,18
14925,10,9,11
14926,10,12,1
14927,10,14,17
14928,10,3,7
14929,10,1,10
14930,10,14,17
14931,10,11,6
14932,10,3,7
14933,10,4,18
14934,10,13,14
14935,10,12,1
14936,10,18,8
14937,10,1,10
14938,10,9,11
14939,10,9,11
14940,10,11,6
14941,10,13,14
14942,10,3,7
14943,10,12,1
14944,10,14,17
14945,10,8,16
14946,10,5,13
14947,10,14,17
14948,10,14,17
14949,10,0,19
14950,10,3,7
14951,10,1,10
14952,10,10,2
14953,10,14,17
14954,10,11,6
14955,10,10,2
14956,10,12,1
14957,10,2,9
14958,10,2,9
14959,10,14,17
14960,10,1,10
14961,10,1,10
14962,10,0,19
14963,10,14,17
14964,10,6,4
14965,10,8,16
14966,10,14,17
14967,10,4,18
14968,10,11,6
14969,10,3,7
14970,10,14,17
14971,10,9,11
14972,10,14,17
14973,10,14,17
14974,10,3,7
14975,10,3,7
14976,10,11,6
14977,10,0,19
14978,10,1,10
14979,10,5,13
14980,10,14,17
14981,10,14,17
14982,10,18,8
14983,10,9,11
14984,10,1,10
14985,10,3,7
14986,10,13,14
14987,10,3,7
14988,10,0,19
14989,10,14,17
14990,10,13,14
14991,10,2,9
14992,10,2,9
14993,10,4,18
14994,10,14,17
14995,10,6,4
14996,10,1,10
14997,10,4,18
14998,10,1,10
14999,10,2,9
15000,10,14,17
15001,10,11,6
15002,10,3,7
15003,10,6,4
15004,10,3,7
15005,10,14,17
15006,10,6,4
15007,10,1,10
15008,10,1,10
15009,10,9,11
15010,10,1,10
15011,10,13,14
15012,10,13,14
15013,10,1,10
15014,10,10,2
15015,10,2,9
15016,10,12,1
15017,10,3,7
15018,10,11,6
15019,10,4,18
15020,10,5,13
15021,10,2,9
15022,10,9,11
15023,10,8,16
15024,10,8,16
15025,10,8,16
15026,10,1,10
15027,10,9,11
15028,10,9,11
15029,10,14,17
15030,10,6,4
15031,10,11,6
15032,10,3,7
15033,10,9,11
15034,10,18,8
15035,10,4,18
15036,10,14,17
15037,10,6,4
15038,10,4,18
15039,10,1,10
15040,10,14,17
15041,10,3,7
15042,10,14,17
15043,10,3,7
15044,10,1,10
15045,10,2,9
15046,10,2,9
15047,10,2,9
15048,10,6,4
15049,10,12,1
15050,10,1,10
15051,10,3,7
15052,10,2,9
15053,10,2,9
15054,10,14,17
15055,10,14,17
15056,10,14,17
15057,10,0,19
15058,10,1,10
15059,10,14,17
15060,10,14,17
15061,10,2,9
15062,10,5,13
15063,10,13,14
15064,10,14,17
15065,10,4,18
15066,10,1,10
15067,10,8,16
15068,10,0,19
15069,10,14,17
15070,10,3,7
15071,10,0,19
15072,10,5,13
15073,10,6,4
15074,10,14,17
15075,10,3,7
15076,10,3,7
15077,10,3,7
15078,10,5,13
15079,10,3,7
15080,10,11,6
15081,10,4,18
15082,10,18,8
15083,10,14,17
15084,10,14,17
15085,10,0,19
15086,10,9,11
15087,10,4,18
15088,10,3,7
15089,10,11,6
15090,10,4,18
15091,10,14,17
15092,10,4,18
15093,10,3,7
15094,10,0,19
15095,10,1,10
15096,10,2,9
15097,10,1,10
15098,10,11,6
15099,10,3,7
15100,10,11,6
15101,10,10,2
15102,10,9,11
15103,10,6,4
15104,10,4,18
15105,10,10,2
15106,10,1,10
15107,10,4,18
15108,10,13,14
15109,10,1,10
15110,10,3,7
15111,10,4,18
15112,10,1,10
15113,10,4,18
15114,10,3,7
15115,10,14,17
15116,10,0,19
15117,10,14,17
15118,10,14,17
15119,10,2,9
15120,10,1,10
15121,10,1,10
15122,10,3,7
15123,10,15,15
15124,10,14,17
15125,10,3,7
15126,10,10,2
15127,10,13,14
15128,10,2,9
15129,10,14,17
15130,10,12,1
15131,10,2,9
15132,10,11,6
15133,10,18,8
15134,10,0,19
15135,10,4,18
15136,10,11,6
15137,10,11,6
15138,10,11,6
15139,10,14,17
15140,10,4,18
15141,10,3,7
15142,10,13,14
15143,10,8,16
15144,10,11,6
15145,10,1,10
15146,10,5,13
15147,10,10,2
15148,10,1,10
15149,10,14,17
15150,10,13,14
15151,10,11,6
15152,10,3,7
15153,10,2,9
15154,10,3,7
15155,10,1,10
15156,10,6,4
15157,10,14,17
15158,10,11,6
15159,10,1,10
15160,10,3,7
15161,10,13,14
15162,10,3,7
15163,10,1,10
15164,10,14,17
15165,10,5,13
15166,10,9,11
15167,10,1,10
15168,10,5,13
15169,10,14,17
15170,10,3,7
15171,10,9,11
15172,10,3,7
15173,10,4,18
15174,10,4,18
15175,10,4,18
15176,10,11,6
15177,10,14,17
15178,10,1,10
15179,10,2,9
15180,10,13,14
15181,10,0,19
15182,10,3,7
15183,10,14,17
15184,10,14,17
15185,10,9,11
15186,10,4,18
15187,10,3,7
15188,10,8,16
15189,10,14,17
15190,10,1,10
15191,10,9,11
15192,10,13,14
15193,10,11,6
15194,10,14,17
15195,10,6,4
15196,10,14,17
15197,10,5,13
15198,10,3,7
15199,10,12,1
15200,10,12,1
15201,10,1,10
15202,10,13,14
15203,10,3,7
15204,10,14,17
15205,10,14,17
15206,10,4,18
15207,10,15,15
15208,10,4,18
15209,10,8,16
15210,10,10,2
15211,10,8,16
15212,10,8,16
15213,10,14,17
15214,10,18,8
15215,10,6,4
15216,10,10,2
15217,10,10,2
15218,10,10,2
15219,10,1,10
15220,10,8,16
15221,10,14,17
15222,10,9,11
15223,10,3,7
15224,10,4,18
15225,10,4,18
15226,10,1,10
15227,10,4,18
15228,10,9,11
15229,10,1,10
15230,10,5,13
15231,10,14,17
15232,10,11,6
15233,10,8,16
15234,10,14,17
15235,10,8,16
15236,10,1,10
15237,10,18,8
15238,10,3,7
15239,10,13,14
15240,10,6,4
15241,10,14,17
15242,10,9,11
15243,10,11,6
15244,10,0,19
15245,10,3,7
15246,10,4,18
15247,10,14,17
15248,10,2,9
15249,10,9,11
15250,10,13,14
15251,10,4,18
15252,10,8,16
15253,10,2,9
15254,10,5,13
15255,10,1,10
15256,10,14,17
15257,10,5,13
15258,10,4,18
15259,10,4,18
15260,10,2,9
15261,10,13,14
15262,10,8,16
15263,10,4,18
15264,10,10,2
15265,10,2,9
15266,10,3,7
15267,10,2,9
15268,10,9,11
15269,10,11,6
15270,10,4,18
15271,10,3,7
15272,10,4,18
15273,10,8,16
15274,10,14,17
15275,10,11,6
15276,10,3,7
15277,10,13,14
15278,10,0,19
15279,10,5,13
15280,10,18,8
15281,10,2,9
15282,10,2,9
15283,10,9,11
15284,10,13,14
15285,10,13,14
15286,10,11,6
15287,10,12,1
15288,10,10,2
15289,10,1,10
15290,10,13,14
15291,10,9,11
15292,10,9,11
15293,10,1,10
15294,10,15,15
15295,10,1,10
15296,10,8,16
15297,10,8,16
15298,10,11,6
15299,10,1,10
15300,10,1,10
15301,10,11,6
15302,10,4,18
15303,10,11,6
15304,10,8,16
15305,10,6,4
15306,10,9,11
15307,10,1,10
15308,10,3,7
15309,10,14,17
15310,10,14,17
15311,10,4,18
15312,10,6,4
15313,10,14,17
15314,10,1,10
15315,10,1,10
15316,10,2,9
15317,10,3,7
15318,10,14,17
15319,10,6,4
15320,10,5,13
15321,10,11,6
15322,10,1,10
15323,10,6,4
15324,10,3,7
15325,10,9,11
15326,10,3,7
15327,10,1,10
15328,10,3,7
15329,10,13,14
15330,10,3,7
15331,10,3,7
15332,10,11,6
15333,10,12,1
15334,10,11,6
15335,10,3,7
15336,10,1,10
15337,10,1,10
15338,10,12,1
15339,10,1,10
15340,10,5,13
15341,10,2,9
15342,10,3,7
15343,10,2,9
15344,10,6,4
15345,10,18,8
15346,10,0,19
15347,10,13,14
15348,10,11,6
15349,10,4,18
15350,10,3,7
15351,10,13,14
15352,10,9,11
15353,10,10,2
15354,10,11,6
15355,10,3,7
15356,10,1,10
15357,10,14,17
15358,10,9,11
15359,10,13,14
15360,10,14,17
15361,10,14,17
15362,10,1,10
15363,10,9,11
15364,10,14,17
15365,10,14,17
15366,10,9,11
15367,10,6,4
15368,10,10,2
15369,10,3,7
15370,10,9,11
15371,10,1,10
15372,10,10,2
15373,10,9,11
15374,10,11,6
15375,10,9,11
15376,10,10,2
15377,10,8,16
15378,10,1,10
15379,10,2,9
15380,10,4,18
15381,10,3,7
15382,10,8,16
15383,10,13,14
15384,10,11,6
15385,10,3,7
15386,10,14,17
15387,10,2,9
15388,10,14,17
15389,10,2,9
15390,10,11,6
15391,10,1,10
15392,10,2,9
15393,10,3,7
15394,10,13,14
15395,10,8,16
15396,10,1,10
15397,10,3,7
15398,10,1,10
15399,10,9,11
15400,10,13,14
15401,10,14,17
15402,10,3,7
15403,10,3,7
15404,10,4,18
15405,10,6,4
15406,10,2,9
15407,10,14,17
15408,10,9,11
15409,10,5,13
15410,10,4,18
15411,10,4,18
15412,10,0,19
15413,10,0,19
15414,10,10,2
15415,10,3,7
15416,10,1,10
15417,10,1,10
15418,10,8,16
15419,10,15,15
15420,10,2,9
15421,10,9,11
15422,10,13,14
15423,10,11,6
15424,10,10,2
15425,10,2,9
15426,10,3,7
15427,10,3,7
15428,10,3,7
15429,10,2,9
15430,10,5,13
15431,10,2,9
15432,10,3,7
15433,10,18,8
15434,10,14,17
15435,10,14,17
15436,10,8,16
15437,10,2,9
15438,10,5,13
15439,10,10,2
15440,10,11,6
15441,10,6,4
15442,10,3,7
15443,10,4,18
15444,10,3,7
15445,10,14,17
15446,10,8,16
15447,10,0,19
15448,10,14,17
15449,10,2,9
15450,10,1,10
15451,10,6,4
15452,10,6,4
15453,10,14,17
15454,10,0,19
15455,10,4,18
15456,10,6,4
15457,10,3,7
15458,10,9,11
15459,10,0,19
15460,10,1,10
15461,10,4,18
15462,10,9,11
15463,10,3,7
15464,10,14,17
15465,10,8,16
15466,10,11,6
15467,10,14,17
15468,10,1,10
15469,10,1,10
15470,10,10,2
15471,10,2,9
15472,10,11,6
15473,10,13,14
15474,10,12,1
15475,10,10,2
15476,10,6,4
15477,10,3,7
15478,10,8,16
15479,10,14,17
15480,10,1,10
15481,10,1,10
15482,10,8,16
15483,10,10,2
15484,10,1,10
15485,10,14,17
15486,10,2,9
15487,10,3,7
15488,10,11,6
15489,10,14,17
15490,10,11,6
15491,10,14,17
15492,10,14,17
15493,10,6,4
15494,10,1,10
15495,10,3,7
15496,10,14,17
15497,10,13,14
15498,10,0,19
15499,10,8,16
15500,10,3,7
15501,10,11,6
15502,10,14,17
15503,10,4,18
15504,10,2,9
15505,10,13,14
15506,10,3,7
15507,10,2,9
15508,10,14,17
15509,10,14,17
15510,10,13,14
15511,10,14,17
15512,10,8,16
15513,10,3,7
15514,10,14,17
15515,10,2,9
15516,10,11,6
15517,10,8,16
15518,10,8,16
15519,10,1,10
15520,10,9,11
15521,10,3,7
15522,10,8,16
15523,10,4,18
15524,10,8,16
15525,10,14,17
15526,10,18,8
15527,10,12,1
15528,10,8,16
15529,10,0,19
15530,10,1,10
15531,10,3,7
15532,10,2,9
15533,10,6,4
15534,10,14,17
15535,10,14,17
15536,10,2,9
15537,10,1,10
15538,10,14,17
15539,10,11,6
15540,10,0,19
15541,10,9,11
15542,10,5,13
15543,10,9,11
15544,10,1,10
15545,10,0,19
15546,10,2,9
15547,10,14,17
15548,10,14,17
15549,10,11,6
15550,10,8,16
15551,10,14,17
15552,10,11,6
15553,10,15,15
15554,10,5,13
15555,10,11,6
15556,10,11,6
15557,10,1,10
15558,10,0,19
15559,10,3,7
15560,10,14,17
15561,10,8,16
15562,10,11,6
15563,10,10,2
15564,10,14,17
15565,10,13,14
15566,10,1,10
15567,10,11,6
15568,10,14,17
15569,10,1,10
15570,10,14,17
15571,10,11,6
15572,10,6,4
15573,10,3,7
15574,10,1,10
15575,10,14,17
15576,10,10,2
15577,10,18,8
15578,10,18,8
15579,10,1,10
15580,10,3,7
15581,10,4,18
15582,10,3,7
15583,10,12,1
15584,10,3,7
15585,10,2,9
15586,10,9,11
15587,10,11,6
15588,10,2,9
15589,10,9,11
15590,10,14,17
15591,10,14,17
15592,10,5,13
15593,10,5,13
15594,10,13,14
15595,10,11,6
15596,10,2,9
15597,10,3,7
15598,10,0,19
15599,10,11,6
15600,10,14,17
15601,10,1,10
15602,10,14,17
15603,10,14,17
15604,10,10,2
15605,10,14,17
15606,10,8,16
15607,10,2,9
15608,10,13,14
15609,10,14,17
15610,10,3,7
15611,10,1,10
15612,10,15,15
15613,10,14,17
15614,10,14,17
15615,10,1,10
15616,10,10,2
15617,10,2,9
15618,10,1,10
15619,10,1,10
15620,10,6,4
15621,10,3,7
15622,10,5,13
15623,10,9,11
15624,10,18,8
15625,10,2,9
15626,10,14,17
15627,10,0,19
15628,10,13,14
15629,10,14,17
15630,10,1,10
15631,10,18,8
15632,10,10,2
15633,10,4,18
15634,10,4,18
15635,10,1,10
15636,10,11,6
15637,10,3,7
15638,10,9,11
15639,10,4,18
15640,10,4,18
15641,10,3,7
15642,10,1,10
15643,10,1,10
15644,10,2,9
15645,10,3,7
15646,10,3,7
15647,10,13,14
15648,10,11,6
15649,10,6,4
15650,10,0,19
15651,10,13,14
15652,10,11,6
15653,10,1,10
15654,10,14,17
15655,10,2,9
15656,10,14,17
15657,10,14,17
15658,10,1,10
15659,10,3,7
15660,10,14,17
15661,10,9,11
15662,10,1,10
15663,10,3,7
15664,10,10,2
15665,10,18,8
15666,10,2,9
15667,10,4,18
15668,10,1,10
15669,10,9,11
15670,10,14,17
15671,10,3,7
15672,10,5,13
15673,10,3,7
15674,10,4,18
15675,10,1,10
15676,10,6,4
15677,10,2,9
15678,10,4,18
15679,10,2,9
15680,10,2,9
15681,10,11,6
15682,10,10,2
15683,10,0,19
15684,10,8,16
15685,10,11,6
15686,10,3,7
15687,10,1,10
15688,10,10,2
15689,10,8,16
15690,10,4,18
15691,10,18,8
15692,10,14,17
15693,10,4,18
15694,10,4,18
15695,10,0,19
15696,10,10,2
15697,10,6,4
15698,10,11,6
15699,10,13,14
15700,10,3,7
15701,10,1,10
15702,10,1,10
15703,10,13,14
15704,10,3,7
15705,10,11,6
15706,10,2,9
15707,10,3,7
15708,10,14,17
15709,10,1,10
15710,10,8,16
15711,10,4,18
15712,10,1,10
15713,10,1,10
15714,10,3,7
15715,10,11,6
15716,10,18,8
15717,10,10,2
15718,10,5,13
15719,10,14,17
15720,10,2,9
15721,10,4,18
15722,10,18,8
15723,10,3,7
15724,10,11,6
15725,10,1,10
15726,10,9,11
15727,10,10,2
15728,10,1,10
15729,10,3,7
15730,10,3,7
15731,10,10,2
15732,10,18,8
15733,10,8,16
15734,10,4,18
15735,10,2,9
15736,10,3,7
15737,10,4,18
15738,10,5,13
15739,10,1,10
15740,10,4,18
15741,10,3,7
15742,10,3,7
15743,10,14,17
15744,10,14,17
15745,10,11,6
15746,10,10,2
15747,10,10,2
15748,10,3,7
15749,10,3,7
15750,10,5,13
15751,10,0,19
15752,10,14,17
15753,10,14,17
15754,10,12,1
15755,10,4,18
15756,10,9,11
15757,10,2,9
15758,10,2,9
15759,10,14,17
15760,10,5,13
15761,10,3,7
15762,10,3,7
15763,10,14,17
15764,10,14,17
15765,10,6,4
15766,10,3,7
15767,10,10,2
15768,10,8,16
15769,10,11,6
15770,10,11,6
15771,10,4,18
15772,10,0,19
15773,10,2,9
15774,10,11,6
15775,10,8,16
15776,10,14,17
15777,10,1,10
15778,10,6,4
15779,10,11,6
15780,10,14,17
15781,10,9,11
15782,10,10,2
15783,10,6,4
15784,10,1,10
15785,10,3,7
15786,10,3,7
15787,10,8,16
15788,10,6,4
15789,10,1,10
15790,10,6,4
15791,10,1,10
15792,10,2,9
15793,10,5,13
15794,10,1,10
15795,10,0,19
15796,10,8,16
15797,10,6,4
15798,10,3,7
15799,10,10,2
15800,10,11,6
15801,10,14,17
15802,10,10,2
15803,10,4,18
15804,10,9,11
15805,10,5,13
15806,10,14,17
15807,10,3,7
15808,10,3,7
15809,10,3,7
15810,10,10,2
15811,10,9,11
15812,10,3,7
15813,10,3,7
15814,10,5,13
15815,10,2,9
15816,10,1,10
15817,10,14,17
15818,10,3,7
15819,10,14,17
15820,10,4,18
15821,10,8,16
15822,10,6,4
15823,10,2,9
15824,10,18,8
15825,10,4,18
15826,10,4,18
15827,10,14,17
15828,10,14,17
15829,10,13,14
15830,10,3,7
15831,10,9,11
15832,10,6,4
15833,10,2,9
15834,10,15,15
15835,10,10,2
15836,10,10,2
15837,10,8,16
15838,10,1,10
15839,10,3,7
15840,10,11,6
15841,10,2,9
15842,10,3,7
15843,10,14,17
15844,10,14,17
15845,10,13,14
15846,10,11,6
15847,10,1,10
15848,10,3,7
15849,10,3,7
15850,10,14,17
15851,10,3,7
15852,10,3,7
15853,10,1,10
15854,10,14,17
15855,10,4,18
15856,10,4,18
15857,10,1,10
15858,10,3,7
15859,10,14,17
15860,10,1,10
15861,10,14,17
15862,10,11,6
15863,10,3,7
15864,10,4,18
15865,10,11,6
15866,10,14,17
15867,10,13,14
15868,10,2,9
15869,10,11,6
15870,10,14,17
15871,10,1,10
15872,10,11,6
15873,10,14,17
15874,10,2,9
15875,10,10,2
15876,10,14,17
15877,10,3,7
15878,10,1,10
15879,10,11,6
15880,10,14,17
15881,10,14,17
15882,10,0,19
15883,10,3,7
15884,10,13,14
15885,10,6,4
15886,10,0,19
15887,10,3,7
15888,10,14,17
15889,10,3,7
15890,10,2,9
15891,10,11,6
15892,10,11,6
15893,10,0,19
15894,10,13,14
15895,10,18,8
15896,10,14,17
15897,10,3,7
15898,10,1,10
15899,10,11,6
15900,10,1,10
15901,10,10,2
15902,10,14,17
15903,10,15,15
15904,10,4,18
15905,10,4,18
15906,10,3,7
15907,10,4,18
15908,10,13,14
15909,10,12,1
15910,10,6,4
15911,10,9,11
15912,10,2,9
15913,10,2,9
15914,10,11,6
15915,10,14,17
15916,10,12,1
15917,10,14,17
15918,10,14,17
15919,10,14,17
15920,10,13,14
15921,10,2,9
15922,10,1,10
15923,10,3,7
15924,10,8,16
15925,10,8,16
15926,10,4,18
15927,10,14,17
15928,10,2,9
15929,10,9,11
15930,10,14,17
15931,10,14,17
15932,10,0,19
15933,10,14,17
15934,10,9,11
15935,10,9,11
15936,10,4,18
15937,10,5,13
15938,10,1,10
15939,10,9,11
15940,10,2,9
15941,10,1,10
15942,10,3,7
15943,10,3,7
15944,10,11,6
15945,10,12,1
15946,10,12,1
15947,10,14,17
15948,10,11,6
15949,10,14,17
15950,10,9,11
15951,10,2,9
15952,10,18,8
15953,10,1,10
15954,10,13,14
15955,10,13,14
15956,10,10,2
15957,10,13,14
15958,10,3,7
15959,10,12,1
15960,10,1,10
15961,10,13,14
15962,10,3,7
15963,10,2,9
15964,10,3,7
15965,10,10,2
15966,10,10,2
15967,10,1,10
15968,10,3,7
15969,10,11,6
15970,10,15,15
15971,10,5,13
15972,10,6,4
15973,10,11,6
15974,10,0,19
15975,10,2,9
15976,10,13,14
15977,10,12,1
15978,10,1,10
15979,10,2,9
15980,10,11,6
15981,10,8,16
15982,10,3,7
15983,10,0,19
15984,10,2,9
15985,10,3,7
15986,10,13,14
15987,10,9,11
15988,10,1,10
15989,10,14,17
15990,10,11,6
15991,10,1,10
15992,10,14,17
15993,10,13,14
15994,10,3,7
15995,10,4,18
15996,10,14,17
15997,10,3,7
15998,10,11,6
15999,10,4,18
16000,10,9,11
16001,10,1,10
16002,10,14,17
16003,10,1,10
16004,10,3,7
16005,10,0,19
16006,10,2,9
16007,10,14,17
16008,10,14,17
16009,10,2,9
16010,10,13,14
16011,10,6,4
16012,10,18,8
16013,10,2,9
16014,10,1,10
16015,10,9,11
16016,10,10,2
16017,10,3,7
16018,10,2,9
16019,10,4,18
16020,10,18,8
16021,10,6,4
16022,10,4,18
16023,10,13,14
16024,10,3,7
16025,10,12,1
16026,10,1,10
16027,10,9,11
16028,10,6,4
16029,10,1,10
16030,10,14,17
16031,10,3,7
16032,10,3,7
16033,10,5,13
16034,10,13,14
16035,10,13,14
16036,10,11,6
16037,10,6,4
16038,10,1,10
16039,10,11,6
16040,10,10,2
16041,10,11,6
16042,10,4,18
16043,10,1,10
16044,10,3,7
16045,10,6,4
16046,10,14,17
16047,10,3,7
16048,10,6,4
16049,10,1,10
16050,10,2,9
16051,10,10,2
16052,10,8,16
16053,10,8,16
16054,10,3,7
16055,10,18,8
16056,10,1,10
16057,10,4,18
16058,10,14,17
16059,10,11,6
16060,10,11,6
16061,10,3,7
16062,10,15,15
16063,10,5,13
16064,10,4,18
16065,10,11,6
16066,10,12,1
16067,10,9,11
16068,10,4,18
16069,10,3,7
16070,10,3,7
16071,10,0,19
16072,10,0,19
16073,10,13,14
16074,10,10,2
16075,10,8,16
16076,10,3,7
16077,10,12,1
16078,10,10,2
16079,10,14,17
16080,10,11,6
16081,10,6,4
16082,10,8,16
16083,10,9,11
16084,10,3,7
16085,10,12,1
16086,10,1,10
16087,10,1,10
16088,10,3,7
16089,10,9,11
16090,10,6,4
16091,10,0,19
16092,10,3,7
16093,10,4,18
16094,10,1,10
16095,10,10,2
16096,10,14,17
16097,10,11,6
16098,10,10,2
16099,10,6,4
16100,10,3,7
16101,10,1,10
16102,10,18,8
16103,10,5,13
16104,10,2,9
16105,10,3,7
16106,10,10,2
16107,10,1,10
16108,10,5,13
16109,10,14,17
16110,10,1,10
16111,10,18,8
16112,10,14,17
16113,10,2,9
16114,10,9,11
16115,10,8,16
16116,10,5,13
16117,10,5,13
16118,10,4,18
16119,10,14,17
16120,10,10,2
16121,10,11,6
16122,10,18,8
16123,10,13,14
16124,10,3,7
16125,10,5,13
16126,10,11,6
16127,10,14,17
16128,10,14,17
16129,10,1,10
16130,10,3,7
16131,10,14,17
16132,10,2,9
16133,10,9,11
16134,10,3,7
16135,10,14,17
16136,10,3,7
16137,10,1,10
16138,10,3,7
16139,10,2,9
16140,10,1,10
16141,10,3,7
16142,10,13,14
16143,10,18,8
16144,10,4,18
16145,10,9,11
16146,10,11,6
16147,10,9,11
16148,10,8,16
16149,10,3,7
16150,10,6,4
16151,10,14,17
16152,10,6,4
16153,10,8,16
16154,10,11,6
16155,10,5,13
16156,10,3,7
16157,10,14,17
16158,10,1,10
16159,10,1,10
16160,10,1,10
16161,10,2,9
16162,10,14,17
16163,10,11,6
16164,10,4,18
16165,10,9,11
16166,10,6,4
16167,10,1,10
16168,10,14,17
16169,10,1,10
16170,10,18,8
16171,10,4,18
16172,10,1,10
16173,10,6,4
16174,10,8,16
16175,10,6,4
16176,10,2,9
16177,10,5,13
16178,10,6,4
16179,10,2,9
16180,10,1,10
16181,10,14,17
16182,10,14,17
16183,10,18,8
16184,10,10,2
16185,10,5,13
16186,10,1,10
16187,10,3,7
16188,10,14,17
16189,10,11,6
16190,10,4,18
16191,10,14,17
16192,10,8,16
16193,10,12,1
16194,10,12,1
16195,10,8,16
16196,10,3,7
16197,10,14,17
16198,10,1,10
16199,10,9,11
16200,10,5,13
16201,10,14,17
16202,10,14,17
16203,10,14,17
16204,10,1,10
16205,10,2,9
16206,10,9,11
16207,10,14,17
16208,10,11,6
16209,10,0,19
16210,10,15,15
16211,10,3,7
16212,10,11,6
16213,10,10,2
16214,10,10,2
16215,10,9,11
16216,10,14,17
16217,10,10,2
16218,10,3,7
16219,10,8,16
16220,10,6,4
16221,10,3,7
16222,10,4,18
16223,10,0,19
16224,10,14,17
16225,10,3,7
16226,10,5,13
16227,10,3,7
16228,10,1,10
16229,10,15,15
16230,10,3,7
16231,10,3,7
16232,10,14,17
16233,10,3,7
16234,10,3,7
16235,10,11,6
16236,10,5,13
16237,10,9,11
16238,10,2,9
16239,10,2,9
16240,10,2,9
16241,10,3,7
16242,10,1,10
16243,10,3,7
16244,10,14,17
16245,10,4,18
16246,10,1,10
16247,10,1,10
16248,10,18,8
16249,10,1,10
16250,10,11,6
16251,10,0,19
16252,10,2,9
16253,10,2,9
16254,10,6,4
16255,10,2,9
16256,10,2,9
16257,10,2,9
16258,10,2,9
16259,10,1,10
16260,10,4,18
16261,10,2,9
16262,10,8,16
16263,10,18,8
16264,10,1,10
16265,10,4,18
16266,10,1,10
16267,10,11,6
16268,10,10,2
16269,10,8,16
16270,10,6,4
16271,10,6,4
16272,10,14,17
16273,10,3,7
16274,10,2,9
16275,10,3,7
16276,10,6,4
16277,10,1,10
16278,10,2,9
16279,10,4,18
16280,10,14,17
16281,10,3,7
16282,10,1,10
16283,10,3,7
16284,10,1,10
16285,10,14,17
16286,10,1,10
16287,10,14,17
16288,10,14,17
16289,10,2,9
16290,10,4,18
16291,10,9,11
16292,10,10,2
16293,10,2,9
16294,10,1,10
16295,10,0,19
16296,10,8,16
16297,10,3,7
16298,10,6,4
16299,10,14,17
16300,10,6,4
16301,10,2,9
16302,10,3,7
16303,10,1,10
16304,10,10,2
16305,10,14,17
16306,10,8,16
16307,10,3,7
16308,10,0,19
16309,10,8,16
16310,10,9,11
16311,10,9,11
16312,10,8,16
16313,10,8,16
16314,10,5,13
16315,10,5,13
16316,10,2,9
16317,10,8,16
16318,10,1,10
16319,10,4,18
16320,10,1,10
16321,10,12,1
16322,10,11,6
16323,10,1,10
16324,10,2,9
16325,10,13,14
16326,10,8,16
16327,10,8,16
16328,10,0,19
16329,10,3,7
16330,10,9,11
16331,10,8,16
16332,10,14,17
16333,10,4,18
16334,10,18,8
16335,10,2,9
16336,10,1,10
16337,10,0,19
16338,10,8,16
16339,10,14,17
16340,10,9,11
16341,10,2,9
16342,10,8,16
16343,10,10,2
16344,10,10,2
16345,10,6,4
16346,10,11,6
16347,10,4,18
16348,10,2,9
16349,10,10,2
16350,10,1,10
16351,10,3,7
16352,10,13,14
16353,10,1,10
16354,10,13,14
16355,10,2,9
16356,10,4,18
16357,10,8,16
16358,10,9,11
16359,10,2,9
16360,10,14,17
16361,10,14,17
16362,10,4,18
16363,10,1,10
16364,10,5,13
16365,10,10,2
16366,10,12,1
16367,10,3,7
16368,10,15,15
16369,10,1,10
16370,10,4,18
16371,10,9,11
16372,10,2,9
16373,10,13,14
16374,10,1,10
16375,10,1,10
16376,10,2,9
16377,10,2,9
16378,10,5,13
16379,10,11,6
16380,10,10,2
16381,10,1,10
16382,10,8,16
16383,10,8,16
16384,10,15,15
16385,10,3,7
16386,10,3,7
16387,10,14,17
16388,10,1,10
16389,10,13,14
16390,10,3,7
16391,10,3,7
16392,10,6,4
16393,10,11,6
16394,10,14,17
16395,10,3,7
16396,10,1,10
16397,10,13,14
16398,10,13,14
16399,10,2,9
16400,10,13,14
16401,10,11,6
16402,10,8,16
16403,10,2,9
16404,10,11,6
16405,10,6,4
16406,10,6,4
16407,10,2,9
16408,10,11,6
16409,10,3,7
16410,10,18,8
16411,10,5,13
16412,10,4,18
16413,10,4,18
16414,10,14,17
16415,10,3,7
16416,10,3,7
16417,10,3,7
16418,10,14,17
16419,10,1,10
16420,10,15,15
16421,10,1,10
16422,10,14,17
16423,10,4,18
16424,10,14,17
16425,10,0,19
16426,10,5,13
16427,10,3,7
16428,10,1,10
16429,10,1,10
16430,10,10,2
16431,10,14,17
16432,10,2,9
16433,10,3,7
16434,10,1,10
16435,10,4,18
16436,10,11,6
16437,10,12,1
16438,10,8,16
16439,10,8,16
16440,10,12,1
16441,10,3,7
16442,10,13,14
16443,10,3,7
16444,10,2,9
16445,10,11,6
16446,10,9,11
16447,10,3,7
16448,10,5,13
16449,10,0,19
16450,10,5,13
16451,10,0,19
16452,10,10,2
16453,10,18,8
16454,10,3,7
16455,10,0,19
16456,10,10,2
16457,10,2,9
16458,10,11,6
16459,10,13,14
16460,10,1,10
16461,10,14,17
16462,10,3,7
16463,10,4,18
16464,10,6,4
16465,10,14,17
16466,10,14,17
16467,10,13,14
16468,10,6,4
16469,10,3,7
16470,10,14,17
16471,10,1,10
16472,10,1,10
16473,10,0,19
16474,10,6,4
16475,10,14,17
16476,10,4,18
16477,10,2,9
16478,10,1,10
16479,10,2,9
16480,10,0,19
16481,10,9,11
16482,10,8,16
16483,10,12,1
16484,10,1,10
16485,10,14,17
16486,10,9,11
16487,10,11,6
16488,10,4,18
16489,10,1,10
16490,10,8,16
16491,10,3,7
16492,10,3,7
16493,10,4,18
16494,10,10,2
16495,10,3,7
16496,10,9,11
16497,10,14,17
16498,10,14,17
16499,10,15,15
16500,10,3,7
16501,10,14,17
16502,10,11,6
16503,10,3,7
16504,10,3,7
16505,10,13,14
16506,10,2,9
16507,10,1,10
16508,10,14,17
16509,10,14,17
16510,10,1,10
16511,10,13,14
16512,10,14,17
16513,10,6,4
16514,10,13,14
16515,10,4,18
16516,10,14,17
16517,10,13,14
16518,10,11,6
16519,10,6,4
16520,10,5,13
16521,10,4,18
16522,10,3,7
16523,10,14,17
16524,10,3,7
16525,10,14,17
16526,10,3,7
16527,10,14,17
16528,10,4,18
16529,10,13,14
16530,10,2,9
16531,10,18,8
16532,10,3,7
16533,10,9,11
16534,10,10,2
16535,10,3,7
16536,10,11,6
16537,10,4,18
16538,10,6,4
16539,10,13,14
16540,10,14,17
16541,10,14,17
16542,10,14,17
16543,10,12,1
16544,10,9,11
16545,10,9,11
16546,10,14,17
16547,10,2,9
16548,10,1,10
16549,10,10,2
16550,10,1,10
16551,10,3,7
16552,10,8,16
16553,10,14,17
16554,10,8,16
16555,10,2,9
16556,10,12,1
16557,10,11,6
16558,10,3,7
16559,10,2,9
16560,10,14,17
16561,10,3,7
16562,10,0,19
16563,10,4,18
16564,10,2,9
16565,10,12,1
16566,10,1,10
16567,10,9,11
16568,10,6,4
16569,10,2,9
16570,10,12,1
16571,10,13,14
16572,10,5,13
16573,10,6,4
16574,10,1,10
16575,10,2,9
16576,10,14,17
16577,10,12,1
16578,10,0,19
16579,10,11,6
16580,10,18,8
16581,10,10,2
16582,10,8,16
16583,10,9,11
16584,10,3,7
16585,10,13,14
16586,10,9,11
16587,10,1,10
16588,10,1,10
16589,10,10,2
16590,10,2,9
16591,10,14,17
16592,10,8,16
16593,10,2,9
16594,10,1,10
16595,10,2,9
16596,10,3,7
16597,10,11,6
16598,10,2,9
16599,10,8,16
16600,10,6,4
16601,10,3,7
16602,10,12,1
16603,10,2,9
16604,10,9,11
16605,10,9,11
16606,10,14,17
16607,10,5,13
16608,10,4,18
16609,10,14,17
16610,10,3,7
16611,10,4,18
16612,10,11,6
16613,10,4,18
16614,10,10,2
16615,10,18,8
16616,10,2,9
16617,10,4,18
16618,10,14,17
16619,10,13,14
16620,10,1,10
16621,10,14,17
16622,10,14,17
16623,10,10,2
16624,10,9,11
16625,10,2,9
16626,10,3,7
16627,10,14,17
16628,10,10,2
16629,10,11,6
16630,10,14,17
16631,10,14,17
16632,10,13,14
16633,10,1,10
16634,10,14,17
16635,10,6,4
16636,10,1,10
16637,10,11,6
16638,10,3,7
16639,10,13,14
16640,10,0,19
16641,10,1,10
16642,10,2,9
16643,10,2,9
16644,10,2,9
16645,10,3,7
16646,10,1,10
16647,10,18,8
16648,10,11,6
16649,10,14,17
16650,10,8,16
16651,10,3,7
16652,10,1,10
16653,10,14,17
16654,10,3,7
16655,10,0,19
16656,10,4,18
16657,10,3,7
16658,10,9,11
16659,10,8,16
16660,10,8,16
16661,10,1,10
16662,10,14,17
16663,10,4,18
16664,10,2,9
16665,10,9,11
16666,10,13,14
16667,10,9,11
16668,10,1,10
16669,10,5,13
16670,10,11,6
16671,10,11,6
16672,10,3,7
16673,10,3,7
16674,10,3,7
16675,10,4,18
16676,10,3,7
16677,10,12,1
16678,10,8,16
16679,10,14,17
16680,10,1,10
16681,10,14,17
16682,10,2,9
16683,10,18,8
16684,10,8,16
16685,10,3,7
16686,10,5,13
16687,10,3,7
16688,10,10,2
16689,10,4,18
16690,10,1,10
16691,10,2,9
16692,10,13,14
16693,10,10,2
16694,10,1,10
16695,10,0,19
16696,10,14,17
16697,10,2,9
16698,10,14,17
16699,10,14,17
16700,10,5,13
16701,10,14,17
16702,10,15,15
16703,10,14,17
16704,10,13,14
16705,10,11,6
16706,10,14,17
16707,10,12,1
16708,10,4,18
16709,10,11,6
16710,10,2,9
16711,10,14,17
16712,10,5,13
16713,10,9,11
16714,10,1,10
16715,10,13,14
16716,10,11,6
16717,10,4,18
16718,10,10,2
16719,10,14,17
16720,10,11,6
16721,10,5,13
16722,10,14,17
16723,10,6,4
16724,10,11,6
16725,10,5,13
16726,10,10,2
16727,10,3,7
16728,10,6,4
16729,10,11,6
16730,10,4,18
16731,10,11,6
16732,10,3,7
16733,10,14,17
16734,10,2,9
16735,10,13,14
16736,10,3,7
16737,10,4,18
16738,10,6,4
16739,10,8,16
16740,10,14,17
16741,10,2,9
16742,10,2,9
16743,10,2,9
16744,10,12,1
16745,10,0,19
16746,10,1,10
16747,10,3,7
16748,10,6,4
16749,10,13,14
16750,10,2,9
16751,10,2,9
16752,10,10,2
16753,10,9,11
16754,10,14,17
16755,10,14,17
16756,10,1,10
16757,10,3,7
16758,10,3,7
16759,10,3,7
16760,10,13,14
16761,10,14,17
16762,10,10,2
16763,10,15,15
16764,10,3,7
16765,10,8,16
16766,10,9,11
16767,10,14,17
16768,10,4,18
16769,10,4,18
16770,10,14,17
16771,10,2,9
16772,10,2,9
16773,10,14,17
16774,10,1,10
16775,10,11,6
16776,10,3,7
16777,10,2,9
16778,10,1,10
16779,10,0,19
16780,10,14,17
16781,10,4,18
16782,10,4,18
16783,10,4,18
16784,10,3,7
16785,10,0,19
16786,10,13,14
16787,10,3,7
16788,10,10,2
16789,10,13,14
16790,10,0,19
16791,10,15,15
16792,10,4,18
16793,10,1,10
16794,10,5,13
16795,10,2,9
16796,10,1,10
16797,10,9,11
16798,10,9,11
16799,10,14,17
16800,10,3,7
16801,10,11,6
16802,10,14,17
16803,10,9,11
16804,10,14,17
16805,10,1,10
16806,10,1,10
16807,10,3,7
16808,10,10,2
16809,10,10,2
16810,10,2,9
16811,10,11,6
16812,10,3,7
16813,10,1,10
16814,10,14,17
16815,10,12,1
16816,10,2,9
16817,10,13,14
16818,10,3,7
16819,10,2,9
16820,10,3,7
16821,10,5,13
16822,10,11,6
16823,10,8,16
16824,10,9,11
16825,10,8,16
16826,10,3,7
16827,10,4,18
16828,10,11,6
16829,10,10,2
16830,10,9,11
16831,10,8,16
16832,10,8,16
16833,10,0,19
16834,10,14,17
16835,10,14,17
16836,10,4,18
16837,10,13,14
16838,10,3,7
16839,10,3,7
16840,10,15,15
16841,10,8,16
16842,10,1,10
16843,10,18,8
16844,10,14,17
16845,10,15,15
16846,10,8,16
16847,10,18,8
16848,10,14,17
16849,10,1,10
16850,10,14,17
16851,10,2,9
16852,10,3,7
16853,10,11,6
16854,10,2,9
16855,10,6,4
16856,10,11,6
16857,10,5,13
16858,10,3,7
16859,10,6,4
16860,10,14,17
16861,10,14,17
16862,10,14,17
16863,10,2,9
16864,10,14,17
16865,10,8,16
16866,10,6,4
16867,10,5,13
16868,10,14,17
16869,10,2,9
16870,10,8,16
16871,10,3,7
16872,10,6,4
16873,10,2,9
16874,10,14,17
16875,10,14,17
16876,10,13,14
16877,10,5,13
16878,10,9,11
16879,10,1,10
16880,10,4,18
16881,10,9,11
16882,10,14,17
16883,10,2,9
16884,10,11,6
16885,10,11,6
16886,10,4,18
16887,10,2,9
16888,10,14,17
16889,10,12,1
16890,10,2,9
16891,10,3,7
16892,10,18,8
16893,10,8,16
16894,10,10,2
16895,10,3,7
16896,10,4,18
16897,10,4,18
16898,10,3,7
16899,10,2,9
16900,10,14,17
16901,10,3,7
16902,10,8,16
16903,10,14,17
16904,10,12,1
16905,10,14,17
16906,10,2,9
16907,10,6,4
16908,10,2,9
16909,10,15,15
16910,10,14,17
16911,10,0,19
16912,10,9,11
16913,10,9,11
16914,10,14,17
16915,10,14,17
16916,10,1,10
16917,10,10,2
16918,10,14,17
16919,10,0,19
16920,10,11,6
16921,10,14,17
16922,10,14,17
16923,10,14,17
16924,10,9,11
16925,10,5,13
16926,10,15,15
16927,10,10,2
16928,10,2,9
16929,10,3,7
16930,10,14,17
16931,10,14,17
16932,10,4,18
16933,10,4,18
16934,10,4,18
16935,10,0,19
16936,10,6,4
16937,10,4,18
16938,10,14,17
16939,10,14,17
16940,10,6,4
16941,10,1,10
16942,10,14,17
16943,10,2,9
16944,10,10,2
16945,10,4,18
16946,10,14,17
16947,10,3,7
16948,10,4,18
16949,10,2,9
16950,10,2,9
16951,10,0,19
16952,10,6,4
16953,10,18,8
16954,10,3,7
16955,10,13,14
16956,10,3,7
16957,10,13,14
16958,10,10,2
16959,10,8,16
16960,10,1,10
16961,10,3,7
16962,10,4,18
16963,10,4,18
16964,10,1,10
16965,10,1,10
16966,10,3,7
16967,10,2,9
16968,10,13,14
16969,10,14,17
16970,10,11,6
16971,10,3,7
16972,10,14,17
16973,10,8,16
16974,10,8,16
16975,10,3,7
16976,10,4,18
16977,10,2,9
16978,10,14,17
16979,10,8,16
16980,10,2,9
16981,10,13,14
16982,10,9,11
16983,10,9,11
16984,10,3,7
16985,10,3,7
16986,10,2,9
16987,10,9,11
16988,10,1,10
16989,10,14,17
16990,10,14,17
16991,10,2,9
16992,10,6,4
16993,10,3,7
16994,10,14,17
16995,10,14,17
16996,10,14,17
16997,10,14,17
16998,10,9,11
16999,10,3,7
17000,10,13,14
17001,10,3,7
17002,10,14,17
17003,10,13,14
17004,10,13,14
17005,10,8,16
17006,10,18,8
17007,10,9,11
17008,10,3,7
17009,10,1,10
17010,10,0,19
17011,10,11,6
17012,10,1,10
17013,10,11,6
17014,10,12,1
17015,10,5,13
17016,10,6,4
17017,10,3,7
17018,10,6,4
17019,10,9,11
17020,10,4,18
17021,10,2,9
17022,10,4,18
17023,10,4,18
17024,10,3,7
17025,10,3,7
17026,10,9,11
17027,10,10,2
17028,10,14,17
17029,10,2,9
17030,10,2,9
17031,10,13,14
17032,10,13,14
17033,10,6,4
17034,10,11,6
17035,10,12,1
17036,10,10,2
17037,10,14,17
17038,10,2,9
17039,10,10,2
17040,10,13,14
17041,10,14,17
17042,10,18,8
17043,10,8,16
17044,10,12,1
17045,10,14,17
17046,10,14,17
17047,10,9,11
17048,10,1,10
17049,10,3,7
17050,10,8,16
17051,10,8,16
17052,10,18,8
17053,10,1,10
17054,10,1,10
17055,10,10,2
17056,10,1,10
17057,10,3,7
17058,10,11,6
17059,10,2,9
17060,10,3,7
17061,10,0,19
17062,10,3,7
17063,10,4,18
17064,10,4,18
17065,10,14,17
17066,10,1,10
17067,10,1,10
17068,10,11,6
17069,10,6,4
17070,10,14,17
17071,10,1,10
17072,10,0,19
17073,10,9,11
17074,10,14,17
17075,10,11,6
17076,10,14,17
17077,10,11,6
17078,10,4,18
17079,10,11,6
17080,10,3,7
17081,10,18,8
17082,10,14,17
17083,10,3,7
17084,10,8,16
17085,10,1,10
17086,10,3,7
17087,10,2,9
17088,10,8,16
17089,10,14,17
17090,10,6,4
17091,10,13,14
17092,10,14,17
17093,10,2,9
17094,10,3,7
17095,10,3,7
17096,10,18,8
17097,10,1,10
17098,10,14,17
17099,10,13,14
17100,10,8,16
17101,10,0,19
17102,10,14,17
17103,10,5,13
17104,10,14,17
17105,10,15,15
17106,10,14,17
17107,10,1,10
17108,10,2,9
17109,10,2,9
17110,10,2,9
17111,10,3,7
17112,10,3,7
17113,10,14,17
17114,10,4,18
17115,10,10,2
17116,10,2,9
17117,10,14,17
17118,10,14,17
17119,10,6,4
17120,10,9,11
17121,10,4,18
17122,10,2,9
17123,10,9,11
17124,10,9,11
17125,10,18,8
17126,10,1,10
17127,10,4,18
17128,10,2,9
17129,10,4,18
17130,10,4,18
17131,10,14,17
17132,10,13,14
17133,10,2,9
17134,10,0,19
17135,10,1,10
17136,10,5,13
17137,10,3,7
17138,10,3,7
17139,10,2,9
17140,10,5,13
17141,10,2,9
17142,10,2,9
17143,10,14,17
17144,10,14,17
17145,10,12,1
17146,10,11,6
17147,10,9,11
17148,10,0,19
17149,10,13,14
17150,10,4,18
17151,10,1,10
17152,10,14,17
17153,10,1,10
17154,10,1,10
17155,10,1,10
17156,10,0,19
17157,10,14,17
17158,10,6,4
17159,10,3,7
17160,10,3,7
17161,10,2,9
17162,10,13,14
17163,10,1,10
17164,10,1,10
17165,10,10,2
17166,10,2,9
17167,10,3,7
17168,10,3,7
17169,10,14,17
17170,10,18,8
17171,10,13,14
17172,10,14,17
17173,10,0,19
17174,10,3,7
17175,10,11,6
17176,10,2,9
17177,10,5,13
17178,10,1,10
17179,10,3,7
17180,10,3,7
17181,10,18,8
17182,10,0,19
17183,10,4,18
17184,10,5,13
17185,10,3,7
17186,10,4,18
17187,10,8,16
17188,10,14,17
17189,10,3,7
17190,10,4,18
17191,10,14,17
17192,10,4,18
17193,10,1,10
17194,10,14,17
17195,10,14,17
17196,10,13,14
17197,10,15,15
17198,10,3,7
17199,10,11,6
17200,10,6,4
17201,10,4,18
17202,10,10,2
17203,10,6,4
17204,10,4,18
17205,10,11,6
17206,10,5,13
17207,10,14,17
17208,10,3,7
17209,10,3,7
17210,10,4,18
17211,10,11,6
17212,10,14,17
17213,10,2,9
17214,10,8,16
17215,10,14,17
17216,10,14,17
17217,10,1,10
17218,10,10,2
17219,10,3,7
17220,10,9,11
17221,10,14,17
17222,10,13,14
17223,10,1,10
17224,10,3,7
17225,10,2,9
17226,10,3,7
17227,10,9,11
17228,10,6,4
17229,10,1,10
17230,10,2,9
17231,10,2,9
17232,10,14,17
17233,10,2,9
17234,10,1,10
17235,10,1,10
17236,10,3,7
17237,10,3,7
17238,10,10,2
17239,10,11,6
17240,10,9,11
17241,10,13,14
17242,10,6,4
17243,10,13,14
17244,10,2,9
17245,10,8,16
17246,10,1,10
17247,10,6,4
17248,10,2,9
17249,10,3,7
17250,10,9,11
17251,10,6,4
17252,10,2,9
17253,10,14,17
17254,10,4,18
17255,10,11,6
17256,10,3,7
17257,10,1,10
17258,10,14,17
17259,10,14,17
17260,10,13,14
17261,10,3,7
17262,10,14,17
17263,10,8,16
17264,10,1,10
17265,10,18,8
17266,10,11,6
17267,10,1,10
17268,10,5,13
17269,10,18,8
17270,10,1,10
17271,10,14,17
17272,10,18,8
17273,10,1,10
17274,10,12,1
17275,10,11,6
17276,10,18,8
17277,10,1,10
17278,10,0,19
17279,10,2,9
17280,10,3,7
17281,10,1,10
17282,10,14,17
17283,10,3,7
17284,10,2,9
17285,10,3,7
17286,10,8,16
17287,10,13,14
17288,10,9,11
17289,10,10,2
17290,10,3,7
17291,10,1,10
17292,10,2,9
17293,10,14,17
17294,10,10,2
17295,10,14,17
17296,10,1,10
17297,10,5,13
17298,10,8,16
17299,10,11,6
17300,10,0,19
17301,10,11,6
17302,10,0,19
17303,10,14,17
17304,10,4,18
17305,10,8,16
17306,10,8,16
17307,10,2,9
17308,10,5,13
17309,10,5,13
17310,10,2,9
17311,10,3,7
17312,10,14,17
17313,10,1,10
17314,10,9,11
17315,10,14,17
17316,10,4,18
17317,10,8,16
17318,10,11,6
17319,10,4,18
17320,10,10,2
17321,10,15,15
17322,10,18,8
17323,10,3,7
17324,10,10,2
17325,10,15,15
17326,10,13,14
17327,10,14,17
17328,10,5,13
17329,10,14,17
17330,10,5,13
17331,10,1,10
17332,10,0,19
17333,10,2,9
17334,10,14,17
17335,10,3,7
17336,10,14,17
17337,10,2,9
17338,10,2,9
17339,10,14,17
17340,10,4,18
17341,10,18,8
17342,10,4,18
17343,10,6,4
17344,10,13,14
17345,10,9,11
17346,10,4,18
17347,10,9,11
17348,10,10,2
17349,10,11,6
17350,10,14,17
17351,10,5,13
17352,10,9,11
17353,10,10,2
17354,10,9,11
17355,10,14,17
17356,10,0,19
17357,10,18,8
17358,10,6,4
17359,10,5,13
17360,10,3,7
17361,10,11,6
17362,10,9,11
17363,10,11,6
17364,10,4,18
17365,10,14,17
17366,10,2,9
17367,10,14,17
17368,10,5,13
17369,10,10,2
17370,10,14,17
17371,10,18,8
17372,10,9,11
17373,10,2,9
17374,10,11,6
17375,10,14,17
17376,10,1,10
17377,10,14,17
17378,10,11,6
17379,10,11,6
17380,10,11,6
17381,10,18,8
17382,10,14,17
17383,10,1,10
17384,10,10,2
17385,10,3,7
17386,10,14,17
17387,10,6,4
17388,10,13,14
17389,10,6,4
17390,10,18,8
17391,10,3,7
17392,10,3,7
17393,10,1,10
17394,10,1,10
17395,10,3,7
17396,10,11,6
17397,10,6,4
17398,10,1,10
17399,10,0,19
17400,10,14,17
17401,10,11,6
17402,10,5,13
17403,10,18,8
17404,10,4,18
17405,10,14,17
17406,10,6,4
17407,10,6,4
17408,10,13,14
17409,10,1,10
17410,10,4,18
17411,10,12,1
17412,10,0,19
17413,10,11,6
17414,10,11,6
17415,10,3,7
17416,10,4,18
17417,10,11,6
17418,10,11,6
17419,10,2,9
17420,10,11,6
17421,10,9,11
17422,10,14,17
17423,10,18,8
17424,10,10,2
17425,10,13,14
17426,10,2,9
17427,10,13,14
17428,10,3,7
17429,10,10,2
17430,10,14,17
17431,10,14,17
17432,10,15,15
17433,10,14,17
17434,10,18,8
17435,10,11,6
17436,10,14,17
17437,10,6,4
17438,10,13,14
17439,10,3,7
17440,10,4,18
17441,10,4,18
17442,10,11,6
17443,10,17,12
17444,10,17,12
17445,10,4,18
17446,10,0,19
17447,10,13,14
17448,10,1,10
17449,10,1,10
17450,10,3,7
17451,10,3,7
17452,10,3,7
17453,10,10,2
17454,10,3,7
17455,10,9,11
17456,10,13,14
17457,10,0,19
17458,10,13,14
17459,10,17,12
17460,10,3,7
17461,10,1,10
17462,10,17,12
17463,10,17,12
17464,10,9,11
17465,10,17,12
17466,10,8,16
17467,10,8,16
17468,10,11,6
17469,10,4,18
17470,10,0,19
17471,10,9,11
17472,10,9,11
17473,10,2,9
17474,10,3,7
17475,10,4,18
17476,10,4,18
17477,10,17,12
17478,10,2,9
17479,10,17,12
17480,10,2,9
17481,10,1,10
17482,10,1,10
17483,10,17,12
17484,10,17,12
17485,10,10,2
17486,10,1,10
17487,10,1,10
17488,10,5,13
17489,10,13,14
17490,10,13,14
17491,10,3,7
17492,10,4,18
17493,10,1,10
17494,10,17,12
17495,10,10,2
17496,10,13,14
17497,10,11,6
17498,10,1,10
17499,10,9,11
17500,10,10,2
17501,10,1,10
17502,10,17,12
17503,10,4,18
17504,10,17,12
17505,10,14,17
17506,10,18,8
17507,10,4,18
17508,10,3,7
17509,10,4,18
17510,10,13,14
17511,10,13,14
17512,10,17,12
17513,10,17,12
17514,10,11,6
17515,10,13,14
17516,10,1,10
17517,10,1,10
17518,10,4,18
17519,10,3,7
17520,10,1,10
17521,10,1,10
17522,10,0,19
17523,10,17,12
17524,10,1,10
17525,10,5,13
17526,10,17,12
17527,10,5,13
17528,10,5,13
17529,10,5,13
17530,10,5,13
17531,10,17,12
17532,10,17,12
17533,10,17,12
17534,10,9,11
17535,10,14,17
17536,10,14,17
17537,10,14,17
17538,10,1,10
17539,10,10,2
17540,10,10,2
17541,10,14,17
17542,10,3,7
17543,10,4,18
17544,10,4,18
17545,10,4,18
17546,10,17,12
17547,10,3,7
17548,10,4,18
17549,10,4,18
17550,10,3,7
17551,10,1,10
17552,10,17,12
17553,10,17,12
17554,10,4,18
17555,10,4,18
17556,10,9,11
17557,10,3,7
17558,10,17,12
17559,10,9,11
17560,10,9,11
17561,10,14,17
17562,10,11,6
17563,10,11,6
17564,10,17,12
17565,10,2,9
17566,10,14,17
17567,10,11,6
17568,10,17,12
17569,10,17,12
17570,10,11,6
17571,10,6,4
17572,10,17,12
17573,10,17,12
17574,10,5,13
17575,10,2,9
17576,10,17,12
17577,10,2,9
17578,10,12,1
17579,10,12,1
17580,10,12,1
17581,10,1,10
17582,10,13,14
17583,10,17,12
17584,10,12,1
17585,10,3,7
17586,10,3,7
17587,10,1,10
17588,10,17,12
17589,10,14,17
17590,10,11,6
17591,10,4,18
17592,10,11,6
17593,10,9,11
17594,10,4,18
17595,10,14,17
17596,10,3,7
17597,10,10,2
17598,10,10,2
17599,10,10,2
17600,10,14,17
17601,10,14,17
17602,10,14,17
17603,10,1,10
17604,10,2,9
17605,10,4,18
17606,10,4,18
17607,10,12,1
17608,10,9,11
17609,10,0,19
17610,10,9,11
17611,10,3,7
17612,10,11,6
17613,10,11,6
17614,10,8,16
17615,10,14,17
17616,10,8,16
17617,10,11,6
17618,10,4,18
17619,10,4,18
17620,10,1,10
17621,10,11,6
17622,10,3,7
17623,10,17,12
17624,10,17,12
17625,10,17,12
17626,10,8,16
17627,10,8,16
17628,10,2,9
17629,10,14,17
17630,10,14,17
17631,10,17,12
17632,10,1,10
17633,10,12,1
17634,10,3,7
17635,10,13,14
17636,10,12,1
17637,10,12,1
17638,10,9,11
17639,10,2,9
17640,10,14,17
17641,10,14,17
17642,10,11,6
17643,10,5,13
17644,10,1,10
17645,10,5,13
17646,10,5,13
17647,10,9,11
17648,10,3,7
17649,10,12,1
17650,10,14,17
17651,10,14,17
17652,10,1,10
17653,10,8,16
17654,10,17,12
17655,10,2,9
17656,10,3,7
17657,10,3,7
17658,10,1,10
17659,10,14,17
17660,10,14,17
17661,10,1,10
17662,10,8,16
17663,10,10,2
17664,10,17,12
17665,10,17,12
17666,10,12,1
17667,10,4,18
17668,10,14,17
17669,10,15,15
17670,10,12,1
17671,10,4,18
17672,10,15,15
17673,10,4,18
17674,10,1,10
17675,10,6,4
17676,10,6,4
17677,10,4,18
17678,10,4,18
17679,10,3,7
17680,10,3,7
17681,10,1,10
17682,10,18,8
17683,10,1,10
17684,10,1,10
17685,10,4,18
17686,10,4,18
17687,10,14,17
17688,10,2,9
17689,10,1,10
17690,10,14,17
17691,10,2,9
17692,10,17,12
17693,10,1,10
17694,10,1,10
17695,10,17,12
17696,10,17,12
17697,10,17,12
17698,10,12,1
17699,10,5,13
17700,10,17,12
17701,10,1,10
17702,10,13,14
17703,10,2,9
17704,10,13,14
17705,10,13,14
17706,10,12,1
17707,10,17,12
17708,10,3,7
17709,10,0,19
17710,10,2,9
17711,10,14,17
17712,10,17,12
17713,10,2,9
17714,10,1,10
17715,10,1,10
17716,10,11,6
17717,10,1,10
17718,10,1,10
17719,10,4,18
17720,10,4,18
17721,10,1,10
17722,10,3,7
17723,10,0,19
17724,10,1,10
17725,10,5,13
17726,10,3,7
17727,10,3,7
17728,10,4,18
17729,10,4,18
17730,10,3,7
17731,10,11,6
17732,10,12,1
17733,10,1,10
17734,10,2,9
17735,10,18,8
17736,10,0,19
17737,10,14,17
17738,10,0,19
17739,10,14,17
17740,10,14,17
17741,10,5,13
17742,10,12,1
17743,10,17,12
17744,10,17,12
17745,10,8,16
17746,10,6,4
17747,10,9,11
17748,10,14,17
17749,10,13,14
17750,10,1,10
17751,10,14,17
17752,10,14,17
17753,10,17,12
17754,10,1,10
17755,10,14,17
17756,10,10,2
17757,10,10,2
17758,10,4,18
17759,10,1,10
17760,10,8,16
17761,10,6,4
17762,10,13,14
17763,10,12,1
17764,10,17,12
17765,10,1,10
17766,10,13,14
17767,10,13,14
17768,10,17,12
17769,10,11,6
17770,10,11,6
17771,10,1,10
17772,10,2,9
17773,10,1,10
17774,10,13,14
17775,10,11,6
17776,10,13,14
17777,10,13,14
17778,10,14,17
17779,10,13,14
17780,10,5,13
17781,10,0,19
17782,10,10,2
17783,10,1,10
17784,10,14,17
17785,10,5,13
17786,10,0,19
17787,10,1,10
17788,10,4,18
17789,10,4,18
17790,10,14,17
17791,10,14,17
17792,10,11,6
17793,10,14,17
17794,10,1,10
17795,10,1,10
17796,10,4,18
17797,10,3,7
17798,10,13,14
17799,10,3,7
17800,10,13,14
17801,10,3,7
17802,10,14,17
17803,10,1,10
17804,10,9,11
17805,10,13,14
17806,10,14,17
17807,10,5,13
17808,10,0,19
17809,10,3,7
17810,10,4,18
17811,10,4,18
17812,10,4,18
17813,10,17,12
17814,10,17,12
17815,10,17,12
17816,10,3,7
17817,10,14,17
17818,10,11,6
17819,10,17,12
17820,10,4,18
17821,10,1,10
17822,10,17,12
17823,10,11,6
17824,10,4,18
17825,10,10,2
17826,10,17,12
17827,10,17,12
17828,10,17,12
17829,10,2,9
17830,10,17,12
17831,10,5,13
17832,10,13,14
17833,10,17,12
17834,10,13,14
17835,10,13,14
17836,10,13,14
17837,10,3,7
17838,10,9,11
17839,10,5,13
17840,10,5,13
17841,10,14,17
17842,10,0,19
17843,10,0,19
17844,10,4,18
17845,10,0,19
17846,10,0,19
17847,10,14,17
17848,10,11,6
17849,10,4,18
17850,10,14,17
17851,10,4,18
17852,10,4,18
17853,10,4,18
17854,10,10,2
17855,10,14,17
17856,10,10,2
17857,10,1,10
17858,10,1,10
17859,10,1,10
17860,10,17,12
17861,10,1,10
17862,10,11,6
17863,10,4,18
17864,10,0,19
17865,10,1,10
17866,10,4,18
17867,10,17,12
17868,10,4,18
17869,10,14,17
17870,10,14,17
17871,10,14,17
17872,10,1,10
17873,10,11,6
17874,10,17,12
17875,10,10,2
17876,10,2,9
17877,10,13,14
17878,10,12,1
17879,10,17,12
17880,10,2,9
17881,10,4,18
17882,10,1,10
17883,10,18,8
17884,10,1,10
17885,10,0,19
17886,10,1,10
17887,10,17,12
17888,10,13,14
17889,10,13,14
17890,10,13,14
17891,10,4,18
17892,10,2,9
17893,10,14,17
17894,10,17,12
17895,10,3,7
17896,10,13,14
17897,10,10,2
17898,10,8,16
17899,10,1,10
17900,10,1,10
17901,10,10,2
17902,10,17,12
17903,10,14,17
17904,10,14,17
17905,10,14,17
17906,10,4,18
17907,10,4,18
17908,10,17,12
17909,10,18,8
17910,10,4,18
17911,10,17,12
17912,10,4,18
17913,10,4,18
17914,10,4,18
17915,10,14,17
17916,10,12,1
17917,10,4,18
17918,10,3,7
17919,10,4,18
17920,10,4,18
17921,10,4,18
17922,10,4,18
17923,10,11,6
17924,10,11,6
17925,10,8,16
17926,10,11,6
17927,10,5,13
17928,10,10,2
17929,10,3,7
17930,10,4,18
17931,10,1,10
17932,10,8,16
17933,10,3,7
17934,10,3,7
17935,10,3,7
17936,10,11,6
17937,10,13,14
17938,10,9,11
17939,10,11,6
17940,10,3,7
17941,10,14,17
17942,10,4,18
17943,10,17,12
17944,10,8,16
17945,10,17,12
17946,10,1,10
17947,10,4,18
17948,10,1,10
17949,10,17,12
17950,10,17,12
17951,10,4,18
17952,10,1,10
17953,10,3,7
17954,10,13,14
17955,10,6,4
17956,10,11,6
17957,10,13,14
17958,10,17,12
17959,10,1,10
17960,10,4,18
17961,10,4,18
17962,10,13,14
17963,10,13,14
17964,10,10,2
17965,10,14,17
17966,10,3,7
17967,10,3,7
17968,10,4,18
17969,10,4,18
17970,10,17,12
17971,10,14,17
17972,10,10,2
17973,10,3,7
17974,10,8,16
17975,10,0,19
17976,10,6,4
17977,10,0,19
17978,10,2,9
17979,10,0,19
17980,10,4,18
17981,10,1,10
17982,10,1,10
17983,10,14,17
17984,10,8,16
17985,10,8,16
17986,10,8,16
17987,10,17,12
17988,10,13,14
17989,10,14,17
17990,10,3,7
17991,10,1,10
17992,10,13,14
17993,10,13,14
17994,10,14,17
17995,10,12,1
17996,10,9,11
17997,10,12,1
17998,10,8,16
17999,10,8,16
18000,10,1,10
18001,10,1,10
18002,10,17,12
18003,10,14,17
18004,10,8,16
18005,10,6,4
18006,10,1,10
18007,10,9,11
18008,10,9,11
18009,10,4,18
18010,10,11,6
18011,10,1,10
18012,10,4,18
18013,10,5,13
18014,10,18,8
18015,10,1,10
18016,10,1,10
18017,10,13,14
18018,10,17,12
18019,10,17,12
18020,10,8,16
18021,10,8,16
18022,10,3,7
18023,10,0,19
18024,10,3,7
18025,10,4,18
18026,10,2,9
18027,10,10,2
18028,10,11,6
18029,10,11,6
18030,10,1,10
18031,10,11,6
18032,10,6,4
18033,10,5,13
18034,10,5,13
18035,10,13,14
18036,10,3,7
18037,10,9,11
18038,10,14,17
18039,10,1,10
18040,10,3,7
18041,10,18,8
18042,10,4,18
18043,10,4,18
18044,10,12,1
18045,10,6,4
18046,10,3,7
18047,10,0,19
18048,10,1,10
18049,10,1,10
18050,10,14,17
18051,10,1,10
18052,10,4,18
18053,10,4,18
18054,10,1,10
18055,10,4,18
18056,10,4,18
18057,10,4,18
18058,10,4,18
18059,10,4,18
18060,10,1,10
18061,10,8,16
18062,10,14,17
18063,10,1,10
18064,10,1,10
18065,10,1,10
18066,10,5,13
18067,10,5,13
18068,10,1,10
18069,10,1,10
18070,10,6,4
18071,10,0,19
18072,10,1,10
18073,10,17,12
18074,10,14,17
18075,10,3,7
18076,10,1,10
18077,10,3,7
18078,10,3,7
18079,10,14,17
18080,10,12,1
18081,10,4,18
18082,10,1,10
18083,10,11,6
18084,10,4,18
18085,10,3,7
18086,10,3,7
18087,10,3,7
18088,10,1,10
18089,10,8,16
18090,10,14,17
18091,10,14,17
18092,10,8,16
18093,10,13,14
18094,10,1,10
18095,10,1,10
18096,10,1,10
18097,10,1,10
18098,10,6,4
18099,10,6,4
18100,10,1,10
18101,10,5,13
18102,10,5,13
18103,10,5,13
18104,10,5,13
18105,10,18,8
18106,10,17,12
18107,10,5,13
18108,10,1,10
18109,10,14,17
18110,10,5,13
18111,10,4,18
18112,10,3,7
18113,10,14,17
18114,10,0,19
18115,10,1,10
18116,10,6,4
18117,10,13,14
18118,10,8,16
18119,10,11,6
18120,10,0,19
18121,10,9,11
18122,10,10,2
18123,10,1,10
18124,10,14,17
18125,10,1,10
18126,10,14,17
18127,10,11,6
18128,10,14,17
18129,10,1,10
18130,10,6,4
18131,10,6,4
18132,10,11,6
18133,10,10,2
18134,10,3,7
18135,10,13,14
18136,10,6,4
18137,10,1,10
18138,10,11,6
18139,10,14,17
18140,10,12,1
18141,10,12,1
18142,10,9,11
18143,10,2,9
18144,10,13,14
18145,10,11,6
18146,10,11,6
18147,10,14,17
18148,10,1,10
18149,10,1,10
18150,10,4,18
18151,10,1,10
18152,10,3,7
18153,10,3,7
18154,10,17,12
18155,10,9,11
18156,10,4,18
18157,10,6,4
18158,10,2,9
18159,10,2,9
18160,10,10,2
18161,10,14,17
18162,10,6,4
18163,10,14,17
18164,10,17,12
18165,10,14,17
18166,10,14,17
18167,10,3,7
18168,10,14,17
18169,10,10,2
18170,10,9,11
18171,10,1,10
18172,10,14,17
18173,10,3,7
18174,10,14,17
18175,10,14,17
18176,10,2,9
18177,10,1,10
18178,10,1,10
18179,10,14,17
18180,10,2,9
18181,10,9,11
18182,10,12,1
18183,10,14,17
18184,10,14,17
18185,10,14,17
18186,10,6,4
18187,10,6,4
18188,10,13,14
18189,10,14,17
18190,10,11,6
18191,10,1,10
18192,10,12,1
18193,10,6,4
18194,10,1,10
18195,10,3,7
18196,10,3,7
18197,10,9,11
18198,10,2,9
18199,10,3,7
18200,10,2,9
18201,10,2,9
18202,10,14,17
18203,10,13,14
18204,10,3,7
18205,10,11,6
18206,10,17,12
18207,10,10,2
18208,10,17,12
18209,10,3,7
18210,10,1,10
18211,10,3,7
18212,10,1,10
18213,10,1,10
18214,10,1,10
18215,10,3,7
18216,10,15,15
18217,10,4,18
18218,10,11,6
18219,10,15,15
18220,10,2,9
18221,10,4,18
18222,10,14,17
18223,10,1,10
18224,10,10,2
18225,10,5,13
18226,10,17,12
18227,10,6,4
18228,10,4,18
18229,10,17,12
18230,10,6,4
18231,10,12,1
18232,10,8,16
18233,10,8,16
18234,10,5,13
18235,10,5,13
18236,10,8,16
18237,10,8,16
18238,10,8,16
18239,10,3,7
18240,10,4,18
18241,10,1,10
18242,10,3,7
18243,10,5,13
18244,10,18,8
18245,10,14,17
18246,10,13,14
18247,10,13,14
18248,10,3,7
18249,10,3,7
18250,10,13,14
18251,10,13,14
18252,10,1,10
18253,10,1,10
18254,10,5,13
18255,10,5,13
18256,10,4,18
18257,10,13,14
18258,10,6,4
18259,10,1,10
18260,10,4,18
18261,10,14,17
18262,10,1,10
18263,10,14,17
18264,10,5,13
18265,10,6,4
18266,10,8,16
18267,10,3,7
18268,10,8,16
18269,10,11,6
18270,10,13,14
18271,10,8,16
18272,10,17,12
18273,10,17,12
18274,10,1,10
18275,10,3,7
18276,10,4,18
18277,10,8,16
18278,10,1,10
18279,10,3,7
18280,10,3,7
18281,10,13,14
18282,10,4,18
18283,10,14,17
18284,10,1,10
18285,10,13,14
18286,10,17,12
18287,10,5,13
18288,10,4,18
18289,10,4,18
18290,10,3,7
18291,10,4,18
18292,10,4,18
18293,10,14,17
18294,10,3,7
18295,10,3,7
18296,10,1,10
18297,10,11,6
18298,10,1,10
18299,10,8,16
18300,10,14,17
18301,10,3,7
18302,10,1,10
18303,10,4,18
18304,10,1,10
18305,10,4,18
18306,10,14,17
18307,10,9,11
18308,10,9,11
18309,10,1,10
18310,10,14,17
18311,10,15,15
18312,10,3,7
18313,10,3,7
18314,10,3,7
18315,10,10,2
18316,10,14,17
18317,10,8,16
18318,10,11,6
18319,10,14,17
18320,10,3,7
18321,10,14,17
18322,10,14,17
18323,10,1,10
18324,10,1,10
18325,10,2,9
18326,10,1,10
18327,10,1,10
18328,10,9,11
18329,10,2,9
18330,10,4,18
18331,10,1,10
18332,10,14,17
18333,10,2,9
18334,10,1,10
18335,10,14,17
18336,10,14,17
18337,10,18,8
18338,10,14,17
18339,10,14,17
18340,10,14,17
18341,10,3,7
18342,10,1,10
18343,10,17,12
18344,10,3,7
18345,10,5,13
18346,10,4,18
18347,10,6,4
18348,10,11,6
18349,10,2,9
18350,10,2,9
18351,10,5,13
18352,10,1,10
18353,10,1,10
18354,10,11,6
18355,10,3,7
18356,10,14,17
18357,10,4,18
18358,10,11,6
18359,10,3,7
18360,10,14,17
18361,10,6,4
18362,10,14,17
18363,10,1,10
18364,10,5,13
18365,10,14,17
18366,10,14,17
18367,10,14,17
18368,10,6,4
18369,10,15,15
18370,10,14,17
18371,10,3,7
18372,10,4,18
18373,10,11,6
18374,10,14,17
18375,10,11,6
18376,10,14,17
18377,10,14,17
18378,10,13,14
18379,10,3,7
18380,10,3,7
18381,10,8,16
18382,10,13,14
18383,10,14,17
18384,10,14,17
18385,10,14,17
18386,10,10,2
18387,10,13,14
18388,10,13,14
18389,10,15,15
18390,10,15,15
18391,10,15,15
18392,10,15,15
18393,10,4,18
18394,10,14,17
18395,10,11,6
18396,10,1,10
18397,10,14,17
18398,10,2,9
18399,10,4,18
18400,10,4,18
18401,10,4,18
18402,10,4,18
18403,10,11,6
18404,10,13,14
18405,10,0,19
18406,10,1,10
18407,10,15,15
18408,10,1,10
18409,10,0,19
18410,10,6,4
18411,10,0,19
18412,10,5,13
18413,10,3,7
18414,10,5,13
18415,10,14,17
18416,10,15,15
18417,10,1,10
18418,10,13,14
18419,10,14,17
18420,10,6,4
18421,10,4,18
18422,10,1,10
18423,10,11,6
18424,10,11,6
18425,10,14,17
18426,10,13,14
18427,10,2,9
18428,10,1,10
18429,10,11,6
18430,10,3,7
18431,10,3,7
18432,10,0,19
18433,10,1,10
18434,10,14,17
18435,10,1,10
18436,10,1,10
18437,10,4,18
18438,10,4,18
18439,10,4,18
18440,10,4,18
18441,10,3,7
18442,10,3,7
18443,10,14,17
18444,10,14,17
18445,10,4,18
18446,10,4,18
18447,10,4,18
18448,10,5,13
18449,10,4,18
18450,10,4,18
18451,10,3,7
18452,10,2,9
18453,10,5,13
18454,10,4,18
18455,10,1,10
18456,10,4,18
18457,10,4,18
18458,10,4,18
18459,10,1,10
18460,10,14,17
18461,10,12,1
18462,10,4,18
18463,10,9,11
18464,10,1,10
18465,10,3,7
18466,10,6,4
18467,10,6,4
18468,10,10,2
18469,10,1,10
18470,10,1,10
18471,10,3,7
18472,10,1,10
18473,10,4,18
18474,10,13,14
18475,10,11,6
18476,10,11,6
18477,10,11,6
18478,10,14,17
18479,10,14,17
18480,10,3,7
18481,10,4,18
18482,10,4,18
18483,10,14,17
18484,10,5,13
18485,10,8,16
18486,10,14,17
18487,10,14,17
18488,10,14,17
18489,10,1,10
18490,10,8,16
18491,10,8,16
18492,10,14,17
18493,10,6,4
18494,10,15,15
18495,10,4,18
18496,10,11,6
18497,10,12,1
18498,10,10,2
18499,10,13,14
18500,10,4,18
18501,10,10,2
18502,10,15,15
18503,10,4,18
18504,10,3,7
18505,10,3,7
18506,10,5,13
18507,10,5,13
18508,10,3,7
18509,10,8,16
18510,10,15,15
18511,10,13,14
18512,10,13,14
18513,10,3,7
18514,10,3,7
18515,10,4,18
18516,10,3,7
18517,10,3,7
18518,10,1,10
18519,10,8,16
18520,10,6,4
18521,10,4,18
18522,10,14,17
18523,10,8,16
18524,10,14,17
18525,10,14,17
18526,10,6,4
18527,10,9,11
18528,10,8,16
18529,10,4,18
18530,10,4,18
18531,10,1,10
18532,10,6,4
18533,10,13,14
18534,10,2,9
18535,10,5,13
18536,10,14,17
18537,10,9,11
18538,10,9,11
18539,10,2,9
18540,10,2,9
18541,10,3,7
18542,10,4,18
18543,10,14,17
18544,10,14,17
18545,10,14,17
18546,10,4,18
18547,10,12,1
18548,10,3,7
18549,10,6,4
18550,10,11,6
18551,10,5,13
18552,10,9,11
18553,10,9,11
18554,10,3,7
18555,10,3,7
18556,10,1,10
18557,10,14,17
18558,10,4,18
18559,10,14,17
18560,10,14,17
18561,10,0,19
18562,10,9,11
18563,10,2,9
18564,10,1,10
18565,10,13,14
18566,10,3,7
18567,10,14,17
18568,10,14,17
18569,10,1,10
18570,10,5,13
18571,10,13,14
18572,10,13,14
18573,10,13,14
18574,10,4,18
18575,10,1,10
18576,10,6,4
18577,10,3,7
18578,10,14,17
18579,10,5,13
18580,10,4,18
18581,10,9,11
18582,10,9,11
18583,10,14,17
18584,10,0,19
18585,10,14,17
18586,10,9,11
18587,10,2,9
18588,10,2,9
18589,10,13,14
18590,10,13,14
18591,10,1,10
18592,10,4,18
18593,10,11,6
18594,10,14,17
18595,10,4,18
18596,10,4,18
18597,10,14,17
18598,10,5,13
18599,10,2,9
18600,10,3,7
18601,10,1,10
18602,10,11,6
18603,10,11,6
18604,10,6,4
18605,10,13,14
18606,10,5,13
18607,10,4,18
18608,10,15,15
18609,10,1,10
18610,10,4,18
18611,10,14,17
18612,10,2,9
18613,10,1,10
18614,10,5,13
18615,10,12,1
18616,10,13,14
18617,10,15,15
18618,10,10,2
18619,10,14,17
18620,10,1,10
18621,10,11,6
18622,10,6,4
18623,10,4,18
18624,10,4,18
18625,10,3,7
18626,10,5,13
18627,10,11,6
18628,10,6,4
18629,10,1,10
18630,10,6,4
18631,10,11,6
18632,10,6,4
18633,10,1,10
18634,10,1,10
18635,10,14,17
18636,10,4,18
18637,10,4,18
18638,10,5,13
18639,10,6,4
18640,10,14,17
18641,10,13,14
18642,10,4,18
18643,10,6,4
18644,10,3,7
18645,10,14,17
18646,10,14,17
18647,10,4,18
18648,10,14,17
18649,10,4,18
18650,10,5,13
18651,10,6,4
18652,10,3,7
18653,10,6,4
18654,10,10,2
18655,10,9,11
18656,10,13,14
18657,10,4,18
18658,10,1,10
18659,10,4,18
18660,10,14,17
18661,10,14,17
18662,10,6,4
18663,10,14,17
18664,10,3,7
18665,10,14,17
18666,10,4,18
18667,10,3,7
18668,10,3,7
18669,10,11,6
18670,10,15,15
18671,10,4,18
18672,10,8,16
18673,10,1,10
18674,10,13,14
18675,10,3,7
18676,10,6,4
18677,10,1,10
18678,10,3,7
18679,10,4,18
18680,10,0,19
18681,10,5,13
18682,10,1,10
18683,10,13,14
18684,10,1,10
18685,10,1,10
18686,10,4,18
18687,10,3,7
18688,10,4,18
18689,10,3,7
18690,10,1,10
18691,10,0,19
18692,10,14,17
18693,10,4,18
18694,10,1,10
18695,10,15,15
18696,10,1,10
18697,10,14,17
18698,10,9,11
18699,10,4,18
18700,10,0,19
18701,10,5,13
18702,10,3,7
18703,10,11,6
18704,10,13,14
18705,10,13,14
18706,10,14,17
18707,10,10,2
18708,10,10,2
18709,10,1,10
18710,10,3,7
18711,10,4,18
18712,10,2,9
18713,10,3,7
18714,10,3,7
18715,10,15,15
18716,10,14,17
18717,10,14,17
18718,10,4,18
18719,10,13,14
18720,10,10,2
18721,10,10,2
18722,10,10,2
18723,10,5,13
18724,10,14,17
18725,10,4,18
18726,10,4,18
18727,10,6,4
18728,10,3,7
18729,10,2,9
18730,10,15,15
18731,10,15,15
18732,10,0,19
18733,10,12,1
18734,10,1,10
18735,10,3,7
18736,10,4,18
18737,10,12,1
18738,10,12,1
18739,10,2,9
18740,10,4,18
18741,10,1,10
18742,10,3,7
18743,10,9,11
18744,10,4,18
18745,10,3,7
18746,10,3,7
18747,10,4,18
18748,10,6,4
18749,10,10,2
18750,10,10,2
18751,10,1,10
18752,10,3,7
18753,10,13,14
18754,10,14,17
18755,10,10,2
18756,10,13,14
18757,10,14,17
18758,10,9,11
18759,10,11,6
18760,10,3,7
18761,10,13,14
18762,10,4,18
18763,10,4,18
18764,10,11,6
18765,10,11,6
18766,10,11,6
18767,10,5,13
18768,10,11,6
18769,10,3,7
18770,10,14,17
18771,10,3,7
18772,10,8,16
18773,10,6,4
18774,10,14,17
18775,10,13,14
18776,10,2,9
18777,10,2,9
18778,10,2,9
18779,10,4,18
18780,10,13,14
18781,10,6,4
18782,10,0,19
18783,10,14,17
18784,10,4,18
18785,10,1,10
18786,10,11,6
18787,10,13,14
18788,10,14,17
18789,10,1,10
18790,10,6,4
18791,10,1,10
18792,10,4,18
18793,10,8,16
18794,10,14,17
18795,10,9,11
18796,10,4,18
18797,10,2,9
18798,10,4,18
18799,10,11,6
18800,10,1,10
18801,10,4,18
18802,10,4,18
18803,10,14,17
18804,10,3,7
18805,10,1,10
18806,10,14,17
18807,10,1,10
18808,10,11,6
18809,10,4,18
18810,10,1,10
18811,10,12,1
18812,10,12,1
18813,10,0,19
18814,10,13,14
18815,10,4,18
18816,10,5,13
18817,10,11,6
18818,10,8,16
18819,10,14,17
18820,10,1,10
18821,10,13,14
18822,10,1,10
18823,10,15,15
18824,10,15,15
18825,10,1,10
18826,10,8,16
18827,10,3,7
18828,10,14,17
18829,10,14,17
18830,10,14,17
18831,10,3,7
18832,10,11,6
18833,10,4,18
18834,10,5,13
18835,10,3,7
18836,10,14,17
18837,10,1,10
18838,10,14,17
18839,10,4,18
18840,10,14,17
18841,10,11,6
18842,10,3,7
18843,10,2,9
18844,10,6,4
18845,10,14,17
18846,10,1,10
18847,10,4,18
18848,10,14,17
18849,10,13,14
18850,10,2,9
18851,10,11,6
18852,10,14,17
18853,10,2,9
18854,10,3,7
18855,10,0,19
18856,10,5,13
18857,10,2,9
18858,10,4,18
18859,10,4,18
18860,10,14,17
18861,10,1,10
18862,10,1,10
18863,10,14,17
18864,10,3,7
18865,10,2,9
18866,10,8,16
18867,10,13,14
18868,10,1,10
18869,10,15,15
18870,10,2,9
18871,10,4,18
18872,10,1,10
18873,10,14,17
18874,10,14,17
18875,10,14,17
18876,10,3,7
18877,10,1,10
18878,10,1,10
18879,10,10,2
18880,10,10,2
18881,10,4,18
18882,10,10,2
18883,10,15,15
18884,10,8,16
18885,10,5,13
18886,10,5,13
18887,10,4,18
18888,10,1,10
18889,10,1,10
18890,10,5,13
18891,10,3,7
18892,10,6,4
18893,10,6,4
18894,10,8,16
18895,10,3,7
18896,10,2,9
18897,10,11,6
18898,10,11,6
18899,10,18,8
18900,10,14,17
18901,10,11,6
18902,10,6,4
18903,10,6,4
18904,10,2,9
18905,10,2,9
18906,10,14,17
18907,10,11,6
18908,10,1,10
18909,10,13,14
18910,10,4,18
18911,10,6,4
18912,10,4,18
18913,10,8,16
18914,10,3,7
18915,10,0,19
18916,10,5,13
18917,10,4,18
18918,10,14,17
18919,10,11,6
18920,10,11,6
18921,10,1,10
18922,10,1,10
18923,10,10,2
18924,10,3,7
18925,10,3,7
18926,10,3,7
18927,10,4,18
18928,10,13,14
18929,10,13,14
18930,10,8,16
18931,10,1,10
18932,10,14,17
18933,10,11,6
18934,10,11,6
18935,10,8,16
18936,10,14,17
18937,10,12,1
18938,10,5,13
18939,10,4,18
18940,10,4,18
18941,10,1,10
18942,10,5,13
18943,10,10,2
18944,10,3,7
18945,10,4,18
18946,10,4,18
18947,10,4,18
18948,10,11,6
18949,10,3,7
18950,10,6,4
18951,10,6,4
18952,10,2,9
18953,10,15,15
18954,10,3,7
18955,10,4,18
18956,10,18,8
18957,10,1,10
18958,10,4,18
18959,10,3,7
18960,10,11,6
18961,10,14,17
18962,10,14,17
18963,10,3,7
18964,10,14,17
18965,10,4,18
18966,10,8,16
18967,10,4,18
18968,10,14,17
18969,10,1,10
18970,10,1,10
18971,10,15,15
18972,10,4,18
18973,10,14,17
18974,10,1,10
18975,10,1,10
18976,10,11,6
18977,10,4,18
18978,10,2,9
18979,10,2,9
18980,10,1,10
18981,10,11,6
18982,10,4,18
18983,10,4,18
18984,10,3,7
18985,10,5,13
18986,10,3,7
18987,10,2,9
18988,10,13,14
18989,10,11,6
18990,10,9,11
18991,10,5,13
18992,10,18,8
18993,10,14,17
18994,10,5,13
18995,10,2,9
18996,10,1,10
18997,10,1,10
18998,10,14,17
18999,10,2,9
19000,10,4,18
19001,10,13,14
19002,10,10,2
19003,10,4,18
19004,10,14,17
19005,10,10,2
19006,10,14,17
19007,10,1,10
19008,10,3,7
19009,10,3,7
19010,10,3,7
19011,10,6,4
19012,10,4,18
19013,10,3,7
19014,10,2,9
19015,10,8,16
19016,10,0,19
19017,10,4,18
19018,10,4,18
19019,10,4,18
19020,10,14,17
19021,10,14,17
19022,10,4,18
19023,10,13,14
19024,10,6,4
19025,10,6,4
19026,10,9,11
19027,10,1,10
19028,10,1,10
19029,10,4,18
19030,10,3,7
19031,10,0,19
19032,10,4,18
19033,10,9,11
19034,10,4,18
19035,10,4,18
19036,10,13,14
19037,10,13,14
19038,10,3,7
19039,10,3,7
19040,10,3,7
19041,10,6,4
19042,10,13,14
19043,10,1,10
19044,10,4,18
19045,10,3,7
19046,10,1,10
19047,10,12,1
19048,10,4,18
19049,10,6,4
19050,10,4,18
19051,10,1,10
19052,10,3,7
19053,10,13,14
19054,10,6,4
19055,10,8,16
19056,10,3,7
19057,10,2,9
19058,10,1,10
19059,10,3,7
19060,10,4,18
19061,10,4,18
19062,10,3,7
19063,10,13,14
19064,10,1,10
19065,10,1,10
19066,10,6,4
19067,10,2,9
19068,10,4,18
19069,10,13,14
19070,10,13,14
19071,10,2,9
19072,10,14,17
19073,10,6,4
19074,10,2,9
19075,10,6,4
19076,10,11,6
19077,10,1,10
19078,10,1,10
19079,10,1,10
19080,10,5,13
19081,10,1,10
19082,10,2,9
19083,10,14,17
19084,10,9,11
19085,10,14,17
19086,10,15,15
19087,10,8,16
19088,10,11,6
19089,10,5,13
19090,10,6,4
19091,10,4,18
19092,10,2,9
19093,10,3,7
19094,10,12,1
19095,10,1,10
19096,10,13,14
19097,10,1,10
19098,10,15,15
19099,10,4,18
19100,10,6,4
19101,10,6,4
19102,10,4,18
19103,10,14,17
19104,10,14,17
19105,10,11,6
19106,10,11,6
19107,10,11,6
19108,10,14,17
19109,10,6,4
19110,10,12,1
19111,10,1,10
19112,10,14,17
19113,10,14,17
19114,10,14,17
19115,10,4,18
19116,10,12,1
19117,10,2,9
19118,10,6,4
19119,10,4,18
19120,10,14,17
19121,10,2,9
19122,10,1,10
19123,10,5,13
19124,10,11,6
19125,10,12,1
19126,10,2,9
19127,10,14,17
19128,10,1,10
19129,10,13,14
19130,10,8,16
19131,10,14,17
19132,10,3,7
19133,10,2,9
19134,10,1,10
19135,10,6,4
19136,10,4,18
19137,10,18,8
19138,10,3,7
19139,10,4,18
19140,10,6,4
19141,10,13,14
19142,10,13,14
19143,10,6,4
19144,10,15,15
19145,10,1,10
19146,10,14,17
19147,10,15,15
19148,10,6,4
19149,10,11,6
19150,10,12,1
19151,10,4,18
19152,10,4,18
19153,10,2,9
19154,10,4,18
19155,10,11,6
19156,10,5,13
19157,10,1,10
19158,10,2,9
19159,10,18,8
19160,10,2,9
19161,10,2,9
19162,10,1,10
19163,10,12,1
19164,10,3,7
19165,10,12,1
19166,10,4,18
19167,10,1,10
19168,10,2,9
19169,10,3,7
19170,10,2,9
19171,10,2,9
19172,10,3,7
19173,10,14,17
19174,10,4,18
19175,10,14,17
19176,10,14,17
19177,10,2,9
19178,10,2,9
19179,10,3,7
19180,10,14,17
19181,10,4,18
19182,10,4,18
19183,10,4,18
19184,10,4,18
19185,10,18,8
19186,10,4,18
19187,10,3,7
19188,10,11,6
19189,10,6,4
19190,10,2,9
19191,10,1,10
19192,10,14,17
19193,10,14,17
19194,10,1,10
19195,10,4,18
19196,10,2,9
19197,10,4,18
19198,10,9,11
19199,10,3,7
19200,10,2,9
19201,10,3,7
19202,10,2,9
19203,10,2,9
19204,10,8,16
19205,10,3,7
19206,10,3,7
19207,10,13,14
19208,10,2,9
19209,10,2,9
19210,10,2,9
19211,10,2,9
19212,10,13,14
19213,10,14,17
19214,10,1,10
19215,10,1,10
19216,10,2,9
19217,10,3,7
19218,10,6,4
19219,10,3,7
19220,10,18,8
19221,10,2,9
19222,10,15,15
19223,10,6,4
19224,10,6,4
19225,10,15,15
19226,10,8,16
19227,10,13,14
19228,10,1,10
19229,10,6,4
19230,10,14,17
19231,10,1,10
19232,10,8,16
19233,10,14,17
19234,10,4,18
19235,10,6,4
19236,10,0,19
19237,10,1,10
19238,10,4,18
19239,10,3,7
19240,10,11,6
19241,10,3,7
19242,10,3,7
19243,10,14,17
19244,10,14,17
19245,10,4,18
19246,10,4,18
19247,10,5,13
19248,10,2,9
19249,10,12,1
19250,10,3,7
19251,10,14,17
19252,10,4,18
19253,10,13,14
19254,10,6,4
19255,10,13,14
19256,10,10,2
19257,10,9,11
19258,10,3,7
19259,10,6,4
19260,10,13,14
19261,10,13,14
19262,10,4,18
19263,10,2,9
19264,10,2,9
19265,10,10,2
19266,10,1,10
19267,10,4,18
19268,10,4,18
19269,10,4,18
19270,10,14,17
19271,10,5,13
19272,10,1,10
19273,10,2,9
19274,10,14,17
19275,10,1,10
19276,10,10,2
19277,10,3,7
19278,10,15,15
19279,10,4,18
19280,10,15,15
19281,10,3,7
19282,10,4,18
19283,10,6,4
19284,10,4,18
19285,10,6,4
19286,10,11,6
19287,10,5,13
19288,10,10,2
19289,10,8,16
19290,10,2,9
19291,10,3,7
19292,10,4,18
19293,10,8,16
19294,10,2,9
19295,10,3,7
19296,10,15,15
19297,10,1,10
19298,10,11,6
19299,10,3,7
19300,10,14,17
19301,10,5,13
19302,10,10,2
19303,10,2,9
19304,10,6,4
19305,10,0,19
19306,10,14,17
19307,10,13,14
19308,10,14,17
19309,10,13,14
19310,10,4,18
19311,10,14,17
19312,10,0,19
19313,10,2,9
19314,10,6,4
19315,10,3,7
19316,10,14,17
19317,10,2,9
19318,10,11,6
19319,10,11,6
19320,10,9,11
19321,10,14,17
19322,10,11,6
19323,10,3,7
19324,10,8,16
19325,10,14,17
19326,10,13,14
19327,10,9,11
19328,10,5,13
19329,10,1,10
19330,10,1,10
19331,10,3,7
19332,10,14,17
19333,10,4,18
19334,10,4,18
19335,10,4,18
19336,10,4,18
19337,10,5,13
19338,10,14,17
19339,10,10,2
19340,10,11,6
19341,10,1,10
19342,10,2,9
19343,10,6,4
19344,10,4,18
19345,10,2,9
19346,10,6,4
19347,10,1,10
19348,10,4,18
19349,10,8,16
19350,10,8,16
19351,10,5,13
19352,10,11,6
19353,10,8,16
19354,10,4,18
19355,10,6,4
19356,10,4,18
19357,10,1,10
19358,10,1,10
19359,10,15,15
19360,10,1,10
19361,10,12,1
19362,10,14,17
19363,10,1,10
19364,10,3,7
19365,10,5,13
19366,10,4,18
19367,10,8,16
19368,10,0,19
19369,10,14,17
19370,10,4,18
19371,10,2,9
19372,10,6,4
19373,10,4,18
19374,10,10,2
19375,10,5,13
19376,10,6,4
19377,10,10,2
19378,10,10,2
19379,10,1,10
19380,10,1,10
19381,10,4,18
19382,10,5,13
19383,10,6,4
19384,10,6,4
19385,10,2,9
19386,10,8,16
19387,10,4,18
19388,10,6,4
19389,10,10,2
19390,10,10,2
19391,10,9,11
19392,10,3,7
19393,10,15,15
19394,10,14,17
19395,10,1,10
19396,10,14,17
19397,10,14,17
19398,10,4,18
19399,10,1,10
19400,10,5,13
19401,10,5,13
19402,10,2,9
19403,10,2,9
19404,10,12,1
19405,10,2,9
19406,10,10,2
19407,10,14,17
19408,10,3,7
19409,10,14,17
19410,10,4,18
19411,10,3,7
19412,10,2,9
19413,10,6,4
19414,10,3,7
19415,10,6,4
19416,10,1,10
19417,10,6,4
19418,10,12,1
19419,10,14,17
19420,10,4,18
19421,10,14,17
19422,10,1,10
19423,10,2,9
19424,10,3,7
19425,10,1,10
19426,10,3,7
19427,10,3,7
19428,10,6,4
19429,10,10,2
19430,10,6,4
19431,10,4,18
19432,10,10,2
19433,10,1,10
19434,10,4,18
19435,10,1,10
19436,10,13,14
19437,10,14,17
19438,10,3,7
19439,10,11,6
19440,10,6,4
19441,10,1,10
19442,10,6,4
19443,10,8,16
19444,10,5,13
19445,10,0,19
19446,10,8,16
19447,10,5,13
19448,10,1,10
19449,10,4,18
19450,10,14,17
19451,10,13,14
19452,10,3,7
19453,10,10,2
19454,10,1,10
19455,10,14,17
19456,10,14,17
19457,10,3,7
19458,10,14,17
19459,10,10,2
19460,10,1,10
19461,10,3,7
19462,10,3,7
19463,10,1,10
19464,10,8,16
19465,10,10,2
19466,10,8,16
19467,10,14,17
19468,10,14,17
19469,10,13,14
19470,10,4,18
19471,10,4,18
19472,10,13,14
19473,10,4,18
19474,10,4,18
19475,10,4,18
19476,10,11,6
19477,10,9,11
19478,10,15,15
19479,10,10,2
19480,10,12,1
19481,10,3,7
19482,10,3,7
19483,10,9,11
19484,10,4,18
19485,10,8,16
19486,10,2,9
19487,10,6,4
19488,10,2,9
19489,10,3,7
19490,10,1,10
19491,10,11,6
19492,10,10,2
19493,10,2,9
19494,10,14,17
19495,10,11,6
19496,10,1,10
19497,10,14,17
19498,10,13,14
19499,10,8,16
19500,10,13,14
19501,10,13,14
19502,10,14,17
19503,10,1,10
19504,10,9,11
19505,10,1,10
19506,10,6,4
19507,10,8,16
19508,10,6,4
19509,10,1,10
19510,10,13,14
19511,10,18,8
19512,10,3,7
19513,10,4,18
19514,10,3,7
19515,10,2,9
19516,10,4,18
19517,10,4,18
19518,10,11,6
19519,10,1,10
19520,10,6,4
19521,10,8,16
19522,10,2,9
19523,10,4,18
19524,10,13,14
19525,10,6,4
19526,10,10,2
19527,10,4,18
19528,10,1,10
19529,10,1,10
19530,10,3,7
19531,10,13,14
19532,10,14,17
19533,10,15,15
19534,10,2,9
19535,10,14,17
19536,10,4,18
19537,10,4,18
19538,10,14,17
19539,10,5,13
19540,10,11,6
19541,10,14,17
19542,10,13,14
19543,10,1,10
19544,10,10,2
19545,10,4,18
19546,10,3,7
19547,10,15,15
19548,10,1,10
19549,10,2,9
19550,10,14,17
19551,10,14,17
19552,10,5,13
19553,10,6,4
19554,10,4,18
19555,10,4,18
19556,10,13,14
19557,10,12,1
19558,10,14,17
19559,10,3,7
19560,10,14,17
19561,10,8,16
19562,10,10,2
19563,10,14,17
19564,10,15,15
19565,10,14,17
19566,10,12,1
19567,10,6,4
19568,10,14,17
19569,10,12,1
19570,10,4,18
19571,10,10,2
19572,10,3,7
19573,10,12,1
19574,10,14,17
19575,10,5,13
19576,10,13,14
19577,10,4,18
19578,10,4,18
19579,10,4,18
19580,10,4,18
19581,10,9,11
19582,10,1,10
19583,10,1,10
19584,10,3,7
19585,10,10,2
19586,10,13,14
19587,10,13,14
19588,10,13,14
19589,10,14,17
19590,10,13,14
19591,10,3,7
19592,10,3,7
19593,10,3,7
19594,10,1,10
19595,10,5,13
19596,10,10,2
19597,10,13,14
19598,10,3,7
19599,10,13,14
19600,10,2,9
19601,10,11,6
19602,10,13,14
19603,10,3,7
19604,10,9,11
19605,10,14,17
19606,10,4,18
19607,10,13,14
19608,10,4,18
19609,10,15,15
19610,10,3,7
19611,10,11,6
19612,10,8,16
19613,10,13,14
19614,10,1,10
19615,10,4,18
19616,10,5,13
19617,10,0,19
19618,10,15,15
19619,10,1,10
19620,10,1,10
19621,10,11,6
19622,10,14,17
19623,10,11,6
19624,10,11,6
19625,10,3,7
19626,10,11,6
19627,10,4,18
19628,10,10,2
19629,10,8,16
19630,10,11,6
19631,10,5,13
19632,10,3,7
19633,10,14,17
19634,10,6,4
19635,10,10,2
19636,10,2,9
19637,10,2,9
19638,10,4,18
19639,10,3,7
19640,10,2,9
19641,10,2,9
19642,10,11,6
19643,10,6,4
19644,10,6,4
19645,10,3,7
19646,10,10,2
19647,10,6,4
19648,10,2,9
19649,10,3,7
19650,10,1,10
19651,10,14,17
19652,10,1,10
19653,10,4,18
19654,10,4,18
19655,10,4,18
19656,10,3,7
19657,10,4,18
19658,10,3,7
19659,10,9,11
19660,10,4,18
19661,10,1,10
19662,10,15,15
19663,10,4,18
19664,10,15,15
19665,10,14,17
19666,10,4,18
19667,10,3,7
19668,10,3,7
19669,10,3,7
19670,10,3,7
19671,10,14,17
19672,10,3,7
19673,10,1,10
19674,10,1,10
19675,10,4,18
19676,10,13,14
19677,10,14,17
19678,10,14,17
19679,10,14,17
19680,10,1,10
19681,10,2,9
19682,10,10,2
19683,10,11,6
19684,10,4,18
19685,10,8,16
19686,10,1,10
19687,10,14,17
19688,10,13,14
19689,10,4,18
19690,10,13,14
19691,10,13,14
19692,10,2,9
19693,10,1,10
19694,10,2,9
19695,10,2,9
19696,10,8,16
19697,10,4,18
19698,10,4,18
19699,10,14,17
19700,10,14,17
19701,10,8,16
19702,10,3,7
19703,10,14,17
19704,10,4,18
19705,10,4,18
19706,10,3,7
19707,10,14,17
19708,10,4,18
19709,10,14,17
19710,10,9,11
19711,10,5,13
19712,10,14,17
19713,10,4,18
19714,10,4,18
19715,10,4,18
19716,10,6,4
19717,10,0,19
19718,10,1,10
19719,10,14,17
19720,10,3,7
19721,10,3,7
19722,10,6,4
19723,10,14,17
19724,10,1,10
19725,10,8,16
19726,10,14,17
19727,10,1,10
19728,10,5,13
19729,10,10,2
19730,10,14,17
19731,10,4,18
19732,10,6,4
19733,10,6,4
19734,10,1,10
19735,10,1,10
19736,10,6,4
19737,10,11,6
19738,10,11,6
19739,10,3,7
19740,10,6,4
19741,10,4,18
19742,10,11,6
19743,10,11,6
19744,10,5,13
19745,10,18,8
19746,10,1,10
19747,10,1,10
19748,10,3,7
19749,10,18,8
19750,10,4,18
19751,10,11,6
19752,10,3,7
19753,10,1,10
19754,10,2,9
19755,10,5,13
19756,10,1,10
19757,10,14,17
19758,10,4,18
19759,10,4,18
19760,10,4,18
19761,10,11,6
19762,10,2,9
19763,10,10,2
19764,10,10,2
19765,10,14,17
19766,10,9,11
19767,10,10,2
19768,10,1,10
19769,10,8,16
19770,10,14,17
19771,10,14,17
19772,10,4,18
19773,10,14,17
19774,10,4,18
19775,10,11,6
19776,10,14,17
19777,10,4,18
19778,10,2,9
19779,10,15,15
19780,10,1,10
19781,10,0,19
19782,10,11,6
19783,10,0,19
19784,10,12,1
19785,10,3,7
19786,10,5,13
19787,10,13,14
19788,10,9,11
19789,10,14,17
19790,10,5,13
19791,10,3,7
19792,10,4,18
19793,10,14,17
19794,10,13,14
19795,10,0,19
19796,10,6,4
19797,10,14,17
19798,10,1,10
19799,10,14,17
19800,10,10,2
19801,10,14,17
19802,10,3,7
19803,10,14,17
19804,10,5,13
19805,10,5,13
19806,10,13,14
19807,10,3,7
19808,10,3,7
19809,10,4,18
19810,10,4,18
19811,10,10,2
19812,10,6,4
19813,10,2,9
19814,10,14,17
19815,10,5,13
19816,10,3,7
19817,10,13,14
19818,10,4,18
19819,10,1,10
19820,10,4,18
19821,10,4,18
19822,10,1,10
19823,10,4,18
19824,10,12,1
19825,10,1,10
19826,10,5,13
19827,10,2,9
19828,10,13,14
19829,10,1,10
19830,10,18,8
19831,10,13,14
19832,10,4,18
19833,10,4,18
19834,10,8,16
19835,10,4,18
19836,10,4,18
19837,10,4,18
19838,10,4,18
19839,10,6,4
19840,10,4,18
19841,10,2,9
19842,10,10,2
19843,10,14,17
19844,10,14,17
19845,10,14,17
19846,10,14,17
19847,10,3,7
19848,10,4,18
19849,10,15,15
19850,10,4,18
19851,10,8,16
19852,10,14,17
19853,10,14,17
19854,10,11,6
19855,10,13,14
19856,10,6,4
19857,10,8,16
19858,10,14,17
19859,10,14,17
19860,10,9,11
19861,10,5,13
19862,10,14,17
19863,10,13,14
19864,10,4,18
19865,10,11,6
19866,10,1,10
19867,10,12,1
19868,10,5,13
19869,10,2,9
19870,10,2,9
19871,10,6,4
19872,10,1,10
19873,10,2,9
19874,10,4,18
19875,10,5,13
19876,10,0,19
19877,10,8,16
19878,10,14,17
19879,10,14,17
19880,10,18,8
19881,10,2,9
19882,10,11,6
19883,10,2,9
19884,10,10,2
19885,10,4,18
19886,10,0,19
19887,10,14,17
19888,10,14,17
19889,10,0,19
19890,10,9,11
19891,10,1,10
19892,10,11,6
19893,10,12,1
19894,10,0,19
19895,10,14,17
19896,10,1,10
19897,10,1,10
19898,10,13,14
19899,10,4,18
19900,10,2,9
19901,10,4,18
19902,10,10,2
19903,10,14,17
19904,10,3,7
19905,10,14,17
19906,10,8,16
19907,10,3,7
19908,10,4,18
19909,10,3,7
19910,10,4,18
19911,10,13,14
19912,10,6,4
19913,10,3,7
19914,10,3,7
19915,10,11,6
19916,10,0,19
19917,10,4,18
19918,10,2,9
19919,10,10,2
19920,10,4,18
19921,10,10,2
19922,10,4,18
19923,10,4,18
19924,10,4,18
19925,10,4,18
19926,10,12,1
19927,10,14,17
19928,10,11,6
19929,10,11,6
19930,10,2,9
19931,10,10,2
19932,10,6,4
19933,10,14,17
19934,10,1,10
19935,10,1,10
19936,10,8,16
19937,10,1,10
19938,10,9,11
19939,10,1,10
19940,10,1,10
19941,10,11,6
19942,10,2,9
19943,10,2,9
19944,10,8,16
19945,10,3,7
19946,10,14,17
19947,10,4,18
19948,10,10,2
19949,10,13,14
19950,10,14,17
19951,10,14,17
19952,10,2,9
19953,10,15,15
19954,10,14,17
19955,10,2,9
19956,10,4,18
19957,10,4,18
19958,10,10,2
19959,10,1,10
19960,10,4,18
19961,10,4,18
19962,10,4,18
19963,10,4,18
19964,10,2,9
19965,10,1,10
19966,10,4,18
19967,10,4,18
19968,10,15,15
19969,10,11,6
19970,10,5,13
19971,10,5,13
19972,10,4,18
19973,10,13,14
19974,10,2,9
19975,10,2,9
19976,10,14,17
19977,10,14,17
19978,10,14,17
19979,10,14,17
19980,10,2,9
19981,10,9,11
19982,10,14,17
19983,10,11,6
19984,10,2,9
19985,10,4,18
19986,10,3,7
19987,10,6,4
19988,10,4,18
19989,10,14,17
19990,10,13,14
19991,10,13,14
19992,10,14,17
19993,10,14,17
19994,10,10,2
19995,10,8,16
19996,10,4,18
19997,10,11,6
19998,10,4,18
19999,10,2,9
20000,10,11,6
20001,10,1,10
20002,10,14,17
20003,10,3,7
20004,10,3,7
20005,10,5,13
20006,10,13,14
20007,10,5,13
20008,10,4,18
20009,10,6,4
20010,10,1,10
20011,10,14,17
20012,10,8,16
20013,10,3,7
20014,10,14,17
20015,10,1,10
20016,10,6,4
20017,10,13,14
20018,10,4,18
20019,10,6,4
20020,10,4,18
20021,10,5,13
20022,10,11,6
20023,10,18,8
20024,10,3,7
20025,10,1,10
20026,10,13,14
20027,10,5,13
20028,10,2,9
20029,10,14,17
20030,10,6,4
20031,10,14,17
20032,10,0,19
20033,10,2,9
20034,10,6,4
20035,10,14,17
20036,10,6,4
20037,10,9,11
20038,10,9,11
20039,10,6,4
20040,10,13,14
20041,10,13,14
20042,10,10,2
20043,10,4,18
20044,10,1,10
20045,10,14,17
20046,10,15,15
20047,10,15,15
20048,10,10,2
20049,10,1,10
20050,10,11,6
20051,10,14,17
20052,10,14,17
20053,10,14,17
20054,10,8,16
20055,10,3,7
20056,10,1,10
20057,10,1,10
20058,10,15,15
20059,10,2,9
20060,10,6,4
20061,10,3,7
20062,10,1,10
20063,10,2,9
20064,10,15,15
20065,10,4,18
20066,10,4,18
20067,10,4,18
20068,10,4,18
20069,10,4,18
20070,10,11,6
20071,10,3,7
20072,10,4,18
20073,10,14,17
20074,10,2,9
20075,10,13,14
20076,10,14,17
20077,10,1,10
20078,10,12,1
20079,10,2,9
20080,10,0,19
20081,10,1,10
20082,10,6,4
20083,10,4,18
20084,10,2,9
20085,10,0,19
20086,10,1,10
20087,10,6,4
20088,10,1,10
20089,10,1,10
20090,10,1,10
20091,10,4,18
20092,10,4,18
20093,10,1,10
20094,10,1,10
20095,10,4,18
20096,10,14,17
20097,10,18,8
20098,10,14,17
20099,10,5,13
20100,10,0,19
20101,10,3,7
20102,10,14,17
20103,10,4,18
20104,10,0,19
20105,10,11,6
20106,10,4,18
20107,10,2,9
20108,10,3,7
20109,10,15,15
20110,10,4,18
20111,10,10,2
20112,10,6,4
20113,10,4,18
20114,10,6,4
20115,10,2,9
20116,10,0,19
20117,10,0,19
20118,10,0,19
20119,10,14,17
20120,10,1,10
20121,10,1,10
20122,10,1,10
20123,10,3,7
20124,10,3,7
20125,10,0,19
20126,10,14,17
20127,10,4,18
20128,10,10,2
20129,10,2,9
20130,10,4,18
20131,10,12,1
20132,10,11,6
20133,10,6,4
20134,10,14,17
20135,10,6,4
20136,10,13,14
20137,10,2,9
20138,10,14,17
20139,10,10,2
20140,10,1,10
20141,10,1,10
20142,10,13,14
20143,10,14,17
20144,10,14,17
20145,10,13,14
20146,10,13,14
20147,10,13,14
20148,10,0,19
20149,10,4,18
20150,10,3,7
20151,10,6,4
20152,10,6,4
20153,10,6,4
20154,10,1,10
20155,10,6,4
20156,10,5,13
20157,10,1,10
20158,10,3,7
20159,10,5,13
20160,10,4,18
20161,10,4,18
20162,10,14,17
20163,10,5,13
20164,10,4,18
20165,10,12,1
20166,10,4,18
20167,10,5,13
20168,10,1,10
20169,10,4,18
20170,10,8,16
20171,10,4,18
20172,10,4,18
20173,10,4,18
20174,10,4,18
20175,10,4,18
20176,10,3,7
20177,10,3,7
20178,10,13,14
20179,10,13,14
20180,10,13,14
20181,10,4,18
20182,10,4,18
20183,10,6,4
20184,10,11,6
20185,10,6,4
20186,10,11,6
20187,10,15,15
20188,10,18,8
20189,10,10,2
20190,10,5,13
20191,10,3,7
20192,10,4,18
20193,10,4,18
20194,10,4,18
20195,10,1,10
20196,10,1,10
20197,10,13,14
20198,10,10,2
20199,10,3,7
20200,10,14,17
20201,10,9,11
20202,10,14,17
20203,10,5,13
20204,10,3,7
20205,10,10,2
20206,10,11,6
20207,10,4,18
20208,10,13,14
20209,10,5,13
20210,10,5,13
20211,10,11,6
20212,10,6,4
20213,10,6,4
20214,10,12,1
20215,10,4,18
20216,10,6,4
20217,10,3,7
20218,10,1,10
20219,10,15,15
20220,10,2,9
20221,10,1,10
20222,10,13,14
20223,10,6,4
20224,10,14,17
20225,10,2,9
20226,10,1,10
20227,10,14,17
20228,10,12,1
20229,10,12,1
20230,10,4,18
20231,10,11,6
20232,10,4,18
20233,10,0,19
20234,10,1,10
20235,10,0,19
20236,10,5,13
20237,10,8,16
20238,10,13,14
20239,10,3,7
20240,10,4,18
20241,10,0,19
20242,10,13,14
20243,10,2,9
20244,10,12,1
20245,10,10,2
20246,10,2,9
20247,10,11,6
20248,10,1,10
20249,10,1,10
20250,10,4,18
20251,10,13,14
20252,10,3,7
20253,10,8,16
20254,10,3,7
20255,10,2,9
20256,10,13,14
20257,10,13,14
20258,10,13,14
20259,10,2,9
20260,10,13,14
20261,10,13,14
20262,10,3,7
20263,10,6,4
20264,10,6,4
20265,10,4,18
20266,10,6,4
20267,10,15,15
20268,10,14,17
20269,10,1,10
20270,10,4,18
20271,10,14,17
20272,10,13,14
20273,10,5,13
20274,10,2,9
20275,10,3,7
20276,10,6,4
20277,10,14,17
20278,10,4,18
20279,10,11,6
20280,10,18,8
20281,10,2,9
20282,10,2,9
20283,10,2,9
20284,10,14,17
20285,10,2,9
20286,10,14,17
20287,10,6,4
20288,10,1,10
20289,10,4,18
20290,10,1,10
20291,10,3,7
20292,10,11,6
20293,10,13,14
20294,10,5,13
20295,10,1,10
20296,10,15,15
20297,10,12,1
20298,10,12,1
20299,10,9,11
20300,10,9,11
20301,10,9,11
20302,10,6,4
20303,10,2,9
20304,10,4,18
20305,10,4,18
20306,10,4,18
20307,10,6,4
20308,10,6,4
20309,10,14,17
20310,10,14,17
20311,10,18,8
20312,10,5,13
20313,10,3,7
20314,10,4,18
20315,10,3,7
20316,10,3,7
20317,10,1,10
20318,10,1,10
20319,10,4,18
20320,10,1,10
20321,10,1,10
20322,10,1,10
20323,10,1,10
20324,10,4,18
20325,10,3,7
20326,10,3,7
20327,10,5,13
20328,10,1,10
20329,10,8,16
20330,10,1,10
20331,10,6,4
20332,10,6,4
20333,10,0,19
20334,10,11,6
20335,10,4,18
20336,10,4,18
20337,10,6,4
20338,10,15,15
20339,10,15,15
20340,10,2,9
20341,10,6,4
20342,10,13,14
20343,10,6,4
20344,10,3,7
20345,10,3,7
20346,10,4,18
20347,10,14,17
20348,10,1,10
20349,10,8,16
20350,10,8,16
20351,10,3,7
20352,10,11,6
20353,10,14,17
20354,10,6,4
20355,10,14,17
20356,10,11,6
20357,10,3,7
20358,10,3,7
20359,10,1,10
20360,10,18,8
20361,10,13,14
20362,10,14,17
20363,10,4,18
20364,10,6,4
20365,10,14,17
20366,10,1,10
20367,10,11,6
20368,10,1,10
20369,10,14,17
20370,10,5,13
20371,10,5,13
20372,10,15,15
20373,10,4,18
20374,10,3,7
20375,10,15,15
20376,10,4,18
20377,10,3,7
20378,10,14,17
20379,10,4,18
20380,10,9,11
20381,10,4,18
20382,10,1,10
20383,10,1,10
20384,10,4,18
20385,10,4,18
20386,10,4,18
20387,10,4,18
20388,10,4,18
20389,10,13,14
20390,10,1,10
20391,10,11,6
20392,10,14,17
20393,10,15,15
20394,10,1,10
20395,10,14,17
20396,10,1,10
20397,10,4,18
20398,10,1,10
20399,10,2,9
20400,10,13,14
20401,10,4,18
20402,10,4,18
20403,10,3,7
20404,10,8,16
20405,10,4,18
20406,10,15,15
20407,10,1,10
20408,10,2,9
20409,10,4,18
20410,10,8,16
20411,10,14,17
20412,10,4,18
20413,10,4,18
20414,10,4,18
20415,10,0,19
20416,10,3,7
20417,10,4,18
20418,10,10,2
20419,10,2,9
20420,10,2,9
20421,10,1,10
20422,10,1,10
20423,10,2,9
20424,10,11,6
20425,10,2,9
20426,10,4,18
20427,10,4,18
20428,10,4,18
20429,10,5,13
20430,10,2,9
20431,10,4,18
20432,10,1,10
20433,10,6,4
20434,10,14,17
20435,10,4,18
20436,10,4,18
20437,10,15,15
20438,10,3,7
20439,10,3,7
20440,10,14,17
20441,10,14,17
20442,10,3,7
20443,10,4,18
20444,10,10,2
20445,10,8,16
20446,10,1,10
20447,10,4,18
20448,10,14,17
20449,10,0,19
20450,10,8,16
20451,10,1,10
20452,10,3,7
20453,10,4,18
20454,10,1,10
20455,10,0,19
20456,10,4,18
20457,10,4,18
20458,10,6,4
20459,10,4,18
20460,10,4,18
20461,10,8,16
20462,10,15,15
20463,10,2,9
20464,10,4,18
20465,10,10,2
20466,10,2,9
20467,10,8,16
20468,10,10,2
20469,10,14,17
20470,10,15,15
20471,10,12,1
20472,10,3,7
20473,10,3,7
20474,10,6,4
20475,10,1,10
20476,10,3,7
20477,10,2,9
20478,10,4,18
20479,10,1,10
20480,10,11,6
20481,10,1,10
20482,10,14,17
20483,10,14,17
20484,10,2,9
20485,10,12,1
20486,10,3,7
20487,10,3,7
20488,10,4,18
20489,10,11,6
20490,10,6,4
20491,10,13,14
20492,10,15,15
20493,10,6,4
20494,10,1,10
20495,10,14,17
20496,10,8,16
20497,10,6,4
20498,10,14,17
20499,10,4,18
20500,10,5,13
20501,10,8,16
20502,10,4,18
20503,10,4,18
20504,10,11,6
20505,10,14,17
20506,10,8,16
20507,10,4,18
20508,10,3,7
20509,10,8,16
20510,10,2,9
20511,10,3,7
20512,10,5,13
20513,10,2,9
20514,10,8,16
20515,10,2,9
20516,10,8,16
20517,10,4,18
20518,10,10,2
20519,10,15,15
20520,10,11,6
20521,10,9,11
20522,10,6,4
20523,10,9,11
20524,10,8,16
20525,10,14,17
20526,10,9,11
20527,10,11,6
20528,10,1,10
20529,10,1,10
20530,10,1,10
20531,10,13,14
20532,10,15,15
20533,15,6,4
20534,15,14,17
20535,15,8,16
20536,15,4,18
20537,15,10,2
20538,15,2,9
20539,15,13,14
20540,15,15,15
20541,15,13,14
20542,15,4,18
20543,15,1,10
20544,15,5,13
20545,15,6,4
20546,15,10,2
20547,15,11,6
20548,15,3,7
20549,15,3,7
20550,15,11,6
20551,15,2,9
20552,15,3,7
20553,15,3,7
20554,15,1,10
20555,15,10,2
20556,15,8,16
20557,15,14,17
20558,15,14,17
20559,15,3,7
20560,15,3,7
20561,15,13,14
20562,15,13,14
20563,15,13,14
20564,15,13,14
20565,15,10,2
20566,15,3,7
20567,15,3,7
20568,15,4,18
20569,15,4,18
20570,15,3,7
20571,15,3,7
20572,15,2,9
20573,15,3,7
20574,15,15,15
20575,15,14,17
20576,15,6,4
20577,15,4,18
20578,15,6,4
20579,15,14,17
20580,15,15,15
20581,15,14,17
20582,15,1,10
20583,15,15,15
20584,15,14,17
20585,15,14,17
20586,15,11,6
20587,15,14,17
20588,15,4,18
20589,15,13,14
20590,15,0,19
20591,15,2,9
20592,15,9,11
20593,15,12,1
20594,15,10,2
20595,15,5,13
20596,15,1,10
20597,15,4,18
20598,15,6,4
20599,15,6,4
20600,15,1,10
20601,15,2,9
20602,15,1,10
20603,15,4,18
20604,15,11,6
20605,15,4,18
20606,15,1,10
20607,15,4,18
20608,15,5,13
20609,15,3,7
20610,15,14,17
20611,15,4,18
20612,15,3,7
20613,15,1,10
20614,15,11,6
20615,15,6,4
20616,15,10,2
20617,15,4,18
20618,15,10,2
20619,15,15,15
20620,15,15,15
20621,15,15,15
20622,15,15,15
20623,15,3,7
20624,15,2,9
20625,15,3,7
20626,15,3,7
20627,15,8,16
20628,15,3,7
20629,15,2,9
20630,15,2,9
20631,15,0,19
20632,15,13,14
20633,15,1,10
20634,15,2,9
20635,15,8,16
20636,15,13,14
20637,15,10,2
20638,15,10,2
20639,15,8,16
20640,15,4,18
20641,15,6,4
20642,15,14,17
20643,15,4,18
20644,15,2,9
20645,15,3,7
20646,15,13,14
20647,15,9,11
20648,15,3,7
20649,15,14,17
20650,15,15,15
20651,15,2,9
20652,15,4,18
20653,15,4,18
20654,15,4,18
20655,15,11,6
20656,15,1,10
20657,15,1,10
20658,15,10,2
20659,15,6,4
20660,15,1,10
20661,15,4,18
20662,15,9,11
20663,15,14,17
20664,15,1,10
20665,15,14,17
20666,15,0,19
20667,15,4,18
20668,15,13,14
20669,15,14,17
20670,15,8,16
20671,15,8,16
20672,15,4,18
20673,15,13,14
20674,15,3,7
20675,15,1,10
20676,15,1,10
20677,15,3,7
20678,15,4,18
20679,15,1,10
20680,15,11,6
20681,15,4,18
20682,15,9,11
20683,16,1,10
20684,16,10,2
20685,16,6,4
20686,16,13,14
20687,16,14,17
20688,16,10,2
20689,16,6,4
20690,16,13,14
20691,16,13,14
20692,16,4,18
20693,16,8,16
20694,16,3,7
20695,16,5,13
20696,16,3,7
20697,16,12,1
20698,16,11,6
20699,16,14,17
20700,16,15,15
20701,16,4,18
20702,16,0,19
20703,16,1,10
20704,16,3,7
20705,16,8,16
20706,16,1,10
20707,16,8,16
20708,16,6,4
20709,16,14,17
20710,16,14,17
20711,16,5,13
20712,16,15,15
20713,16,9,11
20714,16,10,2
20715,16,1,10
20716,16,1,10
20717,16,1,10
20718,16,6,4
20719,16,6,4
20720,16,1,10
20721,16,4,18
20722,16,4,18
20723,16,8,16
20724,16,1,10
20725,16,3,7
20726,16,1,10
20727,16,8,16
20728,16,14,17
20729,16,13,14
20730,16,13,14
20731,16,1,10
20732,16,3,7
20733,16,3,7
20734,16,4,18
20735,16,1,10
20736,16,3,7
20737,16,9,11
20738,16,1,10
20739,16,4,18
20740,16,1,10
20741,16,11,6
20742,16,4,18
20743,16,4,18
20744,16,11,6
20745,16,11,6
20746,16,11,6
20747,16,11,6
20748,16,13,14
20749,16,11,6
20750,16,1,10
20751,16,1,10
20752,16,10,2
20753,16,14,17
20754,16,1,10
20755,16,9,11
20756,16,8,16
20757,16,6,4
20758,16,1,10
20759,16,18,8
20760,16,8,16
20761,16,2,9
20762,16,14,17
20763,16,12,1
20764,16,4,18
20765,16,4,18
20766,16,6,4
20767,16,4,18
20768,16,3,7
20769,16,2,9
20770,16,11,6
20771,16,4,18
20772,16,10,2
20773,16,1,10
20774,16,13,14
20775,16,1,10
20776,16,8,16
20777,16,11,6
20778,16,1,10
20779,16,6,4
20780,16,6,4
20781,16,14,17
20782,16,11,6
20783,16,9,11
20784,16,10,2
20785,16,14,17
20786,16,3,7
20787,16,11,6
20788,16,1,10
20789,16,14,17
20790,16,14,17
20791,16,14,17
20792,16,13,14
20793,16,13,14
20794,16,2,9
20795,16,4,18
20796,16,4,18
20797,16,10,2
20798,16,3,7
20799,16,1,10
20800,16,3,7
20801,16,10,2
20802,16,2,9
20803,16,11,6
20804,16,5,13
20805,16,5,13
20806,16,4,18
20807,16,4,18
20808,16,3,7
20809,16,14,17
20810,16,10,2
20811,16,2,9
20812,16,14,17
20813,16,1,10
20814,16,1,10
20815,16,3,7
20816,16,11,6
20817,16,15,15
20818,16,8,16
20819,16,14,17
20820,16,14,17
20821,16,4,18
20822,16,4,18
20823,16,1,10
20824,16,2,9
20825,16,6,4
20826,16,11,6
20827,16,4,18
20828,16,13,14
20829,16,4,18
20830,16,1,10
20831,16,3,7
20832,16,4,18
20833,16,1,10
20834,16,3,7
20835,16,4,18
20836,16,6,4
20837,16,6,4
20838,16,4,18
20839,16,4,18
20840,16,11,6
20841,16,9,11
20842,16,11,6
20843,16,10,2
20844,16,10,2
20845,16,8,16
20846,16,3,7
20847,16,14,17
20848,16,10,2
20849,16,10,2
20850,16,10,2
20851,16,12,1
20852,16,4,18
20853,16,4,18
20854,16,10,2
20855,16,4,18
20856,16,13,14
20857,16,3,7
20858,16,3,7
20859,16,14,17
20860,16,14,17
20861,16,15,15
20862,16,3,7
20863,16,3,7
20864,16,4,18
20865,16,4,18
20866,16,1,10
20867,16,8,16
20868,16,8,16
20869,16,4,18
20870,16,3,7
20871,16,14,17
20872,16,14,17
20873,16,4,18
20874,16,4,18
20875,16,8,16
20876,16,18,8
20877,16,8,16
20878,16,5,13
20879,16,1,10
20880,16,1,10
20881,16,14,17
20882,16,1,10
20883,16,6,4
20884,16,12,1
20885,16,12,1
20886,16,8,16
20887,16,11,6
20888,16,2,9
20889,16,2,9
20890,16,3,7
20891,16,10,2
20892,16,11,6
20893,16,8,16
20894,16,3,7
20895,16,1,10
20896,16,1,10
20897,16,4,18
20898,16,4,18
20899,16,2,9
20900,16,8,16
20901,16,12,1
20902,16,6,4
20903,16,2,9
20904,16,1,10
20905,16,15,15
20906,16,14,17
20907,16,15,15
20908,16,1,10
20909,16,6,4
20910,16,3,7
20911,16,4,18
20912,16,0,19
20913,16,14,17
20914,16,14,17
20915,16,6,4
20916,16,6,4
20917,16,2,9
20918,16,4,18
20919,16,4,18
20920,16,13,14
