cell_id,true_label,pred_label_raw,pred_label_aligned
0,13,0,7
1,13,3,6
2,13,0,7
3,13,1,17
4,13,2,10
5,13,14,19
6,13,2,10
7,13,2,10
8,13,17,4
9,13,5,13
10,13,9,12
11,13,10,16
12,13,6,14
13,13,2,10
14,13,0,7
15,13,2,10
16,13,18,18
17,13,5,13
18,13,0,7
19,13,10,16
20,13,11,15
21,13,18,18
22,13,15,2
23,13,1,17
24,13,10,16
25,13,19,8
26,13,6,14
27,13,0,7
28,13,11,15
29,13,6,14
30,13,11,15
31,13,14,19
32,13,9,12
33,13,2,10
34,13,2,10
35,13,1,17
36,13,2,10
37,13,17,4
38,13,18,18
39,13,0,7
40,13,0,7
41,13,16,0
42,13,0,7
43,13,1,17
44,13,11,15
45,13,19,8
46,13,15,2
47,13,7,11
48,13,9,12
49,13,10,16
50,13,0,7
51,13,1,17
52,13,17,4
53,13,2,10
54,13,10,16
55,13,2,10
56,13,12,5
57,13,0,7
58,13,3,6
59,13,3,6
60,13,12,5
61,13,7,11
62,13,8,9
63,13,18,18
64,13,3,6
65,13,6,14
66,13,17,4
67,13,2,10
68,13,1,17
69,13,11,15
70,13,2,10
71,13,7,11
72,13,9,12
73,13,0,7
74,13,14,19
75,13,2,10
76,13,2,10
77,13,17,4
78,13,19,8
79,13,2,10
80,13,18,18
81,13,0,7
82,13,17,4
83,13,11,15
84,13,12,5
85,13,2,10
86,13,2,10
87,13,16,0
88,13,17,4
89,13,17,4
90,13,17,4
91,13,5,13
92,13,0,7
93,13,1,17
94,13,2,10
95,13,1,17
96,13,3,6
97,13,7,11
98,13,12,5
99,13,15,2
100,13,18,18
101,13,3,6
102,13,3,6
103,13,13,3
104,13,2,10
105,13,0,7
106,13,1,17
107,13,18,18
108,13,12,5
109,13,1,17
110,13,3,6
111,13,18,18
112,13,7,11
113,13,12,5
114,13,12,5
115,13,12,5
116,13,15,2
117,13,16,0
118,13,18,18
119,13,2,10
120,13,3,6
121,13,2,10
122,13,14,19
123,13,17,4
124,13,16,0
125,13,11,15
126,13,0,7
127,13,10,16
128,13,14,19
129,13,0,7
130,13,4,1
131,13,2,10
132,13,0,7
133,13,2,10
134,13,3,6
135,13,11,15
136,13,8,9
137,13,8,9
138,13,5,13
139,13,18,18
140,13,18,18
141,13,0,7
142,13,9,12
143,13,5,13
144,13,15,2
145,13,0,7
146,13,11,15
147,13,14,19
148,13,14,19
149,13,15,2
150,13,19,8
151,13,18,18
152,13,1,17
153,13,0,7
154,13,18,18
155,13,11,15
156,13,0,7
157,13,2,10
158,13,17,4
159,13,19,8
160,13,3,6
161,13,8,9
162,13,7,11
163,13,14,19
164,13,19,8
165,13,0,7
166,13,1,17
167,13,0,7
168,13,5,13
169,13,18,18
170,13,17,4
171,13,1,17
172,13,1,17
173,13,0,7
174,13,14,19
175,13,12,5
176,13,8,9
177,13,18,18
178,13,18,18
179,13,14,19
180,13,17,4
181,13,12,5
182,13,15,2
183,13,17,4
184,13,17,4
185,13,13,3
186,13,3,6
187,13,16,0
188,13,16,0
189,13,0,7
190,13,0,7
191,13,7,11
192,13,2,10
193,13,18,18
194,13,14,19
195,13,1,17
196,13,3,6
197,13,10,16
198,13,5,13
199,13,0,7
200,13,16,0
201,13,2,10
202,13,2,10
203,13,2,10
204,13,5,13
205,13,0,7
206,13,15,2
207,13,8,9
208,13,13,3
209,13,12,5
210,13,12,5
211,13,17,4
212,13,0,7
213,13,16,0
214,13,0,7
215,13,0,7
216,13,0,7
217,13,5,13
218,13,0,7
219,13,3,6
220,13,3,6
221,13,1,17
222,13,18,18
223,13,13,3
224,13,0,7
225,13,8,9
226,13,3,6
227,13,6,14
228,13,0,7
229,13,17,4
230,13,9,12
231,13,2,10
232,13,17,4
233,13,13,3
234,13,1,17
235,13,17,4
236,13,7,11
237,13,7,11
238,13,17,4
239,13,10,16
240,13,2,10
241,13,11,15
242,13,18,18
243,13,2,10
244,13,18,18
245,13,2,10
246,13,1,17
247,13,16,0
248,13,2,10
249,13,14,19
250,13,11,15
251,13,2,10
252,13,19,8
253,13,14,19
254,13,4,1
255,13,19,8
256,13,4,1
257,13,17,4
258,13,17,4
259,13,16,0
260,13,17,4
261,13,2,10
262,13,2,10
263,13,1,17
264,13,4,1
265,13,2,10
266,13,2,10
267,13,0,7
268,13,4,1
269,13,17,4
270,13,3,6
271,13,17,4
272,13,15,2
273,13,0,7
274,13,17,4
275,13,6,14
276,13,17,4
277,13,0,7
278,13,1,17
279,13,0,7
280,13,8,9
281,13,3,6
282,13,18,18
283,13,2,10
284,13,15,2
285,13,7,11
286,13,1,17
287,13,11,15
288,13,6,14
289,13,5,13
290,13,2,10
291,13,6,14
292,13,0,7
293,13,3,6
294,13,18,18
295,13,7,11
296,13,15,2
297,13,11,15
298,13,3,6
299,13,14,19
300,13,3,6
301,13,18,18
302,13,17,4
303,13,2,10
304,13,17,4
305,13,17,4
306,13,3,6
307,13,2,10
308,13,1,17
309,13,1,17
310,13,0,7
311,13,0,7
312,13,17,4
313,13,15,2
314,13,5,13
315,13,1,17
316,13,18,18
317,13,7,11
318,13,2,10
319,13,18,18
320,13,15,2
321,13,17,4
322,13,9,12
323,13,14,19
324,13,2,10
325,13,7,11
326,13,11,15
327,13,18,18
328,13,17,4
329,13,2,10
330,13,12,5
331,13,0,7
332,13,1,17
333,13,7,11
334,13,14,19
335,13,2,10
336,13,19,8
337,13,1,17
338,13,18,18
339,13,3,6
340,13,6,14
341,13,5,13
342,13,17,4
343,13,17,4
344,13,8,9
345,13,7,11
346,13,17,4
347,13,2,10
348,13,2,10
349,13,1,17
350,13,18,18
351,13,2,10
352,13,17,4
353,13,0,7
354,13,3,6
355,13,14,19
356,13,1,17
357,13,5,13
358,13,17,4
359,13,18,18
360,13,13,3
361,13,18,18
362,13,6,14
363,13,0,7
364,13,18,18
365,13,1,17
366,13,10,16
367,13,3,6
368,13,0,7
369,13,19,8
370,13,1,17
371,13,3,6
372,13,4,1
373,13,14,19
374,13,18,18
375,13,18,18
376,13,2,10
377,13,5,13
378,13,18,18
379,13,18,18
380,13,3,6
381,13,6,14
382,13,15,2
383,13,2,10
384,13,18,18
385,13,0,7
386,13,0,7
387,13,15,2
388,13,2,10
389,13,18,18
390,13,0,7
391,13,6,14
392,12,18,18
393,12,2,10
394,12,8,9
395,12,12,5
396,12,2,10
397,12,7,11
398,12,1,17
399,12,2,10
400,12,15,2
401,12,2,10
402,12,3,6
403,12,7,11
404,12,17,4
405,12,17,4
406,12,5,13
407,12,2,10
408,12,0,7
409,12,0,7
410,12,11,15
411,12,0,7
412,12,9,12
413,12,6,14
414,12,17,4
415,12,2,10
416,12,2,10
417,12,2,10
418,12,0,7
419,12,18,18
420,12,11,15
421,12,3,6
422,12,17,4
423,12,15,2
424,12,2,10
425,12,17,4
426,12,0,7
427,12,3,6
428,12,0,7
429,12,3,6
430,12,17,4
431,12,10,16
432,12,9,12
433,12,8,9
434,12,4,1
435,12,18,18
436,12,8,9
437,12,17,4
438,12,17,4
439,12,4,1
440,12,0,7
441,12,1,17
442,12,4,1
443,12,5,13
444,12,18,18
445,12,5,13
446,12,3,6
447,12,15,2
448,12,18,18
449,12,3,6
450,12,2,10
451,12,12,5
452,12,13,3
453,12,13,3
454,12,9,12
455,12,15,2
456,12,3,6
457,12,17,4
458,12,2,10
459,12,18,18
460,12,1,17
461,12,17,4
462,12,17,4
463,12,18,18
464,12,3,6
465,12,7,11
466,12,0,7
467,12,1,17
468,12,17,4
469,12,18,18
470,12,11,15
471,12,12,5
472,12,5,13
473,12,0,7
474,12,18,18
475,12,0,7
476,12,0,7
477,12,3,6
478,12,1,17
479,12,17,4
480,12,1,17
481,12,1,17
482,12,1,17
483,12,18,18
484,12,15,2
485,12,0,7
486,12,2,10
487,12,18,18
488,12,17,4
489,12,1,17
490,12,1,17
491,12,17,4
492,12,3,6
493,12,2,10
494,12,1,17
495,12,0,7
496,12,0,7
497,12,0,7
498,12,3,6
499,12,3,6
500,12,18,18
501,12,12,5
502,12,11,15
503,12,2,10
504,12,12,5
505,12,18,18
506,12,0,7
507,12,18,18
508,12,12,5
509,12,10,16
510,12,18,18
511,12,19,8
512,12,0,7
513,12,18,18
514,12,15,2
515,12,14,19
516,12,17,4
517,12,16,0
518,12,2,10
519,12,2,10
520,12,8,9
521,12,3,6
522,12,16,0
523,1,0,7
524,1,2,10
525,1,0,7
526,1,16,0
527,1,3,6
528,1,16,0
529,1,19,8
530,1,17,4
531,1,18,18
532,1,4,1
533,1,17,4
534,1,0,7
535,1,17,4
536,1,16,0
537,1,16,0
538,1,12,5
539,1,8,9
540,1,2,10
541,1,18,18
542,1,1,17
543,1,18,18
544,1,11,15
545,1,2,10
546,1,18,18
547,1,4,1
548,1,8,9
549,1,3,6
550,1,4,1
551,1,6,14
552,1,0,7
553,1,14,19
554,1,3,6
555,1,17,4
556,1,0,7
557,1,12,5
558,1,3,6
559,1,17,4
560,1,18,18
561,1,0,7
562,1,8,9
563,1,0,7
564,1,0,7
565,1,2,10
566,1,13,3
567,1,1,17
568,1,12,5
569,1,0,7
570,1,10,16
571,1,12,5
572,1,18,18
573,1,14,19
574,1,6,14
575,1,15,2
576,1,17,4
577,1,0,7
578,1,14,19
579,1,0,7
580,1,3,6
581,1,17,4
582,1,0,7
583,1,2,10
584,1,16,0
585,1,1,17
586,1,0,7
587,1,1,17
588,1,7,11
589,1,3,6
590,1,18,18
591,1,17,4
592,1,8,9
593,1,19,8
594,1,1,17
595,1,18,18
596,1,18,18
597,1,17,4
598,1,2,10
599,1,6,14
600,1,4,1
601,1,9,12
602,1,3,6
603,1,15,2
604,1,2,10
605,1,11,15
606,1,12,5
607,1,0,7
608,1,16,0
609,1,18,18
610,1,5,13
611,1,3,6
612,1,2,10
613,1,16,0
614,1,1,17
615,1,3,6
616,1,2,10
617,1,7,11
618,1,18,18
619,1,3,6
620,1,3,6
621,1,10,16
622,1,8,9
623,1,13,3
624,1,0,7
625,1,2,10
626,1,1,17
627,1,0,7
628,1,1,17
629,1,1,17
630,1,19,8
631,1,1,17
632,1,3,6
633,1,0,7
634,1,0,7
635,1,9,12
636,1,2,10
637,1,14,19
638,1,2,10
639,1,7,11
640,1,17,4
641,1,4,1
642,1,2,10
643,1,3,6
644,1,17,4
645,1,18,18
646,1,17,4
647,1,3,6
648,1,0,7
649,1,1,17
650,1,1,17
651,1,7,11
652,1,6,14
653,1,17,4
654,1,19,8
655,1,18,18
656,1,0,7
657,1,12,5
658,1,17,4
659,1,2,10
660,1,0,7
661,1,13,3
662,1,2,10
663,1,7,11
664,1,15,2
665,1,17,4
666,1,18,18
667,1,15,2
668,1,4,1
669,1,3,6
670,1,2,10
671,1,11,15
672,1,8,9
673,1,8,9
674,1,3,6
675,1,19,8
676,1,10,16
677,1,17,4
678,1,3,6
679,1,7,11
680,1,11,15
681,1,17,4
682,1,0,7
683,1,10,16
684,1,17,4
685,1,0,7
686,1,12,5
687,1,18,18
688,1,5,13
689,1,10,16
690,1,3,6
691,1,13,3
692,1,0,7
693,1,17,4
694,1,9,12
695,1,18,18
696,1,0,7
697,1,12,5
698,1,18,18
699,1,4,1
700,1,18,18
701,1,0,7
702,1,0,7
703,1,18,18
704,1,15,2
705,1,18,18
706,1,2,10
707,1,18,18
708,1,17,4
709,1,17,4
710,1,0,7
711,1,18,18
712,1,17,4
713,1,1,17
714,1,0,7
715,1,15,2
716,1,2,10
717,1,2,10
718,1,15,2
719,1,0,7
720,1,18,18
721,1,17,4
722,1,16,0
723,1,0,7
724,1,17,4
725,1,7,11
726,1,8,9
727,1,7,11
728,1,15,2
729,1,10,16
730,1,6,14
731,1,6,14
732,1,2,10
733,1,18,18
734,1,6,14
735,1,0,7
736,1,2,10
737,1,10,16
738,1,7,11
739,1,16,0
740,1,11,15
741,1,1,17
742,1,18,18
743,1,2,10
744,1,17,4
745,1,2,10
746,1,1,17
747,1,10,16
748,1,4,1
749,1,1,17
750,1,16,0
751,1,17,4
752,1,4,1
753,1,18,18
754,1,1,17
755,1,9,12
756,1,18,18
757,1,0,7
758,1,12,5
759,1,17,4
760,1,2,10
761,1,1,17
762,1,17,4
763,3,17,4
764,3,17,4
765,3,18,18
766,3,12,5
767,3,7,11
768,3,17,4
769,3,8,9
770,3,17,4
771,3,17,4
772,3,0,7
773,3,7,11
774,3,8,9
775,3,0,7
776,3,19,8
777,3,1,17
778,3,7,11
779,3,15,2
780,3,1,17
781,3,2,10
782,3,2,10
783,3,4,1
784,3,8,9
785,3,0,7
786,3,1,17
787,3,1,17
788,3,13,3
789,3,5,13
790,3,2,10
791,3,15,2
792,3,5,13
793,3,4,1
794,3,17,4
795,3,3,6
796,3,0,7
797,3,17,4
798,3,18,18
799,3,11,15
800,3,12,5
801,3,0,7
802,3,17,4
803,3,18,18
804,3,1,17
805,3,17,4
806,3,11,15
807,3,2,10
808,3,11,15
809,3,13,3
810,3,15,2
811,3,8,9
812,3,19,8
813,3,4,1
814,3,3,6
815,3,18,18
816,3,16,0
817,3,18,18
818,3,10,16
819,3,19,8
820,3,17,4
821,3,7,11
822,3,1,17
823,3,10,16
824,3,12,5
825,3,14,19
826,3,2,10
827,3,14,19
828,3,17,4
829,3,16,0
830,3,18,18
831,3,1,17
832,3,3,6
833,3,2,10
834,3,5,13
835,3,0,7
836,3,2,10
837,3,1,17
838,3,2,10
839,3,14,19
840,3,0,7
841,3,1,17
842,3,10,16
843,3,15,2
844,3,2,10
845,3,0,7
846,3,0,7
847,11,17,4
848,11,13,3
849,11,8,9
850,11,18,18
851,11,18,18
852,11,18,18
853,11,15,2
854,11,17,4
855,11,17,4
856,11,10,16
857,11,3,6
858,11,2,10
859,11,0,7
860,11,18,18
861,11,0,7
862,11,17,4
863,11,8,9
864,11,0,7
865,11,15,2
866,11,17,4
867,11,15,2
868,11,12,5
869,11,11,15
870,11,7,11
871,11,18,18
872,11,1,17
873,11,19,8
874,11,17,4
875,11,2,10
876,11,0,7
877,11,7,11
878,11,18,18
879,11,0,7
880,11,5,13
881,11,8,9
882,11,17,4
883,11,2,10
884,11,3,6
885,11,17,4
886,11,18,18
887,11,1,17
888,11,1,17
889,11,0,7
890,11,1,17
891,11,7,11
892,11,15,2
893,11,1,17
894,11,7,11
895,11,1,17
896,11,7,11
897,11,2,10
898,11,2,10
899,11,0,7
900,11,1,17
901,11,8,9
902,11,0,7
903,11,2,10
904,11,11,15
905,11,4,1
906,11,0,7
907,11,7,11
908,11,0,7
909,11,0,7
910,11,5,13
911,11,17,4
912,11,10,16
913,11,1,17
914,11,0,7
915,11,6,14
916,11,13,3
917,11,16,0
918,11,16,0
919,11,18,18
920,11,3,6
921,11,7,11
922,11,8,9
923,11,4,1
924,11,19,8
925,11,18,18
926,11,2,10
927,11,2,10
928,11,18,18
929,11,10,16
930,11,1,17
931,11,2,10
932,11,0,7
933,11,18,18
934,11,2,10
935,11,2,10
936,11,12,5
937,11,9,12
938,11,6,14
939,11,16,0
940,11,4,1
941,11,0,7
942,11,1,17
943,11,17,4
944,11,8,9
945,11,17,4
946,11,15,2
947,11,2,10
948,11,18,18
949,11,3,6
950,11,11,15
951,11,12,5
952,11,7,11
953,11,14,19
954,11,16,0
955,11,2,10
956,11,0,7
957,11,15,2
958,11,1,17
959,11,17,4
960,11,12,5
961,11,17,4
962,11,0,7
963,11,18,18
964,11,5,13
965,11,5,13
966,11,4,1
967,11,18,18
968,11,17,4
969,11,17,4
970,11,15,2
971,11,1,17
972,11,0,7
973,11,8,9
974,11,16,0
975,11,12,5
976,11,7,11
977,11,7,11
978,11,8,9
979,11,8,9
980,11,15,2
981,11,11,15
982,11,8,9
983,11,11,15
984,11,19,8
985,11,2,10
986,11,0,7
987,11,18,18
988,11,7,11
989,11,5,13
990,11,0,7
991,11,19,8
992,11,18,18
993,11,11,15
994,11,14,19
995,11,7,11
996,11,10,16
997,11,7,11
998,11,15,2
999,11,1,17
1000,11,3,6
1001,11,0,7
1002,11,18,18
1003,11,0,7
1004,11,17,4
1005,11,0,7
1006,11,2,10
1007,11,11,15
1008,11,7,11
1009,11,1,17
1010,11,15,2
1011,11,18,18
1012,11,0,7
1013,11,7,11
1014,11,0,7
1015,11,17,4
1016,11,18,18
1017,11,2,10
1018,11,1,17
1019,11,17,4
1020,11,2,10
1021,11,18,18
1022,11,17,4
1023,11,8,9
1024,11,2,10
1025,11,11,15
1026,11,17,4
1027,11,0,7
1028,11,4,1
1029,11,17,4
1030,11,7,11
1031,11,8,9
1032,11,16,0
1033,11,7,11
1034,11,13,3
1035,11,15,2
1036,11,0,7
1037,11,13,3
1038,11,1,17
1039,11,16,0
1040,11,11,15
1041,11,10,16
1042,11,5,13
1043,11,18,18
1044,11,3,6
1045,11,14,19
1046,11,1,17
1047,11,1,17
1048,11,19,8
1049,11,17,4
1050,11,4,1
1051,11,5,13
1052,11,7,11
1053,11,12,5
1054,11,1,17
1055,11,3,6
1056,11,0,7
1057,11,17,4
1058,11,5,13
1059,11,17,4
1060,11,0,7
1061,11,4,1
1062,11,7,11
1063,11,0,7
1064,11,15,2
1065,11,4,1
1066,11,4,1
1067,11,17,4
1068,11,12,5
1069,11,3,6
1070,11,18,18
1071,4,16,0
1072,4,8,9
1073,4,4,1
1074,4,5,13
1075,4,3,6
1076,4,15,2
1077,4,18,18
1078,4,13,3
1079,4,2,10
1080,4,18,18
1081,4,6,14
1082,4,3,6
1083,4,3,6
1084,4,17,4
1085,4,17,4
1086,4,8,9
1087,4,11,15
1088,4,2,10
1089,4,9,12
1090,4,19,8
1091,4,2,10
1092,4,18,18
1093,4,16,0
1094,4,17,4
1095,4,3,6
1096,4,0,7
1097,4,16,0
1098,4,3,6
1099,4,18,18
1100,4,17,4
1101,4,17,4
1102,4,3,6
1103,4,4,1
1104,4,12,5
1105,4,0,7
1106,4,9,12
1107,4,1,17
1108,4,15,2
1109,4,1,17
1110,4,5,13
1111,4,0,7
1112,4,15,2
1113,4,1,17
1114,4,6,14
1115,4,1,17
1116,4,17,4
1117,4,1,17
1118,4,7,11
1119,4,0,7
1120,4,3,6
1121,4,0,7
1122,4,2,10
1123,4,1,17
1124,4,0,7
1125,4,0,7
1126,4,18,18
1127,4,18,18
1128,4,17,4
1129,4,6,14
1130,4,17,4
1131,4,17,4
1132,4,2,10
1133,4,9,12
1134,4,10,16
1135,4,7,11
1136,4,5,13
1137,4,2,10
1138,4,1,17
1139,4,7,11
1140,4,16,0
1141,4,18,18
1142,4,14,19
1143,4,0,7
1144,4,0,7
1145,4,3,6
1146,4,11,15
1147,4,7,11
1148,4,0,7
1149,4,2,10
1150,4,16,0
1151,4,17,4
1152,4,2,10
1153,4,6,14
1154,4,10,16
1155,4,17,4
1156,4,1,17
1157,4,3,6
1158,4,8,9
1159,4,17,4
1160,4,1,17
1161,4,18,18
1162,4,3,6
1163,4,4,1
1164,4,2,10
1165,4,10,16
1166,4,14,19
1167,4,18,18
1168,4,16,0
1169,4,6,14
1170,4,17,4
1171,4,17,4
1172,4,3,6
1173,4,12,5
1174,4,2,10
1175,4,17,4
1176,4,7,11
1177,4,2,10
1178,4,2,10
1179,4,1,17
1180,4,3,6
1181,4,7,11
1182,4,3,6
1183,4,18,18
1184,4,14,19
1185,4,9,12
1186,4,15,2
1187,4,6,14
1188,4,2,10
1189,4,1,17
1190,4,10,16
1191,4,18,18
1192,4,5,13
1193,4,2,10
1194,4,3,6
1195,4,1,17
1196,4,1,17
1197,4,17,4
1198,4,11,15
1199,4,0,7
1200,4,3,6
1201,4,19,8
1202,4,2,10
1203,4,4,1
1204,4,7,11
1205,4,18,18
1206,4,9,12
1207,4,18,18
1208,4,6,14
1209,4,1,17
1210,4,1,17
1211,4,7,11
1212,4,3,6
1213,4,18,18
1214,4,2,10
1215,4,14,19
1216,4,15,2
1217,4,0,7
1218,4,14,19
1219,4,18,18
1220,4,10,16
1221,4,1,17
1222,4,0,7
1223,4,8,9
1224,4,2,10
1225,4,2,10
1226,4,1,17
1227,4,17,4
1228,4,8,9
1229,4,6,14
1230,4,2,10
1231,4,11,15
1232,4,5,13
1233,4,18,18
1234,4,11,15
1235,4,0,7
1236,4,0,7
1237,4,3,6
1238,4,2,10
1239,4,10,16
1240,4,0,7
1241,4,12,5
1242,4,3,6
1243,4,15,2
1244,4,17,4
1245,4,18,18
1246,4,5,13
1247,4,18,18
1248,4,2,10
1249,4,18,18
1250,4,8,9
1251,4,3,6
1252,4,15,2
1253,4,5,13
1254,4,0,7
1255,4,12,5
1256,4,15,2
1257,4,18,18
1258,4,6,14
1259,4,1,17
1260,4,17,4
1261,4,19,8
1262,4,17,4
1263,4,18,18
1264,4,1,17
1265,4,0,7
1266,4,2,10
1267,4,3,6
1268,4,6,14
1269,4,0,7
1270,4,14,19
1271,4,2,10
1272,4,17,4
1273,4,0,7
1274,4,2,10
1275,4,2,10
1276,4,15,2
1277,4,18,18
1278,4,12,5
1279,4,0,7
1280,4,1,17
1281,4,18,18
1282,4,7,11
1283,4,3,6
1284,4,14,19
1285,4,1,17
1286,4,3,6
1287,4,11,15
1288,4,2,10
1289,4,8,9
1290,4,3,6
1291,4,17,4
1292,4,18,18
1293,4,1,17
1294,4,14,19
1295,4,8,9
1296,4,2,10
1297,4,4,1
1298,4,14,19
1299,4,1,17
1300,4,18,18
1301,4,17,4
1302,4,11,15
1303,4,8,9
1304,4,18,18
1305,4,2,10
1306,4,15,2
1307,4,11,15
1308,4,2,10
1309,4,8,9
1310,4,18,18
1311,4,18,18
1312,4,18,18
1313,4,3,6
1314,4,15,2
1315,4,2,10
1316,4,18,18
1317,4,1,17
1318,4,2,10
1319,4,14,19
1320,4,1,17
1321,4,1,17
1322,4,17,4
1323,4,3,6
1324,4,0,7
1325,4,3,6
1326,4,10,16
1327,4,8,9
1328,4,18,18
1329,4,15,2
1330,4,0,7
1331,4,18,18
1332,4,1,17
1333,4,2,10
1334,4,18,18
1335,4,17,4
1336,4,3,6
1337,4,0,7
1338,4,16,0
1339,4,1,17
1340,4,8,9
1341,4,15,2
1342,4,16,0
1343,4,18,18
1344,4,4,1
1345,4,3,6
1346,4,1,17
1347,4,18,18
1348,4,0,7
1349,4,9,12
1350,4,15,2
1351,4,18,18
1352,4,18,18
1353,4,17,4
1354,4,6,14
1355,4,2,10
1356,4,3,6
1357,4,17,4
1358,4,1,17
1359,4,1,17
1360,4,2,10
1361,4,12,5
1362,4,10,16
1363,4,15,2
1364,4,0,7
1365,4,15,2
1366,4,17,4
1367,4,2,10
1368,4,4,1
1369,4,15,2
1370,4,8,9
1371,4,4,1
1372,4,0,7
1373,4,17,4
1374,4,0,7
1375,4,0,7
1376,4,2,10
1377,4,18,18
1378,4,12,5
1379,4,13,3
1380,4,18,18
1381,4,15,2
1382,4,14,19
1383,4,7,11
1384,4,1,17
1385,4,3,6
1386,4,2,10
1387,4,14,19
1388,4,13,3
1389,4,1,17
1390,4,0,7
1391,4,16,0
1392,4,10,16
1393,4,2,10
1394,4,0,7
1395,4,12,5
1396,4,11,15
1397,4,16,0
1398,4,18,18
1399,4,2,10
1400,4,14,19
1401,4,12,5
1402,4,3,6
1403,4,11,15
1404,4,7,11
1405,4,0,7
1406,4,15,2
1407,4,17,4
1408,4,0,7
1409,4,17,4
1410,4,1,17
1411,4,18,18
1412,4,17,4
1413,4,0,7
1414,4,7,11
1415,4,15,2
1416,4,13,3
1417,4,18,18
1418,4,7,11
1419,4,19,8
1420,4,6,14
1421,4,15,2
1422,4,4,1
1423,4,19,8
1424,4,17,4
1425,4,12,5
1426,4,0,7
1427,4,7,11
1428,4,14,19
1429,4,14,19
1430,4,15,2
1431,4,2,10
1432,4,12,5
1433,4,17,4
1434,4,15,2
1435,4,14,19
1436,4,18,18
1437,4,18,18
1438,4,1,17
1439,4,18,18
1440,4,11,15
1441,4,0,7
1442,4,3,6
1443,4,2,10
1444,4,8,9
1445,4,0,7
1446,4,18,18
1447,4,18,18
1448,4,19,8
1449,4,14,19
1450,4,17,4
1451,4,18,18
1452,4,18,18
1453,4,18,18
1454,4,8,9
1455,4,7,11
1456,4,13,3
1457,4,0,7
1458,4,19,8
1459,4,16,0
1460,4,18,18
1461,4,1,17
1462,4,0,7
1463,4,18,18
1464,4,16,0
1465,4,1,17
1466,4,15,2
1467,4,1,17
1468,4,10,16
1469,4,1,17
1470,4,18,18
1471,4,0,7
1472,4,2,10
1473,4,14,19
1474,4,8,9
1475,4,7,11
1476,4,1,17
1477,4,14,19
1478,4,17,4
1479,4,1,17
1480,4,4,1
1481,4,15,2
1482,4,0,7
1483,4,8,9
1484,4,17,4
1485,4,7,11
1486,4,3,6
1487,4,16,0
1488,4,16,0
1489,4,0,7
1490,4,2,10
1491,4,3,6
1492,4,12,5
1493,4,17,4
1494,4,8,9
1495,4,14,19
1496,4,19,8
1497,4,1,17
1498,4,17,4
1499,4,4,1
1500,4,5,13
1501,4,1,17
1502,4,15,2
1503,4,18,18
1504,4,18,18
1505,4,0,7
1506,4,1,17
1507,4,5,13
1508,4,8,9
1509,4,0,7
1510,4,2,10
1511,4,2,10
1512,4,3,6
1513,4,2,10
1514,4,1,17
1515,4,7,11
1516,4,0,7
1517,4,15,2
1518,4,8,9
1519,4,1,17
1520,4,13,3
1521,4,2,10
1522,4,18,18
1523,4,18,18
1524,4,14,19
1525,4,2,10
1526,4,17,4
1527,4,8,9
1528,4,16,0
1529,4,1,17
1530,4,11,15
1531,4,0,7
1532,4,8,9
1533,4,3,6
1534,4,1,17
1535,4,11,15
1536,4,18,18
1537,4,13,3
1538,4,0,7
1539,4,1,17
1540,4,3,6
1541,4,19,8
1542,4,3,6
1543,4,17,4
1544,4,12,5
1545,4,18,18
1546,4,2,10
1547,4,17,4
1548,4,18,18
1549,4,0,7
1550,4,15,2
1551,4,18,18
1552,4,17,4
1553,4,9,12
1554,4,16,0
1555,4,2,10
1556,4,4,1
1557,4,7,11
1558,4,0,7
1559,4,18,18
1560,4,18,18
1561,4,13,3
1562,4,0,7
1563,4,17,4
1564,4,11,15
1565,4,5,13
1566,4,14,19
1567,4,12,5
1568,4,14,19
1569,4,19,8
1570,4,14,19
1571,4,7,11
1572,4,12,5
1573,4,0,7
1574,4,10,16
1575,4,18,18
1576,4,0,7
1577,4,18,18
1578,4,16,0
1579,4,18,18
1580,4,15,2
1581,4,18,18
1582,4,2,10
1583,4,17,4
1584,4,1,17
1585,4,6,14
1586,4,18,18
1587,4,17,4
1588,4,14,19
1589,4,7,11
1590,4,2,10
1591,4,11,15
1592,4,10,16
1593,4,2,10
1594,4,11,15
1595,4,0,7
1596,4,7,11
1597,4,2,10
1598,4,7,11
1599,4,18,18
1600,4,19,8
1601,4,1,17
1602,4,0,7
1603,4,17,4
1604,4,18,18
1605,4,2,10
1606,4,16,0
1607,4,17,4
1608,4,2,10
1609,4,18,18
1610,4,0,7
1611,4,12,5
1612,4,17,4
1613,4,15,2
1614,4,18,18
1615,4,18,18
1616,4,19,8
1617,4,11,15
1618,4,14,19
1619,4,17,4
1620,4,2,10
1621,4,1,17
1622,4,3,6
1623,4,3,6
1624,4,14,19
1625,4,18,18
1626,4,19,8
1627,4,2,10
1628,4,17,4
1629,4,2,10
1630,4,1,17
1631,4,17,4
1632,4,16,0
1633,4,9,12
1634,4,18,18
1635,4,2,10
1636,4,15,2
1637,4,2,10
1638,4,0,7
1639,4,11,15
1640,4,6,14
1641,4,1,17
1642,4,1,17
1643,4,10,16
1644,4,0,7
1645,4,0,7
1646,4,18,18
1647,4,18,18
1648,4,17,4
1649,4,2,10
1650,4,3,6
1651,4,9,12
1652,4,5,13
1653,4,1,17
1654,4,2,10
1655,4,6,14
1656,4,2,10
1657,4,1,17
1658,4,0,7
1659,4,17,4
1660,4,17,4
1661,4,18,18
1662,4,15,2
1663,4,1,17
1664,4,0,7
1665,4,8,9
1666,4,18,18
1667,4,12,5
1668,4,8,9
1669,4,17,4
1670,4,2,10
1671,4,6,14
1672,4,18,18
1673,4,18,18
1674,4,18,18
1675,4,18,18
1676,4,15,2
1677,4,18,18
1678,4,14,19
1679,4,11,15
1680,4,18,18
1681,4,17,4
1682,4,1,17
1683,4,13,3
1684,4,8,9
1685,4,7,11
1686,4,18,18
1687,4,11,15
1688,4,3,6
1689,4,1,17
1690,4,3,6
1691,4,1,17
1692,4,12,5
1693,4,3,6
1694,4,7,11
1695,4,0,7
1696,4,12,5
1697,4,13,3
1698,14,12,5
1699,14,18,18
1700,14,10,16
1701,14,2,10
1702,14,0,7
1703,14,7,11
1704,14,1,17
1705,14,19,8
1706,14,17,4
1707,14,7,11
1708,14,1,17
1709,14,2,10
1710,14,1,17
1711,14,2,10
1712,14,18,18
1713,14,2,10
1714,14,18,18
1715,14,14,19
1716,14,1,17
1717,14,3,6
1718,14,17,4
1719,14,0,7
1720,14,0,7
1721,14,15,2
1722,14,18,18
1723,14,18,18
1724,14,15,2
1725,14,15,2
1726,14,9,12
1727,14,0,7
1728,14,12,5
1729,14,12,5
1730,14,19,8
1731,14,1,17
1732,14,13,3
1733,14,5,13
1734,14,18,18
1735,14,1,17
1736,14,18,18
1737,14,3,6
1738,14,4,1
1739,14,14,19
1740,14,18,18
1741,14,18,18
1742,14,1,17
1743,14,16,0
1744,14,4,1
1745,14,0,7
1746,14,2,10
1747,14,18,18
1748,14,15,2
1749,14,18,18
1750,14,18,18
1751,14,15,2
1752,14,10,16
1753,14,15,2
1754,14,15,2
1755,14,11,15
1756,14,17,4
1757,14,4,1
1758,14,1,17
1759,14,2,10
1760,14,15,2
1761,14,1,17
1762,14,2,10
1763,14,18,18
1764,14,8,9
1765,14,0,7
1766,14,11,15
1767,14,13,3
1768,14,1,17
1769,14,8,9
1770,14,2,10
1771,14,0,7
1772,14,2,10
1773,14,1,17
1774,14,0,7
1775,14,18,18
1776,14,11,15
1777,14,16,0
1778,14,2,10
1779,14,2,10
1780,14,18,18
1781,14,17,4
1782,14,17,4
1783,14,19,8
1784,14,5,13
1785,14,19,8
1786,14,14,19
1787,14,6,14
1788,14,2,10
1789,14,2,10
1790,14,0,7
1791,14,3,6
1792,14,2,10
1793,14,6,14
1794,14,0,7
1795,14,15,2
1796,14,15,2
1797,14,15,2
1798,14,14,19
1799,14,11,15
1800,14,2,10
1801,14,10,16
1802,14,18,18
1803,14,7,11
1804,14,0,7
1805,14,18,18
1806,14,0,7
1807,14,3,6
1808,14,17,4
1809,14,0,7
1810,14,15,2
1811,14,8,9
1812,14,1,17
1813,14,15,2
1814,14,15,2
1815,14,2,10
1816,14,10,16
1817,14,8,9
1818,14,3,6
1819,14,2,10
1820,14,6,14
1821,14,16,0
1822,14,8,9
1823,14,19,8
1824,14,3,6
1825,14,0,7
1826,14,17,4
1827,14,0,7
1828,14,18,18
1829,14,3,6
1830,14,15,2
1831,14,7,11
1832,14,0,7
1833,14,14,19
1834,14,6,14
1835,14,0,7
1836,14,7,11
1837,14,3,6
1838,14,2,10
1839,14,9,12
1840,14,1,17
1841,14,2,10
1842,14,19,8
1843,14,18,18
1844,14,3,6
1845,14,2,10
1846,14,3,6
1847,14,6,14
1848,14,1,17
1849,14,2,10
1850,14,17,4
1851,14,18,18
1852,14,18,18
1853,14,17,4
1854,14,17,4
1855,14,3,6
1856,14,0,7
1857,14,8,9
1858,14,18,18
1859,14,1,17
1860,14,17,4
1861,14,19,8
1862,14,2,10
1863,14,18,18
1864,14,1,17
1865,14,10,16
1866,14,3,6
1867,14,1,17
1868,14,15,2
1869,14,17,4
1870,14,7,11
1871,14,7,11
1872,14,1,17
1873,14,17,4
1874,14,1,17
1875,14,18,18
1876,14,18,18
1877,14,19,8
1878,14,2,10
1879,14,1,17
1880,14,2,10
1881,14,16,0
1882,14,18,18
1883,14,18,18
1884,14,3,6
1885,14,1,17
1886,14,7,11
1887,14,13,3
1888,14,1,17
1889,14,18,18
1890,14,18,18
1891,14,3,6
1892,14,7,11
1893,14,2,10
1894,14,0,7
1895,14,17,4
1896,14,1,17
1897,14,0,7
1898,14,18,18
1899,14,18,18
1900,14,3,6
1901,14,14,19
1902,14,2,10
1903,14,18,18
1904,14,0,7
1905,14,18,18
1906,14,16,0
1907,14,16,0
1908,14,12,5
1909,14,10,16
1910,14,10,16
1911,14,3,6
1912,14,0,7
1913,14,17,4
1914,14,18,18
1915,14,16,0
1916,14,2,10
1917,14,2,10
1918,14,18,18
1919,14,1,17
1920,14,2,10
1921,14,9,12
1922,14,18,18
1923,14,5,13
1924,14,0,7
1925,14,17,4
1926,14,13,3
1927,14,17,4
1928,14,7,11
1929,14,1,17
1930,14,0,7
1931,14,17,4
1932,14,3,6
1933,14,17,4
1934,14,16,0
1935,14,2,10
1936,14,17,4
1937,14,16,0
1938,14,18,18
1939,14,9,12
1940,14,15,2
1941,14,8,9
1942,14,16,0
1943,14,16,0
1944,14,18,18
1945,14,1,17
1946,14,3,6
1947,14,7,11
1948,14,3,6
1949,14,1,17
1950,14,7,11
1951,14,2,10
1952,14,13,3
1953,14,18,18
1954,14,12,5
1955,14,15,2
1956,14,11,15
1957,14,4,1
1958,14,5,13
1959,14,18,18
1960,14,18,18
1961,14,4,1
1962,14,18,18
1963,14,0,7
1964,14,14,19
1965,14,0,7
1966,14,3,6
1967,14,3,6
1968,14,18,18
1969,14,17,4
1970,14,17,4
1971,14,19,8
1972,14,18,18
1973,14,14,19
1974,14,18,18
1975,14,6,14
1976,14,6,14
1977,14,0,7
1978,14,0,7
1979,14,1,17
1980,14,18,18
1981,14,1,17
1982,14,0,7
1983,14,3,6
1984,14,14,19
1985,14,17,4
1986,14,2,10
1987,14,0,7
1988,14,4,1
1989,14,0,7
1990,14,3,6
1991,14,18,18
1992,14,6,14
1993,14,1,17
1994,14,8,9
1995,14,13,3
1996,14,7,11
1997,14,7,11
1998,14,18,18
1999,14,1,17
2000,14,3,6
2001,14,17,4
2002,14,9,12
2003,14,8,9
2004,14,6,14
2005,14,3,6
2006,14,18,18
2007,14,8,9
2008,14,2,10
2009,14,14,19
2010,14,3,6
2011,14,16,0
2012,14,17,4
2013,14,2,10
2014,14,19,8
2015,14,2,10
2016,14,18,18
2017,14,17,4
2018,14,8,9
2019,14,15,2
2020,14,15,2
2021,14,17,4
2022,14,10,16
2023,14,8,9
2024,14,17,4
2025,14,3,6
2026,14,12,5
2027,14,17,4
2028,19,4,1
2029,19,1,17
2030,19,2,10
2031,19,7,11
2032,19,17,4
2033,19,12,5
2034,19,17,4
2035,19,11,15
2036,19,2,10
2037,19,9,12
2038,19,1,17
2039,19,3,6
2040,19,12,5
2041,19,18,18
2042,19,15,2
2043,19,6,14
2044,19,14,19
2045,19,6,14
2046,19,19,8
2047,19,13,3
2048,19,18,18
2049,19,1,17
2050,19,13,3
2051,19,18,18
2052,19,11,15
2053,19,17,4
2054,19,17,4
2055,19,15,2
2056,19,17,4
2057,19,8,9
2058,19,14,19
2059,19,0,7
2060,19,1,17
2061,19,15,2
2062,19,17,4
2063,19,15,2
2064,19,18,18
2065,19,17,4
2066,19,1,17
2067,19,7,11
2068,19,1,17
2069,19,14,19
2070,19,14,19
2071,19,2,10
2072,19,16,0
2073,19,14,19
2074,19,17,4
2075,19,3,6
2076,19,18,18
2077,19,18,18
2078,19,15,2
2079,19,13,3
2080,19,14,19
2081,19,2,10
2082,19,0,7
2083,19,12,5
2084,19,12,5
2085,19,17,4
2086,19,15,2
2087,19,0,7
2088,19,0,7
2089,19,16,0
2090,19,1,17
2091,19,1,17
2092,19,18,18
2093,19,18,18
2094,19,1,17
2095,19,18,18
2096,19,17,4
2097,19,7,11
2098,19,2,10
2099,19,3,6
2100,19,10,16
2101,19,2,10
2102,19,2,10
2103,19,15,2
2104,19,4,1
2105,19,10,16
2106,19,17,4
2107,19,2,10
2108,19,0,7
2109,19,18,18
2110,19,2,10
2111,19,12,5
2112,19,0,7
2113,19,18,18
2114,19,17,4
2115,19,12,5
2116,19,18,18
2117,19,1,17
2118,19,1,17
2119,19,17,4
2120,19,2,10
2121,19,18,18
2122,19,8,9
2123,19,8,9
2124,19,10,16
2125,19,3,6
2126,19,1,17
2127,19,0,7
2128,19,7,11
2129,19,11,15
2130,19,17,4
2131,19,18,18
2132,19,7,11
2133,19,18,18
2134,19,18,18
2135,19,0,7
2136,19,3,6
2137,19,7,11
2138,19,3,6
2139,19,18,18
2140,19,2,10
2141,19,17,4
2142,19,5,13
2143,19,1,17
2144,19,4,1
2145,19,9,12
2146,19,7,11
2147,19,1,17
2148,19,1,17
2149,19,2,10
2150,19,3,6
2151,19,17,4
2152,19,11,15
2153,19,1,17
2154,19,15,2
2155,19,3,6
2156,19,17,4
2157,19,8,9
2158,19,3,6
2159,19,14,19
2160,19,0,7
2161,19,19,8
2162,19,2,10
2163,19,3,6
2164,19,2,10
2165,19,15,2
2166,19,15,2
2167,19,18,18
2168,19,18,18
2169,19,19,8
2170,19,14,19
2171,19,1,17
2172,19,16,0
2173,19,18,18
2174,19,15,2
2175,19,0,7
2176,19,12,5
2177,19,5,13
2178,19,10,16
2179,19,10,16
2180,19,3,6
2181,19,3,6
2182,19,6,14
2183,19,2,10
2184,19,16,0
2185,19,16,0
2186,19,9,12
2187,19,11,15
2188,19,4,1
2189,19,2,10
2190,19,14,19
2191,19,12,5
2192,19,14,19
2193,19,5,13
2194,19,14,19
2195,19,16,0
2196,19,2,10
2197,19,2,10
2198,19,6,14
2199,19,17,4
2200,2,3,6
2201,2,13,3
2202,2,12,5
2203,2,12,5
2204,2,0,7
2205,2,2,10
2206,2,1,17
2207,2,3,6
2208,2,15,2
2209,2,6,14
2210,2,1,17
2211,2,1,17
2212,2,2,10
2213,2,1,17
2214,2,9,12
2215,2,17,4
2216,2,18,18
2217,2,2,10
2218,2,2,10
2219,2,7,11
2220,2,2,10
2221,2,8,9
2222,2,2,10
2223,2,1,17
2224,2,14,19
2225,2,10,16
2226,2,2,10
2227,2,1,17
2228,2,17,4
2229,2,9,12
2230,2,18,18
2231,2,2,10
2232,2,18,18
2233,2,7,11
2234,2,9,12
2235,2,2,10
2236,2,12,5
2237,2,0,7
2238,2,15,2
2239,2,1,17
2240,2,17,4
2241,2,8,9
2242,2,10,16
2243,2,3,6
2244,2,1,17
2245,2,11,15
2246,2,2,10
2247,2,4,1
2248,2,17,4
2249,2,18,18
2250,2,0,7
2251,2,18,18
2252,2,2,10
2253,2,0,7
2254,2,0,7
2255,2,18,18
2256,2,19,8
2257,2,18,18
2258,2,1,17
2259,2,8,9
2260,2,2,10
2261,2,1,17
2262,2,15,2
2263,2,7,11
2264,2,17,4
2265,2,17,4
2266,2,6,14
2267,2,12,5
2268,2,15,2
2269,2,2,10
2270,2,18,18
2271,2,9,12
2272,2,6,14
2273,2,0,7
2274,2,14,19
2275,2,18,18
2276,2,18,18
2277,2,5,13
2278,2,18,18
2279,2,1,17
2280,2,17,4
2281,2,2,10
2282,2,1,17
2283,2,15,2
2284,2,17,4
2285,2,12,5
2286,2,10,16
2287,2,4,1
2288,2,7,11
2289,2,18,18
2290,2,17,4
2291,2,17,4
2292,2,18,18
2293,2,14,19
2294,2,16,0
2295,2,3,6
2296,2,18,18
2297,2,1,17
2298,2,1,17
2299,2,14,19
2300,2,6,14
2301,2,10,16
2302,2,18,18
2303,2,1,17
2304,2,2,10
2305,2,17,4
2306,2,12,5
2307,2,0,7
2308,2,11,15
2309,2,18,18
2310,2,5,13
2311,2,1,17
2312,2,6,14
2313,2,18,18
2314,2,15,2
2315,2,2,10
2316,2,2,10
2317,2,13,3
2318,2,18,18
2319,2,10,16
2320,2,15,2
2321,2,19,8
2322,2,4,1
2323,2,8,9
2324,2,1,17
2325,2,1,17
2326,2,18,18
2327,2,4,1
2328,2,2,10
2329,2,1,17
2330,2,2,10
2331,2,1,17
2332,2,8,9
2333,2,15,2
2334,2,0,7
2335,2,10,16
2336,2,8,9
2337,2,0,7
2338,2,12,5
2339,2,4,1
2340,2,11,15
2341,2,3,6
2342,2,2,10
2343,2,19,8
2344,2,16,0
2345,2,3,6
2346,2,2,10
2347,2,17,4
2348,2,0,7
2349,2,17,4
2350,2,18,18
2351,2,14,19
2352,2,2,10
2353,2,4,1
2354,2,0,7
2355,2,3,6
2356,2,2,10
2357,2,0,7
2358,2,17,4
2359,2,3,6
2360,2,0,7
2361,2,3,6
2362,2,15,2
2363,2,10,16
2364,2,3,6
2365,2,9,12
2366,2,7,11
2367,2,17,4
2368,2,13,3
2369,2,0,7
2370,2,11,15
2371,2,18,18
2372,2,18,18
2373,2,10,16
2374,2,4,1
2375,2,0,7
2376,2,18,18
2377,2,18,18
2378,2,0,7
2379,2,10,16
2380,2,18,18
2381,2,18,18
2382,2,18,18
2383,2,0,7
2384,2,3,6
2385,2,18,18
2386,2,6,14
2387,2,16,0
2388,2,12,5
2389,2,13,3
2390,2,19,8
2391,2,19,8
2392,2,2,10
2393,2,2,10
2394,2,7,11
2395,2,1,17
2396,2,19,8
2397,2,1,17
2398,2,2,10
2399,2,2,10
2400,2,18,18
2401,2,11,15
2402,2,3,6
2403,2,3,6
2404,2,6,14
2405,2,11,15
2406,2,17,4
2407,2,3,6
2408,2,8,9
2409,2,16,0
2410,2,4,1
2411,2,17,4
2412,2,1,17
2413,2,11,15
2414,2,18,18
2415,2,17,4
2416,2,17,4
2417,2,2,10
2418,2,11,15
2419,2,15,2
2420,2,1,17
2421,2,11,15
2422,2,15,2
2423,2,7,11
2424,2,15,2
2425,2,12,5
2426,2,0,7
2427,2,17,4
2428,2,16,0
2429,2,15,2
2430,2,3,6
2431,2,10,16
2432,2,2,10
2433,2,11,15
2434,2,11,15
2435,2,18,18
2436,2,3,6
2437,2,0,7
2438,2,8,9
2439,2,2,10
2440,2,18,18
2441,2,10,16
2442,2,15,2
2443,2,6,14
2444,2,18,18
2445,2,1,17
2446,2,0,7
2447,2,1,17
2448,2,18,18
2449,2,4,1
2450,2,16,0
2451,2,18,18
2452,2,7,11
2453,2,2,10
2454,2,12,5
2455,2,17,4
2456,2,19,8
2457,2,7,11
2458,2,3,6
2459,2,6,14
2460,2,15,2
2461,2,10,16
2462,2,0,7
2463,2,0,7
2464,2,18,18
2465,2,6,14
2466,2,2,10
2467,2,19,8
2468,2,18,18
2469,2,5,13
2470,2,3,6
2471,2,3,6
2472,2,16,0
2473,2,17,4
2474,2,6,14
2475,2,1,17
2476,2,17,4
2477,2,6,14
2478,2,3,6
2479,2,11,15
2480,2,6,14
2481,2,17,4
2482,2,17,4
2483,2,19,8
2484,2,5,13
2485,2,0,7
2486,2,17,4
2487,2,2,10
2488,2,7,11
2489,2,2,10
2490,2,17,4
2491,2,9,12
2492,2,0,7
2493,2,18,18
2494,2,17,4
2495,2,13,3
2496,2,17,4
2497,2,0,7
2498,2,18,18
2499,2,3,6
2500,2,15,2
2501,2,16,0
2502,2,2,10
2503,2,0,7
2504,2,2,10
2505,2,8,9
2506,2,11,15
2507,2,19,8
2508,2,15,2
2509,2,18,18
2510,2,17,4
2511,2,5,13
2512,2,3,6
2513,2,18,18
2514,2,0,7
2515,2,11,15
2516,2,15,2
2517,2,5,13
2518,2,9,12
2519,2,4,1
2520,2,10,16
2521,2,10,16
2522,2,3,6
2523,2,18,18
2524,2,0,7
2525,2,15,2
2526,2,0,7
2527,2,18,18
2528,2,2,10
2529,2,1,17
2530,2,3,6
2531,2,17,4
2532,2,16,0
2533,2,18,18
2534,2,12,5
2535,2,2,10
2536,2,8,9
2537,2,18,18
2538,2,13,3
2539,2,10,16
2540,2,11,15
2541,2,18,18
2542,2,16,0
2543,2,1,17
2544,2,9,12
2545,2,11,15
2546,2,13,3
2547,2,17,4
2548,2,18,18
2549,2,10,16
2550,2,2,10
2551,2,16,0
2552,2,3,6
2553,2,15,2
2554,2,15,2
2555,2,2,10
2556,2,2,10
2557,2,13,3
2558,2,17,4
2559,2,16,0
2560,2,10,16
2561,2,2,10
2562,2,19,8
2563,2,1,17
2564,2,2,10
2565,2,6,14
2566,2,18,18
2567,2,2,10
2568,2,18,18
2569,2,1,17
2570,2,7,11
2571,2,10,16
2572,2,18,18
2573,2,1,17
2574,2,0,7
2575,2,18,18
2576,2,8,9
2577,2,15,2
2578,2,17,4
2579,2,18,18
2580,2,1,17
2581,2,2,10
2582,2,0,7
2583,2,15,2
2584,2,18,18
2585,2,18,18
2586,2,7,11
2587,2,15,2
2588,2,2,10
2589,2,18,18
2590,2,12,5
2591,2,1,17
2592,2,17,4
2593,2,3,6
2594,2,2,10
2595,2,2,10
2596,2,2,10
2597,2,19,8
2598,2,2,10
2599,2,9,12
2600,2,18,18
2601,2,17,4
2602,2,2,10
2603,2,15,2
2604,2,8,9
2605,2,17,4
2606,2,3,6
2607,2,18,18
2608,2,10,16
2609,2,1,17
2610,2,18,18
2611,2,11,15
2612,2,0,7
2613,2,10,16
2614,2,18,18
2615,2,12,5
2616,2,16,0
2617,2,18,18
2618,2,18,18
2619,2,18,18
2620,2,1,17
2621,2,14,19
2622,2,7,11
2623,2,15,2
2624,2,2,10
2625,2,1,17
2626,2,14,19
2627,2,2,10
2628,2,2,10
2629,2,18,18
2630,2,3,6
2631,2,0,7
2632,2,3,6
2633,2,2,10
2634,2,18,18
2635,2,16,0
2636,2,12,5
2637,2,2,10
2638,2,0,7
2639,2,3,6
2640,2,2,10
2641,2,18,18
2642,2,1,17
2643,2,3,6
2644,2,14,19
2645,2,9,12
2646,2,1,17
2647,2,13,3
2648,2,15,2
2649,2,1,17
2650,2,18,18
2651,2,5,13
2652,2,13,3
2653,2,3,6
2654,2,18,18
2655,2,2,10
2656,2,3,6
2657,2,18,18
2658,2,1,17
2659,2,2,10
2660,2,18,18
2661,2,18,18
2662,2,10,16
2663,2,2,10
2664,2,18,18
2665,2,14,19
2666,2,19,8
2667,0,1,17
2668,0,2,10
2669,0,15,2
2670,0,17,4
2671,0,18,18
2672,0,18,18
2673,0,10,16
2674,0,3,6
2675,0,3,6
2676,0,3,6
2677,0,14,19
2678,0,2,10
2679,0,16,0
2680,0,14,19
2681,0,0,7
2682,0,9,12
2683,0,3,6
2684,0,0,7
2685,0,2,10
2686,0,18,18
2687,0,14,19
2688,0,3,6
2689,0,17,4
2690,0,2,10
2691,0,10,16
2692,0,16,0
2693,0,18,18
2694,0,19,8
2695,0,16,0
2696,0,6,14
2697,0,7,11
2698,0,2,10
2699,0,18,18
2700,0,18,18
2701,0,1,17
2702,0,18,18
2703,0,18,18
2704,0,16,0
2705,0,3,6
2706,0,8,9
2707,0,18,18
2708,0,18,18
2709,0,18,18
2710,0,12,5
2711,0,3,6
2712,0,1,17
2713,0,18,18
2714,0,14,19
2715,0,6,14
2716,0,1,17
2717,0,10,16
2718,0,13,3
2719,0,3,6
2720,0,0,7
2721,0,2,10
2722,0,8,9
2723,0,15,2
2724,0,1,17
2725,0,11,15
2726,0,18,18
2727,0,3,6
2728,0,0,7
2729,0,2,10
2730,0,15,2
2731,0,3,6
2732,0,18,18
2733,0,3,6
2734,0,18,18
2735,0,18,18
2736,0,16,0
2737,0,15,2
2738,0,18,18
2739,0,18,18
2740,0,7,11
2741,0,3,6
2742,0,1,17
2743,0,17,4
2744,0,9,12
2745,0,10,16
2746,0,1,17
2747,0,2,10
2748,0,3,6
2749,0,1,17
2750,0,16,0
2751,0,17,4
2752,0,17,4
2753,0,10,16
2754,0,16,0
2755,0,3,6
2756,0,1,17
2757,0,0,7
2758,0,2,10
2759,0,1,17
2760,0,3,6
2761,0,15,2
2762,0,6,14
2763,0,17,4
2764,0,8,9
2765,0,2,10
2766,17,18,18
2767,17,17,4
2768,17,3,6
2769,17,1,17
2770,17,17,4
2771,17,2,10
2772,17,13,3
2773,17,17,4
2774,17,2,10
2775,17,18,18
2776,17,0,7
2777,17,0,7
2778,17,3,6
2779,17,2,10
2780,17,9,12
2781,17,18,18
2782,17,1,17
2783,17,1,17
2784,17,1,17
2785,17,0,7
2786,17,16,0
2787,17,3,6
2788,17,18,18
2789,17,18,18
2790,17,3,6
2791,17,18,18
2792,17,10,16
2793,17,1,17
2794,17,3,6
2795,17,15,2
2796,17,14,19
2797,17,18,18
2798,17,1,17
2799,17,7,11
2800,17,1,17
2801,17,18,18
2802,17,1,17
2803,17,15,2
2804,17,1,17
2805,17,18,18
2806,17,8,9
2807,17,1,17
2808,17,7,11
2809,17,18,18
2810,17,7,11
2811,17,18,18
2812,17,18,18
2813,17,3,6
2814,17,1,17
2815,17,3,6
2816,17,16,0
2817,17,2,10
2818,17,15,2
2819,17,10,16
2820,17,18,18
2821,17,10,16
2822,17,3,6
2823,17,18,18
2824,17,1,17
2825,17,3,6
2826,17,18,18
2827,17,18,18
2828,17,18,18
2829,17,16,0
2830,17,1,17
2831,17,2,10
2832,17,15,2
2833,17,15,2
2834,17,10,16
2835,17,18,18
2836,17,17,4
2837,17,5,13
2838,17,3,6
2839,17,2,10
2840,17,2,10
2841,17,2,10
2842,17,2,10
2843,17,3,6
2844,17,16,0
2845,17,15,2
2846,17,3,6
2847,17,2,10
2848,17,6,14
2849,17,16,0
2850,17,19,8
2851,17,18,18
2852,17,18,18
2853,17,3,6
2854,17,7,11
2855,17,15,2
2856,17,18,18
2857,17,14,19
2858,17,16,0
2859,17,18,18
2860,17,18,18
2861,17,2,10
2862,17,15,2
2863,17,12,5
2864,17,3,6
2865,17,2,10
2866,17,18,18
2867,17,3,6
2868,17,10,16
2869,17,0,7
2870,17,1,17
2871,17,1,17
2872,17,16,0
2873,17,18,18
2874,17,18,18
2875,17,15,2
2876,17,1,17
2877,17,14,19
2878,17,8,9
2879,17,2,10
2880,17,2,10
2881,17,11,15
2882,17,18,18
2883,17,2,10
2884,17,10,16
2885,17,17,4
2886,17,18,18
2887,17,17,4
2888,17,1,17
2889,17,1,17
2890,17,17,4
2891,17,17,4
2892,17,2,10
2893,17,1,17
2894,17,1,17
2895,17,17,4
2896,17,6,14
2897,17,3,6
2898,17,18,18
2899,17,10,16
2900,17,13,3
2901,17,10,16
2902,17,14,19
2903,17,0,7
2904,17,11,15
2905,17,18,18
2906,17,0,7
2907,17,18,18
2908,17,14,19
2909,17,16,0
2910,17,1,17
2911,17,1,17
2912,17,0,7
2913,17,18,18
2914,17,1,17
2915,17,11,15
2916,17,5,13
2917,17,3,6
2918,17,1,17
2919,17,11,15
2920,17,6,14
2921,17,0,7
2922,17,2,10
2923,17,10,16
2924,17,2,10
2925,17,18,18
2926,17,15,2
2927,17,6,14
2928,17,13,3
2929,17,11,15
2930,17,2,10
2931,17,2,10
2932,17,8,9
2933,17,15,2
2934,17,18,18
2935,17,15,2
2936,17,2,10
2937,17,1,17
2938,17,0,7
2939,17,10,16
2940,17,16,0
2941,17,3,6
2942,17,8,9
2943,17,3,6
2944,17,16,0
2945,17,8,9
2946,17,10,16
2947,17,2,10
2948,17,10,16
2949,17,18,18
2950,17,16,0
2951,17,14,19
2952,17,14,19
2953,17,6,14
2954,17,15,2
2955,17,16,0
2956,17,1,17
2957,17,1,17
2958,17,18,18
2959,17,18,18
2960,17,2,10
2961,17,3,6
2962,17,2,10
2963,17,2,10
2964,17,16,0
2965,17,1,17
2966,17,18,18
2967,17,18,18
2968,17,1,17
2969,17,3,6
2970,17,18,18
2971,17,18,18
2972,17,1,17
2973,17,17,4
2974,17,7,11
2975,17,15,2
2976,17,6,14
2977,17,0,7
2978,17,1,17
2979,17,1,17
2980,17,15,2
2981,17,8,9
2982,17,3,6
2983,17,1,17
2984,17,2,10
2985,17,15,2
2986,17,15,2
2987,17,3,6
2988,17,2,10
2989,17,18,18
2990,17,18,18
2991,17,1,17
2992,17,14,19
2993,17,1,17
2994,17,13,3
2995,17,2,10
2996,17,12,5
2997,17,18,18
2998,17,15,2
2999,17,16,0
3000,17,10,16
3001,17,2,10
3002,17,0,7
3003,17,1,17
3004,17,1,17
3005,17,6,14
3006,17,18,18
3007,17,18,18
3008,17,3,6
3009,17,18,18
3010,17,14,19
3011,17,13,3
3012,17,0,7
3013,17,17,4
3014,17,3,6
3015,17,14,19
3016,17,14,19
3017,17,3,6
3018,17,3,6
3019,17,7,11
3020,17,17,4
3021,17,18,18
3022,17,0,7
3023,17,1,17
3024,17,1,17
3025,17,2,10
3026,17,3,6
3027,17,14,19
3028,17,2,10
3029,17,3,6
3030,17,8,9
3031,17,16,0
3032,17,2,10
3033,17,18,18
3034,17,18,18
3035,17,16,0
3036,17,1,17
3037,17,18,18
3038,17,18,18
3039,17,3,6
3040,17,2,10
3041,17,18,18
3042,17,18,18
3043,17,18,18
3044,17,13,3
3045,17,18,18
3046,17,12,5
3047,17,7,11
3048,17,0,7
3049,17,0,7
3050,17,3,6
3051,17,3,6
3052,17,6,14
3053,17,18,18
3054,17,18,18
3055,17,18,18
3056,17,0,7
3057,17,3,6
3058,17,18,18
3059,17,3,6
3060,17,18,18
3061,17,3,6
3062,17,18,18
3063,17,2,10
3064,17,6,14
3065,17,18,18
3066,17,18,18
3067,17,17,4
3068,17,18,18
3069,17,18,18
3070,17,0,7
3071,17,18,18
3072,17,18,18
3073,17,17,4
3074,17,15,2
3075,17,1,17
3076,17,2,10
3077,17,1,17
3078,17,6,14
3079,17,1,17
3080,17,17,4
3081,17,15,2
3082,17,3,6
3083,17,3,6
3084,17,18,18
3085,17,3,6
3086,17,18,18
3087,17,18,18
3088,17,2,10
3089,17,3,6
3090,17,18,18
3091,17,2,10
3092,17,10,16
3093,17,1,17
3094,17,19,8
3095,17,18,18
3096,17,1,17
3097,17,15,2
3098,17,6,14
3099,17,3,6
3100,17,6,14
3101,17,10,16
3102,17,18,18
3103,17,16,0
3104,17,0,7
3105,17,1,17
3106,17,18,18
3107,17,7,11
3108,17,1,17
3109,17,18,18
3110,17,18,18
3111,17,1,17
3112,17,17,4
3113,17,18,18
3114,17,18,18
3115,17,2,10
3116,17,7,11
3117,17,1,17
3118,17,3,6
3119,17,18,18
3120,17,18,18
3121,17,1,17
3122,17,3,6
3123,17,18,18
3124,17,1,17
3125,17,8,9
3126,17,12,5
3127,17,12,5
3128,17,18,18
3129,17,17,4
3130,17,3,6
3131,17,14,19
3132,17,18,18
3133,17,1,17
3134,17,19,8
3135,17,18,18
3136,17,1,17
3137,17,9,12
3138,17,3,6
3139,17,16,0
3140,17,2,10
3141,17,1,17
3142,17,3,6
3143,17,2,10
3144,17,1,17
3145,17,17,4
3146,17,15,2
3147,17,15,2
3148,17,2,10
3149,17,1,17
3150,17,11,15
3151,17,18,18
3152,17,2,10
3153,17,0,7
3154,17,18,18
3155,17,10,16
3156,17,18,18
3157,17,17,4
3158,17,1,17
3159,17,15,2
3160,17,3,6
3161,17,10,16
3162,17,16,0
3163,17,14,19
3164,17,18,18
3165,17,17,4
3166,17,18,18
3167,17,16,0
3168,17,18,18
3169,17,18,18
3170,17,2,10
3171,17,16,0
3172,17,18,18
3173,17,18,18
3174,17,2,10
3175,17,8,9
3176,17,18,18
3177,17,18,18
3178,17,2,10
3179,17,1,17
3180,17,3,6
3181,17,2,10
3182,17,18,18
3183,17,3,6
3184,17,12,5
3185,17,18,18
3186,17,0,7
3187,17,15,2
3188,17,18,18
3189,17,12,5
3190,17,18,18
3191,17,3,6
3192,17,18,18
3193,17,17,4
3194,17,2,10
3195,17,18,18
3196,17,1,17
3197,17,18,18
3198,17,6,14
3199,17,2,10
3200,17,7,11
3201,17,3,6
3202,17,16,0
3203,17,12,5
3204,17,2,10
3205,17,18,18
3206,17,18,18
3207,17,18,18
3208,17,3,6
3209,17,19,8
3210,17,16,0
3211,17,3,6
3212,17,2,10
3213,17,2,10
3214,17,18,18
3215,17,16,0
3216,17,19,8
3217,17,2,10
3218,17,18,18
3219,17,15,2
3220,17,15,2
3221,17,18,18
3222,17,0,7
3223,17,18,18
3224,17,19,8
3225,17,14,19
3226,17,2,10
3227,17,18,18
3228,17,8,9
3229,17,3,6
3230,17,18,18
3231,17,18,18
3232,17,10,16
3233,17,16,0
3234,17,18,18
3235,17,18,18
3236,17,10,16
3237,17,15,2
3238,17,1,17
3239,17,6,14
3240,17,15,2
3241,17,10,16
3242,17,2,10
3243,17,12,5
3244,17,2,10
3245,17,18,18
3246,17,18,18
3247,17,16,0
3248,17,10,16
3249,17,18,18
3250,17,16,0
3251,17,18,18
3252,17,10,16
3253,17,18,18
3254,17,10,16
3255,17,18,18
3256,17,14,19
3257,17,1,17
3258,17,2,10
3259,17,6,14
3260,17,18,18
3261,17,5,13
3262,17,3,6
3263,17,18,18
3264,17,16,0
3265,17,18,18
3266,17,2,10
3267,17,1,17
3268,17,7,11
3269,17,6,14
3270,17,16,0
3271,17,3,6
3272,17,0,7
3273,17,18,18
3274,17,18,18
3275,17,15,2
3276,17,18,18
3277,17,18,18
3278,17,18,18
3279,17,1,17
3280,17,18,18
3281,17,12,5
3282,17,15,2
3283,17,10,16
3284,17,18,18
3285,17,15,2
3286,17,6,14
3287,17,14,19
3288,17,10,16
3289,17,18,18
3290,17,13,3
3291,17,1,17
3292,17,1,17
3293,17,2,10
3294,17,17,4
3295,17,17,4
3296,17,2,10
3297,17,16,0
3298,17,18,18
3299,17,15,2
3300,17,2,10
3301,17,1,17
3302,17,1,17
3303,17,10,16
3304,17,18,18
3305,17,0,7
3306,17,5,13
3307,17,1,17
3308,17,18,18
3309,17,18,18
3310,17,18,18
3311,17,1,17
3312,17,1,17
3313,17,12,5
3314,17,8,9
3315,17,18,18
3316,17,15,2
3317,17,2,10
3318,17,0,7
3319,17,15,2
3320,17,2,10
3321,17,18,18
3322,17,7,11
3323,17,2,10
3324,17,12,5
3325,17,1,17
3326,17,13,3
3327,17,18,18
3328,17,18,18
3329,17,18,18
3330,17,18,18
3331,17,3,6
3332,17,17,4
3333,17,15,2
3334,17,7,11
3335,17,19,8
3336,17,15,2
3337,17,11,15
3338,17,15,2
3339,17,19,8
3340,17,1,17
3341,17,2,10
3342,17,2,10
3343,17,18,18
3344,17,0,7
3345,17,0,7
3346,17,1,17
3347,17,18,18
3348,17,1,17
3349,17,11,15
3350,17,16,0
3351,17,18,18
3352,17,17,4
3353,17,9,12
3354,17,1,17
3355,17,2,10
3356,17,8,9
3357,17,18,18
3358,17,14,19
3359,17,2,10
3360,17,2,10
3361,17,1,17
3362,17,2,10
3363,17,1,17
3364,17,0,7
3365,17,18,18
3366,17,18,18
3367,17,13,3
3368,17,15,2
3369,17,0,7
3370,17,6,14
3371,17,10,16
3372,17,6,14
3373,17,3,6
3374,17,18,18
3375,17,3,6
3376,17,10,16
3377,17,15,2
3378,17,18,18
3379,17,14,19
3380,17,19,8
3381,17,2,10
3382,17,3,6
3383,17,14,19
3384,17,2,10
3385,17,17,4
3386,17,2,10
3387,17,2,10
3388,17,1,17
3389,17,18,18
3390,17,16,0
3391,17,17,4
3392,17,15,2
3393,17,18,18
3394,17,18,18
3395,17,18,18
3396,17,6,14
3397,17,18,18
3398,17,1,17
3399,17,2,10
3400,17,7,11
3401,17,2,10
3402,17,16,0
3403,17,3,6
3404,17,15,2
3405,17,16,0
3406,17,1,17
3407,17,1,17
3408,17,2,10
3409,17,7,11
3410,17,2,10
3411,17,3,6
3412,17,1,17
3413,17,1,17
3414,17,16,0
3415,17,15,2
3416,17,2,10
3417,17,14,19
3418,17,15,2
3419,17,14,19
3420,17,18,18
3421,17,1,17
3422,17,15,2
3423,17,18,18
3424,17,7,11
3425,17,1,17
3426,17,15,2
3427,17,0,7
3428,17,1,17
3429,17,10,16
3430,17,1,17
3431,17,8,9
3432,17,2,10
3433,17,14,19
3434,17,12,5
3435,17,1,17
3436,17,3,6
3437,17,18,18
3438,17,8,9
3439,17,16,0
3440,17,0,7
3441,17,3,6
3442,17,1,17
3443,17,2,10
3444,17,2,10
3445,17,17,4
3446,17,1,17
3447,17,19,8
3448,17,3,6
3449,17,0,7
3450,17,18,18
3451,17,1,17
3452,17,3,6
3453,17,18,18
3454,17,18,18
3455,17,3,6
3456,17,6,14
3457,17,16,0
3458,17,15,2
3459,17,16,0
3460,17,18,18
3461,17,10,16
3462,17,18,18
3463,17,2,10
3464,17,18,18
3465,17,18,18
3466,17,15,2
3467,17,15,2
3468,17,11,15
3469,17,18,18
3470,17,10,16
3471,17,1,17
3472,17,1,17
3473,17,7,11
3474,17,6,14
3475,17,11,15
3476,17,4,1
3477,17,7,11
3478,17,15,2
3479,17,3,6
3480,17,3,6
3481,17,8,9
3482,17,2,10
3483,17,2,10
3484,17,16,0
3485,17,3,6
3486,17,14,19
3487,17,8,9
3488,17,1,17
3489,17,2,10
3490,17,1,17
3491,17,2,10
3492,17,3,6
3493,17,1,17
3494,17,15,2
3495,17,18,18
3496,17,16,0
3497,17,16,0
3498,17,2,10
3499,17,14,19
3500,17,2,10
3501,17,18,18
3502,17,12,5
3503,17,1,17
3504,17,3,6
3505,17,14,19
3506,17,18,18
3507,17,19,8
3508,17,15,2
3509,17,8,9
3510,17,18,18
3511,17,15,2
3512,17,2,10
3513,17,18,18
3514,17,18,18
3515,17,3,6
3516,17,10,16
3517,17,1,17
3518,17,16,0
3519,17,17,4
3520,17,18,18
3521,17,0,7
3522,17,18,18
3523,17,11,15
3524,17,18,18
3525,17,2,10
3526,17,18,18
3527,17,18,18
3528,17,3,6
3529,17,0,7
3530,17,6,14
3531,17,15,2
3532,17,0,7
3533,17,3,6
3534,17,2,10
3535,17,17,4
3536,17,17,4
3537,17,15,2
3538,17,1,17
3539,17,18,18
3540,17,18,18
3541,17,15,2
3542,17,6,14
3543,17,2,10
3544,17,9,12
3545,17,2,10
3546,17,12,5
3547,17,2,10
3548,17,2,10
3549,17,2,10
3550,17,3,6
3551,17,13,3
3552,17,4,1
3553,17,8,9
3554,17,1,17
3555,17,6,14
3556,17,15,2
3557,17,16,0
3558,17,17,4
3559,17,18,18
3560,17,2,10
3561,17,2,10
3562,17,18,18
3563,17,1,17
3564,17,3,6
3565,17,1,17
3566,17,17,4
3567,17,14,19
3568,17,5,13
3569,17,1,17
3570,17,2,10
3571,17,18,18
3572,17,1,17
3573,17,3,6
3574,17,2,10
3575,17,18,18
3576,17,10,16
3577,17,4,1
3578,17,15,2
3579,17,17,4
3580,17,3,6
3581,17,0,7
3582,17,18,18
3583,17,1,17
3584,17,0,7
3585,17,15,2
3586,17,14,19
3587,17,14,19
3588,17,16,0
3589,17,6,14
3590,17,18,18
3591,17,16,0
3592,17,15,2
3593,17,3,6
3594,17,14,19
3595,17,15,2
3596,17,2,10
3597,17,18,18
3598,17,15,2
3599,17,1,17
3600,17,18,18
3601,17,17,4
3602,17,3,6
3603,17,19,8
3604,17,10,16
3605,17,2,10
3606,17,17,4
3607,17,18,18
3608,17,3,6
3609,17,2,10
3610,17,2,10
3611,17,18,18
3612,17,3,6
3613,17,0,7
3614,17,18,18
3615,17,18,18
3616,17,17,4
3617,17,3,6
3618,17,14,19
3619,17,18,18
3620,17,10,16
3621,17,3,6
3622,17,1,17
3623,17,17,4
3624,17,1,17
3625,17,18,18
3626,17,15,2
3627,17,3,6
3628,17,3,6
3629,17,2,10
3630,17,0,7
3631,17,8,9
3632,17,18,18
3633,17,18,18
3634,17,3,6
3635,17,6,14
3636,17,1,17
3637,17,19,8
3638,17,1,17
3639,17,18,18
3640,17,1,17
3641,17,18,18
3642,17,2,10
3643,17,0,7
3644,17,16,0
3645,17,6,14
3646,17,0,7
3647,17,0,7
3648,17,16,0
3649,17,17,4
3650,17,14,19
3651,17,16,0
3652,17,3,6
3653,17,19,8
3654,17,3,6
3655,17,1,17
3656,17,18,18
3657,17,2,10
3658,17,2,10
3659,17,2,10
3660,17,11,15
3661,17,16,0
3662,17,7,11
3663,17,2,10
3664,17,0,7
3665,17,18,18
3666,17,1,17
3667,17,2,10
3668,17,17,4
3669,17,2,10
3670,17,3,6
3671,17,18,18
3672,17,0,7
3673,17,2,10
3674,17,2,10
3675,17,2,10
3676,17,3,6
3677,17,3,6
3678,17,0,7
3679,17,18,18
3680,17,18,18
3681,17,1,17
3682,17,9,12
3683,17,14,19
3684,17,8,9
3685,17,1,17
3686,17,18,18
3687,17,18,18
3688,17,17,4
3689,17,18,18
3690,17,14,19
3691,17,18,18
3692,17,11,15
3693,17,1,17
3694,17,1,17
3695,17,2,10
3696,17,18,18
3697,17,15,2
3698,17,1,17
3699,17,18,18
3700,17,3,6
3701,17,18,18
3702,17,3,6
3703,17,0,7
3704,17,18,18
3705,17,2,10
3706,17,15,2
3707,17,19,8
3708,17,3,6
3709,17,3,6
3710,17,18,18
3711,17,12,5
3712,17,0,7
3713,17,6,14
3714,17,16,0
3715,17,3,6
3716,17,18,18
3717,17,18,18
3718,17,18,18
3719,17,18,18
3720,17,3,6
3721,17,16,0
3722,17,8,9
3723,17,1,17
3724,17,4,1
3725,17,15,2
3726,17,18,18
3727,17,10,16
3728,17,2,10
3729,17,1,17
3730,17,2,10
3731,17,18,18
3732,17,1,17
3733,17,19,8
3734,17,12,5
3735,17,18,18
3736,17,18,18
3737,17,15,2
3738,17,0,7
3739,17,19,8
3740,17,16,0
3741,17,9,12
3742,17,18,18
3743,17,9,12
3744,17,2,10
3745,17,18,18
3746,17,1,17
3747,17,3,6
3748,17,9,12
3749,17,1,17
3750,17,15,2
3751,17,18,18
3752,17,3,6
3753,17,15,2
3754,17,1,17
3755,17,18,18
3756,17,0,7
3757,17,10,16
3758,17,15,2
3759,17,3,6
3760,17,6,14
3761,17,12,5
3762,17,4,1
3763,17,18,18
3764,17,18,18
3765,17,14,19
3766,17,2,10
3767,17,16,0
3768,17,18,18
3769,17,15,2
3770,17,18,18
3771,17,2,10
3772,17,2,10
3773,17,1,17
3774,17,18,18
3775,17,2,10
3776,17,0,7
3777,17,17,4
3778,17,0,7
3779,17,18,18
3780,17,12,5
3781,17,0,7
3782,17,13,3
3783,17,1,17
3784,17,2,10
3785,17,14,19
3786,17,13,3
3787,17,14,19
3788,17,18,18
3789,17,18,18
3790,17,14,19
3791,17,17,4
3792,17,15,2
3793,17,2,10
3794,17,3,6
3795,17,2,10
3796,17,15,2
3797,17,18,18
3798,17,2,10
3799,17,1,17
3800,17,1,17
3801,17,2,10
3802,17,3,6
3803,17,0,7
3804,17,10,16
3805,17,17,4
3806,17,2,10
3807,17,12,5
3808,17,1,17
3809,17,18,18
3810,17,1,17
3811,17,17,4
3812,17,15,2
3813,17,3,6
3814,17,1,17
3815,17,14,19
3816,17,15,2
3817,17,18,18
3818,17,15,2
3819,17,14,19
3820,17,18,18
3821,17,18,18
3822,17,2,10
3823,17,17,4
3824,17,1,17
3825,17,3,6
3826,17,18,18
3827,17,7,11
3828,17,17,4
3829,17,3,6
3830,17,18,18
3831,17,18,18
3832,17,2,10
3833,17,12,5
3834,17,2,10
3835,17,2,10
3836,17,18,18
3837,17,11,15
3838,17,2,10
3839,17,16,0
3840,17,15,2
3841,17,13,3
3842,17,18,18
3843,17,19,8
3844,17,3,6
3845,17,18,18
3846,17,3,6
3847,17,14,19
3848,17,16,0
3849,17,17,4
3850,17,2,10
3851,17,18,18
3852,17,14,19
3853,17,0,7
3854,17,2,10
3855,17,15,2
3856,17,18,18
3857,17,10,16
3858,17,18,18
3859,17,18,18
3860,17,0,7
3861,17,18,18
3862,17,5,13
3863,17,1,17
3864,17,18,18
3865,17,18,18
3866,17,18,18
3867,17,3,6
3868,17,18,18
3869,17,7,11
3870,17,14,19
3871,17,16,0
3872,17,19,8
3873,17,10,16
3874,17,15,2
3875,17,18,18
3876,17,18,18
3877,17,16,0
3878,17,18,18
3879,17,0,7
3880,17,3,6
3881,17,0,7
3882,17,16,0
3883,17,1,17
3884,17,18,18
3885,17,2,10
3886,17,18,18
3887,17,18,18
3888,17,2,10
3889,17,2,10
3890,17,0,7
3891,17,18,18
3892,17,18,18
3893,17,18,18
3894,17,16,0
3895,17,19,8
3896,17,15,2
3897,17,3,6
3898,17,8,9
3899,17,10,16
3900,17,18,18
3901,17,2,10
3902,17,18,18
3903,17,0,7
3904,17,3,6
3905,17,18,18
3906,17,18,18
3907,17,16,0
3908,17,2,10
3909,17,18,18
3910,17,9,12
3911,17,18,18
3912,17,18,18
3913,17,13,3
3914,17,16,0
3915,17,15,2
3916,17,17,4
3917,17,18,18
3918,17,18,18
3919,17,3,6
3920,17,15,2
3921,17,2,10
3922,17,17,4
3923,17,1,17
3924,17,17,4
3925,17,15,2
3926,17,3,6
3927,17,6,14
3928,17,17,4
3929,17,14,19
3930,17,18,18
3931,17,18,18
3932,17,12,5
3933,17,10,16
3934,17,14,19
3935,17,1,17
3936,17,18,18
3937,17,3,6
3938,17,0,7
3939,17,3,6
3940,17,3,6
3941,17,10,16
3942,17,1,17
3943,17,10,16
3944,17,3,6
3945,17,18,18
3946,17,17,4
3947,17,18,18
3948,17,10,16
3949,17,16,0
3950,18,18,18
3951,18,14,19
3952,18,2,10
3953,18,2,10
3954,18,3,6
3955,18,7,11
3956,18,1,17
3957,18,8,9
3958,18,16,0
3959,18,16,0
3960,18,18,18
3961,18,13,3
3962,18,3,6
3963,18,18,18
3964,18,18,18
3965,18,18,18
3966,18,3,6
3967,18,2,10
3968,18,1,17
3969,18,18,18
3970,18,15,2
3971,18,15,2
3972,18,16,0
3973,18,18,18
3974,18,17,4
3975,18,17,4
3976,18,3,6
3977,18,3,6
3978,18,15,2
3979,18,18,18
3980,18,3,6
3981,18,1,17
3982,18,2,10
3983,18,18,18
3984,18,1,17
3985,18,14,19
3986,18,10,16
3987,18,1,17
3988,18,2,10
3989,18,16,0
3990,18,9,12
3991,18,18,18
3992,18,18,18
3993,18,18,18
3994,18,8,9
3995,18,0,7
3996,18,15,2
3997,18,7,11
3998,18,18,18
3999,18,1,17
4000,18,18,18
4001,18,3,6
4002,18,18,18
4003,18,3,6
4004,18,3,6
4005,18,18,18
4006,18,19,8
4007,18,8,9
4008,18,15,2
4009,18,18,18
4010,18,18,18
4011,18,3,6
4012,18,1,17
4013,18,18,18
4014,18,4,1
4015,18,12,5
4016,18,2,10
4017,18,15,2
4018,18,1,17
4019,18,10,16
4020,18,1,17
4021,18,18,18
4022,18,2,10
4023,18,18,18
4024,18,10,16
4025,18,18,18
4026,18,12,5
4027,18,17,4
4028,18,1,17
4029,18,18,18
4030,18,18,18
4031,18,2,10
4032,18,15,2
4033,18,15,2
4034,18,8,9
4035,18,18,18
4036,18,18,18
4037,18,17,4
4038,18,3,6
4039,18,2,10
4040,18,2,10
4041,18,2,10
4042,18,2,10
4043,18,3,6
4044,18,18,18
4045,18,18,18
4046,18,1,17
4047,18,1,17
4048,18,11,15
4049,18,1,17
4050,18,18,18
4051,18,18,18
4052,18,2,10
4053,18,1,17
4054,18,17,4
4055,18,14,19
4056,18,8,9
4057,18,2,10
4058,18,18,18
4059,18,2,10
4060,18,18,18
4061,18,17,4
4062,18,1,17
4063,18,17,4
4064,18,1,17
4065,18,18,18
4066,18,16,0
4067,18,18,18
4068,18,14,19
4069,18,1,17
4070,18,3,6
4071,18,15,2
4072,18,0,7
4073,18,18,18
4074,18,18,18
4075,18,6,14
4076,18,18,18
4077,18,18,18
4078,18,18,18
4079,18,1,17
4080,18,1,17
4081,18,16,0
4082,18,2,10
4083,18,1,17
4084,18,2,10
4085,18,3,6
4086,18,18,18
4087,18,18,18
4088,18,18,18
4089,18,18,18
4090,18,1,17
4091,18,18,18
4092,18,2,10
4093,18,12,5
4094,18,18,18
4095,18,18,18
4096,18,1,17
4097,18,18,18
4098,18,0,7
4099,18,7,11
4100,18,18,18
4101,18,16,0
4102,18,18,18
4103,18,18,18
4104,18,15,2
4105,18,10,16
4106,18,18,18
4107,18,3,6
4108,18,15,2
4109,18,17,4
4110,18,18,18
4111,18,2,10
4112,18,18,18
4113,18,15,2
4114,18,1,17
4115,18,18,18
4116,18,8,9
4117,18,12,5
4118,18,17,4
4119,18,18,18
4120,18,2,10
4121,18,1,17
4122,18,1,17
4123,18,2,10
4124,18,18,18
4125,18,3,6
4126,18,1,17
4127,18,3,6
4128,18,17,4
4129,18,15,2
4130,18,1,17
4131,18,1,17
4132,18,3,6
4133,18,1,17
4134,18,18,18
4135,18,16,0
4136,18,14,19
4137,18,2,10
4138,18,3,6
4139,18,16,0
4140,18,18,18
4141,18,18,18
4142,18,18,18
4143,18,10,16
4144,18,2,10
4145,18,18,18
4146,18,18,18
4147,18,0,7
4148,18,2,10
4149,18,17,4
4150,18,14,19
4151,18,1,17
4152,18,3,6
4153,18,3,6
4154,18,18,18
4155,18,18,18
4156,18,1,17
4157,18,16,0
4158,18,8,9
4159,18,1,17
4160,18,18,18
4161,18,15,2
4162,18,2,10
4163,18,18,18
4164,18,3,6
4165,18,18,18
4166,18,15,2
4167,18,18,18
4168,18,1,17
4169,18,1,17
4170,18,2,10
4171,18,1,17
4172,18,16,0
4173,18,18,18
4174,18,19,8
4175,18,0,7
4176,18,2,10
4177,18,2,10
4178,18,18,18
4179,18,13,3
4180,18,1,17
4181,18,18,18
4182,18,18,18
4183,18,18,18
4184,18,18,18
4185,18,3,6
4186,18,16,0
4187,18,18,18
4188,18,3,6
4189,18,15,2
4190,18,3,6
4191,18,16,0
4192,18,19,8
4193,18,18,18
4194,18,1,17
4195,18,12,5
4196,18,2,10
4197,18,8,9
4198,18,3,6
4199,18,18,18
4200,18,3,6
4201,18,18,18
4202,18,8,9
4203,18,15,2
4204,18,6,14
4205,18,16,0
4206,18,0,7
4207,18,1,17
4208,18,3,6
4209,18,18,18
4210,18,3,6
4211,18,17,4
4212,18,1,17
4213,18,10,16
4214,18,12,5
4215,18,0,7
4216,18,2,10
4217,18,18,18
4218,18,18,18
4219,18,9,12
4220,18,2,10
4221,18,1,17
4222,18,11,15
4223,18,2,10
4224,18,17,4
4225,18,16,0
4226,18,3,6
4227,18,15,2
4228,18,10,16
4229,18,1,17
4230,18,1,17
4231,18,19,8
4232,18,18,18
4233,18,18,18
4234,18,14,19
4235,18,12,5
4236,18,11,15
4237,18,3,6
4238,18,6,14
4239,18,7,11
4240,18,14,19
4241,18,15,2
4242,18,18,18
4243,18,15,2
4244,18,8,9
4245,18,12,5
4246,18,14,19
4247,18,2,10
4248,18,19,8
4249,18,10,16
4250,18,18,18
4251,18,18,18
4252,18,18,18
4253,18,6,14
4254,18,17,4
4255,18,18,18
4256,18,18,18
4257,18,17,4
4258,18,4,1
4259,18,18,18
4260,18,18,18
4261,18,1,17
4262,18,18,18
4263,18,15,2
4264,18,18,18
4265,18,1,17
4266,18,18,18
4267,18,2,10
4268,18,18,18
4269,18,13,3
4270,18,0,7
4271,18,2,10
4272,18,15,2
4273,18,18,18
4274,18,0,7
4275,18,15,2
4276,18,2,10
4277,18,18,18
4278,18,18,18
4279,18,2,10
4280,18,16,0
4281,18,2,10
4282,18,17,4
4283,18,8,9
4284,18,15,2
4285,18,14,19
4286,18,18,18
4287,18,2,10
4288,18,2,10
4289,18,3,6
4290,18,18,18
4291,18,18,18
4292,18,3,6
4293,18,1,17
4294,18,1,17
4295,18,2,10
4296,18,0,7
4297,18,18,18
4298,18,13,3
4299,18,2,10
4300,18,15,2
4301,18,8,9
4302,18,16,0
4303,18,7,11
4304,18,0,7
4305,18,17,4
4306,18,18,18
4307,18,18,18
4308,18,18,18
4309,18,18,18
4310,18,3,6
4311,18,15,2
4312,18,2,10
4313,18,18,18
4314,18,18,18
4315,18,0,7
4316,18,15,2
4317,18,2,10
4318,18,2,10
4319,18,2,10
4320,18,1,17
4321,18,1,17
4322,18,2,10
4323,18,0,7
4324,18,18,18
4325,18,12,5
4326,18,13,3
4327,18,2,10
4328,18,18,18
4329,18,18,18
4330,18,0,7
4331,18,17,4
4332,18,2,10
4333,18,3,6
4334,18,18,18
4335,18,0,7
4336,18,3,6
4337,18,18,18
4338,18,10,16
4339,18,2,10
4340,18,18,18
4341,18,3,6
4342,18,18,18
4343,18,9,12
4344,18,8,9
4345,18,18,18
4346,18,1,17
4347,18,18,18
4348,18,0,7
4349,18,1,17
4350,18,18,18
4351,18,3,6
4352,18,2,10
4353,18,0,7
4354,18,8,9
4355,18,3,6
4356,18,15,2
4357,18,1,17
4358,18,18,18
4359,18,10,16
4360,18,1,17
4361,18,18,18
4362,18,18,18
4363,18,3,6
4364,18,18,18
4365,18,2,10
4366,18,18,18
4367,18,10,16
4368,18,18,18
4369,18,14,19
4370,18,17,4
4371,18,17,4
4372,18,16,0
4373,18,18,18
4374,18,18,18
4375,18,16,0
4376,18,7,11
4377,18,1,17
4378,18,16,0
4379,18,17,4
4380,18,13,3
4381,18,1,17
4382,18,3,6
4383,18,19,8
4384,18,1,17
4385,18,11,15
4386,18,18,18
4387,18,18,18
4388,18,1,17
4389,18,18,18
4390,18,3,6
4391,18,10,16
4392,18,15,2
4393,18,18,18
4394,18,18,18
4395,18,1,17
4396,18,16,0
4397,18,17,4
4398,18,18,18
4399,18,18,18
4400,18,2,10
4401,18,3,6
4402,18,0,7
4403,18,1,17
4404,18,2,10
4405,18,10,16
4406,18,3,6
4407,18,16,0
4408,18,1,17
4409,18,2,10
4410,18,2,10
4411,18,14,19
4412,18,18,18
4413,18,8,9
4414,18,1,17
4415,18,1,17
4416,18,3,6
4417,18,10,16
4418,18,7,11
4419,18,18,18
4420,18,1,17
4421,18,3,6
4422,18,1,17
4423,18,1,17
4424,18,11,15
4425,18,16,0
4426,18,7,11
4427,18,17,4
4428,18,15,2
4429,18,19,8
4430,18,14,19
4431,18,18,18
4432,18,18,18
4433,18,18,18
4434,18,18,18
4435,18,18,18
4436,18,18,18
4437,18,1,17
4438,18,3,6
4439,18,16,0
4440,18,18,18
4441,18,14,19
4442,18,8,9
4443,18,1,17
4444,18,15,2
4445,18,1,17
4446,18,7,11
4447,18,15,2
4448,18,1,17
4449,18,1,17
4450,18,1,17
4451,18,18,18
4452,18,10,16
4453,18,10,16
4454,18,1,17
4455,18,3,6
4456,18,17,4
4457,18,19,8
4458,18,2,10
4459,18,11,15
4460,18,16,0
4461,18,3,6
4462,18,18,18
4463,18,3,6
4464,18,17,4
4465,18,18,18
4466,18,0,7
4467,18,18,18
4468,18,15,2
4469,18,18,18
4470,18,18,18
4471,18,10,16
4472,18,16,0
4473,18,10,16
4474,18,2,10
4475,18,18,18
4476,18,16,0
4477,18,0,7
4478,18,18,18
4479,18,2,10
4480,18,1,17
4481,18,2,10
4482,18,18,18
4483,18,16,0
4484,18,2,10
4485,18,18,18
4486,18,17,4
4487,18,2,10
4488,18,18,18
4489,18,6,14
4490,18,0,7
4491,18,9,12
4492,18,3,6
4493,18,4,1
4494,18,19,8
4495,18,17,4
4496,18,8,9
4497,18,18,18
4498,18,18,18
4499,18,14,19
4500,18,6,14
4501,18,18,18
4502,18,18,18
4503,18,1,17
4504,18,18,18
4505,18,16,0
4506,18,2,10
4507,18,3,6
4508,18,17,4
4509,18,2,10
4510,18,3,6
4511,18,18,18
4512,18,16,0
4513,18,1,17
4514,18,1,17
4515,18,19,8
4516,18,10,16
4517,18,12,5
4518,18,1,17
4519,18,14,19
4520,18,18,18
4521,18,18,18
4522,18,3,6
4523,18,9,12
4524,18,17,4
4525,18,18,18
4526,18,18,18
4527,18,15,2
4528,18,1,17
4529,18,16,0
4530,18,8,9
4531,18,18,18
4532,18,18,18
4533,18,18,18
4534,18,1,17
4535,18,1,17
4536,18,2,10
4537,18,8,9
4538,18,10,16
4539,18,15,2
4540,18,8,9
4541,18,9,12
4542,18,18,18
4543,18,2,10
4544,18,16,0
4545,18,1,17
4546,18,15,2
4547,18,1,17
4548,18,18,18
4549,18,18,18
4550,18,10,16
4551,18,17,4
4552,18,15,2
4553,18,12,5
4554,18,18,18
4555,18,18,18
4556,18,10,16
4557,18,18,18
4558,18,15,2
4559,18,15,2
4560,18,6,14
4561,18,18,18
4562,18,14,19
4563,18,18,18
4564,18,7,11
4565,18,15,2
4566,18,15,2
4567,18,18,18
4568,18,15,2
4569,18,18,18
4570,18,17,4
4571,18,16,0
4572,18,10,16
4573,18,18,18
4574,18,2,10
4575,18,17,4
4576,18,14,19
4577,18,3,6
4578,18,18,18
4579,18,18,18
4580,18,10,16
4581,18,18,18
4582,18,18,18
4583,18,15,2
4584,18,2,10
4585,18,1,17
4586,18,18,18
4587,18,2,10
4588,18,1,17
4589,18,19,8
4590,18,17,4
4591,18,10,16
4592,18,16,0
4593,18,1,17
4594,18,14,19
4595,18,4,1
4596,18,16,0
4597,18,18,18
4598,18,2,10
4599,18,18,18
4600,18,19,8
4601,18,18,18
4602,18,1,17
4603,18,18,18
4604,18,2,10
4605,18,18,18
4606,18,16,0
4607,18,17,4
4608,18,11,15
4609,18,18,18
4610,18,18,18
4611,18,0,7
4612,18,3,6
4613,18,10,16
4614,18,18,18
4615,18,1,17
4616,18,2,10
4617,18,18,18
4618,18,13,3
4619,18,15,2
4620,18,3,6
4621,18,15,2
4622,18,18,18
4623,18,12,5
4624,18,16,0
4625,18,15,2
4626,18,2,10
4627,18,6,14
4628,18,1,17
4629,18,14,19
4630,18,6,14
4631,18,2,10
4632,18,17,4
4633,18,2,10
4634,18,11,15
4635,18,2,10
4636,18,18,18
4637,18,12,5
4638,18,3,6
4639,18,18,18
4640,18,18,18
4641,18,3,6
4642,18,15,2
4643,18,18,18
4644,18,18,18
4645,18,18,18
4646,18,2,10
4647,18,18,18
4648,18,11,15
4649,18,3,6
4650,18,2,10
4651,18,17,4
4652,18,3,6
4653,18,2,10
4654,18,7,11
4655,18,18,18
4656,18,15,2
4657,18,1,17
4658,18,16,0
4659,18,18,18
4660,18,18,18
4661,18,18,18
4662,18,2,10
4663,18,2,10
4664,18,18,18
4665,18,11,15
4666,18,14,19
4667,18,18,18
4668,18,2,10
4669,18,10,16
4670,18,16,0
4671,18,3,6
4672,18,18,18
4673,18,18,18
4674,18,18,18
4675,18,12,5
4676,18,7,11
4677,18,1,17
4678,18,2,10
4679,18,18,18
4680,18,2,10
4681,18,15,2
4682,18,12,5
4683,18,17,4
4684,18,1,17
4685,18,16,0
4686,18,2,10
4687,18,18,18
4688,18,0,7
4689,18,16,0
4690,18,13,3
4691,18,15,2
4692,18,14,19
4693,18,16,0
4694,18,18,18
4695,18,1,17
4696,18,18,18
4697,18,14,19
4698,18,16,0
4699,18,2,10
4700,18,18,18
4701,18,14,19
4702,18,15,2
4703,18,15,2
4704,18,3,6
4705,18,15,2
4706,18,3,6
4707,18,1,17
4708,18,1,17
4709,18,15,2
4710,18,1,17
4711,18,18,18
4712,18,0,7
4713,18,3,6
4714,18,1,17
4715,18,2,10
4716,18,3,6
4717,18,16,0
4718,18,2,10
4719,18,16,0
4720,18,17,4
4721,18,10,16
4722,18,1,17
4723,18,15,2
4724,18,17,4
4725,18,5,13
4726,18,18,18
4727,18,1,17
4728,18,16,0
4729,18,18,18
4730,18,3,6
4731,18,2,10
4732,18,3,6
4733,18,15,2
4734,18,1,17
4735,18,12,5
4736,18,2,10
4737,18,18,18
4738,18,12,5
4739,18,3,6
4740,18,15,2
4741,18,14,19
4742,18,1,17
4743,18,18,18
4744,18,14,19
4745,18,18,18
4746,18,18,18
4747,18,12,5
4748,18,11,15
4749,18,18,18
4750,18,3,6
4751,18,1,17
4752,18,18,18
4753,18,0,7
4754,18,2,10
4755,18,18,18
4756,18,18,18
4757,18,3,6
4758,18,16,0
4759,18,1,17
4760,18,18,18
4761,18,1,17
4762,18,16,0
4763,18,18,18
4764,18,2,10
4765,18,2,10
4766,18,15,2
4767,18,18,18
4768,18,11,15
4769,18,15,2
4770,18,18,18
4771,18,10,16
4772,18,14,19
4773,18,2,10
4774,18,10,16
4775,18,12,5
4776,18,17,4
4777,18,2,10
4778,18,18,18
4779,18,15,2
4780,18,18,18
4781,18,18,18
4782,18,13,3
4783,18,3,6
4784,18,18,18
4785,18,1,17
4786,18,0,7
4787,18,18,18
4788,18,1,17
4789,18,3,6
4790,18,2,10
4791,18,17,4
4792,18,12,5
4793,18,7,11
4794,18,1,17
4795,18,0,7
4796,18,18,18
4797,18,18,18
4798,18,18,18
4799,18,10,16
4800,18,3,6
4801,18,10,16
4802,18,7,11
4803,18,11,15
4804,18,16,0
4805,18,1,17
4806,18,3,6
4807,18,8,9
4808,18,3,6
4809,18,18,18
4810,18,10,16
4811,18,17,4
4812,18,1,17
4813,18,0,7
4814,18,10,16
4815,18,2,10
4816,18,16,0
4817,18,15,2
4818,18,15,2
4819,18,18,18
4820,18,10,16
4821,18,1,17
4822,18,14,19
4823,18,10,16
4824,18,16,0
4825,18,18,18
4826,18,2,10
4827,18,1,17
4828,18,18,18
4829,18,18,18
4830,18,18,18
4831,18,18,18
4832,18,3,6
4833,18,1,17
4834,18,2,10
4835,18,2,10
4836,18,16,0
4837,18,3,6
4838,18,10,16
4839,18,18,18
4840,18,18,18
4841,18,18,18
4842,18,0,7
4843,18,12,5
4844,18,18,18
4845,18,2,10
4846,18,18,18
4847,18,15,2
4848,18,17,4
4849,18,14,19
4850,18,2,10
4851,18,18,18
4852,18,1,17
4853,18,19,8
4854,18,10,16
4855,18,2,10
4856,18,18,18
4857,18,14,19
4858,18,14,19
4859,18,18,18
4860,18,13,3
4861,18,14,19
4862,18,16,0
4863,18,15,2
4864,18,15,2
4865,18,3,6
4866,18,16,0
4867,18,18,18
4868,18,1,17
4869,18,3,6
4870,18,18,18
4871,18,3,6
4872,18,18,18
4873,18,3,6
4874,18,18,18
4875,18,12,5
4876,18,18,18
4877,18,2,10
4878,18,2,10
4879,18,1,17
4880,18,16,0
4881,18,16,0
4882,18,11,15
4883,18,10,16
4884,18,0,7
4885,18,15,2
4886,18,8,9
4887,18,8,9
4888,18,18,18
4889,18,1,17
4890,18,13,3
4891,18,18,18
4892,18,10,16
4893,18,2,10
4894,18,18,18
4895,18,18,18
4896,18,0,7
4897,18,18,18
4898,18,1,17
4899,18,6,14
4900,18,1,17
4901,18,18,18
4902,18,14,19
4903,18,16,0
4904,18,18,18
4905,18,18,18
4906,18,8,9
4907,18,18,18
4908,18,18,18
4909,18,2,10
4910,18,2,10
4911,18,18,18
4912,18,1,17
4913,18,17,4
4914,18,18,18
4915,18,18,18
4916,18,11,15
4917,18,18,18
4918,18,18,18
4919,18,15,2
4920,18,2,10
4921,18,2,10
4922,18,3,6
4923,18,15,2
4924,18,12,5
4925,18,2,10
4926,18,17,4
4927,18,10,16
4928,18,1,17
4929,18,2,10
4930,18,5,13
4931,18,3,6
4932,18,3,6
4933,18,3,6
4934,18,18,18
4935,18,18,18
4936,18,3,6
4937,18,17,4
4938,18,18,18
4939,18,10,16
4940,18,1,17
4941,18,18,18
4942,18,2,10
4943,18,2,10
4944,18,6,14
4945,18,15,2
4946,18,18,18
4947,18,18,18
4948,18,18,18
4949,18,8,9
4950,18,18,18
4951,18,1,17
4952,18,17,4
4953,18,12,5
4954,18,0,7
4955,18,18,18
4956,18,1,17
4957,18,18,18
4958,18,18,18
4959,18,1,17
4960,18,12,5
4961,18,18,18
4962,18,2,10
4963,18,4,1
4964,18,18,18
4965,18,2,10
4966,18,17,4
4967,18,14,19
4968,18,0,7
4969,18,18,18
4970,18,14,19
4971,18,18,18
4972,18,2,10
4973,18,2,10
4974,18,4,1
4975,18,3,6
4976,18,3,6
4977,18,1,17
4978,18,18,18
4979,18,11,15
4980,18,11,15
4981,18,14,19
4982,18,16,0
4983,18,0,7
4984,18,1,17
4985,18,18,18
4986,18,1,17
4987,18,18,18
4988,18,0,7
4989,18,18,18
4990,18,0,7
4991,18,1,17
4992,18,10,16
4993,18,18,18
4994,18,1,17
4995,18,16,0
4996,18,6,14
4997,18,18,18
4998,18,16,0
4999,18,3,6
5000,18,18,18
5001,18,3,6
5002,18,0,7
5003,18,2,10
5004,18,2,10
5005,18,1,17
5006,18,2,10
5007,18,18,18
5008,18,3,6
5009,18,16,0
5010,18,16,0
5011,18,18,18
5012,18,1,17
5013,18,2,10
5014,18,3,6
5015,18,14,19
5016,18,0,7
5017,18,3,6
5018,18,14,19
5019,18,18,18
5020,18,14,19
5021,18,1,17
5022,18,17,4
5023,18,1,17
5024,18,8,9
5025,18,1,17
5026,18,16,0
5027,18,3,6
5028,18,2,10
5029,18,3,6
5030,18,3,6
5031,18,15,2
5032,18,3,6
5033,18,18,18
5034,18,18,18
5035,18,15,2
5036,18,2,10
5037,18,18,18
5038,18,18,18
5039,18,3,6
5040,18,12,5
5041,18,0,7
5042,18,2,10
5043,18,2,10
5044,18,2,10
5045,18,3,6
5046,18,1,17
5047,18,17,4
5048,18,3,6
5049,18,15,2
5050,18,1,17
5051,18,1,17
5052,18,0,7
5053,18,18,18
5054,18,0,7
5055,18,0,7
5056,18,0,7
5057,18,3,6
5058,18,0,7
5059,18,17,4
5060,18,11,15
5061,18,8,9
5062,18,18,18
5063,18,10,16
5064,18,14,19
5065,18,8,9
5066,18,14,19
5067,18,8,9
5068,18,9,12
5069,18,10,16
5070,18,8,9
5071,18,0,7
5072,18,19,8
5073,18,1,17
5074,18,0,7
5075,18,16,0
5076,18,1,17
5077,18,5,13
5078,18,7,11
5079,18,1,17
5080,18,13,3
5081,18,17,4
5082,18,0,7
5083,18,18,18
5084,18,8,9
5085,18,8,9
5086,18,1,17
5087,18,2,10
5088,18,8,9
5089,18,17,4
5090,18,13,3
5091,18,15,2
5092,18,15,2
5093,18,1,17
5094,18,17,4
5095,18,18,18
5096,18,7,11
5097,18,2,10
5098,18,10,16
5099,18,18,18
5100,18,17,4
5101,18,18,18
5102,18,16,0
5103,18,15,2
5104,18,0,7
5105,18,1,17
5106,18,0,7
5107,18,1,17
5108,18,3,6
5109,18,18,18
5110,18,2,10
5111,18,17,4
5112,18,12,5
5113,18,19,8
5114,18,17,4
5115,18,7,11
5116,18,1,17
5117,18,1,17
5118,18,8,9
5119,18,17,4
5120,18,16,0
5121,18,17,4
5122,18,17,4
5123,18,18,18
5124,18,0,7
5125,18,3,6
5126,18,2,10
5127,18,15,2
5128,18,7,11
5129,18,1,17
5130,18,3,6
5131,18,2,10
5132,18,18,18
5133,18,18,18
5134,18,0,7
5135,18,2,10
5136,18,0,7
5137,18,17,4
5138,18,15,2
5139,18,15,2
5140,18,14,19
5141,18,16,0
5142,18,7,11
5143,18,12,5
5144,18,13,3
5145,18,9,12
5146,18,2,10
5147,18,9,12
5148,18,8,9
5149,18,7,11
5150,18,0,7
5151,18,18,18
5152,18,8,9
5153,18,15,2
5154,18,11,15
5155,18,10,16
5156,18,16,0
5157,18,15,2
5158,18,17,4
5159,18,12,5
5160,18,19,8
5161,18,1,17
5162,18,0,7
5163,18,9,12
5164,18,3,6
5165,18,18,18
5166,18,0,7
5167,18,0,7
5168,18,17,4
5169,18,18,18
5170,18,0,7
5171,18,13,3
5172,18,18,18
5173,18,8,9
5174,18,0,7
5175,18,8,9
5176,18,18,18
5177,18,8,9
5178,18,17,4
5179,18,14,19
5180,18,18,18
5181,18,18,18
5182,18,8,9
5183,18,14,19
5184,18,0,7
5185,18,1,17
5186,18,11,15
5187,18,15,2
5188,18,4,1
5189,18,1,17
5190,18,10,16
5191,18,0,7
5192,18,0,7
5193,18,10,16
5194,18,18,18
5195,18,8,9
5196,18,19,8
5197,18,18,18
5198,18,8,9
5199,18,0,7
5200,18,16,0
5201,18,2,10
5202,18,8,9
5203,18,17,4
5204,18,2,10
5205,18,11,15
5206,18,0,7
5207,18,1,17
5208,18,17,4
5209,18,15,2
5210,18,18,18
5211,18,17,4
5212,18,3,6
5213,18,12,5
5214,18,19,8
5215,18,18,18
5216,18,19,8
5217,18,1,17
5218,18,18,18
5219,18,1,17
5220,18,8,9
5221,18,4,1
5222,18,18,18
5223,18,1,17
5224,18,12,5
5225,18,0,7
5226,18,7,11
5227,18,0,7
5228,18,2,10
5229,18,19,8
5230,18,5,13
5231,18,8,9
5232,18,18,18
5233,18,0,7
5234,18,2,10
5235,18,18,18
5236,18,8,9
5237,18,1,17
5238,18,3,6
5239,18,15,2
5240,18,0,7
5241,18,19,8
5242,18,15,2
5243,18,16,0
5244,18,1,17
5245,18,1,17
5246,18,0,7
5247,18,5,13
5248,18,3,6
5249,18,0,7
5250,18,18,18
5251,18,0,7
5252,18,14,19
5253,18,3,6
5254,18,13,3
5255,18,8,9
5256,18,7,11
5257,18,3,6
5258,18,1,17
5259,18,3,6
5260,18,4,1
5261,18,1,17
5262,18,0,7
5263,18,1,17
5264,18,1,17
5265,18,17,4
5266,18,18,18
5267,18,17,4
5268,18,3,6
5269,18,2,10
5270,18,3,6
5271,18,7,11
5272,18,0,7
5273,18,1,17
5274,18,8,9
5275,18,18,18
5276,18,15,2
5277,18,18,18
5278,18,18,18
5279,18,1,17
5280,18,3,6
5281,18,7,11
5282,18,0,7
5283,18,2,10
5284,18,18,18
5285,18,0,7
5286,18,1,17
5287,18,1,17
5288,18,18,18
5289,18,8,9
5290,18,1,17
5291,18,17,4
5292,18,19,8
5293,18,5,13
5294,18,18,18
5295,18,18,18
5296,18,8,9
5297,18,8,9
5298,18,2,10
5299,18,6,14
5300,18,4,1
5301,18,17,4
5302,18,16,0
5303,18,7,11
5304,18,7,11
5305,18,17,4
5306,18,18,18
5307,18,8,9
5308,18,1,17
5309,18,8,9
5310,18,0,7
5311,18,0,7
5312,18,3,6
5313,18,14,19
5314,18,16,0
5315,18,11,15
5316,18,0,7
5317,18,1,17
5318,18,2,10
5319,18,18,18
5320,18,18,18
5321,18,17,4
5322,18,8,9
5323,18,16,0
5324,18,1,17
5325,18,3,6
5326,18,19,8
5327,18,14,19
5328,18,17,4
5329,18,0,7
5330,18,8,9
5331,18,1,17
5332,18,1,17
5333,18,16,0
5334,18,1,17
5335,18,8,9
5336,18,19,8
5337,18,17,4
5338,18,1,17
5339,18,5,13
5340,18,18,18
5341,18,18,18
5342,18,3,6
5343,18,1,17
5344,18,3,6
5345,18,0,7
5346,18,18,18
5347,18,3,6
5348,18,0,7
5349,18,18,18
5350,18,0,7
5351,18,3,6
5352,18,2,10
5353,18,17,4
5354,18,15,2
5355,18,8,9
5356,18,0,7
5357,18,7,11
5358,18,15,2
5359,18,18,18
5360,18,18,18
5361,18,5,13
5362,18,0,7
5363,18,0,7
5364,18,6,14
5365,18,7,11
5366,18,18,18
5367,18,2,10
5368,18,14,19
5369,18,18,18
5370,18,15,2
5371,18,19,8
5372,18,4,1
5373,18,17,4
5374,18,3,6
5375,18,12,5
5376,18,18,18
5377,18,2,10
5378,18,17,4
5379,18,0,7
5380,18,5,13
5381,18,19,8
5382,18,13,3
5383,18,17,4
5384,18,5,13
5385,18,19,8
5386,18,18,18
5387,18,0,7
5388,18,18,18
5389,18,1,17
5390,18,8,9
5391,18,2,10
5392,18,16,0
5393,18,18,18
5394,18,8,9
5395,18,18,18
5396,18,18,18
5397,18,18,18
5398,18,14,19
5399,18,0,7
5400,18,0,7
5401,18,8,9
5402,18,8,9
5403,18,17,4
5404,18,8,9
5405,18,17,4
5406,18,14,19
5407,18,1,17
5408,18,14,19
5409,18,18,18
5410,18,6,14
5411,18,10,16
5412,18,1,17
5413,18,6,14
5414,18,0,7
5415,18,19,8
5416,18,8,9
5417,18,3,6
5418,18,8,9
5419,18,15,2
5420,18,17,4
5421,18,7,11
5422,18,2,10
5423,18,18,18
5424,18,18,18
5425,18,14,19
5426,18,14,19
5427,18,3,6
5428,18,9,12
5429,18,18,18
5430,18,18,18
5431,18,0,7
5432,18,18,18
5433,18,17,4
5434,18,0,7
5435,18,17,4
5436,18,6,14
5437,18,17,4
5438,18,18,18
5439,18,16,0
5440,18,18,18
5441,18,16,0
5442,18,8,9
5443,18,17,4
5444,18,10,16
5445,18,18,18
5446,18,19,8
5447,18,12,5
5448,18,1,17
5449,18,1,17
5450,18,5,13
5451,18,18,18
5452,18,8,9
5453,18,18,18
5454,18,6,14
5455,18,6,14
5456,18,0,7
5457,18,2,10
5458,18,17,4
5459,18,18,18
5460,18,0,7
5461,18,14,19
5462,18,18,18
5463,18,18,18
5464,18,1,17
5465,18,3,6
5466,18,3,6
5467,18,18,18
5468,18,18,18
5469,18,18,18
5470,18,0,7
5471,18,18,18
5472,18,4,1
5473,18,1,17
5474,18,5,13
5475,18,14,19
5476,18,1,17
5477,18,17,4
5478,18,17,4
5479,18,5,13
5480,18,7,11
5481,18,8,9
5482,18,17,4
5483,18,0,7
5484,18,1,17
5485,18,8,9
5486,18,3,6
5487,18,18,18
5488,18,13,3
5489,18,18,18
5490,18,0,7
5491,18,18,18
5492,18,9,12
5493,18,17,4
5494,18,8,9
5495,18,8,9
5496,18,8,9
5497,18,8,9
5498,18,8,9
5499,18,18,18
5500,18,7,11
5501,18,0,7
5502,18,12,5
5503,18,0,7
5504,18,2,10
5505,18,2,10
5506,18,0,7
5507,18,2,10
5508,18,13,3
5509,18,14,19
5510,18,12,5
5511,18,15,2
5512,18,15,2
5513,18,2,10
5514,18,8,9
5515,18,11,15
5516,18,17,4
5517,18,8,9
5518,18,0,7
5519,18,2,10
5520,18,18,18
5521,18,17,4
5522,18,12,5
5523,18,3,6
5524,18,17,4
5525,18,18,18
5526,18,17,4
5527,18,12,5
5528,18,17,4
5529,18,3,6
5530,18,18,18
5531,18,1,17
5532,18,2,10
5533,18,17,4
5534,18,3,6
5535,18,3,6
5536,18,5,13
5537,18,19,8
5538,18,15,2
5539,18,0,7
5540,18,17,4
5541,18,6,14
5542,18,8,9
5543,18,0,7
5544,18,14,19
5545,18,3,6
5546,18,15,2
5547,18,18,18
5548,18,10,16
5549,18,8,9
5550,18,10,16
5551,18,2,10
5552,18,18,18
5553,18,3,6
5554,18,13,3
5555,18,0,7
5556,18,18,18
5557,18,19,8
5558,18,18,18
5559,18,18,18
5560,18,8,9
5561,18,0,7
5562,18,18,18
5563,18,7,11
5564,18,11,15
5565,18,1,17
5566,18,12,5
5567,18,8,9
5568,18,17,4
5569,18,8,9
5570,18,4,1
5571,18,6,14
5572,18,16,0
5573,18,1,17
5574,18,7,11
5575,18,1,17
5576,18,2,10
5577,18,17,4
5578,18,0,7
5579,18,13,3
5580,18,4,1
5581,18,17,4
5582,18,15,2
5583,18,18,18
5584,18,1,17
5585,18,3,6
5586,18,1,17
5587,18,18,18
5588,18,4,1
5589,18,5,13
5590,18,5,13
5591,18,12,5
5592,18,18,18
5593,18,0,7
5594,18,14,19
5595,18,1,17
5596,18,19,8
5597,18,1,17
5598,18,6,14
5599,18,18,18
5600,18,19,8
5601,18,6,14
5602,18,15,2
5603,18,15,2
5604,18,7,11
5605,18,19,8
5606,18,17,4
5607,18,17,4
5608,18,18,18
5609,18,18,18
5610,18,17,4
5611,18,15,2
5612,18,3,6
5613,18,17,4
5614,18,17,4
5615,18,18,18
5616,18,6,14
5617,18,17,4
5618,18,0,7
5619,18,17,4
5620,18,7,11
5621,18,0,7
5622,18,16,0
5623,18,0,7
5624,18,2,10
5625,18,13,3
5626,18,17,4
5627,18,6,14
5628,18,3,6
5629,18,0,7
5630,18,18,18
5631,18,2,10
5632,18,17,4
5633,18,8,9
5634,18,0,7
5635,18,4,1
5636,18,1,17
5637,18,2,10
5638,18,16,0
5639,18,10,16
5640,18,2,10
5641,18,8,9
5642,18,11,15
5643,18,14,19
5644,18,16,0
5645,18,17,4
5646,18,12,5
5647,18,2,10
5648,18,0,7
5649,18,17,4
5650,18,13,3
5651,18,15,2
5652,18,12,5
5653,18,17,4
5654,18,0,7
5655,18,19,8
5656,18,19,8
5657,18,5,13
5658,18,3,6
5659,18,11,15
5660,18,12,5
5661,18,0,7
5662,18,17,4
5663,18,17,4
5664,18,14,19
5665,18,18,18
5666,18,1,17
5667,18,5,13
5668,18,17,4
5669,18,8,9
5670,18,2,10
5671,18,10,16
5672,18,0,7
5673,18,1,17
5674,18,1,17
5675,18,15,2
5676,18,3,6
5677,18,19,8
5678,18,7,11
5679,18,2,10
5680,18,0,7
5681,18,18,18
5682,18,15,2
5683,18,19,8
5684,18,10,16
5685,18,11,15
5686,18,18,18
5687,18,15,2
5688,18,14,19
5689,18,12,5
5690,18,12,5
5691,18,1,17
5692,18,10,16
5693,18,18,18
5694,18,11,15
5695,18,3,6
5696,18,17,4
5697,18,0,7
5698,18,1,17
5699,18,7,11
5700,18,14,19
5701,18,7,11
5702,18,6,14
5703,18,9,12
5704,18,1,17
5705,18,5,13
5706,18,5,13
5707,18,2,10
5708,18,0,7
5709,18,12,5
5710,18,17,4
5711,18,15,2
5712,18,7,11
5713,18,8,9
5714,18,2,10
5715,18,17,4
5716,18,1,17
5717,18,1,17
5718,18,13,3
5719,18,18,18
5720,18,18,18
5721,18,17,4
5722,18,0,7
5723,18,7,11
5724,18,3,6
5725,18,3,6
5726,18,0,7
5727,18,17,4
5728,18,13,3
5729,18,14,19
5730,18,0,7
5731,18,18,18
5732,18,3,6
5733,18,0,7
5734,18,14,19
5735,18,17,4
5736,18,14,19
5737,18,11,15
5738,18,16,0
5739,18,17,4
5740,18,17,4
5741,18,18,18
5742,18,7,11
5743,18,3,6
5744,18,0,7
5745,18,1,17
5746,18,0,7
5747,18,3,6
5748,18,3,6
5749,18,18,18
5750,18,1,17
5751,18,6,14
5752,18,18,18
5753,18,13,3
5754,18,11,15
5755,18,1,17
5756,18,0,7
5757,18,18,18
5758,18,2,10
5759,18,2,10
5760,18,16,0
5761,18,1,17
5762,18,4,1
5763,18,17,4
5764,18,14,19
5765,18,3,6
5766,18,1,17
5767,18,0,7
5768,18,18,18
5769,18,8,9
5770,18,8,9
5771,18,19,8
5772,18,17,4
5773,18,7,11
5774,18,2,10
5775,18,15,2
5776,18,15,2
5777,18,13,3
5778,18,19,8
5779,18,3,6
5780,18,8,9
5781,18,18,18
5782,18,18,18
5783,18,7,11
5784,18,9,12
5785,18,8,9
5786,18,3,6
5787,18,1,17
5788,18,8,9
5789,18,15,2
5790,18,17,4
5791,18,8,9
5792,18,7,11
5793,18,0,7
5794,18,17,4
5795,18,1,17
5796,18,7,11
5797,18,5,13
5798,18,15,2
5799,18,1,17
5800,18,2,10
5801,18,17,4
5802,18,17,4
5803,18,19,8
5804,18,15,2
5805,18,18,18
5806,18,5,13
5807,18,6,14
5808,18,16,0
5809,18,14,19
5810,18,11,15
5811,18,15,2
5812,18,11,15
5813,18,1,17
5814,18,18,18
5815,18,18,18
5816,18,10,16
5817,18,4,1
5818,18,2,10
5819,18,12,5
5820,18,5,13
5821,18,1,17
5822,18,4,1
5823,18,18,18
5824,18,0,7
5825,18,0,7
5826,18,12,5
5827,18,16,0
5828,18,0,7
5829,18,18,18
5830,18,7,11
5831,18,14,19
5832,18,0,7
5833,18,13,3
5834,18,1,17
5835,18,11,15
5836,18,2,10
5837,18,6,14
5838,18,14,19
5839,18,0,7
5840,18,10,16
5841,18,15,2
5842,18,14,19
5843,18,19,8
5844,18,7,11
5845,18,0,7
5846,18,19,8
5847,18,7,11
5848,18,0,7
5849,18,2,10
5850,18,0,7
5851,18,8,9
5852,18,0,7
5853,18,17,4
5854,18,1,17
5855,18,0,7
5856,18,8,9
5857,18,0,7
5858,18,18,18
5859,18,3,6
5860,18,18,18
5861,18,6,14
5862,18,3,6
5863,18,1,17
5864,18,18,18
5865,18,19,8
5866,18,17,4
5867,18,17,4
5868,18,16,0
5869,18,8,9
5870,18,11,15
5871,18,2,10
5872,18,18,18
5873,18,15,2
5874,18,16,0
5875,18,2,10
5876,18,2,10
5877,18,5,13
5878,18,15,2
5879,18,8,9
5880,18,17,4
5881,18,17,4
5882,18,10,16
5883,18,11,15
5884,18,0,7
5885,18,18,18
5886,18,3,6
5887,18,14,19
5888,18,18,18
5889,18,17,4
5890,18,0,7
5891,18,1,17
5892,18,1,17
5893,18,2,10
5894,18,6,14
5895,18,18,18
5896,18,3,6
5897,18,3,6
5898,18,7,11
5899,18,19,8
5900,18,18,18
5901,18,18,18
5902,18,16,0
5903,18,18,18
5904,18,17,4
5905,18,15,2
5906,18,10,16
5907,18,13,3
5908,18,11,15
5909,18,17,4
5910,18,15,2
5911,18,1,17
5912,18,1,17
5913,18,8,9
5914,18,17,4
5915,18,15,2
5916,18,0,7
5917,18,15,2
5918,18,3,6
5919,18,4,1
5920,18,15,2
5921,18,5,13
5922,18,14,19
5923,18,8,9
5924,18,17,4
5925,18,18,18
5926,18,17,4
5927,18,18,18
5928,18,7,11
5929,18,1,17
5930,18,6,14
5931,18,0,7
5932,18,16,0
5933,18,18,18
5934,18,19,8
5935,18,0,7
5936,18,17,4
5937,18,15,2
5938,18,14,19
5939,18,13,3
5940,18,3,6
5941,18,18,18
5942,18,8,9
5943,18,11,15
5944,18,10,16
5945,18,8,9
5946,18,8,9
5947,18,18,18
5948,18,17,4
5949,18,1,17
5950,18,1,17
5951,18,0,7
5952,18,12,5
5953,18,15,2
5954,18,18,18
5955,18,11,15
5956,18,0,7
5957,18,17,4
5958,18,9,12
5959,18,18,18
5960,18,18,18
5961,18,2,10
5962,18,0,7
5963,18,17,4
5964,18,17,4
5965,18,8,9
5966,18,0,7
5967,18,18,18
5968,18,1,17
5969,18,16,0
5970,18,6,14
5971,18,1,17
5972,18,18,18
5973,18,0,7
5974,18,0,7
5975,18,1,17
5976,18,18,18
5977,18,8,9
5978,18,2,10
5979,18,18,18
5980,18,18,18
5981,18,3,6
5982,18,3,6
5983,18,18,18
5984,18,1,17
5985,18,11,15
5986,18,18,18
5987,18,15,2
5988,18,19,8
5989,18,18,18
5990,18,1,17
5991,18,17,4
5992,18,18,18
5993,18,18,18
5994,18,18,18
5995,18,0,7
5996,18,19,8
5997,18,18,18
5998,18,17,4
5999,18,18,18
6000,18,5,13
6001,18,16,0
6002,18,2,10
6003,18,4,1
6004,18,8,9
6005,18,18,18
6006,18,1,17
6007,18,1,17
6008,18,19,8
6009,18,0,7
6010,18,2,10
6011,18,15,2
6012,18,19,8
6013,18,8,9
6014,18,15,2
6015,18,12,5
6016,18,13,3
6017,18,15,2
6018,18,2,10
6019,18,18,18
6020,18,0,7
6021,18,1,17
6022,18,3,6
6023,18,19,8
6024,18,3,6
6025,18,8,9
6026,18,0,7
6027,18,1,17
6028,18,9,12
6029,18,1,17
6030,18,18,18
6031,18,12,5
6032,18,17,4
6033,18,12,5
6034,18,15,2
6035,18,13,3
6036,18,7,11
6037,18,7,11
6038,18,18,18
6039,18,1,17
6040,18,19,8
6041,18,18,18
6042,18,8,9
6043,18,1,17
6044,18,8,9
6045,18,1,17
6046,18,3,6
6047,18,5,13
6048,18,7,11
6049,18,10,16
6050,18,15,2
6051,18,2,10
6052,18,1,17
6053,18,19,8
6054,18,15,2
6055,18,10,16
6056,18,18,18
6057,18,17,4
6058,18,1,17
6059,18,7,11
6060,18,17,4
6061,18,8,9
6062,18,1,17
6063,18,18,18
6064,18,3,6
6065,18,3,6
6066,18,18,18
6067,18,2,10
6068,18,8,9
6069,18,8,9
6070,18,1,17
6071,18,12,5
6072,18,4,1
6073,18,2,10
6074,18,15,2
6075,18,11,15
6076,18,10,16
6077,18,14,19
6078,18,6,14
6079,18,18,18
6080,18,18,18
6081,18,18,18
6082,18,7,11
6083,18,14,19
6084,18,14,19
6085,18,17,4
6086,18,1,17
6087,18,4,1
6088,18,1,17
6089,18,0,7
6090,18,15,2
6091,18,17,4
6092,18,17,4
6093,18,1,17
6094,18,15,2
6095,18,0,7
6096,18,11,15
6097,18,1,17
6098,18,18,18
6099,18,1,17
6100,18,18,18
6101,18,15,2
6102,18,18,18
6103,18,1,17
6104,18,0,7
6105,18,5,13
6106,18,17,4
6107,18,1,17
6108,18,0,7
6109,18,5,13
6110,18,13,3
6111,18,1,17
6112,18,2,10
6113,18,11,15
6114,18,19,8
6115,18,3,6
6116,18,15,2
6117,18,8,9
6118,18,8,9
6119,18,18,18
6120,18,6,14
6121,18,5,13
6122,18,3,6
6123,18,17,4
6124,18,18,18
6125,18,17,4
6126,18,19,8
6127,18,14,19
6128,18,16,0
6129,18,0,7
6130,18,17,4
6131,18,8,9
6132,18,6,14
6133,18,11,15
6134,18,7,11
6135,18,19,8
6136,18,13,3
6137,18,18,18
6138,18,0,7
6139,18,1,17
6140,18,13,3
6141,18,15,2
6142,18,11,15
6143,18,18,18
6144,18,15,2
6145,18,8,9
6146,18,18,18
6147,18,6,14
6148,18,3,6
6149,18,2,10
6150,18,3,6
6151,18,2,10
6152,18,17,4
6153,18,0,7
6154,18,0,7
6155,18,12,5
6156,18,7,11
6157,18,18,18
6158,18,2,10
6159,18,18,18
6160,18,2,10
6161,18,13,3
6162,18,2,10
6163,18,0,7
6164,18,14,19
6165,18,18,18
6166,18,0,7
6167,18,15,2
6168,18,2,10
6169,18,3,6
6170,18,19,8
6171,18,1,17
6172,18,2,10
6173,18,8,9
6174,18,1,17
6175,18,8,9
6176,18,8,9
6177,18,7,11
6178,18,10,16
6179,18,8,9
6180,18,11,15
6181,18,18,18
6182,18,0,7
6183,18,3,6
6184,18,2,10
6185,18,17,4
6186,18,2,10
6187,18,11,15
6188,18,0,7
6189,18,16,0
6190,18,18,18
6191,18,6,14
6192,18,18,18
6193,18,5,13
6194,18,15,2
6195,18,4,1
6196,18,15,2
6197,18,15,2
6198,18,18,18
6199,18,0,7
6200,18,15,2
6201,18,17,4
6202,18,17,4
6203,18,17,4
6204,18,1,17
6205,18,1,17
6206,18,1,17
6207,18,15,2
6208,18,1,17
6209,18,18,18
6210,18,18,18
6211,18,15,2
6212,18,11,15
6213,18,8,9
6214,18,18,18
6215,18,2,10
6216,18,10,16
6217,18,8,9
6218,18,18,18
6219,18,7,11
6220,18,17,4
6221,18,14,19
6222,18,1,17
6223,18,16,0
6224,18,16,0
6225,18,19,8
6226,18,8,9
6227,18,14,19
6228,18,14,19
6229,18,16,0
6230,18,0,7
6231,18,0,7
6232,18,10,16
6233,18,3,6
6234,18,4,1
6235,18,10,16
6236,18,5,13
6237,18,16,0
6238,18,7,11
6239,18,8,9
6240,18,15,2
6241,18,18,18
6242,18,1,17
6243,18,1,17
6244,18,1,17
6245,18,18,18
6246,18,5,13
6247,18,17,4
6248,18,1,17
6249,18,0,7
6250,18,0,7
6251,18,2,10
6252,18,6,14
6253,18,1,17
6254,18,15,2
6255,18,1,17
6256,18,11,15
6257,18,7,11
6258,18,18,18
6259,18,9,12
6260,18,0,7
6261,18,1,17
6262,18,17,4
6263,18,15,2
6264,18,17,4
6265,18,14,19
6266,18,7,11
6267,18,8,9
6268,18,3,6
6269,18,18,18
6270,18,17,4
6271,18,18,18
6272,18,1,17
6273,18,18,18
6274,18,15,2
6275,18,17,4
6276,18,18,18
6277,18,0,7
6278,18,17,4
6279,18,8,9
6280,18,0,7
6281,18,5,13
6282,18,9,12
6283,18,18,18
6284,18,10,16
6285,18,7,11
6286,18,16,0
6287,18,18,18
6288,18,8,9
6289,18,0,7
6290,18,3,6
6291,18,9,12
6292,18,1,17
6293,18,16,0
6294,18,17,4
6295,18,16,0
6296,18,16,0
6297,18,16,0
6298,18,7,11
6299,18,18,18
6300,18,15,2
6301,18,14,19
6302,18,0,7
6303,18,19,8
6304,18,13,3
6305,18,18,18
6306,18,17,4
6307,18,15,2
6308,18,2,10
6309,18,8,9
6310,18,1,17
6311,18,18,18
6312,18,0,7
6313,18,8,9
6314,18,3,6
6315,18,15,2
6316,18,1,17
6317,18,9,12
6318,18,1,17
6319,18,1,17
6320,18,1,17
6321,18,17,4
6322,18,17,4
6323,18,1,17
6324,18,6,14
6325,18,8,9
6326,18,18,18
6327,18,8,9
6328,18,13,3
6329,18,18,18
6330,18,0,7
6331,18,0,7
6332,18,18,18
6333,18,3,6
6334,18,10,16
6335,18,1,17
6336,18,1,17
6337,18,12,5
6338,18,12,5
6339,18,9,12
6340,18,3,6
6341,18,18,18
6342,18,7,11
6343,18,11,15
6344,18,9,12
6345,18,0,7
6346,18,0,7
6347,18,17,4
6348,18,17,4
6349,18,3,6
6350,18,12,5
6351,18,15,2
6352,18,8,9
6353,18,15,2
6354,18,1,17
6355,18,17,4
6356,18,1,17
6357,18,8,9
6358,18,19,8
6359,18,0,7
6360,18,17,4
6361,18,12,5
6362,18,1,17
6363,18,18,18
6364,18,0,7
6365,18,8,9
6366,18,1,17
6367,18,10,16
6368,18,1,17
6369,18,19,8
6370,18,3,6
6371,18,0,7
6372,18,0,7
6373,18,15,2
6374,18,1,17
6375,18,9,12
6376,18,1,17
6377,18,19,8
6378,18,6,14
6379,18,3,6
6380,18,3,6
6381,18,5,13
6382,18,8,9
6383,18,18,18
6384,18,18,18
6385,18,14,19
6386,18,18,18
6387,18,2,10
6388,18,15,2
6389,18,18,18
6390,18,11,15
6391,18,3,6
6392,18,1,17
6393,18,17,4
6394,18,17,4
6395,18,17,4
6396,18,16,0
6397,18,1,17
6398,18,3,6
6399,18,15,2
6400,18,18,18
6401,18,12,5
6402,18,7,11
6403,18,18,18
6404,18,0,7
6405,18,3,6
6406,18,8,9
6407,18,12,5
6408,18,1,17
6409,18,8,9
6410,18,1,17
6411,18,1,17
6412,18,2,10
6413,18,14,19
6414,18,3,6
6415,18,17,4
6416,18,12,5
6417,18,2,10
6418,18,2,10
6419,18,12,5
6420,18,18,18
6421,18,2,10
6422,18,17,4
6423,18,15,2
6424,18,8,9
6425,18,1,17
6426,18,3,6
6427,18,2,10
6428,18,15,2
6429,18,1,17
6430,18,17,4
6431,18,7,11
6432,18,0,7
6433,18,4,1
6434,18,16,0
6435,18,17,4
6436,18,11,15
6437,18,6,14
6438,18,17,4
6439,18,0,7
6440,18,1,17
6441,18,4,1
6442,18,2,10
6443,18,14,19
6444,18,12,5
6445,18,12,5
6446,18,10,16
6447,18,0,7
6448,18,2,10
6449,18,2,10
6450,18,17,4
6451,18,0,7
6452,18,8,9
6453,18,0,7
6454,18,17,4
6455,18,2,10
6456,18,8,9
6457,18,0,7
6458,18,1,17
6459,18,18,18
6460,18,16,0
6461,18,2,10
6462,18,1,17
6463,18,16,0
6464,18,17,4
6465,18,15,2
6466,18,7,11
6467,18,7,11
6468,18,2,10
6469,18,18,18
6470,18,19,8
6471,18,3,6
6472,18,18,18
6473,18,7,11
6474,18,3,6
6475,18,7,11
6476,18,18,18
6477,18,19,8
6478,18,18,18
6479,18,19,8
6480,18,3,6
6481,18,1,17
6482,18,18,18
6483,18,16,0
6484,18,3,6
6485,18,17,4
6486,18,8,9
6487,18,18,18
6488,18,3,6
6489,18,11,15
6490,18,3,6
6491,18,16,0
6492,18,1,17
6493,18,14,19
6494,18,6,14
6495,18,1,17
6496,18,16,0
6497,18,17,4
6498,18,16,0
6499,18,8,9
6500,18,0,7
6501,18,18,18
6502,18,1,17
6503,18,3,6
6504,18,16,0
6505,18,0,7
6506,18,0,7
6507,18,15,2
6508,18,1,17
6509,18,3,6
6510,18,0,7
6511,18,19,8
6512,18,19,8
6513,18,18,18
6514,18,2,10
6515,18,15,2
6516,18,16,0
6517,18,15,2
6518,18,18,18
6519,18,1,17
6520,18,18,18
6521,18,1,17
6522,18,3,6
6523,18,18,18
6524,18,16,0
6525,18,14,19
6526,18,0,7
6527,18,0,7
6528,18,0,7
6529,18,17,4
6530,18,14,19
6531,18,0,7
6532,18,18,18
6533,18,15,2
6534,18,17,4
6535,18,18,18
6536,18,16,0
6537,18,18,18
6538,18,18,18
6539,18,16,0
6540,18,17,4
6541,18,1,17
6542,18,9,12
6543,18,0,7
6544,18,5,13
6545,18,0,7
6546,18,6,14
6547,18,18,18
6548,18,19,8
6549,18,17,4
6550,18,17,4
6551,18,17,4
6552,18,14,19
6553,18,17,4
6554,18,18,18
6555,18,1,17
6556,18,15,2
6557,18,0,7
6558,18,18,18
6559,18,0,7
6560,18,2,10
6561,18,2,10
6562,18,15,2
6563,18,17,4
6564,18,3,6
6565,18,8,9
6566,18,10,16
6567,18,2,10
6568,18,18,18
6569,18,3,6
6570,18,16,0
6571,18,1,17
6572,18,1,17
6573,18,17,4
6574,18,6,14
6575,18,10,16
6576,18,18,18
6577,18,14,19
6578,18,11,15
6579,18,0,7
6580,18,18,18
6581,18,1,17
6582,18,8,9
6583,18,18,18
6584,18,18,18
6585,18,3,6
6586,18,10,16
6587,18,5,13
6588,18,18,18
6589,18,17,4
6590,18,18,18
6591,18,18,18
6592,18,1,17
6593,18,11,15
6594,18,12,5
6595,18,18,18
6596,18,19,8
6597,18,2,10
6598,18,18,18
6599,18,17,4
6600,18,1,17
6601,18,17,4
6602,18,5,13
6603,18,18,18
6604,18,15,2
6605,18,15,2
6606,18,8,9
6607,18,4,1
6608,18,5,13
6609,18,2,10
6610,18,3,6
6611,18,2,10
6612,18,18,18
6613,18,15,2
6614,18,19,8
6615,18,3,6
6616,18,10,16
6617,18,8,9
6618,18,8,9
6619,18,2,10
6620,18,4,1
6621,18,1,17
6622,18,3,6
6623,18,18,18
6624,18,14,19
6625,18,13,3
6626,18,18,18
6627,18,1,17
6628,18,14,19
6629,18,18,18
6630,18,8,9
6631,18,1,17
6632,18,0,7
6633,18,14,19
6634,18,8,9
6635,18,14,19
6636,18,19,8
6637,18,14,19
6638,18,17,4
6639,18,1,17
6640,18,0,7
6641,18,17,4
6642,18,1,17
6643,18,8,9
6644,18,7,11
6645,18,18,18
6646,18,13,3
6647,18,3,6
6648,18,19,8
6649,18,1,17
6650,18,7,11
6651,18,0,7
6652,18,1,17
6653,18,8,9
6654,18,14,19
6655,18,9,12
6656,18,4,1
6657,18,18,18
6658,18,8,9
6659,18,7,11
6660,18,1,17
6661,18,2,10
6662,18,8,9
6663,18,5,13
6664,18,1,17
6665,18,18,18
6666,18,8,9
6667,18,2,10
6668,18,18,18
6669,18,6,14
6670,18,3,6
6671,18,0,7
6672,18,8,9
6673,18,8,9
6674,18,1,17
6675,18,0,7
6676,18,0,7
6677,18,0,7
6678,18,16,0
6679,18,17,4
6680,18,7,11
6681,18,11,15
6682,18,8,9
6683,18,8,9
6684,18,17,4
6685,18,11,15
6686,18,0,7
6687,18,3,6
6688,18,5,13
6689,18,17,4
6690,18,8,9
6691,18,0,7
6692,18,8,9
6693,18,18,18
6694,18,18,18
6695,18,15,2
6696,18,2,10
6697,18,18,18
6698,18,12,5
6699,18,8,9
6700,18,8,9
6701,18,1,17
6702,18,19,8
6703,18,8,9
6704,18,19,8
6705,18,12,5
6706,18,16,0
6707,18,4,1
6708,18,11,15
6709,18,1,17
6710,18,17,4
6711,18,17,4
6712,18,1,17
6713,18,3,6
6714,18,14,19
6715,18,0,7
6716,18,1,17
6717,18,0,7
6718,18,1,17
6719,18,3,6
6720,18,0,7
6721,18,11,15
6722,18,8,9
6723,18,17,4
6724,18,1,17
6725,18,8,9
6726,18,2,10
6727,18,17,4
6728,18,18,18
6729,18,9,12
6730,18,15,2
6731,18,17,4
6732,18,8,9
6733,18,19,8
6734,18,17,4
6735,18,8,9
6736,18,0,7
6737,18,0,7
6738,18,10,16
6739,18,0,7
6740,18,6,14
6741,18,7,11
6742,18,0,7
6743,18,17,4
6744,18,4,1
6745,18,8,9
6746,18,17,4
6747,18,3,6
6748,18,18,18
6749,18,8,9
6750,18,18,18
6751,18,15,2
6752,18,10,16
6753,18,2,10
6754,18,1,17
6755,18,14,19
6756,18,2,10
6757,18,1,17
6758,18,11,15
6759,18,15,2
6760,18,7,11
6761,18,18,18
6762,18,17,4
6763,18,17,4
6764,18,0,7
6765,18,16,0
6766,18,6,14
6767,18,18,18
6768,18,1,17
6769,18,18,18
6770,18,7,11
6771,18,15,2
6772,18,1,17
6773,18,7,11
6774,18,8,9
6775,18,1,17
6776,18,7,11
6777,18,18,18
6778,18,2,10
6779,18,16,0
6780,18,18,18
6781,18,3,6
6782,18,1,17
6783,18,8,9
6784,18,12,5
6785,18,15,2
6786,18,15,2
6787,18,1,17
6788,18,15,2
6789,18,2,10
6790,18,2,10
6791,18,17,4
6792,18,17,4
6793,18,8,9
6794,18,0,7
6795,18,8,9
6796,18,18,18
6797,18,16,0
6798,18,14,19
6799,18,16,0
6800,18,0,7
6801,18,17,4
6802,18,19,8
6803,18,14,19
6804,18,0,7
6805,18,18,18
6806,18,17,4
6807,18,0,7
6808,18,1,17
6809,18,18,18
6810,18,15,2
6811,18,17,4
6812,18,8,9
6813,18,1,17
6814,18,14,19
6815,18,18,18
6816,18,19,8
6817,18,0,7
6818,18,19,8
6819,18,11,15
6820,18,0,7
6821,18,15,2
6822,18,8,9
6823,18,3,6
6824,18,19,8
6825,18,15,2
6826,18,15,2
6827,18,17,4
6828,18,17,4
6829,18,0,7
6830,18,14,19
6831,18,1,17
6832,18,7,11
6833,18,4,1
6834,18,15,2
6835,18,16,0
6836,18,0,7
6837,18,8,9
6838,18,18,18
6839,18,17,4
6840,18,7,11
6841,18,15,2
6842,18,14,19
6843,18,16,0
6844,18,10,16
6845,18,19,8
6846,18,12,5
6847,18,17,4
6848,18,1,17
6849,18,10,16
6850,18,2,10
6851,18,18,18
6852,18,1,17
6853,18,17,4
6854,18,19,8
6855,18,0,7
6856,18,17,4
6857,18,3,6
6858,18,17,4
6859,18,18,18
6860,18,18,18
6861,18,17,4
6862,18,18,18
6863,18,10,16
6864,18,2,10
6865,18,18,18
6866,18,1,17
6867,18,0,7
6868,18,14,19
6869,18,7,11
6870,18,17,4
6871,18,18,18
6872,18,18,18
6873,18,2,10
6874,18,17,4
6875,18,2,10
6876,18,15,2
6877,18,8,9
6878,18,7,11
6879,18,18,18
6880,18,6,14
6881,18,10,16
6882,18,18,18
6883,18,6,14
6884,18,1,17
6885,18,1,17
6886,18,15,2
6887,18,18,18
6888,18,7,11
6889,18,18,18
6890,18,8,9
6891,18,15,2
6892,18,16,0
6893,18,0,7
6894,18,13,3
6895,18,18,18
6896,18,11,15
6897,18,18,18
6898,18,8,9
6899,18,18,18
6900,18,18,18
6901,18,19,8
6902,18,18,18
6903,18,1,17
6904,18,0,7
6905,18,18,18
6906,18,0,7
6907,18,8,9
6908,18,7,11
6909,18,3,6
6910,18,3,6
6911,18,0,7
6912,18,18,18
6913,18,18,18
6914,18,15,2
6915,18,3,6
6916,18,1,17
6917,18,16,0
6918,18,16,0
6919,18,3,6
6920,18,3,6
6921,18,17,4
6922,18,3,6
6923,18,3,6
6924,18,16,0
6925,18,17,4
6926,18,2,10
6927,18,18,18
6928,18,0,7
6929,18,7,11
6930,18,0,7
6931,18,3,6
6932,18,2,10
6933,18,1,17
6934,18,12,5
6935,18,0,7
6936,18,8,9
6937,18,8,9
6938,18,18,18
6939,18,8,9
6940,18,1,17
6941,18,0,7
6942,18,11,15
6943,18,17,4
6944,18,17,4
6945,18,15,2
6946,18,4,1
6947,18,16,0
6948,18,19,8
6949,18,17,4
6950,18,0,7
6951,18,18,18
6952,18,18,18
6953,18,18,18
6954,18,0,7
6955,18,18,18
6956,18,3,6
6957,18,1,17
6958,18,17,4
6959,18,17,4
6960,18,16,0
6961,18,1,17
6962,18,8,9
6963,18,0,7
6964,18,19,8
6965,18,18,18
6966,18,12,5
6967,18,18,18
6968,18,8,9
6969,18,17,4
6970,18,3,6
6971,18,1,17
6972,18,8,9
6973,18,6,14
6974,18,11,15
6975,18,2,10
6976,18,1,17
6977,18,1,17
6978,18,18,18
6979,18,8,9
6980,18,15,2
6981,18,17,4
6982,18,0,7
6983,18,2,10
6984,18,0,7
6985,18,18,18
6986,18,16,0
6987,18,0,7
6988,18,17,4
6989,18,19,8
6990,18,3,6
6991,18,19,8
6992,18,12,5
6993,18,15,2
6994,18,18,18
6995,18,3,6
6996,18,18,18
6997,18,14,19
6998,18,1,17
6999,18,8,9
7000,18,5,13
7001,18,0,7
7002,18,5,13
7003,18,2,10
7004,18,3,6
7005,18,18,18
7006,18,18,18
7007,18,13,3
7008,18,8,9
7009,18,1,17
7010,18,13,3
7011,18,9,12
7012,18,3,6
7013,18,17,4
7014,18,2,10
7015,18,8,9
7016,18,0,7
7017,18,17,4
7018,18,17,4
7019,18,0,7
7020,18,7,11
7021,18,15,2
7022,18,15,2
7023,18,15,2
7024,18,1,17
7025,18,1,17
7026,18,0,7
7027,18,8,9
7028,18,13,3
7029,18,11,15
7030,18,0,7
7031,18,15,2
7032,18,1,17
7033,18,18,18
7034,18,1,17
7035,18,1,17
7036,18,1,17
7037,18,16,0
7038,18,18,18
7039,18,17,4
7040,18,16,0
7041,18,3,6
7042,18,0,7
7043,18,1,17
7044,18,14,19
7045,18,18,18
7046,18,17,4
7047,18,15,2
7048,18,3,6
7049,18,17,4
7050,18,15,2
7051,18,6,14
7052,18,3,6
7053,18,8,9
7054,18,17,4
7055,18,15,2
7056,18,16,0
7057,18,1,17
7058,18,3,6
7059,18,18,18
7060,18,17,4
7061,18,11,15
7062,18,2,10
7063,18,3,6
7064,18,18,18
7065,18,17,4
7066,18,17,4
7067,18,17,4
7068,18,15,2
7069,18,1,17
7070,18,17,4
7071,18,0,7
7072,18,0,7
7073,18,17,4
7074,18,3,6
7075,18,0,7
7076,18,7,11
7077,18,10,16
7078,18,1,17
7079,18,7,11
7080,18,18,18
7081,18,2,10
7082,18,0,7
7083,18,0,7
7084,18,7,11
7085,18,2,10
7086,18,17,4
7087,18,0,7
7088,18,10,16
7089,18,8,9
7090,18,8,9
7091,18,8,9
7092,18,18,18
7093,18,10,16
7094,18,1,17
7095,18,0,7
7096,18,5,13
7097,18,11,15
7098,18,0,7
7099,18,1,17
7100,18,18,18
7101,18,0,7
7102,18,1,17
7103,18,15,2
7104,18,18,18
7105,18,0,7
7106,18,18,18
7107,18,15,2
7108,18,18,18
7109,18,18,18
7110,18,18,18
7111,18,7,11
7112,18,15,2
7113,18,1,17
7114,18,15,2
7115,18,18,18
7116,18,15,2
7117,18,19,8
7118,18,8,9
7119,18,2,10
7120,18,4,1
7121,18,3,6
7122,18,17,4
7123,18,3,6
7124,18,1,17
7125,18,1,17
7126,18,3,6
7127,18,18,18
7128,18,18,18
7129,18,17,4
7130,18,3,6
7131,18,18,18
7132,18,18,18
7133,18,18,18
7134,18,1,17
7135,18,18,18
7136,18,3,6
7137,18,18,18
7138,18,1,17
7139,18,7,11
7140,18,0,7
7141,18,16,0
7142,18,16,0
7143,18,8,9
7144,18,8,9
7145,18,8,9
7146,18,18,18
7147,18,17,4
7148,18,1,17
7149,18,15,2
7150,18,4,1
7151,18,18,18
7152,18,18,18
7153,18,3,6
7154,18,18,18
7155,18,1,17
7156,18,2,10
7157,18,12,5
7158,18,18,18
7159,18,4,1
7160,18,18,18
7161,18,3,6
7162,18,17,4
7163,18,3,6
7164,18,18,18
7165,18,12,5
7166,18,18,18
7167,18,8,9
7168,18,2,10
7169,18,3,6
7170,18,17,4
7171,18,3,6
7172,18,0,7
7173,18,2,10
7174,18,0,7
7175,18,0,7
7176,18,0,7
7177,18,17,4
7178,18,17,4
7179,18,18,18
7180,18,15,2
7181,18,18,18
7182,18,18,18
7183,18,19,8
7184,18,15,2
7185,18,3,6
7186,18,16,0
7187,18,15,2
7188,18,19,8
7189,18,1,17
7190,18,8,9
7191,18,0,7
7192,18,17,4
7193,18,11,15
7194,18,17,4
7195,18,18,18
7196,18,1,17
7197,18,11,15
7198,18,11,15
7199,18,19,8
7200,18,17,4
7201,18,8,9
7202,18,2,10
7203,18,0,7
7204,18,18,18
7205,18,8,9
7206,18,15,2
7207,18,17,4
7208,18,8,9
7209,18,4,1
7210,18,3,6
7211,18,17,4
7212,18,11,15
7213,18,18,18
7214,18,2,10
7215,18,14,19
7216,18,7,11
7217,18,3,6
7218,18,2,10
7219,18,1,17
7220,18,0,7
7221,18,5,13
7222,18,17,4
7223,18,8,9
7224,18,14,19
7225,18,17,4
7226,18,17,4
7227,18,12,5
7228,18,18,18
7229,18,16,0
7230,18,0,7
7231,18,2,10
7232,18,17,4
7233,18,15,2
7234,18,3,6
7235,18,17,4
7236,18,13,3
7237,18,1,17
7238,18,0,7
7239,18,16,0
7240,18,14,19
7241,18,18,18
7242,18,19,8
7243,18,12,5
7244,18,0,7
7245,18,2,10
7246,18,0,7
7247,18,16,0
7248,18,18,18
7249,18,1,17
7250,18,17,4
7251,18,14,19
7252,18,16,0
7253,18,8,9
7254,18,14,19
7255,18,18,18
7256,18,3,6
7257,18,15,2
7258,18,18,18
7259,18,18,18
7260,18,3,6
7261,18,0,7
7262,18,1,17
7263,18,1,17
7264,18,18,18
7265,18,2,10
7266,18,8,9
7267,18,8,9
7268,18,1,17
7269,18,1,17
7270,18,8,9
7271,18,19,8
7272,18,15,2
7273,18,0,7
7274,18,19,8
7275,18,6,14
7276,18,8,9
7277,18,18,18
7278,18,2,10
7279,18,2,10
7280,18,17,4
7281,18,10,16
7282,18,0,7
7283,18,17,4
7284,18,15,2
7285,18,0,7
7286,18,12,5
7287,18,10,16
7288,18,15,2
7289,18,18,18
7290,18,2,10
7291,18,17,4
7292,18,18,18
7293,18,15,2
7294,18,0,7
7295,18,15,2
7296,18,15,2
7297,18,17,4
7298,18,18,18
7299,18,18,18
7300,18,10,16
7301,18,8,9
7302,18,17,4
7303,18,0,7
7304,18,18,18
7305,18,11,15
7306,18,11,15
7307,18,18,18
7308,18,2,10
7309,18,14,19
7310,18,14,19
7311,18,4,1
7312,18,1,17
7313,18,18,18
7314,18,0,7
7315,18,16,0
7316,18,17,4
7317,18,17,4
7318,18,11,15
7319,18,17,4
7320,18,1,17
7321,18,14,19
7322,18,15,2
7323,18,18,18
7324,18,4,1
7325,18,2,10
7326,18,1,17
7327,18,12,5
7328,18,17,4
7329,18,2,10
7330,18,7,11
7331,18,0,7
7332,18,9,12
7333,18,0,7
7334,18,9,12
7335,18,6,14
7336,18,15,2
7337,18,17,4
7338,18,14,19
7339,18,0,7
7340,18,0,7
7341,18,18,18
7342,18,8,9
7343,18,15,2
7344,18,9,12
7345,18,3,6
7346,18,13,3
7347,18,2,10
7348,18,17,4
7349,18,3,6
7350,18,17,4
7351,18,17,4
7352,18,8,9
7353,18,0,7
7354,18,16,0
7355,18,19,8
7356,18,3,6
7357,18,17,4
7358,18,3,6
7359,18,0,7
7360,18,8,9
7361,18,0,7
7362,18,15,2
7363,18,16,0
7364,18,3,6
7365,18,8,9
7366,18,7,11
7367,18,7,11
7368,18,14,19
7369,18,14,19
7370,18,1,17
7371,18,0,7
7372,18,0,7
7373,18,6,14
7374,18,3,6
7375,18,17,4
7376,18,17,4
7377,18,3,6
7378,18,1,17
7379,18,18,18
7380,18,12,5
7381,18,4,1
7382,18,15,2
7383,18,8,9
7384,18,1,17
7385,18,7,11
7386,18,17,4
7387,18,15,2
7388,18,16,0
7389,18,14,19
7390,18,2,10
7391,18,19,8
7392,18,17,4
7393,18,14,19
7394,18,14,19
7395,18,0,7
7396,18,2,10
7397,18,17,4
7398,18,17,4
7399,18,14,19
7400,18,1,17
7401,18,6,14
7402,18,8,9
7403,18,10,16
7404,18,15,2
7405,18,17,4
7406,18,5,13
7407,18,0,7
7408,18,13,3
7409,18,2,10
7410,18,2,10
7411,18,10,16
7412,18,18,18
7413,18,16,0
7414,18,18,18
7415,18,17,4
7416,18,16,0
7417,18,8,9
7418,18,8,9
7419,18,2,10
7420,18,19,8
7421,18,6,14
7422,18,8,9
7423,18,5,13
7424,18,0,7
7425,18,19,8
7426,18,15,2
7427,18,15,2
7428,18,14,19
7429,18,17,4
7430,18,18,18
7431,18,2,10
7432,18,17,4
7433,18,6,14
7434,18,2,10
7435,18,1,17
7436,18,0,7
7437,18,0,7
7438,18,16,0
7439,18,8,9
7440,18,19,8
7441,18,19,8
7442,18,18,18
7443,18,14,19
7444,18,0,7
7445,18,18,18
7446,18,3,6
7447,18,7,11
7448,18,8,9
7449,18,8,9
7450,18,14,19
7451,18,1,17
7452,18,17,4
7453,18,9,12
7454,5,17,4
7455,5,1,17
7456,5,8,9
7457,5,13,3
7458,5,8,9
7459,5,5,13
7460,5,0,7
7461,5,12,5
7462,5,15,2
7463,5,8,9
7464,5,0,7
7465,5,14,19
7466,5,2,10
7467,5,17,4
7468,5,7,11
7469,5,3,6
7470,5,8,9
7471,5,18,18
7472,5,17,4
7473,5,0,7
7474,5,12,5
7475,5,11,15
7476,5,2,10
7477,5,18,18
7478,5,8,9
7479,5,7,11
7480,5,3,6
7481,5,19,8
7482,5,0,7
7483,5,19,8
7484,5,18,18
7485,5,1,17
7486,5,18,18
7487,5,1,17
7488,5,12,5
7489,5,15,2
7490,5,8,9
7491,6,9,12
7492,6,16,0
7493,6,2,10
7494,6,3,6
7495,6,18,18
7496,6,8,9
7497,6,0,7
7498,6,1,17
7499,6,1,17
7500,6,18,18
7501,6,2,10
7502,6,18,18
7503,6,17,4
7504,6,18,18
7505,6,0,7
7506,6,17,4
7507,6,17,4
7508,6,0,7
7509,6,9,12
7510,6,8,9
7511,6,18,18
7512,6,5,13
7513,6,8,9
7514,6,2,10
7515,6,18,18
7516,6,18,18
7517,6,1,17
7518,6,16,0
7519,6,15,2
7520,6,1,17
7521,6,0,7
7522,6,0,7
7523,6,3,6
7524,6,8,9
7525,6,8,9
7526,6,12,5
7527,6,1,17
7528,6,11,15
7529,6,3,6
7530,6,3,6
7531,6,19,8
7532,6,17,4
7533,6,0,7
7534,6,0,7
7535,6,3,6
7536,6,3,6
7537,6,14,19
7538,6,2,10
7539,6,8,9
7540,6,2,10
7541,6,2,10
7542,6,1,17
7543,6,0,7
7544,6,15,2
7545,6,0,7
7546,6,8,9
7547,6,19,8
7548,6,3,6
7549,6,12,5
7550,6,18,18
7551,6,16,0
7552,6,10,16
7553,6,4,1
7554,6,15,2
7555,6,2,10
7556,6,17,4
7557,6,17,4
7558,6,19,8
7559,6,16,0
7560,6,7,11
7561,6,12,5
7562,6,3,6
7563,6,3,6
7564,6,18,18
7565,6,18,18
7566,6,17,4
7567,6,17,4
7568,6,19,8
7569,6,3,6
7570,6,5,13
7571,6,14,19
7572,6,7,11
7573,6,3,6
7574,6,12,5
7575,6,0,7
7576,6,3,6
7577,6,5,13
7578,6,17,4
7579,6,0,7
7580,6,7,11
7581,6,14,19
7582,6,19,8
7583,6,0,7
7584,6,7,11
7585,6,2,10
7586,6,8,9
7587,6,17,4
7588,6,0,7
7589,6,0,7
7590,6,11,15
7591,6,3,6
7592,6,0,7
7593,6,19,8
7594,6,8,9
7595,6,19,8
7596,6,17,4
7597,6,19,8
7598,6,6,14
7599,6,0,7
7600,6,8,9
7601,6,2,10
7602,6,2,10
7603,6,3,6
7604,6,18,18
7605,6,17,4
7606,6,2,10
7607,6,2,10
7608,6,3,6
7609,6,17,4
7610,6,7,11
7611,6,10,16
7612,6,2,10
7613,6,0,7
7614,6,19,8
7615,6,12,5
7616,6,3,6
7617,6,1,17
7618,6,1,17
7619,6,18,18
7620,6,19,8
7621,6,1,17
7622,6,5,13
7623,6,0,7
7624,6,18,18
7625,6,11,15
7626,6,3,6
7627,6,2,10
7628,6,17,4
7629,6,18,18
7630,6,14,19
7631,6,2,10
7632,6,3,6
7633,6,18,18
7634,6,1,17
7635,6,0,7
7636,6,18,18
7637,6,4,1
7638,6,2,10
7639,6,3,6
7640,6,18,18
7641,6,12,5
7642,6,8,9
7643,6,14,19
7644,6,18,18
7645,6,8,9
7646,6,18,18
7647,6,1,17
7648,6,8,9
7649,6,8,9
7650,6,10,16
7651,6,1,17
7652,6,2,10
7653,6,7,11
7654,6,8,9
7655,6,3,6
7656,6,7,11
7657,6,18,18
7658,6,18,18
7659,6,3,6
7660,6,18,18
7661,6,8,9
7662,6,18,18
7663,6,18,18
7664,6,2,10
7665,6,17,4
7666,6,18,18
7667,6,0,7
7668,6,1,17
7669,6,18,18
7670,6,1,17
7671,6,19,8
7672,6,5,13
7673,6,17,4
7674,6,18,18
7675,6,8,9
7676,6,5,13
7677,6,1,17
7678,6,8,9
7679,6,0,7
7680,6,7,11
7681,6,18,18
7682,6,18,18
7683,6,8,9
7684,6,0,7
7685,6,0,7
7686,6,12,5
7687,6,16,0
7688,6,17,4
7689,6,0,7
7690,6,8,9
7691,6,2,10
7692,6,19,8
7693,6,18,18
7694,6,17,4
7695,6,16,0
7696,6,19,8
7697,6,6,14
7698,6,12,5
7699,6,8,9
7700,6,8,9
7701,6,17,4
7702,6,16,0
7703,6,7,11
7704,6,6,14
7705,6,7,11
7706,6,3,6
7707,6,7,11
7708,6,1,17
7709,6,9,12
7710,6,0,7
7711,6,14,19
7712,6,8,9
7713,6,3,6
7714,6,2,10
7715,6,8,9
7716,6,17,4
7717,6,18,18
7718,6,6,14
7719,6,8,9
7720,6,14,19
7721,6,7,11
7722,6,1,17
7723,6,2,10
7724,6,3,6
7725,6,18,18
7726,6,15,2
7727,6,16,0
7728,6,3,6
7729,6,18,18
7730,6,15,2
7731,6,5,13
7732,6,1,17
7733,6,8,9
7734,6,3,6
7735,6,18,18
7736,6,17,4
7737,6,2,10
7738,6,2,10
7739,6,0,7
7740,6,1,17
7741,6,0,7
7742,6,19,8
7743,6,0,7
7744,6,0,7
7745,6,17,4
7746,6,17,4
7747,6,19,8
7748,6,2,10
7749,6,12,5
7750,6,7,11
7751,6,18,18
7752,6,18,18
7753,6,18,18
7754,6,17,4
7755,6,4,1
7756,6,8,9
7757,6,14,19
7758,6,1,17
7759,6,0,7
7760,6,18,18
7761,6,18,18
7762,6,9,12
7763,6,5,13
7764,6,3,6
7765,6,2,10
7766,6,18,18
7767,6,2,10
7768,6,19,8
7769,6,0,7
7770,6,18,18
7771,6,1,17
7772,6,3,6
7773,6,0,7
7774,6,0,7
7775,6,1,17
7776,6,7,11
7777,6,3,6
7778,6,0,7
7779,6,2,10
7780,6,1,17
7781,6,19,8
7782,6,9,12
7783,6,7,11
7784,6,15,2
7785,6,3,6
7786,6,0,7
7787,6,2,10
7788,6,3,6
7789,6,3,6
7790,6,2,10
7791,6,8,9
7792,6,7,11
7793,6,14,19
7794,6,8,9
7795,6,2,10
7796,6,5,13
7797,6,17,4
7798,6,7,11
7799,6,0,7
7800,6,18,18
7801,6,14,19
7802,6,17,4
7803,6,7,11
7804,6,2,10
7805,6,2,10
7806,6,18,18
7807,6,15,2
7808,6,0,7
7809,6,12,5
7810,6,0,7
7811,6,1,17
7812,6,16,0
7813,6,3,6
7814,6,2,10
7815,6,1,17
7816,6,14,19
7817,6,1,17
7818,6,0,7
7819,6,17,4
7820,6,16,0
7821,6,0,7
7822,6,15,2
7823,6,8,9
7824,6,18,18
7825,6,18,18
7826,6,7,11
7827,6,18,18
7828,6,2,10
7829,6,14,19
7830,6,17,4
7831,6,2,10
7832,6,17,4
7833,6,6,14
7834,6,0,7
7835,6,17,4
7836,6,2,10
7837,6,7,11
7838,6,0,7
7839,6,19,8
7840,6,18,18
7841,6,2,10
7842,6,2,10
7843,6,0,7
7844,6,6,14
7845,6,6,14
7846,6,2,10
7847,6,15,2
7848,6,14,19
7849,6,12,5
7850,6,8,9
7851,6,14,19
7852,6,8,9
7853,6,2,10
7854,6,0,7
7855,6,10,16
7856,6,12,5
7857,6,15,2
7858,6,1,17
7859,6,1,17
7860,6,2,10
7861,6,1,17
7862,6,3,6
7863,6,8,9
7864,6,15,2
7865,6,7,11
7866,6,12,5
7867,6,8,9
7868,6,18,18
7869,6,14,19
7870,6,0,7
7871,6,8,9
7872,6,3,6
7873,6,15,2
7874,6,3,6
7875,6,1,17
7876,6,12,5
7877,6,11,15
7878,6,18,18
7879,6,17,4
7880,6,2,10
7881,6,2,10
7882,6,3,6
7883,6,18,18
7884,6,19,8
7885,6,15,2
7886,6,14,19
7887,6,1,17
7888,6,0,7
7889,6,0,7
7890,6,2,10
7891,6,1,17
7892,6,1,17
7893,6,1,17
7894,6,15,2
7895,6,2,10
7896,6,17,4
7897,6,7,11
7898,6,3,6
7899,6,7,11
7900,6,8,9
7901,6,15,2
7902,6,0,7
7903,6,6,14
7904,6,18,18
7905,6,12,5
7906,6,18,18
7907,6,3,6
7908,6,7,11
7909,6,19,8
7910,6,14,19
7911,6,2,10
7912,6,12,5
7913,6,12,5
7914,6,0,7
7915,6,18,18
7916,6,0,7
7917,6,17,4
7918,6,17,4
7919,6,8,9
7920,6,19,8
7921,6,0,7
7922,6,1,17
7923,6,0,7
7924,6,2,10
7925,6,2,10
7926,6,0,7
7927,6,7,11
7928,6,2,10
7929,6,8,9
7930,6,19,8
7931,6,0,7
7932,6,0,7
7933,6,0,7
7934,6,18,18
7935,6,5,13
7936,6,18,18
7937,6,8,9
7938,6,3,6
7939,6,18,18
7940,6,6,14
7941,6,2,10
7942,6,16,0
7943,6,15,2
7944,6,17,4
7945,6,19,8
7946,6,4,1
7947,6,18,18
7948,6,18,18
7949,6,8,9
7950,6,3,6
7951,6,15,2
7952,6,12,5
7953,6,12,5
7954,6,3,6
7955,6,15,2
7956,6,3,6
7957,6,9,12
7958,6,0,7
7959,6,0,7
7960,6,8,9
7961,6,0,7
7962,6,7,11
7963,6,14,19
7964,6,5,13
7965,6,16,0
7966,6,2,10
7967,6,2,10
7968,6,14,19
7969,6,16,0
7970,6,0,7
7971,6,8,9
7972,6,19,8
7973,6,19,8
7974,6,16,0
7975,6,1,17
7976,6,18,18
7977,6,3,6
7978,6,8,9
7979,6,17,4
7980,6,0,7
7981,6,18,18
7982,6,5,13
7983,6,2,10
7984,6,18,18
7985,6,18,18
7986,6,17,4
7987,6,1,17
7988,6,8,9
7989,6,18,18
7990,6,0,7
7991,6,1,17
7992,6,0,7
7993,7,0,7
7994,7,18,18
7995,7,0,7
7996,7,15,2
7997,7,0,7
7998,7,19,8
7999,7,2,10
8000,7,4,1
8001,7,4,1
8002,7,1,17
8003,7,18,18
8004,7,0,7
8005,7,1,17
8006,7,0,7
8007,7,4,1
8008,7,3,6
8009,7,15,2
8010,7,5,13
8011,7,16,0
8012,7,18,18
8013,7,0,7
8014,7,16,0
8015,7,16,0
8016,7,16,0
8017,7,3,6
8018,7,14,19
8019,7,1,17
8020,7,17,4
8021,7,8,9
8022,7,0,7
8023,7,19,8
8024,7,0,7
8025,7,8,9
8026,7,0,7
8027,7,4,1
8028,7,3,6
8029,7,18,18
8030,7,17,4
8031,7,14,19
8032,7,17,4
8033,7,18,18
8034,7,15,2
8035,7,0,7
8036,7,3,6
8037,7,8,9
8038,7,18,18
8039,7,18,18
8040,7,3,6
8041,7,17,4
8042,7,7,11
8043,7,10,16
8044,7,16,0
8045,7,1,17
8046,7,1,17
8047,7,9,12
8048,7,2,10
8049,7,18,18
8050,7,10,16
8051,7,8,9
8052,7,18,18
8053,7,10,16
8054,7,15,2
8055,7,2,10
8056,7,3,6
8057,7,0,7
8058,7,16,0
8059,7,0,7
8060,7,15,2
8061,7,0,7
8062,7,16,0
8063,7,1,17
8064,7,1,17
8065,7,8,9
8066,7,2,10
8067,7,2,10
8068,7,0,7
8069,7,18,18
8070,7,17,4
8071,7,15,2
8072,7,14,19
8073,7,3,6
8074,7,2,10
8075,7,3,6
8076,7,14,19
8077,7,0,7
8078,7,8,9
8079,7,0,7
8080,7,0,7
8081,7,3,6
8082,7,1,17
8083,7,14,19
8084,7,15,2
8085,7,2,10
8086,7,18,18
8087,7,0,7
8088,7,19,8
8089,7,3,6
8090,7,8,9
8091,7,3,6
8092,7,8,9
8093,7,3,6
8094,7,17,4
8095,7,0,7
8096,7,19,8
8097,7,17,4
8098,7,0,7
8099,7,8,9
8100,7,2,10
8101,7,19,8
8102,7,17,4
8103,7,2,10
8104,7,19,8
8105,7,17,4
8106,7,19,8
8107,7,0,7
8108,7,18,18
8109,7,18,18
8110,7,12,5
8111,7,2,10
8112,7,0,7
8113,7,0,7
8114,7,18,18
8115,7,16,0
8116,7,1,17
8117,7,19,8
8118,7,8,9
8119,7,18,18
8120,7,18,18
8121,7,19,8
8122,7,8,9
8123,7,2,10
8124,7,19,8
8125,7,17,4
8126,7,15,2
8127,7,0,7
8128,7,16,0
8129,7,0,7
8130,7,14,19
8131,7,1,17
8132,7,0,7
8133,7,3,6
8134,7,15,2
8135,7,18,18
8136,7,17,4
8137,7,8,9
8138,7,0,7
8139,7,8,9
8140,7,0,7
8141,7,18,18
8142,7,9,12
8143,7,0,7
8144,7,3,6
8145,7,19,8
8146,7,4,1
8147,7,18,18
8148,7,2,10
8149,7,18,18
8150,7,14,19
8151,7,17,4
8152,7,17,4
8153,7,3,6
8154,7,0,7
8155,7,8,9
8156,7,0,7
8157,7,15,2
8158,7,0,7
8159,7,13,3
8160,7,13,3
8161,7,5,13
8162,7,5,13
8163,7,15,2
8164,7,18,18
8165,7,7,11
8166,7,17,4
8167,7,8,9
8168,7,2,10
8169,7,18,18
8170,7,17,4
8171,7,0,7
8172,7,7,11
8173,7,2,10
8174,7,1,17
8175,7,15,2
8176,7,2,10
8177,7,1,17
8178,7,3,6
8179,7,2,10
8180,7,18,18
8181,7,8,9
8182,7,1,17
8183,7,19,8
8184,7,7,11
8185,7,18,18
8186,7,18,18
8187,7,2,10
8188,7,1,17
8189,7,2,10
8190,7,5,13
8191,7,12,5
8192,7,0,7
8193,7,17,4
8194,7,17,4
8195,7,12,5
8196,7,9,12
8197,7,7,11
8198,7,18,18
8199,7,0,7
8200,7,18,18
8201,7,7,11
8202,7,1,17
8203,7,18,18
8204,7,3,6
8205,7,0,7
8206,7,18,18
8207,7,15,2
8208,7,1,17
8209,7,15,2
8210,7,18,18
8211,7,18,18
8212,7,7,11
8213,7,2,10
8214,7,2,10
8215,7,17,4
8216,7,1,17
8217,7,8,9
8218,7,18,18
8219,7,10,16
8220,7,18,18
8221,7,0,7
8222,7,3,6
8223,7,0,7
8224,7,18,18
8225,7,10,16
8226,7,18,18
8227,7,1,17
8228,7,1,17
8229,7,8,9
8230,7,6,14
8231,7,1,17
8232,7,6,14
8233,7,17,4
8234,7,2,10
8235,7,8,9
8236,7,0,7
8237,7,14,19
8238,7,0,7
8239,7,1,17
8240,7,8,9
8241,7,4,1
8242,7,3,6
8243,7,7,11
8244,7,2,10
8245,7,0,7
8246,7,18,18
8247,7,15,2
8248,7,0,7
8249,7,3,6
8250,7,17,4
8251,7,5,13
8252,7,8,9
8253,7,11,15
8254,7,18,18
8255,7,8,9
8256,7,1,17
8257,7,2,10
8258,7,0,7
8259,7,15,2
8260,7,6,14
8261,7,2,10
8262,7,7,11
8263,7,2,10
8264,7,18,18
8265,7,15,2
8266,7,18,18
8267,7,18,18
8268,7,2,10
8269,7,1,17
8270,7,0,7
8271,7,0,7
8272,7,5,13
8273,7,6,14
8274,7,7,11
8275,7,3,6
8276,7,5,13
8277,7,18,18
8278,7,18,18
8279,7,17,4
8280,7,5,13
8281,7,17,4
8282,7,18,18
8283,7,2,10
8284,7,18,18
8285,7,3,6
8286,7,3,6
8287,7,15,2
8288,7,1,17
8289,7,3,6
8290,7,0,7
8291,7,18,18
8292,7,2,10
8293,7,2,10
8294,7,11,15
8295,7,8,9
8296,7,7,11
8297,7,7,11
8298,7,3,6
8299,7,19,8
8300,7,17,4
8301,7,17,4
8302,7,2,10
8303,7,19,8
8304,7,19,8
8305,7,3,6
8306,7,6,14
8307,7,18,18
8308,7,3,6
8309,7,0,7
8310,7,3,6
8311,7,2,10
8312,7,15,2
8313,7,2,10
8314,7,19,8
8315,7,19,8
8316,7,3,6
8317,7,15,2
8318,7,0,7
8319,7,17,4
8320,7,0,7
8321,7,3,6
8322,7,7,11
8323,7,18,18
8324,7,2,10
8325,7,1,17
8326,7,18,18
8327,7,12,5
8328,7,12,5
8329,7,1,17
8330,7,10,16
8331,7,2,10
8332,7,18,18
8333,7,2,10
8334,7,8,9
8335,7,1,17
8336,7,15,2
8337,7,8,9
8338,7,0,7
8339,7,17,4
8340,7,2,10
8341,7,7,11
8342,7,0,7
8343,7,5,13
8344,7,8,9
8345,7,18,18
8346,7,2,10
8347,7,2,10
8348,7,5,13
8349,7,2,10
8350,7,18,18
8351,7,17,4
8352,7,18,18
8353,7,19,8
8354,7,18,18
8355,7,12,5
8356,7,8,9
8357,7,18,18
8358,7,14,19
8359,7,7,11
8360,7,0,7
8361,7,16,0
8362,7,17,4
8363,7,6,14
8364,7,17,4
8365,7,18,18
8366,7,10,16
8367,7,0,7
8368,7,0,7
8369,7,8,9
8370,7,17,4
8371,7,0,7
8372,7,3,6
8373,7,18,18
8374,7,11,15
8375,7,16,0
8376,7,18,18
8377,7,18,18
8378,7,18,18
8379,7,1,17
8380,7,11,15
8381,7,1,17
8382,7,17,4
8383,7,0,7
8384,7,5,13
8385,7,1,17
8386,7,1,17
8387,7,1,17
8388,7,7,11
8389,7,1,17
8390,7,8,9
8391,7,4,1
8392,7,0,7
8393,7,0,7
8394,7,0,7
8395,7,0,7
8396,7,2,10
8397,7,6,14
8398,7,3,6
8399,7,17,4
8400,7,17,4
8401,7,16,0
8402,7,9,12
8403,7,5,13
8404,7,8,9
8405,7,14,19
8406,7,18,18
8407,7,0,7
8408,7,0,7
8409,7,6,14
8410,7,19,8
8411,7,8,9
8412,7,2,10
8413,7,5,13
8414,7,5,13
8415,7,15,2
8416,7,0,7
8417,7,7,11
8418,7,14,19
8419,7,18,18
8420,7,7,11
8421,7,8,9
8422,7,0,7
8423,7,14,19
8424,7,0,7
8425,7,15,2
8426,7,18,18
8427,7,14,19
8428,7,18,18
8429,7,5,13
8430,7,2,10
8431,7,5,13
8432,7,14,19
8433,7,0,7
8434,7,18,18
8435,7,18,18
8436,7,3,6
8437,7,1,17
8438,7,18,18
8439,7,3,6
8440,7,1,17
8441,7,7,11
8442,7,8,9
8443,7,2,10
8444,7,18,18
8445,7,9,12
8446,7,0,7
8447,7,0,7
8448,7,0,7
8449,7,3,6
8450,7,16,0
8451,7,17,4
8452,7,1,17
8453,7,1,17
8454,7,14,19
8455,7,0,7
8456,7,18,18
8457,7,16,0
8458,7,8,9
8459,7,16,0
8460,7,12,5
8461,7,8,9
8462,7,15,2
8463,7,17,4
8464,7,18,18
8465,7,11,15
8466,7,5,13
8467,7,5,13
8468,7,19,8
8469,7,18,18
8470,7,0,7
8471,7,18,18
8472,7,0,7
8473,7,6,14
8474,7,8,9
8475,7,1,17
8476,7,1,17
8477,7,2,10
8478,7,15,2
8479,7,18,18
8480,7,17,4
8481,7,6,14
8482,7,17,4
8483,7,17,4
8484,7,8,9
8485,7,14,19
8486,7,4,1
8487,7,12,5
8488,7,14,19
8489,7,8,9
8490,7,7,11
8491,7,0,7
8492,7,18,18
8493,7,1,17
8494,7,19,8
8495,7,8,9
8496,7,2,10
8497,7,17,4
8498,7,2,10
8499,7,0,7
8500,7,2,10
8501,7,11,15
8502,7,5,13
8503,7,2,10
8504,7,5,13
8505,7,18,18
8506,7,2,10
8507,7,18,18
8508,7,1,17
8509,7,18,18
8510,7,15,2
8511,7,16,0
8512,7,1,17
8513,7,18,18
8514,7,8,9
8515,7,14,19
8516,7,18,18
8517,7,19,8
8518,7,4,1
8519,7,8,9
8520,7,7,11
8521,7,0,7
8522,7,19,8
8523,7,0,7
8524,7,17,4
8525,7,3,6
8526,7,3,6
8527,7,10,16
8528,7,2,10
8529,7,17,4
8530,7,17,4
8531,7,3,6
8532,7,14,19
8533,7,11,15
8534,7,1,17
8535,7,3,6
8536,7,17,4
8537,7,1,17
8538,7,1,17
8539,7,18,18
8540,7,12,5
8541,7,15,2
8542,7,0,7
8543,7,14,19
8544,7,3,6
8545,7,2,10
8546,7,2,10
8547,7,18,18
8548,7,19,8
8549,7,17,4
8550,7,3,6
8551,7,18,18
8552,7,8,9
8553,7,14,19
8554,7,5,13
8555,7,8,9
8556,7,0,7
8557,7,8,9
8558,7,14,19
8559,7,9,12
8560,7,13,3
8561,7,16,0
8562,7,18,18
8563,7,16,0
8564,7,0,7
8565,7,2,10
8566,7,7,11
8567,7,2,10
8568,7,16,0
8569,7,17,4
8570,7,0,7
8571,7,0,7
8572,7,17,4
8573,7,5,13
8574,7,0,7
8575,7,2,10
8576,7,15,2
8577,7,16,0
8578,7,0,7
8579,7,17,4
8580,7,8,9
8581,7,0,7
8582,7,17,4
8583,7,1,17
8584,7,8,9
8585,7,19,8
8586,7,8,9
8587,7,14,19
8588,7,8,9
8589,7,15,2
8590,7,0,7
8591,7,14,19
8592,7,14,19
8593,7,1,17
8594,7,6,14
8595,7,1,17
8596,7,16,0
8597,7,15,2
8598,7,8,9
8599,7,1,17
8600,7,14,19
8601,7,12,5
8602,7,16,0
8603,7,19,8
8604,7,18,18
8605,7,3,6
8606,7,2,10
8607,7,9,12
8608,7,2,10
8609,7,18,18
8610,7,18,18
8611,7,18,18
8612,7,8,9
8613,7,3,6
8614,7,7,11
8615,7,3,6
8616,7,2,10
8617,7,1,17
8618,7,8,9
8619,7,0,7
8620,7,2,10
8621,7,0,7
8622,7,6,14
8623,7,2,10
8624,7,18,18
8625,7,19,8
8626,7,17,4
8627,7,2,10
8628,7,19,8
8629,7,4,1
8630,7,12,5
8631,7,8,9
8632,7,17,4
8633,7,2,10
8634,7,8,9
8635,7,18,18
8636,7,0,7
8637,7,2,10
8638,7,19,8
8639,7,8,9
8640,7,2,10
8641,7,3,6
8642,7,0,7
8643,7,13,3
8644,7,8,9
8645,7,15,2
8646,7,0,7
8647,7,2,10
8648,7,18,18
8649,7,12,5
8650,7,0,7
8651,7,0,7
8652,7,18,18
8653,7,0,7
8654,7,5,13
8655,7,0,7
8656,7,18,18
8657,7,2,10
8658,7,16,0
8659,7,8,9
8660,7,8,9
8661,7,0,7
8662,7,7,11
8663,7,3,6
8664,7,9,12
8665,7,18,18
8666,7,15,2
8667,7,0,7
8668,7,0,7
8669,7,8,9
8670,7,6,14
8671,7,6,14
8672,7,0,7
8673,7,0,7
8674,7,8,9
8675,7,0,7
8676,7,13,3
8677,7,0,7
8678,7,17,4
8679,7,8,9
8680,7,1,17
8681,7,9,12
8682,7,0,7
8683,7,1,17
8684,7,7,11
8685,7,9,12
8686,8,6,14
8687,8,2,10
8688,8,8,9
8689,8,13,3
8690,8,0,7
8691,8,15,2
8692,8,3,6
8693,8,3,6
8694,8,13,3
8695,8,8,9
8696,8,18,18
8697,8,18,18
8698,8,2,10
8699,8,6,14
8700,8,3,6
8701,8,15,2
8702,8,16,0
8703,8,0,7
8704,8,17,4
8705,8,6,14
8706,8,1,17
8707,8,14,19
8708,8,8,9
8709,8,17,4
8710,8,18,18
8711,8,14,19
8712,8,2,10
8713,8,1,17
8714,8,2,10
8715,8,17,4
8716,8,0,7
8717,8,0,7
8718,8,12,5
8719,8,4,1
8720,8,8,9
8721,8,7,11
8722,8,0,7
8723,8,0,7
8724,8,18,18
8725,8,4,1
8726,8,4,1
8727,8,17,4
8728,8,0,7
8729,8,0,7
8730,8,19,8
8731,8,1,17
8732,8,0,7
8733,8,17,4
8734,8,2,10
8735,8,17,4
8736,8,5,13
8737,8,2,10
8738,8,0,7
8739,8,16,0
8740,8,8,9
8741,8,19,8
8742,8,17,4
8743,8,18,18
8744,8,1,17
8745,8,12,5
8746,8,18,18
8747,8,19,8
8748,8,8,9
8749,8,18,18
8750,8,19,8
8751,8,15,2
8752,8,12,5
8753,8,0,7
8754,8,17,4
8755,8,7,11
8756,8,17,4
8757,8,2,10
8758,8,0,7
8759,8,14,19
8760,8,5,13
8761,8,11,15
8762,8,17,4
8763,8,1,17
8764,8,0,7
8765,8,15,2
8766,8,1,17
8767,8,3,6
8768,8,19,8
8769,8,17,4
8770,8,0,7
8771,8,5,13
8772,8,7,11
8773,8,19,8
8774,8,0,7
8775,8,19,8
8776,8,15,2
8777,8,1,17
8778,8,2,10
8779,8,6,14
8780,8,15,2
8781,8,3,6
8782,8,8,9
8783,8,16,0
8784,8,5,13
8785,8,2,10
8786,8,18,18
8787,8,0,7
8788,8,10,16
8789,8,1,17
8790,8,18,18
8791,8,0,7
8792,8,1,17
8793,8,17,4
8794,8,2,10
8795,8,0,7
8796,8,0,7
8797,8,18,18
8798,8,1,17
8799,8,18,18
8800,8,1,17
8801,8,6,14
8802,8,0,7
8803,8,15,2
8804,8,17,4
8805,8,2,10
8806,8,17,4
8807,8,7,11
8808,8,9,12
8809,8,0,7
8810,8,4,1
8811,8,2,10
8812,8,8,9
8813,8,0,7
8814,8,0,7
8815,8,2,10
8816,8,18,18
8817,8,18,18
8818,8,0,7
8819,8,17,4
8820,8,2,10
8821,8,19,8
8822,8,5,13
8823,8,0,7
8824,8,0,7
8825,8,0,7
8826,8,19,8
8827,8,19,8
8828,8,17,4
8829,8,0,7
8830,8,2,10
8831,8,2,10
8832,8,15,2
8833,8,1,17
8834,8,2,10
8835,8,18,18
8836,8,3,6
8837,8,13,3
8838,8,1,17
8839,8,0,7
8840,8,6,14
8841,8,15,2
8842,8,1,17
8843,8,15,2
8844,8,0,7
8845,8,2,10
8846,8,3,6
8847,8,3,6
8848,8,17,4
8849,8,0,7
8850,8,14,19
8851,8,2,10
8852,8,5,13
8853,8,2,10
8854,8,18,18
8855,8,11,15
8856,8,19,8
8857,8,0,7
8858,8,1,17
8859,8,0,7
8860,8,2,10
8861,8,10,16
8862,8,18,18
8863,8,0,7
8864,8,2,10
8865,8,17,4
8866,8,5,13
8867,8,16,0
8868,8,0,7
8869,8,2,10
8870,8,17,4
8871,8,2,10
8872,8,3,6
8873,8,19,8
8874,8,0,7
8875,8,18,18
8876,8,3,6
8877,8,1,17
8878,8,5,13
8879,8,5,13
8880,8,8,9
8881,8,1,17
8882,8,15,2
8883,8,4,1
8884,8,18,18
8885,8,14,19
8886,8,12,5
8887,8,14,19
8888,8,0,7
8889,8,12,5
8890,8,0,7
8891,8,3,6
8892,8,15,2
8893,8,19,8
8894,8,15,2
8895,8,18,18
8896,8,1,17
8897,8,18,18
8898,8,17,4
8899,8,15,2
8900,8,9,12
8901,8,17,4
8902,8,17,4
8903,8,0,7
8904,8,7,11
8905,8,1,17
8906,8,2,10
8907,8,14,19
8908,8,18,18
8909,8,7,11
8910,8,5,13
8911,8,14,19
8912,8,7,11
8913,8,8,9
8914,8,0,7
8915,8,0,7
8916,8,8,9
8917,8,4,1
8918,8,19,8
8919,8,3,6
8920,8,17,4
8921,8,19,8
8922,8,17,4
8923,8,8,9
8924,8,19,8
8925,8,0,7
8926,8,14,19
8927,8,3,6
8928,8,12,5
8929,8,5,13
8930,8,14,19
8931,8,2,10
8932,8,10,16
8933,8,0,7
8934,8,8,9
8935,8,8,9
8936,8,0,7
8937,8,19,8
8938,8,17,4
8939,8,2,10
8940,8,18,18
8941,8,16,0
8942,8,1,17
8943,8,0,7
8944,8,14,19
8945,8,3,6
8946,8,17,4
8947,8,0,7
8948,8,2,10
8949,8,17,4
8950,8,16,0
8951,8,3,6
8952,8,17,4
8953,8,7,11
8954,8,0,7
8955,8,1,17
8956,8,0,7
8957,8,15,2
8958,8,12,5
8959,8,15,2
8960,8,15,2
8961,8,15,2
8962,8,1,17
8963,8,4,1
8964,8,9,12
8965,8,14,19
8966,8,15,2
8967,8,9,12
8968,8,17,4
8969,8,2,10
8970,8,6,14
8971,8,1,17
8972,8,15,2
8973,8,0,7
8974,8,8,9
8975,8,2,10
8976,8,14,19
8977,8,8,9
8978,8,18,18
8979,8,18,18
8980,8,8,9
8981,8,8,9
8982,8,15,2
8983,8,16,0
8984,8,15,2
8985,8,18,18
8986,8,17,4
8987,8,3,6
8988,8,10,16
8989,8,19,8
8990,8,3,6
8991,8,6,14
8992,8,16,0
8993,8,16,0
8994,8,18,18
8995,8,5,13
8996,8,0,7
8997,8,18,18
8998,8,0,7
8999,8,5,13
9000,8,8,9
9001,8,18,18
9002,8,3,6
9003,8,8,9
9004,8,0,7
9005,8,2,10
9006,8,18,18
9007,8,0,7
9008,8,5,13
9009,8,2,10
9010,8,0,7
9011,8,0,7
9012,8,18,18
9013,8,3,6
9014,8,16,0
9015,8,0,7
9016,8,0,7
9017,8,0,7
9018,8,1,17
9019,8,5,13
9020,8,2,10
9021,8,0,7
9022,8,3,6
9023,8,18,18
9024,8,15,2
9025,8,18,18
9026,8,17,4
9027,8,17,4
9028,8,18,18
9029,8,2,10
9030,8,17,4
9031,8,18,18
9032,8,18,18
9033,8,2,10
9034,8,16,0
9035,8,0,7
9036,8,17,4
9037,8,1,17
9038,8,14,19
9039,8,0,7
9040,8,15,2
9041,8,1,17
9042,8,7,11
9043,8,0,7
9044,8,17,4
9045,8,10,16
9046,8,17,4
9047,8,0,7
9048,8,0,7
9049,8,18,18
9050,8,7,11
9051,8,1,17
9052,8,18,18
9053,8,7,11
9054,8,3,6
9055,8,3,6
9056,8,18,18
9057,8,19,8
9058,8,17,4
9059,8,17,4
9060,8,11,15
9061,8,4,1
9062,8,5,13
9063,8,16,0
9064,8,18,18
9065,8,19,8
9066,8,4,1
9067,8,14,19
9068,8,18,18
9069,8,10,16
9070,8,12,5
9071,8,5,13
9072,8,0,7
9073,8,2,10
9074,8,3,6
9075,8,17,4
9076,8,14,19
9077,8,2,10
9078,8,18,18
9079,8,14,19
9080,8,0,7
9081,8,14,19
9082,8,17,4
9083,8,0,7
9084,8,16,0
9085,8,9,12
9086,8,19,8
9087,8,5,13
9088,8,8,9
9089,8,8,9
9090,8,3,6
9091,8,2,10
9092,8,16,0
9093,8,0,7
9094,8,8,9
9095,8,16,0
9096,8,3,6
9097,8,0,7
9098,8,2,10
9099,8,16,0
9100,8,7,11
9101,8,0,7
9102,8,3,6
9103,8,0,7
9104,8,8,9
9105,8,0,7
9106,8,17,4
9107,8,0,7
9108,8,18,18
9109,8,1,17
9110,8,15,2
9111,8,8,9
9112,8,18,18
9113,8,17,4
9114,8,3,6
9115,8,8,9
9116,8,7,11
9117,8,1,17
9118,8,0,7
9119,8,16,0
9120,8,7,11
9121,8,8,9
9122,8,4,1
9123,8,19,8
9124,8,0,7
9125,8,0,7
9126,8,0,7
9127,8,0,7
9128,8,17,4
9129,8,17,4
9130,8,2,10
9131,8,16,0
9132,8,8,9
9133,8,3,6
9134,8,17,4
9135,8,2,10
9136,8,5,13
9137,8,18,18
9138,8,18,18
9139,8,5,13
9140,8,14,19
9141,8,14,19
9142,8,18,18
9143,8,8,9
9144,8,3,6
9145,8,5,13
9146,8,8,9
9147,8,18,18
9148,8,8,9
9149,8,18,18
9150,8,4,1
9151,8,10,16
9152,8,0,7
9153,8,8,9
9154,8,6,14
9155,8,7,11
9156,8,0,7
9157,8,2,10
9158,8,4,1
9159,8,12,5
9160,8,18,18
9161,8,17,4
9162,8,8,9
9163,8,17,4
9164,8,19,8
9165,8,0,7
9166,8,17,4
9167,8,17,4
9168,8,2,10
9169,8,16,0
9170,8,17,4
9171,8,2,10
9172,8,17,4
9173,8,2,10
9174,8,19,8
9175,8,17,4
9176,8,2,10
9177,8,3,6
9178,8,2,10
9179,8,0,7
9180,8,0,7
9181,8,8,9
9182,8,18,18
9183,8,4,1
9184,8,3,6
9185,8,8,9
9186,8,0,7
9187,8,18,18
9188,8,11,15
9189,8,12,5
9190,8,2,10
9191,8,8,9
9192,8,5,13
9193,8,3,6
9194,8,8,9
9195,8,2,10
9196,8,18,18
9197,8,3,6
9198,8,3,6
9199,8,16,0
9200,8,7,11
9201,8,17,4
9202,8,18,18
9203,8,12,5
9204,8,0,7
9205,8,1,17
9206,8,18,18
9207,8,7,11
9208,8,9,12
9209,8,17,4
9210,8,7,11
9211,8,7,11
9212,8,7,11
9213,8,18,18
9214,8,2,10
9215,8,15,2
9216,8,2,10
9217,8,15,2
9218,8,15,2
9219,9,0,7
9220,9,3,6
9221,9,0,7
9222,9,18,18
9223,9,1,17
9224,9,1,17
9225,9,0,7
9226,9,3,6
9227,9,0,7
9228,9,0,7
9229,9,8,9
9230,9,0,7
9231,9,1,17
9232,9,0,7
9233,9,18,18
9234,9,19,8
9235,9,0,7
9236,9,1,17
9237,9,10,16
9238,9,17,4
9239,9,3,6
9240,9,18,18
9241,9,0,7
9242,9,18,18
9243,9,18,18
9244,9,12,5
9245,9,1,17
9246,9,1,17
9247,9,1,17
9248,9,12,5
9249,9,12,5
9250,9,16,0
9251,9,19,8
9252,9,2,10
9253,9,8,9
9254,9,1,17
9255,9,19,8
9256,9,18,18
9257,9,18,18
9258,9,8,9
9259,9,16,0
9260,9,18,18
9261,9,18,18
9262,9,17,4
9263,9,12,5
9264,9,18,18
9265,9,0,7
9266,9,17,4
9267,9,0,7
9268,9,2,10
9269,9,8,9
9270,9,19,8
9271,9,0,7
9272,9,0,7
9273,9,14,19
9274,9,7,11
9275,9,12,5
9276,9,3,6
9277,9,14,19
9278,9,14,19
9279,9,1,17
9280,9,5,13
9281,9,18,18
9282,9,2,10
9283,9,15,2
9284,9,17,4
9285,9,17,4
9286,9,9,12
9287,9,18,18
9288,9,3,6
9289,9,0,7
9290,9,2,10
9291,9,15,2
9292,9,15,2
9293,9,9,12
9294,9,3,6
9295,9,4,1
9296,9,8,9
9297,9,16,0
9298,9,2,10
9299,9,12,5
9300,9,15,2
9301,9,2,10
9302,9,2,10
9303,9,8,9
9304,9,15,2
9305,9,7,11
9306,9,0,7
9307,9,0,7
9308,9,19,8
9309,9,19,8
9310,9,16,0
9311,9,0,7
9312,9,4,1
9313,9,18,18
9314,9,4,1
9315,9,8,9
9316,9,8,9
9317,9,2,10
9318,9,3,6
9319,9,0,7
9320,9,8,9
9321,9,18,18
9322,9,17,4
9323,9,14,19
9324,9,0,7
9325,9,8,9
9326,9,3,6
9327,9,16,0
9328,9,2,10
9329,9,14,19
9330,9,9,12
9331,9,19,8
9332,9,0,7
9333,9,0,7
9334,9,18,18
9335,9,14,19
9336,9,1,17
9337,9,6,14
9338,9,17,4
9339,9,19,8
9340,9,0,7
9341,9,5,13
9342,9,9,12
9343,9,16,0
9344,9,6,14
9345,9,18,18
9346,9,8,9
9347,9,0,7
9348,9,0,7
9349,9,18,18
9350,9,2,10
9351,9,2,10
9352,9,2,10
9353,9,8,9
9354,9,2,10
9355,9,2,10
9356,9,19,8
9357,9,5,13
9358,9,2,10
9359,9,17,4
9360,9,17,4
9361,9,0,7
9362,9,18,18
9363,9,8,9
9364,9,1,17
9365,9,4,1
9366,9,14,19
9367,9,7,11
9368,9,18,18
9369,9,7,11
9370,9,17,4
9371,9,0,7
9372,9,1,17
9373,9,2,10
9374,9,1,17
9375,9,7,11
9376,9,19,8
9377,9,17,4
9378,9,17,4
9379,9,0,7
9380,9,0,7
9381,9,14,19
9382,9,18,18
9383,9,7,11
9384,9,17,4
9385,9,18,18
9386,9,0,7
9387,9,15,2
9388,9,17,4
9389,9,12,5
9390,9,1,17
9391,9,5,13
9392,9,3,6
9393,9,0,7
9394,9,1,17
9395,9,2,10
9396,9,14,19
9397,9,2,10
9398,9,2,10
9399,9,0,7
9400,9,18,18
9401,9,9,12
9402,9,18,18
9403,9,5,13
9404,9,11,15
9405,9,18,18
9406,9,15,2
9407,9,0,7
9408,9,2,10
9409,9,2,10
9410,9,7,11
9411,9,17,4
9412,9,17,4
9413,9,2,10
9414,9,3,6
9415,9,0,7
9416,9,17,4
9417,9,9,12
9418,9,0,7
9419,9,8,9
9420,9,18,18
9421,9,9,12
9422,9,10,16
9423,9,18,18
9424,9,7,11
9425,9,16,0
9426,9,17,4
9427,9,1,17
9428,9,8,9
9429,9,1,17
9430,9,1,17
9431,9,0,7
9432,9,17,4
9433,9,19,8
9434,9,18,18
9435,9,0,7
9436,9,7,11
9437,9,8,9
9438,9,7,11
9439,9,3,6
9440,9,2,10
9441,9,2,10
9442,9,8,9
9443,9,19,8
9444,9,0,7
9445,9,8,9
9446,9,3,6
9447,9,15,2
9448,9,8,9
9449,9,2,10
9450,9,0,7
9451,9,17,4
9452,9,17,4
9453,9,7,11
9454,9,0,7
9455,9,3,6
9456,9,18,18
9457,9,0,7
9458,9,1,17
9459,9,16,0
9460,9,3,6
9461,9,0,7
9462,9,18,18
9463,9,5,13
9464,9,16,0
9465,9,5,13
9466,9,8,9
9467,9,14,19
9468,9,3,6
9469,9,8,9
9470,9,10,16
9471,9,4,1
9472,9,17,4
9473,9,1,17
9474,9,12,5
9475,9,18,18
9476,9,5,13
9477,9,18,18
9478,9,2,10
9479,9,18,18
9480,9,17,4
9481,9,2,10
9482,9,5,13
9483,9,1,17
9484,9,3,6
9485,9,2,10
9486,9,19,8
9487,9,16,0
9488,9,8,9
9489,9,18,18
9490,9,0,7
9491,9,0,7
9492,9,5,13
9493,9,18,18
9494,9,17,4
9495,9,4,1
9496,9,0,7
9497,9,12,5
9498,9,17,4
9499,9,18,18
9500,9,18,18
9501,9,15,2
9502,9,2,10
9503,9,6,14
9504,9,18,18
9505,9,19,8
9506,9,1,17
9507,9,19,8
9508,9,2,10
9509,9,19,8
9510,9,18,18
9511,9,18,18
9512,9,14,19
9513,9,14,19
9514,9,0,7
9515,9,18,18
9516,9,0,7
9517,9,5,13
9518,9,0,7
9519,9,15,2
9520,9,7,11
9521,9,6,14
9522,9,0,7
9523,9,18,18
9524,9,18,18
9525,9,19,8
9526,9,5,13
9527,9,2,10
9528,9,1,17
9529,9,15,2
9530,9,1,17
9531,9,0,7
9532,9,18,18
9533,9,1,17
9534,9,18,18
9535,9,18,18
9536,9,2,10
9537,9,3,6
9538,9,18,18
9539,9,0,7
9540,9,2,10
9541,9,0,7
9542,9,2,10
9543,9,19,8
9544,9,17,4
9545,9,4,1
9546,9,1,17
9547,9,1,17
9548,9,2,10
9549,9,0,7
9550,9,4,1
9551,9,15,2
9552,9,2,10
9553,9,1,17
9554,9,19,8
9555,9,2,10
9556,9,2,10
9557,9,12,5
9558,9,17,4
9559,9,2,10
9560,9,8,9
9561,9,16,0
9562,9,18,18
9563,9,18,18
9564,9,1,17
9565,9,0,7
9566,9,2,10
9567,9,19,8
9568,9,18,18
9569,9,18,18
9570,9,17,4
9571,9,4,1
9572,9,5,13
9573,9,2,10
9574,9,12,5
9575,9,0,7
9576,9,12,5
9577,9,12,5
9578,9,6,14
9579,9,3,6
9580,9,8,9
9581,9,15,2
9582,9,8,9
9583,9,18,18
9584,9,11,15
9585,9,17,4
9586,9,17,4
9587,9,17,4
9588,9,2,10
9589,9,0,7
9590,9,1,17
9591,9,5,13
9592,9,2,10
9593,9,18,18
9594,9,0,7
9595,9,17,4
9596,9,18,18
9597,9,4,1
9598,9,3,6
9599,9,0,7
9600,9,19,8
9601,9,18,18
9602,9,0,7
9603,9,15,2
9604,9,2,10
9605,9,9,12
9606,9,18,18
9607,9,7,11
9608,9,0,7
9609,9,3,6
9610,9,3,6
9611,9,3,6
9612,9,18,18
9613,9,2,10
9614,9,0,7
9615,9,1,17
9616,9,0,7
9617,9,14,19
9618,9,12,5
9619,9,6,14
9620,9,9,12
9621,9,0,7
9622,9,12,5
9623,9,17,4
9624,9,8,9
9625,9,3,6
9626,9,10,16
9627,9,2,10
9628,9,0,7
9629,9,18,18
9630,9,18,18
9631,9,5,13
9632,9,18,18
9633,9,0,7
9634,9,2,10
9635,9,17,4
9636,9,17,4
9637,9,2,10
9638,9,0,7
9639,9,3,6
9640,9,7,11
9641,9,15,2
9642,9,6,14
9643,9,8,9
9644,9,16,0
9645,9,19,8
9646,9,9,12
9647,9,18,18
9648,9,4,1
9649,9,1,17
9650,9,0,7
9651,9,17,4
9652,9,7,11
9653,9,1,17
9654,9,2,10
9655,9,19,8
9656,9,8,9
9657,9,14,19
9658,9,4,1
9659,9,15,2
9660,9,7,11
9661,9,8,9
9662,9,18,18
9663,9,14,19
9664,9,16,0
9665,9,12,5
9666,9,8,9
9667,9,3,6
9668,9,2,10
9669,9,19,8
9670,9,19,8
9671,9,10,16
9672,9,17,4
9673,9,9,12
9674,9,8,9
9675,9,1,17
9676,9,1,17
9677,9,1,17
9678,9,8,9
9679,9,18,18
9680,9,12,5
9681,9,8,9
9682,9,16,0
9683,9,0,7
9684,9,5,13
9685,9,17,4
9686,9,7,11
9687,9,15,2
9688,9,15,2
9689,9,3,6
9690,9,14,19
9691,9,0,7
9692,9,3,6
9693,9,8,9
9694,9,19,8
9695,9,19,8
9696,9,18,18
9697,9,17,4
9698,9,17,4
9699,9,4,1
9700,9,17,4
9701,9,19,8
9702,9,18,18
9703,9,5,13
9704,9,4,1
9705,9,14,19
9706,9,8,9
9707,9,0,7
9708,9,18,18
9709,9,18,18
9710,9,18,18
9711,9,10,16
9712,9,10,16
9713,9,0,7
9714,9,7,11
9715,9,19,8
9716,9,7,11
9717,9,2,10
9718,9,0,7
9719,9,8,9
9720,9,3,6
9721,9,2,10
9722,9,7,11
9723,9,0,7
9724,9,17,4
9725,9,7,11
9726,9,18,18
9727,9,2,10
9728,9,8,9
9729,9,2,10
9730,9,8,9
9731,9,10,16
9732,9,19,8
9733,9,18,18
9734,9,2,10
9735,9,0,7
9736,9,16,0
9737,9,12,5
9738,9,18,18
9739,9,18,18
9740,9,18,18
9741,9,19,8
9742,9,1,17
9743,9,17,4
9744,9,17,4
9745,9,12,5
9746,9,18,18
9747,9,18,18
9748,9,3,6
9749,9,19,8
9750,9,17,4
9751,9,18,18
9752,9,4,1
9753,9,14,19
9754,9,8,9
9755,9,8,9
9756,9,10,16
9757,9,2,10
9758,9,6,14
9759,9,1,17
9760,9,8,9
9761,9,14,19
9762,9,3,6
9763,9,0,7
9764,9,8,9
9765,9,8,9
9766,9,8,9
9767,9,19,8
9768,9,14,19
9769,9,0,7
9770,9,19,8
9771,9,17,4
9772,9,0,7
9773,9,8,9
9774,9,18,18
9775,9,17,4
9776,9,16,0
9777,9,16,0
9778,9,16,0
9779,9,10,16
9780,9,1,17
9781,9,3,6
9782,9,3,6
9783,9,18,18
9784,9,0,7
9785,9,8,9
9786,9,2,10
9787,9,0,7
9788,9,14,19
9789,9,7,11
9790,9,7,11
9791,9,8,9
9792,9,7,11
9793,9,2,10
9794,9,18,18
9795,9,3,6
9796,9,18,18
9797,9,18,18
9798,9,7,11
9799,9,0,7
9800,9,18,18
9801,9,0,7
9802,9,0,7
9803,9,15,2
9804,9,18,18
9805,9,17,4
9806,9,2,10
9807,9,14,19
9808,9,1,17
9809,9,8,9
9810,9,5,13
9811,9,3,6
9812,9,18,18
9813,9,2,10
9814,9,0,7
9815,9,18,18
9816,9,9,12
9817,9,8,9
9818,9,8,9
9819,9,3,6
9820,9,18,18
9821,9,14,19
9822,9,0,7
9823,9,7,11
9824,9,9,12
9825,9,2,10
9826,9,6,14
9827,9,5,13
9828,9,1,17
9829,9,17,4
9830,9,17,4
9831,9,17,4
9832,9,17,4
9833,9,2,10
9834,9,1,17
9835,9,1,17
9836,9,7,11
9837,9,8,9
9838,9,17,4
9839,9,3,6
9840,9,8,9
9841,9,1,17
9842,9,0,7
9843,9,15,2
9844,9,19,8
9845,9,5,13
9846,9,0,7
9847,9,10,16
9848,9,8,9
9849,9,9,12
9850,9,5,13
9851,9,3,6
9852,9,0,7
9853,9,17,4
9854,9,8,9
9855,9,19,8
9856,9,18,18
9857,9,1,17
9858,9,0,7
9859,9,2,10
9860,9,2,10
9861,9,2,10
9862,9,2,10
9863,9,16,0
9864,9,5,13
9865,9,18,18
9866,9,15,2
9867,9,9,12
9868,9,10,16
9869,9,8,9
9870,9,18,18
9871,9,3,6
9872,9,0,7
9873,9,0,7
9874,9,2,10
9875,9,13,3
9876,9,19,8
9877,9,18,18
9878,9,18,18
9879,9,18,18
9880,9,13,3
9881,9,18,18
9882,9,0,7
9883,9,7,11
9884,9,3,6
9885,9,15,2
9886,9,8,9
9887,9,19,8
9888,9,2,10
9889,9,9,12
9890,9,3,6
9891,9,15,2
9892,9,19,8
9893,9,2,10
9894,9,15,2
9895,9,19,8
9896,9,18,18
9897,9,0,7
9898,9,1,17
9899,9,3,6
9900,9,5,13
9901,9,8,9
9902,9,1,17
9903,9,9,12
9904,9,8,9
9905,9,3,6
9906,9,10,16
9907,9,3,6
9908,9,9,12
9909,9,18,18
9910,9,17,4
9911,9,9,12
9912,9,18,18
9913,9,1,17
9914,9,2,10
9915,9,18,18
9916,9,6,14
9917,9,3,6
9918,9,5,13
9919,9,1,17
9920,9,19,8
9921,9,6,14
9922,9,8,9
9923,9,18,18
9924,9,2,10
9925,9,18,18
9926,9,14,19
9927,9,18,18
9928,9,2,10
9929,9,0,7
9930,9,16,0
9931,9,3,6
9932,9,8,9
9933,9,18,18
9934,9,3,6
9935,9,15,2
9936,9,18,18
9937,9,8,9
9938,9,0,7
9939,9,3,6
9940,9,17,4
9941,9,2,10
9942,9,18,18
9943,9,3,6
9944,9,2,10
9945,9,3,6
9946,9,7,11
9947,9,14,19
9948,9,2,10
9949,9,15,2
9950,9,18,18
9951,9,3,6
9952,9,18,18
9953,9,2,10
9954,9,18,18
9955,9,1,17
9956,9,8,9
9957,9,16,0
9958,9,0,7
9959,9,0,7
9960,9,7,11
9961,9,2,10
9962,9,0,7
9963,9,0,7
9964,9,17,4
9965,9,2,10
9966,9,8,9
9967,9,15,2
9968,9,14,19
9969,9,4,1
9970,9,0,7
9971,9,0,7
9972,9,17,4
9973,9,1,17
9974,9,19,8
9975,9,10,16
9976,9,2,10
9977,9,0,7
9978,9,2,10
9979,9,15,2
9980,9,2,10
9981,9,2,10
9982,9,2,10
9983,9,18,18
9984,9,1,17
9985,9,7,11
9986,9,18,18
9987,9,18,18
9988,9,1,17
9989,9,18,18
9990,9,3,6
9991,9,3,6
9992,9,2,10
9993,9,17,4
9994,9,12,5
9995,9,17,4
9996,9,0,7
9997,9,14,19
9998,9,7,11
9999,9,18,18
10000,9,2,10
10001,9,2,10
10002,9,2,10
10003,9,8,9
10004,9,16,0
10005,9,2,10
10006,9,10,16
10007,9,18,18
10008,9,18,18
10009,9,8,9
10010,9,16,0
10011,9,16,0
10012,9,12,5
10013,9,18,18
10014,9,7,11
10015,9,19,8
10016,9,11,15
10017,9,14,19
10018,10,8,9
10019,10,0,7
10020,10,1,17
10021,10,0,7
10022,10,14,19
10023,10,7,11
10024,10,1,17
10025,10,18,18
10026,10,14,19
10027,10,1,17
10028,10,7,11
10029,10,8,9
10030,10,0,7
10031,10,18,18
10032,10,1,17
10033,10,2,10
10034,10,7,11
10035,10,2,10
10036,10,8,9
10037,10,12,5
10038,10,18,18
10039,10,14,19
10040,10,8,9
10041,10,2,10
10042,10,7,11
10043,10,19,8
10044,10,0,7
10045,10,14,19
10046,10,14,19
10047,10,10,16
10048,10,8,9
10049,10,15,2
10050,10,18,18
10051,10,3,6
10052,10,0,7
10053,10,2,10
10054,10,0,7
10055,10,10,16
10056,10,18,18
10057,10,1,17
10058,10,1,17
10059,10,11,15
10060,10,0,7
10061,10,2,10
10062,10,2,10
10063,10,18,18
10064,10,5,13
10065,10,0,7
10066,10,15,2
10067,10,18,18
10068,10,5,13
10069,10,10,16
10070,10,1,17
10071,10,17,4
10072,10,3,6
10073,10,17,4
10074,10,18,18
10075,10,7,11
10076,10,0,7
10077,10,2,10
10078,10,16,0
10079,10,0,7
10080,10,11,15
10081,10,8,9
10082,10,14,19
10083,10,5,13
10084,10,11,15
10085,10,17,4
10086,10,18,18
10087,10,18,18
10088,10,5,13
10089,10,2,10
10090,10,18,18
10091,10,17,4
10092,10,18,18
10093,10,2,10
10094,10,14,19
10095,10,18,18
10096,10,2,10
10097,10,18,18
10098,10,3,6
10099,10,0,7
10100,10,1,17
10101,10,8,9
10102,10,19,8
10103,10,3,6
10104,10,7,11
10105,10,18,18
10106,10,2,10
10107,10,15,2
10108,10,7,11
10109,10,4,1
10110,10,17,4
10111,10,10,16
10112,10,0,7
10113,10,17,4
10114,10,1,17
10115,10,18,18
10116,10,15,2
10117,10,0,7
10118,10,7,11
10119,10,1,17
10120,10,19,8
10121,10,2,10
10122,10,7,11
10123,10,19,8
10124,10,1,17
10125,10,1,17
10126,10,14,19
10127,10,2,10
10128,10,2,10
10129,10,8,9
10130,10,2,10
10131,10,2,10
10132,10,2,10
10133,10,0,7
10134,10,0,7
10135,10,18,18
10136,10,0,7
10137,10,0,7
10138,10,19,8
10139,10,3,6
10140,10,16,0
10141,10,15,2
10142,10,0,7
10143,10,12,5
10144,10,18,18
10145,10,3,6
10146,10,6,14
10147,10,2,10
10148,10,12,5
10149,10,12,5
10150,10,0,7
10151,10,8,9
10152,10,2,10
10153,10,17,4
10154,10,2,10
10155,10,16,0
10156,10,2,10
10157,10,8,9
10158,10,0,7
10159,10,3,6
10160,10,2,10
10161,10,11,15
10162,10,17,4
10163,10,0,7
10164,10,19,8
10165,10,1,17
10166,10,19,8
10167,10,17,4
10168,10,18,18
10169,10,0,7
10170,10,9,12
10171,10,1,17
10172,10,7,11
10173,10,0,7
10174,10,12,5
10175,10,17,4
10176,10,16,0
10177,10,0,7
10178,10,3,6
10179,10,14,19
10180,10,0,7
10181,10,3,6
10182,10,3,6
10183,10,10,16
10184,10,0,7
10185,10,3,6
10186,10,17,4
10187,10,19,8
10188,10,2,10
10189,10,0,7
10190,10,0,7
10191,10,17,4
10192,10,19,8
10193,10,18,18
10194,10,19,8
10195,10,0,7
10196,10,3,6
10197,10,1,17
10198,10,15,2
10199,10,2,10
10200,10,3,6
10201,10,3,6
10202,10,19,8
10203,10,18,18
10204,10,19,8
10205,10,2,10
10206,10,0,7
10207,10,16,0
10208,10,17,4
10209,10,14,19
10210,10,1,17
10211,10,18,18
10212,10,5,13
10213,10,14,19
10214,10,1,17
10215,10,17,4
10216,10,18,18
10217,10,2,10
10218,10,2,10
10219,10,18,18
10220,10,2,10
10221,10,2,10
10222,10,12,5
10223,10,2,10
10224,10,18,18
10225,10,1,17
10226,10,19,8
10227,10,18,18
10228,10,16,0
10229,10,19,8
10230,10,15,2
10231,10,18,18
10232,10,18,18
10233,10,1,17
10234,10,16,0
10235,10,14,19
10236,10,3,6
10237,10,3,6
10238,10,18,18
10239,10,7,11
10240,10,0,7
10241,10,14,19
10242,10,0,7
10243,10,1,17
10244,10,18,18
10245,10,18,18
10246,10,2,10
10247,10,18,18
10248,10,19,8
10249,10,17,4
10250,10,0,7
10251,10,2,10
10252,10,18,18
10253,10,17,4
10254,10,0,7
10255,10,8,9
10256,10,1,17
10257,10,2,10
10258,10,8,9
10259,10,2,10
10260,10,2,10
10261,10,0,7
10262,10,17,4
10263,10,5,13
10264,10,8,9
10265,10,8,9
10266,10,9,12
10267,10,12,5
10268,10,8,9
10269,10,15,2
10270,10,6,14
10271,10,8,9
10272,10,19,8
10273,10,7,11
10274,10,19,8
10275,10,5,13
10276,10,12,5
10277,10,3,6
10278,10,7,11
10279,10,15,2
10280,10,0,7
10281,10,1,17
10282,10,7,11
10283,10,9,12
10284,10,5,13
10285,10,19,8
10286,10,15,2
10287,10,2,10
10288,10,17,4
10289,10,11,15
10290,10,7,11
10291,10,16,0
10292,10,2,10
10293,10,10,16
10294,10,2,10
10295,10,6,14
10296,10,8,9
10297,10,11,15
10298,10,15,2
10299,10,17,4
10300,10,18,18
10301,10,19,8
10302,10,17,4
10303,10,10,16
10304,10,1,17
10305,10,15,2
10306,10,2,10
10307,10,8,9
10308,10,3,6
10309,10,18,18
10310,10,7,11
10311,10,2,10
10312,10,18,18
10313,10,17,4
10314,10,17,4
10315,10,1,17
10316,10,8,9
10317,10,16,0
10318,10,1,17
10319,10,19,8
10320,10,18,18
10321,10,6,14
10322,10,16,0
10323,10,0,7
10324,10,6,14
10325,10,17,4
10326,10,17,4
10327,10,18,18
10328,10,19,8
10329,10,17,4
10330,10,18,18
10331,10,5,13
10332,10,3,6
10333,10,8,9
10334,10,17,4
10335,10,0,7
10336,10,0,7
10337,10,18,18
10338,10,14,19
10339,10,11,15
10340,10,2,10
10341,10,2,10
10342,10,18,18
10343,10,0,7
10344,10,18,18
10345,10,18,18
10346,10,8,9
10347,10,1,17
10348,10,0,7
10349,10,17,4
10350,10,1,17
10351,10,8,9
10352,10,4,1
10353,10,0,7
10354,10,0,7
10355,10,8,9
10356,10,7,11
10357,10,18,18
10358,10,16,0
10359,10,18,18
10360,10,5,13
10361,10,0,7
10362,10,0,7
10363,10,8,9
10364,10,8,9
10365,10,1,17
10366,10,8,9
10367,10,6,14
10368,10,15,2
10369,10,2,10
10370,10,3,6
10371,10,0,7
10372,10,6,14
10373,10,1,17
10374,10,14,19
10375,10,9,12
10376,10,19,8
10377,10,7,11
10378,10,9,12
10379,10,2,10
10380,10,3,6
10381,10,2,10
10382,10,17,4
10383,10,18,18
10384,10,1,17
10385,10,17,4
10386,10,7,11
10387,10,19,8
10388,10,8,9
10389,10,8,9
10390,10,7,11
10391,10,17,4
10392,10,14,19
10393,10,6,14
10394,10,15,2
10395,10,19,8
10396,10,11,15
10397,10,15,2
10398,10,17,4
10399,10,3,6
10400,10,19,8
10401,10,18,18
10402,10,2,10
10403,10,1,17
10404,10,8,9
10405,10,1,17
10406,10,2,10
10407,10,8,9
10408,10,14,19
10409,10,18,18
10410,10,8,9
10411,10,1,17
10412,10,16,0
10413,10,10,16
10414,10,10,16
10415,10,2,10
10416,10,15,2
10417,10,19,8
10418,10,2,10
10419,10,2,10
10420,10,10,16
10421,10,2,10
10422,10,12,5
10423,10,2,10
10424,10,6,14
10425,10,10,16
10426,10,10,16
10427,10,2,10
10428,10,16,0
10429,10,2,10
10430,10,10,16
10431,10,10,16
10432,10,15,2
10433,10,10,16
10434,10,10,16
10435,10,6,14
10436,10,10,16
10437,10,10,16
10438,10,10,16
10439,10,10,16
10440,10,12,5
10441,10,2,10
10442,10,2,10
10443,10,2,10
10444,10,10,16
10445,10,16,0
10446,10,10,16
10447,10,2,10
10448,10,2,10
10449,10,2,10
10450,10,10,16
10451,10,2,10
10452,10,10,16
10453,10,2,10
10454,10,2,10
10455,10,12,5
10456,10,2,10
10457,10,2,10
10458,10,4,1
10459,10,6,14
10460,10,6,14
10461,10,6,14
10462,10,2,10
10463,10,9,12
10464,10,2,10
10465,10,10,16
10466,10,10,16
10467,10,2,10
10468,10,0,7
10469,10,10,16
10470,10,2,10
10471,10,2,10
10472,10,10,16
10473,10,2,10
10474,10,2,10
10475,10,17,4
10476,10,2,10
10477,10,2,10
10478,10,10,16
10479,10,17,4
10480,10,2,10
10481,10,6,14
10482,10,2,10
10483,10,1,17
10484,10,2,10
10485,10,2,10
10486,10,2,10
10487,10,2,10
10488,10,2,10
10489,10,15,2
10490,10,2,10
10491,10,2,10
10492,10,5,13
10493,10,2,10
10494,10,17,4
10495,10,12,5
10496,10,8,9
10497,10,10,16
10498,10,11,15
10499,10,10,16
10500,10,15,2
10501,10,14,19
10502,10,2,10
10503,10,10,16
10504,10,17,4
10505,10,12,5
10506,10,2,10
10507,10,2,10
10508,10,2,10
10509,10,2,10
10510,10,6,14
10511,10,15,2
10512,10,10,16
10513,10,2,10
10514,10,12,5
10515,10,19,8
10516,10,12,5
10517,10,2,10
10518,10,6,14
10519,10,2,10
10520,10,17,4
10521,10,10,16
10522,10,0,7
10523,10,10,16
10524,10,2,10
10525,10,17,4
10526,10,2,10
10527,10,10,16
10528,10,10,16
10529,10,6,14
10530,10,0,7
10531,10,7,11
10532,10,10,16
10533,10,0,7
10534,10,2,10
10535,10,2,10
10536,10,2,10
10537,10,2,10
10538,10,8,9
10539,10,10,16
10540,10,10,16
10541,10,10,16
10542,10,2,10
10543,10,10,16
10544,10,10,16
10545,10,10,16
10546,10,10,16
10547,10,10,16
10548,10,2,10
10549,10,2,10
10550,10,12,5
10551,10,0,7
10552,10,2,10
10553,10,2,10
10554,10,2,10
10555,10,10,16
10556,10,15,2
10557,10,2,10
10558,10,16,0
10559,10,11,15
10560,10,10,16
10561,10,2,10
10562,10,15,2
10563,10,2,10
10564,10,10,16
10565,10,2,10
10566,10,2,10
10567,10,10,16
10568,10,10,16
10569,10,10,16
10570,10,2,10
10571,10,2,10
10572,10,2,10
10573,10,2,10
10574,10,17,4
10575,10,2,10
10576,10,2,10
10577,10,10,16
10578,10,17,4
10579,10,10,16
10580,10,0,7
10581,10,10,16
10582,10,8,9
10583,10,17,4
10584,10,10,16
10585,10,10,16
10586,10,0,7
10587,10,10,16
10588,10,10,16
10589,10,10,16
10590,10,2,10
10591,10,16,0
10592,10,2,10
10593,10,10,16
10594,10,17,4
10595,10,18,18
10596,10,2,10
10597,10,10,16
10598,10,14,19
10599,10,16,0
10600,10,10,16
10601,10,10,16
10602,10,2,10
10603,10,10,16
10604,10,2,10
10605,10,2,10
10606,10,10,16
10607,10,2,10
10608,10,2,10
10609,10,10,16
10610,10,2,10
10611,10,10,16
10612,10,15,2
10613,10,17,4
10614,10,6,14
10615,10,6,14
10616,10,8,9
10617,10,10,16
10618,10,2,10
10619,10,2,10
10620,10,10,16
10621,10,10,16
10622,10,2,10
10623,10,10,16
10624,10,2,10
10625,10,16,0
10626,10,2,10
10627,10,1,17
10628,10,11,15
10629,10,2,10
10630,10,2,10
10631,10,11,15
10632,10,2,10
10633,10,14,19
10634,10,2,10
10635,10,2,10
10636,10,2,10
10637,10,2,10
10638,10,10,16
10639,10,2,10
10640,10,2,10
10641,10,15,2
10642,10,15,2
10643,10,10,16
10644,10,16,0
10645,10,2,10
10646,10,10,16
10647,10,2,10
10648,10,2,10
10649,10,2,10
10650,10,10,16
10651,10,10,16
10652,10,2,10
10653,10,2,10
10654,10,2,10
10655,10,2,10
10656,10,2,10
10657,10,15,2
10658,10,2,10
10659,10,10,16
10660,10,7,11
10661,10,11,15
10662,10,10,16
10663,10,15,2
10664,10,10,16
10665,10,0,7
10666,10,2,10
10667,10,2,10
10668,10,10,16
10669,10,0,7
10670,10,0,7
10671,10,2,10
10672,10,10,16
10673,10,6,14
10674,10,2,10
10675,10,2,10
10676,10,2,10
10677,10,2,10
10678,10,1,17
10679,10,10,16
10680,10,10,16
10681,10,10,16
10682,10,2,10
10683,10,11,15
10684,10,15,2
10685,10,10,16
10686,10,2,10
10687,10,2,10
10688,10,2,10
10689,10,2,10
10690,10,10,16
10691,10,10,16
10692,10,10,16
10693,10,10,16
10694,10,6,14
10695,10,10,16
10696,10,12,5
10697,10,12,5
10698,10,10,16
10699,10,2,10
10700,10,2,10
10701,10,9,12
10702,10,2,10
10703,10,2,10
10704,10,14,19
10705,10,17,4
10706,10,2,10
10707,10,11,15
10708,10,2,10
10709,10,10,16
10710,10,10,16
10711,10,15,2
10712,10,14,19
10713,10,14,19
10714,10,2,10
10715,10,2,10
10716,10,1,17
10717,10,2,10
10718,10,2,10
10719,10,2,10
10720,10,12,5
10721,10,8,9
10722,10,2,10
10723,10,10,16
10724,10,2,10
10725,10,10,16
10726,10,10,16
10727,10,2,10
10728,10,2,10
10729,10,2,10
10730,10,1,17
10731,10,2,10
10732,10,2,10
10733,10,10,16
10734,10,6,14
10735,10,2,10
10736,10,5,13
10737,10,14,19
10738,10,2,10
10739,10,6,14
10740,10,17,4
10741,10,10,16
10742,10,12,5
10743,10,2,10
10744,10,10,16
10745,10,10,16
10746,10,16,0
10747,10,10,16
10748,10,2,10
10749,10,10,16
10750,10,14,19
10751,10,15,2
10752,10,17,4
10753,10,6,14
10754,10,2,10
10755,10,10,16
10756,10,10,16
10757,10,10,16
10758,10,5,13
10759,10,10,16
10760,10,17,4
10761,10,2,10
10762,10,2,10
10763,10,2,10
10764,10,16,0
10765,10,10,16
10766,10,10,16
10767,10,6,14
10768,10,1,17
10769,10,2,10
10770,10,2,10
10771,10,2,10
10772,10,10,16
10773,10,12,5
10774,10,6,14
10775,10,15,2
10776,10,10,16
10777,10,2,10
10778,10,16,0
10779,10,2,10
10780,10,10,16
10781,10,10,16
10782,10,2,10
10783,10,2,10
10784,10,16,0
10785,10,10,16
10786,10,10,16
10787,10,16,0
10788,10,2,10
10789,10,2,10
10790,10,14,19
10791,10,1,17
10792,10,0,7
10793,10,10,16
10794,10,2,10
10795,10,1,17
10796,10,10,16
10797,10,15,2
10798,10,2,10
10799,10,2,10
10800,10,17,4
10801,10,10,16
10802,10,17,4
10803,10,2,10
10804,10,2,10
10805,10,18,18
10806,10,16,0
10807,10,10,16
10808,10,10,16
10809,10,10,16
10810,10,10,16
10811,10,10,16
10812,10,2,10
10813,10,16,0
10814,10,10,16
10815,10,2,10
10816,10,17,4
10817,10,15,2
10818,10,6,14
10819,10,1,17
10820,10,2,10
10821,10,10,16
10822,10,2,10
10823,10,2,10
10824,10,2,10
10825,10,2,10
10826,10,2,10
10827,10,6,14
10828,10,2,10
10829,10,2,10
10830,10,10,16
10831,10,1,17
10832,10,12,5
10833,10,2,10
10834,10,10,16
10835,10,11,15
10836,10,10,16
10837,10,10,16
10838,10,16,0
10839,10,17,4
10840,10,17,4
10841,10,12,5
10842,10,6,14
10843,10,15,2
10844,10,10,16
10845,10,10,16
10846,10,2,10
10847,10,2,10
10848,10,11,15
10849,10,10,16
10850,10,6,14
10851,10,0,7
10852,10,0,7
10853,10,11,15
10854,10,16,0
10855,10,10,16
10856,10,14,19
10857,10,1,17
10858,10,16,0
10859,10,10,16
10860,10,15,2
10861,10,0,7
10862,10,10,16
10863,10,0,7
10864,10,2,10
10865,10,16,0
10866,10,14,19
10867,10,14,19
10868,10,2,10
10869,10,2,10
10870,10,2,10
10871,10,2,10
10872,10,2,10
10873,10,2,10
10874,10,10,16
10875,10,8,9
10876,10,1,17
10877,10,1,17
10878,10,0,7
10879,10,16,0
10880,10,5,13
10881,10,2,10
10882,10,7,11
10883,10,1,17
10884,10,1,17
10885,10,1,17
10886,10,1,17
10887,10,10,16
10888,10,19,8
10889,10,17,4
10890,10,10,16
10891,10,1,17
10892,10,2,10
10893,10,2,10
10894,10,12,5
10895,10,15,2
10896,10,10,16
10897,10,15,2
10898,10,2,10
10899,10,2,10
10900,10,10,16
10901,10,14,19
10902,10,0,7
10903,10,0,7
10904,10,6,14
10905,10,6,14
10906,10,6,14
10907,10,10,16
10908,10,10,16
10909,10,6,14
10910,10,2,10
10911,10,2,10
10912,10,10,16
10913,10,12,5
10914,10,1,17
10915,10,14,19
10916,10,14,19
10917,10,14,19
10918,10,16,0
10919,10,2,10
10920,10,10,16
10921,10,2,10
10922,10,2,10
10923,10,2,10
10924,10,2,10
10925,10,2,10
10926,10,2,10
10927,10,10,16
10928,10,2,10
10929,10,14,19
10930,10,10,16
10931,10,1,17
10932,10,16,0
10933,10,2,10
10934,10,6,14
10935,10,16,0
10936,10,16,0
10937,10,16,0
10938,10,10,16
10939,10,10,16
10940,10,15,2
10941,10,2,10
10942,10,1,17
10943,10,16,0
10944,10,2,10
10945,10,10,16
10946,10,1,17
10947,10,14,19
10948,10,16,0
10949,10,16,0
10950,10,2,10
10951,10,8,9
10952,10,10,16
10953,10,2,10
10954,10,13,3
10955,10,0,7
10956,10,10,16
10957,10,16,0
10958,10,10,16
10959,10,12,5
10960,10,10,16
10961,10,10,16
10962,10,12,5
10963,10,6,14
10964,10,10,16
10965,10,2,10
10966,10,10,16
10967,10,10,16
10968,10,2,10
10969,10,2,10
10970,10,16,0
10971,10,10,16
10972,10,15,2
10973,10,15,2
10974,10,17,4
10975,10,14,19
10976,10,2,10
10977,10,6,14
10978,10,10,16
10979,10,15,2
10980,10,2,10
10981,10,2,10
10982,10,10,16
10983,10,7,11
10984,10,15,2
10985,10,15,2
10986,10,10,16
10987,10,10,16
10988,10,10,16
10989,10,2,10
10990,10,10,16
10991,10,17,4
10992,10,6,14
10993,10,7,11
10994,10,7,11
10995,10,12,5
10996,10,2,10
10997,10,2,10
10998,10,10,16
10999,10,2,10
11000,10,16,0
11001,10,10,16
11002,10,2,10
11003,10,10,16
11004,10,10,16
11005,10,2,10
11006,10,2,10
11007,10,19,8
11008,10,2,10
11009,10,8,9
11010,10,10,16
11011,10,10,16
11012,10,2,10
11013,10,2,10
11014,10,2,10
11015,10,2,10
11016,10,2,10
11017,10,2,10
11018,10,2,10
11019,10,2,10
11020,10,18,18
11021,10,2,10
11022,10,2,10
11023,10,2,10
11024,10,2,10
11025,10,14,19
11026,10,19,8
11027,10,2,10
11028,10,10,16
11029,10,10,16
11030,10,10,16
11031,10,2,10
11032,10,2,10
11033,10,15,2
11034,10,15,2
11035,10,10,16
11036,10,2,10
11037,10,2,10
11038,10,2,10
11039,10,2,10
11040,10,2,10
11041,10,2,10
11042,10,13,3
11043,10,13,3
11044,10,10,16
11045,10,10,16
11046,10,0,7
11047,10,0,7
11048,10,19,8
11049,10,16,0
11050,10,15,2
11051,10,19,8
11052,10,16,0
11053,10,12,5
11054,10,1,17
11055,10,1,17
11056,10,10,16
11057,10,2,10
11058,10,10,16
11059,10,7,11
11060,10,15,2
11061,10,16,0
11062,10,16,0
11063,10,10,16
11064,10,10,16
11065,10,2,10
11066,10,2,10
11067,10,16,0
11068,10,19,8
11069,10,10,16
11070,10,17,4
11071,10,15,2
11072,10,10,16
11073,10,10,16
11074,10,2,10
11075,10,2,10
11076,10,2,10
11077,10,17,4
11078,10,2,10
11079,10,10,16
11080,10,2,10
11081,10,2,10
11082,10,2,10
11083,10,2,10
11084,10,2,10
11085,10,0,7
11086,10,16,0
11087,10,17,4
11088,10,10,16
11089,10,10,16
11090,10,14,19
11091,10,16,0
11092,10,16,0
11093,10,16,0
11094,10,12,5
11095,10,0,7
11096,10,17,4
11097,10,2,10
11098,10,3,6
11099,10,15,2
11100,10,2,10
11101,10,17,4
11102,10,2,10
11103,10,2,10
11104,10,2,10
11105,10,2,10
11106,10,2,10
11107,10,2,10
11108,10,10,16
11109,10,2,10
11110,10,2,10
11111,10,2,10
11112,10,17,4
11113,10,10,16
11114,10,2,10
11115,10,18,18
11116,10,2,10
11117,10,18,18
11118,10,10,16
11119,10,15,2
11120,10,12,5
11121,10,16,0
11122,10,10,16
11123,10,10,16
11124,10,19,8
11125,10,2,10
11126,10,10,16
11127,10,16,0
11128,10,1,17
11129,10,2,10
11130,10,17,4
11131,10,10,16
11132,10,10,16
11133,10,2,10
11134,10,10,16
11135,10,2,10
11136,10,0,7
11137,10,0,7
11138,10,18,18
11139,10,2,10
11140,10,2,10
11141,10,10,16
11142,10,10,16
11143,10,2,10
11144,10,17,4
11145,10,2,10
11146,10,10,16
11147,10,2,10
11148,10,15,2
11149,10,15,2
11150,10,2,10
11151,10,10,16
11152,10,2,10
11153,10,12,5
11154,10,12,5
11155,10,10,16
11156,10,1,17
11157,10,2,10
11158,10,1,17
11159,10,2,10
11160,10,17,4
11161,10,10,16
11162,10,10,16
11163,10,2,10
11164,10,2,10
11165,10,2,10
11166,10,2,10
11167,10,2,10
11168,10,10,16
11169,10,10,16
11170,10,10,16
11171,10,10,16
11172,10,2,10
11173,10,2,10
11174,10,15,2
11175,10,15,2
11176,10,15,2
11177,10,2,10
11178,10,10,16
11179,10,14,19
11180,10,10,16
11181,10,7,11
11182,10,11,15
11183,10,11,15
11184,10,2,10
11185,10,10,16
11186,10,5,13
11187,10,2,10
11188,10,2,10
11189,10,2,10
11190,10,10,16
11191,10,2,10
11192,10,10,16
11193,10,10,16
11194,10,10,16
11195,10,2,10
11196,10,10,16
11197,10,2,10
11198,10,10,16
11199,10,10,16
11200,10,10,16
11201,10,10,16
11202,10,10,16
11203,10,2,10
11204,10,1,17
11205,10,14,19
11206,10,17,4
11207,10,16,0
11208,10,10,16
11209,10,2,10
11210,10,2,10
11211,10,10,16
11212,10,10,16
11213,10,10,16
11214,10,5,13
11215,10,2,10
11216,10,10,16
11217,10,2,10
11218,10,10,16
11219,10,2,10
11220,10,10,16
11221,10,16,0
11222,10,10,16
11223,10,2,10
11224,10,10,16
11225,10,10,16
11226,10,10,16
11227,10,12,5
11228,10,16,0
11229,10,10,16
11230,10,2,10
11231,10,2,10
11232,10,2,10
11233,10,10,16
11234,10,2,10
11235,10,7,11
11236,10,7,11
11237,10,7,11
11238,10,19,8
11239,10,10,16
11240,10,10,16
11241,10,10,16
11242,10,10,16
11243,10,2,10
11244,10,17,4
11245,10,2,10
11246,10,1,17
11247,10,10,16
11248,10,10,16
11249,10,10,16
11250,10,1,17
11251,10,15,2
11252,10,17,4
11253,10,2,10
11254,10,2,10
11255,10,17,4
11256,10,10,16
11257,10,19,8
11258,10,7,11
11259,10,2,10
11260,10,10,16
11261,10,2,10
11262,10,14,19
11263,10,2,10
11264,10,2,10
11265,10,2,10
11266,10,2,10
11267,10,2,10
11268,10,10,16
11269,10,10,16
11270,10,10,16
11271,10,10,16
11272,10,12,5
11273,10,2,10
11274,10,2,10
11275,10,2,10
11276,10,2,10
11277,10,10,16
11278,10,10,16
11279,10,2,10
11280,10,2,10
11281,10,1,17
11282,10,1,17
11283,10,1,17
11284,10,10,16
11285,10,17,4
11286,10,1,17
11287,10,10,16
11288,10,8,9
11289,10,10,16
11290,10,2,10
11291,10,14,19
11292,10,14,19
11293,10,11,15
11294,10,10,16
11295,10,15,2
11296,10,10,16
11297,10,2,10
11298,10,2,10
11299,10,10,16
11300,10,10,16
11301,10,17,4
11302,10,12,5
11303,10,12,5
11304,10,14,19
11305,10,2,10
11306,10,2,10
11307,10,10,16
11308,10,10,16
11309,10,10,16
11310,10,8,9
11311,10,2,10
11312,10,2,10
11313,10,8,9
11314,10,0,7
11315,10,10,16
11316,10,0,7
11317,10,9,12
11318,10,2,10
11319,10,2,10
11320,10,10,16
11321,10,10,16
11322,10,10,16
11323,10,2,10
11324,10,2,10
11325,10,10,16
11326,10,2,10
11327,10,6,14
11328,10,10,16
11329,10,15,2
11330,10,10,16
11331,10,2,10
11332,10,10,16
11333,10,2,10
11334,10,10,16
11335,10,1,17
11336,10,10,16
11337,10,2,10
11338,10,10,16
11339,10,10,16
11340,10,2,10
11341,10,17,4
11342,10,15,2
11343,10,8,9
11344,10,2,10
11345,10,10,16
11346,10,1,17
11347,10,12,5
11348,10,10,16
11349,10,2,10
11350,10,10,16
11351,10,10,16
11352,10,2,10
11353,10,2,10
11354,10,6,14
11355,10,11,15
11356,10,8,9
11357,10,2,10
11358,10,6,14
11359,10,10,16
11360,10,16,0
11361,10,2,10
11362,10,16,0
11363,10,10,16
11364,10,10,16
11365,10,10,16
11366,10,12,5
11367,10,0,7
11368,10,16,0
11369,10,10,16
11370,10,2,10
11371,10,2,10
11372,10,0,7
11373,10,2,10
11374,10,14,19
11375,10,14,19
11376,10,17,4
11377,10,2,10
11378,10,8,9
11379,10,11,15
11380,10,2,10
11381,10,2,10
11382,10,10,16
11383,10,10,16
11384,10,1,17
11385,10,11,15
11386,10,10,16
11387,10,2,10
11388,10,0,7
11389,10,1,17
11390,10,10,16
11391,10,10,16
11392,10,17,4
11393,10,8,9
11394,10,10,16
11395,10,2,10
11396,10,17,4
11397,10,8,9
11398,10,10,16
11399,10,10,16
11400,10,8,9
11401,10,2,10
11402,10,2,10
11403,10,10,16
11404,10,12,5
11405,10,10,16
11406,10,16,0
11407,10,10,16
11408,10,10,16
11409,10,14,19
11410,10,2,10
11411,10,2,10
11412,10,0,7
11413,10,1,17
11414,10,10,16
11415,10,14,19
11416,10,10,16
11417,10,10,16
11418,10,6,14
11419,10,10,16
11420,10,9,12
11421,10,2,10
11422,10,2,10
11423,10,2,10
11424,10,10,16
11425,10,2,10
11426,10,10,16
11427,10,2,10
11428,10,1,17
11429,10,7,11
11430,10,10,16
11431,10,6,14
11432,10,6,14
11433,10,11,15
11434,10,2,10
11435,10,10,16
11436,10,11,15
11437,10,2,10
11438,10,2,10
11439,10,2,10
11440,10,2,10
11441,10,2,10
11442,10,1,17
11443,10,2,10
11444,10,10,16
11445,10,2,10
11446,10,10,16
11447,10,10,16
11448,10,10,16
11449,10,10,16
11450,10,10,16
11451,10,2,10
11452,10,10,16
11453,10,2,10
11454,10,2,10
11455,10,10,16
11456,10,2,10
11457,10,1,17
11458,10,2,10
11459,10,2,10
11460,10,5,13
11461,10,10,16
11462,10,10,16
11463,10,7,11
11464,10,14,19
11465,10,2,10
11466,10,10,16
11467,10,10,16
11468,10,2,10
11469,10,11,15
11470,10,2,10
11471,10,10,16
11472,10,0,7
11473,10,10,16
11474,10,0,7
11475,10,10,16
11476,10,10,16
11477,10,10,16
11478,10,2,10
11479,10,11,15
11480,10,2,10
11481,10,2,10
11482,10,10,16
11483,10,7,11
11484,10,10,16
11485,10,2,10
11486,10,10,16
11487,10,10,16
11488,10,10,16
11489,10,7,11
11490,10,2,10
11491,10,0,7
11492,10,0,7
11493,10,2,10
11494,10,2,10
11495,10,2,10
11496,10,10,16
11497,10,2,10
11498,10,12,5
11499,10,2,10
11500,10,10,16
11501,10,15,2
11502,10,15,2
11503,10,10,16
11504,10,14,19
11505,10,10,16
11506,10,2,10
11507,10,1,17
11508,10,10,16
11509,10,10,16
11510,10,2,10
11511,10,2,10
11512,10,2,10
11513,10,2,10
11514,10,10,16
11515,10,11,15
11516,10,10,16
11517,10,0,7
11518,10,0,7
11519,10,2,10
11520,10,0,7
11521,10,10,16
11522,10,10,16
11523,10,12,5
11524,10,0,7
11525,10,2,10
11526,10,10,16
11527,10,17,4
11528,10,6,14
11529,10,6,14
11530,10,6,14
11531,10,13,3
11532,10,10,16
11533,10,2,10
11534,10,10,16
11535,10,10,16
11536,10,2,10
11537,10,2,10
11538,10,10,16
11539,10,10,16
11540,10,2,10
11541,10,10,16
11542,10,10,16
11543,10,10,16
11544,10,15,2
11545,10,2,10
11546,10,2,10
11547,10,2,10
11548,10,14,19
11549,10,2,10
11550,10,10,16
11551,10,6,14
11552,10,10,16
11553,10,0,7
11554,10,19,8
11555,10,10,16
11556,10,15,2
11557,10,11,15
11558,10,10,16
11559,10,15,2
11560,10,2,10
11561,10,17,4
11562,10,2,10
11563,10,10,16
11564,10,10,16
11565,10,10,16
11566,10,10,16
11567,10,2,10
11568,10,9,12
11569,10,10,16
11570,10,10,16
11571,10,6,14
11572,10,6,14
11573,10,2,10
11574,10,10,16
11575,10,10,16
11576,10,10,16
11577,10,17,4
11578,10,0,7
11579,10,2,10
11580,10,2,10
11581,10,2,10
11582,10,2,10
11583,10,2,10
11584,10,12,5
11585,10,6,14
11586,10,10,16
11587,10,10,16
11588,10,10,16
11589,10,2,10
11590,10,10,16
11591,10,16,0
11592,10,17,4
11593,10,15,2
11594,10,16,0
11595,10,2,10
11596,10,19,8
11597,10,19,8
11598,10,17,4
11599,10,10,16
11600,10,2,10
11601,10,16,0
11602,10,16,0
11603,10,1,17
11604,10,1,17
11605,10,2,10
11606,10,2,10
11607,10,4,1
11608,10,2,10
11609,10,7,11
11610,10,0,7
11611,10,10,16
11612,10,19,8
11613,10,2,10
11614,10,10,16
11615,10,2,10
11616,10,11,15
11617,10,2,10
11618,10,2,10
11619,10,2,10
11620,10,10,16
11621,10,6,14
11622,10,2,10
11623,10,2,10
11624,10,2,10
11625,10,11,15
11626,10,8,9
11627,10,2,10
11628,10,17,4
11629,10,10,16
11630,10,10,16
11631,10,10,16
11632,10,15,2
11633,10,2,10
11634,10,10,16
11635,10,11,15
11636,10,2,10
11637,10,17,4
11638,10,2,10
11639,10,2,10
11640,10,2,10
11641,10,2,10
11642,10,17,4
11643,10,11,15
11644,10,2,10
11645,10,2,10
11646,10,9,12
11647,10,9,12
11648,10,1,17
11649,10,1,17
11650,10,17,4
11651,10,2,10
11652,10,10,16
11653,10,0,7
11654,10,0,7
11655,10,0,7
11656,10,16,0
11657,10,2,10
11658,10,2,10
11659,10,14,19
11660,10,8,9
11661,10,8,9
11662,10,10,16
11663,10,11,15
11664,10,10,16
11665,10,10,16
11666,10,17,4
11667,10,2,10
11668,10,2,10
11669,10,10,16
11670,10,9,12
11671,10,2,10
11672,10,16,0
11673,10,2,10
11674,10,2,10
11675,10,8,9
11676,10,2,10
11677,10,2,10
11678,10,2,10
11679,10,2,10
11680,10,10,16
11681,10,9,12
11682,10,12,5
11683,10,1,17
11684,10,10,16
11685,10,2,10
11686,10,12,5
11687,10,10,16
11688,10,17,4
11689,10,17,4
11690,10,10,16
11691,10,10,16
11692,10,10,16
11693,10,10,16
11694,10,6,14
11695,10,10,16
11696,10,2,10
11697,10,2,10
11698,10,2,10
11699,10,2,10
11700,10,10,16
11701,10,2,10
11702,10,10,16
11703,10,14,19
11704,10,11,15
11705,10,2,10
11706,10,17,4
11707,10,17,4
11708,10,2,10
11709,10,2,10
11710,10,2,10
11711,10,10,16
11712,10,2,10
11713,10,10,16
11714,10,10,16
11715,10,10,16
11716,10,2,10
11717,10,2,10
11718,10,16,0
11719,10,2,10
11720,10,1,17
11721,10,10,16
11722,10,15,2
11723,10,2,10
11724,10,2,10
11725,10,12,5
11726,10,16,0
11727,10,16,0
11728,10,6,14
11729,10,10,16
11730,10,10,16
11731,10,10,16
11732,10,16,0
11733,10,14,19
11734,10,12,5
11735,10,10,16
11736,10,2,10
11737,10,9,12
11738,10,0,7
11739,10,17,4
11740,10,0,7
11741,10,10,16
11742,10,2,10
11743,10,10,16
11744,10,15,2
11745,10,10,16
11746,10,2,10
11747,10,10,16
11748,10,2,10
11749,10,0,7
11750,10,10,16
11751,10,10,16
11752,10,2,10
11753,10,2,10
11754,10,0,7
11755,10,2,10
11756,10,2,10
11757,10,7,11
11758,10,10,16
11759,10,2,10
11760,10,2,10
11761,10,2,10
11762,10,2,10
11763,10,1,17
11764,10,1,17
11765,10,2,10
11766,10,17,4
11767,10,2,10
11768,10,2,10
11769,10,15,2
11770,10,15,2
11771,10,10,16
11772,10,10,16
11773,10,0,7
11774,10,0,7
11775,10,10,16
11776,10,2,10
11777,10,1,17
11778,10,2,10
11779,10,7,11
11780,10,10,16
11781,10,2,10
11782,10,17,4
11783,10,18,18
11784,10,2,10
11785,10,18,18
11786,10,10,16
11787,10,7,11
11788,10,10,16
11789,10,10,16
11790,10,2,10
11791,10,15,2
11792,10,17,4
11793,10,0,7
11794,10,3,6
11795,10,11,15
11796,10,2,10
11797,10,0,7
11798,10,2,10
11799,10,9,12
11800,10,0,7
11801,10,10,16
11802,10,15,2
11803,10,11,15
11804,10,2,10
11805,10,2,10
11806,10,12,5
11807,10,10,16
11808,10,10,16
11809,10,2,10
11810,10,2,10
11811,10,2,10
11812,10,16,0
11813,10,2,10
11814,10,6,14
11815,10,16,0
11816,10,2,10
11817,10,2,10
11818,10,10,16
11819,10,2,10
11820,10,16,0
11821,10,2,10
11822,10,8,9
11823,10,19,8
11824,10,9,12
11825,10,2,10
11826,10,10,16
11827,10,2,10
11828,10,6,14
11829,10,2,10
11830,10,2,10
11831,10,10,16
11832,10,10,16
11833,10,10,16
11834,10,2,10
11835,10,3,6
11836,10,19,8
11837,10,19,8
11838,10,10,16
11839,10,2,10
11840,10,10,16
11841,10,10,16
11842,10,6,14
11843,10,10,16
11844,10,14,19
11845,10,10,16
11846,10,10,16
11847,10,2,10
11848,10,2,10
11849,10,2,10
11850,10,17,4
11851,10,2,10
11852,10,2,10
11853,10,10,16
11854,10,15,2
11855,10,2,10
11856,10,14,19
11857,10,9,12
11858,10,10,16
11859,10,5,13
11860,10,2,10
11861,10,10,16
11862,10,2,10
11863,10,2,10
11864,10,2,10
11865,10,0,7
11866,10,0,7
11867,10,10,16
11868,10,2,10
11869,10,2,10
11870,10,18,18
11871,10,2,10
11872,10,18,18
11873,10,2,10
11874,10,6,14
11875,10,16,0
11876,10,1,17
11877,10,2,10
11878,10,2,10
11879,10,2,10
11880,10,2,10
11881,10,16,0
11882,10,2,10
11883,10,19,8
11884,10,10,16
11885,10,10,16
11886,10,2,10
11887,10,2,10
11888,10,9,12
11889,10,10,16
11890,10,2,10
11891,10,2,10
11892,10,2,10
11893,10,2,10
11894,10,10,16
11895,10,10,16
11896,10,1,17
11897,10,10,16
11898,10,2,10
11899,10,1,17
11900,10,1,17
11901,10,7,11
11902,10,2,10
11903,10,2,10
11904,10,2,10
11905,10,16,0
11906,10,2,10
11907,10,2,10
11908,10,16,0
11909,10,10,16
11910,10,10,16
11911,10,10,16
11912,10,10,16
11913,10,10,16
11914,10,2,10
11915,10,2,10
11916,10,2,10
11917,10,2,10
11918,10,5,13
11919,10,10,16
11920,10,15,2
11921,10,2,10
11922,10,2,10
11923,10,2,10
11924,10,16,0
11925,10,2,10
11926,10,12,5
11927,10,11,15
11928,10,2,10
11929,10,2,10
11930,10,15,2
11931,10,12,5
11932,10,2,10
11933,10,2,10
11934,10,10,16
11935,10,2,10
11936,10,15,2
11937,10,10,16
11938,10,10,16
11939,10,14,19
11940,10,5,13
11941,10,14,19
11942,10,2,10
11943,10,0,7
11944,10,15,2
11945,10,10,16
11946,10,17,4
11947,10,13,3
11948,10,10,16
11949,10,10,16
11950,10,2,10
11951,10,0,7
11952,10,7,11
11953,10,0,7
11954,10,2,10
11955,10,14,19
11956,10,10,16
11957,10,2,10
11958,10,2,10
11959,10,15,2
11960,10,2,10
11961,10,2,10
11962,10,6,14
11963,10,2,10
11964,10,8,9
11965,10,10,16
11966,10,2,10
11967,10,11,15
11968,10,10,16
11969,10,10,16
11970,10,15,2
11971,10,13,3
11972,10,13,3
11973,10,2,10
11974,10,2,10
11975,10,2,10
11976,10,0,7
11977,10,2,10
11978,10,2,10
11979,10,10,16
11980,10,2,10
11981,10,14,19
11982,10,14,19
11983,10,15,2
11984,10,2,10
11985,10,2,10
11986,10,16,0
11987,10,14,19
11988,10,15,2
11989,10,10,16
11990,10,2,10
11991,10,6,14
11992,10,17,4
11993,10,14,19
11994,10,2,10
11995,10,2,10
11996,10,10,16
11997,10,10,16
11998,10,2,10
11999,10,2,10
12000,10,10,16
12001,10,10,16
12002,10,2,10
12003,10,10,16
12004,10,2,10
12005,10,10,16
12006,10,0,7
12007,10,10,16
12008,10,14,19
12009,10,14,19
12010,10,14,19
12011,10,10,16
12012,10,2,10
12013,10,8,9
12014,10,2,10
12015,10,15,2
12016,10,10,16
12017,10,2,10
12018,10,16,0
12019,10,3,6
12020,10,2,10
12021,10,2,10
12022,10,10,16
12023,10,2,10
12024,10,10,16
12025,10,2,10
12026,10,2,10
12027,10,6,14
12028,10,7,11
12029,10,10,16
12030,10,2,10
12031,10,2,10
12032,10,15,2
12033,10,6,14
12034,10,2,10
12035,10,2,10
12036,10,2,10
12037,10,2,10
12038,10,2,10
12039,10,2,10
12040,10,0,7
12041,10,2,10
12042,10,6,14
12043,10,2,10
12044,10,2,10
12045,10,2,10
12046,10,2,10
12047,10,2,10
12048,10,2,10
12049,10,6,14
12050,10,2,10
12051,10,10,16
12052,10,16,0
12053,10,16,0
12054,10,10,16
12055,10,10,16
12056,10,10,16
12057,10,2,10
12058,10,16,0
12059,10,2,10
12060,10,19,8
12061,10,2,10
12062,10,10,16
12063,10,17,4
12064,10,2,10
12065,10,2,10
12066,10,2,10
12067,10,10,16
12068,10,10,16
12069,10,10,16
12070,10,10,16
12071,10,15,2
12072,10,0,7
12073,10,15,2
12074,10,2,10
12075,10,10,16
12076,10,7,11
12077,10,2,10
12078,10,2,10
12079,10,14,19
12080,10,15,2
12081,10,2,10
12082,10,10,16
12083,10,16,0
12084,10,16,0
12085,10,2,10
12086,10,10,16
12087,10,11,15
12088,10,16,0
12089,10,10,16
12090,10,10,16
12091,10,10,16
12092,10,2,10
12093,10,2,10
12094,10,14,19
12095,10,10,16
12096,10,12,5
12097,10,19,8
12098,10,2,10
12099,10,12,5
12100,10,2,10
12101,10,15,2
12102,10,17,4
12103,10,10,16
12104,10,2,10
12105,10,2,10
12106,10,10,16
12107,10,10,16
12108,10,12,5
12109,10,15,2
12110,10,12,5
12111,10,10,16
12112,10,10,16
12113,10,10,16
12114,10,17,4
12115,10,6,14
12116,10,9,12
12117,10,16,0
12118,10,2,10
12119,10,18,18
12120,10,16,0
12121,10,15,2
12122,10,10,16
12123,10,10,16
12124,10,10,16
12125,10,10,16
12126,10,2,10
12127,10,2,10
12128,10,10,16
12129,10,11,15
12130,10,2,10
12131,10,12,5
12132,10,1,17
12133,10,2,10
12134,10,2,10
12135,10,10,16
12136,10,1,17
12137,10,14,19
12138,10,17,4
12139,10,15,2
12140,10,1,17
12141,10,1,17
12142,10,10,16
12143,10,10,16
12144,10,10,16
12145,10,2,10
12146,10,10,16
12147,10,11,15
12148,10,1,17
12149,10,10,16
12150,10,10,16
12151,10,2,10
12152,10,14,19
12153,10,15,2
12154,10,15,2
12155,10,2,10
12156,10,2,10
12157,10,2,10
12158,10,11,15
12159,10,15,2
12160,10,2,10
12161,10,10,16
12162,10,2,10
12163,10,2,10
12164,10,4,1
12165,10,15,2
12166,10,15,2
12167,10,2,10
12168,10,1,17
12169,10,2,10
12170,10,16,0
12171,10,16,0
12172,10,2,10
12173,10,2,10
12174,10,7,11
12175,10,10,16
12176,10,14,19
12177,10,6,14
12178,10,15,2
12179,10,2,10
12180,10,17,4
12181,10,10,16
12182,10,10,16
12183,10,2,10
12184,10,7,11
12185,10,2,10
12186,10,2,10
12187,10,10,16
12188,10,2,10
12189,10,11,15
12190,10,16,0
12191,10,2,10
12192,10,0,7
12193,10,2,10
12194,10,15,2
12195,10,14,19
12196,10,14,19
12197,10,15,2
12198,10,6,14
12199,10,6,14
12200,10,10,16
12201,10,2,10
12202,10,16,0
12203,10,15,2
12204,10,10,16
12205,10,10,16
12206,10,10,16
12207,10,17,4
12208,10,2,10
12209,10,10,16
12210,10,10,16
12211,10,2,10
12212,10,2,10
12213,10,2,10
12214,10,15,2
12215,10,0,7
12216,10,10,16
12217,10,2,10
12218,10,10,16
12219,10,8,9
12220,10,8,9
12221,10,11,15
12222,10,2,10
12223,10,1,17
12224,10,2,10
12225,10,12,5
12226,10,10,16
12227,10,2,10
12228,10,1,17
12229,10,10,16
12230,10,2,10
12231,10,10,16
12232,10,10,16
12233,10,19,8
12234,10,10,16
12235,10,10,16
12236,10,10,16
12237,10,2,10
12238,10,2,10
12239,10,2,10
12240,10,11,15
12241,10,16,0
12242,10,16,0
12243,10,2,10
12244,10,10,16
12245,10,11,15
12246,10,5,13
12247,10,14,19
12248,10,10,16
12249,10,15,2
12250,10,2,10
12251,10,11,15
12252,10,2,10
12253,10,2,10
12254,10,11,15
12255,10,2,10
12256,10,10,16
12257,10,2,10
12258,10,5,13
12259,10,7,11
12260,10,10,16
12261,10,10,16
12262,10,2,10
12263,10,2,10
12264,10,5,13
12265,10,10,16
12266,10,1,17
12267,10,1,17
12268,10,14,19
12269,10,2,10
12270,10,15,2
12271,10,0,7
12272,10,10,16
12273,10,2,10
12274,10,15,2
12275,10,2,10
12276,10,0,7
12277,10,2,10
12278,10,10,16
12279,10,10,16
12280,10,2,10
12281,10,10,16
12282,10,5,13
12283,10,2,10
12284,10,2,10
12285,10,0,7
12286,10,17,4
12287,10,2,10
12288,10,10,16
12289,10,2,10
12290,10,2,10
12291,10,1,17
12292,10,1,17
12293,10,12,5
12294,10,0,7
12295,10,1,17
12296,10,16,0
12297,10,10,16
12298,10,2,10
12299,10,6,14
12300,10,6,14
12301,10,5,13
12302,10,0,7
12303,10,1,17
12304,10,0,7
12305,10,18,18
12306,10,2,10
12307,10,9,12
12308,10,14,19
12309,10,2,10
12310,10,10,16
12311,10,10,16
12312,10,9,12
12313,10,2,10
12314,10,12,5
12315,10,2,10
12316,10,2,10
12317,10,10,16
12318,10,0,7
12319,10,10,16
12320,10,1,17
12321,10,1,17
12322,10,2,10
12323,10,2,10
12324,10,6,14
12325,10,10,16
12326,10,2,10
12327,10,2,10
12328,10,12,5
12329,10,12,5
12330,10,10,16
12331,10,17,4
12332,10,10,16
12333,10,7,11
12334,10,2,10
12335,10,10,16
12336,10,11,15
12337,10,11,15
12338,10,2,10
12339,10,2,10
12340,10,2,10
12341,10,2,10
12342,10,10,16
12343,10,0,7
12344,10,12,5
12345,10,2,10
12346,10,2,10
12347,10,15,2
12348,10,12,5
12349,10,8,9
12350,10,10,16
12351,10,0,7
12352,10,17,4
12353,10,6,14
12354,10,10,16
12355,10,2,10
12356,10,2,10
12357,10,2,10
12358,10,17,4
12359,10,2,10
12360,10,2,10
12361,10,2,10
12362,10,2,10
12363,10,6,14
12364,10,0,7
12365,10,12,5
12366,10,10,16
12367,10,2,10
12368,10,2,10
12369,10,2,10
12370,10,1,17
12371,10,2,10
12372,10,2,10
12373,10,2,10
12374,10,2,10
12375,10,2,10
12376,10,10,16
12377,10,15,2
12378,10,2,10
12379,10,0,7
12380,10,10,16
12381,10,7,11
12382,10,17,4
12383,10,10,16
12384,10,10,16
12385,10,15,2
12386,10,6,14
12387,10,12,5
12388,10,8,9
12389,10,10,16
12390,10,12,5
12391,10,2,10
12392,10,10,16
12393,10,17,4
12394,10,10,16
12395,10,2,10
12396,10,0,7
12397,10,2,10
12398,10,2,10
12399,10,17,4
12400,10,2,10
12401,10,12,5
12402,10,10,16
12403,10,10,16
12404,10,2,10
12405,10,6,14
12406,10,10,16
12407,10,0,7
12408,10,2,10
12409,10,2,10
12410,10,7,11
12411,10,2,10
12412,10,1,17
12413,10,2,10
12414,10,2,10
12415,10,2,10
12416,10,10,16
12417,10,15,2
12418,10,16,0
12419,10,2,10
12420,10,10,16
12421,10,10,16
12422,10,2,10
12423,10,2,10
12424,10,10,16
12425,10,6,14
12426,10,2,10
12427,10,2,10
12428,10,10,16
12429,10,18,18
12430,10,6,14
12431,10,6,14
12432,10,12,5
12433,10,15,2
12434,10,2,10
12435,10,17,4
12436,10,6,14
12437,10,19,8
12438,10,14,19
12439,10,10,16
12440,10,0,7
12441,10,14,19
12442,10,2,10
12443,10,16,0
12444,10,2,10
12445,10,10,16
12446,10,2,10
12447,10,1,17
12448,10,10,16
12449,10,17,4
12450,10,2,10
12451,10,10,16
12452,10,10,16
12453,10,2,10
12454,10,10,16
12455,10,18,18
12456,10,10,16
12457,10,0,7
12458,10,2,10
12459,10,2,10
12460,10,16,0
12461,10,16,0
12462,10,17,4
12463,10,16,0
12464,10,6,14
12465,10,2,10
12466,10,18,18
12467,10,10,16
12468,10,1,17
12469,10,10,16
12470,10,10,16
12471,10,16,0
12472,10,6,14
12473,10,10,16
12474,10,10,16
12475,10,10,16
12476,10,6,14
12477,10,2,10
12478,10,10,16
12479,10,15,2
12480,10,10,16
12481,10,16,0
12482,10,10,16
12483,10,15,2
12484,10,1,17
12485,10,10,16
12486,10,6,14
12487,10,6,14
12488,10,10,16
12489,10,2,10
12490,10,1,17
12491,10,2,10
12492,10,12,5
12493,10,10,16
12494,10,10,16
12495,10,0,7
12496,10,10,16
12497,10,2,10
12498,10,9,12
12499,10,10,16
12500,10,0,7
12501,10,14,19
12502,10,15,2
12503,10,4,1
12504,10,2,10
12505,10,2,10
12506,10,10,16
12507,10,1,17
12508,10,1,17
12509,10,17,4
12510,10,17,4
12511,10,0,7
12512,10,15,2
12513,10,5,13
12514,10,5,13
12515,10,14,19
12516,10,10,16
12517,10,2,10
12518,10,12,5
12519,10,10,16
12520,10,6,14
12521,10,2,10
12522,10,2,10
12523,10,2,10
12524,10,2,10
12525,10,2,10
12526,10,2,10
12527,10,0,7
12528,10,2,10
12529,10,10,16
12530,10,15,2
12531,10,2,10
12532,10,2,10
12533,10,0,7
12534,10,10,16
12535,10,11,15
12536,10,10,16
12537,10,2,10
12538,10,2,10
12539,10,0,7
12540,10,10,16
12541,10,2,10
12542,10,19,8
12543,10,2,10
12544,10,19,8
12545,10,2,10
12546,10,14,19
12547,10,10,16
12548,10,10,16
12549,10,16,0
12550,10,2,10
12551,10,10,16
12552,10,8,9
12553,10,11,15
12554,10,1,17
12555,10,10,16
12556,10,8,9
12557,10,2,10
12558,10,15,2
12559,10,2,10
12560,10,2,10
12561,10,2,10
12562,10,2,10
12563,10,2,10
12564,10,14,19
12565,10,17,4
12566,10,2,10
12567,10,9,12
12568,10,17,4
12569,10,2,10
12570,10,10,16
12571,10,10,16
12572,10,10,16
12573,10,1,17
12574,10,10,16
12575,10,10,16
12576,10,1,17
12577,10,2,10
12578,10,2,10
12579,10,10,16
12580,10,2,10
12581,10,6,14
12582,10,2,10
12583,10,15,2
12584,10,10,16
12585,10,0,7
12586,10,2,10
12587,10,2,10
12588,10,10,16
12589,10,10,16
12590,10,10,16
12591,10,15,2
12592,10,2,10
12593,10,2,10
12594,10,2,10
12595,10,10,16
12596,10,2,10
12597,10,2,10
12598,10,2,10
12599,10,6,14
12600,10,2,10
12601,10,10,16
12602,10,10,16
12603,10,10,16
12604,10,10,16
12605,10,0,7
12606,10,2,10
12607,10,2,10
12608,10,6,14
12609,10,2,10
12610,10,16,0
12611,10,2,10
12612,10,10,16
12613,10,18,18
12614,10,10,16
12615,10,10,16
12616,10,2,10
12617,10,2,10
12618,10,12,5
12619,10,2,10
12620,10,14,19
12621,10,17,4
12622,10,16,0
12623,10,10,16
12624,10,10,16
12625,10,17,4
12626,10,2,10
12627,10,2,10
12628,10,2,10
12629,10,11,15
12630,10,17,4
12631,10,17,4
12632,10,2,10
12633,10,10,16
12634,10,10,16
12635,10,8,9
12636,10,2,10
12637,10,10,16
12638,10,15,2
12639,10,10,16
12640,10,18,18
12641,10,0,7
12642,10,12,5
12643,10,6,14
12644,10,2,10
12645,10,9,12
12646,10,11,15
12647,10,14,19
12648,10,10,16
12649,10,17,4
12650,10,15,2
12651,10,2,10
12652,10,2,10
12653,10,15,2
12654,10,2,10
12655,10,10,16
12656,10,10,16
12657,10,10,16
12658,10,2,10
12659,10,2,10
12660,10,10,16
12661,10,10,16
12662,10,10,16
12663,10,10,16
12664,10,10,16
12665,10,10,16
12666,10,10,16
12667,10,5,13
12668,10,2,10
12669,10,2,10
12670,10,10,16
12671,10,17,4
12672,10,17,4
12673,10,10,16
12674,10,2,10
12675,10,12,5
12676,10,10,16
12677,10,2,10
12678,10,10,16
12679,10,10,16
12680,10,14,19
12681,10,2,10
12682,10,2,10
12683,10,2,10
12684,10,10,16
12685,10,2,10
12686,10,1,17
12687,10,2,10
12688,10,6,14
12689,10,1,17
12690,10,10,16
12691,10,2,10
12692,10,10,16
12693,10,2,10
12694,10,7,11
12695,10,2,10
12696,10,2,10
12697,10,2,10
12698,10,10,16
12699,10,2,10
12700,10,15,2
12701,10,2,10
12702,10,10,16
12703,10,2,10
12704,10,10,16
12705,10,6,14
12706,10,0,7
12707,10,2,10
12708,10,10,16
12709,10,2,10
12710,10,17,4
12711,10,14,19
12712,10,12,5
12713,10,10,16
12714,10,10,16
12715,10,15,2
12716,10,18,18
12717,10,17,4
12718,10,2,10
12719,10,2,10
12720,10,10,16
12721,10,10,16
12722,10,10,16
12723,10,17,4
12724,10,2,10
12725,10,2,10
12726,10,10,16
12727,10,2,10
12728,10,10,16
12729,10,10,16
12730,10,16,0
12731,10,2,10
12732,10,10,16
12733,10,3,6
12734,10,2,10
12735,10,2,10
12736,10,2,10
12737,10,10,16
12738,10,2,10
12739,10,2,10
12740,10,2,10
12741,10,2,10
12742,10,2,10
12743,10,10,16
12744,10,2,10
12745,10,10,16
12746,10,16,0
12747,10,2,10
12748,10,9,12
12749,10,16,0
12750,10,2,10
12751,10,17,4
12752,10,12,5
12753,10,10,16
12754,10,10,16
12755,10,15,2
12756,10,15,2
12757,10,6,14
12758,10,2,10
12759,10,6,14
12760,10,15,2
12761,10,7,11
12762,10,2,10
12763,10,6,14
12764,10,1,17
12765,10,2,10
12766,10,2,10
12767,10,2,10
12768,10,2,10
12769,10,2,10
12770,10,2,10
12771,10,12,5
12772,10,10,16
12773,10,10,16
12774,10,15,2
12775,10,10,16
12776,10,10,16
12777,10,10,16
12778,10,0,7
12779,10,11,15
12780,10,10,16
12781,10,10,16
12782,10,12,5
12783,10,2,10
12784,10,2,10
12785,10,2,10
12786,10,17,4
12787,10,2,10
12788,10,10,16
12789,10,14,19
12790,10,10,16
12791,10,10,16
12792,10,1,17
12793,10,2,10
12794,10,9,12
12795,10,2,10
12796,10,10,16
12797,10,17,4
12798,10,2,10
12799,10,19,8
12800,10,2,10
12801,10,12,5
12802,10,17,4
12803,10,12,5
12804,10,10,16
12805,10,2,10
12806,10,15,2
12807,10,1,17
12808,10,2,10
12809,10,15,2
12810,10,10,16
12811,10,10,16
12812,10,17,4
12813,10,17,4
12814,10,2,10
12815,10,10,16
12816,10,10,16
12817,10,10,16
12818,10,2,10
12819,10,10,16
12820,10,14,19
12821,10,2,10
12822,10,15,2
12823,10,1,17
12824,10,2,10
12825,10,14,19
12826,10,2,10
12827,10,10,16
12828,10,10,16
12829,10,10,16
12830,10,17,4
12831,10,2,10
12832,10,10,16
12833,10,0,7
12834,10,2,10
12835,10,14,19
12836,10,10,16
12837,10,17,4
12838,10,17,4
12839,10,17,4
12840,10,2,10
12841,10,10,16
12842,10,7,11
12843,10,10,16
12844,10,10,16
12845,10,1,17
12846,10,10,16
12847,10,17,4
12848,10,2,10
12849,10,10,16
12850,10,2,10
12851,10,12,5
12852,10,2,10
12853,10,11,15
12854,10,2,10
12855,10,8,9
12856,10,11,15
12857,10,10,16
12858,10,14,19
12859,10,10,16
12860,10,1,17
12861,10,9,12
12862,10,10,16
12863,10,10,16
12864,10,14,19
12865,10,0,7
12866,10,2,10
12867,10,1,17
12868,10,2,10
12869,10,2,10
12870,10,16,0
12871,10,15,2
12872,10,12,5
12873,10,2,10
12874,10,10,16
12875,10,10,16
12876,10,17,4
12877,10,2,10
12878,10,3,6
12879,10,2,10
12880,10,0,7
12881,10,10,16
12882,10,10,16
12883,10,6,14
12884,10,10,16
12885,10,5,13
12886,10,9,12
12887,10,2,10
12888,10,7,11
12889,10,19,8
12890,10,14,19
12891,10,10,16
12892,10,1,17
12893,10,2,10
12894,10,17,4
12895,10,10,16
12896,10,10,16
12897,10,5,13
12898,10,16,0
12899,10,13,3
12900,10,2,10
12901,10,2,10
12902,10,2,10
12903,10,10,16
12904,10,0,7
12905,10,2,10
12906,10,12,5
12907,10,11,15
12908,10,2,10
12909,10,10,16
12910,10,2,10
12911,10,0,7
12912,10,10,16
12913,10,12,5
12914,10,10,16
12915,10,10,16
12916,10,2,10
12917,10,7,11
12918,10,2,10
12919,10,12,5
12920,10,1,17
12921,10,10,16
12922,10,14,19
12923,10,2,10
12924,10,0,7
12925,10,10,16
12926,10,10,16
12927,10,10,16
12928,10,10,16
12929,10,12,5
12930,10,2,10
12931,10,2,10
12932,10,8,9
12933,10,14,19
12934,10,10,16
12935,10,10,16
12936,10,19,8
12937,10,17,4
12938,10,2,10
12939,10,10,16
12940,10,12,5
12941,10,2,10
12942,10,10,16
12943,10,15,2
12944,10,8,9
12945,10,17,4
12946,10,2,10
12947,10,2,10
12948,10,15,2
12949,10,2,10
12950,10,8,9
12951,10,1,17
12952,10,2,10
12953,10,3,6
12954,10,17,4
12955,10,19,8
12956,10,10,16
12957,10,15,2
12958,10,2,10
12959,10,2,10
12960,10,10,16
12961,10,10,16
12962,10,10,16
12963,10,10,16
12964,10,15,2
12965,10,10,16
12966,10,10,16
12967,10,2,10
12968,10,17,4
12969,10,2,10
12970,10,0,7
12971,10,2,10
12972,10,15,2
12973,10,15,2
12974,10,2,10
12975,10,6,14
12976,10,10,16
12977,10,10,16
12978,10,10,16
12979,10,2,10
12980,10,10,16
12981,10,9,12
12982,10,10,16
12983,10,19,8
12984,10,1,17
12985,10,0,7
12986,10,2,10
12987,10,10,16
12988,10,10,16
12989,10,8,9
12990,10,1,17
12991,10,1,17
12992,10,2,10
12993,10,1,17
12994,10,10,16
12995,10,2,10
12996,10,2,10
12997,10,10,16
12998,10,10,16
12999,10,10,16
13000,10,2,10
13001,10,10,16
13002,10,8,9
13003,10,8,9
13004,10,10,16
13005,10,10,16
13006,10,0,7
13007,10,3,6
13008,10,10,16
13009,10,19,8
13010,10,8,9
13011,10,2,10
13012,10,2,10
13013,10,12,5
13014,10,10,16
13015,10,14,19
13016,10,10,16
13017,10,1,17
13018,10,1,17
13019,10,10,16
13020,10,2,10
13021,10,10,16
13022,10,0,7
13023,10,2,10
13024,10,0,7
13025,10,0,7
13026,10,1,17
13027,10,10,16
13028,10,10,16
13029,10,10,16
13030,10,6,14
13031,10,6,14
13032,10,6,14
13033,10,2,10
13034,10,0,7
13035,10,10,16
13036,10,14,19
13037,10,17,4
13038,10,2,10
13039,10,10,16
13040,10,2,10
13041,10,11,15
13042,10,2,10
13043,10,10,16
13044,10,17,4
13045,10,0,7
13046,10,10,16
13047,10,2,10
13048,10,2,10
13049,10,6,14
13050,10,2,10
13051,10,2,10
13052,10,15,2
13053,10,15,2
13054,10,15,2
13055,10,16,0
13056,10,16,0
13057,10,2,10
13058,10,0,7
13059,10,0,7
13060,10,12,5
13061,10,12,5
13062,10,12,5
13063,10,2,10
13064,10,0,7
13065,10,6,14
13066,10,6,14
13067,10,15,2
13068,10,17,4
13069,10,0,7
13070,10,10,16
13071,10,7,11
13072,10,2,10
13073,10,5,13
13074,10,10,16
13075,10,2,10
13076,10,19,8
13077,10,10,16
13078,10,2,10
13079,10,2,10
13080,10,2,10
13081,10,2,10
13082,10,8,9
13083,10,8,9
13084,10,17,4
13085,10,6,14
13086,10,5,13
13087,10,6,14
13088,10,0,7
13089,10,10,16
13090,10,2,10
13091,10,16,0
13092,10,6,14
13093,10,6,14
13094,10,2,10
13095,10,6,14
13096,10,2,10
13097,10,0,7
13098,10,2,10
13099,10,8,9
13100,10,17,4
13101,10,14,19
13102,10,17,4
13103,10,17,4
13104,10,2,10
13105,10,0,7
13106,10,2,10
13107,10,2,10
13108,10,11,15
13109,10,14,19
13110,10,2,10
13111,10,2,10
13112,10,0,7
13113,10,14,19
13114,10,1,17
13115,10,2,10
13116,10,11,15
13117,10,14,19
13118,10,0,7
13119,10,3,6
13120,10,16,0
13121,10,16,0
13122,10,16,0
13123,10,16,0
13124,10,16,0
13125,10,2,10
13126,10,2,10
13127,10,10,16
13128,10,10,16
13129,10,3,6
13130,10,4,1
13131,10,17,4
13132,10,1,17
13133,10,1,17
13134,10,1,17
13135,10,1,17
13136,10,1,17
13137,10,10,16
13138,10,17,4
13139,10,13,3
13140,10,17,4
13141,10,4,1
13142,10,19,8
13143,10,0,7
13144,10,2,10
13145,10,2,10
13146,10,17,4
13147,10,17,4
13148,10,17,4
13149,10,7,11
13150,10,17,4
13151,10,17,4
13152,10,10,16
13153,10,14,19
13154,10,17,4
13155,10,7,11
13156,10,14,19
13157,10,2,10
13158,10,3,6
13159,10,10,16
13160,10,2,10
13161,10,17,4
13162,10,10,16
13163,10,12,5
13164,10,12,5
13165,10,10,16
13166,10,12,5
13167,10,6,14
13168,10,14,19
13169,10,6,14
13170,10,1,17
13171,10,14,19
13172,10,14,19
13173,10,14,19
13174,10,14,19
13175,10,14,19
13176,10,2,10
13177,10,10,16
13178,10,1,17
13179,10,17,4
13180,10,1,17
13181,10,6,14
13182,10,2,10
13183,10,2,10
13184,10,2,10
13185,10,1,17
13186,10,1,17
13187,10,2,10
13188,10,1,17
13189,10,15,2
13190,10,1,17
13191,10,6,14
13192,10,15,2
13193,10,15,2
13194,10,15,2
13195,10,15,2
13196,10,10,16
13197,10,10,16
13198,10,2,10
13199,10,0,7
13200,10,2,10
13201,10,2,10
13202,10,17,4
13203,10,17,4
13204,10,0,7
13205,10,0,7
13206,10,0,7
13207,10,2,10
13208,10,18,18
13209,10,10,16
13210,10,10,16
13211,10,0,7
13212,10,2,10
13213,10,2,10
13214,10,2,10
13215,10,14,19
13216,10,2,10
13217,10,7,11
13218,10,2,10
13219,10,10,16
13220,10,2,10
13221,10,2,10
13222,10,10,16
13223,10,2,10
13224,10,12,5
13225,10,2,10
13226,10,11,15
13227,10,0,7
13228,10,12,5
13229,10,12,5
13230,10,6,14
13231,10,8,9
13232,10,15,2
13233,10,8,9
13234,10,2,10
13235,10,15,2
13236,10,2,10
13237,10,16,0
13238,10,14,19
13239,10,8,9
13240,10,2,10
13241,10,9,12
13242,10,2,10
13243,10,2,10
13244,10,2,10
13245,10,14,19
13246,10,16,0
13247,10,0,7
13248,10,10,16
13249,10,8,9
13250,10,11,15
13251,10,15,2
13252,10,8,9
13253,10,8,9
13254,10,11,15
13255,10,6,14
13256,10,15,2
13257,10,2,10
13258,10,10,16
13259,10,1,17
13260,10,1,17
13261,10,1,17
13262,10,14,19
13263,10,14,19
13264,10,8,9
13265,10,8,9
13266,10,1,17
13267,10,9,12
13268,10,9,12
13269,10,9,12
13270,10,15,2
13271,10,15,2
13272,10,15,2
13273,10,15,2
13274,10,15,2
13275,10,0,7
13276,10,0,7
13277,10,14,19
13278,10,1,17
13279,10,14,19
13280,10,16,0
13281,10,5,13
13282,10,2,10
13283,10,14,19
13284,10,1,17
13285,10,1,17
13286,10,2,10
13287,10,10,16
13288,10,7,11
13289,10,2,10
13290,10,2,10
13291,10,2,10
13292,10,6,14
13293,10,2,10
13294,10,16,0
13295,10,16,0
13296,10,0,7
13297,10,0,7
13298,10,14,19
13299,10,14,19
13300,10,12,5
13301,10,11,15
13302,10,2,10
13303,10,1,17
13304,10,10,16
13305,10,0,7
13306,10,1,17
13307,10,1,17
13308,10,1,17
13309,10,10,16
13310,10,1,17
13311,10,2,10
13312,10,2,10
13313,10,12,5
13314,10,12,5
13315,10,0,7
13316,10,10,16
13317,10,19,8
13318,10,19,8
13319,10,10,16
13320,10,1,17
13321,10,10,16
13322,10,2,10
13323,10,3,6
13324,10,2,10
13325,10,10,16
13326,10,2,10
13327,10,2,10
13328,10,2,10
13329,10,8,9
13330,10,19,8
13331,10,2,10
13332,10,2,10
13333,10,2,10
13334,10,2,10
13335,10,12,5
13336,10,2,10
13337,10,7,11
13338,10,6,14
13339,10,15,2
13340,10,8,9
13341,10,12,5
13342,10,0,7
13343,10,2,10
13344,10,2,10
13345,10,5,13
13346,10,5,13
13347,10,2,10
13348,10,12,5
13349,10,14,19
13350,10,14,19
13351,10,2,10
13352,10,2,10
13353,10,2,10
13354,10,2,10
13355,10,2,10
13356,10,2,10
13357,10,19,8
13358,10,17,4
13359,10,10,16
13360,10,17,4
13361,10,17,4
13362,10,1,17
13363,10,0,7
13364,10,2,10
13365,10,14,19
13366,10,0,7
13367,10,14,19
13368,10,14,19
13369,10,6,14
13370,10,6,14
13371,10,6,14
13372,10,6,14
13373,10,15,2
13374,10,6,14
13375,10,2,10
13376,10,2,10
13377,10,2,10
13378,10,2,10
13379,10,0,7
13380,10,10,16
13381,10,10,16
13382,10,10,16
13383,10,15,2
13384,10,6,14
13385,10,1,17
13386,10,15,2
13387,10,1,17
13388,10,16,0
13389,10,2,10
13390,10,0,7
13391,10,5,13
13392,10,16,0
13393,10,2,10
13394,10,2,10
13395,10,2,10
13396,10,10,16
13397,10,0,7
13398,10,2,10
13399,10,10,16
13400,10,0,7
13401,10,2,10
13402,10,2,10
13403,10,14,19
13404,10,14,19
13405,10,14,19
13406,10,14,19
13407,10,2,10
13408,10,14,19
13409,10,4,1
13410,10,8,9
13411,10,11,15
13412,10,2,10
13413,10,2,10
13414,10,0,7
13415,10,11,15
13416,10,6,14
13417,10,1,17
13418,10,1,17
13419,10,1,17
13420,10,1,17
13421,10,2,10
13422,10,17,4
13423,10,8,9
13424,10,19,8
13425,10,12,5
13426,10,0,7
13427,10,9,12
13428,10,2,10
13429,10,12,5
13430,10,6,14
13431,10,6,14
13432,10,19,8
13433,10,2,10
13434,10,2,10
13435,10,8,9
13436,10,8,9
13437,10,9,12
13438,10,9,12
13439,10,0,7
13440,10,10,16
13441,10,12,5
13442,10,6,14
13443,10,2,10
13444,10,18,18
13445,10,2,10
13446,10,2,10
13447,10,6,14
13448,10,12,5
13449,10,10,16
13450,10,2,10
13451,10,10,16
13452,10,17,4
13453,10,0,7
13454,10,2,10
13455,10,9,12
13456,10,2,10
13457,10,2,10
13458,10,2,10
13459,10,2,10
13460,10,2,10
13461,10,2,10
13462,10,2,10
13463,10,10,16
13464,10,10,16
13465,10,2,10
13466,10,2,10
13467,10,2,10
13468,10,10,16
13469,10,9,12
13470,10,2,10
13471,10,2,10
13472,10,2,10
13473,10,2,10
13474,10,15,2
13475,10,8,9
13476,10,15,2
13477,10,15,2
13478,10,6,14
13479,10,15,2
13480,10,5,13
13481,10,4,1
13482,10,4,1
13483,10,1,17
13484,10,6,14
13485,10,11,15
13486,10,2,10
13487,10,4,1
13488,10,2,10
13489,10,2,10
13490,10,2,10
13491,10,10,16
13492,10,17,4
13493,10,1,17
13494,10,1,17
13495,10,1,17
13496,10,2,10
13497,10,0,7
13498,10,6,14
13499,10,2,10
13500,10,2,10
13501,10,2,10
13502,10,17,4
13503,10,0,7
13504,10,17,4
13505,10,2,10
13506,10,6,14
13507,10,19,8
13508,10,6,14
13509,10,17,4
13510,10,10,16
13511,10,7,11
13512,10,2,10
13513,10,9,12
13514,10,4,1
13515,10,2,10
13516,10,11,15
13517,10,6,14
13518,10,2,10
13519,10,10,16
13520,10,2,10
13521,10,10,16
13522,10,2,10
13523,10,18,18
13524,10,7,11
13525,10,2,10
13526,10,2,10
13527,10,6,14
13528,10,4,1
13529,10,19,8
13530,10,0,7
13531,10,10,16
13532,10,10,16
13533,10,8,9
13534,10,10,16
13535,10,10,16
13536,10,9,12
13537,10,9,12
13538,10,9,12
13539,10,2,10
13540,10,6,14
13541,10,9,12
13542,10,1,17
13543,10,2,10
13544,10,10,16
13545,10,2,10
13546,10,2,10
13547,10,1,17
13548,10,6,14
13549,10,10,16
13550,10,18,18
13551,10,10,16
13552,10,10,16
13553,10,10,16
13554,10,18,18
13555,10,10,16
13556,10,6,14
13557,10,19,8
13558,10,0,7
13559,10,12,5
13560,10,14,19
13561,10,14,19
13562,10,4,1
13563,10,10,16
13564,10,2,10
13565,10,2,10
13566,10,2,10
13567,10,2,10
13568,10,12,5
13569,10,12,5
13570,10,10,16
13571,10,10,16
13572,10,2,10
13573,10,17,4
13574,10,17,4
13575,10,17,4
13576,10,19,8
13577,10,2,10
13578,10,2,10
13579,10,14,19
13580,10,0,7
13581,10,0,7
13582,10,2,10
13583,10,2,10
13584,10,0,7
13585,10,8,9
13586,10,10,16
13587,10,2,10
13588,10,2,10
13589,10,2,10
13590,10,10,16
13591,10,17,4
13592,10,17,4
13593,10,2,10
13594,10,2,10
13595,10,0,7
13596,10,17,4
13597,10,17,4
13598,10,10,16
13599,10,10,16
13600,10,10,16
13601,10,2,10
13602,10,2,10
13603,10,10,16
13604,10,10,16
13605,10,8,9
13606,10,2,10
13607,10,10,16
13608,10,10,16
13609,10,2,10
13610,10,2,10
13611,10,14,19
13612,10,14,19
13613,10,1,17
13614,10,1,17
13615,10,2,10
13616,10,2,10
13617,10,2,10
13618,10,14,19
13619,10,9,12
13620,10,0,7
13621,10,2,10
13622,10,10,16
13623,10,1,17
13624,10,2,10
13625,10,2,10
13626,10,0,7
13627,10,1,17
13628,10,0,7
13629,10,0,7
13630,10,17,4
13631,10,7,11
13632,10,18,18
13633,10,6,14
13634,10,10,16
13635,10,2,10
13636,10,10,16
13637,10,2,10
13638,10,2,10
13639,10,7,11
13640,10,10,16
13641,10,10,16
13642,10,8,9
13643,10,2,10
13644,10,8,9
13645,10,1,17
13646,10,19,8
13647,10,12,5
13648,10,12,5
13649,10,15,2
13650,10,4,1
13651,10,10,16
13652,10,2,10
13653,10,9,12
13654,10,7,11
13655,10,10,16
13656,10,2,10
13657,10,17,4
13658,10,15,2
13659,10,10,16
13660,10,10,16
13661,10,10,16
13662,10,2,10
13663,10,2,10
13664,10,0,7
13665,10,17,4
13666,10,10,16
13667,10,2,10
13668,10,2,10
13669,10,2,10
13670,10,2,10
13671,10,5,13
13672,10,5,13
13673,10,12,5
13674,10,18,18
13675,10,2,10
13676,10,2,10
13677,10,0,7
13678,10,0,7
13679,10,0,7
13680,10,8,9
13681,10,17,4
13682,10,14,19
13683,10,2,10
13684,10,2,10
13685,10,2,10
13686,10,16,0
13687,10,2,10
13688,10,2,10
13689,10,12,5
13690,10,2,10
13691,10,10,16
13692,10,2,10
13693,10,2,10
13694,10,10,16
13695,10,7,11
13696,10,10,16
13697,10,4,1
13698,10,0,7
13699,10,0,7
13700,10,17,4
13701,10,17,4
13702,10,2,10
13703,10,10,16
13704,10,19,8
13705,10,7,11
13706,10,2,10
13707,10,19,8
13708,10,19,8
13709,10,2,10
13710,10,1,17
13711,10,10,16
13712,10,2,10
13713,10,10,16
13714,10,10,16
13715,10,1,17
13716,10,10,16
13717,10,10,16
13718,10,0,7
13719,10,2,10
13720,10,2,10
13721,10,0,7
13722,10,0,7
13723,10,10,16
13724,10,12,5
13725,10,10,16
13726,10,7,11
13727,10,7,11
13728,10,6,14
13729,10,6,14
13730,10,10,16
13731,10,10,16
13732,10,2,10
13733,10,0,7
13734,10,5,13
13735,10,5,13
13736,10,10,16
13737,10,2,10
13738,10,12,5
13739,10,0,7
13740,10,2,10
13741,10,2,10
13742,10,10,16
13743,10,2,10
13744,10,10,16
13745,10,5,13
13746,10,2,10
13747,10,14,19
13748,10,10,16
13749,10,7,11
13750,10,19,8
13751,10,7,11
13752,10,2,10
13753,10,2,10
13754,10,2,10
13755,10,2,10
13756,10,2,10
13757,10,8,9
13758,10,2,10
13759,10,16,0
13760,10,2,10
13761,10,16,0
13762,10,5,13
13763,10,11,15
13764,10,11,15
13765,10,2,10
13766,10,16,0
13767,10,16,0
13768,10,16,0
13769,10,16,0
13770,10,2,10
13771,10,16,0
13772,10,17,4
13773,10,17,4
13774,10,2,10
13775,10,2,10
13776,10,0,7
13777,10,17,4
13778,10,2,10
13779,10,2,10
13780,10,15,2
13781,10,2,10
13782,10,2,10
13783,10,15,2
13784,10,1,17
13785,10,1,17
13786,10,11,15
13787,10,8,9
13788,10,17,4
13789,10,1,17
13790,10,1,17
13791,10,2,10
13792,10,2,10
13793,10,10,16
13794,10,14,19
13795,10,14,19
13796,10,2,10
13797,10,2,10
13798,10,2,10
13799,10,7,11
13800,10,10,16
13801,10,10,16
13802,10,10,16
13803,10,0,7
13804,10,2,10
13805,10,13,3
13806,10,2,10
13807,10,2,10
13808,10,2,10
13809,10,6,14
13810,10,15,2
13811,10,10,16
13812,10,10,16
13813,10,10,16
13814,10,10,16
13815,10,10,16
13816,10,19,8
13817,10,2,10
13818,10,10,16
13819,10,2,10
13820,10,2,10
13821,10,2,10
13822,10,2,10
13823,10,2,10
13824,10,10,16
13825,10,10,16
13826,10,10,16
13827,10,10,16
13828,10,1,17
13829,10,10,16
13830,10,15,2
13831,10,8,9
13832,10,17,4
13833,10,17,4
13834,10,2,10
13835,10,2,10
13836,10,17,4
13837,10,14,19
13838,10,7,11
13839,10,2,10
13840,10,2,10
13841,10,2,10
13842,10,2,10
13843,10,7,11
13844,10,10,16
13845,10,17,4
13846,10,2,10
13847,10,17,4
13848,10,17,4
13849,10,10,16
13850,10,10,16
13851,10,10,16
13852,10,1,17
13853,10,2,10
13854,10,2,10
13855,10,2,10
13856,10,2,10
13857,10,18,18
13858,10,17,4
13859,10,2,10
13860,10,10,16
13861,10,2,10
13862,10,0,7
13863,10,2,10
13864,10,17,4
13865,10,10,16
13866,10,4,1
13867,10,15,2
13868,10,12,5
13869,10,2,10
13870,10,2,10
13871,10,2,10
13872,10,2,10
13873,10,2,10
13874,10,10,16
13875,10,10,16
13876,10,2,10
13877,10,18,18
13878,10,2,10
13879,10,0,7
13880,10,2,10
13881,10,2,10
13882,10,2,10
13883,10,2,10
13884,10,2,10
13885,10,2,10
13886,10,2,10
13887,10,2,10
13888,10,2,10
13889,10,2,10
13890,10,0,7
13891,10,19,8
13892,10,19,8
13893,10,17,4
13894,10,17,4
13895,10,10,16
13896,10,10,16
13897,10,17,4
13898,10,17,4
13899,10,17,4
13900,10,2,10
13901,10,17,4
13902,10,10,16
13903,10,10,16
13904,10,18,18
13905,10,0,7
13906,10,0,7
13907,10,10,16
13908,10,15,2
13909,10,6,14
13910,10,17,4
13911,10,5,13
13912,10,5,13
13913,10,6,14
13914,10,10,16
13915,10,17,4
13916,10,2,10
13917,10,10,16
13918,10,10,16
13919,10,10,16
13920,10,17,4
13921,10,16,0
13922,10,10,16
13923,10,17,4
13924,10,1,17
13925,10,1,17
13926,10,1,17
13927,10,6,14
13928,10,2,10
13929,10,10,16
13930,10,9,12
13931,10,11,15
13932,10,14,19
13933,10,10,16
13934,10,17,4
13935,10,17,4
13936,10,7,11
13937,10,9,12
13938,10,10,16
13939,10,2,10
13940,10,10,16
13941,10,2,10
13942,10,16,0
13943,10,16,0
13944,10,6,14
13945,10,19,8
13946,10,6,14
13947,10,6,14
13948,10,2,10
13949,10,17,4
13950,10,17,4
13951,10,2,10
13952,10,0,7
13953,10,10,16
13954,10,10,16
13955,10,8,9
13956,10,8,9
13957,10,8,9
13958,10,2,10
13959,10,0,7
13960,10,0,7
13961,10,8,9
13962,10,1,17
13963,10,7,11
13964,10,7,11
13965,10,17,4
13966,10,10,16
13967,10,2,10
13968,10,2,10
13969,10,18,18
13970,10,0,7
13971,10,2,10
13972,10,2,10
13973,10,2,10
13974,10,6,14
13975,10,19,8
13976,10,0,7
13977,10,2,10
13978,10,18,18
13979,10,14,19
13980,10,2,10
13981,10,14,19
13982,10,17,4
13983,10,1,17
13984,10,1,17
13985,10,17,4
13986,10,15,2
13987,10,2,10
13988,10,10,16
13989,10,6,14
13990,10,1,17
13991,10,18,18
13992,10,2,10
13993,10,2,10
13994,10,17,4
13995,10,2,10
13996,10,2,10
13997,10,2,10
13998,10,16,0
13999,10,16,0
14000,10,17,4
14001,10,17,4
14002,10,2,10
14003,10,17,4
14004,10,14,19
14005,10,10,16
14006,10,9,12
14007,10,2,10
14008,10,10,16
14009,10,10,16
14010,10,8,9
14011,10,10,16
14012,10,17,4
14013,10,17,4
14014,10,18,18
14015,10,1,17
14016,10,2,10
14017,10,2,10
14018,10,16,0
14019,10,2,10
14020,10,9,12
14021,10,2,10
14022,10,2,10
14023,10,18,18
14024,10,8,9
14025,10,2,10
14026,10,17,4
14027,10,16,0
14028,10,14,19
14029,10,2,10
14030,10,17,4
14031,10,2,10
14032,10,2,10
14033,10,10,16
14034,10,10,16
14035,10,10,16
14036,10,10,16
14037,10,2,10
14038,10,2,10
14039,10,2,10
14040,10,0,7
14041,10,17,4
14042,10,17,4
14043,10,10,16
14044,10,1,17
14045,10,2,10
14046,10,2,10
14047,10,2,10
14048,10,7,11
14049,10,2,10
14050,10,17,4
14051,10,1,17
14052,10,9,12
14053,10,19,8
14054,10,6,14
14055,10,2,10
14056,10,2,10
14057,10,17,4
14058,10,2,10
14059,10,9,12
14060,10,14,19
14061,10,2,10
14062,10,17,4
14063,10,17,4
14064,10,18,18
14065,10,18,18
14066,10,3,6
14067,10,14,19
14068,10,15,2
14069,10,16,0
14070,10,1,17
14071,10,8,9
14072,10,3,6
14073,10,18,18
14074,10,16,0
14075,10,2,10
14076,10,18,18
14077,10,18,18
14078,10,2,10
14079,10,18,18
14080,10,8,9
14081,10,18,18
14082,10,1,17
14083,10,1,17
14084,10,6,14
14085,10,18,18
14086,10,10,16
14087,10,2,10
14088,10,10,16
14089,10,1,17
14090,10,17,4
14091,10,2,10
14092,10,19,8
14093,10,17,4
14094,10,6,14
14095,10,2,10
14096,10,0,7
14097,10,15,2
14098,10,1,17
14099,10,3,6
14100,10,15,2
14101,10,12,5
14102,10,2,10
14103,10,18,18
14104,10,2,10
14105,10,12,5
14106,10,1,17
14107,10,0,7
14108,10,0,7
14109,10,6,14
14110,10,11,15
14111,10,19,8
14112,10,0,7
14113,10,15,2
14114,10,3,6
14115,10,2,10
14116,10,2,10
14117,10,0,7
14118,10,2,10
14119,10,14,19
14120,10,9,12
14121,10,16,0
14122,10,7,11
14123,10,10,16
14124,10,2,10
14125,10,2,10
14126,10,11,15
14127,10,6,14
14128,10,7,11
14129,10,1,17
14130,10,19,8
14131,10,0,7
14132,10,0,7
14133,10,2,10
14134,10,2,10
14135,10,1,17
14136,10,15,2
14137,10,2,10
14138,10,17,4
14139,10,10,16
14140,10,18,18
14141,10,1,17
14142,10,9,12
14143,10,0,7
14144,10,18,18
14145,10,18,18
14146,10,18,18
14147,10,15,2
14148,10,18,18
14149,10,19,8
14150,10,4,1
14151,10,0,7
14152,10,0,7
14153,10,3,6
14154,10,12,5
14155,10,8,9
14156,10,14,19
14157,10,0,7
14158,10,16,0
14159,10,3,6
14160,10,19,8
14161,10,0,7
14162,10,2,10
14163,10,16,0
14164,10,5,13
14165,10,11,15
14166,10,8,9
14167,10,3,6
14168,10,3,6
14169,10,19,8
14170,10,3,6
14171,10,15,2
14172,10,15,2
14173,10,18,18
14174,10,18,18
14175,10,17,4
14176,10,1,17
14177,10,16,0
14178,10,3,6
14179,10,9,12
14180,10,1,17
14181,10,0,7
14182,10,6,14
14183,10,19,8
14184,10,18,18
14185,10,16,0
14186,10,16,0
14187,10,12,5
14188,10,0,7
14189,10,8,9
14190,10,15,2
14191,10,19,8
14192,10,16,0
14193,10,13,3
14194,10,18,18
14195,10,15,2
14196,10,17,4
14197,10,10,16
14198,10,15,2
14199,10,8,9
14200,10,17,4
14201,10,8,9
14202,10,3,6
14203,10,2,10
14204,10,5,13
14205,10,1,17
14206,10,1,17
14207,10,8,9
14208,10,19,8
14209,10,0,7
14210,10,1,17
14211,10,19,8
14212,10,0,7
14213,10,2,10
14214,10,2,10
14215,10,2,10
14216,10,2,10
14217,10,17,4
14218,10,8,9
14219,10,18,18
14220,10,14,19
14221,10,12,5
14222,10,18,18
14223,10,15,2
14224,10,12,5
14225,10,12,5
14226,10,3,6
14227,10,7,11
14228,10,14,19
14229,10,18,18
14230,10,0,7
14231,10,8,9
14232,10,16,0
14233,10,16,0
14234,10,3,6
14235,10,1,17
14236,10,14,19
14237,10,0,7
14238,10,0,7
14239,10,1,17
14240,10,18,18
14241,10,18,18
14242,10,0,7
14243,10,0,7
14244,10,10,16
14245,10,2,10
14246,10,2,10
14247,10,15,2
14248,10,2,10
14249,10,12,5
14250,10,2,10
14251,10,14,19
14252,10,2,10
14253,10,14,19
14254,10,3,6
14255,10,6,14
14256,10,6,14
14257,10,2,10
14258,10,18,18
14259,10,15,2
14260,10,15,2
14261,10,3,6
14262,10,16,0
14263,10,0,7
14264,10,3,6
14265,10,0,7
14266,10,0,7
14267,10,18,18
14268,10,18,18
14269,10,3,6
14270,10,0,7
14271,10,3,6
14272,10,14,19
14273,10,7,11
14274,10,2,10
14275,10,18,18
14276,10,2,10
14277,10,18,18
14278,10,18,18
14279,10,0,7
14280,10,15,2
14281,10,15,2
14282,10,15,2
14283,10,14,19
14284,10,6,14
14285,10,18,18
14286,10,0,7
14287,10,2,10
14288,10,2,10
14289,10,7,11
14290,10,8,9
14291,10,17,4
14292,10,17,4
14293,10,5,13
14294,10,14,19
14295,10,18,18
14296,10,7,11
14297,10,0,7
14298,10,2,10
14299,10,12,5
14300,10,3,6
14301,10,1,17
14302,10,0,7
14303,10,10,16
14304,10,8,9
14305,10,3,6
14306,10,8,9
14307,10,5,13
14308,10,18,18
14309,10,0,7
14310,10,16,0
14311,10,3,6
14312,10,0,7
14313,10,6,14
14314,10,18,18
14315,10,8,9
14316,10,3,6
14317,10,3,6
14318,10,2,10
14319,10,3,6
14320,10,15,2
14321,10,3,6
14322,10,2,10
14323,10,18,18
14324,10,2,10
14325,10,0,7
14326,10,2,10
14327,10,3,6
14328,10,0,7
14329,10,8,9
14330,10,8,9
14331,10,1,17
14332,10,16,0
14333,10,0,7
14334,10,5,13
14335,10,16,0
14336,10,8,9
14337,10,18,18
14338,10,9,12
14339,10,7,11
14340,10,5,13
14341,10,8,9
14342,10,16,0
14343,10,2,10
14344,10,7,11
14345,10,1,17
14346,10,2,10
14347,10,18,18
14348,10,0,7
14349,10,7,11
14350,10,1,17
14351,10,8,9
14352,10,3,6
14353,10,10,16
14354,10,0,7
14355,10,18,18
14356,10,17,4
14357,10,18,18
14358,10,0,7
14359,10,2,10
14360,10,8,9
14361,10,12,5
14362,10,5,13
14363,10,15,2
14364,10,5,13
14365,10,2,10
14366,10,15,2
14367,10,19,8
14368,10,7,11
14369,10,10,16
14370,10,0,7
14371,10,8,9
14372,10,0,7
14373,10,11,15
14374,10,1,17
14375,10,10,16
14376,10,3,6
14377,10,3,6
14378,10,19,8
14379,10,18,18
14380,10,0,7
14381,10,0,7
14382,10,0,7
14383,10,12,5
14384,10,12,5
14385,10,0,7
14386,10,0,7
14387,10,8,9
14388,10,0,7
14389,10,16,0
14390,10,0,7
14391,10,0,7
14392,10,2,10
14393,10,18,18
14394,10,1,17
14395,10,16,0
14396,10,18,18
14397,10,18,18
14398,10,8,9
14399,10,9,12
14400,10,16,0
14401,10,12,5
14402,10,18,18
14403,10,14,19
14404,10,12,5
14405,10,19,8
14406,10,2,10
14407,10,3,6
14408,10,18,18
14409,10,15,2
14410,10,19,8
14411,10,0,7
14412,10,2,10
14413,10,2,10
14414,10,14,19
14415,10,0,7
14416,10,18,18
14417,10,17,4
14418,10,12,5
14419,10,3,6
14420,10,18,18
14421,10,10,16
14422,10,8,9
14423,10,16,0
14424,10,14,19
14425,10,12,5
14426,10,3,6
14427,10,18,18
14428,10,14,19
14429,10,18,18
14430,10,2,10
14431,10,5,13
14432,10,7,11
14433,10,10,16
14434,10,7,11
14435,10,3,6
14436,10,14,19
14437,10,6,14
14438,10,15,2
14439,10,2,10
14440,10,18,18
14441,10,8,9
14442,10,18,18
14443,10,12,5
14444,10,17,4
14445,10,19,8
14446,10,1,17
14447,10,2,10
14448,10,2,10
14449,10,0,7
14450,10,0,7
14451,10,2,10
14452,10,0,7
14453,10,18,18
14454,10,16,0
14455,10,3,6
14456,10,2,10
14457,10,1,17
14458,10,7,11
14459,10,11,15
14460,10,0,7
14461,10,2,10
14462,10,4,1
14463,10,1,17
14464,10,10,16
14465,10,2,10
14466,10,8,9
14467,10,15,2
14468,10,6,14
14469,10,2,10
14470,10,2,10
14471,10,16,0
14472,10,2,10
14473,10,14,19
14474,10,7,11
14475,10,2,10
14476,10,6,14
14477,10,0,7
14478,10,2,10
14479,10,18,18
14480,10,1,17
14481,10,3,6
14482,10,14,19
14483,10,2,10
14484,10,14,19
14485,10,18,18
14486,10,18,18
14487,10,1,17
14488,10,1,17
14489,10,3,6
14490,10,18,18
14491,10,17,4
14492,10,16,0
14493,10,8,9
14494,10,16,0
14495,10,1,17
14496,10,0,7
14497,10,2,10
14498,10,15,2
14499,10,7,11
14500,10,18,18
14501,10,1,17
14502,10,17,4
14503,10,0,7
14504,10,1,17
14505,10,10,16
14506,10,8,9
14507,10,2,10
14508,10,19,8
14509,10,2,10
14510,10,14,19
14511,10,18,18
14512,10,1,17
14513,10,8,9
14514,10,18,18
14515,10,0,7
14516,10,19,8
14517,10,18,18
14518,10,18,18
14519,10,2,10
14520,10,9,12
14521,10,9,12
14522,10,18,18
14523,10,18,18
14524,10,3,6
14525,10,19,8
14526,10,15,2
14527,10,15,2
14528,10,15,2
14529,10,18,18
14530,10,18,18
14531,10,19,8
14532,10,15,2
14533,10,19,8
14534,10,12,5
14535,10,3,6
14536,10,1,17
14537,10,7,11
14538,10,2,10
14539,10,0,7
14540,10,3,6
14541,10,18,18
14542,10,2,10
14543,10,2,10
14544,10,3,6
14545,10,1,17
14546,10,18,18
14547,10,5,13
14548,10,5,13
14549,10,6,14
14550,10,2,10
14551,10,18,18
14552,10,15,2
14553,10,15,2
14554,10,17,4
14555,10,18,18
14556,10,0,7
14557,10,0,7
14558,10,18,18
14559,10,8,9
14560,10,2,10
14561,10,18,18
14562,10,3,6
14563,10,3,6
14564,10,2,10
14565,10,15,2
14566,10,0,7
14567,10,2,10
14568,10,15,2
14569,10,17,4
14570,10,15,2
14571,10,18,18
14572,10,1,17
14573,10,1,17
14574,10,15,2
14575,10,2,10
14576,10,7,11
14577,10,1,17
14578,10,3,6
14579,10,9,12
14580,10,10,16
14581,10,15,2
14582,10,3,6
14583,10,3,6
14584,10,16,0
14585,10,2,10
14586,10,2,10
14587,10,7,11
14588,10,2,10
14589,10,18,18
14590,10,9,12
14591,10,18,18
14592,10,18,18
14593,10,2,10
14594,10,18,18
14595,10,18,18
14596,10,2,10
14597,10,13,3
14598,10,10,16
14599,10,12,5
14600,10,2,10
14601,10,19,8
14602,10,8,9
14603,10,2,10
14604,10,11,15
14605,10,12,5
14606,10,16,0
14607,10,15,2
14608,10,12,5
14609,10,10,16
14610,10,15,2
14611,10,16,0
14612,10,2,10
14613,10,2,10
14614,10,6,14
14615,10,3,6
14616,10,8,9
14617,10,10,16
14618,10,3,6
14619,10,2,10
14620,10,2,10
14621,10,16,0
14622,10,14,19
14623,10,1,17
14624,10,19,8
14625,10,1,17
14626,10,18,18
14627,10,18,18
14628,10,12,5
14629,10,17,4
14630,10,14,19
14631,10,12,5
14632,10,17,4
14633,10,9,12
14634,10,2,10
14635,10,16,0
14636,10,17,4
14637,10,2,10
14638,10,18,18
14639,10,18,18
14640,10,18,18
14641,10,3,6
14642,10,17,4
14643,10,15,2
14644,10,3,6
14645,10,2,10
14646,10,2,10
14647,10,2,10
14648,10,3,6
14649,10,17,4
14650,10,0,7
14651,10,17,4
14652,10,1,17
14653,10,3,6
14654,10,3,6
14655,10,10,16
14656,10,18,18
14657,10,10,16
14658,10,2,10
14659,10,19,8
14660,10,0,7
14661,10,17,4
14662,10,2,10
14663,10,2,10
14664,10,2,10
14665,10,7,11
14666,10,0,7
14667,10,3,6
14668,10,0,7
14669,10,17,4
14670,10,8,9
14671,10,3,6
14672,10,2,10
14673,10,15,2
14674,10,3,6
14675,10,0,7
14676,10,2,10
14677,10,3,6
14678,10,17,4
14679,10,1,17
14680,10,0,7
14681,10,3,6
14682,10,2,10
14683,10,14,19
14684,10,14,19
14685,10,19,8
14686,10,18,18
14687,10,17,4
14688,10,15,2
14689,10,18,18
14690,10,6,14
14691,10,2,10
14692,10,0,7
14693,10,3,6
14694,10,3,6
14695,10,16,0
14696,10,3,6
14697,10,0,7
14698,10,14,19
14699,10,1,17
14700,10,0,7
14701,10,5,13
14702,10,14,19
14703,10,18,18
14704,10,16,0
14705,10,19,8
14706,10,9,12
14707,10,18,18
14708,10,8,9
14709,10,3,6
14710,10,2,10
14711,10,17,4
14712,10,14,19
14713,10,14,19
14714,10,14,19
14715,10,2,10
14716,10,14,19
14717,10,1,17
14718,10,5,13
14719,10,2,10
14720,10,8,9
14721,10,15,2
14722,10,2,10
14723,10,2,10
14724,10,2,10
14725,10,0,7
14726,10,16,0
14727,10,7,11
14728,10,18,18
14729,10,1,17
14730,10,3,6
14731,10,3,6
14732,10,5,13
14733,10,10,16
14734,10,18,18
14735,10,3,6
14736,10,0,7
14737,10,3,6
14738,10,9,12
14739,10,0,7
14740,10,2,10
14741,10,9,12
14742,10,9,12
14743,10,7,11
14744,10,14,19
14745,10,3,6
14746,10,14,19
14747,10,18,18
14748,10,2,10
14749,10,7,11
14750,10,6,14
14751,10,0,7
14752,10,3,6
14753,10,14,19
14754,10,2,10
14755,10,17,4
14756,10,7,11
14757,10,7,11
14758,10,11,15
14759,10,0,7
14760,10,15,2
14761,10,0,7
14762,10,15,2
14763,10,7,11
14764,10,0,7
14765,10,16,0
14766,10,14,19
14767,10,12,5
14768,10,12,5
14769,10,0,7
14770,10,0,7
14771,10,14,19
14772,10,18,18
14773,10,2,10
14774,10,18,18
14775,10,9,12
14776,10,0,7
14777,10,18,18
14778,10,1,17
14779,10,18,18
14780,10,3,6
14781,10,8,9
14782,10,7,11
14783,10,13,3
14784,10,2,10
14785,10,15,2
14786,10,12,5
14787,10,12,5
14788,10,15,2
14789,10,3,6
14790,10,0,7
14791,10,7,11
14792,10,2,10
14793,10,15,2
14794,10,2,10
14795,10,10,16
14796,10,6,14
14797,10,5,13
14798,10,15,2
14799,10,3,6
14800,10,18,18
14801,10,0,7
14802,10,0,7
14803,10,1,17
14804,10,8,9
14805,10,11,15
14806,10,18,18
14807,10,1,17
14808,10,10,16
14809,10,10,16
14810,10,10,16
14811,10,3,6
14812,10,2,10
14813,10,8,9
14814,10,3,6
14815,10,7,11
14816,10,1,17
14817,10,3,6
14818,10,16,0
14819,10,7,11
14820,10,7,11
14821,10,17,4
14822,10,0,7
14823,10,19,8
14824,10,8,9
14825,10,7,11
14826,10,7,11
14827,10,2,10
14828,10,18,18
14829,10,0,7
14830,10,2,10
14831,10,2,10
14832,10,14,19
14833,10,12,5
14834,10,3,6
14835,10,5,13
14836,10,3,6
14837,10,15,2
14838,10,17,4
14839,10,3,6
14840,10,15,2
14841,10,6,14
14842,10,0,7
14843,10,14,19
14844,10,14,19
14845,10,2,10
14846,10,18,18
14847,10,2,10
14848,10,18,18
14849,10,2,10
14850,10,4,1
14851,10,17,4
14852,10,9,12
14853,10,18,18
14854,10,14,19
14855,10,7,11
14856,10,18,18
14857,10,14,19
14858,10,0,7
14859,10,5,13
14860,10,15,2
14861,10,18,18
14862,10,18,18
14863,10,17,4
14864,10,19,8
14865,10,18,18
14866,10,15,2
14867,10,11,15
14868,10,16,0
14869,10,1,17
14870,10,2,10
14871,10,0,7
14872,10,1,17
14873,10,14,19
14874,10,18,18
14875,10,15,2
14876,10,2,10
14877,10,17,4
14878,10,15,2
14879,10,9,12
14880,10,14,19
14881,10,2,10
14882,10,1,17
14883,10,17,4
14884,10,0,7
14885,10,9,12
14886,10,2,10
14887,10,18,18
14888,10,0,7
14889,10,15,2
14890,10,17,4
14891,10,14,19
14892,10,18,18
14893,10,18,18
14894,10,18,18
14895,10,2,10
14896,10,15,2
14897,10,5,13
14898,10,2,10
14899,10,2,10
14900,10,2,10
14901,10,13,3
14902,10,10,16
14903,10,16,0
14904,10,0,7
14905,10,2,10
14906,10,17,4
14907,10,8,9
14908,10,2,10
14909,10,2,10
14910,10,19,8
14911,10,8,9
14912,10,15,2
14913,10,1,17
14914,10,15,2
14915,10,17,4
14916,10,15,2
14917,10,8,9
14918,10,14,19
14919,10,14,19
14920,10,2,10
14921,10,18,18
14922,10,18,18
14923,10,18,18
14924,10,1,17
14925,10,7,11
14926,10,4,1
14927,10,2,10
14928,10,0,7
14929,10,2,10
14930,10,10,16
14931,10,8,9
14932,10,0,7
14933,10,1,17
14934,10,16,0
14935,10,9,12
14936,10,5,13
14937,10,15,2
14938,10,7,11
14939,10,7,11
14940,10,19,8
14941,10,16,0
14942,10,8,9
14943,10,9,12
14944,10,2,10
14945,10,18,18
14946,10,2,10
14947,10,2,10
14948,10,2,10
14949,10,12,5
14950,10,0,7
14951,10,2,10
14952,10,2,10
14953,10,2,10
14954,10,19,8
14955,10,2,10
14956,10,9,12
14957,10,18,18
14958,10,3,6
14959,10,2,10
14960,10,15,2
14961,10,15,2
14962,10,12,5
14963,10,2,10
14964,10,17,4
14965,10,15,2
14966,10,2,10
14967,10,1,17
14968,10,6,14
14969,10,0,7
14970,10,2,10
14971,10,7,11
14972,10,18,18
14973,10,18,18
14974,10,8,9
14975,10,0,7
14976,10,8,9
14977,10,12,5
14978,10,2,10
14979,10,2,10
14980,10,3,6
14981,10,2,10
14982,10,5,13
14983,10,7,11
14984,10,15,2
14985,10,8,9
14986,10,16,0
14987,10,0,7
14988,10,12,5
14989,10,10,16
14990,10,18,18
14991,10,18,18
14992,10,18,18
14993,10,1,17
14994,10,2,10
14995,10,17,4
14996,10,2,10
14997,10,1,17
14998,10,15,2
14999,10,18,18
15000,10,2,10
15001,10,19,8
15002,10,0,7
15003,10,17,4
15004,10,0,7
15005,10,10,16
15006,10,17,4
15007,10,15,2
15008,10,2,10
15009,10,7,11
15010,10,15,2
15011,10,16,0
15012,10,16,0
15013,10,15,2
15014,10,18,18
15015,10,3,6
15016,10,9,12
15017,10,0,7
15018,10,19,8
15019,10,1,17
15020,10,14,19
15021,10,18,18
15022,10,13,3
15023,10,15,2
15024,10,18,18
15025,10,18,18
15026,10,14,19
15027,10,7,11
15028,10,7,11
15029,10,2,10
15030,10,17,4
15031,10,19,8
15032,10,0,7
15033,10,7,11
15034,10,5,13
15035,10,1,17
15036,10,2,10
15037,10,17,4
15038,10,3,6
15039,10,2,10
15040,10,18,18
15041,10,8,9
15042,10,18,18
15043,10,8,9
15044,10,2,10
15045,10,3,6
15046,10,3,6
15047,10,18,18
15048,10,17,4
15049,10,9,12
15050,10,2,10
15051,10,8,9
15052,10,18,18
15053,10,14,19
15054,10,2,10
15055,10,10,16
15056,10,14,19
15057,10,12,5
15058,10,15,2
15059,10,2,10
15060,10,2,10
15061,10,18,18
15062,10,14,19
15063,10,16,0
15064,10,2,10
15065,10,1,17
15066,10,2,10
15067,10,15,2
15068,10,12,5
15069,10,2,10
15070,10,0,7
15071,10,12,5
15072,10,3,6
15073,10,17,4
15074,10,3,6
15075,10,8,9
15076,10,0,7
15077,10,8,9
15078,10,14,19
15079,10,0,7
15080,10,6,14
15081,10,1,17
15082,10,5,13
15083,10,2,10
15084,10,2,10
15085,10,12,5
15086,10,7,11
15087,10,1,17
15088,10,0,7
15089,10,6,14
15090,10,1,17
15091,10,10,16
15092,10,1,17
15093,10,8,9
15094,10,12,5
15095,10,3,6
15096,10,3,6
15097,10,2,10
15098,10,6,14
15099,10,8,9
15100,10,6,14
15101,10,3,6
15102,10,7,11
15103,10,17,4
15104,10,1,17
15105,10,3,6
15106,10,2,10
15107,10,1,17
15108,10,16,0
15109,10,2,10
15110,10,0,7
15111,10,1,17
15112,10,15,2
15113,10,1,17
15114,10,8,9
15115,10,2,10
15116,10,12,5
15117,10,2,10
15118,10,10,16
15119,10,18,18
15120,10,14,19
15121,10,3,6
15122,10,0,7
15123,10,11,15
15124,10,2,10
15125,10,0,7
15126,10,18,18
15127,10,16,0
15128,10,3,6
15129,10,10,16
15130,10,4,1
15131,10,3,6
15132,10,6,14
15133,10,5,13
15134,10,12,5
15135,10,1,17
15136,10,19,8
15137,10,8,9
15138,10,19,8
15139,10,3,6
15140,10,3,6
15141,10,0,7
15142,10,16,0
15143,10,15,2
15144,10,19,8
15145,10,2,10
15146,10,18,18
15147,10,2,10
15148,10,3,6
15149,10,10,16
15150,10,16,0
15151,10,6,14
15152,10,0,7
15153,10,18,18
15154,10,0,7
15155,10,15,2
15156,10,17,4
15157,10,10,16
15158,10,6,14
15159,10,3,6
15160,10,0,7
15161,10,16,0
15162,10,0,7
15163,10,2,10
15164,10,14,19
15165,10,3,6
15166,10,7,11
15167,10,2,10
15168,10,14,19
15169,10,18,18
15170,10,0,7
15171,10,7,11
15172,10,0,7
15173,10,1,17
15174,10,1,17
15175,10,1,17
15176,10,8,9
15177,10,2,10
15178,10,3,6
15179,10,18,18
15180,10,16,0
15181,10,12,5
15182,10,0,7
15183,10,18,18
15184,10,2,10
15185,10,7,11
15186,10,1,17
15187,10,0,7
15188,10,18,18
15189,10,2,10
15190,10,15,2
15191,10,7,11
15192,10,16,0
15193,10,19,8
15194,10,3,6
15195,10,17,4
15196,10,2,10
15197,10,3,6
15198,10,8,9
15199,10,9,12
15200,10,4,1
15201,10,15,2
15202,10,16,0
15203,10,8,9
15204,10,2,10
15205,10,10,16
15206,10,1,17
15207,10,11,15
15208,10,1,17
15209,10,18,18
15210,10,18,18
15211,10,18,18
15212,10,18,18
15213,10,18,18
15214,10,5,13
15215,10,17,4
15216,10,2,10
15217,10,2,10
15218,10,18,18
15219,10,3,6
15220,10,15,2
15221,10,2,10
15222,10,13,3
15223,10,0,7
15224,10,3,6
15225,10,18,18
15226,10,2,10
15227,10,1,17
15228,10,7,11
15229,10,2,10
15230,10,14,19
15231,10,18,18
15232,10,19,8
15233,10,18,18
15234,10,2,10
15235,10,15,2
15236,10,2,10
15237,10,5,13
15238,10,0,7
15239,10,16,0
15240,10,17,4
15241,10,14,19
15242,10,13,3
15243,10,19,8
15244,10,12,5
15245,10,0,7
15246,10,1,17
15247,10,10,16
15248,10,18,18
15249,10,7,11
15250,10,16,0
15251,10,1,17
15252,10,15,2
15253,10,18,18
15254,10,14,19
15255,10,15,2
15256,10,2,10
15257,10,3,6
15258,10,3,6
15259,10,1,17
15260,10,18,18
15261,10,16,0
15262,10,15,2
15263,10,3,6
15264,10,18,18
15265,10,18,18
15266,10,0,7
15267,10,14,19
15268,10,7,11
15269,10,6,14
15270,10,1,17
15271,10,0,7
15272,10,3,6
15273,10,15,2
15274,10,14,19
15275,10,6,14
15276,10,8,9
15277,10,16,0
15278,10,12,5
15279,10,2,10
15280,10,5,13
15281,10,18,18
15282,10,18,18
15283,10,7,11
15284,10,16,0
15285,10,16,0
15286,10,19,8
15287,10,9,12
15288,10,18,18
15289,10,3,6
15290,10,16,0
15291,10,7,11
15292,10,7,11
15293,10,15,2
15294,10,11,15
15295,10,18,18
15296,10,15,2
15297,10,15,2
15298,10,6,14
15299,10,15,2
15300,10,15,2
15301,10,6,14
15302,10,1,17
15303,10,12,5
15304,10,15,2
15305,10,17,4
15306,10,13,3
15307,10,2,10
15308,10,0,7
15309,10,10,16
15310,10,10,16
15311,10,1,17
15312,10,17,4
15313,10,2,10
15314,10,2,10
15315,10,16,0
15316,10,18,18
15317,10,0,7
15318,10,10,16
15319,10,17,4
15320,10,14,19
15321,10,19,8
15322,10,2,10
15323,10,17,4
15324,10,0,7
15325,10,7,11
15326,10,0,7
15327,10,15,2
15328,10,0,7
15329,10,14,19
15330,10,8,9
15331,10,0,7
15332,10,6,14
15333,10,4,1
15334,10,19,8
15335,10,8,9
15336,10,18,18
15337,10,15,2
15338,10,9,12
15339,10,18,18
15340,10,14,19
15341,10,18,18
15342,10,8,9
15343,10,18,18
15344,10,17,4
15345,10,5,13
15346,10,12,5
15347,10,18,18
15348,10,8,9
15349,10,18,18
15350,10,0,7
15351,10,16,0
15352,10,7,11
15353,10,18,18
15354,10,19,8
15355,10,8,9
15356,10,2,10
15357,10,18,18
15358,10,7,11
15359,10,16,0
15360,10,18,18
15361,10,2,10
15362,10,15,2
15363,10,7,11
15364,10,10,16
15365,10,2,10
15366,10,7,11
15367,10,17,4
15368,10,3,6
15369,10,0,7
15370,10,7,11
15371,10,15,2
15372,10,18,18
15373,10,7,11
15374,10,6,14
15375,10,7,11
15376,10,2,10
15377,10,2,10
15378,10,2,10
15379,10,18,18
15380,10,1,17
15381,10,8,9
15382,10,18,18
15383,10,16,0
15384,10,19,8
15385,10,0,7
15386,10,10,16
15387,10,3,6
15388,10,3,6
15389,10,3,6
15390,10,19,8
15391,10,2,10
15392,10,18,18
15393,10,0,7
15394,10,16,0
15395,10,15,2
15396,10,18,18
15397,10,0,7
15398,10,2,10
15399,10,7,11
15400,10,16,0
15401,10,2,10
15402,10,0,7
15403,10,0,7
15404,10,1,17
15405,10,17,4
15406,10,18,18
15407,10,3,6
15408,10,7,11
15409,10,14,19
15410,10,1,17
15411,10,1,17
15412,10,12,5
15413,10,12,5
15414,10,18,18
15415,10,0,7
15416,10,2,10
15417,10,2,10
15418,10,18,18
15419,10,11,15
15420,10,3,6
15421,10,7,11
15422,10,3,6
15423,10,6,14
15424,10,18,18
15425,10,18,18
15426,10,0,7
15427,10,0,7
15428,10,8,9
15429,10,3,6
15430,10,14,19
15431,10,18,18
15432,10,17,4
15433,10,5,13
15434,10,18,18
15435,10,2,10
15436,10,15,2
15437,10,18,18
15438,10,2,10
15439,10,3,6
15440,10,19,8
15441,10,17,4
15442,10,19,8
15443,10,1,17
15444,10,0,7
15445,10,14,19
15446,10,15,2
15447,10,12,5
15448,10,2,10
15449,10,3,6
15450,10,2,10
15451,10,17,4
15452,10,17,4
15453,10,2,10
15454,10,12,5
15455,10,1,17
15456,10,17,4
15457,10,0,7
15458,10,7,11
15459,10,12,5
15460,10,2,10
15461,10,1,17
15462,10,7,11
15463,10,8,9
15464,10,2,10
15465,10,15,2
15466,10,8,9
15467,10,18,18
15468,10,3,6
15469,10,2,10
15470,10,18,18
15471,10,3,6
15472,10,19,8
15473,10,16,0
15474,10,4,1
15475,10,18,18
15476,10,17,4
15477,10,17,4
15478,10,15,2
15479,10,2,10
15480,10,15,2
15481,10,15,2
15482,10,15,2
15483,10,18,18
15484,10,18,18
15485,10,10,16
15486,10,3,6
15487,10,0,7
15488,10,19,8
15489,10,10,16
15490,10,8,9
15491,10,10,16
15492,10,10,16
15493,10,17,4
15494,10,2,10
15495,10,0,7
15496,10,2,10
15497,10,16,0
15498,10,12,5
15499,10,15,2
15500,10,0,7
15501,10,6,14
15502,10,2,10
15503,10,3,6
15504,10,3,6
15505,10,16,0
15506,10,0,7
15507,10,18,18
15508,10,10,16
15509,10,18,18
15510,10,16,0
15511,10,2,10
15512,10,15,2
15513,10,8,9
15514,10,18,18
15515,10,18,18
15516,10,19,8
15517,10,18,18
15518,10,18,18
15519,10,2,10
15520,10,7,11
15521,10,0,7
15522,10,15,2
15523,10,1,17
15524,10,15,2
15525,10,2,10
15526,10,5,13
15527,10,4,1
15528,10,3,6
15529,10,12,5
15530,10,15,2
15531,10,0,7
15532,10,18,18
15533,10,17,4
15534,10,2,10
15535,10,3,6
15536,10,2,10
15537,10,2,10
15538,10,2,10
15539,10,19,8
15540,10,12,5
15541,10,7,11
15542,10,14,19
15543,10,7,11
15544,10,2,10
15545,10,12,5
15546,10,18,18
15547,10,2,10
15548,10,10,16
15549,10,6,14
15550,10,18,18
15551,10,10,16
15552,10,6,14
15553,10,11,15
15554,10,14,19
15555,10,19,8
15556,10,6,14
15557,10,3,6
15558,10,12,5
15559,10,17,4
15560,10,18,18
15561,10,15,2
15562,10,19,8
15563,10,3,6
15564,10,2,10
15565,10,16,0
15566,10,3,6
15567,10,19,8
15568,10,2,10
15569,10,15,2
15570,10,2,10
15571,10,6,14
15572,10,17,4
15573,10,0,7
15574,10,15,2
15575,10,2,10
15576,10,2,10
15577,10,5,13
15578,10,5,13
15579,10,15,2
15580,10,0,7
15581,10,1,17
15582,10,0,7
15583,10,9,12
15584,10,0,7
15585,10,10,16
15586,10,7,11
15587,10,19,8
15588,10,3,6
15589,10,7,11
15590,10,2,10
15591,10,2,10
15592,10,14,19
15593,10,14,19
15594,10,16,0
15595,10,19,8
15596,10,2,10
15597,10,8,9
15598,10,12,5
15599,10,19,8
15600,10,10,16
15601,10,15,2
15602,10,2,10
15603,10,18,18
15604,10,18,18
15605,10,2,10
15606,10,3,6
15607,10,18,18
15608,10,16,0
15609,10,2,10
15610,10,8,9
15611,10,2,10
15612,10,11,15
15613,10,18,18
15614,10,2,10
15615,10,15,2
15616,10,2,10
15617,10,2,10
15618,10,2,10
15619,10,10,16
15620,10,17,4
15621,10,0,7
15622,10,14,19
15623,10,7,11
15624,10,5,13
15625,10,3,6
15626,10,2,10
15627,10,12,5
15628,10,16,0
15629,10,2,10
15630,10,2,10
15631,10,5,13
15632,10,18,18
15633,10,1,17
15634,10,1,17
15635,10,15,2
15636,10,6,14
15637,10,0,7
15638,10,18,18
15639,10,3,6
15640,10,1,17
15641,10,0,7
15642,10,2,10
15643,10,3,6
15644,10,18,18
15645,10,0,7
15646,10,0,7
15647,10,16,0
15648,10,19,8
15649,10,17,4
15650,10,12,5
15651,10,16,0
15652,10,19,8
15653,10,3,6
15654,10,2,10
15655,10,3,6
15656,10,18,18
15657,10,2,10
15658,10,2,10
15659,10,0,7
15660,10,2,10
15661,10,7,11
15662,10,15,2
15663,10,0,7
15664,10,2,10
15665,10,5,13
15666,10,3,6
15667,10,2,10
15668,10,3,6
15669,10,13,3
15670,10,2,10
15671,10,0,7
15672,10,14,19
15673,10,0,7
15674,10,1,17
15675,10,15,2
15676,10,17,4
15677,10,18,18
15678,10,1,17
15679,10,18,18
15680,10,18,18
15681,10,19,8
15682,10,3,6
15683,10,12,5
15684,10,15,2
15685,10,6,14
15686,10,0,7
15687,10,15,2
15688,10,18,18
15689,10,18,18
15690,10,18,18
15691,10,5,13
15692,10,2,10
15693,10,1,17
15694,10,1,17
15695,10,12,5
15696,10,18,18
15697,10,17,4
15698,10,6,14
15699,10,16,0
15700,10,0,7
15701,10,2,10
15702,10,15,2
15703,10,16,0
15704,10,0,7
15705,10,19,8
15706,10,18,18
15707,10,0,7
15708,10,2,10
15709,10,2,10
15710,10,18,18
15711,10,1,17
15712,10,18,18
15713,10,15,2
15714,10,0,7
15715,10,19,8
15716,10,5,13
15717,10,18,18
15718,10,14,19
15719,10,2,10
15720,10,3,6
15721,10,1,17
15722,10,5,13
15723,10,0,7
15724,10,19,8
15725,10,2,10
15726,10,7,11
15727,10,3,6
15728,10,2,10
15729,10,0,7
15730,10,0,7
15731,10,18,18
15732,10,5,13
15733,10,15,2
15734,10,1,17
15735,10,18,18
15736,10,0,7
15737,10,3,6
15738,10,14,19
15739,10,2,10
15740,10,1,17
15741,10,8,9
15742,10,0,7
15743,10,2,10
15744,10,2,10
15745,10,19,8
15746,10,18,18
15747,10,18,18
15748,10,0,7
15749,10,0,7
15750,10,14,19
15751,10,12,5
15752,10,2,10
15753,10,14,19
15754,10,4,1
15755,10,1,17
15756,10,7,11
15757,10,3,6
15758,10,18,18
15759,10,10,16
15760,10,14,19
15761,10,0,7
15762,10,0,7
15763,10,2,10
15764,10,2,10
15765,10,17,4
15766,10,0,7
15767,10,2,10
15768,10,18,18
15769,10,8,9
15770,10,6,14
15771,10,1,17
15772,10,12,5
15773,10,18,18
15774,10,19,8
15775,10,15,2
15776,10,2,10
15777,10,15,2
15778,10,17,4
15779,10,6,14
15780,10,2,10
15781,10,7,11
15782,10,3,6
15783,10,17,4
15784,10,15,2
15785,10,0,7
15786,10,0,7
15787,10,15,2
15788,10,17,4
15789,10,2,10
15790,10,17,4
15791,10,15,2
15792,10,18,18
15793,10,3,6
15794,10,18,18
15795,10,12,5
15796,10,15,2
15797,10,17,4
15798,10,8,9
15799,10,2,10
15800,10,19,8
15801,10,2,10
15802,10,2,10
15803,10,1,17
15804,10,7,11
15805,10,3,6
15806,10,3,6
15807,10,8,9
15808,10,0,7
15809,10,8,9
15810,10,10,16
15811,10,7,11
15812,10,0,7
15813,10,0,7
15814,10,14,19
15815,10,18,18
15816,10,18,18
15817,10,2,10
15818,10,0,7
15819,10,3,6
15820,10,1,17
15821,10,18,18
15822,10,17,4
15823,10,18,18
15824,10,5,13
15825,10,1,17
15826,10,3,6
15827,10,10,16
15828,10,2,10
15829,10,16,0
15830,10,0,7
15831,10,7,11
15832,10,17,4
15833,10,3,6
15834,10,11,15
15835,10,18,18
15836,10,2,10
15837,10,18,18
15838,10,2,10
15839,10,0,7
15840,10,19,8
15841,10,2,10
15842,10,0,7
15843,10,2,10
15844,10,10,16
15845,10,16,0
15846,10,19,8
15847,10,2,10
15848,10,0,7
15849,10,8,9
15850,10,2,10
15851,10,8,9
15852,10,17,4
15853,10,2,10
15854,10,2,10
15855,10,1,17
15856,10,1,17
15857,10,14,19
15858,10,19,8
15859,10,10,16
15860,10,15,2
15861,10,14,19
15862,10,19,8
15863,10,8,9
15864,10,1,17
15865,10,6,14
15866,10,2,10
15867,10,16,0
15868,10,2,10
15869,10,19,8
15870,10,3,6
15871,10,2,10
15872,10,19,8
15873,10,10,16
15874,10,14,19
15875,10,2,10
15876,10,3,6
15877,10,0,7
15878,10,15,2
15879,10,6,14
15880,10,2,10
15881,10,18,18
15882,10,12,5
15883,10,0,7
15884,10,16,0
15885,10,17,4
15886,10,12,5
15887,10,8,9
15888,10,2,10
15889,10,0,7
15890,10,18,18
15891,10,19,8
15892,10,19,8
15893,10,12,5
15894,10,16,0
15895,10,5,13
15896,10,10,16
15897,10,17,4
15898,10,3,6
15899,10,6,14
15900,10,15,2
15901,10,2,10
15902,10,2,10
15903,10,11,15
15904,10,1,17
15905,10,1,17
15906,10,0,7
15907,10,1,17
15908,10,16,0
15909,10,9,12
15910,10,17,4
15911,10,7,11
15912,10,2,10
15913,10,10,16
15914,10,19,8
15915,10,2,10
15916,10,9,12
15917,10,2,10
15918,10,18,18
15919,10,18,18
15920,10,2,10
15921,10,18,18
15922,10,15,2
15923,10,8,9
15924,10,15,2
15925,10,15,2
15926,10,1,17
15927,10,2,10
15928,10,3,6
15929,10,13,3
15930,10,2,10
15931,10,2,10
15932,10,12,5
15933,10,10,16
15934,10,7,11
15935,10,7,11
15936,10,1,17
15937,10,14,19
15938,10,15,2
15939,10,13,3
15940,10,3,6
15941,10,2,10
15942,10,8,9
15943,10,0,7
15944,10,19,8
15945,10,4,1
15946,10,9,12
15947,10,10,16
15948,10,6,14
15949,10,2,10
15950,10,7,11
15951,10,3,6
15952,10,5,13
15953,10,2,10
15954,10,16,0
15955,10,16,0
15956,10,18,18
15957,10,16,0
15958,10,0,7
15959,10,9,12
15960,10,15,2
15961,10,16,0
15962,10,0,7
15963,10,18,18
15964,10,0,7
15965,10,2,10
15966,10,3,6
15967,10,2,10
15968,10,0,7
15969,10,19,8
15970,10,11,15
15971,10,14,19
15972,10,17,4
15973,10,19,8
15974,10,12,5
15975,10,14,19
15976,10,16,0
15977,10,9,12
15978,10,15,2
15979,10,2,10
15980,10,19,8
15981,10,15,2
15982,10,8,9
15983,10,12,5
15984,10,10,16
15985,10,8,9
15986,10,16,0
15987,10,13,3
15988,10,3,6
15989,10,14,19
15990,10,6,14
15991,10,2,10
15992,10,2,10
15993,10,16,0
15994,10,8,9
15995,10,1,17
15996,10,2,10
15997,10,0,7
15998,10,19,8
15999,10,1,17
16000,10,7,11
16001,10,15,2
16002,10,2,10
16003,10,15,2
16004,10,0,7
16005,10,12,5
16006,10,18,18
16007,10,10,16
16008,10,10,16
16009,10,18,18
16010,10,16,0
16011,10,17,4
16012,10,5,13
16013,10,14,19
16014,10,3,6
16015,10,7,11
16016,10,18,18
16017,10,0,7
16018,10,18,18
16019,10,1,17
16020,10,5,13
16021,10,17,4
16022,10,1,17
16023,10,16,0
16024,10,17,4
16025,10,9,12
16026,10,15,2
16027,10,7,11
16028,10,17,4
16029,10,15,2
16030,10,3,6
16031,10,8,9
16032,10,0,7
16033,10,3,6
16034,10,16,0
16035,10,16,0
16036,10,19,8
16037,10,17,4
16038,10,2,10
16039,10,8,9
16040,10,3,6
16041,10,19,8
16042,10,1,17
16043,10,18,18
16044,10,0,7
16045,10,17,4
16046,10,3,6
16047,10,17,4
16048,10,17,4
16049,10,3,6
16050,10,3,6
16051,10,18,18
16052,10,18,18
16053,10,18,18
16054,10,8,9
16055,10,5,13
16056,10,18,18
16057,10,1,17
16058,10,10,16
16059,10,19,8
16060,10,6,14
16061,10,0,7
16062,10,11,15
16063,10,14,19
16064,10,1,17
16065,10,8,9
16066,10,9,12
16067,10,7,11
16068,10,1,17
16069,10,0,7
16070,10,8,9
16071,10,12,5
16072,10,12,5
16073,10,16,0
16074,10,10,16
16075,10,15,2
16076,10,8,9
16077,10,9,12
16078,10,18,18
16079,10,3,6
16080,10,19,8
16081,10,17,4
16082,10,15,2
16083,10,7,11
16084,10,8,9
16085,10,4,1
16086,10,3,6
16087,10,15,2
16088,10,0,7
16089,10,7,11
16090,10,17,4
16091,10,12,5
16092,10,0,7
16093,10,1,17
16094,10,2,10
16095,10,18,18
16096,10,10,16
16097,10,19,8
16098,10,18,18
16099,10,17,4
16100,10,0,7
16101,10,18,18
16102,10,5,13
16103,10,14,19
16104,10,14,19
16105,10,0,7
16106,10,3,6
16107,10,15,2
16108,10,14,19
16109,10,10,16
16110,10,15,2
16111,10,5,13
16112,10,18,18
16113,10,18,18
16114,10,7,11
16115,10,18,18
16116,10,14,19
16117,10,14,19
16118,10,1,17
16119,10,10,16
16120,10,2,10
16121,10,6,14
16122,10,5,13
16123,10,14,19
16124,10,0,7
16125,10,3,6
16126,10,8,9
16127,10,2,10
16128,10,10,16
16129,10,3,6
16130,10,0,7
16131,10,10,16
16132,10,18,18
16133,10,7,11
16134,10,8,9
16135,10,2,10
16136,10,8,9
16137,10,18,18
16138,10,0,7
16139,10,3,6
16140,10,2,10
16141,10,0,7
16142,10,16,0
16143,10,5,13
16144,10,1,17
16145,10,7,11
16146,10,19,8
16147,10,13,3
16148,10,15,2
16149,10,0,7
16150,10,17,4
16151,10,2,10
16152,10,17,4
16153,10,18,18
16154,10,6,14
16155,10,14,19
16156,10,0,7
16157,10,2,10
16158,10,18,18
16159,10,18,18
16160,10,15,2
16161,10,18,18
16162,10,2,10
16163,10,6,14
16164,10,1,17
16165,10,7,11
16166,10,17,4
16167,10,18,18
16168,10,2,10
16169,10,3,6
16170,10,5,13
16171,10,1,17
16172,10,15,2
16173,10,17,4
16174,10,18,18
16175,10,17,4
16176,10,3,6
16177,10,14,19
16178,10,17,4
16179,10,3,6
16180,10,3,6
16181,10,2,10
16182,10,2,10
16183,10,5,13
16184,10,3,6
16185,10,14,19
16186,10,2,10
16187,10,0,7
16188,10,10,16
16189,10,19,8
16190,10,1,17
16191,10,2,10
16192,10,18,18
16193,10,9,12
16194,10,4,1
16195,10,18,18
16196,10,0,7
16197,10,2,10
16198,10,3,6
16199,10,7,11
16200,10,14,19
16201,10,10,16
16202,10,2,10
16203,10,3,6
16204,10,18,18
16205,10,18,18
16206,10,7,11
16207,10,3,6
16208,10,19,8
16209,10,12,5
16210,10,11,15
16211,10,0,7
16212,10,19,8
16213,10,3,6
16214,10,3,6
16215,10,7,11
16216,10,2,10
16217,10,18,18
16218,10,0,7
16219,10,18,18
16220,10,17,4
16221,10,0,7
16222,10,1,17
16223,10,12,5
16224,10,3,6
16225,10,0,7
16226,10,3,6
16227,10,0,7
16228,10,18,18
16229,10,11,15
16230,10,0,7
16231,10,0,7
16232,10,2,10
16233,10,0,7
16234,10,0,7
16235,10,19,8
16236,10,14,19
16237,10,7,11
16238,10,18,18
16239,10,18,18
16240,10,3,6
16241,10,0,7
16242,10,15,2
16243,10,0,7
16244,10,2,10
16245,10,1,17
16246,10,3,6
16247,10,2,10
16248,10,5,13
16249,10,15,2
16250,10,19,8
16251,10,12,5
16252,10,3,6
16253,10,18,18
16254,10,17,4
16255,10,18,18
16256,10,18,18
16257,10,18,18
16258,10,18,18
16259,10,2,10
16260,10,1,17
16261,10,18,18
16262,10,2,10
16263,10,5,13
16264,10,2,10
16265,10,1,17
16266,10,15,2
16267,10,6,14
16268,10,18,18
16269,10,15,2
16270,10,17,4
16271,10,17,4
16272,10,2,10
16273,10,0,7
16274,10,14,19
16275,10,8,9
16276,10,17,4
16277,10,15,2
16278,10,18,18
16279,10,1,17
16280,10,2,10
16281,10,0,7
16282,10,2,10
16283,10,8,9
16284,10,2,10
16285,10,2,10
16286,10,2,10
16287,10,3,6
16288,10,3,6
16289,10,3,6
16290,10,2,10
16291,10,7,11
16292,10,2,10
16293,10,18,18
16294,10,2,10
16295,10,12,5
16296,10,18,18
16297,10,0,7
16298,10,17,4
16299,10,2,10
16300,10,17,4
16301,10,18,18
16302,10,8,9
16303,10,2,10
16304,10,18,18
16305,10,3,6
16306,10,15,2
16307,10,0,7
16308,10,12,5
16309,10,15,2
16310,10,13,3
16311,10,7,11
16312,10,18,18
16313,10,18,18
16314,10,14,19
16315,10,3,6
16316,10,18,18
16317,10,15,2
16318,10,15,2
16319,10,1,17
16320,10,18,18
16321,10,9,12
16322,10,19,8
16323,10,2,10
16324,10,3,6
16325,10,16,0
16326,10,18,18
16327,10,18,18
16328,10,12,5
16329,10,0,7
16330,10,7,11
16331,10,18,18
16332,10,14,19
16333,10,1,17
16334,10,5,13
16335,10,2,10
16336,10,15,2
16337,10,12,5
16338,10,18,18
16339,10,18,18
16340,10,7,11
16341,10,3,6
16342,10,15,2
16343,10,18,18
16344,10,3,6
16345,10,17,4
16346,10,6,14
16347,10,1,17
16348,10,18,18
16349,10,18,18
16350,10,3,6
16351,10,0,7
16352,10,16,0
16353,10,18,18
16354,10,16,0
16355,10,2,10
16356,10,1,17
16357,10,15,2
16358,10,7,11
16359,10,3,6
16360,10,2,10
16361,10,3,6
16362,10,1,17
16363,10,2,10
16364,10,14,19
16365,10,2,10
16366,10,4,1
16367,10,8,9
16368,10,11,15
16369,10,18,18
16370,10,1,17
16371,10,7,11
16372,10,18,18
16373,10,16,0
16374,10,15,2
16375,10,10,16
16376,10,18,18
16377,10,18,18
16378,10,14,19
16379,10,6,14
16380,10,3,6
16381,10,2,10
16382,10,15,2
16383,10,15,2
16384,10,11,15
16385,10,0,7
16386,10,0,7
16387,10,14,19
16388,10,2,10
16389,10,16,0
16390,10,17,4
16391,10,0,7
16392,10,17,4
16393,10,19,8
16394,10,18,18
16395,10,0,7
16396,10,18,18
16397,10,16,0
16398,10,16,0
16399,10,18,18
16400,10,16,0
16401,10,19,8
16402,10,15,2
16403,10,18,18
16404,10,19,8
16405,10,17,4
16406,10,17,4
16407,10,2,10
16408,10,19,8
16409,10,0,7
16410,10,5,13
16411,10,14,19
16412,10,1,17
16413,10,1,17
16414,10,3,6
16415,10,8,9
16416,10,8,9
16417,10,0,7
16418,10,2,10
16419,10,3,6
16420,10,11,15
16421,10,3,6
16422,10,2,10
16423,10,1,17
16424,10,10,16
16425,10,12,5
16426,10,14,19
16427,10,0,7
16428,10,15,2
16429,10,15,2
16430,10,3,6
16431,10,2,10
16432,10,18,18
16433,10,19,8
16434,10,2,10
16435,10,2,10
16436,10,6,14
16437,10,9,12
16438,10,18,18
16439,10,2,10
16440,10,4,1
16441,10,0,7
16442,10,16,0
16443,10,0,7
16444,10,18,18
16445,10,19,8
16446,10,7,11
16447,10,8,9
16448,10,14,19
16449,10,12,5
16450,10,14,19
16451,10,12,5
16452,10,3,6
16453,10,5,13
16454,10,0,7
16455,10,12,5
16456,10,18,18
16457,10,18,18
16458,10,19,8
16459,10,16,0
16460,10,15,2
16461,10,2,10
16462,10,0,7
16463,10,1,17
16464,10,17,4
16465,10,2,10
16466,10,10,16
16467,10,16,0
16468,10,17,4
16469,10,0,7
16470,10,3,6
16471,10,15,2
16472,10,15,2
16473,10,12,5
16474,10,17,4
16475,10,2,10
16476,10,3,6
16477,10,18,18
16478,10,15,2
16479,10,3,6
16480,10,12,5
16481,10,7,11
16482,10,15,2
16483,10,9,12
16484,10,10,16
16485,10,10,16
16486,10,7,11
16487,10,19,8
16488,10,1,17
16489,10,2,10
16490,10,18,18
16491,10,0,7
16492,10,0,7
16493,10,1,17
16494,10,3,6
16495,10,0,7
16496,10,7,11
16497,10,2,10
16498,10,2,10
16499,10,11,15
16500,10,0,7
16501,10,10,16
16502,10,6,14
16503,10,8,9
16504,10,0,7
16505,10,16,0
16506,10,18,18
16507,10,18,18
16508,10,18,18
16509,10,18,18
16510,10,15,2
16511,10,16,0
16512,10,2,10
16513,10,17,4
16514,10,16,0
16515,10,1,17
16516,10,10,16
16517,10,14,19
16518,10,19,8
16519,10,17,4
16520,10,14,19
16521,10,1,17
16522,10,8,9
16523,10,10,16
16524,10,8,9
16525,10,18,18
16526,10,0,7
16527,10,2,10
16528,10,1,17
16529,10,16,0
16530,10,3,6
16531,10,5,13
16532,10,8,9
16533,10,7,11
16534,10,18,18
16535,10,0,7
16536,10,19,8
16537,10,1,17
16538,10,17,4
16539,10,16,0
16540,10,2,10
16541,10,10,16
16542,10,10,16
16543,10,4,1
16544,10,7,11
16545,10,7,11
16546,10,2,10
16547,10,18,18
16548,10,2,10
16549,10,18,18
16550,10,3,6
16551,10,0,7
16552,10,18,18
16553,10,2,10
16554,10,18,18
16555,10,18,18
16556,10,9,12
16557,10,19,8
16558,10,0,7
16559,10,3,6
16560,10,2,10
16561,10,0,7
16562,10,12,5
16563,10,1,17
16564,10,18,18
16565,10,9,12
16566,10,2,10
16567,10,13,3
16568,10,17,4
16569,10,18,18
16570,10,9,12
16571,10,16,0
16572,10,14,19
16573,10,17,4
16574,10,15,2
16575,10,2,10
16576,10,2,10
16577,10,4,1
16578,10,12,5
16579,10,19,8
16580,10,5,13
16581,10,18,18
16582,10,18,18
16583,10,7,11
16584,10,0,7
16585,10,16,0
16586,10,13,3
16587,10,10,16
16588,10,3,6
16589,10,10,16
16590,10,18,18
16591,10,3,6
16592,10,15,2
16593,10,18,18
16594,10,14,19
16595,10,18,18
16596,10,0,7
16597,10,19,8
16598,10,14,19
16599,10,18,18
16600,10,17,4
16601,10,8,9
16602,10,4,1
16603,10,3,6
16604,10,7,11
16605,10,7,11
16606,10,2,10
16607,10,3,6
16608,10,1,17
16609,10,3,6
16610,10,8,9
16611,10,1,17
16612,10,6,14
16613,10,1,17
16614,10,2,10
16615,10,5,13
16616,10,3,6
16617,10,1,17
16618,10,10,16
16619,10,3,6
16620,10,2,10
16621,10,2,10
16622,10,18,18
16623,10,18,18
16624,10,7,11
16625,10,18,18
16626,10,0,7
16627,10,2,10
16628,10,18,18
16629,10,19,8
16630,10,18,18
16631,10,2,10
16632,10,3,6
16633,10,10,16
16634,10,18,18
16635,10,17,4
16636,10,15,2
16637,10,19,8
16638,10,8,9
16639,10,16,0
16640,10,12,5
16641,10,15,2
16642,10,18,18
16643,10,3,6
16644,10,2,10
16645,10,0,7
16646,10,2,10
16647,10,5,13
16648,10,6,14
16649,10,2,10
16650,10,15,2
16651,10,0,7
16652,10,3,6
16653,10,2,10
16654,10,0,7
16655,10,12,5
16656,10,3,6
16657,10,8,9
16658,10,13,3
16659,10,18,18
16660,10,18,18
16661,10,2,10
16662,10,3,6
16663,10,1,17
16664,10,18,18
16665,10,13,3
16666,10,16,0
16667,10,7,11
16668,10,2,10
16669,10,14,19
16670,10,6,14
16671,10,8,9
16672,10,8,9
16673,10,0,7
16674,10,0,7
16675,10,1,17
16676,10,8,9
16677,10,9,12
16678,10,18,18
16679,10,3,6
16680,10,2,10
16681,10,14,19
16682,10,18,18
16683,10,5,13
16684,10,15,2
16685,10,0,7
16686,10,14,19
16687,10,0,7
16688,10,10,16
16689,10,1,17
16690,10,2,10
16691,10,18,18
16692,10,16,0
16693,10,18,18
16694,10,3,6
16695,10,12,5
16696,10,18,18
16697,10,18,18
16698,10,10,16
16699,10,2,10
16700,10,14,19
16701,10,18,18
16702,10,11,15
16703,10,18,18
16704,10,16,0
16705,10,19,8
16706,10,10,16
16707,10,9,12
16708,10,3,6
16709,10,19,8
16710,10,14,19
16711,10,3,6
16712,10,2,10
16713,10,7,11
16714,10,18,18
16715,10,16,0
16716,10,6,14
16717,10,1,17
16718,10,18,18
16719,10,18,18
16720,10,6,14
16721,10,14,19
16722,10,18,18
16723,10,17,4
16724,10,19,8
16725,10,14,19
16726,10,3,6
16727,10,0,7
16728,10,17,4
16729,10,19,8
16730,10,1,17
16731,10,19,8
16732,10,8,9
16733,10,2,10
16734,10,3,6
16735,10,16,0
16736,10,8,9
16737,10,1,17
16738,10,17,4
16739,10,18,18
16740,10,2,10
16741,10,18,18
16742,10,18,18
16743,10,3,6
16744,10,9,12
16745,10,12,5
16746,10,2,10
16747,10,0,7
16748,10,17,4
16749,10,16,0
16750,10,18,18
16751,10,18,18
16752,10,18,18
16753,10,7,11
16754,10,14,19
16755,10,10,16
16756,10,15,2
16757,10,0,7
16758,10,0,7
16759,10,0,7
16760,10,16,0
16761,10,3,6
16762,10,10,16
16763,10,11,15
16764,10,0,7
16765,10,15,2
16766,10,7,11
16767,10,18,18
16768,10,1,17
16769,10,1,17
16770,10,2,10
16771,10,18,18
16772,10,3,6
16773,10,18,18
16774,10,2,10
16775,10,19,8
16776,10,17,4
16777,10,18,18
16778,10,15,2
16779,10,12,5
16780,10,18,18
16781,10,1,17
16782,10,1,17
16783,10,1,17
16784,10,0,7
16785,10,12,5
16786,10,16,0
16787,10,8,9
16788,10,2,10
16789,10,16,0
16790,10,12,5
16791,10,11,15
16792,10,1,17
16793,10,15,2
16794,10,14,19
16795,10,18,18
16796,10,18,18
16797,10,7,11
16798,10,7,11
16799,10,18,18
16800,10,0,7
16801,10,6,14
16802,10,18,18
16803,10,7,11
16804,10,2,10
16805,10,2,10
16806,10,15,2
16807,10,0,7
16808,10,2,10
16809,10,18,18
16810,10,18,18
16811,10,19,8
16812,10,8,9
16813,10,2,10
16814,10,2,10
16815,10,4,1
16816,10,18,18
16817,10,16,0
16818,10,0,7
16819,10,18,18
16820,10,0,7
16821,10,14,19
16822,10,19,8
16823,10,15,2
16824,10,7,11
16825,10,18,18
16826,10,0,7
16827,10,1,17
16828,10,6,14
16829,10,2,10
16830,10,7,11
16831,10,15,2
16832,10,15,2
16833,10,12,5
16834,10,2,10
16835,10,2,10
16836,10,1,17
16837,10,16,0
16838,10,0,7
16839,10,0,7
16840,10,11,15
16841,10,18,18
16842,10,18,18
16843,10,5,13
16844,10,3,6
16845,10,11,15
16846,10,15,2
16847,10,5,13
16848,10,3,6
16849,10,3,6
16850,10,10,16
16851,10,2,10
16852,10,0,7
16853,10,6,14
16854,10,18,18
16855,10,17,4
16856,10,19,8
16857,10,14,19
16858,10,0,7
16859,10,17,4
16860,10,2,10
16861,10,10,16
16862,10,18,18
16863,10,18,18
16864,10,2,10
16865,10,15,2
16866,10,17,4
16867,10,3,6
16868,10,10,16
16869,10,3,6
16870,10,15,2
16871,10,0,7
16872,10,17,4
16873,10,3,6
16874,10,3,6
16875,10,10,16
16876,10,16,0
16877,10,14,19
16878,10,7,11
16879,10,15,2
16880,10,1,17
16881,10,13,3
16882,10,3,6
16883,10,18,18
16884,10,19,8
16885,10,19,8
16886,10,1,17
16887,10,3,6
16888,10,2,10
16889,10,9,12
16890,10,14,19
16891,10,8,9
16892,10,5,13
16893,10,18,18
16894,10,3,6
16895,10,8,9
16896,10,3,6
16897,10,1,17
16898,10,8,9
16899,10,18,18
16900,10,2,10
16901,10,19,8
16902,10,15,2
16903,10,2,10
16904,10,9,12
16905,10,2,10
16906,10,3,6
16907,10,17,4
16908,10,3,6
16909,10,11,15
16910,10,18,18
16911,10,12,5
16912,10,7,11
16913,10,7,11
16914,10,2,10
16915,10,18,18
16916,10,2,10
16917,10,18,18
16918,10,2,10
16919,10,12,5
16920,10,6,14
16921,10,2,10
16922,10,3,6
16923,10,2,10
16924,10,7,11
16925,10,3,6
16926,10,11,15
16927,10,18,18
16928,10,18,18
16929,10,8,9
16930,10,2,10
16931,10,2,10
16932,10,1,17
16933,10,1,17
16934,10,1,17
16935,10,12,5
16936,10,17,4
16937,10,1,17
16938,10,2,10
16939,10,2,10
16940,10,17,4
16941,10,18,18
16942,10,18,18
16943,10,14,19
16944,10,18,18
16945,10,1,17
16946,10,18,18
16947,10,0,7
16948,10,1,17
16949,10,2,10
16950,10,2,10
16951,10,12,5
16952,10,17,4
16953,10,5,13
16954,10,0,7
16955,10,16,0
16956,10,0,7
16957,10,16,0
16958,10,2,10
16959,10,18,18
16960,10,15,2
16961,10,0,7
16962,10,1,17
16963,10,1,17
16964,10,3,6
16965,10,15,2
16966,10,8,9
16967,10,18,18
16968,10,3,6
16969,10,3,6
16970,10,19,8
16971,10,0,7
16972,10,2,10
16973,10,15,2
16974,10,15,2
16975,10,0,7
16976,10,1,17
16977,10,14,19
16978,10,2,10
16979,10,18,18
16980,10,2,10
16981,10,16,0
16982,10,7,11
16983,10,7,11
16984,10,0,7
16985,10,0,7
16986,10,18,18
16987,10,7,11
16988,10,2,10
16989,10,10,16
16990,10,3,6
16991,10,18,18
16992,10,17,4
16993,10,0,7
16994,10,2,10
16995,10,2,10
16996,10,10,16
16997,10,18,18
16998,10,7,11
16999,10,8,9
17000,10,16,0
17001,10,0,7
17002,10,18,18
17003,10,14,19
17004,10,18,18
17005,10,15,2
17006,10,5,13
17007,10,7,11
17008,10,0,7
17009,10,2,10
17010,10,12,5
17011,10,6,14
17012,10,18,18
17013,10,8,9
17014,10,9,12
17015,10,14,19
17016,10,17,4
17017,10,0,7
17018,10,17,4
17019,10,7,11
17020,10,1,17
17021,10,2,10
17022,10,1,17
17023,10,1,17
17024,10,8,9
17025,10,0,7
17026,10,7,11
17027,10,1,17
17028,10,2,10
17029,10,18,18
17030,10,18,18
17031,10,16,0
17032,10,16,0
17033,10,17,4
17034,10,19,8
17035,10,9,12
17036,10,18,18
17037,10,2,10
17038,10,2,10
17039,10,2,10
17040,10,16,0
17041,10,2,10
17042,10,5,13
17043,10,15,2
17044,10,4,1
17045,10,2,10
17046,10,3,6
17047,10,7,11
17048,10,3,6
17049,10,8,9
17050,10,15,2
17051,10,15,2
17052,10,5,13
17053,10,3,6
17054,10,15,2
17055,10,3,6
17056,10,3,6
17057,10,0,7
17058,10,19,8
17059,10,3,6
17060,10,0,7
17061,10,12,5
17062,10,0,7
17063,10,1,17
17064,10,1,17
17065,10,3,6
17066,10,2,10
17067,10,3,6
17068,10,19,8
17069,10,17,4
17070,10,10,16
17071,10,2,10
17072,10,12,5
17073,10,7,11
17074,10,2,10
17075,10,6,14
17076,10,18,18
17077,10,19,8
17078,10,1,17
17079,10,6,14
17080,10,0,7
17081,10,5,13
17082,10,10,16
17083,10,19,8
17084,10,15,2
17085,10,14,19
17086,10,0,7
17087,10,18,18
17088,10,15,2
17089,10,2,10
17090,10,17,4
17091,10,16,0
17092,10,10,16
17093,10,18,18
17094,10,0,7
17095,10,0,7
17096,10,5,13
17097,10,14,19
17098,10,2,10
17099,10,16,0
17100,10,18,18
17101,10,12,5
17102,10,2,10
17103,10,14,19
17104,10,2,10
17105,10,11,15
17106,10,10,16
17107,10,18,18
17108,10,18,18
17109,10,18,18
17110,10,18,18
17111,10,0,7
17112,10,0,7
17113,10,2,10
17114,10,1,17
17115,10,18,18
17116,10,18,18
17117,10,10,16
17118,10,10,16
17119,10,17,4
17120,10,13,3
17121,10,1,17
17122,10,18,18
17123,10,13,3
17124,10,7,11
17125,10,5,13
17126,10,15,2
17127,10,1,17
17128,10,18,18
17129,10,1,17
17130,10,18,18
17131,10,2,10
17132,10,16,0
17133,10,3,6
17134,10,12,5
17135,10,3,6
17136,10,14,19
17137,10,0,7
17138,10,8,9
17139,10,3,6
17140,10,3,6
17141,10,3,6
17142,10,18,18
17143,10,16,0
17144,10,18,18
17145,10,9,12
17146,10,19,8
17147,10,7,11
17148,10,12,5
17149,10,16,0
17150,10,3,6
17151,10,2,10
17152,10,2,10
17153,10,15,2
17154,10,2,10
17155,10,15,2
17156,10,12,5
17157,10,10,16
17158,10,17,4
17159,10,0,7
17160,10,0,7
17161,10,3,6
17162,10,16,0
17163,10,10,16
17164,10,2,10
17165,10,3,6
17166,10,3,6
17167,10,0,7
17168,10,0,7
17169,10,14,19
17170,10,5,13
17171,10,16,0
17172,10,18,18
17173,10,12,5
17174,10,0,7
17175,10,6,14
17176,10,14,19
17177,10,2,10
17178,10,3,6
17179,10,8,9
17180,10,0,7
17181,10,5,13
17182,10,12,5
17183,10,1,17
17184,10,2,10
17185,10,17,4
17186,10,1,17
17187,10,15,2
17188,10,10,16
17189,10,0,7
17190,10,1,17
17191,10,10,16
17192,10,1,17
17193,10,15,2
17194,10,10,16
17195,10,2,10
17196,10,16,0
17197,10,11,15
17198,10,0,7
17199,10,6,14
17200,10,17,4
17201,10,3,6
17202,10,18,18
17203,10,17,4
17204,10,1,17
17205,10,8,9
17206,10,3,6
17207,10,10,16
17208,10,8,9
17209,10,8,9
17210,10,1,17
17211,10,6,14
17212,10,2,10
17213,10,18,18
17214,10,10,16
17215,10,2,10
17216,10,2,10
17217,10,2,10
17218,10,3,6
17219,10,0,7
17220,10,7,11
17221,10,14,19
17222,10,14,19
17223,10,2,10
17224,10,8,9
17225,10,18,18
17226,10,8,9
17227,10,7,11
17228,10,17,4
17229,10,15,2
17230,10,18,18
17231,10,2,10
17232,10,10,16
17233,10,18,18
17234,10,2,10
17235,10,15,2
17236,10,8,9
17237,10,0,7
17238,10,3,6
17239,10,8,9
17240,10,7,11
17241,10,16,0
17242,10,17,4
17243,10,16,0
17244,10,18,18
17245,10,15,2
17246,10,3,6
17247,10,17,4
17248,10,18,18
17249,10,0,7
17250,10,7,11
17251,10,17,4
17252,10,18,18
17253,10,2,10
17254,10,3,6
17255,10,19,8
17256,10,0,7
17257,10,2,10
17258,10,10,16
17259,10,2,10
17260,10,18,18
17261,10,0,7
17262,10,14,19
17263,10,15,2
17264,10,2,10
17265,10,5,13
17266,10,6,14
17267,10,2,10
17268,10,14,19
17269,10,5,13
17270,10,15,2
17271,10,3,6
17272,10,5,13
17273,10,2,10
17274,10,4,1
17275,10,19,8
17276,10,5,13
17277,10,15,2
17278,10,12,5
17279,10,18,18
17280,10,0,7
17281,10,3,6
17282,10,10,16
17283,10,0,7
17284,10,18,18
17285,10,0,7
17286,10,15,2
17287,10,16,0
17288,10,7,11
17289,10,18,18
17290,10,0,7
17291,10,3,6
17292,10,3,6
17293,10,2,10
17294,10,2,10
17295,10,18,18
17296,10,2,10
17297,10,14,19
17298,10,3,6
17299,10,19,8
17300,10,12,5
17301,10,19,8
17302,10,12,5
17303,10,18,18
17304,10,1,17
17305,10,15,2
17306,10,15,2
17307,10,18,18
17308,10,14,19
17309,10,2,10
17310,10,3,6
17311,10,17,4
17312,10,2,10
17313,10,2,10
17314,10,7,11
17315,10,10,16
17316,10,1,17
17317,10,18,18
17318,10,8,9
17319,10,1,17
17320,10,18,18
17321,10,11,15
17322,10,5,13
17323,10,0,7
17324,10,3,6
17325,10,11,15
17326,10,16,0
17327,10,2,10
17328,10,14,19
17329,10,3,6
17330,10,14,19
17331,10,2,10
17332,10,12,5
17333,10,18,18
17334,10,18,18
17335,10,0,7
17336,10,18,18
17337,10,18,18
17338,10,18,18
17339,10,10,16
17340,10,1,17
17341,10,5,13
17342,10,1,17
17343,10,17,4
17344,10,14,19
17345,10,7,11
17346,10,1,17
17347,10,7,11
17348,10,2,10
17349,10,19,8
17350,10,18,18
17351,10,14,19
17352,10,7,11
17353,10,1,17
17354,10,7,11
17355,10,2,10
17356,10,12,5
17357,10,5,13
17358,10,17,4
17359,10,14,19
17360,10,0,7
17361,10,19,8
17362,10,13,3
17363,10,19,8
17364,10,1,17
17365,10,2,10
17366,10,18,18
17367,10,10,16
17368,10,3,6
17369,10,3,6
17370,10,18,18
17371,10,5,13
17372,10,7,11
17373,10,18,18
17374,10,8,9
17375,10,2,10
17376,10,15,2
17377,10,10,16
17378,10,6,14
17379,10,6,14
17380,10,6,14
17381,10,5,13
17382,10,10,16
17383,10,2,10
17384,10,18,18
17385,10,0,7
17386,10,18,18
17387,10,17,4
17388,10,16,0
17389,10,17,4
17390,10,5,13
17391,10,0,7
17392,10,0,7
17393,10,2,10
17394,10,2,10
17395,10,0,7
17396,10,8,9
17397,10,17,4
17398,10,2,10
17399,10,12,5
17400,10,14,19
17401,10,6,14
17402,10,18,18
17403,10,5,13
17404,10,1,17
17405,10,2,10
17406,10,17,4
17407,10,17,4
17408,10,16,0
17409,10,2,10
17410,10,1,17
17411,10,9,12
17412,10,12,5
17413,10,6,14
17414,10,6,14
17415,10,8,9
17416,10,1,17
17417,10,6,14
17418,10,19,8
17419,10,18,18
17420,10,19,8
17421,10,13,3
17422,10,2,10
17423,10,5,13
17424,10,3,6
17425,10,16,0
17426,10,2,10
17427,10,16,0
17428,10,0,7
17429,10,18,18
17430,10,10,16
17431,10,18,18
17432,10,15,2
17433,10,2,10
17434,10,5,13
17435,10,6,14
17436,10,10,16
17437,10,17,4
17438,10,16,0
17439,10,0,7
17440,10,10,16
17441,10,10,16
17442,10,6,14
17443,10,2,10
17444,10,2,10
17445,10,1,17
17446,10,12,5
17447,10,16,0
17448,10,15,2
17449,10,15,2
17450,10,0,7
17451,10,0,7
17452,10,0,7
17453,10,3,6
17454,10,0,7
17455,10,7,11
17456,10,10,16
17457,10,12,5
17458,10,10,16
17459,10,2,10
17460,10,0,7
17461,10,2,10
17462,10,2,10
17463,10,10,16
17464,10,7,11
17465,10,2,10
17466,10,2,10
17467,10,15,2
17468,10,6,14
17469,10,1,17
17470,10,12,5
17471,10,13,3
17472,10,13,3
17473,10,2,10
17474,10,0,7
17475,10,1,17
17476,10,1,17
17477,10,2,10
17478,10,10,16
17479,10,2,10
17480,10,10,16
17481,10,2,10
17482,10,10,16
17483,10,2,10
17484,10,2,10
17485,10,10,16
17486,10,18,18
17487,10,10,16
17488,10,14,19
17489,10,16,0
17490,10,16,0
17491,10,17,4
17492,10,1,17
17493,10,10,16
17494,10,2,10
17495,10,10,16
17496,10,16,0
17497,10,19,8
17498,10,18,18
17499,10,7,11
17500,10,10,16
17501,10,10,16
17502,10,2,10
17503,10,1,17
17504,10,2,10
17505,10,10,16
17506,10,5,13
17507,10,1,17
17508,10,8,9
17509,10,1,17
17510,10,16,0
17511,10,16,0
17512,10,2,10
17513,10,2,10
17514,10,6,14
17515,10,16,0
17516,10,10,16
17517,10,10,16
17518,10,10,16
17519,10,0,7
17520,10,10,16
17521,10,2,10
17522,10,12,5
17523,10,2,10
17524,10,2,10
17525,10,2,10
17526,10,2,10
17527,10,2,10
17528,10,2,10
17529,10,2,10
17530,10,2,10
17531,10,2,10
17532,10,2,10
17533,10,2,10
17534,10,7,11
17535,10,10,16
17536,10,2,10
17537,10,2,10
17538,10,2,10
17539,10,10,16
17540,10,10,16
17541,10,10,16
17542,10,0,7
17543,10,1,17
17544,10,1,17
17545,10,1,17
17546,10,2,10
17547,10,8,9
17548,10,1,17
17549,10,1,17
17550,10,8,9
17551,10,2,10
17552,10,10,16
17553,10,10,16
17554,10,1,17
17555,10,3,6
17556,10,7,11
17557,10,8,9
17558,10,2,10
17559,10,13,3
17560,10,13,3
17561,10,2,10
17562,10,6,14
17563,10,6,14
17564,10,2,10
17565,10,10,16
17566,10,10,16
17567,10,19,8
17568,10,2,10
17569,10,10,16
17570,10,8,9
17571,10,17,4
17572,10,2,10
17573,10,2,10
17574,10,2,10
17575,10,2,10
17576,10,2,10
17577,10,2,10
17578,10,9,12
17579,10,9,12
17580,10,9,12
17581,10,2,10
17582,10,16,0
17583,10,2,10
17584,10,9,12
17585,10,0,7
17586,10,0,7
17587,10,10,16
17588,10,2,10
17589,10,2,10
17590,10,6,14
17591,10,1,17
17592,10,6,14
17593,10,7,11
17594,10,1,17
17595,10,10,16
17596,10,17,4
17597,10,2,10
17598,10,10,16
17599,10,2,10
17600,10,10,16
17601,10,10,16
17602,10,10,16
17603,10,10,16
17604,10,10,16
17605,10,1,17
17606,10,1,17
17607,10,9,12
17608,10,7,11
17609,10,12,5
17610,10,7,11
17611,10,0,7
17612,10,6,14
17613,10,6,14
17614,10,15,2
17615,10,10,16
17616,10,15,2
17617,10,6,14
17618,10,10,16
17619,10,10,16
17620,10,2,10
17621,10,6,14
17622,10,0,7
17623,10,2,10
17624,10,2,10
17625,10,2,10
17626,10,15,2
17627,10,15,2
17628,10,10,16
17629,10,10,16
17630,10,10,16
17631,10,10,16
17632,10,2,10
17633,10,9,12
17634,10,0,7
17635,10,16,0
17636,10,9,12
17637,10,9,12
17638,10,7,11
17639,10,18,18
17640,10,10,16
17641,10,10,16
17642,10,8,9
17643,10,2,10
17644,10,2,10
17645,10,2,10
17646,10,18,18
17647,10,7,11
17648,10,8,9
17649,10,9,12
17650,10,10,16
17651,10,10,16
17652,10,2,10
17653,10,15,2
17654,10,2,10
17655,10,2,10
17656,10,17,4
17657,10,0,7
17658,10,2,10
17659,10,10,16
17660,10,10,16
17661,10,2,10
17662,10,15,2
17663,10,10,16
17664,10,2,10
17665,10,2,10
17666,10,4,1
17667,10,1,17
17668,10,10,16
17669,10,11,15
17670,10,9,12
17671,10,10,16
17672,10,11,15
17673,10,1,17
17674,10,15,2
17675,10,17,4
17676,10,17,4
17677,10,1,17
17678,10,10,16
17679,10,0,7
17680,10,0,7
17681,10,15,2
17682,10,5,13
17683,10,18,18
17684,10,18,18
17685,10,1,17
17686,10,1,17
17687,10,10,16
17688,10,2,10
17689,10,2,10
17690,10,10,16
17691,10,2,10
17692,10,2,10
17693,10,2,10
17694,10,2,10
17695,10,2,10
17696,10,2,10
17697,10,2,10
17698,10,9,12
17699,10,14,19
17700,10,2,10
17701,10,15,2
17702,10,16,0
17703,10,2,10
17704,10,16,0
17705,10,16,0
17706,10,9,12
17707,10,2,10
17708,10,0,7
17709,10,12,5
17710,10,2,10
17711,10,2,10
17712,10,2,10
17713,10,2,10
17714,10,2,10
17715,10,2,10
17716,10,19,8
17717,10,10,16
17718,10,2,10
17719,10,1,17
17720,10,1,17
17721,10,2,10
17722,10,0,7
17723,10,12,5
17724,10,2,10
17725,10,14,19
17726,10,0,7
17727,10,0,7
17728,10,1,17
17729,10,1,17
17730,10,0,7
17731,10,6,14
17732,10,9,12
17733,10,2,10
17734,10,10,16
17735,10,5,13
17736,10,12,5
17737,10,10,16
17738,10,12,5
17739,10,2,10
17740,10,10,16
17741,10,2,10
17742,10,9,12
17743,10,2,10
17744,10,2,10
17745,10,15,2
17746,10,17,4
17747,10,7,11
17748,10,10,16
17749,10,16,0
17750,10,10,16
17751,10,10,16
17752,10,2,10
17753,10,2,10
17754,10,10,16
17755,10,10,16
17756,10,2,10
17757,10,2,10
17758,10,1,17
17759,10,15,2
17760,10,15,2
17761,10,17,4
17762,10,16,0
17763,10,9,12
17764,10,2,10
17765,10,15,2
17766,10,16,0
17767,10,16,0
17768,10,2,10
17769,10,8,9
17770,10,8,9
17771,10,15,2
17772,10,2,10
17773,10,10,16
17774,10,16,0
17775,10,6,14
17776,10,14,19
17777,10,16,0
17778,10,2,10
17779,10,16,0
17780,10,10,16
17781,10,12,5
17782,10,10,16
17783,10,10,16
17784,10,2,10
17785,10,3,6
17786,10,12,5
17787,10,2,10
17788,10,3,6
17789,10,1,17
17790,10,18,18
17791,10,18,18
17792,10,19,8
17793,10,14,19
17794,10,2,10
17795,10,2,10
17796,10,3,6
17797,10,0,7
17798,10,18,18
17799,10,0,7
17800,10,16,0
17801,10,0,7
17802,10,10,16
17803,10,2,10
17804,10,13,3
17805,10,14,19
17806,10,2,10
17807,10,10,16
17808,10,12,5
17809,10,0,7
17810,10,1,17
17811,10,1,17
17812,10,1,17
17813,10,2,10
17814,10,2,10
17815,10,2,10
17816,10,0,7
17817,10,2,10
17818,10,19,8
17819,10,2,10
17820,10,1,17
17821,10,14,19
17822,10,2,10
17823,10,19,8
17824,10,10,16
17825,10,3,6
17826,10,2,10
17827,10,2,10
17828,10,2,10
17829,10,2,10
17830,10,2,10
17831,10,10,16
17832,10,16,0
17833,10,2,10
17834,10,16,0
17835,10,16,0
17836,10,16,0
17837,10,0,7
17838,10,7,11
17839,10,10,16
17840,10,10,16
17841,10,10,16
17842,10,12,5
17843,10,12,5
17844,10,1,17
17845,10,12,5
17846,10,12,5
17847,10,10,16
17848,10,6,14
17849,10,10,16
17850,10,18,18
17851,10,1,17
17852,10,1,17
17853,10,1,17
17854,10,10,16
17855,10,10,16
17856,10,10,16
17857,10,10,16
17858,10,10,16
17859,10,10,16
17860,10,10,16
17861,10,10,16
17862,10,6,14
17863,10,10,16
17864,10,12,5
17865,10,2,10
17866,10,10,16
17867,10,2,10
17868,10,10,16
17869,10,10,16
17870,10,10,16
17871,10,10,16
17872,10,2,10
17873,10,6,14
17874,10,2,10
17875,10,10,16
17876,10,2,10
17877,10,16,0
17878,10,9,12
17879,10,10,16
17880,10,2,10
17881,10,10,16
17882,10,10,16
17883,10,5,13
17884,10,15,2
17885,10,12,5
17886,10,10,16
17887,10,2,10
17888,10,16,0
17889,10,16,0
17890,10,16,0
17891,10,10,16
17892,10,2,10
17893,10,14,19
17894,10,2,10
17895,10,0,7
17896,10,16,0
17897,10,10,16
17898,10,2,10
17899,10,2,10
17900,10,10,16
17901,10,3,6
17902,10,2,10
17903,10,10,16
17904,10,10,16
17905,10,10,16
17906,10,1,17
17907,10,1,17
17908,10,10,16
17909,10,5,13
17910,10,1,17
17911,10,2,10
17912,10,1,17
17913,10,1,17
17914,10,1,17
17915,10,10,16
17916,10,9,12
17917,10,3,6
17918,10,0,7
17919,10,1,17
17920,10,1,17
17921,10,1,17
17922,10,1,17
17923,10,6,14
17924,10,6,14
17925,10,10,16
17926,10,6,14
17927,10,14,19
17928,10,2,10
17929,10,0,7
17930,10,1,17
17931,10,2,10
17932,10,18,18
17933,10,0,7
17934,10,0,7
17935,10,0,7
17936,10,6,14
17937,10,16,0
17938,10,7,11
17939,10,6,14
17940,10,0,7
17941,10,10,16
17942,10,10,16
17943,10,2,10
17944,10,15,2
17945,10,2,10
17946,10,2,10
17947,10,1,17
17948,10,2,10
17949,10,2,10
17950,10,2,10
17951,10,10,16
17952,10,2,10
17953,10,0,7
17954,10,16,0
17955,10,17,4
17956,10,6,14
17957,10,16,0
17958,10,10,16
17959,10,2,10
17960,10,10,16
17961,10,10,16
17962,10,16,0
17963,10,16,0
17964,10,2,10
17965,10,2,10
17966,10,0,7
17967,10,0,7
17968,10,1,17
17969,10,1,17
17970,10,2,10
17971,10,2,10
17972,10,18,18
17973,10,0,7
17974,10,18,18
17975,10,12,5
17976,10,17,4
17977,10,12,5
17978,10,3,6
17979,10,12,5
17980,10,1,17
17981,10,2,10
17982,10,15,2
17983,10,10,16
17984,10,15,2
17985,10,15,2
17986,10,15,2
17987,10,2,10
17988,10,16,0
17989,10,2,10
17990,10,0,7
17991,10,2,10
17992,10,16,0
17993,10,16,0
17994,10,10,16
17995,10,9,12
17996,10,7,11
17997,10,9,12
17998,10,15,2
17999,10,15,2
18000,10,2,10
18001,10,10,16
18002,10,2,10
18003,10,10,16
18004,10,15,2
18005,10,17,4
18006,10,2,10
18007,10,7,11
18008,10,13,3
18009,10,1,17
18010,10,6,14
18011,10,10,16
18012,10,1,17
18013,10,18,18
18014,10,5,13
18015,10,10,16
18016,10,10,16
18017,10,16,0
18018,10,2,10
18019,10,2,10
18020,10,3,6
18021,10,18,18
18022,10,8,9
18023,10,12,5
18024,10,8,9
18025,10,1,17
18026,10,3,6
18027,10,2,10
18028,10,6,14
18029,10,6,14
18030,10,3,6
18031,10,6,14
18032,10,17,4
18033,10,10,16
18034,10,10,16
18035,10,16,0
18036,10,0,7
18037,10,7,11
18038,10,2,10
18039,10,2,10
18040,10,0,7
18041,10,5,13
18042,10,1,17
18043,10,1,17
18044,10,9,12
18045,10,17,4
18046,10,8,9
18047,10,12,5
18048,10,2,10
18049,10,2,10
18050,10,10,16
18051,10,2,10
18052,10,1,17
18053,10,1,17
18054,10,2,10
18055,10,1,17
18056,10,1,17
18057,10,1,17
18058,10,1,17
18059,10,1,17
18060,10,10,16
18061,10,18,18
18062,10,2,10
18063,10,2,10
18064,10,2,10
18065,10,10,16
18066,10,14,19
18067,10,14,19
18068,10,10,16
18069,10,10,16
18070,10,8,9
18071,10,12,5
18072,10,2,10
18073,10,2,10
18074,10,2,10
18075,10,8,9
18076,10,2,10
18077,10,0,7
18078,10,0,7
18079,10,2,10
18080,10,4,1
18081,10,2,10
18082,10,10,16
18083,10,8,9
18084,10,1,17
18085,10,0,7
18086,10,0,7
18087,10,0,7
18088,10,2,10
18089,10,10,16
18090,10,2,10
18091,10,2,10
18092,10,15,2
18093,10,10,16
18094,10,15,2
18095,10,10,16
18096,10,15,2
18097,10,15,2
18098,10,17,4
18099,10,17,4
18100,10,10,16
18101,10,14,19
18102,10,14,19
18103,10,14,19
18104,10,14,19
18105,10,5,13
18106,10,2,10
18107,10,2,10
18108,10,10,16
18109,10,2,10
18110,10,2,10
18111,10,1,17
18112,10,0,7
18113,10,2,10
18114,10,12,5
18115,10,10,16
18116,10,17,4
18117,10,16,0
18118,10,2,10
18119,10,19,8
18120,10,12,5
18121,10,10,16
18122,10,10,16
18123,10,2,10
18124,10,14,19
18125,10,2,10
18126,10,18,18
18127,10,19,8
18128,10,2,10
18129,10,10,16
18130,10,17,4
18131,10,17,4
18132,10,8,9
18133,10,10,16
18134,10,0,7
18135,10,16,0
18136,10,17,4
18137,10,2,10
18138,10,8,9
18139,10,2,10
18140,10,9,12
18141,10,9,12
18142,10,13,3
18143,10,2,10
18144,10,16,0
18145,10,6,14
18146,10,6,14
18147,10,10,16
18148,10,2,10
18149,10,10,16
18150,10,10,16
18151,10,2,10
18152,10,0,7
18153,10,0,7
18154,10,2,10
18155,10,7,11
18156,10,1,17
18157,10,8,9
18158,10,2,10
18159,10,2,10
18160,10,2,10
18161,10,10,16
18162,10,17,4
18163,10,10,16
18164,10,2,10
18165,10,10,16
18166,10,10,16
18167,10,0,7
18168,10,10,16
18169,10,2,10
18170,10,7,11
18171,10,2,10
18172,10,2,10
18173,10,8,9
18174,10,2,10
18175,10,2,10
18176,10,2,10
18177,10,10,16
18178,10,10,16
18179,10,2,10
18180,10,2,10
18181,10,7,11
18182,10,9,12
18183,10,2,10
18184,10,18,18
18185,10,18,18
18186,10,17,4
18187,10,17,4
18188,10,16,0
18189,10,10,16
18190,10,6,14
18191,10,3,6
18192,10,9,12
18193,10,17,4
18194,10,2,10
18195,10,0,7
18196,10,2,10
18197,10,13,3
18198,10,18,18
18199,10,8,9
18200,10,2,10
18201,10,2,10
18202,10,2,10
18203,10,16,0
18204,10,0,7
18205,10,6,14
18206,10,2,10
18207,10,2,10
18208,10,2,10
18209,10,0,7
18210,10,2,10
18211,10,8,9
18212,10,2,10
18213,10,2,10
18214,10,2,10
18215,10,2,10
18216,10,11,15
18217,10,1,17
18218,10,6,14
18219,10,11,15
18220,10,2,10
18221,10,1,17
18222,10,14,19
18223,10,2,10
18224,10,2,10
18225,10,14,19
18226,10,2,10
18227,10,17,4
18228,10,1,17
18229,10,10,16
18230,10,17,4
18231,10,9,12
18232,10,10,16
18233,10,10,16
18234,10,3,6
18235,10,3,6
18236,10,10,16
18237,10,15,2
18238,10,15,2
18239,10,0,7
18240,10,1,17
18241,10,3,6
18242,10,8,9
18243,10,2,10
18244,10,5,13
18245,10,2,10
18246,10,16,0
18247,10,16,0
18248,10,0,7
18249,10,0,7
18250,10,16,0
18251,10,16,0
18252,10,2,10
18253,10,2,10
18254,10,3,6
18255,10,10,16
18256,10,1,17
18257,10,14,19
18258,10,17,4
18259,10,10,16
18260,10,10,16
18261,10,2,10
18262,10,10,16
18263,10,2,10
18264,10,2,10
18265,10,17,4
18266,10,18,18
18267,10,0,7
18268,10,2,10
18269,10,19,8
18270,10,16,0
18271,10,2,10
18272,10,2,10
18273,10,2,10
18274,10,2,10
18275,10,0,7
18276,10,1,17
18277,10,3,6
18278,10,2,10
18279,10,0,7
18280,10,0,7
18281,10,16,0
18282,10,10,16
18283,10,10,16
18284,10,2,10
18285,10,16,0
18286,10,2,10
18287,10,14,19
18288,10,1,17
18289,10,1,17
18290,10,0,7
18291,10,1,17
18292,10,3,6
18293,10,10,16
18294,10,8,9
18295,10,0,7
18296,10,2,10
18297,10,6,14
18298,10,10,16
18299,10,2,10
18300,10,10,16
18301,10,8,9
18302,10,10,16
18303,10,1,17
18304,10,10,16
18305,10,10,16
18306,10,10,16
18307,10,13,3
18308,10,13,3
18309,10,2,10
18310,10,10,16
18311,10,11,15
18312,10,8,9
18313,10,0,7
18314,10,0,7
18315,10,10,16
18316,10,2,10
18317,10,15,2
18318,10,19,8
18319,10,10,16
18320,10,8,9
18321,10,10,16
18322,10,10,16
18323,10,15,2
18324,10,10,16
18325,10,3,6
18326,10,2,10
18327,10,15,2
18328,10,7,11
18329,10,3,6
18330,10,1,17
18331,10,10,16
18332,10,10,16
18333,10,10,16
18334,10,15,2
18335,10,10,16
18336,10,2,10
18337,10,5,13
18338,10,3,6
18339,10,10,16
18340,10,10,16
18341,10,0,7
18342,10,2,10
18343,10,2,10
18344,10,8,9
18345,10,2,10
18346,10,1,17
18347,10,17,4
18348,10,19,8
18349,10,2,10
18350,10,2,10
18351,10,10,16
18352,10,15,2
18353,10,10,16
18354,10,8,9
18355,10,17,4
18356,10,10,16
18357,10,10,16
18358,10,8,9
18359,10,0,7
18360,10,2,10
18361,10,17,4
18362,10,2,10
18363,10,10,16
18364,10,10,16
18365,10,14,19
18366,10,14,19
18367,10,10,16
18368,10,17,4
18369,10,11,15
18370,10,10,16
18371,10,0,7
18372,10,1,17
18373,10,6,14
18374,10,10,16
18375,10,8,9
18376,10,2,10
18377,10,2,10
18378,10,16,0
18379,10,17,4
18380,10,0,7
18381,10,15,2
18382,10,14,19
18383,10,2,10
18384,10,10,16
18385,10,10,16
18386,10,2,10
18387,10,14,19
18388,10,16,0
18389,10,11,15
18390,10,11,15
18391,10,11,15
18392,10,11,15
18393,10,1,17
18394,10,10,16
18395,10,6,14
18396,10,10,16
18397,10,2,10
18398,10,18,18
18399,10,1,17
18400,10,1,17
18401,10,1,17
18402,10,1,17
18403,10,8,9
18404,10,16,0
18405,10,12,5
18406,10,10,16
18407,10,11,15
18408,10,2,10
18409,10,12,5
18410,10,17,4
18411,10,12,5
18412,10,10,16
18413,10,0,7
18414,10,10,16
18415,10,2,10
18416,10,11,15
18417,10,10,16
18418,10,16,0
18419,10,2,10
18420,10,17,4
18421,10,1,17
18422,10,15,2
18423,10,6,14
18424,10,6,14
18425,10,10,16
18426,10,16,0
18427,10,10,16
18428,10,15,2
18429,10,6,14
18430,10,0,7
18431,10,0,7
18432,10,12,5
18433,10,2,10
18434,10,18,18
18435,10,2,10
18436,10,2,10
18437,10,10,16
18438,10,10,16
18439,10,10,16
18440,10,10,16
18441,10,8,9
18442,10,8,9
18443,10,2,10
18444,10,10,16
18445,10,1,17
18446,10,1,17
18447,10,18,18
18448,10,2,10
18449,10,1,17
18450,10,1,17
18451,10,0,7
18452,10,10,16
18453,10,14,19
18454,10,1,17
18455,10,10,16
18456,10,10,16
18457,10,1,17
18458,10,10,16
18459,10,2,10
18460,10,10,16
18461,10,9,12
18462,10,1,17
18463,10,7,11
18464,10,2,10
18465,10,8,9
18466,10,17,4
18467,10,17,4
18468,10,10,16
18469,10,15,2
18470,10,15,2
18471,10,0,7
18472,10,2,10
18473,10,10,16
18474,10,10,16
18475,10,6,14
18476,10,19,8
18477,10,8,9
18478,10,2,10
18479,10,2,10
18480,10,17,4
18481,10,10,16
18482,10,1,17
18483,10,2,10
18484,10,18,18
18485,10,18,18
18486,10,2,10
18487,10,2,10
18488,10,10,16
18489,10,10,16
18490,10,15,2
18491,10,15,2
18492,10,2,10
18493,10,17,4
18494,10,11,15
18495,10,1,17
18496,10,6,14
18497,10,9,12
18498,10,2,10
18499,10,14,19
18500,10,1,17
18501,10,2,10
18502,10,11,15
18503,10,1,17
18504,10,0,7
18505,10,8,9
18506,10,10,16
18507,10,14,19
18508,10,0,7
18509,10,15,2
18510,10,11,15
18511,10,16,0
18512,10,16,0
18513,10,0,7
18514,10,8,9
18515,10,1,17
18516,10,0,7
18517,10,8,9
18518,10,10,16
18519,10,10,16
18520,10,17,4
18521,10,10,16
18522,10,2,10
18523,10,2,10
18524,10,10,16
18525,10,10,16
18526,10,17,4
18527,10,7,11
18528,10,2,10
18529,10,10,16
18530,10,1,17
18531,10,15,2
18532,10,17,4
18533,10,16,0
18534,10,10,16
18535,10,14,19
18536,10,2,10
18537,10,7,11
18538,10,7,11
18539,10,2,10
18540,10,14,19
18541,10,8,9
18542,10,1,17
18543,10,2,10
18544,10,2,10
18545,10,10,16
18546,10,1,17
18547,10,4,1
18548,10,0,7
18549,10,17,4
18550,10,6,14
18551,10,14,19
18552,10,13,3
18553,10,13,3
18554,10,0,7
18555,10,0,7
18556,10,10,16
18557,10,2,10
18558,10,10,16
18559,10,2,10
18560,10,2,10
18561,10,12,5
18562,10,7,11
18563,10,10,16
18564,10,2,10
18565,10,16,0
18566,10,8,9
18567,10,10,16
18568,10,10,16
18569,10,10,16
18570,10,10,16
18571,10,16,0
18572,10,16,0
18573,10,16,0
18574,10,1,17
18575,10,2,10
18576,10,17,4
18577,10,0,7
18578,10,2,10
18579,10,10,16
18580,10,10,16
18581,10,13,3
18582,10,13,3
18583,10,10,16
18584,10,12,5
18585,10,2,10
18586,10,7,11
18587,10,10,16
18588,10,2,10
18589,10,16,0
18590,10,16,0
18591,10,10,16
18592,10,10,16
18593,10,6,14
18594,10,2,10
18595,10,1,17
18596,10,1,17
18597,10,10,16
18598,10,14,19
18599,10,10,16
18600,10,0,7
18601,10,15,2
18602,10,6,14
18603,10,19,8
18604,10,17,4
18605,10,16,0
18606,10,14,19
18607,10,10,16
18608,10,11,15
18609,10,10,16
18610,10,10,16
18611,10,10,16
18612,10,10,16
18613,10,2,10
18614,10,14,19
18615,10,9,12
18616,10,2,10
18617,10,11,15
18618,10,18,18
18619,10,10,16
18620,10,15,2
18621,10,19,8
18622,10,17,4
18623,10,1,17
18624,10,10,16
18625,10,0,7
18626,10,14,19
18627,10,19,8
18628,10,17,4
18629,10,2,10
18630,10,17,4
18631,10,6,14
18632,10,17,4
18633,10,10,16
18634,10,10,16
18635,10,10,16
18636,10,3,6
18637,10,10,16
18638,10,14,19
18639,10,17,4
18640,10,2,10
18641,10,16,0
18642,10,1,17
18643,10,17,4
18644,10,0,7
18645,10,10,16
18646,10,10,16
18647,10,1,17
18648,10,2,10
18649,10,10,16
18650,10,14,19
18651,10,17,4
18652,10,0,7
18653,10,17,4
18654,10,10,16
18655,10,7,11
18656,10,16,0
18657,10,1,17
18658,10,2,10
18659,10,1,17
18660,10,2,10
18661,10,10,16
18662,10,17,4
18663,10,10,16
18664,10,0,7
18665,10,2,10
18666,10,10,16
18667,10,0,7
18668,10,0,7
18669,10,19,8
18670,10,11,15
18671,10,1,17
18672,10,15,2
18673,10,10,16
18674,10,10,16
18675,10,0,7
18676,10,17,4
18677,10,15,2
18678,10,0,7
18679,10,10,16
18680,10,12,5
18681,10,14,19
18682,10,2,10
18683,10,16,0
18684,10,2,10
18685,10,2,10
18686,10,10,16
18687,10,0,7
18688,10,1,17
18689,10,0,7
18690,10,2,10
18691,10,12,5
18692,10,2,10
18693,10,1,17
18694,10,15,2
18695,10,11,15
18696,10,15,2
18697,10,10,16
18698,10,13,3
18699,10,1,17
18700,10,12,5
18701,10,14,19
18702,10,0,7
18703,10,6,14
18704,10,16,0
18705,10,16,0
18706,10,10,16
18707,10,2,10
18708,10,2,10
18709,10,10,16
18710,10,8,9
18711,10,1,17
18712,10,10,16
18713,10,0,7
18714,10,0,7
18715,10,11,15
18716,10,2,10
18717,10,2,10
18718,10,1,17
18719,10,10,16
18720,10,2,10
18721,10,2,10
18722,10,2,10
18723,10,10,16
18724,10,10,16
18725,10,1,17
18726,10,1,17
18727,10,17,4
18728,10,0,7
18729,10,2,10
18730,10,11,15
18731,10,11,15
18732,10,12,5
18733,10,9,12
18734,10,10,16
18735,10,0,7
18736,10,10,16
18737,10,9,12
18738,10,9,12
18739,10,2,10
18740,10,10,16
18741,10,2,10
18742,10,0,7
18743,10,7,11
18744,10,10,16
18745,10,0,7
18746,10,0,7
18747,10,1,17
18748,10,17,4
18749,10,2,10
18750,10,2,10
18751,10,15,2
18752,10,0,7
18753,10,16,0
18754,10,10,16
18755,10,2,10
18756,10,16,0
18757,10,2,10
18758,10,7,11
18759,10,19,8
18760,10,17,4
18761,10,16,0
18762,10,10,16
18763,10,10,16
18764,10,8,9
18765,10,6,14
18766,10,19,8
18767,10,10,16
18768,10,6,14
18769,10,0,7
18770,10,2,10
18771,10,0,7
18772,10,15,2
18773,10,17,4
18774,10,2,10
18775,10,16,0
18776,10,2,10
18777,10,2,10
18778,10,2,10
18779,10,1,17
18780,10,16,0
18781,10,17,4
18782,10,12,5
18783,10,14,19
18784,10,10,16
18785,10,10,16
18786,10,19,8
18787,10,16,0
18788,10,10,16
18789,10,10,16
18790,10,17,4
18791,10,10,16
18792,10,10,16
18793,10,15,2
18794,10,2,10
18795,10,7,11
18796,10,1,17
18797,10,2,10
18798,10,1,17
18799,10,19,8
18800,10,18,18
18801,10,1,17
18802,10,1,17
18803,10,10,16
18804,10,8,9
18805,10,10,16
18806,10,10,16
18807,10,2,10
18808,10,6,14
18809,10,10,16
18810,10,2,10
18811,10,9,12
18812,10,9,12
18813,10,12,5
18814,10,16,0
18815,10,10,16
18816,10,14,19
18817,10,19,8
18818,10,10,16
18819,10,10,16
18820,10,2,10
18821,10,10,16
18822,10,2,10
18823,10,11,15
18824,10,11,15
18825,10,15,2
18826,10,2,10
18827,10,0,7
18828,10,10,16
18829,10,10,16
18830,10,2,10
18831,10,0,7
18832,10,6,14
18833,10,1,17
18834,10,14,19
18835,10,0,7
18836,10,10,16
18837,10,2,10
18838,10,2,10
18839,10,1,17
18840,10,14,19
18841,10,8,9
18842,10,0,7
18843,10,10,16
18844,10,17,4
18845,10,2,10
18846,10,10,16
18847,10,1,17
18848,10,14,19
18849,10,16,0
18850,10,2,10
18851,10,19,8
18852,10,10,16
18853,10,14,19
18854,10,0,7
18855,10,12,5
18856,10,14,19
18857,10,2,10
18858,10,10,16
18859,10,10,16
18860,10,2,10
18861,10,10,16
18862,10,2,10
18863,10,2,10
18864,10,0,7
18865,10,14,19
18866,10,15,2
18867,10,16,0
18868,10,2,10
18869,10,11,15
18870,10,10,16
18871,10,10,16
18872,10,2,10
18873,10,2,10
18874,10,2,10
18875,10,2,10
18876,10,0,7
18877,10,10,16
18878,10,2,10
18879,10,10,16
18880,10,10,16
18881,10,10,16
18882,10,10,16
18883,10,11,15
18884,10,15,2
18885,10,14,19
18886,10,14,19
18887,10,10,16
18888,10,2,10
18889,10,2,10
18890,10,14,19
18891,10,0,7
18892,10,17,4
18893,10,17,4
18894,10,2,10
18895,10,0,7
18896,10,10,16
18897,10,6,14
18898,10,6,14
18899,10,5,13
18900,10,2,10
18901,10,19,8
18902,10,17,4
18903,10,17,4
18904,10,2,10
18905,10,2,10
18906,10,2,10
18907,10,6,14
18908,10,2,10
18909,10,3,6
18910,10,1,17
18911,10,17,4
18912,10,10,16
18913,10,15,2
18914,10,0,7
18915,10,12,5
18916,10,10,16
18917,10,1,17
18918,10,10,16
18919,10,6,14
18920,10,6,14
18921,10,10,16
18922,10,15,2
18923,10,2,10
18924,10,8,9
18925,10,8,9
18926,10,19,8
18927,10,1,17
18928,10,16,0
18929,10,16,0
18930,10,15,2
18931,10,10,16
18932,10,10,16
18933,10,19,8
18934,10,19,8
18935,10,15,2
18936,10,2,10
18937,10,9,12
18938,10,14,19
18939,10,1,17
18940,10,1,17
18941,10,2,10
18942,10,14,19
18943,10,10,16
18944,10,0,7
18945,10,10,16
18946,10,1,17
18947,10,10,16
18948,10,19,8
18949,10,0,7
18950,10,17,4
18951,10,17,4
18952,10,10,16
18953,10,11,15
18954,10,0,7
18955,10,1,17
18956,10,5,13
18957,10,2,10
18958,10,10,16
18959,10,0,7
18960,10,6,14
18961,10,10,16
18962,10,10,16
18963,10,0,7
18964,10,2,10
18965,10,1,17
18966,10,10,16
18967,10,1,17
18968,10,2,10
18969,10,10,16
18970,10,2,10
18971,10,11,15
18972,10,1,17
18973,10,10,16
18974,10,15,2
18975,10,2,10
18976,10,6,14
18977,10,1,17
18978,10,2,10
18979,10,10,16
18980,10,2,10
18981,10,6,14
18982,10,1,17
18983,10,1,17
18984,10,0,7
18985,10,14,19
18986,10,0,7
18987,10,10,16
18988,10,10,16
18989,10,19,8
18990,10,13,3
18991,10,14,19
18992,10,5,13
18993,10,2,10
18994,10,18,18
18995,10,2,10
18996,10,2,10
18997,10,10,16
18998,10,10,16
18999,10,10,16
19000,10,1,17
19001,10,16,0
19002,10,18,18
19003,10,1,17
19004,10,2,10
19005,10,2,10
19006,10,2,10
19007,10,10,16
19008,10,8,9
19009,10,0,7
19010,10,0,7
19011,10,17,4
19012,10,10,16
19013,10,0,7
19014,10,2,10
19015,10,15,2
19016,10,12,5
19017,10,1,17
19018,10,1,17
19019,10,1,17
19020,10,10,16
19021,10,10,16
19022,10,1,17
19023,10,16,0
19024,10,15,2
19025,10,17,4
19026,10,7,11
19027,10,10,16
19028,10,2,10
19029,10,10,16
19030,10,0,7
19031,10,12,5
19032,10,1,17
19033,10,8,9
19034,10,1,17
19035,10,1,17
19036,10,16,0
19037,10,16,0
19038,10,0,7
19039,10,0,7
19040,10,0,7
19041,10,17,4
19042,10,16,0
19043,10,10,16
19044,10,1,17
19045,10,8,9
19046,10,2,10
19047,10,9,12
19048,10,1,17
19049,10,17,4
19050,10,10,16
19051,10,2,10
19052,10,0,7
19053,10,16,0
19054,10,17,4
19055,10,2,10
19056,10,8,9
19057,10,10,16
19058,10,10,16
19059,10,0,7
19060,10,1,17
19061,10,10,16
19062,10,0,7
19063,10,10,16
19064,10,10,16
19065,10,10,16
19066,10,17,4
19067,10,10,16
19068,10,1,17
19069,10,16,0
19070,10,10,16
19071,10,10,16
19072,10,2,10
19073,10,17,4
19074,10,2,10
19075,10,17,4
19076,10,19,8
19077,10,2,10
19078,10,15,2
19079,10,2,10
19080,10,10,16
19081,10,2,10
19082,10,10,16
19083,10,2,10
19084,10,7,11
19085,10,2,10
19086,10,11,15
19087,10,15,2
19088,10,6,14
19089,10,14,19
19090,10,17,4
19091,10,1,17
19092,10,10,16
19093,10,0,7
19094,10,9,12
19095,10,2,10
19096,10,16,0
19097,10,2,10
19098,10,11,15
19099,10,1,17
19100,10,17,4
19101,10,17,4
19102,10,1,17
19103,10,2,10
19104,10,2,10
19105,10,6,14
19106,10,19,8
19107,10,19,8
19108,10,2,10
19109,10,17,4
19110,10,9,12
19111,10,2,10
19112,10,10,16
19113,10,14,19
19114,10,10,16
19115,10,16,0
19116,10,9,12
19117,10,10,16
19118,10,17,4
19119,10,1,17
19120,10,10,16
19121,10,10,16
19122,10,2,10
19123,10,14,19
19124,10,6,14
19125,10,9,12
19126,10,2,10
19127,10,2,10
19128,10,2,10
19129,10,16,0
19130,10,10,16
19131,10,14,19
19132,10,17,4
19133,10,2,10
19134,10,2,10
19135,10,17,4
19136,10,10,16
19137,10,5,13
19138,10,0,7
19139,10,10,16
19140,10,17,4
19141,10,16,0
19142,10,16,0
19143,10,17,4
19144,10,11,15
19145,10,10,16
19146,10,10,16
19147,10,11,15
19148,10,17,4
19149,10,6,14
19150,10,9,12
19151,10,10,16
19152,10,1,17
19153,10,10,16
19154,10,10,16
19155,10,6,14
19156,10,10,16
19157,10,2,10
19158,10,2,10
19159,10,5,13
19160,10,2,10
19161,10,2,10
19162,10,2,10
19163,10,9,12
19164,10,8,9
19165,10,9,12
19166,10,1,17
19167,10,15,2
19168,10,10,16
19169,10,0,7
19170,10,2,10
19171,10,10,16
19172,10,8,9
19173,10,10,16
19174,10,1,17
19175,10,2,10
19176,10,2,10
19177,10,10,16
19178,10,2,10
19179,10,0,7
19180,10,2,10
19181,10,10,16
19182,10,10,16
19183,10,10,16
19184,10,1,17
19185,10,5,13
19186,10,1,17
19187,10,0,7
19188,10,19,8
19189,10,17,4
19190,10,10,16
19191,10,15,2
19192,10,2,10
19193,10,2,10
19194,10,10,16
19195,10,10,16
19196,10,10,16
19197,10,1,17
19198,10,7,11
19199,10,0,7
19200,10,10,16
19201,10,0,7
19202,10,2,10
19203,10,2,10
19204,10,2,10
19205,10,0,7
19206,10,0,7
19207,10,16,0
19208,10,2,10
19209,10,2,10
19210,10,18,18
19211,10,10,16
19212,10,16,0
19213,10,10,16
19214,10,10,16
19215,10,10,16
19216,10,10,16
19217,10,0,7
19218,10,17,4
19219,10,0,7
19220,10,5,13
19221,10,18,18
19222,10,11,15
19223,10,17,4
19224,10,17,4
19225,10,2,10
19226,10,15,2
19227,10,10,16
19228,10,10,16
19229,10,17,4
19230,10,2,10
19231,10,10,16
19232,10,2,10
19233,10,2,10
19234,10,1,17
19235,10,17,4
19236,10,12,5
19237,10,2,10
19238,10,10,16
19239,10,17,4
19240,10,19,8
19241,10,0,7
19242,10,0,7
19243,10,2,10
19244,10,2,10
19245,10,1,17
19246,10,1,17
19247,10,14,19
19248,10,2,10
19249,10,9,12
19250,10,0,7
19251,10,2,10
19252,10,10,16
19253,10,16,0
19254,10,17,4
19255,10,10,16
19256,10,10,16
19257,10,7,11
19258,10,17,4
19259,10,17,4
19260,10,16,0
19261,10,16,0
19262,10,10,16
19263,10,2,10
19264,10,2,10
19265,10,2,10
19266,10,10,16
19267,10,1,17
19268,10,1,17
19269,10,1,17
19270,10,2,10
19271,10,14,19
19272,10,2,10
19273,10,2,10
19274,10,2,10
19275,10,10,16
19276,10,10,16
19277,10,8,9
19278,10,11,15
19279,10,3,6
19280,10,11,15
19281,10,8,9
19282,10,1,17
19283,10,17,4
19284,10,10,16
19285,10,17,4
19286,10,6,14
19287,10,10,16
19288,10,10,16
19289,10,15,2
19290,10,10,16
19291,10,17,4
19292,10,1,17
19293,10,15,2
19294,10,10,16
19295,10,0,7
19296,10,11,15
19297,10,2,10
19298,10,19,8
19299,10,0,7
19300,10,10,16
19301,10,14,19
19302,10,2,10
19303,10,10,16
19304,10,17,4
19305,10,12,5
19306,10,2,10
19307,10,16,0
19308,10,10,16
19309,10,16,0
19310,10,1,17
19311,10,18,18
19312,10,12,5
19313,10,10,16
19314,10,17,4
19315,10,0,7
19316,10,18,18
19317,10,10,16
19318,10,19,8
19319,10,19,8
19320,10,13,3
19321,10,10,16
19322,10,19,8
19323,10,0,7
19324,10,15,2
19325,10,2,10
19326,10,18,18
19327,10,7,11
19328,10,14,19
19329,10,15,2
19330,10,2,10
19331,10,0,7
19332,10,10,16
19333,10,10,16
19334,10,10,16
19335,10,1,17
19336,10,10,16
19337,10,14,19
19338,10,2,10
19339,10,2,10
19340,10,6,14
19341,10,15,2
19342,10,10,16
19343,10,17,4
19344,10,1,17
19345,10,10,16
19346,10,17,4
19347,10,14,19
19348,10,1,17
19349,10,15,2
19350,10,15,2
19351,10,10,16
19352,10,19,8
19353,10,15,2
19354,10,1,17
19355,10,17,4
19356,10,1,17
19357,10,2,10
19358,10,10,16
19359,10,11,15
19360,10,10,16
19361,10,9,12
19362,10,2,10
19363,10,2,10
19364,10,0,7
19365,10,14,19
19366,10,10,16
19367,10,15,2
19368,10,12,5
19369,10,2,10
19370,10,1,17
19371,10,2,10
19372,10,17,4
19373,10,1,17
19374,10,18,18
19375,10,10,16
19376,10,17,4
19377,10,2,10
19378,10,2,10
19379,10,2,10
19380,10,2,10
19381,10,1,17
19382,10,14,19
19383,10,17,4
19384,10,17,4
19385,10,2,10
19386,10,15,2
19387,10,10,16
19388,10,17,4
19389,10,2,10
19390,10,2,10
19391,10,7,11
19392,10,0,7
19393,10,11,15
19394,10,2,10
19395,10,2,10
19396,10,2,10
19397,10,10,16
19398,10,10,16
19399,10,2,10
19400,10,14,19
19401,10,10,16
19402,10,2,10
19403,10,2,10
19404,10,4,1
19405,10,10,16
19406,10,10,16
19407,10,2,10
19408,10,0,7
19409,10,10,16
19410,10,10,16
19411,10,0,7
19412,10,2,10
19413,10,17,4
19414,10,0,7
19415,10,17,4
19416,10,10,16
19417,10,17,4
19418,10,9,12
19419,10,2,10
19420,10,10,16
19421,10,18,18
19422,10,2,10
19423,10,2,10
19424,10,0,7
19425,10,2,10
19426,10,17,4
19427,10,17,4
19428,10,17,4
19429,10,10,16
19430,10,17,4
19431,10,10,16
19432,10,10,16
19433,10,10,16
19434,10,1,17
19435,10,2,10
19436,10,16,0
19437,10,10,16
19438,10,0,7
19439,10,6,14
19440,10,17,4
19441,10,2,10
19442,10,17,4
19443,10,18,18
19444,10,10,16
19445,10,12,5
19446,10,18,18
19447,10,10,16
19448,10,2,10
19449,10,1,17
19450,10,2,10
19451,10,16,0
19452,10,0,7
19453,10,2,10
19454,10,10,16
19455,10,2,10
19456,10,10,16
19457,10,0,7
19458,10,2,10
19459,10,2,10
19460,10,10,16
19461,10,0,7
19462,10,0,7
19463,10,2,10
19464,10,15,2
19465,10,2,10
19466,10,18,18
19467,10,2,10
19468,10,2,10
19469,10,16,0
19470,10,10,16
19471,10,1,17
19472,10,16,0
19473,10,1,17
19474,10,10,16
19475,10,1,17
19476,10,6,14
19477,10,13,3
19478,10,11,15
19479,10,10,16
19480,10,9,12
19481,10,0,7
19482,10,0,7
19483,10,13,3
19484,10,10,16
19485,10,15,2
19486,10,2,10
19487,10,17,4
19488,10,2,10
19489,10,8,9
19490,10,2,10
19491,10,8,9
19492,10,2,10
19493,10,10,16
19494,10,2,10
19495,10,19,8
19496,10,2,10
19497,10,10,16
19498,10,16,0
19499,10,10,16
19500,10,16,0
19501,10,16,0
19502,10,16,0
19503,10,2,10
19504,10,7,11
19505,10,2,10
19506,10,17,4
19507,10,15,2
19508,10,17,4
19509,10,10,16
19510,10,16,0
19511,10,5,13
19512,10,0,7
19513,10,10,16
19514,10,8,9
19515,10,2,10
19516,10,1,17
19517,10,1,17
19518,10,19,8
19519,10,10,16
19520,10,17,4
19521,10,15,2
19522,10,2,10
19523,10,1,17
19524,10,16,0
19525,10,17,4
19526,10,10,16
19527,10,10,16
19528,10,10,16
19529,10,10,16
19530,10,0,7
19531,10,16,0
19532,10,10,16
19533,10,11,15
19534,10,18,18
19535,10,10,16
19536,10,1,17
19537,10,10,16
19538,10,10,16
19539,10,10,16
19540,10,6,14
19541,10,2,10
19542,10,16,0
19543,10,10,16
19544,10,10,16
19545,10,1,17
19546,10,0,7
19547,10,11,15
19548,10,2,10
19549,10,10,16
19550,10,2,10
19551,10,2,10
19552,10,18,18
19553,10,17,4
19554,10,10,16
19555,10,10,16
19556,10,16,0
19557,10,4,1
19558,10,2,10
19559,10,0,7
19560,10,2,10
19561,10,15,2
19562,10,2,10
19563,10,2,10
19564,10,11,15
19565,10,10,16
19566,10,4,1
19567,10,17,4
19568,10,2,10
19569,10,9,12
19570,10,10,16
19571,10,18,18
19572,10,8,9
19573,10,9,12
19574,10,2,10
19575,10,14,19
19576,10,16,0
19577,10,1,17
19578,10,1,17
19579,10,1,17
19580,10,1,17
19581,10,7,11
19582,10,15,2
19583,10,15,2
19584,10,0,7
19585,10,10,16
19586,10,16,0
19587,10,16,0
19588,10,16,0
19589,10,10,16
19590,10,10,16
19591,10,0,7
19592,10,0,7
19593,10,0,7
19594,10,15,2
19595,10,10,16
19596,10,2,10
19597,10,16,0
19598,10,0,7
19599,10,16,0
19600,10,18,18
19601,10,6,14
19602,10,16,0
19603,10,8,9
19604,10,13,3
19605,10,10,16
19606,10,10,16
19607,10,16,0
19608,10,1,17
19609,10,11,15
19610,10,8,9
19611,10,6,14
19612,10,15,2
19613,10,16,0
19614,10,2,10
19615,10,1,17
19616,10,14,19
19617,10,12,5
19618,10,11,15
19619,10,10,16
19620,10,15,2
19621,10,6,14
19622,10,10,16
19623,10,6,14
19624,10,6,14
19625,10,8,9
19626,10,6,14
19627,10,1,17
19628,10,2,10
19629,10,10,16
19630,10,6,14
19631,10,10,16
19632,10,8,9
19633,10,10,16
19634,10,17,4
19635,10,2,10
19636,10,2,10
19637,10,2,10
19638,10,1,17
19639,10,0,7
19640,10,2,10
19641,10,2,10
19642,10,6,14
19643,10,17,4
19644,10,17,4
19645,10,8,9
19646,10,10,16
19647,10,17,4
19648,10,10,16
19649,10,8,9
19650,10,10,16
19651,10,2,10
19652,10,2,10
19653,10,1,17
19654,10,1,17
19655,10,1,17
19656,10,0,7
19657,10,1,17
19658,10,0,7
19659,10,7,11
19660,10,1,17
19661,10,2,10
19662,10,11,15
19663,10,1,17
19664,10,11,15
19665,10,10,16
19666,10,1,17
19667,10,0,7
19668,10,0,7
19669,10,0,7
19670,10,0,7
19671,10,10,16
19672,10,0,7
19673,10,10,16
19674,10,2,10
19675,10,1,17
19676,10,16,0
19677,10,2,10
19678,10,10,16
19679,10,18,18
19680,10,15,2
19681,10,2,10
19682,10,2,10
19683,10,8,9
19684,10,10,16
19685,10,15,2
19686,10,10,16
19687,10,18,18
19688,10,16,0
19689,10,10,16
19690,10,11,15
19691,10,10,16
19692,10,2,10
19693,10,2,10
19694,10,2,10
19695,10,10,16
19696,10,2,10
19697,10,1,17
19698,10,1,17
19699,10,2,10
19700,10,2,10
19701,10,15,2
19702,10,0,7
19703,10,2,10
19704,10,10,16
19705,10,10,16
19706,10,17,4
19707,10,10,16
19708,10,10,16
19709,10,10,16
19710,10,7,11
19711,10,14,19
19712,10,2,10
19713,10,1,17
19714,10,1,17
19715,10,1,17
19716,10,17,4
19717,10,12,5
19718,10,10,16
19719,10,2,10
19720,10,0,7
19721,10,0,7
19722,10,17,4
19723,10,10,16
19724,10,2,10
19725,10,18,18
19726,10,2,10
19727,10,2,10
19728,10,14,19
19729,10,10,16
19730,10,10,16
19731,10,1,17
19732,10,17,4
19733,10,17,4
19734,10,2,10
19735,10,2,10
19736,10,17,4
19737,10,6,14
19738,10,8,9
19739,10,8,9
19740,10,17,4
19741,10,10,16
19742,10,6,14
19743,10,6,14
19744,10,14,19
19745,10,5,13
19746,10,18,18
19747,10,2,10
19748,10,0,7
19749,10,5,13
19750,10,10,16
19751,10,6,14
19752,10,0,7
19753,10,2,10
19754,10,2,10
19755,10,10,16
19756,10,2,10
19757,10,10,16
19758,10,10,16
19759,10,1,17
19760,10,1,17
19761,10,19,8
19762,10,10,16
19763,10,2,10
19764,10,2,10
19765,10,2,10
19766,10,8,9
19767,10,18,18
19768,10,10,16
19769,10,15,2
19770,10,14,19
19771,10,2,10
19772,10,10,16
19773,10,2,10
19774,10,10,16
19775,10,6,14
19776,10,2,10
19777,10,10,16
19778,10,2,10
19779,10,11,15
19780,10,15,2
19781,10,12,5
19782,10,8,9
19783,10,12,5
19784,10,9,12
19785,10,0,7
19786,10,10,16
19787,10,16,0
19788,10,7,11
19789,10,15,2
19790,10,10,16
19791,10,0,7
19792,10,1,17
19793,10,10,16
19794,10,16,0
19795,10,12,5
19796,10,17,4
19797,10,2,10
19798,10,2,10
19799,10,2,10
19800,10,2,10
19801,10,2,10
19802,10,0,7
19803,10,10,16
19804,10,14,19
19805,10,14,19
19806,10,16,0
19807,10,19,8
19808,10,0,7
19809,10,1,17
19810,10,1,17
19811,10,2,10
19812,10,17,4
19813,10,10,16
19814,10,14,19
19815,10,10,16
19816,10,0,7
19817,10,16,0
19818,10,10,16
19819,10,2,10
19820,10,1,17
19821,10,1,17
19822,10,2,10
19823,10,1,17
19824,10,9,12
19825,10,2,10
19826,10,10,16
19827,10,10,16
19828,10,16,0
19829,10,15,2
19830,10,5,13
19831,10,16,0
19832,10,1,17
19833,10,1,17
19834,10,15,2
19835,10,1,17
19836,10,1,17
19837,10,1,17
19838,10,1,17
19839,10,17,4
19840,10,10,16
19841,10,2,10
19842,10,2,10
19843,10,2,10
19844,10,10,16
19845,10,10,16
19846,10,10,16
19847,10,0,7
19848,10,1,17
19849,10,11,15
19850,10,1,17
19851,10,15,2
19852,10,2,10
19853,10,10,16
19854,10,19,8
19855,10,16,0
19856,10,17,4
19857,10,15,2
19858,10,2,10
19859,10,2,10
19860,10,8,9
19861,10,14,19
19862,10,10,16
19863,10,18,18
19864,10,1,17
19865,10,19,8
19866,10,10,16
19867,10,4,1
19868,10,10,16
19869,10,10,16
19870,10,10,16
19871,10,17,4
19872,10,10,16
19873,10,10,16
19874,10,1,17
19875,10,14,19
19876,10,12,5
19877,10,10,16
19878,10,2,10
19879,10,10,16
19880,10,5,13
19881,10,2,10
19882,10,6,14
19883,10,10,16
19884,10,10,16
19885,10,10,16
19886,10,12,5
19887,10,10,16
19888,10,14,19
19889,10,12,5
19890,10,7,11
19891,10,10,16
19892,10,6,14
19893,10,9,12
19894,10,12,5
19895,10,2,10
19896,10,2,10
19897,10,10,16
19898,10,16,0
19899,10,1,17
19900,10,10,16
19901,10,10,16
19902,10,2,10
19903,10,10,16
19904,10,0,7
19905,10,10,16
19906,10,15,2
19907,10,0,7
19908,10,1,17
19909,10,8,9
19910,10,1,17
19911,10,18,18
19912,10,17,4
19913,10,0,7
19914,10,0,7
19915,10,6,14
19916,10,12,5
19917,10,1,17
19918,10,10,16
19919,10,10,16
19920,10,1,17
19921,10,10,16
19922,10,1,17
19923,10,1,17
19924,10,1,17
19925,10,1,17
19926,10,9,12
19927,10,2,10
19928,10,19,8
19929,10,19,8
19930,10,10,16
19931,10,2,10
19932,10,17,4
19933,10,10,16
19934,10,10,16
19935,10,10,16
19936,10,10,16
19937,10,2,10
19938,10,13,3
19939,10,10,16
19940,10,10,16
19941,10,5,13
19942,10,2,10
19943,10,2,10
19944,10,15,2
19945,10,0,7
19946,10,10,16
19947,10,10,16
19948,10,2,10
19949,10,16,0
19950,10,10,16
19951,10,10,16
19952,10,2,10
19953,10,11,15
19954,10,10,16
19955,10,2,10
19956,10,10,16
19957,10,10,16
19958,10,10,16
19959,10,10,16
19960,10,1,17
19961,10,1,17
19962,10,1,17
19963,10,1,17
19964,10,10,16
19965,10,15,2
19966,10,10,16
19967,10,1,17
19968,10,11,15
19969,10,19,8
19970,10,14,19
19971,10,14,19
19972,10,10,16
19973,10,16,0
19974,10,10,16
19975,10,10,16
19976,10,2,10
19977,10,2,10
19978,10,2,10
19979,10,2,10
19980,10,10,16
19981,10,13,3
19982,10,10,16
19983,10,6,14
19984,10,2,10
19985,10,1,17
19986,10,8,9
19987,10,17,4
19988,10,10,16
19989,10,10,16
19990,10,16,0
19991,10,2,10
19992,10,2,10
19993,10,2,10
19994,10,10,16
19995,10,15,2
19996,10,10,16
19997,10,19,8
19998,10,10,16
19999,10,10,16
20000,10,6,14
20001,10,2,10
20002,10,2,10
20003,10,0,7
20004,10,0,7
20005,10,14,19
20006,10,16,0
20007,10,14,19
20008,10,10,16
20009,10,17,4
20010,10,2,10
20011,10,10,16
20012,10,18,18
20013,10,0,7
20014,10,2,10
20015,10,10,16
20016,10,17,4
20017,10,10,16
20018,10,1,17
20019,10,17,4
20020,10,1,17
20021,10,14,19
20022,10,5,13
20023,10,5,13
20024,10,0,7
20025,10,2,10
20026,10,16,0
20027,10,10,16
20028,10,2,10
20029,10,2,10
20030,10,17,4
20031,10,2,10
20032,10,12,5
20033,10,10,16
20034,10,17,4
20035,10,2,10
20036,10,17,4
20037,10,13,3
20038,10,13,3
20039,10,17,4
20040,10,16,0
20041,10,16,0
20042,10,2,10
20043,10,10,16
20044,10,2,10
20045,10,2,10
20046,10,11,15
20047,10,11,15
20048,10,2,10
20049,10,10,16
20050,10,19,8
20051,10,2,10
20052,10,2,10
20053,10,14,19
20054,10,15,2
20055,10,0,7
20056,10,10,16
20057,10,10,16
20058,10,11,15
20059,10,2,10
20060,10,17,4
20061,10,17,4
20062,10,10,16
20063,10,2,10
20064,10,11,15
20065,10,10,16
20066,10,1,17
20067,10,1,17
20068,10,1,17
20069,10,1,17
20070,10,18,18
20071,10,0,7
20072,10,10,16
20073,10,10,16
20074,10,2,10
20075,10,16,0
20076,10,10,16
20077,10,2,10
20078,10,9,12
20079,10,2,10
20080,10,12,5
20081,10,2,10
20082,10,17,4
20083,10,10,16
20084,10,2,10
20085,10,12,5
20086,10,2,10
20087,10,17,4
20088,10,2,10
20089,10,2,10
20090,10,14,19
20091,10,10,16
20092,10,1,17
20093,10,2,10
20094,10,2,10
20095,10,10,16
20096,10,2,10
20097,10,5,13
20098,10,10,16
20099,10,14,19
20100,10,12,5
20101,10,0,7
20102,10,10,16
20103,10,10,16
20104,10,12,5
20105,10,6,14
20106,10,1,17
20107,10,2,10
20108,10,0,7
20109,10,11,15
20110,10,3,6
20111,10,10,16
20112,10,17,4
20113,10,10,16
20114,10,17,4
20115,10,10,16
20116,10,12,5
20117,10,12,5
20118,10,12,5
20119,10,10,16
20120,10,15,2
20121,10,2,10
20122,10,10,16
20123,10,8,9
20124,10,8,9
20125,10,12,5
20126,10,2,10
20127,10,1,17
20128,10,18,18
20129,10,10,16
20130,10,1,17
20131,10,4,1
20132,10,19,8
20133,10,17,4
20134,10,10,16
20135,10,17,4
20136,10,16,0
20137,10,10,16
20138,10,10,16
20139,10,2,10
20140,10,15,2
20141,10,14,19
20142,10,16,0
20143,10,2,10
20144,10,2,10
20145,10,16,0
20146,10,16,0
20147,10,16,0
20148,10,12,5
20149,10,1,17
20150,10,0,7
20151,10,17,4
20152,10,17,4
20153,10,17,4
20154,10,14,19
20155,10,17,4
20156,10,14,19
20157,10,2,10
20158,10,18,18
20159,10,14,19
20160,10,1,17
20161,10,10,16
20162,10,14,19
20163,10,10,16
20164,10,10,16
20165,10,9,12
20166,10,1,17
20167,10,10,16
20168,10,10,16
20169,10,10,16
20170,10,15,2
20171,10,2,10
20172,10,1,17
20173,10,10,16
20174,10,1,17
20175,10,1,17
20176,10,8,9
20177,10,0,7
20178,10,16,0
20179,10,16,0
20180,10,16,0
20181,10,10,16
20182,10,10,16
20183,10,17,4
20184,10,6,14
20185,10,17,4
20186,10,19,8
20187,10,11,15
20188,10,4,1
20189,10,2,10
20190,10,18,18
20191,10,8,9
20192,10,1,17
20193,10,1,17
20194,10,1,17
20195,10,2,10
20196,10,2,10
20197,10,16,0
20198,10,2,10
20199,10,0,7
20200,10,10,16
20201,10,13,3
20202,10,2,10
20203,10,2,10
20204,10,0,7
20205,10,10,16
20206,10,19,8
20207,10,1,17
20208,10,14,19
20209,10,10,16
20210,10,10,16
20211,10,6,14
20212,10,17,4
20213,10,17,4
20214,10,4,1
20215,10,1,17
20216,10,17,4
20217,10,0,7
20218,10,2,10
20219,10,11,15
20220,10,10,16
20221,10,10,16
20222,10,2,10
20223,10,17,4
20224,10,10,16
20225,10,2,10
20226,10,18,18
20227,10,10,16
20228,10,9,12
20229,10,9,12
20230,10,1,17
20231,10,19,8
20232,10,1,17
20233,10,12,5
20234,10,2,10
20235,10,12,5
20236,10,10,16
20237,10,15,2
20238,10,16,0
20239,10,0,7
20240,10,1,17
20241,10,12,5
20242,10,16,0
20243,10,2,10
20244,10,4,1
20245,10,2,10
20246,10,2,10
20247,10,6,14
20248,10,2,10
20249,10,2,10
20250,10,10,16
20251,10,10,16
20252,10,0,7
20253,10,15,2
20254,10,0,7
20255,10,10,16
20256,10,16,0
20257,10,16,0
20258,10,16,0
20259,10,2,10
20260,10,16,0
20261,10,16,0
20262,10,0,7
20263,10,18,18
20264,10,18,18
20265,10,10,16
20266,10,17,4
20267,10,11,15
20268,10,2,10
20269,10,15,2
20270,10,1,17
20271,10,2,10
20272,10,16,0
20273,10,14,19
20274,10,2,10
20275,10,0,7
20276,10,17,4
20277,10,10,16
20278,10,1,17
20279,10,19,8
20280,10,5,13
20281,10,10,16
20282,10,10,16
20283,10,2,10
20284,10,2,10
20285,10,10,16
20286,10,2,10
20287,10,17,4
20288,10,2,10
20289,10,10,16
20290,10,2,10
20291,10,8,9
20292,10,8,9
20293,10,16,0
20294,10,14,19
20295,10,2,10
20296,10,11,15
20297,10,9,12
20298,10,4,1
20299,10,13,3
20300,10,13,3
20301,10,7,11
20302,10,17,4
20303,10,2,10
20304,10,1,17
20305,10,1,17
20306,10,1,17
20307,10,17,4
20308,10,17,4
20309,10,2,10
20310,10,10,16
20311,10,5,13
20312,10,14,19
20313,10,8,9
20314,10,10,16
20315,10,0,7
20316,10,0,7
20317,10,2,10
20318,10,10,16
20319,10,10,16
20320,10,15,2
20321,10,15,2
20322,10,2,10
20323,10,2,10
20324,10,10,16
20325,10,0,7
20326,10,0,7
20327,10,14,19
20328,10,15,2
20329,10,18,18
20330,10,2,10
20331,10,17,4
20332,10,17,4
20333,10,12,5
20334,10,6,14
20335,10,1,17
20336,10,10,16
20337,10,17,4
20338,10,11,15
20339,10,11,15
20340,10,2,10
20341,10,17,4
20342,10,16,0
20343,10,17,4
20344,10,0,7
20345,10,0,7
20346,10,10,16
20347,10,10,16
20348,10,10,16
20349,10,15,2
20350,10,15,2
20351,10,0,7
20352,10,6,14
20353,10,2,10
20354,10,17,4
20355,10,10,16
20356,10,6,14
20357,10,0,7
20358,10,17,4
20359,10,10,16
20360,10,5,13
20361,10,16,0
20362,10,2,10
20363,10,10,16
20364,10,17,4
20365,10,2,10
20366,10,2,10
20367,10,5,13
20368,10,2,10
20369,10,18,18
20370,10,14,19
20371,10,14,19
20372,10,11,15
20373,10,1,17
20374,10,0,7
20375,10,11,15
20376,10,10,16
20377,10,8,9
20378,10,10,16
20379,10,1,17
20380,10,7,11
20381,10,1,17
20382,10,15,2
20383,10,15,2
20384,10,1,17
20385,10,1,17
20386,10,1,17
20387,10,1,17
20388,10,1,17
20389,10,16,0
20390,10,15,2
20391,10,6,14
20392,10,10,16
20393,10,11,15
20394,10,10,16
20395,10,2,10
20396,10,2,10
20397,10,1,17
20398,10,15,2
20399,10,2,10
20400,10,16,0
20401,10,1,17
20402,10,1,17
20403,10,0,7
20404,10,2,10
20405,10,10,16
20406,10,11,15
20407,10,10,16
20408,10,10,16
20409,10,10,16
20410,10,15,2
20411,10,10,16
20412,10,1,17
20413,10,1,17
20414,10,16,0
20415,10,12,5
20416,10,0,7
20417,10,1,17
20418,10,2,10
20419,10,2,10
20420,10,2,10
20421,10,2,10
20422,10,2,10
20423,10,2,10
20424,10,6,14
20425,10,10,16
20426,10,1,17
20427,10,1,17
20428,10,1,17
20429,10,10,16
20430,10,10,16
20431,10,10,16
20432,10,2,10
20433,10,17,4
20434,10,2,10
20435,10,10,16
20436,10,1,17
20437,10,11,15
20438,10,0,7
20439,10,0,7
20440,10,2,10
20441,10,2,10
20442,10,0,7
20443,10,1,17
20444,10,10,16
20445,10,18,18
20446,10,2,10
20447,10,10,16
20448,10,2,10
20449,10,12,5
20450,10,2,10
20451,10,2,10
20452,10,0,7
20453,10,1,17
20454,10,10,16
20455,10,12,5
20456,10,1,17
20457,10,1,17
20458,10,17,4
20459,10,10,16
20460,10,10,16
20461,10,10,16
20462,10,11,15
20463,10,10,16
20464,10,10,16
20465,10,2,10
20466,10,2,10
20467,10,15,2
20468,10,2,10
20469,10,10,16
20470,10,11,15
20471,10,9,12
20472,10,0,7
20473,10,0,7
20474,10,17,4
20475,10,15,2
20476,10,8,9
20477,10,2,10
20478,10,1,17
20479,10,10,16
20480,10,6,14
20481,10,2,10
20482,10,10,16
20483,10,10,16
20484,10,2,10
20485,10,9,12
20486,10,0,7
20487,10,0,7
20488,10,10,16
20489,10,6,14
20490,10,17,4
20491,10,10,16
20492,10,11,15
20493,10,17,4
20494,10,10,16
20495,10,10,16
20496,10,15,2
20497,10,17,4
20498,10,10,16
20499,10,10,16
20500,10,14,19
20501,10,15,2
20502,10,1,17
20503,10,3,6
20504,10,6,14
20505,10,2,10
20506,10,15,2
20507,10,1,17
20508,10,8,9
20509,10,15,2
20510,10,10,16
20511,10,0,7
20512,10,10,16
20513,10,2,10
20514,10,15,2
20515,10,2,10
20516,10,10,16
20517,10,1,17
20518,10,2,10
20519,10,11,15
20520,10,6,14
20521,10,13,3
20522,10,17,4
20523,10,13,3
20524,10,15,2
20525,10,2,10
20526,10,7,11
20527,10,19,8
20528,10,2,10
20529,10,2,10
20530,10,2,10
20531,10,16,0
20532,10,11,15
20533,15,17,4
20534,15,2,10
20535,15,15,2
20536,15,1,17
20537,15,2,10
20538,15,10,16
20539,15,16,0
20540,15,11,15
20541,15,16,0
20542,15,10,16
20543,15,15,2
20544,15,14,19
20545,15,17,4
20546,15,2,10
20547,15,6,14
20548,15,0,7
20549,15,0,7
20550,15,19,8
20551,15,10,16
20552,15,0,7
20553,15,0,7
20554,15,10,16
20555,15,10,16
20556,15,3,6
20557,15,2,10
20558,15,2,10
20559,15,0,7
20560,15,0,7
20561,15,16,0
20562,15,10,16
20563,15,16,0
20564,15,16,0
20565,15,10,16
20566,15,17,4
20567,15,0,7
20568,15,1,17
20569,15,1,17
20570,15,8,9
20571,15,0,7
20572,15,2,10
20573,15,18,18
20574,15,11,15
20575,15,10,16
20576,15,17,4
20577,15,10,16
20578,15,17,4
20579,15,2,10
20580,15,11,15
20581,15,10,16
20582,15,2,10
20583,15,11,15
20584,15,2,10
20585,15,2,10
20586,15,19,8
20587,15,10,16
20588,15,10,16
20589,15,16,0
20590,15,12,5
20591,15,2,10
20592,15,7,11
20593,15,9,12
20594,15,10,16
20595,15,14,19
20596,15,2,10
20597,15,10,16
20598,15,17,4
20599,15,17,4
20600,15,2,10
20601,15,10,16
20602,15,14,19
20603,15,1,17
20604,15,6,14
20605,15,10,16
20606,15,10,16
20607,15,10,16
20608,15,14,19
20609,15,0,7
20610,15,2,10
20611,15,1,17
20612,15,0,7
20613,15,10,16
20614,15,8,9
20615,15,17,4
20616,15,10,16
20617,15,10,16
20618,15,2,10
20619,15,11,15
20620,15,11,15
20621,15,11,15
20622,15,11,15
20623,15,8,9
20624,15,2,10
20625,15,0,7
20626,15,0,7
20627,15,15,2
20628,15,0,7
20629,15,2,10
20630,15,2,10
20631,15,12,5
20632,15,10,16
20633,15,15,2
20634,15,2,10
20635,15,15,2
20636,15,16,0
20637,15,2,10
20638,15,2,10
20639,15,2,10
20640,15,10,16
20641,15,17,4
20642,15,2,10
20643,15,1,17
20644,15,10,16
20645,15,8,9
20646,15,16,0
20647,15,7,11
20648,15,0,7
20649,15,10,16
20650,15,11,15
20651,15,10,16
20652,15,1,17
20653,15,1,17
20654,15,1,17
20655,15,6,14
20656,15,2,10
20657,15,10,16
20658,15,2,10
20659,15,17,4
20660,15,2,10
20661,15,1,17
20662,15,7,11
20663,15,10,16
20664,15,15,2
20665,15,18,18
20666,15,12,5
20667,15,10,16
20668,15,16,0
20669,15,2,10
20670,15,15,2
20671,15,15,2
20672,15,1,17
20673,15,16,0
20674,15,0,7
20675,15,15,2
20676,15,15,2
20677,15,0,7
20678,15,1,17
20679,15,2,10
20680,15,8,9
20681,15,1,17
20682,15,7,11
20683,16,2,10
20684,16,2,10
20685,16,17,4
20686,16,16,0
20687,16,10,16
20688,16,1,17
20689,16,17,4
20690,16,16,0
20691,16,16,0
20692,16,10,16
20693,16,15,2
20694,16,0,7
20695,16,14,19
20696,16,0,7
20697,16,9,12
20698,16,19,8
20699,16,10,16
20700,16,11,15
20701,16,1,17
20702,16,12,5
20703,16,2,10
20704,16,0,7
20705,16,15,2
20706,16,2,10
20707,16,15,2
20708,16,17,4
20709,16,10,16
20710,16,10,16
20711,16,14,19
20712,16,11,15
20713,16,7,11
20714,16,2,10
20715,16,10,16
20716,16,15,2
20717,16,2,10
20718,16,17,4
20719,16,17,4
20720,16,2,10
20721,16,1,17
20722,16,1,17
20723,16,15,2
20724,16,2,10
20725,16,0,7
20726,16,10,16
20727,16,15,2
20728,16,16,0
20729,16,16,0
20730,16,18,18
20731,16,10,16
20732,16,0,7
20733,16,8,9
20734,16,10,16
20735,16,2,10
20736,16,8,9
20737,16,7,11
20738,16,15,2
20739,16,10,16
20740,16,2,10
20741,16,6,14
20742,16,1,17
20743,16,1,17
20744,16,6,14
20745,16,6,14
20746,16,6,14
20747,16,6,14
20748,16,16,0
20749,16,6,14
20750,16,10,16
20751,16,2,10
20752,16,2,10
20753,16,2,10
20754,16,15,2
20755,16,7,11
20756,16,10,16
20757,16,17,4
20758,16,2,10
20759,16,5,13
20760,16,15,2
20761,16,10,16
20762,16,10,16
20763,16,9,12
20764,16,10,16
20765,16,1,17
20766,16,17,4
20767,16,10,16
20768,16,0,7
20769,16,2,10
20770,16,8,9
20771,16,10,16
20772,16,2,10
20773,16,2,10
20774,16,16,0
20775,16,2,10
20776,16,15,2
20777,16,6,14
20778,16,10,16
20779,16,17,4
20780,16,17,4
20781,16,2,10
20782,16,19,8
20783,16,13,3
20784,16,10,16
20785,16,10,16
20786,16,0,7
20787,16,19,8
20788,16,15,2
20789,16,2,10
20790,16,2,10
20791,16,10,16
20792,16,10,16
20793,16,16,0
20794,16,10,16
20795,16,10,16
20796,16,1,17
20797,16,2,10
20798,16,0,7
20799,16,10,16
20800,16,0,7
20801,16,10,16
20802,16,10,16
20803,16,19,8
20804,16,14,19
20805,16,14,19
20806,16,1,17
20807,16,10,16
20808,16,0,7
20809,16,2,10
20810,16,10,16
20811,16,2,10
20812,16,2,10
20813,16,2,10
20814,16,2,10
20815,16,0,7
20816,16,19,8
20817,16,11,15
20818,16,2,10
20819,16,2,10
20820,16,2,10
20821,16,1,17
20822,16,16,0
20823,16,15,2
20824,16,10,16
20825,16,17,4
20826,16,19,8
20827,16,10,16
20828,16,16,0
20829,16,3,6
20830,16,2,10
20831,16,0,7
20832,16,1,17
20833,16,15,2
20834,16,0,7
20835,16,1,17
20836,16,17,4
20837,16,17,4
20838,16,1,17
20839,16,1,17
20840,16,19,8
20841,16,7,11
20842,16,6,14
20843,16,2,10
20844,16,2,10
20845,16,15,2
20846,16,0,7
20847,16,2,10
20848,16,1,17
20849,16,10,16
20850,16,10,16
20851,16,4,1
20852,16,1,17
20853,16,1,17
20854,16,10,16
20855,16,10,16
20856,16,16,0
20857,16,0,7
20858,16,0,7
20859,16,10,16
20860,16,2,10
20861,16,11,15
20862,16,0,7
20863,16,0,7
20864,16,10,16
20865,16,10,16
20866,16,10,16
20867,16,15,2
20868,16,15,2
20869,16,10,16
20870,16,0,7
20871,16,2,10
20872,16,2,10
20873,16,10,16
20874,16,10,16
20875,16,15,2
20876,16,4,1
20877,16,15,2
20878,16,14,19
20879,16,2,10
20880,16,2,10
20881,16,10,16
20882,16,2,10
20883,16,17,4
20884,16,9,12
20885,16,9,12
20886,16,10,16
20887,16,19,8
20888,16,2,10
20889,16,2,10
20890,16,0,7
20891,16,10,16
20892,16,19,8
20893,16,15,2
20894,16,0,7
20895,16,2,10
20896,16,2,10
20897,16,3,6
20898,16,1,17
20899,16,2,10
20900,16,15,2
20901,16,9,12
20902,16,17,4
20903,16,10,16
20904,16,10,16
20905,16,11,15
20906,16,2,10
20907,16,11,15
20908,16,15,2
20909,16,17,4
20910,16,8,9
20911,16,1,17
20912,16,12,5
20913,16,2,10
20914,16,2,10
20915,16,17,4
20916,16,17,4
20917,16,10,16
20918,16,10,16
20919,16,10,16
20920,16,14,19
