cell_id,true_label,pred_label_raw,pred_label_aligned
0,13,1,18
1,13,8,19
2,13,1,18
3,13,2,17
4,13,0,10
5,13,8,19
6,13,3,9
7,13,3,9
8,13,4,4
9,13,15,8
10,13,16,12
11,13,0,10
12,13,12,14
13,13,0,10
14,13,1,18
15,13,0,10
16,13,0,10
17,13,15,8
18,13,1,18
19,13,0,10
20,13,14,13
21,13,5,15
22,13,0,10
23,13,2,17
24,13,8,19
25,13,6,6
26,13,12,14
27,13,1,18
28,13,14,13
29,13,6,6
30,13,14,13
31,13,8,19
32,13,16,12
33,13,0,10
34,13,0,10
35,13,2,17
36,13,0,10
37,13,1,18
38,13,0,10
39,13,1,18
40,13,1,18
41,13,7,7
42,13,1,18
43,13,2,17
44,13,14,13
45,13,1,18
46,13,11,16
47,13,9,11
48,13,16,12
49,13,0,10
50,13,1,18
51,13,2,17
52,13,4,4
53,13,0,10
54,13,3,9
55,13,13,0
56,13,10,2
57,13,1,18
58,13,0,10
59,13,3,9
60,13,10,2
61,13,9,11
62,13,1,18
63,13,0,10
64,13,2,17
65,13,12,14
66,13,4,4
67,13,0,10
68,13,2,17
69,13,14,13
70,13,0,10
71,13,9,11
72,13,16,12
73,13,1,18
74,13,8,19
75,13,0,10
76,13,0,10
77,13,4,4
78,13,1,18
79,13,0,10
80,13,0,10
81,13,1,18
82,13,4,4
83,13,14,13
84,13,10,2
85,13,0,10
86,13,0,10
87,13,0,10
88,13,4,4
89,13,4,4
90,13,4,4
91,13,15,8
92,13,1,18
93,13,2,17
94,13,0,10
95,13,2,17
96,13,2,17
97,13,9,11
98,13,10,2
99,13,11,16
100,13,0,10
101,13,3,9
102,13,3,9
103,13,18,5
104,13,0,10
105,13,1,18
106,13,2,17
107,13,0,10
108,13,10,2
109,13,2,17
110,13,3,9
111,13,0,10
112,13,9,11
113,13,10,2
114,13,10,2
115,13,10,2
116,13,11,16
117,13,7,7
118,13,0,10
119,13,0,10
120,13,3,9
121,13,0,10
122,13,0,10
123,13,4,4
124,13,7,7
125,13,14,13
126,13,1,18
127,13,3,9
128,13,8,19
129,13,1,18
130,13,15,8
131,13,0,10
132,13,1,18
133,13,0,10
134,13,0,10
135,13,14,13
136,13,1,18
137,13,1,18
138,13,15,8
139,13,3,9
140,13,5,15
141,13,1,18
142,13,16,12
143,13,15,8
144,13,11,16
145,13,1,18
146,13,14,13
147,13,0,10
148,13,0,10
149,13,11,16
150,13,6,6
151,13,3,9
152,13,2,17
153,13,1,18
154,13,3,9
155,13,14,13
156,13,1,18
157,13,3,9
158,13,1,18
159,13,6,6
160,13,0,10
161,13,1,18
162,13,9,11
163,13,8,19
164,13,6,6
165,13,1,18
166,13,2,17
167,13,1,18
168,13,15,8
169,13,3,9
170,13,4,4
171,13,2,17
172,13,2,17
173,13,1,18
174,13,0,10
175,13,10,2
176,13,1,18
177,13,3,9
178,13,3,9
179,13,8,19
180,13,4,4
181,13,10,2
182,13,11,16
183,13,4,4
184,13,4,4
185,13,18,5
186,13,3,9
187,13,7,7
188,13,7,7
189,13,1,18
190,13,1,18
191,13,9,11
192,13,13,0
193,13,0,10
194,13,5,15
195,13,2,17
196,13,0,10
197,13,3,9
198,13,15,8
199,13,1,18
200,13,7,7
201,13,0,10
202,13,0,10
203,13,3,9
204,13,15,8
205,13,1,18
206,13,11,16
207,13,6,6
208,13,18,5
209,13,10,2
210,13,10,2
211,13,4,4
212,13,1,18
213,13,7,7
214,13,1,18
215,13,1,18
216,13,1,18
217,13,15,8
218,13,1,18
219,13,2,17
220,13,0,10
221,13,2,17
222,13,3,9
223,13,18,5
224,13,1,18
225,13,1,18
226,13,3,9
227,13,12,14
228,13,1,18
229,13,4,4
230,13,16,12
231,13,0,10
232,13,4,4
233,13,18,5
234,13,2,17
235,13,4,4
236,13,9,11
237,13,9,11
238,13,4,4
239,13,0,10
240,13,0,10
241,13,14,13
242,13,3,9
243,13,3,9
244,13,0,10
245,13,0,10
246,13,2,17
247,13,7,7
248,13,0,10
249,13,0,10
250,13,14,13
251,13,0,10
252,13,6,6
253,13,8,19
254,13,17,1
255,13,6,6
256,13,17,1
257,13,4,4
258,13,4,4
259,13,7,7
260,13,4,4
261,13,0,10
262,13,0,10
263,13,2,17
264,13,17,1
265,13,3,9
266,13,0,10
267,13,1,18
268,13,17,1
269,13,4,4
270,13,7,7
271,13,4,4
272,13,11,16
273,13,1,18
274,13,4,4
275,13,12,14
276,13,4,4
277,13,1,18
278,13,2,17
279,13,1,18
280,13,1,18
281,13,2,17
282,13,0,10
283,13,0,10
284,13,11,16
285,13,9,11
286,13,2,17
287,13,14,13
288,13,6,6
289,13,15,8
290,13,0,10
291,13,12,14
292,13,1,18
293,13,0,10
294,13,5,15
295,13,9,11
296,13,5,15
297,13,14,13
298,13,3,9
299,13,8,19
300,13,0,10
301,13,5,15
302,13,4,4
303,13,0,10
304,13,4,4
305,13,4,4
306,13,0,10
307,13,0,10
308,13,2,17
309,13,2,17
310,13,1,18
311,13,1,18
312,13,4,4
313,13,11,16
314,13,15,8
315,13,2,17
316,13,3,9
317,13,9,11
318,13,0,10
319,13,0,10
320,13,11,16
321,13,4,4
322,13,16,12
323,13,8,19
324,13,0,10
325,13,9,11
326,13,14,13
327,13,0,10
328,13,4,4
329,13,5,15
330,13,10,2
331,13,1,18
332,13,2,17
333,13,9,11
334,13,8,19
335,13,0,10
336,13,6,6
337,13,2,17
338,13,0,10
339,13,0,10
340,13,12,14
341,13,15,8
342,13,4,4
343,13,4,4
344,13,1,18
345,13,9,11
346,13,4,4
347,13,0,10
348,13,0,10
349,13,2,17
350,13,0,10
351,13,0,10
352,13,4,4
353,13,1,18
354,13,2,17
355,13,0,10
356,13,2,17
357,13,15,8
358,13,4,4
359,13,0,10
360,13,18,5
361,13,0,10
362,13,12,14
363,13,1,18
364,13,3,9
365,13,2,17
366,13,0,10
367,13,2,17
368,13,1,18
369,13,1,18
370,13,2,17
371,13,2,17
372,13,16,12
373,13,8,19
374,13,3,9
375,13,3,9
376,13,0,10
377,13,15,8
378,13,0,10
379,13,0,10
380,13,0,10
381,13,12,14
382,13,11,16
383,13,13,0
384,13,0,10
385,13,1,18
386,13,1,18
387,13,11,16
388,13,0,10
389,13,0,10
390,13,1,18
391,13,12,14
392,12,3,9
393,12,3,9
394,12,1,18
395,12,10,2
396,12,0,10
397,12,9,11
398,12,2,17
399,12,3,9
400,12,5,15
401,12,0,10
402,12,0,10
403,12,9,11
404,12,4,4
405,12,4,4
406,12,15,8
407,12,13,0
408,12,1,18
409,12,1,18
410,12,14,13
411,12,1,18
412,12,16,12
413,12,12,14
414,12,4,4
415,12,0,10
416,12,0,10
417,12,0,10
418,12,1,18
419,12,0,10
420,12,14,13
421,12,2,17
422,12,4,4
423,12,5,15
424,12,11,16
425,12,4,4
426,12,1,18
427,12,8,19
428,12,1,18
429,12,2,17
430,12,4,4
431,12,0,10
432,12,16,12
433,12,1,18
434,12,17,1
435,12,0,10
436,12,1,18
437,12,1,18
438,12,4,4
439,12,17,1
440,12,1,18
441,12,2,17
442,12,17,1
443,12,0,10
444,12,3,9
445,12,15,8
446,12,0,10
447,12,11,16
448,12,3,9
449,12,0,10
450,12,0,10
451,12,10,2
452,12,18,5
453,12,10,2
454,12,16,12
455,12,11,16
456,12,2,17
457,12,4,4
458,12,0,10
459,12,3,9
460,12,2,17
461,12,4,4
462,12,4,4
463,12,3,9
464,12,0,10
465,12,9,11
466,12,1,18
467,12,2,17
468,12,4,4
469,12,0,10
470,12,14,13
471,12,10,2
472,12,15,8
473,12,1,18
474,12,0,10
475,12,1,18
476,12,1,18
477,12,8,19
478,12,2,17
479,12,4,4
480,12,2,17
481,12,2,17
482,12,2,17
483,12,3,9
484,12,5,15
485,12,1,18
486,12,0,10
487,12,0,10
488,12,4,4
489,12,2,17
490,12,2,17
491,12,4,4
492,12,0,10
493,12,0,10
494,12,2,17
495,12,1,18
496,12,1,18
497,12,1,18
498,12,0,10
499,12,8,19
500,12,3,9
501,12,10,2
502,12,19,3
503,12,0,10
504,12,10,2
505,12,3,9
506,12,1,18
507,12,0,10
508,12,10,2
509,12,0,10
510,12,3,9
511,12,6,6
512,12,1,18
513,12,0,10
514,12,5,15
515,12,8,19
516,12,4,4
517,12,7,7
518,12,0,10
519,12,0,10
520,12,1,18
521,12,8,19
522,12,7,7
523,1,1,18
524,1,0,10
525,1,4,4
526,1,7,7
527,1,0,10
528,1,7,7
529,1,1,18
530,1,4,4
531,1,0,10
532,1,17,1
533,1,4,4
534,1,1,18
535,1,4,4
536,1,7,7
537,1,0,10
538,1,10,2
539,1,1,18
540,1,0,10
541,1,0,10
542,1,2,17
543,1,0,10
544,1,14,13
545,1,0,10
546,1,3,9
547,1,17,1
548,1,1,18
549,1,3,9
550,1,17,1
551,1,12,14
552,1,1,18
553,1,8,19
554,1,3,9
555,1,4,4
556,1,1,18
557,1,10,2
558,1,0,10
559,1,4,4
560,1,3,9
561,1,1,18
562,1,1,18
563,1,1,18
564,1,1,18
565,1,0,10
566,1,18,5
567,1,2,17
568,1,10,2
569,1,1,18
570,1,0,10
571,1,10,2
572,1,0,10
573,1,0,10
574,1,12,14
575,1,11,16
576,1,4,4
577,1,1,18
578,1,8,19
579,1,1,18
580,1,2,17
581,1,4,4
582,1,1,18
583,1,0,10
584,1,7,7
585,1,2,17
586,1,1,18
587,1,2,17
588,1,9,11
589,1,0,10
590,1,0,10
591,1,4,4
592,1,1,18
593,1,6,6
594,1,2,17
595,1,3,9
596,1,5,15
597,1,1,18
598,1,0,10
599,1,6,6
600,1,17,1
601,1,16,12
602,1,3,9
603,1,11,16
604,1,13,0
605,1,14,13
606,1,10,2
607,1,1,18
608,1,0,10
609,1,0,10
610,1,15,8
611,1,0,10
612,1,0,10
613,1,0,10
614,1,2,17
615,1,0,10
616,1,5,15
617,1,9,11
618,1,0,10
619,1,5,15
620,1,3,9
621,1,0,10
622,1,1,18
623,1,18,5
624,1,1,18
625,1,11,16
626,1,2,17
627,1,1,18
628,1,2,17
629,1,2,17
630,1,6,6
631,1,2,17
632,1,0,10
633,1,1,18
634,1,1,18
635,1,16,12
636,1,0,10
637,1,8,19
638,1,0,10
639,1,9,11
640,1,4,4
641,1,17,1
642,1,3,9
643,1,2,17
644,1,4,4
645,1,0,10
646,1,4,4
647,1,0,10
648,1,1,18
649,1,2,17
650,1,2,17
651,1,9,11
652,1,12,14
653,1,4,4
654,1,6,6
655,1,3,9
656,1,1,18
657,1,10,2
658,1,4,4
659,1,0,10
660,1,1,18
661,1,10,2
662,1,0,10
663,1,9,11
664,1,5,15
665,1,4,4
666,1,0,10
667,1,5,15
668,1,17,1
669,1,3,9
670,1,0,10
671,1,14,13
672,1,1,18
673,1,6,6
674,1,5,15
675,1,6,6
676,1,5,15
677,1,4,4
678,1,0,10
679,1,9,11
680,1,14,13
681,1,1,18
682,1,1,18
683,1,0,10
684,1,4,4
685,1,1,18
686,1,10,2
687,1,0,10
688,1,15,8
689,1,0,10
690,1,0,10
691,1,10,2
692,1,1,18
693,1,4,4
694,1,16,12
695,1,0,10
696,1,1,18
697,1,10,2
698,1,0,10
699,1,15,8
700,1,3,9
701,1,1,18
702,1,1,18
703,1,3,9
704,1,11,16
705,1,3,9
706,1,0,10
707,1,0,10
708,1,4,4
709,1,4,4
710,1,1,18
711,1,0,10
712,1,4,4
713,1,2,17
714,1,1,18
715,1,5,15
716,1,0,10
717,1,0,10
718,1,5,15
719,1,1,18
720,1,0,10
721,1,4,4
722,1,0,10
723,1,1,18
724,1,4,4
725,1,9,11
726,1,1,18
727,1,9,11
728,1,5,15
729,1,0,10
730,1,12,14
731,1,12,14
732,1,3,9
733,1,0,10
734,1,12,14
735,1,1,18
736,1,0,10
737,1,3,9
738,1,9,11
739,1,7,7
740,1,14,13
741,1,2,17
742,1,0,10
743,1,0,10
744,1,4,4
745,1,0,10
746,1,2,17
747,1,8,19
748,1,17,1
749,1,2,17
750,1,7,7
751,1,4,4
752,1,17,1
753,1,0,10
754,1,2,17
755,1,16,12
756,1,0,10
757,1,1,18
758,1,10,2
759,1,4,4
760,1,0,10
761,1,2,17
762,1,4,4
763,3,1,18
764,3,4,4
765,3,3,9
766,3,10,2
767,3,9,11
768,3,4,4
769,3,1,18
770,3,4,4
771,3,4,4
772,3,1,18
773,3,9,11
774,3,1,18
775,3,1,18
776,3,1,18
777,3,2,17
778,3,9,11
779,3,11,16
780,3,2,17
781,3,0,10
782,3,0,10
783,3,17,1
784,3,1,18
785,3,1,18
786,3,2,17
787,3,2,17
788,3,10,2
789,3,15,8
790,3,0,10
791,3,5,15
792,3,15,8
793,3,17,1
794,3,4,4
795,3,11,16
796,3,1,18
797,3,4,4
798,3,0,10
799,3,14,13
800,3,10,2
801,3,1,18
802,3,4,4
803,3,3,9
804,3,2,17
805,3,4,4
806,3,14,13
807,3,0,10
808,3,14,13
809,3,10,2
810,3,11,16
811,3,1,18
812,3,6,6
813,3,17,1
814,3,5,15
815,3,0,10
816,3,7,7
817,3,0,10
818,3,3,9
819,3,6,6
820,3,4,4
821,3,9,11
822,3,2,17
823,3,0,10
824,3,10,2
825,3,7,7
826,3,0,10
827,3,8,19
828,3,4,4
829,3,7,7
830,3,0,10
831,3,2,17
832,3,8,19
833,3,0,10
834,3,15,8
835,3,1,18
836,3,0,10
837,3,2,17
838,3,0,10
839,3,8,19
840,3,1,18
841,3,2,17
842,3,0,10
843,3,5,15
844,3,0,10
845,3,1,18
846,3,1,18
847,11,4,4
848,11,18,5
849,11,1,18
850,11,3,9
851,11,3,9
852,11,3,9
853,11,5,15
854,11,4,4
855,11,4,4
856,11,0,10
857,11,8,19
858,11,0,10
859,11,1,18
860,11,0,10
861,11,1,18
862,11,4,4
863,11,1,18
864,11,1,18
865,11,5,15
866,11,4,4
867,11,11,16
868,11,10,2
869,11,14,13
870,11,9,11
871,11,0,10
872,11,2,17
873,11,6,6
874,11,4,4
875,11,0,10
876,11,1,18
877,11,9,11
878,11,0,10
879,11,1,18
880,11,15,8
881,11,1,18
882,11,1,18
883,11,0,10
884,11,0,10
885,11,4,4
886,11,0,10
887,11,2,17
888,11,2,17
889,11,1,18
890,11,2,17
891,11,9,11
892,11,5,15
893,11,2,17
894,11,9,11
895,11,2,17
896,11,9,11
897,11,0,10
898,11,0,10
899,11,1,18
900,11,2,17
901,11,1,18
902,11,1,18
903,11,0,10
904,11,14,13
905,11,17,1
906,11,1,18
907,11,9,11
908,11,1,18
909,11,1,18
910,11,15,8
911,11,4,4
912,11,0,10
913,11,2,17
914,11,1,18
915,11,6,6
916,11,18,5
917,11,0,10
918,11,7,7
919,11,0,10
920,11,0,10
921,11,9,11
922,11,1,18
923,11,17,1
924,11,6,6
925,11,3,9
926,11,0,10
927,11,0,10
928,11,0,10
929,11,8,19
930,11,2,17
931,11,0,10
932,11,1,18
933,11,0,10
934,11,0,10
935,11,0,10
936,11,10,2
937,11,16,12
938,11,12,14
939,11,7,7
940,11,17,1
941,11,1,18
942,11,2,17
943,11,1,18
944,11,1,18
945,11,4,4
946,11,11,16
947,11,13,0
948,11,0,10
949,11,0,10
950,11,14,13
951,11,10,2
952,11,9,11
953,11,8,19
954,11,7,7
955,11,0,10
956,11,1,18
957,11,5,15
958,11,2,17
959,11,1,18
960,11,10,2
961,11,4,4
962,11,1,18
963,11,3,9
964,11,15,8
965,11,15,8
966,11,17,1
967,11,3,9
968,11,4,4
969,11,4,4
970,11,5,15
971,11,2,17
972,11,1,18
973,11,1,18
974,11,7,7
975,11,10,2
976,11,9,11
977,11,9,11
978,11,1,18
979,11,1,18
980,11,11,16
981,11,9,11
982,11,1,18
983,11,14,13
984,11,1,18
985,11,0,10
986,11,1,18
987,11,3,9
988,11,9,11
989,11,15,8
990,11,1,18
991,11,6,6
992,11,0,10
993,11,14,13
994,11,8,19
995,11,9,11
996,11,0,10
997,11,9,11
998,11,11,16
999,11,2,17
1000,11,2,17
1001,11,1,18
1002,11,3,9
1003,11,1,18
1004,11,4,4
1005,11,1,18
1006,11,0,10
1007,11,14,13
1008,11,9,11
1009,11,2,17
1010,11,11,16
1011,11,3,9
1012,11,1,18
1013,11,9,11
1014,11,1,18
1015,11,4,4
1016,11,0,10
1017,11,0,10
1018,11,2,17
1019,11,4,4
1020,11,0,10
1021,11,3,9
1022,11,4,4
1023,11,1,18
1024,11,0,10
1025,11,14,13
1026,11,4,4
1027,11,1,18
1028,11,15,8
1029,11,4,4
1030,11,9,11
1031,11,1,18
1032,11,7,7
1033,11,9,11
1034,11,18,5
1035,11,5,15
1036,11,1,18
1037,11,18,5
1038,11,2,17
1039,11,7,7
1040,11,14,13
1041,11,3,9
1042,11,15,8
1043,11,0,10
1044,11,8,19
1045,11,8,19
1046,11,2,17
1047,11,2,17
1048,11,6,6
1049,11,4,4
1050,11,17,1
1051,11,15,8
1052,11,9,11
1053,11,10,2
1054,11,2,17
1055,11,2,17
1056,11,1,18
1057,11,4,4
1058,11,15,8
1059,11,4,4
1060,11,1,18
1061,11,17,1
1062,11,9,11
1063,11,1,18
1064,11,5,15
1065,11,17,1
1066,11,17,1
1067,11,4,4
1068,11,10,2
1069,11,0,10
1070,11,5,15
1071,4,7,7
1072,4,1,18
1073,4,17,1
1074,4,6,6
1075,4,2,17
1076,4,11,16
1077,4,3,9
1078,4,18,5
1079,4,0,10
1080,4,0,10
1081,4,12,14
1082,4,5,15
1083,4,5,15
1084,4,4,4
1085,4,4,4
1086,4,1,18
1087,4,14,13
1088,4,0,10
1089,4,16,12
1090,4,6,6
1091,4,0,10
1092,4,0,10
1093,4,7,7
1094,4,4,4
1095,4,8,19
1096,4,1,18
1097,4,7,7
1098,4,3,9
1099,4,0,10
1100,4,4,4
1101,4,4,4
1102,4,2,17
1103,4,17,1
1104,4,10,2
1105,4,1,18
1106,4,16,12
1107,4,2,17
1108,4,5,15
1109,4,2,17
1110,4,15,8
1111,4,1,18
1112,4,5,15
1113,4,2,17
1114,4,12,14
1115,4,2,17
1116,4,4,4
1117,4,2,17
1118,4,9,11
1119,4,1,18
1120,4,0,10
1121,4,1,18
1122,4,13,0
1123,4,2,17
1124,4,1,18
1125,4,1,18
1126,4,0,10
1127,4,0,10
1128,4,4,4
1129,4,12,14
1130,4,4,4
1131,4,4,4
1132,4,0,10
1133,4,16,12
1134,4,0,10
1135,4,9,11
1136,4,15,8
1137,4,0,10
1138,4,2,17
1139,4,9,11
1140,4,7,7
1141,4,7,7
1142,4,0,10
1143,4,1,18
1144,4,1,18
1145,4,3,9
1146,4,14,13
1147,4,9,11
1148,4,1,18
1149,4,0,10
1150,4,7,7
1151,4,4,4
1152,4,0,10
1153,4,12,14
1154,4,0,10
1155,4,4,4
1156,4,2,17
1157,4,8,19
1158,4,1,18
1159,4,4,4
1160,4,2,17
1161,4,0,10
1162,4,0,10
1163,4,17,1
1164,4,0,10
1165,4,0,10
1166,4,8,19
1167,4,0,10
1168,4,0,10
1169,4,12,14
1170,4,4,4
1171,4,4,4
1172,4,0,10
1173,4,10,2
1174,4,0,10
1175,4,4,4
1176,4,9,11
1177,4,0,10
1178,4,0,10
1179,4,2,17
1180,4,0,10
1181,4,9,11
1182,4,0,10
1183,4,0,10
1184,4,0,10
1185,4,16,12
1186,4,11,16
1187,4,12,14
1188,4,0,10
1189,4,2,17
1190,4,0,10
1191,4,2,17
1192,4,15,8
1193,4,0,10
1194,4,0,10
1195,4,2,17
1196,4,2,17
1197,4,4,4
1198,4,14,13
1199,4,1,18
1200,4,0,10
1201,4,1,18
1202,4,0,10
1203,4,17,1
1204,4,9,11
1205,4,0,10
1206,4,16,12
1207,4,0,10
1208,4,12,14
1209,4,2,17
1210,4,2,17
1211,4,9,11
1212,4,2,17
1213,4,0,10
1214,4,0,10
1215,4,5,15
1216,4,11,16
1217,4,1,18
1218,4,8,19
1219,4,3,9
1220,4,0,10
1221,4,2,17
1222,4,1,18
1223,4,1,18
1224,4,0,10
1225,4,0,10
1226,4,2,17
1227,4,4,4
1228,4,6,6
1229,4,12,14
1230,4,0,10
1231,4,14,13
1232,4,15,8
1233,4,0,10
1234,4,14,13
1235,4,1,18
1236,4,1,18
1237,4,3,9
1238,4,0,10
1239,4,3,9
1240,4,1,18
1241,4,10,2
1242,4,0,10
1243,4,5,15
1244,4,1,18
1245,4,3,9
1246,4,15,8
1247,4,0,10
1248,4,0,10
1249,4,3,9
1250,4,1,18
1251,4,3,9
1252,4,5,15
1253,4,15,8
1254,4,1,18
1255,4,10,2
1256,4,5,15
1257,4,0,10
1258,4,12,14
1259,4,2,17
1260,4,4,4
1261,4,1,18
1262,4,4,4
1263,4,0,10
1264,4,2,17
1265,4,1,18
1266,4,3,9
1267,4,3,9
1268,4,12,14
1269,4,1,18
1270,4,8,19
1271,4,3,9
1272,4,4,4
1273,4,1,18
1274,4,0,10
1275,4,0,10
1276,4,5,15
1277,4,3,9
1278,4,10,2
1279,4,1,18
1280,4,2,17
1281,4,3,9
1282,4,9,11
1283,4,0,10
1284,4,8,19
1285,4,2,17
1286,4,2,17
1287,4,14,13
1288,4,0,10
1289,4,1,18
1290,4,0,10
1291,4,4,4
1292,4,0,10
1293,4,2,17
1294,4,3,9
1295,4,1,18
1296,4,5,15
1297,4,16,12
1298,4,8,19
1299,4,2,17
1300,4,3,9
1301,4,4,4
1302,4,14,13
1303,4,1,18
1304,4,0,10
1305,4,0,10
1306,4,5,15
1307,4,14,13
1308,4,0,10
1309,4,1,18
1310,4,0,10
1311,4,0,10
1312,4,11,16
1313,4,2,17
1314,4,5,15
1315,4,0,10
1316,4,0,10
1317,4,2,17
1318,4,0,10
1319,4,8,19
1320,4,2,17
1321,4,2,17
1322,4,4,4
1323,4,2,17
1324,4,1,18
1325,4,8,19
1326,4,3,9
1327,4,1,18
1328,4,0,10
1329,4,11,16
1330,4,1,18
1331,4,3,9
1332,4,2,17
1333,4,0,10
1334,4,0,10
1335,4,4,4
1336,4,0,10
1337,4,1,18
1338,4,7,7
1339,4,2,17
1340,4,1,18
1341,4,11,16
1342,4,0,10
1343,4,0,10
1344,4,17,1
1345,4,3,9
1346,4,2,17
1347,4,0,10
1348,4,1,18
1349,4,16,12
1350,4,11,16
1351,4,3,9
1352,4,3,9
1353,4,4,4
1354,4,12,14
1355,4,0,10
1356,4,0,10
1357,4,4,4
1358,4,2,17
1359,4,2,17
1360,4,0,10
1361,4,10,2
1362,4,0,10
1363,4,11,16
1364,4,1,18
1365,4,5,15
1366,4,4,4
1367,4,0,10
1368,4,17,1
1369,4,5,15
1370,4,1,18
1371,4,17,1
1372,4,1,18
1373,4,1,18
1374,4,1,18
1375,4,1,18
1376,4,0,10
1377,4,0,10
1378,4,10,2
1379,4,18,5
1380,4,0,10
1381,4,11,16
1382,4,8,19
1383,4,9,11
1384,4,2,17
1385,4,2,17
1386,4,0,10
1387,4,7,7
1388,4,18,5
1389,4,2,17
1390,4,1,18
1391,4,7,7
1392,4,3,9
1393,4,0,10
1394,4,1,18
1395,4,10,2
1396,4,14,13
1397,4,7,7
1398,4,0,10
1399,4,0,10
1400,4,8,19
1401,4,10,2
1402,4,0,10
1403,4,14,13
1404,4,9,11
1405,4,1,18
1406,4,5,15
1407,4,4,4
1408,4,1,18
1409,4,4,4
1410,4,2,17
1411,4,3,9
1412,4,1,18
1413,4,1,18
1414,4,9,11
1415,4,11,16
1416,4,18,5
1417,4,3,9
1418,4,9,11
1419,4,6,6
1420,4,12,14
1421,4,11,16
1422,4,17,1
1423,4,6,6
1424,4,4,4
1425,4,10,2
1426,4,1,18
1427,4,9,11
1428,4,0,10
1429,4,7,7
1430,4,11,16
1431,4,0,10
1432,4,10,2
1433,4,4,4
1434,4,11,16
1435,4,8,19
1436,4,0,10
1437,4,3,9
1438,4,2,17
1439,4,3,9
1440,4,14,13
1441,4,1,18
1442,4,2,17
1443,4,0,10
1444,4,1,18
1445,4,1,18
1446,4,3,9
1447,4,3,9
1448,4,6,6
1449,4,8,19
1450,4,4,4
1451,4,0,10
1452,4,0,10
1453,4,0,10
1454,4,1,18
1455,4,9,11
1456,4,18,5
1457,4,1,18
1458,4,6,6
1459,4,7,7
1460,4,0,10
1461,4,2,17
1462,4,1,18
1463,4,3,9
1464,4,0,10
1465,4,2,17
1466,4,5,15
1467,4,2,17
1468,4,0,10
1469,4,2,17
1470,4,0,10
1471,4,1,18
1472,4,0,10
1473,4,0,10
1474,4,1,18
1475,4,9,11
1476,4,2,17
1477,4,8,19
1478,4,4,4
1479,4,2,17
1480,4,17,1
1481,4,11,16
1482,4,1,18
1483,4,1,18
1484,4,4,4
1485,4,9,11
1486,4,8,19
1487,4,7,7
1488,4,7,7
1489,4,1,18
1490,4,3,9
1491,4,0,10
1492,4,10,2
1493,4,4,4
1494,4,6,6
1495,4,5,15
1496,4,6,6
1497,4,2,17
1498,4,4,4
1499,4,17,1
1500,4,15,8
1501,4,2,17
1502,4,5,15
1503,4,0,10
1504,4,0,10
1505,4,1,18
1506,4,2,17
1507,4,15,8
1508,4,1,18
1509,4,1,18
1510,4,0,10
1511,4,13,0
1512,4,3,9
1513,4,3,9
1514,4,2,17
1515,4,9,11
1516,4,1,18
1517,4,11,16
1518,4,6,6
1519,4,2,17
1520,4,18,5
1521,4,0,10
1522,4,3,9
1523,4,13,0
1524,4,8,19
1525,4,0,10
1526,4,4,4
1527,4,1,18
1528,4,7,7
1529,4,2,17
1530,4,14,13
1531,4,1,18
1532,4,6,6
1533,4,2,17
1534,4,2,17
1535,4,14,13
1536,4,3,9
1537,4,18,5
1538,4,1,18
1539,4,2,17
1540,4,0,10
1541,4,6,6
1542,4,2,17
1543,4,4,4
1544,4,10,2
1545,4,13,0
1546,4,0,10
1547,4,4,4
1548,4,0,10
1549,4,1,18
1550,4,5,15
1551,4,3,9
1552,4,4,4
1553,4,16,12
1554,4,7,7
1555,4,0,10
1556,4,16,12
1557,4,9,11
1558,4,1,18
1559,4,3,9
1560,4,3,9
1561,4,18,5
1562,4,1,18
1563,4,4,4
1564,4,14,13
1565,4,15,8
1566,4,8,19
1567,4,10,2
1568,4,8,19
1569,4,6,6
1570,4,8,19
1571,4,9,11
1572,4,10,2
1573,4,1,18
1574,4,0,10
1575,4,0,10
1576,4,1,18
1577,4,0,10
1578,4,7,7
1579,4,3,9
1580,4,11,16
1581,4,3,9
1582,4,0,10
1583,4,4,4
1584,4,2,17
1585,4,12,14
1586,4,0,10
1587,4,4,4
1588,4,0,10
1589,4,9,11
1590,4,0,10
1591,4,14,13
1592,4,0,10
1593,4,0,10
1594,4,14,13
1595,4,1,18
1596,4,18,5
1597,4,0,10
1598,4,9,11
1599,4,0,10
1600,4,6,6
1601,4,2,17
1602,4,1,18
1603,4,4,4
1604,4,3,9
1605,4,0,10
1606,4,7,7
1607,4,4,4
1608,4,0,10
1609,4,0,10
1610,4,1,18
1611,4,10,2
1612,4,4,4
1613,4,5,15
1614,4,0,10
1615,4,0,10
1616,4,6,6
1617,4,14,13
1618,4,8,19
1619,4,1,18
1620,4,0,10
1621,4,2,17
1622,4,8,19
1623,4,2,17
1624,4,7,7
1625,4,0,10
1626,4,1,18
1627,4,0,10
1628,4,4,4
1629,4,0,10
1630,4,2,17
1631,4,4,4
1632,4,7,7
1633,4,16,12
1634,4,0,10
1635,4,0,10
1636,4,11,16
1637,4,0,10
1638,4,1,18
1639,4,14,13
1640,4,12,14
1641,4,2,17
1642,4,2,17
1643,4,3,9
1644,4,1,18
1645,4,1,18
1646,4,5,15
1647,4,3,9
1648,4,4,4
1649,4,0,10
1650,4,0,10
1651,4,16,12
1652,4,15,8
1653,4,2,17
1654,4,0,10
1655,4,12,14
1656,4,0,10
1657,4,2,17
1658,4,1,18
1659,4,4,4
1660,4,4,4
1661,4,3,9
1662,4,11,16
1663,4,2,17
1664,4,1,18
1665,4,1,18
1666,4,3,9
1667,4,10,2
1668,4,1,18
1669,4,4,4
1670,4,0,10
1671,4,12,14
1672,4,0,10
1673,4,0,10
1674,4,0,10
1675,4,3,9
1676,4,11,16
1677,4,5,15
1678,4,8,19
1679,4,14,13
1680,4,0,10
1681,4,4,4
1682,4,2,17
1683,4,18,5
1684,4,1,18
1685,4,9,11
1686,4,5,15
1687,4,14,13
1688,4,0,10
1689,4,2,17
1690,4,2,17
1691,4,2,17
1692,4,10,2
1693,4,3,9
1694,4,9,11
1695,4,1,18
1696,4,10,2
1697,4,18,5
1698,14,10,2
1699,14,0,10
1700,14,0,10
1701,14,0,10
1702,14,1,18
1703,14,9,11
1704,14,2,17
1705,14,6,6
1706,14,4,4
1707,14,9,11
1708,14,2,17
1709,14,0,10
1710,14,2,17
1711,14,0,10
1712,14,0,10
1713,14,0,10
1714,14,0,10
1715,14,0,10
1716,14,2,17
1717,14,2,17
1718,14,4,4
1719,14,1,18
1720,14,1,18
1721,14,5,15
1722,14,5,15
1723,14,0,10
1724,14,5,15
1725,14,5,15
1726,14,16,12
1727,14,1,18
1728,14,10,2
1729,14,10,2
1730,14,6,6
1731,14,2,17
1732,14,18,5
1733,14,15,8
1734,14,3,9
1735,14,2,17
1736,14,0,10
1737,14,2,17
1738,14,16,12
1739,14,8,19
1740,14,0,10
1741,14,3,9
1742,14,2,17
1743,14,7,7
1744,14,17,1
1745,14,1,18
1746,14,0,10
1747,14,0,10
1748,14,11,16
1749,14,0,10
1750,14,0,10
1751,14,5,15
1752,14,0,10
1753,14,5,15
1754,14,11,16
1755,14,14,13
1756,14,4,4
1757,14,17,1
1758,14,2,17
1759,14,0,10
1760,14,11,16
1761,14,2,17
1762,14,0,10
1763,14,0,10
1764,14,1,18
1765,14,1,18
1766,14,14,13
1767,14,18,5
1768,14,2,17
1769,14,1,18
1770,14,0,10
1771,14,1,18
1772,14,0,10
1773,14,2,17
1774,14,1,18
1775,14,0,10
1776,14,14,13
1777,14,7,7
1778,14,0,10
1779,14,0,10
1780,14,3,9
1781,14,1,18
1782,14,4,4
1783,14,6,6
1784,14,15,8
1785,14,6,6
1786,14,8,19
1787,14,12,14
1788,14,0,10
1789,14,0,10
1790,14,1,18
1791,14,2,17
1792,14,0,10
1793,14,6,6
1794,14,1,18
1795,14,5,15
1796,14,5,15
1797,14,0,10
1798,14,0,10
1799,14,14,13
1800,14,3,9
1801,14,0,10
1802,14,3,9
1803,14,9,11
1804,14,1,18
1805,14,11,16
1806,14,1,18
1807,14,8,19
1808,14,4,4
1809,14,1,18
1810,14,11,16
1811,14,1,18
1812,14,2,17
1813,14,11,16
1814,14,11,16
1815,14,0,10
1816,14,0,10
1817,14,1,18
1818,14,3,9
1819,14,0,10
1820,14,12,14
1821,14,0,10
1822,14,1,18
1823,14,6,6
1824,14,0,10
1825,14,1,18
1826,14,1,18
1827,14,1,18
1828,14,3,9
1829,14,3,9
1830,14,11,16
1831,14,9,11
1832,14,1,18
1833,14,0,10
1834,14,12,14
1835,14,1,18
1836,14,9,11
1837,14,2,17
1838,14,0,10
1839,14,16,12
1840,14,2,17
1841,14,3,9
1842,14,6,6
1843,14,3,9
1844,14,0,10
1845,14,0,10
1846,14,0,10
1847,14,12,14
1848,14,2,17
1849,14,0,10
1850,14,4,4
1851,14,0,10
1852,14,0,10
1853,14,4,4
1854,14,1,18
1855,14,8,19
1856,14,1,18
1857,14,1,18
1858,14,0,10
1859,14,2,17
1860,14,4,4
1861,14,6,6
1862,14,0,10
1863,14,0,10
1864,14,2,17
1865,14,0,10
1866,14,0,10
1867,14,2,17
1868,14,5,15
1869,14,4,4
1870,14,9,11
1871,14,9,11
1872,14,2,17
1873,14,4,4
1874,14,2,17
1875,14,3,9
1876,14,3,9
1877,14,6,6
1878,14,0,10
1879,14,2,17
1880,14,3,9
1881,14,7,7
1882,14,0,10
1883,14,3,9
1884,14,2,17
1885,14,2,17
1886,14,9,11
1887,14,10,2
1888,14,2,17
1889,14,0,10
1890,14,3,9
1891,14,0,10
1892,14,9,11
1893,14,0,10
1894,14,1,18
1895,14,4,4
1896,14,2,17
1897,14,1,18
1898,14,0,10
1899,14,3,9
1900,14,2,17
1901,14,8,19
1902,14,0,10
1903,14,0,10
1904,14,1,18
1905,14,3,9
1906,14,7,7
1907,14,7,7
1908,14,10,2
1909,14,0,10
1910,14,0,10
1911,14,0,10
1912,14,1,18
1913,14,4,4
1914,14,0,10
1915,14,7,7
1916,14,0,10
1917,14,0,10
1918,14,0,10
1919,14,2,17
1920,14,0,10
1921,14,16,12
1922,14,0,10
1923,14,15,8
1924,14,1,18
1925,14,4,4
1926,14,18,5
1927,14,4,4
1928,14,9,11
1929,14,2,17
1930,14,1,18
1931,14,4,4
1932,14,2,17
1933,14,4,4
1934,14,7,7
1935,14,0,10
1936,14,4,4
1937,14,0,10
1938,14,3,9
1939,14,16,12
1940,14,5,15
1941,14,1,18
1942,14,7,7
1943,14,0,10
1944,14,3,9
1945,14,2,17
1946,14,2,17
1947,14,9,11
1948,14,0,10
1949,14,2,17
1950,14,9,11
1951,14,0,10
1952,14,18,5
1953,14,3,9
1954,14,10,2
1955,14,5,15
1956,14,14,13
1957,14,17,1
1958,14,15,8
1959,14,0,10
1960,14,0,10
1961,14,15,8
1962,14,3,9
1963,14,1,18
1964,14,8,19
1965,14,1,18
1966,14,3,9
1967,14,2,17
1968,14,0,10
1969,14,4,4
1970,14,1,18
1971,14,6,6
1972,14,3,9
1973,14,7,7
1974,14,3,9
1975,14,12,14
1976,14,12,14
1977,14,1,18
1978,14,1,18
1979,14,2,17
1980,14,0,10
1981,14,2,17
1982,14,1,18
1983,14,2,17
1984,14,0,10
1985,14,4,4
1986,14,13,0
1987,14,1,18
1988,14,17,1
1989,14,1,18
1990,14,8,19
1991,14,3,9
1992,14,12,14
1993,14,2,17
1994,14,1,18
1995,14,18,5
1996,14,9,11
1997,14,9,11
1998,14,3,9
1999,14,2,17
2000,14,2,17
2001,14,4,4
2002,14,16,12
2003,14,1,18
2004,14,12,14
2005,14,3,9
2006,14,3,9
2007,14,1,18
2008,14,0,10
2009,14,7,7
2010,14,0,10
2011,14,7,7
2012,14,4,4
2013,14,0,10
2014,14,6,6
2015,14,0,10
2016,14,0,10
2017,14,4,4
2018,14,1,18
2019,14,11,16
2020,14,11,16
2021,14,4,4
2022,14,0,10
2023,14,1,18
2024,14,4,4
2025,14,2,17
2026,14,10,2
2027,14,4,4
2028,19,17,1
2029,19,2,17
2030,19,0,10
2031,19,9,11
2032,19,4,4
2033,19,10,2
2034,19,4,4
2035,19,14,13
2036,19,0,10
2037,19,16,12
2038,19,2,17
2039,19,0,10
2040,19,10,2
2041,19,3,9
2042,19,11,16
2043,19,12,14
2044,19,0,10
2045,19,12,14
2046,19,6,6
2047,19,18,5
2048,19,0,10
2049,19,2,17
2050,19,18,5
2051,19,0,10
2052,19,14,13
2053,19,4,4
2054,19,4,4
2055,19,5,15
2056,19,4,4
2057,19,1,18
2058,19,8,19
2059,19,1,18
2060,19,2,17
2061,19,5,15
2062,19,4,4
2063,19,5,15
2064,19,3,9
2065,19,1,18
2066,19,2,17
2067,19,9,11
2068,19,2,17
2069,19,8,19
2070,19,0,10
2071,19,0,10
2072,19,0,10
2073,19,8,19
2074,19,4,4
2075,19,2,17
2076,19,0,10
2077,19,3,9
2078,19,5,15
2079,19,18,5
2080,19,8,19
2081,19,0,10
2082,19,1,18
2083,19,10,2
2084,19,10,2
2085,19,4,4
2086,19,11,16
2087,19,1,18
2088,19,1,18
2089,19,7,7
2090,19,2,17
2091,19,2,17
2092,19,3,9
2093,19,3,9
2094,19,2,17
2095,19,5,15
2096,19,4,4
2097,19,9,11
2098,19,3,9
2099,19,2,17
2100,19,3,9
2101,19,0,10
2102,19,0,10
2103,19,5,15
2104,19,17,1
2105,19,0,10
2106,19,4,4
2107,19,0,10
2108,19,1,18
2109,19,0,10
2110,19,0,10
2111,19,10,2
2112,19,1,18
2113,19,0,10
2114,19,4,4
2115,19,10,2
2116,19,0,10
2117,19,2,17
2118,19,2,17
2119,19,4,4
2120,19,0,10
2121,19,11,16
2122,19,1,18
2123,19,1,18
2124,19,0,10
2125,19,0,10
2126,19,2,17
2127,19,1,18
2128,19,9,11
2129,19,14,13
2130,19,4,4
2131,19,0,10
2132,19,9,11
2133,19,0,10
2134,19,0,10
2135,19,1,18
2136,19,3,9
2137,19,9,11
2138,19,2,17
2139,19,0,10
2140,19,3,9
2141,19,4,4
2142,19,15,8
2143,19,2,17
2144,19,17,1
2145,19,16,12
2146,19,9,11
2147,19,2,17
2148,19,2,17
2149,19,0,10
2150,19,0,10
2151,19,4,4
2152,19,14,13
2153,19,2,17
2154,19,5,15
2155,19,2,17
2156,19,4,4
2157,19,6,6
2158,19,2,17
2159,19,5,15
2160,19,1,18
2161,19,6,6
2162,19,13,0
2163,19,3,9
2164,19,3,9
2165,19,3,9
2166,19,5,15
2167,19,5,15
2168,19,0,10
2169,19,1,18
2170,19,8,19
2171,19,2,17
2172,19,7,7
2173,19,0,10
2174,19,11,16
2175,19,1,18
2176,19,10,2
2177,19,15,8
2178,19,0,10
2179,19,0,10
2180,19,0,10
2181,19,0,10
2182,19,12,14
2183,19,0,10
2184,19,7,7
2185,19,7,7
2186,19,16,12
2187,19,14,13
2188,19,17,1
2189,19,0,10
2190,19,8,19
2191,19,10,2
2192,19,8,19
2193,19,15,8
2194,19,8,19
2195,19,0,10
2196,19,0,10
2197,19,0,10
2198,19,12,14
2199,19,4,4
2200,2,2,17
2201,2,10,2
2202,2,10,2
2203,2,10,2
2204,2,1,18
2205,2,0,10
2206,2,2,17
2207,2,3,9
2208,2,5,15
2209,2,12,14
2210,2,2,17
2211,2,2,17
2212,2,0,10
2213,2,2,17
2214,2,16,12
2215,2,4,4
2216,2,3,9
2217,2,0,10
2218,2,0,10
2219,2,9,11
2220,2,0,10
2221,2,1,18
2222,2,0,10
2223,2,2,17
2224,2,8,19
2225,2,3,9
2226,2,0,10
2227,2,0,10
2228,2,4,4
2229,2,16,12
2230,2,0,10
2231,2,0,10
2232,2,0,10
2233,2,9,11
2234,2,16,12
2235,2,0,10
2236,2,10,2
2237,2,1,18
2238,2,11,16
2239,2,2,17
2240,2,4,4
2241,2,1,18
2242,2,3,9
2243,2,3,9
2244,2,2,17
2245,2,14,13
2246,2,0,10
2247,2,17,1
2248,2,4,4
2249,2,3,9
2250,2,1,18
2251,2,0,10
2252,2,0,10
2253,2,1,18
2254,2,1,18
2255,2,0,10
2256,2,6,6
2257,2,0,10
2258,2,2,17
2259,2,1,18
2260,2,13,0
2261,2,2,17
2262,2,5,15
2263,2,9,11
2264,2,4,4
2265,2,4,4
2266,2,12,14
2267,2,10,2
2268,2,5,15
2269,2,0,10
2270,2,0,10
2271,2,16,12
2272,2,12,14
2273,2,1,18
2274,2,8,19
2275,2,0,10
2276,2,0,10
2277,2,15,8
2278,2,0,10
2279,2,2,17
2280,2,4,4
2281,2,13,0
2282,2,2,17
2283,2,11,16
2284,2,4,4
2285,2,10,2
2286,2,0,10
2287,2,17,1
2288,2,9,11
2289,2,0,10
2290,2,4,4
2291,2,1,18
2292,2,0,10
2293,2,8,19
2294,2,7,7
2295,2,0,10
2296,2,0,10
2297,2,2,17
2298,2,2,17
2299,2,8,19
2300,2,12,14
2301,2,0,10
2302,2,0,10
2303,2,2,17
2304,2,0,10
2305,2,4,4
2306,2,10,2
2307,2,1,18
2308,2,14,13
2309,2,0,10
2310,2,15,8
2311,2,2,17
2312,2,12,14
2313,2,0,10
2314,2,0,10
2315,2,0,10
2316,2,0,10
2317,2,18,5
2318,2,3,9
2319,2,0,10
2320,2,11,16
2321,2,6,6
2322,2,17,1
2323,2,1,18
2324,2,2,17
2325,2,2,17
2326,2,3,9
2327,2,17,1
2328,2,0,10
2329,2,2,17
2330,2,0,10
2331,2,2,17
2332,2,1,18
2333,2,5,15
2334,2,1,18
2335,2,0,10
2336,2,1,18
2337,2,1,18
2338,2,10,2
2339,2,16,12
2340,2,14,13
2341,2,0,10
2342,2,0,10
2343,2,6,6
2344,2,7,7
2345,2,3,9
2346,2,0,10
2347,2,4,4
2348,2,1,18
2349,2,4,4
2350,2,0,10
2351,2,8,19
2352,2,0,10
2353,2,17,1
2354,2,1,18
2355,2,3,9
2356,2,0,10
2357,2,1,18
2358,2,4,4
2359,2,2,17
2360,2,1,18
2361,2,2,17
2362,2,5,15
2363,2,0,10
2364,2,2,17
2365,2,16,12
2366,2,9,11
2367,2,4,4
2368,2,18,5
2369,2,1,18
2370,2,14,13
2371,2,3,9
2372,2,3,9
2373,2,0,10
2374,2,17,1
2375,2,1,18
2376,2,0,10
2377,2,3,9
2378,2,1,18
2379,2,0,10
2380,2,3,9
2381,2,0,10
2382,2,0,10
2383,2,1,18
2384,2,3,9
2385,2,3,9
2386,2,12,14
2387,2,7,7
2388,2,10,2
2389,2,18,5
2390,2,6,6
2391,2,6,6
2392,2,0,10
2393,2,0,10
2394,2,9,11
2395,2,2,17
2396,2,6,6
2397,2,2,17
2398,2,0,10
2399,2,0,10
2400,2,3,9
2401,2,14,13
2402,2,3,9
2403,2,0,10
2404,2,12,14
2405,2,14,13
2406,2,1,18
2407,2,2,17
2408,2,1,18
2409,2,0,10
2410,2,17,1
2411,2,4,4
2412,2,2,17
2413,2,14,13
2414,2,0,10
2415,2,4,4
2416,2,4,4
2417,2,0,10
2418,2,14,13
2419,2,5,15
2420,2,2,17
2421,2,14,13
2422,2,5,15
2423,2,9,11
2424,2,11,16
2425,2,10,2
2426,2,1,18
2427,2,4,4
2428,2,7,7
2429,2,0,10
2430,2,0,10
2431,2,3,9
2432,2,3,9
2433,2,14,13
2434,2,14,13
2435,2,3,9
2436,2,0,10
2437,2,1,18
2438,2,1,18
2439,2,0,10
2440,2,0,10
2441,2,0,10
2442,2,11,16
2443,2,12,14
2444,2,0,10
2445,2,2,17
2446,2,1,18
2447,2,2,17
2448,2,3,9
2449,2,17,1
2450,2,7,7
2451,2,3,9
2452,2,9,11
2453,2,0,10
2454,2,10,2
2455,2,4,4
2456,2,6,6
2457,2,9,11
2458,2,0,10
2459,2,12,14
2460,2,11,16
2461,2,0,10
2462,2,1,18
2463,2,1,18
2464,2,0,10
2465,2,12,14
2466,2,3,9
2467,2,6,6
2468,2,3,9
2469,2,15,8
2470,2,2,17
2471,2,0,10
2472,2,7,7
2473,2,4,4
2474,2,12,14
2475,2,2,17
2476,2,4,4
2477,2,12,14
2478,2,8,19
2479,2,14,13
2480,2,12,14
2481,2,4,4
2482,2,4,4
2483,2,1,18
2484,2,15,8
2485,2,1,18
2486,2,1,18
2487,2,13,0
2488,2,9,11
2489,2,13,0
2490,2,4,4
2491,2,16,12
2492,2,1,18
2493,2,3,9
2494,2,4,4
2495,2,18,5
2496,2,4,4
2497,2,1,18
2498,2,3,9
2499,2,2,17
2500,2,0,10
2501,2,7,7
2502,2,0,10
2503,2,1,18
2504,2,0,10
2505,2,1,18
2506,2,14,13
2507,2,6,6
2508,2,11,16
2509,2,3,9
2510,2,4,4
2511,2,15,8
2512,2,2,17
2513,2,0,10
2514,2,1,18
2515,2,14,13
2516,2,5,15
2517,2,15,8
2518,2,16,12
2519,2,17,1
2520,2,0,10
2521,2,0,10
2522,2,0,10
2523,2,3,9
2524,2,1,18
2525,2,5,15
2526,2,1,18
2527,2,3,9
2528,2,0,10
2529,2,2,17
2530,2,0,10
2531,2,4,4
2532,2,7,7
2533,2,3,9
2534,2,10,2
2535,2,3,9
2536,2,1,18
2537,2,0,10
2538,2,18,5
2539,2,13,0
2540,2,14,13
2541,2,3,9
2542,2,0,10
2543,2,2,17
2544,2,16,12
2545,2,14,13
2546,2,18,5
2547,2,4,4
2548,2,3,9
2549,2,0,10
2550,2,13,0
2551,2,7,7
2552,2,0,10
2553,2,11,16
2554,2,5,15
2555,2,13,0
2556,2,13,0
2557,2,10,2
2558,2,4,4
2559,2,0,10
2560,2,0,10
2561,2,0,10
2562,2,1,18
2563,2,2,17
2564,2,0,10
2565,2,12,14
2566,2,0,10
2567,2,0,10
2568,2,0,10
2569,2,2,17
2570,2,9,11
2571,2,0,10
2572,2,0,10
2573,2,2,17
2574,2,1,18
2575,2,0,10
2576,2,1,18
2577,2,5,15
2578,2,4,4
2579,2,0,10
2580,2,2,17
2581,2,0,10
2582,2,1,18
2583,2,11,16
2584,2,3,9
2585,2,3,9
2586,2,9,11
2587,2,11,16
2588,2,0,10
2589,2,0,10
2590,2,10,2
2591,2,2,17
2592,2,4,4
2593,2,8,19
2594,2,0,10
2595,2,0,10
2596,2,0,10
2597,2,6,6
2598,2,5,15
2599,2,16,12
2600,2,0,10
2601,2,4,4
2602,2,0,10
2603,2,5,15
2604,2,1,18
2605,2,1,18
2606,2,2,17
2607,2,0,10
2608,2,0,10
2609,2,2,17
2610,2,0,10
2611,2,14,13
2612,2,1,18
2613,2,0,10
2614,2,0,10
2615,2,10,2
2616,2,7,7
2617,2,7,7
2618,2,0,10
2619,2,0,10
2620,2,2,17
2621,2,0,10
2622,2,9,11
2623,2,11,16
2624,2,0,10
2625,2,2,17
2626,2,5,15
2627,2,0,10
2628,2,0,10
2629,2,5,15
2630,2,2,17
2631,2,1,18
2632,2,3,9
2633,2,0,10
2634,2,0,10
2635,2,7,7
2636,2,10,2
2637,2,3,9
2638,2,1,18
2639,2,0,10
2640,2,0,10
2641,2,3,9
2642,2,2,17
2643,2,2,17
2644,2,8,19
2645,2,16,12
2646,2,2,17
2647,2,10,2
2648,2,5,15
2649,2,2,17
2650,2,0,10
2651,2,15,8
2652,2,10,2
2653,2,2,17
2654,2,0,10
2655,2,0,10
2656,2,8,19
2657,2,3,9
2658,2,2,17
2659,2,0,10
2660,2,5,15
2661,2,0,10
2662,2,0,10
2663,2,0,10
2664,2,0,10
2665,2,8,19
2666,2,1,18
2667,0,2,17
2668,0,0,10
2669,0,11,16
2670,0,4,4
2671,0,0,10
2672,0,3,9
2673,0,0,10
2674,0,3,9
2675,0,2,17
2676,0,2,17
2677,0,8,19
2678,0,0,10
2679,0,7,7
2680,0,0,10
2681,0,1,18
2682,0,1,18
2683,0,2,17
2684,0,1,18
2685,0,0,10
2686,0,0,10
2687,0,8,19
2688,0,0,10
2689,0,4,4
2690,0,0,10
2691,0,0,10
2692,0,0,10
2693,0,0,10
2694,0,6,6
2695,0,7,7
2696,0,12,14
2697,0,9,11
2698,0,0,10
2699,0,3,9
2700,0,8,19
2701,0,2,17
2702,0,3,9
2703,0,0,10
2704,0,7,7
2705,0,0,10
2706,0,6,6
2707,0,3,9
2708,0,0,10
2709,0,3,9
2710,0,10,2
2711,0,0,10
2712,0,2,17
2713,0,3,9
2714,0,0,10
2715,0,12,14
2716,0,2,17
2717,0,0,10
2718,0,18,5
2719,0,0,10
2720,0,1,18
2721,0,0,10
2722,0,1,18
2723,0,11,16
2724,0,2,17
2725,0,14,13
2726,0,3,9
2727,0,2,17
2728,0,1,18
2729,0,0,10
2730,0,5,15
2731,0,2,17
2732,0,3,9
2733,0,3,9
2734,0,3,9
2735,0,3,9
2736,0,7,7
2737,0,11,16
2738,0,0,10
2739,0,3,9
2740,0,9,11
2741,0,2,17
2742,0,2,17
2743,0,4,4
2744,0,16,12
2745,0,5,15
2746,0,2,17
2747,0,0,10
2748,0,3,9
2749,0,2,17
2750,0,7,7
2751,0,4,4
2752,0,4,4
2753,0,0,10
2754,0,7,7
2755,0,0,10
2756,0,2,17
2757,0,1,18
2758,0,0,10
2759,0,2,17
2760,0,0,10
2761,0,11,16
2762,0,12,14
2763,0,4,4
2764,0,6,6
2765,0,0,10
2766,17,0,10
2767,17,4,4
2768,17,0,10
2769,17,2,17
2770,17,1,18
2771,17,0,10
2772,17,18,5
2773,17,4,4
2774,17,0,10
2775,17,3,9
2776,17,1,18
2777,17,1,18
2778,17,0,10
2779,17,0,10
2780,17,16,12
2781,17,3,9
2782,17,2,17
2783,17,2,17
2784,17,2,17
2785,17,1,18
2786,17,7,7
2787,17,3,9
2788,17,3,9
2789,17,3,9
2790,17,0,10
2791,17,0,10
2792,17,3,9
2793,17,2,17
2794,17,0,10
2795,17,11,16
2796,17,8,19
2797,17,3,9
2798,17,2,17
2799,17,9,11
2800,17,2,17
2801,17,0,10
2802,17,2,17
2803,17,11,16
2804,17,2,17
2805,17,0,10
2806,17,1,18
2807,17,2,17
2808,17,9,11
2809,17,3,9
2810,17,9,11
2811,17,3,9
2812,17,3,9
2813,17,2,17
2814,17,2,17
2815,17,2,17
2816,17,7,7
2817,17,0,10
2818,17,5,15
2819,17,0,10
2820,17,0,10
2821,17,0,10
2822,17,0,10
2823,17,0,10
2824,17,2,17
2825,17,0,10
2826,17,3,9
2827,17,0,10
2828,17,0,10
2829,17,0,10
2830,17,2,17
2831,17,0,10
2832,17,11,16
2833,17,5,15
2834,17,0,10
2835,17,3,9
2836,17,1,18
2837,17,15,8
2838,17,2,17
2839,17,0,10
2840,17,0,10
2841,17,0,10
2842,17,0,10
2843,17,3,9
2844,17,7,7
2845,17,11,16
2846,17,2,17
2847,17,0,10
2848,17,12,14
2849,17,7,7
2850,17,6,6
2851,17,0,10
2852,17,0,10
2853,17,8,19
2854,17,9,11
2855,17,5,15
2856,17,3,9
2857,17,0,10
2858,17,7,7
2859,17,5,15
2860,17,0,10
2861,17,0,10
2862,17,5,15
2863,17,10,2
2864,17,0,10
2865,17,0,10
2866,17,3,9
2867,17,2,17
2868,17,0,10
2869,17,1,18
2870,17,2,17
2871,17,2,17
2872,17,7,7
2873,17,11,16
2874,17,0,10
2875,17,0,10
2876,17,2,17
2877,17,8,19
2878,17,1,18
2879,17,0,10
2880,17,3,9
2881,17,14,13
2882,17,0,10
2883,17,0,10
2884,17,0,10
2885,17,4,4
2886,17,3,9
2887,17,4,4
2888,17,2,17
2889,17,2,17
2890,17,1,18
2891,17,1,18
2892,17,0,10
2893,17,2,17
2894,17,2,17
2895,17,4,4
2896,17,6,6
2897,17,0,10
2898,17,3,9
2899,17,0,10
2900,17,18,5
2901,17,0,10
2902,17,0,10
2903,17,1,18
2904,17,19,3
2905,17,3,9
2906,17,1,18
2907,17,3,9
2908,17,8,19
2909,17,7,7
2910,17,2,17
2911,17,2,17
2912,17,1,18
2913,17,0,10
2914,17,2,17
2915,17,14,13
2916,17,15,8
2917,17,3,9
2918,17,2,17
2919,17,14,13
2920,17,12,14
2921,17,1,18
2922,17,0,10
2923,17,0,10
2924,17,0,10
2925,17,3,9
2926,17,5,15
2927,17,6,6
2928,17,18,5
2929,17,14,13
2930,17,0,10
2931,17,0,10
2932,17,1,18
2933,17,5,15
2934,17,0,10
2935,17,5,15
2936,17,0,10
2937,17,2,17
2938,17,1,18
2939,17,2,17
2940,17,0,10
2941,17,2,17
2942,17,1,18
2943,17,2,17
2944,17,7,7
2945,17,1,18
2946,17,0,10
2947,17,0,10
2948,17,8,19
2949,17,2,17
2950,17,0,10
2951,17,8,19
2952,17,8,19
2953,17,12,14
2954,17,5,15
2955,17,7,7
2956,17,2,17
2957,17,3,9
2958,17,0,10
2959,17,0,10
2960,17,0,10
2961,17,2,17
2962,17,0,10
2963,17,3,9
2964,17,0,10
2965,17,2,17
2966,17,0,10
2967,17,0,10
2968,17,2,17
2969,17,3,9
2970,17,0,10
2971,17,0,10
2972,17,2,17
2973,17,4,4
2974,17,9,11
2975,17,5,15
2976,17,12,14
2977,17,1,18
2978,17,2,17
2979,17,2,17
2980,17,5,15
2981,17,1,18
2982,17,0,10
2983,17,2,17
2984,17,0,10
2985,17,11,16
2986,17,5,15
2987,17,3,9
2988,17,0,10
2989,17,0,10
2990,17,11,16
2991,17,2,17
2992,17,8,19
2993,17,2,17
2994,17,18,5
2995,17,3,9
2996,17,10,2
2997,17,3,9
2998,17,11,16
2999,17,7,7
3000,17,0,10
3001,17,0,10
3002,17,1,18
3003,17,2,17
3004,17,2,17
3005,17,12,14
3006,17,0,10
3007,17,0,10
3008,17,0,10
3009,17,3,9
3010,17,7,7
3011,17,18,5
3012,17,1,18
3013,17,4,4
3014,17,3,9
3015,17,8,19
3016,17,8,19
3017,17,0,10
3018,17,0,10
3019,17,9,11
3020,17,4,4
3021,17,0,10
3022,17,1,18
3023,17,2,17
3024,17,2,17
3025,17,0,10
3026,17,2,17
3027,17,8,19
3028,17,3,9
3029,17,0,10
3030,17,1,18
3031,17,7,7
3032,17,3,9
3033,17,2,17
3034,17,3,9
3035,17,7,7
3036,17,2,17
3037,17,0,10
3038,17,3,9
3039,17,0,10
3040,17,0,10
3041,17,3,9
3042,17,3,9
3043,17,0,10
3044,17,18,5
3045,17,11,16
3046,17,10,2
3047,17,9,11
3048,17,1,18
3049,17,1,18
3050,17,0,10
3051,17,0,10
3052,17,12,14
3053,17,0,10
3054,17,0,10
3055,17,0,10
3056,17,1,18
3057,17,2,17
3058,17,3,9
3059,17,0,10
3060,17,0,10
3061,17,8,19
3062,17,0,10
3063,17,0,10
3064,17,12,14
3065,17,3,9
3066,17,0,10
3067,17,4,4
3068,17,3,9
3069,17,0,10
3070,17,1,18
3071,17,3,9
3072,17,0,10
3073,17,4,4
3074,17,11,16
3075,17,2,17
3076,17,0,10
3077,17,2,17
3078,17,12,14
3079,17,2,17
3080,17,4,4
3081,17,5,15
3082,17,3,9
3083,17,2,17
3084,17,0,10
3085,17,2,17
3086,17,0,10
3087,17,0,10
3088,17,0,10
3089,17,2,17
3090,17,3,9
3091,17,0,10
3092,17,0,10
3093,17,2,17
3094,17,6,6
3095,17,3,9
3096,17,2,17
3097,17,11,16
3098,17,12,14
3099,17,0,10
3100,17,12,14
3101,17,0,10
3102,17,0,10
3103,17,7,7
3104,17,1,18
3105,17,2,17
3106,17,0,10
3107,17,9,11
3108,17,2,17
3109,17,0,10
3110,17,0,10
3111,17,2,17
3112,17,4,4
3113,17,0,10
3114,17,3,9
3115,17,0,10
3116,17,9,11
3117,17,2,17
3118,17,3,9
3119,17,0,10
3120,17,2,17
3121,17,2,17
3122,17,0,10
3123,17,0,10
3124,17,2,17
3125,17,1,18
3126,17,6,6
3127,17,10,2
3128,17,7,7
3129,17,4,4
3130,17,0,10
3131,17,0,10
3132,17,3,9
3133,17,2,17
3134,17,6,6
3135,17,0,10
3136,17,2,17
3137,17,16,12
3138,17,3,9
3139,17,7,7
3140,17,3,9
3141,17,0,10
3142,17,0,10
3143,17,0,10
3144,17,2,17
3145,17,4,4
3146,17,11,16
3147,17,11,16
3148,17,0,10
3149,17,2,17
3150,17,14,13
3151,17,3,9
3152,17,0,10
3153,17,1,18
3154,17,0,10
3155,17,3,9
3156,17,0,10
3157,17,4,4
3158,17,2,17
3159,17,5,15
3160,17,2,17
3161,17,0,10
3162,17,7,7
3163,17,8,19
3164,17,3,9
3165,17,1,18
3166,17,0,10
3167,17,7,7
3168,17,3,9
3169,17,0,10
3170,17,0,10
3171,17,7,7
3172,17,3,9
3173,17,0,10
3174,17,0,10
3175,17,1,18
3176,17,0,10
3177,17,11,16
3178,17,0,10
3179,17,2,17
3180,17,3,9
3181,17,3,9
3182,17,0,10
3183,17,0,10
3184,17,10,2
3185,17,0,10
3186,17,1,18
3187,17,11,16
3188,17,3,9
3189,17,10,2
3190,17,0,10
3191,17,0,10
3192,17,0,10
3193,17,1,18
3194,17,0,10
3195,17,3,9
3196,17,2,17
3197,17,3,9
3198,17,12,14
3199,17,0,10
3200,17,9,11
3201,17,3,9
3202,17,7,7
3203,17,10,2
3204,17,0,10
3205,17,0,10
3206,17,3,9
3207,17,0,10
3208,17,0,10
3209,17,6,6
3210,17,7,7
3211,17,0,10
3212,17,3,9
3213,17,0,10
3214,17,3,9
3215,17,7,7
3216,17,6,6
3217,17,0,10
3218,17,3,9
3219,17,11,16
3220,17,11,16
3221,17,3,9
3222,17,1,18
3223,17,3,9
3224,17,1,18
3225,17,0,10
3226,17,0,10
3227,17,0,10
3228,17,1,18
3229,17,0,10
3230,17,0,10
3231,17,3,9
3232,17,0,10
3233,17,0,10
3234,17,3,9
3235,17,0,10
3236,17,0,10
3237,17,11,16
3238,17,2,17
3239,17,12,14
3240,17,11,16
3241,17,0,10
3242,17,3,9
3243,17,10,2
3244,17,0,10
3245,17,0,10
3246,17,11,16
3247,17,7,7
3248,17,0,10
3249,17,11,16
3250,17,7,7
3251,17,3,9
3252,17,0,10
3253,17,3,9
3254,17,0,10
3255,17,3,9
3256,17,0,10
3257,17,2,17
3258,17,0,10
3259,17,12,14
3260,17,0,10
3261,17,15,8
3262,17,0,10
3263,17,0,10
3264,17,7,7
3265,17,8,19
3266,17,0,10
3267,17,2,17
3268,17,9,11
3269,17,12,14
3270,17,7,7
3271,17,0,10
3272,17,1,18
3273,17,0,10
3274,17,3,9
3275,17,11,16
3276,17,0,10
3277,17,3,9
3278,17,0,10
3279,17,2,17
3280,17,0,10
3281,17,10,2
3282,17,11,16
3283,17,0,10
3284,17,8,19
3285,17,11,16
3286,17,12,14
3287,17,8,19
3288,17,3,9
3289,17,0,10
3290,17,18,5
3291,17,2,17
3292,17,2,17
3293,17,0,10
3294,17,4,4
3295,17,4,4
3296,17,11,16
3297,17,7,7
3298,17,0,10
3299,17,5,15
3300,17,0,10
3301,17,2,17
3302,17,2,17
3303,17,0,10
3304,17,0,10
3305,17,1,18
3306,17,15,8
3307,17,2,17
3308,17,0,10
3309,17,0,10
3310,17,0,10
3311,17,2,17
3312,17,2,17
3313,17,10,2
3314,17,1,18
3315,17,0,10
3316,17,5,15
3317,17,0,10
3318,17,1,18
3319,17,5,15
3320,17,0,10
3321,17,0,10
3322,17,9,11
3323,17,0,10
3324,17,10,2
3325,17,2,17
3326,17,18,5
3327,17,3,9
3328,17,3,9
3329,17,0,10
3330,17,0,10
3331,17,0,10
3332,17,1,18
3333,17,11,16
3334,17,9,11
3335,17,6,6
3336,17,3,9
3337,17,14,13
3338,17,5,15
3339,17,6,6
3340,17,2,17
3341,17,0,10
3342,17,0,10
3343,17,0,10
3344,17,1,18
3345,17,1,18
3346,17,2,17
3347,17,0,10
3348,17,2,17
3349,17,14,13
3350,17,7,7
3351,17,0,10
3352,17,1,18
3353,17,16,12
3354,17,2,17
3355,17,0,10
3356,17,1,18
3357,17,3,9
3358,17,0,10
3359,17,0,10
3360,17,0,10
3361,17,2,17
3362,17,0,10
3363,17,2,17
3364,17,1,18
3365,17,0,10
3366,17,3,9
3367,17,18,5
3368,17,11,16
3369,17,1,18
3370,17,12,14
3371,17,3,9
3372,17,12,14
3373,17,2,17
3374,17,0,10
3375,17,0,10
3376,17,0,10
3377,17,0,10
3378,17,0,10
3379,17,0,10
3380,17,6,6
3381,17,0,10
3382,17,3,9
3383,17,8,19
3384,17,0,10
3385,17,4,4
3386,17,0,10
3387,17,0,10
3388,17,2,17
3389,17,0,10
3390,17,7,7
3391,17,4,4
3392,17,11,16
3393,17,0,10
3394,17,3,9
3395,17,0,10
3396,17,12,14
3397,17,3,9
3398,17,2,17
3399,17,0,10
3400,17,9,11
3401,17,11,16
3402,17,7,7
3403,17,11,16
3404,17,0,10
3405,17,7,7
3406,17,2,17
3407,17,2,17
3408,17,0,10
3409,17,9,11
3410,17,0,10
3411,17,2,17
3412,17,2,17
3413,17,2,17
3414,17,7,7
3415,17,11,16
3416,17,0,10
3417,17,8,19
3418,17,11,16
3419,17,8,19
3420,17,3,9
3421,17,2,17
3422,17,5,15
3423,17,8,19
3424,17,9,11
3425,17,2,17
3426,17,11,16
3427,17,1,18
3428,17,2,17
3429,17,8,19
3430,17,2,17
3431,17,1,18
3432,17,0,10
3433,17,8,19
3434,17,10,2
3435,17,2,17
3436,17,3,9
3437,17,0,10
3438,17,1,18
3439,17,7,7
3440,17,1,18
3441,17,3,9
3442,17,2,17
3443,17,0,10
3444,17,3,9
3445,17,4,4
3446,17,2,17
3447,17,6,6
3448,17,2,17
3449,17,1,18
3450,17,0,10
3451,17,2,17
3452,17,0,10
3453,17,0,10
3454,17,3,9
3455,17,3,9
3456,17,6,6
3457,17,7,7
3458,17,11,16
3459,17,7,7
3460,17,3,9
3461,17,3,9
3462,17,0,10
3463,17,0,10
3464,17,3,9
3465,17,3,9
3466,17,5,15
3467,17,11,16
3468,17,14,13
3469,17,3,9
3470,17,0,10
3471,17,2,17
3472,17,2,17
3473,17,9,11
3474,17,12,14
3475,17,14,13
3476,17,17,1
3477,17,9,11
3478,17,3,9
3479,17,0,10
3480,17,0,10
3481,17,1,18
3482,17,0,10
3483,17,0,10
3484,17,7,7
3485,17,0,10
3486,17,0,10
3487,17,1,18
3488,17,2,17
3489,17,0,10
3490,17,2,17
3491,17,0,10
3492,17,8,19
3493,17,2,17
3494,17,11,16
3495,17,0,10
3496,17,7,7
3497,17,7,7
3498,17,0,10
3499,17,8,19
3500,17,0,10
3501,17,3,9
3502,17,10,2
3503,17,2,17
3504,17,8,19
3505,17,0,10
3506,17,3,9
3507,17,6,6
3508,17,11,16
3509,17,6,6
3510,17,3,9
3511,17,11,16
3512,17,0,10
3513,17,0,10
3514,17,0,10
3515,17,5,15
3516,17,3,9
3517,17,2,17
3518,17,7,7
3519,17,4,4
3520,17,0,10
3521,17,1,18
3522,17,5,15
3523,17,14,13
3524,17,0,10
3525,17,3,9
3526,17,0,10
3527,17,0,10
3528,17,2,17
3529,17,1,18
3530,17,6,6
3531,17,5,15
3532,17,1,18
3533,17,2,17
3534,17,0,10
3535,17,1,18
3536,17,4,4
3537,17,11,16
3538,17,3,9
3539,17,3,9
3540,17,0,10
3541,17,5,15
3542,17,12,14
3543,17,0,10
3544,17,16,12
3545,17,0,10
3546,17,10,2
3547,17,0,10
3548,17,0,10
3549,17,0,10
3550,17,2,17
3551,17,10,2
3552,17,17,1
3553,17,1,18
3554,17,2,17
3555,17,12,14
3556,17,0,10
3557,17,7,7
3558,17,4,4
3559,17,0,10
3560,17,0,10
3561,17,0,10
3562,17,3,9
3563,17,2,17
3564,17,0,10
3565,17,2,17
3566,17,4,4
3567,17,0,10
3568,17,15,8
3569,17,2,17
3570,17,0,10
3571,17,0,10
3572,17,2,17
3573,17,0,10
3574,17,0,10
3575,17,3,9
3576,17,0,10
3577,17,17,1
3578,17,11,16
3579,17,1,18
3580,17,0,10
3581,17,1,18
3582,17,3,9
3583,17,2,17
3584,17,1,18
3585,17,5,15
3586,17,8,19
3587,17,8,19
3588,17,7,7
3589,17,6,6
3590,17,0,10
3591,17,7,7
3592,17,5,15
3593,17,2,17
3594,17,8,19
3595,17,5,15
3596,17,0,10
3597,17,0,10
3598,17,11,16
3599,17,2,17
3600,17,0,10
3601,17,4,4
3602,17,0,10
3603,17,1,18
3604,17,0,10
3605,17,13,0
3606,17,4,4
3607,17,3,9
3608,17,0,10
3609,17,0,10
3610,17,0,10
3611,17,11,16
3612,17,0,10
3613,17,1,18
3614,17,3,9
3615,17,0,10
3616,17,4,4
3617,17,3,9
3618,17,8,19
3619,17,3,9
3620,17,8,19
3621,17,2,17
3622,17,2,17
3623,17,4,4
3624,17,2,17
3625,17,3,9
3626,17,5,15
3627,17,2,17
3628,17,2,17
3629,17,0,10
3630,17,1,18
3631,17,1,18
3632,17,0,10
3633,17,0,10
3634,17,3,9
3635,17,12,14
3636,17,2,17
3637,17,6,6
3638,17,2,17
3639,17,3,9
3640,17,2,17
3641,17,0,10
3642,17,0,10
3643,17,1,18
3644,17,7,7
3645,17,12,14
3646,17,1,18
3647,17,1,18
3648,17,0,10
3649,17,4,4
3650,17,8,19
3651,17,7,7
3652,17,3,9
3653,17,1,18
3654,17,3,9
3655,17,2,17
3656,17,0,10
3657,17,3,9
3658,17,3,9
3659,17,0,10
3660,17,14,13
3661,17,7,7
3662,17,9,11
3663,17,0,10
3664,17,1,18
3665,17,3,9
3666,17,2,17
3667,17,0,10
3668,17,4,4
3669,17,0,10
3670,17,0,10
3671,17,0,10
3672,17,1,18
3673,17,0,10
3674,17,0,10
3675,17,0,10
3676,17,0,10
3677,17,0,10
3678,17,1,18
3679,17,3,9
3680,17,3,9
3681,17,2,17
3682,17,16,12
3683,17,8,19
3684,17,1,18
3685,17,2,17
3686,17,0,10
3687,17,0,10
3688,17,4,4
3689,17,11,16
3690,17,8,19
3691,17,0,10
3692,17,14,13
3693,17,2,17
3694,17,2,17
3695,17,0,10
3696,17,0,10
3697,17,5,15
3698,17,2,17
3699,17,0,10
3700,17,2,17
3701,17,0,10
3702,17,3,9
3703,17,1,18
3704,17,0,10
3705,17,0,10
3706,17,5,15
3707,17,6,6
3708,17,0,10
3709,17,2,17
3710,17,0,10
3711,17,10,2
3712,17,1,18
3713,17,6,6
3714,17,7,7
3715,17,3,9
3716,17,0,10
3717,17,0,10
3718,17,0,10
3719,17,2,17
3720,17,0,10
3721,17,7,7
3722,17,1,18
3723,17,2,17
3724,17,17,1
3725,17,11,16
3726,17,0,10
3727,17,0,10
3728,17,0,10
3729,17,2,17
3730,17,0,10
3731,17,0,10
3732,17,2,17
3733,17,1,18
3734,17,10,2
3735,17,3,9
3736,17,0,10
3737,17,5,15
3738,17,1,18
3739,17,6,6
3740,17,0,10
3741,17,16,12
3742,17,3,9
3743,17,16,12
3744,17,0,10
3745,17,3,9
3746,17,2,17
3747,17,0,10
3748,17,16,12
3749,17,2,17
3750,17,5,15
3751,17,0,10
3752,17,0,10
3753,17,11,16
3754,17,2,17
3755,17,0,10
3756,17,1,18
3757,17,3,9
3758,17,11,16
3759,17,5,15
3760,17,12,14
3761,17,10,2
3762,17,17,1
3763,17,3,9
3764,17,0,10
3765,17,8,19
3766,17,0,10
3767,17,0,10
3768,17,3,9
3769,17,11,16
3770,17,3,9
3771,17,0,10
3772,17,0,10
3773,17,2,17
3774,17,0,10
3775,17,0,10
3776,17,1,18
3777,17,1,18
3778,17,1,18
3779,17,11,16
3780,17,10,2
3781,17,1,18
3782,17,18,5
3783,17,2,17
3784,17,0,10
3785,17,8,19
3786,17,18,5
3787,17,8,19
3788,17,0,10
3789,17,0,10
3790,17,3,9
3791,17,4,4
3792,17,11,16
3793,17,0,10
3794,17,8,19
3795,17,0,10
3796,17,5,15
3797,17,0,10
3798,17,0,10
3799,17,2,17
3800,17,2,17
3801,17,0,10
3802,17,3,9
3803,17,1,18
3804,17,0,10
3805,17,1,18
3806,17,0,10
3807,17,10,2
3808,17,2,17
3809,17,0,10
3810,17,2,17
3811,17,4,4
3812,17,0,10
3813,17,3,9
3814,17,2,17
3815,17,7,7
3816,17,11,16
3817,17,0,10
3818,17,5,15
3819,17,8,19
3820,17,0,10
3821,17,2,17
3822,17,0,10
3823,17,1,18
3824,17,2,17
3825,17,8,19
3826,17,3,9
3827,17,9,11
3828,17,4,4
3829,17,2,17
3830,17,3,9
3831,17,3,9
3832,17,3,9
3833,17,10,2
3834,17,0,10
3835,17,0,10
3836,17,5,15
3837,17,14,13
3838,17,0,10
3839,17,7,7
3840,17,11,16
3841,17,18,5
3842,17,0,10
3843,17,6,6
3844,17,0,10
3845,17,11,16
3846,17,2,17
3847,17,7,7
3848,17,7,7
3849,17,4,4
3850,17,0,10
3851,17,3,9
3852,17,0,10
3853,17,1,18
3854,17,0,10
3855,17,11,16
3856,17,0,10
3857,17,0,10
3858,17,0,10
3859,17,0,10
3860,17,1,18
3861,17,0,10
3862,17,0,10
3863,17,2,17
3864,17,0,10
3865,17,3,9
3866,17,0,10
3867,17,8,19
3868,17,0,10
3869,17,9,11
3870,17,0,10
3871,17,0,10
3872,17,1,18
3873,17,3,9
3874,17,11,16
3875,17,11,16
3876,17,0,10
3877,17,0,10
3878,17,3,9
3879,17,1,18
3880,17,2,17
3881,17,1,18
3882,17,7,7
3883,17,2,17
3884,17,0,10
3885,17,0,10
3886,17,0,10
3887,17,0,10
3888,17,0,10
3889,17,0,10
3890,17,1,18
3891,17,3,9
3892,17,0,10
3893,17,0,10
3894,17,7,7
3895,17,1,18
3896,17,5,15
3897,17,3,9
3898,17,9,11
3899,17,0,10
3900,17,0,10
3901,17,0,10
3902,17,0,10
3903,17,1,18
3904,17,2,17
3905,17,0,10
3906,17,0,10
3907,17,7,7
3908,17,0,10
3909,17,0,10
3910,17,16,12
3911,17,0,10
3912,17,3,9
3913,17,18,5
3914,17,7,7
3915,17,11,16
3916,17,4,4
3917,17,0,10
3918,17,0,10
3919,17,0,10
3920,17,5,15
3921,17,0,10
3922,17,4,4
3923,17,2,17
3924,17,4,4
3925,17,5,15
3926,17,0,10
3927,17,12,14
3928,17,1,18
3929,17,0,10
3930,17,3,9
3931,17,0,10
3932,17,10,2
3933,17,0,10
3934,17,0,10
3935,17,2,17
3936,17,5,15
3937,17,0,10
3938,17,1,18
3939,17,11,16
3940,17,0,10
3941,17,3,9
3942,17,2,17
3943,17,0,10
3944,17,2,17
3945,17,0,10
3946,17,4,4
3947,17,0,10
3948,17,2,17
3949,17,7,7
3950,18,0,10
3951,18,8,19
3952,18,3,9
3953,18,0,10
3954,18,2,17
3955,18,9,11
3956,18,2,17
3957,18,1,18
3958,18,7,7
3959,18,7,7
3960,18,0,10
3961,18,18,5
3962,18,2,17
3963,18,0,10
3964,18,0,10
3965,18,0,10
3966,18,0,10
3967,18,7,7
3968,18,2,17
3969,18,3,9
3970,18,5,15
3971,18,5,15
3972,18,7,7
3973,18,0,10
3974,18,4,4
3975,18,4,4
3976,18,0,10
3977,18,2,17
3978,18,5,15
3979,18,8,19
3980,18,2,17
3981,18,2,17
3982,18,0,10
3983,18,0,10
3984,18,2,17
3985,18,8,19
3986,18,0,10
3987,18,2,17
3988,18,0,10
3989,18,7,7
3990,18,16,12
3991,18,3,9
3992,18,3,9
3993,18,0,10
3994,18,1,18
3995,18,1,18
3996,18,5,15
3997,18,9,11
3998,18,0,10
3999,18,2,17
4000,18,0,10
4001,18,3,9
4002,18,0,10
4003,18,0,10
4004,18,0,10
4005,18,3,9
4006,18,6,6
4007,18,6,6
4008,18,11,16
4009,18,0,10
4010,18,0,10
4011,18,0,10
4012,18,2,17
4013,18,3,9
4014,18,17,1
4015,18,10,2
4016,18,0,10
4017,18,11,16
4018,18,2,17
4019,18,0,10
4020,18,2,17
4021,18,0,10
4022,18,0,10
4023,18,3,9
4024,18,0,10
4025,18,0,10
4026,18,10,2
4027,18,4,4
4028,18,2,17
4029,18,0,10
4030,18,0,10
4031,18,0,10
4032,18,11,16
4033,18,5,15
4034,18,1,18
4035,18,3,9
4036,18,3,9
4037,18,4,4
4038,18,0,10
4039,18,0,10
4040,18,0,10
4041,18,0,10
4042,18,0,10
4043,18,0,10
4044,18,3,9
4045,18,0,10
4046,18,2,17
4047,18,2,17
4048,18,14,13
4049,18,2,17
4050,18,0,10
4051,18,0,10
4052,18,0,10
4053,18,2,17
4054,18,4,4
4055,18,8,19
4056,18,1,18
4057,18,0,10
4058,18,3,9
4059,18,13,0
4060,18,3,9
4061,18,4,4
4062,18,2,17
4063,18,1,18
4064,18,2,17
4065,18,3,9
4066,18,0,10
4067,18,0,10
4068,18,0,10
4069,18,2,17
4070,18,3,9
4071,18,5,15
4072,18,1,18
4073,18,0,10
4074,18,0,10
4075,18,12,14
4076,18,3,9
4077,18,0,10
4078,18,0,10
4079,18,2,17
4080,18,2,17
4081,18,7,7
4082,18,0,10
4083,18,2,17
4084,18,0,10
4085,18,3,9
4086,18,7,7
4087,18,0,10
4088,18,11,16
4089,18,3,9
4090,18,2,17
4091,18,0,10
4092,18,13,0
4093,18,10,2
4094,18,0,10
4095,18,0,10
4096,18,2,17
4097,18,0,10
4098,18,1,18
4099,18,9,11
4100,18,3,9
4101,18,7,7
4102,18,3,9
4103,18,2,17
4104,18,5,15
4105,18,0,10
4106,18,0,10
4107,18,0,10
4108,18,5,15
4109,18,1,18
4110,18,0,10
4111,18,0,10
4112,18,3,9
4113,18,11,16
4114,18,2,17
4115,18,0,10
4116,18,1,18
4117,18,10,2
4118,18,4,4
4119,18,8,19
4120,18,0,10
4121,18,2,17
4122,18,2,17
4123,18,5,15
4124,18,3,9
4125,18,3,9
4126,18,2,17
4127,18,2,17
4128,18,4,4
4129,18,11,16
4130,18,2,17
4131,18,2,17
4132,18,3,9
4133,18,2,17
4134,18,0,10
4135,18,7,7
4136,18,8,19
4137,18,0,10
4138,18,0,10
4139,18,7,7
4140,18,3,9
4141,18,3,9
4142,18,3,9
4143,18,0,10
4144,18,0,10
4145,18,3,9
4146,18,3,9
4147,18,1,18
4148,18,0,10
4149,18,1,18
4150,18,8,19
4151,18,2,17
4152,18,0,10
4153,18,3,9
4154,18,5,15
4155,18,0,10
4156,18,2,17
4157,18,7,7
4158,18,6,6
4159,18,2,17
4160,18,3,9
4161,18,11,16
4162,18,0,10
4163,18,0,10
4164,18,2,17
4165,18,0,10
4166,18,5,15
4167,18,5,15
4168,18,2,17
4169,18,3,9
4170,18,13,0
4171,18,2,17
4172,18,0,10
4173,18,0,10
4174,18,6,6
4175,18,1,18
4176,18,0,10
4177,18,0,10
4178,18,0,10
4179,18,18,5
4180,18,2,17
4181,18,0,10
4182,18,0,10
4183,18,3,9
4184,18,3,9
4185,18,8,19
4186,18,7,7
4187,18,0,10
4188,18,8,19
4189,18,11,16
4190,18,0,10
4191,18,7,7
4192,18,6,6
4193,18,0,10
4194,18,2,17
4195,18,10,2
4196,18,0,10
4197,18,1,18
4198,18,5,15
4199,18,0,10
4200,18,0,10
4201,18,3,9
4202,18,1,18
4203,18,11,16
4204,18,12,14
4205,18,7,7
4206,18,1,18
4207,18,2,17
4208,18,3,9
4209,18,3,9
4210,18,2,17
4211,18,4,4
4212,18,2,17
4213,18,0,10
4214,18,10,2
4215,18,1,18
4216,18,0,10
4217,18,3,9
4218,18,0,10
4219,18,16,12
4220,18,0,10
4221,18,2,17
4222,18,14,13
4223,18,0,10
4224,18,4,4
4225,18,0,10
4226,18,8,19
4227,18,11,16
4228,18,0,10
4229,18,2,17
4230,18,2,17
4231,18,1,18
4232,18,3,9
4233,18,3,9
4234,18,7,7
4235,18,10,2
4236,18,14,13
4237,18,2,17
4238,18,12,14
4239,18,7,7
4240,18,8,19
4241,18,0,10
4242,18,3,9
4243,18,11,16
4244,18,1,18
4245,18,10,2
4246,18,8,19
4247,18,0,10
4248,18,1,18
4249,18,0,10
4250,18,0,10
4251,18,3,9
4252,18,3,9
4253,18,12,14
4254,18,4,4
4255,18,0,10
4256,18,3,9
4257,18,4,4
4258,18,17,1
4259,18,0,10
4260,18,0,10
4261,18,2,17
4262,18,5,15
4263,18,11,16
4264,18,0,10
4265,18,2,17
4266,18,0,10
4267,18,3,9
4268,18,0,10
4269,18,18,5
4270,18,1,18
4271,18,3,9
4272,18,5,15
4273,18,0,10
4274,18,1,18
4275,18,5,15
4276,18,0,10
4277,18,0,10
4278,18,3,9
4279,18,0,10
4280,18,7,7
4281,18,0,10
4282,18,4,4
4283,18,6,6
4284,18,5,15
4285,18,8,19
4286,18,0,10
4287,18,0,10
4288,18,3,9
4289,18,0,10
4290,18,0,10
4291,18,0,10
4292,18,2,17
4293,18,2,17
4294,18,2,17
4295,18,3,9
4296,18,1,18
4297,18,0,10
4298,18,18,5
4299,18,0,10
4300,18,11,16
4301,18,6,6
4302,18,7,7
4303,18,9,11
4304,18,1,18
4305,18,4,4
4306,18,3,9
4307,18,0,10
4308,18,0,10
4309,18,0,10
4310,18,0,10
4311,18,5,15
4312,18,0,10
4313,18,0,10
4314,18,3,9
4315,18,1,18
4316,18,11,16
4317,18,0,10
4318,18,0,10
4319,18,0,10
4320,18,2,17
4321,18,2,17
4322,18,5,15
4323,18,1,18
4324,18,3,9
4325,18,10,2
4326,18,18,5
4327,18,0,10
4328,18,5,15
4329,18,0,10
4330,18,1,18
4331,18,4,4
4332,18,0,10
4333,18,5,15
4334,18,3,9
4335,18,1,18
4336,18,2,17
4337,18,0,10
4338,18,0,10
4339,18,0,10
4340,18,0,10
4341,18,0,10
4342,18,3,9
4343,18,16,12
4344,18,1,18
4345,18,7,7
4346,18,2,17
4347,18,3,9
4348,18,1,18
4349,18,2,17
4350,18,3,9
4351,18,0,10
4352,18,11,16
4353,18,1,18
4354,18,1,18
4355,18,3,9
4356,18,5,15
4357,18,2,17
4358,18,0,10
4359,18,0,10
4360,18,2,17
4361,18,0,10
4362,18,0,10
4363,18,2,17
4364,18,0,10
4365,18,0,10
4366,18,0,10
4367,18,0,10
4368,18,0,10
4369,18,8,19
4370,18,4,4
4371,18,1,18
4372,18,7,7
4373,18,0,10
4374,18,3,9
4375,18,7,7
4376,18,9,11
4377,18,2,17
4378,18,7,7
4379,18,4,4
4380,18,18,5
4381,18,2,17
4382,18,2,17
4383,18,6,6
4384,18,2,17
4385,18,14,13
4386,18,3,9
4387,18,11,16
4388,18,3,9
4389,18,0,10
4390,18,3,9
4391,18,0,10
4392,18,5,15
4393,18,0,10
4394,18,0,10
4395,18,2,17
4396,18,0,10
4397,18,4,4
4398,18,0,10
4399,18,0,10
4400,18,0,10
4401,18,2,17
4402,18,1,18
4403,18,2,17
4404,18,0,10
4405,18,0,10
4406,18,3,9
4407,18,0,10
4408,18,2,17
4409,18,0,10
4410,18,0,10
4411,18,8,19
4412,18,0,10
4413,18,1,18
4414,18,2,17
4415,18,2,17
4416,18,8,19
4417,18,2,17
4418,18,9,11
4419,18,11,16
4420,18,2,17
4421,18,0,10
4422,18,2,17
4423,18,2,17
4424,18,14,13
4425,18,7,7
4426,18,9,11
4427,18,4,4
4428,18,11,16
4429,18,6,6
4430,18,8,19
4431,18,3,9
4432,18,3,9
4433,18,0,10
4434,18,0,10
4435,18,0,10
4436,18,3,9
4437,18,2,17
4438,18,0,10
4439,18,7,7
4440,18,0,10
4441,18,8,19
4442,18,6,6
4443,18,2,17
4444,18,5,15
4445,18,2,17
4446,18,9,11
4447,18,5,15
4448,18,2,17
4449,18,2,17
4450,18,2,17
4451,18,3,9
4452,18,0,10
4453,18,0,10
4454,18,2,17
4455,18,2,17
4456,18,4,4
4457,18,6,6
4458,18,0,10
4459,18,14,13
4460,18,0,10
4461,18,2,17
4462,18,0,10
4463,18,2,17
4464,18,4,4
4465,18,3,9
4466,18,1,18
4467,18,0,10
4468,18,11,16
4469,18,3,9
4470,18,3,9
4471,18,0,10
4472,18,0,10
4473,18,0,10
4474,18,0,10
4475,18,0,10
4476,18,7,7
4477,18,1,18
4478,18,0,10
4479,18,0,10
4480,18,2,17
4481,18,0,10
4482,18,3,9
4483,18,7,7
4484,18,0,10
4485,18,0,10
4486,18,4,4
4487,18,0,10
4488,18,0,10
4489,18,12,14
4490,18,1,18
4491,18,16,12
4492,18,2,17
4493,18,17,1
4494,18,6,6
4495,18,1,18
4496,18,1,18
4497,18,0,10
4498,18,0,10
4499,18,8,19
4500,18,6,6
4501,18,0,10
4502,18,3,9
4503,18,2,17
4504,18,3,9
4505,18,0,10
4506,18,0,10
4507,18,0,10
4508,18,4,4
4509,18,0,10
4510,18,0,10
4511,18,3,9
4512,18,7,7
4513,18,2,17
4514,18,2,17
4515,18,6,6
4516,18,5,15
4517,18,10,2
4518,18,2,17
4519,18,8,19
4520,18,3,9
4521,18,3,9
4522,18,0,10
4523,18,16,12
4524,18,4,4
4525,18,0,10
4526,18,0,10
4527,18,5,15
4528,18,2,17
4529,18,7,7
4530,18,1,18
4531,18,0,10
4532,18,0,10
4533,18,0,10
4534,18,2,17
4535,18,2,17
4536,18,0,10
4537,18,1,18
4538,18,0,10
4539,18,5,15
4540,18,1,18
4541,18,16,12
4542,18,0,10
4543,18,0,10
4544,18,7,7
4545,18,2,17
4546,18,11,16
4547,18,2,17
4548,18,0,10
4549,18,0,10
4550,18,0,10
4551,18,4,4
4552,18,5,15
4553,18,10,2
4554,18,0,10
4555,18,0,10
4556,18,0,10
4557,18,3,9
4558,18,11,16
4559,18,5,15
4560,18,12,14
4561,18,0,10
4562,18,8,19
4563,18,3,9
4564,18,9,11
4565,18,5,15
4566,18,5,15
4567,18,2,17
4568,18,11,16
4569,18,0,10
4570,18,4,4
4571,18,0,10
4572,18,0,10
4573,18,3,9
4574,18,0,10
4575,18,4,4
4576,18,8,19
4577,18,0,10
4578,18,0,10
4579,18,3,9
4580,18,0,10
4581,18,0,10
4582,18,0,10
4583,18,11,16
4584,18,13,0
4585,18,2,17
4586,18,0,10
4587,18,0,10
4588,18,2,17
4589,18,6,6
4590,18,4,4
4591,18,3,9
4592,18,7,7
4593,18,2,17
4594,18,0,10
4595,18,17,1
4596,18,7,7
4597,18,0,10
4598,18,0,10
4599,18,0,10
4600,18,1,18
4601,18,3,9
4602,18,2,17
4603,18,3,9
4604,18,3,9
4605,18,3,9
4606,18,0,10
4607,18,4,4
4608,18,14,13
4609,18,3,9
4610,18,11,16
4611,18,1,18
4612,18,2,17
4613,18,0,10
4614,18,11,16
4615,18,2,17
4616,18,0,10
4617,18,3,9
4618,18,18,5
4619,18,11,16
4620,18,0,10
4621,18,5,15
4622,18,3,9
4623,18,10,2
4624,18,7,7
4625,18,5,15
4626,18,0,10
4627,18,6,6
4628,18,2,17
4629,18,8,19
4630,18,6,6
4631,18,0,10
4632,18,1,18
4633,18,0,10
4634,18,14,13
4635,18,0,10
4636,18,3,9
4637,18,10,2
4638,18,2,17
4639,18,0,10
4640,18,0,10
4641,18,0,10
4642,18,0,10
4643,18,11,16
4644,18,3,9
4645,18,8,19
4646,18,0,10
4647,18,3,9
4648,18,14,13
4649,18,0,10
4650,18,0,10
4651,18,4,4
4652,18,2,17
4653,18,0,10
4654,18,9,11
4655,18,0,10
4656,18,5,15
4657,18,2,17
4658,18,7,7
4659,18,3,9
4660,18,0,10
4661,18,0,10
4662,18,0,10
4663,18,0,10
4664,18,0,10
4665,18,14,13
4666,18,0,10
4667,18,3,9
4668,18,0,10
4669,18,0,10
4670,18,0,10
4671,18,5,15
4672,18,0,10
4673,18,3,9
4674,18,0,10
4675,18,10,2
4676,18,9,11
4677,18,2,17
4678,18,3,9
4679,18,3,9
4680,18,0,10
4681,18,5,15
4682,18,10,2
4683,18,4,4
4684,18,2,17
4685,18,7,7
4686,18,0,10
4687,18,0,10
4688,18,1,18
4689,18,7,7
4690,18,18,5
4691,18,11,16
4692,18,0,10
4693,18,7,7
4694,18,3,9
4695,18,2,17
4696,18,3,9
4697,18,8,19
4698,18,7,7
4699,18,0,10
4700,18,3,9
4701,18,8,19
4702,18,11,16
4703,18,5,15
4704,18,3,9
4705,18,11,16
4706,18,0,10
4707,18,2,17
4708,18,2,17
4709,18,11,16
4710,18,2,17
4711,18,0,10
4712,18,1,18
4713,18,0,10
4714,18,2,17
4715,18,0,10
4716,18,3,9
4717,18,7,7
4718,18,0,10
4719,18,7,7
4720,18,4,4
4721,18,3,9
4722,18,2,17
4723,18,11,16
4724,18,4,4
4725,18,15,8
4726,18,0,10
4727,18,2,17
4728,18,7,7
4729,18,0,10
4730,18,2,17
4731,18,0,10
4732,18,2,17
4733,18,11,16
4734,18,2,17
4735,18,10,2
4736,18,0,10
4737,18,0,10
4738,18,10,2
4739,18,2,17
4740,18,11,16
4741,18,0,10
4742,18,2,17
4743,18,3,9
4744,18,8,19
4745,18,0,10
4746,18,11,16
4747,18,10,2
4748,18,14,13
4749,18,0,10
4750,18,0,10
4751,18,2,17
4752,18,3,9
4753,18,1,18
4754,18,3,9
4755,18,3,9
4756,18,0,10
4757,18,3,9
4758,18,7,7
4759,18,2,17
4760,18,0,10
4761,18,3,9
4762,18,0,10
4763,18,3,9
4764,18,0,10
4765,18,0,10
4766,18,11,16
4767,18,3,9
4768,18,14,13
4769,18,5,15
4770,18,3,9
4771,18,3,9
4772,18,8,19
4773,18,0,10
4774,18,0,10
4775,18,10,2
4776,18,4,4
4777,18,0,10
4778,18,11,16
4779,18,5,15
4780,18,3,9
4781,18,11,16
4782,18,18,5
4783,18,2,17
4784,18,0,10
4785,18,2,17
4786,18,1,18
4787,18,0,10
4788,18,2,17
4789,18,2,17
4790,18,0,10
4791,18,1,18
4792,18,10,2
4793,18,9,11
4794,18,2,17
4795,18,1,18
4796,18,3,9
4797,18,0,10
4798,18,0,10
4799,18,0,10
4800,18,3,9
4801,18,0,10
4802,18,9,11
4803,18,14,13
4804,18,7,7
4805,18,2,17
4806,18,0,10
4807,18,1,18
4808,18,8,19
4809,18,0,10
4810,18,0,10
4811,18,4,4
4812,18,2,17
4813,18,1,18
4814,18,0,10
4815,18,3,9
4816,18,7,7
4817,18,5,15
4818,18,5,15
4819,18,3,9
4820,18,0,10
4821,18,2,17
4822,18,8,19
4823,18,0,10
4824,18,7,7
4825,18,0,10
4826,18,0,10
4827,18,2,17
4828,18,0,10
4829,18,0,10
4830,18,8,19
4831,18,0,10
4832,18,3,9
4833,18,2,17
4834,18,0,10
4835,18,0,10
4836,18,7,7
4837,18,2,17
4838,18,0,10
4839,18,3,9
4840,18,3,9
4841,18,3,9
4842,18,1,18
4843,18,10,2
4844,18,0,10
4845,18,0,10
4846,18,3,9
4847,18,5,15
4848,18,4,4
4849,18,8,19
4850,18,0,10
4851,18,3,9
4852,18,2,17
4853,18,6,6
4854,18,0,10
4855,18,0,10
4856,18,0,10
4857,18,0,10
4858,18,8,19
4859,18,0,10
4860,18,18,5
4861,18,8,19
4862,18,7,7
4863,18,5,15
4864,18,5,15
4865,18,3,9
4866,18,7,7
4867,18,0,10
4868,18,2,17
4869,18,3,9
4870,18,3,9
4871,18,2,17
4872,18,3,9
4873,18,3,9
4874,18,0,10
4875,18,10,2
4876,18,0,10
4877,18,0,10
4878,18,0,10
4879,18,2,17
4880,18,7,7
4881,18,7,7
4882,18,14,13
4883,18,0,10
4884,18,1,18
4885,18,11,16
4886,18,1,18
4887,18,6,6
4888,18,0,10
4889,18,2,17
4890,18,18,5
4891,18,0,10
4892,18,0,10
4893,18,0,10
4894,18,11,16
4895,18,3,9
4896,18,1,18
4897,18,0,10
4898,18,2,17
4899,18,12,14
4900,18,2,17
4901,18,0,10
4902,18,8,19
4903,18,7,7
4904,18,3,9
4905,18,0,10
4906,18,1,18
4907,18,0,10
4908,18,0,10
4909,18,0,10
4910,18,0,10
4911,18,0,10
4912,18,2,17
4913,18,4,4
4914,18,0,10
4915,18,0,10
4916,18,14,13
4917,18,8,19
4918,18,0,10
4919,18,5,15
4920,18,0,10
4921,18,0,10
4922,18,0,10
4923,18,5,15
4924,18,10,2
4925,18,0,10
4926,18,4,4
4927,18,0,10
4928,18,2,17
4929,18,0,10
4930,18,15,8
4931,18,0,10
4932,18,0,10
4933,18,0,10
4934,18,0,10
4935,18,0,10
4936,18,0,10
4937,18,4,4
4938,18,0,10
4939,18,0,10
4940,18,2,17
4941,18,0,10
4942,18,0,10
4943,18,3,9
4944,18,12,14
4945,18,5,15
4946,18,0,10
4947,18,0,10
4948,18,0,10
4949,18,6,6
4950,18,3,9
4951,18,2,17
4952,18,4,4
4953,18,10,2
4954,18,1,18
4955,18,0,10
4956,18,2,17
4957,18,0,10
4958,18,0,10
4959,18,2,17
4960,18,10,2
4961,18,3,9
4962,18,0,10
4963,18,17,1
4964,18,0,10
4965,18,5,15
4966,18,4,4
4967,18,8,19
4968,18,1,18
4969,18,3,9
4970,18,8,19
4971,18,3,9
4972,18,0,10
4973,18,0,10
4974,18,16,12
4975,18,2,17
4976,18,2,17
4977,18,2,17
4978,18,3,9
4979,18,14,13
4980,18,14,13
4981,18,8,19
4982,18,7,7
4983,18,1,18
4984,18,2,17
4985,18,3,9
4986,18,2,17
4987,18,0,10
4988,18,1,18
4989,18,0,10
4990,18,1,18
4991,18,2,17
4992,18,3,9
4993,18,3,9
4994,18,2,17
4995,18,0,10
4996,18,12,14
4997,18,3,9
4998,18,7,7
4999,18,8,19
5000,18,3,9
5001,18,2,17
5002,18,1,18
5003,18,0,10
5004,18,0,10
5005,18,2,17
5006,18,0,10
5007,18,2,17
5008,18,2,17
5009,18,7,7
5010,18,7,7
5011,18,5,15
5012,18,2,17
5013,18,0,10
5014,18,2,17
5015,18,0,10
5016,18,1,18
5017,18,2,17
5018,18,8,19
5019,18,0,10
5020,18,8,19
5021,18,2,17
5022,18,4,4
5023,18,2,17
5024,18,1,18
5025,18,2,17
5026,18,7,7
5027,18,2,17
5028,18,0,10
5029,18,3,9
5030,18,5,15
5031,18,0,10
5032,18,3,9
5033,18,0,10
5034,18,0,10
5035,18,5,15
5036,18,0,10
5037,18,0,10
5038,18,0,10
5039,18,0,10
5040,18,10,2
5041,18,1,18
5042,18,0,10
5043,18,0,10
5044,18,0,10
5045,18,3,9
5046,18,2,17
5047,18,4,4
5048,18,3,9
5049,18,5,15
5050,18,2,17
5051,18,2,17
5052,18,1,18
5053,18,3,9
5054,18,1,18
5055,18,1,18
5056,18,1,18
5057,18,2,17
5058,18,1,18
5059,18,4,4
5060,18,14,13
5061,18,1,18
5062,18,0,10
5063,18,3,9
5064,18,8,19
5065,18,1,18
5066,18,8,19
5067,18,1,18
5068,18,16,12
5069,18,0,10
5070,18,1,18
5071,18,1,18
5072,18,6,6
5073,18,2,17
5074,18,1,18
5075,18,7,7
5076,18,2,17
5077,18,15,8
5078,18,9,11
5079,18,2,17
5080,18,18,5
5081,18,4,4
5082,18,1,18
5083,18,3,9
5084,18,1,18
5085,18,1,18
5086,18,2,17
5087,18,0,10
5088,18,1,18
5089,18,4,4
5090,18,18,5
5091,18,11,16
5092,18,11,16
5093,18,2,17
5094,18,4,4
5095,18,3,9
5096,18,9,11
5097,18,0,10
5098,18,0,10
5099,18,3,9
5100,18,4,4
5101,18,3,9
5102,18,7,7
5103,18,5,15
5104,18,1,18
5105,18,2,17
5106,18,1,18
5107,18,2,17
5108,18,2,17
5109,18,3,9
5110,18,0,10
5111,18,4,4
5112,18,10,2
5113,18,9,11
5114,18,4,4
5115,18,9,11
5116,18,2,17
5117,18,2,17
5118,18,1,18
5119,18,1,18
5120,18,7,7
5121,18,4,4
5122,18,4,4
5123,18,0,10
5124,18,1,18
5125,18,2,17
5126,18,0,10
5127,18,11,16
5128,18,9,11
5129,18,2,17
5130,18,8,19
5131,18,3,9
5132,18,0,10
5133,18,3,9
5134,18,1,18
5135,18,0,10
5136,18,1,18
5137,18,4,4
5138,18,11,16
5139,18,11,16
5140,18,8,19
5141,18,7,7
5142,18,9,11
5143,18,10,2
5144,18,10,2
5145,18,16,12
5146,18,0,10
5147,18,16,12
5148,18,1,18
5149,18,9,11
5150,18,1,18
5151,18,3,9
5152,18,1,18
5153,18,11,16
5154,18,14,13
5155,18,0,10
5156,18,0,10
5157,18,11,16
5158,18,4,4
5159,18,10,2
5160,18,1,18
5161,18,2,17
5162,18,1,18
5163,18,16,12
5164,18,2,17
5165,18,3,9
5166,18,1,18
5167,18,1,18
5168,18,4,4
5169,18,0,10
5170,18,1,18
5171,18,18,5
5172,18,0,10
5173,18,1,18
5174,18,1,18
5175,18,6,6
5176,18,0,10
5177,18,1,18
5178,18,4,4
5179,18,8,19
5180,18,0,10
5181,18,3,9
5182,18,1,18
5183,18,0,10
5184,18,1,18
5185,18,2,17
5186,18,14,13
5187,18,5,15
5188,18,17,1
5189,18,2,17
5190,18,0,10
5191,18,1,18
5192,18,1,18
5193,18,0,10
5194,18,0,10
5195,18,1,18
5196,18,6,6
5197,18,0,10
5198,18,1,18
5199,18,1,18
5200,18,7,7
5201,18,0,10
5202,18,1,18
5203,18,4,4
5204,18,3,9
5205,18,14,13
5206,18,1,18
5207,18,2,17
5208,18,4,4
5209,18,11,16
5210,18,0,10
5211,18,4,4
5212,18,3,9
5213,18,10,2
5214,18,6,6
5215,18,0,10
5216,18,6,6
5217,18,2,17
5218,18,0,10
5219,18,2,17
5220,18,1,18
5221,18,17,1
5222,18,3,9
5223,18,2,17
5224,18,10,2
5225,18,1,18
5226,18,9,11
5227,18,1,18
5228,18,0,10
5229,18,6,6
5230,18,15,8
5231,18,6,6
5232,18,0,10
5233,18,1,18
5234,18,0,10
5235,18,0,10
5236,18,1,18
5237,18,2,17
5238,18,2,17
5239,18,0,10
5240,18,1,18
5241,18,6,6
5242,18,5,15
5243,18,7,7
5244,18,2,17
5245,18,2,17
5246,18,1,18
5247,18,15,8
5248,18,2,17
5249,18,1,18
5250,18,0,10
5251,18,1,18
5252,18,8,19
5253,18,0,10
5254,18,18,5
5255,18,6,6
5256,18,9,11
5257,18,3,9
5258,18,2,17
5259,18,2,17
5260,18,17,1
5261,18,2,17
5262,18,1,18
5263,18,2,17
5264,18,2,17
5265,18,4,4
5266,18,8,19
5267,18,4,4
5268,18,0,10
5269,18,3,9
5270,18,0,10
5271,18,9,11
5272,18,1,18
5273,18,2,17
5274,18,1,18
5275,18,0,10
5276,18,11,16
5277,18,3,9
5278,18,0,10
5279,18,2,17
5280,18,3,9
5281,18,9,11
5282,18,1,18
5283,18,0,10
5284,18,3,9
5285,18,1,18
5286,18,2,17
5287,18,2,17
5288,18,3,9
5289,18,1,18
5290,18,2,17
5291,18,4,4
5292,18,6,6
5293,18,15,8
5294,18,0,10
5295,18,0,10
5296,18,1,18
5297,18,1,18
5298,18,0,10
5299,18,6,6
5300,18,15,8
5301,18,4,4
5302,18,7,7
5303,18,9,11
5304,18,9,11
5305,18,1,18
5306,18,3,9
5307,18,1,18
5308,18,2,17
5309,18,1,18
5310,18,1,18
5311,18,1,18
5312,18,8,19
5313,18,0,10
5314,18,7,7
5315,18,14,13
5316,18,1,18
5317,18,2,17
5318,18,0,10
5319,18,0,10
5320,18,3,9
5321,18,4,4
5322,18,1,18
5323,18,7,7
5324,18,2,17
5325,18,2,17
5326,18,6,6
5327,18,0,10
5328,18,4,4
5329,18,1,18
5330,18,1,18
5331,18,2,17
5332,18,2,17
5333,18,7,7
5334,18,2,17
5335,18,1,18
5336,18,6,6
5337,18,4,4
5338,18,2,17
5339,18,15,8
5340,18,3,9
5341,18,3,9
5342,18,0,10
5343,18,2,17
5344,18,5,15
5345,18,1,18
5346,18,3,9
5347,18,5,15
5348,18,1,18
5349,18,0,10
5350,18,1,18
5351,18,0,10
5352,18,0,10
5353,18,4,4
5354,18,5,15
5355,18,1,18
5356,18,1,18
5357,18,9,11
5358,18,5,15
5359,18,0,10
5360,18,0,10
5361,18,15,8
5362,18,1,18
5363,18,1,18
5364,18,12,14
5365,18,9,11
5366,18,3,9
5367,18,0,10
5368,18,0,10
5369,18,0,10
5370,18,11,16
5371,18,6,6
5372,18,16,12
5373,18,4,4
5374,18,0,10
5375,18,10,2
5376,18,3,9
5377,18,0,10
5378,18,4,4
5379,18,1,18
5380,18,15,8
5381,18,6,6
5382,18,18,5
5383,18,4,4
5384,18,15,8
5385,18,6,6
5386,18,3,9
5387,18,1,18
5388,18,3,9
5389,18,2,17
5390,18,1,18
5391,18,0,10
5392,18,7,7
5393,18,5,15
5394,18,1,18
5395,18,3,9
5396,18,3,9
5397,18,0,10
5398,18,8,19
5399,18,1,18
5400,18,1,18
5401,18,1,18
5402,18,1,18
5403,18,4,4
5404,18,1,18
5405,18,4,4
5406,18,0,10
5407,18,2,17
5408,18,7,7
5409,18,0,10
5410,18,6,6
5411,18,0,10
5412,18,2,17
5413,18,12,14
5414,18,1,18
5415,18,6,6
5416,18,1,18
5417,18,2,17
5418,18,6,6
5419,18,5,15
5420,18,4,4
5421,18,18,5
5422,18,0,10
5423,18,0,10
5424,18,0,10
5425,18,8,19
5426,18,8,19
5427,18,5,15
5428,18,16,12
5429,18,0,10
5430,18,0,10
5431,18,1,18
5432,18,3,9
5433,18,4,4
5434,18,1,18
5435,18,4,4
5436,18,12,14
5437,18,4,4
5438,18,3,9
5439,18,7,7
5440,18,0,10
5441,18,0,10
5442,18,1,18
5443,18,4,4
5444,18,0,10
5445,18,0,10
5446,18,6,6
5447,18,10,2
5448,18,2,17
5449,18,2,17
5450,18,15,8
5451,18,3,9
5452,18,1,18
5453,18,0,10
5454,18,12,14
5455,18,6,6
5456,18,1,18
5457,18,0,10
5458,18,4,4
5459,18,0,10
5460,18,1,18
5461,18,8,19
5462,18,3,9
5463,18,0,10
5464,18,2,17
5465,18,2,17
5466,18,3,9
5467,18,0,10
5468,18,0,10
5469,18,3,9
5470,18,1,18
5471,18,0,10
5472,18,17,1
5473,18,2,17
5474,18,15,8
5475,18,8,19
5476,18,2,17
5477,18,4,4
5478,18,4,4
5479,18,15,8
5480,18,9,11
5481,18,1,18
5482,18,4,4
5483,18,1,18
5484,18,2,17
5485,18,1,18
5486,18,3,9
5487,18,3,9
5488,18,18,5
5489,18,3,9
5490,18,1,18
5491,18,3,9
5492,18,16,12
5493,18,4,4
5494,18,1,18
5495,18,1,18
5496,18,1,18
5497,18,1,18
5498,18,1,18
5499,18,3,9
5500,18,9,11
5501,18,1,18
5502,18,10,2
5503,18,1,18
5504,18,0,10
5505,18,0,10
5506,18,1,18
5507,18,3,9
5508,18,18,5
5509,18,0,10
5510,18,10,2
5511,18,5,15
5512,18,5,15
5513,18,0,10
5514,18,1,18
5515,18,14,13
5516,18,4,4
5517,18,6,6
5518,18,1,18
5519,18,0,10
5520,18,0,10
5521,18,1,18
5522,18,10,2
5523,18,2,17
5524,18,1,18
5525,18,0,10
5526,18,4,4
5527,18,10,2
5528,18,4,4
5529,18,2,17
5530,18,0,10
5531,18,2,17
5532,18,3,9
5533,18,4,4
5534,18,3,9
5535,18,2,17
5536,18,15,8
5537,18,6,6
5538,18,5,15
5539,18,1,18
5540,18,4,4
5541,18,12,14
5542,18,1,18
5543,18,1,18
5544,18,8,19
5545,18,0,10
5546,18,11,16
5547,18,0,10
5548,18,3,9
5549,18,6,6
5550,18,5,15
5551,18,0,10
5552,18,0,10
5553,18,2,17
5554,18,18,5
5555,18,1,18
5556,18,3,9
5557,18,6,6
5558,18,3,9
5559,18,11,16
5560,18,1,18
5561,18,1,18
5562,18,3,9
5563,18,9,11
5564,18,14,13
5565,18,2,17
5566,18,10,2
5567,18,1,18
5568,18,4,4
5569,18,1,18
5570,18,17,1
5571,18,6,6
5572,18,7,7
5573,18,2,17
5574,18,9,11
5575,18,2,17
5576,18,0,10
5577,18,4,4
5578,18,1,18
5579,18,18,5
5580,18,17,1
5581,18,4,4
5582,18,5,15
5583,18,3,9
5584,18,2,17
5585,18,2,17
5586,18,2,17
5587,18,5,15
5588,18,17,1
5589,18,15,8
5590,18,15,8
5591,18,10,2
5592,18,0,10
5593,18,1,18
5594,18,0,10
5595,18,2,17
5596,18,6,6
5597,18,2,17
5598,18,12,14
5599,18,0,10
5600,18,6,6
5601,18,6,6
5602,18,11,16
5603,18,11,16
5604,18,9,11
5605,18,6,6
5606,18,4,4
5607,18,4,4
5608,18,3,9
5609,18,0,10
5610,18,1,18
5611,18,11,16
5612,18,2,17
5613,18,4,4
5614,18,4,4
5615,18,0,10
5616,18,12,14
5617,18,4,4
5618,18,1,18
5619,18,4,4
5620,18,9,11
5621,18,1,18
5622,18,7,7
5623,18,1,18
5624,18,0,10
5625,18,18,5
5626,18,4,4
5627,18,12,14
5628,18,2,17
5629,18,1,18
5630,18,3,9
5631,18,3,9
5632,18,4,4
5633,18,1,18
5634,18,1,18
5635,18,17,1
5636,18,2,17
5637,18,0,10
5638,18,7,7
5639,18,0,10
5640,18,0,10
5641,18,1,18
5642,18,14,13
5643,18,8,19
5644,18,7,7
5645,18,4,4
5646,18,10,2
5647,18,0,10
5648,18,1,18
5649,18,4,4
5650,18,18,5
5651,18,5,15
5652,18,10,2
5653,18,4,4
5654,18,1,18
5655,18,6,6
5656,18,1,18
5657,18,15,8
5658,18,0,10
5659,18,14,13
5660,18,10,2
5661,18,1,18
5662,18,1,18
5663,18,4,4
5664,18,7,7
5665,18,0,10
5666,18,2,17
5667,18,15,8
5668,18,4,4
5669,18,1,18
5670,18,0,10
5671,18,5,15
5672,18,1,18
5673,18,2,17
5674,18,2,17
5675,18,11,16
5676,18,2,17
5677,18,1,18
5678,18,9,11
5679,18,3,9
5680,18,1,18
5681,18,0,10
5682,18,5,15
5683,18,6,6
5684,18,0,10
5685,18,14,13
5686,18,3,9
5687,18,11,16
5688,18,8,19
5689,18,10,2
5690,18,10,2
5691,18,2,17
5692,18,0,10
5693,18,0,10
5694,18,14,13
5695,18,0,10
5696,18,4,4
5697,18,1,18
5698,18,2,17
5699,18,9,11
5700,18,8,19
5701,18,9,11
5702,18,6,6
5703,18,9,11
5704,18,2,17
5705,18,15,8
5706,18,15,8
5707,18,0,10
5708,18,1,18
5709,18,10,2
5710,18,4,4
5711,18,5,15
5712,18,9,11
5713,18,1,18
5714,18,0,10
5715,18,1,18
5716,18,2,17
5717,18,2,17
5718,18,10,2
5719,18,3,9
5720,18,3,9
5721,18,4,4
5722,18,1,18
5723,18,9,11
5724,18,8,19
5725,18,2,17
5726,18,1,18
5727,18,4,4
5728,18,18,5
5729,18,8,19
5730,18,1,18
5731,18,0,10
5732,18,8,19
5733,18,1,18
5734,18,8,19
5735,18,4,4
5736,18,8,19
5737,18,14,13
5738,18,7,7
5739,18,4,4
5740,18,1,18
5741,18,3,9
5742,18,9,11
5743,18,2,17
5744,18,1,18
5745,18,2,17
5746,18,1,18
5747,18,3,9
5748,18,0,10
5749,18,3,9
5750,18,2,17
5751,18,12,14
5752,18,3,9
5753,18,18,5
5754,18,14,13
5755,18,2,17
5756,18,1,18
5757,18,3,9
5758,18,0,10
5759,18,0,10
5760,18,0,10
5761,18,2,17
5762,18,17,1
5763,18,4,4
5764,18,8,19
5765,18,2,17
5766,18,2,17
5767,18,1,18
5768,18,0,10
5769,18,1,18
5770,18,1,18
5771,18,6,6
5772,18,4,4
5773,18,9,11
5774,18,0,10
5775,18,11,16
5776,18,5,15
5777,18,18,5
5778,18,6,6
5779,18,0,10
5780,18,1,18
5781,18,3,9
5782,18,3,9
5783,18,9,11
5784,18,16,12
5785,18,6,6
5786,18,2,17
5787,18,3,9
5788,18,6,6
5789,18,5,15
5790,18,4,4
5791,18,1,18
5792,18,9,11
5793,18,1,18
5794,18,4,4
5795,18,2,17
5796,18,9,11
5797,18,15,8
5798,18,11,16
5799,18,2,17
5800,18,0,10
5801,18,4,4
5802,18,4,4
5803,18,1,18
5804,18,5,15
5805,18,0,10
5806,18,6,6
5807,18,12,14
5808,18,7,7
5809,18,8,19
5810,18,14,13
5811,18,5,15
5812,18,14,13
5813,18,2,17
5814,18,3,9
5815,18,0,10
5816,18,0,10
5817,18,16,12
5818,18,0,10
5819,18,10,2
5820,18,15,8
5821,18,2,17
5822,18,15,8
5823,18,3,9
5824,18,1,18
5825,18,1,18
5826,18,10,2
5827,18,7,7
5828,18,1,18
5829,18,0,10
5830,18,9,11
5831,18,0,10
5832,18,1,18
5833,18,18,5
5834,18,2,17
5835,18,14,13
5836,18,0,10
5837,18,6,6
5838,18,0,10
5839,18,1,18
5840,18,0,10
5841,18,5,15
5842,18,7,7
5843,18,6,6
5844,18,9,11
5845,18,1,18
5846,18,6,6
5847,18,9,11
5848,18,1,18
5849,18,0,10
5850,18,1,18
5851,18,1,18
5852,18,1,18
5853,18,4,4
5854,18,2,17
5855,18,1,18
5856,18,1,18
5857,18,1,18
5858,18,0,10
5859,18,3,9
5860,18,3,9
5861,18,6,6
5862,18,0,10
5863,18,2,17
5864,18,3,9
5865,18,6,6
5866,18,4,4
5867,18,1,18
5868,18,7,7
5869,18,1,18
5870,18,14,13
5871,18,0,10
5872,18,0,10
5873,18,11,16
5874,18,7,7
5875,18,0,10
5876,18,0,10
5877,18,15,8
5878,18,11,16
5879,18,1,18
5880,18,4,4
5881,18,4,4
5882,18,0,10
5883,18,14,13
5884,18,1,18
5885,18,0,10
5886,18,2,17
5887,18,8,19
5888,18,5,15
5889,18,1,18
5890,18,1,18
5891,18,2,17
5892,18,2,17
5893,18,0,10
5894,18,12,14
5895,18,0,10
5896,18,3,9
5897,18,0,10
5898,18,9,11
5899,18,6,6
5900,18,3,9
5901,18,0,10
5902,18,7,7
5903,18,5,15
5904,18,4,4
5905,18,5,15
5906,18,0,10
5907,18,18,5
5908,18,14,13
5909,18,4,4
5910,18,11,16
5911,18,2,17
5912,18,3,9
5913,18,1,18
5914,18,4,4
5915,18,5,15
5916,18,1,18
5917,18,11,16
5918,18,0,10
5919,18,15,8
5920,18,11,16
5921,18,15,8
5922,18,8,19
5923,18,1,18
5924,18,4,4
5925,18,3,9
5926,18,1,18
5927,18,0,10
5928,18,9,11
5929,18,2,17
5930,18,12,14
5931,18,1,18
5932,18,7,7
5933,18,3,9
5934,18,6,6
5935,18,1,18
5936,18,4,4
5937,18,11,16
5938,18,8,19
5939,18,10,2
5940,18,0,10
5941,18,0,10
5942,18,1,18
5943,18,14,13
5944,18,0,10
5945,18,1,18
5946,18,1,18
5947,18,0,10
5948,18,4,4
5949,18,2,17
5950,18,2,17
5951,18,1,18
5952,18,10,2
5953,18,11,16
5954,18,0,10
5955,18,14,13
5956,18,1,18
5957,18,4,4
5958,18,16,12
5959,18,0,10
5960,18,3,9
5961,18,0,10
5962,18,1,18
5963,18,4,4
5964,18,4,4
5965,18,1,18
5966,18,1,18
5967,18,0,10
5968,18,2,17
5969,18,0,10
5970,18,12,14
5971,18,2,17
5972,18,3,9
5973,18,1,18
5974,18,1,18
5975,18,2,17
5976,18,0,10
5977,18,1,18
5978,18,2,17
5979,18,3,9
5980,18,3,9
5981,18,3,9
5982,18,3,9
5983,18,3,9
5984,18,2,17
5985,18,14,13
5986,18,3,9
5987,18,5,15
5988,18,6,6
5989,18,0,10
5990,18,2,17
5991,18,4,4
5992,18,0,10
5993,18,0,10
5994,18,3,9
5995,18,1,18
5996,18,1,18
5997,18,3,9
5998,18,4,4
5999,18,0,10
6000,18,9,11
6001,18,7,7
6002,18,0,10
6003,18,17,1
6004,18,1,18
6005,18,3,9
6006,18,2,17
6007,18,2,17
6008,18,6,6
6009,18,1,18
6010,18,0,10
6011,18,11,16
6012,18,6,6
6013,18,1,18
6014,18,5,15
6015,18,10,2
6016,18,18,5
6017,18,5,15
6018,18,0,10
6019,18,0,10
6020,18,1,18
6021,18,2,17
6022,18,3,9
6023,18,1,18
6024,18,2,17
6025,18,1,18
6026,18,1,18
6027,18,2,17
6028,18,16,12
6029,18,2,17
6030,18,11,16
6031,18,10,2
6032,18,4,4
6033,18,10,2
6034,18,11,16
6035,18,18,5
6036,18,9,11
6037,18,9,11
6038,18,3,9
6039,18,2,17
6040,18,6,6
6041,18,0,10
6042,18,1,18
6043,18,2,17
6044,18,1,18
6045,18,2,17
6046,18,3,9
6047,18,15,8
6048,18,9,11
6049,18,0,10
6050,18,5,15
6051,18,0,10
6052,18,2,17
6053,18,6,6
6054,18,5,15
6055,18,0,10
6056,18,0,10
6057,18,4,4
6058,18,2,17
6059,18,9,11
6060,18,4,4
6061,18,1,18
6062,18,2,17
6063,18,0,10
6064,18,2,17
6065,18,2,17
6066,18,0,10
6067,18,0,10
6068,18,1,18
6069,18,1,18
6070,18,2,17
6071,18,10,2
6072,18,17,1
6073,18,3,9
6074,18,5,15
6075,18,14,13
6076,18,0,10
6077,18,7,7
6078,18,6,6
6079,18,3,9
6080,18,0,10
6081,18,0,10
6082,18,9,11
6083,18,8,19
6084,18,0,10
6085,18,4,4
6086,18,2,17
6087,18,17,1
6088,18,2,17
6089,18,1,18
6090,18,5,15
6091,18,4,4
6092,18,4,4
6093,18,2,17
6094,18,5,15
6095,18,1,18
6096,18,14,13
6097,18,2,17
6098,18,3,9
6099,18,2,17
6100,18,3,9
6101,18,11,16
6102,18,3,9
6103,18,2,17
6104,18,1,18
6105,18,15,8
6106,18,4,4
6107,18,2,17
6108,18,1,18
6109,18,15,8
6110,18,18,5
6111,18,2,17
6112,18,0,10
6113,18,14,13
6114,18,6,6
6115,18,0,10
6116,18,0,10
6117,18,1,18
6118,18,1,18
6119,18,0,10
6120,18,6,6
6121,18,15,8
6122,18,0,10
6123,18,1,18
6124,18,0,10
6125,18,4,4
6126,18,1,18
6127,18,8,19
6128,18,7,7
6129,18,1,18
6130,18,4,4
6131,18,1,18
6132,18,12,14
6133,18,14,13
6134,18,9,11
6135,18,6,6
6136,18,18,5
6137,18,0,10
6138,18,1,18
6139,18,2,17
6140,18,18,5
6141,18,5,15
6142,18,14,13
6143,18,3,9
6144,18,11,16
6145,18,1,18
6146,18,0,10
6147,18,6,6
6148,18,3,9
6149,18,0,10
6150,18,3,9
6151,18,3,9
6152,18,4,4
6153,18,1,18
6154,18,1,18
6155,18,10,2
6156,18,9,11
6157,18,0,10
6158,18,0,10
6159,18,0,10
6160,18,3,9
6161,18,18,5
6162,18,0,10
6163,18,1,18
6164,18,8,19
6165,18,3,9
6166,18,1,18
6167,18,11,16
6168,18,0,10
6169,18,0,10
6170,18,6,6
6171,18,2,17
6172,18,3,9
6173,18,1,18
6174,18,2,17
6175,18,1,18
6176,18,6,6
6177,18,9,11
6178,18,0,10
6179,18,1,18
6180,18,14,13
6181,18,3,9
6182,18,1,18
6183,18,0,10
6184,18,0,10
6185,18,4,4
6186,18,0,10
6187,18,4,4
6188,18,1,18
6189,18,7,7
6190,18,0,10
6191,18,12,14
6192,18,0,10
6193,18,15,8
6194,18,5,15
6195,18,17,1
6196,18,11,16
6197,18,11,16
6198,18,3,9
6199,18,1,18
6200,18,11,16
6201,18,1,18
6202,18,4,4
6203,18,4,4
6204,18,3,9
6205,18,2,17
6206,18,2,17
6207,18,5,15
6208,18,2,17
6209,18,0,10
6210,18,0,10
6211,18,5,15
6212,18,14,13
6213,18,1,18
6214,18,8,19
6215,18,0,10
6216,18,0,10
6217,18,1,18
6218,18,0,10
6219,18,9,11
6220,18,4,4
6221,18,8,19
6222,18,2,17
6223,18,0,10
6224,18,0,10
6225,18,6,6
6226,18,1,18
6227,18,8,19
6228,18,8,19
6229,18,7,7
6230,18,1,18
6231,18,1,18
6232,18,0,10
6233,18,0,10
6234,18,17,1
6235,18,0,10
6236,18,15,8
6237,18,7,7
6238,18,9,11
6239,18,1,18
6240,18,11,16
6241,18,3,9
6242,18,2,17
6243,18,2,17
6244,18,2,17
6245,18,3,9
6246,18,15,8
6247,18,4,4
6248,18,2,17
6249,18,1,18
6250,18,1,18
6251,18,3,9
6252,18,6,6
6253,18,2,17
6254,18,11,16
6255,18,2,17
6256,18,14,13
6257,18,9,11
6258,18,0,10
6259,18,16,12
6260,18,1,18
6261,18,2,17
6262,18,4,4
6263,18,11,16
6264,18,4,4
6265,18,0,10
6266,18,9,11
6267,18,1,18
6268,18,2,17
6269,18,3,9
6270,18,4,4
6271,18,0,10
6272,18,2,17
6273,18,0,10
6274,18,5,15
6275,18,4,4
6276,18,0,10
6277,18,1,18
6278,18,4,4
6279,18,1,18
6280,18,1,18
6281,18,15,8
6282,18,16,12
6283,18,3,9
6284,18,8,19
6285,18,9,11
6286,18,0,10
6287,18,0,10
6288,18,1,18
6289,18,1,18
6290,18,0,10
6291,18,16,12
6292,18,2,17
6293,18,7,7
6294,18,4,4
6295,18,7,7
6296,18,0,10
6297,18,0,10
6298,18,9,11
6299,18,0,10
6300,18,5,15
6301,18,8,19
6302,18,1,18
6303,18,6,6
6304,18,18,5
6305,18,0,10
6306,18,4,4
6307,18,5,15
6308,18,0,10
6309,18,1,18
6310,18,2,17
6311,18,0,10
6312,18,1,18
6313,18,1,18
6314,18,3,9
6315,18,5,15
6316,18,2,17
6317,18,16,12
6318,18,2,17
6319,18,2,17
6320,18,2,17
6321,18,4,4
6322,18,1,18
6323,18,2,17
6324,18,6,6
6325,18,1,18
6326,18,3,9
6327,18,1,18
6328,18,18,5
6329,18,0,10
6330,18,1,18
6331,18,1,18
6332,18,0,10
6333,18,2,17
6334,18,0,10
6335,18,3,9
6336,18,2,17
6337,18,10,2
6338,18,10,2
6339,18,16,12
6340,18,0,10
6341,18,0,10
6342,18,9,11
6343,18,14,13
6344,18,16,12
6345,18,1,18
6346,18,1,18
6347,18,4,4
6348,18,4,4
6349,18,3,9
6350,18,10,2
6351,18,5,15
6352,18,1,18
6353,18,5,15
6354,18,2,17
6355,18,4,4
6356,18,2,17
6357,18,1,18
6358,18,6,6
6359,18,1,18
6360,18,4,4
6361,18,10,2
6362,18,2,17
6363,18,0,10
6364,18,1,18
6365,18,1,18
6366,18,2,17
6367,18,0,10
6368,18,2,17
6369,18,6,6
6370,18,0,10
6371,18,1,18
6372,18,1,18
6373,18,11,16
6374,18,2,17
6375,18,16,12
6376,18,2,17
6377,18,6,6
6378,18,12,14
6379,18,8,19
6380,18,8,19
6381,18,15,8
6382,18,1,18
6383,18,0,10
6384,18,11,16
6385,18,8,19
6386,18,0,10
6387,18,3,9
6388,18,5,15
6389,18,3,9
6390,18,19,3
6391,18,0,10
6392,18,2,17
6393,18,4,4
6394,18,4,4
6395,18,1,18
6396,18,7,7
6397,18,2,17
6398,18,0,10
6399,18,5,15
6400,18,0,10
6401,18,10,2
6402,18,9,11
6403,18,14,13
6404,18,1,18
6405,18,0,10
6406,18,1,18
6407,18,10,2
6408,18,2,17
6409,18,1,18
6410,18,2,17
6411,18,2,17
6412,18,0,10
6413,18,8,19
6414,18,2,17
6415,18,1,18
6416,18,10,2
6417,18,0,10
6418,18,0,10
6419,18,10,2
6420,18,3,9
6421,18,0,10
6422,18,1,18
6423,18,5,15
6424,18,1,18
6425,18,2,17
6426,18,0,10
6427,18,0,10
6428,18,5,15
6429,18,2,17
6430,18,4,4
6431,18,9,11
6432,18,1,18
6433,18,17,1
6434,18,0,10
6435,18,4,4
6436,18,14,13
6437,18,6,6
6438,18,4,4
6439,18,1,18
6440,18,2,17
6441,18,17,1
6442,18,0,10
6443,18,8,19
6444,18,10,2
6445,18,10,2
6446,18,0,10
6447,18,1,18
6448,18,0,10
6449,18,0,10
6450,18,4,4
6451,18,1,18
6452,18,1,18
6453,18,1,18
6454,18,4,4
6455,18,0,10
6456,18,1,18
6457,18,1,18
6458,18,2,17
6459,18,8,19
6460,18,0,10
6461,18,0,10
6462,18,2,17
6463,18,7,7
6464,18,1,18
6465,18,11,16
6466,18,9,11
6467,18,9,11
6468,18,3,9
6469,18,0,10
6470,18,6,6
6471,18,2,17
6472,18,0,10
6473,18,9,11
6474,18,2,17
6475,18,9,11
6476,18,0,10
6477,18,6,6
6478,18,0,10
6479,18,6,6
6480,18,3,9
6481,18,2,17
6482,18,0,10
6483,18,7,7
6484,18,2,17
6485,18,4,4
6486,18,1,18
6487,18,0,10
6488,18,2,17
6489,18,14,13
6490,18,0,10
6491,18,7,7
6492,18,2,17
6493,18,8,19
6494,18,12,14
6495,18,2,17
6496,18,7,7
6497,18,1,18
6498,18,0,10
6499,18,1,18
6500,18,1,18
6501,18,0,10
6502,18,2,17
6503,18,2,17
6504,18,7,7
6505,18,1,18
6506,18,1,18
6507,18,5,15
6508,18,2,17
6509,18,5,15
6510,18,1,18
6511,18,6,6
6512,18,1,18
6513,18,0,10
6514,18,0,10
6515,18,5,15
6516,18,7,7
6517,18,5,15
6518,18,3,9
6519,18,2,17
6520,18,0,10
6521,18,2,17
6522,18,0,10
6523,18,0,10
6524,18,7,7
6525,18,8,19
6526,18,1,18
6527,18,1,18
6528,18,1,18
6529,18,1,18
6530,18,0,10
6531,18,1,18
6532,18,0,10
6533,18,11,16
6534,18,1,18
6535,18,3,9
6536,18,7,7
6537,18,3,9
6538,18,0,10
6539,18,0,10
6540,18,4,4
6541,18,2,17
6542,18,16,12
6543,18,1,18
6544,18,15,8
6545,18,1,18
6546,18,6,6
6547,18,3,9
6548,18,6,6
6549,18,4,4
6550,18,4,4
6551,18,4,4
6552,18,3,9
6553,18,4,4
6554,18,3,9
6555,18,2,17
6556,18,11,16
6557,18,1,18
6558,18,3,9
6559,18,1,18
6560,18,3,9
6561,18,3,9
6562,18,5,15
6563,18,1,18
6564,18,0,10
6565,18,1,18
6566,18,5,15
6567,18,0,10
6568,18,5,15
6569,18,8,19
6570,18,7,7
6571,18,2,17
6572,18,2,17
6573,18,4,4
6574,18,12,14
6575,18,0,10
6576,18,0,10
6577,18,8,19
6578,18,14,13
6579,18,1,18
6580,18,0,10
6581,18,2,17
6582,18,1,18
6583,18,3,9
6584,18,3,9
6585,18,2,17
6586,18,0,10
6587,18,15,8
6588,18,3,9
6589,18,4,4
6590,18,3,9
6591,18,0,10
6592,18,2,17
6593,18,14,13
6594,18,10,2
6595,18,0,10
6596,18,1,18
6597,18,0,10
6598,18,0,10
6599,18,4,4
6600,18,2,17
6601,18,4,4
6602,18,15,8
6603,18,3,9
6604,18,11,16
6605,18,11,16
6606,18,1,18
6607,18,17,1
6608,18,15,8
6609,18,0,10
6610,18,0,10
6611,18,0,10
6612,18,3,9
6613,18,5,15
6614,18,6,6
6615,18,2,17
6616,18,0,10
6617,18,1,18
6618,18,1,18
6619,18,0,10
6620,18,17,1
6621,18,2,17
6622,18,2,17
6623,18,0,10
6624,18,0,10
6625,18,18,5
6626,18,0,10
6627,18,2,17
6628,18,8,19
6629,18,0,10
6630,18,1,18
6631,18,2,17
6632,18,1,18
6633,18,8,19
6634,18,1,18
6635,18,8,19
6636,18,6,6
6637,18,0,10
6638,18,4,4
6639,18,2,17
6640,18,1,18
6641,18,4,4
6642,18,2,17
6643,18,1,18
6644,18,9,11
6645,18,0,10
6646,18,18,5
6647,18,8,19
6648,18,6,6
6649,18,2,17
6650,18,9,11
6651,18,1,18
6652,18,2,17
6653,18,1,18
6654,18,8,19
6655,18,16,12
6656,18,15,8
6657,18,0,10
6658,18,1,18
6659,18,9,11
6660,18,2,17
6661,18,3,9
6662,18,1,18
6663,18,15,8
6664,18,2,17
6665,18,3,9
6666,18,1,18
6667,18,0,10
6668,18,0,10
6669,18,12,14
6670,18,0,10
6671,18,1,18
6672,18,1,18
6673,18,1,18
6674,18,2,17
6675,18,1,18
6676,18,1,18
6677,18,1,18
6678,18,7,7
6679,18,4,4
6680,18,9,11
6681,18,14,13
6682,18,6,6
6683,18,1,18
6684,18,1,18
6685,18,14,13
6686,18,1,18
6687,18,0,10
6688,18,15,8
6689,18,4,4
6690,18,1,18
6691,18,1,18
6692,18,1,18
6693,18,3,9
6694,18,0,10
6695,18,11,16
6696,18,0,10
6697,18,3,9
6698,18,10,2
6699,18,1,18
6700,18,1,18
6701,18,2,17
6702,18,6,6
6703,18,1,18
6704,18,6,6
6705,18,10,2
6706,18,0,10
6707,18,17,1
6708,18,19,3
6709,18,2,17
6710,18,4,4
6711,18,4,4
6712,18,2,17
6713,18,8,19
6714,18,8,19
6715,18,1,18
6716,18,2,17
6717,18,1,18
6718,18,2,17
6719,18,2,17
6720,18,1,18
6721,18,14,13
6722,18,1,18
6723,18,4,4
6724,18,2,17
6725,18,1,18
6726,18,0,10
6727,18,4,4
6728,18,0,10
6729,18,16,12
6730,18,11,16
6731,18,4,4
6732,18,1,18
6733,18,6,6
6734,18,4,4
6735,18,1,18
6736,18,1,18
6737,18,1,18
6738,18,0,10
6739,18,1,18
6740,18,12,14
6741,18,9,11
6742,18,1,18
6743,18,4,4
6744,18,17,1
6745,18,1,18
6746,18,4,4
6747,18,3,9
6748,18,0,10
6749,18,1,18
6750,18,0,10
6751,18,5,15
6752,18,0,10
6753,18,0,10
6754,18,2,17
6755,18,0,10
6756,18,0,10
6757,18,2,17
6758,18,14,13
6759,18,5,15
6760,18,9,11
6761,18,0,10
6762,18,4,4
6763,18,4,4
6764,18,1,18
6765,18,7,7
6766,18,12,14
6767,18,3,9
6768,18,2,17
6769,18,3,9
6770,18,9,11
6771,18,11,16
6772,18,2,17
6773,18,9,11
6774,18,1,18
6775,18,2,17
6776,18,9,11
6777,18,0,10
6778,18,0,10
6779,18,7,7
6780,18,3,9
6781,18,8,19
6782,18,2,17
6783,18,1,18
6784,18,10,2
6785,18,11,16
6786,18,11,16
6787,18,2,17
6788,18,11,16
6789,18,0,10
6790,18,3,9
6791,18,4,4
6792,18,4,4
6793,18,6,6
6794,18,1,18
6795,18,1,18
6796,18,3,9
6797,18,7,7
6798,18,8,19
6799,18,7,7
6800,18,1,18
6801,18,4,4
6802,18,6,6
6803,18,0,10
6804,18,1,18
6805,18,3,9
6806,18,1,18
6807,18,1,18
6808,18,2,17
6809,18,0,10
6810,18,5,15
6811,18,4,4
6812,18,1,18
6813,18,2,17
6814,18,8,19
6815,18,2,17
6816,18,6,6
6817,18,1,18
6818,18,6,6
6819,18,14,13
6820,18,1,18
6821,18,5,15
6822,18,1,18
6823,18,3,9
6824,18,6,6
6825,18,11,16
6826,18,11,16
6827,18,1,18
6828,18,4,4
6829,18,1,18
6830,18,8,19
6831,18,2,17
6832,18,9,11
6833,18,15,8
6834,18,11,16
6835,18,7,7
6836,18,1,18
6837,18,1,18
6838,18,0,10
6839,18,4,4
6840,18,9,11
6841,18,11,16
6842,18,8,19
6843,18,7,7
6844,18,0,10
6845,18,1,18
6846,18,10,2
6847,18,4,4
6848,18,2,17
6849,18,7,7
6850,18,0,10
6851,18,0,10
6852,18,2,17
6853,18,4,4
6854,18,6,6
6855,18,1,18
6856,18,4,4
6857,18,2,17
6858,18,4,4
6859,18,0,10
6860,18,0,10
6861,18,4,4
6862,18,0,10
6863,18,0,10
6864,18,0,10
6865,18,0,10
6866,18,2,17
6867,18,1,18
6868,18,8,19
6869,18,9,11
6870,18,4,4
6871,18,3,9
6872,18,3,9
6873,18,0,10
6874,18,4,4
6875,18,0,10
6876,18,5,15
6877,18,1,18
6878,18,9,11
6879,18,0,10
6880,18,12,14
6881,18,0,10
6882,18,3,9
6883,18,12,14
6884,18,2,17
6885,18,2,17
6886,18,5,15
6887,18,3,9
6888,18,9,11
6889,18,3,9
6890,18,1,18
6891,18,11,16
6892,18,7,7
6893,18,1,18
6894,18,18,5
6895,18,3,9
6896,18,14,13
6897,18,0,10
6898,18,1,18
6899,18,3,9
6900,18,0,10
6901,18,6,6
6902,18,11,16
6903,18,2,17
6904,18,1,18
6905,18,0,10
6906,18,1,18
6907,18,1,18
6908,18,9,11
6909,18,3,9
6910,18,3,9
6911,18,1,18
6912,18,3,9
6913,18,3,9
6914,18,11,16
6915,18,2,17
6916,18,2,17
6917,18,7,7
6918,18,7,7
6919,18,2,17
6920,18,2,17
6921,18,1,18
6922,18,2,17
6923,18,0,10
6924,18,7,7
6925,18,4,4
6926,18,0,10
6927,18,3,9
6928,18,1,18
6929,18,9,11
6930,18,1,18
6931,18,3,9
6932,18,0,10
6933,18,2,17
6934,18,10,2
6935,18,1,18
6936,18,1,18
6937,18,1,18
6938,18,3,9
6939,18,1,18
6940,18,2,17
6941,18,1,18
6942,18,14,13
6943,18,4,4
6944,18,4,4
6945,18,5,15
6946,18,17,1
6947,18,0,10
6948,18,6,6
6949,18,4,4
6950,18,1,18
6951,18,3,9
6952,18,0,10
6953,18,5,15
6954,18,1,18
6955,18,3,9
6956,18,5,15
6957,18,2,17
6958,18,4,4
6959,18,4,4
6960,18,7,7
6961,18,2,17
6962,18,1,18
6963,18,1,18
6964,18,1,18
6965,18,0,10
6966,18,10,2
6967,18,3,9
6968,18,1,18
6969,18,4,4
6970,18,2,17
6971,18,2,17
6972,18,1,18
6973,18,6,6
6974,18,19,3
6975,18,0,10
6976,18,2,17
6977,18,2,17
6978,18,3,9
6979,18,1,18
6980,18,5,15
6981,18,4,4
6982,18,1,18
6983,18,0,10
6984,18,1,18
6985,18,3,9
6986,18,0,10
6987,18,1,18
6988,18,4,4
6989,18,6,6
6990,18,0,10
6991,18,6,6
6992,18,10,2
6993,18,11,16
6994,18,3,9
6995,18,0,10
6996,18,3,9
6997,18,8,19
6998,18,2,17
6999,18,1,18
7000,18,15,8
7001,18,1,18
7002,18,15,8
7003,18,0,10
7004,18,0,10
7005,18,0,10
7006,18,3,9
7007,18,18,5
7008,18,1,18
7009,18,2,17
7010,18,18,5
7011,18,16,12
7012,18,2,17
7013,18,4,4
7014,18,0,10
7015,18,1,18
7016,18,1,18
7017,18,4,4
7018,18,4,4
7019,18,1,18
7020,18,9,11
7021,18,11,16
7022,18,5,15
7023,18,11,16
7024,18,2,17
7025,18,2,17
7026,18,1,18
7027,18,6,6
7028,18,18,5
7029,18,14,13
7030,18,1,18
7031,18,5,15
7032,18,2,17
7033,18,0,10
7034,18,2,17
7035,18,2,17
7036,18,2,17
7037,18,7,7
7038,18,3,9
7039,18,1,18
7040,18,7,7
7041,18,0,10
7042,18,1,18
7043,18,2,17
7044,18,8,19
7045,18,3,9
7046,18,4,4
7047,18,5,15
7048,18,2,17
7049,18,4,4
7050,18,5,15
7051,18,12,14
7052,18,8,19
7053,18,1,18
7054,18,4,4
7055,18,11,16
7056,18,7,7
7057,18,2,17
7058,18,0,10
7059,18,3,9
7060,18,4,4
7061,18,14,13
7062,18,0,10
7063,18,2,17
7064,18,5,15
7065,18,4,4
7066,18,4,4
7067,18,4,4
7068,18,5,15
7069,18,2,17
7070,18,4,4
7071,18,1,18
7072,18,1,18
7073,18,4,4
7074,18,0,10
7075,18,1,18
7076,18,9,11
7077,18,0,10
7078,18,2,17
7079,18,9,11
7080,18,3,9
7081,18,0,10
7082,18,1,18
7083,18,1,18
7084,18,9,11
7085,18,0,10
7086,18,4,4
7087,18,1,18
7088,18,0,10
7089,18,1,18
7090,18,1,18
7091,18,1,18
7092,18,3,9
7093,18,0,10
7094,18,2,17
7095,18,1,18
7096,18,15,8
7097,18,14,13
7098,18,1,18
7099,18,2,17
7100,18,0,10
7101,18,1,18
7102,18,2,17
7103,18,11,16
7104,18,3,9
7105,18,1,18
7106,18,0,10
7107,18,5,15
7108,18,5,15
7109,18,0,10
7110,18,11,16
7111,18,9,11
7112,18,11,16
7113,18,2,17
7114,18,5,15
7115,18,0,10
7116,18,11,16
7117,18,1,18
7118,18,1,18
7119,18,0,10
7120,18,17,1
7121,18,0,10
7122,18,4,4
7123,18,8,19
7124,18,2,17
7125,18,2,17
7126,18,0,10
7127,18,3,9
7128,18,3,9
7129,18,4,4
7130,18,3,9
7131,18,0,10
7132,18,11,16
7133,18,0,10
7134,18,2,17
7135,18,0,10
7136,18,2,17
7137,18,3,9
7138,18,2,17
7139,18,9,11
7140,18,1,18
7141,18,7,7
7142,18,7,7
7143,18,1,18
7144,18,1,18
7145,18,1,18
7146,18,0,10
7147,18,4,4
7148,18,2,17
7149,18,11,16
7150,18,17,1
7151,18,0,10
7152,18,0,10
7153,18,0,10
7154,18,5,15
7155,18,2,17
7156,18,0,10
7157,18,10,2
7158,18,0,10
7159,18,17,1
7160,18,0,10
7161,18,0,10
7162,18,4,4
7163,18,8,19
7164,18,3,9
7165,18,10,2
7166,18,3,9
7167,18,1,18
7168,18,0,10
7169,18,3,9
7170,18,1,18
7171,18,3,9
7172,18,1,18
7173,18,0,10
7174,18,1,18
7175,18,1,18
7176,18,1,18
7177,18,4,4
7178,18,4,4
7179,18,3,9
7180,18,11,16
7181,18,3,9
7182,18,0,10
7183,18,6,6
7184,18,11,16
7185,18,2,17
7186,18,7,7
7187,18,11,16
7188,18,6,6
7189,18,2,17
7190,18,1,18
7191,18,1,18
7192,18,1,18
7193,18,14,13
7194,18,4,4
7195,18,0,10
7196,18,2,17
7197,18,14,13
7198,18,14,13
7199,18,6,6
7200,18,1,18
7201,18,1,18
7202,18,0,10
7203,18,1,18
7204,18,0,10
7205,18,1,18
7206,18,5,15
7207,18,4,4
7208,18,1,18
7209,18,16,12
7210,18,3,9
7211,18,4,4
7212,18,14,13
7213,18,3,9
7214,18,0,10
7215,18,8,19
7216,18,9,11
7217,18,0,10
7218,18,0,10
7219,18,2,17
7220,18,1,18
7221,18,15,8
7222,18,4,4
7223,18,1,18
7224,18,0,10
7225,18,4,4
7226,18,1,18
7227,18,10,2
7228,18,3,9
7229,18,7,7
7230,18,1,18
7231,18,0,10
7232,18,4,4
7233,18,11,16
7234,18,3,9
7235,18,1,18
7236,18,18,5
7237,18,2,17
7238,18,1,18
7239,18,7,7
7240,18,8,19
7241,18,3,9
7242,18,6,6
7243,18,10,2
7244,18,1,18
7245,18,0,10
7246,18,1,18
7247,18,7,7
7248,18,3,9
7249,18,2,17
7250,18,4,4
7251,18,8,19
7252,18,7,7
7253,18,4,4
7254,18,7,7
7255,18,0,10
7256,18,3,9
7257,18,11,16
7258,18,3,9
7259,18,0,10
7260,18,0,10
7261,18,1,18
7262,18,2,17
7263,18,2,17
7264,18,0,10
7265,18,0,10
7266,18,1,18
7267,18,1,18
7268,18,2,17
7269,18,2,17
7270,18,1,18
7271,18,6,6
7272,18,11,16
7273,18,1,18
7274,18,6,6
7275,18,12,14
7276,18,1,18
7277,18,0,10
7278,18,0,10
7279,18,0,10
7280,18,4,4
7281,18,0,10
7282,18,1,18
7283,18,4,4
7284,18,11,16
7285,18,1,18
7286,18,10,2
7287,18,0,10
7288,18,5,15
7289,18,0,10
7290,18,11,16
7291,18,4,4
7292,18,0,10
7293,18,11,16
7294,18,1,18
7295,18,5,15
7296,18,5,15
7297,18,4,4
7298,18,3,9
7299,18,0,10
7300,18,0,10
7301,18,1,18
7302,18,1,18
7303,18,1,18
7304,18,0,10
7305,18,14,13
7306,18,14,13
7307,18,0,10
7308,18,0,10
7309,18,8,19
7310,18,8,19
7311,18,17,1
7312,18,2,17
7313,18,0,10
7314,18,1,18
7315,18,7,7
7316,18,4,4
7317,18,4,4
7318,18,19,3
7319,18,4,4
7320,18,2,17
7321,18,8,19
7322,18,11,16
7323,18,3,9
7324,18,17,1
7325,18,0,10
7326,18,2,17
7327,18,10,2
7328,18,4,4
7329,18,0,10
7330,18,9,11
7331,18,1,18
7332,18,16,12
7333,18,1,18
7334,18,16,12
7335,18,12,14
7336,18,11,16
7337,18,4,4
7338,18,8,19
7339,18,1,18
7340,18,1,18
7341,18,2,17
7342,18,1,18
7343,18,5,15
7344,18,16,12
7345,18,0,10
7346,18,18,5
7347,18,0,10
7348,18,1,18
7349,18,0,10
7350,18,4,4
7351,18,4,4
7352,18,1,18
7353,18,1,18
7354,18,7,7
7355,18,6,6
7356,18,3,9
7357,18,4,4
7358,18,0,10
7359,18,1,18
7360,18,1,18
7361,18,1,18
7362,18,5,15
7363,18,7,7
7364,18,0,10
7365,18,1,18
7366,18,9,11
7367,18,9,11
7368,18,8,19
7369,18,8,19
7370,18,2,17
7371,18,1,18
7372,18,1,18
7373,18,12,14
7374,18,3,9
7375,18,4,4
7376,18,4,4
7377,18,0,10
7378,18,2,17
7379,18,3,9
7380,18,10,2
7381,18,17,1
7382,18,11,16
7383,18,1,18
7384,18,2,17
7385,18,9,11
7386,18,4,4
7387,18,5,15
7388,18,7,7
7389,18,7,7
7390,18,3,9
7391,18,6,6
7392,18,4,4
7393,18,8,19
7394,18,0,10
7395,18,1,18
7396,18,0,10
7397,18,4,4
7398,18,4,4
7399,18,0,10
7400,18,2,17
7401,18,12,14
7402,18,1,18
7403,18,0,10
7404,18,11,16
7405,18,4,4
7406,18,15,8
7407,18,1,18
7408,18,18,5
7409,18,0,10
7410,18,0,10
7411,18,0,10
7412,18,0,10
7413,18,7,7
7414,18,0,10
7415,18,1,18
7416,18,7,7
7417,18,1,18
7418,18,6,6
7419,18,3,9
7420,18,6,6
7421,18,6,6
7422,18,1,18
7423,18,15,8
7424,18,1,18
7425,18,6,6
7426,18,5,15
7427,18,0,10
7428,18,8,19
7429,18,4,4
7430,18,0,10
7431,18,0,10
7432,18,4,4
7433,18,6,6
7434,18,0,10
7435,18,2,17
7436,18,1,18
7437,18,1,18
7438,18,0,10
7439,18,1,18
7440,18,6,6
7441,18,6,6
7442,18,0,10
7443,18,8,19
7444,18,1,18
7445,18,3,9
7446,18,3,9
7447,18,9,11
7448,18,1,18
7449,18,9,11
7450,18,8,19
7451,18,2,17
7452,18,4,4
7453,18,16,12
7454,5,4,4
7455,5,2,17
7456,5,1,18
7457,5,18,5
7458,5,6,6
7459,5,15,8
7460,5,1,18
7461,5,10,2
7462,5,5,15
7463,5,1,18
7464,5,1,18
7465,5,8,19
7466,5,0,10
7467,5,4,4
7468,5,9,11
7469,5,3,9
7470,5,1,18
7471,5,3,9
7472,5,4,4
7473,5,1,18
7474,5,10,2
7475,5,14,13
7476,5,0,10
7477,5,0,10
7478,5,1,18
7479,5,9,11
7480,5,8,19
7481,5,6,6
7482,5,1,18
7483,5,6,6
7484,5,0,10
7485,5,2,17
7486,5,0,10
7487,5,14,13
7488,5,10,2
7489,5,5,15
7490,5,6,6
7491,6,16,12
7492,6,0,10
7493,6,0,10
7494,6,0,10
7495,6,0,10
7496,6,1,18
7497,6,1,18
7498,6,2,17
7499,6,2,17
7500,6,3,9
7501,6,0,10
7502,6,0,10
7503,6,4,4
7504,6,0,10
7505,6,1,18
7506,6,4,4
7507,6,4,4
7508,6,1,18
7509,6,16,12
7510,6,6,6
7511,6,3,9
7512,6,15,8
7513,6,1,18
7514,6,0,10
7515,6,3,9
7516,6,3,9
7517,6,2,17
7518,6,7,7
7519,6,5,15
7520,6,2,17
7521,6,1,18
7522,6,1,18
7523,6,0,10
7524,6,1,18
7525,6,1,18
7526,6,10,2
7527,6,2,17
7528,6,0,10
7529,6,0,10
7530,6,0,10
7531,6,6,6
7532,6,1,18
7533,6,1,18
7534,6,1,18
7535,6,3,9
7536,6,0,10
7537,6,8,19
7538,6,0,10
7539,6,1,18
7540,6,0,10
7541,6,0,10
7542,6,2,17
7543,6,1,18
7544,6,5,15
7545,6,1,18
7546,6,1,18
7547,6,6,6
7548,6,0,10
7549,6,10,2
7550,6,7,7
7551,6,7,7
7552,6,0,10
7553,6,17,1
7554,6,5,15
7555,6,0,10
7556,6,4,4
7557,6,4,4
7558,6,6,6
7559,6,7,7
7560,6,9,11
7561,6,10,2
7562,6,0,10
7563,6,0,10
7564,6,3,9
7565,6,3,9
7566,6,1,18
7567,6,4,4
7568,6,6,6
7569,6,8,19
7570,6,15,8
7571,6,0,10
7572,6,9,11
7573,6,0,10
7574,6,10,2
7575,6,1,18
7576,6,0,10
7577,6,15,8
7578,6,4,4
7579,6,1,18
7580,6,9,11
7581,6,8,19
7582,6,6,6
7583,6,1,18
7584,6,9,11
7585,6,0,10
7586,6,1,18
7587,6,4,4
7588,6,1,18
7589,6,1,18
7590,6,14,13
7591,6,0,10
7592,6,1,18
7593,6,6,6
7594,6,1,18
7595,6,6,6
7596,6,4,4
7597,6,6,6
7598,6,12,14
7599,6,1,18
7600,6,1,18
7601,6,0,10
7602,6,0,10
7603,6,0,10
7604,6,0,10
7605,6,4,4
7606,6,0,10
7607,6,0,10
7608,6,0,10
7609,6,4,4
7610,6,9,11
7611,6,3,9
7612,6,0,10
7613,6,1,18
7614,6,6,6
7615,6,10,2
7616,6,3,9
7617,6,2,17
7618,6,2,17
7619,6,0,10
7620,6,6,6
7621,6,2,17
7622,6,15,8
7623,6,1,18
7624,6,3,9
7625,6,14,13
7626,6,0,10
7627,6,0,10
7628,6,4,4
7629,6,5,15
7630,6,8,19
7631,6,0,10
7632,6,3,9
7633,6,3,9
7634,6,2,17
7635,6,1,18
7636,6,0,10
7637,6,16,12
7638,6,0,10
7639,6,0,10
7640,6,0,10
7641,6,10,2
7642,6,1,18
7643,6,0,10
7644,6,0,10
7645,6,1,18
7646,6,3,9
7647,6,2,17
7648,6,1,18
7649,6,1,18
7650,6,0,10
7651,6,2,17
7652,6,0,10
7653,6,9,11
7654,6,1,18
7655,6,3,9
7656,6,9,11
7657,6,0,10
7658,6,0,10
7659,6,0,10
7660,6,0,10
7661,6,1,18
7662,6,0,10
7663,6,0,10
7664,6,0,10
7665,6,4,4
7666,6,3,9
7667,6,1,18
7668,6,2,17
7669,6,0,10
7670,6,2,17
7671,6,6,6
7672,6,15,8
7673,6,4,4
7674,6,3,9
7675,6,1,18
7676,6,15,8
7677,6,2,17
7678,6,1,18
7679,6,1,18
7680,6,9,11
7681,6,0,10
7682,6,3,9
7683,6,1,18
7684,6,1,18
7685,6,1,18
7686,6,10,2
7687,6,7,7
7688,6,4,4
7689,6,1,18
7690,6,1,18
7691,6,0,10
7692,6,6,6
7693,6,0,10
7694,6,4,4
7695,6,7,7
7696,6,6,6
7697,6,12,14
7698,6,10,2
7699,6,1,18
7700,6,1,18
7701,6,4,4
7702,6,7,7
7703,6,9,11
7704,6,12,14
7705,6,9,11
7706,6,0,10
7707,6,9,11
7708,6,2,17
7709,6,16,12
7710,6,1,18
7711,6,8,19
7712,6,1,18
7713,6,0,10
7714,6,0,10
7715,6,1,18
7716,6,4,4
7717,6,3,9
7718,6,12,14
7719,6,1,18
7720,6,8,19
7721,6,9,11
7722,6,2,17
7723,6,0,10
7724,6,2,17
7725,6,0,10
7726,6,11,16
7727,6,7,7
7728,6,3,9
7729,6,3,9
7730,6,11,16
7731,6,15,8
7732,6,2,17
7733,6,1,18
7734,6,0,10
7735,6,3,9
7736,6,4,4
7737,6,0,10
7738,6,0,10
7739,6,1,18
7740,6,2,17
7741,6,1,18
7742,6,6,6
7743,6,1,18
7744,6,1,18
7745,6,4,4
7746,6,4,4
7747,6,6,6
7748,6,0,10
7749,6,10,2
7750,6,9,11
7751,6,3,9
7752,6,0,10
7753,6,3,9
7754,6,1,18
7755,6,17,1
7756,6,1,18
7757,6,0,10
7758,6,2,17
7759,6,1,18
7760,6,3,9
7761,6,0,10
7762,6,16,12
7763,6,15,8
7764,6,0,10
7765,6,0,10
7766,6,3,9
7767,6,0,10
7768,6,6,6
7769,6,1,18
7770,6,0,10
7771,6,2,17
7772,6,0,10
7773,6,1,18
7774,6,1,18
7775,6,2,17
7776,6,9,11
7777,6,2,17
7778,6,1,18
7779,6,0,10
7780,6,2,17
7781,6,6,6
7782,6,16,12
7783,6,9,11
7784,6,11,16
7785,6,3,9
7786,6,1,18
7787,6,0,10
7788,6,0,10
7789,6,0,10
7790,6,0,10
7791,6,1,18
7792,6,9,11
7793,6,8,19
7794,6,1,18
7795,6,0,10
7796,6,15,8
7797,6,4,4
7798,6,9,11
7799,6,1,18
7800,6,3,9
7801,6,8,19
7802,6,4,4
7803,6,9,11
7804,6,0,10
7805,6,0,10
7806,6,3,9
7807,6,5,15
7808,6,1,18
7809,6,10,2
7810,6,1,18
7811,6,2,17
7812,6,7,7
7813,6,0,10
7814,6,0,10
7815,6,2,17
7816,6,8,19
7817,6,2,17
7818,6,1,18
7819,6,4,4
7820,6,0,10
7821,6,1,18
7822,6,11,16
7823,6,1,18
7824,6,0,10
7825,6,0,10
7826,6,9,11
7827,6,0,10
7828,6,0,10
7829,6,8,19
7830,6,4,4
7831,6,0,10
7832,6,4,4
7833,6,12,14
7834,6,1,18
7835,6,4,4
7836,6,0,10
7837,6,9,11
7838,6,1,18
7839,6,1,18
7840,6,3,9
7841,6,0,10
7842,6,5,15
7843,6,1,18
7844,6,12,14
7845,6,12,14
7846,6,0,10
7847,6,5,15
7848,6,0,10
7849,6,10,2
7850,6,1,18
7851,6,0,10
7852,6,1,18
7853,6,0,10
7854,6,1,18
7855,6,0,10
7856,6,10,2
7857,6,5,15
7858,6,2,17
7859,6,2,17
7860,6,0,10
7861,6,2,17
7862,6,3,9
7863,6,1,18
7864,6,11,16
7865,6,9,11
7866,6,10,2
7867,6,1,18
7868,6,0,10
7869,6,8,19
7870,6,1,18
7871,6,1,18
7872,6,0,10
7873,6,11,16
7874,6,2,17
7875,6,2,17
7876,6,10,2
7877,6,14,13
7878,6,0,10
7879,6,4,4
7880,6,0,10
7881,6,0,10
7882,6,0,10
7883,6,0,10
7884,6,6,6
7885,6,11,16
7886,6,8,19
7887,6,2,17
7888,6,1,18
7889,6,1,18
7890,6,0,10
7891,6,2,17
7892,6,2,17
7893,6,2,17
7894,6,5,15
7895,6,5,15
7896,6,4,4
7897,6,9,11
7898,6,0,10
7899,6,9,11
7900,6,1,18
7901,6,5,15
7902,6,1,18
7903,6,12,14
7904,6,0,10
7905,6,10,2
7906,6,0,10
7907,6,3,9
7908,6,9,11
7909,6,6,6
7910,6,0,10
7911,6,0,10
7912,6,10,2
7913,6,10,2
7914,6,1,18
7915,6,0,10
7916,6,1,18
7917,6,4,4
7918,6,1,18
7919,6,1,18
7920,6,6,6
7921,6,1,18
7922,6,2,17
7923,6,1,18
7924,6,0,10
7925,6,0,10
7926,6,1,18
7927,6,9,11
7928,6,3,9
7929,6,1,18
7930,6,6,6
7931,6,1,18
7932,6,1,18
7933,6,1,18
7934,6,3,9
7935,6,15,8
7936,6,3,9
7937,6,1,18
7938,6,0,10
7939,6,3,9
7940,6,12,14
7941,6,0,10
7942,6,7,7
7943,6,11,16
7944,6,4,4
7945,6,6,6
7946,6,17,1
7947,6,0,10
7948,6,7,7
7949,6,6,6
7950,6,8,19
7951,6,11,16
7952,6,10,2
7953,6,10,2
7954,6,8,19
7955,6,5,15
7956,6,0,10
7957,6,16,12
7958,6,1,18
7959,6,1,18
7960,6,6,6
7961,6,1,18
7962,6,9,11
7963,6,8,19
7964,6,15,8
7965,6,7,7
7966,6,0,10
7967,6,0,10
7968,6,0,10
7969,6,7,7
7970,6,1,18
7971,6,6,6
7972,6,6,6
7973,6,6,6
7974,6,7,7
7975,6,2,17
7976,6,0,10
7977,6,0,10
7978,6,1,18
7979,6,4,4
7980,6,1,18
7981,6,0,10
7982,6,15,8
7983,6,0,10
7984,6,0,10
7985,6,7,7
7986,6,4,4
7987,6,2,17
7988,6,1,18
7989,6,3,9
7990,6,1,18
7991,6,2,17
7992,6,1,18
7993,7,1,18
7994,7,0,10
7995,7,1,18
7996,7,11,16
7997,7,1,18
7998,7,6,6
7999,7,3,9
8000,7,17,1
8001,7,17,1
8002,7,2,17
8003,7,3,9
8004,7,1,18
8005,7,2,17
8006,7,1,18
8007,7,17,1
8008,7,2,17
8009,7,11,16
8010,7,15,8
8011,7,7,7
8012,7,8,19
8013,7,1,18
8014,7,7,7
8015,7,7,7
8016,7,0,10
8017,7,0,10
8018,7,0,10
8019,7,2,17
8020,7,4,4
8021,7,1,18
8022,7,1,18
8023,7,1,18
8024,7,1,18
8025,7,1,18
8026,7,1,18
8027,7,16,12
8028,7,3,9
8029,7,0,10
8030,7,4,4
8031,7,8,19
8032,7,4,4
8033,7,3,9
8034,7,5,15
8035,7,1,18
8036,7,0,10
8037,7,1,18
8038,7,0,10
8039,7,0,10
8040,7,3,9
8041,7,4,4
8042,7,9,11
8043,7,0,10
8044,7,7,7
8045,7,2,17
8046,7,2,17
8047,7,16,12
8048,7,0,10
8049,7,0,10
8050,7,0,10
8051,7,1,18
8052,7,3,9
8053,7,0,10
8054,7,11,16
8055,7,0,10
8056,7,0,10
8057,7,1,18
8058,7,7,7
8059,7,1,18
8060,7,11,16
8061,7,1,18
8062,7,7,7
8063,7,2,17
8064,7,2,17
8065,7,1,18
8066,7,0,10
8067,7,3,9
8068,7,1,18
8069,7,0,10
8070,7,4,4
8071,7,5,15
8072,7,8,19
8073,7,2,17
8074,7,0,10
8075,7,0,10
8076,7,5,15
8077,7,1,18
8078,7,1,18
8079,7,1,18
8080,7,1,18
8081,7,0,10
8082,7,2,17
8083,7,8,19
8084,7,5,15
8085,7,0,10
8086,7,3,9
8087,7,1,18
8088,7,6,6
8089,7,8,19
8090,7,1,18
8091,7,0,10
8092,7,1,18
8093,7,0,10
8094,7,4,4
8095,7,1,18
8096,7,6,6
8097,7,4,4
8098,7,1,18
8099,7,1,18
8100,7,0,10
8101,7,6,6
8102,7,4,4
8103,7,0,10
8104,7,1,18
8105,7,4,4
8106,7,6,6
8107,7,1,18
8108,7,0,10
8109,7,3,9
8110,7,10,2
8111,7,0,10
8112,7,1,18
8113,7,1,18
8114,7,3,9
8115,7,7,7
8116,7,2,17
8117,7,6,6
8118,7,1,18
8119,7,0,10
8120,7,7,7
8121,7,6,6
8122,7,6,6
8123,7,0,10
8124,7,6,6
8125,7,4,4
8126,7,5,15
8127,7,1,18
8128,7,7,7
8129,7,1,18
8130,7,7,7
8131,7,2,17
8132,7,1,18
8133,7,0,10
8134,7,11,16
8135,7,0,10
8136,7,4,4
8137,7,1,18
8138,7,1,18
8139,7,1,18
8140,7,1,18
8141,7,3,9
8142,7,16,12
8143,7,1,18
8144,7,8,19
8145,7,6,6
8146,7,17,1
8147,7,0,10
8148,7,13,0
8149,7,0,10
8150,7,0,10
8151,7,4,4
8152,7,4,4
8153,7,2,17
8154,7,1,18
8155,7,1,18
8156,7,1,18
8157,7,11,16
8158,7,1,18
8159,7,18,5
8160,7,18,5
8161,7,15,8
8162,7,15,8
8163,7,11,16
8164,7,0,10
8165,7,9,11
8166,7,4,4
8167,7,1,18
8168,7,0,10
8169,7,3,9
8170,7,4,4
8171,7,1,18
8172,7,9,11
8173,7,0,10
8174,7,2,17
8175,7,11,16
8176,7,5,15
8177,7,2,17
8178,7,2,17
8179,7,0,10
8180,7,0,10
8181,7,1,18
8182,7,2,17
8183,7,6,6
8184,7,9,11
8185,7,0,10
8186,7,0,10
8187,7,0,10
8188,7,2,17
8189,7,0,10
8190,7,15,8
8191,7,10,2
8192,7,1,18
8193,7,4,4
8194,7,4,4
8195,7,10,2
8196,7,16,12
8197,7,9,11
8198,7,0,10
8199,7,1,18
8200,7,3,9
8201,7,9,11
8202,7,2,17
8203,7,0,10
8204,7,0,10
8205,7,1,18
8206,7,3,9
8207,7,5,15
8208,7,2,17
8209,7,5,15
8210,7,0,10
8211,7,0,10
8212,7,9,11
8213,7,0,10
8214,7,0,10
8215,7,4,4
8216,7,2,17
8217,7,1,18
8218,7,0,10
8219,7,0,10
8220,7,3,9
8221,7,1,18
8222,7,0,10
8223,7,1,18
8224,7,3,9
8225,7,0,10
8226,7,0,10
8227,7,2,17
8228,7,2,17
8229,7,1,18
8230,7,6,6
8231,7,2,17
8232,7,6,6
8233,7,4,4
8234,7,0,10
8235,7,1,18
8236,7,1,18
8237,7,8,19
8238,7,1,18
8239,7,2,17
8240,7,1,18
8241,7,16,12
8242,7,0,10
8243,7,9,11
8244,7,3,9
8245,7,1,18
8246,7,0,10
8247,7,5,15
8248,7,1,18
8249,7,7,7
8250,7,4,4
8251,7,15,8
8252,7,1,18
8253,7,14,13
8254,7,3,9
8255,7,6,6
8256,7,2,17
8257,7,0,10
8258,7,1,18
8259,7,11,16
8260,7,6,6
8261,7,0,10
8262,7,9,11
8263,7,3,9
8264,7,3,9
8265,7,5,15
8266,7,0,10
8267,7,11,16
8268,7,0,10
8269,7,2,17
8270,7,1,18
8271,7,1,18
8272,7,15,8
8273,7,12,14
8274,7,9,11
8275,7,8,19
8276,7,15,8
8277,7,0,10
8278,7,0,10
8279,7,4,4
8280,7,15,8
8281,7,4,4
8282,7,0,10
8283,7,0,10
8284,7,0,10
8285,7,3,9
8286,7,0,10
8287,7,5,15
8288,7,2,17
8289,7,0,10
8290,7,1,18
8291,7,0,10
8292,7,0,10
8293,7,0,10
8294,7,14,13
8295,7,1,18
8296,7,9,11
8297,7,9,11
8298,7,0,10
8299,7,6,6
8300,7,4,4
8301,7,4,4
8302,7,0,10
8303,7,1,18
8304,7,6,6
8305,7,3,9
8306,7,12,14
8307,7,3,9
8308,7,0,10
8309,7,1,18
8310,7,0,10
8311,7,0,10
8312,7,5,15
8313,7,3,9
8314,7,6,6
8315,7,6,6
8316,7,3,9
8317,7,11,16
8318,7,1,18
8319,7,1,18
8320,7,1,18
8321,7,0,10
8322,7,9,11
8323,7,3,9
8324,7,0,10
8325,7,2,17
8326,7,0,10
8327,7,10,2
8328,7,10,2
8329,7,2,17
8330,7,0,10
8331,7,7,7
8332,7,3,9
8333,7,3,9
8334,7,1,18
8335,7,2,17
8336,7,11,16
8337,7,1,18
8338,7,1,18
8339,7,4,4
8340,7,0,10
8341,7,9,11
8342,7,1,18
8343,7,15,8
8344,7,1,18
8345,7,0,10
8346,7,3,9
8347,7,0,10
8348,7,15,8
8349,7,0,10
8350,7,0,10
8351,7,1,18
8352,7,3,9
8353,7,1,18
8354,7,3,9
8355,7,10,2
8356,7,1,18
8357,7,3,9
8358,7,8,19
8359,7,9,11
8360,7,1,18
8361,7,7,7
8362,7,4,4
8363,7,12,14
8364,7,4,4
8365,7,3,9
8366,7,3,9
8367,7,1,18
8368,7,1,18
8369,7,1,18
8370,7,4,4
8371,7,1,18
8372,7,5,15
8373,7,0,10
8374,7,14,13
8375,7,7,7
8376,7,0,10
8377,7,0,10
8378,7,3,9
8379,7,2,17
8380,7,14,13
8381,7,2,17
8382,7,4,4
8383,7,1,18
8384,7,15,8
8385,7,2,17
8386,7,2,17
8387,7,2,17
8388,7,9,11
8389,7,2,17
8390,7,1,18
8391,7,17,1
8392,7,1,18
8393,7,1,18
8394,7,1,18
8395,7,1,18
8396,7,0,10
8397,7,12,14
8398,7,0,10
8399,7,1,18
8400,7,4,4
8401,7,7,7
8402,7,16,12
8403,7,15,8
8404,7,1,18
8405,7,7,7
8406,7,0,10
8407,7,1,18
8408,7,1,18
8409,7,12,14
8410,7,1,18
8411,7,1,18
8412,7,3,9
8413,7,15,8
8414,7,15,8
8415,7,11,16
8416,7,1,18
8417,7,9,11
8418,7,5,15
8419,7,0,10
8420,7,9,11
8421,7,1,18
8422,7,1,18
8423,7,8,19
8424,7,1,18
8425,7,11,16
8426,7,0,10
8427,7,8,19
8428,7,0,10
8429,7,15,8
8430,7,0,10
8431,7,15,8
8432,7,8,19
8433,7,1,18
8434,7,3,9
8435,7,0,10
8436,7,0,10
8437,7,2,17
8438,7,5,15
8439,7,0,10
8440,7,2,17
8441,7,9,11
8442,7,9,11
8443,7,0,10
8444,7,3,9
8445,7,16,12
8446,7,1,18
8447,7,1,18
8448,7,1,18
8449,7,0,10
8450,7,7,7
8451,7,1,18
8452,7,2,17
8453,7,2,17
8454,7,0,10
8455,7,1,18
8456,7,5,15
8457,7,7,7
8458,7,1,18
8459,7,7,7
8460,7,10,2
8461,7,6,6
8462,7,3,9
8463,7,4,4
8464,7,7,7
8465,7,14,13
8466,7,15,8
8467,7,0,10
8468,7,6,6
8469,7,3,9
8470,7,1,18
8471,7,3,9
8472,7,1,18
8473,7,12,14
8474,7,1,18
8475,7,2,17
8476,7,2,17
8477,7,0,10
8478,7,0,10
8479,7,0,10
8480,7,4,4
8481,7,12,14
8482,7,4,4
8483,7,4,4
8484,7,6,6
8485,7,0,10
8486,7,17,1
8487,7,10,2
8488,7,8,19
8489,7,1,18
8490,7,9,11
8491,7,1,18
8492,7,0,10
8493,7,2,17
8494,7,6,6
8495,7,6,6
8496,7,0,10
8497,7,4,4
8498,7,13,0
8499,7,1,18
8500,7,0,10
8501,7,14,13
8502,7,15,8
8503,7,0,10
8504,7,15,8
8505,7,3,9
8506,7,0,10
8507,7,0,10
8508,7,2,17
8509,7,0,10
8510,7,11,16
8511,7,7,7
8512,7,2,17
8513,7,3,9
8514,7,1,18
8515,7,8,19
8516,7,3,9
8517,7,6,6
8518,7,17,1
8519,7,1,18
8520,7,9,11
8521,7,1,18
8522,7,1,18
8523,7,1,18
8524,7,1,18
8525,7,0,10
8526,7,0,10
8527,7,0,10
8528,7,0,10
8529,7,1,18
8530,7,4,4
8531,7,3,9
8532,7,0,10
8533,7,14,13
8534,7,2,17
8535,7,2,17
8536,7,1,18
8537,7,2,17
8538,7,2,17
8539,7,0,10
8540,7,10,2
8541,7,5,15
8542,7,1,18
8543,7,0,10
8544,7,3,9
8545,7,0,10
8546,7,0,10
8547,7,0,10
8548,7,6,6
8549,7,1,18
8550,7,3,9
8551,7,0,10
8552,7,1,18
8553,7,8,19
8554,7,15,8
8555,7,6,6
8556,7,1,18
8557,7,1,18
8558,7,8,19
8559,7,16,12
8560,7,18,5
8561,7,7,7
8562,7,3,9
8563,7,7,7
8564,7,1,18
8565,7,0,10
8566,7,9,11
8567,7,0,10
8568,7,7,7
8569,7,4,4
8570,7,1,18
8571,7,1,18
8572,7,4,4
8573,7,15,8
8574,7,1,18
8575,7,0,10
8576,7,5,15
8577,7,7,7
8578,7,1,18
8579,7,4,4
8580,7,1,18
8581,7,1,18
8582,7,4,4
8583,7,2,17
8584,7,1,18
8585,7,1,18
8586,7,1,18
8587,7,8,19
8588,7,1,18
8589,7,11,16
8590,7,1,18
8591,7,8,19
8592,7,8,19
8593,7,2,17
8594,7,12,14
8595,7,2,17
8596,7,7,7
8597,7,11,16
8598,7,1,18
8599,7,2,17
8600,7,8,19
8601,7,10,2
8602,7,7,7
8603,7,6,6
8604,7,3,9
8605,7,0,10
8606,7,0,10
8607,7,16,12
8608,7,0,10
8609,7,0,10
8610,7,3,9
8611,7,0,10
8612,7,1,18
8613,7,3,9
8614,7,9,11
8615,7,3,9
8616,7,0,10
8617,7,2,17
8618,7,6,6
8619,7,1,18
8620,7,0,10
8621,7,1,18
8622,7,12,14
8623,7,0,10
8624,7,3,9
8625,7,6,6
8626,7,4,4
8627,7,0,10
8628,7,6,6
8629,7,16,12
8630,7,10,2
8631,7,1,18
8632,7,4,4
8633,7,0,10
8634,7,6,6
8635,7,0,10
8636,7,1,18
8637,7,13,0
8638,7,6,6
8639,7,1,18
8640,7,0,10
8641,7,0,10
8642,7,1,18
8643,7,18,5
8644,7,1,18
8645,7,5,15
8646,7,1,18
8647,7,0,10
8648,7,3,9
8649,7,10,2
8650,7,1,18
8651,7,1,18
8652,7,3,9
8653,7,1,18
8654,7,15,8
8655,7,1,18
8656,7,0,10
8657,7,0,10
8658,7,0,10
8659,7,6,6
8660,7,1,18
8661,7,1,18
8662,7,9,11
8663,7,3,9
8664,7,16,12
8665,7,3,9
8666,7,5,15
8667,7,1,18
8668,7,1,18
8669,7,1,18
8670,7,12,14
8671,7,12,14
8672,7,1,18
8673,7,1,18
8674,7,1,18
8675,7,1,18
8676,7,18,5
8677,7,1,18
8678,7,4,4
8679,7,1,18
8680,7,2,17
8681,7,16,12
8682,7,1,18
8683,7,2,17
8684,7,9,11
8685,7,16,12
8686,8,12,14
8687,8,0,10
8688,8,6,6
8689,8,18,5
8690,8,1,18
8691,8,11,16
8692,8,0,10
8693,8,3,9
8694,8,18,5
8695,8,1,18
8696,8,3,9
8697,8,0,10
8698,8,0,10
8699,8,12,14
8700,8,0,10
8701,8,5,15
8702,8,7,7
8703,8,1,18
8704,8,4,4
8705,8,12,14
8706,8,2,17
8707,8,8,19
8708,8,1,18
8709,8,4,4
8710,8,3,9
8711,8,8,19
8712,8,0,10
8713,8,2,17
8714,8,0,10
8715,8,4,4
8716,8,1,18
8717,8,1,18
8718,8,10,2
8719,8,16,12
8720,8,1,18
8721,8,9,11
8722,8,1,18
8723,8,1,18
8724,8,3,9
8725,8,17,1
8726,8,17,1
8727,8,4,4
8728,8,1,18
8729,8,1,18
8730,8,6,6
8731,8,2,17
8732,8,1,18
8733,8,4,4
8734,8,0,10
8735,8,4,4
8736,8,15,8
8737,8,0,10
8738,8,1,18
8739,8,0,10
8740,8,1,18
8741,8,6,6
8742,8,4,4
8743,8,0,10
8744,8,2,17
8745,8,10,2
8746,8,0,10
8747,8,6,6
8748,8,1,18
8749,8,3,9
8750,8,6,6
8751,8,11,16
8752,8,10,2
8753,8,1,18
8754,8,4,4
8755,8,9,11
8756,8,4,4
8757,8,3,9
8758,8,1,18
8759,8,8,19
8760,8,15,8
8761,8,14,13
8762,8,1,18
8763,8,2,17
8764,8,1,18
8765,8,5,15
8766,8,2,17
8767,8,0,10
8768,8,6,6
8769,8,1,18
8770,8,1,18
8771,8,15,8
8772,8,9,11
8773,8,6,6
8774,8,1,18
8775,8,6,6
8776,8,5,15
8777,8,2,17
8778,8,0,10
8779,8,12,14
8780,8,5,15
8781,8,3,9
8782,8,1,18
8783,8,7,7
8784,8,15,8
8785,8,0,10
8786,8,0,10
8787,8,1,18
8788,8,0,10
8789,8,2,17
8790,8,0,10
8791,8,1,18
8792,8,2,17
8793,8,4,4
8794,8,0,10
8795,8,1,18
8796,8,1,18
8797,8,0,10
8798,8,2,17
8799,8,0,10
8800,8,2,17
8801,8,6,6
8802,8,1,18
8803,8,5,15
8804,8,4,4
8805,8,0,10
8806,8,4,4
8807,8,9,11
8808,8,16,12
8809,8,1,18
8810,8,16,12
8811,8,0,10
8812,8,1,18
8813,8,1,18
8814,8,1,18
8815,8,0,10
8816,8,3,9
8817,8,0,10
8818,8,1,18
8819,8,4,4
8820,8,3,9
8821,8,6,6
8822,8,15,8
8823,8,1,18
8824,8,1,18
8825,8,1,18
8826,8,6,6
8827,8,6,6
8828,8,4,4
8829,8,1,18
8830,8,0,10
8831,8,0,10
8832,8,5,15
8833,8,2,17
8834,8,0,10
8835,8,3,9
8836,8,0,10
8837,8,10,2
8838,8,2,17
8839,8,1,18
8840,8,12,14
8841,8,5,15
8842,8,2,17
8843,8,5,15
8844,8,1,18
8845,8,0,10
8846,8,0,10
8847,8,2,17
8848,8,4,4
8849,8,1,18
8850,8,0,10
8851,8,0,10
8852,8,15,8
8853,8,0,10
8854,8,3,9
8855,8,14,13
8856,8,1,18
8857,8,1,18
8858,8,2,17
8859,8,1,18
8860,8,0,10
8861,8,0,10
8862,8,3,9
8863,8,1,18
8864,8,0,10
8865,8,4,4
8866,8,15,8
8867,8,7,7
8868,8,1,18
8869,8,0,10
8870,8,1,18
8871,8,0,10
8872,8,0,10
8873,8,6,6
8874,8,1,18
8875,8,0,10
8876,8,0,10
8877,8,2,17
8878,8,15,8
8879,8,15,8
8880,8,1,18
8881,8,2,17
8882,8,11,16
8883,8,17,1
8884,8,0,10
8885,8,8,19
8886,8,10,2
8887,8,0,10
8888,8,1,18
8889,8,10,2
8890,8,1,18
8891,8,0,10
8892,8,11,16
8893,8,6,6
8894,8,11,16
8895,8,0,10
8896,8,2,17
8897,8,3,9
8898,8,1,18
8899,8,11,16
8900,8,16,12
8901,8,4,4
8902,8,4,4
8903,8,1,18
8904,8,9,11
8905,8,2,17
8906,8,0,10
8907,8,8,19
8908,8,3,9
8909,8,9,11
8910,8,15,8
8911,8,8,19
8912,8,9,11
8913,8,1,18
8914,8,1,18
8915,8,1,18
8916,8,1,18
8917,8,15,8
8918,8,6,6
8919,8,3,9
8920,8,1,18
8921,8,6,6
8922,8,4,4
8923,8,1,18
8924,8,6,6
8925,8,1,18
8926,8,8,19
8927,8,0,10
8928,8,10,2
8929,8,15,8
8930,8,8,19
8931,8,0,10
8932,8,0,10
8933,8,1,18
8934,8,1,18
8935,8,1,18
8936,8,1,18
8937,8,6,6
8938,8,4,4
8939,8,0,10
8940,8,3,9
8941,8,7,7
8942,8,2,17
8943,8,1,18
8944,8,8,19
8945,8,3,9
8946,8,4,4
8947,8,1,18
8948,8,3,9
8949,8,4,4
8950,8,7,7
8951,8,0,10
8952,8,4,4
8953,8,9,11
8954,8,1,18
8955,8,2,17
8956,8,1,18
8957,8,5,15
8958,8,10,2
8959,8,5,15
8960,8,5,15
8961,8,5,15
8962,8,2,17
8963,8,16,12
8964,8,16,12
8965,8,8,19
8966,8,5,15
8967,8,16,12
8968,8,4,4
8969,8,3,9
8970,8,12,14
8971,8,2,17
8972,8,5,15
8973,8,1,18
8974,8,1,18
8975,8,3,9
8976,8,7,7
8977,8,1,18
8978,8,3,9
8979,8,0,10
8980,8,1,18
8981,8,1,18
8982,8,11,16
8983,8,7,7
8984,8,5,15
8985,8,3,9
8986,8,1,18
8987,8,5,15
8988,8,0,10
8989,8,1,18
8990,8,0,10
8991,8,12,14
8992,8,7,7
8993,8,7,7
8994,8,3,9
8995,8,15,8
8996,8,1,18
8997,8,3,9
8998,8,1,18
8999,8,15,8
9000,8,6,6
9001,8,3,9
9002,8,2,17
9003,8,1,18
9004,8,1,18
9005,8,0,10
9006,8,3,9
9007,8,1,18
9008,8,15,8
9009,8,0,10
9010,8,1,18
9011,8,1,18
9012,8,0,10
9013,8,3,9
9014,8,7,7
9015,8,1,18
9016,8,1,18
9017,8,1,18
9018,8,2,17
9019,8,15,8
9020,8,0,10
9021,8,1,18
9022,8,2,17
9023,8,3,9
9024,8,11,16
9025,8,0,10
9026,8,4,4
9027,8,4,4
9028,8,3,9
9029,8,0,10
9030,8,4,4
9031,8,0,10
9032,8,3,9
9033,8,3,9
9034,8,7,7
9035,8,1,18
9036,8,4,4
9037,8,2,17
9038,8,8,19
9039,8,1,18
9040,8,11,16
9041,8,2,17
9042,8,9,11
9043,8,1,18
9044,8,4,4
9045,8,0,10
9046,8,4,4
9047,8,1,18
9048,8,1,18
9049,8,3,9
9050,8,9,11
9051,8,2,17
9052,8,3,9
9053,8,9,11
9054,8,0,10
9055,8,2,17
9056,8,3,9
9057,8,6,6
9058,8,4,4
9059,8,4,4
9060,8,14,13
9061,8,17,1
9062,8,15,8
9063,8,0,10
9064,8,0,10
9065,8,6,6
9066,8,17,1
9067,8,8,19
9068,8,3,9
9069,8,0,10
9070,8,10,2
9071,8,15,8
9072,8,1,18
9073,8,0,10
9074,8,0,10
9075,8,1,18
9076,8,0,10
9077,8,0,10
9078,8,8,19
9079,8,0,10
9080,8,1,18
9081,8,8,19
9082,8,4,4
9083,8,1,18
9084,8,7,7
9085,8,16,12
9086,8,6,6
9087,8,15,8
9088,8,1,18
9089,8,1,18
9090,8,0,10
9091,8,0,10
9092,8,0,10
9093,8,1,18
9094,8,1,18
9095,8,7,7
9096,8,0,10
9097,8,1,18
9098,8,0,10
9099,8,0,10
9100,8,9,11
9101,8,1,18
9102,8,0,10
9103,8,1,18
9104,8,6,6
9105,8,1,18
9106,8,4,4
9107,8,1,18
9108,8,3,9
9109,8,2,17
9110,8,5,15
9111,8,1,18
9112,8,3,9
9113,8,4,4
9114,8,0,10
9115,8,1,18
9116,8,9,11
9117,8,2,17
9118,8,1,18
9119,8,0,10
9120,8,9,11
9121,8,1,18
9122,8,17,1
9123,8,6,6
9124,8,1,18
9125,8,1,18
9126,8,1,18
9127,8,1,18
9128,8,4,4
9129,8,4,4
9130,8,3,9
9131,8,7,7
9132,8,1,18
9133,8,7,7
9134,8,4,4
9135,8,0,10
9136,8,15,8
9137,8,3,9
9138,8,3,9
9139,8,15,8
9140,8,0,10
9141,8,8,19
9142,8,3,9
9143,8,1,18
9144,8,0,10
9145,8,15,8
9146,8,1,18
9147,8,0,10
9148,8,1,18
9149,8,0,10
9150,8,17,1
9151,8,0,10
9152,8,1,18
9153,8,1,18
9154,8,6,6
9155,8,9,11
9156,8,1,18
9157,8,0,10
9158,8,17,1
9159,8,10,2
9160,8,3,9
9161,8,4,4
9162,8,6,6
9163,8,4,4
9164,8,6,6
9165,8,1,18
9166,8,4,4
9167,8,4,4
9168,8,3,9
9169,8,7,7
9170,8,4,4
9171,8,0,10
9172,8,1,18
9173,8,0,10
9174,8,6,6
9175,8,4,4
9176,8,0,10
9177,8,3,9
9178,8,0,10
9179,8,1,18
9180,8,1,18
9181,8,1,18
9182,8,0,10
9183,8,17,1
9184,8,3,9
9185,8,1,18
9186,8,1,18
9187,8,0,10
9188,8,14,13
9189,8,10,2
9190,8,0,10
9191,8,1,18
9192,8,15,8
9193,8,3,9
9194,8,1,18
9195,8,0,10
9196,8,0,10
9197,8,2,17
9198,8,3,9
9199,8,7,7
9200,8,9,11
9201,8,4,4
9202,8,3,9
9203,8,10,2
9204,8,1,18
9205,8,2,17
9206,8,0,10
9207,8,9,11
9208,8,16,12
9209,8,4,4
9210,8,9,11
9211,8,9,11
9212,8,9,11
9213,8,3,9
9214,8,0,10
9215,8,11,16
9216,8,0,10
9217,8,11,16
9218,8,11,16
9219,9,1,18
9220,9,0,10
9221,9,1,18
9222,9,0,10
9223,9,2,17
9224,9,2,17
9225,9,1,18
9226,9,5,15
9227,9,1,18
9228,9,1,18
9229,9,1,18
9230,9,1,18
9231,9,2,17
9232,9,1,18
9233,9,3,9
9234,9,6,6
9235,9,1,18
9236,9,2,17
9237,9,0,10
9238,9,4,4
9239,9,8,19
9240,9,3,9
9241,9,1,18
9242,9,0,10
9243,9,0,10
9244,9,10,2
9245,9,2,17
9246,9,2,17
9247,9,2,17
9248,9,10,2
9249,9,10,2
9250,9,7,7
9251,9,6,6
9252,9,3,9
9253,9,1,18
9254,9,2,17
9255,9,1,18
9256,9,3,9
9257,9,3,9
9258,9,1,18
9259,9,7,7
9260,9,3,9
9261,9,0,10
9262,9,4,4
9263,9,10,2
9264,9,0,10
9265,9,1,18
9266,9,4,4
9267,9,1,18
9268,9,0,10
9269,9,1,18
9270,9,6,6
9271,9,1,18
9272,9,1,18
9273,9,0,10
9274,9,9,11
9275,9,10,2
9276,9,3,9
9277,9,8,19
9278,9,8,19
9279,9,2,17
9280,9,15,8
9281,9,0,10
9282,9,0,10
9283,9,5,15
9284,9,4,4
9285,9,1,18
9286,9,16,12
9287,9,0,10
9288,9,0,10
9289,9,1,18
9290,9,0,10
9291,9,11,16
9292,9,11,16
9293,9,16,12
9294,9,8,19
9295,9,17,1
9296,9,1,18
9297,9,7,7
9298,9,0,10
9299,9,10,2
9300,9,5,15
9301,9,0,10
9302,9,0,10
9303,9,1,18
9304,9,5,15
9305,9,9,11
9306,9,1,18
9307,9,1,18
9308,9,6,6
9309,9,6,6
9310,9,7,7
9311,9,1,18
9312,9,17,1
9313,9,0,10
9314,9,17,1
9315,9,1,18
9316,9,1,18
9317,9,0,10
9318,9,8,19
9319,9,1,18
9320,9,1,18
9321,9,0,10
9322,9,4,4
9323,9,8,19
9324,9,1,18
9325,9,1,18
9326,9,5,15
9327,9,7,7
9328,9,3,9
9329,9,8,19
9330,9,16,12
9331,9,1,18
9332,9,1,18
9333,9,1,18
9334,9,3,9
9335,9,7,7
9336,9,2,17
9337,9,12,14
9338,9,4,4
9339,9,6,6
9340,9,1,18
9341,9,15,8
9342,9,16,12
9343,9,7,7
9344,9,12,14
9345,9,3,9
9346,9,1,18
9347,9,1,18
9348,9,1,18
9349,9,3,9
9350,9,0,10
9351,9,0,10
9352,9,3,9
9353,9,1,18
9354,9,5,15
9355,9,0,10
9356,9,6,6
9357,9,15,8
9358,9,0,10
9359,9,4,4
9360,9,4,4
9361,9,1,18
9362,9,0,10
9363,9,1,18
9364,9,2,17
9365,9,16,12
9366,9,8,19
9367,9,9,11
9368,9,0,10
9369,9,9,11
9370,9,4,4
9371,9,1,18
9372,9,2,17
9373,9,0,10
9374,9,2,17
9375,9,9,11
9376,9,6,6
9377,9,4,4
9378,9,4,4
9379,9,1,18
9380,9,1,18
9381,9,8,19
9382,9,0,10
9383,9,9,11
9384,9,4,4
9385,9,3,9
9386,9,1,18
9387,9,5,15
9388,9,4,4
9389,9,10,2
9390,9,2,17
9391,9,15,8
9392,9,0,10
9393,9,1,18
9394,9,2,17
9395,9,0,10
9396,9,7,7
9397,9,0,10
9398,9,3,9
9399,9,1,18
9400,9,0,10
9401,9,16,12
9402,9,3,9
9403,9,15,8
9404,9,14,13
9405,9,3,9
9406,9,5,15
9407,9,1,18
9408,9,3,9
9409,9,0,10
9410,9,9,11
9411,9,4,4
9412,9,4,4
9413,9,3,9
9414,9,2,17
9415,9,1,18
9416,9,4,4
9417,9,16,12
9418,9,1,18
9419,9,1,18
9420,9,3,9
9421,9,16,12
9422,9,0,10
9423,9,0,10
9424,9,9,11
9425,9,7,7
9426,9,4,4
9427,9,2,17
9428,9,1,18
9429,9,2,17
9430,9,2,17
9431,9,1,18
9432,9,1,18
9433,9,6,6
9434,9,2,17
9435,9,1,18
9436,9,9,11
9437,9,1,18
9438,9,9,11
9439,9,0,10
9440,9,0,10
9441,9,0,10
9442,9,1,18
9443,9,6,6
9444,9,1,18
9445,9,1,18
9446,9,0,10
9447,9,5,15
9448,9,1,18
9449,9,0,10
9450,9,1,18
9451,9,4,4
9452,9,4,4
9453,9,9,11
9454,9,1,18
9455,9,0,10
9456,9,0,10
9457,9,1,18
9458,9,2,17
9459,9,0,10
9460,9,0,10
9461,9,1,18
9462,9,0,10
9463,9,15,8
9464,9,7,7
9465,9,15,8
9466,9,6,6
9467,9,0,10
9468,9,3,9
9469,9,1,18
9470,9,3,9
9471,9,17,1
9472,9,4,4
9473,9,2,17
9474,9,10,2
9475,9,0,10
9476,9,15,8
9477,9,3,9
9478,9,0,10
9479,9,3,9
9480,9,4,4
9481,9,0,10
9482,9,15,8
9483,9,2,17
9484,9,2,17
9485,9,0,10
9486,9,6,6
9487,9,7,7
9488,9,6,6
9489,9,0,10
9490,9,1,18
9491,9,1,18
9492,9,15,8
9493,9,3,9
9494,9,4,4
9495,9,17,1
9496,9,1,18
9497,9,10,2
9498,9,4,4
9499,9,3,9
9500,9,3,9
9501,9,5,15
9502,9,0,10
9503,9,12,14
9504,9,0,10
9505,9,1,18
9506,9,2,17
9507,9,6,6
9508,9,0,10
9509,9,6,6
9510,9,0,10
9511,9,3,9
9512,9,0,10
9513,9,0,10
9514,9,1,18
9515,9,0,10
9516,9,1,18
9517,9,15,8
9518,9,1,18
9519,9,11,16
9520,9,9,11
9521,9,12,14
9522,9,1,18
9523,9,0,10
9524,9,3,9
9525,9,6,6
9526,9,15,8
9527,9,0,10
9528,9,2,17
9529,9,5,15
9530,9,2,17
9531,9,1,18
9532,9,0,10
9533,9,2,17
9534,9,0,10
9535,9,0,10
9536,9,0,10
9537,9,5,15
9538,9,3,9
9539,9,1,18
9540,9,0,10
9541,9,1,18
9542,9,0,10
9543,9,6,6
9544,9,4,4
9545,9,17,1
9546,9,2,17
9547,9,2,17
9548,9,0,10
9549,9,1,18
9550,9,17,1
9551,9,5,15
9552,9,0,10
9553,9,2,17
9554,9,6,6
9555,9,0,10
9556,9,0,10
9557,9,10,2
9558,9,4,4
9559,9,0,10
9560,9,1,18
9561,9,0,10
9562,9,3,9
9563,9,0,10
9564,9,2,17
9565,9,1,18
9566,9,0,10
9567,9,6,6
9568,9,0,10
9569,9,0,10
9570,9,4,4
9571,9,17,1
9572,9,15,8
9573,9,0,10
9574,9,10,2
9575,9,1,18
9576,9,10,2
9577,9,10,2
9578,9,12,14
9579,9,0,10
9580,9,1,18
9581,9,5,15
9582,9,6,6
9583,9,0,10
9584,9,14,13
9585,9,4,4
9586,9,4,4
9587,9,4,4
9588,9,0,10
9589,9,1,18
9590,9,2,17
9591,9,15,8
9592,9,11,16
9593,9,0,10
9594,9,1,18
9595,9,4,4
9596,9,0,10
9597,9,17,1
9598,9,0,10
9599,9,1,18
9600,9,6,6
9601,9,0,10
9602,9,1,18
9603,9,11,16
9604,9,0,10
9605,9,16,12
9606,9,0,10
9607,9,9,11
9608,9,1,18
9609,9,5,15
9610,9,3,9
9611,9,0,10
9612,9,3,9
9613,9,0,10
9614,9,1,18
9615,9,2,17
9616,9,1,18
9617,9,5,15
9618,9,10,2
9619,9,12,14
9620,9,16,12
9621,9,1,18
9622,9,10,2
9623,9,4,4
9624,9,6,6
9625,9,0,10
9626,9,0,10
9627,9,0,10
9628,9,1,18
9629,9,0,10
9630,9,0,10
9631,9,15,8
9632,9,3,9
9633,9,1,18
9634,9,0,10
9635,9,4,4
9636,9,1,18
9637,9,0,10
9638,9,1,18
9639,9,0,10
9640,9,9,11
9641,9,5,15
9642,9,12,14
9643,9,1,18
9644,9,7,7
9645,9,6,6
9646,9,16,12
9647,9,3,9
9648,9,17,1
9649,9,2,17
9650,9,1,18
9651,9,1,18
9652,9,9,11
9653,9,2,17
9654,9,0,10
9655,9,6,6
9656,9,1,18
9657,9,8,19
9658,9,16,12
9659,9,5,15
9660,9,9,11
9661,9,1,18
9662,9,0,10
9663,9,7,7
9664,9,7,7
9665,9,10,2
9666,9,1,18
9667,9,3,9
9668,9,0,10
9669,9,1,18
9670,9,6,6
9671,9,0,10
9672,9,1,18
9673,9,16,12
9674,9,1,18
9675,9,2,17
9676,9,2,17
9677,9,2,17
9678,9,1,18
9679,9,0,10
9680,9,10,2
9681,9,1,18
9682,9,7,7
9683,9,1,18
9684,9,15,8
9685,9,4,4
9686,9,9,11
9687,9,5,15
9688,9,5,15
9689,9,0,10
9690,9,8,19
9691,9,1,18
9692,9,0,10
9693,9,1,18
9694,9,6,6
9695,9,6,6
9696,9,0,10
9697,9,4,4
9698,9,4,4
9699,9,15,8
9700,9,4,4
9701,9,6,6
9702,9,0,10
9703,9,15,8
9704,9,17,1
9705,9,8,19
9706,9,1,18
9707,9,1,18
9708,9,3,9
9709,9,0,10
9710,9,3,9
9711,9,0,10
9712,9,0,10
9713,9,1,18
9714,9,9,11
9715,9,6,6
9716,9,9,11
9717,9,0,10
9718,9,1,18
9719,9,6,6
9720,9,0,10
9721,9,0,10
9722,9,9,11
9723,9,1,18
9724,9,4,4
9725,9,9,11
9726,9,0,10
9727,9,0,10
9728,9,1,18
9729,9,0,10
9730,9,1,18
9731,9,3,9
9732,9,6,6
9733,9,3,9
9734,9,0,10
9735,9,1,18
9736,9,7,7
9737,9,10,2
9738,9,3,9
9739,9,0,10
9740,9,3,9
9741,9,6,6
9742,9,2,17
9743,9,4,4
9744,9,4,4
9745,9,10,2
9746,9,3,9
9747,9,0,10
9748,9,3,9
9749,9,1,18
9750,9,4,4
9751,9,0,10
9752,9,17,1
9753,9,0,10
9754,9,1,18
9755,9,1,18
9756,9,0,10
9757,9,0,10
9758,9,6,6
9759,9,2,17
9760,9,1,18
9761,9,0,10
9762,9,0,10
9763,9,1,18
9764,9,1,18
9765,9,1,18
9766,9,1,18
9767,9,6,6
9768,9,8,19
9769,9,1,18
9770,9,6,6
9771,9,4,4
9772,9,1,18
9773,9,1,18
9774,9,0,10
9775,9,4,4
9776,9,0,10
9777,9,7,7
9778,9,0,10
9779,9,0,10
9780,9,2,17
9781,9,0,10
9782,9,5,15
9783,9,3,9
9784,9,1,18
9785,9,1,18
9786,9,0,10
9787,9,1,18
9788,9,3,9
9789,9,9,11
9790,9,9,11
9791,9,6,6
9792,9,9,11
9793,9,0,10
9794,9,11,16
9795,9,0,10
9796,9,0,10
9797,9,0,10
9798,9,9,11
9799,9,1,18
9800,9,0,10
9801,9,1,18
9802,9,1,18
9803,9,11,16
9804,9,0,10
9805,9,4,4
9806,9,0,10
9807,9,0,10
9808,9,2,17
9809,9,1,18
9810,9,15,8
9811,9,3,9
9812,9,3,9
9813,9,0,10
9814,9,1,18
9815,9,0,10
9816,9,16,12
9817,9,1,18
9818,9,1,18
9819,9,0,10
9820,9,0,10
9821,9,7,7
9822,9,1,18
9823,9,9,11
9824,9,16,12
9825,9,0,10
9826,9,12,14
9827,9,15,8
9828,9,2,17
9829,9,4,4
9830,9,1,18
9831,9,4,4
9832,9,4,4
9833,9,0,10
9834,9,2,17
9835,9,2,17
9836,9,9,11
9837,9,1,18
9838,9,1,18
9839,9,0,10
9840,9,1,18
9841,9,2,17
9842,9,1,18
9843,9,11,16
9844,9,1,18
9845,9,15,8
9846,9,1,18
9847,9,0,10
9848,9,1,18
9849,9,16,12
9850,9,15,8
9851,9,2,17
9852,9,1,18
9853,9,1,18
9854,9,1,18
9855,9,6,6
9856,9,0,10
9857,9,2,17
9858,9,1,18
9859,9,0,10
9860,9,0,10
9861,9,0,10
9862,9,0,10
9863,9,7,7
9864,9,15,8
9865,9,3,9
9866,9,11,16
9867,9,16,12
9868,9,0,10
9869,9,6,6
9870,9,3,9
9871,9,0,10
9872,9,1,18
9873,9,1,18
9874,9,0,10
9875,9,18,5
9876,9,6,6
9877,9,3,9
9878,9,0,10
9879,9,0,10
9880,9,18,5
9881,9,0,10
9882,9,1,18
9883,9,9,11
9884,9,3,9
9885,9,5,15
9886,9,9,11
9887,9,1,18
9888,9,0,10
9889,9,16,12
9890,9,0,10
9891,9,5,15
9892,9,6,6
9893,9,0,10
9894,9,5,15
9895,9,6,6
9896,9,3,9
9897,9,1,18
9898,9,2,17
9899,9,2,17
9900,9,15,8
9901,9,1,18
9902,9,2,17
9903,9,16,12
9904,9,1,18
9905,9,0,10
9906,9,0,10
9907,9,0,10
9908,9,16,12
9909,9,3,9
9910,9,1,18
9911,9,16,12
9912,9,0,10
9913,9,2,17
9914,9,0,10
9915,9,3,9
9916,9,6,6
9917,9,3,9
9918,9,15,8
9919,9,2,17
9920,9,1,18
9921,9,12,14
9922,9,1,18
9923,9,0,10
9924,9,0,10
9925,9,0,10
9926,9,8,19
9927,9,3,9
9928,9,0,10
9929,9,1,18
9930,9,7,7
9931,9,2,17
9932,9,1,18
9933,9,0,10
9934,9,0,10
9935,9,11,16
9936,9,0,10
9937,9,1,18
9938,9,1,18
9939,9,0,10
9940,9,4,4
9941,9,3,9
9942,9,3,9
9943,9,0,10
9944,9,0,10
9945,9,0,10
9946,9,9,11
9947,9,0,10
9948,9,3,9
9949,9,5,15
9950,9,3,9
9951,9,0,10
9952,9,3,9
9953,9,0,10
9954,9,11,16
9955,9,2,17
9956,9,1,18
9957,9,7,7
9958,9,1,18
9959,9,1,18
9960,9,9,11
9961,9,0,10
9962,9,1,18
9963,9,1,18
9964,9,4,4
9965,9,0,10
9966,9,1,18
9967,9,11,16
9968,9,8,19
9969,9,16,12
9970,9,1,18
9971,9,1,18
9972,9,4,4
9973,9,2,17
9974,9,6,6
9975,9,0,10
9976,9,0,10
9977,9,1,18
9978,9,0,10
9979,9,5,15
9980,9,0,10
9981,9,0,10
9982,9,0,10
9983,9,3,9
9984,9,2,17
9985,9,9,11
9986,9,3,9
9987,9,3,9
9988,9,2,17
9989,9,3,9
9990,9,5,15
9991,9,0,10
9992,9,0,10
9993,9,4,4
9994,9,10,2
9995,9,4,4
9996,9,1,18
9997,9,0,10
9998,9,9,11
9999,9,3,9
10000,9,0,10
10001,9,0,10
10002,9,0,10
10003,9,1,18
10004,9,7,7
10005,9,0,10
10006,9,0,10
10007,9,3,9
10008,9,11,16
10009,9,1,18
10010,9,7,7
10011,9,7,7
10012,9,10,2
10013,9,3,9
10014,9,9,11
10015,9,6,6
10016,9,14,13
10017,9,8,19
10018,10,1,18
10019,10,1,18
10020,10,2,17
10021,10,1,18
10022,10,0,10
10023,10,9,11
10024,10,2,17
10025,10,0,10
10026,10,8,19
10027,10,2,17
10028,10,9,11
10029,10,9,11
10030,10,1,18
10031,10,0,10
10032,10,2,17
10033,10,3,9
10034,10,9,11
10035,10,0,10
10036,10,1,18
10037,10,10,2
10038,10,0,10
10039,10,8,19
10040,10,1,18
10041,10,0,10
10042,10,9,11
10043,10,6,6
10044,10,1,18
10045,10,8,19
10046,10,8,19
10047,10,0,10
10048,10,6,6
10049,10,11,16
10050,10,0,10
10051,10,3,9
10052,10,1,18
10053,10,0,10
10054,10,1,18
10055,10,0,10
10056,10,0,10
10057,10,2,17
10058,10,2,17
10059,10,14,13
10060,10,1,18
10061,10,0,10
10062,10,0,10
10063,10,0,10
10064,10,15,8
10065,10,1,18
10066,10,11,16
10067,10,0,10
10068,10,15,8
10069,10,0,10
10070,10,2,17
10071,10,4,4
10072,10,2,17
10073,10,4,4
10074,10,0,10
10075,10,9,11
10076,10,1,18
10077,10,0,10
10078,10,7,7
10079,10,1,18
10080,10,14,13
10081,10,6,6
10082,10,8,19
10083,10,15,8
10084,10,14,13
10085,10,4,4
10086,10,0,10
10087,10,3,9
10088,10,15,8
10089,10,0,10
10090,10,3,9
10091,10,4,4
10092,10,3,9
10093,10,3,9
10094,10,8,19
10095,10,0,10
10096,10,0,10
10097,10,3,9
10098,10,3,9
10099,10,1,18
10100,10,2,17
10101,10,6,6
10102,10,6,6
10103,10,2,17
10104,10,9,11
10105,10,0,10
10106,10,0,10
10107,10,11,16
10108,10,9,11
10109,10,17,1
10110,10,4,4
10111,10,0,10
10112,10,1,18
10113,10,4,4
10114,10,2,17
10115,10,3,9
10116,10,5,15
10117,10,1,18
10118,10,9,11
10119,10,2,17
10120,10,6,6
10121,10,0,10
10122,10,9,11
10123,10,6,6
10124,10,2,17
10125,10,2,17
10126,10,8,19
10127,10,0,10
10128,10,0,10
10129,10,1,18
10130,10,0,10
10131,10,0,10
10132,10,0,10
10133,10,1,18
10134,10,1,18
10135,10,5,15
10136,10,1,18
10137,10,1,18
10138,10,6,6
10139,10,0,10
10140,10,0,10
10141,10,5,15
10142,10,1,18
10143,10,10,2
10144,10,3,9
10145,10,2,17
10146,10,12,14
10147,10,0,10
10148,10,10,2
10149,10,10,2
10150,10,1,18
10151,10,6,6
10152,10,0,10
10153,10,4,4
10154,10,0,10
10155,10,7,7
10156,10,0,10
10157,10,1,18
10158,10,1,18
10159,10,0,10
10160,10,0,10
10161,10,14,13
10162,10,4,4
10163,10,1,18
10164,10,6,6
10165,10,2,17
10166,10,6,6
10167,10,4,4
10168,10,3,9
10169,10,1,18
10170,10,16,12
10171,10,2,17
10172,10,9,11
10173,10,1,18
10174,10,10,2
10175,10,4,4
10176,10,7,7
10177,10,1,18
10178,10,0,10
10179,10,0,10
10180,10,1,18
10181,10,3,9
10182,10,0,10
10183,10,0,10
10184,10,1,18
10185,10,0,10
10186,10,1,18
10187,10,6,6
10188,10,0,10
10189,10,1,18
10190,10,1,18
10191,10,4,4
10192,10,6,6
10193,10,0,10
10194,10,1,18
10195,10,1,18
10196,10,0,10
10197,10,2,17
10198,10,5,15
10199,10,0,10
10200,10,0,10
10201,10,0,10
10202,10,6,6
10203,10,0,10
10204,10,6,6
10205,10,3,9
10206,10,1,18
10207,10,0,10
10208,10,4,4
10209,10,0,10
10210,10,2,17
10211,10,0,10
10212,10,15,8
10213,10,8,19
10214,10,2,17
10215,10,4,4
10216,10,3,9
10217,10,0,10
10218,10,0,10
10219,10,0,10
10220,10,0,10
10221,10,0,10
10222,10,10,2
10223,10,0,10
10224,10,3,9
10225,10,2,17
10226,10,6,6
10227,10,0,10
10228,10,7,7
10229,10,6,6
10230,10,0,10
10231,10,0,10
10232,10,0,10
10233,10,2,17
10234,10,0,10
10235,10,8,19
10236,10,2,17
10237,10,0,10
10238,10,0,10
10239,10,9,11
10240,10,1,18
10241,10,8,19
10242,10,1,18
10243,10,2,17
10244,10,0,10
10245,10,0,10
10246,10,0,10
10247,10,3,9
10248,10,6,6
10249,10,1,18
10250,10,1,18
10251,10,3,9
10252,10,7,7
10253,10,4,4
10254,10,1,18
10255,10,6,6
10256,10,2,17
10257,10,0,10
10258,10,6,6
10259,10,0,10
10260,10,0,10
10261,10,1,18
10262,10,4,4
10263,10,15,8
10264,10,1,18
10265,10,6,6
10266,10,16,12
10267,10,10,2
10268,10,1,18
10269,10,11,16
10270,10,6,6
10271,10,1,18
10272,10,6,6
10273,10,9,11
10274,10,6,6
10275,10,15,8
10276,10,10,2
10277,10,0,10
10278,10,9,11
10279,10,11,16
10280,10,1,18
10281,10,2,17
10282,10,9,11
10283,10,16,12
10284,10,15,8
10285,10,6,6
10286,10,11,16
10287,10,0,10
10288,10,4,4
10289,10,14,13
10290,10,9,11
10291,10,7,7
10292,10,0,10
10293,10,0,10
10294,10,0,10
10295,10,12,14
10296,10,1,18
10297,10,14,13
10298,10,11,16
10299,10,4,4
10300,10,0,10
10301,10,6,6
10302,10,4,4
10303,10,0,10
10304,10,2,17
10305,10,11,16
10306,10,0,10
10307,10,6,6
10308,10,0,10
10309,10,0,10
10310,10,9,11
10311,10,3,9
10312,10,0,10
10313,10,4,4
10314,10,1,18
10315,10,0,10
10316,10,1,18
10317,10,7,7
10318,10,2,17
10319,10,6,6
10320,10,0,10
10321,10,12,14
10322,10,7,7
10323,10,1,18
10324,10,6,6
10325,10,4,4
10326,10,4,4
10327,10,0,10
10328,10,6,6
10329,10,4,4
10330,10,3,9
10331,10,15,8
10332,10,2,17
10333,10,1,18
10334,10,4,4
10335,10,1,18
10336,10,1,18
10337,10,3,9
10338,10,0,10
10339,10,14,13
10340,10,0,10
10341,10,0,10
10342,10,3,9
10343,10,1,18
10344,10,3,9
10345,10,3,9
10346,10,1,18
10347,10,2,17
10348,10,1,18
10349,10,4,4
10350,10,2,17
10351,10,1,18
10352,10,16,12
10353,10,1,18
10354,10,1,18
10355,10,1,18
10356,10,9,11
10357,10,0,10
10358,10,7,7
10359,10,0,10
10360,10,15,8
10361,10,1,18
10362,10,1,18
10363,10,1,18
10364,10,1,18
10365,10,2,17
10366,10,6,6
10367,10,12,14
10368,10,11,16
10369,10,0,10
10370,10,3,9
10371,10,1,18
10372,10,12,14
10373,10,2,17
10374,10,8,19
10375,10,16,12
10376,10,6,6
10377,10,9,11
10378,10,16,12
10379,10,0,10
10380,10,0,10
10381,10,8,19
10382,10,4,4
10383,10,0,10
10384,10,2,17
10385,10,4,4
10386,10,9,11
10387,10,6,6
10388,10,6,6
10389,10,1,18
10390,10,9,11
10391,10,4,4
10392,10,8,19
10393,10,12,14
10394,10,5,15
10395,10,6,6
10396,10,14,13
10397,10,5,15
10398,10,4,4
10399,10,3,9
10400,10,6,6
10401,10,3,9
10402,10,0,10
10403,10,2,17
10404,10,1,18
10405,10,2,17
10406,10,0,10
10407,10,1,18
10408,10,8,19
10409,10,3,9
10410,10,1,18
10411,10,2,17
10412,10,0,10
10413,10,0,10
10414,10,0,10
10415,10,0,10
10416,10,0,10
10417,10,6,6
10418,10,0,10
10419,10,0,10
10420,10,0,10
10421,10,0,10
10422,10,10,2
10423,10,0,10
10424,10,12,14
10425,10,0,10
10426,10,0,10
10427,10,0,10
10428,10,0,10
10429,10,0,10
10430,10,0,10
10431,10,0,10
10432,10,0,10
10433,10,0,10
10434,10,0,10
10435,10,12,14
10436,10,0,10
10437,10,0,10
10438,10,0,10
10439,10,0,10
10440,10,10,2
10441,10,13,0
10442,10,13,0
10443,10,0,10
10444,10,0,10
10445,10,7,7
10446,10,0,10
10447,10,0,10
10448,10,0,10
10449,10,0,10
10450,10,0,10
10451,10,3,9
10452,10,0,10
10453,10,0,10
10454,10,13,0
10455,10,10,2
10456,10,13,0
10457,10,13,0
10458,10,17,1
10459,10,12,14
10460,10,12,14
10461,10,12,14
10462,10,13,0
10463,10,16,12
10464,10,0,10
10465,10,0,10
10466,10,0,10
10467,10,0,10
10468,10,1,18
10469,10,0,10
10470,10,0,10
10471,10,0,10
10472,10,0,10
10473,10,0,10
10474,10,0,10
10475,10,4,4
10476,10,13,0
10477,10,0,10
10478,10,2,17
10479,10,4,4
10480,10,3,9
10481,10,12,14
10482,10,0,10
10483,10,2,17
10484,10,3,9
10485,10,13,0
10486,10,0,10
10487,10,0,10
10488,10,0,10
10489,10,11,16
10490,10,13,0
10491,10,13,0
10492,10,15,8
10493,10,3,9
10494,10,4,4
10495,10,10,2
10496,10,1,18
10497,10,0,10
10498,10,14,13
10499,10,3,9
10500,10,5,15
10501,10,0,10
10502,10,0,10
10503,10,0,10
10504,10,4,4
10505,10,10,2
10506,10,0,10
10507,10,0,10
10508,10,0,10
10509,10,0,10
10510,10,12,14
10511,10,11,16
10512,10,0,10
10513,10,0,10
10514,10,10,2
10515,10,6,6
10516,10,10,2
10517,10,0,10
10518,10,12,14
10519,10,0,10
10520,10,4,4
10521,10,0,10
10522,10,1,18
10523,10,0,10
10524,10,13,0
10525,10,4,4
10526,10,13,0
10527,10,0,10
10528,10,0,10
10529,10,12,14
10530,10,1,18
10531,10,9,11
10532,10,2,17
10533,10,1,18
10534,10,13,0
10535,10,13,0
10536,10,0,10
10537,10,0,10
10538,10,1,18
10539,10,0,10
10540,10,0,10
10541,10,0,10
10542,10,0,10
10543,10,0,10
10544,10,0,10
10545,10,2,17
10546,10,0,10
10547,10,0,10
10548,10,8,19
10549,10,0,10
10550,10,10,2
10551,10,1,18
10552,10,0,10
10553,10,0,10
10554,10,0,10
10555,10,13,0
10556,10,11,16
10557,10,0,10
10558,10,7,7
10559,10,14,13
10560,10,0,10
10561,10,0,10
10562,10,5,15
10563,10,13,0
10564,10,0,10
10565,10,0,10
10566,10,0,10
10567,10,0,10
10568,10,0,10
10569,10,0,10
10570,10,0,10
10571,10,0,10
10572,10,0,10
10573,10,3,9
10574,10,4,4
10575,10,0,10
10576,10,0,10
10577,10,3,9
10578,10,4,4
10579,10,3,9
10580,10,1,18
10581,10,0,10
10582,10,1,18
10583,10,4,4
10584,10,0,10
10585,10,5,15
10586,10,1,18
10587,10,5,15
10588,10,0,10
10589,10,0,10
10590,10,0,10
10591,10,7,7
10592,10,13,0
10593,10,0,10
10594,10,4,4
10595,10,0,10
10596,10,0,10
10597,10,0,10
10598,10,0,10
10599,10,7,7
10600,10,0,10
10601,10,0,10
10602,10,0,10
10603,10,0,10
10604,10,13,0
10605,10,0,10
10606,10,0,10
10607,10,0,10
10608,10,0,10
10609,10,0,10
10610,10,0,10
10611,10,0,10
10612,10,5,15
10613,10,4,4
10614,10,6,6
10615,10,6,6
10616,10,1,18
10617,10,0,10
10618,10,0,10
10619,10,3,9
10620,10,0,10
10621,10,0,10
10622,10,13,0
10623,10,0,10
10624,10,0,10
10625,10,7,7
10626,10,0,10
10627,10,2,17
10628,10,14,13
10629,10,13,0
10630,10,0,10
10631,10,14,13
10632,10,0,10
10633,10,8,19
10634,10,0,10
10635,10,0,10
10636,10,0,10
10637,10,0,10
10638,10,0,10
10639,10,3,9
10640,10,13,0
10641,10,5,15
10642,10,5,15
10643,10,0,10
10644,10,0,10
10645,10,0,10
10646,10,0,10
10647,10,0,10
10648,10,3,9
10649,10,0,10
10650,10,0,10
10651,10,0,10
10652,10,3,9
10653,10,0,10
10654,10,0,10
10655,10,0,10
10656,10,3,9
10657,10,5,15
10658,10,13,0
10659,10,5,15
10660,10,9,11
10661,10,14,13
10662,10,13,0
10663,10,5,15
10664,10,3,9
10665,10,1,18
10666,10,3,9
10667,10,0,10
10668,10,13,0
10669,10,1,18
10670,10,1,18
10671,10,13,0
10672,10,0,10
10673,10,12,14
10674,10,13,0
10675,10,13,0
10676,10,0,10
10677,10,3,9
10678,10,2,17
10679,10,13,0
10680,10,2,17
10681,10,2,17
10682,10,0,10
10683,10,14,13
10684,10,5,15
10685,10,0,10
10686,10,0,10
10687,10,0,10
10688,10,0,10
10689,10,0,10
10690,10,0,10
10691,10,3,9
10692,10,0,10
10693,10,0,10
10694,10,12,14
10695,10,0,10
10696,10,10,2
10697,10,10,2
10698,10,0,10
10699,10,0,10
10700,10,0,10
10701,10,16,12
10702,10,3,9
10703,10,3,9
10704,10,8,19
10705,10,4,4
10706,10,0,10
10707,10,14,13
10708,10,0,10
10709,10,13,0
10710,10,11,16
10711,10,11,16
10712,10,8,19
10713,10,8,19
10714,10,13,0
10715,10,0,10
10716,10,2,17
10717,10,13,0
10718,10,0,10
10719,10,0,10
10720,10,10,2
10721,10,4,4
10722,10,0,10
10723,10,7,7
10724,10,0,10
10725,10,0,10
10726,10,3,9
10727,10,0,10
10728,10,0,10
10729,10,0,10
10730,10,2,17
10731,10,0,10
10732,10,13,0
10733,10,0,10
10734,10,12,14
10735,10,3,9
10736,10,15,8
10737,10,7,7
10738,10,3,9
10739,10,12,14
10740,10,4,4
10741,10,0,10
10742,10,10,2
10743,10,0,10
10744,10,0,10
10745,10,0,10
10746,10,0,10
10747,10,0,10
10748,10,0,10
10749,10,0,10
10750,10,8,19
10751,10,5,15
10752,10,4,4
10753,10,12,14
10754,10,13,0
10755,10,0,10
10756,10,0,10
10757,10,8,19
10758,10,15,8
10759,10,0,10
10760,10,4,4
10761,10,0,10
10762,10,0,10
10763,10,13,0
10764,10,7,7
10765,10,0,10
10766,10,2,17
10767,10,12,14
10768,10,2,17
10769,10,0,10
10770,10,0,10
10771,10,0,10
10772,10,3,9
10773,10,10,2
10774,10,12,14
10775,10,5,15
10776,10,2,17
10777,10,0,10
10778,10,0,10
10779,10,13,0
10780,10,13,0
10781,10,0,10
10782,10,0,10
10783,10,13,0
10784,10,7,7
10785,10,0,10
10786,10,0,10
10787,10,7,7
10788,10,0,10
10789,10,0,10
10790,10,0,10
10791,10,2,17
10792,10,1,18
10793,10,0,10
10794,10,0,10
10795,10,2,17
10796,10,0,10
10797,10,0,10
10798,10,0,10
10799,10,0,10
10800,10,4,4
10801,10,0,10
10802,10,4,4
10803,10,13,0
10804,10,13,0
10805,10,0,10
10806,10,7,7
10807,10,0,10
10808,10,0,10
10809,10,2,17
10810,10,5,15
10811,10,2,17
10812,10,13,0
10813,10,7,7
10814,10,0,10
10815,10,0,10
10816,10,4,4
10817,10,11,16
10818,10,12,14
10819,10,2,17
10820,10,0,10
10821,10,2,17
10822,10,7,7
10823,10,13,0
10824,10,0,10
10825,10,3,9
10826,10,3,9
10827,10,12,14
10828,10,13,0
10829,10,0,10
10830,10,0,10
10831,10,2,17
10832,10,10,2
10833,10,0,10
10834,10,3,9
10835,10,14,13
10836,10,3,9
10837,10,0,10
10838,10,7,7
10839,10,4,4
10840,10,4,4
10841,10,10,2
10842,10,6,6
10843,10,5,15
10844,10,0,10
10845,10,0,10
10846,10,0,10
10847,10,0,10
10848,10,14,13
10849,10,2,17
10850,10,12,14
10851,10,1,18
10852,10,1,18
10853,10,14,13
10854,10,7,7
10855,10,2,17
10856,10,8,19
10857,10,2,17
10858,10,0,10
10859,10,0,10
10860,10,5,15
10861,10,1,18
10862,10,0,10
10863,10,1,18
10864,10,0,10
10865,10,0,10
10866,10,5,15
10867,10,5,15
10868,10,0,10
10869,10,0,10
10870,10,0,10
10871,10,0,10
10872,10,0,10
10873,10,0,10
10874,10,2,17
10875,10,1,18
10876,10,2,17
10877,10,2,17
10878,10,1,18
10879,10,5,15
10880,10,6,6
10881,10,3,9
10882,10,9,11
10883,10,2,17
10884,10,2,17
10885,10,2,17
10886,10,2,17
10887,10,3,9
10888,10,6,6
10889,10,4,4
10890,10,0,10
10891,10,2,17
10892,10,0,10
10893,10,0,10
10894,10,10,2
10895,10,5,15
10896,10,8,19
10897,10,0,10
10898,10,13,0
10899,10,13,0
10900,10,0,10
10901,10,8,19
10902,10,1,18
10903,10,1,18
10904,10,12,14
10905,10,12,14
10906,10,12,14
10907,10,0,10
10908,10,0,10
10909,10,12,14
10910,10,0,10
10911,10,3,9
10912,10,0,10
10913,10,10,2
10914,10,2,17
10915,10,5,15
10916,10,5,15
10917,10,5,15
10918,10,0,10
10919,10,13,0
10920,10,0,10
10921,10,0,10
10922,10,0,10
10923,10,0,10
10924,10,0,10
10925,10,0,10
10926,10,0,10
10927,10,2,17
10928,10,0,10
10929,10,5,15
10930,10,0,10
10931,10,2,17
10932,10,0,10
10933,10,0,10
10934,10,12,14
10935,10,0,10
10936,10,0,10
10937,10,0,10
10938,10,0,10
10939,10,0,10
10940,10,5,15
10941,10,13,0
10942,10,2,17
10943,10,0,10
10944,10,0,10
10945,10,13,0
10946,10,2,17
10947,10,5,15
10948,10,5,15
10949,10,5,15
10950,10,0,10
10951,10,1,18
10952,10,8,19
10953,10,0,10
10954,10,18,5
10955,10,1,18
10956,10,3,9
10957,10,0,10
10958,10,2,17
10959,10,10,2
10960,10,0,10
10961,10,2,17
10962,10,10,2
10963,10,12,14
10964,10,5,15
10965,10,0,10
10966,10,0,10
10967,10,0,10
10968,10,0,10
10969,10,0,10
10970,10,7,7
10971,10,0,10
10972,10,5,15
10973,10,5,15
10974,10,4,4
10975,10,8,19
10976,10,0,10
10977,10,12,14
10978,10,0,10
10979,10,5,15
10980,10,13,0
10981,10,0,10
10982,10,3,9
10983,10,9,11
10984,10,5,15
10985,10,5,15
10986,10,5,15
10987,10,0,10
10988,10,2,17
10989,10,0,10
10990,10,0,10
10991,10,4,4
10992,10,6,6
10993,10,9,11
10994,10,9,11
10995,10,10,2
10996,10,0,10
10997,10,0,10
10998,10,0,10
10999,10,13,0
11000,10,7,7
11001,10,0,10
11002,10,13,0
11003,10,0,10
11004,10,0,10
11005,10,13,0
11006,10,13,0
11007,10,9,11
11008,10,0,10
11009,10,1,18
11010,10,0,10
11011,10,3,9
11012,10,0,10
11013,10,0,10
11014,10,0,10
11015,10,0,10
11016,10,0,10
11017,10,0,10
11018,10,0,10
11019,10,0,10
11020,10,0,10
11021,10,0,10
11022,10,0,10
11023,10,0,10
11024,10,0,10
11025,10,8,19
11026,10,6,6
11027,10,0,10
11028,10,3,9
11029,10,0,10
11030,10,13,0
11031,10,0,10
11032,10,0,10
11033,10,5,15
11034,10,5,15
11035,10,0,10
11036,10,0,10
11037,10,13,0
11038,10,13,0
11039,10,0,10
11040,10,0,10
11041,10,0,10
11042,10,18,5
11043,10,18,5
11044,10,0,10
11045,10,2,17
11046,10,1,18
11047,10,1,18
11048,10,6,6
11049,10,8,19
11050,10,5,15
11051,10,6,6
11052,10,7,7
11053,10,10,2
11054,10,2,17
11055,10,2,17
11056,10,2,17
11057,10,0,10
11058,10,0,10
11059,10,9,11
11060,10,5,15
11061,10,0,10
11062,10,0,10
11063,10,0,10
11064,10,0,10
11065,10,0,10
11066,10,0,10
11067,10,7,7
11068,10,6,6
11069,10,0,10
11070,10,4,4
11071,10,11,16
11072,10,3,9
11073,10,0,10
11074,10,0,10
11075,10,0,10
11076,10,0,10
11077,10,4,4
11078,10,3,9
11079,10,0,10
11080,10,0,10
11081,10,0,10
11082,10,0,10
11083,10,0,10
11084,10,0,10
11085,10,1,18
11086,10,7,7
11087,10,1,18
11088,10,2,17
11089,10,0,10
11090,10,8,19
11091,10,0,10
11092,10,0,10
11093,10,0,10
11094,10,10,2
11095,10,1,18
11096,10,1,18
11097,10,0,10
11098,10,11,16
11099,10,11,16
11100,10,13,0
11101,10,4,4
11102,10,5,15
11103,10,0,10
11104,10,0,10
11105,10,13,0
11106,10,0,10
11107,10,0,10
11108,10,2,17
11109,10,0,10
11110,10,0,10
11111,10,0,10
11112,10,4,4
11113,10,0,10
11114,10,13,0
11115,10,2,17
11116,10,3,9
11117,10,0,10
11118,10,0,10
11119,10,0,10
11120,10,10,2
11121,10,0,10
11122,10,13,0
11123,10,13,0
11124,10,6,6
11125,10,0,10
11126,10,0,10
11127,10,0,10
11128,10,2,17
11129,10,0,10
11130,10,1,18
11131,10,0,10
11132,10,0,10
11133,10,0,10
11134,10,13,0
11135,10,0,10
11136,10,1,18
11137,10,1,18
11138,10,8,19
11139,10,0,10
11140,10,0,10
11141,10,0,10
11142,10,0,10
11143,10,3,9
11144,10,4,4
11145,10,7,7
11146,10,0,10
11147,10,0,10
11148,10,5,15
11149,10,5,15
11150,10,0,10
11151,10,3,9
11152,10,13,0
11153,10,10,2
11154,10,10,2
11155,10,13,0
11156,10,2,17
11157,10,0,10
11158,10,2,17
11159,10,0,10
11160,10,1,18
11161,10,3,9
11162,10,5,15
11163,10,0,10
11164,10,3,9
11165,10,0,10
11166,10,0,10
11167,10,0,10
11168,10,0,10
11169,10,0,10
11170,10,0,10
11171,10,0,10
11172,10,0,10
11173,10,13,0
11174,10,11,16
11175,10,11,16
11176,10,11,16
11177,10,0,10
11178,10,2,17
11179,10,5,15
11180,10,13,0
11181,10,9,11
11182,10,14,13
11183,10,14,13
11184,10,0,10
11185,10,0,10
11186,10,13,0
11187,10,0,10
11188,10,3,9
11189,10,0,10
11190,10,0,10
11191,10,0,10
11192,10,0,10
11193,10,0,10
11194,10,0,10
11195,10,0,10
11196,10,0,10
11197,10,0,10
11198,10,0,10
11199,10,0,10
11200,10,0,10
11201,10,0,10
11202,10,0,10
11203,10,0,10
11204,10,2,17
11205,10,8,19
11206,10,4,4
11207,10,7,7
11208,10,2,17
11209,10,3,9
11210,10,0,10
11211,10,0,10
11212,10,0,10
11213,10,0,10
11214,10,13,0
11215,10,0,10
11216,10,0,10
11217,10,13,0
11218,10,0,10
11219,10,13,0
11220,10,0,10
11221,10,0,10
11222,10,0,10
11223,10,0,10
11224,10,0,10
11225,10,13,0
11226,10,0,10
11227,10,10,2
11228,10,0,10
11229,10,0,10
11230,10,0,10
11231,10,13,0
11232,10,0,10
11233,10,0,10
11234,10,13,0
11235,10,9,11
11236,10,9,11
11237,10,9,11
11238,10,6,6
11239,10,5,15
11240,10,0,10
11241,10,13,0
11242,10,5,15
11243,10,0,10
11244,10,4,4
11245,10,13,0
11246,10,2,17
11247,10,0,10
11248,10,0,10
11249,10,0,10
11250,10,2,17
11251,10,0,10
11252,10,1,18
11253,10,0,10
11254,10,0,10
11255,10,1,18
11256,10,13,0
11257,10,6,6
11258,10,9,11
11259,10,0,10
11260,10,0,10
11261,10,0,10
11262,10,5,15
11263,10,0,10
11264,10,0,10
11265,10,0,10
11266,10,0,10
11267,10,0,10
11268,10,0,10
11269,10,2,17
11270,10,2,17
11271,10,2,17
11272,10,10,2
11273,10,0,10
11274,10,0,10
11275,10,0,10
11276,10,0,10
11277,10,0,10
11278,10,0,10
11279,10,13,0
11280,10,13,0
11281,10,2,17
11282,10,2,17
11283,10,2,17
11284,10,13,0
11285,10,4,4
11286,10,2,17
11287,10,5,15
11288,10,1,18
11289,10,0,10
11290,10,0,10
11291,10,5,15
11292,10,5,15
11293,10,14,13
11294,10,3,9
11295,10,11,16
11296,10,0,10
11297,10,0,10
11298,10,0,10
11299,10,0,10
11300,10,0,10
11301,10,4,4
11302,10,10,2
11303,10,10,2
11304,10,8,19
11305,10,0,10
11306,10,0,10
11307,10,2,17
11308,10,2,17
11309,10,13,0
11310,10,1,18
11311,10,3,9
11312,10,3,9
11313,10,1,18
11314,10,1,18
11315,10,13,0
11316,10,1,18
11317,10,16,12
11318,10,0,10
11319,10,13,0
11320,10,2,17
11321,10,2,17
11322,10,0,10
11323,10,0,10
11324,10,0,10
11325,10,0,10
11326,10,0,10
11327,10,6,6
11328,10,0,10
11329,10,11,16
11330,10,0,10
11331,10,0,10
11332,10,0,10
11333,10,0,10
11334,10,8,19
11335,10,2,17
11336,10,2,17
11337,10,13,0
11338,10,0,10
11339,10,3,9
11340,10,13,0
11341,10,4,4
11342,10,11,16
11343,10,1,18
11344,10,0,10
11345,10,0,10
11346,10,2,17
11347,10,10,2
11348,10,0,10
11349,10,13,0
11350,10,0,10
11351,10,0,10
11352,10,13,0
11353,10,13,0
11354,10,12,14
11355,10,14,13
11356,10,1,18
11357,10,13,0
11358,10,12,14
11359,10,0,10
11360,10,0,10
11361,10,0,10
11362,10,7,7
11363,10,0,10
11364,10,0,10
11365,10,0,10
11366,10,10,2
11367,10,1,18
11368,10,0,10
11369,10,0,10
11370,10,0,10
11371,10,0,10
11372,10,1,18
11373,10,0,10
11374,10,8,19
11375,10,8,19
11376,10,4,4
11377,10,0,10
11378,10,1,18
11379,10,14,13
11380,10,0,10
11381,10,0,10
11382,10,0,10
11383,10,8,19
11384,10,2,17
11385,10,14,13
11386,10,0,10
11387,10,0,10
11388,10,1,18
11389,10,2,17
11390,10,0,10
11391,10,0,10
11392,10,4,4
11393,10,1,18
11394,10,0,10
11395,10,0,10
11396,10,4,4
11397,10,6,6
11398,10,0,10
11399,10,0,10
11400,10,1,18
11401,10,0,10
11402,10,0,10
11403,10,0,10
11404,10,10,2
11405,10,2,17
11406,10,7,7
11407,10,0,10
11408,10,0,10
11409,10,8,19
11410,10,13,0
11411,10,13,0
11412,10,1,18
11413,10,2,17
11414,10,3,9
11415,10,8,19
11416,10,0,10
11417,10,0,10
11418,10,12,14
11419,10,0,10
11420,10,16,12
11421,10,0,10
11422,10,0,10
11423,10,0,10
11424,10,4,4
11425,10,0,10
11426,10,4,4
11427,10,0,10
11428,10,2,17
11429,10,9,11
11430,10,0,10
11431,10,12,14
11432,10,12,14
11433,10,14,13
11434,10,13,0
11435,10,0,10
11436,10,14,13
11437,10,13,0
11438,10,0,10
11439,10,0,10
11440,10,0,10
11441,10,3,9
11442,10,2,17
11443,10,0,10
11444,10,2,17
11445,10,0,10
11446,10,0,10
11447,10,0,10
11448,10,0,10
11449,10,0,10
11450,10,3,9
11451,10,13,0
11452,10,0,10
11453,10,0,10
11454,10,0,10
11455,10,13,0
11456,10,0,10
11457,10,2,17
11458,10,3,9
11459,10,0,10
11460,10,6,6
11461,10,0,10
11462,10,0,10
11463,10,9,11
11464,10,8,19
11465,10,0,10
11466,10,0,10
11467,10,0,10
11468,10,0,10
11469,10,14,13
11470,10,0,10
11471,10,2,17
11472,10,1,18
11473,10,0,10
11474,10,1,18
11475,10,13,0
11476,10,0,10
11477,10,0,10
11478,10,11,16
11479,10,14,13
11480,10,0,10
11481,10,0,10
11482,10,0,10
11483,10,9,11
11484,10,0,10
11485,10,0,10
11486,10,0,10
11487,10,0,10
11488,10,0,10
11489,10,9,11
11490,10,0,10
11491,10,1,18
11492,10,1,18
11493,10,0,10
11494,10,0,10
11495,10,0,10
11496,10,0,10
11497,10,0,10
11498,10,10,2
11499,10,13,0
11500,10,0,10
11501,10,11,16
11502,10,11,16
11503,10,13,0
11504,10,8,19
11505,10,0,10
11506,10,0,10
11507,10,2,17
11508,10,5,15
11509,10,0,10
11510,10,0,10
11511,10,0,10
11512,10,0,10
11513,10,0,10
11514,10,0,10
11515,10,14,13
11516,10,0,10
11517,10,1,18
11518,10,1,18
11519,10,3,9
11520,10,1,18
11521,10,2,17
11522,10,0,10
11523,10,10,2
11524,10,1,18
11525,10,0,10
11526,10,0,10
11527,10,4,4
11528,10,12,14
11529,10,12,14
11530,10,12,14
11531,10,10,2
11532,10,2,17
11533,10,13,0
11534,10,5,15
11535,10,0,10
11536,10,0,10
11537,10,0,10
11538,10,0,10
11539,10,0,10
11540,10,0,10
11541,10,4,4
11542,10,0,10
11543,10,0,10
11544,10,11,16
11545,10,0,10
11546,10,0,10
11547,10,0,10
11548,10,8,19
11549,10,0,10
11550,10,2,17
11551,10,6,6
11552,10,13,0
11553,10,1,18
11554,10,1,18
11555,10,13,0
11556,10,11,16
11557,10,14,13
11558,10,5,15
11559,10,11,16
11560,10,0,10
11561,10,4,4
11562,10,3,9
11563,10,0,10
11564,10,0,10
11565,10,0,10
11566,10,3,9
11567,10,0,10
11568,10,16,12
11569,10,2,17
11570,10,0,10
11571,10,12,14
11572,10,12,14
11573,10,13,0
11574,10,0,10
11575,10,0,10
11576,10,0,10
11577,10,4,4
11578,10,1,18
11579,10,0,10
11580,10,0,10
11581,10,0,10
11582,10,13,0
11583,10,0,10
11584,10,10,2
11585,10,12,14
11586,10,0,10
11587,10,0,10
11588,10,0,10
11589,10,3,9
11590,10,2,17
11591,10,0,10
11592,10,4,4
11593,10,0,10
11594,10,7,7
11595,10,0,10
11596,10,6,6
11597,10,1,18
11598,10,4,4
11599,10,0,10
11600,10,0,10
11601,10,7,7
11602,10,7,7
11603,10,2,17
11604,10,2,17
11605,10,0,10
11606,10,0,10
11607,10,17,1
11608,10,0,10
11609,10,9,11
11610,10,1,18
11611,10,0,10
11612,10,6,6
11613,10,0,10
11614,10,0,10
11615,10,11,16
11616,10,14,13
11617,10,0,10
11618,10,13,0
11619,10,13,0
11620,10,13,0
11621,10,12,14
11622,10,13,0
11623,10,13,0
11624,10,0,10
11625,10,14,13
11626,10,1,18
11627,10,13,0
11628,10,4,4
11629,10,0,10
11630,10,0,10
11631,10,0,10
11632,10,5,15
11633,10,13,0
11634,10,0,10
11635,10,14,13
11636,10,0,10
11637,10,4,4
11638,10,13,0
11639,10,0,10
11640,10,0,10
11641,10,13,0
11642,10,4,4
11643,10,14,13
11644,10,13,0
11645,10,0,10
11646,10,16,12
11647,10,16,12
11648,10,2,17
11649,10,2,17
11650,10,4,4
11651,10,3,9
11652,10,0,10
11653,10,1,18
11654,10,1,18
11655,10,1,18
11656,10,0,10
11657,10,13,0
11658,10,13,0
11659,10,8,19
11660,10,1,18
11661,10,1,18
11662,10,0,10
11663,10,14,13
11664,10,0,10
11665,10,0,10
11666,10,4,4
11667,10,13,0
11668,10,3,9
11669,10,0,10
11670,10,16,12
11671,10,3,9
11672,10,7,7
11673,10,3,9
11674,10,0,10
11675,10,1,18
11676,10,0,10
11677,10,0,10
11678,10,0,10
11679,10,0,10
11680,10,2,17
11681,10,16,12
11682,10,10,2
11683,10,2,17
11684,10,2,17
11685,10,0,10
11686,10,10,2
11687,10,13,0
11688,10,4,4
11689,10,4,4
11690,10,0,10
11691,10,0,10
11692,10,0,10
11693,10,0,10
11694,10,12,14
11695,10,13,0
11696,10,0,10
11697,10,0,10
11698,10,0,10
11699,10,0,10
11700,10,0,10
11701,10,13,0
11702,10,13,0
11703,10,8,19
11704,10,14,13
11705,10,3,9
11706,10,4,4
11707,10,4,4
11708,10,13,0
11709,10,13,0
11710,10,13,0
11711,10,0,10
11712,10,0,10
11713,10,0,10
11714,10,5,15
11715,10,0,10
11716,10,3,9
11717,10,0,10
11718,10,7,7
11719,10,8,19
11720,10,2,17
11721,10,0,10
11722,10,5,15
11723,10,0,10
11724,10,0,10
11725,10,10,2
11726,10,0,10
11727,10,0,10
11728,10,12,14
11729,10,0,10
11730,10,8,19
11731,10,0,10
11732,10,0,10
11733,10,7,7
11734,10,10,2
11735,10,0,10
11736,10,0,10
11737,10,16,12
11738,10,1,18
11739,10,4,4
11740,10,1,18
11741,10,0,10
11742,10,0,10
11743,10,0,10
11744,10,5,15
11745,10,0,10
11746,10,3,9
11747,10,0,10
11748,10,0,10
11749,10,1,18
11750,10,0,10
11751,10,0,10
11752,10,3,9
11753,10,3,9
11754,10,1,18
11755,10,0,10
11756,10,0,10
11757,10,9,11
11758,10,0,10
11759,10,0,10
11760,10,0,10
11761,10,0,10
11762,10,3,9
11763,10,2,17
11764,10,2,17
11765,10,0,10
11766,10,4,4
11767,10,0,10
11768,10,0,10
11769,10,11,16
11770,10,11,16
11771,10,0,10
11772,10,0,10
11773,10,1,18
11774,10,1,18
11775,10,3,9
11776,10,0,10
11777,10,2,17
11778,10,0,10
11779,10,9,11
11780,10,0,10
11781,10,0,10
11782,10,4,4
11783,10,0,10
11784,10,0,10
11785,10,0,10
11786,10,0,10
11787,10,9,11
11788,10,0,10
11789,10,3,9
11790,10,3,9
11791,10,0,10
11792,10,4,4
11793,10,1,18
11794,10,5,15
11795,10,14,13
11796,10,0,10
11797,10,1,18
11798,10,0,10
11799,10,16,12
11800,10,1,18
11801,10,0,10
11802,10,5,15
11803,10,14,13
11804,10,13,0
11805,10,0,10
11806,10,10,2
11807,10,0,10
11808,10,0,10
11809,10,13,0
11810,10,0,10
11811,10,0,10
11812,10,0,10
11813,10,3,9
11814,10,12,14
11815,10,7,7
11816,10,0,10
11817,10,0,10
11818,10,2,17
11819,10,0,10
11820,10,0,10
11821,10,0,10
11822,10,1,18
11823,10,6,6
11824,10,16,12
11825,10,3,9
11826,10,0,10
11827,10,0,10
11828,10,12,14
11829,10,0,10
11830,10,3,9
11831,10,11,16
11832,10,13,0
11833,10,0,10
11834,10,0,10
11835,10,0,10
11836,10,6,6
11837,10,6,6
11838,10,2,17
11839,10,0,10
11840,10,0,10
11841,10,0,10
11842,10,12,14
11843,10,0,10
11844,10,8,19
11845,10,0,10
11846,10,0,10
11847,10,0,10
11848,10,3,9
11849,10,0,10
11850,10,4,4
11851,10,13,0
11852,10,0,10
11853,10,0,10
11854,10,5,15
11855,10,0,10
11856,10,0,10
11857,10,16,12
11858,10,13,0
11859,10,15,8
11860,10,0,10
11861,10,0,10
11862,10,0,10
11863,10,0,10
11864,10,0,10
11865,10,1,18
11866,10,1,18
11867,10,0,10
11868,10,0,10
11869,10,0,10
11870,10,2,17
11871,10,0,10
11872,10,2,17
11873,10,0,10
11874,10,12,14
11875,10,7,7
11876,10,2,17
11877,10,0,10
11878,10,0,10
11879,10,0,10
11880,10,0,10
11881,10,0,10
11882,10,3,9
11883,10,6,6
11884,10,0,10
11885,10,0,10
11886,10,0,10
11887,10,3,9
11888,10,16,12
11889,10,0,10
11890,10,13,0
11891,10,0,10
11892,10,0,10
11893,10,0,10
11894,10,0,10
11895,10,0,10
11896,10,2,17
11897,10,13,0
11898,10,0,10
11899,10,2,17
11900,10,2,17
11901,10,9,11
11902,10,13,0
11903,10,0,10
11904,10,0,10
11905,10,7,7
11906,10,0,10
11907,10,0,10
11908,10,0,10
11909,10,13,0
11910,10,13,0
11911,10,0,10
11912,10,0,10
11913,10,0,10
11914,10,0,10
11915,10,0,10
11916,10,0,10
11917,10,0,10
11918,10,15,8
11919,10,0,10
11920,10,5,15
11921,10,0,10
11922,10,0,10
11923,10,0,10
11924,10,7,7
11925,10,0,10
11926,10,10,2
11927,10,14,13
11928,10,0,10
11929,10,0,10
11930,10,5,15
11931,10,10,2
11932,10,0,10
11933,10,0,10
11934,10,0,10
11935,10,13,0
11936,10,0,10
11937,10,0,10
11938,10,0,10
11939,10,8,19
11940,10,15,8
11941,10,8,19
11942,10,0,10
11943,10,1,18
11944,10,5,15
11945,10,0,10
11946,10,4,4
11947,10,10,2
11948,10,2,17
11949,10,0,10
11950,10,0,10
11951,10,1,18
11952,10,9,11
11953,10,1,18
11954,10,0,10
11955,10,8,19
11956,10,0,10
11957,10,0,10
11958,10,0,10
11959,10,11,16
11960,10,7,7
11961,10,0,10
11962,10,12,14
11963,10,0,10
11964,10,1,18
11965,10,0,10
11966,10,0,10
11967,10,14,13
11968,10,0,10
11969,10,2,17
11970,10,11,16
11971,10,10,2
11972,10,10,2
11973,10,0,10
11974,10,0,10
11975,10,0,10
11976,10,1,18
11977,10,0,10
11978,10,0,10
11979,10,3,9
11980,10,0,10
11981,10,8,19
11982,10,8,19
11983,10,5,15
11984,10,0,10
11985,10,0,10
11986,10,0,10
11987,10,8,19
11988,10,5,15
11989,10,0,10
11990,10,0,10
11991,10,12,14
11992,10,4,4
11993,10,8,19
11994,10,13,0
11995,10,13,0
11996,10,0,10
11997,10,0,10
11998,10,13,0
11999,10,13,0
12000,10,0,10
12001,10,0,10
12002,10,0,10
12003,10,0,10
12004,10,13,0
12005,10,2,17
12006,10,1,18
12007,10,0,10
12008,10,8,19
12009,10,8,19
12010,10,8,19
12011,10,0,10
12012,10,0,10
12013,10,1,18
12014,10,0,10
12015,10,0,10
12016,10,0,10
12017,10,0,10
12018,10,7,7
12019,10,0,10
12020,10,0,10
12021,10,13,0
12022,10,0,10
12023,10,0,10
12024,10,0,10
12025,10,0,10
12026,10,0,10
12027,10,12,14
12028,10,9,11
12029,10,2,17
12030,10,0,10
12031,10,5,15
12032,10,11,16
12033,10,12,14
12034,10,13,0
12035,10,3,9
12036,10,3,9
12037,10,0,10
12038,10,0,10
12039,10,0,10
12040,10,1,18
12041,10,0,10
12042,10,12,14
12043,10,0,10
12044,10,5,15
12045,10,0,10
12046,10,0,10
12047,10,0,10
12048,10,0,10
12049,10,12,14
12050,10,0,10
12051,10,0,10
12052,10,7,7
12053,10,7,7
12054,10,0,10
12055,10,0,10
12056,10,5,15
12057,10,3,9
12058,10,7,7
12059,10,0,10
12060,10,6,6
12061,10,0,10
12062,10,0,10
12063,10,1,18
12064,10,0,10
12065,10,0,10
12066,10,0,10
12067,10,8,19
12068,10,0,10
12069,10,0,10
12070,10,0,10
12071,10,0,10
12072,10,1,18
12073,10,5,15
12074,10,11,16
12075,10,0,10
12076,10,9,11
12077,10,0,10
12078,10,0,10
12079,10,8,19
12080,10,0,10
12081,10,0,10
12082,10,3,9
12083,10,7,7
12084,10,7,7
12085,10,0,10
12086,10,0,10
12087,10,14,13
12088,10,7,7
12089,10,0,10
12090,10,0,10
12091,10,0,10
12092,10,0,10
12093,10,13,0
12094,10,5,15
12095,10,0,10
12096,10,10,2
12097,10,6,6
12098,10,0,10
12099,10,10,2
12100,10,0,10
12101,10,5,15
12102,10,4,4
12103,10,13,0
12104,10,0,10
12105,10,0,10
12106,10,0,10
12107,10,0,10
12108,10,10,2
12109,10,5,15
12110,10,10,2
12111,10,0,10
12112,10,2,17
12113,10,2,17
12114,10,4,4
12115,10,12,14
12116,10,16,12
12117,10,0,10
12118,10,0,10
12119,10,0,10
12120,10,0,10
12121,10,11,16
12122,10,0,10
12123,10,0,10
12124,10,5,15
12125,10,2,17
12126,10,0,10
12127,10,0,10
12128,10,2,17
12129,10,14,13
12130,10,0,10
12131,10,10,2
12132,10,2,17
12133,10,0,10
12134,10,0,10
12135,10,0,10
12136,10,2,17
12137,10,8,19
12138,10,4,4
12139,10,5,15
12140,10,2,17
12141,10,2,17
12142,10,0,10
12143,10,0,10
12144,10,0,10
12145,10,0,10
12146,10,0,10
12147,10,14,13
12148,10,2,17
12149,10,0,10
12150,10,0,10
12151,10,0,10
12152,10,8,19
12153,10,5,15
12154,10,5,15
12155,10,0,10
12156,10,13,0
12157,10,0,10
12158,10,14,13
12159,10,11,16
12160,10,0,10
12161,10,3,9
12162,10,3,9
12163,10,0,10
12164,10,17,1
12165,10,5,15
12166,10,0,10
12167,10,0,10
12168,10,2,17
12169,10,11,16
12170,10,7,7
12171,10,7,7
12172,10,0,10
12173,10,0,10
12174,10,9,11
12175,10,0,10
12176,10,8,19
12177,10,6,6
12178,10,5,15
12179,10,0,10
12180,10,4,4
12181,10,0,10
12182,10,0,10
12183,10,13,0
12184,10,9,11
12185,10,0,10
12186,10,0,10
12187,10,0,10
12188,10,0,10
12189,10,14,13
12190,10,7,7
12191,10,13,0
12192,10,1,18
12193,10,3,9
12194,10,0,10
12195,10,8,19
12196,10,8,19
12197,10,0,10
12198,10,12,14
12199,10,12,14
12200,10,13,0
12201,10,13,0
12202,10,7,7
12203,10,5,15
12204,10,0,10
12205,10,0,10
12206,10,0,10
12207,10,4,4
12208,10,0,10
12209,10,2,17
12210,10,0,10
12211,10,0,10
12212,10,0,10
12213,10,0,10
12214,10,5,15
12215,10,1,18
12216,10,0,10
12217,10,0,10
12218,10,3,9
12219,10,1,18
12220,10,1,18
12221,10,14,13
12222,10,0,10
12223,10,2,17
12224,10,0,10
12225,10,10,2
12226,10,0,10
12227,10,0,10
12228,10,2,17
12229,10,0,10
12230,10,0,10
12231,10,0,10
12232,10,0,10
12233,10,6,6
12234,10,0,10
12235,10,0,10
12236,10,2,17
12237,10,0,10
12238,10,13,0
12239,10,13,0
12240,10,14,13
12241,10,7,7
12242,10,0,10
12243,10,0,10
12244,10,0,10
12245,10,14,13
12246,10,0,10
12247,10,8,19
12248,10,2,17
12249,10,0,10
12250,10,13,0
12251,10,14,13
12252,10,13,0
12253,10,13,0
12254,10,14,13
12255,10,0,10
12256,10,5,15
12257,10,3,9
12258,10,15,8
12259,10,9,11
12260,10,13,0
12261,10,13,0
12262,10,0,10
12263,10,0,10
12264,10,0,10
12265,10,0,10
12266,10,2,17
12267,10,2,17
12268,10,8,19
12269,10,0,10
12270,10,0,10
12271,10,1,18
12272,10,3,9
12273,10,0,10
12274,10,11,16
12275,10,0,10
12276,10,1,18
12277,10,13,0
12278,10,0,10
12279,10,0,10
12280,10,0,10
12281,10,0,10
12282,10,15,8
12283,10,13,0
12284,10,13,0
12285,10,1,18
12286,10,4,4
12287,10,0,10
12288,10,13,0
12289,10,0,10
12290,10,0,10
12291,10,2,17
12292,10,2,17
12293,10,10,2
12294,10,1,18
12295,10,2,17
12296,10,7,7
12297,10,13,0
12298,10,13,0
12299,10,12,14
12300,10,12,14
12301,10,0,10
12302,10,1,18
12303,10,2,17
12304,10,1,18
12305,10,0,10
12306,10,0,10
12307,10,16,12
12308,10,8,19
12309,10,0,10
12310,10,8,19
12311,10,8,19
12312,10,16,12
12313,10,0,10
12314,10,10,2
12315,10,0,10
12316,10,13,0
12317,10,0,10
12318,10,1,18
12319,10,13,0
12320,10,2,17
12321,10,2,17
12322,10,0,10
12323,10,0,10
12324,10,12,14
12325,10,0,10
12326,10,0,10
12327,10,0,10
12328,10,10,2
12329,10,10,2
12330,10,0,10
12331,10,4,4
12332,10,0,10
12333,10,9,11
12334,10,0,10
12335,10,0,10
12336,10,14,13
12337,10,14,13
12338,10,5,15
12339,10,0,10
12340,10,0,10
12341,10,0,10
12342,10,2,17
12343,10,1,18
12344,10,10,2
12345,10,0,10
12346,10,0,10
12347,10,5,15
12348,10,10,2
12349,10,1,18
12350,10,0,10
12351,10,1,18
12352,10,1,18
12353,10,12,14
12354,10,13,0
12355,10,0,10
12356,10,0,10
12357,10,0,10
12358,10,1,18
12359,10,0,10
12360,10,3,9
12361,10,13,0
12362,10,0,10
12363,10,12,14
12364,10,1,18
12365,10,10,2
12366,10,0,10
12367,10,3,9
12368,10,0,10
12369,10,0,10
12370,10,2,17
12371,10,0,10
12372,10,0,10
12373,10,13,0
12374,10,13,0
12375,10,13,0
12376,10,2,17
12377,10,5,15
12378,10,0,10
12379,10,1,18
12380,10,0,10
12381,10,9,11
12382,10,4,4
12383,10,0,10
12384,10,2,17
12385,10,5,15
12386,10,12,14
12387,10,10,2
12388,10,1,18
12389,10,0,10
12390,10,10,2
12391,10,3,9
12392,10,0,10
12393,10,4,4
12394,10,0,10
12395,10,0,10
12396,10,1,18
12397,10,13,0
12398,10,0,10
12399,10,4,4
12400,10,13,0
12401,10,10,2
12402,10,0,10
12403,10,0,10
12404,10,0,10
12405,10,12,14
12406,10,0,10
12407,10,1,18
12408,10,11,16
12409,10,13,0
12410,10,9,11
12411,10,8,19
12412,10,2,17
12413,10,0,10
12414,10,0,10
12415,10,0,10
12416,10,0,10
12417,10,0,10
12418,10,7,7
12419,10,0,10
12420,10,0,10
12421,10,0,10
12422,10,3,9
12423,10,13,0
12424,10,0,10
12425,10,12,14
12426,10,0,10
12427,10,0,10
12428,10,0,10
12429,10,13,0
12430,10,12,14
12431,10,12,14
12432,10,10,2
12433,10,5,15
12434,10,0,10
12435,10,4,4
12436,10,12,14
12437,10,6,6
12438,10,8,19
12439,10,0,10
12440,10,1,18
12441,10,5,15
12442,10,3,9
12443,10,7,7
12444,10,13,0
12445,10,0,10
12446,10,13,0
12447,10,2,17
12448,10,0,10
12449,10,4,4
12450,10,0,10
12451,10,0,10
12452,10,0,10
12453,10,3,9
12454,10,2,17
12455,10,0,10
12456,10,0,10
12457,10,1,18
12458,10,0,10
12459,10,0,10
12460,10,0,10
12461,10,7,7
12462,10,4,4
12463,10,7,7
12464,10,12,14
12465,10,0,10
12466,10,0,10
12467,10,0,10
12468,10,2,17
12469,10,0,10
12470,10,3,9
12471,10,7,7
12472,10,6,6
12473,10,0,10
12474,10,2,17
12475,10,3,9
12476,10,12,14
12477,10,5,15
12478,10,13,0
12479,10,0,10
12480,10,13,0
12481,10,7,7
12482,10,0,10
12483,10,5,15
12484,10,2,17
12485,10,13,0
12486,10,12,14
12487,10,12,14
12488,10,13,0
12489,10,0,10
12490,10,2,17
12491,10,0,10
12492,10,10,2
12493,10,2,17
12494,10,2,17
12495,10,1,18
12496,10,0,10
12497,10,0,10
12498,10,16,12
12499,10,0,10
12500,10,1,18
12501,10,5,15
12502,10,5,15
12503,10,17,1
12504,10,3,9
12505,10,3,9
12506,10,0,10
12507,10,2,17
12508,10,2,17
12509,10,4,4
12510,10,4,4
12511,10,1,18
12512,10,11,16
12513,10,0,10
12514,10,0,10
12515,10,8,19
12516,10,0,10
12517,10,13,0
12518,10,10,2
12519,10,0,10
12520,10,12,14
12521,10,0,10
12522,10,0,10
12523,10,0,10
12524,10,0,10
12525,10,0,10
12526,10,0,10
12527,10,1,18
12528,10,0,10
12529,10,0,10
12530,10,5,15
12531,10,0,10
12532,10,0,10
12533,10,1,18
12534,10,1,18
12535,10,14,13
12536,10,0,10
12537,10,0,10
12538,10,0,10
12539,10,1,18
12540,10,0,10
12541,10,0,10
12542,10,6,6
12543,10,0,10
12544,10,6,6
12545,10,0,10
12546,10,8,19
12547,10,5,15
12548,10,0,10
12549,10,7,7
12550,10,0,10
12551,10,0,10
12552,10,1,18
12553,10,14,13
12554,10,2,17
12555,10,0,10
12556,10,1,18
12557,10,0,10
12558,10,11,16
12559,10,0,10
12560,10,0,10
12561,10,0,10
12562,10,0,10
12563,10,0,10
12564,10,5,15
12565,10,4,4
12566,10,0,10
12567,10,16,12
12568,10,4,4
12569,10,0,10
12570,10,0,10
12571,10,0,10
12572,10,0,10
12573,10,2,17
12574,10,0,10
12575,10,0,10
12576,10,2,17
12577,10,0,10
12578,10,0,10
12579,10,0,10
12580,10,3,9
12581,10,12,14
12582,10,13,0
12583,10,5,15
12584,10,3,9
12585,10,1,18
12586,10,0,10
12587,10,0,10
12588,10,8,19
12589,10,8,19
12590,10,2,17
12591,10,5,15
12592,10,13,0
12593,10,0,10
12594,10,0,10
12595,10,0,10
12596,10,0,10
12597,10,0,10
12598,10,13,0
12599,10,12,14
12600,10,0,10
12601,10,2,17
12602,10,3,9
12603,10,0,10
12604,10,0,10
12605,10,1,18
12606,10,0,10
12607,10,0,10
12608,10,12,14
12609,10,13,0
12610,10,0,10
12611,10,13,0
12612,10,8,19
12613,10,8,19
12614,10,3,9
12615,10,0,10
12616,10,0,10
12617,10,0,10
12618,10,10,2
12619,10,0,10
12620,10,5,15
12621,10,4,4
12622,10,7,7
12623,10,0,10
12624,10,8,19
12625,10,4,4
12626,10,0,10
12627,10,13,0
12628,10,0,10
12629,10,14,13
12630,10,4,4
12631,10,4,4
12632,10,0,10
12633,10,0,10
12634,10,0,10
12635,10,1,18
12636,10,13,0
12637,10,0,10
12638,10,5,15
12639,10,13,0
12640,10,0,10
12641,10,1,18
12642,10,10,2
12643,10,12,14
12644,10,0,10
12645,10,16,12
12646,10,14,13
12647,10,8,19
12648,10,5,15
12649,10,4,4
12650,10,5,15
12651,10,0,10
12652,10,3,9
12653,10,5,15
12654,10,0,10
12655,10,0,10
12656,10,0,10
12657,10,0,10
12658,10,3,9
12659,10,0,10
12660,10,2,17
12661,10,2,17
12662,10,2,17
12663,10,0,10
12664,10,0,10
12665,10,0,10
12666,10,13,0
12667,10,15,8
12668,10,0,10
12669,10,0,10
12670,10,2,17
12671,10,4,4
12672,10,4,4
12673,10,13,0
12674,10,0,10
12675,10,10,2
12676,10,2,17
12677,10,0,10
12678,10,0,10
12679,10,13,0
12680,10,8,19
12681,10,3,9
12682,10,13,0
12683,10,0,10
12684,10,0,10
12685,10,13,0
12686,10,2,17
12687,10,0,10
12688,10,12,14
12689,10,2,17
12690,10,0,10
12691,10,0,10
12692,10,2,17
12693,10,13,0
12694,10,9,11
12695,10,0,10
12696,10,0,10
12697,10,0,10
12698,10,0,10
12699,10,0,10
12700,10,0,10
12701,10,0,10
12702,10,0,10
12703,10,0,10
12704,10,0,10
12705,10,12,14
12706,10,1,18
12707,10,0,10
12708,10,0,10
12709,10,0,10
12710,10,4,4
12711,10,8,19
12712,10,10,2
12713,10,0,10
12714,10,0,10
12715,10,5,15
12716,10,1,18
12717,10,4,4
12718,10,0,10
12719,10,0,10
12720,10,0,10
12721,10,0,10
12722,10,0,10
12723,10,4,4
12724,10,0,10
12725,10,0,10
12726,10,0,10
12727,10,3,9
12728,10,0,10
12729,10,0,10
12730,10,7,7
12731,10,3,9
12732,10,2,17
12733,10,0,10
12734,10,0,10
12735,10,0,10
12736,10,0,10
12737,10,0,10
12738,10,0,10
12739,10,0,10
12740,10,0,10
12741,10,0,10
12742,10,0,10
12743,10,0,10
12744,10,13,0
12745,10,2,17
12746,10,0,10
12747,10,0,10
12748,10,16,12
12749,10,0,10
12750,10,0,10
12751,10,4,4
12752,10,10,2
12753,10,0,10
12754,10,0,10
12755,10,5,15
12756,10,5,15
12757,10,12,14
12758,10,13,0
12759,10,12,14
12760,10,5,15
12761,10,9,11
12762,10,13,0
12763,10,6,6
12764,10,2,17
12765,10,3,9
12766,10,3,9
12767,10,0,10
12768,10,3,9
12769,10,0,10
12770,10,0,10
12771,10,10,2
12772,10,0,10
12773,10,13,0
12774,10,5,15
12775,10,0,10
12776,10,13,0
12777,10,0,10
12778,10,1,18
12779,10,14,13
12780,10,0,10
12781,10,0,10
12782,10,10,2
12783,10,0,10
12784,10,0,10
12785,10,0,10
12786,10,4,4
12787,10,0,10
12788,10,0,10
12789,10,8,19
12790,10,0,10
12791,10,0,10
12792,10,2,17
12793,10,0,10
12794,10,0,10
12795,10,13,0
12796,10,0,10
12797,10,4,4
12798,10,0,10
12799,10,6,6
12800,10,0,10
12801,10,10,2
12802,10,4,4
12803,10,10,2
12804,10,2,17
12805,10,0,10
12806,10,5,15
12807,10,2,17
12808,10,0,10
12809,10,3,9
12810,10,0,10
12811,10,0,10
12812,10,4,4
12813,10,4,4
12814,10,0,10
12815,10,0,10
12816,10,0,10
12817,10,3,9
12818,10,0,10
12819,10,3,9
12820,10,8,19
12821,10,13,0
12822,10,5,15
12823,10,2,17
12824,10,0,10
12825,10,8,19
12826,10,0,10
12827,10,0,10
12828,10,0,10
12829,10,0,10
12830,10,4,4
12831,10,0,10
12832,10,0,10
12833,10,1,18
12834,10,11,16
12835,10,8,19
12836,10,0,10
12837,10,4,4
12838,10,4,4
12839,10,4,4
12840,10,0,10
12841,10,0,10
12842,10,9,11
12843,10,0,10
12844,10,0,10
12845,10,2,17
12846,10,0,10
12847,10,4,4
12848,10,13,0
12849,10,8,19
12850,10,0,10
12851,10,10,2
12852,10,13,0
12853,10,14,13
12854,10,0,10
12855,10,1,18
12856,10,14,13
12857,10,13,0
12858,10,8,19
12859,10,0,10
12860,10,2,17
12861,10,16,12
12862,10,0,10
12863,10,2,17
12864,10,8,19
12865,10,1,18
12866,10,13,0
12867,10,2,17
12868,10,0,10
12869,10,3,9
12870,10,7,7
12871,10,11,16
12872,10,10,2
12873,10,0,10
12874,10,0,10
12875,10,0,10
12876,10,4,4
12877,10,0,10
12878,10,8,19
12879,10,13,0
12880,10,1,18
12881,10,3,9
12882,10,0,10
12883,10,12,14
12884,10,13,0
12885,10,0,10
12886,10,16,12
12887,10,3,9
12888,10,9,11
12889,10,1,18
12890,10,8,19
12891,10,0,10
12892,10,2,17
12893,10,0,10
12894,10,4,4
12895,10,0,10
12896,10,0,10
12897,10,0,10
12898,10,7,7
12899,10,18,5
12900,10,0,10
12901,10,0,10
12902,10,0,10
12903,10,0,10
12904,10,1,18
12905,10,0,10
12906,10,10,2
12907,10,14,13
12908,10,0,10
12909,10,0,10
12910,10,0,10
12911,10,1,18
12912,10,13,0
12913,10,10,2
12914,10,0,10
12915,10,0,10
12916,10,3,9
12917,10,9,11
12918,10,3,9
12919,10,10,2
12920,10,2,17
12921,10,0,10
12922,10,8,19
12923,10,13,0
12924,10,1,18
12925,10,0,10
12926,10,0,10
12927,10,0,10
12928,10,0,10
12929,10,10,2
12930,10,0,10
12931,10,13,0
12932,10,1,18
12933,10,8,19
12934,10,0,10
12935,10,0,10
12936,10,6,6
12937,10,4,4
12938,10,0,10
12939,10,0,10
12940,10,10,2
12941,10,13,0
12942,10,0,10
12943,10,5,15
12944,10,1,18
12945,10,4,4
12946,10,13,0
12947,10,13,0
12948,10,11,16
12949,10,13,0
12950,10,1,18
12951,10,2,17
12952,10,13,0
12953,10,2,17
12954,10,4,4
12955,10,6,6
12956,10,2,17
12957,10,11,16
12958,10,0,10
12959,10,13,0
12960,10,0,10
12961,10,0,10
12962,10,0,10
12963,10,0,10
12964,10,5,15
12965,10,0,10
12966,10,13,0
12967,10,0,10
12968,10,4,4
12969,10,0,10
12970,10,1,18
12971,10,0,10
12972,10,5,15
12973,10,5,15
12974,10,0,10
12975,10,12,14
12976,10,3,9
12977,10,0,10
12978,10,0,10
12979,10,0,10
12980,10,0,10
12981,10,16,12
12982,10,0,10
12983,10,6,6
12984,10,2,17
12985,10,1,18
12986,10,0,10
12987,10,0,10
12988,10,0,10
12989,10,1,18
12990,10,2,17
12991,10,2,17
12992,10,3,9
12993,10,2,17
12994,10,8,19
12995,10,0,10
12996,10,0,10
12997,10,0,10
12998,10,0,10
12999,10,0,10
13000,10,0,10
13001,10,0,10
13002,10,1,18
13003,10,1,18
13004,10,0,10
13005,10,0,10
13006,10,1,18
13007,10,2,17
13008,10,0,10
13009,10,6,6
13010,10,1,18
13011,10,0,10
13012,10,0,10
13013,10,10,2
13014,10,2,17
13015,10,8,19
13016,10,3,9
13017,10,2,17
13018,10,2,17
13019,10,0,10
13020,10,13,0
13021,10,0,10
13022,10,1,18
13023,10,0,10
13024,10,1,18
13025,10,1,18
13026,10,2,17
13027,10,2,17
13028,10,0,10
13029,10,0,10
13030,10,12,14
13031,10,12,14
13032,10,12,14
13033,10,0,10
13034,10,1,18
13035,10,0,10
13036,10,8,19
13037,10,4,4
13038,10,0,10
13039,10,3,9
13040,10,0,10
13041,10,14,13
13042,10,0,10
13043,10,0,10
13044,10,4,4
13045,10,1,18
13046,10,0,10
13047,10,0,10
13048,10,0,10
13049,10,12,14
13050,10,0,10
13051,10,0,10
13052,10,5,15
13053,10,11,16
13054,10,11,16
13055,10,0,10
13056,10,7,7
13057,10,3,9
13058,10,1,18
13059,10,1,18
13060,10,10,2
13061,10,10,2
13062,10,10,2
13063,10,0,10
13064,10,1,18
13065,10,12,14
13066,10,12,14
13067,10,5,15
13068,10,4,4
13069,10,1,18
13070,10,0,10
13071,10,9,11
13072,10,0,10
13073,10,15,8
13074,10,0,10
13075,10,0,10
13076,10,6,6
13077,10,0,10
13078,10,3,9
13079,10,3,9
13080,10,3,9
13081,10,3,9
13082,10,1,18
13083,10,1,18
13084,10,4,4
13085,10,12,14
13086,10,15,8
13087,10,12,14
13088,10,1,18
13089,10,0,10
13090,10,0,10
13091,10,7,7
13092,10,12,14
13093,10,12,14
13094,10,0,10
13095,10,12,14
13096,10,3,9
13097,10,1,18
13098,10,0,10
13099,10,1,18
13100,10,4,4
13101,10,7,7
13102,10,4,4
13103,10,1,18
13104,10,0,10
13105,10,1,18
13106,10,0,10
13107,10,0,10
13108,10,14,13
13109,10,8,19
13110,10,3,9
13111,10,3,9
13112,10,1,18
13113,10,7,7
13114,10,2,17
13115,10,0,10
13116,10,14,13
13117,10,8,19
13118,10,1,18
13119,10,2,17
13120,10,7,7
13121,10,0,10
13122,10,7,7
13123,10,7,7
13124,10,7,7
13125,10,3,9
13126,10,3,9
13127,10,5,15
13128,10,0,10
13129,10,2,17
13130,10,16,12
13131,10,4,4
13132,10,2,17
13133,10,2,17
13134,10,2,17
13135,10,2,17
13136,10,2,17
13137,10,2,17
13138,10,4,4
13139,10,18,5
13140,10,4,4
13141,10,16,12
13142,10,6,6
13143,10,1,18
13144,10,0,10
13145,10,0,10
13146,10,4,4
13147,10,4,4
13148,10,4,4
13149,10,9,11
13150,10,4,4
13151,10,4,4
13152,10,0,10
13153,10,8,19
13154,10,4,4
13155,10,9,11
13156,10,8,19
13157,10,3,9
13158,10,2,17
13159,10,2,17
13160,10,0,10
13161,10,4,4
13162,10,0,10
13163,10,10,2
13164,10,10,2
13165,10,2,17
13166,10,10,2
13167,10,12,14
13168,10,0,10
13169,10,12,14
13170,10,2,17
13171,10,7,7
13172,10,0,10
13173,10,7,7
13174,10,0,10
13175,10,0,10
13176,10,0,10
13177,10,0,10
13178,10,2,17
13179,10,4,4
13180,10,2,17
13181,10,12,14
13182,10,0,10
13183,10,3,9
13184,10,3,9
13185,10,2,17
13186,10,2,17
13187,10,0,10
13188,10,2,17
13189,10,5,15
13190,10,2,17
13191,10,12,14
13192,10,0,10
13193,10,5,15
13194,10,0,10
13195,10,5,15
13196,10,0,10
13197,10,3,9
13198,10,0,10
13199,10,1,18
13200,10,3,9
13201,10,3,9
13202,10,4,4
13203,10,4,4
13204,10,1,18
13205,10,1,18
13206,10,1,18
13207,10,5,15
13208,10,0,10
13209,10,3,9
13210,10,0,10
13211,10,1,18
13212,10,0,10
13213,10,0,10
13214,10,13,0
13215,10,8,19
13216,10,0,10
13217,10,9,11
13218,10,13,0
13219,10,3,9
13220,10,0,10
13221,10,3,9
13222,10,0,10
13223,10,3,9
13224,10,10,2
13225,10,0,10
13226,10,14,13
13227,10,1,18
13228,10,10,2
13229,10,10,2
13230,10,12,14
13231,10,1,18
13232,10,11,16
13233,10,1,18
13234,10,0,10
13235,10,11,16
13236,10,0,10
13237,10,7,7
13238,10,7,7
13239,10,1,18
13240,10,0,10
13241,10,16,12
13242,10,0,10
13243,10,0,10
13244,10,0,10
13245,10,8,19
13246,10,0,10
13247,10,1,18
13248,10,0,10
13249,10,1,18
13250,10,14,13
13251,10,0,10
13252,10,1,18
13253,10,1,18
13254,10,14,13
13255,10,12,14
13256,10,5,15
13257,10,0,10
13258,10,0,10
13259,10,2,17
13260,10,2,17
13261,10,2,17
13262,10,8,19
13263,10,8,19
13264,10,1,18
13265,10,1,18
13266,10,2,17
13267,10,16,12
13268,10,16,12
13269,10,16,12
13270,10,5,15
13271,10,5,15
13272,10,5,15
13273,10,5,15
13274,10,5,15
13275,10,1,18
13276,10,1,18
13277,10,8,19
13278,10,2,17
13279,10,8,19
13280,10,7,7
13281,10,9,11
13282,10,3,9
13283,10,8,19
13284,10,2,17
13285,10,2,17
13286,10,13,0
13287,10,0,10
13288,10,9,11
13289,10,0,10
13290,10,13,0
13291,10,0,10
13292,10,12,14
13293,10,0,10
13294,10,7,7
13295,10,7,7
13296,10,1,18
13297,10,1,18
13298,10,8,19
13299,10,8,19
13300,10,10,2
13301,10,0,10
13302,10,0,10
13303,10,2,17
13304,10,3,9
13305,10,1,18
13306,10,2,17
13307,10,2,17
13308,10,2,17
13309,10,3,9
13310,10,2,17
13311,10,0,10
13312,10,13,0
13313,10,10,2
13314,10,10,2
13315,10,1,18
13316,10,0,10
13317,10,6,6
13318,10,6,6
13319,10,2,17
13320,10,2,17
13321,10,0,10
13322,10,3,9
13323,10,2,17
13324,10,3,9
13325,10,0,10
13326,10,3,9
13327,10,13,0
13328,10,13,0
13329,10,1,18
13330,10,6,6
13331,10,0,10
13332,10,0,10
13333,10,0,10
13334,10,3,9
13335,10,10,2
13336,10,13,0
13337,10,9,11
13338,10,12,14
13339,10,11,16
13340,10,1,18
13341,10,10,2
13342,10,1,18
13343,10,13,0
13344,10,13,0
13345,10,15,8
13346,10,15,8
13347,10,13,0
13348,10,10,2
13349,10,8,19
13350,10,8,19
13351,10,3,9
13352,10,0,10
13353,10,3,9
13354,10,3,9
13355,10,13,0
13356,10,0,10
13357,10,6,6
13358,10,4,4
13359,10,3,9
13360,10,4,4
13361,10,4,4
13362,10,2,17
13363,10,1,18
13364,10,13,0
13365,10,8,19
13366,10,1,18
13367,10,8,19
13368,10,8,19
13369,10,12,14
13370,10,12,14
13371,10,12,14
13372,10,12,14
13373,10,11,16
13374,10,12,14
13375,10,0,10
13376,10,0,10
13377,10,0,10
13378,10,0,10
13379,10,1,18
13380,10,0,10
13381,10,0,10
13382,10,0,10
13383,10,11,16
13384,10,12,14
13385,10,2,17
13386,10,5,15
13387,10,2,17
13388,10,0,10
13389,10,0,10
13390,10,1,18
13391,10,15,8
13392,10,7,7
13393,10,0,10
13394,10,13,0
13395,10,13,0
13396,10,0,10
13397,10,1,18
13398,10,0,10
13399,10,0,10
13400,10,1,18
13401,10,0,10
13402,10,0,10
13403,10,5,15
13404,10,5,15
13405,10,5,15
13406,10,5,15
13407,10,0,10
13408,10,5,15
13409,10,17,1
13410,10,1,18
13411,10,14,13
13412,10,13,0
13413,10,0,10
13414,10,1,18
13415,10,14,13
13416,10,12,14
13417,10,2,17
13418,10,2,17
13419,10,2,17
13420,10,2,17
13421,10,13,0
13422,10,4,4
13423,10,1,18
13424,10,6,6
13425,10,10,2
13426,10,1,18
13427,10,16,12
13428,10,3,9
13429,10,10,2
13430,10,12,14
13431,10,12,14
13432,10,6,6
13433,10,0,10
13434,10,0,10
13435,10,1,18
13436,10,1,18
13437,10,16,12
13438,10,16,12
13439,10,1,18
13440,10,0,10
13441,10,10,2
13442,10,12,14
13443,10,13,0
13444,10,13,0
13445,10,0,10
13446,10,0,10
13447,10,12,14
13448,10,10,2
13449,10,0,10
13450,10,0,10
13451,10,0,10
13452,10,4,4
13453,10,1,18
13454,10,0,10
13455,10,16,12
13456,10,0,10
13457,10,0,10
13458,10,0,10
13459,10,0,10
13460,10,0,10
13461,10,13,0
13462,10,13,0
13463,10,0,10
13464,10,0,10
13465,10,0,10
13466,10,0,10
13467,10,0,10
13468,10,0,10
13469,10,16,12
13470,10,0,10
13471,10,0,10
13472,10,0,10
13473,10,0,10
13474,10,5,15
13475,10,1,18
13476,10,5,15
13477,10,5,15
13478,10,12,14
13479,10,5,15
13480,10,15,8
13481,10,17,1
13482,10,17,1
13483,10,2,17
13484,10,12,14
13485,10,14,13
13486,10,0,10
13487,10,17,1
13488,10,13,0
13489,10,0,10
13490,10,0,10
13491,10,0,10
13492,10,1,18
13493,10,2,17
13494,10,2,17
13495,10,2,17
13496,10,0,10
13497,10,1,18
13498,10,12,14
13499,10,0,10
13500,10,8,19
13501,10,13,0
13502,10,4,4
13503,10,1,18
13504,10,4,4
13505,10,0,10
13506,10,12,14
13507,10,6,6
13508,10,12,14
13509,10,4,4
13510,10,0,10
13511,10,9,11
13512,10,13,0
13513,10,16,12
13514,10,17,1
13515,10,13,0
13516,10,14,13
13517,10,12,14
13518,10,0,10
13519,10,0,10
13520,10,13,0
13521,10,0,10
13522,10,13,0
13523,10,6,6
13524,10,9,11
13525,10,13,0
13526,10,13,0
13527,10,12,14
13528,10,17,1
13529,10,6,6
13530,10,1,18
13531,10,2,17
13532,10,2,17
13533,10,1,18
13534,10,0,10
13535,10,0,10
13536,10,16,12
13537,10,16,12
13538,10,16,12
13539,10,13,0
13540,10,6,6
13541,10,16,12
13542,10,2,17
13543,10,0,10
13544,10,0,10
13545,10,13,0
13546,10,0,10
13547,10,2,17
13548,10,6,6
13549,10,0,10
13550,10,5,15
13551,10,0,10
13552,10,0,10
13553,10,0,10
13554,10,11,16
13555,10,0,10
13556,10,12,14
13557,10,6,6
13558,10,1,18
13559,10,10,2
13560,10,8,19
13561,10,8,19
13562,10,17,1
13563,10,0,10
13564,10,0,10
13565,10,0,10
13566,10,0,10
13567,10,0,10
13568,10,10,2
13569,10,10,2
13570,10,0,10
13571,10,0,10
13572,10,0,10
13573,10,4,4
13574,10,4,4
13575,10,4,4
13576,10,6,6
13577,10,0,10
13578,10,0,10
13579,10,8,19
13580,10,1,18
13581,10,1,18
13582,10,5,15
13583,10,0,10
13584,10,1,18
13585,10,1,18
13586,10,0,10
13587,10,0,10
13588,10,0,10
13589,10,13,0
13590,10,0,10
13591,10,1,18
13592,10,4,4
13593,10,0,10
13594,10,0,10
13595,10,1,18
13596,10,4,4
13597,10,4,4
13598,10,0,10
13599,10,0,10
13600,10,0,10
13601,10,0,10
13602,10,0,10
13603,10,0,10
13604,10,3,9
13605,10,1,18
13606,10,0,10
13607,10,13,0
13608,10,13,0
13609,10,13,0
13610,10,0,10
13611,10,8,19
13612,10,8,19
13613,10,2,17
13614,10,2,17
13615,10,13,0
13616,10,13,0
13617,10,0,10
13618,10,8,19
13619,10,16,12
13620,10,1,18
13621,10,13,0
13622,10,0,10
13623,10,2,17
13624,10,13,0
13625,10,0,10
13626,10,1,18
13627,10,2,17
13628,10,1,18
13629,10,1,18
13630,10,4,4
13631,10,9,11
13632,10,0,10
13633,10,12,14
13634,10,0,10
13635,10,0,10
13636,10,0,10
13637,10,3,9
13638,10,3,9
13639,10,9,11
13640,10,0,10
13641,10,5,15
13642,10,1,18
13643,10,0,10
13644,10,1,18
13645,10,2,17
13646,10,6,6
13647,10,10,2
13648,10,10,2
13649,10,11,16
13650,10,17,1
13651,10,0,10
13652,10,0,10
13653,10,0,10
13654,10,9,11
13655,10,0,10
13656,10,13,0
13657,10,4,4
13658,10,11,16
13659,10,0,10
13660,10,0,10
13661,10,0,10
13662,10,0,10
13663,10,13,0
13664,10,1,18
13665,10,4,4
13666,10,0,10
13667,10,0,10
13668,10,0,10
13669,10,0,10
13670,10,0,10
13671,10,15,8
13672,10,15,8
13673,10,10,2
13674,10,0,10
13675,10,0,10
13676,10,3,9
13677,10,1,18
13678,10,1,18
13679,10,1,18
13680,10,6,6
13681,10,4,4
13682,10,3,9
13683,10,3,9
13684,10,13,0
13685,10,0,10
13686,10,7,7
13687,10,0,10
13688,10,0,10
13689,10,10,2
13690,10,13,0
13691,10,0,10
13692,10,13,0
13693,10,0,10
13694,10,0,10
13695,10,9,11
13696,10,0,10
13697,10,16,12
13698,10,1,18
13699,10,1,18
13700,10,4,4
13701,10,4,4
13702,10,13,0
13703,10,0,10
13704,10,6,6
13705,10,9,11
13706,10,0,10
13707,10,6,6
13708,10,6,6
13709,10,0,10
13710,10,2,17
13711,10,0,10
13712,10,0,10
13713,10,0,10
13714,10,0,10
13715,10,2,17
13716,10,0,10
13717,10,0,10
13718,10,1,18
13719,10,0,10
13720,10,0,10
13721,10,1,18
13722,10,1,18
13723,10,0,10
13724,10,10,2
13725,10,0,10
13726,10,9,11
13727,10,9,11
13728,10,12,14
13729,10,12,14
13730,10,0,10
13731,10,13,0
13732,10,0,10
13733,10,1,18
13734,10,15,8
13735,10,15,8
13736,10,0,10
13737,10,0,10
13738,10,10,2
13739,10,1,18
13740,10,0,10
13741,10,0,10
13742,10,5,15
13743,10,0,10
13744,10,0,10
13745,10,15,8
13746,10,0,10
13747,10,8,19
13748,10,0,10
13749,10,9,11
13750,10,1,18
13751,10,9,11
13752,10,0,10
13753,10,13,0
13754,10,13,0
13755,10,0,10
13756,10,0,10
13757,10,6,6
13758,10,0,10
13759,10,7,7
13760,10,0,10
13761,10,7,7
13762,10,15,8
13763,10,14,13
13764,10,14,13
13765,10,0,10
13766,10,7,7
13767,10,7,7
13768,10,7,7
13769,10,7,7
13770,10,3,9
13771,10,7,7
13772,10,4,4
13773,10,4,4
13774,10,3,9
13775,10,3,9
13776,10,1,18
13777,10,4,4
13778,10,0,10
13779,10,13,0
13780,10,11,16
13781,10,0,10
13782,10,0,10
13783,10,11,16
13784,10,2,17
13785,10,2,17
13786,10,14,13
13787,10,1,18
13788,10,4,4
13789,10,2,17
13790,10,2,17
13791,10,0,10
13792,10,0,10
13793,10,0,10
13794,10,8,19
13795,10,8,19
13796,10,0,10
13797,10,3,9
13798,10,0,10
13799,10,9,11
13800,10,3,9
13801,10,0,10
13802,10,0,10
13803,10,1,18
13804,10,0,10
13805,10,18,5
13806,10,3,9
13807,10,3,9
13808,10,3,9
13809,10,12,14
13810,10,11,16
13811,10,0,10
13812,10,0,10
13813,10,0,10
13814,10,0,10
13815,10,0,10
13816,10,1,18
13817,10,13,0
13818,10,0,10
13819,10,0,10
13820,10,0,10
13821,10,13,0
13822,10,0,10
13823,10,13,0
13824,10,0,10
13825,10,0,10
13826,10,0,10
13827,10,0,10
13828,10,2,17
13829,10,0,10
13830,10,11,16
13831,10,1,18
13832,10,4,4
13833,10,4,4
13834,10,13,0
13835,10,13,0
13836,10,4,4
13837,10,8,19
13838,10,9,11
13839,10,0,10
13840,10,0,10
13841,10,0,10
13842,10,3,9
13843,10,9,11
13844,10,0,10
13845,10,4,4
13846,10,3,9
13847,10,4,4
13848,10,4,4
13849,10,3,9
13850,10,0,10
13851,10,0,10
13852,10,2,17
13853,10,0,10
13854,10,13,0
13855,10,0,10
13856,10,0,10
13857,10,5,15
13858,10,4,4
13859,10,3,9
13860,10,0,10
13861,10,13,0
13862,10,1,18
13863,10,3,9
13864,10,4,4
13865,10,13,0
13866,10,17,1
13867,10,5,15
13868,10,10,2
13869,10,13,0
13870,10,13,0
13871,10,13,0
13872,10,0,10
13873,10,13,0
13874,10,0,10
13875,10,0,10
13876,10,3,9
13877,10,3,9
13878,10,3,9
13879,10,1,18
13880,10,3,9
13881,10,0,10
13882,10,0,10
13883,10,3,9
13884,10,13,0
13885,10,13,0
13886,10,3,9
13887,10,3,9
13888,10,3,9
13889,10,13,0
13890,10,1,18
13891,10,1,18
13892,10,6,6
13893,10,4,4
13894,10,4,4
13895,10,0,10
13896,10,0,10
13897,10,4,4
13898,10,4,4
13899,10,4,4
13900,10,0,10
13901,10,4,4
13902,10,0,10
13903,10,0,10
13904,10,2,17
13905,10,1,18
13906,10,1,18
13907,10,0,10
13908,10,5,15
13909,10,12,14
13910,10,4,4
13911,10,15,8
13912,10,15,8
13913,10,12,14
13914,10,0,10
13915,10,4,4
13916,10,13,0
13917,10,0,10
13918,10,0,10
13919,10,3,9
13920,10,4,4
13921,10,7,7
13922,10,0,10
13923,10,1,18
13924,10,2,17
13925,10,2,17
13926,10,2,17
13927,10,12,14
13928,10,13,0
13929,10,0,10
13930,10,16,12
13931,10,14,13
13932,10,8,19
13933,10,3,9
13934,10,4,4
13935,10,1,18
13936,10,9,11
13937,10,16,12
13938,10,0,10
13939,10,13,0
13940,10,0,10
13941,10,13,0
13942,10,0,10
13943,10,7,7
13944,10,12,14
13945,10,6,6
13946,10,12,14
13947,10,12,14
13948,10,13,0
13949,10,4,4
13950,10,4,4
13951,10,13,0
13952,10,1,18
13953,10,0,10
13954,10,0,10
13955,10,6,6
13956,10,6,6
13957,10,6,6
13958,10,0,10
13959,10,1,18
13960,10,1,18
13961,10,1,18
13962,10,2,17
13963,10,9,11
13964,10,9,11
13965,10,4,4
13966,10,0,10
13967,10,0,10
13968,10,0,10
13969,10,3,9
13970,10,1,18
13971,10,0,10
13972,10,0,10
13973,10,0,10
13974,10,12,14
13975,10,6,6
13976,10,1,18
13977,10,3,9
13978,10,0,10
13979,10,8,19
13980,10,13,0
13981,10,8,19
13982,10,4,4
13983,10,2,17
13984,10,2,17
13985,10,4,4
13986,10,5,15
13987,10,13,0
13988,10,0,10
13989,10,6,6
13990,10,0,10
13991,10,13,0
13992,10,13,0
13993,10,0,10
13994,10,4,4
13995,10,3,9
13996,10,0,10
13997,10,0,10
13998,10,0,10
13999,10,0,10
14000,10,4,4
14001,10,4,4
14002,10,13,0
14003,10,4,4
14004,10,8,19
14005,10,0,10
14006,10,16,12
14007,10,0,10
14008,10,0,10
14009,10,0,10
14010,10,1,18
14011,10,0,10
14012,10,4,4
14013,10,4,4
14014,10,0,10
14015,10,2,17
14016,10,0,10
14017,10,5,15
14018,10,7,7
14019,10,0,10
14020,10,16,12
14021,10,11,16
14022,10,5,15
14023,10,0,10
14024,10,6,6
14025,10,0,10
14026,10,4,4
14027,10,7,7
14028,10,8,19
14029,10,13,0
14030,10,4,4
14031,10,0,10
14032,10,13,0
14033,10,0,10
14034,10,0,10
14035,10,0,10
14036,10,0,10
14037,10,0,10
14038,10,0,10
14039,10,0,10
14040,10,1,18
14041,10,4,4
14042,10,4,4
14043,10,0,10
14044,10,2,17
14045,10,0,10
14046,10,0,10
14047,10,0,10
14048,10,9,11
14049,10,13,0
14050,10,4,4
14051,10,2,17
14052,10,16,12
14053,10,6,6
14054,10,12,14
14055,10,0,10
14056,10,0,10
14057,10,4,4
14058,10,5,15
14059,10,16,12
14060,10,8,19
14061,10,0,10
14062,10,4,4
14063,10,4,4
14064,10,0,10
14065,10,0,10
14066,10,0,10
14067,10,8,19
14068,10,5,15
14069,10,7,7
14070,10,2,17
14071,10,1,18
14072,10,3,9
14073,10,3,9
14074,10,7,7
14075,10,0,10
14076,10,3,9
14077,10,3,9
14078,10,0,10
14079,10,3,9
14080,10,1,18
14081,10,3,9
14082,10,2,17
14083,10,2,17
14084,10,12,14
14085,10,0,10
14086,10,0,10
14087,10,0,10
14088,10,0,10
14089,10,2,17
14090,10,4,4
14091,10,0,10
14092,10,6,6
14093,10,4,4
14094,10,12,14
14095,10,5,15
14096,10,1,18
14097,10,5,15
14098,10,2,17
14099,10,3,9
14100,10,5,15
14101,10,10,2
14102,10,0,10
14103,10,0,10
14104,10,0,10
14105,10,10,2
14106,10,2,17
14107,10,1,18
14108,10,1,18
14109,10,6,6
14110,10,14,13
14111,10,6,6
14112,10,1,18
14113,10,11,16
14114,10,0,10
14115,10,0,10
14116,10,0,10
14117,10,1,18
14118,10,0,10
14119,10,0,10
14120,10,16,12
14121,10,7,7
14122,10,9,11
14123,10,0,10
14124,10,0,10
14125,10,3,9
14126,10,14,13
14127,10,12,14
14128,10,9,11
14129,10,2,17
14130,10,6,6
14131,10,1,18
14132,10,1,18
14133,10,0,10
14134,10,0,10
14135,10,2,17
14136,10,11,16
14137,10,0,10
14138,10,4,4
14139,10,0,10
14140,10,0,10
14141,10,2,17
14142,10,16,12
14143,10,1,18
14144,10,0,10
14145,10,0,10
14146,10,3,9
14147,10,11,16
14148,10,0,10
14149,10,6,6
14150,10,17,1
14151,10,1,18
14152,10,1,18
14153,10,0,10
14154,10,10,2
14155,10,1,18
14156,10,8,19
14157,10,1,18
14158,10,7,7
14159,10,3,9
14160,10,6,6
14161,10,1,18
14162,10,0,10
14163,10,7,7
14164,10,15,8
14165,10,14,13
14166,10,1,18
14167,10,0,10
14168,10,5,15
14169,10,6,6
14170,10,0,10
14171,10,11,16
14172,10,11,16
14173,10,7,7
14174,10,3,9
14175,10,4,4
14176,10,2,17
14177,10,7,7
14178,10,3,9
14179,10,16,12
14180,10,2,17
14181,10,1,18
14182,10,12,14
14183,10,6,6
14184,10,3,9
14185,10,7,7
14186,10,0,10
14187,10,10,2
14188,10,1,18
14189,10,1,18
14190,10,5,15
14191,10,6,6
14192,10,7,7
14193,10,18,5
14194,10,0,10
14195,10,11,16
14196,10,4,4
14197,10,0,10
14198,10,11,16
14199,10,1,18
14200,10,1,18
14201,10,1,18
14202,10,0,10
14203,10,0,10
14204,10,15,8
14205,10,2,17
14206,10,2,17
14207,10,6,6
14208,10,6,6
14209,10,1,18
14210,10,2,17
14211,10,6,6
14212,10,1,18
14213,10,0,10
14214,10,0,10
14215,10,0,10
14216,10,0,10
14217,10,4,4
14218,10,1,18
14219,10,0,10
14220,10,8,19
14221,10,10,2
14222,10,3,9
14223,10,11,16
14224,10,10,2
14225,10,10,2
14226,10,0,10
14227,10,9,11
14228,10,8,19
14229,10,0,10
14230,10,1,18
14231,10,6,6
14232,10,7,7
14233,10,7,7
14234,10,2,17
14235,10,2,17
14236,10,0,10
14237,10,1,18
14238,10,1,18
14239,10,2,17
14240,10,0,10
14241,10,3,9
14242,10,1,18
14243,10,1,18
14244,10,0,10
14245,10,0,10
14246,10,0,10
14247,10,5,15
14248,10,0,10
14249,10,10,2
14250,10,0,10
14251,10,0,10
14252,10,0,10
14253,10,0,10
14254,10,3,9
14255,10,12,14
14256,10,12,14
14257,10,0,10
14258,10,3,9
14259,10,11,16
14260,10,5,15
14261,10,0,10
14262,10,7,7
14263,10,1,18
14264,10,0,10
14265,10,1,18
14266,10,1,18
14267,10,3,9
14268,10,3,9
14269,10,2,17
14270,10,1,18
14271,10,0,10
14272,10,8,19
14273,10,9,11
14274,10,8,19
14275,10,3,9
14276,10,0,10
14277,10,0,10
14278,10,0,10
14279,10,1,18
14280,10,5,15
14281,10,11,16
14282,10,5,15
14283,10,8,19
14284,10,12,14
14285,10,5,15
14286,10,1,18
14287,10,0,10
14288,10,0,10
14289,10,9,11
14290,10,1,18
14291,10,4,4
14292,10,4,4
14293,10,15,8
14294,10,0,10
14295,10,0,10
14296,10,9,11
14297,10,1,18
14298,10,0,10
14299,10,10,2
14300,10,0,10
14301,10,2,17
14302,10,1,18
14303,10,0,10
14304,10,1,18
14305,10,0,10
14306,10,1,18
14307,10,15,8
14308,10,3,9
14309,10,1,18
14310,10,7,7
14311,10,0,10
14312,10,1,18
14313,10,12,14
14314,10,0,10
14315,10,1,18
14316,10,0,10
14317,10,3,9
14318,10,3,9
14319,10,0,10
14320,10,5,15
14321,10,3,9
14322,10,0,10
14323,10,3,9
14324,10,0,10
14325,10,1,18
14326,10,0,10
14327,10,0,10
14328,10,1,18
14329,10,1,18
14330,10,1,18
14331,10,2,17
14332,10,7,7
14333,10,1,18
14334,10,15,8
14335,10,7,7
14336,10,1,18
14337,10,3,9
14338,10,16,12
14339,10,9,11
14340,10,15,8
14341,10,1,18
14342,10,7,7
14343,10,0,10
14344,10,9,11
14345,10,2,17
14346,10,0,10
14347,10,0,10
14348,10,1,18
14349,10,9,11
14350,10,2,17
14351,10,1,18
14352,10,0,10
14353,10,0,10
14354,10,1,18
14355,10,3,9
14356,10,4,4
14357,10,0,10
14358,10,1,18
14359,10,0,10
14360,10,1,18
14361,10,10,2
14362,10,15,8
14363,10,11,16
14364,10,15,8
14365,10,3,9
14366,10,11,16
14367,10,6,6
14368,10,9,11
14369,10,0,10
14370,10,1,18
14371,10,6,6
14372,10,1,18
14373,10,14,13
14374,10,2,17
14375,10,0,10
14376,10,0,10
14377,10,0,10
14378,10,6,6
14379,10,3,9
14380,10,1,18
14381,10,1,18
14382,10,1,18
14383,10,10,2
14384,10,10,2
14385,10,1,18
14386,10,1,18
14387,10,1,18
14388,10,1,18
14389,10,0,10
14390,10,1,18
14391,10,1,18
14392,10,0,10
14393,10,0,10
14394,10,2,17
14395,10,7,7
14396,10,0,10
14397,10,0,10
14398,10,1,18
14399,10,16,12
14400,10,7,7
14401,10,10,2
14402,10,3,9
14403,10,8,19
14404,10,10,2
14405,10,6,6
14406,10,0,10
14407,10,0,10
14408,10,3,9
14409,10,5,15
14410,10,1,18
14411,10,1,18
14412,10,0,10
14413,10,0,10
14414,10,8,19
14415,10,1,18
14416,10,3,9
14417,10,4,4
14418,10,10,2
14419,10,0,10
14420,10,0,10
14421,10,0,10
14422,10,1,18
14423,10,7,7
14424,10,8,19
14425,10,10,2
14426,10,3,9
14427,10,0,10
14428,10,0,10
14429,10,0,10
14430,10,0,10
14431,10,15,8
14432,10,9,11
14433,10,0,10
14434,10,9,11
14435,10,3,9
14436,10,8,19
14437,10,12,14
14438,10,11,16
14439,10,0,10
14440,10,3,9
14441,10,6,6
14442,10,2,17
14443,10,10,2
14444,10,4,4
14445,10,6,6
14446,10,2,17
14447,10,0,10
14448,10,0,10
14449,10,1,18
14450,10,1,18
14451,10,3,9
14452,10,1,18
14453,10,0,10
14454,10,7,7
14455,10,2,17
14456,10,0,10
14457,10,2,17
14458,10,9,11
14459,10,14,13
14460,10,1,18
14461,10,0,10
14462,10,17,1
14463,10,2,17
14464,10,0,10
14465,10,0,10
14466,10,6,6
14467,10,5,15
14468,10,12,14
14469,10,0,10
14470,10,3,9
14471,10,7,7
14472,10,0,10
14473,10,8,19
14474,10,9,11
14475,10,0,10
14476,10,12,14
14477,10,1,18
14478,10,0,10
14479,10,0,10
14480,10,2,17
14481,10,3,9
14482,10,8,19
14483,10,0,10
14484,10,8,19
14485,10,0,10
14486,10,3,9
14487,10,2,17
14488,10,2,17
14489,10,0,10
14490,10,0,10
14491,10,1,18
14492,10,7,7
14493,10,1,18
14494,10,0,10
14495,10,2,17
14496,10,1,18
14497,10,3,9
14498,10,5,15
14499,10,9,11
14500,10,3,9
14501,10,2,17
14502,10,1,18
14503,10,1,18
14504,10,2,17
14505,10,3,9
14506,10,1,18
14507,10,0,10
14508,10,6,6
14509,10,0,10
14510,10,0,10
14511,10,0,10
14512,10,2,17
14513,10,1,18
14514,10,0,10
14515,10,1,18
14516,10,6,6
14517,10,3,9
14518,10,0,10
14519,10,0,10
14520,10,16,12
14521,10,16,12
14522,10,3,9
14523,10,3,9
14524,10,3,9
14525,10,6,6
14526,10,5,15
14527,10,5,15
14528,10,5,15
14529,10,0,10
14530,10,0,10
14531,10,6,6
14532,10,11,16
14533,10,6,6
14534,10,10,2
14535,10,0,10
14536,10,2,17
14537,10,9,11
14538,10,3,9
14539,10,1,18
14540,10,0,10
14541,10,0,10
14542,10,0,10
14543,10,0,10
14544,10,5,15
14545,10,2,17
14546,10,0,10
14547,10,15,8
14548,10,15,8
14549,10,12,14
14550,10,0,10
14551,10,0,10
14552,10,11,16
14553,10,11,16
14554,10,4,4
14555,10,0,10
14556,10,1,18
14557,10,1,18
14558,10,0,10
14559,10,1,18
14560,10,0,10
14561,10,3,9
14562,10,5,15
14563,10,0,10
14564,10,0,10
14565,10,5,15
14566,10,1,18
14567,10,0,10
14568,10,5,15
14569,10,4,4
14570,10,5,15
14571,10,0,10
14572,10,2,17
14573,10,2,17
14574,10,5,15
14575,10,0,10
14576,10,9,11
14577,10,2,17
14578,10,0,10
14579,10,16,12
14580,10,0,10
14581,10,11,16
14582,10,0,10
14583,10,0,10
14584,10,7,7
14585,10,5,15
14586,10,0,10
14587,10,9,11
14588,10,0,10
14589,10,0,10
14590,10,16,12
14591,10,3,9
14592,10,3,9
14593,10,0,10
14594,10,0,10
14595,10,3,9
14596,10,0,10
14597,10,18,5
14598,10,0,10
14599,10,10,2
14600,10,0,10
14601,10,6,6
14602,10,1,18
14603,10,0,10
14604,10,14,13
14605,10,10,2
14606,10,7,7
14607,10,11,16
14608,10,10,2
14609,10,0,10
14610,10,5,15
14611,10,7,7
14612,10,0,10
14613,10,0,10
14614,10,6,6
14615,10,3,9
14616,10,1,18
14617,10,0,10
14618,10,0,10
14619,10,0,10
14620,10,0,10
14621,10,7,7
14622,10,8,19
14623,10,2,17
14624,10,6,6
14625,10,2,17
14626,10,3,9
14627,10,3,9
14628,10,10,2
14629,10,4,4
14630,10,8,19
14631,10,10,2
14632,10,4,4
14633,10,16,12
14634,10,0,10
14635,10,0,10
14636,10,4,4
14637,10,0,10
14638,10,0,10
14639,10,0,10
14640,10,3,9
14641,10,3,9
14642,10,4,4
14643,10,11,16
14644,10,3,9
14645,10,0,10
14646,10,0,10
14647,10,0,10
14648,10,0,10
14649,10,4,4
14650,10,1,18
14651,10,4,4
14652,10,0,10
14653,10,3,9
14654,10,3,9
14655,10,0,10
14656,10,0,10
14657,10,0,10
14658,10,3,9
14659,10,6,6
14660,10,1,18
14661,10,4,4
14662,10,11,16
14663,10,3,9
14664,10,0,10
14665,10,9,11
14666,10,1,18
14667,10,0,10
14668,10,1,18
14669,10,4,4
14670,10,6,6
14671,10,8,19
14672,10,3,9
14673,10,11,16
14674,10,11,16
14675,10,1,18
14676,10,0,10
14677,10,0,10
14678,10,4,4
14679,10,2,17
14680,10,1,18
14681,10,0,10
14682,10,0,10
14683,10,0,10
14684,10,8,19
14685,10,6,6
14686,10,5,15
14687,10,4,4
14688,10,5,15
14689,10,0,10
14690,10,6,6
14691,10,0,10
14692,10,1,18
14693,10,3,9
14694,10,3,9
14695,10,7,7
14696,10,8,19
14697,10,1,18
14698,10,8,19
14699,10,2,17
14700,10,1,18
14701,10,15,8
14702,10,8,19
14703,10,3,9
14704,10,7,7
14705,10,6,6
14706,10,16,12
14707,10,3,9
14708,10,1,18
14709,10,3,9
14710,10,0,10
14711,10,4,4
14712,10,8,19
14713,10,8,19
14714,10,8,19
14715,10,0,10
14716,10,8,19
14717,10,2,17
14718,10,15,8
14719,10,0,10
14720,10,6,6
14721,10,11,16
14722,10,0,10
14723,10,0,10
14724,10,0,10
14725,10,1,18
14726,10,7,7
14727,10,9,11
14728,10,3,9
14729,10,2,17
14730,10,0,10
14731,10,3,9
14732,10,15,8
14733,10,0,10
14734,10,0,10
14735,10,3,9
14736,10,1,18
14737,10,0,10
14738,10,16,12
14739,10,1,18
14740,10,0,10
14741,10,16,12
14742,10,16,12
14743,10,9,11
14744,10,0,10
14745,10,3,9
14746,10,0,10
14747,10,3,9
14748,10,0,10
14749,10,9,11
14750,10,6,6
14751,10,1,18
14752,10,2,17
14753,10,0,10
14754,10,0,10
14755,10,1,18
14756,10,9,11
14757,10,9,11
14758,10,14,13
14759,10,1,18
14760,10,5,15
14761,10,1,18
14762,10,11,16
14763,10,9,11
14764,10,1,18
14765,10,0,10
14766,10,0,10
14767,10,10,2
14768,10,10,2
14769,10,1,18
14770,10,1,18
14771,10,8,19
14772,10,3,9
14773,10,0,10
14774,10,0,10
14775,10,1,18
14776,10,1,18
14777,10,3,9
14778,10,2,17
14779,10,3,9
14780,10,3,9
14781,10,9,11
14782,10,9,11
14783,10,18,5
14784,10,0,10
14785,10,5,15
14786,10,10,2
14787,10,10,2
14788,10,5,15
14789,10,0,10
14790,10,1,18
14791,10,9,11
14792,10,0,10
14793,10,11,16
14794,10,0,10
14795,10,3,9
14796,10,12,14
14797,10,15,8
14798,10,5,15
14799,10,7,7
14800,10,5,15
14801,10,1,18
14802,10,1,18
14803,10,2,17
14804,10,6,6
14805,10,14,13
14806,10,0,10
14807,10,2,17
14808,10,0,10
14809,10,0,10
14810,10,3,9
14811,10,5,15
14812,10,3,9
14813,10,6,6
14814,10,3,9
14815,10,9,11
14816,10,2,17
14817,10,0,10
14818,10,7,7
14819,10,9,11
14820,10,9,11
14821,10,4,4
14822,10,1,18
14823,10,6,6
14824,10,1,18
14825,10,9,11
14826,10,9,11
14827,10,0,10
14828,10,0,10
14829,10,1,18
14830,10,0,10
14831,10,3,9
14832,10,0,10
14833,10,10,2
14834,10,0,10
14835,10,15,8
14836,10,0,10
14837,10,5,15
14838,10,4,4
14839,10,3,9
14840,10,5,15
14841,10,12,14
14842,10,1,18
14843,10,8,19
14844,10,8,19
14845,10,0,10
14846,10,3,9
14847,10,0,10
14848,10,0,10
14849,10,0,10
14850,10,16,12
14851,10,4,4
14852,10,16,12
14853,10,3,9
14854,10,8,19
14855,10,9,11
14856,10,3,9
14857,10,8,19
14858,10,1,18
14859,10,15,8
14860,10,11,16
14861,10,3,9
14862,10,3,9
14863,10,4,4
14864,10,1,18
14865,10,3,9
14866,10,5,15
14867,10,14,13
14868,10,7,7
14869,10,2,17
14870,10,0,10
14871,10,1,18
14872,10,2,17
14873,10,8,19
14874,10,3,9
14875,10,5,15
14876,10,0,10
14877,10,4,4
14878,10,5,15
14879,10,16,12
14880,10,0,10
14881,10,0,10
14882,10,3,9
14883,10,4,4
14884,10,1,18
14885,10,16,12
14886,10,0,10
14887,10,5,15
14888,10,1,18
14889,10,11,16
14890,10,4,4
14891,10,0,10
14892,10,0,10
14893,10,11,16
14894,10,0,10
14895,10,3,9
14896,10,5,15
14897,10,15,8
14898,10,0,10
14899,10,0,10
14900,10,5,15
14901,10,18,5
14902,10,0,10
14903,10,7,7
14904,10,1,18
14905,10,0,10
14906,10,4,4
14907,10,1,18
14908,10,0,10
14909,10,0,10
14910,10,1,18
14911,10,1,18
14912,10,5,15
14913,10,2,17
14914,10,11,16
14915,10,1,18
14916,10,5,15
14917,10,6,6
14918,10,8,19
14919,10,8,19
14920,10,0,10
14921,10,3,9
14922,10,3,9
14923,10,3,9
14924,10,2,17
14925,10,9,11
14926,10,17,1
14927,10,0,10
14928,10,1,18
14929,10,5,15
14930,10,0,10
14931,10,1,18
14932,10,1,18
14933,10,2,17
14934,10,7,7
14935,10,16,12
14936,10,15,8
14937,10,5,15
14938,10,9,11
14939,10,9,11
14940,10,6,6
14941,10,0,10
14942,10,1,18
14943,10,16,12
14944,10,0,10
14945,10,0,10
14946,10,0,10
14947,10,0,10
14948,10,0,10
14949,10,10,2
14950,10,1,18
14951,10,0,10
14952,10,3,9
14953,10,0,10
14954,10,6,6
14955,10,3,9
14956,10,16,12
14957,10,3,9
14958,10,0,10
14959,10,0,10
14960,10,5,15
14961,10,5,15
14962,10,10,2
14963,10,0,10
14964,10,4,4
14965,10,11,16
14966,10,0,10
14967,10,2,17
14968,10,12,14
14969,10,1,18
14970,10,0,10
14971,10,9,11
14972,10,0,10
14973,10,0,10
14974,10,1,18
14975,10,1,18
14976,10,6,6
14977,10,10,2
14978,10,0,10
14979,10,11,16
14980,10,0,10
14981,10,8,19
14982,10,15,8
14983,10,9,11
14984,10,5,15
14985,10,1,18
14986,10,7,7
14987,10,1,18
14988,10,10,2
14989,10,0,10
14990,10,0,10
14991,10,3,9
14992,10,3,9
14993,10,2,17
14994,10,0,10
14995,10,4,4
14996,10,0,10
14997,10,2,17
14998,10,5,15
14999,10,0,10
15000,10,0,10
15001,10,6,6
15002,10,1,18
15003,10,4,4
15004,10,1,18
15005,10,0,10
15006,10,4,4
15007,10,5,15
15008,10,0,10
15009,10,9,11
15010,10,5,15
15011,10,7,7
15012,10,7,7
15013,10,5,15
15014,10,3,9
15015,10,0,10
15016,10,16,12
15017,10,1,18
15018,10,6,6
15019,10,2,17
15020,10,8,19
15021,10,0,10
15022,10,18,5
15023,10,0,10
15024,10,0,10
15025,10,0,10
15026,10,3,9
15027,10,9,11
15028,10,9,11
15029,10,0,10
15030,10,4,4
15031,10,6,6
15032,10,1,18
15033,10,9,11
15034,10,15,8
15035,10,2,17
15036,10,0,10
15037,10,4,4
15038,10,2,17
15039,10,0,10
15040,10,0,10
15041,10,6,6
15042,10,0,10
15043,10,1,18
15044,10,0,10
15045,10,3,9
15046,10,0,10
15047,10,3,9
15048,10,4,4
15049,10,16,12
15050,10,0,10
15051,10,1,18
15052,10,3,9
15053,10,0,10
15054,10,0,10
15055,10,0,10
15056,10,0,10
15057,10,10,2
15058,10,5,15
15059,10,0,10
15060,10,0,10
15061,10,3,9
15062,10,0,10
15063,10,7,7
15064,10,0,10
15065,10,2,17
15066,10,0,10
15067,10,11,16
15068,10,10,2
15069,10,0,10
15070,10,1,18
15071,10,10,2
15072,10,8,19
15073,10,4,4
15074,10,0,10
15075,10,1,18
15076,10,1,18
15077,10,1,18
15078,10,0,10
15079,10,1,18
15080,10,12,14
15081,10,2,17
15082,10,0,10
15083,10,0,10
15084,10,0,10
15085,10,10,2
15086,10,9,11
15087,10,2,17
15088,10,1,18
15089,10,12,14
15090,10,2,17
15091,10,0,10
15092,10,2,17
15093,10,1,18
15094,10,10,2
15095,10,0,10
15096,10,3,9
15097,10,0,10
15098,10,12,14
15099,10,1,18
15100,10,6,6
15101,10,3,9
15102,10,9,11
15103,10,4,4
15104,10,2,17
15105,10,3,9
15106,10,0,10
15107,10,2,17
15108,10,7,7
15109,10,5,15
15110,10,1,18
15111,10,2,17
15112,10,5,15
15113,10,2,17
15114,10,1,18
15115,10,0,10
15116,10,10,2
15117,10,0,10
15118,10,0,10
15119,10,3,9
15120,10,5,15
15121,10,0,10
15122,10,1,18
15123,10,14,13
15124,10,0,10
15125,10,1,18
15126,10,0,10
15127,10,7,7
15128,10,3,9
15129,10,0,10
15130,10,16,12
15131,10,0,10
15132,10,12,14
15133,10,15,8
15134,10,10,2
15135,10,2,17
15136,10,6,6
15137,10,6,6
15138,10,6,6
15139,10,0,10
15140,10,2,17
15141,10,1,18
15142,10,7,7
15143,10,11,16
15144,10,6,6
15145,10,0,10
15146,10,0,10
15147,10,0,10
15148,10,0,10
15149,10,0,10
15150,10,7,7
15151,10,12,14
15152,10,1,18
15153,10,0,10
15154,10,1,18
15155,10,5,15
15156,10,4,4
15157,10,0,10
15158,10,12,14
15159,10,0,10
15160,10,1,18
15161,10,7,7
15162,10,1,18
15163,10,0,10
15164,10,0,10
15165,10,8,19
15166,10,9,11
15167,10,0,10
15168,10,8,19
15169,10,0,10
15170,10,1,18
15171,10,9,11
15172,10,1,18
15173,10,2,17
15174,10,2,17
15175,10,2,17
15176,10,6,6
15177,10,0,10
15178,10,0,10
15179,10,3,9
15180,10,7,7
15181,10,10,2
15182,10,1,18
15183,10,0,10
15184,10,0,10
15185,10,9,11
15186,10,2,17
15187,10,1,18
15188,10,0,10
15189,10,0,10
15190,10,5,15
15191,10,9,11
15192,10,0,10
15193,10,6,6
15194,10,0,10
15195,10,4,4
15196,10,0,10
15197,10,8,19
15198,10,1,18
15199,10,16,12
15200,10,17,1
15201,10,5,15
15202,10,7,7
15203,10,6,6
15204,10,0,10
15205,10,0,10
15206,10,2,17
15207,10,14,13
15208,10,2,17
15209,10,0,10
15210,10,3,9
15211,10,11,16
15212,10,0,10
15213,10,0,10
15214,10,15,8
15215,10,1,18
15216,10,3,9
15217,10,3,9
15218,10,3,9
15219,10,0,10
15220,10,11,16
15221,10,0,10
15222,10,10,2
15223,10,1,18
15224,10,2,17
15225,10,3,9
15226,10,0,10
15227,10,2,17
15228,10,9,11
15229,10,0,10
15230,10,8,19
15231,10,0,10
15232,10,6,6
15233,10,0,10
15234,10,0,10
15235,10,11,16
15236,10,0,10
15237,10,15,8
15238,10,1,18
15239,10,7,7
15240,10,4,4
15241,10,0,10
15242,10,10,2
15243,10,1,18
15244,10,10,2
15245,10,1,18
15246,10,2,17
15247,10,0,10
15248,10,3,9
15249,10,9,11
15250,10,7,7
15251,10,2,17
15252,10,11,16
15253,10,0,10
15254,10,8,19
15255,10,5,15
15256,10,0,10
15257,10,8,19
15258,10,2,17
15259,10,2,17
15260,10,3,9
15261,10,7,7
15262,10,11,16
15263,10,2,17
15264,10,3,9
15265,10,3,9
15266,10,1,18
15267,10,3,9
15268,10,9,11
15269,10,12,14
15270,10,2,17
15271,10,1,18
15272,10,2,17
15273,10,11,16
15274,10,0,10
15275,10,12,14
15276,10,1,18
15277,10,7,7
15278,10,10,2
15279,10,0,10
15280,10,15,8
15281,10,3,9
15282,10,3,9
15283,10,9,11
15284,10,7,7
15285,10,0,10
15286,10,6,6
15287,10,16,12
15288,10,3,9
15289,10,0,10
15290,10,7,7
15291,10,9,11
15292,10,9,11
15293,10,5,15
15294,10,14,13
15295,10,0,10
15296,10,11,16
15297,10,11,16
15298,10,12,14
15299,10,5,15
15300,10,5,15
15301,10,12,14
15302,10,2,17
15303,10,6,6
15304,10,11,16
15305,10,1,18
15306,10,18,5
15307,10,5,15
15308,10,1,18
15309,10,0,10
15310,10,0,10
15311,10,2,17
15312,10,4,4
15313,10,0,10
15314,10,0,10
15315,10,0,10
15316,10,0,10
15317,10,1,18
15318,10,0,10
15319,10,1,18
15320,10,8,19
15321,10,6,6
15322,10,0,10
15323,10,4,4
15324,10,1,18
15325,10,9,11
15326,10,1,18
15327,10,5,15
15328,10,1,18
15329,10,0,10
15330,10,1,18
15331,10,1,18
15332,10,12,14
15333,10,17,1
15334,10,1,18
15335,10,1,18
15336,10,0,10
15337,10,5,15
15338,10,16,12
15339,10,0,10
15340,10,8,19
15341,10,3,9
15342,10,1,18
15343,10,3,9
15344,10,4,4
15345,10,15,8
15346,10,10,2
15347,10,0,10
15348,10,6,6
15349,10,3,9
15350,10,1,18
15351,10,7,7
15352,10,9,11
15353,10,3,9
15354,10,6,6
15355,10,1,18
15356,10,0,10
15357,10,0,10
15358,10,9,11
15359,10,7,7
15360,10,0,10
15361,10,0,10
15362,10,5,15
15363,10,9,11
15364,10,0,10
15365,10,0,10
15366,10,9,11
15367,10,1,18
15368,10,3,9
15369,10,1,18
15370,10,9,11
15371,10,5,15
15372,10,3,9
15373,10,9,11
15374,10,12,14
15375,10,9,11
15376,10,3,9
15377,10,11,16
15378,10,5,15
15379,10,3,9
15380,10,2,17
15381,10,1,18
15382,10,0,10
15383,10,7,7
15384,10,6,6
15385,10,1,18
15386,10,0,10
15387,10,3,9
15388,10,0,10
15389,10,3,9
15390,10,6,6
15391,10,0,10
15392,10,3,9
15393,10,1,18
15394,10,7,7
15395,10,11,16
15396,10,0,10
15397,10,1,18
15398,10,0,10
15399,10,9,11
15400,10,0,10
15401,10,0,10
15402,10,1,18
15403,10,1,18
15404,10,2,17
15405,10,4,4
15406,10,3,9
15407,10,0,10
15408,10,9,11
15409,10,8,19
15410,10,2,17
15411,10,2,17
15412,10,10,2
15413,10,10,2
15414,10,3,9
15415,10,1,18
15416,10,3,9
15417,10,0,10
15418,10,0,10
15419,10,14,13
15420,10,3,9
15421,10,9,11
15422,10,0,10
15423,10,12,14
15424,10,3,9
15425,10,5,15
15426,10,1,18
15427,10,1,18
15428,10,1,18
15429,10,3,9
15430,10,8,19
15431,10,3,9
15432,10,1,18
15433,10,15,8
15434,10,0,10
15435,10,0,10
15436,10,11,16
15437,10,3,9
15438,10,0,10
15439,10,3,9
15440,10,6,6
15441,10,4,4
15442,10,1,18
15443,10,2,17
15444,10,1,18
15445,10,0,10
15446,10,11,16
15447,10,10,2
15448,10,0,10
15449,10,3,9
15450,10,0,10
15451,10,4,4
15452,10,4,4
15453,10,0,10
15454,10,10,2
15455,10,2,17
15456,10,4,4
15457,10,1,18
15458,10,9,11
15459,10,10,2
15460,10,0,10
15461,10,2,17
15462,10,9,11
15463,10,1,18
15464,10,0,10
15465,10,11,16
15466,10,6,6
15467,10,0,10
15468,10,0,10
15469,10,0,10
15470,10,3,9
15471,10,3,9
15472,10,6,6
15473,10,7,7
15474,10,17,1
15475,10,3,9
15476,10,4,4
15477,10,1,18
15478,10,11,16
15479,10,0,10
15480,10,5,15
15481,10,5,15
15482,10,11,16
15483,10,3,9
15484,10,0,10
15485,10,0,10
15486,10,0,10
15487,10,1,18
15488,10,6,6
15489,10,0,10
15490,10,6,6
15491,10,0,10
15492,10,0,10
15493,10,4,4
15494,10,5,15
15495,10,1,18
15496,10,0,10
15497,10,7,7
15498,10,10,2
15499,10,11,16
15500,10,1,18
15501,10,12,14
15502,10,0,10
15503,10,2,17
15504,10,3,9
15505,10,7,7
15506,10,1,18
15507,10,3,9
15508,10,0,10
15509,10,0,10
15510,10,0,10
15511,10,0,10
15512,10,11,16
15513,10,1,18
15514,10,0,10
15515,10,0,10
15516,10,6,6
15517,10,0,10
15518,10,0,10
15519,10,0,10
15520,10,9,11
15521,10,1,18
15522,10,11,16
15523,10,2,17
15524,10,11,16
15525,10,0,10
15526,10,15,8
15527,10,17,1
15528,10,0,10
15529,10,10,2
15530,10,5,15
15531,10,1,18
15532,10,3,9
15533,10,4,4
15534,10,0,10
15535,10,0,10
15536,10,3,9
15537,10,0,10
15538,10,0,10
15539,10,6,6
15540,10,10,2
15541,10,9,11
15542,10,8,19
15543,10,9,11
15544,10,0,10
15545,10,10,2
15546,10,3,9
15547,10,0,10
15548,10,0,10
15549,10,12,14
15550,10,0,10
15551,10,0,10
15552,10,12,14
15553,10,14,13
15554,10,8,19
15555,10,6,6
15556,10,12,14
15557,10,0,10
15558,10,10,2
15559,10,1,18
15560,10,0,10
15561,10,11,16
15562,10,6,6
15563,10,3,9
15564,10,0,10
15565,10,7,7
15566,10,0,10
15567,10,6,6
15568,10,0,10
15569,10,5,15
15570,10,0,10
15571,10,12,14
15572,10,4,4
15573,10,1,18
15574,10,5,15
15575,10,0,10
15576,10,3,9
15577,10,15,8
15578,10,15,8
15579,10,5,15
15580,10,1,18
15581,10,2,17
15582,10,1,18
15583,10,16,12
15584,10,1,18
15585,10,3,9
15586,10,9,11
15587,10,6,6
15588,10,3,9
15589,10,9,11
15590,10,0,10
15591,10,0,10
15592,10,8,19
15593,10,8,19
15594,10,0,10
15595,10,6,6
15596,10,3,9
15597,10,1,18
15598,10,10,2
15599,10,6,6
15600,10,0,10
15601,10,5,15
15602,10,0,10
15603,10,0,10
15604,10,3,9
15605,10,0,10
15606,10,0,10
15607,10,3,9
15608,10,7,7
15609,10,0,10
15610,10,1,18
15611,10,0,10
15612,10,14,13
15613,10,0,10
15614,10,0,10
15615,10,5,15
15616,10,3,9
15617,10,3,9
15618,10,0,10
15619,10,0,10
15620,10,4,4
15621,10,1,18
15622,10,8,19
15623,10,9,11
15624,10,15,8
15625,10,0,10
15626,10,0,10
15627,10,10,2
15628,10,7,7
15629,10,0,10
15630,10,5,15
15631,10,15,8
15632,10,3,9
15633,10,2,17
15634,10,2,17
15635,10,5,15
15636,10,6,6
15637,10,1,18
15638,10,9,11
15639,10,2,17
15640,10,2,17
15641,10,1,18
15642,10,0,10
15643,10,0,10
15644,10,3,9
15645,10,1,18
15646,10,1,18
15647,10,7,7
15648,10,6,6
15649,10,4,4
15650,10,10,2
15651,10,7,7
15652,10,6,6
15653,10,5,15
15654,10,0,10
15655,10,3,9
15656,10,0,10
15657,10,0,10
15658,10,0,10
15659,10,1,18
15660,10,0,10
15661,10,9,11
15662,10,5,15
15663,10,1,18
15664,10,0,10
15665,10,15,8
15666,10,0,10
15667,10,3,9
15668,10,5,15
15669,10,18,5
15670,10,0,10
15671,10,1,18
15672,10,8,19
15673,10,1,18
15674,10,2,17
15675,10,5,15
15676,10,4,4
15677,10,3,9
15678,10,2,17
15679,10,3,9
15680,10,3,9
15681,10,6,6
15682,10,3,9
15683,10,10,2
15684,10,11,16
15685,10,6,6
15686,10,1,18
15687,10,5,15
15688,10,3,9
15689,10,0,10
15690,10,3,9
15691,10,15,8
15692,10,0,10
15693,10,2,17
15694,10,2,17
15695,10,10,2
15696,10,3,9
15697,10,1,18
15698,10,12,14
15699,10,7,7
15700,10,1,18
15701,10,5,15
15702,10,5,15
15703,10,0,10
15704,10,1,18
15705,10,6,6
15706,10,3,9
15707,10,1,18
15708,10,0,10
15709,10,0,10
15710,10,0,10
15711,10,2,17
15712,10,0,10
15713,10,5,15
15714,10,1,18
15715,10,6,6
15716,10,15,8
15717,10,0,10
15718,10,8,19
15719,10,0,10
15720,10,3,9
15721,10,2,17
15722,10,15,8
15723,10,1,18
15724,10,6,6
15725,10,3,9
15726,10,9,11
15727,10,3,9
15728,10,0,10
15729,10,1,18
15730,10,1,18
15731,10,3,9
15732,10,15,8
15733,10,11,16
15734,10,2,17
15735,10,3,9
15736,10,1,18
15737,10,2,17
15738,10,8,19
15739,10,5,15
15740,10,2,17
15741,10,1,18
15742,10,1,18
15743,10,0,10
15744,10,0,10
15745,10,6,6
15746,10,0,10
15747,10,3,9
15748,10,1,18
15749,10,1,18
15750,10,8,19
15751,10,10,2
15752,10,0,10
15753,10,0,10
15754,10,16,12
15755,10,2,17
15756,10,9,11
15757,10,3,9
15758,10,0,10
15759,10,0,10
15760,10,8,19
15761,10,1,18
15762,10,1,18
15763,10,0,10
15764,10,0,10
15765,10,4,4
15766,10,1,18
15767,10,0,10
15768,10,0,10
15769,10,6,6
15770,10,12,14
15771,10,2,17
15772,10,10,2
15773,10,3,9
15774,10,6,6
15775,10,11,16
15776,10,0,10
15777,10,5,15
15778,10,4,4
15779,10,12,14
15780,10,0,10
15781,10,9,11
15782,10,2,17
15783,10,4,4
15784,10,5,15
15785,10,1,18
15786,10,1,18
15787,10,11,16
15788,10,4,4
15789,10,0,10
15790,10,4,4
15791,10,5,15
15792,10,3,9
15793,10,8,19
15794,10,0,10
15795,10,10,2
15796,10,11,16
15797,10,4,4
15798,10,6,6
15799,10,3,9
15800,10,6,6
15801,10,0,10
15802,10,3,9
15803,10,2,17
15804,10,9,11
15805,10,8,19
15806,10,0,10
15807,10,1,18
15808,10,1,18
15809,10,1,18
15810,10,3,9
15811,10,9,11
15812,10,1,18
15813,10,1,18
15814,10,8,19
15815,10,3,9
15816,10,0,10
15817,10,0,10
15818,10,1,18
15819,10,0,10
15820,10,2,17
15821,10,0,10
15822,10,4,4
15823,10,3,9
15824,10,15,8
15825,10,2,17
15826,10,2,17
15827,10,0,10
15828,10,0,10
15829,10,7,7
15830,10,1,18
15831,10,9,11
15832,10,4,4
15833,10,3,9
15834,10,14,13
15835,10,3,9
15836,10,3,9
15837,10,11,16
15838,10,0,10
15839,10,1,18
15840,10,6,6
15841,10,0,10
15842,10,1,18
15843,10,0,10
15844,10,0,10
15845,10,0,10
15846,10,6,6
15847,10,0,10
15848,10,1,18
15849,10,1,18
15850,10,0,10
15851,10,1,18
15852,10,1,18
15853,10,0,10
15854,10,0,10
15855,10,2,17
15856,10,2,17
15857,10,0,10
15858,10,1,18
15859,10,0,10
15860,10,5,15
15861,10,0,10
15862,10,6,6
15863,10,1,18
15864,10,2,17
15865,10,6,6
15866,10,0,10
15867,10,7,7
15868,10,0,10
15869,10,6,6
15870,10,0,10
15871,10,0,10
15872,10,6,6
15873,10,0,10
15874,10,0,10
15875,10,3,9
15876,10,0,10
15877,10,1,18
15878,10,5,15
15879,10,6,6
15880,10,0,10
15881,10,0,10
15882,10,10,2
15883,10,1,18
15884,10,7,7
15885,10,4,4
15886,10,10,2
15887,10,1,18
15888,10,0,10
15889,10,1,18
15890,10,3,9
15891,10,6,6
15892,10,6,6
15893,10,10,2
15894,10,7,7
15895,10,15,8
15896,10,0,10
15897,10,1,18
15898,10,5,15
15899,10,12,14
15900,10,5,15
15901,10,0,10
15902,10,0,10
15903,10,14,13
15904,10,2,17
15905,10,2,17
15906,10,1,18
15907,10,2,17
15908,10,0,10
15909,10,16,12
15910,10,4,4
15911,10,9,11
15912,10,3,9
15913,10,3,9
15914,10,6,6
15915,10,0,10
15916,10,16,12
15917,10,0,10
15918,10,0,10
15919,10,0,10
15920,10,0,10
15921,10,3,9
15922,10,5,15
15923,10,1,18
15924,10,11,16
15925,10,11,16
15926,10,2,17
15927,10,0,10
15928,10,3,9
15929,10,18,5
15930,10,0,10
15931,10,0,10
15932,10,10,2
15933,10,0,10
15934,10,9,11
15935,10,9,11
15936,10,2,17
15937,10,8,19
15938,10,5,15
15939,10,18,5
15940,10,0,10
15941,10,0,10
15942,10,1,18
15943,10,1,18
15944,10,6,6
15945,10,16,12
15946,10,16,12
15947,10,0,10
15948,10,6,6
15949,10,0,10
15950,10,9,11
15951,10,0,10
15952,10,15,8
15953,10,0,10
15954,10,7,7
15955,10,7,7
15956,10,3,9
15957,10,7,7
15958,10,1,18
15959,10,16,12
15960,10,5,15
15961,10,7,7
15962,10,1,18
15963,10,3,9
15964,10,1,18
15965,10,0,10
15966,10,0,10
15967,10,0,10
15968,10,1,18
15969,10,6,6
15970,10,14,13
15971,10,8,19
15972,10,4,4
15973,10,6,6
15974,10,10,2
15975,10,3,9
15976,10,7,7
15977,10,16,12
15978,10,5,15
15979,10,3,9
15980,10,6,6
15981,10,11,16
15982,10,1,18
15983,10,10,2
15984,10,3,9
15985,10,1,18
15986,10,7,7
15987,10,18,5
15988,10,3,9
15989,10,8,19
15990,10,12,14
15991,10,0,10
15992,10,0,10
15993,10,7,7
15994,10,1,18
15995,10,2,17
15996,10,0,10
15997,10,1,18
15998,10,6,6
15999,10,2,17
16000,10,9,11
16001,10,5,15
16002,10,0,10
16003,10,5,15
16004,10,1,18
16005,10,10,2
16006,10,0,10
16007,10,0,10
16008,10,0,10
16009,10,0,10
16010,10,0,10
16011,10,4,4
16012,10,15,8
16013,10,3,9
16014,10,0,10
16015,10,9,11
16016,10,3,9
16017,10,1,18
16018,10,0,10
16019,10,2,17
16020,10,15,8
16021,10,4,4
16022,10,2,17
16023,10,7,7
16024,10,1,18
16025,10,16,12
16026,10,5,15
16027,10,9,11
16028,10,4,4
16029,10,5,15
16030,10,0,10
16031,10,1,18
16032,10,1,18
16033,10,0,10
16034,10,7,7
16035,10,0,10
16036,10,6,6
16037,10,4,4
16038,10,0,10
16039,10,6,6
16040,10,0,10
16041,10,6,6
16042,10,2,17
16043,10,0,10
16044,10,1,18
16045,10,4,4
16046,10,0,10
16047,10,1,18
16048,10,4,4
16049,10,0,10
16050,10,0,10
16051,10,3,9
16052,10,0,10
16053,10,0,10
16054,10,6,6
16055,10,15,8
16056,10,0,10
16057,10,2,17
16058,10,0,10
16059,10,6,6
16060,10,12,14
16061,10,1,18
16062,10,0,10
16063,10,8,19
16064,10,2,17
16065,10,6,6
16066,10,16,12
16067,10,9,11
16068,10,2,17
16069,10,1,18
16070,10,1,18
16071,10,10,2
16072,10,10,2
16073,10,7,7
16074,10,3,9
16075,10,11,16
16076,10,1,18
16077,10,16,12
16078,10,3,9
16079,10,0,10
16080,10,6,6
16081,10,4,4
16082,10,11,16
16083,10,9,11
16084,10,1,18
16085,10,17,1
16086,10,0,10
16087,10,5,15
16088,10,1,18
16089,10,9,11
16090,10,4,4
16091,10,10,2
16092,10,1,18
16093,10,2,17
16094,10,0,10
16095,10,3,9
16096,10,0,10
16097,10,6,6
16098,10,0,10
16099,10,4,4
16100,10,1,18
16101,10,0,10
16102,10,15,8
16103,10,8,19
16104,10,0,10
16105,10,1,18
16106,10,3,9
16107,10,5,15
16108,10,8,19
16109,10,0,10
16110,10,5,15
16111,10,15,8
16112,10,0,10
16113,10,3,9
16114,10,9,11
16115,10,0,10
16116,10,8,19
16117,10,8,19
16118,10,2,17
16119,10,0,10
16120,10,0,10
16121,10,12,14
16122,10,15,8
16123,10,0,10
16124,10,1,18
16125,10,8,19
16126,10,6,6
16127,10,0,10
16128,10,0,10
16129,10,0,10
16130,10,1,18
16131,10,0,10
16132,10,3,9
16133,10,9,11
16134,10,1,18
16135,10,0,10
16136,10,1,18
16137,10,0,10
16138,10,1,18
16139,10,3,9
16140,10,0,10
16141,10,1,18
16142,10,7,7
16143,10,15,8
16144,10,2,17
16145,10,9,11
16146,10,6,6
16147,10,18,5
16148,10,11,16
16149,10,1,18
16150,10,4,4
16151,10,0,10
16152,10,4,4
16153,10,0,10
16154,10,12,14
16155,10,8,19
16156,10,1,18
16157,10,0,10
16158,10,3,9
16159,10,5,15
16160,10,5,15
16161,10,0,10
16162,10,0,10
16163,10,12,14
16164,10,2,17
16165,10,9,11
16166,10,4,4
16167,10,0,10
16168,10,0,10
16169,10,0,10
16170,10,15,8
16171,10,2,17
16172,10,5,15
16173,10,4,4
16174,10,0,10
16175,10,4,4
16176,10,0,10
16177,10,8,19
16178,10,4,4
16179,10,0,10
16180,10,0,10
16181,10,0,10
16182,10,0,10
16183,10,15,8
16184,10,3,9
16185,10,8,19
16186,10,0,10
16187,10,1,18
16188,10,0,10
16189,10,6,6
16190,10,2,17
16191,10,0,10
16192,10,0,10
16193,10,16,12
16194,10,16,12
16195,10,0,10
16196,10,1,18
16197,10,0,10
16198,10,0,10
16199,10,9,11
16200,10,8,19
16201,10,0,10
16202,10,0,10
16203,10,0,10
16204,10,5,15
16205,10,3,9
16206,10,9,11
16207,10,0,10
16208,10,6,6
16209,10,10,2
16210,10,14,13
16211,10,1,18
16212,10,6,6
16213,10,3,9
16214,10,3,9
16215,10,9,11
16216,10,0,10
16217,10,3,9
16218,10,1,18
16219,10,0,10
16220,10,4,4
16221,10,1,18
16222,10,3,9
16223,10,10,2
16224,10,0,10
16225,10,1,18
16226,10,8,19
16227,10,1,18
16228,10,0,10
16229,10,14,13
16230,10,1,18
16231,10,1,18
16232,10,0,10
16233,10,1,18
16234,10,1,18
16235,10,6,6
16236,10,8,19
16237,10,9,11
16238,10,0,10
16239,10,3,9
16240,10,3,9
16241,10,1,18
16242,10,5,15
16243,10,1,18
16244,10,0,10
16245,10,2,17
16246,10,0,10
16247,10,0,10
16248,10,15,8
16249,10,5,15
16250,10,6,6
16251,10,10,2
16252,10,3,9
16253,10,0,10
16254,10,4,4
16255,10,3,9
16256,10,0,10
16257,10,3,9
16258,10,3,9
16259,10,0,10
16260,10,2,17
16261,10,0,10
16262,10,0,10
16263,10,15,8
16264,10,0,10
16265,10,2,17
16266,10,5,15
16267,10,12,14
16268,10,3,9
16269,10,11,16
16270,10,4,4
16271,10,4,4
16272,10,0,10
16273,10,1,18
16274,10,0,10
16275,10,1,18
16276,10,4,4
16277,10,5,15
16278,10,0,10
16279,10,2,17
16280,10,0,10
16281,10,1,18
16282,10,0,10
16283,10,6,6
16284,10,0,10
16285,10,0,10
16286,10,0,10
16287,10,0,10
16288,10,0,10
16289,10,0,10
16290,10,0,10
16291,10,9,11
16292,10,3,9
16293,10,3,9
16294,10,0,10
16295,10,10,2
16296,10,11,16
16297,10,1,18
16298,10,1,18
16299,10,0,10
16300,10,4,4
16301,10,3,9
16302,10,1,18
16303,10,0,10
16304,10,3,9
16305,10,0,10
16306,10,11,16
16307,10,1,18
16308,10,10,2
16309,10,11,16
16310,10,18,5
16311,10,9,11
16312,10,0,10
16313,10,0,10
16314,10,8,19
16315,10,8,19
16316,10,3,9
16317,10,11,16
16318,10,5,15
16319,10,2,17
16320,10,5,15
16321,10,16,12
16322,10,1,18
16323,10,0,10
16324,10,3,9
16325,10,7,7
16326,10,0,10
16327,10,0,10
16328,10,10,2
16329,10,1,18
16330,10,9,11
16331,10,11,16
16332,10,7,7
16333,10,2,17
16334,10,15,8
16335,10,0,10
16336,10,3,9
16337,10,10,2
16338,10,0,10
16339,10,0,10
16340,10,9,11
16341,10,3,9
16342,10,11,16
16343,10,3,9
16344,10,3,9
16345,10,4,4
16346,10,12,14
16347,10,2,17
16348,10,0,10
16349,10,3,9
16350,10,0,10
16351,10,1,18
16352,10,7,7
16353,10,0,10
16354,10,7,7
16355,10,3,9
16356,10,2,17
16357,10,11,16
16358,10,9,11
16359,10,3,9
16360,10,0,10
16361,10,0,10
16362,10,2,17
16363,10,0,10
16364,10,8,19
16365,10,3,9
16366,10,17,1
16367,10,1,18
16368,10,14,13
16369,10,5,15
16370,10,2,17
16371,10,9,11
16372,10,3,9
16373,10,7,7
16374,10,5,15
16375,10,0,10
16376,10,3,9
16377,10,3,9
16378,10,8,19
16379,10,12,14
16380,10,3,9
16381,10,0,10
16382,10,11,16
16383,10,11,16
16384,10,14,13
16385,10,1,18
16386,10,1,18
16387,10,7,7
16388,10,0,10
16389,10,7,7
16390,10,1,18
16391,10,1,18
16392,10,4,4
16393,10,6,6
16394,10,0,10
16395,10,1,18
16396,10,0,10
16397,10,0,10
16398,10,7,7
16399,10,3,9
16400,10,7,7
16401,10,1,18
16402,10,11,16
16403,10,0,10
16404,10,6,6
16405,10,4,4
16406,10,4,4
16407,10,3,9
16408,10,6,6
16409,10,1,18
16410,10,15,8
16411,10,8,19
16412,10,2,17
16413,10,2,17
16414,10,0,10
16415,10,1,18
16416,10,1,18
16417,10,1,18
16418,10,0,10
16419,10,0,10
16420,10,14,13
16421,10,0,10
16422,10,0,10
16423,10,2,17
16424,10,0,10
16425,10,10,2
16426,10,8,19
16427,10,1,18
16428,10,0,10
16429,10,5,15
16430,10,3,9
16431,10,0,10
16432,10,3,9
16433,10,1,18
16434,10,0,10
16435,10,3,9
16436,10,12,14
16437,10,16,12
16438,10,0,10
16439,10,0,10
16440,10,17,1
16441,10,1,18
16442,10,7,7
16443,10,1,18
16444,10,0,10
16445,10,6,6
16446,10,9,11
16447,10,1,18
16448,10,8,19
16449,10,10,2
16450,10,8,19
16451,10,10,2
16452,10,3,9
16453,10,15,8
16454,10,1,18
16455,10,10,2
16456,10,3,9
16457,10,3,9
16458,10,6,6
16459,10,7,7
16460,10,5,15
16461,10,0,10
16462,10,1,18
16463,10,2,17
16464,10,4,4
16465,10,0,10
16466,10,0,10
16467,10,0,10
16468,10,4,4
16469,10,1,18
16470,10,0,10
16471,10,5,15
16472,10,5,15
16473,10,10,2
16474,10,4,4
16475,10,0,10
16476,10,2,17
16477,10,3,9
16478,10,5,15
16479,10,7,7
16480,10,10,2
16481,10,9,11
16482,10,11,16
16483,10,16,12
16484,10,0,10
16485,10,0,10
16486,10,9,11
16487,10,6,6
16488,10,2,17
16489,10,0,10
16490,10,0,10
16491,10,1,18
16492,10,1,18
16493,10,2,17
16494,10,0,10
16495,10,1,18
16496,10,9,11
16497,10,0,10
16498,10,0,10
16499,10,14,13
16500,10,1,18
16501,10,0,10
16502,10,12,14
16503,10,1,18
16504,10,1,18
16505,10,0,10
16506,10,3,9
16507,10,5,15
16508,10,0,10
16509,10,0,10
16510,10,5,15
16511,10,7,7
16512,10,0,10
16513,10,1,18
16514,10,0,10
16515,10,2,17
16516,10,0,10
16517,10,0,10
16518,10,6,6
16519,10,4,4
16520,10,8,19
16521,10,2,17
16522,10,1,18
16523,10,0,10
16524,10,1,18
16525,10,0,10
16526,10,1,18
16527,10,0,10
16528,10,2,17
16529,10,7,7
16530,10,3,9
16531,10,15,8
16532,10,1,18
16533,10,9,11
16534,10,3,9
16535,10,1,18
16536,10,6,6
16537,10,2,17
16538,10,4,4
16539,10,7,7
16540,10,0,10
16541,10,0,10
16542,10,0,10
16543,10,16,12
16544,10,9,11
16545,10,9,11
16546,10,0,10
16547,10,3,9
16548,10,0,10
16549,10,0,10
16550,10,0,10
16551,10,1,18
16552,10,11,16
16553,10,0,10
16554,10,0,10
16555,10,0,10
16556,10,16,12
16557,10,6,6
16558,10,1,18
16559,10,0,10
16560,10,0,10
16561,10,1,18
16562,10,10,2
16563,10,2,17
16564,10,0,10
16565,10,16,12
16566,10,0,10
16567,10,18,5
16568,10,4,4
16569,10,0,10
16570,10,16,12
16571,10,7,7
16572,10,8,19
16573,10,4,4
16574,10,5,15
16575,10,0,10
16576,10,0,10
16577,10,17,1
16578,10,10,2
16579,10,1,18
16580,10,15,8
16581,10,3,9
16582,10,0,10
16583,10,9,11
16584,10,1,18
16585,10,7,7
16586,10,18,5
16587,10,0,10
16588,10,3,9
16589,10,3,9
16590,10,3,9
16591,10,0,10
16592,10,11,16
16593,10,0,10
16594,10,3,9
16595,10,3,9
16596,10,1,18
16597,10,6,6
16598,10,3,9
16599,10,0,10
16600,10,4,4
16601,10,1,18
16602,10,16,12
16603,10,3,9
16604,10,9,11
16605,10,9,11
16606,10,0,10
16607,10,8,19
16608,10,2,17
16609,10,0,10
16610,10,1,18
16611,10,2,17
16612,10,12,14
16613,10,2,17
16614,10,3,9
16615,10,15,8
16616,10,0,10
16617,10,2,17
16618,10,0,10
16619,10,0,10
16620,10,0,10
16621,10,0,10
16622,10,0,10
16623,10,0,10
16624,10,9,11
16625,10,3,9
16626,10,1,18
16627,10,0,10
16628,10,0,10
16629,10,6,6
16630,10,0,10
16631,10,0,10
16632,10,0,10
16633,10,0,10
16634,10,0,10
16635,10,4,4
16636,10,5,15
16637,10,6,6
16638,10,6,6
16639,10,7,7
16640,10,10,2
16641,10,5,15
16642,10,3,9
16643,10,0,10
16644,10,3,9
16645,10,1,18
16646,10,0,10
16647,10,15,8
16648,10,6,6
16649,10,0,10
16650,10,11,16
16651,10,1,18
16652,10,3,9
16653,10,0,10
16654,10,1,18
16655,10,10,2
16656,10,0,10
16657,10,1,18
16658,10,18,5
16659,10,11,16
16660,10,11,16
16661,10,0,10
16662,10,0,10
16663,10,2,17
16664,10,3,9
16665,10,18,5
16666,10,7,7
16667,10,9,11
16668,10,3,9
16669,10,8,19
16670,10,12,14
16671,10,6,6
16672,10,1,18
16673,10,1,18
16674,10,1,18
16675,10,2,17
16676,10,1,18
16677,10,16,12
16678,10,0,10
16679,10,0,10
16680,10,0,10
16681,10,8,19
16682,10,3,9
16683,10,15,8
16684,10,11,16
16685,10,1,18
16686,10,8,19
16687,10,1,18
16688,10,3,9
16689,10,2,17
16690,10,3,9
16691,10,0,10
16692,10,7,7
16693,10,3,9
16694,10,0,10
16695,10,10,2
16696,10,0,10
16697,10,3,9
16698,10,0,10
16699,10,0,10
16700,10,8,19
16701,10,0,10
16702,10,14,13
16703,10,0,10
16704,10,7,7
16705,10,1,18
16706,10,0,10
16707,10,16,12
16708,10,2,17
16709,10,6,6
16710,10,0,10
16711,10,0,10
16712,10,0,10
16713,10,9,11
16714,10,0,10
16715,10,7,7
16716,10,6,6
16717,10,2,17
16718,10,0,10
16719,10,0,10
16720,10,12,14
16721,10,8,19
16722,10,0,10
16723,10,4,4
16724,10,6,6
16725,10,8,19
16726,10,3,9
16727,10,1,18
16728,10,4,4
16729,10,6,6
16730,10,2,17
16731,10,6,6
16732,10,1,18
16733,10,0,10
16734,10,3,9
16735,10,7,7
16736,10,1,18
16737,10,2,17
16738,10,4,4
16739,10,0,10
16740,10,0,10
16741,10,0,10
16742,10,0,10
16743,10,0,10
16744,10,16,12
16745,10,10,2
16746,10,0,10
16747,10,1,18
16748,10,4,4
16749,10,7,7
16750,10,0,10
16751,10,3,9
16752,10,3,9
16753,10,9,11
16754,10,0,10
16755,10,0,10
16756,10,0,10
16757,10,1,18
16758,10,1,18
16759,10,1,18
16760,10,0,10
16761,10,0,10
16762,10,3,9
16763,10,14,13
16764,10,1,18
16765,10,11,16
16766,10,9,11
16767,10,0,10
16768,10,2,17
16769,10,2,17
16770,10,0,10
16771,10,0,10
16772,10,3,9
16773,10,0,10
16774,10,0,10
16775,10,6,6
16776,10,1,18
16777,10,3,9
16778,10,5,15
16779,10,10,2
16780,10,0,10
16781,10,2,17
16782,10,2,17
16783,10,2,17
16784,10,1,18
16785,10,10,2
16786,10,7,7
16787,10,1,18
16788,10,3,9
16789,10,7,7
16790,10,10,2
16791,10,14,13
16792,10,2,17
16793,10,5,15
16794,10,8,19
16795,10,3,9
16796,10,0,10
16797,10,9,11
16798,10,9,11
16799,10,0,10
16800,10,1,18
16801,10,12,14
16802,10,0,10
16803,10,9,11
16804,10,0,10
16805,10,0,10
16806,10,5,15
16807,10,1,18
16808,10,3,9
16809,10,3,9
16810,10,3,9
16811,10,6,6
16812,10,1,18
16813,10,5,15
16814,10,0,10
16815,10,17,1
16816,10,3,9
16817,10,0,10
16818,10,1,18
16819,10,3,9
16820,10,1,18
16821,10,8,19
16822,10,6,6
16823,10,11,16
16824,10,9,11
16825,10,0,10
16826,10,1,18
16827,10,2,17
16828,10,6,6
16829,10,0,10
16830,10,9,11
16831,10,11,16
16832,10,11,16
16833,10,10,2
16834,10,0,10
16835,10,0,10
16836,10,2,17
16837,10,0,10
16838,10,1,18
16839,10,1,18
16840,10,14,13
16841,10,0,10
16842,10,0,10
16843,10,15,8
16844,10,0,10
16845,10,14,13
16846,10,11,16
16847,10,15,8
16848,10,0,10
16849,10,0,10
16850,10,0,10
16851,10,3,9
16852,10,1,18
16853,10,6,6
16854,10,3,9
16855,10,4,4
16856,10,6,6
16857,10,8,19
16858,10,1,18
16859,10,4,4
16860,10,0,10
16861,10,0,10
16862,10,0,10
16863,10,5,15
16864,10,0,10
16865,10,11,16
16866,10,4,4
16867,10,8,19
16868,10,0,10
16869,10,3,9
16870,10,11,16
16871,10,1,18
16872,10,4,4
16873,10,3,9
16874,10,0,10
16875,10,0,10
16876,10,7,7
16877,10,8,19
16878,10,9,11
16879,10,5,15
16880,10,2,17
16881,10,18,5
16882,10,0,10
16883,10,3,9
16884,10,6,6
16885,10,1,18
16886,10,2,17
16887,10,0,10
16888,10,0,10
16889,10,16,12
16890,10,0,10
16891,10,1,18
16892,10,15,8
16893,10,0,10
16894,10,3,9
16895,10,6,6
16896,10,3,9
16897,10,2,17
16898,10,1,18
16899,10,3,9
16900,10,0,10
16901,10,1,18
16902,10,11,16
16903,10,0,10
16904,10,16,12
16905,10,0,10
16906,10,3,9
16907,10,1,18
16908,10,3,9
16909,10,14,13
16910,10,0,10
16911,10,10,2
16912,10,9,11
16913,10,9,11
16914,10,0,10
16915,10,0,10
16916,10,0,10
16917,10,3,9
16918,10,0,10
16919,10,10,2
16920,10,12,14
16921,10,0,10
16922,10,0,10
16923,10,0,10
16924,10,9,11
16925,10,8,19
16926,10,14,13
16927,10,0,10
16928,10,3,9
16929,10,1,18
16930,10,0,10
16931,10,0,10
16932,10,2,17
16933,10,2,17
16934,10,2,17
16935,10,10,2
16936,10,4,4
16937,10,2,17
16938,10,0,10
16939,10,0,10
16940,10,4,4
16941,10,5,15
16942,10,0,10
16943,10,0,10
16944,10,3,9
16945,10,2,17
16946,10,0,10
16947,10,1,18
16948,10,3,9
16949,10,0,10
16950,10,0,10
16951,10,10,2
16952,10,4,4
16953,10,15,8
16954,10,1,18
16955,10,7,7
16956,10,1,18
16957,10,7,7
16958,10,3,9
16959,10,0,10
16960,10,5,15
16961,10,1,18
16962,10,2,17
16963,10,2,17
16964,10,0,10
16965,10,5,15
16966,10,6,6
16967,10,3,9
16968,10,0,10
16969,10,0,10
16970,10,6,6
16971,10,1,18
16972,10,0,10
16973,10,11,16
16974,10,11,16
16975,10,1,18
16976,10,2,17
16977,10,0,10
16978,10,0,10
16979,10,0,10
16980,10,0,10
16981,10,7,7
16982,10,9,11
16983,10,9,11
16984,10,1,18
16985,10,1,18
16986,10,0,10
16987,10,9,11
16988,10,0,10
16989,10,0,10
16990,10,0,10
16991,10,0,10
16992,10,4,4
16993,10,1,18
16994,10,0,10
16995,10,0,10
16996,10,0,10
16997,10,0,10
16998,10,9,11
16999,10,1,18
17000,10,7,7
17001,10,1,18
17002,10,0,10
17003,10,0,10
17004,10,0,10
17005,10,11,16
17006,10,15,8
17007,10,9,11
17008,10,1,18
17009,10,0,10
17010,10,10,2
17011,10,12,14
17012,10,0,10
17013,10,6,6
17014,10,16,12
17015,10,8,19
17016,10,4,4
17017,10,1,18
17018,10,4,4
17019,10,9,11
17020,10,2,17
17021,10,3,9
17022,10,2,17
17023,10,2,17
17024,10,1,18
17025,10,1,18
17026,10,9,11
17027,10,3,9
17028,10,0,10
17029,10,3,9
17030,10,3,9
17031,10,7,7
17032,10,7,7
17033,10,4,4
17034,10,1,18
17035,10,16,12
17036,10,3,9
17037,10,0,10
17038,10,0,10
17039,10,0,10
17040,10,7,7
17041,10,0,10
17042,10,15,8
17043,10,11,16
17044,10,17,1
17045,10,0,10
17046,10,8,19
17047,10,9,11
17048,10,0,10
17049,10,1,18
17050,10,11,16
17051,10,11,16
17052,10,15,8
17053,10,0,10
17054,10,5,15
17055,10,3,9
17056,10,0,10
17057,10,1,18
17058,10,6,6
17059,10,3,9
17060,10,1,18
17061,10,10,2
17062,10,1,18
17063,10,2,17
17064,10,2,17
17065,10,0,10
17066,10,0,10
17067,10,0,10
17068,10,6,6
17069,10,4,4
17070,10,8,19
17071,10,0,10
17072,10,10,2
17073,10,9,11
17074,10,0,10
17075,10,12,14
17076,10,0,10
17077,10,6,6
17078,10,2,17
17079,10,12,14
17080,10,1,18
17081,10,15,8
17082,10,0,10
17083,10,1,18
17084,10,11,16
17085,10,5,15
17086,10,1,18
17087,10,3,9
17088,10,11,16
17089,10,0,10
17090,10,4,4
17091,10,0,10
17092,10,0,10
17093,10,0,10
17094,10,1,18
17095,10,1,18
17096,10,15,8
17097,10,0,10
17098,10,0,10
17099,10,0,10
17100,10,0,10
17101,10,10,2
17102,10,0,10
17103,10,8,19
17104,10,0,10
17105,10,14,13
17106,10,0,10
17107,10,0,10
17108,10,3,9
17109,10,0,10
17110,10,0,10
17111,10,1,18
17112,10,1,18
17113,10,0,10
17114,10,2,17
17115,10,3,9
17116,10,0,10
17117,10,0,10
17118,10,0,10
17119,10,4,4
17120,10,18,5
17121,10,2,17
17122,10,3,9
17123,10,18,5
17124,10,9,11
17125,10,15,8
17126,10,5,15
17127,10,2,17
17128,10,3,9
17129,10,2,17
17130,10,3,9
17131,10,0,10
17132,10,7,7
17133,10,0,10
17134,10,10,2
17135,10,0,10
17136,10,8,19
17137,10,1,18
17138,10,1,18
17139,10,3,9
17140,10,8,19
17141,10,3,9
17142,10,3,9
17143,10,7,7
17144,10,0,10
17145,10,16,12
17146,10,6,6
17147,10,9,11
17148,10,10,2
17149,10,7,7
17150,10,2,17
17151,10,0,10
17152,10,0,10
17153,10,5,15
17154,10,0,10
17155,10,5,15
17156,10,10,2
17157,10,0,10
17158,10,4,4
17159,10,1,18
17160,10,1,18
17161,10,7,7
17162,10,0,10
17163,10,0,10
17164,10,3,9
17165,10,3,9
17166,10,0,10
17167,10,1,18
17168,10,1,18
17169,10,3,9
17170,10,15,8
17171,10,7,7
17172,10,0,10
17173,10,10,2
17174,10,1,18
17175,10,6,6
17176,10,0,10
17177,10,0,10
17178,10,5,15
17179,10,1,18
17180,10,1,18
17181,10,15,8
17182,10,10,2
17183,10,2,17
17184,10,0,10
17185,10,1,18
17186,10,2,17
17187,10,11,16
17188,10,0,10
17189,10,1,18
17190,10,2,17
17191,10,0,10
17192,10,2,17
17193,10,5,15
17194,10,0,10
17195,10,0,10
17196,10,7,7
17197,10,14,13
17198,10,1,18
17199,10,12,14
17200,10,4,4
17201,10,2,17
17202,10,3,9
17203,10,4,4
17204,10,2,17
17205,10,6,6
17206,10,8,19
17207,10,0,10
17208,10,1,18
17209,10,1,18
17210,10,2,17
17211,10,12,14
17212,10,0,10
17213,10,3,9
17214,10,11,16
17215,10,0,10
17216,10,0,10
17217,10,0,10
17218,10,3,9
17219,10,1,18
17220,10,9,11
17221,10,0,10
17222,10,0,10
17223,10,0,10
17224,10,1,18
17225,10,3,9
17226,10,1,18
17227,10,9,11
17228,10,4,4
17229,10,5,15
17230,10,3,9
17231,10,3,9
17232,10,0,10
17233,10,0,10
17234,10,5,15
17235,10,5,15
17236,10,1,18
17237,10,1,18
17238,10,3,9
17239,10,6,6
17240,10,9,11
17241,10,7,7
17242,10,4,4
17243,10,0,10
17244,10,3,9
17245,10,11,16
17246,10,0,10
17247,10,4,4
17248,10,0,10
17249,10,1,18
17250,10,9,11
17251,10,4,4
17252,10,3,9
17253,10,0,10
17254,10,2,17
17255,10,6,6
17256,10,1,18
17257,10,0,10
17258,10,0,10
17259,10,0,10
17260,10,0,10
17261,10,1,18
17262,10,0,10
17263,10,11,16
17264,10,0,10
17265,10,15,8
17266,10,12,14
17267,10,3,9
17268,10,8,19
17269,10,15,8
17270,10,5,15
17271,10,0,10
17272,10,15,8
17273,10,0,10
17274,10,17,1
17275,10,6,6
17276,10,15,8
17277,10,5,15
17278,10,10,2
17279,10,0,10
17280,10,1,18
17281,10,5,15
17282,10,0,10
17283,10,1,18
17284,10,3,9
17285,10,1,18
17286,10,11,16
17287,10,7,7
17288,10,9,11
17289,10,3,9
17290,10,1,18
17291,10,0,10
17292,10,0,10
17293,10,0,10
17294,10,3,9
17295,10,0,10
17296,10,0,10
17297,10,8,19
17298,10,0,10
17299,10,6,6
17300,10,10,2
17301,10,6,6
17302,10,10,2
17303,10,0,10
17304,10,2,17
17305,10,11,16
17306,10,11,16
17307,10,3,9
17308,10,8,19
17309,10,0,10
17310,10,3,9
17311,10,1,18
17312,10,0,10
17313,10,0,10
17314,10,9,11
17315,10,0,10
17316,10,2,17
17317,10,11,16
17318,10,1,18
17319,10,2,17
17320,10,3,9
17321,10,14,13
17322,10,15,8
17323,10,1,18
17324,10,3,9
17325,10,14,13
17326,10,0,10
17327,10,0,10
17328,10,8,19
17329,10,0,10
17330,10,8,19
17331,10,0,10
17332,10,10,2
17333,10,3,9
17334,10,0,10
17335,10,1,18
17336,10,0,10
17337,10,3,9
17338,10,3,9
17339,10,0,10
17340,10,2,17
17341,10,15,8
17342,10,2,17
17343,10,4,4
17344,10,0,10
17345,10,9,11
17346,10,2,17
17347,10,9,11
17348,10,0,10
17349,10,6,6
17350,10,0,10
17351,10,8,19
17352,10,9,11
17353,10,0,10
17354,10,9,11
17355,10,0,10
17356,10,10,2
17357,10,0,10
17358,10,4,4
17359,10,8,19
17360,10,1,18
17361,10,6,6
17362,10,10,2
17363,10,6,6
17364,10,2,17
17365,10,0,10
17366,10,0,10
17367,10,0,10
17368,10,8,19
17369,10,0,10
17370,10,0,10
17371,10,15,8
17372,10,9,11
17373,10,3,9
17374,10,6,6
17375,10,0,10
17376,10,5,15
17377,10,0,10
17378,10,12,14
17379,10,6,6
17380,10,12,14
17381,10,15,8
17382,10,0,10
17383,10,0,10
17384,10,0,10
17385,10,1,18
17386,10,0,10
17387,10,4,4
17388,10,7,7
17389,10,4,4
17390,10,15,8
17391,10,1,18
17392,10,1,18
17393,10,0,10
17394,10,0,10
17395,10,1,18
17396,10,6,6
17397,10,4,4
17398,10,0,10
17399,10,10,2
17400,10,8,19
17401,10,12,14
17402,10,0,10
17403,10,15,8
17404,10,2,17
17405,10,0,10
17406,10,4,4
17407,10,4,4
17408,10,7,7
17409,10,11,16
17410,10,2,17
17411,10,16,12
17412,10,10,2
17413,10,12,14
17414,10,12,14
17415,10,1,18
17416,10,2,17
17417,10,12,14
17418,10,1,18
17419,10,3,9
17420,10,6,6
17421,10,18,5
17422,10,0,10
17423,10,15,8
17424,10,3,9
17425,10,7,7
17426,10,0,10
17427,10,0,10
17428,10,1,18
17429,10,3,9
17430,10,0,10
17431,10,0,10
17432,10,5,15
17433,10,0,10
17434,10,15,8
17435,10,12,14
17436,10,0,10
17437,10,4,4
17438,10,0,10
17439,10,1,18
17440,10,2,17
17441,10,2,17
17442,10,12,14
17443,10,13,0
17444,10,13,0
17445,10,2,17
17446,10,10,2
17447,10,7,7
17448,10,5,15
17449,10,5,15
17450,10,1,18
17451,10,1,18
17452,10,1,18
17453,10,0,10
17454,10,1,18
17455,10,9,11
17456,10,7,7
17457,10,10,2
17458,10,7,7
17459,10,13,0
17460,10,1,18
17461,10,0,10
17462,10,13,0
17463,10,13,0
17464,10,9,11
17465,10,13,0
17466,10,7,7
17467,10,0,10
17468,10,12,14
17469,10,2,17
17470,10,10,2
17471,10,18,5
17472,10,18,5
17473,10,3,9
17474,10,1,18
17475,10,2,17
17476,10,2,17
17477,10,0,10
17478,10,3,9
17479,10,13,0
17480,10,3,9
17481,10,3,9
17482,10,0,10
17483,10,13,0
17484,10,13,0
17485,10,3,9
17486,10,0,10
17487,10,0,10
17488,10,8,19
17489,10,0,10
17490,10,0,10
17491,10,1,18
17492,10,2,17
17493,10,0,10
17494,10,13,0
17495,10,3,9
17496,10,7,7
17497,10,6,6
17498,10,0,10
17499,10,9,11
17500,10,0,10
17501,10,0,10
17502,10,13,0
17503,10,2,17
17504,10,13,0
17505,10,0,10
17506,10,15,8
17507,10,2,17
17508,10,6,6
17509,10,2,17
17510,10,7,7
17511,10,7,7
17512,10,13,0
17513,10,13,0
17514,10,12,14
17515,10,0,10
17516,10,5,15
17517,10,3,9
17518,10,2,17
17519,10,1,18
17520,10,0,10
17521,10,13,0
17522,10,10,2
17523,10,13,0
17524,10,0,10
17525,10,0,10
17526,10,13,0
17527,10,0,10
17528,10,0,10
17529,10,0,10
17530,10,0,10
17531,10,13,0
17532,10,13,0
17533,10,13,0
17534,10,9,11
17535,10,0,10
17536,10,0,10
17537,10,0,10
17538,10,0,10
17539,10,3,9
17540,10,0,10
17541,10,0,10
17542,10,1,18
17543,10,2,17
17544,10,2,17
17545,10,2,17
17546,10,0,10
17547,10,1,18
17548,10,2,17
17549,10,2,17
17550,10,1,18
17551,10,13,0
17552,10,13,0
17553,10,13,0
17554,10,2,17
17555,10,2,17
17556,10,9,11
17557,10,1,18
17558,10,13,0
17559,10,18,5
17560,10,18,5
17561,10,0,10
17562,10,12,14
17563,10,12,14
17564,10,0,10
17565,10,0,10
17566,10,0,10
17567,10,6,6
17568,10,13,0
17569,10,13,0
17570,10,6,6
17571,10,4,4
17572,10,13,0
17573,10,13,0
17574,10,0,10
17575,10,3,9
17576,10,13,0
17577,10,3,9
17578,10,16,12
17579,10,16,12
17580,10,16,12
17581,10,0,10
17582,10,7,7
17583,10,0,10
17584,10,16,12
17585,10,1,18
17586,10,1,18
17587,10,0,10
17588,10,13,0
17589,10,0,10
17590,10,12,14
17591,10,2,17
17592,10,12,14
17593,10,9,11
17594,10,2,17
17595,10,0,10
17596,10,4,4
17597,10,3,9
17598,10,0,10
17599,10,0,10
17600,10,0,10
17601,10,0,10
17602,10,0,10
17603,10,3,9
17604,10,0,10
17605,10,2,17
17606,10,2,17
17607,10,16,12
17608,10,9,11
17609,10,10,2
17610,10,9,11
17611,10,1,18
17612,10,6,6
17613,10,6,6
17614,10,11,16
17615,10,0,10
17616,10,11,16
17617,10,12,14
17618,10,2,17
17619,10,2,17
17620,10,0,10
17621,10,12,14
17622,10,1,18
17623,10,13,0
17624,10,13,0
17625,10,13,0
17626,10,11,16
17627,10,11,16
17628,10,3,9
17629,10,0,10
17630,10,0,10
17631,10,13,0
17632,10,3,9
17633,10,16,12
17634,10,1,18
17635,10,7,7
17636,10,16,12
17637,10,16,12
17638,10,9,11
17639,10,3,9
17640,10,0,10
17641,10,0,10
17642,10,1,18
17643,10,8,19
17644,10,0,10
17645,10,8,19
17646,10,8,19
17647,10,9,11
17648,10,1,18
17649,10,16,12
17650,10,0,10
17651,10,0,10
17652,10,3,9
17653,10,0,10
17654,10,13,0
17655,10,3,9
17656,10,1,18
17657,10,1,18
17658,10,5,15
17659,10,0,10
17660,10,0,10
17661,10,0,10
17662,10,11,16
17663,10,3,9
17664,10,13,0
17665,10,13,0
17666,10,16,12
17667,10,2,17
17668,10,0,10
17669,10,14,13
17670,10,16,12
17671,10,2,17
17672,10,7,7
17673,10,2,17
17674,10,5,15
17675,10,4,4
17676,10,4,4
17677,10,2,17
17678,10,2,17
17679,10,1,18
17680,10,1,18
17681,10,5,15
17682,10,5,15
17683,10,0,10
17684,10,0,10
17685,10,2,17
17686,10,2,17
17687,10,0,10
17688,10,3,9
17689,10,3,9
17690,10,0,10
17691,10,3,9
17692,10,13,0
17693,10,0,10
17694,10,0,10
17695,10,13,0
17696,10,13,0
17697,10,13,0
17698,10,16,12
17699,10,8,19
17700,10,13,0
17701,10,5,15
17702,10,7,7
17703,10,3,9
17704,10,7,7
17705,10,7,7
17706,10,16,12
17707,10,13,0
17708,10,1,18
17709,10,10,2
17710,10,3,9
17711,10,0,10
17712,10,13,0
17713,10,3,9
17714,10,0,10
17715,10,0,10
17716,10,6,6
17717,10,0,10
17718,10,0,10
17719,10,2,17
17720,10,2,17
17721,10,0,10
17722,10,1,18
17723,10,10,2
17724,10,0,10
17725,10,8,19
17726,10,1,18
17727,10,1,18
17728,10,2,17
17729,10,2,17
17730,10,1,18
17731,10,12,14
17732,10,16,12
17733,10,0,10
17734,10,0,10
17735,10,15,8
17736,10,10,2
17737,10,0,10
17738,10,10,2
17739,10,0,10
17740,10,0,10
17741,10,0,10
17742,10,16,12
17743,10,13,0
17744,10,13,0
17745,10,11,16
17746,10,4,4
17747,10,9,11
17748,10,0,10
17749,10,7,7
17750,10,0,10
17751,10,0,10
17752,10,0,10
17753,10,13,0
17754,10,5,15
17755,10,0,10
17756,10,3,9
17757,10,0,10
17758,10,2,17
17759,10,0,10
17760,10,11,16
17761,10,4,4
17762,10,7,7
17763,10,16,12
17764,10,13,0
17765,10,5,15
17766,10,0,10
17767,10,7,7
17768,10,13,0
17769,10,6,6
17770,10,6,6
17771,10,5,15
17772,10,3,9
17773,10,0,10
17774,10,7,7
17775,10,12,14
17776,10,0,10
17777,10,0,10
17778,10,0,10
17779,10,0,10
17780,10,8,19
17781,10,10,2
17782,10,3,9
17783,10,0,10
17784,10,0,10
17785,10,8,19
17786,10,10,2
17787,10,0,10
17788,10,2,17
17789,10,2,17
17790,10,0,10
17791,10,0,10
17792,10,6,6
17793,10,0,10
17794,10,0,10
17795,10,0,10
17796,10,2,17
17797,10,1,18
17798,10,0,10
17799,10,1,18
17800,10,0,10
17801,10,1,18
17802,10,0,10
17803,10,0,10
17804,10,10,2
17805,10,0,10
17806,10,8,19
17807,10,8,19
17808,10,10,2
17809,10,1,18
17810,10,2,17
17811,10,2,17
17812,10,2,17
17813,10,13,0
17814,10,13,0
17815,10,13,0
17816,10,1,18
17817,10,0,10
17818,10,6,6
17819,10,13,0
17820,10,2,17
17821,10,5,15
17822,10,13,0
17823,10,6,6
17824,10,2,17
17825,10,3,9
17826,10,13,0
17827,10,13,0
17828,10,13,0
17829,10,3,9
17830,10,13,0
17831,10,0,10
17832,10,7,7
17833,10,13,0
17834,10,7,7
17835,10,7,7
17836,10,7,7
17837,10,1,18
17838,10,9,11
17839,10,0,10
17840,10,0,10
17841,10,0,10
17842,10,10,2
17843,10,10,2
17844,10,2,17
17845,10,10,2
17846,10,10,2
17847,10,0,10
17848,10,12,14
17849,10,2,17
17850,10,0,10
17851,10,2,17
17852,10,2,17
17853,10,2,17
17854,10,3,9
17855,10,0,10
17856,10,3,9
17857,10,0,10
17858,10,5,15
17859,10,3,9
17860,10,13,0
17861,10,0,10
17862,10,12,14
17863,10,2,17
17864,10,10,2
17865,10,0,10
17866,10,2,17
17867,10,13,0
17868,10,2,17
17869,10,0,10
17870,10,0,10
17871,10,0,10
17872,10,0,10
17873,10,12,14
17874,10,0,10
17875,10,3,9
17876,10,3,9
17877,10,7,7
17878,10,16,12
17879,10,13,0
17880,10,0,10
17881,10,2,17
17882,10,0,10
17883,10,15,8
17884,10,0,10
17885,10,10,2
17886,10,0,10
17887,10,13,0
17888,10,7,7
17889,10,7,7
17890,10,7,7
17891,10,2,17
17892,10,3,9
17893,10,7,7
17894,10,13,0
17895,10,1,18
17896,10,7,7
17897,10,3,9
17898,10,0,10
17899,10,0,10
17900,10,0,10
17901,10,3,9
17902,10,13,0
17903,10,0,10
17904,10,0,10
17905,10,0,10
17906,10,2,17
17907,10,2,17
17908,10,13,0
17909,10,15,8
17910,10,2,17
17911,10,13,0
17912,10,2,17
17913,10,2,17
17914,10,2,17
17915,10,0,10
17916,10,16,12
17917,10,2,17
17918,10,1,18
17919,10,2,17
17920,10,2,17
17921,10,2,17
17922,10,2,17
17923,10,12,14
17924,10,12,14
17925,10,0,10
17926,10,12,14
17927,10,8,19
17928,10,3,9
17929,10,1,18
17930,10,2,17
17931,10,0,10
17932,10,0,10
17933,10,1,18
17934,10,1,18
17935,10,1,18
17936,10,12,14
17937,10,0,10
17938,10,9,11
17939,10,12,14
17940,10,1,18
17941,10,0,10
17942,10,2,17
17943,10,13,0
17944,10,11,16
17945,10,13,0
17946,10,0,10
17947,10,2,17
17948,10,3,9
17949,10,13,0
17950,10,13,0
17951,10,2,17
17952,10,0,10
17953,10,1,18
17954,10,7,7
17955,10,4,4
17956,10,12,14
17957,10,7,7
17958,10,13,0
17959,10,0,10
17960,10,2,17
17961,10,2,17
17962,10,7,7
17963,10,7,7
17964,10,3,9
17965,10,0,10
17966,10,1,18
17967,10,1,18
17968,10,2,17
17969,10,2,17
17970,10,13,0
17971,10,0,10
17972,10,3,9
17973,10,1,18
17974,10,0,10
17975,10,10,2
17976,10,4,4
17977,10,10,2
17978,10,3,9
17979,10,10,2
17980,10,2,17
17981,10,0,10
17982,10,0,10
17983,10,0,10
17984,10,11,16
17985,10,11,16
17986,10,11,16
17987,10,13,0
17988,10,7,7
17989,10,0,10
17990,10,1,18
17991,10,0,10
17992,10,7,7
17993,10,7,7
17994,10,0,10
17995,10,16,12
17996,10,9,11
17997,10,16,12
17998,10,11,16
17999,10,11,16
18000,10,0,10
18001,10,0,10
18002,10,13,0
18003,10,0,10
18004,10,11,16
18005,10,4,4
18006,10,0,10
18007,10,18,5
18008,10,10,2
18009,10,2,17
18010,10,12,14
18011,10,11,16
18012,10,2,17
18013,10,8,19
18014,10,15,8
18015,10,0,10
18016,10,0,10
18017,10,7,7
18018,10,13,0
18019,10,13,0
18020,10,0,10
18021,10,0,10
18022,10,1,18
18023,10,10,2
18024,10,1,18
18025,10,2,17
18026,10,0,10
18027,10,0,10
18028,10,12,14
18029,10,12,14
18030,10,0,10
18031,10,12,14
18032,10,4,4
18033,10,0,10
18034,10,0,10
18035,10,7,7
18036,10,1,18
18037,10,9,11
18038,10,0,10
18039,10,0,10
18040,10,1,18
18041,10,15,8
18042,10,2,17
18043,10,2,17
18044,10,16,12
18045,10,4,4
18046,10,1,18
18047,10,10,2
18048,10,0,10
18049,10,0,10
18050,10,0,10
18051,10,0,10
18052,10,2,17
18053,10,2,17
18054,10,5,15
18055,10,2,17
18056,10,2,17
18057,10,2,17
18058,10,2,17
18059,10,2,17
18060,10,0,10
18061,10,0,10
18062,10,0,10
18063,10,0,10
18064,10,3,9
18065,10,0,10
18066,10,8,19
18067,10,8,19
18068,10,0,10
18069,10,0,10
18070,10,4,4
18071,10,10,2
18072,10,0,10
18073,10,13,0
18074,10,0,10
18075,10,1,18
18076,10,0,10
18077,10,1,18
18078,10,1,18
18079,10,0,10
18080,10,17,1
18081,10,3,9
18082,10,5,15
18083,10,1,18
18084,10,2,17
18085,10,1,18
18086,10,1,18
18087,10,1,18
18088,10,0,10
18089,10,0,10
18090,10,0,10
18091,10,0,10
18092,10,11,16
18093,10,0,10
18094,10,5,15
18095,10,5,15
18096,10,5,15
18097,10,5,15
18098,10,4,4
18099,10,4,4
18100,10,0,10
18101,10,8,19
18102,10,8,19
18103,10,8,19
18104,10,8,19
18105,10,15,8
18106,10,13,0
18107,10,0,10
18108,10,0,10
18109,10,0,10
18110,10,0,10
18111,10,2,17
18112,10,1,18
18113,10,0,10
18114,10,10,2
18115,10,3,9
18116,10,4,4
18117,10,7,7
18118,10,0,10
18119,10,1,18
18120,10,10,2
18121,10,7,7
18122,10,7,7
18123,10,0,10
18124,10,0,10
18125,10,0,10
18126,10,0,10
18127,10,6,6
18128,10,0,10
18129,10,0,10
18130,10,4,4
18131,10,4,4
18132,10,1,18
18133,10,3,9
18134,10,1,18
18135,10,7,7
18136,10,4,4
18137,10,0,10
18138,10,6,6
18139,10,0,10
18140,10,16,12
18141,10,16,12
18142,10,18,5
18143,10,0,10
18144,10,0,10
18145,10,12,14
18146,10,12,14
18147,10,0,10
18148,10,0,10
18149,10,0,10
18150,10,2,17
18151,10,0,10
18152,10,1,18
18153,10,1,18
18154,10,13,0
18155,10,9,11
18156,10,2,17
18157,10,1,18
18158,10,3,9
18159,10,3,9
18160,10,0,10
18161,10,0,10
18162,10,4,4
18163,10,0,10
18164,10,13,0
18165,10,0,10
18166,10,0,10
18167,10,1,18
18168,10,0,10
18169,10,3,9
18170,10,9,11
18171,10,0,10
18172,10,0,10
18173,10,1,18
18174,10,0,10
18175,10,0,10
18176,10,3,9
18177,10,0,10
18178,10,0,10
18179,10,0,10
18180,10,3,9
18181,10,9,11
18182,10,16,12
18183,10,0,10
18184,10,0,10
18185,10,0,10
18186,10,4,4
18187,10,4,4
18188,10,7,7
18189,10,0,10
18190,10,12,14
18191,10,3,9
18192,10,16,12
18193,10,4,4
18194,10,0,10
18195,10,1,18
18196,10,0,10
18197,10,18,5
18198,10,3,9
18199,10,1,18
18200,10,3,9
18201,10,3,9
18202,10,0,10
18203,10,7,7
18204,10,1,18
18205,10,6,6
18206,10,13,0
18207,10,0,10
18208,10,13,0
18209,10,1,18
18210,10,3,9
18211,10,1,18
18212,10,3,9
18213,10,0,10
18214,10,0,10
18215,10,0,10
18216,10,14,13
18217,10,2,17
18218,10,12,14
18219,10,14,13
18220,10,3,9
18221,10,2,17
18222,10,0,10
18223,10,0,10
18224,10,0,10
18225,10,8,19
18226,10,13,0
18227,10,1,18
18228,10,2,17
18229,10,13,0
18230,10,4,4
18231,10,16,12
18232,10,0,10
18233,10,0,10
18234,10,8,19
18235,10,8,19
18236,10,0,10
18237,10,11,16
18238,10,11,16
18239,10,1,18
18240,10,2,17
18241,10,0,10
18242,10,1,18
18243,10,0,10
18244,10,15,8
18245,10,0,10
18246,10,7,7
18247,10,0,10
18248,10,1,18
18249,10,1,18
18250,10,7,7
18251,10,7,7
18252,10,0,10
18253,10,0,10
18254,10,8,19
18255,10,8,19
18256,10,2,17
18257,10,7,7
18258,10,4,4
18259,10,0,10
18260,10,2,17
18261,10,0,10
18262,10,0,10
18263,10,0,10
18264,10,8,19
18265,10,4,4
18266,10,0,10
18267,10,1,18
18268,10,11,16
18269,10,6,6
18270,10,7,7
18271,10,0,10
18272,10,13,0
18273,10,13,0
18274,10,0,10
18275,10,1,18
18276,10,2,17
18277,10,0,10
18278,10,0,10
18279,10,1,18
18280,10,1,18
18281,10,0,10
18282,10,2,17
18283,10,0,10
18284,10,0,10
18285,10,7,7
18286,10,13,0
18287,10,8,19
18288,10,2,17
18289,10,2,17
18290,10,1,18
18291,10,2,17
18292,10,2,17
18293,10,0,10
18294,10,1,18
18295,10,1,18
18296,10,0,10
18297,10,12,14
18298,10,0,10
18299,10,0,10
18300,10,0,10
18301,10,1,18
18302,10,0,10
18303,10,2,17
18304,10,3,9
18305,10,2,17
18306,10,0,10
18307,10,18,5
18308,10,18,5
18309,10,0,10
18310,10,0,10
18311,10,19,3
18312,10,1,18
18313,10,1,18
18314,10,1,18
18315,10,0,10
18316,10,0,10
18317,10,11,16
18318,10,6,6
18319,10,5,15
18320,10,1,18
18321,10,0,10
18322,10,0,10
18323,10,5,15
18324,10,5,15
18325,10,0,10
18326,10,0,10
18327,10,5,15
18328,10,9,11
18329,10,3,9
18330,10,2,17
18331,10,0,10
18332,10,0,10
18333,10,3,9
18334,10,5,15
18335,10,0,10
18336,10,0,10
18337,10,15,8
18338,10,0,10
18339,10,0,10
18340,10,0,10
18341,10,1,18
18342,10,0,10
18343,10,13,0
18344,10,1,18
18345,10,0,10
18346,10,2,17
18347,10,4,4
18348,10,6,6
18349,10,3,9
18350,10,3,9
18351,10,8,19
18352,10,5,15
18353,10,0,10
18354,10,1,18
18355,10,4,4
18356,10,0,10
18357,10,2,17
18358,10,1,18
18359,10,1,18
18360,10,0,10
18361,10,4,4
18362,10,0,10
18363,10,0,10
18364,10,8,19
18365,10,0,10
18366,10,0,10
18367,10,0,10
18368,10,4,4
18369,10,14,13
18370,10,0,10
18371,10,1,18
18372,10,2,17
18373,10,12,14
18374,10,0,10
18375,10,1,18
18376,10,0,10
18377,10,0,10
18378,10,7,7
18379,10,1,18
18380,10,1,18
18381,10,11,16
18382,10,0,10
18383,10,0,10
18384,10,0,10
18385,10,0,10
18386,10,0,10
18387,10,0,10
18388,10,7,7
18389,10,14,13
18390,10,14,13
18391,10,14,13
18392,10,14,13
18393,10,2,17
18394,10,0,10
18395,10,6,6
18396,10,0,10
18397,10,3,9
18398,10,3,9
18399,10,2,17
18400,10,2,17
18401,10,2,17
18402,10,2,17
18403,10,1,18
18404,10,0,10
18405,10,10,2
18406,10,0,10
18407,10,14,13
18408,10,0,10
18409,10,10,2
18410,10,4,4
18411,10,10,2
18412,10,8,19
18413,10,1,18
18414,10,8,19
18415,10,0,10
18416,10,14,13
18417,10,0,10
18418,10,0,10
18419,10,0,10
18420,10,4,4
18421,10,2,17
18422,10,5,15
18423,10,12,14
18424,10,12,14
18425,10,0,10
18426,10,0,10
18427,10,0,10
18428,10,5,15
18429,10,12,14
18430,10,1,18
18431,10,1,18
18432,10,10,2
18433,10,0,10
18434,10,0,10
18435,10,0,10
18436,10,0,10
18437,10,2,17
18438,10,2,17
18439,10,2,17
18440,10,2,17
18441,10,1,18
18442,10,1,18
18443,10,0,10
18444,10,0,10
18445,10,2,17
18446,10,2,17
18447,10,3,9
18448,10,0,10
18449,10,2,17
18450,10,2,17
18451,10,1,18
18452,10,3,9
18453,10,8,19
18454,10,2,17
18455,10,0,10
18456,10,2,17
18457,10,2,17
18458,10,2,17
18459,10,0,10
18460,10,0,10
18461,10,16,12
18462,10,2,17
18463,10,9,11
18464,10,0,10
18465,10,1,18
18466,10,4,4
18467,10,4,4
18468,10,3,9
18469,10,5,15
18470,10,5,15
18471,10,1,18
18472,10,0,10
18473,10,2,17
18474,10,0,10
18475,10,12,14
18476,10,6,6
18477,10,6,6
18478,10,0,10
18479,10,0,10
18480,10,1,18
18481,10,2,17
18482,10,2,17
18483,10,0,10
18484,10,8,19
18485,10,11,16
18486,10,0,10
18487,10,0,10
18488,10,0,10
18489,10,0,10
18490,10,11,16
18491,10,11,16
18492,10,0,10
18493,10,4,4
18494,10,14,13
18495,10,2,17
18496,10,12,14
18497,10,16,12
18498,10,0,10
18499,10,0,10
18500,10,2,17
18501,10,3,9
18502,10,14,13
18503,10,2,17
18504,10,1,18
18505,10,1,18
18506,10,8,19
18507,10,8,19
18508,10,1,18
18509,10,11,16
18510,10,14,13
18511,10,7,7
18512,10,0,10
18513,10,1,18
18514,10,4,4
18515,10,2,17
18516,10,1,18
18517,10,1,18
18518,10,0,10
18519,10,0,10
18520,10,4,4
18521,10,2,17
18522,10,0,10
18523,10,0,10
18524,10,0,10
18525,10,0,10
18526,10,4,4
18527,10,9,11
18528,10,0,10
18529,10,2,17
18530,10,2,17
18531,10,5,15
18532,10,4,4
18533,10,7,7
18534,10,0,10
18535,10,8,19
18536,10,0,10
18537,10,9,11
18538,10,9,11
18539,10,0,10
18540,10,0,10
18541,10,4,4
18542,10,2,17
18543,10,0,10
18544,10,0,10
18545,10,0,10
18546,10,2,17
18547,10,16,12
18548,10,1,18
18549,10,4,4
18550,10,12,14
18551,10,8,19
18552,10,7,7
18553,10,7,7
18554,10,1,18
18555,10,1,18
18556,10,0,10
18557,10,0,10
18558,10,2,17
18559,10,0,10
18560,10,0,10
18561,10,10,2
18562,10,9,11
18563,10,0,10
18564,10,0,10
18565,10,0,10
18566,10,1,18
18567,10,0,10
18568,10,0,10
18569,10,0,10
18570,10,8,19
18571,10,0,10
18572,10,7,7
18573,10,7,7
18574,10,2,17
18575,10,5,15
18576,10,4,4
18577,10,1,18
18578,10,0,10
18579,10,8,19
18580,10,2,17
18581,10,18,5
18582,10,18,5
18583,10,0,10
18584,10,10,2
18585,10,0,10
18586,10,9,11
18587,10,0,10
18588,10,3,9
18589,10,7,7
18590,10,7,7
18591,10,0,10
18592,10,2,17
18593,10,12,14
18594,10,0,10
18595,10,2,17
18596,10,2,17
18597,10,0,10
18598,10,8,19
18599,10,0,10
18600,10,1,18
18601,10,5,15
18602,10,12,14
18603,10,6,6
18604,10,1,18
18605,10,8,19
18606,10,8,19
18607,10,2,17
18608,10,14,13
18609,10,0,10
18610,10,2,17
18611,10,0,10
18612,10,3,9
18613,10,0,10
18614,10,8,19
18615,10,16,12
18616,10,0,10
18617,10,14,13
18618,10,3,9
18619,10,0,10
18620,10,5,15
18621,10,1,18
18622,10,4,4
18623,10,2,17
18624,10,2,17
18625,10,1,18
18626,10,8,19
18627,10,6,6
18628,10,4,4
18629,10,0,10
18630,10,4,4
18631,10,12,14
18632,10,1,18
18633,10,0,10
18634,10,0,10
18635,10,0,10
18636,10,2,17
18637,10,2,17
18638,10,8,19
18639,10,4,4
18640,10,0,10
18641,10,7,7
18642,10,2,17
18643,10,4,4
18644,10,1,18
18645,10,0,10
18646,10,0,10
18647,10,2,17
18648,10,0,10
18649,10,2,17
18650,10,8,19
18651,10,4,4
18652,10,1,18
18653,10,4,4
18654,10,3,9
18655,10,9,11
18656,10,7,7
18657,10,2,17
18658,10,0,10
18659,10,2,17
18660,10,8,19
18661,10,0,10
18662,10,4,4
18663,10,0,10
18664,10,1,18
18665,10,0,10
18666,10,2,17
18667,10,1,18
18668,10,1,18
18669,10,6,6
18670,10,14,13
18671,10,2,17
18672,10,11,16
18673,10,3,9
18674,10,0,10
18675,10,1,18
18676,10,4,4
18677,10,5,15
18678,10,1,18
18679,10,2,17
18680,10,10,2
18681,10,8,19
18682,10,0,10
18683,10,7,7
18684,10,0,10
18685,10,0,10
18686,10,2,17
18687,10,1,18
18688,10,2,17
18689,10,1,18
18690,10,0,10
18691,10,10,2
18692,10,0,10
18693,10,2,17
18694,10,5,15
18695,10,14,13
18696,10,5,15
18697,10,0,10
18698,10,10,2
18699,10,2,17
18700,10,10,2
18701,10,8,19
18702,10,1,18
18703,10,12,14
18704,10,0,10
18705,10,7,7
18706,10,0,10
18707,10,3,9
18708,10,3,9
18709,10,0,10
18710,10,1,18
18711,10,2,17
18712,10,3,9
18713,10,1,18
18714,10,1,18
18715,10,14,13
18716,10,0,10
18717,10,0,10
18718,10,2,17
18719,10,7,7
18720,10,3,9
18721,10,0,10
18722,10,3,9
18723,10,8,19
18724,10,0,10
18725,10,2,17
18726,10,2,17
18727,10,4,4
18728,10,1,18
18729,10,3,9
18730,10,14,13
18731,10,14,13
18732,10,10,2
18733,10,16,12
18734,10,0,10
18735,10,1,18
18736,10,2,17
18737,10,16,12
18738,10,16,12
18739,10,3,9
18740,10,2,17
18741,10,3,9
18742,10,1,18
18743,10,9,11
18744,10,2,17
18745,10,1,18
18746,10,1,18
18747,10,2,17
18748,10,4,4
18749,10,3,9
18750,10,0,10
18751,10,5,15
18752,10,1,18
18753,10,0,10
18754,10,0,10
18755,10,3,9
18756,10,7,7
18757,10,0,10
18758,10,9,11
18759,10,6,6
18760,10,1,18
18761,10,0,10
18762,10,2,17
18763,10,2,17
18764,10,6,6
18765,10,12,14
18766,10,6,6
18767,10,0,10
18768,10,12,14
18769,10,1,18
18770,10,0,10
18771,10,1,18
18772,10,11,16
18773,10,4,4
18774,10,0,10
18775,10,7,7
18776,10,3,9
18777,10,3,9
18778,10,3,9
18779,10,2,17
18780,10,0,10
18781,10,4,4
18782,10,10,2
18783,10,0,10
18784,10,2,17
18785,10,3,9
18786,10,6,6
18787,10,0,10
18788,10,0,10
18789,10,5,15
18790,10,4,4
18791,10,0,10
18792,10,2,17
18793,10,11,16
18794,10,0,10
18795,10,9,11
18796,10,2,17
18797,10,3,9
18798,10,2,17
18799,10,6,6
18800,10,2,17
18801,10,2,17
18802,10,2,17
18803,10,0,10
18804,10,1,18
18805,10,0,10
18806,10,0,10
18807,10,0,10
18808,10,12,14
18809,10,2,17
18810,10,0,10
18811,10,16,12
18812,10,16,12
18813,10,10,2
18814,10,7,7
18815,10,2,17
18816,10,8,19
18817,10,6,6
18818,10,0,10
18819,10,0,10
18820,10,0,10
18821,10,0,10
18822,10,0,10
18823,10,14,13
18824,10,14,13
18825,10,5,15
18826,10,0,10
18827,10,1,18
18828,10,0,10
18829,10,0,10
18830,10,0,10
18831,10,1,18
18832,10,12,14
18833,10,2,17
18834,10,8,19
18835,10,1,18
18836,10,0,10
18837,10,0,10
18838,10,0,10
18839,10,2,17
18840,10,0,10
18841,10,6,6
18842,10,1,18
18843,10,0,10
18844,10,4,4
18845,10,0,10
18846,10,0,10
18847,10,2,17
18848,10,0,10
18849,10,7,7
18850,10,3,9
18851,10,6,6
18852,10,0,10
18853,10,0,10
18854,10,1,18
18855,10,10,2
18856,10,8,19
18857,10,3,9
18858,10,2,17
18859,10,2,17
18860,10,0,10
18861,10,0,10
18862,10,11,16
18863,10,0,10
18864,10,1,18
18865,10,3,9
18866,10,11,16
18867,10,0,10
18868,10,5,15
18869,10,14,13
18870,10,0,10
18871,10,0,10
18872,10,0,10
18873,10,0,10
18874,10,0,10
18875,10,0,10
18876,10,1,18
18877,10,0,10
18878,10,5,15
18879,10,3,9
18880,10,3,9
18881,10,2,17
18882,10,3,9
18883,10,14,13
18884,10,11,16
18885,10,8,19
18886,10,8,19
18887,10,2,17
18888,10,0,10
18889,10,11,16
18890,10,8,19
18891,10,1,18
18892,10,4,4
18893,10,4,4
18894,10,0,10
18895,10,1,18
18896,10,3,9
18897,10,12,14
18898,10,12,14
18899,10,15,8
18900,10,8,19
18901,10,6,6
18902,10,4,4
18903,10,4,4
18904,10,0,10
18905,10,3,9
18906,10,0,10
18907,10,12,14
18908,10,0,10
18909,10,0,10
18910,10,2,17
18911,10,4,4
18912,10,2,17
18913,10,11,16
18914,10,1,18
18915,10,10,2
18916,10,8,19
18917,10,2,17
18918,10,0,10
18919,10,12,14
18920,10,12,14
18921,10,3,9
18922,10,5,15
18923,10,3,9
18924,10,1,18
18925,10,1,18
18926,10,6,6
18927,10,2,17
18928,10,7,7
18929,10,7,7
18930,10,11,16
18931,10,3,9
18932,10,0,10
18933,10,6,6
18934,10,6,6
18935,10,11,16
18936,10,0,10
18937,10,16,12
18938,10,8,19
18939,10,2,17
18940,10,2,17
18941,10,0,10
18942,10,8,19
18943,10,3,9
18944,10,1,18
18945,10,2,17
18946,10,2,17
18947,10,2,17
18948,10,6,6
18949,10,1,18
18950,10,4,4
18951,10,4,4
18952,10,3,9
18953,10,14,13
18954,10,1,18
18955,10,2,17
18956,10,15,8
18957,10,5,15
18958,10,2,17
18959,10,1,18
18960,10,6,6
18961,10,0,10
18962,10,0,10
18963,10,1,18
18964,10,0,10
18965,10,2,17
18966,10,0,10
18967,10,2,17
18968,10,0,10
18969,10,5,15
18970,10,0,10
18971,10,14,13
18972,10,2,17
18973,10,0,10
18974,10,3,9
18975,10,0,10
18976,10,12,14
18977,10,2,17
18978,10,0,10
18979,10,0,10
18980,10,0,10
18981,10,12,14
18982,10,2,17
18983,10,2,17
18984,10,1,18
18985,10,8,19
18986,10,1,18
18987,10,3,9
18988,10,0,10
18989,10,6,6
18990,10,18,5
18991,10,8,19
18992,10,15,8
18993,10,0,10
18994,10,8,19
18995,10,3,9
18996,10,0,10
18997,10,0,10
18998,10,0,10
18999,10,0,10
19000,10,2,17
19001,10,0,10
19002,10,7,7
19003,10,2,17
19004,10,0,10
19005,10,3,9
19006,10,0,10
19007,10,0,10
19008,10,1,18
19009,10,1,18
19010,10,1,18
19011,10,4,4
19012,10,2,17
19013,10,1,18
19014,10,3,9
19015,10,11,16
19016,10,10,2
19017,10,2,17
19018,10,2,17
19019,10,2,17
19020,10,0,10
19021,10,0,10
19022,10,2,17
19023,10,0,10
19024,10,4,4
19025,10,4,4
19026,10,9,11
19027,10,0,10
19028,10,0,10
19029,10,2,17
19030,10,1,18
19031,10,10,2
19032,10,2,17
19033,10,9,11
19034,10,2,17
19035,10,2,17
19036,10,7,7
19037,10,7,7
19038,10,1,18
19039,10,1,18
19040,10,1,18
19041,10,4,4
19042,10,7,7
19043,10,5,15
19044,10,2,17
19045,10,1,18
19046,10,0,10
19047,10,16,12
19048,10,2,17
19049,10,4,4
19050,10,3,9
19051,10,0,10
19052,10,1,18
19053,10,7,7
19054,10,4,4
19055,10,0,10
19056,10,6,6
19057,10,0,10
19058,10,3,9
19059,10,1,18
19060,10,2,17
19061,10,2,17
19062,10,1,18
19063,10,0,10
19064,10,5,15
19065,10,5,15
19066,10,4,4
19067,10,0,10
19068,10,0,10
19069,10,7,7
19070,10,0,10
19071,10,3,9
19072,10,0,10
19073,10,4,4
19074,10,3,9
19075,10,4,4
19076,10,6,6
19077,10,3,9
19078,10,5,15
19079,10,0,10
19080,10,8,19
19081,10,0,10
19082,10,0,10
19083,10,0,10
19084,10,9,11
19085,10,0,10
19086,10,14,13
19087,10,11,16
19088,10,12,14
19089,10,8,19
19090,10,4,4
19091,10,2,17
19092,10,0,10
19093,10,1,18
19094,10,16,12
19095,10,0,10
19096,10,7,7
19097,10,0,10
19098,10,14,13
19099,10,2,17
19100,10,4,4
19101,10,4,4
19102,10,2,17
19103,10,0,10
19104,10,0,10
19105,10,12,14
19106,10,6,6
19107,10,6,6
19108,10,0,10
19109,10,4,4
19110,10,16,12
19111,10,0,10
19112,10,0,10
19113,10,0,10
19114,10,0,10
19115,10,2,17
19116,10,16,12
19117,10,0,10
19118,10,4,4
19119,10,2,17
19120,10,0,10
19121,10,3,9
19122,10,0,10
19123,10,8,19
19124,10,12,14
19125,10,16,12
19126,10,3,9
19127,10,0,10
19128,10,0,10
19129,10,7,7
19130,10,0,10
19131,10,7,7
19132,10,1,18
19133,10,3,9
19134,10,0,10
19135,10,4,4
19136,10,2,17
19137,10,15,8
19138,10,1,18
19139,10,2,17
19140,10,4,4
19141,10,7,7
19142,10,0,10
19143,10,4,4
19144,10,14,13
19145,10,3,9
19146,10,0,10
19147,10,14,13
19148,10,4,4
19149,10,12,14
19150,10,16,12
19151,10,2,17
19152,10,2,17
19153,10,3,9
19154,10,2,17
19155,10,12,14
19156,10,8,19
19157,10,0,10
19158,10,0,10
19159,10,15,8
19160,10,3,9
19161,10,3,9
19162,10,0,10
19163,10,16,12
19164,10,1,18
19165,10,16,12
19166,10,2,17
19167,10,5,15
19168,10,3,9
19169,10,1,18
19170,10,3,9
19171,10,3,9
19172,10,1,18
19173,10,0,10
19174,10,2,17
19175,10,0,10
19176,10,0,10
19177,10,0,10
19178,10,3,9
19179,10,1,18
19180,10,5,15
19181,10,2,17
19182,10,2,17
19183,10,2,17
19184,10,2,17
19185,10,15,8
19186,10,2,17
19187,10,1,18
19188,10,6,6
19189,10,4,4
19190,10,0,10
19191,10,5,15
19192,10,0,10
19193,10,0,10
19194,10,0,10
19195,10,2,17
19196,10,3,9
19197,10,3,9
19198,10,9,11
19199,10,1,18
19200,10,3,9
19201,10,6,6
19202,10,3,9
19203,10,0,10
19204,10,0,10
19205,10,1,18
19206,10,1,18
19207,10,0,10
19208,10,3,9
19209,10,3,9
19210,10,5,15
19211,10,3,9
19212,10,7,7
19213,10,0,10
19214,10,0,10
19215,10,5,15
19216,10,3,9
19217,10,1,18
19218,10,4,4
19219,10,1,18
19220,10,15,8
19221,10,3,9
19222,10,14,13
19223,10,4,4
19224,10,4,4
19225,10,0,10
19226,10,11,16
19227,10,0,10
19228,10,5,15
19229,10,4,4
19230,10,0,10
19231,10,0,10
19232,10,0,10
19233,10,0,10
19234,10,2,17
19235,10,4,4
19236,10,10,2
19237,10,0,10
19238,10,2,17
19239,10,1,18
19240,10,6,6
19241,10,1,18
19242,10,1,18
19243,10,0,10
19244,10,0,10
19245,10,2,17
19246,10,2,17
19247,10,0,10
19248,10,3,9
19249,10,16,12
19250,10,1,18
19251,10,0,10
19252,10,2,17
19253,10,0,10
19254,10,4,4
19255,10,0,10
19256,10,3,9
19257,10,9,11
19258,10,1,18
19259,10,4,4
19260,10,0,10
19261,10,0,10
19262,10,2,17
19263,10,3,9
19264,10,3,9
19265,10,0,10
19266,10,0,10
19267,10,2,17
19268,10,2,17
19269,10,2,17
19270,10,0,10
19271,10,8,19
19272,10,3,9
19273,10,0,10
19274,10,0,10
19275,10,0,10
19276,10,3,9
19277,10,1,18
19278,10,14,13
19279,10,2,17
19280,10,14,13
19281,10,1,18
19282,10,2,17
19283,10,4,4
19284,10,2,17
19285,10,4,4
19286,10,12,14
19287,10,8,19
19288,10,3,9
19289,10,11,16
19290,10,3,9
19291,10,1,18
19292,10,2,17
19293,10,11,16
19294,10,0,10
19295,10,1,18
19296,10,14,13
19297,10,3,9
19298,10,6,6
19299,10,1,18
19300,10,0,10
19301,10,8,19
19302,10,3,9
19303,10,0,10
19304,10,4,4
19305,10,10,2
19306,10,0,10
19307,10,7,7
19308,10,0,10
19309,10,7,7
19310,10,2,17
19311,10,0,10
19312,10,10,2
19313,10,3,9
19314,10,4,4
19315,10,1,18
19316,10,0,10
19317,10,3,9
19318,10,6,6
19319,10,6,6
19320,10,18,5
19321,10,0,10
19322,10,6,6
19323,10,1,18
19324,10,11,16
19325,10,0,10
19326,10,7,7
19327,10,9,11
19328,10,8,19
19329,10,5,15
19330,10,5,15
19331,10,1,18
19332,10,0,10
19333,10,2,17
19334,10,3,9
19335,10,2,17
19336,10,2,17
19337,10,8,19
19338,10,0,10
19339,10,3,9
19340,10,12,14
19341,10,5,15
19342,10,3,9
19343,10,4,4
19344,10,2,17
19345,10,0,10
19346,10,4,4
19347,10,5,15
19348,10,2,17
19349,10,11,16
19350,10,11,16
19351,10,8,19
19352,10,6,6
19353,10,11,16
19354,10,2,17
19355,10,4,4
19356,10,2,17
19357,10,3,9
19358,10,0,10
19359,10,14,13
19360,10,5,15
19361,10,16,12
19362,10,0,10
19363,10,0,10
19364,10,1,18
19365,10,8,19
19366,10,2,17
19367,10,11,16
19368,10,10,2
19369,10,0,10
19370,10,2,17
19371,10,3,9
19372,10,4,4
19373,10,2,17
19374,10,3,9
19375,10,8,19
19376,10,4,4
19377,10,3,9
19378,10,3,9
19379,10,0,10
19380,10,0,10
19381,10,2,17
19382,10,8,19
19383,10,4,4
19384,10,4,4
19385,10,3,9
19386,10,11,16
19387,10,2,17
19388,10,4,4
19389,10,0,10
19390,10,3,9
19391,10,9,11
19392,10,1,18
19393,10,14,13
19394,10,0,10
19395,10,0,10
19396,10,0,10
19397,10,0,10
19398,10,2,17
19399,10,0,10
19400,10,8,19
19401,10,8,19
19402,10,3,9
19403,10,0,10
19404,10,16,12
19405,10,0,10
19406,10,3,9
19407,10,0,10
19408,10,1,18
19409,10,0,10
19410,10,2,17
19411,10,1,18
19412,10,3,9
19413,10,4,4
19414,10,1,18
19415,10,4,4
19416,10,0,10
19417,10,4,4
19418,10,16,12
19419,10,0,10
19420,10,2,17
19421,10,0,10
19422,10,5,15
19423,10,3,9
19424,10,1,18
19425,10,0,10
19426,10,1,18
19427,10,1,18
19428,10,4,4
19429,10,0,10
19430,10,4,4
19431,10,2,17
19432,10,3,9
19433,10,3,9
19434,10,2,17
19435,10,0,10
19436,10,0,10
19437,10,0,10
19438,10,1,18
19439,10,12,14
19440,10,4,4
19441,10,0,10
19442,10,4,4
19443,10,0,10
19444,10,8,19
19445,10,10,2
19446,10,0,10
19447,10,8,19
19448,10,0,10
19449,10,2,17
19450,10,0,10
19451,10,0,10
19452,10,1,18
19453,10,0,10
19454,10,0,10
19455,10,0,10
19456,10,0,10
19457,10,1,18
19458,10,0,10
19459,10,3,9
19460,10,0,10
19461,10,1,18
19462,10,1,18
19463,10,0,10
19464,10,11,16
19465,10,3,9
19466,10,11,16
19467,10,0,10
19468,10,0,10
19469,10,7,7
19470,10,2,17
19471,10,2,17
19472,10,7,7
19473,10,2,17
19474,10,2,17
19475,10,2,17
19476,10,12,14
19477,10,18,5
19478,10,14,13
19479,10,3,9
19480,10,16,12
19481,10,1,18
19482,10,1,18
19483,10,18,5
19484,10,2,17
19485,10,11,16
19486,10,0,10
19487,10,4,4
19488,10,3,9
19489,10,1,18
19490,10,3,9
19491,10,1,18
19492,10,3,9
19493,10,0,10
19494,10,0,10
19495,10,6,6
19496,10,0,10
19497,10,0,10
19498,10,7,7
19499,10,0,10
19500,10,7,7
19501,10,7,7
19502,10,0,10
19503,10,11,16
19504,10,9,11
19505,10,0,10
19506,10,4,4
19507,10,11,16
19508,10,4,4
19509,10,0,10
19510,10,0,10
19511,10,15,8
19512,10,1,18
19513,10,2,17
19514,10,1,18
19515,10,0,10
19516,10,2,17
19517,10,2,17
19518,10,6,6
19519,10,3,9
19520,10,4,4
19521,10,11,16
19522,10,3,9
19523,10,2,17
19524,10,0,10
19525,10,4,4
19526,10,3,9
19527,10,2,17
19528,10,0,10
19529,10,0,10
19530,10,1,18
19531,10,7,7
19532,10,0,10
19533,10,14,13
19534,10,0,10
19535,10,0,10
19536,10,2,17
19537,10,2,17
19538,10,0,10
19539,10,8,19
19540,10,6,6
19541,10,0,10
19542,10,7,7
19543,10,5,15
19544,10,3,9
19545,10,2,17
19546,10,1,18
19547,10,14,13
19548,10,0,10
19549,10,3,9
19550,10,0,10
19551,10,0,10
19552,10,8,19
19553,10,4,4
19554,10,2,17
19555,10,2,17
19556,10,0,10
19557,10,16,12
19558,10,0,10
19559,10,1,18
19560,10,0,10
19561,10,11,16
19562,10,0,10
19563,10,0,10
19564,10,14,13
19565,10,0,10
19566,10,17,1
19567,10,4,4
19568,10,0,10
19569,10,16,12
19570,10,2,17
19571,10,2,17
19572,10,1,18
19573,10,16,12
19574,10,0,10
19575,10,8,19
19576,10,7,7
19577,10,2,17
19578,10,2,17
19579,10,2,17
19580,10,2,17
19581,10,9,11
19582,10,5,15
19583,10,5,15
19584,10,1,18
19585,10,3,9
19586,10,0,10
19587,10,7,7
19588,10,0,10
19589,10,0,10
19590,10,0,10
19591,10,1,18
19592,10,1,18
19593,10,1,18
19594,10,5,15
19595,10,8,19
19596,10,0,10
19597,10,7,7
19598,10,1,18
19599,10,7,7
19600,10,3,9
19601,10,12,14
19602,10,0,10
19603,10,1,18
19604,10,10,2
19605,10,0,10
19606,10,2,17
19607,10,7,7
19608,10,2,17
19609,10,19,3
19610,10,4,4
19611,10,12,14
19612,10,11,16
19613,10,7,7
19614,10,0,10
19615,10,2,17
19616,10,8,19
19617,10,10,2
19618,10,14,13
19619,10,3,9
19620,10,5,15
19621,10,12,14
19622,10,0,10
19623,10,12,14
19624,10,12,14
19625,10,1,18
19626,10,12,14
19627,10,2,17
19628,10,3,9
19629,10,0,10
19630,10,12,14
19631,10,0,10
19632,10,1,18
19633,10,0,10
19634,10,4,4
19635,10,3,9
19636,10,3,9
19637,10,3,9
19638,10,2,17
19639,10,1,18
19640,10,3,9
19641,10,0,10
19642,10,12,14
19643,10,4,4
19644,10,4,4
19645,10,1,18
19646,10,2,17
19647,10,4,4
19648,10,0,10
19649,10,6,6
19650,10,2,17
19651,10,0,10
19652,10,0,10
19653,10,2,17
19654,10,2,17
19655,10,2,17
19656,10,1,18
19657,10,7,7
19658,10,1,18
19659,10,9,11
19660,10,2,17
19661,10,0,10
19662,10,14,13
19663,10,2,17
19664,10,14,13
19665,10,0,10
19666,10,2,17
19667,10,1,18
19668,10,1,18
19669,10,1,18
19670,10,1,18
19671,10,0,10
19672,10,1,18
19673,10,5,15
19674,10,0,10
19675,10,2,17
19676,10,0,10
19677,10,0,10
19678,10,0,10
19679,10,8,19
19680,10,5,15
19681,10,3,9
19682,10,0,10
19683,10,1,18
19684,10,2,17
19685,10,11,16
19686,10,0,10
19687,10,3,9
19688,10,7,7
19689,10,2,17
19690,10,14,13
19691,10,0,10
19692,10,3,9
19693,10,0,10
19694,10,3,9
19695,10,3,9
19696,10,0,10
19697,10,2,17
19698,10,2,17
19699,10,0,10
19700,10,0,10
19701,10,0,10
19702,10,1,18
19703,10,3,9
19704,10,2,17
19705,10,2,17
19706,10,1,18
19707,10,0,10
19708,10,2,17
19709,10,0,10
19710,10,9,11
19711,10,8,19
19712,10,0,10
19713,10,2,17
19714,10,2,17
19715,10,2,17
19716,10,4,4
19717,10,10,2
19718,10,5,15
19719,10,0,10
19720,10,1,18
19721,10,1,18
19722,10,4,4
19723,10,0,10
19724,10,0,10
19725,10,11,16
19726,10,0,10
19727,10,11,16
19728,10,8,19
19729,10,3,9
19730,10,0,10
19731,10,2,17
19732,10,4,4
19733,10,4,4
19734,10,0,10
19735,10,0,10
19736,10,4,4
19737,10,12,14
19738,10,1,18
19739,10,1,18
19740,10,4,4
19741,10,2,17
19742,10,12,14
19743,10,12,14
19744,10,8,19
19745,10,15,8
19746,10,0,10
19747,10,0,10
19748,10,1,18
19749,10,15,8
19750,10,3,9
19751,10,12,14
19752,10,1,18
19753,10,0,10
19754,10,3,9
19755,10,8,19
19756,10,0,10
19757,10,0,10
19758,10,2,17
19759,10,2,17
19760,10,2,17
19761,10,6,6
19762,10,3,9
19763,10,3,9
19764,10,3,9
19765,10,0,10
19766,10,9,11
19767,10,3,9
19768,10,5,15
19769,10,0,10
19770,10,8,19
19771,10,0,10
19772,10,2,17
19773,10,0,10
19774,10,2,17
19775,10,12,14
19776,10,0,10
19777,10,2,17
19778,10,3,9
19779,10,14,13
19780,10,5,15
19781,10,10,2
19782,10,6,6
19783,10,10,2
19784,10,16,12
19785,10,1,18
19786,10,8,19
19787,10,0,10
19788,10,9,11
19789,10,0,10
19790,10,8,19
19791,10,1,18
19792,10,2,17
19793,10,0,10
19794,10,0,10
19795,10,10,2
19796,10,4,4
19797,10,0,10
19798,10,11,16
19799,10,0,10
19800,10,3,9
19801,10,0,10
19802,10,1,18
19803,10,0,10
19804,10,8,19
19805,10,8,19
19806,10,7,7
19807,10,1,18
19808,10,1,18
19809,10,2,17
19810,10,2,17
19811,10,0,10
19812,10,4,4
19813,10,0,10
19814,10,7,7
19815,10,8,19
19816,10,1,18
19817,10,7,7
19818,10,2,17
19819,10,0,10
19820,10,2,17
19821,10,2,17
19822,10,0,10
19823,10,2,17
19824,10,16,12
19825,10,11,16
19826,10,8,19
19827,10,3,9
19828,10,7,7
19829,10,5,15
19830,10,15,8
19831,10,0,10
19832,10,2,17
19833,10,2,17
19834,10,11,16
19835,10,2,17
19836,10,2,17
19837,10,2,17
19838,10,2,17
19839,10,4,4
19840,10,2,17
19841,10,0,10
19842,10,3,9
19843,10,0,10
19844,10,0,10
19845,10,0,10
19846,10,0,10
19847,10,1,18
19848,10,2,17
19849,10,14,13
19850,10,2,17
19851,10,11,16
19852,10,0,10
19853,10,0,10
19854,10,6,6
19855,10,7,7
19856,10,4,4
19857,10,11,16
19858,10,0,10
19859,10,0,10
19860,10,9,11
19861,10,8,19
19862,10,0,10
19863,10,0,10
19864,10,2,17
19865,10,6,6
19866,10,0,10
19867,10,16,12
19868,10,8,19
19869,10,3,9
19870,10,3,9
19871,10,4,4
19872,10,0,10
19873,10,0,10
19874,10,2,17
19875,10,8,19
19876,10,10,2
19877,10,0,10
19878,10,0,10
19879,10,0,10
19880,10,15,8
19881,10,3,9
19882,10,12,14
19883,10,3,9
19884,10,3,9
19885,10,2,17
19886,10,10,2
19887,10,0,10
19888,10,8,19
19889,10,10,2
19890,10,9,11
19891,10,0,10
19892,10,12,14
19893,10,16,12
19894,10,10,2
19895,10,0,10
19896,10,11,16
19897,10,0,10
19898,10,7,7
19899,10,2,17
19900,10,0,10
19901,10,2,17
19902,10,0,10
19903,10,0,10
19904,10,1,18
19905,10,0,10
19906,10,11,16
19907,10,1,18
19908,10,2,17
19909,10,1,18
19910,10,2,17
19911,10,0,10
19912,10,4,4
19913,10,1,18
19914,10,1,18
19915,10,6,6
19916,10,10,2
19917,10,2,17
19918,10,0,10
19919,10,3,9
19920,10,2,17
19921,10,0,10
19922,10,2,17
19923,10,2,17
19924,10,2,17
19925,10,2,17
19926,10,16,12
19927,10,0,10
19928,10,6,6
19929,10,6,6
19930,10,0,10
19931,10,0,10
19932,10,4,4
19933,10,0,10
19934,10,0,10
19935,10,0,10
19936,10,0,10
19937,10,0,10
19938,10,18,5
19939,10,0,10
19940,10,0,10
19941,10,6,6
19942,10,0,10
19943,10,0,10
19944,10,11,16
19945,10,1,18
19946,10,0,10
19947,10,2,17
19948,10,3,9
19949,10,7,7
19950,10,0,10
19951,10,0,10
19952,10,3,9
19953,10,14,13
19954,10,0,10
19955,10,3,9
19956,10,2,17
19957,10,2,17
19958,10,0,10
19959,10,5,15
19960,10,2,17
19961,10,2,17
19962,10,2,17
19963,10,2,17
19964,10,3,9
19965,10,5,15
19966,10,2,17
19967,10,2,17
19968,10,14,13
19969,10,6,6
19970,10,8,19
19971,10,8,19
19972,10,2,17
19973,10,7,7
19974,10,0,10
19975,10,0,10
19976,10,0,10
19977,10,0,10
19978,10,0,10
19979,10,0,10
19980,10,3,9
19981,10,18,5
19982,10,0,10
19983,10,12,14
19984,10,3,9
19985,10,2,17
19986,10,1,18
19987,10,4,4
19988,10,2,17
19989,10,0,10
19990,10,8,19
19991,10,0,10
19992,10,0,10
19993,10,0,10
19994,10,3,9
19995,10,11,16
19996,10,2,17
19997,10,6,6
19998,10,2,17
19999,10,0,10
20000,10,12,14
20001,10,0,10
20002,10,0,10
20003,10,1,18
20004,10,1,18
20005,10,8,19
20006,10,7,7
20007,10,8,19
20008,10,2,17
20009,10,4,4
20010,10,0,10
20011,10,0,10
20012,10,0,10
20013,10,1,18
20014,10,0,10
20015,10,0,10
20016,10,4,4
20017,10,0,10
20018,10,2,17
20019,10,4,4
20020,10,2,17
20021,10,8,19
20022,10,6,6
20023,10,15,8
20024,10,1,18
20025,10,5,15
20026,10,7,7
20027,10,8,19
20028,10,3,9
20029,10,0,10
20030,10,4,4
20031,10,0,10
20032,10,10,2
20033,10,3,9
20034,10,4,4
20035,10,7,7
20036,10,4,4
20037,10,10,2
20038,10,10,2
20039,10,4,4
20040,10,0,10
20041,10,0,10
20042,10,3,9
20043,10,2,17
20044,10,0,10
20045,10,0,10
20046,10,14,13
20047,10,14,13
20048,10,3,9
20049,10,0,10
20050,10,6,6
20051,10,0,10
20052,10,0,10
20053,10,0,10
20054,10,11,16
20055,10,1,18
20056,10,0,10
20057,10,0,10
20058,10,14,13
20059,10,0,10
20060,10,4,4
20061,10,4,4
20062,10,0,10
20063,10,3,9
20064,10,14,13
20065,10,2,17
20066,10,2,17
20067,10,2,17
20068,10,2,17
20069,10,2,17
20070,10,0,10
20071,10,1,18
20072,10,2,17
20073,10,0,10
20074,10,3,9
20075,10,7,7
20076,10,0,10
20077,10,3,9
20078,10,16,12
20079,10,0,10
20080,10,10,2
20081,10,0,10
20082,10,4,4
20083,10,2,17
20084,10,3,9
20085,10,10,2
20086,10,0,10
20087,10,4,4
20088,10,0,10
20089,10,0,10
20090,10,5,15
20091,10,2,17
20092,10,2,17
20093,10,0,10
20094,10,0,10
20095,10,2,17
20096,10,0,10
20097,10,0,10
20098,10,0,10
20099,10,8,19
20100,10,10,2
20101,10,1,18
20102,10,0,10
20103,10,2,17
20104,10,10,2
20105,10,6,6
20106,10,2,17
20107,10,0,10
20108,10,1,18
20109,10,14,13
20110,10,2,17
20111,10,0,10
20112,10,4,4
20113,10,2,17
20114,10,4,4
20115,10,3,9
20116,10,10,2
20117,10,10,2
20118,10,10,2
20119,10,0,10
20120,10,5,15
20121,10,3,9
20122,10,0,10
20123,10,1,18
20124,10,1,18
20125,10,10,2
20126,10,0,10
20127,10,2,17
20128,10,3,9
20129,10,3,9
20130,10,2,17
20131,10,17,1
20132,10,6,6
20133,10,4,4
20134,10,0,10
20135,10,4,4
20136,10,0,10
20137,10,3,9
20138,10,0,10
20139,10,3,9
20140,10,0,10
20141,10,5,15
20142,10,7,7
20143,10,0,10
20144,10,0,10
20145,10,0,10
20146,10,7,7
20147,10,7,7
20148,10,10,2
20149,10,2,17
20150,10,1,18
20151,10,4,4
20152,10,4,4
20153,10,4,4
20154,10,5,15
20155,10,4,4
20156,10,8,19
20157,10,0,10
20158,10,1,18
20159,10,8,19
20160,10,2,17
20161,10,2,17
20162,10,7,7
20163,10,8,19
20164,10,2,17
20165,10,16,12
20166,10,2,17
20167,10,8,19
20168,10,0,10
20169,10,2,17
20170,10,11,16
20171,10,3,9
20172,10,2,17
20173,10,2,17
20174,10,2,17
20175,10,2,17
20176,10,1,18
20177,10,1,18
20178,10,7,7
20179,10,7,7
20180,10,7,7
20181,10,2,17
20182,10,2,17
20183,10,4,4
20184,10,12,14
20185,10,4,4
20186,10,6,6
20187,10,14,13
20188,10,17,1
20189,10,3,9
20190,10,8,19
20191,10,1,18
20192,10,2,17
20193,10,2,17
20194,10,2,17
20195,10,0,10
20196,10,0,10
20197,10,7,7
20198,10,3,9
20199,10,1,18
20200,10,0,10
20201,10,10,2
20202,10,0,10
20203,10,0,10
20204,10,1,18
20205,10,3,9
20206,10,6,6
20207,10,2,17
20208,10,0,10
20209,10,8,19
20210,10,8,19
20211,10,12,14
20212,10,4,4
20213,10,4,4
20214,10,17,1
20215,10,2,17
20216,10,4,4
20217,10,1,18
20218,10,0,10
20219,10,14,13
20220,10,2,17
20221,10,0,10
20222,10,7,7
20223,10,4,4
20224,10,0,10
20225,10,0,10
20226,10,0,10
20227,10,0,10
20228,10,16,12
20229,10,16,12
20230,10,2,17
20231,10,6,6
20232,10,2,17
20233,10,10,2
20234,10,0,10
20235,10,10,2
20236,10,8,19
20237,10,11,16
20238,10,7,7
20239,10,1,18
20240,10,2,17
20241,10,10,2
20242,10,0,10
20243,10,0,10
20244,10,17,1
20245,10,0,10
20246,10,0,10
20247,10,12,14
20248,10,0,10
20249,10,0,10
20250,10,2,17
20251,10,0,10
20252,10,1,18
20253,10,11,16
20254,10,1,18
20255,10,0,10
20256,10,7,7
20257,10,7,7
20258,10,0,10
20259,10,3,9
20260,10,7,7
20261,10,0,10
20262,10,1,18
20263,10,4,4
20264,10,4,4
20265,10,2,17
20266,10,4,4
20267,10,14,13
20268,10,0,10
20269,10,5,15
20270,10,2,17
20271,10,0,10
20272,10,0,10
20273,10,8,19
20274,10,3,9
20275,10,1,18
20276,10,4,4
20277,10,0,10
20278,10,2,17
20279,10,6,6
20280,10,15,8
20281,10,0,10
20282,10,3,9
20283,10,0,10
20284,10,0,10
20285,10,3,9
20286,10,0,10
20287,10,4,4
20288,10,0,10
20289,10,2,17
20290,10,0,10
20291,10,1,18
20292,10,1,18
20293,10,0,10
20294,10,8,19
20295,10,0,10
20296,10,14,13
20297,10,16,12
20298,10,16,12
20299,10,18,5
20300,10,18,5
20301,10,9,11
20302,10,4,4
20303,10,0,10
20304,10,2,17
20305,10,2,17
20306,10,2,17
20307,10,4,4
20308,10,4,4
20309,10,0,10
20310,10,0,10
20311,10,15,8
20312,10,8,19
20313,10,1,18
20314,10,2,17
20315,10,1,18
20316,10,1,18
20317,10,0,10
20318,10,0,10
20319,10,2,17
20320,10,0,10
20321,10,5,15
20322,10,0,10
20323,10,0,10
20324,10,2,17
20325,10,1,18
20326,10,1,18
20327,10,8,19
20328,10,5,15
20329,10,11,16
20330,10,3,9
20331,10,4,4
20332,10,4,4
20333,10,10,2
20334,10,12,14
20335,10,2,17
20336,10,2,17
20337,10,4,4
20338,10,14,13
20339,10,14,13
20340,10,3,9
20341,10,4,4
20342,10,0,10
20343,10,4,4
20344,10,1,18
20345,10,1,18
20346,10,2,17
20347,10,0,10
20348,10,0,10
20349,10,11,16
20350,10,11,16
20351,10,1,18
20352,10,6,6
20353,10,0,10
20354,10,4,4
20355,10,0,10
20356,10,12,14
20357,10,1,18
20358,10,4,4
20359,10,3,9
20360,10,15,8
20361,10,7,7
20362,10,0,10
20363,10,2,17
20364,10,4,4
20365,10,0,10
20366,10,0,10
20367,10,6,6
20368,10,0,10
20369,10,7,7
20370,10,8,19
20371,10,8,19
20372,10,14,13
20373,10,2,17
20374,10,1,18
20375,10,14,13
20376,10,2,17
20377,10,6,6
20378,10,0,10
20379,10,2,17
20380,10,9,11
20381,10,2,17
20382,10,5,15
20383,10,5,15
20384,10,2,17
20385,10,2,17
20386,10,2,17
20387,10,2,17
20388,10,2,17
20389,10,7,7
20390,10,5,15
20391,10,12,14
20392,10,0,10
20393,10,14,13
20394,10,0,10
20395,10,0,10
20396,10,0,10
20397,10,2,17
20398,10,5,15
20399,10,3,9
20400,10,7,7
20401,10,2,17
20402,10,2,17
20403,10,1,18
20404,10,0,10
20405,10,2,17
20406,10,14,13
20407,10,3,9
20408,10,3,9
20409,10,2,17
20410,10,11,16
20411,10,0,10
20412,10,2,17
20413,10,2,17
20414,10,2,17
20415,10,10,2
20416,10,1,18
20417,10,2,17
20418,10,0,10
20419,10,3,9
20420,10,3,9
20421,10,0,10
20422,10,0,10
20423,10,0,10
20424,10,12,14
20425,10,3,9
20426,10,2,17
20427,10,2,17
20428,10,2,17
20429,10,8,19
20430,10,0,10
20431,10,2,17
20432,10,0,10
20433,10,4,4
20434,10,8,19
20435,10,2,17
20436,10,2,17
20437,10,14,13
20438,10,1,18
20439,10,1,18
20440,10,0,10
20441,10,0,10
20442,10,1,18
20443,10,2,17
20444,10,3,9
20445,10,0,10
20446,10,0,10
20447,10,2,17
20448,10,0,10
20449,10,10,2
20450,10,0,10
20451,10,0,10
20452,10,1,18
20453,10,2,17
20454,10,0,10
20455,10,10,2
20456,10,2,17
20457,10,2,17
20458,10,4,4
20459,10,2,17
20460,10,2,17
20461,10,11,16
20462,10,14,13
20463,10,3,9
20464,10,2,17
20465,10,3,9
20466,10,3,9
20467,10,11,16
20468,10,3,9
20469,10,0,10
20470,10,14,13
20471,10,16,12
20472,10,1,18
20473,10,1,18
20474,10,4,4
20475,10,5,15
20476,10,1,18
20477,10,3,9
20478,10,2,17
20479,10,0,10
20480,10,6,6
20481,10,0,10
20482,10,0,10
20483,10,0,10
20484,10,3,9
20485,10,16,12
20486,10,1,18
20487,10,1,18
20488,10,2,17
20489,10,6,6
20490,10,4,4
20491,10,0,10
20492,10,14,13
20493,10,4,4
20494,10,0,10
20495,10,0,10
20496,10,11,16
20497,10,4,4
20498,10,0,10
20499,10,2,17
20500,10,8,19
20501,10,11,16
20502,10,2,17
20503,10,2,17
20504,10,12,14
20505,10,0,10
20506,10,11,16
20507,10,2,17
20508,10,1,18
20509,10,11,16
20510,10,3,9
20511,10,1,18
20512,10,8,19
20513,10,3,9
20514,10,11,16
20515,10,0,10
20516,10,0,10
20517,10,2,17
20518,10,3,9
20519,10,14,13
20520,10,6,6
20521,10,18,5
20522,10,4,4
20523,10,18,5
20524,10,0,10
20525,10,0,10
20526,10,9,11
20527,10,6,6
20528,10,0,10
20529,10,0,10
20530,10,0,10
20531,10,7,7
20532,10,14,13
20533,15,4,4
20534,15,0,10
20535,15,11,16
20536,15,2,17
20537,15,3,9
20538,15,3,9
20539,15,0,10
20540,15,14,13
20541,15,7,7
20542,15,2,17
20543,15,5,15
20544,15,8,19
20545,15,4,4
20546,15,0,10
20547,15,6,6
20548,15,1,18
20549,15,1,18
20550,15,6,6
20551,15,3,9
20552,15,1,18
20553,15,1,18
20554,15,0,10
20555,15,3,9
20556,15,11,16
20557,15,0,10
20558,15,0,10
20559,15,1,18
20560,15,1,18
20561,15,0,10
20562,15,7,7
20563,15,7,7
20564,15,7,7
20565,15,3,9
20566,15,1,18
20567,15,1,18
20568,15,2,17
20569,15,2,17
20570,15,1,18
20571,15,1,18
20572,15,3,9
20573,15,1,18
20574,15,14,13
20575,15,0,10
20576,15,4,4
20577,15,2,17
20578,15,4,4
20579,15,0,10
20580,15,14,13
20581,15,0,10
20582,15,0,10
20583,15,14,13
20584,15,0,10
20585,15,0,10
20586,15,6,6
20587,15,0,10
20588,15,2,17
20589,15,7,7
20590,15,10,2
20591,15,3,9
20592,15,9,11
20593,15,16,12
20594,15,3,9
20595,15,8,19
20596,15,0,10
20597,15,2,17
20598,15,4,4
20599,15,4,4
20600,15,5,15
20601,15,0,10
20602,15,5,15
20603,15,2,17
20604,15,12,14
20605,15,2,17
20606,15,0,10
20607,15,2,17
20608,15,8,19
20609,15,1,18
20610,15,0,10
20611,15,2,17
20612,15,1,18
20613,15,0,10
20614,15,1,18
20615,15,4,4
20616,15,3,9
20617,15,2,17
20618,15,3,9
20619,15,14,13
20620,15,14,13
20621,15,14,13
20622,15,14,13
20623,15,1,18
20624,15,3,9
20625,15,1,18
20626,15,1,18
20627,15,11,16
20628,15,1,18
20629,15,3,9
20630,15,3,9
20631,15,10,2
20632,15,0,10
20633,15,5,15
20634,15,5,15
20635,15,11,16
20636,15,7,7
20637,15,0,10
20638,15,0,10
20639,15,0,10
20640,15,2,17
20641,15,4,4
20642,15,0,10
20643,15,2,17
20644,15,0,10
20645,15,1,18
20646,15,7,7
20647,15,9,11
20648,15,1,18
20649,15,0,10
20650,15,0,10
20651,15,3,9
20652,15,2,17
20653,15,2,17
20654,15,2,17
20655,15,12,14
20656,15,3,9
20657,15,0,10
20658,15,3,9
20659,15,4,4
20660,15,0,10
20661,15,2,17
20662,15,9,11
20663,15,3,9
20664,15,5,15
20665,15,5,15
20666,15,10,2
20667,15,2,17
20668,15,7,7
20669,15,0,10
20670,15,11,16
20671,15,11,16
20672,15,2,17
20673,15,0,10
20674,15,1,18
20675,15,5,15
20676,15,5,15
20677,15,1,18
20678,15,2,17
20679,15,0,10
20680,15,1,18
20681,15,2,17
20682,15,9,11
20683,16,0,10
20684,16,0,10
20685,16,4,4
20686,16,7,7
20687,16,0,10
20688,16,3,9
20689,16,4,4
20690,16,0,10
20691,16,7,7
20692,16,2,17
20693,16,11,16
20694,16,1,18
20695,16,8,19
20696,16,1,18
20697,16,16,12
20698,16,6,6
20699,16,0,10
20700,16,14,13
20701,16,2,17
20702,16,10,2
20703,16,0,10
20704,16,1,18
20705,16,11,16
20706,16,3,9
20707,16,11,16
20708,16,4,4
20709,16,0,10
20710,16,0,10
20711,16,8,19
20712,16,14,13
20713,16,9,11
20714,16,3,9
20715,16,0,10
20716,16,5,15
20717,16,0,10
20718,16,4,4
20719,16,4,4
20720,16,0,10
20721,16,2,17
20722,16,2,17
20723,16,11,16
20724,16,0,10
20725,16,1,18
20726,16,0,10
20727,16,11,16
20728,16,0,10
20729,16,0,10
20730,16,0,10
20731,16,0,10
20732,16,1,18
20733,16,1,18
20734,16,2,17
20735,16,0,10
20736,16,6,6
20737,16,9,11
20738,16,5,15
20739,16,2,17
20740,16,0,10
20741,16,12,14
20742,16,2,17
20743,16,2,17
20744,16,6,6
20745,16,6,6
20746,16,6,6
20747,16,6,6
20748,16,7,7
20749,16,6,6
20750,16,0,10
20751,16,0,10
20752,16,3,9
20753,16,0,10
20754,16,0,10
20755,16,9,11
20756,16,0,10
20757,16,4,4
20758,16,0,10
20759,16,15,8
20760,16,11,16
20761,16,3,9
20762,16,0,10
20763,16,16,12
20764,16,2,17
20765,16,2,17
20766,16,4,4
20767,16,2,17
20768,16,1,18
20769,16,0,10
20770,16,6,6
20771,16,2,17
20772,16,3,9
20773,16,0,10
20774,16,0,10
20775,16,11,16
20776,16,11,16
20777,16,12,14
20778,16,0,10
20779,16,4,4
20780,16,4,4
20781,16,0,10
20782,16,6,6
20783,16,10,2
20784,16,3,9
20785,16,0,10
20786,16,1,18
20787,16,1,18
20788,16,5,15
20789,16,0,10
20790,16,0,10
20791,16,0,10
20792,16,7,7
20793,16,0,10
20794,16,0,10
20795,16,2,17
20796,16,2,17
20797,16,3,9
20798,16,1,18
20799,16,0,10
20800,16,1,18
20801,16,3,9
20802,16,0,10
20803,16,6,6
20804,16,8,19
20805,16,8,19
20806,16,2,17
20807,16,2,17
20808,16,1,18
20809,16,0,10
20810,16,3,9
20811,16,3,9
20812,16,0,10
20813,16,0,10
20814,16,3,9
20815,16,1,18
20816,16,6,6
20817,16,14,13
20818,16,0,10
20819,16,0,10
20820,16,0,10
20821,16,2,17
20822,16,2,17
20823,16,5,15
20824,16,3,9
20825,16,4,4
20826,16,6,6
20827,16,2,17
20828,16,7,7
20829,16,2,17
20830,16,3,9
20831,16,1,18
20832,16,2,17
20833,16,5,15
20834,16,1,18
20835,16,2,17
20836,16,4,4
20837,16,4,4
20838,16,2,17
20839,16,2,17
20840,16,6,6
20841,16,9,11
20842,16,12,14
20843,16,3,9
20844,16,0,10
20845,16,11,16
20846,16,1,18
20847,16,0,10
20848,16,3,9
20849,16,3,9
20850,16,3,9
20851,16,17,1
20852,16,2,17
20853,16,2,17
20854,16,0,10
20855,16,2,17
20856,16,7,7
20857,16,1,18
20858,16,1,18
20859,16,0,10
20860,16,0,10
20861,16,14,13
20862,16,1,18
20863,16,1,18
20864,16,2,17
20865,16,2,17
20866,16,5,15
20867,16,11,16
20868,16,11,16
20869,16,2,17
20870,16,1,18
20871,16,0,10
20872,16,0,10
20873,16,2,17
20874,16,2,17
20875,16,11,16
20876,16,15,8
20877,16,11,16
20878,16,8,19
20879,16,0,10
20880,16,0,10
20881,16,0,10
20882,16,0,10
20883,16,4,4
20884,16,16,12
20885,16,16,12
20886,16,0,10
20887,16,6,6
20888,16,0,10
20889,16,0,10
20890,16,1,18
20891,16,3,9
20892,16,6,6
20893,16,11,16
20894,16,1,18
20895,16,0,10
20896,16,0,10
20897,16,2,17
20898,16,2,17
20899,16,3,9
20900,16,11,16
20901,16,16,12
20902,16,4,4
20903,16,0,10
20904,16,5,15
20905,16,14,13
20906,16,0,10
20907,16,14,13
20908,16,5,15
20909,16,4,4
20910,16,1,18
20911,16,2,17
20912,16,10,2
20913,16,0,10
20914,16,0,10
20915,16,4,4
20916,16,4,4
20917,16,3,9
20918,16,2,17
20919,16,2,17
20920,16,0,10
