cell_id,true_label,pred_label_raw,pred_label_aligned
0,13,16,18
1,13,17,5
2,13,16,18
3,13,19,0
4,13,3,17
5,13,17,5
6,13,13,2
7,13,5,9
8,13,11,14
9,13,18,8
10,13,18,8
11,13,3,17
12,13,1,6
13,13,2,16
14,13,16,18
15,13,3,17
16,13,5,9
17,13,18,8
18,13,16,18
19,13,3,17
20,13,10,13
21,13,5,9
22,13,3,17
23,13,14,4
24,13,17,5
25,13,1,6
26,13,1,6
27,13,16,18
28,13,10,13
29,13,1,6
30,13,10,13
31,13,17,5
32,13,18,8
33,13,3,17
34,13,3,17
35,13,19,0
36,13,5,9
37,13,16,18
38,13,5,9
39,13,16,18
40,13,16,18
41,13,15,1
42,13,16,18
43,13,14,4
44,13,10,13
45,13,16,18
46,13,9,7
47,13,4,11
48,13,18,8
49,13,7,10
50,13,16,18
51,13,14,4
52,13,16,18
53,13,3,17
54,13,14,4
55,13,2,16
56,13,6,19
57,13,16,18
58,13,3,17
59,13,13,2
60,13,6,19
61,13,4,11
62,13,1,6
63,13,3,17
64,13,19,0
65,13,1,6
66,13,11,14
67,13,2,16
68,13,14,4
69,13,10,13
70,13,14,4
71,13,4,11
72,13,18,8
73,13,16,18
74,13,17,5
75,13,3,17
76,13,3,17
77,13,11,14
78,13,16,18
79,13,7,10
80,13,2,16
81,13,11,14
82,13,11,14
83,13,10,13
84,13,6,19
85,13,3,17
86,13,2,16
87,13,15,1
88,13,16,18
89,13,12,15
90,13,11,14
91,13,18,8
92,13,16,18
93,13,19,0
94,13,5,9
95,13,19,0
96,13,14,4
97,13,4,11
98,13,6,19
99,13,9,7
100,13,5,9
101,13,13,2
102,13,13,2
103,13,6,19
104,13,3,17
105,13,16,18
106,13,14,4
107,13,5,9
108,13,6,19
109,13,14,4
110,13,13,2
111,13,9,7
112,13,4,11
113,13,6,19
114,13,6,19
115,13,6,19
116,13,9,7
117,13,15,1
118,13,9,7
119,13,3,17
120,13,3,17
121,13,3,17
122,13,17,5
123,13,11,14
124,13,15,1
125,13,10,13
126,13,16,18
127,13,3,17
128,13,17,5
129,13,16,18
130,13,18,8
131,13,3,17
132,13,16,18
133,13,3,17
134,13,7,10
135,13,10,13
136,13,16,18
137,13,1,6
138,13,18,8
139,13,3,17
140,13,3,17
141,13,16,18
142,13,18,8
143,13,18,8
144,13,9,7
145,13,16,18
146,13,10,13
147,13,15,1
148,13,3,17
149,13,9,7
150,13,1,6
151,13,5,9
152,13,14,4
153,13,16,18
154,13,13,2
155,13,10,13
156,13,16,18
157,13,5,9
158,13,16,18
159,13,16,18
160,13,3,17
161,13,16,18
162,13,4,11
163,13,2,16
164,13,16,18
165,13,16,18
166,13,19,0
167,13,16,18
168,13,18,8
169,13,5,9
170,13,11,14
171,13,14,4
172,13,19,0
173,13,16,18
174,13,3,17
175,13,6,19
176,13,16,18
177,13,5,9
178,13,3,17
179,13,17,5
180,13,12,15
181,13,6,19
182,13,9,7
183,13,11,14
184,13,11,14
185,13,6,19
186,13,13,2
187,13,15,1
188,13,15,1
189,13,16,18
190,13,16,18
191,13,4,11
192,13,2,16
193,13,9,7
194,13,5,9
195,13,14,4
196,13,5,9
197,13,2,16
198,13,18,8
199,13,16,18
200,13,15,1
201,13,3,17
202,13,3,17
203,13,3,17
204,13,18,8
205,13,16,18
206,13,9,7
207,13,1,6
208,13,6,19
209,13,6,19
210,13,6,19
211,13,11,14
212,13,16,18
213,13,15,1
214,13,16,18
215,13,16,18
216,13,16,18
217,13,18,8
218,13,16,18
219,13,19,0
220,13,5,9
221,13,13,2
222,13,5,9
223,13,6,19
224,13,16,18
225,13,16,18
226,13,13,2
227,13,1,6
228,13,16,18
229,13,11,14
230,13,18,8
231,13,5,9
232,13,12,15
233,13,4,11
234,13,19,0
235,13,11,14
236,13,4,11
237,13,4,11
238,13,11,14
239,13,2,16
240,13,2,16
241,13,10,13
242,13,13,2
243,13,5,9
244,13,3,17
245,13,2,16
246,13,14,4
247,13,15,1
248,13,3,17
249,13,3,17
250,13,10,13
251,13,3,17
252,13,1,6
253,13,17,5
254,13,8,3
255,13,1,6
256,13,8,3
257,13,11,14
258,13,11,14
259,13,15,1
260,13,11,14
261,13,3,17
262,13,3,17
263,13,19,0
264,13,8,3
265,13,13,2
266,13,3,17
267,13,16,18
268,13,8,3
269,13,12,15
270,13,15,1
271,13,16,18
272,13,9,7
273,13,16,18
274,13,12,15
275,13,1,6
276,13,11,14
277,13,16,18
278,13,0,12
279,13,16,18
280,13,16,18
281,13,14,4
282,13,3,17
283,13,3,17
284,13,9,7
285,13,4,11
286,13,19,0
287,13,12,15
288,13,1,6
289,13,18,8
290,13,3,17
291,13,1,6
292,13,16,18
293,13,3,17
294,13,3,17
295,13,4,11
296,13,3,17
297,13,10,13
298,13,13,2
299,13,17,5
300,13,3,17
301,13,3,17
302,13,12,15
303,13,5,9
304,13,11,14
305,13,16,18
306,13,3,17
307,13,3,17
308,13,0,12
309,13,14,4
310,13,16,18
311,13,16,18
312,13,11,14
313,13,9,7
314,13,18,8
315,13,0,12
316,13,5,9
317,13,4,11
318,13,5,9
319,13,17,5
320,13,9,7
321,13,11,14
322,13,18,8
323,13,17,5
324,13,3,17
325,13,4,11
326,13,10,13
327,13,3,17
328,13,11,14
329,13,3,17
330,13,6,19
331,13,16,18
332,13,19,0
333,13,4,11
334,13,17,5
335,13,2,16
336,13,1,6
337,13,19,0
338,13,5,9
339,13,3,17
340,13,1,6
341,13,18,8
342,13,11,14
343,13,11,14
344,13,16,18
345,13,4,11
346,13,11,14
347,13,3,17
348,13,2,16
349,13,19,0
350,13,3,17
351,13,3,17
352,13,12,15
353,13,11,14
354,13,14,4
355,13,5,9
356,13,19,0
357,13,18,8
358,13,11,14
359,13,3,17
360,13,4,11
361,13,3,17
362,13,1,6
363,13,11,14
364,13,3,17
365,13,0,12
366,13,3,17
367,13,14,4
368,13,16,18
369,13,16,18
370,13,14,4
371,13,19,0
372,13,18,8
373,13,17,5
374,13,5,9
375,13,13,2
376,13,3,17
377,13,18,8
378,13,3,17
379,13,3,17
380,13,5,9
381,13,1,6
382,13,9,7
383,13,2,16
384,13,9,7
385,13,16,18
386,13,16,18
387,13,9,7
388,13,3,17
389,13,9,7
390,13,16,18
391,13,1,6
392,12,3,17
393,12,13,2
394,12,16,18
395,12,6,19
396,12,3,17
397,12,4,11
398,12,0,12
399,12,3,17
400,12,3,17
401,12,2,16
402,12,15,1
403,12,4,11
404,12,11,14
405,12,11,14
406,12,18,8
407,12,7,10
408,12,16,18
409,12,16,18
410,12,8,3
411,12,1,6
412,12,18,8
413,12,1,6
414,12,16,18
415,12,2,16
416,12,5,9
417,12,5,9
418,12,16,18
419,12,3,17
420,12,10,13
421,12,14,4
422,12,11,14
423,12,3,17
424,12,9,7
425,12,11,14
426,12,16,18
427,12,17,5
428,12,16,18
429,12,0,12
430,12,11,14
431,12,9,7
432,12,18,8
433,12,16,18
434,12,8,3
435,12,9,7
436,12,16,18
437,12,16,18
438,12,11,14
439,12,8,3
440,12,16,18
441,12,19,0
442,12,8,3
443,12,18,8
444,12,5,9
445,12,18,8
446,12,3,17
447,12,9,7
448,12,5,9
449,12,3,17
450,12,3,17
451,12,6,19
452,12,6,19
453,12,6,19
454,12,18,8
455,12,9,7
456,12,14,4
457,12,12,15
458,12,2,16
459,12,13,2
460,12,14,4
461,12,11,14
462,12,11,14
463,12,13,2
464,12,9,7
465,12,4,11
466,12,16,18
467,12,14,4
468,12,11,14
469,12,2,16
470,12,10,13
471,12,6,19
472,12,18,8
473,12,16,18
474,12,5,9
475,12,16,18
476,12,16,18
477,12,17,5
478,12,14,4
479,12,11,14
480,12,19,0
481,12,0,12
482,12,0,12
483,12,5,9
484,12,3,17
485,12,16,18
486,12,3,17
487,12,3,17
488,12,11,14
489,12,19,0
490,12,19,0
491,12,11,14
492,12,3,17
493,12,3,17
494,12,14,4
495,12,16,18
496,12,16,18
497,12,11,14
498,12,3,17
499,12,17,5
500,12,5,9
501,12,6,19
502,12,10,13
503,12,2,16
504,12,6,19
505,12,5,9
506,12,16,18
507,12,5,9
508,12,6,19
509,12,3,17
510,12,5,9
511,12,1,6
512,12,16,18
513,12,3,17
514,12,3,17
515,12,17,5
516,12,16,18
517,12,15,1
518,12,3,17
519,12,5,9
520,12,16,18
521,12,17,5
522,12,15,1
523,1,16,18
524,1,9,7
525,1,11,14
526,1,15,1
527,1,3,17
528,1,15,1
529,1,16,18
530,1,11,14
531,1,3,17
532,1,8,3
533,1,11,14
534,1,16,18
535,1,11,14
536,1,15,1
537,1,15,1
538,1,6,19
539,1,16,18
540,1,3,17
541,1,5,9
542,1,19,0
543,1,3,17
544,1,10,13
545,1,3,17
546,1,5,9
547,1,8,3
548,1,16,18
549,1,13,2
550,1,8,3
551,1,1,6
552,1,16,18
553,1,17,5
554,1,5,9
555,1,11,14
556,1,11,14
557,1,6,19
558,1,3,17
559,1,11,14
560,1,5,9
561,1,16,18
562,1,16,18
563,1,1,6
564,1,16,18
565,1,3,17
566,1,6,19
567,1,19,0
568,1,6,19
569,1,16,18
570,1,3,17
571,1,6,19
572,1,3,17
573,1,5,9
574,1,1,6
575,1,3,17
576,1,12,15
577,1,16,18
578,1,17,5
579,1,16,18
580,1,14,4
581,1,11,14
582,1,16,18
583,1,3,17
584,1,15,1
585,1,14,4
586,1,16,18
587,1,14,4
588,1,4,11
589,1,9,7
590,1,5,9
591,1,11,14
592,1,16,18
593,1,1,6
594,1,0,12
595,1,5,9
596,1,3,17
597,1,16,18
598,1,2,16
599,1,1,6
600,1,8,3
601,1,18,8
602,1,13,2
603,1,9,7
604,1,7,10
605,1,10,13
606,1,6,19
607,1,16,18
608,1,15,1
609,1,3,17
610,1,18,8
611,1,3,17
612,1,3,17
613,1,15,1
614,1,19,0
615,1,3,17
616,1,5,9
617,1,4,11
618,1,5,9
619,1,3,17
620,1,13,2
621,1,3,17
622,1,16,18
623,1,4,11
624,1,16,18
625,1,3,17
626,1,19,0
627,1,16,18
628,1,14,4
629,1,14,4
630,1,1,6
631,1,19,0
632,1,9,7
633,1,16,18
634,1,16,18
635,1,18,8
636,1,7,10
637,1,17,5
638,1,5,9
639,1,4,11
640,1,16,18
641,1,8,3
642,1,5,9
643,1,19,0
644,1,16,18
645,1,9,7
646,1,11,14
647,1,9,7
648,1,16,18
649,1,14,4
650,1,14,4
651,1,4,11
652,1,1,6
653,1,11,14
654,1,1,6
655,1,5,9
656,1,16,18
657,1,6,19
658,1,11,14
659,1,3,17
660,1,16,18
661,1,6,19
662,1,2,16
663,1,4,11
664,1,3,17
665,1,12,15
666,1,3,17
667,1,9,7
668,1,8,3
669,1,13,2
670,1,5,9
671,1,8,3
672,1,16,18
673,1,16,18
674,1,3,17
675,1,1,6
676,1,3,17
677,1,16,18
678,1,3,17
679,1,4,11
680,1,10,13
681,1,16,18
682,1,16,18
683,1,9,7
684,1,11,14
685,1,16,18
686,1,6,19
687,1,3,17
688,1,18,8
689,1,3,17
690,1,3,17
691,1,6,19
692,1,11,14
693,1,11,14
694,1,18,8
695,1,5,9
696,1,16,18
697,1,6,19
698,1,9,7
699,1,8,3
700,1,13,2
701,1,16,18
702,1,16,18
703,1,13,2
704,1,9,7
705,1,5,9
706,1,3,17
707,1,3,17
708,1,11,14
709,1,11,14
710,1,16,18
711,1,3,17
712,1,11,14
713,1,14,4
714,1,16,18
715,1,3,17
716,1,3,17
717,1,3,17
718,1,3,17
719,1,16,18
720,1,3,17
721,1,11,14
722,1,15,1
723,1,16,18
724,1,11,14
725,1,4,11
726,1,16,18
727,1,4,11
728,1,3,17
729,1,7,10
730,1,1,6
731,1,1,6
732,1,13,2
733,1,9,7
734,1,1,6
735,1,16,18
736,1,3,17
737,1,13,2
738,1,4,11
739,1,15,1
740,1,8,3
741,1,19,0
742,1,3,17
743,1,2,16
744,1,11,14
745,1,2,16
746,1,14,4
747,1,17,5
748,1,8,3
749,1,14,4
750,1,15,1
751,1,16,18
752,1,8,3
753,1,9,7
754,1,14,4
755,1,18,8
756,1,5,9
757,1,16,18
758,1,6,19
759,1,16,18
760,1,3,17
761,1,19,0
762,1,11,14
763,3,16,18
764,3,11,14
765,3,3,17
766,3,6,19
767,3,4,11
768,3,11,14
769,3,16,18
770,3,11,14
771,3,12,15
772,3,16,18
773,3,4,11
774,3,16,18
775,3,16,18
776,3,16,18
777,3,19,0
778,3,4,11
779,3,9,7
780,3,14,4
781,3,2,16
782,3,3,17
783,3,8,3
784,3,16,18
785,3,16,18
786,3,0,12
787,3,14,4
788,3,6,19
789,3,18,8
790,3,5,9
791,3,3,17
792,3,18,8
793,3,8,3
794,3,11,14
795,3,9,7
796,3,16,18
797,3,11,14
798,3,5,9
799,3,8,3
800,3,6,19
801,3,16,18
802,3,11,14
803,3,5,9
804,3,14,4
805,3,11,14
806,3,10,13
807,3,5,9
808,3,10,13
809,3,6,19
810,3,9,7
811,3,16,18
812,3,16,18
813,3,8,3
814,3,3,17
815,3,3,17
816,3,15,1
817,3,3,17
818,3,13,2
819,3,1,6
820,3,12,15
821,3,4,11
822,3,14,4
823,3,2,16
824,3,6,19
825,3,13,2
826,3,3,17
827,3,5,9
828,3,11,14
829,3,15,1
830,3,3,17
831,3,14,4
832,3,17,5
833,3,3,17
834,3,18,8
835,3,16,18
836,3,3,17
837,3,14,4
838,3,3,17
839,3,17,5
840,3,16,18
841,3,14,4
842,3,2,16
843,3,3,17
844,3,5,9
845,3,16,18
846,3,16,18
847,11,11,14
848,11,6,19
849,11,16,18
850,11,5,9
851,11,5,9
852,11,5,9
853,11,7,10
854,11,11,14
855,11,11,14
856,11,13,2
857,11,17,5
858,11,3,17
859,11,11,14
860,11,3,17
861,11,16,18
862,11,11,14
863,11,16,18
864,11,16,18
865,11,3,17
866,11,11,14
867,11,9,7
868,11,6,19
869,11,10,13
870,11,4,11
871,11,9,7
872,11,19,0
873,11,1,6
874,11,11,14
875,11,3,17
876,11,1,6
877,11,4,11
878,11,3,17
879,11,16,18
880,11,18,8
881,11,16,18
882,11,16,18
883,11,5,9
884,11,3,17
885,11,11,14
886,11,3,17
887,11,14,4
888,11,19,0
889,11,16,18
890,11,14,4
891,11,4,11
892,11,3,17
893,11,14,4
894,11,4,11
895,11,19,0
896,11,4,11
897,11,13,2
898,11,5,9
899,11,16,18
900,11,14,4
901,11,16,18
902,11,16,18
903,11,3,17
904,11,11,14
905,11,8,3
906,11,16,18
907,11,4,11
908,11,16,18
909,11,16,18
910,11,18,8
911,11,16,18
912,11,3,17
913,11,14,4
914,11,16,18
915,11,1,6
916,11,6,19
917,11,15,1
918,11,15,1
919,11,3,17
920,11,3,17
921,11,4,11
922,11,16,18
923,11,8,3
924,11,1,6
925,11,3,17
926,11,3,17
927,11,3,17
928,11,3,17
929,11,17,5
930,11,14,4
931,11,17,5
932,11,16,18
933,11,9,7
934,11,5,9
935,11,5,9
936,11,6,19
937,11,18,8
938,11,1,6
939,11,15,1
940,11,8,3
941,11,16,18
942,11,14,4
943,11,16,18
944,11,16,18
945,11,11,14
946,11,9,7
947,11,2,16
948,11,13,2
949,11,3,17
950,11,8,3
951,11,6,19
952,11,4,11
953,11,17,5
954,11,15,1
955,11,3,17
956,11,16,18
957,11,3,17
958,11,19,0
959,11,16,18
960,11,6,19
961,11,16,18
962,11,16,18
963,11,5,9
964,11,18,8
965,11,18,8
966,11,8,3
967,11,5,9
968,11,16,18
969,11,11,14
970,11,3,17
971,11,19,0
972,11,16,18
973,11,16,18
974,11,15,1
975,11,6,19
976,11,4,11
977,11,4,11
978,11,16,18
979,11,16,18
980,11,9,7
981,11,11,14
982,11,16,18
983,11,11,14
984,11,16,18
985,11,3,17
986,11,16,18
987,11,13,2
988,11,4,11
989,11,18,8
990,11,16,18
991,11,1,6
992,11,3,17
993,11,10,13
994,11,17,5
995,11,4,11
996,11,3,17
997,11,4,11
998,11,9,7
999,11,14,4
1000,11,14,4
1001,11,16,18
1002,11,13,2
1003,11,16,18
1004,11,16,18
1005,11,16,18
1006,11,2,16
1007,11,10,13
1008,11,4,11
1009,11,0,12
1010,11,9,7
1011,11,3,17
1012,11,16,18
1013,11,4,11
1014,11,16,18
1015,11,11,14
1016,11,5,9
1017,11,3,17
1018,11,14,4
1019,11,16,18
1020,11,3,17
1021,11,13,2
1022,11,11,14
1023,11,16,18
1024,11,7,10
1025,11,10,13
1026,11,11,14
1027,11,16,18
1028,11,8,3
1029,11,12,15
1030,11,4,11
1031,11,16,18
1032,11,15,1
1033,11,4,11
1034,11,6,19
1035,11,3,17
1036,11,16,18
1037,11,6,19
1038,11,19,0
1039,11,15,1
1040,11,10,13
1041,11,3,17
1042,11,18,8
1043,11,3,17
1044,11,17,5
1045,11,17,5
1046,11,0,12
1047,11,0,12
1048,11,1,6
1049,11,11,14
1050,11,8,3
1051,11,18,8
1052,11,4,11
1053,11,6,19
1054,11,14,4
1055,11,14,4
1056,11,16,18
1057,11,11,14
1058,11,18,8
1059,11,11,14
1060,11,11,14
1061,11,8,3
1062,11,4,11
1063,11,16,18
1064,11,3,17
1065,11,8,3
1066,11,8,3
1067,11,11,14
1068,11,6,19
1069,11,3,17
1070,11,3,17
1071,4,15,1
1072,4,16,18
1073,4,8,3
1074,4,1,6
1075,4,14,4
1076,4,9,7
1077,4,9,7
1078,4,6,19
1079,4,3,17
1080,4,2,16
1081,4,1,6
1082,4,3,17
1083,4,3,17
1084,4,11,14
1085,4,11,14
1086,4,16,18
1087,4,10,13
1088,4,13,2
1089,4,18,8
1090,4,1,6
1091,4,2,16
1092,4,3,17
1093,4,15,1
1094,4,11,14
1095,4,17,5
1096,4,16,18
1097,4,15,1
1098,4,9,7
1099,4,9,7
1100,4,11,14
1101,4,16,18
1102,4,14,4
1103,4,8,3
1104,4,6,19
1105,4,16,18
1106,4,18,8
1107,4,19,0
1108,4,3,17
1109,4,14,4
1110,4,18,8
1111,4,16,18
1112,4,3,17
1113,4,14,4
1114,4,1,6
1115,4,14,4
1116,4,11,14
1117,4,14,4
1118,4,4,11
1119,4,16,18
1120,4,3,17
1121,4,16,18
1122,4,2,16
1123,4,14,4
1124,4,16,18
1125,4,16,18
1126,4,3,17
1127,4,13,2
1128,4,11,14
1129,4,1,6
1130,4,16,18
1131,4,11,14
1132,4,3,17
1133,4,18,8
1134,4,3,17
1135,4,4,11
1136,4,18,8
1137,4,7,10
1138,4,14,4
1139,4,4,11
1140,4,15,1
1141,4,15,1
1142,4,15,1
1143,4,16,18
1144,4,16,18
1145,4,13,2
1146,4,11,14
1147,4,4,11
1148,4,16,18
1149,4,3,17
1150,4,15,1
1151,4,11,14
1152,4,2,16
1153,4,1,6
1154,4,3,17
1155,4,12,15
1156,4,14,4
1157,4,17,5
1158,4,16,18
1159,4,11,14
1160,4,14,4
1161,4,3,17
1162,4,3,17
1163,4,8,3
1164,4,7,10
1165,4,3,17
1166,4,17,5
1167,4,3,17
1168,4,15,1
1169,4,1,6
1170,4,11,14
1171,4,11,14
1172,4,3,17
1173,4,6,19
1174,4,3,17
1175,4,11,14
1176,4,4,11
1177,4,2,16
1178,4,3,17
1179,4,14,4
1180,4,3,17
1181,4,4,11
1182,4,3,17
1183,4,3,17
1184,4,17,5
1185,4,18,8
1186,4,9,7
1187,4,1,6
1188,4,2,16
1189,4,14,4
1190,4,9,7
1191,4,19,0
1192,4,18,8
1193,4,1,6
1194,4,9,7
1195,4,14,4
1196,4,14,4
1197,4,11,14
1198,4,10,13
1199,4,16,18
1200,4,3,17
1201,4,16,18
1202,4,3,17
1203,4,8,3
1204,4,4,11
1205,4,5,9
1206,4,18,8
1207,4,3,17
1208,4,1,6
1209,4,14,4
1210,4,19,0
1211,4,4,11
1212,4,14,4
1213,4,3,17
1214,4,2,16
1215,4,5,9
1216,4,9,7
1217,4,16,18
1218,4,17,5
1219,4,5,9
1220,4,7,10
1221,4,14,4
1222,4,16,18
1223,4,16,18
1224,4,3,17
1225,4,5,9
1226,4,19,0
1227,4,11,14
1228,4,16,18
1229,4,1,6
1230,4,3,17
1231,4,10,13
1232,4,18,8
1233,4,7,10
1234,4,10,13
1235,4,16,18
1236,4,16,18
1237,4,13,2
1238,4,5,9
1239,4,14,4
1240,4,16,18
1241,4,6,19
1242,4,3,17
1243,4,3,17
1244,4,11,14
1245,4,13,2
1246,4,18,8
1247,4,3,17
1248,4,3,17
1249,4,3,17
1250,4,16,18
1251,4,13,2
1252,4,3,17
1253,4,18,8
1254,4,16,18
1255,4,6,19
1256,4,3,17
1257,4,3,17
1258,4,1,6
1259,4,14,4
1260,4,11,14
1261,4,16,18
1262,4,11,14
1263,4,5,9
1264,4,14,4
1265,4,16,18
1266,4,3,17
1267,4,13,2
1268,4,1,6
1269,4,11,14
1270,4,17,5
1271,4,3,17
1272,4,16,18
1273,4,16,18
1274,4,3,17
1275,4,3,17
1276,4,3,17
1277,4,5,9
1278,4,6,19
1279,4,16,18
1280,4,19,0
1281,4,3,17
1282,4,4,11
1283,4,7,10
1284,4,17,5
1285,4,14,4
1286,4,14,4
1287,4,10,13
1288,4,5,9
1289,4,16,18
1290,4,3,17
1291,4,11,14
1292,4,3,17
1293,4,14,4
1294,4,13,2
1295,4,16,18
1296,4,3,17
1297,4,8,3
1298,4,17,5
1299,4,14,4
1300,4,5,9
1301,4,12,15
1302,4,10,13
1303,4,16,18
1304,4,5,9
1305,4,3,17
1306,4,3,17
1307,4,10,13
1308,4,3,17
1309,4,1,6
1310,4,3,17
1311,4,3,17
1312,4,9,7
1313,4,14,4
1314,4,3,17
1315,4,3,17
1316,4,2,16
1317,4,19,0
1318,4,5,9
1319,4,17,5
1320,4,14,4
1321,4,19,0
1322,4,11,14
1323,4,0,12
1324,4,16,18
1325,4,17,5
1326,4,3,17
1327,4,16,18
1328,4,15,1
1329,4,9,7
1330,4,16,18
1331,4,3,17
1332,4,19,0
1333,4,3,17
1334,4,2,16
1335,4,16,18
1336,4,3,17
1337,4,16,18
1338,4,15,1
1339,4,19,0
1340,4,16,18
1341,4,3,17
1342,4,15,1
1343,4,2,16
1344,4,8,3
1345,4,3,17
1346,4,19,0
1347,4,3,17
1348,4,16,18
1349,4,18,8
1350,4,3,17
1351,4,13,2
1352,4,3,17
1353,4,11,14
1354,4,1,6
1355,4,3,17
1356,4,3,17
1357,4,16,18
1358,4,19,0
1359,4,14,4
1360,4,3,17
1361,4,6,19
1362,4,3,17
1363,4,9,7
1364,4,16,18
1365,4,3,17
1366,4,11,14
1367,4,2,16
1368,4,8,3
1369,4,3,17
1370,4,16,18
1371,4,8,3
1372,4,16,18
1373,4,16,18
1374,4,16,18
1375,4,16,18
1376,4,2,16
1377,4,5,9
1378,4,6,19
1379,4,6,19
1380,4,9,7
1381,4,9,7
1382,4,3,17
1383,4,4,11
1384,4,14,4
1385,4,14,4
1386,4,2,16
1387,4,13,2
1388,4,6,19
1389,4,19,0
1390,4,16,18
1391,4,15,1
1392,4,5,9
1393,4,3,17
1394,4,16,18
1395,4,6,19
1396,4,10,13
1397,4,15,1
1398,4,3,17
1399,4,3,17
1400,4,17,5
1401,4,6,19
1402,4,7,10
1403,4,10,13
1404,4,4,11
1405,4,16,18
1406,4,3,17
1407,4,16,18
1408,4,16,18
1409,4,11,14
1410,4,14,4
1411,4,3,17
1412,4,16,18
1413,4,16,18
1414,4,4,11
1415,4,9,7
1416,4,6,19
1417,4,13,2
1418,4,4,11
1419,4,1,6
1420,4,1,6
1421,4,9,7
1422,4,8,3
1423,4,1,6
1424,4,11,14
1425,4,6,19
1426,4,16,18
1427,4,4,11
1428,4,3,17
1429,4,13,2
1430,4,9,7
1431,4,2,16
1432,4,6,19
1433,4,11,14
1434,4,9,7
1435,4,3,17
1436,4,3,17
1437,4,5,9
1438,4,14,4
1439,4,13,2
1440,4,10,13
1441,4,16,18
1442,4,19,0
1443,4,5,9
1444,4,16,18
1445,4,16,18
1446,4,5,9
1447,4,9,7
1448,4,16,18
1449,4,17,5
1450,4,11,14
1451,4,3,17
1452,4,3,17
1453,4,3,17
1454,4,16,18
1455,4,4,11
1456,4,6,19
1457,4,16,18
1458,4,16,18
1459,4,15,1
1460,4,15,1
1461,4,0,12
1462,4,16,18
1463,4,5,9
1464,4,15,1
1465,4,14,4
1466,4,3,17
1467,4,14,4
1468,4,3,17
1469,4,19,0
1470,4,3,17
1471,4,16,18
1472,4,3,17
1473,4,3,17
1474,4,16,18
1475,4,4,11
1476,4,19,0
1477,4,17,5
1478,4,11,14
1479,4,19,0
1480,4,8,3
1481,4,9,7
1482,4,16,18
1483,4,16,18
1484,4,11,14
1485,4,4,11
1486,4,3,17
1487,4,15,1
1488,4,15,1
1489,4,16,18
1490,4,3,17
1491,4,13,2
1492,4,6,19
1493,4,11,14
1494,4,16,18
1495,4,5,9
1496,4,1,6
1497,4,19,0
1498,4,16,18
1499,4,8,3
1500,4,18,8
1501,4,14,4
1502,4,3,17
1503,4,9,7
1504,4,3,17
1505,4,16,18
1506,4,14,4
1507,4,18,8
1508,4,16,18
1509,4,16,18
1510,4,3,17
1511,4,7,10
1512,4,3,17
1513,4,3,17
1514,4,19,0
1515,4,4,11
1516,4,16,18
1517,4,9,7
1518,4,1,6
1519,4,14,4
1520,4,6,19
1521,4,3,17
1522,4,13,2
1523,4,7,10
1524,4,17,5
1525,4,9,7
1526,4,11,14
1527,4,16,18
1528,4,15,1
1529,4,14,4
1530,4,10,13
1531,4,16,18
1532,4,16,18
1533,4,19,0
1534,4,13,2
1535,4,8,3
1536,4,5,9
1537,4,6,19
1538,4,16,18
1539,4,19,0
1540,4,3,17
1541,4,1,6
1542,4,0,12
1543,4,11,14
1544,4,6,19
1545,4,2,16
1546,4,3,17
1547,4,11,14
1548,4,3,17
1549,4,16,18
1550,4,3,17
1551,4,5,9
1552,4,12,15
1553,4,18,8
1554,4,15,1
1555,4,5,9
1556,4,8,3
1557,4,4,11
1558,4,16,18
1559,4,5,9
1560,4,5,9
1561,4,4,11
1562,4,16,18
1563,4,11,14
1564,4,10,13
1565,4,18,8
1566,4,17,5
1567,4,6,19
1568,4,17,5
1569,4,1,6
1570,4,17,5
1571,4,4,11
1572,4,6,19
1573,4,16,18
1574,4,2,16
1575,4,2,16
1576,4,16,18
1577,4,13,2
1578,4,15,1
1579,4,5,9
1580,4,9,7
1581,4,5,9
1582,4,3,17
1583,4,11,14
1584,4,14,4
1585,4,1,6
1586,4,3,17
1587,4,11,14
1588,4,3,17
1589,4,4,11
1590,4,2,16
1591,4,10,13
1592,4,3,17
1593,4,5,9
1594,4,10,13
1595,4,16,18
1596,4,4,11
1597,4,3,17
1598,4,4,11
1599,4,15,1
1600,4,1,6
1601,4,19,0
1602,4,16,18
1603,4,11,14
1604,4,13,2
1605,4,5,9
1606,4,15,1
1607,4,11,14
1608,4,3,17
1609,4,5,9
1610,4,16,18
1611,4,6,19
1612,4,16,18
1613,4,3,17
1614,4,9,7
1615,4,3,17
1616,4,1,6
1617,4,10,13
1618,4,17,5
1619,4,11,14
1620,4,2,16
1621,4,0,12
1622,4,17,5
1623,4,14,4
1624,4,17,5
1625,4,3,17
1626,4,16,18
1627,4,3,17
1628,4,11,14
1629,4,3,17
1630,4,14,4
1631,4,11,14
1632,4,15,1
1633,4,18,8
1634,4,9,7
1635,4,3,17
1636,4,9,7
1637,4,3,17
1638,4,16,18
1639,4,10,13
1640,4,1,6
1641,4,0,12
1642,4,19,0
1643,4,3,17
1644,4,16,18
1645,4,16,18
1646,4,3,17
1647,4,5,9
1648,4,11,14
1649,4,3,17
1650,4,3,17
1651,4,18,8
1652,4,18,8
1653,4,19,0
1654,4,5,9
1655,4,1,6
1656,4,3,17
1657,4,0,12
1658,4,16,18
1659,4,11,14
1660,4,11,14
1661,4,13,2
1662,4,9,7
1663,4,0,12
1664,4,16,18
1665,4,16,18
1666,4,5,9
1667,4,6,19
1668,4,16,18
1669,4,12,15
1670,4,5,9
1671,4,1,6
1672,4,3,17
1673,4,3,17
1674,4,3,17
1675,4,13,2
1676,4,9,7
1677,4,3,17
1678,4,17,5
1679,4,10,13
1680,4,3,17
1681,4,11,14
1682,4,14,4
1683,4,6,19
1684,4,16,18
1685,4,4,11
1686,4,3,17
1687,4,10,13
1688,4,9,7
1689,4,19,0
1690,4,0,12
1691,4,14,4
1692,4,6,19
1693,4,3,17
1694,4,4,11
1695,4,16,18
1696,4,6,19
1697,4,6,19
1698,14,6,19
1699,14,5,9
1700,14,3,17
1701,14,3,17
1702,14,16,18
1703,14,4,11
1704,14,19,0
1705,14,1,6
1706,14,11,14
1707,14,4,11
1708,14,14,4
1709,14,3,17
1710,14,14,4
1711,14,3,17
1712,14,3,17
1713,14,2,16
1714,14,3,17
1715,14,15,1
1716,14,19,0
1717,14,14,4
1718,14,16,18
1719,14,16,18
1720,14,16,18
1721,14,3,17
1722,14,3,17
1723,14,5,9
1724,14,3,17
1725,14,3,17
1726,14,18,8
1727,14,16,18
1728,14,6,19
1729,14,6,19
1730,14,1,6
1731,14,0,12
1732,14,6,19
1733,14,18,8
1734,14,5,9
1735,14,14,4
1736,14,3,17
1737,14,19,0
1738,14,18,8
1739,14,17,5
1740,14,3,17
1741,14,5,9
1742,14,14,4
1743,14,15,1
1744,14,8,3
1745,14,16,18
1746,14,3,17
1747,14,3,17
1748,14,9,7
1749,14,15,1
1750,14,3,17
1751,14,3,17
1752,14,3,17
1753,14,3,17
1754,14,9,7
1755,14,10,13
1756,14,16,18
1757,14,8,3
1758,14,14,4
1759,14,3,17
1760,14,9,7
1761,14,19,0
1762,14,3,17
1763,14,9,7
1764,14,16,18
1765,14,16,18
1766,14,8,3
1767,14,4,11
1768,14,0,12
1769,14,11,14
1770,14,2,16
1771,14,16,18
1772,14,3,17
1773,14,19,0
1774,14,16,18
1775,14,7,10
1776,14,10,13
1777,14,15,1
1778,14,3,17
1779,14,3,17
1780,14,5,9
1781,14,11,14
1782,14,11,14
1783,14,1,6
1784,14,18,8
1785,14,1,6
1786,14,17,5
1787,14,1,6
1788,14,3,17
1789,14,2,16
1790,14,16,18
1791,14,19,0
1792,14,2,16
1793,14,1,6
1794,14,16,18
1795,14,3,17
1796,14,3,17
1797,14,3,17
1798,14,3,17
1799,14,10,13
1800,14,13,2
1801,14,7,10
1802,14,13,2
1803,14,4,11
1804,14,16,18
1805,14,9,7
1806,14,16,18
1807,14,17,5
1808,14,11,14
1809,14,16,18
1810,14,9,7
1811,14,16,18
1812,14,14,4
1813,14,9,7
1814,14,9,7
1815,14,7,10
1816,14,9,7
1817,14,16,18
1818,14,3,17
1819,14,3,17
1820,14,1,6
1821,14,15,1
1822,14,16,18
1823,14,1,6
1824,14,3,17
1825,14,11,14
1826,14,11,14
1827,14,16,18
1828,14,5,9
1829,14,13,2
1830,14,9,7
1831,14,4,11
1832,14,16,18
1833,14,5,9
1834,14,1,6
1835,14,16,18
1836,14,4,11
1837,14,0,12
1838,14,2,16
1839,14,18,8
1840,14,14,4
1841,14,3,17
1842,14,1,6
1843,14,13,2
1844,14,15,1
1845,14,3,17
1846,14,9,7
1847,14,1,6
1848,14,14,4
1849,14,5,9
1850,14,11,14
1851,14,7,10
1852,14,13,2
1853,14,11,14
1854,14,11,14
1855,14,17,5
1856,14,16,18
1857,14,16,18
1858,14,3,17
1859,14,14,4
1860,14,11,14
1861,14,1,6
1862,14,3,17
1863,14,9,7
1864,14,14,4
1865,14,3,17
1866,14,3,17
1867,14,19,0
1868,14,3,17
1869,14,11,14
1870,14,4,11
1871,14,4,11
1872,14,0,12
1873,14,11,14
1874,14,19,0
1875,14,13,2
1876,14,3,17
1877,14,1,6
1878,14,3,17
1879,14,19,0
1880,14,3,17
1881,14,15,1
1882,14,9,7
1883,14,13,2
1884,14,19,0
1885,14,19,0
1886,14,4,11
1887,14,6,19
1888,14,19,0
1889,14,3,17
1890,14,5,9
1891,14,2,16
1892,14,4,11
1893,14,5,9
1894,14,16,18
1895,14,11,14
1896,14,14,4
1897,14,16,18
1898,14,3,17
1899,14,5,9
1900,14,14,4
1901,14,17,5
1902,14,3,17
1903,14,9,7
1904,14,16,18
1905,14,5,9
1906,14,15,1
1907,14,15,1
1908,14,6,19
1909,14,3,17
1910,14,7,10
1911,14,3,17
1912,14,16,18
1913,14,11,14
1914,14,2,16
1915,14,15,1
1916,14,2,16
1917,14,3,17
1918,14,5,9
1919,14,0,12
1920,14,5,9
1921,14,18,8
1922,14,3,17
1923,14,18,8
1924,14,16,18
1925,14,11,14
1926,14,6,19
1927,14,11,14
1928,14,4,11
1929,14,14,4
1930,14,16,18
1931,14,11,14
1932,14,19,0
1933,14,11,14
1934,14,15,1
1935,14,5,9
1936,14,11,14
1937,14,15,1
1938,14,5,9
1939,14,18,8
1940,14,3,17
1941,14,11,14
1942,14,15,1
1943,14,15,1
1944,14,5,9
1945,14,19,0
1946,14,19,0
1947,14,4,11
1948,14,9,7
1949,14,14,4
1950,14,4,11
1951,14,2,16
1952,14,4,11
1953,14,3,17
1954,14,6,19
1955,14,3,17
1956,14,10,13
1957,14,8,3
1958,14,18,8
1959,14,3,17
1960,14,3,17
1961,14,18,8
1962,14,5,9
1963,14,16,18
1964,14,17,5
1965,14,11,14
1966,14,13,2
1967,14,0,12
1968,14,3,17
1969,14,11,14
1970,14,16,18
1971,14,1,6
1972,14,13,2
1973,14,17,5
1974,14,13,2
1975,14,1,6
1976,14,1,6
1977,14,16,18
1978,14,16,18
1979,14,19,0
1980,14,3,17
1981,14,14,4
1982,14,16,18
1983,14,0,12
1984,14,15,1
1985,14,11,14
1986,14,7,10
1987,14,16,18
1988,14,8,3
1989,14,1,6
1990,14,17,5
1991,14,13,2
1992,14,1,6
1993,14,19,0
1994,14,16,18
1995,14,6,19
1996,14,4,11
1997,14,4,11
1998,14,5,9
1999,14,14,4
2000,14,14,4
2001,14,11,14
2002,14,18,8
2003,14,11,14
2004,14,1,6
2005,14,7,10
2006,14,13,2
2007,14,16,18
2008,14,3,17
2009,14,13,2
2010,14,5,9
2011,14,15,1
2012,14,11,14
2013,14,3,17
2014,14,1,6
2015,14,13,2
2016,14,13,2
2017,14,11,14
2018,14,16,18
2019,14,9,7
2020,14,9,7
2021,14,16,18
2022,14,3,17
2023,14,16,18
2024,14,16,18
2025,14,19,0
2026,14,6,19
2027,14,11,14
2028,19,8,3
2029,19,19,0
2030,19,3,17
2031,19,4,11
2032,19,11,14
2033,19,6,19
2034,19,11,14
2035,19,10,13
2036,19,3,17
2037,19,18,8
2038,19,19,0
2039,19,3,17
2040,19,6,19
2041,19,13,2
2042,19,9,7
2043,19,1,6
2044,19,5,9
2045,19,1,6
2046,19,1,6
2047,19,6,19
2048,19,3,17
2049,19,14,4
2050,19,6,19
2051,19,3,17
2052,19,10,13
2053,19,11,14
2054,19,11,14
2055,19,3,17
2056,19,11,14
2057,19,16,18
2058,19,17,5
2059,19,16,18
2060,19,14,4
2061,19,7,10
2062,19,11,14
2063,19,3,17
2064,19,13,2
2065,19,16,18
2066,19,19,0
2067,19,4,11
2068,19,14,4
2069,19,17,5
2070,19,3,17
2071,19,3,17
2072,19,15,1
2073,19,17,5
2074,19,11,14
2075,19,19,0
2076,19,7,10
2077,19,13,2
2078,19,3,17
2079,19,4,11
2080,19,17,5
2081,19,3,17
2082,19,16,18
2083,19,6,19
2084,19,6,19
2085,19,16,18
2086,19,9,7
2087,19,16,18
2088,19,16,18
2089,19,15,1
2090,19,19,0
2091,19,14,4
2092,19,13,2
2093,19,5,9
2094,19,0,12
2095,19,7,10
2096,19,11,14
2097,19,4,11
2098,19,13,2
2099,19,19,0
2100,19,3,17
2101,19,7,10
2102,19,3,17
2103,19,3,17
2104,19,8,3
2105,19,7,10
2106,19,16,18
2107,19,3,17
2108,19,16,18
2109,19,3,17
2110,19,3,17
2111,19,6,19
2112,19,16,18
2113,19,3,17
2114,19,11,14
2115,19,6,19
2116,19,3,17
2117,19,14,4
2118,19,19,0
2119,19,11,14
2120,19,3,17
2121,19,3,17
2122,19,11,14
2123,19,16,18
2124,19,2,16
2125,19,3,17
2126,19,14,4
2127,19,11,14
2128,19,4,11
2129,19,10,13
2130,19,16,18
2131,19,2,16
2132,19,4,11
2133,19,3,17
2134,19,3,17
2135,19,16,18
2136,19,3,17
2137,19,4,11
2138,19,0,12
2139,19,2,16
2140,19,3,17
2141,19,11,14
2142,19,18,8
2143,19,19,0
2144,19,8,3
2145,19,18,8
2146,19,4,11
2147,19,14,4
2148,19,0,12
2149,19,7,10
2150,19,3,17
2151,19,16,18
2152,19,10,13
2153,19,0,12
2154,19,3,17
2155,19,14,4
2156,19,12,15
2157,19,1,6
2158,19,19,0
2159,19,3,17
2160,19,16,18
2161,19,1,6
2162,19,2,16
2163,19,13,2
2164,19,3,17
2165,19,3,17
2166,19,3,17
2167,19,3,17
2168,19,9,7
2169,19,16,18
2170,19,7,10
2171,19,14,4
2172,19,15,1
2173,19,3,17
2174,19,9,7
2175,19,16,18
2176,19,6,19
2177,19,18,8
2178,19,3,17
2179,19,7,10
2180,19,3,17
2181,19,3,17
2182,19,1,6
2183,19,3,17
2184,19,15,1
2185,19,15,1
2186,19,18,8
2187,19,10,13
2188,19,8,3
2189,19,3,17
2190,19,17,5
2191,19,6,19
2192,19,17,5
2193,19,18,8
2194,19,17,5
2195,19,15,1
2196,19,2,16
2197,19,3,17
2198,19,1,6
2199,19,11,14
2200,2,14,4
2201,2,6,19
2202,2,6,19
2203,2,6,19
2204,2,16,18
2205,2,3,17
2206,2,14,4
2207,2,13,2
2208,2,3,17
2209,2,1,6
2210,2,14,4
2211,2,19,0
2212,2,3,17
2213,2,0,12
2214,2,18,8
2215,2,11,14
2216,2,3,17
2217,2,2,16
2218,2,2,16
2219,2,4,11
2220,2,3,17
2221,2,16,18
2222,2,2,16
2223,2,19,0
2224,2,17,5
2225,2,5,9
2226,2,3,17
2227,2,13,2
2228,2,11,14
2229,2,18,8
2230,2,3,17
2231,2,3,17
2232,2,3,17
2233,2,4,11
2234,2,18,8
2235,2,3,17
2236,2,6,19
2237,2,16,18
2238,2,9,7
2239,2,19,0
2240,2,16,18
2241,2,11,14
2242,2,13,2
2243,2,13,2
2244,2,14,4
2245,2,10,13
2246,2,3,17
2247,2,8,3
2248,2,16,18
2249,2,13,2
2250,2,16,18
2251,2,5,9
2252,2,3,17
2253,2,16,18
2254,2,16,18
2255,2,5,9
2256,2,16,18
2257,2,7,10
2258,2,19,0
2259,2,16,18
2260,2,7,10
2261,2,19,0
2262,2,3,17
2263,2,4,11
2264,2,11,14
2265,2,16,18
2266,2,1,6
2267,2,6,19
2268,2,9,7
2269,2,3,17
2270,2,5,9
2271,2,18,8
2272,2,1,6
2273,2,16,18
2274,2,17,5
2275,2,2,16
2276,2,3,17
2277,2,18,8
2278,2,3,17
2279,2,19,0
2280,2,16,18
2281,2,7,10
2282,2,14,4
2283,2,9,7
2284,2,11,14
2285,2,6,19
2286,2,3,17
2287,2,8,3
2288,2,4,11
2289,2,9,7
2290,2,11,14
2291,2,16,18
2292,2,9,7
2293,2,17,5
2294,2,15,1
2295,2,3,17
2296,2,9,7
2297,2,14,4
2298,2,14,4
2299,2,5,9
2300,2,1,6
2301,2,3,17
2302,2,3,17
2303,2,14,4
2304,2,3,17
2305,2,11,14
2306,2,6,19
2307,2,16,18
2308,2,8,3
2309,2,3,17
2310,2,18,8
2311,2,14,4
2312,2,1,6
2313,2,3,17
2314,2,3,17
2315,2,3,17
2316,2,9,7
2317,2,6,19
2318,2,13,2
2319,2,7,10
2320,2,9,7
2321,2,16,18
2322,2,8,3
2323,2,16,18
2324,2,19,0
2325,2,19,0
2326,2,13,2
2327,2,8,3
2328,2,2,16
2329,2,14,4
2330,2,7,10
2331,2,19,0
2332,2,16,18
2333,2,3,17
2334,2,16,18
2335,2,3,17
2336,2,11,14
2337,2,16,18
2338,2,6,19
2339,2,8,3
2340,2,10,13
2341,2,3,17
2342,2,3,17
2343,2,1,6
2344,2,15,1
2345,2,3,17
2346,2,3,17
2347,2,11,14
2348,2,16,18
2349,2,11,14
2350,2,9,7
2351,2,17,5
2352,2,3,17
2353,2,8,3
2354,2,16,18
2355,2,3,17
2356,2,3,17
2357,2,16,18
2358,2,11,14
2359,2,13,2
2360,2,16,18
2361,2,19,0
2362,2,3,17
2363,2,3,17
2364,2,19,0
2365,2,18,8
2366,2,4,11
2367,2,11,14
2368,2,6,19
2369,2,16,18
2370,2,10,13
2371,2,13,2
2372,2,3,17
2373,2,3,17
2374,2,8,3
2375,2,16,18
2376,2,3,17
2377,2,13,2
2378,2,16,18
2379,2,3,17
2380,2,13,2
2381,2,9,7
2382,2,5,9
2383,2,16,18
2384,2,3,17
2385,2,13,2
2386,2,1,6
2387,2,15,1
2388,2,6,19
2389,2,6,19
2390,2,1,6
2391,2,1,6
2392,2,13,2
2393,2,5,9
2394,2,18,8
2395,2,19,0
2396,2,1,6
2397,2,19,0
2398,2,3,17
2399,2,2,16
2400,2,3,17
2401,2,8,3
2402,2,14,4
2403,2,9,7
2404,2,1,6
2405,2,10,13
2406,2,16,18
2407,2,14,4
2408,2,1,6
2409,2,15,1
2410,2,8,3
2411,2,11,14
2412,2,14,4
2413,2,10,13
2414,2,5,9
2415,2,11,14
2416,2,16,18
2417,2,3,17
2418,2,10,13
2419,2,3,17
2420,2,19,0
2421,2,11,14
2422,2,7,10
2423,2,4,11
2424,2,9,7
2425,2,6,19
2426,2,16,18
2427,2,11,14
2428,2,15,1
2429,2,3,17
2430,2,3,17
2431,2,13,2
2432,2,3,17
2433,2,10,13
2434,2,10,13
2435,2,5,9
2436,2,3,17
2437,2,16,18
2438,2,16,18
2439,2,5,9
2440,2,3,17
2441,2,3,17
2442,2,9,7
2443,2,1,6
2444,2,5,9
2445,2,14,4
2446,2,16,18
2447,2,19,0
2448,2,13,2
2449,2,8,3
2450,2,15,1
2451,2,13,2
2452,2,4,11
2453,2,3,17
2454,2,6,19
2455,2,11,14
2456,2,1,6
2457,2,4,11
2458,2,3,17
2459,2,1,6
2460,2,9,7
2461,2,3,17
2462,2,16,18
2463,2,16,18
2464,2,3,17
2465,2,1,6
2466,2,13,2
2467,2,1,6
2468,2,3,17
2469,2,18,8
2470,2,14,4
2471,2,3,17
2472,2,15,1
2473,2,11,14
2474,2,1,6
2475,2,19,0
2476,2,12,15
2477,2,1,6
2478,2,17,5
2479,2,10,13
2480,2,1,6
2481,2,12,15
2482,2,12,15
2483,2,16,18
2484,2,18,8
2485,2,16,18
2486,2,12,15
2487,2,2,16
2488,2,4,11
2489,2,2,16
2490,2,16,18
2491,2,18,8
2492,2,16,18
2493,2,13,2
2494,2,11,14
2495,2,4,11
2496,2,11,14
2497,2,16,18
2498,2,5,9
2499,2,14,4
2500,2,3,17
2501,2,15,1
2502,2,5,9
2503,2,16,18
2504,2,3,17
2505,2,16,18
2506,2,10,13
2507,2,8,3
2508,2,9,7
2509,2,2,16
2510,2,11,14
2511,2,18,8
2512,2,14,4
2513,2,3,17
2514,2,16,18
2515,2,10,13
2516,2,3,17
2517,2,18,8
2518,2,18,8
2519,2,12,15
2520,2,3,17
2521,2,3,17
2522,2,9,7
2523,2,5,9
2524,2,16,18
2525,2,3,17
2526,2,16,18
2527,2,5,9
2528,2,3,17
2529,2,14,4
2530,2,3,17
2531,2,11,14
2532,2,15,1
2533,2,13,2
2534,2,6,19
2535,2,3,17
2536,2,16,18
2537,2,3,17
2538,2,6,19
2539,2,7,10
2540,2,10,13
2541,2,3,17
2542,2,15,1
2543,2,19,0
2544,2,18,8
2545,2,10,13
2546,2,4,11
2547,2,12,15
2548,2,3,17
2549,2,3,17
2550,2,2,16
2551,2,15,1
2552,2,15,1
2553,2,9,7
2554,2,3,17
2555,2,2,16
2556,2,7,10
2557,2,6,19
2558,2,11,14
2559,2,15,1
2560,2,3,17
2561,2,2,16
2562,2,16,18
2563,2,14,4
2564,2,2,16
2565,2,1,6
2566,2,13,2
2567,2,5,9
2568,2,3,17
2569,2,14,4
2570,2,4,11
2571,2,3,17
2572,2,9,7
2573,2,19,0
2574,2,16,18
2575,2,9,7
2576,2,16,18
2577,2,3,17
2578,2,11,14
2579,2,9,7
2580,2,14,4
2581,2,3,17
2582,2,16,18
2583,2,9,7
2584,2,13,2
2585,2,13,2
2586,2,4,11
2587,2,9,7
2588,2,2,16
2589,2,15,1
2590,2,6,19
2591,2,14,4
2592,2,11,14
2593,2,17,5
2594,2,3,17
2595,2,3,17
2596,2,5,9
2597,2,1,6
2598,2,3,17
2599,2,18,8
2600,2,9,7
2601,2,11,14
2602,2,5,9
2603,2,3,17
2604,2,1,6
2605,2,16,18
2606,2,19,0
2607,2,5,9
2608,2,5,9
2609,2,19,0
2610,2,3,17
2611,2,10,13
2612,2,16,18
2613,2,5,9
2614,2,3,17
2615,2,6,19
2616,2,15,1
2617,2,15,1
2618,2,13,2
2619,2,5,9
2620,2,14,4
2621,2,5,9
2622,2,4,11
2623,2,9,7
2624,2,3,17
2625,2,19,0
2626,2,2,16
2627,2,5,9
2628,2,5,9
2629,2,3,17
2630,2,19,0
2631,2,16,18
2632,2,13,2
2633,2,3,17
2634,2,5,9
2635,2,15,1
2636,2,6,19
2637,2,13,2
2638,2,16,18
2639,2,3,17
2640,2,3,17
2641,2,5,9
2642,2,19,0
2643,2,19,0
2644,2,17,5
2645,2,18,8
2646,2,19,0
2647,2,6,19
2648,2,3,17
2649,2,19,0
2650,2,3,17
2651,2,18,8
2652,2,6,19
2653,2,14,4
2654,2,3,17
2655,2,3,17
2656,2,17,5
2657,2,13,2
2658,2,19,0
2659,2,2,16
2660,2,3,17
2661,2,17,5
2662,2,3,17
2663,2,13,2
2664,2,3,17
2665,2,17,5
2666,2,16,18
2667,0,19,0
2668,0,5,9
2669,0,9,7
2670,0,11,14
2671,0,3,17
2672,0,5,9
2673,0,3,17
2674,0,13,2
2675,0,19,0
2676,0,14,4
2677,0,17,5
2678,0,2,16
2679,0,15,1
2680,0,3,17
2681,0,16,18
2682,0,18,8
2683,0,19,0
2684,0,16,18
2685,0,3,17
2686,0,5,9
2687,0,17,5
2688,0,3,17
2689,0,11,14
2690,0,3,17
2691,0,3,17
2692,0,15,1
2693,0,2,16
2694,0,16,18
2695,0,15,1
2696,0,1,6
2697,0,4,11
2698,0,3,17
2699,0,5,9
2700,0,17,5
2701,0,19,0
2702,0,5,9
2703,0,14,4
2704,0,15,1
2705,0,5,9
2706,0,16,18
2707,0,13,2
2708,0,5,9
2709,0,5,9
2710,0,6,19
2711,0,3,17
2712,0,19,0
2713,0,5,9
2714,0,5,9
2715,0,1,6
2716,0,19,0
2717,0,5,9
2718,0,6,19
2719,0,3,17
2720,0,16,18
2721,0,2,16
2722,0,16,18
2723,0,9,7
2724,0,19,0
2725,0,10,13
2726,0,5,9
2727,0,14,4
2728,0,16,18
2729,0,3,17
2730,0,3,17
2731,0,14,4
2732,0,5,9
2733,0,5,9
2734,0,13,2
2735,0,13,2
2736,0,15,1
2737,0,9,7
2738,0,5,9
2739,0,5,9
2740,0,4,11
2741,0,19,0
2742,0,14,4
2743,0,11,14
2744,0,18,8
2745,0,3,17
2746,0,19,0
2747,0,3,17
2748,0,13,2
2749,0,19,0
2750,0,13,2
2751,0,16,18
2752,0,16,18
2753,0,5,9
2754,0,15,1
2755,0,3,17
2756,0,14,4
2757,0,16,18
2758,0,5,9
2759,0,19,0
2760,0,3,17
2761,0,9,7
2762,0,1,6
2763,0,11,14
2764,0,16,18
2765,0,3,17
2766,17,5,9
2767,17,11,14
2768,17,5,9
2769,17,19,0
2770,17,16,18
2771,17,3,17
2772,17,4,11
2773,17,16,18
2774,17,13,2
2775,17,3,17
2776,17,16,18
2777,17,16,18
2778,17,9,7
2779,17,3,17
2780,17,18,8
2781,17,13,2
2782,17,19,0
2783,17,19,0
2784,17,19,0
2785,17,16,18
2786,17,15,1
2787,17,13,2
2788,17,13,2
2789,17,3,17
2790,17,9,7
2791,17,9,7
2792,17,3,17
2793,17,0,12
2794,17,5,9
2795,17,9,7
2796,17,17,5
2797,17,5,9
2798,17,19,0
2799,17,4,11
2800,17,19,0
2801,17,13,2
2802,17,14,4
2803,17,9,7
2804,17,19,0
2805,17,9,7
2806,17,1,6
2807,17,14,4
2808,17,4,11
2809,17,5,9
2810,17,4,11
2811,17,9,7
2812,17,14,4
2813,17,19,0
2814,17,19,0
2815,17,14,4
2816,17,15,1
2817,17,3,17
2818,17,3,17
2819,17,3,17
2820,17,3,17
2821,17,5,9
2822,17,3,17
2823,17,9,7
2824,17,14,4
2825,17,5,9
2826,17,5,9
2827,17,3,17
2828,17,3,17
2829,17,15,1
2830,17,19,0
2831,17,9,7
2832,17,9,7
2833,17,3,17
2834,17,7,10
2835,17,5,9
2836,17,16,18
2837,17,18,8
2838,17,19,0
2839,17,2,16
2840,17,2,16
2841,17,3,17
2842,17,5,9
2843,17,3,17
2844,17,15,1
2845,17,9,7
2846,17,13,2
2847,17,9,7
2848,17,1,6
2849,17,15,1
2850,17,16,18
2851,17,15,1
2852,17,13,2
2853,17,17,5
2854,17,4,11
2855,17,3,17
2856,17,3,17
2857,17,5,9
2858,17,15,1
2859,17,5,9
2860,17,9,7
2861,17,9,7
2862,17,3,17
2863,17,6,19
2864,17,3,17
2865,17,3,17
2866,17,5,9
2867,17,19,0
2868,17,3,17
2869,17,16,18
2870,17,19,0
2871,17,14,4
2872,17,15,1
2873,17,9,7
2874,17,5,9
2875,17,3,17
2876,17,19,0
2877,17,17,5
2878,17,16,18
2879,17,3,17
2880,17,3,17
2881,17,10,13
2882,17,9,7
2883,17,3,17
2884,17,3,17
2885,17,11,14
2886,17,5,9
2887,17,11,14
2888,17,19,0
2889,17,19,0
2890,17,16,18
2891,17,16,18
2892,17,5,9
2893,17,19,0
2894,17,14,4
2895,17,11,14
2896,17,1,6
2897,17,15,1
2898,17,3,17
2899,17,3,17
2900,17,6,19
2901,17,5,9
2902,17,5,9
2903,17,16,18
2904,17,10,13
2905,17,14,4
2906,17,16,18
2907,17,5,9
2908,17,17,5
2909,17,15,1
2910,17,19,0
2911,17,19,0
2912,17,16,18
2913,17,5,9
2914,17,19,0
2915,17,10,13
2916,17,18,8
2917,17,13,2
2918,17,19,0
2919,17,10,13
2920,17,1,6
2921,17,16,18
2922,17,5,9
2923,17,9,7
2924,17,2,16
2925,17,5,9
2926,17,3,17
2927,17,1,6
2928,17,6,19
2929,17,10,13
2930,17,17,5
2931,17,3,17
2932,17,16,18
2933,17,3,17
2934,17,5,9
2935,17,3,17
2936,17,5,9
2937,17,19,0
2938,17,16,18
2939,17,19,0
2940,17,15,1
2941,17,13,2
2942,17,16,18
2943,17,14,4
2944,17,15,1
2945,17,16,18
2946,17,2,16
2947,17,3,17
2948,17,17,5
2949,17,13,2
2950,17,15,1
2951,17,17,5
2952,17,17,5
2953,17,1,6
2954,17,3,17
2955,17,15,1
2956,17,19,0
2957,17,13,2
2958,17,3,17
2959,17,9,7
2960,17,3,17
2961,17,14,4
2962,17,5,9
2963,17,5,9
2964,17,15,1
2965,17,19,0
2966,17,3,17
2967,17,9,7
2968,17,14,4
2969,17,13,2
2970,17,5,9
2971,17,3,17
2972,17,14,4
2973,17,11,14
2974,17,4,11
2975,17,3,17
2976,17,1,6
2977,17,16,18
2978,17,19,0
2979,17,19,0
2980,17,3,17
2981,17,16,18
2982,17,2,16
2983,17,14,4
2984,17,5,9
2985,17,9,7
2986,17,3,17
2987,17,13,2
2988,17,5,9
2989,17,3,17
2990,17,3,17
2991,17,0,12
2992,17,5,9
2993,17,19,0
2994,17,6,19
2995,17,3,17
2996,17,6,19
2997,17,13,2
2998,17,9,7
2999,17,15,1
3000,17,3,17
3001,17,3,17
3002,17,16,18
3003,17,14,4
3004,17,19,0
3005,17,1,6
3006,17,5,9
3007,17,9,7
3008,17,3,17
3009,17,5,9
3010,17,15,1
3011,17,6,19
3012,17,16,18
3013,17,11,14
3014,17,5,9
3015,17,17,5
3016,17,17,5
3017,17,5,9
3018,17,3,17
3019,17,4,11
3020,17,16,18
3021,17,3,17
3022,17,16,18
3023,17,14,4
3024,17,19,0
3025,17,3,17
3026,17,14,4
3027,17,17,5
3028,17,13,2
3029,17,9,7
3030,17,16,18
3031,17,15,1
3032,17,5,9
3033,17,19,0
3034,17,5,9
3035,17,15,1
3036,17,19,0
3037,17,9,7
3038,17,5,9
3039,17,9,7
3040,17,13,2
3041,17,5,9
3042,17,13,2
3043,17,15,1
3044,17,6,19
3045,17,9,7
3046,17,6,19
3047,17,4,11
3048,17,16,18
3049,17,16,18
3050,17,3,17
3051,17,13,2
3052,17,1,6
3053,17,5,9
3054,17,3,17
3055,17,5,9
3056,17,11,14
3057,17,14,4
3058,17,13,2
3059,17,2,16
3060,17,3,17
3061,17,17,5
3062,17,5,9
3063,17,3,17
3064,17,1,6
3065,17,5,9
3066,17,3,17
3067,17,11,14
3068,17,13,2
3069,17,3,17
3070,17,16,18
3071,17,5,9
3072,17,9,7
3073,17,16,18
3074,17,9,7
3075,17,19,0
3076,17,3,17
3077,17,19,0
3078,17,1,6
3079,17,19,0
3080,17,11,14
3081,17,9,7
3082,17,3,17
3083,17,14,4
3084,17,9,7
3085,17,19,0
3086,17,3,17
3087,17,9,7
3088,17,3,17
3089,17,14,4
3090,17,13,2
3091,17,3,17
3092,17,3,17
3093,17,14,4
3094,17,1,6
3095,17,13,2
3096,17,14,4
3097,17,9,7
3098,17,1,6
3099,17,3,17
3100,17,1,6
3101,17,3,17
3102,17,3,17
3103,17,15,1
3104,17,16,18
3105,17,14,4
3106,17,3,17
3107,17,4,11
3108,17,19,0
3109,17,9,7
3110,17,3,17
3111,17,14,4
3112,17,11,14
3113,17,9,7
3114,17,13,2
3115,17,3,17
3116,17,4,11
3117,17,19,0
3118,17,5,9
3119,17,5,9
3120,17,14,4
3121,17,19,0
3122,17,3,17
3123,17,3,17
3124,17,14,4
3125,17,16,18
3126,17,1,6
3127,17,6,19
3128,17,15,1
3129,17,16,18
3130,17,17,5
3131,17,17,5
3132,17,5,9
3133,17,14,4
3134,17,1,6
3135,17,3,17
3136,17,14,4
3137,17,18,8
3138,17,5,9
3139,17,15,1
3140,17,5,9
3141,17,19,0
3142,17,3,17
3143,17,2,16
3144,17,19,0
3145,17,11,14
3146,17,9,7
3147,17,9,7
3148,17,3,17
3149,17,19,0
3150,17,11,14
3151,17,13,2
3152,17,5,9
3153,17,16,18
3154,17,3,17
3155,17,3,17
3156,17,3,17
3157,17,11,14
3158,17,19,0
3159,17,3,17
3160,17,19,0
3161,17,3,17
3162,17,15,1
3163,17,17,5
3164,17,5,9
3165,17,16,18
3166,17,9,7
3167,17,15,1
3168,17,5,9
3169,17,3,17
3170,17,3,17
3171,17,15,1
3172,17,13,2
3173,17,2,16
3174,17,3,17
3175,17,16,18
3176,17,7,10
3177,17,3,17
3178,17,3,17
3179,17,19,0
3180,17,5,9
3181,17,13,2
3182,17,3,17
3183,17,5,9
3184,17,6,19
3185,17,3,17
3186,17,16,18
3187,17,9,7
3188,17,13,2
3189,17,6,19
3190,17,5,9
3191,17,14,4
3192,17,3,17
3193,17,16,18
3194,17,5,9
3195,17,5,9
3196,17,19,0
3197,17,5,9
3198,17,1,6
3199,17,3,17
3200,17,4,11
3201,17,13,2
3202,17,15,1
3203,17,6,19
3204,17,5,9
3205,17,5,9
3206,17,5,9
3207,17,15,1
3208,17,13,2
3209,17,1,6
3210,17,15,1
3211,17,3,17
3212,17,5,9
3213,17,3,17
3214,17,3,17
3215,17,15,1
3216,17,1,6
3217,17,5,9
3218,17,5,9
3219,17,9,7
3220,17,9,7
3221,17,5,9
3222,17,16,18
3223,17,5,9
3224,17,1,6
3225,17,17,5
3226,17,5,9
3227,17,3,17
3228,17,16,18
3229,17,3,17
3230,17,9,7
3231,17,3,17
3232,17,3,17
3233,17,15,1
3234,17,13,2
3235,17,9,7
3236,17,3,17
3237,17,9,7
3238,17,19,0
3239,17,1,6
3240,17,9,7
3241,17,3,17
3242,17,3,17
3243,17,6,19
3244,17,5,9
3245,17,3,17
3246,17,3,17
3247,17,15,1
3248,17,3,17
3249,17,9,7
3250,17,15,1
3251,17,5,9
3252,17,3,17
3253,17,5,9
3254,17,3,17
3255,17,5,9
3256,17,3,17
3257,17,19,0
3258,17,3,17
3259,17,1,6
3260,17,5,9
3261,17,18,8
3262,17,3,17
3263,17,5,9
3264,17,15,1
3265,17,17,5
3266,17,3,17
3267,17,19,0
3268,17,4,11
3269,17,1,6
3270,17,15,1
3271,17,3,17
3272,17,16,18
3273,17,17,5
3274,17,5,9
3275,17,9,7
3276,17,9,7
3277,17,5,9
3278,17,3,17
3279,17,14,4
3280,17,3,17
3281,17,6,19
3282,17,9,7
3283,17,3,17
3284,17,5,9
3285,17,9,7
3286,17,1,6
3287,17,17,5
3288,17,5,9
3289,17,9,7
3290,17,6,19
3291,17,14,4
3292,17,19,0
3293,17,3,17
3294,17,11,14
3295,17,16,18
3296,17,9,7
3297,17,15,1
3298,17,3,17
3299,17,3,17
3300,17,3,17
3301,17,19,0
3302,17,14,4
3303,17,3,17
3304,17,9,7
3305,17,16,18
3306,17,18,8
3307,17,14,4
3308,17,3,17
3309,17,3,17
3310,17,13,2
3311,17,19,0
3312,17,14,4
3313,17,6,19
3314,17,1,6
3315,17,5,9
3316,17,3,17
3317,17,17,5
3318,17,16,18
3319,17,3,17
3320,17,5,9
3321,17,3,17
3322,17,4,11
3323,17,5,9
3324,17,6,19
3325,17,14,4
3326,17,6,19
3327,17,13,2
3328,17,5,9
3329,17,3,17
3330,17,7,10
3331,17,5,9
3332,17,16,18
3333,17,9,7
3334,17,4,11
3335,17,1,6
3336,17,3,17
3337,17,11,14
3338,17,3,17
3339,17,1,6
3340,17,19,0
3341,17,5,9
3342,17,3,17
3343,17,3,17
3344,17,16,18
3345,17,16,18
3346,17,19,0
3347,17,3,17
3348,17,19,0
3349,17,8,3
3350,17,15,1
3351,17,3,17
3352,17,16,18
3353,17,18,8
3354,17,19,0
3355,17,9,7
3356,17,16,18
3357,17,3,17
3358,17,3,17
3359,17,3,17
3360,17,3,17
3361,17,19,0
3362,17,3,17
3363,17,14,4
3364,17,16,18
3365,17,3,17
3366,17,5,9
3367,17,6,19
3368,17,9,7
3369,17,16,18
3370,17,1,6
3371,17,5,9
3372,17,1,6
3373,17,19,0
3374,17,3,17
3375,17,3,17
3376,17,2,16
3377,17,5,9
3378,17,9,7
3379,17,5,9
3380,17,16,18
3381,17,3,17
3382,17,13,2
3383,17,17,5
3384,17,2,16
3385,17,11,14
3386,17,5,9
3387,17,5,9
3388,17,19,0
3389,17,3,17
3390,17,15,1
3391,17,11,14
3392,17,9,7
3393,17,3,17
3394,17,5,9
3395,17,3,17
3396,17,1,6
3397,17,5,9
3398,17,19,0
3399,17,3,17
3400,17,4,11
3401,17,2,16
3402,17,15,1
3403,17,9,7
3404,17,3,17
3405,17,15,1
3406,17,14,4
3407,17,14,4
3408,17,3,17
3409,17,4,11
3410,17,5,9
3411,17,0,12
3412,17,19,0
3413,17,19,0
3414,17,15,1
3415,17,9,7
3416,17,13,2
3417,17,17,5
3418,17,9,7
3419,17,17,5
3420,17,5,9
3421,17,19,0
3422,17,3,17
3423,17,3,17
3424,17,4,11
3425,17,19,0
3426,17,9,7
3427,17,16,18
3428,17,19,0
3429,17,17,5
3430,17,19,0
3431,17,16,18
3432,17,3,17
3433,17,17,5
3434,17,6,19
3435,17,19,0
3436,17,13,2
3437,17,5,9
3438,17,16,18
3439,17,15,1
3440,17,16,18
3441,17,13,2
3442,17,19,0
3443,17,3,17
3444,17,3,17
3445,17,11,14
3446,17,19,0
3447,17,1,6
3448,17,19,0
3449,17,16,18
3450,17,3,17
3451,17,19,0
3452,17,3,17
3453,17,3,17
3454,17,5,9
3455,17,5,9
3456,17,1,6
3457,17,15,1
3458,17,9,7
3459,17,15,1
3460,17,5,9
3461,17,13,2
3462,17,15,1
3463,17,3,17
3464,17,13,2
3465,17,13,2
3466,17,5,9
3467,17,9,7
3468,17,10,13
3469,17,13,2
3470,17,3,17
3471,17,19,0
3472,17,14,4
3473,17,4,11
3474,17,1,6
3475,17,11,14
3476,17,8,3
3477,17,4,11
3478,17,3,17
3479,17,9,7
3480,17,3,17
3481,17,1,6
3482,17,3,17
3483,17,2,16
3484,17,15,1
3485,17,9,7
3486,17,5,9
3487,17,16,18
3488,17,19,0
3489,17,3,17
3490,17,14,4
3491,17,5,9
3492,17,17,5
3493,17,19,0
3494,17,9,7
3495,17,9,7
3496,17,15,1
3497,17,15,1
3498,17,3,17
3499,17,17,5
3500,17,9,7
3501,17,13,2
3502,17,6,19
3503,17,19,0
3504,17,17,5
3505,17,15,1
3506,17,3,17
3507,17,1,6
3508,17,9,7
3509,17,1,6
3510,17,13,2
3511,17,9,7
3512,17,3,17
3513,17,9,7
3514,17,3,17
3515,17,3,17
3516,17,5,9
3517,17,19,0
3518,17,15,1
3519,17,16,18
3520,17,3,17
3521,17,16,18
3522,17,3,17
3523,17,10,13
3524,17,3,17
3525,17,13,2
3526,17,13,2
3527,17,3,17
3528,17,19,0
3529,17,16,18
3530,17,1,6
3531,17,3,17
3532,17,16,18
3533,17,13,2
3534,17,3,17
3535,17,16,18
3536,17,11,14
3537,17,9,7
3538,17,19,0
3539,17,5,9
3540,17,13,2
3541,17,3,17
3542,17,1,6
3543,17,5,9
3544,17,18,8
3545,17,5,9
3546,17,6,19
3547,17,3,17
3548,17,3,17
3549,17,3,17
3550,17,19,0
3551,17,6,19
3552,17,8,3
3553,17,16,18
3554,17,19,0
3555,17,1,6
3556,17,3,17
3557,17,15,1
3558,17,11,14
3559,17,3,17
3560,17,5,9
3561,17,3,17
3562,17,5,9
3563,17,19,0
3564,17,3,17
3565,17,19,0
3566,17,16,18
3567,17,17,5
3568,17,18,8
3569,17,19,0
3570,17,9,7
3571,17,3,17
3572,17,19,0
3573,17,2,16
3574,17,3,17
3575,17,5,9
3576,17,5,9
3577,17,8,3
3578,17,9,7
3579,17,16,18
3580,17,5,9
3581,17,16,18
3582,17,3,17
3583,17,19,0
3584,17,16,18
3585,17,3,17
3586,17,17,5
3587,17,17,5
3588,17,15,1
3589,17,1,6
3590,17,5,9
3591,17,15,1
3592,17,3,17
3593,17,19,0
3594,17,17,5
3595,17,3,17
3596,17,3,17
3597,17,5,9
3598,17,9,7
3599,17,19,0
3600,17,3,17
3601,17,11,14
3602,17,9,7
3603,17,16,18
3604,17,5,9
3605,17,2,16
3606,17,16,18
3607,17,13,2
3608,17,9,7
3609,17,3,17
3610,17,3,17
3611,17,9,7
3612,17,3,17
3613,17,16,18
3614,17,5,9
3615,17,3,17
3616,17,11,14
3617,17,13,2
3618,17,17,5
3619,17,13,2
3620,17,17,5
3621,17,19,0
3622,17,14,4
3623,17,11,14
3624,17,19,0
3625,17,5,9
3626,17,3,17
3627,17,19,0
3628,17,14,4
3629,17,3,17
3630,17,16,18
3631,17,16,18
3632,17,3,17
3633,17,3,17
3634,17,5,9
3635,17,1,6
3636,17,19,0
3637,17,1,6
3638,17,14,4
3639,17,13,2
3640,17,19,0
3641,17,9,7
3642,17,3,17
3643,17,16,18
3644,17,15,1
3645,17,1,6
3646,17,16,18
3647,17,16,18
3648,17,15,1
3649,17,11,14
3650,17,17,5
3651,17,15,1
3652,17,13,2
3653,17,16,18
3654,17,5,9
3655,17,19,0
3656,17,3,17
3657,17,5,9
3658,17,3,17
3659,17,3,17
3660,17,10,13
3661,17,15,1
3662,17,4,11
3663,17,3,17
3664,17,16,18
3665,17,5,9
3666,17,19,0
3667,17,5,9
3668,17,16,18
3669,17,3,17
3670,17,5,9
3671,17,3,17
3672,17,16,18
3673,17,5,9
3674,17,3,17
3675,17,3,17
3676,17,7,10
3677,17,3,17
3678,17,16,18
3679,17,5,9
3680,17,5,9
3681,17,14,4
3682,17,18,8
3683,17,17,5
3684,17,16,18
3685,17,19,0
3686,17,3,17
3687,17,3,17
3688,17,11,14
3689,17,9,7
3690,17,17,5
3691,17,3,17
3692,17,10,13
3693,17,14,4
3694,17,19,0
3695,17,7,10
3696,17,9,7
3697,17,9,7
3698,17,19,0
3699,17,5,9
3700,17,19,0
3701,17,5,9
3702,17,2,16
3703,17,16,18
3704,17,3,17
3705,17,3,17
3706,17,3,17
3707,17,1,6
3708,17,5,9
3709,17,14,4
3710,17,3,17
3711,17,6,19
3712,17,16,18
3713,17,1,6
3714,17,15,1
3715,17,5,9
3716,17,13,2
3717,17,3,17
3718,17,3,17
3719,17,19,0
3720,17,9,7
3721,17,15,1
3722,17,11,14
3723,17,19,0
3724,17,8,3
3725,17,9,7
3726,17,3,17
3727,17,3,17
3728,17,3,17
3729,17,14,4
3730,17,5,9
3731,17,5,9
3732,17,14,4
3733,17,16,18
3734,17,6,19
3735,17,5,9
3736,17,5,9
3737,17,3,17
3738,17,16,18
3739,17,1,6
3740,17,15,1
3741,17,18,8
3742,17,3,17
3743,17,18,8
3744,17,3,17
3745,17,3,17
3746,17,14,4
3747,17,13,2
3748,17,18,8
3749,17,19,0
3750,17,3,17
3751,17,5,9
3752,17,3,17
3753,17,9,7
3754,17,14,4
3755,17,5,9
3756,17,16,18
3757,17,5,9
3758,17,9,7
3759,17,5,9
3760,17,1,6
3761,17,6,19
3762,17,8,3
3763,17,5,9
3764,17,3,17
3765,17,17,5
3766,17,3,17
3767,17,15,1
3768,17,5,9
3769,17,9,7
3770,17,3,17
3771,17,2,16
3772,17,3,17
3773,17,19,0
3774,17,3,17
3775,17,5,9
3776,17,16,18
3777,17,16,18
3778,17,16,18
3779,17,3,17
3780,17,6,19
3781,17,16,18
3782,17,6,19
3783,17,19,0
3784,17,3,17
3785,17,17,5
3786,17,6,19
3787,17,17,5
3788,17,3,17
3789,17,5,9
3790,17,5,9
3791,17,11,14
3792,17,9,7
3793,17,5,9
3794,17,17,5
3795,17,3,17
3796,17,3,17
3797,17,3,17
3798,17,3,17
3799,17,14,4
3800,17,19,0
3801,17,5,9
3802,17,13,2
3803,17,16,18
3804,17,3,17
3805,17,16,18
3806,17,3,17
3807,17,6,19
3808,17,14,4
3809,17,9,7
3810,17,19,0
3811,17,11,14
3812,17,3,17
3813,17,5,9
3814,17,19,0
3815,17,13,2
3816,17,9,7
3817,17,5,9
3818,17,3,17
3819,17,17,5
3820,17,5,9
3821,17,14,4
3822,17,3,17
3823,17,16,18
3824,17,19,0
3825,17,17,5
3826,17,5,9
3827,17,4,11
3828,17,16,18
3829,17,14,4
3830,17,5,9
3831,17,5,9
3832,17,3,17
3833,17,6,19
3834,17,3,17
3835,17,2,16
3836,17,5,9
3837,17,11,14
3838,17,3,17
3839,17,15,1
3840,17,9,7
3841,17,6,19
3842,17,3,17
3843,17,1,6
3844,17,3,17
3845,17,9,7
3846,17,14,4
3847,17,13,2
3848,17,15,1
3849,17,11,14
3850,17,5,9
3851,17,13,2
3852,17,15,1
3853,17,16,18
3854,17,3,17
3855,17,9,7
3856,17,3,17
3857,17,5,9
3858,17,3,17
3859,17,5,9
3860,17,16,18
3861,17,3,17
3862,17,18,8
3863,17,19,0
3864,17,5,9
3865,17,5,9
3866,17,3,17
3867,17,17,5
3868,17,5,9
3869,17,4,11
3870,17,3,17
3871,17,15,1
3872,17,16,18
3873,17,13,2
3874,17,9,7
3875,17,9,7
3876,17,9,7
3877,17,15,1
3878,17,14,4
3879,17,16,18
3880,17,14,4
3881,17,16,18
3882,17,15,1
3883,17,14,4
3884,17,3,17
3885,17,2,16
3886,17,3,17
3887,17,0,12
3888,17,3,17
3889,17,5,9
3890,17,16,18
3891,17,13,2
3892,17,3,17
3893,17,5,9
3894,17,15,1
3895,17,16,18
3896,17,3,17
3897,17,13,2
3898,17,16,18
3899,17,3,17
3900,17,5,9
3901,17,3,17
3902,17,5,9
3903,17,16,18
3904,17,14,4
3905,17,2,16
3906,17,5,9
3907,17,15,1
3908,17,5,9
3909,17,5,9
3910,17,18,8
3911,17,3,17
3912,17,13,2
3913,17,6,19
3914,17,15,1
3915,17,9,7
3916,17,16,18
3917,17,9,7
3918,17,3,17
3919,17,3,17
3920,17,3,17
3921,17,3,17
3922,17,16,18
3923,17,19,0
3924,17,16,18
3925,17,3,17
3926,17,9,7
3927,17,1,6
3928,17,16,18
3929,17,5,9
3930,17,13,2
3931,17,3,17
3932,17,6,19
3933,17,3,17
3934,17,15,1
3935,17,19,0
3936,17,3,17
3937,17,9,7
3938,17,16,18
3939,17,9,7
3940,17,3,17
3941,17,13,2
3942,17,14,4
3943,17,5,9
3944,17,14,4
3945,17,3,17
3946,17,11,14
3947,17,13,2
3948,17,5,9
3949,17,15,1
3950,18,5,9
3951,18,17,5
3952,18,5,9
3953,18,17,5
3954,18,14,4
3955,18,4,11
3956,18,19,0
3957,18,16,18
3958,18,15,1
3959,18,15,1
3960,18,9,7
3961,18,6,19
3962,18,19,0
3963,18,3,17
3964,18,5,9
3965,18,5,9
3966,18,9,7
3967,18,3,17
3968,18,14,4
3969,18,13,2
3970,18,5,9
3971,18,3,17
3972,18,15,1
3973,18,9,7
3974,18,11,14
3975,18,11,14
3976,18,3,17
3977,18,14,4
3978,18,3,17
3979,18,2,16
3980,18,19,0
3981,18,19,0
3982,18,3,17
3983,18,3,17
3984,18,19,0
3985,18,17,5
3986,18,3,17
3987,18,14,4
3988,18,3,17
3989,18,15,1
3990,18,18,8
3991,18,5,9
3992,18,5,9
3993,18,5,9
3994,18,16,18
3995,18,16,18
3996,18,3,17
3997,18,4,11
3998,18,5,9
3999,18,19,0
4000,18,7,10
4001,18,5,9
4002,18,3,17
4003,18,13,2
4004,18,5,9
4005,18,13,2
4006,18,1,6
4007,18,1,6
4008,18,9,7
4009,18,5,9
4010,18,3,17
4011,18,5,9
4012,18,19,0
4013,18,5,9
4014,18,8,3
4015,18,6,19
4016,18,3,17
4017,18,9,7
4018,18,19,0
4019,18,7,10
4020,18,19,0
4021,18,9,7
4022,18,3,17
4023,18,5,9
4024,18,3,17
4025,18,9,7
4026,18,6,19
4027,18,11,14
4028,18,19,0
4029,18,5,9
4030,18,5,9
4031,18,13,2
4032,18,9,7
4033,18,3,17
4034,18,16,18
4035,18,5,9
4036,18,5,9
4037,18,11,14
4038,18,5,9
4039,18,3,17
4040,18,3,17
4041,18,5,9
4042,18,9,7
4043,18,5,9
4044,18,13,2
4045,18,9,7
4046,18,19,0
4047,18,14,4
4048,18,10,13
4049,18,19,0
4050,18,3,17
4051,18,3,17
4052,18,3,17
4053,18,19,0
4054,18,16,18
4055,18,17,5
4056,18,16,18
4057,18,3,17
4058,18,3,17
4059,18,2,16
4060,18,5,9
4061,18,16,18
4062,18,19,0
4063,18,16,18
4064,18,19,0
4065,18,3,17
4066,18,15,1
4067,18,5,9
4068,18,5,9
4069,18,19,0
4070,18,5,9
4071,18,3,17
4072,18,16,18
4073,18,5,9
4074,18,3,17
4075,18,1,6
4076,18,13,2
4077,18,3,17
4078,18,5,9
4079,18,19,0
4080,18,19,0
4081,18,15,1
4082,18,5,9
4083,18,19,0
4084,18,3,17
4085,18,5,9
4086,18,5,9
4087,18,5,9
4088,18,9,7
4089,18,13,2
4090,18,14,4
4091,18,9,7
4092,18,2,16
4093,18,6,19
4094,18,3,17
4095,18,5,9
4096,18,14,4
4097,18,9,7
4098,18,16,18
4099,18,4,11
4100,18,5,9
4101,18,15,1
4102,18,3,17
4103,18,13,2
4104,18,3,17
4105,18,5,9
4106,18,3,17
4107,18,3,17
4108,18,9,7
4109,18,16,18
4110,18,3,17
4111,18,3,17
4112,18,3,17
4113,18,9,7
4114,18,14,4
4115,18,17,5
4116,18,16,18
4117,18,6,19
4118,18,11,14
4119,18,3,17
4120,18,9,7
4121,18,19,0
4122,18,19,0
4123,18,3,17
4124,18,3,17
4125,18,13,2
4126,18,19,0
4127,18,13,2
4128,18,11,14
4129,18,9,7
4130,18,19,0
4131,18,14,4
4132,18,13,2
4133,18,19,0
4134,18,9,7
4135,18,15,1
4136,18,17,5
4137,18,9,7
4138,18,13,2
4139,18,15,1
4140,18,3,17
4141,18,5,9
4142,18,13,2
4143,18,5,9
4144,18,3,17
4145,18,3,17
4146,18,3,17
4147,18,16,18
4148,18,3,17
4149,18,16,18
4150,18,17,5
4151,18,19,0
4152,18,5,9
4153,18,13,2
4154,18,3,17
4155,18,3,17
4156,18,19,0
4157,18,15,1
4158,18,1,6
4159,18,19,0
4160,18,3,17
4161,18,9,7
4162,18,3,17
4163,18,5,9
4164,18,14,4
4165,18,3,17
4166,18,3,17
4167,18,3,17
4168,18,19,0
4169,18,19,0
4170,18,2,16
4171,18,14,4
4172,18,15,1
4173,18,3,17
4174,18,1,6
4175,18,16,18
4176,18,3,17
4177,18,3,17
4178,18,5,9
4179,18,6,19
4180,18,14,4
4181,18,3,17
4182,18,3,17
4183,18,5,9
4184,18,13,2
4185,18,17,5
4186,18,15,1
4187,18,2,16
4188,18,17,5
4189,18,9,7
4190,18,3,17
4191,18,15,1
4192,18,1,6
4193,18,5,9
4194,18,19,0
4195,18,6,19
4196,18,3,17
4197,18,16,18
4198,18,2,16
4199,18,3,17
4200,18,13,2
4201,18,5,9
4202,18,16,18
4203,18,9,7
4204,18,1,6
4205,18,15,1
4206,18,16,18
4207,18,14,4
4208,18,13,2
4209,18,3,17
4210,18,14,4
4211,18,11,14
4212,18,14,4
4213,18,3,17
4214,18,6,19
4215,18,16,18
4216,18,3,17
4217,18,13,2
4218,18,17,5
4219,18,18,8
4220,18,2,16
4221,18,19,0
4222,18,10,13
4223,18,3,17
4224,18,16,18
4225,18,15,1
4226,18,17,5
4227,18,9,7
4228,18,13,2
4229,18,14,4
4230,18,19,0
4231,18,16,18
4232,18,5,9
4233,18,5,9
4234,18,13,2
4235,18,6,19
4236,18,10,13
4237,18,19,0
4238,18,1,6
4239,18,4,11
4240,18,17,5
4241,18,3,17
4242,18,5,9
4243,18,9,7
4244,18,16,18
4245,18,6,19
4246,18,17,5
4247,18,3,17
4248,18,16,18
4249,18,3,17
4250,18,3,17
4251,18,5,9
4252,18,5,9
4253,18,1,6
4254,18,11,14
4255,18,3,17
4256,18,13,2
4257,18,16,18
4258,18,8,3
4259,18,5,9
4260,18,5,9
4261,18,14,4
4262,18,3,17
4263,18,9,7
4264,18,2,16
4265,18,19,0
4266,18,9,7
4267,18,3,17
4268,18,9,7
4269,18,6,19
4270,18,16,18
4271,18,3,17
4272,18,3,17
4273,18,3,17
4274,18,16,18
4275,18,3,17
4276,18,3,17
4277,18,3,17
4278,18,13,2
4279,18,3,17
4280,18,15,1
4281,18,3,17
4282,18,11,14
4283,18,16,18
4284,18,3,17
4285,18,17,5
4286,18,3,17
4287,18,3,17
4288,18,5,9
4289,18,3,17
4290,18,3,17
4291,18,3,17
4292,18,19,0
4293,18,14,4
4294,18,19,0
4295,18,3,17
4296,18,16,18
4297,18,9,7
4298,18,4,11
4299,18,5,9
4300,18,9,7
4301,18,16,18
4302,18,15,1
4303,18,4,11
4304,18,16,18
4305,18,12,15
4306,18,13,2
4307,18,9,7
4308,18,3,17
4309,18,9,7
4310,18,3,17
4311,18,3,17
4312,18,5,9
4313,18,3,17
4314,18,13,2
4315,18,16,18
4316,18,9,7
4317,18,3,17
4318,18,5,9
4319,18,5,9
4320,18,19,0
4321,18,0,12
4322,18,3,17
4323,18,16,18
4324,18,3,17
4325,18,6,19
4326,18,6,19
4327,18,5,9
4328,18,3,17
4329,18,3,17
4330,18,16,18
4331,18,11,14
4332,18,3,17
4333,18,3,17
4334,18,13,2
4335,18,16,18
4336,18,19,0
4337,18,13,2
4338,18,3,17
4339,18,5,9
4340,18,15,1
4341,18,3,17
4342,18,5,9
4343,18,18,8
4344,18,16,18
4345,18,5,9
4346,18,14,4
4347,18,13,2
4348,18,16,18
4349,18,19,0
4350,18,5,9
4351,18,3,17
4352,18,3,17
4353,18,16,18
4354,18,16,18
4355,18,5,9
4356,18,3,17
4357,18,19,0
4358,18,5,9
4359,18,3,17
4360,18,13,2
4361,18,9,7
4362,18,3,17
4363,18,0,12
4364,18,9,7
4365,18,2,16
4366,18,5,9
4367,18,3,17
4368,18,3,17
4369,18,5,9
4370,18,16,18
4371,18,16,18
4372,18,15,1
4373,18,3,17
4374,18,5,9
4375,18,15,1
4376,18,4,11
4377,18,14,4
4378,18,15,1
4379,18,11,14
4380,18,6,19
4381,18,19,0
4382,18,14,4
4383,18,1,6
4384,18,14,4
4385,18,10,13
4386,18,3,17
4387,18,9,7
4388,18,19,0
4389,18,5,9
4390,18,13,2
4391,18,13,2
4392,18,3,17
4393,18,5,9
4394,18,5,9
4395,18,14,4
4396,18,15,1
4397,18,11,14
4398,18,3,17
4399,18,3,17
4400,18,3,17
4401,18,19,0
4402,18,16,18
4403,18,19,0
4404,18,3,17
4405,18,3,17
4406,18,13,2
4407,18,15,1
4408,18,14,4
4409,18,5,9
4410,18,5,9
4411,18,17,5
4412,18,3,17
4413,18,16,18
4414,18,19,0
4415,18,19,0
4416,18,17,5
4417,18,14,4
4418,18,4,11
4419,18,9,7
4420,18,19,0
4421,18,3,17
4422,18,14,4
4423,18,19,0
4424,18,11,14
4425,18,15,1
4426,18,4,11
4427,18,11,14
4428,18,9,7
4429,18,1,6
4430,18,17,5
4431,18,13,2
4432,18,5,9
4433,18,5,9
4434,18,3,17
4435,18,9,7
4436,18,13,2
4437,18,19,0
4438,18,9,7
4439,18,15,1
4440,18,3,17
4441,18,17,5
4442,18,1,6
4443,18,19,0
4444,18,3,17
4445,18,14,4
4446,18,4,11
4447,18,3,17
4448,18,14,4
4449,18,14,4
4450,18,19,0
4451,18,5,9
4452,18,3,17
4453,18,5,9
4454,18,14,4
4455,18,14,4
4456,18,11,14
4457,18,1,6
4458,18,5,9
4459,18,11,14
4460,18,15,1
4461,18,19,0
4462,18,3,17
4463,18,19,0
4464,18,11,14
4465,18,5,9
4466,18,16,18
4467,18,13,2
4468,18,9,7
4469,18,13,2
4470,18,13,2
4471,18,3,17
4472,18,15,1
4473,18,3,17
4474,18,3,17
4475,18,5,9
4476,18,15,1
4477,18,16,18
4478,18,3,17
4479,18,3,17
4480,18,19,0
4481,18,3,17
4482,18,13,2
4483,18,15,1
4484,18,3,17
4485,18,3,17
4486,18,11,14
4487,18,3,17
4488,18,15,1
4489,18,1,6
4490,18,16,18
4491,18,18,8
4492,18,19,0
4493,18,8,3
4494,18,16,18
4495,18,16,18
4496,18,16,18
4497,18,5,9
4498,18,3,17
4499,18,17,5
4500,18,1,6
4501,18,5,9
4502,18,5,9
4503,18,19,0
4504,18,5,9
4505,18,15,1
4506,18,5,9
4507,18,5,9
4508,18,16,18
4509,18,3,17
4510,18,3,17
4511,18,5,9
4512,18,15,1
4513,18,19,0
4514,18,19,0
4515,18,16,18
4516,18,3,17
4517,18,6,19
4518,18,19,0
4519,18,17,5
4520,18,5,9
4521,18,5,9
4522,18,5,9
4523,18,18,8
4524,18,11,14
4525,18,5,9
4526,18,3,17
4527,18,3,17
4528,18,14,4
4529,18,15,1
4530,18,1,6
4531,18,3,17
4532,18,3,17
4533,18,9,7
4534,18,14,4
4535,18,19,0
4536,18,5,9
4537,18,16,18
4538,18,3,17
4539,18,5,9
4540,18,11,14
4541,18,18,8
4542,18,3,17
4543,18,5,9
4544,18,15,1
4545,18,14,4
4546,18,9,7
4547,18,14,4
4548,18,3,17
4549,18,3,17
4550,18,5,9
4551,18,11,14
4552,18,3,17
4553,18,6,19
4554,18,9,7
4555,18,2,16
4556,18,3,17
4557,18,13,2
4558,18,9,7
4559,18,3,17
4560,18,1,6
4561,18,9,7
4562,18,17,5
4563,18,13,2
4564,18,4,11
4565,18,3,17
4566,18,3,17
4567,18,19,0
4568,18,9,7
4569,18,3,17
4570,18,16,18
4571,18,9,7
4572,18,3,17
4573,18,3,17
4574,18,3,17
4575,18,11,14
4576,18,17,5
4577,18,13,2
4578,18,9,7
4579,18,5,9
4580,18,3,17
4581,18,3,17
4582,18,3,17
4583,18,9,7
4584,18,2,16
4585,18,19,0
4586,18,3,17
4587,18,3,17
4588,18,14,4
4589,18,1,6
4590,18,11,14
4591,18,3,17
4592,18,15,1
4593,18,19,0
4594,18,3,17
4595,18,8,3
4596,18,15,1
4597,18,9,7
4598,18,5,9
4599,18,15,1
4600,18,16,18
4601,18,5,9
4602,18,14,4
4603,18,2,16
4604,18,5,9
4605,18,13,2
4606,18,15,1
4607,18,11,14
4608,18,11,14
4609,18,3,17
4610,18,3,17
4611,18,16,18
4612,18,0,12
4613,18,3,17
4614,18,3,17
4615,18,19,0
4616,18,3,17
4617,18,5,9
4618,18,6,19
4619,18,9,7
4620,18,3,17
4621,18,3,17
4622,18,3,17
4623,18,6,19
4624,18,15,1
4625,18,3,17
4626,18,3,17
4627,18,1,6
4628,18,14,4
4629,18,17,5
4630,18,1,6
4631,18,5,9
4632,18,16,18
4633,18,3,17
4634,18,10,13
4635,18,3,17
4636,18,5,9
4637,18,6,19
4638,18,19,0
4639,18,3,17
4640,18,9,7
4641,18,9,7
4642,18,3,17
4643,18,9,7
4644,18,13,2
4645,18,3,17
4646,18,3,17
4647,18,5,9
4648,18,8,3
4649,18,15,1
4650,18,5,9
4651,18,11,14
4652,18,19,0
4653,18,3,17
4654,18,4,11
4655,18,3,17
4656,18,3,17
4657,18,19,0
4658,18,15,1
4659,18,13,2
4660,18,3,17
4661,18,3,17
4662,18,5,9
4663,18,3,17
4664,18,3,17
4665,18,10,13
4666,18,3,17
4667,18,13,2
4668,18,5,9
4669,18,9,7
4670,18,15,1
4671,18,3,17
4672,18,9,7
4673,18,5,9
4674,18,3,17
4675,18,6,19
4676,18,4,11
4677,18,19,0
4678,18,5,9
4679,18,13,2
4680,18,2,16
4681,18,3,17
4682,18,6,19
4683,18,11,14
4684,18,14,4
4685,18,15,1
4686,18,3,17
4687,18,5,9
4688,18,16,18
4689,18,15,1
4690,18,6,19
4691,18,9,7
4692,18,5,9
4693,18,15,1
4694,18,5,9
4695,18,14,4
4696,18,5,9
4697,18,17,5
4698,18,15,1
4699,18,3,17
4700,18,13,2
4701,18,17,5
4702,18,9,7
4703,18,9,7
4704,18,13,2
4705,18,9,7
4706,18,2,16
4707,18,14,4
4708,18,19,0
4709,18,9,7
4710,18,14,4
4711,18,9,7
4712,18,16,18
4713,18,3,17
4714,18,14,4
4715,18,3,17
4716,18,3,17
4717,18,15,1
4718,18,3,17
4719,18,15,1
4720,18,11,14
4721,18,3,17
4722,18,19,0
4723,18,9,7
4724,18,16,18
4725,18,18,8
4726,18,3,17
4727,18,14,4
4728,18,15,1
4729,18,3,17
4730,18,19,0
4731,18,3,17
4732,18,19,0
4733,18,9,7
4734,18,19,0
4735,18,6,19
4736,18,3,17
4737,18,3,17
4738,18,6,19
4739,18,19,0
4740,18,9,7
4741,18,15,1
4742,18,19,0
4743,18,5,9
4744,18,17,5
4745,18,3,17
4746,18,3,17
4747,18,6,19
4748,18,10,13
4749,18,15,1
4750,18,5,9
4751,18,19,0
4752,18,5,9
4753,18,16,18
4754,18,13,2
4755,18,5,9
4756,18,5,9
4757,18,13,2
4758,18,15,1
4759,18,19,0
4760,18,3,17
4761,18,19,0
4762,18,15,1
4763,18,3,17
4764,18,3,17
4765,18,3,17
4766,18,9,7
4767,18,3,17
4768,18,8,3
4769,18,3,17
4770,18,13,2
4771,18,13,2
4772,18,17,5
4773,18,3,17
4774,18,3,17
4775,18,6,19
4776,18,11,14
4777,18,5,9
4778,18,9,7
4779,18,5,9
4780,18,13,2
4781,18,5,9
4782,18,6,19
4783,18,19,0
4784,18,3,17
4785,18,19,0
4786,18,16,18
4787,18,3,17
4788,18,14,4
4789,18,19,0
4790,18,3,17
4791,18,16,18
4792,18,6,19
4793,18,4,11
4794,18,14,4
4795,18,16,18
4796,18,13,2
4797,18,3,17
4798,18,3,17
4799,18,5,9
4800,18,13,2
4801,18,3,17
4802,18,4,11
4803,18,8,3
4804,18,15,1
4805,18,14,4
4806,18,3,17
4807,18,16,18
4808,18,17,5
4809,18,3,17
4810,18,3,17
4811,18,16,18
4812,18,19,0
4813,18,16,18
4814,18,3,17
4815,18,5,9
4816,18,15,1
4817,18,3,17
4818,18,3,17
4819,18,5,9
4820,18,7,10
4821,18,19,0
4822,18,17,5
4823,18,3,17
4824,18,15,1
4825,18,3,17
4826,18,2,16
4827,18,14,4
4828,18,3,17
4829,18,9,7
4830,18,3,17
4831,18,3,17
4832,18,13,2
4833,18,19,0
4834,18,3,17
4835,18,7,10
4836,18,15,1
4837,18,19,0
4838,18,3,17
4839,18,13,2
4840,18,13,2
4841,18,5,9
4842,18,16,18
4843,18,6,19
4844,18,3,17
4845,18,3,17
4846,18,2,16
4847,18,3,17
4848,18,11,14
4849,18,17,5
4850,18,5,9
4851,18,13,2
4852,18,19,0
4853,18,1,6
4854,18,5,9
4855,18,17,5
4856,18,3,17
4857,18,5,9
4858,18,17,5
4859,18,3,17
4860,18,6,19
4861,18,17,5
4862,18,15,1
4863,18,3,17
4864,18,3,17
4865,18,13,2
4866,18,15,1
4867,18,3,17
4868,18,14,4
4869,18,13,2
4870,18,13,2
4871,18,19,0
4872,18,9,7
4873,18,5,9
4874,18,3,17
4875,18,6,19
4876,18,3,17
4877,18,3,17
4878,18,5,9
4879,18,19,0
4880,18,15,1
4881,18,15,1
4882,18,10,13
4883,18,5,9
4884,18,16,18
4885,18,9,7
4886,18,16,18
4887,18,16,18
4888,18,3,17
4889,18,14,4
4890,18,6,19
4891,18,9,7
4892,18,5,9
4893,18,3,17
4894,18,9,7
4895,18,5,9
4896,18,16,18
4897,18,3,17
4898,18,19,0
4899,18,1,6
4900,18,19,0
4901,18,3,17
4902,18,17,5
4903,18,15,1
4904,18,5,9
4905,18,3,17
4906,18,16,18
4907,18,3,17
4908,18,3,17
4909,18,3,17
4910,18,5,9
4911,18,3,17
4912,18,19,0
4913,18,11,14
4914,18,9,7
4915,18,9,7
4916,18,10,13
4917,18,5,9
4918,18,3,17
4919,18,3,17
4920,18,2,16
4921,18,2,16
4922,18,9,7
4923,18,3,17
4924,18,6,19
4925,18,3,17
4926,18,11,14
4927,18,5,9
4928,18,19,0
4929,18,3,17
4930,18,18,8
4931,18,9,7
4932,18,5,9
4933,18,5,9
4934,18,3,17
4935,18,3,17
4936,18,3,17
4937,18,11,14
4938,18,5,9
4939,18,3,17
4940,18,19,0
4941,18,17,5
4942,18,3,17
4943,18,2,16
4944,18,1,6
4945,18,3,17
4946,18,5,9
4947,18,9,7
4948,18,5,9
4949,18,1,6
4950,18,5,9
4951,18,19,0
4952,18,11,14
4953,18,6,19
4954,18,11,14
4955,18,3,17
4956,18,19,0
4957,18,13,2
4958,18,3,17
4959,18,14,4
4960,18,6,19
4961,18,5,9
4962,18,2,16
4963,18,8,3
4964,18,3,17
4965,18,3,17
4966,18,11,14
4967,18,17,5
4968,18,16,18
4969,18,5,9
4970,18,17,5
4971,18,13,2
4972,18,5,9
4973,18,2,16
4974,18,18,8
4975,18,19,0
4976,18,19,0
4977,18,14,4
4978,18,5,9
4979,18,10,13
4980,18,10,13
4981,18,17,5
4982,18,15,1
4983,18,16,18
4984,18,19,0
4985,18,13,2
4986,18,19,0
4987,18,3,17
4988,18,1,6
4989,18,3,17
4990,18,16,18
4991,18,19,0
4992,18,13,2
4993,18,13,2
4994,18,19,0
4995,18,3,17
4996,18,1,6
4997,18,5,9
4998,18,15,1
4999,18,17,5
5000,18,13,2
5001,18,19,0
5002,18,16,18
5003,18,3,17
5004,18,2,16
5005,18,14,4
5006,18,3,17
5007,18,14,4
5008,18,0,12
5009,18,15,1
5010,18,15,1
5011,18,3,17
5012,18,19,0
5013,18,3,17
5014,18,19,0
5015,18,9,7
5016,18,16,18
5017,18,19,0
5018,18,17,5
5019,18,3,17
5020,18,17,5
5021,18,14,4
5022,18,16,18
5023,18,19,0
5024,18,16,18
5025,18,19,0
5026,18,15,1
5027,18,19,0
5028,18,3,17
5029,18,13,2
5030,18,3,17
5031,18,5,9
5032,18,3,17
5033,18,5,9
5034,18,9,7
5035,18,9,7
5036,18,3,17
5037,18,3,17
5038,18,3,17
5039,18,9,7
5040,18,6,19
5041,18,16,18
5042,18,3,17
5043,18,3,17
5044,18,3,17
5045,18,13,2
5046,18,14,4
5047,18,11,14
5048,18,13,2
5049,18,3,17
5050,18,19,0
5051,18,19,0
5052,18,16,18
5053,18,2,16
5054,18,16,18
5055,18,16,18
5056,18,16,18
5057,18,14,4
5058,18,16,18
5059,18,11,14
5060,18,10,13
5061,18,16,18
5062,18,3,17
5063,18,7,10
5064,18,17,5
5065,18,16,18
5066,18,17,5
5067,18,16,18
5068,18,18,8
5069,18,3,17
5070,18,16,18
5071,18,16,18
5072,18,1,6
5073,18,19,0
5074,18,16,18
5075,18,15,1
5076,18,14,4
5077,18,18,8
5078,18,4,11
5079,18,14,4
5080,18,4,11
5081,18,11,14
5082,18,16,18
5083,18,13,2
5084,18,16,18
5085,18,16,18
5086,18,14,4
5087,18,3,17
5088,18,16,18
5089,18,16,18
5090,18,6,19
5091,18,9,7
5092,18,9,7
5093,18,19,0
5094,18,11,14
5095,18,13,2
5096,18,4,11
5097,18,5,9
5098,18,3,17
5099,18,3,17
5100,18,11,14
5101,18,13,2
5102,18,15,1
5103,18,3,17
5104,18,16,18
5105,18,14,4
5106,18,16,18
5107,18,19,0
5108,18,19,0
5109,18,5,9
5110,18,7,10
5111,18,16,18
5112,18,6,19
5113,18,11,14
5114,18,11,14
5115,18,4,11
5116,18,14,4
5117,18,19,0
5118,18,16,18
5119,18,11,14
5120,18,15,1
5121,18,12,15
5122,18,16,18
5123,18,5,9
5124,18,16,18
5125,18,14,4
5126,18,5,9
5127,18,9,7
5128,18,4,11
5129,18,14,4
5130,18,17,5
5131,18,3,17
5132,18,9,7
5133,18,13,2
5134,18,16,18
5135,18,3,17
5136,18,16,18
5137,18,16,18
5138,18,9,7
5139,18,9,7
5140,18,17,5
5141,18,15,1
5142,18,4,11
5143,18,6,19
5144,18,6,19
5145,18,18,8
5146,18,5,9
5147,18,18,8
5148,18,16,18
5149,18,4,11
5150,18,16,18
5151,18,19,0
5152,18,16,18
5153,18,9,7
5154,18,10,13
5155,18,3,17
5156,18,15,1
5157,18,9,7
5158,18,16,18
5159,18,6,19
5160,18,16,18
5161,18,19,0
5162,18,16,18
5163,18,18,8
5164,18,0,12
5165,18,13,2
5166,18,16,18
5167,18,11,14
5168,18,16,18
5169,18,3,17
5170,18,16,18
5171,18,6,19
5172,18,3,17
5173,18,16,18
5174,18,16,18
5175,18,16,18
5176,18,3,17
5177,18,16,18
5178,18,16,18
5179,18,17,5
5180,18,3,17
5181,18,5,9
5182,18,1,6
5183,18,5,9
5184,18,16,18
5185,18,19,0
5186,18,10,13
5187,18,3,17
5188,18,8,3
5189,18,0,12
5190,18,5,9
5191,18,16,18
5192,18,16,18
5193,18,3,17
5194,18,3,17
5195,18,16,18
5196,18,1,6
5197,18,5,9
5198,18,11,14
5199,18,16,18
5200,18,15,1
5201,18,3,17
5202,18,16,18
5203,18,11,14
5204,18,5,9
5205,18,10,13
5206,18,16,18
5207,18,19,0
5208,18,16,18
5209,18,9,7
5210,18,9,7
5211,18,16,18
5212,18,13,2
5213,18,6,19
5214,18,16,18
5215,18,9,7
5216,18,1,6
5217,18,19,0
5218,18,15,1
5219,18,14,4
5220,18,16,18
5221,18,8,3
5222,18,13,2
5223,18,19,0
5224,18,6,19
5225,18,16,18
5226,18,4,11
5227,18,16,18
5228,18,3,17
5229,18,1,6
5230,18,18,8
5231,18,1,6
5232,18,9,7
5233,18,16,18
5234,18,3,17
5235,18,5,9
5236,18,16,18
5237,18,14,4
5238,18,19,0
5239,18,9,7
5240,18,16,18
5241,18,16,18
5242,18,3,17
5243,18,15,1
5244,18,19,0
5245,18,14,4
5246,18,16,18
5247,18,18,8
5248,18,19,0
5249,18,16,18
5250,18,5,9
5251,18,16,18
5252,18,17,5
5253,18,3,17
5254,18,6,19
5255,18,16,18
5256,18,4,11
5257,18,3,17
5258,18,19,0
5259,18,14,4
5260,18,8,3
5261,18,14,4
5262,18,16,18
5263,18,14,4
5264,18,19,0
5265,18,11,14
5266,18,3,17
5267,18,11,14
5268,18,3,17
5269,18,5,9
5270,18,3,17
5271,18,4,11
5272,18,16,18
5273,18,14,4
5274,18,16,18
5275,18,3,17
5276,18,9,7
5277,18,5,9
5278,18,5,9
5279,18,19,0
5280,18,13,2
5281,18,4,11
5282,18,16,18
5283,18,13,2
5284,18,13,2
5285,18,16,18
5286,18,14,4
5287,18,14,4
5288,18,13,2
5289,18,16,18
5290,18,14,4
5291,18,12,15
5292,18,1,6
5293,18,18,8
5294,18,13,2
5295,18,3,17
5296,18,16,18
5297,18,16,18
5298,18,7,10
5299,18,1,6
5300,18,8,3
5301,18,11,14
5302,18,15,1
5303,18,4,11
5304,18,4,11
5305,18,16,18
5306,18,5,9
5307,18,16,18
5308,18,14,4
5309,18,16,18
5310,18,16,18
5311,18,16,18
5312,18,17,5
5313,18,5,9
5314,18,15,1
5315,18,10,13
5316,18,16,18
5317,18,14,4
5318,18,2,16
5319,18,5,9
5320,18,2,16
5321,18,12,15
5322,18,16,18
5323,18,15,1
5324,18,19,0
5325,18,14,4
5326,18,1,6
5327,18,5,9
5328,18,11,14
5329,18,16,18
5330,18,16,18
5331,18,19,0
5332,18,19,0
5333,18,15,1
5334,18,14,4
5335,18,16,18
5336,18,16,18
5337,18,11,14
5338,18,14,4
5339,18,18,8
5340,18,5,9
5341,18,13,2
5342,18,15,1
5343,18,14,4
5344,18,3,17
5345,18,16,18
5346,18,5,9
5347,18,3,17
5348,18,16,18
5349,18,3,17
5350,18,16,18
5351,18,3,17
5352,18,5,9
5353,18,11,14
5354,18,2,16
5355,18,16,18
5356,18,16,18
5357,18,4,11
5358,18,3,17
5359,18,3,17
5360,18,5,9
5361,18,18,8
5362,18,16,18
5363,18,16,18
5364,18,1,6
5365,18,4,11
5366,18,13,2
5367,18,5,9
5368,18,5,9
5369,18,5,9
5370,18,9,7
5371,18,1,6
5372,18,8,3
5373,18,11,14
5374,18,3,17
5375,18,6,19
5376,18,3,17
5377,18,2,16
5378,18,11,14
5379,18,16,18
5380,18,18,8
5381,18,1,6
5382,18,4,11
5383,18,16,18
5384,18,18,8
5385,18,1,6
5386,18,5,9
5387,18,16,18
5388,18,5,9
5389,18,19,0
5390,18,11,14
5391,18,3,17
5392,18,15,1
5393,18,3,17
5394,18,16,18
5395,18,2,16
5396,18,3,17
5397,18,3,17
5398,18,17,5
5399,18,11,14
5400,18,16,18
5401,18,16,18
5402,18,16,18
5403,18,11,14
5404,18,16,18
5405,18,11,14
5406,18,15,1
5407,18,0,12
5408,18,13,2
5409,18,5,9
5410,18,1,6
5411,18,9,7
5412,18,19,0
5413,18,1,6
5414,18,16,18
5415,18,1,6
5416,18,16,18
5417,18,14,4
5418,18,1,6
5419,18,3,17
5420,18,11,14
5421,18,4,11
5422,18,9,7
5423,18,9,7
5424,18,3,17
5425,18,17,5
5426,18,17,5
5427,18,3,17
5428,18,18,8
5429,18,5,9
5430,18,3,17
5431,18,16,18
5432,18,13,2
5433,18,16,18
5434,18,16,18
5435,18,16,18
5436,18,1,6
5437,18,16,18
5438,18,5,9
5439,18,15,1
5440,18,3,17
5441,18,15,1
5442,18,16,18
5443,18,11,14
5444,18,3,17
5445,18,5,9
5446,18,1,6
5447,18,6,19
5448,18,0,12
5449,18,19,0
5450,18,18,8
5451,18,13,2
5452,18,16,18
5453,18,5,9
5454,18,1,6
5455,18,1,6
5456,18,16,18
5457,18,3,17
5458,18,11,14
5459,18,3,17
5460,18,16,18
5461,18,17,5
5462,18,5,9
5463,18,5,9
5464,18,14,4
5465,18,19,0
5466,18,5,9
5467,18,9,7
5468,18,3,17
5469,18,5,9
5470,18,16,18
5471,18,3,17
5472,18,8,3
5473,18,14,4
5474,18,18,8
5475,18,17,5
5476,18,19,0
5477,18,11,14
5478,18,12,15
5479,18,18,8
5480,18,4,11
5481,18,16,18
5482,18,11,14
5483,18,16,18
5484,18,19,0
5485,18,16,18
5486,18,13,2
5487,18,5,9
5488,18,6,19
5489,18,5,9
5490,18,16,18
5491,18,13,2
5492,18,18,8
5493,18,12,15
5494,18,16,18
5495,18,16,18
5496,18,16,18
5497,18,16,18
5498,18,16,18
5499,18,13,2
5500,18,4,11
5501,18,16,18
5502,18,6,19
5503,18,16,18
5504,18,5,9
5505,18,5,9
5506,18,16,18
5507,18,5,9
5508,18,6,19
5509,18,3,17
5510,18,6,19
5511,18,3,17
5512,18,3,17
5513,18,3,17
5514,18,16,18
5515,18,12,15
5516,18,16,18
5517,18,1,6
5518,18,11,14
5519,18,5,9
5520,18,2,16
5521,18,16,18
5522,18,6,19
5523,18,14,4
5524,18,16,18
5525,18,7,10
5526,18,12,15
5527,18,6,19
5528,18,16,18
5529,18,14,4
5530,18,3,17
5531,18,14,4
5532,18,19,0
5533,18,16,18
5534,18,13,2
5535,18,14,4
5536,18,18,8
5537,18,1,6
5538,18,3,17
5539,18,16,18
5540,18,16,18
5541,18,1,6
5542,18,16,18
5543,18,16,18
5544,18,17,5
5545,18,9,7
5546,18,9,7
5547,18,3,17
5548,18,13,2
5549,18,16,18
5550,18,3,17
5551,18,3,17
5552,18,9,7
5553,18,14,4
5554,18,6,19
5555,18,16,18
5556,18,13,2
5557,18,1,6
5558,18,5,9
5559,18,9,7
5560,18,16,18
5561,18,16,18
5562,18,5,9
5563,18,4,11
5564,18,10,13
5565,18,0,12
5566,18,6,19
5567,18,16,18
5568,18,11,14
5569,18,16,18
5570,18,8,3
5571,18,1,6
5572,18,15,1
5573,18,19,0
5574,18,4,11
5575,18,19,0
5576,18,3,17
5577,18,11,14
5578,18,16,18
5579,18,6,19
5580,18,8,3
5581,18,11,14
5582,18,3,17
5583,18,5,9
5584,18,19,0
5585,18,14,4
5586,18,14,4
5587,18,5,9
5588,18,8,3
5589,18,18,8
5590,18,18,8
5591,18,6,19
5592,18,5,9
5593,18,16,18
5594,18,15,1
5595,18,19,0
5596,18,1,6
5597,18,19,0
5598,18,1,6
5599,18,5,9
5600,18,1,6
5601,18,1,6
5602,18,9,7
5603,18,9,7
5604,18,4,11
5605,18,1,6
5606,18,11,14
5607,18,11,14
5608,18,13,2
5609,18,3,17
5610,18,16,18
5611,18,9,7
5612,18,14,4
5613,18,11,14
5614,18,16,18
5615,18,9,7
5616,18,1,6
5617,18,16,18
5618,18,16,18
5619,18,11,14
5620,18,4,11
5621,18,11,14
5622,18,15,1
5623,18,16,18
5624,18,3,17
5625,18,6,19
5626,18,11,14
5627,18,1,6
5628,18,14,4
5629,18,16,18
5630,18,5,9
5631,18,13,2
5632,18,11,14
5633,18,1,6
5634,18,16,18
5635,18,8,3
5636,18,19,0
5637,18,5,9
5638,18,15,1
5639,18,3,17
5640,18,7,10
5641,18,16,18
5642,18,10,13
5643,18,17,5
5644,18,15,1
5645,18,11,14
5646,18,6,19
5647,18,5,9
5648,18,16,18
5649,18,11,14
5650,18,6,19
5651,18,5,9
5652,18,6,19
5653,18,11,14
5654,18,16,18
5655,18,1,6
5656,18,16,18
5657,18,18,8
5658,18,2,16
5659,18,10,13
5660,18,6,19
5661,18,16,18
5662,18,11,14
5663,18,11,14
5664,18,13,2
5665,18,3,17
5666,18,14,4
5667,18,18,8
5668,18,16,18
5669,18,16,18
5670,18,3,17
5671,18,3,17
5672,18,16,18
5673,18,19,0
5674,18,14,4
5675,18,9,7
5676,18,14,4
5677,18,16,18
5678,18,4,11
5679,18,5,9
5680,18,16,18
5681,18,5,9
5682,18,3,17
5683,18,11,14
5684,18,5,9
5685,18,8,3
5686,18,5,9
5687,18,9,7
5688,18,17,5
5689,18,6,19
5690,18,6,19
5691,18,19,0
5692,18,3,17
5693,18,5,9
5694,18,10,13
5695,18,3,17
5696,18,11,14
5697,18,16,18
5698,18,19,0
5699,18,4,11
5700,18,17,5
5701,18,4,11
5702,18,1,6
5703,18,18,8
5704,18,19,0
5705,18,18,8
5706,18,18,8
5707,18,7,10
5708,18,16,18
5709,18,6,19
5710,18,12,15
5711,18,3,17
5712,18,4,11
5713,18,16,18
5714,18,3,17
5715,18,16,18
5716,18,14,4
5717,18,19,0
5718,18,6,19
5719,18,13,2
5720,18,5,9
5721,18,11,14
5722,18,16,18
5723,18,4,11
5724,18,17,5
5725,18,0,12
5726,18,16,18
5727,18,11,14
5728,18,6,19
5729,18,17,5
5730,18,16,18
5731,18,5,9
5732,18,17,5
5733,18,16,18
5734,18,17,5
5735,18,11,14
5736,18,17,5
5737,18,10,13
5738,18,15,1
5739,18,11,14
5740,18,11,14
5741,18,3,17
5742,18,4,11
5743,18,19,0
5744,18,16,18
5745,18,14,4
5746,18,16,18
5747,18,5,9
5748,18,9,7
5749,18,5,9
5750,18,19,0
5751,18,1,6
5752,18,5,9
5753,18,6,19
5754,18,10,13
5755,18,19,0
5756,18,16,18
5757,18,13,2
5758,18,3,17
5759,18,7,10
5760,18,15,1
5761,18,19,0
5762,18,8,3
5763,18,11,14
5764,18,17,5
5765,18,19,0
5766,18,14,4
5767,18,16,18
5768,18,6,19
5769,18,1,6
5770,18,12,15
5771,18,1,6
5772,18,16,18
5773,18,4,11
5774,18,5,9
5775,18,9,7
5776,18,3,17
5777,18,6,19
5778,18,1,6
5779,18,5,9
5780,18,1,6
5781,18,3,17
5782,18,5,9
5783,18,4,11
5784,18,18,8
5785,18,16,18
5786,18,14,4
5787,18,19,0
5788,18,1,6
5789,18,3,17
5790,18,11,14
5791,18,16,18
5792,18,4,11
5793,18,16,18
5794,18,11,14
5795,18,19,0
5796,18,4,11
5797,18,18,8
5798,18,9,7
5799,18,14,4
5800,18,5,9
5801,18,11,14
5802,18,11,14
5803,18,16,18
5804,18,3,17
5805,18,5,9
5806,18,1,6
5807,18,1,6
5808,18,15,1
5809,18,17,5
5810,18,10,13
5811,18,3,17
5812,18,10,13
5813,18,19,0
5814,18,5,9
5815,18,9,7
5816,18,3,17
5817,18,8,3
5818,18,3,17
5819,18,6,19
5820,18,18,8
5821,18,14,4
5822,18,18,8
5823,18,3,17
5824,18,16,18
5825,18,16,18
5826,18,6,19
5827,18,15,1
5828,18,16,18
5829,18,3,17
5830,18,4,11
5831,18,5,9
5832,18,16,18
5833,18,6,19
5834,18,0,12
5835,18,10,13
5836,18,5,9
5837,18,1,6
5838,18,3,17
5839,18,16,18
5840,18,5,9
5841,18,3,17
5842,18,13,2
5843,18,1,6
5844,18,4,11
5845,18,16,18
5846,18,1,6
5847,18,4,11
5848,18,16,18
5849,18,3,17
5850,18,16,18
5851,18,16,18
5852,18,16,18
5853,18,16,18
5854,18,19,0
5855,18,16,18
5856,18,16,18
5857,18,16,18
5858,18,2,16
5859,18,5,9
5860,18,5,9
5861,18,1,6
5862,18,3,17
5863,18,14,4
5864,18,13,2
5865,18,1,6
5866,18,11,14
5867,18,16,18
5868,18,15,1
5869,18,1,6
5870,18,10,13
5871,18,3,17
5872,18,5,9
5873,18,9,7
5874,18,15,1
5875,18,3,17
5876,18,3,17
5877,18,18,8
5878,18,9,7
5879,18,16,18
5880,18,11,14
5881,18,11,14
5882,18,5,9
5883,18,8,3
5884,18,16,18
5885,18,5,9
5886,18,0,12
5887,18,17,5
5888,18,3,17
5889,18,16,18
5890,18,16,18
5891,18,19,0
5892,18,19,0
5893,18,3,17
5894,18,1,6
5895,18,3,17
5896,18,5,9
5897,18,3,17
5898,18,4,11
5899,18,1,6
5900,18,2,16
5901,18,5,9
5902,18,5,9
5903,18,3,17
5904,18,11,14
5905,18,3,17
5906,18,13,2
5907,18,6,19
5908,18,10,13
5909,18,11,14
5910,18,9,7
5911,18,14,4
5912,18,19,0
5913,18,16,18
5914,18,16,18
5915,18,3,17
5916,18,16,18
5917,18,9,7
5918,18,3,17
5919,18,8,3
5920,18,9,7
5921,18,18,8
5922,18,17,5
5923,18,16,18
5924,18,16,18
5925,18,13,2
5926,18,16,18
5927,18,15,1
5928,18,4,11
5929,18,19,0
5930,18,1,6
5931,18,16,18
5932,18,15,1
5933,18,13,2
5934,18,16,18
5935,18,16,18
5936,18,16,18
5937,18,9,7
5938,18,17,5
5939,18,6,19
5940,18,3,17
5941,18,5,9
5942,18,16,18
5943,18,10,13
5944,18,5,9
5945,18,16,18
5946,18,12,15
5947,18,9,7
5948,18,11,14
5949,18,19,0
5950,18,14,4
5951,18,16,18
5952,18,6,19
5953,18,9,7
5954,18,9,7
5955,18,10,13
5956,18,16,18
5957,18,16,18
5958,18,18,8
5959,18,7,10
5960,18,5,9
5961,18,3,17
5962,18,16,18
5963,18,11,14
5964,18,11,14
5965,18,16,18
5966,18,16,18
5967,18,9,7
5968,18,14,4
5969,18,15,1
5970,18,1,6
5971,18,19,0
5972,18,5,9
5973,18,16,18
5974,18,16,18
5975,18,19,0
5976,18,9,7
5977,18,16,18
5978,18,3,17
5979,18,13,2
5980,18,13,2
5981,18,13,2
5982,18,13,2
5983,18,13,2
5984,18,14,4
5985,18,12,15
5986,18,3,17
5987,18,3,17
5988,18,1,6
5989,18,3,17
5990,18,19,0
5991,18,11,14
5992,18,13,2
5993,18,3,17
5994,18,5,9
5995,18,16,18
5996,18,16,18
5997,18,5,9
5998,18,11,14
5999,18,9,7
6000,18,18,8
6001,18,15,1
6002,18,2,16
6003,18,8,3
6004,18,16,18
6005,18,5,9
6006,18,14,4
6007,18,14,4
6008,18,1,6
6009,18,11,14
6010,18,5,9
6011,18,9,7
6012,18,1,6
6013,18,16,18
6014,18,3,17
6015,18,6,19
6016,18,6,19
6017,18,3,17
6018,18,3,17
6019,18,3,17
6020,18,16,18
6021,18,14,4
6022,18,13,2
6023,18,16,18
6024,18,14,4
6025,18,16,18
6026,18,16,18
6027,18,19,0
6028,18,18,8
6029,18,14,4
6030,18,9,7
6031,18,6,19
6032,18,11,14
6033,18,6,19
6034,18,9,7
6035,18,6,19
6036,18,4,11
6037,18,4,11
6038,18,5,9
6039,18,19,0
6040,18,1,6
6041,18,5,9
6042,18,16,18
6043,18,13,2
6044,18,16,18
6045,18,19,0
6046,18,5,9
6047,18,18,8
6048,18,4,11
6049,18,3,17
6050,18,3,17
6051,18,5,9
6052,18,14,4
6053,18,16,18
6054,18,3,17
6055,18,13,2
6056,18,5,9
6057,18,11,14
6058,18,19,0
6059,18,4,11
6060,18,11,14
6061,18,16,18
6062,18,19,0
6063,18,3,17
6064,18,14,4
6065,18,14,4
6066,18,3,17
6067,18,3,17
6068,18,16,18
6069,18,11,14
6070,18,19,0
6071,18,6,19
6072,18,8,3
6073,18,5,9
6074,18,3,17
6075,18,10,13
6076,18,5,9
6077,18,13,2
6078,18,1,6
6079,18,13,2
6080,18,5,9
6081,18,3,17
6082,18,4,11
6083,18,3,17
6084,18,3,17
6085,18,11,14
6086,18,19,0
6087,18,8,3
6088,18,14,4
6089,18,11,14
6090,18,3,17
6091,18,11,14
6092,18,11,14
6093,18,14,4
6094,18,3,17
6095,18,16,18
6096,18,11,14
6097,18,14,4
6098,18,13,2
6099,18,19,0
6100,18,3,17
6101,18,9,7
6102,18,13,2
6103,18,19,0
6104,18,16,18
6105,18,18,8
6106,18,11,14
6107,18,19,0
6108,18,16,18
6109,18,18,8
6110,18,6,19
6111,18,19,0
6112,18,3,17
6113,18,10,13
6114,18,1,6
6115,18,2,16
6116,18,3,17
6117,18,16,18
6118,18,16,18
6119,18,2,16
6120,18,1,6
6121,18,18,8
6122,18,9,7
6123,18,11,14
6124,18,5,9
6125,18,11,14
6126,18,16,18
6127,18,17,5
6128,18,15,1
6129,18,16,18
6130,18,11,14
6131,18,16,18
6132,18,1,6
6133,18,8,3
6134,18,4,11
6135,18,1,6
6136,18,6,19
6137,18,9,7
6138,18,16,18
6139,18,14,4
6140,18,6,19
6141,18,3,17
6142,18,10,13
6143,18,5,9
6144,18,9,7
6145,18,16,18
6146,18,2,16
6147,18,1,6
6148,18,13,2
6149,18,3,17
6150,18,13,2
6151,18,13,2
6152,18,16,18
6153,18,16,18
6154,18,16,18
6155,18,6,19
6156,18,4,11
6157,18,3,17
6158,18,2,16
6159,18,5,9
6160,18,5,9
6161,18,6,19
6162,18,5,9
6163,18,16,18
6164,18,17,5
6165,18,13,2
6166,18,16,18
6167,18,9,7
6168,18,5,9
6169,18,5,9
6170,18,16,18
6171,18,19,0
6172,18,5,9
6173,18,16,18
6174,18,19,0
6175,18,11,14
6176,18,16,18
6177,18,4,11
6178,18,3,17
6179,18,16,18
6180,18,10,13
6181,18,5,9
6182,18,16,18
6183,18,3,17
6184,18,5,9
6185,18,16,18
6186,18,13,2
6187,18,11,14
6188,18,16,18
6189,18,15,1
6190,18,3,17
6191,18,1,6
6192,18,5,9
6193,18,18,8
6194,18,3,17
6195,18,8,3
6196,18,9,7
6197,18,9,7
6198,18,5,9
6199,18,16,18
6200,18,9,7
6201,18,16,18
6202,18,16,18
6203,18,11,14
6204,18,19,0
6205,18,19,0
6206,18,19,0
6207,18,9,7
6208,18,14,4
6209,18,5,9
6210,18,15,1
6211,18,3,17
6212,18,10,13
6213,18,16,18
6214,18,3,17
6215,18,3,17
6216,18,3,17
6217,18,16,18
6218,18,3,17
6219,18,4,11
6220,18,11,14
6221,18,17,5
6222,18,19,0
6223,18,15,1
6224,18,15,1
6225,18,1,6
6226,18,16,18
6227,18,17,5
6228,18,17,5
6229,18,15,1
6230,18,16,18
6231,18,16,18
6232,18,5,9
6233,18,5,9
6234,18,8,3
6235,18,15,1
6236,18,18,8
6237,18,15,1
6238,18,4,11
6239,18,16,18
6240,18,9,7
6241,18,5,9
6242,18,19,0
6243,18,14,4
6244,18,19,0
6245,18,13,2
6246,18,18,8
6247,18,11,14
6248,18,19,0
6249,18,16,18
6250,18,16,18
6251,18,5,9
6252,18,1,6
6253,18,19,0
6254,18,9,7
6255,18,13,2
6256,18,10,13
6257,18,4,11
6258,18,5,9
6259,18,18,8
6260,18,16,18
6261,18,14,4
6262,18,16,18
6263,18,9,7
6264,18,11,14
6265,18,5,9
6266,18,4,11
6267,18,16,18
6268,18,19,0
6269,18,5,9
6270,18,11,14
6271,18,5,9
6272,18,14,4
6273,18,15,1
6274,18,3,17
6275,18,11,14
6276,18,9,7
6277,18,16,18
6278,18,11,14
6279,18,16,18
6280,18,16,18
6281,18,18,8
6282,18,18,8
6283,18,5,9
6284,18,3,17
6285,18,4,11
6286,18,15,1
6287,18,3,17
6288,18,16,18
6289,18,16,18
6290,18,15,1
6291,18,18,8
6292,18,19,0
6293,18,15,1
6294,18,11,14
6295,18,15,1
6296,18,15,1
6297,18,15,1
6298,18,4,11
6299,18,3,17
6300,18,3,17
6301,18,17,5
6302,18,16,18
6303,18,16,18
6304,18,6,19
6305,18,5,9
6306,18,16,18
6307,18,3,17
6308,18,3,17
6309,18,11,14
6310,18,19,0
6311,18,15,1
6312,18,16,18
6313,18,16,18
6314,18,3,17
6315,18,3,17
6316,18,14,4
6317,18,18,8
6318,18,14,4
6319,18,14,4
6320,18,19,0
6321,18,11,14
6322,18,16,18
6323,18,0,12
6324,18,1,6
6325,18,16,18
6326,18,13,2
6327,18,16,18
6328,18,6,19
6329,18,9,7
6330,18,11,14
6331,18,16,18
6332,18,5,9
6333,18,14,4
6334,18,3,17
6335,18,13,2
6336,18,14,4
6337,18,6,19
6338,18,6,19
6339,18,18,8
6340,18,5,9
6341,18,3,17
6342,18,4,11
6343,18,10,13
6344,18,18,8
6345,18,16,18
6346,18,16,18
6347,18,11,14
6348,18,11,14
6349,18,13,2
6350,18,6,19
6351,18,3,17
6352,18,1,6
6353,18,3,17
6354,18,14,4
6355,18,16,18
6356,18,14,4
6357,18,16,18
6358,18,1,6
6359,18,16,18
6360,18,16,18
6361,18,6,19
6362,18,19,0
6363,18,13,2
6364,18,16,18
6365,18,16,18
6366,18,19,0
6367,18,3,17
6368,18,14,4
6369,18,1,6
6370,18,3,17
6371,18,16,18
6372,18,16,18
6373,18,9,7
6374,18,19,0
6375,18,18,8
6376,18,14,4
6377,18,1,6
6378,18,1,6
6379,18,17,5
6380,18,17,5
6381,18,18,8
6382,18,16,18
6383,18,3,17
6384,18,9,7
6385,18,17,5
6386,18,3,17
6387,18,3,17
6388,18,3,17
6389,18,5,9
6390,18,10,13
6391,18,3,17
6392,18,19,0
6393,18,11,14
6394,18,11,14
6395,18,16,18
6396,18,15,1
6397,18,14,4
6398,18,5,9
6399,18,3,17
6400,18,13,2
6401,18,6,19
6402,18,4,11
6403,18,8,3
6404,18,16,18
6405,18,3,17
6406,18,16,18
6407,18,6,19
6408,18,14,4
6409,18,16,18
6410,18,14,4
6411,18,19,0
6412,18,5,9
6413,18,17,5
6414,18,19,0
6415,18,16,18
6416,18,6,19
6417,18,9,7
6418,18,3,17
6419,18,6,19
6420,18,5,9
6421,18,5,9
6422,18,16,18
6423,18,5,9
6424,18,16,18
6425,18,19,0
6426,18,2,16
6427,18,3,17
6428,18,3,17
6429,18,14,4
6430,18,11,14
6431,18,4,11
6432,18,16,18
6433,18,8,3
6434,18,15,1
6435,18,16,18
6436,18,10,13
6437,18,1,6
6438,18,11,14
6439,18,16,18
6440,18,14,4
6441,18,8,3
6442,18,5,9
6443,18,17,5
6444,18,6,19
6445,18,6,19
6446,18,2,16
6447,18,16,18
6448,18,3,17
6449,18,3,17
6450,18,11,14
6451,18,16,18
6452,18,16,18
6453,18,16,18
6454,18,11,14
6455,18,2,16
6456,18,16,18
6457,18,16,18
6458,18,19,0
6459,18,17,5
6460,18,15,1
6461,18,5,9
6462,18,19,0
6463,18,15,1
6464,18,16,18
6465,18,9,7
6466,18,4,11
6467,18,4,11
6468,18,13,2
6469,18,5,9
6470,18,1,6
6471,18,14,4
6472,18,5,9
6473,18,4,11
6474,18,14,4
6475,18,4,11
6476,18,3,17
6477,18,1,6
6478,18,3,17
6479,18,1,6
6480,18,3,17
6481,18,19,0
6482,18,5,9
6483,18,15,1
6484,18,14,4
6485,18,11,14
6486,18,16,18
6487,18,3,17
6488,18,19,0
6489,18,10,13
6490,18,13,2
6491,18,15,1
6492,18,19,0
6493,18,17,5
6494,18,1,6
6495,18,19,0
6496,18,15,1
6497,18,16,18
6498,18,15,1
6499,18,16,18
6500,18,16,18
6501,18,3,17
6502,18,19,0
6503,18,19,0
6504,18,15,1
6505,18,16,18
6506,18,16,18
6507,18,3,17
6508,18,14,4
6509,18,3,17
6510,18,16,18
6511,18,1,6
6512,18,1,6
6513,18,5,9
6514,18,2,16
6515,18,9,7
6516,18,15,1
6517,18,3,17
6518,18,5,9
6519,18,14,4
6520,18,7,10
6521,18,14,4
6522,18,3,17
6523,18,3,17
6524,18,15,1
6525,18,17,5
6526,18,11,14
6527,18,16,18
6528,18,16,18
6529,18,16,18
6530,18,3,17
6531,18,16,18
6532,18,5,9
6533,18,9,7
6534,18,16,18
6535,18,5,9
6536,18,15,1
6537,18,13,2
6538,18,5,9
6539,18,14,4
6540,18,11,14
6541,18,14,4
6542,18,18,8
6543,18,16,18
6544,18,18,8
6545,18,16,18
6546,18,1,6
6547,18,5,9
6548,18,1,6
6549,18,16,18
6550,18,11,14
6551,18,11,14
6552,18,17,5
6553,18,11,14
6554,18,13,2
6555,18,19,0
6556,18,9,7
6557,18,16,18
6558,18,5,9
6559,18,16,18
6560,18,14,4
6561,18,0,12
6562,18,3,17
6563,18,11,14
6564,18,3,17
6565,18,16,18
6566,18,3,17
6567,18,5,9
6568,18,3,17
6569,18,2,16
6570,18,15,1
6571,18,14,4
6572,18,19,0
6573,18,11,14
6574,18,1,6
6575,18,3,17
6576,18,17,5
6577,18,17,5
6578,18,10,13
6579,18,16,18
6580,18,5,9
6581,18,14,4
6582,18,16,18
6583,18,13,2
6584,18,13,2
6585,18,19,0
6586,18,3,17
6587,18,18,8
6588,18,5,9
6589,18,11,14
6590,18,13,2
6591,18,9,7
6592,18,14,4
6593,18,8,3
6594,18,6,19
6595,18,3,17
6596,18,16,18
6597,18,5,9
6598,18,3,17
6599,18,11,14
6600,18,19,0
6601,18,16,18
6602,18,18,8
6603,18,13,2
6604,18,9,7
6605,18,9,7
6606,18,16,18
6607,18,8,3
6608,18,18,8
6609,18,3,17
6610,18,5,9
6611,18,5,9
6612,18,5,9
6613,18,3,17
6614,18,1,6
6615,18,19,0
6616,18,3,17
6617,18,16,18
6618,18,11,14
6619,18,3,17
6620,18,8,3
6621,18,14,4
6622,18,19,0
6623,18,2,16
6624,18,5,9
6625,18,6,19
6626,18,9,7
6627,18,19,0
6628,18,17,5
6629,18,5,9
6630,18,1,6
6631,18,14,4
6632,18,16,18
6633,18,17,5
6634,18,1,6
6635,18,17,5
6636,18,1,6
6637,18,5,9
6638,18,11,14
6639,18,14,4
6640,18,16,18
6641,18,11,14
6642,18,14,4
6643,18,16,18
6644,18,4,11
6645,18,3,17
6646,18,6,19
6647,18,17,5
6648,18,1,6
6649,18,19,0
6650,18,4,11
6651,18,16,18
6652,18,19,0
6653,18,16,18
6654,18,17,5
6655,18,18,8
6656,18,8,3
6657,18,3,17
6658,18,16,18
6659,18,4,11
6660,18,19,0
6661,18,13,2
6662,18,16,18
6663,18,18,8
6664,18,14,4
6665,18,13,2
6666,18,16,18
6667,18,5,9
6668,18,5,9
6669,18,1,6
6670,18,3,17
6671,18,16,18
6672,18,16,18
6673,18,16,18
6674,18,19,0
6675,18,16,18
6676,18,16,18
6677,18,16,18
6678,18,15,1
6679,18,11,14
6680,18,4,11
6681,18,10,13
6682,18,16,18
6683,18,16,18
6684,18,16,18
6685,18,10,13
6686,18,16,18
6687,18,15,1
6688,18,18,8
6689,18,16,18
6690,18,16,18
6691,18,16,18
6692,18,16,18
6693,18,13,2
6694,18,9,7
6695,18,9,7
6696,18,3,17
6697,18,5,9
6698,18,6,19
6699,18,16,18
6700,18,16,18
6701,18,19,0
6702,18,16,18
6703,18,16,18
6704,18,1,6
6705,18,6,19
6706,18,15,1
6707,18,8,3
6708,18,10,13
6709,18,19,0
6710,18,11,14
6711,18,11,14
6712,18,14,4
6713,18,17,5
6714,18,17,5
6715,18,16,18
6716,18,14,4
6717,18,16,18
6718,18,19,0
6719,18,0,12
6720,18,16,18
6721,18,10,13
6722,18,16,18
6723,18,16,18
6724,18,19,0
6725,18,16,18
6726,18,5,9
6727,18,11,14
6728,18,9,7
6729,18,18,8
6730,18,9,7
6731,18,11,14
6732,18,16,18
6733,18,1,6
6734,18,16,18
6735,18,16,18
6736,18,16,18
6737,18,16,18
6738,18,3,17
6739,18,16,18
6740,18,1,6
6741,18,4,11
6742,18,16,18
6743,18,16,18
6744,18,8,3
6745,18,16,18
6746,18,16,18
6747,18,5,9
6748,18,3,17
6749,18,1,6
6750,18,9,7
6751,18,3,17
6752,18,5,9
6753,18,13,2
6754,18,14,4
6755,18,5,9
6756,18,3,17
6757,18,14,4
6758,18,10,13
6759,18,3,17
6760,18,4,11
6761,18,3,17
6762,18,11,14
6763,18,11,14
6764,18,16,18
6765,18,15,1
6766,18,1,6
6767,18,5,9
6768,18,14,4
6769,18,13,2
6770,18,4,11
6771,18,9,7
6772,18,14,4
6773,18,4,11
6774,18,16,18
6775,18,19,0
6776,18,4,11
6777,18,3,17
6778,18,3,17
6779,18,15,1
6780,18,5,9
6781,18,17,5
6782,18,14,4
6783,18,16,18
6784,18,6,19
6785,18,9,7
6786,18,9,7
6787,18,19,0
6788,18,9,7
6789,18,5,9
6790,18,5,9
6791,18,11,14
6792,18,11,14
6793,18,1,6
6794,18,11,14
6795,18,16,18
6796,18,5,9
6797,18,15,1
6798,18,17,5
6799,18,15,1
6800,18,16,18
6801,18,16,18
6802,18,1,6
6803,18,5,9
6804,18,16,18
6805,18,5,9
6806,18,16,18
6807,18,16,18
6808,18,14,4
6809,18,5,9
6810,18,5,9
6811,18,11,14
6812,18,16,18
6813,18,14,4
6814,18,17,5
6815,18,9,7
6816,18,1,6
6817,18,16,18
6818,18,16,18
6819,18,8,3
6820,18,16,18
6821,18,3,17
6822,18,16,18
6823,18,3,17
6824,18,1,6
6825,18,9,7
6826,18,9,7
6827,18,11,14
6828,18,16,18
6829,18,16,18
6830,18,17,5
6831,18,14,4
6832,18,4,11
6833,18,18,8
6834,18,9,7
6835,18,15,1
6836,18,16,18
6837,18,16,18
6838,18,5,9
6839,18,11,14
6840,18,4,11
6841,18,9,7
6842,18,17,5
6843,18,15,1
6844,18,2,16
6845,18,16,18
6846,18,6,19
6847,18,11,14
6848,18,14,4
6849,18,9,7
6850,18,2,16
6851,18,5,9
6852,18,19,0
6853,18,11,14
6854,18,1,6
6855,18,16,18
6856,18,11,14
6857,18,19,0
6858,18,16,18
6859,18,3,17
6860,18,3,17
6861,18,11,14
6862,18,5,9
6863,18,3,17
6864,18,3,17
6865,18,13,2
6866,18,14,4
6867,18,16,18
6868,18,3,17
6869,18,4,11
6870,18,11,14
6871,18,3,17
6872,18,13,2
6873,18,5,9
6874,18,11,14
6875,18,3,17
6876,18,5,9
6877,18,16,18
6878,18,4,11
6879,18,9,7
6880,18,1,6
6881,18,15,1
6882,18,3,17
6883,18,1,6
6884,18,14,4
6885,18,14,4
6886,18,3,17
6887,18,5,9
6888,18,4,11
6889,18,3,17
6890,18,1,6
6891,18,9,7
6892,18,15,1
6893,18,16,18
6894,18,6,19
6895,18,13,2
6896,18,10,13
6897,18,15,1
6898,18,16,18
6899,18,13,2
6900,18,9,7
6901,18,1,6
6902,18,9,7
6903,18,19,0
6904,18,16,18
6905,18,9,7
6906,18,16,18
6907,18,16,18
6908,18,4,11
6909,18,5,9
6910,18,5,9
6911,18,16,18
6912,18,5,9
6913,18,5,9
6914,18,9,7
6915,18,0,12
6916,18,0,12
6917,18,15,1
6918,18,15,1
6919,18,14,4
6920,18,0,12
6921,18,16,18
6922,18,14,4
6923,18,3,17
6924,18,15,1
6925,18,11,14
6926,18,2,16
6927,18,5,9
6928,18,16,18
6929,18,4,11
6930,18,16,18
6931,18,3,17
6932,18,5,9
6933,18,14,4
6934,18,6,19
6935,18,16,18
6936,18,16,18
6937,18,16,18
6938,18,13,2
6939,18,11,14
6940,18,19,0
6941,18,16,18
6942,18,10,13
6943,18,11,14
6944,18,11,14
6945,18,3,17
6946,18,8,3
6947,18,15,1
6948,18,16,18
6949,18,11,14
6950,18,16,18
6951,18,5,9
6952,18,9,7
6953,18,3,17
6954,18,16,18
6955,18,5,9
6956,18,3,17
6957,18,14,4
6958,18,11,14
6959,18,11,14
6960,18,15,1
6961,18,19,0
6962,18,16,18
6963,18,16,18
6964,18,1,6
6965,18,9,7
6966,18,6,19
6967,18,13,2
6968,18,16,18
6969,18,16,18
6970,18,0,12
6971,18,19,0
6972,18,16,18
6973,18,1,6
6974,18,10,13
6975,18,3,17
6976,18,19,0
6977,18,14,4
6978,18,3,17
6979,18,16,18
6980,18,3,17
6981,18,11,14
6982,18,16,18
6983,18,3,17
6984,18,16,18
6985,18,13,2
6986,18,15,1
6987,18,16,18
6988,18,11,14
6989,18,1,6
6990,18,3,17
6991,18,1,6
6992,18,6,19
6993,18,9,7
6994,18,9,7
6995,18,3,17
6996,18,13,2
6997,18,17,5
6998,18,19,0
6999,18,16,18
7000,18,18,8
7001,18,16,18
7002,18,18,8
7003,18,5,9
7004,18,3,17
7005,18,3,17
7006,18,13,2
7007,18,6,19
7008,18,16,18
7009,18,19,0
7010,18,6,19
7011,18,18,8
7012,18,19,0
7013,18,16,18
7014,18,3,17
7015,18,16,18
7016,18,11,14
7017,18,11,14
7018,18,11,14
7019,18,16,18
7020,18,4,11
7021,18,9,7
7022,18,3,17
7023,18,9,7
7024,18,19,0
7025,18,19,0
7026,18,16,18
7027,18,16,18
7028,18,6,19
7029,18,10,13
7030,18,16,18
7031,18,3,17
7032,18,14,4
7033,18,3,17
7034,18,14,4
7035,18,19,0
7036,18,19,0
7037,18,15,1
7038,18,5,9
7039,18,16,18
7040,18,15,1
7041,18,3,17
7042,18,16,18
7043,18,19,0
7044,18,17,5
7045,18,5,9
7046,18,11,14
7047,18,3,17
7048,18,14,4
7049,18,16,18
7050,18,5,9
7051,18,1,6
7052,18,17,5
7053,18,16,18
7054,18,12,15
7055,18,9,7
7056,18,15,1
7057,18,14,4
7058,18,5,9
7059,18,13,2
7060,18,11,14
7061,18,10,13
7062,18,2,16
7063,18,14,4
7064,18,3,17
7065,18,11,14
7066,18,16,18
7067,18,12,15
7068,18,3,17
7069,18,19,0
7070,18,11,14
7071,18,16,18
7072,18,16,18
7073,18,16,18
7074,18,3,17
7075,18,16,18
7076,18,4,11
7077,18,3,17
7078,18,19,0
7079,18,4,11
7080,18,5,9
7081,18,3,17
7082,18,12,15
7083,18,16,18
7084,18,4,11
7085,18,3,17
7086,18,12,15
7087,18,16,18
7088,18,7,10
7089,18,16,18
7090,18,16,18
7091,18,16,18
7092,18,13,2
7093,18,3,17
7094,18,19,0
7095,18,16,18
7096,18,18,8
7097,18,10,13
7098,18,16,18
7099,18,19,0
7100,18,9,7
7101,18,16,18
7102,18,14,4
7103,18,9,7
7104,18,5,9
7105,18,11,14
7106,18,3,17
7107,18,3,17
7108,18,3,17
7109,18,5,9
7110,18,9,7
7111,18,4,11
7112,18,9,7
7113,18,19,0
7114,18,3,17
7115,18,19,0
7116,18,9,7
7117,18,16,18
7118,18,16,18
7119,18,2,16
7120,18,8,3
7121,18,3,17
7122,18,11,14
7123,18,17,5
7124,18,19,0
7125,18,19,0
7126,18,15,1
7127,18,13,2
7128,18,5,9
7129,18,11,14
7130,18,5,9
7131,18,3,17
7132,18,3,17
7133,18,3,17
7134,18,19,0
7135,18,5,9
7136,18,19,0
7137,18,5,9
7138,18,14,4
7139,18,4,11
7140,18,16,18
7141,18,15,1
7142,18,15,1
7143,18,16,18
7144,18,1,6
7145,18,16,18
7146,18,3,17
7147,18,11,14
7148,18,14,4
7149,18,9,7
7150,18,8,3
7151,18,3,17
7152,18,3,17
7153,18,5,9
7154,18,3,17
7155,18,19,0
7156,18,3,17
7157,18,6,19
7158,18,3,17
7159,18,8,3
7160,18,5,9
7161,18,9,7
7162,18,11,14
7163,18,17,5
7164,18,3,17
7165,18,6,19
7166,18,13,2
7167,18,16,18
7168,18,9,7
7169,18,13,2
7170,18,11,14
7171,18,3,17
7172,18,16,18
7173,18,5,9
7174,18,16,18
7175,18,16,18
7176,18,16,18
7177,18,16,18
7178,18,12,15
7179,18,5,9
7180,18,9,7
7181,18,5,9
7182,18,3,17
7183,18,1,6
7184,18,9,7
7185,18,14,4
7186,18,15,1
7187,18,9,7
7188,18,1,6
7189,18,14,4
7190,18,11,14
7191,18,16,18
7192,18,11,14
7193,18,11,14
7194,18,11,14
7195,18,3,17
7196,18,19,0
7197,18,10,13
7198,18,8,3
7199,18,16,18
7200,18,11,14
7201,18,16,18
7202,18,5,9
7203,18,16,18
7204,18,5,9
7205,18,16,18
7206,18,3,17
7207,18,12,15
7208,18,16,18
7209,18,18,8
7210,18,13,2
7211,18,11,14
7212,18,10,13
7213,18,5,9
7214,18,5,9
7215,18,17,5
7216,18,4,11
7217,18,3,17
7218,18,2,16
7219,18,14,4
7220,18,16,18
7221,18,18,8
7222,18,11,14
7223,18,11,14
7224,18,3,17
7225,18,11,14
7226,18,16,18
7227,18,6,19
7228,18,5,9
7229,18,15,1
7230,18,16,18
7231,18,5,9
7232,18,11,14
7233,18,9,7
7234,18,5,9
7235,18,16,18
7236,18,6,19
7237,18,14,4
7238,18,16,18
7239,18,15,1
7240,18,17,5
7241,18,13,2
7242,18,1,6
7243,18,6,19
7244,18,16,18
7245,18,2,16
7246,18,16,18
7247,18,15,1
7248,18,5,9
7249,18,14,4
7250,18,11,14
7251,18,17,5
7252,18,15,1
7253,18,16,18
7254,18,13,2
7255,18,5,9
7256,18,5,9
7257,18,9,7
7258,18,13,2
7259,18,3,17
7260,18,5,9
7261,18,16,18
7262,18,19,0
7263,18,19,0
7264,18,3,17
7265,18,3,17
7266,18,16,18
7267,18,11,14
7268,18,14,4
7269,18,19,0
7270,18,16,18
7271,18,16,18
7272,18,9,7
7273,18,16,18
7274,18,1,6
7275,18,1,6
7276,18,16,18
7277,18,3,17
7278,18,3,17
7279,18,3,17
7280,18,11,14
7281,18,3,17
7282,18,16,18
7283,18,11,14
7284,18,9,7
7285,18,16,18
7286,18,6,19
7287,18,2,16
7288,18,3,17
7289,18,3,17
7290,18,3,17
7291,18,11,14
7292,18,5,9
7293,18,9,7
7294,18,16,18
7295,18,3,17
7296,18,3,17
7297,18,16,18
7298,18,5,9
7299,18,3,17
7300,18,5,9
7301,18,11,14
7302,18,11,14
7303,18,16,18
7304,18,3,17
7305,18,10,13
7306,18,10,13
7307,18,17,5
7308,18,3,17
7309,18,17,5
7310,18,17,5
7311,18,8,3
7312,18,19,0
7313,18,2,16
7314,18,16,18
7315,18,15,1
7316,18,16,18
7317,18,11,14
7318,18,10,13
7319,18,16,18
7320,18,14,4
7321,18,17,5
7322,18,9,7
7323,18,5,9
7324,18,8,3
7325,18,5,9
7326,18,19,0
7327,18,6,19
7328,18,12,15
7329,18,5,9
7330,18,4,11
7331,18,16,18
7332,18,18,8
7333,18,16,18
7334,18,18,8
7335,18,1,6
7336,18,9,7
7337,18,11,14
7338,18,17,5
7339,18,16,18
7340,18,16,18
7341,18,13,2
7342,18,1,6
7343,18,9,7
7344,18,18,8
7345,18,3,17
7346,18,6,19
7347,18,3,17
7348,18,16,18
7349,18,3,17
7350,18,16,18
7351,18,11,14
7352,18,16,18
7353,18,16,18
7354,18,15,1
7355,18,1,6
7356,18,13,2
7357,18,11,14
7358,18,15,1
7359,18,16,18
7360,18,16,18
7361,18,16,18
7362,18,3,17
7363,18,15,1
7364,18,5,9
7365,18,16,18
7366,18,4,11
7367,18,4,11
7368,18,17,5
7369,18,17,5
7370,18,19,0
7371,18,16,18
7372,18,16,18
7373,18,1,6
7374,18,5,9
7375,18,12,15
7376,18,12,15
7377,18,3,17
7378,18,19,0
7379,18,5,9
7380,18,6,19
7381,18,8,3
7382,18,9,7
7383,18,16,18
7384,18,14,4
7385,18,4,11
7386,18,16,18
7387,18,5,9
7388,18,15,1
7389,18,15,1
7390,18,13,2
7391,18,1,6
7392,18,11,14
7393,18,17,5
7394,18,5,9
7395,18,16,18
7396,18,5,9
7397,18,16,18
7398,18,12,15
7399,18,15,1
7400,18,14,4
7401,18,1,6
7402,18,16,18
7403,18,3,17
7404,18,9,7
7405,18,11,14
7406,18,18,8
7407,18,16,18
7408,18,6,19
7409,18,5,9
7410,18,5,9
7411,18,3,17
7412,18,3,17
7413,18,15,1
7414,18,5,9
7415,18,11,14
7416,18,15,1
7417,18,16,18
7418,18,16,18
7419,18,5,9
7420,18,1,6
7421,18,1,6
7422,18,16,18
7423,18,18,8
7424,18,16,18
7425,18,1,6
7426,18,5,9
7427,18,5,9
7428,18,17,5
7429,18,11,14
7430,18,5,9
7431,18,5,9
7432,18,12,15
7433,18,1,6
7434,18,5,9
7435,18,14,4
7436,18,16,18
7437,18,11,14
7438,18,15,1
7439,18,1,6
7440,18,1,6
7441,18,1,6
7442,18,3,17
7443,18,17,5
7444,18,16,18
7445,18,5,9
7446,18,13,2
7447,18,4,11
7448,18,1,6
7449,18,16,18
7450,18,17,5
7451,18,14,4
7452,18,12,15
7453,18,18,8
7454,5,16,18
7455,5,14,4
7456,5,16,18
7457,5,6,19
7458,5,1,6
7459,5,18,8
7460,5,16,18
7461,5,6,19
7462,5,9,7
7463,5,16,18
7464,5,16,18
7465,5,17,5
7466,5,5,9
7467,5,16,18
7468,5,4,11
7469,5,5,9
7470,5,16,18
7471,5,5,9
7472,5,11,14
7473,5,16,18
7474,5,6,19
7475,5,11,14
7476,5,5,9
7477,5,5,9
7478,5,1,6
7479,5,4,11
7480,5,17,5
7481,5,1,6
7482,5,16,18
7483,5,1,6
7484,5,5,9
7485,5,19,0
7486,5,5,9
7487,5,10,13
7488,5,6,19
7489,5,3,17
7490,5,1,6
7491,6,18,8
7492,6,15,1
7493,6,5,9
7494,6,5,9
7495,6,14,4
7496,6,1,6
7497,6,16,18
7498,6,14,4
7499,6,14,4
7500,6,13,2
7501,6,5,9
7502,6,5,9
7503,6,12,15
7504,6,5,9
7505,6,16,18
7506,6,11,14
7507,6,12,15
7508,6,16,18
7509,6,18,8
7510,6,16,18
7511,6,19,0
7512,6,18,8
7513,6,1,6
7514,6,3,17
7515,6,13,2
7516,6,13,2
7517,6,14,4
7518,6,15,1
7519,6,5,9
7520,6,19,0
7521,6,16,18
7522,6,16,18
7523,6,3,17
7524,6,16,18
7525,6,16,18
7526,6,6,19
7527,6,19,0
7528,6,15,1
7529,6,3,17
7530,6,5,9
7531,6,1,6
7532,6,11,14
7533,6,16,18
7534,6,16,18
7535,6,13,2
7536,6,9,7
7537,6,17,5
7538,6,5,9
7539,6,16,18
7540,6,5,9
7541,6,5,9
7542,6,14,4
7543,6,16,18
7544,6,9,7
7545,6,16,18
7546,6,16,18
7547,6,1,6
7548,6,3,17
7549,6,6,19
7550,6,9,7
7551,6,15,1
7552,6,5,9
7553,6,8,3
7554,6,5,9
7555,6,5,9
7556,6,16,18
7557,6,11,14
7558,6,1,6
7559,6,15,1
7560,6,4,11
7561,6,6,19
7562,6,9,7
7563,6,9,7
7564,6,5,9
7565,6,5,9
7566,6,11,14
7567,6,11,14
7568,6,1,6
7569,6,17,5
7570,6,18,8
7571,6,5,9
7572,6,4,11
7573,6,3,17
7574,6,6,19
7575,6,16,18
7576,6,3,17
7577,6,18,8
7578,6,12,15
7579,6,16,18
7580,6,4,11
7581,6,17,5
7582,6,1,6
7583,6,16,18
7584,6,4,11
7585,6,5,9
7586,6,16,18
7587,6,11,14
7588,6,16,18
7589,6,16,18
7590,6,8,3
7591,6,3,17
7592,6,16,18
7593,6,1,6
7594,6,16,18
7595,6,1,6
7596,6,16,18
7597,6,1,6
7598,6,1,6
7599,6,16,18
7600,6,16,18
7601,6,5,9
7602,6,9,7
7603,6,3,17
7604,6,9,7
7605,6,16,18
7606,6,2,16
7607,6,5,9
7608,6,5,9
7609,6,12,15
7610,6,4,11
7611,6,5,9
7612,6,5,9
7613,6,16,18
7614,6,1,6
7615,6,6,19
7616,6,19,0
7617,6,14,4
7618,6,19,0
7619,6,2,16
7620,6,1,6
7621,6,19,0
7622,6,18,8
7623,6,16,18
7624,6,5,9
7625,6,10,13
7626,6,5,9
7627,6,5,9
7628,6,12,15
7629,6,3,17
7630,6,17,5
7631,6,5,9
7632,6,5,9
7633,6,13,2
7634,6,19,0
7635,6,16,18
7636,6,5,9
7637,6,8,3
7638,6,5,9
7639,6,9,7
7640,6,5,9
7641,6,6,19
7642,6,16,18
7643,6,5,9
7644,6,5,9
7645,6,1,6
7646,6,5,9
7647,6,19,0
7648,6,1,6
7649,6,16,18
7650,6,5,9
7651,6,14,4
7652,6,5,9
7653,6,4,11
7654,6,1,6
7655,6,5,9
7656,6,4,11
7657,6,5,9
7658,6,5,9
7659,6,5,9
7660,6,5,9
7661,6,16,18
7662,6,9,7
7663,6,9,7
7664,6,3,17
7665,6,11,14
7666,6,5,9
7667,6,1,6
7668,6,14,4
7669,6,9,7
7670,6,14,4
7671,6,1,6
7672,6,18,8
7673,6,11,14
7674,6,5,9
7675,6,16,18
7676,6,18,8
7677,6,14,4
7678,6,16,18
7679,6,16,18
7680,6,4,11
7681,6,3,17
7682,6,5,9
7683,6,16,18
7684,6,16,18
7685,6,16,18
7686,6,6,19
7687,6,15,1
7688,6,12,15
7689,6,16,18
7690,6,11,14
7691,6,5,9
7692,6,1,6
7693,6,3,17
7694,6,12,15
7695,6,15,1
7696,6,1,6
7697,6,1,6
7698,6,6,19
7699,6,1,6
7700,6,1,6
7701,6,12,15
7702,6,15,1
7703,6,4,11
7704,6,1,6
7705,6,4,11
7706,6,2,16
7707,6,4,11
7708,6,19,0
7709,6,18,8
7710,6,16,18
7711,6,17,5
7712,6,16,18
7713,6,5,9
7714,6,5,9
7715,6,16,18
7716,6,11,14
7717,6,5,9
7718,6,1,6
7719,6,1,6
7720,6,17,5
7721,6,4,11
7722,6,14,4
7723,6,5,9
7724,6,14,4
7725,6,9,7
7726,6,9,7
7727,6,15,1
7728,6,5,9
7729,6,5,9
7730,6,9,7
7731,6,18,8
7732,6,19,0
7733,6,16,18
7734,6,5,9
7735,6,5,9
7736,6,12,15
7737,6,5,9
7738,6,5,9
7739,6,16,18
7740,6,14,4
7741,6,16,18
7742,6,16,18
7743,6,16,18
7744,6,16,18
7745,6,11,14
7746,6,12,15
7747,6,1,6
7748,6,5,9
7749,6,6,19
7750,6,4,11
7751,6,13,2
7752,6,9,7
7753,6,13,2
7754,6,16,18
7755,6,8,3
7756,6,16,18
7757,6,9,7
7758,6,14,4
7759,6,16,18
7760,6,5,9
7761,6,5,9
7762,6,18,8
7763,6,18,8
7764,6,3,17
7765,6,5,9
7766,6,13,2
7767,6,5,9
7768,6,1,6
7769,6,16,18
7770,6,5,9
7771,6,19,0
7772,6,3,17
7773,6,16,18
7774,6,16,18
7775,6,14,4
7776,6,4,11
7777,6,14,4
7778,6,16,18
7779,6,3,17
7780,6,19,0
7781,6,1,6
7782,6,18,8
7783,6,4,11
7784,6,5,9
7785,6,5,9
7786,6,16,18
7787,6,5,9
7788,6,9,7
7789,6,3,17
7790,6,3,17
7791,6,1,6
7792,6,4,11
7793,6,17,5
7794,6,1,6
7795,6,13,2
7796,6,18,8
7797,6,11,14
7798,6,4,11
7799,6,16,18
7800,6,13,2
7801,6,5,9
7802,6,11,14
7803,6,4,11
7804,6,2,16
7805,6,3,17
7806,6,13,2
7807,6,3,17
7808,6,16,18
7809,6,6,19
7810,6,16,18
7811,6,19,0
7812,6,15,1
7813,6,5,9
7814,6,5,9
7815,6,19,0
7816,6,17,5
7817,6,19,0
7818,6,16,18
7819,6,11,14
7820,6,15,1
7821,6,16,18
7822,6,9,7
7823,6,1,6
7824,6,9,7
7825,6,5,9
7826,6,4,11
7827,6,5,9
7828,6,5,9
7829,6,17,5
7830,6,12,15
7831,6,5,9
7832,6,12,15
7833,6,1,6
7834,6,1,6
7835,6,11,14
7836,6,5,9
7837,6,4,11
7838,6,16,18
7839,6,1,6
7840,6,13,2
7841,6,5,9
7842,6,5,9
7843,6,16,18
7844,6,1,6
7845,6,1,6
7846,6,5,9
7847,6,9,7
7848,6,5,9
7849,6,6,19
7850,6,16,18
7851,6,5,9
7852,6,1,6
7853,6,5,9
7854,6,16,18
7855,6,3,17
7856,6,6,19
7857,6,5,9
7858,6,19,0
7859,6,14,4
7860,6,2,16
7861,6,19,0
7862,6,13,2
7863,6,16,18
7864,6,9,7
7865,6,4,11
7866,6,6,19
7867,6,1,6
7868,6,5,9
7869,6,17,5
7870,6,16,18
7871,6,11,14
7872,6,3,17
7873,6,9,7
7874,6,14,4
7875,6,14,4
7876,6,6,19
7877,6,10,13
7878,6,5,9
7879,6,11,14
7880,6,5,9
7881,6,5,9
7882,6,3,17
7883,6,5,9
7884,6,1,6
7885,6,9,7
7886,6,3,17
7887,6,19,0
7888,6,16,18
7889,6,16,18
7890,6,2,16
7891,6,14,4
7892,6,14,4
7893,6,14,4
7894,6,3,17
7895,6,5,9
7896,6,11,14
7897,6,4,11
7898,6,3,17
7899,6,4,11
7900,6,16,18
7901,6,5,9
7902,6,16,18
7903,6,1,6
7904,6,13,2
7905,6,6,19
7906,6,5,9
7907,6,13,2
7908,6,4,11
7909,6,1,6
7910,6,2,16
7911,6,2,16
7912,6,6,19
7913,6,6,19
7914,6,16,18
7915,6,3,17
7916,6,16,18
7917,6,11,14
7918,6,16,18
7919,6,1,6
7920,6,1,6
7921,6,16,18
7922,6,19,0
7923,6,16,18
7924,6,5,9
7925,6,5,9
7926,6,16,18
7927,6,4,11
7928,6,5,9
7929,6,1,6
7930,6,1,6
7931,6,16,18
7932,6,16,18
7933,6,16,18
7934,6,7,10
7935,6,18,8
7936,6,13,2
7937,6,16,18
7938,6,9,7
7939,6,5,9
7940,6,1,6
7941,6,5,9
7942,6,15,1
7943,6,9,7
7944,6,11,14
7945,6,1,6
7946,6,8,3
7947,6,9,7
7948,6,4,11
7949,6,1,6
7950,6,17,5
7951,6,9,7
7952,6,6,19
7953,6,6,19
7954,6,17,5
7955,6,9,7
7956,6,5,9
7957,6,18,8
7958,6,16,18
7959,6,16,18
7960,6,1,6
7961,6,16,18
7962,6,4,11
7963,6,17,5
7964,6,18,8
7965,6,15,1
7966,6,3,17
7967,6,5,9
7968,6,5,9
7969,6,15,1
7970,6,16,18
7971,6,1,6
7972,6,1,6
7973,6,1,6
7974,6,5,9
7975,6,19,0
7976,6,9,7
7977,6,3,17
7978,6,16,18
7979,6,12,15
7980,6,16,18
7981,6,9,7
7982,6,18,8
7983,6,5,9
7984,6,5,9
7985,6,5,9
7986,6,11,14
7987,6,14,4
7988,6,1,6
7989,6,5,9
7990,6,16,18
7991,6,19,0
7992,6,16,18
7993,7,16,18
7994,7,5,9
7995,7,16,18
7996,7,9,7
7997,7,16,18
7998,7,1,6
7999,7,13,2
8000,7,8,3
8001,7,8,3
8002,7,19,0
8003,7,5,9
8004,7,16,18
8005,7,19,0
8006,7,16,18
8007,7,8,3
8008,7,0,12
8009,7,9,7
8010,7,18,8
8011,7,15,1
8012,7,3,17
8013,7,16,18
8014,7,15,1
8015,7,15,1
8016,7,15,1
8017,7,9,7
8018,7,3,17
8019,7,14,4
8020,7,12,15
8021,7,1,6
8022,7,16,18
8023,7,16,18
8024,7,16,18
8025,7,16,18
8026,7,16,18
8027,7,4,11
8028,7,5,9
8029,7,5,9
8030,7,12,15
8031,7,17,5
8032,7,11,14
8033,7,5,9
8034,7,3,17
8035,7,16,18
8036,7,9,7
8037,7,16,18
8038,7,9,7
8039,7,5,9
8040,7,13,2
8041,7,11,14
8042,7,4,11
8043,7,3,17
8044,7,15,1
8045,7,14,4
8046,7,19,0
8047,7,18,8
8048,7,5,9
8049,7,5,9
8050,7,3,17
8051,7,16,18
8052,7,5,9
8053,7,3,17
8054,7,9,7
8055,7,3,17
8056,7,3,17
8057,7,16,18
8058,7,15,1
8059,7,16,18
8060,7,9,7
8061,7,16,18
8062,7,15,1
8063,7,14,4
8064,7,14,4
8065,7,1,6
8066,7,3,17
8067,7,13,2
8068,7,16,18
8069,7,5,9
8070,7,11,14
8071,7,5,9
8072,7,17,5
8073,7,19,0
8074,7,3,17
8075,7,9,7
8076,7,5,9
8077,7,16,18
8078,7,1,6
8079,7,16,18
8080,7,16,18
8081,7,5,9
8082,7,14,4
8083,7,17,5
8084,7,3,17
8085,7,9,7
8086,7,13,2
8087,7,16,18
8088,7,1,6
8089,7,17,5
8090,7,16,18
8091,7,3,17
8092,7,16,18
8093,7,5,9
8094,7,16,18
8095,7,16,18
8096,7,1,6
8097,7,16,18
8098,7,16,18
8099,7,1,6
8100,7,5,9
8101,7,1,6
8102,7,11,14
8103,7,5,9
8104,7,16,18
8105,7,12,15
8106,7,1,6
8107,7,16,18
8108,7,9,7
8109,7,5,9
8110,7,6,19
8111,7,3,17
8112,7,16,18
8113,7,16,18
8114,7,5,9
8115,7,15,1
8116,7,14,4
8117,7,1,6
8118,7,16,18
8119,7,5,9
8120,7,9,7
8121,7,1,6
8122,7,1,6
8123,7,5,9
8124,7,1,6
8125,7,11,14
8126,7,3,17
8127,7,16,18
8128,7,15,1
8129,7,16,18
8130,7,13,2
8131,7,13,2
8132,7,16,18
8133,7,9,7
8134,7,9,7
8135,7,5,9
8136,7,11,14
8137,7,16,18
8138,7,16,18
8139,7,1,6
8140,7,16,18
8141,7,5,9
8142,7,18,8
8143,7,16,18
8144,7,17,5
8145,7,1,6
8146,7,8,3
8147,7,5,9
8148,7,2,16
8149,7,13,2
8150,7,3,17
8151,7,16,18
8152,7,12,15
8153,7,19,0
8154,7,16,18
8155,7,16,18
8156,7,16,18
8157,7,9,7
8158,7,16,18
8159,7,6,19
8160,7,6,19
8161,7,18,8
8162,7,18,8
8163,7,9,7
8164,7,9,7
8165,7,4,11
8166,7,11,14
8167,7,1,6
8168,7,9,7
8169,7,9,7
8170,7,11,14
8171,7,16,18
8172,7,4,11
8173,7,5,9
8174,7,14,4
8175,7,9,7
8176,7,5,9
8177,7,19,0
8178,7,19,0
8179,7,3,17
8180,7,5,9
8181,7,16,18
8182,7,19,0
8183,7,1,6
8184,7,4,11
8185,7,9,7
8186,7,5,9
8187,7,3,17
8188,7,19,0
8189,7,5,9
8190,7,18,8
8191,7,6,19
8192,7,16,18
8193,7,16,18
8194,7,11,14
8195,7,6,19
8196,7,18,8
8197,7,4,11
8198,7,9,7
8199,7,16,18
8200,7,13,2
8201,7,4,11
8202,7,19,0
8203,7,9,7
8204,7,3,17
8205,7,1,6
8206,7,5,9
8207,7,3,17
8208,7,19,0
8209,7,9,7
8210,7,5,9
8211,7,3,17
8212,7,4,11
8213,7,13,2
8214,7,3,17
8215,7,11,14
8216,7,14,4
8217,7,1,6
8218,7,5,9
8219,7,3,17
8220,7,5,9
8221,7,16,18
8222,7,9,7
8223,7,16,18
8224,7,5,9
8225,7,5,9
8226,7,13,2
8227,7,19,0
8228,7,19,0
8229,7,16,18
8230,7,1,6
8231,7,19,0
8232,7,1,6
8233,7,11,14
8234,7,13,2
8235,7,16,18
8236,7,16,18
8237,7,17,5
8238,7,16,18
8239,7,19,0
8240,7,1,6
8241,7,8,3
8242,7,5,9
8243,7,4,11
8244,7,5,9
8245,7,16,18
8246,7,2,16
8247,7,5,9
8248,7,16,18
8249,7,15,1
8250,7,16,18
8251,7,18,8
8252,7,1,6
8253,7,10,13
8254,7,5,9
8255,7,1,6
8256,7,19,0
8257,7,13,2
8258,7,16,18
8259,7,9,7
8260,7,1,6
8261,7,5,9
8262,7,4,11
8263,7,5,9
8264,7,13,2
8265,7,3,17
8266,7,5,9
8267,7,9,7
8268,7,13,2
8269,7,14,4
8270,7,16,18
8271,7,16,18
8272,7,18,8
8273,7,1,6
8274,7,4,11
8275,7,17,5
8276,7,18,8
8277,7,9,7
8278,7,5,9
8279,7,11,14
8280,7,18,8
8281,7,11,14
8282,7,13,2
8283,7,5,9
8284,7,5,9
8285,7,5,9
8286,7,3,17
8287,7,5,9
8288,7,14,4
8289,7,5,9
8290,7,16,18
8291,7,5,9
8292,7,3,17
8293,7,5,9
8294,7,10,13
8295,7,16,18
8296,7,4,11
8297,7,4,11
8298,7,3,17
8299,7,1,6
8300,7,16,18
8301,7,11,14
8302,7,5,9
8303,7,16,18
8304,7,1,6
8305,7,13,2
8306,7,1,6
8307,7,13,2
8308,7,3,17
8309,7,16,18
8310,7,5,9
8311,7,3,17
8312,7,3,17
8313,7,5,9
8314,7,1,6
8315,7,1,6
8316,7,5,9
8317,7,9,7
8318,7,16,18
8319,7,16,18
8320,7,16,18
8321,7,5,9
8322,7,4,11
8323,7,5,9
8324,7,5,9
8325,7,19,0
8326,7,5,9
8327,7,6,19
8328,7,6,19
8329,7,19,0
8330,7,5,9
8331,7,5,9
8332,7,5,9
8333,7,5,9
8334,7,16,18
8335,7,19,0
8336,7,9,7
8337,7,1,6
8338,7,16,18
8339,7,16,18
8340,7,5,9
8341,7,4,11
8342,7,16,18
8343,7,18,8
8344,7,16,18
8345,7,9,7
8346,7,5,9
8347,7,13,2
8348,7,18,8
8349,7,5,9
8350,7,5,9
8351,7,11,14
8352,7,5,9
8353,7,16,18
8354,7,5,9
8355,7,6,19
8356,7,1,6
8357,7,5,9
8358,7,17,5
8359,7,4,11
8360,7,16,18
8361,7,15,1
8362,7,11,14
8363,7,1,6
8364,7,12,15
8365,7,5,9
8366,7,9,7
8367,7,16,18
8368,7,16,18
8369,7,16,18
8370,7,11,14
8371,7,16,18
8372,7,5,9
8373,7,13,2
8374,7,10,13
8375,7,15,1
8376,7,9,7
8377,7,5,9
8378,7,5,9
8379,7,19,0
8380,7,8,3
8381,7,19,0
8382,7,12,15
8383,7,16,18
8384,7,18,8
8385,7,14,4
8386,7,14,4
8387,7,19,0
8388,7,4,11
8389,7,19,0
8390,7,16,18
8391,7,8,3
8392,7,16,18
8393,7,16,18
8394,7,16,18
8395,7,16,18
8396,7,3,17
8397,7,1,6
8398,7,5,9
8399,7,16,18
8400,7,12,15
8401,7,15,1
8402,7,18,8
8403,7,18,8
8404,7,16,18
8405,7,13,2
8406,7,5,9
8407,7,16,18
8408,7,16,18
8409,7,1,6
8410,7,16,18
8411,7,16,18
8412,7,13,2
8413,7,18,8
8414,7,18,8
8415,7,9,7
8416,7,16,18
8417,7,4,11
8418,7,2,16
8419,7,5,9
8420,7,4,11
8421,7,16,18
8422,7,16,18
8423,7,17,5
8424,7,16,18
8425,7,9,7
8426,7,5,9
8427,7,17,5
8428,7,5,9
8429,7,18,8
8430,7,5,9
8431,7,18,8
8432,7,17,5
8433,7,16,18
8434,7,13,2
8435,7,5,9
8436,7,9,7
8437,7,19,0
8438,7,5,9
8439,7,5,9
8440,7,19,0
8441,7,1,6
8442,7,16,18
8443,7,13,2
8444,7,5,9
8445,7,18,8
8446,7,16,18
8447,7,16,18
8448,7,16,18
8449,7,13,2
8450,7,15,1
8451,7,11,14
8452,7,19,0
8453,7,19,0
8454,7,5,9
8455,7,16,18
8456,7,5,9
8457,7,15,1
8458,7,16,18
8459,7,15,1
8460,7,6,19
8461,7,16,18
8462,7,5,9
8463,7,12,15
8464,7,5,9
8465,7,10,13
8466,7,18,8
8467,7,18,8
8468,7,1,6
8469,7,5,9
8470,7,16,18
8471,7,13,2
8472,7,16,18
8473,7,1,6
8474,7,16,18
8475,7,19,0
8476,7,19,0
8477,7,5,9
8478,7,5,9
8479,7,13,2
8480,7,11,14
8481,7,1,6
8482,7,16,18
8483,7,16,18
8484,7,1,6
8485,7,5,9
8486,7,8,3
8487,7,6,19
8488,7,17,5
8489,7,16,18
8490,7,4,11
8491,7,16,18
8492,7,5,9
8493,7,19,0
8494,7,1,6
8495,7,1,6
8496,7,5,9
8497,7,16,18
8498,7,2,16
8499,7,16,18
8500,7,5,9
8501,7,10,13
8502,7,18,8
8503,7,5,9
8504,7,18,8
8505,7,5,9
8506,7,5,9
8507,7,5,9
8508,7,19,0
8509,7,3,17
8510,7,9,7
8511,7,15,1
8512,7,19,0
8513,7,5,9
8514,7,16,18
8515,7,17,5
8516,7,5,9
8517,7,1,6
8518,7,8,3
8519,7,16,18
8520,7,4,11
8521,7,16,18
8522,7,16,18
8523,7,16,18
8524,7,16,18
8525,7,9,7
8526,7,5,9
8527,7,5,9
8528,7,5,9
8529,7,11,14
8530,7,11,14
8531,7,5,9
8532,7,5,9
8533,7,10,13
8534,7,19,0
8535,7,19,0
8536,7,16,18
8537,7,19,0
8538,7,19,0
8539,7,9,7
8540,7,6,19
8541,7,5,9
8542,7,11,14
8543,7,3,17
8544,7,13,2
8545,7,5,9
8546,7,5,9
8547,7,13,2
8548,7,1,6
8549,7,16,18
8550,7,13,2
8551,7,5,9
8552,7,16,18
8553,7,17,5
8554,7,18,8
8555,7,1,6
8556,7,16,18
8557,7,1,6
8558,7,17,5
8559,7,18,8
8560,7,6,19
8561,7,15,1
8562,7,5,9
8563,7,15,1
8564,7,16,18
8565,7,15,1
8566,7,4,11
8567,7,3,17
8568,7,15,1
8569,7,16,18
8570,7,16,18
8571,7,16,18
8572,7,11,14
8573,7,18,8
8574,7,16,18
8575,7,5,9
8576,7,9,7
8577,7,15,1
8578,7,16,18
8579,7,11,14
8580,7,16,18
8581,7,16,18
8582,7,11,14
8583,7,19,0
8584,7,1,6
8585,7,1,6
8586,7,16,18
8587,7,17,5
8588,7,1,6
8589,7,9,7
8590,7,16,18
8591,7,17,5
8592,7,17,5
8593,7,19,0
8594,7,1,6
8595,7,19,0
8596,7,15,1
8597,7,9,7
8598,7,16,18
8599,7,14,4
8600,7,17,5
8601,7,6,19
8602,7,15,1
8603,7,1,6
8604,7,13,2
8605,7,13,2
8606,7,2,16
8607,7,18,8
8608,7,5,9
8609,7,9,7
8610,7,5,9
8611,7,5,9
8612,7,16,18
8613,7,5,9
8614,7,4,11
8615,7,13,2
8616,7,5,9
8617,7,19,0
8618,7,1,6
8619,7,16,18
8620,7,5,9
8621,7,16,18
8622,7,1,6
8623,7,3,17
8624,7,5,9
8625,7,1,6
8626,7,12,15
8627,7,3,17
8628,7,16,18
8629,7,4,11
8630,7,6,19
8631,7,16,18
8632,7,12,15
8633,7,3,17
8634,7,1,6
8635,7,5,9
8636,7,16,18
8637,7,2,16
8638,7,1,6
8639,7,16,18
8640,7,5,9
8641,7,3,17
8642,7,16,18
8643,7,6,19
8644,7,16,18
8645,7,3,17
8646,7,16,18
8647,7,9,7
8648,7,13,2
8649,7,6,19
8650,7,16,18
8651,7,16,18
8652,7,3,17
8653,7,16,18
8654,7,18,8
8655,7,16,18
8656,7,5,9
8657,7,5,9
8658,7,15,1
8659,7,16,18
8660,7,11,14
8661,7,16,18
8662,7,4,11
8663,7,5,9
8664,7,18,8
8665,7,13,2
8666,7,9,7
8667,7,16,18
8668,7,16,18
8669,7,1,6
8670,7,1,6
8671,7,1,6
8672,7,16,18
8673,7,16,18
8674,7,16,18
8675,7,16,18
8676,7,6,19
8677,7,16,18
8678,7,16,18
8679,7,16,18
8680,7,14,4
8681,7,18,8
8682,7,16,18
8683,7,19,0
8684,7,4,11
8685,7,18,8
8686,8,1,6
8687,8,3,17
8688,8,1,6
8689,8,6,19
8690,8,16,18
8691,8,9,7
8692,8,3,17
8693,8,13,2
8694,8,6,19
8695,8,16,18
8696,8,5,9
8697,8,9,7
8698,8,5,9
8699,8,1,6
8700,8,5,9
8701,8,3,17
8702,8,15,1
8703,8,16,18
8704,8,12,15
8705,8,1,6
8706,8,19,0
8707,8,17,5
8708,8,16,18
8709,8,16,18
8710,8,5,9
8711,8,17,5
8712,8,5,9
8713,8,19,0
8714,8,5,9
8715,8,12,15
8716,8,16,18
8717,8,16,18
8718,8,6,19
8719,8,8,3
8720,8,16,18
8721,8,4,11
8722,8,16,18
8723,8,16,18
8724,8,14,4
8725,8,8,3
8726,8,8,3
8727,8,16,18
8728,8,16,18
8729,8,16,18
8730,8,1,6
8731,8,14,4
8732,8,16,18
8733,8,11,14
8734,8,5,9
8735,8,11,14
8736,8,18,8
8737,8,3,17
8738,8,16,18
8739,8,15,1
8740,8,16,18
8741,8,1,6
8742,8,16,18
8743,8,9,7
8744,8,14,4
8745,8,6,19
8746,8,9,7
8747,8,1,6
8748,8,16,18
8749,8,5,9
8750,8,1,6
8751,8,9,7
8752,8,6,19
8753,8,16,18
8754,8,11,14
8755,8,4,11
8756,8,11,14
8757,8,13,2
8758,8,16,18
8759,8,17,5
8760,8,18,8
8761,8,10,13
8762,8,16,18
8763,8,0,12
8764,8,16,18
8765,8,5,9
8766,8,14,4
8767,8,5,9
8768,8,1,6
8769,8,11,14
8770,8,16,18
8771,8,18,8
8772,8,4,11
8773,8,1,6
8774,8,16,18
8775,8,1,6
8776,8,5,9
8777,8,14,4
8778,8,5,9
8779,8,1,6
8780,8,5,9
8781,8,13,2
8782,8,16,18
8783,8,15,1
8784,8,18,8
8785,8,5,9
8786,8,5,9
8787,8,16,18
8788,8,3,17
8789,8,14,4
8790,8,3,17
8791,8,16,18
8792,8,19,0
8793,8,11,14
8794,8,5,9
8795,8,16,18
8796,8,16,18
8797,8,13,2
8798,8,14,4
8799,8,3,17
8800,8,14,4
8801,8,1,6
8802,8,16,18
8803,8,3,17
8804,8,11,14
8805,8,5,9
8806,8,12,15
8807,8,4,11
8808,8,18,8
8809,8,1,6
8810,8,8,3
8811,8,5,9
8812,8,16,18
8813,8,16,18
8814,8,16,18
8815,8,5,9
8816,8,5,9
8817,8,5,9
8818,8,16,18
8819,8,16,18
8820,8,13,2
8821,8,1,6
8822,8,18,8
8823,8,16,18
8824,8,16,18
8825,8,16,18
8826,8,1,6
8827,8,1,6
8828,8,11,14
8829,8,16,18
8830,8,5,9
8831,8,5,9
8832,8,3,17
8833,8,19,0
8834,8,5,9
8835,8,5,9
8836,8,5,9
8837,8,6,19
8838,8,19,0
8839,8,16,18
8840,8,1,6
8841,8,3,17
8842,8,14,4
8843,8,5,9
8844,8,16,18
8845,8,5,9
8846,8,3,17
8847,8,19,0
8848,8,16,18
8849,8,11,14
8850,8,5,9
8851,8,5,9
8852,8,18,8
8853,8,5,9
8854,8,13,2
8855,8,10,13
8856,8,16,18
8857,8,16,18
8858,8,14,4
8859,8,16,18
8860,8,5,9
8861,8,3,17
8862,8,5,9
8863,8,16,18
8864,8,5,9
8865,8,11,14
8866,8,18,8
8867,8,13,2
8868,8,16,18
8869,8,3,17
8870,8,16,18
8871,8,3,17
8872,8,5,9
8873,8,1,6
8874,8,16,18
8875,8,5,9
8876,8,5,9
8877,8,19,0
8878,8,18,8
8879,8,18,8
8880,8,16,18
8881,8,14,4
8882,8,9,7
8883,8,8,3
8884,8,9,7
8885,8,17,5
8886,8,6,19
8887,8,5,9
8888,8,16,18
8889,8,6,19
8890,8,16,18
8891,8,5,9
8892,8,9,7
8893,8,1,6
8894,8,9,7
8895,8,9,7
8896,8,14,4
8897,8,5,9
8898,8,16,18
8899,8,9,7
8900,8,18,8
8901,8,11,14
8902,8,11,14
8903,8,16,18
8904,8,4,11
8905,8,14,4
8906,8,5,9
8907,8,17,5
8908,8,5,9
8909,8,4,11
8910,8,18,8
8911,8,17,5
8912,8,4,11
8913,8,16,18
8914,8,16,18
8915,8,16,18
8916,8,16,18
8917,8,18,8
8918,8,1,6
8919,8,5,9
8920,8,11,14
8921,8,16,18
8922,8,12,15
8923,8,1,6
8924,8,1,6
8925,8,16,18
8926,8,17,5
8927,8,5,9
8928,8,6,19
8929,8,18,8
8930,8,5,9
8931,8,5,9
8932,8,3,17
8933,8,16,18
8934,8,16,18
8935,8,16,18
8936,8,16,18
8937,8,1,6
8938,8,11,14
8939,8,5,9
8940,8,5,9
8941,8,15,1
8942,8,19,0
8943,8,16,18
8944,8,17,5
8945,8,5,9
8946,8,11,14
8947,8,16,18
8948,8,13,2
8949,8,11,14
8950,8,15,1
8951,8,3,17
8952,8,11,14
8953,8,4,11
8954,8,16,18
8955,8,14,4
8956,8,16,18
8957,8,3,17
8958,8,6,19
8959,8,5,9
8960,8,5,9
8961,8,3,17
8962,8,14,4
8963,8,4,11
8964,8,18,8
8965,8,5,9
8966,8,5,9
8967,8,18,8
8968,8,12,15
8969,8,5,9
8970,8,1,6
8971,8,19,0
8972,8,5,9
8973,8,16,18
8974,8,16,18
8975,8,13,2
8976,8,15,1
8977,8,16,18
8978,8,5,9
8979,8,5,9
8980,8,16,18
8981,8,16,18
8982,8,9,7
8983,8,15,1
8984,8,5,9
8985,8,13,2
8986,8,16,18
8987,8,3,17
8988,8,5,9
8989,8,16,18
8990,8,3,17
8991,8,1,6
8992,8,15,1
8993,8,15,1
8994,8,13,2
8995,8,18,8
8996,8,16,18
8997,8,5,9
8998,8,16,18
8999,8,18,8
9000,8,16,18
9001,8,13,2
9002,8,19,0
9003,8,16,18
9004,8,16,18
9005,8,5,9
9006,8,13,2
9007,8,16,18
9008,8,18,8
9009,8,3,17
9010,8,16,18
9011,8,16,18
9012,8,5,9
9013,8,3,17
9014,8,15,1
9015,8,16,18
9016,8,16,18
9017,8,16,18
9018,8,19,0
9019,8,18,8
9020,8,3,17
9021,8,16,18
9022,8,14,4
9023,8,5,9
9024,8,9,7
9025,8,5,9
9026,8,11,14
9027,8,11,14
9028,8,13,2
9029,8,5,9
9030,8,11,14
9031,8,17,5
9032,8,5,9
9033,8,13,2
9034,8,15,1
9035,8,16,18
9036,8,12,15
9037,8,19,0
9038,8,17,5
9039,8,16,18
9040,8,9,7
9041,8,14,4
9042,8,4,11
9043,8,16,18
9044,8,12,15
9045,8,5,9
9046,8,12,15
9047,8,16,18
9048,8,16,18
9049,8,9,7
9050,8,4,11
9051,8,14,4
9052,8,5,9
9053,8,4,11
9054,8,3,17
9055,8,14,4
9056,8,5,9
9057,8,1,6
9058,8,16,18
9059,8,16,18
9060,8,10,13
9061,8,8,3
9062,8,18,8
9063,8,15,1
9064,8,5,9
9065,8,1,6
9066,8,8,3
9067,8,17,5
9068,8,2,16
9069,8,5,9
9070,8,6,19
9071,8,18,8
9072,8,16,18
9073,8,3,17
9074,8,3,17
9075,8,11,14
9076,8,5,9
9077,8,5,9
9078,8,17,5
9079,8,5,9
9080,8,1,6
9081,8,17,5
9082,8,16,18
9083,8,16,18
9084,8,15,1
9085,8,18,8
9086,8,1,6
9087,8,18,8
9088,8,1,6
9089,8,16,18
9090,8,5,9
9091,8,5,9
9092,8,15,1
9093,8,16,18
9094,8,16,18
9095,8,15,1
9096,8,9,7
9097,8,16,18
9098,8,5,9
9099,8,15,1
9100,8,4,11
9101,8,16,18
9102,8,5,9
9103,8,16,18
9104,8,1,6
9105,8,16,18
9106,8,16,18
9107,8,1,6
9108,8,5,9
9109,8,19,0
9110,8,3,17
9111,8,16,18
9112,8,5,9
9113,8,16,18
9114,8,5,9
9115,8,16,18
9116,8,4,11
9117,8,19,0
9118,8,16,18
9119,8,15,1
9120,8,4,11
9121,8,16,18
9122,8,8,3
9123,8,1,6
9124,8,16,18
9125,8,1,6
9126,8,16,18
9127,8,16,18
9128,8,16,18
9129,8,11,14
9130,8,5,9
9131,8,15,1
9132,8,16,18
9133,8,15,1
9134,8,11,14
9135,8,3,17
9136,8,18,8
9137,8,13,2
9138,8,13,2
9139,8,18,8
9140,8,5,9
9141,8,17,5
9142,8,5,9
9143,8,16,18
9144,8,9,7
9145,8,18,8
9146,8,11,14
9147,8,9,7
9148,8,16,18
9149,8,5,9
9150,8,8,3
9151,8,5,9
9152,8,16,18
9153,8,1,6
9154,8,1,6
9155,8,4,11
9156,8,16,18
9157,8,5,9
9158,8,8,3
9159,8,6,19
9160,8,13,2
9161,8,16,18
9162,8,1,6
9163,8,11,14
9164,8,1,6
9165,8,16,18
9166,8,16,18
9167,8,16,18
9168,8,13,2
9169,8,15,1
9170,8,11,14
9171,8,5,9
9172,8,11,14
9173,8,3,17
9174,8,1,6
9175,8,11,14
9176,8,3,17
9177,8,13,2
9178,8,2,16
9179,8,16,18
9180,8,16,18
9181,8,16,18
9182,8,5,9
9183,8,8,3
9184,8,5,9
9185,8,16,18
9186,8,11,14
9187,8,5,9
9188,8,10,13
9189,8,6,19
9190,8,5,9
9191,8,16,18
9192,8,18,8
9193,8,13,2
9194,8,1,6
9195,8,5,9
9196,8,5,9
9197,8,14,4
9198,8,5,9
9199,8,15,1
9200,8,4,11
9201,8,16,18
9202,8,13,2
9203,8,6,19
9204,8,16,18
9205,8,19,0
9206,8,5,9
9207,8,4,11
9208,8,18,8
9209,8,11,14
9210,8,4,11
9211,8,4,11
9212,8,4,11
9213,8,9,7
9214,8,5,9
9215,8,9,7
9216,8,5,9
9217,8,9,7
9218,8,9,7
9219,9,16,18
9220,9,5,9
9221,9,16,18
9222,9,5,9
9223,9,14,4
9224,9,14,4
9225,9,16,18
9226,9,5,9
9227,9,16,18
9228,9,16,18
9229,9,16,18
9230,9,16,18
9231,9,19,0
9232,9,16,18
9233,9,5,9
9234,9,1,6
9235,9,16,18
9236,9,19,0
9237,9,2,16
9238,9,12,15
9239,9,17,5
9240,9,5,9
9241,9,16,18
9242,9,5,9
9243,9,2,16
9244,9,6,19
9245,9,19,0
9246,9,19,0
9247,9,19,0
9248,9,6,19
9249,9,6,19
9250,9,15,1
9251,9,1,6
9252,9,13,2
9253,9,1,6
9254,9,19,0
9255,9,16,18
9256,9,5,9
9257,9,13,2
9258,9,16,18
9259,9,15,1
9260,9,5,9
9261,9,5,9
9262,9,16,18
9263,9,6,19
9264,9,5,9
9265,9,16,18
9266,9,11,14
9267,9,16,18
9268,9,5,9
9269,9,16,18
9270,9,1,6
9271,9,16,18
9272,9,16,18
9273,9,5,9
9274,9,4,11
9275,9,6,19
9276,9,5,9
9277,9,17,5
9278,9,17,5
9279,9,14,4
9280,9,18,8
9281,9,5,9
9282,9,5,9
9283,9,5,9
9284,9,11,14
9285,9,16,18
9286,9,18,8
9287,9,5,9
9288,9,5,9
9289,9,16,18
9290,9,5,9
9291,9,9,7
9292,9,9,7
9293,9,18,8
9294,9,17,5
9295,9,8,3
9296,9,16,18
9297,9,15,1
9298,9,5,9
9299,9,6,19
9300,9,9,7
9301,9,13,2
9302,9,13,2
9303,9,16,18
9304,9,5,9
9305,9,4,11
9306,9,16,18
9307,9,16,18
9308,9,1,6
9309,9,1,6
9310,9,15,1
9311,9,16,18
9312,9,8,3
9313,9,3,17
9314,9,8,3
9315,9,16,18
9316,9,16,18
9317,9,3,17
9318,9,17,5
9319,9,16,18
9320,9,16,18
9321,9,5,9
9322,9,12,15
9323,9,17,5
9324,9,16,18
9325,9,16,18
9326,9,3,17
9327,9,15,1
9328,9,13,2
9329,9,17,5
9330,9,18,8
9331,9,16,18
9332,9,16,18
9333,9,16,18
9334,9,13,2
9335,9,13,2
9336,9,19,0
9337,9,1,6
9338,9,16,18
9339,9,1,6
9340,9,16,18
9341,9,18,8
9342,9,18,8
9343,9,15,1
9344,9,1,6
9345,9,13,2
9346,9,16,18
9347,9,16,18
9348,9,16,18
9349,9,5,9
9350,9,3,17
9351,9,2,16
9352,9,5,9
9353,9,16,18
9354,9,5,9
9355,9,5,9
9356,9,1,6
9357,9,18,8
9358,9,5,9
9359,9,11,14
9360,9,16,18
9361,9,16,18
9362,9,5,9
9363,9,1,6
9364,9,19,0
9365,9,4,11
9366,9,17,5
9367,9,4,11
9368,9,9,7
9369,9,4,11
9370,9,11,14
9371,9,16,18
9372,9,14,4
9373,9,5,9
9374,9,14,4
9375,9,4,11
9376,9,1,6
9377,9,11,14
9378,9,16,18
9379,9,16,18
9380,9,16,18
9381,9,17,5
9382,9,5,9
9383,9,4,11
9384,9,12,15
9385,9,13,2
9386,9,16,18
9387,9,5,9
9388,9,12,15
9389,9,6,19
9390,9,14,4
9391,9,18,8
9392,9,5,9
9393,9,16,18
9394,9,14,4
9395,9,5,9
9396,9,15,1
9397,9,5,9
9398,9,13,2
9399,9,16,18
9400,9,5,9
9401,9,18,8
9402,9,5,9
9403,9,18,8
9404,9,11,14
9405,9,5,9
9406,9,5,9
9407,9,16,18
9408,9,5,9
9409,9,3,17
9410,9,4,11
9411,9,11,14
9412,9,11,14
9413,9,5,9
9414,9,19,0
9415,9,16,18
9416,9,11,14
9417,9,18,8
9418,9,16,18
9419,9,16,18
9420,9,5,9
9421,9,18,8
9422,9,5,9
9423,9,5,9
9424,9,4,11
9425,9,15,1
9426,9,11,14
9427,9,19,0
9428,9,16,18
9429,9,14,4
9430,9,19,0
9431,9,16,18
9432,9,16,18
9433,9,1,6
9434,9,13,2
9435,9,16,18
9436,9,4,11
9437,9,1,6
9438,9,4,11
9439,9,3,17
9440,9,5,9
9441,9,5,9
9442,9,16,18
9443,9,1,6
9444,9,16,18
9445,9,1,6
9446,9,5,9
9447,9,5,9
9448,9,16,18
9449,9,5,9
9450,9,16,18
9451,9,11,14
9452,9,12,15
9453,9,4,11
9454,9,16,18
9455,9,5,9
9456,9,5,9
9457,9,16,18
9458,9,19,0
9459,9,15,1
9460,9,15,1
9461,9,16,18
9462,9,5,9
9463,9,18,8
9464,9,15,1
9465,9,18,8
9466,9,1,6
9467,9,5,9
9468,9,13,2
9469,9,16,18
9470,9,13,2
9471,9,8,3
9472,9,12,15
9473,9,14,4
9474,9,6,19
9475,9,9,7
9476,9,18,8
9477,9,13,2
9478,9,5,9
9479,9,5,9
9480,9,11,14
9481,9,3,17
9482,9,18,8
9483,9,19,0
9484,9,14,4
9485,9,3,17
9486,9,1,6
9487,9,15,1
9488,9,1,6
9489,9,5,9
9490,9,16,18
9491,9,16,18
9492,9,18,8
9493,9,5,9
9494,9,11,14
9495,9,8,3
9496,9,16,18
9497,9,6,19
9498,9,16,18
9499,9,13,2
9500,9,5,9
9501,9,3,17
9502,9,5,9
9503,9,1,6
9504,9,3,17
9505,9,16,18
9506,9,19,0
9507,9,1,6
9508,9,5,9
9509,9,1,6
9510,9,9,7
9511,9,5,9
9512,9,3,17
9513,9,3,17
9514,9,16,18
9515,9,5,9
9516,9,16,18
9517,9,18,8
9518,9,16,18
9519,9,9,7
9520,9,4,11
9521,9,1,6
9522,9,16,18
9523,9,5,9
9524,9,13,2
9525,9,1,6
9526,9,18,8
9527,9,5,9
9528,9,14,4
9529,9,3,17
9530,9,14,4
9531,9,16,18
9532,9,5,9
9533,9,19,0
9534,9,5,9
9535,9,5,9
9536,9,5,9
9537,9,3,17
9538,9,5,9
9539,9,16,18
9540,9,5,9
9541,9,16,18
9542,9,5,9
9543,9,16,18
9544,9,16,18
9545,9,8,3
9546,9,19,0
9547,9,19,0
9548,9,5,9
9549,9,16,18
9550,9,8,3
9551,9,5,9
9552,9,3,17
9553,9,14,4
9554,9,1,6
9555,9,3,17
9556,9,3,17
9557,9,6,19
9558,9,11,14
9559,9,5,9
9560,9,16,18
9561,9,15,1
9562,9,5,9
9563,9,5,9
9564,9,19,0
9565,9,16,18
9566,9,3,17
9567,9,1,6
9568,9,3,17
9569,9,5,9
9570,9,11,14
9571,9,8,3
9572,9,18,8
9573,9,9,7
9574,9,6,19
9575,9,16,18
9576,9,6,19
9577,9,6,19
9578,9,1,6
9579,9,9,7
9580,9,1,6
9581,9,5,9
9582,9,1,6
9583,9,3,17
9584,9,8,3
9585,9,11,14
9586,9,11,14
9587,9,11,14
9588,9,5,9
9589,9,16,18
9590,9,14,4
9591,9,18,8
9592,9,3,17
9593,9,5,9
9594,9,16,18
9595,9,11,14
9596,9,5,9
9597,9,8,3
9598,9,3,17
9599,9,16,18
9600,9,1,6
9601,9,5,9
9602,9,16,18
9603,9,9,7
9604,9,5,9
9605,9,18,8
9606,9,9,7
9607,9,4,11
9608,9,16,18
9609,9,3,17
9610,9,5,9
9611,9,15,1
9612,9,13,2
9613,9,5,9
9614,9,16,18
9615,9,14,4
9616,9,16,18
9617,9,5,9
9618,9,6,19
9619,9,1,6
9620,9,18,8
9621,9,16,18
9622,9,6,19
9623,9,16,18
9624,9,1,6
9625,9,5,9
9626,9,5,9
9627,9,3,17
9628,9,16,18
9629,9,3,17
9630,9,5,9
9631,9,18,8
9632,9,13,2
9633,9,16,18
9634,9,3,17
9635,9,16,18
9636,9,16,18
9637,9,5,9
9638,9,16,18
9639,9,5,9
9640,9,4,11
9641,9,3,17
9642,9,1,6
9643,9,16,18
9644,9,15,1
9645,9,16,18
9646,9,18,8
9647,9,13,2
9648,9,8,3
9649,9,19,0
9650,9,16,18
9651,9,16,18
9652,9,4,11
9653,9,19,0
9654,9,5,9
9655,9,1,6
9656,9,1,6
9657,9,17,5
9658,9,8,3
9659,9,3,17
9660,9,4,11
9661,9,16,18
9662,9,9,7
9663,9,13,2
9664,9,15,1
9665,9,6,19
9666,9,16,18
9667,9,13,2
9668,9,5,9
9669,9,1,6
9670,9,1,6
9671,9,3,17
9672,9,16,18
9673,9,18,8
9674,9,16,18
9675,9,19,0
9676,9,19,0
9677,9,19,0
9678,9,16,18
9679,9,5,9
9680,9,6,19
9681,9,16,18
9682,9,15,1
9683,9,16,18
9684,9,18,8
9685,9,12,15
9686,9,4,11
9687,9,3,17
9688,9,3,17
9689,9,3,17
9690,9,17,5
9691,9,16,18
9692,9,5,9
9693,9,11,14
9694,9,1,6
9695,9,1,6
9696,9,3,17
9697,9,12,15
9698,9,11,14
9699,9,8,3
9700,9,11,14
9701,9,1,6
9702,9,9,7
9703,9,18,8
9704,9,8,3
9705,9,17,5
9706,9,16,18
9707,9,16,18
9708,9,5,9
9709,9,9,7
9710,9,13,2
9711,9,3,17
9712,9,5,9
9713,9,16,18
9714,9,4,11
9715,9,1,6
9716,9,4,11
9717,9,5,9
9718,9,16,18
9719,9,1,6
9720,9,9,7
9721,9,3,17
9722,9,4,11
9723,9,16,18
9724,9,11,14
9725,9,4,11
9726,9,9,7
9727,9,5,9
9728,9,16,18
9729,9,2,16
9730,9,1,6
9731,9,13,2
9732,9,1,6
9733,9,5,9
9734,9,5,9
9735,9,16,18
9736,9,15,1
9737,9,6,19
9738,9,13,2
9739,9,9,7
9740,9,13,2
9741,9,1,6
9742,9,14,4
9743,9,11,14
9744,9,12,15
9745,9,6,19
9746,9,13,2
9747,9,5,9
9748,9,13,2
9749,9,16,18
9750,9,16,18
9751,9,5,9
9752,9,8,3
9753,9,5,9
9754,9,1,6
9755,9,1,6
9756,9,3,17
9757,9,2,16
9758,9,1,6
9759,9,19,0
9760,9,1,6
9761,9,5,9
9762,9,5,9
9763,9,16,18
9764,9,16,18
9765,9,16,18
9766,9,16,18
9767,9,1,6
9768,9,3,17
9769,9,16,18
9770,9,1,6
9771,9,16,18
9772,9,16,18
9773,9,16,18
9774,9,3,17
9775,9,16,18
9776,9,3,17
9777,9,15,1
9778,9,15,1
9779,9,5,9
9780,9,14,4
9781,9,13,2
9782,9,5,9
9783,9,5,9
9784,9,16,18
9785,9,1,6
9786,9,5,9
9787,9,16,18
9788,9,5,9
9789,9,4,11
9790,9,4,11
9791,9,1,6
9792,9,4,11
9793,9,5,9
9794,9,5,9
9795,9,5,9
9796,9,5,9
9797,9,3,17
9798,9,18,8
9799,9,16,18
9800,9,15,1
9801,9,16,18
9802,9,16,18
9803,9,9,7
9804,9,9,7
9805,9,11,14
9806,9,9,7
9807,9,5,9
9808,9,19,0
9809,9,16,18
9810,9,18,8
9811,9,13,2
9812,9,9,7
9813,9,2,16
9814,9,16,18
9815,9,9,7
9816,9,18,8
9817,9,16,18
9818,9,1,6
9819,9,5,9
9820,9,5,9
9821,9,13,2
9822,9,16,18
9823,9,4,11
9824,9,18,8
9825,9,5,9
9826,9,1,6
9827,9,18,8
9828,9,14,4
9829,9,11,14
9830,9,16,18
9831,9,16,18
9832,9,11,14
9833,9,3,17
9834,9,14,4
9835,9,19,0
9836,9,4,11
9837,9,1,6
9838,9,16,18
9839,9,9,7
9840,9,16,18
9841,9,19,0
9842,9,16,18
9843,9,9,7
9844,9,1,6
9845,9,18,8
9846,9,16,18
9847,9,5,9
9848,9,16,18
9849,9,18,8
9850,9,18,8
9851,9,19,0
9852,9,16,18
9853,9,11,14
9854,9,16,18
9855,9,1,6
9856,9,3,17
9857,9,14,4
9858,9,16,18
9859,9,5,9
9860,9,5,9
9861,9,3,17
9862,9,5,9
9863,9,15,1
9864,9,18,8
9865,9,5,9
9866,9,9,7
9867,9,18,8
9868,9,5,9
9869,9,1,6
9870,9,5,9
9871,9,3,17
9872,9,16,18
9873,9,16,18
9874,9,3,17
9875,9,6,19
9876,9,1,6
9877,9,5,9
9878,9,5,9
9879,9,9,7
9880,9,6,19
9881,9,9,7
9882,9,16,18
9883,9,4,11
9884,9,13,2
9885,9,3,17
9886,9,16,18
9887,9,16,18
9888,9,5,9
9889,9,18,8
9890,9,5,9
9891,9,9,7
9892,9,1,6
9893,9,5,9
9894,9,5,9
9895,9,1,6
9896,9,5,9
9897,9,16,18
9898,9,19,0
9899,9,14,4
9900,9,18,8
9901,9,16,18
9902,9,13,2
9903,9,18,8
9904,9,16,18
9905,9,3,17
9906,9,5,9
9907,9,5,9
9908,9,18,8
9909,9,5,9
9910,9,16,18
9911,9,18,8
9912,9,9,7
9913,9,19,0
9914,9,5,9
9915,9,5,9
9916,9,1,6
9917,9,5,9
9918,9,18,8
9919,9,19,0
9920,9,16,18
9921,9,1,6
9922,9,16,18
9923,9,13,2
9924,9,3,17
9925,9,13,2
9926,9,17,5
9927,9,5,9
9928,9,5,9
9929,9,16,18
9930,9,15,1
9931,9,19,0
9932,9,1,6
9933,9,5,9
9934,9,3,17
9935,9,9,7
9936,9,5,9
9937,9,1,6
9938,9,11,14
9939,9,3,17
9940,9,11,14
9941,9,5,9
9942,9,5,9
9943,9,5,9
9944,9,3,17
9945,9,5,9
9946,9,4,11
9947,9,5,9
9948,9,5,9
9949,9,5,9
9950,9,13,2
9951,9,5,9
9952,9,5,9
9953,9,5,9
9954,9,9,7
9955,9,19,0
9956,9,16,18
9957,9,15,1
9958,9,16,18
9959,9,16,18
9960,9,4,11
9961,9,9,7
9962,9,16,18
9963,9,16,18
9964,9,12,15
9965,9,5,9
9966,9,16,18
9967,9,9,7
9968,9,17,5
9969,9,8,3
9970,9,16,18
9971,9,16,18
9972,9,12,15
9973,9,14,4
9974,9,1,6
9975,9,2,16
9976,9,5,9
9977,9,16,18
9978,9,3,17
9979,9,9,7
9980,9,5,9
9981,9,5,9
9982,9,13,2
9983,9,5,9
9984,9,14,4
9985,9,4,11
9986,9,5,9
9987,9,5,9
9988,9,19,0
9989,9,5,9
9990,9,3,17
9991,9,9,7
9992,9,2,16
9993,9,11,14
9994,9,6,19
9995,9,11,14
9996,9,16,18
9997,9,5,9
9998,9,4,11
9999,9,19,0
10000,9,5,9
10001,9,3,17
10002,9,3,17
10003,9,16,18
10004,9,15,1
10005,9,3,17
10006,9,5,9
10007,9,5,9
10008,9,3,17
10009,9,16,18
10010,9,15,1
10011,9,19,0
10012,9,6,19
10013,9,3,17
10014,9,4,11
10015,9,1,6
10016,9,11,14
10017,9,17,5
10018,10,11,14
10019,10,16,18
10020,10,19,0
10021,10,1,6
10022,10,5,9
10023,10,4,11
10024,10,19,0
10025,10,5,9
10026,10,17,5
10027,10,14,4
10028,10,4,11
10029,10,16,18
10030,10,16,18
10031,10,9,7
10032,10,14,4
10033,10,5,9
10034,10,4,11
10035,10,9,7
10036,10,16,18
10037,10,6,19
10038,10,5,9
10039,10,17,5
10040,10,16,18
10041,10,5,9
10042,10,4,11
10043,10,1,6
10044,10,16,18
10045,10,17,5
10046,10,17,5
10047,10,3,17
10048,10,16,18
10049,10,9,7
10050,10,5,9
10051,10,5,9
10052,10,16,18
10053,10,2,16
10054,10,16,18
10055,10,3,17
10056,10,5,9
10057,10,19,0
10058,10,19,0
10059,10,10,13
10060,10,16,18
10061,10,3,17
10062,10,5,9
10063,10,5,9
10064,10,18,8
10065,10,16,18
10066,10,9,7
10067,10,5,9
10068,10,18,8
10069,10,3,17
10070,10,14,4
10071,10,12,15
10072,10,19,0
10073,10,11,14
10074,10,5,9
10075,10,4,11
10076,10,16,18
10077,10,13,2
10078,10,15,1
10079,10,16,18
10080,10,10,13
10081,10,1,6
10082,10,17,5
10083,10,18,8
10084,10,10,13
10085,10,12,15
10086,10,5,9
10087,10,5,9
10088,10,18,8
10089,10,5,9
10090,10,5,9
10091,10,11,14
10092,10,13,2
10093,10,5,9
10094,10,17,5
10095,10,3,17
10096,10,5,9
10097,10,5,9
10098,10,13,2
10099,10,16,18
10100,10,19,0
10101,10,16,18
10102,10,1,6
10103,10,14,4
10104,10,4,11
10105,10,3,17
10106,10,3,17
10107,10,9,7
10108,10,4,11
10109,10,8,3
10110,10,11,14
10111,10,5,9
10112,10,16,18
10113,10,11,14
10114,10,19,0
10115,10,13,2
10116,10,3,17
10117,10,16,18
10118,10,4,11
10119,10,14,4
10120,10,1,6
10121,10,5,9
10122,10,4,11
10123,10,1,6
10124,10,19,0
10125,10,19,0
10126,10,17,5
10127,10,5,9
10128,10,17,5
10129,10,16,18
10130,10,5,9
10131,10,5,9
10132,10,5,9
10133,10,16,18
10134,10,11,14
10135,10,5,9
10136,10,16,18
10137,10,16,18
10138,10,1,6
10139,10,5,9
10140,10,15,1
10141,10,5,9
10142,10,11,14
10143,10,6,19
10144,10,13,2
10145,10,19,0
10146,10,1,6
10147,10,5,9
10148,10,6,19
10149,10,6,19
10150,10,16,18
10151,10,1,6
10152,10,5,9
10153,10,12,15
10154,10,5,9
10155,10,15,1
10156,10,5,9
10157,10,16,18
10158,10,16,18
10159,10,5,9
10160,10,5,9
10161,10,10,13
10162,10,11,14
10163,10,16,18
10164,10,1,6
10165,10,14,4
10166,10,1,6
10167,10,11,14
10168,10,5,9
10169,10,16,18
10170,10,18,8
10171,10,19,0
10172,10,4,11
10173,10,16,18
10174,10,6,19
10175,10,16,18
10176,10,15,1
10177,10,16,18
10178,10,3,17
10179,10,5,9
10180,10,16,18
10181,10,13,2
10182,10,5,9
10183,10,5,9
10184,10,16,18
10185,10,5,9
10186,10,16,18
10187,10,1,6
10188,10,5,9
10189,10,16,18
10190,10,16,18
10191,10,11,14
10192,10,1,6
10193,10,5,9
10194,10,16,18
10195,10,16,18
10196,10,5,9
10197,10,19,0
10198,10,5,9
10199,10,3,17
10200,10,5,9
10201,10,3,17
10202,10,1,6
10203,10,9,7
10204,10,1,6
10205,10,13,2
10206,10,16,18
10207,10,15,1
10208,10,16,18
10209,10,5,9
10210,10,14,4
10211,10,9,7
10212,10,18,8
10213,10,5,9
10214,10,19,0
10215,10,11,14
10216,10,13,2
10217,10,5,9
10218,10,5,9
10219,10,14,4
10220,10,2,16
10221,10,5,9
10222,10,6,19
10223,10,5,9
10224,10,5,9
10225,10,19,0
10226,10,1,6
10227,10,9,7
10228,10,15,1
10229,10,16,18
10230,10,5,9
10231,10,5,9
10232,10,5,9
10233,10,19,0
10234,10,15,1
10235,10,17,5
10236,10,19,0
10237,10,3,17
10238,10,5,9
10239,10,4,11
10240,10,16,18
10241,10,17,5
10242,10,16,18
10243,10,19,0
10244,10,9,7
10245,10,5,9
10246,10,5,9
10247,10,13,2
10248,10,1,6
10249,10,16,18
10250,10,16,18
10251,10,5,9
10252,10,4,11
10253,10,11,14
10254,10,16,18
10255,10,1,6
10256,10,14,4
10257,10,3,17
10258,10,1,6
10259,10,5,9
10260,10,5,9
10261,10,16,18
10262,10,11,14
10263,10,18,8
10264,10,1,6
10265,10,1,6
10266,10,18,8
10267,10,6,19
10268,10,1,6
10269,10,9,7
10270,10,1,6
10271,10,16,18
10272,10,1,6
10273,10,4,11
10274,10,1,6
10275,10,18,8
10276,10,6,19
10277,10,5,9
10278,10,4,11
10279,10,9,7
10280,10,16,18
10281,10,19,0
10282,10,4,11
10283,10,18,8
10284,10,18,8
10285,10,1,6
10286,10,9,7
10287,10,5,9
10288,10,16,18
10289,10,10,13
10290,10,4,11
10291,10,15,1
10292,10,5,9
10293,10,7,10
10294,10,5,9
10295,10,1,6
10296,10,16,18
10297,10,10,13
10298,10,9,7
10299,10,12,15
10300,10,9,7
10301,10,1,6
10302,10,12,15
10303,10,5,9
10304,10,19,0
10305,10,9,7
10306,10,3,17
10307,10,1,6
10308,10,5,9
10309,10,9,7
10310,10,4,11
10311,10,13,2
10312,10,9,7
10313,10,11,14
10314,10,16,18
10315,10,5,9
10316,10,1,6
10317,10,15,1
10318,10,14,4
10319,10,16,18
10320,10,3,17
10321,10,1,6
10322,10,15,1
10323,10,16,18
10324,10,1,6
10325,10,16,18
10326,10,11,14
10327,10,5,9
10328,10,1,6
10329,10,11,14
10330,10,5,9
10331,10,18,8
10332,10,14,4
10333,10,16,18
10334,10,11,14
10335,10,16,18
10336,10,16,18
10337,10,5,9
10338,10,5,9
10339,10,8,3
10340,10,5,9
10341,10,5,9
10342,10,5,9
10343,10,16,18
10344,10,13,2
10345,10,5,9
10346,10,16,18
10347,10,19,0
10348,10,16,18
10349,10,12,15
10350,10,14,4
10351,10,1,6
10352,10,4,11
10353,10,16,18
10354,10,16,18
10355,10,16,18
10356,10,4,11
10357,10,5,9
10358,10,15,1
10359,10,3,17
10360,10,18,8
10361,10,16,18
10362,10,16,18
10363,10,1,6
10364,10,11,14
10365,10,19,0
10366,10,1,6
10367,10,1,6
10368,10,9,7
10369,10,5,9
10370,10,5,9
10371,10,16,18
10372,10,1,6
10373,10,19,0
10374,10,17,5
10375,10,18,8
10376,10,1,6
10377,10,4,11
10378,10,18,8
10379,10,5,9
10380,10,5,9
10381,10,5,9
10382,10,11,14
10383,10,13,2
10384,10,14,4
10385,10,12,15
10386,10,4,11
10387,10,1,6
10388,10,16,18
10389,10,16,18
10390,10,4,11
10391,10,16,18
10392,10,17,5
10393,10,1,6
10394,10,3,17
10395,10,1,6
10396,10,8,3
10397,10,9,7
10398,10,16,18
10399,10,13,2
10400,10,1,6
10401,10,13,2
10402,10,5,9
10403,10,14,4
10404,10,16,18
10405,10,14,4
10406,10,5,9
10407,10,16,18
10408,10,17,5
10409,10,13,2
10410,10,16,18
10411,10,14,4
10412,10,15,1
10413,10,2,16
10414,10,7,10
10415,10,2,16
10416,10,7,10
10417,10,12,15
10418,10,7,10
10419,10,7,10
10420,10,2,16
10421,10,2,16
10422,10,6,19
10423,10,7,10
10424,10,12,15
10425,10,7,10
10426,10,7,10
10427,10,7,10
10428,10,7,10
10429,10,7,10
10430,10,7,10
10431,10,7,10
10432,10,7,10
10433,10,7,10
10434,10,7,10
10435,10,12,15
10436,10,7,10
10437,10,7,10
10438,10,7,10
10439,10,7,10
10440,10,6,19
10441,10,7,10
10442,10,2,16
10443,10,7,10
10444,10,7,10
10445,10,15,1
10446,10,2,16
10447,10,2,16
10448,10,7,10
10449,10,2,16
10450,10,7,10
10451,10,7,10
10452,10,2,16
10453,10,2,16
10454,10,7,10
10455,10,6,19
10456,10,7,10
10457,10,7,10
10458,10,8,3
10459,10,12,15
10460,10,12,15
10461,10,12,15
10462,10,7,10
10463,10,18,8
10464,10,7,10
10465,10,7,10
10466,10,7,10
10467,10,2,16
10468,10,12,15
10469,10,7,10
10470,10,7,10
10471,10,7,10
10472,10,7,10
10473,10,2,16
10474,10,7,10
10475,10,12,15
10476,10,2,16
10477,10,7,10
10478,10,0,12
10479,10,12,15
10480,10,7,10
10481,10,1,6
10482,10,7,10
10483,10,0,12
10484,10,7,10
10485,10,7,10
10486,10,17,5
10487,10,2,16
10488,10,7,10
10489,10,7,10
10490,10,7,10
10491,10,7,10
10492,10,18,8
10493,10,13,2
10494,10,12,15
10495,10,6,19
10496,10,12,15
10497,10,7,10
10498,10,10,13
10499,10,13,2
10500,10,7,10
10501,10,7,10
10502,10,2,16
10503,10,7,10
10504,10,12,15
10505,10,6,19
10506,10,7,10
10507,10,2,16
10508,10,2,16
10509,10,2,16
10510,10,12,15
10511,10,7,10
10512,10,7,10
10513,10,2,16
10514,10,6,19
10515,10,12,15
10516,10,6,19
10517,10,2,16
10518,10,12,15
10519,10,2,16
10520,10,12,15
10521,10,7,10
10522,10,12,15
10523,10,7,10
10524,10,7,10
10525,10,12,15
10526,10,2,16
10527,10,7,10
10528,10,7,10
10529,10,1,6
10530,10,12,15
10531,10,4,11
10532,10,0,12
10533,10,12,15
10534,10,7,10
10535,10,7,10
10536,10,2,16
10537,10,2,16
10538,10,12,15
10539,10,7,10
10540,10,7,10
10541,10,2,16
10542,10,7,10
10543,10,7,10
10544,10,7,10
10545,10,0,12
10546,10,7,10
10547,10,7,10
10548,10,7,10
10549,10,7,10
10550,10,6,19
10551,10,12,15
10552,10,7,10
10553,10,7,10
10554,10,2,16
10555,10,7,10
10556,10,7,10
10557,10,7,10
10558,10,15,1
10559,10,10,13
10560,10,12,15
10561,10,2,16
10562,10,7,10
10563,10,2,16
10564,10,7,10
10565,10,3,17
10566,10,5,9
10567,10,2,16
10568,10,7,10
10569,10,7,10
10570,10,7,10
10571,10,2,16
10572,10,2,16
10573,10,7,10
10574,10,12,15
10575,10,7,10
10576,10,2,16
10577,10,7,10
10578,10,12,15
10579,10,7,10
10580,10,12,15
10581,10,7,10
10582,10,12,15
10583,10,12,15
10584,10,7,10
10585,10,7,10
10586,10,12,15
10587,10,7,10
10588,10,2,16
10589,10,7,10
10590,10,13,2
10591,10,15,1
10592,10,2,16
10593,10,7,10
10594,10,12,15
10595,10,3,17
10596,10,7,10
10597,10,7,10
10598,10,2,16
10599,10,7,10
10600,10,2,16
10601,10,2,16
10602,10,2,16
10603,10,7,10
10604,10,7,10
10605,10,7,10
10606,10,7,10
10607,10,2,16
10608,10,7,10
10609,10,7,10
10610,10,7,10
10611,10,7,10
10612,10,7,10
10613,10,12,15
10614,10,12,15
10615,10,12,15
10616,10,12,15
10617,10,7,10
10618,10,7,10
10619,10,7,10
10620,10,7,10
10621,10,7,10
10622,10,2,16
10623,10,7,10
10624,10,2,16
10625,10,15,1
10626,10,7,10
10627,10,0,12
10628,10,10,13
10629,10,7,10
10630,10,2,16
10631,10,10,13
10632,10,7,10
10633,10,2,16
10634,10,2,16
10635,10,2,16
10636,10,7,10
10637,10,7,10
10638,10,7,10
10639,10,13,2
10640,10,7,10
10641,10,7,10
10642,10,7,10
10643,10,7,10
10644,10,7,10
10645,10,7,10
10646,10,7,10
10647,10,7,10
10648,10,7,10
10649,10,7,10
10650,10,7,10
10651,10,7,10
10652,10,7,10
10653,10,7,10
10654,10,7,10
10655,10,7,10
10656,10,7,10
10657,10,2,16
10658,10,2,16
10659,10,2,16
10660,10,12,15
10661,10,10,13
10662,10,7,10
10663,10,7,10
10664,10,7,10
10665,10,12,15
10666,10,7,10
10667,10,7,10
10668,10,7,10
10669,10,12,15
10670,10,12,15
10671,10,7,10
10672,10,7,10
10673,10,1,6
10674,10,7,10
10675,10,7,10
10676,10,7,10
10677,10,13,2
10678,10,0,12
10679,10,7,10
10680,10,0,12
10681,10,0,12
10682,10,7,10
10683,10,10,13
10684,10,7,10
10685,10,7,10
10686,10,7,10
10687,10,2,16
10688,10,7,10
10689,10,7,10
10690,10,7,10
10691,10,7,10
10692,10,7,10
10693,10,2,16
10694,10,12,15
10695,10,7,10
10696,10,6,19
10697,10,6,19
10698,10,7,10
10699,10,7,10
10700,10,7,10
10701,10,18,8
10702,10,7,10
10703,10,7,10
10704,10,7,10
10705,10,12,15
10706,10,7,10
10707,10,10,13
10708,10,7,10
10709,10,2,16
10710,10,7,10
10711,10,7,10
10712,10,7,10
10713,10,17,5
10714,10,7,10
10715,10,13,2
10716,10,0,12
10717,10,7,10
10718,10,2,16
10719,10,2,16
10720,10,6,19
10721,10,12,15
10722,10,7,10
10723,10,7,10
10724,10,7,10
10725,10,13,2
10726,10,13,2
10727,10,7,10
10728,10,7,10
10729,10,7,10
10730,10,0,12
10731,10,13,2
10732,10,7,10
10733,10,7,10
10734,10,12,15
10735,10,7,10
10736,10,18,8
10737,10,13,2
10738,10,7,10
10739,10,1,6
10740,10,12,15
10741,10,7,10
10742,10,6,19
10743,10,7,10
10744,10,7,10
10745,10,7,10
10746,10,15,1
10747,10,7,10
10748,10,7,10
10749,10,2,16
10750,10,7,10
10751,10,7,10
10752,10,11,14
10753,10,12,15
10754,10,2,16
10755,10,7,10
10756,10,7,10
10757,10,7,10
10758,10,18,8
10759,10,7,10
10760,10,12,15
10761,10,7,10
10762,10,7,10
10763,10,7,10
10764,10,15,1
10765,10,7,10
10766,10,0,12
10767,10,1,6
10768,10,0,12
10769,10,2,16
10770,10,7,10
10771,10,2,16
10772,10,13,2
10773,10,6,19
10774,10,12,15
10775,10,2,16
10776,10,0,12
10777,10,7,10
10778,10,15,1
10779,10,7,10
10780,10,7,10
10781,10,2,16
10782,10,2,16
10783,10,7,10
10784,10,7,10
10785,10,7,10
10786,10,2,16
10787,10,15,1
10788,10,2,16
10789,10,2,16
10790,10,7,10
10791,10,0,12
10792,10,12,15
10793,10,7,10
10794,10,2,16
10795,10,0,12
10796,10,7,10
10797,10,7,10
10798,10,7,10
10799,10,7,10
10800,10,12,15
10801,10,7,10
10802,10,12,15
10803,10,2,16
10804,10,7,10
10805,10,12,15
10806,10,7,10
10807,10,7,10
10808,10,7,10
10809,10,0,12
10810,10,7,10
10811,10,0,12
10812,10,7,10
10813,10,15,1
10814,10,7,10
10815,10,2,16
10816,10,12,15
10817,10,7,10
10818,10,12,15
10819,10,0,12
10820,10,7,10
10821,10,0,12
10822,10,7,10
10823,10,7,10
10824,10,7,10
10825,10,7,10
10826,10,2,16
10827,10,12,15
10828,10,2,16
10829,10,7,10
10830,10,7,10
10831,10,19,0
10832,10,6,19
10833,10,7,10
10834,10,7,10
10835,10,10,13
10836,10,7,10
10837,10,2,16
10838,10,15,1
10839,10,12,15
10840,10,12,15
10841,10,6,19
10842,10,12,15
10843,10,7,10
10844,10,2,16
10845,10,7,10
10846,10,2,16
10847,10,7,10
10848,10,10,13
10849,10,0,12
10850,10,12,15
10851,10,11,14
10852,10,12,15
10853,10,10,13
10854,10,15,1
10855,10,0,12
10856,10,17,5
10857,10,0,12
10858,10,15,1
10859,10,7,10
10860,10,7,10
10861,10,12,15
10862,10,2,16
10863,10,16,18
10864,10,7,10
10865,10,7,10
10866,10,2,16
10867,10,2,16
10868,10,7,10
10869,10,7,10
10870,10,7,10
10871,10,7,10
10872,10,2,16
10873,10,2,16
10874,10,0,12
10875,10,11,14
10876,10,0,12
10877,10,0,12
10878,10,12,15
10879,10,15,1
10880,10,12,15
10881,10,7,10
10882,10,4,11
10883,10,19,0
10884,10,19,0
10885,10,0,12
10886,10,0,12
10887,10,7,10
10888,10,12,15
10889,10,12,15
10890,10,7,10
10891,10,0,12
10892,10,2,16
10893,10,2,16
10894,10,6,19
10895,10,7,10
10896,10,7,10
10897,10,7,10
10898,10,7,10
10899,10,7,10
10900,10,7,10
10901,10,7,10
10902,10,11,14
10903,10,11,14
10904,10,1,6
10905,10,1,6
10906,10,1,6
10907,10,2,16
10908,10,7,10
10909,10,1,6
10910,10,7,10
10911,10,5,9
10912,10,7,10
10913,10,6,19
10914,10,0,12
10915,10,2,16
10916,10,2,16
10917,10,2,16
10918,10,15,1
10919,10,7,10
10920,10,7,10
10921,10,2,16
10922,10,7,10
10923,10,2,16
10924,10,7,10
10925,10,2,16
10926,10,2,16
10927,10,0,12
10928,10,7,10
10929,10,2,16
10930,10,7,10
10931,10,0,12
10932,10,15,1
10933,10,7,10
10934,10,12,15
10935,10,7,10
10936,10,15,1
10937,10,7,10
10938,10,2,16
10939,10,7,10
10940,10,7,10
10941,10,7,10
10942,10,0,12
10943,10,7,10
10944,10,7,10
10945,10,7,10
10946,10,0,12
10947,10,2,16
10948,10,15,1
10949,10,15,1
10950,10,7,10
10951,10,12,15
10952,10,7,10
10953,10,2,16
10954,10,6,19
10955,10,12,15
10956,10,7,10
10957,10,7,10
10958,10,0,12
10959,10,6,19
10960,10,7,10
10961,10,0,12
10962,10,6,19
10963,10,12,15
10964,10,2,16
10965,10,2,16
10966,10,2,16
10967,10,7,10
10968,10,2,16
10969,10,7,10
10970,10,7,10
10971,10,7,10
10972,10,7,10
10973,10,7,10
10974,10,12,15
10975,10,7,10
10976,10,7,10
10977,10,12,15
10978,10,7,10
10979,10,7,10
10980,10,7,10
10981,10,7,10
10982,10,13,2
10983,10,12,15
10984,10,7,10
10985,10,7,10
10986,10,2,16
10987,10,7,10
10988,10,0,12
10989,10,2,16
10990,10,7,10
10991,10,12,15
10992,10,12,15
10993,10,4,11
10994,10,4,11
10995,10,6,19
10996,10,2,16
10997,10,2,16
10998,10,7,10
10999,10,7,10
11000,10,7,10
11001,10,7,10
11002,10,7,10
11003,10,7,10
11004,10,2,16
11005,10,7,10
11006,10,7,10
11007,10,12,15
11008,10,7,10
11009,10,12,15
11010,10,7,10
11011,10,7,10
11012,10,2,16
11013,10,7,10
11014,10,2,16
11015,10,7,10
11016,10,7,10
11017,10,7,10
11018,10,7,10
11019,10,2,16
11020,10,3,17
11021,10,2,16
11022,10,7,10
11023,10,2,16
11024,10,2,16
11025,10,7,10
11026,10,12,15
11027,10,2,16
11028,10,7,10
11029,10,7,10
11030,10,2,16
11031,10,7,10
11032,10,7,10
11033,10,7,10
11034,10,7,10
11035,10,7,10
11036,10,7,10
11037,10,7,10
11038,10,7,10
11039,10,2,16
11040,10,7,10
11041,10,2,16
11042,10,6,19
11043,10,6,19
11044,10,2,16
11045,10,0,12
11046,10,12,15
11047,10,12,15
11048,10,1,6
11049,10,7,10
11050,10,7,10
11051,10,1,6
11052,10,7,10
11053,10,6,19
11054,10,0,12
11055,10,0,12
11056,10,13,2
11057,10,7,10
11058,10,7,10
11059,10,12,15
11060,10,7,10
11061,10,7,10
11062,10,7,10
11063,10,7,10
11064,10,7,10
11065,10,7,10
11066,10,7,10
11067,10,15,1
11068,10,1,6
11069,10,2,16
11070,10,12,15
11071,10,7,10
11072,10,13,2
11073,10,2,16
11074,10,7,10
11075,10,2,16
11076,10,2,16
11077,10,12,15
11078,10,7,10
11079,10,7,10
11080,10,7,10
11081,10,7,10
11082,10,9,7
11083,10,7,10
11084,10,2,16
11085,10,12,15
11086,10,15,1
11087,10,12,15
11088,10,0,12
11089,10,7,10
11090,10,7,10
11091,10,7,10
11092,10,7,10
11093,10,7,10
11094,10,6,19
11095,10,12,15
11096,10,12,15
11097,10,2,16
11098,10,9,7
11099,10,9,7
11100,10,7,10
11101,10,12,15
11102,10,7,10
11103,10,7,10
11104,10,7,10
11105,10,7,10
11106,10,7,10
11107,10,7,10
11108,10,0,12
11109,10,7,10
11110,10,7,10
11111,10,2,16
11112,10,12,15
11113,10,2,16
11114,10,7,10
11115,10,0,12
11116,10,7,10
11117,10,12,15
11118,10,7,10
11119,10,7,10
11120,10,6,19
11121,10,7,10
11122,10,7,10
11123,10,7,10
11124,10,1,6
11125,10,7,10
11126,10,7,10
11127,10,7,10
11128,10,0,12
11129,10,7,10
11130,10,12,15
11131,10,7,10
11132,10,7,10
11133,10,7,10
11134,10,7,10
11135,10,7,10
11136,10,12,15
11137,10,12,15
11138,10,2,16
11139,10,2,16
11140,10,2,16
11141,10,7,10
11142,10,7,10
11143,10,2,16
11144,10,12,15
11145,10,13,2
11146,10,7,10
11147,10,7,10
11148,10,7,10
11149,10,7,10
11150,10,7,10
11151,10,7,10
11152,10,7,10
11153,10,6,19
11154,10,6,19
11155,10,2,16
11156,10,0,12
11157,10,7,10
11158,10,0,12
11159,10,7,10
11160,10,12,15
11161,10,7,10
11162,10,7,10
11163,10,2,16
11164,10,2,16
11165,10,7,10
11166,10,2,16
11167,10,7,10
11168,10,7,10
11169,10,7,10
11170,10,7,10
11171,10,7,10
11172,10,7,10
11173,10,2,16
11174,10,7,10
11175,10,7,10
11176,10,7,10
11177,10,7,10
11178,10,0,12
11179,10,2,16
11180,10,7,10
11181,10,12,15
11182,10,10,13
11183,10,10,13
11184,10,7,10
11185,10,7,10
11186,10,7,10
11187,10,7,10
11188,10,2,16
11189,10,7,10
11190,10,7,10
11191,10,7,10
11192,10,7,10
11193,10,7,10
11194,10,7,10
11195,10,2,16
11196,10,2,16
11197,10,7,10
11198,10,12,15
11199,10,12,15
11200,10,7,10
11201,10,7,10
11202,10,2,16
11203,10,7,10
11204,10,0,12
11205,10,7,10
11206,10,12,15
11207,10,15,1
11208,10,0,12
11209,10,7,10
11210,10,2,16
11211,10,7,10
11212,10,7,10
11213,10,2,16
11214,10,18,8
11215,10,2,16
11216,10,2,16
11217,10,7,10
11218,10,2,16
11219,10,2,16
11220,10,7,10
11221,10,7,10
11222,10,7,10
11223,10,2,16
11224,10,7,10
11225,10,2,16
11226,10,2,16
11227,10,6,19
11228,10,15,1
11229,10,7,10
11230,10,7,10
11231,10,7,10
11232,10,7,10
11233,10,7,10
11234,10,7,10
11235,10,4,11
11236,10,12,15
11237,10,4,11
11238,10,12,15
11239,10,7,10
11240,10,7,10
11241,10,7,10
11242,10,7,10
11243,10,7,10
11244,10,12,15
11245,10,2,16
11246,10,0,12
11247,10,2,16
11248,10,2,16
11249,10,2,16
11250,10,0,12
11251,10,7,10
11252,10,12,15
11253,10,7,10
11254,10,7,10
11255,10,12,15
11256,10,7,10
11257,10,12,15
11258,10,18,8
11259,10,7,10
11260,10,7,10
11261,10,2,16
11262,10,7,10
11263,10,2,16
11264,10,7,10
11265,10,7,10
11266,10,7,10
11267,10,2,16
11268,10,7,10
11269,10,0,12
11270,10,0,12
11271,10,0,12
11272,10,6,19
11273,10,7,10
11274,10,7,10
11275,10,7,10
11276,10,7,10
11277,10,7,10
11278,10,7,10
11279,10,7,10
11280,10,7,10
11281,10,0,12
11282,10,0,12
11283,10,0,12
11284,10,2,16
11285,10,12,15
11286,10,0,12
11287,10,7,10
11288,10,12,15
11289,10,7,10
11290,10,2,16
11291,10,2,16
11292,10,2,16
11293,10,10,13
11294,10,7,10
11295,10,9,7
11296,10,7,10
11297,10,7,10
11298,10,7,10
11299,10,7,10
11300,10,7,10
11301,10,12,15
11302,10,6,19
11303,10,6,19
11304,10,7,10
11305,10,7,10
11306,10,7,10
11307,10,0,12
11308,10,0,12
11309,10,7,10
11310,10,12,15
11311,10,7,10
11312,10,7,10
11313,10,12,15
11314,10,12,15
11315,10,7,10
11316,10,12,15
11317,10,18,8
11318,10,2,16
11319,10,7,10
11320,10,0,12
11321,10,0,12
11322,10,7,10
11323,10,7,10
11324,10,2,16
11325,10,7,10
11326,10,7,10
11327,10,12,15
11328,10,7,10
11329,10,7,10
11330,10,2,16
11331,10,7,10
11332,10,7,10
11333,10,7,10
11334,10,7,10
11335,10,14,4
11336,10,0,12
11337,10,7,10
11338,10,7,10
11339,10,7,10
11340,10,7,10
11341,10,12,15
11342,10,7,10
11343,10,12,15
11344,10,7,10
11345,10,7,10
11346,10,0,12
11347,10,6,19
11348,10,2,16
11349,10,7,10
11350,10,7,10
11351,10,2,16
11352,10,2,16
11353,10,2,16
11354,10,1,6
11355,10,12,15
11356,10,11,14
11357,10,7,10
11358,10,12,15
11359,10,7,10
11360,10,15,1
11361,10,7,10
11362,10,15,1
11363,10,7,10
11364,10,7,10
11365,10,7,10
11366,10,6,19
11367,10,12,15
11368,10,7,10
11369,10,7,10
11370,10,3,17
11371,10,7,10
11372,10,12,15
11373,10,7,10
11374,10,7,10
11375,10,7,10
11376,10,12,15
11377,10,7,10
11378,10,12,15
11379,10,10,13
11380,10,7,10
11381,10,2,16
11382,10,2,16
11383,10,7,10
11384,10,19,0
11385,10,10,13
11386,10,7,10
11387,10,7,10
11388,10,12,15
11389,10,0,12
11390,10,7,10
11391,10,7,10
11392,10,12,15
11393,10,12,15
11394,10,7,10
11395,10,2,16
11396,10,12,15
11397,10,12,15
11398,10,2,16
11399,10,7,10
11400,10,12,15
11401,10,7,10
11402,10,2,16
11403,10,7,10
11404,10,6,19
11405,10,0,12
11406,10,15,1
11407,10,7,10
11408,10,2,16
11409,10,6,19
11410,10,7,10
11411,10,2,16
11412,10,12,15
11413,10,19,0
11414,10,13,2
11415,10,17,5
11416,10,7,10
11417,10,7,10
11418,10,1,6
11419,10,2,16
11420,10,18,8
11421,10,7,10
11422,10,2,16
11423,10,2,16
11424,10,12,15
11425,10,7,10
11426,10,12,15
11427,10,2,16
11428,10,0,12
11429,10,4,11
11430,10,7,10
11431,10,1,6
11432,10,1,6
11433,10,10,13
11434,10,7,10
11435,10,7,10
11436,10,10,13
11437,10,2,16
11438,10,7,10
11439,10,7,10
11440,10,7,10
11441,10,13,2
11442,10,0,12
11443,10,2,16
11444,10,0,12
11445,10,2,16
11446,10,7,10
11447,10,2,16
11448,10,7,10
11449,10,2,16
11450,10,7,10
11451,10,7,10
11452,10,2,16
11453,10,7,10
11454,10,7,10
11455,10,7,10
11456,10,7,10
11457,10,19,0
11458,10,2,16
11459,10,2,16
11460,10,12,15
11461,10,7,10
11462,10,7,10
11463,10,11,14
11464,10,7,10
11465,10,7,10
11466,10,2,16
11467,10,7,10
11468,10,7,10
11469,10,10,13
11470,10,7,10
11471,10,0,12
11472,10,12,15
11473,10,7,10
11474,10,11,14
11475,10,7,10
11476,10,7,10
11477,10,7,10
11478,10,9,7
11479,10,10,13
11480,10,7,10
11481,10,7,10
11482,10,7,10
11483,10,4,11
11484,10,2,16
11485,10,7,10
11486,10,2,16
11487,10,2,16
11488,10,7,10
11489,10,4,11
11490,10,7,10
11491,10,12,15
11492,10,12,15
11493,10,2,16
11494,10,2,16
11495,10,2,16
11496,10,7,10
11497,10,2,16
11498,10,6,19
11499,10,7,10
11500,10,7,10
11501,10,7,10
11502,10,7,10
11503,10,7,10
11504,10,7,10
11505,10,7,10
11506,10,7,10
11507,10,14,4
11508,10,7,10
11509,10,7,10
11510,10,2,16
11511,10,2,16
11512,10,2,16
11513,10,7,10
11514,10,7,10
11515,10,10,13
11516,10,7,10
11517,10,12,15
11518,10,12,15
11519,10,13,2
11520,10,12,15
11521,10,0,12
11522,10,7,10
11523,10,6,19
11524,10,12,15
11525,10,2,16
11526,10,7,10
11527,10,12,15
11528,10,12,15
11529,10,12,15
11530,10,12,15
11531,10,6,19
11532,10,0,12
11533,10,7,10
11534,10,7,10
11535,10,2,16
11536,10,2,16
11537,10,7,10
11538,10,2,16
11539,10,7,10
11540,10,7,10
11541,10,12,15
11542,10,7,10
11543,10,7,10
11544,10,7,10
11545,10,2,16
11546,10,7,10
11547,10,7,10
11548,10,7,10
11549,10,2,16
11550,10,0,12
11551,10,1,6
11552,10,2,16
11553,10,12,15
11554,10,11,14
11555,10,2,16
11556,10,7,10
11557,10,10,13
11558,10,7,10
11559,10,9,7
11560,10,7,10
11561,10,12,15
11562,10,7,10
11563,10,13,2
11564,10,7,10
11565,10,7,10
11566,10,7,10
11567,10,7,10
11568,10,18,8
11569,10,0,12
11570,10,2,16
11571,10,1,6
11572,10,12,15
11573,10,2,16
11574,10,7,10
11575,10,7,10
11576,10,7,10
11577,10,12,15
11578,10,12,15
11579,10,2,16
11580,10,2,16
11581,10,7,10
11582,10,7,10
11583,10,7,10
11584,10,6,19
11585,10,12,15
11586,10,7,10
11587,10,7,10
11588,10,7,10
11589,10,2,16
11590,10,0,12
11591,10,7,10
11592,10,12,15
11593,10,7,10
11594,10,15,1
11595,10,7,10
11596,10,12,15
11597,10,1,6
11598,10,12,15
11599,10,7,10
11600,10,2,16
11601,10,15,1
11602,10,15,1
11603,10,0,12
11604,10,19,0
11605,10,7,10
11606,10,7,10
11607,10,8,3
11608,10,2,16
11609,10,4,11
11610,10,12,15
11611,10,2,16
11612,10,1,6
11613,10,2,16
11614,10,7,10
11615,10,7,10
11616,10,10,13
11617,10,7,10
11618,10,2,16
11619,10,2,16
11620,10,7,10
11621,10,12,15
11622,10,7,10
11623,10,7,10
11624,10,7,10
11625,10,10,13
11626,10,12,15
11627,10,7,10
11628,10,12,15
11629,10,7,10
11630,10,7,10
11631,10,7,10
11632,10,7,10
11633,10,7,10
11634,10,7,10
11635,10,10,13
11636,10,7,10
11637,10,12,15
11638,10,7,10
11639,10,7,10
11640,10,7,10
11641,10,2,16
11642,10,12,15
11643,10,12,15
11644,10,7,10
11645,10,7,10
11646,10,18,8
11647,10,18,8
11648,10,0,12
11649,10,0,12
11650,10,11,14
11651,10,7,10
11652,10,3,17
11653,10,12,15
11654,10,12,15
11655,10,12,15
11656,10,7,10
11657,10,7,10
11658,10,7,10
11659,10,7,10
11660,10,1,6
11661,10,16,18
11662,10,7,10
11663,10,12,15
11664,10,7,10
11665,10,7,10
11666,10,12,15
11667,10,7,10
11668,10,7,10
11669,10,7,10
11670,10,18,8
11671,10,7,10
11672,10,7,10
11673,10,7,10
11674,10,2,16
11675,10,12,15
11676,10,2,16
11677,10,2,16
11678,10,2,16
11679,10,7,10
11680,10,0,12
11681,10,18,8
11682,10,6,19
11683,10,0,12
11684,10,0,12
11685,10,2,16
11686,10,6,19
11687,10,7,10
11688,10,12,15
11689,10,12,15
11690,10,7,10
11691,10,2,16
11692,10,7,10
11693,10,2,16
11694,10,12,15
11695,10,7,10
11696,10,7,10
11697,10,2,16
11698,10,7,10
11699,10,7,10
11700,10,7,10
11701,10,2,16
11702,10,7,10
11703,10,2,16
11704,10,10,13
11705,10,7,10
11706,10,12,15
11707,10,12,15
11708,10,2,16
11709,10,2,16
11710,10,7,10
11711,10,7,10
11712,10,2,16
11713,10,7,10
11714,10,7,10
11715,10,7,10
11716,10,2,16
11717,10,7,10
11718,10,15,1
11719,10,2,16
11720,10,0,12
11721,10,7,10
11722,10,7,10
11723,10,7,10
11724,10,7,10
11725,10,6,19
11726,10,7,10
11727,10,15,1
11728,10,12,15
11729,10,7,10
11730,10,17,5
11731,10,7,10
11732,10,15,1
11733,10,7,10
11734,10,6,19
11735,10,7,10
11736,10,7,10
11737,10,18,8
11738,10,12,15
11739,10,11,14
11740,10,11,14
11741,10,7,10
11742,10,7,10
11743,10,7,10
11744,10,7,10
11745,10,7,10
11746,10,2,16
11747,10,7,10
11748,10,7,10
11749,10,12,15
11750,10,7,10
11751,10,7,10
11752,10,13,2
11753,10,7,10
11754,10,12,15
11755,10,2,16
11756,10,2,16
11757,10,4,11
11758,10,7,10
11759,10,7,10
11760,10,7,10
11761,10,7,10
11762,10,7,10
11763,10,0,12
11764,10,0,12
11765,10,2,16
11766,10,12,15
11767,10,2,16
11768,10,2,16
11769,10,7,10
11770,10,7,10
11771,10,7,10
11772,10,7,10
11773,10,12,15
11774,10,12,15
11775,10,7,10
11776,10,7,10
11777,10,19,0
11778,10,7,10
11779,10,12,15
11780,10,7,10
11781,10,2,16
11782,10,12,15
11783,10,7,10
11784,10,7,10
11785,10,7,10
11786,10,7,10
11787,10,12,15
11788,10,7,10
11789,10,7,10
11790,10,7,10
11791,10,7,10
11792,10,12,15
11793,10,12,15
11794,10,7,10
11795,10,10,13
11796,10,7,10
11797,10,12,15
11798,10,2,16
11799,10,18,8
11800,10,11,14
11801,10,7,10
11802,10,7,10
11803,10,10,13
11804,10,2,16
11805,10,2,16
11806,10,6,19
11807,10,7,10
11808,10,7,10
11809,10,7,10
11810,10,2,16
11811,10,7,10
11812,10,15,1
11813,10,7,10
11814,10,12,15
11815,10,15,1
11816,10,2,16
11817,10,2,16
11818,10,0,12
11819,10,13,2
11820,10,15,1
11821,10,7,10
11822,10,1,6
11823,10,1,6
11824,10,18,8
11825,10,7,10
11826,10,7,10
11827,10,2,16
11828,10,12,15
11829,10,2,16
11830,10,7,10
11831,10,7,10
11832,10,2,16
11833,10,7,10
11834,10,7,10
11835,10,7,10
11836,10,1,6
11837,10,12,15
11838,10,0,12
11839,10,7,10
11840,10,7,10
11841,10,2,16
11842,10,12,15
11843,10,2,16
11844,10,17,5
11845,10,2,16
11846,10,2,16
11847,10,3,17
11848,10,2,16
11849,10,2,16
11850,10,12,15
11851,10,7,10
11852,10,2,16
11853,10,7,10
11854,10,7,10
11855,10,7,10
11856,10,2,16
11857,10,18,8
11858,10,7,10
11859,10,18,8
11860,10,2,16
11861,10,7,10
11862,10,7,10
11863,10,2,16
11864,10,2,16
11865,10,12,15
11866,10,12,15
11867,10,2,16
11868,10,7,10
11869,10,2,16
11870,10,0,12
11871,10,7,10
11872,10,0,12
11873,10,2,16
11874,10,12,15
11875,10,15,1
11876,10,19,0
11877,10,7,10
11878,10,17,5
11879,10,7,10
11880,10,2,16
11881,10,15,1
11882,10,3,17
11883,10,12,15
11884,10,7,10
11885,10,7,10
11886,10,2,16
11887,10,2,16
11888,10,18,8
11889,10,7,10
11890,10,7,10
11891,10,3,17
11892,10,2,16
11893,10,2,16
11894,10,3,17
11895,10,7,10
11896,10,19,0
11897,10,2,16
11898,10,7,10
11899,10,0,12
11900,10,0,12
11901,10,4,11
11902,10,7,10
11903,10,2,16
11904,10,7,10
11905,10,15,1
11906,10,7,10
11907,10,2,16
11908,10,7,10
11909,10,7,10
11910,10,2,16
11911,10,7,10
11912,10,2,16
11913,10,7,10
11914,10,2,16
11915,10,7,10
11916,10,7,10
11917,10,2,16
11918,10,18,8
11919,10,2,16
11920,10,7,10
11921,10,7,10
11922,10,7,10
11923,10,2,16
11924,10,15,1
11925,10,2,16
11926,10,6,19
11927,10,10,13
11928,10,7,10
11929,10,7,10
11930,10,7,10
11931,10,6,19
11932,10,7,10
11933,10,7,10
11934,10,2,16
11935,10,7,10
11936,10,2,16
11937,10,7,10
11938,10,7,10
11939,10,7,10
11940,10,18,8
11941,10,7,10
11942,10,2,16
11943,10,12,15
11944,10,7,10
11945,10,7,10
11946,10,12,15
11947,10,6,19
11948,10,0,12
11949,10,2,16
11950,10,7,10
11951,10,11,14
11952,10,4,11
11953,10,12,15
11954,10,7,10
11955,10,7,10
11956,10,7,10
11957,10,7,10
11958,10,7,10
11959,10,7,10
11960,10,15,1
11961,10,7,10
11962,10,12,15
11963,10,7,10
11964,10,12,15
11965,10,7,10
11966,10,2,16
11967,10,10,13
11968,10,7,10
11969,10,0,12
11970,10,7,10
11971,10,6,19
11972,10,6,19
11973,10,2,16
11974,10,2,16
11975,10,2,16
11976,10,12,15
11977,10,2,16
11978,10,2,16
11979,10,7,10
11980,10,13,2
11981,10,17,5
11982,10,7,10
11983,10,7,10
11984,10,7,10
11985,10,2,16
11986,10,7,10
11987,10,7,10
11988,10,7,10
11989,10,7,10
11990,10,7,10
11991,10,1,6
11992,10,12,15
11993,10,7,10
11994,10,7,10
11995,10,7,10
11996,10,7,10
11997,10,7,10
11998,10,7,10
11999,10,2,16
12000,10,7,10
12001,10,7,10
12002,10,2,16
12003,10,7,10
12004,10,2,16
12005,10,0,12
12006,10,12,15
12007,10,7,10
12008,10,7,10
12009,10,2,16
12010,10,7,10
12011,10,7,10
12012,10,2,16
12013,10,12,15
12014,10,2,16
12015,10,9,7
12016,10,7,10
12017,10,13,2
12018,10,15,1
12019,10,7,10
12020,10,2,16
12021,10,2,16
12022,10,7,10
12023,10,2,16
12024,10,7,10
12025,10,2,16
12026,10,7,10
12027,10,1,6
12028,10,4,11
12029,10,0,12
12030,10,7,10
12031,10,7,10
12032,10,7,10
12033,10,1,6
12034,10,2,16
12035,10,2,16
12036,10,2,16
12037,10,7,10
12038,10,7,10
12039,10,7,10
12040,10,11,14
12041,10,7,10
12042,10,1,6
12043,10,2,16
12044,10,7,10
12045,10,2,16
12046,10,7,10
12047,10,7,10
12048,10,7,10
12049,10,1,6
12050,10,2,16
12051,10,2,16
12052,10,15,1
12053,10,15,1
12054,10,7,10
12055,10,7,10
12056,10,7,10
12057,10,7,10
12058,10,15,1
12059,10,7,10
12060,10,12,15
12061,10,7,10
12062,10,7,10
12063,10,12,15
12064,10,2,16
12065,10,7,10
12066,10,2,16
12067,10,7,10
12068,10,7,10
12069,10,7,10
12070,10,2,16
12071,10,7,10
12072,10,12,15
12073,10,7,10
12074,10,7,10
12075,10,7,10
12076,10,4,11
12077,10,7,10
12078,10,7,10
12079,10,2,16
12080,10,7,10
12081,10,7,10
12082,10,7,10
12083,10,15,1
12084,10,15,1
12085,10,7,10
12086,10,2,16
12087,10,10,13
12088,10,15,1
12089,10,7,10
12090,10,2,16
12091,10,7,10
12092,10,2,16
12093,10,7,10
12094,10,2,16
12095,10,7,10
12096,10,6,19
12097,10,1,6
12098,10,7,10
12099,10,6,19
12100,10,7,10
12101,10,7,10
12102,10,12,15
12103,10,7,10
12104,10,7,10
12105,10,7,10
12106,10,7,10
12107,10,7,10
12108,10,6,19
12109,10,7,10
12110,10,6,19
12111,10,7,10
12112,10,0,12
12113,10,0,12
12114,10,12,15
12115,10,1,6
12116,10,18,8
12117,10,7,10
12118,10,2,16
12119,10,2,16
12120,10,7,10
12121,10,7,10
12122,10,7,10
12123,10,7,10
12124,10,2,16
12125,10,0,12
12126,10,7,10
12127,10,7,10
12128,10,0,12
12129,10,10,13
12130,10,7,10
12131,10,6,19
12132,10,0,12
12133,10,7,10
12134,10,7,10
12135,10,7,10
12136,10,19,0
12137,10,7,10
12138,10,12,15
12139,10,3,17
12140,10,0,12
12141,10,0,12
12142,10,7,10
12143,10,7,10
12144,10,7,10
12145,10,7,10
12146,10,7,10
12147,10,10,13
12148,10,0,12
12149,10,2,16
12150,10,7,10
12151,10,2,16
12152,10,17,5
12153,10,2,16
12154,10,2,16
12155,10,7,10
12156,10,7,10
12157,10,7,10
12158,10,10,13
12159,10,7,10
12160,10,2,16
12161,10,7,10
12162,10,2,16
12163,10,2,16
12164,10,8,3
12165,10,7,10
12166,10,7,10
12167,10,7,10
12168,10,14,4
12169,10,2,16
12170,10,15,1
12171,10,15,1
12172,10,7,10
12173,10,3,17
12174,10,4,11
12175,10,7,10
12176,10,7,10
12177,10,1,6
12178,10,3,17
12179,10,2,16
12180,10,12,15
12181,10,2,16
12182,10,7,10
12183,10,7,10
12184,10,4,11
12185,10,7,10
12186,10,7,10
12187,10,6,19
12188,10,7,10
12189,10,10,13
12190,10,15,1
12191,10,7,10
12192,10,12,15
12193,10,7,10
12194,10,7,10
12195,10,7,10
12196,10,7,10
12197,10,7,10
12198,10,1,6
12199,10,1,6
12200,10,7,10
12201,10,7,10
12202,10,15,1
12203,10,7,10
12204,10,7,10
12205,10,7,10
12206,10,2,16
12207,10,12,15
12208,10,7,10
12209,10,0,12
12210,10,7,10
12211,10,2,16
12212,10,2,16
12213,10,2,16
12214,10,7,10
12215,10,12,15
12216,10,7,10
12217,10,7,10
12218,10,7,10
12219,10,12,15
12220,10,12,15
12221,10,12,15
12222,10,13,2
12223,10,19,0
12224,10,2,16
12225,10,6,19
12226,10,7,10
12227,10,7,10
12228,10,0,12
12229,10,7,10
12230,10,7,10
12231,10,2,16
12232,10,2,16
12233,10,12,15
12234,10,7,10
12235,10,7,10
12236,10,0,12
12237,10,7,10
12238,10,7,10
12239,10,7,10
12240,10,10,13
12241,10,15,1
12242,10,7,10
12243,10,7,10
12244,10,7,10
12245,10,10,13
12246,10,2,16
12247,10,7,10
12248,10,0,12
12249,10,7,10
12250,10,7,10
12251,10,10,13
12252,10,7,10
12253,10,7,10
12254,10,10,13
12255,10,7,10
12256,10,7,10
12257,10,7,10
12258,10,18,8
12259,10,4,11
12260,10,7,10
12261,10,7,10
12262,10,7,10
12263,10,2,16
12264,10,2,16
12265,10,2,16
12266,10,0,12
12267,10,19,0
12268,10,7,10
12269,10,7,10
12270,10,7,10
12271,10,12,15
12272,10,7,10
12273,10,7,10
12274,10,7,10
12275,10,7,10
12276,10,12,15
12277,10,7,10
12278,10,7,10
12279,10,7,10
12280,10,7,10
12281,10,7,10
12282,10,18,8
12283,10,7,10
12284,10,7,10
12285,10,12,15
12286,10,12,15
12287,10,2,16
12288,10,7,10
12289,10,7,10
12290,10,7,10
12291,10,0,12
12292,10,0,12
12293,10,6,19
12294,10,12,15
12295,10,0,12
12296,10,15,1
12297,10,2,16
12298,10,7,10
12299,10,1,6
12300,10,1,6
12301,10,7,10
12302,10,12,15
12303,10,0,12
12304,10,12,15
12305,10,2,16
12306,10,7,10
12307,10,12,15
12308,10,7,10
12309,10,7,10
12310,10,7,10
12311,10,7,10
12312,10,18,8
12313,10,7,10
12314,10,6,19
12315,10,13,2
12316,10,7,10
12317,10,7,10
12318,10,12,15
12319,10,7,10
12320,10,0,12
12321,10,0,12
12322,10,7,10
12323,10,7,10
12324,10,12,15
12325,10,7,10
12326,10,2,16
12327,10,7,10
12328,10,6,19
12329,10,6,19
12330,10,7,10
12331,10,12,15
12332,10,7,10
12333,10,12,15
12334,10,7,10
12335,10,2,16
12336,10,10,13
12337,10,10,13
12338,10,7,10
12339,10,2,16
12340,10,7,10
12341,10,7,10
12342,10,0,12
12343,10,12,15
12344,10,6,19
12345,10,2,16
12346,10,7,10
12347,10,7,10
12348,10,6,19
12349,10,12,15
12350,10,7,10
12351,10,12,15
12352,10,12,15
12353,10,1,6
12354,10,7,10
12355,10,7,10
12356,10,2,16
12357,10,7,10
12358,10,12,15
12359,10,2,16
12360,10,2,16
12361,10,2,16
12362,10,2,16
12363,10,12,15
12364,10,12,15
12365,10,6,19
12366,10,7,10
12367,10,7,10
12368,10,7,10
12369,10,2,16
12370,10,0,12
12371,10,7,10
12372,10,7,10
12373,10,7,10
12374,10,2,16
12375,10,2,16
12376,10,0,12
12377,10,7,10
12378,10,7,10
12379,10,12,15
12380,10,7,10
12381,10,4,11
12382,10,12,15
12383,10,7,10
12384,10,0,12
12385,10,7,10
12386,10,12,15
12387,10,6,19
12388,10,12,15
12389,10,2,16
12390,10,6,19
12391,10,7,10
12392,10,7,10
12393,10,12,15
12394,10,7,10
12395,10,7,10
12396,10,12,15
12397,10,7,10
12398,10,2,16
12399,10,12,15
12400,10,2,16
12401,10,6,19
12402,10,7,10
12403,10,7,10
12404,10,7,10
12405,10,1,6
12406,10,7,10
12407,10,12,15
12408,10,3,17
12409,10,7,10
12410,10,4,11
12411,10,2,16
12412,10,0,12
12413,10,7,10
12414,10,7,10
12415,10,7,10
12416,10,7,10
12417,10,2,16
12418,10,7,10
12419,10,7,10
12420,10,7,10
12421,10,7,10
12422,10,2,16
12423,10,7,10
12424,10,2,16
12425,10,12,15
12426,10,2,16
12427,10,7,10
12428,10,7,10
12429,10,2,16
12430,10,11,14
12431,10,12,15
12432,10,6,19
12433,10,7,10
12434,10,7,10
12435,10,12,15
12436,10,12,15
12437,10,12,15
12438,10,7,10
12439,10,7,10
12440,10,12,15
12441,10,7,10
12442,10,2,16
12443,10,15,1
12444,10,7,10
12445,10,7,10
12446,10,7,10
12447,10,0,12
12448,10,7,10
12449,10,12,15
12450,10,2,16
12451,10,7,10
12452,10,7,10
12453,10,7,10
12454,10,0,12
12455,10,7,10
12456,10,7,10
12457,10,12,15
12458,10,7,10
12459,10,9,7
12460,10,15,1
12461,10,7,10
12462,10,12,15
12463,10,7,10
12464,10,12,15
12465,10,2,16
12466,10,2,16
12467,10,2,16
12468,10,0,12
12469,10,7,10
12470,10,7,10
12471,10,7,10
12472,10,1,6
12473,10,7,10
12474,10,0,12
12475,10,13,2
12476,10,12,15
12477,10,7,10
12478,10,7,10
12479,10,7,10
12480,10,7,10
12481,10,15,1
12482,10,7,10
12483,10,7,10
12484,10,0,12
12485,10,7,10
12486,10,12,15
12487,10,12,15
12488,10,7,10
12489,10,7,10
12490,10,0,12
12491,10,7,10
12492,10,6,19
12493,10,0,12
12494,10,0,12
12495,10,12,15
12496,10,2,16
12497,10,2,16
12498,10,18,8
12499,10,2,16
12500,10,12,15
12501,10,7,10
12502,10,2,16
12503,10,8,3
12504,10,7,10
12505,10,7,10
12506,10,2,16
12507,10,0,12
12508,10,14,4
12509,10,12,15
12510,10,12,15
12511,10,12,15
12512,10,9,7
12513,10,18,8
12514,10,18,8
12515,10,7,10
12516,10,7,10
12517,10,7,10
12518,10,6,19
12519,10,2,16
12520,10,12,15
12521,10,2,16
12522,10,7,10
12523,10,7,10
12524,10,7,10
12525,10,7,10
12526,10,2,16
12527,10,12,15
12528,10,2,16
12529,10,7,10
12530,10,7,10
12531,10,7,10
12532,10,7,10
12533,10,12,15
12534,10,12,15
12535,10,10,13
12536,10,2,16
12537,10,2,16
12538,10,7,10
12539,10,12,15
12540,10,2,16
12541,10,7,10
12542,10,12,15
12543,10,2,16
12544,10,12,15
12545,10,7,10
12546,10,2,16
12547,10,7,10
12548,10,7,10
12549,10,15,1
12550,10,7,10
12551,10,7,10
12552,10,11,14
12553,10,10,13
12554,10,0,12
12555,10,2,16
12556,10,1,6
12557,10,7,10
12558,10,7,10
12559,10,2,16
12560,10,2,16
12561,10,2,16
12562,10,7,10
12563,10,7,10
12564,10,7,10
12565,10,12,15
12566,10,7,10
12567,10,18,8
12568,10,12,15
12569,10,3,17
12570,10,7,10
12571,10,7,10
12572,10,7,10
12573,10,0,12
12574,10,7,10
12575,10,7,10
12576,10,19,0
12577,10,7,10
12578,10,7,10
12579,10,7,10
12580,10,7,10
12581,10,1,6
12582,10,2,16
12583,10,7,10
12584,10,13,2
12585,10,11,14
12586,10,2,16
12587,10,2,16
12588,10,7,10
12589,10,7,10
12590,10,0,12
12591,10,7,10
12592,10,7,10
12593,10,2,16
12594,10,7,10
12595,10,7,10
12596,10,7,10
12597,10,2,16
12598,10,7,10
12599,10,12,15
12600,10,7,10
12601,10,0,12
12602,10,7,10
12603,10,7,10
12604,10,2,16
12605,10,12,15
12606,10,7,10
12607,10,7,10
12608,10,12,15
12609,10,7,10
12610,10,15,1
12611,10,2,16
12612,10,7,10
12613,10,2,16
12614,10,13,2
12615,10,7,10
12616,10,2,16
12617,10,2,16
12618,10,6,19
12619,10,7,10
12620,10,7,10
12621,10,12,15
12622,10,15,1
12623,10,7,10
12624,10,7,10
12625,10,12,15
12626,10,7,10
12627,10,7,10
12628,10,2,16
12629,10,10,13
12630,10,12,15
12631,10,12,15
12632,10,7,10
12633,10,7,10
12634,10,7,10
12635,10,12,15
12636,10,7,10
12637,10,7,10
12638,10,7,10
12639,10,7,10
12640,10,7,10
12641,10,12,15
12642,10,6,19
12643,10,12,15
12644,10,7,10
12645,10,18,8
12646,10,10,13
12647,10,7,10
12648,10,7,10
12649,10,12,15
12650,10,7,10
12651,10,2,16
12652,10,2,16
12653,10,7,10
12654,10,7,10
12655,10,7,10
12656,10,7,10
12657,10,7,10
12658,10,2,16
12659,10,3,17
12660,10,0,12
12661,10,0,12
12662,10,0,12
12663,10,7,10
12664,10,7,10
12665,10,7,10
12666,10,7,10
12667,10,18,8
12668,10,7,10
12669,10,7,10
12670,10,0,12
12671,10,12,15
12672,10,12,15
12673,10,2,16
12674,10,7,10
12675,10,6,19
12676,10,0,12
12677,10,2,16
12678,10,7,10
12679,10,2,16
12680,10,7,10
12681,10,7,10
12682,10,2,16
12683,10,2,16
12684,10,7,10
12685,10,2,16
12686,10,0,12
12687,10,7,10
12688,10,12,15
12689,10,0,12
12690,10,7,10
12691,10,2,16
12692,10,0,12
12693,10,2,16
12694,10,4,11
12695,10,13,2
12696,10,2,16
12697,10,2,16
12698,10,7,10
12699,10,2,16
12700,10,7,10
12701,10,7,10
12702,10,15,1
12703,10,3,17
12704,10,7,10
12705,10,1,6
12706,10,12,15
12707,10,7,10
12708,10,7,10
12709,10,7,10
12710,10,12,15
12711,10,7,10
12712,10,6,19
12713,10,7,10
12714,10,7,10
12715,10,7,10
12716,10,12,15
12717,10,12,15
12718,10,2,16
12719,10,7,10
12720,10,7,10
12721,10,2,16
12722,10,7,10
12723,10,12,15
12724,10,7,10
12725,10,13,2
12726,10,7,10
12727,10,13,2
12728,10,7,10
12729,10,7,10
12730,10,15,1
12731,10,13,2
12732,10,14,4
12733,10,7,10
12734,10,7,10
12735,10,7,10
12736,10,2,16
12737,10,7,10
12738,10,7,10
12739,10,2,16
12740,10,2,16
12741,10,2,16
12742,10,2,16
12743,10,7,10
12744,10,2,16
12745,10,0,12
12746,10,7,10
12747,10,7,10
12748,10,18,8
12749,10,7,10
12750,10,7,10
12751,10,12,15
12752,10,6,19
12753,10,7,10
12754,10,7,10
12755,10,7,10
12756,10,7,10
12757,10,12,15
12758,10,7,10
12759,10,12,15
12760,10,7,10
12761,10,4,11
12762,10,7,10
12763,10,1,6
12764,10,14,4
12765,10,7,10
12766,10,7,10
12767,10,2,16
12768,10,2,16
12769,10,7,10
12770,10,7,10
12771,10,6,19
12772,10,7,10
12773,10,7,10
12774,10,7,10
12775,10,7,10
12776,10,7,10
12777,10,7,10
12778,10,12,15
12779,10,10,13
12780,10,7,10
12781,10,7,10
12782,10,6,19
12783,10,2,16
12784,10,2,16
12785,10,2,16
12786,10,12,15
12787,10,2,16
12788,10,7,10
12789,10,7,10
12790,10,7,10
12791,10,7,10
12792,10,0,12
12793,10,5,9
12794,10,12,15
12795,10,7,10
12796,10,7,10
12797,10,12,15
12798,10,7,10
12799,10,1,6
12800,10,7,10
12801,10,6,19
12802,10,12,15
12803,10,6,19
12804,10,0,12
12805,10,7,10
12806,10,3,17
12807,10,0,12
12808,10,2,16
12809,10,7,10
12810,10,7,10
12811,10,7,10
12812,10,12,15
12813,10,12,15
12814,10,2,16
12815,10,7,10
12816,10,7,10
12817,10,13,2
12818,10,7,10
12819,10,13,2
12820,10,7,10
12821,10,7,10
12822,10,7,10
12823,10,0,12
12824,10,2,16
12825,10,2,16
12826,10,7,10
12827,10,7,10
12828,10,7,10
12829,10,7,10
12830,10,12,15
12831,10,7,10
12832,10,7,10
12833,10,12,15
12834,10,7,10
12835,10,7,10
12836,10,7,10
12837,10,12,15
12838,10,12,15
12839,10,12,15
12840,10,2,16
12841,10,7,10
12842,10,4,11
12843,10,2,16
12844,10,7,10
12845,10,0,12
12846,10,7,10
12847,10,12,15
12848,10,7,10
12849,10,2,16
12850,10,2,16
12851,10,6,19
12852,10,7,10
12853,10,10,13
12854,10,7,10
12855,10,11,14
12856,10,10,13
12857,10,7,10
12858,10,7,10
12859,10,2,16
12860,10,0,12
12861,10,18,8
12862,10,7,10
12863,10,0,12
12864,10,7,10
12865,10,12,15
12866,10,7,10
12867,10,0,12
12868,10,7,10
12869,10,5,9
12870,10,15,1
12871,10,7,10
12872,10,6,19
12873,10,3,17
12874,10,7,10
12875,10,7,10
12876,10,12,15
12877,10,7,10
12878,10,7,10
12879,10,2,16
12880,10,12,15
12881,10,13,2
12882,10,7,10
12883,10,12,15
12884,10,7,10
12885,10,7,10
12886,10,18,8
12887,10,7,10
12888,10,12,15
12889,10,16,18
12890,10,7,10
12891,10,7,10
12892,10,0,12
12893,10,7,10
12894,10,12,15
12895,10,2,16
12896,10,7,10
12897,10,7,10
12898,10,15,1
12899,10,6,19
12900,10,2,16
12901,10,7,10
12902,10,7,10
12903,10,7,10
12904,10,12,15
12905,10,7,10
12906,10,6,19
12907,10,10,13
12908,10,7,10
12909,10,7,10
12910,10,7,10
12911,10,12,15
12912,10,7,10
12913,10,6,19
12914,10,7,10
12915,10,7,10
12916,10,7,10
12917,10,4,11
12918,10,2,16
12919,10,6,19
12920,10,0,12
12921,10,7,10
12922,10,2,16
12923,10,7,10
12924,10,12,15
12925,10,7,10
12926,10,7,10
12927,10,2,16
12928,10,2,16
12929,10,6,19
12930,10,7,10
12931,10,7,10
12932,10,12,15
12933,10,7,10
12934,10,2,16
12935,10,7,10
12936,10,1,6
12937,10,12,15
12938,10,2,16
12939,10,7,10
12940,10,6,19
12941,10,7,10
12942,10,2,16
12943,10,7,10
12944,10,12,15
12945,10,12,15
12946,10,7,10
12947,10,7,10
12948,10,9,7
12949,10,7,10
12950,10,12,15
12951,10,0,12
12952,10,7,10
12953,10,2,16
12954,10,12,15
12955,10,11,14
12956,10,0,12
12957,10,9,7
12958,10,7,10
12959,10,7,10
12960,10,7,10
12961,10,7,10
12962,10,7,10
12963,10,7,10
12964,10,7,10
12965,10,7,10
12966,10,7,10
12967,10,2,16
12968,10,12,15
12969,10,7,10
12970,10,12,15
12971,10,7,10
12972,10,7,10
12973,10,7,10
12974,10,2,16
12975,10,12,15
12976,10,7,10
12977,10,7,10
12978,10,7,10
12979,10,13,2
12980,10,7,10
12981,10,18,8
12982,10,7,10
12983,10,12,15
12984,10,0,12
12985,10,11,14
12986,10,2,16
12987,10,7,10
12988,10,7,10
12989,10,11,14
12990,10,0,12
12991,10,0,12
12992,10,2,16
12993,10,0,12
12994,10,7,10
12995,10,2,16
12996,10,2,16
12997,10,7,10
12998,10,7,10
12999,10,7,10
13000,10,7,10
13001,10,7,10
13002,10,12,15
13003,10,12,15
13004,10,2,16
13005,10,7,10
13006,10,12,15
13007,10,0,12
13008,10,7,10
13009,10,1,6
13010,10,12,15
13011,10,2,16
13012,10,2,16
13013,10,6,19
13014,10,0,12
13015,10,2,16
13016,10,13,2
13017,10,0,12
13018,10,0,12
13019,10,2,16
13020,10,7,10
13021,10,7,10
13022,10,12,15
13023,10,7,10
13024,10,12,15
13025,10,12,15
13026,10,0,12
13027,10,0,12
13028,10,7,10
13029,10,2,16
13030,10,12,15
13031,10,12,15
13032,10,12,15
13033,10,7,10
13034,10,12,15
13035,10,7,10
13036,10,7,10
13037,10,12,15
13038,10,7,10
13039,10,7,10
13040,10,7,10
13041,10,10,13
13042,10,7,10
13043,10,2,16
13044,10,12,15
13045,10,16,18
13046,10,2,16
13047,10,2,16
13048,10,2,16
13049,10,1,6
13050,10,3,17
13051,10,3,17
13052,10,9,7
13053,10,9,7
13054,10,9,7
13055,10,15,1
13056,10,15,1
13057,10,2,16
13058,10,11,14
13059,10,11,14
13060,10,6,19
13061,10,6,19
13062,10,6,19
13063,10,2,16
13064,10,11,14
13065,10,1,6
13066,10,1,6
13067,10,7,10
13068,10,11,14
13069,10,11,14
13070,10,7,10
13071,10,4,11
13072,10,2,16
13073,10,18,8
13074,10,2,16
13075,10,2,16
13076,10,1,6
13077,10,7,10
13078,10,2,16
13079,10,7,10
13080,10,13,2
13081,10,2,16
13082,10,16,18
13083,10,16,18
13084,10,11,14
13085,10,1,6
13086,10,18,8
13087,10,1,6
13088,10,11,14
13089,10,2,16
13090,10,2,16
13091,10,15,1
13092,10,1,6
13093,10,1,6
13094,10,2,16
13095,10,1,6
13096,10,3,17
13097,10,11,14
13098,10,2,16
13099,10,11,14
13100,10,11,14
13101,10,13,2
13102,10,11,14
13103,10,11,14
13104,10,2,16
13105,10,11,14
13106,10,2,16
13107,10,2,16
13108,10,10,13
13109,10,17,5
13110,10,13,2
13111,10,13,2
13112,10,11,14
13113,10,13,2
13114,10,19,0
13115,10,3,17
13116,10,10,13
13117,10,17,5
13118,10,11,14
13119,10,19,0
13120,10,15,1
13121,10,15,1
13122,10,15,1
13123,10,15,1
13124,10,15,1
13125,10,2,16
13126,10,2,16
13127,10,2,16
13128,10,2,16
13129,10,19,0
13130,10,8,3
13131,10,11,14
13132,10,14,4
13133,10,14,4
13134,10,14,4
13135,10,14,4
13136,10,14,4
13137,10,0,12
13138,10,11,14
13139,10,6,19
13140,10,12,15
13141,10,8,3
13142,10,1,6
13143,10,11,14
13144,10,2,16
13145,10,2,16
13146,10,11,14
13147,10,11,14
13148,10,11,14
13149,10,4,11
13150,10,11,14
13151,10,11,14
13152,10,2,16
13153,10,2,16
13154,10,12,15
13155,10,4,11
13156,10,2,16
13157,10,13,2
13158,10,0,12
13159,10,19,0
13160,10,2,16
13161,10,11,14
13162,10,2,16
13163,10,6,19
13164,10,6,19
13165,10,14,4
13166,10,6,19
13167,10,1,6
13168,10,2,16
13169,10,1,6
13170,10,0,12
13171,10,13,2
13172,10,2,16
13173,10,13,2
13174,10,2,16
13175,10,2,16
13176,10,3,17
13177,10,2,16
13178,10,0,12
13179,10,12,15
13180,10,0,12
13181,10,1,6
13182,10,2,16
13183,10,2,16
13184,10,2,16
13185,10,19,0
13186,10,14,4
13187,10,2,16
13188,10,19,0
13189,10,2,16
13190,10,0,12
13191,10,1,6
13192,10,2,16
13193,10,7,10
13194,10,3,17
13195,10,7,10
13196,10,7,10
13197,10,13,2
13198,10,2,16
13199,10,11,14
13200,10,5,9
13201,10,3,17
13202,10,12,15
13203,10,11,14
13204,10,16,18
13205,10,16,18
13206,10,11,14
13207,10,7,10
13208,10,9,7
13209,10,13,2
13210,10,13,2
13211,10,12,15
13212,10,17,5
13213,10,3,17
13214,10,2,16
13215,10,2,16
13216,10,7,10
13217,10,4,11
13218,10,2,16
13219,10,13,2
13220,10,2,16
13221,10,13,2
13222,10,2,16
13223,10,13,2
13224,10,6,19
13225,10,2,16
13226,10,10,13
13227,10,16,18
13228,10,6,19
13229,10,6,19
13230,10,1,6
13231,10,11,14
13232,10,9,7
13233,10,1,6
13234,10,2,16
13235,10,9,7
13236,10,2,16
13237,10,15,1
13238,10,13,2
13239,10,1,6
13240,10,2,16
13241,10,18,8
13242,10,9,7
13243,10,2,16
13244,10,2,16
13245,10,17,5
13246,10,15,1
13247,10,11,14
13248,10,9,7
13249,10,11,14
13250,10,10,13
13251,10,9,7
13252,10,1,6
13253,10,11,14
13254,10,10,13
13255,10,1,6
13256,10,2,16
13257,10,13,2
13258,10,3,17
13259,10,19,0
13260,10,14,4
13261,10,19,0
13262,10,2,16
13263,10,2,16
13264,10,1,6
13265,10,11,14
13266,10,14,4
13267,10,18,8
13268,10,18,8
13269,10,18,8
13270,10,2,16
13271,10,2,16
13272,10,2,16
13273,10,2,16
13274,10,7,10
13275,10,11,14
13276,10,12,15
13277,10,7,10
13278,10,14,4
13279,10,7,10
13280,10,15,1
13281,10,18,8
13282,10,2,16
13283,10,2,16
13284,10,14,4
13285,10,14,4
13286,10,2,16
13287,10,2,16
13288,10,12,15
13289,10,2,16
13290,10,2,16
13291,10,2,16
13292,10,1,6
13293,10,2,16
13294,10,15,1
13295,10,15,1
13296,10,16,18
13297,10,11,14
13298,10,17,5
13299,10,17,5
13300,10,6,19
13301,10,7,10
13302,10,9,7
13303,10,0,12
13304,10,13,2
13305,10,16,18
13306,10,0,12
13307,10,14,4
13308,10,14,4
13309,10,13,2
13310,10,14,4
13311,10,2,16
13312,10,7,10
13313,10,6,19
13314,10,6,19
13315,10,11,14
13316,10,7,10
13317,10,1,6
13318,10,1,6
13319,10,0,12
13320,10,14,4
13321,10,2,16
13322,10,5,9
13323,10,19,0
13324,10,2,16
13325,10,13,2
13326,10,3,17
13327,10,2,16
13328,10,2,16
13329,10,11,14
13330,10,1,6
13331,10,2,16
13332,10,3,17
13333,10,2,16
13334,10,2,16
13335,10,6,19
13336,10,2,16
13337,10,4,11
13338,10,1,6
13339,10,9,7
13340,10,11,14
13341,10,6,19
13342,10,11,14
13343,10,2,16
13344,10,2,16
13345,10,18,8
13346,10,18,8
13347,10,7,10
13348,10,6,19
13349,10,17,5
13350,10,7,10
13351,10,5,9
13352,10,2,16
13353,10,2,16
13354,10,2,16
13355,10,2,16
13356,10,2,16
13357,10,1,6
13358,10,12,15
13359,10,13,2
13360,10,11,14
13361,10,12,15
13362,10,14,4
13363,10,11,14
13364,10,2,16
13365,10,2,16
13366,10,11,14
13367,10,2,16
13368,10,7,10
13369,10,1,6
13370,10,1,6
13371,10,1,6
13372,10,1,6
13373,10,9,7
13374,10,12,15
13375,10,2,16
13376,10,2,16
13377,10,5,9
13378,10,9,7
13379,10,16,18
13380,10,7,10
13381,10,7,10
13382,10,13,2
13383,10,9,7
13384,10,1,6
13385,10,0,12
13386,10,2,16
13387,10,0,12
13388,10,15,1
13389,10,2,16
13390,10,11,14
13391,10,18,8
13392,10,15,1
13393,10,2,16
13394,10,2,16
13395,10,2,16
13396,10,2,16
13397,10,11,14
13398,10,2,16
13399,10,5,9
13400,10,11,14
13401,10,2,16
13402,10,2,16
13403,10,2,16
13404,10,2,16
13405,10,2,16
13406,10,2,16
13407,10,2,16
13408,10,2,16
13409,10,8,3
13410,10,11,14
13411,10,8,3
13412,10,2,16
13413,10,2,16
13414,10,16,18
13415,10,8,3
13416,10,1,6
13417,10,0,12
13418,10,0,12
13419,10,0,12
13420,10,0,12
13421,10,7,10
13422,10,12,15
13423,10,11,14
13424,10,1,6
13425,10,6,19
13426,10,16,18
13427,10,18,8
13428,10,7,10
13429,10,6,19
13430,10,1,6
13431,10,1,6
13432,10,1,6
13433,10,2,16
13434,10,2,16
13435,10,16,18
13436,10,16,18
13437,10,18,8
13438,10,18,8
13439,10,16,18
13440,10,2,16
13441,10,6,19
13442,10,1,6
13443,10,2,16
13444,10,2,16
13445,10,2,16
13446,10,2,16
13447,10,1,6
13448,10,6,19
13449,10,3,17
13450,10,2,16
13451,10,2,16
13452,10,12,15
13453,10,11,14
13454,10,2,16
13455,10,18,8
13456,10,2,16
13457,10,2,16
13458,10,2,16
13459,10,2,16
13460,10,7,10
13461,10,2,16
13462,10,2,16
13463,10,2,16
13464,10,7,10
13465,10,9,7
13466,10,9,7
13467,10,2,16
13468,10,7,10
13469,10,18,8
13470,10,2,16
13471,10,9,7
13472,10,3,17
13473,10,9,7
13474,10,7,10
13475,10,11,14
13476,10,9,7
13477,10,2,16
13478,10,1,6
13479,10,3,17
13480,10,18,8
13481,10,8,3
13482,10,8,3
13483,10,14,4
13484,10,1,6
13485,10,8,3
13486,10,2,16
13487,10,8,3
13488,10,2,16
13489,10,3,17
13490,10,9,7
13491,10,9,7
13492,10,12,15
13493,10,14,4
13494,10,14,4
13495,10,14,4
13496,10,2,16
13497,10,16,18
13498,10,1,6
13499,10,2,16
13500,10,2,16
13501,10,2,16
13502,10,12,15
13503,10,12,15
13504,10,12,15
13505,10,2,16
13506,10,1,6
13507,10,1,6
13508,10,1,6
13509,10,11,14
13510,10,2,16
13511,10,4,11
13512,10,2,16
13513,10,18,8
13514,10,8,3
13515,10,2,16
13516,10,10,13
13517,10,1,6
13518,10,2,16
13519,10,7,10
13520,10,2,16
13521,10,2,16
13522,10,7,10
13523,10,1,6
13524,10,4,11
13525,10,2,16
13526,10,2,16
13527,10,1,6
13528,10,8,3
13529,10,1,6
13530,10,16,18
13531,10,14,4
13532,10,14,4
13533,10,16,18
13534,10,2,16
13535,10,2,16
13536,10,18,8
13537,10,18,8
13538,10,18,8
13539,10,2,16
13540,10,1,6
13541,10,18,8
13542,10,0,12
13543,10,7,10
13544,10,7,10
13545,10,2,16
13546,10,2,16
13547,10,14,4
13548,10,1,6
13549,10,2,16
13550,10,3,17
13551,10,7,10
13552,10,2,16
13553,10,2,16
13554,10,2,16
13555,10,2,16
13556,10,12,15
13557,10,1,6
13558,10,11,14
13559,10,6,19
13560,10,2,16
13561,10,2,16
13562,10,8,3
13563,10,2,16
13564,10,2,16
13565,10,2,16
13566,10,2,16
13567,10,2,16
13568,10,6,19
13569,10,6,19
13570,10,2,16
13571,10,7,10
13572,10,2,16
13573,10,11,14
13574,10,11,14
13575,10,11,14
13576,10,1,6
13577,10,2,16
13578,10,2,16
13579,10,17,5
13580,10,12,15
13581,10,11,14
13582,10,2,16
13583,10,2,16
13584,10,12,15
13585,10,11,14
13586,10,2,16
13587,10,2,16
13588,10,2,16
13589,10,2,16
13590,10,2,16
13591,10,12,15
13592,10,11,14
13593,10,2,16
13594,10,2,16
13595,10,12,15
13596,10,11,14
13597,10,11,14
13598,10,7,10
13599,10,2,16
13600,10,2,16
13601,10,13,2
13602,10,2,16
13603,10,2,16
13604,10,7,10
13605,10,16,18
13606,10,2,16
13607,10,2,16
13608,10,2,16
13609,10,2,16
13610,10,2,16
13611,10,2,16
13612,10,2,16
13613,10,0,12
13614,10,0,12
13615,10,2,16
13616,10,2,16
13617,10,2,16
13618,10,17,5
13619,10,12,15
13620,10,11,14
13621,10,7,10
13622,10,3,17
13623,10,14,4
13624,10,2,16
13625,10,2,16
13626,10,11,14
13627,10,14,4
13628,10,11,14
13629,10,11,14
13630,10,11,14
13631,10,4,11
13632,10,0,12
13633,10,1,6
13634,10,7,10
13635,10,2,16
13636,10,7,10
13637,10,5,9
13638,10,5,9
13639,10,4,11
13640,10,2,16
13641,10,2,16
13642,10,12,15
13643,10,2,16
13644,10,12,15
13645,10,14,4
13646,10,1,6
13647,10,6,19
13648,10,6,19
13649,10,9,7
13650,10,8,3
13651,10,2,16
13652,10,7,10
13653,10,2,16
13654,10,4,11
13655,10,2,16
13656,10,2,16
13657,10,11,14
13658,10,9,7
13659,10,13,2
13660,10,7,10
13661,10,2,16
13662,10,7,10
13663,10,2,16
13664,10,11,14
13665,10,12,15
13666,10,2,16
13667,10,2,16
13668,10,2,16
13669,10,2,16
13670,10,2,16
13671,10,18,8
13672,10,18,8
13673,10,6,19
13674,10,2,16
13675,10,2,16
13676,10,2,16
13677,10,16,18
13678,10,16,18
13679,10,16,18
13680,10,1,6
13681,10,11,14
13682,10,2,16
13683,10,2,16
13684,10,2,16
13685,10,2,16
13686,10,15,1
13687,10,2,16
13688,10,2,16
13689,10,6,19
13690,10,7,10
13691,10,7,10
13692,10,2,16
13693,10,2,16
13694,10,2,16
13695,10,4,11
13696,10,7,10
13697,10,8,3
13698,10,11,14
13699,10,11,14
13700,10,12,15
13701,10,12,15
13702,10,2,16
13703,10,2,16
13704,10,16,18
13705,10,4,11
13706,10,2,16
13707,10,1,6
13708,10,1,6
13709,10,2,16
13710,10,14,4
13711,10,2,16
13712,10,17,5
13713,10,2,16
13714,10,2,16
13715,10,0,12
13716,10,2,16
13717,10,2,16
13718,10,11,14
13719,10,2,16
13720,10,2,16
13721,10,11,14
13722,10,11,14
13723,10,2,16
13724,10,6,19
13725,10,2,16
13726,10,4,11
13727,10,4,11
13728,10,1,6
13729,10,1,6
13730,10,2,16
13731,10,2,16
13732,10,2,16
13733,10,16,18
13734,10,18,8
13735,10,18,8
13736,10,2,16
13737,10,2,16
13738,10,6,19
13739,10,11,14
13740,10,2,16
13741,10,2,16
13742,10,2,16
13743,10,3,17
13744,10,2,16
13745,10,18,8
13746,10,2,16
13747,10,2,16
13748,10,2,16
13749,10,4,11
13750,10,1,6
13751,10,4,11
13752,10,2,16
13753,10,2,16
13754,10,7,10
13755,10,5,9
13756,10,2,16
13757,10,1,6
13758,10,2,16
13759,10,15,1
13760,10,2,16
13761,10,15,1
13762,10,18,8
13763,10,10,13
13764,10,10,13
13765,10,2,16
13766,10,15,1
13767,10,15,1
13768,10,15,1
13769,10,15,1
13770,10,13,2
13771,10,15,1
13772,10,11,14
13773,10,11,14
13774,10,13,2
13775,10,13,2
13776,10,11,14
13777,10,12,15
13778,10,2,16
13779,10,2,16
13780,10,9,7
13781,10,2,16
13782,10,7,10
13783,10,9,7
13784,10,13,2
13785,10,19,0
13786,10,10,13
13787,10,16,18
13788,10,12,15
13789,10,19,0
13790,10,13,2
13791,10,2,16
13792,10,2,16
13793,10,2,16
13794,10,2,16
13795,10,2,16
13796,10,2,16
13797,10,2,16
13798,10,2,16
13799,10,4,11
13800,10,2,16
13801,10,2,16
13802,10,2,16
13803,10,11,14
13804,10,2,16
13805,10,6,19
13806,10,5,9
13807,10,5,9
13808,10,2,16
13809,10,1,6
13810,10,9,7
13811,10,2,16
13812,10,2,16
13813,10,2,16
13814,10,2,16
13815,10,2,16
13816,10,1,6
13817,10,2,16
13818,10,3,17
13819,10,9,7
13820,10,9,7
13821,10,2,16
13822,10,2,16
13823,10,2,16
13824,10,7,10
13825,10,3,17
13826,10,3,17
13827,10,3,17
13828,10,19,0
13829,10,3,17
13830,10,9,7
13831,10,11,14
13832,10,11,14
13833,10,11,14
13834,10,2,16
13835,10,2,16
13836,10,12,15
13837,10,17,5
13838,10,4,11
13839,10,2,16
13840,10,7,10
13841,10,2,16
13842,10,2,16
13843,10,4,11
13844,10,2,16
13845,10,11,14
13846,10,5,9
13847,10,11,14
13848,10,11,14
13849,10,13,2
13850,10,13,2
13851,10,2,16
13852,10,19,0
13853,10,2,16
13854,10,2,16
13855,10,2,16
13856,10,2,16
13857,10,2,16
13858,10,12,15
13859,10,5,9
13860,10,7,10
13861,10,2,16
13862,10,11,14
13863,10,5,9
13864,10,11,14
13865,10,2,16
13866,10,8,3
13867,10,9,7
13868,10,6,19
13869,10,2,16
13870,10,2,16
13871,10,2,16
13872,10,2,16
13873,10,2,16
13874,10,2,16
13875,10,2,16
13876,10,0,12
13877,10,19,0
13878,10,13,2
13879,10,11,14
13880,10,13,2
13881,10,13,2
13882,10,13,2
13883,10,13,2
13884,10,2,16
13885,10,2,16
13886,10,5,9
13887,10,5,9
13888,10,5,9
13889,10,2,16
13890,10,12,15
13891,10,1,6
13892,10,1,6
13893,10,11,14
13894,10,11,14
13895,10,2,16
13896,10,2,16
13897,10,11,14
13898,10,11,14
13899,10,11,14
13900,10,2,16
13901,10,12,15
13902,10,2,16
13903,10,2,16
13904,10,0,12
13905,10,11,14
13906,10,11,14
13907,10,2,16
13908,10,2,16
13909,10,1,6
13910,10,11,14
13911,10,18,8
13912,10,18,8
13913,10,1,6
13914,10,2,16
13915,10,11,14
13916,10,2,16
13917,10,2,16
13918,10,2,16
13919,10,2,16
13920,10,11,14
13921,10,15,1
13922,10,7,10
13923,10,11,14
13924,10,0,12
13925,10,0,12
13926,10,0,12
13927,10,1,6
13928,10,2,16
13929,10,2,16
13930,10,18,8
13931,10,10,13
13932,10,2,16
13933,10,2,16
13934,10,12,15
13935,10,11,14
13936,10,4,11
13937,10,18,8
13938,10,2,16
13939,10,2,16
13940,10,2,16
13941,10,7,10
13942,10,15,1
13943,10,15,1
13944,10,1,6
13945,10,1,6
13946,10,1,6
13947,10,1,6
13948,10,7,10
13949,10,12,15
13950,10,12,15
13951,10,2,16
13952,10,11,14
13953,10,7,10
13954,10,7,10
13955,10,16,18
13956,10,1,6
13957,10,16,18
13958,10,2,16
13959,10,16,18
13960,10,16,18
13961,10,16,18
13962,10,0,12
13963,10,4,11
13964,10,4,11
13965,10,12,15
13966,10,2,16
13967,10,2,16
13968,10,2,16
13969,10,2,16
13970,10,11,14
13971,10,2,16
13972,10,18,8
13973,10,18,8
13974,10,1,6
13975,10,1,6
13976,10,11,14
13977,10,2,16
13978,10,2,16
13979,10,17,5
13980,10,2,16
13981,10,17,5
13982,10,11,14
13983,10,14,4
13984,10,0,12
13985,10,12,15
13986,10,9,7
13987,10,2,16
13988,10,2,16
13989,10,1,6
13990,10,0,12
13991,10,2,16
13992,10,2,16
13993,10,7,10
13994,10,12,15
13995,10,7,10
13996,10,2,16
13997,10,7,10
13998,10,15,1
13999,10,15,1
14000,10,11,14
14001,10,11,14
14002,10,2,16
14003,10,11,14
14004,10,17,5
14005,10,2,16
14006,10,18,8
14007,10,9,7
14008,10,3,17
14009,10,3,17
14010,10,11,14
14011,10,3,17
14012,10,12,15
14013,10,11,14
14014,10,2,16
14015,10,14,4
14016,10,3,17
14017,10,3,17
14018,10,15,1
14019,10,3,17
14020,10,18,8
14021,10,2,16
14022,10,3,17
14023,10,7,10
14024,10,1,6
14025,10,2,16
14026,10,12,15
14027,10,15,1
14028,10,17,5
14029,10,2,16
14030,10,11,14
14031,10,2,16
14032,10,2,16
14033,10,2,16
14034,10,2,16
14035,10,2,16
14036,10,2,16
14037,10,2,16
14038,10,2,16
14039,10,5,9
14040,10,11,14
14041,10,11,14
14042,10,11,14
14043,10,2,16
14044,10,0,12
14045,10,2,16
14046,10,2,16
14047,10,2,16
14048,10,12,15
14049,10,2,16
14050,10,11,14
14051,10,14,4
14052,10,18,8
14053,10,1,6
14054,10,1,6
14055,10,7,10
14056,10,3,17
14057,10,11,14
14058,10,2,16
14059,10,18,8
14060,10,5,9
14061,10,5,9
14062,10,11,14
14063,10,12,15
14064,10,9,7
14065,10,5,9
14066,10,3,17
14067,10,17,5
14068,10,3,17
14069,10,15,1
14070,10,19,0
14071,10,16,18
14072,10,13,2
14073,10,13,2
14074,10,15,1
14075,10,5,9
14076,10,5,9
14077,10,5,9
14078,10,5,9
14079,10,5,9
14080,10,16,18
14081,10,5,9
14082,10,19,0
14083,10,19,0
14084,10,1,6
14085,10,5,9
14086,10,3,17
14087,10,5,9
14088,10,3,17
14089,10,19,0
14090,10,16,18
14091,10,5,9
14092,10,1,6
14093,10,11,14
14094,10,1,6
14095,10,5,9
14096,10,16,18
14097,10,9,7
14098,10,19,0
14099,10,3,17
14100,10,3,17
14101,10,6,19
14102,10,5,9
14103,10,5,9
14104,10,5,9
14105,10,6,19
14106,10,19,0
14107,10,16,18
14108,10,16,18
14109,10,1,6
14110,10,10,13
14111,10,1,6
14112,10,16,18
14113,10,9,7
14114,10,15,1
14115,10,5,9
14116,10,5,9
14117,10,16,18
14118,10,5,9
14119,10,5,9
14120,10,18,8
14121,10,15,1
14122,10,4,11
14123,10,5,9
14124,10,5,9
14125,10,3,17
14126,10,10,13
14127,10,1,6
14128,10,4,11
14129,10,19,0
14130,10,1,6
14131,10,16,18
14132,10,16,18
14133,10,5,9
14134,10,5,9
14135,10,19,0
14136,10,9,7
14137,10,5,9
14138,10,16,18
14139,10,5,9
14140,10,9,7
14141,10,14,4
14142,10,18,8
14143,10,16,18
14144,10,5,9
14145,10,5,9
14146,10,5,9
14147,10,3,17
14148,10,9,7
14149,10,1,6
14150,10,8,3
14151,10,16,18
14152,10,16,18
14153,10,3,17
14154,10,6,19
14155,10,1,6
14156,10,17,5
14157,10,16,18
14158,10,15,1
14159,10,5,9
14160,10,1,6
14161,10,16,18
14162,10,2,16
14163,10,15,1
14164,10,18,8
14165,10,12,15
14166,10,16,18
14167,10,5,9
14168,10,3,17
14169,10,1,6
14170,10,3,17
14171,10,9,7
14172,10,9,7
14173,10,9,7
14174,10,13,2
14175,10,11,14
14176,10,14,4
14177,10,15,1
14178,10,5,9
14179,10,18,8
14180,10,19,0
14181,10,16,18
14182,10,1,6
14183,10,1,6
14184,10,5,9
14185,10,15,1
14186,10,15,1
14187,10,6,19
14188,10,16,18
14189,10,11,14
14190,10,9,7
14191,10,1,6
14192,10,15,1
14193,10,6,19
14194,10,9,7
14195,10,9,7
14196,10,16,18
14197,10,5,9
14198,10,9,7
14199,10,16,18
14200,10,16,18
14201,10,1,6
14202,10,2,16
14203,10,3,17
14204,10,18,8
14205,10,14,4
14206,10,14,4
14207,10,16,18
14208,10,1,6
14209,10,16,18
14210,10,14,4
14211,10,1,6
14212,10,16,18
14213,10,5,9
14214,10,5,9
14215,10,3,17
14216,10,17,5
14217,10,11,14
14218,10,11,14
14219,10,9,7
14220,10,17,5
14221,10,6,19
14222,10,5,9
14223,10,9,7
14224,10,6,19
14225,10,6,19
14226,10,3,17
14227,10,4,11
14228,10,17,5
14229,10,5,9
14230,10,16,18
14231,10,16,18
14232,10,15,1
14233,10,15,1
14234,10,14,4
14235,10,19,0
14236,10,5,9
14237,10,16,18
14238,10,16,18
14239,10,14,4
14240,10,5,9
14241,10,5,9
14242,10,16,18
14243,10,16,18
14244,10,3,17
14245,10,13,2
14246,10,5,9
14247,10,5,9
14248,10,5,9
14249,10,6,19
14250,10,5,9
14251,10,5,9
14252,10,5,9
14253,10,3,17
14254,10,5,9
14255,10,1,6
14256,10,1,6
14257,10,5,9
14258,10,13,2
14259,10,9,7
14260,10,3,17
14261,10,5,9
14262,10,15,1
14263,10,16,18
14264,10,7,10
14265,10,16,18
14266,10,16,18
14267,10,13,2
14268,10,13,2
14269,10,19,0
14270,10,16,18
14271,10,5,9
14272,10,17,5
14273,10,4,11
14274,10,3,17
14275,10,5,9
14276,10,3,17
14277,10,3,17
14278,10,5,9
14279,10,16,18
14280,10,5,9
14281,10,9,7
14282,10,5,9
14283,10,17,5
14284,10,1,6
14285,10,5,9
14286,10,16,18
14287,10,5,9
14288,10,5,9
14289,10,4,11
14290,10,16,18
14291,10,11,14
14292,10,11,14
14293,10,18,8
14294,10,3,17
14295,10,9,7
14296,10,4,11
14297,10,16,18
14298,10,2,16
14299,10,6,19
14300,10,5,9
14301,10,19,0
14302,10,16,18
14303,10,5,9
14304,10,1,6
14305,10,3,17
14306,10,11,14
14307,10,18,8
14308,10,5,9
14309,10,16,18
14310,10,15,1
14311,10,9,7
14312,10,16,18
14313,10,1,6
14314,10,3,17
14315,10,16,18
14316,10,9,7
14317,10,5,9
14318,10,13,2
14319,10,3,17
14320,10,3,17
14321,10,13,2
14322,10,3,17
14323,10,5,9
14324,10,5,9
14325,10,16,18
14326,10,5,9
14327,10,3,17
14328,10,16,18
14329,10,16,18
14330,10,16,18
14331,10,19,0
14332,10,15,1
14333,10,16,18
14334,10,18,8
14335,10,15,1
14336,10,16,18
14337,10,13,2
14338,10,18,8
14339,10,4,11
14340,10,18,8
14341,10,1,6
14342,10,15,1
14343,10,3,17
14344,10,4,11
14345,10,19,0
14346,10,3,17
14347,10,15,1
14348,10,16,18
14349,10,4,11
14350,10,19,0
14351,10,11,14
14352,10,9,7
14353,10,5,9
14354,10,16,18
14355,10,5,9
14356,10,16,18
14357,10,5,9
14358,10,16,18
14359,10,5,9
14360,10,1,6
14361,10,6,19
14362,10,18,8
14363,10,9,7
14364,10,18,8
14365,10,5,9
14366,10,9,7
14367,10,1,6
14368,10,4,11
14369,10,5,9
14370,10,16,18
14371,10,16,18
14372,10,16,18
14373,10,10,13
14374,10,19,0
14375,10,5,9
14376,10,3,17
14377,10,3,17
14378,10,1,6
14379,10,13,2
14380,10,16,18
14381,10,16,18
14382,10,16,18
14383,10,6,19
14384,10,6,19
14385,10,16,18
14386,10,16,18
14387,10,11,14
14388,10,16,18
14389,10,5,9
14390,10,16,18
14391,10,16,18
14392,10,5,9
14393,10,15,1
14394,10,14,4
14395,10,15,1
14396,10,5,9
14397,10,5,9
14398,10,16,18
14399,10,18,8
14400,10,13,2
14401,10,6,19
14402,10,13,2
14403,10,17,5
14404,10,6,19
14405,10,1,6
14406,10,5,9
14407,10,9,7
14408,10,5,9
14409,10,3,17
14410,10,16,18
14411,10,16,18
14412,10,2,16
14413,10,5,9
14414,10,17,5
14415,10,16,18
14416,10,5,9
14417,10,11,14
14418,10,6,19
14419,10,9,7
14420,10,9,7
14421,10,5,9
14422,10,1,6
14423,10,15,1
14424,10,17,5
14425,10,6,19
14426,10,13,2
14427,10,7,10
14428,10,5,9
14429,10,5,9
14430,10,5,9
14431,10,18,8
14432,10,4,11
14433,10,5,9
14434,10,4,11
14435,10,13,2
14436,10,17,5
14437,10,1,6
14438,10,9,7
14439,10,3,17
14440,10,5,9
14441,10,16,18
14442,10,15,1
14443,10,6,19
14444,10,11,14
14445,10,1,6
14446,10,19,0
14447,10,5,9
14448,10,5,9
14449,10,16,18
14450,10,16,18
14451,10,13,2
14452,10,16,18
14453,10,9,7
14454,10,15,1
14455,10,13,2
14456,10,3,17
14457,10,14,4
14458,10,4,11
14459,10,10,13
14460,10,16,18
14461,10,5,9
14462,10,8,3
14463,10,19,0
14464,10,5,9
14465,10,5,9
14466,10,16,18
14467,10,2,16
14468,10,1,6
14469,10,5,9
14470,10,5,9
14471,10,15,1
14472,10,3,17
14473,10,5,9
14474,10,4,11
14475,10,2,16
14476,10,1,6
14477,10,16,18
14478,10,3,17
14479,10,5,9
14480,10,14,4
14481,10,13,2
14482,10,17,5
14483,10,5,9
14484,10,17,5
14485,10,5,9
14486,10,5,9
14487,10,14,4
14488,10,19,0
14489,10,5,9
14490,10,9,7
14491,10,16,18
14492,10,15,1
14493,10,11,14
14494,10,15,1
14495,10,19,0
14496,10,16,18
14497,10,5,9
14498,10,5,9
14499,10,4,11
14500,10,5,9
14501,10,19,0
14502,10,16,18
14503,10,16,18
14504,10,14,4
14505,10,13,2
14506,10,16,18
14507,10,5,9
14508,10,1,6
14509,10,5,9
14510,10,9,7
14511,10,9,7
14512,10,19,0
14513,10,1,6
14514,10,9,7
14515,10,16,18
14516,10,1,6
14517,10,9,7
14518,10,9,7
14519,10,5,9
14520,10,18,8
14521,10,18,8
14522,10,5,9
14523,10,5,9
14524,10,5,9
14525,10,1,6
14526,10,5,9
14527,10,5,9
14528,10,3,17
14529,10,9,7
14530,10,5,9
14531,10,1,6
14532,10,9,7
14533,10,1,6
14534,10,6,19
14535,10,9,7
14536,10,14,4
14537,10,4,11
14538,10,5,9
14539,10,16,18
14540,10,13,2
14541,10,5,9
14542,10,3,17
14543,10,3,17
14544,10,3,17
14545,10,14,4
14546,10,5,9
14547,10,18,8
14548,10,18,8
14549,10,1,6
14550,10,5,9
14551,10,13,2
14552,10,9,7
14553,10,9,7
14554,10,11,14
14555,10,5,9
14556,10,16,18
14557,10,16,18
14558,10,5,9
14559,10,16,18
14560,10,5,9
14561,10,9,7
14562,10,3,17
14563,10,5,9
14564,10,2,16
14565,10,3,17
14566,10,16,18
14567,10,2,16
14568,10,5,9
14569,10,16,18
14570,10,3,17
14571,10,9,7
14572,10,19,0
14573,10,19,0
14574,10,5,9
14575,10,3,17
14576,10,4,11
14577,10,14,4
14578,10,15,1
14579,10,18,8
14580,10,5,9
14581,10,9,7
14582,10,5,9
14583,10,5,9
14584,10,15,1
14585,10,5,9
14586,10,3,17
14587,10,4,11
14588,10,3,17
14589,10,9,7
14590,10,18,8
14591,10,5,9
14592,10,5,9
14593,10,5,9
14594,10,5,9
14595,10,13,2
14596,10,5,9
14597,10,6,19
14598,10,5,9
14599,10,6,19
14600,10,5,9
14601,10,11,14
14602,10,1,6
14603,10,5,9
14604,10,10,13
14605,10,6,19
14606,10,15,1
14607,10,9,7
14608,10,6,19
14609,10,5,9
14610,10,9,7
14611,10,15,1
14612,10,5,9
14613,10,2,16
14614,10,1,6
14615,10,7,10
14616,10,16,18
14617,10,5,9
14618,10,13,2
14619,10,5,9
14620,10,3,17
14621,10,15,1
14622,10,17,5
14623,10,14,4
14624,10,16,18
14625,10,19,0
14626,10,13,2
14627,10,13,2
14628,10,6,19
14629,10,12,15
14630,10,17,5
14631,10,6,19
14632,10,11,14
14633,10,18,8
14634,10,5,9
14635,10,15,1
14636,10,11,14
14637,10,5,9
14638,10,9,7
14639,10,9,7
14640,10,3,17
14641,10,13,2
14642,10,11,14
14643,10,9,7
14644,10,13,2
14645,10,5,9
14646,10,3,17
14647,10,2,16
14648,10,2,16
14649,10,11,14
14650,10,16,18
14651,10,12,15
14652,10,13,2
14653,10,5,9
14654,10,5,9
14655,10,3,17
14656,10,3,17
14657,10,3,17
14658,10,13,2
14659,10,1,6
14660,10,16,18
14661,10,16,18
14662,10,5,9
14663,10,5,9
14664,10,5,9
14665,10,4,11
14666,10,16,18
14667,10,3,17
14668,10,16,18
14669,10,11,14
14670,10,1,6
14671,10,2,16
14672,10,5,9
14673,10,9,7
14674,10,9,7
14675,10,16,18
14676,10,2,16
14677,10,3,17
14678,10,11,14
14679,10,19,0
14680,10,16,18
14681,10,5,9
14682,10,5,9
14683,10,5,9
14684,10,5,9
14685,10,1,6
14686,10,5,9
14687,10,11,14
14688,10,3,17
14689,10,5,9
14690,10,1,6
14691,10,3,17
14692,10,16,18
14693,10,3,17
14694,10,5,9
14695,10,15,1
14696,10,17,5
14697,10,16,18
14698,10,17,5
14699,10,19,0
14700,10,16,18
14701,10,18,8
14702,10,17,5
14703,10,5,9
14704,10,15,1
14705,10,1,6
14706,10,18,8
14707,10,5,9
14708,10,1,6
14709,10,13,2
14710,10,5,9
14711,10,11,14
14712,10,17,5
14713,10,5,9
14714,10,17,5
14715,10,9,7
14716,10,17,5
14717,10,19,0
14718,10,18,8
14719,10,5,9
14720,10,1,6
14721,10,9,7
14722,10,13,2
14723,10,3,17
14724,10,13,2
14725,10,16,18
14726,10,15,1
14727,10,4,11
14728,10,5,9
14729,10,19,0
14730,10,5,9
14731,10,13,2
14732,10,18,8
14733,10,2,16
14734,10,5,9
14735,10,13,2
14736,10,16,18
14737,10,3,17
14738,10,18,8
14739,10,11,14
14740,10,5,9
14741,10,18,8
14742,10,18,8
14743,10,4,11
14744,10,5,9
14745,10,5,9
14746,10,5,9
14747,10,5,9
14748,10,2,16
14749,10,4,11
14750,10,1,6
14751,10,16,18
14752,10,14,4
14753,10,15,1
14754,10,3,17
14755,10,16,18
14756,10,4,11
14757,10,4,11
14758,10,10,13
14759,10,1,6
14760,10,5,9
14761,10,16,18
14762,10,9,7
14763,10,4,11
14764,10,16,18
14765,10,15,1
14766,10,5,9
14767,10,6,19
14768,10,6,19
14769,10,16,18
14770,10,16,18
14771,10,17,5
14772,10,13,2
14773,10,5,9
14774,10,13,2
14775,10,8,3
14776,10,16,18
14777,10,13,2
14778,10,14,4
14779,10,5,9
14780,10,5,9
14781,10,16,18
14782,10,4,11
14783,10,4,11
14784,10,5,9
14785,10,3,17
14786,10,6,19
14787,10,6,19
14788,10,3,17
14789,10,3,17
14790,10,16,18
14791,10,4,11
14792,10,2,16
14793,10,9,7
14794,10,2,16
14795,10,5,9
14796,10,1,6
14797,10,18,8
14798,10,3,17
14799,10,9,7
14800,10,5,9
14801,10,16,18
14802,10,16,18
14803,10,19,0
14804,10,1,6
14805,10,8,3
14806,10,9,7
14807,10,19,0
14808,10,5,9
14809,10,3,17
14810,10,5,9
14811,10,5,9
14812,10,5,9
14813,10,1,6
14814,10,13,2
14815,10,4,11
14816,10,14,4
14817,10,5,9
14818,10,15,1
14819,10,4,11
14820,10,4,11
14821,10,16,18
14822,10,16,18
14823,10,1,6
14824,10,12,15
14825,10,4,11
14826,10,4,11
14827,10,5,9
14828,10,9,7
14829,10,16,18
14830,10,3,17
14831,10,5,9
14832,10,3,17
14833,10,6,19
14834,10,5,9
14835,10,18,8
14836,10,2,16
14837,10,3,17
14838,10,12,15
14839,10,5,9
14840,10,3,17
14841,10,1,6
14842,10,16,18
14843,10,17,5
14844,10,17,5
14845,10,3,17
14846,10,5,9
14847,10,17,5
14848,10,3,17
14849,10,13,2
14850,10,8,3
14851,10,11,14
14852,10,18,8
14853,10,13,2
14854,10,17,5
14855,10,4,11
14856,10,5,9
14857,10,17,5
14858,10,16,18
14859,10,18,8
14860,10,9,7
14861,10,13,2
14862,10,5,9
14863,10,11,14
14864,10,16,18
14865,10,13,2
14866,10,5,9
14867,10,10,13
14868,10,15,1
14869,10,19,0
14870,10,5,9
14871,10,16,18
14872,10,14,4
14873,10,17,5
14874,10,5,9
14875,10,3,17
14876,10,3,17
14877,10,16,18
14878,10,5,9
14879,10,18,8
14880,10,5,9
14881,10,5,9
14882,10,13,2
14883,10,16,18
14884,10,16,18
14885,10,18,8
14886,10,5,9
14887,10,3,17
14888,10,16,18
14889,10,9,7
14890,10,16,18
14891,10,5,9
14892,10,9,7
14893,10,3,17
14894,10,5,9
14895,10,5,9
14896,10,3,17
14897,10,18,8
14898,10,5,9
14899,10,5,9
14900,10,5,9
14901,10,6,19
14902,10,7,10
14903,10,15,1
14904,10,16,18
14905,10,3,17
14906,10,11,14
14907,10,16,18
14908,10,5,9
14909,10,3,17
14910,10,16,18
14911,10,16,18
14912,10,5,9
14913,10,19,0
14914,10,9,7
14915,10,16,18
14916,10,3,17
14917,10,16,18
14918,10,17,5
14919,10,17,5
14920,10,5,9
14921,10,13,2
14922,10,5,9
14923,10,5,9
14924,10,19,0
14925,10,4,11
14926,10,8,3
14927,10,5,9
14928,10,16,18
14929,10,5,9
14930,10,5,9
14931,10,1,6
14932,10,16,18
14933,10,19,0
14934,10,15,1
14935,10,18,8
14936,10,18,8
14937,10,3,17
14938,10,4,11
14939,10,4,11
14940,10,1,6
14941,10,3,17
14942,10,16,18
14943,10,18,8
14944,10,5,9
14945,10,5,9
14946,10,9,7
14947,10,5,9
14948,10,5,9
14949,10,6,19
14950,10,16,18
14951,10,3,17
14952,10,13,2
14953,10,5,9
14954,10,1,6
14955,10,13,2
14956,10,18,8
14957,10,5,9
14958,10,9,7
14959,10,5,9
14960,10,9,7
14961,10,3,17
14962,10,6,19
14963,10,3,17
14964,10,11,14
14965,10,9,7
14966,10,5,9
14967,10,19,0
14968,10,1,6
14969,10,16,18
14970,10,5,9
14971,10,4,11
14972,10,5,9
14973,10,2,16
14974,10,16,18
14975,10,16,18
14976,10,16,18
14977,10,6,19
14978,10,9,7
14979,10,3,17
14980,10,5,9
14981,10,5,9
14982,10,18,8
14983,10,4,11
14984,10,3,17
14985,10,16,18
14986,10,15,1
14987,10,16,18
14988,10,6,19
14989,10,5,9
14990,10,3,17
14991,10,5,9
14992,10,5,9
14993,10,19,0
14994,10,3,17
14995,10,11,14
14996,10,5,9
14997,10,14,4
14998,10,3,17
14999,10,5,9
15000,10,5,9
15001,10,16,18
15002,10,16,18
15003,10,11,14
15004,10,16,18
15005,10,3,17
15006,10,11,14
15007,10,3,17
15008,10,3,17
15009,10,4,11
15010,10,3,17
15011,10,15,1
15012,10,15,1
15013,10,5,9
15014,10,13,2
15015,10,5,9
15016,10,18,8
15017,10,16,18
15018,10,1,6
15019,10,14,4
15020,10,2,16
15021,10,9,7
15022,10,6,19
15023,10,9,7
15024,10,9,7
15025,10,9,7
15026,10,5,9
15027,10,4,11
15028,10,4,11
15029,10,5,9
15030,10,11,14
15031,10,1,6
15032,10,16,18
15033,10,4,11
15034,10,18,8
15035,10,19,0
15036,10,5,9
15037,10,11,14
15038,10,14,4
15039,10,3,17
15040,10,5,9
15041,10,1,6
15042,10,5,9
15043,10,16,18
15044,10,5,9
15045,10,3,17
15046,10,9,7
15047,10,5,9
15048,10,11,14
15049,10,18,8
15050,10,5,9
15051,10,16,18
15052,10,5,9
15053,10,3,17
15054,10,5,9
15055,10,3,17
15056,10,5,9
15057,10,6,19
15058,10,5,9
15059,10,2,16
15060,10,3,17
15061,10,5,9
15062,10,3,17
15063,10,15,1
15064,10,5,9
15065,10,14,4
15066,10,5,9
15067,10,9,7
15068,10,6,19
15069,10,5,9
15070,10,16,18
15071,10,6,19
15072,10,3,17
15073,10,11,14
15074,10,5,9
15075,10,1,6
15076,10,16,18
15077,10,16,18
15078,10,5,9
15079,10,16,18
15080,10,1,6
15081,10,19,0
15082,10,18,8
15083,10,5,9
15084,10,5,9
15085,10,6,19
15086,10,4,11
15087,10,19,0
15088,10,16,18
15089,10,1,6
15090,10,19,0
15091,10,3,17
15092,10,19,0
15093,10,16,18
15094,10,6,19
15095,10,2,16
15096,10,5,9
15097,10,5,9
15098,10,1,6
15099,10,16,18
15100,10,1,6
15101,10,13,2
15102,10,4,11
15103,10,11,14
15104,10,19,0
15105,10,13,2
15106,10,5,9
15107,10,19,0
15108,10,15,1
15109,10,5,9
15110,10,16,18
15111,10,19,0
15112,10,5,9
15113,10,19,0
15114,10,16,18
15115,10,3,17
15116,10,6,19
15117,10,5,9
15118,10,3,17
15119,10,5,9
15120,10,5,9
15121,10,5,9
15122,10,16,18
15123,10,10,13
15124,10,5,9
15125,10,16,18
15126,10,13,2
15127,10,15,1
15128,10,5,9
15129,10,5,9
15130,10,4,11
15131,10,5,9
15132,10,1,6
15133,10,18,8
15134,10,6,19
15135,10,19,0
15136,10,1,6
15137,10,1,6
15138,10,1,6
15139,10,5,9
15140,10,19,0
15141,10,16,18
15142,10,15,1
15143,10,9,7
15144,10,16,18
15145,10,5,9
15146,10,9,7
15147,10,13,2
15148,10,5,9
15149,10,5,9
15150,10,15,1
15151,10,1,6
15152,10,16,18
15153,10,5,9
15154,10,16,18
15155,10,5,9
15156,10,16,18
15157,10,5,9
15158,10,1,6
15159,10,3,17
15160,10,16,18
15161,10,15,1
15162,10,16,18
15163,10,5,9
15164,10,5,9
15165,10,17,5
15166,10,4,11
15167,10,3,17
15168,10,17,5
15169,10,3,17
15170,10,16,18
15171,10,4,11
15172,10,16,18
15173,10,19,0
15174,10,19,0
15175,10,19,0
15176,10,16,18
15177,10,5,9
15178,10,5,9
15179,10,5,9
15180,10,15,1
15181,10,6,19
15182,10,16,18
15183,10,3,17
15184,10,3,17
15185,10,4,11
15186,10,19,0
15187,10,16,18
15188,10,9,7
15189,10,5,9
15190,10,9,7
15191,10,4,11
15192,10,5,9
15193,10,1,6
15194,10,3,17
15195,10,11,14
15196,10,5,9
15197,10,17,5
15198,10,16,18
15199,10,18,8
15200,10,8,3
15201,10,5,9
15202,10,15,1
15203,10,1,6
15204,10,5,9
15205,10,5,9
15206,10,19,0
15207,10,10,13
15208,10,19,0
15209,10,3,17
15210,10,13,2
15211,10,9,7
15212,10,9,7
15213,10,5,9
15214,10,18,8
15215,10,16,18
15216,10,13,2
15217,10,13,2
15218,10,13,2
15219,10,5,9
15220,10,9,7
15221,10,3,17
15222,10,6,19
15223,10,16,18
15224,10,14,4
15225,10,13,2
15226,10,5,9
15227,10,14,4
15228,10,4,11
15229,10,5,9
15230,10,17,5
15231,10,5,9
15232,10,1,6
15233,10,5,9
15234,10,5,9
15235,10,9,7
15236,10,5,9
15237,10,18,8
15238,10,16,18
15239,10,15,1
15240,10,11,14
15241,10,5,9
15242,10,6,19
15243,10,16,18
15244,10,6,19
15245,10,16,18
15246,10,19,0
15247,10,5,9
15248,10,5,9
15249,10,4,11
15250,10,15,1
15251,10,19,0
15252,10,9,7
15253,10,9,7
15254,10,5,9
15255,10,9,7
15256,10,5,9
15257,10,3,17
15258,10,14,4
15259,10,14,4
15260,10,5,9
15261,10,15,1
15262,10,9,7
15263,10,14,4
15264,10,13,2
15265,10,5,9
15266,10,16,18
15267,10,5,9
15268,10,4,11
15269,10,1,6
15270,10,19,0
15271,10,16,18
15272,10,14,4
15273,10,9,7
15274,10,5,9
15275,10,1,6
15276,10,16,18
15277,10,15,1
15278,10,6,19
15279,10,3,17
15280,10,18,8
15281,10,5,9
15282,10,3,17
15283,10,4,11
15284,10,15,1
15285,10,15,1
15286,10,1,6
15287,10,18,8
15288,10,13,2
15289,10,5,9
15290,10,15,1
15291,10,4,11
15292,10,4,11
15293,10,5,9
15294,10,8,3
15295,10,3,17
15296,10,9,7
15297,10,9,7
15298,10,1,6
15299,10,5,9
15300,10,3,17
15301,10,1,6
15302,10,19,0
15303,10,6,19
15304,10,9,7
15305,10,11,14
15306,10,6,19
15307,10,5,9
15308,10,16,18
15309,10,5,9
15310,10,5,9
15311,10,14,4
15312,10,16,18
15313,10,5,9
15314,10,5,9
15315,10,5,9
15316,10,3,17
15317,10,16,18
15318,10,5,9
15319,10,16,18
15320,10,17,5
15321,10,1,6
15322,10,5,9
15323,10,16,18
15324,10,16,18
15325,10,4,11
15326,10,16,18
15327,10,3,17
15328,10,16,18
15329,10,5,9
15330,10,16,18
15331,10,16,18
15332,10,1,6
15333,10,8,3
15334,10,1,6
15335,10,16,18
15336,10,5,9
15337,10,3,17
15338,10,18,8
15339,10,9,7
15340,10,17,5
15341,10,9,7
15342,10,1,6
15343,10,5,9
15344,10,11,14
15345,10,18,8
15346,10,6,19
15347,10,5,9
15348,10,1,6
15349,10,13,2
15350,10,16,18
15351,10,15,1
15352,10,4,11
15353,10,13,2
15354,10,1,6
15355,10,1,6
15356,10,5,9
15357,10,5,9
15358,10,4,11
15359,10,15,1
15360,10,5,9
15361,10,5,9
15362,10,3,17
15363,10,4,11
15364,10,5,9
15365,10,5,9
15366,10,4,11
15367,10,11,14
15368,10,13,2
15369,10,16,18
15370,10,4,11
15371,10,3,17
15372,10,13,2
15373,10,4,11
15374,10,1,6
15375,10,4,11
15376,10,13,2
15377,10,9,7
15378,10,3,17
15379,10,5,9
15380,10,14,4
15381,10,16,18
15382,10,9,7
15383,10,15,1
15384,10,1,6
15385,10,16,18
15386,10,3,17
15387,10,5,9
15388,10,2,16
15389,10,5,9
15390,10,16,18
15391,10,5,9
15392,10,5,9
15393,10,11,14
15394,10,15,1
15395,10,9,7
15396,10,5,9
15397,10,16,18
15398,10,3,17
15399,10,4,11
15400,10,15,1
15401,10,5,9
15402,10,16,18
15403,10,16,18
15404,10,19,0
15405,10,11,14
15406,10,5,9
15407,10,3,17
15408,10,4,11
15409,10,17,5
15410,10,19,0
15411,10,19,0
15412,10,6,19
15413,10,6,19
15414,10,13,2
15415,10,16,18
15416,10,5,9
15417,10,5,9
15418,10,9,7
15419,10,10,13
15420,10,5,9
15421,10,4,11
15422,10,15,1
15423,10,1,6
15424,10,13,2
15425,10,5,9
15426,10,16,18
15427,10,16,18
15428,10,16,18
15429,10,5,9
15430,10,5,9
15431,10,5,9
15432,10,16,18
15433,10,18,8
15434,10,3,17
15435,10,2,16
15436,10,9,7
15437,10,5,9
15438,10,17,5
15439,10,13,2
15440,10,1,6
15441,10,11,14
15442,10,16,18
15443,10,19,0
15444,10,16,18
15445,10,3,17
15446,10,7,10
15447,10,6,19
15448,10,5,9
15449,10,7,10
15450,10,3,17
15451,10,16,18
15452,10,16,18
15453,10,5,9
15454,10,6,19
15455,10,14,4
15456,10,11,14
15457,10,16,18
15458,10,4,11
15459,10,6,19
15460,10,5,9
15461,10,19,0
15462,10,4,11
15463,10,16,18
15464,10,5,9
15465,10,9,7
15466,10,1,6
15467,10,5,9
15468,10,3,17
15469,10,5,9
15470,10,13,2
15471,10,5,9
15472,10,1,6
15473,10,15,1
15474,10,8,3
15475,10,13,2
15476,10,11,14
15477,10,16,18
15478,10,9,7
15479,10,2,16
15480,10,3,17
15481,10,3,17
15482,10,9,7
15483,10,13,2
15484,10,3,17
15485,10,3,17
15486,10,5,9
15487,10,16,18
15488,10,1,6
15489,10,3,17
15490,10,1,6
15491,10,3,17
15492,10,5,9
15493,10,11,14
15494,10,5,9
15495,10,16,18
15496,10,5,9
15497,10,15,1
15498,10,6,19
15499,10,9,7
15500,10,16,18
15501,10,1,6
15502,10,3,17
15503,10,14,4
15504,10,5,9
15505,10,15,1
15506,10,16,18
15507,10,5,9
15508,10,3,17
15509,10,5,9
15510,10,3,17
15511,10,5,9
15512,10,9,7
15513,10,1,6
15514,10,3,17
15515,10,9,7
15516,10,1,6
15517,10,9,7
15518,10,9,7
15519,10,5,9
15520,10,4,11
15521,10,16,18
15522,10,9,7
15523,10,14,4
15524,10,9,7
15525,10,5,9
15526,10,18,8
15527,10,8,3
15528,10,9,7
15529,10,6,19
15530,10,5,9
15531,10,16,18
15532,10,5,9
15533,10,11,14
15534,10,2,16
15535,10,3,17
15536,10,5,9
15537,10,5,9
15538,10,5,9
15539,10,1,6
15540,10,6,19
15541,10,4,11
15542,10,5,9
15543,10,4,11
15544,10,5,9
15545,10,6,19
15546,10,5,9
15547,10,5,9
15548,10,5,9
15549,10,1,6
15550,10,9,7
15551,10,3,17
15552,10,1,6
15553,10,10,13
15554,10,17,5
15555,10,16,18
15556,10,1,6
15557,10,5,9
15558,10,6,19
15559,10,16,18
15560,10,3,17
15561,10,9,7
15562,10,1,6
15563,10,13,2
15564,10,3,17
15565,10,15,1
15566,10,3,17
15567,10,1,6
15568,10,5,9
15569,10,5,9
15570,10,5,9
15571,10,1,6
15572,10,11,14
15573,10,16,18
15574,10,5,9
15575,10,5,9
15576,10,13,2
15577,10,18,8
15578,10,18,8
15579,10,5,9
15580,10,16,18
15581,10,19,0
15582,10,16,18
15583,10,18,8
15584,10,16,18
15585,10,3,17
15586,10,4,11
15587,10,1,6
15588,10,5,9
15589,10,4,11
15590,10,5,9
15591,10,5,9
15592,10,5,9
15593,10,5,9
15594,10,15,1
15595,10,1,6
15596,10,5,9
15597,10,1,6
15598,10,6,19
15599,10,1,6
15600,10,5,9
15601,10,3,17
15602,10,2,16
15603,10,5,9
15604,10,13,2
15605,10,3,17
15606,10,9,7
15607,10,5,9
15608,10,15,1
15609,10,3,17
15610,10,16,18
15611,10,3,17
15612,10,10,13
15613,10,5,9
15614,10,5,9
15615,10,3,17
15616,10,13,2
15617,10,9,7
15618,10,5,9
15619,10,5,9
15620,10,11,14
15621,10,16,18
15622,10,17,5
15623,10,4,11
15624,10,18,8
15625,10,5,9
15626,10,3,17
15627,10,6,19
15628,10,15,1
15629,10,5,9
15630,10,5,9
15631,10,18,8
15632,10,13,2
15633,10,19,0
15634,10,19,0
15635,10,3,17
15636,10,1,6
15637,10,16,18
15638,10,4,11
15639,10,14,4
15640,10,19,0
15641,10,16,18
15642,10,5,9
15643,10,3,17
15644,10,5,9
15645,10,16,18
15646,10,16,18
15647,10,15,1
15648,10,1,6
15649,10,16,18
15650,10,6,19
15651,10,15,1
15652,10,1,6
15653,10,3,17
15654,10,5,9
15655,10,3,17
15656,10,5,9
15657,10,5,9
15658,10,5,9
15659,10,16,18
15660,10,3,17
15661,10,4,11
15662,10,3,17
15663,10,16,18
15664,10,13,2
15665,10,18,8
15666,10,9,7
15667,10,14,4
15668,10,3,17
15669,10,6,19
15670,10,5,9
15671,10,16,18
15672,10,17,5
15673,10,16,18
15674,10,19,0
15675,10,3,17
15676,10,11,14
15677,10,5,9
15678,10,14,4
15679,10,5,9
15680,10,5,9
15681,10,1,6
15682,10,13,2
15683,10,6,19
15684,10,9,7
15685,10,1,6
15686,10,16,18
15687,10,5,9
15688,10,13,2
15689,10,9,7
15690,10,14,4
15691,10,18,8
15692,10,5,9
15693,10,14,4
15694,10,19,0
15695,10,6,19
15696,10,13,2
15697,10,16,18
15698,10,1,6
15699,10,15,1
15700,10,16,18
15701,10,3,17
15702,10,3,17
15703,10,3,17
15704,10,16,18
15705,10,1,6
15706,10,5,9
15707,10,16,18
15708,10,5,9
15709,10,5,9
15710,10,9,7
15711,10,19,0
15712,10,5,9
15713,10,3,17
15714,10,16,18
15715,10,1,6
15716,10,18,8
15717,10,13,2
15718,10,7,10
15719,10,5,9
15720,10,5,9
15721,10,14,4
15722,10,18,8
15723,10,16,18
15724,10,1,6
15725,10,13,2
15726,10,4,11
15727,10,13,2
15728,10,3,17
15729,10,16,18
15730,10,16,18
15731,10,13,2
15732,10,18,8
15733,10,9,7
15734,10,19,0
15735,10,5,9
15736,10,16,18
15737,10,19,0
15738,10,17,5
15739,10,5,9
15740,10,19,0
15741,10,16,18
15742,10,16,18
15743,10,5,9
15744,10,5,9
15745,10,1,6
15746,10,13,2
15747,10,13,2
15748,10,16,18
15749,10,11,14
15750,10,17,5
15751,10,6,19
15752,10,5,9
15753,10,3,17
15754,10,8,3
15755,10,14,4
15756,10,4,11
15757,10,5,9
15758,10,9,7
15759,10,3,17
15760,10,17,5
15761,10,16,18
15762,10,16,18
15763,10,5,9
15764,10,5,9
15765,10,16,18
15766,10,16,18
15767,10,13,2
15768,10,9,7
15769,10,16,18
15770,10,1,6
15771,10,19,0
15772,10,6,19
15773,10,5,9
15774,10,1,6
15775,10,9,7
15776,10,3,17
15777,10,9,7
15778,10,11,14
15779,10,1,6
15780,10,5,9
15781,10,4,11
15782,10,13,2
15783,10,11,14
15784,10,3,17
15785,10,16,18
15786,10,16,18
15787,10,9,7
15788,10,11,14
15789,10,3,17
15790,10,11,14
15791,10,3,17
15792,10,5,9
15793,10,17,5
15794,10,5,9
15795,10,6,19
15796,10,9,7
15797,10,11,14
15798,10,1,6
15799,10,13,2
15800,10,1,6
15801,10,3,17
15802,10,13,2
15803,10,19,0
15804,10,4,11
15805,10,17,5
15806,10,3,17
15807,10,1,6
15808,10,16,18
15809,10,16,18
15810,10,13,2
15811,10,4,11
15812,10,16,18
15813,10,16,18
15814,10,17,5
15815,10,5,9
15816,10,3,17
15817,10,5,9
15818,10,16,18
15819,10,5,9
15820,10,19,0
15821,10,9,7
15822,10,11,14
15823,10,5,9
15824,10,18,8
15825,10,19,0
15826,10,19,0
15827,10,5,9
15828,10,5,9
15829,10,15,1
15830,10,1,6
15831,10,4,11
15832,10,11,14
15833,10,5,9
15834,10,8,3
15835,10,13,2
15836,10,13,2
15837,10,9,7
15838,10,9,7
15839,10,16,18
15840,10,16,18
15841,10,5,9
15842,10,16,18
15843,10,5,9
15844,10,5,9
15845,10,15,1
15846,10,16,18
15847,10,5,9
15848,10,16,18
15849,10,16,18
15850,10,5,9
15851,10,16,18
15852,10,16,18
15853,10,5,9
15854,10,5,9
15855,10,19,0
15856,10,19,0
15857,10,5,9
15858,10,16,18
15859,10,5,9
15860,10,3,17
15861,10,3,17
15862,10,1,6
15863,10,16,18
15864,10,19,0
15865,10,1,6
15866,10,5,9
15867,10,15,1
15868,10,5,9
15869,10,16,18
15870,10,5,9
15871,10,5,9
15872,10,1,6
15873,10,5,9
15874,10,5,9
15875,10,13,2
15876,10,3,17
15877,10,16,18
15878,10,9,7
15879,10,1,6
15880,10,5,9
15881,10,5,9
15882,10,6,19
15883,10,16,18
15884,10,15,1
15885,10,11,14
15886,10,6,19
15887,10,16,18
15888,10,5,9
15889,10,16,18
15890,10,5,9
15891,10,1,6
15892,10,16,18
15893,10,6,19
15894,10,15,1
15895,10,18,8
15896,10,3,17
15897,10,11,14
15898,10,5,9
15899,10,1,6
15900,10,5,9
15901,10,13,2
15902,10,5,9
15903,10,10,13
15904,10,19,0
15905,10,14,4
15906,10,1,6
15907,10,14,4
15908,10,3,17
15909,10,18,8
15910,10,11,14
15911,10,4,11
15912,10,5,9
15913,10,5,9
15914,10,1,6
15915,10,5,9
15916,10,18,8
15917,10,5,9
15918,10,5,9
15919,10,5,9
15920,10,15,1
15921,10,5,9
15922,10,5,9
15923,10,1,6
15924,10,9,7
15925,10,9,7
15926,10,19,0
15927,10,5,9
15928,10,5,9
15929,10,6,19
15930,10,3,17
15931,10,5,9
15932,10,6,19
15933,10,5,9
15934,10,4,11
15935,10,4,11
15936,10,19,0
15937,10,17,5
15938,10,9,7
15939,10,6,19
15940,10,3,17
15941,10,5,9
15942,10,1,6
15943,10,16,18
15944,10,1,6
15945,10,8,3
15946,10,18,8
15947,10,5,9
15948,10,1,6
15949,10,5,9
15950,10,4,11
15951,10,5,9
15952,10,18,8
15953,10,3,17
15954,10,15,1
15955,10,15,1
15956,10,13,2
15957,10,15,1
15958,10,16,18
15959,10,18,8
15960,10,3,17
15961,10,15,1
15962,10,16,18
15963,10,5,9
15964,10,16,18
15965,10,13,2
15966,10,13,2
15967,10,5,9
15968,10,16,18
15969,10,1,6
15970,10,10,13
15971,10,5,9
15972,10,11,14
15973,10,1,6
15974,10,6,19
15975,10,5,9
15976,10,15,1
15977,10,18,8
15978,10,3,17
15979,10,9,7
15980,10,1,6
15981,10,9,7
15982,10,16,18
15983,10,6,19
15984,10,5,9
15985,10,16,18
15986,10,15,1
15987,10,4,11
15988,10,5,9
15989,10,5,9
15990,10,1,6
15991,10,5,9
15992,10,3,17
15993,10,15,1
15994,10,16,18
15995,10,19,0
15996,10,9,7
15997,10,16,18
15998,10,1,6
15999,10,19,0
16000,10,4,11
16001,10,3,17
16002,10,5,9
16003,10,5,9
16004,10,16,18
16005,10,6,19
16006,10,9,7
16007,10,5,9
16008,10,5,9
16009,10,5,9
16010,10,15,1
16011,10,16,18
16012,10,18,8
16013,10,5,9
16014,10,3,17
16015,10,4,11
16016,10,13,2
16017,10,16,18
16018,10,9,7
16019,10,19,0
16020,10,18,8
16021,10,11,14
16022,10,14,4
16023,10,15,1
16024,10,16,18
16025,10,18,8
16026,10,3,17
16027,10,4,11
16028,10,16,18
16029,10,3,17
16030,10,5,9
16031,10,16,18
16032,10,16,18
16033,10,5,9
16034,10,15,1
16035,10,15,1
16036,10,1,6
16037,10,12,15
16038,10,5,9
16039,10,1,6
16040,10,13,2
16041,10,16,18
16042,10,19,0
16043,10,5,9
16044,10,16,18
16045,10,16,18
16046,10,5,9
16047,10,16,18
16048,10,11,14
16049,10,3,17
16050,10,5,9
16051,10,13,2
16052,10,9,7
16053,10,9,7
16054,10,16,18
16055,10,18,8
16056,10,9,7
16057,10,14,4
16058,10,5,9
16059,10,1,6
16060,10,1,6
16061,10,16,18
16062,10,10,13
16063,10,17,5
16064,10,19,0
16065,10,16,18
16066,10,18,8
16067,10,4,11
16068,10,19,0
16069,10,16,18
16070,10,16,18
16071,10,6,19
16072,10,6,19
16073,10,15,1
16074,10,13,2
16075,10,9,7
16076,10,16,18
16077,10,18,8
16078,10,13,2
16079,10,3,17
16080,10,1,6
16081,10,11,14
16082,10,9,7
16083,10,4,11
16084,10,16,18
16085,10,8,3
16086,10,2,16
16087,10,3,17
16088,10,16,18
16089,10,4,11
16090,10,11,14
16091,10,6,19
16092,10,16,18
16093,10,19,0
16094,10,2,16
16095,10,13,2
16096,10,3,17
16097,10,1,6
16098,10,13,2
16099,10,16,18
16100,10,16,18
16101,10,5,9
16102,10,18,8
16103,10,17,5
16104,10,3,17
16105,10,16,18
16106,10,13,2
16107,10,3,17
16108,10,5,9
16109,10,5,9
16110,10,3,17
16111,10,18,8
16112,10,5,9
16113,10,5,9
16114,10,4,11
16115,10,9,7
16116,10,17,5
16117,10,17,5
16118,10,19,0
16119,10,5,9
16120,10,13,2
16121,10,1,6
16122,10,18,8
16123,10,15,1
16124,10,16,18
16125,10,17,5
16126,10,1,6
16127,10,2,16
16128,10,5,9
16129,10,2,16
16130,10,16,18
16131,10,3,17
16132,10,5,9
16133,10,4,11
16134,10,16,18
16135,10,5,9
16136,10,16,18
16137,10,3,17
16138,10,16,18
16139,10,5,9
16140,10,5,9
16141,10,16,18
16142,10,15,1
16143,10,18,8
16144,10,14,4
16145,10,4,11
16146,10,1,6
16147,10,6,19
16148,10,9,7
16149,10,16,18
16150,10,11,14
16151,10,5,9
16152,10,16,18
16153,10,9,7
16154,10,1,6
16155,10,17,5
16156,10,16,18
16157,10,3,17
16158,10,5,9
16159,10,5,9
16160,10,3,17
16161,10,9,7
16162,10,5,9
16163,10,1,6
16164,10,19,0
16165,10,4,11
16166,10,16,18
16167,10,3,17
16168,10,5,9
16169,10,5,9
16170,10,18,8
16171,10,19,0
16172,10,3,17
16173,10,11,14
16174,10,9,7
16175,10,11,14
16176,10,5,9
16177,10,17,5
16178,10,16,18
16179,10,9,7
16180,10,3,17
16181,10,5,9
16182,10,5,9
16183,10,18,8
16184,10,13,2
16185,10,17,5
16186,10,3,17
16187,10,16,18
16188,10,5,9
16189,10,1,6
16190,10,19,0
16191,10,5,9
16192,10,9,7
16193,10,18,8
16194,10,8,3
16195,10,9,7
16196,10,16,18
16197,10,5,9
16198,10,3,17
16199,10,4,11
16200,10,17,5
16201,10,3,17
16202,10,5,9
16203,10,5,9
16204,10,3,17
16205,10,5,9
16206,10,4,11
16207,10,3,17
16208,10,16,18
16209,10,6,19
16210,10,10,13
16211,10,16,18
16212,10,1,6
16213,10,13,2
16214,10,13,2
16215,10,4,11
16216,10,2,16
16217,10,13,2
16218,10,16,18
16219,10,9,7
16220,10,11,14
16221,10,16,18
16222,10,19,0
16223,10,6,19
16224,10,9,7
16225,10,16,18
16226,10,17,5
16227,10,16,18
16228,10,5,9
16229,10,10,13
16230,10,16,18
16231,10,16,18
16232,10,3,17
16233,10,16,18
16234,10,16,18
16235,10,1,6
16236,10,17,5
16237,10,4,11
16238,10,5,9
16239,10,2,16
16240,10,5,9
16241,10,16,18
16242,10,5,9
16243,10,16,18
16244,10,5,9
16245,10,19,0
16246,10,3,17
16247,10,5,9
16248,10,18,8
16249,10,3,17
16250,10,1,6
16251,10,6,19
16252,10,3,17
16253,10,5,9
16254,10,11,14
16255,10,5,9
16256,10,5,9
16257,10,5,9
16258,10,5,9
16259,10,5,9
16260,10,19,0
16261,10,9,7
16262,10,9,7
16263,10,18,8
16264,10,3,17
16265,10,14,4
16266,10,5,9
16267,10,1,6
16268,10,13,2
16269,10,9,7
16270,10,11,14
16271,10,11,14
16272,10,5,9
16273,10,16,18
16274,10,5,9
16275,10,16,18
16276,10,11,14
16277,10,3,17
16278,10,5,9
16279,10,19,0
16280,10,5,9
16281,10,16,18
16282,10,3,17
16283,10,16,18
16284,10,3,17
16285,10,5,9
16286,10,9,7
16287,10,5,9
16288,10,3,17
16289,10,9,7
16290,10,14,4
16291,10,4,11
16292,10,13,2
16293,10,9,7
16294,10,5,9
16295,10,6,19
16296,10,9,7
16297,10,16,18
16298,10,16,18
16299,10,3,17
16300,10,11,14
16301,10,5,9
16302,10,16,18
16303,10,5,9
16304,10,13,2
16305,10,3,17
16306,10,9,7
16307,10,16,18
16308,10,6,19
16309,10,9,7
16310,10,6,19
16311,10,4,11
16312,10,3,17
16313,10,9,7
16314,10,17,5
16315,10,17,5
16316,10,5,9
16317,10,9,7
16318,10,3,17
16319,10,14,4
16320,10,5,9
16321,10,18,8
16322,10,16,18
16323,10,5,9
16324,10,5,9
16325,10,15,1
16326,10,9,7
16327,10,9,7
16328,10,6,19
16329,10,16,18
16330,10,4,11
16331,10,9,7
16332,10,13,2
16333,10,19,0
16334,10,18,8
16335,10,5,9
16336,10,3,17
16337,10,6,19
16338,10,9,7
16339,10,5,9
16340,10,4,11
16341,10,5,9
16342,10,9,7
16343,10,13,2
16344,10,13,2
16345,10,16,18
16346,10,1,6
16347,10,19,0
16348,10,5,9
16349,10,13,2
16350,10,5,9
16351,10,16,18
16352,10,15,1
16353,10,3,17
16354,10,15,1
16355,10,5,9
16356,10,19,0
16357,10,9,7
16358,10,4,11
16359,10,3,17
16360,10,5,9
16361,10,3,17
16362,10,14,4
16363,10,2,16
16364,10,17,5
16365,10,13,2
16366,10,8,3
16367,10,16,18
16368,10,10,13
16369,10,5,9
16370,10,14,4
16371,10,4,11
16372,10,5,9
16373,10,15,1
16374,10,9,7
16375,10,5,9
16376,10,5,9
16377,10,5,9
16378,10,17,5
16379,10,1,6
16380,10,13,2
16381,10,3,17
16382,10,9,7
16383,10,9,7
16384,10,10,13
16385,10,16,18
16386,10,16,18
16387,10,13,2
16388,10,3,17
16389,10,15,1
16390,10,11,14
16391,10,16,18
16392,10,11,14
16393,10,1,6
16394,10,5,9
16395,10,16,18
16396,10,5,9
16397,10,15,1
16398,10,15,1
16399,10,5,9
16400,10,15,1
16401,10,1,6
16402,10,9,7
16403,10,3,17
16404,10,1,6
16405,10,11,14
16406,10,16,18
16407,10,5,9
16408,10,16,18
16409,10,16,18
16410,10,18,8
16411,10,17,5
16412,10,14,4
16413,10,14,4
16414,10,5,9
16415,10,1,6
16416,10,16,18
16417,10,16,18
16418,10,3,17
16419,10,5,9
16420,10,10,13
16421,10,3,17
16422,10,5,9
16423,10,19,0
16424,10,5,9
16425,10,6,19
16426,10,17,5
16427,10,16,18
16428,10,5,9
16429,10,3,17
16430,10,13,2
16431,10,5,9
16432,10,5,9
16433,10,16,18
16434,10,3,17
16435,10,14,4
16436,10,1,6
16437,10,18,8
16438,10,9,7
16439,10,9,7
16440,10,8,3
16441,10,16,18
16442,10,15,1
16443,10,16,18
16444,10,5,9
16445,10,16,18
16446,10,4,11
16447,10,16,18
16448,10,17,5
16449,10,6,19
16450,10,17,5
16451,10,6,19
16452,10,13,2
16453,10,18,8
16454,10,16,18
16455,10,6,19
16456,10,13,2
16457,10,5,9
16458,10,1,6
16459,10,15,1
16460,10,3,17
16461,10,5,9
16462,10,16,18
16463,10,14,4
16464,10,11,14
16465,10,3,17
16466,10,5,9
16467,10,15,1
16468,10,11,14
16469,10,16,18
16470,10,5,9
16471,10,3,17
16472,10,3,17
16473,10,6,19
16474,10,11,14
16475,10,3,17
16476,10,14,4
16477,10,5,9
16478,10,3,17
16479,10,9,7
16480,10,6,19
16481,10,4,11
16482,10,9,7
16483,10,18,8
16484,10,3,17
16485,10,2,16
16486,10,4,11
16487,10,1,6
16488,10,19,0
16489,10,2,16
16490,10,9,7
16491,10,16,18
16492,10,16,18
16493,10,14,4
16494,10,13,2
16495,10,16,18
16496,10,4,11
16497,10,3,17
16498,10,2,16
16499,10,10,13
16500,10,16,18
16501,10,3,17
16502,10,1,6
16503,10,16,18
16504,10,16,18
16505,10,15,1
16506,10,5,9
16507,10,5,9
16508,10,5,9
16509,10,5,9
16510,10,3,17
16511,10,15,1
16512,10,5,9
16513,10,11,14
16514,10,15,1
16515,10,14,4
16516,10,9,7
16517,10,5,9
16518,10,1,6
16519,10,11,14
16520,10,17,5
16521,10,19,0
16522,10,16,18
16523,10,3,17
16524,10,16,18
16525,10,5,9
16526,10,16,18
16527,10,5,9
16528,10,19,0
16529,10,15,1
16530,10,5,9
16531,10,18,8
16532,10,16,18
16533,10,4,11
16534,10,13,2
16535,10,16,18
16536,10,1,6
16537,10,19,0
16538,10,11,14
16539,10,15,1
16540,10,5,9
16541,10,5,9
16542,10,3,17
16543,10,8,3
16544,10,4,11
16545,10,4,11
16546,10,3,17
16547,10,5,9
16548,10,5,9
16549,10,13,2
16550,10,5,9
16551,10,16,18
16552,10,9,7
16553,10,5,9
16554,10,9,7
16555,10,5,9
16556,10,18,8
16557,10,16,18
16558,10,16,18
16559,10,3,17
16560,10,5,9
16561,10,16,18
16562,10,6,19
16563,10,19,0
16564,10,2,16
16565,10,18,8
16566,10,5,9
16567,10,6,19
16568,10,11,14
16569,10,5,9
16570,10,18,8
16571,10,15,1
16572,10,17,5
16573,10,11,14
16574,10,5,9
16575,10,5,9
16576,10,5,9
16577,10,8,3
16578,10,6,19
16579,10,1,6
16580,10,18,8
16581,10,13,2
16582,10,9,7
16583,10,4,11
16584,10,16,18
16585,10,15,1
16586,10,4,11
16587,10,3,17
16588,10,3,17
16589,10,13,2
16590,10,5,9
16591,10,3,17
16592,10,9,7
16593,10,5,9
16594,10,3,17
16595,10,5,9
16596,10,16,18
16597,10,1,6
16598,10,5,9
16599,10,9,7
16600,10,16,18
16601,10,16,18
16602,10,8,3
16603,10,5,9
16604,10,4,11
16605,10,4,11
16606,10,5,9
16607,10,17,5
16608,10,19,0
16609,10,3,17
16610,10,16,18
16611,10,14,4
16612,10,1,6
16613,10,14,4
16614,10,13,2
16615,10,18,8
16616,10,5,9
16617,10,19,0
16618,10,2,16
16619,10,15,1
16620,10,3,17
16621,10,3,17
16622,10,5,9
16623,10,13,2
16624,10,4,11
16625,10,5,9
16626,10,16,18
16627,10,2,16
16628,10,13,2
16629,10,1,6
16630,10,9,7
16631,10,2,16
16632,10,15,1
16633,10,2,16
16634,10,5,9
16635,10,11,14
16636,10,3,17
16637,10,1,6
16638,10,16,18
16639,10,15,1
16640,10,6,19
16641,10,5,9
16642,10,5,9
16643,10,5,9
16644,10,13,2
16645,10,16,18
16646,10,5,9
16647,10,18,8
16648,10,1,6
16649,10,3,17
16650,10,9,7
16651,10,16,18
16652,10,5,9
16653,10,5,9
16654,10,16,18
16655,10,6,19
16656,10,14,4
16657,10,16,18
16658,10,6,19
16659,10,9,7
16660,10,9,7
16661,10,5,9
16662,10,5,9
16663,10,19,0
16664,10,5,9
16665,10,4,11
16666,10,15,1
16667,10,4,11
16668,10,5,9
16669,10,17,5
16670,10,1,6
16671,10,1,6
16672,10,16,18
16673,10,16,18
16674,10,16,18
16675,10,19,0
16676,10,1,6
16677,10,18,8
16678,10,9,7
16679,10,5,9
16680,10,5,9
16681,10,5,9
16682,10,5,9
16683,10,18,8
16684,10,9,7
16685,10,16,18
16686,10,17,5
16687,10,16,18
16688,10,13,2
16689,10,14,4
16690,10,5,9
16691,10,5,9
16692,10,15,1
16693,10,13,2
16694,10,3,17
16695,10,6,19
16696,10,5,9
16697,10,5,9
16698,10,5,9
16699,10,5,9
16700,10,17,5
16701,10,5,9
16702,10,10,13
16703,10,5,9
16704,10,15,1
16705,10,1,6
16706,10,3,17
16707,10,18,8
16708,10,14,4
16709,10,1,6
16710,10,5,9
16711,10,5,9
16712,10,3,17
16713,10,4,11
16714,10,9,7
16715,10,15,1
16716,10,1,6
16717,10,14,4
16718,10,13,2
16719,10,3,17
16720,10,1,6
16721,10,17,5
16722,10,5,9
16723,10,11,14
16724,10,1,6
16725,10,17,5
16726,10,13,2
16727,10,16,18
16728,10,11,14
16729,10,1,6
16730,10,19,0
16731,10,1,6
16732,10,16,18
16733,10,5,9
16734,10,3,17
16735,10,15,1
16736,10,16,18
16737,10,14,4
16738,10,11,14
16739,10,9,7
16740,10,5,9
16741,10,9,7
16742,10,9,7
16743,10,9,7
16744,10,18,8
16745,10,6,19
16746,10,3,17
16747,10,16,18
16748,10,11,14
16749,10,15,1
16750,10,9,7
16751,10,5,9
16752,10,13,2
16753,10,4,11
16754,10,5,9
16755,10,5,9
16756,10,3,17
16757,10,16,18
16758,10,16,18
16759,10,16,18
16760,10,15,1
16761,10,9,7
16762,10,13,2
16763,10,10,13
16764,10,16,18
16765,10,9,7
16766,10,4,11
16767,10,5,9
16768,10,14,4
16769,10,19,0
16770,10,5,9
16771,10,5,9
16772,10,5,9
16773,10,3,17
16774,10,5,9
16775,10,1,6
16776,10,16,18
16777,10,5,9
16778,10,3,17
16779,10,6,19
16780,10,5,9
16781,10,19,0
16782,10,14,4
16783,10,14,4
16784,10,16,18
16785,10,6,19
16786,10,15,1
16787,10,16,18
16788,10,13,2
16789,10,15,1
16790,10,6,19
16791,10,10,13
16792,10,19,0
16793,10,5,9
16794,10,17,5
16795,10,5,9
16796,10,5,9
16797,10,4,11
16798,10,4,11
16799,10,5,9
16800,10,16,18
16801,10,1,6
16802,10,5,9
16803,10,4,11
16804,10,5,9
16805,10,9,7
16806,10,5,9
16807,10,16,18
16808,10,13,2
16809,10,13,2
16810,10,5,9
16811,10,1,6
16812,10,16,18
16813,10,3,17
16814,10,5,9
16815,10,8,3
16816,10,5,9
16817,10,15,1
16818,10,16,18
16819,10,5,9
16820,10,16,18
16821,10,17,5
16822,10,16,18
16823,10,5,9
16824,10,4,11
16825,10,7,10
16826,10,16,18
16827,10,19,0
16828,10,1,6
16829,10,13,2
16830,10,4,11
16831,10,9,7
16832,10,9,7
16833,10,6,19
16834,10,5,9
16835,10,9,7
16836,10,19,0
16837,10,15,1
16838,10,16,18
16839,10,16,18
16840,10,10,13
16841,10,9,7
16842,10,5,9
16843,10,18,8
16844,10,5,9
16845,10,10,13
16846,10,9,7
16847,10,18,8
16848,10,3,17
16849,10,3,17
16850,10,5,9
16851,10,5,9
16852,10,16,18
16853,10,1,6
16854,10,5,9
16855,10,11,14
16856,10,1,6
16857,10,17,5
16858,10,16,18
16859,10,11,14
16860,10,5,9
16861,10,2,16
16862,10,5,9
16863,10,5,9
16864,10,5,9
16865,10,9,7
16866,10,11,14
16867,10,17,5
16868,10,5,9
16869,10,5,9
16870,10,9,7
16871,10,16,18
16872,10,11,14
16873,10,5,9
16874,10,5,9
16875,10,5,9
16876,10,15,1
16877,10,17,5
16878,10,4,11
16879,10,3,17
16880,10,14,4
16881,10,6,19
16882,10,3,17
16883,10,5,9
16884,10,1,6
16885,10,1,6
16886,10,19,0
16887,10,9,7
16888,10,5,9
16889,10,18,8
16890,10,5,9
16891,10,1,6
16892,10,18,8
16893,10,9,7
16894,10,13,2
16895,10,1,6
16896,10,13,2
16897,10,19,0
16898,10,16,18
16899,10,5,9
16900,10,3,17
16901,10,16,18
16902,10,9,7
16903,10,5,9
16904,10,18,8
16905,10,5,9
16906,10,5,9
16907,10,16,18
16908,10,3,17
16909,10,8,3
16910,10,3,17
16911,10,6,19
16912,10,4,11
16913,10,4,11
16914,10,5,9
16915,10,3,17
16916,10,5,9
16917,10,13,2
16918,10,5,9
16919,10,6,19
16920,10,1,6
16921,10,3,17
16922,10,5,9
16923,10,5,9
16924,10,4,11
16925,10,17,5
16926,10,8,3
16927,10,13,2
16928,10,5,9
16929,10,16,18
16930,10,2,16
16931,10,5,9
16932,10,14,4
16933,10,19,0
16934,10,19,0
16935,10,6,19
16936,10,11,14
16937,10,14,4
16938,10,3,17
16939,10,5,9
16940,10,11,14
16941,10,3,17
16942,10,5,9
16943,10,5,9
16944,10,13,2
16945,10,14,4
16946,10,5,9
16947,10,16,18
16948,10,13,2
16949,10,5,9
16950,10,5,9
16951,10,6,19
16952,10,11,14
16953,10,18,8
16954,10,16,18
16955,10,15,1
16956,10,16,18
16957,10,15,1
16958,10,13,2
16959,10,3,17
16960,10,5,9
16961,10,16,18
16962,10,14,4
16963,10,19,0
16964,10,5,9
16965,10,9,7
16966,10,1,6
16967,10,5,9
16968,10,3,17
16969,10,3,17
16970,10,1,6
16971,10,16,18
16972,10,5,9
16973,10,9,7
16974,10,9,7
16975,10,16,18
16976,10,14,4
16977,10,5,9
16978,10,3,17
16979,10,9,7
16980,10,5,9
16981,10,15,1
16982,10,4,11
16983,10,4,11
16984,10,16,18
16985,10,16,18
16986,10,5,9
16987,10,4,11
16988,10,3,17
16989,10,3,17
16990,10,9,7
16991,10,5,9
16992,10,11,14
16993,10,16,18
16994,10,5,9
16995,10,5,9
16996,10,7,10
16997,10,5,9
16998,10,4,11
16999,10,16,18
17000,10,15,1
17001,10,16,18
17002,10,5,9
17003,10,15,1
17004,10,5,9
17005,10,9,7
17006,10,18,8
17007,10,4,11
17008,10,16,18
17009,10,9,7
17010,10,6,19
17011,10,1,6
17012,10,5,9
17013,10,1,6
17014,10,18,8
17015,10,17,5
17016,10,16,18
17017,10,16,18
17018,10,16,18
17019,10,4,11
17020,10,19,0
17021,10,5,9
17022,10,14,4
17023,10,19,0
17024,10,16,18
17025,10,16,18
17026,10,4,11
17027,10,13,2
17028,10,5,9
17029,10,5,9
17030,10,5,9
17031,10,15,1
17032,10,15,1
17033,10,11,14
17034,10,1,6
17035,10,18,8
17036,10,13,2
17037,10,2,16
17038,10,5,9
17039,10,13,2
17040,10,15,1
17041,10,5,9
17042,10,18,8
17043,10,9,7
17044,10,8,3
17045,10,5,9
17046,10,3,17
17047,10,4,11
17048,10,3,17
17049,10,11,14
17050,10,9,7
17051,10,9,7
17052,10,18,8
17053,10,3,17
17054,10,5,9
17055,10,13,2
17056,10,3,17
17057,10,16,18
17058,10,1,6
17059,10,5,9
17060,10,16,18
17061,10,6,19
17062,10,16,18
17063,10,19,0
17064,10,19,0
17065,10,3,17
17066,10,5,9
17067,10,9,7
17068,10,1,6
17069,10,11,14
17070,10,5,9
17071,10,2,16
17072,10,6,19
17073,10,4,11
17074,10,2,16
17075,10,1,6
17076,10,5,9
17077,10,1,6
17078,10,19,0
17079,10,1,6
17080,10,16,18
17081,10,18,8
17082,10,5,9
17083,10,16,18
17084,10,9,7
17085,10,5,9
17086,10,16,18
17087,10,5,9
17088,10,9,7
17089,10,5,9
17090,10,16,18
17091,10,15,1
17092,10,3,17
17093,10,5,9
17094,10,11,14
17095,10,16,18
17096,10,18,8
17097,10,5,9
17098,10,5,9
17099,10,15,1
17100,10,9,7
17101,10,6,19
17102,10,5,9
17103,10,17,5
17104,10,5,9
17105,10,10,13
17106,10,3,17
17107,10,5,9
17108,10,5,9
17109,10,5,9
17110,10,5,9
17111,10,16,18
17112,10,16,18
17113,10,3,17
17114,10,0,12
17115,10,13,2
17116,10,9,7
17117,10,5,9
17118,10,2,16
17119,10,11,14
17120,10,6,19
17121,10,19,0
17122,10,5,9
17123,10,6,19
17124,10,4,11
17125,10,18,8
17126,10,5,9
17127,10,19,0
17128,10,5,9
17129,10,14,4
17130,10,13,2
17131,10,5,9
17132,10,15,1
17133,10,5,9
17134,10,6,19
17135,10,3,17
17136,10,17,5
17137,10,16,18
17138,10,16,18
17139,10,3,17
17140,10,3,17
17141,10,5,9
17142,10,5,9
17143,10,3,17
17144,10,3,17
17145,10,18,8
17146,10,1,6
17147,10,4,11
17148,10,6,19
17149,10,15,1
17150,10,14,4
17151,10,5,9
17152,10,3,17
17153,10,3,17
17154,10,5,9
17155,10,3,17
17156,10,6,19
17157,10,5,9
17158,10,11,14
17159,10,16,18
17160,10,16,18
17161,10,9,7
17162,10,15,1
17163,10,5,9
17164,10,5,9
17165,10,13,2
17166,10,3,17
17167,10,16,18
17168,10,16,18
17169,10,3,17
17170,10,18,8
17171,10,15,1
17172,10,3,17
17173,10,6,19
17174,10,16,18
17175,10,1,6
17176,10,5,9
17177,10,17,5
17178,10,3,17
17179,10,16,18
17180,10,16,18
17181,10,18,8
17182,10,6,19
17183,10,19,0
17184,10,17,5
17185,10,16,18
17186,10,14,4
17187,10,9,7
17188,10,5,9
17189,10,16,18
17190,10,14,4
17191,10,5,9
17192,10,19,0
17193,10,9,7
17194,10,5,9
17195,10,5,9
17196,10,15,1
17197,10,10,13
17198,10,16,18
17199,10,1,6
17200,10,11,14
17201,10,14,4
17202,10,13,2
17203,10,11,14
17204,10,19,0
17205,10,1,6
17206,10,17,5
17207,10,5,9
17208,10,16,18
17209,10,16,18
17210,10,19,0
17211,10,1,6
17212,10,5,9
17213,10,2,16
17214,10,9,7
17215,10,5,9
17216,10,3,17
17217,10,5,9
17218,10,13,2
17219,10,16,18
17220,10,4,11
17221,10,5,9
17222,10,3,17
17223,10,2,16
17224,10,16,18
17225,10,5,9
17226,10,1,6
17227,10,4,11
17228,10,16,18
17229,10,3,17
17230,10,5,9
17231,10,5,9
17232,10,2,16
17233,10,9,7
17234,10,5,9
17235,10,5,9
17236,10,1,6
17237,10,16,18
17238,10,13,2
17239,10,1,6
17240,10,4,11
17241,10,15,1
17242,10,11,14
17243,10,15,1
17244,10,5,9
17245,10,9,7
17246,10,9,7
17247,10,11,14
17248,10,9,7
17249,10,16,18
17250,10,4,11
17251,10,11,14
17252,10,9,7
17253,10,3,17
17254,10,0,12
17255,10,16,18
17256,10,16,18
17257,10,5,9
17258,10,3,17
17259,10,5,9
17260,10,3,17
17261,10,16,18
17262,10,5,9
17263,10,9,7
17264,10,5,9
17265,10,18,8
17266,10,1,6
17267,10,5,9
17268,10,17,5
17269,10,18,8
17270,10,3,17
17271,10,5,9
17272,10,18,8
17273,10,5,9
17274,10,8,3
17275,10,16,18
17276,10,18,8
17277,10,3,17
17278,10,6,19
17279,10,5,9
17280,10,16,18
17281,10,5,9
17282,10,3,17
17283,10,16,18
17284,10,5,9
17285,10,1,6
17286,10,9,7
17287,10,15,1
17288,10,4,11
17289,10,13,2
17290,10,16,18
17291,10,3,17
17292,10,9,7
17293,10,7,10
17294,10,13,2
17295,10,5,9
17296,10,5,9
17297,10,17,5
17298,10,3,17
17299,10,1,6
17300,10,6,19
17301,10,1,6
17302,10,6,19
17303,10,5,9
17304,10,19,0
17305,10,9,7
17306,10,9,7
17307,10,5,9
17308,10,17,5
17309,10,17,5
17310,10,3,17
17311,10,16,18
17312,10,5,9
17313,10,2,16
17314,10,4,11
17315,10,5,9
17316,10,19,0
17317,10,9,7
17318,10,1,6
17319,10,19,0
17320,10,13,2
17321,10,10,13
17322,10,18,8
17323,10,16,18
17324,10,13,2
17325,10,10,13
17326,10,5,9
17327,10,5,9
17328,10,5,9
17329,10,5,9
17330,10,17,5
17331,10,5,9
17332,10,6,19
17333,10,5,9
17334,10,5,9
17335,10,16,18
17336,10,5,9
17337,10,5,9
17338,10,5,9
17339,10,5,9
17340,10,14,4
17341,10,18,8
17342,10,19,0
17343,10,11,14
17344,10,15,1
17345,10,4,11
17346,10,19,0
17347,10,4,11
17348,10,13,2
17349,10,1,6
17350,10,2,16
17351,10,17,5
17352,10,4,11
17353,10,13,2
17354,10,4,11
17355,10,5,9
17356,10,6,19
17357,10,18,8
17358,10,11,14
17359,10,17,5
17360,10,16,18
17361,10,1,6
17362,10,6,19
17363,10,1,6
17364,10,14,4
17365,10,3,17
17366,10,5,9
17367,10,5,9
17368,10,17,5
17369,10,13,2
17370,10,5,9
17371,10,18,8
17372,10,4,11
17373,10,5,9
17374,10,1,6
17375,10,3,17
17376,10,3,17
17377,10,3,17
17378,10,1,6
17379,10,1,6
17380,10,1,6
17381,10,18,8
17382,10,3,17
17383,10,3,17
17384,10,13,2
17385,10,16,18
17386,10,3,17
17387,10,11,14
17388,10,15,1
17389,10,11,14
17390,10,18,8
17391,10,16,18
17392,10,16,18
17393,10,5,9
17394,10,5,9
17395,10,16,18
17396,10,16,18
17397,10,11,14
17398,10,5,9
17399,10,6,19
17400,10,5,9
17401,10,1,6
17402,10,3,17
17403,10,18,8
17404,10,19,0
17405,10,3,17
17406,10,11,14
17407,10,11,14
17408,10,15,1
17409,10,5,9
17410,10,19,0
17411,10,18,8
17412,10,6,19
17413,10,1,6
17414,10,1,6
17415,10,16,18
17416,10,14,4
17417,10,1,6
17418,10,16,18
17419,10,5,9
17420,10,1,6
17421,10,6,19
17422,10,5,9
17423,10,18,8
17424,10,13,2
17425,10,15,1
17426,10,5,9
17427,10,15,1
17428,10,16,18
17429,10,13,2
17430,10,5,9
17431,10,3,17
17432,10,10,13
17433,10,3,17
17434,10,18,8
17435,10,1,6
17436,10,3,17
17437,10,11,14
17438,10,15,1
17439,10,11,14
17440,10,14,4
17441,10,0,12
17442,10,1,6
17443,10,2,16
17444,10,2,16
17445,10,19,0
17446,10,6,19
17447,10,15,1
17448,10,2,16
17449,10,3,17
17450,10,11,14
17451,10,16,18
17452,10,11,14
17453,10,2,16
17454,10,16,18
17455,10,4,11
17456,10,2,16
17457,10,6,19
17458,10,15,1
17459,10,2,16
17460,10,16,18
17461,10,2,16
17462,10,2,16
17463,10,2,16
17464,10,4,11
17465,10,2,16
17466,10,5,9
17467,10,9,7
17468,10,1,6
17469,10,19,0
17470,10,6,19
17471,10,6,19
17472,10,6,19
17473,10,5,9
17474,10,11,14
17475,10,14,4
17476,10,14,4
17477,10,2,16
17478,10,2,16
17479,10,2,16
17480,10,2,16
17481,10,2,16
17482,10,2,16
17483,10,2,16
17484,10,2,16
17485,10,13,2
17486,10,5,9
17487,10,2,16
17488,10,2,16
17489,10,15,1
17490,10,15,1
17491,10,11,14
17492,10,19,0
17493,10,2,16
17494,10,2,16
17495,10,13,2
17496,10,15,1
17497,10,1,6
17498,10,5,9
17499,10,4,11
17500,10,13,2
17501,10,3,17
17502,10,2,16
17503,10,19,0
17504,10,2,16
17505,10,2,16
17506,10,18,8
17507,10,19,0
17508,10,1,6
17509,10,19,0
17510,10,15,1
17511,10,2,16
17512,10,2,16
17513,10,2,16
17514,10,1,6
17515,10,15,1
17516,10,2,16
17517,10,2,16
17518,10,19,0
17519,10,16,18
17520,10,7,10
17521,10,2,16
17522,10,6,19
17523,10,2,16
17524,10,3,17
17525,10,17,5
17526,10,2,16
17527,10,17,5
17528,10,17,5
17529,10,17,5
17530,10,17,5
17531,10,2,16
17532,10,2,16
17533,10,2,16
17534,10,4,11
17535,10,2,16
17536,10,2,16
17537,10,2,16
17538,10,2,16
17539,10,13,2
17540,10,13,2
17541,10,3,17
17542,10,11,14
17543,10,19,0
17544,10,19,0
17545,10,19,0
17546,10,2,16
17547,10,16,18
17548,10,19,0
17549,10,19,0
17550,10,16,18
17551,10,2,16
17552,10,7,10
17553,10,2,16
17554,10,19,0
17555,10,19,0
17556,10,4,11
17557,10,11,14
17558,10,2,16
17559,10,6,19
17560,10,6,19
17561,10,5,9
17562,10,1,6
17563,10,1,6
17564,10,2,16
17565,10,2,16
17566,10,2,16
17567,10,1,6
17568,10,2,16
17569,10,2,16
17570,10,1,6
17571,10,12,15
17572,10,2,16
17573,10,2,16
17574,10,17,5
17575,10,5,9
17576,10,2,16
17577,10,2,16
17578,10,18,8
17579,10,18,8
17580,10,18,8
17581,10,2,16
17582,10,15,1
17583,10,2,16
17584,10,18,8
17585,10,11,14
17586,10,11,14
17587,10,2,16
17588,10,2,16
17589,10,5,9
17590,10,1,6
17591,10,19,0
17592,10,1,6
17593,10,4,11
17594,10,19,0
17595,10,2,16
17596,10,12,15
17597,10,13,2
17598,10,13,2
17599,10,13,2
17600,10,2,16
17601,10,2,16
17602,10,2,16
17603,10,2,16
17604,10,2,16
17605,10,19,0
17606,10,19,0
17607,10,18,8
17608,10,4,11
17609,10,6,19
17610,10,4,11
17611,10,16,18
17612,10,1,6
17613,10,1,6
17614,10,9,7
17615,10,2,16
17616,10,9,7
17617,10,1,6
17618,10,19,0
17619,10,19,0
17620,10,3,17
17621,10,1,6
17622,10,16,18
17623,10,2,16
17624,10,2,16
17625,10,2,16
17626,10,9,7
17627,10,9,7
17628,10,5,9
17629,10,2,16
17630,10,7,10
17631,10,7,10
17632,10,2,16
17633,10,18,8
17634,10,16,18
17635,10,15,1
17636,10,18,8
17637,10,18,8
17638,10,4,11
17639,10,5,9
17640,10,3,17
17641,10,3,17
17642,10,1,6
17643,10,17,5
17644,10,2,16
17645,10,2,16
17646,10,17,5
17647,10,4,11
17648,10,16,18
17649,10,18,8
17650,10,3,17
17651,10,5,9
17652,10,5,9
17653,10,2,16
17654,10,2,16
17655,10,5,9
17656,10,11,14
17657,10,11,14
17658,10,2,16
17659,10,2,16
17660,10,3,17
17661,10,5,9
17662,10,9,7
17663,10,13,2
17664,10,2,16
17665,10,2,16
17666,10,8,3
17667,10,14,4
17668,10,5,9
17669,10,10,13
17670,10,18,8
17671,10,19,0
17672,10,12,15
17673,10,19,0
17674,10,2,16
17675,10,11,14
17676,10,11,14
17677,10,19,0
17678,10,0,12
17679,10,11,14
17680,10,11,14
17681,10,3,17
17682,10,18,8
17683,10,5,9
17684,10,2,16
17685,10,19,0
17686,10,0,12
17687,10,3,17
17688,10,2,16
17689,10,2,16
17690,10,3,17
17691,10,5,9
17692,10,2,16
17693,10,2,16
17694,10,2,16
17695,10,2,16
17696,10,2,16
17697,10,2,16
17698,10,18,8
17699,10,2,16
17700,10,2,16
17701,10,7,10
17702,10,15,1
17703,10,5,9
17704,10,15,1
17705,10,15,1
17706,10,18,8
17707,10,2,16
17708,10,16,18
17709,10,6,19
17710,10,5,9
17711,10,2,16
17712,10,2,16
17713,10,5,9
17714,10,2,16
17715,10,2,16
17716,10,16,18
17717,10,7,10
17718,10,5,9
17719,10,19,0
17720,10,0,12
17721,10,2,16
17722,10,16,18
17723,10,6,19
17724,10,5,9
17725,10,17,5
17726,10,11,14
17727,10,16,18
17728,10,19,0
17729,10,14,4
17730,10,16,18
17731,10,1,6
17732,10,18,8
17733,10,5,9
17734,10,5,9
17735,10,18,8
17736,10,6,19
17737,10,2,16
17738,10,6,19
17739,10,2,16
17740,10,3,17
17741,10,3,17
17742,10,18,8
17743,10,2,16
17744,10,2,16
17745,10,9,7
17746,10,11,14
17747,10,4,11
17748,10,2,16
17749,10,15,1
17750,10,2,16
17751,10,5,9
17752,10,3,17
17753,10,2,16
17754,10,3,17
17755,10,3,17
17756,10,13,2
17757,10,13,2
17758,10,19,0
17759,10,5,9
17760,10,9,7
17761,10,11,14
17762,10,15,1
17763,10,18,8
17764,10,2,16
17765,10,5,9
17766,10,15,1
17767,10,15,1
17768,10,2,16
17769,10,1,6
17770,10,1,6
17771,10,3,17
17772,10,5,9
17773,10,3,17
17774,10,15,1
17775,10,1,6
17776,10,15,1
17777,10,5,9
17778,10,2,16
17779,10,15,1
17780,10,17,5
17781,10,6,19
17782,10,13,2
17783,10,3,17
17784,10,2,16
17785,10,17,5
17786,10,6,19
17787,10,2,16
17788,10,19,0
17789,10,19,0
17790,10,5,9
17791,10,5,9
17792,10,1,6
17793,10,5,9
17794,10,2,16
17795,10,2,16
17796,10,19,0
17797,10,16,18
17798,10,15,1
17799,10,16,18
17800,10,2,16
17801,10,11,14
17802,10,3,17
17803,10,2,16
17804,10,6,19
17805,10,15,1
17806,10,2,16
17807,10,17,5
17808,10,6,19
17809,10,16,18
17810,10,19,0
17811,10,19,0
17812,10,19,0
17813,10,2,16
17814,10,2,16
17815,10,2,16
17816,10,16,18
17817,10,3,17
17818,10,1,6
17819,10,2,16
17820,10,14,4
17821,10,3,17
17822,10,2,16
17823,10,1,6
17824,10,19,0
17825,10,13,2
17826,10,2,16
17827,10,2,16
17828,10,2,16
17829,10,2,16
17830,10,2,16
17831,10,2,16
17832,10,15,1
17833,10,2,16
17834,10,15,1
17835,10,15,1
17836,10,15,1
17837,10,11,14
17838,10,4,11
17839,10,17,5
17840,10,17,5
17841,10,2,16
17842,10,6,19
17843,10,6,19
17844,10,19,0
17845,10,6,19
17846,10,6,19
17847,10,2,16
17848,10,1,6
17849,10,19,0
17850,10,5,9
17851,10,19,0
17852,10,19,0
17853,10,19,0
17854,10,13,2
17855,10,2,16
17856,10,13,2
17857,10,2,16
17858,10,2,16
17859,10,3,17
17860,10,2,16
17861,10,2,16
17862,10,1,6
17863,10,19,0
17864,10,6,19
17865,10,2,16
17866,10,19,0
17867,10,2,16
17868,10,19,0
17869,10,2,16
17870,10,2,16
17871,10,2,16
17872,10,2,16
17873,10,1,6
17874,10,2,16
17875,10,13,2
17876,10,5,9
17877,10,15,1
17878,10,18,8
17879,10,2,16
17880,10,9,7
17881,10,19,0
17882,10,2,16
17883,10,18,8
17884,10,2,16
17885,10,6,19
17886,10,3,17
17887,10,2,16
17888,10,15,1
17889,10,15,1
17890,10,15,1
17891,10,19,0
17892,10,5,9
17893,10,13,2
17894,10,2,16
17895,10,16,18
17896,10,15,1
17897,10,13,2
17898,10,9,7
17899,10,2,16
17900,10,3,17
17901,10,13,2
17902,10,2,16
17903,10,2,16
17904,10,2,16
17905,10,2,16
17906,10,19,0
17907,10,19,0
17908,10,2,16
17909,10,18,8
17910,10,19,0
17911,10,2,16
17912,10,19,0
17913,10,19,0
17914,10,19,0
17915,10,7,10
17916,10,18,8
17917,10,0,12
17918,10,16,18
17919,10,19,0
17920,10,19,0
17921,10,19,0
17922,10,19,0
17923,10,1,6
17924,10,1,6
17925,10,3,17
17926,10,1,6
17927,10,3,17
17928,10,13,2
17929,10,11,14
17930,10,19,0
17931,10,2,16
17932,10,9,7
17933,10,11,14
17934,10,11,14
17935,10,11,14
17936,10,1,6
17937,10,15,1
17938,10,4,11
17939,10,1,6
17940,10,11,14
17941,10,5,9
17942,10,19,0
17943,10,2,16
17944,10,9,7
17945,10,2,16
17946,10,2,16
17947,10,19,0
17948,10,5,9
17949,10,2,16
17950,10,2,16
17951,10,19,0
17952,10,2,16
17953,10,11,14
17954,10,15,1
17955,10,11,14
17956,10,11,14
17957,10,15,1
17958,10,2,16
17959,10,7,10
17960,10,19,0
17961,10,19,0
17962,10,15,1
17963,10,15,1
17964,10,13,2
17965,10,2,16
17966,10,16,18
17967,10,16,18
17968,10,19,0
17969,10,19,0
17970,10,2,16
17971,10,2,16
17972,10,13,2
17973,10,16,18
17974,10,9,7
17975,10,6,19
17976,10,11,14
17977,10,6,19
17978,10,5,9
17979,10,6,19
17980,10,19,0
17981,10,2,16
17982,10,7,10
17983,10,3,17
17984,10,9,7
17985,10,9,7
17986,10,9,7
17987,10,2,16
17988,10,15,1
17989,10,2,16
17990,10,16,18
17991,10,2,16
17992,10,15,1
17993,10,15,1
17994,10,5,9
17995,10,18,8
17996,10,4,11
17997,10,18,8
17998,10,9,7
17999,10,9,7
18000,10,5,9
18001,10,2,16
18002,10,2,16
18003,10,2,16
18004,10,9,7
18005,10,11,14
18006,10,2,16
18007,10,4,11
18008,10,6,19
18009,10,19,0
18010,10,1,6
18011,10,2,16
18012,10,19,0
18013,10,5,9
18014,10,18,8
18015,10,2,16
18016,10,2,16
18017,10,15,1
18018,10,7,10
18019,10,2,16
18020,10,9,7
18021,10,9,7
18022,10,16,18
18023,10,6,19
18024,10,16,18
18025,10,19,0
18026,10,3,17
18027,10,5,9
18028,10,1,6
18029,10,1,6
18030,10,9,7
18031,10,1,6
18032,10,12,15
18033,10,17,5
18034,10,17,5
18035,10,15,1
18036,10,16,18
18037,10,4,11
18038,10,5,9
18039,10,2,16
18040,10,16,18
18041,10,18,8
18042,10,14,4
18043,10,19,0
18044,10,18,8
18045,10,11,14
18046,10,16,18
18047,10,6,19
18048,10,3,17
18049,10,3,17
18050,10,2,16
18051,10,2,16
18052,10,19,0
18053,10,19,0
18054,10,3,17
18055,10,19,0
18056,10,19,0
18057,10,14,4
18058,10,19,0
18059,10,19,0
18060,10,3,17
18061,10,5,9
18062,10,2,16
18063,10,2,16
18064,10,3,17
18065,10,2,16
18066,10,17,5
18067,10,17,5
18068,10,3,17
18069,10,2,16
18070,10,16,18
18071,10,6,19
18072,10,5,9
18073,10,2,16
18074,10,2,16
18075,10,1,6
18076,10,3,17
18077,10,16,18
18078,10,11,14
18079,10,3,17
18080,10,8,3
18081,10,13,2
18082,10,2,16
18083,10,16,18
18084,10,19,0
18085,10,16,18
18086,10,16,18
18087,10,16,18
18088,10,2,16
18089,10,2,16
18090,10,3,17
18091,10,3,17
18092,10,9,7
18093,10,15,1
18094,10,2,16
18095,10,2,16
18096,10,9,7
18097,10,9,7
18098,10,11,14
18099,10,11,14
18100,10,3,17
18101,10,17,5
18102,10,17,5
18103,10,17,5
18104,10,17,5
18105,10,18,8
18106,10,2,16
18107,10,17,5
18108,10,2,16
18109,10,3,17
18110,10,17,5
18111,10,14,4
18112,10,16,18
18113,10,5,9
18114,10,6,19
18115,10,5,9
18116,10,11,14
18117,10,15,1
18118,10,9,7
18119,10,1,6
18120,10,6,19
18121,10,13,2
18122,10,13,2
18123,10,2,16
18124,10,5,9
18125,10,2,16
18126,10,2,16
18127,10,16,18
18128,10,5,9
18129,10,3,17
18130,10,11,14
18131,10,11,14
18132,10,1,6
18133,10,13,2
18134,10,16,18
18135,10,15,1
18136,10,11,14
18137,10,2,16
18138,10,1,6
18139,10,2,16
18140,10,18,8
18141,10,18,8
18142,10,6,19
18143,10,5,9
18144,10,15,1
18145,10,1,6
18146,10,1,6
18147,10,2,16
18148,10,2,16
18149,10,3,17
18150,10,19,0
18151,10,2,16
18152,10,11,14
18153,10,16,18
18154,10,2,16
18155,10,4,11
18156,10,19,0
18157,10,16,18
18158,10,5,9
18159,10,5,9
18160,10,13,2
18161,10,5,9
18162,10,11,14
18163,10,2,16
18164,10,2,16
18165,10,3,17
18166,10,3,17
18167,10,16,18
18168,10,2,16
18169,10,13,2
18170,10,4,11
18171,10,3,17
18172,10,2,16
18173,10,16,18
18174,10,3,17
18175,10,2,16
18176,10,5,9
18177,10,2,16
18178,10,2,16
18179,10,5,9
18180,10,5,9
18181,10,4,11
18182,10,18,8
18183,10,3,17
18184,10,3,17
18185,10,5,9
18186,10,11,14
18187,10,11,14
18188,10,15,1
18189,10,3,17
18190,10,1,6
18191,10,3,17
18192,10,18,8
18193,10,16,18
18194,10,5,9
18195,10,16,18
18196,10,1,6
18197,10,6,19
18198,10,5,9
18199,10,1,6
18200,10,5,9
18201,10,5,9
18202,10,3,17
18203,10,15,1
18204,10,16,18
18205,10,1,6
18206,10,2,16
18207,10,13,2
18208,10,2,16
18209,10,16,18
18210,10,5,9
18211,10,16,18
18212,10,5,9
18213,10,5,9
18214,10,3,17
18215,10,1,6
18216,10,10,13
18217,10,14,4
18218,10,1,6
18219,10,10,13
18220,10,5,9
18221,10,14,4
18222,10,5,9
18223,10,5,9
18224,10,13,2
18225,10,17,5
18226,10,2,16
18227,10,11,14
18228,10,19,0
18229,10,2,16
18230,10,11,14
18231,10,18,8
18232,10,2,16
18233,10,2,16
18234,10,17,5
18235,10,17,5
18236,10,2,16
18237,10,9,7
18238,10,9,7
18239,10,16,18
18240,10,19,0
18241,10,5,9
18242,10,16,18
18243,10,17,5
18244,10,18,8
18245,10,5,9
18246,10,15,1
18247,10,15,1
18248,10,16,18
18249,10,16,18
18250,10,15,1
18251,10,15,1
18252,10,2,16
18253,10,5,9
18254,10,5,9
18255,10,5,9
18256,10,14,4
18257,10,15,1
18258,10,11,14
18259,10,2,16
18260,10,14,4
18261,10,2,16
18262,10,3,17
18263,10,2,16
18264,10,3,17
18265,10,11,14
18266,10,2,16
18267,10,16,18
18268,10,5,9
18269,10,16,18
18270,10,15,1
18271,10,9,7
18272,10,2,16
18273,10,2,16
18274,10,5,9
18275,10,16,18
18276,10,14,4
18277,10,9,7
18278,10,5,9
18279,10,16,18
18280,10,16,18
18281,10,15,1
18282,10,19,0
18283,10,3,17
18284,10,2,16
18285,10,15,1
18286,10,2,16
18287,10,17,5
18288,10,19,0
18289,10,19,0
18290,10,16,18
18291,10,19,0
18292,10,19,0
18293,10,2,16
18294,10,16,18
18295,10,16,18
18296,10,2,16
18297,10,1,6
18298,10,3,17
18299,10,9,7
18300,10,2,16
18301,10,16,18
18302,10,2,16
18303,10,0,12
18304,10,5,9
18305,10,14,4
18306,10,2,16
18307,10,6,19
18308,10,6,19
18309,10,2,16
18310,10,2,16
18311,10,10,13
18312,10,1,6
18313,10,16,18
18314,10,16,18
18315,10,5,9
18316,10,2,16
18317,10,9,7
18318,10,1,6
18319,10,2,16
18320,10,16,18
18321,10,2,16
18322,10,2,16
18323,10,3,17
18324,10,5,9
18325,10,9,7
18326,10,2,16
18327,10,5,9
18328,10,4,11
18329,10,5,9
18330,10,19,0
18331,10,3,17
18332,10,2,16
18333,10,5,9
18334,10,2,16
18335,10,2,16
18336,10,5,9
18337,10,18,8
18338,10,3,17
18339,10,2,16
18340,10,2,16
18341,10,11,14
18342,10,2,16
18343,10,2,16
18344,10,12,15
18345,10,3,17
18346,10,19,0
18347,10,12,15
18348,10,1,6
18349,10,2,16
18350,10,7,10
18351,10,17,5
18352,10,7,10
18353,10,2,16
18354,10,11,14
18355,10,12,15
18356,10,2,16
18357,10,19,0
18358,10,11,14
18359,10,11,14
18360,10,2,16
18361,10,12,15
18362,10,3,17
18363,10,2,16
18364,10,17,5
18365,10,2,16
18366,10,2,16
18367,10,7,10
18368,10,12,15
18369,10,10,13
18370,10,2,16
18371,10,12,15
18372,10,14,4
18373,10,1,6
18374,10,2,16
18375,10,1,6
18376,10,2,16
18377,10,2,16
18378,10,15,1
18379,10,11,14
18380,10,16,18
18381,10,9,7
18382,10,2,16
18383,10,2,16
18384,10,2,16
18385,10,7,10
18386,10,2,16
18387,10,2,16
18388,10,15,1
18389,10,10,13
18390,10,10,13
18391,10,10,13
18392,10,10,13
18393,10,14,4
18394,10,2,16
18395,10,12,15
18396,10,7,10
18397,10,2,16
18398,10,7,10
18399,10,0,12
18400,10,0,12
18401,10,14,4
18402,10,0,12
18403,10,11,14
18404,10,15,1
18405,10,6,19
18406,10,7,10
18407,10,10,13
18408,10,2,16
18409,10,6,19
18410,10,12,15
18411,10,6,19
18412,10,7,10
18413,10,11,14
18414,10,17,5
18415,10,2,16
18416,10,10,13
18417,10,2,16
18418,10,2,16
18419,10,2,16
18420,10,12,15
18421,10,19,0
18422,10,2,16
18423,10,1,6
18424,10,1,6
18425,10,2,16
18426,10,7,10
18427,10,2,16
18428,10,7,10
18429,10,1,6
18430,10,11,14
18431,10,11,14
18432,10,6,19
18433,10,3,17
18434,10,2,16
18435,10,2,16
18436,10,5,9
18437,10,0,12
18438,10,0,12
18439,10,0,12
18440,10,0,12
18441,10,12,15
18442,10,12,15
18443,10,2,16
18444,10,7,10
18445,10,0,12
18446,10,19,0
18447,10,19,0
18448,10,2,16
18449,10,0,12
18450,10,19,0
18451,10,16,18
18452,10,3,17
18453,10,17,5
18454,10,19,0
18455,10,3,17
18456,10,14,4
18457,10,19,0
18458,10,0,12
18459,10,7,10
18460,10,2,16
18461,10,18,8
18462,10,19,0
18463,10,4,11
18464,10,5,9
18465,10,12,15
18466,10,12,15
18467,10,12,15
18468,10,13,2
18469,10,7,10
18470,10,7,10
18471,10,11,14
18472,10,5,9
18473,10,19,0
18474,10,7,10
18475,10,1,6
18476,10,1,6
18477,10,1,6
18478,10,2,16
18479,10,2,16
18480,10,11,14
18481,10,0,12
18482,10,14,4
18483,10,2,16
18484,10,2,16
18485,10,9,7
18486,10,2,16
18487,10,2,16
18488,10,7,10
18489,10,2,16
18490,10,2,16
18491,10,2,16
18492,10,2,16
18493,10,11,14
18494,10,10,13
18495,10,0,12
18496,10,1,6
18497,10,18,8
18498,10,13,2
18499,10,2,16
18500,10,19,0
18501,10,13,2
18502,10,10,13
18503,10,19,0
18504,10,12,15
18505,10,11,14
18506,10,2,16
18507,10,2,16
18508,10,11,14
18509,10,9,7
18510,10,10,13
18511,10,15,1
18512,10,7,10
18513,10,16,18
18514,10,12,15
18515,10,0,12
18516,10,11,14
18517,10,11,14
18518,10,2,16
18519,10,2,16
18520,10,12,15
18521,10,0,12
18522,10,2,16
18523,10,7,10
18524,10,7,10
18525,10,2,16
18526,10,11,14
18527,10,12,15
18528,10,2,16
18529,10,19,0
18530,10,19,0
18531,10,3,17
18532,10,12,15
18533,10,15,1
18534,10,7,10
18535,10,7,10
18536,10,2,16
18537,10,4,11
18538,10,4,11
18539,10,5,9
18540,10,5,9
18541,10,12,15
18542,10,14,4
18543,10,2,16
18544,10,5,9
18545,10,2,16
18546,10,14,4
18547,10,8,3
18548,10,16,18
18549,10,12,15
18550,10,1,6
18551,10,17,5
18552,10,6,19
18553,10,6,19
18554,10,11,14
18555,10,11,14
18556,10,7,10
18557,10,2,16
18558,10,19,0
18559,10,2,16
18560,10,2,16
18561,10,6,19
18562,10,4,11
18563,10,2,16
18564,10,7,10
18565,10,2,16
18566,10,16,18
18567,10,7,10
18568,10,7,10
18569,10,7,10
18570,10,17,5
18571,10,15,1
18572,10,15,1
18573,10,15,1
18574,10,0,12
18575,10,2,16
18576,10,12,15
18577,10,11,14
18578,10,2,16
18579,10,7,10
18580,10,19,0
18581,10,6,19
18582,10,6,19
18583,10,7,10
18584,10,6,19
18585,10,2,16
18586,10,12,15
18587,10,3,17
18588,10,2,16
18589,10,15,1
18590,10,15,1
18591,10,2,16
18592,10,0,12
18593,10,1,6
18594,10,3,17
18595,10,0,12
18596,10,0,12
18597,10,2,16
18598,10,7,10
18599,10,9,7
18600,10,11,14
18601,10,7,10
18602,10,1,6
18603,10,11,14
18604,10,12,15
18605,10,7,10
18606,10,2,16
18607,10,19,0
18608,10,10,13
18609,10,7,10
18610,10,0,12
18611,10,7,10
18612,10,2,16
18613,10,2,16
18614,10,2,16
18615,10,18,8
18616,10,15,1
18617,10,10,13
18618,10,13,2
18619,10,3,17
18620,10,7,10
18621,10,11,14
18622,10,12,15
18623,10,14,4
18624,10,0,12
18625,10,12,15
18626,10,2,16
18627,10,1,6
18628,10,12,15
18629,10,2,16
18630,10,12,15
18631,10,1,6
18632,10,11,14
18633,10,2,16
18634,10,2,16
18635,10,3,17
18636,10,19,0
18637,10,14,4
18638,10,2,16
18639,10,11,14
18640,10,2,16
18641,10,15,1
18642,10,0,12
18643,10,11,14
18644,10,12,15
18645,10,2,16
18646,10,2,16
18647,10,14,4
18648,10,3,17
18649,10,19,0
18650,10,2,16
18651,10,12,15
18652,10,16,18
18653,10,12,15
18654,10,13,2
18655,10,4,11
18656,10,15,1
18657,10,19,0
18658,10,3,17
18659,10,19,0
18660,10,2,16
18661,10,3,17
18662,10,11,14
18663,10,7,10
18664,10,16,18
18665,10,2,16
18666,10,0,12
18667,10,12,15
18668,10,11,14
18669,10,12,15
18670,10,10,13
18671,10,19,0
18672,10,9,7
18673,10,2,16
18674,10,15,1
18675,10,11,14
18676,10,12,15
18677,10,3,17
18678,10,16,18
18679,10,19,0
18680,10,6,19
18681,10,17,5
18682,10,9,7
18683,10,15,1
18684,10,2,16
18685,10,2,16
18686,10,0,12
18687,10,11,14
18688,10,19,0
18689,10,11,14
18690,10,7,10
18691,10,6,19
18692,10,3,17
18693,10,19,0
18694,10,2,16
18695,10,10,13
18696,10,3,17
18697,10,3,17
18698,10,6,19
18699,10,0,12
18700,10,6,19
18701,10,7,10
18702,10,11,14
18703,10,1,6
18704,10,15,1
18705,10,15,1
18706,10,3,17
18707,10,13,2
18708,10,7,10
18709,10,7,10
18710,10,12,15
18711,10,0,12
18712,10,7,10
18713,10,11,14
18714,10,11,14
18715,10,10,13
18716,10,2,16
18717,10,2,16
18718,10,0,12
18719,10,15,1
18720,10,13,2
18721,10,2,16
18722,10,13,2
18723,10,2,16
18724,10,2,16
18725,10,19,0
18726,10,19,0
18727,10,11,14
18728,10,11,14
18729,10,5,9
18730,10,10,13
18731,10,10,13
18732,10,6,19
18733,10,18,8
18734,10,2,16
18735,10,16,18
18736,10,0,12
18737,10,18,8
18738,10,18,8
18739,10,2,16
18740,10,19,0
18741,10,3,17
18742,10,12,15
18743,10,4,11
18744,10,19,0
18745,10,11,14
18746,10,11,14
18747,10,19,0
18748,10,11,14
18749,10,13,2
18750,10,13,2
18751,10,7,10
18752,10,11,14
18753,10,15,1
18754,10,7,10
18755,10,13,2
18756,10,15,1
18757,10,5,9
18758,10,4,11
18759,10,12,15
18760,10,11,14
18761,10,15,1
18762,10,19,0
18763,10,19,0
18764,10,1,6
18765,10,1,6
18766,10,1,6
18767,10,17,5
18768,10,1,6
18769,10,11,14
18770,10,2,16
18771,10,11,14
18772,10,9,7
18773,10,11,14
18774,10,7,10
18775,10,15,1
18776,10,2,16
18777,10,2,16
18778,10,2,16
18779,10,19,0
18780,10,15,1
18781,10,11,14
18782,10,6,19
18783,10,3,17
18784,10,0,12
18785,10,7,10
18786,10,1,6
18787,10,15,1
18788,10,2,16
18789,10,2,16
18790,10,12,15
18791,10,7,10
18792,10,19,0
18793,10,9,7
18794,10,7,10
18795,10,4,11
18796,10,19,0
18797,10,5,9
18798,10,19,0
18799,10,1,6
18800,10,7,10
18801,10,19,0
18802,10,19,0
18803,10,3,17
18804,10,12,15
18805,10,7,10
18806,10,2,16
18807,10,2,16
18808,10,1,6
18809,10,19,0
18810,10,2,16
18811,10,18,8
18812,10,18,8
18813,10,6,19
18814,10,15,1
18815,10,19,0
18816,10,2,16
18817,10,11,14
18818,10,7,10
18819,10,2,16
18820,10,2,16
18821,10,2,16
18822,10,2,16
18823,10,10,13
18824,10,10,13
18825,10,7,10
18826,10,9,7
18827,10,11,14
18828,10,3,17
18829,10,2,16
18830,10,2,16
18831,10,11,14
18832,10,1,6
18833,10,0,12
18834,10,2,16
18835,10,11,14
18836,10,2,16
18837,10,2,16
18838,10,2,16
18839,10,19,0
18840,10,5,9
18841,10,1,6
18842,10,11,14
18843,10,7,10
18844,10,12,15
18845,10,3,17
18846,10,7,10
18847,10,19,0
18848,10,5,9
18849,10,15,1
18850,10,5,9
18851,10,11,14
18852,10,5,9
18853,10,2,16
18854,10,11,14
18855,10,6,19
18856,10,2,16
18857,10,5,9
18858,10,0,12
18859,10,0,12
18860,10,2,16
18861,10,7,10
18862,10,9,7
18863,10,2,16
18864,10,11,14
18865,10,3,17
18866,10,9,7
18867,10,7,10
18868,10,3,17
18869,10,10,13
18870,10,7,10
18871,10,15,1
18872,10,2,16
18873,10,2,16
18874,10,7,10
18875,10,2,16
18876,10,11,14
18877,10,2,16
18878,10,2,16
18879,10,13,2
18880,10,13,2
18881,10,0,12
18882,10,13,2
18883,10,10,13
18884,10,9,7
18885,10,17,5
18886,10,17,5
18887,10,0,12
18888,10,2,16
18889,10,2,16
18890,10,2,16
18891,10,11,14
18892,10,12,15
18893,10,12,15
18894,10,2,16
18895,10,16,18
18896,10,7,10
18897,10,1,6
18898,10,1,6
18899,10,18,8
18900,10,7,10
18901,10,1,6
18902,10,11,14
18903,10,12,15
18904,10,9,7
18905,10,3,17
18906,10,2,16
18907,10,1,6
18908,10,3,17
18909,10,15,1
18910,10,14,4
18911,10,12,15
18912,10,19,0
18913,10,3,17
18914,10,12,15
18915,10,6,19
18916,10,7,10
18917,10,14,4
18918,10,2,16
18919,10,1,6
18920,10,1,6
18921,10,7,10
18922,10,7,10
18923,10,13,2
18924,10,12,15
18925,10,1,6
18926,10,11,14
18927,10,14,4
18928,10,15,1
18929,10,15,1
18930,10,7,10
18931,10,7,10
18932,10,2,16
18933,10,1,6
18934,10,1,6
18935,10,9,7
18936,10,2,16
18937,10,18,8
18938,10,7,10
18939,10,14,4
18940,10,19,0
18941,10,2,16
18942,10,7,10
18943,10,13,2
18944,10,11,14
18945,10,19,0
18946,10,0,12
18947,10,19,0
18948,10,1,6
18949,10,16,18
18950,10,12,15
18951,10,11,14
18952,10,3,17
18953,10,10,13
18954,10,12,15
18955,10,19,0
18956,10,18,8
18957,10,2,16
18958,10,0,12
18959,10,11,14
18960,10,1,6
18961,10,7,10
18962,10,7,10
18963,10,11,14
18964,10,2,16
18965,10,0,12
18966,10,7,10
18967,10,14,4
18968,10,2,16
18969,10,2,16
18970,10,3,17
18971,10,10,13
18972,10,14,4
18973,10,2,16
18974,10,7,10
18975,10,2,16
18976,10,1,6
18977,10,14,4
18978,10,2,16
18979,10,2,16
18980,10,2,16
18981,10,1,6
18982,10,0,12
18983,10,19,0
18984,10,12,15
18985,10,7,10
18986,10,11,14
18987,10,7,10
18988,10,7,10
18989,10,1,6
18990,10,6,19
18991,10,17,5
18992,10,18,8
18993,10,2,16
18994,10,7,10
18995,10,2,16
18996,10,2,16
18997,10,2,16
18998,10,7,10
18999,10,7,10
19000,10,14,4
19001,10,7,10
19002,10,13,2
19003,10,0,12
19004,10,2,16
19005,10,2,16
19006,10,2,16
19007,10,7,10
19008,10,12,15
19009,10,11,14
19010,10,16,18
19011,10,12,15
19012,10,0,12
19013,10,11,14
19014,10,2,16
19015,10,7,10
19016,10,6,19
19017,10,0,12
19018,10,0,12
19019,10,0,12
19020,10,7,10
19021,10,7,10
19022,10,14,4
19023,10,7,10
19024,10,12,15
19025,10,11,14
19026,10,4,11
19027,10,2,16
19028,10,2,16
19029,10,0,12
19030,10,11,14
19031,10,6,19
19032,10,14,4
19033,10,16,18
19034,10,14,4
19035,10,19,0
19036,10,15,1
19037,10,15,1
19038,10,16,18
19039,10,11,14
19040,10,11,14
19041,10,12,15
19042,10,15,1
19043,10,7,10
19044,10,19,0
19045,10,16,18
19046,10,2,16
19047,10,18,8
19048,10,0,12
19049,10,12,15
19050,10,13,2
19051,10,3,17
19052,10,11,14
19053,10,15,1
19054,10,11,14
19055,10,3,17
19056,10,1,6
19057,10,2,16
19058,10,2,16
19059,10,11,14
19060,10,19,0
19061,10,0,12
19062,10,11,14
19063,10,2,16
19064,10,7,10
19065,10,7,10
19066,10,12,15
19067,10,7,10
19068,10,13,2
19069,10,15,1
19070,10,7,10
19071,10,7,10
19072,10,2,16
19073,10,12,15
19074,10,5,9
19075,10,11,14
19076,10,1,6
19077,10,2,16
19078,10,2,16
19079,10,3,17
19080,10,7,10
19081,10,2,16
19082,10,2,16
19083,10,2,16
19084,10,4,11
19085,10,2,16
19086,10,10,13
19087,10,9,7
19088,10,1,6
19089,10,2,16
19090,10,12,15
19091,10,0,12
19092,10,2,16
19093,10,12,15
19094,10,18,8
19095,10,2,16
19096,10,15,1
19097,10,2,16
19098,10,8,3
19099,10,13,2
19100,10,11,14
19101,10,12,15
19102,10,0,12
19103,10,2,16
19104,10,2,16
19105,10,1,6
19106,10,1,6
19107,10,1,6
19108,10,3,17
19109,10,11,14
19110,10,18,8
19111,10,2,16
19112,10,2,16
19113,10,3,17
19114,10,2,16
19115,10,0,12
19116,10,18,8
19117,10,7,10
19118,10,12,15
19119,10,0,12
19120,10,7,10
19121,10,7,10
19122,10,2,16
19123,10,17,5
19124,10,1,6
19125,10,18,8
19126,10,2,16
19127,10,2,16
19128,10,2,16
19129,10,15,1
19130,10,2,16
19131,10,13,2
19132,10,11,14
19133,10,2,16
19134,10,2,16
19135,10,12,15
19136,10,0,12
19137,10,18,8
19138,10,12,15
19139,10,0,12
19140,10,12,15
19141,10,7,10
19142,10,7,10
19143,10,11,14
19144,10,10,13
19145,10,7,10
19146,10,7,10
19147,10,10,13
19148,10,12,15
19149,10,1,6
19150,10,18,8
19151,10,0,12
19152,10,19,0
19153,10,2,16
19154,10,19,0
19155,10,1,6
19156,10,7,10
19157,10,3,17
19158,10,2,16
19159,10,18,8
19160,10,5,9
19161,10,2,16
19162,10,2,16
19163,10,18,8
19164,10,12,15
19165,10,18,8
19166,10,19,0
19167,10,2,16
19168,10,2,16
19169,10,12,15
19170,10,5,9
19171,10,5,9
19172,10,11,14
19173,10,2,16
19174,10,0,12
19175,10,7,10
19176,10,7,10
19177,10,7,10
19178,10,7,10
19179,10,12,15
19180,10,2,16
19181,10,0,12
19182,10,0,12
19183,10,19,0
19184,10,0,12
19185,10,18,8
19186,10,0,12
19187,10,12,15
19188,10,1,6
19189,10,11,14
19190,10,7,10
19191,10,3,17
19192,10,2,16
19193,10,2,16
19194,10,7,10
19195,10,0,12
19196,10,7,10
19197,10,13,2
19198,10,4,11
19199,10,16,18
19200,10,7,10
19201,10,11,14
19202,10,5,9
19203,10,3,17
19204,10,2,16
19205,10,11,14
19206,10,11,14
19207,10,15,1
19208,10,5,9
19209,10,2,16
19210,10,7,10
19211,10,3,17
19212,10,15,1
19213,10,7,10
19214,10,7,10
19215,10,7,10
19216,10,3,17
19217,10,12,15
19218,10,12,15
19219,10,11,14
19220,10,18,8
19221,10,2,16
19222,10,10,13
19223,10,12,15
19224,10,12,15
19225,10,3,17
19226,10,9,7
19227,10,15,1
19228,10,2,16
19229,10,12,15
19230,10,2,16
19231,10,3,17
19232,10,2,16
19233,10,3,17
19234,10,0,12
19235,10,12,15
19236,10,6,19
19237,10,2,16
19238,10,0,12
19239,10,11,14
19240,10,16,18
19241,10,11,14
19242,10,12,15
19243,10,2,16
19244,10,2,16
19245,10,19,0
19246,10,19,0
19247,10,2,16
19248,10,7,10
19249,10,18,8
19250,10,12,15
19251,10,2,16
19252,10,19,0
19253,10,15,1
19254,10,11,14
19255,10,2,16
19256,10,13,2
19257,10,4,11
19258,10,12,15
19259,10,12,15
19260,10,15,1
19261,10,15,1
19262,10,19,0
19263,10,2,16
19264,10,7,10
19265,10,13,2
19266,10,7,10
19267,10,19,0
19268,10,19,0
19269,10,0,12
19270,10,3,17
19271,10,2,16
19272,10,2,16
19273,10,7,10
19274,10,2,16
19275,10,7,10
19276,10,7,10
19277,10,12,15
19278,10,12,15
19279,10,19,0
19280,10,8,3
19281,10,11,14
19282,10,19,0
19283,10,12,15
19284,10,0,12
19285,10,12,15
19286,10,1,6
19287,10,7,10
19288,10,13,2
19289,10,9,7
19290,10,3,17
19291,10,12,15
19292,10,0,12
19293,10,9,7
19294,10,7,10
19295,10,11,14
19296,10,10,13
19297,10,2,16
19298,10,1,6
19299,10,11,14
19300,10,7,10
19301,10,2,16
19302,10,13,2
19303,10,9,7
19304,10,12,15
19305,10,6,19
19306,10,2,16
19307,10,15,1
19308,10,2,16
19309,10,15,1
19310,10,14,4
19311,10,9,7
19312,10,6,19
19313,10,5,9
19314,10,12,15
19315,10,11,14
19316,10,9,7
19317,10,7,10
19318,10,1,6
19319,10,1,6
19320,10,6,19
19321,10,2,16
19322,10,1,6
19323,10,16,18
19324,10,9,7
19325,10,2,16
19326,10,15,1
19327,10,4,11
19328,10,17,5
19329,10,7,10
19330,10,2,16
19331,10,11,14
19332,10,2,16
19333,10,19,0
19334,10,19,0
19335,10,19,0
19336,10,19,0
19337,10,17,5
19338,10,5,9
19339,10,13,2
19340,10,1,6
19341,10,7,10
19342,10,2,16
19343,10,12,15
19344,10,19,0
19345,10,9,7
19346,10,11,14
19347,10,2,16
19348,10,19,0
19349,10,9,7
19350,10,9,7
19351,10,7,10
19352,10,1,6
19353,10,9,7
19354,10,0,12
19355,10,11,14
19356,10,19,0
19357,10,7,10
19358,10,7,10
19359,10,10,13
19360,10,2,16
19361,10,18,8
19362,10,2,16
19363,10,2,16
19364,10,16,18
19365,10,7,10
19366,10,19,0
19367,10,9,7
19368,10,6,19
19369,10,5,9
19370,10,0,12
19371,10,2,16
19372,10,11,14
19373,10,19,0
19374,10,13,2
19375,10,7,10
19376,10,12,15
19377,10,13,2
19378,10,13,2
19379,10,2,16
19380,10,9,7
19381,10,14,4
19382,10,17,5
19383,10,11,14
19384,10,12,15
19385,10,5,9
19386,10,9,7
19387,10,19,0
19388,10,12,15
19389,10,13,2
19390,10,13,2
19391,10,4,11
19392,10,12,15
19393,10,10,13
19394,10,2,16
19395,10,7,10
19396,10,2,16
19397,10,2,16
19398,10,19,0
19399,10,2,16
19400,10,7,10
19401,10,17,5
19402,10,5,9
19403,10,9,7
19404,10,18,8
19405,10,2,16
19406,10,13,2
19407,10,2,16
19408,10,16,18
19409,10,2,16
19410,10,19,0
19411,10,11,14
19412,10,5,9
19413,10,12,15
19414,10,11,14
19415,10,12,15
19416,10,7,10
19417,10,11,14
19418,10,18,8
19419,10,7,10
19420,10,0,12
19421,10,15,1
19422,10,5,9
19423,10,2,16
19424,10,16,18
19425,10,7,10
19426,10,11,14
19427,10,11,14
19428,10,11,14
19429,10,13,2
19430,10,12,15
19431,10,0,12
19432,10,13,2
19433,10,7,10
19434,10,0,12
19435,10,2,16
19436,10,15,1
19437,10,7,10
19438,10,11,14
19439,10,1,6
19440,10,12,15
19441,10,3,17
19442,10,12,15
19443,10,9,7
19444,10,17,5
19445,10,6,19
19446,10,9,7
19447,10,7,10
19448,10,2,16
19449,10,0,12
19450,10,7,10
19451,10,15,1
19452,10,12,15
19453,10,13,2
19454,10,7,10
19455,10,2,16
19456,10,7,10
19457,10,12,15
19458,10,2,16
19459,10,13,2
19460,10,7,10
19461,10,12,15
19462,10,12,15
19463,10,2,16
19464,10,9,7
19465,10,13,2
19466,10,9,7
19467,10,2,16
19468,10,2,16
19469,10,15,1
19470,10,0,12
19471,10,19,0
19472,10,15,1
19473,10,19,0
19474,10,0,12
19475,10,19,0
19476,10,1,6
19477,10,6,19
19478,10,10,13
19479,10,13,2
19480,10,18,8
19481,10,11,14
19482,10,11,14
19483,10,6,19
19484,10,0,12
19485,10,7,10
19486,10,9,7
19487,10,11,14
19488,10,2,16
19489,10,12,15
19490,10,2,16
19491,10,12,15
19492,10,13,2
19493,10,3,17
19494,10,2,16
19495,10,11,14
19496,10,2,16
19497,10,2,16
19498,10,15,1
19499,10,7,10
19500,10,15,1
19501,10,15,1
19502,10,2,16
19503,10,2,16
19504,10,4,11
19505,10,7,10
19506,10,12,15
19507,10,7,10
19508,10,12,15
19509,10,7,10
19510,10,15,1
19511,10,18,8
19512,10,16,18
19513,10,0,12
19514,10,16,18
19515,10,9,7
19516,10,0,12
19517,10,0,12
19518,10,1,6
19519,10,7,10
19520,10,12,15
19521,10,9,7
19522,10,13,2
19523,10,19,0
19524,10,15,1
19525,10,12,15
19526,10,13,2
19527,10,0,12
19528,10,2,16
19529,10,7,10
19530,10,12,15
19531,10,15,1
19532,10,7,10
19533,10,10,13
19534,10,2,16
19535,10,7,10
19536,10,14,4
19537,10,14,4
19538,10,7,10
19539,10,7,10
19540,10,1,6
19541,10,3,17
19542,10,15,1
19543,10,2,16
19544,10,13,2
19545,10,0,12
19546,10,12,15
19547,10,10,13
19548,10,2,16
19549,10,2,16
19550,10,2,16
19551,10,2,16
19552,10,2,16
19553,10,12,15
19554,10,0,12
19555,10,0,12
19556,10,15,1
19557,10,8,3
19558,10,2,16
19559,10,12,15
19560,10,2,16
19561,10,9,7
19562,10,13,2
19563,10,2,16
19564,10,10,13
19565,10,7,10
19566,10,8,3
19567,10,12,15
19568,10,2,16
19569,10,18,8
19570,10,0,12
19571,10,13,2
19572,10,12,15
19573,10,18,8
19574,10,2,16
19575,10,17,5
19576,10,15,1
19577,10,19,0
19578,10,14,4
19579,10,14,4
19580,10,14,4
19581,10,4,11
19582,10,7,10
19583,10,3,17
19584,10,11,14
19585,10,13,2
19586,10,2,16
19587,10,15,1
19588,10,15,1
19589,10,2,16
19590,10,2,16
19591,10,16,18
19592,10,16,18
19593,10,16,18
19594,10,3,17
19595,10,17,5
19596,10,13,2
19597,10,15,1
19598,10,11,14
19599,10,15,1
19600,10,5,9
19601,10,1,6
19602,10,15,1
19603,10,16,18
19604,10,6,19
19605,10,7,10
19606,10,0,12
19607,10,15,1
19608,10,19,0
19609,10,10,13
19610,10,12,15
19611,10,1,6
19612,10,7,10
19613,10,15,1
19614,10,2,16
19615,10,19,0
19616,10,2,16
19617,10,6,19
19618,10,10,13
19619,10,2,16
19620,10,7,10
19621,10,1,6
19622,10,7,10
19623,10,1,6
19624,10,1,6
19625,10,11,14
19626,10,1,6
19627,10,14,4
19628,10,13,2
19629,10,7,10
19630,10,1,6
19631,10,7,10
19632,10,12,15
19633,10,2,16
19634,10,12,15
19635,10,13,2
19636,10,5,9
19637,10,7,10
19638,10,19,0
19639,10,11,14
19640,10,5,9
19641,10,3,17
19642,10,1,6
19643,10,11,14
19644,10,12,15
19645,10,16,18
19646,10,13,2
19647,10,12,15
19648,10,2,16
19649,10,1,6
19650,10,7,10
19651,10,2,16
19652,10,2,16
19653,10,0,12
19654,10,19,0
19655,10,19,0
19656,10,12,15
19657,10,6,19
19658,10,11,14
19659,10,4,11
19660,10,14,4
19661,10,2,16
19662,10,10,13
19663,10,0,12
19664,10,10,13
19665,10,3,17
19666,10,19,0
19667,10,11,14
19668,10,11,14
19669,10,11,14
19670,10,11,14
19671,10,2,16
19672,10,16,18
19673,10,3,17
19674,10,7,10
19675,10,14,4
19676,10,15,1
19677,10,2,16
19678,10,2,16
19679,10,7,10
19680,10,7,10
19681,10,2,16
19682,10,13,2
19683,10,1,6
19684,10,0,12
19685,10,9,7
19686,10,2,16
19687,10,7,10
19688,10,15,1
19689,10,0,12
19690,10,15,1
19691,10,7,10
19692,10,2,16
19693,10,2,16
19694,10,2,16
19695,10,5,9
19696,10,2,16
19697,10,14,4
19698,10,0,12
19699,10,2,16
19700,10,5,9
19701,10,9,7
19702,10,11,14
19703,10,2,16
19704,10,0,12
19705,10,0,12
19706,10,12,15
19707,10,2,16
19708,10,19,0
19709,10,2,16
19710,10,4,11
19711,10,2,16
19712,10,5,9
19713,10,0,12
19714,10,0,12
19715,10,19,0
19716,10,11,14
19717,10,6,19
19718,10,2,16
19719,10,3,17
19720,10,16,18
19721,10,11,14
19722,10,11,14
19723,10,2,16
19724,10,2,16
19725,10,9,7
19726,10,7,10
19727,10,5,9
19728,10,2,16
19729,10,2,16
19730,10,7,10
19731,10,0,12
19732,10,12,15
19733,10,11,14
19734,10,2,16
19735,10,2,16
19736,10,11,14
19737,10,1,6
19738,10,16,18
19739,10,16,18
19740,10,11,14
19741,10,19,0
19742,10,1,6
19743,10,1,6
19744,10,7,10
19745,10,18,8
19746,10,2,16
19747,10,2,16
19748,10,16,18
19749,10,18,8
19750,10,13,2
19751,10,1,6
19752,10,11,14
19753,10,5,9
19754,10,5,9
19755,10,17,5
19756,10,5,9
19757,10,2,16
19758,10,19,0
19759,10,14,4
19760,10,0,12
19761,10,1,6
19762,10,2,16
19763,10,13,2
19764,10,13,2
19765,10,2,16
19766,10,16,18
19767,10,13,2
19768,10,7,10
19769,10,7,10
19770,10,3,17
19771,10,2,16
19772,10,0,12
19773,10,2,16
19774,10,19,0
19775,10,1,6
19776,10,9,7
19777,10,19,0
19778,10,5,9
19779,10,10,13
19780,10,2,16
19781,10,6,19
19782,10,1,6
19783,10,6,19
19784,10,18,8
19785,10,16,18
19786,10,2,16
19787,10,15,1
19788,10,12,15
19789,10,7,10
19790,10,7,10
19791,10,12,15
19792,10,0,12
19793,10,2,16
19794,10,15,1
19795,10,6,19
19796,10,12,15
19797,10,2,16
19798,10,2,16
19799,10,2,16
19800,10,13,2
19801,10,2,16
19802,10,12,15
19803,10,2,16
19804,10,2,16
19805,10,7,10
19806,10,15,1
19807,10,11,14
19808,10,12,15
19809,10,19,0
19810,10,19,0
19811,10,13,2
19812,10,12,15
19813,10,7,10
19814,10,13,2
19815,10,17,5
19816,10,12,15
19817,10,15,1
19818,10,19,0
19819,10,7,10
19820,10,19,0
19821,10,19,0
19822,10,7,10
19823,10,19,0
19824,10,18,8
19825,10,2,16
19826,10,17,5
19827,10,7,10
19828,10,15,1
19829,10,3,17
19830,10,18,8
19831,10,15,1
19832,10,14,4
19833,10,0,12
19834,10,7,10
19835,10,19,0
19836,10,19,0
19837,10,14,4
19838,10,19,0
19839,10,12,15
19840,10,19,0
19841,10,9,7
19842,10,2,16
19843,10,2,16
19844,10,2,16
19845,10,2,16
19846,10,7,10
19847,10,11,14
19848,10,14,4
19849,10,10,13
19850,10,19,0
19851,10,9,7
19852,10,2,16
19853,10,2,16
19854,10,1,6
19855,10,15,1
19856,10,11,14
19857,10,9,7
19858,10,5,9
19859,10,2,16
19860,10,11,14
19861,10,17,5
19862,10,3,17
19863,10,15,1
19864,10,19,0
19865,10,1,6
19866,10,2,16
19867,10,8,3
19868,10,17,5
19869,10,7,10
19870,10,7,10
19871,10,12,15
19872,10,2,16
19873,10,17,5
19874,10,19,0
19875,10,17,5
19876,10,6,19
19877,10,2,16
19878,10,7,10
19879,10,2,16
19880,10,18,8
19881,10,3,17
19882,10,1,6
19883,10,7,10
19884,10,13,2
19885,10,19,0
19886,10,6,19
19887,10,3,17
19888,10,2,16
19889,10,6,19
19890,10,4,11
19891,10,7,10
19892,10,1,6
19893,10,18,8
19894,10,6,19
19895,10,2,16
19896,10,9,7
19897,10,7,10
19898,10,15,1
19899,10,19,0
19900,10,5,9
19901,10,19,0
19902,10,2,16
19903,10,2,16
19904,10,16,18
19905,10,2,16
19906,10,9,7
19907,10,16,18
19908,10,19,0
19909,10,16,18
19910,10,19,0
19911,10,3,17
19912,10,12,15
19913,10,11,14
19914,10,12,15
19915,10,11,14
19916,10,6,19
19917,10,0,12
19918,10,5,9
19919,10,13,2
19920,10,19,0
19921,10,13,2
19922,10,19,0
19923,10,19,0
19924,10,19,0
19925,10,19,0
19926,10,18,8
19927,10,7,10
19928,10,1,6
19929,10,1,6
19930,10,7,10
19931,10,13,2
19932,10,12,15
19933,10,7,10
19934,10,2,16
19935,10,7,10
19936,10,7,10
19937,10,3,17
19938,10,6,19
19939,10,7,10
19940,10,7,10
19941,10,1,6
19942,10,3,17
19943,10,2,16
19944,10,9,7
19945,10,12,15
19946,10,2,16
19947,10,19,0
19948,10,13,2
19949,10,15,1
19950,10,7,10
19951,10,7,10
19952,10,5,9
19953,10,10,13
19954,10,7,10
19955,10,5,9
19956,10,19,0
19957,10,13,2
19958,10,13,2
19959,10,2,16
19960,10,19,0
19961,10,19,0
19962,10,19,0
19963,10,19,0
19964,10,2,16
19965,10,7,10
19966,10,0,12
19967,10,14,4
19968,10,10,13
19969,10,11,14
19970,10,17,5
19971,10,17,5
19972,10,19,0
19973,10,15,1
19974,10,2,16
19975,10,2,16
19976,10,2,16
19977,10,2,16
19978,10,2,16
19979,10,2,16
19980,10,3,17
19981,10,6,19
19982,10,7,10
19983,10,1,6
19984,10,2,16
19985,10,0,12
19986,10,11,14
19987,10,12,15
19988,10,0,12
19989,10,7,10
19990,10,2,16
19991,10,3,17
19992,10,2,16
19993,10,2,16
19994,10,13,2
19995,10,9,7
19996,10,0,12
19997,10,1,6
19998,10,0,12
19999,10,3,17
20000,10,11,14
20001,10,2,16
20002,10,7,10
20003,10,11,14
20004,10,11,14
20005,10,2,16
20006,10,15,1
20007,10,2,16
20008,10,19,0
20009,10,12,15
20010,10,2,16
20011,10,7,10
20012,10,9,7
20013,10,11,14
20014,10,2,16
20015,10,7,10
20016,10,12,15
20017,10,15,1
20018,10,19,0
20019,10,11,14
20020,10,0,12
20021,10,17,5
20022,10,1,6
20023,10,18,8
20024,10,12,15
20025,10,3,17
20026,10,15,1
20027,10,7,10
20028,10,5,9
20029,10,2,16
20030,10,11,14
20031,10,2,16
20032,10,6,19
20033,10,7,10
20034,10,12,15
20035,10,4,11
20036,10,12,15
20037,10,6,19
20038,10,6,19
20039,10,12,15
20040,10,15,1
20041,10,15,1
20042,10,13,2
20043,10,0,12
20044,10,7,10
20045,10,2,16
20046,10,10,13
20047,10,10,13
20048,10,13,2
20049,10,7,10
20050,10,1,6
20051,10,2,16
20052,10,2,16
20053,10,2,16
20054,10,9,7
20055,10,16,18
20056,10,7,10
20057,10,7,10
20058,10,10,13
20059,10,9,7
20060,10,12,15
20061,10,11,14
20062,10,2,16
20063,10,5,9
20064,10,10,13
20065,10,0,12
20066,10,0,12
20067,10,0,12
20068,10,0,12
20069,10,0,12
20070,10,1,6
20071,10,12,15
20072,10,0,12
20073,10,7,10
20074,10,3,17
20075,10,15,1
20076,10,3,17
20077,10,2,16
20078,10,18,8
20079,10,5,9
20080,10,6,19
20081,10,5,9
20082,10,11,14
20083,10,0,12
20084,10,3,17
20085,10,6,19
20086,10,2,16
20087,10,11,14
20088,10,7,10
20089,10,2,16
20090,10,2,16
20091,10,0,12
20092,10,0,12
20093,10,2,16
20094,10,2,16
20095,10,0,12
20096,10,2,16
20097,10,2,16
20098,10,7,10
20099,10,7,10
20100,10,6,19
20101,10,16,18
20102,10,2,16
20103,10,0,12
20104,10,6,19
20105,10,1,6
20106,10,19,0
20107,10,5,9
20108,10,11,14
20109,10,10,13
20110,10,19,0
20111,10,5,9
20112,10,12,15
20113,10,0,12
20114,10,11,14
20115,10,7,10
20116,10,6,19
20117,10,6,19
20118,10,6,19
20119,10,2,16
20120,10,7,10
20121,10,2,16
20122,10,7,10
20123,10,12,15
20124,10,12,15
20125,10,6,19
20126,10,5,9
20127,10,19,0
20128,10,13,2
20129,10,2,16
20130,10,19,0
20131,10,8,3
20132,10,1,6
20133,10,11,14
20134,10,7,10
20135,10,12,15
20136,10,15,1
20137,10,7,10
20138,10,2,16
20139,10,13,2
20140,10,7,10
20141,10,2,16
20142,10,15,1
20143,10,2,16
20144,10,2,16
20145,10,15,1
20146,10,15,1
20147,10,15,1
20148,10,6,19
20149,10,19,0
20150,10,12,15
20151,10,12,15
20152,10,11,14
20153,10,11,14
20154,10,2,16
20155,10,12,15
20156,10,2,16
20157,10,7,10
20158,10,12,15
20159,10,7,10
20160,10,19,0
20161,10,0,12
20162,10,13,2
20163,10,2,16
20164,10,0,12
20165,10,18,8
20166,10,19,0
20167,10,17,5
20168,10,7,10
20169,10,0,12
20170,10,9,7
20171,10,13,2
20172,10,19,0
20173,10,0,12
20174,10,19,0
20175,10,19,0
20176,10,16,18
20177,10,11,14
20178,10,15,1
20179,10,15,1
20180,10,15,1
20181,10,19,0
20182,10,0,12
20183,10,12,15
20184,10,1,6
20185,10,11,14
20186,10,1,6
20187,10,10,13
20188,10,8,3
20189,10,13,2
20190,10,2,16
20191,10,11,14
20192,10,19,0
20193,10,19,0
20194,10,0,12
20195,10,3,17
20196,10,3,17
20197,10,15,1
20198,10,13,2
20199,10,11,14
20200,10,3,17
20201,10,6,19
20202,10,2,16
20203,10,17,5
20204,10,11,14
20205,10,13,2
20206,10,1,6
20207,10,0,12
20208,10,2,16
20209,10,17,5
20210,10,7,10
20211,10,1,6
20212,10,11,14
20213,10,12,15
20214,10,8,3
20215,10,0,12
20216,10,11,14
20217,10,12,15
20218,10,7,10
20219,10,10,13
20220,10,7,10
20221,10,2,16
20222,10,15,1
20223,10,12,15
20224,10,2,16
20225,10,3,17
20226,10,3,17
20227,10,2,16
20228,10,18,8
20229,10,18,8
20230,10,19,0
20231,10,1,6
20232,10,14,4
20233,10,6,19
20234,10,2,16
20235,10,6,19
20236,10,7,10
20237,10,9,7
20238,10,15,1
20239,10,11,14
20240,10,14,4
20241,10,6,19
20242,10,15,1
20243,10,7,10
20244,10,8,3
20245,10,13,2
20246,10,9,7
20247,10,1,6
20248,10,2,16
20249,10,2,16
20250,10,19,0
20251,10,15,1
20252,10,11,14
20253,10,7,10
20254,10,12,15
20255,10,7,10
20256,10,15,1
20257,10,15,1
20258,10,15,1
20259,10,2,16
20260,10,15,1
20261,10,7,10
20262,10,11,14
20263,10,11,14
20264,10,11,14
20265,10,0,12
20266,10,12,15
20267,10,10,13
20268,10,2,16
20269,10,3,17
20270,10,0,12
20271,10,2,16
20272,10,15,1
20273,10,17,5
20274,10,2,16
20275,10,16,18
20276,10,11,14
20277,10,7,10
20278,10,19,0
20279,10,1,6
20280,10,18,8
20281,10,7,10
20282,10,7,10
20283,10,7,10
20284,10,2,16
20285,10,3,17
20286,10,7,10
20287,10,11,14
20288,10,2,16
20289,10,0,12
20290,10,2,16
20291,10,16,18
20292,10,11,14
20293,10,3,17
20294,10,17,5
20295,10,2,16
20296,10,10,13
20297,10,18,8
20298,10,8,3
20299,10,6,19
20300,10,6,19
20301,10,4,11
20302,10,11,14
20303,10,9,7
20304,10,14,4
20305,10,19,0
20306,10,19,0
20307,10,11,14
20308,10,11,14
20309,10,2,16
20310,10,7,10
20311,10,18,8
20312,10,17,5
20313,10,11,14
20314,10,19,0
20315,10,12,15
20316,10,12,15
20317,10,2,16
20318,10,2,16
20319,10,0,12
20320,10,7,10
20321,10,7,10
20322,10,2,16
20323,10,17,5
20324,10,0,12
20325,10,11,14
20326,10,16,18
20327,10,17,5
20328,10,3,17
20329,10,9,7
20330,10,3,17
20331,10,12,15
20332,10,11,14
20333,10,6,19
20334,10,1,6
20335,10,19,0
20336,10,19,0
20337,10,11,14
20338,10,10,13
20339,10,10,13
20340,10,5,9
20341,10,11,14
20342,10,3,17
20343,10,12,15
20344,10,12,15
20345,10,11,14
20346,10,0,12
20347,10,7,10
20348,10,7,10
20349,10,7,10
20350,10,9,7
20351,10,12,15
20352,10,1,6
20353,10,2,16
20354,10,12,15
20355,10,7,10
20356,10,1,6
20357,10,11,14
20358,10,11,14
20359,10,3,17
20360,10,18,8
20361,10,15,1
20362,10,7,10
20363,10,0,12
20364,10,12,15
20365,10,2,16
20366,10,2,16
20367,10,18,8
20368,10,7,10
20369,10,13,2
20370,10,2,16
20371,10,7,10
20372,10,10,13
20373,10,0,12
20374,10,12,15
20375,10,10,13
20376,10,0,12
20377,10,11,14
20378,10,2,16
20379,10,19,0
20380,10,4,11
20381,10,0,12
20382,10,2,16
20383,10,2,16
20384,10,0,12
20385,10,14,4
20386,10,14,4
20387,10,14,4
20388,10,19,0
20389,10,15,1
20390,10,2,16
20391,10,1,6
20392,10,3,17
20393,10,10,13
20394,10,7,10
20395,10,2,16
20396,10,2,16
20397,10,14,4
20398,10,7,10
20399,10,2,16
20400,10,15,1
20401,10,19,0
20402,10,14,4
20403,10,11,14
20404,10,9,7
20405,10,14,4
20406,10,10,13
20407,10,2,16
20408,10,2,16
20409,10,19,0
20410,10,9,7
20411,10,7,10
20412,10,19,0
20413,10,0,12
20414,10,0,12
20415,10,6,19
20416,10,11,14
20417,10,19,0
20418,10,2,16
20419,10,2,16
20420,10,7,10
20421,10,2,16
20422,10,2,16
20423,10,2,16
20424,10,1,6
20425,10,7,10
20426,10,0,12
20427,10,0,12
20428,10,0,12
20429,10,7,10
20430,10,7,10
20431,10,0,12
20432,10,2,16
20433,10,11,14
20434,10,2,16
20435,10,0,12
20436,10,19,0
20437,10,10,13
20438,10,11,14
20439,10,11,14
20440,10,2,16
20441,10,2,16
20442,10,12,15
20443,10,0,12
20444,10,13,2
20445,10,2,16
20446,10,7,10
20447,10,19,0
20448,10,2,16
20449,10,6,19
20450,10,3,17
20451,10,7,10
20452,10,11,14
20453,10,19,0
20454,10,7,10
20455,10,6,19
20456,10,19,0
20457,10,14,4
20458,10,12,15
20459,10,19,0
20460,10,19,0
20461,10,2,16
20462,10,8,3
20463,10,2,16
20464,10,19,0
20465,10,2,16
20466,10,5,9
20467,10,3,17
20468,10,13,2
20469,10,2,16
20470,10,8,3
20471,10,18,8
20472,10,12,15
20473,10,11,14
20474,10,12,15
20475,10,2,16
20476,10,11,14
20477,10,3,17
20478,10,19,0
20479,10,2,16
20480,10,1,6
20481,10,7,10
20482,10,3,17
20483,10,2,16
20484,10,2,16
20485,10,18,8
20486,10,11,14
20487,10,11,14
20488,10,0,12
20489,10,1,6
20490,10,12,15
20491,10,15,1
20492,10,8,3
20493,10,12,15
20494,10,7,10
20495,10,7,10
20496,10,7,10
20497,10,12,15
20498,10,7,10
20499,10,19,0
20500,10,7,10
20501,10,3,17
20502,10,19,0
20503,10,0,12
20504,10,1,6
20505,10,2,16
20506,10,9,7
20507,10,0,12
20508,10,11,14
20509,10,9,7
20510,10,2,16
20511,10,11,14
20512,10,2,16
20513,10,3,17
20514,10,9,7
20515,10,5,9
20516,10,3,17
20517,10,19,0
20518,10,13,2
20519,10,10,13
20520,10,1,6
20521,10,6,19
20522,10,11,14
20523,10,6,19
20524,10,7,10
20525,10,2,16
20526,10,4,11
20527,10,1,6
20528,10,2,16
20529,10,2,16
20530,10,2,16
20531,10,15,1
20532,10,10,13
20533,15,11,14
20534,15,2,16
20535,15,9,7
20536,15,19,0
20537,15,13,2
20538,15,7,10
20539,15,15,1
20540,15,10,13
20541,15,15,1
20542,15,0,12
20543,15,7,10
20544,15,7,10
20545,15,11,14
20546,15,13,2
20547,15,1,6
20548,15,11,14
20549,15,16,18
20550,15,1,6
20551,15,2,16
20552,15,16,18
20553,15,11,14
20554,15,3,17
20555,15,13,2
20556,15,7,10
20557,15,2,16
20558,15,2,16
20559,15,11,14
20560,15,12,15
20561,15,15,1
20562,15,15,1
20563,15,15,1
20564,15,15,1
20565,15,13,2
20566,15,12,15
20567,15,12,15
20568,15,19,0
20569,15,19,0
20570,15,16,18
20571,15,12,15
20572,15,2,16
20573,15,13,2
20574,15,10,13
20575,15,2,16
20576,15,12,15
20577,15,19,0
20578,15,12,15
20579,15,2,16
20580,15,10,13
20581,15,2,16
20582,15,2,16
20583,15,10,13
20584,15,2,16
20585,15,3,17
20586,15,1,6
20587,15,3,17
20588,15,19,0
20589,15,15,1
20590,15,6,19
20591,15,9,7
20592,15,4,11
20593,15,18,8
20594,15,13,2
20595,15,17,5
20596,15,3,17
20597,15,0,12
20598,15,12,15
20599,15,11,14
20600,15,2,16
20601,15,7,10
20602,15,2,16
20603,15,0,12
20604,15,1,6
20605,15,0,12
20606,15,7,10
20607,15,0,12
20608,15,17,5
20609,15,11,14
20610,15,2,16
20611,15,0,12
20612,15,11,14
20613,15,7,10
20614,15,11,14
20615,15,12,15
20616,15,13,2
20617,15,0,12
20618,15,13,2
20619,15,10,13
20620,15,10,13
20621,15,10,13
20622,15,10,13
20623,15,11,14
20624,15,3,17
20625,15,11,14
20626,15,12,15
20627,15,9,7
20628,15,12,15
20629,15,2,16
20630,15,2,16
20631,15,6,19
20632,15,2,16
20633,15,7,10
20634,15,5,9
20635,15,9,7
20636,15,15,1
20637,15,13,2
20638,15,5,9
20639,15,7,10
20640,15,0,12
20641,15,12,15
20642,15,2,16
20643,15,14,4
20644,15,7,10
20645,15,12,15
20646,15,15,1
20647,15,4,11
20648,15,16,18
20649,15,2,16
20650,15,10,13
20651,15,7,10
20652,15,19,0
20653,15,19,0
20654,15,19,0
20655,15,12,15
20656,15,2,16
20657,15,2,16
20658,15,13,2
20659,15,12,15
20660,15,2,16
20661,15,0,12
20662,15,4,11
20663,15,7,10
20664,15,7,10
20665,15,13,2
20666,15,6,19
20667,15,14,4
20668,15,15,1
20669,15,2,16
20670,15,9,7
20671,15,9,7
20672,15,0,12
20673,15,7,10
20674,15,11,14
20675,15,7,10
20676,15,7,10
20677,15,11,14
20678,15,19,0
20679,15,2,16
20680,15,1,6
20681,15,0,12
20682,15,4,11
20683,16,7,10
20684,16,13,2
20685,16,12,15
20686,16,15,1
20687,16,2,16
20688,16,13,2
20689,16,12,15
20690,16,7,10
20691,16,15,1
20692,16,19,0
20693,16,9,7
20694,16,12,15
20695,16,7,10
20696,16,11,14
20697,16,18,8
20698,16,1,6
20699,16,2,16
20700,16,10,13
20701,16,0,12
20702,16,6,19
20703,16,2,16
20704,16,16,18
20705,16,7,10
20706,16,7,10
20707,16,7,10
20708,16,12,15
20709,16,2,16
20710,16,2,16
20711,16,7,10
20712,16,10,13
20713,16,4,11
20714,16,13,2
20715,16,2,16
20716,16,3,17
20717,16,2,16
20718,16,12,15
20719,16,12,15
20720,16,2,16
20721,16,19,0
20722,16,19,0
20723,16,9,7
20724,16,3,17
20725,16,16,18
20726,16,7,10
20727,16,7,10
20728,16,2,16
20729,16,15,1
20730,16,2,16
20731,16,7,10
20732,16,12,15
20733,16,12,15
20734,16,19,0
20735,16,2,16
20736,16,1,6
20737,16,4,11
20738,16,3,17
20739,16,19,0
20740,16,7,10
20741,16,1,6
20742,16,19,0
20743,16,19,0
20744,16,1,6
20745,16,1,6
20746,16,1,6
20747,16,1,6
20748,16,15,1
20749,16,1,6
20750,16,7,10
20751,16,2,16
20752,16,13,2
20753,16,2,16
20754,16,2,16
20755,16,4,11
20756,16,2,16
20757,16,12,15
20758,16,2,16
20759,16,18,8
20760,16,9,7
20761,16,3,17
20762,16,2,16
20763,16,18,8
20764,16,0,12
20765,16,0,12
20766,16,11,14
20767,16,0,12
20768,16,12,15
20769,16,9,7
20770,16,11,14
20771,16,0,12
20772,16,13,2
20773,16,7,10
20774,16,7,10
20775,16,5,9
20776,16,7,10
20777,16,1,6
20778,16,7,10
20779,16,12,15
20780,16,12,15
20781,16,2,16
20782,16,16,18
20783,16,6,19
20784,16,13,2
20785,16,7,10
20786,16,11,14
20787,16,16,18
20788,16,7,10
20789,16,2,16
20790,16,3,17
20791,16,2,16
20792,16,15,1
20793,16,15,1
20794,16,3,17
20795,16,19,0
20796,16,0,12
20797,16,13,2
20798,16,11,14
20799,16,3,17
20800,16,11,14
20801,16,13,2
20802,16,2,16
20803,16,1,6
20804,16,17,5
20805,16,17,5
20806,16,14,4
20807,16,19,0
20808,16,12,15
20809,16,2,16
20810,16,13,2
20811,16,2,16
20812,16,2,16
20813,16,2,16
20814,16,5,9
20815,16,12,15
20816,16,1,6
20817,16,10,13
20818,16,2,16
20819,16,3,17
20820,16,2,16
20821,16,0,12
20822,16,0,12
20823,16,7,10
20824,16,7,10
20825,16,11,14
20826,16,12,15
20827,16,19,0
20828,16,15,1
20829,16,19,0
20830,16,2,16
20831,16,12,15
20832,16,0,12
20833,16,7,10
20834,16,11,14
20835,16,0,12
20836,16,11,14
20837,16,12,15
20838,16,14,4
20839,16,0,12
20840,16,1,6
20841,16,4,11
20842,16,1,6
20843,16,13,2
20844,16,13,2
20845,16,9,7
20846,16,11,14
20847,16,2,16
20848,16,13,2
20849,16,2,16
20850,16,13,2
20851,16,8,3
20852,16,19,0
20853,16,19,0
20854,16,13,2
20855,16,0,12
20856,16,2,16
20857,16,12,15
20858,16,11,14
20859,16,2,16
20860,16,2,16
20861,16,8,3
20862,16,11,14
20863,16,11,14
20864,16,0,12
20865,16,0,12
20866,16,2,16
20867,16,9,7
20868,16,9,7
20869,16,0,12
20870,16,16,18
20871,16,2,16
20872,16,2,16
20873,16,0,12
20874,16,0,12
20875,16,3,17
20876,16,8,3
20877,16,7,10
20878,16,17,5
20879,16,2,16
20880,16,2,16
20881,16,3,17
20882,16,2,16
20883,16,12,15
20884,16,18,8
20885,16,18,8
20886,16,7,10
20887,16,11,14
20888,16,9,7
20889,16,9,7
20890,16,11,14
20891,16,13,2
20892,16,1,6
20893,16,7,10
20894,16,12,15
20895,16,5,9
20896,16,2,16
20897,16,19,0
20898,16,0,12
20899,16,2,16
20900,16,9,7
20901,16,18,8
20902,16,12,15
20903,16,7,10
20904,16,7,10
20905,16,8,3
20906,16,3,17
20907,16,10,13
20908,16,3,17
20909,16,12,15
20910,16,11,14
20911,16,0,12
20912,16,6,19
20913,16,7,10
20914,16,3,17
20915,16,12,15
20916,16,12,15
20917,16,2,16
20918,16,0,12
20919,16,0,12
20920,16,7,10
