cell_id,true_label,pred_label_raw,pred_label_aligned
0,13,16,18
1,13,18,10
2,13,16,18
3,13,18,10
4,13,18,10
5,13,18,10
6,13,18,10
7,13,18,10
8,13,16,18
9,13,5,7
10,13,13,9
11,13,18,10
12,13,16,18
13,13,18,10
14,13,16,18
15,13,18,10
16,13,18,10
17,13,5,7
18,13,16,18
19,13,18,10
20,13,0,4
21,13,18,10
22,13,18,10
23,13,18,10
24,13,18,10
25,13,16,18
26,13,16,18
27,13,16,18
28,13,0,4
29,13,16,18
30,13,18,10
31,13,18,10
32,13,13,9
33,13,18,10
34,13,18,10
35,13,18,10
36,13,14,12
37,13,16,18
38,13,18,10
39,13,16,18
40,13,16,18
41,13,18,10
42,13,16,18
43,13,18,10
44,13,0,4
45,13,16,18
46,13,18,10
47,13,17,6
48,13,13,9
49,13,18,10
50,13,16,18
51,13,18,10
52,13,16,18
53,13,18,10
54,13,18,10
55,13,18,10
56,13,6,17
57,13,16,18
58,13,18,10
59,13,18,10
60,13,6,17
61,13,17,6
62,13,16,18
63,13,18,10
64,13,18,10
65,13,16,18
66,13,16,18
67,13,18,10
68,13,18,10
69,13,0,4
70,13,18,10
71,13,17,6
72,13,13,9
73,13,16,18
74,13,18,10
75,13,18,10
76,13,18,10
77,13,16,18
78,13,16,18
79,13,18,10
80,13,18,10
81,13,16,18
82,13,16,18
83,13,0,4
84,13,6,17
85,13,18,10
86,13,18,10
87,13,18,10
88,13,16,18
89,13,16,18
90,13,16,18
91,13,5,7
92,13,16,18
93,13,18,10
94,13,18,10
95,13,18,10
96,13,18,10
97,13,17,6
98,13,6,17
99,13,18,10
100,13,18,10
101,13,18,10
102,13,18,10
103,13,11,2
104,13,18,10
105,13,16,18
106,13,18,10
107,13,18,10
108,13,6,17
109,13,18,10
110,13,18,10
111,13,18,10
112,13,17,6
113,13,6,17
114,13,6,17
115,13,6,17
116,13,18,10
117,13,18,10
118,13,18,10
119,13,18,10
120,13,18,10
121,13,18,10
122,13,18,10
123,13,16,18
124,13,18,10
125,13,0,4
126,13,16,18
127,13,18,10
128,13,18,10
129,13,16,18
130,13,5,7
131,13,18,10
132,13,16,18
133,13,18,10
134,13,18,10
135,13,0,4
136,13,16,18
137,13,16,18
138,13,5,7
139,13,18,10
140,13,18,10
141,13,16,18
142,13,13,9
143,13,5,7
144,13,18,10
145,13,16,18
146,13,0,4
147,13,18,10
148,13,18,10
149,13,18,10
150,13,16,18
151,13,18,10
152,13,18,10
153,13,16,18
154,13,18,10
155,13,0,4
156,13,16,18
157,13,18,10
158,13,16,18
159,13,16,18
160,13,18,10
161,13,16,18
162,13,17,6
163,13,18,10
164,13,16,18
165,13,16,18
166,13,18,10
167,13,16,18
168,13,5,7
169,13,18,10
170,13,16,18
171,13,18,10
172,13,18,10
173,13,16,18
174,13,18,10
175,13,6,17
176,13,16,18
177,13,18,10
178,13,18,10
179,13,18,10
180,13,16,18
181,13,6,17
182,13,18,10
183,13,16,18
184,13,16,18
185,13,11,2
186,13,18,10
187,13,18,10
188,13,18,10
189,13,16,18
190,13,16,18
191,13,17,6
192,13,18,10
193,13,18,10
194,13,18,10
195,13,18,10
196,13,18,10
197,13,18,10
198,13,5,7
199,13,16,18
200,13,18,10
201,13,18,10
202,13,18,10
203,13,18,10
204,13,5,7
205,13,16,18
206,13,18,10
207,13,16,18
208,13,11,2
209,13,6,17
210,13,6,17
211,13,16,18
212,13,16,18
213,13,18,10
214,13,16,18
215,13,16,18
216,13,16,18
217,13,5,7
218,13,16,18
219,13,18,10
220,13,18,10
221,13,18,10
222,13,18,10
223,13,11,2
224,13,16,18
225,13,16,18
226,13,18,10
227,13,1,1
228,13,16,18
229,13,16,18
230,13,13,9
231,13,18,10
232,13,16,18
233,13,17,6
234,13,18,10
235,13,16,18
236,13,17,6
237,13,17,6
238,13,16,18
239,13,18,10
240,13,18,10
241,13,0,4
242,13,18,10
243,13,18,10
244,13,18,10
245,13,18,10
246,13,18,10
247,13,18,10
248,13,18,10
249,13,18,10
250,13,0,4
251,13,18,10
252,13,16,18
253,13,18,10
254,13,13,9
255,13,16,18
256,13,13,9
257,13,16,18
258,13,16,18
259,13,18,10
260,13,16,18
261,13,18,10
262,13,18,10
263,13,18,10
264,13,13,9
265,13,18,10
266,13,18,10
267,13,16,18
268,13,13,9
269,13,16,18
270,13,18,10
271,13,16,18
272,13,18,10
273,13,16,18
274,13,16,18
275,13,16,18
276,13,16,18
277,13,16,18
278,13,18,10
279,13,16,18
280,13,16,18
281,13,18,10
282,13,18,10
283,13,18,10
284,13,18,10
285,13,17,6
286,13,18,10
287,13,0,4
288,13,16,18
289,13,5,7
290,13,18,10
291,13,16,18
292,13,16,18
293,13,18,10
294,13,18,10
295,13,17,6
296,13,18,10
297,13,0,4
298,13,18,10
299,13,18,10
300,13,18,10
301,13,18,10
302,13,16,18
303,13,18,10
304,13,16,18
305,13,16,18
306,13,18,10
307,13,18,10
308,13,18,10
309,13,18,10
310,13,16,18
311,13,16,18
312,13,16,18
313,13,18,10
314,13,5,7
315,13,18,10
316,13,18,10
317,13,17,6
318,13,18,10
319,13,18,10
320,13,18,10
321,13,16,18
322,13,13,9
323,13,18,10
324,13,18,10
325,13,17,6
326,13,0,4
327,13,18,10
328,13,16,18
329,13,18,10
330,13,6,17
331,13,16,18
332,13,18,10
333,13,17,6
334,13,18,10
335,13,18,10
336,13,16,18
337,13,18,10
338,13,18,10
339,13,18,10
340,13,16,18
341,13,5,7
342,13,16,18
343,13,16,18
344,13,16,18
345,13,17,6
346,13,16,18
347,13,18,10
348,13,18,10
349,13,18,10
350,13,18,10
351,13,18,10
352,13,16,18
353,13,16,18
354,13,18,10
355,13,18,10
356,13,18,10
357,13,5,7
358,13,16,18
359,13,18,10
360,13,11,2
361,13,18,10
362,13,16,18
363,13,16,18
364,13,18,10
365,13,18,10
366,13,18,10
367,13,18,10
368,13,16,18
369,13,16,18
370,13,18,10
371,13,18,10
372,13,13,9
373,13,18,10
374,13,18,10
375,13,18,10
376,13,18,10
377,13,5,7
378,13,18,10
379,13,18,10
380,13,18,10
381,13,16,18
382,13,18,10
383,13,18,10
384,13,18,10
385,13,16,18
386,13,16,18
387,13,18,10
388,13,18,10
389,13,18,10
390,13,16,18
391,13,16,18
392,12,18,10
393,12,18,10
394,12,16,18
395,12,6,17
396,12,18,10
397,12,17,6
398,12,18,10
399,12,18,10
400,12,18,10
401,12,18,10
402,12,18,10
403,12,17,6
404,12,16,18
405,12,16,18
406,12,5,7
407,12,18,10
408,12,16,18
409,12,16,18
410,12,0,4
411,12,16,18
412,12,13,9
413,12,16,18
414,12,16,18
415,12,18,10
416,12,18,10
417,12,18,10
418,12,16,18
419,12,18,10
420,12,0,4
421,12,18,10
422,12,16,18
423,12,18,10
424,12,18,10
425,12,16,18
426,12,16,18
427,12,18,10
428,12,16,18
429,12,18,10
430,12,16,18
431,12,18,10
432,12,13,9
433,12,16,18
434,12,13,9
435,12,18,10
436,12,16,18
437,12,16,18
438,12,16,18
439,12,13,9
440,12,16,18
441,12,18,10
442,12,13,9
443,12,5,7
444,12,18,10
445,12,5,7
446,12,18,10
447,12,18,10
448,12,18,10
449,12,18,10
450,12,18,10
451,12,6,17
452,12,11,2
453,12,11,2
454,12,13,9
455,12,18,10
456,12,18,10
457,12,16,18
458,12,18,10
459,12,18,10
460,12,18,10
461,12,16,18
462,12,16,18
463,12,18,10
464,12,18,10
465,12,17,6
466,12,16,18
467,12,18,10
468,12,16,18
469,12,18,10
470,12,0,4
471,12,6,17
472,12,5,7
473,12,16,18
474,12,18,10
475,12,16,18
476,12,16,18
477,12,18,10
478,12,18,10
479,12,16,18
480,12,18,10
481,12,18,10
482,12,18,10
483,12,18,10
484,12,18,10
485,12,16,18
486,12,18,10
487,12,18,10
488,12,16,18
489,12,18,10
490,12,18,10
491,12,16,18
492,12,18,10
493,12,18,10
494,12,18,10
495,12,16,18
496,12,16,18
497,12,16,18
498,12,18,10
499,12,18,10
500,12,18,10
501,12,6,17
502,12,0,4
503,12,18,10
504,12,6,17
505,12,18,10
506,12,16,18
507,12,18,10
508,12,6,17
509,12,18,10
510,12,18,10
511,12,16,18
512,12,16,18
513,12,18,10
514,12,18,10
515,12,18,10
516,12,16,18
517,12,18,10
518,12,18,10
519,12,18,10
520,12,16,18
521,12,18,10
522,12,14,12
523,1,16,18
524,1,18,10
525,1,16,18
526,1,18,10
527,1,18,10
528,1,18,10
529,1,16,18
530,1,16,18
531,1,18,10
532,1,13,9
533,1,16,18
534,1,16,18
535,1,16,18
536,1,18,10
537,1,18,10
538,1,6,17
539,1,16,18
540,1,18,10
541,1,18,10
542,1,18,10
543,1,18,10
544,1,0,4
545,1,18,10
546,1,18,10
547,1,13,9
548,1,16,18
549,1,18,10
550,1,13,9
551,1,16,18
552,1,16,18
553,1,18,10
554,1,18,10
555,1,16,18
556,1,16,18
557,1,6,17
558,1,18,10
559,1,16,18
560,1,18,10
561,1,16,18
562,1,16,18
563,1,16,18
564,1,16,18
565,1,18,10
566,1,11,2
567,1,18,10
568,1,6,17
569,1,16,18
570,1,18,10
571,1,6,17
572,1,18,10
573,1,18,10
574,1,16,18
575,1,18,10
576,1,16,18
577,1,16,18
578,1,18,10
579,1,16,18
580,1,18,10
581,1,16,18
582,1,16,18
583,1,18,10
584,1,18,10
585,1,18,10
586,1,16,18
587,1,18,10
588,1,17,6
589,1,18,10
590,1,18,10
591,1,16,18
592,1,16,18
593,1,16,18
594,1,18,10
595,1,18,10
596,1,18,10
597,1,16,18
598,1,18,10
599,1,16,18
600,1,13,9
601,1,13,9
602,1,18,10
603,1,18,10
604,1,18,10
605,1,0,4
606,1,6,17
607,1,16,18
608,1,18,10
609,1,18,10
610,1,5,7
611,1,18,10
612,1,18,10
613,1,18,10
614,1,18,10
615,1,18,10
616,1,18,10
617,1,17,6
618,1,18,10
619,1,18,10
620,1,18,10
621,1,18,10
622,1,16,18
623,1,11,2
624,1,16,18
625,1,18,10
626,1,18,10
627,1,16,18
628,1,18,10
629,1,18,10
630,1,16,18
631,1,18,10
632,1,18,10
633,1,16,18
634,1,16,18
635,1,13,9
636,1,18,10
637,1,18,10
638,1,18,10
639,1,17,6
640,1,16,18
641,1,13,9
642,1,18,10
643,1,18,10
644,1,16,18
645,1,18,10
646,1,16,18
647,1,18,10
648,1,16,18
649,1,18,10
650,1,18,10
651,1,17,6
652,1,16,18
653,1,16,18
654,1,16,18
655,1,18,10
656,1,16,18
657,1,6,17
658,1,16,18
659,1,18,10
660,1,16,18
661,1,11,2
662,1,18,10
663,1,17,6
664,1,18,10
665,1,16,18
666,1,18,10
667,1,18,10
668,1,13,9
669,1,18,10
670,1,18,10
671,1,0,4
672,1,16,18
673,1,16,18
674,1,18,10
675,1,16,18
676,1,18,10
677,1,16,18
678,1,18,10
679,1,17,6
680,1,0,4
681,1,16,18
682,1,16,18
683,1,18,10
684,1,16,18
685,1,16,18
686,1,6,17
687,1,18,10
688,1,5,7
689,1,18,10
690,1,18,10
691,1,11,2
692,1,16,18
693,1,16,18
694,1,13,9
695,1,18,10
696,1,16,18
697,1,6,17
698,1,18,10
699,1,5,7
700,1,18,10
701,1,16,18
702,1,16,18
703,1,18,10
704,1,18,10
705,1,18,10
706,1,18,10
707,1,18,10
708,1,16,18
709,1,16,18
710,1,16,18
711,1,18,10
712,1,16,18
713,1,18,10
714,1,16,18
715,1,18,10
716,1,18,10
717,1,18,10
718,1,18,10
719,1,16,18
720,1,18,10
721,1,16,18
722,1,18,10
723,1,16,18
724,1,16,18
725,1,17,6
726,1,16,18
727,1,17,6
728,1,18,10
729,1,18,10
730,1,1,1
731,1,16,18
732,1,18,10
733,1,18,10
734,1,16,18
735,1,16,18
736,1,18,10
737,1,18,10
738,1,17,6
739,1,18,10
740,1,0,4
741,1,18,10
742,1,18,10
743,1,18,10
744,1,16,18
745,1,18,10
746,1,18,10
747,1,18,10
748,1,13,9
749,1,18,10
750,1,18,10
751,1,16,18
752,1,13,9
753,1,18,10
754,1,18,10
755,1,13,9
756,1,18,10
757,1,16,18
758,1,6,17
759,1,16,18
760,1,18,10
761,1,18,10
762,1,16,18
763,3,16,18
764,3,16,18
765,3,18,10
766,3,6,17
767,3,17,6
768,3,16,18
769,3,16,18
770,3,16,18
771,3,16,18
772,3,16,18
773,3,17,6
774,3,16,18
775,3,16,18
776,3,16,18
777,3,18,10
778,3,17,6
779,3,18,10
780,3,18,10
781,3,18,10
782,3,18,10
783,3,13,9
784,3,16,18
785,3,16,18
786,3,18,10
787,3,18,10
788,3,11,2
789,3,5,7
790,3,18,10
791,3,18,10
792,3,5,7
793,3,13,9
794,3,16,18
795,3,18,10
796,3,16,18
797,3,16,18
798,3,18,10
799,3,0,4
800,3,6,17
801,3,16,18
802,3,16,18
803,3,18,10
804,3,18,10
805,3,16,18
806,3,0,4
807,3,18,10
808,3,0,4
809,3,6,17
810,3,2,16
811,3,16,18
812,3,16,18
813,3,13,9
814,3,18,10
815,3,18,10
816,3,18,10
817,3,18,10
818,3,18,10
819,3,16,18
820,3,16,18
821,3,17,6
822,3,18,10
823,3,18,10
824,3,6,17
825,3,18,10
826,3,18,10
827,3,18,10
828,3,16,18
829,3,18,10
830,3,18,10
831,3,18,10
832,3,18,10
833,3,18,10
834,3,5,7
835,3,16,18
836,3,18,10
837,3,18,10
838,3,18,10
839,3,18,10
840,3,16,18
841,3,18,10
842,3,18,10
843,3,18,10
844,3,18,10
845,3,16,18
846,3,16,18
847,11,16,18
848,11,11,2
849,11,16,18
850,11,18,10
851,11,18,10
852,11,18,10
853,11,18,10
854,11,16,18
855,11,16,18
856,11,18,10
857,11,18,10
858,11,18,10
859,11,16,18
860,11,18,10
861,11,16,18
862,11,16,18
863,11,16,18
864,11,16,18
865,11,18,10
866,11,16,18
867,11,18,10
868,11,6,17
869,11,0,4
870,11,17,6
871,11,18,10
872,11,18,10
873,11,16,18
874,11,16,18
875,11,18,10
876,11,16,18
877,11,17,6
878,11,18,10
879,11,16,18
880,11,5,7
881,11,16,18
882,11,16,18
883,11,18,10
884,11,18,10
885,11,16,18
886,11,18,10
887,11,18,10
888,11,18,10
889,11,16,18
890,11,18,10
891,11,17,6
892,11,18,10
893,11,18,10
894,11,17,6
895,11,18,10
896,11,17,6
897,11,18,10
898,11,18,10
899,11,16,18
900,11,18,10
901,11,16,18
902,11,16,18
903,11,18,10
904,11,0,4
905,11,13,9
906,11,16,18
907,11,17,6
908,11,16,18
909,11,16,18
910,11,5,7
911,11,16,18
912,11,18,10
913,11,18,10
914,11,16,18
915,11,16,18
916,11,11,2
917,11,18,10
918,11,18,10
919,11,18,10
920,11,18,10
921,11,17,6
922,11,16,18
923,11,13,9
924,11,16,18
925,11,18,10
926,11,18,10
927,11,18,10
928,11,18,10
929,11,18,10
930,11,18,10
931,11,18,10
932,11,16,18
933,11,18,10
934,11,18,10
935,11,18,10
936,11,6,17
937,11,13,9
938,11,16,18
939,11,18,10
940,11,13,9
941,11,16,18
942,11,18,10
943,11,16,18
944,11,16,18
945,11,16,18
946,11,18,10
947,11,18,10
948,11,18,10
949,11,18,10
950,11,0,4
951,11,6,17
952,11,17,6
953,11,18,10
954,11,18,10
955,11,18,10
956,11,16,18
957,11,18,10
958,11,18,10
959,11,16,18
960,11,6,17
961,11,16,18
962,11,16,18
963,11,18,10
964,11,5,7
965,11,5,7
966,11,13,9
967,11,18,10
968,11,16,18
969,11,16,18
970,11,18,10
971,11,18,10
972,11,16,18
973,11,16,18
974,11,18,10
975,11,6,17
976,11,17,6
977,11,17,6
978,11,16,18
979,11,16,18
980,11,18,10
981,11,0,4
982,11,16,18
983,11,0,4
984,11,16,18
985,11,18,10
986,11,16,18
987,11,18,10
988,11,17,6
989,11,5,7
990,11,16,18
991,11,16,18
992,11,18,10
993,11,0,4
994,11,18,10
995,11,17,6
996,11,18,10
997,11,17,6
998,11,18,10
999,11,18,10
1000,11,18,10
1001,11,16,18
1002,11,18,10
1003,11,16,18
1004,11,16,18
1005,11,16,18
1006,11,18,10
1007,11,0,4
1008,11,17,6
1009,11,18,10
1010,11,18,10
1011,11,18,10
1012,11,16,18
1013,11,17,6
1014,11,16,18
1015,11,16,18
1016,11,18,10
1017,11,18,10
1018,11,18,10
1019,11,16,18
1020,11,18,10
1021,11,18,10
1022,11,16,18
1023,11,16,18
1024,11,18,10
1025,11,0,4
1026,11,16,18
1027,11,16,18
1028,11,13,9
1029,11,16,18
1030,11,17,6
1031,11,16,18
1032,11,18,10
1033,11,17,6
1034,11,11,2
1035,11,2,16
1036,11,16,18
1037,11,11,2
1038,11,18,10
1039,11,18,10
1040,11,0,4
1041,11,18,10
1042,11,5,7
1043,11,18,10
1044,11,18,10
1045,11,18,10
1046,11,18,10
1047,11,18,10
1048,11,16,18
1049,11,16,18
1050,11,13,9
1051,11,5,7
1052,11,17,6
1053,11,6,17
1054,11,18,10
1055,11,18,10
1056,11,16,18
1057,11,16,18
1058,11,5,7
1059,11,16,18
1060,11,16,18
1061,11,13,9
1062,11,17,6
1063,11,16,18
1064,11,18,10
1065,11,13,9
1066,11,13,9
1067,11,16,18
1068,11,6,17
1069,11,18,10
1070,11,18,10
1071,4,18,10
1072,4,16,18
1073,4,13,9
1074,4,1,1
1075,4,18,10
1076,4,18,10
1077,4,18,10
1078,4,11,2
1079,4,18,10
1080,4,18,10
1081,4,16,18
1082,4,18,10
1083,4,18,10
1084,4,16,18
1085,4,16,18
1086,4,16,18
1087,4,0,4
1088,4,18,10
1089,4,13,9
1090,4,16,18
1091,4,18,10
1092,4,18,10
1093,4,18,10
1094,4,16,18
1095,4,18,10
1096,4,16,18
1097,4,18,10
1098,4,18,10
1099,4,18,10
1100,4,16,18
1101,4,16,18
1102,4,18,10
1103,4,13,9
1104,4,6,17
1105,4,16,18
1106,4,13,9
1107,4,18,10
1108,4,18,10
1109,4,18,10
1110,4,5,7
1111,4,16,18
1112,4,18,10
1113,4,18,10
1114,4,16,18
1115,4,18,10
1116,4,16,18
1117,4,18,10
1118,4,17,6
1119,4,16,18
1120,4,18,10
1121,4,16,18
1122,4,18,10
1123,4,18,10
1124,4,16,18
1125,4,16,18
1126,4,18,10
1127,4,18,10
1128,4,16,18
1129,4,16,18
1130,4,16,18
1131,4,16,18
1132,4,18,10
1133,4,13,9
1134,4,18,10
1135,4,17,6
1136,4,5,7
1137,4,18,10
1138,4,18,10
1139,4,17,6
1140,4,18,10
1141,4,18,10
1142,4,18,10
1143,4,16,18
1144,4,16,18
1145,4,18,10
1146,4,0,4
1147,4,17,6
1148,4,16,18
1149,4,18,10
1150,4,18,10
1151,4,16,18
1152,4,18,10
1153,4,16,18
1154,4,18,10
1155,4,16,18
1156,4,18,10
1157,4,18,10
1158,4,16,18
1159,4,16,18
1160,4,18,10
1161,4,18,10
1162,4,18,10
1163,4,13,9
1164,4,18,10
1165,4,18,10
1166,4,18,10
1167,4,18,10
1168,4,18,10
1169,4,16,18
1170,4,16,18
1171,4,16,18
1172,4,18,10
1173,4,6,17
1174,4,18,10
1175,4,16,18
1176,4,17,6
1177,4,18,10
1178,4,18,10
1179,4,18,10
1180,4,18,10
1181,4,17,6
1182,4,18,10
1183,4,18,10
1184,4,18,10
1185,4,13,9
1186,4,18,10
1187,4,16,18
1188,4,18,10
1189,4,18,10
1190,4,18,10
1191,4,18,10
1192,4,5,7
1193,4,16,18
1194,4,18,10
1195,4,18,10
1196,4,18,10
1197,4,16,18
1198,4,0,4
1199,4,16,18
1200,4,18,10
1201,4,16,18
1202,4,18,10
1203,4,13,9
1204,4,17,6
1205,4,18,10
1206,4,13,9
1207,4,18,10
1208,4,16,18
1209,4,18,10
1210,4,18,10
1211,4,17,6
1212,4,18,10
1213,4,18,10
1214,4,18,10
1215,4,18,10
1216,4,18,10
1217,4,16,18
1218,4,18,10
1219,4,18,10
1220,4,18,10
1221,4,18,10
1222,4,16,18
1223,4,16,18
1224,4,18,10
1225,4,18,10
1226,4,18,10
1227,4,16,18
1228,4,16,18
1229,4,16,18
1230,4,18,10
1231,4,0,4
1232,4,5,7
1233,4,18,10
1234,4,0,4
1235,4,16,18
1236,4,16,18
1237,4,18,10
1238,4,18,10
1239,4,18,10
1240,4,16,18
1241,4,6,17
1242,4,18,10
1243,4,18,10
1244,4,16,18
1245,4,18,10
1246,4,5,7
1247,4,18,10
1248,4,18,10
1249,4,18,10
1250,4,16,18
1251,4,18,10
1252,4,18,10
1253,4,5,7
1254,4,16,18
1255,4,6,17
1256,4,18,10
1257,4,18,10
1258,4,16,18
1259,4,18,10
1260,4,16,18
1261,4,16,18
1262,4,16,18
1263,4,18,10
1264,4,18,10
1265,4,16,18
1266,4,18,10
1267,4,18,10
1268,4,16,18
1269,4,16,18
1270,4,18,10
1271,4,18,10
1272,4,16,18
1273,4,16,18
1274,4,18,10
1275,4,18,10
1276,4,18,10
1277,4,18,10
1278,4,6,17
1279,4,16,18
1280,4,18,10
1281,4,18,10
1282,4,17,6
1283,4,18,10
1284,4,18,10
1285,4,18,10
1286,4,18,10
1287,4,0,4
1288,4,18,10
1289,4,16,18
1290,4,18,10
1291,4,16,18
1292,4,18,10
1293,4,18,10
1294,4,18,10
1295,4,16,18
1296,4,18,10
1297,4,13,9
1298,4,18,10
1299,4,18,10
1300,4,18,10
1301,4,16,18
1302,4,0,4
1303,4,16,18
1304,4,18,10
1305,4,18,10
1306,4,18,10
1307,4,0,4
1308,4,18,10
1309,4,16,18
1310,4,18,10
1311,4,18,10
1312,4,18,10
1313,4,18,10
1314,4,18,10
1315,4,18,10
1316,4,18,10
1317,4,18,10
1318,4,18,10
1319,4,18,10
1320,4,18,10
1321,4,18,10
1322,4,16,18
1323,4,18,10
1324,4,16,18
1325,4,18,10
1326,4,18,10
1327,4,16,18
1328,4,18,10
1329,4,18,10
1330,4,16,18
1331,4,18,10
1332,4,18,10
1333,4,18,10
1334,4,18,10
1335,4,16,18
1336,4,18,10
1337,4,16,18
1338,4,18,10
1339,4,18,10
1340,4,16,18
1341,4,18,10
1342,4,18,10
1343,4,18,10
1344,4,13,9
1345,4,18,10
1346,4,18,10
1347,4,18,10
1348,4,16,18
1349,4,13,9
1350,4,18,10
1351,4,18,10
1352,4,18,10
1353,4,16,18
1354,4,16,18
1355,4,18,10
1356,4,18,10
1357,4,16,18
1358,4,18,10
1359,4,18,10
1360,4,18,10
1361,4,6,17
1362,4,18,10
1363,4,18,10
1364,4,16,18
1365,4,18,10
1366,4,16,18
1367,4,18,10
1368,4,13,9
1369,4,18,10
1370,4,16,18
1371,4,13,9
1372,4,16,18
1373,4,16,18
1374,4,16,18
1375,4,16,18
1376,4,18,10
1377,4,18,10
1378,4,6,17
1379,4,11,2
1380,4,18,10
1381,4,18,10
1382,4,18,10
1383,4,17,6
1384,4,18,10
1385,4,18,10
1386,4,18,10
1387,4,18,10
1388,4,11,2
1389,4,18,10
1390,4,16,18
1391,4,18,10
1392,4,18,10
1393,4,18,10
1394,4,16,18
1395,4,6,17
1396,4,0,4
1397,4,18,10
1398,4,18,10
1399,4,18,10
1400,4,18,10
1401,4,6,17
1402,4,18,10
1403,4,0,4
1404,4,17,6
1405,4,16,18
1406,4,18,10
1407,4,16,18
1408,4,16,18
1409,4,16,18
1410,4,18,10
1411,4,18,10
1412,4,16,18
1413,4,16,18
1414,4,17,6
1415,4,18,10
1416,4,11,2
1417,4,18,10
1418,4,17,6
1419,4,16,18
1420,4,16,18
1421,4,18,10
1422,4,13,9
1423,4,16,18
1424,4,16,18
1425,4,6,17
1426,4,16,18
1427,4,17,6
1428,4,18,10
1429,4,18,10
1430,4,18,10
1431,4,18,10
1432,4,6,17
1433,4,16,18
1434,4,18,10
1435,4,18,10
1436,4,18,10
1437,4,18,10
1438,4,18,10
1439,4,18,10
1440,4,0,4
1441,4,16,18
1442,4,18,10
1443,4,18,10
1444,4,16,18
1445,4,16,18
1446,4,18,10
1447,4,18,10
1448,4,16,18
1449,4,18,10
1450,4,16,18
1451,4,18,10
1452,4,18,10
1453,4,18,10
1454,4,16,18
1455,4,17,6
1456,4,11,2
1457,4,16,18
1458,4,16,18
1459,4,18,10
1460,4,18,10
1461,4,18,10
1462,4,16,18
1463,4,18,10
1464,4,18,10
1465,4,18,10
1466,4,18,10
1467,4,18,10
1468,4,18,10
1469,4,18,10
1470,4,18,10
1471,4,16,18
1472,4,18,10
1473,4,18,10
1474,4,16,18
1475,4,17,6
1476,4,18,10
1477,4,18,10
1478,4,16,18
1479,4,18,10
1480,4,13,9
1481,4,18,10
1482,4,16,18
1483,4,16,18
1484,4,16,18
1485,4,17,6
1486,4,18,10
1487,4,18,10
1488,4,18,10
1489,4,16,18
1490,4,18,10
1491,4,18,10
1492,4,6,17
1493,4,16,18
1494,4,16,18
1495,4,18,10
1496,4,16,18
1497,4,18,10
1498,4,16,18
1499,4,13,9
1500,4,5,7
1501,4,18,10
1502,4,18,10
1503,4,14,12
1504,4,18,10
1505,4,16,18
1506,4,18,10
1507,4,5,7
1508,4,16,18
1509,4,16,18
1510,4,18,10
1511,4,18,10
1512,4,18,10
1513,4,18,10
1514,4,18,10
1515,4,17,6
1516,4,16,18
1517,4,18,10
1518,4,16,18
1519,4,18,10
1520,4,11,2
1521,4,18,10
1522,4,18,10
1523,4,18,10
1524,4,18,10
1525,4,18,10
1526,4,16,18
1527,4,16,18
1528,4,18,10
1529,4,18,10
1530,4,0,4
1531,4,16,18
1532,4,16,18
1533,4,18,10
1534,4,18,10
1535,4,0,4
1536,4,18,10
1537,4,11,2
1538,4,16,18
1539,4,18,10
1540,4,18,10
1541,4,16,18
1542,4,18,10
1543,4,16,18
1544,4,6,17
1545,4,18,10
1546,4,18,10
1547,4,16,18
1548,4,18,10
1549,4,16,18
1550,4,18,10
1551,4,18,10
1552,4,16,18
1553,4,13,9
1554,4,18,10
1555,4,18,10
1556,4,13,9
1557,4,17,6
1558,4,16,18
1559,4,18,10
1560,4,18,10
1561,4,17,6
1562,4,16,18
1563,4,16,18
1564,4,0,4
1565,4,5,7
1566,4,18,10
1567,4,6,17
1568,4,18,10
1569,4,16,18
1570,4,18,10
1571,4,17,6
1572,4,6,17
1573,4,16,18
1574,4,18,10
1575,4,18,10
1576,4,16,18
1577,4,18,10
1578,4,18,10
1579,4,18,10
1580,4,18,10
1581,4,18,10
1582,4,18,10
1583,4,16,18
1584,4,18,10
1585,4,16,18
1586,4,18,10
1587,4,16,18
1588,4,18,10
1589,4,17,6
1590,4,18,10
1591,4,0,4
1592,4,18,10
1593,4,18,10
1594,4,0,4
1595,4,16,18
1596,4,17,6
1597,4,18,10
1598,4,17,6
1599,4,18,10
1600,4,16,18
1601,4,18,10
1602,4,16,18
1603,4,16,18
1604,4,18,10
1605,4,18,10
1606,4,18,10
1607,4,16,18
1608,4,18,10
1609,4,18,10
1610,4,16,18
1611,4,6,17
1612,4,16,18
1613,4,18,10
1614,4,18,10
1615,4,18,10
1616,4,16,18
1617,4,0,4
1618,4,18,10
1619,4,16,18
1620,4,18,10
1621,4,18,10
1622,4,18,10
1623,4,18,10
1624,4,18,10
1625,4,18,10
1626,4,16,18
1627,4,18,10
1628,4,16,18
1629,4,18,10
1630,4,18,10
1631,4,16,18
1632,4,18,10
1633,4,13,9
1634,4,18,10
1635,4,18,10
1636,4,18,10
1637,4,18,10
1638,4,16,18
1639,4,0,4
1640,4,16,18
1641,4,18,10
1642,4,18,10
1643,4,18,10
1644,4,16,18
1645,4,16,18
1646,4,18,10
1647,4,18,10
1648,4,16,18
1649,4,18,10
1650,4,18,10
1651,4,13,9
1652,4,5,7
1653,4,18,10
1654,4,18,10
1655,4,16,18
1656,4,18,10
1657,4,18,10
1658,4,16,18
1659,4,16,18
1660,4,16,18
1661,4,18,10
1662,4,18,10
1663,4,18,10
1664,4,16,18
1665,4,16,18
1666,4,18,10
1667,4,6,17
1668,4,16,18
1669,4,16,18
1670,4,18,10
1671,4,16,18
1672,4,18,10
1673,4,18,10
1674,4,18,10
1675,4,18,10
1676,4,18,10
1677,4,18,10
1678,4,18,10
1679,4,0,4
1680,4,18,10
1681,4,16,18
1682,4,18,10
1683,4,11,2
1684,4,16,18
1685,4,17,6
1686,4,18,10
1687,4,0,4
1688,4,18,10
1689,4,18,10
1690,4,18,10
1691,4,18,10
1692,4,6,17
1693,4,18,10
1694,4,17,6
1695,4,16,18
1696,4,6,17
1697,4,17,6
1698,14,6,17
1699,14,18,10
1700,14,18,10
1701,14,18,10
1702,14,16,18
1703,14,17,6
1704,14,18,10
1705,14,16,18
1706,14,16,18
1707,14,17,6
1708,14,18,10
1709,14,18,10
1710,14,18,10
1711,14,18,10
1712,14,18,10
1713,14,18,10
1714,14,18,10
1715,14,18,10
1716,14,18,10
1717,14,18,10
1718,14,16,18
1719,14,16,18
1720,14,16,18
1721,14,18,10
1722,14,18,10
1723,14,18,10
1724,14,18,10
1725,14,18,10
1726,14,13,9
1727,14,16,18
1728,14,6,17
1729,14,11,2
1730,14,16,18
1731,14,18,10
1732,14,11,2
1733,14,5,7
1734,14,18,10
1735,14,18,10
1736,14,18,10
1737,14,18,10
1738,14,13,9
1739,14,18,10
1740,14,18,10
1741,14,18,10
1742,14,18,10
1743,14,18,10
1744,14,13,9
1745,14,16,18
1746,14,18,10
1747,14,18,10
1748,14,18,10
1749,14,18,10
1750,14,18,10
1751,14,18,10
1752,14,18,10
1753,14,18,10
1754,14,18,10
1755,14,0,4
1756,14,16,18
1757,14,13,9
1758,14,18,10
1759,14,18,10
1760,14,18,10
1761,14,18,10
1762,14,18,10
1763,14,18,10
1764,14,16,18
1765,14,16,18
1766,14,0,4
1767,14,17,6
1768,14,18,10
1769,14,16,18
1770,14,18,10
1771,14,16,18
1772,14,18,10
1773,14,18,10
1774,14,16,18
1775,14,18,10
1776,14,0,4
1777,14,18,10
1778,14,18,10
1779,14,18,10
1780,14,18,10
1781,14,16,18
1782,14,16,18
1783,14,16,18
1784,14,5,7
1785,14,16,18
1786,14,18,10
1787,14,16,18
1788,14,18,10
1789,14,18,10
1790,14,16,18
1791,14,18,10
1792,14,18,10
1793,14,16,18
1794,14,16,18
1795,14,18,10
1796,14,18,10
1797,14,18,10
1798,14,18,10
1799,14,0,4
1800,14,18,10
1801,14,18,10
1802,14,18,10
1803,14,17,6
1804,14,16,18
1805,14,18,10
1806,14,16,18
1807,14,18,10
1808,14,16,18
1809,14,16,18
1810,14,18,10
1811,14,16,18
1812,14,18,10
1813,14,18,10
1814,14,18,10
1815,14,18,10
1816,14,18,10
1817,14,16,18
1818,14,18,10
1819,14,18,10
1820,14,16,18
1821,14,18,10
1822,14,16,18
1823,14,16,18
1824,14,18,10
1825,14,16,18
1826,14,16,18
1827,14,16,18
1828,14,18,10
1829,14,18,10
1830,14,18,10
1831,14,17,6
1832,14,16,18
1833,14,18,10
1834,14,16,18
1835,14,16,18
1836,14,17,6
1837,14,18,10
1838,14,18,10
1839,14,13,9
1840,14,18,10
1841,14,18,10
1842,14,16,18
1843,14,18,10
1844,14,18,10
1845,14,18,10
1846,14,18,10
1847,14,16,18
1848,14,18,10
1849,14,18,10
1850,14,16,18
1851,14,18,10
1852,14,18,10
1853,14,16,18
1854,14,16,18
1855,14,18,10
1856,14,16,18
1857,14,16,18
1858,14,18,10
1859,14,18,10
1860,14,16,18
1861,14,16,18
1862,14,18,10
1863,14,18,10
1864,14,18,10
1865,14,18,10
1866,14,18,10
1867,14,18,10
1868,14,18,10
1869,14,16,18
1870,14,17,6
1871,14,17,6
1872,14,18,10
1873,14,16,18
1874,14,18,10
1875,14,18,10
1876,14,10,14
1877,14,16,18
1878,14,18,10
1879,14,18,10
1880,14,18,10
1881,14,18,10
1882,14,18,10
1883,14,18,10
1884,14,18,10
1885,14,18,10
1886,14,17,6
1887,14,11,2
1888,14,18,10
1889,14,18,10
1890,14,18,10
1891,14,18,10
1892,14,17,6
1893,14,18,10
1894,14,16,18
1895,14,16,18
1896,14,18,10
1897,14,16,18
1898,14,18,10
1899,14,18,10
1900,14,18,10
1901,14,18,10
1902,14,18,10
1903,14,18,10
1904,14,16,18
1905,14,18,10
1906,14,18,10
1907,14,18,10
1908,14,6,17
1909,14,18,10
1910,14,18,10
1911,14,18,10
1912,14,16,18
1913,14,16,18
1914,14,18,10
1915,14,18,10
1916,14,18,10
1917,14,18,10
1918,14,18,10
1919,14,18,10
1920,14,18,10
1921,14,13,9
1922,14,18,10
1923,14,5,7
1924,14,16,18
1925,14,16,18
1926,14,11,2
1927,14,16,18
1928,14,17,6
1929,14,18,10
1930,14,16,18
1931,14,16,18
1932,14,18,10
1933,14,16,18
1934,14,18,10
1935,14,18,10
1936,14,16,18
1937,14,18,10
1938,14,18,10
1939,14,13,9
1940,14,18,10
1941,14,16,18
1942,14,18,10
1943,14,18,10
1944,14,18,10
1945,14,18,10
1946,14,18,10
1947,14,17,6
1948,14,18,10
1949,14,18,10
1950,14,17,6
1951,14,18,10
1952,14,17,6
1953,14,18,10
1954,14,6,17
1955,14,18,10
1956,14,0,4
1957,14,13,9
1958,14,5,7
1959,14,18,10
1960,14,18,10
1961,14,5,7
1962,14,18,10
1963,14,16,18
1964,14,18,10
1965,14,16,18
1966,14,18,10
1967,14,18,10
1968,14,18,10
1969,14,16,18
1970,14,16,18
1971,14,16,18
1972,14,18,10
1973,14,18,10
1974,14,10,14
1975,14,16,18
1976,14,16,18
1977,14,16,18
1978,14,16,18
1979,14,18,10
1980,14,18,10
1981,14,18,10
1982,14,16,18
1983,14,18,10
1984,14,18,10
1985,14,16,18
1986,14,18,10
1987,14,16,18
1988,14,13,9
1989,14,16,18
1990,14,18,10
1991,14,18,10
1992,14,16,18
1993,14,18,10
1994,14,16,18
1995,14,11,2
1996,14,17,6
1997,14,17,6
1998,14,18,10
1999,14,18,10
2000,14,18,10
2001,14,16,18
2002,14,13,9
2003,14,16,18
2004,14,16,18
2005,14,18,10
2006,14,18,10
2007,14,16,18
2008,14,18,10
2009,14,18,10
2010,14,18,10
2011,14,18,10
2012,14,16,18
2013,14,18,10
2014,14,16,18
2015,14,18,10
2016,14,18,10
2017,14,16,18
2018,14,16,18
2019,14,18,10
2020,14,18,10
2021,14,16,18
2022,14,18,10
2023,14,16,18
2024,14,16,18
2025,14,18,10
2026,14,6,17
2027,14,16,18
2028,19,13,9
2029,19,18,10
2030,19,18,10
2031,19,17,6
2032,19,16,18
2033,19,6,17
2034,19,16,18
2035,19,0,4
2036,19,18,10
2037,19,13,9
2038,19,18,10
2039,19,18,10
2040,19,6,17
2041,19,18,10
2042,19,18,10
2043,19,16,18
2044,19,18,10
2045,19,16,18
2046,19,16,18
2047,19,11,2
2048,19,18,10
2049,19,18,10
2050,19,11,2
2051,19,18,10
2052,19,0,4
2053,19,16,18
2054,19,16,18
2055,19,18,10
2056,19,16,18
2057,19,16,18
2058,19,18,10
2059,19,16,18
2060,19,18,10
2061,19,18,10
2062,19,16,18
2063,19,18,10
2064,19,18,10
2065,19,16,18
2066,19,18,10
2067,19,17,6
2068,19,18,10
2069,19,18,10
2070,19,18,10
2071,19,18,10
2072,19,18,10
2073,19,18,10
2074,19,16,18
2075,19,18,10
2076,19,18,10
2077,19,18,10
2078,19,18,10
2079,19,17,6
2080,19,18,10
2081,19,18,10
2082,19,16,18
2083,19,6,17
2084,19,6,17
2085,19,16,18
2086,19,18,10
2087,19,16,18
2088,19,16,18
2089,19,18,10
2090,19,18,10
2091,19,18,10
2092,19,18,10
2093,19,18,10
2094,19,18,10
2095,19,18,10
2096,19,16,18
2097,19,17,6
2098,19,18,10
2099,19,18,10
2100,19,18,10
2101,19,18,10
2102,19,18,10
2103,19,18,10
2104,19,13,9
2105,19,18,10
2106,19,16,18
2107,19,18,10
2108,19,16,18
2109,19,18,10
2110,19,18,10
2111,19,6,17
2112,19,16,18
2113,19,18,10
2114,19,16,18
2115,19,6,17
2116,19,18,10
2117,19,18,10
2118,19,18,10
2119,19,16,18
2120,19,18,10
2121,19,18,10
2122,19,16,18
2123,19,16,18
2124,19,18,10
2125,19,18,10
2126,19,18,10
2127,19,16,18
2128,19,17,6
2129,19,0,4
2130,19,16,18
2131,19,18,10
2132,19,17,6
2133,19,18,10
2134,19,18,10
2135,19,16,18
2136,19,18,10
2137,19,17,6
2138,19,18,10
2139,19,18,10
2140,19,18,10
2141,19,16,18
2142,19,5,7
2143,19,18,10
2144,19,13,9
2145,19,13,9
2146,19,17,6
2147,19,18,10
2148,19,18,10
2149,19,18,10
2150,19,18,10
2151,19,16,18
2152,19,0,4
2153,19,18,10
2154,19,18,10
2155,19,12,5
2156,19,16,18
2157,19,16,18
2158,19,18,10
2159,19,18,10
2160,19,16,18
2161,19,16,18
2162,19,18,10
2163,19,18,10
2164,19,18,10
2165,19,18,10
2166,19,18,10
2167,19,18,10
2168,19,18,10
2169,19,16,18
2170,19,18,10
2171,19,18,10
2172,19,18,10
2173,19,18,10
2174,19,18,10
2175,19,16,18
2176,19,6,17
2177,19,5,7
2178,19,18,10
2179,19,18,10
2180,19,18,10
2181,19,18,10
2182,19,16,18
2183,19,18,10
2184,19,18,10
2185,19,18,10
2186,19,13,9
2187,19,0,4
2188,19,13,9
2189,19,18,10
2190,19,18,10
2191,19,6,17
2192,19,18,10
2193,19,5,7
2194,19,18,10
2195,19,18,10
2196,19,18,10
2197,19,18,10
2198,19,16,18
2199,19,16,18
2200,2,18,10
2201,2,11,2
2202,2,6,17
2203,2,6,17
2204,2,16,18
2205,2,18,10
2206,2,18,10
2207,2,18,10
2208,2,18,10
2209,2,1,1
2210,2,18,10
2211,2,18,10
2212,2,18,10
2213,2,18,10
2214,2,13,9
2215,2,16,18
2216,2,18,10
2217,2,18,10
2218,2,18,10
2219,2,17,6
2220,2,18,10
2221,2,16,18
2222,2,18,10
2223,2,18,10
2224,2,18,10
2225,2,18,10
2226,2,18,10
2227,2,18,10
2228,2,16,18
2229,2,13,9
2230,2,18,10
2231,2,18,10
2232,2,18,10
2233,2,17,6
2234,2,13,9
2235,2,18,10
2236,2,6,17
2237,2,16,18
2238,2,18,10
2239,2,18,10
2240,2,16,18
2241,2,16,18
2242,2,18,10
2243,2,18,10
2244,2,18,10
2245,2,0,4
2246,2,18,10
2247,2,13,9
2248,2,16,18
2249,2,18,10
2250,2,16,18
2251,2,18,10
2252,2,18,10
2253,2,16,18
2254,2,16,18
2255,2,18,10
2256,2,16,18
2257,2,18,10
2258,2,18,10
2259,2,16,18
2260,2,18,10
2261,2,18,10
2262,2,18,10
2263,2,17,6
2264,2,16,18
2265,2,16,18
2266,2,16,18
2267,2,6,17
2268,2,18,10
2269,2,18,10
2270,2,18,10
2271,2,13,9
2272,2,16,18
2273,2,16,18
2274,2,18,10
2275,2,18,10
2276,2,18,10
2277,2,5,7
2278,2,18,10
2279,2,18,10
2280,2,16,18
2281,2,18,10
2282,2,18,10
2283,2,18,10
2284,2,16,18
2285,2,6,17
2286,2,18,10
2287,2,13,9
2288,2,17,6
2289,2,18,10
2290,2,16,18
2291,2,16,18
2292,2,18,10
2293,2,18,10
2294,2,18,10
2295,2,18,10
2296,2,18,10
2297,2,18,10
2298,2,18,10
2299,2,18,10
2300,2,16,18
2301,2,18,10
2302,2,18,10
2303,2,18,10
2304,2,18,10
2305,2,16,18
2306,2,6,17
2307,2,16,18
2308,2,0,4
2309,2,18,10
2310,2,5,7
2311,2,18,10
2312,2,16,18
2313,2,18,10
2314,2,18,10
2315,2,18,10
2316,2,18,10
2317,2,11,2
2318,2,18,10
2319,2,18,10
2320,2,18,10
2321,2,16,18
2322,2,13,9
2323,2,16,18
2324,2,18,10
2325,2,18,10
2326,2,18,10
2327,2,13,9
2328,2,18,10
2329,2,18,10
2330,2,18,10
2331,2,18,10
2332,2,16,18
2333,2,18,10
2334,2,16,18
2335,2,18,10
2336,2,16,18
2337,2,16,18
2338,2,6,17
2339,2,13,9
2340,2,0,4
2341,2,18,10
2342,2,18,10
2343,2,16,18
2344,2,18,10
2345,2,18,10
2346,2,18,10
2347,2,16,18
2348,2,16,18
2349,2,16,18
2350,2,18,10
2351,2,18,10
2352,2,18,10
2353,2,13,9
2354,2,16,18
2355,2,18,10
2356,2,18,10
2357,2,16,18
2358,2,16,18
2359,2,18,10
2360,2,16,18
2361,2,18,10
2362,2,18,10
2363,2,18,10
2364,2,18,10
2365,2,13,9
2366,2,17,6
2367,2,16,18
2368,2,11,2
2369,2,16,18
2370,2,0,4
2371,2,18,10
2372,2,18,10
2373,2,18,10
2374,2,13,9
2375,2,16,18
2376,2,18,10
2377,2,18,10
2378,2,16,18
2379,2,18,10
2380,2,18,10
2381,2,18,10
2382,2,18,10
2383,2,16,18
2384,2,18,10
2385,2,18,10
2386,2,16,18
2387,2,18,10
2388,2,6,17
2389,2,11,2
2390,2,16,18
2391,2,16,18
2392,2,18,10
2393,2,18,10
2394,2,5,7
2395,2,18,10
2396,2,16,18
2397,2,18,10
2398,2,15,11
2399,2,18,10
2400,2,18,10
2401,2,0,4
2402,2,18,10
2403,2,18,10
2404,2,16,18
2405,2,0,4
2406,2,16,18
2407,2,18,10
2408,2,16,18
2409,2,18,10
2410,2,13,9
2411,2,16,18
2412,2,18,10
2413,2,0,4
2414,2,18,10
2415,2,16,18
2416,2,16,18
2417,2,18,10
2418,2,0,4
2419,2,18,10
2420,2,18,10
2421,2,0,4
2422,2,14,12
2423,2,17,6
2424,2,18,10
2425,2,6,17
2426,2,16,18
2427,2,16,18
2428,2,18,10
2429,2,18,10
2430,2,18,10
2431,2,18,10
2432,2,18,10
2433,2,0,4
2434,2,0,4
2435,2,18,10
2436,2,18,10
2437,2,16,18
2438,2,16,18
2439,2,18,10
2440,2,18,10
2441,2,18,10
2442,2,18,10
2443,2,16,18
2444,2,18,10
2445,2,18,10
2446,2,16,18
2447,2,18,10
2448,2,18,10
2449,2,13,9
2450,2,18,10
2451,2,18,10
2452,2,17,6
2453,2,18,10
2454,2,6,17
2455,2,16,18
2456,2,16,18
2457,2,17,6
2458,2,18,10
2459,2,16,18
2460,2,18,10
2461,2,18,10
2462,2,16,18
2463,2,16,18
2464,2,18,10
2465,2,16,18
2466,2,18,10
2467,2,16,18
2468,2,18,10
2469,2,5,7
2470,2,18,10
2471,2,18,10
2472,2,18,10
2473,2,16,18
2474,2,16,18
2475,2,18,10
2476,2,16,18
2477,2,16,18
2478,2,18,10
2479,2,0,4
2480,2,16,18
2481,2,16,18
2482,2,16,18
2483,2,16,18
2484,2,5,7
2485,2,16,18
2486,2,16,18
2487,2,18,10
2488,2,17,6
2489,2,18,10
2490,2,16,18
2491,2,13,9
2492,2,16,18
2493,2,18,10
2494,2,16,18
2495,2,11,2
2496,2,16,18
2497,2,16,18
2498,2,18,10
2499,2,18,10
2500,2,18,10
2501,2,18,10
2502,2,18,10
2503,2,16,18
2504,2,18,10
2505,2,16,18
2506,2,0,4
2507,2,16,18
2508,2,18,10
2509,2,18,10
2510,2,16,18
2511,2,5,7
2512,2,18,10
2513,2,18,10
2514,2,16,18
2515,2,0,4
2516,2,18,10
2517,2,5,7
2518,2,13,9
2519,2,13,9
2520,2,18,10
2521,2,18,10
2522,2,18,10
2523,2,18,10
2524,2,16,18
2525,2,18,10
2526,2,16,18
2527,2,18,10
2528,2,9,8
2529,2,18,10
2530,2,18,10
2531,2,16,18
2532,2,18,10
2533,2,18,10
2534,2,6,17
2535,2,18,10
2536,2,16,18
2537,2,18,10
2538,2,11,2
2539,2,18,10
2540,2,0,4
2541,2,18,10
2542,2,18,10
2543,2,18,10
2544,2,13,9
2545,2,0,4
2546,2,11,2
2547,2,16,18
2548,2,18,10
2549,2,18,10
2550,2,18,10
2551,2,18,10
2552,2,18,10
2553,2,18,10
2554,2,18,10
2555,2,18,10
2556,2,18,10
2557,2,11,2
2558,2,16,18
2559,2,18,10
2560,2,18,10
2561,2,18,10
2562,2,16,18
2563,2,18,10
2564,2,18,10
2565,2,16,18
2566,2,18,10
2567,2,18,10
2568,2,18,10
2569,2,18,10
2570,2,17,6
2571,2,18,10
2572,2,18,10
2573,2,18,10
2574,2,16,18
2575,2,18,10
2576,2,16,18
2577,2,18,10
2578,2,16,18
2579,2,18,10
2580,2,18,10
2581,2,18,10
2582,2,16,18
2583,2,18,10
2584,2,18,10
2585,2,18,10
2586,2,17,6
2587,2,18,10
2588,2,18,10
2589,2,18,10
2590,2,6,17
2591,2,18,10
2592,2,16,18
2593,2,18,10
2594,2,18,10
2595,2,18,10
2596,2,18,10
2597,2,16,18
2598,2,18,10
2599,2,13,9
2600,2,18,10
2601,2,16,18
2602,2,18,10
2603,2,18,10
2604,2,16,18
2605,2,16,18
2606,2,18,10
2607,2,18,10
2608,2,18,10
2609,2,18,10
2610,2,18,10
2611,2,0,4
2612,2,16,18
2613,2,18,10
2614,2,18,10
2615,2,6,17
2616,2,18,10
2617,2,18,10
2618,2,18,10
2619,2,18,10
2620,2,18,10
2621,2,18,10
2622,2,17,6
2623,2,18,10
2624,2,18,10
2625,2,18,10
2626,2,18,10
2627,2,18,10
2628,2,18,10
2629,2,18,10
2630,2,18,10
2631,2,16,18
2632,2,18,10
2633,2,18,10
2634,2,18,10
2635,2,18,10
2636,2,6,17
2637,2,18,10
2638,2,16,18
2639,2,18,10
2640,2,18,10
2641,2,18,10
2642,2,18,10
2643,2,18,10
2644,2,18,10
2645,2,13,9
2646,2,18,10
2647,2,11,2
2648,2,18,10
2649,2,18,10
2650,2,18,10
2651,2,5,7
2652,2,11,2
2653,2,18,10
2654,2,18,10
2655,2,18,10
2656,2,18,10
2657,2,18,10
2658,2,18,10
2659,2,18,10
2660,2,18,10
2661,2,18,10
2662,2,18,10
2663,2,18,10
2664,2,18,10
2665,2,18,10
2666,2,16,18
2667,0,18,10
2668,0,18,10
2669,0,18,10
2670,0,16,18
2671,0,18,10
2672,0,18,10
2673,0,18,10
2674,0,18,10
2675,0,18,10
2676,0,18,10
2677,0,18,10
2678,0,18,10
2679,0,18,10
2680,0,18,10
2681,0,16,18
2682,0,4,0
2683,0,18,10
2684,0,16,18
2685,0,18,10
2686,0,18,10
2687,0,18,10
2688,0,18,10
2689,0,16,18
2690,0,18,10
2691,0,18,10
2692,0,18,10
2693,0,18,10
2694,0,16,18
2695,0,18,10
2696,0,1,1
2697,0,17,6
2698,0,18,10
2699,0,18,10
2700,0,18,10
2701,0,18,10
2702,0,18,10
2703,0,18,10
2704,0,18,10
2705,0,18,10
2706,0,16,18
2707,0,18,10
2708,0,18,10
2709,0,18,10
2710,0,6,17
2711,0,18,10
2712,0,18,10
2713,0,18,10
2714,0,18,10
2715,0,16,18
2716,0,18,10
2717,0,18,10
2718,0,11,2
2719,0,18,10
2720,0,16,18
2721,0,18,10
2722,0,16,18
2723,0,18,10
2724,0,18,10
2725,0,0,4
2726,0,18,10
2727,0,18,10
2728,0,16,18
2729,0,18,10
2730,0,18,10
2731,0,18,10
2732,0,18,10
2733,0,18,10
2734,0,18,10
2735,0,18,10
2736,0,18,10
2737,0,18,10
2738,0,18,10
2739,0,18,10
2740,0,17,6
2741,0,18,10
2742,0,18,10
2743,0,16,18
2744,0,13,9
2745,0,18,10
2746,0,18,10
2747,0,18,10
2748,0,18,10
2749,0,18,10
2750,0,18,10
2751,0,16,18
2752,0,16,18
2753,0,18,10
2754,0,18,10
2755,0,18,10
2756,0,18,10
2757,0,16,18
2758,0,18,10
2759,0,18,10
2760,0,18,10
2761,0,18,10
2762,0,16,18
2763,0,16,18
2764,0,16,18
2765,0,18,10
2766,17,18,10
2767,17,16,18
2768,17,18,10
2769,17,18,10
2770,17,16,18
2771,17,18,10
2772,17,17,6
2773,17,16,18
2774,17,18,10
2775,17,18,10
2776,17,16,18
2777,17,16,18
2778,17,18,10
2779,17,18,10
2780,17,13,9
2781,17,18,10
2782,17,18,10
2783,17,18,10
2784,17,18,10
2785,17,16,18
2786,17,18,10
2787,17,18,10
2788,17,18,10
2789,17,18,10
2790,17,18,10
2791,17,18,10
2792,17,18,10
2793,17,18,10
2794,17,18,10
2795,17,18,10
2796,17,18,10
2797,17,18,10
2798,17,18,10
2799,17,17,6
2800,17,18,10
2801,17,18,10
2802,17,18,10
2803,17,18,10
2804,17,18,10
2805,17,18,10
2806,17,16,18
2807,17,18,10
2808,17,17,6
2809,17,18,10
2810,17,17,6
2811,17,18,10
2812,17,18,10
2813,17,18,10
2814,17,18,10
2815,17,18,10
2816,17,18,10
2817,17,18,10
2818,17,18,10
2819,17,18,10
2820,17,18,10
2821,17,18,10
2822,17,18,10
2823,17,18,10
2824,17,18,10
2825,17,18,10
2826,17,18,10
2827,17,18,10
2828,17,18,10
2829,17,18,10
2830,17,18,10
2831,17,18,10
2832,17,18,10
2833,17,18,10
2834,17,18,10
2835,17,18,10
2836,17,16,18
2837,17,5,7
2838,17,18,10
2839,17,18,10
2840,17,18,10
2841,17,18,10
2842,17,18,10
2843,17,18,10
2844,17,18,10
2845,17,18,10
2846,17,18,10
2847,17,18,10
2848,17,16,18
2849,17,18,10
2850,17,16,18
2851,17,18,10
2852,17,18,10
2853,17,18,10
2854,17,17,6
2855,17,18,10
2856,17,18,10
2857,17,18,10
2858,17,18,10
2859,17,18,10
2860,17,18,10
2861,17,18,10
2862,17,18,10
2863,17,6,17
2864,17,18,10
2865,17,18,10
2866,17,18,10
2867,17,18,10
2868,17,18,10
2869,17,16,18
2870,17,18,10
2871,17,18,10
2872,17,18,10
2873,17,18,10
2874,17,18,10
2875,17,18,10
2876,17,18,10
2877,17,18,10
2878,17,16,18
2879,17,18,10
2880,17,18,10
2881,17,0,4
2882,17,18,10
2883,17,18,10
2884,17,18,10
2885,17,16,18
2886,17,18,10
2887,17,16,18
2888,17,18,10
2889,17,18,10
2890,17,16,18
2891,17,16,18
2892,17,18,10
2893,17,18,10
2894,17,18,10
2895,17,16,18
2896,17,16,18
2897,17,18,10
2898,17,18,10
2899,17,18,10
2900,17,11,2
2901,17,18,10
2902,17,18,10
2903,17,16,18
2904,17,0,4
2905,17,18,10
2906,17,16,18
2907,17,18,10
2908,17,18,10
2909,17,18,10
2910,17,18,10
2911,17,18,10
2912,17,16,18
2913,17,18,10
2914,17,18,10
2915,17,0,4
2916,17,5,7
2917,17,18,10
2918,17,18,10
2919,17,0,4
2920,17,16,18
2921,17,16,18
2922,17,18,10
2923,17,18,10
2924,17,18,10
2925,17,18,10
2926,17,18,10
2927,17,16,18
2928,17,11,2
2929,17,0,4
2930,17,18,10
2931,17,18,10
2932,17,16,18
2933,17,18,10
2934,17,18,10
2935,17,18,10
2936,17,18,10
2937,17,18,10
2938,17,16,18
2939,17,18,10
2940,17,18,10
2941,17,18,10
2942,17,16,18
2943,17,18,10
2944,17,18,10
2945,17,16,18
2946,17,18,10
2947,17,18,10
2948,17,18,10
2949,17,18,10
2950,17,18,10
2951,17,18,10
2952,17,18,10
2953,17,16,18
2954,17,18,10
2955,17,18,10
2956,17,18,10
2957,17,18,10
2958,17,18,10
2959,17,18,10
2960,17,18,10
2961,17,18,10
2962,17,18,10
2963,17,18,10
2964,17,18,10
2965,17,18,10
2966,17,18,10
2967,17,18,10
2968,17,18,10
2969,17,18,10
2970,17,18,10
2971,17,18,10
2972,17,18,10
2973,17,16,18
2974,17,17,6
2975,17,18,10
2976,17,16,18
2977,17,16,18
2978,17,18,10
2979,17,18,10
2980,17,18,10
2981,17,16,18
2982,17,18,10
2983,17,18,10
2984,17,18,10
2985,17,18,10
2986,17,18,10
2987,17,18,10
2988,17,18,10
2989,17,18,10
2990,17,18,10
2991,17,18,10
2992,17,18,10
2993,17,18,10
2994,17,11,2
2995,17,18,10
2996,17,6,17
2997,17,18,10
2998,17,18,10
2999,17,18,10
3000,17,18,10
3001,17,18,10
3002,17,16,18
3003,17,18,10
3004,17,18,10
3005,17,16,18
3006,17,18,10
3007,17,18,10
3008,17,18,10
3009,17,18,10
3010,17,18,10
3011,17,11,2
3012,17,16,18
3013,17,16,18
3014,17,18,10
3015,17,18,10
3016,17,18,10
3017,17,18,10
3018,17,18,10
3019,17,17,6
3020,17,16,18
3021,17,18,10
3022,17,16,18
3023,17,18,10
3024,17,18,10
3025,17,18,10
3026,17,18,10
3027,17,18,10
3028,17,18,10
3029,17,18,10
3030,17,16,18
3031,17,18,10
3032,17,18,10
3033,17,18,10
3034,17,18,10
3035,17,18,10
3036,17,18,10
3037,17,18,10
3038,17,18,10
3039,17,18,10
3040,17,18,10
3041,17,18,10
3042,17,18,10
3043,17,18,10
3044,17,11,2
3045,17,18,10
3046,17,6,17
3047,17,17,6
3048,17,16,18
3049,17,16,18
3050,17,18,10
3051,17,18,10
3052,17,16,18
3053,17,18,10
3054,17,18,10
3055,17,18,10
3056,17,16,18
3057,17,18,10
3058,17,18,10
3059,17,18,10
3060,17,18,10
3061,17,18,10
3062,17,18,10
3063,17,18,10
3064,17,16,18
3065,17,18,10
3066,17,18,10
3067,17,16,18
3068,17,18,10
3069,17,18,10
3070,17,16,18
3071,17,18,10
3072,17,18,10
3073,17,16,18
3074,17,18,10
3075,17,18,10
3076,17,18,10
3077,17,18,10
3078,17,16,18
3079,17,18,10
3080,17,16,18
3081,17,18,10
3082,17,18,10
3083,17,18,10
3084,17,18,10
3085,17,18,10
3086,17,18,10
3087,17,18,10
3088,17,18,10
3089,17,18,10
3090,17,18,10
3091,17,18,10
3092,17,18,10
3093,17,18,10
3094,17,16,18
3095,17,18,10
3096,17,18,10
3097,17,18,10
3098,17,16,18
3099,17,18,10
3100,17,16,18
3101,17,18,10
3102,17,18,10
3103,17,18,10
3104,17,16,18
3105,17,18,10
3106,17,18,10
3107,17,17,6
3108,17,18,10
3109,17,18,10
3110,17,18,10
3111,17,18,10
3112,17,16,18
3113,17,18,10
3114,17,18,10
3115,17,18,10
3116,17,17,6
3117,17,18,10
3118,17,18,10
3119,17,18,10
3120,17,18,10
3121,17,18,10
3122,17,10,14
3123,17,18,10
3124,17,18,10
3125,17,16,18
3126,17,16,18
3127,17,6,17
3128,17,18,10
3129,17,16,18
3130,17,18,10
3131,17,18,10
3132,17,18,10
3133,17,18,10
3134,17,16,18
3135,17,18,10
3136,17,18,10
3137,17,13,9
3138,17,18,10
3139,17,18,10
3140,17,18,10
3141,17,18,10
3142,17,18,10
3143,17,18,10
3144,17,18,10
3145,17,16,18
3146,17,18,10
3147,17,18,10
3148,17,18,10
3149,17,18,10
3150,17,0,4
3151,17,18,10
3152,17,18,10
3153,17,16,18
3154,17,18,10
3155,17,18,10
3156,17,18,10
3157,17,16,18
3158,17,18,10
3159,17,18,10
3160,17,18,10
3161,17,18,10
3162,17,18,10
3163,17,18,10
3164,17,18,10
3165,17,16,18
3166,17,18,10
3167,17,18,10
3168,17,18,10
3169,17,18,10
3170,17,18,10
3171,17,18,10
3172,17,18,10
3173,17,18,10
3174,17,18,10
3175,17,16,18
3176,17,18,10
3177,17,18,10
3178,17,18,10
3179,17,18,10
3180,17,18,10
3181,17,18,10
3182,17,18,10
3183,17,18,10
3184,17,6,17
3185,17,18,10
3186,17,16,18
3187,17,18,10
3188,17,18,10
3189,17,6,17
3190,17,18,10
3191,17,18,10
3192,17,18,10
3193,17,16,18
3194,17,18,10
3195,17,18,10
3196,17,18,10
3197,17,18,10
3198,17,16,18
3199,17,18,10
3200,17,17,6
3201,17,18,10
3202,17,18,10
3203,17,6,17
3204,17,18,10
3205,17,18,10
3206,17,18,10
3207,17,18,10
3208,17,18,10
3209,17,16,18
3210,17,18,10
3211,17,18,10
3212,17,18,10
3213,17,18,10
3214,17,18,10
3215,17,18,10
3216,17,16,18
3217,17,18,10
3218,17,18,10
3219,17,18,10
3220,17,18,10
3221,17,18,10
3222,17,16,18
3223,17,18,10
3224,17,16,18
3225,17,18,10
3226,17,18,10
3227,17,18,10
3228,17,16,18
3229,17,18,10
3230,17,18,10
3231,17,18,10
3232,17,18,10
3233,17,18,10
3234,17,18,10
3235,17,18,10
3236,17,18,10
3237,17,18,10
3238,17,18,10
3239,17,16,18
3240,17,18,10
3241,17,18,10
3242,17,18,10
3243,17,6,17
3244,17,18,10
3245,17,18,10
3246,17,18,10
3247,17,18,10
3248,17,18,10
3249,17,18,10
3250,17,18,10
3251,17,18,10
3252,17,18,10
3253,17,18,10
3254,17,18,10
3255,17,18,10
3256,17,18,10
3257,17,18,10
3258,17,18,10
3259,17,16,18
3260,17,18,10
3261,17,5,7
3262,17,18,10
3263,17,18,10
3264,17,18,10
3265,17,18,10
3266,17,18,10
3267,17,18,10
3268,17,17,6
3269,17,16,18
3270,17,18,10
3271,17,18,10
3272,17,16,18
3273,17,18,10
3274,17,18,10
3275,17,18,10
3276,17,18,10
3277,17,18,10
3278,17,18,10
3279,17,18,10
3280,17,18,10
3281,17,6,17
3282,17,18,10
3283,17,18,10
3284,17,18,10
3285,17,18,10
3286,17,16,18
3287,17,18,10
3288,17,18,10
3289,17,18,10
3290,17,11,2
3291,17,18,10
3292,17,18,10
3293,17,18,10
3294,17,16,18
3295,17,16,18
3296,17,18,10
3297,17,18,10
3298,17,18,10
3299,17,18,10
3300,17,18,10
3301,17,18,10
3302,17,18,10
3303,17,18,10
3304,17,18,10
3305,17,16,18
3306,17,5,7
3307,17,18,10
3308,17,18,10
3309,17,18,10
3310,17,18,10
3311,17,18,10
3312,17,18,10
3313,17,6,17
3314,17,16,18
3315,17,18,10
3316,17,18,10
3317,17,18,10
3318,17,16,18
3319,17,18,10
3320,17,18,10
3321,17,18,10
3322,17,17,6
3323,17,18,10
3324,17,6,17
3325,17,18,10
3326,17,11,2
3327,17,18,10
3328,17,18,10
3329,17,18,10
3330,17,18,10
3331,17,18,10
3332,17,16,18
3333,17,18,10
3334,17,17,6
3335,17,16,18
3336,17,18,10
3337,17,0,4
3338,17,18,10
3339,17,16,18
3340,17,18,10
3341,17,18,10
3342,17,18,10
3343,17,18,10
3344,17,16,18
3345,17,16,18
3346,17,18,10
3347,17,18,10
3348,17,18,10
3349,17,0,4
3350,17,18,10
3351,17,18,10
3352,17,16,18
3353,17,13,9
3354,17,18,10
3355,17,18,10
3356,17,16,18
3357,17,18,10
3358,17,18,10
3359,17,18,10
3360,17,18,10
3361,17,18,10
3362,17,18,10
3363,17,18,10
3364,17,16,18
3365,17,18,10
3366,17,18,10
3367,17,11,2
3368,17,18,10
3369,17,16,18
3370,17,16,18
3371,17,18,10
3372,17,16,18
3373,17,18,10
3374,17,18,10
3375,17,18,10
3376,17,18,10
3377,17,18,10
3378,17,18,10
3379,17,18,10
3380,17,16,18
3381,17,18,10
3382,17,18,10
3383,17,18,10
3384,17,18,10
3385,17,16,18
3386,17,18,10
3387,17,18,10
3388,17,18,10
3389,17,18,10
3390,17,18,10
3391,17,16,18
3392,17,18,10
3393,17,18,10
3394,17,18,10
3395,17,18,10
3396,17,16,18
3397,17,18,10
3398,17,18,10
3399,17,18,10
3400,17,17,6
3401,17,18,10
3402,17,18,10
3403,17,18,10
3404,17,18,10
3405,17,14,12
3406,17,18,10
3407,17,18,10
3408,17,18,10
3409,17,17,6
3410,17,18,10
3411,17,18,10
3412,17,18,10
3413,17,18,10
3414,17,18,10
3415,17,18,10
3416,17,18,10
3417,17,18,10
3418,17,18,10
3419,17,18,10
3420,17,18,10
3421,17,18,10
3422,17,18,10
3423,17,18,10
3424,17,17,6
3425,17,18,10
3426,17,18,10
3427,17,16,18
3428,17,18,10
3429,17,18,10
3430,17,18,10
3431,17,16,18
3432,17,18,10
3433,17,18,10
3434,17,6,17
3435,17,18,10
3436,17,18,10
3437,17,18,10
3438,17,16,18
3439,17,18,10
3440,17,16,18
3441,17,18,10
3442,17,18,10
3443,17,18,10
3444,17,18,10
3445,17,16,18
3446,17,18,10
3447,17,16,18
3448,17,18,10
3449,17,16,18
3450,17,18,10
3451,17,18,10
3452,17,18,10
3453,17,18,10
3454,17,18,10
3455,17,18,10
3456,17,16,18
3457,17,18,10
3458,17,18,10
3459,17,18,10
3460,17,18,10
3461,17,18,10
3462,17,18,10
3463,17,18,10
3464,17,18,10
3465,17,18,10
3466,17,18,10
3467,17,18,10
3468,17,0,4
3469,17,18,10
3470,17,18,10
3471,17,18,10
3472,17,18,10
3473,17,17,6
3474,17,16,18
3475,17,0,4
3476,17,13,9
3477,17,17,6
3478,17,18,10
3479,17,18,10
3480,17,18,10
3481,17,16,18
3482,17,18,10
3483,17,18,10
3484,17,18,10
3485,17,9,8
3486,17,18,10
3487,17,16,18
3488,17,18,10
3489,17,18,10
3490,17,18,10
3491,17,18,10
3492,17,18,10
3493,17,18,10
3494,17,18,10
3495,17,18,10
3496,17,18,10
3497,17,18,10
3498,17,18,10
3499,17,18,10
3500,17,18,10
3501,17,18,10
3502,17,6,17
3503,17,18,10
3504,17,18,10
3505,17,18,10
3506,17,18,10
3507,17,16,18
3508,17,18,10
3509,17,16,18
3510,17,18,10
3511,17,18,10
3512,17,18,10
3513,17,18,10
3514,17,18,10
3515,17,18,10
3516,17,18,10
3517,17,18,10
3518,17,18,10
3519,17,16,18
3520,17,18,10
3521,17,16,18
3522,17,18,10
3523,17,0,4
3524,17,18,10
3525,17,18,10
3526,17,18,10
3527,17,18,10
3528,17,18,10
3529,17,16,18
3530,17,16,18
3531,17,18,10
3532,17,16,18
3533,17,18,10
3534,17,18,10
3535,17,16,18
3536,17,16,18
3537,17,18,10
3538,17,18,10
3539,17,18,10
3540,17,18,10
3541,17,18,10
3542,17,16,18
3543,17,18,10
3544,17,13,9
3545,17,18,10
3546,17,6,17
3547,17,18,10
3548,17,18,10
3549,17,18,10
3550,17,18,10
3551,17,6,17
3552,17,13,9
3553,17,16,18
3554,17,18,10
3555,17,16,18
3556,17,18,10
3557,17,18,10
3558,17,16,18
3559,17,18,10
3560,17,18,10
3561,17,18,10
3562,17,18,10
3563,17,18,10
3564,17,18,10
3565,17,18,10
3566,17,16,18
3567,17,18,10
3568,17,5,7
3569,17,18,10
3570,17,18,10
3571,17,18,10
3572,17,18,10
3573,17,18,10
3574,17,18,10
3575,17,18,10
3576,17,18,10
3577,17,13,9
3578,17,18,10
3579,17,16,18
3580,17,18,10
3581,17,16,18
3582,17,18,10
3583,17,18,10
3584,17,16,18
3585,17,18,10
3586,17,18,10
3587,17,18,10
3588,17,18,10
3589,17,16,18
3590,17,18,10
3591,17,18,10
3592,17,18,10
3593,17,18,10
3594,17,18,10
3595,17,18,10
3596,17,18,10
3597,17,18,10
3598,17,18,10
3599,17,18,10
3600,17,18,10
3601,17,16,18
3602,17,18,10
3603,17,16,18
3604,17,18,10
3605,17,18,10
3606,17,16,18
3607,17,18,10
3608,17,18,10
3609,17,18,10
3610,17,18,10
3611,17,18,10
3612,17,8,3
3613,17,16,18
3614,17,18,10
3615,17,18,10
3616,17,16,18
3617,17,18,10
3618,17,18,10
3619,17,18,10
3620,17,18,10
3621,17,18,10
3622,17,18,10
3623,17,16,18
3624,17,18,10
3625,17,18,10
3626,17,18,10
3627,17,18,10
3628,17,18,10
3629,17,18,10
3630,17,16,18
3631,17,16,18
3632,17,18,10
3633,17,18,10
3634,17,18,10
3635,17,16,18
3636,17,18,10
3637,17,16,18
3638,17,18,10
3639,17,18,10
3640,17,18,10
3641,17,18,10
3642,17,18,10
3643,17,16,18
3644,17,18,10
3645,17,16,18
3646,17,16,18
3647,17,16,18
3648,17,14,12
3649,17,16,18
3650,17,18,10
3651,17,18,10
3652,17,18,10
3653,17,16,18
3654,17,18,10
3655,17,18,10
3656,17,18,10
3657,17,18,10
3658,17,18,10
3659,17,18,10
3660,17,0,4
3661,17,18,10
3662,17,17,6
3663,17,18,10
3664,17,16,18
3665,17,18,10
3666,17,18,10
3667,17,18,10
3668,17,16,18
3669,17,18,10
3670,17,18,10
3671,17,18,10
3672,17,16,18
3673,17,18,10
3674,17,18,10
3675,17,18,10
3676,17,18,10
3677,17,18,10
3678,17,16,18
3679,17,18,10
3680,17,18,10
3681,17,18,10
3682,17,13,9
3683,17,18,10
3684,17,16,18
3685,17,18,10
3686,17,18,10
3687,17,18,10
3688,17,16,18
3689,17,18,10
3690,17,18,10
3691,17,18,10
3692,17,0,4
3693,17,18,10
3694,17,18,10
3695,17,18,10
3696,17,18,10
3697,17,18,10
3698,17,18,10
3699,17,18,10
3700,17,18,10
3701,17,18,10
3702,17,18,10
3703,17,16,18
3704,17,18,10
3705,17,18,10
3706,17,18,10
3707,17,16,18
3708,17,18,10
3709,17,18,10
3710,17,18,10
3711,17,6,17
3712,17,16,18
3713,17,16,18
3714,17,18,10
3715,17,18,10
3716,17,18,10
3717,17,18,10
3718,17,18,10
3719,17,18,10
3720,17,18,10
3721,17,18,10
3722,17,16,18
3723,17,18,10
3724,17,13,9
3725,17,18,10
3726,17,18,10
3727,17,18,10
3728,17,18,10
3729,17,18,10
3730,17,18,10
3731,17,18,10
3732,17,18,10
3733,17,16,18
3734,17,6,17
3735,17,18,10
3736,17,18,10
3737,17,18,10
3738,17,16,18
3739,17,16,18
3740,17,18,10
3741,17,13,9
3742,17,18,10
3743,17,13,9
3744,17,18,10
3745,17,18,10
3746,17,18,10
3747,17,18,10
3748,17,13,9
3749,17,18,10
3750,17,18,10
3751,17,18,10
3752,17,18,10
3753,17,18,10
3754,17,18,10
3755,17,18,10
3756,17,16,18
3757,17,18,10
3758,17,18,10
3759,17,18,10
3760,17,16,18
3761,17,6,17
3762,17,13,9
3763,17,18,10
3764,17,18,10
3765,17,18,10
3766,17,18,10
3767,17,18,10
3768,17,18,10
3769,17,18,10
3770,17,18,10
3771,17,18,10
3772,17,18,10
3773,17,18,10
3774,17,18,10
3775,17,18,10
3776,17,16,18
3777,17,16,18
3778,17,16,18
3779,17,18,10
3780,17,6,17
3781,17,16,18
3782,17,17,6
3783,17,18,10
3784,17,18,10
3785,17,18,10
3786,17,11,2
3787,17,18,10
3788,17,18,10
3789,17,18,10
3790,17,18,10
3791,17,16,18
3792,17,18,10
3793,17,18,10
3794,17,18,10
3795,17,18,10
3796,17,18,10
3797,17,18,10
3798,17,18,10
3799,17,18,10
3800,17,12,5
3801,17,18,10
3802,17,18,10
3803,17,16,18
3804,17,18,10
3805,17,16,18
3806,17,18,10
3807,17,6,17
3808,17,18,10
3809,17,18,10
3810,17,18,10
3811,17,16,18
3812,17,18,10
3813,17,18,10
3814,17,18,10
3815,17,18,10
3816,17,18,10
3817,17,18,10
3818,17,18,10
3819,17,18,10
3820,17,18,10
3821,17,18,10
3822,17,18,10
3823,17,16,18
3824,17,18,10
3825,17,18,10
3826,17,18,10
3827,17,17,6
3828,17,16,18
3829,17,18,10
3830,17,18,10
3831,17,18,10
3832,17,18,10
3833,17,6,17
3834,17,18,10
3835,17,18,10
3836,17,18,10
3837,17,0,4
3838,17,18,10
3839,17,18,10
3840,17,18,10
3841,17,11,2
3842,17,18,10
3843,17,16,18
3844,17,18,10
3845,17,18,10
3846,17,18,10
3847,17,18,10
3848,17,18,10
3849,17,16,18
3850,17,18,10
3851,17,18,10
3852,17,18,10
3853,17,16,18
3854,17,18,10
3855,17,18,10
3856,17,18,10
3857,17,18,10
3858,17,18,10
3859,17,18,10
3860,17,16,18
3861,17,18,10
3862,17,5,7
3863,17,18,10
3864,17,18,10
3865,17,18,10
3866,17,18,10
3867,17,18,10
3868,17,18,10
3869,17,17,6
3870,17,18,10
3871,17,18,10
3872,17,16,18
3873,17,18,10
3874,17,18,10
3875,17,18,10
3876,17,18,10
3877,17,18,10
3878,17,18,10
3879,17,16,18
3880,17,18,10
3881,17,16,18
3882,17,17,6
3883,17,18,10
3884,17,18,10
3885,17,18,10
3886,17,18,10
3887,17,18,10
3888,17,18,10
3889,17,18,10
3890,17,16,18
3891,17,18,10
3892,17,18,10
3893,17,18,10
3894,17,18,10
3895,17,16,18
3896,17,18,10
3897,17,18,10
3898,17,16,18
3899,17,18,10
3900,17,18,10
3901,17,18,10
3902,17,18,10
3903,17,16,18
3904,17,18,10
3905,17,18,10
3906,17,18,10
3907,17,18,10
3908,17,18,10
3909,17,18,10
3910,17,13,9
3911,17,18,10
3912,17,18,10
3913,17,11,2
3914,17,18,10
3915,17,18,10
3916,17,16,18
3917,17,18,10
3918,17,18,10
3919,17,18,10
3920,17,18,10
3921,17,18,10
3922,17,16,18
3923,17,18,10
3924,17,16,18
3925,17,18,10
3926,17,18,10
3927,17,16,18
3928,17,16,18
3929,17,18,10
3930,17,18,10
3931,17,18,10
3932,17,6,17
3933,17,18,10
3934,17,18,10
3935,17,18,10
3936,17,18,10
3937,17,18,10
3938,17,16,18
3939,17,18,10
3940,17,18,10
3941,17,18,10
3942,17,18,10
3943,17,18,10
3944,17,18,10
3945,17,18,10
3946,17,16,18
3947,17,18,10
3948,17,18,10
3949,17,18,10
3950,18,18,10
3951,18,18,10
3952,18,18,10
3953,18,18,10
3954,18,18,10
3955,18,17,6
3956,18,18,10
3957,18,16,18
3958,18,18,10
3959,18,18,10
3960,18,18,10
3961,18,11,2
3962,18,18,10
3963,18,18,10
3964,18,18,10
3965,18,18,10
3966,18,18,10
3967,18,18,10
3968,18,18,10
3969,18,18,10
3970,18,18,10
3971,18,18,10
3972,18,18,10
3973,18,18,10
3974,18,16,18
3975,18,16,18
3976,18,18,10
3977,18,18,10
3978,18,18,10
3979,18,18,10
3980,18,18,10
3981,18,18,10
3982,18,18,10
3983,18,18,10
3984,18,18,10
3985,18,18,10
3986,18,18,10
3987,18,18,10
3988,18,18,10
3989,18,18,10
3990,18,13,9
3991,18,18,10
3992,18,18,10
3993,18,18,10
3994,18,16,18
3995,18,16,18
3996,18,18,10
3997,18,17,6
3998,18,18,10
3999,18,18,10
4000,18,18,10
4001,18,18,10
4002,18,18,10
4003,18,10,14
4004,18,18,10
4005,18,18,10
4006,18,16,18
4007,18,16,18
4008,18,18,10
4009,18,18,10
4010,18,18,10
4011,18,18,10
4012,18,18,10
4013,18,18,10
4014,18,13,9
4015,18,6,17
4016,18,18,10
4017,18,18,10
4018,18,18,10
4019,18,18,10
4020,18,18,10
4021,18,18,10
4022,18,18,10
4023,18,18,10
4024,18,18,10
4025,18,18,10
4026,18,6,17
4027,18,16,18
4028,18,18,10
4029,18,18,10
4030,18,18,10
4031,18,18,10
4032,18,18,10
4033,18,18,10
4034,18,16,18
4035,18,18,10
4036,18,18,10
4037,18,16,18
4038,18,18,10
4039,18,18,10
4040,18,18,10
4041,18,18,10
4042,18,18,10
4043,18,18,10
4044,18,18,10
4045,18,18,10
4046,18,18,10
4047,18,18,10
4048,18,0,4
4049,18,18,10
4050,18,18,10
4051,18,18,10
4052,18,18,10
4053,18,18,10
4054,18,16,18
4055,18,18,10
4056,18,16,18
4057,18,18,10
4058,18,18,10
4059,18,18,10
4060,18,18,10
4061,18,16,18
4062,18,18,10
4063,18,16,18
4064,18,18,10
4065,18,18,10
4066,18,18,10
4067,18,18,10
4068,18,18,10
4069,18,18,10
4070,18,18,10
4071,18,18,10
4072,18,16,18
4073,18,18,10
4074,18,18,10
4075,18,1,1
4076,18,18,10
4077,18,18,10
4078,18,18,10
4079,18,18,10
4080,18,18,10
4081,18,18,10
4082,18,18,10
4083,18,18,10
4084,18,18,10
4085,18,18,10
4086,18,18,10
4087,18,18,10
4088,18,18,10
4089,18,18,10
4090,18,18,10
4091,18,18,10
4092,18,18,10
4093,18,6,17
4094,18,18,10
4095,18,18,10
4096,18,18,10
4097,18,18,10
4098,18,16,18
4099,18,17,6
4100,18,18,10
4101,18,18,10
4102,18,18,10
4103,18,18,10
4104,18,18,10
4105,18,18,10
4106,18,18,10
4107,18,18,10
4108,18,18,10
4109,18,16,18
4110,18,18,10
4111,18,18,10
4112,18,18,10
4113,18,18,10
4114,18,18,10
4115,18,18,10
4116,18,16,18
4117,18,6,17
4118,18,16,18
4119,18,18,10
4120,18,18,10
4121,18,18,10
4122,18,18,10
4123,18,18,10
4124,18,18,10
4125,18,18,10
4126,18,18,10
4127,18,18,10
4128,18,16,18
4129,18,18,10
4130,18,18,10
4131,18,18,10
4132,18,18,10
4133,18,18,10
4134,18,18,10
4135,18,18,10
4136,18,18,10
4137,18,18,10
4138,18,18,10
4139,18,18,10
4140,18,18,10
4141,18,18,10
4142,18,18,10
4143,18,18,10
4144,18,18,10
4145,18,18,10
4146,18,18,10
4147,18,16,18
4148,18,18,10
4149,18,16,18
4150,18,18,10
4151,18,18,10
4152,18,18,10
4153,18,18,10
4154,18,18,10
4155,18,18,10
4156,18,18,10
4157,18,18,10
4158,18,16,18
4159,18,18,10
4160,18,18,10
4161,18,18,10
4162,18,18,10
4163,18,18,10
4164,18,18,10
4165,18,18,10
4166,18,18,10
4167,18,18,10
4168,18,18,10
4169,18,18,10
4170,18,18,10
4171,18,18,10
4172,18,18,10
4173,18,8,3
4174,18,16,18
4175,18,16,18
4176,18,18,10
4177,18,18,10
4178,18,18,10
4179,18,11,2
4180,18,18,10
4181,18,18,10
4182,18,18,10
4183,18,18,10
4184,18,18,10
4185,18,18,10
4186,18,18,10
4187,18,18,10
4188,18,18,10
4189,18,18,10
4190,18,18,10
4191,18,18,10
4192,18,16,18
4193,18,9,8
4194,18,18,10
4195,18,6,17
4196,18,18,10
4197,18,16,18
4198,18,18,10
4199,18,18,10
4200,18,18,10
4201,18,18,10
4202,18,16,18
4203,18,18,10
4204,18,16,18
4205,18,18,10
4206,18,16,18
4207,18,18,10
4208,18,18,10
4209,18,18,10
4210,18,18,10
4211,18,16,18
4212,18,18,10
4213,18,18,10
4214,18,6,17
4215,18,16,18
4216,18,18,10
4217,18,18,10
4218,18,18,10
4219,18,13,9
4220,18,18,10
4221,18,18,10
4222,18,0,4
4223,18,18,10
4224,18,16,18
4225,18,18,10
4226,18,18,10
4227,18,18,10
4228,18,18,10
4229,18,18,10
4230,18,18,10
4231,18,16,18
4232,18,18,10
4233,18,18,10
4234,18,18,10
4235,18,6,17
4236,18,0,4
4237,18,7,13
4238,18,16,18
4239,18,17,6
4240,18,18,10
4241,18,18,10
4242,18,18,10
4243,18,18,10
4244,18,16,18
4245,18,6,17
4246,18,18,10
4247,18,18,10
4248,18,16,18
4249,18,18,10
4250,18,18,10
4251,18,18,10
4252,18,18,10
4253,18,16,18
4254,18,16,18
4255,18,18,10
4256,18,18,10
4257,18,16,18
4258,18,13,9
4259,18,18,10
4260,18,18,10
4261,18,18,10
4262,18,18,10
4263,18,18,10
4264,18,18,10
4265,18,18,10
4266,18,18,10
4267,18,15,11
4268,18,18,10
4269,18,11,2
4270,18,16,18
4271,18,18,10
4272,18,18,10
4273,18,18,10
4274,18,16,18
4275,18,18,10
4276,18,18,10
4277,18,18,10
4278,18,18,10
4279,18,18,10
4280,18,18,10
4281,18,18,10
4282,18,16,18
4283,18,16,18
4284,18,18,10
4285,18,18,10
4286,18,18,10
4287,18,18,10
4288,18,18,10
4289,18,18,10
4290,18,18,10
4291,18,18,10
4292,18,18,10
4293,18,18,10
4294,18,18,10
4295,18,18,10
4296,18,16,18
4297,18,18,10
4298,18,17,6
4299,18,18,10
4300,18,18,10
4301,18,16,18
4302,18,18,10
4303,18,17,6
4304,18,16,18
4305,18,16,18
4306,18,18,10
4307,18,18,10
4308,18,18,10
4309,18,18,10
4310,18,18,10
4311,18,18,10
4312,18,18,10
4313,18,18,10
4314,18,18,10
4315,18,16,18
4316,18,18,10
4317,18,18,10
4318,18,18,10
4319,18,18,10
4320,18,18,10
4321,18,18,10
4322,18,18,10
4323,18,16,18
4324,18,18,10
4325,18,6,17
4326,18,11,2
4327,18,18,10
4328,18,18,10
4329,18,18,10
4330,18,16,18
4331,18,16,18
4332,18,18,10
4333,18,18,10
4334,18,18,10
4335,18,16,18
4336,18,18,10
4337,18,18,10
4338,18,18,10
4339,18,18,10
4340,18,18,10
4341,18,18,10
4342,18,18,10
4343,18,13,9
4344,18,16,18
4345,18,18,10
4346,18,18,10
4347,18,18,10
4348,18,16,18
4349,18,18,10
4350,18,18,10
4351,18,18,10
4352,18,18,10
4353,18,16,18
4354,18,16,18
4355,18,18,10
4356,18,18,10
4357,18,18,10
4358,18,18,10
4359,18,18,10
4360,18,18,10
4361,18,18,10
4362,18,18,10
4363,18,18,10
4364,18,18,10
4365,18,18,10
4366,18,18,10
4367,18,18,10
4368,18,18,10
4369,18,3,15
4370,18,16,18
4371,18,16,18
4372,18,18,10
4373,18,18,10
4374,18,18,10
4375,18,18,10
4376,18,17,6
4377,18,18,10
4378,18,18,10
4379,18,16,18
4380,18,11,2
4381,18,18,10
4382,18,18,10
4383,18,16,18
4384,18,18,10
4385,18,0,4
4386,18,18,10
4387,18,18,10
4388,18,18,10
4389,18,18,10
4390,18,18,10
4391,18,18,10
4392,18,18,10
4393,18,18,10
4394,18,18,10
4395,18,18,10
4396,18,18,10
4397,18,16,18
4398,18,18,10
4399,18,18,10
4400,18,18,10
4401,18,18,10
4402,18,16,18
4403,18,18,10
4404,18,18,10
4405,18,18,10
4406,18,18,10
4407,18,18,10
4408,18,18,10
4409,18,18,10
4410,18,18,10
4411,18,18,10
4412,18,18,10
4413,18,16,18
4414,18,18,10
4415,18,18,10
4416,18,18,10
4417,18,18,10
4418,18,17,6
4419,18,18,10
4420,18,18,10
4421,18,18,10
4422,18,18,10
4423,18,18,10
4424,18,0,4
4425,18,18,10
4426,18,17,6
4427,18,16,18
4428,18,18,10
4429,18,16,18
4430,18,18,10
4431,18,18,10
4432,18,18,10
4433,18,18,10
4434,18,18,10
4435,18,18,10
4436,18,18,10
4437,18,18,10
4438,18,18,10
4439,18,18,10
4440,18,18,10
4441,18,18,10
4442,18,16,18
4443,18,18,10
4444,18,18,10
4445,18,18,10
4446,18,17,6
4447,18,18,10
4448,18,18,10
4449,18,18,10
4450,18,18,10
4451,18,18,10
4452,18,18,10
4453,18,18,10
4454,18,18,10
4455,18,18,10
4456,18,16,18
4457,18,16,18
4458,18,18,10
4459,18,0,4
4460,18,18,10
4461,18,18,10
4462,18,18,10
4463,18,18,10
4464,18,16,18
4465,18,18,10
4466,18,16,18
4467,18,18,10
4468,18,18,10
4469,18,18,10
4470,18,18,10
4471,18,18,10
4472,18,18,10
4473,18,18,10
4474,18,18,10
4475,18,18,10
4476,18,18,10
4477,18,16,18
4478,18,18,10
4479,18,18,10
4480,18,18,10
4481,18,18,10
4482,18,18,10
4483,18,18,10
4484,18,18,10
4485,18,18,10
4486,18,16,18
4487,18,18,10
4488,18,18,10
4489,18,16,18
4490,18,16,18
4491,18,13,9
4492,18,7,13
4493,18,13,9
4494,18,16,18
4495,18,16,18
4496,18,16,18
4497,18,18,10
4498,18,18,10
4499,18,18,10
4500,18,16,18
4501,18,18,10
4502,18,18,10
4503,18,18,10
4504,18,18,10
4505,18,18,10
4506,18,18,10
4507,18,18,10
4508,18,16,18
4509,18,18,10
4510,18,18,10
4511,18,18,10
4512,18,18,10
4513,18,18,10
4514,18,18,10
4515,18,16,18
4516,18,18,10
4517,18,6,17
4518,18,18,10
4519,18,18,10
4520,18,18,10
4521,18,18,10
4522,18,15,11
4523,18,13,9
4524,18,16,18
4525,18,18,10
4526,18,18,10
4527,18,18,10
4528,18,18,10
4529,18,18,10
4530,18,16,18
4531,18,18,10
4532,18,18,10
4533,18,18,10
4534,18,18,10
4535,18,18,10
4536,18,18,10
4537,18,16,18
4538,18,18,10
4539,18,18,10
4540,18,16,18
4541,18,13,9
4542,18,18,10
4543,18,18,10
4544,18,18,10
4545,18,18,10
4546,18,18,10
4547,18,18,10
4548,18,18,10
4549,18,18,10
4550,18,18,10
4551,18,16,18
4552,18,18,10
4553,18,6,17
4554,18,18,10
4555,18,18,10
4556,18,18,10
4557,18,18,10
4558,18,18,10
4559,18,18,10
4560,18,16,18
4561,18,18,10
4562,18,18,10
4563,18,18,10
4564,18,17,6
4565,18,18,10
4566,18,18,10
4567,18,18,10
4568,18,18,10
4569,18,18,10
4570,18,16,18
4571,18,18,10
4572,18,18,10
4573,18,18,10
4574,18,18,10
4575,18,16,18
4576,18,18,10
4577,18,18,10
4578,18,18,10
4579,18,18,10
4580,18,18,10
4581,18,18,10
4582,18,18,10
4583,18,18,10
4584,18,18,10
4585,18,18,10
4586,18,18,10
4587,18,18,10
4588,18,18,10
4589,18,16,18
4590,18,16,18
4591,18,18,10
4592,18,18,10
4593,18,18,10
4594,18,18,10
4595,18,13,9
4596,18,18,10
4597,18,18,10
4598,18,18,10
4599,18,18,10
4600,18,16,18
4601,18,18,10
4602,18,18,10
4603,18,18,10
4604,18,18,10
4605,18,18,10
4606,18,18,10
4607,18,16,18
4608,18,0,4
4609,18,18,10
4610,18,18,10
4611,18,16,18
4612,18,18,10
4613,18,18,10
4614,18,18,10
4615,18,18,10
4616,18,18,10
4617,18,18,10
4618,18,11,2
4619,18,18,10
4620,18,18,10
4621,18,18,10
4622,18,18,10
4623,18,6,17
4624,18,18,10
4625,18,18,10
4626,18,18,10
4627,18,16,18
4628,18,18,10
4629,18,18,10
4630,18,16,18
4631,18,18,10
4632,18,16,18
4633,18,18,10
4634,18,0,4
4635,18,18,10
4636,18,18,10
4637,18,6,17
4638,18,18,10
4639,18,18,10
4640,18,18,10
4641,18,18,10
4642,18,18,10
4643,18,18,10
4644,18,18,10
4645,18,18,10
4646,18,18,10
4647,18,18,10
4648,18,0,4
4649,18,18,10
4650,18,18,10
4651,18,16,18
4652,18,18,10
4653,18,18,10
4654,18,17,6
4655,18,18,10
4656,18,18,10
4657,18,18,10
4658,18,18,10
4659,18,18,10
4660,18,18,10
4661,18,18,10
4662,18,18,10
4663,18,18,10
4664,18,18,10
4665,18,0,4
4666,18,18,10
4667,18,18,10
4668,18,18,10
4669,18,18,10
4670,18,18,10
4671,18,18,10
4672,18,18,10
4673,18,18,10
4674,18,18,10
4675,18,6,17
4676,18,17,6
4677,18,18,10
4678,18,18,10
4679,18,18,10
4680,18,18,10
4681,18,18,10
4682,18,6,17
4683,18,16,18
4684,18,18,10
4685,18,18,10
4686,18,18,10
4687,18,18,10
4688,18,16,18
4689,18,18,10
4690,18,11,2
4691,18,18,10
4692,18,18,10
4693,18,18,10
4694,18,18,10
4695,18,18,10
4696,18,18,10
4697,18,18,10
4698,18,18,10
4699,18,18,10
4700,18,18,10
4701,18,18,10
4702,18,18,10
4703,18,18,10
4704,18,18,10
4705,18,18,10
4706,18,18,10
4707,18,18,10
4708,18,18,10
4709,18,18,10
4710,18,18,10
4711,18,18,10
4712,18,16,18
4713,18,18,10
4714,18,18,10
4715,18,18,10
4716,18,18,10
4717,18,18,10
4718,18,18,10
4719,18,18,10
4720,18,16,18
4721,18,18,10
4722,18,18,10
4723,18,18,10
4724,18,16,18
4725,18,5,7
4726,18,18,10
4727,18,18,10
4728,18,18,10
4729,18,18,10
4730,18,18,10
4731,18,18,10
4732,18,18,10
4733,18,18,10
4734,18,18,10
4735,18,6,17
4736,18,18,10
4737,18,18,10
4738,18,6,17
4739,18,18,10
4740,18,18,10
4741,18,18,10
4742,18,18,10
4743,18,18,10
4744,18,18,10
4745,18,18,10
4746,18,18,10
4747,18,6,17
4748,18,0,4
4749,18,18,10
4750,18,18,10
4751,18,18,10
4752,18,18,10
4753,18,16,18
4754,18,18,10
4755,18,18,10
4756,18,18,10
4757,18,18,10
4758,18,18,10
4759,18,18,10
4760,18,18,10
4761,18,18,10
4762,18,18,10
4763,18,18,10
4764,18,18,10
4765,18,18,10
4766,18,18,10
4767,18,18,10
4768,18,0,4
4769,18,18,10
4770,18,18,10
4771,18,18,10
4772,18,18,10
4773,18,18,10
4774,18,18,10
4775,18,6,17
4776,18,16,18
4777,18,18,10
4778,18,18,10
4779,18,18,10
4780,18,18,10
4781,18,18,10
4782,18,11,2
4783,18,18,10
4784,18,18,10
4785,18,18,10
4786,18,16,18
4787,18,18,10
4788,18,18,10
4789,18,18,10
4790,18,18,10
4791,18,16,18
4792,18,6,17
4793,18,17,6
4794,18,18,10
4795,18,16,18
4796,18,18,10
4797,18,18,10
4798,18,18,10
4799,18,18,10
4800,18,18,10
4801,18,18,10
4802,18,17,6
4803,18,0,4
4804,18,18,10
4805,18,18,10
4806,18,18,10
4807,18,16,18
4808,18,18,10
4809,18,18,10
4810,18,18,10
4811,18,16,18
4812,18,18,10
4813,18,16,18
4814,18,8,3
4815,18,18,10
4816,18,18,10
4817,18,18,10
4818,18,18,10
4819,18,18,10
4820,18,18,10
4821,18,18,10
4822,18,18,10
4823,18,18,10
4824,18,18,10
4825,18,18,10
4826,18,18,10
4827,18,18,10
4828,18,18,10
4829,18,18,10
4830,18,18,10
4831,18,18,10
4832,18,18,10
4833,18,18,10
4834,18,18,10
4835,18,18,10
4836,18,18,10
4837,18,18,10
4838,18,18,10
4839,18,18,10
4840,18,18,10
4841,18,18,10
4842,18,16,18
4843,18,6,17
4844,18,18,10
4845,18,18,10
4846,18,18,10
4847,18,18,10
4848,18,16,18
4849,18,18,10
4850,18,18,10
4851,18,18,10
4852,18,18,10
4853,18,16,18
4854,18,18,10
4855,18,18,10
4856,18,18,10
4857,18,18,10
4858,18,18,10
4859,18,18,10
4860,18,11,2
4861,18,18,10
4862,18,18,10
4863,18,18,10
4864,18,18,10
4865,18,18,10
4866,18,18,10
4867,18,18,10
4868,18,18,10
4869,18,18,10
4870,18,18,10
4871,18,18,10
4872,18,18,10
4873,18,18,10
4874,18,18,10
4875,18,6,17
4876,18,18,10
4877,18,18,10
4878,18,18,10
4879,18,18,10
4880,18,18,10
4881,18,18,10
4882,18,0,4
4883,18,18,10
4884,18,16,18
4885,18,18,10
4886,18,16,18
4887,18,16,18
4888,18,18,10
4889,18,18,10
4890,18,11,2
4891,18,18,10
4892,18,18,10
4893,18,18,10
4894,18,18,10
4895,18,18,10
4896,18,16,18
4897,18,18,10
4898,18,18,10
4899,18,16,18
4900,18,18,10
4901,18,18,10
4902,18,18,10
4903,18,18,10
4904,18,18,10
4905,18,18,10
4906,18,16,18
4907,18,18,10
4908,18,18,10
4909,18,18,10
4910,18,18,10
4911,18,18,10
4912,18,10,14
4913,18,16,18
4914,18,18,10
4915,18,18,10
4916,18,0,4
4917,18,18,10
4918,18,18,10
4919,18,18,10
4920,18,18,10
4921,18,18,10
4922,18,18,10
4923,18,18,10
4924,18,6,17
4925,18,18,10
4926,18,16,18
4927,18,18,10
4928,18,18,10
4929,18,18,10
4930,18,5,7
4931,18,18,10
4932,18,18,10
4933,18,18,10
4934,18,18,10
4935,18,18,10
4936,18,18,10
4937,18,16,18
4938,18,18,10
4939,18,18,10
4940,18,18,10
4941,18,18,10
4942,18,18,10
4943,18,18,10
4944,18,16,18
4945,18,18,10
4946,18,18,10
4947,18,18,10
4948,18,18,10
4949,18,16,18
4950,18,18,10
4951,18,18,10
4952,18,16,18
4953,18,6,17
4954,18,16,18
4955,18,18,10
4956,18,18,10
4957,18,18,10
4958,18,18,10
4959,18,18,10
4960,18,6,17
4961,18,18,10
4962,18,18,10
4963,18,13,9
4964,18,18,10
4965,18,18,10
4966,18,16,18
4967,18,18,10
4968,18,16,18
4969,18,18,10
4970,18,18,10
4971,18,18,10
4972,18,18,10
4973,18,18,10
4974,18,13,9
4975,18,18,10
4976,18,18,10
4977,18,18,10
4978,18,18,10
4979,18,0,4
4980,18,0,4
4981,18,18,10
4982,18,18,10
4983,18,16,18
4984,18,18,10
4985,18,18,10
4986,18,18,10
4987,18,18,10
4988,18,16,18
4989,18,18,10
4990,18,16,18
4991,18,18,10
4992,18,18,10
4993,18,18,10
4994,18,18,10
4995,18,18,10
4996,18,16,18
4997,18,18,10
4998,18,18,10
4999,18,18,10
5000,18,18,10
5001,18,18,10
5002,18,16,18
5003,18,18,10
5004,18,18,10
5005,18,18,10
5006,18,18,10
5007,18,18,10
5008,18,18,10
5009,18,18,10
5010,18,18,10
5011,18,18,10
5012,18,18,10
5013,18,18,10
5014,18,18,10
5015,18,18,10
5016,18,16,18
5017,18,18,10
5018,18,18,10
5019,18,18,10
5020,18,18,10
5021,18,18,10
5022,18,16,18
5023,18,18,10
5024,18,16,18
5025,18,18,10
5026,18,18,10
5027,18,18,10
5028,18,18,10
5029,18,18,10
5030,18,18,10
5031,18,18,10
5032,18,18,10
5033,18,18,10
5034,18,18,10
5035,18,18,10
5036,18,18,10
5037,18,18,10
5038,18,18,10
5039,18,18,10
5040,18,6,17
5041,18,16,18
5042,18,18,10
5043,18,18,10
5044,18,18,10
5045,18,18,10
5046,18,18,10
5047,18,16,18
5048,18,18,10
5049,18,18,10
5050,18,18,10
5051,18,18,10
5052,18,16,18
5053,18,18,10
5054,18,16,18
5055,18,16,18
5056,18,16,18
5057,18,18,10
5058,18,16,18
5059,18,16,18
5060,18,0,4
5061,18,16,18
5062,18,18,10
5063,18,18,10
5064,18,18,10
5065,18,16,18
5066,18,18,10
5067,18,16,18
5068,18,13,9
5069,18,18,10
5070,18,16,18
5071,18,16,18
5072,18,16,18
5073,18,18,10
5074,18,16,18
5075,18,18,10
5076,18,18,10
5077,18,5,7
5078,18,17,6
5079,18,18,10
5080,18,11,2
5081,18,16,18
5082,18,16,18
5083,18,18,10
5084,18,16,18
5085,18,16,18
5086,18,18,10
5087,18,18,10
5088,18,16,18
5089,18,16,18
5090,18,11,2
5091,18,18,10
5092,18,18,10
5093,18,18,10
5094,18,16,18
5095,18,18,10
5096,18,17,6
5097,18,18,10
5098,18,18,10
5099,18,18,10
5100,18,16,18
5101,18,18,10
5102,18,18,10
5103,18,18,10
5104,18,16,18
5105,18,18,10
5106,18,16,18
5107,18,18,10
5108,18,18,10
5109,18,18,10
5110,18,18,10
5111,18,16,18
5112,18,6,17
5113,18,17,6
5114,18,16,18
5115,18,17,6
5116,18,18,10
5117,18,18,10
5118,18,16,18
5119,18,16,18
5120,18,18,10
5121,18,16,18
5122,18,16,18
5123,18,18,10
5124,18,16,18
5125,18,18,10
5126,18,18,10
5127,18,18,10
5128,18,17,6
5129,18,18,10
5130,18,18,10
5131,18,18,10
5132,18,18,10
5133,18,18,10
5134,18,16,18
5135,18,18,10
5136,18,16,18
5137,18,16,18
5138,18,18,10
5139,18,18,10
5140,18,18,10
5141,18,18,10
5142,18,17,6
5143,18,6,17
5144,18,11,2
5145,18,13,9
5146,18,18,10
5147,18,13,9
5148,18,16,18
5149,18,17,6
5150,18,16,18
5151,18,18,10
5152,18,16,18
5153,18,18,10
5154,18,0,4
5155,18,18,10
5156,18,18,10
5157,18,18,10
5158,18,16,18
5159,18,6,17
5160,18,16,18
5161,18,18,10
5162,18,16,18
5163,18,13,9
5164,18,18,10
5165,18,18,10
5166,18,16,18
5167,18,16,18
5168,18,16,18
5169,18,18,10
5170,18,16,18
5171,18,11,2
5172,18,18,10
5173,18,16,18
5174,18,16,18
5175,18,16,18
5176,18,18,10
5177,18,16,18
5178,18,16,18
5179,18,18,10
5180,18,18,10
5181,18,18,10
5182,18,16,18
5183,18,18,10
5184,18,16,18
5185,18,18,10
5186,18,0,4
5187,18,18,10
5188,18,13,9
5189,18,18,10
5190,18,18,10
5191,18,16,18
5192,18,16,18
5193,18,18,10
5194,18,18,10
5195,18,16,18
5196,18,16,18
5197,18,18,10
5198,18,16,18
5199,18,16,18
5200,18,18,10
5201,18,18,10
5202,18,16,18
5203,18,16,18
5204,18,18,10
5205,18,0,4
5206,18,16,18
5207,18,18,10
5208,18,16,18
5209,18,18,10
5210,18,18,10
5211,18,16,18
5212,18,18,10
5213,18,6,17
5214,18,16,18
5215,18,18,10
5216,18,16,18
5217,18,18,10
5218,18,18,10
5219,18,18,10
5220,18,16,18
5221,18,13,9
5222,18,18,10
5223,18,18,10
5224,18,6,17
5225,18,16,18
5226,18,17,6
5227,18,16,18
5228,18,18,10
5229,18,16,18
5230,18,5,7
5231,18,16,18
5232,18,18,10
5233,18,16,18
5234,18,18,10
5235,18,18,10
5236,18,16,18
5237,18,18,10
5238,18,18,10
5239,18,18,10
5240,18,16,18
5241,18,16,18
5242,18,18,10
5243,18,18,10
5244,18,18,10
5245,18,18,10
5246,18,16,18
5247,18,5,7
5248,18,18,10
5249,18,16,18
5250,18,18,10
5251,18,16,18
5252,18,18,10
5253,18,18,10
5254,18,11,2
5255,18,16,18
5256,18,17,6
5257,18,18,10
5258,18,18,10
5259,18,18,10
5260,18,13,9
5261,18,18,10
5262,18,16,18
5263,18,18,10
5264,18,18,10
5265,18,16,18
5266,18,18,10
5267,18,16,18
5268,18,18,10
5269,18,18,10
5270,18,18,10
5271,18,17,6
5272,18,16,18
5273,18,18,10
5274,18,16,18
5275,18,18,10
5276,18,18,10
5277,18,18,10
5278,18,18,10
5279,18,18,10
5280,18,18,10
5281,18,17,6
5282,18,16,18
5283,18,18,10
5284,18,18,10
5285,18,16,18
5286,18,18,10
5287,18,18,10
5288,18,18,10
5289,18,16,18
5290,18,18,10
5291,18,16,18
5292,18,16,18
5293,18,5,7
5294,18,18,10
5295,18,18,10
5296,18,16,18
5297,18,16,18
5298,18,18,10
5299,18,16,18
5300,18,13,9
5301,18,16,18
5302,18,18,10
5303,18,17,6
5304,18,17,6
5305,18,16,18
5306,18,18,10
5307,18,16,18
5308,18,18,10
5309,18,16,18
5310,18,16,18
5311,18,16,18
5312,18,18,10
5313,18,18,10
5314,18,18,10
5315,18,0,4
5316,18,16,18
5317,18,18,10
5318,18,18,10
5319,18,18,10
5320,18,18,10
5321,18,16,18
5322,18,16,18
5323,18,18,10
5324,18,18,10
5325,18,18,10
5326,18,16,18
5327,18,18,10
5328,18,16,18
5329,18,16,18
5330,18,16,18
5331,18,18,10
5332,18,18,10
5333,18,18,10
5334,18,18,10
5335,18,16,18
5336,18,16,18
5337,18,16,18
5338,18,18,10
5339,18,5,7
5340,18,18,10
5341,18,18,10
5342,18,18,10
5343,18,18,10
5344,18,18,10
5345,18,16,18
5346,18,18,10
5347,18,18,10
5348,18,16,18
5349,18,18,10
5350,18,16,18
5351,18,18,10
5352,18,18,10
5353,18,16,18
5354,18,18,10
5355,18,16,18
5356,18,16,18
5357,18,17,6
5358,18,18,10
5359,18,18,10
5360,18,18,10
5361,18,5,7
5362,18,16,18
5363,18,16,18
5364,18,16,18
5365,18,17,6
5366,18,18,10
5367,18,18,10
5368,18,18,10
5369,18,18,10
5370,18,18,10
5371,18,16,18
5372,18,13,9
5373,18,16,18
5374,18,18,10
5375,18,6,17
5376,18,18,10
5377,18,18,10
5378,18,16,18
5379,18,16,18
5380,18,5,7
5381,18,16,18
5382,18,11,2
5383,18,16,18
5384,18,5,7
5385,18,16,18
5386,18,18,10
5387,18,16,18
5388,18,18,10
5389,18,18,10
5390,18,16,18
5391,18,18,10
5392,18,18,10
5393,18,18,10
5394,18,16,18
5395,18,18,10
5396,18,18,10
5397,18,18,10
5398,18,18,10
5399,18,16,18
5400,18,16,18
5401,18,16,18
5402,18,16,18
5403,18,16,18
5404,18,16,18
5405,18,16,18
5406,18,18,10
5407,18,18,10
5408,18,18,10
5409,18,18,10
5410,18,16,18
5411,18,18,10
5412,18,18,10
5413,18,16,18
5414,18,16,18
5415,18,16,18
5416,18,16,18
5417,18,18,10
5418,18,16,18
5419,18,18,10
5420,18,16,18
5421,18,17,6
5422,18,10,14
5423,18,18,10
5424,18,18,10
5425,18,18,10
5426,18,18,10
5427,18,18,10
5428,18,13,9
5429,18,18,10
5430,18,18,10
5431,18,16,18
5432,18,18,10
5433,18,16,18
5434,18,16,18
5435,18,16,18
5436,18,16,18
5437,18,16,18
5438,18,18,10
5439,18,18,10
5440,18,18,10
5441,18,18,10
5442,18,16,18
5443,18,16,18
5444,18,18,10
5445,18,18,10
5446,18,16,18
5447,18,6,17
5448,18,18,10
5449,18,18,10
5450,18,5,7
5451,18,18,10
5452,18,16,18
5453,18,18,10
5454,18,16,18
5455,18,16,18
5456,18,16,18
5457,18,18,10
5458,18,16,18
5459,18,18,10
5460,18,16,18
5461,18,18,10
5462,18,18,10
5463,18,18,10
5464,18,18,10
5465,18,18,10
5466,18,18,10
5467,18,18,10
5468,18,18,10
5469,18,18,10
5470,18,16,18
5471,18,18,10
5472,18,13,9
5473,18,18,10
5474,18,5,7
5475,18,18,10
5476,18,18,10
5477,18,16,18
5478,18,16,18
5479,18,5,7
5480,18,17,6
5481,18,16,18
5482,18,16,18
5483,18,16,18
5484,18,18,10
5485,18,16,18
5486,18,18,10
5487,18,18,10
5488,18,11,2
5489,18,18,10
5490,18,16,18
5491,18,18,10
5492,18,13,9
5493,18,16,18
5494,18,16,18
5495,18,16,18
5496,18,16,18
5497,18,16,18
5498,18,16,18
5499,18,18,10
5500,18,17,6
5501,18,16,18
5502,18,6,17
5503,18,16,18
5504,18,18,10
5505,18,18,10
5506,18,16,18
5507,18,18,10
5508,18,11,2
5509,18,18,10
5510,18,6,17
5511,18,18,10
5512,18,18,10
5513,18,18,10
5514,18,16,18
5515,18,0,4
5516,18,16,18
5517,18,16,18
5518,18,16,18
5519,18,18,10
5520,18,18,10
5521,18,16,18
5522,18,6,17
5523,18,18,10
5524,18,16,18
5525,18,18,10
5526,18,16,18
5527,18,6,17
5528,18,16,18
5529,18,18,10
5530,18,18,10
5531,18,18,10
5532,18,18,10
5533,18,16,18
5534,18,18,10
5535,18,18,10
5536,18,5,7
5537,18,16,18
5538,18,18,10
5539,18,16,18
5540,18,16,18
5541,18,16,18
5542,18,16,18
5543,18,16,18
5544,18,18,10
5545,18,18,10
5546,18,18,10
5547,18,18,10
5548,18,18,10
5549,18,16,18
5550,18,18,10
5551,18,18,10
5552,18,18,10
5553,18,18,10
5554,18,11,2
5555,18,16,18
5556,18,18,10
5557,18,16,18
5558,18,18,10
5559,18,18,10
5560,18,16,18
5561,18,16,18
5562,18,18,10
5563,18,17,6
5564,18,0,4
5565,18,18,10
5566,18,6,17
5567,18,16,18
5568,18,16,18
5569,18,16,18
5570,18,13,9
5571,18,16,18
5572,18,18,10
5573,18,18,10
5574,18,17,6
5575,18,18,10
5576,18,18,10
5577,18,16,18
5578,18,16,18
5579,18,11,2
5580,18,13,9
5581,18,16,18
5582,18,18,10
5583,18,18,10
5584,18,18,10
5585,18,18,10
5586,18,18,10
5587,18,18,10
5588,18,13,9
5589,18,5,7
5590,18,5,7
5591,18,6,17
5592,18,18,10
5593,18,16,18
5594,18,18,10
5595,18,18,10
5596,18,16,18
5597,18,18,10
5598,18,16,18
5599,18,18,10
5600,18,16,18
5601,18,16,18
5602,18,18,10
5603,18,18,10
5604,18,17,6
5605,18,16,18
5606,18,16,18
5607,18,16,18
5608,18,18,10
5609,18,18,10
5610,18,16,18
5611,18,18,10
5612,18,18,10
5613,18,16,18
5614,18,16,18
5615,18,18,10
5616,18,16,18
5617,18,16,18
5618,18,16,18
5619,18,16,18
5620,18,17,6
5621,18,16,18
5622,18,18,10
5623,18,16,18
5624,18,18,10
5625,18,11,2
5626,18,16,18
5627,18,16,18
5628,18,18,10
5629,18,16,18
5630,18,18,10
5631,18,18,10
5632,18,16,18
5633,18,16,18
5634,18,16,18
5635,18,13,9
5636,18,18,10
5637,18,18,10
5638,18,18,10
5639,18,18,10
5640,18,18,10
5641,18,16,18
5642,18,0,4
5643,18,18,10
5644,18,14,12
5645,18,16,18
5646,18,6,17
5647,18,18,10
5648,18,16,18
5649,18,16,18
5650,18,11,2
5651,18,18,10
5652,18,6,17
5653,18,16,18
5654,18,16,18
5655,18,16,18
5656,18,16,18
5657,18,5,7
5658,18,18,10
5659,18,0,4
5660,18,6,17
5661,18,16,18
5662,18,16,18
5663,18,16,18
5664,18,18,10
5665,18,18,10
5666,18,18,10
5667,18,5,7
5668,18,16,18
5669,18,16,18
5670,18,18,10
5671,18,18,10
5672,18,16,18
5673,18,18,10
5674,18,18,10
5675,18,18,10
5676,18,18,10
5677,18,16,18
5678,18,17,6
5679,18,18,10
5680,18,16,18
5681,18,18,10
5682,18,18,10
5683,18,16,18
5684,18,18,10
5685,18,0,4
5686,18,18,10
5687,18,18,10
5688,18,18,10
5689,18,6,17
5690,18,6,17
5691,18,18,10
5692,18,18,10
5693,18,18,10
5694,18,0,4
5695,18,18,10
5696,18,16,18
5697,18,16,18
5698,18,18,10
5699,18,17,6
5700,18,18,10
5701,18,17,6
5702,18,16,18
5703,18,13,9
5704,18,18,10
5705,18,5,7
5706,18,5,7
5707,18,18,10
5708,18,16,18
5709,18,6,17
5710,18,16,18
5711,18,18,10
5712,18,17,6
5713,18,16,18
5714,18,18,10
5715,18,16,18
5716,18,18,10
5717,18,18,10
5718,18,11,2
5719,18,18,10
5720,18,18,10
5721,18,16,18
5722,18,16,18
5723,18,17,6
5724,18,18,10
5725,18,18,10
5726,18,16,18
5727,18,16,18
5728,18,11,2
5729,18,18,10
5730,18,16,18
5731,18,18,10
5732,18,18,10
5733,18,16,18
5734,18,18,10
5735,18,16,18
5736,18,18,10
5737,18,0,4
5738,18,18,10
5739,18,16,18
5740,18,16,18
5741,18,18,10
5742,18,17,6
5743,18,18,10
5744,18,16,18
5745,18,18,10
5746,18,16,18
5747,18,18,10
5748,18,18,10
5749,18,18,10
5750,18,18,10
5751,18,16,18
5752,18,18,10
5753,18,11,2
5754,18,0,4
5755,18,18,10
5756,18,16,18
5757,18,18,10
5758,18,18,10
5759,18,18,10
5760,18,18,10
5761,18,18,10
5762,18,13,9
5763,18,16,18
5764,18,18,10
5765,18,18,10
5766,18,18,10
5767,18,16,18
5768,18,18,10
5769,18,16,18
5770,18,16,18
5771,18,16,18
5772,18,16,18
5773,18,17,6
5774,18,18,10
5775,18,18,10
5776,18,18,10
5777,18,11,2
5778,18,16,18
5779,18,18,10
5780,18,16,18
5781,18,18,10
5782,18,18,10
5783,18,17,6
5784,18,13,9
5785,18,16,18
5786,18,18,10
5787,18,18,10
5788,18,16,18
5789,18,18,10
5790,18,16,18
5791,18,16,18
5792,18,17,6
5793,18,16,18
5794,18,16,18
5795,18,18,10
5796,18,17,6
5797,18,5,7
5798,18,18,10
5799,18,18,10
5800,18,18,10
5801,18,16,18
5802,18,16,18
5803,18,16,18
5804,18,18,10
5805,18,18,10
5806,18,5,7
5807,18,16,18
5808,18,18,10
5809,18,18,10
5810,18,0,4
5811,18,18,10
5812,18,0,4
5813,18,18,10
5814,18,18,10
5815,18,18,10
5816,18,18,10
5817,18,13,9
5818,18,18,10
5819,18,6,17
5820,18,5,7
5821,18,18,10
5822,18,5,7
5823,18,18,10
5824,18,16,18
5825,18,16,18
5826,18,6,17
5827,18,18,10
5828,18,16,18
5829,18,18,10
5830,18,17,6
5831,18,18,10
5832,18,16,18
5833,18,11,2
5834,18,18,10
5835,18,0,4
5836,18,18,10
5837,18,16,18
5838,18,18,10
5839,18,16,18
5840,18,18,10
5841,18,18,10
5842,18,18,10
5843,18,16,18
5844,18,17,6
5845,18,16,18
5846,18,16,18
5847,18,17,6
5848,18,16,18
5849,18,18,10
5850,18,16,18
5851,18,16,18
5852,18,16,18
5853,18,16,18
5854,18,18,10
5855,18,16,18
5856,18,16,18
5857,18,16,18
5858,18,18,10
5859,18,18,10
5860,18,18,10
5861,18,16,18
5862,18,18,10
5863,18,18,10
5864,18,18,10
5865,18,16,18
5866,18,16,18
5867,18,16,18
5868,18,18,10
5869,18,16,18
5870,18,0,4
5871,18,18,10
5872,18,18,10
5873,18,18,10
5874,18,18,10
5875,18,18,10
5876,18,18,10
5877,18,5,7
5878,18,18,10
5879,18,16,18
5880,18,16,18
5881,18,16,18
5882,18,18,10
5883,18,0,4
5884,18,16,18
5885,18,18,10
5886,18,18,10
5887,18,18,10
5888,18,18,10
5889,18,16,18
5890,18,16,18
5891,18,18,10
5892,18,18,10
5893,18,18,10
5894,18,16,18
5895,18,18,10
5896,18,18,10
5897,18,18,10
5898,18,17,6
5899,18,16,18
5900,18,18,10
5901,18,18,10
5902,18,18,10
5903,18,18,10
5904,18,16,18
5905,18,18,10
5906,18,18,10
5907,18,11,2
5908,18,0,4
5909,18,16,18
5910,18,18,10
5911,18,18,10
5912,18,18,10
5913,18,16,18
5914,18,16,18
5915,18,18,10
5916,18,16,18
5917,18,18,10
5918,18,18,10
5919,18,13,9
5920,18,18,10
5921,18,5,7
5922,18,18,10
5923,18,16,18
5924,18,16,18
5925,18,18,10
5926,18,16,18
5927,18,18,10
5928,18,17,6
5929,18,18,10
5930,18,16,18
5931,18,16,18
5932,18,18,10
5933,18,18,10
5934,18,16,18
5935,18,16,18
5936,18,16,18
5937,18,18,10
5938,18,18,10
5939,18,11,2
5940,18,18,10
5941,18,18,10
5942,18,16,18
5943,18,0,4
5944,18,18,10
5945,18,16,18
5946,18,16,18
5947,18,18,10
5948,18,16,18
5949,18,18,10
5950,18,18,10
5951,18,16,18
5952,18,6,17
5953,18,18,10
5954,18,18,10
5955,18,0,4
5956,18,16,18
5957,18,16,18
5958,18,13,9
5959,18,18,10
5960,18,18,10
5961,18,18,10
5962,18,16,18
5963,18,16,18
5964,18,16,18
5965,18,16,18
5966,18,16,18
5967,18,18,10
5968,18,18,10
5969,18,18,10
5970,18,16,18
5971,18,18,10
5972,18,18,10
5973,18,16,18
5974,18,16,18
5975,18,18,10
5976,18,18,10
5977,18,16,18
5978,18,18,10
5979,18,18,10
5980,18,18,10
5981,18,18,10
5982,18,18,10
5983,18,18,10
5984,18,18,10
5985,18,0,4
5986,18,18,10
5987,18,18,10
5988,18,16,18
5989,18,18,10
5990,18,18,10
5991,18,16,18
5992,18,18,10
5993,18,18,10
5994,18,18,10
5995,18,16,18
5996,18,16,18
5997,18,18,10
5998,18,16,18
5999,18,18,10
6000,18,5,7
6001,18,18,10
6002,18,18,10
6003,18,13,9
6004,18,16,18
6005,18,18,10
6006,18,18,10
6007,18,18,10
6008,18,16,18
6009,18,16,18
6010,18,18,10
6011,18,18,10
6012,18,16,18
6013,18,16,18
6014,18,18,10
6015,18,6,17
6016,18,17,6
6017,18,18,10
6018,18,18,10
6019,18,18,10
6020,18,16,18
6021,18,18,10
6022,18,18,10
6023,18,16,18
6024,18,18,10
6025,18,16,18
6026,18,16,18
6027,18,18,10
6028,18,13,9
6029,18,18,10
6030,18,18,10
6031,18,6,17
6032,18,16,18
6033,18,6,17
6034,18,18,10
6035,18,11,2
6036,18,17,6
6037,18,17,6
6038,18,18,10
6039,18,18,10
6040,18,16,18
6041,18,18,10
6042,18,16,18
6043,18,18,10
6044,18,16,18
6045,18,18,10
6046,18,18,10
6047,18,5,7
6048,18,17,6
6049,18,18,10
6050,18,18,10
6051,18,18,10
6052,18,18,10
6053,18,16,18
6054,18,18,10
6055,18,18,10
6056,18,18,10
6057,18,16,18
6058,18,18,10
6059,18,17,6
6060,18,16,18
6061,18,16,18
6062,18,18,10
6063,18,18,10
6064,18,18,10
6065,18,18,10
6066,18,18,10
6067,18,18,10
6068,18,16,18
6069,18,16,18
6070,18,18,10
6071,18,6,17
6072,18,13,9
6073,18,18,10
6074,18,18,10
6075,18,0,4
6076,18,18,10
6077,18,18,10
6078,18,16,18
6079,18,18,10
6080,18,18,10
6081,18,18,10
6082,18,17,6
6083,18,18,10
6084,18,18,10
6085,18,16,18
6086,18,18,10
6087,18,13,9
6088,18,18,10
6089,18,16,18
6090,18,18,10
6091,18,16,18
6092,18,16,18
6093,18,18,10
6094,18,18,10
6095,18,16,18
6096,18,0,4
6097,18,18,10
6098,18,18,10
6099,18,18,10
6100,18,18,10
6101,18,18,10
6102,18,18,10
6103,18,18,10
6104,18,16,18
6105,18,5,7
6106,18,16,18
6107,18,18,10
6108,18,16,18
6109,18,5,7
6110,18,11,2
6111,18,18,10
6112,18,18,10
6113,18,0,4
6114,18,16,18
6115,18,18,10
6116,18,18,10
6117,18,16,18
6118,18,16,18
6119,18,18,10
6120,18,16,18
6121,18,5,7
6122,18,18,10
6123,18,16,18
6124,18,18,10
6125,18,16,18
6126,18,16,18
6127,18,18,10
6128,18,18,10
6129,18,16,18
6130,18,16,18
6131,18,16,18
6132,18,16,18
6133,18,0,4
6134,18,17,6
6135,18,16,18
6136,18,11,2
6137,18,18,10
6138,18,16,18
6139,18,18,10
6140,18,11,2
6141,18,18,10
6142,18,0,4
6143,18,18,10
6144,18,18,10
6145,18,16,18
6146,18,18,10
6147,18,16,18
6148,18,18,10
6149,18,18,10
6150,18,18,10
6151,18,18,10
6152,18,16,18
6153,18,16,18
6154,18,16,18
6155,18,6,17
6156,18,17,6
6157,18,18,10
6158,18,18,10
6159,18,18,10
6160,18,18,10
6161,18,11,2
6162,18,18,10
6163,18,16,18
6164,18,3,15
6165,18,18,10
6166,18,16,18
6167,18,18,10
6168,18,18,10
6169,18,18,10
6170,18,16,18
6171,18,18,10
6172,18,18,10
6173,18,16,18
6174,18,18,10
6175,18,16,18
6176,18,16,18
6177,18,17,6
6178,18,18,10
6179,18,16,18
6180,18,0,4
6181,18,18,10
6182,18,16,18
6183,18,18,10
6184,18,18,10
6185,18,16,18
6186,18,18,10
6187,18,16,18
6188,18,16,18
6189,18,18,10
6190,18,18,10
6191,18,16,18
6192,18,18,10
6193,18,5,7
6194,18,18,10
6195,18,13,9
6196,18,18,10
6197,18,18,10
6198,18,18,10
6199,18,16,18
6200,18,18,10
6201,18,16,18
6202,18,16,18
6203,18,16,18
6204,18,18,10
6205,18,18,10
6206,18,18,10
6207,18,18,10
6208,18,18,10
6209,18,18,10
6210,18,18,10
6211,18,18,10
6212,18,0,4
6213,18,16,18
6214,18,18,10
6215,18,18,10
6216,18,18,10
6217,18,16,18
6218,18,18,10
6219,18,17,6
6220,18,16,18
6221,18,18,10
6222,18,18,10
6223,18,18,10
6224,18,18,10
6225,18,16,18
6226,18,16,18
6227,18,18,10
6228,18,18,10
6229,18,18,10
6230,18,16,18
6231,18,16,18
6232,18,18,10
6233,18,18,10
6234,18,13,9
6235,18,18,10
6236,18,5,7
6237,18,18,10
6238,18,17,6
6239,18,16,18
6240,18,18,10
6241,18,18,10
6242,18,18,10
6243,18,18,10
6244,18,18,10
6245,18,18,10
6246,18,5,7
6247,18,16,18
6248,18,18,10
6249,18,16,18
6250,18,16,18
6251,18,18,10
6252,18,16,18
6253,18,18,10
6254,18,18,10
6255,18,18,10
6256,18,0,4
6257,18,17,6
6258,18,18,10
6259,18,13,9
6260,18,16,18
6261,18,18,10
6262,18,16,18
6263,18,18,10
6264,18,16,18
6265,18,18,10
6266,18,17,6
6267,18,16,18
6268,18,18,10
6269,18,18,10
6270,18,16,18
6271,18,18,10
6272,18,18,10
6273,18,18,10
6274,18,18,10
6275,18,16,18
6276,18,18,10
6277,18,16,18
6278,18,16,18
6279,18,16,18
6280,18,16,18
6281,18,5,7
6282,18,13,9
6283,18,18,10
6284,18,18,10
6285,18,17,6
6286,18,18,10
6287,18,18,10
6288,18,16,18
6289,18,16,18
6290,18,18,10
6291,18,13,9
6292,18,18,10
6293,18,18,10
6294,18,16,18
6295,18,18,10
6296,18,18,10
6297,18,18,10
6298,18,17,6
6299,18,18,10
6300,18,18,10
6301,18,18,10
6302,18,16,18
6303,18,16,18
6304,18,11,2
6305,18,18,10
6306,18,16,18
6307,18,18,10
6308,18,18,10
6309,18,16,18
6310,18,18,10
6311,18,18,10
6312,18,16,18
6313,18,16,18
6314,18,18,10
6315,18,18,10
6316,18,18,10
6317,18,13,9
6318,18,18,10
6319,18,18,10
6320,18,18,10
6321,18,16,18
6322,18,16,18
6323,18,18,10
6324,18,16,18
6325,18,16,18
6326,18,18,10
6327,18,16,18
6328,18,11,2
6329,18,18,10
6330,18,16,18
6331,18,16,18
6332,18,18,10
6333,18,18,10
6334,18,18,10
6335,18,18,10
6336,18,18,10
6337,18,6,17
6338,18,6,17
6339,18,13,9
6340,18,18,10
6341,18,18,10
6342,18,17,6
6343,18,0,4
6344,18,13,9
6345,18,16,18
6346,18,16,18
6347,18,16,18
6348,18,16,18
6349,18,18,10
6350,18,6,17
6351,18,18,10
6352,18,16,18
6353,18,18,10
6354,18,18,10
6355,18,16,18
6356,18,18,10
6357,18,16,18
6358,18,16,18
6359,18,16,18
6360,18,16,18
6361,18,6,17
6362,18,18,10
6363,18,18,10
6364,18,16,18
6365,18,16,18
6366,18,18,10
6367,18,18,10
6368,18,18,10
6369,18,16,18
6370,18,18,10
6371,18,16,18
6372,18,16,18
6373,18,18,10
6374,18,18,10
6375,18,13,9
6376,18,18,10
6377,18,16,18
6378,18,16,18
6379,18,18,10
6380,18,18,10
6381,18,5,7
6382,18,16,18
6383,18,18,10
6384,18,18,10
6385,18,18,10
6386,18,18,10
6387,18,18,10
6388,18,18,10
6389,18,18,10
6390,18,0,4
6391,18,18,10
6392,18,18,10
6393,18,16,18
6394,18,16,18
6395,18,16,18
6396,18,18,10
6397,18,18,10
6398,18,18,10
6399,18,18,10
6400,18,18,10
6401,18,6,17
6402,18,17,6
6403,18,0,4
6404,18,16,18
6405,18,18,10
6406,18,16,18
6407,18,6,17
6408,18,18,10
6409,18,16,18
6410,18,18,10
6411,18,18,10
6412,18,18,10
6413,18,18,10
6414,18,18,10
6415,18,16,18
6416,18,6,17
6417,18,18,10
6418,18,18,10
6419,18,6,17
6420,18,18,10
6421,18,18,10
6422,18,16,18
6423,18,18,10
6424,18,16,18
6425,18,18,10
6426,18,18,10
6427,18,18,10
6428,18,18,10
6429,18,18,10
6430,18,16,18
6431,18,17,6
6432,18,16,18
6433,18,13,9
6434,18,18,10
6435,18,16,18
6436,18,0,4
6437,18,16,18
6438,18,16,18
6439,18,16,18
6440,18,18,10
6441,18,13,9
6442,18,18,10
6443,18,18,10
6444,18,6,17
6445,18,6,17
6446,18,18,10
6447,18,16,18
6448,18,18,10
6449,18,18,10
6450,18,16,18
6451,18,16,18
6452,18,16,18
6453,18,16,18
6454,18,16,18
6455,18,18,10
6456,18,16,18
6457,18,16,18
6458,18,18,10
6459,18,18,10
6460,18,18,10
6461,18,18,10
6462,18,18,10
6463,18,18,10
6464,18,16,18
6465,18,18,10
6466,18,17,6
6467,18,17,6
6468,18,18,10
6469,18,18,10
6470,18,16,18
6471,18,18,10
6472,18,18,10
6473,18,17,6
6474,18,18,10
6475,18,17,6
6476,18,18,10
6477,18,16,18
6478,18,18,10
6479,18,16,18
6480,18,18,10
6481,18,18,10
6482,18,18,10
6483,18,18,10
6484,18,18,10
6485,18,16,18
6486,18,16,18
6487,18,18,10
6488,18,18,10
6489,18,0,4
6490,18,18,10
6491,18,18,10
6492,18,18,10
6493,18,18,10
6494,18,16,18
6495,18,18,10
6496,18,18,10
6497,18,16,18
6498,18,18,10
6499,18,16,18
6500,18,16,18
6501,18,18,10
6502,18,18,10
6503,18,18,10
6504,18,18,10
6505,18,16,18
6506,18,16,18
6507,18,18,10
6508,18,18,10
6509,18,18,10
6510,18,16,18
6511,18,16,18
6512,18,16,18
6513,18,18,10
6514,18,18,10
6515,18,18,10
6516,18,18,10
6517,18,18,10
6518,18,18,10
6519,18,18,10
6520,18,18,10
6521,18,18,10
6522,18,18,10
6523,18,18,10
6524,18,18,10
6525,18,18,10
6526,18,16,18
6527,18,16,18
6528,18,16,18
6529,18,16,18
6530,18,18,10
6531,18,16,18
6532,18,18,10
6533,18,18,10
6534,18,16,18
6535,18,18,10
6536,18,18,10
6537,18,18,10
6538,18,18,10
6539,18,18,10
6540,18,16,18
6541,18,18,10
6542,18,13,9
6543,18,16,18
6544,18,5,7
6545,18,16,18
6546,18,16,18
6547,18,18,10
6548,18,16,18
6549,18,16,18
6550,18,16,18
6551,18,16,18
6552,18,18,10
6553,18,16,18
6554,18,18,10
6555,18,18,10
6556,18,18,10
6557,18,16,18
6558,18,18,10
6559,18,16,18
6560,18,18,10
6561,18,18,10
6562,18,18,10
6563,18,16,18
6564,18,18,10
6565,18,16,18
6566,18,18,10
6567,18,18,10
6568,18,18,10
6569,18,18,10
6570,18,18,10
6571,18,18,10
6572,18,18,10
6573,18,16,18
6574,18,16,18
6575,18,18,10
6576,18,18,10
6577,18,18,10
6578,18,0,4
6579,18,16,18
6580,18,18,10
6581,18,18,10
6582,18,16,18
6583,18,18,10
6584,18,18,10
6585,18,18,10
6586,18,18,10
6587,18,5,7
6588,18,18,10
6589,18,16,18
6590,18,18,10
6591,18,18,10
6592,18,18,10
6593,18,0,4
6594,18,6,17
6595,18,18,10
6596,18,16,18
6597,18,18,10
6598,18,18,10
6599,18,16,18
6600,18,18,10
6601,18,16,18
6602,18,5,7
6603,18,18,10
6604,18,18,10
6605,18,18,10
6606,18,16,18
6607,18,13,9
6608,18,5,7
6609,18,18,10
6610,18,18,10
6611,18,18,10
6612,18,18,10
6613,18,18,10
6614,18,16,18
6615,18,18,10
6616,18,18,10
6617,18,16,18
6618,18,16,18
6619,18,18,10
6620,18,13,9
6621,18,18,10
6622,18,18,10
6623,18,18,10
6624,18,18,10
6625,18,11,2
6626,18,18,10
6627,18,18,10
6628,18,18,10
6629,18,18,10
6630,18,16,18
6631,18,18,10
6632,18,16,18
6633,18,18,10
6634,18,16,18
6635,18,18,10
6636,18,16,18
6637,18,18,10
6638,18,16,18
6639,18,18,10
6640,18,16,18
6641,18,16,18
6642,18,18,10
6643,18,16,18
6644,18,17,6
6645,18,18,10
6646,18,11,2
6647,18,18,10
6648,18,16,18
6649,18,18,10
6650,18,17,6
6651,18,16,18
6652,18,18,10
6653,18,16,18
6654,18,18,10
6655,18,13,9
6656,18,13,9
6657,18,18,10
6658,18,16,18
6659,18,17,6
6660,18,18,10
6661,18,18,10
6662,18,16,18
6663,18,5,7
6664,18,18,10
6665,18,18,10
6666,18,16,18
6667,18,18,10
6668,18,18,10
6669,18,16,18
6670,18,18,10
6671,18,16,18
6672,18,16,18
6673,18,16,18
6674,18,18,10
6675,18,16,18
6676,18,16,18
6677,18,16,18
6678,18,18,10
6679,18,16,18
6680,18,17,6
6681,18,0,4
6682,18,16,18
6683,18,16,18
6684,18,16,18
6685,18,0,4
6686,18,16,18
6687,18,18,10
6688,18,5,7
6689,18,16,18
6690,18,16,18
6691,18,16,18
6692,18,16,18
6693,18,18,10
6694,18,18,10
6695,18,18,10
6696,18,18,10
6697,18,18,10
6698,18,6,17
6699,18,16,18
6700,18,16,18
6701,18,18,10
6702,18,16,18
6703,18,16,18
6704,18,16,18
6705,18,6,17
6706,18,18,10
6707,18,13,9
6708,18,0,4
6709,18,18,10
6710,18,16,18
6711,18,16,18
6712,18,18,10
6713,18,18,10
6714,18,18,10
6715,18,16,18
6716,18,18,10
6717,18,16,18
6718,18,18,10
6719,18,18,10
6720,18,16,18
6721,18,0,4
6722,18,16,18
6723,18,16,18
6724,18,18,10
6725,18,16,18
6726,18,18,10
6727,18,16,18
6728,18,18,10
6729,18,13,9
6730,18,18,10
6731,18,16,18
6732,18,16,18
6733,18,16,18
6734,18,16,18
6735,18,16,18
6736,18,16,18
6737,18,16,18
6738,18,18,10
6739,18,16,18
6740,18,16,18
6741,18,17,6
6742,18,16,18
6743,18,16,18
6744,18,13,9
6745,18,16,18
6746,18,16,18
6747,18,18,10
6748,18,18,10
6749,18,16,18
6750,18,18,10
6751,18,18,10
6752,18,18,10
6753,18,18,10
6754,18,18,10
6755,18,18,10
6756,18,18,10
6757,18,18,10
6758,18,0,4
6759,18,18,10
6760,18,17,6
6761,18,18,10
6762,18,16,18
6763,18,16,18
6764,18,16,18
6765,18,18,10
6766,18,16,18
6767,18,18,10
6768,18,18,10
6769,18,18,10
6770,18,17,6
6771,18,18,10
6772,18,18,10
6773,18,17,6
6774,18,16,18
6775,18,18,10
6776,18,17,6
6777,18,18,10
6778,18,18,10
6779,18,18,10
6780,18,18,10
6781,18,18,10
6782,18,18,10
6783,18,16,18
6784,18,6,17
6785,18,18,10
6786,18,18,10
6787,18,18,10
6788,18,18,10
6789,18,18,10
6790,18,18,10
6791,18,16,18
6792,18,16,18
6793,18,16,18
6794,18,16,18
6795,18,16,18
6796,18,18,10
6797,18,18,10
6798,18,18,10
6799,18,18,10
6800,18,16,18
6801,18,16,18
6802,18,16,18
6803,18,18,10
6804,18,16,18
6805,18,18,10
6806,18,16,18
6807,18,16,18
6808,18,18,10
6809,18,18,10
6810,18,18,10
6811,18,16,18
6812,18,16,18
6813,18,18,10
6814,18,18,10
6815,18,18,10
6816,18,16,18
6817,18,16,18
6818,18,16,18
6819,18,0,4
6820,18,16,18
6821,18,18,10
6822,18,16,18
6823,18,18,10
6824,18,16,18
6825,18,18,10
6826,18,18,10
6827,18,16,18
6828,18,16,18
6829,18,16,18
6830,18,18,10
6831,18,18,10
6832,18,17,6
6833,18,5,7
6834,18,18,10
6835,18,18,10
6836,18,16,18
6837,18,16,18
6838,18,18,10
6839,18,16,18
6840,18,17,6
6841,18,18,10
6842,18,18,10
6843,18,18,10
6844,18,18,10
6845,18,16,18
6846,18,6,17
6847,18,16,18
6848,18,18,10
6849,18,18,10
6850,18,18,10
6851,18,18,10
6852,18,18,10
6853,18,16,18
6854,18,16,18
6855,18,16,18
6856,18,16,18
6857,18,18,10
6858,18,16,18
6859,18,18,10
6860,18,18,10
6861,18,16,18
6862,18,18,10
6863,18,18,10
6864,18,18,10
6865,18,18,10
6866,18,18,10
6867,18,16,18
6868,18,18,10
6869,18,17,6
6870,18,16,18
6871,18,18,10
6872,18,18,10
6873,18,18,10
6874,18,16,18
6875,18,18,10
6876,18,18,10
6877,18,16,18
6878,18,17,6
6879,18,18,10
6880,18,16,18
6881,18,18,10
6882,18,18,10
6883,18,16,18
6884,18,18,10
6885,18,18,10
6886,18,18,10
6887,18,18,10
6888,18,17,6
6889,18,18,10
6890,18,16,18
6891,18,18,10
6892,18,18,10
6893,18,16,18
6894,18,11,2
6895,18,18,10
6896,18,0,4
6897,18,18,10
6898,18,16,18
6899,18,18,10
6900,18,18,10
6901,18,16,18
6902,18,18,10
6903,18,18,10
6904,18,16,18
6905,18,18,10
6906,18,16,18
6907,18,16,18
6908,18,17,6
6909,18,18,10
6910,18,18,10
6911,18,16,18
6912,18,18,10
6913,18,18,10
6914,18,18,10
6915,18,18,10
6916,18,18,10
6917,18,18,10
6918,18,18,10
6919,18,18,10
6920,18,18,10
6921,18,16,18
6922,18,18,10
6923,18,18,10
6924,18,18,10
6925,18,16,18
6926,18,18,10
6927,18,18,10
6928,18,16,18
6929,18,17,6
6930,18,16,18
6931,18,18,10
6932,18,18,10
6933,18,18,10
6934,18,6,17
6935,18,16,18
6936,18,16,18
6937,18,16,18
6938,18,18,10
6939,18,16,18
6940,18,18,10
6941,18,16,18
6942,18,0,4
6943,18,16,18
6944,18,16,18
6945,18,18,10
6946,18,13,9
6947,18,18,10
6948,18,16,18
6949,18,16,18
6950,18,16,18
6951,18,18,10
6952,18,18,10
6953,18,18,10
6954,18,16,18
6955,18,18,10
6956,18,18,10
6957,18,18,10
6958,18,16,18
6959,18,16,18
6960,18,18,10
6961,18,18,10
6962,18,16,18
6963,18,16,18
6964,18,16,18
6965,18,18,10
6966,18,6,17
6967,18,18,10
6968,18,16,18
6969,18,16,18
6970,18,18,10
6971,18,18,10
6972,18,16,18
6973,18,16,18
6974,18,0,4
6975,18,18,10
6976,18,18,10
6977,18,18,10
6978,18,18,10
6979,18,16,18
6980,18,18,10
6981,18,16,18
6982,18,16,18
6983,18,18,10
6984,18,16,18
6985,18,18,10
6986,18,18,10
6987,18,16,18
6988,18,16,18
6989,18,16,18
6990,18,18,10
6991,18,16,18
6992,18,6,17
6993,18,18,10
6994,18,18,10
6995,18,18,10
6996,18,18,10
6997,18,18,10
6998,18,18,10
6999,18,16,18
7000,18,5,7
7001,18,16,18
7002,18,5,7
7003,18,18,10
7004,18,18,10
7005,18,18,10
7006,18,18,10
7007,18,11,2
7008,18,16,18
7009,18,18,10
7010,18,11,2
7011,18,13,9
7012,18,18,10
7013,18,16,18
7014,18,18,10
7015,18,16,18
7016,18,16,18
7017,18,16,18
7018,18,16,18
7019,18,16,18
7020,18,17,6
7021,18,18,10
7022,18,18,10
7023,18,18,10
7024,18,18,10
7025,18,18,10
7026,18,16,18
7027,18,16,18
7028,18,11,2
7029,18,16,18
7030,18,16,18
7031,18,18,10
7032,18,18,10
7033,18,18,10
7034,18,18,10
7035,18,18,10
7036,18,18,10
7037,18,18,10
7038,18,18,10
7039,18,16,18
7040,18,18,10
7041,18,18,10
7042,18,16,18
7043,18,18,10
7044,18,18,10
7045,18,18,10
7046,18,16,18
7047,18,18,10
7048,18,18,10
7049,18,16,18
7050,18,18,10
7051,18,16,18
7052,18,18,10
7053,18,16,18
7054,18,16,18
7055,18,18,10
7056,18,18,10
7057,18,18,10
7058,18,18,10
7059,18,18,10
7060,18,16,18
7061,18,16,18
7062,18,18,10
7063,18,18,10
7064,18,18,10
7065,18,16,18
7066,18,16,18
7067,18,16,18
7068,18,18,10
7069,18,18,10
7070,18,16,18
7071,18,16,18
7072,18,16,18
7073,18,16,18
7074,18,18,10
7075,18,16,18
7076,18,17,6
7077,18,18,10
7078,18,18,10
7079,18,17,6
7080,18,18,10
7081,18,18,10
7082,18,16,18
7083,18,16,18
7084,18,17,6
7085,18,18,10
7086,18,16,18
7087,18,16,18
7088,18,18,10
7089,18,16,18
7090,18,16,18
7091,18,16,18
7092,18,18,10
7093,18,18,10
7094,18,18,10
7095,18,16,18
7096,18,5,7
7097,18,0,4
7098,18,16,18
7099,18,18,10
7100,18,18,10
7101,18,16,18
7102,18,18,10
7103,18,18,10
7104,18,18,10
7105,18,16,18
7106,18,18,10
7107,18,18,10
7108,18,18,10
7109,18,18,10
7110,18,18,10
7111,18,17,6
7112,18,18,10
7113,18,18,10
7114,18,18,10
7115,18,18,10
7116,18,18,10
7117,18,16,18
7118,18,16,18
7119,18,18,10
7120,18,4,0
7121,18,18,10
7122,18,16,18
7123,18,18,10
7124,18,18,10
7125,18,18,10
7126,18,18,10
7127,18,18,10
7128,18,18,10
7129,18,16,18
7130,18,18,10
7131,18,18,10
7132,18,18,10
7133,18,18,10
7134,18,18,10
7135,18,18,10
7136,18,18,10
7137,18,18,10
7138,18,18,10
7139,18,17,6
7140,18,16,18
7141,18,18,10
7142,18,18,10
7143,18,16,18
7144,18,16,18
7145,18,16,18
7146,18,18,10
7147,18,16,18
7148,18,18,10
7149,18,18,10
7150,18,13,9
7151,18,18,10
7152,18,18,10
7153,18,18,10
7154,18,18,10
7155,18,18,10
7156,18,18,10
7157,18,6,17
7158,18,18,10
7159,18,13,9
7160,18,18,10
7161,18,18,10
7162,18,16,18
7163,18,18,10
7164,18,18,10
7165,18,6,17
7166,18,18,10
7167,18,16,18
7168,18,18,10
7169,18,18,10
7170,18,16,18
7171,18,18,10
7172,18,16,18
7173,18,18,10
7174,18,16,18
7175,18,16,18
7176,18,16,18
7177,18,16,18
7178,18,16,18
7179,18,18,10
7180,18,18,10
7181,18,18,10
7182,18,18,10
7183,18,16,18
7184,18,18,10
7185,18,18,10
7186,18,18,10
7187,18,18,10
7188,18,16,18
7189,18,18,10
7190,18,16,18
7191,18,16,18
7192,18,16,18
7193,18,0,4
7194,18,16,18
7195,18,18,10
7196,18,18,10
7197,18,0,4
7198,18,0,4
7199,18,16,18
7200,18,16,18
7201,18,16,18
7202,18,18,10
7203,18,16,18
7204,18,18,10
7205,18,16,18
7206,18,18,10
7207,18,16,18
7208,18,16,18
7209,18,13,9
7210,18,18,10
7211,18,16,18
7212,18,0,4
7213,18,18,10
7214,18,18,10
7215,18,18,10
7216,18,17,6
7217,18,18,10
7218,18,18,10
7219,18,18,10
7220,18,16,18
7221,18,5,7
7222,18,16,18
7223,18,16,18
7224,18,18,10
7225,18,16,18
7226,18,16,18
7227,18,6,17
7228,18,18,10
7229,18,18,10
7230,18,16,18
7231,18,18,10
7232,18,16,18
7233,18,18,10
7234,18,18,10
7235,18,16,18
7236,18,11,2
7237,18,18,10
7238,18,16,18
7239,18,18,10
7240,18,18,10
7241,18,18,10
7242,18,16,18
7243,18,6,17
7244,18,16,18
7245,18,18,10
7246,18,16,18
7247,18,18,10
7248,18,18,10
7249,18,18,10
7250,18,16,18
7251,18,18,10
7252,18,18,10
7253,18,16,18
7254,18,18,10
7255,18,18,10
7256,18,18,10
7257,18,18,10
7258,18,18,10
7259,18,18,10
7260,18,18,10
7261,18,16,18
7262,18,18,10
7263,18,18,10
7264,18,18,10
7265,18,18,10
7266,18,16,18
7267,18,16,18
7268,18,18,10
7269,18,18,10
7270,18,16,18
7271,18,16,18
7272,18,18,10
7273,18,16,18
7274,18,16,18
7275,18,16,18
7276,18,16,18
7277,18,18,10
7278,18,18,10
7279,18,18,10
7280,18,16,18
7281,18,18,10
7282,18,16,18
7283,18,16,18
7284,18,18,10
7285,18,16,18
7286,18,6,17
7287,18,18,10
7288,18,18,10
7289,18,18,10
7290,18,18,10
7291,18,16,18
7292,18,18,10
7293,18,18,10
7294,18,16,18
7295,18,18,10
7296,18,18,10
7297,18,16,18
7298,18,18,10
7299,18,18,10
7300,18,18,10
7301,18,16,18
7302,18,16,18
7303,18,16,18
7304,18,18,10
7305,18,0,4
7306,18,0,4
7307,18,18,10
7308,18,18,10
7309,18,18,10
7310,18,18,10
7311,18,13,9
7312,18,18,10
7313,18,18,10
7314,18,16,18
7315,18,18,10
7316,18,16,18
7317,18,16,18
7318,18,0,4
7319,18,16,18
7320,18,18,10
7321,18,18,10
7322,18,18,10
7323,18,18,10
7324,18,13,9
7325,18,18,10
7326,18,18,10
7327,18,6,17
7328,18,16,18
7329,18,18,10
7330,18,17,6
7331,18,16,18
7332,18,13,9
7333,18,16,18
7334,18,13,9
7335,18,16,18
7336,18,18,10
7337,18,16,18
7338,18,18,10
7339,18,16,18
7340,18,16,18
7341,18,18,10
7342,18,16,18
7343,18,18,10
7344,18,13,9
7345,18,18,10
7346,18,11,2
7347,18,18,10
7348,18,16,18
7349,18,18,10
7350,18,16,18
7351,18,16,18
7352,18,16,18
7353,18,16,18
7354,18,18,10
7355,18,16,18
7356,18,18,10
7357,18,16,18
7358,18,18,10
7359,18,16,18
7360,18,16,18
7361,18,16,18
7362,18,18,10
7363,18,18,10
7364,18,18,10
7365,18,16,18
7366,18,17,6
7367,18,17,6
7368,18,18,10
7369,18,18,10
7370,18,18,10
7371,18,16,18
7372,18,16,18
7373,18,16,18
7374,18,18,10
7375,18,16,18
7376,18,16,18
7377,18,18,10
7378,18,18,10
7379,18,18,10
7380,18,6,17
7381,18,13,9
7382,18,18,10
7383,18,16,18
7384,18,18,10
7385,18,17,6
7386,18,16,18
7387,18,18,10
7388,18,18,10
7389,18,18,10
7390,18,18,10
7391,18,16,18
7392,18,16,18
7393,18,18,10
7394,18,18,10
7395,18,16,18
7396,18,18,10
7397,18,16,18
7398,18,16,18
7399,18,18,10
7400,18,18,10
7401,18,16,18
7402,18,16,18
7403,18,18,10
7404,18,18,10
7405,18,16,18
7406,18,5,7
7407,18,16,18
7408,18,11,2
7409,18,18,10
7410,18,18,10
7411,18,18,10
7412,18,18,10
7413,18,18,10
7414,18,18,10
7415,18,16,18
7416,18,18,10
7417,18,16,18
7418,18,16,18
7419,18,18,10
7420,18,16,18
7421,18,16,18
7422,18,16,18
7423,18,5,7
7424,18,16,18
7425,18,16,18
7426,18,18,10
7427,18,18,10
7428,18,18,10
7429,18,16,18
7430,18,18,10
7431,18,18,10
7432,18,16,18
7433,18,16,18
7434,18,18,10
7435,18,18,10
7436,18,16,18
7437,18,16,18
7438,18,18,10
7439,18,16,18
7440,18,16,18
7441,18,16,18
7442,18,18,10
7443,18,18,10
7444,18,16,18
7445,18,18,10
7446,18,18,10
7447,18,17,6
7448,18,16,18
7449,18,16,18
7450,18,18,10
7451,18,18,10
7452,18,16,18
7453,18,13,9
7454,5,16,18
7455,5,18,10
7456,5,16,18
7457,5,11,2
7458,5,16,18
7459,5,5,7
7460,5,16,18
7461,5,6,17
7462,5,18,10
7463,5,16,18
7464,5,16,18
7465,5,18,10
7466,5,18,10
7467,5,16,18
7468,5,17,6
7469,5,18,10
7470,5,16,18
7471,5,18,10
7472,5,16,18
7473,5,16,18
7474,5,6,17
7475,5,0,4
7476,5,18,10
7477,5,18,10
7478,5,16,18
7479,5,17,6
7480,5,18,10
7481,5,16,18
7482,5,16,18
7483,5,16,18
7484,5,18,10
7485,5,18,10
7486,5,18,10
7487,5,12,5
7488,5,6,17
7489,5,18,10
7490,5,16,18
7491,6,13,9
7492,6,18,10
7493,6,18,10
7494,6,18,10
7495,6,18,10
7496,6,16,18
7497,6,16,18
7498,6,18,10
7499,6,18,10
7500,6,18,10
7501,6,18,10
7502,6,18,10
7503,6,16,18
7504,6,18,10
7505,6,16,18
7506,6,16,18
7507,6,16,18
7508,6,16,18
7509,6,13,9
7510,6,16,18
7511,6,18,10
7512,6,5,7
7513,6,16,18
7514,6,18,10
7515,6,18,10
7516,6,18,10
7517,6,18,10
7518,6,18,10
7519,6,18,10
7520,6,18,10
7521,6,16,18
7522,6,16,18
7523,6,18,10
7524,6,16,18
7525,6,16,18
7526,6,6,17
7527,6,18,10
7528,6,18,10
7529,6,18,10
7530,6,18,10
7531,6,16,18
7532,6,16,18
7533,6,16,18
7534,6,16,18
7535,6,18,10
7536,6,18,10
7537,6,18,10
7538,6,18,10
7539,6,16,18
7540,6,18,10
7541,6,18,10
7542,6,18,10
7543,6,16,18
7544,6,18,10
7545,6,16,18
7546,6,16,18
7547,6,16,18
7548,6,18,10
7549,6,6,17
7550,6,18,10
7551,6,18,10
7552,6,18,10
7553,6,13,9
7554,6,18,10
7555,6,18,10
7556,6,16,18
7557,6,16,18
7558,6,16,18
7559,6,18,10
7560,6,17,6
7561,6,6,17
7562,6,18,10
7563,6,18,10
7564,6,18,10
7565,6,18,10
7566,6,16,18
7567,6,16,18
7568,6,16,18
7569,6,18,10
7570,6,5,7
7571,6,18,10
7572,6,17,6
7573,6,18,10
7574,6,6,17
7575,6,16,18
7576,6,18,10
7577,6,5,7
7578,6,16,18
7579,6,16,18
7580,6,17,6
7581,6,18,10
7582,6,16,18
7583,6,16,18
7584,6,17,6
7585,6,18,10
7586,6,16,18
7587,6,16,18
7588,6,16,18
7589,6,16,18
7590,6,0,4
7591,6,18,10
7592,6,16,18
7593,6,16,18
7594,6,16,18
7595,6,16,18
7596,6,16,18
7597,6,16,18
7598,6,16,18
7599,6,16,18
7600,6,16,18
7601,6,18,10
7602,6,18,10
7603,6,18,10
7604,6,18,10
7605,6,16,18
7606,6,18,10
7607,6,18,10
7608,6,18,10
7609,6,16,18
7610,6,17,6
7611,6,18,10
7612,6,18,10
7613,6,16,18
7614,6,16,18
7615,6,6,17
7616,6,18,10
7617,6,18,10
7618,6,18,10
7619,6,18,10
7620,6,16,18
7621,6,18,10
7622,6,5,7
7623,6,16,18
7624,6,18,10
7625,6,0,4
7626,6,18,10
7627,6,18,10
7628,6,16,18
7629,6,18,10
7630,6,18,10
7631,6,18,10
7632,6,18,10
7633,6,18,10
7634,6,18,10
7635,6,16,18
7636,6,18,10
7637,6,13,9
7638,6,18,10
7639,6,18,10
7640,6,18,10
7641,6,6,17
7642,6,16,18
7643,6,18,10
7644,6,18,10
7645,6,16,18
7646,6,18,10
7647,6,18,10
7648,6,16,18
7649,6,16,18
7650,6,18,10
7651,6,18,10
7652,6,18,10
7653,6,17,6
7654,6,16,18
7655,6,18,10
7656,6,17,6
7657,6,18,10
7658,6,18,10
7659,6,18,10
7660,6,18,10
7661,6,16,18
7662,6,18,10
7663,6,18,10
7664,6,18,10
7665,6,16,18
7666,6,18,10
7667,6,16,18
7668,6,18,10
7669,6,18,10
7670,6,18,10
7671,6,16,18
7672,6,5,7
7673,6,16,18
7674,6,18,10
7675,6,16,18
7676,6,5,7
7677,6,18,10
7678,6,16,18
7679,6,16,18
7680,6,17,6
7681,6,18,10
7682,6,18,10
7683,6,16,18
7684,6,16,18
7685,6,16,18
7686,6,6,17
7687,6,18,10
7688,6,16,18
7689,6,16,18
7690,6,16,18
7691,6,18,10
7692,6,16,18
7693,6,18,10
7694,6,16,18
7695,6,18,10
7696,6,16,18
7697,6,16,18
7698,6,6,17
7699,6,16,18
7700,6,16,18
7701,6,16,18
7702,6,18,10
7703,6,17,6
7704,6,16,18
7705,6,17,6
7706,6,18,10
7707,6,17,6
7708,6,18,10
7709,6,13,9
7710,6,16,18
7711,6,18,10
7712,6,16,18
7713,6,18,10
7714,6,18,10
7715,6,16,18
7716,6,16,18
7717,6,18,10
7718,6,16,18
7719,6,16,18
7720,6,18,10
7721,6,17,6
7722,6,18,10
7723,6,18,10
7724,6,18,10
7725,6,18,10
7726,6,18,10
7727,6,18,10
7728,6,18,10
7729,6,18,10
7730,6,18,10
7731,6,5,7
7732,6,18,10
7733,6,16,18
7734,6,18,10
7735,6,18,10
7736,6,16,18
7737,6,18,10
7738,6,18,10
7739,6,16,18
7740,6,18,10
7741,6,16,18
7742,6,16,18
7743,6,16,18
7744,6,16,18
7745,6,16,18
7746,6,16,18
7747,6,16,18
7748,6,18,10
7749,6,6,17
7750,6,17,6
7751,6,18,10
7752,6,18,10
7753,6,18,10
7754,6,16,18
7755,6,13,9
7756,6,16,18
7757,6,18,10
7758,6,18,10
7759,6,16,18
7760,6,18,10
7761,6,18,10
7762,6,13,9
7763,6,5,7
7764,6,18,10
7765,6,18,10
7766,6,18,10
7767,6,18,10
7768,6,16,18
7769,6,16,18
7770,6,18,10
7771,6,18,10
7772,6,18,10
7773,6,16,18
7774,6,16,18
7775,6,18,10
7776,6,17,6
7777,6,18,10
7778,6,16,18
7779,6,18,10
7780,6,18,10
7781,6,16,18
7782,6,13,9
7783,6,17,6
7784,6,18,10
7785,6,18,10
7786,6,16,18
7787,6,18,10
7788,6,18,10
7789,6,18,10
7790,6,18,10
7791,6,16,18
7792,6,17,6
7793,6,18,10
7794,6,16,18
7795,6,18,10
7796,6,5,7
7797,6,16,18
7798,6,17,6
7799,6,16,18
7800,6,18,10
7801,6,18,10
7802,6,16,18
7803,6,17,6
7804,6,18,10
7805,6,18,10
7806,6,18,10
7807,6,18,10
7808,6,16,18
7809,6,6,17
7810,6,16,18
7811,6,18,10
7812,6,18,10
7813,6,18,10
7814,6,18,10
7815,6,18,10
7816,6,18,10
7817,6,18,10
7818,6,16,18
7819,6,16,18
7820,6,18,10
7821,6,16,18
7822,6,18,10
7823,6,16,18
7824,6,18,10
7825,6,18,10
7826,6,17,6
7827,6,18,10
7828,6,18,10
7829,6,18,10
7830,6,16,18
7831,6,18,10
7832,6,16,18
7833,6,16,18
7834,6,16,18
7835,6,16,18
7836,6,18,10
7837,6,17,6
7838,6,16,18
7839,6,16,18
7840,6,18,10
7841,6,18,10
7842,6,18,10
7843,6,16,18
7844,6,16,18
7845,6,16,18
7846,6,18,10
7847,6,18,10
7848,6,18,10
7849,6,6,17
7850,6,16,18
7851,6,18,10
7852,6,16,18
7853,6,18,10
7854,6,16,18
7855,6,18,10
7856,6,6,17
7857,6,18,10
7858,6,18,10
7859,6,18,10
7860,6,18,10
7861,6,18,10
7862,6,18,10
7863,6,16,18
7864,6,18,10
7865,6,17,6
7866,6,6,17
7867,6,16,18
7868,6,18,10
7869,6,18,10
7870,6,16,18
7871,6,16,18
7872,6,18,10
7873,6,18,10
7874,6,18,10
7875,6,18,10
7876,6,6,17
7877,6,0,4
7878,6,18,10
7879,6,16,18
7880,6,18,10
7881,6,18,10
7882,6,18,10
7883,6,18,10
7884,6,16,18
7885,6,18,10
7886,6,18,10
7887,6,18,10
7888,6,16,18
7889,6,16,18
7890,6,18,10
7891,6,18,10
7892,6,18,10
7893,6,18,10
7894,6,18,10
7895,6,18,10
7896,6,16,18
7897,6,17,6
7898,6,18,10
7899,6,17,6
7900,6,16,18
7901,6,18,10
7902,6,16,18
7903,6,16,18
7904,6,18,10
7905,6,6,17
7906,6,18,10
7907,6,18,10
7908,6,17,6
7909,6,16,18
7910,6,18,10
7911,6,18,10
7912,6,6,17
7913,6,6,17
7914,6,16,18
7915,6,18,10
7916,6,16,18
7917,6,16,18
7918,6,16,18
7919,6,16,18
7920,6,16,18
7921,6,16,18
7922,6,18,10
7923,6,16,18
7924,6,18,10
7925,6,18,10
7926,6,16,18
7927,6,17,6
7928,6,18,10
7929,6,16,18
7930,6,16,18
7931,6,16,18
7932,6,16,18
7933,6,16,18
7934,6,18,10
7935,6,5,7
7936,6,18,10
7937,6,16,18
7938,6,18,10
7939,6,18,10
7940,6,16,18
7941,6,18,10
7942,6,18,10
7943,6,18,10
7944,6,16,18
7945,6,16,18
7946,6,13,9
7947,6,18,10
7948,6,17,6
7949,6,16,18
7950,6,18,10
7951,6,18,10
7952,6,6,17
7953,6,6,17
7954,6,18,10
7955,6,18,10
7956,6,18,10
7957,6,13,9
7958,6,16,18
7959,6,16,18
7960,6,16,18
7961,6,16,18
7962,6,17,6
7963,6,18,10
7964,6,5,7
7965,6,18,10
7966,6,18,10
7967,6,18,10
7968,6,18,10
7969,6,18,10
7970,6,16,18
7971,6,16,18
7972,6,16,18
7973,6,16,18
7974,6,18,10
7975,6,18,10
7976,6,18,10
7977,6,18,10
7978,6,16,18
7979,6,16,18
7980,6,16,18
7981,6,18,10
7982,6,5,7
7983,6,18,10
7984,6,18,10
7985,6,18,10
7986,6,16,18
7987,6,18,10
7988,6,16,18
7989,6,18,10
7990,6,16,18
7991,6,18,10
7992,6,16,18
7993,7,16,18
7994,7,18,10
7995,7,16,18
7996,7,18,10
7997,7,16,18
7998,7,16,18
7999,7,18,10
8000,7,13,9
8001,7,13,9
8002,7,18,10
8003,7,18,10
8004,7,16,18
8005,7,18,10
8006,7,16,18
8007,7,13,9
8008,7,7,13
8009,7,18,10
8010,7,5,7
8011,7,18,10
8012,7,18,10
8013,7,16,18
8014,7,18,10
8015,7,18,10
8016,7,18,10
8017,7,18,10
8018,7,18,10
8019,7,18,10
8020,7,16,18
8021,7,16,18
8022,7,16,18
8023,7,16,18
8024,7,16,18
8025,7,16,18
8026,7,16,18
8027,7,13,9
8028,7,18,10
8029,7,18,10
8030,7,16,18
8031,7,18,10
8032,7,16,18
8033,7,18,10
8034,7,18,10
8035,7,16,18
8036,7,18,10
8037,7,16,18
8038,7,18,10
8039,7,18,10
8040,7,18,10
8041,7,16,18
8042,7,17,6
8043,7,18,10
8044,7,18,10
8045,7,18,10
8046,7,18,10
8047,7,13,9
8048,7,18,10
8049,7,18,10
8050,7,18,10
8051,7,16,18
8052,7,18,10
8053,7,18,10
8054,7,18,10
8055,7,18,10
8056,7,18,10
8057,7,16,18
8058,7,18,10
8059,7,16,18
8060,7,18,10
8061,7,16,18
8062,7,18,10
8063,7,18,10
8064,7,18,10
8065,7,16,18
8066,7,18,10
8067,7,18,10
8068,7,16,18
8069,7,18,10
8070,7,16,18
8071,7,18,10
8072,7,18,10
8073,7,18,10
8074,7,18,10
8075,7,18,10
8076,7,18,10
8077,7,16,18
8078,7,16,18
8079,7,16,18
8080,7,16,18
8081,7,18,10
8082,7,18,10
8083,7,18,10
8084,7,18,10
8085,7,18,10
8086,7,18,10
8087,7,16,18
8088,7,16,18
8089,7,18,10
8090,7,16,18
8091,7,14,12
8092,7,16,18
8093,7,18,10
8094,7,16,18
8095,7,16,18
8096,7,16,18
8097,7,16,18
8098,7,16,18
8099,7,16,18
8100,7,18,10
8101,7,16,18
8102,7,16,18
8103,7,18,10
8104,7,16,18
8105,7,16,18
8106,7,16,18
8107,7,16,18
8108,7,18,10
8109,7,18,10
8110,7,6,17
8111,7,18,10
8112,7,16,18
8113,7,16,18
8114,7,18,10
8115,7,17,6
8116,7,18,10
8117,7,16,18
8118,7,16,18
8119,7,18,10
8120,7,18,10
8121,7,16,18
8122,7,16,18
8123,7,18,10
8124,7,16,18
8125,7,16,18
8126,7,18,10
8127,7,16,18
8128,7,18,10
8129,7,16,18
8130,7,18,10
8131,7,18,10
8132,7,16,18
8133,7,18,10
8134,7,18,10
8135,7,18,10
8136,7,16,18
8137,7,16,18
8138,7,16,18
8139,7,16,18
8140,7,16,18
8141,7,18,10
8142,7,13,9
8143,7,16,18
8144,7,18,10
8145,7,16,18
8146,7,13,9
8147,7,18,10
8148,7,18,10
8149,7,18,10
8150,7,18,10
8151,7,16,18
8152,7,16,18
8153,7,18,10
8154,7,16,18
8155,7,16,18
8156,7,16,18
8157,7,18,10
8158,7,16,18
8159,7,11,2
8160,7,11,2
8161,7,5,7
8162,7,5,7
8163,7,18,10
8164,7,18,10
8165,7,17,6
8166,7,16,18
8167,7,16,18
8168,7,18,10
8169,7,18,10
8170,7,16,18
8171,7,16,18
8172,7,17,6
8173,7,18,10
8174,7,18,10
8175,7,18,10
8176,7,18,10
8177,7,18,10
8178,7,18,10
8179,7,18,10
8180,7,18,10
8181,7,16,18
8182,7,18,10
8183,7,16,18
8184,7,17,6
8185,7,18,10
8186,7,18,10
8187,7,18,10
8188,7,18,10
8189,7,18,10
8190,7,5,7
8191,7,6,17
8192,7,16,18
8193,7,16,18
8194,7,16,18
8195,7,6,17
8196,7,13,9
8197,7,17,6
8198,7,18,10
8199,7,16,18
8200,7,18,10
8201,7,17,6
8202,7,18,10
8203,7,18,10
8204,7,18,10
8205,7,16,18
8206,7,18,10
8207,7,18,10
8208,7,18,10
8209,7,18,10
8210,7,18,10
8211,7,18,10
8212,7,17,6
8213,7,18,10
8214,7,18,10
8215,7,16,18
8216,7,18,10
8217,7,16,18
8218,7,18,10
8219,7,18,10
8220,7,18,10
8221,7,16,18
8222,7,18,10
8223,7,16,18
8224,7,18,10
8225,7,18,10
8226,7,18,10
8227,7,18,10
8228,7,18,10
8229,7,16,18
8230,7,16,18
8231,7,18,10
8232,7,16,18
8233,7,16,18
8234,7,18,10
8235,7,16,18
8236,7,16,18
8237,7,18,10
8238,7,16,18
8239,7,18,10
8240,7,16,18
8241,7,13,9
8242,7,18,10
8243,7,17,6
8244,7,18,10
8245,7,16,18
8246,7,18,10
8247,7,18,10
8248,7,16,18
8249,7,18,10
8250,7,16,18
8251,7,5,7
8252,7,16,18
8253,7,0,4
8254,7,18,10
8255,7,16,18
8256,7,18,10
8257,7,18,10
8258,7,16,18
8259,7,18,10
8260,7,16,18
8261,7,18,10
8262,7,17,6
8263,7,18,10
8264,7,18,10
8265,7,18,10
8266,7,18,10
8267,7,18,10
8268,7,18,10
8269,7,18,10
8270,7,16,18
8271,7,16,18
8272,7,5,7
8273,7,16,18
8274,7,17,6
8275,7,18,10
8276,7,5,7
8277,7,18,10
8278,7,18,10
8279,7,16,18
8280,7,5,7
8281,7,16,18
8282,7,18,10
8283,7,18,10
8284,7,18,10
8285,7,18,10
8286,7,18,10
8287,7,18,10
8288,7,18,10
8289,7,18,10
8290,7,16,18
8291,7,18,10
8292,7,18,10
8293,7,18,10
8294,7,0,4
8295,7,16,18
8296,7,17,6
8297,7,17,6
8298,7,18,10
8299,7,16,18
8300,7,16,18
8301,7,16,18
8302,7,18,10
8303,7,16,18
8304,7,16,18
8305,7,18,10
8306,7,16,18
8307,7,18,10
8308,7,18,10
8309,7,16,18
8310,7,18,10
8311,7,18,10
8312,7,18,10
8313,7,18,10
8314,7,16,18
8315,7,16,18
8316,7,18,10
8317,7,18,10
8318,7,16,18
8319,7,16,18
8320,7,16,18
8321,7,18,10
8322,7,17,6
8323,7,18,10
8324,7,18,10
8325,7,18,10
8326,7,18,10
8327,7,6,17
8328,7,6,17
8329,7,18,10
8330,7,18,10
8331,7,18,10
8332,7,18,10
8333,7,18,10
8334,7,16,18
8335,7,18,10
8336,7,18,10
8337,7,16,18
8338,7,16,18
8339,7,16,18
8340,7,18,10
8341,7,17,6
8342,7,16,18
8343,7,5,7
8344,7,16,18
8345,7,18,10
8346,7,18,10
8347,7,18,10
8348,7,5,7
8349,7,18,10
8350,7,18,10
8351,7,16,18
8352,7,18,10
8353,7,16,18
8354,7,18,10
8355,7,6,17
8356,7,16,18
8357,7,18,10
8358,7,18,10
8359,7,17,6
8360,7,16,18
8361,7,18,10
8362,7,16,18
8363,7,16,18
8364,7,16,18
8365,7,18,10
8366,7,18,10
8367,7,16,18
8368,7,16,18
8369,7,16,18
8370,7,16,18
8371,7,16,18
8372,7,18,10
8373,7,18,10
8374,7,0,4
8375,7,18,10
8376,7,18,10
8377,7,18,10
8378,7,18,10
8379,7,18,10
8380,7,0,4
8381,7,18,10
8382,7,16,18
8383,7,16,18
8384,7,5,7
8385,7,18,10
8386,7,18,10
8387,7,18,10
8388,7,17,6
8389,7,18,10
8390,7,16,18
8391,7,13,9
8392,7,16,18
8393,7,16,18
8394,7,16,18
8395,7,16,18
8396,7,18,10
8397,7,16,18
8398,7,18,10
8399,7,16,18
8400,7,16,18
8401,7,18,10
8402,7,13,9
8403,7,5,7
8404,7,16,18
8405,7,18,10
8406,7,18,10
8407,7,16,18
8408,7,16,18
8409,7,16,18
8410,7,16,18
8411,7,16,18
8412,7,18,10
8413,7,5,7
8414,7,5,7
8415,7,18,10
8416,7,16,18
8417,7,17,6
8418,7,18,10
8419,7,18,10
8420,7,17,6
8421,7,16,18
8422,7,16,18
8423,7,18,10
8424,7,16,18
8425,7,18,10
8426,7,18,10
8427,7,18,10
8428,7,18,10
8429,7,5,7
8430,7,18,10
8431,7,5,7
8432,7,18,10
8433,7,16,18
8434,7,18,10
8435,7,18,10
8436,7,18,10
8437,7,18,10
8438,7,18,10
8439,7,18,10
8440,7,18,10
8441,7,17,6
8442,7,16,18
8443,7,18,10
8444,7,18,10
8445,7,13,9
8446,7,16,18
8447,7,16,18
8448,7,16,18
8449,7,18,10
8450,7,18,10
8451,7,16,18
8452,7,18,10
8453,7,18,10
8454,7,18,10
8455,7,16,18
8456,7,18,10
8457,7,18,10
8458,7,16,18
8459,7,18,10
8460,7,6,17
8461,7,16,18
8462,7,18,10
8463,7,16,18
8464,7,18,10
8465,7,0,4
8466,7,5,7
8467,7,5,7
8468,7,16,18
8469,7,18,10
8470,7,16,18
8471,7,18,10
8472,7,16,18
8473,7,16,18
8474,7,16,18
8475,7,18,10
8476,7,18,10
8477,7,18,10
8478,7,18,10
8479,7,18,10
8480,7,16,18
8481,7,16,18
8482,7,16,18
8483,7,16,18
8484,7,16,18
8485,7,18,10
8486,7,13,9
8487,7,6,17
8488,7,18,10
8489,7,16,18
8490,7,17,6
8491,7,16,18
8492,7,18,10
8493,7,18,10
8494,7,16,18
8495,7,16,18
8496,7,18,10
8497,7,16,18
8498,7,18,10
8499,7,16,18
8500,7,18,10
8501,7,0,4
8502,7,5,7
8503,7,18,10
8504,7,5,7
8505,7,18,10
8506,7,18,10
8507,7,18,10
8508,7,18,10
8509,7,18,10
8510,7,18,10
8511,7,18,10
8512,7,18,10
8513,7,18,10
8514,7,16,18
8515,7,18,10
8516,7,18,10
8517,7,16,18
8518,7,13,9
8519,7,16,18
8520,7,17,6
8521,7,16,18
8522,7,16,18
8523,7,16,18
8524,7,16,18
8525,7,18,10
8526,7,18,10
8527,7,18,10
8528,7,18,10
8529,7,16,18
8530,7,16,18
8531,7,18,10
8532,7,18,10
8533,7,0,4
8534,7,18,10
8535,7,18,10
8536,7,16,18
8537,7,18,10
8538,7,18,10
8539,7,18,10
8540,7,6,17
8541,7,18,10
8542,7,16,18
8543,7,18,10
8544,7,18,10
8545,7,18,10
8546,7,18,10
8547,7,18,10
8548,7,16,18
8549,7,16,18
8550,7,18,10
8551,7,18,10
8552,7,16,18
8553,7,18,10
8554,7,5,7
8555,7,16,18
8556,7,16,18
8557,7,16,18
8558,7,18,10
8559,7,13,9
8560,7,11,2
8561,7,18,10
8562,7,18,10
8563,7,18,10
8564,7,16,18
8565,7,18,10
8566,7,17,6
8567,7,18,10
8568,7,18,10
8569,7,16,18
8570,7,16,18
8571,7,16,18
8572,7,16,18
8573,7,5,7
8574,7,16,18
8575,7,18,10
8576,7,18,10
8577,7,18,10
8578,7,16,18
8579,7,16,18
8580,7,16,18
8581,7,16,18
8582,7,16,18
8583,7,18,10
8584,7,16,18
8585,7,16,18
8586,7,16,18
8587,7,18,10
8588,7,16,18
8589,7,18,10
8590,7,16,18
8591,7,18,10
8592,7,18,10
8593,7,18,10
8594,7,16,18
8595,7,18,10
8596,7,18,10
8597,7,18,10
8598,7,16,18
8599,7,18,10
8600,7,18,10
8601,7,6,17
8602,7,18,10
8603,7,16,18
8604,7,18,10
8605,7,18,10
8606,7,18,10
8607,7,13,9
8608,7,18,10
8609,7,18,10
8610,7,18,10
8611,7,18,10
8612,7,16,18
8613,7,18,10
8614,7,17,6
8615,7,18,10
8616,7,18,10
8617,7,18,10
8618,7,16,18
8619,7,16,18
8620,7,18,10
8621,7,16,18
8622,7,16,18
8623,7,18,10
8624,7,18,10
8625,7,16,18
8626,7,16,18
8627,7,18,10
8628,7,16,18
8629,7,13,9
8630,7,6,17
8631,7,16,18
8632,7,16,18
8633,7,18,10
8634,7,16,18
8635,7,18,10
8636,7,16,18
8637,7,18,10
8638,7,16,18
8639,7,16,18
8640,7,18,10
8641,7,18,10
8642,7,16,18
8643,7,11,2
8644,7,16,18
8645,7,18,10
8646,7,16,18
8647,7,18,10
8648,7,18,10
8649,7,6,17
8650,7,16,18
8651,7,16,18
8652,7,18,10
8653,7,16,18
8654,7,5,7
8655,7,16,18
8656,7,18,10
8657,7,18,10
8658,7,18,10
8659,7,16,18
8660,7,16,18
8661,7,16,18
8662,7,17,6
8663,7,18,10
8664,7,13,9
8665,7,18,10
8666,7,18,10
8667,7,16,18
8668,7,16,18
8669,7,16,18
8670,7,16,18
8671,7,16,18
8672,7,16,18
8673,7,16,18
8674,7,16,18
8675,7,16,18
8676,7,11,2
8677,7,16,18
8678,7,16,18
8679,7,16,18
8680,7,18,10
8681,7,13,9
8682,7,16,18
8683,7,18,10
8684,7,17,6
8685,7,13,9
8686,8,16,18
8687,8,18,10
8688,8,16,18
8689,8,11,2
8690,8,16,18
8691,8,18,10
8692,8,18,10
8693,8,18,10
8694,8,11,2
8695,8,16,18
8696,8,18,10
8697,8,18,10
8698,8,18,10
8699,8,16,18
8700,8,18,10
8701,8,18,10
8702,8,18,10
8703,8,16,18
8704,8,16,18
8705,8,16,18
8706,8,18,10
8707,8,18,10
8708,8,16,18
8709,8,16,18
8710,8,18,10
8711,8,18,10
8712,8,18,10
8713,8,18,10
8714,8,18,10
8715,8,16,18
8716,8,16,18
8717,8,16,18
8718,8,6,17
8719,8,13,9
8720,8,16,18
8721,8,17,6
8722,8,16,18
8723,8,16,18
8724,8,18,10
8725,8,13,9
8726,8,13,9
8727,8,16,18
8728,8,16,18
8729,8,16,18
8730,8,16,18
8731,8,18,10
8732,8,16,18
8733,8,16,18
8734,8,18,10
8735,8,16,18
8736,8,5,7
8737,8,18,10
8738,8,16,18
8739,8,18,10
8740,8,16,18
8741,8,16,18
8742,8,16,18
8743,8,18,10
8744,8,18,10
8745,8,6,17
8746,8,18,10
8747,8,16,18
8748,8,16,18
8749,8,18,10
8750,8,16,18
8751,8,18,10
8752,8,6,17
8753,8,16,18
8754,8,16,18
8755,8,17,6
8756,8,16,18
8757,8,18,10
8758,8,16,18
8759,8,18,10
8760,8,5,7
8761,8,0,4
8762,8,16,18
8763,8,18,10
8764,8,16,18
8765,8,18,10
8766,8,18,10
8767,8,18,10
8768,8,16,18
8769,8,16,18
8770,8,16,18
8771,8,5,7
8772,8,17,6
8773,8,16,18
8774,8,16,18
8775,8,16,18
8776,8,18,10
8777,8,18,10
8778,8,18,10
8779,8,16,18
8780,8,18,10
8781,8,18,10
8782,8,16,18
8783,8,18,10
8784,8,5,7
8785,8,18,10
8786,8,18,10
8787,8,16,18
8788,8,18,10
8789,8,18,10
8790,8,18,10
8791,8,16,18
8792,8,18,10
8793,8,16,18
8794,8,18,10
8795,8,16,18
8796,8,16,18
8797,8,18,10
8798,8,18,10
8799,8,18,10
8800,8,18,10
8801,8,16,18
8802,8,16,18
8803,8,18,10
8804,8,16,18
8805,8,18,10
8806,8,16,18
8807,8,17,6
8808,8,13,9
8809,8,16,18
8810,8,13,9
8811,8,18,10
8812,8,16,18
8813,8,16,18
8814,8,16,18
8815,8,18,10
8816,8,18,10
8817,8,18,10
8818,8,16,18
8819,8,16,18
8820,8,18,10
8821,8,16,18
8822,8,5,7
8823,8,16,18
8824,8,16,18
8825,8,16,18
8826,8,16,18
8827,8,16,18
8828,8,16,18
8829,8,16,18
8830,8,18,10
8831,8,18,10
8832,8,18,10
8833,8,18,10
8834,8,18,10
8835,8,18,10
8836,8,18,10
8837,8,6,17
8838,8,18,10
8839,8,16,18
8840,8,16,18
8841,8,18,10
8842,8,18,10
8843,8,18,10
8844,8,16,18
8845,8,18,10
8846,8,18,10
8847,8,18,10
8848,8,16,18
8849,8,16,18
8850,8,18,10
8851,8,18,10
8852,8,5,7
8853,8,18,10
8854,8,18,10
8855,8,0,4
8856,8,16,18
8857,8,16,18
8858,8,18,10
8859,8,16,18
8860,8,18,10
8861,8,18,10
8862,8,18,10
8863,8,16,18
8864,8,18,10
8865,8,16,18
8866,8,5,7
8867,8,18,10
8868,8,16,18
8869,8,18,10
8870,8,16,18
8871,8,18,10
8872,8,18,10
8873,8,16,18
8874,8,16,18
8875,8,18,10
8876,8,18,10
8877,8,18,10
8878,8,5,7
8879,8,5,7
8880,8,16,18
8881,8,18,10
8882,8,18,10
8883,8,13,9
8884,8,18,10
8885,8,18,10
8886,8,6,17
8887,8,18,10
8888,8,16,18
8889,8,6,17
8890,8,16,18
8891,8,18,10
8892,8,18,10
8893,8,16,18
8894,8,18,10
8895,8,18,10
8896,8,18,10
8897,8,18,10
8898,8,16,18
8899,8,18,10
8900,8,13,9
8901,8,16,18
8902,8,16,18
8903,8,16,18
8904,8,17,6
8905,8,18,10
8906,8,18,10
8907,8,18,10
8908,8,18,10
8909,8,17,6
8910,8,5,7
8911,8,18,10
8912,8,17,6
8913,8,16,18
8914,8,16,18
8915,8,16,18
8916,8,16,18
8917,8,13,9
8918,8,16,18
8919,8,18,10
8920,8,16,18
8921,8,16,18
8922,8,16,18
8923,8,16,18
8924,8,16,18
8925,8,16,18
8926,8,18,10
8927,8,18,10
8928,8,6,17
8929,8,5,7
8930,8,18,10
8931,8,18,10
8932,8,18,10
8933,8,16,18
8934,8,16,18
8935,8,16,18
8936,8,16,18
8937,8,16,18
8938,8,16,18
8939,8,18,10
8940,8,18,10
8941,8,18,10
8942,8,18,10
8943,8,16,18
8944,8,18,10
8945,8,18,10
8946,8,16,18
8947,8,16,18
8948,8,18,10
8949,8,16,18
8950,8,18,10
8951,8,18,10
8952,8,16,18
8953,8,17,6
8954,8,16,18
8955,8,18,10
8956,8,16,18
8957,8,18,10
8958,8,6,17
8959,8,18,10
8960,8,18,10
8961,8,18,10
8962,8,18,10
8963,8,13,9
8964,8,13,9
8965,8,18,10
8966,8,18,10
8967,8,13,9
8968,8,16,18
8969,8,18,10
8970,8,16,18
8971,8,18,10
8972,8,18,10
8973,8,16,18
8974,8,16,18
8975,8,18,10
8976,8,18,10
8977,8,16,18
8978,8,18,10
8979,8,18,10
8980,8,16,18
8981,8,16,18
8982,8,18,10
8983,8,18,10
8984,8,18,10
8985,8,18,10
8986,8,16,18
8987,8,18,10
8988,8,18,10
8989,8,16,18
8990,8,18,10
8991,8,16,18
8992,8,18,10
8993,8,18,10
8994,8,18,10
8995,8,5,7
8996,8,16,18
8997,8,18,10
8998,8,16,18
8999,8,5,7
9000,8,16,18
9001,8,18,10
9002,8,18,10
9003,8,16,18
9004,8,16,18
9005,8,18,10
9006,8,18,10
9007,8,16,18
9008,8,5,7
9009,8,18,10
9010,8,16,18
9011,8,16,18
9012,8,18,10
9013,8,18,10
9014,8,18,10
9015,8,16,18
9016,8,16,18
9017,8,16,18
9018,8,18,10
9019,8,5,7
9020,8,18,10
9021,8,16,18
9022,8,18,10
9023,8,18,10
9024,8,18,10
9025,8,18,10
9026,8,16,18
9027,8,16,18
9028,8,18,10
9029,8,18,10
9030,8,16,18
9031,8,18,10
9032,8,18,10
9033,8,18,10
9034,8,18,10
9035,8,16,18
9036,8,16,18
9037,8,18,10
9038,8,18,10
9039,8,16,18
9040,8,18,10
9041,8,18,10
9042,8,17,6
9043,8,16,18
9044,8,16,18
9045,8,9,8
9046,8,16,18
9047,8,16,18
9048,8,16,18
9049,8,18,10
9050,8,17,6
9051,8,18,10
9052,8,18,10
9053,8,17,6
9054,8,18,10
9055,8,18,10
9056,8,18,10
9057,8,16,18
9058,8,16,18
9059,8,16,18
9060,8,0,4
9061,8,13,9
9062,8,5,7
9063,8,18,10
9064,8,18,10
9065,8,16,18
9066,8,13,9
9067,8,18,10
9068,8,18,10
9069,8,18,10
9070,8,6,17
9071,8,5,7
9072,8,16,18
9073,8,18,10
9074,8,18,10
9075,8,16,18
9076,8,18,10
9077,8,18,10
9078,8,18,10
9079,8,18,10
9080,8,16,18
9081,8,18,10
9082,8,16,18
9083,8,16,18
9084,8,18,10
9085,8,13,9
9086,8,16,18
9087,8,5,7
9088,8,16,18
9089,8,16,18
9090,8,18,10
9091,8,18,10
9092,8,18,10
9093,8,16,18
9094,8,16,18
9095,8,18,10
9096,8,18,10
9097,8,16,18
9098,8,18,10
9099,8,18,10
9100,8,17,6
9101,8,16,18
9102,8,18,10
9103,8,16,18
9104,8,16,18
9105,8,16,18
9106,8,16,18
9107,8,16,18
9108,8,18,10
9109,8,18,10
9110,8,18,10
9111,8,16,18
9112,8,18,10
9113,8,16,18
9114,8,18,10
9115,8,16,18
9116,8,17,6
9117,8,18,10
9118,8,16,18
9119,8,18,10
9120,8,17,6
9121,8,16,18
9122,8,13,9
9123,8,16,18
9124,8,16,18
9125,8,16,18
9126,8,16,18
9127,8,16,18
9128,8,16,18
9129,8,16,18
9130,8,18,10
9131,8,18,10
9132,8,16,18
9133,8,18,10
9134,8,16,18
9135,8,18,10
9136,8,5,7
9137,8,18,10
9138,8,18,10
9139,8,5,7
9140,8,18,10
9141,8,18,10
9142,8,18,10
9143,8,16,18
9144,8,18,10
9145,8,5,7
9146,8,16,18
9147,8,18,10
9148,8,16,18
9149,8,18,10
9150,8,13,9
9151,8,18,10
9152,8,16,18
9153,8,16,18
9154,8,16,18
9155,8,17,6
9156,8,16,18
9157,8,18,10
9158,8,13,9
9159,8,6,17
9160,8,18,10
9161,8,16,18
9162,8,16,18
9163,8,16,18
9164,8,16,18
9165,8,16,18
9166,8,16,18
9167,8,16,18
9168,8,18,10
9169,8,18,10
9170,8,16,18
9171,8,18,10
9172,8,16,18
9173,8,18,10
9174,8,16,18
9175,8,16,18
9176,8,18,10
9177,8,18,10
9178,8,18,10
9179,8,16,18
9180,8,16,18
9181,8,16,18
9182,8,18,10
9183,8,13,9
9184,8,18,10
9185,8,16,18
9186,8,16,18
9187,8,18,10
9188,8,0,4
9189,8,6,17
9190,8,18,10
9191,8,16,18
9192,8,5,7
9193,8,18,10
9194,8,16,18
9195,8,18,10
9196,8,18,10
9197,8,18,10
9198,8,18,10
9199,8,18,10
9200,8,17,6
9201,8,16,18
9202,8,18,10
9203,8,6,17
9204,8,16,18
9205,8,18,10
9206,8,18,10
9207,8,17,6
9208,8,13,9
9209,8,16,18
9210,8,17,6
9211,8,17,6
9212,8,17,6
9213,8,18,10
9214,8,18,10
9215,8,18,10
9216,8,18,10
9217,8,18,10
9218,8,18,10
9219,9,16,18
9220,9,18,10
9221,9,16,18
9222,9,18,10
9223,9,18,10
9224,9,18,10
9225,9,16,18
9226,9,18,10
9227,9,16,18
9228,9,16,18
9229,9,16,18
9230,9,16,18
9231,9,18,10
9232,9,16,18
9233,9,18,10
9234,9,16,18
9235,9,16,18
9236,9,18,10
9237,9,18,10
9238,9,16,18
9239,9,18,10
9240,9,18,10
9241,9,16,18
9242,9,18,10
9243,9,18,10
9244,9,6,17
9245,9,18,10
9246,9,18,10
9247,9,18,10
9248,9,6,17
9249,9,6,17
9250,9,18,10
9251,9,16,18
9252,9,18,10
9253,9,16,18
9254,9,18,10
9255,9,16,18
9256,9,18,10
9257,9,18,10
9258,9,16,18
9259,9,18,10
9260,9,18,10
9261,9,18,10
9262,9,16,18
9263,9,6,17
9264,9,18,10
9265,9,16,18
9266,9,16,18
9267,9,16,18
9268,9,18,10
9269,9,16,18
9270,9,16,18
9271,9,16,18
9272,9,16,18
9273,9,18,10
9274,9,17,6
9275,9,6,17
9276,9,18,10
9277,9,18,10
9278,9,18,10
9279,9,18,10
9280,9,5,7
9281,9,18,10
9282,9,18,10
9283,9,18,10
9284,9,16,18
9285,9,16,18
9286,9,13,9
9287,9,18,10
9288,9,18,10
9289,9,16,18
9290,9,18,10
9291,9,18,10
9292,9,18,10
9293,9,13,9
9294,9,18,10
9295,9,13,9
9296,9,16,18
9297,9,18,10
9298,9,18,10
9299,9,6,17
9300,9,18,10
9301,9,18,10
9302,9,18,10
9303,9,16,18
9304,9,18,10
9305,9,17,6
9306,9,16,18
9307,9,16,18
9308,9,16,18
9309,9,16,18
9310,9,18,10
9311,9,16,18
9312,9,13,9
9313,9,18,10
9314,9,13,9
9315,9,16,18
9316,9,16,18
9317,9,18,10
9318,9,18,10
9319,9,16,18
9320,9,16,18
9321,9,18,10
9322,9,16,18
9323,9,18,10
9324,9,16,18
9325,9,16,18
9326,9,18,10
9327,9,18,10
9328,9,18,10
9329,9,18,10
9330,9,13,9
9331,9,16,18
9332,9,16,18
9333,9,16,18
9334,9,18,10
9335,9,18,10
9336,9,18,10
9337,9,16,18
9338,9,16,18
9339,9,16,18
9340,9,16,18
9341,9,5,7
9342,9,13,9
9343,9,18,10
9344,9,16,18
9345,9,18,10
9346,9,16,18
9347,9,16,18
9348,9,16,18
9349,9,18,10
9350,9,18,10
9351,9,18,10
9352,9,18,10
9353,9,16,18
9354,9,18,10
9355,9,18,10
9356,9,16,18
9357,9,5,7
9358,9,18,10
9359,9,16,18
9360,9,16,18
9361,9,16,18
9362,9,18,10
9363,9,16,18
9364,9,18,10
9365,9,13,9
9366,9,18,10
9367,9,17,6
9368,9,18,10
9369,9,17,6
9370,9,16,18
9371,9,16,18
9372,9,18,10
9373,9,18,10
9374,9,18,10
9375,9,17,6
9376,9,16,18
9377,9,16,18
9378,9,16,18
9379,9,16,18
9380,9,16,18
9381,9,18,10
9382,9,18,10
9383,9,17,6
9384,9,16,18
9385,9,18,10
9386,9,16,18
9387,9,18,10
9388,9,16,18
9389,9,6,17
9390,9,18,10
9391,9,5,7
9392,9,18,10
9393,9,16,18
9394,9,18,10
9395,9,18,10
9396,9,18,10
9397,9,18,10
9398,9,18,10
9399,9,16,18
9400,9,18,10
9401,9,13,9
9402,9,18,10
9403,9,5,7
9404,9,0,4
9405,9,18,10
9406,9,18,10
9407,9,16,18
9408,9,18,10
9409,9,18,10
9410,9,17,6
9411,9,16,18
9412,9,16,18
9413,9,18,10
9414,9,18,10
9415,9,16,18
9416,9,16,18
9417,9,13,9
9418,9,16,18
9419,9,16,18
9420,9,18,10
9421,9,13,9
9422,9,18,10
9423,9,18,10
9424,9,17,6
9425,9,18,10
9426,9,16,18
9427,9,18,10
9428,9,16,18
9429,9,18,10
9430,9,18,10
9431,9,16,18
9432,9,16,18
9433,9,16,18
9434,9,18,10
9435,9,16,18
9436,9,17,6
9437,9,16,18
9438,9,17,6
9439,9,18,10
9440,9,18,10
9441,9,18,10
9442,9,16,18
9443,9,16,18
9444,9,16,18
9445,9,16,18
9446,9,18,10
9447,9,18,10
9448,9,16,18
9449,9,18,10
9450,9,16,18
9451,9,16,18
9452,9,16,18
9453,9,17,6
9454,9,16,18
9455,9,18,10
9456,9,18,10
9457,9,16,18
9458,9,18,10
9459,9,18,10
9460,9,18,10
9461,9,16,18
9462,9,18,10
9463,9,5,7
9464,9,18,10
9465,9,5,7
9466,9,16,18
9467,9,18,10
9468,9,18,10
9469,9,16,18
9470,9,18,10
9471,9,13,9
9472,9,16,18
9473,9,18,10
9474,9,6,17
9475,9,18,10
9476,9,5,7
9477,9,18,10
9478,9,18,10
9479,9,18,10
9480,9,16,18
9481,9,18,10
9482,9,5,7
9483,9,18,10
9484,9,18,10
9485,9,18,10
9486,9,16,18
9487,9,18,10
9488,9,16,18
9489,9,18,10
9490,9,16,18
9491,9,16,18
9492,9,5,7
9493,9,18,10
9494,9,16,18
9495,9,13,9
9496,9,16,18
9497,9,6,17
9498,9,16,18
9499,9,18,10
9500,9,18,10
9501,9,18,10
9502,9,18,10
9503,9,16,18
9504,9,18,10
9505,9,16,18
9506,9,18,10
9507,9,16,18
9508,9,18,10
9509,9,16,18
9510,9,18,10
9511,9,18,10
9512,9,18,10
9513,9,18,10
9514,9,16,18
9515,9,18,10
9516,9,16,18
9517,9,5,7
9518,9,16,18
9519,9,18,10
9520,9,17,6
9521,9,16,18
9522,9,16,18
9523,9,18,10
9524,9,18,10
9525,9,16,18
9526,9,5,7
9527,9,18,10
9528,9,18,10
9529,9,18,10
9530,9,18,10
9531,9,16,18
9532,9,18,10
9533,9,18,10
9534,9,18,10
9535,9,18,10
9536,9,18,10
9537,9,18,10
9538,9,18,10
9539,9,16,18
9540,9,18,10
9541,9,16,18
9542,9,18,10
9543,9,16,18
9544,9,16,18
9545,9,13,9
9546,9,18,10
9547,9,18,10
9548,9,18,10
9549,9,16,18
9550,9,13,9
9551,9,18,10
9552,9,18,10
9553,9,18,10
9554,9,16,18
9555,9,18,10
9556,9,18,10
9557,9,6,17
9558,9,16,18
9559,9,18,10
9560,9,16,18
9561,9,18,10
9562,9,18,10
9563,9,18,10
9564,9,18,10
9565,9,16,18
9566,9,18,10
9567,9,16,18
9568,9,18,10
9569,9,18,10
9570,9,16,18
9571,9,13,9
9572,9,5,7
9573,9,18,10
9574,9,6,17
9575,9,16,18
9576,9,6,17
9577,9,6,17
9578,9,16,18
9579,9,18,10
9580,9,16,18
9581,9,18,10
9582,9,16,18
9583,9,18,10
9584,9,0,4
9585,9,16,18
9586,9,16,18
9587,9,16,18
9588,9,18,10
9589,9,16,18
9590,9,18,10
9591,9,5,7
9592,9,18,10
9593,9,18,10
9594,9,16,18
9595,9,16,18
9596,9,18,10
9597,9,13,9
9598,9,18,10
9599,9,16,18
9600,9,16,18
9601,9,18,10
9602,9,16,18
9603,9,18,10
9604,9,18,10
9605,9,13,9
9606,9,18,10
9607,9,17,6
9608,9,16,18
9609,9,18,10
9610,9,18,10
9611,9,18,10
9612,9,18,10
9613,9,18,10
9614,9,16,18
9615,9,18,10
9616,9,16,18
9617,9,18,10
9618,9,6,17
9619,9,16,18
9620,9,13,9
9621,9,16,18
9622,9,6,17
9623,9,16,18
9624,9,16,18
9625,9,18,10
9626,9,18,10
9627,9,18,10
9628,9,16,18
9629,9,18,10
9630,9,18,10
9631,9,5,7
9632,9,18,10
9633,9,16,18
9634,9,18,10
9635,9,16,18
9636,9,16,18
9637,9,18,10
9638,9,16,18
9639,9,18,10
9640,9,17,6
9641,9,18,10
9642,9,16,18
9643,9,16,18
9644,9,18,10
9645,9,16,18
9646,9,13,9
9647,9,18,10
9648,9,13,9
9649,9,18,10
9650,9,16,18
9651,9,16,18
9652,9,17,6
9653,9,18,10
9654,9,18,10
9655,9,16,18
9656,9,16,18
9657,9,18,10
9658,9,13,9
9659,9,18,10
9660,9,17,6
9661,9,16,18
9662,9,18,10
9663,9,18,10
9664,9,18,10
9665,9,6,17
9666,9,16,18
9667,9,18,10
9668,9,18,10
9669,9,16,18
9670,9,16,18
9671,9,18,10
9672,9,16,18
9673,9,13,9
9674,9,16,18
9675,9,18,10
9676,9,18,10
9677,9,18,10
9678,9,16,18
9679,9,18,10
9680,9,6,17
9681,9,16,18
9682,9,18,10
9683,9,16,18
9684,9,5,7
9685,9,16,18
9686,9,17,6
9687,9,18,10
9688,9,18,10
9689,9,18,10
9690,9,18,10
9691,9,16,18
9692,9,18,10
9693,9,16,18
9694,9,16,18
9695,9,16,18
9696,9,18,10
9697,9,16,18
9698,9,16,18
9699,9,5,7
9700,9,16,18
9701,9,16,18
9702,9,18,10
9703,9,5,7
9704,9,13,9
9705,9,18,10
9706,9,16,18
9707,9,16,18
9708,9,18,10
9709,9,18,10
9710,9,18,10
9711,9,18,10
9712,9,8,3
9713,9,16,18
9714,9,17,6
9715,9,16,18
9716,9,17,6
9717,9,18,10
9718,9,16,18
9719,9,16,18
9720,9,18,10
9721,9,18,10
9722,9,17,6
9723,9,16,18
9724,9,16,18
9725,9,17,6
9726,9,18,10
9727,9,18,10
9728,9,16,18
9729,9,18,10
9730,9,16,18
9731,9,18,10
9732,9,16,18
9733,9,18,10
9734,9,18,10
9735,9,16,18
9736,9,18,10
9737,9,6,17
9738,9,18,10
9739,9,18,10
9740,9,18,10
9741,9,16,18
9742,9,18,10
9743,9,16,18
9744,9,16,18
9745,9,6,17
9746,9,18,10
9747,9,18,10
9748,9,18,10
9749,9,16,18
9750,9,16,18
9751,9,18,10
9752,9,13,9
9753,9,18,10
9754,9,16,18
9755,9,16,18
9756,9,18,10
9757,9,18,10
9758,9,16,18
9759,9,18,10
9760,9,16,18
9761,9,18,10
9762,9,18,10
9763,9,16,18
9764,9,16,18
9765,9,16,18
9766,9,16,18
9767,9,16,18
9768,9,18,10
9769,9,16,18
9770,9,16,18
9771,9,16,18
9772,9,16,18
9773,9,16,18
9774,9,2,16
9775,9,16,18
9776,9,18,10
9777,9,18,10
9778,9,18,10
9779,9,18,10
9780,9,18,10
9781,9,18,10
9782,9,18,10
9783,9,18,10
9784,9,16,18
9785,9,16,18
9786,9,18,10
9787,9,16,18
9788,9,18,10
9789,9,17,6
9790,9,17,6
9791,9,16,18
9792,9,17,6
9793,9,18,10
9794,9,18,10
9795,9,18,10
9796,9,18,10
9797,9,18,10
9798,9,17,6
9799,9,16,18
9800,9,18,10
9801,9,16,18
9802,9,16,18
9803,9,18,10
9804,9,18,10
9805,9,16,18
9806,9,18,10
9807,9,18,10
9808,9,18,10
9809,9,16,18
9810,9,5,7
9811,9,18,10
9812,9,18,10
9813,9,18,10
9814,9,16,18
9815,9,18,10
9816,9,13,9
9817,9,16,18
9818,9,16,18
9819,9,18,10
9820,9,18,10
9821,9,18,10
9822,9,16,18
9823,9,17,6
9824,9,13,9
9825,9,18,10
9826,9,16,18
9827,9,5,7
9828,9,18,10
9829,9,16,18
9830,9,16,18
9831,9,16,18
9832,9,16,18
9833,9,18,10
9834,9,18,10
9835,9,18,10
9836,9,17,6
9837,9,16,18
9838,9,16,18
9839,9,18,10
9840,9,16,18
9841,9,18,10
9842,9,16,18
9843,9,18,10
9844,9,16,18
9845,9,5,7
9846,9,16,18
9847,9,18,10
9848,9,16,18
9849,9,13,9
9850,9,5,7
9851,9,18,10
9852,9,16,18
9853,9,16,18
9854,9,16,18
9855,9,16,18
9856,9,18,10
9857,9,18,10
9858,9,16,18
9859,9,18,10
9860,9,18,10
9861,9,18,10
9862,9,18,10
9863,9,18,10
9864,9,5,7
9865,9,18,10
9866,9,18,10
9867,9,13,9
9868,9,18,10
9869,9,16,18
9870,9,18,10
9871,9,18,10
9872,9,16,18
9873,9,16,18
9874,9,18,10
9875,9,11,2
9876,9,16,18
9877,9,18,10
9878,9,18,10
9879,9,18,10
9880,9,11,2
9881,9,18,10
9882,9,16,18
9883,9,17,6
9884,9,18,10
9885,9,18,10
9886,9,16,18
9887,9,16,18
9888,9,18,10
9889,9,13,9
9890,9,18,10
9891,9,18,10
9892,9,16,18
9893,9,18,10
9894,9,18,10
9895,9,16,18
9896,9,18,10
9897,9,16,18
9898,9,18,10
9899,9,18,10
9900,9,5,7
9901,9,16,18
9902,9,18,10
9903,9,13,9
9904,9,16,18
9905,9,18,10
9906,9,18,10
9907,9,18,10
9908,9,13,9
9909,9,18,10
9910,9,16,18
9911,9,13,9
9912,9,18,10
9913,9,18,10
9914,9,18,10
9915,9,18,10
9916,9,16,18
9917,9,18,10
9918,9,5,7
9919,9,18,10
9920,9,16,18
9921,9,16,18
9922,9,16,18
9923,9,18,10
9924,9,18,10
9925,9,18,10
9926,9,18,10
9927,9,18,10
9928,9,18,10
9929,9,16,18
9930,9,18,10
9931,9,18,10
9932,9,16,18
9933,9,18,10
9934,9,18,10
9935,9,18,10
9936,9,18,10
9937,9,16,18
9938,9,16,18
9939,9,18,10
9940,9,16,18
9941,9,18,10
9942,9,18,10
9943,9,18,10
9944,9,18,10
9945,9,18,10
9946,9,17,6
9947,9,18,10
9948,9,18,10
9949,9,18,10
9950,9,18,10
9951,9,18,10
9952,9,18,10
9953,9,18,10
9954,9,18,10
9955,9,18,10
9956,9,16,18
9957,9,18,10
9958,9,16,18
9959,9,16,18
9960,9,17,6
9961,9,18,10
9962,9,16,18
9963,9,16,18
9964,9,16,18
9965,9,18,10
9966,9,16,18
9967,9,2,16
9968,9,18,10
9969,9,13,9
9970,9,16,18
9971,9,16,18
9972,9,16,18
9973,9,18,10
9974,9,16,18
9975,9,18,10
9976,9,18,10
9977,9,16,18
9978,9,18,10
9979,9,18,10
9980,9,18,10
9981,9,18,10
9982,9,18,10
9983,9,18,10
9984,9,18,10
9985,9,17,6
9986,9,18,10
9987,9,18,10
9988,9,18,10
9989,9,18,10
9990,9,18,10
9991,9,18,10
9992,9,18,10
9993,9,16,18
9994,9,6,17
9995,9,16,18
9996,9,16,18
9997,9,18,10
9998,9,17,6
9999,9,18,10
10000,9,18,10
10001,9,18,10
10002,9,18,10
10003,9,16,18
10004,9,18,10
10005,9,18,10
10006,9,18,10
10007,9,18,10
10008,9,18,10
10009,9,16,18
10010,9,18,10
10011,9,18,10
10012,9,6,17
10013,9,18,10
10014,9,17,6
10015,9,16,18
10016,9,0,4
10017,9,18,10
10018,10,16,18
10019,10,16,18
10020,10,18,10
10021,10,16,18
10022,10,18,10
10023,10,17,6
10024,10,18,10
10025,10,18,10
10026,10,18,10
10027,10,18,10
10028,10,17,6
10029,10,16,18
10030,10,16,18
10031,10,18,10
10032,10,18,10
10033,10,18,10
10034,10,17,6
10035,10,18,10
10036,10,16,18
10037,10,6,17
10038,10,18,10
10039,10,18,10
10040,10,16,18
10041,10,18,10
10042,10,17,6
10043,10,16,18
10044,10,16,18
10045,10,18,10
10046,10,18,10
10047,10,18,10
10048,10,16,18
10049,10,18,10
10050,10,18,10
10051,10,18,10
10052,10,16,18
10053,10,18,10
10054,10,16,18
10055,10,18,10
10056,10,18,10
10057,10,18,10
10058,10,18,10
10059,10,0,4
10060,10,16,18
10061,10,18,10
10062,10,18,10
10063,10,18,10
10064,10,5,7
10065,10,16,18
10066,10,18,10
10067,10,18,10
10068,10,5,7
10069,10,18,10
10070,10,18,10
10071,10,16,18
10072,10,18,10
10073,10,16,18
10074,10,18,10
10075,10,17,6
10076,10,16,18
10077,10,18,10
10078,10,18,10
10079,10,16,18
10080,10,0,4
10081,10,16,18
10082,10,18,10
10083,10,5,7
10084,10,0,4
10085,10,16,18
10086,10,18,10
10087,10,18,10
10088,10,5,7
10089,10,18,10
10090,10,18,10
10091,10,16,18
10092,10,18,10
10093,10,18,10
10094,10,18,10
10095,10,18,10
10096,10,18,10
10097,10,18,10
10098,10,18,10
10099,10,16,18
10100,10,18,10
10101,10,16,18
10102,10,16,18
10103,10,18,10
10104,10,17,6
10105,10,18,10
10106,10,18,10
10107,10,18,10
10108,10,17,6
10109,10,13,9
10110,10,16,18
10111,10,18,10
10112,10,16,18
10113,10,16,18
10114,10,18,10
10115,10,18,10
10116,10,18,10
10117,10,16,18
10118,10,17,6
10119,10,18,10
10120,10,16,18
10121,10,18,10
10122,10,17,6
10123,10,16,18
10124,10,18,10
10125,10,18,10
10126,10,18,10
10127,10,18,10
10128,10,18,10
10129,10,16,18
10130,10,18,10
10131,10,18,10
10132,10,18,10
10133,10,16,18
10134,10,16,18
10135,10,18,10
10136,10,16,18
10137,10,16,18
10138,10,16,18
10139,10,18,10
10140,10,18,10
10141,10,18,10
10142,10,16,18
10143,10,6,17
10144,10,18,10
10145,10,18,10
10146,10,16,18
10147,10,18,10
10148,10,6,17
10149,10,6,17
10150,10,16,18
10151,10,16,18
10152,10,18,10
10153,10,16,18
10154,10,18,10
10155,10,18,10
10156,10,18,10
10157,10,16,18
10158,10,16,18
10159,10,18,10
10160,10,18,10
10161,10,0,4
10162,10,16,18
10163,10,16,18
10164,10,16,18
10165,10,18,10
10166,10,16,18
10167,10,16,18
10168,10,18,10
10169,10,16,18
10170,10,13,9
10171,10,18,10
10172,10,17,6
10173,10,16,18
10174,10,6,17
10175,10,16,18
10176,10,18,10
10177,10,16,18
10178,10,18,10
10179,10,18,10
10180,10,16,18
10181,10,18,10
10182,10,18,10
10183,10,18,10
10184,10,16,18
10185,10,18,10
10186,10,16,18
10187,10,16,18
10188,10,18,10
10189,10,16,18
10190,10,16,18
10191,10,16,18
10192,10,16,18
10193,10,18,10
10194,10,16,18
10195,10,16,18
10196,10,18,10
10197,10,18,10
10198,10,18,10
10199,10,18,10
10200,10,18,10
10201,10,18,10
10202,10,16,18
10203,10,18,10
10204,10,16,18
10205,10,18,10
10206,10,16,18
10207,10,18,10
10208,10,16,18
10209,10,18,10
10210,10,18,10
10211,10,18,10
10212,10,5,7
10213,10,18,10
10214,10,18,10
10215,10,16,18
10216,10,18,10
10217,10,18,10
10218,10,18,10
10219,10,18,10
10220,10,18,10
10221,10,18,10
10222,10,6,17
10223,10,18,10
10224,10,18,10
10225,10,18,10
10226,10,16,18
10227,10,18,10
10228,10,18,10
10229,10,16,18
10230,10,18,10
10231,10,18,10
10232,10,18,10
10233,10,18,10
10234,10,18,10
10235,10,18,10
10236,10,18,10
10237,10,18,10
10238,10,18,10
10239,10,17,6
10240,10,16,18
10241,10,18,10
10242,10,16,18
10243,10,18,10
10244,10,18,10
10245,10,18,10
10246,10,18,10
10247,10,18,10
10248,10,16,18
10249,10,16,18
10250,10,16,18
10251,10,18,10
10252,10,17,6
10253,10,16,18
10254,10,16,18
10255,10,16,18
10256,10,18,10
10257,10,18,10
10258,10,16,18
10259,10,18,10
10260,10,18,10
10261,10,16,18
10262,10,16,18
10263,10,5,7
10264,10,16,18
10265,10,16,18
10266,10,13,9
10267,10,6,17
10268,10,16,18
10269,10,18,10
10270,10,16,18
10271,10,16,18
10272,10,16,18
10273,10,17,6
10274,10,16,18
10275,10,5,7
10276,10,6,17
10277,10,18,10
10278,10,17,6
10279,10,18,10
10280,10,16,18
10281,10,18,10
10282,10,17,6
10283,10,13,9
10284,10,5,7
10285,10,16,18
10286,10,18,10
10287,10,18,10
10288,10,16,18
10289,10,0,4
10290,10,17,6
10291,10,18,10
10292,10,18,10
10293,10,18,10
10294,10,18,10
10295,10,16,18
10296,10,16,18
10297,10,0,4
10298,10,18,10
10299,10,16,18
10300,10,18,10
10301,10,16,18
10302,10,16,18
10303,10,18,10
10304,10,18,10
10305,10,18,10
10306,10,18,10
10307,10,16,18
10308,10,18,10
10309,10,18,10
10310,10,17,6
10311,10,18,10
10312,10,18,10
10313,10,16,18
10314,10,16,18
10315,10,18,10
10316,10,16,18
10317,10,18,10
10318,10,18,10
10319,10,16,18
10320,10,18,10
10321,10,16,18
10322,10,18,10
10323,10,16,18
10324,10,16,18
10325,10,16,18
10326,10,16,18
10327,10,18,10
10328,10,16,18
10329,10,16,18
10330,10,18,10
10331,10,5,7
10332,10,18,10
10333,10,16,18
10334,10,16,18
10335,10,16,18
10336,10,16,18
10337,10,18,10
10338,10,18,10
10339,10,0,4
10340,10,18,10
10341,10,18,10
10342,10,18,10
10343,10,16,18
10344,10,18,10
10345,10,18,10
10346,10,16,18
10347,10,18,10
10348,10,16,18
10349,10,16,18
10350,10,18,10
10351,10,16,18
10352,10,13,9
10353,10,16,18
10354,10,16,18
10355,10,16,18
10356,10,17,6
10357,10,18,10
10358,10,18,10
10359,10,18,10
10360,10,5,7
10361,10,16,18
10362,10,16,18
10363,10,16,18
10364,10,16,18
10365,10,18,10
10366,10,16,18
10367,10,16,18
10368,10,18,10
10369,10,18,10
10370,10,18,10
10371,10,16,18
10372,10,16,18
10373,10,18,10
10374,10,18,10
10375,10,13,9
10376,10,16,18
10377,10,17,6
10378,10,13,9
10379,10,18,10
10380,10,18,10
10381,10,18,10
10382,10,16,18
10383,10,18,10
10384,10,18,10
10385,10,16,18
10386,10,17,6
10387,10,16,18
10388,10,16,18
10389,10,16,18
10390,10,17,6
10391,10,16,18
10392,10,18,10
10393,10,16,18
10394,10,18,10
10395,10,16,18
10396,10,0,4
10397,10,18,10
10398,10,16,18
10399,10,18,10
10400,10,16,18
10401,10,18,10
10402,10,18,10
10403,10,18,10
10404,10,16,18
10405,10,18,10
10406,10,18,10
10407,10,16,18
10408,10,18,10
10409,10,18,10
10410,10,16,18
10411,10,18,10
10412,10,18,10
10413,10,14,12
10414,10,18,10
10415,10,18,10
10416,10,18,10
10417,10,16,18
10418,10,18,10
10419,10,18,10
10420,10,18,10
10421,10,18,10
10422,10,6,17
10423,10,18,10
10424,10,16,18
10425,10,18,10
10426,10,18,10
10427,10,18,10
10428,10,18,10
10429,10,18,10
10430,10,18,10
10431,10,18,10
10432,10,18,10
10433,10,18,10
10434,10,18,10
10435,10,16,18
10436,10,18,10
10437,10,18,10
10438,10,18,10
10439,10,18,10
10440,10,6,17
10441,10,18,10
10442,10,18,10
10443,10,18,10
10444,10,18,10
10445,10,18,10
10446,10,18,10
10447,10,18,10
10448,10,18,10
10449,10,18,10
10450,10,18,10
10451,10,18,10
10452,10,18,10
10453,10,18,10
10454,10,18,10
10455,10,6,17
10456,10,18,10
10457,10,18,10
10458,10,13,9
10459,10,16,18
10460,10,16,18
10461,10,16,18
10462,10,18,10
10463,10,13,9
10464,10,18,10
10465,10,18,10
10466,10,18,10
10467,10,18,10
10468,10,16,18
10469,10,18,10
10470,10,18,10
10471,10,18,10
10472,10,18,10
10473,10,18,10
10474,10,18,10
10475,10,16,18
10476,10,18,10
10477,10,18,10
10478,10,18,10
10479,10,16,18
10480,10,18,10
10481,10,16,18
10482,10,18,10
10483,10,18,10
10484,10,18,10
10485,10,18,10
10486,10,18,10
10487,10,18,10
10488,10,18,10
10489,10,18,10
10490,10,18,10
10491,10,19,19
10492,10,5,7
10493,10,18,10
10494,10,16,18
10495,10,6,17
10496,10,16,18
10497,10,18,10
10498,10,0,4
10499,10,18,10
10500,10,18,10
10501,10,18,10
10502,10,18,10
10503,10,18,10
10504,10,16,18
10505,10,6,17
10506,10,18,10
10507,10,18,10
10508,10,18,10
10509,10,18,10
10510,10,16,18
10511,10,18,10
10512,10,18,10
10513,10,18,10
10514,10,6,17
10515,10,16,18
10516,10,6,17
10517,10,18,10
10518,10,16,18
10519,10,18,10
10520,10,16,18
10521,10,18,10
10522,10,16,18
10523,10,18,10
10524,10,18,10
10525,10,16,18
10526,10,18,10
10527,10,18,10
10528,10,18,10
10529,10,16,18
10530,10,16,18
10531,10,17,6
10532,10,18,10
10533,10,16,18
10534,10,18,10
10535,10,18,10
10536,10,18,10
10537,10,18,10
10538,10,16,18
10539,10,18,10
10540,10,18,10
10541,10,18,10
10542,10,18,10
10543,10,18,10
10544,10,18,10
10545,10,18,10
10546,10,18,10
10547,10,18,10
10548,10,18,10
10549,10,18,10
10550,10,6,17
10551,10,16,18
10552,10,18,10
10553,10,18,10
10554,10,18,10
10555,10,18,10
10556,10,18,10
10557,10,18,10
10558,10,18,10
10559,10,0,4
10560,10,18,10
10561,10,18,10
10562,10,18,10
10563,10,18,10
10564,10,18,10
10565,10,18,10
10566,10,18,10
10567,10,18,10
10568,10,18,10
10569,10,18,10
10570,10,18,10
10571,10,18,10
10572,10,18,10
10573,10,18,10
10574,10,16,18
10575,10,18,10
10576,10,18,10
10577,10,9,8
10578,10,16,18
10579,10,18,10
10580,10,16,18
10581,10,18,10
10582,10,16,18
10583,10,16,18
10584,10,18,10
10585,10,18,10
10586,10,16,18
10587,10,18,10
10588,10,18,10
10589,10,18,10
10590,10,18,10
10591,10,14,12
10592,10,18,10
10593,10,18,10
10594,10,16,18
10595,10,18,10
10596,10,18,10
10597,10,18,10
10598,10,18,10
10599,10,18,10
10600,10,18,10
10601,10,18,10
10602,10,18,10
10603,10,18,10
10604,10,18,10
10605,10,18,10
10606,10,18,10
10607,10,18,10
10608,10,18,10
10609,10,18,10
10610,10,15,11
10611,10,18,10
10612,10,18,10
10613,10,16,18
10614,10,16,18
10615,10,16,18
10616,10,16,18
10617,10,18,10
10618,10,18,10
10619,10,18,10
10620,10,18,10
10621,10,18,10
10622,10,18,10
10623,10,18,10
10624,10,18,10
10625,10,18,10
10626,10,18,10
10627,10,18,10
10628,10,0,4
10629,10,18,10
10630,10,18,10
10631,10,0,4
10632,10,18,10
10633,10,18,10
10634,10,18,10
10635,10,18,10
10636,10,18,10
10637,10,18,10
10638,10,18,10
10639,10,18,10
10640,10,18,10
10641,10,18,10
10642,10,18,10
10643,10,18,10
10644,10,18,10
10645,10,18,10
10646,10,18,10
10647,10,18,10
10648,10,18,10
10649,10,18,10
10650,10,18,10
10651,10,18,10
10652,10,18,10
10653,10,18,10
10654,10,18,10
10655,10,18,10
10656,10,18,10
10657,10,18,10
10658,10,18,10
10659,10,18,10
10660,10,17,6
10661,10,0,4
10662,10,18,10
10663,10,18,10
10664,10,18,10
10665,10,16,18
10666,10,18,10
10667,10,18,10
10668,10,18,10
10669,10,16,18
10670,10,16,18
10671,10,18,10
10672,10,18,10
10673,10,16,18
10674,10,18,10
10675,10,18,10
10676,10,18,10
10677,10,18,10
10678,10,18,10
10679,10,18,10
10680,10,18,10
10681,10,18,10
10682,10,18,10
10683,10,0,4
10684,10,18,10
10685,10,18,10
10686,10,18,10
10687,10,18,10
10688,10,18,10
10689,10,18,10
10690,10,18,10
10691,10,18,10
10692,10,18,10
10693,10,18,10
10694,10,16,18
10695,10,18,10
10696,10,6,17
10697,10,6,17
10698,10,18,10
10699,10,18,10
10700,10,18,10
10701,10,13,9
10702,10,18,10
10703,10,18,10
10704,10,18,10
10705,10,16,18
10706,10,18,10
10707,10,0,4
10708,10,10,14
10709,10,18,10
10710,10,18,10
10711,10,18,10
10712,10,18,10
10713,10,18,10
10714,10,18,10
10715,10,18,10
10716,10,18,10
10717,10,18,10
10718,10,18,10
10719,10,18,10
10720,10,6,17
10721,10,16,18
10722,10,18,10
10723,10,18,10
10724,10,18,10
10725,10,18,10
10726,10,18,10
10727,10,18,10
10728,10,18,10
10729,10,18,10
10730,10,18,10
10731,10,18,10
10732,10,18,10
10733,10,18,10
10734,10,16,18
10735,10,18,10
10736,10,5,7
10737,10,18,10
10738,10,18,10
10739,10,16,18
10740,10,16,18
10741,10,18,10
10742,10,6,17
10743,10,18,10
10744,10,18,10
10745,10,18,10
10746,10,18,10
10747,10,15,11
10748,10,18,10
10749,10,18,10
10750,10,18,10
10751,10,18,10
10752,10,16,18
10753,10,16,18
10754,10,18,10
10755,10,18,10
10756,10,18,10
10757,10,18,10
10758,10,5,7
10759,10,8,3
10760,10,16,18
10761,10,18,10
10762,10,18,10
10763,10,18,10
10764,10,18,10
10765,10,18,10
10766,10,18,10
10767,10,16,18
10768,10,18,10
10769,10,18,10
10770,10,18,10
10771,10,18,10
10772,10,18,10
10773,10,6,17
10774,10,16,18
10775,10,18,10
10776,10,10,14
10777,10,18,10
10778,10,18,10
10779,10,18,10
10780,10,18,10
10781,10,18,10
10782,10,18,10
10783,10,18,10
10784,10,18,10
10785,10,18,10
10786,10,18,10
10787,10,18,10
10788,10,18,10
10789,10,18,10
10790,10,18,10
10791,10,18,10
10792,10,16,18
10793,10,18,10
10794,10,18,10
10795,10,18,10
10796,10,18,10
10797,10,18,10
10798,10,18,10
10799,10,18,10
10800,10,16,18
10801,10,18,10
10802,10,16,18
10803,10,18,10
10804,10,18,10
10805,10,18,10
10806,10,18,10
10807,10,18,10
10808,10,9,8
10809,10,18,10
10810,10,18,10
10811,10,18,10
10812,10,18,10
10813,10,18,10
10814,10,9,8
10815,10,18,10
10816,10,16,18
10817,10,18,10
10818,10,16,18
10819,10,18,10
10820,10,18,10
10821,10,18,10
10822,10,10,14
10823,10,18,10
10824,10,18,10
10825,10,18,10
10826,10,18,10
10827,10,16,18
10828,10,9,8
10829,10,18,10
10830,10,18,10
10831,10,18,10
10832,10,6,17
10833,10,18,10
10834,10,18,10
10835,10,0,4
10836,10,18,10
10837,10,18,10
10838,10,18,10
10839,10,16,18
10840,10,16,18
10841,10,6,17
10842,10,16,18
10843,10,18,10
10844,10,18,10
10845,10,18,10
10846,10,18,10
10847,10,18,10
10848,10,0,4
10849,10,18,10
10850,10,16,18
10851,10,16,18
10852,10,16,18
10853,10,0,4
10854,10,18,10
10855,10,18,10
10856,10,18,10
10857,10,18,10
10858,10,18,10
10859,10,18,10
10860,10,18,10
10861,10,16,18
10862,10,18,10
10863,10,16,18
10864,10,18,10
10865,10,18,10
10866,10,18,10
10867,10,18,10
10868,10,18,10
10869,10,18,10
10870,10,18,10
10871,10,18,10
10872,10,18,10
10873,10,18,10
10874,10,18,10
10875,10,16,18
10876,10,18,10
10877,10,18,10
10878,10,16,18
10879,10,18,10
10880,10,5,7
10881,10,18,10
10882,10,17,6
10883,10,18,10
10884,10,18,10
10885,10,18,10
10886,10,18,10
10887,10,18,10
10888,10,16,18
10889,10,16,18
10890,10,18,10
10891,10,18,10
10892,10,18,10
10893,10,18,10
10894,10,6,17
10895,10,18,10
10896,10,18,10
10897,10,18,10
10898,10,18,10
10899,10,18,10
10900,10,18,10
10901,10,18,10
10902,10,16,18
10903,10,16,18
10904,10,16,18
10905,10,16,18
10906,10,16,18
10907,10,18,10
10908,10,18,10
10909,10,16,18
10910,10,18,10
10911,10,18,10
10912,10,18,10
10913,10,6,17
10914,10,18,10
10915,10,18,10
10916,10,18,10
10917,10,18,10
10918,10,18,10
10919,10,18,10
10920,10,18,10
10921,10,18,10
10922,10,18,10
10923,10,18,10
10924,10,18,10
10925,10,18,10
10926,10,18,10
10927,10,18,10
10928,10,18,10
10929,10,18,10
10930,10,18,10
10931,10,18,10
10932,10,18,10
10933,10,18,10
10934,10,16,18
10935,10,18,10
10936,10,18,10
10937,10,18,10
10938,10,18,10
10939,10,18,10
10940,10,18,10
10941,10,18,10
10942,10,18,10
10943,10,18,10
10944,10,18,10
10945,10,18,10
10946,10,18,10
10947,10,18,10
10948,10,18,10
10949,10,18,10
10950,10,18,10
10951,10,16,18
10952,10,18,10
10953,10,18,10
10954,10,11,2
10955,10,16,18
10956,10,18,10
10957,10,18,10
10958,10,18,10
10959,10,6,17
10960,10,18,10
10961,10,18,10
10962,10,6,17
10963,10,16,18
10964,10,18,10
10965,10,18,10
10966,10,18,10
10967,10,18,10
10968,10,18,10
10969,10,18,10
10970,10,18,10
10971,10,18,10
10972,10,18,10
10973,10,18,10
10974,10,16,18
10975,10,18,10
10976,10,18,10
10977,10,16,18
10978,10,18,10
10979,10,18,10
10980,10,18,10
10981,10,18,10
10982,10,18,10
10983,10,17,6
10984,10,18,10
10985,10,18,10
10986,10,18,10
10987,10,18,10
10988,10,18,10
10989,10,18,10
10990,10,18,10
10991,10,16,18
10992,10,16,18
10993,10,17,6
10994,10,17,6
10995,10,6,17
10996,10,18,10
10997,10,18,10
10998,10,18,10
10999,10,18,10
11000,10,18,10
11001,10,18,10
11002,10,18,10
11003,10,9,8
11004,10,18,10
11005,10,18,10
11006,10,18,10
11007,10,17,6
11008,10,18,10
11009,10,16,18
11010,10,18,10
11011,10,18,10
11012,10,18,10
11013,10,18,10
11014,10,18,10
11015,10,18,10
11016,10,18,10
11017,10,18,10
11018,10,18,10
11019,10,18,10
11020,10,18,10
11021,10,18,10
11022,10,18,10
11023,10,18,10
11024,10,18,10
11025,10,18,10
11026,10,16,18
11027,10,18,10
11028,10,18,10
11029,10,18,10
11030,10,18,10
11031,10,18,10
11032,10,18,10
11033,10,18,10
11034,10,18,10
11035,10,18,10
11036,10,18,10
11037,10,18,10
11038,10,18,10
11039,10,18,10
11040,10,18,10
11041,10,18,10
11042,10,11,2
11043,10,11,2
11044,10,18,10
11045,10,18,10
11046,10,16,18
11047,10,16,18
11048,10,16,18
11049,10,18,10
11050,10,18,10
11051,10,16,18
11052,10,18,10
11053,10,6,17
11054,10,18,10
11055,10,18,10
11056,10,18,10
11057,10,18,10
11058,10,18,10
11059,10,17,6
11060,10,18,10
11061,10,18,10
11062,10,18,10
11063,10,18,10
11064,10,18,10
11065,10,18,10
11066,10,18,10
11067,10,18,10
11068,10,16,18
11069,10,18,10
11070,10,16,18
11071,10,18,10
11072,10,18,10
11073,10,18,10
11074,10,18,10
11075,10,18,10
11076,10,18,10
11077,10,16,18
11078,10,18,10
11079,10,18,10
11080,10,18,10
11081,10,18,10
11082,10,18,10
11083,10,18,10
11084,10,18,10
11085,10,16,18
11086,10,18,10
11087,10,16,18
11088,10,18,10
11089,10,8,3
11090,10,18,10
11091,10,18,10
11092,10,18,10
11093,10,18,10
11094,10,6,17
11095,10,16,18
11096,10,16,18
11097,10,18,10
11098,10,18,10
11099,10,18,10
11100,10,18,10
11101,10,16,18
11102,10,18,10
11103,10,18,10
11104,10,18,10
11105,10,18,10
11106,10,18,10
11107,10,18,10
11108,10,18,10
11109,10,18,10
11110,10,18,10
11111,10,18,10
11112,10,16,18
11113,10,18,10
11114,10,18,10
11115,10,18,10
11116,10,18,10
11117,10,9,8
11118,10,18,10
11119,10,8,3
11120,10,6,17
11121,10,18,10
11122,10,18,10
11123,10,18,10
11124,10,16,18
11125,10,18,10
11126,10,18,10
11127,10,18,10
11128,10,18,10
11129,10,18,10
11130,10,16,18
11131,10,18,10
11132,10,18,10
11133,10,18,10
11134,10,18,10
11135,10,18,10
11136,10,16,18
11137,10,16,18
11138,10,18,10
11139,10,18,10
11140,10,18,10
11141,10,18,10
11142,10,18,10
11143,10,18,10
11144,10,16,18
11145,10,18,10
11146,10,18,10
11147,10,18,10
11148,10,18,10
11149,10,18,10
11150,10,18,10
11151,10,18,10
11152,10,18,10
11153,10,6,17
11154,10,6,17
11155,10,18,10
11156,10,18,10
11157,10,18,10
11158,10,18,10
11159,10,18,10
11160,10,16,18
11161,10,18,10
11162,10,18,10
11163,10,18,10
11164,10,18,10
11165,10,15,11
11166,10,18,10
11167,10,18,10
11168,10,18,10
11169,10,18,10
11170,10,18,10
11171,10,18,10
11172,10,18,10
11173,10,18,10
11174,10,18,10
11175,10,18,10
11176,10,18,10
11177,10,18,10
11178,10,18,10
11179,10,18,10
11180,10,18,10
11181,10,17,6
11182,10,0,4
11183,10,0,4
11184,10,18,10
11185,10,18,10
11186,10,5,7
11187,10,18,10
11188,10,18,10
11189,10,18,10
11190,10,18,10
11191,10,18,10
11192,10,18,10
11193,10,18,10
11194,10,18,10
11195,10,18,10
11196,10,18,10
11197,10,18,10
11198,10,18,10
11199,10,16,18
11200,10,18,10
11201,10,18,10
11202,10,18,10
11203,10,18,10
11204,10,18,10
11205,10,18,10
11206,10,16,18
11207,10,18,10
11208,10,18,10
11209,10,18,10
11210,10,18,10
11211,10,18,10
11212,10,18,10
11213,10,18,10
11214,10,3,15
11215,10,18,10
11216,10,18,10
11217,10,18,10
11218,10,18,10
11219,10,18,10
11220,10,18,10
11221,10,18,10
11222,10,18,10
11223,10,18,10
11224,10,18,10
11225,10,18,10
11226,10,18,10
11227,10,6,17
11228,10,18,10
11229,10,18,10
11230,10,18,10
11231,10,18,10
11232,10,18,10
11233,10,18,10
11234,10,18,10
11235,10,17,6
11236,10,17,6
11237,10,17,6
11238,10,16,18
11239,10,10,14
11240,10,18,10
11241,10,18,10
11242,10,18,10
11243,10,18,10
11244,10,16,18
11245,10,18,10
11246,10,18,10
11247,10,18,10
11248,10,18,10
11249,10,18,10
11250,10,18,10
11251,10,18,10
11252,10,16,18
11253,10,18,10
11254,10,18,10
11255,10,16,18
11256,10,18,10
11257,10,16,18
11258,10,5,7
11259,10,18,10
11260,10,18,10
11261,10,18,10
11262,10,18,10
11263,10,18,10
11264,10,18,10
11265,10,18,10
11266,10,18,10
11267,10,18,10
11268,10,18,10
11269,10,18,10
11270,10,18,10
11271,10,18,10
11272,10,6,17
11273,10,18,10
11274,10,18,10
11275,10,18,10
11276,10,18,10
11277,10,18,10
11278,10,18,10
11279,10,9,8
11280,10,18,10
11281,10,18,10
11282,10,18,10
11283,10,18,10
11284,10,18,10
11285,10,16,18
11286,10,14,12
11287,10,18,10
11288,10,16,18
11289,10,18,10
11290,10,18,10
11291,10,18,10
11292,10,18,10
11293,10,0,4
11294,10,18,10
11295,10,18,10
11296,10,15,11
11297,10,18,10
11298,10,18,10
11299,10,18,10
11300,10,18,10
11301,10,16,18
11302,10,6,17
11303,10,6,17
11304,10,18,10
11305,10,18,10
11306,10,18,10
11307,10,18,10
11308,10,18,10
11309,10,18,10
11310,10,16,18
11311,10,18,10
11312,10,14,12
11313,10,16,18
11314,10,16,18
11315,10,18,10
11316,10,16,18
11317,10,13,9
11318,10,15,11
11319,10,18,10
11320,10,18,10
11321,10,18,10
11322,10,18,10
11323,10,18,10
11324,10,18,10
11325,10,18,10
11326,10,18,10
11327,10,16,18
11328,10,18,10
11329,10,18,10
11330,10,18,10
11331,10,18,10
11332,10,18,10
11333,10,18,10
11334,10,18,10
11335,10,18,10
11336,10,18,10
11337,10,18,10
11338,10,18,10
11339,10,18,10
11340,10,18,10
11341,10,16,18
11342,10,18,10
11343,10,16,18
11344,10,18,10
11345,10,18,10
11346,10,18,10
11347,10,6,17
11348,10,18,10
11349,10,18,10
11350,10,18,10
11351,10,18,10
11352,10,18,10
11353,10,18,10
11354,10,16,18
11355,10,0,4
11356,10,16,18
11357,10,18,10
11358,10,16,18
11359,10,18,10
11360,10,18,10
11361,10,18,10
11362,10,18,10
11363,10,18,10
11364,10,18,10
11365,10,18,10
11366,10,6,17
11367,10,16,18
11368,10,18,10
11369,10,18,10
11370,10,18,10
11371,10,18,10
11372,10,16,18
11373,10,18,10
11374,10,18,10
11375,10,18,10
11376,10,16,18
11377,10,18,10
11378,10,16,18
11379,10,0,4
11380,10,18,10
11381,10,18,10
11382,10,18,10
11383,10,18,10
11384,10,18,10
11385,10,0,4
11386,10,18,10
11387,10,18,10
11388,10,16,18
11389,10,18,10
11390,10,18,10
11391,10,18,10
11392,10,16,18
11393,10,16,18
11394,10,18,10
11395,10,18,10
11396,10,16,18
11397,10,16,18
11398,10,18,10
11399,10,18,10
11400,10,16,18
11401,10,18,10
11402,10,18,10
11403,10,18,10
11404,10,6,17
11405,10,18,10
11406,10,18,10
11407,10,18,10
11408,10,18,10
11409,10,18,10
11410,10,18,10
11411,10,18,10
11412,10,16,18
11413,10,18,10
11414,10,18,10
11415,10,18,10
11416,10,18,10
11417,10,18,10
11418,10,16,18
11419,10,18,10
11420,10,13,9
11421,10,18,10
11422,10,18,10
11423,10,18,10
11424,10,16,18
11425,10,18,10
11426,10,16,18
11427,10,18,10
11428,10,18,10
11429,10,17,6
11430,10,18,10
11431,10,16,18
11432,10,16,18
11433,10,0,4
11434,10,18,10
11435,10,18,10
11436,10,0,4
11437,10,18,10
11438,10,18,10
11439,10,18,10
11440,10,18,10
11441,10,18,10
11442,10,18,10
11443,10,18,10
11444,10,18,10
11445,10,18,10
11446,10,18,10
11447,10,18,10
11448,10,18,10
11449,10,18,10
11450,10,18,10
11451,10,18,10
11452,10,18,10
11453,10,18,10
11454,10,18,10
11455,10,18,10
11456,10,18,10
11457,10,18,10
11458,10,18,10
11459,10,18,10
11460,10,16,18
11461,10,18,10
11462,10,18,10
11463,10,17,6
11464,10,18,10
11465,10,18,10
11466,10,18,10
11467,10,18,10
11468,10,18,10
11469,10,0,4
11470,10,18,10
11471,10,18,10
11472,10,16,18
11473,10,18,10
11474,10,16,18
11475,10,18,10
11476,10,18,10
11477,10,18,10
11478,10,18,10
11479,10,0,4
11480,10,18,10
11481,10,18,10
11482,10,18,10
11483,10,17,6
11484,10,18,10
11485,10,18,10
11486,10,18,10
11487,10,18,10
11488,10,18,10
11489,10,17,6
11490,10,18,10
11491,10,16,18
11492,10,16,18
11493,10,18,10
11494,10,18,10
11495,10,18,10
11496,10,18,10
11497,10,18,10
11498,10,6,17
11499,10,18,10
11500,10,18,10
11501,10,18,10
11502,10,18,10
11503,10,18,10
11504,10,18,10
11505,10,18,10
11506,10,18,10
11507,10,18,10
11508,10,18,10
11509,10,18,10
11510,10,18,10
11511,10,18,10
11512,10,18,10
11513,10,18,10
11514,10,18,10
11515,10,0,4
11516,10,18,10
11517,10,16,18
11518,10,16,18
11519,10,18,10
11520,10,16,18
11521,10,18,10
11522,10,18,10
11523,10,6,17
11524,10,16,18
11525,10,18,10
11526,10,18,10
11527,10,16,18
11528,10,16,18
11529,10,16,18
11530,10,16,18
11531,10,11,2
11532,10,18,10
11533,10,18,10
11534,10,18,10
11535,10,18,10
11536,10,18,10
11537,10,18,10
11538,10,18,10
11539,10,18,10
11540,10,18,10
11541,10,16,18
11542,10,18,10
11543,10,18,10
11544,10,18,10
11545,10,18,10
11546,10,18,10
11547,10,18,10
11548,10,18,10
11549,10,18,10
11550,10,18,10
11551,10,16,18
11552,10,18,10
11553,10,16,18
11554,10,16,18
11555,10,18,10
11556,10,18,10
11557,10,0,4
11558,10,18,10
11559,10,18,10
11560,10,18,10
11561,10,16,18
11562,10,18,10
11563,10,18,10
11564,10,18,10
11565,10,18,10
11566,10,18,10
11567,10,18,10
11568,10,13,9
11569,10,18,10
11570,10,18,10
11571,10,16,18
11572,10,16,18
11573,10,18,10
11574,10,18,10
11575,10,18,10
11576,10,18,10
11577,10,16,18
11578,10,16,18
11579,10,18,10
11580,10,18,10
11581,10,18,10
11582,10,18,10
11583,10,18,10
11584,10,6,17
11585,10,16,18
11586,10,18,10
11587,10,18,10
11588,10,18,10
11589,10,18,10
11590,10,18,10
11591,10,18,10
11592,10,16,18
11593,10,18,10
11594,10,18,10
11595,10,18,10
11596,10,16,18
11597,10,16,18
11598,10,16,18
11599,10,18,10
11600,10,18,10
11601,10,18,10
11602,10,18,10
11603,10,18,10
11604,10,18,10
11605,10,18,10
11606,10,18,10
11607,10,13,9
11608,10,18,10
11609,10,17,6
11610,10,16,18
11611,10,18,10
11612,10,16,18
11613,10,18,10
11614,10,18,10
11615,10,18,10
11616,10,0,4
11617,10,18,10
11618,10,18,10
11619,10,18,10
11620,10,18,10
11621,10,16,18
11622,10,18,10
11623,10,18,10
11624,10,18,10
11625,10,0,4
11626,10,16,18
11627,10,18,10
11628,10,16,18
11629,10,18,10
11630,10,18,10
11631,10,18,10
11632,10,18,10
11633,10,18,10
11634,10,18,10
11635,10,0,4
11636,10,18,10
11637,10,16,18
11638,10,14,12
11639,10,18,10
11640,10,18,10
11641,10,18,10
11642,10,16,18
11643,10,0,4
11644,10,18,10
11645,10,18,10
11646,10,13,9
11647,10,13,9
11648,10,18,10
11649,10,18,10
11650,10,16,18
11651,10,18,10
11652,10,18,10
11653,10,16,18
11654,10,16,18
11655,10,16,18
11656,10,18,10
11657,10,18,10
11658,10,18,10
11659,10,18,10
11660,10,16,18
11661,10,16,18
11662,10,18,10
11663,10,0,4
11664,10,18,10
11665,10,18,10
11666,10,16,18
11667,10,18,10
11668,10,18,10
11669,10,18,10
11670,10,13,9
11671,10,18,10
11672,10,18,10
11673,10,18,10
11674,10,18,10
11675,10,16,18
11676,10,18,10
11677,10,18,10
11678,10,18,10
11679,10,18,10
11680,10,18,10
11681,10,13,9
11682,10,6,17
11683,10,18,10
11684,10,18,10
11685,10,18,10
11686,10,6,17
11687,10,18,10
11688,10,16,18
11689,10,16,18
11690,10,18,10
11691,10,18,10
11692,10,18,10
11693,10,18,10
11694,10,16,18
11695,10,18,10
11696,10,18,10
11697,10,18,10
11698,10,18,10
11699,10,18,10
11700,10,18,10
11701,10,18,10
11702,10,18,10
11703,10,18,10
11704,10,0,4
11705,10,18,10
11706,10,16,18
11707,10,16,18
11708,10,18,10
11709,10,18,10
11710,10,18,10
11711,10,18,10
11712,10,18,10
11713,10,18,10
11714,10,18,10
11715,10,18,10
11716,10,18,10
11717,10,18,10
11718,10,18,10
11719,10,18,10
11720,10,18,10
11721,10,18,10
11722,10,18,10
11723,10,18,10
11724,10,18,10
11725,10,6,17
11726,10,18,10
11727,10,18,10
11728,10,16,18
11729,10,18,10
11730,10,18,10
11731,10,18,10
11732,10,18,10
11733,10,18,10
11734,10,6,17
11735,10,18,10
11736,10,18,10
11737,10,13,9
11738,10,16,18
11739,10,16,18
11740,10,16,18
11741,10,18,10
11742,10,18,10
11743,10,18,10
11744,10,18,10
11745,10,18,10
11746,10,18,10
11747,10,18,10
11748,10,18,10
11749,10,16,18
11750,10,18,10
11751,10,18,10
11752,10,18,10
11753,10,18,10
11754,10,16,18
11755,10,18,10
11756,10,18,10
11757,10,17,6
11758,10,18,10
11759,10,18,10
11760,10,18,10
11761,10,18,10
11762,10,18,10
11763,10,18,10
11764,10,18,10
11765,10,18,10
11766,10,16,18
11767,10,18,10
11768,10,18,10
11769,10,18,10
11770,10,18,10
11771,10,18,10
11772,10,18,10
11773,10,16,18
11774,10,16,18
11775,10,18,10
11776,10,18,10
11777,10,18,10
11778,10,18,10
11779,10,17,6
11780,10,18,10
11781,10,18,10
11782,10,16,18
11783,10,18,10
11784,10,18,10
11785,10,18,10
11786,10,9,8
11787,10,17,6
11788,10,18,10
11789,10,18,10
11790,10,18,10
11791,10,18,10
11792,10,16,18
11793,10,16,18
11794,10,18,10
11795,10,0,4
11796,10,18,10
11797,10,16,18
11798,10,18,10
11799,10,13,9
11800,10,16,18
11801,10,18,10
11802,10,18,10
11803,10,0,4
11804,10,18,10
11805,10,18,10
11806,10,6,17
11807,10,18,10
11808,10,18,10
11809,10,18,10
11810,10,18,10
11811,10,18,10
11812,10,18,10
11813,10,18,10
11814,10,16,18
11815,10,18,10
11816,10,18,10
11817,10,18,10
11818,10,18,10
11819,10,18,10
11820,10,18,10
11821,10,18,10
11822,10,16,18
11823,10,16,18
11824,10,13,9
11825,10,18,10
11826,10,18,10
11827,10,18,10
11828,10,16,18
11829,10,18,10
11830,10,18,10
11831,10,18,10
11832,10,18,10
11833,10,18,10
11834,10,18,10
11835,10,18,10
11836,10,16,18
11837,10,16,18
11838,10,18,10
11839,10,18,10
11840,10,18,10
11841,10,18,10
11842,10,16,18
11843,10,18,10
11844,10,18,10
11845,10,18,10
11846,10,18,10
11847,10,18,10
11848,10,18,10
11849,10,18,10
11850,10,16,18
11851,10,18,10
11852,10,18,10
11853,10,18,10
11854,10,18,10
11855,10,18,10
11856,10,18,10
11857,10,13,9
11858,10,18,10
11859,10,5,7
11860,10,18,10
11861,10,18,10
11862,10,18,10
11863,10,18,10
11864,10,18,10
11865,10,16,18
11866,10,16,18
11867,10,18,10
11868,10,18,10
11869,10,18,10
11870,10,18,10
11871,10,18,10
11872,10,18,10
11873,10,18,10
11874,10,16,18
11875,10,18,10
11876,10,18,10
11877,10,18,10
11878,10,18,10
11879,10,18,10
11880,10,18,10
11881,10,18,10
11882,10,18,10
11883,10,16,18
11884,10,18,10
11885,10,18,10
11886,10,18,10
11887,10,18,10
11888,10,13,9
11889,10,18,10
11890,10,18,10
11891,10,18,10
11892,10,18,10
11893,10,18,10
11894,10,18,10
11895,10,18,10
11896,10,18,10
11897,10,18,10
11898,10,18,10
11899,10,18,10
11900,10,18,10
11901,10,17,6
11902,10,18,10
11903,10,18,10
11904,10,18,10
11905,10,18,10
11906,10,18,10
11907,10,18,10
11908,10,18,10
11909,10,18,10
11910,10,18,10
11911,10,18,10
11912,10,18,10
11913,10,18,10
11914,10,18,10
11915,10,18,10
11916,10,18,10
11917,10,18,10
11918,10,5,7
11919,10,18,10
11920,10,2,16
11921,10,18,10
11922,10,18,10
11923,10,18,10
11924,10,18,10
11925,10,18,10
11926,10,6,17
11927,10,0,4
11928,10,18,10
11929,10,18,10
11930,10,18,10
11931,10,6,17
11932,10,18,10
11933,10,18,10
11934,10,18,10
11935,10,18,10
11936,10,18,10
11937,10,18,10
11938,10,18,10
11939,10,18,10
11940,10,5,7
11941,10,18,10
11942,10,18,10
11943,10,16,18
11944,10,18,10
11945,10,18,10
11946,10,16,18
11947,10,11,2
11948,10,18,10
11949,10,9,8
11950,10,18,10
11951,10,16,18
11952,10,17,6
11953,10,16,18
11954,10,18,10
11955,10,18,10
11956,10,18,10
11957,10,18,10
11958,10,18,10
11959,10,18,10
11960,10,18,10
11961,10,18,10
11962,10,16,18
11963,10,18,10
11964,10,16,18
11965,10,18,10
11966,10,18,10
11967,10,0,4
11968,10,18,10
11969,10,18,10
11970,10,18,10
11971,10,11,2
11972,10,11,2
11973,10,18,10
11974,10,18,10
11975,10,18,10
11976,10,16,18
11977,10,18,10
11978,10,18,10
11979,10,18,10
11980,10,18,10
11981,10,18,10
11982,10,18,10
11983,10,18,10
11984,10,18,10
11985,10,18,10
11986,10,18,10
11987,10,18,10
11988,10,18,10
11989,10,18,10
11990,10,18,10
11991,10,16,18
11992,10,16,18
11993,10,18,10
11994,10,18,10
11995,10,18,10
11996,10,18,10
11997,10,18,10
11998,10,18,10
11999,10,18,10
12000,10,18,10
12001,10,18,10
12002,10,18,10
12003,10,18,10
12004,10,18,10
12005,10,18,10
12006,10,16,18
12007,10,18,10
12008,10,18,10
12009,10,18,10
12010,10,18,10
12011,10,18,10
12012,10,18,10
12013,10,16,18
12014,10,18,10
12015,10,18,10
12016,10,18,10
12017,10,18,10
12018,10,18,10
12019,10,18,10
12020,10,18,10
12021,10,18,10
12022,10,18,10
12023,10,18,10
12024,10,18,10
12025,10,18,10
12026,10,18,10
12027,10,16,18
12028,10,17,6
12029,10,18,10
12030,10,18,10
12031,10,18,10
12032,10,18,10
12033,10,16,18
12034,10,18,10
12035,10,18,10
12036,10,18,10
12037,10,18,10
12038,10,18,10
12039,10,18,10
12040,10,16,18
12041,10,18,10
12042,10,16,18
12043,10,18,10
12044,10,18,10
12045,10,18,10
12046,10,18,10
12047,10,18,10
12048,10,18,10
12049,10,16,18
12050,10,18,10
12051,10,18,10
12052,10,18,10
12053,10,18,10
12054,10,18,10
12055,10,18,10
12056,10,18,10
12057,10,18,10
12058,10,18,10
12059,10,18,10
12060,10,16,18
12061,10,18,10
12062,10,18,10
12063,10,16,18
12064,10,18,10
12065,10,18,10
12066,10,18,10
12067,10,18,10
12068,10,18,10
12069,10,18,10
12070,10,18,10
12071,10,18,10
12072,10,16,18
12073,10,18,10
12074,10,18,10
12075,10,18,10
12076,10,17,6
12077,10,18,10
12078,10,18,10
12079,10,18,10
12080,10,18,10
12081,10,18,10
12082,10,18,10
12083,10,18,10
12084,10,18,10
12085,10,18,10
12086,10,18,10
12087,10,0,4
12088,10,18,10
12089,10,18,10
12090,10,18,10
12091,10,18,10
12092,10,18,10
12093,10,18,10
12094,10,18,10
12095,10,18,10
12096,10,6,17
12097,10,16,18
12098,10,18,10
12099,10,6,17
12100,10,18,10
12101,10,18,10
12102,10,16,18
12103,10,18,10
12104,10,18,10
12105,10,18,10
12106,10,18,10
12107,10,18,10
12108,10,6,17
12109,10,18,10
12110,10,6,17
12111,10,18,10
12112,10,18,10
12113,10,18,10
12114,10,16,18
12115,10,16,18
12116,10,13,9
12117,10,18,10
12118,10,18,10
12119,10,18,10
12120,10,18,10
12121,10,18,10
12122,10,18,10
12123,10,18,10
12124,10,18,10
12125,10,18,10
12126,10,18,10
12127,10,18,10
12128,10,18,10
12129,10,0,4
12130,10,18,10
12131,10,6,17
12132,10,18,10
12133,10,18,10
12134,10,18,10
12135,10,18,10
12136,10,18,10
12137,10,18,10
12138,10,16,18
12139,10,18,10
12140,10,18,10
12141,10,18,10
12142,10,18,10
12143,10,18,10
12144,10,18,10
12145,10,18,10
12146,10,18,10
12147,10,0,4
12148,10,18,10
12149,10,18,10
12150,10,18,10
12151,10,18,10
12152,10,18,10
12153,10,18,10
12154,10,18,10
12155,10,18,10
12156,10,18,10
12157,10,18,10
12158,10,0,4
12159,10,18,10
12160,10,18,10
12161,10,18,10
12162,10,18,10
12163,10,18,10
12164,10,13,9
12165,10,18,10
12166,10,18,10
12167,10,18,10
12168,10,18,10
12169,10,18,10
12170,10,18,10
12171,10,18,10
12172,10,18,10
12173,10,18,10
12174,10,17,6
12175,10,18,10
12176,10,18,10
12177,10,16,18
12178,10,18,10
12179,10,18,10
12180,10,16,18
12181,10,18,10
12182,10,18,10
12183,10,18,10
12184,10,17,6
12185,10,18,10
12186,10,18,10
12187,10,18,10
12188,10,18,10
12189,10,0,4
12190,10,18,10
12191,10,18,10
12192,10,16,18
12193,10,18,10
12194,10,18,10
12195,10,18,10
12196,10,18,10
12197,10,18,10
12198,10,16,18
12199,10,16,18
12200,10,18,10
12201,10,18,10
12202,10,18,10
12203,10,18,10
12204,10,18,10
12205,10,18,10
12206,10,18,10
12207,10,16,18
12208,10,18,10
12209,10,18,10
12210,10,18,10
12211,10,18,10
12212,10,18,10
12213,10,18,10
12214,10,18,10
12215,10,16,18
12216,10,18,10
12217,10,18,10
12218,10,18,10
12219,10,16,18
12220,10,16,18
12221,10,0,4
12222,10,18,10
12223,10,18,10
12224,10,18,10
12225,10,6,17
12226,10,18,10
12227,10,18,10
12228,10,18,10
12229,10,18,10
12230,10,18,10
12231,10,18,10
12232,10,18,10
12233,10,16,18
12234,10,18,10
12235,10,18,10
12236,10,18,10
12237,10,18,10
12238,10,18,10
12239,10,18,10
12240,10,0,4
12241,10,18,10
12242,10,18,10
12243,10,18,10
12244,10,18,10
12245,10,0,4
12246,10,18,10
12247,10,18,10
12248,10,18,10
12249,10,10,14
12250,10,18,10
12251,10,0,4
12252,10,18,10
12253,10,18,10
12254,10,0,4
12255,10,18,10
12256,10,18,10
12257,10,18,10
12258,10,5,7
12259,10,17,6
12260,10,18,10
12261,10,18,10
12262,10,18,10
12263,10,18,10
12264,10,18,10
12265,10,18,10
12266,10,18,10
12267,10,18,10
12268,10,18,10
12269,10,18,10
12270,10,18,10
12271,10,16,18
12272,10,18,10
12273,10,18,10
12274,10,18,10
12275,10,18,10
12276,10,16,18
12277,10,18,10
12278,10,18,10
12279,10,18,10
12280,10,18,10
12281,10,18,10
12282,10,5,7
12283,10,18,10
12284,10,18,10
12285,10,16,18
12286,10,16,18
12287,10,18,10
12288,10,18,10
12289,10,18,10
12290,10,18,10
12291,10,18,10
12292,10,18,10
12293,10,6,17
12294,10,16,18
12295,10,18,10
12296,10,18,10
12297,10,18,10
12298,10,18,10
12299,10,16,18
12300,10,16,18
12301,10,3,15
12302,10,16,18
12303,10,18,10
12304,10,16,18
12305,10,18,10
12306,10,18,10
12307,10,13,9
12308,10,18,10
12309,10,18,10
12310,10,18,10
12311,10,18,10
12312,10,13,9
12313,10,18,10
12314,10,6,17
12315,10,18,10
12316,10,9,8
12317,10,18,10
12318,10,16,18
12319,10,18,10
12320,10,18,10
12321,10,18,10
12322,10,18,10
12323,10,18,10
12324,10,16,18
12325,10,18,10
12326,10,18,10
12327,10,18,10
12328,10,6,17
12329,10,6,17
12330,10,18,10
12331,10,16,18
12332,10,18,10
12333,10,17,6
12334,10,18,10
12335,10,18,10
12336,10,0,4
12337,10,0,4
12338,10,18,10
12339,10,18,10
12340,10,18,10
12341,10,18,10
12342,10,18,10
12343,10,16,18
12344,10,6,17
12345,10,18,10
12346,10,18,10
12347,10,18,10
12348,10,6,17
12349,10,16,18
12350,10,18,10
12351,10,16,18
12352,10,16,18
12353,10,16,18
12354,10,19,19
12355,10,18,10
12356,10,18,10
12357,10,18,10
12358,10,16,18
12359,10,18,10
12360,10,18,10
12361,10,18,10
12362,10,18,10
12363,10,16,18
12364,10,16,18
12365,10,6,17
12366,10,18,10
12367,10,18,10
12368,10,18,10
12369,10,18,10
12370,10,18,10
12371,10,18,10
12372,10,18,10
12373,10,18,10
12374,10,18,10
12375,10,18,10
12376,10,18,10
12377,10,18,10
12378,10,18,10
12379,10,16,18
12380,10,18,10
12381,10,17,6
12382,10,16,18
12383,10,18,10
12384,10,18,10
12385,10,18,10
12386,10,16,18
12387,10,6,17
12388,10,16,18
12389,10,18,10
12390,10,6,17
12391,10,18,10
12392,10,18,10
12393,10,16,18
12394,10,18,10
12395,10,18,10
12396,10,16,18
12397,10,18,10
12398,10,18,10
12399,10,16,18
12400,10,18,10
12401,10,6,17
12402,10,18,10
12403,10,18,10
12404,10,18,10
12405,10,16,18
12406,10,18,10
12407,10,16,18
12408,10,18,10
12409,10,18,10
12410,10,17,6
12411,10,18,10
12412,10,18,10
12413,10,18,10
12414,10,18,10
12415,10,18,10
12416,10,18,10
12417,10,18,10
12418,10,18,10
12419,10,14,12
12420,10,18,10
12421,10,18,10
12422,10,18,10
12423,10,18,10
12424,10,10,14
12425,10,16,18
12426,10,18,10
12427,10,18,10
12428,10,10,14
12429,10,18,10
12430,10,16,18
12431,10,16,18
12432,10,6,17
12433,10,18,10
12434,10,18,10
12435,10,16,18
12436,10,16,18
12437,10,16,18
12438,10,18,10
12439,10,18,10
12440,10,16,18
12441,10,18,10
12442,10,18,10
12443,10,18,10
12444,10,18,10
12445,10,18,10
12446,10,18,10
12447,10,18,10
12448,10,18,10
12449,10,16,18
12450,10,18,10
12451,10,18,10
12452,10,18,10
12453,10,18,10
12454,10,18,10
12455,10,18,10
12456,10,18,10
12457,10,16,18
12458,10,18,10
12459,10,18,10
12460,10,18,10
12461,10,18,10
12462,10,16,18
12463,10,18,10
12464,10,16,18
12465,10,18,10
12466,10,18,10
12467,10,18,10
12468,10,18,10
12469,10,18,10
12470,10,18,10
12471,10,18,10
12472,10,16,18
12473,10,18,10
12474,10,18,10
12475,10,18,10
12476,10,16,18
12477,10,18,10
12478,10,18,10
12479,10,18,10
12480,10,18,10
12481,10,18,10
12482,10,18,10
12483,10,18,10
12484,10,18,10
12485,10,18,10
12486,10,16,18
12487,10,16,18
12488,10,18,10
12489,10,18,10
12490,10,18,10
12491,10,18,10
12492,10,6,17
12493,10,18,10
12494,10,18,10
12495,10,16,18
12496,10,18,10
12497,10,18,10
12498,10,13,9
12499,10,18,10
12500,10,16,18
12501,10,18,10
12502,10,18,10
12503,10,13,9
12504,10,18,10
12505,10,18,10
12506,10,18,10
12507,10,18,10
12508,10,18,10
12509,10,16,18
12510,10,16,18
12511,10,16,18
12512,10,18,10
12513,10,9,8
12514,10,5,7
12515,10,18,10
12516,10,18,10
12517,10,18,10
12518,10,6,17
12519,10,18,10
12520,10,16,18
12521,10,18,10
12522,10,18,10
12523,10,18,10
12524,10,18,10
12525,10,18,10
12526,10,18,10
12527,10,16,18
12528,10,18,10
12529,10,18,10
12530,10,2,16
12531,10,18,10
12532,10,18,10
12533,10,16,18
12534,10,16,18
12535,10,0,4
12536,10,18,10
12537,10,18,10
12538,10,18,10
12539,10,16,18
12540,10,18,10
12541,10,18,10
12542,10,16,18
12543,10,18,10
12544,10,16,18
12545,10,18,10
12546,10,18,10
12547,10,18,10
12548,10,18,10
12549,10,18,10
12550,10,18,10
12551,10,18,10
12552,10,16,18
12553,10,0,4
12554,10,18,10
12555,10,18,10
12556,10,16,18
12557,10,18,10
12558,10,18,10
12559,10,18,10
12560,10,18,10
12561,10,18,10
12562,10,18,10
12563,10,18,10
12564,10,18,10
12565,10,16,18
12566,10,18,10
12567,10,13,9
12568,10,16,18
12569,10,18,10
12570,10,18,10
12571,10,18,10
12572,10,18,10
12573,10,18,10
12574,10,18,10
12575,10,18,10
12576,10,18,10
12577,10,18,10
12578,10,18,10
12579,10,18,10
12580,10,18,10
12581,10,16,18
12582,10,18,10
12583,10,18,10
12584,10,18,10
12585,10,16,18
12586,10,18,10
12587,10,18,10
12588,10,18,10
12589,10,18,10
12590,10,18,10
12591,10,18,10
12592,10,18,10
12593,10,18,10
12594,10,18,10
12595,10,18,10
12596,10,18,10
12597,10,18,10
12598,10,18,10
12599,10,16,18
12600,10,18,10
12601,10,18,10
12602,10,18,10
12603,10,18,10
12604,10,18,10
12605,10,16,18
12606,10,18,10
12607,10,18,10
12608,10,16,18
12609,10,18,10
12610,10,18,10
12611,10,18,10
12612,10,18,10
12613,10,18,10
12614,10,18,10
12615,10,18,10
12616,10,18,10
12617,10,18,10
12618,10,6,17
12619,10,18,10
12620,10,18,10
12621,10,16,18
12622,10,18,10
12623,10,18,10
12624,10,18,10
12625,10,16,18
12626,10,18,10
12627,10,18,10
12628,10,18,10
12629,10,0,4
12630,10,16,18
12631,10,16,18
12632,10,18,10
12633,10,18,10
12634,10,18,10
12635,10,16,18
12636,10,18,10
12637,10,18,10
12638,10,18,10
12639,10,18,10
12640,10,18,10
12641,10,16,18
12642,10,6,17
12643,10,16,18
12644,10,18,10
12645,10,13,9
12646,10,0,4
12647,10,18,10
12648,10,18,10
12649,10,16,18
12650,10,18,10
12651,10,18,10
12652,10,18,10
12653,10,18,10
12654,10,18,10
12655,10,18,10
12656,10,18,10
12657,10,18,10
12658,10,18,10
12659,10,18,10
12660,10,18,10
12661,10,18,10
12662,10,18,10
12663,10,18,10
12664,10,18,10
12665,10,18,10
12666,10,18,10
12667,10,5,7
12668,10,18,10
12669,10,18,10
12670,10,18,10
12671,10,16,18
12672,10,16,18
12673,10,18,10
12674,10,18,10
12675,10,6,17
12676,10,18,10
12677,10,18,10
12678,10,18,10
12679,10,18,10
12680,10,18,10
12681,10,18,10
12682,10,18,10
12683,10,18,10
12684,10,18,10
12685,10,18,10
12686,10,18,10
12687,10,18,10
12688,10,16,18
12689,10,18,10
12690,10,18,10
12691,10,18,10
12692,10,18,10
12693,10,18,10
12694,10,17,6
12695,10,18,10
12696,10,18,10
12697,10,18,10
12698,10,18,10
12699,10,18,10
12700,10,18,10
12701,10,18,10
12702,10,18,10
12703,10,18,10
12704,10,18,10
12705,10,16,18
12706,10,16,18
12707,10,18,10
12708,10,18,10
12709,10,18,10
12710,10,16,18
12711,10,18,10
12712,10,6,17
12713,10,18,10
12714,10,18,10
12715,10,18,10
12716,10,16,18
12717,10,16,18
12718,10,18,10
12719,10,18,10
12720,10,18,10
12721,10,18,10
12722,10,18,10
12723,10,16,18
12724,10,18,10
12725,10,18,10
12726,10,18,10
12727,10,18,10
12728,10,18,10
12729,10,18,10
12730,10,18,10
12731,10,18,10
12732,10,18,10
12733,10,18,10
12734,10,18,10
12735,10,18,10
12736,10,18,10
12737,10,18,10
12738,10,18,10
12739,10,10,14
12740,10,18,10
12741,10,18,10
12742,10,18,10
12743,10,18,10
12744,10,18,10
12745,10,18,10
12746,10,18,10
12747,10,18,10
12748,10,13,9
12749,10,18,10
12750,10,18,10
12751,10,16,18
12752,10,6,17
12753,10,18,10
12754,10,18,10
12755,10,18,10
12756,10,18,10
12757,10,16,18
12758,10,18,10
12759,10,16,18
12760,10,18,10
12761,10,17,6
12762,10,18,10
12763,10,16,18
12764,10,18,10
12765,10,18,10
12766,10,18,10
12767,10,18,10
12768,10,18,10
12769,10,18,10
12770,10,18,10
12771,10,6,17
12772,10,18,10
12773,10,18,10
12774,10,18,10
12775,10,18,10
12776,10,18,10
12777,10,18,10
12778,10,16,18
12779,10,0,4
12780,10,18,10
12781,10,18,10
12782,10,6,17
12783,10,18,10
12784,10,18,10
12785,10,18,10
12786,10,16,18
12787,10,18,10
12788,10,18,10
12789,10,18,10
12790,10,18,10
12791,10,18,10
12792,10,18,10
12793,10,18,10
12794,10,18,10
12795,10,18,10
12796,10,18,10
12797,10,16,18
12798,10,18,10
12799,10,16,18
12800,10,18,10
12801,10,6,17
12802,10,16,18
12803,10,6,17
12804,10,18,10
12805,10,18,10
12806,10,18,10
12807,10,18,10
12808,10,18,10
12809,10,18,10
12810,10,18,10
12811,10,18,10
12812,10,16,18
12813,10,16,18
12814,10,18,10
12815,10,18,10
12816,10,18,10
12817,10,18,10
12818,10,18,10
12819,10,18,10
12820,10,18,10
12821,10,18,10
12822,10,18,10
12823,10,18,10
12824,10,18,10
12825,10,18,10
12826,10,18,10
12827,10,18,10
12828,10,18,10
12829,10,18,10
12830,10,16,18
12831,10,18,10
12832,10,18,10
12833,10,16,18
12834,10,18,10
12835,10,18,10
12836,10,18,10
12837,10,16,18
12838,10,16,18
12839,10,16,18
12840,10,18,10
12841,10,18,10
12842,10,17,6
12843,10,18,10
12844,10,18,10
12845,10,18,10
12846,10,18,10
12847,10,16,18
12848,10,18,10
12849,10,18,10
12850,10,18,10
12851,10,6,17
12852,10,18,10
12853,10,0,4
12854,10,18,10
12855,10,16,18
12856,10,0,4
12857,10,18,10
12858,10,18,10
12859,10,18,10
12860,10,18,10
12861,10,13,9
12862,10,18,10
12863,10,18,10
12864,10,18,10
12865,10,16,18
12866,10,18,10
12867,10,18,10
12868,10,18,10
12869,10,18,10
12870,10,18,10
12871,10,18,10
12872,10,6,17
12873,10,18,10
12874,10,18,10
12875,10,18,10
12876,10,16,18
12877,10,18,10
12878,10,18,10
12879,10,18,10
12880,10,16,18
12881,10,18,10
12882,10,18,10
12883,10,16,18
12884,10,18,10
12885,10,5,7
12886,10,13,9
12887,10,18,10
12888,10,17,6
12889,10,16,18
12890,10,18,10
12891,10,18,10
12892,10,18,10
12893,10,18,10
12894,10,16,18
12895,10,18,10
12896,10,18,10
12897,10,9,8
12898,10,18,10
12899,10,11,2
12900,10,18,10
12901,10,18,10
12902,10,18,10
12903,10,18,10
12904,10,16,18
12905,10,18,10
12906,10,6,17
12907,10,0,4
12908,10,18,10
12909,10,18,10
12910,10,18,10
12911,10,16,18
12912,10,18,10
12913,10,6,17
12914,10,18,10
12915,10,18,10
12916,10,18,10
12917,10,17,6
12918,10,18,10
12919,10,6,17
12920,10,18,10
12921,10,18,10
12922,10,18,10
12923,10,18,10
12924,10,16,18
12925,10,18,10
12926,10,18,10
12927,10,18,10
12928,10,18,10
12929,10,6,17
12930,10,18,10
12931,10,18,10
12932,10,16,18
12933,10,18,10
12934,10,18,10
12935,10,18,10
12936,10,16,18
12937,10,16,18
12938,10,18,10
12939,10,18,10
12940,10,6,17
12941,10,18,10
12942,10,18,10
12943,10,18,10
12944,10,16,18
12945,10,16,18
12946,10,18,10
12947,10,18,10
12948,10,18,10
12949,10,18,10
12950,10,16,18
12951,10,18,10
12952,10,18,10
12953,10,18,10
12954,10,16,18
12955,10,16,18
12956,10,18,10
12957,10,18,10
12958,10,18,10
12959,10,18,10
12960,10,18,10
12961,10,18,10
12962,10,18,10
12963,10,18,10
12964,10,18,10
12965,10,18,10
12966,10,18,10
12967,10,18,10
12968,10,16,18
12969,10,18,10
12970,10,16,18
12971,10,18,10
12972,10,18,10
12973,10,18,10
12974,10,18,10
12975,10,1,1
12976,10,18,10
12977,10,18,10
12978,10,18,10
12979,10,18,10
12980,10,18,10
12981,10,13,9
12982,10,18,10
12983,10,16,18
12984,10,18,10
12985,10,16,18
12986,10,18,10
12987,10,18,10
12988,10,18,10
12989,10,16,18
12990,10,18,10
12991,10,18,10
12992,10,18,10
12993,10,18,10
12994,10,18,10
12995,10,18,10
12996,10,18,10
12997,10,18,10
12998,10,18,10
12999,10,18,10
13000,10,18,10
13001,10,18,10
13002,10,16,18
13003,10,16,18
13004,10,18,10
13005,10,18,10
13006,10,16,18
13007,10,18,10
13008,10,18,10
13009,10,16,18
13010,10,16,18
13011,10,18,10
13012,10,18,10
13013,10,6,17
13014,10,18,10
13015,10,18,10
13016,10,18,10
13017,10,18,10
13018,10,18,10
13019,10,18,10
13020,10,18,10
13021,10,18,10
13022,10,16,18
13023,10,18,10
13024,10,16,18
13025,10,16,18
13026,10,18,10
13027,10,18,10
13028,10,18,10
13029,10,18,10
13030,10,16,18
13031,10,16,18
13032,10,16,18
13033,10,18,10
13034,10,16,18
13035,10,18,10
13036,10,18,10
13037,10,16,18
13038,10,18,10
13039,10,18,10
13040,10,18,10
13041,10,0,4
13042,10,18,10
13043,10,18,10
13044,10,16,18
13045,10,16,18
13046,10,18,10
13047,10,18,10
13048,10,18,10
13049,10,16,18
13050,10,18,10
13051,10,18,10
13052,10,18,10
13053,10,18,10
13054,10,18,10
13055,10,18,10
13056,10,18,10
13057,10,18,10
13058,10,16,18
13059,10,16,18
13060,10,6,17
13061,10,6,17
13062,10,6,17
13063,10,18,10
13064,10,16,18
13065,10,16,18
13066,10,16,18
13067,10,18,10
13068,10,16,18
13069,10,16,18
13070,10,18,10
13071,10,17,6
13072,10,18,10
13073,10,5,7
13074,10,8,3
13075,10,18,10
13076,10,16,18
13077,10,18,10
13078,10,18,10
13079,10,18,10
13080,10,18,10
13081,10,18,10
13082,10,16,18
13083,10,16,18
13084,10,16,18
13085,10,16,18
13086,10,5,7
13087,10,16,18
13088,10,16,18
13089,10,18,10
13090,10,18,10
13091,10,18,10
13092,10,16,18
13093,10,16,18
13094,10,18,10
13095,10,16,18
13096,10,18,10
13097,10,16,18
13098,10,18,10
13099,10,16,18
13100,10,16,18
13101,10,18,10
13102,10,16,18
13103,10,16,18
13104,10,18,10
13105,10,16,18
13106,10,18,10
13107,10,18,10
13108,10,0,4
13109,10,18,10
13110,10,18,10
13111,10,18,10
13112,10,16,18
13113,10,18,10
13114,10,18,10
13115,10,18,10
13116,10,0,4
13117,10,18,10
13118,10,16,18
13119,10,18,10
13120,10,18,10
13121,10,18,10
13122,10,18,10
13123,10,18,10
13124,10,18,10
13125,10,18,10
13126,10,18,10
13127,10,18,10
13128,10,18,10
13129,10,18,10
13130,10,13,9
13131,10,16,18
13132,10,18,10
13133,10,18,10
13134,10,18,10
13135,10,18,10
13136,10,18,10
13137,10,18,10
13138,10,16,18
13139,10,11,2
13140,10,16,18
13141,10,13,9
13142,10,16,18
13143,10,16,18
13144,10,18,10
13145,10,18,10
13146,10,16,18
13147,10,16,18
13148,10,16,18
13149,10,17,6
13150,10,16,18
13151,10,16,18
13152,10,18,10
13153,10,18,10
13154,10,16,18
13155,10,17,6
13156,10,18,10
13157,10,18,10
13158,10,18,10
13159,10,18,10
13160,10,18,10
13161,10,16,18
13162,10,18,10
13163,10,6,17
13164,10,6,17
13165,10,18,10
13166,10,6,17
13167,10,16,18
13168,10,18,10
13169,10,16,18
13170,10,18,10
13171,10,18,10
13172,10,18,10
13173,10,18,10
13174,10,18,10
13175,10,18,10
13176,10,18,10
13177,10,18,10
13178,10,18,10
13179,10,16,18
13180,10,18,10
13181,10,16,18
13182,10,18,10
13183,10,18,10
13184,10,18,10
13185,10,18,10
13186,10,18,10
13187,10,18,10
13188,10,18,10
13189,10,10,14
13190,10,18,10
13191,10,16,18
13192,10,18,10
13193,10,18,10
13194,10,18,10
13195,10,18,10
13196,10,18,10
13197,10,18,10
13198,10,18,10
13199,10,16,18
13200,10,18,10
13201,10,18,10
13202,10,16,18
13203,10,16,18
13204,10,16,18
13205,10,16,18
13206,10,16,18
13207,10,18,10
13208,10,18,10
13209,10,18,10
13210,10,18,10
13211,10,16,18
13212,10,18,10
13213,10,18,10
13214,10,18,10
13215,10,18,10
13216,10,18,10
13217,10,17,6
13218,10,18,10
13219,10,18,10
13220,10,18,10
13221,10,18,10
13222,10,18,10
13223,10,18,10
13224,10,6,17
13225,10,18,10
13226,10,0,4
13227,10,16,18
13228,10,6,17
13229,10,6,17
13230,10,16,18
13231,10,16,18
13232,10,18,10
13233,10,16,18
13234,10,18,10
13235,10,18,10
13236,10,18,10
13237,10,18,10
13238,10,18,10
13239,10,16,18
13240,10,18,10
13241,10,13,9
13242,10,18,10
13243,10,18,10
13244,10,18,10
13245,10,18,10
13246,10,18,10
13247,10,16,18
13248,10,18,10
13249,10,16,18
13250,10,0,4
13251,10,18,10
13252,10,16,18
13253,10,16,18
13254,10,0,4
13255,10,16,18
13256,10,2,16
13257,10,18,10
13258,10,18,10
13259,10,18,10
13260,10,18,10
13261,10,18,10
13262,10,18,10
13263,10,18,10
13264,10,16,18
13265,10,16,18
13266,10,18,10
13267,10,13,9
13268,10,13,9
13269,10,13,9
13270,10,18,10
13271,10,18,10
13272,10,18,10
13273,10,18,10
13274,10,18,10
13275,10,16,18
13276,10,16,18
13277,10,18,10
13278,10,18,10
13279,10,18,10
13280,10,18,10
13281,10,5,7
13282,10,18,10
13283,10,18,10
13284,10,18,10
13285,10,18,10
13286,10,9,8
13287,10,18,10
13288,10,17,6
13289,10,18,10
13290,10,18,10
13291,10,18,10
13292,10,16,18
13293,10,18,10
13294,10,18,10
13295,10,18,10
13296,10,16,18
13297,10,16,18
13298,10,18,10
13299,10,18,10
13300,10,6,17
13301,10,9,8
13302,10,18,10
13303,10,18,10
13304,10,18,10
13305,10,16,18
13306,10,18,10
13307,10,18,10
13308,10,18,10
13309,10,18,10
13310,10,18,10
13311,10,18,10
13312,10,18,10
13313,10,6,17
13314,10,6,17
13315,10,16,18
13316,10,18,10
13317,10,16,18
13318,10,16,18
13319,10,18,10
13320,10,18,10
13321,10,18,10
13322,10,18,10
13323,10,18,10
13324,10,18,10
13325,10,10,14
13326,10,18,10
13327,10,18,10
13328,10,18,10
13329,10,16,18
13330,10,16,18
13331,10,18,10
13332,10,18,10
13333,10,18,10
13334,10,18,10
13335,10,6,17
13336,10,18,10
13337,10,17,6
13338,10,16,18
13339,10,18,10
13340,10,16,18
13341,10,6,17
13342,10,16,18
13343,10,18,10
13344,10,18,10
13345,10,5,7
13346,10,5,7
13347,10,18,10
13348,10,6,17
13349,10,18,10
13350,10,18,10
13351,10,18,10
13352,10,18,10
13353,10,18,10
13354,10,18,10
13355,10,18,10
13356,10,18,10
13357,10,16,18
13358,10,16,18
13359,10,18,10
13360,10,16,18
13361,10,16,18
13362,10,18,10
13363,10,16,18
13364,10,18,10
13365,10,18,10
13366,10,16,18
13367,10,18,10
13368,10,18,10
13369,10,16,18
13370,10,16,18
13371,10,16,18
13372,10,16,18
13373,10,18,10
13374,10,16,18
13375,10,18,10
13376,10,18,10
13377,10,18,10
13378,10,18,10
13379,10,16,18
13380,10,18,10
13381,10,18,10
13382,10,18,10
13383,10,18,10
13384,10,16,18
13385,10,18,10
13386,10,18,10
13387,10,18,10
13388,10,18,10
13389,10,18,10
13390,10,16,18
13391,10,5,7
13392,10,18,10
13393,10,18,10
13394,10,18,10
13395,10,18,10
13396,10,18,10
13397,10,16,18
13398,10,18,10
13399,10,18,10
13400,10,16,18
13401,10,18,10
13402,10,18,10
13403,10,18,10
13404,10,18,10
13405,10,18,10
13406,10,18,10
13407,10,18,10
13408,10,18,10
13409,10,13,9
13410,10,16,18
13411,10,0,4
13412,10,18,10
13413,10,18,10
13414,10,16,18
13415,10,0,4
13416,10,16,18
13417,10,18,10
13418,10,18,10
13419,10,18,10
13420,10,18,10
13421,10,18,10
13422,10,16,18
13423,10,16,18
13424,10,16,18
13425,10,6,17
13426,10,16,18
13427,10,13,9
13428,10,18,10
13429,10,6,17
13430,10,16,18
13431,10,16,18
13432,10,16,18
13433,10,18,10
13434,10,18,10
13435,10,16,18
13436,10,16,18
13437,10,13,9
13438,10,13,9
13439,10,16,18
13440,10,18,10
13441,10,6,17
13442,10,16,18
13443,10,18,10
13444,10,18,10
13445,10,18,10
13446,10,18,10
13447,10,16,18
13448,10,6,17
13449,10,18,10
13450,10,18,10
13451,10,18,10
13452,10,16,18
13453,10,16,18
13454,10,18,10
13455,10,13,9
13456,10,18,10
13457,10,18,10
13458,10,18,10
13459,10,18,10
13460,10,18,10
13461,10,18,10
13462,10,2,16
13463,10,18,10
13464,10,18,10
13465,10,18,10
13466,10,18,10
13467,10,18,10
13468,10,18,10
13469,10,13,9
13470,10,10,14
13471,10,18,10
13472,10,18,10
13473,10,18,10
13474,10,18,10
13475,10,16,18
13476,10,18,10
13477,10,18,10
13478,10,16,18
13479,10,18,10
13480,10,5,7
13481,10,13,9
13482,10,13,9
13483,10,18,10
13484,10,16,18
13485,10,0,4
13486,10,18,10
13487,10,13,9
13488,10,18,10
13489,10,18,10
13490,10,18,10
13491,10,18,10
13492,10,16,18
13493,10,7,13
13494,10,18,10
13495,10,18,10
13496,10,18,10
13497,10,16,18
13498,10,16,18
13499,10,18,10
13500,10,18,10
13501,10,18,10
13502,10,16,18
13503,10,16,18
13504,10,16,18
13505,10,18,10
13506,10,16,18
13507,10,16,18
13508,10,16,18
13509,10,16,18
13510,10,18,10
13511,10,17,6
13512,10,18,10
13513,10,13,9
13514,10,13,9
13515,10,18,10
13516,10,0,4
13517,10,16,18
13518,10,18,10
13519,10,18,10
13520,10,18,10
13521,10,18,10
13522,10,18,10
13523,10,16,18
13524,10,17,6
13525,10,18,10
13526,10,18,10
13527,10,16,18
13528,10,13,9
13529,10,16,18
13530,10,16,18
13531,10,18,10
13532,10,18,10
13533,10,16,18
13534,10,18,10
13535,10,18,10
13536,10,13,9
13537,10,13,9
13538,10,13,9
13539,10,18,10
13540,10,16,18
13541,10,13,9
13542,10,18,10
13543,10,18,10
13544,10,18,10
13545,10,18,10
13546,10,18,10
13547,10,18,10
13548,10,16,18
13549,10,18,10
13550,10,18,10
13551,10,18,10
13552,10,18,10
13553,10,18,10
13554,10,18,10
13555,10,18,10
13556,10,16,18
13557,10,16,18
13558,10,16,18
13559,10,6,17
13560,10,18,10
13561,10,18,10
13562,10,13,9
13563,10,18,10
13564,10,18,10
13565,10,18,10
13566,10,18,10
13567,10,18,10
13568,10,6,17
13569,10,6,17
13570,10,18,10
13571,10,18,10
13572,10,18,10
13573,10,16,18
13574,10,16,18
13575,10,16,18
13576,10,16,18
13577,10,18,10
13578,10,18,10
13579,10,18,10
13580,10,16,18
13581,10,16,18
13582,10,18,10
13583,10,18,10
13584,10,16,18
13585,10,16,18
13586,10,18,10
13587,10,18,10
13588,10,18,10
13589,10,18,10
13590,10,18,10
13591,10,16,18
13592,10,16,18
13593,10,18,10
13594,10,18,10
13595,10,16,18
13596,10,16,18
13597,10,16,18
13598,10,18,10
13599,10,18,10
13600,10,18,10
13601,10,18,10
13602,10,18,10
13603,10,18,10
13604,10,18,10
13605,10,16,18
13606,10,18,10
13607,10,18,10
13608,10,18,10
13609,10,18,10
13610,10,18,10
13611,10,18,10
13612,10,18,10
13613,10,18,10
13614,10,18,10
13615,10,18,10
13616,10,18,10
13617,10,18,10
13618,10,18,10
13619,10,13,9
13620,10,16,18
13621,10,18,10
13622,10,18,10
13623,10,18,10
13624,10,18,10
13625,10,18,10
13626,10,16,18
13627,10,7,13
13628,10,16,18
13629,10,16,18
13630,10,16,18
13631,10,17,6
13632,10,18,10
13633,10,16,18
13634,10,18,10
13635,10,18,10
13636,10,18,10
13637,10,18,10
13638,10,18,10
13639,10,17,6
13640,10,14,12
13641,10,18,10
13642,10,16,18
13643,10,18,10
13644,10,16,18
13645,10,18,10
13646,10,16,18
13647,10,6,17
13648,10,6,17
13649,10,18,10
13650,10,13,9
13651,10,18,10
13652,10,18,10
13653,10,18,10
13654,10,17,6
13655,10,18,10
13656,10,18,10
13657,10,16,18
13658,10,18,10
13659,10,18,10
13660,10,18,10
13661,10,18,10
13662,10,18,10
13663,10,18,10
13664,10,16,18
13665,10,16,18
13666,10,18,10
13667,10,18,10
13668,10,18,10
13669,10,18,10
13670,10,18,10
13671,10,5,7
13672,10,5,7
13673,10,6,17
13674,10,18,10
13675,10,18,10
13676,10,18,10
13677,10,16,18
13678,10,16,18
13679,10,16,18
13680,10,16,18
13681,10,16,18
13682,10,18,10
13683,10,18,10
13684,10,18,10
13685,10,18,10
13686,10,18,10
13687,10,18,10
13688,10,18,10
13689,10,6,17
13690,10,18,10
13691,10,18,10
13692,10,18,10
13693,10,18,10
13694,10,18,10
13695,10,17,6
13696,10,18,10
13697,10,13,9
13698,10,16,18
13699,10,16,18
13700,10,16,18
13701,10,16,18
13702,10,18,10
13703,10,18,10
13704,10,16,18
13705,10,17,6
13706,10,18,10
13707,10,16,18
13708,10,16,18
13709,10,18,10
13710,10,18,10
13711,10,18,10
13712,10,18,10
13713,10,18,10
13714,10,18,10
13715,10,18,10
13716,10,18,10
13717,10,18,10
13718,10,16,18
13719,10,18,10
13720,10,3,15
13721,10,16,18
13722,10,16,18
13723,10,18,10
13724,10,6,17
13725,10,18,10
13726,10,17,6
13727,10,17,6
13728,10,16,18
13729,10,16,18
13730,10,18,10
13731,10,18,10
13732,10,18,10
13733,10,16,18
13734,10,5,7
13735,10,5,7
13736,10,18,10
13737,10,18,10
13738,10,6,17
13739,10,16,18
13740,10,18,10
13741,10,18,10
13742,10,18,10
13743,10,18,10
13744,10,18,10
13745,10,5,7
13746,10,18,10
13747,10,18,10
13748,10,18,10
13749,10,17,6
13750,10,16,18
13751,10,17,6
13752,10,18,10
13753,10,18,10
13754,10,18,10
13755,10,18,10
13756,10,18,10
13757,10,16,18
13758,10,18,10
13759,10,18,10
13760,10,18,10
13761,10,18,10
13762,10,5,7
13763,10,0,4
13764,10,0,4
13765,10,18,10
13766,10,18,10
13767,10,18,10
13768,10,18,10
13769,10,18,10
13770,10,18,10
13771,10,18,10
13772,10,16,18
13773,10,16,18
13774,10,18,10
13775,10,18,10
13776,10,16,18
13777,10,16,18
13778,10,18,10
13779,10,18,10
13780,10,18,10
13781,10,18,10
13782,10,18,10
13783,10,18,10
13784,10,18,10
13785,10,18,10
13786,10,0,4
13787,10,16,18
13788,10,16,18
13789,10,18,10
13790,10,18,10
13791,10,18,10
13792,10,18,10
13793,10,18,10
13794,10,18,10
13795,10,18,10
13796,10,18,10
13797,10,18,10
13798,10,18,10
13799,10,17,6
13800,10,18,10
13801,10,18,10
13802,10,18,10
13803,10,16,18
13804,10,18,10
13805,10,11,2
13806,10,18,10
13807,10,18,10
13808,10,18,10
13809,10,16,18
13810,10,18,10
13811,10,18,10
13812,10,18,10
13813,10,18,10
13814,10,18,10
13815,10,18,10
13816,10,16,18
13817,10,18,10
13818,10,18,10
13819,10,18,10
13820,10,18,10
13821,10,18,10
13822,10,18,10
13823,10,18,10
13824,10,18,10
13825,10,18,10
13826,10,18,10
13827,10,18,10
13828,10,18,10
13829,10,18,10
13830,10,18,10
13831,10,16,18
13832,10,16,18
13833,10,16,18
13834,10,18,10
13835,10,18,10
13836,10,16,18
13837,10,18,10
13838,10,17,6
13839,10,18,10
13840,10,18,10
13841,10,18,10
13842,10,18,10
13843,10,17,6
13844,10,18,10
13845,10,16,18
13846,10,18,10
13847,10,16,18
13848,10,16,18
13849,10,18,10
13850,10,18,10
13851,10,18,10
13852,10,18,10
13853,10,18,10
13854,10,18,10
13855,10,18,10
13856,10,18,10
13857,10,18,10
13858,10,16,18
13859,10,18,10
13860,10,18,10
13861,10,18,10
13862,10,16,18
13863,10,18,10
13864,10,16,18
13865,10,9,8
13866,10,13,9
13867,10,18,10
13868,10,6,17
13869,10,18,10
13870,10,18,10
13871,10,18,10
13872,10,18,10
13873,10,18,10
13874,10,18,10
13875,10,18,10
13876,10,18,10
13877,10,18,10
13878,10,18,10
13879,10,16,18
13880,10,18,10
13881,10,18,10
13882,10,18,10
13883,10,18,10
13884,10,18,10
13885,10,18,10
13886,10,18,10
13887,10,18,10
13888,10,18,10
13889,10,18,10
13890,10,16,18
13891,10,16,18
13892,10,16,18
13893,10,16,18
13894,10,16,18
13895,10,18,10
13896,10,18,10
13897,10,16,18
13898,10,16,18
13899,10,16,18
13900,10,18,10
13901,10,16,18
13902,10,18,10
13903,10,18,10
13904,10,18,10
13905,10,16,18
13906,10,16,18
13907,10,18,10
13908,10,18,10
13909,10,16,18
13910,10,16,18
13911,10,5,7
13912,10,5,7
13913,10,16,18
13914,10,18,10
13915,10,16,18
13916,10,18,10
13917,10,18,10
13918,10,18,10
13919,10,18,10
13920,10,16,18
13921,10,18,10
13922,10,18,10
13923,10,16,18
13924,10,18,10
13925,10,18,10
13926,10,18,10
13927,10,16,18
13928,10,18,10
13929,10,18,10
13930,10,13,9
13931,10,0,4
13932,10,18,10
13933,10,18,10
13934,10,16,18
13935,10,16,18
13936,10,17,6
13937,10,13,9
13938,10,18,10
13939,10,18,10
13940,10,18,10
13941,10,18,10
13942,10,18,10
13943,10,18,10
13944,10,16,18
13945,10,16,18
13946,10,16,18
13947,10,16,18
13948,10,18,10
13949,10,16,18
13950,10,16,18
13951,10,18,10
13952,10,16,18
13953,10,18,10
13954,10,18,10
13955,10,16,18
13956,10,16,18
13957,10,16,18
13958,10,18,10
13959,10,16,18
13960,10,16,18
13961,10,16,18
13962,10,18,10
13963,10,17,6
13964,10,17,6
13965,10,16,18
13966,10,18,10
13967,10,18,10
13968,10,18,10
13969,10,18,10
13970,10,16,18
13971,10,18,10
13972,10,18,10
13973,10,18,10
13974,10,1,1
13975,10,16,18
13976,10,16,18
13977,10,18,10
13978,10,18,10
13979,10,18,10
13980,10,18,10
13981,10,18,10
13982,10,16,18
13983,10,18,10
13984,10,18,10
13985,10,16,18
13986,10,18,10
13987,10,18,10
13988,10,18,10
13989,10,16,18
13990,10,18,10
13991,10,18,10
13992,10,18,10
13993,10,18,10
13994,10,16,18
13995,10,18,10
13996,10,18,10
13997,10,18,10
13998,10,18,10
13999,10,18,10
14000,10,16,18
14001,10,16,18
14002,10,18,10
14003,10,16,18
14004,10,18,10
14005,10,18,10
14006,10,13,9
14007,10,18,10
14008,10,18,10
14009,10,18,10
14010,10,16,18
14011,10,18,10
14012,10,16,18
14013,10,16,18
14014,10,18,10
14015,10,18,10
14016,10,18,10
14017,10,18,10
14018,10,18,10
14019,10,18,10
14020,10,13,9
14021,10,18,10
14022,10,18,10
14023,10,18,10
14024,10,16,18
14025,10,18,10
14026,10,16,18
14027,10,18,10
14028,10,18,10
14029,10,18,10
14030,10,16,18
14031,10,18,10
14032,10,18,10
14033,10,18,10
14034,10,18,10
14035,10,18,10
14036,10,18,10
14037,10,18,10
14038,10,18,10
14039,10,18,10
14040,10,16,18
14041,10,16,18
14042,10,16,18
14043,10,18,10
14044,10,18,10
14045,10,18,10
14046,10,18,10
14047,10,18,10
14048,10,17,6
14049,10,18,10
14050,10,16,18
14051,10,18,10
14052,10,13,9
14053,10,16,18
14054,10,16,18
14055,10,18,10
14056,10,18,10
14057,10,16,18
14058,10,18,10
14059,10,13,9
14060,10,18,10
14061,10,18,10
14062,10,16,18
14063,10,16,18
14064,10,18,10
14065,10,18,10
14066,10,18,10
14067,10,18,10
14068,10,18,10
14069,10,18,10
14070,10,18,10
14071,10,16,18
14072,10,18,10
14073,10,18,10
14074,10,18,10
14075,10,18,10
14076,10,18,10
14077,10,18,10
14078,10,18,10
14079,10,18,10
14080,10,16,18
14081,10,18,10
14082,10,18,10
14083,10,18,10
14084,10,16,18
14085,10,18,10
14086,10,18,10
14087,10,18,10
14088,10,18,10
14089,10,18,10
14090,10,16,18
14091,10,18,10
14092,10,16,18
14093,10,16,18
14094,10,16,18
14095,10,18,10
14096,10,16,18
14097,10,18,10
14098,10,18,10
14099,10,18,10
14100,10,18,10
14101,10,6,17
14102,10,18,10
14103,10,18,10
14104,10,18,10
14105,10,6,17
14106,10,18,10
14107,10,16,18
14108,10,16,18
14109,10,16,18
14110,10,0,4
14111,10,16,18
14112,10,16,18
14113,10,18,10
14114,10,18,10
14115,10,18,10
14116,10,18,10
14117,10,16,18
14118,10,18,10
14119,10,18,10
14120,10,13,9
14121,10,18,10
14122,10,17,6
14123,10,18,10
14124,10,18,10
14125,10,18,10
14126,10,0,4
14127,10,16,18
14128,10,17,6
14129,10,18,10
14130,10,16,18
14131,10,16,18
14132,10,16,18
14133,10,18,10
14134,10,18,10
14135,10,18,10
14136,10,18,10
14137,10,18,10
14138,10,16,18
14139,10,18,10
14140,10,18,10
14141,10,18,10
14142,10,13,9
14143,10,16,18
14144,10,18,10
14145,10,18,10
14146,10,18,10
14147,10,18,10
14148,10,18,10
14149,10,16,18
14150,10,13,9
14151,10,16,18
14152,10,16,18
14153,10,18,10
14154,10,6,17
14155,10,16,18
14156,10,18,10
14157,10,16,18
14158,10,18,10
14159,10,18,10
14160,10,16,18
14161,10,16,18
14162,10,18,10
14163,10,18,10
14164,10,5,7
14165,10,0,4
14166,10,16,18
14167,10,18,10
14168,10,18,10
14169,10,16,18
14170,10,18,10
14171,10,18,10
14172,10,18,10
14173,10,18,10
14174,10,18,10
14175,10,16,18
14176,10,18,10
14177,10,18,10
14178,10,18,10
14179,10,13,9
14180,10,18,10
14181,10,16,18
14182,10,16,18
14183,10,16,18
14184,10,18,10
14185,10,18,10
14186,10,18,10
14187,10,6,17
14188,10,16,18
14189,10,16,18
14190,10,18,10
14191,10,16,18
14192,10,18,10
14193,10,11,2
14194,10,18,10
14195,10,18,10
14196,10,16,18
14197,10,18,10
14198,10,18,10
14199,10,16,18
14200,10,16,18
14201,10,16,18
14202,10,18,10
14203,10,18,10
14204,10,5,7
14205,10,18,10
14206,10,18,10
14207,10,16,18
14208,10,16,18
14209,10,16,18
14210,10,18,10
14211,10,16,18
14212,10,16,18
14213,10,18,10
14214,10,18,10
14215,10,18,10
14216,10,18,10
14217,10,16,18
14218,10,16,18
14219,10,18,10
14220,10,18,10
14221,10,6,17
14222,10,18,10
14223,10,18,10
14224,10,6,17
14225,10,6,17
14226,10,18,10
14227,10,17,6
14228,10,18,10
14229,10,18,10
14230,10,16,18
14231,10,16,18
14232,10,18,10
14233,10,18,10
14234,10,18,10
14235,10,18,10
14236,10,18,10
14237,10,16,18
14238,10,16,18
14239,10,18,10
14240,10,18,10
14241,10,18,10
14242,10,16,18
14243,10,16,18
14244,10,18,10
14245,10,18,10
14246,10,18,10
14247,10,18,10
14248,10,18,10
14249,10,6,17
14250,10,18,10
14251,10,18,10
14252,10,18,10
14253,10,18,10
14254,10,18,10
14255,10,16,18
14256,10,16,18
14257,10,18,10
14258,10,18,10
14259,10,18,10
14260,10,18,10
14261,10,18,10
14262,10,18,10
14263,10,16,18
14264,10,18,10
14265,10,16,18
14266,10,16,18
14267,10,18,10
14268,10,18,10
14269,10,18,10
14270,10,16,18
14271,10,18,10
14272,10,18,10
14273,10,17,6
14274,10,18,10
14275,10,18,10
14276,10,18,10
14277,10,18,10
14278,10,18,10
14279,10,16,18
14280,10,18,10
14281,10,18,10
14282,10,18,10
14283,10,18,10
14284,10,16,18
14285,10,18,10
14286,10,16,18
14287,10,18,10
14288,10,18,10
14289,10,17,6
14290,10,16,18
14291,10,16,18
14292,10,16,18
14293,10,5,7
14294,10,18,10
14295,10,18,10
14296,10,17,6
14297,10,16,18
14298,10,18,10
14299,10,6,17
14300,10,18,10
14301,10,18,10
14302,10,16,18
14303,10,18,10
14304,10,16,18
14305,10,18,10
14306,10,16,18
14307,10,5,7
14308,10,18,10
14309,10,16,18
14310,10,18,10
14311,10,18,10
14312,10,16,18
14313,10,16,18
14314,10,18,10
14315,10,16,18
14316,10,18,10
14317,10,18,10
14318,10,18,10
14319,10,18,10
14320,10,18,10
14321,10,18,10
14322,10,18,10
14323,10,18,10
14324,10,18,10
14325,10,16,18
14326,10,18,10
14327,10,18,10
14328,10,16,18
14329,10,16,18
14330,10,16,18
14331,10,18,10
14332,10,18,10
14333,10,16,18
14334,10,5,7
14335,10,18,10
14336,10,16,18
14337,10,18,10
14338,10,13,9
14339,10,17,6
14340,10,5,7
14341,10,16,18
14342,10,18,10
14343,10,18,10
14344,10,17,6
14345,10,18,10
14346,10,18,10
14347,10,18,10
14348,10,16,18
14349,10,17,6
14350,10,18,10
14351,10,16,18
14352,10,18,10
14353,10,18,10
14354,10,16,18
14355,10,18,10
14356,10,16,18
14357,10,18,10
14358,10,16,18
14359,10,18,10
14360,10,16,18
14361,10,6,17
14362,10,5,7
14363,10,18,10
14364,10,5,7
14365,10,18,10
14366,10,18,10
14367,10,16,18
14368,10,17,6
14369,10,18,10
14370,10,16,18
14371,10,16,18
14372,10,16,18
14373,10,0,4
14374,10,18,10
14375,10,18,10
14376,10,18,10
14377,10,18,10
14378,10,16,18
14379,10,18,10
14380,10,16,18
14381,10,16,18
14382,10,16,18
14383,10,6,17
14384,10,6,17
14385,10,16,18
14386,10,16,18
14387,10,16,18
14388,10,16,18
14389,10,18,10
14390,10,16,18
14391,10,16,18
14392,10,18,10
14393,10,18,10
14394,10,18,10
14395,10,18,10
14396,10,18,10
14397,10,18,10
14398,10,16,18
14399,10,13,9
14400,10,18,10
14401,10,6,17
14402,10,18,10
14403,10,18,10
14404,10,6,17
14405,10,16,18
14406,10,18,10
14407,10,18,10
14408,10,18,10
14409,10,18,10
14410,10,16,18
14411,10,16,18
14412,10,18,10
14413,10,18,10
14414,10,18,10
14415,10,16,18
14416,10,18,10
14417,10,16,18
14418,10,6,17
14419,10,18,10
14420,10,18,10
14421,10,18,10
14422,10,16,18
14423,10,18,10
14424,10,18,10
14425,10,6,17
14426,10,18,10
14427,10,18,10
14428,10,18,10
14429,10,18,10
14430,10,18,10
14431,10,5,7
14432,10,17,6
14433,10,18,10
14434,10,17,6
14435,10,18,10
14436,10,18,10
14437,10,16,18
14438,10,18,10
14439,10,18,10
14440,10,18,10
14441,10,16,18
14442,10,18,10
14443,10,6,17
14444,10,16,18
14445,10,16,18
14446,10,18,10
14447,10,18,10
14448,10,18,10
14449,10,16,18
14450,10,16,18
14451,10,18,10
14452,10,16,18
14453,10,18,10
14454,10,18,10
14455,10,18,10
14456,10,18,10
14457,10,18,10
14458,10,17,6
14459,10,0,4
14460,10,16,18
14461,10,18,10
14462,10,13,9
14463,10,18,10
14464,10,18,10
14465,10,18,10
14466,10,16,18
14467,10,18,10
14468,10,16,18
14469,10,18,10
14470,10,18,10
14471,10,18,10
14472,10,18,10
14473,10,18,10
14474,10,17,6
14475,10,18,10
14476,10,16,18
14477,10,16,18
14478,10,18,10
14479,10,18,10
14480,10,18,10
14481,10,18,10
14482,10,18,10
14483,10,18,10
14484,10,18,10
14485,10,18,10
14486,10,18,10
14487,10,18,10
14488,10,18,10
14489,10,18,10
14490,10,18,10
14491,10,16,18
14492,10,18,10
14493,10,16,18
14494,10,18,10
14495,10,18,10
14496,10,16,18
14497,10,18,10
14498,10,18,10
14499,10,17,6
14500,10,18,10
14501,10,18,10
14502,10,16,18
14503,10,16,18
14504,10,18,10
14505,10,18,10
14506,10,16,18
14507,10,18,10
14508,10,16,18
14509,10,18,10
14510,10,18,10
14511,10,18,10
14512,10,18,10
14513,10,16,18
14514,10,18,10
14515,10,16,18
14516,10,16,18
14517,10,18,10
14518,10,18,10
14519,10,18,10
14520,10,13,9
14521,10,13,9
14522,10,18,10
14523,10,18,10
14524,10,18,10
14525,10,16,18
14526,10,18,10
14527,10,18,10
14528,10,18,10
14529,10,18,10
14530,10,18,10
14531,10,16,18
14532,10,18,10
14533,10,16,18
14534,10,6,17
14535,10,18,10
14536,10,18,10
14537,10,17,6
14538,10,18,10
14539,10,16,18
14540,10,18,10
14541,10,18,10
14542,10,18,10
14543,10,18,10
14544,10,18,10
14545,10,18,10
14546,10,18,10
14547,10,5,7
14548,10,5,7
14549,10,16,18
14550,10,18,10
14551,10,18,10
14552,10,18,10
14553,10,18,10
14554,10,16,18
14555,10,18,10
14556,10,16,18
14557,10,16,18
14558,10,18,10
14559,10,16,18
14560,10,18,10
14561,10,18,10
14562,10,18,10
14563,10,18,10
14564,10,18,10
14565,10,18,10
14566,10,16,18
14567,10,18,10
14568,10,18,10
14569,10,16,18
14570,10,18,10
14571,10,18,10
14572,10,18,10
14573,10,18,10
14574,10,18,10
14575,10,18,10
14576,10,17,6
14577,10,18,10
14578,10,18,10
14579,10,13,9
14580,10,18,10
14581,10,18,10
14582,10,18,10
14583,10,18,10
14584,10,18,10
14585,10,18,10
14586,10,18,10
14587,10,17,6
14588,10,18,10
14589,10,18,10
14590,10,13,9
14591,10,18,10
14592,10,18,10
14593,10,18,10
14594,10,18,10
14595,10,18,10
14596,10,18,10
14597,10,11,2
14598,10,18,10
14599,10,6,17
14600,10,18,10
14601,10,16,18
14602,10,16,18
14603,10,18,10
14604,10,0,4
14605,10,6,17
14606,10,18,10
14607,10,18,10
14608,10,6,17
14609,10,18,10
14610,10,18,10
14611,10,18,10
14612,10,18,10
14613,10,18,10
14614,10,16,18
14615,10,18,10
14616,10,16,18
14617,10,18,10
14618,10,18,10
14619,10,18,10
14620,10,18,10
14621,10,18,10
14622,10,18,10
14623,10,18,10
14624,10,16,18
14625,10,18,10
14626,10,18,10
14627,10,18,10
14628,10,6,17
14629,10,16,18
14630,10,18,10
14631,10,6,17
14632,10,16,18
14633,10,13,9
14634,10,18,10
14635,10,18,10
14636,10,16,18
14637,10,18,10
14638,10,18,10
14639,10,18,10
14640,10,18,10
14641,10,18,10
14642,10,16,18
14643,10,18,10
14644,10,18,10
14645,10,18,10
14646,10,18,10
14647,10,18,10
14648,10,18,10
14649,10,16,18
14650,10,16,18
14651,10,16,18
14652,10,18,10
14653,10,18,10
14654,10,18,10
14655,10,18,10
14656,10,18,10
14657,10,18,10
14658,10,18,10
14659,10,16,18
14660,10,16,18
14661,10,16,18
14662,10,18,10
14663,10,18,10
14664,10,18,10
14665,10,17,6
14666,10,16,18
14667,10,18,10
14668,10,16,18
14669,10,16,18
14670,10,16,18
14671,10,18,10
14672,10,18,10
14673,10,18,10
14674,10,18,10
14675,10,16,18
14676,10,18,10
14677,10,18,10
14678,10,16,18
14679,10,18,10
14680,10,16,18
14681,10,18,10
14682,10,18,10
14683,10,18,10
14684,10,18,10
14685,10,16,18
14686,10,18,10
14687,10,16,18
14688,10,18,10
14689,10,18,10
14690,10,16,18
14691,10,18,10
14692,10,16,18
14693,10,18,10
14694,10,18,10
14695,10,18,10
14696,10,18,10
14697,10,16,18
14698,10,18,10
14699,10,18,10
14700,10,16,18
14701,10,5,7
14702,10,18,10
14703,10,18,10
14704,10,18,10
14705,10,16,18
14706,10,13,9
14707,10,18,10
14708,10,16,18
14709,10,18,10
14710,10,18,10
14711,10,16,18
14712,10,18,10
14713,10,3,15
14714,10,18,10
14715,10,18,10
14716,10,18,10
14717,10,18,10
14718,10,5,7
14719,10,18,10
14720,10,16,18
14721,10,18,10
14722,10,18,10
14723,10,18,10
14724,10,18,10
14725,10,16,18
14726,10,18,10
14727,10,17,6
14728,10,18,10
14729,10,18,10
14730,10,18,10
14731,10,18,10
14732,10,5,7
14733,10,18,10
14734,10,18,10
14735,10,18,10
14736,10,16,18
14737,10,18,10
14738,10,13,9
14739,10,16,18
14740,10,18,10
14741,10,13,9
14742,10,13,9
14743,10,17,6
14744,10,18,10
14745,10,18,10
14746,10,18,10
14747,10,18,10
14748,10,18,10
14749,10,17,6
14750,10,16,18
14751,10,16,18
14752,10,18,10
14753,10,18,10
14754,10,18,10
14755,10,16,18
14756,10,17,6
14757,10,17,6
14758,10,0,4
14759,10,16,18
14760,10,18,10
14761,10,16,18
14762,10,18,10
14763,10,17,6
14764,10,16,18
14765,10,18,10
14766,10,18,10
14767,10,6,17
14768,10,6,17
14769,10,16,18
14770,10,16,18
14771,10,18,10
14772,10,18,10
14773,10,18,10
14774,10,18,10
14775,10,4,0
14776,10,16,18
14777,10,18,10
14778,10,18,10
14779,10,18,10
14780,10,18,10
14781,10,16,18
14782,10,17,6
14783,10,17,6
14784,10,18,10
14785,10,18,10
14786,10,6,17
14787,10,6,17
14788,10,18,10
14789,10,18,10
14790,10,16,18
14791,10,17,6
14792,10,18,10
14793,10,18,10
14794,10,18,10
14795,10,18,10
14796,10,16,18
14797,10,5,7
14798,10,18,10
14799,10,18,10
14800,10,18,10
14801,10,16,18
14802,10,16,18
14803,10,18,10
14804,10,16,18
14805,10,0,4
14806,10,18,10
14807,10,18,10
14808,10,18,10
14809,10,18,10
14810,10,18,10
14811,10,18,10
14812,10,18,10
14813,10,16,18
14814,10,18,10
14815,10,17,6
14816,10,18,10
14817,10,18,10
14818,10,18,10
14819,10,17,6
14820,10,17,6
14821,10,16,18
14822,10,16,18
14823,10,16,18
14824,10,16,18
14825,10,17,6
14826,10,17,6
14827,10,18,10
14828,10,18,10
14829,10,16,18
14830,10,18,10
14831,10,18,10
14832,10,18,10
14833,10,6,17
14834,10,18,10
14835,10,5,7
14836,10,18,10
14837,10,18,10
14838,10,16,18
14839,10,18,10
14840,10,18,10
14841,10,1,1
14842,10,16,18
14843,10,18,10
14844,10,18,10
14845,10,18,10
14846,10,18,10
14847,10,18,10
14848,10,18,10
14849,10,18,10
14850,10,13,9
14851,10,16,18
14852,10,13,9
14853,10,18,10
14854,10,18,10
14855,10,17,6
14856,10,18,10
14857,10,18,10
14858,10,16,18
14859,10,5,7
14860,10,18,10
14861,10,18,10
14862,10,18,10
14863,10,16,18
14864,10,16,18
14865,10,18,10
14866,10,18,10
14867,10,0,4
14868,10,18,10
14869,10,18,10
14870,10,18,10
14871,10,16,18
14872,10,18,10
14873,10,18,10
14874,10,18,10
14875,10,18,10
14876,10,18,10
14877,10,16,18
14878,10,18,10
14879,10,13,9
14880,10,18,10
14881,10,18,10
14882,10,18,10
14883,10,16,18
14884,10,16,18
14885,10,13,9
14886,10,18,10
14887,10,18,10
14888,10,16,18
14889,10,18,10
14890,10,16,18
14891,10,18,10
14892,10,18,10
14893,10,18,10
14894,10,18,10
14895,10,18,10
14896,10,18,10
14897,10,5,7
14898,10,18,10
14899,10,18,10
14900,10,18,10
14901,10,11,2
14902,10,18,10
14903,10,18,10
14904,10,16,18
14905,10,18,10
14906,10,16,18
14907,10,16,18
14908,10,18,10
14909,10,18,10
14910,10,16,18
14911,10,16,18
14912,10,18,10
14913,10,18,10
14914,10,18,10
14915,10,16,18
14916,10,18,10
14917,10,16,18
14918,10,18,10
14919,10,18,10
14920,10,18,10
14921,10,18,10
14922,10,18,10
14923,10,18,10
14924,10,18,10
14925,10,17,6
14926,10,13,9
14927,10,18,10
14928,10,16,18
14929,10,18,10
14930,10,18,10
14931,10,16,18
14932,10,16,18
14933,10,18,10
14934,10,18,10
14935,10,13,9
14936,10,5,7
14937,10,18,10
14938,10,17,6
14939,10,17,6
14940,10,16,18
14941,10,18,10
14942,10,16,18
14943,10,13,9
14944,10,18,10
14945,10,18,10
14946,10,18,10
14947,10,18,10
14948,10,18,10
14949,10,6,17
14950,10,16,18
14951,10,18,10
14952,10,18,10
14953,10,18,10
14954,10,16,18
14955,10,18,10
14956,10,13,9
14957,10,18,10
14958,10,18,10
14959,10,18,10
14960,10,18,10
14961,10,18,10
14962,10,6,17
14963,10,18,10
14964,10,16,18
14965,10,18,10
14966,10,18,10
14967,10,18,10
14968,10,16,18
14969,10,16,18
14970,10,18,10
14971,10,17,6
14972,10,18,10
14973,10,18,10
14974,10,16,18
14975,10,16,18
14976,10,16,18
14977,10,6,17
14978,10,18,10
14979,10,18,10
14980,10,18,10
14981,10,18,10
14982,10,5,7
14983,10,17,6
14984,10,18,10
14985,10,16,18
14986,10,18,10
14987,10,16,18
14988,10,6,17
14989,10,18,10
14990,10,18,10
14991,10,18,10
14992,10,18,10
14993,10,18,10
14994,10,18,10
14995,10,16,18
14996,10,18,10
14997,10,18,10
14998,10,18,10
14999,10,18,10
15000,10,18,10
15001,10,16,18
15002,10,16,18
15003,10,16,18
15004,10,16,18
15005,10,18,10
15006,10,16,18
15007,10,18,10
15008,10,18,10
15009,10,17,6
15010,10,18,10
15011,10,18,10
15012,10,18,10
15013,10,18,10
15014,10,18,10
15015,10,18,10
15016,10,13,9
15017,10,16,18
15018,10,16,18
15019,10,18,10
15020,10,18,10
15021,10,18,10
15022,10,11,2
15023,10,18,10
15024,10,18,10
15025,10,18,10
15026,10,18,10
15027,10,17,6
15028,10,17,6
15029,10,18,10
15030,10,16,18
15031,10,16,18
15032,10,16,18
15033,10,17,6
15034,10,5,7
15035,10,18,10
15036,10,18,10
15037,10,16,18
15038,10,18,10
15039,10,18,10
15040,10,18,10
15041,10,16,18
15042,10,18,10
15043,10,16,18
15044,10,18,10
15045,10,18,10
15046,10,18,10
15047,10,18,10
15048,10,16,18
15049,10,13,9
15050,10,18,10
15051,10,16,18
15052,10,18,10
15053,10,18,10
15054,10,18,10
15055,10,18,10
15056,10,18,10
15057,10,6,17
15058,10,18,10
15059,10,18,10
15060,10,18,10
15061,10,18,10
15062,10,18,10
15063,10,18,10
15064,10,18,10
15065,10,18,10
15066,10,18,10
15067,10,18,10
15068,10,6,17
15069,10,18,10
15070,10,16,18
15071,10,6,17
15072,10,18,10
15073,10,16,18
15074,10,18,10
15075,10,16,18
15076,10,16,18
15077,10,16,18
15078,10,18,10
15079,10,16,18
15080,10,16,18
15081,10,18,10
15082,10,5,7
15083,10,18,10
15084,10,18,10
15085,10,6,17
15086,10,17,6
15087,10,18,10
15088,10,16,18
15089,10,16,18
15090,10,18,10
15091,10,18,10
15092,10,18,10
15093,10,16,18
15094,10,6,17
15095,10,18,10
15096,10,18,10
15097,10,18,10
15098,10,16,18
15099,10,16,18
15100,10,16,18
15101,10,18,10
15102,10,17,6
15103,10,16,18
15104,10,18,10
15105,10,18,10
15106,10,18,10
15107,10,18,10
15108,10,18,10
15109,10,18,10
15110,10,16,18
15111,10,18,10
15112,10,18,10
15113,10,18,10
15114,10,16,18
15115,10,18,10
15116,10,6,17
15117,10,18,10
15118,10,18,10
15119,10,18,10
15120,10,18,10
15121,10,18,10
15122,10,16,18
15123,10,0,4
15124,10,18,10
15125,10,16,18
15126,10,18,10
15127,10,18,10
15128,10,18,10
15129,10,18,10
15130,10,13,9
15131,10,18,10
15132,10,16,18
15133,10,5,7
15134,10,6,17
15135,10,18,10
15136,10,16,18
15137,10,16,18
15138,10,16,18
15139,10,18,10
15140,10,18,10
15141,10,16,18
15142,10,18,10
15143,10,18,10
15144,10,16,18
15145,10,18,10
15146,10,18,10
15147,10,18,10
15148,10,18,10
15149,10,18,10
15150,10,18,10
15151,10,16,18
15152,10,16,18
15153,10,18,10
15154,10,16,18
15155,10,18,10
15156,10,16,18
15157,10,18,10
15158,10,16,18
15159,10,18,10
15160,10,16,18
15161,10,18,10
15162,10,16,18
15163,10,18,10
15164,10,18,10
15165,10,18,10
15166,10,17,6
15167,10,18,10
15168,10,18,10
15169,10,18,10
15170,10,16,18
15171,10,17,6
15172,10,16,18
15173,10,18,10
15174,10,18,10
15175,10,18,10
15176,10,16,18
15177,10,18,10
15178,10,18,10
15179,10,18,10
15180,10,18,10
15181,10,6,17
15182,10,16,18
15183,10,18,10
15184,10,18,10
15185,10,17,6
15186,10,18,10
15187,10,16,18
15188,10,18,10
15189,10,18,10
15190,10,18,10
15191,10,17,6
15192,10,18,10
15193,10,16,18
15194,10,18,10
15195,10,16,18
15196,10,18,10
15197,10,18,10
15198,10,16,18
15199,10,13,9
15200,10,13,9
15201,10,18,10
15202,10,18,10
15203,10,16,18
15204,10,18,10
15205,10,18,10
15206,10,18,10
15207,10,0,4
15208,10,18,10
15209,10,18,10
15210,10,18,10
15211,10,18,10
15212,10,18,10
15213,10,18,10
15214,10,5,7
15215,10,16,18
15216,10,18,10
15217,10,18,10
15218,10,18,10
15219,10,18,10
15220,10,18,10
15221,10,18,10
15222,10,11,2
15223,10,16,18
15224,10,18,10
15225,10,18,10
15226,10,18,10
15227,10,18,10
15228,10,17,6
15229,10,18,10
15230,10,18,10
15231,10,18,10
15232,10,16,18
15233,10,18,10
15234,10,18,10
15235,10,18,10
15236,10,18,10
15237,10,5,7
15238,10,16,18
15239,10,18,10
15240,10,16,18
15241,10,18,10
15242,10,11,2
15243,10,16,18
15244,10,6,17
15245,10,16,18
15246,10,18,10
15247,10,18,10
15248,10,18,10
15249,10,17,6
15250,10,18,10
15251,10,18,10
15252,10,18,10
15253,10,18,10
15254,10,18,10
15255,10,18,10
15256,10,18,10
15257,10,18,10
15258,10,18,10
15259,10,18,10
15260,10,18,10
15261,10,18,10
15262,10,18,10
15263,10,18,10
15264,10,18,10
15265,10,18,10
15266,10,16,18
15267,10,18,10
15268,10,17,6
15269,10,16,18
15270,10,18,10
15271,10,16,18
15272,10,18,10
15273,10,18,10
15274,10,18,10
15275,10,16,18
15276,10,16,18
15277,10,18,10
15278,10,6,17
15279,10,18,10
15280,10,5,7
15281,10,18,10
15282,10,18,10
15283,10,17,6
15284,10,18,10
15285,10,18,10
15286,10,16,18
15287,10,13,9
15288,10,18,10
15289,10,18,10
15290,10,18,10
15291,10,17,6
15292,10,17,6
15293,10,18,10
15294,10,0,4
15295,10,18,10
15296,10,18,10
15297,10,18,10
15298,10,16,18
15299,10,18,10
15300,10,18,10
15301,10,16,18
15302,10,18,10
15303,10,16,18
15304,10,18,10
15305,10,16,18
15306,10,11,2
15307,10,18,10
15308,10,16,18
15309,10,18,10
15310,10,18,10
15311,10,18,10
15312,10,16,18
15313,10,18,10
15314,10,18,10
15315,10,18,10
15316,10,18,10
15317,10,16,18
15318,10,18,10
15319,10,16,18
15320,10,18,10
15321,10,16,18
15322,10,18,10
15323,10,16,18
15324,10,16,18
15325,10,17,6
15326,10,16,18
15327,10,18,10
15328,10,16,18
15329,10,18,10
15330,10,16,18
15331,10,16,18
15332,10,16,18
15333,10,13,9
15334,10,16,18
15335,10,16,18
15336,10,18,10
15337,10,18,10
15338,10,13,9
15339,10,18,10
15340,10,18,10
15341,10,18,10
15342,10,16,18
15343,10,18,10
15344,10,16,18
15345,10,5,7
15346,10,6,17
15347,10,18,10
15348,10,16,18
15349,10,18,10
15350,10,16,18
15351,10,18,10
15352,10,17,6
15353,10,18,10
15354,10,16,18
15355,10,16,18
15356,10,18,10
15357,10,18,10
15358,10,17,6
15359,10,18,10
15360,10,18,10
15361,10,18,10
15362,10,18,10
15363,10,17,6
15364,10,18,10
15365,10,18,10
15366,10,17,6
15367,10,16,18
15368,10,18,10
15369,10,16,18
15370,10,17,6
15371,10,18,10
15372,10,18,10
15373,10,17,6
15374,10,16,18
15375,10,17,6
15376,10,18,10
15377,10,18,10
15378,10,18,10
15379,10,18,10
15380,10,18,10
15381,10,16,18
15382,10,18,10
15383,10,18,10
15384,10,16,18
15385,10,16,18
15386,10,18,10
15387,10,18,10
15388,10,18,10
15389,10,18,10
15390,10,16,18
15391,10,18,10
15392,10,18,10
15393,10,16,18
15394,10,18,10
15395,10,18,10
15396,10,18,10
15397,10,16,18
15398,10,18,10
15399,10,17,6
15400,10,18,10
15401,10,18,10
15402,10,16,18
15403,10,16,18
15404,10,18,10
15405,10,16,18
15406,10,18,10
15407,10,18,10
15408,10,17,6
15409,10,18,10
15410,10,18,10
15411,10,18,10
15412,10,6,17
15413,10,6,17
15414,10,18,10
15415,10,16,18
15416,10,18,10
15417,10,18,10
15418,10,18,10
15419,10,0,4
15420,10,18,10
15421,10,17,6
15422,10,18,10
15423,10,16,18
15424,10,18,10
15425,10,18,10
15426,10,16,18
15427,10,16,18
15428,10,16,18
15429,10,18,10
15430,10,18,10
15431,10,18,10
15432,10,16,18
15433,10,5,7
15434,10,18,10
15435,10,18,10
15436,10,18,10
15437,10,18,10
15438,10,18,10
15439,10,18,10
15440,10,16,18
15441,10,16,18
15442,10,16,18
15443,10,18,10
15444,10,16,18
15445,10,18,10
15446,10,18,10
15447,10,6,17
15448,10,18,10
15449,10,18,10
15450,10,18,10
15451,10,16,18
15452,10,16,18
15453,10,18,10
15454,10,6,17
15455,10,18,10
15456,10,16,18
15457,10,16,18
15458,10,17,6
15459,10,13,9
15460,10,18,10
15461,10,18,10
15462,10,17,6
15463,10,16,18
15464,10,18,10
15465,10,18,10
15466,10,16,18
15467,10,18,10
15468,10,18,10
15469,10,18,10
15470,10,18,10
15471,10,18,10
15472,10,16,18
15473,10,18,10
15474,10,13,9
15475,10,18,10
15476,10,16,18
15477,10,16,18
15478,10,18,10
15479,10,18,10
15480,10,18,10
15481,10,18,10
15482,10,18,10
15483,10,18,10
15484,10,18,10
15485,10,18,10
15486,10,18,10
15487,10,16,18
15488,10,16,18
15489,10,18,10
15490,10,16,18
15491,10,18,10
15492,10,18,10
15493,10,16,18
15494,10,18,10
15495,10,16,18
15496,10,18,10
15497,10,18,10
15498,10,6,17
15499,10,18,10
15500,10,16,18
15501,10,16,18
15502,10,18,10
15503,10,18,10
15504,10,18,10
15505,10,18,10
15506,10,16,18
15507,10,18,10
15508,10,18,10
15509,10,18,10
15510,10,18,10
15511,10,18,10
15512,10,18,10
15513,10,16,18
15514,10,18,10
15515,10,18,10
15516,10,16,18
15517,10,18,10
15518,10,18,10
15519,10,18,10
15520,10,17,6
15521,10,16,18
15522,10,18,10
15523,10,18,10
15524,10,18,10
15525,10,18,10
15526,10,5,7
15527,10,13,9
15528,10,18,10
15529,10,6,17
15530,10,18,10
15531,10,16,18
15532,10,18,10
15533,10,16,18
15534,10,18,10
15535,10,18,10
15536,10,18,10
15537,10,18,10
15538,10,18,10
15539,10,16,18
15540,10,6,17
15541,10,17,6
15542,10,18,10
15543,10,17,6
15544,10,18,10
15545,10,6,17
15546,10,18,10
15547,10,18,10
15548,10,18,10
15549,10,16,18
15550,10,18,10
15551,10,18,10
15552,10,16,18
15553,10,0,4
15554,10,18,10
15555,10,16,18
15556,10,16,18
15557,10,18,10
15558,10,6,17
15559,10,16,18
15560,10,18,10
15561,10,18,10
15562,10,16,18
15563,10,18,10
15564,10,18,10
15565,10,18,10
15566,10,18,10
15567,10,16,18
15568,10,18,10
15569,10,18,10
15570,10,18,10
15571,10,16,18
15572,10,16,18
15573,10,16,18
15574,10,18,10
15575,10,18,10
15576,10,18,10
15577,10,5,7
15578,10,5,7
15579,10,18,10
15580,10,16,18
15581,10,18,10
15582,10,16,18
15583,10,13,9
15584,10,16,18
15585,10,10,14
15586,10,17,6
15587,10,16,18
15588,10,18,10
15589,10,17,6
15590,10,18,10
15591,10,18,10
15592,10,18,10
15593,10,18,10
15594,10,18,10
15595,10,16,18
15596,10,18,10
15597,10,16,18
15598,10,6,17
15599,10,16,18
15600,10,18,10
15601,10,18,10
15602,10,18,10
15603,10,18,10
15604,10,18,10
15605,10,18,10
15606,10,18,10
15607,10,18,10
15608,10,18,10
15609,10,18,10
15610,10,16,18
15611,10,18,10
15612,10,0,4
15613,10,18,10
15614,10,18,10
15615,10,18,10
15616,10,18,10
15617,10,18,10
15618,10,18,10
15619,10,18,10
15620,10,16,18
15621,10,16,18
15622,10,18,10
15623,10,17,6
15624,10,5,7
15625,10,18,10
15626,10,18,10
15627,10,6,17
15628,10,18,10
15629,10,18,10
15630,10,18,10
15631,10,5,7
15632,10,18,10
15633,10,18,10
15634,10,18,10
15635,10,18,10
15636,10,16,18
15637,10,16,18
15638,10,17,6
15639,10,18,10
15640,10,18,10
15641,10,16,18
15642,10,18,10
15643,10,14,12
15644,10,18,10
15645,10,16,18
15646,10,16,18
15647,10,18,10
15648,10,16,18
15649,10,16,18
15650,10,6,17
15651,10,18,10
15652,10,16,18
15653,10,18,10
15654,10,18,10
15655,10,18,10
15656,10,18,10
15657,10,18,10
15658,10,18,10
15659,10,16,18
15660,10,18,10
15661,10,17,6
15662,10,18,10
15663,10,16,18
15664,10,18,10
15665,10,5,7
15666,10,18,10
15667,10,18,10
15668,10,18,10
15669,10,11,2
15670,10,18,10
15671,10,16,18
15672,10,18,10
15673,10,16,18
15674,10,18,10
15675,10,18,10
15676,10,16,18
15677,10,18,10
15678,10,18,10
15679,10,18,10
15680,10,18,10
15681,10,16,18
15682,10,18,10
15683,10,6,17
15684,10,18,10
15685,10,16,18
15686,10,16,18
15687,10,18,10
15688,10,18,10
15689,10,18,10
15690,10,18,10
15691,10,5,7
15692,10,18,10
15693,10,18,10
15694,10,18,10
15695,10,6,17
15696,10,18,10
15697,10,16,18
15698,10,16,18
15699,10,18,10
15700,10,16,18
15701,10,18,10
15702,10,18,10
15703,10,18,10
15704,10,16,18
15705,10,16,18
15706,10,18,10
15707,10,16,18
15708,10,18,10
15709,10,18,10
15710,10,18,10
15711,10,18,10
15712,10,18,10
15713,10,18,10
15714,10,16,18
15715,10,16,18
15716,10,5,7
15717,10,18,10
15718,10,18,10
15719,10,18,10
15720,10,18,10
15721,10,18,10
15722,10,5,7
15723,10,16,18
15724,10,16,18
15725,10,18,10
15726,10,17,6
15727,10,18,10
15728,10,18,10
15729,10,16,18
15730,10,16,18
15731,10,18,10
15732,10,5,7
15733,10,18,10
15734,10,18,10
15735,10,18,10
15736,10,16,18
15737,10,18,10
15738,10,18,10
15739,10,18,10
15740,10,18,10
15741,10,16,18
15742,10,16,18
15743,10,18,10
15744,10,18,10
15745,10,16,18
15746,10,18,10
15747,10,18,10
15748,10,16,18
15749,10,16,18
15750,10,18,10
15751,10,6,17
15752,10,18,10
15753,10,18,10
15754,10,13,9
15755,10,18,10
15756,10,17,6
15757,10,18,10
15758,10,18,10
15759,10,18,10
15760,10,18,10
15761,10,16,18
15762,10,16,18
15763,10,18,10
15764,10,18,10
15765,10,16,18
15766,10,16,18
15767,10,18,10
15768,10,18,10
15769,10,16,18
15770,10,16,18
15771,10,18,10
15772,10,6,17
15773,10,18,10
15774,10,16,18
15775,10,18,10
15776,10,18,10
15777,10,18,10
15778,10,16,18
15779,10,16,18
15780,10,18,10
15781,10,17,6
15782,10,18,10
15783,10,16,18
15784,10,18,10
15785,10,16,18
15786,10,16,18
15787,10,18,10
15788,10,16,18
15789,10,18,10
15790,10,16,18
15791,10,18,10
15792,10,18,10
15793,10,18,10
15794,10,18,10
15795,10,6,17
15796,10,18,10
15797,10,16,18
15798,10,16,18
15799,10,18,10
15800,10,16,18
15801,10,18,10
15802,10,18,10
15803,10,18,10
15804,10,17,6
15805,10,18,10
15806,10,18,10
15807,10,16,18
15808,10,16,18
15809,10,16,18
15810,10,18,10
15811,10,17,6
15812,10,16,18
15813,10,16,18
15814,10,18,10
15815,10,18,10
15816,10,18,10
15817,10,18,10
15818,10,16,18
15819,10,18,10
15820,10,18,10
15821,10,18,10
15822,10,16,18
15823,10,18,10
15824,10,5,7
15825,10,18,10
15826,10,18,10
15827,10,18,10
15828,10,18,10
15829,10,18,10
15830,10,16,18
15831,10,17,6
15832,10,16,18
15833,10,18,10
15834,10,0,4
15835,10,18,10
15836,10,18,10
15837,10,18,10
15838,10,18,10
15839,10,16,18
15840,10,16,18
15841,10,18,10
15842,10,16,18
15843,10,18,10
15844,10,18,10
15845,10,18,10
15846,10,16,18
15847,10,18,10
15848,10,16,18
15849,10,16,18
15850,10,18,10
15851,10,16,18
15852,10,16,18
15853,10,18,10
15854,10,18,10
15855,10,18,10
15856,10,18,10
15857,10,18,10
15858,10,16,18
15859,10,18,10
15860,10,18,10
15861,10,18,10
15862,10,16,18
15863,10,16,18
15864,10,18,10
15865,10,16,18
15866,10,18,10
15867,10,18,10
15868,10,18,10
15869,10,16,18
15870,10,18,10
15871,10,18,10
15872,10,16,18
15873,10,18,10
15874,10,18,10
15875,10,18,10
15876,10,18,10
15877,10,16,18
15878,10,18,10
15879,10,16,18
15880,10,18,10
15881,10,18,10
15882,10,6,17
15883,10,16,18
15884,10,18,10
15885,10,16,18
15886,10,6,17
15887,10,16,18
15888,10,18,10
15889,10,16,18
15890,10,18,10
15891,10,16,18
15892,10,16,18
15893,10,6,17
15894,10,18,10
15895,10,5,7
15896,10,18,10
15897,10,16,18
15898,10,18,10
15899,10,16,18
15900,10,18,10
15901,10,18,10
15902,10,18,10
15903,10,0,4
15904,10,18,10
15905,10,18,10
15906,10,16,18
15907,10,18,10
15908,10,18,10
15909,10,13,9
15910,10,16,18
15911,10,17,6
15912,10,18,10
15913,10,18,10
15914,10,16,18
15915,10,18,10
15916,10,13,9
15917,10,18,10
15918,10,18,10
15919,10,18,10
15920,10,18,10
15921,10,18,10
15922,10,18,10
15923,10,16,18
15924,10,18,10
15925,10,18,10
15926,10,18,10
15927,10,18,10
15928,10,18,10
15929,10,11,2
15930,10,18,10
15931,10,18,10
15932,10,6,17
15933,10,18,10
15934,10,17,6
15935,10,17,6
15936,10,18,10
15937,10,18,10
15938,10,18,10
15939,10,11,2
15940,10,18,10
15941,10,18,10
15942,10,16,18
15943,10,16,18
15944,10,16,18
15945,10,13,9
15946,10,13,9
15947,10,18,10
15948,10,16,18
15949,10,18,10
15950,10,17,6
15951,10,18,10
15952,10,5,7
15953,10,18,10
15954,10,18,10
15955,10,18,10
15956,10,18,10
15957,10,18,10
15958,10,16,18
15959,10,13,9
15960,10,18,10
15961,10,18,10
15962,10,16,18
15963,10,18,10
15964,10,16,18
15965,10,18,10
15966,10,18,10
15967,10,18,10
15968,10,16,18
15969,10,16,18
15970,10,0,4
15971,10,18,10
15972,10,16,18
15973,10,16,18
15974,10,6,17
15975,10,18,10
15976,10,18,10
15977,10,13,9
15978,10,18,10
15979,10,18,10
15980,10,16,18
15981,10,18,10
15982,10,16,18
15983,10,6,17
15984,10,18,10
15985,10,16,18
15986,10,18,10
15987,10,17,6
15988,10,18,10
15989,10,18,10
15990,10,16,18
15991,10,18,10
15992,10,18,10
15993,10,18,10
15994,10,16,18
15995,10,18,10
15996,10,18,10
15997,10,16,18
15998,10,16,18
15999,10,18,10
16000,10,17,6
16001,10,18,10
16002,10,18,10
16003,10,18,10
16004,10,16,18
16005,10,6,17
16006,10,18,10
16007,10,18,10
16008,10,18,10
16009,10,18,10
16010,10,18,10
16011,10,16,18
16012,10,5,7
16013,10,18,10
16014,10,18,10
16015,10,17,6
16016,10,18,10
16017,10,16,18
16018,10,18,10
16019,10,18,10
16020,10,5,7
16021,10,16,18
16022,10,18,10
16023,10,18,10
16024,10,16,18
16025,10,13,9
16026,10,18,10
16027,10,17,6
16028,10,16,18
16029,10,18,10
16030,10,18,10
16031,10,16,18
16032,10,16,18
16033,10,18,10
16034,10,18,10
16035,10,18,10
16036,10,16,18
16037,10,16,18
16038,10,18,10
16039,10,16,18
16040,10,18,10
16041,10,16,18
16042,10,18,10
16043,10,18,10
16044,10,16,18
16045,10,16,18
16046,10,18,10
16047,10,16,18
16048,10,16,18
16049,10,18,10
16050,10,18,10
16051,10,18,10
16052,10,18,10
16053,10,18,10
16054,10,16,18
16055,10,5,7
16056,10,18,10
16057,10,18,10
16058,10,18,10
16059,10,16,18
16060,10,16,18
16061,10,16,18
16062,10,0,4
16063,10,18,10
16064,10,18,10
16065,10,16,18
16066,10,13,9
16067,10,17,6
16068,10,18,10
16069,10,16,18
16070,10,16,18
16071,10,6,17
16072,10,6,17
16073,10,18,10
16074,10,18,10
16075,10,18,10
16076,10,16,18
16077,10,13,9
16078,10,18,10
16079,10,18,10
16080,10,16,18
16081,10,16,18
16082,10,18,10
16083,10,17,6
16084,10,16,18
16085,10,13,9
16086,10,18,10
16087,10,18,10
16088,10,16,18
16089,10,17,6
16090,10,16,18
16091,10,6,17
16092,10,16,18
16093,10,18,10
16094,10,18,10
16095,10,18,10
16096,10,18,10
16097,10,16,18
16098,10,18,10
16099,10,16,18
16100,10,16,18
16101,10,18,10
16102,10,5,7
16103,10,18,10
16104,10,18,10
16105,10,16,18
16106,10,18,10
16107,10,18,10
16108,10,18,10
16109,10,18,10
16110,10,18,10
16111,10,5,7
16112,10,18,10
16113,10,18,10
16114,10,17,6
16115,10,18,10
16116,10,18,10
16117,10,18,10
16118,10,18,10
16119,10,18,10
16120,10,18,10
16121,10,16,18
16122,10,5,7
16123,10,18,10
16124,10,16,18
16125,10,18,10
16126,10,16,18
16127,10,18,10
16128,10,18,10
16129,10,18,10
16130,10,16,18
16131,10,18,10
16132,10,18,10
16133,10,17,6
16134,10,16,18
16135,10,18,10
16136,10,16,18
16137,10,18,10
16138,10,16,18
16139,10,18,10
16140,10,18,10
16141,10,16,18
16142,10,18,10
16143,10,5,7
16144,10,18,10
16145,10,17,6
16146,10,16,18
16147,10,11,2
16148,10,18,10
16149,10,16,18
16150,10,16,18
16151,10,18,10
16152,10,16,18
16153,10,18,10
16154,10,16,18
16155,10,18,10
16156,10,16,18
16157,10,18,10
16158,10,18,10
16159,10,18,10
16160,10,18,10
16161,10,15,11
16162,10,18,10
16163,10,16,18
16164,10,18,10
16165,10,17,6
16166,10,16,18
16167,10,18,10
16168,10,18,10
16169,10,18,10
16170,10,5,7
16171,10,18,10
16172,10,18,10
16173,10,16,18
16174,10,18,10
16175,10,16,18
16176,10,18,10
16177,10,18,10
16178,10,16,18
16179,10,18,10
16180,10,18,10
16181,10,18,10
16182,10,18,10
16183,10,5,7
16184,10,18,10
16185,10,18,10
16186,10,18,10
16187,10,16,18
16188,10,18,10
16189,10,16,18
16190,10,18,10
16191,10,18,10
16192,10,18,10
16193,10,13,9
16194,10,13,9
16195,10,18,10
16196,10,16,18
16197,10,18,10
16198,10,18,10
16199,10,17,6
16200,10,18,10
16201,10,18,10
16202,10,18,10
16203,10,18,10
16204,10,18,10
16205,10,18,10
16206,10,17,6
16207,10,18,10
16208,10,16,18
16209,10,6,17
16210,10,0,4
16211,10,16,18
16212,10,16,18
16213,10,18,10
16214,10,18,10
16215,10,17,6
16216,10,18,10
16217,10,18,10
16218,10,16,18
16219,10,18,10
16220,10,16,18
16221,10,16,18
16222,10,18,10
16223,10,6,17
16224,10,18,10
16225,10,16,18
16226,10,18,10
16227,10,16,18
16228,10,18,10
16229,10,0,4
16230,10,16,18
16231,10,16,18
16232,10,18,10
16233,10,16,18
16234,10,16,18
16235,10,16,18
16236,10,18,10
16237,10,17,6
16238,10,18,10
16239,10,18,10
16240,10,18,10
16241,10,16,18
16242,10,18,10
16243,10,16,18
16244,10,18,10
16245,10,18,10
16246,10,18,10
16247,10,18,10
16248,10,5,7
16249,10,18,10
16250,10,16,18
16251,10,6,17
16252,10,18,10
16253,10,18,10
16254,10,16,18
16255,10,18,10
16256,10,18,10
16257,10,18,10
16258,10,18,10
16259,10,18,10
16260,10,18,10
16261,10,18,10
16262,10,18,10
16263,10,5,7
16264,10,18,10
16265,10,18,10
16266,10,18,10
16267,10,16,18
16268,10,18,10
16269,10,18,10
16270,10,16,18
16271,10,16,18
16272,10,18,10
16273,10,16,18
16274,10,18,10
16275,10,16,18
16276,10,16,18
16277,10,18,10
16278,10,18,10
16279,10,18,10
16280,10,18,10
16281,10,16,18
16282,10,18,10
16283,10,16,18
16284,10,18,10
16285,10,18,10
16286,10,18,10
16287,10,18,10
16288,10,18,10
16289,10,18,10
16290,10,18,10
16291,10,17,6
16292,10,18,10
16293,10,18,10
16294,10,18,10
16295,10,6,17
16296,10,18,10
16297,10,16,18
16298,10,16,18
16299,10,18,10
16300,10,16,18
16301,10,18,10
16302,10,16,18
16303,10,18,10
16304,10,18,10
16305,10,18,10
16306,10,18,10
16307,10,16,18
16308,10,6,17
16309,10,18,10
16310,10,11,2
16311,10,17,6
16312,10,18,10
16313,10,18,10
16314,10,18,10
16315,10,18,10
16316,10,18,10
16317,10,18,10
16318,10,18,10
16319,10,18,10
16320,10,18,10
16321,10,13,9
16322,10,16,18
16323,10,18,10
16324,10,18,10
16325,10,18,10
16326,10,18,10
16327,10,18,10
16328,10,6,17
16329,10,16,18
16330,10,17,6
16331,10,18,10
16332,10,18,10
16333,10,18,10
16334,10,5,7
16335,10,18,10
16336,10,18,10
16337,10,6,17
16338,10,18,10
16339,10,18,10
16340,10,17,6
16341,10,18,10
16342,10,18,10
16343,10,18,10
16344,10,18,10
16345,10,16,18
16346,10,16,18
16347,10,18,10
16348,10,18,10
16349,10,18,10
16350,10,18,10
16351,10,16,18
16352,10,18,10
16353,10,18,10
16354,10,18,10
16355,10,18,10
16356,10,18,10
16357,10,18,10
16358,10,17,6
16359,10,18,10
16360,10,18,10
16361,10,18,10
16362,10,18,10
16363,10,18,10
16364,10,18,10
16365,10,18,10
16366,10,13,9
16367,10,16,18
16368,10,0,4
16369,10,18,10
16370,10,18,10
16371,10,17,6
16372,10,18,10
16373,10,18,10
16374,10,18,10
16375,10,18,10
16376,10,18,10
16377,10,18,10
16378,10,18,10
16379,10,16,18
16380,10,18,10
16381,10,18,10
16382,10,18,10
16383,10,18,10
16384,10,12,5
16385,10,16,18
16386,10,16,18
16387,10,18,10
16388,10,18,10
16389,10,18,10
16390,10,16,18
16391,10,16,18
16392,10,16,18
16393,10,16,18
16394,10,18,10
16395,10,16,18
16396,10,18,10
16397,10,18,10
16398,10,18,10
16399,10,18,10
16400,10,18,10
16401,10,16,18
16402,10,18,10
16403,10,18,10
16404,10,16,18
16405,10,16,18
16406,10,16,18
16407,10,18,10
16408,10,16,18
16409,10,16,18
16410,10,5,7
16411,10,18,10
16412,10,18,10
16413,10,18,10
16414,10,18,10
16415,10,16,18
16416,10,16,18
16417,10,16,18
16418,10,18,10
16419,10,18,10
16420,10,0,4
16421,10,18,10
16422,10,18,10
16423,10,18,10
16424,10,18,10
16425,10,6,17
16426,10,18,10
16427,10,16,18
16428,10,18,10
16429,10,18,10
16430,10,18,10
16431,10,18,10
16432,10,18,10
16433,10,16,18
16434,10,18,10
16435,10,18,10
16436,10,16,18
16437,10,13,9
16438,10,18,10
16439,10,18,10
16440,10,13,9
16441,10,16,18
16442,10,18,10
16443,10,16,18
16444,10,18,10
16445,10,16,18
16446,10,17,6
16447,10,16,18
16448,10,18,10
16449,10,6,17
16450,10,18,10
16451,10,6,17
16452,10,18,10
16453,10,5,7
16454,10,16,18
16455,10,6,17
16456,10,18,10
16457,10,18,10
16458,10,16,18
16459,10,18,10
16460,10,18,10
16461,10,18,10
16462,10,16,18
16463,10,18,10
16464,10,16,18
16465,10,18,10
16466,10,18,10
16467,10,18,10
16468,10,16,18
16469,10,16,18
16470,10,18,10
16471,10,18,10
16472,10,18,10
16473,10,6,17
16474,10,16,18
16475,10,18,10
16476,10,18,10
16477,10,18,10
16478,10,18,10
16479,10,18,10
16480,10,6,17
16481,10,17,6
16482,10,18,10
16483,10,13,9
16484,10,18,10
16485,10,18,10
16486,10,17,6
16487,10,16,18
16488,10,18,10
16489,10,18,10
16490,10,18,10
16491,10,16,18
16492,10,16,18
16493,10,18,10
16494,10,18,10
16495,10,16,18
16496,10,17,6
16497,10,18,10
16498,10,18,10
16499,10,0,4
16500,10,16,18
16501,10,18,10
16502,10,16,18
16503,10,16,18
16504,10,16,18
16505,10,18,10
16506,10,18,10
16507,10,18,10
16508,10,18,10
16509,10,18,10
16510,10,18,10
16511,10,18,10
16512,10,18,10
16513,10,16,18
16514,10,18,10
16515,10,18,10
16516,10,18,10
16517,10,18,10
16518,10,16,18
16519,10,16,18
16520,10,18,10
16521,10,18,10
16522,10,16,18
16523,10,18,10
16524,10,16,18
16525,10,18,10
16526,10,16,18
16527,10,18,10
16528,10,18,10
16529,10,18,10
16530,10,18,10
16531,10,5,7
16532,10,16,18
16533,10,17,6
16534,10,18,10
16535,10,16,18
16536,10,16,18
16537,10,18,10
16538,10,16,18
16539,10,18,10
16540,10,18,10
16541,10,18,10
16542,10,18,10
16543,10,13,9
16544,10,17,6
16545,10,17,6
16546,10,18,10
16547,10,18,10
16548,10,18,10
16549,10,18,10
16550,10,18,10
16551,10,16,18
16552,10,18,10
16553,10,18,10
16554,10,18,10
16555,10,18,10
16556,10,13,9
16557,10,16,18
16558,10,16,18
16559,10,18,10
16560,10,18,10
16561,10,16,18
16562,10,6,17
16563,10,18,10
16564,10,18,10
16565,10,13,9
16566,10,18,10
16567,10,11,2
16568,10,16,18
16569,10,18,10
16570,10,13,9
16571,10,18,10
16572,10,18,10
16573,10,16,18
16574,10,18,10
16575,10,18,10
16576,10,18,10
16577,10,13,9
16578,10,6,17
16579,10,16,18
16580,10,5,7
16581,10,18,10
16582,10,18,10
16583,10,17,6
16584,10,16,18
16585,10,18,10
16586,10,17,6
16587,10,18,10
16588,10,18,10
16589,10,18,10
16590,10,18,10
16591,10,18,10
16592,10,18,10
16593,10,18,10
16594,10,18,10
16595,10,18,10
16596,10,16,18
16597,10,16,18
16598,10,18,10
16599,10,18,10
16600,10,16,18
16601,10,16,18
16602,10,13,9
16603,10,18,10
16604,10,17,6
16605,10,17,6
16606,10,18,10
16607,10,18,10
16608,10,18,10
16609,10,18,10
16610,10,16,18
16611,10,18,10
16612,10,16,18
16613,10,18,10
16614,10,18,10
16615,10,5,7
16616,10,18,10
16617,10,18,10
16618,10,18,10
16619,10,18,10
16620,10,18,10
16621,10,18,10
16622,10,18,10
16623,10,18,10
16624,10,17,6
16625,10,18,10
16626,10,16,18
16627,10,18,10
16628,10,18,10
16629,10,16,18
16630,10,18,10
16631,10,18,10
16632,10,18,10
16633,10,18,10
16634,10,18,10
16635,10,16,18
16636,10,18,10
16637,10,16,18
16638,10,16,18
16639,10,18,10
16640,10,6,17
16641,10,18,10
16642,10,18,10
16643,10,18,10
16644,10,18,10
16645,10,16,18
16646,10,18,10
16647,10,5,7
16648,10,16,18
16649,10,18,10
16650,10,18,10
16651,10,16,18
16652,10,18,10
16653,10,18,10
16654,10,16,18
16655,10,6,17
16656,10,18,10
16657,10,16,18
16658,10,11,2
16659,10,18,10
16660,10,18,10
16661,10,18,10
16662,10,18,10
16663,10,18,10
16664,10,18,10
16665,10,17,6
16666,10,18,10
16667,10,17,6
16668,10,18,10
16669,10,18,10
16670,10,16,18
16671,10,16,18
16672,10,16,18
16673,10,16,18
16674,10,16,18
16675,10,18,10
16676,10,16,18
16677,10,13,9
16678,10,18,10
16679,10,18,10
16680,10,18,10
16681,10,18,10
16682,10,18,10
16683,10,5,7
16684,10,18,10
16685,10,16,18
16686,10,18,10
16687,10,16,18
16688,10,18,10
16689,10,18,10
16690,10,18,10
16691,10,18,10
16692,10,18,10
16693,10,18,10
16694,10,18,10
16695,10,6,17
16696,10,18,10
16697,10,18,10
16698,10,18,10
16699,10,18,10
16700,10,18,10
16701,10,18,10
16702,10,0,4
16703,10,18,10
16704,10,18,10
16705,10,16,18
16706,10,18,10
16707,10,13,9
16708,10,18,10
16709,10,16,18
16710,10,18,10
16711,10,18,10
16712,10,18,10
16713,10,17,6
16714,10,18,10
16715,10,18,10
16716,10,16,18
16717,10,18,10
16718,10,18,10
16719,10,18,10
16720,10,16,18
16721,10,18,10
16722,10,18,10
16723,10,16,18
16724,10,16,18
16725,10,18,10
16726,10,18,10
16727,10,16,18
16728,10,16,18
16729,10,16,18
16730,10,18,10
16731,10,16,18
16732,10,16,18
16733,10,18,10
16734,10,18,10
16735,10,18,10
16736,10,16,18
16737,10,18,10
16738,10,16,18
16739,10,18,10
16740,10,18,10
16741,10,18,10
16742,10,18,10
16743,10,18,10
16744,10,13,9
16745,10,6,17
16746,10,18,10
16747,10,16,18
16748,10,16,18
16749,10,18,10
16750,10,18,10
16751,10,18,10
16752,10,18,10
16753,10,17,6
16754,10,18,10
16755,10,18,10
16756,10,18,10
16757,10,16,18
16758,10,16,18
16759,10,16,18
16760,10,18,10
16761,10,18,10
16762,10,18,10
16763,10,0,4
16764,10,16,18
16765,10,18,10
16766,10,17,6
16767,10,18,10
16768,10,18,10
16769,10,18,10
16770,10,18,10
16771,10,18,10
16772,10,18,10
16773,10,18,10
16774,10,18,10
16775,10,16,18
16776,10,16,18
16777,10,18,10
16778,10,18,10
16779,10,6,17
16780,10,18,10
16781,10,18,10
16782,10,18,10
16783,10,18,10
16784,10,16,18
16785,10,6,17
16786,10,18,10
16787,10,16,18
16788,10,18,10
16789,10,18,10
16790,10,6,17
16791,10,0,4
16792,10,18,10
16793,10,18,10
16794,10,18,10
16795,10,18,10
16796,10,18,10
16797,10,17,6
16798,10,17,6
16799,10,18,10
16800,10,16,18
16801,10,16,18
16802,10,18,10
16803,10,17,6
16804,10,18,10
16805,10,18,10
16806,10,18,10
16807,10,16,18
16808,10,18,10
16809,10,18,10
16810,10,18,10
16811,10,16,18
16812,10,16,18
16813,10,18,10
16814,10,18,10
16815,10,13,9
16816,10,18,10
16817,10,18,10
16818,10,16,18
16819,10,18,10
16820,10,16,18
16821,10,18,10
16822,10,16,18
16823,10,18,10
16824,10,17,6
16825,10,18,10
16826,10,16,18
16827,10,18,10
16828,10,16,18
16829,10,18,10
16830,10,17,6
16831,10,18,10
16832,10,18,10
16833,10,6,17
16834,10,18,10
16835,10,18,10
16836,10,18,10
16837,10,18,10
16838,10,16,18
16839,10,16,18
16840,10,0,4
16841,10,18,10
16842,10,18,10
16843,10,5,7
16844,10,18,10
16845,10,0,4
16846,10,18,10
16847,10,5,7
16848,10,18,10
16849,10,18,10
16850,10,18,10
16851,10,18,10
16852,10,16,18
16853,10,16,18
16854,10,18,10
16855,10,16,18
16856,10,16,18
16857,10,18,10
16858,10,16,18
16859,10,16,18
16860,10,18,10
16861,10,18,10
16862,10,14,12
16863,10,18,10
16864,10,18,10
16865,10,18,10
16866,10,16,18
16867,10,18,10
16868,10,18,10
16869,10,18,10
16870,10,18,10
16871,10,16,18
16872,10,16,18
16873,10,18,10
16874,10,18,10
16875,10,18,10
16876,10,18,10
16877,10,18,10
16878,10,17,6
16879,10,18,10
16880,10,18,10
16881,10,11,2
16882,10,18,10
16883,10,18,10
16884,10,16,18
16885,10,16,18
16886,10,18,10
16887,10,18,10
16888,10,18,10
16889,10,13,9
16890,10,18,10
16891,10,16,18
16892,10,5,7
16893,10,18,10
16894,10,18,10
16895,10,16,18
16896,10,18,10
16897,10,18,10
16898,10,16,18
16899,10,18,10
16900,10,18,10
16901,10,16,18
16902,10,18,10
16903,10,18,10
16904,10,13,9
16905,10,18,10
16906,10,18,10
16907,10,16,18
16908,10,18,10
16909,10,0,4
16910,10,18,10
16911,10,6,17
16912,10,17,6
16913,10,17,6
16914,10,18,10
16915,10,18,10
16916,10,18,10
16917,10,18,10
16918,10,18,10
16919,10,6,17
16920,10,16,18
16921,10,18,10
16922,10,18,10
16923,10,18,10
16924,10,17,6
16925,10,18,10
16926,10,0,4
16927,10,18,10
16928,10,18,10
16929,10,16,18
16930,10,18,10
16931,10,18,10
16932,10,18,10
16933,10,18,10
16934,10,18,10
16935,10,6,17
16936,10,16,18
16937,10,18,10
16938,10,18,10
16939,10,18,10
16940,10,16,18
16941,10,18,10
16942,10,18,10
16943,10,18,10
16944,10,18,10
16945,10,18,10
16946,10,18,10
16947,10,16,18
16948,10,18,10
16949,10,18,10
16950,10,18,10
16951,10,6,17
16952,10,16,18
16953,10,5,7
16954,10,16,18
16955,10,18,10
16956,10,16,18
16957,10,18,10
16958,10,18,10
16959,10,18,10
16960,10,18,10
16961,10,16,18
16962,10,18,10
16963,10,18,10
16964,10,18,10
16965,10,18,10
16966,10,16,18
16967,10,18,10
16968,10,18,10
16969,10,18,10
16970,10,16,18
16971,10,16,18
16972,10,18,10
16973,10,18,10
16974,10,18,10
16975,10,16,18
16976,10,18,10
16977,10,18,10
16978,10,18,10
16979,10,18,10
16980,10,18,10
16981,10,18,10
16982,10,17,6
16983,10,17,6
16984,10,16,18
16985,10,16,18
16986,10,18,10
16987,10,17,6
16988,10,18,10
16989,10,18,10
16990,10,18,10
16991,10,18,10
16992,10,16,18
16993,10,16,18
16994,10,18,10
16995,10,18,10
16996,10,18,10
16997,10,18,10
16998,10,17,6
16999,10,16,18
17000,10,18,10
17001,10,16,18
17002,10,18,10
17003,10,18,10
17004,10,18,10
17005,10,18,10
17006,10,5,7
17007,10,17,6
17008,10,16,18
17009,10,18,10
17010,10,6,17
17011,10,16,18
17012,10,18,10
17013,10,16,18
17014,10,13,9
17015,10,18,10
17016,10,16,18
17017,10,16,18
17018,10,16,18
17019,10,17,6
17020,10,18,10
17021,10,18,10
17022,10,18,10
17023,10,18,10
17024,10,16,18
17025,10,16,18
17026,10,17,6
17027,10,18,10
17028,10,18,10
17029,10,18,10
17030,10,18,10
17031,10,18,10
17032,10,18,10
17033,10,16,18
17034,10,16,18
17035,10,13,9
17036,10,18,10
17037,10,18,10
17038,10,18,10
17039,10,18,10
17040,10,18,10
17041,10,18,10
17042,10,5,7
17043,10,18,10
17044,10,13,9
17045,10,18,10
17046,10,18,10
17047,10,17,6
17048,10,18,10
17049,10,16,18
17050,10,18,10
17051,10,18,10
17052,10,5,7
17053,10,18,10
17054,10,18,10
17055,10,18,10
17056,10,18,10
17057,10,16,18
17058,10,16,18
17059,10,18,10
17060,10,16,18
17061,10,6,17
17062,10,16,18
17063,10,18,10
17064,10,18,10
17065,10,18,10
17066,10,18,10
17067,10,18,10
17068,10,16,18
17069,10,16,18
17070,10,18,10
17071,10,18,10
17072,10,6,17
17073,10,17,6
17074,10,18,10
17075,10,16,18
17076,10,18,10
17077,10,16,18
17078,10,18,10
17079,10,16,18
17080,10,16,18
17081,10,5,7
17082,10,18,10
17083,10,16,18
17084,10,18,10
17085,10,18,10
17086,10,16,18
17087,10,18,10
17088,10,18,10
17089,10,18,10
17090,10,16,18
17091,10,18,10
17092,10,18,10
17093,10,18,10
17094,10,16,18
17095,10,16,18
17096,10,5,7
17097,10,18,10
17098,10,18,10
17099,10,18,10
17100,10,18,10
17101,10,6,17
17102,10,18,10
17103,10,18,10
17104,10,18,10
17105,10,0,4
17106,10,18,10
17107,10,18,10
17108,10,18,10
17109,10,18,10
17110,10,18,10
17111,10,16,18
17112,10,16,18
17113,10,18,10
17114,10,18,10
17115,10,18,10
17116,10,18,10
17117,10,18,10
17118,10,18,10
17119,10,16,18
17120,10,11,2
17121,10,18,10
17122,10,18,10
17123,10,11,2
17124,10,17,6
17125,10,5,7
17126,10,18,10
17127,10,18,10
17128,10,18,10
17129,10,18,10
17130,10,18,10
17131,10,18,10
17132,10,18,10
17133,10,18,10
17134,10,6,17
17135,10,18,10
17136,10,18,10
17137,10,16,18
17138,10,16,18
17139,10,18,10
17140,10,18,10
17141,10,18,10
17142,10,18,10
17143,10,18,10
17144,10,18,10
17145,10,13,9
17146,10,16,18
17147,10,17,6
17148,10,6,17
17149,10,18,10
17150,10,18,10
17151,10,18,10
17152,10,18,10
17153,10,18,10
17154,10,18,10
17155,10,18,10
17156,10,6,17
17157,10,18,10
17158,10,16,18
17159,10,16,18
17160,10,16,18
17161,10,18,10
17162,10,18,10
17163,10,18,10
17164,10,18,10
17165,10,18,10
17166,10,18,10
17167,10,16,18
17168,10,16,18
17169,10,18,10
17170,10,5,7
17171,10,18,10
17172,10,18,10
17173,10,6,17
17174,10,16,18
17175,10,16,18
17176,10,18,10
17177,10,18,10
17178,10,18,10
17179,10,16,18
17180,10,16,18
17181,10,5,7
17182,10,6,17
17183,10,18,10
17184,10,18,10
17185,10,16,18
17186,10,18,10
17187,10,18,10
17188,10,18,10
17189,10,16,18
17190,10,18,10
17191,10,18,10
17192,10,18,10
17193,10,18,10
17194,10,18,10
17195,10,18,10
17196,10,18,10
17197,10,0,4
17198,10,16,18
17199,10,16,18
17200,10,16,18
17201,10,18,10
17202,10,18,10
17203,10,16,18
17204,10,18,10
17205,10,16,18
17206,10,18,10
17207,10,18,10
17208,10,16,18
17209,10,16,18
17210,10,18,10
17211,10,16,18
17212,10,18,10
17213,10,18,10
17214,10,18,10
17215,10,18,10
17216,10,18,10
17217,10,18,10
17218,10,18,10
17219,10,16,18
17220,10,17,6
17221,10,18,10
17222,10,18,10
17223,10,18,10
17224,10,16,18
17225,10,18,10
17226,10,16,18
17227,10,17,6
17228,10,16,18
17229,10,18,10
17230,10,18,10
17231,10,18,10
17232,10,18,10
17233,10,18,10
17234,10,18,10
17235,10,18,10
17236,10,16,18
17237,10,16,18
17238,10,18,10
17239,10,16,18
17240,10,17,6
17241,10,18,10
17242,10,16,18
17243,10,18,10
17244,10,18,10
17245,10,18,10
17246,10,18,10
17247,10,16,18
17248,10,18,10
17249,10,16,18
17250,10,17,6
17251,10,16,18
17252,10,18,10
17253,10,18,10
17254,10,18,10
17255,10,16,18
17256,10,16,18
17257,10,18,10
17258,10,18,10
17259,10,18,10
17260,10,18,10
17261,10,16,18
17262,10,18,10
17263,10,18,10
17264,10,18,10
17265,10,5,7
17266,10,16,18
17267,10,18,10
17268,10,18,10
17269,10,5,7
17270,10,18,10
17271,10,18,10
17272,10,5,7
17273,10,18,10
17274,10,13,9
17275,10,16,18
17276,10,5,7
17277,10,18,10
17278,10,6,17
17279,10,18,10
17280,10,16,18
17281,10,18,10
17282,10,18,10
17283,10,16,18
17284,10,18,10
17285,10,16,18
17286,10,18,10
17287,10,18,10
17288,10,17,6
17289,10,18,10
17290,10,16,18
17291,10,18,10
17292,10,18,10
17293,10,18,10
17294,10,18,10
17295,10,18,10
17296,10,18,10
17297,10,18,10
17298,10,18,10
17299,10,16,18
17300,10,6,17
17301,10,16,18
17302,10,6,17
17303,10,18,10
17304,10,18,10
17305,10,18,10
17306,10,18,10
17307,10,18,10
17308,10,18,10
17309,10,18,10
17310,10,18,10
17311,10,16,18
17312,10,18,10
17313,10,18,10
17314,10,17,6
17315,10,18,10
17316,10,18,10
17317,10,18,10
17318,10,16,18
17319,10,18,10
17320,10,18,10
17321,10,0,4
17322,10,5,7
17323,10,16,18
17324,10,18,10
17325,10,0,4
17326,10,18,10
17327,10,18,10
17328,10,18,10
17329,10,18,10
17330,10,18,10
17331,10,18,10
17332,10,6,17
17333,10,18,10
17334,10,18,10
17335,10,16,18
17336,10,18,10
17337,10,18,10
17338,10,18,10
17339,10,18,10
17340,10,18,10
17341,10,5,7
17342,10,18,10
17343,10,16,18
17344,10,18,10
17345,10,17,6
17346,10,18,10
17347,10,17,6
17348,10,18,10
17349,10,16,18
17350,10,18,10
17351,10,18,10
17352,10,17,6
17353,10,18,10
17354,10,17,6
17355,10,18,10
17356,10,6,17
17357,10,18,10
17358,10,16,18
17359,10,18,10
17360,10,16,18
17361,10,16,18
17362,10,11,2
17363,10,16,18
17364,10,18,10
17365,10,18,10
17366,10,18,10
17367,10,18,10
17368,10,18,10
17369,10,18,10
17370,10,18,10
17371,10,5,7
17372,10,17,6
17373,10,18,10
17374,10,16,18
17375,10,18,10
17376,10,18,10
17377,10,18,10
17378,10,16,18
17379,10,16,18
17380,10,16,18
17381,10,5,7
17382,10,18,10
17383,10,18,10
17384,10,18,10
17385,10,16,18
17386,10,18,10
17387,10,16,18
17388,10,18,10
17389,10,16,18
17390,10,5,7
17391,10,16,18
17392,10,16,18
17393,10,18,10
17394,10,18,10
17395,10,16,18
17396,10,16,18
17397,10,16,18
17398,10,18,10
17399,10,6,17
17400,10,18,10
17401,10,16,18
17402,10,18,10
17403,10,5,7
17404,10,18,10
17405,10,18,10
17406,10,16,18
17407,10,16,18
17408,10,18,10
17409,10,18,10
17410,10,18,10
17411,10,13,9
17412,10,6,17
17413,10,1,1
17414,10,16,18
17415,10,16,18
17416,10,18,10
17417,10,16,18
17418,10,16,18
17419,10,18,10
17420,10,16,18
17421,10,11,2
17422,10,18,10
17423,10,5,7
17424,10,18,10
17425,10,18,10
17426,10,18,10
17427,10,18,10
17428,10,16,18
17429,10,18,10
17430,10,8,3
17431,10,18,10
17432,10,18,10
17433,10,18,10
17434,10,5,7
17435,10,16,18
17436,10,18,10
17437,10,16,18
17438,10,18,10
17439,10,16,18
17440,10,7,13
17441,10,18,10
17442,10,16,18
17443,10,18,10
17444,10,18,10
17445,10,18,10
17446,10,6,17
17447,10,18,10
17448,10,18,10
17449,10,18,10
17450,10,16,18
17451,10,16,18
17452,10,16,18
17453,10,18,10
17454,10,16,18
17455,10,17,6
17456,10,18,10
17457,10,6,17
17458,10,18,10
17459,10,18,10
17460,10,16,18
17461,10,18,10
17462,10,18,10
17463,10,18,10
17464,10,17,6
17465,10,18,10
17466,10,18,10
17467,10,18,10
17468,10,16,18
17469,10,18,10
17470,10,6,17
17471,10,11,2
17472,10,11,2
17473,10,18,10
17474,10,16,18
17475,10,18,10
17476,10,18,10
17477,10,18,10
17478,10,18,10
17479,10,18,10
17480,10,18,10
17481,10,18,10
17482,10,18,10
17483,10,18,10
17484,10,18,10
17485,10,18,10
17486,10,18,10
17487,10,18,10
17488,10,18,10
17489,10,18,10
17490,10,18,10
17491,10,16,18
17492,10,18,10
17493,10,18,10
17494,10,18,10
17495,10,18,10
17496,10,14,12
17497,10,16,18
17498,10,18,10
17499,10,17,6
17500,10,18,10
17501,10,18,10
17502,10,18,10
17503,10,18,10
17504,10,18,10
17505,10,18,10
17506,10,5,7
17507,10,18,10
17508,10,16,18
17509,10,18,10
17510,10,18,10
17511,10,18,10
17512,10,18,10
17513,10,18,10
17514,10,16,18
17515,10,18,10
17516,10,18,10
17517,10,18,10
17518,10,18,10
17519,10,16,18
17520,10,18,10
17521,10,18,10
17522,10,6,17
17523,10,18,10
17524,10,18,10
17525,10,18,10
17526,10,18,10
17527,10,18,10
17528,10,18,10
17529,10,18,10
17530,10,18,10
17531,10,18,10
17532,10,18,10
17533,10,18,10
17534,10,17,6
17535,10,18,10
17536,10,18,10
17537,10,18,10
17538,10,18,10
17539,10,18,10
17540,10,18,10
17541,10,8,3
17542,10,16,18
17543,10,18,10
17544,10,18,10
17545,10,18,10
17546,10,10,14
17547,10,16,18
17548,10,18,10
17549,10,18,10
17550,10,16,18
17551,10,18,10
17552,10,18,10
17553,10,18,10
17554,10,18,10
17555,10,18,10
17556,10,17,6
17557,10,16,18
17558,10,18,10
17559,10,11,2
17560,10,11,2
17561,10,18,10
17562,10,16,18
17563,10,16,18
17564,10,18,10
17565,10,18,10
17566,10,18,10
17567,10,16,18
17568,10,18,10
17569,10,18,10
17570,10,16,18
17571,10,16,18
17572,10,18,10
17573,10,18,10
17574,10,18,10
17575,10,18,10
17576,10,18,10
17577,10,18,10
17578,10,13,9
17579,10,13,9
17580,10,13,9
17581,10,18,10
17582,10,18,10
17583,10,18,10
17584,10,13,9
17585,10,16,18
17586,10,16,18
17587,10,18,10
17588,10,18,10
17589,10,18,10
17590,10,16,18
17591,10,18,10
17592,10,1,1
17593,10,17,6
17594,10,18,10
17595,10,18,10
17596,10,16,18
17597,10,18,10
17598,10,18,10
17599,10,18,10
17600,10,18,10
17601,10,18,10
17602,10,18,10
17603,10,18,10
17604,10,18,10
17605,10,18,10
17606,10,18,10
17607,10,13,9
17608,10,17,6
17609,10,6,17
17610,10,17,6
17611,10,16,18
17612,10,16,18
17613,10,16,18
17614,10,18,10
17615,10,18,10
17616,10,18,10
17617,10,16,18
17618,10,18,10
17619,10,18,10
17620,10,18,10
17621,10,16,18
17622,10,16,18
17623,10,18,10
17624,10,18,10
17625,10,18,10
17626,10,2,16
17627,10,18,10
17628,10,15,11
17629,10,18,10
17630,10,18,10
17631,10,18,10
17632,10,18,10
17633,10,13,9
17634,10,16,18
17635,10,18,10
17636,10,13,9
17637,10,13,9
17638,10,17,6
17639,10,18,10
17640,10,18,10
17641,10,18,10
17642,10,16,18
17643,10,18,10
17644,10,18,10
17645,10,18,10
17646,10,18,10
17647,10,17,6
17648,10,16,18
17649,10,13,9
17650,10,18,10
17651,10,18,10
17652,10,18,10
17653,10,18,10
17654,10,18,10
17655,10,18,10
17656,10,16,18
17657,10,16,18
17658,10,18,10
17659,10,18,10
17660,10,18,10
17661,10,18,10
17662,10,18,10
17663,10,18,10
17664,10,18,10
17665,10,18,10
17666,10,13,9
17667,10,18,10
17668,10,18,10
17669,10,0,4
17670,10,13,9
17671,10,18,10
17672,10,0,4
17673,10,18,10
17674,10,18,10
17675,10,16,18
17676,10,16,18
17677,10,18,10
17678,10,18,10
17679,10,16,18
17680,10,16,18
17681,10,18,10
17682,10,12,5
17683,10,18,10
17684,10,18,10
17685,10,18,10
17686,10,18,10
17687,10,18,10
17688,10,18,10
17689,10,10,14
17690,10,18,10
17691,10,18,10
17692,10,18,10
17693,10,18,10
17694,10,18,10
17695,10,18,10
17696,10,18,10
17697,10,18,10
17698,10,13,9
17699,10,18,10
17700,10,18,10
17701,10,18,10
17702,10,18,10
17703,10,18,10
17704,10,18,10
17705,10,18,10
17706,10,13,9
17707,10,18,10
17708,10,16,18
17709,10,6,17
17710,10,18,10
17711,10,18,10
17712,10,18,10
17713,10,18,10
17714,10,8,3
17715,10,18,10
17716,10,16,18
17717,10,18,10
17718,10,18,10
17719,10,18,10
17720,10,18,10
17721,10,18,10
17722,10,16,18
17723,10,6,17
17724,10,18,10
17725,10,18,10
17726,10,16,18
17727,10,16,18
17728,10,18,10
17729,10,18,10
17730,10,16,18
17731,10,16,18
17732,10,13,9
17733,10,18,10
17734,10,18,10
17735,10,5,7
17736,10,6,17
17737,10,18,10
17738,10,6,17
17739,10,18,10
17740,10,18,10
17741,10,18,10
17742,10,13,9
17743,10,18,10
17744,10,18,10
17745,10,18,10
17746,10,16,18
17747,10,17,6
17748,10,18,10
17749,10,18,10
17750,10,18,10
17751,10,18,10
17752,10,10,14
17753,10,18,10
17754,10,18,10
17755,10,18,10
17756,10,18,10
17757,10,18,10
17758,10,18,10
17759,10,18,10
17760,10,18,10
17761,10,16,18
17762,10,18,10
17763,10,13,9
17764,10,18,10
17765,10,18,10
17766,10,18,10
17767,10,18,10
17768,10,18,10
17769,10,16,18
17770,10,16,18
17771,10,18,10
17772,10,18,10
17773,10,18,10
17774,10,18,10
17775,10,16,18
17776,10,18,10
17777,10,18,10
17778,10,19,19
17779,10,18,10
17780,10,18,10
17781,10,6,17
17782,10,18,10
17783,10,18,10
17784,10,18,10
17785,10,18,10
17786,10,6,17
17787,10,18,10
17788,10,18,10
17789,10,18,10
17790,10,18,10
17791,10,18,10
17792,10,16,18
17793,10,18,10
17794,10,18,10
17795,10,18,10
17796,10,18,10
17797,10,16,18
17798,10,18,10
17799,10,16,18
17800,10,18,10
17801,10,16,18
17802,10,18,10
17803,10,18,10
17804,10,11,2
17805,10,18,10
17806,10,18,10
17807,10,18,10
17808,10,6,17
17809,10,16,18
17810,10,18,10
17811,10,18,10
17812,10,18,10
17813,10,18,10
17814,10,18,10
17815,10,18,10
17816,10,16,18
17817,10,18,10
17818,10,16,18
17819,10,18,10
17820,10,18,10
17821,10,18,10
17822,10,18,10
17823,10,16,18
17824,10,18,10
17825,10,18,10
17826,10,18,10
17827,10,18,10
17828,10,18,10
17829,10,18,10
17830,10,18,10
17831,10,18,10
17832,10,18,10
17833,10,18,10
17834,10,18,10
17835,10,18,10
17836,10,18,10
17837,10,16,18
17838,10,17,6
17839,10,18,10
17840,10,18,10
17841,10,18,10
17842,10,6,17
17843,10,6,17
17844,10,18,10
17845,10,6,17
17846,10,6,17
17847,10,18,10
17848,10,16,18
17849,10,18,10
17850,10,18,10
17851,10,18,10
17852,10,18,10
17853,10,18,10
17854,10,18,10
17855,10,18,10
17856,10,18,10
17857,10,18,10
17858,10,18,10
17859,10,18,10
17860,10,18,10
17861,10,18,10
17862,10,16,18
17863,10,18,10
17864,10,6,17
17865,10,18,10
17866,10,18,10
17867,10,18,10
17868,10,18,10
17869,10,18,10
17870,10,18,10
17871,10,18,10
17872,10,18,10
17873,10,16,18
17874,10,18,10
17875,10,18,10
17876,10,18,10
17877,10,18,10
17878,10,13,9
17879,10,9,8
17880,10,18,10
17881,10,18,10
17882,10,10,14
17883,10,5,7
17884,10,18,10
17885,10,6,17
17886,10,18,10
17887,10,18,10
17888,10,18,10
17889,10,18,10
17890,10,18,10
17891,10,18,10
17892,10,18,10
17893,10,18,10
17894,10,18,10
17895,10,16,18
17896,10,18,10
17897,10,18,10
17898,10,18,10
17899,10,18,10
17900,10,18,10
17901,10,18,10
17902,10,18,10
17903,10,18,10
17904,10,18,10
17905,10,18,10
17906,10,18,10
17907,10,18,10
17908,10,18,10
17909,10,5,7
17910,10,18,10
17911,10,19,19
17912,10,18,10
17913,10,18,10
17914,10,18,10
17915,10,18,10
17916,10,13,9
17917,10,18,10
17918,10,16,18
17919,10,18,10
17920,10,18,10
17921,10,18,10
17922,10,18,10
17923,10,16,18
17924,10,16,18
17925,10,18,10
17926,10,16,18
17927,10,18,10
17928,10,18,10
17929,10,16,18
17930,10,18,10
17931,10,18,10
17932,10,18,10
17933,10,16,18
17934,10,16,18
17935,10,16,18
17936,10,16,18
17937,10,18,10
17938,10,17,6
17939,10,16,18
17940,10,16,18
17941,10,18,10
17942,10,18,10
17943,10,18,10
17944,10,18,10
17945,10,18,10
17946,10,18,10
17947,10,18,10
17948,10,18,10
17949,10,18,10
17950,10,18,10
17951,10,18,10
17952,10,18,10
17953,10,16,18
17954,10,18,10
17955,10,16,18
17956,10,16,18
17957,10,18,10
17958,10,18,10
17959,10,18,10
17960,10,18,10
17961,10,18,10
17962,10,18,10
17963,10,18,10
17964,10,18,10
17965,10,18,10
17966,10,16,18
17967,10,16,18
17968,10,18,10
17969,10,18,10
17970,10,18,10
17971,10,18,10
17972,10,18,10
17973,10,16,18
17974,10,18,10
17975,10,6,17
17976,10,16,18
17977,10,6,17
17978,10,18,10
17979,10,6,17
17980,10,18,10
17981,10,18,10
17982,10,18,10
17983,10,18,10
17984,10,18,10
17985,10,18,10
17986,10,18,10
17987,10,18,10
17988,10,18,10
17989,10,18,10
17990,10,16,18
17991,10,18,10
17992,10,18,10
17993,10,18,10
17994,10,18,10
17995,10,13,9
17996,10,17,6
17997,10,13,9
17998,10,18,10
17999,10,18,10
18000,10,18,10
18001,10,18,10
18002,10,18,10
18003,10,18,10
18004,10,18,10
18005,10,16,18
18006,10,18,10
18007,10,17,6
18008,10,11,2
18009,10,18,10
18010,10,16,18
18011,10,18,10
18012,10,18,10
18013,10,18,10
18014,10,5,7
18015,10,18,10
18016,10,18,10
18017,10,18,10
18018,10,18,10
18019,10,18,10
18020,10,18,10
18021,10,18,10
18022,10,16,18
18023,10,6,17
18024,10,16,18
18025,10,18,10
18026,10,18,10
18027,10,18,10
18028,10,16,18
18029,10,16,18
18030,10,18,10
18031,10,16,18
18032,10,16,18
18033,10,18,10
18034,10,18,10
18035,10,18,10
18036,10,16,18
18037,10,17,6
18038,10,18,10
18039,10,18,10
18040,10,16,18
18041,10,5,7
18042,10,18,10
18043,10,18,10
18044,10,13,9
18045,10,16,18
18046,10,16,18
18047,10,6,17
18048,10,18,10
18049,10,18,10
18050,10,18,10
18051,10,18,10
18052,10,18,10
18053,10,18,10
18054,10,18,10
18055,10,18,10
18056,10,18,10
18057,10,7,13
18058,10,18,10
18059,10,18,10
18060,10,18,10
18061,10,18,10
18062,10,18,10
18063,10,18,10
18064,10,18,10
18065,10,18,10
18066,10,3,15
18067,10,18,10
18068,10,18,10
18069,10,18,10
18070,10,16,18
18071,10,6,17
18072,10,18,10
18073,10,18,10
18074,10,18,10
18075,10,16,18
18076,10,18,10
18077,10,16,18
18078,10,16,18
18079,10,18,10
18080,10,13,9
18081,10,18,10
18082,10,18,10
18083,10,16,18
18084,10,18,10
18085,10,16,18
18086,10,16,18
18087,10,16,18
18088,10,18,10
18089,10,18,10
18090,10,18,10
18091,10,18,10
18092,10,18,10
18093,10,18,10
18094,10,18,10
18095,10,18,10
18096,10,18,10
18097,10,18,10
18098,10,16,18
18099,10,16,18
18100,10,18,10
18101,10,18,10
18102,10,18,10
18103,10,18,10
18104,10,18,10
18105,10,5,7
18106,10,18,10
18107,10,18,10
18108,10,18,10
18109,10,18,10
18110,10,18,10
18111,10,18,10
18112,10,16,18
18113,10,18,10
18114,10,6,17
18115,10,18,10
18116,10,16,18
18117,10,18,10
18118,10,18,10
18119,10,16,18
18120,10,6,17
18121,10,17,6
18122,10,10,14
18123,10,18,10
18124,10,18,10
18125,10,18,10
18126,10,18,10
18127,10,16,18
18128,10,18,10
18129,10,18,10
18130,10,16,18
18131,10,16,18
18132,10,16,18
18133,10,18,10
18134,10,16,18
18135,10,18,10
18136,10,16,18
18137,10,18,10
18138,10,16,18
18139,10,18,10
18140,10,13,9
18141,10,13,9
18142,10,11,2
18143,10,18,10
18144,10,18,10
18145,10,16,18
18146,10,16,18
18147,10,18,10
18148,10,18,10
18149,10,18,10
18150,10,18,10
18151,10,18,10
18152,10,16,18
18153,10,16,18
18154,10,18,10
18155,10,17,6
18156,10,18,10
18157,10,16,18
18158,10,18,10
18159,10,18,10
18160,10,18,10
18161,10,18,10
18162,10,16,18
18163,10,18,10
18164,10,18,10
18165,10,18,10
18166,10,18,10
18167,10,16,18
18168,10,18,10
18169,10,18,10
18170,10,17,6
18171,10,18,10
18172,10,18,10
18173,10,16,18
18174,10,18,10
18175,10,18,10
18176,10,18,10
18177,10,18,10
18178,10,18,10
18179,10,18,10
18180,10,18,10
18181,10,17,6
18182,10,13,9
18183,10,18,10
18184,10,18,10
18185,10,18,10
18186,10,16,18
18187,10,16,18
18188,10,18,10
18189,10,18,10
18190,10,16,18
18191,10,18,10
18192,10,13,9
18193,10,16,18
18194,10,18,10
18195,10,16,18
18196,10,18,10
18197,10,11,2
18198,10,18,10
18199,10,16,18
18200,10,18,10
18201,10,18,10
18202,10,18,10
18203,10,18,10
18204,10,16,18
18205,10,16,18
18206,10,18,10
18207,10,18,10
18208,10,18,10
18209,10,16,18
18210,10,18,10
18211,10,16,18
18212,10,18,10
18213,10,10,14
18214,10,18,10
18215,10,16,18
18216,10,0,4
18217,10,18,10
18218,10,16,18
18219,10,0,4
18220,10,14,12
18221,10,18,10
18222,10,18,10
18223,10,18,10
18224,10,18,10
18225,10,18,10
18226,10,18,10
18227,10,16,18
18228,10,18,10
18229,10,18,10
18230,10,16,18
18231,10,13,9
18232,10,18,10
18233,10,18,10
18234,10,18,10
18235,10,18,10
18236,10,9,8
18237,10,18,10
18238,10,18,10
18239,10,16,18
18240,10,18,10
18241,10,18,10
18242,10,16,18
18243,10,18,10
18244,10,5,7
18245,10,18,10
18246,10,18,10
18247,10,18,10
18248,10,16,18
18249,10,16,18
18250,10,18,10
18251,10,18,10
18252,10,18,10
18253,10,18,10
18254,10,18,10
18255,10,18,10
18256,10,18,10
18257,10,18,10
18258,10,16,18
18259,10,18,10
18260,10,18,10
18261,10,18,10
18262,10,18,10
18263,10,18,10
18264,10,18,10
18265,10,16,18
18266,10,18,10
18267,10,16,18
18268,10,18,10
18269,10,16,18
18270,10,18,10
18271,10,18,10
18272,10,18,10
18273,10,18,10
18274,10,18,10
18275,10,16,18
18276,10,18,10
18277,10,18,10
18278,10,18,10
18279,10,16,18
18280,10,16,18
18281,10,18,10
18282,10,18,10
18283,10,18,10
18284,10,18,10
18285,10,18,10
18286,10,18,10
18287,10,18,10
18288,10,18,10
18289,10,18,10
18290,10,16,18
18291,10,18,10
18292,10,18,10
18293,10,18,10
18294,10,16,18
18295,10,16,18
18296,10,18,10
18297,10,16,18
18298,10,18,10
18299,10,9,8
18300,10,18,10
18301,10,16,18
18302,10,18,10
18303,10,18,10
18304,10,18,10
18305,10,18,10
18306,10,18,10
18307,10,11,2
18308,10,11,2
18309,10,18,10
18310,10,18,10
18311,10,0,4
18312,10,16,18
18313,10,16,18
18314,10,16,18
18315,10,18,10
18316,10,18,10
18317,10,18,10
18318,10,16,18
18319,10,18,10
18320,10,16,18
18321,10,18,10
18322,10,18,10
18323,10,18,10
18324,10,18,10
18325,10,18,10
18326,10,18,10
18327,10,18,10
18328,10,17,6
18329,10,18,10
18330,10,18,10
18331,10,18,10
18332,10,18,10
18333,10,18,10
18334,10,18,10
18335,10,18,10
18336,10,18,10
18337,10,5,7
18338,10,18,10
18339,10,18,10
18340,10,18,10
18341,10,16,18
18342,10,18,10
18343,10,19,19
18344,10,16,18
18345,10,18,10
18346,10,18,10
18347,10,16,18
18348,10,16,18
18349,10,18,10
18350,10,18,10
18351,10,18,10
18352,10,18,10
18353,10,18,10
18354,10,16,18
18355,10,16,18
18356,10,18,10
18357,10,18,10
18358,10,16,18
18359,10,16,18
18360,10,18,10
18361,10,16,18
18362,10,18,10
18363,10,18,10
18364,10,18,10
18365,10,18,10
18366,10,18,10
18367,10,15,11
18368,10,16,18
18369,10,0,4
18370,10,18,10
18371,10,16,18
18372,10,18,10
18373,10,1,1
18374,10,18,10
18375,10,16,18
18376,10,18,10
18377,10,18,10
18378,10,18,10
18379,10,16,18
18380,10,16,18
18381,10,18,10
18382,10,18,10
18383,10,18,10
18384,10,18,10
18385,10,18,10
18386,10,18,10
18387,10,18,10
18388,10,18,10
18389,10,0,4
18390,10,0,4
18391,10,0,4
18392,10,0,4
18393,10,18,10
18394,10,18,10
18395,10,16,18
18396,10,18,10
18397,10,18,10
18398,10,18,10
18399,10,18,10
18400,10,18,10
18401,10,18,10
18402,10,18,10
18403,10,16,18
18404,10,18,10
18405,10,6,17
18406,10,18,10
18407,10,0,4
18408,10,18,10
18409,10,6,17
18410,10,16,18
18411,10,6,17
18412,10,18,10
18413,10,16,18
18414,10,18,10
18415,10,18,10
18416,10,0,4
18417,10,18,10
18418,10,18,10
18419,10,18,10
18420,10,16,18
18421,10,18,10
18422,10,18,10
18423,10,16,18
18424,10,16,18
18425,10,18,10
18426,10,18,10
18427,10,18,10
18428,10,18,10
18429,10,16,18
18430,10,16,18
18431,10,16,18
18432,10,6,17
18433,10,18,10
18434,10,18,10
18435,10,18,10
18436,10,18,10
18437,10,18,10
18438,10,18,10
18439,10,18,10
18440,10,18,10
18441,10,16,18
18442,10,16,18
18443,10,18,10
18444,10,18,10
18445,10,18,10
18446,10,18,10
18447,10,18,10
18448,10,18,10
18449,10,18,10
18450,10,18,10
18451,10,16,18
18452,10,18,10
18453,10,18,10
18454,10,18,10
18455,10,18,10
18456,10,18,10
18457,10,18,10
18458,10,18,10
18459,10,18,10
18460,10,18,10
18461,10,13,9
18462,10,18,10
18463,10,17,6
18464,10,18,10
18465,10,16,18
18466,10,16,18
18467,10,16,18
18468,10,18,10
18469,10,18,10
18470,10,18,10
18471,10,16,18
18472,10,18,10
18473,10,18,10
18474,10,18,10
18475,10,16,18
18476,10,16,18
18477,10,16,18
18478,10,18,10
18479,10,18,10
18480,10,16,18
18481,10,18,10
18482,10,18,10
18483,10,18,10
18484,10,18,10
18485,10,18,10
18486,10,18,10
18487,10,18,10
18488,10,18,10
18489,10,18,10
18490,10,18,10
18491,10,18,10
18492,10,18,10
18493,10,16,18
18494,10,0,4
18495,10,18,10
18496,10,16,18
18497,10,13,9
18498,10,18,10
18499,10,18,10
18500,10,18,10
18501,10,18,10
18502,10,0,4
18503,10,18,10
18504,10,16,18
18505,10,16,18
18506,10,18,10
18507,10,18,10
18508,10,16,18
18509,10,18,10
18510,10,0,4
18511,10,18,10
18512,10,18,10
18513,10,16,18
18514,10,16,18
18515,10,18,10
18516,10,16,18
18517,10,16,18
18518,10,18,10
18519,10,18,10
18520,10,16,18
18521,10,18,10
18522,10,18,10
18523,10,18,10
18524,10,18,10
18525,10,18,10
18526,10,16,18
18527,10,17,6
18528,10,18,10
18529,10,18,10
18530,10,18,10
18531,10,18,10
18532,10,16,18
18533,10,18,10
18534,10,18,10
18535,10,18,10
18536,10,18,10
18537,10,17,6
18538,10,17,6
18539,10,18,10
18540,10,18,10
18541,10,16,18
18542,10,18,10
18543,10,18,10
18544,10,18,10
18545,10,18,10
18546,10,18,10
18547,10,13,9
18548,10,16,18
18549,10,16,18
18550,10,16,18
18551,10,18,10
18552,10,18,10
18553,10,10,14
18554,10,16,18
18555,10,16,18
18556,10,18,10
18557,10,18,10
18558,10,18,10
18559,10,18,10
18560,10,18,10
18561,10,6,17
18562,10,17,6
18563,10,18,10
18564,10,18,10
18565,10,18,10
18566,10,16,18
18567,10,18,10
18568,10,18,10
18569,10,18,10
18570,10,18,10
18571,10,18,10
18572,10,18,10
18573,10,18,10
18574,10,18,10
18575,10,18,10
18576,10,16,18
18577,10,16,18
18578,10,18,10
18579,10,18,10
18580,10,18,10
18581,10,11,2
18582,10,17,6
18583,10,18,10
18584,10,6,17
18585,10,18,10
18586,10,17,6
18587,10,18,10
18588,10,18,10
18589,10,18,10
18590,10,18,10
18591,10,18,10
18592,10,18,10
18593,10,16,18
18594,10,18,10
18595,10,18,10
18596,10,18,10
18597,10,18,10
18598,10,18,10
18599,10,18,10
18600,10,16,18
18601,10,18,10
18602,10,16,18
18603,10,16,18
18604,10,16,18
18605,10,18,10
18606,10,18,10
18607,10,18,10
18608,10,0,4
18609,10,18,10
18610,10,18,10
18611,10,18,10
18612,10,18,10
18613,10,18,10
18614,10,18,10
18615,10,13,9
18616,10,18,10
18617,10,0,4
18618,10,18,10
18619,10,18,10
18620,10,2,16
18621,10,16,18
18622,10,16,18
18623,10,18,10
18624,10,18,10
18625,10,16,18
18626,10,18,10
18627,10,16,18
18628,10,16,18
18629,10,18,10
18630,10,16,18
18631,10,16,18
18632,10,16,18
18633,10,18,10
18634,10,18,10
18635,10,18,10
18636,10,18,10
18637,10,18,10
18638,10,18,10
18639,10,16,18
18640,10,18,10
18641,10,18,10
18642,10,18,10
18643,10,16,18
18644,10,16,18
18645,10,18,10
18646,10,18,10
18647,10,18,10
18648,10,18,10
18649,10,18,10
18650,10,18,10
18651,10,16,18
18652,10,16,18
18653,10,16,18
18654,10,18,10
18655,10,17,6
18656,10,18,10
18657,10,18,10
18658,10,18,10
18659,10,18,10
18660,10,18,10
18661,10,18,10
18662,10,16,18
18663,10,18,10
18664,10,16,18
18665,10,18,10
18666,10,18,10
18667,10,16,18
18668,10,16,18
18669,10,16,18
18670,10,0,4
18671,10,18,10
18672,10,18,10
18673,10,18,10
18674,10,18,10
18675,10,16,18
18676,10,16,18
18677,10,18,10
18678,10,16,18
18679,10,18,10
18680,10,6,17
18681,10,18,10
18682,10,18,10
18683,10,18,10
18684,10,18,10
18685,10,18,10
18686,10,18,10
18687,10,16,18
18688,10,18,10
18689,10,16,18
18690,10,18,10
18691,10,6,17
18692,10,18,10
18693,10,18,10
18694,10,18,10
18695,10,0,4
18696,10,18,10
18697,10,18,10
18698,10,11,2
18699,10,18,10
18700,10,6,17
18701,10,18,10
18702,10,16,18
18703,10,16,18
18704,10,18,10
18705,10,18,10
18706,10,18,10
18707,10,18,10
18708,10,18,10
18709,10,18,10
18710,10,16,18
18711,10,18,10
18712,10,18,10
18713,10,16,18
18714,10,16,18
18715,10,0,4
18716,10,18,10
18717,10,18,10
18718,10,18,10
18719,10,18,10
18720,10,18,10
18721,10,10,14
18722,10,18,10
18723,10,18,10
18724,10,18,10
18725,10,18,10
18726,10,18,10
18727,10,16,18
18728,10,16,18
18729,10,18,10
18730,10,0,4
18731,10,0,4
18732,10,6,17
18733,10,13,9
18734,10,18,10
18735,10,16,18
18736,10,18,10
18737,10,13,9
18738,10,13,9
18739,10,18,10
18740,10,18,10
18741,10,18,10
18742,10,16,18
18743,10,17,6
18744,10,18,10
18745,10,16,18
18746,10,16,18
18747,10,18,10
18748,10,16,18
18749,10,18,10
18750,10,18,10
18751,10,18,10
18752,10,16,18
18753,10,18,10
18754,10,18,10
18755,10,18,10
18756,10,18,10
18757,10,18,10
18758,10,17,6
18759,10,16,18
18760,10,16,18
18761,10,18,10
18762,10,18,10
18763,10,18,10
18764,10,16,18
18765,10,16,18
18766,10,16,18
18767,10,18,10
18768,10,16,18
18769,10,16,18
18770,10,18,10
18771,10,16,18
18772,10,18,10
18773,10,16,18
18774,10,18,10
18775,10,18,10
18776,10,18,10
18777,10,18,10
18778,10,18,10
18779,10,18,10
18780,10,18,10
18781,10,16,18
18782,10,6,17
18783,10,18,10
18784,10,18,10
18785,10,18,10
18786,10,16,18
18787,10,18,10
18788,10,18,10
18789,10,18,10
18790,10,16,18
18791,10,18,10
18792,10,18,10
18793,10,18,10
18794,10,18,10
18795,10,17,6
18796,10,18,10
18797,10,18,10
18798,10,18,10
18799,10,16,18
18800,10,18,10
18801,10,18,10
18802,10,18,10
18803,10,18,10
18804,10,16,18
18805,10,18,10
18806,10,18,10
18807,10,18,10
18808,10,16,18
18809,10,18,10
18810,10,18,10
18811,10,13,9
18812,10,13,9
18813,10,6,17
18814,10,18,10
18815,10,18,10
18816,10,18,10
18817,10,16,18
18818,10,18,10
18819,10,18,10
18820,10,18,10
18821,10,18,10
18822,10,18,10
18823,10,0,4
18824,10,0,4
18825,10,18,10
18826,10,18,10
18827,10,16,18
18828,10,18,10
18829,10,18,10
18830,10,18,10
18831,10,16,18
18832,10,16,18
18833,10,18,10
18834,10,18,10
18835,10,16,18
18836,10,18,10
18837,10,18,10
18838,10,18,10
18839,10,18,10
18840,10,18,10
18841,10,16,18
18842,10,16,18
18843,10,18,10
18844,10,16,18
18845,10,18,10
18846,10,18,10
18847,10,18,10
18848,10,18,10
18849,10,18,10
18850,10,18,10
18851,10,16,18
18852,10,18,10
18853,10,18,10
18854,10,16,18
18855,10,6,17
18856,10,18,10
18857,10,18,10
18858,10,18,10
18859,10,18,10
18860,10,18,10
18861,10,18,10
18862,10,18,10
18863,10,18,10
18864,10,16,18
18865,10,18,10
18866,10,18,10
18867,10,18,10
18868,10,18,10
18869,10,0,4
18870,10,18,10
18871,10,18,10
18872,10,18,10
18873,10,18,10
18874,10,18,10
18875,10,18,10
18876,10,16,18
18877,10,18,10
18878,10,18,10
18879,10,18,10
18880,10,18,10
18881,10,18,10
18882,10,18,10
18883,10,0,4
18884,10,18,10
18885,10,18,10
18886,10,18,10
18887,10,18,10
18888,10,18,10
18889,10,2,16
18890,10,18,10
18891,10,16,18
18892,10,16,18
18893,10,16,18
18894,10,18,10
18895,10,16,18
18896,10,18,10
18897,10,16,18
18898,10,16,18
18899,10,5,7
18900,10,18,10
18901,10,16,18
18902,10,16,18
18903,10,16,18
18904,10,18,10
18905,10,18,10
18906,10,18,10
18907,10,16,18
18908,10,18,10
18909,10,18,10
18910,10,18,10
18911,10,16,18
18912,10,18,10
18913,10,18,10
18914,10,16,18
18915,10,6,17
18916,10,18,10
18917,10,18,10
18918,10,18,10
18919,10,16,18
18920,10,16,18
18921,10,18,10
18922,10,18,10
18923,10,18,10
18924,10,16,18
18925,10,16,18
18926,10,16,18
18927,10,18,10
18928,10,18,10
18929,10,18,10
18930,10,18,10
18931,10,18,10
18932,10,18,10
18933,10,16,18
18934,10,16,18
18935,10,18,10
18936,10,18,10
18937,10,13,9
18938,10,18,10
18939,10,18,10
18940,10,18,10
18941,10,18,10
18942,10,18,10
18943,10,18,10
18944,10,16,18
18945,10,18,10
18946,10,18,10
18947,10,18,10
18948,10,16,18
18949,10,16,18
18950,10,16,18
18951,10,16,18
18952,10,18,10
18953,10,0,4
18954,10,16,18
18955,10,18,10
18956,10,5,7
18957,10,18,10
18958,10,18,10
18959,10,16,18
18960,10,16,18
18961,10,18,10
18962,10,18,10
18963,10,16,18
18964,10,18,10
18965,10,18,10
18966,10,18,10
18967,10,18,10
18968,10,18,10
18969,10,18,10
18970,10,18,10
18971,10,0,4
18972,10,18,10
18973,10,18,10
18974,10,18,10
18975,10,18,10
18976,10,16,18
18977,10,18,10
18978,10,18,10
18979,10,18,10
18980,10,18,10
18981,10,16,18
18982,10,18,10
18983,10,18,10
18984,10,16,18
18985,10,18,10
18986,10,16,18
18987,10,18,10
18988,10,18,10
18989,10,16,18
18990,10,11,2
18991,10,18,10
18992,10,5,7
18993,10,18,10
18994,10,18,10
18995,10,18,10
18996,10,18,10
18997,10,18,10
18998,10,18,10
18999,10,18,10
19000,10,18,10
19001,10,18,10
19002,10,18,10
19003,10,18,10
19004,10,18,10
19005,10,18,10
19006,10,18,10
19007,10,18,10
19008,10,16,18
19009,10,16,18
19010,10,16,18
19011,10,16,18
19012,10,18,10
19013,10,16,18
19014,10,18,10
19015,10,18,10
19016,10,6,17
19017,10,18,10
19018,10,18,10
19019,10,18,10
19020,10,18,10
19021,10,18,10
19022,10,18,10
19023,10,18,10
19024,10,16,18
19025,10,16,18
19026,10,17,6
19027,10,18,10
19028,10,18,10
19029,10,18,10
19030,10,16,18
19031,10,6,17
19032,10,18,10
19033,10,16,18
19034,10,18,10
19035,10,18,10
19036,10,18,10
19037,10,18,10
19038,10,16,18
19039,10,16,18
19040,10,16,18
19041,10,16,18
19042,10,18,10
19043,10,18,10
19044,10,18,10
19045,10,16,18
19046,10,18,10
19047,10,13,9
19048,10,18,10
19049,10,16,18
19050,10,18,10
19051,10,18,10
19052,10,16,18
19053,10,18,10
19054,10,16,18
19055,10,18,10
19056,10,16,18
19057,10,18,10
19058,10,18,10
19059,10,16,18
19060,10,18,10
19061,10,18,10
19062,10,16,18
19063,10,18,10
19064,10,18,10
19065,10,18,10
19066,10,16,18
19067,10,18,10
19068,10,18,10
19069,10,18,10
19070,10,18,10
19071,10,18,10
19072,10,18,10
19073,10,16,18
19074,10,18,10
19075,10,16,18
19076,10,16,18
19077,10,18,10
19078,10,18,10
19079,10,18,10
19080,10,18,10
19081,10,18,10
19082,10,18,10
19083,10,18,10
19084,10,17,6
19085,10,18,10
19086,10,0,4
19087,10,18,10
19088,10,16,18
19089,10,18,10
19090,10,16,18
19091,10,18,10
19092,10,18,10
19093,10,16,18
19094,10,13,9
19095,10,18,10
19096,10,18,10
19097,10,18,10
19098,10,0,4
19099,10,18,10
19100,10,16,18
19101,10,16,18
19102,10,18,10
19103,10,18,10
19104,10,18,10
19105,10,1,1
19106,10,16,18
19107,10,16,18
19108,10,18,10
19109,10,16,18
19110,10,13,9
19111,10,18,10
19112,10,18,10
19113,10,18,10
19114,10,18,10
19115,10,18,10
19116,10,13,9
19117,10,18,10
19118,10,16,18
19119,10,18,10
19120,10,18,10
19121,10,18,10
19122,10,18,10
19123,10,18,10
19124,10,16,18
19125,10,13,9
19126,10,18,10
19127,10,18,10
19128,10,18,10
19129,10,18,10
19130,10,18,10
19131,10,18,10
19132,10,16,18
19133,10,18,10
19134,10,18,10
19135,10,16,18
19136,10,18,10
19137,10,5,7
19138,10,16,18
19139,10,18,10
19140,10,16,18
19141,10,18,10
19142,10,18,10
19143,10,16,18
19144,10,0,4
19145,10,18,10
19146,10,18,10
19147,10,0,4
19148,10,16,18
19149,10,16,18
19150,10,13,9
19151,10,18,10
19152,10,18,10
19153,10,18,10
19154,10,18,10
19155,10,16,18
19156,10,18,10
19157,10,18,10
19158,10,18,10
19159,10,5,7
19160,10,18,10
19161,10,18,10
19162,10,18,10
19163,10,13,9
19164,10,16,18
19165,10,13,9
19166,10,18,10
19167,10,18,10
19168,10,18,10
19169,10,16,18
19170,10,18,10
19171,10,18,10
19172,10,16,18
19173,10,18,10
19174,10,18,10
19175,10,18,10
19176,10,18,10
19177,10,18,10
19178,10,18,10
19179,10,16,18
19180,10,18,10
19181,10,18,10
19182,10,18,10
19183,10,18,10
19184,10,18,10
19185,10,5,7
19186,10,18,10
19187,10,16,18
19188,10,16,18
19189,10,16,18
19190,10,18,10
19191,10,18,10
19192,10,18,10
19193,10,18,10
19194,10,18,10
19195,10,18,10
19196,10,18,10
19197,10,18,10
19198,10,17,6
19199,10,16,18
19200,10,18,10
19201,10,16,18
19202,10,18,10
19203,10,18,10
19204,10,18,10
19205,10,16,18
19206,10,16,18
19207,10,18,10
19208,10,18,10
19209,10,18,10
19210,10,18,10
19211,10,18,10
19212,10,18,10
19213,10,18,10
19214,10,18,10
19215,10,18,10
19216,10,18,10
19217,10,16,18
19218,10,16,18
19219,10,16,18
19220,10,5,7
19221,10,18,10
19222,10,0,4
19223,10,16,18
19224,10,16,18
19225,10,18,10
19226,10,18,10
19227,10,18,10
19228,10,18,10
19229,10,16,18
19230,10,18,10
19231,10,18,10
19232,10,18,10
19233,10,18,10
19234,10,18,10
19235,10,16,18
19236,10,6,17
19237,10,18,10
19238,10,18,10
19239,10,16,18
19240,10,16,18
19241,10,16,18
19242,10,16,18
19243,10,18,10
19244,10,18,10
19245,10,18,10
19246,10,18,10
19247,10,3,15
19248,10,18,10
19249,10,13,9
19250,10,16,18
19251,10,18,10
19252,10,18,10
19253,10,18,10
19254,10,16,18
19255,10,18,10
19256,10,18,10
19257,10,17,6
19258,10,16,18
19259,10,16,18
19260,10,18,10
19261,10,18,10
19262,10,18,10
19263,10,18,10
19264,10,18,10
19265,10,18,10
19266,10,18,10
19267,10,18,10
19268,10,18,10
19269,10,18,10
19270,10,18,10
19271,10,18,10
19272,10,18,10
19273,10,18,10
19274,10,18,10
19275,10,18,10
19276,10,18,10
19277,10,16,18
19278,10,0,4
19279,10,18,10
19280,10,0,4
19281,10,16,18
19282,10,18,10
19283,10,16,18
19284,10,18,10
19285,10,16,18
19286,10,16,18
19287,10,18,10
19288,10,18,10
19289,10,18,10
19290,10,18,10
19291,10,16,18
19292,10,18,10
19293,10,18,10
19294,10,18,10
19295,10,16,18
19296,10,0,4
19297,10,18,10
19298,10,16,18
19299,10,16,18
19300,10,18,10
19301,10,18,10
19302,10,18,10
19303,10,18,10
19304,10,16,18
19305,10,6,17
19306,10,18,10
19307,10,18,10
19308,10,18,10
19309,10,18,10
19310,10,18,10
19311,10,18,10
19312,10,6,17
19313,10,18,10
19314,10,16,18
19315,10,16,18
19316,10,18,10
19317,10,18,10
19318,10,16,18
19319,10,16,18
19320,10,11,2
19321,10,18,10
19322,10,16,18
19323,10,16,18
19324,10,18,10
19325,10,18,10
19326,10,18,10
19327,10,17,6
19328,10,18,10
19329,10,18,10
19330,10,18,10
19331,10,16,18
19332,10,18,10
19333,10,18,10
19334,10,18,10
19335,10,18,10
19336,10,18,10
19337,10,18,10
19338,10,18,10
19339,10,18,10
19340,10,16,18
19341,10,18,10
19342,10,18,10
19343,10,16,18
19344,10,18,10
19345,10,18,10
19346,10,16,18
19347,10,18,10
19348,10,7,13
19349,10,18,10
19350,10,18,10
19351,10,18,10
19352,10,16,18
19353,10,18,10
19354,10,18,10
19355,10,16,18
19356,10,18,10
19357,10,18,10
19358,10,18,10
19359,10,0,4
19360,10,18,10
19361,10,13,9
19362,10,18,10
19363,10,18,10
19364,10,16,18
19365,10,3,15
19366,10,18,10
19367,10,18,10
19368,10,6,17
19369,10,18,10
19370,10,18,10
19371,10,18,10
19372,10,16,18
19373,10,18,10
19374,10,18,10
19375,10,18,10
19376,10,16,18
19377,10,18,10
19378,10,18,10
19379,10,18,10
19380,10,18,10
19381,10,18,10
19382,10,18,10
19383,10,16,18
19384,10,16,18
19385,10,18,10
19386,10,18,10
19387,10,18,10
19388,10,16,18
19389,10,18,10
19390,10,18,10
19391,10,17,6
19392,10,16,18
19393,10,0,4
19394,10,18,10
19395,10,18,10
19396,10,18,10
19397,10,18,10
19398,10,18,10
19399,10,18,10
19400,10,18,10
19401,10,18,10
19402,10,18,10
19403,10,18,10
19404,10,13,9
19405,10,18,10
19406,10,18,10
19407,10,18,10
19408,10,16,18
19409,10,18,10
19410,10,12,5
19411,10,16,18
19412,10,18,10
19413,10,16,18
19414,10,16,18
19415,10,16,18
19416,10,18,10
19417,10,16,18
19418,10,13,9
19419,10,9,8
19420,10,18,10
19421,10,18,10
19422,10,18,10
19423,10,18,10
19424,10,16,18
19425,10,18,10
19426,10,16,18
19427,10,16,18
19428,10,16,18
19429,10,18,10
19430,10,16,18
19431,10,18,10
19432,10,18,10
19433,10,18,10
19434,10,18,10
19435,10,18,10
19436,10,18,10
19437,10,18,10
19438,10,16,18
19439,10,16,18
19440,10,16,18
19441,10,18,10
19442,10,16,18
19443,10,18,10
19444,10,18,10
19445,10,6,17
19446,10,18,10
19447,10,18,10
19448,10,18,10
19449,10,18,10
19450,10,18,10
19451,10,18,10
19452,10,16,18
19453,10,18,10
19454,10,18,10
19455,10,18,10
19456,10,18,10
19457,10,16,18
19458,10,18,10
19459,10,18,10
19460,10,18,10
19461,10,16,18
19462,10,16,18
19463,10,18,10
19464,10,18,10
19465,10,18,10
19466,10,18,10
19467,10,18,10
19468,10,18,10
19469,10,18,10
19470,10,18,10
19471,10,18,10
19472,10,18,10
19473,10,18,10
19474,10,18,10
19475,10,18,10
19476,10,16,18
19477,10,11,2
19478,10,0,4
19479,10,18,10
19480,10,13,9
19481,10,16,18
19482,10,16,18
19483,10,11,2
19484,10,18,10
19485,10,18,10
19486,10,18,10
19487,10,16,18
19488,10,18,10
19489,10,16,18
19490,10,18,10
19491,10,16,18
19492,10,18,10
19493,10,18,10
19494,10,18,10
19495,10,16,18
19496,10,18,10
19497,10,18,10
19498,10,18,10
19499,10,18,10
19500,10,18,10
19501,10,18,10
19502,10,18,10
19503,10,18,10
19504,10,17,6
19505,10,18,10
19506,10,16,18
19507,10,18,10
19508,10,16,18
19509,10,18,10
19510,10,18,10
19511,10,5,7
19512,10,16,18
19513,10,18,10
19514,10,16,18
19515,10,18,10
19516,10,18,10
19517,10,18,10
19518,10,16,18
19519,10,18,10
19520,10,16,18
19521,10,18,10
19522,10,18,10
19523,10,18,10
19524,10,18,10
19525,10,16,18
19526,10,18,10
19527,10,18,10
19528,10,18,10
19529,10,18,10
19530,10,16,18
19531,10,18,10
19532,10,18,10
19533,10,0,4
19534,10,12,5
19535,10,18,10
19536,10,18,10
19537,10,18,10
19538,10,18,10
19539,10,18,10
19540,10,16,18
19541,10,18,10
19542,10,18,10
19543,10,18,10
19544,10,18,10
19545,10,18,10
19546,10,16,18
19547,10,0,4
19548,10,18,10
19549,10,18,10
19550,10,18,10
19551,10,18,10
19552,10,18,10
19553,10,16,18
19554,10,18,10
19555,10,18,10
19556,10,18,10
19557,10,13,9
19558,10,18,10
19559,10,16,18
19560,10,18,10
19561,10,18,10
19562,10,18,10
19563,10,18,10
19564,10,0,4
19565,10,18,10
19566,10,13,9
19567,10,16,18
19568,10,18,10
19569,10,13,9
19570,10,18,10
19571,10,18,10
19572,10,16,18
19573,10,13,9
19574,10,18,10
19575,10,18,10
19576,10,18,10
19577,10,18,10
19578,10,18,10
19579,10,18,10
19580,10,18,10
19581,10,17,6
19582,10,18,10
19583,10,18,10
19584,10,16,18
19585,10,18,10
19586,10,18,10
19587,10,18,10
19588,10,18,10
19589,10,18,10
19590,10,18,10
19591,10,16,18
19592,10,16,18
19593,10,16,18
19594,10,18,10
19595,10,18,10
19596,10,18,10
19597,10,18,10
19598,10,16,18
19599,10,18,10
19600,10,18,10
19601,10,1,1
19602,10,18,10
19603,10,16,18
19604,10,11,2
19605,10,18,10
19606,10,18,10
19607,10,18,10
19608,10,18,10
19609,10,0,4
19610,10,16,18
19611,10,16,18
19612,10,18,10
19613,10,18,10
19614,10,18,10
19615,10,18,10
19616,10,18,10
19617,10,6,17
19618,10,0,4
19619,10,10,14
19620,10,18,10
19621,10,16,18
19622,10,18,10
19623,10,16,18
19624,10,16,18
19625,10,16,18
19626,10,16,18
19627,10,18,10
19628,10,18,10
19629,10,18,10
19630,10,16,18
19631,10,18,10
19632,10,16,18
19633,10,18,10
19634,10,16,18
19635,10,18,10
19636,10,18,10
19637,10,18,10
19638,10,18,10
19639,10,16,18
19640,10,18,10
19641,10,18,10
19642,10,16,18
19643,10,16,18
19644,10,16,18
19645,10,16,18
19646,10,18,10
19647,10,16,18
19648,10,18,10
19649,10,16,18
19650,10,18,10
19651,10,18,10
19652,10,18,10
19653,10,18,10
19654,10,18,10
19655,10,18,10
19656,10,16,18
19657,10,18,10
19658,10,16,18
19659,10,17,6
19660,10,18,10
19661,10,18,10
19662,10,0,4
19663,10,18,10
19664,10,0,4
19665,10,18,10
19666,10,18,10
19667,10,16,18
19668,10,16,18
19669,10,16,18
19670,10,16,18
19671,10,18,10
19672,10,16,18
19673,10,18,10
19674,10,18,10
19675,10,18,10
19676,10,18,10
19677,10,18,10
19678,10,18,10
19679,10,18,10
19680,10,18,10
19681,10,18,10
19682,10,18,10
19683,10,16,18
19684,10,18,10
19685,10,18,10
19686,10,18,10
19687,10,18,10
19688,10,18,10
19689,10,18,10
19690,10,0,4
19691,10,18,10
19692,10,18,10
19693,10,18,10
19694,10,18,10
19695,10,18,10
19696,10,18,10
19697,10,18,10
19698,10,18,10
19699,10,18,10
19700,10,18,10
19701,10,18,10
19702,10,16,18
19703,10,10,14
19704,10,18,10
19705,10,18,10
19706,10,16,18
19707,10,18,10
19708,10,18,10
19709,10,18,10
19710,10,17,6
19711,10,18,10
19712,10,18,10
19713,10,18,10
19714,10,18,10
19715,10,18,10
19716,10,16,18
19717,10,6,17
19718,10,18,10
19719,10,18,10
19720,10,16,18
19721,10,16,18
19722,10,16,18
19723,10,18,10
19724,10,18,10
19725,10,18,10
19726,10,10,14
19727,10,18,10
19728,10,18,10
19729,10,18,10
19730,10,18,10
19731,10,18,10
19732,10,16,18
19733,10,16,18
19734,10,18,10
19735,10,18,10
19736,10,16,18
19737,10,16,18
19738,10,16,18
19739,10,16,18
19740,10,16,18
19741,10,18,10
19742,10,16,18
19743,10,16,18
19744,10,18,10
19745,10,5,7
19746,10,18,10
19747,10,18,10
19748,10,16,18
19749,10,5,7
19750,10,18,10
19751,10,16,18
19752,10,16,18
19753,10,18,10
19754,10,18,10
19755,10,18,10
19756,10,18,10
19757,10,18,10
19758,10,18,10
19759,10,18,10
19760,10,18,10
19761,10,16,18
19762,10,18,10
19763,10,18,10
19764,10,18,10
19765,10,18,10
19766,10,16,18
19767,10,18,10
19768,10,14,12
19769,10,10,14
19770,10,18,10
19771,10,18,10
19772,10,18,10
19773,10,18,10
19774,10,18,10
19775,10,16,18
19776,10,18,10
19777,10,18,10
19778,10,18,10
19779,10,0,4
19780,10,18,10
19781,10,6,17
19782,10,16,18
19783,10,6,17
19784,10,13,9
19785,10,16,18
19786,10,18,10
19787,10,18,10
19788,10,17,6
19789,10,18,10
19790,10,18,10
19791,10,16,18
19792,10,18,10
19793,10,18,10
19794,10,18,10
19795,10,6,17
19796,10,16,18
19797,10,18,10
19798,10,18,10
19799,10,18,10
19800,10,18,10
19801,10,18,10
19802,10,16,18
19803,10,18,10
19804,10,18,10
19805,10,18,10
19806,10,18,10
19807,10,16,18
19808,10,16,18
19809,10,18,10
19810,10,18,10
19811,10,18,10
19812,10,16,18
19813,10,18,10
19814,10,18,10
19815,10,18,10
19816,10,16,18
19817,10,18,10
19818,10,18,10
19819,10,18,10
19820,10,18,10
19821,10,18,10
19822,10,15,11
19823,10,18,10
19824,10,13,9
19825,10,18,10
19826,10,18,10
19827,10,18,10
19828,10,18,10
19829,10,18,10
19830,10,5,7
19831,10,18,10
19832,10,18,10
19833,10,18,10
19834,10,2,16
19835,10,18,10
19836,10,18,10
19837,10,18,10
19838,10,18,10
19839,10,16,18
19840,10,18,10
19841,10,18,10
19842,10,18,10
19843,10,18,10
19844,10,18,10
19845,10,18,10
19846,10,18,10
19847,10,16,18
19848,10,18,10
19849,10,0,4
19850,10,18,10
19851,10,18,10
19852,10,18,10
19853,10,18,10
19854,10,16,18
19855,10,18,10
19856,10,16,18
19857,10,18,10
19858,10,18,10
19859,10,18,10
19860,10,17,6
19861,10,18,10
19862,10,18,10
19863,10,18,10
19864,10,18,10
19865,10,16,18
19866,10,18,10
19867,10,13,9
19868,10,18,10
19869,10,18,10
19870,10,18,10
19871,10,16,18
19872,10,18,10
19873,10,18,10
19874,10,18,10
19875,10,18,10
19876,10,6,17
19877,10,18,10
19878,10,18,10
19879,10,18,10
19880,10,5,7
19881,10,18,10
19882,10,16,18
19883,10,18,10
19884,10,18,10
19885,10,18,10
19886,10,6,17
19887,10,18,10
19888,10,18,10
19889,10,6,17
19890,10,17,6
19891,10,18,10
19892,10,16,18
19893,10,13,9
19894,10,6,17
19895,10,18,10
19896,10,18,10
19897,10,18,10
19898,10,18,10
19899,10,18,10
19900,10,18,10
19901,10,18,10
19902,10,18,10
19903,10,18,10
19904,10,16,18
19905,10,18,10
19906,10,18,10
19907,10,16,18
19908,10,18,10
19909,10,16,18
19910,10,18,10
19911,10,18,10
19912,10,16,18
19913,10,16,18
19914,10,16,18
19915,10,16,18
19916,10,6,17
19917,10,7,13
19918,10,18,10
19919,10,18,10
19920,10,18,10
19921,10,18,10
19922,10,18,10
19923,10,18,10
19924,10,18,10
19925,10,18,10
19926,10,13,9
19927,10,18,10
19928,10,16,18
19929,10,16,18
19930,10,18,10
19931,10,18,10
19932,10,16,18
19933,10,18,10
19934,10,18,10
19935,10,18,10
19936,10,18,10
19937,10,18,10
19938,10,11,2
19939,10,18,10
19940,10,18,10
19941,10,16,18
19942,10,18,10
19943,10,18,10
19944,10,18,10
19945,10,16,18
19946,10,18,10
19947,10,18,10
19948,10,18,10
19949,10,18,10
19950,10,18,10
19951,10,18,10
19952,10,18,10
19953,10,0,4
19954,10,18,10
19955,10,18,10
19956,10,18,10
19957,10,18,10
19958,10,18,10
19959,10,18,10
19960,10,18,10
19961,10,18,10
19962,10,18,10
19963,10,18,10
19964,10,18,10
19965,10,18,10
19966,10,18,10
19967,10,18,10
19968,10,0,4
19969,10,16,18
19970,10,18,10
19971,10,18,10
19972,10,18,10
19973,10,18,10
19974,10,18,10
19975,10,18,10
19976,10,18,10
19977,10,18,10
19978,10,18,10
19979,10,18,10
19980,10,18,10
19981,10,11,2
19982,10,18,10
19983,10,16,18
19984,10,18,10
19985,10,18,10
19986,10,16,18
19987,10,16,18
19988,10,18,10
19989,10,18,10
19990,10,18,10
19991,10,18,10
19992,10,18,10
19993,10,18,10
19994,10,18,10
19995,10,18,10
19996,10,18,10
19997,10,16,18
19998,10,18,10
19999,10,18,10
20000,10,16,18
20001,10,18,10
20002,10,18,10
20003,10,16,18
20004,10,16,18
20005,10,3,15
20006,10,18,10
20007,10,18,10
20008,10,18,10
20009,10,16,18
20010,10,18,10
20011,10,18,10
20012,10,18,10
20013,10,16,18
20014,10,18,10
20015,10,18,10
20016,10,16,18
20017,10,18,10
20018,10,18,10
20019,10,16,18
20020,10,18,10
20021,10,18,10
20022,10,16,18
20023,10,5,7
20024,10,16,18
20025,10,18,10
20026,10,18,10
20027,10,18,10
20028,10,18,10
20029,10,18,10
20030,10,16,18
20031,10,18,10
20032,10,6,17
20033,10,18,10
20034,10,16,18
20035,10,18,10
20036,10,16,18
20037,10,11,2
20038,10,11,2
20039,10,16,18
20040,10,18,10
20041,10,18,10
20042,10,18,10
20043,10,18,10
20044,10,18,10
20045,10,18,10
20046,10,0,4
20047,10,0,4
20048,10,18,10
20049,10,18,10
20050,10,16,18
20051,10,18,10
20052,10,18,10
20053,10,18,10
20054,10,18,10
20055,10,16,18
20056,10,18,10
20057,10,18,10
20058,10,0,4
20059,10,18,10
20060,10,16,18
20061,10,16,18
20062,10,18,10
20063,10,18,10
20064,10,0,4
20065,10,18,10
20066,10,18,10
20067,10,18,10
20068,10,18,10
20069,10,18,10
20070,10,16,18
20071,10,16,18
20072,10,18,10
20073,10,18,10
20074,10,18,10
20075,10,18,10
20076,10,18,10
20077,10,18,10
20078,10,13,9
20079,10,18,10
20080,10,6,17
20081,10,18,10
20082,10,16,18
20083,10,18,10
20084,10,18,10
20085,10,6,17
20086,10,18,10
20087,10,16,18
20088,10,18,10
20089,10,18,10
20090,10,18,10
20091,10,18,10
20092,10,18,10
20093,10,18,10
20094,10,18,10
20095,10,18,10
20096,10,18,10
20097,10,18,10
20098,10,18,10
20099,10,18,10
20100,10,6,17
20101,10,16,18
20102,10,18,10
20103,10,18,10
20104,10,6,17
20105,10,16,18
20106,10,18,10
20107,10,18,10
20108,10,16,18
20109,10,0,4
20110,10,18,10
20111,10,18,10
20112,10,16,18
20113,10,18,10
20114,10,16,18
20115,10,18,10
20116,10,6,17
20117,10,6,17
20118,10,6,17
20119,10,18,10
20120,10,18,10
20121,10,18,10
20122,10,18,10
20123,10,16,18
20124,10,16,18
20125,10,6,17
20126,10,18,10
20127,10,18,10
20128,10,18,10
20129,10,18,10
20130,10,18,10
20131,10,13,9
20132,10,16,18
20133,10,16,18
20134,10,18,10
20135,10,16,18
20136,10,18,10
20137,10,18,10
20138,10,18,10
20139,10,18,10
20140,10,18,10
20141,10,18,10
20142,10,18,10
20143,10,18,10
20144,10,18,10
20145,10,18,10
20146,10,18,10
20147,10,18,10
20148,10,6,17
20149,10,18,10
20150,10,16,18
20151,10,16,18
20152,10,16,18
20153,10,16,18
20154,10,18,10
20155,10,16,18
20156,10,18,10
20157,10,18,10
20158,10,16,18
20159,10,18,10
20160,10,18,10
20161,10,18,10
20162,10,18,10
20163,10,18,10
20164,10,18,10
20165,10,13,9
20166,10,18,10
20167,10,18,10
20168,10,18,10
20169,10,18,10
20170,10,18,10
20171,10,18,10
20172,10,18,10
20173,10,18,10
20174,10,18,10
20175,10,18,10
20176,10,16,18
20177,10,16,18
20178,10,18,10
20179,10,18,10
20180,10,18,10
20181,10,18,10
20182,10,18,10
20183,10,16,18
20184,10,16,18
20185,10,16,18
20186,10,16,18
20187,10,0,4
20188,10,13,9
20189,10,18,10
20190,10,18,10
20191,10,16,18
20192,10,18,10
20193,10,18,10
20194,10,18,10
20195,10,18,10
20196,10,18,10
20197,10,18,10
20198,10,18,10
20199,10,16,18
20200,10,18,10
20201,10,11,2
20202,10,18,10
20203,10,18,10
20204,10,16,18
20205,10,18,10
20206,10,16,18
20207,10,18,10
20208,10,18,10
20209,10,18,10
20210,10,18,10
20211,10,16,18
20212,10,16,18
20213,10,16,18
20214,10,13,9
20215,10,18,10
20216,10,16,18
20217,10,16,18
20218,10,18,10
20219,10,0,4
20220,10,18,10
20221,10,18,10
20222,10,18,10
20223,10,16,18
20224,10,18,10
20225,10,18,10
20226,10,18,10
20227,10,18,10
20228,10,13,9
20229,10,13,9
20230,10,18,10
20231,10,16,18
20232,10,18,10
20233,10,6,17
20234,10,18,10
20235,10,6,17
20236,10,18,10
20237,10,18,10
20238,10,18,10
20239,10,16,18
20240,10,18,10
20241,10,6,17
20242,10,18,10
20243,10,10,14
20244,10,13,9
20245,10,18,10
20246,10,18,10
20247,10,16,18
20248,10,18,10
20249,10,18,10
20250,10,18,10
20251,10,18,10
20252,10,16,18
20253,10,18,10
20254,10,16,18
20255,10,18,10
20256,10,18,10
20257,10,18,10
20258,10,18,10
20259,10,18,10
20260,10,18,10
20261,10,18,10
20262,10,16,18
20263,10,16,18
20264,10,16,18
20265,10,18,10
20266,10,16,18
20267,10,0,4
20268,10,18,10
20269,10,18,10
20270,10,18,10
20271,10,18,10
20272,10,18,10
20273,10,18,10
20274,10,18,10
20275,10,16,18
20276,10,16,18
20277,10,18,10
20278,10,18,10
20279,10,16,18
20280,10,5,7
20281,10,18,10
20282,10,18,10
20283,10,18,10
20284,10,18,10
20285,10,18,10
20286,10,18,10
20287,10,16,18
20288,10,18,10
20289,10,18,10
20290,10,18,10
20291,10,16,18
20292,10,16,18
20293,10,18,10
20294,10,18,10
20295,10,18,10
20296,10,0,4
20297,10,13,9
20298,10,13,9
20299,10,11,2
20300,10,11,2
20301,10,17,6
20302,10,16,18
20303,10,18,10
20304,10,18,10
20305,10,18,10
20306,10,18,10
20307,10,16,18
20308,10,16,18
20309,10,18,10
20310,10,18,10
20311,10,5,7
20312,10,18,10
20313,10,16,18
20314,10,18,10
20315,10,16,18
20316,10,16,18
20317,10,18,10
20318,10,18,10
20319,10,18,10
20320,10,18,10
20321,10,18,10
20322,10,18,10
20323,10,18,10
20324,10,18,10
20325,10,16,18
20326,10,16,18
20327,10,18,10
20328,10,18,10
20329,10,18,10
20330,10,18,10
20331,10,16,18
20332,10,16,18
20333,10,6,17
20334,10,16,18
20335,10,18,10
20336,10,18,10
20337,10,16,18
20338,10,0,4
20339,10,0,4
20340,10,18,10
20341,10,16,18
20342,10,18,10
20343,10,16,18
20344,10,16,18
20345,10,16,18
20346,10,18,10
20347,10,18,10
20348,10,18,10
20349,10,18,10
20350,10,18,10
20351,10,16,18
20352,10,16,18
20353,10,18,10
20354,10,16,18
20355,10,18,10
20356,10,16,18
20357,10,16,18
20358,10,16,18
20359,10,18,10
20360,10,5,7
20361,10,18,10
20362,10,18,10
20363,10,18,10
20364,10,16,18
20365,10,18,10
20366,10,18,10
20367,10,5,7
20368,10,18,10
20369,10,18,10
20370,10,18,10
20371,10,18,10
20372,10,0,4
20373,10,18,10
20374,10,16,18
20375,10,0,4
20376,10,18,10
20377,10,16,18
20378,10,18,10
20379,10,18,10
20380,10,17,6
20381,10,18,10
20382,10,18,10
20383,10,18,10
20384,10,18,10
20385,10,18,10
20386,10,18,10
20387,10,18,10
20388,10,18,10
20389,10,18,10
20390,10,18,10
20391,10,16,18
20392,10,18,10
20393,10,0,4
20394,10,18,10
20395,10,18,10
20396,10,18,10
20397,10,18,10
20398,10,18,10
20399,10,18,10
20400,10,18,10
20401,10,18,10
20402,10,18,10
20403,10,16,18
20404,10,18,10
20405,10,18,10
20406,10,0,4
20407,10,18,10
20408,10,18,10
20409,10,18,10
20410,10,18,10
20411,10,18,10
20412,10,18,10
20413,10,18,10
20414,10,18,10
20415,10,6,17
20416,10,16,18
20417,10,18,10
20418,10,18,10
20419,10,18,10
20420,10,18,10
20421,10,18,10
20422,10,18,10
20423,10,18,10
20424,10,16,18
20425,10,18,10
20426,10,18,10
20427,10,18,10
20428,10,18,10
20429,10,18,10
20430,10,18,10
20431,10,18,10
20432,10,18,10
20433,10,16,18
20434,10,18,10
20435,10,18,10
20436,10,18,10
20437,10,0,4
20438,10,16,18
20439,10,16,18
20440,10,18,10
20441,10,18,10
20442,10,16,18
20443,10,18,10
20444,10,18,10
20445,10,18,10
20446,10,18,10
20447,10,18,10
20448,10,18,10
20449,10,6,17
20450,10,18,10
20451,10,18,10
20452,10,16,18
20453,10,18,10
20454,10,18,10
20455,10,6,17
20456,10,18,10
20457,10,18,10
20458,10,16,18
20459,10,18,10
20460,10,18,10
20461,10,18,10
20462,10,0,4
20463,10,18,10
20464,10,18,10
20465,10,18,10
20466,10,18,10
20467,10,18,10
20468,10,18,10
20469,10,18,10
20470,10,0,4
20471,10,13,9
20472,10,16,18
20473,10,16,18
20474,10,16,18
20475,10,18,10
20476,10,16,18
20477,10,18,10
20478,10,18,10
20479,10,18,10
20480,10,16,18
20481,10,18,10
20482,10,18,10
20483,10,18,10
20484,10,18,10
20485,10,13,9
20486,10,16,18
20487,10,16,18
20488,10,18,10
20489,10,16,18
20490,10,16,18
20491,10,18,10
20492,10,0,4
20493,10,16,18
20494,10,18,10
20495,10,18,10
20496,10,18,10
20497,10,16,18
20498,10,18,10
20499,10,18,10
20500,10,18,10
20501,10,18,10
20502,10,18,10
20503,10,18,10
20504,10,16,18
20505,10,18,10
20506,10,18,10
20507,10,18,10
20508,10,16,18
20509,10,18,10
20510,10,18,10
20511,10,16,18
20512,10,18,10
20513,10,18,10
20514,10,18,10
20515,10,18,10
20516,10,18,10
20517,10,18,10
20518,10,18,10
20519,10,0,4
20520,10,16,18
20521,10,11,2
20522,10,16,18
20523,10,11,2
20524,10,18,10
20525,10,18,10
20526,10,17,6
20527,10,16,18
20528,10,18,10
20529,10,18,10
20530,10,18,10
20531,10,18,10
20532,10,0,4
20533,15,16,18
20534,15,18,10
20535,15,18,10
20536,15,18,10
20537,15,18,10
20538,15,18,10
20539,15,18,10
20540,15,0,4
20541,15,18,10
20542,15,18,10
20543,15,18,10
20544,15,18,10
20545,15,16,18
20546,15,18,10
20547,15,16,18
20548,15,16,18
20549,15,16,18
20550,15,16,18
20551,15,18,10
20552,15,16,18
20553,15,16,18
20554,15,18,10
20555,15,18,10
20556,15,18,10
20557,15,9,8
20558,15,18,10
20559,15,16,18
20560,15,16,18
20561,15,18,10
20562,15,18,10
20563,15,18,10
20564,15,18,10
20565,15,18,10
20566,15,16,18
20567,15,16,18
20568,15,18,10
20569,15,18,10
20570,15,16,18
20571,15,16,18
20572,15,18,10
20573,15,16,18
20574,15,0,4
20575,15,18,10
20576,15,16,18
20577,15,18,10
20578,15,16,18
20579,15,18,10
20580,15,0,4
20581,15,18,10
20582,15,18,10
20583,15,0,4
20584,15,18,10
20585,15,18,10
20586,15,16,18
20587,15,18,10
20588,15,18,10
20589,15,18,10
20590,15,6,17
20591,15,18,10
20592,15,17,6
20593,15,13,9
20594,15,18,10
20595,15,18,10
20596,15,18,10
20597,15,7,13
20598,15,16,18
20599,15,16,18
20600,15,18,10
20601,15,18,10
20602,15,18,10
20603,15,18,10
20604,15,16,18
20605,15,18,10
20606,15,18,10
20607,15,18,10
20608,15,3,15
20609,15,16,18
20610,15,18,10
20611,15,18,10
20612,15,16,18
20613,15,18,10
20614,15,16,18
20615,15,16,18
20616,15,18,10
20617,15,18,10
20618,15,18,10
20619,15,0,4
20620,15,0,4
20621,15,0,4
20622,15,0,4
20623,15,16,18
20624,15,18,10
20625,15,16,18
20626,15,16,18
20627,15,18,10
20628,15,16,18
20629,15,18,10
20630,15,18,10
20631,15,6,17
20632,15,18,10
20633,15,18,10
20634,15,18,10
20635,15,18,10
20636,15,18,10
20637,15,18,10
20638,15,18,10
20639,15,18,10
20640,15,18,10
20641,15,16,18
20642,15,18,10
20643,15,18,10
20644,15,18,10
20645,15,16,18
20646,15,18,10
20647,15,17,6
20648,15,16,18
20649,15,18,10
20650,15,0,4
20651,15,18,10
20652,15,18,10
20653,15,18,10
20654,15,18,10
20655,15,16,18
20656,15,18,10
20657,15,18,10
20658,15,18,10
20659,15,16,18
20660,15,18,10
20661,15,18,10
20662,15,17,6
20663,15,18,10
20664,15,18,10
20665,15,18,10
20666,15,6,17
20667,15,18,10
20668,15,18,10
20669,15,18,10
20670,15,18,10
20671,15,18,10
20672,15,18,10
20673,15,18,10
20674,15,16,18
20675,15,18,10
20676,15,18,10
20677,15,16,18
20678,15,18,10
20679,15,18,10
20680,15,16,18
20681,15,18,10
20682,15,17,6
20683,16,18,10
20684,16,18,10
20685,16,16,18
20686,16,18,10
20687,16,18,10
20688,16,18,10
20689,16,16,18
20690,16,18,10
20691,16,18,10
20692,16,18,10
20693,16,18,10
20694,16,16,18
20695,16,18,10
20696,16,16,18
20697,16,13,9
20698,16,16,18
20699,16,18,10
20700,16,0,4
20701,16,18,10
20702,16,6,17
20703,16,18,10
20704,16,16,18
20705,16,18,10
20706,16,18,10
20707,16,18,10
20708,16,16,18
20709,16,18,10
20710,16,18,10
20711,16,18,10
20712,16,0,4
20713,16,17,6
20714,16,18,10
20715,16,18,10
20716,16,18,10
20717,16,18,10
20718,16,16,18
20719,16,16,18
20720,16,18,10
20721,16,18,10
20722,16,18,10
20723,16,18,10
20724,16,18,10
20725,16,16,18
20726,16,18,10
20727,16,18,10
20728,16,18,10
20729,16,18,10
20730,16,18,10
20731,16,18,10
20732,16,16,18
20733,16,16,18
20734,16,18,10
20735,16,18,10
20736,16,16,18
20737,16,17,6
20738,16,18,10
20739,16,18,10
20740,16,18,10
20741,16,16,18
20742,16,18,10
20743,16,18,10
20744,16,16,18
20745,16,16,18
20746,16,16,18
20747,16,16,18
20748,16,18,10
20749,16,16,18
20750,16,18,10
20751,16,18,10
20752,16,18,10
20753,16,18,10
20754,16,18,10
20755,16,17,6
20756,16,18,10
20757,16,16,18
20758,16,18,10
20759,16,5,7
20760,16,18,10
20761,16,18,10
20762,16,18,10
20763,16,13,9
20764,16,18,10
20765,16,18,10
20766,16,16,18
20767,16,18,10
20768,16,16,18
20769,16,18,10
20770,16,16,18
20771,16,18,10
20772,16,18,10
20773,16,18,10
20774,16,18,10
20775,16,18,10
20776,16,18,10
20777,16,16,18
20778,16,18,10
20779,16,16,18
20780,16,16,18
20781,16,18,10
20782,16,16,18
20783,16,11,2
20784,16,18,10
20785,16,18,10
20786,16,16,18
20787,16,16,18
20788,16,18,10
20789,16,18,10
20790,16,18,10
20791,16,18,10
20792,16,18,10
20793,16,18,10
20794,16,18,10
20795,16,18,10
20796,16,18,10
20797,16,18,10
20798,16,16,18
20799,16,18,10
20800,16,16,18
20801,16,18,10
20802,16,18,10
20803,16,16,18
20804,16,18,10
20805,16,18,10
20806,16,18,10
20807,16,18,10
20808,16,16,18
20809,16,18,10
20810,16,18,10
20811,16,18,10
20812,16,18,10
20813,16,18,10
20814,16,18,10
20815,16,16,18
20816,16,16,18
20817,16,0,4
20818,16,18,10
20819,16,18,10
20820,16,18,10
20821,16,18,10
20822,16,18,10
20823,16,18,10
20824,16,18,10
20825,16,16,18
20826,16,16,18
20827,16,18,10
20828,16,18,10
20829,16,18,10
20830,16,18,10
20831,16,16,18
20832,16,18,10
20833,16,18,10
20834,16,16,18
20835,16,18,10
20836,16,16,18
20837,16,16,18
20838,16,18,10
20839,16,18,10
20840,16,16,18
20841,16,17,6
20842,16,16,18
20843,16,18,10
20844,16,18,10
20845,16,18,10
20846,16,16,18
20847,16,18,10
20848,16,18,10
20849,16,18,10
20850,16,18,10
20851,16,13,9
20852,16,18,10
20853,16,18,10
20854,16,18,10
20855,16,18,10
20856,16,18,10
20857,16,16,18
20858,16,16,18
20859,16,18,10
20860,16,18,10
20861,16,0,4
20862,16,16,18
20863,16,16,18
20864,16,18,10
20865,16,18,10
20866,16,18,10
20867,16,18,10
20868,16,2,16
20869,16,18,10
20870,16,16,18
20871,16,18,10
20872,16,18,10
20873,16,18,10
20874,16,18,10
20875,16,18,10
20876,16,13,9
20877,16,18,10
20878,16,18,10
20879,16,18,10
20880,16,18,10
20881,16,18,10
20882,16,18,10
20883,16,16,18
20884,16,13,9
20885,16,13,9
20886,16,18,10
20887,16,16,18
20888,16,18,10
20889,16,18,10
20890,16,16,18
20891,16,18,10
20892,16,16,18
20893,16,2,16
20894,16,16,18
20895,16,18,10
20896,16,18,10
20897,16,18,10
20898,16,18,10
20899,16,18,10
20900,16,18,10
20901,16,13,9
20902,16,16,18
20903,16,18,10
20904,16,18,10
20905,16,0,4
20906,16,18,10
20907,16,0,4
20908,16,18,10
20909,16,16,18
20910,16,16,18
20911,16,18,10
20912,16,6,17
20913,16,18,10
20914,16,18,10
20915,16,16,18
20916,16,16,18
20917,16,18,10
20918,16,18,10
20919,16,18,10
20920,16,18,10
